match_id,date,league,season,competition,round,referee,team_id,team,opp_id,opp,is_home,gf,ga,poss,poss_ag,shots,shots_ag,sot,sot_ag,shots_off,shots_off_ag,shots_blocked,shots_blocked_ag,woodwork,woodwork_ag,shots_box,shots_box_ag,shots_obox,shots_obox_ag,corners,corners_ag,bigchance,bigchance_ag,bigchance_missed,bigchance_missed_ag,touches_box,touches_box_ag,fouls,fouls_ag,yellow,yellow_ag,red,red_ag,offsides,offsides_ag,tackles,tackles_ag,interceptions,interceptions_ag,blocks,blocks_ag,clearances,clearances_ag,saves,saves_ag,duels_won,duels_won_ag,ground_duels_won,ground_duels_won_ag,aerials_won,aerials_won_ag,dribbles,dribbles_ag,passes,passes_ag,passes_acc,passes_acc_ag,passes_own_half,passes_own_half_ag,passes_opp_half,passes_opp_half_ag,long_balls_acc,long_balls_acc_ag,crosses_acc,crosses_acc_ag,xg,xg_ag,xg_op,xg_op_ag,xg_sp,xg_sp_ag,xg_np,xg_np_ag,xgot,xgot_ag,z_sixyard,z_sixyard_ag,z_box_c,z_box_c_ag,z_box_w,z_box_w_ag,z_out_c,z_out_c_ag,z_out_w,z_out_w_ag,z_sixyard_xg,z_sixyard_xg_ag,z_box_c_xg,z_box_c_xg_ag,z_box_w_xg,z_box_w_xg_ag,z_out_c_xg,z_out_c_xg_ag,z_out_w_xg,z_out_w_xg_ag,s_open,s_open_ag,s_fastbreak,s_fastbreak_ag,s_corner,s_corner_ag,s_freekick,s_freekick_ag,s_penalty,s_penalty_ag,s_open_xg,s_open_xg_ag,s_fastbreak_xg,s_fastbreak_xg_ag,s_corner_xg,s_corner_xg_ag,s_freekick_xg,s_freekick_xg_ag,s_penalty_xg,s_penalty_xg_ag,shotmap_n,shotmap_n_ag,shot_dist_avg,shot_dist_avg_ag
4060530,2023-01-27,arg,2023,Liga Profesional,1,Yael Falcón Pérez,10084,Rosario Central,10086,Argentinos Juniors,1,1,0,24,76,6,18,4,7,1,6,1,5,0,0,3,12,3,6,3,3,1,2,0,2,5,37,16,13,3,2,0,1,3,3,23,8,7,8,5,1,30,5,7,3,47,56,36.0,36.0,11.0,20.0,0.0,13.0,151,492,70.0,420.0,34,185,36,235,15.0,33.0,2.0,9.0,0.54,1.78,0.34,1.58,0.2,0.2,0.54,1.78,0.88,1.4,1,0,1,10,1,2,2,5,1,1,0.1684,0.0,0.2019,1.2472,0.0549,0.2132,0.0877,0.3378,0.0225,0.0209,3,14,1,0,2,1,0,3,0,0,0.2804,1.6208,0.0549,0.0,0.2,0.0193,0.0,0.179,0.0,0.0,6,18,17.52,15.95
4060530,2023-01-27,arg,2023,Liga Profesional,1,Yael Falcón Pérez,10086,Argentinos Juniors,10084,Rosario Central,0,0,1,76,24,18,6,7,4,6,1,5,1,0,0,12,3,6,3,3,3,2,1,2,0,37,5,13,16,2,3,1,0,3,3,8,23,8,7,1,5,5,30,3,7,56,47,36.0,36.0,20.0,11.0,13.0,0.0,492,151,420.0,70.0,185,34,235,36,33.0,15.0,9.0,2.0,1.78,0.54,1.58,0.34,0.2,0.2,1.78,0.54,1.4,0.88,0,1,10,1,2,1,5,2,1,1,0.0,0.1684,1.2472,0.2019,0.2132,0.0549,0.3378,0.0877,0.0209,0.0225,14,3,0,1,1,2,3,0,0,0,1.6208,0.2804,0.0,0.0549,0.0193,0.2,0.179,0.0,0.0,0.0,18,6,15.95,17.52
4060531,2023-01-28,arg,2023,Liga Profesional,1,Fernando Espinoza,10094,Estudiantes,89396,Tigre,1,1,2,61,39,17,15,4,4,12,6,1,5,1,0,10,6,7,9,8,4,1,1,1,0,22,11,12,12,2,1,0,0,2,2,23,21,7,9,5,1,11,27,2,3,65,57,50.0,40.0,15.0,17.0,16.0,7.0,479,312,386.0,221.0,168,136,218,85,26.0,36.0,6.0,3.0,0.99,0.9,0.69,0.79,0.3,0.11,0.99,0.9,0.54,1.06,0,0,8,6,2,0,6,5,1,4,0.0,0.0,0.6286,0.7915,0.0834,0.0,0.249,0.2239,0.0313,0.0624,11,10,0,2,5,2,1,1,0,0,0.6934,0.6767,0.0,0.2926,0.2268,0.0477,0.072,0.0608,0.0,0.0,17,15,16.81,20.97
4060531,2023-01-28,arg,2023,Liga Profesional,1,Fernando Espinoza,89396,Tigre,10094,Estudiantes,0,2,1,39,61,15,17,4,4,6,12,5,1,0,1,6,10,9,7,4,8,1,1,0,1,11,22,12,12,1,2,0,0,2,2,21,23,9,7,1,5,27,11,3,2,57,65,40.0,50.0,17.0,15.0,7.0,16.0,312,479,221.0,386.0,136,168,85,218,36.0,26.0,3.0,6.0,0.9,0.99,0.79,0.69,0.11,0.3,0.9,0.99,1.06,0.54,0,0,6,8,0,2,5,6,4,1,0.0,0.0,0.7915,0.6286,0.0,0.0834,0.2239,0.249,0.0624,0.0313,10,11,2,0,2,5,1,1,0,0,0.6767,0.6934,0.2926,0.0,0.0477,0.2268,0.0608,0.072,0.0,0.0,15,17,20.97,16.81
4060532,2023-01-28,arg,2023,Liga Profesional,1,Fernando Echenique,10083,San Lorenzo,10098,Arsenal Sarandi,1,1,0,45,55,12,10,3,4,4,5,5,1,0,0,7,4,5,6,6,3,3,0,2,0,22,10,15,15,1,2,0,0,0,0,17,27,10,4,1,5,16,28,4,2,50,68,39.0,48.0,11.0,20.0,7.0,6.0,347,440,268.0,353.0,143,171,125,182,27.0,20.0,4.0,4.0,0.82,0.45,0.65,0.4,0.17,0.05,0.82,0.45,,,0,0,4,4,3,0,3,4,2,2,0.0,0.0,0.476,0.2959,0.2562,0.0,0.1094,0.1189,0.0354,0.0304,6,7,2,2,1,1,3,0,0,0,0.547,0.3036,0.161,0.0937,0.0512,0.0478,0.1179,0.0,0.0,0.0,12,10,19.1,21.02
4060532,2023-01-28,arg,2023,Liga Profesional,1,Fernando Echenique,10098,Arsenal Sarandi,10083,San Lorenzo,0,0,1,55,45,10,12,4,3,5,4,1,5,0,0,4,7,6,5,3,6,0,3,0,2,10,22,15,15,2,1,0,0,0,0,27,17,4,10,5,1,28,16,2,4,68,50,48.0,39.0,20.0,11.0,6.0,7.0,440,347,353.0,268.0,171,143,182,125,20.0,27.0,4.0,4.0,0.45,0.82,0.4,0.65,0.05,0.17,0.45,0.82,,,0,0,4,4,0,3,4,3,2,2,0.0,0.0,0.2959,0.476,0.0,0.2562,0.1189,0.1094,0.0304,0.0354,7,6,2,2,1,1,0,3,0,0,0.3036,0.547,0.0937,0.161,0.0478,0.0512,0.0,0.1179,0.0,0.0,10,12,21.02,19.1
4060536,2023-01-28,arg,2023,Liga Profesional,1,Sebastían Zunino,161730,Defensa y Justicia,10081,Huracan,1,2,4,62,38,14,15,3,9,4,3,7,3,0,0,7,11,7,4,5,7,1,3,1,1,19,26,13,11,2,2,1,0,0,3,17,31,9,12,3,7,24,25,5,1,65,70,45.0,48.0,20.0,22.0,17.0,4.0,429,253,346.0,175.0,163,80,183,95,25.0,27.0,3.0,8.0,0.76,1.63,0.74,0.85,0.02,0.79,0.76,1.63,0.9,2.16,0,2,3,9,4,0,3,1,4,3,0.0,0.6251,0.2911,0.8716,0.2422,0.0,0.1104,0.0533,0.1211,0.1015,12,8,1,1,1,3,0,3,0,0,0.6218,0.7992,0.1184,0.0465,0.0246,0.3777,0.0,0.4281,0.0,0.0,14,15,20.43,15.91
4060536,2023-01-28,arg,2023,Liga Profesional,1,Sebastían Zunino,10081,Huracan,161730,Defensa y Justicia,0,4,2,38,62,15,14,9,3,3,4,3,7,0,0,11,7,4,7,7,5,3,1,1,1,26,19,11,13,2,2,0,1,3,0,31,17,12,9,7,3,25,24,1,5,70,65,48.0,45.0,22.0,20.0,4.0,17.0,253,429,175.0,346.0,80,163,95,183,27.0,25.0,8.0,3.0,1.63,0.76,0.85,0.74,0.79,0.02,1.63,0.76,2.16,0.9,2,0,9,3,0,4,1,3,3,4,0.6251,0.0,0.8716,0.2911,0.0,0.2422,0.0533,0.1104,0.1015,0.1211,8,12,1,1,3,1,3,0,0,0,0.7992,0.6218,0.0465,0.1184,0.3777,0.0246,0.4281,0.0,0.0,0.0,15,14,15.91,20.43
4060539,2023-01-28,arg,2023,Liga Profesional,1,Hernán Mastrángelo,10101,Talleres,10078,Independiente,1,0,1,61,39,7,11,1,2,3,5,3,4,0,1,2,5,5,6,2,2,1,1,1,1,10,14,15,21,4,3,1,1,3,0,9,17,8,2,4,3,12,20,2,1,54,53,34.0,37.0,20.0,16.0,6.0,5.0,414,274,325.0,175.0,189,86,136,89,27.0,17.0,5.0,1.0,0.57,0.77,0.43,0.69,0.14,0.09,0.57,0.77,0.51,0.32,1,0,1,3,0,2,3,3,2,3,0.2204,0.0,0.1611,0.4414,0.0,0.0722,0.1165,0.1955,0.0765,0.0633,3,8,0,0,0,2,4,1,0,0,0.4312,0.6873,0.0,0.0,0.0,0.0484,0.1432,0.0367,0.0,0.0,7,11,19.4,20.33
4060539,2023-01-28,arg,2023,Liga Profesional,1,Hernán Mastrángelo,10078,Independiente,10101,Talleres,0,1,0,39,61,11,7,2,1,5,3,4,3,1,0,5,2,6,5,2,2,1,1,1,1,14,10,21,15,3,4,1,1,0,3,17,9,2,8,3,4,20,12,1,2,53,54,37.0,34.0,16.0,20.0,5.0,6.0,274,414,175.0,325.0,86,189,89,136,17.0,27.0,1.0,5.0,0.77,0.57,0.69,0.43,0.09,0.14,0.77,0.57,0.32,0.51,0,1,3,1,2,0,3,3,3,2,0.0,0.2204,0.4414,0.1611,0.0722,0.0,0.1955,0.1165,0.0633,0.0765,8,3,0,0,2,0,1,4,0,0,0.6873,0.4312,0.0,0.0,0.0484,0.0,0.0367,0.1432,0.0,0.0,11,7,20.33,19.4
4060528,2023-01-29,arg,2023,Liga Profesional,1,Facundo Raúl Tello Figueroa,213596,Central Cordoba de Santiago,10076,River Plate,1,0,2,35,65,10,21,4,6,3,10,3,5,0,4,3,13,7,8,6,6,0,2,0,2,9,28,12,15,0,2,0,0,4,3,15,13,11,11,5,3,26,24,4,4,49,49,32.0,28.0,17.0,21.0,2.0,3.0,276,517,182.0,431.0,97,205,85,226,23.0,28.0,4.0,7.0,0.34,1.84,0.31,1.56,0.03,0.29,0.34,1.84,,,0,2,3,8,0,3,4,5,3,3,0.0,0.9204,0.159,0.8047,0.0,0.1156,0.1278,0.1223,0.0526,0.0717,8,16,0,0,1,3,1,2,0,0,0.3096,1.7483,0.0,0.0,0.0166,0.2035,0.0133,0.0829,0.0,0.0,10,21,23.23,17.9
4060528,2023-01-29,arg,2023,Liga Profesional,1,Facundo Raúl Tello Figueroa,10076,River Plate,213596,Central Cordoba de Santiago,0,2,0,65,35,21,10,6,4,10,3,5,3,4,0,13,3,8,7,6,6,2,0,2,0,28,9,15,12,2,0,0,0,3,4,13,15,11,11,3,5,24,26,4,4,49,49,28.0,32.0,21.0,17.0,3.0,2.0,517,276,431.0,182.0,205,97,226,85,28.0,23.0,7.0,4.0,1.84,0.34,1.56,0.31,0.29,0.03,1.84,0.34,,,2,0,8,3,3,0,5,4,3,3,0.9204,0.0,0.8047,0.159,0.1156,0.0,0.1223,0.1278,0.0717,0.0526,16,8,0,0,3,1,2,1,0,0,1.7483,0.3096,0.0,0.0,0.2035,0.0166,0.0829,0.0133,0.0,0.0,21,10,17.9,23.23
4060529,2023-01-29,arg,2023,Liga Profesional,1,Darío Herrera,10080,Racing Club,10092,Belgrano,1,0,0,70,30,14,7,2,1,8,4,4,2,1,0,5,3,9,4,7,3,1,0,1,0,22,11,3,15,1,3,0,0,9,1,20,22,3,7,2,4,10,22,1,2,49,41,44.0,28.0,5.0,13.0,10.0,4.0,610,253,531.0,171.0,209,76,322,95,26.0,27.0,8.0,2.0,0.64,0.61,0.39,0.48,0.25,0.13,0.64,0.61,0.71,0.23,0,0,1,2,4,1,8,4,1,0,0.0,0.0,0.0348,0.2014,0.1643,0.2141,0.4031,0.1895,0.0331,0.0,6,3,1,2,4,2,3,0,0,0,0.2561,0.3557,0.1301,0.1232,0.1218,0.1262,0.1273,0.0,0.0,0.0,14,7,21.06,21.91
4060529,2023-01-29,arg,2023,Liga Profesional,1,Darío Herrera,10092,Belgrano,10080,Racing Club,0,0,0,30,70,7,14,1,2,4,8,2,4,0,1,3,5,4,9,3,7,0,1,0,1,11,22,15,3,3,1,0,0,1,9,22,20,7,3,4,2,22,10,2,1,41,49,28.0,44.0,13.0,5.0,4.0,10.0,253,610,171.0,531.0,76,209,95,322,27.0,26.0,2.0,8.0,0.61,0.64,0.48,0.39,0.13,0.25,0.61,0.64,0.23,0.71,0,0,2,1,1,4,4,8,0,1,0.0,0.0,0.2014,0.0348,0.2141,0.1643,0.1895,0.4031,0.0,0.0331,3,6,2,1,2,4,0,3,0,0,0.3557,0.2561,0.1232,0.1301,0.1262,0.1218,0.0,0.1273,0.0,0.0,7,14,21.91,21.06
4060533,2023-01-29,arg,2023,Liga Profesional,1,Pablo Dóvalo,10088,Colon,10082,Lanus,1,1,2,60,40,11,14,1,4,9,6,1,4,0,1,6,7,5,7,5,2,0,3,0,1,23,11,13,15,2,1,0,0,0,1,26,24,11,14,4,1,9,35,2,0,71,66,47.0,44.0,24.0,22.0,6.0,7.0,421,285,311.0,190.0,130,95,181,95,32.0,30.0,9.0,3.0,0.62,1.67,0.3,1.61,0.32,0.06,0.62,1.67,0.42,2.13,0,1,6,6,0,0,5,5,0,2,0.0,0.8942,0.4803,0.4202,0.0,0.0,0.142,0.3108,0.0,0.0438,6,11,0,1,1,1,4,1,0,0,0.3042,1.5748,0.0,0.0373,0.0582,0.0227,0.26,0.0341,0.0,0.0,11,14,19.14,17.85
4060533,2023-01-29,arg,2023,Liga Profesional,1,Pablo Dóvalo,10082,Lanus,10088,Colon,0,2,1,40,60,14,11,4,1,6,9,4,1,1,0,7,6,7,5,2,5,3,0,1,0,11,23,15,13,1,2,0,0,1,0,24,26,14,11,1,4,35,9,0,2,66,71,44.0,47.0,22.0,24.0,7.0,6.0,285,421,190.0,311.0,95,130,95,181,30.0,32.0,3.0,9.0,1.67,0.62,1.61,0.3,0.06,0.32,1.67,0.62,2.13,0.42,1,0,6,6,0,0,5,5,2,0,0.8942,0.0,0.4202,0.4803,0.0,0.0,0.3108,0.142,0.0438,0.0,11,6,1,0,1,1,1,4,0,0,1.5748,0.3042,0.0373,0.0,0.0227,0.0582,0.0341,0.26,0.0,0.0,14,11,17.85,19.14
4060538,2023-01-29,arg,2023,Liga Profesional,1,Nicolás Ramírez,10089,Club Atletico Platense,10201,Newell's Old Boys,1,2,2,49,51,9,10,3,8,3,2,3,0,0,0,6,4,3,6,1,3,2,3,0,1,18,11,16,11,2,1,0,0,2,1,32,16,9,4,0,3,14,16,6,1,78,48,53.0,36.0,25.0,12.0,10.0,6.0,286,305,187.0,223.0,88,160,99,63,23.0,15.0,3.0,1.0,1.12,1.88,0.96,1.04,0.15,0.06,1.12,1.1,,,1,0,3,3,2,1,2,1,1,5,0.5753,0.0,0.2113,1.7187,0.237,0.0343,0.0586,0.0148,0.0343,0.119,7,7,0,0,2,1,0,1,0,1,0.9622,1.0409,0.0,0.0,0.1544,0.0191,0.0,0.0383,0.0,0.7884,9,10,16.69,26.53
4060538,2023-01-29,arg,2023,Liga Profesional,1,Nicolás Ramírez,10201,Newell's Old Boys,10089,Club Atletico Platense,0,2,2,51,49,10,9,8,3,2,3,0,3,0,0,4,6,6,3,3,1,3,2,1,0,11,18,11,16,1,2,0,0,1,2,16,32,4,9,3,0,16,14,1,6,48,78,36.0,53.0,12.0,25.0,6.0,10.0,305,286,223.0,187.0,160,88,63,99,15.0,23.0,1.0,3.0,1.88,1.12,1.04,0.96,0.06,0.15,1.1,1.12,,,0,1,3,3,1,2,1,2,5,1,0.0,0.5753,1.7187,0.2113,0.0343,0.237,0.0148,0.0586,0.119,0.0343,7,7,0,0,1,2,1,0,1,0,1.0409,0.9622,0.0,0.0,0.0191,0.1544,0.0383,0.0,0.7884,0.0,10,9,26.53,16.69
4067712,2023-01-29,arg,2023,Liga Profesional,1,Andrés Merlos,10090,Instituto,202757,Sarmiento,1,0,0,66,34,18,5,2,3,7,2,9,0,0,0,5,3,13,2,6,3,0,0,0,0,24,19,10,10,2,1,0,0,0,2,17,21,6,8,0,9,28,41,3,2,49,63,31.0,36.0,18.0,27.0,4.0,5.0,464,235,364.0,140.0,159,50,205,90,26.0,28.0,4.0,4.0,0.7,0.19,0.46,0.06,0.24,0.13,0.7,0.19,0.44,0.12,0,1,5,1,0,1,6,0,7,2,0.0,0.0539,0.3495,0.0287,0.0,0.04,0.1852,0.0,0.1606,0.0714,11,2,0,0,5,1,2,2,0,0,0.4578,0.063,0.0,0.0,0.1712,0.0539,0.0663,0.0771,0.0,0.0,18,5,22.12,18.61
4067712,2023-01-29,arg,2023,Liga Profesional,1,Andrés Merlos,202757,Sarmiento,10090,Instituto,0,0,0,34,66,5,18,3,2,2,7,0,9,0,0,3,5,2,13,3,6,0,0,0,0,19,24,10,10,1,2,0,0,2,0,21,17,8,6,9,0,41,28,2,3,63,49,36.0,31.0,27.0,18.0,5.0,4.0,235,464,140.0,364.0,50,159,90,205,28.0,26.0,4.0,4.0,0.19,0.7,0.06,0.46,0.13,0.24,0.19,0.7,0.12,0.44,1,0,1,5,1,0,0,6,2,7,0.0539,0.0,0.0287,0.3495,0.04,0.0,0.0,0.1852,0.0714,0.1606,2,11,0,0,1,5,2,2,0,0,0.063,0.4578,0.0,0.0,0.0539,0.1712,0.0771,0.0663,0.0,0.0,5,18,18.61,22.12
4060534,2023-01-30,arg,2023,Liga Profesional,1,Pablo Echavarría,213534,Barracas Central,10227,Godoy Cruz,1,0,1,51,49,6,13,0,5,5,3,1,5,1,0,4,8,2,5,2,7,1,2,1,1,9,21,11,11,1,0,1,0,1,1,33,31,6,19,5,1,26,24,4,0,64,75,48.0,49.0,16.0,26.0,4.0,10.0,326,320,211.0,212.0,109,82,102,130,19.0,35.0,4.0,4.0,0.39,1.15,0.16,0.18,0.23,0.97,0.39,1.15,0.0,1.59,0,1,4,3,0,4,1,4,1,1,0.0,0.5945,0.3217,0.1469,0.0,0.1818,0.0318,0.2045,0.0397,0.0249,4,4,0,0,1,4,1,5,0,0,0.161,0.112,0.0,0.0,0.0426,0.7306,0.1897,0.3101,0.0,0.0,6,13,18.01,19.3
4060534,2023-01-30,arg,2023,Liga Profesional,1,Pablo Echavarría,10227,Godoy Cruz,213534,Barracas Central,0,1,0,49,51,13,6,5,0,3,5,5,1,0,1,8,4,5,2,7,2,2,1,1,1,21,9,11,11,0,1,0,1,1,1,31,33,19,6,1,5,24,26,0,4,75,64,49.0,48.0,26.0,16.0,10.0,4.0,320,326,212.0,211.0,82,109,130,102,35.0,19.0,4.0,4.0,1.15,0.39,0.18,0.16,0.97,0.23,1.15,0.39,1.59,0.0,1,0,3,4,4,0,4,1,1,1,0.5945,0.0,0.1469,0.3217,0.1818,0.0,0.2045,0.0318,0.0249,0.0397,4,4,0,0,4,1,5,1,0,0,0.112,0.161,0.0,0.0,0.7306,0.0426,0.3101,0.1897,0.0,0.0,13,6,19.3,18.01
4060535,2023-01-30,arg,2023,Liga Profesional,1,Silvio Trucco,10087,Banfield,10096,Union,1,0,0,43,57,15,16,3,5,9,6,3,5,0,0,10,10,5,6,6,5,1,2,1,2,17,26,11,12,3,2,1,0,2,1,24,20,14,5,4,3,36,15,5,3,65,58,44.0,35.0,21.0,23.0,8.0,6.0,322,436,218.0,309.0,118,199,100,110,31.0,24.0,10.0,7.0,0.8,1.25,0.47,1.0,0.33,0.25,0.8,1.25,0.73,0.84,4,0,1,9,5,2,4,5,2,0,0.3877,0.0,0.0353,0.9267,0.2555,0.1084,0.0668,0.2124,0.0578,0.0,10,10,1,1,5,3,0,2,0,0,0.3601,0.84,0.1102,0.1553,0.3327,0.1525,0.0,0.0997,0.0,0.0,16,16,19.63,17.47
4060535,2023-01-30,arg,2023,Liga Profesional,1,Silvio Trucco,10096,Union,10087,Banfield,0,0,0,57,43,16,15,5,3,6,9,5,3,0,0,10,10,6,5,5,6,2,1,2,1,26,17,12,11,2,3,0,1,1,2,20,24,5,14,3,4,15,36,3,5,58,65,35.0,44.0,23.0,21.0,6.0,8.0,436,322,309.0,218.0,199,118,110,100,24.0,31.0,7.0,10.0,1.25,0.8,1.0,0.47,0.25,0.33,1.25,0.8,0.84,0.73,0,4,9,1,2,5,5,4,0,2,0.0,0.3877,0.9267,0.0353,0.1084,0.2555,0.2124,0.0668,0.0,0.0578,10,10,1,1,3,5,2,0,0,0,0.84,0.3601,0.1553,0.1102,0.1525,0.3327,0.0997,0.0,0.0,0.0,16,16,17.47,19.63
4060537,2023-01-30,arg,2023,Liga Profesional,1,Leandro Rey Hilfer,10079,Velez Sarsfield,10103,Gimnasia LP,1,3,1,44,56,9,12,6,3,1,3,2,6,1,0,7,6,2,6,5,9,2,2,2,1,15,12,16,16,0,2,0,0,5,0,36,26,14,7,6,2,34,12,2,3,85,72,58.0,53.0,27.0,19.0,7.0,11.0,257,323,146.0,192.0,82,91,64,101,18.0,22.0,2.0,3.0,1.03,1.48,0.76,0.66,0.26,0.82,1.03,1.48,2.32,0.85,2,1,4,3,1,2,1,3,1,3,0.3844,0.7708,0.6504,0.4994,0.0541,0.1044,0.0205,0.0609,0.0271,0.0413,3,8,2,0,3,4,1,0,0,0,0.1711,0.6571,0.7033,0.0,0.2417,0.8196,0.0205,0.0,0.0,0.0,9,12,14.48,20.79
4060537,2023-01-30,arg,2023,Liga Profesional,1,Leandro Rey Hilfer,10103,Gimnasia LP,10079,Velez Sarsfield,0,1,3,56,44,12,9,3,6,3,1,6,2,0,1,6,7,6,2,9,5,2,2,1,2,12,15,16,16,2,0,0,0,0,5,26,36,7,14,2,6,12,34,3,2,72,85,53.0,58.0,19.0,27.0,11.0,7.0,323,257,192.0,146.0,91,82,101,64,22.0,18.0,3.0,2.0,1.48,1.03,0.66,0.76,0.82,0.26,1.48,1.03,0.85,2.32,1,2,3,4,2,1,3,1,3,1,0.7708,0.3844,0.4994,0.6504,0.1044,0.0541,0.0609,0.0205,0.0413,0.0271,8,3,0,2,4,3,0,1,0,0,0.6571,0.1711,0.0,0.7033,0.8196,0.2417,0.0,0.0205,0.0,0.0,12,9,20.79,14.48
4060540,2023-01-30,arg,2023,Liga Profesional,1,Jorge Ignacio Baliño,10077,Boca Juniors,161727,Atletico Tucuman,1,1,0,60,40,19,13,4,2,10,6,5,5,1,0,7,8,12,5,5,5,2,4,1,4,22,31,13,24,1,4,0,0,1,3,19,19,6,2,6,5,14,14,1,3,70,52,59.0,36.0,11.0,16.0,16.0,5.0,460,296,382.0,200.0,205,93,177,107,48.0,17.0,4.0,4.0,1.22,1.79,1.05,0.83,0.17,0.96,1.22,1.79,1.16,0.56,1,1,3,6,3,1,7,4,5,1,0.1646,0.3125,0.5401,1.2705,0.0939,0.0532,0.1881,0.134,0.235,0.0172,13,9,1,0,1,3,4,1,0,0,0.9951,0.8261,0.0522,0.0,0.0314,0.9027,0.143,0.0585,0.0,0.0,19,13,22.93,16.5
4060540,2023-01-30,arg,2023,Liga Profesional,1,Jorge Ignacio Baliño,161727,Atletico Tucuman,10077,Boca Juniors,0,0,1,40,60,13,19,2,4,6,10,5,5,0,1,8,7,5,12,5,5,4,2,4,1,31,22,24,13,4,1,0,0,3,1,19,19,2,6,5,6,14,14,3,1,52,70,36.0,59.0,16.0,11.0,5.0,16.0,296,460,200.0,382.0,93,205,107,177,17.0,48.0,4.0,4.0,1.79,1.22,0.83,1.05,0.96,0.17,1.79,1.22,0.56,1.16,1,1,6,3,1,3,4,7,1,5,0.3125,0.1646,1.2705,0.5401,0.0532,0.0939,0.134,0.1881,0.0172,0.235,9,13,0,1,3,1,1,4,0,0,0.8261,0.9951,0.0,0.0522,0.9027,0.0314,0.0585,0.143,0.0,0.0,13,19,16.5,22.93
4086962,2023-02-03,arg,2023,Liga Profesional,2,Fernando Espinoza,10201,Newell's Old Boys,10079,Velez Sarsfield,1,1,0,53,47,2,2,1,0,1,2,0,0,0,0,2,2,0,0,1,2,1,1,0,1,7,5,11,14,3,2,0,0,1,0,16,20,6,7,0,0,15,19,0,0,53,53,36.0,41.0,17.0,12.0,6.0,10.0,410,368,324.0,277.0,200,165,124,112,28.0,30.0,1.0,1.0,0.5,0.19,0.0,0.14,0.5,0.06,0.5,0.19,,,1,0,1,2,0,0,0,0,0,0,0.4592,0.0,0.0383,0.1931,0.0,0.0,0.0,0.0,0.0,0.0,0,1,0,0,0,0,2,1,0,0,0.0,0.1367,0.0,0.0,0.0,0.0,0.4975,0.0564,0.0,0.0,2,2,7.51,9.98
4086962,2023-02-03,arg,2023,Liga Profesional,2,Fernando Espinoza,10079,Velez Sarsfield,10201,Newell's Old Boys,0,0,1,47,53,2,2,0,1,2,1,0,0,0,0,2,2,0,0,2,1,1,1,1,0,5,7,14,11,2,3,0,0,0,1,20,16,7,6,0,0,19,15,0,0,53,53,41.0,36.0,12.0,17.0,10.0,6.0,368,410,277.0,324.0,165,200,112,124,30.0,28.0,1.0,1.0,0.19,0.5,0.14,0.0,0.06,0.5,0.19,0.5,,,0,1,2,1,0,0,0,0,0,0,0.0,0.4592,0.1931,0.0383,0.0,0.0,0.0,0.0,0.0,0.0,1,0,0,0,0,0,1,2,0,0,0.1367,0.0,0.0,0.0,0.0,0.0,0.0564,0.4975,0.0,0.0,2,2,9.98,7.51
4086970,2023-02-03,arg,2023,Liga Profesional,2,Hernán Mastrángelo,89396,Tigre,10084,Rosario Central,1,2,2,54,46,22,11,12,7,6,3,4,1,0,0,9,6,13,5,10,4,1,1,0,0,20,17,12,6,3,1,0,0,2,2,19,22,9,13,1,3,34,19,5,10,61,65,38.0,45.0,23.0,20.0,13.0,11.0,387,310,300.0,217.0,149,97,151,120,28.0,28.0,5.0,8.0,1.13,0.8,0.59,0.21,0.53,0.59,1.13,0.8,,,1,0,4,6,4,0,6,1,7,4,0.2784,0.0,0.3246,0.6491,0.1603,0.0,0.1741,0.0226,0.1988,0.1317,14,6,0,0,4,2,4,3,0,0,0.5939,0.212,0.0,0.0,0.1545,0.1051,0.3879,0.4864,0.0,0.0,22,11,20.8,17.19
4086970,2023-02-03,arg,2023,Liga Profesional,2,Hernán Mastrángelo,10084,Rosario Central,89396,Tigre,0,2,2,46,54,11,22,7,12,3,6,1,4,0,0,6,9,5,13,4,10,1,1,0,0,17,20,6,12,1,3,0,0,2,2,22,19,13,9,3,1,19,34,10,5,65,61,45.0,38.0,20.0,23.0,11.0,13.0,310,387,217.0,300.0,97,149,120,151,28.0,28.0,8.0,5.0,0.8,1.13,0.21,0.59,0.59,0.53,0.8,1.13,,,0,1,6,4,0,4,1,6,4,7,0.0,0.2784,0.6491,0.3246,0.0,0.1603,0.0226,0.1741,0.1317,0.1988,6,14,0,0,2,4,3,4,0,0,0.212,0.5939,0.0,0.0,0.1051,0.1545,0.4864,0.3879,0.0,0.0,11,22,17.19,20.8
4086958,2023-02-04,arg,2023,Liga Profesional,2,Yael Falcón Pérez,10092,Belgrano,10076,River Plate,1,2,1,34,66,3,15,2,4,1,8,0,3,0,0,3,7,0,8,1,8,2,0,0,0,6,21,13,17,1,3,0,0,0,2,22,16,13,5,3,0,23,8,3,0,61,52,44.0,36.0,17.0,16.0,5.0,8.0,252,515,172.0,431.0,86,222,86,209,30.0,19.0,2.0,7.0,0.85,1.05,0.73,0.92,0.11,0.13,0.85,1.05,1.26,1.07,0,0,2,6,1,1,0,5,0,3,0.0,0.0,0.7337,0.6661,0.1115,0.0369,0.0,0.2822,0.0,0.0673,2,12,0,0,0,2,1,1,0,0,0.7337,0.9183,0.0,0.0,0.0,0.1043,0.1115,0.0298,0.0,0.0,3,15,10.93,18.94
4086958,2023-02-04,arg,2023,Liga Profesional,2,Yael Falcón Pérez,10076,River Plate,10092,Belgrano,0,1,2,66,34,15,3,4,2,8,1,3,0,0,0,7,3,8,0,8,1,0,2,0,0,21,6,17,13,3,1,0,0,2,0,16,22,5,13,0,3,8,23,0,3,52,61,36.0,44.0,16.0,17.0,8.0,5.0,515,252,431.0,172.0,222,86,209,86,19.0,30.0,7.0,2.0,1.05,0.85,0.92,0.73,0.13,0.11,1.05,0.85,1.07,1.26,0,0,6,2,1,1,5,0,3,0,0.0,0.0,0.6661,0.7337,0.0369,0.1115,0.2822,0.0,0.0673,0.0,12,2,0,0,2,0,1,1,0,0,0.9183,0.7337,0.0,0.0,0.1043,0.0,0.0298,0.1115,0.0,0.0,15,3,18.94,10.93
4086966,2023-02-04,arg,2023,Liga Profesional,2,Pablo Dóvalo,202757,Sarmiento,213534,Barracas Central,1,3,5,42,58,7,20,3,11,2,5,2,4,0,0,6,9,1,11,4,5,3,3,0,0,10,25,19,8,4,3,1,0,1,0,31,16,9,5,4,2,13,19,6,0,57,75,42.0,53.0,15.0,22.0,4.0,20.0,264,391,173.0,297.0,100,83,73,214,26.0,22.0,2.0,3.0,2.17,2.37,0.45,0.55,0.14,0.24,0.6,0.8,2.4,3.74,1,0,5,5,0,4,1,4,0,7,0.3755,0.0,1.7728,1.8878,0.0,0.2057,0.0248,0.11,0.0,0.1697,1,11,1,0,1,2,2,5,2,2,0.3755,0.553,0.0785,0.0,0.0248,0.0432,0.1175,0.2002,1.5768,1.5768,7,20,12.56,23.36
4086966,2023-02-04,arg,2023,Liga Profesional,2,Pablo Dóvalo,213534,Barracas Central,202757,Sarmiento,0,5,3,58,42,20,7,11,3,5,2,4,2,0,0,9,6,11,1,5,4,3,3,0,0,25,10,8,19,3,4,0,1,0,1,16,31,5,9,2,4,19,13,0,6,75,57,53.0,42.0,22.0,15.0,20.0,4.0,391,264,297.0,173.0,83,100,214,73,22.0,26.0,3.0,2.0,2.37,2.17,0.55,0.45,0.24,0.14,0.8,0.6,3.74,2.4,0,1,5,5,4,0,4,1,7,0,0.0,0.3755,1.8878,1.7728,0.2057,0.0,0.11,0.0248,0.1697,0.0,11,1,0,1,2,1,5,2,2,2,0.553,0.3755,0.0,0.0785,0.0432,0.0248,0.2002,0.1175,1.5768,1.5768,20,7,23.36,12.56
4086969,2023-02-04,arg,2023,Liga Profesional,2,Leandro Rey Hilfer,10098,Arsenal Sarandi,10094,Estudiantes,1,1,1,45,55,10,21,2,7,8,12,0,2,0,0,4,12,6,9,5,10,0,1,0,1,16,31,9,13,2,2,0,0,2,1,16,15,14,9,2,0,30,14,6,1,53,54,36.0,31.0,17.0,23.0,8.0,7.0,341,419,241.0,302.0,121,133,120,169,22.0,44.0,5.0,11.0,0.71,1.53,0.56,1.04,0.15,0.49,0.71,1.53,,,1,1,2,9,1,2,3,5,3,4,0.2701,0.0728,0.1991,1.0456,0.0564,0.1226,0.0623,0.1832,0.12,0.1085,7,15,1,0,2,5,0,1,0,0,0.491,1.0413,0.0644,0.0,0.1525,0.4581,0.0,0.0334,0.0,0.0,10,21,21.53,18.02
4086969,2023-02-04,arg,2023,Liga Profesional,2,Leandro Rey Hilfer,10094,Estudiantes,10098,Arsenal Sarandi,0,1,1,55,45,21,10,7,2,12,8,2,0,0,0,12,4,9,6,10,5,1,0,1,0,31,16,13,9,2,2,0,0,1,2,15,16,9,14,0,2,14,30,1,6,54,53,31.0,36.0,23.0,17.0,7.0,8.0,419,341,302.0,241.0,133,121,169,120,44.0,22.0,11.0,5.0,1.53,0.71,1.04,0.56,0.49,0.15,1.53,0.71,,,1,1,9,2,2,1,5,3,4,3,0.0728,0.2701,1.0456,0.1991,0.1226,0.0564,0.1832,0.0623,0.1085,0.12,15,7,0,1,5,2,1,0,0,0,1.0413,0.491,0.0,0.0644,0.4581,0.1525,0.0334,0.0,0.0,0.0,21,10,18.02,21.53
4086945,2023-02-05,arg,2023,Liga Profesional,2,Andrés Merlos,10077,Boca Juniors,213596,Central Cordoba de Santiago,1,0,0,72,28,12,11,3,3,8,2,1,6,0,0,7,3,5,8,3,4,1,1,1,1,19,8,6,13,3,2,0,0,0,4,10,20,8,9,6,0,14,22,3,3,47,39,36.0,29.0,11.0,10.0,13.0,4.0,584,214,503.0,131.0,227,55,276,76,40.0,15.0,6.0,3.0,0.72,1.19,0.64,0.28,0.08,0.12,0.72,0.4,0.64,1.24,0,0,3,3,4,0,2,3,3,5,0.0,0.0,0.2222,0.9057,0.2923,0.0,0.1038,0.1347,0.1025,0.1526,10,6,0,0,0,1,2,3,0,1,0.6429,0.2839,0.0,0.0,0.0,0.0182,0.078,0.1025,0.0,0.7884,12,11,18.58,22.91
4086945,2023-02-05,arg,2023,Liga Profesional,2,Andrés Merlos,213596,Central Cordoba de Santiago,10077,Boca Juniors,0,0,0,28,72,11,12,3,3,2,8,6,1,0,0,3,7,8,5,4,3,1,1,1,1,8,19,13,6,2,3,0,0,4,0,20,10,9,8,0,6,22,14,3,3,39,47,29.0,36.0,10.0,11.0,4.0,13.0,214,584,131.0,503.0,55,227,76,276,15.0,40.0,3.0,6.0,1.19,0.72,0.28,0.64,0.12,0.08,0.4,0.72,1.24,0.64,0,0,3,3,0,4,3,2,5,3,0.0,0.0,0.9057,0.2222,0.0,0.2923,0.1347,0.1038,0.1526,0.1025,6,10,0,0,1,0,3,2,1,0,0.2839,0.6429,0.0,0.0,0.0182,0.0,0.1025,0.078,0.7884,0.0,11,12,22.91,18.58
4086959,2023-02-05,arg,2023,Liga Profesional,2,Fernando Echenique,10086,Argentinos Juniors,10080,Racing Club,1,1,0,55,45,18,5,6,1,7,4,5,0,0,0,11,4,7,1,2,2,3,2,3,2,37,10,18,18,2,3,1,1,0,1,15,23,19,10,0,6,7,18,1,4,60,65,42.0,45.0,18.0,20.0,11.0,6.0,416,352,326.0,243.0,124,150,202,93,36.0,30.0,9.0,2.0,1.81,0.45,1.55,0.39,0.25,0.06,1.81,0.45,1.29,0.24,1,0,8,2,2,2,4,1,3,0,0.5386,0.0,0.8669,0.0866,0.1479,0.3348,0.1718,0.0292,0.0824,0.0,12,3,1,0,1,0,4,2,0,0,1.4853,0.389,0.0693,0.0,0.0318,0.0,0.2213,0.0615,0.0,0.0,18,5,17.33,18.06
4086959,2023-02-05,arg,2023,Liga Profesional,2,Fernando Echenique,10080,Racing Club,10086,Argentinos Juniors,0,0,1,45,55,5,18,1,6,4,7,0,5,0,0,4,11,1,7,2,2,2,3,2,3,10,37,18,18,3,2,1,1,1,0,23,15,10,19,6,0,18,7,4,1,65,60,45.0,42.0,20.0,18.0,6.0,11.0,352,416,243.0,326.0,150,124,93,202,30.0,36.0,2.0,9.0,0.45,1.81,0.39,1.55,0.06,0.25,0.45,1.81,0.24,1.29,0,1,2,8,2,2,1,4,0,3,0.0,0.5386,0.0866,0.8669,0.3348,0.1479,0.0292,0.1718,0.0,0.0824,3,12,0,1,0,1,2,4,0,0,0.389,1.4853,0.0,0.0693,0.0,0.0318,0.0615,0.2213,0.0,0.0,5,18,18.06,17.33
4086961,2023-02-05,arg,2023,Liga Profesional,2,Darío Herrera,10078,Independiente,10089,Club Atletico Platense,1,1,2,69,31,15,8,2,3,8,3,5,2,1,0,9,3,6,5,8,1,1,1,0,0,24,9,17,18,0,4,1,0,3,0,13,17,6,13,2,5,10,38,1,1,63,61,46.0,38.0,17.0,23.0,16.0,5.0,488,230,383.0,128.0,176,52,207,76,18.0,20.0,9.0,0.0,1.5,0.61,0.5,0.58,0.22,0.04,0.72,0.61,1.0,1.17,0,1,7,2,2,0,2,4,4,1,0.0,0.1471,1.1702,0.3577,0.1147,0.0,0.0546,0.0923,0.1653,0.0164,9,7,0,0,3,0,2,1,1,0,0.4972,0.5755,0.0,0.0,0.1402,0.0,0.079,0.0379,0.7884,0.0,15,8,17.94,26.68
4086961,2023-02-05,arg,2023,Liga Profesional,2,Darío Herrera,10089,Club Atletico Platense,10078,Independiente,0,2,1,31,69,8,15,3,2,3,8,2,5,0,1,3,9,5,6,1,8,1,1,0,0,9,24,18,17,4,0,0,1,0,3,17,13,13,6,5,2,38,10,1,1,61,63,38.0,46.0,23.0,17.0,5.0,16.0,230,488,128.0,383.0,52,176,76,207,20.0,18.0,0.0,9.0,0.61,1.5,0.58,0.5,0.04,0.22,0.61,0.72,1.17,1.0,1,0,2,7,0,2,4,2,1,4,0.1471,0.0,0.3577,1.1702,0.0,0.1147,0.0923,0.0546,0.0164,0.1653,7,9,0,0,0,3,1,2,0,1,0.5755,0.4972,0.0,0.0,0.0,0.1402,0.0379,0.079,0.0,0.7884,8,15,26.68,17.94
4086968,2023-02-05,arg,2023,Liga Profesional,2,Facundo Raúl Tello Figueroa,10082,Lanus,10083,San Lorenzo,1,2,1,49,51,9,24,6,3,2,14,1,7,0,0,4,14,5,10,1,7,1,1,0,0,12,38,14,14,2,4,2,0,1,0,21,19,10,7,6,1,31,10,2,4,71,64,46.0,49.0,25.0,15.0,12.0,16.0,421,403,336.0,330.0,173,125,163,205,28.0,20.0,2.0,11.0,1.06,1.69,0.21,1.07,0.06,0.62,0.27,1.69,1.52,1.23,0,2,4,10,0,2,4,3,1,7,0.0,0.5317,0.8949,0.7947,0.0,0.0787,0.1477,0.1047,0.0162,0.1794,7,15,0,0,1,4,0,5,1,0,0.2134,1.0659,0.0,0.0,0.057,0.1998,0.0,0.4235,0.7884,0.0,9,24,19.95,17.59
4086968,2023-02-05,arg,2023,Liga Profesional,2,Facundo Raúl Tello Figueroa,10083,San Lorenzo,10082,Lanus,0,1,2,51,49,24,9,3,6,14,2,7,1,0,0,14,4,10,5,7,1,1,1,0,0,38,12,14,14,4,2,0,2,0,1,19,21,7,10,1,6,10,31,4,2,64,71,49.0,46.0,15.0,25.0,16.0,12.0,403,421,330.0,336.0,125,173,205,163,20.0,28.0,11.0,2.0,1.69,1.06,1.07,0.21,0.62,0.06,1.69,0.27,1.23,1.52,2,0,10,4,2,0,3,4,7,1,0.5317,0.0,0.7947,0.8949,0.0787,0.0,0.1047,0.1477,0.1794,0.0162,15,7,0,0,4,1,5,0,0,1,1.0659,0.2134,0.0,0.0,0.1998,0.057,0.4235,0.0,0.0,0.7884,24,9,17.59,19.95
4086960,2023-02-06,arg,2023,Liga Profesional,2,Maximiliano Ramírez,161727,Atletico Tucuman,10101,Talleres,1,0,2,52,48,10,8,4,2,5,5,1,1,0,0,8,4,2,4,4,5,0,2,0,1,19,12,19,8,2,2,0,0,1,2,19,15,5,12,1,2,9,20,0,3,48,60,36.0,44.0,12.0,16.0,9.0,11.0,382,354,274.0,262.0,159,143,115,119,23.0,30.0,5.0,0.0,0.42,1.32,0.26,1.14,0.17,0.18,0.42,1.32,0.5,0.69,0,1,6,3,2,0,2,3,0,1,0.0,0.8729,0.3096,0.3685,0.0648,0.0,0.048,0.0538,0.0,0.0261,5,3,0,0,4,1,1,4,0,0,0.2561,1.1436,0.0,0.0,0.1512,0.0124,0.0151,0.1653,0.0,0.0,10,8,15.93,20.35
4086960,2023-02-06,arg,2023,Liga Profesional,2,Maximiliano Ramírez,10101,Talleres,161727,Atletico Tucuman,0,2,0,48,52,8,10,2,4,5,5,1,1,0,0,4,8,4,2,5,4,2,0,1,0,12,19,8,19,2,2,0,0,2,1,15,19,12,5,2,1,20,9,3,0,60,48,44.0,36.0,16.0,12.0,11.0,9.0,354,382,262.0,274.0,143,159,119,115,30.0,23.0,0.0,5.0,1.32,0.42,1.14,0.26,0.18,0.17,1.32,0.42,0.69,0.5,1,0,3,6,0,2,3,2,1,0,0.8729,0.0,0.3685,0.3096,0.0,0.0648,0.0538,0.048,0.0261,0.0,3,5,0,0,1,4,4,1,0,0,1.1436,0.2561,0.0,0.0,0.0124,0.1512,0.1653,0.0151,0.0,0.0,8,10,20.35,15.93
4086963,2023-02-06,arg,2023,Liga Profesional,2,Germán Delfino,10103,Gimnasia LP,161730,Defensa y Justicia,1,0,2,49,51,16,6,4,2,9,2,3,2,0,0,6,4,10,2,8,3,1,1,1,0,13,11,10,19,1,3,0,0,1,4,25,28,9,7,2,4,13,27,0,3,74,68,56.0,45.0,18.0,23.0,12.0,7.0,275,306,197.0,192.0,71,111,126,81,27.0,30.0,8.0,1.0,1.05,1.16,0.18,0.37,0.87,0.0,1.05,0.37,0.92,1.59,1,0,3,1,2,3,6,1,4,1,0.4206,0.0,0.2494,0.7884,0.0796,0.3477,0.2025,0.0125,0.0971,0.0091,6,5,0,0,3,0,7,0,0,1,0.1758,0.3693,0.0,0.0,0.0994,0.0,0.7741,0.0,0.0,0.7884,16,6,21.63,19.93
4086963,2023-02-06,arg,2023,Liga Profesional,2,Germán Delfino,161730,Defensa y Justicia,10103,Gimnasia LP,0,2,0,51,49,6,16,2,4,2,9,2,3,0,0,4,6,2,10,3,8,1,1,0,1,11,13,19,10,3,1,0,0,4,1,28,25,7,9,4,2,27,13,3,0,68,74,45.0,56.0,23.0,18.0,7.0,12.0,306,275,192.0,197.0,111,71,81,126,30.0,27.0,1.0,8.0,1.16,1.05,0.37,0.18,0.0,0.87,0.37,1.05,1.59,0.92,0,1,1,3,3,2,1,6,1,4,0.0,0.4206,0.7884,0.2494,0.3477,0.0796,0.0125,0.2025,0.0091,0.0971,5,6,0,0,0,3,0,7,1,0,0.3693,0.1758,0.0,0.0,0.0,0.0994,0.0,0.7741,0.7884,0.0,6,16,19.93,21.63
4086965,2023-02-06,arg,2023,Liga Profesional,2,Jorge Ignacio Baliño,10096,Union,10090,Instituto,1,0,2,59,41,11,12,2,3,5,6,4,3,1,1,4,5,7,7,5,0,0,2,0,0,17,10,9,15,0,3,0,0,1,0,22,22,9,10,3,4,11,40,1,2,67,60,47.0,33.0,20.0,27.0,10.0,4.0,483,352,379.0,259.0,209,126,170,133,42.0,21.0,4.0,4.0,0.37,1.35,0.3,1.25,0.07,0.1,0.37,1.35,0.22,1.74,0,1,3,4,1,0,5,4,2,3,0.0,0.8223,0.181,0.3599,0.0273,0.0,0.1249,0.0886,0.0403,0.0824,8,8,0,2,2,0,1,2,0,0,0.3043,1.1805,0.0,0.1194,0.0328,0.0,0.0364,0.0533,0.0,0.0,11,12,23.4,22.7
4086965,2023-02-06,arg,2023,Liga Profesional,2,Jorge Ignacio Baliño,10090,Instituto,10096,Union,0,2,0,41,59,12,11,3,2,6,5,3,4,1,1,5,4,7,7,0,5,2,0,0,0,10,17,15,9,3,0,0,0,0,1,22,22,10,9,4,3,40,11,2,1,60,67,33.0,47.0,27.0,20.0,4.0,10.0,352,483,259.0,379.0,126,209,133,170,21.0,42.0,4.0,4.0,1.35,0.37,1.25,0.3,0.1,0.07,1.35,0.37,1.74,0.22,1,0,4,3,0,1,4,5,3,2,0.8223,0.0,0.3599,0.181,0.0,0.0273,0.0886,0.1249,0.0824,0.0403,8,8,2,0,0,2,2,1,0,0,1.1805,0.3043,0.1194,0.0,0.0,0.0328,0.0533,0.0364,0.0,0.0,12,11,22.7,23.4
4086967,2023-02-06,arg,2023,Liga Profesional,2,Luis Lobo Medina,10227,Godoy Cruz,10088,Colon,1,1,0,54,46,21,14,6,3,11,3,4,8,0,1,14,10,7,4,9,1,0,2,0,2,33,22,13,14,2,1,0,0,1,2,13,21,11,11,8,3,9,24,3,5,69,69,40.0,45.0,29.0,24.0,13.0,12.0,322,285,225.0,188.0,118,111,107,77,30.0,24.0,9.0,2.0,1.23,1.08,1.07,0.97,0.16,0.1,1.23,1.08,1.14,0.44,0,1,12,6,2,3,6,4,1,0,0.0,0.0828,0.6584,0.7161,0.2386,0.1329,0.3169,0.164,0.0192,0.0,16,10,0,1,4,0,1,3,0,0,1.0886,0.9314,0.0,0.0596,0.0848,0.0,0.0597,0.1048,0.0,0.0,21,14,17.6,17.5
4086967,2023-02-06,arg,2023,Liga Profesional,2,Luis Lobo Medina,10088,Colon,10227,Godoy Cruz,0,0,1,46,54,14,21,3,6,3,11,8,4,1,0,10,14,4,7,1,9,2,0,2,0,22,33,14,13,1,2,0,0,2,1,21,13,11,11,3,8,24,9,5,3,69,69,45.0,40.0,24.0,29.0,12.0,13.0,285,322,188.0,225.0,111,118,77,107,24.0,30.0,2.0,9.0,1.08,1.23,0.97,1.07,0.1,0.16,1.08,1.23,0.44,1.14,1,0,6,12,3,2,4,6,0,1,0.0828,0.0,0.7161,0.6584,0.1329,0.2386,0.164,0.3169,0.0,0.0192,10,16,1,0,0,4,3,1,0,0,0.9314,1.0886,0.0596,0.0,0.0,0.0848,0.1048,0.0597,0.0,0.0,14,21,17.5,17.6
4086964,2023-02-07,arg,2023,Liga Profesional,2,Pablo Echavarría,10081,Huracan,10087,Banfield,1,3,2,37,63,21,11,10,3,5,8,6,0,0,0,13,4,8,7,8,3,1,2,0,1,19,9,25,9,4,2,0,0,1,1,24,18,10,8,0,5,31,11,2,7,59,71,40.0,49.0,19.0,22.0,7.0,7.0,218,374,132.0,282.0,65,134,67,148,21.0,40.0,5.0,5.0,1.39,0.84,0.87,0.25,0.51,0.59,1.39,0.84,2.14,1.1,1,1,10,3,2,0,3,5,5,2,0.1761,0.2973,0.7616,0.3463,0.0977,0.0,0.2124,0.1432,0.1554,0.0494,13,6,1,0,6,3,1,2,0,0,0.7995,0.249,0.0738,0.0,0.4961,0.5285,0.034,0.0588,0.0,0.0,21,11,16.8,23.13
4086964,2023-02-07,arg,2023,Liga Profesional,2,Pablo Echavarría,10087,Banfield,10081,Huracan,0,2,3,63,37,11,21,3,10,8,5,0,6,0,0,4,13,7,8,3,8,2,1,1,0,9,19,9,25,2,4,0,0,1,1,18,24,8,10,5,0,11,31,7,2,71,59,49.0,40.0,22.0,19.0,7.0,7.0,374,218,282.0,132.0,134,65,148,67,40.0,21.0,5.0,5.0,0.84,1.39,0.25,0.87,0.59,0.51,0.84,1.39,1.1,2.14,1,1,3,10,0,2,5,3,2,5,0.2973,0.1761,0.3463,0.7616,0.0,0.0977,0.1432,0.2124,0.0494,0.1554,6,13,0,1,3,6,2,1,0,0,0.249,0.7995,0.0,0.0738,0.5285,0.4961,0.0588,0.034,0.0,0.0,11,21,23.13,16.8
4086950,2023-02-11,arg,2023,Liga Profesional,3,Nazareno Arasa,10083,San Lorenzo,10227,Godoy Cruz,1,1,0,51,49,10,11,4,0,3,8,3,3,0,0,8,4,2,7,3,3,3,0,2,0,18,11,12,8,2,1,0,0,1,1,16,18,9,7,3,3,13,8,0,3,54,59,36.0,38.0,18.0,21.0,12.0,8.0,383,362,287.0,289.0,155,173,132,116,23.0,29.0,6.0,5.0,1.61,0.29,0.59,0.13,0.23,0.16,0.82,0.29,2.43,0.0,2,0,4,4,2,0,1,5,1,2,0.4356,0.0,1.0449,0.1119,0.0845,0.0,0.0252,0.151,0.0202,0.0321,7,4,1,1,0,3,1,3,1,0,0.5314,0.0894,0.0613,0.0431,0.0,0.0639,0.2292,0.0986,0.7884,0.0,10,11,16.07,24.93
4086950,2023-02-11,arg,2023,Liga Profesional,3,Nazareno Arasa,10227,Godoy Cruz,10083,San Lorenzo,0,0,1,49,51,11,10,0,4,8,3,3,3,0,0,4,8,7,2,3,3,0,3,0,2,11,18,8,12,1,2,0,0,1,1,18,16,7,9,3,3,8,13,3,0,59,54,38.0,36.0,21.0,18.0,8.0,12.0,362,383,289.0,287.0,173,155,116,132,29.0,23.0,5.0,6.0,0.29,1.61,0.13,0.59,0.16,0.23,0.29,0.82,0.0,2.43,0,2,4,4,0,2,5,1,2,1,0.0,0.4356,0.1119,1.0449,0.0,0.0845,0.151,0.0252,0.0321,0.0202,4,7,1,1,3,0,3,1,0,1,0.0894,0.5314,0.0431,0.0613,0.0639,0.0,0.0986,0.2292,0.0,0.7884,11,10,24.93,16.07
4086951,2023-02-11,arg,2023,Liga Profesional,3,Pablo Echavarría,10088,Colon,202757,Sarmiento,1,0,2,64,36,26,9,8,5,12,3,6,1,2,0,17,4,9,5,11,2,3,1,3,0,29,13,15,13,3,2,0,0,1,3,18,16,4,3,1,6,21,44,3,8,66,66,36.0,37.0,30.0,29.0,5.0,6.0,396,237,308.0,138.0,144,38,164,100,18.0,23.0,14.0,1.0,1.51,1.12,0.92,0.15,0.59,0.18,1.51,0.34,1.04,1.46,1,0,12,1,4,3,6,4,3,1,0.3324,0.0,0.6816,0.7884,0.2072,0.1317,0.2284,0.1684,0.0668,0.036,17,6,0,0,8,0,1,2,0,1,0.9221,0.2185,0.0,0.0,0.5146,0.0,0.0798,0.1176,0.0,0.7884,26,9,17.86,21.97
4086951,2023-02-11,arg,2023,Liga Profesional,3,Pablo Echavarría,202757,Sarmiento,10088,Colon,0,2,0,36,64,9,26,5,8,3,12,1,6,0,2,4,17,5,9,2,11,1,3,0,3,13,29,13,15,2,3,0,0,3,1,16,18,3,4,6,1,44,21,8,3,66,66,37.0,36.0,29.0,30.0,6.0,5.0,237,396,138.0,308.0,38,144,100,164,23.0,18.0,1.0,14.0,1.12,1.51,0.15,0.92,0.18,0.59,0.34,1.51,1.46,1.04,0,1,1,12,3,4,4,6,1,3,0.0,0.3324,0.7884,0.6816,0.1317,0.2072,0.1684,0.2284,0.036,0.0668,6,17,0,0,0,8,2,1,1,0,0.2185,0.9221,0.0,0.0,0.0,0.5146,0.1176,0.0798,0.7884,0.0,9,26,21.97,17.86
4086955,2023-02-11,arg,2023,Liga Profesional,3,Hernán Mastrángelo,161730,Defensa y Justicia,10201,Newell's Old Boys,1,1,0,40,60,6,17,4,9,2,5,0,3,0,0,2,6,4,11,2,13,2,0,2,0,8,19,9,7,3,1,0,0,0,2,14,13,13,5,2,0,24,14,9,3,46,36,35.0,29.0,11.0,7.0,14.0,7.0,324,464,241.0,388.0,143,214,98,174,28.0,20.0,1.0,6.0,0.78,0.67,0.7,0.45,0.08,0.22,0.78,0.67,1.41,0.68,1,0,0,2,1,4,4,5,0,6,0.5475,0.0,0.0,0.0941,0.0954,0.2809,0.1937,0.1299,0.0,0.1642,5,11,0,0,0,5,1,1,0,0,0.7542,0.4482,0.0,0.0,0.0,0.178,0.0825,0.0429,0.0,0.0,6,17,21.58,22.72
4086955,2023-02-11,arg,2023,Liga Profesional,3,Hernán Mastrángelo,10201,Newell's Old Boys,161730,Defensa y Justicia,0,0,1,60,40,17,6,9,4,5,2,3,0,0,0,6,2,11,4,13,2,0,2,0,2,19,8,7,9,1,3,0,0,2,0,13,14,5,13,0,2,14,24,3,9,36,46,29.0,35.0,7.0,11.0,7.0,14.0,464,324,388.0,241.0,214,143,174,98,20.0,28.0,6.0,1.0,0.67,0.78,0.45,0.7,0.22,0.08,0.67,0.78,0.68,1.41,0,1,2,0,4,1,5,4,6,0,0.0,0.5475,0.0941,0.0,0.2809,0.0954,0.1299,0.1937,0.1642,0.0,11,5,0,0,5,0,1,1,0,0,0.4482,0.7542,0.0,0.0,0.178,0.0,0.0429,0.0825,0.0,0.0,17,6,22.72,21.58
4086957,2023-02-11,arg,2023,Liga Profesional,3,Silvio Trucco,213596,Central Cordoba de Santiago,10092,Belgrano,1,0,1,46,54,10,20,4,4,5,9,1,7,0,0,6,13,4,7,3,10,0,3,0,2,13,20,2,6,2,3,0,0,3,0,20,18,5,8,7,1,22,20,3,4,62,45,36.0,24.0,26.0,21.0,10.0,4.0,377,436,262.0,341.0,172,184,90,157,20.0,25.0,7.0,6.0,0.28,1.38,0.15,1.26,0.13,0.12,0.28,1.38,0.66,1.22,0,1,5,8,1,4,0,4,4,3,0.0,0.2352,0.1456,0.846,0.0363,0.1353,0.0,0.1019,0.0958,0.0643,5,16,0,0,3,4,2,0,0,0,0.147,1.2593,0.0,0.0,0.0947,0.1233,0.036,0.0,0.0,0.0,10,20,19.79,18.31
4086957,2023-02-11,arg,2023,Liga Profesional,3,Silvio Trucco,10092,Belgrano,213596,Central Cordoba de Santiago,0,1,0,54,46,20,10,4,4,9,5,7,1,0,0,13,6,7,4,10,3,3,0,2,0,20,13,6,2,3,2,0,0,0,3,18,20,8,5,1,7,20,22,4,3,45,62,24.0,36.0,21.0,26.0,4.0,10.0,436,377,341.0,262.0,184,172,157,90,25.0,20.0,6.0,7.0,1.38,0.28,1.26,0.15,0.12,0.13,1.38,0.28,1.22,0.66,1,0,8,5,4,1,4,0,3,4,0.2352,0.0,0.846,0.1456,0.1353,0.0363,0.1019,0.0,0.0643,0.0958,16,5,0,0,4,3,0,2,0,0,1.2593,0.147,0.0,0.0,0.1233,0.0947,0.0,0.036,0.0,0.0,20,10,18.31,19.79
4086971,2023-02-11,arg,2023,Liga Profesional,3,Pablo Dóvalo,10089,Club Atletico Platense,161727,Atletico Tucuman,1,1,1,37,63,6,16,1,6,3,8,2,2,0,1,3,8,3,8,3,4,1,2,0,1,7,16,18,12,2,2,1,0,1,3,12,8,10,6,2,1,19,18,5,0,39,51,28.0,32.0,11.0,19.0,5.0,6.0,265,452,168.0,361.0,48,210,120,151,22.0,45.0,1.0,2.0,1.11,1.32,0.32,1.01,0.0,0.3,0.32,1.32,0.99,1.23,0,0,2,6,1,2,2,4,1,4,0.0,0.0,0.9741,0.9871,0.0578,0.0935,0.0436,0.1143,0.0298,0.122,5,10,0,2,0,2,0,2,1,0,0.3168,0.9238,0.0,0.0884,0.0,0.1088,0.0,0.1959,0.7884,0.0,6,16,21.18,20.37
4086971,2023-02-11,arg,2023,Liga Profesional,3,Pablo Dóvalo,161727,Atletico Tucuman,10089,Club Atletico Platense,0,1,1,63,37,16,6,6,1,8,3,2,2,1,0,8,3,8,3,4,3,2,1,1,0,16,7,12,18,2,2,0,1,3,1,8,12,6,10,1,2,18,19,0,5,51,39,32.0,28.0,19.0,11.0,6.0,5.0,452,265,361.0,168.0,210,48,151,120,45.0,22.0,2.0,1.0,1.32,1.11,1.01,0.32,0.3,0.0,1.32,0.32,1.23,0.99,0,0,6,2,2,1,4,2,4,1,0.0,0.0,0.9871,0.9741,0.0935,0.0578,0.1143,0.0436,0.122,0.0298,10,5,2,0,2,0,2,0,0,1,0.9238,0.3168,0.0884,0.0,0.1088,0.0,0.1959,0.0,0.0,0.7884,16,6,20.37,21.18
4086946,2023-02-12,arg,2023,Liga Profesional,3,Fernando Andrés Rapallini,10076,River Plate,10086,Argentinos Juniors,1,2,1,50,50,8,9,3,1,2,5,3,3,0,2,6,7,2,2,2,5,2,2,0,1,10,12,15,12,2,2,0,0,2,5,13,11,10,9,3,3,18,11,0,1,45,50,34.0,29.0,11.0,21.0,10.0,4.0,381,385,288.0,290.0,158,174,130,116,32.0,29.0,4.0,3.0,1.88,0.87,0.29,0.33,0.01,0.54,0.3,0.87,2.07,0.76,0,1,5,5,1,1,1,1,1,1,0.0,0.2115,1.762,0.4925,0.0657,0.0851,0.0324,0.0644,0.02,0.0204,5,4,0,0,1,3,0,2,2,0,0.2882,0.3344,0.0,0.0,0.015,0.2744,0.0,0.2651,1.5768,0.0,8,9,15.71,13.98
4086946,2023-02-12,arg,2023,Liga Profesional,3,Fernando Andrés Rapallini,10086,Argentinos Juniors,10076,River Plate,0,1,2,50,50,9,8,1,3,5,2,3,3,2,0,7,6,2,2,5,2,2,2,1,0,12,10,12,15,2,2,0,0,5,2,11,13,9,10,3,3,11,18,1,0,50,45,29.0,34.0,21.0,11.0,4.0,10.0,385,381,290.0,288.0,174,158,116,130,29.0,32.0,3.0,4.0,0.87,1.88,0.33,0.29,0.54,0.01,0.87,0.3,0.76,2.07,1,0,5,5,1,1,1,1,1,1,0.2115,0.0,0.4925,1.762,0.0851,0.0657,0.0644,0.0324,0.0204,0.02,4,5,0,0,3,1,2,0,0,2,0.3344,0.2882,0.0,0.0,0.2744,0.015,0.2651,0.0,0.0,1.5768,9,8,13.98,15.71
4086948,2023-02-12,arg,2023,Liga Profesional,3,Fernando Espinoza,10084,Rosario Central,10098,Arsenal Sarandi,1,2,1,69,31,26,5,7,2,17,3,2,0,0,0,14,2,12,3,6,1,2,1,1,0,31,10,13,5,4,2,1,2,2,2,10,14,6,4,0,2,2,16,1,5,41,45,26.0,36.0,15.0,9.0,12.0,10.0,529,244,472.0,173.0,161,105,311,68,23.0,16.0,11.0,1.0,1.84,0.44,1.55,0.34,0.29,0.09,1.84,0.44,1.4,0.84,1,0,11,2,2,0,8,1,4,2,0.2598,0.0,0.911,0.2911,0.17,0.0,0.3578,0.0513,0.1428,0.0942,20,3,0,0,4,0,2,2,0,0,1.5493,0.3425,0.0,0.0,0.1964,0.0,0.0957,0.0942,0.0,0.0,26,5,18.08,20.8
4086948,2023-02-12,arg,2023,Liga Profesional,3,Fernando Espinoza,10098,Arsenal Sarandi,10084,Rosario Central,0,1,2,31,69,5,26,2,7,3,17,0,2,0,0,2,14,3,12,1,6,1,2,0,1,10,31,5,13,2,4,2,1,2,2,14,10,4,6,2,0,16,2,5,1,45,41,36.0,26.0,9.0,15.0,10.0,12.0,244,529,173.0,472.0,105,161,68,311,16.0,23.0,1.0,11.0,0.44,1.84,0.34,1.55,0.09,0.29,0.44,1.84,0.84,1.4,0,1,2,11,0,2,1,8,2,4,0.0,0.2598,0.2911,0.911,0.0,0.17,0.0513,0.3578,0.0942,0.1428,3,20,0,0,0,4,2,2,0,0,0.3425,1.5493,0.0,0.0,0.0,0.1964,0.0942,0.0957,0.0,0.0,5,26,20.8,18.08
4086954,2023-02-12,arg,2023,Liga Profesional,3,Sebastián Nicolás Martínez,10087,Banfield,10103,Gimnasia LP,1,0,0,66,34,20,4,5,2,10,2,5,0,0,0,11,3,9,1,12,1,3,1,3,1,31,7,7,16,3,4,0,1,6,1,16,16,0,8,0,5,10,47,2,5,74,49,42.0,24.0,32.0,25.0,10.0,2.0,354,201,262.0,107.0,117,43,145,64,31.0,22.0,13.0,2.0,1.66,0.7,0.71,0.15,0.95,0.55,1.66,0.7,0.8,0.98,2,1,9,0,0,2,5,1,4,0,0.4221,0.5514,1.0032,0.0,0.0,0.1417,0.1556,0.0099,0.1,0.0,8,2,0,1,10,0,2,1,0,0,0.7051,0.0653,0.0,0.0864,0.86,0.0,0.1158,0.5514,0.0,0.0,20,4,17.25,18.8
4086954,2023-02-12,arg,2023,Liga Profesional,3,Sebastián Nicolás Martínez,10103,Gimnasia LP,10087,Banfield,0,0,0,34,66,4,20,2,5,2,10,0,5,0,0,3,11,1,9,1,12,1,3,1,3,7,31,16,7,4,3,1,0,1,6,16,16,8,0,5,0,47,10,5,2,49,74,24.0,42.0,25.0,32.0,2.0,10.0,201,354,107.0,262.0,43,117,64,145,22.0,31.0,2.0,13.0,0.7,1.66,0.15,0.71,0.55,0.95,0.7,1.66,0.98,0.8,1,2,0,9,2,0,1,5,0,4,0.5514,0.4221,0.0,1.0032,0.1417,0.0,0.0099,0.1556,0.0,0.1,2,8,1,0,0,10,1,2,0,0,0.0653,0.7051,0.0864,0.0,0.0,0.86,0.5514,0.1158,0.0,0.0,4,20,18.8,17.25
4086956,2023-02-12,arg,2023,Liga Profesional,3,Sebastían Zunino,10079,Velez Sarsfield,10078,Independiente,1,0,0,59,41,11,10,2,2,8,7,1,1,0,0,5,4,6,6,3,7,1,0,1,0,9,9,21,17,4,4,0,0,4,2,26,16,10,7,1,1,15,17,2,2,73,57,54.0,44.0,19.0,13.0,11.0,8.0,374,252,286.0,164.0,189,66,97,98,32.0,24.0,7.0,4.0,0.75,0.49,0.46,0.11,0.29,0.38,0.75,0.49,0.04,0.45,0,1,5,2,0,1,3,3,3,3,0.0,0.1943,0.4714,0.0676,0.0,0.0746,0.1872,0.0692,0.0959,0.0802,7,2,0,1,2,4,2,3,0,0,0.463,0.0308,0.0,0.0746,0.1292,0.2846,0.1622,0.0958,0.0,0.0,11,10,18.08,21.48
4086956,2023-02-12,arg,2023,Liga Profesional,3,Sebastían Zunino,10078,Independiente,10079,Velez Sarsfield,0,0,0,41,59,10,11,2,2,7,8,1,1,0,0,4,5,6,6,7,3,0,1,0,1,9,9,17,21,4,4,0,0,2,4,16,26,7,10,1,1,17,15,2,2,57,73,44.0,54.0,13.0,19.0,8.0,11.0,252,374,164.0,286.0,66,189,98,97,24.0,32.0,4.0,7.0,0.49,0.75,0.11,0.46,0.38,0.29,0.49,0.75,0.45,0.04,1,0,2,5,1,0,3,3,3,3,0.1943,0.0,0.0676,0.4714,0.0746,0.0,0.0692,0.1872,0.0802,0.0959,2,7,1,0,4,2,3,2,0,0,0.0308,0.463,0.0746,0.0,0.2846,0.1292,0.0958,0.1622,0.0,0.0,10,11,21.48,18.08
4086972,2023-02-12,arg,2023,Liga Profesional,3,Darío Herrera,10101,Talleres,10077,Boca Juniors,1,2,1,45,55,17,4,3,3,11,1,3,0,1,0,10,3,7,1,6,4,4,1,3,0,27,8,14,5,2,3,0,1,1,1,22,15,10,3,0,3,16,15,2,2,49,45,35.0,35.0,14.0,10.0,8.0,6.0,399,491,332.0,417.0,204,255,128,162,23.0,28.0,6.0,4.0,2.52,0.93,2.39,0.79,0.13,0.14,2.52,0.93,1.49,1.07,1,0,6,3,3,0,4,0,3,1,0.395,0.0,1.0119,0.8957,0.5398,0.0,0.3307,0.0,0.2411,0.0352,11,1,3,0,3,2,0,1,0,0,1.684,0.7936,0.7045,0.0,0.1301,0.1021,0.0,0.0352,0.0,0.0,17,4,18.12,17.01
4086972,2023-02-12,arg,2023,Liga Profesional,3,Darío Herrera,10077,Boca Juniors,10101,Talleres,0,1,2,55,45,4,17,3,3,1,11,0,3,0,1,3,10,1,7,4,6,1,4,0,3,8,27,5,14,3,2,1,0,1,1,15,22,3,10,3,0,15,16,2,2,45,49,35.0,35.0,10.0,14.0,6.0,8.0,491,399,417.0,332.0,255,204,162,128,28.0,23.0,4.0,6.0,0.93,2.52,0.79,2.39,0.14,0.13,0.93,2.52,1.07,1.49,0,1,3,6,0,3,0,4,1,3,0.0,0.395,0.8957,1.0119,0.0,0.5398,0.0,0.3307,0.0352,0.2411,1,11,0,3,2,3,1,0,0,0,0.7936,1.684,0.0,0.7045,0.1021,0.1301,0.0352,0.0,0.0,0.0,4,17,17.01,18.12
4086947,2023-02-13,arg,2023,Liga Profesional,3,Andrés Merlos,10080,Racing Club,89396,Tigre,1,2,2,58,42,9,12,7,3,2,8,0,1,0,0,5,9,4,3,5,5,3,4,1,2,21,22,12,9,3,1,0,0,4,1,15,26,6,10,1,0,13,17,1,5,44,65,32.0,46.0,12.0,19.0,8.0,10.0,453,317,370.0,226.0,185,84,185,142,31.0,28.0,4.0,9.0,1.39,1.31,1.37,0.46,0.03,0.85,1.39,1.31,2.08,1.57,0,0,4,8,1,1,3,1,1,2,0.0,0.0,1.2478,1.0935,0.0421,0.1254,0.072,0.0204,0.0324,0.0708,8,5,0,1,0,4,1,2,0,0,1.365,0.4388,0.0,0.025,0.0,0.6461,0.0292,0.2003,0.0,0.0,9,12,22.14,17.45
4086947,2023-02-13,arg,2023,Liga Profesional,3,Andrés Merlos,89396,Tigre,10080,Racing Club,0,2,2,42,58,12,9,3,7,8,2,1,0,0,0,9,5,3,4,5,5,4,3,2,1,22,21,9,12,1,3,0,0,1,4,26,15,10,6,0,1,17,13,5,1,65,44,46.0,32.0,19.0,12.0,10.0,8.0,317,453,226.0,370.0,84,185,142,185,28.0,31.0,9.0,4.0,1.31,1.39,0.46,1.37,0.85,0.03,1.31,1.39,1.57,2.08,0,0,8,4,1,1,1,3,2,1,0.0,0.0,1.0935,1.2478,0.1254,0.0421,0.0204,0.072,0.0708,0.0324,5,8,1,0,4,0,2,1,0,0,0.4388,1.365,0.025,0.0,0.6461,0.0,0.2003,0.0292,0.0,0.0,12,9,17.45,22.14
4086949,2023-02-13,arg,2023,Liga Profesional,3,Nicolás Ramírez,10094,Estudiantes,10082,Lanus,1,0,2,67,33,19,6,6,2,10,4,3,0,0,0,11,3,8,3,10,4,1,0,1,0,24,12,5,15,2,3,0,1,0,2,10,10,12,0,0,3,11,38,0,6,57,44,33.0,27.0,24.0,17.0,10.0,13.0,487,253,412.0,173.0,119,107,293,66,33.0,23.0,11.0,2.0,1.14,0.3,1.01,0.2,0.13,0.11,1.14,0.3,0.83,0.52,0,0,9,2,2,1,3,3,5,0,0.0,0.0,0.8328,0.1064,0.1267,0.1131,0.0626,0.0844,0.1168,0.0,16,4,0,0,2,1,1,1,0,0,1.0053,0.1975,0.0,0.0,0.0985,0.066,0.0351,0.0404,0.0,0.0,19,6,19.56,25.64
4086949,2023-02-13,arg,2023,Liga Profesional,3,Nicolás Ramírez,10082,Lanus,10094,Estudiantes,0,2,0,33,67,6,19,2,6,4,10,0,3,0,0,3,11,3,8,4,10,0,1,0,1,12,24,15,5,3,2,1,0,2,0,10,10,0,12,3,0,38,11,6,0,44,57,27.0,33.0,17.0,24.0,13.0,10.0,253,487,173.0,412.0,107,119,66,293,23.0,33.0,2.0,11.0,0.3,1.14,0.2,1.01,0.11,0.13,0.3,1.14,0.52,0.83,0,0,2,9,1,2,3,3,0,5,0.0,0.0,0.1064,0.8328,0.1131,0.1267,0.0844,0.0626,0.0,0.1168,4,16,0,0,1,2,1,1,0,0,0.1975,1.0053,0.0,0.0,0.066,0.0985,0.0404,0.0351,0.0,0.0,6,19,25.64,19.56
4086952,2023-02-13,arg,2023,Liga Profesional,3,Yael Falcón Pérez,213534,Barracas Central,10096,Union,1,1,1,49,51,6,18,2,5,3,6,1,7,1,2,3,5,3,13,5,5,1,4,0,3,8,24,12,12,1,1,0,0,3,1,17,26,9,12,6,1,26,22,4,1,49,63,37.0,47.0,12.0,16.0,8.0,12.0,288,285,199.0,184.0,90,84,109,100,18.0,27.0,2.0,4.0,0.37,1.46,0.11,1.24,0.26,0.22,0.37,1.46,,,0,2,2,2,1,1,2,9,1,4,0.0,0.4763,0.1992,0.4897,0.0906,0.0238,0.0409,0.3679,0.0358,0.1014,2,12,0,0,2,3,2,3,0,0,0.1111,1.2394,0.0,0.0,0.0697,0.0943,0.1858,0.1254,0.0,0.0,6,18,20.62,20.66
4086952,2023-02-13,arg,2023,Liga Profesional,3,Yael Falcón Pérez,10096,Union,213534,Barracas Central,0,1,1,51,49,18,6,5,2,6,3,7,1,2,1,5,3,13,3,5,5,4,1,3,0,24,8,12,12,1,1,0,0,1,3,26,17,12,9,1,6,22,26,1,4,63,49,47.0,37.0,16.0,12.0,12.0,8.0,285,288,184.0,199.0,84,90,100,109,27.0,18.0,4.0,2.0,1.46,0.37,1.24,0.11,0.22,0.26,1.46,0.37,,,2,0,2,2,1,1,9,2,4,1,0.4763,0.0,0.4897,0.1992,0.0238,0.0906,0.3679,0.0409,0.1014,0.0358,12,2,0,0,3,2,3,2,0,0,1.2394,0.1111,0.0,0.0,0.0943,0.0697,0.1254,0.1858,0.0,0.0,18,6,20.66,20.62
4086953,2023-02-13,arg,2023,Liga Profesional,3,Luis Lobo Medina,10090,Instituto,10081,Huracan,1,0,0,50,50,11,6,2,1,6,3,3,2,0,0,1,6,10,0,7,4,0,2,0,2,15,25,11,7,2,3,0,0,1,3,10,14,8,9,2,3,25,16,1,2,42,59,24.0,33.0,18.0,26.0,7.0,10.0,344,348,245.0,240.0,140,116,105,124,28.0,46.0,3.0,7.0,0.43,0.73,0.35,0.27,0.08,0.46,0.43,0.73,0.4,0.08,0,2,1,3,0,1,7,0,3,0,0.0,0.2418,0.1117,0.418,0.0,0.0692,0.219,0.0,0.0982,0.0,10,4,0,0,0,1,1,1,0,0,0.3783,0.2727,0.0,0.0,0.0,0.1931,0.0505,0.2633,0.0,0.0,11,6,24.56,9.7
4086953,2023-02-13,arg,2023,Liga Profesional,3,Luis Lobo Medina,10081,Huracan,10090,Instituto,0,0,0,50,50,6,11,1,2,3,6,2,3,0,0,6,1,0,10,4,7,2,0,2,0,25,15,7,11,3,2,0,0,3,1,14,10,9,8,3,2,16,25,2,1,59,42,33.0,24.0,26.0,18.0,10.0,7.0,348,344,240.0,245.0,116,140,124,105,46.0,28.0,7.0,3.0,0.73,0.43,0.27,0.35,0.46,0.08,0.73,0.43,0.08,0.4,2,0,3,1,1,0,0,7,0,3,0.2418,0.0,0.418,0.1117,0.0692,0.0,0.0,0.219,0.0,0.0982,4,10,0,0,1,0,1,1,0,0,0.2727,0.3783,0.0,0.0,0.1931,0.0,0.2633,0.0505,0.0,0.0,6,11,9.7,24.56
4086979,2023-02-17,arg,2023,Liga Profesional,4,Hernán Mastrángelo,10103,Gimnasia LP,10090,Instituto,1,2,0,38,62,11,16,5,1,5,7,1,8,1,0,8,8,3,8,2,9,4,0,2,0,21,28,10,19,2,1,0,0,0,1,22,28,13,12,8,1,41,8,1,3,83,75,54.0,52.0,29.0,23.0,15.0,14.0,294,447,159.0,303.0,49,129,110,174,30.0,40.0,8.0,7.0,1.81,0.75,1.72,0.66,0.09,0.09,1.81,0.75,2.09,0.14,1,1,5,5,2,2,1,6,2,2,0.8012,0.0421,0.5956,0.3504,0.3158,0.0891,0.0556,0.222,0.0377,0.0531,9,13,1,0,0,2,1,1,0,0,1.4245,0.6687,0.2929,0.0,0.0,0.0459,0.0885,0.0421,0.0,0.0,11,16,15.83,19.75
4086979,2023-02-17,arg,2023,Liga Profesional,4,Hernán Mastrángelo,10090,Instituto,10103,Gimnasia LP,0,0,2,62,38,16,11,1,5,7,5,8,1,0,1,8,8,8,3,9,2,0,4,0,2,28,21,19,10,1,2,0,0,1,0,28,22,12,13,1,8,8,41,3,1,75,83,52.0,54.0,23.0,29.0,14.0,15.0,447,294,303.0,159.0,129,49,174,110,40.0,30.0,7.0,8.0,0.75,1.81,0.66,1.72,0.09,0.09,0.75,1.81,0.14,2.09,1,1,5,5,2,2,6,1,2,2,0.0421,0.8012,0.3504,0.5956,0.0891,0.3158,0.222,0.0556,0.0531,0.0377,13,9,0,1,2,0,1,1,0,0,0.6687,1.4245,0.0,0.2929,0.0459,0.0,0.0421,0.0885,0.0,0.0,16,11,19.75,15.83
4086973,2023-02-18,arg,2023,Liga Profesional,4,Germán Delfino,10098,Arsenal Sarandi,10080,Racing Club,1,0,3,35,65,10,16,4,9,4,3,2,4,1,0,8,5,2,11,3,6,0,3,0,2,19,22,15,14,2,3,0,0,1,2,21,16,9,11,4,2,18,15,6,4,69,53,56.0,46.0,13.0,7.0,21.0,16.0,324,621,237.0,545.0,133,276,104,269,27.0,57.0,4.0,1.0,0.63,1.1,0.38,1.01,0.25,0.08,0.63,1.1,0.37,2.23,0,0,5,2,3,3,0,7,2,4,0.0,0.0,0.3792,0.669,0.1669,0.1955,0.0,0.1476,0.0834,0.0875,5,13,1,0,1,1,3,2,0,0,0.3103,1.0158,0.0728,0.0,0.0975,0.012,0.1487,0.0719,0.0,0.0,10,16,17.14,24.89
4086973,2023-02-18,arg,2023,Liga Profesional,4,Germán Delfino,10080,Racing Club,10098,Arsenal Sarandi,0,3,0,65,35,16,10,9,4,3,4,4,2,0,1,5,8,11,2,6,3,3,0,2,0,22,19,14,15,3,2,0,0,2,1,16,21,11,9,2,4,15,18,4,6,53,69,46.0,56.0,7.0,13.0,16.0,21.0,621,324,545.0,237.0,276,133,269,104,57.0,27.0,1.0,4.0,1.1,0.63,1.01,0.38,0.08,0.25,1.1,0.63,2.23,0.37,0,0,2,5,3,3,7,0,4,2,0.0,0.0,0.669,0.3792,0.1955,0.1669,0.1476,0.0,0.0875,0.0834,13,5,0,1,1,1,2,3,0,0,1.0158,0.3103,0.0,0.0728,0.012,0.0975,0.0719,0.1487,0.0,0.0,16,10,24.89,17.14
4086974,2023-02-18,arg,2023,Liga Profesional,4,Nicolás Lamolina,10082,Lanus,10084,Rosario Central,1,3,0,51,49,14,5,6,2,7,2,1,1,1,0,9,4,5,1,5,3,4,0,3,0,18,7,17,17,1,3,1,0,2,1,15,18,6,10,1,1,11,19,2,3,63,52,45.0,37.0,18.0,15.0,14.0,4.0,380,374,293.0,274.0,177,136,116,138,21.0,20.0,6.0,4.0,2.27,0.23,1.39,0.16,0.09,0.07,1.48,0.23,2.24,0.08,2,0,4,4,3,0,2,1,3,0,0.8738,0.0,0.9895,0.2101,0.1743,0.0,0.1487,0.0165,0.0869,0.0,10,2,0,0,1,2,2,1,1,0,1.3916,0.1584,0.0,0.0,0.035,0.0445,0.0582,0.0237,0.7884,0.0,14,5,17.14,13.87
4086974,2023-02-18,arg,2023,Liga Profesional,4,Nicolás Lamolina,10084,Rosario Central,10082,Lanus,0,0,3,49,51,5,14,2,6,2,7,1,1,0,1,4,9,1,5,3,5,0,4,0,3,7,18,17,17,3,1,0,1,1,2,18,15,10,6,1,1,19,11,3,2,52,63,37.0,45.0,15.0,18.0,4.0,14.0,374,380,274.0,293.0,136,177,138,116,20.0,21.0,4.0,6.0,0.23,2.27,0.16,1.39,0.07,0.09,0.23,1.48,0.08,2.24,0,2,4,4,0,3,1,2,0,3,0.0,0.8738,0.2101,0.9895,0.0,0.1743,0.0165,0.1487,0.0,0.0869,2,10,0,0,2,1,1,2,0,1,0.1584,1.3916,0.0,0.0,0.0445,0.035,0.0237,0.0582,0.0,0.7884,5,14,13.87,17.14
4086975,2023-02-18,arg,2023,Liga Profesional,4,Fernando Echenique,10227,Godoy Cruz,10094,Estudiantes,1,0,1,51,49,11,6,1,2,5,2,5,2,0,0,4,3,7,3,6,2,0,1,0,1,19,15,15,15,2,2,1,0,3,1,21,19,9,5,2,5,12,39,1,1,75,66,56.0,39.0,19.0,27.0,21.0,6.0,374,391,263.0,277.0,140,136,123,141,27.0,46.0,9.0,3.0,0.27,0.37,0.22,0.13,0.05,0.24,0.27,0.37,0.02,0.63,0,1,4,1,0,1,6,2,1,1,0.0,0.1013,0.1048,0.118,0.0,0.0925,0.1556,0.0503,0.0121,0.0118,8,4,0,0,3,2,0,0,0,0,0.2178,0.1546,0.0,0.0,0.0547,0.2192,0.0,0.0,0.0,0.0,11,6,21.9,18.39
4086975,2023-02-18,arg,2023,Liga Profesional,4,Fernando Echenique,10094,Estudiantes,10227,Godoy Cruz,0,1,0,49,51,6,11,2,1,2,5,2,5,0,0,3,4,3,7,2,6,1,0,1,0,15,19,15,15,2,2,0,1,1,3,19,21,5,9,5,2,39,12,1,1,66,75,39.0,56.0,27.0,19.0,6.0,21.0,391,374,277.0,263.0,136,140,141,123,46.0,27.0,3.0,9.0,0.37,0.27,0.13,0.22,0.24,0.05,0.37,0.27,0.63,0.02,1,0,1,4,1,0,2,6,1,1,0.1013,0.0,0.118,0.1048,0.0925,0.0,0.0503,0.1556,0.0118,0.0121,4,8,0,0,2,3,0,0,0,0,0.1546,0.2178,0.0,0.0,0.2192,0.0547,0.0,0.0,0.0,0.0,6,11,18.39,21.9
4086978,2023-02-18,arg,2023,Liga Profesional,4,Andrés Merlos,10081,Huracan,213534,Barracas Central,1,2,0,42,58,12,5,5,1,6,1,1,3,1,0,9,1,3,4,9,2,3,1,1,1,26,7,20,10,1,3,0,0,1,2,16,21,13,9,3,1,14,24,1,3,56,65,37.0,46.0,19.0,19.0,11.0,6.0,348,498,247.0,379.0,105,224,142,155,33.0,13.0,4.0,5.0,1.15,0.46,0.97,0.1,0.18,0.35,1.15,0.46,2.01,0.15,0,0,5,1,4,0,2,4,1,0,0.0,0.0,0.627,0.3511,0.4476,0.0,0.0647,0.1039,0.012,0.0,7,4,3,0,2,1,0,0,0,0,0.4037,0.1039,0.642,0.0,0.1055,0.3511,0.0,0.0,0.0,0.0,12,5,18.59,22.39
4086978,2023-02-18,arg,2023,Liga Profesional,4,Andrés Merlos,213534,Barracas Central,10081,Huracan,0,0,2,58,42,5,12,1,5,1,6,3,1,0,1,1,9,4,3,2,9,1,3,1,1,7,26,10,20,3,1,0,0,2,1,21,16,9,13,1,3,24,14,3,1,65,56,46.0,37.0,19.0,19.0,6.0,11.0,498,348,379.0,247.0,224,105,155,142,13.0,33.0,5.0,4.0,0.46,1.15,0.1,0.97,0.35,0.18,0.46,1.15,0.15,2.01,0,0,1,5,0,4,4,2,0,1,0.0,0.0,0.3511,0.627,0.0,0.4476,0.1039,0.0647,0.0,0.012,4,7,0,3,1,2,0,0,0,0,0.1039,0.4037,0.0,0.642,0.3511,0.1055,0.0,0.0,0.0,0.0,5,12,22.39,18.59
4086985,2023-02-18,arg,2023,Liga Profesional,4,Jorge Ignacio Baliño,89396,Tigre,10076,River Plate,1,0,1,45,55,15,15,3,5,9,9,3,1,0,0,11,8,4,7,4,8,4,2,4,1,18,31,11,9,0,3,0,0,0,2,26,24,15,8,1,3,26,16,4,3,66,69,48.0,56.0,18.0,13.0,14.0,21.0,347,422,242.0,328.0,134,111,108,217,24.0,33.0,4.0,5.0,1.14,1.07,0.92,0.38,0.21,0.69,1.14,1.07,0.84,1.23,0,1,8,4,3,3,4,4,0,3,0.0,0.4891,0.9269,0.2552,0.1402,0.1251,0.0847,0.1168,0.0,0.0794,8,8,0,1,4,3,3,3,0,0,0.8637,0.3453,0.0,0.0325,0.1665,0.5759,0.1215,0.1119,0.0,0.0,15,15,16.66,20.37
4086985,2023-02-18,arg,2023,Liga Profesional,4,Jorge Ignacio Baliño,10076,River Plate,89396,Tigre,0,1,0,55,45,15,15,5,3,9,9,1,3,0,0,8,11,7,4,8,4,2,4,1,4,31,18,9,11,3,0,0,0,2,0,24,26,8,15,3,1,16,26,3,4,69,66,56.0,48.0,13.0,18.0,21.0,14.0,422,347,328.0,242.0,111,134,217,108,33.0,24.0,5.0,4.0,1.07,1.14,0.38,0.92,0.69,0.21,1.07,1.14,1.23,0.84,1,0,4,8,3,3,4,4,3,0,0.4891,0.0,0.2552,0.9269,0.1251,0.1402,0.1168,0.0847,0.0794,0.0,8,8,1,0,3,4,3,3,0,0,0.3453,0.8637,0.0325,0.0,0.5759,0.1665,0.1119,0.1215,0.0,0.0,15,15,20.37,16.66
4086986,2023-02-18,arg,2023,Liga Profesional,4,Ariel Penel,10086,Argentinos Juniors,10092,Belgrano,1,3,0,53,47,12,7,6,2,2,3,4,2,0,0,9,2,3,5,2,2,3,0,2,0,26,11,8,15,1,2,1,1,2,3,14,13,14,10,2,4,11,11,2,3,47,47,34.0,32.0,13.0,15.0,6.0,11.0,426,365,344.0,281.0,224,126,120,155,23.0,19.0,4.0,3.0,2.38,0.21,1.47,0.12,0.11,0.09,1.59,0.21,2.9,0.31,1,0,5,2,3,0,0,2,3,3,0.2677,0.0,1.4639,0.0943,0.5193,0.0,0.0,0.0468,0.1265,0.0713,8,4,1,0,0,2,2,1,1,0,1.0984,0.1213,0.3757,0.0,0.0,0.0468,0.1148,0.0443,0.7884,0.0,12,7,16.33,21.68
4086986,2023-02-18,arg,2023,Liga Profesional,4,Ariel Penel,10092,Belgrano,10086,Argentinos Juniors,0,0,3,47,53,7,12,2,6,3,2,2,4,0,0,2,9,5,3,2,2,0,3,0,2,11,26,15,8,2,1,1,1,3,2,13,14,10,14,4,2,11,11,3,2,47,47,32.0,34.0,15.0,13.0,11.0,6.0,365,426,281.0,344.0,126,224,155,120,19.0,23.0,3.0,4.0,0.21,2.38,0.12,1.47,0.09,0.11,0.21,1.59,0.31,2.9,0,1,2,5,0,3,2,0,3,3,0.0,0.2677,0.0943,1.4639,0.0,0.5193,0.0468,0.0,0.0713,0.1265,4,8,0,1,2,0,1,2,0,1,0.1213,1.0984,0.0,0.3757,0.0468,0.0,0.0443,0.1148,0.0,0.7884,7,12,21.68,16.33
4086977,2023-02-19,arg,2023,Liga Profesional,4,Facundo Raúl Tello Figueroa,10096,Union,10088,Colon,1,1,1,54,46,12,10,1,2,8,6,3,2,0,0,9,5,3,5,5,3,1,1,0,0,24,11,16,16,5,3,0,0,1,6,19,11,9,9,2,3,19,24,1,0,56,52,40.0,31.0,16.0,21.0,6.0,6.0,298,260,176.0,158.0,96,54,80,104,19.0,11.0,4.0,0.0,0.93,0.74,0.32,0.6,0.61,0.14,0.93,0.74,,,2,0,5,4,2,1,1,4,2,1,0.2747,0.0,0.4816,0.5114,0.0835,0.0239,0.0137,0.1609,0.0792,0.0435,6,7,0,0,3,1,3,2,0,0,0.323,0.5975,0.0,0.0,0.4482,0.0117,0.1617,0.1305,0.0,0.0,12,10,16.08,18.47
4086977,2023-02-19,arg,2023,Liga Profesional,4,Facundo Raúl Tello Figueroa,10088,Colon,10096,Union,0,1,1,46,54,10,12,2,1,6,8,2,3,0,0,5,9,5,3,3,5,1,1,0,0,11,24,16,16,3,5,0,0,6,1,11,19,9,9,3,2,24,19,0,1,52,56,31.0,40.0,21.0,16.0,6.0,6.0,260,298,158.0,176.0,54,96,104,80,11.0,19.0,0.0,4.0,0.74,0.93,0.6,0.32,0.14,0.61,0.74,0.93,,,0,2,4,5,1,2,4,1,1,2,0.0,0.2747,0.5114,0.4816,0.0239,0.0835,0.1609,0.0137,0.0435,0.0792,7,6,0,0,1,3,2,3,0,0,0.5975,0.323,0.0,0.0,0.0117,0.4482,0.1305,0.1617,0.0,0.0,10,12,18.47,16.08
4086980,2023-02-19,arg,2023,Liga Profesional,4,Leandro Rey Hilfer,10201,Newell's Old Boys,10087,Banfield,1,2,0,54,46,6,13,4,4,1,6,1,3,0,0,4,7,2,6,1,3,1,1,0,1,10,9,11,21,0,4,1,0,2,1,24,22,7,10,2,1,13,8,4,2,77,59,62.0,41.0,15.0,18.0,19.0,8.0,396,317,305.0,231.0,193,112,112,119,20.0,25.0,3.0,7.0,0.56,0.99,0.35,0.89,0.2,0.09,0.56,0.99,1.24,0.31,0,1,3,4,1,2,2,3,0,3,0.0,0.0911,0.4549,0.3524,0.0314,0.1634,0.0704,0.3288,0.0,0.0498,2,11,1,1,0,1,3,0,0,0,0.0451,0.6249,0.3067,0.2693,0.0,0.0911,0.2049,0.0,0.0,0.0,6,13,17.39,20.24
4086980,2023-02-19,arg,2023,Liga Profesional,4,Leandro Rey Hilfer,10087,Banfield,10201,Newell's Old Boys,0,0,2,46,54,13,6,4,4,6,1,3,1,0,0,7,4,6,2,3,1,1,1,1,0,9,10,21,11,4,0,0,1,1,2,22,24,10,7,1,2,8,13,2,4,59,77,41.0,62.0,18.0,15.0,8.0,19.0,317,396,231.0,305.0,112,193,119,112,25.0,20.0,7.0,3.0,0.99,0.56,0.89,0.35,0.09,0.2,0.99,0.56,0.31,1.24,1,0,4,3,2,1,3,2,3,0,0.0911,0.0,0.3524,0.4549,0.1634,0.0314,0.3288,0.0704,0.0498,0.0,11,2,1,1,1,0,0,3,0,0,0.6249,0.0451,0.2693,0.3067,0.0911,0.0,0.0,0.2049,0.0,0.0,13,6,20.24,17.39
4086983,2023-02-19,arg,2023,Liga Profesional,4,Silvio Trucco,10077,Boca Juniors,10089,Club Atletico Platense,1,3,1,54,46,12,13,4,2,4,3,4,8,0,0,8,7,4,6,2,2,4,2,2,1,18,11,17,16,2,2,0,0,0,2,22,25,7,10,7,4,9,14,1,1,67,64,53.0,42.0,14.0,22.0,17.0,2.0,447,387,352.0,285.0,208,158,144,127,30.0,18.0,6.0,1.0,1.33,1.44,1.21,0.89,0.13,0.55,1.33,1.44,,,0,2,6,2,2,3,4,4,0,2,0.0,1.0095,1.2249,0.1995,0.0756,0.0914,0.1436,0.1035,0.0,0.0368,9,8,1,0,1,2,1,3,0,0,1.1061,0.8899,0.2101,0.0,0.0981,0.3299,0.0297,0.2209,0.0,0.0,12,13,18.58,19.48
4086983,2023-02-19,arg,2023,Liga Profesional,4,Silvio Trucco,10089,Club Atletico Platense,10077,Boca Juniors,0,1,3,46,54,13,12,2,4,3,4,8,4,0,0,7,8,6,4,2,2,2,4,1,2,11,18,16,17,2,2,0,0,2,0,25,22,10,7,4,7,14,9,1,1,64,67,42.0,53.0,22.0,14.0,2.0,17.0,387,447,285.0,352.0,158,208,127,144,18.0,30.0,1.0,6.0,1.44,1.33,0.89,1.21,0.55,0.13,1.44,1.33,,,2,0,2,6,3,2,4,4,2,0,1.0095,0.0,0.1995,1.2249,0.0914,0.0756,0.1035,0.1436,0.0368,0.0,8,9,0,1,2,1,3,1,0,0,0.8899,1.1061,0.0,0.2101,0.3299,0.0981,0.2209,0.0297,0.0,0.0,13,12,19.48,18.58
4086976,2023-02-20,arg,2023,Liga Profesional,4,Darío Herrera,202757,Sarmiento,10083,San Lorenzo,1,0,1,47,53,13,10,5,5,6,3,2,2,0,0,6,7,7,3,6,5,3,2,3,1,24,19,10,13,3,2,0,0,4,1,18,19,7,6,2,3,31,44,4,4,65,73,36.0,37.0,29.0,36.0,5.0,8.0,306,345,191.0,252.0,99,119,92,133,26.0,32.0,5.0,6.0,1.18,1.43,0.75,1.39,0.42,0.03,1.18,1.43,1.06,2.23,1,2,5,3,0,2,5,3,2,0,0.3636,1.1996,0.6127,0.3867,0.0,0.0827,0.1953,0.0899,0.0456,0.0,9,9,1,0,1,0,2,1,0,0,0.765,1.725,0.0278,0.0,0.0245,0.0,0.4,0.0339,0.0,0.0,13,10,19.28,16.1
4086976,2023-02-20,arg,2023,Liga Profesional,4,Darío Herrera,10083,San Lorenzo,202757,Sarmiento,0,1,0,53,47,10,13,5,5,3,6,2,2,0,0,7,6,3,7,5,6,2,3,1,3,19,24,13,10,2,3,0,0,1,4,19,18,6,7,3,2,44,31,4,4,73,65,37.0,36.0,36.0,29.0,8.0,5.0,345,306,252.0,191.0,119,99,133,92,32.0,26.0,6.0,5.0,1.43,1.18,1.39,0.75,0.03,0.42,1.43,1.18,2.23,1.06,2,1,3,5,2,0,3,5,0,2,1.1996,0.3636,0.3867,0.6127,0.0827,0.0,0.0899,0.1953,0.0,0.0456,9,9,0,1,0,1,1,2,0,0,1.725,0.765,0.0,0.0278,0.0,0.0245,0.0339,0.4,0.0,0.0,10,13,16.1,19.28
4086981,2023-02-20,arg,2023,Liga Profesional,4,Fernando Andrés Rapallini,10078,Independiente,161730,Defensa y Justicia,1,0,2,62,38,16,15,2,5,10,7,4,3,1,0,8,9,8,6,4,2,2,5,2,3,31,15,10,16,3,4,0,0,1,1,20,37,9,15,4,4,11,18,2,2,70,68,58.0,57.0,12.0,11.0,22.0,11.0,499,318,415.0,217.0,159,139,256,78,20.0,24.0,7.0,2.0,1.59,2.27,1.22,2.24,0.37,0.03,1.59,2.27,,,1,0,5,8,2,1,6,3,2,3,0.249,0.0,0.8328,2.1161,0.0959,0.0442,0.3691,0.0721,0.0451,0.0703,12,10,0,4,2,1,2,0,0,0,1.2172,1.0661,0.0,1.2077,0.0745,0.0289,0.3004,0.0,0.0,0.0,16,15,18.01,19.6
4086981,2023-02-20,arg,2023,Liga Profesional,4,Fernando Andrés Rapallini,161730,Defensa y Justicia,10078,Independiente,0,2,0,38,62,15,16,5,2,7,10,3,4,0,1,9,8,6,8,2,4,5,2,3,2,15,31,16,10,4,3,0,0,1,1,37,20,15,9,4,4,18,11,2,2,68,70,57.0,58.0,11.0,12.0,11.0,22.0,318,499,217.0,415.0,139,159,78,256,24.0,20.0,2.0,7.0,2.27,1.59,2.24,1.22,0.03,0.37,2.27,1.59,,,0,1,8,5,1,2,3,6,3,2,0.0,0.249,2.1161,0.8328,0.0442,0.0959,0.0721,0.3691,0.0703,0.0451,10,12,4,0,1,2,0,2,0,0,1.0661,1.2172,1.2077,0.0,0.0289,0.0745,0.0,0.3004,0.0,0.0,15,16,19.6,18.01
4086984,2023-02-20,arg,2023,Liga Profesional,4,Luis Lobo Medina,10101,Talleres,213596,Central Cordoba de Santiago,1,2,0,56,44,20,6,7,2,11,3,2,1,0,0,15,5,5,1,7,4,4,0,2,0,41,8,11,6,2,2,0,0,0,3,19,16,7,15,1,3,16,9,2,4,68,48,50.0,38.0,18.0,10.0,25.0,11.0,562,438,461.0,327.0,261,187,200,140,35.0,22.0,9.0,3.0,2.4,0.34,1.38,0.19,1.02,0.15,2.4,0.34,3.37,0.07,2,0,8,4,5,1,3,0,2,1,0.8715,0.0,0.8616,0.2887,0.4224,0.0185,0.1793,0.0,0.0699,0.0323,14,3,0,0,6,2,0,1,0,0,1.381,0.1911,0.0,0.0,1.0236,0.0974,0.0,0.051,0.0,0.0,20,6,16.04,18.61
4086984,2023-02-20,arg,2023,Liga Profesional,4,Luis Lobo Medina,213596,Central Cordoba de Santiago,10101,Talleres,0,0,2,44,56,6,20,2,7,3,11,1,2,0,0,5,15,1,5,4,7,0,4,0,2,8,41,6,11,2,2,0,0,3,0,16,19,15,7,3,1,9,16,4,2,48,68,38.0,50.0,10.0,18.0,11.0,25.0,438,562,327.0,461.0,187,261,140,200,22.0,35.0,3.0,9.0,0.34,2.4,0.19,1.38,0.15,1.02,0.34,2.4,0.07,3.37,0,2,4,8,1,5,0,3,1,2,0.0,0.8715,0.2887,0.8616,0.0185,0.4224,0.0,0.1793,0.0323,0.0699,3,14,0,0,2,6,1,0,0,0,0.1911,1.381,0.0,0.0,0.0974,1.0236,0.051,0.0,0.0,0.0,6,20,18.61,16.04
4086982,2023-02-21,arg,2023,Liga Profesional,4,Nazareno Arasa,161727,Atletico Tucuman,10079,Velez Sarsfield,1,1,1,49,51,8,17,3,6,3,8,2,3,0,2,7,14,1,3,3,3,0,4,0,3,20,30,14,15,3,4,1,0,0,1,17,16,10,6,3,3,11,24,5,1,63,65,47.0,47.0,16.0,18.0,16.0,18.0,364,383,268.0,288.0,156,141,112,147,34.0,23.0,5.0,10.0,0.98,2.28,0.83,1.04,0.15,1.24,0.98,2.28,0.4,1.62,0,3,5,8,2,3,0,2,1,1,0.0,1.0953,0.491,0.9764,0.1474,0.1405,0.0,0.0394,0.3379,0.0252,6,10,0,1,1,2,1,4,0,0,0.8268,0.9606,0.0,0.0756,0.0572,0.2686,0.0924,0.972,0.0,0.0,8,17,17.41,14.68
4086982,2023-02-21,arg,2023,Liga Profesional,4,Nazareno Arasa,10079,Velez Sarsfield,161727,Atletico Tucuman,0,1,1,51,49,17,8,6,3,8,3,3,2,2,0,14,7,3,1,3,3,4,0,3,0,30,20,15,14,4,3,0,1,1,0,16,17,6,10,3,3,24,11,1,5,65,63,47.0,47.0,18.0,16.0,18.0,16.0,383,364,288.0,268.0,141,156,147,112,23.0,34.0,10.0,5.0,2.28,0.98,1.04,0.83,1.24,0.15,2.28,0.98,1.62,0.4,3,0,8,5,3,2,2,0,1,1,1.0953,0.0,0.9764,0.491,0.1405,0.1474,0.0394,0.0,0.0252,0.3379,10,6,1,0,2,1,4,1,0,0,0.9606,0.8268,0.0756,0.0,0.2686,0.0572,0.972,0.0924,0.0,0.0,17,8,14.68,17.41
4086992,2023-02-25,arg,2023,Liga Profesional,5,Ariel Penel,10083,San Lorenzo,10096,Union,1,1,0,41,59,13,3,3,1,5,0,5,2,0,0,5,1,8,2,3,6,1,0,0,0,13,5,13,16,1,5,0,1,4,4,17,15,7,8,2,5,13,13,1,2,62,60,42.0,43.0,20.0,17.0,9.0,15.0,311,457,218.0,365.0,119,233,99,132,19.0,17.0,5.0,2.0,0.75,0.09,0.53,0.09,0.22,0.0,0.75,0.09,0.89,0.04,1,0,4,1,0,0,4,1,4,1,0.2212,0.0,0.271,0.0539,0.0,0.0,0.1374,0.0216,0.1174,0.0169,7,3,1,0,3,0,2,0,0,0,0.4951,0.0924,0.0369,0.0,0.139,0.0,0.076,0.0,0.0,0.0,13,3,21.12,23.18
4086992,2023-02-25,arg,2023,Liga Profesional,5,Ariel Penel,10096,Union,10083,San Lorenzo,0,0,1,59,41,3,13,1,3,0,5,2,5,0,0,1,5,2,8,6,3,0,1,0,0,5,13,16,13,5,1,1,0,4,4,15,17,8,7,5,2,13,13,2,1,60,62,43.0,42.0,17.0,20.0,15.0,9.0,457,311,365.0,218.0,233,119,132,99,17.0,19.0,2.0,5.0,0.09,0.75,0.09,0.53,0.0,0.22,0.09,0.75,0.04,0.89,0,1,1,4,0,0,1,4,1,4,0.0,0.2212,0.0539,0.271,0.0,0.0,0.0216,0.1374,0.0169,0.1174,3,7,0,1,0,3,0,2,0,0,0.0924,0.4951,0.0,0.0369,0.0,0.139,0.0,0.076,0.0,0.0,3,13,23.18,21.12
4086993,2023-02-25,arg,2023,Liga Profesional,5,Andrés Merlos,10094,Estudiantes,202757,Sarmiento,1,1,1,65,35,12,10,3,2,4,4,5,4,0,0,7,5,5,5,4,3,0,1,0,0,16,16,8,15,1,1,0,0,0,1,17,15,1,10,4,6,21,24,1,1,56,61,36.0,27.0,20.0,34.0,5.0,4.0,561,302,440.0,179.0,203,91,237,88,30.0,25.0,6.0,3.0,0.86,0.42,0.83,0.37,0.03,0.05,0.86,0.42,0.04,1.01,1,1,5,2,1,2,2,3,3,2,0.2271,0.1993,0.4597,0.0462,0.048,0.0761,0.0579,0.0643,0.0693,0.0299,10,7,0,1,2,1,0,1,0,0,0.8272,0.3061,0.0,0.0609,0.0348,0.0192,0.0,0.0297,0.0,0.0,12,10,17.33,24.52
4086993,2023-02-25,arg,2023,Liga Profesional,5,Andrés Merlos,202757,Sarmiento,10094,Estudiantes,0,1,1,35,65,10,12,2,3,4,4,4,5,0,0,5,7,5,5,3,4,1,0,0,0,16,16,15,8,1,1,0,0,1,0,15,17,10,1,6,4,24,21,1,1,61,56,27.0,36.0,34.0,20.0,4.0,5.0,302,561,179.0,440.0,91,203,88,237,25.0,30.0,3.0,6.0,0.42,0.86,0.37,0.83,0.05,0.03,0.42,0.86,1.01,0.04,1,1,2,5,2,1,3,2,2,3,0.1993,0.2271,0.0462,0.4597,0.0761,0.048,0.0643,0.0579,0.0299,0.0693,7,10,1,0,1,2,1,0,0,0,0.3061,0.8272,0.0609,0.0,0.0192,0.0348,0.0297,0.0,0.0,0.0,10,12,24.52,17.33
4086994,2023-02-25,arg,2023,Liga Profesional,5,Pablo Echavarría,10084,Rosario Central,10227,Godoy Cruz,1,1,0,38,62,8,11,3,1,3,7,2,3,0,0,5,2,3,9,1,3,2,0,1,0,8,9,9,20,3,4,0,0,1,3,36,21,12,5,3,2,25,6,2,2,87,65,64.0,50.0,23.0,15.0,11.0,20.0,283,451,187.0,362.0,113,210,74,152,31.0,44.0,0.0,3.0,1.39,0.43,0.46,0.43,0.14,0.0,0.61,0.43,1.82,0.02,0,0,3,1,2,1,2,5,1,4,0.0,0.0,1.2023,0.0523,0.0531,0.0464,0.1227,0.1967,0.0164,0.1333,4,10,0,1,1,0,2,0,1,0,0.4622,0.3986,0.0,0.0301,0.0188,0.0,0.1251,0.0,0.7884,0.0,8,11,18.26,24.92
4086994,2023-02-25,arg,2023,Liga Profesional,5,Pablo Echavarría,10227,Godoy Cruz,10084,Rosario Central,0,0,1,62,38,11,8,1,3,7,3,3,2,0,0,2,5,9,3,3,1,0,2,0,1,9,8,20,9,4,3,0,0,3,1,21,36,5,12,2,3,6,25,2,2,65,87,50.0,64.0,15.0,23.0,20.0,11.0,451,283,362.0,187.0,210,113,152,74,44.0,31.0,3.0,0.0,0.43,1.39,0.43,0.46,0.0,0.14,0.43,0.61,0.02,1.82,0,0,1,3,1,2,5,2,4,1,0.0,0.0,0.0523,1.2023,0.0464,0.0531,0.1967,0.1227,0.1333,0.0164,10,4,1,0,0,1,0,2,0,1,0.3986,0.4622,0.0301,0.0,0.0,0.0188,0.0,0.1251,0.0,0.7884,11,8,24.92,18.26
4086997,2023-02-25,arg,2023,Liga Profesional,5,Fernando Espinoza,10092,Belgrano,89396,Tigre,1,0,2,31,69,8,20,3,7,5,12,0,1,0,1,3,11,5,9,2,3,0,4,0,3,6,19,8,8,3,4,1,0,2,2,5,14,14,14,1,0,24,8,5,3,29,52,22.0,36.0,7.0,16.0,9.0,15.0,271,621,185.0,525.0,91,278,94,247,31.0,33.0,4.0,7.0,0.26,2.12,0.06,1.94,0.2,0.19,0.26,2.12,0.11,0.99,0,0,3,9,0,2,1,5,4,4,0.0,0.0,0.1851,1.7359,0.0,0.0659,0.0137,0.217,0.0603,0.1037,4,14,0,1,2,1,2,4,0,0,0.0585,1.9101,0.0,0.0273,0.0762,0.0189,0.1243,0.1662,0.0,0.0,8,20,24.09,20.6
4086997,2023-02-25,arg,2023,Liga Profesional,5,Fernando Espinoza,89396,Tigre,10092,Belgrano,0,2,0,69,31,20,8,7,3,12,5,1,0,1,0,11,3,9,5,3,2,4,0,3,0,19,6,8,8,4,3,0,1,2,2,14,5,14,14,0,1,8,24,3,5,52,29,36.0,22.0,16.0,7.0,15.0,9.0,621,271,525.0,185.0,278,91,247,94,33.0,31.0,7.0,4.0,2.12,0.26,1.94,0.06,0.19,0.2,2.12,0.26,0.99,0.11,0,0,9,3,2,0,5,1,4,4,0.0,0.0,1.7359,0.1851,0.0659,0.0,0.217,0.0137,0.1037,0.0603,14,4,1,0,1,2,4,2,0,0,1.9101,0.0585,0.0273,0.0,0.0189,0.0762,0.1662,0.1243,0.0,0.0,20,8,20.6,24.09
4087000,2023-02-25,arg,2023,Liga Profesional,5,Hernán Mastrángelo,10089,Club Atletico Platense,10101,Talleres,1,2,4,51,49,14,11,8,7,5,2,1,2,0,0,7,9,7,2,4,2,0,7,0,3,23,18,12,17,2,1,0,0,0,1,21,12,10,4,2,1,6,27,3,6,65,52,43.0,36.0,22.0,16.0,7.0,12.0,452,450,344.0,347.0,216,198,128,149,30.0,33.0,3.0,2.0,0.59,4.25,0.5,2.72,0.09,1.53,0.59,4.25,1.32,3.98,0,4,5,3,2,2,5,0,2,2,0.0,3.2786,0.3227,0.8911,0.1004,0.0743,0.1393,0.0,0.0239,0.0562,11,7,0,0,2,1,1,3,0,0,0.5013,2.7214,0.0,0.0,0.0748,0.0351,0.0102,1.5437,0.0,0.0,14,11,20.23,12.67
4087000,2023-02-25,arg,2023,Liga Profesional,5,Hernán Mastrángelo,10101,Talleres,10089,Club Atletico Platense,0,4,2,49,51,11,14,7,8,2,5,2,1,0,0,9,7,2,7,2,4,7,0,3,0,18,23,17,12,1,2,0,0,1,0,12,21,4,10,1,2,27,6,6,3,52,65,36.0,43.0,16.0,22.0,12.0,7.0,450,452,347.0,344.0,198,216,149,128,33.0,30.0,2.0,3.0,4.25,0.59,2.72,0.5,1.53,0.09,4.25,0.59,3.98,1.32,4,0,3,5,2,2,0,5,2,2,3.2786,0.0,0.8911,0.3227,0.0743,0.1004,0.0,0.1393,0.0562,0.0239,7,11,0,0,1,2,3,1,0,0,2.7214,0.5013,0.0,0.0,0.0351,0.0748,1.5437,0.0102,0.0,0.0,11,14,12.67,20.23
4086987,2023-02-26,arg,2023,Liga Profesional,5,Leandro Rey Hilfer,161730,Defensa y Justicia,161727,Atletico Tucuman,1,3,0,47,53,11,12,5,1,3,9,3,2,0,2,7,4,4,8,4,5,3,0,0,0,25,21,9,16,2,2,0,0,1,2,20,21,14,7,2,3,28,11,1,2,52,41,45.0,35.0,7.0,6.0,11.0,6.0,417,455,343.0,378.0,182,189,161,189,19.0,23.0,5.0,6.0,2.0,0.55,1.16,0.43,0.05,0.12,1.21,0.55,2.97,0.3,0,0,6,3,1,1,2,3,2,5,0.0,0.0,1.8212,0.3004,0.0634,0.0536,0.0449,0.1082,0.0706,0.0901,7,9,1,0,1,2,1,1,1,0,0.7667,0.4329,0.3911,0.0,0.0143,0.0589,0.0395,0.0605,0.7884,0.0,11,12,16.4,21.42
4086987,2023-02-26,arg,2023,Liga Profesional,5,Leandro Rey Hilfer,161727,Atletico Tucuman,161730,Defensa y Justicia,0,0,3,53,47,12,11,1,5,9,3,2,3,2,0,4,7,8,4,5,4,0,3,0,0,21,25,16,9,2,2,0,0,2,1,21,20,7,14,3,2,11,28,2,1,41,52,35.0,45.0,6.0,7.0,6.0,11.0,455,417,378.0,343.0,189,182,189,161,23.0,19.0,6.0,5.0,0.55,2.0,0.43,1.16,0.12,0.05,0.55,1.21,0.3,2.97,0,0,3,6,1,1,3,2,5,2,0.0,0.0,0.3004,1.8212,0.0536,0.0634,0.1082,0.0449,0.0901,0.0706,9,7,0,1,2,1,1,1,0,1,0.4329,0.7667,0.0,0.3911,0.0589,0.0143,0.0605,0.0395,0.0,0.7884,12,11,21.42,16.4
4086991,2023-02-26,arg,2023,Liga Profesional,5,Nazareno Arasa,10088,Colon,10081,Huracan,1,1,1,56,44,11,10,3,4,5,5,3,1,0,0,8,7,3,3,6,6,2,4,1,3,19,16,12,14,3,1,0,0,1,1,13,23,7,12,1,3,17,27,3,2,59,69,33.0,47.0,26.0,22.0,10.0,12.0,426,344,337.0,234.0,202,152,135,82,38.0,27.0,5.0,4.0,1.11,1.81,0.81,0.54,0.31,1.27,1.11,1.81,1.65,1.57,1,2,6,3,1,2,1,3,2,0,0.1931,0.9387,0.8304,0.2612,0.0301,0.0901,0.0081,0.5197,0.0529,0.0,6,3,1,1,4,4,0,2,0,0,0.6812,0.1405,0.1275,0.4003,0.3058,1.0127,0.0,0.2561,0.0,0.0,11,10,16.29,14.28
4086991,2023-02-26,arg,2023,Liga Profesional,5,Nazareno Arasa,10081,Huracan,10088,Colon,0,1,1,44,56,10,11,4,3,5,5,1,3,0,0,7,8,3,3,6,6,4,2,3,1,16,19,14,12,1,3,0,0,1,1,23,13,12,7,3,1,27,17,2,3,69,59,47.0,33.0,22.0,26.0,12.0,10.0,344,426,234.0,337.0,152,202,82,135,27.0,38.0,4.0,5.0,1.81,1.11,0.54,0.81,1.27,0.31,1.81,1.11,1.57,1.65,2,1,3,6,2,1,3,1,0,2,0.9387,0.1931,0.2612,0.8304,0.0901,0.0301,0.5197,0.0081,0.0,0.0529,3,6,1,1,4,4,2,0,0,0,0.1405,0.6812,0.4003,0.1275,1.0127,0.3058,0.2561,0.0,0.0,0.0,10,11,14.28,16.29
4086996,2023-02-26,arg,2023,Liga Profesional,5,Nicolás Ramírez,10076,River Plate,10098,Arsenal Sarandi,1,1,2,65,35,19,10,10,5,5,2,4,3,0,0,13,6,6,4,11,6,2,2,1,0,38,13,9,14,2,2,0,0,3,1,17,18,11,8,3,4,12,33,3,9,58,47,42.0,33.0,16.0,14.0,11.0,6.0,533,285,449.0,208.0,240,118,209,90,38.0,20.0,7.0,4.0,2.01,1.76,1.9,0.83,0.12,0.15,2.01,0.98,1.69,1.67,1,0,8,6,4,0,4,2,2,2,0.8531,0.0,0.6272,1.5846,0.2536,0.0,0.239,0.1253,0.0399,0.0544,16,4,1,1,2,3,0,1,0,1,1.828,0.7467,0.0676,0.081,0.1173,0.1139,0.0,0.0343,0.0,0.7884,19,10,16.41,17.22
4086996,2023-02-26,arg,2023,Liga Profesional,5,Nicolás Ramírez,10098,Arsenal Sarandi,10076,River Plate,0,2,1,35,65,10,19,5,10,2,5,3,4,0,0,6,13,4,6,6,11,2,2,0,1,13,38,14,9,2,2,0,0,1,3,18,17,8,11,4,3,33,12,9,3,47,58,33.0,42.0,14.0,16.0,6.0,11.0,285,533,208.0,449.0,118,240,90,209,20.0,38.0,4.0,7.0,1.76,2.01,0.83,1.9,0.15,0.12,0.98,2.01,1.67,1.69,0,1,6,8,0,4,2,4,2,2,0.0,0.8531,1.5846,0.6272,0.0,0.2536,0.1253,0.239,0.0544,0.0399,4,16,1,1,3,2,1,0,1,0,0.7467,1.828,0.081,0.0676,0.1139,0.1173,0.0343,0.0,0.7884,0.0,10,19,17.22,16.41
4086999,2023-02-26,arg,2023,Liga Profesional,5,Yael Falcón Pérez,10079,Velez Sarsfield,10077,Boca Juniors,1,1,2,65,35,10,7,5,4,3,3,2,0,0,0,7,5,3,2,4,3,2,1,1,0,10,8,17,14,3,5,0,1,0,0,14,24,11,11,0,2,8,13,2,4,57,71,44.0,58.0,13.0,13.0,17.0,17.0,507,273,429.0,181.0,256,98,173,83,34.0,17.0,4.0,3.0,1.31,0.87,0.39,0.24,0.13,0.63,0.52,0.87,1.26,1.67,0,2,5,2,2,1,1,1,2,1,0.0,0.5583,1.1212,0.1384,0.1173,0.1086,0.0155,0.0325,0.0553,0.0351,6,3,0,0,1,1,2,3,1,0,0.395,0.2446,0.0,0.0,0.0219,0.4807,0.1041,0.1477,0.7884,0.0,10,7,19.79,15.57
4086999,2023-02-26,arg,2023,Liga Profesional,5,Yael Falcón Pérez,10077,Boca Juniors,10079,Velez Sarsfield,0,2,1,35,65,7,10,4,5,3,3,0,2,0,0,5,7,2,3,3,4,1,2,0,1,8,10,14,17,5,3,1,0,0,0,24,14,11,11,2,0,13,8,4,2,71,57,58.0,44.0,13.0,13.0,17.0,17.0,273,507,181.0,429.0,98,256,83,173,17.0,34.0,3.0,4.0,0.87,1.31,0.24,0.39,0.63,0.13,0.87,0.52,1.67,1.26,2,0,2,5,1,2,1,1,1,2,0.5583,0.0,0.1384,1.1212,0.1086,0.1173,0.0325,0.0155,0.0351,0.0553,3,6,0,0,1,1,3,2,0,1,0.2446,0.395,0.0,0.0,0.4807,0.0219,0.1477,0.1041,0.0,0.7884,7,10,15.57,19.79
4086988,2023-02-27,arg,2023,Liga Profesional,5,Germán Delfino,10087,Banfield,10078,Independiente,1,0,0,37,63,6,8,0,0,5,5,1,3,0,0,3,3,3,5,6,2,0,1,0,1,15,11,9,20,1,1,1,1,0,0,19,23,14,6,3,1,19,20,0,0,74,55,50.0,42.0,24.0,13.0,13.0,12.0,220,397,145.0,309.0,72,181,73,128,27.0,25.0,4.0,4.0,0.3,0.37,0.25,0.37,0.04,0.0,0.3,0.37,,,0,0,1,1,2,2,3,2,0,3,0.0,0.0,0.0443,0.1136,0.13,0.1353,0.1228,0.0363,0.0,0.0798,5,8,0,0,0,0,1,0,0,0,0.2528,0.365,0.0,0.0,0.0,0.0,0.0443,0.0,0.0,0.0,6,8,19.9,23.72
4086988,2023-02-27,arg,2023,Liga Profesional,5,Germán Delfino,10078,Independiente,10087,Banfield,0,0,0,63,37,8,6,0,0,5,5,3,1,0,0,3,3,5,3,2,6,1,0,1,0,11,15,20,9,1,1,1,1,0,0,23,19,6,14,1,3,20,19,0,0,55,74,42.0,50.0,13.0,24.0,12.0,13.0,397,220,309.0,145.0,181,72,128,73,25.0,27.0,4.0,4.0,0.37,0.3,0.37,0.25,0.0,0.04,0.37,0.3,,,0,0,1,1,2,2,2,3,3,0,0.0,0.0,0.1136,0.0443,0.1353,0.13,0.0363,0.1228,0.0798,0.0,8,5,0,0,0,0,0,1,0,0,0.365,0.2528,0.0,0.0,0.0,0.0,0.0,0.0443,0.0,0.0,8,6,23.72,19.9
4086989,2023-02-27,arg,2023,Liga Profesional,5,Silvio Trucco,10090,Instituto,10201,Newell's Old Boys,1,3,1,27,73,12,13,6,9,4,3,2,1,0,0,8,9,4,4,2,3,3,0,1,0,20,14,13,5,1,2,0,0,0,0,18,15,14,7,1,2,19,12,8,3,47,60,30.0,41.0,17.0,19.0,7.0,14.0,223,606,140.0,521.0,47,269,93,252,25.0,29.0,4.0,6.0,2.33,0.86,0.48,0.56,1.06,0.29,1.54,0.86,2.78,0.92,1,2,5,5,2,2,3,0,1,4,0.9817,0.2584,0.9589,0.4536,0.1226,0.0975,0.2621,0.0,0.0253,0.0585,5,9,2,0,3,1,1,3,1,0,0.2465,0.5741,0.2385,0.0,1.0187,0.1946,0.0588,0.0993,0.7884,0.0,12,13,15.74,17.92
4086989,2023-02-27,arg,2023,Liga Profesional,5,Silvio Trucco,10201,Newell's Old Boys,10090,Instituto,0,1,3,73,27,13,12,9,6,3,4,1,2,0,0,9,8,4,4,3,2,0,3,0,1,14,20,5,13,2,1,0,0,0,0,15,18,7,14,2,1,12,19,3,8,60,47,41.0,30.0,19.0,17.0,14.0,7.0,606,223,521.0,140.0,269,47,252,93,29.0,25.0,6.0,4.0,0.86,2.33,0.56,0.48,0.29,1.06,0.86,1.54,0.92,2.78,2,1,5,5,2,2,0,3,4,1,0.2584,0.9817,0.4536,0.9589,0.0975,0.1226,0.0,0.2621,0.0585,0.0253,9,5,0,2,1,3,3,1,0,1,0.5741,0.2465,0.0,0.2385,0.1946,1.0187,0.0993,0.0588,0.0,0.7884,13,12,17.92,15.74
4086990,2023-02-27,arg,2023,Liga Profesional,5,Nicolás Lamolina,213534,Barracas Central,10103,Gimnasia LP,1,1,0,45,55,9,15,3,3,5,5,1,7,0,1,4,8,5,7,3,8,1,3,1,3,10,23,16,16,2,4,0,0,0,3,15,25,3,6,6,1,24,10,3,2,51,73,37.0,57.0,14.0,16.0,9.0,19.0,274,318,163.0,210.0,66,107,97,103,21.0,28.0,5.0,2.0,1.04,1.34,0.57,1.22,0.47,0.12,1.04,1.34,0.4,1.77,1,0,3,6,0,2,4,3,1,4,0.312,0.0,0.5847,1.0442,0.0,0.0544,0.1245,0.1254,0.0202,0.1135,5,11,0,1,2,2,2,1,0,0,0.5713,1.1599,0.0,0.0604,0.3991,0.0767,0.0709,0.0406,0.0,0.0,9,15,18.94,18.98
4086990,2023-02-27,arg,2023,Liga Profesional,5,Nicolás Lamolina,10103,Gimnasia LP,213534,Barracas Central,0,0,1,55,45,15,9,3,3,5,5,7,1,1,0,8,4,7,5,8,3,3,1,3,1,23,10,16,16,4,2,0,0,3,0,25,15,6,3,1,6,10,24,2,3,73,51,57.0,37.0,16.0,14.0,19.0,9.0,318,274,210.0,163.0,107,66,103,97,28.0,21.0,2.0,5.0,1.34,1.04,1.22,0.57,0.12,0.47,1.34,1.04,1.77,0.4,0,1,6,3,2,0,3,4,4,1,0.0,0.312,1.0442,0.5847,0.0544,0.0,0.1254,0.1245,0.1135,0.0202,11,5,1,0,2,2,1,2,0,0,1.1599,0.5713,0.0604,0.0,0.0767,0.3991,0.0406,0.0709,0.0,0.0,15,9,18.98,18.94
4086995,2023-02-27,arg,2023,Liga Profesional,5,Facundo Raúl Tello Figueroa,10080,Racing Club,10082,Lanus,1,2,1,62,38,15,11,4,2,4,6,7,3,1,1,5,7,10,4,6,5,1,0,1,0,19,23,14,16,3,3,0,0,1,1,16,18,7,11,1,6,24,19,1,2,51,64,45.0,47.0,6.0,17.0,14.0,16.0,435,265,356.0,181.0,178,86,178,95,29.0,20.0,4.0,7.0,1.09,0.5,0.76,0.18,0.33,0.32,1.09,0.5,1.68,0.28,1,0,3,7,1,0,7,1,3,3,0.4419,0.0,0.1786,0.3988,0.0772,0.0,0.2943,0.0245,0.0941,0.0814,6,5,1,0,2,4,6,2,0,0,0.3185,0.1842,0.4419,0.0,0.0654,0.2171,0.2603,0.1034,0.0,0.0,15,11,21.46,17.08
4086995,2023-02-27,arg,2023,Liga Profesional,5,Facundo Raúl Tello Figueroa,10082,Lanus,10080,Racing Club,0,1,2,38,62,11,15,2,4,6,4,3,7,1,1,7,5,4,10,5,6,0,1,0,1,23,19,16,14,3,3,0,0,1,1,18,16,11,7,6,1,19,24,2,1,64,51,47.0,45.0,17.0,6.0,16.0,14.0,265,435,181.0,356.0,86,178,95,178,20.0,29.0,7.0,4.0,0.5,1.09,0.18,0.76,0.32,0.33,0.5,1.09,0.28,1.68,0,1,7,3,0,1,1,7,3,3,0.0,0.4419,0.3988,0.1786,0.0,0.0772,0.0245,0.2943,0.0814,0.0941,5,6,0,1,4,2,2,6,0,0,0.1842,0.3185,0.0,0.4419,0.2171,0.0654,0.1034,0.2603,0.0,0.0,11,15,17.08,21.46
4086998,2023-02-28,arg,2023,Liga Profesional,5,Darío Herrera,213596,Central Cordoba de Santiago,10086,Argentinos Juniors,1,1,0,24,76,6,16,1,4,4,9,1,3,0,0,6,11,0,5,3,7,1,0,0,0,9,32,6,9,2,1,0,0,4,1,9,23,5,2,3,1,36,6,4,0,46,66,22.0,35.0,24.0,31.0,5.0,6.0,194,598,99.0,494.0,54,228,45,266,13.0,33.0,4.0,14.0,0.81,0.94,0.72,0.82,0.09,0.12,0.81,0.94,0.89,0.64,1,3,3,5,2,3,0,4,0,1,0.6033,0.4103,0.0891,0.3317,0.1169,0.1123,0.0,0.0709,0.0,0.0156,2,14,1,0,3,2,0,0,0,0,0.1169,0.839,0.6033,0.0,0.0891,0.1018,0.0,0.0,0.0,0.0,6,16,12.3,16.77
4086998,2023-02-28,arg,2023,Liga Profesional,5,Darío Herrera,10086,Argentinos Juniors,213596,Central Cordoba de Santiago,0,0,1,76,24,16,6,4,1,9,4,3,1,0,0,11,6,5,0,7,3,0,1,0,0,32,9,9,6,1,2,0,0,1,4,23,9,2,5,1,3,6,36,0,4,66,46,35.0,22.0,31.0,24.0,6.0,5.0,598,194,494.0,99.0,228,54,266,45,33.0,13.0,14.0,4.0,0.94,0.81,0.82,0.72,0.12,0.09,0.94,0.81,0.64,0.89,3,1,5,3,3,2,4,0,1,0,0.4103,0.6033,0.3317,0.0891,0.1123,0.1169,0.0709,0.0,0.0156,0.0,14,2,0,1,2,3,0,0,0,0,0.839,0.1169,0.0,0.6033,0.1018,0.0891,0.0,0.0,0.0,0.0,16,6,16.77,12.3
4087023,2023-03-03,arg,2023,Liga Profesional,6,Pablo Echavarría,10096,Union,10094,Estudiantes,1,2,0,49,51,13,16,8,5,3,7,2,4,0,0,9,6,4,10,4,5,2,1,1,1,25,14,14,10,5,1,0,0,2,3,11,21,9,8,4,3,26,19,5,5,47,50,33.0,45.0,14.0,5.0,12.0,10.0,403,412,331.0,334.0,175,150,156,184,27.0,26.0,2.0,8.0,1.37,0.78,0.46,0.6,0.91,0.18,1.37,0.78,1.72,1.05,2,0,4,6,3,0,3,6,1,4,1.0134,0.0,0.4151,0.3807,0.1267,0.0,0.0732,0.2778,0.028,0.1231,7,11,1,0,4,3,1,2,0,0,0.2669,0.6021,0.1904,0.0,1.1658,0.1139,0.0333,0.0655,0.0,0.0,13,16,17.23,20.27
4087023,2023-03-03,arg,2023,Liga Profesional,6,Pablo Echavarría,10094,Estudiantes,10096,Union,0,0,2,51,49,16,13,5,8,7,3,4,2,0,0,6,9,10,4,5,4,1,2,1,1,14,25,10,14,1,5,0,0,3,2,21,11,8,9,3,4,19,26,5,5,50,47,45.0,33.0,5.0,14.0,10.0,12.0,412,403,334.0,331.0,150,175,184,156,26.0,27.0,8.0,2.0,0.78,1.37,0.6,0.46,0.18,0.91,0.78,1.37,1.05,1.72,0,2,6,4,0,3,6,3,4,1,0.0,1.0134,0.3807,0.4151,0.0,0.1267,0.2778,0.0732,0.1231,0.028,11,7,0,1,3,4,2,1,0,0,0.6021,0.2669,0.0,0.1904,0.1139,1.1658,0.0655,0.0333,0.0,0.0,16,13,20.27,17.23
4087024,2023-03-03,arg,2023,Liga Profesional,6,Fernando Echenique,202757,Sarmiento,10084,Rosario Central,1,4,1,51,49,29,13,14,7,12,6,3,0,1,0,18,5,11,8,13,5,4,1,2,1,26,11,13,8,4,2,0,1,1,0,20,8,9,9,0,3,12,17,6,10,49,46,36.0,28.0,13.0,18.0,8.0,7.0,309,315,241.0,240.0,125,93,116,147,35.0,25.0,14.0,2.0,3.53,0.83,2.28,0.67,0.46,0.17,2.74,0.83,3.81,1.41,3,0,14,3,1,2,7,3,4,5,1.3445,0.0,1.8539,0.5942,0.0436,0.0802,0.2191,0.0512,0.0939,0.1075,18,5,1,1,8,5,1,2,1,0,1.504,0.6333,0.8009,0.0332,0.4272,0.0978,0.0344,0.0688,0.7884,0.0,29,13,15.94,23.95
4087024,2023-03-03,arg,2023,Liga Profesional,6,Fernando Echenique,10084,Rosario Central,202757,Sarmiento,0,1,4,49,51,13,29,7,14,6,12,0,3,0,1,5,18,8,11,5,13,1,4,1,2,11,26,8,13,2,4,1,0,0,1,8,20,9,9,3,0,17,12,10,6,46,49,28.0,36.0,18.0,13.0,7.0,8.0,315,309,240.0,241.0,93,125,147,116,25.0,35.0,2.0,14.0,0.83,3.53,0.67,2.28,0.17,0.46,0.83,2.74,1.41,3.81,0,3,3,14,2,1,3,7,5,4,0.0,1.3445,0.5942,1.8539,0.0802,0.0436,0.0512,0.2191,0.1075,0.0939,5,18,1,1,5,8,2,1,0,1,0.6333,1.504,0.0332,0.8009,0.0978,0.4272,0.0688,0.0344,0.0,0.7884,13,29,23.95,15.94
4087014,2023-03-04,arg,2023,Liga Profesional,6,Darío Herrera,10082,Lanus,10076,River Plate,1,0,2,48,52,13,3,3,2,4,1,6,0,0,0,10,3,3,0,10,1,3,1,3,1,27,10,16,15,4,5,0,0,7,1,23,15,7,6,0,6,10,34,0,3,62,60,45.0,39.0,17.0,21.0,9.0,9.0,358,416,281.0,331.0,166,150,115,181,28.0,28.0,9.0,2.0,1.03,0.8,0.66,0.8,0.36,0.0,1.03,0.8,1.17,0.38,1,0,7,3,2,0,2,0,1,0,0.2809,0.0,0.4715,0.8025,0.1957,0.0,0.044,0.0,0.0333,0.0,7,3,0,0,3,0,3,0,0,0,0.6607,0.8025,0.0,0.0,0.1314,0.0,0.2334,0.0,0.0,0.0,13,3,15.49,12.51
4087014,2023-03-04,arg,2023,Liga Profesional,6,Darío Herrera,10076,River Plate,10082,Lanus,0,2,0,52,48,3,13,2,3,1,4,0,6,0,0,3,10,0,3,1,10,1,3,1,3,10,27,15,16,5,4,0,0,1,7,15,23,6,7,6,0,34,10,3,0,60,62,39.0,45.0,21.0,17.0,9.0,9.0,416,358,331.0,281.0,150,166,181,115,28.0,28.0,2.0,9.0,0.8,1.03,0.8,0.66,0.0,0.36,0.8,1.03,0.38,1.17,0,1,3,7,0,2,0,2,0,1,0.0,0.2809,0.8025,0.4715,0.0,0.1957,0.0,0.044,0.0,0.0333,3,7,0,0,0,3,0,3,0,0,0.8025,0.6607,0.0,0.0,0.0,0.1314,0.0,0.2334,0.0,0.0,3,13,12.51,15.49
4087015,2023-03-04,arg,2023,Liga Profesional,6,Fernando Andrés Rapallini,10089,Club Atletico Platense,213596,Central Cordoba de Santiago,1,1,1,51,49,20,13,6,3,9,8,5,2,0,0,9,4,11,9,3,1,2,0,2,0,22,20,8,10,1,0,0,0,0,3,22,15,8,7,2,5,22,20,2,5,73,66,43.0,37.0,30.0,29.0,11.0,14.0,350,334,252.0,223.0,125,89,127,134,33.0,24.0,7.0,2.0,1.71,0.8,1.62,0.8,0.09,0.0,1.71,0.8,1.97,1.32,1,1,7,1,2,2,5,5,5,4,0.1431,0.2099,1.0284,0.078,0.1673,0.0839,0.2774,0.2632,0.1703,0.1671,16,12,3,1,1,0,0,0,0,0,0.9083,0.7225,0.7853,0.0795,0.0928,0.0,0.0,0.0,0.0,0.0,20,13,19.23,20.51
4087015,2023-03-04,arg,2023,Liga Profesional,6,Fernando Andrés Rapallini,213596,Central Cordoba de Santiago,10089,Club Atletico Platense,0,1,1,49,51,13,20,3,6,8,9,2,5,0,0,4,9,9,11,1,3,0,2,0,2,20,22,10,8,0,1,0,0,3,0,15,22,7,8,5,2,20,22,5,2,66,73,37.0,43.0,29.0,30.0,14.0,11.0,334,350,223.0,252.0,89,125,134,127,24.0,33.0,2.0,7.0,0.8,1.71,0.8,1.62,0.0,0.09,0.8,1.71,1.32,1.97,1,1,1,7,2,2,5,5,4,5,0.2099,0.1431,0.078,1.0284,0.0839,0.1673,0.2632,0.2774,0.1671,0.1703,12,16,1,3,0,1,0,0,0,0,0.7225,0.9083,0.0795,0.7853,0.0,0.0928,0.0,0.0,0.0,0.0,13,20,20.51,19.23
4087021,2023-03-04,arg,2023,Liga Profesional,6,Yael Falcón Pérez,10103,Gimnasia LP,10088,Colon,1,0,0,59,41,14,8,4,3,6,3,4,2,0,0,7,3,7,5,7,2,2,2,2,2,25,13,13,21,4,4,0,0,0,4,27,29,10,10,2,3,10,32,3,4,74,75,63.0,51.0,11.0,24.0,16.0,9.0,374,259,275.0,164.0,130,89,145,75,36.0,23.0,4.0,1.0,1.18,0.57,1.12,0.57,0.06,0.0,1.18,0.57,0.85,0.65,2,0,3,1,2,2,4,4,3,1,0.325,0.0,0.5318,0.0882,0.1111,0.3529,0.1533,0.0881,0.0555,0.0383,13,6,0,2,1,0,0,0,0,0,1.1298,0.3381,0.0,0.2294,0.047,0.0,0.0,0.0,0.0,0.0,14,8,19.45,21.68
4087021,2023-03-04,arg,2023,Liga Profesional,6,Yael Falcón Pérez,10088,Colon,10103,Gimnasia LP,0,0,0,41,59,8,14,3,4,3,6,2,4,0,0,3,7,5,7,2,7,2,2,2,2,13,25,21,13,4,4,0,0,4,0,29,27,10,10,3,2,32,10,4,3,75,74,51.0,63.0,24.0,11.0,9.0,16.0,259,374,164.0,275.0,89,130,75,145,23.0,36.0,1.0,4.0,0.57,1.18,0.57,1.12,0.0,0.06,0.57,1.18,0.65,0.85,0,2,1,3,2,2,4,4,1,3,0.0,0.325,0.0882,0.5318,0.3529,0.1111,0.0881,0.1533,0.0383,0.0555,6,13,2,0,0,1,0,0,0,0,0.3381,1.1298,0.2294,0.0,0.0,0.047,0.0,0.0,0.0,0.0,8,14,21.68,19.45
4087018,2023-03-05,arg,2023,Liga Profesional,6,Ariel Penel,161727,Atletico Tucuman,10087,Banfield,1,1,0,43,57,10,7,2,2,5,3,3,2,0,0,5,4,5,3,6,2,3,0,2,0,16,9,15,15,3,6,0,0,2,1,21,16,14,11,2,3,24,19,3,2,62,62,46.0,40.0,16.0,22.0,11.0,9.0,295,397,204.0,303.0,74,179,130,124,27.0,30.0,4.0,4.0,1.32,0.32,1.06,0.29,0.26,0.04,1.32,0.32,,,0,0,5,3,0,1,1,0,4,3,0.0,0.0,1.1297,0.2044,0.0,0.04,0.0493,0.0,0.136,0.0799,6,6,0,0,1,1,3,0,0,0,1.0591,0.2869,0.0,0.0,0.0447,0.0374,0.2111,0.0,0.0,0.0,10,7,18.47,19.17
4087018,2023-03-05,arg,2023,Liga Profesional,6,Ariel Penel,10087,Banfield,161727,Atletico Tucuman,0,0,1,57,43,7,10,2,2,3,5,2,3,0,0,4,5,3,5,2,6,0,3,0,2,9,16,15,15,6,3,0,0,1,2,16,21,11,14,3,2,19,24,2,3,62,62,40.0,46.0,22.0,16.0,9.0,11.0,397,295,303.0,204.0,179,74,124,130,30.0,27.0,4.0,4.0,0.32,1.32,0.29,1.06,0.04,0.26,0.32,1.32,,,0,0,3,5,1,0,0,1,3,4,0.0,0.0,0.2044,1.1297,0.04,0.0,0.0,0.0493,0.0799,0.136,6,6,0,0,1,1,0,3,0,0,0.2869,1.0591,0.0,0.0,0.0374,0.0447,0.0,0.2111,0.0,0.0,7,10,19.17,18.47
4087019,2023-03-05,arg,2023,Liga Profesional,6,Nicolás Ramírez,10078,Independiente,10090,Instituto,1,2,2,45,55,18,11,7,5,8,4,3,2,2,0,12,9,6,2,3,11,3,4,1,3,28,22,12,10,3,4,0,0,4,0,15,11,8,7,2,3,20,21,3,5,60,51,40.0,32.0,20.0,19.0,16.0,10.0,311,377,211.0,253.0,89,104,122,149,23.0,19.0,2.0,8.0,2.3,1.81,1.18,0.87,0.33,0.95,1.51,1.81,2.72,1.9,2,1,5,6,5,2,5,2,1,0,0.6315,0.3231,1.337,1.1211,0.226,0.2524,0.1458,0.1165,0.0396,0.0,13,5,0,1,3,2,1,3,1,0,1.2513,0.6482,0.0,0.2197,0.3022,0.4694,0.0379,0.4758,0.7884,0.0,18,11,17.91,13.13
4087019,2023-03-05,arg,2023,Liga Profesional,6,Nicolás Ramírez,10090,Instituto,10078,Independiente,0,2,2,55,45,11,18,5,7,4,8,2,3,0,2,9,12,2,6,11,3,4,3,3,1,22,28,10,12,4,3,0,0,0,4,11,15,7,8,3,2,21,20,5,3,51,60,32.0,40.0,19.0,20.0,10.0,16.0,377,311,253.0,211.0,104,89,149,122,19.0,23.0,8.0,2.0,1.81,2.3,0.87,1.18,0.95,0.33,1.81,1.51,1.9,2.72,1,2,6,5,2,5,2,5,0,1,0.3231,0.6315,1.1211,1.337,0.2524,0.226,0.1165,0.1458,0.0,0.0396,5,13,1,0,2,3,3,1,0,1,0.6482,1.2513,0.2197,0.0,0.4694,0.3022,0.4758,0.0379,0.0,0.7884,11,18,13.13,17.91
4087020,2023-03-05,arg,2023,Liga Profesional,6,Luis Lobo Medina,10201,Newell's Old Boys,213534,Barracas Central,1,1,0,54,46,17,7,7,2,8,2,2,3,1,0,9,5,8,2,9,5,3,1,3,1,27,22,22,10,3,1,0,0,2,2,22,21,7,13,2,2,15,9,2,6,57,64,43.0,55.0,14.0,9.0,13.0,12.0,383,325,287.0,225.0,138,133,149,92,25.0,16.0,6.0,5.0,1.47,0.5,1.34,0.26,0.13,0.23,1.47,0.5,,,1,1,6,3,2,1,2,1,6,1,0.7498,0.2185,0.4551,0.2289,0.0912,0.0259,0.0771,0.0098,0.0965,0.0148,11,5,1,0,5,2,0,0,0,0,1.2243,0.2647,0.1167,0.0,0.1287,0.2334,0.0,0.0,0.0,0.0,17,7,20.65,17.15
4087020,2023-03-05,arg,2023,Liga Profesional,6,Luis Lobo Medina,213534,Barracas Central,10201,Newell's Old Boys,0,0,1,46,54,7,17,2,7,2,8,3,2,0,1,5,9,2,8,5,9,1,3,1,3,22,27,10,22,1,3,0,0,2,2,21,22,13,7,2,2,9,15,6,2,64,57,55.0,43.0,9.0,14.0,12.0,13.0,325,383,225.0,287.0,133,138,92,149,16.0,25.0,5.0,6.0,0.5,1.47,0.26,1.34,0.23,0.13,0.5,1.47,,,1,1,3,6,1,2,1,2,1,6,0.2185,0.7498,0.2289,0.4551,0.0259,0.0912,0.0098,0.0771,0.0148,0.0965,5,11,0,1,2,5,0,0,0,0,0.2647,1.2243,0.0,0.1167,0.2334,0.1287,0.0,0.0,0.0,0.0,7,17,17.15,20.65
4087022,2023-03-05,arg,2023,Liga Profesional,6,Facundo Raúl Tello Figueroa,10081,Huracan,10083,San Lorenzo,1,1,1,60,40,9,7,4,3,2,4,3,0,0,0,7,4,2,3,5,4,2,1,1,1,16,6,10,14,2,2,2,2,3,0,20,14,10,7,0,3,8,31,2,3,73,62,40.0,33.0,33.0,29.0,6.0,10.0,428,295,311.0,186.0,171,85,140,101,31.0,19.0,6.0,3.0,1.23,0.45,0.3,0.17,0.15,0.28,0.44,0.45,1.6,0.49,1,1,3,2,3,1,1,3,1,0,0.147,0.2479,0.9089,0.0984,0.1453,0.0392,0.0187,0.062,0.0154,0.0,7,4,0,0,1,3,0,0,1,0,0.2999,0.1715,0.0,0.0,0.147,0.276,0.0,0.0,0.7884,0.0,9,7,16.26,17.77
4087022,2023-03-05,arg,2023,Liga Profesional,6,Facundo Raúl Tello Figueroa,10083,San Lorenzo,10081,Huracan,0,1,1,40,60,7,9,3,4,4,2,0,3,0,0,4,7,3,2,4,5,1,2,1,1,6,16,14,10,2,2,2,2,0,3,14,20,7,10,3,0,31,8,3,2,62,73,33.0,40.0,29.0,33.0,10.0,6.0,295,428,186.0,311.0,85,171,101,140,19.0,31.0,3.0,6.0,0.45,1.23,0.17,0.3,0.28,0.15,0.45,0.44,0.49,1.6,1,1,2,3,1,3,3,1,0,1,0.2479,0.147,0.0984,0.9089,0.0392,0.1453,0.062,0.0187,0.0,0.0154,4,7,0,0,3,1,0,0,0,1,0.1715,0.2999,0.0,0.0,0.276,0.147,0.0,0.0,0.0,0.7884,7,9,17.77,16.26
4087012,2023-03-06,arg,2023,Liga Profesional,6,Nazareno Arasa,89396,Tigre,10086,Argentinos Juniors,1,0,1,43,57,13,11,2,7,5,3,6,1,0,0,8,8,5,3,8,5,1,3,1,2,18,25,10,14,2,2,1,0,3,4,18,22,15,7,2,6,18,15,5,2,59,59,40.0,44.0,19.0,15.0,8.0,12.0,334,454,243.0,349.0,137,195,106,154,28.0,23.0,7.0,4.0,0.47,1.89,0.27,0.9,0.2,0.2,0.47,1.1,0.63,1.81,0,0,4,6,4,2,2,1,3,2,0.0,0.0,0.1586,1.6821,0.0868,0.0917,0.1503,0.0605,0.0729,0.0508,7,6,0,0,5,3,1,1,0,1,0.2659,0.8977,0.0,0.0,0.1802,0.1385,0.0224,0.0605,0.0,0.7884,13,11,17.73,15.78
4087012,2023-03-06,arg,2023,Liga Profesional,6,Nazareno Arasa,10086,Argentinos Juniors,89396,Tigre,0,1,0,57,43,11,13,7,2,3,5,1,6,0,0,8,8,3,5,5,8,3,1,2,1,25,18,14,10,2,2,0,1,4,3,22,18,7,15,6,2,15,18,2,5,59,59,44.0,40.0,15.0,19.0,12.0,8.0,454,334,349.0,243.0,195,137,154,106,23.0,28.0,4.0,7.0,1.89,0.47,0.9,0.27,0.2,0.2,1.1,0.47,1.81,0.63,0,0,6,4,2,4,1,2,2,3,0.0,0.0,1.6821,0.1586,0.0917,0.0868,0.0605,0.1503,0.0508,0.0729,6,7,0,0,3,5,1,1,1,0,0.8977,0.2659,0.0,0.0,0.1385,0.1802,0.0605,0.0224,0.7884,0.0,11,13,15.78,17.73
4087013,2023-03-06,arg,2023,Liga Profesional,6,Hernán Mastrángelo,10098,Arsenal Sarandi,10092,Belgrano,1,0,1,60,40,5,14,2,3,3,9,0,2,2,0,4,9,1,5,4,2,2,2,2,1,16,24,9,12,2,1,0,0,1,1,13,19,10,10,2,0,5,25,2,2,52,51,41.0,35.0,11.0,16.0,16.0,8.0,471,304,375.0,217.0,223,106,152,111,22.0,46.0,4.0,10.0,1.16,1.75,1.03,0.74,0.13,0.23,1.16,0.97,0.89,1.02,2,1,1,7,1,1,1,2,0,3,0.9162,0.1773,0.1778,1.272,0.0607,0.0224,0.0289,0.1273,0.0,0.1557,4,11,0,0,1,1,0,1,0,1,1.0564,0.735,0.0,0.0,0.1273,0.1179,0.0,0.1134,0.0,0.7884,5,14,13.33,15.42
4087013,2023-03-06,arg,2023,Liga Profesional,6,Hernán Mastrángelo,10092,Belgrano,10098,Arsenal Sarandi,0,1,0,40,60,14,5,3,2,9,3,2,0,0,2,9,4,5,1,2,4,2,2,1,2,24,16,12,9,1,2,0,0,1,1,19,13,10,10,0,2,25,5,2,2,51,52,35.0,41.0,16.0,11.0,8.0,16.0,304,471,217.0,375.0,106,223,111,152,46.0,22.0,10.0,4.0,1.75,1.16,0.74,1.03,0.23,0.13,0.97,1.16,1.02,0.89,1,2,7,1,1,1,2,1,3,0,0.1773,0.9162,1.272,0.1778,0.0224,0.0607,0.1273,0.0289,0.1557,0.0,11,4,0,0,1,1,1,0,1,0,0.735,1.0564,0.0,0.0,0.1179,0.1273,0.1134,0.0,0.7884,0.0,14,5,15.42,13.33
4087016,2023-03-06,arg,2023,Liga Profesional,6,Andrés Merlos,10101,Talleres,10079,Velez Sarsfield,1,1,2,43,57,7,8,2,1,3,4,2,3,0,0,5,4,2,4,2,6,1,1,1,0,19,11,11,13,3,2,1,1,2,2,24,19,9,9,3,2,9,13,0,1,63,57,50.0,37.0,13.0,20.0,15.0,7.0,336,458,235.0,365.0,120,243,115,122,30.0,34.0,2.0,4.0,0.94,0.89,0.85,0.58,0.1,0.31,0.94,0.89,0.25,0.94,0,0,5,3,0,1,1,3,1,1,0.0,0.0,0.8943,0.611,0.0,0.0382,0.0335,0.2196,0.0159,0.0196,5,3,1,1,0,1,1,3,0,0,0.3083,0.0983,0.5401,0.483,0.0,0.0516,0.0953,0.2557,0.0,0.0,7,8,17.69,18.95
4087016,2023-03-06,arg,2023,Liga Profesional,6,Andrés Merlos,10079,Velez Sarsfield,10101,Talleres,0,2,1,57,43,8,7,1,2,4,3,3,2,0,0,4,5,4,2,6,2,1,1,0,1,11,19,13,11,2,3,1,1,2,2,19,24,9,9,2,3,13,9,1,0,57,63,37.0,50.0,20.0,13.0,7.0,15.0,458,336,365.0,235.0,243,120,122,115,34.0,30.0,4.0,2.0,0.89,0.94,0.58,0.85,0.31,0.1,0.89,0.94,0.94,0.25,0,0,3,5,1,0,3,1,1,1,0.0,0.0,0.611,0.8943,0.0382,0.0,0.2196,0.0335,0.0196,0.0159,3,5,1,1,1,0,3,1,0,0,0.0983,0.3083,0.483,0.5401,0.0516,0.0,0.2557,0.0953,0.0,0.0,8,7,18.95,17.69
4087025,2023-03-06,arg,2023,Liga Profesional,6,Leandro Rey Hilfer,10227,Godoy Cruz,10080,Racing Club,1,2,0,42,58,13,12,7,2,5,8,1,2,1,0,9,5,4,7,4,3,3,1,3,1,29,7,18,10,5,4,0,0,2,5,9,17,4,7,2,2,20,20,2,4,48,55,24.0,41.0,24.0,14.0,7.0,6.0,252,349,152.0,260.0,52,123,100,137,34.0,30.0,5.0,4.0,2.11,0.96,1.74,0.57,0.37,0.4,2.11,0.96,,,1,1,7,4,1,0,3,3,1,4,0.1284,0.173,1.7925,0.2073,0.135,0.0,0.1153,0.5058,0.0202,0.0753,7,7,2,1,2,1,2,3,0,0,1.0544,0.2251,0.7659,0.3893,0.2018,0.0669,0.1693,0.28,0.0,0.0,13,12,14.83,20.09
4087025,2023-03-06,arg,2023,Liga Profesional,6,Leandro Rey Hilfer,10080,Racing Club,10227,Godoy Cruz,0,0,2,58,42,12,13,2,7,8,5,2,1,0,1,5,9,7,4,3,4,1,3,1,3,7,29,10,18,4,5,0,0,5,2,17,9,7,4,2,2,20,20,4,2,55,48,41.0,24.0,14.0,24.0,6.0,7.0,349,252,260.0,152.0,123,52,137,100,30.0,34.0,4.0,5.0,0.96,2.11,0.57,1.74,0.4,0.37,0.96,2.11,,,1,1,4,7,0,1,3,3,4,1,0.173,0.1284,0.2073,1.7925,0.0,0.135,0.5058,0.1153,0.0753,0.0202,7,7,1,2,1,2,3,2,0,0,0.2251,1.0544,0.3893,0.7659,0.0669,0.2018,0.28,0.1693,0.0,0.0,12,13,20.09,14.83
4087017,2023-03-07,arg,2023,Liga Profesional,6,Fernando Espinoza,10077,Boca Juniors,161730,Defensa y Justicia,1,0,0,59,41,25,20,4,8,14,8,7,4,2,2,12,12,13,8,13,3,4,5,4,5,28,30,4,13,1,6,0,0,0,1,16,18,7,7,4,8,8,32,8,3,53,43,41.0,30.0,12.0,13.0,13.0,8.0,418,302,351.0,231.0,159,128,192,103,28.0,22.0,12.0,4.0,2.18,2.28,1.81,1.98,0.37,0.3,2.18,2.28,0.32,2.14,2,3,8,8,2,1,5,6,8,2,0.5972,0.5452,1.2251,1.4609,0.059,0.0232,0.1294,0.2652,0.1692,0.0474,18,17,0,0,5,2,2,1,0,0,1.8129,2.0434,0.0,0.0,0.2972,0.2374,0.0699,0.0612,0.0,0.0,25,20,19.42,16.5
4087017,2023-03-07,arg,2023,Liga Profesional,6,Fernando Espinoza,161730,Defensa y Justicia,10077,Boca Juniors,0,0,0,41,59,20,25,8,4,8,14,4,7,2,2,12,12,8,13,3,13,5,4,5,4,30,28,13,4,6,1,0,0,1,0,18,16,7,7,8,4,32,8,3,8,43,53,30.0,41.0,13.0,12.0,8.0,13.0,302,418,231.0,351.0,128,159,103,192,22.0,28.0,4.0,12.0,2.28,2.18,1.98,1.81,0.3,0.37,2.28,2.18,2.14,0.32,3,2,8,8,1,2,6,5,2,8,0.5452,0.5972,1.4609,1.2251,0.0232,0.059,0.2652,0.1294,0.0474,0.1692,17,18,0,0,2,5,1,2,0,0,2.0434,1.8129,0.0,0.0,0.2374,0.2972,0.0612,0.0699,0.0,0.0,20,25,16.5,19.42
4087010,2023-03-10,arg,2023,Liga Profesional,7,Fernando Echenique,213534,Barracas Central,10078,Independiente,1,1,1,70,30,13,8,5,3,2,2,6,3,0,0,8,5,5,3,6,4,0,2,0,2,28,22,11,21,0,1,0,1,1,0,16,15,10,8,5,6,17,26,0,4,62,52,47.0,38.0,15.0,14.0,12.0,13.0,461,188,364.0,103.0,192,36,172,67,30.0,21.0,6.0,2.0,0.76,0.85,0.58,0.77,0.18,0.07,0.76,0.85,0.94,0.18,2,1,5,3,1,1,3,3,2,0,0.2879,0.285,0.2615,0.3972,0.04,0.0833,0.102,0.1059,0.073,0.0,9,7,0,0,1,0,3,1,0,0,0.5795,0.7973,0.0,0.0,0.0785,0.0,0.1063,0.0742,0.0,0.0,13,8,18.91,15.73
4087010,2023-03-10,arg,2023,Liga Profesional,7,Fernando Echenique,10078,Independiente,213534,Barracas Central,0,1,1,30,70,8,13,3,5,2,2,3,6,0,0,5,8,3,5,4,6,2,0,2,0,22,28,21,11,1,0,1,0,0,1,15,16,8,10,6,5,26,17,4,0,52,62,38.0,47.0,14.0,15.0,13.0,12.0,188,461,103.0,364.0,36,192,67,172,21.0,30.0,2.0,6.0,0.85,0.76,0.77,0.58,0.07,0.18,0.85,0.76,0.18,0.94,1,2,3,5,1,1,3,3,0,2,0.285,0.2879,0.3972,0.2615,0.0833,0.04,0.1059,0.102,0.0,0.073,7,9,0,0,0,1,1,3,0,0,0.7973,0.5795,0.0,0.0,0.0,0.0785,0.0742,0.1063,0.0,0.0,8,13,15.73,18.91
4087002,2023-03-11,arg,2023,Liga Profesional,7,Nicolás Lamolina,10086,Argentinos Juniors,10098,Arsenal Sarandi,1,1,1,61,39,25,8,7,2,9,4,9,2,0,0,21,5,4,3,8,4,5,0,4,0,46,8,15,13,4,1,0,0,1,2,21,21,7,10,2,9,11,30,1,6,64,66,44.0,47.0,20.0,19.0,10.0,11.0,445,301,359.0,188.0,154,107,205,81,26.0,21.0,10.0,3.0,2.75,0.48,1.66,0.28,0.29,0.2,1.96,0.48,,,0,0,14,3,7,2,2,1,2,2,0.0,0.0,2.3941,0.2727,0.2491,0.0574,0.0784,0.0838,0.0803,0.066,17,3,0,1,7,1,0,3,1,0,1.7194,0.1913,0.0,0.0838,0.2941,0.0451,0.0,0.1596,0.7884,0.0,25,8,14.17,18.2
4087002,2023-03-11,arg,2023,Liga Profesional,7,Nicolás Lamolina,10098,Arsenal Sarandi,10086,Argentinos Juniors,0,1,1,39,61,8,25,2,7,4,9,2,9,0,0,5,21,3,4,4,8,0,5,0,4,8,46,13,15,1,4,0,0,2,1,21,21,10,7,9,2,30,11,6,1,66,64,47.0,44.0,19.0,20.0,11.0,10.0,301,445,188.0,359.0,107,154,81,205,21.0,26.0,3.0,10.0,0.48,2.75,0.28,1.66,0.2,0.29,0.48,1.96,,,0,0,3,14,2,7,1,2,2,2,0.0,0.0,0.2727,2.3941,0.0574,0.2491,0.0838,0.0784,0.066,0.0803,3,17,1,0,1,7,3,0,0,1,0.1913,1.7194,0.0838,0.0,0.0451,0.2941,0.1596,0.0,0.0,0.7884,8,25,18.2,14.17
4087008,2023-03-11,arg,2023,Liga Profesional,7,Pablo Echavarría,10083,San Lorenzo,10103,Gimnasia LP,1,4,0,60,40,15,8,5,2,8,4,2,2,0,0,10,6,5,2,7,4,3,0,0,0,28,12,16,9,1,1,0,1,4,1,14,14,6,6,3,2,9,18,1,1,44,50,30.0,40.0,14.0,10.0,7.0,10.0,389,266,337.0,209.0,155,137,182,72,30.0,17.0,9.0,2.0,2.42,0.36,1.06,0.34,0.57,0.02,1.63,0.36,2.92,0.06,1,0,8,3,1,3,2,0,3,2,0.8464,0.0,1.3753,0.1923,0.06,0.1292,0.0928,0.0,0.0456,0.0361,6,7,0,0,5,1,3,0,1,0,1.0567,0.3358,0.0,0.0,0.132,0.0219,0.443,0.0,0.7884,0.0,15,8,16.36,18.74
4087008,2023-03-11,arg,2023,Liga Profesional,7,Pablo Echavarría,10103,Gimnasia LP,10083,San Lorenzo,0,0,4,40,60,8,15,2,5,4,8,2,2,0,0,6,10,2,5,4,7,0,3,0,0,12,28,9,16,1,1,1,0,1,4,14,14,6,6,2,3,18,9,1,1,50,44,40.0,30.0,10.0,14.0,10.0,7.0,266,389,209.0,337.0,137,155,72,182,17.0,30.0,2.0,9.0,0.36,2.42,0.34,1.06,0.02,0.57,0.36,1.63,0.06,2.92,0,1,3,8,3,1,0,2,2,3,0.0,0.8464,0.1923,1.3753,0.1292,0.06,0.0,0.0928,0.0361,0.0456,7,6,0,0,1,5,0,3,0,1,0.3358,1.0567,0.0,0.0,0.0219,0.132,0.0,0.443,0.0,0.7884,8,15,18.74,16.36
4087011,2023-03-11,arg,2023,Liga Profesional,7,Sebastían Zunino,10090,Instituto,161727,Atletico Tucuman,1,1,1,40,60,14,11,4,4,5,2,5,5,1,0,7,5,7,6,5,3,2,1,1,0,24,19,13,9,4,3,1,0,1,3,27,12,11,7,5,4,26,12,3,3,60,49,49.0,32.0,11.0,17.0,13.0,7.0,295,450,182.0,348.0,64,176,118,172,23.0,23.0,4.0,3.0,1.59,0.72,1.2,0.64,0.39,0.08,1.59,0.72,1.79,0.62,3,0,2,5,2,0,5,5,2,1,1.2904,0.0,0.2138,0.57,0.1136,0.0,0.1609,0.1135,0.0707,0.0318,9,9,0,0,4,1,1,1,0,0,1.4578,0.6381,0.0,0.0,0.3553,0.0318,0.0363,0.0453,0.0,0.0,14,11,17.7,21.08
4087011,2023-03-11,arg,2023,Liga Profesional,7,Sebastían Zunino,161727,Atletico Tucuman,10090,Instituto,0,1,1,60,40,11,14,4,4,2,5,5,5,0,1,5,7,6,7,3,5,1,2,0,1,19,24,9,13,3,4,0,1,3,1,12,27,7,11,4,5,12,26,3,3,49,60,32.0,49.0,17.0,11.0,7.0,13.0,450,295,348.0,182.0,176,64,172,118,23.0,23.0,3.0,4.0,0.72,1.59,0.64,1.2,0.08,0.39,0.72,1.59,0.62,1.79,0,3,5,2,0,2,5,5,1,2,0.0,1.2904,0.57,0.2138,0.0,0.1136,0.1135,0.1609,0.0318,0.0707,9,9,0,0,1,4,1,1,0,0,0.6381,1.4578,0.0,0.0,0.0318,0.3553,0.0453,0.0363,0.0,0.0,11,14,21.08,17.7
4087027,2023-03-11,arg,2023,Liga Profesional,7,Fernando Andrés Rapallini,161730,Defensa y Justicia,10101,Talleres,1,1,1,60,40,16,9,6,2,6,3,4,4,2,0,10,5,6,4,8,6,1,0,0,0,20,20,10,12,3,2,0,0,3,4,18,8,10,16,4,4,17,16,1,5,61,43,44.0,26.0,17.0,17.0,16.0,8.0,412,269,316.0,189.0,161,110,155,79,33.0,27.0,3.0,3.0,1.6,0.63,0.54,0.52,0.27,0.11,0.81,0.63,1.82,0.46,0,0,6,3,4,2,4,2,2,2,0.0,0.0,1.1782,0.4058,0.182,0.0655,0.2106,0.0676,0.0302,0.0955,9,5,0,1,4,1,2,2,1,0,0.5383,0.4731,0.0,0.0501,0.1758,0.0152,0.0985,0.0961,0.7884,0.0,16,9,19.77,18.75
4087027,2023-03-11,arg,2023,Liga Profesional,7,Fernando Andrés Rapallini,10101,Talleres,161730,Defensa y Justicia,0,1,1,40,60,9,16,2,6,3,6,4,4,0,2,5,10,4,6,6,8,0,1,0,0,20,20,12,10,2,3,0,0,4,3,8,18,16,10,4,4,16,17,5,1,43,61,26.0,44.0,17.0,17.0,8.0,16.0,269,412,189.0,316.0,110,161,79,155,27.0,33.0,3.0,3.0,0.63,1.6,0.52,0.54,0.11,0.27,0.63,0.81,0.46,1.82,0,0,3,6,2,4,2,4,2,2,0.0,0.0,0.4058,1.1782,0.0655,0.182,0.0676,0.2106,0.0955,0.0302,5,9,1,0,1,4,2,2,0,1,0.4731,0.5383,0.0501,0.0,0.0152,0.1758,0.0961,0.0985,0.0,0.7884,9,16,18.75,19.77
4087001,2023-03-12,arg,2023,Liga Profesional,7,Ariel Penel,213596,Central Cordoba de Santiago,89396,Tigre,1,2,0,33,67,13,8,5,1,5,3,3,4,0,0,9,4,4,4,2,4,4,0,3,0,21,16,4,8,0,2,0,0,2,1,19,18,7,12,4,3,18,14,1,3,52,50,34.0,31.0,18.0,19.0,7.0,9.0,255,541,165.0,455.0,66,241,99,214,23.0,38.0,4.0,6.0,2.5,0.35,2.38,0.33,0.12,0.03,2.5,0.35,1.83,0.04,2,0,6,4,1,0,4,4,0,0,0.9996,0.0,1.3367,0.2423,0.0364,0.0,0.1648,0.1101,0.0,0.0,11,7,0,0,0,1,2,0,0,0,2.4184,0.3256,0.0,0.0,0.0,0.0269,0.119,0.0,0.0,0.0,13,8,16.06,19.33
4087001,2023-03-12,arg,2023,Liga Profesional,7,Ariel Penel,89396,Tigre,213596,Central Cordoba de Santiago,0,0,2,67,33,8,13,1,5,3,5,4,3,0,0,4,9,4,4,4,2,0,4,0,3,16,21,8,4,2,0,0,0,1,2,18,19,12,7,3,4,14,18,3,1,50,52,31.0,34.0,19.0,18.0,9.0,7.0,541,255,455.0,165.0,241,66,214,99,38.0,23.0,6.0,4.0,0.35,2.5,0.33,2.38,0.03,0.12,0.35,2.5,0.04,1.83,0,2,4,6,0,1,4,4,0,0,0.0,0.9996,0.2423,1.3367,0.0,0.0364,0.1101,0.1648,0.0,0.0,7,11,0,0,1,0,0,2,0,0,0.3256,2.4184,0.0,0.0,0.0269,0.0,0.0,0.119,0.0,0.0,8,13,19.33,16.06
4087003,2023-03-12,arg,2023,Liga Profesional,7,Andrés Merlos,10092,Belgrano,10082,Lanus,1,0,0,48,52,6,15,2,3,2,7,2,5,0,0,5,10,1,5,2,10,0,1,0,1,16,19,13,12,1,1,0,0,0,1,21,16,10,8,5,2,18,13,3,2,55,54,40.0,40.0,15.0,14.0,9.0,11.0,341,365,238.0,265.0,119,156,119,109,33.0,26.0,7.0,10.0,0.6,1.07,0.6,0.58,0.0,0.49,0.6,1.07,0.38,1.01,0,2,3,7,2,1,1,4,0,1,0.0,0.4998,0.4916,0.3395,0.0815,0.045,0.0303,0.1513,0.0,0.0363,6,7,0,1,0,6,0,1,0,0,0.6034,0.5371,0.0,0.045,0.0,0.4534,0.0,0.0363,0.0,0.0,6,15,16.84,15.82
4087003,2023-03-12,arg,2023,Liga Profesional,7,Andrés Merlos,10082,Lanus,10092,Belgrano,0,0,0,52,48,15,6,3,2,7,2,5,2,0,0,10,5,5,1,10,2,1,0,1,0,19,16,12,13,1,1,0,0,1,0,16,21,8,10,2,5,13,18,2,3,54,55,40.0,40.0,14.0,15.0,11.0,9.0,365,341,265.0,238.0,156,119,109,119,26.0,33.0,10.0,7.0,1.07,0.6,0.58,0.6,0.49,0.0,1.07,0.6,1.01,0.38,2,0,7,3,1,2,4,1,1,0,0.4998,0.0,0.3395,0.4916,0.045,0.0815,0.1513,0.0303,0.0363,0.0,7,6,1,0,6,0,1,0,0,0,0.5371,0.6034,0.045,0.0,0.4534,0.0,0.0363,0.0,0.0,0.0,15,6,15.82,16.84
4087004,2023-03-12,arg,2023,Liga Profesional,7,Silvio Trucco,10076,River Plate,10227,Godoy Cruz,1,3,0,67,33,16,6,5,3,7,3,4,0,1,0,10,3,6,3,7,3,3,0,1,0,23,8,9,17,1,1,0,0,1,0,11,18,10,10,0,4,14,13,3,2,45,47,37.0,33.0,8.0,14.0,9.0,7.0,560,276,485.0,196.0,313,122,172,74,30.0,32.0,0.0,2.0,2.68,0.39,0.96,0.36,0.14,0.03,1.1,0.39,2.69,0.35,0,0,9,3,1,0,3,1,3,2,0.0,0.0,2.3999,0.3017,0.1134,0.0,0.0734,0.0214,0.0898,0.0678,10,5,0,0,2,0,2,1,2,0,0.9597,0.3626,0.0,0.0,0.0664,0.0,0.0736,0.0283,1.5768,0.0,16,6,19.07,21.07
4087004,2023-03-12,arg,2023,Liga Profesional,7,Silvio Trucco,10227,Godoy Cruz,10076,River Plate,0,0,3,33,67,6,16,3,5,3,7,0,4,0,1,3,10,3,6,3,7,0,3,0,1,8,23,17,9,1,1,0,0,0,1,18,11,10,10,4,0,13,14,2,3,47,45,33.0,37.0,14.0,8.0,7.0,9.0,276,560,196.0,485.0,122,313,74,172,32.0,30.0,2.0,0.0,0.39,2.68,0.36,0.96,0.03,0.14,0.39,1.1,0.35,2.69,0,0,3,9,0,1,1,3,2,3,0.0,0.0,0.3017,2.3999,0.0,0.1134,0.0214,0.0734,0.0678,0.0898,5,10,0,0,0,2,1,2,0,2,0.3626,0.9597,0.0,0.0,0.0,0.0664,0.0283,0.0736,0.0,1.5768,6,16,21.07,19.07
4087005,2023-03-12,arg,2023,Liga Profesional,7,Fernando Espinoza,10080,Racing Club,202757,Sarmiento,1,1,0,69,31,15,8,3,1,8,5,4,2,1,0,3,5,12,3,11,1,1,0,1,0,20,12,12,14,2,2,0,0,3,2,14,32,11,7,2,4,14,25,1,2,57,61,47.0,52.0,10.0,9.0,19.0,9.0,559,243,485.0,174.0,170,85,315,89,28.0,29.0,3.0,1.0,0.96,0.39,0.82,0.38,0.14,0.01,0.96,0.39,0.69,0.31,0,0,2,2,1,3,9,2,3,1,0.0,0.0,0.1049,0.166,0.0356,0.13,0.7453,0.0838,0.0767,0.014,11,6,1,1,1,0,2,1,0,0,0.4458,0.3325,0.3758,0.0469,0.0356,0.0,0.1053,0.0146,0.0,0.0,15,8,23.16,20.24
4087005,2023-03-12,arg,2023,Liga Profesional,7,Fernando Espinoza,202757,Sarmiento,10080,Racing Club,0,0,1,31,69,8,15,1,3,5,8,2,4,0,1,5,3,3,12,1,11,0,1,0,1,12,20,14,12,2,2,0,0,2,3,32,14,7,11,4,2,25,14,2,1,61,57,52.0,47.0,9.0,10.0,9.0,19.0,243,559,174.0,485.0,85,170,89,315,29.0,28.0,1.0,3.0,0.39,0.96,0.38,0.82,0.01,0.14,0.39,0.96,0.31,0.69,0,0,2,2,3,1,2,9,1,3,0.0,0.0,0.166,0.1049,0.13,0.0356,0.0838,0.7453,0.014,0.0767,6,11,1,1,0,1,1,2,0,0,0.3325,0.4458,0.0469,0.3758,0.0,0.0356,0.0146,0.1053,0.0,0.0,8,15,20.24,23.16
4087007,2023-03-12,arg,2023,Liga Profesional,7,Leandro Rey Hilfer,10094,Estudiantes,10081,Huracan,1,2,1,52,48,19,8,5,3,9,5,5,0,0,0,14,5,5,3,9,4,2,2,1,1,22,8,5,12,1,3,0,1,1,1,8,18,6,7,1,4,18,21,1,3,48,51,27.0,31.0,21.0,20.0,7.0,8.0,402,381,306.0,287.0,133,168,173,119,32.0,35.0,11.0,2.0,2.14,1.13,1.71,1.07,0.43,0.06,2.14,1.13,1.97,0.69,1,1,11,3,2,1,4,2,1,1,0.6177,0.2408,1.1767,0.7604,0.1618,0.0637,0.145,0.0536,0.0423,0.012,13,7,0,0,4,1,2,0,0,0,1.709,1.0687,0.0,0.0,0.3402,0.0618,0.0942,0.0,0.0,0.0,19,8,14.94,18.59
4087007,2023-03-12,arg,2023,Liga Profesional,7,Leandro Rey Hilfer,10081,Huracan,10094,Estudiantes,0,1,2,48,52,8,19,3,5,5,9,0,5,0,0,5,14,3,5,4,9,2,2,1,1,8,22,12,5,3,1,1,0,1,1,18,8,7,6,4,1,21,18,3,1,51,48,31.0,27.0,20.0,21.0,8.0,7.0,381,402,287.0,306.0,168,133,119,173,35.0,32.0,2.0,11.0,1.13,2.14,1.07,1.71,0.06,0.43,1.13,2.14,0.69,1.97,1,1,3,11,1,2,2,4,1,1,0.2408,0.6177,0.7604,1.1767,0.0637,0.1618,0.0536,0.145,0.012,0.0423,7,13,0,0,1,4,0,2,0,0,1.0687,1.709,0.0,0.0,0.0618,0.3402,0.0,0.0942,0.0,0.0,8,19,18.59,14.94
4087006,2023-03-13,arg,2023,Liga Profesional,7,Luis Lobo Medina,10084,Rosario Central,10096,Union,1,1,1,58,42,14,7,4,2,7,5,3,0,0,0,4,6,10,1,5,1,0,5,0,4,25,15,13,14,2,3,0,0,2,2,21,24,5,16,0,3,12,36,1,3,61,63,47.0,49.0,14.0,14.0,14.0,13.0,429,320,359.0,240.0,184,127,175,113,31.0,15.0,4.0,5.0,0.65,1.29,0.33,1.01,0.33,0.28,0.65,1.29,0.84,1.02,0,1,3,4,1,1,4,1,6,0,0.0,0.178,0.3231,0.936,0.0425,0.1525,0.1248,0.0257,0.1646,0.0,10,4,0,1,2,1,2,1,0,0,0.5182,0.6409,0.0,0.3683,0.0472,0.0341,0.0896,0.2489,0.0,0.0,14,7,23.69,14.24
4087006,2023-03-13,arg,2023,Liga Profesional,7,Luis Lobo Medina,10096,Union,10084,Rosario Central,0,1,1,42,58,7,14,2,4,5,7,0,3,0,0,6,4,1,10,1,5,5,0,4,0,15,25,14,13,3,2,0,0,2,2,24,21,16,5,3,0,36,12,3,1,63,61,49.0,47.0,14.0,14.0,13.0,14.0,320,429,240.0,359.0,127,184,113,175,15.0,31.0,5.0,4.0,1.29,0.65,1.01,0.33,0.28,0.33,1.29,0.65,1.02,0.84,1,0,4,3,1,1,1,4,0,6,0.178,0.0,0.936,0.3231,0.1525,0.0425,0.0257,0.1248,0.0,0.1646,4,10,1,0,1,2,1,2,0,0,0.6409,0.5182,0.3683,0.0,0.0341,0.0472,0.2489,0.0896,0.0,0.0,7,14,14.24,23.69
4087026,2023-03-13,arg,2023,Liga Profesional,7,Hernán Mastrángelo,10087,Banfield,10077,Boca Juniors,1,1,0,32,68,15,13,6,2,6,8,3,3,0,0,9,9,6,4,7,6,1,0,1,0,22,31,17,10,3,2,0,0,4,1,24,15,7,6,2,3,35,13,2,5,53,56,38.0,46.0,15.0,10.0,4.0,15.0,220,468,145.0,383.0,60,203,85,180,16.0,33.0,5.0,5.0,1.46,1.13,0.24,0.78,0.44,0.35,0.67,1.13,1.87,0.2,1,1,6,7,2,1,1,3,5,1,0.1435,0.1613,1.0834,0.7854,0.1013,0.0511,0.0323,0.1165,0.1393,0.0158,7,11,0,0,4,1,3,1,1,0,0.2374,0.9148,0.0,0.0,0.3491,0.0558,0.1249,0.1595,0.7884,0.0,15,13,17.02,16.11
4087026,2023-03-13,arg,2023,Liga Profesional,7,Hernán Mastrángelo,10077,Boca Juniors,10087,Banfield,0,0,1,68,32,13,15,2,6,8,6,3,3,0,0,9,9,4,6,6,7,0,1,0,1,31,22,10,17,2,3,0,0,1,4,15,24,6,7,3,2,13,35,5,2,56,53,46.0,38.0,10.0,15.0,15.0,4.0,468,220,383.0,145.0,203,60,180,85,33.0,16.0,5.0,5.0,1.13,1.46,0.78,0.24,0.35,0.44,1.13,0.67,0.2,1.87,1,1,7,6,1,2,3,1,1,5,0.1613,0.1435,0.7854,1.0834,0.0511,0.1013,0.1165,0.0323,0.0158,0.1393,11,7,0,0,1,4,1,3,0,1,0.9148,0.2374,0.0,0.0,0.0558,0.3491,0.1595,0.1249,0.0,0.7884,13,15,16.11,17.02
4087009,2023-03-14,arg,2023,Liga Profesional,7,Jorge Ignacio Baliño,10088,Colon,10201,Newell's Old Boys,1,1,1,35,65,16,12,4,7,8,4,4,1,1,0,9,8,7,4,5,3,3,0,3,0,18,20,17,5,4,1,0,0,1,1,14,12,14,9,1,4,10,13,6,3,47,57,32.0,38.0,15.0,19.0,13.0,10.0,260,507,173.0,410.0,88,230,85,180,15.0,30.0,3.0,3.0,1.65,0.74,0.58,0.67,0.27,0.06,0.86,0.74,1.43,0.94,0,0,8,5,1,3,6,2,1,2,0.0,0.0,1.6569,0.4856,0.042,0.1405,0.1895,0.0475,0.0199,0.064,9,10,0,0,3,0,3,2,1,0,0.5842,0.6736,0.0,0.0,0.0662,0.0,0.4696,0.064,0.7884,0.0,16,12,19.13,19.31
4087009,2023-03-14,arg,2023,Liga Profesional,7,Jorge Ignacio Baliño,10201,Newell's Old Boys,10088,Colon,0,1,1,65,35,12,16,7,4,4,8,1,4,0,1,8,9,4,7,3,5,0,3,0,3,20,18,5,17,1,4,0,0,1,1,12,14,9,14,4,1,13,10,3,6,57,47,38.0,32.0,19.0,15.0,10.0,13.0,507,260,410.0,173.0,230,88,180,85,30.0,15.0,3.0,3.0,0.74,1.65,0.67,0.58,0.06,0.27,0.74,0.86,0.94,1.43,0,0,5,8,3,1,2,6,2,1,0.0,0.0,0.4856,1.6569,0.1405,0.042,0.0475,0.1895,0.064,0.0199,10,9,0,0,0,3,2,3,0,1,0.6736,0.5842,0.0,0.0,0.0,0.0662,0.064,0.4696,0.0,0.7884,12,16,19.31,19.13
4087028,2023-03-14,arg,2023,Liga Profesional,7,Darío Herrera,10079,Velez Sarsfield,10089,Club Atletico Platense,1,1,1,58,42,15,11,4,5,5,5,6,1,0,0,10,6,5,5,6,10,0,0,0,0,21,13,14,10,2,2,0,0,4,0,17,19,13,7,1,6,19,21,4,3,66,59,40.0,44.0,26.0,15.0,15.0,14.0,420,287,324.0,193.0,165,103,159,90,20.0,24.0,6.0,6.0,0.69,0.37,0.58,0.24,0.11,0.13,0.69,0.37,,,0,0,7,4,3,2,1,4,4,1,0.0,0.0,0.4148,0.1774,0.1288,0.0685,0.0449,0.1014,0.1058,0.0242,12,6,0,0,3,4,0,1,0,0,0.5812,0.2444,0.0,0.0,0.1132,0.0755,0.0,0.0516,0.0,0.0,15,11,17.56,19.83
4087028,2023-03-14,arg,2023,Liga Profesional,7,Darío Herrera,10089,Club Atletico Platense,10079,Velez Sarsfield,0,1,1,42,58,11,15,5,4,5,5,1,6,0,0,6,10,5,5,10,6,0,0,0,0,13,21,10,14,2,2,0,0,0,4,19,17,7,13,6,1,21,19,3,4,59,66,44.0,40.0,15.0,26.0,14.0,15.0,287,420,193.0,324.0,103,165,90,159,24.0,20.0,6.0,6.0,0.37,0.69,0.24,0.58,0.13,0.11,0.37,0.69,,,0,0,4,7,2,3,4,1,1,4,0.0,0.0,0.1774,0.4148,0.0685,0.1288,0.1014,0.0449,0.0242,0.1058,6,12,0,0,4,3,1,0,0,0,0.2444,0.5812,0.0,0.0,0.0755,0.1132,0.0516,0.0,0.0,0.0,11,15,19.83,17.56
4087030,2023-03-18,arg,2023,Liga Profesional,8,Leandro Rey Hilfer,10089,Club Atletico Platense,161730,Defensa y Justicia,1,1,0,38,62,15,17,3,4,6,6,6,7,0,1,13,7,2,10,7,7,1,0,0,0,22,14,11,14,4,4,0,0,1,3,12,19,9,9,7,6,22,15,4,2,57,73,35.0,45.0,22.0,28.0,11.0,15.0,220,364,128.0,267.0,42,137,86,130,20.0,31.0,8.0,6.0,1.71,1.07,0.55,0.65,1.16,0.41,1.71,1.07,1.07,0.82,1,0,8,5,3,3,2,3,0,6,0.5778,0.0,0.718,0.4433,0.2729,0.3425,0.1406,0.0805,0.0,0.1998,3,6,2,1,7,6,2,4,0,0,0.1753,0.3945,0.3761,0.2596,1.0477,0.2463,0.1102,0.1658,0.0,0.0,14,17,13.32,21.34
4087030,2023-03-18,arg,2023,Liga Profesional,8,Leandro Rey Hilfer,161730,Defensa y Justicia,10089,Club Atletico Platense,0,0,1,62,38,17,15,4,3,6,6,7,6,1,0,7,13,10,2,7,7,0,1,0,0,14,22,14,11,4,4,0,0,3,1,19,12,9,9,6,7,15,22,2,4,73,57,45.0,35.0,28.0,22.0,15.0,11.0,364,220,267.0,128.0,137,42,130,86,31.0,20.0,6.0,8.0,1.07,1.71,0.65,0.55,0.41,1.16,1.07,1.71,0.82,1.07,0,1,5,8,3,3,3,2,6,0,0.0,0.5778,0.4433,0.718,0.3425,0.2729,0.0805,0.1406,0.1998,0.0,6,3,1,2,6,7,4,2,0,0,0.3945,0.1753,0.2596,0.3761,0.2463,1.0477,0.1658,0.1102,0.0,0.0,17,14,21.34,13.32
4087034,2023-03-18,arg,2023,Liga Profesional,8,Nicolás Lamolina,10078,Independiente,10088,Colon,1,2,2,45,55,10,12,6,8,3,3,1,1,0,0,7,11,3,1,2,9,3,6,1,4,23,30,11,17,3,6,0,0,0,2,25,21,17,7,1,1,24,16,6,4,64,57,48.0,39.0,16.0,18.0,11.0,8.0,277,335,172.0,253.0,92,154,80,99,22.0,18.0,8.0,5.0,2.44,2.67,0.76,1.56,0.1,0.33,0.86,1.88,3.25,4.55,1,2,5,9,1,0,1,1,2,0,0.597,0.6123,1.7456,2.7015,0.0414,0.0,0.0185,0.0178,0.033,0.0,5,6,0,0,1,3,2,2,2,1,0.7631,1.6894,0.0,0.0,0.0294,0.1195,0.0661,0.7343,1.5768,0.7884,10,12,16.98,11.01
4087034,2023-03-18,arg,2023,Liga Profesional,8,Nicolás Lamolina,10088,Colon,10078,Independiente,0,2,2,55,45,12,10,8,6,3,3,1,1,0,0,11,7,1,3,9,2,6,3,4,1,30,23,17,11,6,3,0,0,2,0,21,25,7,17,1,1,16,24,4,6,57,64,39.0,48.0,18.0,16.0,8.0,11.0,335,277,253.0,172.0,154,92,99,80,18.0,22.0,5.0,8.0,2.67,2.44,1.56,0.76,0.33,0.1,1.88,0.86,4.55,3.25,2,1,9,5,0,1,1,1,0,2,0.6123,0.597,2.7015,1.7456,0.0,0.0414,0.0178,0.0185,0.0,0.033,6,5,0,0,3,1,2,2,1,2,1.6894,0.7631,0.0,0.0,0.1195,0.0294,0.7343,0.0661,0.7884,1.5768,12,10,11.01,16.98
4087055,2023-03-18,arg,2023,Liga Profesional,8,Nicolás Ramírez,10096,Union,10080,Racing Club,1,1,3,34,66,8,11,5,6,1,3,2,2,0,1,5,8,3,3,1,5,1,4,1,1,13,24,13,11,4,3,1,0,1,1,15,19,3,11,2,3,13,15,3,3,48,51,39.0,41.0,9.0,10.0,13.0,9.0,257,519,194.0,466.0,111,242,83,224,15.0,27.0,0.0,5.0,0.76,2.17,0.51,1.1,0.25,0.28,0.76,1.38,0.5,2.59,0,0,4,5,1,3,1,2,2,1,0.0,0.0,0.4131,1.9217,0.1959,0.1509,0.0647,0.0613,0.0849,0.0341,4,6,1,1,0,1,3,2,0,1,0.4437,0.5284,0.0692,0.5685,0.0,0.2106,0.2457,0.072,0.0,0.7884,8,11,15.45,18.33
4087055,2023-03-18,arg,2023,Liga Profesional,8,Nicolás Ramírez,10080,Racing Club,10096,Union,0,3,1,66,34,11,8,6,5,3,1,2,2,1,0,8,5,3,3,5,1,4,1,1,1,24,13,11,13,3,4,0,1,1,1,19,15,11,3,3,2,15,13,3,3,51,48,41.0,39.0,10.0,9.0,9.0,13.0,519,257,466.0,194.0,242,111,224,83,27.0,15.0,5.0,0.0,2.17,0.76,1.1,0.51,0.28,0.25,1.38,0.76,2.59,0.5,0,0,5,4,3,1,2,1,1,2,0.0,0.0,1.9217,0.4131,0.1509,0.1959,0.0613,0.0647,0.0341,0.0849,6,4,1,1,1,0,2,3,1,0,0.5284,0.4437,0.5685,0.0692,0.2106,0.0,0.072,0.2457,0.7884,0.0,11,8,18.33,15.45
4087059,2023-03-18,arg,2023,Liga Profesional,8,Fernando Espinoza,10098,Arsenal Sarandi,89396,Tigre,1,2,0,42,58,12,24,5,5,5,13,2,6,0,0,6,14,6,10,2,7,1,1,0,1,13,29,13,8,6,1,0,0,1,0,22,15,14,12,6,2,27,10,5,3,52,47,40.0,38.0,12.0,9.0,10.0,13.0,309,425,215.0,336.0,140,174,75,162,24.0,35.0,2.0,8.0,0.64,1.54,0.55,0.96,0.09,0.58,0.64,1.54,1.47,1.07,0,1,5,9,1,4,5,1,1,9,0.0,0.4083,0.3322,0.6886,0.0345,0.1754,0.2711,0.0125,0.0131,0.26,8,13,1,0,2,6,1,5,0,0,0.4448,0.9634,0.1134,0.0,0.0621,0.2436,0.0306,0.3378,0.0,0.0,12,24,21.55,18.31
4087059,2023-03-18,arg,2023,Liga Profesional,8,Fernando Espinoza,89396,Tigre,10098,Arsenal Sarandi,0,0,2,58,42,24,12,5,5,13,5,6,2,0,0,14,6,10,6,7,2,1,1,1,0,29,13,8,13,1,6,0,0,0,1,15,22,12,14,2,6,10,27,3,5,47,52,38.0,40.0,9.0,12.0,13.0,10.0,425,309,336.0,215.0,174,140,162,75,35.0,24.0,8.0,2.0,1.54,0.64,0.96,0.55,0.58,0.09,1.54,0.64,1.07,1.47,1,0,9,5,4,1,1,5,9,1,0.4083,0.0,0.6886,0.3322,0.1754,0.0345,0.0125,0.2711,0.26,0.0131,13,8,0,1,6,2,5,1,0,0,0.9634,0.4448,0.0,0.1134,0.2436,0.0621,0.3378,0.0306,0.0,0.0,24,12,18.31,21.55
4087032,2023-03-19,arg,2023,Liga Profesional,8,Jorge Ignacio Baliño,10077,Boca Juniors,10090,Instituto,1,2,3,69,31,18,8,5,4,9,0,4,4,0,1,10,7,8,1,8,2,3,2,2,1,27,14,12,22,2,6,0,0,1,0,21,22,4,15,4,3,4,35,1,3,68,56,48.0,39.0,20.0,17.0,7.0,5.0,564,265,464.0,166.0,196,64,268,102,29.0,16.0,10.0,2.0,1.89,1.61,0.65,0.8,1.24,0.81,1.89,1.61,1.8,2.23,2,1,7,3,1,3,5,0,3,1,0.6905,0.7785,0.8397,0.5652,0.0591,0.2515,0.2375,0.0,0.0605,0.025,9,5,0,1,6,0,3,2,0,0,0.6455,0.6816,0.0,0.127,1.0607,0.0,0.1811,0.8114,0.0,0.0,18,8,16.48,15.77
4087032,2023-03-19,arg,2023,Liga Profesional,8,Jorge Ignacio Baliño,10090,Instituto,10077,Boca Juniors,0,3,2,31,69,8,18,4,5,0,9,4,4,1,0,7,10,1,8,2,8,2,3,1,2,14,27,22,12,6,2,0,0,0,1,22,21,15,4,3,4,35,4,3,1,56,68,39.0,48.0,17.0,20.0,5.0,7.0,265,564,166.0,464.0,64,196,102,268,16.0,29.0,2.0,10.0,1.61,1.89,0.8,0.65,0.81,1.24,1.61,1.89,2.23,1.8,1,2,3,7,3,1,0,5,1,3,0.7785,0.6905,0.5652,0.8397,0.2515,0.0591,0.0,0.2375,0.025,0.0605,5,9,1,0,0,6,2,3,0,0,0.6816,0.6455,0.127,0.0,0.0,1.0607,0.8114,0.1811,0.0,0.0,8,18,15.77,16.48
4087033,2023-03-19,arg,2023,Liga Profesional,8,Silvio Trucco,161727,Atletico Tucuman,213534,Barracas Central,1,1,1,47,53,16,13,9,6,5,4,2,3,0,0,11,5,5,8,6,4,2,0,2,0,28,14,13,6,1,2,0,0,1,0,15,19,15,13,3,1,15,15,5,8,48,62,36.0,44.0,12.0,18.0,15.0,12.0,311,356,223.0,249.0,119,93,104,156,27.0,26.0,7.0,3.0,0.86,0.64,0.53,0.5,0.34,0.13,0.86,0.64,,,1,0,6,3,4,2,2,4,3,4,0.0627,0.0,0.3212,0.3018,0.319,0.0865,0.0381,0.1524,0.1211,0.0957,8,11,1,0,4,2,3,0,0,0,0.3394,0.502,0.187,0.0,0.1574,0.1345,0.1784,0.0,0.0,0.0,16,13,21.36,22.85
4087033,2023-03-19,arg,2023,Liga Profesional,8,Silvio Trucco,213534,Barracas Central,161727,Atletico Tucuman,0,1,1,53,47,13,16,6,9,4,5,3,2,0,0,5,11,8,5,4,6,0,2,0,2,14,28,6,13,2,1,0,0,0,1,19,15,13,15,1,3,15,15,8,5,62,48,44.0,36.0,18.0,12.0,12.0,15.0,356,311,249.0,223.0,93,119,156,104,26.0,27.0,3.0,7.0,0.64,0.86,0.5,0.53,0.13,0.34,0.64,0.86,,,0,1,3,6,2,4,4,2,4,3,0.0,0.0627,0.3018,0.3212,0.0865,0.319,0.1524,0.0381,0.0957,0.1211,11,8,0,1,2,4,0,3,0,0,0.502,0.3394,0.0,0.187,0.1345,0.1574,0.0,0.1784,0.0,0.0,13,16,22.85,21.36
4087053,2023-03-19,arg,2023,Liga Profesional,8,Facundo Raúl Tello Figueroa,10103,Gimnasia LP,10094,Estudiantes,1,2,1,52,48,13,8,6,3,3,5,4,0,1,0,10,4,3,4,11,3,2,1,1,0,27,16,13,17,5,7,0,0,2,1,17,30,9,3,0,4,13,23,2,5,73,80,54.0,49.0,19.0,31.0,20.0,6.0,309,296,210.0,183.0,84,76,126,107,32.0,28.0,7.0,4.0,1.57,0.97,0.65,0.87,0.13,0.1,0.78,0.97,2.91,0.81,1,0,6,3,3,1,1,3,2,1,0.3011,0.0,1.0985,0.7324,0.0868,0.052,0.0376,0.1732,0.0492,0.0108,9,7,0,0,2,0,1,1,1,0,0.6504,0.9389,0.0,0.0,0.1119,0.0,0.0226,0.0295,0.7884,0.0,13,8,16.29,17.67
4087053,2023-03-19,arg,2023,Liga Profesional,8,Facundo Raúl Tello Figueroa,10094,Estudiantes,10103,Gimnasia LP,0,1,2,48,52,8,13,3,6,5,3,0,4,0,1,4,10,4,3,3,11,1,2,0,1,16,27,17,13,7,5,0,0,1,2,30,17,3,9,4,0,23,13,5,2,80,73,49.0,54.0,31.0,19.0,6.0,20.0,296,309,183.0,210.0,76,84,107,126,28.0,32.0,4.0,7.0,0.97,1.57,0.87,0.65,0.1,0.13,0.97,0.78,0.81,2.91,0,1,3,6,1,3,3,1,1,2,0.0,0.3011,0.7324,1.0985,0.052,0.0868,0.1732,0.0376,0.0108,0.0492,7,9,0,0,0,2,1,1,0,1,0.9389,0.6504,0.0,0.0,0.0,0.1119,0.0295,0.0226,0.0,0.7884,8,13,17.67,16.29
4087057,2023-03-19,arg,2023,Liga Profesional,8,Nazareno Arasa,10227,Godoy Cruz,10092,Belgrano,1,3,1,44,56,10,12,6,6,4,4,0,2,0,1,9,10,1,2,5,8,3,2,2,1,13,23,9,8,0,2,0,0,5,1,32,15,14,12,2,1,35,7,5,2,64,54,46.0,40.0,18.0,14.0,6.0,16.0,298,370,209.0,270.0,108,118,101,152,34.0,28.0,6.0,6.0,1.39,1.84,1.33,1.79,0.06,0.05,1.39,1.84,,,1,1,4,8,4,1,1,0,0,2,0.5384,0.6155,0.4414,1.2095,0.3748,0.048,0.0344,0.0,0.0,0.0193,7,11,1,0,2,0,0,1,0,0,1.1165,1.8442,0.2094,0.0,0.0631,0.0,0.0,0.048,0.0,0.0,10,12,13.23,14.51
4087057,2023-03-19,arg,2023,Liga Profesional,8,Nazareno Arasa,10092,Belgrano,10227,Godoy Cruz,0,1,3,56,44,12,10,6,6,4,4,2,0,1,0,10,9,2,1,8,5,2,3,1,2,23,13,8,9,2,0,0,0,1,5,15,32,12,14,1,2,7,35,2,5,54,64,40.0,46.0,14.0,18.0,16.0,6.0,370,298,270.0,209.0,118,108,152,101,28.0,34.0,6.0,6.0,1.84,1.39,1.79,1.33,0.05,0.06,1.84,1.39,,,1,1,8,4,1,4,0,1,2,0,0.6155,0.5384,1.2095,0.4414,0.048,0.3748,0.0,0.0344,0.0193,0.0,11,7,0,1,0,2,1,0,0,0,1.8442,1.1165,0.0,0.2094,0.0,0.0631,0.048,0.0,0.0,0.0,12,10,14.51,13.23
4087031,2023-03-20,arg,2023,Liga Profesional,8,Darío Herrera,10101,Talleres,10087,Banfield,1,0,1,63,37,18,11,7,7,7,2,4,2,0,0,11,7,7,4,9,1,0,3,0,2,30,13,14,11,4,3,0,1,3,1,9,26,8,5,2,4,9,29,6,7,45,62,30.0,43.0,15.0,19.0,11.0,5.0,483,282,391.0,183.0,160,81,231,102,44.0,23.0,6.0,2.0,0.83,1.92,0.45,1.13,0.37,0.0,0.83,1.13,0.71,1.52,0,0,7,7,4,0,3,3,4,1,0.0,0.0,0.4052,1.7662,0.2536,0.0,0.0743,0.1246,0.0921,0.0369,7,10,1,0,7,0,3,0,0,1,0.3344,1.1394,0.1199,0.0,0.2744,0.0,0.0966,0.0,0.0,0.7884,18,11,19.04,16.2
4087031,2023-03-20,arg,2023,Liga Profesional,8,Darío Herrera,10087,Banfield,10101,Talleres,0,1,0,37,63,11,18,7,7,2,7,2,4,0,0,7,11,4,7,1,9,3,0,2,0,13,30,11,14,3,4,1,0,1,3,26,9,5,8,4,2,29,9,7,6,62,45,43.0,30.0,19.0,15.0,5.0,11.0,282,483,183.0,391.0,81,160,102,231,23.0,44.0,2.0,6.0,1.92,0.83,1.13,0.45,0.0,0.37,1.13,0.83,1.52,0.71,0,0,7,7,0,4,3,3,1,4,0.0,0.0,1.7662,0.4052,0.0,0.2536,0.1246,0.0743,0.0369,0.0921,10,7,0,1,0,7,0,3,1,0,1.1394,0.3344,0.0,0.1199,0.0,0.2744,0.0,0.0966,0.7884,0.0,11,18,16.2,19.04
4087052,2023-03-20,arg,2023,Liga Profesional,8,Andrés Merlos,10201,Newell's Old Boys,10083,San Lorenzo,1,1,0,64,36,12,6,2,1,7,3,3,2,0,0,5,3,7,3,9,0,2,0,1,0,16,12,13,12,3,1,0,0,1,3,12,20,4,10,2,3,11,16,1,1,54,50,36.0,41.0,18.0,9.0,14.0,8.0,544,308,472.0,243.0,266,139,206,104,21.0,20.0,4.0,3.0,1.36,0.24,1.27,0.11,0.1,0.13,1.36,0.24,,,1,0,4,2,0,1,4,2,3,1,0.1233,0.0,1.0586,0.1328,0.0,0.0308,0.1031,0.0291,0.0788,0.0462,8,3,1,0,2,0,1,3,0,0,1.2224,0.1095,0.0439,0.0,0.0569,0.0,0.0406,0.1294,0.0,0.0,12,6,20.98,23.85
4087052,2023-03-20,arg,2023,Liga Profesional,8,Andrés Merlos,10083,San Lorenzo,10201,Newell's Old Boys,0,0,1,36,64,6,12,1,2,3,7,2,3,0,0,3,5,3,7,0,9,0,2,0,1,12,16,12,13,1,3,0,0,3,1,20,12,10,4,3,2,16,11,1,1,50,54,41.0,36.0,9.0,18.0,8.0,14.0,308,544,243.0,472.0,139,266,104,206,20.0,21.0,3.0,4.0,0.24,1.36,0.11,1.27,0.13,0.1,0.24,1.36,,,0,1,2,4,1,0,2,4,1,3,0.0,0.1233,0.1328,1.0586,0.0308,0.0,0.0291,0.1031,0.0462,0.0788,3,8,0,1,0,2,3,1,0,0,0.1095,1.2224,0.0,0.0439,0.0,0.0569,0.1294,0.0406,0.0,0.0,6,12,23.85,20.98
4087056,2023-03-20,arg,2023,Liga Profesional,8,Ariel Penel,202757,Sarmiento,10076,River Plate,1,0,2,30,70,14,25,4,8,5,8,5,9,0,0,3,13,11,12,9,7,0,2,0,1,15,39,18,8,3,2,0,0,0,1,20,9,12,8,8,5,15,32,6,4,51,50,33.0,40.0,18.0,10.0,5.0,15.0,263,665,174.0,588.0,90,171,84,417,33.0,36.0,1.0,3.0,0.61,2.49,0.46,1.58,0.15,0.12,0.61,1.7,,,0,1,1,8,2,4,4,9,7,3,0.0,0.2237,0.0165,1.3837,0.0738,0.364,0.3474,0.3827,0.1699,0.1309,8,21,1,0,4,2,1,1,0,1,0.2121,1.5796,0.2457,0.0,0.0856,0.0656,0.0643,0.0515,0.0,0.7884,14,25,23.62,18.69
4087056,2023-03-20,arg,2023,Liga Profesional,8,Ariel Penel,10076,River Plate,202757,Sarmiento,0,2,0,70,30,25,14,8,4,8,5,9,5,0,0,13,3,12,11,7,9,2,0,1,0,39,15,8,18,2,3,0,0,1,0,9,20,8,12,5,8,32,15,4,6,50,51,40.0,33.0,10.0,18.0,15.0,5.0,665,263,588.0,174.0,171,90,417,84,36.0,33.0,3.0,1.0,2.49,0.61,1.58,0.46,0.12,0.15,1.7,0.61,,,1,0,8,1,4,2,9,4,3,7,0.2237,0.0,1.3837,0.0165,0.364,0.0738,0.3827,0.3474,0.1309,0.1699,21,8,0,1,2,4,1,1,1,0,1.5796,0.2121,0.0,0.2457,0.0656,0.0856,0.0515,0.0643,0.7884,0.0,25,14,18.69,23.62
4087054,2023-03-21,arg,2023,Liga Profesional,8,Yael Falcón Pérez,10081,Huracan,10084,Rosario Central,1,0,2,71,29,10,9,1,4,4,3,5,2,0,0,6,5,4,4,9,2,0,1,0,0,19,8,16,14,2,2,0,0,1,2,16,18,10,19,2,5,6,33,2,1,67,68,36.0,43.0,31.0,25.0,10.0,10.0,535,215,427.0,123.0,185,62,242,61,22.0,23.0,8.0,4.0,0.43,0.96,0.24,0.92,0.19,0.04,0.43,0.96,0.03,0.93,2,1,2,3,2,1,3,1,1,3,0.1015,0.2482,0.0778,0.5432,0.1046,0.0928,0.1236,0.0177,0.0239,0.0613,5,7,0,0,4,1,1,1,0,0,0.2389,0.9185,0.0,0.0,0.1554,0.0095,0.0372,0.0351,0.0,0.0,10,9,17.04,19.28
4087054,2023-03-21,arg,2023,Liga Profesional,8,Yael Falcón Pérez,10084,Rosario Central,10081,Huracan,0,2,0,29,71,9,10,4,1,3,4,2,5,0,0,5,6,4,4,2,9,1,0,0,0,8,19,14,16,2,2,0,0,2,1,18,16,19,10,5,2,33,6,1,2,68,67,43.0,36.0,25.0,31.0,10.0,10.0,215,535,123.0,427.0,62,185,61,242,23.0,22.0,4.0,8.0,0.96,0.43,0.92,0.24,0.04,0.19,0.96,0.43,0.93,0.03,1,2,3,2,1,2,1,3,3,1,0.2482,0.1015,0.5432,0.0778,0.0928,0.1046,0.0177,0.1236,0.0613,0.0239,7,5,0,0,1,4,1,1,0,0,0.9185,0.2389,0.0,0.0,0.0095,0.1554,0.0351,0.0372,0.0,0.0,9,10,19.28,17.04
4087058,2023-03-21,arg,2023,Liga Profesional,8,Fernando Echenique,10082,Lanus,10086,Argentinos Juniors,1,0,0,37,63,7,13,2,3,5,8,0,2,0,0,4,8,3,5,6,6,1,1,1,1,14,22,18,19,4,1,0,0,2,0,13,14,13,11,2,0,17,20,3,2,61,59,41.0,43.0,20.0,16.0,10.0,12.0,316,526,227.0,451.0,149,219,78,232,30.0,26.0,3.0,6.0,0.87,0.78,0.5,0.43,0.37,0.35,0.87,0.78,0.27,0.23,2,1,1,4,1,3,1,4,2,1,0.3076,0.1306,0.4219,0.2788,0.0655,0.2213,0.0375,0.1305,0.0405,0.0202,4,6,0,2,2,1,1,4,0,0,0.4998,0.2483,0.0,0.1801,0.3076,0.0272,0.0655,0.3259,0.0,0.0,7,13,17.62,17.86
4087058,2023-03-21,arg,2023,Liga Profesional,8,Fernando Echenique,10086,Argentinos Juniors,10082,Lanus,0,0,0,63,37,13,7,3,2,8,5,2,0,0,0,8,4,5,3,6,6,1,1,1,1,22,14,19,18,1,4,0,0,0,2,14,13,11,13,0,2,20,17,2,3,59,61,43.0,41.0,16.0,20.0,12.0,10.0,526,316,451.0,227.0,219,149,232,78,26.0,30.0,6.0,3.0,0.78,0.87,0.43,0.5,0.35,0.37,0.78,0.87,0.23,0.27,1,2,4,1,3,1,4,1,1,2,0.1306,0.3076,0.2788,0.4219,0.2213,0.0655,0.1305,0.0375,0.0202,0.0405,6,4,2,0,1,2,4,1,0,0,0.2483,0.4998,0.1801,0.0,0.0272,0.3076,0.3259,0.0655,0.0,0.0,13,7,17.86,17.62
4087029,2023-03-22,arg,2023,Liga Profesional,8,Pablo Dóvalo,10079,Velez Sarsfield,213596,Central Cordoba de Santiago,1,4,0,61,39,12,10,6,1,4,4,2,5,0,0,8,6,4,4,4,4,2,1,0,1,15,12,9,9,3,2,0,0,0,1,29,20,8,10,5,1,18,11,1,2,73,56,56.0,36.0,17.0,20.0,18.0,9.0,511,317,408.0,201.0,235,93,173,108,16.0,20.0,2.0,5.0,1.85,0.72,1.53,0.65,0.31,0.07,1.85,0.72,2.55,0.17,0,1,5,2,3,3,3,3,1,1,0.0,0.4325,0.9468,0.1005,0.1321,0.1052,0.1695,0.0499,0.5966,0.0302,8,7,1,0,2,2,1,1,0,0,1.0426,0.6514,0.5738,0.0,0.095,0.0411,0.1336,0.0258,0.0,0.0,12,10,17.51,19.64
4087029,2023-03-22,arg,2023,Liga Profesional,8,Pablo Dóvalo,213596,Central Cordoba de Santiago,10079,Velez Sarsfield,0,0,4,39,61,10,12,1,6,4,4,5,2,0,0,6,8,4,4,4,4,1,2,1,0,12,15,9,9,2,3,0,0,1,0,20,29,10,8,1,5,11,18,2,1,56,73,36.0,56.0,20.0,17.0,9.0,18.0,317,511,201.0,408.0,93,235,108,173,20.0,16.0,5.0,2.0,0.72,1.85,0.65,1.53,0.07,0.31,0.72,1.85,0.17,2.55,1,0,2,5,3,3,3,3,1,1,0.4325,0.0,0.1005,0.9468,0.1052,0.1321,0.0499,0.1695,0.0302,0.5966,7,8,0,1,2,2,1,1,0,0,0.6514,1.0426,0.0,0.5738,0.0411,0.095,0.0258,0.1336,0.0,0.0,10,12,19.64,17.51
4087039,2023-03-30,arg,2023,Liga Profesional,9,Ariel Penel,161730,Defensa y Justicia,10079,Velez Sarsfield,1,0,0,51,49,12,13,3,3,5,8,4,2,0,1,5,8,7,5,4,6,1,1,1,1,22,15,17,5,3,1,0,1,4,1,20,19,20,13,2,3,12,19,3,3,40,61,31.0,52.0,9.0,9.0,6.0,17.0,400,388,311.0,305.0,172,156,139,149,30.0,28.0,3.0,8.0,1.46,0.91,0.61,0.75,0.85,0.16,1.46,0.91,1.4,0.12,1,0,3,5,1,3,4,3,3,2,0.8016,0.0,0.3795,0.5908,0.0301,0.1417,0.1623,0.1291,0.0825,0.0489,9,8,1,0,2,1,0,4,0,0,0.5336,0.7541,0.0732,0.0,0.8491,0.0179,0.0,0.1386,0.0,0.0,12,13,19.79,18.74
4087039,2023-03-30,arg,2023,Liga Profesional,9,Ariel Penel,10079,Velez Sarsfield,161730,Defensa y Justicia,0,0,0,49,51,13,12,3,3,8,5,2,4,1,0,8,5,5,7,6,4,1,1,1,1,15,22,5,17,1,3,1,0,1,4,19,20,13,20,3,2,19,12,3,3,61,40,52.0,31.0,9.0,9.0,17.0,6.0,388,400,305.0,311.0,156,172,149,139,28.0,30.0,8.0,3.0,0.91,1.46,0.75,0.61,0.16,0.85,0.91,1.46,0.12,1.4,0,1,5,3,3,1,3,4,2,3,0.0,0.8016,0.5908,0.3795,0.1417,0.0301,0.1291,0.1623,0.0489,0.0825,8,9,0,1,1,2,4,0,0,0,0.7541,0.5336,0.0,0.0732,0.0179,0.8491,0.1386,0.0,0.0,0.0,13,12,18.74,19.79
4087051,2023-03-31,arg,2023,Liga Profesional,9,Nicolás Ramírez,10094,Estudiantes,10201,Newell's Old Boys,1,3,0,43,57,10,6,6,0,4,3,0,3,0,0,8,2,2,4,1,4,7,0,4,0,15,5,14,17,1,2,0,0,1,0,21,8,11,20,3,0,9,12,0,3,57,39,44.0,28.0,13.0,11.0,8.0,6.0,383,523,284.0,423.0,157,272,127,151,21.0,21.0,3.0,2.0,2.99,0.25,1.89,0.19,0.31,0.06,2.2,0.25,3.41,0.0,1,0,6,2,1,0,0,3,2,1,0.9036,0.0,2.2501,0.1495,0.0128,0.0,0.0,0.0892,0.346,0.012,7,3,0,0,0,3,2,0,1,0,2.412,0.1857,0.0,0.0,0.0,0.065,0.312,0.0,0.7884,0.0,10,6,13.58,19.7
4087051,2023-03-31,arg,2023,Liga Profesional,9,Nicolás Ramírez,10201,Newell's Old Boys,10094,Estudiantes,0,0,3,57,43,6,10,0,6,3,4,3,0,0,0,2,8,4,2,4,1,0,7,0,4,5,15,17,14,2,1,0,0,0,1,8,21,20,11,0,3,12,9,3,0,39,57,28.0,44.0,11.0,13.0,6.0,8.0,523,383,423.0,284.0,272,157,151,127,21.0,21.0,2.0,3.0,0.25,2.99,0.19,1.89,0.06,0.31,0.25,2.2,0.0,3.41,0,1,2,6,0,1,3,0,1,2,0.0,0.9036,0.1495,2.2501,0.0,0.0128,0.0892,0.0,0.012,0.346,3,7,0,0,3,0,0,2,0,1,0.1857,2.412,0.0,0.0,0.065,0.0,0.0,0.312,0.0,0.7884,6,10,19.7,13.58
4087062,2023-03-31,arg,2023,Liga Profesional,9,Sebastían Zunino,10086,Argentinos Juniors,10227,Godoy Cruz,1,3,0,64,36,16,6,5,0,9,5,2,1,1,0,13,2,3,4,3,4,2,0,1,0,26,11,7,15,2,4,0,0,4,0,25,20,10,23,1,2,13,10,0,3,70,52,51.0,29.0,19.0,23.0,12.0,2.0,512,286,404.0,179.0,235,96,169,83,54.0,31.0,4.0,4.0,1.61,0.21,1.25,0.09,0.36,0.12,1.61,0.21,1.75,0.0,1,0,7,2,5,0,1,3,2,1,0.055,0.0,0.6325,0.1189,0.8418,0.0,0.0477,0.0746,0.0366,0.0164,12,4,0,0,4,2,0,0,0,0,1.2527,0.091,0.0,0.0,0.3609,0.1189,0.0,0.0,0.0,0.0,16,6,15.89,22.85
4087062,2023-03-31,arg,2023,Liga Profesional,9,Sebastían Zunino,10227,Godoy Cruz,10086,Argentinos Juniors,0,0,3,36,64,6,16,0,5,5,9,1,2,0,1,2,13,4,3,4,3,0,2,0,1,11,26,15,7,4,2,0,0,0,4,20,25,23,10,2,1,10,13,3,0,52,70,29.0,51.0,23.0,19.0,2.0,12.0,286,512,179.0,404.0,96,235,83,169,31.0,54.0,4.0,4.0,0.21,1.61,0.09,1.25,0.12,0.36,0.21,1.61,0.0,1.75,0,1,2,7,0,5,3,1,1,2,0.0,0.055,0.1189,0.6325,0.0,0.8418,0.0746,0.0477,0.0164,0.0366,4,12,0,0,2,4,0,0,0,0,0.091,1.2527,0.0,0.0,0.1189,0.3609,0.0,0.0,0.0,0.0,6,16,22.85,15.89
4087066,2023-03-31,arg,2023,Liga Profesional,9,Silvio Trucco,10084,Rosario Central,10103,Gimnasia LP,1,3,1,47,53,21,11,5,2,6,3,10,6,0,0,14,5,7,6,7,8,3,1,1,0,27,21,14,14,1,2,0,0,1,0,23,24,4,9,6,9,32,9,1,2,68,68,50.0,54.0,18.0,14.0,14.0,18.0,264,302,185.0,215.0,75,103,110,112,27.0,27.0,11.0,4.0,1.38,1.27,0.72,0.34,0.66,0.94,1.38,1.27,1.79,0.84,2,2,10,2,2,1,4,4,3,2,0.4302,0.9034,0.686,0.1233,0.0807,0.0186,0.0932,0.1686,0.0884,0.0818,9,7,1,0,9,2,2,2,0,0,0.6766,0.382,0.0394,0.0,0.453,0.7904,0.2096,0.1233,0.0,0.0,21,11,16.64,18.73
4087066,2023-03-31,arg,2023,Liga Profesional,9,Silvio Trucco,10103,Gimnasia LP,10084,Rosario Central,0,1,3,53,47,11,21,2,5,3,6,6,10,0,0,5,14,6,7,8,7,1,3,0,1,21,27,14,14,2,1,0,0,0,1,24,23,9,4,9,6,9,32,2,1,68,68,54.0,50.0,14.0,18.0,18.0,14.0,302,264,215.0,185.0,103,75,112,110,27.0,27.0,4.0,11.0,1.27,1.38,0.34,0.72,0.94,0.66,1.27,1.38,0.84,1.79,2,2,2,10,1,2,4,4,2,3,0.9034,0.4302,0.1233,0.686,0.0186,0.0807,0.1686,0.0932,0.0818,0.0884,7,9,0,1,2,9,2,2,0,0,0.382,0.6766,0.0,0.0394,0.7904,0.453,0.1233,0.2096,0.0,0.0,11,21,18.73,16.64
4087036,2023-04-01,arg,2023,Liga Profesional,9,Yael Falcón Pérez,213534,Barracas Central,10077,Boca Juniors,1,0,3,49,51,5,20,1,7,4,10,0,3,0,0,2,10,3,10,0,6,0,5,0,3,8,27,17,14,3,2,0,0,0,1,25,17,11,15,3,0,16,12,5,1,58,58,42.0,44.0,16.0,14.0,3.0,12.0,399,407,297.0,303.0,214,144,83,159,18.0,32.0,3.0,6.0,0.23,2.41,0.17,2.06,0.06,0.35,0.23,2.41,0.45,1.05,0,0,1,7,1,3,2,4,1,6,0.0,0.0,0.0896,1.2676,0.0399,0.6143,0.0796,0.114,0.0244,0.4107,4,14,0,2,0,2,1,2,0,0,0.1708,1.4637,0.0,0.5925,0.0,0.1407,0.0627,0.2097,0.0,0.0,5,20,21.71,20.49
4087036,2023-04-01,arg,2023,Liga Profesional,9,Yael Falcón Pérez,10077,Boca Juniors,213534,Barracas Central,0,3,0,51,49,20,5,7,1,10,4,3,0,0,0,10,2,10,3,6,0,5,0,3,0,27,8,14,17,2,3,0,0,1,0,17,25,15,11,0,3,12,16,1,5,58,58,44.0,42.0,14.0,16.0,12.0,3.0,407,399,303.0,297.0,144,214,159,83,32.0,18.0,6.0,3.0,2.41,0.23,2.06,0.17,0.35,0.06,2.41,0.23,1.05,0.45,0,0,7,1,3,1,4,2,6,1,0.0,0.0,1.2676,0.0896,0.6143,0.0399,0.114,0.0796,0.4107,0.0244,14,4,2,0,2,0,2,1,0,0,1.4637,0.1708,0.5925,0.0,0.1407,0.0,0.2097,0.0627,0.0,0.0,20,5,20.49,21.71
4087050,2023-04-01,arg,2023,Liga Profesional,9,Leandro Rey Hilfer,10083,San Lorenzo,10078,Independiente,1,0,0,61,39,13,6,6,2,4,3,3,1,0,0,10,2,3,4,7,1,3,1,3,1,29,10,14,17,3,5,0,1,1,0,17,14,7,6,1,4,9,32,2,5,54,45,44.0,39.0,10.0,6.0,11.0,12.0,493,329,428.0,251.0,188,153,240,98,10.0,16.0,11.0,1.0,1.97,0.39,0.78,0.3,1.19,0.09,1.97,0.39,1.26,0.53,2,0,8,1,0,1,2,2,1,2,0.9121,0.0,0.981,0.2137,0.0,0.0268,0.0975,0.0731,0.0208,0.0786,7,3,0,0,4,1,2,2,0,0,0.8169,0.2982,0.0,0.0,0.3025,0.0154,0.8919,0.0786,0.0,0.0,13,6,13.85,23.88
4087050,2023-04-01,arg,2023,Liga Profesional,9,Leandro Rey Hilfer,10078,Independiente,10083,San Lorenzo,0,0,0,39,61,6,13,2,6,3,4,1,3,0,0,2,10,4,3,1,7,1,3,1,3,10,29,17,14,5,3,1,0,0,1,14,17,6,7,4,1,32,9,5,2,45,54,39.0,44.0,6.0,10.0,12.0,11.0,329,493,251.0,428.0,153,188,98,240,16.0,10.0,1.0,11.0,0.39,1.97,0.3,0.78,0.09,1.19,0.39,1.97,0.53,1.26,0,2,1,8,1,0,2,2,2,1,0.0,0.9121,0.2137,0.981,0.0268,0.0,0.0731,0.0975,0.0786,0.0208,3,7,0,0,1,4,2,2,0,0,0.2982,0.8169,0.0,0.0,0.0154,0.3025,0.0786,0.8919,0.0,0.0,6,13,23.88,13.85
4087064,2023-04-01,arg,2023,Liga Profesional,9,Fernando Echenique,10076,River Plate,10096,Union,1,1,0,69,31,19,3,7,0,5,1,7,2,0,0,13,1,6,2,3,3,4,0,4,0,45,5,18,17,2,1,0,1,2,0,17,20,14,17,2,6,15,25,0,5,70,65,58.0,53.0,12.0,12.0,25.0,19.0,688,303,590.0,194.0,256,117,334,77,39.0,18.0,3.0,1.0,2.26,0.11,2.05,0.05,0.21,0.06,2.26,0.11,1.94,0.0,1,0,9,1,3,0,6,1,0,1,0.8258,0.0,1.0372,0.0597,0.1948,0.0,0.2035,0.0226,0.0,0.025,15,2,0,0,1,1,3,0,0,0,2.0496,0.0476,0.0,0.0,0.0439,0.0597,0.1678,0.0,0.0,0.0,19,3,16.42,22.55
4087064,2023-04-01,arg,2023,Liga Profesional,9,Fernando Echenique,10096,Union,10076,River Plate,0,0,1,31,69,3,19,0,7,1,5,2,7,0,0,1,13,2,6,3,3,0,4,0,4,5,45,17,18,1,2,1,0,0,2,20,17,17,14,6,2,25,15,5,0,65,70,53.0,58.0,12.0,12.0,19.0,25.0,303,688,194.0,590.0,117,256,77,334,18.0,39.0,1.0,3.0,0.11,2.26,0.05,2.05,0.06,0.21,0.11,2.26,0.0,1.94,0,1,1,9,0,3,1,6,1,0,0.0,0.8258,0.0597,1.0372,0.0,0.1948,0.0226,0.2035,0.025,0.0,2,15,0,0,1,1,0,3,0,0,0.0476,2.0496,0.0,0.0,0.0597,0.0439,0.0,0.1678,0.0,0.0,3,19,22.55,16.42
4087065,2023-04-01,arg,2023,Liga Profesional,9,Darío Herrera,10080,Racing Club,10081,Huracan,1,2,1,60,40,18,8,7,2,6,6,5,0,0,0,9,4,9,4,5,3,0,1,0,1,21,11,16,14,3,2,0,0,0,0,15,17,8,19,0,5,12,21,1,5,62,66,36.0,43.0,26.0,23.0,10.0,11.0,559,357,450.0,274.0,224,157,226,117,39.0,29.0,6.0,6.0,1.13,0.47,0.59,0.31,0.55,0.16,1.13,0.47,0.77,0.51,1,0,6,3,2,1,5,2,4,2,0.2871,0.0,0.5157,0.3114,0.0639,0.0439,0.1759,0.0448,0.0933,0.0698,13,5,0,0,5,0,0,3,0,0,0.5884,0.3126,0.0,0.0,0.5474,0.0,0.0,0.1573,0.0,0.0,18,8,19.27,18.74
4087065,2023-04-01,arg,2023,Liga Profesional,9,Darío Herrera,10081,Huracan,10080,Racing Club,0,1,2,40,60,8,18,2,7,6,6,0,5,0,0,4,9,4,9,3,5,1,0,1,0,11,21,14,16,2,3,0,0,0,0,17,15,19,8,5,0,21,12,5,1,66,62,43.0,36.0,23.0,26.0,11.0,10.0,357,559,274.0,450.0,157,224,117,226,29.0,39.0,6.0,6.0,0.47,1.13,0.31,0.59,0.16,0.55,0.47,1.13,0.51,0.77,0,1,3,6,1,2,2,5,2,4,0.0,0.2871,0.3114,0.5157,0.0439,0.0639,0.0448,0.1759,0.0698,0.0933,5,13,0,0,0,5,3,0,0,0,0.3126,0.5884,0.0,0.0,0.0,0.5474,0.1573,0.0,0.0,0.0,8,18,18.74,19.27
4087035,2023-04-02,arg,2023,Liga Profesional,9,Pablo Echavarría,10088,Colon,161727,Atletico Tucuman,1,0,0,52,48,15,13,6,2,7,6,2,5,0,0,7,6,8,7,6,6,2,1,2,1,24,19,13,8,1,1,0,0,1,0,22,24,11,12,5,2,16,22,2,7,63,68,41.0,52.0,22.0,16.0,11.0,15.0,368,355,271.0,242.0,125,124,146,118,35.0,31.0,5.0,4.0,1.91,0.75,0.59,0.5,0.53,0.25,1.12,0.75,2.19,0.21,0,1,5,1,2,4,7,3,1,4,0.0,0.2556,1.4236,0.1121,0.1909,0.155,0.2725,0.1028,0.0196,0.1285,10,7,0,0,1,3,3,3,1,0,0.5859,0.5014,0.0,0.0,0.011,0.115,0.5213,0.1374,0.7884,0.0,15,13,19.79,24.54
4087035,2023-04-02,arg,2023,Liga Profesional,9,Pablo Echavarría,161727,Atletico Tucuman,10088,Colon,0,0,0,48,52,13,15,2,6,6,7,5,2,0,0,6,7,7,8,6,6,1,2,1,2,19,24,8,13,1,1,0,0,0,1,24,22,12,11,2,5,22,16,7,2,68,63,52.0,41.0,16.0,22.0,15.0,11.0,355,368,242.0,271.0,124,125,118,146,31.0,35.0,4.0,5.0,0.75,1.91,0.5,0.59,0.25,0.53,0.75,1.12,0.21,2.19,1,0,1,5,4,2,3,7,4,1,0.2556,0.0,0.1121,1.4236,0.155,0.1909,0.1028,0.2725,0.1285,0.0196,7,10,0,0,3,1,3,3,0,1,0.5014,0.5859,0.0,0.0,0.115,0.011,0.1374,0.5213,0.0,0.7884,13,15,24.54,19.79
4087037,2023-04-02,arg,2023,Liga Profesional,9,Facundo Raúl Tello Figueroa,10090,Instituto,10101,Talleres,1,0,3,58,42,13,8,3,4,7,2,3,2,0,0,9,6,4,2,8,2,2,3,2,1,25,14,19,13,2,1,0,0,0,1,17,18,7,7,2,3,8,24,1,3,59,67,39.0,48.0,20.0,19.0,11.0,11.0,401,303,319.0,225.0,147,106,172,119,31.0,32.0,5.0,3.0,1.9,1.07,1.52,0.89,0.38,0.18,1.9,1.07,1.22,1.97,2,0,7,5,0,1,3,1,1,1,0.779,0.0,1.1091,0.9482,0.0,0.0758,0.1674,0.0263,0.048,0.0191,9,5,0,1,1,1,3,1,0,0,1.7225,0.8149,0.0,0.0758,0.1062,0.1466,0.2748,0.0322,0.0,0.0,13,8,13.65,15.74
4087037,2023-04-02,arg,2023,Liga Profesional,9,Facundo Raúl Tello Figueroa,10101,Talleres,10090,Instituto,0,3,0,42,58,8,13,4,3,2,7,2,3,0,0,6,9,2,4,2,8,3,2,1,2,14,25,13,19,1,2,0,0,1,0,18,17,7,7,3,2,24,8,3,1,67,59,48.0,39.0,19.0,20.0,11.0,11.0,303,401,225.0,319.0,106,147,119,172,32.0,31.0,3.0,5.0,1.07,1.9,0.89,1.52,0.18,0.38,1.07,1.9,1.97,1.22,0,2,5,7,1,0,1,3,1,1,0.0,0.779,0.9482,1.1091,0.0758,0.0,0.0263,0.1674,0.0191,0.048,5,9,1,0,1,1,1,3,0,0,0.8149,1.7225,0.0758,0.0,0.1466,0.1062,0.0322,0.2748,0.0,0.0,8,13,15.74,13.65
4087061,2023-04-02,arg,2023,Liga Profesional,9,Hernán Mastrángelo,89396,Tigre,10082,Lanus,1,2,1,68,32,19,13,6,3,7,5,6,5,0,0,11,9,8,4,6,3,4,1,2,1,31,17,15,10,4,1,1,1,0,0,19,17,10,14,5,5,16,29,2,4,54,70,41.0,54.0,13.0,16.0,13.0,22.0,575,262,493.0,178.0,175,103,318,75,25.0,23.0,5.0,5.0,2.7,1.15,1.94,0.34,0.77,0.8,2.7,1.15,2.74,1.03,3,3,5,4,3,2,7,2,1,2,1.8106,0.5249,0.3592,0.4231,0.2918,0.0899,0.3006,0.0557,0.044,0.0548,13,5,1,2,2,1,3,5,0,0,1.8925,0.321,0.044,0.0515,0.0599,0.1712,0.8099,0.6048,0.0,0.0,19,13,19.68,18.86
4087061,2023-04-02,arg,2023,Liga Profesional,9,Hernán Mastrángelo,10082,Lanus,89396,Tigre,0,1,2,32,68,13,19,3,6,5,7,5,6,0,0,9,11,4,8,3,6,1,4,1,2,17,31,10,15,1,4,1,1,0,0,17,19,14,10,5,5,29,16,4,2,70,54,54.0,41.0,16.0,13.0,22.0,13.0,262,575,178.0,493.0,103,175,75,318,23.0,25.0,5.0,5.0,1.15,2.7,0.34,1.94,0.8,0.77,1.15,2.7,1.03,2.74,3,3,4,5,2,3,2,7,2,1,0.5249,1.8106,0.4231,0.3592,0.0899,0.2918,0.0557,0.3006,0.0548,0.044,5,13,2,1,1,2,5,3,0,0,0.321,1.8925,0.0515,0.044,0.1712,0.0599,0.6048,0.8099,0.0,0.0,13,19,18.86,19.68
4087038,2023-04-03,arg,2023,Liga Profesional,9,Nazareno Arasa,10087,Banfield,10089,Club Atletico Platense,1,0,2,66,34,14,6,2,4,9,1,3,1,0,0,7,3,7,3,6,4,1,2,1,0,19,7,10,18,0,5,0,0,2,1,23,11,12,14,1,3,13,33,2,2,85,54,45.0,28.0,40.0,26.0,6.0,8.0,463,246,327.0,120.0,204,57,123,63,23.0,23.0,6.0,1.0,0.8,1.45,0.32,0.64,0.47,0.02,0.8,0.66,0.66,1.84,0,0,4,2,3,1,5,3,2,0,0.0,0.0,0.3335,1.2998,0.1571,0.0241,0.2376,0.1294,0.0669,0.0,8,4,0,0,2,1,4,0,0,1,0.4691,0.6408,0.0,0.0,0.0947,0.0241,0.2314,0.0,0.0,0.7884,14,6,18.59,19.31
4087038,2023-04-03,arg,2023,Liga Profesional,9,Nazareno Arasa,10089,Club Atletico Platense,10087,Banfield,0,2,0,34,66,6,14,4,2,1,9,1,3,0,0,3,7,3,7,4,6,2,1,0,1,7,19,18,10,5,0,0,0,1,2,11,23,14,12,3,1,33,13,2,2,54,85,28.0,45.0,26.0,40.0,8.0,6.0,246,463,120.0,327.0,57,204,63,123,23.0,23.0,1.0,6.0,1.45,0.8,0.64,0.32,0.02,0.47,0.66,0.8,1.84,0.66,0,0,2,4,1,3,3,5,0,2,0.0,0.0,1.2998,0.3335,0.0241,0.1571,0.1294,0.2376,0.0,0.0669,4,8,0,0,1,2,0,4,1,0,0.6408,0.4691,0.0,0.0,0.0241,0.0947,0.0,0.2314,0.7884,0.0,6,14,19.31,18.59
4087063,2023-04-03,arg,2023,Liga Profesional,9,Sebastián Nicolás Martínez,10092,Belgrano,202757,Sarmiento,1,0,0,66,34,18,8,3,2,10,6,5,0,0,0,10,2,8,6,9,2,1,0,1,0,22,10,11,18,1,5,0,0,0,0,9,19,9,11,0,5,12,16,2,3,61,69,36.0,38.0,25.0,31.0,10.0,8.0,457,247,372.0,147.0,152,63,220,84,46.0,26.0,11.0,3.0,0.79,0.19,0.5,0.09,0.3,0.1,0.79,0.19,0.28,0.34,0,0,9,2,1,0,5,4,3,2,0.0,0.0,0.508,0.0505,0.0346,0.0,0.1775,0.0994,0.0729,0.0373,8,6,0,0,7,1,3,1,0,0,0.4952,0.1367,0.0,0.0,0.2038,0.0281,0.0939,0.0224,0.0,0.0,18,8,19.04,22.33
4087063,2023-04-03,arg,2023,Liga Profesional,9,Sebastián Nicolás Martínez,202757,Sarmiento,10092,Belgrano,0,0,0,34,66,8,18,2,3,6,10,0,5,0,0,2,10,6,8,2,9,0,1,0,1,10,22,18,11,5,1,0,0,0,0,19,9,11,9,5,0,16,12,3,2,69,61,38.0,36.0,31.0,25.0,8.0,10.0,247,457,147.0,372.0,63,152,84,220,26.0,46.0,3.0,11.0,0.19,0.79,0.09,0.5,0.1,0.3,0.19,0.79,0.34,0.28,0,0,2,9,0,1,4,5,2,3,0.0,0.0,0.0505,0.508,0.0,0.0346,0.0994,0.1775,0.0373,0.0729,6,8,0,0,1,7,1,3,0,0,0.1367,0.4952,0.0,0.0,0.0281,0.2038,0.0224,0.0939,0.0,0.0,8,18,22.33,19.04
4087060,2023-04-04,arg,2023,Liga Profesional,9,Luis Lobo Medina,213596,Central Cordoba de Santiago,10098,Arsenal Sarandi,1,1,0,34,66,14,7,8,0,4,5,2,2,0,0,10,4,4,3,6,4,2,1,1,1,20,17,4,11,1,3,0,0,2,0,16,15,3,10,2,3,21,21,0,6,55,50,39.0,31.0,16.0,19.0,13.0,12.0,267,541,152.0,436.0,55,218,97,218,19.0,16.0,8.0,7.0,0.94,0.65,0.87,0.65,0.07,0.0,0.94,0.65,,,0,1,7,2,3,1,4,3,0,0,0.0,0.0716,0.6444,0.3964,0.1088,0.0558,0.1881,0.1219,0.0,0.0,11,7,1,0,1,0,1,0,0,0,0.8365,0.6456,0.0351,0.0,0.0318,0.0,0.0379,0.0,0.0,0.0,14,7,16.89,18.58
4087060,2023-04-04,arg,2023,Liga Profesional,9,Luis Lobo Medina,10098,Arsenal Sarandi,213596,Central Cordoba de Santiago,0,0,1,66,34,7,14,0,8,5,4,2,2,0,0,4,10,3,4,4,6,1,2,1,1,17,20,11,4,3,1,0,0,0,2,15,16,10,3,3,2,21,21,6,0,50,55,31.0,39.0,19.0,16.0,12.0,13.0,541,267,436.0,152.0,218,55,218,97,16.0,19.0,7.0,8.0,0.65,0.94,0.65,0.87,0.0,0.07,0.65,0.94,,,1,0,2,7,1,3,3,4,0,0,0.0716,0.0,0.3964,0.6444,0.0558,0.1088,0.1219,0.1881,0.0,0.0,7,11,0,1,0,1,0,1,0,0,0.6456,0.8365,0.0,0.0351,0.0,0.0318,0.0,0.0379,0.0,0.0,7,14,18.58,16.89
4087042,2023-04-07,arg,2023,Liga Profesional,10,Nicolás Ramírez,10089,Club Atletico Platense,10090,Instituto,1,1,0,45,55,21,11,11,3,7,4,3,4,0,0,13,7,8,4,10,3,0,1,0,1,21,13,8,8,2,1,0,0,1,0,21,19,8,6,4,3,17,23,3,10,72,60,47.0,36.0,25.0,24.0,19.0,9.0,320,412,208.0,295.0,96,128,112,167,22.0,33.0,10.0,7.0,1.16,0.72,0.82,0.54,0.34,0.18,1.16,0.72,2.23,0.72,2,1,8,5,3,1,6,3,2,1,0.1383,0.0547,0.5939,0.5312,0.1255,0.0279,0.2602,0.0762,0.0492,0.0317,14,8,0,0,4,2,3,1,0,0,0.8226,0.5382,0.0,0.0,0.217,0.157,0.1274,0.0264,0.0,0.0,21,11,17.77,17.96
4087042,2023-04-07,arg,2023,Liga Profesional,10,Nicolás Ramírez,10090,Instituto,10089,Club Atletico Platense,0,0,1,55,45,11,21,3,11,4,7,4,3,0,0,7,13,4,8,3,10,1,0,1,0,13,21,8,8,1,2,0,0,0,1,19,21,6,8,3,4,23,17,10,3,60,72,36.0,47.0,24.0,25.0,9.0,19.0,412,320,295.0,208.0,128,96,167,112,33.0,22.0,7.0,10.0,0.72,1.16,0.54,0.82,0.18,0.34,0.72,1.16,0.72,2.23,1,2,5,8,1,3,3,6,1,2,0.0547,0.1383,0.5312,0.5939,0.0279,0.1255,0.0762,0.2602,0.0317,0.0492,8,14,0,0,2,4,1,3,0,0,0.5382,0.8226,0.0,0.0,0.157,0.217,0.0264,0.1274,0.0,0.0,11,21,17.96,17.77
4087070,2023-04-07,arg,2023,Liga Profesional,10,Germán Delfino,10082,Lanus,10098,Arsenal Sarandi,1,3,0,39,61,7,15,3,3,4,9,0,3,0,0,6,10,1,5,0,8,3,3,0,3,14,19,11,12,3,3,0,0,1,1,13,12,12,3,3,0,30,4,3,0,49,49,32.0,30.0,17.0,19.0,7.0,10.0,291,421,208.0,341.0,126,152,82,189,26.0,39.0,1.0,8.0,2.31,1.59,0.12,1.25,0.61,0.34,0.73,1.59,2.71,0.42,1,2,2,8,3,0,0,1,1,4,0.6051,0.692,1.5768,0.744,0.0954,0.0,0.0,0.03,0.0278,0.1222,4,9,0,0,0,3,1,3,2,0,0.1232,1.251,0.0,0.0,0.0,0.1961,0.6051,0.141,1.5768,0.0,7,15,16.05,16.75
4087070,2023-04-07,arg,2023,Liga Profesional,10,Germán Delfino,10098,Arsenal Sarandi,10082,Lanus,0,0,3,61,39,15,7,3,3,9,4,3,0,0,0,10,6,5,1,8,0,3,3,3,0,19,14,12,11,3,3,0,0,1,1,12,13,3,12,0,3,4,30,0,3,49,49,30.0,32.0,19.0,17.0,10.0,7.0,421,291,341.0,208.0,152,126,189,82,39.0,26.0,8.0,1.0,1.59,2.31,1.25,0.12,0.34,0.61,1.59,0.73,0.42,2.71,2,1,8,2,0,3,1,0,4,1,0.692,0.6051,0.744,1.5768,0.0,0.0954,0.03,0.0,0.1222,0.0278,9,4,0,0,3,0,3,1,0,2,1.251,0.1232,0.0,0.0,0.1961,0.0,0.141,0.6051,0.0,1.5768,15,7,16.75,16.05
4087040,2023-04-08,arg,2023,Liga Profesional,10,Jorge Ignacio Baliño,161730,Defensa y Justicia,213596,Central Cordoba de Santiago,1,1,2,73,27,18,13,4,7,5,4,9,2,1,0,10,6,8,7,10,6,1,2,1,1,36,10,10,3,1,2,1,0,1,4,15,22,9,12,2,9,14,39,5,3,41,46,27.0,38.0,14.0,8.0,9.0,6.0,597,218,499.0,125.0,232,49,267,76,37.0,21.0,8.0,2.0,1.83,1.34,1.69,1.18,0.14,0.16,1.83,1.34,1.13,2.45,1,0,7,3,2,3,5,4,3,3,0.6969,0.0,0.8278,0.9675,0.0852,0.1356,0.2387,0.1382,0.0735,0.0981,16,9,0,1,2,0,0,3,0,0,1.7851,1.1332,0.0,0.0459,0.1371,0.0,0.0,0.1602,0.0,0.0,18,13,17.86,23.25
4087040,2023-04-08,arg,2023,Liga Profesional,10,Jorge Ignacio Baliño,213596,Central Cordoba de Santiago,161730,Defensa y Justicia,0,2,1,27,73,13,18,7,4,4,5,2,9,0,1,6,10,7,8,6,10,2,1,1,1,10,36,3,10,2,1,0,1,4,1,22,15,12,9,9,2,39,14,3,5,46,41,38.0,27.0,8.0,14.0,6.0,9.0,218,597,125.0,499.0,49,232,76,267,21.0,37.0,2.0,8.0,1.34,1.83,1.18,1.69,0.16,0.14,1.34,1.83,2.45,1.13,0,1,3,7,3,2,4,5,3,3,0.0,0.6969,0.9675,0.8278,0.1356,0.0852,0.1382,0.2387,0.0981,0.0735,9,16,1,0,0,2,3,0,0,0,1.1332,1.7851,0.0459,0.0,0.0,0.1371,0.1602,0.0,0.0,0.0,13,18,23.25,17.86
4087041,2023-04-08,arg,2023,Liga Profesional,10,Fernando Andrés Rapallini,10079,Velez Sarsfield,10087,Banfield,1,3,3,51,49,12,10,5,5,4,3,3,2,0,0,9,7,3,3,5,3,4,0,3,0,22,12,13,12,0,1,0,0,0,3,27,34,19,20,3,3,19,15,2,2,77,84,58.0,62.0,19.0,22.0,19.0,17.0,427,403,341.0,307.0,200,186,141,121,32.0,25.0,5.0,4.0,2.17,0.63,0.94,0.46,0.44,0.17,1.38,0.63,2.36,1.04,0,1,9,4,0,2,3,3,0,0,0.0,0.0445,2.0745,0.318,0.0,0.1509,0.0926,0.113,0.0,0.0,5,7,2,0,2,1,2,2,1,0,0.3801,0.461,0.558,0.0,0.1268,0.0445,0.3138,0.1209,0.7884,0.0,12,10,14.88,17.26
4087041,2023-04-08,arg,2023,Liga Profesional,10,Fernando Andrés Rapallini,10087,Banfield,10079,Velez Sarsfield,0,3,3,49,51,10,12,5,5,3,4,2,3,0,0,7,9,3,3,3,5,0,4,0,3,12,22,12,13,1,0,0,0,3,0,34,27,20,19,3,3,15,19,2,2,84,77,62.0,58.0,22.0,19.0,17.0,19.0,403,427,307.0,341.0,186,200,121,141,25.0,32.0,4.0,5.0,0.63,2.17,0.46,0.94,0.17,0.44,0.63,1.38,1.04,2.36,1,0,4,9,2,0,3,3,0,0,0.0445,0.0,0.318,2.0745,0.1509,0.0,0.113,0.0926,0.0,0.0,7,5,0,2,1,2,2,2,0,1,0.461,0.3801,0.0,0.558,0.0445,0.1268,0.1209,0.3138,0.0,0.7884,10,12,17.26,14.88
4087043,2023-04-08,arg,2023,Liga Profesional,10,Pablo Dóvalo,10101,Talleres,213534,Barracas Central,1,3,0,46,54,12,7,5,0,6,5,1,2,0,0,9,2,3,5,5,3,3,0,0,0,20,3,12,7,1,2,0,0,5,0,20,13,7,9,2,1,11,13,0,2,53,42,37.0,30.0,16.0,12.0,11.0,5.0,390,457,300.0,360.0,171,193,129,167,38.0,20.0,6.0,4.0,1.96,0.18,1.78,0.15,0.18,0.04,1.96,0.18,1.96,0.0,0,0,8,2,1,0,1,3,2,2,0.0,0.0,1.7327,0.0358,0.1388,0.0,0.0301,0.0963,0.0628,0.0519,6,5,2,0,2,1,2,1,0,0,0.8758,0.1483,0.906,0.0,0.097,0.0149,0.0856,0.0209,0.0,0.0,12,7,15.73,26.41
4087043,2023-04-08,arg,2023,Liga Profesional,10,Pablo Dóvalo,213534,Barracas Central,10101,Talleres,0,0,3,54,46,7,12,0,5,5,6,2,1,0,0,2,9,5,3,3,5,0,3,0,0,3,20,7,12,2,1,0,0,0,5,13,20,9,7,1,2,13,11,2,0,42,53,30.0,37.0,12.0,16.0,5.0,11.0,457,390,360.0,300.0,193,171,167,129,20.0,38.0,4.0,6.0,0.18,1.96,0.15,1.78,0.04,0.18,0.18,1.96,0.0,1.96,0,0,2,8,0,1,3,1,2,2,0.0,0.0,0.0358,1.7327,0.0,0.1388,0.0963,0.0301,0.0519,0.0628,5,6,0,2,1,2,1,2,0,0,0.1483,0.8758,0.0,0.906,0.0149,0.097,0.0209,0.0856,0.0,0.0,7,12,26.41,15.73
4087045,2023-04-08,arg,2023,Liga Profesional,10,Fernando Espinoza,161727,Atletico Tucuman,10083,San Lorenzo,1,1,3,42,58,19,15,7,6,9,5,3,4,1,0,11,10,8,5,6,5,3,1,3,1,18,26,10,14,3,1,2,1,0,3,15,11,12,5,4,4,8,22,3,5,46,45,34.0,32.0,12.0,13.0,7.0,11.0,350,502,286.0,447.0,138,230,148,217,20.0,42.0,4.0,1.0,1.59,1.48,0.78,1.38,0.81,0.1,1.59,1.48,2.23,2.44,3,1,4,6,4,3,6,4,2,1,0.6894,0.7324,0.3113,0.4864,0.3459,0.1282,0.2749,0.0966,0.0481,0.0323,10,10,2,0,5,3,2,2,0,0,0.5207,1.3773,0.2607,0.0,0.8203,0.0491,0.0679,0.0494,0.0,0.0,19,15,18.85,18.27
4087045,2023-04-08,arg,2023,Liga Profesional,10,Fernando Espinoza,10083,San Lorenzo,161727,Atletico Tucuman,0,3,1,58,42,15,19,6,7,5,9,4,3,0,1,10,11,5,8,5,6,1,3,1,3,26,18,14,10,1,3,1,2,3,0,11,15,5,12,4,4,22,8,5,3,45,46,32.0,34.0,13.0,12.0,11.0,7.0,502,350,447.0,286.0,230,138,217,148,42.0,20.0,1.0,4.0,1.48,1.59,1.38,0.78,0.1,0.81,1.48,1.59,2.44,2.23,1,3,6,4,3,4,4,6,1,2,0.7324,0.6894,0.4864,0.3113,0.1282,0.3459,0.0966,0.2749,0.0323,0.0481,10,10,0,2,3,5,2,2,0,0,1.3773,0.5207,0.0,0.2607,0.0491,0.8203,0.0494,0.0679,0.0,0.0,15,19,18.27,18.85
4087048,2023-04-08,arg,2023,Liga Profesional,10,Nicolás Lamolina,10103,Gimnasia LP,10080,Racing Club,1,3,1,40,60,16,12,7,5,7,4,2,3,0,0,4,9,12,3,4,2,2,2,1,2,15,22,12,15,2,3,0,1,9,0,16,23,13,11,4,2,23,12,3,4,56,69,36.0,41.0,20.0,28.0,9.0,6.0,276,418,174.0,287.0,68,167,106,120,27.0,31.0,3.0,3.0,1.51,0.79,1.07,0.28,0.45,0.51,1.51,0.79,1.55,0.53,0,2,4,3,0,4,10,0,2,3,0.0,0.4115,0.9482,0.1467,0.0,0.1431,0.492,0.0,0.0708,0.096,10,7,2,0,1,1,3,4,0,0,0.8418,0.2845,0.2233,0.0,0.1135,0.2557,0.3324,0.257,0.0,0.0,16,12,21.81,18.6
4087048,2023-04-08,arg,2023,Liga Profesional,10,Nicolás Lamolina,10080,Racing Club,10103,Gimnasia LP,0,1,3,60,40,12,16,5,7,4,7,3,2,0,0,9,4,3,12,2,4,2,2,2,1,22,15,15,12,3,2,1,0,0,9,23,16,11,13,2,4,12,23,4,3,69,56,41.0,36.0,28.0,20.0,6.0,9.0,418,276,287.0,174.0,167,68,120,106,31.0,27.0,3.0,3.0,0.79,1.51,0.28,1.07,0.51,0.45,0.79,1.51,0.53,1.55,2,0,3,4,4,0,0,10,3,2,0.4115,0.0,0.1467,0.9482,0.1431,0.0,0.0,0.492,0.096,0.0708,7,10,0,2,1,1,4,3,0,0,0.2845,0.8418,0.0,0.2233,0.2557,0.1135,0.257,0.3324,0.0,0.0,12,16,18.6,21.81
4087067,2023-04-08,arg,2023,Liga Profesional,10,Franco Acita,10096,Union,10092,Belgrano,1,0,3,30,70,18,14,6,5,5,6,7,3,0,0,11,7,7,7,7,6,0,3,0,2,21,23,11,9,1,1,1,0,0,3,21,23,7,6,3,7,18,17,2,6,51,73,33.0,49.0,18.0,24.0,3.0,17.0,196,476,120.0,391.0,49,223,71,168,25.0,47.0,8.0,8.0,0.74,1.94,0.42,1.04,0.32,0.11,0.74,1.15,1.12,2.77,0,0,8,4,3,3,3,4,4,3,0.0,0.0,0.3729,1.2263,0.1356,0.478,0.1099,0.1885,0.1241,0.0486,9,8,1,2,6,2,2,1,0,1,0.3708,0.5418,0.0536,0.501,0.2412,0.032,0.0769,0.0781,0.0,0.7884,18,14,18.71,20.56
4087067,2023-04-08,arg,2023,Liga Profesional,10,Franco Acita,10092,Belgrano,10096,Union,0,3,0,70,30,14,18,5,6,6,5,3,7,0,0,7,11,7,7,6,7,3,0,2,0,23,21,9,11,1,1,0,1,3,0,23,21,6,7,7,3,17,18,6,2,73,51,49.0,33.0,24.0,18.0,17.0,3.0,476,196,391.0,120.0,223,49,168,71,47.0,25.0,8.0,8.0,1.94,0.74,1.04,0.42,0.11,0.32,1.15,0.74,2.77,1.12,0,0,4,8,3,3,4,3,3,4,0.0,0.0,1.2263,0.3729,0.478,0.1356,0.1885,0.1099,0.0486,0.1241,8,9,2,1,2,6,1,2,1,0,0.5418,0.3708,0.501,0.0536,0.032,0.2412,0.0781,0.0769,0.7884,0.0,14,18,20.56,18.71
4087068,2023-04-08,arg,2023,Liga Profesional,10,Nazareno Arasa,202757,Sarmiento,10086,Argentinos Juniors,1,2,0,27,73,16,15,6,3,8,9,2,3,0,0,11,6,5,9,7,5,2,1,1,1,26,20,18,11,4,2,0,0,1,1,13,7,6,3,3,2,36,28,3,4,61,48,32.0,32.0,29.0,16.0,9.0,12.0,201,557,102.0,458.0,28,216,74,242,26.0,50.0,7.0,6.0,1.48,0.72,1.03,0.63,0.44,0.09,1.48,0.72,1.5,0.32,1,0,9,3,1,3,4,5,1,4,0.1256,0.0,1.0898,0.2248,0.0539,0.1378,0.1962,0.221,0.0119,0.1373,6,12,2,0,6,1,2,2,0,0,0.4705,0.6323,0.5629,0.0,0.3341,0.0284,0.1099,0.0602,0.0,0.0,16,15,17.37,20.81
4087068,2023-04-08,arg,2023,Liga Profesional,10,Nazareno Arasa,10086,Argentinos Juniors,202757,Sarmiento,0,0,2,73,27,15,16,3,6,9,8,3,2,0,0,6,11,9,5,5,7,1,2,1,1,20,26,11,18,2,4,0,0,1,1,7,13,3,6,2,3,28,36,4,3,48,61,32.0,32.0,16.0,29.0,12.0,9.0,557,201,458.0,102.0,216,28,242,74,50.0,26.0,6.0,7.0,0.72,1.48,0.63,1.03,0.09,0.44,0.72,1.48,0.32,1.5,0,1,3,9,3,1,5,4,4,1,0.0,0.1256,0.2248,1.0898,0.1378,0.0539,0.221,0.1962,0.1373,0.0119,12,6,0,2,1,6,2,2,0,0,0.6323,0.4705,0.0,0.5629,0.0284,0.3341,0.0602,0.1099,0.0,0.0,15,16,20.81,17.37
4087046,2023-04-09,arg,2023,Liga Profesional,10,Hernán Mastrángelo,10078,Independiente,10094,Estudiantes,1,1,2,43,57,5,15,0,4,4,9,1,2,0,1,3,10,2,5,4,4,0,2,0,1,6,20,15,8,3,1,0,0,3,0,12,15,5,6,2,1,17,21,2,0,43,55,29.0,37.0,14.0,18.0,9.0,7.0,344,468,248.0,345.0,144,210,104,135,19.0,31.0,4.0,6.0,0.18,1.44,0.08,1.14,0.1,0.3,0.18,1.44,,,0,1,1,7,2,2,1,3,1,2,0.0,0.1504,0.0491,0.7125,0.051,0.3787,0.0574,0.1405,0.0216,0.0584,2,11,0,0,2,3,1,1,0,0,0.079,1.1416,0.0,0.0,0.0682,0.1556,0.0319,0.1433,0.0,0.0,5,15,18.52,17.4
4087046,2023-04-09,arg,2023,Liga Profesional,10,Hernán Mastrángelo,10094,Estudiantes,10078,Independiente,0,2,1,57,43,15,5,4,0,9,4,2,1,1,0,10,3,5,2,4,4,2,0,1,0,20,6,8,15,1,3,0,0,0,3,15,12,6,5,1,2,21,17,0,2,55,43,37.0,29.0,18.0,14.0,7.0,9.0,468,344,345.0,248.0,210,144,135,104,31.0,19.0,6.0,4.0,1.44,0.18,1.14,0.08,0.3,0.1,1.44,0.18,,,1,0,7,1,2,2,3,1,2,1,0.1504,0.0,0.7125,0.0491,0.3787,0.051,0.1405,0.0574,0.0584,0.0216,11,2,0,0,3,2,1,1,0,0,1.1416,0.079,0.0,0.0,0.1556,0.0682,0.1433,0.0319,0.0,0.0,15,5,17.4,18.52
4087047,2023-04-09,arg,2023,Liga Profesional,10,Pablo Echavarría,10201,Newell's Old Boys,10084,Rosario Central,1,0,0,69,31,8,12,0,4,4,6,4,2,0,0,2,8,6,4,5,7,0,2,0,2,13,15,10,15,2,3,0,0,1,1,13,16,6,8,1,3,15,26,4,0,57,49,39.0,33.0,18.0,16.0,12.0,7.0,405,173,325.0,95.0,176,38,149,57,30.0,17.0,3.0,3.0,0.36,0.78,0.21,0.27,0.16,0.51,0.36,0.78,0.0,0.72,0,2,2,5,0,1,4,3,2,1,0.0,0.2587,0.1849,0.4021,0.0,0.0343,0.1491,0.0693,0.0288,0.0184,6,3,0,1,0,5,2,3,0,0,0.2076,0.2439,0.0,0.0268,0.0,0.2761,0.1552,0.2358,0.0,0.0,8,12,25.93,16.91
4087047,2023-04-09,arg,2023,Liga Profesional,10,Pablo Echavarría,10084,Rosario Central,10201,Newell's Old Boys,0,0,0,31,69,12,8,4,0,6,4,2,4,0,0,8,2,4,6,7,5,2,0,2,0,15,13,15,10,3,2,0,0,1,1,16,13,8,6,3,1,26,15,0,4,49,57,33.0,39.0,16.0,18.0,7.0,12.0,173,405,95.0,325.0,38,176,57,149,17.0,30.0,3.0,3.0,0.78,0.36,0.27,0.21,0.51,0.16,0.78,0.36,0.72,0.0,2,0,5,2,1,0,3,4,1,2,0.2587,0.0,0.4021,0.1849,0.0343,0.0,0.0693,0.1491,0.0184,0.0288,3,6,1,0,5,0,3,2,0,0,0.2439,0.2076,0.0268,0.0,0.2761,0.0,0.2358,0.1552,0.0,0.0,12,8,16.91,25.93
4087049,2023-04-09,arg,2023,Liga Profesional,10,Facundo Raúl Tello Figueroa,10081,Huracan,10076,River Plate,1,0,3,38,62,7,19,1,6,3,11,3,2,0,1,4,11,3,8,4,3,1,4,1,2,14,34,13,12,3,2,1,0,2,1,13,14,16,9,2,3,13,9,3,1,50,56,42.0,44.0,8.0,12.0,17.0,17.0,350,574,261.0,486.0,148,232,113,254,32.0,26.0,2.0,3.0,0.5,3.16,0.45,1.44,0.05,0.15,0.5,1.59,0.13,2.48,0,0,3,8,1,3,1,4,2,4,0.0,0.0,0.3599,2.6502,0.0563,0.1679,0.0181,0.2227,0.0696,0.1235,5,14,0,0,1,1,1,2,0,2,0.4526,1.4583,0.0,0.0,0.0181,0.06,0.0332,0.0692,0.0,1.5768,7,19,18.51,18.42
4087049,2023-04-09,arg,2023,Liga Profesional,10,Facundo Raúl Tello Figueroa,10076,River Plate,10081,Huracan,0,3,0,62,38,19,7,6,1,11,3,2,3,1,0,11,4,8,3,3,4,4,1,2,1,34,14,12,13,2,3,0,1,1,2,14,13,9,16,3,2,9,13,1,3,56,50,44.0,42.0,12.0,8.0,17.0,17.0,574,350,486.0,261.0,232,148,254,113,26.0,32.0,3.0,2.0,3.16,0.5,1.44,0.45,0.15,0.05,1.59,0.5,2.48,0.13,0,0,8,3,3,1,4,1,4,2,0.0,0.0,2.6502,0.3599,0.1679,0.0563,0.2227,0.0181,0.1235,0.0696,14,5,0,0,1,1,2,1,2,0,1.4583,0.4526,0.0,0.0,0.06,0.0181,0.0692,0.0332,1.5768,0.0,19,7,18.42,18.51
4087069,2023-04-09,arg,2023,Liga Profesional,10,Luis Lobo Medina,10227,Godoy Cruz,89396,Tigre,1,1,1,32,68,7,26,4,7,3,14,0,5,0,1,4,16,3,10,2,10,0,3,0,2,10,27,9,6,5,1,1,0,1,3,23,11,11,9,5,0,30,7,5,3,49,56,32.0,40.0,17.0,16.0,4.0,21.0,259,531,168.0,450.0,81,200,87,250,33.0,29.0,2.0,9.0,0.36,2.38,0.33,1.12,0.02,0.48,0.36,1.6,0.73,1.69,0,1,3,13,1,2,3,7,0,3,0.0,0.2208,0.1953,1.5509,0.1022,0.4112,0.059,0.1383,0.0,0.0626,6,13,0,0,1,8,0,4,0,1,0.3344,1.1155,0.0,0.0,0.0221,0.4052,0.0,0.0747,0.0,0.7884,7,26,21.26,19.19
4087069,2023-04-09,arg,2023,Liga Profesional,10,Luis Lobo Medina,89396,Tigre,10227,Godoy Cruz,0,1,1,68,32,26,7,7,4,14,3,5,0,1,0,16,4,10,3,10,2,3,0,2,0,27,10,6,9,1,5,0,1,3,1,11,23,9,11,0,5,7,30,3,5,56,49,40.0,32.0,16.0,17.0,21.0,4.0,531,259,450.0,168.0,200,81,250,87,29.0,33.0,9.0,2.0,2.38,0.36,1.12,0.33,0.48,0.02,1.6,0.36,1.69,0.73,1,0,13,3,2,1,7,3,3,0,0.2208,0.0,1.5509,0.1953,0.4112,0.1022,0.1383,0.059,0.0626,0.0,13,6,0,0,8,1,4,0,1,0,1.1155,0.3344,0.0,0.0,0.4052,0.0221,0.0747,0.0,0.7884,0.0,26,7,19.19,21.26
4087044,2023-04-10,arg,2023,Liga Profesional,10,Leandro Rey Hilfer,10077,Boca Juniors,10088,Colon,1,1,2,71,29,20,5,6,2,10,3,4,0,0,0,8,2,12,3,4,0,0,1,0,0,19,5,5,20,2,4,0,0,3,2,22,26,11,13,0,4,8,22,0,5,70,48,62.0,39.0,8.0,9.0,20.0,8.0,653,267,572.0,170.0,232,93,340,77,30.0,18.0,4.0,2.0,1.09,0.41,0.84,0.35,0.25,0.05,1.09,0.41,0.72,1.21,0,1,4,1,4,0,9,1,3,2,0.0,0.1075,0.4143,0.1107,0.2777,0.0,0.3401,0.0451,0.0621,0.1419,17,4,0,0,1,0,2,1,0,0,0.8446,0.3518,0.0,0.0,0.0748,0.0,0.1748,0.0534,0.0,0.0,20,5,20.7,18.31
4087044,2023-04-10,arg,2023,Liga Profesional,10,Leandro Rey Hilfer,10088,Colon,10077,Boca Juniors,0,2,1,29,71,5,20,2,6,3,10,0,4,0,0,2,8,3,12,0,4,1,0,0,0,5,19,20,5,4,2,0,0,2,3,26,22,13,11,4,0,22,8,5,0,48,70,39.0,62.0,9.0,8.0,8.0,20.0,267,653,170.0,572.0,93,232,77,340,18.0,30.0,2.0,4.0,0.41,1.09,0.35,0.84,0.05,0.25,0.41,1.09,1.21,0.72,1,0,1,4,0,4,1,9,2,3,0.1075,0.0,0.1107,0.4143,0.0,0.2777,0.0451,0.3401,0.1419,0.0621,4,17,0,0,0,1,1,2,0,0,0.3518,0.8446,0.0,0.0,0.0,0.0748,0.0534,0.1748,0.0,0.0,5,20,18.31,20.7
4087094,2023-04-11,arg,2023,Liga Profesional,11,Ariel Penel,10086,Argentinos Juniors,10096,Union,1,5,1,66,34,17,15,9,3,6,8,2,4,0,1,16,6,1,9,5,6,6,1,3,0,26,14,11,11,0,0,0,0,4,0,23,18,12,15,4,2,27,8,2,4,65,59,42.0,38.0,23.0,21.0,8.0,10.0,558,279,456.0,180.0,282,87,174,93,38.0,19.0,12.0,5.0,2.79,0.88,2.59,0.43,0.2,0.44,2.79,0.88,3.82,1.37,0,1,14,5,2,0,0,6,1,3,0.0,0.1619,2.6259,0.4366,0.1256,0.0,0.0,0.2163,0.0364,0.0632,12,8,1,0,3,4,1,3,0,0,2.4073,0.4346,0.1818,0.0,0.1116,0.2588,0.0872,0.1846,0.0,0.0,17,15,11.53,21.18
4087094,2023-04-11,arg,2023,Liga Profesional,11,Ariel Penel,10096,Union,10086,Argentinos Juniors,0,1,5,34,66,15,17,3,9,8,6,4,2,1,0,6,16,9,1,6,5,1,6,0,3,14,26,11,11,0,0,0,0,0,4,18,23,15,12,2,4,8,27,4,2,59,65,38.0,42.0,21.0,23.0,10.0,8.0,279,558,180.0,456.0,87,282,93,174,19.0,38.0,5.0,12.0,0.88,2.79,0.43,2.59,0.44,0.2,0.88,2.79,1.37,3.82,1,0,5,14,0,2,6,0,3,1,0.1619,0.0,0.4366,2.6259,0.0,0.1256,0.2163,0.0,0.0632,0.0364,8,12,0,1,4,3,3,1,0,0,0.4346,2.4073,0.0,0.1818,0.2588,0.1116,0.1846,0.0872,0.0,0.0,15,17,21.18,11.53
4087102,2023-04-11,arg,2023,Liga Profesional,11,,213534,Barracas Central,10089,Club Atletico Platense,1,1,0,42,58,14,9,2,3,7,5,5,1,1,0,9,3,5,6,3,4,1,0,0,0,15,19,16,18,2,3,0,0,1,2,19,17,15,5,1,5,23,18,4,1,60,51,42.0,35.0,18.0,16.0,7.0,5.0,223,310,109.0,212.0,56,107,53,105,15.0,32.0,3.0,4.0,1.13,0.31,0.79,0.23,0.33,0.09,1.13,0.31,0.4,0.2,0,0,7,2,2,1,4,2,1,4,0.0,0.0,0.8377,0.1143,0.0458,0.0553,0.2127,0.0609,0.033,0.083,8,7,1,0,3,1,2,1,0,0,0.6639,0.2684,0.1309,0.0,0.1432,0.0207,0.1911,0.0244,0.0,0.0,14,9,17.0,22.44
4087102,2023-04-11,arg,2023,Liga Profesional,11,,10089,Club Atletico Platense,213534,Barracas Central,0,0,1,58,42,9,14,3,2,5,7,1,5,0,1,3,9,6,5,4,3,0,1,0,0,19,15,18,16,3,2,0,0,2,1,17,19,5,15,5,1,18,23,1,4,51,60,35.0,42.0,16.0,18.0,5.0,7.0,310,223,212.0,109.0,107,56,105,53,32.0,15.0,4.0,3.0,0.31,1.13,0.23,0.79,0.09,0.33,0.31,1.13,0.2,0.4,0,0,2,7,1,2,2,4,4,1,0.0,0.0,0.1143,0.8377,0.0553,0.0458,0.0609,0.2127,0.083,0.033,7,8,0,1,1,3,1,2,0,0,0.2684,0.6639,0.0,0.1309,0.0207,0.1432,0.0244,0.1911,0.0,0.0,9,14,22.44,17.0
4087091,2023-04-12,arg,2023,Liga Profesional,11,Fernando Echenique,213596,Central Cordoba de Santiago,10082,Lanus,1,1,1,47,53,9,21,3,8,4,4,2,9,0,0,6,7,3,14,7,5,1,2,0,2,12,24,16,11,1,1,0,0,0,3,15,18,11,12,8,1,23,12,7,2,40,70,29.0,50.0,11.0,20.0,5.0,16.0,333,383,250.0,295.0,114,154,136,141,35.0,29.0,5.0,5.0,0.97,1.47,0.71,1.15,0.26,0.31,0.97,1.47,1.16,2.14,1,2,5,3,0,2,1,8,2,6,0.6651,0.4722,0.2571,0.2951,0.0,0.1749,0.0108,0.3961,0.0355,0.15,4,14,0,2,5,1,0,4,0,0,0.7114,0.7894,0.0,0.3865,0.2571,0.1472,0.0,0.1651,0.0,0.0,9,21,17.43,19.65
4087091,2023-04-12,arg,2023,Liga Profesional,11,Fernando Echenique,10082,Lanus,213596,Central Cordoba de Santiago,0,1,1,53,47,21,9,8,3,4,4,9,2,0,0,7,6,14,3,5,7,2,1,2,0,24,12,11,16,1,1,0,0,3,0,18,15,12,11,1,8,12,23,2,7,70,40,50.0,29.0,20.0,11.0,16.0,5.0,383,333,295.0,250.0,154,114,141,136,29.0,35.0,5.0,5.0,1.47,0.97,1.15,0.71,0.31,0.26,1.47,0.97,2.14,1.16,2,1,3,5,2,0,8,1,6,2,0.4722,0.6651,0.2951,0.2571,0.1749,0.0,0.3961,0.0108,0.15,0.0355,14,4,2,0,1,5,4,0,0,0,0.7894,0.7114,0.3865,0.0,0.1472,0.2571,0.1651,0.0,0.0,0.0,21,9,19.65,17.43
4087095,2023-04-12,arg,2023,Liga Profesional,11,Luis Lobo Medina,10092,Belgrano,10081,Huracan,1,2,0,54,46,14,4,5,1,8,3,1,0,0,0,8,3,6,1,6,2,0,0,0,0,17,7,15,11,1,3,0,0,2,2,18,22,7,12,0,1,15,19,1,3,66,66,40.0,44.0,26.0,22.0,14.0,8.0,394,340,309.0,257.0,151,140,158,117,43.0,20.0,5.0,3.0,0.71,0.12,0.62,0.07,0.09,0.05,0.71,0.12,0.93,0.03,0,0,4,3,4,0,3,1,3,0,0.0,0.0,0.2878,0.0991,0.2143,0.0,0.1489,0.0215,0.056,0.0,11,2,0,0,3,0,0,2,0,0,0.615,0.071,0.0,0.0,0.092,0.0,0.0,0.0496,0.0,0.0,14,4,19.11,16.92
4087095,2023-04-12,arg,2023,Liga Profesional,11,Luis Lobo Medina,10081,Huracan,10092,Belgrano,0,0,2,46,54,4,14,1,5,3,8,0,1,0,0,3,8,1,6,2,6,0,0,0,0,7,17,11,15,3,1,0,0,2,2,22,18,12,7,1,0,19,15,3,1,66,66,44.0,40.0,22.0,26.0,8.0,14.0,340,394,257.0,309.0,140,151,117,158,20.0,43.0,3.0,5.0,0.12,0.71,0.07,0.62,0.05,0.09,0.12,0.71,0.03,0.93,0,0,3,4,0,4,1,3,0,3,0.0,0.0,0.0991,0.2878,0.0,0.2143,0.0215,0.1489,0.0,0.056,2,11,0,0,0,3,2,0,0,0,0.071,0.615,0.0,0.0,0.0,0.092,0.0496,0.0,0.0,0.0,4,14,16.92,19.11
4087097,2023-04-12,arg,2023,Liga Profesional,11,Fernando Espinoza,10080,Racing Club,10201,Newell's Old Boys,1,0,1,60,40,15,9,2,2,11,7,2,0,0,0,7,3,8,6,4,5,0,2,0,1,15,11,12,20,2,3,0,0,2,6,21,16,13,5,0,2,14,24,1,2,68,60,46.0,41.0,22.0,19.0,6.0,15.0,444,298,361.0,216.0,187,126,174,90,33.0,28.0,5.0,3.0,0.74,0.91,0.27,0.5,0.47,0.4,0.74,0.91,,,0,2,6,1,1,0,6,3,2,3,0.0,0.3644,0.4071,0.3297,0.0337,0.0,0.2326,0.1258,0.0702,0.0869,6,5,0,1,2,2,7,1,0,0,0.2747,0.4351,0.0,0.0677,0.0964,0.3644,0.3725,0.0396,0.0,0.0,15,9,21.87,20.49
4087097,2023-04-12,arg,2023,Liga Profesional,11,Fernando Espinoza,10201,Newell's Old Boys,10080,Racing Club,0,1,0,40,60,9,15,2,2,7,11,0,2,0,0,3,7,6,8,5,4,2,0,1,0,11,15,20,12,3,2,0,0,6,2,16,21,5,13,2,0,24,14,2,1,60,68,41.0,46.0,19.0,22.0,15.0,6.0,298,444,216.0,361.0,126,187,90,174,28.0,33.0,3.0,5.0,0.91,0.74,0.5,0.27,0.4,0.47,0.91,0.74,,,2,0,1,6,0,1,3,6,3,2,0.3644,0.0,0.3297,0.4071,0.0,0.0337,0.1258,0.2326,0.0869,0.0702,5,6,1,0,2,2,1,7,0,0,0.4351,0.2747,0.0677,0.0,0.3644,0.0964,0.0396,0.3725,0.0,0.0,9,15,20.49,21.87
4087100,2023-04-12,arg,2023,Liga Profesional,11,Facundo Raúl Tello Figueroa,10083,San Lorenzo,10077,Boca Juniors,1,1,0,43,57,9,12,4,2,1,5,4,5,1,1,3,8,6,4,1,3,2,1,2,1,13,13,20,16,4,4,0,1,4,1,11,27,6,9,5,4,16,7,2,4,58,74,40.0,60.0,18.0,14.0,13.0,14.0,351,454,266.0,377.0,118,199,148,178,22.0,25.0,1.0,4.0,0.75,0.82,0.68,0.43,0.07,0.39,0.75,0.82,1.07,0.17,2,1,1,3,0,4,4,1,2,3,0.4404,0.3003,0.0858,0.1947,0.0,0.2428,0.1935,0.0128,0.0358,0.0739,7,7,1,0,0,2,1,3,0,0,0.5954,0.4285,0.0858,0.0,0.0,0.3288,0.0744,0.0671,0.0,0.0,9,12,22.3,19.66
4087100,2023-04-12,arg,2023,Liga Profesional,11,Facundo Raúl Tello Figueroa,10077,Boca Juniors,10083,San Lorenzo,0,0,1,57,43,12,9,2,4,5,1,5,4,1,1,8,3,4,6,3,1,1,2,1,2,13,13,16,20,4,4,1,0,1,4,27,11,9,6,4,5,7,16,4,2,74,58,60.0,40.0,14.0,18.0,14.0,13.0,454,351,377.0,266.0,199,118,178,148,25.0,22.0,4.0,1.0,0.82,0.75,0.43,0.68,0.39,0.07,0.82,0.75,0.17,1.07,1,2,3,1,4,0,1,4,3,2,0.3003,0.4404,0.1947,0.0858,0.2428,0.0,0.0128,0.1935,0.0739,0.0358,7,7,0,1,2,0,3,1,0,0,0.4285,0.5954,0.0,0.0858,0.3288,0.0,0.0671,0.0744,0.0,0.0,12,9,19.66,22.3
4087103,2023-04-12,arg,2023,Liga Profesional,11,Silvio Trucco,10090,Instituto,10079,Velez Sarsfield,1,1,0,45,55,10,5,3,1,5,3,2,1,0,0,4,1,6,4,4,2,0,0,0,0,8,5,14,12,1,1,0,0,1,1,31,15,16,17,1,2,16,11,1,2,65,59,47.0,38.0,18.0,21.0,6.0,9.0,344,418,232.0,330.0,118,208,114,122,13.0,33.0,2.0,1.0,0.51,0.15,0.46,0.09,0.05,0.06,0.51,0.15,0.47,0.46,0,0,3,0,1,1,2,2,4,2,0.0,0.0,0.2452,0.0,0.1352,0.0256,0.0534,0.0396,0.0773,0.085,7,4,1,0,2,0,0,1,0,0,0.4159,0.0913,0.0411,0.0,0.0542,0.0,0.0,0.0588,0.0,0.0,10,5,22.73,25.72
4087103,2023-04-12,arg,2023,Liga Profesional,11,Silvio Trucco,10079,Velez Sarsfield,10090,Instituto,0,0,1,55,45,5,10,1,3,3,5,1,2,0,0,1,4,4,6,2,4,0,0,0,0,5,8,12,14,1,1,0,0,1,1,15,31,17,16,2,1,11,16,2,1,59,65,38.0,47.0,21.0,18.0,9.0,6.0,418,344,330.0,232.0,208,118,122,114,33.0,13.0,1.0,2.0,0.15,0.51,0.09,0.46,0.06,0.05,0.15,0.51,0.46,0.47,0,0,0,3,1,1,2,2,2,4,0.0,0.0,0.0,0.2452,0.0256,0.1352,0.0396,0.0534,0.085,0.0773,4,7,0,1,0,2,1,0,0,0,0.0913,0.4159,0.0,0.0411,0.0,0.0542,0.0588,0.0,0.0,0.0,5,10,25.72,22.73
4087104,2023-04-12,arg,2023,Liga Profesional,11,Nicolás Lamolina,10087,Banfield,161730,Defensa y Justicia,1,0,3,48,52,14,10,2,4,7,4,5,2,0,0,9,7,5,3,6,2,0,4,0,1,24,14,9,16,2,4,0,0,1,3,22,17,12,11,2,5,8,26,1,2,60,60,45.0,41.0,15.0,19.0,8.0,17.0,352,406,265.0,298.0,133,203,132,95,21.0,36.0,5.0,9.0,0.67,2.02,0.27,1.21,0.4,0.81,0.67,2.02,,,0,1,7,6,2,0,5,3,0,0,0.0,0.756,0.4148,1.171,0.0925,0.0,0.1615,0.0903,0.0,0.0,7,6,0,2,4,1,3,1,0,0,0.2948,0.7586,0.0,0.4471,0.2236,0.756,0.1503,0.0557,0.0,0.0,14,10,17.41,14.23
4087104,2023-04-12,arg,2023,Liga Profesional,11,Nicolás Lamolina,161730,Defensa y Justicia,10087,Banfield,0,3,0,52,48,10,14,4,2,4,7,2,5,0,0,7,9,3,5,2,6,4,0,1,0,14,24,16,9,4,2,0,0,3,1,17,22,11,12,5,2,26,8,2,1,60,60,41.0,45.0,19.0,15.0,17.0,8.0,406,352,298.0,265.0,203,133,95,132,36.0,21.0,9.0,5.0,2.02,0.67,1.21,0.27,0.81,0.4,2.02,0.67,,,1,0,6,7,0,2,3,5,0,0,0.756,0.0,1.171,0.4148,0.0,0.0925,0.0903,0.1615,0.0,0.0,6,7,2,0,1,4,1,3,0,0,0.7586,0.2948,0.4471,0.0,0.756,0.2236,0.0557,0.1503,0.0,0.0,10,14,14.23,17.41
4087092,2023-04-13,arg,2023,Liga Profesional,11,Rodrigo Héctor Rivero,10098,Arsenal Sarandi,10227,Godoy Cruz,1,2,3,55,45,9,15,3,7,3,3,3,5,0,0,6,6,3,9,1,3,0,2,0,0,11,21,15,10,3,2,0,0,1,1,30,15,12,9,5,3,18,15,5,1,66,55,52.0,43.0,14.0,12.0,12.0,14.0,397,327,292.0,228.0,159,128,133,100,22.0,23.0,4.0,3.0,0.51,1.73,0.45,0.92,0.05,0.02,0.51,0.94,1.3,2.52,1,0,4,4,1,2,1,6,2,3,0.2225,0.0,0.1891,1.3344,0.0386,0.0935,0.0383,0.2548,0.0212,0.0441,8,13,0,0,1,0,0,1,0,1,0.4548,0.9228,0.0,0.0,0.0549,0.0,0.0,0.0157,0.0,0.7884,9,15,18.39,23.81
4087092,2023-04-13,arg,2023,Liga Profesional,11,Rodrigo Héctor Rivero,10227,Godoy Cruz,10098,Arsenal Sarandi,0,3,2,45,55,15,9,7,3,3,3,5,3,0,0,6,6,9,3,3,1,2,0,0,0,21,11,10,15,2,3,0,0,1,1,15,30,9,12,3,5,15,18,1,5,55,66,43.0,52.0,12.0,14.0,14.0,12.0,327,397,228.0,292.0,128,159,100,133,23.0,22.0,3.0,4.0,1.73,0.51,0.92,0.45,0.02,0.05,0.94,0.51,2.52,1.3,0,1,4,4,2,1,6,1,3,2,0.0,0.2225,1.3344,0.1891,0.0935,0.0386,0.2548,0.0383,0.0441,0.0212,13,8,0,0,0,1,1,0,1,0,0.9228,0.4548,0.0,0.0,0.0,0.0549,0.0157,0.0,0.7884,0.0,15,9,23.81,18.39
4087096,2023-04-13,arg,2023,Liga Profesional,11,Darío Herrera,10076,River Plate,10103,Gimnasia LP,1,3,0,71,29,22,13,7,2,7,7,8,4,0,0,17,8,5,5,6,1,3,0,2,0,43,15,9,14,1,1,0,0,6,5,22,14,6,13,4,8,12,19,2,4,67,42,47.0,30.0,20.0,12.0,13.0,8.0,640,257,552.0,176.0,247,89,305,87,49.0,26.0,5.0,6.0,2.38,0.7,1.55,0.54,0.04,0.16,1.59,0.7,2.97,0.08,1,0,11,6,5,2,2,5,3,0,0.1689,0.0,1.9027,0.426,0.1771,0.074,0.0543,0.2015,0.0754,0.0,18,10,1,0,2,1,0,2,1,0,1.5139,0.539,0.0336,0.0,0.0426,0.0422,0.0,0.1204,0.7884,0.0,22,13,16.61,19.31
4087096,2023-04-13,arg,2023,Liga Profesional,11,Darío Herrera,10103,Gimnasia LP,10076,River Plate,0,0,3,29,71,13,22,2,7,7,7,4,8,0,0,8,17,5,5,1,6,0,3,0,2,15,43,14,9,1,1,0,0,5,6,14,22,13,6,8,4,19,12,4,2,42,67,30.0,47.0,12.0,20.0,8.0,13.0,257,640,176.0,552.0,89,247,87,305,26.0,49.0,6.0,5.0,0.7,2.38,0.54,1.55,0.16,0.04,0.7,1.59,0.08,2.97,0,1,6,11,2,5,5,2,0,3,0.0,0.1689,0.426,1.9027,0.074,0.1771,0.2015,0.0543,0.0,0.0754,10,18,0,1,1,2,2,0,0,1,0.539,1.5139,0.0,0.0336,0.0422,0.0426,0.1204,0.0,0.0,0.7884,13,22,19.31,16.61
4087098,2023-04-13,arg,2023,Liga Profesional,11,Jorge Ignacio Baliño,10084,Rosario Central,10078,Independiente,1,1,0,54,46,16,16,3,3,3,6,10,7,0,2,12,13,4,3,2,12,3,2,3,2,17,30,12,12,0,1,0,0,2,2,26,23,15,14,7,9,32,19,3,2,74,65,46.0,40.0,28.0,25.0,10.0,6.0,377,302,270.0,191.0,123,80,147,111,35.0,18.0,5.0,8.0,1.56,1.64,1.13,0.75,0.43,0.89,1.56,1.64,1.17,0.92,1,5,8,7,3,1,3,1,1,2,0.2895,1.0965,0.8687,0.4717,0.2419,0.0338,0.1414,0.0168,0.0183,0.0343,10,8,2,0,3,8,1,0,0,0,0.8612,0.7665,0.2733,0.0,0.1358,0.8867,0.2895,0.0,0.0,0.0,16,16,17.78,13.96
4087098,2023-04-13,arg,2023,Liga Profesional,11,Jorge Ignacio Baliño,10078,Independiente,10084,Rosario Central,0,0,1,46,54,16,16,3,3,6,3,7,10,2,0,13,12,3,4,12,2,2,3,2,3,30,17,12,12,1,0,0,0,2,2,23,26,14,15,9,7,19,32,2,3,65,74,40.0,46.0,25.0,28.0,6.0,10.0,302,377,191.0,270.0,80,123,111,147,18.0,35.0,8.0,5.0,1.64,1.56,0.75,1.13,0.89,0.43,1.64,1.56,0.92,1.17,5,1,7,8,1,3,1,3,2,1,1.0965,0.2895,0.4717,0.8687,0.0338,0.2419,0.0168,0.1414,0.0343,0.0183,8,10,0,2,8,3,0,1,0,0,0.7665,0.8612,0.0,0.2733,0.8867,0.1358,0.0,0.2895,0.0,0.0,16,16,13.96,17.78
4087099,2023-04-13,arg,2023,Liga Profesional,11,Yael Falcón Pérez,10094,Estudiantes,161727,Atletico Tucuman,1,0,0,56,44,12,8,1,1,7,4,4,3,0,1,8,4,4,4,4,1,0,0,0,0,25,11,10,15,0,5,0,0,3,0,21,12,7,11,3,4,13,26,1,1,67,55,50.0,31.0,17.0,24.0,16.0,10.0,518,408,385.0,274.0,204,151,181,123,27.0,25.0,6.0,2.0,0.94,0.68,0.81,0.68,0.13,0.0,0.94,0.68,0.08,0.42,0,0,6,3,2,1,3,2,1,2,0.0,0.0,0.7097,0.4221,0.1208,0.1723,0.0921,0.0435,0.0172,0.0434,8,8,1,0,0,0,3,0,0,0,0.7569,0.6813,0.055,0.0,0.0,0.0,0.1279,0.0,0.0,0.0,12,8,19.83,20.37
4087099,2023-04-13,arg,2023,Liga Profesional,11,Yael Falcón Pérez,161727,Atletico Tucuman,10094,Estudiantes,0,0,0,44,56,8,12,1,1,4,7,3,4,1,0,4,8,4,4,1,4,0,0,0,0,11,25,15,10,5,0,0,0,0,3,12,21,11,7,4,3,26,13,1,1,55,67,31.0,50.0,24.0,17.0,10.0,16.0,408,518,274.0,385.0,151,204,123,181,25.0,27.0,2.0,6.0,0.68,0.94,0.68,0.81,0.0,0.13,0.68,0.94,0.42,0.08,0,0,3,6,1,2,2,3,2,1,0.0,0.0,0.4221,0.7097,0.1723,0.1208,0.0435,0.0921,0.0434,0.0172,8,8,0,1,0,0,0,3,0,0,0.6813,0.7569,0.0,0.055,0.0,0.0,0.0,0.1279,0.0,0.0,8,12,20.37,19.83
4087101,2023-04-13,arg,2023,Liga Profesional,11,Sebastián Nicolás Martínez,10088,Colon,10101,Talleres,1,2,2,36,64,11,13,6,6,4,6,1,1,0,0,7,10,4,3,1,5,2,3,1,2,15,27,11,14,0,2,1,0,0,0,19,12,17,9,1,1,21,14,4,4,56,46,39.0,30.0,17.0,16.0,6.0,7.0,271,460,181.0,361.0,84,187,97,174,33.0,32.0,3.0,8.0,1.55,1.79,1.47,1.75,0.09,0.04,1.55,1.79,1.78,1.76,1,1,6,7,0,2,3,1,1,2,0.943,0.5341,0.5068,1.1047,0.0,0.0846,0.0939,0.0252,0.0113,0.0429,7,11,1,0,0,1,3,1,0,0,1.3832,1.7485,0.0931,0.0,0.0,0.0104,0.0787,0.0324,0.0,0.0,11,13,18.45,16.61
4087101,2023-04-13,arg,2023,Liga Profesional,11,Sebastián Nicolás Martínez,10101,Talleres,10088,Colon,0,2,2,64,36,13,11,6,6,6,4,1,1,0,0,10,7,3,4,5,1,3,2,2,1,27,15,14,11,2,0,0,1,0,0,12,19,9,17,1,1,14,21,4,4,46,56,30.0,39.0,16.0,17.0,7.0,6.0,460,271,361.0,181.0,187,84,174,97,32.0,33.0,8.0,3.0,1.79,1.55,1.75,1.47,0.04,0.09,1.79,1.55,1.76,1.78,1,1,7,6,2,0,1,3,2,1,0.5341,0.943,1.1047,0.5068,0.0846,0.0,0.0252,0.0939,0.0429,0.0113,11,7,0,1,1,0,1,3,0,0,1.7485,1.3832,0.0,0.0931,0.0104,0.0,0.0324,0.0787,0.0,0.0,13,11,16.61,18.45
4087093,2023-04-14,arg,2023,Liga Profesional,11,Nicolás Ramírez,89396,Tigre,202757,Sarmiento,1,1,0,63,37,15,20,3,4,8,11,4,5,1,0,9,13,6,7,1,6,3,1,2,1,29,25,11,16,4,3,0,0,1,2,14,27,7,11,4,4,24,17,4,2,51,69,39.0,43.0,12.0,26.0,10.0,5.0,475,261,377.0,160.0,142,68,235,92,26.0,33.0,4.0,11.0,1.84,1.7,1.34,0.99,0.5,0.71,1.84,1.7,1.85,0.83,3,1,6,10,0,2,4,3,2,4,0.8068,0.2196,0.7473,1.2573,0.0,0.1244,0.2245,0.0824,0.0617,0.079,10,11,2,1,1,6,2,2,0,0,1.1559,0.8662,0.1842,0.2028,0.3941,0.5347,0.1061,0.159,0.0,0.0,15,20,16.83,15.4
4087093,2023-04-14,arg,2023,Liga Profesional,11,Nicolás Ramírez,202757,Sarmiento,89396,Tigre,0,0,1,37,63,20,15,4,3,11,8,5,4,0,1,13,9,7,6,6,1,1,3,1,2,25,29,16,11,3,4,0,0,2,1,27,14,11,7,4,4,17,24,2,4,69,51,43.0,39.0,26.0,12.0,5.0,10.0,261,475,160.0,377.0,68,142,92,235,33.0,26.0,11.0,4.0,1.7,1.84,0.99,1.34,0.71,0.5,1.7,1.84,0.83,1.85,1,3,10,6,2,0,3,4,4,2,0.2196,0.8068,1.2573,0.7473,0.1244,0.0,0.0824,0.2245,0.079,0.0617,11,10,1,2,6,1,2,2,0,0,0.8662,1.1559,0.2028,0.1842,0.5347,0.3941,0.159,0.1061,0.0,0.0,20,15,15.4,16.83
4087088,2023-04-15,arg,2023,Liga Profesional,12,Pablo Echavarría,10077,Boca Juniors,10094,Estudiantes,1,0,1,68,32,8,6,1,2,5,2,2,2,0,0,2,2,6,4,4,0,1,0,1,0,17,10,14,24,4,3,0,0,3,1,17,20,7,13,2,2,11,14,1,1,74,54,57.0,42.0,17.0,12.0,16.0,9.0,631,303,557.0,218.0,299,117,258,101,31.0,15.0,2.0,1.0,0.45,0.37,0.23,0.28,0.22,0.09,0.45,0.37,0.1,0.32,0,0,2,2,0,0,2,1,4,3,0.0,0.0,0.2051,0.2749,0.0,0.0,0.0955,0.0217,0.1477,0.0753,5,3,0,1,0,0,3,2,0,0,0.2312,0.2557,0.0,0.0217,0.0,0.0,0.2171,0.0946,0.0,0.0,8,6,22.2,25.82
4087088,2023-04-15,arg,2023,Liga Profesional,12,Pablo Echavarría,10094,Estudiantes,10077,Boca Juniors,0,1,0,32,68,6,8,2,1,2,5,2,2,0,0,2,2,4,6,0,4,0,1,0,1,10,17,24,14,3,4,0,0,1,3,20,17,13,7,2,2,14,11,1,1,54,74,42.0,57.0,12.0,17.0,9.0,16.0,303,631,218.0,557.0,117,299,101,258,15.0,31.0,1.0,2.0,0.37,0.45,0.28,0.23,0.09,0.22,0.37,0.45,0.32,0.1,0,0,2,2,0,0,1,2,3,4,0.0,0.0,0.2749,0.2051,0.0,0.0,0.0217,0.0955,0.0753,0.1477,3,5,1,0,0,0,2,3,0,0,0.2557,0.2312,0.0217,0.0,0.0,0.0,0.0946,0.2171,0.0,0.0,6,8,25.82,22.2
4087106,2023-04-15,arg,2023,Liga Profesional,12,Nazareno Arasa,161730,Defensa y Justicia,10090,Instituto,1,1,0,40,60,14,20,6,7,5,11,3,2,0,0,8,9,6,11,5,4,2,2,1,2,23,20,8,7,2,3,0,0,6,2,22,20,6,6,2,2,27,9,7,5,61,57,40.0,44.0,21.0,13.0,11.0,17.0,355,526,251.0,421.0,153,156,98,265,35.0,35.0,1.0,2.0,1.55,1.02,1.5,0.98,0.05,0.04,1.55,1.02,2.23,1.1,0,0,5,6,3,3,1,8,5,3,0.0,0.0,1.1654,0.6703,0.2082,0.0867,0.0518,0.2181,0.1244,0.0742,11,17,1,0,2,1,0,2,0,0,1.4243,1.0075,0.0752,0.0,0.0503,0.0151,0.0,0.0267,0.0,0.0,14,20,19.21,22.07
4087106,2023-04-15,arg,2023,Liga Profesional,12,Nazareno Arasa,10090,Instituto,161730,Defensa y Justicia,0,0,1,60,40,20,14,7,6,11,5,2,3,0,0,9,8,11,6,4,5,2,2,2,1,20,23,7,8,3,2,0,0,2,6,20,22,6,6,2,2,9,27,5,7,57,61,44.0,40.0,13.0,21.0,17.0,11.0,526,355,421.0,251.0,156,153,265,98,35.0,35.0,2.0,1.0,1.02,1.55,0.98,1.5,0.04,0.05,1.02,1.55,1.1,2.23,0,0,6,5,3,3,8,1,3,5,0.0,0.0,0.6703,1.1654,0.0867,0.2082,0.2181,0.0518,0.0742,0.1244,17,11,0,1,1,2,2,0,0,0,1.0075,1.4243,0.0,0.0752,0.0151,0.0503,0.0267,0.0,0.0,0.0,20,14,22.07,19.21
4087072,2023-04-16,arg,2023,Liga Profesional,12,Yael Falcón Pérez,10078,Independiente,10080,Racing Club,1,1,1,42,58,8,9,3,5,4,3,1,1,0,0,2,5,6,4,4,4,0,2,0,1,16,8,14,11,4,3,0,0,3,1,27,17,12,7,2,1,23,44,3,2,76,62,49.0,39.0,27.0,23.0,12.0,8.0,255,369,144.0,267.0,47,141,97,126,27.0,21.0,0.0,5.0,0.57,1.28,0.46,0.32,0.11,0.17,0.57,0.49,0.48,1.43,0,1,1,3,1,1,3,2,3,2,0.0,0.1406,0.3101,0.9749,0.0221,0.0396,0.1338,0.0817,0.1017,0.0385,5,6,0,0,1,1,2,1,0,1,0.456,0.3155,0.0,0.0,0.0221,0.1406,0.0896,0.0309,0.0,0.7884,8,9,21.47,18.73
4087072,2023-04-16,arg,2023,Liga Profesional,12,Yael Falcón Pérez,10080,Racing Club,10078,Independiente,0,1,1,58,42,9,8,5,3,3,4,1,1,0,0,5,2,4,6,4,4,2,0,1,0,8,16,11,14,3,4,0,0,1,3,17,27,7,12,1,2,44,23,2,3,62,76,39.0,49.0,23.0,27.0,8.0,12.0,369,255,267.0,144.0,141,47,126,97,21.0,27.0,5.0,0.0,1.28,0.57,0.32,0.46,0.17,0.11,0.49,0.57,1.43,0.48,1,0,3,1,1,1,2,3,2,3,0.1406,0.0,0.9749,0.3101,0.0396,0.0221,0.0817,0.1338,0.0385,0.1017,6,5,0,0,1,1,1,2,1,0,0.3155,0.456,0.0,0.0,0.1406,0.0221,0.0309,0.0896,0.7884,0.0,9,8,18.73,21.47
4087073,2023-04-16,arg,2023,Liga Profesional,12,Hernán Mastrángelo,10201,Newell's Old Boys,10076,River Plate,1,0,1,50,50,12,12,3,5,6,2,3,5,1,0,7,3,5,9,1,6,0,1,0,0,15,12,14,16,4,3,0,0,1,2,19,24,8,12,5,3,19,11,4,3,66,60,51.0,53.0,15.0,7.0,16.0,15.0,404,394,298.0,299.0,180,141,118,158,27.0,21.0,3.0,1.0,0.65,1.12,0.5,1.05,0.14,0.08,0.65,1.12,,,0,0,5,0,2,3,2,4,3,5,0.0,0.0,0.3997,0.0,0.1287,0.856,0.0518,0.1271,0.0651,0.1397,8,8,1,1,1,2,2,1,0,0,0.4768,0.2688,0.0237,0.7782,0.0739,0.0462,0.0709,0.0297,0.0,0.0,12,12,21.04,24.24
4087073,2023-04-16,arg,2023,Liga Profesional,12,Hernán Mastrángelo,10076,River Plate,10201,Newell's Old Boys,0,1,0,50,50,12,12,5,3,2,6,5,3,0,1,3,7,9,5,6,1,1,0,0,0,12,15,16,14,3,4,0,0,2,1,24,19,12,8,3,5,11,19,3,4,60,66,53.0,51.0,7.0,15.0,15.0,16.0,394,404,299.0,298.0,141,180,158,118,21.0,27.0,1.0,3.0,1.12,0.65,1.05,0.5,0.08,0.14,1.12,0.65,,,0,0,0,5,3,2,4,2,5,3,0.0,0.0,0.0,0.3997,0.856,0.1287,0.1271,0.0518,0.1397,0.0651,8,8,1,1,2,1,1,2,0,0,0.2688,0.4768,0.7782,0.0237,0.0462,0.0739,0.0297,0.0709,0.0,0.0,12,12,24.24,21.04
4087074,2023-04-16,arg,2023,Liga Profesional,12,Nicolás Ramírez,10103,Gimnasia LP,10092,Belgrano,1,0,2,56,44,18,6,4,3,7,3,7,0,1,0,12,4,6,2,15,4,1,2,1,0,33,10,6,12,2,2,0,0,2,1,24,33,14,12,0,7,16,30,1,4,81,72,54.0,51.0,27.0,21.0,18.0,12.0,387,322,286.0,215.0,148,97,138,118,30.0,37.0,14.0,0.0,0.84,1.37,0.38,1.34,0.45,0.03,0.84,1.37,0.89,1.47,0,1,11,2,1,1,4,2,2,0,0.0,0.6069,0.6912,0.7368,0.0343,0.0234,0.0767,0.074,0.0338,0.0,6,5,1,0,10,1,1,0,0,0,0.2573,1.4105,0.1261,0.0,0.4121,0.0306,0.0405,0.0,0.0,0.0,18,6,17.54,16.48
4087074,2023-04-16,arg,2023,Liga Profesional,12,Nicolás Ramírez,10092,Belgrano,10103,Gimnasia LP,0,2,0,44,56,6,18,3,4,3,7,0,7,0,1,4,12,2,6,4,15,2,1,0,1,10,33,12,6,2,2,0,0,1,2,33,24,12,14,7,0,30,16,4,1,72,81,51.0,54.0,21.0,27.0,12.0,18.0,322,387,215.0,286.0,97,148,118,138,37.0,30.0,0.0,14.0,1.37,0.84,1.34,0.38,0.03,0.45,1.37,0.84,1.47,0.89,1,0,2,11,1,1,2,4,0,2,0.6069,0.0,0.7368,0.6912,0.0234,0.0343,0.074,0.0767,0.0,0.0338,5,6,0,1,1,10,0,1,0,0,1.4105,0.2573,0.0,0.1261,0.0306,0.4121,0.0,0.0405,0.0,0.0,6,18,16.48,17.54
4087075,2023-04-16,arg,2023,Liga Profesional,12,Leandro Rey Hilfer,10081,Huracan,10086,Argentinos Juniors,1,0,0,49,51,8,4,2,1,4,0,2,3,1,0,5,3,3,1,7,2,0,1,0,1,19,9,20,15,1,2,0,2,0,0,14,14,11,6,2,2,14,23,1,2,64,59,38.0,41.0,26.0,18.0,9.0,7.0,386,420,298.0,320.0,137,168,161,152,37.0,22.0,4.0,1.0,0.61,0.37,0.32,0.32,0.29,0.04,0.61,0.37,0.39,0.13,1,0,3,1,1,2,2,0,1,1,0.1744,0.0,0.1605,0.2942,0.1109,0.0614,0.1247,0.0,0.0426,0.0105,5,3,0,0,1,1,2,0,0,0,0.319,0.3323,0.0,0.0,0.1744,0.0336,0.1197,0.0,0.0,0.0,8,4,16.59,17.18
4087075,2023-04-16,arg,2023,Liga Profesional,12,Leandro Rey Hilfer,10086,Argentinos Juniors,10081,Huracan,0,0,0,51,49,4,8,1,2,0,4,3,2,0,1,3,5,1,3,2,7,1,0,1,0,9,19,15,20,2,1,2,0,0,0,14,14,6,11,2,2,23,14,2,1,59,64,41.0,38.0,18.0,26.0,7.0,9.0,420,386,320.0,298.0,168,137,152,161,22.0,37.0,1.0,4.0,0.37,0.61,0.32,0.32,0.04,0.29,0.37,0.61,0.13,0.39,0,1,1,3,2,1,0,2,1,1,0.0,0.1744,0.2942,0.1605,0.0614,0.1109,0.0,0.1247,0.0105,0.0426,3,5,0,0,1,1,0,2,0,0,0.3323,0.319,0.0,0.0,0.0336,0.1744,0.0,0.1197,0.0,0.0,4,8,17.18,16.59
4087076,2023-04-16,arg,2023,Liga Profesional,12,Ariel Penel,10096,Union,89396,Tigre,1,0,0,48,52,17,10,6,3,7,4,4,3,0,0,12,7,5,3,7,4,2,2,2,2,29,15,12,12,0,2,0,0,0,3,19,19,11,12,2,3,12,30,3,6,59,57,41.0,40.0,18.0,17.0,12.0,9.0,316,360,220.0,266.0,90,148,130,118,26.0,28.0,6.0,5.0,1.2,0.82,1.02,0.15,0.18,0.67,1.2,0.82,0.96,0.99,0,1,7,6,5,0,3,2,2,1,0.0,0.2608,0.7942,0.4749,0.227,0.0,0.1367,0.0646,0.0456,0.0202,12,3,0,0,4,6,1,1,0,0,1.0212,0.1464,0.0,0.0,0.1683,0.6348,0.014,0.0393,0.0,0.0,17,10,18.3,15.26
4087076,2023-04-16,arg,2023,Liga Profesional,12,Ariel Penel,89396,Tigre,10096,Union,0,0,0,52,48,10,17,3,6,4,7,3,4,0,0,7,12,3,5,4,7,2,2,2,2,15,29,12,12,2,0,0,0,3,0,19,19,12,11,3,2,30,12,6,3,57,59,40.0,41.0,17.0,18.0,9.0,12.0,360,316,266.0,220.0,148,90,118,130,28.0,26.0,5.0,6.0,0.82,1.2,0.15,1.02,0.67,0.18,0.82,1.2,0.99,0.96,1,0,6,7,0,5,2,3,1,2,0.2608,0.0,0.4749,0.7942,0.0,0.227,0.0646,0.1367,0.0202,0.0456,3,12,0,0,6,4,1,1,0,0,0.1464,1.0212,0.0,0.0,0.6348,0.1683,0.0393,0.014,0.0,0.0,10,17,15.26,18.3
4087107,2023-04-16,arg,2023,Liga Profesional,12,Luis Lobo Medina,10079,Velez Sarsfield,213534,Barracas Central,1,0,0,46,54,6,10,1,2,3,5,2,3,0,1,2,6,4,4,1,5,0,1,0,1,7,18,10,10,3,0,1,1,1,1,26,26,23,12,2,2,18,16,2,1,66,67,49.0,49.0,17.0,18.0,13.0,13.0,345,411,242.0,295.0,128,167,114,128,22.0,31.0,3.0,3.0,0.21,0.92,0.12,0.64,0.09,0.28,0.21,0.92,0.04,1.01,0,1,2,3,0,2,1,2,3,2,0.0,0.3724,0.0423,0.2819,0.0,0.0994,0.0634,0.0894,0.102,0.0779,4,4,0,0,0,2,2,4,0,0,0.1192,0.6369,0.0,0.0,0.0,0.0921,0.0886,0.192,0.0,0.0,6,10,23.4,18.32
4087107,2023-04-16,arg,2023,Liga Profesional,12,Luis Lobo Medina,213534,Barracas Central,10079,Velez Sarsfield,0,0,0,54,46,10,6,2,1,5,3,3,2,1,0,6,2,4,4,5,1,1,0,1,0,18,7,10,10,0,3,1,1,1,1,26,26,12,23,2,2,16,18,1,2,67,66,49.0,49.0,18.0,17.0,13.0,13.0,411,345,295.0,242.0,167,128,128,114,31.0,22.0,3.0,3.0,0.92,0.21,0.64,0.12,0.28,0.09,0.92,0.21,1.01,0.04,1,0,3,2,2,0,2,1,2,3,0.3724,0.0,0.2819,0.0423,0.0994,0.0,0.0894,0.0634,0.0779,0.102,4,4,0,0,2,0,4,2,0,0,0.6369,0.1192,0.0,0.0,0.0921,0.0,0.192,0.0886,0.0,0.0,10,6,18.32,23.4
4087077,2023-04-17,arg,2023,Liga Profesional,12,Jorge Nelson Sosa,202757,Sarmiento,10098,Arsenal Sarandi,1,1,0,39,61,15,14,4,3,8,8,3,3,1,0,9,7,6,7,4,7,0,2,0,2,32,19,11,16,1,4,0,0,3,1,18,13,9,3,2,3,18,20,3,3,71,51,44.0,28.0,27.0,23.0,11.0,5.0,255,401,153.0,295.0,53,139,100,156,23.0,41.0,8.0,5.0,0.72,1.46,0.35,0.93,0.37,0.52,0.72,1.46,1.16,0.41,0,1,6,6,3,0,6,3,0,4,0.0,0.7542,0.3742,0.4763,0.1856,0.0,0.1584,0.1483,0.0,0.0766,7,5,1,0,3,6,4,3,0,0,0.3218,0.9348,0.0361,0.0,0.1805,0.3721,0.1798,0.1485,0.0,0.0,15,14,18.57,19.28
4087077,2023-04-17,arg,2023,Liga Profesional,12,Jorge Nelson Sosa,10098,Arsenal Sarandi,202757,Sarmiento,0,0,1,61,39,14,15,3,4,8,8,3,3,0,1,7,9,7,6,7,4,2,0,2,0,19,32,16,11,4,1,0,0,1,3,13,18,3,9,3,2,20,18,3,3,51,71,28.0,44.0,23.0,27.0,5.0,11.0,401,255,295.0,153.0,139,53,156,100,41.0,23.0,5.0,8.0,1.46,0.72,0.93,0.35,0.52,0.37,1.46,0.72,0.41,1.16,1,0,6,6,0,3,3,6,4,0,0.7542,0.0,0.4763,0.3742,0.0,0.1856,0.1483,0.1584,0.0766,0.0,5,7,0,1,6,3,3,4,0,0,0.9348,0.3218,0.0,0.0361,0.3721,0.1805,0.1485,0.1798,0.0,0.0,14,15,19.28,18.57
4087089,2023-04-17,arg,2023,Liga Profesional,12,Fernando Andrés Rapallini,10101,Talleres,10083,San Lorenzo,1,0,0,53,47,18,5,4,1,7,4,7,0,0,1,10,4,8,1,5,3,2,1,2,1,29,7,10,9,1,4,0,0,1,3,19,20,9,15,0,6,8,23,1,4,54,63,36.0,38.0,18.0,25.0,9.0,8.0,406,371,313.0,281.0,131,171,182,110,26.0,24.0,5.0,1.0,1.8,0.51,0.86,0.47,0.15,0.04,1.01,0.51,1.68,0.8,1,0,7,3,2,1,5,0,3,1,0.0484,0.0,1.2502,0.2558,0.0896,0.2551,0.2448,0.0,0.2995,0.0154,14,3,0,0,1,2,2,0,1,0,0.8565,0.4848,0.0,0.0,0.0484,0.0415,0.2393,0.0,0.7884,0.0,18,5,19.85,15.47
4087089,2023-04-17,arg,2023,Liga Profesional,12,Fernando Andrés Rapallini,10083,San Lorenzo,10101,Talleres,0,0,0,47,53,5,18,1,4,4,7,0,7,1,0,4,10,1,8,3,5,1,2,1,2,7,29,9,10,4,1,0,0,3,1,20,19,15,9,6,0,23,8,4,1,63,54,38.0,36.0,25.0,18.0,8.0,9.0,371,406,281.0,313.0,171,131,110,182,24.0,26.0,1.0,5.0,0.51,1.8,0.47,0.86,0.04,0.15,0.51,1.01,0.8,1.68,0,1,3,7,1,2,0,5,1,3,0.0,0.0484,0.2558,1.2502,0.2551,0.0896,0.0,0.2448,0.0154,0.2995,3,14,0,0,2,1,0,2,0,1,0.4848,0.8565,0.0,0.0,0.0415,0.0484,0.0,0.2393,0.0,0.7884,5,18,15.47,19.85
4087090,2023-04-17,arg,2023,Liga Profesional,12,Sebastían Zunino,10089,Club Atletico Platense,10088,Colon,1,0,0,44,56,12,8,1,4,9,3,2,1,0,1,6,5,6,3,2,7,1,1,1,1,17,27,12,10,1,1,0,0,0,2,21,23,9,5,1,2,40,10,4,1,69,59,49.0,42.0,20.0,17.0,19.0,7.0,326,408,229.0,293.0,100,135,129,158,24.0,36.0,4.0,6.0,0.66,0.94,0.63,0.57,0.03,0.37,0.66,0.94,0.08,0.9,0,1,3,2,3,2,4,2,2,1,0.0,0.1724,0.3251,0.4936,0.1772,0.146,0.1051,0.0494,0.052,0.074,11,5,0,0,0,1,1,2,0,0,0.6293,0.5687,0.0,0.0,0.0,0.1203,0.0301,0.2464,0.0,0.0,12,8,24.59,18.38
4087090,2023-04-17,arg,2023,Liga Profesional,12,Sebastían Zunino,10088,Colon,10089,Club Atletico Platense,0,0,0,56,44,8,12,4,1,3,9,1,2,1,0,5,6,3,6,7,2,1,1,1,1,27,17,10,12,1,1,0,0,2,0,23,21,5,9,2,1,10,40,1,4,59,69,42.0,49.0,17.0,20.0,7.0,19.0,408,326,293.0,229.0,135,100,158,129,36.0,24.0,6.0,4.0,0.94,0.66,0.57,0.63,0.37,0.03,0.94,0.66,0.9,0.08,1,0,2,3,2,3,2,4,1,2,0.1724,0.0,0.4936,0.3251,0.146,0.1772,0.0494,0.1051,0.074,0.052,5,11,0,0,1,0,2,1,0,0,0.5687,0.6293,0.0,0.0,0.1203,0.0,0.2464,0.0301,0.0,0.0,8,12,18.38,24.59
4087105,2023-04-17,arg,2023,Liga Profesional,12,Darío Herrera,10087,Banfield,213596,Central Cordoba de Santiago,1,1,0,40,60,10,11,5,0,2,10,3,1,0,0,5,5,5,6,3,6,4,1,3,1,24,12,9,17,2,5,0,0,4,0,15,11,14,8,0,3,22,19,0,4,68,49,43.0,29.0,25.0,20.0,12.0,9.0,290,439,186.0,311.0,70,137,116,174,29.0,54.0,1.0,3.0,2.34,0.36,0.66,0.11,0.11,0.25,0.77,0.36,3.43,0.0,0,0,4,4,1,1,2,1,3,5,0.0,0.0,2.5748,0.1863,0.0347,0.0387,0.0784,0.0254,0.051,0.1127,7,6,0,0,0,5,1,0,2,0,0.6622,0.1512,0.0,0.0,0.0,0.2118,0.4999,0.0,1.5768,0.0,10,11,20.51,21.8
4087105,2023-04-17,arg,2023,Liga Profesional,12,Darío Herrera,213596,Central Cordoba de Santiago,10087,Banfield,0,0,1,60,40,11,10,0,5,10,2,1,3,0,0,5,5,6,5,6,3,1,4,1,3,12,24,17,9,5,2,0,0,0,4,11,15,8,14,3,0,19,22,4,0,49,68,29.0,43.0,20.0,25.0,9.0,12.0,439,290,311.0,186.0,137,70,174,116,54.0,29.0,3.0,1.0,0.36,2.34,0.11,0.66,0.25,0.11,0.36,0.77,0.0,3.43,0,0,4,4,1,1,1,2,5,3,0.0,0.0,0.1863,2.5748,0.0387,0.0347,0.0254,0.0784,0.1127,0.051,6,7,0,0,5,0,0,1,0,2,0.1512,0.6622,0.0,0.0,0.2118,0.0,0.0,0.4999,0.0,1.5768,11,10,21.8,20.51
4087071,2023-04-18,arg,2023,Liga Profesional,12,Facundo Raúl Tello Figueroa,161727,Atletico Tucuman,10084,Rosario Central,1,2,2,49,51,16,13,6,5,7,4,3,4,1,0,6,7,10,6,3,7,2,3,2,1,14,14,8,13,2,1,0,0,1,0,24,15,7,12,4,2,14,16,3,4,63,56,46.0,34.0,17.0,22.0,11.0,12.0,369,375,268.0,291.0,123,133,145,158,31.0,23.0,3.0,4.0,1.0,1.97,0.75,1.13,0.25,0.05,1.0,1.18,,,0,1,4,4,2,2,6,2,4,4,0.0,0.4245,0.59,1.3379,0.118,0.0879,0.2204,0.0506,0.0855,0.0664,13,10,0,0,1,2,2,0,0,1,0.7594,1.1281,0.0,0.0,0.1371,0.0508,0.1173,0.0,0.0,0.7884,16,13,21.53,20.38
4087071,2023-04-18,arg,2023,Liga Profesional,12,Facundo Raúl Tello Figueroa,10084,Rosario Central,161727,Atletico Tucuman,0,2,2,51,49,13,16,5,6,4,7,4,3,0,1,7,6,6,10,7,3,3,2,1,2,14,14,13,8,1,2,0,0,0,1,15,24,12,7,2,4,16,14,4,3,56,63,34.0,46.0,22.0,17.0,12.0,11.0,375,369,291.0,268.0,133,123,158,145,23.0,31.0,4.0,3.0,1.97,1.0,1.13,0.75,0.05,0.25,1.18,1.0,,,1,0,4,4,2,2,2,6,4,4,0.4245,0.0,1.3379,0.59,0.0879,0.118,0.0506,0.2204,0.0664,0.0855,10,13,0,0,2,1,0,2,1,0,1.1281,0.7594,0.0,0.0,0.0508,0.1371,0.0,0.1173,0.7884,0.0,13,16,20.38,21.53
4087078,2023-04-18,arg,2023,Liga Profesional,12,Jorge Ignacio Baliño,10227,Godoy Cruz,10082,Lanus,1,4,4,52,48,14,8,6,4,4,4,4,0,0,0,7,5,7,3,1,0,2,4,0,0,16,19,14,15,1,3,0,0,0,1,22,20,14,11,0,3,9,14,0,2,64,56,49.0,47.0,15.0,9.0,15.0,14.0,445,407,362.0,320.0,194,215,168,105,29.0,31.0,3.0,1.0,2.22,2.95,1.26,2.16,0.18,0.0,1.44,2.16,2.77,2.97,1,2,5,2,1,1,5,2,2,1,0.2179,1.8085,1.5978,0.9593,0.0279,0.0391,0.3265,0.1181,0.0737,0.024,8,6,0,1,0,0,5,0,1,1,1.2752,2.1327,0.0,0.0279,0.0,0.0,0.1801,0.0,0.7884,0.7884,14,8,19.62,17.78
4087078,2023-04-18,arg,2023,Liga Profesional,12,Jorge Ignacio Baliño,10082,Lanus,10227,Godoy Cruz,0,4,4,48,52,8,14,4,6,4,4,0,4,0,0,5,7,3,7,0,1,4,2,0,0,19,16,15,14,3,1,0,0,1,0,20,22,11,14,3,0,14,9,2,0,56,64,47.0,49.0,9.0,15.0,14.0,15.0,407,445,320.0,362.0,215,194,105,168,31.0,29.0,1.0,3.0,2.95,2.22,2.16,1.26,0.0,0.18,2.16,1.44,2.97,2.77,2,1,2,5,1,1,2,5,1,2,1.8085,0.2179,0.9593,1.5978,0.0391,0.0279,0.1181,0.3265,0.024,0.0737,6,8,1,0,0,0,0,5,1,1,2.1327,1.2752,0.0279,0.0,0.0,0.0,0.0,0.1801,0.7884,0.7884,8,14,17.78,19.62
4087138,2023-04-21,arg,2023,Liga Profesional,13,Darío Herrera,10088,Colon,10079,Velez Sarsfield,1,2,1,38,62,11,9,5,4,2,3,4,2,0,0,6,7,5,2,7,5,1,1,0,1,19,16,12,13,3,2,0,0,1,0,23,25,10,9,2,4,16,24,3,3,65,66,45.0,52.0,20.0,14.0,10.0,15.0,279,463,184.0,375.0,90,192,94,183,34.0,11.0,6.0,4.0,1.21,0.72,0.94,0.47,0.27,0.25,1.21,0.72,1.73,1.11,1,0,4,5,1,2,4,1,1,1,0.8375,0.0,0.2362,0.4932,0.037,0.1079,0.0903,0.0697,0.007,0.0474,3,3,1,0,7,4,0,2,0,0,0.0978,0.468,0.8375,0.0,0.2728,0.1692,0.0,0.0809,0.0,0.0,11,9,18.55,15.83
4087138,2023-04-21,arg,2023,Liga Profesional,13,Darío Herrera,10079,Velez Sarsfield,10088,Colon,0,1,2,62,38,9,11,4,5,3,2,2,4,0,0,7,6,2,5,5,7,1,1,1,0,16,19,13,12,2,3,0,0,0,1,25,23,9,10,4,2,24,16,3,3,66,65,52.0,45.0,14.0,20.0,15.0,10.0,463,279,375.0,184.0,192,90,183,94,11.0,34.0,4.0,6.0,0.72,1.21,0.47,0.94,0.25,0.27,0.72,1.21,1.11,1.73,0,1,5,4,2,1,1,4,1,1,0.0,0.8375,0.4932,0.2362,0.1079,0.037,0.0697,0.0903,0.0474,0.007,3,3,0,1,4,7,2,0,0,0,0.468,0.0978,0.0,0.8375,0.1692,0.2728,0.0809,0.0,0.0,0.0,9,11,15.83,18.55
4087079,2023-04-22,arg,2023,Liga Profesional,13,Pablo Echavarría,213596,Central Cordoba de Santiago,10227,Godoy Cruz,1,0,2,56,44,11,14,0,6,8,6,3,2,1,0,8,3,3,11,5,3,0,0,0,0,24,18,11,13,1,2,0,0,1,2,27,16,18,13,2,3,14,17,4,0,78,61,51.0,43.0,27.0,18.0,12.0,16.0,420,335,310.0,228.0,140,85,170,143,35.0,41.0,9.0,1.0,0.73,0.52,0.33,0.4,0.4,0.12,0.73,0.52,0.0,1.74,1,0,5,2,2,1,1,8,2,3,0.1101,0.0,0.3866,0.1967,0.1053,0.0379,0.0441,0.2158,0.0839,0.0683,7,9,0,1,3,3,1,1,0,0,0.4486,0.2323,0.0,0.1684,0.2218,0.0874,0.0595,0.0306,0.0,0.0,11,14,15.7,26.32
4087079,2023-04-22,arg,2023,Liga Profesional,13,Pablo Echavarría,10227,Godoy Cruz,213596,Central Cordoba de Santiago,0,2,0,44,56,14,11,6,0,6,8,2,3,0,1,3,8,11,3,3,5,0,0,0,0,18,24,13,11,2,1,0,0,2,1,16,27,13,18,3,2,17,14,0,4,61,78,43.0,51.0,18.0,27.0,16.0,12.0,335,420,228.0,310.0,85,140,143,170,41.0,35.0,1.0,9.0,0.52,0.73,0.4,0.33,0.12,0.4,0.52,0.73,1.74,0.0,0,1,2,5,1,2,8,1,3,2,0.0,0.1101,0.1967,0.3866,0.0379,0.1053,0.2158,0.0441,0.0683,0.0839,9,7,1,0,3,3,1,1,0,0,0.2323,0.4486,0.1684,0.0,0.0874,0.2218,0.0306,0.0595,0.0,0.0,14,11,26.32,15.7
4087080,2023-04-22,arg,2023,Liga Profesional,13,Facundo Raúl Tello Figueroa,10082,Lanus,202757,Sarmiento,1,2,1,56,44,15,16,4,3,5,11,6,2,1,2,8,15,7,1,3,6,3,1,1,1,18,21,6,19,2,6,1,1,1,2,7,15,6,4,2,5,26,19,2,2,58,60,34.0,37.0,24.0,23.0,9.0,17.0,376,284,304.0,210.0,152,87,152,123,46.0,24.0,2.0,11.0,2.54,1.7,0.36,1.49,0.6,0.22,0.96,1.7,3.1,1.04,2,1,3,13,3,1,3,0,4,1,0.9994,0.4244,1.7242,1.2466,0.0657,0.0188,0.2295,0.0,0.092,0.0169,9,12,0,1,0,3,4,0,2,0,0.3633,1.0655,0.0,0.4244,0.0,0.2168,1.1707,0.0,1.5768,0.0,15,16,19.08,12.67
4087080,2023-04-22,arg,2023,Liga Profesional,13,Facundo Raúl Tello Figueroa,202757,Sarmiento,10082,Lanus,0,1,2,44,56,16,15,3,4,11,5,2,6,2,1,15,8,1,7,6,3,1,3,1,1,21,18,19,6,6,2,1,1,2,1,15,7,4,6,5,2,19,26,2,2,60,58,37.0,34.0,23.0,24.0,17.0,9.0,284,376,210.0,304.0,87,152,123,152,24.0,46.0,11.0,2.0,1.7,2.54,1.49,0.36,0.22,0.6,1.7,0.96,1.04,3.1,1,2,13,3,1,3,0,3,1,4,0.4244,0.9994,1.2466,1.7242,0.0188,0.0657,0.0,0.2295,0.0169,0.092,12,9,1,0,3,0,0,4,0,2,1.0655,0.3633,0.4244,0.0,0.2168,0.0,0.0,1.1707,0.0,1.5768,16,15,12.67,19.08
4087081,2023-04-22,arg,2023,Liga Profesional,13,Nicolás Lamolina,10098,Arsenal Sarandi,10096,Union,1,2,1,52,48,12,16,3,2,5,10,4,4,1,2,8,7,4,9,4,1,2,1,2,0,22,18,14,8,1,0,1,0,3,0,21,27,11,10,4,4,13,27,2,1,53,77,41.0,59.0,12.0,18.0,14.0,19.0,348,329,243.0,213.0,111,111,132,102,24.0,19.0,5.0,4.0,1.66,1.33,1.44,1.25,0.21,0.08,1.66,1.33,0.48,1.33,1,1,5,4,2,2,0,7,4,2,0.689,0.5845,0.7052,0.2969,0.1348,0.1434,0.0,0.2699,0.1268,0.0374,9,15,0,0,1,0,2,1,0,0,1.4419,1.2538,0.0,0.0,0.1432,0.0,0.0707,0.0784,0.0,0.0,12,16,16.77,21.1
4087081,2023-04-22,arg,2023,Liga Profesional,13,Nicolás Lamolina,10096,Union,10098,Arsenal Sarandi,0,1,2,48,52,16,12,2,3,10,5,4,4,2,1,7,8,9,4,1,4,1,2,0,2,18,22,8,14,0,1,0,1,0,3,27,21,10,11,4,4,27,13,1,2,77,53,59.0,41.0,18.0,12.0,19.0,14.0,329,348,213.0,243.0,111,111,102,132,19.0,24.0,4.0,5.0,1.33,1.66,1.25,1.44,0.08,0.21,1.33,1.66,1.33,0.48,1,1,4,5,2,2,7,0,2,4,0.5845,0.689,0.2969,0.7052,0.1434,0.1348,0.2699,0.0,0.0374,0.1268,15,9,0,0,0,1,1,2,0,0,1.2538,1.4419,0.0,0.0,0.0,0.1432,0.0784,0.0707,0.0,0.0,16,12,21.1,16.77
4087084,2023-04-22,arg,2023,Liga Profesional,13,Fernando Andrés Rapallini,10092,Belgrano,10201,Newell's Old Boys,1,1,0,41,59,10,10,3,0,4,8,3,2,0,0,7,5,3,5,4,4,2,0,2,0,16,11,6,12,2,2,0,0,0,2,7,19,6,11,2,3,19,9,0,2,48,56,27.0,39.0,21.0,17.0,8.0,15.0,305,448,217.0,360.0,99,231,118,129,36.0,28.0,4.0,3.0,1.14,0.48,0.9,0.43,0.24,0.05,1.14,0.48,0.81,0.0,0,0,5,5,2,0,1,2,2,3,0.0,0.0,0.8606,0.3052,0.1977,0.0,0.05,0.0938,0.0363,0.0823,6,8,1,0,2,1,1,1,0,0,0.7942,0.4288,0.1099,0.0,0.1018,0.0216,0.1387,0.0309,0.0,0.0,10,10,15.58,22.55
4087084,2023-04-22,arg,2023,Liga Profesional,13,Fernando Andrés Rapallini,10201,Newell's Old Boys,10092,Belgrano,0,0,1,59,41,10,10,0,3,8,4,2,3,0,0,5,7,5,3,4,4,0,2,0,2,11,16,12,6,2,2,0,0,2,0,19,7,11,6,3,2,9,19,2,0,56,48,39.0,27.0,17.0,21.0,15.0,8.0,448,305,360.0,217.0,231,99,129,118,28.0,36.0,3.0,4.0,0.48,1.14,0.43,0.9,0.05,0.24,0.48,1.14,0.0,0.81,0,0,5,5,0,2,2,1,3,2,0.0,0.0,0.3052,0.8606,0.0,0.1977,0.0938,0.05,0.0823,0.0363,8,6,0,1,1,2,1,1,0,0,0.4288,0.7942,0.0,0.1099,0.0216,0.1018,0.0309,0.1387,0.0,0.0,10,10,22.55,15.58
4087085,2023-04-23,arg,2023,Liga Profesional,13,Andrés Merlos,10076,River Plate,10078,Independiente,1,2,0,71,29,19,6,8,0,9,3,2,3,1,0,13,3,6,3,4,1,3,0,2,0,35,10,7,13,3,1,0,1,4,4,14,17,7,22,3,3,12,18,0,5,57,45,36.0,32.0,21.0,13.0,10.0,8.0,626,253,515.0,157.0,260,71,255,86,29.0,23.0,7.0,2.0,1.31,0.23,1.26,0.15,0.05,0.08,1.31,0.23,1.21,0.0,1,0,4,3,8,0,5,1,1,2,0.1089,0.0,0.4183,0.1611,0.5281,0.0,0.2437,0.0125,0.028,0.0584,17,4,0,0,2,0,0,2,0,0,1.2802,0.1539,0.0,0.0,0.0468,0.0,0.0,0.0782,0.0,0.0,19,6,17.6,22.07
4087085,2023-04-23,arg,2023,Liga Profesional,13,Andrés Merlos,10078,Independiente,10076,River Plate,0,0,2,29,71,6,19,0,8,3,9,3,2,0,1,3,13,3,6,1,4,0,3,0,2,10,35,13,7,1,3,1,0,4,4,17,14,22,7,3,3,18,12,5,0,45,57,32.0,36.0,13.0,21.0,8.0,10.0,253,626,157.0,515.0,71,260,86,255,23.0,29.0,2.0,7.0,0.23,1.31,0.15,1.26,0.08,0.05,0.23,1.31,0.0,1.21,0,1,3,4,0,8,1,5,2,1,0.0,0.1089,0.1611,0.4183,0.0,0.5281,0.0125,0.2437,0.0584,0.028,4,17,0,0,0,2,2,0,0,0,0.1539,1.2802,0.0,0.0,0.0,0.0468,0.0782,0.0,0.0,0.0,6,19,22.07,17.6
4087087,2023-04-23,arg,2023,Liga Profesional,13,Ariel Penel,10084,Rosario Central,10077,Boca Juniors,1,2,2,30,70,9,16,5,6,2,7,2,3,1,0,7,8,2,8,2,5,1,1,0,0,12,15,11,14,4,4,0,0,0,0,24,19,11,9,3,2,10,7,4,3,55,70,47.0,55.0,8.0,15.0,11.0,28.0,191,447,110.0,377.0,45,197,65,180,17.0,12.0,4.0,6.0,0.82,0.89,0.68,0.8,0.14,0.09,0.82,0.89,1.53,1.76,1,2,5,5,1,1,0,3,2,5,0.1904,0.4524,0.5322,0.2386,0.0491,0.0579,0.0,0.0681,0.045,0.0713,5,13,1,0,1,2,2,1,0,0,0.5125,0.8011,0.169,0.0,0.0774,0.0601,0.0578,0.0271,0.0,0.0,9,16,16.36,21.86
4087087,2023-04-23,arg,2023,Liga Profesional,13,Ariel Penel,10077,Boca Juniors,10084,Rosario Central,0,2,2,70,30,16,9,6,5,7,2,3,2,0,1,8,7,8,2,5,2,1,1,0,0,15,12,14,11,4,4,0,0,0,0,19,24,9,11,2,3,7,10,3,4,70,55,55.0,47.0,15.0,8.0,28.0,11.0,447,191,377.0,110.0,197,45,180,65,12.0,17.0,6.0,4.0,0.89,0.82,0.8,0.68,0.09,0.14,0.89,0.82,1.76,1.53,2,1,5,5,1,1,3,0,5,2,0.4524,0.1904,0.2386,0.5322,0.0579,0.0491,0.0681,0.0,0.0713,0.045,13,5,0,1,2,1,1,2,0,0,0.8011,0.5125,0.0,0.169,0.0601,0.0774,0.0271,0.0578,0.0,0.0,16,9,21.86,16.36
4087108,2023-04-23,arg,2023,Liga Profesional,13,Leandro Rey Hilfer,10094,Estudiantes,10101,Talleres,1,1,0,45,55,9,4,3,0,4,2,2,2,0,0,6,2,3,2,4,6,0,0,0,0,15,12,15,22,2,4,0,0,1,1,15,12,17,16,2,2,12,18,0,2,62,51,46.0,36.0,16.0,15.0,10.0,11.0,372,455,272.0,355.0,143,192,129,163,26.0,25.0,3.0,1.0,0.63,0.15,0.51,0.1,0.12,0.05,0.63,0.15,,,0,0,4,0,2,2,3,0,0,2,0.0,0.0,0.4011,0.0,0.1328,0.076,0.0967,0.0,0.0,0.072,5,3,0,0,3,0,1,1,0,0,0.5124,0.1027,0.0,0.0,0.0575,0.0,0.0606,0.0452,0.0,0.0,9,4,17.58,20.13
4087108,2023-04-23,arg,2023,Liga Profesional,13,Leandro Rey Hilfer,10101,Talleres,10094,Estudiantes,0,0,1,55,45,4,9,0,3,2,4,2,2,0,0,2,6,2,3,6,4,0,0,0,0,12,15,22,15,4,2,0,0,1,1,12,15,16,17,2,2,18,12,2,0,51,62,36.0,46.0,15.0,16.0,11.0,10.0,455,372,355.0,272.0,192,143,163,129,25.0,26.0,1.0,3.0,0.15,0.63,0.1,0.51,0.05,0.12,0.15,0.63,,,0,0,0,4,2,2,0,3,2,0,0.0,0.0,0.0,0.4011,0.076,0.1328,0.0,0.0967,0.072,0.0,3,5,0,0,0,3,1,1,0,0,0.1027,0.5124,0.0,0.0,0.0,0.0575,0.0452,0.0606,0.0,0.0,4,9,20.13,17.58
4087136,2023-04-23,arg,2023,Liga Profesional,13,Jorge Ignacio Baliño,10090,Instituto,10087,Banfield,1,1,1,66,34,15,11,4,5,7,3,4,3,0,0,8,5,7,6,7,1,2,3,1,2,18,14,12,12,2,2,0,0,2,3,18,24,8,15,3,4,9,25,4,3,68,70,38.0,47.0,30.0,23.0,8.0,11.0,430,230,310.0,129.0,137,57,173,72,43.0,20.0,4.0,2.0,1.21,1.74,0.71,0.85,0.5,0.11,1.21,0.96,1.29,2.47,2,0,4,4,2,1,1,2,6,4,0.4497,0.0,0.3619,1.5918,0.0944,0.0289,0.0956,0.1569,0.2062,0.102,9,5,1,3,2,0,3,2,0,1,0.6598,0.1058,0.0517,0.8796,0.0694,0.0,0.4271,0.1058,0.0,0.7884,15,11,18.81,20.69
4087136,2023-04-23,arg,2023,Liga Profesional,13,Jorge Ignacio Baliño,10087,Banfield,10090,Instituto,0,1,1,34,66,11,15,5,4,3,7,3,4,0,0,5,8,6,7,1,7,3,2,2,1,14,18,12,12,2,2,0,0,3,2,24,18,15,8,4,3,25,9,3,4,70,68,47.0,38.0,23.0,30.0,11.0,8.0,230,430,129.0,310.0,57,137,72,173,20.0,43.0,2.0,4.0,1.74,1.21,0.85,0.71,0.11,0.5,0.96,1.21,2.47,1.29,0,2,4,4,1,2,2,1,4,6,0.0,0.4497,1.5918,0.3619,0.0289,0.0944,0.1569,0.0956,0.102,0.2062,5,9,3,1,0,2,2,3,1,0,0.1058,0.6598,0.8796,0.0517,0.0,0.0694,0.1058,0.4271,0.7884,0.0,11,15,20.69,18.81
4087149,2023-04-23,arg,2023,Liga Profesional,13,Yael Falcón Pérez,10083,San Lorenzo,10089,Club Atletico Platense,1,1,0,53,47,9,12,2,2,4,5,3,5,0,0,6,2,3,10,3,2,0,0,0,0,14,12,17,13,1,2,0,0,5,3,24,22,10,11,5,3,16,21,2,1,75,72,52.0,51.0,23.0,21.0,16.0,14.0,459,414,362.0,310.0,194,186,168,124,29.0,23.0,6.0,0.0,0.31,0.29,0.2,0.22,0.11,0.08,0.31,0.29,0.14,0.54,0,0,4,1,2,1,2,6,1,4,0.0,0.0,0.1552,0.0635,0.1114,0.027,0.0332,0.1156,0.0141,0.0863,6,8,0,1,1,1,2,2,0,0,0.2019,0.1849,0.0,0.0318,0.0264,0.0189,0.0854,0.0569,0.0,0.0,9,12,18.57,29.14
4087149,2023-04-23,arg,2023,Liga Profesional,13,Yael Falcón Pérez,10089,Club Atletico Platense,10083,San Lorenzo,0,0,1,47,53,12,9,2,2,5,4,5,3,0,0,2,6,10,3,2,3,0,0,0,0,12,14,13,17,2,1,0,0,3,5,22,24,11,10,3,5,21,16,1,2,72,75,51.0,52.0,21.0,23.0,14.0,16.0,414,459,310.0,362.0,186,194,124,168,23.0,29.0,0.0,6.0,0.29,0.31,0.22,0.2,0.08,0.11,0.29,0.31,0.54,0.14,0,0,1,4,1,2,6,2,4,1,0.0,0.0,0.0635,0.1552,0.027,0.1114,0.1156,0.0332,0.0863,0.0141,8,6,1,0,1,1,2,2,0,0,0.1849,0.2019,0.0318,0.0,0.0189,0.0264,0.0569,0.0854,0.0,0.0,12,9,29.14,18.57
4087086,2023-04-24,arg,2023,Liga Profesional,13,Nazareno Arasa,10080,Racing Club,161727,Atletico Tucuman,1,1,3,75,25,16,10,3,4,9,4,4,2,0,0,10,9,6,1,6,6,1,2,0,0,39,14,4,12,2,2,0,0,3,4,16,23,15,11,2,2,7,46,1,2,58,59,40.0,36.0,18.0,23.0,13.0,10.0,663,226,591.0,147.0,183,60,408,87,38.0,31.0,11.0,4.0,0.73,1.52,0.48,1.31,0.25,0.21,0.73,1.52,0.62,1.76,0,2,6,4,4,3,3,1,3,0,0.0,0.9829,0.4351,0.158,0.1689,0.3111,0.0694,0.0701,0.0534,0.0,14,3,0,2,0,4,2,1,0,0,0.5789,0.2682,0.0,1.0392,0.0,0.1731,0.148,0.0416,0.0,0.0,16,10,18.41,13.19
4087086,2023-04-24,arg,2023,Liga Profesional,13,Nazareno Arasa,161727,Atletico Tucuman,10080,Racing Club,0,3,1,25,75,10,16,4,3,4,9,2,4,0,0,9,10,1,6,6,6,2,1,0,0,14,39,12,4,2,2,0,0,4,3,23,16,11,15,2,2,46,7,2,1,59,58,36.0,40.0,23.0,18.0,10.0,13.0,226,663,147.0,591.0,60,183,87,408,31.0,38.0,4.0,11.0,1.52,0.73,1.31,0.48,0.21,0.25,1.52,0.73,1.76,0.62,2,0,4,6,3,4,1,3,0,3,0.9829,0.0,0.158,0.4351,0.3111,0.1689,0.0701,0.0694,0.0,0.0534,3,14,2,0,4,0,1,2,0,0,0.2682,0.5789,1.0392,0.0,0.1731,0.0,0.0416,0.148,0.0,0.0,10,16,13.19,18.41
4087137,2023-04-24,arg,2023,Liga Profesional,13,Silvio Trucco,213534,Barracas Central,161730,Defensa y Justicia,1,0,2,53,47,10,14,1,7,5,4,4,3,0,0,9,6,1,8,5,5,0,1,0,1,16,16,15,13,1,2,0,0,0,5,12,22,13,13,3,4,19,17,5,1,59,67,36.0,46.0,23.0,21.0,12.0,10.0,403,352,260.0,228.0,122,94,138,134,29.0,35.0,6.0,6.0,0.52,1.08,0.41,0.85,0.11,0.22,0.52,1.08,0.12,1.46,0,1,7,3,2,2,1,6,0,2,0.0,0.1986,0.4058,0.4508,0.0759,0.1388,0.0361,0.2269,0.0,0.06,6,7,1,1,1,3,2,3,0,0,0.3731,0.7688,0.0361,0.0815,0.0127,0.1145,0.096,0.1102,0.0,0.0,10,14,13.97,20.45
4087137,2023-04-24,arg,2023,Liga Profesional,13,Silvio Trucco,161730,Defensa y Justicia,213534,Barracas Central,0,2,0,47,53,14,10,7,1,4,5,3,4,0,0,6,9,8,1,5,5,1,0,1,0,16,16,13,15,2,1,0,0,5,0,22,12,13,13,4,3,17,19,1,5,67,59,46.0,36.0,21.0,23.0,10.0,12.0,352,403,228.0,260.0,94,122,134,138,35.0,29.0,6.0,6.0,1.08,0.52,0.85,0.41,0.22,0.11,1.08,0.52,1.46,0.12,1,0,3,7,2,2,6,1,2,0,0.1986,0.0,0.4508,0.4058,0.1388,0.0759,0.2269,0.0361,0.06,0.0,7,6,1,1,3,1,3,2,0,0,0.7688,0.3731,0.0815,0.0361,0.1145,0.0127,0.1102,0.096,0.0,0.0,14,10,20.45,13.97
4087082,2023-04-25,arg,2023,Liga Profesional,13,Fernando Echenique,89396,Tigre,10081,Huracan,1,1,0,52,48,15,18,4,1,6,12,5,5,0,0,6,11,9,7,5,6,2,1,1,1,10,27,12,11,2,2,0,0,1,1,16,12,15,11,4,5,29,13,1,3,47,55,36.0,33.0,11.0,22.0,10.0,10.0,440,396,345.0,297.0,185,147,160,150,35.0,30.0,3.0,8.0,1.34,1.01,1.05,0.73,0.28,0.28,1.34,1.01,,,0,0,4,10,2,1,6,5,3,2,0.0,0.0,0.9279,0.7954,0.0952,0.0543,0.2222,0.1212,0.0924,0.0429,11,12,1,0,1,3,2,3,0,0,0.6948,0.7338,0.3581,0.0,0.1746,0.1009,0.1102,0.1791,0.0,0.0,15,18,20.65,18.65
4087082,2023-04-25,arg,2023,Liga Profesional,13,Fernando Echenique,10081,Huracan,89396,Tigre,0,0,1,48,52,18,15,1,4,12,6,5,5,0,0,11,6,7,9,6,5,1,2,1,1,27,10,11,12,2,2,0,0,1,1,12,16,11,15,5,4,13,29,3,1,55,47,33.0,36.0,22.0,11.0,10.0,10.0,396,440,297.0,345.0,147,185,150,160,30.0,35.0,8.0,3.0,1.01,1.34,0.73,1.05,0.28,0.28,1.01,1.34,,,0,0,10,4,1,2,5,6,2,3,0.0,0.0,0.7954,0.9279,0.0543,0.0952,0.1212,0.2222,0.0429,0.0924,12,11,0,1,3,1,3,2,0,0,0.7338,0.6948,0.0,0.3581,0.1009,0.1746,0.1791,0.1102,0.0,0.0,18,15,18.65,20.65
4087083,2023-04-25,arg,2023,Liga Profesional,13,Hernán Mastrángelo,10086,Argentinos Juniors,10103,Gimnasia LP,1,2,4,66,34,21,13,7,8,8,2,6,3,2,0,15,6,6,7,12,4,2,0,1,0,50,14,8,11,2,3,0,0,2,0,14,24,6,23,4,6,15,59,3,6,60,69,37.0,36.0,23.0,33.0,12.0,6.0,445,238,325.0,137.0,122,57,203,80,40.0,37.0,9.0,3.0,2.41,1.05,2.13,0.81,0.29,0.23,2.41,1.05,2.25,1.61,2,1,9,2,4,3,5,4,1,3,0.6309,0.1752,1.4181,0.1172,0.2598,0.3933,0.179,0.2263,0.04,0.1356,15,9,0,2,4,1,2,1,0,0,2.2417,0.6987,0.0,0.1154,0.1977,0.1752,0.0885,0.0583,0.0,0.0,21,13,14.81,21.06
4087083,2023-04-25,arg,2023,Liga Profesional,13,Hernán Mastrángelo,10103,Gimnasia LP,10086,Argentinos Juniors,0,4,2,34,66,13,21,8,7,2,8,3,6,0,2,6,15,7,6,4,12,0,2,0,1,14,50,11,8,3,2,0,0,0,2,24,14,23,6,6,4,59,15,6,3,69,60,36.0,37.0,33.0,23.0,6.0,12.0,238,445,137.0,325.0,57,122,80,203,37.0,40.0,3.0,9.0,1.05,2.41,0.81,2.13,0.23,0.29,1.05,2.41,1.61,2.25,1,2,2,9,3,4,4,5,3,1,0.1752,0.6309,0.1172,1.4181,0.3933,0.2598,0.2263,0.179,0.1356,0.04,9,15,2,0,1,4,1,2,0,0,0.6987,2.2417,0.1154,0.0,0.1752,0.1977,0.0583,0.0885,0.0,0.0,13,21,21.06,14.81
4087131,2023-04-27,arg,2023,Liga Profesional,14,Nicolás Ramírez,10089,Club Atletico Platense,10094,Estudiantes,1,1,2,50,50,8,12,3,8,2,4,3,0,0,0,4,11,4,1,5,5,1,5,1,3,,,15,8,3,3,0,0,2,2,13,12,5,6,1,2,15,35,5,2,58,64,33.0,40.0,25.0,24.0,12.0,13.0,400,398,283.0,294.0,138,141,145,153,30.0,30.0,1.0,7.0,0.6,1.66,0.43,1.59,0.17,0.07,0.6,1.66,0.75,2.97,0,1,3,10,1,0,2,1,2,0,0.0,0.3848,0.3701,1.2502,0.0559,0.0,0.0822,0.0278,0.0894,0.0,5,9,0,1,1,2,2,0,0,0,0.4302,1.4588,0.0,0.1311,0.0665,0.073,0.1008,0.0,0.0,0.0,8,12,20.14,11.69
4087131,2023-04-27,arg,2023,Liga Profesional,14,Nicolás Ramírez,10094,Estudiantes,10089,Club Atletico Platense,0,2,1,50,50,12,8,8,3,4,2,0,3,0,0,11,4,1,4,5,5,5,1,3,1,,,8,15,3,3,0,0,2,2,12,13,6,5,2,1,35,15,2,5,64,58,40.0,33.0,24.0,25.0,13.0,12.0,398,400,294.0,283.0,141,138,153,145,30.0,30.0,7.0,1.0,1.66,0.6,1.59,0.43,0.07,0.17,1.66,0.6,2.97,0.75,1,0,10,3,0,1,1,2,0,2,0.3848,0.0,1.2502,0.3701,0.0,0.0559,0.0278,0.0822,0.0,0.0894,9,5,1,0,2,1,0,2,0,0,1.4588,0.4302,0.1311,0.0,0.073,0.0665,0.0,0.1008,0.0,0.0,12,8,11.69,20.14
4087142,2023-04-27,arg,2023,Liga Profesional,14,Silvio Trucco,202757,Sarmiento,10227,Godoy Cruz,1,1,1,36,64,14,26,4,9,3,11,7,6,1,0,9,11,5,15,4,6,2,2,2,2,28,25,11,14,2,3,0,0,2,1,22,13,15,8,6,7,27,28,8,3,79,75,48.0,45.0,31.0,30.0,14.0,21.0,269,471,157.0,366.0,57,124,100,242,30.0,34.0,5.0,6.0,1.36,1.85,0.51,1.44,0.86,0.41,1.36,1.85,1.71,1.82,0,0,8,10,1,1,4,12,1,3,0.0,0.0,1.0553,1.2943,0.0212,0.0342,0.2691,0.4502,0.0178,0.0681,6,19,0,1,3,4,5,2,0,0,0.5064,1.4067,0.0,0.0342,0.207,0.254,0.6501,0.1518,0.0,0.0,14,26,15.69,20.76
4087142,2023-04-27,arg,2023,Liga Profesional,14,Silvio Trucco,10227,Godoy Cruz,202757,Sarmiento,0,1,1,64,36,26,14,9,4,11,3,6,7,0,1,11,9,15,5,6,4,2,2,2,2,25,28,14,11,3,2,0,0,1,2,13,22,8,15,7,6,28,27,3,8,75,79,45.0,48.0,30.0,31.0,21.0,14.0,471,269,366.0,157.0,124,57,242,100,34.0,30.0,6.0,5.0,1.85,1.36,1.44,0.51,0.41,0.86,1.85,1.36,1.82,1.71,0,0,10,8,1,1,12,4,3,1,0.0,0.0,1.2943,1.0553,0.0342,0.0212,0.4502,0.2691,0.0681,0.0178,19,6,1,0,4,3,2,5,0,0,1.4067,0.5064,0.0342,0.0,0.254,0.207,0.1518,0.6501,0.0,0.0,26,14,20.76,15.69
4087144,2023-04-28,arg,2023,Liga Profesional,14,Carlos Andrés Gariano,10081,Huracan,10098,Arsenal Sarandi,1,2,1,42,58,10,10,4,4,6,4,0,2,1,0,7,5,3,5,2,5,1,2,0,2,16,15,15,13,2,4,0,0,0,0,22,18,11,7,1,0,16,18,3,2,65,58,44.0,44.0,21.0,14.0,9.0,14.0,320,460,238.0,357.0,122,194,116,163,25.0,29.0,3.0,2.0,0.93,1.49,0.65,0.67,0.28,0.02,0.93,0.7,1.52,2.11,0,0,6,4,1,1,1,2,2,3,0.0,0.0,0.7712,1.2984,0.0395,0.0284,0.027,0.0816,0.0945,0.0779,4,8,2,0,0,1,4,0,0,1,0.2492,0.6732,0.4041,0.0,0.0,0.0247,0.279,0.0,0.0,0.7884,10,10,16.42,22.29
4087144,2023-04-28,arg,2023,Liga Profesional,14,Carlos Andrés Gariano,10098,Arsenal Sarandi,10081,Huracan,0,1,2,58,42,10,10,4,4,4,6,2,0,0,1,5,7,5,3,5,2,2,1,2,0,15,16,13,15,4,2,0,0,0,0,18,22,7,11,0,1,18,16,2,3,58,65,44.0,44.0,14.0,21.0,14.0,9.0,460,320,357.0,238.0,194,122,163,116,29.0,25.0,2.0,3.0,1.49,0.93,0.67,0.65,0.02,0.28,0.7,0.93,2.11,1.52,0,0,4,6,1,1,2,1,3,2,0.0,0.0,1.2984,0.7712,0.0284,0.0395,0.0816,0.027,0.0779,0.0945,8,4,0,2,1,0,0,4,1,0,0.6732,0.2492,0.0,0.4041,0.0247,0.0,0.0,0.279,0.7884,0.0,10,10,22.29,16.42
4087146,2023-04-28,arg,2023,Liga Profesional,14,Luis Lobo Medina,10201,Newell's Old Boys,10086,Argentinos Juniors,1,0,0,49,51,10,7,3,3,5,2,2,2,0,0,6,6,4,1,7,3,1,2,1,2,,,14,12,3,4,0,0,1,4,14,21,13,11,2,2,15,10,3,3,64,66,41.0,41.0,23.0,25.0,16.0,6.0,406,419,305.0,300.0,168,181,137,119,25.0,24.0,4.0,5.0,0.69,1.0,0.59,0.87,0.09,0.13,0.69,1.0,0.57,1.36,0,2,5,2,1,2,2,0,2,1,0.0,0.3562,0.5123,0.4709,0.0519,0.1515,0.0743,0.0,0.0496,0.0202,6,5,1,0,2,2,1,0,0,0,0.5426,0.8686,0.0519,0.0,0.0445,0.1303,0.0491,0.0,0.0,0.0,10,7,18.11,15.85
4087146,2023-04-28,arg,2023,Liga Profesional,14,Luis Lobo Medina,10086,Argentinos Juniors,10201,Newell's Old Boys,0,0,0,51,49,7,10,3,3,2,5,2,2,0,0,6,6,1,4,3,7,2,1,2,1,,,12,14,4,3,0,0,4,1,21,14,11,13,2,2,10,15,3,3,66,64,41.0,41.0,25.0,23.0,6.0,16.0,419,406,300.0,305.0,181,168,119,137,24.0,25.0,5.0,4.0,1.0,0.69,0.87,0.59,0.13,0.09,1.0,0.69,1.36,0.57,2,0,2,5,2,1,0,2,1,2,0.3562,0.0,0.4709,0.5123,0.1515,0.0519,0.0,0.0743,0.0202,0.0496,5,6,0,1,2,2,0,1,0,0,0.8686,0.5426,0.0,0.0519,0.1303,0.0445,0.0,0.0491,0.0,0.0,7,10,15.85,18.11
4087132,2023-04-29,arg,2023,Liga Profesional,14,Hernán Mastrángelo,10079,Velez Sarsfield,10083,San Lorenzo,1,0,0,56,44,8,13,4,3,2,5,2,5,0,0,1,6,7,7,3,7,0,2,0,2,,,10,11,4,4,0,0,2,3,23,20,9,10,5,2,15,13,3,4,67,59,49.0,43.0,18.0,16.0,16.0,13.0,457,353,366.0,270.0,194,141,172,129,13.0,22.0,2.0,4.0,0.25,1.48,0.21,1.39,0.05,0.08,0.25,1.48,0.77,0.49,0,2,0,2,1,2,5,5,2,2,0.0,0.9195,0.0,0.356,0.0371,0.0461,0.1707,0.0987,0.0441,0.0559,6,9,0,0,1,1,1,3,0,0,0.2052,1.3941,0.0,0.0,0.0176,0.0128,0.029,0.0692,0.0,0.0,8,13,24.4,20.24
4087132,2023-04-29,arg,2023,Liga Profesional,14,Hernán Mastrángelo,10083,San Lorenzo,10079,Velez Sarsfield,0,0,0,44,56,13,8,3,4,5,2,5,2,0,0,6,1,7,7,7,3,2,0,2,0,,,11,10,4,4,0,0,3,2,20,23,10,9,2,5,13,15,4,3,59,67,43.0,49.0,16.0,18.0,13.0,16.0,353,457,270.0,366.0,141,194,129,172,22.0,13.0,4.0,2.0,1.48,0.25,1.39,0.21,0.08,0.05,1.48,0.25,0.49,0.77,2,0,2,0,2,1,5,5,2,2,0.9195,0.0,0.356,0.0,0.0461,0.0371,0.0987,0.1707,0.0559,0.0441,9,6,0,0,1,1,3,1,0,0,1.3941,0.2052,0.0,0.0,0.0128,0.0176,0.0692,0.029,0.0,0.0,13,8,20.24,24.4
4087134,2023-04-29,arg,2023,Liga Profesional,14,Diego Ceballos,10087,Banfield,213534,Barracas Central,1,0,0,59,41,6,8,1,3,4,4,1,1,0,1,3,6,3,2,1,2,0,2,0,2,,,13,17,1,1,0,0,7,3,8,14,14,13,1,1,9,16,3,1,69,60,36.0,31.0,33.0,29.0,13.0,5.0,430,298,304.0,171.0,193,82,111,89,25.0,24.0,3.0,2.0,0.31,1.09,0.27,0.95,0.04,0.14,0.31,1.09,0.02,1.24,0,1,3,3,0,2,1,2,2,0,0.0,0.3686,0.2475,0.5313,0.0,0.2074,0.0252,0.0282,0.0362,0.0,5,5,0,2,1,0,0,1,0,0,0.2672,0.5331,0.0,0.4645,0.0418,0.0,0.0,0.138,0.0,0.0,6,8,19.59,20.27
4087134,2023-04-29,arg,2023,Liga Profesional,14,Diego Ceballos,213534,Barracas Central,10087,Banfield,0,0,0,41,59,8,6,3,1,4,4,1,1,1,0,6,3,2,3,2,1,2,0,2,0,,,17,13,1,1,0,0,3,7,14,8,13,14,1,1,16,9,1,3,60,69,31.0,36.0,29.0,33.0,5.0,13.0,298,430,171.0,304.0,82,193,89,111,24.0,25.0,2.0,3.0,1.09,0.31,0.95,0.27,0.14,0.04,1.09,0.31,1.24,0.02,1,0,3,3,2,0,2,1,0,2,0.3686,0.0,0.5313,0.2475,0.2074,0.0,0.0282,0.0252,0.0,0.0362,5,5,2,0,0,1,1,0,0,0,0.5331,0.2672,0.4645,0.0,0.0,0.0418,0.138,0.0,0.0,0.0,8,6,20.27,19.59
4087135,2023-04-29,arg,2023,Liga Profesional,14,Facundo Raúl Tello Figueroa,10090,Instituto,213596,Central Cordoba de Santiago,1,0,2,61,39,22,7,4,2,12,2,6,3,1,0,15,4,7,3,6,1,1,2,1,1,,,6,14,4,3,0,0,0,3,10,14,9,11,3,5,15,35,0,4,59,42,30.0,20.0,29.0,22.0,7.0,1.0,444,301,339.0,178.0,146,73,193,105,35.0,31.0,12.0,1.0,1.93,0.96,1.55,0.85,0.38,0.11,1.93,0.96,0.47,1.44,1,1,12,3,2,0,5,1,2,2,0.3465,0.5752,1.1922,0.2918,0.0568,0.0,0.2347,0.0557,0.1026,0.0368,15,5,0,0,5,0,2,2,0,0,1.5545,0.8519,0.0,0.0,0.2762,0.0,0.1021,0.1077,0.0,0.0,22,7,14.35,18.52
4087135,2023-04-29,arg,2023,Liga Profesional,14,Facundo Raúl Tello Figueroa,213596,Central Cordoba de Santiago,10090,Instituto,0,2,0,39,61,7,22,2,4,2,12,3,6,0,1,4,15,3,7,1,6,2,1,1,1,,,14,6,3,4,0,0,3,0,14,10,11,9,5,3,35,15,4,0,42,59,20.0,30.0,22.0,29.0,1.0,7.0,301,444,178.0,339.0,73,146,105,193,31.0,35.0,1.0,12.0,0.96,1.93,0.85,1.55,0.11,0.38,0.96,1.93,1.44,0.47,1,1,3,12,0,2,1,5,2,2,0.5752,0.3465,0.2918,1.1922,0.0,0.0568,0.0557,0.2347,0.0368,0.1026,5,15,0,0,0,5,2,2,0,0,0.8519,1.5545,0.0,0.0,0.0,0.2762,0.1077,0.1021,0.0,0.0,7,22,18.52,14.35
4087145,2023-04-29,arg,2023,Liga Profesional,14,Jorge Ignacio Baliño,10103,Gimnasia LP,89396,Tigre,1,1,1,39,61,5,14,4,8,1,5,0,1,0,0,4,9,1,5,3,5,3,4,2,3,,,8,7,1,2,0,0,3,2,36,21,12,9,0,0,28,16,7,3,62,61,51.0,39.0,11.0,22.0,8.0,11.0,311,485,209.0,396.0,96,217,113,179,25.0,38.0,1.0,7.0,0.94,1.65,0.83,1.6,0.1,0.06,0.94,1.65,1.51,1.04,0,1,3,7,1,1,0,4,1,1,0.0,0.6238,0.6963,0.7408,0.1952,0.1117,0.0,0.2036,0.045,0.021,3,13,1,0,1,1,0,0,0,0,0.7897,1.6458,0.045,0.0,0.1018,0.0551,0.0,0.0,0.0,0.0,5,14,16.32,16.09
4087145,2023-04-29,arg,2023,Liga Profesional,14,Jorge Ignacio Baliño,89396,Tigre,10103,Gimnasia LP,0,1,1,61,39,14,5,8,4,5,1,1,0,0,0,9,4,5,1,5,3,4,3,3,2,,,7,8,2,1,0,0,2,3,21,36,9,12,0,0,16,28,3,7,61,62,39.0,51.0,22.0,11.0,11.0,8.0,485,311,396.0,209.0,217,96,179,113,38.0,25.0,7.0,1.0,1.65,0.94,1.6,0.83,0.06,0.1,1.65,0.94,1.04,1.51,1,0,7,3,1,1,4,0,1,1,0.6238,0.0,0.7408,0.6963,0.1117,0.1952,0.2036,0.0,0.021,0.045,13,3,0,1,1,1,0,0,0,0,1.6458,0.7897,0.0,0.045,0.0551,0.1018,0.0,0.0,0.0,0.0,14,5,16.09,16.32
4087148,2023-04-29,arg,2023,Liga Profesional,14,Fernando Andrés Rapallini,161727,Atletico Tucuman,10076,River Plate,1,1,1,36,64,13,6,2,3,7,2,4,1,0,0,7,2,6,4,5,6,2,0,2,0,,,15,12,3,3,0,1,5,2,23,12,11,8,1,4,35,20,3,1,74,60,56.0,38.0,18.0,22.0,22.0,14.0,276,501,188.0,411.0,85,196,103,215,24.0,28.0,5.0,5.0,1.15,0.27,0.9,0.06,0.25,0.21,1.15,0.27,0.22,0.56,1,0,2,1,4,1,2,3,4,1,0.0828,0.0,0.2299,0.029,0.6462,0.0104,0.0521,0.2037,0.1392,0.0258,9,2,2,0,1,1,1,3,0,0,0.7999,0.0594,0.1011,0.0,0.0828,0.027,0.1664,0.1825,0.0,0.0,13,6,21.51,18.25
4087148,2023-04-29,arg,2023,Liga Profesional,14,Fernando Andrés Rapallini,10076,River Plate,161727,Atletico Tucuman,0,1,1,64,36,6,13,3,2,2,7,1,4,0,0,2,7,4,6,6,5,0,2,0,2,,,12,15,3,3,1,0,2,5,12,23,8,11,4,1,20,35,1,3,60,74,38.0,56.0,22.0,18.0,14.0,22.0,501,276,411.0,188.0,196,85,215,103,28.0,24.0,5.0,5.0,0.27,1.15,0.06,0.9,0.21,0.25,0.27,1.15,0.56,0.22,0,1,1,2,1,4,3,2,1,4,0.0,0.0828,0.029,0.2299,0.0104,0.6462,0.2037,0.0521,0.0258,0.1392,2,9,0,2,1,1,3,1,0,0,0.0594,0.7999,0.0,0.1011,0.027,0.0828,0.1825,0.1664,0.0,0.0,6,13,18.25,21.51
4087133,2023-04-30,arg,2023,Liga Profesional,14,Fernando Echenique,161730,Defensa y Justicia,10088,Colon,1,2,0,49,51,16,6,8,1,6,4,2,1,0,0,9,2,7,4,6,4,3,0,2,0,,,14,13,1,2,0,0,0,5,15,16,9,10,1,2,27,23,1,6,41,54,35.0,43.0,6.0,11.0,7.0,13.0,428,437,326.0,335.0,168,191,158,144,36.0,26.0,9.0,2.0,1.63,0.21,1.46,0.12,0.17,0.09,1.63,0.21,2.14,0.16,1,0,5,2,3,0,6,1,1,3,0.2172,0.0,0.6086,0.0943,0.2898,0.0,0.5055,0.0524,0.0153,0.0625,10,3,3,0,2,1,1,2,0,0,1.0867,0.1168,0.377,0.0,0.0971,0.0217,0.0757,0.0708,0.0,0.0,16,6,17.96,21.75
4087133,2023-04-30,arg,2023,Liga Profesional,14,Fernando Echenique,10088,Colon,161730,Defensa y Justicia,0,0,2,51,49,6,16,1,8,4,6,1,2,0,0,2,9,4,7,4,6,0,3,0,2,,,13,14,2,1,0,0,5,0,16,15,10,9,2,1,23,27,6,1,54,41,43.0,35.0,11.0,6.0,13.0,7.0,437,428,335.0,326.0,191,168,144,158,26.0,36.0,2.0,9.0,0.21,1.63,0.12,1.46,0.09,0.17,0.21,1.63,0.16,2.14,0,1,2,5,0,3,1,6,3,1,0.0,0.2172,0.0943,0.6086,0.0,0.2898,0.0524,0.5055,0.0625,0.0153,3,10,0,3,1,2,2,1,0,0,0.1168,1.0867,0.0,0.377,0.0217,0.0971,0.0708,0.0757,0.0,0.0,6,16,21.75,17.96
4087139,2023-04-30,arg,2023,Liga Profesional,14,Yael Falcón Pérez,10101,Talleres,10084,Rosario Central,1,3,1,44,56,18,8,7,4,6,4,5,0,1,1,11,3,7,5,2,2,2,1,1,1,21,10,15,11,4,2,0,0,1,0,15,21,9,9,0,4,13,16,3,4,59,72,41.0,49.0,18.0,23.0,17.0,13.0,331,433,249.0,349.0,131,173,118,176,36.0,44.0,4.0,5.0,2.02,0.39,1.9,0.26,0.12,0.14,2.02,0.39,1.96,1.44,0,0,9,3,2,0,4,3,3,2,0.0,0.0,1.4206,0.1446,0.2065,0.0,0.3267,0.1923,0.0669,0.0571,16,5,1,0,1,1,0,2,0,0,1.416,0.2576,0.4839,0.0,0.1208,0.056,0.0,0.0804,0.0,0.0,18,8,16.57,19.23
4087139,2023-04-30,arg,2023,Liga Profesional,14,Yael Falcón Pérez,10084,Rosario Central,10101,Talleres,0,1,3,56,44,8,18,4,7,4,6,0,5,1,1,3,11,5,7,2,2,1,2,1,1,10,21,11,15,2,4,0,0,0,1,21,15,9,9,4,0,16,13,4,3,72,59,49.0,41.0,23.0,18.0,13.0,17.0,433,331,349.0,249.0,173,131,176,118,44.0,36.0,5.0,4.0,0.39,2.02,0.26,1.9,0.14,0.12,0.39,2.02,1.44,1.96,0,0,3,9,0,2,3,4,2,3,0.0,0.0,0.1446,1.4206,0.0,0.2065,0.1923,0.3267,0.0571,0.0669,5,16,0,1,1,1,2,0,0,0,0.2576,1.416,0.0,0.4839,0.056,0.1208,0.0804,0.0,0.0,0.0,8,18,19.23,16.57
4087140,2023-04-30,arg,2023,Liga Profesional,14,Andrés Merlos,10077,Boca Juniors,10080,Racing Club,1,3,1,36,64,8,10,6,4,2,3,0,3,0,0,6,6,2,4,4,6,5,1,3,1,,,14,9,2,2,1,1,4,1,12,16,6,6,3,0,23,20,3,3,40,45,32.0,36.0,8.0,9.0,11.0,7.0,245,441,172.0,362.0,86,161,86,201,22.0,24.0,2.0,5.0,0.94,0.5,0.87,0.37,0.07,0.13,0.94,0.5,2.51,1.02,0,0,3,6,3,0,1,2,1,2,0.0,0.0,0.6377,0.388,0.2633,0.0,0.0193,0.0762,0.0238,0.0347,5,7,1,0,1,1,1,2,0,0,0.5534,0.3689,0.3189,0.0,0.059,0.0193,0.0128,0.1107,0.0,0.0,8,10,17.76,17.88
4087140,2023-04-30,arg,2023,Liga Profesional,14,Andrés Merlos,10080,Racing Club,10077,Boca Juniors,0,1,3,64,36,10,8,4,6,3,2,3,0,0,0,6,6,4,2,6,4,1,5,1,3,,,9,14,2,2,1,1,1,4,16,12,6,6,0,3,20,23,3,3,45,40,36.0,32.0,9.0,8.0,7.0,11.0,441,245,362.0,172.0,161,86,201,86,24.0,22.0,5.0,2.0,0.5,0.94,0.37,0.87,0.13,0.07,0.5,0.94,1.02,2.51,0,0,6,3,0,3,2,1,2,1,0.0,0.0,0.388,0.6377,0.0,0.2633,0.0762,0.0193,0.0347,0.0238,7,5,0,1,1,1,2,1,0,0,0.3689,0.5534,0.0,0.3189,0.0193,0.059,0.1107,0.0128,0.0,0.0,10,8,17.88,17.76
4087147,2023-04-30,arg,2023,Liga Profesional,14,Darío Herrera,10078,Independiente,10092,Belgrano,1,2,0,42,58,12,9,7,2,4,4,1,3,0,0,8,7,4,2,3,3,6,0,4,0,,,18,12,1,4,0,0,3,3,22,14,15,6,3,1,14,14,2,5,58,55,43.0,38.0,15.0,17.0,12.0,8.0,286,397,187.0,286.0,66,174,121,112,18.0,41.0,3.0,5.0,2.57,0.37,0.84,0.16,0.15,0.21,0.99,0.37,2.85,0.05,0,0,7,4,1,3,1,0,3,2,0.0,0.0,2.3678,0.213,0.094,0.1165,0.018,0.0,0.0897,0.0387,6,5,1,0,2,1,1,3,2,0,0.744,0.1552,0.094,0.0,0.1164,0.0711,0.0383,0.1418,1.5768,0.0,12,9,17.7,17.18
4087147,2023-04-30,arg,2023,Liga Profesional,14,Darío Herrera,10092,Belgrano,10078,Independiente,0,0,2,58,42,9,12,2,7,4,4,3,1,0,0,7,8,2,4,3,3,0,6,0,4,,,12,18,4,1,0,0,3,3,14,22,6,15,1,3,14,14,5,2,55,58,38.0,43.0,17.0,15.0,8.0,12.0,397,286,286.0,187.0,174,66,112,121,41.0,18.0,5.0,3.0,0.37,2.57,0.16,0.84,0.21,0.15,0.37,0.99,0.05,2.85,0,0,4,7,3,1,0,1,2,3,0.0,0.0,0.213,2.3678,0.1165,0.094,0.0,0.018,0.0387,0.0897,5,6,0,1,1,2,3,1,0,2,0.1552,0.744,0.0,0.094,0.0711,0.1164,0.1418,0.0383,0.0,1.5768,9,12,17.18,17.7
4087119,2023-05-05,arg,2023,Liga Profesional,15,Nicolás Lamolina,213534,Barracas Central,10090,Instituto,1,3,0,37,63,11,13,5,5,5,4,1,4,1,0,9,10,2,3,8,11,4,4,2,4,,,13,12,2,2,0,0,0,1,13,28,11,6,4,1,30,23,5,2,65,76,45.0,51.0,20.0,25.0,20.0,12.0,219,378,121.0,259.0,55,103,66,156,16.0,30.0,4.0,14.0,1.31,1.73,0.34,0.04,0.19,1.69,0.52,1.73,2.08,2.35,1,4,5,6,3,0,1,2,1,1,0.1472,1.265,1.051,0.4814,0.1027,0.0,0.0071,0.1154,0.0068,0.0744,5,1,0,0,2,6,3,6,1,0,0.3351,0.0397,0.0,0.0,0.0139,1.3348,0.1773,0.5617,0.7884,0.0,11,13,14.77,11.89
4087119,2023-05-05,arg,2023,Liga Profesional,15,Nicolás Lamolina,10090,Instituto,213534,Barracas Central,0,0,3,63,37,13,11,5,5,4,5,4,1,0,1,10,9,3,2,11,8,4,4,4,2,,,12,13,2,2,0,0,1,0,28,13,6,11,1,4,23,30,2,5,76,65,51.0,45.0,25.0,20.0,12.0,20.0,378,219,259.0,121.0,103,55,156,66,30.0,16.0,14.0,4.0,1.73,1.31,0.04,0.34,1.69,0.19,1.73,0.52,2.35,2.08,4,1,6,5,0,3,2,1,1,1,1.265,0.1472,0.4814,1.051,0.0,0.1027,0.1154,0.0071,0.0744,0.0068,1,5,0,0,6,2,6,3,0,1,0.0397,0.3351,0.0,0.0,1.3348,0.0139,0.5617,0.1773,0.0,0.7884,13,11,11.89,14.77
4087130,2023-05-05,arg,2023,Liga Profesional,15,Nazareno Arasa,10227,Godoy Cruz,10096,Union,1,0,0,55,45,20,11,4,4,12,3,4,4,0,0,9,4,11,7,6,5,0,1,0,1,24,15,15,14,3,2,0,0,2,1,20,31,10,2,4,4,15,26,4,4,60,71,45.0,60.0,15.0,11.0,13.0,15.0,394,312,297.0,210.0,149,118,148,92,31.0,20.0,4.0,3.0,1.18,0.63,0.82,0.55,0.35,0.09,1.18,0.63,0.19,0.34,1,0,7,3,1,1,4,2,7,5,0.2594,0.0,0.6763,0.2409,0.0275,0.1714,0.101,0.1292,0.1133,0.0933,15,8,1,0,3,2,1,1,0,0,0.529,0.5495,0.2941,0.0,0.3421,0.0735,0.0124,0.0118,0.0,0.0,20,11,20.58,21.89
4087130,2023-05-05,arg,2023,Liga Profesional,15,Nazareno Arasa,10096,Union,10227,Godoy Cruz,0,0,0,45,55,11,20,4,4,3,12,4,4,0,0,4,9,7,11,5,6,1,0,1,0,15,24,14,15,2,3,0,0,1,2,31,20,2,10,4,4,26,15,4,4,71,60,60.0,45.0,11.0,15.0,15.0,13.0,312,394,210.0,297.0,118,149,92,148,20.0,31.0,3.0,4.0,0.63,1.18,0.55,0.82,0.09,0.35,0.63,1.18,0.34,0.19,0,1,3,7,1,1,2,4,5,7,0.0,0.2594,0.2409,0.6763,0.1714,0.0275,0.1292,0.101,0.0933,0.1133,8,15,0,1,2,3,1,1,0,0,0.5495,0.529,0.0,0.2941,0.0735,0.3421,0.0118,0.0124,0.0,0.0,11,20,21.89,20.58
4087115,2023-05-06,arg,2023,Liga Profesional,15,Andrés Merlos,10092,Belgrano,161727,Atletico Tucuman,1,1,0,35,65,11,19,4,4,3,9,4,6,0,1,6,9,5,10,3,4,3,1,2,1,,,6,11,1,3,1,0,1,1,10,16,11,9,5,4,34,10,4,3,37,35,26.0,27.0,11.0,8.0,5.0,5.0,275,488,200.0,407.0,105,143,95,264,37.0,39.0,4.0,12.0,0.81,1.46,0.36,1.42,0.45,0.04,0.81,1.46,0.75,0.43,1,1,5,7,0,1,4,5,1,5,0.1598,0.3369,0.4752,0.6721,0.0,0.0654,0.1667,0.2225,0.0137,0.1587,7,17,0,1,4,0,0,1,0,0,0.3607,1.2433,0.0,0.1773,0.4547,0.0,0.0,0.0351,0.0,0.0,11,19,17.16,20.23
4087115,2023-05-06,arg,2023,Liga Profesional,15,Andrés Merlos,161727,Atletico Tucuman,10092,Belgrano,0,0,1,65,35,19,11,4,4,9,3,6,4,1,0,9,6,10,5,4,3,1,3,1,2,,,11,6,3,1,0,1,1,1,16,10,9,11,4,5,10,34,3,4,35,37,27.0,26.0,8.0,11.0,5.0,5.0,488,275,407.0,200.0,143,105,264,95,39.0,37.0,12.0,4.0,1.46,0.81,1.42,0.36,0.04,0.45,1.46,0.81,0.43,0.75,1,1,7,5,1,0,5,4,5,1,0.3369,0.1598,0.6721,0.4752,0.0654,0.0,0.2225,0.1667,0.1587,0.0137,17,7,1,0,0,4,1,0,0,0,1.2433,0.3607,0.1773,0.0,0.0,0.4547,0.0351,0.0,0.0,0.0,19,11,20.23,17.16
4087116,2023-05-06,arg,2023,Liga Profesional,15,Nicolás Ramírez,10086,Argentinos Juniors,10078,Independiente,1,2,2,67,33,19,14,7,4,8,8,4,2,1,0,14,10,5,4,8,3,5,4,3,2,,,12,19,4,3,0,0,2,0,10,15,5,13,2,4,22,31,2,5,66,56,40.0,35.0,26.0,21.0,11.0,9.0,462,225,352.0,127.0,194,58,158,69,26.0,16.0,7.0,3.0,3.1,2.74,1.69,1.78,0.62,0.17,2.31,1.95,2.92,1.81,2,1,11,7,1,2,3,2,2,2,0.8849,0.8214,2.1585,1.6066,0.041,0.2038,0.096,0.0609,0.0501,0.0427,13,9,0,0,4,1,1,3,1,1,1.8232,1.7772,0.0,0.0,0.5911,0.0721,0.0279,0.0976,0.7884,0.7884,19,14,13.93,15.71
4087116,2023-05-06,arg,2023,Liga Profesional,15,Nicolás Ramírez,10078,Independiente,10086,Argentinos Juniors,0,2,2,33,67,14,19,4,7,8,8,2,4,0,1,10,14,4,5,3,8,4,5,2,3,,,19,12,3,4,0,0,0,2,15,10,13,5,4,2,31,22,5,2,56,66,35.0,40.0,21.0,26.0,9.0,11.0,225,462,127.0,352.0,58,194,69,158,16.0,26.0,3.0,7.0,2.74,3.1,1.78,1.69,0.17,0.62,1.95,2.31,1.81,2.92,1,2,7,11,2,1,2,3,2,2,0.8214,0.8849,1.6066,2.1585,0.2038,0.041,0.0609,0.096,0.0427,0.0501,9,13,0,0,1,4,3,1,1,1,1.7772,1.8232,0.0,0.0,0.0721,0.5911,0.0976,0.0279,0.7884,0.7884,14,19,15.71,13.93
4087118,2023-05-06,arg,2023,Liga Profesional,15,Pablo Echavarría,10088,Colon,10087,Banfield,1,2,0,36,64,12,17,5,3,3,7,4,7,0,1,7,9,5,8,5,4,1,1,1,1,,,16,8,2,1,0,0,1,1,25,16,8,10,7,4,39,16,3,3,77,58,46.0,46.0,31.0,12.0,15.0,14.0,259,461,156.0,348.0,75,182,81,166,22.0,19.0,3.0,6.0,0.88,1.18,0.55,0.84,0.33,0.34,0.88,1.18,1.19,0.29,0,1,3,5,4,3,2,4,3,4,0.0,0.097,0.3914,0.5,0.2985,0.3047,0.1218,0.119,0.0651,0.157,7,12,1,1,2,1,2,3,0,0,0.5157,0.7222,0.0337,0.1176,0.0314,0.0187,0.296,0.3191,0.0,0.0,12,17,18.62,19.19
4087118,2023-05-06,arg,2023,Liga Profesional,15,Pablo Echavarría,10087,Banfield,10088,Colon,0,0,2,64,36,17,12,3,5,7,3,7,4,1,0,9,7,8,5,4,5,1,1,1,1,,,8,16,1,2,0,0,1,1,16,25,10,8,4,7,16,39,3,3,58,77,46.0,46.0,12.0,31.0,14.0,15.0,461,259,348.0,156.0,182,75,166,81,19.0,22.0,6.0,3.0,1.18,0.88,0.84,0.55,0.34,0.33,1.18,0.88,0.29,1.19,1,0,5,3,3,4,4,2,4,3,0.097,0.0,0.5,0.3914,0.3047,0.2985,0.119,0.1218,0.157,0.0651,12,7,1,1,1,2,3,2,0,0,0.7222,0.5157,0.1176,0.0337,0.0187,0.0314,0.3191,0.296,0.0,0.0,17,12,19.19,18.62
4087129,2023-05-06,arg,2023,Liga Profesional,15,Fernando Andrés Rapallini,10082,Lanus,10081,Huracan,1,1,0,46,54,12,10,4,2,6,6,2,2,0,0,7,6,5,4,4,7,1,1,0,1,,,9,8,3,2,0,0,1,1,19,25,7,9,2,2,34,15,2,3,49,63,34.0,49.0,15.0,14.0,8.0,15.0,400,439,307.0,340.0,142,157,165,183,33.0,35.0,5.0,10.0,0.78,0.65,0.32,0.46,0.46,0.19,0.78,0.65,0.76,0.24,1,0,4,5,2,1,3,2,2,2,0.0617,0.0,0.4781,0.4439,0.0655,0.0284,0.1133,0.084,0.0613,0.0922,6,8,1,0,5,2,0,0,0,0,0.276,0.455,0.0447,0.0,0.4591,0.1934,0.0,0.0,0.0,0.0,12,10,18.53,16.29
4087129,2023-05-06,arg,2023,Liga Profesional,15,Fernando Andrés Rapallini,10081,Huracan,10082,Lanus,0,0,1,54,46,10,12,2,4,6,6,2,2,0,0,6,7,4,5,7,4,1,1,1,0,,,8,9,2,3,0,0,1,1,25,19,9,7,2,2,15,34,3,2,63,49,49.0,34.0,14.0,15.0,15.0,8.0,439,400,340.0,307.0,157,142,183,165,35.0,33.0,10.0,5.0,0.65,0.78,0.46,0.32,0.19,0.46,0.65,0.78,0.24,0.76,0,1,5,4,1,2,2,3,2,2,0.0,0.0617,0.4439,0.4781,0.0284,0.0655,0.084,0.1133,0.0922,0.0613,8,6,0,1,2,5,0,0,0,0,0.455,0.276,0.0,0.0447,0.1934,0.4591,0.0,0.0,0.0,0.0,10,12,16.29,18.53
4087112,2023-05-07,arg,2023,Liga Profesional,15,Fernando Espinoza,10084,Rosario Central,10089,Club Atletico Platense,1,4,0,52,48,10,14,7,3,2,6,1,5,0,0,6,2,4,12,6,3,4,0,1,0,,,7,9,4,2,0,0,3,2,17,13,5,11,5,1,26,17,3,3,62,39,41.0,30.0,21.0,9.0,15.0,11.0,327,292,241.0,217.0,113,82,128,135,16.0,15.0,2.0,4.0,2.14,0.4,1.31,0.3,0.04,0.1,1.35,0.4,3.89,0.11,1,0,3,0,2,2,4,9,0,3,0.2481,0.0,1.3357,0.0,0.4403,0.0723,0.1113,0.2543,0.0,0.0754,5,12,2,0,2,0,0,2,1,0,0.8693,0.3624,0.4403,0.0,0.0374,0.0,0.0,0.0395,0.7884,0.0,10,14,18.94,23.95
4087112,2023-05-07,arg,2023,Liga Profesional,15,Fernando Espinoza,10089,Club Atletico Platense,10084,Rosario Central,0,0,4,48,52,14,10,3,7,6,2,5,1,0,0,2,6,12,4,3,6,0,4,0,1,,,9,7,2,4,0,0,2,3,13,17,11,5,1,5,17,26,3,3,39,62,30.0,41.0,9.0,21.0,11.0,15.0,292,327,217.0,241.0,82,113,135,128,15.0,16.0,4.0,2.0,0.4,2.14,0.3,1.31,0.1,0.04,0.4,1.35,0.11,3.89,0,1,0,3,2,2,9,4,3,0,0.0,0.2481,0.0,1.3357,0.0723,0.4403,0.2543,0.1113,0.0754,0.0,12,5,0,2,0,2,2,0,0,1,0.3624,0.8693,0.0,0.4403,0.0,0.0374,0.0395,0.0,0.0,0.7884,14,10,23.95,18.94
4087114,2023-05-07,arg,2023,Liga Profesional,15,Darío Herrera,10076,River Plate,10077,Boca Juniors,1,1,0,60,40,16,5,5,2,6,2,5,1,1,0,8,0,8,5,8,0,1,0,0,0,,,17,22,5,4,3,3,3,1,25,18,4,14,1,4,9,23,2,4,73,55,57.0,46.0,16.0,9.0,10.0,11.0,483,337,391.0,244.0,167,158,224,86,23.0,19.0,5.0,0.0,1.66,0.15,0.7,0.09,0.17,0.06,0.87,0.15,1.77,0.63,0,0,5,0,3,0,6,4,2,1,0.0,0.0,1.2011,0.0,0.1678,0.0,0.2003,0.1347,0.088,0.0159,11,4,0,0,2,0,2,1,1,0,0.7011,0.0867,0.0,0.0,0.0386,0.0,0.1291,0.0638,0.7884,0.0,16,5,19.47,28.59
4087114,2023-05-07,arg,2023,Liga Profesional,15,Darío Herrera,10077,Boca Juniors,10076,River Plate,0,0,1,40,60,5,16,2,5,2,6,1,5,0,1,0,8,5,8,0,8,0,1,0,0,,,22,17,4,5,3,3,1,3,18,25,14,4,4,1,23,9,4,2,55,73,46.0,57.0,9.0,16.0,11.0,10.0,337,483,244.0,391.0,158,167,86,224,19.0,23.0,0.0,5.0,0.15,1.66,0.09,0.7,0.06,0.17,0.15,0.87,0.63,1.77,0,0,0,5,0,3,4,6,1,2,0.0,0.0,0.0,1.2011,0.0,0.1678,0.1347,0.2003,0.0159,0.088,4,11,0,0,0,2,1,2,0,1,0.0867,0.7011,0.0,0.0,0.0,0.0386,0.0638,0.1291,0.0,0.7884,5,16,28.59,19.47
4087110,2023-05-08,arg,2023,Liga Profesional,15,Pablo Dóvalo,10083,San Lorenzo,161730,Defensa y Justicia,1,0,0,47,53,11,5,3,0,7,4,1,1,0,0,7,3,4,2,9,0,0,1,0,1,21,10,7,11,1,2,0,1,3,8,13,17,6,7,1,2,7,21,0,2,59,58,39.0,37.0,20.0,21.0,15.0,13.0,364,430,283.0,364.0,133,207,150,157,36.0,30.0,5.0,1.0,0.47,0.33,0.14,0.28,0.34,0.05,0.47,0.33,0.45,0.0,0,0,5,2,2,1,1,1,3,1,0.0,0.0,0.2248,0.2106,0.1242,0.0473,0.0273,0.0178,0.097,0.0544,1,4,1,0,5,0,4,1,0,0,0.0273,0.2756,0.108,0.0,0.0882,0.0,0.2498,0.0544,0.0,0.0,11,5,17.28,20.12
4087110,2023-05-08,arg,2023,Liga Profesional,15,Pablo Dóvalo,161730,Defensa y Justicia,10083,San Lorenzo,0,0,0,53,47,5,11,0,3,4,7,1,1,0,0,3,7,2,4,0,9,1,0,1,0,10,21,11,7,2,1,1,0,8,3,17,13,7,6,2,1,21,7,2,0,58,59,37.0,39.0,21.0,20.0,13.0,15.0,430,364,364.0,283.0,207,133,157,150,30.0,36.0,1.0,5.0,0.33,0.47,0.28,0.14,0.05,0.34,0.33,0.47,0.0,0.45,0,0,2,5,1,2,1,1,1,3,0.0,0.0,0.2106,0.2248,0.0473,0.1242,0.0178,0.0273,0.0544,0.097,4,1,0,1,0,5,1,4,0,0,0.2756,0.0273,0.0,0.108,0.0,0.0882,0.0544,0.2498,0.0,0.0,5,11,20.12,17.28
4087111,2023-05-08,arg,2023,Liga Profesional,15,Ariel Penel,10094,Estudiantes,10079,Velez Sarsfield,1,2,0,55,45,17,8,6,2,7,3,4,3,2,0,10,4,7,4,5,6,2,1,2,1,21,10,14,15,2,3,0,0,1,1,15,9,22,7,3,3,17,17,2,4,67,49,39.0,30.0,28.0,19.0,10.0,8.0,415,334,305.0,231.0,159,120,146,111,24.0,23.0,7.0,3.0,0.95,0.8,0.34,0.63,0.61,0.17,0.95,0.8,0.87,0.28,1,0,8,3,1,1,4,3,3,1,0.1762,0.0,0.4802,0.6572,0.0527,0.0162,0.1736,0.1137,0.0707,0.0139,6,3,2,1,4,2,5,2,0,0,0.1934,0.2042,0.1489,0.4306,0.2885,0.0316,0.3227,0.1347,0.0,0.0,17,8,18.04,19.73
4087111,2023-05-08,arg,2023,Liga Profesional,15,Ariel Penel,10079,Velez Sarsfield,10094,Estudiantes,0,0,2,45,55,8,17,2,6,3,7,3,4,0,2,4,10,4,7,6,5,1,2,1,2,10,21,15,14,3,2,0,0,1,1,9,15,7,22,3,3,17,17,4,2,49,67,30.0,39.0,19.0,28.0,8.0,10.0,334,415,231.0,305.0,120,159,111,146,23.0,24.0,3.0,7.0,0.8,0.95,0.63,0.34,0.17,0.61,0.8,0.95,0.28,0.87,0,1,3,8,1,1,3,4,1,3,0.0,0.1762,0.6572,0.4802,0.0162,0.0527,0.1137,0.1736,0.0139,0.0707,3,6,1,2,2,4,2,5,0,0,0.2042,0.1934,0.4306,0.1489,0.0316,0.2885,0.1347,0.3227,0.0,0.0,8,17,19.73,18.04
4087113,2023-05-08,arg,2023,Liga Profesional,15,Facundo Raúl Tello Figueroa,10080,Racing Club,10101,Talleres,1,2,4,64,36,12,18,5,8,6,8,1,2,0,2,10,14,2,4,5,4,2,10,2,7,20,20,10,8,3,0,0,0,6,1,14,17,8,9,4,1,8,36,2,4,43,57,34.0,35.0,9.0,22.0,13.0,10.0,519,297,415.0,196.0,205,105,210,91,21.0,33.0,4.0,2.0,1.16,4.19,0.91,2.77,0.25,0.63,1.16,3.41,1.55,2.92,0,4,8,7,2,3,1,3,1,1,0.0,1.6039,1.0174,1.5653,0.069,0.8577,0.0389,0.2421,0.0336,0.0359,9,9,0,5,2,1,1,2,0,1,0.9111,2.1938,0.0,0.6919,0.2142,0.0794,0.0336,0.5514,0.0,0.7884,12,18,15.4,14.41
4087113,2023-05-08,arg,2023,Liga Profesional,15,Facundo Raúl Tello Figueroa,10101,Talleres,10080,Racing Club,0,4,2,36,64,18,12,8,5,8,6,2,1,2,0,14,10,4,2,4,5,10,2,7,2,20,20,8,10,0,3,0,0,1,6,17,14,9,8,1,4,36,8,4,2,57,43,35.0,34.0,22.0,9.0,10.0,13.0,297,519,196.0,415.0,105,205,91,210,33.0,21.0,2.0,4.0,4.19,1.16,2.77,0.91,0.63,0.25,3.41,1.16,2.92,1.55,4,0,7,8,3,2,3,1,1,1,1.6039,0.0,1.5653,1.0174,0.8577,0.069,0.2421,0.0389,0.0359,0.0336,9,9,5,0,1,2,2,1,1,0,2.1938,0.9111,0.6919,0.0,0.0794,0.2142,0.5514,0.0336,0.7884,0.0,18,12,14.41,15.4
4087117,2023-05-08,arg,2023,Liga Profesional,15,Sebastían Zunino,89396,Tigre,10201,Newell's Old Boys,1,2,2,32,68,9,15,3,6,3,6,3,3,0,1,6,7,3,8,1,5,1,1,0,0,10,23,9,12,2,4,0,1,0,1,19,16,9,8,3,3,24,4,4,1,51,50,35.0,36.0,16.0,14.0,4.0,11.0,266,555,181.0,469.0,115,247,66,222,22.0,39.0,3.0,3.0,1.2,1.1,0.3,0.91,0.12,0.19,0.41,1.1,1.12,1.18,0,0,4,6,2,1,1,3,2,5,0.0,0.0,0.9172,0.7545,0.1812,0.0807,0.0442,0.1567,0.0607,0.1199,2,11,2,2,1,1,3,1,1,0,0.1084,0.8749,0.1885,0.1319,0.0301,0.0189,0.0879,0.0862,0.7884,0.0,9,15,18.89,20.0
4087117,2023-05-08,arg,2023,Liga Profesional,15,Sebastían Zunino,10201,Newell's Old Boys,89396,Tigre,0,2,2,68,32,15,9,6,3,6,3,3,3,1,0,7,6,8,3,5,1,1,1,0,0,23,10,12,9,4,2,1,0,1,0,16,19,8,9,3,3,4,24,1,4,50,51,36.0,35.0,14.0,16.0,11.0,4.0,555,266,469.0,181.0,247,115,222,66,39.0,22.0,3.0,3.0,1.1,1.2,0.91,0.3,0.19,0.12,1.1,0.41,1.18,1.12,0,0,6,4,1,2,3,1,5,2,0.0,0.0,0.7545,0.9172,0.0807,0.1812,0.1567,0.0442,0.1199,0.0607,11,2,2,2,1,1,1,3,0,1,0.8749,0.1084,0.1319,0.1885,0.0189,0.0301,0.0862,0.0879,0.0,0.7884,15,9,20.0,18.89
4087128,2023-05-08,arg,2023,Liga Profesional,15,Sebastián Nicolás Martínez,10098,Arsenal Sarandi,10103,Gimnasia LP,1,0,1,53,47,7,15,0,5,6,8,1,2,0,0,5,8,2,7,3,4,1,1,1,1,16,19,15,8,5,1,0,0,4,0,20,15,7,11,2,1,28,28,4,0,61,64,37.0,41.0,24.0,23.0,9.0,11.0,354,312,248.0,207.0,118,89,130,118,28.0,32.0,7.0,9.0,0.44,0.71,0.28,0.34,0.17,0.37,0.44,0.71,0.0,1.8,0,0,4,8,1,0,1,6,1,1,0.0,0.0,0.3216,0.4976,0.0306,0.0,0.0598,0.1651,0.0324,0.0431,3,9,0,0,1,2,3,4,0,0,0.2781,0.3376,0.0,0.0,0.0618,0.1335,0.1045,0.2347,0.0,0.0,7,15,16.28,17.91
4087128,2023-05-08,arg,2023,Liga Profesional,15,Sebastián Nicolás Martínez,10103,Gimnasia LP,10098,Arsenal Sarandi,0,1,0,47,53,15,7,5,0,8,6,2,1,0,0,8,5,7,2,4,3,1,1,1,1,19,16,8,15,1,5,0,0,0,4,15,20,11,7,1,2,28,28,0,4,64,61,41.0,37.0,23.0,24.0,11.0,9.0,312,354,207.0,248.0,89,118,118,130,32.0,28.0,9.0,7.0,0.71,0.44,0.34,0.28,0.37,0.17,0.71,0.44,1.8,0.0,0,0,8,4,0,1,6,1,1,1,0.0,0.0,0.4976,0.3216,0.0,0.0306,0.1651,0.0598,0.0431,0.0324,9,3,0,0,2,1,4,3,0,0,0.3376,0.2781,0.0,0.0,0.1335,0.0618,0.2347,0.1045,0.0,0.0,15,7,17.91,16.28
4087141,2023-05-09,arg,2023,Liga Profesional,15,Jorge Ignacio Baliño,213596,Central Cordoba de Santiago,202757,Sarmiento,1,0,1,64,36,24,17,5,3,14,8,5,6,1,2,11,10,13,7,7,4,5,3,5,3,32,20,7,12,2,1,0,0,0,2,18,25,6,14,6,5,14,52,2,5,72,66,41.0,43.0,31.0,23.0,13.0,11.0,520,295,412.0,189.0,182,76,230,113,35.0,28.0,9.0,7.0,2.66,1.81,1.42,1.05,1.24,0.76,2.66,1.81,0.77,0.76,1,1,8,9,2,0,9,4,4,3,0.7367,0.5022,1.2218,1.2082,0.2313,0.0,0.3642,0.0756,0.0652,0.0575,18,13,1,1,4,2,1,1,0,0,1.3078,0.7733,0.0761,0.3077,0.9136,0.2603,0.3217,0.5022,0.0,0.0,24,17,18.69,17.51
4087141,2023-05-09,arg,2023,Liga Profesional,15,Jorge Ignacio Baliño,202757,Sarmiento,213596,Central Cordoba de Santiago,0,1,0,36,64,17,24,3,5,8,14,6,5,2,1,10,11,7,13,4,7,3,5,3,5,20,32,12,7,1,2,0,0,2,0,25,18,14,6,5,6,52,14,5,2,66,72,43.0,41.0,23.0,31.0,11.0,13.0,295,520,189.0,412.0,76,182,113,230,28.0,35.0,7.0,9.0,1.81,2.66,1.05,1.42,0.76,1.24,1.81,2.66,0.76,0.77,1,1,9,8,0,2,4,9,3,4,0.5022,0.7367,1.2082,1.2218,0.0,0.2313,0.0756,0.3642,0.0575,0.0652,13,18,1,1,2,4,1,1,0,0,0.7733,1.3078,0.3077,0.0761,0.2603,0.9136,0.5022,0.3217,0.0,0.0,17,24,17.51,18.69
4087177,2023-05-12,arg,2023,Liga Profesional,16,Nicolás Lamolina,10081,Huracan,10227,Godoy Cruz,1,0,0,45,55,9,5,3,2,5,2,1,1,0,0,4,4,5,1,2,3,0,1,0,1,,,11,19,0,2,1,0,2,3,25,15,11,7,1,1,10,23,2,3,78,69,54.0,45.0,24.0,24.0,14.0,19.0,326,412,233.0,307.0,134,149,99,158,22.0,27.0,2.0,2.0,0.37,0.74,0.25,0.74,0.12,0.0,0.37,0.74,0.24,0.31,0,0,2,1,2,3,4,1,1,0,0.0,0.0,0.1198,0.0901,0.0966,0.5883,0.1127,0.08,0.0411,0.0,7,5,0,0,0,0,2,0,0,0,0.2477,0.7584,0.0,0.0,0.0,0.0,0.1224,0.0,0.0,0.0,9,5,21.37,15.44
4087177,2023-05-12,arg,2023,Liga Profesional,16,Nicolás Lamolina,10227,Godoy Cruz,10081,Huracan,0,0,0,55,45,5,9,2,3,2,5,1,1,0,0,4,4,1,5,3,2,1,0,1,0,,,19,11,2,0,0,1,3,2,15,25,7,11,1,1,23,10,3,2,69,78,45.0,54.0,24.0,24.0,19.0,14.0,412,326,307.0,233.0,149,134,158,99,27.0,22.0,2.0,2.0,0.74,0.37,0.74,0.25,0.0,0.12,0.74,0.37,0.31,0.24,0,0,1,2,3,2,1,4,0,1,0.0,0.0,0.0901,0.1198,0.5883,0.0966,0.08,0.1127,0.0,0.0411,5,7,0,0,0,0,0,2,0,0,0.7584,0.2477,0.0,0.0,0.0,0.0,0.0,0.1224,0.0,0.0,5,9,15.44,21.37
4087109,2023-05-13,arg,2023,Liga Profesional,16,Facundo Raúl Tello Figueroa,161727,Atletico Tucuman,10086,Argentinos Juniors,1,1,2,44,56,10,13,3,6,4,5,3,2,0,1,5,10,5,3,2,4,1,2,0,0,,,12,18,4,6,0,0,2,6,12,27,7,12,2,3,20,20,4,2,62,72,43.0,46.0,19.0,26.0,15.0,7.0,308,385,210.0,285.0,109,153,101,132,28.0,29.0,3.0,3.0,1.33,1.6,0.36,1.52,0.18,0.08,0.54,1.6,1.14,2.11,0,1,5,7,0,2,2,1,3,2,0.0,0.3122,1.161,1.0851,0.0,0.0757,0.0758,0.0734,0.0943,0.0534,5,11,1,0,1,0,2,2,1,0,0.3186,1.517,0.0438,0.0,0.0196,0.0,0.1607,0.0829,0.7884,0.0,10,13,19.54,14.81
4087109,2023-05-13,arg,2023,Liga Profesional,16,Facundo Raúl Tello Figueroa,10086,Argentinos Juniors,161727,Atletico Tucuman,0,2,1,56,44,13,10,6,3,5,4,2,3,1,0,10,5,3,5,4,2,2,1,0,0,,,18,12,6,4,0,0,6,2,27,12,12,7,3,2,20,20,2,4,72,62,46.0,43.0,26.0,19.0,7.0,15.0,385,308,285.0,210.0,153,109,132,101,29.0,28.0,3.0,3.0,1.6,1.33,1.52,0.36,0.08,0.18,1.6,0.54,2.11,1.14,1,0,7,5,2,0,1,2,2,3,0.3122,0.0,1.0851,1.161,0.0757,0.0,0.0734,0.0758,0.0534,0.0943,11,5,0,1,0,1,2,2,0,1,1.517,0.3186,0.0,0.0438,0.0,0.0196,0.0829,0.1607,0.0,0.7884,13,10,14.81,19.54
4087125,2023-05-13,arg,2023,Liga Profesional,16,Fernando Echenique,10087,Banfield,10083,San Lorenzo,1,1,2,51,49,12,8,2,4,5,1,5,3,0,0,5,5,7,3,9,1,1,0,0,0,,,13,14,3,2,0,0,1,1,21,18,9,7,3,5,14,22,2,1,63,69,44.0,43.0,19.0,26.0,10.0,13.0,352,354,266.0,262.0,146,131,120,131,15.0,35.0,7.0,2.0,0.75,0.65,0.39,0.46,0.37,0.19,0.75,0.65,0.6,0.57,1,0,4,5,0,0,4,3,3,0,0.1198,0.0,0.46,0.5887,0.0,0.0,0.0941,0.0663,0.0785,0.0,7,7,0,0,3,0,2,1,0,0,0.516,0.4642,0.0,0.0,0.146,0.0,0.0904,0.1908,0.0,0.0,12,8,20.43,18.54
4087125,2023-05-13,arg,2023,Liga Profesional,16,Fernando Echenique,10083,San Lorenzo,10087,Banfield,0,2,1,49,51,8,12,4,2,1,5,3,5,0,0,5,5,3,7,1,9,0,1,0,0,,,14,13,2,3,0,0,1,1,18,21,7,9,5,3,22,14,1,2,69,63,43.0,44.0,26.0,19.0,13.0,10.0,354,352,262.0,266.0,131,146,131,120,35.0,15.0,2.0,7.0,0.65,0.75,0.46,0.39,0.19,0.37,0.65,0.75,0.57,0.6,0,1,5,4,0,0,3,4,0,3,0.0,0.1198,0.5887,0.46,0.0,0.0,0.0663,0.0941,0.0,0.0785,7,7,0,0,0,3,1,2,0,0,0.4642,0.516,0.0,0.0,0.0,0.146,0.1908,0.0904,0.0,0.0,8,12,18.54,20.43
4087126,2023-05-13,arg,2023,Liga Profesional,16,Luis Lobo Medina,10090,Instituto,10088,Colon,1,1,0,61,39,19,7,4,3,9,4,6,0,1,0,13,5,6,2,9,4,3,1,3,1,,,7,10,2,3,0,0,0,2,13,13,4,6,0,6,17,25,3,3,52,52,33.0,30.0,19.0,22.0,13.0,11.0,426,281,326.0,183.0,137,79,189,104,19.0,33.0,9.0,3.0,2.33,0.33,1.75,0.21,0.58,0.12,2.33,0.33,0.97,0.66,3,0,7,2,3,3,6,1,0,1,1.1839,0.0,0.77,0.0768,0.1123,0.2068,0.3329,0.0298,0.0,0.0204,10,4,0,0,8,0,1,3,0,0,1.8166,0.209,0.0,0.0,0.5643,0.0,0.0182,0.1249,0.0,0.0,19,7,15.57,17.51
4087126,2023-05-13,arg,2023,Liga Profesional,16,Luis Lobo Medina,10088,Colon,10090,Instituto,0,0,1,39,61,7,19,3,4,4,9,0,6,0,1,5,13,2,6,4,9,1,3,1,3,,,10,7,3,2,0,0,2,0,13,13,6,4,6,0,25,17,3,3,52,52,30.0,33.0,22.0,19.0,11.0,13.0,281,426,183.0,326.0,79,137,104,189,33.0,19.0,3.0,9.0,0.33,2.33,0.21,1.75,0.12,0.58,0.33,2.33,0.66,0.97,0,3,2,7,3,3,1,6,1,0,0.0,1.1839,0.0768,0.77,0.2068,0.1123,0.0298,0.3329,0.0204,0.0,4,10,0,0,0,8,3,1,0,0,0.209,1.8166,0.0,0.0,0.0,0.5643,0.1249,0.0182,0.0,0.0,7,19,17.51,15.57
4087179,2023-05-13,arg,2023,Liga Profesional,16,Pablo Echavarría,10201,Newell's Old Boys,10098,Arsenal Sarandi,1,2,0,66,34,16,4,7,3,7,1,2,0,0,0,11,0,5,4,4,3,3,0,2,0,,,8,12,1,1,0,0,0,0,17,8,13,8,0,1,17,21,3,5,62,44,45.0,27.0,17.0,17.0,16.0,11.0,518,267,421.0,175.0,249,72,172,103,31.0,16.0,4.0,1.0,2.32,0.24,1.95,0.24,0.37,0.0,2.32,0.24,2.31,0.22,2,0,7,0,2,0,3,2,2,2,0.5904,0.0,1.9628,0.0,0.0588,0.0,0.1126,0.1456,0.0478,0.0952,14,4,0,0,2,0,0,0,0,0,2.3992,0.2408,0.0,0.0,0.3731,0.0,0.0,0.0,0.0,0.0,16,4,16.03,22.93
4087179,2023-05-13,arg,2023,Liga Profesional,16,Pablo Echavarría,10098,Arsenal Sarandi,10201,Newell's Old Boys,0,0,2,34,66,4,16,3,7,1,7,0,2,0,0,0,11,4,5,3,4,0,3,0,2,,,12,8,1,1,0,0,0,0,8,17,8,13,1,0,21,17,5,3,44,62,27.0,45.0,17.0,17.0,11.0,16.0,267,518,175.0,421.0,72,249,103,172,16.0,31.0,1.0,4.0,0.24,2.32,0.24,1.95,0.0,0.37,0.24,2.32,0.22,2.31,0,2,0,7,0,2,2,3,2,2,0.0,0.5904,0.0,1.9628,0.0,0.0588,0.1456,0.1126,0.0952,0.0478,4,14,0,0,0,2,0,0,0,0,0.2408,2.3992,0.0,0.0,0.0,0.3731,0.0,0.0,0.0,0.0,4,16,22.93,16.03
4087190,2023-05-13,arg,2023,Liga Profesional,16,Nazareno Arasa,10078,Independiente,89396,Tigre,1,2,1,47,53,13,9,4,3,6,4,3,2,0,0,7,5,6,4,11,3,2,1,1,0,,,5,9,2,4,0,0,5,0,23,21,15,11,2,4,12,23,2,1,57,63,45.0,34.0,12.0,29.0,13.0,9.0,303,370,206.0,255.0,105,158,101,97,23.0,22.0,5.0,2.0,1.15,1.26,1.09,0.23,0.06,0.23,1.15,0.47,0.83,1.28,0,0,5,3,2,2,5,4,1,0,0.0,0.0,0.799,0.9602,0.0822,0.0782,0.2515,0.2179,0.0177,0.0,8,4,1,1,4,2,0,1,0,1,0.9709,0.1808,0.1165,0.0542,0.0631,0.1718,0.0,0.0611,0.0,0.7884,13,9,18.17,18.4
4087190,2023-05-13,arg,2023,Liga Profesional,16,Nazareno Arasa,89396,Tigre,10078,Independiente,0,1,2,53,47,9,13,3,4,4,6,2,3,0,0,5,7,4,6,3,11,1,2,0,1,,,9,5,4,2,0,0,0,5,21,23,11,15,4,2,23,12,1,2,63,57,34.0,45.0,29.0,12.0,9.0,13.0,370,303,255.0,206.0,158,105,97,101,22.0,23.0,2.0,5.0,1.26,1.15,0.23,1.09,0.23,0.06,0.47,1.15,1.28,0.83,0,0,3,5,2,2,4,5,0,1,0.0,0.0,0.9602,0.799,0.0782,0.0822,0.2179,0.2515,0.0,0.0177,4,8,1,1,2,4,1,0,1,0,0.1808,0.9709,0.0542,0.1165,0.1718,0.0631,0.0611,0.0,0.7884,0.0,9,13,18.4,18.17
4087120,2023-05-14,arg,2023,Liga Profesional,16,Fernando Espinoza,10077,Boca Juniors,10092,Belgrano,1,2,0,66,34,21,7,5,1,8,4,8,2,0,0,14,2,7,5,9,2,3,0,2,0,,,16,7,2,1,0,0,0,0,16,26,7,8,1,8,10,17,1,3,43,48,31.0,44.0,12.0,4.0,9.0,5.0,562,293,487.0,203.0,217,127,270,76,20.0,26.0,5.0,3.0,2.29,0.48,2.15,0.19,0.14,0.29,2.29,0.48,1.28,0.03,1,0,8,1,5,1,3,4,4,1,0.801,0.0,1.05,0.0981,0.2354,0.0399,0.1026,0.3182,0.0988,0.0196,17,3,0,1,3,0,1,3,0,0,2.1454,0.1687,0.0,0.0196,0.1164,0.0,0.0261,0.2875,0.0,0.0,21,7,18.14,20.64
4087120,2023-05-14,arg,2023,Liga Profesional,16,Fernando Espinoza,10092,Belgrano,10077,Boca Juniors,0,0,2,34,66,7,21,1,5,4,8,2,8,0,0,2,14,5,7,2,9,0,3,0,2,,,7,16,1,2,0,0,0,0,26,16,8,7,8,1,17,10,3,1,48,43,44.0,31.0,4.0,12.0,5.0,9.0,293,562,203.0,487.0,127,217,76,270,26.0,20.0,3.0,5.0,0.48,2.29,0.19,2.15,0.29,0.14,0.48,2.29,0.03,1.28,0,1,1,8,1,5,4,3,1,4,0.0,0.801,0.0981,1.05,0.0399,0.2354,0.3182,0.1026,0.0196,0.0988,3,17,1,0,0,3,3,1,0,0,0.1687,2.1454,0.0196,0.0,0.0,0.1164,0.2875,0.0261,0.0,0.0,7,21,20.64,18.14
4087122,2023-05-14,arg,2023,Liga Profesional,16,Hernán Mastrángelo,10089,Club Atletico Platense,10080,Racing Club,1,3,0,37,63,15,6,5,1,8,3,2,2,0,0,11,3,4,3,6,3,3,1,0,1,,,15,14,4,3,0,0,0,2,19,15,6,8,2,2,29,21,1,2,61,52,42.0,37.0,19.0,15.0,10.0,7.0,245,428,163.0,334.0,62,141,101,193,19.0,39.0,8.0,3.0,1.83,0.73,0.95,0.67,0.1,0.06,1.05,0.73,2.99,0.04,1,0,5,3,5,0,3,2,1,1,0.3253,0.0,1.145,0.6106,0.2612,0.0,0.0937,0.1026,0.0084,0.0202,10,5,1,0,2,0,1,1,1,0,0.6239,0.6707,0.3253,0.0,0.0658,0.0,0.0303,0.0627,0.7884,0.0,15,6,16.98,20.93
4087122,2023-05-14,arg,2023,Liga Profesional,16,Hernán Mastrángelo,10080,Racing Club,10089,Club Atletico Platense,0,0,3,63,37,6,15,1,5,3,8,2,2,0,0,3,11,3,4,3,6,1,3,1,0,,,14,15,3,4,0,0,2,0,15,19,8,6,2,2,21,29,2,1,52,61,37.0,42.0,15.0,19.0,7.0,10.0,428,245,334.0,163.0,141,62,193,101,39.0,19.0,3.0,8.0,0.73,1.83,0.67,0.95,0.06,0.1,0.73,1.05,0.04,2.99,0,1,3,5,0,5,2,3,1,1,0.0,0.3253,0.6106,1.145,0.0,0.2612,0.1026,0.0937,0.0202,0.0084,5,10,0,1,0,2,1,1,0,1,0.6707,0.6239,0.0,0.3253,0.0,0.0658,0.0627,0.0303,0.0,0.7884,6,15,20.93,16.98
4087124,2023-05-14,arg,2023,Liga Profesional,16,Leandro Rey Hilfer,161730,Defensa y Justicia,10094,Estudiantes,1,1,1,32,68,7,23,2,8,3,8,2,7,0,0,5,13,2,10,3,3,1,3,1,3,,,9,19,2,2,1,0,2,0,9,22,7,5,8,2,24,11,6,1,47,43,37.0,34.0,10.0,9.0,11.0,3.0,246,541,164.0,460.0,82,166,82,294,24.0,23.0,3.0,4.0,0.89,2.29,0.26,1.97,0.63,0.32,0.89,2.29,0.21,1.85,0,0,5,8,0,5,1,9,1,1,0.0,0.0,0.7911,1.5935,0.0,0.2742,0.0536,0.4252,0.0454,0.0489,3,16,0,2,3,1,1,4,0,0,0.2631,1.9314,0.0,0.0868,0.0751,0.043,0.5519,0.2806,0.0,0.0,7,23,14.93,17.99
4087124,2023-05-14,arg,2023,Liga Profesional,16,Leandro Rey Hilfer,10094,Estudiantes,161730,Defensa y Justicia,0,1,1,68,32,23,7,8,2,8,3,7,2,0,0,13,5,10,2,3,3,3,1,3,1,,,19,9,2,2,0,1,0,2,22,9,5,7,2,8,11,24,1,6,43,47,34.0,37.0,9.0,10.0,3.0,11.0,541,246,460.0,164.0,166,82,294,82,23.0,24.0,4.0,3.0,2.29,0.89,1.97,0.26,0.32,0.63,2.29,0.89,1.85,0.21,0,0,8,5,5,0,9,1,1,1,0.0,0.0,1.5935,0.7911,0.2742,0.0,0.4252,0.0536,0.0489,0.0454,16,3,2,0,1,3,4,1,0,0,1.9314,0.2631,0.0868,0.0,0.043,0.0751,0.2806,0.5519,0.0,0.0,23,7,17.99,14.93
4087121,2023-05-15,arg,2023,Liga Profesional,16,Nicolás Ramírez,10101,Talleres,10076,River Plate,1,2,1,33,67,11,14,4,5,5,4,2,5,1,1,5,8,6,6,3,5,2,3,1,3,13,23,16,10,5,2,0,0,3,0,15,12,5,9,4,2,21,10,4,2,43,46,31.0,39.0,12.0,7.0,9.0,11.0,239,467,154.0,381.0,84,193,70,188,24.0,16.0,1.0,3.0,1.04,1.66,0.9,1.32,0.14,0.34,1.04,1.66,1.17,0.81,0,0,4,6,1,2,4,4,2,2,0.0,0.0,0.7951,1.0843,0.0366,0.5297,0.1645,0.1765,0.0604,0.0643,8,8,0,0,1,1,2,5,0,0,0.9141,1.5187,0.0,0.0,0.0366,0.077,0.1059,0.2591,0.0,0.0,11,14,22.2,17.81
4087121,2023-05-15,arg,2023,Liga Profesional,16,Nicolás Ramírez,10076,River Plate,10101,Talleres,0,1,2,67,33,14,11,5,4,4,5,5,2,1,1,8,5,6,6,5,3,3,2,3,1,23,13,10,16,2,5,0,0,0,3,12,15,9,5,2,4,10,21,2,4,46,43,39.0,31.0,7.0,12.0,11.0,9.0,467,239,381.0,154.0,193,84,188,70,16.0,24.0,3.0,1.0,1.66,1.04,1.32,0.9,0.34,0.14,1.66,1.04,0.81,1.17,0,0,6,4,2,1,4,4,2,2,0.0,0.0,1.0843,0.7951,0.5297,0.0366,0.1765,0.1645,0.0643,0.0604,8,8,0,0,1,1,5,2,0,0,1.5187,0.9141,0.0,0.0,0.077,0.0366,0.2591,0.1059,0.0,0.0,14,11,17.81,22.2
4087123,2023-05-15,arg,2023,Liga Profesional,16,Sebastían Zunino,10079,Velez Sarsfield,10084,Rosario Central,1,0,0,46,54,13,7,2,2,7,2,4,3,0,0,7,3,6,4,3,4,0,0,0,0,,,7,10,3,3,0,1,3,3,17,30,9,8,3,4,15,28,2,2,65,70,47.0,45.0,18.0,25.0,20.0,9.0,302,356,218.0,239.0,97,104,121,135,16.0,24.0,5.0,3.0,0.67,0.22,0.54,0.15,0.13,0.08,0.67,0.22,0.22,0.56,0,0,5,3,2,0,3,3,3,1,0.0,0.0,0.4219,0.1276,0.0658,0.0,0.0682,0.0705,0.116,0.026,10,4,0,0,1,3,2,0,0,0,0.5377,0.1458,0.0,0.0,0.0497,0.0784,0.0846,0.0,0.0,0.0,13,7,19.85,19.39
4087123,2023-05-15,arg,2023,Liga Profesional,16,Sebastían Zunino,10084,Rosario Central,10079,Velez Sarsfield,0,0,0,54,46,7,13,2,2,2,7,3,4,0,0,3,7,4,6,4,3,0,0,0,0,,,10,7,3,3,1,0,3,3,30,17,8,9,4,3,28,15,2,2,70,65,45.0,47.0,25.0,18.0,9.0,20.0,356,302,239.0,218.0,104,97,135,121,24.0,16.0,3.0,5.0,0.22,0.67,0.15,0.54,0.08,0.13,0.22,0.67,0.56,0.22,0,0,3,5,0,2,3,3,1,3,0.0,0.0,0.1276,0.4219,0.0,0.0658,0.0705,0.0682,0.026,0.116,4,10,0,0,3,1,0,2,0,0,0.1458,0.5377,0.0,0.0,0.0784,0.0497,0.0,0.0846,0.0,0.0,7,13,19.39,19.85
4087127,2023-05-15,arg,2023,Liga Profesional,16,Pablo Dóvalo,213534,Barracas Central,213596,Central Cordoba de Santiago,1,2,2,65,35,19,10,5,3,11,4,3,3,0,1,7,4,12,6,4,4,3,2,1,0,,,10,16,2,4,0,0,0,4,10,18,7,17,3,3,17,34,1,3,49,52,31.0,32.0,18.0,20.0,6.0,5.0,461,242,341.0,128.0,158,53,183,75,33.0,27.0,6.0,7.0,2.01,1.17,1.04,1.1,0.18,0.06,1.22,1.17,2.1,1.02,1,1,4,2,2,1,6,2,6,4,0.6887,0.7878,0.9092,0.0535,0.0582,0.0612,0.2427,0.0812,0.1087,0.183,13,6,0,1,1,3,4,0,1,0,1.0716,1.0414,0.0,0.0612,0.0172,0.064,0.1303,0.0,0.7884,0.0,19,10,22.14,19.87
4087127,2023-05-15,arg,2023,Liga Profesional,16,Pablo Dóvalo,213596,Central Cordoba de Santiago,213534,Barracas Central,0,2,2,35,65,10,19,3,5,4,11,3,3,1,0,4,7,6,12,4,4,2,3,0,1,,,16,10,4,2,0,0,4,0,18,10,17,7,3,3,34,17,3,1,52,49,32.0,31.0,20.0,18.0,5.0,6.0,242,461,128.0,341.0,53,158,75,183,27.0,33.0,7.0,6.0,1.17,2.01,1.1,1.04,0.06,0.18,1.17,1.22,1.02,2.1,1,1,2,4,1,2,2,6,4,6,0.7878,0.6887,0.0535,0.9092,0.0612,0.0582,0.0812,0.2427,0.183,0.1087,6,13,1,0,3,1,0,4,0,1,1.0414,1.0716,0.0612,0.0,0.064,0.0172,0.0,0.1303,0.0,0.7884,10,19,19.87,22.14
4087176,2023-05-15,arg,2023,Liga Profesional,16,Andrés Merlos,10096,Union,202757,Sarmiento,1,0,2,66,34,19,7,5,3,10,3,4,1,0,0,6,4,13,3,14,4,0,3,0,1,25,10,12,8,2,4,1,0,0,5,13,21,7,7,1,4,11,35,1,5,58,66,38.0,36.0,20.0,30.0,17.0,4.0,393,225,308.0,129.0,136,59,172,70,19.0,24.0,8.0,3.0,0.81,1.01,0.44,0.94,0.37,0.07,0.81,1.01,0.69,1.69,0,1,4,3,2,0,6,2,7,1,0.0,0.0506,0.2598,0.7519,0.0876,0.0,0.2672,0.1714,0.1908,0.0322,12,3,1,2,4,2,2,0,0,0,0.3841,0.3604,0.0532,0.5799,0.2203,0.0659,0.1479,0.0,0.0,0.0,19,7,22.04,17.53
4087176,2023-05-15,arg,2023,Liga Profesional,16,Andrés Merlos,202757,Sarmiento,10096,Union,0,2,0,34,66,7,19,3,5,3,10,1,4,0,0,4,6,3,13,4,14,3,0,1,0,10,25,8,12,4,2,0,1,5,0,21,13,7,7,4,1,35,11,5,1,66,58,36.0,38.0,30.0,20.0,4.0,17.0,225,393,129.0,308.0,59,136,70,172,24.0,19.0,3.0,8.0,1.01,0.81,0.94,0.44,0.07,0.37,1.01,0.81,1.69,0.69,1,0,3,4,0,2,2,6,1,7,0.0506,0.0,0.7519,0.2598,0.0,0.0876,0.1714,0.2672,0.0322,0.1908,3,12,2,1,2,4,0,2,0,0,0.3604,0.3841,0.5799,0.0532,0.0659,0.2203,0.0,0.1479,0.0,0.0,7,19,17.53,22.04
4087178,2023-05-15,arg,2023,Liga Profesional,16,Carlos Andrés Gariano,10103,Gimnasia LP,10082,Lanus,1,1,0,47,53,10,15,2,4,4,6,4,5,0,0,4,10,6,5,4,5,0,3,0,3,,,12,15,1,2,0,0,2,1,21,23,10,5,5,4,27,20,3,1,69,73,44.0,41.0,25.0,32.0,10.0,7.0,287,326,177.0,231.0,80,122,97,109,26.0,28.0,5.0,7.0,0.36,1.81,0.33,0.62,0.03,1.19,0.36,1.81,0.59,1.39,0,2,3,3,1,5,6,2,0,3,0.0,1.003,0.1797,0.2461,0.0167,0.4154,0.162,0.0877,0.0,0.0626,8,8,1,0,0,3,1,4,0,0,0.3004,0.6218,0.0314,0.0,0.0,0.0926,0.0266,1.1004,0.0,0.0,10,15,22.45,16.59
4087178,2023-05-15,arg,2023,Liga Profesional,16,Carlos Andrés Gariano,10082,Lanus,10103,Gimnasia LP,0,0,1,53,47,15,10,4,2,6,4,5,4,0,0,10,4,5,6,5,4,3,0,3,0,,,15,12,2,1,0,0,1,2,23,21,5,10,4,5,20,27,1,3,73,69,41.0,44.0,32.0,25.0,7.0,10.0,326,287,231.0,177.0,122,80,109,97,28.0,26.0,7.0,5.0,1.81,0.36,0.62,0.33,1.19,0.03,1.81,0.36,1.39,0.59,2,0,3,3,5,1,2,6,3,0,1.003,0.0,0.2461,0.1797,0.4154,0.0167,0.0877,0.162,0.0626,0.0,8,8,0,1,3,0,4,1,0,0,0.6218,0.3004,0.0,0.0314,0.0926,0.0,1.1004,0.0266,0.0,0.0,15,10,16.59,22.45
4087173,2023-05-19,arg,2023,Liga Profesional,17,Jorge Ignacio Baliño,10227,Godoy Cruz,10103,Gimnasia LP,1,2,0,52,48,17,6,5,1,7,3,5,2,0,0,9,4,8,2,9,2,1,1,1,1,,,13,10,3,3,0,0,1,0,21,19,11,13,2,5,17,23,1,3,64,60,44.0,37.0,20.0,23.0,14.0,7.0,331,298,209.0,178.0,109,99,100,79,27.0,23.0,6.0,4.0,1.49,0.53,1.36,0.49,0.13,0.05,1.49,0.53,0.77,0.63,2,0,4,2,3,2,4,1,4,1,0.7457,0.0,0.4176,0.0806,0.0858,0.4188,0.1567,0.0202,0.1003,0.0133,12,5,0,0,4,0,1,1,0,0,1.3773,0.4865,0.0,0.0,0.0766,0.0,0.0521,0.0463,0.0,0.0,17,6,20.53,20.45
4087173,2023-05-19,arg,2023,Liga Profesional,17,Jorge Ignacio Baliño,10103,Gimnasia LP,10227,Godoy Cruz,0,0,2,48,52,6,17,1,5,3,7,2,5,0,0,4,9,2,8,2,9,1,1,1,1,,,10,13,3,3,0,0,0,1,19,21,13,11,5,2,23,17,3,1,60,64,37.0,44.0,23.0,20.0,7.0,14.0,298,331,178.0,209.0,99,109,79,100,23.0,27.0,4.0,6.0,0.53,1.49,0.49,1.36,0.05,0.13,0.53,1.49,0.63,0.77,0,2,2,4,2,3,1,4,1,4,0.0,0.7457,0.0806,0.4176,0.4188,0.0858,0.0202,0.1567,0.0133,0.1003,5,12,0,0,0,4,1,1,0,0,0.4865,1.3773,0.0,0.0,0.0,0.0766,0.0463,0.0521,0.0,0.0,6,17,20.45,20.53
4087175,2023-05-19,arg,2023,Liga Profesional,17,Luis Lobo Medina,213596,Central Cordoba de Santiago,10096,Union,1,0,1,54,46,21,9,7,3,8,3,6,3,1,0,10,3,11,6,7,2,3,0,3,0,24,12,11,14,3,3,0,0,4,2,26,14,10,9,3,5,8,25,2,7,63,54,47.0,44.0,16.0,10.0,9.0,19.0,379,340,307.0,264.0,101,149,206,115,47.0,15.0,10.0,3.0,1.55,0.43,0.84,0.38,0.71,0.05,1.55,0.43,1.49,0.44,2,0,7,2,1,1,3,4,8,2,0.2135,0.0,1.0057,0.1835,0.0718,0.0582,0.0895,0.1309,0.1692,0.069,14,8,0,0,3,1,4,0,0,0,0.8701,0.3901,0.0,0.0,0.129,0.0515,0.5506,0.0,0.0,0.0,21,9,19.17,21.31
4087175,2023-05-19,arg,2023,Liga Profesional,17,Luis Lobo Medina,10096,Union,213596,Central Cordoba de Santiago,0,1,0,46,54,9,21,3,7,3,8,3,6,0,1,3,10,6,11,2,7,0,3,0,3,12,24,14,11,3,3,0,0,2,4,14,26,9,10,5,3,25,8,7,2,54,63,44.0,47.0,10.0,16.0,19.0,9.0,340,379,264.0,307.0,149,101,115,206,15.0,47.0,3.0,10.0,0.43,1.55,0.38,0.84,0.05,0.71,0.43,1.55,0.44,1.49,0,2,2,7,1,1,4,3,2,8,0.0,0.2135,0.1835,1.0057,0.0582,0.0718,0.1309,0.0895,0.069,0.1692,8,14,0,0,1,3,0,4,0,0,0.3901,0.8701,0.0,0.0,0.0515,0.129,0.0,0.5506,0.0,0.0,9,21,21.31,19.17
4087180,2023-05-19,arg,2023,Liga Profesional,17,Fernando Espinoza,10098,Arsenal Sarandi,10078,Independiente,1,2,1,37,63,6,11,3,4,2,3,1,4,0,1,4,8,2,3,3,3,1,1,0,0,,,11,9,5,3,0,0,5,0,26,13,11,9,4,1,17,11,3,2,61,61,48.0,40.0,13.0,21.0,14.0,16.0,277,468,145.0,354.0,62,180,83,174,21.0,39.0,1.0,4.0,0.8,0.95,0.74,0.61,0.05,0.34,0.8,0.95,0.99,1.15,0,1,2,3,2,4,1,1,1,2,0.0,0.2416,0.6125,0.4283,0.066,0.186,0.0802,0.0473,0.0371,0.0485,0,7,4,0,0,0,2,4,0,0,0.0,0.6118,0.7425,0.0,0.0,0.0,0.0531,0.34,0.0,0.0,6,11,17.69,17.14
4087180,2023-05-19,arg,2023,Liga Profesional,17,Fernando Espinoza,10078,Independiente,10098,Arsenal Sarandi,0,1,2,63,37,11,6,4,3,3,2,4,1,1,0,8,4,3,2,3,3,1,1,0,0,,,9,11,3,5,0,0,0,5,13,26,9,11,1,4,11,17,2,3,61,61,40.0,48.0,21.0,13.0,16.0,14.0,468,277,354.0,145.0,180,62,174,83,39.0,21.0,4.0,1.0,0.95,0.8,0.61,0.74,0.34,0.05,0.95,0.8,1.15,0.99,1,0,3,2,4,2,1,1,2,1,0.2416,0.0,0.4283,0.6125,0.186,0.066,0.0473,0.0802,0.0485,0.0371,7,0,0,4,0,0,4,2,0,0,0.6118,0.0,0.0,0.7425,0.0,0.0,0.34,0.0531,0.0,0.0,11,6,17.14,17.69
4087184,2023-05-19,arg,2023,Liga Profesional,17,Nicolás Lamolina,10094,Estudiantes,10087,Banfield,1,1,0,62,38,10,7,3,2,5,1,2,4,0,1,6,1,4,6,3,7,1,0,0,0,,,16,13,2,3,0,2,2,1,12,11,6,16,4,2,28,12,2,2,51,51,34.0,38.0,17.0,13.0,11.0,12.0,498,290,409.0,209.0,228,110,181,99,35.0,29.0,3.0,0.0,1.12,0.29,1.02,0.22,0.1,0.07,1.12,0.29,0.83,0.27,2,0,2,1,2,0,4,4,0,2,0.3035,0.0,0.4955,0.0828,0.2166,0.0,0.1006,0.166,0.0,0.0434,7,5,1,0,2,1,0,1,0,0,0.8959,0.2221,0.1223,0.0,0.0982,0.0243,0.0,0.0458,0.0,0.0,10,7,17.33,22.45
4087184,2023-05-19,arg,2023,Liga Profesional,17,Nicolás Lamolina,10087,Banfield,10094,Estudiantes,0,0,1,38,62,7,10,2,3,1,5,4,2,1,0,1,6,6,4,7,3,0,1,0,0,,,13,16,3,2,2,0,1,2,11,12,16,6,2,4,12,28,2,2,51,51,38.0,34.0,13.0,17.0,12.0,11.0,290,498,209.0,409.0,110,228,99,181,29.0,35.0,0.0,3.0,0.29,1.12,0.22,1.02,0.07,0.1,0.29,1.12,0.27,0.83,0,2,1,2,0,2,4,4,2,0,0.0,0.3035,0.0828,0.4955,0.0,0.2166,0.166,0.1006,0.0434,0.0,5,7,0,1,1,2,1,0,0,0,0.2221,0.8959,0.0,0.1223,0.0243,0.0982,0.0458,0.0,0.0,0.0,7,10,22.45,17.33
4087185,2023-05-19,arg,2023,Liga Profesional,17,Pablo Echavarría,10084,Rosario Central,161730,Defensa y Justicia,1,2,1,40,60,21,17,6,6,7,10,8,1,0,0,13,11,8,6,6,5,7,3,5,3,,,9,6,2,1,0,0,2,1,22,18,7,6,1,8,17,23,5,3,67,65,50.0,48.0,17.0,17.0,22.0,21.0,281,432,198.0,352.0,91,220,107,132,27.0,28.0,4.0,7.0,2.53,2.09,1.48,1.78,1.05,0.31,2.53,2.09,3.21,2.5,2,4,11,3,0,4,4,3,4,3,0.6818,1.1297,1.6049,0.3896,0.0,0.4282,0.0941,0.0827,0.1505,0.0587,9,13,4,1,6,2,2,1,0,0,0.9128,1.5301,0.5656,0.2532,0.4815,0.2553,0.5712,0.0502,0.0,0.0,21,17,17.03,18.02
4087185,2023-05-19,arg,2023,Liga Profesional,17,Pablo Echavarría,161730,Defensa y Justicia,10084,Rosario Central,0,1,2,60,40,17,21,6,6,10,7,1,8,0,0,11,13,6,8,5,6,3,7,3,5,,,6,9,1,2,0,0,1,2,18,22,6,7,8,1,23,17,3,5,65,67,48.0,50.0,17.0,17.0,21.0,22.0,432,281,352.0,198.0,220,91,132,107,28.0,27.0,7.0,4.0,2.09,2.53,1.78,1.48,0.31,1.05,2.09,2.53,2.5,3.21,4,2,3,11,4,0,3,4,3,4,1.1297,0.6818,0.3896,1.6049,0.4282,0.0,0.0827,0.0941,0.0587,0.1505,13,9,1,4,2,6,1,2,0,0,1.5301,0.9128,0.2532,0.5656,0.2553,0.4815,0.0502,0.5712,0.0,0.0,17,21,18.02,17.03
4087183,2023-05-20,arg,2023,Liga Profesional,17,Nicolás Ramírez,10083,San Lorenzo,10090,Instituto,1,2,0,45,55,9,4,5,1,1,3,3,0,0,0,6,0,3,4,7,0,4,0,2,0,,,10,13,3,4,0,1,3,0,20,12,8,8,0,3,10,24,1,3,56,50,38.0,34.0,18.0,16.0,5.0,12.0,275,359,203.0,285.0,103,153,100,132,14.0,14.0,4.0,1.0,2.54,0.09,0.3,0.09,0.66,0.0,0.96,0.09,3.83,0.23,2,0,3,0,1,0,2,2,1,2,0.7954,0.0,1.6313,0.0,0.0399,0.0,0.0604,0.0436,0.012,0.0452,4,4,0,0,3,0,0,0,2,0,0.3046,0.0888,0.0,0.0,0.6577,0.0,0.0,0.0,1.5768,0.0,9,4,16.07,33.81
4087183,2023-05-20,arg,2023,Liga Profesional,17,Nicolás Ramírez,10090,Instituto,10083,San Lorenzo,0,0,2,55,45,4,9,1,5,3,1,0,3,0,0,0,6,4,3,0,7,0,4,0,2,,,13,10,4,3,1,0,0,3,12,20,8,8,3,0,24,10,3,1,50,56,34.0,38.0,16.0,18.0,12.0,5.0,359,275,285.0,203.0,153,103,132,100,14.0,14.0,1.0,4.0,0.09,2.54,0.09,0.3,0.0,0.66,0.09,0.96,0.23,3.83,0,2,0,3,0,1,2,2,2,1,0.0,0.7954,0.0,1.6313,0.0,0.0399,0.0436,0.0604,0.0452,0.012,4,4,0,0,0,3,0,0,0,2,0.0888,0.3046,0.0,0.0,0.0,0.6577,0.0,0.0,0.0,1.5768,4,9,33.81,16.07
4087189,2023-05-20,arg,2023,Liga Profesional,17,Fernando Echenique,10086,Argentinos Juniors,10077,Boca Juniors,1,0,1,55,45,20,5,1,3,11,2,8,0,0,0,10,3,10,2,5,1,1,1,1,0,,,13,17,2,2,0,0,5,1,29,11,15,8,0,8,11,20,2,1,67,50,56.0,39.0,11.0,11.0,11.0,15.0,479,397,370.0,299.0,188,213,182,86,33.0,21.0,3.0,5.0,1.16,0.66,0.88,0.57,0.28,0.09,1.16,0.66,0.04,0.97,0,1,7,2,3,0,7,0,3,2,0.0,0.3505,0.5801,0.2029,0.2742,0.0,0.2166,0.0,0.093,0.109,15,4,0,0,3,0,2,1,0,0,0.8793,0.5721,0.0,0.0,0.1211,0.0,0.1635,0.0903,0.0,0.0,20,5,19.38,15.74
4087189,2023-05-20,arg,2023,Liga Profesional,17,Fernando Echenique,10077,Boca Juniors,10086,Argentinos Juniors,0,1,0,45,55,5,20,3,1,2,11,0,8,0,0,3,10,2,10,1,5,1,1,0,1,,,17,13,2,2,0,0,1,5,11,29,8,15,8,0,20,11,1,2,50,67,39.0,56.0,11.0,11.0,15.0,11.0,397,479,299.0,370.0,213,188,86,182,21.0,33.0,5.0,3.0,0.66,1.16,0.57,0.88,0.09,0.28,0.66,1.16,0.97,0.04,1,0,2,7,0,3,0,7,2,3,0.3505,0.0,0.2029,0.5801,0.0,0.2742,0.0,0.2166,0.109,0.093,4,15,0,0,0,3,1,2,0,0,0.5721,0.8793,0.0,0.0,0.0,0.1211,0.0903,0.1635,0.0,0.0,5,20,15.74,19.38
4087172,2023-05-21,arg,2023,Liga Profesional,17,Pablo Dóvalo,10082,Lanus,10201,Newell's Old Boys,1,1,0,36,64,12,6,5,2,7,3,0,1,1,0,8,3,4,3,10,3,3,0,2,0,,,8,10,0,1,0,0,0,0,12,16,13,13,1,0,19,16,2,4,40,49,27.0,36.0,13.0,13.0,6.0,12.0,288,538,204.0,437.0,129,263,75,174,18.0,29.0,7.0,3.0,1.48,0.36,0.7,0.18,0.78,0.17,1.48,0.36,1.26,0.07,2,0,4,3,2,0,1,1,3,2,0.6994,0.0,0.2645,0.2542,0.2975,0.0,0.1699,0.0459,0.0515,0.0566,6,3,0,0,3,2,3,1,0,0,0.7025,0.1843,0.0,0.0,0.2452,0.1348,0.535,0.0376,0.0,0.0,12,6,17.49,17.5
4087172,2023-05-21,arg,2023,Liga Profesional,17,Pablo Dóvalo,10201,Newell's Old Boys,10082,Lanus,0,0,1,64,36,6,12,2,5,3,7,1,0,0,1,3,8,3,4,3,10,0,3,0,2,,,10,8,1,0,0,0,0,0,16,12,13,13,0,1,16,19,4,2,49,40,36.0,27.0,13.0,13.0,12.0,6.0,538,288,437.0,204.0,263,129,174,75,29.0,18.0,3.0,7.0,0.36,1.48,0.18,0.7,0.17,0.78,0.36,1.48,0.07,1.26,0,2,3,4,0,2,1,1,2,3,0.0,0.6994,0.2542,0.2645,0.0,0.2975,0.0459,0.1699,0.0566,0.0515,3,6,0,0,2,3,1,3,0,0,0.1843,0.7025,0.0,0.0,0.1348,0.2452,0.0376,0.535,0.0,0.0,6,12,17.5,17.49
4087174,2023-05-21,arg,2023,Liga Profesional,17,Facundo Raúl Tello Figueroa,202757,Sarmiento,10081,Huracan,1,0,0,27,73,13,20,6,5,5,11,2,4,1,1,7,11,6,9,5,2,1,1,1,1,24,23,11,16,1,3,1,0,4,1,9,8,8,9,4,2,27,28,6,6,53,56,28.0,33.0,25.0,23.0,4.0,14.0,190,537,112.0,465.0,45,206,67,259,24.0,39.0,5.0,12.0,1.2,1.53,1.01,1.11,0.19,0.42,1.2,1.53,0.65,0.95,0,0,6,9,1,2,3,6,3,3,0.0,0.0,0.5358,0.8197,0.0167,0.1608,0.603,0.4488,0.0535,0.0964,8,14,1,2,1,1,3,3,0,0,0.9979,0.9895,0.0188,0.1454,0.0864,0.0141,0.1059,0.3767,0.0,0.0,13,20,16.77,17.08
4087174,2023-05-21,arg,2023,Liga Profesional,17,Facundo Raúl Tello Figueroa,10081,Huracan,202757,Sarmiento,0,0,0,73,27,20,13,5,6,11,5,4,2,1,1,11,7,9,6,2,5,1,1,1,1,23,24,16,11,3,1,0,1,1,4,8,9,9,8,2,4,28,27,6,6,56,53,33.0,28.0,23.0,25.0,14.0,4.0,537,190,465.0,112.0,206,45,259,67,39.0,24.0,12.0,5.0,1.53,1.2,1.11,1.01,0.42,0.19,1.53,1.2,0.95,0.65,0,0,9,6,2,1,6,3,3,3,0.0,0.0,0.8197,0.5358,0.1608,0.0167,0.4488,0.603,0.0964,0.0535,14,8,2,1,1,1,3,3,0,0,0.9895,0.9979,0.1454,0.0188,0.0141,0.0864,0.3767,0.1059,0.0,0.0,20,13,17.08,16.77
4087181,2023-05-21,arg,2023,Liga Profesional,17,Ariel Penel,89396,Tigre,161727,Atletico Tucuman,1,0,0,63,37,19,10,5,1,10,6,4,3,1,0,10,8,9,2,5,4,2,1,2,1,,,5,12,0,2,0,0,2,2,18,13,11,7,3,4,7,26,1,5,48,49,37.0,31.0,11.0,18.0,8.0,12.0,590,352,506.0,257.0,225,122,281,135,27.0,31.0,9.0,1.0,1.53,0.83,0.96,0.69,0.57,0.14,1.53,0.83,0.71,0.04,0,0,6,3,4,5,6,1,3,1,0.0,0.0,0.9691,0.391,0.2736,0.3798,0.2073,0.0354,0.0832,0.0244,12,7,1,1,4,2,2,0,0,0,0.652,0.4803,0.3086,0.2053,0.4852,0.145,0.0875,0.0,0.0,0.0,19,10,19.73,16.42
4087181,2023-05-21,arg,2023,Liga Profesional,17,Ariel Penel,161727,Atletico Tucuman,89396,Tigre,0,0,0,37,63,10,19,1,5,6,10,3,4,0,1,8,10,2,9,4,5,1,2,1,2,,,12,5,2,0,0,0,2,2,13,18,7,11,4,3,26,7,5,1,49,48,31.0,37.0,18.0,11.0,12.0,8.0,352,590,257.0,506.0,122,225,135,281,31.0,27.0,1.0,9.0,0.83,1.53,0.69,0.96,0.14,0.57,0.83,1.53,0.04,0.71,0,0,3,6,5,4,1,6,1,3,0.0,0.0,0.391,0.9691,0.3798,0.2736,0.0354,0.2073,0.0244,0.0832,7,12,1,1,2,4,0,2,0,0,0.4803,0.652,0.2053,0.3086,0.145,0.4852,0.0,0.0875,0.0,0.0,10,19,16.42,19.73
4087182,2023-05-21,arg,2023,Liga Profesional,17,Andrés Merlos,10088,Colon,213534,Barracas Central,1,1,1,56,44,9,9,4,3,5,4,0,2,1,0,7,3,2,6,9,4,1,0,1,0,,,13,2,2,1,0,0,1,2,19,19,9,9,2,0,10,25,2,3,58,59,38.0,43.0,20.0,16.0,17.0,13.0,459,378,352.0,273.0,206,124,146,149,26.0,25.0,9.0,1.0,0.72,0.57,0.48,0.38,0.24,0.19,0.72,0.57,1.92,0.69,1,1,4,0,2,2,1,3,1,3,0.2104,0.1377,0.3626,0.0,0.091,0.2785,0.0337,0.0939,0.0265,0.0601,6,7,0,0,2,1,1,1,0,0,0.482,0.3829,0.0,0.0,0.0689,0.1377,0.1732,0.0496,0.0,0.0,9,9,16.18,23.53
4087182,2023-05-21,arg,2023,Liga Profesional,17,Andrés Merlos,213534,Barracas Central,10088,Colon,0,1,1,44,56,9,9,3,4,4,5,2,0,0,1,3,7,6,2,4,9,0,1,0,1,,,2,13,1,2,0,0,2,1,19,19,9,9,0,2,25,10,3,2,59,58,43.0,38.0,16.0,20.0,13.0,17.0,378,459,273.0,352.0,124,206,149,146,25.0,26.0,1.0,9.0,0.57,0.72,0.38,0.48,0.19,0.24,0.57,0.72,0.69,1.92,1,1,0,4,2,2,3,1,3,1,0.1377,0.2104,0.0,0.3626,0.2785,0.091,0.0939,0.0337,0.0601,0.0265,7,6,0,0,1,2,1,1,0,0,0.3829,0.482,0.0,0.0,0.1377,0.0689,0.0496,0.1732,0.0,0.0,9,9,23.53,16.18
4087187,2023-05-21,arg,2023,Liga Profesional,17,Nazareno Arasa,10076,River Plate,10089,Club Atletico Platense,1,2,1,68,32,20,14,4,3,11,6,5,5,0,0,14,6,6,8,7,5,5,0,3,0,,,14,14,2,3,0,0,3,1,9,17,4,13,5,6,19,28,2,1,61,63,39.0,39.0,22.0,24.0,16.0,9.0,535,242,428.0,133.0,209,51,219,82,34.0,22.0,4.0,4.0,3.18,0.61,2.92,0.23,0.26,0.38,3.18,0.61,2.38,0.71,2,0,6,6,6,0,3,4,3,4,1.3191,0.0,1.2702,0.339,0.4162,0.0,0.0982,0.1511,0.0807,0.1194,15,6,2,0,1,3,2,5,0,0,2.526,0.2325,0.398,0.0,0.0169,0.0669,0.2437,0.31,0.0,0.0,20,14,16.91,20.2
4087187,2023-05-21,arg,2023,Liga Profesional,17,Nazareno Arasa,10089,Club Atletico Platense,10076,River Plate,0,1,2,32,68,14,20,3,4,6,11,5,5,0,0,6,14,8,6,5,7,0,5,0,3,,,14,14,3,2,0,0,1,3,17,9,13,4,6,5,28,19,1,2,63,61,39.0,39.0,24.0,22.0,9.0,16.0,242,535,133.0,428.0,51,209,82,219,22.0,34.0,4.0,4.0,0.61,3.18,0.23,2.92,0.38,0.26,0.61,3.18,0.71,2.38,0,2,6,6,0,6,4,3,4,3,0.0,1.3191,0.339,1.2702,0.0,0.4162,0.1511,0.0982,0.1194,0.0807,6,15,0,2,3,1,5,2,0,0,0.2325,2.526,0.0,0.398,0.0669,0.0169,0.31,0.2437,0.0,0.0,14,20,20.2,16.91
4087188,2023-05-21,arg,2023,Liga Profesional,17,Fernando Andrés Rapallini,10092,Belgrano,10101,Talleres,1,1,1,41,59,12,14,4,5,3,6,5,3,0,0,7,10,5,4,4,5,2,4,1,3,15,25,14,14,1,1,1,0,3,3,13,12,9,10,3,5,18,4,4,3,46,53,38.0,38.0,8.0,15.0,11.0,13.0,245,372,167.0,286.0,66,171,101,115,21.0,25.0,7.0,4.0,1.2,2.85,0.93,0.9,0.27,1.17,1.2,2.07,2.05,2.31,0,1,7,8,0,1,4,2,1,2,0.0,0.8945,0.931,1.7275,0.0,0.0794,0.2478,0.0379,0.0221,0.1156,9,5,0,1,1,4,2,3,0,1,0.9293,0.7116,0.0,0.1884,0.1557,1.0382,0.1159,0.1283,0.0,0.7884,12,14,15.83,15.88
4087188,2023-05-21,arg,2023,Liga Profesional,17,Fernando Andrés Rapallini,10101,Talleres,10092,Belgrano,0,1,1,59,41,14,12,5,4,6,3,3,5,0,0,10,7,4,5,5,4,4,2,3,1,25,15,14,14,1,1,0,1,3,3,12,13,10,9,5,3,4,18,3,4,53,46,38.0,38.0,15.0,8.0,13.0,11.0,372,245,286.0,167.0,171,66,115,101,25.0,21.0,4.0,7.0,2.85,1.2,0.9,0.93,1.17,0.27,2.07,1.2,2.31,2.05,1,0,8,7,1,0,2,4,2,1,0.8945,0.0,1.7275,0.931,0.0794,0.0,0.0379,0.2478,0.1156,0.0221,5,9,1,0,4,1,3,2,1,0,0.7116,0.9293,0.1884,0.0,1.0382,0.1557,0.1283,0.1159,0.7884,0.0,14,12,15.88,15.83
4087151,2023-05-27,arg,2023,Liga Profesional,18,Hernán Mastrángelo,10078,Independiente,10082,Lanus,1,1,1,47,53,14,6,7,1,5,1,2,4,0,0,9,4,5,2,4,1,1,3,0,2,,,17,12,2,2,0,1,0,1,24,14,5,7,3,2,10,18,0,6,65,66,45.0,43.0,20.0,23.0,13.0,13.0,289,338,195.0,244.0,97,139,98,105,25.0,34.0,4.0,2.0,1.49,1.28,1.37,0.14,0.12,0.35,1.49,0.49,1.06,1.0,0,1,5,3,4,0,4,2,1,0,0.0,0.142,1.1035,1.0856,0.2201,0.0,0.1552,0.053,0.0202,0.0,11,1,1,0,0,1,2,3,0,1,1.339,0.142,0.0419,0.0,0.0,0.1431,0.1181,0.207,0.0,0.7884,14,6,19.44,14.91
4087151,2023-05-27,arg,2023,Liga Profesional,18,Hernán Mastrángelo,10082,Lanus,10078,Independiente,0,1,1,53,47,6,14,1,7,1,5,4,2,0,0,4,9,2,5,1,4,3,1,2,0,,,12,17,2,2,1,0,1,0,14,24,7,5,2,3,18,10,6,0,66,65,43.0,45.0,23.0,20.0,13.0,13.0,338,289,244.0,195.0,139,97,105,98,34.0,25.0,2.0,4.0,1.28,1.49,0.14,1.37,0.35,0.12,0.49,1.49,1.0,1.06,1,0,3,5,0,4,2,4,0,1,0.142,0.0,1.0856,1.1035,0.0,0.2201,0.053,0.1552,0.0,0.0202,1,11,0,1,1,0,3,2,1,0,0.142,1.339,0.0,0.0419,0.1431,0.0,0.207,0.1181,0.7884,0.0,6,14,14.91,19.44
4087152,2023-05-27,arg,2023,Liga Profesional,18,Nazareno Arasa,161727,Atletico Tucuman,10098,Arsenal Sarandi,1,1,0,61,39,17,11,4,1,9,8,4,2,0,0,12,4,5,7,7,0,1,0,0,0,,,12,7,3,0,0,0,3,0,23,27,1,3,2,4,15,22,1,3,55,60,39.0,44.0,16.0,16.0,11.0,8.0,546,361,454.0,257.0,223,127,231,130,38.0,25.0,7.0,2.0,1.73,0.92,1.61,0.88,0.12,0.04,1.73,0.92,1.01,0.02,0,0,9,1,3,3,3,3,2,4,0.0,0.0,1.1351,0.0326,0.2192,0.1442,0.1762,0.303,0.1996,0.4384,15,10,0,0,2,0,0,1,0,0,1.6093,0.8806,0.0,0.0,0.1209,0.0,0.0,0.0376,0.0,0.0,17,11,16.58,24.21
4087152,2023-05-27,arg,2023,Liga Profesional,18,Nazareno Arasa,10098,Arsenal Sarandi,161727,Atletico Tucuman,0,0,1,39,61,11,17,1,4,8,9,2,4,0,0,4,12,7,5,0,7,0,1,0,0,,,7,12,0,3,0,0,0,3,27,23,3,1,4,2,22,15,3,1,60,55,44.0,39.0,16.0,16.0,8.0,11.0,361,546,257.0,454.0,127,223,130,231,25.0,38.0,2.0,7.0,0.92,1.73,0.88,1.61,0.04,0.12,0.92,1.73,0.02,1.01,0,0,1,9,3,3,3,3,4,2,0.0,0.0,0.0326,1.1351,0.1442,0.2192,0.303,0.1762,0.4384,0.1996,10,15,0,0,0,2,1,0,0,0,0.8806,1.6093,0.0,0.0,0.0,0.1209,0.0376,0.0,0.0,0.0,11,17,24.21,16.58
4087155,2023-05-27,arg,2023,Liga Profesional,18,Nicolás Lamolina,10089,Club Atletico Platense,10092,Belgrano,1,1,0,41,59,8,7,2,3,2,4,4,0,0,0,6,7,2,0,5,4,3,2,2,2,,,15,10,4,3,0,0,6,1,34,29,16,9,0,3,24,21,3,1,78,74,65.0,54.0,13.0,20.0,21.0,15.0,271,387,177.0,276.0,54,147,123,129,17.0,38.0,5.0,10.0,1.12,0.88,0.46,0.65,0.66,0.24,1.12,0.88,1.11,0.69,2,1,2,4,2,2,2,0,0,0,0.7649,0.3028,0.0326,0.4828,0.2818,0.0988,0.0423,0.0,0.0,0.0,2,2,1,1,3,2,2,2,0,0,0.433,0.3456,0.0286,0.3028,0.6141,0.0742,0.0459,0.1617,0.0,0.0,8,7,18.04,11.3
4087155,2023-05-27,arg,2023,Liga Profesional,18,Nicolás Lamolina,10092,Belgrano,10089,Club Atletico Platense,0,0,1,59,41,7,8,3,2,4,2,0,4,0,0,7,6,0,2,4,5,2,3,2,2,,,10,15,3,4,0,0,1,6,29,34,9,16,3,0,21,24,1,3,74,78,54.0,65.0,20.0,13.0,15.0,21.0,387,271,276.0,177.0,147,54,129,123,38.0,17.0,10.0,5.0,0.88,1.12,0.65,0.46,0.24,0.66,0.88,1.12,0.69,1.11,1,2,4,2,2,2,0,2,0,0,0.3028,0.7649,0.4828,0.0326,0.0988,0.2818,0.0,0.0423,0.0,0.0,2,2,1,1,2,3,2,2,0,0,0.3456,0.433,0.3028,0.0286,0.0742,0.6141,0.1617,0.0459,0.0,0.0,7,8,11.3,18.04
4087160,2023-05-27,arg,2023,Liga Profesional,18,Ariel Penel,10103,Gimnasia LP,202757,Sarmiento,1,0,0,65,35,20,6,2,0,13,4,5,2,0,1,4,4,16,2,9,1,1,0,1,0,21,16,10,16,1,2,0,0,5,2,11,17,10,14,2,5,16,23,0,2,49,59,31.0,35.0,18.0,24.0,5.0,8.0,448,240,348.0,137.0,135,64,213,73,21.0,27.0,8.0,4.0,0.77,0.3,0.34,0.25,0.43,0.04,0.77,0.3,0.54,0.0,1,0,3,3,0,1,9,2,7,0,0.1768,0.0,0.1507,0.1943,0.0,0.0167,0.3079,0.0852,0.1379,0.0,11,5,0,0,7,0,2,1,0,0,0.3384,0.2525,0.0,0.0,0.3693,0.0,0.0657,0.0438,0.0,0.0,20,6,22.95,16.38
4087160,2023-05-27,arg,2023,Liga Profesional,18,Ariel Penel,202757,Sarmiento,10103,Gimnasia LP,0,0,0,35,65,6,20,0,2,4,13,2,5,1,0,4,4,2,16,1,9,0,1,0,1,16,21,16,10,2,1,0,0,2,5,17,11,14,10,5,2,23,16,2,0,59,49,35.0,31.0,24.0,18.0,8.0,5.0,240,448,137.0,348.0,64,135,73,213,27.0,21.0,4.0,8.0,0.3,0.77,0.25,0.34,0.04,0.43,0.3,0.77,0.0,0.54,0,1,3,3,1,0,2,9,0,7,0.0,0.1768,0.1943,0.1507,0.0167,0.0,0.0852,0.3079,0.0,0.1379,5,11,0,0,0,7,1,2,0,0,0.2525,0.3384,0.0,0.0,0.0,0.3693,0.0438,0.0657,0.0,0.0,6,20,16.38,22.95
4087153,2023-05-28,arg,2023,Liga Profesional,18,Nicolás Ramírez,10077,Boca Juniors,89396,Tigre,1,1,0,55,45,11,3,3,0,5,2,3,1,1,0,8,1,3,2,4,2,4,0,3,0,,,12,17,1,3,0,0,2,0,27,15,4,7,1,4,15,16,0,1,69,50,53.0,38.0,16.0,12.0,9.0,12.0,467,382,375.0,295.0,229,190,146,105,23.0,26.0,3.0,1.0,2.33,0.39,0.73,0.03,1.6,0.36,2.33,0.39,1.01,0.0,4,1,4,0,0,0,2,1,1,1,1.5206,0.3097,0.8431,0.0,0.0,0.0,0.0417,0.03,0.0382,0.0504,4,1,0,0,2,0,5,2,0,0,0.7298,0.03,0.0,0.0,1.0291,0.0,0.6846,0.3601,0.0,0.0,11,3,13.7,19.79
4087153,2023-05-28,arg,2023,Liga Profesional,18,Nicolás Ramírez,89396,Tigre,10077,Boca Juniors,0,0,1,45,55,3,11,0,3,2,5,1,3,0,1,1,8,2,3,2,4,0,4,0,3,,,17,12,3,1,0,0,0,2,15,27,7,4,4,1,16,15,1,0,50,69,38.0,53.0,12.0,16.0,12.0,9.0,382,467,295.0,375.0,190,229,105,146,26.0,23.0,1.0,3.0,0.39,2.33,0.03,0.73,0.36,1.6,0.39,2.33,0.0,1.01,1,4,0,4,0,0,1,2,1,1,0.3097,1.5206,0.0,0.8431,0.0,0.0,0.03,0.0417,0.0504,0.0382,1,4,0,0,0,2,2,5,0,0,0.03,0.7298,0.0,0.0,0.0,1.0291,0.3601,0.6846,0.0,0.0,3,11,19.79,13.7
4087154,2023-05-28,arg,2023,Liga Profesional,18,Darío Herrera,10101,Talleres,10086,Argentinos Juniors,1,1,0,41,59,12,11,3,4,5,5,4,2,0,1,6,8,6,3,7,2,1,3,0,3,20,16,9,15,1,2,0,0,1,1,24,25,5,6,2,4,20,12,4,2,74,56,56.0,40.0,18.0,16.0,18.0,8.0,385,551,268.0,440.0,135,248,133,192,39.0,18.0,5.0,4.0,1.26,1.16,1.05,1.08,0.2,0.08,1.26,1.16,1.08,0.64,1,1,3,5,2,2,4,1,2,2,0.7993,0.1461,0.1859,0.6473,0.0501,0.2901,0.1798,0.0545,0.0446,0.0426,6,9,0,0,5,1,1,1,0,0,1.0548,1.1056,0.0,0.0,0.1612,0.0256,0.0438,0.0494,0.0,0.0,12,11,19.27,17.04
4087154,2023-05-28,arg,2023,Liga Profesional,18,Darío Herrera,10086,Argentinos Juniors,10101,Talleres,0,0,1,59,41,11,12,4,3,5,5,2,4,1,0,8,6,3,6,2,7,3,1,3,0,16,20,15,9,2,1,0,0,1,1,25,24,6,5,4,2,12,20,2,4,56,74,40.0,56.0,16.0,18.0,8.0,18.0,551,385,440.0,268.0,248,135,192,133,18.0,39.0,4.0,5.0,1.16,1.26,1.08,1.05,0.08,0.2,1.16,1.26,0.64,1.08,1,1,5,3,2,2,1,4,2,2,0.1461,0.7993,0.6473,0.1859,0.2901,0.0501,0.0545,0.1798,0.0426,0.0446,9,6,0,0,1,5,1,1,0,0,1.1056,1.0548,0.0,0.0,0.0256,0.1612,0.0494,0.0438,0.0,0.0,11,12,17.04,19.27
4087157,2023-05-28,arg,2023,Liga Profesional,18,Sebastían Zunino,161730,Defensa y Justicia,10080,Racing Club,1,1,1,38,62,12,10,4,3,3,6,5,1,0,0,7,4,5,6,5,6,1,1,0,0,,,15,12,1,2,1,0,1,4,13,20,4,6,1,5,24,13,2,3,52,58,42.0,42.0,10.0,16.0,18.0,7.0,313,500,221.0,411.0,120,159,101,252,25.0,22.0,2.0,5.0,0.84,0.74,0.74,0.22,0.1,0.51,0.84,0.74,1.12,1.11,0,1,4,2,3,1,3,5,2,1,0.0,0.3464,0.6145,0.1075,0.0837,0.0709,0.0823,0.193,0.0613,0.0189,8,5,0,0,2,3,2,2,0,0,0.7389,0.2245,0.0,0.0,0.0491,0.4538,0.0537,0.0584,0.0,0.0,12,10,19.34,19.81
4087157,2023-05-28,arg,2023,Liga Profesional,18,Sebastían Zunino,10080,Racing Club,161730,Defensa y Justicia,0,1,1,62,38,10,12,3,4,6,3,1,5,0,0,4,7,6,5,6,5,1,1,0,0,,,12,15,2,1,0,1,4,1,20,13,6,4,5,1,13,24,3,2,58,52,42.0,42.0,16.0,10.0,7.0,18.0,500,313,411.0,221.0,159,120,252,101,22.0,25.0,5.0,2.0,0.74,0.84,0.22,0.74,0.51,0.1,0.74,0.84,1.11,1.12,1,0,2,4,1,3,5,3,1,2,0.3464,0.0,0.1075,0.6145,0.0709,0.0837,0.193,0.0823,0.0189,0.0613,5,8,0,0,3,2,2,2,0,0,0.2245,0.7389,0.0,0.0,0.4538,0.0491,0.0584,0.0537,0.0,0.0,10,12,19.81,19.34
4087170,2023-05-28,arg,2023,Liga Profesional,18,Pablo Echavarría,213534,Barracas Central,10083,San Lorenzo,1,1,0,46,54,10,10,3,4,5,3,2,3,0,0,6,6,4,4,4,5,1,1,0,1,,,15,12,2,2,0,0,1,2,21,20,5,11,2,2,43,17,5,2,80,67,51.0,50.0,29.0,17.0,20.0,16.0,361,417,253.0,315.0,123,155,130,160,16.0,25.0,4.0,7.0,0.52,0.49,0.24,0.47,0.27,0.02,0.52,0.49,0.66,1.29,0,0,5,3,1,3,2,3,2,1,0.0,0.0,0.3796,0.2369,0.0222,0.1485,0.0655,0.0862,0.048,0.0147,5,9,0,0,4,1,1,0,0,0,0.2414,0.4696,0.0,0.0,0.1707,0.0167,0.1033,0.0,0.0,0.0,10,10,18.49,20.63
4087170,2023-05-28,arg,2023,Liga Profesional,18,Pablo Echavarría,10083,San Lorenzo,213534,Barracas Central,0,0,1,54,46,10,10,4,3,3,5,3,2,0,0,6,6,4,4,5,4,1,1,1,0,,,12,15,2,2,0,0,2,1,20,21,11,5,2,2,17,43,2,5,67,80,50.0,51.0,17.0,29.0,16.0,20.0,417,361,315.0,253.0,155,123,160,130,25.0,16.0,7.0,4.0,0.49,0.52,0.47,0.24,0.02,0.27,0.49,0.52,1.29,0.66,0,0,3,5,3,1,3,2,1,2,0.0,0.0,0.2369,0.3796,0.1485,0.0222,0.0862,0.0655,0.0147,0.048,9,5,0,0,1,4,0,1,0,0,0.4696,0.2414,0.0,0.0,0.0167,0.1707,0.0,0.1033,0.0,0.0,10,10,20.63,18.49
4087158,2023-05-29,arg,2023,Liga Profesional,18,Fernando Andrés Rapallini,10087,Banfield,10084,Rosario Central,1,2,0,34,66,19,14,6,2,9,8,4,4,0,0,14,3,5,11,7,8,6,0,4,0,,,16,11,2,3,0,0,0,0,24,18,15,9,4,4,40,38,2,4,58,73,44.0,45.0,14.0,28.0,9.0,12.0,235,480,145.0,371.0,48,181,97,190,17.0,23.0,7.0,2.0,2.28,0.42,2.12,0.24,0.15,0.18,2.28,0.42,2.24,0.7,1,0,10,3,3,0,4,4,1,7,0.3136,0.0,1.6119,0.1361,0.185,0.0,0.1852,0.126,0.0361,0.1602,14,10,1,0,3,3,1,1,0,0,2.1275,0.2684,0.0498,0.0,0.1023,0.1211,0.0522,0.0328,0.0,0.0,19,14,15.96,24.43
4087158,2023-05-29,arg,2023,Liga Profesional,18,Fernando Andrés Rapallini,10084,Rosario Central,10087,Banfield,0,0,2,66,34,14,19,2,6,8,9,4,4,0,0,3,14,11,5,8,7,0,6,0,4,,,11,16,3,2,0,0,0,0,18,24,9,15,4,4,38,40,4,2,73,58,45.0,44.0,28.0,14.0,12.0,9.0,480,235,371.0,145.0,181,48,190,97,23.0,17.0,2.0,7.0,0.42,2.28,0.24,2.12,0.18,0.15,0.42,2.28,0.7,2.24,0,1,3,10,0,3,4,4,7,1,0.0,0.3136,0.1361,1.6119,0.0,0.185,0.126,0.1852,0.1602,0.0361,10,14,0,1,3,3,1,1,0,0,0.2684,2.1275,0.0,0.0498,0.1211,0.1023,0.0328,0.0522,0.0,0.0,14,19,24.43,15.96
4087159,2023-05-29,arg,2023,Liga Profesional,18,Silvio Trucco,10201,Newell's Old Boys,10227,Godoy Cruz,1,2,0,43,57,5,14,3,1,2,9,0,4,0,2,4,7,1,7,0,7,4,2,2,2,,,7,10,4,4,1,1,1,1,26,15,13,4,4,0,27,10,1,1,59,51,46.0,40.0,13.0,11.0,12.0,18.0,375,481,299.0,407.0,202,186,97,221,23.0,38.0,0.0,3.0,2.29,1.26,1.5,1.18,0.0,0.08,1.5,1.26,2.26,0.08,0,0,4,6,0,1,1,3,0,4,0.0,0.0,2.2327,1.0336,0.0,0.0278,0.0576,0.1152,0.0,0.0859,2,11,2,0,0,3,0,0,1,0,0.5675,1.1812,0.9344,0.0,0.0,0.0814,0.0,0.0,0.7884,0.0,5,14,15.53,20.89
4087159,2023-05-29,arg,2023,Liga Profesional,18,Silvio Trucco,10227,Godoy Cruz,10201,Newell's Old Boys,0,0,2,57,43,14,5,1,3,9,2,4,0,2,0,7,4,7,1,7,0,2,4,2,2,,,10,7,4,4,1,1,1,1,15,26,4,13,0,4,10,27,1,1,51,59,40.0,46.0,11.0,13.0,18.0,12.0,481,375,407.0,299.0,186,202,221,97,38.0,23.0,3.0,0.0,1.26,2.29,1.18,1.5,0.08,0.0,1.26,1.5,0.08,2.26,0,0,6,4,1,0,3,1,4,0,0.0,0.0,1.0336,2.2327,0.0278,0.0,0.1152,0.0576,0.0859,0.0,11,2,0,2,3,0,0,0,0,1,1.1812,0.5675,0.0,0.9344,0.0814,0.0,0.0,0.0,0.0,0.7884,14,5,20.89,15.53
4087168,2023-05-29,arg,2023,Liga Profesional,18,Leandro Rey Hilfer,10081,Huracan,10096,Union,1,0,1,68,32,23,9,5,4,12,3,6,2,1,0,13,7,10,2,7,4,2,0,2,0,41,17,12,17,4,3,0,0,1,3,19,22,5,12,3,6,9,43,2,5,75,60,45.0,39.0,30.0,21.0,10.0,5.0,451,219,355.0,118.0,143,57,212,61,35.0,13.0,13.0,4.0,1.67,0.67,1.16,0.41,0.52,0.25,1.67,0.67,0.67,0.99,0,0,12,6,1,1,7,1,3,1,0.0,0.0,1.3491,0.5222,0.0673,0.1167,0.2173,0.0092,0.0557,0.0249,13,3,0,1,5,2,5,3,0,0,1.1715,0.1855,0.0,0.2353,0.1095,0.1297,0.4085,0.1226,0.0,0.0,23,9,17.82,16.79
4087168,2023-05-29,arg,2023,Liga Profesional,18,Leandro Rey Hilfer,10096,Union,10081,Huracan,0,1,0,32,68,9,23,4,5,3,12,2,6,0,1,7,13,2,10,4,7,0,2,0,2,17,41,17,12,3,4,0,0,3,1,22,19,12,5,6,3,43,9,5,2,60,75,39.0,45.0,21.0,30.0,5.0,10.0,219,451,118.0,355.0,57,143,61,212,13.0,35.0,4.0,13.0,0.67,1.67,0.41,1.16,0.25,0.52,0.67,1.67,0.99,0.67,0,0,6,12,1,1,1,7,1,3,0.0,0.0,0.5222,1.3491,0.1167,0.0673,0.0092,0.2173,0.0249,0.0557,3,13,1,0,2,5,3,5,0,0,0.1855,1.1715,0.2353,0.0,0.1297,0.1095,0.1226,0.4085,0.0,0.0,9,23,16.79,17.82
4087169,2023-05-29,arg,2023,Liga Profesional,18,Andrés Merlos,10090,Instituto,10094,Estudiantes,1,0,0,49,51,13,9,3,3,5,5,5,1,0,0,4,5,9,4,5,4,2,0,2,0,,,10,10,2,2,0,0,1,2,15,18,3,7,1,6,21,35,3,2,47,76,32.0,49.0,15.0,27.0,8.0,21.0,415,449,318.0,348.0,127,174,191,174,22.0,33.0,2.0,5.0,0.61,0.35,0.51,0.18,0.1,0.17,0.61,0.35,0.1,1.01,1,1,2,3,1,1,5,3,4,1,0.2173,0.0878,0.0866,0.1234,0.1148,0.0522,0.096,0.0695,0.0908,0.014,9,5,0,1,3,1,1,2,0,0,0.5103,0.1266,0.0,0.0522,0.0814,0.0878,0.0138,0.0802,0.0,0.0,13,9,21.77,18.72
4087169,2023-05-29,arg,2023,Liga Profesional,18,Andrés Merlos,10094,Estudiantes,10090,Instituto,0,0,0,51,49,9,13,3,3,5,5,1,5,0,0,5,4,4,9,4,5,0,2,0,2,,,10,10,2,2,0,0,2,1,18,15,7,3,6,1,35,21,2,3,76,47,49.0,32.0,27.0,15.0,21.0,8.0,449,415,348.0,318.0,174,127,174,191,33.0,22.0,5.0,2.0,0.35,0.61,0.18,0.51,0.17,0.1,0.35,0.61,1.01,0.1,1,1,3,2,1,1,3,5,1,4,0.0878,0.2173,0.1234,0.0866,0.0522,0.1148,0.0695,0.096,0.014,0.0908,5,9,1,0,1,3,2,1,0,0,0.1266,0.5103,0.0522,0.0,0.0878,0.0814,0.0802,0.0138,0.0,0.0,9,13,18.72,21.77
4087171,2023-05-29,arg,2023,Liga Profesional,18,Fernando Espinoza,10088,Colon,213596,Central Cordoba de Santiago,1,2,2,50,50,11,15,2,4,6,6,3,5,0,0,7,7,4,8,1,6,2,2,2,1,,,6,8,1,3,1,0,4,1,30,22,13,14,5,3,18,22,2,1,66,49,49.0,40.0,17.0,9.0,11.0,12.0,445,439,322.0,328.0,180,131,142,197,19.0,18.0,5.0,2.0,1.45,1.35,1.13,1.21,0.31,0.14,1.45,1.35,0.2,1.4,0,0,7,4,0,3,1,5,3,3,0.0,0.0,1.2338,0.8794,0.0,0.1297,0.1377,0.263,0.076,0.0753,9,8,1,3,0,3,1,1,0,0,1.0228,0.561,0.1101,0.6459,0.0,0.1148,0.3146,0.0257,0.0,0.0,11,15,17.62,20.0
4087171,2023-05-29,arg,2023,Liga Profesional,18,Fernando Espinoza,213596,Central Cordoba de Santiago,10088,Colon,0,2,2,50,50,15,11,4,2,6,6,5,3,0,0,7,7,8,4,6,1,2,2,1,2,,,8,6,3,1,0,1,1,4,22,30,14,13,3,5,22,18,1,2,49,66,40.0,49.0,9.0,17.0,12.0,11.0,439,445,328.0,322.0,131,180,197,142,18.0,19.0,2.0,5.0,1.35,1.45,1.21,1.13,0.14,0.31,1.35,1.45,1.4,0.2,0,0,4,7,3,0,5,1,3,3,0.0,0.0,0.8794,1.2338,0.1297,0.0,0.263,0.1377,0.0753,0.076,8,9,3,1,3,0,1,1,0,0,0.561,1.0228,0.6459,0.1101,0.1148,0.0,0.0257,0.3146,0.0,0.0,15,11,20.0,17.62
4087156,2023-05-30,arg,2023,Liga Profesional,18,Fernando Echenique,10079,Velez Sarsfield,10076,River Plate,1,2,2,39,61,13,19,4,11,5,2,4,6,0,0,9,15,4,4,3,10,3,1,2,0,,,16,18,2,3,0,0,1,1,11,23,12,12,7,4,26,15,8,2,61,64,41.0,47.0,20.0,17.0,14.0,10.0,325,506,239.0,412.0,146,189,93,223,20.0,31.0,5.0,6.0,1.11,1.27,1.0,0.94,0.11,0.33,1.11,1.27,1.39,2.44,0,0,4,11,5,4,0,2,4,2,0.0,0.0,0.7152,1.0079,0.2617,0.1622,0.0,0.0721,0.1322,0.0413,9,14,1,0,0,5,3,0,0,0,0.8812,0.9369,0.1183,0.0,0.0,0.3466,0.1097,0.0,0.0,0.0,13,19,17.87,15.3
4087156,2023-05-30,arg,2023,Liga Profesional,18,Fernando Echenique,10076,River Plate,10079,Velez Sarsfield,0,2,2,61,39,19,13,11,4,2,5,6,4,0,0,15,9,4,4,10,3,1,3,0,2,,,18,16,3,2,0,0,1,1,23,11,12,12,4,7,15,26,2,8,64,61,47.0,41.0,17.0,20.0,10.0,14.0,506,325,412.0,239.0,189,146,223,93,31.0,20.0,6.0,5.0,1.27,1.11,0.94,1.0,0.33,0.11,1.27,1.11,2.44,1.39,0,0,11,4,4,5,2,0,2,4,0.0,0.0,1.0079,0.7152,0.1622,0.2617,0.0721,0.0,0.0413,0.1322,14,9,0,1,5,0,0,3,0,0,0.9369,0.8812,0.0,0.1183,0.3466,0.0,0.0,0.1097,0.0,0.0,19,13,15.3,17.87
4087165,2023-06-01,arg,2023,Liga Profesional,19,Sebastián Nicolás Martínez,202757,Sarmiento,10201,Newell's Old Boys,1,0,0,34,66,8,12,0,2,7,6,1,4,0,0,4,2,4,10,4,6,0,0,0,0,9,17,12,6,2,2,0,0,2,0,15,8,8,10,4,1,18,20,2,0,57,53,38.0,34.0,19.0,19.0,17.0,14.0,274,542,168.0,451.0,96,261,72,190,22.0,25.0,6.0,3.0,0.24,0.4,0.18,0.35,0.06,0.05,0.24,0.4,0.0,0.61,0,0,4,1,0,1,1,4,3,6,0.0,0.0,0.1494,0.101,0.0,0.0518,0.0462,0.1388,0.0483,0.1079,6,10,0,0,1,0,1,2,0,0,0.1837,0.3488,0.0,0.0,0.014,0.0,0.0462,0.0507,0.0,0.0,8,12,20.84,26.14
4087165,2023-06-01,arg,2023,Liga Profesional,19,Sebastián Nicolás Martínez,10201,Newell's Old Boys,202757,Sarmiento,0,0,0,66,34,12,8,2,0,6,7,4,1,0,0,2,4,10,4,6,4,0,0,0,0,17,9,6,12,2,2,0,0,0,2,8,15,10,8,1,4,20,18,0,2,53,57,34.0,38.0,19.0,19.0,14.0,17.0,542,274,451.0,168.0,261,96,190,72,25.0,22.0,3.0,6.0,0.4,0.24,0.35,0.18,0.05,0.06,0.4,0.24,0.61,0.0,0,0,1,4,1,0,4,1,6,3,0.0,0.0,0.101,0.1494,0.0518,0.0,0.1388,0.0462,0.1079,0.0483,10,6,0,0,0,1,2,1,0,0,0.3488,0.1837,0.0,0.0,0.0,0.014,0.0507,0.0462,0.0,0.0,12,8,26.14,20.84
4087162,2023-06-02,arg,2023,Liga Profesional,19,Leandro Rey Hilfer,10098,Arsenal Sarandi,10077,Boca Juniors,1,1,0,24,76,7,9,2,2,3,4,2,3,1,0,2,3,5,6,4,4,1,0,0,0,,,18,9,1,1,0,1,3,0,15,15,9,3,3,1,11,10,2,1,41,54,36.0,46.0,5.0,8.0,12.0,14.0,211,704,140.0,637.0,66,365,74,272,12.0,20.0,3.0,5.0,0.9,0.39,0.08,0.23,0.82,0.15,0.9,0.39,1.55,0.24,1,0,1,2,0,1,2,6,3,0,0.7126,0.0,0.0613,0.1604,0.0,0.0238,0.0402,0.2013,0.083,0.0,3,6,0,0,3,0,1,3,0,0,0.0803,0.2347,0.0,0.0,0.784,0.0,0.0328,0.1507,0.0,0.0,7,9,22.45,24.31
4087162,2023-06-02,arg,2023,Liga Profesional,19,Leandro Rey Hilfer,10077,Boca Juniors,10098,Arsenal Sarandi,0,0,1,76,24,9,7,2,2,4,3,3,2,0,1,3,2,6,5,4,4,0,1,0,0,,,9,18,1,1,1,0,0,3,15,15,3,9,1,3,10,11,1,2,54,41,46.0,36.0,8.0,5.0,14.0,12.0,704,211,637.0,140.0,365,66,272,74,20.0,12.0,5.0,3.0,0.39,0.9,0.23,0.08,0.15,0.82,0.39,0.9,0.24,1.55,0,1,2,1,1,0,6,2,0,3,0.0,0.7126,0.1604,0.0613,0.0238,0.0,0.2013,0.0402,0.0,0.083,6,3,0,0,0,3,3,1,0,0,0.2347,0.0803,0.0,0.0,0.0,0.784,0.1507,0.0328,0.0,0.0,9,7,24.31,22.45
4087214,2023-06-02,arg,2023,Liga Profesional,19,Fernando Echenique,10094,Estudiantes,213534,Barracas Central,1,5,2,54,46,12,18,8,8,3,7,1,3,0,1,7,10,5,8,7,1,1,1,0,0,,,12,8,1,2,0,0,2,0,27,18,11,7,3,0,11,19,6,3,53,57,42.0,34.0,11.0,23.0,9.0,6.0,495,415,396.0,330.0,210,159,186,171,28.0,25.0,6.0,4.0,0.99,1.07,0.81,0.57,0.17,0.5,0.99,1.07,2.04,1.69,1,4,5,4,1,2,4,6,1,2,0.072,0.4304,0.6786,0.3084,0.0911,0.0574,0.1132,0.2348,0.0339,0.0509,9,11,0,0,3,5,0,2,0,0,0.8144,0.5691,0.0,0.0,0.1745,0.3262,0.0,0.1866,0.0,0.0,12,18,17.36,18.97
4087214,2023-06-02,arg,2023,Liga Profesional,19,Fernando Echenique,213534,Barracas Central,10094,Estudiantes,0,2,5,46,54,18,12,8,8,7,3,3,1,1,0,10,7,8,5,1,7,1,1,0,0,,,8,12,2,1,0,0,0,2,18,27,7,11,0,3,19,11,3,6,57,53,34.0,42.0,23.0,11.0,6.0,9.0,415,495,330.0,396.0,159,210,171,186,25.0,28.0,4.0,6.0,1.07,0.99,0.57,0.81,0.5,0.17,1.07,0.99,1.69,2.04,4,1,4,5,2,1,6,4,2,1,0.4304,0.072,0.3084,0.6786,0.0574,0.0911,0.2348,0.1132,0.0509,0.0339,11,9,0,0,5,3,2,0,0,0,0.5691,0.8144,0.0,0.0,0.3262,0.1745,0.1866,0.0,0.0,0.0,18,12,18.97,17.36
4087150,2023-06-03,arg,2023,Liga Profesional,19,Nicolás Ramírez,10086,Argentinos Juniors,10089,Club Atletico Platense,1,1,0,63,37,22,7,4,2,9,2,9,3,1,0,17,6,5,1,13,2,3,1,3,1,,,11,14,5,7,1,0,1,1,17,23,4,9,3,9,13,42,2,3,72,71,42.0,39.0,30.0,32.0,11.0,6.0,340,207,244.0,114.0,115,38,129,76,28.0,16.0,11.0,3.0,1.51,0.84,0.74,0.54,0.76,0.3,1.51,0.84,1.28,0.13,1,1,11,4,5,1,4,1,1,0,0.2295,0.2875,0.7089,0.4119,0.405,0.0795,0.1457,0.0635,0.0183,0.0,11,2,0,1,8,1,3,3,0,0,0.7432,0.4358,0.0,0.1017,0.5941,0.1135,0.1701,0.1914,0.0,0.0,22,7,15.2,15.17
4087150,2023-06-03,arg,2023,Liga Profesional,19,Nicolás Ramírez,10089,Club Atletico Platense,10086,Argentinos Juniors,0,0,1,37,63,7,22,2,4,2,9,3,9,0,1,6,17,1,5,2,13,1,3,1,3,,,14,11,7,5,0,1,1,1,23,17,9,4,9,3,42,13,3,2,71,72,39.0,42.0,32.0,30.0,6.0,11.0,207,340,114.0,244.0,38,115,76,129,16.0,28.0,3.0,11.0,0.84,1.51,0.54,0.74,0.3,0.76,0.84,1.51,0.13,1.28,1,1,4,11,1,5,1,4,0,1,0.2875,0.2295,0.4119,0.7089,0.0795,0.405,0.0635,0.1457,0.0,0.0183,2,11,1,0,1,8,3,3,0,0,0.4358,0.7432,0.1017,0.0,0.1135,0.5941,0.1914,0.1701,0.0,0.0,7,22,15.17,15.2
4087161,2023-06-03,arg,2023,Liga Profesional,19,Andrés Merlos,89396,Tigre,10101,Talleres,1,1,3,50,50,17,22,5,7,11,11,1,4,0,2,8,12,9,10,6,4,2,8,1,5,17,29,13,13,3,1,0,0,1,3,15,14,13,6,4,1,14,26,4,4,59,55,42.0,41.0,17.0,14.0,14.0,14.0,373,398,282.0,298.0,153,140,129,158,19.0,37.0,4.0,3.0,1.06,3.65,0.62,3.6,0.44,0.05,1.06,3.65,1.06,5.52,1,1,5,7,2,4,7,7,2,3,0.1531,0.2324,0.4997,2.4991,0.1063,0.469,0.2207,0.3905,0.0783,0.0596,11,17,0,2,4,3,2,0,0,0,0.6225,2.5213,0.0,1.0793,0.3032,0.0501,0.1324,0.0,0.0,0.0,17,22,20.36,18.73
4087161,2023-06-03,arg,2023,Liga Profesional,19,Andrés Merlos,10101,Talleres,89396,Tigre,0,3,1,50,50,22,17,7,5,11,11,4,1,2,0,12,8,10,9,4,6,8,2,5,1,29,17,13,13,1,3,0,0,3,1,14,15,6,13,1,4,26,14,4,4,55,59,41.0,42.0,14.0,17.0,14.0,14.0,398,373,298.0,282.0,140,153,158,129,37.0,19.0,3.0,4.0,3.65,1.06,3.6,0.62,0.05,0.44,3.65,1.06,5.52,1.06,1,1,7,5,4,2,7,7,3,2,0.2324,0.1531,2.4991,0.4997,0.469,0.1063,0.3905,0.2207,0.0596,0.0783,17,11,2,0,3,4,0,2,0,0,2.5213,0.6225,1.0793,0.0,0.0501,0.3032,0.0,0.1324,0.0,0.0,22,17,18.73,20.36
4087167,2023-06-03,arg,2023,Liga Profesional,19,Pablo Echavarría,213596,Central Cordoba de Santiago,10081,Huracan,1,2,0,36,64,13,12,3,0,9,9,1,3,0,0,8,7,5,5,1,5,3,0,1,0,,,13,7,1,1,0,0,2,0,13,15,9,8,2,1,35,4,0,1,45,56,25.0,33.0,20.0,23.0,5.0,8.0,286,495,184.0,385.0,74,184,110,201,34.0,32.0,5.0,4.0,1.4,0.64,1.39,0.55,0.01,0.09,1.4,0.64,1.51,0.0,0,0,6,6,2,1,3,4,2,1,0.0,0.0,1.1293,0.4831,0.0922,0.0214,0.1184,0.1161,0.0625,0.02,12,9,0,1,1,2,0,0,0,0,1.3887,0.3524,0.0,0.1997,0.0137,0.0884,0.0,0.0,0.0,0.0,13,12,18.93,19.19
4087167,2023-06-03,arg,2023,Liga Profesional,19,Pablo Echavarría,10081,Huracan,213596,Central Cordoba de Santiago,0,0,2,64,36,12,13,0,3,9,9,3,1,0,0,7,8,5,5,5,1,0,3,0,1,,,7,13,1,1,0,0,0,2,15,13,8,9,1,2,4,35,1,0,56,45,33.0,25.0,23.0,20.0,8.0,5.0,495,286,385.0,184.0,184,74,201,110,32.0,34.0,4.0,5.0,0.64,1.4,0.55,1.39,0.09,0.01,0.64,1.4,0.0,1.51,0,0,6,6,1,2,4,3,1,2,0.0,0.0,0.4831,1.1293,0.0214,0.0922,0.1161,0.1184,0.02,0.0625,9,12,1,0,2,1,0,0,0,0,0.3524,1.3887,0.1997,0.0,0.0884,0.0137,0.0,0.0,0.0,0.0,12,13,19.19,18.93
4087210,2023-06-03,arg,2023,Liga Profesional,19,Hernán Mastrángelo,10092,Belgrano,10079,Velez Sarsfield,1,2,0,38,62,16,9,5,1,7,7,4,1,0,1,6,6,10,3,4,7,0,1,0,1,,,9,14,1,2,0,0,1,0,27,13,8,7,1,4,30,15,1,3,62,59,50.0,45.0,12.0,14.0,9.0,23.0,272,444,192.0,380.0,83,196,109,184,34.0,18.0,4.0,4.0,0.7,0.98,0.58,0.92,0.11,0.06,0.7,0.98,1.79,0.34,0,1,5,3,1,2,6,3,4,0,0.0,0.4278,0.3367,0.3849,0.0639,0.0647,0.1848,0.1052,0.1105,0.0,12,8,0,0,3,1,1,0,0,0,0.5826,0.9213,0.0,0.0,0.0466,0.0612,0.0667,0.0,0.0,0.0,16,9,24.05,16.19
4087210,2023-06-03,arg,2023,Liga Profesional,19,Hernán Mastrángelo,10079,Velez Sarsfield,10092,Belgrano,0,0,2,62,38,9,16,1,5,7,7,1,4,1,0,6,6,3,10,7,4,1,0,1,0,,,14,9,2,1,0,0,0,1,13,27,7,8,4,1,15,30,3,1,59,62,45.0,50.0,14.0,12.0,23.0,9.0,444,272,380.0,192.0,196,83,184,109,18.0,34.0,4.0,4.0,0.98,0.7,0.92,0.58,0.06,0.11,0.98,0.7,0.34,1.79,1,0,3,5,2,1,3,6,0,4,0.4278,0.0,0.3849,0.3367,0.0647,0.0639,0.1052,0.1848,0.0,0.1105,8,12,0,0,1,3,0,1,0,0,0.9213,0.5826,0.0,0.0,0.0612,0.0466,0.0,0.0667,0.0,0.0,9,16,16.19,24.05
4087213,2023-06-03,arg,2023,Liga Profesional,19,Jorge Ignacio Baliño,10084,Rosario Central,10090,Instituto,1,4,1,39,61,19,9,12,3,5,5,2,1,0,0,9,2,10,7,2,2,2,2,0,1,,,9,14,1,3,0,0,2,1,12,14,17,9,1,2,21,7,2,8,48,48,34.0,32.0,14.0,16.0,8.0,10.0,305,484,231.0,386.0,123,201,108,185,28.0,21.0,6.0,2.0,1.81,1.08,1.67,0.26,0.14,0.03,1.81,0.29,3.14,1.28,0,0,6,2,3,0,5,3,5,4,0.0,0.0,1.2431,0.9018,0.182,0.0,0.1976,0.1027,0.188,0.0738,12,7,4,0,1,0,2,1,0,1,1.3888,0.2622,0.281,0.0,0.0153,0.0,0.1257,0.0276,0.0,0.7884,19,9,19.58,22.82
4087213,2023-06-03,arg,2023,Liga Profesional,19,Jorge Ignacio Baliño,10090,Instituto,10084,Rosario Central,0,1,4,61,39,9,19,3,12,5,5,1,2,0,0,2,9,7,10,2,2,2,2,1,0,,,14,9,3,1,0,0,1,2,14,12,9,17,2,1,7,21,8,2,48,48,32.0,34.0,16.0,14.0,10.0,8.0,484,305,386.0,231.0,201,123,185,108,21.0,28.0,2.0,6.0,1.08,1.81,0.26,1.67,0.03,0.14,0.29,1.81,1.28,3.14,0,0,2,6,0,3,3,5,4,5,0.0,0.0,0.9018,1.2431,0.0,0.182,0.1027,0.1976,0.0738,0.188,7,12,0,4,0,1,1,2,1,0,0.2622,1.3888,0.0,0.281,0.0,0.0153,0.0276,0.1257,0.7884,0.0,9,19,22.82,19.58
4087164,2023-06-04,arg,2023,Liga Profesional,19,Carlos Andrés Gariano,10227,Godoy Cruz,10078,Independiente,1,2,1,42,58,12,12,8,5,3,6,1,1,0,0,9,7,3,5,7,1,6,2,4,1,21,25,15,11,3,2,0,0,1,2,23,28,11,13,1,1,35,15,4,6,67,79,46.0,59.0,21.0,20.0,14.0,19.0,261,360,158.0,250.0,56,122,102,128,28.0,25.0,6.0,7.0,2.23,1.48,1.41,1.33,0.82,0.15,2.23,1.48,3.59,1.94,3,3,4,4,2,0,2,3,1,2,1.7779,0.9359,0.2711,0.3537,0.1219,0.0,0.4302,0.1394,0.0223,0.0477,3,10,4,0,5,1,0,1,0,0,0.1296,1.3309,1.6277,0.0,0.8662,0.0158,0.0,0.13,0.0,0.0,12,12,12.21,16.16
4087164,2023-06-04,arg,2023,Liga Profesional,19,Carlos Andrés Gariano,10078,Independiente,10227,Godoy Cruz,0,1,2,58,42,12,12,5,8,6,3,1,1,0,0,7,9,5,3,1,7,2,6,1,4,25,21,11,15,2,3,0,0,2,1,28,23,13,11,1,1,15,35,6,4,79,67,59.0,46.0,20.0,21.0,19.0,14.0,360,261,250.0,158.0,122,56,128,102,25.0,28.0,7.0,6.0,1.48,2.23,1.33,1.41,0.15,0.82,1.48,2.23,1.94,3.59,3,3,4,4,0,2,3,2,2,1,0.9359,1.7779,0.3537,0.2711,0.0,0.1219,0.1394,0.4302,0.0477,0.0223,10,3,0,4,1,5,1,0,0,0,1.3309,0.1296,0.0,1.6277,0.0158,0.8662,0.13,0.0,0.0,0.0,12,12,16.16,12.21
4087166,2023-06-04,arg,2023,Liga Profesional,19,Facundo Raúl Tello Figueroa,10096,Union,10103,Gimnasia LP,1,2,0,45,55,11,9,6,1,4,6,1,2,0,0,6,6,5,3,6,8,2,1,0,1,17,15,16,8,4,3,0,0,0,0,22,22,9,8,1,1,26,24,1,4,62,77,44.0,53.0,18.0,24.0,15.0,16.0,286,345,197.0,255.0,90,115,107,140,24.0,28.0,1.0,6.0,1.31,1.13,0.94,0.17,0.38,0.18,1.31,0.34,2.1,0.98,1,0,3,5,2,1,2,3,3,0,0.0978,0.0,0.9204,1.0266,0.1376,0.0351,0.0458,0.0686,0.1164,0.0,5,5,1,0,2,2,3,1,0,1,0.2542,0.1931,0.6876,0.0,0.1992,0.0455,0.177,0.1032,0.0,0.7884,11,9,18.45,16.53
4087166,2023-06-04,arg,2023,Liga Profesional,19,Facundo Raúl Tello Figueroa,10103,Gimnasia LP,10096,Union,0,0,2,55,45,9,11,1,6,6,4,2,1,0,0,6,6,3,5,8,6,1,2,1,0,15,17,8,16,3,4,0,0,0,0,22,22,8,9,1,1,24,26,4,1,77,62,53.0,44.0,24.0,18.0,16.0,15.0,345,286,255.0,197.0,115,90,140,107,28.0,24.0,6.0,1.0,1.13,1.31,0.17,0.94,0.18,0.38,0.34,1.31,0.98,2.1,0,1,5,3,1,2,3,2,0,3,0.0,0.0978,1.0266,0.9204,0.0351,0.1376,0.0686,0.0458,0.0,0.1164,5,5,0,1,2,2,1,3,1,0,0.1931,0.2542,0.0,0.6876,0.0455,0.1992,0.1032,0.177,0.7884,0.0,9,11,16.53,18.45
4087212,2023-06-04,arg,2023,Liga Profesional,19,Pablo Dóvalo,10080,Racing Club,10087,Banfield,1,2,0,63,37,11,15,4,3,5,10,2,2,0,0,7,10,4,5,1,5,3,2,2,2,,,17,16,3,3,0,0,1,3,17,15,8,7,2,2,20,19,2,2,50,57,39.0,43.0,11.0,14.0,7.0,11.0,509,281,404.0,201.0,218,96,186,105,36.0,20.0,2.0,10.0,2.11,1.39,1.32,1.09,0.0,0.3,1.32,1.39,0.85,0.33,0,0,6,8,1,2,2,3,2,2,0.0,0.0,1.9749,1.0723,0.0422,0.194,0.0497,0.0848,0.0416,0.0422,10,12,0,0,0,1,0,2,1,0,1.3201,1.0929,0.0,0.0,0.0,0.0746,0.0,0.2259,0.7884,0.0,11,15,18.52,15.94
4087212,2023-06-04,arg,2023,Liga Profesional,19,Pablo Dóvalo,10087,Banfield,10080,Racing Club,0,0,2,37,63,15,11,3,4,10,5,2,2,0,0,10,7,5,4,5,1,2,3,2,2,,,16,17,3,3,0,0,3,1,15,17,7,8,2,2,19,20,2,2,57,50,43.0,39.0,14.0,11.0,11.0,7.0,281,509,201.0,404.0,96,218,105,186,20.0,36.0,10.0,2.0,1.39,2.11,1.09,1.32,0.3,0.0,1.39,1.32,0.33,0.85,0,0,8,6,2,1,3,2,2,2,0.0,0.0,1.0723,1.9749,0.194,0.0422,0.0848,0.0497,0.0422,0.0416,12,10,0,0,1,0,2,0,0,1,1.0929,1.3201,0.0,0.0,0.0746,0.0,0.2259,0.0,0.0,0.7884,15,11,15.94,18.52
4087215,2023-06-04,arg,2023,Liga Profesional,19,Darío Herrera,10083,San Lorenzo,10088,Colon,1,0,0,52,48,12,9,2,4,6,2,4,3,0,0,7,7,5,2,8,1,0,1,0,1,,,12,10,3,2,0,0,1,1,10,15,8,13,2,4,14,35,4,2,46,53,29.0,38.0,17.0,15.0,11.0,11.0,433,426,355.0,340.0,174,220,181,120,32.0,18.0,10.0,2.0,0.51,0.99,0.41,0.67,0.1,0.32,0.51,0.99,0.26,0.34,1,1,6,5,0,1,4,1,1,1,0.0673,0.552,0.2203,0.3424,0.0,0.0395,0.1923,0.033,0.029,0.0232,9,3,0,1,2,0,1,5,0,0,0.4348,0.6353,0.0,0.0395,0.0335,0.0,0.0406,0.3154,0.0,0.0,12,9,17.18,14.88
4087215,2023-06-04,arg,2023,Liga Profesional,19,Darío Herrera,10088,Colon,10083,San Lorenzo,0,0,0,48,52,9,12,4,2,2,6,3,4,0,0,7,7,2,5,1,8,1,0,1,0,,,10,12,2,3,0,0,1,1,15,10,13,8,4,2,35,14,2,4,53,46,38.0,29.0,15.0,17.0,11.0,11.0,426,433,340.0,355.0,220,174,120,181,18.0,32.0,2.0,10.0,0.99,0.51,0.67,0.41,0.32,0.1,0.99,0.51,0.34,0.26,1,1,5,6,1,0,1,4,1,1,0.552,0.0673,0.3424,0.2203,0.0395,0.0,0.033,0.1923,0.0232,0.029,3,9,1,0,0,2,5,1,0,0,0.6353,0.4348,0.0395,0.0,0.0,0.0335,0.3154,0.0406,0.0,0.0,9,12,14.88,17.18
4087163,2023-06-05,arg,2023,Liga Profesional,19,Silvio Trucco,10082,Lanus,161727,Atletico Tucuman,1,2,1,43,57,30,13,8,5,11,4,11,4,0,0,18,5,12,8,10,5,4,0,2,0,,,12,9,1,1,0,0,0,1,19,22,17,8,4,11,21,22,4,6,65,54,44.0,45.0,21.0,9.0,17.0,11.0,391,529,298.0,423.0,157,200,141,223,36.0,38.0,10.0,3.0,3.43,0.49,2.65,0.4,0.77,0.1,3.43,0.49,2.67,1.3,2,0,11,3,5,2,7,4,5,4,1.145,0.0,1.5346,0.22,0.4151,0.0787,0.2185,0.0975,0.112,0.0951,21,9,2,1,6,2,1,1,0,0,2.541,0.3498,0.114,0.046,0.7519,0.0592,0.0181,0.0363,0.0,0.0,30,13,17.18,23.89
4087163,2023-06-05,arg,2023,Liga Profesional,19,Silvio Trucco,161727,Atletico Tucuman,10082,Lanus,0,1,2,57,43,13,30,5,8,4,11,4,11,0,0,5,18,8,12,5,10,0,4,0,2,,,9,12,1,1,0,0,1,0,22,19,8,17,11,4,22,21,6,4,54,65,45.0,44.0,9.0,21.0,11.0,17.0,529,391,423.0,298.0,200,157,223,141,38.0,36.0,3.0,10.0,0.49,3.43,0.4,2.65,0.1,0.77,0.49,3.43,1.3,2.67,0,2,3,11,2,5,4,7,4,5,0.0,1.145,0.22,1.5346,0.0787,0.4151,0.0975,0.2185,0.0951,0.112,9,21,1,2,2,6,1,1,0,0,0.3498,2.541,0.046,0.114,0.0592,0.7519,0.0363,0.0181,0.0,0.0,13,30,23.89,17.18
4087209,2023-06-09,arg,2023,Liga Profesional,20,Pablo Dóvalo,10078,Independiente,202757,Sarmiento,1,2,0,56,44,15,3,4,0,4,3,7,0,0,0,4,3,11,0,10,4,1,1,0,1,23,16,12,15,0,2,0,1,0,0,18,27,9,7,0,7,28,30,0,2,60,77,40.0,43.0,20.0,34.0,7.0,6.0,412,309,305.0,200.0,122,109,183,91,22.0,25.0,3.0,6.0,0.87,0.35,0.52,0.31,0.35,0.04,0.87,0.35,1.66,0.0,0,0,2,3,2,0,8,0,3,0,0.0,0.0,0.3989,0.3544,0.0676,0.0,0.3248,0.0,0.0741,0.0,9,2,0,0,4,1,2,0,0,0,0.5198,0.3109,0.0,0.0,0.2616,0.0435,0.084,0.0,0.0,0.0,15,3,20.94,11.24
4087209,2023-06-09,arg,2023,Liga Profesional,20,Pablo Dóvalo,202757,Sarmiento,10078,Independiente,0,0,2,44,56,3,15,0,4,3,4,0,7,0,0,3,4,0,11,4,10,1,1,1,0,16,23,15,12,2,0,1,0,0,0,27,18,7,9,7,0,30,28,2,0,77,60,43.0,40.0,34.0,20.0,6.0,7.0,309,412,200.0,305.0,109,122,91,183,25.0,22.0,6.0,3.0,0.35,0.87,0.31,0.52,0.04,0.35,0.35,0.87,0.0,1.66,0,0,3,2,0,2,0,8,0,3,0.0,0.0,0.3544,0.3989,0.0,0.0676,0.0,0.3248,0.0,0.0741,2,9,0,0,1,4,0,2,0,0,0.3109,0.5198,0.0,0.0,0.0435,0.2616,0.0,0.084,0.0,0.0,3,15,11.24,20.94
4087218,2023-06-09,arg,2023,Liga Profesional,20,Luis Lobo Medina,213534,Barracas Central,10084,Rosario Central,1,0,0,50,50,7,7,2,2,3,3,2,2,0,0,4,3,3,4,9,2,0,0,0,0,,,12,8,1,4,0,0,0,2,22,25,5,15,2,2,12,44,2,2,52,74,40.0,44.0,12.0,30.0,10.0,9.0,285,309,182.0,201.0,77,78,105,123,19.0,34.0,5.0,3.0,0.56,0.35,0.37,0.27,0.19,0.08,0.56,0.35,0.07,0.31,0,0,2,2,2,1,1,1,2,3,0.0,0.0,0.3214,0.1385,0.0963,0.0394,0.056,0.0179,0.0868,0.1575,4,5,0,1,0,1,3,0,0,0,0.3674,0.1514,0.0,0.1169,0.0,0.0849,0.193,0.0,0.0,0.0,7,7,19.01,23.78
4087218,2023-06-09,arg,2023,Liga Profesional,20,Luis Lobo Medina,10084,Rosario Central,213534,Barracas Central,0,0,0,50,50,7,7,2,2,3,3,2,2,0,0,3,4,4,3,2,9,0,0,0,0,,,8,12,4,1,0,0,2,0,25,22,15,5,2,2,44,12,2,2,74,52,44.0,40.0,30.0,12.0,9.0,10.0,309,285,201.0,182.0,78,77,123,105,34.0,19.0,3.0,5.0,0.35,0.56,0.27,0.37,0.08,0.19,0.35,0.56,0.31,0.07,0,0,2,2,1,2,1,1,3,2,0.0,0.0,0.1385,0.3214,0.0394,0.0963,0.0179,0.056,0.1575,0.0868,5,4,1,0,1,0,0,3,0,0,0.1514,0.3674,0.1169,0.0,0.0849,0.0,0.0,0.193,0.0,0.0,7,7,23.78,19.01
4087221,2023-06-10,arg,2023,Liga Profesional,20,Fernando Echenique,10077,Boca Juniors,10082,Lanus,1,1,1,71,29,13,9,5,4,4,5,4,0,0,0,8,4,5,5,6,4,2,0,1,0,,,10,15,2,5,0,0,1,2,17,19,7,10,0,4,13,23,3,4,63,52,50.0,37.0,13.0,15.0,20.0,8.0,665,264,580.0,188.0,313,113,267,75,28.0,21.0,4.0,5.0,1.75,0.41,1.68,0.33,0.07,0.09,1.75,0.41,1.68,0.45,1,0,5,4,2,0,2,4,3,1,0.7112,0.0,0.7373,0.1585,0.1472,0.0,0.05,0.2356,0.1085,0.0181,11,6,0,0,0,2,2,1,0,0,1.6829,0.3259,0.0,0.0,0.0,0.0606,0.0713,0.0256,0.0,0.0,13,9,16.84,18.92
4087221,2023-06-10,arg,2023,Liga Profesional,20,Fernando Echenique,10082,Lanus,10077,Boca Juniors,0,1,1,29,71,9,13,4,5,5,4,0,4,0,0,4,8,5,5,4,6,0,2,0,1,,,15,10,5,2,0,0,2,1,19,17,10,7,4,0,23,13,4,3,52,63,37.0,50.0,15.0,13.0,8.0,20.0,264,665,188.0,580.0,113,313,75,267,21.0,28.0,5.0,4.0,0.41,1.75,0.33,1.68,0.09,0.07,0.41,1.75,0.45,1.68,0,1,4,5,0,2,4,2,1,3,0.0,0.7112,0.1585,0.7373,0.0,0.1472,0.2356,0.05,0.0181,0.1085,6,11,0,0,2,0,1,2,0,0,0.3259,1.6829,0.0,0.0,0.0606,0.0,0.0256,0.0713,0.0,0.0,9,13,18.92,16.84
4087223,2023-06-10,arg,2023,Liga Profesional,20,Carlos Andrés Gariano,10089,Club Atletico Platense,89396,Tigre,1,1,0,33,67,9,11,2,2,4,7,3,2,0,0,2,6,7,5,2,6,0,0,0,0,,,12,10,1,0,0,0,1,2,23,17,12,13,2,3,33,13,2,1,59,64,41.0,46.0,18.0,18.0,10.0,17.0,235,473,134.0,362.0,55,188,79,174,19.0,22.0,3.0,4.0,0.25,0.38,0.18,0.34,0.07,0.04,0.25,0.38,0.37,0.44,0,0,1,3,1,3,4,4,3,1,0.0,0.0,0.0855,0.1182,0.0207,0.1137,0.0837,0.1208,0.0586,0.026,6,9,0,0,1,1,2,1,0,0,0.1822,0.3398,0.0,0.0,0.0105,0.0151,0.0558,0.0239,0.0,0.0,9,11,28.14,20.66
4087223,2023-06-10,arg,2023,Liga Profesional,20,Carlos Andrés Gariano,89396,Tigre,10089,Club Atletico Platense,0,0,1,67,33,11,9,2,2,7,4,2,3,0,0,6,2,5,7,6,2,0,0,0,0,,,10,12,0,1,0,0,2,1,17,23,13,12,3,2,13,33,1,2,64,59,46.0,41.0,18.0,18.0,17.0,10.0,473,235,362.0,134.0,188,55,174,79,22.0,19.0,4.0,3.0,0.38,0.25,0.34,0.18,0.04,0.07,0.38,0.25,0.44,0.37,0,0,3,1,3,1,4,4,1,3,0.0,0.0,0.1182,0.0855,0.1137,0.0207,0.1208,0.0837,0.026,0.0586,9,6,0,0,1,1,1,2,0,0,0.3398,0.1822,0.0,0.0,0.0151,0.0105,0.0239,0.0558,0.0,0.0,11,9,20.66,28.14
4087222,2023-06-11,arg,2023,Liga Profesional,20,Hernán Mastrángelo,10101,Talleres,10098,Arsenal Sarandi,1,1,0,54,46,10,11,4,2,4,3,2,6,0,0,5,5,5,6,8,6,1,0,0,0,24,16,8,16,0,3,0,0,1,1,20,15,9,11,5,2,20,14,2,3,67,37,57.0,30.0,10.0,7.0,21.0,9.0,490,410,397.0,325.0,214,192,183,133,52.0,24.0,4.0,5.0,0.64,0.48,0.3,0.13,0.34,0.34,0.64,0.48,0.51,0.11,1,1,2,4,2,0,2,5,3,1,0.1426,0.0756,0.287,0.2821,0.1205,0.0,0.0348,0.1065,0.0575,0.0117,4,4,2,0,2,7,2,0,0,0,0.0869,0.1349,0.2174,0.0,0.2954,0.341,0.0427,0.0,0.0,0.0,10,11,22.49,18.65
4087222,2023-06-11,arg,2023,Liga Profesional,20,Hernán Mastrángelo,10098,Arsenal Sarandi,10101,Talleres,0,0,1,46,54,11,10,2,4,3,4,6,2,0,0,5,5,6,5,6,8,0,1,0,0,16,24,16,8,3,0,0,0,1,1,15,20,11,9,2,5,14,20,3,2,37,67,30.0,57.0,7.0,10.0,9.0,21.0,410,490,325.0,397.0,192,214,133,183,24.0,52.0,5.0,4.0,0.48,0.64,0.13,0.3,0.34,0.34,0.48,0.64,0.11,0.51,1,1,4,2,0,2,5,2,1,3,0.0756,0.1426,0.2821,0.287,0.0,0.1205,0.1065,0.0348,0.0117,0.0575,4,4,0,2,7,2,0,2,0,0,0.1349,0.0869,0.0,0.2174,0.341,0.2954,0.0,0.0427,0.0,0.0,11,10,18.65,22.49
4087208,2023-06-12,arg,2023,Liga Profesional,20,Pablo Echavarría,10201,Newell's Old Boys,10096,Union,1,1,1,63,37,11,5,3,2,4,3,4,0,2,0,6,3,5,2,7,2,2,1,1,0,12,7,6,13,1,3,0,0,1,0,12,16,10,4,0,4,8,20,1,2,50,41,31.0,28.0,19.0,13.0,6.0,7.0,550,320,475.0,240.0,239,145,236,95,33.0,11.0,5.0,1.0,1.01,0.46,0.94,0.42,0.07,0.04,1.01,0.46,0.84,0.33,1,1,4,2,1,0,3,0,2,2,0.5404,0.291,0.3083,0.1023,0.0517,0.0,0.0717,0.0,0.0545,0.0717,9,3,0,1,2,0,0,1,0,0,0.9563,0.3726,0.0,0.0519,0.0703,0.0,0.0,0.0404,0.0,0.0,11,5,18.57,21.95
4087208,2023-06-12,arg,2023,Liga Profesional,20,Pablo Echavarría,10096,Union,10201,Newell's Old Boys,0,1,1,37,63,5,11,2,3,3,4,0,4,0,2,3,6,2,5,2,7,1,2,0,1,7,12,13,6,3,1,0,0,0,1,16,12,4,10,4,0,20,8,2,1,41,50,28.0,31.0,13.0,19.0,7.0,6.0,320,550,240.0,475.0,145,239,95,236,11.0,33.0,1.0,5.0,0.46,1.01,0.42,0.94,0.04,0.07,0.46,1.01,0.33,0.84,1,1,2,4,0,1,0,3,2,2,0.291,0.5404,0.1023,0.3083,0.0,0.0517,0.0,0.0717,0.0717,0.0545,3,9,1,0,0,2,1,0,0,0,0.3726,0.9563,0.0519,0.0,0.0,0.0703,0.0404,0.0,0.0,0.0,5,11,21.95,18.57
4087216,2023-06-12,arg,2023,Liga Profesional,20,Jorge Ignacio Baliño,10083,San Lorenzo,213596,Central Cordoba de Santiago,1,0,0,60,40,14,4,5,0,7,4,2,0,0,0,7,1,7,3,5,7,2,0,2,0,,,9,17,1,2,0,1,1,1,11,15,8,15,0,3,14,31,0,4,69,61,48.0,32.0,21.0,29.0,21.0,9.0,512,338,395.0,223.0,179,91,216,132,15.0,24.0,6.0,1.0,1.43,0.17,1.35,0.07,0.08,0.1,1.43,0.17,0.52,0.0,1,0,6,1,0,0,4,0,3,3,0.5751,0.0,0.6268,0.1,0.0,0.0,0.1509,0.0,0.0763,0.0664,11,3,1,0,1,1,1,0,0,0,1.311,0.0664,0.0392,0.0,0.0508,0.1,0.0283,0.0,0.0,0.0,14,4,19.1,23.44
4087216,2023-06-12,arg,2023,Liga Profesional,20,Jorge Ignacio Baliño,213596,Central Cordoba de Santiago,10083,San Lorenzo,0,0,0,40,60,4,14,0,5,4,7,0,2,0,0,1,7,3,7,7,5,0,2,0,2,,,17,9,2,1,1,0,1,1,15,11,15,8,3,0,31,14,4,0,61,69,32.0,48.0,29.0,21.0,9.0,21.0,338,512,223.0,395.0,91,179,132,216,24.0,15.0,1.0,6.0,0.17,1.43,0.07,1.35,0.1,0.08,0.17,1.43,0.0,0.52,0,1,1,6,0,0,0,4,3,3,0.0,0.5751,0.1,0.6268,0.0,0.0,0.0,0.1509,0.0664,0.0763,3,11,0,1,1,1,0,1,0,0,0.0664,1.311,0.0,0.0392,0.1,0.0508,0.0,0.0283,0.0,0.0,4,14,23.44,19.1
4087226,2023-06-12,arg,2023,Liga Profesional,20,Facundo Raúl Tello Figueroa,10087,Banfield,10076,River Plate,1,1,4,34,66,9,10,2,7,6,1,1,2,0,0,5,6,4,4,7,4,1,3,0,1,,,16,12,1,1,1,0,3,1,35,16,9,10,2,1,13,37,3,1,78,59,62.0,41.0,16.0,18.0,16.0,9.0,233,498,150.0,410.0,63,199,87,211,20.0,31.0,5.0,1.0,1.37,1.49,0.18,1.41,0.4,0.07,0.58,1.49,1.06,2.76,1,1,4,4,0,1,2,2,2,2,0.09,0.6693,1.0996,0.5942,0.0,0.1027,0.1191,0.0481,0.0639,0.0716,3,7,0,1,3,1,2,1,1,0,0.1802,1.1364,0.0,0.2778,0.287,0.0172,0.117,0.0544,0.7884,0.0,9,10,18.4,18.13
4087226,2023-06-12,arg,2023,Liga Profesional,20,Facundo Raúl Tello Figueroa,10076,River Plate,10087,Banfield,0,4,1,66,34,10,9,7,2,1,6,2,1,0,0,6,5,4,4,4,7,3,1,1,0,,,12,16,1,1,0,1,1,3,16,35,10,9,1,2,37,13,1,3,59,78,41.0,62.0,18.0,16.0,9.0,16.0,498,233,410.0,150.0,199,63,211,87,31.0,20.0,1.0,5.0,1.49,1.37,1.41,0.18,0.07,0.4,1.49,0.58,2.76,1.06,1,1,4,4,1,0,2,2,2,2,0.6693,0.09,0.5942,1.0996,0.1027,0.0,0.0481,0.1191,0.0716,0.0639,7,3,1,0,1,3,1,2,0,1,1.1364,0.1802,0.2778,0.0,0.0172,0.287,0.0544,0.117,0.0,0.7884,10,9,18.13,18.4
4087192,2023-06-13,arg,2023,Liga Profesional,20,Nicolás Ramírez,10103,Gimnasia LP,10081,Huracan,1,1,0,50,50,12,11,4,3,5,5,3,3,0,0,3,7,9,4,1,4,1,0,0,0,,,9,17,3,5,0,0,2,2,22,13,7,13,3,3,35,23,3,3,79,63,54.0,32.0,25.0,31.0,15.0,13.0,348,326,241.0,216.0,106,82,135,134,30.0,35.0,3.0,4.0,0.91,0.42,0.69,0.29,0.22,0.13,0.91,0.42,1.01,0.7,0,0,2,5,1,2,2,3,7,1,0.0,0.0,0.158,0.2387,0.0783,0.0679,0.0929,0.0905,0.583,0.0259,9,6,0,0,0,2,3,3,0,0,0.69,0.2915,0.0,0.0,0.0,0.0331,0.222,0.0984,0.0,0.0,12,11,23.52,17.38
4087192,2023-06-13,arg,2023,Liga Profesional,20,Nicolás Ramírez,10081,Huracan,10103,Gimnasia LP,0,0,1,50,50,11,12,3,4,5,5,3,3,0,0,7,3,4,9,4,1,0,1,0,0,,,17,9,5,3,0,0,2,2,13,22,13,7,3,3,23,35,3,3,63,79,32.0,54.0,31.0,25.0,13.0,15.0,326,348,216.0,241.0,82,106,134,135,35.0,30.0,4.0,3.0,0.42,0.91,0.29,0.69,0.13,0.22,0.42,0.91,0.7,1.01,0,0,5,2,2,1,3,2,1,7,0.0,0.0,0.2387,0.158,0.0679,0.0783,0.0905,0.0929,0.0259,0.583,6,9,0,0,2,0,3,3,0,0,0.2915,0.69,0.0,0.0,0.0331,0.0,0.0984,0.222,0.0,0.0,11,12,17.38,23.52
4087217,2023-06-13,arg,2023,Liga Profesional,20,Nazareno Arasa,10088,Colon,10094,Estudiantes,1,1,0,40,60,10,15,2,4,4,6,4,5,0,0,5,10,5,5,3,6,1,3,0,3,,,11,3,3,2,0,0,4,1,21,23,13,8,6,4,38,15,3,1,51,61,34.0,47.0,17.0,14.0,10.0,14.0,329,482,242.0,369.0,118,176,124,193,16.0,36.0,3.0,4.0,0.81,1.41,0.51,0.94,0.3,0.47,0.81,1.41,0.79,0.93,0,0,4,9,1,1,4,3,1,2,0.0,0.0,0.6333,1.2807,0.05,0.0283,0.1174,0.0567,0.0132,0.0455,7,12,1,0,1,2,1,1,0,0,0.3866,0.9407,0.1233,0.0,0.0341,0.0764,0.27,0.3941,0.0,0.0,10,15,21.01,18.58
4087217,2023-06-13,arg,2023,Liga Profesional,20,Nazareno Arasa,10094,Estudiantes,10088,Colon,0,0,1,60,40,15,10,4,2,6,4,5,4,0,0,10,5,5,5,6,3,3,1,3,0,,,3,11,2,3,0,0,1,4,23,21,8,13,4,6,15,38,1,3,61,51,47.0,34.0,14.0,17.0,14.0,10.0,482,329,369.0,242.0,176,118,193,124,36.0,16.0,4.0,3.0,1.41,0.81,0.94,0.51,0.47,0.3,1.41,0.81,0.93,0.79,0,0,9,4,1,1,3,4,2,1,0.0,0.0,1.2807,0.6333,0.0283,0.05,0.0567,0.1174,0.0455,0.0132,12,7,0,1,2,1,1,1,0,0,0.9407,0.3866,0.0,0.1233,0.0764,0.0341,0.3941,0.27,0.0,0.0,15,10,18.58,21.01
4087219,2023-06-13,arg,2023,Liga Profesional,20,Silvio Trucco,10090,Instituto,10080,Racing Club,1,1,1,35,65,16,15,2,7,9,6,5,2,1,1,10,8,6,7,4,5,4,4,3,3,,,11,11,3,2,0,0,1,0,20,14,14,6,3,5,18,16,5,1,59,46,43.0,38.0,16.0,8.0,14.0,12.0,288,540,185.0,436.0,73,237,112,199,21.0,50.0,5.0,3.0,2.13,1.87,1.6,1.46,0.54,0.41,2.13,1.87,1.62,2.53,3,3,7,3,0,2,5,4,1,3,0.6388,2.0039,1.3063,0.2952,0.0,0.3237,0.1479,0.0681,0.046,0.0834,8,10,2,0,2,2,4,3,0,0,1.0039,2.3524,0.6306,0.0,0.1888,0.0233,0.3157,0.3987,0.0,0.0,16,15,15.7,21.46
4087219,2023-06-13,arg,2023,Liga Profesional,20,Silvio Trucco,10080,Racing Club,10090,Instituto,0,1,1,65,35,15,16,7,2,6,9,2,5,1,1,8,10,7,6,5,4,4,4,3,3,,,11,11,2,3,0,0,0,1,14,20,6,14,5,3,16,18,1,5,46,59,38.0,43.0,8.0,16.0,12.0,14.0,540,288,436.0,185.0,237,73,199,112,50.0,21.0,3.0,5.0,1.87,2.13,1.46,1.6,0.41,0.54,1.87,2.13,2.53,1.62,3,3,3,7,2,0,4,5,3,1,2.0039,0.6388,0.2952,1.3063,0.3237,0.0,0.0681,0.1479,0.0834,0.046,10,8,0,2,2,2,3,4,0,0,2.3524,1.0039,0.0,0.6306,0.0233,0.1888,0.3987,0.3157,0.0,0.0,15,16,21.46,15.7
4087220,2023-06-13,arg,2023,Liga Profesional,20,Sebastían Zunino,161727,Atletico Tucuman,10227,Godoy Cruz,1,2,1,42,58,12,16,5,2,5,7,2,7,0,2,8,9,4,7,4,5,5,2,3,1,,,9,11,1,1,0,0,4,3,16,17,14,13,7,3,22,19,1,2,60,65,41.0,38.0,19.0,27.0,15.0,16.0,324,433,225.0,338.0,144,159,81,179,29.0,40.0,2.0,7.0,1.24,1.07,1.08,0.85,0.16,0.21,1.24,1.07,2.26,1.24,0,0,6,7,2,2,1,5,3,2,0.0,0.0,0.9802,0.6937,0.1992,0.0447,0.0377,0.291,0.0904,0.036,6,12,2,0,2,3,2,1,0,0,0.7887,0.8525,0.3609,0.0,0.0878,0.143,0.0702,0.07,0.0,0.0,12,16,18.97,17.61
4087220,2023-06-13,arg,2023,Liga Profesional,20,Sebastían Zunino,10227,Godoy Cruz,161727,Atletico Tucuman,0,1,2,58,42,16,12,2,5,7,5,7,2,2,0,9,8,7,4,5,4,2,5,1,3,,,11,9,1,1,0,0,3,4,17,16,13,14,3,7,19,22,2,1,65,60,38.0,41.0,27.0,19.0,16.0,15.0,433,324,338.0,225.0,159,144,179,81,40.0,29.0,7.0,2.0,1.07,1.24,0.85,1.08,0.21,0.16,1.07,1.24,1.24,2.26,0,0,7,6,2,2,5,1,2,3,0.0,0.0,0.6937,0.9802,0.0447,0.1992,0.291,0.0377,0.036,0.0904,12,6,0,2,3,2,1,2,0,0,0.8525,0.7887,0.0,0.3609,0.143,0.0878,0.07,0.0702,0.0,0.0,16,12,17.61,18.97
4087224,2023-06-13,arg,2023,Liga Profesional,20,Fernando Andrés Rapallini,10079,Velez Sarsfield,10086,Argentinos Juniors,1,0,1,39,61,9,15,3,3,3,2,3,10,0,0,5,9,4,6,3,3,1,2,1,1,,,12,17,3,2,0,0,0,1,18,21,14,10,10,3,12,25,2,3,73,75,46.0,50.0,27.0,25.0,14.0,18.0,343,551,233.0,422.0,104,226,129,196,21.0,34.0,4.0,3.0,0.67,1.25,0.32,1.25,0.35,0.0,0.67,1.25,0.55,1.68,2,0,1,7,2,2,4,5,0,1,0.3333,0.0,0.1326,0.939,0.1109,0.0815,0.096,0.1918,0.0,0.0394,6,15,0,0,2,0,1,0,0,0,0.3234,1.2516,0.0,0.0,0.1951,0.0,0.1543,0.0,0.0,0.0,9,15,19.36,17.19
4087224,2023-06-13,arg,2023,Liga Profesional,20,Fernando Andrés Rapallini,10086,Argentinos Juniors,10079,Velez Sarsfield,0,1,0,61,39,15,9,3,3,2,3,10,3,0,0,9,5,6,4,3,3,2,1,1,1,,,17,12,2,3,0,0,1,0,21,18,10,14,3,10,25,12,3,2,75,73,50.0,46.0,25.0,27.0,18.0,14.0,551,343,422.0,233.0,226,104,196,129,34.0,21.0,3.0,4.0,1.25,0.67,1.25,0.32,0.0,0.35,1.25,0.67,1.68,0.55,0,2,7,1,2,2,5,4,1,0,0.0,0.3333,0.939,0.1326,0.0815,0.1109,0.1918,0.096,0.0394,0.0,15,6,0,0,0,2,0,1,0,0,1.2516,0.3234,0.0,0.0,0.0,0.1951,0.0,0.1543,0.0,0.0,15,9,17.19,19.36
4087225,2023-06-13,arg,2023,Liga Profesional,20,Sebastián Nicolás Martínez,161730,Defensa y Justicia,10092,Belgrano,1,2,0,48,52,18,16,9,7,8,9,1,0,0,0,7,11,11,5,6,5,1,1,0,1,,,9,6,2,0,0,0,3,2,26,13,15,9,0,1,29,11,7,7,51,49,41.0,38.0,10.0,11.0,9.0,16.0,430,433,353.0,352.0,207,186,146,166,34.0,25.0,3.0,11.0,1.31,1.38,1.27,1.1,0.04,0.28,1.31,1.38,1.85,1.39,0,0,4,10,3,1,7,3,4,2,0.0,0.0,0.377,1.1844,0.151,0.0352,0.6561,0.1123,0.1235,0.047,15,10,1,1,2,2,0,3,0,0,1.1899,1.0632,0.0813,0.0352,0.0364,0.0655,0.0,0.2151,0.0,0.0,18,16,21.96,17.41
4087225,2023-06-13,arg,2023,Liga Profesional,20,Sebastián Nicolás Martínez,10092,Belgrano,161730,Defensa y Justicia,0,0,2,52,48,16,18,7,9,9,8,0,1,0,0,11,7,5,11,5,6,1,1,1,0,,,6,9,0,2,0,0,2,3,13,26,9,15,1,0,11,29,7,7,49,51,38.0,41.0,11.0,10.0,16.0,9.0,433,430,352.0,353.0,186,207,166,146,25.0,34.0,11.0,3.0,1.38,1.31,1.1,1.27,0.28,0.04,1.38,1.31,1.39,1.85,0,0,10,4,1,3,3,7,2,4,0.0,0.0,1.1844,0.377,0.0352,0.151,0.1123,0.6561,0.047,0.1235,10,15,1,1,2,2,3,0,0,0,1.0632,1.1899,0.0352,0.0813,0.0655,0.0364,0.2151,0.0,0.0,0.0,16,18,17.41,21.96
4087143,2023-06-17,arg,2023,Liga Profesional,14,Fernando Espinoza,10096,Union,10082,Lanus,1,1,1,48,52,10,9,3,1,4,4,3,4,0,0,4,5,6,4,7,2,2,1,1,0,24,17,14,14,3,3,0,0,2,3,21,20,11,16,4,3,26,28,0,1,70,69,58.0,42.0,12.0,27.0,23.0,10.0,391,441,287.0,336.0,158,161,129,175,27.0,32.0,5.0,5.0,0.68,0.58,0.58,0.49,0.1,0.1,0.68,0.58,0.43,0.54,0,0,2,4,2,1,3,4,3,0,0.0,0.0,0.3098,0.3396,0.1639,0.0436,0.0918,0.2004,0.113,0.0,5,6,2,1,1,1,2,1,0,0,0.4629,0.3993,0.1204,0.0882,0.0273,0.0526,0.0678,0.0436,0.0,0.0,10,9,20.35,17.86
4087143,2023-06-17,arg,2023,Liga Profesional,14,Fernando Espinoza,10082,Lanus,10096,Union,0,1,1,52,48,9,10,1,3,4,4,4,3,0,0,5,4,4,6,2,7,1,2,0,1,17,24,14,14,3,3,0,0,3,2,20,21,16,11,3,4,28,26,1,0,69,70,42.0,58.0,27.0,12.0,10.0,23.0,441,391,336.0,287.0,161,158,175,129,32.0,27.0,5.0,5.0,0.58,0.68,0.49,0.58,0.1,0.1,0.58,0.68,0.54,0.43,0,0,4,2,1,2,4,3,0,3,0.0,0.0,0.3396,0.3098,0.0436,0.1639,0.2004,0.0918,0.0,0.113,6,5,1,2,1,1,1,2,0,0,0.3993,0.4629,0.0882,0.1204,0.0526,0.0273,0.0436,0.0678,0.0,0.0,9,10,17.86,20.35
4087186,2023-06-17,arg,2023,Liga Profesional,17,Leandro Rey Hilfer,10080,Racing Club,10079,Velez Sarsfield,1,2,1,52,48,11,13,4,7,3,5,4,1,0,0,7,9,4,4,3,3,2,2,0,2,,,17,16,2,2,0,0,1,3,17,19,5,9,2,4,25,12,5,2,59,74,41.0,55.0,18.0,19.0,10.0,19.0,385,345,300.0,271.0,140,126,160,145,27.0,25.0,5.0,7.0,1.68,1.08,0.89,0.55,0.0,0.53,0.89,1.08,1.96,1.44,1,0,5,7,1,2,3,1,1,3,0.2276,0.0,1.2287,0.8513,0.0632,0.0736,0.1424,0.0566,0.0234,0.1128,8,6,2,0,0,2,0,5,1,0,0.752,0.5642,0.1449,0.0,0.0,0.1684,0.0,0.3616,0.7884,0.0,11,13,17.58,17.16
4087186,2023-06-17,arg,2023,Liga Profesional,17,Leandro Rey Hilfer,10079,Velez Sarsfield,10080,Racing Club,0,1,2,48,52,13,11,7,4,5,3,1,4,0,0,9,7,4,4,3,3,2,2,2,0,,,16,17,2,2,0,0,3,1,19,17,9,5,4,2,12,25,2,5,74,59,55.0,41.0,19.0,18.0,19.0,10.0,345,385,271.0,300.0,126,140,145,160,25.0,27.0,7.0,5.0,1.08,1.68,0.55,0.89,0.53,0.0,1.08,0.89,1.44,1.96,0,1,7,5,2,1,1,3,3,1,0.0,0.2276,0.8513,1.2287,0.0736,0.0632,0.0566,0.1424,0.1128,0.0234,6,8,0,2,2,0,5,0,0,1,0.5642,0.752,0.0,0.1449,0.1684,0.0,0.3616,0.0,0.0,0.7884,13,11,17.16,17.58
4200748,2023-06-18,arg,2023,Liga Profesional,19,,10076,River Plate,161730,Defensa y Justicia,1,1,0,64,36,23,11,8,4,11,5,4,2,1,0,13,7,10,4,6,6,7,2,6,2,,,7,19,0,3,0,0,3,2,30,26,12,22,2,5,14,25,5,6,83,58,67.0,43.0,16.0,15.0,18.0,11.0,515,296,401.0,190.0,193,115,208,75,20.0,27.0,5.0,3.0,2.08,0.54,1.86,0.49,0.22,0.06,2.08,0.54,2.2,0.99,0,0,12,4,1,3,5,2,5,2,0.0,0.0,1.7307,0.2919,0.0278,0.1182,0.2286,0.0964,0.1116,0.0364,19,9,1,0,1,2,2,0,0,0,1.5919,0.4868,0.2875,0.0,0.0496,0.0562,0.1698,0.0,0.0,0.0,23,11,18.74,18.52
4200748,2023-06-18,arg,2023,Liga Profesional,19,,161730,Defensa y Justicia,10076,River Plate,0,0,1,36,64,11,23,4,8,5,11,2,4,0,1,7,13,4,10,6,6,2,7,2,6,,,19,7,3,0,0,0,2,3,26,30,22,12,5,2,25,14,6,5,58,83,43.0,67.0,15.0,16.0,11.0,18.0,296,515,190.0,401.0,115,193,75,208,27.0,20.0,3.0,5.0,0.54,2.08,0.49,1.86,0.06,0.22,0.54,2.08,0.99,2.2,0,0,4,12,3,1,2,5,2,5,0.0,0.0,0.2919,1.7307,0.1182,0.0278,0.0964,0.2286,0.0364,0.1116,9,19,0,1,2,1,0,2,0,0,0.4868,1.5919,0.0,0.2875,0.0562,0.0496,0.0,0.1698,0.0,0.0,11,23,18.52,18.74
4087206,2023-06-21,arg,2023,Liga Profesional,21,Yael Falcón Pérez,10094,Estudiantes,10083,San Lorenzo,1,1,1,63,37,11,8,3,5,5,3,3,0,0,0,5,5,6,3,3,3,1,1,1,0,,,11,17,2,6,0,0,1,3,14,15,3,16,0,3,10,21,4,2,57,56,41.0,37.0,16.0,19.0,10.0,11.0,585,339,495.0,263.0,231,152,264,111,18.0,32.0,4.0,4.0,1.17,1.2,0.22,1.15,0.17,0.05,0.38,1.2,1.59,1.09,0,1,5,2,0,2,4,2,2,1,0.0,0.8968,0.9543,0.0971,0.0,0.0776,0.1707,0.1117,0.0457,0.0202,6,6,0,1,1,1,3,0,1,0,0.2164,1.0796,0.0,0.0693,0.0506,0.0545,0.1153,0.0,0.7884,0.0,11,8,19.46,18.83
4087206,2023-06-21,arg,2023,Liga Profesional,21,Yael Falcón Pérez,10083,San Lorenzo,10094,Estudiantes,0,1,1,37,63,8,11,5,3,3,5,0,3,0,0,5,5,3,6,3,3,1,1,0,1,,,17,11,6,2,0,0,3,1,15,14,16,3,3,0,21,10,2,4,56,57,37.0,41.0,19.0,16.0,11.0,10.0,339,585,263.0,495.0,152,231,111,264,32.0,18.0,4.0,4.0,1.2,1.17,1.15,0.22,0.05,0.17,1.2,0.38,1.09,1.59,1,0,2,5,2,0,2,4,1,2,0.8968,0.0,0.0971,0.9543,0.0776,0.0,0.1117,0.1707,0.0202,0.0457,6,6,1,0,1,1,0,3,0,1,1.0796,0.2164,0.0693,0.0,0.0545,0.0506,0.0,0.1153,0.0,0.7884,8,11,18.83,19.46
4087193,2023-06-22,arg,2023,Liga Profesional,21,Andrés Merlos,213596,Central Cordoba de Santiago,10103,Gimnasia LP,1,0,0,48,52,17,18,3,4,8,8,6,6,0,0,10,8,7,10,7,6,1,0,1,0,,,7,10,0,1,0,0,1,1,26,18,2,8,6,6,25,14,4,3,58,56,41.0,38.0,17.0,18.0,5.0,14.0,301,327,206.0,228.0,79,97,127,131,33.0,25.0,5.0,6.0,1.03,0.81,0.85,0.62,0.17,0.19,1.03,0.81,0.95,0.33,0,0,8,7,2,1,5,5,2,5,0.0,0.0,0.7307,0.4143,0.0525,0.0847,0.194,0.1622,0.0494,0.149,10,13,1,0,4,3,2,2,0,0,0.5694,0.6241,0.2842,0.0,0.1079,0.0836,0.0652,0.1026,0.0,0.0,17,18,17.59,20.5
4087193,2023-06-22,arg,2023,Liga Profesional,21,Andrés Merlos,10103,Gimnasia LP,213596,Central Cordoba de Santiago,0,0,0,52,48,18,17,4,3,8,8,6,6,0,0,8,10,10,7,6,7,0,1,0,1,,,10,7,1,0,0,0,1,1,18,26,8,2,6,6,14,25,3,4,56,58,38.0,41.0,18.0,17.0,14.0,5.0,327,301,228.0,206.0,97,79,131,127,25.0,33.0,6.0,5.0,0.81,1.03,0.62,0.85,0.19,0.17,0.81,1.03,0.33,0.95,0,0,7,8,1,2,5,5,5,2,0.0,0.0,0.4143,0.7307,0.0847,0.0525,0.1622,0.194,0.149,0.0494,13,10,0,1,3,4,2,2,0,0,0.6241,0.5694,0.0,0.2842,0.0836,0.1079,0.1026,0.0652,0.0,0.0,18,17,20.5,17.59
4087200,2023-06-22,arg,2023,Liga Profesional,21,Pablo Echavarría,89396,Tigre,10079,Velez Sarsfield,1,2,1,55,45,19,13,4,4,12,2,3,7,1,0,9,9,10,4,5,6,3,2,2,1,21,28,7,11,1,0,0,0,2,1,13,21,10,15,7,3,13,19,3,3,65,65,43.0,42.0,22.0,23.0,20.0,15.0,448,368,333.0,246.0,169,122,164,124,18.0,22.0,8.0,7.0,2.94,1.18,2.94,1.11,0.0,0.07,2.94,1.18,1.66,1.06,2,1,4,6,3,2,7,3,3,1,0.9271,0.4106,0.9256,0.4731,0.1987,0.0615,0.7758,0.1018,0.1127,0.1358,17,11,2,0,0,2,0,0,0,0,2.6478,1.1132,0.292,0.0,0.0,0.0696,0.0,0.0,0.0,0.0,19,13,19.23,17.4
4087200,2023-06-22,arg,2023,Liga Profesional,21,Pablo Echavarría,10079,Velez Sarsfield,89396,Tigre,0,1,2,45,55,13,19,4,4,2,12,7,3,0,1,9,9,4,10,6,5,2,3,1,2,28,21,11,7,0,1,0,0,1,2,21,13,15,10,3,7,19,13,3,3,65,65,42.0,43.0,23.0,22.0,15.0,20.0,368,448,246.0,333.0,122,169,124,164,22.0,18.0,7.0,8.0,1.18,2.94,1.11,2.94,0.07,0.0,1.18,2.94,1.06,1.66,1,2,6,4,2,3,3,7,1,3,0.4106,0.9271,0.4731,0.9256,0.0615,0.1987,0.1018,0.7758,0.1358,0.1127,11,17,0,2,2,0,0,0,0,0,1.1132,2.6478,0.0,0.292,0.0696,0.0,0.0,0.0,0.0,0.0,13,19,17.4,19.23
4087203,2023-06-22,arg,2023,Liga Profesional,21,Hernán Mastrángelo,10076,River Plate,10090,Instituto,1,3,1,72,28,26,7,9,3,13,2,4,2,0,0,17,7,9,0,10,3,1,1,1,1,,,8,13,1,3,0,1,3,3,18,20,12,9,1,4,11,23,2,6,63,57,43.0,39.0,20.0,18.0,13.0,11.0,675,266,578.0,150.0,233,57,345,93,53.0,21.0,13.0,2.0,2.38,0.98,1.31,0.49,1.07,0.48,2.38,0.98,1.71,1.34,4,1,9,3,4,3,6,0,3,0,0.7124,0.3948,0.5519,0.1514,0.3439,0.4295,0.7178,0.0,0.0643,0.0,19,2,0,1,4,3,3,1,0,0,1.3198,0.2845,0.0,0.2099,0.5335,0.4298,0.5369,0.0517,0.0,0.0,26,7,16.54,14.42
4087203,2023-06-22,arg,2023,Liga Profesional,21,Hernán Mastrángelo,10090,Instituto,10076,River Plate,0,1,3,28,72,7,26,3,9,2,13,2,4,0,0,7,17,0,9,3,10,1,1,1,1,,,13,8,3,1,1,0,3,3,20,18,9,12,4,1,23,11,6,2,57,63,39.0,43.0,18.0,20.0,11.0,13.0,266,675,150.0,578.0,57,233,93,345,21.0,53.0,2.0,13.0,0.98,2.38,0.49,1.31,0.48,1.07,0.98,2.38,1.34,1.71,1,4,3,9,3,4,0,6,0,3,0.3948,0.7124,0.1514,0.5519,0.4295,0.3439,0.0,0.7178,0.0,0.0643,2,19,1,0,3,4,1,3,0,0,0.2845,1.3198,0.2099,0.0,0.4298,0.5335,0.0517,0.5369,0.0,0.0,7,26,14.42,16.54
4087204,2023-06-22,arg,2023,Liga Profesional,21,Nicolás Ramírez,10080,Racing Club,213534,Barracas Central,1,1,1,54,46,11,12,5,3,5,4,1,5,1,1,4,5,7,7,7,3,4,1,3,0,,,14,11,3,1,0,1,0,1,23,15,6,12,5,1,27,29,2,5,50,55,41.0,40.0,9.0,15.0,7.0,13.0,409,347,311.0,261.0,161,128,150,133,15.0,28.0,4.0,3.0,1.72,1.1,1.6,0.44,0.12,0.66,1.72,1.1,1.68,1.07,0,0,3,4,1,1,4,4,3,3,0.0,0.0,0.5751,0.78,0.2716,0.0305,0.8375,0.2088,0.0761,0.0852,5,9,3,0,1,1,2,2,0,0,0.7231,0.4471,0.9146,0.0,0.0737,0.0561,0.0489,0.6012,0.0,0.0,11,12,20.09,20.29
4087204,2023-06-22,arg,2023,Liga Profesional,21,Nicolás Ramírez,213534,Barracas Central,10080,Racing Club,0,1,1,46,54,12,11,3,5,4,5,5,1,1,1,5,4,7,7,3,7,1,4,0,3,,,11,14,1,3,1,0,1,0,15,23,12,6,1,5,29,27,5,2,55,50,40.0,41.0,15.0,9.0,13.0,7.0,347,409,261.0,311.0,128,161,133,150,28.0,15.0,3.0,4.0,1.1,1.72,0.44,1.6,0.66,0.12,1.1,1.72,1.07,1.68,0,0,4,3,1,1,4,4,3,3,0.0,0.0,0.78,0.5751,0.0305,0.2716,0.2088,0.8375,0.0852,0.0761,9,5,0,3,1,1,2,2,0,0,0.4471,0.7231,0.0,0.9146,0.0561,0.0737,0.6012,0.0489,0.0,0.0,12,11,20.29,20.09
4087194,2023-06-23,arg,2023,Liga Profesional,21,Luis Lobo Medina,10081,Huracan,10201,Newell's Old Boys,1,1,1,51,49,16,6,8,2,4,2,4,2,0,0,11,3,5,3,5,1,3,1,2,0,,,15,11,4,3,0,2,1,0,13,10,9,11,2,4,6,36,1,7,50,49,36.0,30.0,14.0,19.0,14.0,6.0,351,366,269.0,274.0,102,207,167,67,23.0,30.0,9.0,2.0,2.32,0.78,1.38,0.29,0.15,0.49,1.53,0.78,2.98,0.73,3,1,6,1,2,1,0,3,5,0,0.6299,0.4598,1.4713,0.1167,0.0698,0.1171,0.0,0.0834,0.1473,0.0,12,2,0,2,0,0,3,2,1,0,1.3814,0.0544,0.0,0.2338,0.0,0.0,0.1485,0.4888,0.7884,0.0,16,6,16.22,20.44
4087194,2023-06-23,arg,2023,Liga Profesional,21,Luis Lobo Medina,10201,Newell's Old Boys,10081,Huracan,0,1,1,49,51,6,16,2,8,2,4,2,4,0,0,3,11,3,5,1,5,1,3,0,2,,,11,15,3,4,2,0,0,1,10,13,11,9,4,2,36,6,7,1,49,50,30.0,36.0,19.0,14.0,6.0,14.0,366,351,274.0,269.0,207,102,67,167,30.0,23.0,2.0,9.0,0.78,2.32,0.29,1.38,0.49,0.15,0.78,1.53,0.73,2.98,1,3,1,6,1,2,3,0,0,5,0.4598,0.6299,0.1167,1.4713,0.1171,0.0698,0.0834,0.0,0.0,0.1473,2,12,2,0,0,0,2,3,0,1,0.0544,1.3814,0.2338,0.0,0.0,0.0,0.4888,0.1485,0.0,0.7884,6,16,20.44,16.22
4087197,2023-06-23,arg,2023,Liga Profesional,21,Facundo Raúl Tello Figueroa,10227,Godoy Cruz,10077,Boca Juniors,1,4,0,27,73,14,8,6,2,4,3,4,3,0,0,7,3,7,5,3,3,4,0,1,0,,,13,4,2,1,0,0,1,2,21,14,10,8,3,3,20,15,2,2,49,54,37.0,42.0,12.0,12.0,13.0,16.0,244,661,167.0,577.0,66,345,101,232,18.0,27.0,5.0,2.0,2.91,0.25,2.13,0.18,0.0,0.07,2.13,0.25,3.88,0.43,0,0,7,1,0,2,7,4,0,1,0.0,0.0,2.7622,0.029,0.0,0.0684,0.1518,0.1158,0.0,0.0401,11,6,2,0,0,0,0,2,1,0,1.2881,0.1842,0.8375,0.0,0.0,0.0,0.0,0.0691,0.7884,0.0,14,8,19.32,23.8
4087197,2023-06-23,arg,2023,Liga Profesional,21,Facundo Raúl Tello Figueroa,10077,Boca Juniors,10227,Godoy Cruz,0,0,4,73,27,8,14,2,6,3,4,3,4,0,0,3,7,5,7,3,3,0,4,0,1,,,4,13,1,2,0,0,2,1,14,21,8,10,3,3,15,20,2,2,54,49,42.0,37.0,12.0,12.0,16.0,13.0,661,244,577.0,167.0,345,66,232,101,27.0,18.0,2.0,5.0,0.25,2.91,0.18,2.13,0.07,0.0,0.25,2.13,0.43,3.88,0,0,1,7,2,0,4,7,1,0,0.0,0.0,0.029,2.7622,0.0684,0.0,0.1158,0.1518,0.0401,0.0,6,11,0,2,0,0,2,0,0,1,0.1842,1.2881,0.0,0.8375,0.0,0.0,0.0691,0.0,0.0,0.7884,8,14,23.8,19.32
4087195,2023-06-24,arg,2023,Liga Profesional,21,Fernando Echenique,10096,Union,10078,Independiente,1,3,0,45,55,12,7,6,0,3,4,3,3,0,0,5,4,7,3,4,4,2,0,0,0,13,12,16,12,3,3,0,1,2,0,23,26,14,8,3,3,15,18,0,3,63,68,52.0,56.0,11.0,12.0,17.0,16.0,306,386,235.0,306.0,137,148,98,158,11.0,26.0,3.0,2.0,1.01,0.35,0.93,0.24,0.08,0.11,1.01,0.35,2.2,0.0,0,0,4,4,1,0,4,2,3,1,0.0,0.0,0.5521,0.2686,0.0539,0.0,0.3145,0.0433,0.0929,0.04,7,4,2,0,0,1,3,2,0,0,0.6603,0.2417,0.2707,0.0,0.0,0.0448,0.0824,0.0654,0.0,0.0,12,7,20.85,19.4
4087195,2023-06-24,arg,2023,Liga Profesional,21,Fernando Echenique,10078,Independiente,10096,Union,0,0,3,55,45,7,12,0,6,4,3,3,3,0,0,4,5,3,7,4,4,0,2,0,0,12,13,12,16,3,3,1,0,0,2,26,23,8,14,3,3,18,15,3,0,68,63,56.0,52.0,12.0,11.0,16.0,17.0,386,306,306.0,235.0,148,137,158,98,26.0,11.0,2.0,3.0,0.35,1.01,0.24,0.93,0.11,0.08,0.35,1.01,0.0,2.2,0,0,4,4,0,1,2,4,1,3,0.0,0.0,0.2686,0.5521,0.0,0.0539,0.0433,0.3145,0.04,0.0929,4,7,0,2,1,0,2,3,0,0,0.2417,0.6603,0.0,0.2707,0.0448,0.0,0.0654,0.0824,0.0,0.0,7,12,19.4,20.85
4087198,2023-06-24,arg,2023,Liga Profesional,21,Fernando Andrés Rapallini,10082,Lanus,10101,Talleres,1,2,1,56,44,10,13,5,2,4,7,1,4,0,0,7,6,3,7,5,7,6,3,4,2,25,17,15,10,5,3,1,0,5,0,13,15,11,12,4,2,14,16,1,2,51,59,33.0,43.0,18.0,16.0,11.0,14.0,390,304,298.0,196.0,157,112,141,84,25.0,28.0,7.0,4.0,1.71,1.95,1.38,1.69,0.33,0.26,1.71,1.95,2.12,1.21,1,1,6,4,0,1,1,3,2,4,0.12,0.8818,1.4708,0.8108,0.0,0.0569,0.0486,0.0822,0.0724,0.1191,5,7,1,1,3,3,1,2,0,0,1.1309,0.8073,0.2523,0.8818,0.1721,0.1886,0.1564,0.0732,0.0,0.0,10,13,13.6,19.63
4087198,2023-06-24,arg,2023,Liga Profesional,21,Fernando Andrés Rapallini,10101,Talleres,10082,Lanus,0,1,2,44,56,13,10,2,5,7,4,4,1,0,0,6,7,7,3,7,5,3,6,2,4,17,25,10,15,3,5,0,1,0,5,15,13,12,11,2,4,16,14,2,1,59,51,43.0,33.0,16.0,18.0,14.0,11.0,304,390,196.0,298.0,112,157,84,141,28.0,25.0,4.0,7.0,1.95,1.71,1.69,1.38,0.26,0.33,1.95,1.71,1.21,2.12,1,1,4,6,1,0,3,1,4,2,0.8818,0.12,0.8108,1.4708,0.0569,0.0,0.0822,0.0486,0.1191,0.0724,7,5,1,1,3,3,2,1,0,0,0.8073,1.1309,0.8818,0.2523,0.1886,0.1721,0.0732,0.1564,0.0,0.0,13,10,19.63,13.6
4087201,2023-06-24,arg,2023,Liga Profesional,21,Leandro Rey Hilfer,10086,Argentinos Juniors,161730,Defensa y Justicia,1,3,1,57,43,11,11,5,2,3,6,3,3,0,0,7,7,4,4,5,5,0,3,0,2,,,8,15,2,3,0,0,0,3,22,15,10,8,3,3,23,20,1,2,74,52,57.0,34.0,17.0,18.0,20.0,11.0,420,315,319.0,216.0,159,113,160,103,33.0,22.0,4.0,6.0,0.64,1.8,0.45,0.55,0.19,0.46,0.64,1.01,1.54,1.18,0,0,6,7,1,0,4,3,0,1,0.0,0.0,0.4036,1.7019,0.04,0.0,0.197,0.082,0.0,0.0166,6,6,0,0,2,2,3,2,0,1,0.4456,0.5526,0.0,0.0,0.0887,0.0405,0.1063,0.4191,0.0,0.7884,11,11,18.01,18.18
4087201,2023-06-24,arg,2023,Liga Profesional,21,Leandro Rey Hilfer,161730,Defensa y Justicia,10086,Argentinos Juniors,0,1,3,43,57,11,11,2,5,6,3,3,3,0,0,7,7,4,4,5,5,3,0,2,0,,,15,8,3,2,0,0,3,0,15,22,8,10,3,3,20,23,2,1,52,74,34.0,57.0,18.0,17.0,11.0,20.0,315,420,216.0,319.0,113,159,103,160,22.0,33.0,6.0,4.0,1.8,0.64,0.55,0.45,0.46,0.19,1.01,0.64,1.18,1.54,0,0,7,6,0,1,3,4,1,0,0.0,0.0,1.7019,0.4036,0.0,0.04,0.082,0.197,0.0166,0.0,6,6,0,0,2,2,2,3,1,0,0.5526,0.4456,0.0,0.0,0.0405,0.0887,0.4191,0.1063,0.7884,0.0,11,11,18.18,18.01
4087196,2023-06-25,arg,2023,Liga Profesional,21,Nazareno Arasa,202757,Sarmiento,161727,Atletico Tucuman,1,4,1,31,69,20,17,6,4,9,8,5,5,0,0,10,5,10,12,7,3,1,1,1,0,24,15,9,7,2,3,0,0,3,2,11,14,10,6,5,5,20,17,3,2,38,55,23.0,36.0,15.0,19.0,5.0,14.0,239,556,153.0,462.0,59,216,94,246,23.0,25.0,6.0,2.0,1.54,0.74,1.29,0.61,0.25,0.13,1.54,0.74,1.21,1.69,0,0,5,3,5,2,4,10,6,2,0.0,0.0,0.7953,0.3474,0.3766,0.1021,0.1975,0.2546,0.1675,0.0354,12,14,3,0,4,1,1,2,0,0,0.7947,0.6135,0.4905,0.0,0.1834,0.0286,0.0683,0.0974,0.0,0.0,20,17,20.22,24.26
4087196,2023-06-25,arg,2023,Liga Profesional,21,Nazareno Arasa,161727,Atletico Tucuman,202757,Sarmiento,0,1,4,69,31,17,20,4,6,8,9,5,5,0,0,5,10,12,10,3,7,1,1,0,1,15,24,7,9,3,2,0,0,2,3,14,11,6,10,5,5,17,20,2,3,55,38,36.0,23.0,19.0,15.0,14.0,5.0,556,239,462.0,153.0,216,59,246,94,25.0,23.0,2.0,6.0,0.74,1.54,0.61,1.29,0.13,0.25,0.74,1.54,1.69,1.21,0,0,3,5,2,5,10,4,2,6,0.0,0.0,0.3474,0.7953,0.1021,0.3766,0.2546,0.1975,0.0354,0.1675,14,12,0,3,1,4,2,1,0,0,0.6135,0.7947,0.0,0.4905,0.0286,0.1834,0.0974,0.0683,0.0,0.0,17,20,24.26,20.22
4087199,2023-06-25,arg,2023,Liga Profesional,21,Fernando Espinoza,10098,Arsenal Sarandi,10089,Club Atletico Platense,1,0,2,59,41,7,10,2,4,4,4,1,2,0,0,5,8,2,2,4,5,0,4,0,2,,,8,13,2,3,0,0,6,1,18,23,11,8,2,1,17,20,2,2,69,65,48.0,41.0,21.0,24.0,19.0,11.0,466,331,349.0,208.0,153,111,196,97,35.0,25.0,8.0,3.0,0.45,1.45,0.32,1.44,0.12,0.01,0.45,1.45,0.1,1.89,0,0,5,6,0,2,1,1,1,1,0.0,0.0,0.3979,1.264,0.0,0.4108,0.031,0.0223,0.0168,0.0342,6,6,0,3,1,1,0,0,0,0,0.3229,0.6152,0.0,1.1014,0.1228,0.0147,0.0,0.0,0.0,0.0,7,10,14.93,16.5
4087199,2023-06-25,arg,2023,Liga Profesional,21,Fernando Espinoza,10089,Club Atletico Platense,10098,Arsenal Sarandi,0,2,0,41,59,10,7,4,2,4,4,2,1,0,0,8,5,2,2,5,4,4,0,2,0,,,13,8,3,2,0,0,1,6,23,18,8,11,1,2,20,17,2,2,65,69,41.0,48.0,24.0,21.0,11.0,19.0,331,466,208.0,349.0,111,153,97,196,25.0,35.0,3.0,8.0,1.45,0.45,1.44,0.32,0.01,0.12,1.45,0.45,1.89,0.1,0,0,6,5,2,0,1,1,1,1,0.0,0.0,1.264,0.3979,0.4108,0.0,0.0223,0.031,0.0342,0.0168,6,6,3,0,1,1,0,0,0,0,0.6152,0.3229,1.1014,0.0,0.0147,0.1228,0.0,0.0,0.0,0.0,10,7,16.5,14.93
4087205,2023-06-25,arg,2023,Liga Profesional,21,Nicolás Lamolina,10084,Rosario Central,10088,Colon,1,1,1,56,44,16,11,6,3,7,5,3,3,0,0,7,7,9,4,2,5,1,1,0,1,,,15,10,4,5,0,0,0,0,21,21,11,9,3,3,17,11,2,5,61,54,43.0,45.0,18.0,9.0,12.0,10.0,418,324,345.0,236.0,175,144,170,92,34.0,6.0,3.0,2.0,1.6,0.86,0.7,0.71,0.12,0.15,0.81,0.86,1.78,0.26,0,0,6,5,1,2,5,3,4,1,0.0,0.0,1.2127,0.6024,0.0888,0.1116,0.1967,0.0839,0.1049,0.065,11,7,0,0,1,1,3,3,1,0,0.6962,0.7082,0.0,0.0,0.0573,0.0202,0.0611,0.1345,0.7884,0.0,16,11,20.43,18.7
4087205,2023-06-25,arg,2023,Liga Profesional,21,Nicolás Lamolina,10088,Colon,10084,Rosario Central,0,1,1,44,56,11,16,3,6,5,7,3,3,0,0,7,7,4,9,5,2,1,1,1,0,,,10,15,5,4,0,0,0,0,21,21,9,11,3,3,11,17,5,2,54,61,45.0,43.0,9.0,18.0,10.0,12.0,324,418,236.0,345.0,144,175,92,170,6.0,34.0,2.0,3.0,0.86,1.6,0.71,0.7,0.15,0.12,0.86,0.81,0.26,1.78,0,0,5,6,2,1,3,5,1,4,0.0,0.0,0.6024,1.2127,0.1116,0.0888,0.0839,0.1967,0.065,0.1049,7,11,0,0,1,1,3,3,0,1,0.7082,0.6962,0.0,0.0,0.0202,0.0573,0.1345,0.0611,0.0,0.7884,11,16,18.7,20.43
4087202,2023-06-26,arg,2023,Liga Profesional,21,Darío Herrera,10092,Belgrano,10087,Banfield,1,3,1,58,42,8,10,4,4,4,6,0,0,0,0,6,7,2,3,3,6,4,3,1,3,,,12,13,3,4,1,0,0,1,15,25,6,3,0,0,21,13,4,1,63,58,42.0,43.0,21.0,15.0,15.0,6.0,405,278,319.0,199.0,176,111,143,88,48.0,20.0,3.0,5.0,1.6,1.31,1.46,0.84,0.13,0.47,1.6,1.31,2.18,1.39,2,1,3,6,1,0,1,0,1,3,0.4679,0.5361,0.6195,0.8387,0.4353,0.0,0.045,0.0,0.0281,0.0492,5,5,2,0,1,4,0,1,0,0,0.5446,0.9541,0.9181,0.0,0.1331,0.2591,0.0,0.2109,0.0,0.0,8,10,14.67,16.58
4087202,2023-06-26,arg,2023,Liga Profesional,21,Darío Herrera,10087,Banfield,10092,Belgrano,0,1,3,42,58,10,8,4,4,6,4,0,0,0,0,7,6,3,2,6,3,3,4,3,1,,,13,12,4,3,0,1,1,0,25,15,3,6,0,0,13,21,1,4,58,63,43.0,42.0,15.0,21.0,6.0,15.0,278,405,199.0,319.0,111,176,88,143,20.0,48.0,5.0,3.0,1.31,1.6,0.84,1.46,0.47,0.13,1.31,1.6,1.39,2.18,1,2,6,3,0,1,0,1,3,1,0.5361,0.4679,0.8387,0.6195,0.0,0.4353,0.0,0.045,0.0492,0.0281,5,5,0,2,4,1,1,0,0,0,0.9541,0.5446,0.0,0.9181,0.2591,0.1331,0.2109,0.0,0.0,0.0,10,8,16.58,14.67
4087252,2023-06-30,arg,2023,Liga Profesional,22,Pablo Dóvalo,10089,Club Atletico Platense,10082,Lanus,1,0,1,52,48,8,7,0,4,5,3,3,0,0,0,2,3,6,4,5,4,0,1,0,0,,,12,8,0,0,0,0,2,5,16,21,16,10,0,3,12,25,3,0,56,60,41.0,41.0,15.0,19.0,17.0,8.0,391,384,289.0,274.0,138,179,151,95,27.0,29.0,3.0,5.0,0.29,0.53,0.29,0.48,0.0,0.05,0.29,0.53,0.11,0.71,0,0,1,3,1,0,3,2,3,2,0.0,0.0,0.0444,0.416,0.0606,0.0,0.1028,0.0653,0.0825,0.0459,8,5,0,1,0,1,0,0,0,0,0.2904,0.4589,0.0,0.0211,0.0,0.0471,0.0,0.0,0.0,0.0,8,7,21.99,19.13
4087252,2023-06-30,arg,2023,Liga Profesional,22,Pablo Dóvalo,10082,Lanus,10089,Club Atletico Platense,0,1,0,48,52,7,8,4,0,3,5,0,3,0,0,3,2,4,6,4,5,1,0,0,0,,,8,12,0,0,0,0,5,2,21,16,10,16,3,0,25,12,0,3,60,56,41.0,41.0,19.0,15.0,8.0,17.0,384,391,274.0,289.0,179,138,95,151,29.0,27.0,5.0,3.0,0.53,0.29,0.48,0.29,0.05,0.0,0.53,0.29,0.71,0.11,0,0,3,1,0,1,2,3,2,3,0.0,0.0,0.416,0.0444,0.0,0.0606,0.0653,0.1028,0.0459,0.0825,5,8,1,0,1,0,0,0,0,0,0.4589,0.2904,0.0211,0.0,0.0471,0.0,0.0,0.0,0.0,0.0,7,8,19.13,21.99
4087191,2023-07-01,arg,2023,Liga Profesional,22,Fernando Echenique,10083,San Lorenzo,10084,Rosario Central,1,1,0,38,62,12,10,3,4,6,6,3,0,1,0,9,3,3,7,5,1,2,0,1,0,,,16,10,2,2,0,0,0,2,13,30,8,6,0,4,10,11,4,1,68,68,52.0,54.0,16.0,14.0,29.0,8.0,279,459,202.0,372.0,93,199,109,173,17.0,24.0,4.0,4.0,1.66,0.36,1.29,0.3,0.37,0.05,1.66,0.36,1.21,0.53,2,0,7,3,0,0,2,4,1,3,1.449,0.0,0.6813,0.1817,0.0,0.0,0.0822,0.1084,0.0379,0.0657,6,7,0,1,1,1,5,1,0,0,1.8014,0.2744,0.0,0.0304,0.0271,0.0221,0.4219,0.029,0.0,0.0,12,10,14.04,24.24
4087191,2023-07-01,arg,2023,Liga Profesional,22,Fernando Echenique,10084,Rosario Central,10083,San Lorenzo,0,0,1,62,38,10,12,4,3,6,6,0,3,0,1,3,9,7,3,1,5,0,2,0,1,,,10,16,2,2,0,0,2,0,30,13,6,8,4,0,11,10,1,4,68,68,54.0,52.0,14.0,16.0,8.0,29.0,459,279,372.0,202.0,199,93,173,109,24.0,17.0,4.0,4.0,0.36,1.66,0.3,1.29,0.05,0.37,0.36,1.66,0.53,1.21,0,2,3,7,0,0,4,2,3,1,0.0,1.449,0.1817,0.6813,0.0,0.0,0.1084,0.0822,0.0657,0.0379,7,6,1,0,1,1,1,5,0,0,0.2744,1.8014,0.0304,0.0,0.0221,0.0271,0.029,0.4219,0.0,0.0,10,12,24.24,14.04
4087207,2023-07-01,arg,2023,Liga Profesional,22,Hernán Mastrángelo,10094,Estudiantes,213596,Central Cordoba de Santiago,1,1,1,62,38,27,16,7,6,11,6,9,4,1,0,16,9,11,7,10,6,3,2,3,1,,,5,10,2,2,0,0,1,0,14,18,13,16,3,10,16,47,5,5,52,51,31.0,31.0,21.0,20.0,7.0,9.0,511,328,411.0,218.0,145,93,266,125,23.0,28.0,9.0,5.0,1.85,1.82,1.22,0.79,0.63,0.24,1.85,1.03,1.3,1.31,1,0,14,7,1,2,9,2,2,5,0.1528,0.0,1.3726,1.4739,0.0531,0.0752,0.2235,0.1111,0.0549,0.1549,18,12,0,0,8,3,1,0,0,1,1.2199,0.7866,0.0,0.0,0.5919,0.2401,0.0451,0.0,0.0,0.7884,27,16,17.73,17.98
4087207,2023-07-01,arg,2023,Liga Profesional,22,Hernán Mastrángelo,213596,Central Cordoba de Santiago,10094,Estudiantes,0,1,1,38,62,16,27,6,7,6,11,4,9,0,1,9,16,7,11,6,10,2,3,1,3,,,10,5,2,2,0,0,0,1,18,14,16,13,10,3,47,16,5,5,51,52,31.0,31.0,20.0,21.0,9.0,7.0,328,511,218.0,411.0,93,145,125,266,28.0,23.0,5.0,9.0,1.82,1.85,0.79,1.22,0.24,0.63,1.03,1.85,1.31,1.3,0,1,7,14,2,1,2,9,5,2,0.0,0.1528,1.4739,1.3726,0.0752,0.0531,0.1111,0.2235,0.1549,0.0549,12,18,0,0,3,8,0,1,1,0,0.7866,1.2199,0.0,0.0,0.2401,0.5919,0.0,0.0451,0.7884,0.0,16,27,17.98,17.73
4087228,2023-07-01,arg,2023,Liga Profesional,22,Leandro Rey Hilfer,213534,Barracas Central,10076,River Plate,1,2,1,34,66,6,13,5,3,0,5,1,5,0,0,4,9,2,4,5,4,2,1,1,0,,,16,10,3,2,0,0,2,1,29,22,23,5,5,1,28,16,1,3,77,61,51.0,44.0,26.0,17.0,12.0,7.0,248,482,126.0,355.0,58,159,68,196,28.0,26.0,3.0,6.0,1.32,1.12,1.24,0.78,0.08,0.33,1.32,1.12,2.53,1.01,1,0,2,7,1,2,2,3,0,1,0.6582,0.0,0.5568,0.9494,0.0468,0.0792,0.0603,0.07,0.0,0.0393,2,5,2,0,1,6,1,2,0,0,0.6906,0.8038,0.5489,0.0,0.0468,0.2802,0.0358,0.0539,0.0,0.0,6,13,15.45,16.78
4087228,2023-07-01,arg,2023,Liga Profesional,22,Leandro Rey Hilfer,10076,River Plate,213534,Barracas Central,0,1,2,66,34,13,6,3,5,5,0,5,1,0,0,9,4,4,2,4,5,1,2,0,1,,,10,16,2,3,0,0,1,2,22,29,5,23,1,5,16,28,3,1,61,77,44.0,51.0,17.0,26.0,7.0,12.0,482,248,355.0,126.0,159,58,196,68,26.0,28.0,6.0,3.0,1.12,1.32,0.78,1.24,0.33,0.08,1.12,1.32,1.01,2.53,0,1,7,2,2,1,3,2,1,0,0.0,0.6582,0.9494,0.5568,0.0792,0.0468,0.07,0.0603,0.0393,0.0,5,2,0,2,6,1,2,1,0,0,0.8038,0.6906,0.0,0.5489,0.2802,0.0468,0.0539,0.0358,0.0,0.0,13,6,16.78,15.45
4087251,2023-07-01,arg,2023,Liga Profesional,22,Ariel Penel,10079,Velez Sarsfield,10098,Arsenal Sarandi,1,1,0,70,30,6,8,1,4,4,3,1,1,0,1,4,6,2,2,3,5,2,2,1,2,13,12,11,11,0,3,0,0,5,1,13,16,5,14,2,1,15,14,3,0,43,52,27.0,31.0,16.0,21.0,3.0,5.0,486,209,412.0,127.0,228,64,184,63,30.0,17.0,4.0,4.0,0.52,0.89,0.22,0.27,0.3,0.62,0.52,0.89,0.39,0.5,1,0,2,6,1,0,2,2,0,0,0.1937,0.0,0.1818,0.81,0.1125,0.0,0.0312,0.0793,0.0,0.0,4,3,0,0,1,3,1,2,0,0,0.2158,0.2699,0.0,0.0,0.1098,0.3654,0.1937,0.2541,0.0,0.0,6,8,18.01,15.64
4087251,2023-07-01,arg,2023,Liga Profesional,22,Ariel Penel,10098,Arsenal Sarandi,10079,Velez Sarsfield,0,0,1,30,70,8,6,4,1,3,4,1,1,1,0,6,4,2,2,5,3,2,2,2,1,12,13,11,11,3,0,0,0,1,5,16,13,14,5,1,2,14,15,0,3,52,43,31.0,27.0,21.0,16.0,5.0,3.0,209,486,127.0,412.0,64,228,63,184,17.0,30.0,4.0,4.0,0.89,0.52,0.27,0.22,0.62,0.3,0.89,0.52,0.5,0.39,0,1,6,2,0,1,2,2,0,0,0.0,0.1937,0.81,0.1818,0.0,0.1125,0.0793,0.0312,0.0,0.0,3,4,0,0,3,1,2,1,0,0,0.2699,0.2158,0.0,0.0,0.3654,0.1098,0.2541,0.1937,0.0,0.0,8,6,15.64,18.01
4087255,2023-07-01,arg,2023,Liga Profesional,22,Carlos Andrés Gariano,161727,Atletico Tucuman,10096,Union,1,1,0,43,57,10,13,3,2,6,5,1,6,0,0,6,6,4,7,3,6,2,0,1,0,,,17,9,1,3,0,0,1,2,19,18,6,10,5,1,23,15,2,2,48,62,31.0,39.0,17.0,23.0,3.0,5.0,322,422,232.0,326.0,95,214,137,112,31.0,21.0,2.0,5.0,1.33,0.62,0.49,0.33,0.05,0.29,0.55,0.62,1.68,0.33,0,0,3,5,3,1,3,3,1,4,0.0,0.0,0.9179,0.3694,0.1353,0.0589,0.1207,0.0543,0.1606,0.1326,8,6,0,0,1,4,0,3,1,0,0.4916,0.3255,0.0,0.0,0.0545,0.0703,0.0,0.2194,0.7884,0.0,10,13,20.32,18.33
4087255,2023-07-01,arg,2023,Liga Profesional,22,Carlos Andrés Gariano,10096,Union,161727,Atletico Tucuman,0,0,1,57,43,13,10,2,3,5,6,6,1,0,0,6,6,7,4,6,3,0,2,0,1,,,9,17,3,1,0,0,2,1,18,19,10,6,1,5,15,23,2,2,62,48,39.0,31.0,23.0,17.0,5.0,3.0,422,322,326.0,232.0,214,95,112,137,21.0,31.0,5.0,2.0,0.62,1.33,0.33,0.49,0.29,0.05,0.62,0.55,0.33,1.68,0,0,5,3,1,3,3,3,4,1,0.0,0.0,0.3694,0.9179,0.0589,0.1353,0.0543,0.1207,0.1326,0.1606,6,8,0,0,4,1,3,0,0,1,0.3255,0.4916,0.0,0.0,0.0703,0.0545,0.2194,0.0,0.0,0.7884,13,10,18.33,20.32
4087227,2023-07-02,arg,2023,Liga Profesional,22,Facundo Raúl Tello Figueroa,10088,Colon,10080,Racing Club,1,0,4,41,59,5,19,2,9,2,8,1,2,0,0,2,10,3,9,3,5,1,2,1,1,,,9,9,2,2,1,0,4,0,11,19,13,12,1,1,11,18,5,2,39,43,32.0,32.0,7.0,11.0,12.0,5.0,362,520,288.0,418.0,189,201,99,217,25.0,28.0,2.0,9.0,0.4,2.5,0.27,2.24,0.13,0.25,0.4,2.5,0.64,2.76,0,1,1,8,1,1,2,8,1,1,0.0,0.875,0.1317,1.318,0.1933,0.0386,0.0539,0.2534,0.0222,0.012,3,15,1,1,0,1,1,2,0,0,0.0762,1.368,0.1933,0.875,0.0,0.1739,0.1317,0.0801,0.0,0.0,5,19,22.79,19.34
4087227,2023-07-02,arg,2023,Liga Profesional,22,Facundo Raúl Tello Figueroa,10080,Racing Club,10088,Colon,0,4,0,59,41,19,5,9,2,8,2,2,1,0,0,10,2,9,3,5,3,2,1,1,1,,,9,9,2,2,0,1,0,4,19,11,12,13,1,1,18,11,2,5,43,39,32.0,32.0,11.0,7.0,5.0,12.0,520,362,418.0,288.0,201,189,217,99,28.0,25.0,9.0,2.0,2.5,0.4,2.24,0.27,0.25,0.13,2.5,0.4,2.76,0.64,1,0,8,1,1,1,8,2,1,1,0.875,0.0,1.318,0.1317,0.0386,0.1933,0.2534,0.0539,0.012,0.0222,15,3,1,1,1,0,2,1,0,0,1.368,0.0762,0.875,0.1933,0.1739,0.0,0.0801,0.1317,0.0,0.0,19,5,19.34,22.79
4087229,2023-07-02,arg,2023,Liga Profesional,22,Andrés Merlos,10090,Instituto,10092,Belgrano,1,1,0,38,62,11,8,5,6,5,2,1,0,0,0,3,3,8,5,3,3,2,0,1,0,,,15,6,0,2,0,0,1,0,16,10,10,11,0,1,20,11,6,4,59,65,35.0,41.0,24.0,24.0,13.0,16.0,292,483,188.0,371.0,75,204,113,167,16.0,59.0,2.0,4.0,1.45,0.36,1.34,0.31,0.12,0.05,1.45,0.36,1.22,1.07,1,0,2,2,0,1,4,3,4,2,0.8453,0.0,0.4569,0.2228,0.0,0.0144,0.0938,0.0668,0.0555,0.0535,10,6,0,0,0,1,1,1,0,0,1.3356,0.3091,0.0,0.0,0.0,0.0147,0.1159,0.0337,0.0,0.0,11,8,23.19,23.83
4087229,2023-07-02,arg,2023,Liga Profesional,22,Andrés Merlos,10092,Belgrano,10090,Instituto,0,0,1,62,38,8,11,6,5,2,5,0,1,0,0,3,3,5,8,3,3,0,2,0,1,,,6,15,2,0,0,0,0,1,10,16,11,10,1,0,11,20,4,6,65,59,41.0,35.0,24.0,24.0,16.0,13.0,483,292,371.0,188.0,204,75,167,113,59.0,16.0,4.0,2.0,0.36,1.45,0.31,1.34,0.05,0.12,0.36,1.45,1.07,1.22,0,1,2,2,1,0,3,4,2,4,0.0,0.8453,0.2228,0.4569,0.0144,0.0,0.0668,0.0938,0.0535,0.0555,6,10,0,0,1,0,1,1,0,0,0.3091,1.3356,0.0,0.0,0.0147,0.0,0.0337,0.1159,0.0,0.0,8,11,23.83,23.19
4087230,2023-07-02,arg,2023,Liga Profesional,22,Nazareno Arasa,10087,Banfield,10086,Argentinos Juniors,1,1,0,28,72,15,9,5,2,7,4,3,3,0,0,11,5,4,4,4,4,2,2,2,2,,,13,9,3,2,0,0,0,0,13,12,13,11,4,5,24,23,1,2,59,53,34.0,30.0,25.0,23.0,12.0,8.0,235,605,129.0,492.0,56,301,73,191,22.0,28.0,6.0,7.0,1.55,1.12,0.93,0.96,0.62,0.15,1.55,1.12,0.99,0.12,2,0,8,5,1,0,4,2,0,2,0.4621,0.0,0.9458,0.7389,0.0306,0.0,0.1094,0.3292,0.0,0.0487,10,5,0,0,4,2,1,2,0,0,0.9594,0.9646,0.0,0.0,0.2568,0.0677,0.3318,0.0844,0.0,0.0,15,9,15.9,16.67
4087230,2023-07-02,arg,2023,Liga Profesional,22,Nazareno Arasa,10086,Argentinos Juniors,10087,Banfield,0,0,1,72,28,9,15,2,5,4,7,3,3,0,0,5,11,4,4,4,4,2,2,2,2,,,9,13,2,3,0,0,0,0,12,13,11,13,5,4,23,24,2,1,53,59,30.0,34.0,23.0,25.0,8.0,12.0,605,235,492.0,129.0,301,56,191,73,28.0,22.0,7.0,6.0,1.12,1.55,0.96,0.93,0.15,0.62,1.12,1.55,0.12,0.99,0,2,5,8,0,1,2,4,2,0,0.0,0.4621,0.7389,0.9458,0.0,0.0306,0.3292,0.1094,0.0487,0.0,5,10,0,0,2,4,2,1,0,0,0.9646,0.9594,0.0,0.0,0.0677,0.2568,0.0844,0.3318,0.0,0.0,9,15,16.67,15.9
4087231,2023-07-02,arg,2023,Liga Profesional,22,Sebastían Zunino,161730,Defensa y Justicia,89396,Tigre,1,1,0,42,58,13,18,5,8,4,8,4,2,1,0,4,9,9,9,1,10,0,0,0,0,18,19,4,11,2,2,0,0,2,1,12,28,6,7,2,3,30,11,8,4,42,56,32.0,41.0,10.0,15.0,11.0,9.0,319,416,226.0,326.0,103,137,123,189,20.0,31.0,0.0,4.0,0.54,1.32,0.5,0.72,0.03,0.6,0.54,1.32,0.96,1.39,0,1,3,7,1,1,4,4,5,5,0.0,0.3665,0.2204,0.4957,0.0478,0.0464,0.1363,0.257,0.1342,0.1726,12,12,0,0,1,3,0,3,0,0,0.5047,0.7237,0.0,0.0,0.0341,0.1732,0.0,0.4413,0.0,0.0,13,18,23.55,18.17
4087231,2023-07-02,arg,2023,Liga Profesional,22,Sebastían Zunino,89396,Tigre,161730,Defensa y Justicia,0,0,1,58,42,18,13,8,5,8,4,2,4,0,1,9,4,9,9,10,1,0,0,0,0,19,18,11,4,2,2,0,0,1,2,28,12,7,6,3,2,11,30,4,8,56,42,41.0,32.0,15.0,10.0,9.0,11.0,416,319,326.0,226.0,137,103,189,123,31.0,20.0,4.0,0.0,1.32,0.54,0.72,0.5,0.6,0.03,1.32,0.54,1.39,0.96,1,0,7,3,1,1,4,4,5,5,0.3665,0.0,0.4957,0.2204,0.0464,0.0478,0.257,0.1363,0.1726,0.1342,12,12,0,0,3,1,3,0,0,0,0.7237,0.5047,0.0,0.0,0.1732,0.0341,0.4413,0.0,0.0,0.0,18,13,18.17,23.55
4087253,2023-07-02,arg,2023,Liga Profesional,22,Jorge Ignacio Baliño,10101,Talleres,10227,Godoy Cruz,1,1,1,53,47,17,19,6,5,8,13,3,1,1,1,9,10,8,9,5,6,3,1,3,0,28,20,13,13,1,3,0,0,0,4,17,22,7,23,1,3,17,23,4,5,64,57,52.0,44.0,12.0,13.0,22.0,10.0,361,316,264.0,230.0,135,129,129,101,37.0,26.0,4.0,5.0,1.77,1.9,1.26,1.5,0.51,0.4,1.77,1.9,0.99,1.46,1,0,7,8,1,2,5,4,3,5,0.3465,0.0,1.1436,1.468,0.025,0.1918,0.1702,0.1148,0.0838,0.1257,12,12,0,2,3,5,2,0,0,0,1.2604,1.1603,0.0,0.3357,0.4349,0.4043,0.0737,0.0,0.0,0.0,17,19,19.9,22.1
4087253,2023-07-02,arg,2023,Liga Profesional,22,Jorge Ignacio Baliño,10227,Godoy Cruz,10101,Talleres,0,1,1,47,53,19,17,5,6,13,8,1,3,1,1,10,9,9,8,6,5,1,3,0,3,20,28,13,13,3,1,0,0,4,0,22,17,23,7,3,1,23,17,5,4,57,64,44.0,52.0,13.0,12.0,10.0,22.0,316,361,230.0,264.0,129,135,101,129,26.0,37.0,5.0,4.0,1.9,1.77,1.5,1.26,0.4,0.51,1.9,1.77,1.46,0.99,0,1,8,7,2,1,4,5,5,3,0.0,0.3465,1.468,1.1436,0.1918,0.025,0.1148,0.1702,0.1257,0.0838,12,12,2,0,5,3,0,2,0,0,1.1603,1.2604,0.3357,0.0,0.4043,0.4349,0.0,0.0737,0.0,0.0,19,17,22.1,19.9
4087256,2023-07-02,arg,2023,Liga Profesional,22,Fernando Andrés Rapallini,10078,Independiente,10081,Huracan,1,1,0,44,56,6,7,2,1,1,4,3,2,0,0,2,4,4,3,2,1,1,0,0,0,,,15,14,3,3,0,0,2,2,18,14,17,10,2,2,19,20,1,1,65,74,39.0,37.0,26.0,37.0,7.0,12.0,318,415,206.0,293.0,73,169,133,124,17.0,21.0,2.0,2.0,0.3,0.3,0.19,0.13,0.1,0.17,0.3,0.3,0.63,0.02,1,0,0,3,1,1,2,2,2,1,0.1281,0.0,0.0,0.1705,0.0612,0.0285,0.0602,0.0804,0.0456,0.0197,4,4,0,0,1,0,1,3,0,0,0.1923,0.1262,0.0,0.0,0.0416,0.0,0.0612,0.1729,0.0,0.0,6,7,20.08,19.39
4087256,2023-07-02,arg,2023,Liga Profesional,22,Fernando Andrés Rapallini,10081,Huracan,10078,Independiente,0,0,1,56,44,7,6,1,2,4,1,2,3,0,0,4,2,3,4,1,2,0,1,0,0,,,14,15,3,3,0,0,2,2,14,18,10,17,2,2,20,19,1,1,74,65,37.0,39.0,37.0,26.0,12.0,7.0,415,318,293.0,206.0,169,73,124,133,21.0,17.0,2.0,2.0,0.3,0.3,0.13,0.19,0.17,0.1,0.3,0.3,0.02,0.63,0,1,3,0,1,1,2,2,1,2,0.0,0.1281,0.1705,0.0,0.0285,0.0612,0.0804,0.0602,0.0197,0.0456,4,4,0,0,0,1,3,1,0,0,0.1262,0.1923,0.0,0.0,0.0,0.0416,0.1729,0.0612,0.0,0.0,7,6,19.39,20.08
4087254,2023-07-03,arg,2023,Liga Profesional,22,Silvio Trucco,10077,Boca Juniors,202757,Sarmiento,1,2,0,78,22,13,8,5,2,6,4,2,2,0,0,6,6,7,2,5,4,2,2,0,2,24,11,6,13,2,3,0,0,0,0,16,24,8,7,2,2,20,20,2,3,60,51,38.0,37.0,22.0,14.0,10.0,7.0,713,192,620.0,107.0,292,35,328,72,11.0,17.0,6.0,3.0,2.02,0.79,1.85,0.68,0.17,0.1,2.02,0.79,2.05,0.25,1,0,4,3,1,3,3,1,4,1,0.6054,0.0,1.1651,0.637,0.0344,0.1151,0.1113,0.0167,0.1065,0.0165,7,3,2,2,2,2,2,1,0,0,0.8722,0.3559,0.9784,0.3267,0.1008,0.0866,0.0712,0.0161,0.0,0.0,13,8,19.65,18.24
4087254,2023-07-03,arg,2023,Liga Profesional,22,Silvio Trucco,202757,Sarmiento,10077,Boca Juniors,0,0,2,22,78,8,13,2,5,4,6,2,2,0,0,6,6,2,7,4,5,2,2,2,0,11,24,13,6,3,2,0,0,0,0,24,16,7,8,2,2,20,20,3,2,51,60,37.0,38.0,14.0,22.0,7.0,10.0,192,713,107.0,620.0,35,292,72,328,17.0,11.0,3.0,6.0,0.79,2.02,0.68,1.85,0.1,0.17,0.79,2.02,0.25,2.05,0,1,3,4,3,1,1,3,1,4,0.0,0.6054,0.637,1.1651,0.1151,0.0344,0.0167,0.1113,0.0165,0.1065,3,7,2,2,2,2,1,2,0,0,0.3559,0.8722,0.3267,0.9784,0.0866,0.1008,0.0161,0.0712,0.0,0.0,8,13,18.24,19.65
4087257,2023-07-03,arg,2023,Liga Profesional,22,Darío Herrera,10201,Newell's Old Boys,10103,Gimnasia LP,1,2,2,64,36,17,12,6,5,7,4,4,3,0,0,8,7,9,5,5,6,3,3,2,2,,,15,13,3,4,0,0,2,1,20,12,10,9,3,3,13,14,3,4,68,39,54.0,29.0,14.0,10.0,21.0,4.0,471,256,372.0,162.0,231,54,141,108,17.0,25.0,9.0,3.0,1.15,0.89,0.52,0.49,0.64,0.4,1.15,0.89,1.88,1.26,1,0,5,3,2,4,8,4,1,1,0.2628,0.0,0.6162,0.3498,0.0795,0.2712,0.1784,0.23,0.0169,0.0381,11,6,0,1,3,4,3,1,0,0,0.5164,0.42,0.0,0.0654,0.3052,0.3656,0.3321,0.0381,0.0,0.0,17,12,20.18,19.53
4087257,2023-07-03,arg,2023,Liga Profesional,22,Darío Herrera,10103,Gimnasia LP,10201,Newell's Old Boys,0,2,2,36,64,12,17,5,6,4,7,3,4,0,0,7,8,5,9,6,5,3,3,2,2,,,13,15,4,3,0,0,1,2,12,20,9,10,3,3,14,13,4,3,39,68,29.0,54.0,10.0,14.0,4.0,21.0,256,471,162.0,372.0,54,231,108,141,25.0,17.0,3.0,9.0,0.89,1.15,0.49,0.52,0.4,0.64,0.89,1.15,1.26,1.88,0,1,3,5,4,2,4,8,1,1,0.0,0.2628,0.3498,0.6162,0.2712,0.0795,0.23,0.1784,0.0381,0.0169,6,11,1,0,4,3,1,3,0,0,0.42,0.5164,0.0654,0.0,0.3656,0.3052,0.0381,0.3321,0.0,0.0,12,17,19.53,20.18
4087262,2023-07-04,arg,2023,Liga Profesional,23,Carlos Andrés Gariano,10082,Lanus,10079,Velez Sarsfield,1,0,1,64,36,18,10,3,3,10,6,5,1,1,0,10,5,8,5,6,0,0,1,0,0,25,9,9,11,2,2,0,0,1,0,22,11,6,8,1,4,3,51,2,3,60,53,45.0,35.0,15.0,18.0,14.0,16.0,544,317,441.0,233.0,244,148,197,85,31.0,22.0,6.0,2.0,1.09,0.98,0.53,0.98,0.56,0.0,1.09,0.98,0.25,0.61,2,0,7,3,1,2,5,2,3,3,0.3723,0.0,0.4304,0.7094,0.0245,0.1626,0.1737,0.0277,0.089,0.0832,7,8,0,2,5,0,6,0,0,0,0.5291,0.3744,0.0,0.6085,0.1194,0.0,0.4414,0.0,0.0,0.0,18,10,20.44,21.2
4087262,2023-07-04,arg,2023,Liga Profesional,23,Carlos Andrés Gariano,10079,Velez Sarsfield,10082,Lanus,0,1,0,36,64,10,18,3,3,6,10,1,5,0,1,5,10,5,8,0,6,1,0,0,0,9,25,11,9,2,2,0,0,0,1,11,22,8,6,4,1,51,3,3,2,53,60,35.0,45.0,18.0,15.0,16.0,14.0,317,544,233.0,441.0,148,244,85,197,22.0,31.0,2.0,6.0,0.98,1.09,0.98,0.53,0.0,0.56,0.98,1.09,0.61,0.25,0,2,3,7,2,1,2,5,3,3,0.0,0.3723,0.7094,0.4304,0.1626,0.0245,0.0277,0.1737,0.0832,0.089,8,7,2,0,0,5,0,6,0,0,0.3744,0.5291,0.6085,0.0,0.0,0.1194,0.0,0.4414,0.0,0.0,10,18,21.2,20.44
4087233,2023-07-05,arg,2023,Liga Profesional,23,Hernán Mastrángelo,10080,Racing Club,10083,San Lorenzo,1,1,1,46,54,6,18,2,3,4,10,0,5,0,0,5,13,1,5,2,3,1,2,0,1,,,9,12,4,4,1,1,4,0,19,12,5,4,5,0,15,8,2,1,51,42,41.0,34.0,10.0,8.0,11.0,13.0,350,399,285.0,347.0,139,125,146,222,24.0,24.0,3.0,7.0,0.44,1.6,0.34,1.36,0.1,0.25,0.44,1.6,0.4,1.29,1,1,3,7,1,5,1,3,0,2,0.1294,0.7614,0.2133,0.5295,0.0647,0.1751,0.0363,0.0979,0.0,0.0393,4,15,0,0,1,1,1,2,0,0,0.3446,1.3575,0.0,0.0,0.0627,0.0766,0.0363,0.1693,0.0,0.0,6,18,14.61,16.93
4087233,2023-07-05,arg,2023,Liga Profesional,23,Hernán Mastrángelo,10083,San Lorenzo,10080,Racing Club,0,1,1,54,46,18,6,3,2,10,4,5,0,0,0,13,5,5,1,3,2,2,1,1,0,,,12,9,4,4,1,1,0,4,12,19,4,5,0,5,8,15,1,2,42,51,34.0,41.0,8.0,10.0,13.0,11.0,399,350,347.0,285.0,125,139,222,146,24.0,24.0,7.0,3.0,1.6,0.44,1.36,0.34,0.25,0.1,1.6,0.44,1.29,0.4,1,1,7,3,5,1,3,1,2,0,0.7614,0.1294,0.5295,0.2133,0.1751,0.0647,0.0979,0.0363,0.0393,0.0,15,4,0,0,1,1,2,1,0,0,1.3575,0.3446,0.0,0.0,0.0766,0.0627,0.1693,0.0363,0.0,0.0,18,6,16.93,14.61
4087234,2023-07-05,arg,2023,Liga Profesional,23,Facundo Raúl Tello Figueroa,10084,Rosario Central,10094,Estudiantes,1,0,0,52,48,17,16,4,4,6,7,7,5,0,0,10,8,7,8,7,4,2,2,2,2,,,14,15,0,3,0,0,3,2,22,13,7,10,5,5,13,25,4,4,80,60,46.0,38.0,34.0,22.0,11.0,11.0,337,323,258.0,241.0,114,112,144,129,38.0,22.0,8.0,4.0,1.66,1.73,0.77,1.64,0.1,0.09,0.87,1.73,1.34,0.73,0,1,8,5,2,2,3,4,4,4,0.0,0.8684,1.3852,0.5825,0.0894,0.0743,0.0905,0.1364,0.0981,0.0667,11,14,1,0,4,1,0,1,1,0,0.4732,1.6891,0.3007,0.0,0.1009,0.0219,0.0,0.0174,0.7884,0.0,17,16,18.17,19.64
4087234,2023-07-05,arg,2023,Liga Profesional,23,Facundo Raúl Tello Figueroa,10094,Estudiantes,10084,Rosario Central,0,0,0,48,52,16,17,4,4,7,6,5,7,0,0,8,10,8,7,4,7,2,2,2,2,,,15,14,3,0,0,0,2,3,13,22,10,7,5,5,25,13,4,4,60,80,38.0,46.0,22.0,34.0,11.0,11.0,323,337,241.0,258.0,112,114,129,144,22.0,38.0,4.0,8.0,1.73,1.66,1.64,0.77,0.09,0.1,1.73,0.87,0.73,1.34,1,0,5,8,2,2,4,3,4,4,0.8684,0.0,0.5825,1.3852,0.0743,0.0894,0.1364,0.0905,0.0667,0.0981,14,11,0,1,1,4,1,0,0,1,1.6891,0.4732,0.0,0.3007,0.0219,0.1009,0.0174,0.0,0.0,0.7884,16,17,19.64,18.17
4087260,2023-07-05,arg,2023,Liga Profesional,23,Fernando Espinoza,89396,Tigre,10087,Banfield,1,1,2,69,31,23,8,8,2,8,4,7,2,1,2,8,7,15,1,8,1,0,2,0,1,28,12,13,7,1,4,1,0,0,0,12,25,7,10,2,6,19,44,0,7,64,69,39.0,41.0,25.0,28.0,20.0,4.0,476,221,379.0,118.0,150,53,229,65,40.0,18.0,10.0,1.0,0.95,1.12,0.77,0.99,0.18,0.13,0.95,1.12,2.41,0.31,0,0,7,7,1,0,12,0,3,1,0.0,0.0,0.4133,1.0835,0.0662,0.0,0.3863,0.0,0.0877,0.0334,17,6,0,0,5,1,1,1,0,0,0.7716,0.9894,0.0,0.0,0.1277,0.0718,0.0541,0.0558,0.0,0.0,23,8,20.72,14.97
4087260,2023-07-05,arg,2023,Liga Profesional,23,Fernando Espinoza,10087,Banfield,89396,Tigre,0,2,1,31,69,8,23,2,8,4,8,2,7,2,1,7,8,1,15,1,8,2,0,1,0,12,28,7,13,4,1,0,1,0,0,25,12,10,7,6,2,44,19,7,0,69,64,41.0,39.0,28.0,25.0,4.0,20.0,221,476,118.0,379.0,53,150,65,229,18.0,40.0,1.0,10.0,1.12,0.95,0.99,0.77,0.13,0.18,1.12,0.95,0.31,2.41,0,0,7,7,0,1,0,12,1,3,0.0,0.0,1.0835,0.4133,0.0,0.0662,0.0,0.3863,0.0334,0.0877,6,17,0,0,1,5,1,1,0,0,0.9894,0.7716,0.0,0.0,0.0718,0.1277,0.0558,0.0541,0.0,0.0,8,23,14.97,20.72
4087263,2023-07-05,arg,2023,Liga Profesional,23,Darío Herrera,10227,Godoy Cruz,10089,Club Atletico Platense,1,2,1,49,51,13,14,4,6,5,5,4,3,0,0,7,9,6,5,4,7,2,2,1,2,,,11,13,3,4,0,0,1,2,22,30,11,3,3,4,21,20,5,2,74,85,51.0,59.0,23.0,26.0,17.0,20.0,339,339,246.0,239.0,110,123,136,116,46.0,25.0,7.0,8.0,1.43,1.14,0.96,0.99,0.47,0.15,1.43,1.14,1.97,1.75,1,0,6,9,0,0,5,4,1,1,0.6266,0.0,0.5659,1.0149,0.0,0.0,0.2237,0.1033,0.0184,0.0288,9,10,0,0,1,3,3,1,0,0,0.9642,0.9976,0.0,0.0,0.0184,0.1197,0.4519,0.0297,0.0,0.0,13,14,19.39,17.59
4087263,2023-07-05,arg,2023,Liga Profesional,23,Darío Herrera,10089,Club Atletico Platense,10227,Godoy Cruz,0,1,2,51,49,14,13,6,4,5,5,3,4,0,0,9,7,5,6,7,4,2,2,2,1,,,13,11,4,3,0,0,2,1,30,22,3,11,4,3,20,21,2,5,85,74,59.0,51.0,26.0,23.0,20.0,17.0,339,339,239.0,246.0,123,110,116,136,25.0,46.0,8.0,7.0,1.14,1.43,0.99,0.96,0.15,0.47,1.14,1.43,1.75,1.97,0,1,9,6,0,0,4,5,1,1,0.0,0.6266,1.0149,0.5659,0.0,0.0,0.1033,0.2237,0.0288,0.0184,10,9,0,0,3,1,1,3,0,0,0.9976,0.9642,0.0,0.0,0.1197,0.0184,0.0297,0.4519,0.0,0.0,14,13,17.59,19.39
4087248,2023-07-06,arg,2023,Liga Profesional,23,Nicolás Ramírez,10076,River Plate,10088,Colon,1,2,0,69,31,20,4,5,0,11,3,4,1,0,0,7,2,13,2,3,2,1,0,0,0,,,13,18,1,3,0,0,0,0,23,20,5,6,1,4,5,14,0,3,62,50,52.0,42.0,10.0,8.0,12.0,10.0,697,304,619.0,219.0,297,161,322,58,29.0,19.0,5.0,0.0,1.55,0.14,0.88,0.08,0.67,0.05,1.55,0.14,1.76,0.0,0,0,6,1,1,1,7,1,6,1,0.0,0.0,1.1856,0.0545,0.0581,0.0528,0.1805,0.0125,0.1259,0.0158,15,3,0,0,1,1,4,0,0,0,0.8844,0.081,0.0,0.0,0.0203,0.0545,0.6454,0.0,0.0,0.0,20,4,24.56,22.97
4087248,2023-07-06,arg,2023,Liga Profesional,23,Nicolás Ramírez,10088,Colon,10076,River Plate,0,0,2,31,69,4,20,0,5,3,11,1,4,0,0,2,7,2,13,2,3,0,1,0,0,,,18,13,3,1,0,0,0,0,20,23,6,5,4,1,14,5,3,0,50,62,42.0,52.0,8.0,10.0,10.0,12.0,304,697,219.0,619.0,161,297,58,322,19.0,29.0,0.0,5.0,0.14,1.55,0.08,0.88,0.05,0.67,0.14,1.55,0.0,1.76,0,0,1,6,1,1,1,7,1,6,0.0,0.0,0.0545,1.1856,0.0528,0.0581,0.0125,0.1805,0.0158,0.1259,3,15,0,0,1,1,0,4,0,0,0.081,0.8844,0.0,0.0,0.0545,0.0203,0.0,0.6454,0.0,0.0,4,20,22.97,24.56
4087250,2023-07-06,arg,2023,Liga Profesional,23,Ariel Penel,10086,Argentinos Juniors,10090,Instituto,1,0,0,70,30,18,8,3,4,9,1,6,3,0,0,8,6,10,2,10,5,0,1,0,1,,,10,15,1,4,0,0,0,3,13,16,4,6,3,6,14,35,4,3,66,59,42.0,32.0,24.0,27.0,15.0,6.0,565,238,458.0,132.0,195,34,263,98,48.0,28.0,9.0,4.0,0.73,0.67,0.42,0.62,0.31,0.05,0.73,0.67,0.6,0.5,0,0,6,5,2,1,4,1,6,1,0.0,0.0,0.3264,0.5453,0.1031,0.1085,0.1502,0.0183,0.1525,0.0162,9,6,0,1,8,1,1,0,0,0,0.4187,0.5328,0.0,0.1085,0.2697,0.047,0.0438,0.0,0.0,0.0,18,8,20.56,18.63
4087250,2023-07-06,arg,2023,Liga Profesional,23,Ariel Penel,10090,Instituto,10086,Argentinos Juniors,0,0,0,30,70,8,18,4,3,1,9,3,6,0,0,6,8,2,10,5,10,1,0,1,0,,,15,10,4,1,0,0,3,0,16,13,6,4,6,3,35,14,3,4,59,66,32.0,42.0,27.0,24.0,6.0,15.0,238,565,132.0,458.0,34,195,98,263,28.0,48.0,4.0,9.0,0.67,0.73,0.62,0.42,0.05,0.31,0.67,0.73,0.5,0.6,0,0,5,6,1,2,1,4,1,6,0.0,0.0,0.5453,0.3264,0.1085,0.1031,0.0183,0.1502,0.0162,0.1525,6,9,1,0,1,8,0,1,0,0,0.5328,0.4187,0.1085,0.0,0.047,0.2697,0.0,0.0438,0.0,0.0,8,18,18.63,20.56
4087261,2023-07-06,arg,2023,Liga Profesional,23,Nazareno Arasa,10098,Arsenal Sarandi,161730,Defensa y Justicia,1,1,2,42,58,12,21,2,7,7,7,3,7,1,0,8,8,4,13,4,6,1,1,0,0,,,13,11,1,1,0,0,2,1,14,12,11,16,6,3,24,18,5,1,41,55,30.0,41.0,11.0,14.0,5.0,17.0,317,455,208.0,354.0,114,171,94,183,25.0,36.0,8.0,3.0,1.27,1.56,1.03,1.15,0.24,0.41,1.27,1.56,0.79,1.03,2,0,5,5,1,3,2,8,2,5,0.675,0.0,0.402,0.9178,0.0484,0.1289,0.0773,0.3684,0.0648,0.1423,7,15,0,0,2,5,3,1,0,0,1.0265,1.1517,0.0,0.0,0.0853,0.3692,0.1556,0.0366,0.0,0.0,12,21,14.66,19.83
4087261,2023-07-06,arg,2023,Liga Profesional,23,Nazareno Arasa,161730,Defensa y Justicia,10098,Arsenal Sarandi,0,2,1,58,42,21,12,7,2,7,7,7,3,0,1,8,8,13,4,6,4,1,1,0,0,,,11,13,1,1,0,0,1,2,12,14,16,11,3,6,18,24,1,5,55,41,41.0,30.0,14.0,11.0,17.0,5.0,455,317,354.0,208.0,171,114,183,94,36.0,25.0,3.0,8.0,1.56,1.27,1.15,1.03,0.41,0.24,1.56,1.27,1.03,0.79,0,2,5,5,3,1,8,2,5,2,0.0,0.675,0.9178,0.402,0.1289,0.0484,0.3684,0.0773,0.1423,0.0648,15,7,0,0,5,2,1,3,0,0,1.1517,1.0265,0.0,0.0,0.3692,0.0853,0.0366,0.1556,0.0,0.0,21,12,19.83,14.66
4087264,2023-07-06,arg,2023,Liga Profesional,23,Sebastián Nicolás Martínez,202757,Sarmiento,10101,Talleres,1,0,1,42,58,15,10,4,5,6,4,5,1,0,0,7,6,8,4,9,5,0,1,0,0,29,16,15,9,3,4,0,0,3,1,18,17,14,12,1,5,17,35,4,4,71,59,37.0,42.0,34.0,17.0,11.0,10.0,290,445,186.0,346.0,69,134,117,212,42.0,38.0,7.0,1.0,0.52,0.51,0.25,0.28,0.27,0.23,0.52,0.51,0.96,1.54,0,1,5,1,2,4,5,3,3,1,0.0,0.1541,0.2012,0.0388,0.107,0.1823,0.1448,0.1071,0.0719,0.0233,8,6,0,1,3,2,4,1,0,0,0.2545,0.2164,0.0,0.0629,0.0829,0.1929,0.1874,0.0334,0.0,0.0,15,10,21.46,20.59
4087264,2023-07-06,arg,2023,Liga Profesional,23,Sebastián Nicolás Martínez,10101,Talleres,202757,Sarmiento,0,1,0,58,42,10,15,5,4,4,6,1,5,0,0,6,7,4,8,5,9,1,0,0,0,16,29,9,15,4,3,0,0,1,3,17,18,12,14,5,1,35,17,4,4,59,71,42.0,37.0,17.0,34.0,10.0,11.0,445,290,346.0,186.0,134,69,212,117,38.0,42.0,1.0,7.0,0.51,0.52,0.28,0.25,0.23,0.27,0.51,0.52,1.54,0.96,1,0,1,5,4,2,3,5,1,3,0.1541,0.0,0.0388,0.2012,0.1823,0.107,0.1071,0.1448,0.0233,0.0719,6,8,1,0,2,3,1,4,0,0,0.2164,0.2545,0.0629,0.0,0.1929,0.0829,0.0334,0.1874,0.0,0.0,10,15,20.59,21.46
4087265,2023-07-06,arg,2023,Liga Profesional,23,Andrés Merlos,10096,Union,10077,Boca Juniors,1,0,0,51,49,21,4,6,0,8,2,7,2,0,0,10,2,11,2,8,2,1,0,1,0,,,14,15,1,4,0,1,3,1,18,20,6,12,2,7,8,25,0,6,53,54,44.0,45.0,9.0,9.0,11.0,11.0,400,399,322.0,330.0,166,184,156,146,22.0,20.0,8.0,1.0,1.12,0.22,0.64,0.11,0.49,0.11,1.12,0.22,0.84,0.0,1,0,6,2,3,0,8,2,3,0,0.2546,0.0,0.3371,0.1769,0.2395,0.0,0.217,0.0441,0.076,0.0,14,3,0,0,4,1,3,0,0,0,0.6372,0.11,0.0,0.0,0.3646,0.111,0.1224,0.0,0.0,0.0,21,4,20.08,18.99
4087265,2023-07-06,arg,2023,Liga Profesional,23,Andrés Merlos,10077,Boca Juniors,10096,Union,0,0,0,49,51,4,21,0,6,2,8,2,7,0,0,2,10,2,11,2,8,0,1,0,1,,,15,14,4,1,1,0,1,3,20,18,12,6,7,2,25,8,6,0,54,53,45.0,44.0,9.0,9.0,11.0,11.0,399,400,330.0,322.0,184,166,146,156,20.0,22.0,1.0,8.0,0.22,1.12,0.11,0.64,0.11,0.49,0.22,1.12,0.0,0.84,0,1,2,6,0,3,2,8,0,3,0.0,0.2546,0.1769,0.3371,0.0,0.2395,0.0441,0.217,0.0,0.076,3,14,0,0,1,4,0,3,0,0,0.11,0.6372,0.0,0.0,0.111,0.3646,0.0,0.1224,0.0,0.0,4,21,18.99,20.08
4087249,2023-07-07,arg,2023,Liga Profesional,23,Pablo Dóvalo,10092,Belgrano,213534,Barracas Central,1,0,2,64,36,7,9,3,3,4,6,0,0,0,0,5,6,2,3,1,1,0,2,0,0,,,18,12,2,1,0,0,1,2,18,18,3,13,0,0,13,21,1,3,55,69,42.0,49.0,13.0,20.0,13.0,15.0,548,308,437.0,219.0,246,111,191,108,31.0,21.0,8.0,3.0,0.29,1.41,0.18,1.35,0.12,0.06,0.29,1.41,0.69,1.35,0,1,5,3,0,2,2,2,0,1,0.0,0.8244,0.2244,0.2206,0.0,0.2528,0.0675,0.0319,0.0,0.0808,4,7,0,0,0,1,3,1,0,0,0.1769,1.3501,0.0,0.0,0.0,0.0519,0.1151,0.0086,0.0,0.0,7,9,15.6,17.6
4087249,2023-07-07,arg,2023,Liga Profesional,23,Pablo Dóvalo,213534,Barracas Central,10092,Belgrano,0,2,0,36,64,9,7,3,3,6,4,0,0,0,0,6,5,3,2,1,1,2,0,0,0,,,12,18,1,2,0,0,2,1,18,18,13,3,0,0,21,13,3,1,69,55,49.0,42.0,20.0,13.0,15.0,13.0,308,548,219.0,437.0,111,246,108,191,21.0,31.0,3.0,8.0,1.41,0.29,1.35,0.18,0.06,0.12,1.41,0.29,1.35,0.69,1,0,3,5,2,0,2,2,1,0,0.8244,0.0,0.2206,0.2244,0.2528,0.0,0.0319,0.0675,0.0808,0.0,7,4,0,0,1,0,1,3,0,0,1.3501,0.1769,0.0,0.0,0.0519,0.0,0.0086,0.1151,0.0,0.0,9,7,17.6,15.6
4087259,2023-07-07,arg,2023,Liga Profesional,23,Leandro Rey Hilfer,10103,Gimnasia LP,10078,Independiente,1,1,1,56,44,10,7,6,1,1,5,3,1,0,0,7,4,3,3,2,6,2,0,1,0,,,16,17,3,2,1,0,2,1,19,31,11,13,1,3,19,18,0,5,82,84,48.0,61.0,34.0,23.0,13.0,16.0,419,329,299.0,198.0,168,100,131,98,26.0,23.0,3.0,2.0,0.66,0.47,0.5,0.37,0.16,0.1,0.66,0.47,1.82,0.04,2,0,4,3,1,1,2,3,1,0,0.2386,0.0,0.2256,0.3204,0.095,0.0559,0.075,0.0918,0.0322,0.0,6,4,1,1,2,1,1,1,0,0,0.3931,0.1676,0.1088,0.2043,0.1324,0.0665,0.0322,0.0298,0.0,0.0,10,7,15.85,19.51
4087259,2023-07-07,arg,2023,Liga Profesional,23,Leandro Rey Hilfer,10078,Independiente,10103,Gimnasia LP,0,1,1,44,56,7,10,1,6,5,1,1,3,0,0,4,7,3,3,6,2,0,2,0,1,,,17,16,2,3,0,1,1,2,31,19,13,11,3,1,18,19,5,0,84,82,61.0,48.0,23.0,34.0,16.0,13.0,329,419,198.0,299.0,100,168,98,131,23.0,26.0,2.0,3.0,0.47,0.66,0.37,0.5,0.1,0.16,0.47,0.66,0.04,1.82,0,2,3,4,1,1,3,2,0,1,0.0,0.2386,0.3204,0.2256,0.0559,0.095,0.0918,0.075,0.0,0.0322,4,6,1,1,1,2,1,1,0,0,0.1676,0.3931,0.2043,0.1088,0.0665,0.1324,0.0298,0.0322,0.0,0.0,7,10,19.51,15.85
4087266,2023-07-07,arg,2023,Liga Profesional,23,Jorge Ignacio Baliño,10081,Huracan,161727,Atletico Tucuman,1,0,1,61,39,19,6,7,2,11,3,1,1,2,0,15,1,4,5,3,1,3,0,3,0,,,14,13,1,3,0,0,2,0,20,33,5,6,1,1,9,30,1,7,62,89,42.0,58.0,20.0,31.0,9.0,12.0,513,341,395.0,225.0,173,110,222,115,31.0,39.0,10.0,1.0,1.9,0.13,1.77,0.13,0.14,0.0,1.9,0.13,0.93,0.53,2,0,9,1,4,0,0,3,4,2,0.4593,0.0,1.3033,0.0282,0.1287,0.0,0.0,0.0756,0.111,0.0294,17,6,0,0,1,0,1,0,0,0,1.8668,0.1332,0.0,0.0,0.1093,0.0,0.0262,0.0,0.0,0.0,19,6,15.8,25.82
4087266,2023-07-07,arg,2023,Liga Profesional,23,Jorge Ignacio Baliño,161727,Atletico Tucuman,10081,Huracan,0,1,0,39,61,6,19,2,7,3,11,1,1,0,2,1,15,5,4,1,3,0,3,0,3,,,13,14,3,1,0,0,0,2,33,20,6,5,1,1,30,9,7,1,89,62,58.0,42.0,31.0,20.0,12.0,9.0,341,513,225.0,395.0,110,173,115,222,39.0,31.0,1.0,10.0,0.13,1.9,0.13,1.77,0.0,0.14,0.13,1.9,0.53,0.93,0,2,1,9,0,4,3,0,2,4,0.0,0.4593,0.0282,1.3033,0.0,0.1287,0.0756,0.0,0.0294,0.111,6,17,0,0,0,1,0,1,0,0,0.1332,1.8668,0.0,0.0,0.0,0.1093,0.0,0.0262,0.0,0.0,6,19,25.82,15.8
4087236,2023-07-08,arg,2023,Liga Profesional,24,Germán Delfino,10094,Estudiantes,10080,Racing Club,1,0,0,47,53,9,6,2,1,5,3,2,2,0,0,6,1,3,5,3,3,0,0,0,0,,,8,16,2,4,0,0,4,2,14,16,13,11,2,2,11,22,1,2,52,44,38.0,30.0,14.0,14.0,8.0,6.0,378,434,265.0,324.0,135,191,130,133,32.0,20.0,7.0,3.0,0.32,0.19,0.18,0.19,0.14,0.0,0.32,0.19,0.08,0.08,0,0,4,0,2,1,2,5,1,0,0.0,0.0,0.1789,0.0,0.0744,0.0278,0.0311,0.1581,0.0358,0.0,5,6,1,0,2,0,1,0,0,0,0.1842,0.1859,0.0358,0.0,0.0256,0.0,0.0746,0.0,0.0,0.0,9,6,19.32,24.04
4087236,2023-07-08,arg,2023,Liga Profesional,24,Germán Delfino,10080,Racing Club,10094,Estudiantes,0,0,0,53,47,6,9,1,2,3,5,2,2,0,0,1,6,5,3,3,3,0,0,0,0,,,16,8,4,2,0,0,2,4,16,14,11,13,2,2,22,11,2,1,44,52,30.0,38.0,14.0,14.0,6.0,8.0,434,378,324.0,265.0,191,135,133,130,20.0,32.0,3.0,7.0,0.19,0.32,0.19,0.18,0.0,0.14,0.19,0.32,0.08,0.08,0,0,0,4,1,2,5,2,0,1,0.0,0.0,0.0,0.1789,0.0278,0.0744,0.1581,0.0311,0.0,0.0358,6,5,0,1,0,2,0,1,0,0,0.1859,0.1842,0.0,0.0358,0.0,0.0256,0.0,0.0746,0.0,0.0,6,9,24.04,19.32
4087237,2023-07-08,arg,2023,Liga Profesional,24,Facundo Raúl Tello Figueroa,10083,San Lorenzo,10076,River Plate,1,0,0,31,69,9,14,5,3,1,7,3,4,0,0,8,6,1,8,9,7,1,0,1,0,,,17,12,2,3,1,0,1,1,23,25,17,4,4,3,14,11,3,5,59,53,46.0,46.0,13.0,7.0,12.0,5.0,269,614,190.0,534.0,73,194,117,340,22.0,16.0,8.0,3.0,0.67,0.87,0.49,0.48,0.17,0.39,0.67,0.87,0.86,0.31,0,3,7,2,1,1,0,6,1,2,0.0,0.4143,0.6315,0.1261,0.02,0.0583,0.0,0.2396,0.0144,0.029,6,9,0,0,3,2,0,3,0,0,0.4938,0.4751,0.0,0.0,0.1721,0.1435,0.0,0.2489,0.0,0.0,9,14,14.8,19.43
4087237,2023-07-08,arg,2023,Liga Profesional,24,Facundo Raúl Tello Figueroa,10076,River Plate,10083,San Lorenzo,0,0,0,69,31,14,9,3,5,7,1,4,3,0,0,6,8,8,1,7,9,0,1,0,1,,,12,17,3,2,0,1,1,1,25,23,4,17,3,4,11,14,5,3,53,59,46.0,46.0,7.0,13.0,5.0,12.0,614,269,534.0,190.0,194,73,340,117,16.0,22.0,3.0,8.0,0.87,0.67,0.48,0.49,0.39,0.17,0.87,0.67,0.31,0.86,3,0,2,7,1,1,6,0,2,1,0.4143,0.0,0.1261,0.6315,0.0583,0.02,0.2396,0.0,0.029,0.0144,9,6,0,0,2,3,3,0,0,0,0.4751,0.4938,0.0,0.0,0.1435,0.1721,0.2489,0.0,0.0,0.0,14,9,19.43,14.8
4087258,2023-07-08,arg,2023,Liga Profesional,23,Silvio Trucco,213596,Central Cordoba de Santiago,10201,Newell's Old Boys,1,2,0,32,68,9,12,4,5,5,5,0,2,0,0,4,6,5,6,5,7,0,1,0,1,,,5,5,0,2,0,0,2,3,31,15,6,8,2,0,31,9,6,2,60,63,46.0,46.0,14.0,17.0,11.0,26.0,298,639,200.0,550.0,85,247,115,303,25.0,33.0,5.0,7.0,0.39,0.77,0.26,0.74,0.13,0.03,0.39,0.77,0.87,1.39,0,0,4,6,0,0,1,4,4,2,0.0,0.0,0.1178,0.6647,0.0,0.0,0.0131,0.0675,0.2578,0.0347,2,9,2,1,5,2,0,0,0,0,0.0634,0.3996,0.1984,0.3402,0.1269,0.0271,0.0,0.0,0.0,0.0,9,12,23.76,21.93
4087258,2023-07-08,arg,2023,Liga Profesional,23,Silvio Trucco,10201,Newell's Old Boys,213596,Central Cordoba de Santiago,0,0,2,68,32,12,9,5,4,5,5,2,0,0,0,6,4,6,5,7,5,1,0,1,0,,,5,5,2,0,0,0,3,2,15,31,8,6,0,2,9,31,2,6,63,60,46.0,46.0,17.0,14.0,26.0,11.0,639,298,550.0,200.0,247,85,303,115,33.0,25.0,7.0,5.0,0.77,0.39,0.74,0.26,0.03,0.13,0.77,0.39,1.39,0.87,0,0,6,4,0,0,4,1,2,4,0.0,0.0,0.6647,0.1178,0.0,0.0,0.0675,0.0131,0.0347,0.2578,9,2,1,2,2,5,0,0,0,0,0.3996,0.0634,0.3402,0.1984,0.0271,0.1269,0.0,0.0,0.0,0.0,12,9,21.93,23.76
4087240,2023-07-09,arg,2023,Liga Profesional,24,Fernando Echenique,10090,Instituto,89396,Tigre,1,0,1,62,38,12,4,5,2,5,2,2,0,0,0,7,2,5,2,9,1,1,1,1,0,21,6,8,11,3,1,0,0,2,0,13,17,10,15,0,1,10,38,1,5,51,55,30.0,30.0,21.0,25.0,7.0,5.0,497,319,372.0,196.0,152,84,220,112,25.0,27.0,7.0,2.0,1.01,0.72,0.33,0.71,0.68,0.01,1.01,0.72,1.09,1.17,1,0,5,2,1,0,3,2,2,0,0.4368,0.0,0.3997,0.6797,0.0208,0.0,0.1155,0.0391,0.0419,0.0,7,3,0,0,4,0,1,1,0,0,0.3324,0.7073,0.0,0.0,0.6648,0.0,0.0174,0.0116,0.0,0.0,12,4,16.56,20.75
4087240,2023-07-09,arg,2023,Liga Profesional,24,Fernando Echenique,89396,Tigre,10090,Instituto,0,1,0,38,62,4,12,2,5,2,5,0,2,0,0,2,7,2,5,1,9,1,1,0,1,6,21,11,8,1,3,0,0,0,2,17,13,15,10,1,0,38,10,5,1,55,51,30.0,30.0,25.0,21.0,5.0,7.0,319,497,196.0,372.0,84,152,112,220,27.0,25.0,2.0,7.0,0.72,1.01,0.71,0.33,0.01,0.68,0.72,1.01,1.17,1.09,0,1,2,5,0,1,2,3,0,2,0.0,0.4368,0.6797,0.3997,0.0,0.0208,0.0391,0.1155,0.0,0.0419,3,7,0,0,0,4,1,1,0,0,0.7073,0.3324,0.0,0.0,0.0,0.6648,0.0116,0.0174,0.0,0.0,4,12,20.75,16.56
4087241,2023-07-09,arg,2023,Liga Profesional,24,Luis Lobo Medina,10087,Banfield,10098,Arsenal Sarandi,1,0,0,50,50,11,8,1,4,7,3,3,1,0,0,7,6,4,2,3,3,0,1,0,1,,,8,15,2,3,0,0,1,1,24,14,9,6,1,3,18,39,4,1,72,48,45.0,29.0,27.0,19.0,6.0,7.0,337,357,228.0,239.0,89,144,139,95,28.0,21.0,4.0,3.0,0.88,0.77,0.35,0.18,0.53,0.58,0.88,0.77,0.16,1.52,1,1,4,3,2,2,2,2,2,0,0.3121,0.3764,0.3905,0.2059,0.0854,0.0967,0.0576,0.0878,0.0374,0.0,7,4,0,0,0,0,4,4,0,0,0.3489,0.1844,0.0,0.0,0.0,0.0,0.5339,0.5823,0.0,0.0,11,8,18.09,16.09
4087241,2023-07-09,arg,2023,Liga Profesional,24,Luis Lobo Medina,10098,Arsenal Sarandi,10087,Banfield,0,0,0,50,50,8,11,4,1,3,7,1,3,0,0,6,7,2,4,3,3,1,0,1,0,,,15,8,3,2,0,0,1,1,14,24,6,9,3,1,39,18,1,4,48,72,29.0,45.0,19.0,27.0,7.0,6.0,357,337,239.0,228.0,144,89,95,139,21.0,28.0,3.0,4.0,0.77,0.88,0.18,0.35,0.58,0.53,0.77,0.88,1.52,0.16,1,1,3,4,2,2,2,2,0,2,0.3764,0.3121,0.2059,0.3905,0.0967,0.0854,0.0878,0.0576,0.0,0.0374,4,7,0,0,0,0,4,4,0,0,0.1844,0.3489,0.0,0.0,0.0,0.0,0.5823,0.5339,0.0,0.0,8,11,16.09,18.09
4087242,2023-07-09,arg,2023,Liga Profesional,24,Darío Herrera,161730,Defensa y Justicia,10082,Lanus,1,2,2,62,38,20,21,3,8,8,6,9,7,2,0,14,14,6,7,3,5,3,3,2,2,,,13,15,3,3,0,0,2,5,17,28,4,12,6,9,16,23,6,2,70,63,51.0,50.0,19.0,13.0,20.0,10.0,496,305,401.0,200.0,169,95,232,105,50.0,19.0,14.0,9.0,1.74,2.46,1.08,1.87,0.65,0.58,1.74,2.46,0.85,2.24,2,1,9,10,3,3,3,5,3,2,0.1559,0.9582,1.1884,1.2066,0.1565,0.0987,0.113,0.155,0.1245,0.0373,11,13,1,1,2,5,6,2,0,0,0.9442,1.6794,0.1406,0.1946,0.1559,0.5072,0.4976,0.0746,0.0,0.0,20,21,15.85,16.56
4087242,2023-07-09,arg,2023,Liga Profesional,24,Darío Herrera,10082,Lanus,161730,Defensa y Justicia,0,2,2,38,62,21,20,8,3,6,8,7,9,0,2,14,14,7,6,5,3,3,3,2,2,,,15,13,3,3,0,0,5,2,28,17,12,4,9,6,23,16,2,6,63,70,50.0,51.0,13.0,19.0,10.0,20.0,305,496,200.0,401.0,95,169,105,232,19.0,50.0,9.0,14.0,2.46,1.74,1.87,1.08,0.58,0.65,2.46,1.74,2.24,0.85,1,2,10,9,3,3,5,3,2,3,0.9582,0.1559,1.2066,1.1884,0.0987,0.1565,0.155,0.113,0.0373,0.1245,13,11,1,1,5,2,2,6,0,0,1.6794,0.9442,0.1946,0.1406,0.5072,0.1559,0.0746,0.4976,0.0,0.0,21,20,16.56,15.85
4087243,2023-07-09,arg,2023,Liga Profesional,24,Sebastían Zunino,10079,Velez Sarsfield,10227,Godoy Cruz,1,1,1,50,50,12,4,5,2,6,2,1,0,0,0,8,2,4,2,8,1,1,1,0,0,24,8,8,17,2,6,0,1,2,3,24,24,14,1,0,1,3,29,1,4,78,56,52.0,40.0,26.0,16.0,12.0,9.0,315,335,226.0,240.0,114,151,112,89,17.0,24.0,4.0,3.0,0.89,0.41,0.45,0.41,0.44,0.0,0.89,0.41,0.62,0.5,0,1,4,1,4,0,3,1,1,1,0.0,0.1139,0.6157,0.2255,0.1858,0.0,0.0733,0.0459,0.0157,0.0199,7,4,0,0,1,0,4,0,0,0,0.4523,0.4053,0.0,0.0,0.0157,0.0,0.4225,0.0,0.0,0.0,12,4,17.48,16.0
4087243,2023-07-09,arg,2023,Liga Profesional,24,Sebastían Zunino,10227,Godoy Cruz,10079,Velez Sarsfield,0,1,1,50,50,4,12,2,5,2,6,0,1,0,0,2,8,2,4,1,8,1,1,0,0,8,24,17,8,6,2,1,0,3,2,24,24,1,14,1,0,29,3,4,1,56,78,40.0,52.0,16.0,26.0,9.0,12.0,335,315,240.0,226.0,151,114,89,112,24.0,17.0,3.0,4.0,0.41,0.89,0.41,0.45,0.0,0.44,0.41,0.89,0.5,0.62,1,0,1,4,0,4,1,3,1,1,0.1139,0.0,0.2255,0.6157,0.0,0.1858,0.0459,0.0733,0.0199,0.0157,4,7,0,0,0,1,0,4,0,0,0.4053,0.4523,0.0,0.0,0.0,0.0157,0.0,0.4225,0.0,0.0,4,12,16.0,17.48
4087244,2023-07-09,arg,2023,Liga Profesional,24,Leandro Rey Hilfer,10089,Club Atletico Platense,202757,Sarmiento,1,1,0,58,42,8,7,3,1,4,6,1,0,0,0,5,4,3,3,7,1,1,0,1,0,23,15,12,7,1,1,0,0,1,5,13,11,10,6,0,1,21,27,1,2,66,74,29.0,34.0,37.0,40.0,9.0,11.0,418,308,293.0,197.0,122,116,171,81,26.0,23.0,8.0,6.0,0.53,0.3,0.46,0.17,0.06,0.13,0.53,0.3,0.39,0.02,0,0,5,4,0,0,3,2,0,1,0.0,0.0,0.4358,0.2425,0.0,0.0,0.0899,0.0391,0.0,0.0212,7,5,0,0,1,1,0,1,0,0,0.4614,0.2272,0.0,0.0,0.0644,0.0538,0.0,0.0218,0.0,0.0,8,7,15.7,18.85
4087244,2023-07-09,arg,2023,Liga Profesional,24,Leandro Rey Hilfer,202757,Sarmiento,10089,Club Atletico Platense,0,0,1,42,58,7,8,1,3,6,4,0,1,0,0,4,5,3,3,1,7,0,1,0,1,15,23,7,12,1,1,0,0,5,1,11,13,6,10,1,0,27,21,2,1,74,66,34.0,29.0,40.0,37.0,11.0,9.0,308,418,197.0,293.0,116,122,81,171,23.0,26.0,6.0,8.0,0.3,0.53,0.17,0.46,0.13,0.06,0.3,0.53,0.02,0.39,0,0,4,5,0,0,2,3,1,0,0.0,0.0,0.2425,0.4358,0.0,0.0,0.0391,0.0899,0.0212,0.0,5,7,0,0,1,1,1,0,0,0,0.2272,0.4614,0.0,0.0,0.0538,0.0644,0.0218,0.0,0.0,0.0,7,8,18.85,15.7
4087238,2023-07-10,arg,2023,Liga Profesional,24,Franco Acita,10088,Colon,10092,Belgrano,1,0,0,59,41,12,10,3,3,7,5,2,2,0,0,6,6,6,4,5,5,0,1,0,1,,,12,17,1,2,0,0,3,2,11,23,9,6,2,2,23,21,3,3,52,64,37.0,48.0,15.0,16.0,11.0,13.0,494,336,403.0,235.0,242,98,161,137,50.0,27.0,3.0,5.0,0.54,1.07,0.45,1.0,0.09,0.07,0.54,1.07,0.28,0.54,0,1,3,3,3,2,4,3,2,1,0.0,0.5852,0.2422,0.1933,0.1454,0.1427,0.1266,0.1388,0.0252,0.0127,9,8,1,1,1,1,1,0,0,0,0.3876,0.9115,0.0604,0.0869,0.0131,0.0743,0.0784,0.0,0.0,0.0,12,10,20.47,17.79
4087238,2023-07-10,arg,2023,Liga Profesional,24,Franco Acita,10092,Belgrano,10088,Colon,0,0,0,41,59,10,12,3,3,5,7,2,2,0,0,6,6,4,6,5,5,1,0,1,0,,,17,12,2,1,0,0,2,3,23,11,6,9,2,2,21,23,3,3,64,52,48.0,37.0,16.0,15.0,13.0,11.0,336,494,235.0,403.0,98,242,137,161,27.0,50.0,5.0,3.0,1.07,0.54,1.0,0.45,0.07,0.09,1.07,0.54,0.54,0.28,1,0,3,3,2,3,3,4,1,2,0.5852,0.0,0.1933,0.2422,0.1427,0.1454,0.1388,0.1266,0.0127,0.0252,8,9,1,1,1,1,0,1,0,0,0.9115,0.3876,0.0869,0.0604,0.0743,0.0131,0.0,0.0784,0.0,0.0,10,12,17.79,20.47
4087239,2023-07-10,arg,2023,Liga Profesional,24,Andrés Merlos,213534,Barracas Central,10086,Argentinos Juniors,1,0,0,44,56,11,5,1,2,7,1,3,2,0,0,4,3,7,2,2,6,1,0,1,0,,,9,16,0,1,0,0,2,3,12,11,7,9,2,3,13,23,2,1,56,44,34.0,22.0,22.0,22.0,7.0,2.0,386,478,257.0,347.0,138,207,119,140,32.0,27.0,0.0,2.0,0.53,0.21,0.44,0.12,0.08,0.1,0.53,0.21,0.44,0.31,0,0,1,1,3,2,5,2,2,0,0.0,0.0,0.0822,0.0973,0.2135,0.0823,0.1588,0.0328,0.0741,0.0,9,4,0,0,0,1,2,0,0,0,0.4437,0.115,0.0,0.0,0.0,0.0973,0.0849,0.0,0.0,0.0,11,5,21.87,19.36
4087239,2023-07-10,arg,2023,Liga Profesional,24,Andrés Merlos,10086,Argentinos Juniors,213534,Barracas Central,0,0,0,56,44,5,11,2,1,1,7,2,3,0,0,3,4,2,7,6,2,0,1,0,1,,,16,9,1,0,0,0,3,2,11,12,9,7,3,2,23,13,1,2,44,56,22.0,34.0,22.0,22.0,2.0,7.0,478,386,347.0,257.0,207,138,140,119,27.0,32.0,2.0,0.0,0.21,0.53,0.12,0.44,0.1,0.08,0.21,0.53,0.31,0.44,0,0,1,1,2,3,2,5,0,2,0.0,0.0,0.0973,0.0822,0.0823,0.2135,0.0328,0.1588,0.0,0.0741,4,9,0,0,1,0,0,2,0,0,0.115,0.4437,0.0,0.0,0.0973,0.0,0.0,0.0849,0.0,0.0,5,11,19.36,21.87
4087246,2023-07-10,arg,2023,Liga Profesional,24,Nicolás Ramírez,10077,Boca Juniors,10081,Huracan,1,1,0,61,39,12,7,8,1,3,3,1,3,1,0,11,5,1,2,6,2,5,0,4,0,26,16,9,14,4,1,0,1,0,3,13,33,5,12,3,1,15,22,1,7,62,61,50.0,53.0,12.0,8.0,23.0,12.0,507,325,429.0,249.0,226,142,203,107,25.0,16.0,3.0,6.0,1.51,0.42,1.34,0.38,0.17,0.04,1.51,0.42,,,0,0,9,3,2,2,0,1,1,1,0.0,0.0,1.4175,0.1843,0.1141,0.0568,0.0,0.1362,0.0147,0.0429,7,6,2,0,3,0,0,1,0,0,0.9746,0.3773,0.4042,0.0,0.1674,0.0,0.0,0.0429,0.0,0.0,12,7,14.59,16.43
4087246,2023-07-10,arg,2023,Liga Profesional,24,Nicolás Ramírez,10081,Huracan,10077,Boca Juniors,0,0,1,39,61,7,12,1,8,3,3,3,1,0,1,5,11,2,1,2,6,0,5,0,4,16,26,14,9,1,4,1,0,3,0,33,13,12,5,1,3,22,15,7,1,61,62,53.0,50.0,8.0,12.0,12.0,23.0,325,507,249.0,429.0,142,226,107,203,16.0,25.0,6.0,3.0,0.42,1.51,0.38,1.34,0.04,0.17,0.42,1.51,,,0,0,3,9,2,2,1,0,1,1,0.0,0.0,0.1843,1.4175,0.0568,0.1141,0.1362,0.0,0.0429,0.0147,6,7,0,2,0,3,1,0,0,0,0.3773,0.9746,0.0,0.4042,0.0,0.1674,0.0429,0.0,0.0,0.0,7,12,16.43,14.59
4087232,2023-07-11,arg,2023,Liga Profesional,24,Ariel Penel,10078,Independiente,10201,Newell's Old Boys,1,0,2,54,46,14,9,4,5,4,1,6,3,1,0,6,5,8,4,3,6,0,0,0,0,13,13,15,18,1,2,0,0,2,0,14,18,18,11,3,6,14,26,3,4,52,64,38.0,42.0,14.0,22.0,7.0,10.0,371,330,277.0,224.0,142,125,135,99,38.0,20.0,3.0,2.0,0.84,0.5,0.77,0.46,0.07,0.05,0.84,0.5,0.77,0.78,0,0,5,3,1,2,6,3,2,1,0.0,0.0,0.5107,0.3016,0.0562,0.0569,0.2314,0.1247,0.0371,0.0202,12,6,1,1,0,2,1,0,0,0,0.6293,0.2784,0.1401,0.1797,0.0,0.0453,0.066,0.0,0.0,0.0,14,9,20.78,19.26
4087232,2023-07-11,arg,2023,Liga Profesional,24,Ariel Penel,10201,Newell's Old Boys,10078,Independiente,0,2,0,46,54,9,14,5,4,1,4,3,6,0,1,5,6,4,8,6,3,0,0,0,0,13,13,18,15,2,1,0,0,0,2,18,14,11,18,6,3,26,14,4,3,64,52,42.0,38.0,22.0,14.0,10.0,7.0,330,371,224.0,277.0,125,142,99,135,20.0,38.0,2.0,3.0,0.5,0.84,0.46,0.77,0.05,0.07,0.5,0.84,0.78,0.77,0,0,3,5,2,1,3,6,1,2,0.0,0.0,0.3016,0.5107,0.0569,0.0562,0.1247,0.2314,0.0202,0.0371,6,12,1,1,2,0,0,1,0,0,0.2784,0.6293,0.1797,0.1401,0.0453,0.0,0.0,0.066,0.0,0.0,9,14,19.26,20.78
4087235,2023-07-11,arg,2023,Liga Profesional,24,Fernando Espinoza,10084,Rosario Central,213596,Central Cordoba de Santiago,1,2,0,36,64,13,13,5,3,7,7,1,3,0,0,8,6,5,7,4,7,5,0,4,0,,,14,9,6,4,0,0,2,3,16,19,20,13,3,1,34,8,3,4,46,60,29.0,41.0,17.0,19.0,4.0,11.0,272,462,180.0,353.0,90,184,90,169,23.0,35.0,3.0,5.0,2.32,0.51,2.25,0.25,0.07,0.25,2.32,0.51,2.25,0.3,3,1,3,4,2,1,4,6,1,1,1.5176,0.1214,0.4498,0.1018,0.1722,0.0222,0.1526,0.2357,0.027,0.0277,8,6,2,0,1,3,2,4,0,0,1.3229,0.2549,0.9271,0.0,0.0207,0.0787,0.0484,0.1751,0.0,0.0,13,13,15.16,19.27
4087235,2023-07-11,arg,2023,Liga Profesional,24,Fernando Espinoza,213596,Central Cordoba de Santiago,10084,Rosario Central,0,0,2,64,36,13,13,3,5,7,7,3,1,0,0,6,8,7,5,7,4,0,5,0,4,,,9,14,4,6,0,0,3,2,19,16,13,20,1,3,8,34,4,3,60,46,41.0,29.0,19.0,17.0,11.0,4.0,462,272,353.0,180.0,184,90,169,90,35.0,23.0,5.0,3.0,0.51,2.32,0.25,2.25,0.25,0.07,0.51,2.32,0.3,2.25,1,3,4,3,1,2,6,4,1,1,0.1214,1.5176,0.1018,0.4498,0.0222,0.1722,0.2357,0.1526,0.0277,0.027,6,8,0,2,3,1,4,2,0,0,0.2549,1.3229,0.0,0.9271,0.0787,0.0207,0.1751,0.0484,0.0,0.0,13,13,19.27,15.16
4087245,2023-07-11,arg,2023,Liga Profesional,24,Nicolás Lamolina,10101,Talleres,10096,Union,1,0,0,59,41,19,7,5,3,13,2,1,2,0,0,11,4,8,3,4,5,3,1,3,1,22,9,13,18,3,6,0,0,4,0,22,20,7,13,2,1,12,20,3,5,64,61,49.0,44.0,15.0,17.0,11.0,11.0,449,311,368.0,221.0,125,130,243,91,44.0,15.0,3.0,3.0,1.49,0.37,1.28,0.29,0.2,0.08,1.49,0.37,1.79,0.62,0,1,8,1,3,2,2,3,6,0,0.0,0.1482,1.139,0.0406,0.17,0.0685,0.0446,0.1153,0.1336,0.0,13,5,1,0,4,1,1,1,0,0,1.2053,0.2922,0.0775,0.0,0.1748,0.0406,0.0296,0.0397,0.0,0.0,19,7,19.58,18.42
4087245,2023-07-11,arg,2023,Liga Profesional,24,Nicolás Lamolina,10096,Union,10101,Talleres,0,0,0,41,59,7,19,3,5,2,13,2,1,0,0,4,11,3,8,5,4,1,3,1,3,9,22,18,13,6,3,0,0,0,4,20,22,13,7,1,2,20,12,5,3,61,64,44.0,49.0,17.0,15.0,11.0,11.0,311,449,221.0,368.0,130,125,91,243,15.0,44.0,3.0,3.0,0.37,1.49,0.29,1.28,0.08,0.2,0.37,1.49,0.62,1.79,1,0,1,8,2,3,3,2,0,6,0.1482,0.0,0.0406,1.139,0.0685,0.17,0.1153,0.0446,0.0,0.1336,5,13,0,1,1,4,1,1,0,0,0.2922,1.2053,0.0,0.0775,0.0406,0.1748,0.0397,0.0296,0.0,0.0,7,19,18.42,19.58
4087247,2023-07-12,arg,2023,Liga Profesional,24,Nazareno Arasa,161727,Atletico Tucuman,10103,Gimnasia LP,1,2,0,40,60,13,13,6,2,6,7,1,4,0,1,7,9,6,4,7,7,5,1,4,1,,,11,8,3,3,0,0,1,1,29,18,13,14,4,1,38,15,2,5,60,65,41.0,44.0,19.0,21.0,4.0,17.0,290,431,192.0,329.0,82,155,110,174,28.0,25.0,4.0,8.0,1.58,0.88,0.76,0.3,0.83,0.58,1.58,0.88,2.15,0.6,1,0,6,8,0,1,6,2,0,2,0.5275,0.0,0.7596,0.8092,0.0,0.0368,0.2963,0.0391,0.0,0.0324,7,5,0,0,5,5,1,3,0,0,0.7553,0.2985,0.0,0.0,0.7597,0.562,0.0684,0.057,0.0,0.0,13,13,17.43,16.25
4087247,2023-07-12,arg,2023,Liga Profesional,24,Nazareno Arasa,10103,Gimnasia LP,161727,Atletico Tucuman,0,0,2,60,40,13,13,2,6,7,6,4,1,1,0,9,7,4,6,7,7,1,5,1,4,,,8,11,3,3,0,0,1,1,18,29,14,13,1,4,15,38,5,2,65,60,44.0,41.0,21.0,19.0,17.0,4.0,431,290,329.0,192.0,155,82,174,110,25.0,28.0,8.0,4.0,0.88,1.58,0.3,0.76,0.58,0.83,0.88,1.58,0.6,2.15,0,1,8,6,1,0,2,6,2,0,0.0,0.5275,0.8092,0.7596,0.0368,0.0,0.0391,0.2963,0.0324,0.0,5,7,0,0,5,5,3,1,0,0,0.2985,0.7553,0.0,0.0,0.562,0.7597,0.057,0.0684,0.0,0.0,13,13,16.25,17.43
4087272,2023-07-14,arg,2023,Liga Profesional,25,Nazareno Arasa,202757,Sarmiento,10079,Velez Sarsfield,1,1,1,39,61,4,19,1,4,1,11,2,4,0,1,2,10,2,9,4,14,1,2,0,1,12,30,13,7,1,3,0,0,3,2,19,12,16,6,4,2,25,28,3,0,62,65,36.0,34.0,26.0,31.0,11.0,12.0,304,487,186.0,371.0,83,184,103,187,19.0,24.0,6.0,5.0,0.86,1.46,0.02,0.56,0.05,0.9,0.07,1.46,0.96,1.02,0,2,2,4,0,4,2,5,0,4,0.0,0.7757,0.8041,0.3091,0.0,0.1654,0.0564,0.1539,0.0,0.0831,1,12,0,0,1,4,1,3,1,0,0.021,0.5587,0.0,0.0,0.0157,0.3247,0.0354,0.6038,0.7884,0.0,4,19,19.15,18.72
4087272,2023-07-14,arg,2023,Liga Profesional,25,Nazareno Arasa,10079,Velez Sarsfield,202757,Sarmiento,0,1,1,61,39,19,4,4,1,11,1,4,2,1,0,10,2,9,2,14,4,2,1,1,0,30,12,7,13,3,1,0,0,2,3,12,19,6,16,2,4,28,25,0,3,65,62,34.0,36.0,31.0,26.0,12.0,11.0,487,304,371.0,186.0,184,83,187,103,24.0,19.0,5.0,6.0,1.46,0.86,0.56,0.02,0.9,0.05,1.46,0.07,1.02,0.96,2,0,4,2,4,0,5,2,4,0,0.7757,0.0,0.3091,0.8041,0.1654,0.0,0.1539,0.0564,0.0831,0.0,12,1,0,0,4,1,3,1,0,1,0.5587,0.021,0.0,0.0,0.3247,0.0157,0.6038,0.0354,0.0,0.7884,19,4,18.72,19.15
4087273,2023-07-14,arg,2023,Liga Profesional,25,Silvio Trucco,10227,Godoy Cruz,161730,Defensa y Justicia,1,2,2,45,55,15,15,3,5,8,5,4,5,0,0,8,10,7,5,5,3,3,3,1,2,,,9,9,3,4,1,1,0,3,15,12,7,4,6,3,22,16,2,1,47,47,36.0,30.0,11.0,17.0,11.0,9.0,339,407,250.0,329.0,89,193,161,136,33.0,31.0,4.0,6.0,1.13,1.82,0.99,1.63,0.14,0.19,1.13,1.82,1.61,0.96,0,1,6,8,2,1,3,2,4,3,0.0,0.1914,0.8656,1.427,0.1057,0.071,0.0694,0.0805,0.0922,0.0586,9,13,1,1,3,1,2,0,0,0,0.6764,1.1271,0.3132,0.51,0.0999,0.1914,0.0434,0.0,0.0,0.0,15,15,19.81,16.69
4087273,2023-07-14,arg,2023,Liga Profesional,25,Silvio Trucco,161730,Defensa y Justicia,10227,Godoy Cruz,0,2,2,55,45,15,15,5,3,5,8,5,4,0,0,10,8,5,7,3,5,3,3,2,1,,,9,9,4,3,1,1,3,0,12,15,4,7,3,6,16,22,1,2,47,47,30.0,36.0,17.0,11.0,9.0,11.0,407,339,329.0,250.0,193,89,136,161,31.0,33.0,6.0,4.0,1.82,1.13,1.63,0.99,0.19,0.14,1.82,1.13,0.96,1.61,1,0,8,6,1,2,2,3,3,4,0.1914,0.0,1.427,0.8656,0.071,0.1057,0.0805,0.0694,0.0586,0.0922,13,9,1,1,1,3,0,2,0,0,1.1271,0.6764,0.51,0.3132,0.1914,0.0999,0.0,0.0434,0.0,0.0,15,15,16.69,19.81
4087270,2023-07-15,arg,2023,Liga Profesional,25,Fernando Echenique,10081,Huracan,10101,Talleres,1,0,1,47,53,6,15,1,3,1,8,4,4,0,0,3,7,3,8,5,4,0,1,0,0,26,24,13,10,3,3,0,0,0,1,26,20,16,8,4,3,22,21,2,1,72,66,49.0,54.0,23.0,12.0,15.0,21.0,386,442,291.0,351.0,156,185,135,166,33.0,38.0,5.0,1.0,0.33,1.46,0.13,1.45,0.21,0.02,0.33,1.46,0.15,1.34,0,0,3,5,0,2,2,3,1,5,0.0,0.0,0.2068,1.2282,0.0,0.0904,0.0667,0.0533,0.061,0.0904,2,12,0,2,1,1,3,0,0,0,0.1256,1.0984,0.0,0.3475,0.0137,0.0163,0.1952,0.0,0.0,0.0,6,15,18.27,21.92
4087270,2023-07-15,arg,2023,Liga Profesional,25,Fernando Echenique,10101,Talleres,10081,Huracan,0,1,0,53,47,15,6,3,1,8,1,4,4,0,0,7,3,8,3,4,5,1,0,0,0,24,26,10,13,3,3,0,0,1,0,20,26,8,16,3,4,21,22,1,2,66,72,54.0,49.0,12.0,23.0,21.0,15.0,442,386,351.0,291.0,185,156,166,135,38.0,33.0,1.0,5.0,1.46,0.33,1.45,0.13,0.02,0.21,1.46,0.33,1.34,0.15,0,0,5,3,2,0,3,2,5,1,0.0,0.0,1.2282,0.2068,0.0904,0.0,0.0533,0.0667,0.0904,0.061,12,2,2,0,1,1,0,3,0,0,1.0984,0.1256,0.3475,0.0,0.0163,0.0137,0.0,0.1952,0.0,0.0,15,6,21.92,18.27
4087271,2023-07-15,arg,2023,Liga Profesional,25,Fernando Espinoza,10096,Union,10089,Club Atletico Platense,1,0,0,60,40,11,5,3,3,6,1,2,1,1,0,8,3,3,2,5,2,1,0,1,0,,,11,12,1,2,0,0,2,0,27,24,7,12,1,2,23,34,3,3,71,64,58.0,44.0,13.0,20.0,20.0,9.0,444,302,332.0,197.0,186,70,146,127,30.0,26.0,8.0,5.0,0.54,0.15,0.31,0.05,0.22,0.11,0.54,0.15,0.58,0.77,0,0,4,3,4,0,1,1,2,1,0.0,0.0,0.3858,0.1071,0.0919,0.0,0.0188,0.0322,0.0417,0.0154,9,2,0,0,1,1,1,2,0,0,0.3137,0.0475,0.0,0.0,0.02,0.0573,0.2046,0.0498,0.0,0.0,11,5,16.94,17.47
4087271,2023-07-15,arg,2023,Liga Profesional,25,Fernando Espinoza,10089,Club Atletico Platense,10096,Union,0,0,0,40,60,5,11,3,3,1,6,1,2,0,1,3,8,2,3,2,5,0,1,0,1,,,12,11,2,1,0,0,0,2,24,27,12,7,2,1,34,23,3,3,64,71,44.0,58.0,20.0,13.0,9.0,20.0,302,444,197.0,332.0,70,186,127,146,26.0,30.0,5.0,8.0,0.15,0.54,0.05,0.31,0.11,0.22,0.15,0.54,0.77,0.58,0,0,3,4,0,4,1,1,1,2,0.0,0.0,0.1071,0.3858,0.0,0.0919,0.0322,0.0188,0.0154,0.0417,2,9,0,0,1,1,2,1,0,0,0.0475,0.3137,0.0,0.0,0.0573,0.02,0.0498,0.2046,0.0,0.0,5,11,17.47,16.94
4087295,2023-07-15,arg,2023,Liga Profesional,25,Andrés Merlos,10076,River Plate,10094,Estudiantes,1,3,1,58,42,12,22,6,2,3,8,3,12,0,0,7,12,5,10,2,8,3,1,1,0,,,7,14,1,2,0,0,0,0,21,19,9,9,12,3,26,13,1,3,64,55,52.0,33.0,12.0,22.0,17.0,8.0,561,379,484.0,300.0,310,144,174,156,34.0,16.0,2.0,5.0,2.01,1.34,1.07,0.98,0.15,0.35,1.23,1.34,2.93,1.25,0,0,6,9,1,3,3,4,2,6,0.0,0.0,1.6917,1.0303,0.0175,0.0664,0.2546,0.1014,0.0506,0.1396,7,13,2,1,1,4,1,4,1,0,0.8307,0.3426,0.2417,0.6935,0.0114,0.161,0.1422,0.1406,0.7884,0.0,12,22,17.8,19.19
4087295,2023-07-15,arg,2023,Liga Profesional,25,Andrés Merlos,10094,Estudiantes,10076,River Plate,0,1,3,42,58,22,12,2,6,8,3,12,3,0,0,12,7,10,5,8,2,1,3,0,1,,,14,7,2,1,0,0,0,0,19,21,9,9,3,12,13,26,3,1,55,64,33.0,52.0,22.0,12.0,8.0,17.0,379,561,300.0,484.0,144,310,156,174,16.0,34.0,5.0,2.0,1.34,2.01,0.98,1.07,0.35,0.15,1.34,1.23,1.25,2.93,0,0,9,6,3,1,4,3,6,2,0.0,0.0,1.0303,1.6917,0.0664,0.0175,0.1014,0.2546,0.1396,0.0506,13,7,1,2,4,1,4,1,0,1,0.3426,0.8307,0.6935,0.2417,0.161,0.0114,0.1406,0.1422,0.0,0.7884,22,12,19.19,17.8
4087296,2023-07-15,arg,2023,Liga Profesional,25,Fernando Andrés Rapallini,10080,Racing Club,10084,Rosario Central,1,1,1,59,41,19,19,6,4,8,12,5,3,1,2,11,9,8,10,6,1,4,4,3,3,,,12,17,0,3,0,0,2,0,11,15,14,9,3,5,18,18,3,5,49,48,38.0,37.0,11.0,11.0,13.0,11.0,465,309,362.0,203.0,182,97,180,106,34.0,30.0,4.0,6.0,1.96,3.18,1.05,2.08,0.12,1.1,1.17,3.18,1.58,2.0,0,2,5,5,6,2,6,5,2,5,0.0,1.0537,1.6275,1.0287,0.1743,0.4241,0.1122,0.155,0.0439,0.5809,13,11,0,2,2,0,3,6,1,0,1.0526,1.2054,0.0,0.8773,0.0367,0.0,0.0802,1.1596,0.7884,0.0,19,19,22.25,20.09
4087296,2023-07-15,arg,2023,Liga Profesional,25,Fernando Andrés Rapallini,10084,Rosario Central,10080,Racing Club,0,1,1,41,59,19,19,4,6,12,8,3,5,2,1,9,11,10,8,1,6,4,4,3,3,,,17,12,3,0,0,0,0,2,15,11,9,14,5,3,18,18,5,3,48,49,37.0,38.0,11.0,11.0,11.0,13.0,309,465,203.0,362.0,97,182,106,180,30.0,34.0,6.0,4.0,3.18,1.96,2.08,1.05,1.1,0.12,3.18,1.17,2.0,1.58,2,0,5,5,2,6,5,6,5,2,1.0537,0.0,1.0287,1.6275,0.4241,0.1743,0.155,0.1122,0.5809,0.0439,11,13,2,0,0,2,6,3,0,1,1.2054,1.0526,0.8773,0.0,0.0,0.0367,1.1596,0.0802,0.0,0.7884,19,19,20.09,22.25
4087269,2023-07-16,arg,2023,Liga Profesional,25,Hernán Mastrángelo,10103,Gimnasia LP,10077,Boca Juniors,1,1,3,37,63,19,9,6,5,10,2,3,2,0,0,11,7,8,2,11,4,2,3,1,1,,,18,12,3,4,0,0,0,2,27,15,10,9,2,3,14,20,2,5,61,60,49.0,35.0,12.0,25.0,11.0,7.0,244,451,163.0,360.0,67,170,96,190,23.0,34.0,6.0,5.0,1.9,1.24,0.65,1.14,1.25,0.09,1.9,1.24,1.54,2.13,1,1,9,6,1,0,3,2,5,0,0.8867,0.4513,0.7019,0.7284,0.013,0.0,0.0567,0.0571,0.3164,0.0,9,6,0,0,8,3,2,0,0,0,0.646,1.1425,0.0,0.0,1.1782,0.0943,0.1505,0.0,0.0,0.0,19,9,17.07,13.94
4087269,2023-07-16,arg,2023,Liga Profesional,25,Hernán Mastrángelo,10077,Boca Juniors,10103,Gimnasia LP,0,3,1,63,37,9,19,5,6,2,10,2,3,0,0,7,11,2,8,4,11,3,2,1,1,,,12,18,4,3,0,0,2,0,15,27,9,10,3,2,20,14,5,2,60,61,35.0,49.0,25.0,12.0,7.0,11.0,451,244,360.0,163.0,170,67,190,96,34.0,23.0,5.0,6.0,1.24,1.9,1.14,0.65,0.09,1.25,1.24,1.9,2.13,1.54,1,1,6,9,0,1,2,3,0,5,0.4513,0.8867,0.7284,0.7019,0.0,0.013,0.0571,0.0567,0.0,0.3164,6,9,0,0,3,8,0,2,0,0,1.1425,0.646,0.0,0.0,0.0943,1.1782,0.0,0.1505,0.0,0.0,9,19,13.94,17.07
4087290,2023-07-16,arg,2023,Liga Profesional,25,Nicolás Ramírez,10082,Lanus,10087,Banfield,1,2,2,70,30,21,7,6,3,8,2,7,2,0,0,8,0,13,7,5,3,0,0,0,0,,,7,17,2,3,0,0,0,1,18,23,5,7,2,8,20,36,1,4,72,71,48.0,35.0,24.0,36.0,13.0,6.0,451,192,356.0,103.0,181,44,175,59,29.0,18.0,8.0,2.0,0.81,0.32,0.36,0.32,0.44,0.04,0.81,0.32,0.43,1.02,0,0,6,0,2,0,10,4,3,3,0.0,0.0,0.418,0.0,0.0861,0.0,0.2507,0.2603,0.0515,0.0581,13,7,0,0,2,0,6,0,0,0,0.3642,0.3184,0.0,0.0,0.152,0.0,0.2901,0.0,0.0,0.0,21,7,21.41,26.29
4087290,2023-07-16,arg,2023,Liga Profesional,25,Nicolás Ramírez,10087,Banfield,10082,Lanus,0,2,2,30,70,7,21,3,6,2,8,2,7,0,0,0,8,7,13,3,5,0,0,0,0,,,17,7,3,2,0,0,1,0,23,18,7,5,8,2,36,20,4,1,71,72,35.0,48.0,36.0,24.0,6.0,13.0,192,451,103.0,356.0,44,181,59,175,18.0,29.0,2.0,8.0,0.32,0.81,0.32,0.36,0.04,0.44,0.32,0.81,1.02,0.43,0,0,0,6,0,2,4,10,3,3,0.0,0.0,0.0,0.418,0.0,0.0861,0.2603,0.2507,0.0581,0.0515,7,13,0,0,0,2,0,6,0,0,0.3184,0.3642,0.0,0.0,0.0,0.152,0.0,0.2901,0.0,0.0,7,21,26.29,21.41
4087294,2023-07-16,arg,2023,Liga Profesional,25,Darío Herrera,10092,Belgrano,10083,San Lorenzo,1,0,1,65,35,18,2,9,1,6,1,3,0,1,0,9,1,9,1,9,4,1,0,1,0,,,11,17,2,2,0,1,5,3,18,14,11,9,0,3,14,34,0,9,69,58,45.0,35.0,24.0,23.0,10.0,12.0,432,245,348.0,163.0,151,99,197,64,26.0,20.0,7.0,2.0,1.25,0.08,1.1,0.08,0.14,0.02,1.25,0.08,0.91,0.18,0,0,7,1,2,0,7,1,2,0,0.0,0.0,1.0112,0.0355,0.039,0.0,0.1247,0.0395,0.0712,0.0,11,2,0,0,5,0,2,0,0,0,1.1043,0.075,0.0,0.0,0.0861,0.0,0.0556,0.0,0.0,0.0,18,2,19.83,18.92
4087294,2023-07-16,arg,2023,Liga Profesional,25,Darío Herrera,10083,San Lorenzo,10092,Belgrano,0,1,0,35,65,2,18,1,9,1,6,0,3,0,1,1,9,1,9,4,9,0,1,0,1,,,17,11,2,2,1,0,3,5,14,18,9,11,3,0,34,14,9,0,58,69,35.0,45.0,23.0,24.0,12.0,10.0,245,432,163.0,348.0,99,151,64,197,20.0,26.0,2.0,7.0,0.08,1.25,0.08,1.1,0.02,0.14,0.08,1.25,0.18,0.91,0,0,1,7,0,2,1,7,0,2,0.0,0.0,0.0355,1.0112,0.0,0.039,0.0395,0.1247,0.0,0.0712,2,11,0,0,0,5,0,2,0,0,0.075,1.1043,0.0,0.0,0.0,0.0861,0.0,0.0556,0.0,0.0,2,18,18.92,19.83
4087267,2023-07-17,arg,2023,Liga Profesional,25,Nicolás Lamolina,213596,Central Cordoba de Santiago,10078,Independiente,1,0,1,60,40,8,9,2,2,3,5,3,2,0,0,3,6,5,3,4,2,0,2,0,1,,,9,12,3,2,0,1,2,2,31,25,8,5,2,3,12,15,1,2,79,68,56.0,41.0,23.0,27.0,14.0,8.0,507,339,381.0,218.0,213,108,168,110,28.0,20.0,3.0,4.0,0.24,1.48,0.18,1.46,0.05,0.03,0.24,1.48,0.34,1.18,0,0,1,5,2,1,4,2,1,1,0.0,0.0,0.0114,1.312,0.1061,0.0805,0.1047,0.0716,0.0146,0.0187,6,7,0,1,0,1,2,0,0,0,0.1818,1.0066,0.0,0.4486,0.0,0.0277,0.055,0.0,0.0,0.0,8,9,22.1,18.17
4087267,2023-07-17,arg,2023,Liga Profesional,25,Nicolás Lamolina,10078,Independiente,213596,Central Cordoba de Santiago,0,1,0,40,60,9,8,2,2,5,3,2,3,0,0,6,3,3,5,2,4,2,0,1,0,,,12,9,2,3,1,0,2,2,25,31,5,8,3,2,15,12,2,1,68,79,41.0,56.0,27.0,23.0,8.0,14.0,339,507,218.0,381.0,108,213,110,168,20.0,28.0,4.0,3.0,1.48,0.24,1.46,0.18,0.03,0.05,1.48,0.24,1.18,0.34,0,0,5,1,1,2,2,4,1,1,0.0,0.0,1.312,0.0114,0.0805,0.1061,0.0716,0.1047,0.0187,0.0146,7,6,1,0,1,0,0,2,0,0,1.0066,0.1818,0.4486,0.0,0.0277,0.0,0.0,0.055,0.0,0.0,9,8,18.17,22.1
4087268,2023-07-17,arg,2023,Liga Profesional,25,Leandro Rey Hilfer,10201,Newell's Old Boys,161727,Atletico Tucuman,1,0,0,70,30,14,11,5,3,6,7,3,1,0,0,9,5,5,6,7,1,3,2,3,2,,,11,14,4,3,0,0,2,1,10,17,9,9,1,2,7,30,3,5,54,45,36.0,28.0,18.0,17.0,14.0,2.0,588,251,494.0,166.0,289,77,205,89,23.0,20.0,10.0,2.0,1.18,0.65,0.46,0.62,0.73,0.02,1.18,0.65,0.82,0.86,2,1,6,2,1,2,2,4,3,2,0.5448,0.1009,0.5339,0.3669,0.0226,0.0235,0.0319,0.1348,0.0506,0.0248,7,9,0,0,4,1,3,1,0,0,0.4583,0.6273,0.0,0.0,0.6659,0.0092,0.0595,0.0143,0.0,0.0,14,11,15.7,21.3
4087268,2023-07-17,arg,2023,Liga Profesional,25,Leandro Rey Hilfer,161727,Atletico Tucuman,10201,Newell's Old Boys,0,0,0,30,70,11,14,3,5,7,6,1,3,0,0,5,9,6,5,1,7,2,3,2,3,,,14,11,3,4,0,0,1,2,17,10,9,9,2,1,30,7,5,3,45,54,28.0,36.0,17.0,18.0,2.0,14.0,251,588,166.0,494.0,77,289,89,205,20.0,23.0,2.0,10.0,0.65,1.18,0.62,0.46,0.02,0.73,0.65,1.18,0.86,0.82,1,2,2,6,2,1,4,2,2,3,0.1009,0.5448,0.3669,0.5339,0.0235,0.0226,0.1348,0.0319,0.0248,0.0506,9,7,0,0,1,4,1,3,0,0,0.6273,0.4583,0.0,0.0,0.0092,0.6659,0.0143,0.0595,0.0,0.0,11,14,21.3,15.7
4087291,2023-07-17,arg,2023,Liga Profesional,25,Carlos Andrés Gariano,10098,Arsenal Sarandi,10090,Instituto,1,0,2,50,50,4,7,2,3,1,3,1,1,0,0,1,3,3,4,4,2,0,2,0,0,,,10,9,2,1,0,0,1,1,11,21,13,7,1,1,20,21,1,2,58,61,33.0,38.0,25.0,23.0,13.0,8.0,407,408,258.0,254.0,138,114,120,140,36.0,31.0,1.0,2.0,0.13,1.42,0.09,1.32,0.04,0.1,0.13,1.42,0.42,0.54,0,0,1,3,0,0,2,3,1,1,0.0,0.0,0.0389,0.5325,0.0,0.0,0.0783,0.8801,0.0153,0.0087,3,3,0,1,1,1,0,2,0,0,0.0936,0.4892,0.0,0.8343,0.0389,0.0087,0.0,0.089,0.0,0.0,4,7,20.76,20.78
4087291,2023-07-17,arg,2023,Liga Profesional,25,Carlos Andrés Gariano,10090,Instituto,10098,Arsenal Sarandi,0,2,0,50,50,7,4,3,2,3,1,1,1,0,0,3,1,4,3,2,4,2,0,0,0,,,9,10,1,2,0,0,1,1,21,11,7,13,1,1,21,20,2,1,61,58,38.0,33.0,23.0,25.0,8.0,13.0,408,407,254.0,258.0,114,138,140,120,31.0,36.0,2.0,1.0,1.42,0.13,1.32,0.09,0.1,0.04,1.42,0.13,0.54,0.42,0,0,3,1,0,0,3,2,1,1,0.0,0.0,0.5325,0.0389,0.0,0.0,0.8801,0.0783,0.0087,0.0153,3,3,1,0,1,1,2,0,0,0,0.4892,0.0936,0.8343,0.0,0.0087,0.0389,0.089,0.0,0.0,0.0,7,4,20.78,20.76
4087292,2023-07-17,arg,2023,Liga Profesional,25,Facundo Raúl Tello Figueroa,89396,Tigre,213534,Barracas Central,1,0,1,60,40,15,8,3,3,10,3,2,2,1,0,6,3,9,5,3,3,4,0,4,0,14,12,12,14,1,1,0,0,2,3,19,19,11,17,1,2,15,25,2,3,63,57,41.0,37.0,22.0,20.0,9.0,6.0,511,327,386.0,213.0,180,122,206,91,21.0,24.0,5.0,0.0,1.12,0.35,1.1,0.24,0.02,0.1,1.12,0.35,0.27,0.78,0,0,4,2,2,1,4,2,5,3,0.0,0.0,0.804,0.1875,0.0949,0.0505,0.1086,0.053,0.128,0.055,14,5,0,1,1,1,0,1,0,0,1.1182,0.2202,0.0,0.0236,0.0172,0.0655,0.0,0.0369,0.0,0.0,15,8,22.26,29.03
4087292,2023-07-17,arg,2023,Liga Profesional,25,Facundo Raúl Tello Figueroa,213534,Barracas Central,89396,Tigre,0,1,0,40,60,8,15,3,3,3,10,2,2,0,1,3,6,5,9,3,3,0,4,0,4,12,14,14,12,1,1,0,0,3,2,19,19,17,11,2,1,25,15,3,2,57,63,37.0,41.0,20.0,22.0,6.0,9.0,327,511,213.0,386.0,122,180,91,206,24.0,21.0,0.0,5.0,0.35,1.12,0.24,1.1,0.1,0.02,0.35,1.12,0.78,0.27,0,0,2,4,1,2,2,4,3,5,0.0,0.0,0.1875,0.804,0.0505,0.0949,0.053,0.1086,0.055,0.128,5,14,1,0,1,1,1,0,0,0,0.2202,1.1182,0.0236,0.0,0.0655,0.0172,0.0369,0.0,0.0,0.0,8,15,29.03,22.26
4087293,2023-07-17,arg,2023,Liga Profesional,25,Sebastían Zunino,10086,Argentinos Juniors,10088,Colon,1,1,0,60,40,15,7,6,4,8,0,1,3,1,0,7,4,8,3,4,4,2,2,1,2,,,13,15,0,0,0,0,1,1,27,17,6,14,2,1,18,16,4,5,75,52,57.0,37.0,18.0,15.0,17.0,8.0,529,336,429.0,221.0,245,141,184,80,33.0,20.0,3.0,1.0,1.6,1.2,0.78,0.33,0.04,0.08,0.82,0.41,2.4,1.33,0,0,5,4,2,0,5,1,3,2,0.0,0.0,1.2468,1.076,0.099,0.0,0.1996,0.072,0.0582,0.0513,10,1,3,2,0,2,1,1,1,1,0.6461,0.047,0.1304,0.2848,0.0,0.0748,0.0388,0.0044,0.7884,0.7884,15,7,21.08,17.75
4087293,2023-07-17,arg,2023,Liga Profesional,25,Sebastían Zunino,10088,Colon,10086,Argentinos Juniors,0,0,1,40,60,7,15,4,6,0,8,3,1,0,1,4,7,3,8,4,4,2,2,2,1,,,15,13,0,0,0,0,1,1,17,27,14,6,1,2,16,18,5,4,52,75,37.0,57.0,15.0,18.0,8.0,17.0,336,529,221.0,429.0,141,245,80,184,20.0,33.0,1.0,3.0,1.2,1.6,0.33,0.78,0.08,0.04,0.41,0.82,1.33,2.4,0,0,4,5,0,2,1,5,2,3,0.0,0.0,1.076,1.2468,0.0,0.099,0.072,0.1996,0.0513,0.0582,1,10,2,3,2,0,1,1,1,1,0.047,0.6461,0.2848,0.1304,0.0748,0.0,0.0044,0.0388,0.7884,0.7884,7,15,17.75,21.08
4087275,2023-07-22,arg,2023,Liga Profesional,26,Andrés Merlos,10089,Club Atletico Platense,10081,Huracan,1,0,1,53,47,8,11,3,3,5,3,0,5,0,0,4,6,4,5,4,2,0,2,0,1,,,7,12,1,1,0,0,0,0,18,21,11,17,5,0,13,19,2,3,58,52,37.0,33.0,21.0,19.0,9.0,5.0,385,350,251.0,215.0,121,121,130,94,25.0,30.0,1.0,2.0,0.24,1.27,0.23,0.37,0.01,0.11,0.24,0.48,0.46,1.05,0,0,4,2,0,4,3,4,1,1,0.0,0.0,0.1072,0.9506,0.0,0.1849,0.1148,0.0908,0.0206,0.0414,6,4,0,1,1,1,1,4,0,1,0.2286,0.2918,0.0,0.0782,0.0076,0.0292,0.0065,0.0802,0.0,0.7884,8,11,21.15,19.25
4087275,2023-07-22,arg,2023,Liga Profesional,26,Andrés Merlos,10081,Huracan,10089,Club Atletico Platense,0,1,0,47,53,11,8,3,3,3,5,5,0,0,0,6,4,5,4,2,4,2,0,1,0,,,12,7,1,1,0,0,0,0,21,18,17,11,0,5,19,13,3,2,52,58,33.0,37.0,19.0,21.0,5.0,9.0,350,385,215.0,251.0,121,121,94,130,30.0,25.0,2.0,1.0,1.27,0.24,0.37,0.23,0.11,0.01,0.48,0.24,1.05,0.46,0,0,2,4,4,0,4,3,1,1,0.0,0.0,0.9506,0.1072,0.1849,0.0,0.0908,0.1148,0.0414,0.0206,4,6,1,0,1,1,4,1,1,0,0.2918,0.2286,0.0782,0.0,0.0292,0.0076,0.0802,0.0065,0.7884,0.0,11,8,19.25,21.15
4087299,2023-07-22,arg,2023,Liga Profesional,26,Ariel Penel,10094,Estudiantes,10092,Belgrano,1,4,0,62,38,19,4,10,0,7,3,2,1,1,0,12,3,7,1,6,1,6,1,4,1,,,16,11,1,1,0,1,0,1,27,9,7,12,1,2,15,21,0,6,58,47,44.0,39.0,14.0,8.0,7.0,15.0,526,325,450.0,250.0,216,142,234,108,38.0,25.0,7.0,2.0,2.25,0.54,1.44,0.21,0.81,0.32,2.25,0.54,3.54,0.0,3,0,7,3,2,0,5,0,2,1,0.9085,0.0,0.9535,0.4932,0.1141,0.0,0.3373,0.0,0.0342,0.0427,11,2,1,0,6,0,1,2,0,0,1.3894,0.2121,0.0528,0.0,0.7369,0.0,0.1686,0.3238,0.0,0.0,19,4,15.68,14.36
4087299,2023-07-22,arg,2023,Liga Profesional,26,Ariel Penel,10092,Belgrano,10094,Estudiantes,0,0,4,38,62,4,19,0,10,3,7,1,2,0,1,3,12,1,7,1,6,1,6,1,4,,,11,16,1,1,1,0,1,0,9,27,12,7,2,1,21,15,6,0,47,58,39.0,44.0,8.0,14.0,15.0,7.0,325,526,250.0,450.0,142,216,108,234,25.0,38.0,2.0,7.0,0.54,2.25,0.21,1.44,0.32,0.81,0.54,2.25,0.0,3.54,0,3,3,7,0,2,0,5,1,2,0.0,0.9085,0.4932,0.9535,0.0,0.1141,0.0,0.3373,0.0427,0.0342,2,11,0,1,0,6,2,1,0,0,0.2121,1.3894,0.0,0.0528,0.0,0.7369,0.3238,0.1686,0.0,0.0,4,19,14.36,15.68
4087300,2023-07-22,arg,2023,Liga Profesional,26,Nicolás Ramírez,10083,San Lorenzo,10086,Argentinos Juniors,1,0,2,47,53,13,9,2,7,8,2,3,0,2,0,8,7,5,2,2,4,2,1,2,0,,,15,15,1,4,1,0,2,1,17,17,3,7,0,2,14,16,5,2,61,55,49.0,43.0,12.0,12.0,17.0,11.0,424,492,358.0,426.0,174,250,184,176,20.0,22.0,4.0,4.0,0.93,1.4,0.64,0.91,0.29,0.49,0.93,1.4,0.08,1.41,0,2,6,5,2,0,5,1,0,1,0.0,0.4457,0.6975,0.9346,0.1031,0.0,0.1312,0.0183,0.0,0.0188,9,6,0,0,1,3,3,0,0,0,0.642,0.9103,0.0,0.0,0.0183,0.5071,0.2715,0.0,0.0,0.0,13,9,16.18,14.07
4087300,2023-07-22,arg,2023,Liga Profesional,26,Nicolás Ramírez,10086,Argentinos Juniors,10083,San Lorenzo,0,2,0,53,47,9,13,7,2,2,8,0,3,0,2,7,8,2,5,4,2,1,2,0,2,,,15,15,4,1,0,1,1,2,17,17,7,3,2,0,16,14,2,5,55,61,43.0,49.0,12.0,12.0,11.0,17.0,492,424,426.0,358.0,250,174,176,184,22.0,20.0,4.0,4.0,1.4,0.93,0.91,0.64,0.49,0.29,1.4,0.93,1.41,0.08,2,0,5,6,0,2,1,5,1,0,0.4457,0.0,0.9346,0.6975,0.0,0.1031,0.0183,0.1312,0.0188,0.0,6,9,0,0,3,1,0,3,0,0,0.9103,0.642,0.0,0.0,0.5071,0.0183,0.0,0.2715,0.0,0.0,9,13,14.07,16.18
4087278,2023-07-23,arg,2023,Liga Profesional,26,Pablo Echavarría,161727,Atletico Tucuman,10078,Independiente,1,1,0,39,61,5,16,2,5,1,5,2,6,0,0,3,9,2,7,2,6,1,0,0,0,,,13,9,6,5,1,0,1,1,19,15,13,10,6,2,32,10,5,1,55,56,33.0,41.0,22.0,15.0,5.0,13.0,261,394,155.0,288.0,80,168,75,120,28.0,26.0,3.0,4.0,0.99,0.68,0.13,0.3,0.07,0.38,0.2,0.68,1.16,0.54,0,1,3,6,0,2,1,6,1,1,0.0,0.0611,0.9162,0.3312,0.0,0.0745,0.0209,0.1788,0.0527,0.0324,2,9,0,0,1,2,1,5,1,0,0.1296,0.3346,0.0,0.0,0.019,0.0745,0.0527,0.2688,0.7884,0.0,5,16,18.85,18.49
4087278,2023-07-23,arg,2023,Liga Profesional,26,Pablo Echavarría,10078,Independiente,161727,Atletico Tucuman,0,0,1,61,39,16,5,5,2,5,1,6,2,0,0,9,3,7,2,6,2,0,1,0,0,,,9,13,5,6,0,1,1,1,15,19,10,13,2,6,10,32,1,5,56,55,41.0,33.0,15.0,22.0,13.0,5.0,394,261,288.0,155.0,168,80,120,75,26.0,28.0,4.0,3.0,0.68,0.99,0.3,0.13,0.38,0.07,0.68,0.2,0.54,1.16,1,0,6,3,2,0,6,1,1,1,0.0611,0.0,0.3312,0.9162,0.0745,0.0,0.1788,0.0209,0.0324,0.0527,9,2,0,0,2,1,5,1,0,1,0.3346,0.1296,0.0,0.0,0.0745,0.019,0.2688,0.0527,0.0,0.7884,16,5,18.49,18.85
4087287,2023-07-23,arg,2023,Liga Profesional,26,Pablo Dóvalo,161730,Defensa y Justicia,202757,Sarmiento,1,3,0,64,36,21,3,12,0,5,3,4,0,0,0,9,3,12,0,10,2,2,0,1,0,28,10,5,11,0,1,0,1,2,3,16,9,13,9,0,4,16,29,0,9,56,29,37.0,23.0,19.0,6.0,11.0,9.0,586,320,498.0,223.0,247,147,251,76,51.0,20.0,8.0,2.0,1.42,0.22,1.38,0.22,0.04,0.0,1.42,0.22,3.43,0.0,0,0,7,2,2,1,8,0,4,0,0.0,0.0,0.9156,0.183,0.0523,0.0367,0.3466,0.0,0.107,0.0,17,2,2,1,2,0,0,0,0,0,1.2964,0.183,0.083,0.0367,0.0422,0.0,0.0,0.0,0.0,0.0,21,3,20.0,12.04
4087287,2023-07-23,arg,2023,Liga Profesional,26,Pablo Dóvalo,202757,Sarmiento,161730,Defensa y Justicia,0,0,3,36,64,3,21,0,12,3,5,0,4,0,0,3,9,0,12,2,10,0,2,0,1,10,28,11,5,1,0,1,0,3,2,9,16,9,13,4,0,29,16,9,0,29,56,23.0,37.0,6.0,19.0,9.0,11.0,320,586,223.0,498.0,147,247,76,251,20.0,51.0,2.0,8.0,0.22,1.42,0.22,1.38,0.0,0.04,0.22,1.42,0.0,3.43,0,0,2,7,1,2,0,8,0,4,0.0,0.0,0.183,0.9156,0.0367,0.0523,0.0,0.3466,0.0,0.107,2,17,1,2,0,2,0,0,0,0,0.183,1.2964,0.0367,0.083,0.0,0.0422,0.0,0.0,0.0,0.0,3,21,12.04,20.0
4087274,2023-07-24,arg,2023,Liga Profesional,26,Fernando Andrés Rapallini,10079,Velez Sarsfield,10096,Union,1,0,0,50,50,5,7,0,1,1,4,4,2,0,0,4,4,1,3,3,6,0,1,0,1,18,17,14,16,2,2,0,0,0,0,19,32,18,14,2,4,20,19,1,0,81,71,57.0,59.0,24.0,12.0,23.0,14.0,383,375,276.0,262.0,144,162,132,100,34.0,22.0,3.0,6.0,0.31,0.28,0.26,0.22,0.04,0.06,0.31,0.28,0.0,0.17,0,0,3,3,1,1,0,2,1,1,0.0,0.0,0.2338,0.1743,0.0297,0.0519,0.0,0.0418,0.0429,0.0151,4,5,0,0,0,2,1,0,0,0,0.2634,0.2253,0.0,0.0,0.0,0.0578,0.0429,0.0,0.0,0.0,5,7,16.22,20.2
4087274,2023-07-24,arg,2023,Liga Profesional,26,Fernando Andrés Rapallini,10096,Union,10079,Velez Sarsfield,0,0,0,50,50,7,5,1,0,4,1,2,4,0,0,4,4,3,1,6,3,1,0,1,0,17,18,16,14,2,2,0,0,0,0,32,19,14,18,4,2,19,20,0,1,71,81,59.0,57.0,12.0,24.0,14.0,23.0,375,383,262.0,276.0,162,144,100,132,22.0,34.0,6.0,3.0,0.28,0.31,0.22,0.26,0.06,0.04,0.28,0.31,0.17,0.0,0,0,3,3,1,1,2,0,1,1,0.0,0.0,0.1743,0.2338,0.0519,0.0297,0.0418,0.0,0.0151,0.0429,5,4,0,0,2,0,0,1,0,0,0.2253,0.2634,0.0,0.0,0.0578,0.0,0.0,0.0429,0.0,0.0,7,5,20.2,16.22
4087276,2023-07-24,arg,2023,Liga Profesional,26,Facundo Raúl Tello Figueroa,10101,Talleres,10103,Gimnasia LP,1,2,2,60,40,17,22,4,7,7,5,6,10,0,2,9,8,8,14,6,7,2,4,1,2,27,32,14,8,3,1,0,0,1,1,16,21,0,6,8,6,32,22,5,2,60,55,39.0,41.0,21.0,14.0,15.0,9.0,522,332,430.0,246.0,228,138,202,108,36.0,25.0,5.0,6.0,1.78,1.69,0.66,1.45,1.12,0.24,1.78,1.69,1.56,1.85,1,0,7,6,1,2,5,7,3,7,0.7946,0.0,0.6868,1.001,0.0737,0.2037,0.1629,0.3543,0.0617,0.1486,10,11,0,2,6,5,1,4,0,0,0.6597,1.198,0.0,0.2638,1.0944,0.126,0.0255,0.1198,0.0,0.0,17,22,18.24,21.11
4087276,2023-07-24,arg,2023,Liga Profesional,26,Facundo Raúl Tello Figueroa,10103,Gimnasia LP,10101,Talleres,0,2,2,40,60,22,17,7,4,5,7,10,6,2,0,8,9,14,8,7,6,4,2,2,1,32,27,8,14,1,3,0,0,1,1,21,16,6,0,6,8,22,32,2,5,55,60,41.0,39.0,14.0,21.0,9.0,15.0,332,522,246.0,430.0,138,228,108,202,25.0,36.0,6.0,5.0,1.69,1.78,1.45,0.66,0.24,1.12,1.69,1.78,1.85,1.56,0,1,6,7,2,1,7,5,7,3,0.0,0.7946,1.001,0.6868,0.2037,0.0737,0.3543,0.1629,0.1486,0.0617,11,10,2,0,5,6,4,1,0,0,1.198,0.6597,0.2638,0.0,0.126,1.0944,0.1198,0.0255,0.0,0.0,22,17,21.11,18.24
4087277,2023-07-24,arg,2023,Liga Profesional,26,Fernando Echenique,10077,Boca Juniors,10201,Newell's Old Boys,1,2,1,44,56,7,6,2,4,2,0,3,2,0,0,3,0,4,6,2,1,1,0,0,0,13,6,19,14,5,3,0,0,1,1,19,20,17,18,2,3,8,7,3,0,51,52,44.0,45.0,7.0,7.0,13.0,6.0,353,465,259.0,368.0,151,256,108,112,21.0,16.0,4.0,3.0,0.75,0.17,0.68,0.14,0.08,0.03,0.75,0.17,,,0,0,2,0,1,0,2,2,2,4,0.0,0.0,0.5708,0.0,0.0569,0.0,0.1133,0.0892,0.0348,0.0787,3,5,2,0,1,0,1,1,0,0,0.5303,0.135,0.145,0.0,0.0238,0.0,0.0767,0.033,0.0,0.0,7,6,19.16,29.5
4087277,2023-07-24,arg,2023,Liga Profesional,26,Fernando Echenique,10201,Newell's Old Boys,10077,Boca Juniors,0,1,2,56,44,6,7,4,2,0,2,2,3,0,0,0,3,6,4,1,2,0,1,0,0,6,13,14,19,3,5,0,0,1,1,20,19,18,17,3,2,7,8,0,3,52,51,45.0,44.0,7.0,7.0,6.0,13.0,465,353,368.0,259.0,256,151,112,108,16.0,21.0,3.0,4.0,0.17,0.75,0.14,0.68,0.03,0.08,0.17,0.75,,,0,0,0,2,0,1,2,2,4,2,0.0,0.0,0.0,0.5708,0.0,0.0569,0.0892,0.1133,0.0787,0.0348,5,3,0,2,0,1,1,1,0,0,0.135,0.5303,0.0,0.145,0.0,0.0238,0.033,0.0767,0.0,0.0,6,7,29.5,19.16
4087288,2023-07-24,arg,2023,Liga Profesional,26,Darío Herrera,10087,Banfield,10227,Godoy Cruz,1,2,0,35,65,10,10,5,2,5,7,0,1,0,0,7,2,3,8,5,5,3,0,1,0,,,15,21,1,5,0,0,3,0,29,20,8,8,1,0,36,24,2,3,93,69,60.0,46.0,33.0,23.0,12.0,14.0,208,385,115.0,289.0,57,143,58,146,18.0,28.0,5.0,1.0,1.84,0.29,1.42,0.2,0.42,0.09,1.84,0.29,2.51,0.13,2,0,5,2,0,0,0,4,3,4,0.2394,0.0,1.4955,0.1202,0.0,0.0,0.0,0.1032,0.1002,0.0659,4,7,2,0,1,0,3,3,0,0,0.1361,0.2026,1.3143,0.0,0.2274,0.0,0.1572,0.0867,0.0,0.0,10,10,14.99,29.23
4087288,2023-07-24,arg,2023,Liga Profesional,26,Darío Herrera,10227,Godoy Cruz,10087,Banfield,0,0,2,65,35,10,10,2,5,7,5,1,0,0,0,2,7,8,3,5,5,0,3,0,1,,,21,15,5,1,0,0,0,3,20,29,8,8,0,1,24,36,3,2,69,93,46.0,60.0,23.0,33.0,14.0,12.0,385,208,289.0,115.0,143,57,146,58,28.0,18.0,1.0,5.0,0.29,1.84,0.2,1.42,0.09,0.42,0.29,1.84,0.13,2.51,0,2,2,5,0,0,4,0,4,3,0.0,0.2394,0.1202,1.4955,0.0,0.0,0.1032,0.0,0.0659,0.1002,7,4,0,2,0,1,3,3,0,0,0.2026,0.1361,0.0,1.3143,0.0,0.2274,0.0867,0.1572,0.0,0.0,10,10,29.23,14.99
4087297,2023-07-24,arg,2023,Liga Profesional,26,Jorge Ignacio Baliño,10080,Racing Club,213596,Central Cordoba de Santiago,1,3,1,62,38,14,15,6,8,5,7,3,0,1,0,11,12,3,3,6,4,5,2,3,1,,,16,16,0,3,0,0,1,4,13,14,5,5,0,1,19,14,7,3,50,56,40.0,43.0,10.0,13.0,11.0,14.0,491,284,383.0,178.0,187,72,196,106,41.0,29.0,2.0,7.0,1.18,0.79,0.81,0.58,0.38,0.21,1.18,0.79,1.9,2.31,0,0,8,6,3,6,2,2,1,1,0.0,0.0,0.9407,0.5826,0.1233,0.1895,0.0945,0.0372,0.0305,0.0191,7,10,1,0,4,2,2,3,0,0,0.6577,0.62,0.15,0.0,0.3302,0.1545,0.0513,0.054,0.0,0.0,14,15,16.61,17.38
4087297,2023-07-24,arg,2023,Liga Profesional,26,Jorge Ignacio Baliño,213596,Central Cordoba de Santiago,10080,Racing Club,0,1,3,38,62,15,14,8,6,7,5,0,3,0,1,12,11,3,3,4,6,2,5,1,3,,,16,16,3,0,0,0,4,1,14,13,5,5,1,0,14,19,3,7,56,50,43.0,40.0,13.0,10.0,14.0,11.0,284,491,178.0,383.0,72,187,106,196,29.0,41.0,7.0,2.0,0.79,1.18,0.58,0.81,0.21,0.38,0.79,1.18,2.31,1.9,0,0,6,8,6,3,2,2,1,1,0.0,0.0,0.5826,0.9407,0.1895,0.1233,0.0372,0.0945,0.0191,0.0305,10,7,0,1,2,4,3,2,0,0,0.62,0.6577,0.0,0.15,0.1545,0.3302,0.054,0.0513,0.0,0.0,15,14,17.38,16.61
4087298,2023-07-24,arg,2023,Liga Profesional,26,Yael Falcón Pérez,10084,Rosario Central,10076,River Plate,1,3,3,35,65,16,17,5,8,8,7,3,2,1,0,10,14,6,3,4,9,2,4,0,2,,,13,10,5,3,0,0,0,2,18,14,21,7,2,3,28,21,5,2,55,55,38.0,44.0,17.0,11.0,10.0,17.0,257,486,185.0,387.0,89,220,96,167,25.0,25.0,6.0,10.0,2.16,1.72,1.0,1.3,1.16,0.42,2.16,1.72,2.33,2.7,1,2,7,10,2,2,1,2,5,1,0.9061,0.7299,1.036,0.851,0.0679,0.082,0.0355,0.0326,0.1229,0.0217,9,10,2,0,0,7,5,0,0,0,0.9167,1.2976,0.0844,0.0,0.0,0.4196,1.1673,0.0,0.0,0.0,16,17,18.07,15.18
4087298,2023-07-24,arg,2023,Liga Profesional,26,Yael Falcón Pérez,10076,River Plate,10084,Rosario Central,0,3,3,65,35,17,16,8,5,7,8,2,3,0,1,14,10,3,6,9,4,4,2,2,0,,,10,13,3,5,0,0,2,0,14,18,7,21,3,2,21,28,2,5,55,55,44.0,38.0,11.0,17.0,17.0,10.0,486,257,387.0,185.0,220,89,167,96,25.0,25.0,10.0,6.0,1.72,2.16,1.3,1.0,0.42,1.16,1.72,2.16,2.7,2.33,2,1,10,7,2,2,2,1,1,5,0.7299,0.9061,0.851,1.036,0.082,0.0679,0.0326,0.0355,0.0217,0.1229,10,9,0,2,7,0,0,5,0,0,1.2976,0.9167,0.0,0.0844,0.4196,0.0,0.0,1.1673,0.0,0.0,17,16,15.18,18.07
4087289,2023-07-25,arg,2023,Liga Profesional,26,Luis Lobo Medina,10090,Instituto,10082,Lanus,1,2,1,41,59,9,11,5,4,3,4,1,3,0,0,5,6,4,5,4,3,2,0,2,0,,,10,12,2,2,0,1,1,0,18,14,8,9,3,2,13,22,3,2,56,62,39.0,34.0,17.0,28.0,9.0,10.0,304,464,212.0,358.0,67,206,145,152,19.0,28.0,5.0,5.0,0.81,0.46,0.8,0.41,0.01,0.06,0.81,0.46,1.17,1.21,0,0,5,5,0,1,2,3,2,2,0.0,0.0,0.9495,0.3377,0.0,0.0286,0.0428,0.04,0.033,0.0567,8,8,0,0,0,2,1,1,0,0,1.0162,0.4076,0.0,0.0,0.0,0.0375,0.0092,0.0179,0.0,0.0,9,11,20.11,22.23
4087289,2023-07-25,arg,2023,Liga Profesional,26,Luis Lobo Medina,10082,Lanus,10090,Instituto,0,1,2,59,41,11,9,4,5,4,3,3,1,0,0,6,5,5,4,3,4,0,2,0,2,,,12,10,2,2,1,0,0,1,14,18,9,8,2,3,22,13,2,3,62,56,34.0,39.0,28.0,17.0,10.0,9.0,464,304,358.0,212.0,206,67,152,145,28.0,19.0,5.0,5.0,0.46,0.81,0.41,0.8,0.06,0.01,0.46,0.81,1.21,1.17,0,0,5,5,1,0,3,2,2,2,0.0,0.0,0.3377,0.9495,0.0286,0.0,0.04,0.0428,0.0567,0.033,8,8,0,0,2,0,1,1,0,0,0.4076,1.0162,0.0,0.0,0.0375,0.0,0.0179,0.0092,0.0,0.0,11,9,22.23,20.11
4087301,2023-07-25,arg,2023,Liga Profesional,26,Carlos Andrés Gariano,10088,Colon,89396,Tigre,1,1,3,52,48,12,17,5,7,4,7,3,3,0,0,8,10,4,7,3,5,3,2,2,0,23,23,8,8,0,1,0,0,3,1,16,22,13,7,3,3,12,24,4,4,46,57,35.0,38.0,11.0,19.0,11.0,9.0,437,403,332.0,296.0,200,101,132,195,26.0,24.0,5.0,5.0,0.95,1.19,0.84,1.01,0.11,0.18,0.95,1.19,1.62,2.26,2,1,4,8,2,1,4,4,0,3,0.5997,0.374,0.2863,0.5476,0.0434,0.0249,0.0967,0.1839,0.0,0.0654,8,14,1,0,0,3,3,0,0,0,0.7869,1.0186,0.1326,0.0,0.0,0.1772,0.1066,0.0,0.0,0.0,12,17,17.82,17.54
4087301,2023-07-25,arg,2023,Liga Profesional,26,Carlos Andrés Gariano,89396,Tigre,10088,Colon,0,3,1,48,52,17,12,7,5,7,4,3,3,0,0,10,8,7,4,5,3,2,3,0,2,23,23,8,8,1,0,0,0,1,3,22,16,7,13,3,3,24,12,4,4,57,46,38.0,35.0,19.0,11.0,9.0,11.0,403,437,296.0,332.0,101,200,195,132,24.0,26.0,5.0,5.0,1.19,0.95,1.01,0.84,0.18,0.11,1.19,0.95,2.26,1.62,1,2,8,4,1,2,4,4,3,0,0.374,0.5997,0.5476,0.2863,0.0249,0.0434,0.1839,0.0967,0.0654,0.0,14,8,0,1,3,0,0,3,0,0,1.0186,0.7869,0.0,0.1326,0.1772,0.0,0.0,0.1066,0.0,0.0,17,12,17.54,17.82
4087302,2023-07-25,arg,2023,Liga Profesional,26,Nicolás Lamolina,213534,Barracas Central,10098,Arsenal Sarandi,1,0,0,58,42,12,14,5,7,2,5,5,2,1,0,9,5,3,9,5,4,3,1,3,1,,,5,16,0,2,0,0,1,2,33,36,16,20,2,5,21,26,7,5,79,93,58.0,65.0,21.0,28.0,10.0,25.0,511,365,386.0,235.0,210,86,176,149,38.0,28.0,7.0,2.0,1.03,0.65,0.85,0.59,0.18,0.06,1.03,0.65,1.2,1.68,2,1,5,2,2,2,3,5,0,4,0.4743,0.2098,0.4049,0.0848,0.0489,0.0666,0.1068,0.2006,0.0,0.086,10,11,0,1,2,1,0,1,0,0,0.9428,0.4922,0.0,0.0944,0.092,0.0225,0.0,0.0387,0.0,0.0,12,14,14.84,21.87
4087302,2023-07-25,arg,2023,Liga Profesional,26,Nicolás Lamolina,10098,Arsenal Sarandi,213534,Barracas Central,0,0,0,42,58,14,12,7,5,5,2,2,5,0,1,5,9,9,3,4,5,1,3,1,3,,,16,5,2,0,0,0,2,1,36,33,20,16,5,2,26,21,5,7,93,79,65.0,58.0,28.0,21.0,25.0,10.0,365,511,235.0,386.0,86,210,149,176,28.0,38.0,2.0,7.0,0.65,1.03,0.59,0.85,0.06,0.18,0.65,1.03,1.68,1.2,1,2,2,5,2,2,5,3,4,0,0.2098,0.4743,0.0848,0.4049,0.0666,0.0489,0.2006,0.1068,0.086,0.0,11,10,1,0,1,2,1,0,0,0,0.4922,0.9428,0.0944,0.0,0.0225,0.092,0.0387,0.0,0.0,0.0,14,12,21.87,14.84
4087281,2023-07-28,arg,2023,Liga Profesional,27,Hernán Mastrángelo,10201,Newell's Old Boys,10101,Talleres,1,1,1,63,37,17,8,4,1,11,1,2,6,2,0,13,5,4,3,7,3,3,0,2,0,25,5,15,13,1,1,1,1,1,1,17,16,12,6,6,2,10,23,0,3,62,50,45.0,34.0,17.0,16.0,18.0,6.0,456,277,374.0,190.0,210,118,164,72,29.0,27.0,11.0,2.0,2.11,0.37,1.24,0.19,0.08,0.19,1.32,0.37,1.26,0.1,0,0,10,4,3,1,2,1,2,2,0.0,0.0,1.7265,0.2466,0.3033,0.0214,0.0442,0.0328,0.0335,0.0732,13,1,0,2,2,1,1,4,1,0,1.2423,0.1317,0.0,0.0542,0.057,0.0109,0.0198,0.1773,0.7884,0.0,17,8,15.85,18.71
4087281,2023-07-28,arg,2023,Liga Profesional,27,Hernán Mastrángelo,10101,Talleres,10201,Newell's Old Boys,0,1,1,37,63,8,17,1,4,1,11,6,2,0,2,5,13,3,4,3,7,0,3,0,2,5,25,13,15,1,1,1,1,1,1,16,17,6,12,2,6,23,10,3,0,50,62,34.0,45.0,16.0,17.0,6.0,18.0,277,456,190.0,374.0,118,210,72,164,27.0,29.0,2.0,11.0,0.37,2.11,0.19,1.24,0.19,0.08,0.37,1.32,0.1,1.26,0,0,4,10,1,3,1,2,2,2,0.0,0.0,0.2466,1.7265,0.0214,0.3033,0.0328,0.0442,0.0732,0.0335,1,13,2,0,1,2,4,1,0,1,0.1317,1.2423,0.0542,0.0,0.0109,0.057,0.1773,0.0198,0.0,0.7884,8,17,18.71,15.85
4087284,2023-07-28,arg,2023,Liga Profesional,27,Ariel Penel,10096,Union,161730,Defensa y Justicia,1,2,0,47,53,15,2,5,1,7,1,3,0,0,0,10,1,5,1,7,2,2,0,1,0,,,12,17,1,3,0,0,1,0,29,18,7,7,0,3,10,32,1,3,75,43,55.0,34.0,20.0,9.0,10.0,5.0,356,405,258.0,305.0,151,205,107,100,36.0,25.0,6.0,0.0,1.73,0.11,0.64,0.09,0.3,0.02,0.94,0.11,1.45,0.29,1,0,6,1,3,0,4,0,1,1,0.1563,0.0,1.3294,0.0892,0.0994,0.0,0.1298,0.0,0.0148,0.0169,9,1,0,0,5,1,0,0,1,0,0.6416,0.0892,0.0,0.0,0.2997,0.0169,0.0,0.0,0.7884,0.0,15,2,17.87,20.14
4087284,2023-07-28,arg,2023,Liga Profesional,27,Ariel Penel,161730,Defensa y Justicia,10096,Union,0,0,2,53,47,2,15,1,5,1,7,0,3,0,0,1,10,1,5,2,7,0,2,0,1,,,17,12,3,1,0,0,0,1,18,29,7,7,3,0,32,10,3,1,43,75,34.0,55.0,9.0,20.0,5.0,10.0,405,356,305.0,258.0,205,151,100,107,25.0,36.0,0.0,6.0,0.11,1.73,0.09,0.64,0.02,0.3,0.11,0.94,0.29,1.45,0,1,1,6,0,3,0,4,1,1,0.0,0.1563,0.0892,1.3294,0.0,0.0994,0.0,0.1298,0.0169,0.0148,1,9,0,0,1,5,0,0,0,1,0.0892,0.6416,0.0,0.0,0.0169,0.2997,0.0,0.0,0.0,0.7884,2,15,20.14,17.87
4087305,2023-07-28,arg,2023,Liga Profesional,27,Fernando Espinoza,10092,Belgrano,10084,Rosario Central,1,0,0,50,50,12,4,2,1,10,2,0,1,0,0,7,4,5,0,3,5,0,0,0,0,,,12,11,2,1,0,0,4,0,23,19,13,16,1,0,17,38,1,2,64,58,44.0,36.0,20.0,22.0,10.0,6.0,331,356,270.0,275.0,110,152,160,123,46.0,38.0,7.0,5.0,0.46,0.12,0.4,0.03,0.06,0.09,0.46,0.12,0.06,0.2,0,0,6,3,1,1,2,0,3,0,0.0,0.0,0.3771,0.1145,0.0087,0.0038,0.0303,0.0,0.0416,0.0,10,1,0,0,0,2,2,1,0,0,0.3952,0.0278,0.0,0.0,0.0,0.0278,0.0625,0.0626,0.0,0.0,12,4,19.42,13.63
4087305,2023-07-28,arg,2023,Liga Profesional,27,Fernando Espinoza,10084,Rosario Central,10092,Belgrano,0,0,0,50,50,4,12,1,2,2,10,1,0,0,0,4,7,0,5,5,3,0,0,0,0,,,11,12,1,2,0,0,0,4,19,23,16,13,0,1,38,17,2,1,58,64,36.0,44.0,22.0,20.0,6.0,10.0,356,331,275.0,270.0,152,110,123,160,38.0,46.0,5.0,7.0,0.12,0.46,0.03,0.4,0.09,0.06,0.12,0.46,0.2,0.06,0,0,3,6,1,1,0,2,0,3,0.0,0.0,0.1145,0.3771,0.0038,0.0087,0.0,0.0303,0.0,0.0416,1,10,0,0,2,0,1,2,0,0,0.0278,0.3952,0.0,0.0,0.0278,0.0,0.0626,0.0625,0.0,0.0,4,12,13.63,19.42
4087306,2023-07-28,arg,2023,Liga Profesional,27,Darío Herrera,10086,Argentinos Juniors,10094,Estudiantes,1,2,3,61,39,18,11,6,5,7,3,5,3,2,0,13,8,5,3,6,5,3,2,1,0,,,11,18,3,4,0,0,2,2,12,19,1,8,3,6,9,25,2,3,60,55,39.0,34.0,21.0,21.0,11.0,5.0,453,287,367.0,184.0,209,93,158,91,45.0,21.0,6.0,5.0,2.82,1.52,1.58,1.17,0.46,0.34,2.03,1.52,2.59,1.91,1,1,10,4,2,3,4,3,1,0,0.8072,0.8481,1.7767,0.3713,0.1052,0.1527,0.1153,0.1436,0.0173,0.0,11,4,0,0,3,4,3,3,1,0,1.5776,1.1707,0.0,0.0,0.2454,0.1207,0.2103,0.2242,0.7884,0.0,18,11,14.67,14.66
4087306,2023-07-28,arg,2023,Liga Profesional,27,Darío Herrera,10094,Estudiantes,10086,Argentinos Juniors,0,3,2,39,61,11,18,5,6,3,7,3,5,0,2,8,13,3,5,5,6,2,3,0,1,,,18,11,4,3,0,0,2,2,19,12,8,1,6,3,25,9,3,2,55,60,34.0,39.0,21.0,21.0,5.0,11.0,287,453,184.0,367.0,93,209,91,158,21.0,45.0,5.0,6.0,1.52,2.82,1.17,1.58,0.34,0.46,1.52,2.03,1.91,2.59,1,1,4,10,3,2,3,4,0,1,0.8481,0.8072,0.3713,1.7767,0.1527,0.1052,0.1436,0.1153,0.0,0.0173,4,11,0,0,4,3,3,3,0,1,1.1707,1.5776,0.0,0.0,0.1207,0.2454,0.2242,0.2103,0.0,0.7884,11,18,14.66,14.67
4087279,2023-07-29,arg,2023,Liga Profesional,27,Carlos Andrés Gariano,213596,Central Cordoba de Santiago,161727,Atletico Tucuman,1,0,2,56,44,8,13,3,5,4,5,1,3,0,0,2,5,6,8,3,1,0,2,0,1,,,9,12,1,1,0,0,1,1,20,28,13,10,3,1,16,15,3,3,62,73,39.0,43.0,23.0,30.0,8.0,7.0,399,330,293.0,218.0,147,78,146,140,31.0,23.0,3.0,1.0,0.19,0.82,0.14,0.72,0.05,0.1,0.19,0.82,0.5,1.53,0,0,1,4,1,1,4,6,2,2,0.0,0.0,0.0268,0.6648,0.0215,0.0493,0.1164,0.0873,0.0297,0.0227,5,10,0,1,2,0,1,2,0,0,0.1432,0.6745,0.0,0.0493,0.0244,0.0,0.0268,0.1002,0.0,0.0,8,13,24.6,24.67
4087279,2023-07-29,arg,2023,Liga Profesional,27,Carlos Andrés Gariano,161727,Atletico Tucuman,213596,Central Cordoba de Santiago,0,2,0,44,56,13,8,5,3,5,4,3,1,0,0,5,2,8,6,1,3,2,0,1,0,,,12,9,1,1,0,0,1,1,28,20,10,13,1,3,15,16,3,3,73,62,43.0,39.0,30.0,23.0,7.0,8.0,330,399,218.0,293.0,78,147,140,146,23.0,31.0,1.0,3.0,0.82,0.19,0.72,0.14,0.1,0.05,0.82,0.19,1.53,0.5,0,0,4,1,1,1,6,4,2,2,0.0,0.0,0.6648,0.0268,0.0493,0.0215,0.0873,0.1164,0.0227,0.0297,10,5,1,0,0,2,2,1,0,0,0.6745,0.1432,0.0493,0.0,0.0,0.0244,0.1002,0.0268,0.0,0.0,13,8,24.67,24.6
4087280,2023-07-29,arg,2023,Liga Profesional,27,Nicolás Ramírez,10078,Independiente,10077,Boca Juniors,1,0,2,39,61,12,4,5,2,4,1,3,1,0,0,10,4,2,0,5,4,2,1,2,0,,,18,12,5,2,0,0,0,2,32,22,15,6,1,3,9,9,0,5,65,60,54.0,50.0,11.0,10.0,11.0,10.0,263,429,178.0,332.0,66,230,112,102,8.0,21.0,5.0,4.0,1.53,0.78,0.42,0.72,0.32,0.06,0.74,0.78,1.53,0.43,1,1,7,2,2,1,0,0,2,0,0.1387,0.0622,1.2942,0.6829,0.0633,0.0372,0.0,0.0,0.0367,0.0,6,3,1,0,1,1,3,0,1,0,0.3867,0.72,0.0365,0.0,0.0573,0.0622,0.264,0.0,0.7884,0.0,12,4,15.25,11.28
4087280,2023-07-29,arg,2023,Liga Profesional,27,Nicolás Ramírez,10077,Boca Juniors,10078,Independiente,0,2,0,61,39,4,12,2,5,1,4,1,3,0,0,4,10,0,2,4,5,1,2,0,2,,,12,18,2,5,0,0,2,0,22,32,6,15,3,1,9,9,5,0,60,65,50.0,54.0,10.0,11.0,10.0,11.0,429,263,332.0,178.0,230,66,102,112,21.0,8.0,4.0,5.0,0.78,1.53,0.72,0.42,0.06,0.32,0.78,0.74,0.43,1.53,1,1,2,7,1,2,0,0,0,2,0.0622,0.1387,0.6829,1.2942,0.0372,0.0633,0.0,0.0,0.0,0.0367,3,6,0,1,1,1,0,3,0,1,0.72,0.3867,0.0,0.0365,0.0622,0.0573,0.0,0.264,0.0,0.7884,4,12,11.28,15.25
4087285,2023-07-29,arg,2023,Liga Profesional,27,Silvio Trucco,202757,Sarmiento,10087,Banfield,1,0,0,49,51,12,9,2,2,7,5,3,2,1,0,7,5,5,4,0,4,1,0,1,0,19,14,18,11,1,3,0,0,0,0,23,15,2,4,3,3,29,12,1,2,81,66,47.0,42.0,34.0,24.0,14.0,11.0,356,349,232.0,243.0,102,103,130,140,37.0,28.0,6.0,2.0,0.88,0.64,0.85,0.58,0.03,0.06,0.88,0.64,0.06,0.25,1,0,4,2,2,3,3,2,2,2,0.3391,0.0,0.2716,0.2878,0.0766,0.1928,0.1391,0.1334,0.0559,0.0272,10,7,1,1,0,1,1,0,0,0,0.8147,0.4974,0.033,0.082,0.0,0.0617,0.0346,0.0,0.0,0.0,12,9,16.69,21.19
4087285,2023-07-29,arg,2023,Liga Profesional,27,Silvio Trucco,10087,Banfield,202757,Sarmiento,0,0,0,51,49,9,12,2,2,5,7,2,3,0,1,5,7,4,5,4,0,0,1,0,1,14,19,11,18,3,1,0,0,0,0,15,23,4,2,3,3,12,29,2,1,66,81,42.0,47.0,24.0,34.0,11.0,14.0,349,356,243.0,232.0,103,102,140,130,28.0,37.0,2.0,6.0,0.64,0.88,0.58,0.85,0.06,0.03,0.64,0.88,0.25,0.06,0,1,2,4,3,2,2,3,2,2,0.0,0.3391,0.2878,0.2716,0.1928,0.0766,0.1334,0.1391,0.0272,0.0559,7,10,1,1,1,0,0,1,0,0,0.4974,0.8147,0.082,0.033,0.0617,0.0,0.0,0.0346,0.0,0.0,9,12,21.19,16.69
4087304,2023-07-29,arg,2023,Liga Profesional,27,Facundo Raúl Tello Figueroa,10076,River Plate,10080,Racing Club,1,2,1,64,36,18,8,6,4,9,3,3,1,1,0,11,4,7,4,7,5,4,0,2,0,,,15,16,1,1,0,1,4,0,22,15,12,10,1,3,18,12,3,4,64,49,51.0,42.0,13.0,7.0,13.0,13.0,608,328,534.0,243.0,263,109,271,134,35.0,17.0,5.0,4.0,2.26,0.31,1.65,0.08,0.61,0.23,2.26,0.31,1.69,1.52,3,0,7,4,1,0,4,3,3,1,0.6923,0.0,1.1474,0.1637,0.0436,0.0,0.2887,0.1296,0.0846,0.0181,10,3,1,0,3,2,4,3,0,0,1.5711,0.0844,0.0781,0.0,0.4263,0.0759,0.1812,0.1511,0.0,0.0,18,8,15.5,19.79
4087304,2023-07-29,arg,2023,Liga Profesional,27,Facundo Raúl Tello Figueroa,10080,Racing Club,10076,River Plate,0,1,2,36,64,8,18,4,6,3,9,1,3,0,1,4,11,4,7,5,7,0,4,0,2,,,16,15,1,1,1,0,0,4,15,22,10,12,3,1,12,18,4,3,49,64,42.0,51.0,7.0,13.0,13.0,13.0,328,608,243.0,534.0,109,263,134,271,17.0,35.0,4.0,5.0,0.31,2.26,0.08,1.65,0.23,0.61,0.31,2.26,1.52,1.69,0,3,4,7,0,1,3,4,1,3,0.0,0.6923,0.1637,1.1474,0.0,0.0436,0.1296,0.2887,0.0181,0.0846,3,10,0,1,2,3,3,4,0,0,0.0844,1.5711,0.0,0.0781,0.0759,0.4263,0.1511,0.1812,0.0,0.0,8,18,19.79,15.5
4087307,2023-07-29,arg,2023,Liga Profesional,27,Andrés Merlos,89396,Tigre,10083,San Lorenzo,1,2,0,69,31,17,5,9,3,3,2,5,0,0,0,8,4,9,1,3,1,3,0,2,0,31,7,11,12,0,1,0,1,2,1,21,24,8,13,0,6,8,24,3,6,58,59,49.0,42.0,9.0,17.0,16.0,7.0,535,248,473.0,179.0,190,92,283,87,29.0,24.0,6.0,2.0,1.55,0.21,1.39,0.17,0.17,0.05,1.55,0.21,1.91,0.41,0,0,7,3,1,1,7,0,2,1,0.0,0.0,1.0629,0.1116,0.0557,0.0248,0.3884,0.0,0.0449,0.0774,12,3,1,0,3,0,1,2,0,0,0.9257,0.1687,0.4612,0.0,0.0655,0.0,0.0996,0.0451,0.0,0.0,17,5,18.92,15.34
4087307,2023-07-29,arg,2023,Liga Profesional,27,Andrés Merlos,10083,San Lorenzo,89396,Tigre,0,0,2,31,69,5,17,3,9,2,3,0,5,0,0,4,8,1,9,1,3,0,3,0,2,7,31,12,11,1,0,1,0,1,2,24,21,13,8,6,0,24,8,6,3,59,58,42.0,49.0,17.0,9.0,7.0,16.0,248,535,179.0,473.0,92,190,87,283,24.0,29.0,2.0,6.0,0.21,1.55,0.17,1.39,0.05,0.17,0.21,1.55,0.41,1.91,0,0,3,7,1,1,0,7,1,2,0.0,0.0,0.1116,1.0629,0.0248,0.0557,0.0,0.3884,0.0774,0.0449,3,12,0,1,0,3,2,1,0,0,0.1687,0.9257,0.0,0.4612,0.0,0.0655,0.0451,0.0996,0.0,0.0,5,17,15.34,18.92
4087282,2023-07-30,arg,2023,Liga Profesional,27,Pablo Dóvalo,10103,Gimnasia LP,10089,Club Atletico Platense,1,1,1,45,55,16,13,4,4,6,8,6,1,0,0,9,10,7,3,4,2,3,3,2,2,,,12,12,2,1,0,1,4,1,16,17,7,6,2,5,24,26,2,3,62,61,37.0,34.0,25.0,27.0,10.0,5.0,301,368,178.0,237.0,66,115,112,122,38.0,30.0,6.0,4.0,1.89,0.87,1.82,0.19,0.07,0.67,1.89,0.87,1.49,0.82,1,1,6,7,2,2,5,2,2,1,0.6041,0.1072,1.2409,0.7023,0.0916,0.062,0.1066,0.0203,0.033,0.0161,14,6,0,0,2,1,0,6,0,0,2.0056,0.1937,0.0,0.0,0.0706,0.0321,0.0,0.6822,0.0,0.0,16,13,18.68,17.4
4087282,2023-07-30,arg,2023,Liga Profesional,27,Pablo Dóvalo,10089,Club Atletico Platense,10103,Gimnasia LP,0,1,1,55,45,13,16,4,4,8,6,1,6,0,0,10,9,3,7,2,4,3,3,2,2,,,12,12,1,2,1,0,1,4,17,16,6,7,5,2,26,24,3,2,61,62,34.0,37.0,27.0,25.0,5.0,10.0,368,301,237.0,178.0,115,66,122,112,30.0,38.0,4.0,6.0,0.87,1.89,0.19,1.82,0.67,0.07,0.87,1.89,0.82,1.49,1,1,7,6,2,2,2,5,1,2,0.1072,0.6041,0.7023,1.2409,0.062,0.0916,0.0203,0.1066,0.0161,0.033,6,14,0,0,1,2,6,0,0,0,0.1937,2.0056,0.0,0.0,0.0321,0.0706,0.6822,0.0,0.0,0.0,13,16,17.4,18.68
4087283,2023-07-30,arg,2023,Liga Profesional,27,Yael Falcón Pérez,10081,Huracan,10079,Velez Sarsfield,1,1,0,48,52,6,3,5,0,1,2,0,1,0,0,4,1,2,2,2,1,1,0,0,0,17,10,15,16,2,3,0,0,2,1,27,21,12,10,1,0,14,21,0,4,76,80,52.0,53.0,24.0,27.0,11.0,18.0,340,393,233.0,288.0,128,143,105,145,35.0,26.0,3.0,1.0,1.05,0.14,0.08,0.11,0.18,0.03,0.26,0.14,1.33,0.0,0,0,4,1,0,0,1,2,1,0,0.0,0.0,0.9897,0.0676,0.0,0.0,0.0406,0.0772,0.0211,0.0,3,2,0,0,0,0,2,1,1,0,0.0823,0.1118,0.0,0.0,0.0,0.0,0.1807,0.033,0.7884,0.0,6,3,15.92,23.04
4087283,2023-07-30,arg,2023,Liga Profesional,27,Yael Falcón Pérez,10079,Velez Sarsfield,10081,Huracan,0,0,1,52,48,3,6,0,5,2,1,1,0,0,0,1,4,2,2,1,2,0,1,0,0,10,17,16,15,3,2,0,0,1,2,21,27,10,12,0,1,21,14,4,0,80,76,53.0,52.0,27.0,24.0,18.0,11.0,393,340,288.0,233.0,143,128,145,105,26.0,35.0,1.0,3.0,0.14,1.05,0.11,0.08,0.03,0.18,0.14,0.26,0.0,1.33,0,0,1,4,0,0,2,1,0,1,0.0,0.0,0.0676,0.9897,0.0,0.0,0.0772,0.0406,0.0,0.0211,2,3,0,0,0,0,1,2,0,1,0.1118,0.0823,0.0,0.0,0.0,0.0,0.033,0.1807,0.0,0.7884,3,6,23.04,15.92
4087286,2023-07-30,arg,2023,Liga Profesional,27,Fernando Andrés Rapallini,10227,Godoy Cruz,10090,Instituto,1,4,2,46,54,22,9,11,3,6,2,5,4,0,0,10,6,12,3,5,5,0,4,0,2,,,4,10,2,2,0,0,2,4,10,19,7,5,4,5,19,16,1,8,56,51,28.0,31.0,28.0,20.0,11.0,8.0,349,411,265.0,287.0,141,111,124,176,35.0,34.0,7.0,5.0,1.47,1.16,0.86,0.9,0.61,0.26,1.47,1.16,2.09,1.53,1,2,7,4,2,0,7,1,5,2,0.2116,0.7233,0.7479,0.3793,0.1305,0.0,0.2028,0.0262,0.1734,0.0273,12,5,2,0,3,4,5,0,0,0,0.6587,0.8958,0.1996,0.0,0.2475,0.2603,0.3604,0.0,0.0,0.0,22,9,21.18,16.46
4087286,2023-07-30,arg,2023,Liga Profesional,27,Fernando Andrés Rapallini,10090,Instituto,10227,Godoy Cruz,0,2,4,54,46,9,22,3,11,2,6,4,5,0,0,6,10,3,12,5,5,4,0,2,0,,,10,4,2,2,0,0,4,2,19,10,5,7,5,4,16,19,8,1,51,56,31.0,28.0,20.0,28.0,8.0,11.0,411,349,287.0,265.0,111,141,176,124,34.0,35.0,5.0,7.0,1.16,1.47,0.9,0.86,0.26,0.61,1.16,1.47,1.53,2.09,2,1,4,7,0,2,1,7,2,5,0.7233,0.2116,0.3793,0.7479,0.0,0.1305,0.0262,0.2028,0.0273,0.1734,5,12,0,2,4,3,0,5,0,0,0.8958,0.6587,0.0,0.1996,0.2603,0.2475,0.0,0.3604,0.0,0.0,9,22,16.46,21.18
4087303,2023-07-30,arg,2023,Liga Profesional,27,Fernando Echenique,10082,Lanus,213534,Barracas Central,1,2,0,44,56,9,9,5,1,1,6,3,2,0,0,6,3,3,6,5,8,4,0,2,0,,,20,16,2,2,0,0,5,0,21,10,9,6,2,4,26,10,1,2,67,48,44.0,33.0,23.0,15.0,9.0,8.0,362,449,276.0,338.0,168,167,108,171,23.0,20.0,3.0,7.0,1.41,0.26,1.34,0.2,0.07,0.06,1.41,0.26,1.87,0.1,0,0,4,3,2,0,2,3,1,3,0.0,0.0,1.1267,0.178,0.2142,0.0,0.0593,0.0574,0.0113,0.0286,4,5,2,0,2,2,1,2,0,0,0.5814,0.2034,0.7607,0.0,0.058,0.0375,0.0113,0.0232,0.0,0.0,9,9,17.59,22.4
4087303,2023-07-30,arg,2023,Liga Profesional,27,Fernando Echenique,213534,Barracas Central,10082,Lanus,0,0,2,56,44,9,9,1,5,6,1,2,3,0,0,3,6,6,3,8,5,0,4,0,2,,,16,20,2,2,0,0,0,5,10,21,6,9,4,2,10,26,2,1,48,67,33.0,44.0,15.0,23.0,8.0,9.0,449,362,338.0,276.0,167,168,171,108,20.0,23.0,7.0,3.0,0.26,1.41,0.2,1.34,0.06,0.07,0.26,1.41,0.1,1.87,0,0,3,4,0,2,3,2,3,1,0.0,0.0,0.178,1.1267,0.0,0.2142,0.0574,0.0593,0.0286,0.0113,5,4,0,2,2,2,2,1,0,0,0.2034,0.5814,0.0,0.7607,0.0375,0.058,0.0232,0.0113,0.0,0.0,9,9,22.4,17.59
4087308,2023-07-30,arg,2023,Liga Profesional,27,Nazareno Arasa,10098,Arsenal Sarandi,10088,Colon,1,2,0,39,61,23,14,5,4,13,6,5,4,1,0,18,7,5,7,7,7,4,1,3,1,,,18,10,2,3,0,0,4,1,20,27,11,9,5,5,40,17,3,4,62,69,38.0,49.0,24.0,20.0,8.0,6.0,326,515,214.0,377.0,107,198,107,179,24.0,32.0,10.0,4.0,2.61,0.71,1.21,0.46,0.61,0.25,1.82,0.71,1.29,0.52,1,0,14,5,3,2,3,3,2,4,0.2583,0.0,1.8087,0.1994,0.4236,0.3624,0.0944,0.0518,0.0261,0.0993,12,7,1,0,8,4,1,3,1,0,1.089,0.4593,0.1223,0.0,0.5141,0.176,0.0973,0.0776,0.7884,0.0,23,14,15.06,19.5
4087308,2023-07-30,arg,2023,Liga Profesional,27,Nazareno Arasa,10088,Colon,10098,Arsenal Sarandi,0,0,2,61,39,14,23,4,5,6,13,4,5,0,1,7,18,7,5,7,7,1,4,1,3,,,10,18,3,2,0,0,1,4,27,20,9,11,5,5,17,40,4,3,69,62,49.0,38.0,20.0,24.0,6.0,8.0,515,326,377.0,214.0,198,107,179,107,32.0,24.0,4.0,10.0,0.71,2.61,0.46,1.21,0.25,0.61,0.71,1.82,0.52,1.29,0,1,5,14,2,3,3,3,4,2,0.0,0.2583,0.1994,1.8087,0.3624,0.4236,0.0518,0.0944,0.0993,0.0261,7,12,0,1,4,8,3,1,0,1,0.4593,1.089,0.0,0.1223,0.176,0.5141,0.0776,0.0973,0.0,0.7884,14,23,19.5,15.06
