match_id,date,league,season,competition,round,referee,team_id,team,opp_id,opp,is_home,gf,ga,poss,poss_ag,shots,shots_ag,sot,sot_ag,shots_off,shots_off_ag,shots_blocked,shots_blocked_ag,woodwork,woodwork_ag,shots_box,shots_box_ag,shots_obox,shots_obox_ag,corners,corners_ag,bigchance,bigchance_ag,bigchance_missed,bigchance_missed_ag,touches_box,touches_box_ag,fouls,fouls_ag,yellow,yellow_ag,red,red_ag,offsides,offsides_ag,tackles,tackles_ag,interceptions,interceptions_ag,blocks,blocks_ag,clearances,clearances_ag,saves,saves_ag,duels_won,duels_won_ag,ground_duels_won,ground_duels_won_ag,aerials_won,aerials_won_ag,dribbles,dribbles_ag,passes,passes_ag,passes_acc,passes_acc_ag,passes_own_half,passes_own_half_ag,passes_opp_half,passes_opp_half_ag,long_balls_acc,long_balls_acc_ag,crosses_acc,crosses_acc_ag,xg,xg_ag,xg_op,xg_op_ag,xg_sp,xg_sp_ag,xg_np,xg_np_ag,xgot,xgot_ag,z_sixyard,z_sixyard_ag,z_box_c,z_box_c_ag,z_box_w,z_box_w_ag,z_out_c,z_out_c_ag,z_out_w,z_out_w_ag,z_sixyard_xg,z_sixyard_xg_ag,z_box_c_xg,z_box_c_xg_ag,z_box_w_xg,z_box_w_xg_ag,z_out_c_xg,z_out_c_xg_ag,z_out_w_xg,z_out_w_xg_ag,s_open,s_open_ag,s_fastbreak,s_fastbreak_ag,s_corner,s_corner_ag,s_freekick,s_freekick_ag,s_penalty,s_penalty_ag,s_open_xg,s_open_xg_ag,s_fastbreak_xg,s_fastbreak_xg_ag,s_corner_xg,s_corner_xg_ag,s_freekick_xg,s_freekick_xg_ag,s_penalty_xg,s_penalty_xg_ag,shotmap_n,shotmap_n_ag,shot_dist_avg,shot_dist_avg_ag
4732478,2025-03-29,bra,2025,Brasileirao,1,Felipe Fernandes de Lima,10277,Sao Paulo,6305,Sport Recife,1,0,0,64,36,16,8,3,1,11,4,2,3,1,0,11,3,5,5,6,2,2,0,2,0,24,5,17,21,0,2,0,0,1,2,16,13,6,5,3,2,10,29,1,3,55,52,46.0,33.0,9.0,19.0,10.0,5.0,529,305,461.0,237.0,268,134,193,103,19.0,25.0,7.0,0.0,2.36,0.3,0.45,0.17,1.12,0.13,1.57,0.3,0.26,0.22,1,0,10,1,0,2,3,3,2,2,0.7322,0.0,1.4966,0.0179,0.0,0.1852,0.0795,0.0716,0.0518,0.0919,6,2,1,1,4,1,4,4,1,0,0.3663,0.055,0.0878,0.1683,0.8585,0.0212,0.2592,0.1222,0.7884,0.0,16,8,15.16,24.56
4732478,2025-03-29,bra,2025,Brasileirao,1,Felipe Fernandes de Lima,6305,Sport Recife,10277,Sao Paulo,0,0,0,36,64,8,16,1,3,4,11,3,2,0,1,3,11,5,5,2,6,0,2,0,2,5,24,21,17,2,0,0,0,2,1,13,16,5,6,2,3,29,10,3,1,52,55,33.0,46.0,19.0,9.0,5.0,10.0,305,529,237.0,461.0,134,268,103,193,25.0,19.0,0.0,7.0,0.3,2.36,0.17,0.45,0.13,1.12,0.3,1.57,0.22,0.26,0,1,1,10,2,0,3,3,2,2,0.0,0.7322,0.0179,1.4966,0.1852,0.0,0.0716,0.0795,0.0919,0.0518,2,6,1,1,1,4,4,4,0,1,0.055,0.3663,0.1683,0.0878,0.0212,0.8585,0.1222,0.2592,0.0,0.7884,8,16,24.56,15.16
4732480,2025-03-29,bra,2025,Brasileirao,1,Alex Gomes Stefano,9781,Cruzeiro,163782,Mirassol,1,2,1,44,56,8,16,2,6,5,5,1,5,0,0,5,10,3,6,2,6,2,3,0,2,11,22,18,21,4,3,0,0,1,2,17,21,15,15,5,1,34,15,5,0,50,64,41.0,53.0,9.0,11.0,4.0,14.0,363,450,280.0,377.0,147,211,133,166,23.0,25.0,4.0,5.0,1.15,1.69,0.99,0.6,0.16,0.3,1.15,0.9,1.65,1.73,0,0,4,6,1,4,1,2,2,4,0.0,0.0,1.0305,1.3648,0.0414,0.1354,0.0174,0.1117,0.0545,0.0771,5,8,0,1,2,5,1,1,0,1,0.9854,0.5526,0.0,0.0498,0.1302,0.1994,0.0281,0.0988,0.0,0.7884,8,16,17.41,18.84
4732480,2025-03-29,bra,2025,Brasileirao,1,Alex Gomes Stefano,163782,Mirassol,9781,Cruzeiro,0,1,2,56,44,16,8,6,2,5,5,5,1,0,0,10,5,6,3,6,2,3,2,2,0,22,11,21,18,3,4,0,0,2,1,21,17,15,15,1,5,15,34,0,5,64,50,53.0,41.0,11.0,9.0,14.0,4.0,450,363,377.0,280.0,211,147,166,133,25.0,23.0,5.0,4.0,1.69,1.15,0.6,0.99,0.3,0.16,0.9,1.15,1.73,1.65,0,0,6,4,4,1,2,1,4,2,0.0,0.0,1.3648,1.0305,0.1354,0.0414,0.1117,0.0174,0.0771,0.0545,8,5,1,0,5,2,1,1,1,0,0.5526,0.9854,0.0498,0.0,0.1994,0.1302,0.0988,0.0281,0.7884,0.0,16,8,18.84,17.41
4732481,2025-03-29,bra,2025,Brasileirao,1,Raphael Claus,9769,Gremio,10272,Atletico MG,1,2,1,32,68,12,22,5,7,4,5,3,10,0,0,5,15,7,7,1,11,1,7,0,6,15,33,19,5,4,0,0,0,1,4,16,15,8,10,10,3,40,25,6,3,46,55,31.0,39.0,15.0,16.0,10.0,8.0,268,563,198.0,475.0,96,214,102,261,19.0,32.0,4.0,3.0,0.85,2.84,0.85,2.14,0.0,0.7,0.85,2.84,1.15,3.13,1,5,1,5,3,5,4,7,3,0,0.266,1.9202,0.1151,0.7285,0.189,0.1636,0.2372,0.1759,0.0809,0.0,11,15,1,0,0,6,0,1,0,0,0.8154,2.2889,0.0729,0.0,0.0,0.6668,0.0,0.0325,0.0,0.0,12,22,20.68,16.72
4732481,2025-03-29,bra,2025,Brasileirao,1,Raphael Claus,10272,Atletico MG,9769,Gremio,0,1,2,68,32,22,12,7,5,5,4,10,3,0,0,15,5,7,7,11,1,7,1,6,0,33,15,5,19,0,4,0,0,4,1,15,16,10,8,3,10,25,40,3,6,55,46,39.0,31.0,16.0,15.0,8.0,10.0,563,268,475.0,198.0,214,96,261,102,32.0,19.0,3.0,4.0,2.84,0.85,2.14,0.85,0.7,0.0,2.84,0.85,3.13,1.15,5,1,5,1,5,3,7,4,0,3,1.9202,0.266,0.7285,0.1151,0.1636,0.189,0.1759,0.2372,0.0,0.0809,15,11,0,1,6,0,1,0,0,0,2.2889,0.8154,0.0,0.0729,0.6668,0.0,0.0325,0.0,0.0,0.0,22,12,16.72,20.68
4732483,2025-03-29,bra,2025,Brasileirao,1,Rodrigo José Pereira de Lima,8287,Fortaleza,9863,Fluminense,1,2,0,30,70,5,15,3,1,2,9,0,5,0,0,3,7,2,8,4,5,1,1,0,1,10,17,16,5,1,0,0,0,4,1,26,11,10,12,5,0,25,19,1,1,43,42,35.0,32.0,8.0,10.0,4.0,6.0,282,675,216.0,614.0,139,308,77,306,13.0,19.0,2.0,5.0,0.9,0.95,0.79,0.85,0.12,0.1,0.9,0.95,1.36,0.04,0,0,3,6,0,1,1,7,1,1,0.0,0.0,0.8834,0.6676,0.0,0.0643,0.0083,0.1857,0.0062,0.0364,3,12,0,0,2,1,0,2,0,0,0.8581,0.8512,0.0,0.0,0.0398,0.0394,0.0,0.0635,0.0,0.0,5,15,21.21,19.79
4732483,2025-03-29,bra,2025,Brasileirao,1,Rodrigo José Pereira de Lima,9863,Fluminense,8287,Fortaleza,0,0,2,70,30,15,5,1,3,9,2,5,0,0,0,7,3,8,2,5,4,1,1,1,0,17,10,5,16,0,1,0,0,1,4,11,26,12,10,0,5,19,25,1,1,42,43,32.0,35.0,10.0,8.0,6.0,4.0,675,282,614.0,216.0,308,139,306,77,19.0,13.0,5.0,2.0,0.95,0.9,0.85,0.79,0.1,0.12,0.95,0.9,0.04,1.36,0,0,6,3,1,0,7,1,1,1,0.0,0.0,0.6676,0.8834,0.0643,0.0,0.1857,0.0083,0.0364,0.0062,12,3,0,0,1,2,2,0,0,0,0.8512,0.8581,0.0,0.0,0.0394,0.0398,0.0635,0.0,0.0,0.0,15,5,19.79,21.21
4732484,2025-03-29,bra,2025,Brasileirao,1,Paulo Cesar Zanovelli da Silva,10274,Juventude,7733,Vitoria,1,2,0,36,64,9,14,4,5,3,3,2,6,0,0,8,7,1,7,3,5,1,1,0,1,12,20,16,16,3,4,0,0,0,0,18,19,13,4,6,2,35,16,5,2,52,62,41.0,46.0,11.0,16.0,7.0,12.0,298,533,234.0,454.0,153,259,81,195,21.0,28.0,2.0,3.0,0.76,0.59,0.54,0.47,0.22,0.11,0.76,0.59,1.23,0.33,1,0,4,2,3,5,1,4,0,3,0.0937,0.0,0.3455,0.1383,0.2872,0.2318,0.0339,0.1041,0.0,0.1115,5,9,1,1,2,2,1,2,0,0,0.3906,0.4075,0.1519,0.066,0.1839,0.0436,0.0339,0.0687,0.0,0.0,9,14,14.83,20.57
4732484,2025-03-29,bra,2025,Brasileirao,1,Paulo Cesar Zanovelli da Silva,7733,Vitoria,10274,Juventude,0,0,2,64,36,14,9,5,4,3,3,6,2,0,0,7,8,7,1,5,3,1,1,1,0,20,12,16,16,4,3,0,0,0,0,19,18,4,13,2,6,16,35,2,5,62,52,46.0,41.0,16.0,11.0,12.0,7.0,533,298,454.0,234.0,259,153,195,81,28.0,21.0,3.0,2.0,0.59,0.76,0.47,0.54,0.11,0.22,0.59,0.76,0.33,1.23,0,1,2,4,5,3,4,1,3,0,0.0,0.0937,0.1383,0.3455,0.2318,0.2872,0.1041,0.0339,0.1115,0.0,9,5,1,1,2,2,2,1,0,0,0.4075,0.3906,0.066,0.1519,0.0436,0.1839,0.0687,0.0339,0.0,0.0,14,9,20.57,14.83
4732475,2025-03-30,bra,2025,Brasileirao,1,Davi de Oliveira Lacerda,9770,Flamengo,8702,Internacional,1,1,1,62,38,19,5,5,1,11,1,3,3,1,0,13,2,6,3,4,2,5,1,4,0,24,6,10,17,2,4,0,0,5,1,15,24,4,10,3,3,9,25,0,4,65,49,49.0,41.0,16.0,8.0,18.0,7.0,535,322,474.0,256.0,211,170,263,86,25.0,23.0,9.0,2.0,1.7,0.24,0.78,0.24,0.92,0.0,1.7,0.24,1.47,0.24,1,0,8,2,4,0,2,2,4,1,0.8459,0.0,0.6607,0.2661,0.1922,0.0,0.0386,0.0734,0.1115,0.0175,15,3,0,1,3,0,1,1,0,0,0.8691,0.3022,0.0,0.0175,0.9207,0.0,0.059,0.0373,0.0,0.0,19,5,17.87,20.69
4732475,2025-03-30,bra,2025,Brasileirao,1,Davi de Oliveira Lacerda,8702,Internacional,9770,Flamengo,0,1,1,38,62,5,19,1,5,1,11,3,3,0,1,2,13,3,6,2,4,1,5,0,4,6,24,17,10,4,2,0,0,1,5,24,15,10,4,3,3,25,9,4,0,49,65,41.0,49.0,8.0,16.0,7.0,18.0,322,535,256.0,474.0,170,211,86,263,23.0,25.0,2.0,9.0,0.24,1.7,0.24,0.78,0.0,0.92,0.24,1.7,0.24,1.47,0,1,2,8,0,4,2,2,1,4,0.0,0.8459,0.2661,0.6607,0.0,0.1922,0.0734,0.0386,0.0175,0.1115,3,15,1,0,0,3,1,1,0,0,0.3022,0.8691,0.0175,0.0,0.0,0.9207,0.0373,0.059,0.0,0.0,5,19,20.69,17.87
4732476,2025-03-30,bra,2025,Brasileirao,1,Rafael Rodrigo Klein,10276,Vasco da Gama,8514,Santos FC,1,2,1,53,47,12,11,5,2,6,5,1,4,0,0,8,9,4,2,2,3,5,3,3,2,17,23,11,12,1,1,0,0,1,0,22,21,9,10,4,1,33,15,1,3,60,53,46.0,45.0,14.0,8.0,13.0,13.0,472,407,405.0,348.0,164,180,241,168,28.0,29.0,4.0,4.0,1.35,1.96,1.07,1.83,0.28,0.13,1.35,1.96,1.93,0.98,1,1,5,4,2,4,2,2,2,0,0.2593,0.1331,0.7831,1.3853,0.2129,0.3881,0.0557,0.1344,0.039,0.0,10,7,1,3,0,1,1,0,0,0,0.9944,1.2915,0.0738,0.6163,0.0,0.1331,0.2818,0.0,0.0,0.0,12,11,15.94,14.81
4732476,2025-03-30,bra,2025,Brasileirao,1,Rafael Rodrigo Klein,8514,Santos FC,10276,Vasco da Gama,0,1,2,47,53,11,12,2,5,5,6,4,1,0,0,9,8,2,4,3,2,3,5,2,3,23,17,12,11,1,1,0,0,0,1,21,22,10,9,1,4,15,33,3,1,53,60,45.0,46.0,8.0,14.0,13.0,13.0,407,472,348.0,405.0,180,164,168,241,29.0,28.0,4.0,4.0,1.96,1.35,1.83,1.07,0.13,0.28,1.96,1.35,0.98,1.93,1,1,4,5,4,2,2,2,0,2,0.1331,0.2593,1.3853,0.7831,0.3881,0.2129,0.1344,0.0557,0.0,0.039,7,10,3,1,1,0,0,1,0,0,1.2915,0.9944,0.6163,0.0738,0.1331,0.0,0.0,0.2818,0.0,0.0,11,12,14.81,15.94
4732477,2025-03-30,bra,2025,Brasileirao,1,Ramon Abatti,10283,Palmeiras,8517,Botafogo RJ,1,0,0,58,42,13,13,3,5,6,5,4,3,0,0,7,10,6,3,2,2,3,0,3,0,22,28,18,22,3,3,0,0,1,0,12,20,8,13,1,4,30,32,5,3,51,58,41.0,44.0,10.0,14.0,7.0,8.0,485,357,433.0,287.0,239,169,194,118,30.0,27.0,8.0,5.0,1.37,0.9,1.06,0.75,0.31,0.15,1.37,0.9,0.49,0.64,0,0,5,7,2,3,3,3,3,0,0.0,0.0,1.159,0.6295,0.0894,0.1834,0.0656,0.0917,0.0603,0.0,9,9,0,2,3,1,1,1,0,0,1.0617,0.6408,0.0,0.1131,0.2754,0.1167,0.0373,0.034,0.0,0.0,13,13,19.32,16.06
4732477,2025-03-30,bra,2025,Brasileirao,1,Ramon Abatti,8517,Botafogo RJ,10283,Palmeiras,0,0,0,42,58,13,13,5,3,5,6,3,4,0,0,10,7,3,6,2,2,0,3,0,3,28,22,22,18,3,3,0,0,0,1,20,12,13,8,4,1,32,30,3,5,58,51,44.0,41.0,14.0,10.0,8.0,7.0,357,485,287.0,433.0,169,239,118,194,27.0,30.0,5.0,8.0,0.9,1.37,0.75,1.06,0.15,0.31,0.9,1.37,0.64,0.49,0,0,7,5,3,2,3,3,0,3,0.0,0.0,0.6295,1.159,0.1834,0.0894,0.0917,0.0656,0.0,0.0603,9,9,2,0,1,3,1,1,0,0,0.6408,1.0617,0.1131,0.0,0.1167,0.2754,0.034,0.0373,0.0,0.0,13,13,16.06,19.32
4732482,2025-03-30,bra,2025,Brasileirao,1,Bruno Arleu de Araújo,7877,Bahia,9808,Corinthians,1,1,1,42,58,14,9,5,4,6,3,3,2,0,0,12,5,2,4,3,5,4,1,3,0,26,6,16,15,2,2,1,0,1,1,21,14,8,7,2,3,15,19,3,4,52,53,39.0,37.0,13.0,16.0,6.0,8.0,411,577,357.0,525.0,168,217,189,308,15.0,23.0,2.0,2.0,1.41,0.51,1.22,0.43,0.19,0.08,1.41,0.51,1.53,1.0,3,0,5,4,4,1,0,2,2,2,0.6851,0.0,0.5351,0.3492,0.1489,0.0166,0.0,0.0831,0.0414,0.0622,9,7,2,0,2,0,1,2,0,0,1.1361,0.4328,0.0824,0.0,0.1652,0.0,0.0268,0.0784,0.0,0.0,14,9,16.0,18.75
4732482,2025-03-30,bra,2025,Brasileirao,1,Bruno Arleu de Araújo,9808,Corinthians,7877,Bahia,0,1,1,58,42,9,14,4,5,3,6,2,3,0,0,5,12,4,2,5,3,1,4,0,3,6,26,15,16,2,2,0,1,1,1,14,21,7,8,3,2,19,15,4,3,53,52,37.0,39.0,16.0,13.0,8.0,6.0,577,411,525.0,357.0,217,168,308,189,23.0,15.0,2.0,2.0,0.51,1.41,0.43,1.22,0.08,0.19,0.51,1.41,1.0,1.53,0,3,4,5,1,4,2,0,2,2,0.0,0.6851,0.3492,0.5351,0.0166,0.1489,0.0831,0.0,0.0622,0.0414,7,9,0,2,0,2,2,1,0,0,0.4328,1.1361,0.0,0.0824,0.0,0.1652,0.0784,0.0268,0.0,0.0,9,14,18.75,16.0
4732479,2025-03-31,bra,2025,Brasileirao,1,Bruno Pereira Vasconcelos,109705,Red Bull Bragantino,172341,Ceara,1,2,2,62,38,18,13,7,6,6,6,5,1,0,0,11,6,7,7,9,2,2,2,1,1,28,12,14,13,1,3,0,0,2,1,20,17,7,12,1,5,27,39,4,5,59,57,43.0,36.0,16.0,21.0,10.0,6.0,505,318,419.0,226.0,175,114,244,112,19.0,25.0,10.0,3.0,1.25,0.84,1.18,0.72,0.07,0.12,1.25,0.84,1.98,1.14,1,0,7,4,3,2,2,2,5,5,0.0596,0.0,0.7341,0.5887,0.3223,0.1506,0.0319,0.0486,0.1167,0.0826,15,8,0,2,3,2,0,1,0,0,1.1992,0.6711,0.0,0.0963,0.0654,0.0735,0.0,0.0297,0.0,0.0,18,13,17.48,23.18
4732479,2025-03-31,bra,2025,Brasileirao,1,Bruno Pereira Vasconcelos,172341,Ceara,109705,Red Bull Bragantino,0,2,2,38,62,13,18,6,7,6,6,1,5,0,0,6,11,7,7,2,9,2,2,1,1,12,28,13,14,3,1,0,0,1,2,17,20,12,7,5,1,39,27,5,4,57,59,36.0,43.0,21.0,16.0,6.0,10.0,318,505,226.0,419.0,114,175,112,244,25.0,19.0,3.0,10.0,0.84,1.25,0.72,1.18,0.12,0.07,0.84,1.25,1.14,1.98,0,1,4,7,2,3,2,2,5,5,0.0,0.0596,0.5887,0.7341,0.1506,0.3223,0.0486,0.0319,0.0826,0.1167,8,15,2,0,2,3,1,0,0,0,0.6711,1.1992,0.0963,0.0,0.0735,0.0654,0.0297,0.0,0.0,0.0,13,18,23.18,17.48
4732487,2025-04-05,bra,2025,Brasileirao,2,Anderson Daronco,9808,Corinthians,10276,Vasco da Gama,1,3,0,53,47,6,10,3,3,2,6,1,1,0,1,6,6,0,4,1,4,3,0,1,0,13,10,18,16,3,2,0,0,1,1,11,21,7,11,1,1,16,9,3,1,33,54,29.0,45.0,4.0,9.0,3.0,6.0,479,414,425.0,362.0,208,193,217,169,25.0,17.0,2.0,4.0,1.04,0.55,0.98,0.31,0.06,0.24,1.04,0.55,1.34,0.54,0,1,5,4,1,1,0,3,0,1,0.0,0.126,1.0219,0.2889,0.0207,0.0614,0.0,0.0554,0.0,0.0211,2,6,2,1,0,3,2,0,0,0,0.1711,0.2521,0.8093,0.0614,0.0,0.2393,0.0622,0.0,0.0,0.0,6,10,11.84,16.63
4732487,2025-04-05,bra,2025,Brasileirao,2,Anderson Daronco,10276,Vasco da Gama,9808,Corinthians,0,0,3,47,53,10,6,3,3,6,2,1,1,1,0,6,6,4,0,4,1,0,3,0,1,10,13,16,18,2,3,0,0,1,1,21,11,11,7,1,1,9,16,1,3,54,33,45.0,29.0,9.0,4.0,6.0,3.0,414,479,362.0,425.0,193,208,169,217,17.0,25.0,4.0,2.0,0.55,1.04,0.31,0.98,0.24,0.06,0.55,1.04,0.54,1.34,1,0,4,5,1,1,3,0,1,0,0.126,0.0,0.2889,1.0219,0.0614,0.0207,0.0554,0.0,0.0211,0.0,6,2,1,2,3,0,0,2,0,0,0.2521,0.1711,0.0614,0.8093,0.2393,0.0,0.0,0.0622,0.0,0.0,10,6,16.63,11.84
4732493,2025-04-05,bra,2025,Brasileirao,2,Edina Alves Batista,172341,Ceara,9769,Gremio,1,2,0,38,62,12,12,6,3,5,5,1,4,1,0,6,5,6,7,3,10,2,2,0,2,22,23,9,18,1,3,0,0,3,3,20,18,9,9,4,1,31,23,3,4,51,59,40.0,35.0,11.0,24.0,4.0,10.0,249,417,187.0,337.0,84,126,103,211,30.0,20.0,5.0,6.0,1.29,0.92,0.43,0.79,0.07,0.14,0.5,0.92,2.26,0.63,0,0,5,3,1,2,3,3,3,4,0.0,0.0,1.05,0.6946,0.0368,0.0838,0.1002,0.046,0.1015,0.1093,8,9,2,0,0,2,1,1,1,0,0.3463,0.7971,0.0834,0.0,0.0,0.0222,0.0703,0.1143,0.7884,0.0,12,12,19.94,19.88
4732493,2025-04-05,bra,2025,Brasileirao,2,Edina Alves Batista,9769,Gremio,172341,Ceara,0,0,2,62,38,12,12,3,6,5,5,4,1,0,1,5,6,7,6,10,3,2,2,2,0,23,22,18,9,3,1,0,0,3,3,18,20,9,9,1,4,23,31,4,3,59,51,35.0,40.0,24.0,11.0,10.0,4.0,417,249,337.0,187.0,126,84,211,103,20.0,30.0,6.0,5.0,0.92,1.29,0.79,0.43,0.14,0.07,0.92,0.5,0.63,2.26,0,0,3,5,2,1,3,3,4,3,0.0,0.0,0.6946,1.05,0.0838,0.0368,0.046,0.1002,0.1093,0.1015,9,8,0,2,2,0,1,1,0,1,0.7971,0.3463,0.0,0.0834,0.0222,0.0,0.1143,0.0703,0.0,0.7884,12,12,19.88,19.94
4732485,2025-04-06,bra,2025,Brasileirao,2,Wilton Pereira Sampaio,9863,Fluminense,109705,Red Bull Bragantino,1,2,1,46,54,15,17,5,5,7,6,3,6,1,0,14,8,1,9,6,6,4,0,2,0,25,23,15,12,1,0,0,0,1,2,18,29,3,13,6,4,31,15,4,2,58,69,45.0,54.0,13.0,15.0,15.0,10.0,400,482,341.0,419.0,214,234,127,185,21.0,23.0,7.0,2.0,2.1,0.64,1.56,0.41,0.53,0.23,2.1,0.64,2.33,1.58,3,1,9,5,2,2,1,5,0,4,1.3884,0.0438,0.6288,0.2229,0.0638,0.0882,0.0275,0.1531,0.0,0.1685,7,11,2,0,6,4,0,2,0,0,1.4061,0.4059,0.1557,0.0,0.5466,0.1094,0.0,0.1613,0.0,0.0,15,17,12.33,20.04
4732485,2025-04-06,bra,2025,Brasileirao,2,Wilton Pereira Sampaio,109705,Red Bull Bragantino,9863,Fluminense,0,1,2,54,46,17,15,5,5,6,7,6,3,0,1,8,14,9,1,6,6,0,4,0,2,23,25,12,15,0,1,0,0,2,1,29,18,13,3,4,6,15,31,2,4,69,58,54.0,45.0,15.0,13.0,10.0,15.0,482,400,419.0,341.0,234,214,185,127,23.0,21.0,2.0,7.0,0.64,2.1,0.41,1.56,0.23,0.53,0.64,2.1,1.58,2.33,1,3,5,9,2,2,5,1,4,0,0.0438,1.3884,0.2229,0.6288,0.0882,0.0638,0.1531,0.0275,0.1685,0.0,11,7,0,2,4,6,2,0,0,0,0.4059,1.4061,0.0,0.1557,0.1094,0.5466,0.1613,0.0,0.0,0.0,17,15,20.04,12.33
4732486,2025-04-06,bra,2025,Brasileirao,2,Rodrigo José Pereira de Lima,8517,Botafogo RJ,10274,Juventude,1,2,0,57,43,16,14,6,3,7,7,3,4,1,1,13,5,3,9,3,3,2,0,1,0,35,17,14,7,2,3,0,0,1,5,5,12,9,13,4,3,19,19,3,4,30,46,15.0,34.0,15.0,12.0,3.0,10.0,522,391,449.0,324.0,225,181,224,143,43.0,31.0,6.0,2.0,1.67,0.52,1.65,0.41,0.02,0.11,1.67,0.52,1.44,0.35,0,0,12,1,1,4,1,6,2,3,0.0,0.0,1.5881,0.0312,0.0128,0.3048,0.0253,0.1665,0.0391,0.058,11,6,4,5,1,0,0,3,0,0,1.1088,0.3136,0.537,0.1426,0.0195,0.0,0.0,0.1042,0.0,0.0,16,14,14.69,24.83
4732486,2025-04-06,bra,2025,Brasileirao,2,Rodrigo José Pereira de Lima,10274,Juventude,8517,Botafogo RJ,0,0,2,43,57,14,16,3,6,7,7,4,3,1,1,5,13,9,3,3,3,0,2,0,1,17,35,7,14,3,2,0,0,5,1,12,5,13,9,3,4,19,19,4,3,46,30,34.0,15.0,12.0,15.0,10.0,3.0,391,522,324.0,449.0,181,225,143,224,31.0,43.0,2.0,6.0,0.52,1.67,0.41,1.65,0.11,0.02,0.52,1.67,0.35,1.44,0,0,1,12,4,1,6,1,3,2,0.0,0.0,0.0312,1.5881,0.3048,0.0128,0.1665,0.0253,0.058,0.0391,6,11,5,4,0,1,3,0,0,0,0.3136,1.1088,0.1426,0.537,0.0,0.0195,0.1042,0.0,0.0,0.0,14,16,24.83,14.69
4732488,2025-04-06,bra,2025,Brasileirao,2,Alex Gomes Stefano,8514,Santos FC,7877,Bahia,1,2,2,55,45,22,10,6,3,7,5,9,2,0,1,12,10,10,0,9,3,2,4,1,2,31,22,13,16,5,2,0,0,4,0,21,17,12,7,2,9,20,28,1,4,72,57,48.0,41.0,24.0,16.0,13.0,11.0,463,381,397.0,297.0,157,167,240,130,20.0,17.0,7.0,7.0,1.42,2.19,0.78,1.97,0.63,0.21,1.42,2.19,1.36,1.38,1,1,8,7,3,2,3,0,7,0,0.2136,0.5783,0.7515,1.4321,0.1835,0.1755,0.1205,0.0,0.1494,0.0,14,5,0,1,7,3,1,1,0,0,0.7846,1.9362,0.0,0.0377,0.5855,0.1548,0.0483,0.0573,0.0,0.0,22,10,17.89,13.01
4732488,2025-04-06,bra,2025,Brasileirao,2,Alex Gomes Stefano,7877,Bahia,8514,Santos FC,0,2,2,45,55,10,22,3,6,5,7,2,9,1,0,10,12,0,10,3,9,4,2,2,1,22,31,16,13,2,5,0,0,0,4,17,21,7,12,9,2,28,20,4,1,57,72,41.0,48.0,16.0,24.0,11.0,13.0,381,463,297.0,397.0,167,157,130,240,17.0,20.0,7.0,7.0,2.19,1.42,1.97,0.78,0.21,0.63,2.19,1.42,1.38,1.36,1,1,7,8,2,3,0,3,0,7,0.5783,0.2136,1.4321,0.7515,0.1755,0.1835,0.0,0.1205,0.0,0.1494,5,14,1,0,3,7,1,1,0,0,1.9362,0.7846,0.0377,0.0,0.1548,0.5855,0.0573,0.0483,0.0,0.0,10,22,13.01,17.89
4732489,2025-04-06,bra,2025,Brasileirao,2,Sávio Pereira Sampaio,163782,Mirassol,8287,Fortaleza,1,1,1,70,30,20,7,5,3,9,2,6,2,2,0,13,5,7,2,8,1,3,1,3,1,32,13,15,12,2,3,0,0,5,3,11,21,5,11,2,6,8,37,2,4,56,60,32.0,39.0,24.0,21.0,10.0,6.0,599,257,509.0,170.0,226,82,283,88,21.0,27.0,7.0,3.0,1.78,0.99,1.04,0.93,0.74,0.07,1.78,0.99,1.3,1.36,1,0,12,4,0,1,6,2,1,0,0.2892,0.0,1.5005,0.8558,0.0,0.0171,0.1053,0.1152,0.0169,0.0,11,0,0,5,8,0,1,2,0,0,1.2907,0.0,0.0,0.922,0.5273,0.0,0.0939,0.0662,0.0,0.0,20,7,15.6,17.03
4732489,2025-04-06,bra,2025,Brasileirao,2,Sávio Pereira Sampaio,8287,Fortaleza,163782,Mirassol,0,1,1,30,70,7,20,3,5,2,9,2,6,0,2,5,13,2,7,1,8,1,3,1,3,13,32,12,15,3,2,0,0,3,5,21,11,11,5,6,2,37,8,4,2,60,56,39.0,32.0,21.0,24.0,6.0,10.0,257,599,170.0,509.0,82,226,88,283,27.0,21.0,3.0,7.0,0.99,1.78,0.93,1.04,0.07,0.74,0.99,1.78,1.36,1.3,0,1,4,12,1,0,2,6,0,1,0.0,0.2892,0.8558,1.5005,0.0171,0.0,0.1152,0.1053,0.0,0.0169,0,11,5,0,0,8,2,1,0,0,0.0,1.2907,0.922,0.0,0.0,0.5273,0.0662,0.0939,0.0,0.0,7,20,17.03,15.6
4732490,2025-04-06,bra,2025,Brasileirao,2,Ramon Abatti,10272,Atletico MG,10277,Sao Paulo,1,0,0,60,40,25,6,6,4,6,1,13,1,0,0,13,3,12,3,12,4,1,1,1,1,25,10,16,12,0,3,1,1,0,1,9,17,12,13,1,12,15,32,4,6,36,49,26.0,35.0,10.0,14.0,5.0,7.0,463,328,416.0,261.0,193,134,223,127,25.0,9.0,8.0,5.0,1.36,0.35,0.63,0.33,0.73,0.02,1.36,0.35,1.81,0.83,3,0,4,2,6,1,8,2,4,1,0.5054,0.0,0.334,0.0455,0.2659,0.1033,0.1716,0.1985,0.0832,0.0216,14,5,0,0,6,1,5,0,0,0,0.6262,0.3516,0.0,0.0,0.5724,0.0174,0.1614,0.0,0.0,0.0,25,6,21.7,16.91
4732490,2025-04-06,bra,2025,Brasileirao,2,Ramon Abatti,10277,Sao Paulo,10272,Atletico MG,0,0,0,40,60,6,25,4,6,1,6,1,13,0,0,3,13,3,12,4,12,1,1,1,1,10,25,12,16,3,0,1,1,1,0,17,9,13,12,12,1,32,15,6,4,49,36,35.0,26.0,14.0,10.0,7.0,5.0,328,463,261.0,416.0,134,193,127,223,9.0,25.0,5.0,8.0,0.35,1.36,0.33,0.63,0.02,0.73,0.35,1.36,0.83,1.81,0,3,2,4,1,6,2,8,1,4,0.0,0.5054,0.0455,0.334,0.1033,0.2659,0.1985,0.1716,0.0216,0.0832,5,14,0,0,1,6,0,5,0,0,0.3516,0.6262,0.0,0.0,0.0174,0.5724,0.0,0.1614,0.0,0.0,6,25,16.91,21.7
4732491,2025-04-06,bra,2025,Brasileirao,2,Marcelo de Lima Henrique,8702,Internacional,9781,Cruzeiro,1,3,0,68,32,24,6,11,1,7,4,6,1,1,1,18,3,6,3,9,2,4,0,3,0,41,9,19,11,1,1,0,1,3,3,27,22,9,6,1,7,14,19,1,7,62,56,51.0,50.0,11.0,6.0,13.0,13.0,601,275,558.0,224.0,266,138,292,86,28.0,18.0,4.0,3.0,2.43,0.26,1.3,0.23,1.13,0.03,2.43,0.26,3.6,0.07,5,0,9,1,4,2,4,3,2,0,1.0159,0.0,0.7159,0.0281,0.3474,0.1661,0.2825,0.1165,0.0699,0.0,16,4,0,1,6,1,2,0,0,0,1.2982,0.2205,0.0,0.0621,0.5571,0.0281,0.5763,0.0,0.0,0.0,24,6,14.32,19.12
4732491,2025-04-06,bra,2025,Brasileirao,2,Marcelo de Lima Henrique,9781,Cruzeiro,8702,Internacional,0,0,3,32,68,6,24,1,11,4,7,1,6,1,1,3,18,3,6,2,9,0,4,0,3,9,41,11,19,1,1,1,0,3,3,22,27,6,9,7,1,19,14,7,1,56,62,50.0,51.0,6.0,11.0,13.0,13.0,275,601,224.0,558.0,138,266,86,292,18.0,28.0,3.0,4.0,0.26,2.43,0.23,1.3,0.03,1.13,0.26,2.43,0.07,3.6,0,5,1,9,2,4,3,4,0,2,0.0,1.0159,0.0281,0.7159,0.1661,0.3474,0.1165,0.2825,0.0,0.0699,4,16,1,0,1,6,0,2,0,0,0.2205,1.2982,0.0621,0.0,0.0281,0.5571,0.0,0.5763,0.0,0.0,6,24,19.12,14.32
4732492,2025-04-06,bra,2025,Brasileirao,2,Rafael Rodrigo Klein,7733,Vitoria,9770,Flamengo,1,1,2,37,63,5,14,3,7,1,5,1,2,0,1,2,11,3,3,2,6,0,2,0,1,9,29,7,17,0,0,0,0,3,0,11,13,7,6,2,1,26,9,5,2,46,40,39.0,29.0,7.0,11.0,12.0,9.0,387,666,323.0,598.0,217,257,106,341,20.0,19.0,2.0,1.0,0.28,1.62,0.28,1.61,0.0,0.01,0.28,1.62,0.3,2.92,0,0,2,7,0,4,2,1,1,2,0.0,0.0,0.114,1.284,0.0,0.2327,0.1119,0.0594,0.025,0.042,5,13,0,0,0,1,0,0,0,0,0.2509,1.6068,0.0,0.0,0.0,0.0113,0.0,0.0,0.0,0.0,5,14,21.34,16.91
4732492,2025-04-06,bra,2025,Brasileirao,2,Rafael Rodrigo Klein,9770,Flamengo,7733,Vitoria,0,2,1,63,37,14,5,7,3,5,1,2,1,1,0,11,2,3,3,6,2,2,0,1,0,29,9,17,7,0,0,0,0,0,3,13,11,6,7,1,2,9,26,2,5,40,46,29.0,39.0,11.0,7.0,9.0,12.0,666,387,598.0,323.0,257,217,341,106,19.0,20.0,1.0,2.0,1.62,0.28,1.61,0.28,0.01,0.0,1.62,0.28,2.92,0.3,0,0,7,2,4,0,1,2,2,1,0.0,0.0,1.284,0.114,0.2327,0.0,0.0594,0.1119,0.042,0.025,13,5,0,0,1,0,0,0,0,0,1.6068,0.2509,0.0,0.0,0.0113,0.0,0.0,0.0,0.0,0.0,14,5,16.91,21.34
4732494,2025-04-06,bra,2025,Brasileirao,2,Bruno Arleu de Araújo,6305,Sport Recife,10283,Palmeiras,1,1,2,50,50,9,7,2,4,2,3,5,0,1,0,5,4,4,3,6,3,0,3,0,1,25,13,17,21,6,4,0,0,1,0,21,15,4,8,0,5,29,22,2,1,53,49,43.0,36.0,10.0,13.0,3.0,5.0,357,355,283.0,276.0,146,152,137,124,31.0,23.0,2.0,3.0,0.48,1.88,0.22,0.21,0.26,0.1,0.48,0.3,0.62,2.37,1,1,4,3,0,0,3,2,1,1,0.0621,0.1403,0.2413,1.7201,0.0,0.0,0.1734,0.084,0.0065,0.0119,5,3,0,0,3,1,1,1,0,2,0.2386,0.2954,0.0,0.0,0.1754,0.0133,0.0693,0.0707,0.0,1.5768,9,7,18.46,19.73
4732494,2025-04-06,bra,2025,Brasileirao,2,Bruno Arleu de Araújo,10283,Palmeiras,6305,Sport Recife,0,2,1,50,50,7,9,4,2,3,2,0,5,0,1,4,5,3,4,3,6,3,0,1,0,13,25,21,17,4,6,0,0,0,1,15,21,8,4,5,0,22,29,1,2,49,53,36.0,43.0,13.0,10.0,5.0,3.0,355,357,276.0,283.0,152,146,124,137,23.0,31.0,3.0,2.0,1.88,0.48,0.21,0.22,0.1,0.26,0.3,0.48,2.37,0.62,1,1,3,4,0,0,2,3,1,1,0.1403,0.0621,1.7201,0.2413,0.0,0.0,0.084,0.1734,0.0119,0.0065,3,5,0,0,1,3,1,1,2,0,0.2954,0.2386,0.0,0.0,0.0133,0.1754,0.0707,0.0693,1.5768,0.0,7,9,19.73,18.46
4732497,2025-04-12,bra,2025,Brasileirao,3,Rafael Rodrigo Klein,10283,Palmeiras,9808,Corinthians,1,2,0,34,66,13,8,5,1,7,5,1,2,2,0,7,4,6,4,1,3,3,0,3,0,22,11,17,18,6,5,0,0,3,0,18,21,9,5,2,1,21,18,1,3,50,52,43.0,46.0,7.0,6.0,8.0,9.0,274,546,220.0,489.0,116,288,104,201,21.0,25.0,3.0,0.0,1.45,0.27,1.17,0.24,0.28,0.02,1.45,0.27,1.5,0.04,0,0,4,1,3,3,5,3,1,1,0.0,0.0,0.689,0.0634,0.4912,0.0821,0.1936,0.0852,0.0712,0.0349,9,7,2,0,0,0,2,1,0,0,0.9,0.2441,0.3386,0.0,0.0,0.0,0.2064,0.0215,0.0,0.0,13,8,19.12,21.42
4732497,2025-04-12,bra,2025,Brasileirao,3,Rafael Rodrigo Klein,9808,Corinthians,10283,Palmeiras,0,0,2,66,34,8,13,1,5,5,7,2,1,0,2,4,7,4,6,3,1,0,3,0,3,11,22,18,17,5,6,0,0,0,3,21,18,5,9,1,2,18,21,3,1,52,50,46.0,43.0,6.0,7.0,9.0,8.0,546,274,489.0,220.0,288,116,201,104,25.0,21.0,0.0,3.0,0.27,1.45,0.24,1.17,0.02,0.28,0.27,1.45,0.04,1.5,0,0,1,4,3,3,3,5,1,1,0.0,0.0,0.0634,0.689,0.0821,0.4912,0.0852,0.1936,0.0349,0.0712,7,9,0,2,0,0,1,2,0,0,0.2441,0.9,0.0,0.3386,0.0,0.0,0.0215,0.2064,0.0,0.0,8,13,21.42,19.12
4732499,2025-04-12,bra,2025,Brasileirao,3,Anderson Daronco,109705,Red Bull Bragantino,8517,Botafogo RJ,1,1,0,37,63,11,12,4,2,2,8,5,2,0,1,7,5,4,7,3,8,3,0,2,0,24,20,19,11,3,2,0,0,0,2,21,16,9,5,2,6,37,13,2,2,47,56,36.0,39.0,11.0,17.0,4.0,6.0,318,537,255.0,444.0,122,254,133,190,19.0,25.0,1.0,3.0,2.06,0.7,1.1,0.52,0.96,0.18,2.06,0.7,1.2,0.3,2,0,4,5,2,1,2,5,1,1,1.0272,0.0,0.8504,0.4403,0.0857,0.0057,0.1173,0.2127,0.0524,0.0382,6,8,4,0,1,3,0,1,0,0,0.8712,0.5205,0.3026,0.0,0.9592,0.1414,0.0,0.0351,0.0,0.0,11,12,15.24,17.79
4732499,2025-04-12,bra,2025,Brasileirao,3,Anderson Daronco,8517,Botafogo RJ,109705,Red Bull Bragantino,0,0,1,63,37,12,11,2,4,8,2,2,5,1,0,5,7,7,4,8,3,0,3,0,2,20,24,11,19,2,3,0,0,2,0,16,21,5,9,6,2,13,37,2,2,56,47,39.0,36.0,17.0,11.0,6.0,4.0,537,318,444.0,255.0,254,122,190,133,25.0,19.0,3.0,1.0,0.7,2.06,0.52,1.1,0.18,0.96,0.7,2.06,0.3,1.2,0,2,5,4,1,2,5,2,1,1,0.0,1.0272,0.4403,0.8504,0.0057,0.0857,0.2127,0.1173,0.0382,0.0524,8,6,0,4,3,1,1,0,0,0,0.5205,0.8712,0.0,0.3026,0.1414,0.9592,0.0351,0.0,0.0,0.0,12,11,17.79,15.24
4732504,2025-04-12,bra,2025,Brasileirao,3,Lucas Casagrande,10274,Juventude,172341,Ceara,1,2,1,58,42,17,8,3,2,10,4,4,2,0,0,10,6,7,2,4,3,4,2,2,1,22,17,14,15,1,3,0,0,3,0,9,11,10,3,2,4,35,24,1,1,49,51,33.0,36.0,16.0,15.0,9.0,11.0,431,303,357.0,224.0,209,127,148,97,20.0,27.0,4.0,3.0,2.4,1.05,2.16,0.67,0.24,0.38,2.4,1.05,2.05,0.75,1,0,6,5,3,1,3,2,4,0,0.9649,0.0,1.0854,1.1823,0.087,0.0173,0.1436,0.1256,0.123,0.0,12,3,2,1,0,1,3,3,0,0,0.7895,0.8522,1.3741,0.077,0.0,0.2387,0.2402,0.1574,0.0,0.0,17,8,17.72,15.32
4732504,2025-04-12,bra,2025,Brasileirao,3,Lucas Casagrande,172341,Ceara,10274,Juventude,0,1,2,42,58,8,17,2,3,4,10,2,4,0,0,6,10,2,7,3,4,2,4,1,2,17,22,15,14,3,1,0,0,0,3,11,9,3,10,4,2,24,35,1,1,51,49,36.0,33.0,15.0,16.0,11.0,9.0,303,431,224.0,357.0,127,209,97,148,27.0,20.0,3.0,4.0,1.05,2.4,0.67,2.16,0.38,0.24,1.05,2.4,0.75,2.05,0,1,5,6,1,3,2,3,0,4,0.0,0.9649,1.1823,1.0854,0.0173,0.087,0.1256,0.1436,0.0,0.123,3,12,1,2,1,0,3,3,0,0,0.8522,0.7895,0.077,1.3741,0.2387,0.0,0.1574,0.2402,0.0,0.0,8,17,15.32,17.72
4732495,2025-04-13,bra,2025,Brasileirao,3,Felipe Fernandes de Lima,9863,Fluminense,8514,Santos FC,1,1,0,59,41,13,4,4,1,5,3,4,0,0,0,5,3,8,1,3,3,0,0,0,0,17,10,16,22,2,4,0,0,1,2,15,14,6,7,0,4,10,29,1,3,51,46,43.0,33.0,8.0,13.0,7.0,5.0,516,356,450.0,293.0,231,198,219,95,24.0,19.0,3.0,2.0,0.71,0.11,0.65,0.04,0.06,0.06,0.71,0.11,0.54,0.03,0,0,2,2,3,1,6,1,2,0,0.0,0.0,0.3888,0.0645,0.1195,0.0224,0.1656,0.021,0.0397,0.0,11,1,0,1,0,0,2,2,0,0,0.65,0.0224,0.0,0.021,0.0,0.0,0.0636,0.0645,0.0,0.0,13,4,23.48,21.76
4732495,2025-04-13,bra,2025,Brasileirao,3,Felipe Fernandes de Lima,8514,Santos FC,9863,Fluminense,0,0,1,41,59,4,13,1,4,3,5,0,4,0,0,3,5,1,8,3,3,0,0,0,0,10,17,22,16,4,2,0,0,2,1,14,15,7,6,4,0,29,10,3,1,46,51,33.0,43.0,13.0,8.0,5.0,7.0,356,516,293.0,450.0,198,231,95,219,19.0,24.0,2.0,3.0,0.11,0.71,0.04,0.65,0.06,0.06,0.11,0.71,0.03,0.54,0,0,2,2,1,3,1,6,0,2,0.0,0.0,0.0645,0.3888,0.0224,0.1195,0.021,0.1656,0.0,0.0397,1,11,1,0,0,0,2,2,0,0,0.0224,0.65,0.021,0.0,0.0,0.0,0.0645,0.0636,0.0,0.0,4,13,21.76,23.48
4732496,2025-04-13,bra,2025,Brasileirao,3,Wilton Pereira Sampaio,10276,Vasco da Gama,6305,Sport Recife,1,3,1,45,55,10,18,6,2,4,5,0,11,0,1,5,9,5,9,1,10,3,2,0,2,24,27,11,14,3,2,0,0,0,1,21,11,14,11,11,0,38,14,2,3,65,42,48.0,32.0,17.0,10.0,14.0,11.0,399,465,330.0,398.0,181,182,149,216,20.0,20.0,3.0,0.0,1.22,0.99,0.73,0.91,0.5,0.09,1.22,0.99,2.62,0.22,1,1,3,5,1,3,1,3,4,6,0.4797,0.1667,0.5557,0.4418,0.1191,0.1462,0.0346,0.093,0.0958,0.1451,5,14,3,1,1,0,1,3,0,0,0.1304,0.8827,0.6574,0.0239,0.0175,0.0,0.4797,0.0862,0.0,0.0,10,18,18.58,19.96
4732496,2025-04-13,bra,2025,Brasileirao,3,Wilton Pereira Sampaio,6305,Sport Recife,10276,Vasco da Gama,0,1,3,55,45,18,10,2,6,5,4,11,0,1,0,9,5,9,5,10,1,2,3,2,0,27,24,14,11,2,3,0,0,1,0,11,21,11,14,0,11,14,38,3,2,42,65,32.0,48.0,10.0,17.0,11.0,14.0,465,399,398.0,330.0,182,181,216,149,20.0,20.0,0.0,3.0,0.99,1.22,0.91,0.73,0.09,0.5,0.99,1.22,0.22,2.62,1,1,5,3,3,1,3,1,6,4,0.1667,0.4797,0.4418,0.5557,0.1462,0.1191,0.093,0.0346,0.1451,0.0958,14,5,1,3,0,1,3,1,0,0,0.8827,0.1304,0.0239,0.6574,0.0,0.0175,0.0862,0.4797,0.0,0.0,18,10,19.96,18.58
4732498,2025-04-13,bra,2025,Brasileirao,3,Rodrigo José Pereira de Lima,10277,Sao Paulo,9781,Cruzeiro,1,1,1,57,43,11,15,2,2,4,5,5,8,0,1,5,7,6,8,4,6,1,2,0,1,15,19,14,21,5,6,0,0,1,0,21,23,9,6,7,4,34,23,1,1,72,61,55.0,43.0,17.0,18.0,15.0,7.0,401,290,327.0,219.0,205,98,122,121,30.0,13.0,2.0,5.0,0.43,1.09,0.37,0.3,0.06,0.8,0.43,1.09,0.55,0.31,0,1,3,6,2,0,4,7,2,1,0.0,0.3859,0.2191,0.3905,0.0523,0.0,0.1295,0.2708,0.026,0.044,6,4,2,1,1,5,2,5,0,0,0.2185,0.2296,0.1504,0.0664,0.0319,0.4995,0.026,0.2958,0.0,0.0,11,15,19.9,17.29
4732498,2025-04-13,bra,2025,Brasileirao,3,Rodrigo José Pereira de Lima,9781,Cruzeiro,10277,Sao Paulo,0,1,1,43,57,15,11,2,2,5,4,8,5,1,0,7,5,8,6,6,4,2,1,1,0,19,15,21,14,6,5,0,0,0,1,23,21,6,9,4,7,23,34,1,1,61,72,43.0,55.0,18.0,17.0,7.0,15.0,290,401,219.0,327.0,98,205,121,122,13.0,30.0,5.0,2.0,1.09,0.43,0.3,0.37,0.8,0.06,1.09,0.43,0.31,0.55,1,0,6,3,0,2,7,4,1,2,0.3859,0.0,0.3905,0.2191,0.0,0.0523,0.2708,0.1295,0.044,0.026,4,6,1,2,5,1,5,2,0,0,0.2296,0.2185,0.0664,0.1504,0.4995,0.0319,0.2958,0.026,0.0,0.0,15,11,17.29,19.9
4732500,2025-04-13,bra,2025,Brasileirao,3,Davi de Oliveira Lacerda,10272,Atletico MG,7733,Vitoria,1,2,2,63,37,35,9,10,4,10,3,15,2,1,0,25,5,10,4,16,3,2,3,1,1,40,9,8,10,2,3,0,0,2,0,22,18,4,11,2,14,15,39,2,8,54,46,40.0,29.0,14.0,17.0,8.0,3.0,538,329,467.0,246.0,219,141,248,105,25.0,28.0,9.0,3.0,1.9,1.25,0.74,1.12,1.16,0.13,1.9,1.25,3.0,1.88,3,0,13,5,9,0,6,3,4,1,0.5414,0.0,0.9656,1.2329,0.2048,0.0,0.1402,0.1277,0.0488,0.0262,16,5,1,2,10,2,8,0,0,0,0.7065,0.2088,0.0317,1.0447,0.983,0.1333,0.1797,0.0,0.0,0.0,35,9,17.66,16.81
4732500,2025-04-13,bra,2025,Brasileirao,3,Davi de Oliveira Lacerda,7733,Vitoria,10272,Atletico MG,0,2,2,37,63,9,35,4,10,3,10,2,15,0,1,5,25,4,10,3,16,3,2,1,1,9,40,10,8,3,2,0,0,0,2,18,22,11,4,14,2,39,15,8,2,46,54,29.0,40.0,17.0,14.0,3.0,8.0,329,538,246.0,467.0,141,219,105,248,28.0,25.0,3.0,9.0,1.25,1.9,1.12,0.74,0.13,1.16,1.25,1.9,1.88,3.0,0,3,5,13,0,9,3,6,1,4,0.0,0.5414,1.2329,0.9656,0.0,0.2048,0.1277,0.1402,0.0262,0.0488,5,16,2,1,2,10,0,8,0,0,0.2088,0.7065,1.0447,0.0317,0.1333,0.983,0.0,0.1797,0.0,0.0,9,35,16.81,17.66
4732501,2025-04-13,bra,2025,Brasileirao,3,Ramon Abatti,9769,Gremio,9770,Flamengo,1,0,2,39,61,10,8,2,4,4,3,4,1,0,0,4,4,6,4,3,4,0,1,0,0,17,17,11,14,1,2,0,0,1,0,23,22,10,14,1,4,28,17,2,2,56,48,48.0,39.0,8.0,9.0,11.0,6.0,376,600,317.0,525.0,187,341,130,184,31.0,36.0,4.0,0.0,0.34,1.03,0.15,1.01,0.19,0.02,0.34,1.03,0.22,1.71,0,1,3,1,1,2,1,1,5,3,0.0,0.7226,0.1238,0.1216,0.0178,0.0434,0.0114,0.0263,0.186,0.085,5,6,1,1,1,1,3,0,0,0,0.1343,0.969,0.0132,0.0146,0.0178,0.0153,0.1737,0.0,0.0,0.0,10,8,21.28,25.77
4732501,2025-04-13,bra,2025,Brasileirao,3,Ramon Abatti,9770,Flamengo,9769,Gremio,0,2,0,61,39,8,10,4,2,3,4,1,4,0,0,4,4,4,6,4,3,1,0,0,0,17,17,14,11,2,1,0,0,0,1,22,23,14,10,4,1,17,28,2,2,48,56,39.0,48.0,9.0,8.0,6.0,11.0,600,376,525.0,317.0,341,187,184,130,36.0,31.0,0.0,4.0,1.03,0.34,1.01,0.15,0.02,0.19,1.03,0.34,1.71,0.22,1,0,1,3,2,1,1,1,3,5,0.7226,0.0,0.1216,0.1238,0.0434,0.0178,0.0263,0.0114,0.085,0.186,6,5,1,1,1,1,0,3,0,0,0.969,0.1343,0.0146,0.0132,0.0153,0.0178,0.0,0.1737,0.0,0.0,8,10,25.77,21.28
4732502,2025-04-13,bra,2025,Brasileirao,3,Braulio da Silva Machado,7877,Bahia,163782,Mirassol,1,1,1,57,43,17,5,2,3,6,2,9,0,0,1,13,3,4,2,10,2,3,1,2,0,41,8,11,10,2,5,0,0,2,3,13,19,14,9,0,9,9,37,2,1,46,55,34.0,36.0,12.0,19.0,11.0,6.0,493,395,430.0,339.0,177,223,253,116,18.0,17.0,6.0,2.0,1.72,0.52,1.64,0.52,0.08,0.0,1.72,0.52,1.01,1.16,2,0,3,2,8,1,4,2,0,0,0.5552,0.0,0.3252,0.299,0.3343,0.0263,0.5026,0.1902,0.0,0.0,14,4,1,1,2,0,0,0,0,0,1.2153,0.3631,0.427,0.1525,0.075,0.0,0.0,0.0,0.0,0.0,17,5,16.87,16.01
4732502,2025-04-13,bra,2025,Brasileirao,3,Braulio da Silva Machado,163782,Mirassol,7877,Bahia,0,1,1,43,57,5,17,3,2,2,6,0,9,1,0,3,13,2,4,2,10,1,3,0,2,8,41,10,11,5,2,0,0,3,2,19,13,9,14,9,0,37,9,1,2,55,46,36.0,34.0,19.0,12.0,6.0,11.0,395,493,339.0,430.0,223,177,116,253,17.0,18.0,2.0,6.0,0.52,1.72,0.52,1.64,0.0,0.08,0.52,1.72,1.16,1.01,0,2,2,3,1,8,2,4,0,0,0.0,0.5552,0.299,0.3252,0.0263,0.3343,0.1902,0.5026,0.0,0.0,4,14,1,1,0,2,0,0,0,0,0.3631,1.2153,0.1525,0.427,0.0,0.075,0.0,0.0,0.0,0.0,5,17,16.01,16.87
4732503,2025-04-13,bra,2025,Brasileirao,3,Flavio Rodrigues De Souza,8287,Fortaleza,8702,Internacional,1,0,0,54,46,10,9,1,1,6,5,3,3,0,0,4,4,6,5,5,5,0,0,0,0,17,14,12,13,4,2,1,0,2,0,19,15,10,2,3,3,26,21,1,1,51,48,40.0,35.0,11.0,13.0,8.0,10.0,439,382,386.0,323.0,228,183,158,140,27.0,26.0,4.0,1.0,0.61,0.35,0.3,0.28,0.31,0.07,0.61,0.35,0.04,0.08,0,1,3,0,1,3,4,2,2,3,0.0,0.0995,0.2357,0.0,0.0276,0.1457,0.3129,0.0378,0.0348,0.0652,5,6,1,0,2,1,2,2,0,0,0.2781,0.2781,0.0224,0.0,0.1155,0.0048,0.195,0.0653,0.0,0.0,10,9,20.77,23.35
4732503,2025-04-13,bra,2025,Brasileirao,3,Flavio Rodrigues De Souza,8702,Internacional,8287,Fortaleza,0,0,0,46,54,9,10,1,1,5,6,3,3,0,0,4,4,5,6,5,5,0,0,0,0,14,17,13,12,2,4,0,1,0,2,15,19,2,10,3,3,21,26,1,1,48,51,35.0,40.0,13.0,11.0,10.0,8.0,382,439,323.0,386.0,183,228,140,158,26.0,27.0,1.0,4.0,0.35,0.61,0.28,0.3,0.07,0.31,0.35,0.61,0.08,0.04,1,0,0,3,3,1,2,4,3,2,0.0995,0.0,0.0,0.2357,0.1457,0.0276,0.0378,0.3129,0.0652,0.0348,6,5,0,1,1,2,2,2,0,0,0.2781,0.2781,0.0,0.0224,0.0048,0.1155,0.0653,0.195,0.0,0.0,9,10,23.35,20.77
4732506,2025-04-16,bra,2025,Brasileirao,4,Davi de Oliveira Lacerda,8517,Botafogo RJ,10277,Sao Paulo,1,2,2,57,43,23,14,8,4,9,6,6,4,0,0,13,6,10,8,9,4,3,2,3,1,38,18,11,4,0,4,0,0,1,2,19,12,11,9,4,6,15,42,2,6,42,46,30.0,32.0,12.0,14.0,7.0,9.0,504,399,441.0,339.0,186,185,255,154,34.0,32.0,10.0,4.0,1.51,0.99,1.44,0.89,0.07,0.1,1.51,0.99,3.59,1.38,2,0,8,3,3,3,7,5,3,3,0.3746,0.0,0.618,0.7075,0.2692,0.0549,0.2189,0.2937,0.0506,0.0573,21,11,0,0,2,1,0,2,0,0,1.4614,1.0266,0.0,0.0,0.0699,0.0121,0.0,0.0746,0.0,0.0,23,14,18.72,20.54
4732506,2025-04-16,bra,2025,Brasileirao,4,Davi de Oliveira Lacerda,10277,Sao Paulo,8517,Botafogo RJ,0,2,2,43,57,14,23,4,8,6,9,4,6,0,0,6,13,8,10,4,9,2,3,1,3,18,38,4,11,4,0,0,0,2,1,12,19,9,11,6,4,42,15,6,2,46,42,32.0,30.0,14.0,12.0,9.0,7.0,399,504,339.0,441.0,185,186,154,255,32.0,34.0,4.0,10.0,0.99,1.51,0.89,1.44,0.1,0.07,0.99,1.51,1.38,3.59,0,2,3,8,3,3,5,7,3,3,0.0,0.3746,0.7075,0.618,0.0549,0.2692,0.2937,0.2189,0.0573,0.0506,11,21,0,0,1,2,2,0,0,0,1.0266,1.4614,0.0,0.0,0.0121,0.0699,0.0746,0.0,0.0,0.0,14,23,20.54,18.72
4732507,2025-04-16,bra,2025,Brasileirao,4,Rodrigo José Pereira de Lima,9808,Corinthians,9863,Fluminense,1,0,2,58,42,10,8,2,4,7,2,1,2,0,0,5,3,5,5,7,4,0,1,0,0,15,11,12,13,2,2,0,0,0,0,17,14,12,8,2,1,18,36,2,2,44,36,35.0,29.0,9.0,7.0,6.0,3.0,526,385,442.0,312.0,241,162,201,150,30.0,19.0,2.0,2.0,0.84,1.19,0.54,0.37,0.3,0.03,0.84,0.4,0.24,1.35,2,0,2,2,1,1,3,4,2,1,0.3041,0.0,0.2307,1.0312,0.0238,0.0182,0.2654,0.1244,0.0198,0.0151,8,4,0,1,2,0,0,2,0,1,0.5397,0.3034,0.0,0.07,0.3041,0.0,0.0,0.0271,0.0,0.7884,10,8,17.91,22.82
4732507,2025-04-16,bra,2025,Brasileirao,4,Rodrigo José Pereira de Lima,9863,Fluminense,9808,Corinthians,0,2,0,42,58,8,10,4,2,2,7,2,1,0,0,3,5,5,5,4,7,1,0,0,0,11,15,13,12,2,2,0,0,0,0,14,17,8,12,1,2,36,18,2,2,36,44,29.0,35.0,7.0,9.0,3.0,6.0,385,526,312.0,442.0,162,241,150,201,19.0,30.0,2.0,2.0,1.19,0.84,0.37,0.54,0.03,0.3,0.4,0.84,1.35,0.24,0,2,2,2,1,1,4,3,1,2,0.0,0.3041,1.0312,0.2307,0.0182,0.0238,0.1244,0.2654,0.0151,0.0198,4,8,1,0,0,2,2,0,1,0,0.3034,0.5397,0.07,0.0,0.0,0.3041,0.0271,0.0,0.7884,0.0,8,10,22.82,17.91
4732509,2025-04-16,bra,2025,Brasileirao,4,Lucas Paulo Torezin,163782,Mirassol,9769,Gremio,1,4,1,41,59,11,16,6,6,3,4,2,6,0,1,7,8,4,8,2,7,2,3,0,2,19,23,12,16,2,4,0,0,1,0,13,12,7,11,5,2,35,13,5,2,39,49,31.0,34.0,8.0,15.0,2.0,11.0,370,527,312.0,468.0,218,205,94,263,15.0,29.0,5.0,7.0,1.52,0.83,0.63,0.59,0.1,0.24,0.73,0.83,2.89,1.6,0,2,3,5,4,1,4,5,0,3,0.0,0.28,1.0453,0.3224,0.29,0.0235,0.2228,0.1396,0.0,0.0643,6,13,2,0,0,2,2,1,1,0,0.5087,0.5892,0.1655,0.0,0.0,0.2071,0.0956,0.0335,0.7884,0.0,11,16,17.37,16.94
4732509,2025-04-16,bra,2025,Brasileirao,4,Lucas Paulo Torezin,9769,Gremio,163782,Mirassol,0,1,4,59,41,16,11,6,6,4,3,6,2,1,0,8,7,8,4,7,2,3,2,2,0,23,19,16,12,4,2,0,0,0,1,12,13,11,7,2,5,13,35,2,5,49,39,34.0,31.0,15.0,8.0,11.0,2.0,527,370,468.0,312.0,205,218,263,94,29.0,15.0,7.0,5.0,0.83,1.52,0.59,0.63,0.24,0.1,0.83,0.73,1.6,2.89,2,0,5,3,1,4,5,4,3,0,0.28,0.0,0.3224,1.0453,0.0235,0.29,0.1396,0.2228,0.0643,0.0,13,6,0,2,2,0,1,2,0,1,0.5892,0.5087,0.0,0.1655,0.2071,0.0,0.0335,0.0956,0.0,0.7884,16,11,16.94,17.37
4732511,2025-04-16,bra,2025,Brasileirao,4,Felipe Fernandes de Lima,8702,Internacional,10283,Palmeiras,1,0,1,67,33,11,12,2,4,4,2,5,6,0,0,5,6,6,6,1,6,2,1,2,0,14,13,15,16,0,1,0,0,1,4,20,18,8,7,6,5,22,37,3,2,60,53,43.0,39.0,17.0,14.0,10.0,8.0,579,286,508.0,222.0,250,140,258,82,39.0,18.0,6.0,2.0,1.02,0.86,0.72,0.72,0.3,0.14,1.02,0.86,0.87,1.08,0,0,5,4,0,2,5,5,1,1,0.0,0.0,0.8071,0.6016,0.0,0.0709,0.2015,0.1756,0.0112,0.0134,8,8,0,2,0,2,3,0,0,0,0.7203,0.5373,0.0,0.1818,0.0,0.1424,0.2995,0.0,0.0,0.0,11,12,19.67,19.38
4732511,2025-04-16,bra,2025,Brasileirao,4,Felipe Fernandes de Lima,10283,Palmeiras,8702,Internacional,0,1,0,33,67,12,11,4,2,2,4,6,5,0,0,6,5,6,6,6,1,1,2,0,2,13,14,16,15,1,0,0,0,4,1,18,20,7,8,5,6,37,22,2,3,53,60,39.0,43.0,14.0,17.0,8.0,10.0,286,579,222.0,508.0,140,250,82,258,18.0,39.0,2.0,6.0,0.86,1.02,0.72,0.72,0.14,0.3,0.86,1.02,1.08,0.87,0,0,4,5,2,0,5,5,1,1,0.0,0.0,0.6016,0.8071,0.0709,0.0,0.1756,0.2015,0.0134,0.0112,8,8,2,0,2,0,0,3,0,0,0.5373,0.7203,0.1818,0.0,0.1424,0.0,0.0,0.2995,0.0,0.0,12,11,19.38,19.67
4732513,2025-04-16,bra,2025,Brasileirao,4,Dênis da Silva Ribeiro Serafim,172341,Ceara,10276,Vasco da Gama,1,2,1,36,64,11,11,2,3,7,6,2,2,0,0,7,8,4,3,1,2,3,2,1,1,16,15,14,12,3,4,0,0,1,2,17,15,9,4,2,2,26,30,2,0,49,49,32.0,31.0,17.0,18.0,5.0,3.0,332,612,268.0,547.0,134,237,134,310,20.0,24.0,9.0,9.0,2.14,0.96,2.03,0.65,0.11,0.3,2.14,0.96,1.9,0.67,1,2,6,6,0,0,1,2,3,1,0.7604,0.2321,1.1425,0.6407,0.0,0.0,0.0188,0.0709,0.0916,0.0142,8,7,2,0,0,2,1,2,0,0,1.6503,0.69,0.268,0.0,0.0,0.1034,0.0951,0.1645,0.0,0.0,11,11,15.62,13.7
4732513,2025-04-16,bra,2025,Brasileirao,4,Dênis da Silva Ribeiro Serafim,10276,Vasco da Gama,172341,Ceara,0,1,2,64,36,11,11,3,2,6,7,2,2,0,0,8,7,3,4,2,1,2,3,1,1,15,16,12,14,4,3,0,0,2,1,15,17,4,9,2,2,30,26,0,2,49,49,31.0,32.0,18.0,17.0,3.0,5.0,612,332,547.0,268.0,237,134,310,134,24.0,20.0,9.0,9.0,0.96,2.14,0.65,2.03,0.3,0.11,0.96,2.14,0.67,1.9,2,1,6,6,0,0,2,1,1,3,0.2321,0.7604,0.6407,1.1425,0.0,0.0,0.0709,0.0188,0.0142,0.0916,7,8,0,2,2,0,2,1,0,0,0.69,1.6503,0.0,0.268,0.1034,0.0,0.1645,0.0951,0.0,0.0,11,11,13.7,15.62
4732514,2025-04-16,bra,2025,Brasileirao,4,Paulo Cesar Zanovelli da Silva,6305,Sport Recife,109705,Red Bull Bragantino,1,0,1,62,38,21,16,6,7,7,6,8,3,1,0,9,12,12,4,9,3,0,2,0,1,32,21,10,12,3,2,0,0,4,3,14,20,4,11,3,7,15,53,6,6,47,62,40.0,40.0,7.0,22.0,15.0,12.0,477,302,397.0,238.0,155,125,242,113,30.0,27.0,5.0,4.0,0.78,1.39,0.68,0.67,0.1,0.72,0.78,1.39,0.67,1.63,0,1,3,7,6,4,8,3,4,1,0.0,0.5443,0.2256,0.6069,0.2225,0.1692,0.2665,0.0634,0.0677,0.0516,17,7,2,3,0,4,2,2,0,0,0.613,0.2911,0.0749,0.3817,0.0,0.6793,0.0943,0.0834,0.0,0.0,21,16,22.02,16.82
4732514,2025-04-16,bra,2025,Brasileirao,4,Paulo Cesar Zanovelli da Silva,109705,Red Bull Bragantino,6305,Sport Recife,0,1,0,38,62,16,21,7,6,6,7,3,8,0,1,12,9,4,12,3,9,2,0,1,0,21,32,12,10,2,3,0,0,3,4,20,14,11,4,7,3,53,15,6,6,62,47,40.0,40.0,22.0,7.0,12.0,15.0,302,477,238.0,397.0,125,155,113,242,27.0,30.0,4.0,5.0,1.39,0.78,0.67,0.68,0.72,0.1,1.39,0.78,1.63,0.67,1,0,7,3,4,6,3,8,1,4,0.5443,0.0,0.6069,0.2256,0.1692,0.2225,0.0634,0.2665,0.0516,0.0677,7,17,3,2,4,0,2,2,0,0,0.2911,0.613,0.3817,0.0749,0.6793,0.0,0.0834,0.0943,0.0,0.0,16,21,16.82,22.02
4732505,2025-04-17,bra,2025,Brasileirao,4,Matheus Delgado Candançan,9770,Flamengo,10274,Juventude,1,6,0,68,32,18,4,8,1,6,2,4,1,0,0,11,1,7,3,6,0,7,0,2,0,30,2,14,12,1,1,0,0,0,1,11,7,5,10,1,4,8,17,1,2,46,26,38.0,23.0,8.0,3.0,15.0,2.0,636,297,583.0,252.0,236,199,347,53,31.0,19.0,6.0,1.0,3.19,0.16,1.48,0.07,0.92,0.09,2.4,0.16,4.14,0.13,4,0,4,1,3,0,4,2,3,1,1.9672,0.0,1.6069,0.0472,0.1355,0.0,0.1729,0.092,0.0691,0.0161,13,2,0,0,1,0,3,2,1,0,1.4772,0.0686,0.0,0.0,0.049,0.0,1.6371,0.0867,0.7884,0.0,18,4,14.92,23.18
4732505,2025-04-17,bra,2025,Brasileirao,4,Matheus Delgado Candançan,10274,Juventude,9770,Flamengo,0,0,6,32,68,4,18,1,8,2,6,1,4,0,0,1,11,3,7,0,6,0,7,0,2,2,30,12,14,1,1,0,0,1,0,7,11,10,5,4,1,17,8,2,1,26,46,23.0,38.0,3.0,8.0,2.0,15.0,297,636,252.0,583.0,199,236,53,347,19.0,31.0,1.0,6.0,0.16,3.19,0.07,1.48,0.09,0.92,0.16,2.4,0.13,4.14,0,4,1,4,0,3,2,4,1,3,0.0,1.9672,0.0472,1.6069,0.0,0.1355,0.092,0.1729,0.0161,0.0691,2,13,0,0,0,1,2,3,0,1,0.0686,1.4772,0.0,0.0,0.0,0.049,0.0867,1.6371,0.0,0.7884,4,18,23.18,14.92
4732508,2025-04-17,bra,2025,Brasileirao,4,Braulio da Silva Machado,8514,Santos FC,10272,Atletico MG,1,2,0,36,64,11,16,5,4,4,8,2,4,0,1,7,6,4,10,3,6,3,0,2,0,14,24,11,18,3,3,0,0,0,4,22,15,12,10,4,2,43,12,4,3,56,48,47.0,40.0,9.0,8.0,8.0,15.0,304,533,244.0,468.0,138,202,106,266,23.0,40.0,3.0,3.0,2.27,0.81,2.21,0.74,0.07,0.08,2.27,0.81,2.41,0.55,0,0,7,6,0,0,3,7,1,3,0.0,0.0,1.541,0.5253,0.0,0.0,0.1852,0.2106,0.0214,0.078,8,13,2,0,1,2,0,1,0,0,0.6835,0.738,0.9957,0.0,0.0683,0.0498,0.0,0.0262,0.0,0.0,11,16,15.56,20.74
4732508,2025-04-17,bra,2025,Brasileirao,4,Braulio da Silva Machado,10272,Atletico MG,8514,Santos FC,0,0,2,64,36,16,11,4,5,8,4,4,2,1,0,6,7,10,4,6,3,0,3,0,2,24,14,18,11,3,3,0,0,4,0,15,22,10,12,2,4,12,43,3,4,48,56,40.0,47.0,8.0,9.0,15.0,8.0,533,304,468.0,244.0,202,138,266,106,40.0,23.0,3.0,3.0,0.81,2.27,0.74,2.21,0.08,0.07,0.81,2.27,0.55,2.41,0,0,6,7,0,0,7,3,3,1,0.0,0.0,0.5253,1.541,0.0,0.0,0.2106,0.1852,0.078,0.0214,13,8,0,2,2,1,1,0,0,0,0.738,0.6835,0.0,0.9957,0.0498,0.0683,0.0262,0.0,0.0,0.0,16,11,20.74,15.56
4732512,2025-04-17,bra,2025,Brasileirao,4,Raphael Claus,7733,Vitoria,8287,Fortaleza,1,2,1,40,60,15,9,8,4,3,5,4,0,0,1,9,7,6,2,5,5,2,3,1,2,20,12,15,10,1,1,0,0,4,4,14,13,8,3,0,4,23,22,3,6,35,49,28.0,35.0,7.0,14.0,6.0,7.0,391,581,324.0,523.0,174,259,150,264,18.0,16.0,6.0,8.0,0.92,1.02,0.64,0.89,0.28,0.13,0.92,1.02,2.0,1.79,1,2,4,5,4,0,3,2,3,0,0.1743,0.3072,0.4591,0.7172,0.1255,0.0,0.0858,0.0312,0.077,0.0,12,7,0,0,3,1,0,1,0,0,0.641,0.9667,0.0,0.0,0.2807,0.0313,0.0,0.0577,0.0,0.0,15,9,18.6,14.11
4732512,2025-04-17,bra,2025,Brasileirao,4,Raphael Claus,8287,Fortaleza,7733,Vitoria,0,1,2,60,40,9,15,4,8,5,3,0,4,1,0,7,9,2,6,5,5,3,2,2,1,12,20,10,15,1,1,0,0,4,4,13,14,3,8,4,0,22,23,6,3,49,35,35.0,28.0,14.0,7.0,7.0,6.0,581,391,523.0,324.0,259,174,264,150,16.0,18.0,8.0,6.0,1.02,0.92,0.89,0.64,0.13,0.28,1.02,0.92,1.79,2.0,2,1,5,4,0,4,2,3,0,3,0.3072,0.1743,0.7172,0.4591,0.0,0.1255,0.0312,0.0858,0.0,0.077,7,12,0,0,1,3,1,0,0,0,0.9667,0.641,0.0,0.0,0.0313,0.2807,0.0577,0.0,0.0,0.0,9,15,14.11,18.6
4732510,2025-04-18,bra,2025,Brasileirao,4,Flavio Rodrigues De Souza,9781,Cruzeiro,7877,Bahia,1,3,0,39,61,14,7,7,1,5,5,2,1,0,0,6,4,8,3,4,5,3,0,2,0,23,15,15,9,5,2,0,0,2,0,22,16,5,4,1,2,18,21,1,5,48,44,37.0,35.0,11.0,9.0,6.0,6.0,327,512,270.0,433.0,121,255,149,178,19.0,18.0,1.0,4.0,2.35,0.27,1.44,0.09,0.13,0.18,1.56,0.27,2.93,0.04,0,0,5,1,1,3,7,0,1,3,0.0,0.0,1.6347,0.0983,0.0265,0.0938,0.6598,0.0,0.03,0.0666,6,2,5,0,1,2,1,3,1,0,0.4559,0.0868,0.9813,0.0,0.0918,0.0233,0.0336,0.1485,0.7884,0.0,14,7,18.58,20.59
4732510,2025-04-18,bra,2025,Brasileirao,4,Flavio Rodrigues De Souza,7877,Bahia,9781,Cruzeiro,0,0,3,61,39,7,14,1,7,5,5,1,2,0,0,4,6,3,8,5,4,0,3,0,2,15,23,9,15,2,5,0,0,0,2,16,22,4,5,2,1,21,18,5,1,44,48,35.0,37.0,9.0,11.0,6.0,6.0,512,327,433.0,270.0,255,121,178,149,18.0,19.0,4.0,1.0,0.27,2.35,0.09,1.44,0.18,0.13,0.27,1.56,0.04,2.93,0,0,1,5,3,1,0,7,3,1,0.0,0.0,0.0983,1.6347,0.0938,0.0265,0.0,0.6598,0.0666,0.03,2,6,0,5,2,1,3,1,0,1,0.0868,0.4559,0.0,0.9813,0.0233,0.0918,0.1485,0.0336,0.0,0.7884,7,14,20.59,18.58
4732516,2025-04-19,bra,2025,Brasileirao,5,Raphael Claus,10276,Vasco da Gama,9770,Flamengo,1,0,0,36,64,6,17,1,7,4,9,1,1,1,0,2,13,4,4,2,11,1,4,1,4,7,35,14,10,2,1,0,0,1,1,12,14,8,6,1,1,36,12,7,1,36,48,24.0,33.0,12.0,15.0,4.0,7.0,305,544,237.0,488.0,152,174,85,314,15.0,25.0,2.0,11.0,0.52,1.98,0.48,1.19,0.04,0.8,0.52,1.98,0.41,1.6,0,3,2,7,0,3,2,0,2,4,0.0,1.0454,0.4399,0.6843,0.0,0.1928,0.0977,0.0,0.0288,0.0622,5,12,0,0,0,4,1,1,0,0,0.5278,1.1861,0.0,0.0,0.0,0.3204,0.0385,0.4783,0.0,0.0,6,17,21.3,14.53
4732516,2025-04-19,bra,2025,Brasileirao,5,Raphael Claus,9770,Flamengo,10276,Vasco da Gama,0,0,0,64,36,17,6,7,1,9,4,1,1,0,1,13,2,4,4,11,2,4,1,4,1,35,7,10,14,1,2,0,0,1,1,14,12,6,8,1,1,12,36,1,7,48,36,33.0,24.0,15.0,12.0,7.0,4.0,544,305,488.0,237.0,174,152,314,85,25.0,15.0,11.0,2.0,1.98,0.52,1.19,0.48,0.8,0.04,1.98,0.52,1.6,0.41,3,0,7,2,3,0,0,2,4,2,1.0454,0.0,0.6843,0.4399,0.1928,0.0,0.0,0.0977,0.0622,0.0288,12,5,0,0,4,0,1,1,0,0,1.1861,0.5278,0.0,0.0,0.3204,0.0,0.4783,0.0385,0.0,0.0,17,6,14.53,21.3
4732517,2025-04-19,bra,2025,Brasileirao,5,Anderson Daronco,9808,Corinthians,6305,Sport Recife,1,2,1,58,42,17,10,4,2,9,7,4,1,1,1,14,5,3,5,5,4,3,0,2,0,32,15,11,12,3,2,0,0,4,0,18,17,13,17,1,4,16,14,1,2,51,42,37.0,34.0,14.0,8.0,7.0,7.0,520,362,447.0,292.0,290,150,157,142,31.0,19.0,4.0,5.0,2.16,0.39,2.1,0.37,0.06,0.02,2.16,0.39,1.37,1.02,0,0,11,4,3,1,3,2,0,3,0.0,0.0,1.8792,0.226,0.1411,0.0381,0.1417,0.0598,0.0,0.07,12,9,3,0,1,1,1,0,0,0,1.366,0.3695,0.7335,0.0,0.0312,0.0244,0.0313,0.0,0.0,0.0,17,10,15.72,19.91
4732517,2025-04-19,bra,2025,Brasileirao,5,Anderson Daronco,6305,Sport Recife,9808,Corinthians,0,1,2,42,58,10,17,2,4,7,9,1,4,1,1,5,14,5,3,4,5,0,3,0,2,15,32,12,11,2,3,0,0,0,4,17,18,17,13,4,1,14,16,2,1,42,51,34.0,37.0,8.0,14.0,7.0,7.0,362,520,292.0,447.0,150,290,142,157,19.0,31.0,5.0,4.0,0.39,2.16,0.37,2.1,0.02,0.06,0.39,2.16,1.02,1.37,0,0,4,11,1,3,2,3,3,0,0.0,0.0,0.226,1.8792,0.0381,0.1411,0.0598,0.1417,0.07,0.0,9,12,0,3,1,1,0,1,0,0,0.3695,1.366,0.0,0.7335,0.0244,0.0312,0.0,0.0313,0.0,0.0,10,17,19.91,15.72
4732515,2025-04-20,bra,2025,Brasileirao,5,Matheus Delgado Candançan,9863,Fluminense,7733,Vitoria,1,1,1,62,38,11,7,5,3,6,0,0,4,0,0,8,4,3,3,6,4,4,1,3,0,27,13,12,14,0,1,0,0,1,1,17,8,6,6,3,0,22,25,2,4,49,34,38.0,30.0,11.0,4.0,8.0,10.0,652,397,598.0,348.0,301,173,297,175,26.0,21.0,4.0,2.0,1.18,0.6,0.86,0.58,0.32,0.01,1.18,0.6,1.31,1.1,1,0,4,2,3,2,2,2,1,1,0.2856,0.0,0.549,0.3439,0.2859,0.1292,0.0465,0.0387,0.0154,0.011,8,5,0,1,1,1,2,0,0,0,0.8574,0.4556,0.0,0.0558,0.0684,0.0114,0.2566,0.0,0.0,0.0,11,7,16.73,21.34
4732515,2025-04-20,bra,2025,Brasileirao,5,Matheus Delgado Candançan,7733,Vitoria,9863,Fluminense,0,1,1,38,62,7,11,3,5,0,6,4,0,0,0,4,8,3,3,4,6,1,4,0,3,13,27,14,12,1,0,0,0,1,1,8,17,6,6,0,3,25,22,4,2,34,49,30.0,38.0,4.0,11.0,10.0,8.0,397,652,348.0,598.0,173,301,175,297,21.0,26.0,2.0,4.0,0.6,1.18,0.58,0.86,0.01,0.32,0.6,1.18,1.1,1.31,0,1,2,4,2,3,2,2,1,1,0.0,0.2856,0.3439,0.549,0.1292,0.2859,0.0387,0.0465,0.011,0.0154,5,8,1,0,1,1,0,2,0,0,0.4556,0.8574,0.0558,0.0,0.0114,0.0684,0.0,0.2566,0.0,0.0,7,11,21.34,16.73
4732518,2025-04-20,bra,2025,Brasileirao,5,Wilton Pereira Sampaio,10277,Sao Paulo,8514,Santos FC,1,2,1,41,59,6,15,3,3,2,7,1,5,0,0,3,12,3,3,5,5,2,1,0,0,13,31,17,13,7,3,0,0,2,2,20,28,8,9,5,1,27,29,2,1,49,82,38.0,57.0,11.0,25.0,7.0,15.0,323,452,256.0,381.0,119,211,137,170,17.0,29.0,0.0,10.0,1.69,1.43,1.63,0.41,0.05,0.24,1.69,0.64,1.81,1.52,1,0,1,10,1,2,2,2,1,1,0.889,0.0,0.6232,1.2621,0.0877,0.0744,0.0466,0.0813,0.0393,0.0127,3,6,1,2,0,3,2,3,0,1,1.5442,0.2631,0.0877,0.143,0.0,0.0962,0.054,0.1398,0.0,0.7884,6,15,19.51,14.84
4732518,2025-04-20,bra,2025,Brasileirao,5,Wilton Pereira Sampaio,8514,Santos FC,10277,Sao Paulo,0,1,2,59,41,15,6,3,3,7,2,5,1,0,0,12,3,3,3,5,5,1,2,0,0,31,13,13,17,3,7,0,0,2,2,28,20,9,8,1,5,29,27,1,2,82,49,57.0,38.0,25.0,11.0,15.0,7.0,452,323,381.0,256.0,211,119,170,137,29.0,17.0,10.0,0.0,1.43,1.69,0.41,1.63,0.24,0.05,0.64,1.69,1.52,1.81,0,1,10,1,2,1,2,2,1,1,0.0,0.889,1.2621,0.6232,0.0744,0.0877,0.0813,0.0466,0.0127,0.0393,6,3,2,1,3,0,3,2,1,0,0.2631,1.5442,0.143,0.0877,0.0962,0.0,0.1398,0.054,0.7884,0.0,15,6,14.84,19.51
4732519,2025-04-20,bra,2025,Brasileirao,5,Alex Gomes Stefano,109705,Red Bull Bragantino,9781,Cruzeiro,1,1,0,42,58,20,12,6,4,10,5,4,3,2,1,13,5,7,7,4,9,1,2,0,2,35,21,17,13,2,3,0,0,1,1,19,22,12,11,3,3,37,23,3,5,57,56,46.0,51.0,11.0,5.0,16.0,13.0,346,472,277.0,400.0,125,193,152,207,28.0,18.0,8.0,4.0,1.75,0.83,1.62,0.26,0.13,0.56,1.75,0.83,0.52,0.58,2,2,6,3,5,0,5,7,2,0,0.1789,0.4651,1.1071,0.1362,0.245,0.0,0.2023,0.273,0.0426,0.0,17,5,0,0,3,4,0,3,0,0,1.6491,0.2219,0.0,0.0,0.1269,0.5062,0.0,0.1463,0.0,0.0,20,12,16.4,18.3
4732519,2025-04-20,bra,2025,Brasileirao,5,Alex Gomes Stefano,9781,Cruzeiro,109705,Red Bull Bragantino,0,0,1,58,42,12,20,4,6,5,10,3,4,1,2,5,13,7,7,9,4,2,1,2,0,21,35,13,17,3,2,0,0,1,1,22,19,11,12,3,3,23,37,5,3,56,57,51.0,46.0,5.0,11.0,13.0,16.0,472,346,400.0,277.0,193,125,207,152,18.0,28.0,4.0,8.0,0.83,1.75,0.26,1.62,0.56,0.13,0.83,1.75,0.58,0.52,2,2,3,6,0,5,7,5,0,2,0.4651,0.1789,0.1362,1.1071,0.0,0.245,0.273,0.2023,0.0,0.0426,5,17,0,0,4,3,3,0,0,0,0.2219,1.6491,0.0,0.0,0.5062,0.1269,0.1463,0.0,0.0,0.0,12,20,18.3,16.4
4732520,2025-04-20,bra,2025,Brasileirao,5,Ramon Abatti,10272,Atletico MG,8517,Botafogo RJ,1,1,0,55,45,13,7,6,2,5,2,2,3,0,0,9,4,4,3,8,4,1,0,0,0,20,14,13,14,3,2,0,1,1,1,10,13,9,7,3,2,21,15,2,5,42,38,29.0,30.0,13.0,8.0,6.0,4.0,407,338,342.0,272.0,191,175,151,97,43.0,24.0,4.0,4.0,0.81,0.3,0.34,0.15,0.46,0.15,0.81,0.3,1.54,0.92,2,0,3,3,4,1,1,2,3,1,0.5072,0.0,0.0602,0.1831,0.1374,0.0129,0.013,0.0462,0.0873,0.0318,6,4,1,0,3,1,3,2,0,0,0.2938,0.1728,0.0502,0.0,0.3854,0.0129,0.0758,0.0883,0.0,0.0,13,7,17.9,19.22
4732520,2025-04-20,bra,2025,Brasileirao,5,Ramon Abatti,8517,Botafogo RJ,10272,Atletico MG,0,0,1,45,55,7,13,2,6,2,5,3,2,0,0,4,9,3,4,4,8,0,1,0,0,14,20,14,13,2,3,1,0,1,1,13,10,7,9,2,3,15,21,5,2,38,42,30.0,29.0,8.0,13.0,4.0,6.0,338,407,272.0,342.0,175,191,97,151,24.0,43.0,4.0,4.0,0.3,0.81,0.15,0.34,0.15,0.46,0.3,0.81,0.92,1.54,0,2,3,3,1,4,2,1,1,3,0.0,0.5072,0.1831,0.0602,0.0129,0.1374,0.0462,0.013,0.0318,0.0873,4,6,0,1,1,3,2,3,0,0,0.1728,0.2938,0.0,0.0502,0.0129,0.3854,0.0883,0.0758,0.0,0.0,7,13,19.22,17.9
4732521,2025-04-20,bra,2025,Brasileirao,5,Braulio da Silva Machado,9769,Gremio,8702,Internacional,1,1,1,39,61,8,14,2,5,4,5,2,4,1,1,7,10,1,4,3,7,2,2,2,1,13,20,14,14,5,3,1,0,1,1,31,28,15,7,3,2,30,30,4,2,79,59,59.0,45.0,20.0,14.0,14.0,5.0,268,425,182.0,347.0,82,166,100,181,28.0,26.0,3.0,6.0,1.45,2.05,1.45,0.73,0.0,0.53,1.45,1.26,0.38,2.34,1,2,1,6,5,2,1,3,0,1,0.8601,0.3275,0.4139,1.5144,0.157,0.0925,0.0277,0.0999,0.0,0.0154,6,6,2,1,0,4,0,2,0,1,1.363,0.6972,0.0957,0.031,0.0,0.3591,0.0,0.1739,0.0,0.7884,8,14,15.85,16.03
4732521,2025-04-20,bra,2025,Brasileirao,5,Braulio da Silva Machado,8702,Internacional,9769,Gremio,0,1,1,61,39,14,8,5,2,5,4,4,2,1,1,10,7,4,1,7,3,2,2,1,2,20,13,14,14,3,5,0,1,1,1,28,31,7,15,2,3,30,30,2,4,59,79,45.0,59.0,14.0,20.0,5.0,14.0,425,268,347.0,182.0,166,82,181,100,26.0,28.0,6.0,3.0,2.05,1.45,0.73,1.45,0.53,0.0,1.26,1.45,2.34,0.38,2,1,6,1,2,5,3,1,1,0,0.3275,0.8601,1.5144,0.4139,0.0925,0.157,0.0999,0.0277,0.0154,0.0,6,6,1,2,4,0,2,0,1,0,0.6972,1.363,0.031,0.0957,0.3591,0.0,0.1739,0.0,0.7884,0.0,14,8,16.03,15.85
4732523,2025-04-20,bra,2025,Brasileirao,5,Paulo Cesar Zanovelli da Silva,8287,Fortaleza,10283,Palmeiras,1,1,2,52,48,13,6,5,4,7,1,1,1,0,0,7,4,6,2,8,2,1,2,1,1,24,9,12,13,1,1,0,0,1,4,22,29,9,7,2,1,26,37,1,3,63,63,40.0,45.0,23.0,18.0,6.0,7.0,375,361,312.0,291.0,104,159,208,132,22.0,22.0,5.0,1.0,1.22,1.0,0.25,0.68,0.19,0.32,0.43,1.0,1.28,1.6,0,2,5,2,2,0,6,1,0,1,0.0,0.3027,0.982,0.6385,0.0941,0.0,0.1437,0.0169,0.0,0.0401,8,2,0,1,1,1,3,2,1,0,0.245,0.51,0.0,0.1686,0.1187,0.0553,0.0677,0.2643,0.7884,0.0,13,6,20.44,15.29
4732523,2025-04-20,bra,2025,Brasileirao,5,Paulo Cesar Zanovelli da Silva,10283,Palmeiras,8287,Fortaleza,0,2,1,48,52,6,13,4,5,1,7,1,1,0,0,4,7,2,6,2,8,2,1,1,1,9,24,13,12,1,1,0,0,4,1,29,22,7,9,1,2,37,26,3,1,63,63,45.0,40.0,18.0,23.0,7.0,6.0,361,375,291.0,312.0,159,104,132,208,22.0,22.0,1.0,5.0,1.0,1.22,0.68,0.25,0.32,0.19,1.0,0.43,1.6,1.28,2,0,2,5,0,2,1,6,1,0,0.3027,0.0,0.6385,0.982,0.0,0.0941,0.0169,0.1437,0.0401,0.0,2,8,1,0,1,1,2,3,0,1,0.51,0.245,0.1686,0.0,0.0553,0.1187,0.2643,0.0677,0.0,0.7884,6,13,15.29,20.44
4732524,2025-04-20,bra,2025,Brasileirao,5,Paulo Belence Alves dos Prazeres Filho,10274,Juventude,163782,Mirassol,1,2,2,45,55,19,25,6,6,7,4,6,15,1,0,12,18,7,7,5,3,0,1,0,0,24,44,18,10,2,2,0,0,1,0,21,12,10,6,14,5,41,36,4,4,54,56,37.0,41.0,17.0,15.0,6.0,13.0,345,442,267.0,364.0,139,222,128,142,20.0,15.0,3.0,6.0,1.3,2.26,1.03,1.15,0.27,0.33,1.3,1.48,1.04,1.89,1,1,6,11,5,6,4,3,3,4,0.1543,0.1462,0.5682,1.838,0.2174,0.1973,0.306,0.0977,0.0565,0.0822,13,17,2,1,1,1,3,5,0,1,0.7866,0.9556,0.2682,0.1891,0.021,0.0155,0.2266,0.4128,0.0,0.7884,19,25,18.49,17.02
4732524,2025-04-20,bra,2025,Brasileirao,5,Paulo Belence Alves dos Prazeres Filho,163782,Mirassol,10274,Juventude,0,2,2,55,45,25,19,6,6,4,7,15,6,0,1,18,12,7,7,3,5,1,0,0,0,44,24,10,18,2,2,0,0,0,1,12,21,6,10,5,14,36,41,4,4,56,54,41.0,37.0,15.0,17.0,13.0,6.0,442,345,364.0,267.0,222,139,142,128,15.0,20.0,6.0,3.0,2.26,1.3,1.15,1.03,0.33,0.27,1.48,1.3,1.89,1.04,1,1,11,6,6,5,3,4,4,3,0.1462,0.1543,1.838,0.5682,0.1973,0.2174,0.0977,0.306,0.0822,0.0565,17,13,1,2,1,1,5,3,1,0,0.9556,0.7866,0.1891,0.2682,0.0155,0.021,0.4128,0.2266,0.7884,0.0,25,19,17.02,18.49
4732522,2025-04-21,bra,2025,Brasileirao,5,Rafael Rodrigo Klein,7877,Bahia,172341,Ceara,1,1,0,65,35,13,10,4,2,8,5,1,3,0,0,9,6,4,4,3,4,3,1,2,1,19,15,14,18,2,4,0,0,5,1,18,24,4,6,3,1,18,27,2,3,63,58,48.0,44.0,15.0,14.0,12.0,7.0,571,306,516.0,244.0,239,137,277,107,16.0,18.0,5.0,5.0,1.68,1.21,0.81,0.93,0.08,0.28,0.89,1.21,1.37,1.25,1,0,5,3,3,3,3,1,1,3,0.3252,0.0,1.1263,0.6789,0.1263,0.4751,0.0977,0.0195,0.0072,0.041,9,4,0,2,0,2,3,2,1,0,0.8134,0.5492,0.0,0.3877,0.0,0.0232,0.0808,0.2544,0.7884,0.0,13,10,16.93,17.5
4732522,2025-04-21,bra,2025,Brasileirao,5,Rafael Rodrigo Klein,172341,Ceara,7877,Bahia,0,0,1,35,65,10,13,2,4,5,8,3,1,0,0,6,9,4,4,4,3,1,3,1,2,15,19,18,14,4,2,0,0,1,5,24,18,6,4,1,3,27,18,3,2,58,63,44.0,48.0,14.0,15.0,7.0,12.0,306,571,244.0,516.0,137,239,107,277,18.0,16.0,5.0,5.0,1.21,1.68,0.93,0.81,0.28,0.08,1.21,0.89,1.25,1.37,0,1,3,5,3,3,1,3,3,1,0.0,0.3252,0.6789,1.1263,0.4751,0.1263,0.0195,0.0977,0.041,0.0072,4,9,2,0,2,0,2,3,0,1,0.5492,0.8134,0.3877,0.0,0.0232,0.0,0.2544,0.0808,0.0,0.7884,10,13,17.5,16.93
4732529,2025-04-26,bra,2025,Brasileirao,6,Davi de Oliveira Lacerda,163782,Mirassol,10272,Atletico MG,1,2,2,39,61,20,16,6,6,7,9,7,1,0,0,11,7,9,9,9,7,3,2,1,0,18,21,11,5,4,2,0,0,1,3,16,14,13,10,1,7,32,26,4,4,39,46,26.0,32.0,13.0,14.0,5.0,7.0,284,466,213.0,386.0,85,215,128,171,19.0,19.0,8.0,4.0,1.79,1.64,1.71,0.69,0.08,0.16,1.79,0.86,2.63,1.16,1,0,7,5,3,2,6,6,3,3,0.5919,0.0,0.9254,1.2677,0.1016,0.0903,0.1462,0.2342,0.0461,0.0512,18,8,0,2,2,2,0,3,0,1,1.7275,0.5932,0.0,0.0976,0.0837,0.0637,0.0,0.1005,0.0,0.7884,20,16,19.53,21.69
4732529,2025-04-26,bra,2025,Brasileirao,6,Davi de Oliveira Lacerda,10272,Atletico MG,163782,Mirassol,0,2,2,61,39,16,20,6,6,9,7,1,7,0,0,7,11,9,9,7,9,2,3,0,1,21,18,5,11,2,4,0,0,3,1,14,16,10,13,7,1,26,32,4,4,46,39,32.0,26.0,14.0,13.0,7.0,5.0,466,284,386.0,213.0,215,85,171,128,19.0,19.0,4.0,8.0,1.64,1.79,0.69,1.71,0.16,0.08,0.86,1.79,1.16,2.63,0,1,5,7,2,3,6,6,3,3,0.0,0.5919,1.2677,0.9254,0.0903,0.1016,0.2342,0.1462,0.0512,0.0461,8,18,2,0,2,2,3,0,1,0,0.5932,1.7275,0.0976,0.0,0.0637,0.0837,0.1005,0.0,0.7884,0.0,16,20,21.69,19.53
4732531,2025-04-26,bra,2025,Brasileirao,6,Flavio Rodrigues De Souza,8702,Internacional,10274,Juventude,1,3,1,52,48,13,4,7,1,3,2,3,1,0,0,6,3,7,1,9,2,3,1,0,0,19,9,17,8,1,2,0,0,4,5,19,12,6,7,1,3,23,25,0,4,50,50,35.0,36.0,15.0,14.0,8.0,8.0,395,358,327.0,294.0,173,216,154,78,25.0,16.0,7.0,2.0,1.28,0.27,0.15,0.17,1.13,0.1,1.28,0.27,1.78,0.19,2,0,3,3,1,0,3,1,4,0,0.575,0.0,0.4292,0.2595,0.0455,0.0,0.1433,0.0118,0.0915,0.0,5,2,0,0,7,0,1,2,0,0,0.1549,0.1686,0.0,0.0,1.0355,0.0,0.0941,0.1026,0.0,0.0,13,4,18.15,16.44
4732531,2025-04-26,bra,2025,Brasileirao,6,Flavio Rodrigues De Souza,10274,Juventude,8702,Internacional,0,1,3,48,52,4,13,1,7,2,3,1,3,0,0,3,6,1,7,2,9,1,3,0,0,9,19,8,17,2,1,0,0,5,4,12,19,7,6,3,1,25,23,4,0,50,50,36.0,35.0,14.0,15.0,8.0,8.0,358,395,294.0,327.0,216,173,78,154,16.0,25.0,2.0,7.0,0.27,1.28,0.17,0.15,0.1,1.13,0.27,1.28,0.19,1.78,0,2,3,3,0,1,1,3,0,4,0.0,0.575,0.2595,0.4292,0.0,0.0455,0.0118,0.1433,0.0,0.0915,2,5,0,0,0,7,2,1,0,0,0.1686,0.1549,0.0,0.0,0.0,1.0355,0.1026,0.0941,0.0,0.0,4,13,16.44,18.15
4732533,2025-04-26,bra,2025,Brasileirao,6,Anderson Daronco,172341,Ceara,10277,Sao Paulo,1,1,1,40,60,7,14,2,4,4,4,1,6,0,0,5,6,2,8,3,2,2,2,1,1,15,18,13,19,2,5,0,0,1,1,27,16,11,9,6,1,36,19,3,1,60,42,47.0,31.0,13.0,11.0,4.0,4.0,295,440,236.0,384.0,135,159,101,225,15.0,27.0,4.0,3.0,0.54,0.81,0.39,0.51,0.15,0.31,0.54,0.81,0.32,1.36,0,1,4,3,1,2,1,2,1,6,0.0,0.3064,0.4599,0.2993,0.0211,0.0595,0.0158,0.043,0.0063,0.1048,4,12,0,1,0,1,3,0,0,0,0.4156,0.4752,0.0,0.0314,0.0,0.3064,0.0874,0.0,0.0,0.0,7,14,17.39,21.72
4732533,2025-04-26,bra,2025,Brasileirao,6,Anderson Daronco,10277,Sao Paulo,172341,Ceara,0,1,1,60,40,14,7,4,2,4,4,6,1,0,0,6,5,8,2,2,3,2,2,1,1,18,15,19,13,5,2,0,0,1,1,16,27,9,11,1,6,19,36,1,3,42,60,31.0,47.0,11.0,13.0,4.0,4.0,440,295,384.0,236.0,159,135,225,101,27.0,15.0,3.0,4.0,0.81,0.54,0.51,0.39,0.31,0.15,0.81,0.54,1.36,0.32,1,0,3,4,2,1,2,1,6,1,0.3064,0.0,0.2993,0.4599,0.0595,0.0211,0.043,0.0158,0.1048,0.0063,12,4,1,0,1,0,0,3,0,0,0.4752,0.4156,0.0314,0.0,0.3064,0.0,0.0,0.0874,0.0,0.0,14,7,21.72,17.39
4732534,2025-04-26,bra,2025,Brasileirao,6,Matheus Delgado Candançan,6305,Sport Recife,8287,Fortaleza,1,0,0,58,42,16,11,8,1,6,3,2,7,0,1,8,8,8,3,6,6,4,1,4,1,23,15,11,9,0,2,0,1,2,3,12,14,8,10,7,2,25,31,1,8,49,39,31.0,29.0,18.0,10.0,12.0,4.0,503,361,416.0,276.0,204,161,212,115,18.0,12.0,4.0,2.0,1.26,0.85,1.13,0.52,0.13,0.32,1.26,0.85,1.57,0.21,0,0,7,7,2,1,5,1,2,2,0.0,0.0,0.9776,0.7205,0.0712,0.0386,0.1712,0.06,0.0418,0.0263,14,7,0,1,2,2,0,1,0,0,1.1341,0.4462,0.0,0.1344,0.1277,0.0305,0.0,0.2343,0.0,0.0,16,11,18.87,18.28
4732534,2025-04-26,bra,2025,Brasileirao,6,Matheus Delgado Candançan,8287,Fortaleza,6305,Sport Recife,0,0,0,42,58,11,16,1,8,3,6,7,2,1,0,8,8,3,8,6,6,1,4,1,4,15,23,9,11,2,0,1,0,3,2,14,12,10,8,2,7,31,25,8,1,39,49,29.0,31.0,10.0,18.0,4.0,12.0,361,503,276.0,416.0,161,204,115,212,12.0,18.0,2.0,4.0,0.85,1.26,0.52,1.13,0.32,0.13,0.85,1.26,0.21,1.57,0,0,7,7,1,2,1,5,2,2,0.0,0.0,0.7205,0.9776,0.0386,0.0712,0.06,0.1712,0.0263,0.0418,7,14,1,0,2,2,1,0,0,0,0.4462,1.1341,0.1344,0.0,0.0305,0.1277,0.2343,0.0,0.0,0.0,11,16,18.28,18.87
4732525,2025-04-27,bra,2025,Brasileirao,6,Ramon Abatti,9770,Flamengo,9808,Corinthians,1,4,0,54,46,17,8,6,2,7,4,4,2,2,0,10,5,7,3,10,3,3,0,2,0,34,12,14,12,2,1,0,0,2,2,14,21,7,7,1,4,12,22,2,2,36,43,32.0,38.0,4.0,5.0,6.0,3.0,520,441,478.0,395.0,264,261,214,134,24.0,31.0,3.0,6.0,2.22,0.27,1.03,0.15,0.41,0.12,1.44,0.27,2.72,0.26,2,0,7,2,1,3,6,0,1,3,0.2906,0.0,1.4394,0.1045,0.0392,0.1352,0.4469,0.0,0.009,0.0374,11,4,0,0,5,3,0,1,1,0,1.0309,0.1495,0.0,0.0,0.4057,0.1182,0.0,0.0092,0.7884,0.0,17,8,18.75,20.47
4732525,2025-04-27,bra,2025,Brasileirao,6,Ramon Abatti,9808,Corinthians,9770,Flamengo,0,0,4,46,54,8,17,2,6,4,7,2,4,0,2,5,10,3,7,3,10,0,3,0,2,12,34,12,14,1,2,0,0,2,2,21,14,7,7,4,1,22,12,2,2,43,36,38.0,32.0,5.0,4.0,3.0,6.0,441,520,395.0,478.0,261,264,134,214,31.0,24.0,6.0,3.0,0.27,2.22,0.15,1.03,0.12,0.41,0.27,1.44,0.26,2.72,0,2,2,7,3,1,0,6,3,1,0.0,0.2906,0.1045,1.4394,0.1352,0.0392,0.0,0.4469,0.0374,0.009,4,11,0,0,3,5,1,0,0,1,0.1495,1.0309,0.0,0.0,0.1182,0.4057,0.0092,0.0,0.0,0.7884,8,17,20.47,18.75
4732526,2025-04-27,bra,2025,Brasileirao,6,Bruno Arleu de Araújo,8517,Botafogo RJ,9863,Fluminense,1,2,0,39,61,15,8,7,1,7,5,1,2,1,1,11,3,4,5,6,3,2,0,1,0,29,12,21,9,4,4,0,0,2,2,18,14,4,7,2,1,20,16,1,5,50,58,35.0,45.0,15.0,13.0,8.0,11.0,395,618,344.0,551.0,170,291,174,260,27.0,26.0,6.0,1.0,0.95,0.27,0.81,0.18,0.14,0.09,0.95,0.27,1.96,0.62,0,0,6,1,5,2,3,2,1,3,0.0,0.0,0.4002,0.0518,0.3274,0.0988,0.1961,0.0508,0.0262,0.0658,9,6,2,0,2,1,2,1,0,0,0.5927,0.18,0.2166,0.0,0.049,0.0518,0.0915,0.0354,0.0,0.0,15,8,17.36,24.53
4732526,2025-04-27,bra,2025,Brasileirao,6,Bruno Arleu de Araújo,9863,Fluminense,8517,Botafogo RJ,0,0,2,61,39,8,15,1,7,5,7,2,1,1,1,3,11,5,4,3,6,0,2,0,1,12,29,9,21,4,4,0,0,2,2,14,18,7,4,1,2,16,20,5,1,58,50,45.0,35.0,13.0,15.0,11.0,8.0,618,395,551.0,344.0,291,170,260,174,26.0,27.0,1.0,6.0,0.27,0.95,0.18,0.81,0.09,0.14,0.27,0.95,0.62,1.96,0,0,1,6,2,5,2,3,3,1,0.0,0.0,0.0518,0.4002,0.0988,0.3274,0.0508,0.1961,0.0658,0.0262,6,9,0,2,1,2,1,2,0,0,0.18,0.5927,0.0,0.2166,0.0518,0.049,0.0354,0.0915,0.0,0.0,8,15,24.53,17.36
4732527,2025-04-27,bra,2025,Brasileirao,6,Wilton Pereira Sampaio,10283,Palmeiras,7877,Bahia,1,0,1,50,50,21,11,2,5,13,5,6,1,0,1,15,7,6,4,6,4,0,2,0,1,31,22,12,16,1,2,0,0,4,1,7,14,5,7,1,7,13,46,4,1,48,51,31.0,32.0,17.0,19.0,11.0,8.0,432,452,364.0,392.0,146,190,218,202,28.0,25.0,10.0,4.0,1.44,0.57,1.06,0.48,0.38,0.09,1.44,0.57,0.79,1.1,0,2,12,1,3,4,1,4,5,0,0.0,0.0941,1.0796,0.1293,0.1307,0.2749,0.0331,0.0758,0.1142,0.0,11,8,3,1,5,2,2,0,0,0,0.9002,0.4363,0.152,0.0437,0.2189,0.0941,0.0864,0.0,0.0,0.0,21,11,16.94,18.84
4732527,2025-04-27,bra,2025,Brasileirao,6,Wilton Pereira Sampaio,7877,Bahia,10283,Palmeiras,0,1,0,50,50,11,21,5,2,5,13,1,6,1,0,7,15,4,6,4,6,2,0,1,0,22,31,16,12,2,1,0,0,1,4,14,7,7,5,7,1,46,13,1,4,51,48,32.0,31.0,19.0,17.0,8.0,11.0,452,432,392.0,364.0,190,146,202,218,25.0,28.0,4.0,10.0,0.57,1.44,0.48,1.06,0.09,0.38,0.57,1.44,1.1,0.79,2,0,1,12,4,3,4,1,0,5,0.0941,0.0,0.1293,1.0796,0.2749,0.1307,0.0758,0.0331,0.0,0.1142,8,11,1,3,2,5,0,2,0,0,0.4363,0.9002,0.0437,0.152,0.0941,0.2189,0.0,0.0864,0.0,0.0,11,21,18.84,16.94
4732528,2025-04-27,bra,2025,Brasileirao,6,Raphael Claus,8514,Santos FC,109705,Red Bull Bragantino,1,1,2,54,46,19,16,3,6,10,5,6,5,0,0,12,11,7,5,6,10,1,4,0,4,24,27,13,15,2,5,0,0,3,1,20,13,3,8,5,6,17,28,4,2,60,42,38.0,33.0,22.0,9.0,4.0,8.0,390,333,322.0,278.0,170,167,152,111,23.0,17.0,10.0,4.0,1.1,1.41,0.63,0.75,0.47,0.66,1.1,1.41,0.52,1.5,1,3,9,5,2,3,6,4,1,1,0.1321,0.747,0.7005,0.4897,0.086,0.0649,0.1762,0.1258,0.0067,0.0236,10,9,1,1,3,3,5,3,0,0,0.4932,0.8293,0.1411,0.055,0.2611,0.1818,0.2061,0.3849,0.0,0.0,19,16,17.01,16.21
4732528,2025-04-27,bra,2025,Brasileirao,6,Raphael Claus,109705,Red Bull Bragantino,8514,Santos FC,0,2,1,46,54,16,19,6,3,5,10,5,6,0,0,11,12,5,7,10,6,4,1,4,0,27,24,15,13,5,2,0,0,1,3,13,20,8,3,6,5,28,17,2,4,42,60,33.0,38.0,9.0,22.0,8.0,4.0,333,390,278.0,322.0,167,170,111,152,17.0,23.0,4.0,10.0,1.41,1.1,0.75,0.63,0.66,0.47,1.41,1.1,1.5,0.52,3,1,5,9,3,2,4,6,1,1,0.747,0.1321,0.4897,0.7005,0.0649,0.086,0.1258,0.1762,0.0236,0.0067,9,10,1,1,3,3,3,5,0,0,0.8293,0.4932,0.055,0.1411,0.1818,0.2611,0.3849,0.2061,0.0,0.0,16,19,16.21,17.01
4732530,2025-04-27,bra,2025,Brasileirao,6,Rafael Rodrigo Klein,9781,Cruzeiro,10276,Vasco da Gama,1,1,0,43,57,11,15,4,6,6,6,1,3,0,0,8,9,3,6,4,8,2,2,1,2,23,22,18,12,0,0,0,0,1,0,9,22,3,2,4,0,31,29,5,3,40,62,29.0,45.0,11.0,17.0,8.0,5.0,321,424,259.0,362.0,108,190,151,172,14.0,24.0,8.0,12.0,1.0,0.78,0.62,0.51,0.38,0.27,1.0,0.78,0.49,1.31,3,0,1,8,4,1,2,5,1,1,0.5886,0.0,0.052,0.5307,0.1602,0.0558,0.0757,0.1606,0.0311,0.0301,6,8,0,0,2,4,3,3,0,0,0.6795,0.5085,0.0,0.0,0.1111,0.1089,0.117,0.1598,0.0,0.0,11,15,17.65,16.71
4732530,2025-04-27,bra,2025,Brasileirao,6,Rafael Rodrigo Klein,10276,Vasco da Gama,9781,Cruzeiro,0,0,1,57,43,15,11,6,4,6,6,3,1,0,0,9,8,6,3,8,4,2,2,2,1,22,23,12,18,0,0,0,0,0,1,22,9,2,3,0,4,29,31,3,5,62,40,45.0,29.0,17.0,11.0,5.0,8.0,424,321,362.0,259.0,190,108,172,151,24.0,14.0,12.0,8.0,0.78,1.0,0.51,0.62,0.27,0.38,0.78,1.0,1.31,0.49,0,3,8,1,1,4,5,2,1,1,0.0,0.5886,0.5307,0.052,0.0558,0.1602,0.1606,0.0757,0.0301,0.0311,8,6,0,0,4,2,3,3,0,0,0.5085,0.6795,0.0,0.0,0.1089,0.1111,0.1598,0.117,0.0,0.0,15,11,16.71,17.65
4732532,2025-04-27,bra,2025,Brasileirao,6,Felipe Fernandes de Lima,7733,Vitoria,9769,Gremio,1,1,1,55,45,14,11,3,8,4,2,7,1,0,0,10,7,4,4,6,2,2,2,1,1,32,14,20,11,4,1,0,0,1,2,17,17,4,9,1,7,20,33,7,2,45,60,33.0,45.0,12.0,15.0,6.0,8.0,444,384,390.0,322.0,213,196,177,126,26.0,16.0,9.0,3.0,1.31,1.56,0.69,0.84,0.62,0.73,1.31,1.56,1.02,1.85,3,3,5,3,2,1,1,1,3,3,0.7141,1.3331,0.3535,0.2669,0.0687,0.0243,0.0126,0.0151,0.0677,0.0484,6,4,0,3,5,1,3,3,0,0,0.5991,0.1746,0.0,0.7869,0.2795,0.6808,0.338,0.0454,0.0,0.0,14,11,16.77,18.75
4732532,2025-04-27,bra,2025,Brasileirao,6,Felipe Fernandes de Lima,9769,Gremio,7733,Vitoria,0,1,1,45,55,11,14,8,3,2,4,1,7,0,0,7,10,4,4,2,6,2,2,1,1,14,32,11,20,1,4,0,0,2,1,17,17,9,4,7,1,33,20,2,7,60,45,45.0,33.0,15.0,12.0,8.0,6.0,384,444,322.0,390.0,196,213,126,177,16.0,26.0,3.0,9.0,1.56,1.31,0.84,0.69,0.73,0.62,1.56,1.31,1.85,1.02,3,3,3,5,1,2,1,1,3,3,1.3331,0.7141,0.2669,0.3535,0.0243,0.0687,0.0151,0.0126,0.0484,0.0677,4,6,3,0,1,5,3,3,0,0,0.1746,0.5991,0.7869,0.0,0.6808,0.2795,0.0454,0.338,0.0,0.0,11,14,18.75,16.77
4732535,2025-05-03,bra,2025,Brasileirao,7,Rafael Rodrigo Klein,9863,Fluminense,6305,Sport Recife,1,2,1,63,37,20,11,8,5,8,2,4,4,0,1,16,11,4,0,10,6,3,2,1,2,42,18,12,13,1,5,0,0,0,6,25,23,8,12,4,4,23,37,4,6,63,61,45.0,41.0,18.0,20.0,7.0,7.0,545,330,455.0,245.0,217,136,238,109,31.0,26.0,14.0,3.0,1.94,1.2,1.06,1.13,0.89,0.08,1.94,1.2,3.11,0.99,4,1,9,5,3,5,3,0,1,0,1.2365,0.3837,0.5018,0.4615,0.1067,0.2367,0.0769,0.0,0.0207,0.0,12,5,1,4,4,2,3,0,0,0,0.9945,0.4735,0.0612,0.5325,0.538,0.0759,0.3489,0.0,0.0,0.0,20,11,14.41,13.84
4732535,2025-05-03,bra,2025,Brasileirao,7,Rafael Rodrigo Klein,6305,Sport Recife,9863,Fluminense,0,1,2,37,63,11,20,5,8,2,8,4,4,1,0,11,16,0,4,6,10,2,3,2,1,18,42,13,12,5,1,0,0,6,0,23,25,12,8,4,4,37,23,6,4,61,63,41.0,45.0,20.0,18.0,7.0,7.0,330,545,245.0,455.0,136,217,109,238,26.0,31.0,3.0,14.0,1.2,1.94,1.13,1.06,0.08,0.89,1.2,1.94,0.99,3.11,1,4,5,9,5,3,0,3,0,1,0.3837,1.2365,0.4615,0.5018,0.2367,0.1067,0.0,0.0769,0.0,0.0207,5,12,4,1,2,4,0,3,0,0,0.4735,0.9945,0.5325,0.0612,0.0759,0.538,0.0,0.3489,0.0,0.0,11,20,13.84,14.41
4732537,2025-05-03,bra,2025,Brasileirao,7,Paulo Cesar Zanovelli da Silva,9808,Corinthians,8702,Internacional,1,4,2,65,35,22,8,9,4,8,3,5,1,2,0,15,5,7,3,3,7,6,2,3,0,26,13,11,13,3,1,0,1,3,3,5,19,9,7,0,5,15,27,2,5,44,53,25.0,38.0,19.0,15.0,8.0,9.0,571,306,512.0,235.0,266,139,246,96,46.0,7.0,10.0,5.0,3.89,0.87,2.93,0.69,0.16,0.17,3.1,0.87,3.87,1.26,4,1,9,3,2,1,4,1,3,2,1.6439,0.1564,1.9705,0.6243,0.0485,0.0272,0.1659,0.0154,0.057,0.0439,16,5,2,0,3,2,0,1,1,0,2.4621,0.7458,0.4712,0.0,0.1642,0.0555,0.0,0.066,0.7884,0.0,22,8,15.45,17.03
4732537,2025-05-03,bra,2025,Brasileirao,7,Paulo Cesar Zanovelli da Silva,8702,Internacional,9808,Corinthians,0,2,4,35,65,8,22,4,9,3,8,1,5,0,2,5,15,3,7,7,3,2,6,0,3,13,26,13,11,1,3,1,0,3,3,19,5,7,9,5,0,27,15,5,2,53,44,38.0,25.0,15.0,19.0,9.0,8.0,306,571,235.0,512.0,139,266,96,246,7.0,46.0,5.0,10.0,0.87,3.89,0.69,2.93,0.17,0.16,0.87,3.1,1.26,3.87,1,4,3,9,1,2,1,4,2,3,0.1564,1.6439,0.6243,1.9705,0.0272,0.0485,0.0154,0.1659,0.0439,0.057,5,16,0,2,2,3,1,0,0,1,0.7458,2.4621,0.0,0.4712,0.0555,0.1642,0.066,0.0,0.0,0.7884,8,22,17.03,15.45
4732538,2025-05-03,bra,2025,Brasileirao,7,Wagner do Nascimento Magalhães,10277,Sao Paulo,8287,Fortaleza,1,0,0,54,46,14,17,4,1,6,7,4,9,0,0,8,12,6,5,5,13,3,1,3,1,20,19,15,19,2,2,0,0,2,1,10,19,10,3,9,4,29,26,1,4,51,48,36.0,39.0,15.0,9.0,10.0,7.0,402,327,356.0,265.0,184,128,172,137,32.0,16.0,5.0,4.0,1.85,0.97,0.93,0.56,0.12,0.41,1.06,0.97,1.24,0.01,0,0,7,9,1,3,3,5,3,0,0.0,0.0,1.65,0.7522,0.0321,0.0972,0.1081,0.1241,0.0553,0.0,8,6,1,3,2,6,2,2,1,0,0.3642,0.3212,0.5705,0.2404,0.0364,0.2133,0.086,0.1985,0.7884,0.0,14,17,17.77,17.69
4732538,2025-05-03,bra,2025,Brasileirao,7,Wagner do Nascimento Magalhães,8287,Fortaleza,10277,Sao Paulo,0,0,0,46,54,17,14,1,4,7,6,9,4,0,0,12,8,5,6,13,5,1,3,1,3,19,20,19,15,2,2,0,0,1,2,19,10,3,10,4,9,26,29,4,1,48,51,39.0,36.0,9.0,15.0,7.0,10.0,327,402,265.0,356.0,128,184,137,172,16.0,32.0,4.0,5.0,0.97,1.85,0.56,0.93,0.41,0.12,0.97,1.06,0.01,1.24,0,0,9,7,3,1,5,3,0,3,0.0,0.0,0.7522,1.65,0.0972,0.0321,0.1241,0.1081,0.0,0.0553,6,8,3,1,6,2,2,2,0,1,0.3212,0.3642,0.2404,0.5705,0.2133,0.0364,0.1985,0.086,0.0,0.7884,17,14,17.69,17.77
4732543,2025-05-03,bra,2025,Brasileirao,7,Alex Gomes Stefano,172341,Ceara,7733,Vitoria,1,1,0,50,50,18,12,8,3,6,6,4,3,1,0,12,7,6,5,3,3,1,2,1,2,26,8,16,31,0,4,0,0,4,3,15,15,5,10,3,3,20,19,3,7,64,52,47.0,35.0,17.0,17.0,4.0,5.0,336,329,260.0,271.0,142,144,118,127,23.0,19.0,9.0,4.0,1.16,0.87,0.82,0.75,0.34,0.12,1.16,0.87,1.59,0.15,0,1,11,3,1,3,5,4,1,1,0.0,0.3857,0.8959,0.1365,0.0683,0.0689,0.1706,0.1387,0.0322,0.0146,8,9,2,0,2,1,6,2,0,0,0.7212,0.6281,0.102,0.0,0.0687,0.049,0.2751,0.0674,0.0,0.0,18,12,18.56,20.23
4732543,2025-05-03,bra,2025,Brasileirao,7,Alex Gomes Stefano,7733,Vitoria,172341,Ceara,0,0,1,50,50,12,18,3,8,6,6,3,4,0,1,7,12,5,6,3,3,2,1,2,1,8,26,31,16,4,0,0,0,3,4,15,15,10,5,3,3,19,20,7,3,52,64,35.0,47.0,17.0,17.0,5.0,4.0,329,336,271.0,260.0,144,142,127,118,19.0,23.0,4.0,9.0,0.87,1.16,0.75,0.82,0.12,0.34,0.87,1.16,0.15,1.59,1,0,3,11,3,1,4,5,1,1,0.3857,0.0,0.1365,0.8959,0.0689,0.0683,0.1387,0.1706,0.0146,0.0322,9,8,0,2,1,2,2,6,0,0,0.6281,0.7212,0.0,0.102,0.049,0.0687,0.0674,0.2751,0.0,0.0,12,18,20.23,18.56
4732536,2025-05-04,bra,2025,Brasileirao,7,Davi de Oliveira Lacerda,10276,Vasco da Gama,10283,Palmeiras,1,0,1,52,48,13,16,5,2,4,11,4,3,0,0,6,5,7,11,7,11,2,3,2,2,18,27,11,8,2,0,0,0,1,2,20,14,6,4,3,5,37,22,1,4,44,47,34.0,33.0,10.0,14.0,6.0,9.0,405,375,354.0,320.0,175,127,179,193,16.0,21.0,2.0,7.0,0.69,1.56,0.43,1.19,0.26,0.37,0.69,1.56,0.39,0.83,1,0,3,4,2,1,5,7,2,4,0.1138,0.0,0.2844,1.296,0.0717,0.0218,0.2318,0.1739,0.0678,0.0722,8,7,0,1,2,5,3,3,0,0,0.5122,0.6555,0.0,0.5383,0.0417,0.2852,0.2155,0.0849,0.0,0.0,13,16,19.84,21.87
4732536,2025-05-04,bra,2025,Brasileirao,7,Davi de Oliveira Lacerda,10283,Palmeiras,10276,Vasco da Gama,0,1,0,48,52,16,13,2,5,11,4,3,4,0,0,5,6,11,7,11,7,3,2,2,2,27,18,8,11,0,2,0,0,2,1,14,20,4,6,5,3,22,37,4,1,47,44,33.0,34.0,14.0,10.0,9.0,6.0,375,405,320.0,354.0,127,175,193,179,21.0,16.0,7.0,2.0,1.56,0.69,1.19,0.43,0.37,0.26,1.56,0.69,0.83,0.39,0,1,4,3,1,2,7,5,4,2,0.0,0.1138,1.296,0.2844,0.0218,0.0717,0.1739,0.2318,0.0722,0.0678,7,8,1,0,5,2,3,3,0,0,0.6555,0.5122,0.5383,0.0,0.2852,0.0417,0.0849,0.2155,0.0,0.0,16,13,21.87,19.84
4732540,2025-05-04,bra,2025,Brasileirao,7,Wilton Pereira Sampaio,9781,Cruzeiro,9770,Flamengo,1,2,1,41,59,17,6,11,4,2,2,4,0,1,0,11,4,6,2,6,5,4,1,3,1,19,14,18,9,4,2,0,0,2,1,24,10,10,6,0,4,27,20,3,9,52,45,40.0,32.0,12.0,13.0,9.0,5.0,342,510,278.0,442.0,136,236,142,206,14.0,25.0,6.0,4.0,1.2,0.23,0.37,0.11,0.05,0.11,0.41,0.23,1.9,0.42,1,0,6,4,4,0,6,1,0,1,0.0292,0.0,0.8979,0.1687,0.0922,0.0,0.2057,0.085,0.0,0.0177,9,3,4,0,2,1,1,2,1,0,0.1572,0.1126,0.2097,0.0,0.0404,0.1173,0.0292,0.0414,0.7884,0.0,17,6,16.56,15.15
4732540,2025-05-04,bra,2025,Brasileirao,7,Wilton Pereira Sampaio,9770,Flamengo,9781,Cruzeiro,0,1,2,59,41,6,17,4,11,2,2,0,4,0,1,4,11,2,6,5,6,1,4,1,3,14,19,9,18,2,4,0,0,1,2,10,24,6,10,4,0,20,27,9,3,45,52,32.0,40.0,13.0,12.0,5.0,9.0,510,342,442.0,278.0,236,136,206,142,25.0,14.0,4.0,6.0,0.23,1.2,0.11,0.37,0.11,0.05,0.23,0.41,0.42,1.9,0,1,4,6,0,4,1,6,1,0,0.0,0.0292,0.1687,0.8979,0.0,0.0922,0.085,0.2057,0.0177,0.0,3,9,0,4,1,2,2,1,0,1,0.1126,0.1572,0.0,0.2097,0.1173,0.0404,0.0414,0.0292,0.0,0.7884,6,17,15.15,16.56
4732541,2025-05-04,bra,2025,Brasileirao,7,Bruno Arleu de Araújo,9769,Gremio,8514,Santos FC,1,1,0,45,55,8,13,3,1,3,7,2,5,0,0,5,6,3,7,3,6,2,1,1,1,11,23,10,19,5,3,0,0,0,3,22,24,9,11,5,2,40,30,1,2,62,64,50.0,42.0,12.0,22.0,10.0,9.0,361,435,285.0,375.0,170,196,115,179,11.0,21.0,2.0,5.0,0.6,0.57,0.48,0.4,0.12,0.17,0.6,0.57,0.75,0.04,0,0,3,6,2,0,2,4,1,3,0.0,0.0,0.1263,0.2966,0.3511,0.0,0.0833,0.181,0.0199,0.0974,5,6,0,1,0,3,3,3,0,0,0.4629,0.3371,0.0,0.0677,0.0,0.0596,0.1176,0.1106,0.0,0.0,8,13,16.46,17.74
4732541,2025-05-04,bra,2025,Brasileirao,7,Bruno Arleu de Araújo,8514,Santos FC,9769,Gremio,0,0,1,55,45,13,8,1,3,7,3,5,2,0,0,6,5,7,3,6,3,1,2,1,1,23,11,19,10,3,5,0,0,3,0,24,22,11,9,2,5,30,40,2,1,64,62,42.0,50.0,22.0,12.0,9.0,10.0,435,361,375.0,285.0,196,170,179,115,21.0,11.0,5.0,2.0,0.57,0.6,0.4,0.48,0.17,0.12,0.57,0.6,0.04,0.75,0,0,6,3,0,2,4,2,3,1,0.0,0.0,0.2966,0.1263,0.0,0.3511,0.181,0.0833,0.0974,0.0199,6,5,1,0,3,0,3,3,0,0,0.3371,0.4629,0.0677,0.0,0.0596,0.0,0.1106,0.1176,0.0,0.0,13,8,17.74,16.46
4732542,2025-05-04,bra,2025,Brasileirao,7,Flavio Rodrigues De Souza,7877,Bahia,8517,Botafogo RJ,1,1,0,48,52,9,16,2,4,4,4,3,8,1,0,5,10,4,6,3,3,4,2,3,2,21,21,11,7,3,4,0,0,2,0,16,11,14,5,6,2,32,25,4,1,38,41,30.0,30.0,8.0,11.0,9.0,9.0,431,455,368.0,387.0,194,192,174,195,20.0,25.0,1.0,4.0,2.21,1.5,2.06,1.42,0.15,0.08,2.21,1.5,1.64,0.9,1,0,2,5,2,5,2,3,2,3,0.8302,0.0,0.6805,1.036,0.0367,0.3122,0.5896,0.0702,0.0597,0.0856,6,12,1,1,0,0,2,3,0,0,1.5928,0.7391,0.469,0.6804,0.0,0.0,0.135,0.0846,0.0,0.0,9,16,16.18,19.79
4732542,2025-05-04,bra,2025,Brasileirao,7,Flavio Rodrigues De Souza,8517,Botafogo RJ,7877,Bahia,0,0,1,52,48,16,9,4,2,4,4,8,3,0,1,10,5,6,4,3,3,2,4,2,3,21,21,7,11,4,3,0,0,0,2,11,16,5,14,2,6,25,32,1,4,41,38,30.0,30.0,11.0,8.0,9.0,9.0,455,431,387.0,368.0,192,194,195,174,25.0,20.0,4.0,1.0,1.5,2.21,1.42,2.06,0.08,0.15,1.5,2.21,0.9,1.64,0,1,5,2,5,2,3,2,3,2,0.0,0.8302,1.036,0.6805,0.3122,0.0367,0.0702,0.5896,0.0856,0.0597,12,6,1,1,0,0,3,2,0,0,0.7391,1.5928,0.6804,0.469,0.0,0.0,0.0846,0.135,0.0,0.0,16,9,19.79,16.18
4732539,2025-05-05,bra,2025,Brasileirao,7,Lucas Canetto Bellote,109705,Red Bull Bragantino,163782,Mirassol,1,1,0,53,47,15,12,4,3,7,6,4,3,1,0,7,6,8,6,4,4,1,0,0,0,25,23,8,12,2,3,0,0,1,0,17,18,9,11,3,4,28,18,3,3,60,56,45.0,41.0,15.0,15.0,18.0,15.0,511,446,442.0,363.0,217,196,225,167,27.0,21.0,1.0,4.0,0.77,0.46,0.7,0.41,0.07,0.05,0.77,0.46,1.49,0.91,0,0,2,5,5,1,4,4,4,2,0.0,0.0,0.2188,0.2592,0.2395,0.0344,0.2162,0.1265,0.0973,0.0378,11,8,1,2,2,2,1,0,0,0,0.6345,0.3361,0.0643,0.0727,0.0364,0.049,0.0367,0.0,0.0,0.0,15,12,21.38,22.06
4732539,2025-05-05,bra,2025,Brasileirao,7,Lucas Canetto Bellote,163782,Mirassol,109705,Red Bull Bragantino,0,0,1,47,53,12,15,3,4,6,7,3,4,0,1,6,7,6,8,4,4,0,1,0,0,23,25,12,8,3,2,0,0,0,1,18,17,11,9,4,3,18,28,3,3,56,60,41.0,45.0,15.0,15.0,15.0,18.0,446,511,363.0,442.0,196,217,167,225,21.0,27.0,4.0,1.0,0.46,0.77,0.41,0.7,0.05,0.07,0.46,0.77,0.91,1.49,0,0,5,2,1,5,4,4,2,4,0.0,0.0,0.2592,0.2188,0.0344,0.2395,0.1265,0.2162,0.0378,0.0973,8,11,2,1,2,2,0,1,0,0,0.3361,0.6345,0.0727,0.0643,0.049,0.0364,0.0,0.0367,0.0,0.0,12,15,22.06,21.38
4732544,2025-05-05,bra,2025,Brasileirao,7,Bruno Pereira Vasconcelos,10274,Juventude,10272,Atletico MG,1,0,1,45,55,13,26,6,7,4,4,3,15,0,0,6,19,7,7,3,5,2,1,2,1,17,41,12,16,2,2,0,0,2,3,16,16,7,20,16,4,21,44,6,5,57,55,38.0,38.0,19.0,17.0,7.0,12.0,347,431,253.0,350.0,158,170,95,180,18.0,41.0,3.0,2.0,0.81,1.86,0.62,1.81,0.19,0.06,0.81,1.86,0.83,0.84,1,1,5,7,0,11,3,3,4,4,0.1376,0.1325,0.4002,0.6721,0.0,0.6132,0.1184,0.083,0.1502,0.0827,10,21,1,3,2,2,0,0,0,0,0.5092,1.3231,0.1109,0.1924,0.1862,0.0678,0.0,0.0,0.0,0.0,13,26,21.24,17.74
4732544,2025-05-05,bra,2025,Brasileirao,7,Bruno Pereira Vasconcelos,10272,Atletico MG,10274,Juventude,0,1,0,55,45,26,13,7,6,4,4,15,3,0,0,19,6,7,7,5,3,1,2,1,2,41,17,16,12,2,2,0,0,3,2,16,16,20,7,4,16,44,21,5,6,55,57,38.0,38.0,17.0,19.0,12.0,7.0,431,347,350.0,253.0,170,158,180,95,41.0,18.0,2.0,3.0,1.86,0.81,1.81,0.62,0.06,0.19,1.86,0.81,0.84,0.83,1,1,7,5,11,0,3,3,4,4,0.1325,0.1376,0.6721,0.4002,0.6132,0.0,0.083,0.1184,0.0827,0.1502,21,10,3,1,2,2,0,0,0,0,1.3231,0.5092,0.1924,0.1109,0.0678,0.1862,0.0,0.0,0.0,0.0,26,13,17.74,21.24
4732549,2025-05-10,bra,2025,Brasileirao,8,João Vitor Gobi,163782,Mirassol,9808,Corinthians,1,2,1,37,63,14,10,5,3,6,3,3,4,0,1,8,5,6,5,4,5,4,2,2,1,13,11,14,19,2,5,0,0,4,0,11,19,9,8,3,2,27,12,2,3,39,47,30.0,37.0,9.0,10.0,3.0,6.0,293,508,242.0,440.0,131,277,111,163,23.0,34.0,2.0,3.0,2.68,1.35,2.04,0.37,0.64,0.19,2.68,0.56,2.36,1.91,3,2,2,2,3,1,2,3,4,2,2.1686,0.2897,0.2178,0.9184,0.1122,0.0243,0.087,0.0573,0.0935,0.0609,7,7,0,0,1,2,6,0,0,1,2.035,0.3688,0.0,0.0,0.4145,0.1932,0.2296,0.0,0.0,0.7884,14,10,21.09,18.19
4732549,2025-05-10,bra,2025,Brasileirao,8,João Vitor Gobi,9808,Corinthians,163782,Mirassol,0,1,2,63,37,10,14,3,5,3,6,4,3,1,0,5,8,5,6,5,4,2,4,1,2,11,13,19,14,5,2,0,0,0,4,19,11,8,9,2,3,12,27,3,2,47,39,37.0,30.0,10.0,9.0,6.0,3.0,508,293,440.0,242.0,277,131,163,111,34.0,23.0,3.0,2.0,1.35,2.68,0.37,2.04,0.19,0.64,0.56,2.68,1.91,2.36,2,3,2,2,1,3,3,2,2,4,0.2897,2.1686,0.9184,0.2178,0.0243,0.1122,0.0573,0.087,0.0609,0.0935,7,7,0,0,2,1,0,6,1,0,0.3688,2.035,0.0,0.0,0.1932,0.4145,0.0,0.2296,0.7884,0.0,10,14,18.19,21.09
4732551,2025-05-10,bra,2025,Brasileirao,8,Davi de Oliveira Lacerda,9769,Gremio,109705,Red Bull Bragantino,1,1,1,38,62,16,11,3,3,7,7,6,1,1,0,7,8,9,3,6,4,0,3,0,2,19,23,14,11,1,3,0,0,0,4,21,16,10,10,1,6,17,34,2,2,47,54,36.0,34.0,11.0,20.0,4.0,6.0,290,485,210.0,412.0,140,220,70,192,24.0,26.0,1.0,4.0,0.61,0.89,0.42,0.78,0.2,0.11,0.61,0.89,0.67,1.14,0,3,5,4,2,1,4,0,5,3,0.0,0.6064,0.3271,0.2786,0.0415,0.0328,0.1717,0.0,0.074,0.0436,6,7,4,0,3,3,3,1,0,0,0.2833,0.6695,0.1326,0.0,0.1065,0.1837,0.092,0.1081,0.0,0.0,16,11,21.42,17.27
4732551,2025-05-10,bra,2025,Brasileirao,8,Davi de Oliveira Lacerda,109705,Red Bull Bragantino,9769,Gremio,0,1,1,62,38,11,16,3,3,7,7,1,6,0,1,8,7,3,9,4,6,3,0,2,0,23,19,11,14,3,1,0,0,4,0,16,21,10,10,6,1,34,17,2,2,54,47,34.0,36.0,20.0,11.0,6.0,4.0,485,290,412.0,210.0,220,140,192,70,26.0,24.0,4.0,1.0,0.89,0.61,0.78,0.42,0.11,0.2,0.89,0.61,1.14,0.67,3,0,4,5,1,2,0,4,3,5,0.6064,0.0,0.2786,0.3271,0.0328,0.0415,0.0,0.1717,0.0436,0.074,7,6,0,4,3,3,1,3,0,0,0.6695,0.2833,0.0,0.1326,0.1837,0.1065,0.1081,0.092,0.0,0.0,11,16,17.27,21.42
4732552,2025-05-10,bra,2025,Brasileirao,8,Wilton Pereira Sampaio,7733,Vitoria,10276,Vasco da Gama,1,2,1,36,64,12,16,4,5,4,6,4,5,1,0,7,10,5,6,6,3,3,1,1,1,14,24,7,17,1,3,1,0,1,0,7,6,5,4,4,4,28,26,4,2,44,29,33.0,18.0,11.0,11.0,10.0,5.0,337,623,280.0,572.0,165,205,115,367,20.0,24.0,4.0,9.0,1.53,0.67,0.28,0.42,1.25,0.24,1.53,0.67,1.68,0.77,2,0,3,8,2,2,3,3,2,3,1.1463,0.0,0.2208,0.387,0.0626,0.0767,0.0975,0.1566,0.0418,0.0467,6,11,1,0,3,3,2,2,0,0,0.2342,0.4238,0.0439,0.0,0.7797,0.0896,0.5115,0.1536,0.0,0.0,12,16,16.71,17.38
4732552,2025-05-10,bra,2025,Brasileirao,8,Wilton Pereira Sampaio,10276,Vasco da Gama,7733,Vitoria,0,1,2,64,36,16,12,5,4,6,4,5,4,0,1,10,7,6,5,3,6,1,3,1,1,24,14,17,7,3,1,0,1,0,1,6,7,4,5,4,4,26,28,2,4,29,44,18.0,33.0,11.0,11.0,5.0,10.0,623,337,572.0,280.0,205,165,367,115,24.0,20.0,9.0,4.0,0.67,1.53,0.42,0.28,0.24,1.25,0.67,1.53,0.77,1.68,0,2,8,3,2,2,3,3,3,2,0.0,1.1463,0.387,0.2208,0.0767,0.0626,0.1566,0.0975,0.0467,0.0418,11,6,0,1,3,3,2,2,0,0,0.4238,0.2342,0.0,0.0439,0.0896,0.7797,0.1536,0.5115,0.0,0.0,16,12,17.38,16.71
4732553,2025-05-10,bra,2025,Brasileirao,8,Lucas Paulo Torezin,8287,Fortaleza,10274,Juventude,1,5,0,49,51,20,4,13,1,5,1,2,2,1,0,16,2,4,2,5,4,7,0,4,0,27,13,13,14,3,4,0,0,0,3,31,7,14,5,1,1,21,24,1,8,60,35,52.0,27.0,8.0,8.0,8.0,7.0,334,353,265.0,274.0,145,202,120,72,23.0,20.0,8.0,0.0,3.08,0.12,2.9,0.07,0.18,0.05,3.08,0.12,5.38,0.03,2,0,11,1,3,1,3,1,1,1,1.0729,0.0,1.8609,0.0703,0.0613,0.0243,0.0653,0.0386,0.0187,0.0115,14,2,1,0,3,1,2,1,0,0,2.675,0.0501,0.226,0.0,0.1263,0.0703,0.0518,0.0243,0.0,0.0,20,4,16.96,21.58
4732553,2025-05-10,bra,2025,Brasileirao,8,Lucas Paulo Torezin,10274,Juventude,8287,Fortaleza,0,0,5,51,49,4,20,1,13,1,5,2,2,0,1,2,16,2,4,4,5,0,7,0,4,13,27,14,13,4,3,0,0,3,0,7,31,5,14,1,1,24,21,8,1,35,60,27.0,52.0,8.0,8.0,7.0,8.0,353,334,274.0,265.0,202,145,72,120,20.0,23.0,0.0,8.0,0.12,3.08,0.07,2.9,0.05,0.18,0.12,3.08,0.03,5.38,0,2,1,11,1,3,1,3,1,1,0.0,1.0729,0.0703,1.8609,0.0243,0.0613,0.0386,0.0653,0.0115,0.0187,2,14,0,1,1,3,1,2,0,0,0.0501,2.675,0.0,0.226,0.0703,0.1263,0.0243,0.0518,0.0,0.0,4,20,21.58,16.96
4732545,2025-05-11,bra,2025,Brasileirao,8,Anderson Daronco,9770,Flamengo,7877,Bahia,1,1,0,61,39,14,6,5,2,3,4,6,0,2,0,13,4,1,2,8,2,3,1,2,1,28,11,11,9,0,1,1,0,3,1,18,16,5,6,0,7,11,25,2,3,46,46,35.0,35.0,11.0,11.0,9.0,9.0,541,350,489.0,294.0,178,192,311,102,28.0,14.0,5.0,3.0,1.62,0.47,1.45,0.26,0.17,0.21,1.62,0.47,0.59,0.3,2,0,7,2,4,2,0,1,1,1,0.3736,0.0,1.2287,0.214,0.1326,0.1943,0.0,0.042,0.0129,0.0221,10,4,0,0,4,1,0,1,0,0,1.5757,0.2584,0.0,0.0,0.1721,0.1769,0.0,0.0371,0.0,0.0,14,6,12.88,16.82
4732545,2025-05-11,bra,2025,Brasileirao,8,Anderson Daronco,7877,Bahia,9770,Flamengo,0,0,1,39,61,6,14,2,5,4,3,0,6,0,2,4,13,2,1,2,8,1,3,1,2,11,28,9,11,1,0,0,1,1,3,16,18,6,5,7,0,25,11,3,2,46,46,35.0,35.0,11.0,11.0,9.0,9.0,350,541,294.0,489.0,192,178,102,311,14.0,28.0,3.0,5.0,0.47,1.62,0.26,1.45,0.21,0.17,0.47,1.62,0.3,0.59,0,2,2,7,2,4,1,0,1,1,0.0,0.3736,0.214,1.2287,0.1943,0.1326,0.042,0.0,0.0221,0.0129,4,10,0,0,1,4,1,0,0,0,0.2584,1.5757,0.0,0.0,0.1769,0.1721,0.0371,0.0,0.0,0.0,6,14,16.82,12.88
4732546,2025-05-11,bra,2025,Brasileirao,8,Matheus Delgado Candançan,8517,Botafogo RJ,8702,Internacional,1,4,0,44,56,12,19,6,5,4,8,2,6,0,0,10,9,2,10,2,7,2,1,2,1,16,20,11,10,0,1,0,0,2,1,19,11,9,8,6,3,26,19,5,1,45,45,32.0,32.0,13.0,13.0,6.0,10.0,405,519,324.0,448.0,182,275,142,173,25.0,20.0,0.0,4.0,1.19,1.01,1.19,0.87,0.0,0.14,1.19,1.01,1.52,0.31,0,1,6,5,4,3,2,6,0,4,0.0,0.377,0.92,0.2586,0.2311,0.1039,0.0421,0.1819,0.0,0.0845,8,12,4,2,0,2,0,3,0,0,0.7896,0.8181,0.4037,0.0519,0.0,0.0383,0.0,0.0977,0.0,0.0,12,19,16.8,22.61
4732546,2025-05-11,bra,2025,Brasileirao,8,Matheus Delgado Candançan,8702,Internacional,8517,Botafogo RJ,0,0,4,56,44,19,12,5,6,8,4,6,2,0,0,9,10,10,2,7,2,1,2,1,2,20,16,10,11,1,0,0,0,1,2,11,19,8,9,3,6,19,26,1,5,45,45,32.0,32.0,13.0,13.0,10.0,6.0,519,405,448.0,324.0,275,182,173,142,20.0,25.0,4.0,0.0,1.01,1.19,0.87,1.19,0.14,0.0,1.01,1.19,0.31,1.52,1,0,5,6,3,4,6,2,4,0,0.377,0.0,0.2586,0.92,0.1039,0.2311,0.1819,0.0421,0.0845,0.0,12,8,2,4,2,0,3,0,0,0,0.8181,0.7896,0.0519,0.4037,0.0383,0.0,0.0977,0.0,0.0,0.0,19,12,22.61,16.8
4732547,2025-05-11,bra,2025,Brasileirao,8,Rafael Rodrigo Klein,10283,Palmeiras,10277,Sao Paulo,1,1,0,57,43,17,6,4,2,10,2,3,2,0,0,8,5,9,1,10,1,1,1,0,1,30,11,12,16,1,2,0,0,2,0,21,28,10,8,2,3,24,41,2,3,64,68,43.0,43.0,21.0,25.0,7.0,4.0,460,362,375.0,275.0,177,185,198,90,23.0,15.0,10.0,1.0,1.43,0.69,1.24,0.57,0.18,0.12,1.43,0.69,1.64,0.93,2,0,5,5,1,0,4,1,5,0,0.6447,0.0,0.5146,0.8545,0.0077,0.0,0.2223,0.0162,0.1151,0.0,10,3,2,1,3,0,2,2,0,0,1.2021,0.3735,0.1329,0.3773,0.0991,0.0,0.0704,0.1199,0.0,0.0,17,6,19.47,17.2
4732547,2025-05-11,bra,2025,Brasileirao,8,Rafael Rodrigo Klein,10277,Sao Paulo,10283,Palmeiras,0,0,1,43,57,6,17,2,4,2,10,2,3,0,0,5,8,1,9,1,10,1,1,1,0,11,30,16,12,2,1,0,0,0,2,28,21,8,10,3,2,41,24,3,2,68,64,43.0,43.0,25.0,21.0,4.0,7.0,362,460,275.0,375.0,185,177,90,198,15.0,23.0,1.0,10.0,0.69,1.43,0.57,1.24,0.12,0.18,0.69,1.43,0.93,1.64,0,2,5,5,0,1,1,4,0,5,0.0,0.6447,0.8545,0.5146,0.0,0.0077,0.0162,0.2223,0.0,0.1151,3,10,1,2,0,3,2,2,0,0,0.3735,1.2021,0.3773,0.1329,0.0,0.0991,0.1199,0.0704,0.0,0.0,6,17,17.2,19.47
4732550,2025-05-11,bra,2025,Brasileirao,8,Ramon Abatti,10272,Atletico MG,9863,Fluminense,1,3,2,55,45,14,5,5,2,5,2,4,1,0,0,9,1,5,4,10,0,3,1,2,0,20,6,15,7,2,2,0,0,3,0,22,14,17,7,1,4,12,33,0,2,54,40,37.0,32.0,17.0,8.0,9.0,3.0,459,395,391.0,320.0,195,223,196,97,13.0,19.0,9.0,0.0,2.4,0.72,1.89,0.67,0.51,0.05,2.4,0.72,2.65,0.74,4,0,3,1,2,0,3,1,2,3,2.03,0.0,0.1638,0.4988,0.0483,0.0,0.129,0.1526,0.048,0.0631,8,3,0,0,5,0,1,2,0,0,1.9126,0.6717,0.0,0.0,0.4713,0.0,0.0351,0.0429,0.0,0.0,14,5,15.02,21.89
4732550,2025-05-11,bra,2025,Brasileirao,8,Ramon Abatti,9863,Fluminense,10272,Atletico MG,0,2,3,45,55,5,14,2,5,2,5,1,4,0,0,1,9,4,5,0,10,1,3,0,2,6,20,7,15,2,2,0,0,0,3,14,22,7,17,4,1,33,12,2,0,40,54,32.0,37.0,8.0,17.0,3.0,9.0,395,459,320.0,391.0,223,195,97,196,19.0,13.0,0.0,9.0,0.72,2.4,0.67,1.89,0.05,0.51,0.72,2.4,0.74,2.65,0,4,1,3,0,2,1,3,3,2,0.0,2.03,0.4988,0.1638,0.0,0.0483,0.1526,0.129,0.0631,0.048,3,8,0,0,0,5,2,1,0,0,0.6717,1.9126,0.0,0.0,0.0,0.4713,0.0429,0.0351,0.0,0.0,5,14,21.89,15.02
4732554,2025-05-11,bra,2025,Brasileirao,8,Raphael Claus,6305,Sport Recife,9781,Cruzeiro,1,0,4,46,54,11,17,4,6,7,9,0,2,0,1,6,9,5,8,7,4,1,1,1,0,25,20,11,5,1,0,0,0,0,2,14,17,11,7,2,0,14,27,3,4,34,45,22.0,38.0,12.0,7.0,2.0,10.0,409,508,332.0,431.0,156,266,176,165,25.0,19.0,7.0,4.0,1.01,1.28,0.69,1.03,0.32,0.25,1.01,1.28,1.23,1.5,2,0,3,7,1,2,0,5,5,3,0.2547,0.0,0.595,1.0544,0.0168,0.0736,0.0,0.2075,0.1422,0.0934,6,13,1,0,2,3,2,1,0,0,0.6513,1.1419,0.0421,0.0,0.1035,0.1931,0.2118,0.0939,0.0,0.0,11,17,18.78,17.52
4732554,2025-05-11,bra,2025,Brasileirao,8,Raphael Claus,9781,Cruzeiro,6305,Sport Recife,0,4,0,54,46,17,11,6,4,9,7,2,0,1,0,9,6,8,5,4,7,1,1,0,1,20,25,5,11,0,1,0,0,2,0,17,14,7,11,0,2,27,14,4,3,45,34,38.0,22.0,7.0,12.0,10.0,2.0,508,409,431.0,332.0,266,156,165,176,19.0,25.0,4.0,7.0,1.28,1.01,1.03,0.69,0.25,0.32,1.28,1.01,1.5,1.23,0,2,7,3,2,1,5,0,3,5,0.0,0.2547,1.0544,0.595,0.0736,0.0168,0.2075,0.0,0.0934,0.1422,13,6,0,1,3,2,1,2,0,0,1.1419,0.6513,0.0,0.0421,0.1931,0.1035,0.0939,0.2118,0.0,0.0,17,11,17.52,18.78
4732548,2025-05-12,bra,2025,Brasileirao,8,Felipe Fernandes de Lima,8514,Santos FC,172341,Ceara,1,0,0,66,34,14,13,1,6,6,7,7,0,0,0,6,8,8,5,9,6,0,1,0,1,21,11,11,21,1,2,0,0,5,3,10,14,4,8,0,6,13,44,6,1,55,46,40.0,28.0,15.0,18.0,11.0,3.0,482,243,398.0,185.0,198,113,200,72,24.0,18.0,9.0,5.0,0.59,0.75,0.47,0.61,0.12,0.14,0.59,0.75,0.26,0.6,0,0,6,7,0,1,7,1,1,4,0.0,0.0,0.4153,0.5853,0.0,0.0874,0.1584,0.0441,0.0121,0.0594,8,6,0,2,5,5,1,0,0,0,0.4671,0.2726,0.0,0.3623,0.1073,0.1413,0.0114,0.0,0.0,0.0,14,13,19.23,18.06
4732548,2025-05-12,bra,2025,Brasileirao,8,Felipe Fernandes de Lima,172341,Ceara,8514,Santos FC,0,0,0,34,66,13,14,6,1,7,6,0,7,0,0,8,6,5,8,6,9,1,0,1,0,11,21,21,11,2,1,0,0,3,5,14,10,8,4,6,0,44,13,1,6,46,55,28.0,40.0,18.0,15.0,3.0,11.0,243,482,185.0,398.0,113,198,72,200,18.0,24.0,5.0,9.0,0.75,0.59,0.61,0.47,0.14,0.12,0.75,0.59,0.6,0.26,0,0,7,6,1,0,1,7,4,1,0.0,0.0,0.5853,0.4153,0.0874,0.0,0.0441,0.1584,0.0594,0.0121,6,8,2,0,5,5,0,1,0,0,0.2726,0.4671,0.3623,0.0,0.1413,0.1073,0.0,0.0114,0.0,0.0,13,14,18.06,19.23
4732556,2025-05-17,bra,2025,Brasileirao,9,Anderson Daronco,10276,Vasco da Gama,8287,Fortaleza,1,3,0,50,50,14,10,7,3,4,6,3,1,1,0,7,4,7,6,4,7,2,1,0,1,22,18,12,11,2,1,1,1,3,1,10,17,2,5,1,3,38,18,3,4,44,42,31.0,34.0,13.0,8.0,13.0,6.0,412,393,355.0,325.0,191,143,164,182,23.0,21.0,5.0,2.0,1.69,0.82,1.6,0.72,0.09,0.1,1.69,0.82,2.74,0.42,1,0,3,1,3,3,2,3,5,3,0.565,0.0,0.8118,0.5497,0.1127,0.1314,0.1099,0.0594,0.0914,0.0796,11,6,0,1,2,1,1,2,0,0,1.604,0.7149,0.0,0.02,0.06,0.0133,0.0268,0.0718,0.0,0.0,14,10,20.69,23.32
4732556,2025-05-17,bra,2025,Brasileirao,9,Anderson Daronco,8287,Fortaleza,10276,Vasco da Gama,0,0,3,50,50,10,14,3,7,6,4,1,3,0,1,4,7,6,7,7,4,1,2,1,0,18,22,11,12,1,2,1,1,1,3,17,10,5,2,3,1,18,38,4,3,42,44,34.0,31.0,8.0,13.0,6.0,13.0,393,412,325.0,355.0,143,191,182,164,21.0,23.0,2.0,5.0,0.82,1.69,0.72,1.6,0.1,0.09,0.82,1.69,0.42,2.74,0,1,1,3,3,3,3,2,3,5,0.0,0.565,0.5497,0.8118,0.1314,0.1127,0.0594,0.1099,0.0796,0.0914,6,11,1,0,1,2,2,1,0,0,0.7149,1.604,0.02,0.0,0.0133,0.06,0.0718,0.0268,0.0,0.0,10,14,23.32,20.69
4732563,2025-05-17,bra,2025,Brasileirao,9,Gustavo Ervino Bauermann,172341,Ceara,6305,Sport Recife,1,2,0,42,58,7,9,3,4,2,4,2,1,0,0,3,4,4,5,5,8,1,1,0,1,11,22,14,16,1,4,0,0,3,2,22,10,5,5,1,2,31,38,4,1,56,51,41.0,28.0,15.0,23.0,6.0,5.0,331,452,263.0,376.0,163,160,100,216,28.0,15.0,2.0,9.0,0.49,0.38,0.35,0.3,0.14,0.08,0.49,0.38,0.88,1.41,0,0,3,3,0,1,2,3,2,2,0.0,0.0,0.3778,0.1773,0.0,0.0289,0.0491,0.1183,0.0588,0.0575,4,6,1,0,0,2,2,1,0,0,0.3376,0.2991,0.0298,0.0,0.0,0.058,0.1184,0.0251,0.0,0.0,7,9,22.09,18.65
4732563,2025-05-17,bra,2025,Brasileirao,9,Gustavo Ervino Bauermann,6305,Sport Recife,172341,Ceara,0,0,2,58,42,9,7,4,3,4,2,1,2,0,0,4,3,5,4,8,5,1,1,1,0,22,11,16,14,4,1,0,0,2,3,10,22,5,5,2,1,38,31,1,4,51,56,28.0,41.0,23.0,15.0,5.0,6.0,452,331,376.0,263.0,160,163,216,100,15.0,28.0,9.0,2.0,0.38,0.49,0.3,0.35,0.08,0.14,0.38,0.49,1.41,0.88,0,0,3,3,1,0,3,2,2,2,0.0,0.0,0.1773,0.3778,0.0289,0.0,0.1183,0.0491,0.0575,0.0588,6,4,0,1,2,0,1,2,0,0,0.2991,0.3376,0.0,0.0298,0.058,0.0,0.0251,0.1184,0.0,0.0,9,7,18.65,22.09
4732555,2025-05-18,bra,2025,Brasileirao,9,Bruno Arleu de Araújo,9770,Flamengo,8517,Botafogo RJ,1,0,0,60,40,15,8,3,2,4,5,8,1,0,0,8,7,7,1,7,3,1,2,1,2,27,14,9,23,1,5,0,0,2,2,7,20,11,6,1,8,17,31,2,3,55,50,37.0,34.0,18.0,16.0,7.0,5.0,523,358,466.0,294.0,255,208,211,86,44.0,26.0,5.0,5.0,0.67,0.54,0.42,0.34,0.25,0.2,0.67,0.54,0.68,0.47,0,1,5,4,3,2,2,0,5,1,0.0,0.0474,0.4629,0.3408,0.0639,0.0671,0.0505,0.0,0.0951,0.0176,12,6,0,0,3,2,0,0,0,0,0.4245,0.3657,0.0,0.0,0.2478,0.1072,0.0,0.0,0.0,0.0,15,8,22.22,15.38
4732555,2025-05-18,bra,2025,Brasileirao,9,Bruno Arleu de Araújo,8517,Botafogo RJ,9770,Flamengo,0,0,0,40,60,8,15,2,3,5,4,1,8,0,0,7,8,1,7,3,7,2,1,2,1,14,27,23,9,5,1,0,0,2,2,20,7,6,11,8,1,31,17,3,2,50,55,34.0,37.0,16.0,18.0,5.0,7.0,358,523,294.0,466.0,208,255,86,211,26.0,44.0,5.0,5.0,0.54,0.67,0.34,0.42,0.2,0.25,0.54,0.67,0.47,0.68,1,0,4,5,2,3,0,2,1,5,0.0474,0.0,0.3408,0.4629,0.0671,0.0639,0.0,0.0505,0.0176,0.0951,6,12,0,0,2,3,0,0,0,0,0.3657,0.4245,0.0,0.0,0.1072,0.2478,0.0,0.0,0.0,0.0,8,15,15.38,22.22
4732557,2025-05-18,bra,2025,Brasileirao,9,Raphael Claus,9808,Corinthians,8514,Santos FC,1,1,0,62,38,11,6,2,1,5,3,4,2,0,0,5,4,6,2,5,3,1,1,0,1,9,13,8,14,2,4,0,1,0,0,12,16,3,6,2,4,23,18,1,1,45,38,34.0,30.0,11.0,8.0,9.0,7.0,530,324,486.0,268.0,269,162,217,106,34.0,12.0,5.0,3.0,0.74,0.68,0.61,0.19,0.14,0.49,0.74,0.68,0.66,0.52,1,1,4,3,0,0,6,2,0,0,0.2766,0.454,0.2211,0.1896,0.0,0.0,0.2426,0.0951,0.0,0.0,7,2,1,0,0,2,3,2,0,0,0.5208,0.1229,0.0841,0.0,0.0,0.4755,0.1354,0.1402,0.0,0.0,11,6,18.36,15.55
4732557,2025-05-18,bra,2025,Brasileirao,9,Raphael Claus,8514,Santos FC,9808,Corinthians,0,0,1,38,62,6,11,1,2,3,5,2,4,0,0,4,5,2,6,3,5,1,1,1,0,13,9,14,8,4,2,1,0,0,0,16,12,6,3,4,2,18,23,1,1,38,45,30.0,34.0,8.0,11.0,7.0,9.0,324,530,268.0,486.0,162,269,106,217,12.0,34.0,3.0,5.0,0.68,0.74,0.19,0.61,0.49,0.14,0.68,0.74,0.52,0.66,1,1,3,4,0,0,2,6,0,0,0.454,0.2766,0.1896,0.2211,0.0,0.0,0.0951,0.2426,0.0,0.0,2,7,0,1,2,0,2,3,0,0,0.1229,0.5208,0.0,0.0841,0.4755,0.0,0.1402,0.1354,0.0,0.0,6,11,15.55,18.36
4732558,2025-05-18,bra,2025,Brasileirao,9,Rodrigo José Pereira de Lima,10277,Sao Paulo,9769,Gremio,1,2,1,60,40,20,3,5,3,9,0,6,0,0,0,14,3,6,0,8,3,4,1,2,1,26,10,14,13,4,5,0,0,1,0,17,8,16,10,0,6,14,23,2,3,53,45,38.0,30.0,15.0,15.0,9.0,8.0,486,331,415.0,246.0,179,147,236,99,16.0,26.0,10.0,2.0,2.62,1.06,1.07,0.54,0.76,0.52,1.83,1.06,2.02,1.1,3,0,8,3,3,0,5,0,1,0,0.9251,0.0,1.3759,1.1032,0.1271,0.0,0.1755,0.0,0.0176,0.0,14,0,1,2,2,0,2,1,1,0,1.0114,0.0,0.0605,0.5832,0.1545,0.0,0.6063,0.52,0.7884,0.0,20,3,16.06,12.61
4732558,2025-05-18,bra,2025,Brasileirao,9,Rodrigo José Pereira de Lima,9769,Gremio,10277,Sao Paulo,0,1,2,40,60,3,20,3,5,0,9,0,6,0,0,3,14,0,6,3,8,1,4,1,2,10,26,13,14,5,4,0,0,0,1,8,17,10,16,6,0,23,14,3,2,45,53,30.0,38.0,15.0,15.0,8.0,9.0,331,486,246.0,415.0,147,179,99,236,26.0,16.0,2.0,10.0,1.06,2.62,0.54,1.07,0.52,0.76,1.06,1.83,1.1,2.02,0,3,3,8,0,3,0,5,0,1,0.0,0.9251,1.1032,1.3759,0.0,0.1271,0.0,0.1755,0.0,0.0176,0,14,2,1,0,2,1,2,0,1,0.0,1.0114,0.5832,0.0605,0.0,0.1545,0.52,0.6063,0.0,0.7884,3,20,12.61,16.06
4732559,2025-05-18,bra,2025,Brasileirao,9,Marcelo de Lima Henrique,109705,Red Bull Bragantino,10283,Palmeiras,1,1,2,49,51,9,15,2,5,3,3,4,7,0,0,4,8,5,7,8,12,1,0,1,0,14,21,15,12,2,2,0,0,1,0,15,20,7,10,7,4,47,21,3,1,65,58,42.0,45.0,23.0,13.0,16.0,10.0,344,348,275.0,262.0,164,154,111,108,25.0,22.0,4.0,7.0,0.33,0.74,0.21,0.57,0.13,0.17,0.33,0.74,0.61,1.29,0,1,4,4,0,3,3,5,2,2,0.0,0.0737,0.1994,0.417,0.0,0.0865,0.1003,0.1346,0.0635,0.0294,2,10,2,1,3,3,2,1,0,0,0.0549,0.4848,0.1756,0.0847,0.0639,0.1528,0.0689,0.019,0.0,0.0,9,15,20.99,21.0
4732559,2025-05-18,bra,2025,Brasileirao,9,Marcelo de Lima Henrique,10283,Palmeiras,109705,Red Bull Bragantino,0,2,1,51,49,15,9,5,2,3,3,7,4,0,0,8,4,7,5,12,8,0,1,0,1,21,14,12,15,2,2,0,0,0,1,20,15,10,7,4,7,21,47,1,3,58,65,45.0,42.0,13.0,23.0,10.0,16.0,348,344,262.0,275.0,154,164,108,111,22.0,25.0,7.0,4.0,0.74,0.33,0.57,0.21,0.17,0.13,0.74,0.33,1.29,0.61,1,0,4,4,3,0,5,3,2,2,0.0737,0.0,0.417,0.1994,0.0865,0.0,0.1346,0.1003,0.0294,0.0635,10,2,1,2,3,3,1,2,0,0,0.4848,0.0549,0.0847,0.1756,0.1528,0.0639,0.019,0.0689,0.0,0.0,15,9,21.0,20.99
4732560,2025-05-18,bra,2025,Brasileirao,9,Flavio Rodrigues De Souza,9781,Cruzeiro,10272,Atletico MG,1,0,0,53,47,21,7,4,3,8,4,9,0,1,0,13,3,8,4,15,1,3,1,3,1,27,8,15,17,1,5,0,0,1,2,11,19,8,8,0,9,31,36,3,4,45,54,33.0,39.0,12.0,15.0,6.0,7.0,285,268,228.0,192.0,91,97,137,95,18.0,25.0,9.0,1.0,1.52,0.23,0.9,0.19,0.63,0.05,1.52,0.23,0.81,0.13,1,0,7,1,5,2,5,0,3,4,0.2262,0.0,0.7821,0.0591,0.21,0.1011,0.2157,0.0,0.0894,0.0722,9,5,2,0,8,0,2,2,0,0,0.6846,0.1866,0.2108,0.0,0.5855,0.0,0.0425,0.0459,0.0,0.0,21,7,17.56,23.56
4732560,2025-05-18,bra,2025,Brasileirao,9,Flavio Rodrigues De Souza,10272,Atletico MG,9781,Cruzeiro,0,0,0,47,53,7,21,3,4,4,8,0,9,0,1,3,13,4,8,1,15,1,3,1,3,8,27,17,15,5,1,0,0,2,1,19,11,8,8,9,0,36,31,4,3,54,45,39.0,33.0,15.0,12.0,7.0,6.0,268,285,192.0,228.0,97,91,95,137,25.0,18.0,1.0,9.0,0.23,1.52,0.19,0.9,0.05,0.63,0.23,1.52,0.13,0.81,0,1,1,7,2,5,0,5,4,3,0.0,0.2262,0.0591,0.7821,0.1011,0.21,0.0,0.2157,0.0722,0.0894,5,9,0,2,0,8,2,2,0,0,0.1866,0.6846,0.0,0.2108,0.0,0.5855,0.0459,0.0425,0.0,0.0,7,21,23.56,17.56
4732561,2025-05-18,bra,2025,Brasileirao,9,Wagner do Nascimento Magalhães,8702,Internacional,163782,Mirassol,1,1,1,66,34,25,8,12,2,8,3,5,3,2,0,13,5,12,3,6,2,3,2,2,1,37,9,10,10,2,4,0,0,1,3,22,20,11,16,2,4,7,42,1,11,57,43,45.0,34.0,12.0,9.0,14.0,4.0,619,323,550.0,252.0,198,182,352,70,35.0,23.0,8.0,5.0,2.96,0.67,2.86,0.57,0.1,0.1,2.96,0.67,2.96,0.95,1,3,8,2,4,0,5,3,7,0,0.5714,1.6197,1.9054,0.1505,0.1627,0.0,0.132,0.1056,0.1899,0.0,21,4,0,1,3,2,1,1,0,0,2.7736,1.0475,0.0,0.0167,0.1256,0.7506,0.0622,0.0609,0.0,0.0,25,8,19.76,18.05
4732561,2025-05-18,bra,2025,Brasileirao,9,Wagner do Nascimento Magalhães,163782,Mirassol,8702,Internacional,0,1,1,34,66,8,25,2,12,3,8,3,5,0,2,5,13,3,12,2,6,2,3,1,2,9,37,10,10,4,2,0,0,3,1,20,22,16,11,4,2,42,7,11,1,43,57,34.0,45.0,9.0,12.0,4.0,14.0,323,619,252.0,550.0,182,198,70,352,23.0,35.0,5.0,8.0,0.67,2.96,0.57,2.86,0.1,0.1,0.67,2.96,0.95,2.96,3,1,2,8,0,4,3,5,0,7,1.6197,0.5714,0.1505,1.9054,0.0,0.1627,0.1056,0.132,0.0,0.1899,4,21,1,0,2,3,1,1,0,0,1.0475,2.7736,0.0167,0.0,0.7506,0.1256,0.0609,0.0622,0.0,0.0,8,25,18.05,19.76
4732562,2025-05-18,bra,2025,Brasileirao,9,Ramon Abatti,7877,Bahia,7733,Vitoria,1,2,1,45,55,8,23,2,8,3,11,3,4,0,1,5,12,3,11,1,10,1,5,0,4,18,19,12,23,3,4,1,1,0,1,19,12,8,8,4,3,27,15,7,0,62,44,47.0,38.0,15.0,6.0,6.0,15.0,333,370,273.0,331.0,157,123,116,208,19.0,10.0,1.0,8.0,0.66,2.46,0.59,1.12,0.07,1.34,0.66,2.46,1.03,2.33,0,2,5,9,0,1,3,9,0,2,0.0,0.6693,0.597,1.5016,0.0,0.0448,0.0584,0.2401,0.0,0.037,4,15,1,0,0,6,3,2,0,0,0.3717,1.1221,0.2149,0.0,0.0,0.7302,0.0688,0.6405,0.0,0.0,8,23,16.86,18.44
4732562,2025-05-18,bra,2025,Brasileirao,9,Ramon Abatti,7733,Vitoria,7877,Bahia,0,1,2,55,45,23,8,8,2,11,3,4,3,1,0,12,5,11,3,10,1,5,1,4,0,19,18,23,12,4,3,1,1,1,0,12,19,8,8,3,4,15,27,0,7,44,62,38.0,47.0,6.0,15.0,15.0,6.0,370,333,331.0,273.0,123,157,208,116,10.0,19.0,8.0,1.0,2.46,0.66,1.12,0.59,1.34,0.07,2.46,0.66,2.33,1.03,2,0,9,5,1,0,9,3,2,0,0.6693,0.0,1.5016,0.597,0.0448,0.0,0.2401,0.0584,0.037,0.0,15,4,0,1,6,0,2,3,0,0,1.1221,0.3717,0.0,0.2149,0.7302,0.0,0.6405,0.0688,0.0,0.0,23,8,18.44,16.86
4732564,2025-05-18,bra,2025,Brasileirao,9,Wilton Pereira Sampaio,10274,Juventude,9863,Fluminense,1,1,1,32,68,9,17,1,7,5,5,3,5,0,1,5,9,4,8,5,5,1,6,1,5,18,27,18,13,4,3,0,0,0,0,18,12,7,6,5,2,24,26,6,0,48,49,35.0,33.0,13.0,16.0,4.0,6.0,257,574,191.0,509.0,109,293,82,216,17.0,18.0,5.0,4.0,0.55,2.46,0.43,1.38,0.12,1.08,0.55,2.46,0.03,2.35,0,5,3,2,2,2,3,6,1,2,0.0,1.7382,0.2008,0.449,0.0821,0.0526,0.2542,0.2281,0.0099,0.0306,6,14,0,1,2,2,1,0,0,0,0.428,1.3838,0.0,0.0387,0.0713,1.076,0.0477,0.0,0.0,0.0,9,17,18.2,17.04
4732564,2025-05-18,bra,2025,Brasileirao,9,Wilton Pereira Sampaio,9863,Fluminense,10274,Juventude,0,1,1,68,32,17,9,7,1,5,5,5,3,1,0,9,5,8,4,5,5,6,1,5,1,27,18,13,18,3,4,0,0,0,0,12,18,6,7,2,5,26,24,0,6,49,48,33.0,35.0,16.0,13.0,6.0,4.0,574,257,509.0,191.0,293,109,216,82,18.0,17.0,4.0,5.0,2.46,0.55,1.38,0.43,1.08,0.12,2.46,0.55,2.35,0.03,5,0,2,3,2,2,6,3,2,1,1.7382,0.0,0.449,0.2008,0.0526,0.0821,0.2281,0.2542,0.0306,0.0099,14,6,1,0,2,2,0,1,0,0,1.3838,0.428,0.0387,0.0,1.076,0.0713,0.0,0.0477,0.0,0.0,17,9,17.04,18.2
4732565,2025-05-24,bra,2025,Brasileirao,10,Rodrigo José Pereira de Lima,9863,Fluminense,10276,Vasco da Gama,1,2,1,51,49,17,7,5,2,10,4,2,1,0,1,9,4,8,3,6,2,1,2,1,1,26,5,11,16,4,3,0,0,0,1,17,22,2,6,1,2,12,41,1,4,54,54,39.0,40.0,15.0,14.0,7.0,7.0,432,422,370.0,371.0,146,220,224,151,22.0,15.0,7.0,2.0,1.08,0.7,0.88,0.37,0.2,0.32,1.08,0.7,1.22,1.03,2,1,4,2,3,1,4,2,4,1,0.3443,0.5683,0.412,0.3194,0.0778,0.0304,0.1555,0.0291,0.0901,0.028,11,3,1,2,2,1,3,1,0,0,0.8527,0.2338,0.0305,0.1622,0.0497,0.011,0.1468,0.5683,0.0,0.0,17,7,20.56,18.77
4732565,2025-05-24,bra,2025,Brasileirao,10,Rodrigo José Pereira de Lima,10276,Vasco da Gama,9863,Fluminense,0,1,2,49,51,7,17,2,5,4,10,1,2,1,0,4,9,3,8,2,6,2,1,1,1,5,26,16,11,3,4,0,0,1,0,22,17,6,2,2,1,41,12,4,1,54,54,40.0,39.0,14.0,15.0,7.0,7.0,422,432,371.0,370.0,220,146,151,224,15.0,22.0,2.0,7.0,0.7,1.08,0.37,0.88,0.32,0.2,0.7,1.08,1.03,1.22,1,2,2,4,1,3,2,4,1,4,0.5683,0.3443,0.3194,0.412,0.0304,0.0778,0.0291,0.1555,0.028,0.0901,3,11,2,1,1,2,1,3,0,0,0.2338,0.8527,0.1622,0.0305,0.011,0.0497,0.5683,0.1468,0.0,0.0,7,17,18.77,20.56
4732568,2025-05-24,bra,2025,Brasileirao,10,Alex Gomes Stefano,10277,Sao Paulo,163782,Mirassol,1,0,2,51,49,13,6,3,2,2,3,8,1,0,0,8,4,5,2,5,4,0,1,0,0,16,10,19,11,4,1,0,0,0,1,20,19,5,10,1,8,28,29,1,3,49,54,34.0,41.0,15.0,13.0,4.0,4.0,472,462,397.0,386.0,164,244,233,142,28.0,26.0,7.0,1.0,0.7,0.93,0.52,0.1,0.18,0.03,0.7,0.14,0.72,0.8,0,0,7,2,1,2,2,2,3,0,0.0,0.0,0.4829,0.8223,0.0469,0.0688,0.0399,0.0351,0.1262,0.0,11,4,0,0,1,1,1,0,0,1,0.52,0.1032,0.0,0.0,0.0901,0.0347,0.0858,0.0,0.0,0.7884,13,6,17.73,22.35
4732568,2025-05-24,bra,2025,Brasileirao,10,Alex Gomes Stefano,163782,Mirassol,10277,Sao Paulo,0,2,0,49,51,6,13,2,3,3,2,1,8,0,0,4,8,2,5,4,5,1,0,0,0,10,16,11,19,1,4,0,0,1,0,19,20,10,5,8,1,29,28,3,1,54,49,41.0,34.0,13.0,15.0,4.0,4.0,462,472,386.0,397.0,244,164,142,233,26.0,28.0,1.0,7.0,0.93,0.7,0.1,0.52,0.03,0.18,0.14,0.7,0.8,0.72,0,0,2,7,2,1,2,2,0,3,0.0,0.0,0.8223,0.4829,0.0688,0.0469,0.0351,0.0399,0.0,0.1262,4,11,0,0,1,1,0,1,1,0,0.1032,0.52,0.0,0.0,0.0347,0.0901,0.0,0.0858,0.7884,0.0,6,13,22.35,17.73
4732567,2025-05-25,bra,2025,Brasileirao,10,Ramon Abatti,10283,Palmeiras,9770,Flamengo,1,0,2,50,50,13,7,3,3,4,1,6,3,0,0,9,6,4,1,3,3,3,2,3,0,24,10,13,18,4,2,0,0,2,1,22,22,3,6,3,6,17,35,1,3,58,59,46.0,46.0,12.0,13.0,7.0,12.0,358,377,296.0,298.0,138,169,158,129,18.0,19.0,3.0,1.0,1.98,1.66,1.17,0.88,0.03,0.0,1.19,0.88,1.51,1.5,2,0,4,5,3,1,3,1,1,0,0.6239,0.0,1.0615,1.5994,0.1674,0.1115,0.1796,0.0307,0.0459,0.0,11,6,0,0,0,0,1,0,1,1,1.1676,0.9532,0.0,0.0,0.0,0.0,0.1222,0.0,0.7884,0.7884,13,7,15.73,13.66
4732567,2025-05-25,bra,2025,Brasileirao,10,Ramon Abatti,9770,Flamengo,10283,Palmeiras,0,2,0,50,50,7,13,3,3,1,4,3,6,0,0,6,9,1,4,3,3,2,3,0,3,10,24,18,13,2,4,0,0,1,2,22,22,6,3,6,3,35,17,3,1,59,58,46.0,46.0,13.0,12.0,12.0,7.0,377,358,298.0,296.0,169,138,129,158,19.0,18.0,1.0,3.0,1.66,1.98,0.88,1.17,0.0,0.03,0.88,1.19,1.5,1.51,0,2,5,4,1,3,1,3,0,1,0.0,0.6239,1.5994,1.0615,0.1115,0.1674,0.0307,0.1796,0.0,0.0459,6,11,0,0,0,0,0,1,1,1,0.9532,1.1676,0.0,0.0,0.0,0.0,0.0,0.1222,0.7884,0.7884,7,13,13.66,15.73
4732570,2025-05-25,bra,2025,Brasileirao,10,Rafael Rodrigo Klein,10272,Atletico MG,9808,Corinthians,1,0,0,49,51,13,6,2,0,8,6,3,0,0,0,6,3,7,3,1,1,1,2,1,2,13,10,24,18,2,4,0,0,0,0,13,11,19,9,0,3,18,13,0,3,45,48,37.0,41.0,8.0,7.0,6.0,6.0,418,421,353.0,344.0,186,185,167,159,21.0,33.0,2.0,3.0,1.26,0.44,1.13,0.44,0.13,0.0,1.26,0.44,1.01,0.0,1,0,4,1,1,2,2,2,5,1,0.1493,0.0,0.8461,0.0435,0.0677,0.3374,0.0526,0.0464,0.1398,0.0154,10,4,0,2,0,0,3,0,0,0,1.1291,0.0934,0.0,0.3493,0.0,0.0,0.1264,0.0,0.0,0.0,13,6,21.87,23.56
4732570,2025-05-25,bra,2025,Brasileirao,10,Rafael Rodrigo Klein,9808,Corinthians,10272,Atletico MG,0,0,0,51,49,6,13,0,2,6,8,0,3,0,0,3,6,3,7,1,1,2,1,2,1,10,13,18,24,4,2,0,0,0,0,11,13,9,19,3,0,13,18,3,0,48,45,41.0,37.0,7.0,8.0,6.0,6.0,421,418,344.0,353.0,185,186,159,167,33.0,21.0,3.0,2.0,0.44,1.26,0.44,1.13,0.0,0.13,0.44,1.26,0.0,1.01,0,1,1,4,2,1,2,2,1,5,0.0,0.1493,0.0435,0.8461,0.3374,0.0677,0.0464,0.0526,0.0154,0.1398,4,10,2,0,0,0,0,3,0,0,0.0934,1.1291,0.3493,0.0,0.0,0.0,0.0,0.1264,0.0,0.0,6,13,23.56,21.87
4732571,2025-05-25,bra,2025,Brasileirao,10,Bruno Arleu de Araújo,9769,Gremio,7877,Bahia,1,1,0,32,68,9,16,2,3,5,9,2,4,0,0,4,8,5,8,4,17,2,3,1,3,12,38,10,13,4,4,0,0,2,2,20,16,5,8,4,2,48,15,3,1,59,48,44.0,34.0,15.0,14.0,12.0,11.0,278,564,216.0,503.0,69,228,147,275,20.0,35.0,2.0,5.0,1.25,1.22,0.17,0.72,0.29,0.5,0.46,1.22,0.78,0.51,0,1,4,5,0,2,3,6,2,2,0.0,0.1615,1.0046,0.6517,0.0,0.1075,0.107,0.2237,0.0374,0.0783,5,9,1,0,0,4,2,3,1,0,0.1279,0.7205,0.0436,0.0,0.0,0.2669,0.1891,0.2352,0.7884,0.0,9,16,19.93,17.61
4732571,2025-05-25,bra,2025,Brasileirao,10,Bruno Arleu de Araújo,7877,Bahia,9769,Gremio,0,0,1,68,32,16,9,3,2,9,5,4,2,0,0,8,4,8,5,17,4,3,2,3,1,38,12,13,10,4,4,0,0,2,2,16,20,8,5,2,4,15,48,1,3,48,59,34.0,44.0,14.0,15.0,11.0,12.0,564,278,503.0,216.0,228,69,275,147,35.0,20.0,5.0,2.0,1.22,1.25,0.72,0.17,0.5,0.29,1.22,0.46,0.51,0.78,1,0,5,4,2,0,6,3,2,2,0.1615,0.0,0.6517,1.0046,0.1075,0.0,0.2237,0.107,0.0783,0.0374,9,5,0,1,4,0,3,2,0,1,0.7205,0.1279,0.0,0.0436,0.2669,0.0,0.2352,0.1891,0.0,0.7884,16,9,17.61,19.93
4732572,2025-05-25,bra,2025,Brasileirao,10,Anderson Daronco,7733,Vitoria,8514,Santos FC,1,0,1,58,42,19,8,7,2,8,4,4,2,0,1,8,2,11,6,5,5,2,2,2,1,15,6,16,15,3,1,0,0,2,1,11,14,6,8,2,4,28,34,1,8,45,47,35.0,36.0,10.0,11.0,10.0,6.0,403,297,357.0,219.0,171,109,186,110,22.0,21.0,7.0,3.0,1.51,0.97,0.47,0.82,1.03,0.15,1.51,0.97,0.64,0.71,0,0,6,2,2,0,6,4,5,2,0.0,0.0,1.1247,0.691,0.0643,0.0,0.2412,0.2477,0.0943,0.1127,11,3,0,2,5,1,3,2,0,0,0.4737,0.7212,0.0,0.1453,0.6955,0.0261,0.3553,0.1588,0.0,0.0,19,8,20.7,20.17
4732572,2025-05-25,bra,2025,Brasileirao,10,Anderson Daronco,8514,Santos FC,7733,Vitoria,0,1,0,42,58,8,19,2,7,4,8,2,4,1,0,2,8,6,11,5,5,2,2,1,2,6,15,15,16,1,3,0,0,1,2,14,11,8,6,4,2,34,28,8,1,47,45,36.0,35.0,11.0,10.0,6.0,10.0,297,403,219.0,357.0,109,171,110,186,21.0,22.0,3.0,7.0,0.97,1.51,0.82,0.47,0.15,1.03,0.97,1.51,0.71,0.64,0,0,2,6,0,2,4,6,2,5,0.0,0.0,0.691,1.1247,0.0,0.0643,0.2477,0.2412,0.1127,0.0943,3,11,2,0,1,5,2,3,0,0,0.7212,0.4737,0.1453,0.0,0.0261,0.6955,0.1588,0.3553,0.0,0.0,8,19,20.17,20.7
4732573,2025-05-25,bra,2025,Brasileirao,10,João Vitor Gobi,8287,Fortaleza,9781,Cruzeiro,1,0,2,49,51,10,17,1,8,4,5,5,4,0,0,6,13,4,4,6,8,0,3,0,2,25,30,14,10,2,1,1,0,0,2,11,19,10,9,4,5,31,23,6,1,39,48,30.0,40.0,9.0,8.0,9.0,9.0,416,444,361.0,383.0,204,212,157,171,24.0,21.0,4.0,2.0,0.78,2.35,0.49,2.32,0.3,0.03,0.78,2.35,0.08,2.32,0,0,5,9,1,4,2,4,2,0,0.0,0.0,0.5398,2.0141,0.0372,0.2044,0.1075,0.1335,0.035,0.0,6,14,0,2,1,1,3,0,0,0,0.4174,1.9189,0.0,0.3998,0.0237,0.0333,0.2783,0.0,0.0,0.0,10,17,18.24,15.91
4732573,2025-05-25,bra,2025,Brasileirao,10,João Vitor Gobi,9781,Cruzeiro,8287,Fortaleza,0,2,0,51,49,17,10,8,1,5,4,4,5,0,0,13,6,4,4,8,6,3,0,2,0,30,25,10,14,1,2,0,1,2,0,19,11,9,10,5,4,23,31,1,6,48,39,40.0,30.0,8.0,9.0,9.0,9.0,444,416,383.0,361.0,212,204,171,157,21.0,24.0,2.0,4.0,2.35,0.78,2.32,0.49,0.03,0.3,2.35,0.78,2.32,0.08,0,0,9,5,4,1,4,2,0,2,0.0,0.0,2.0141,0.5398,0.2044,0.0372,0.1335,0.1075,0.0,0.035,14,6,2,0,1,1,0,3,0,0,1.9189,0.4174,0.3998,0.0,0.0333,0.0237,0.0,0.2783,0.0,0.0,17,10,15.91,18.24
4732574,2025-05-25,bra,2025,Brasileirao,10,Davi de Oliveira Lacerda,6305,Sport Recife,8702,Internacional,1,1,1,38,62,14,17,4,4,6,8,4,5,0,0,8,11,6,6,6,4,2,2,1,2,26,21,11,10,2,1,0,1,3,1,18,20,14,9,6,3,32,32,2,3,67,57,38.0,40.0,29.0,17.0,10.0,11.0,322,557,249.0,483.0,106,227,143,256,26.0,32.0,9.0,7.0,0.83,1.36,0.72,1.04,0.1,0.32,0.83,1.36,1.15,0.86,1,3,3,4,4,4,2,3,4,3,0.3842,0.8629,0.1928,0.2443,0.1422,0.1445,0.0294,0.0584,0.0798,0.0492,11,12,0,1,2,3,1,1,0,0,0.7243,1.0255,0.0,0.0104,0.0274,0.2658,0.0766,0.0575,0.0,0.0,14,17,18.87,21.07
4732574,2025-05-25,bra,2025,Brasileirao,10,Davi de Oliveira Lacerda,8702,Internacional,6305,Sport Recife,0,1,1,62,38,17,14,4,4,8,6,5,4,0,0,11,8,6,6,4,6,2,2,2,1,21,26,10,11,1,2,1,0,1,3,20,18,9,14,3,6,32,32,3,2,57,67,40.0,38.0,17.0,29.0,11.0,10.0,557,322,483.0,249.0,227,106,256,143,32.0,26.0,7.0,9.0,1.36,0.83,1.04,0.72,0.32,0.1,1.36,0.83,0.86,1.15,3,1,4,3,4,4,3,2,3,4,0.8629,0.3842,0.2443,0.1928,0.1445,0.1422,0.0584,0.0294,0.0492,0.0798,12,11,1,0,3,2,1,1,0,0,1.0255,0.7243,0.0104,0.0,0.2658,0.0274,0.0575,0.0766,0.0,0.0,17,14,21.07,18.87
4732569,2025-05-26,bra,2025,Brasileirao,10,Lucas Casagrande,109705,Red Bull Bragantino,10274,Juventude,1,1,0,48,52,12,7,5,2,4,4,3,1,0,1,7,5,5,2,6,2,1,0,1,0,17,11,17,22,3,4,1,0,1,0,18,15,5,11,1,3,27,20,2,4,56,50,44.0,39.0,12.0,11.0,4.0,7.0,377,403,306.0,321.0,178,203,128,118,29.0,39.0,5.0,3.0,1.0,0.29,0.64,0.14,0.37,0.15,1.0,0.29,0.54,0.11,0,0,5,3,2,2,3,1,2,1,0.0,0.0,0.6737,0.1247,0.0377,0.0638,0.1836,0.0111,0.1058,0.0432,4,5,0,0,4,1,4,1,0,0,0.6353,0.1419,0.0,0.0,0.142,0.0578,0.2235,0.0432,0.0,0.0,12,7,16.75,16.96
4732569,2025-05-26,bra,2025,Brasileirao,10,Lucas Casagrande,10274,Juventude,109705,Red Bull Bragantino,0,0,1,52,48,7,12,2,5,4,4,1,3,1,0,5,7,2,5,2,6,0,1,0,1,11,17,22,17,4,3,0,1,0,1,15,18,11,5,3,1,20,27,4,2,50,56,39.0,44.0,11.0,12.0,7.0,4.0,403,377,321.0,306.0,203,178,118,128,39.0,29.0,3.0,5.0,0.29,1.0,0.14,0.64,0.15,0.37,0.29,1.0,0.11,0.54,0,0,3,5,2,2,1,3,1,2,0.0,0.0,0.1247,0.6737,0.0638,0.0377,0.0111,0.1836,0.0432,0.1058,5,4,0,0,1,4,1,4,0,0,0.1419,0.6353,0.0,0.0,0.0578,0.142,0.0432,0.2235,0.0,0.0,7,12,16.96,16.75
4732582,2025-05-31,bra,2025,Brasileirao,11,Anderson Daronco,7877,Bahia,10277,Sao Paulo,1,2,1,59,41,13,14,7,4,2,5,4,5,1,0,7,6,6,8,5,3,3,2,2,1,24,14,13,11,1,2,0,0,2,2,17,16,8,6,5,4,15,28,3,5,43,43,34.0,32.0,9.0,11.0,8.0,3.0,472,337,411.0,286.0,241,147,170,139,15.0,9.0,5.0,6.0,2.49,1.86,1.05,0.54,0.65,0.53,1.7,1.07,2.88,1.41,1,1,5,3,1,2,5,5,1,3,0.2561,0.4222,1.2699,0.9817,0.0197,0.042,0.9478,0.3546,0.0356,0.0584,7,8,0,1,0,0,5,4,1,1,1.0494,0.3814,0.0,0.1633,0.0,0.0,0.6913,0.5259,0.7884,0.7884,13,14,17.36,17.83
4732582,2025-05-31,bra,2025,Brasileirao,11,Anderson Daronco,10277,Sao Paulo,7877,Bahia,0,1,2,41,59,14,13,4,7,5,2,5,4,0,1,6,7,8,6,3,5,2,3,1,2,14,24,11,13,2,1,0,0,2,2,16,17,6,8,4,5,28,15,5,3,43,43,32.0,34.0,11.0,9.0,3.0,8.0,337,472,286.0,411.0,147,241,139,170,9.0,15.0,6.0,5.0,1.86,2.49,0.54,1.05,0.53,0.65,1.07,1.7,1.41,2.88,1,1,3,5,2,1,5,5,3,1,0.4222,0.2561,0.9817,1.2699,0.042,0.0197,0.3546,0.9478,0.0584,0.0356,8,7,1,0,0,0,4,5,1,1,0.3814,1.0494,0.1633,0.0,0.0,0.0,0.5259,0.6913,0.7884,0.7884,14,13,17.83,17.36
4732575,2025-06-01,bra,2025,Brasileirao,11,Gustavo Ervino Bauermann,9770,Flamengo,8287,Fortaleza,1,5,0,65,35,16,10,13,3,3,3,0,4,0,0,13,3,3,7,2,4,5,1,2,1,30,8,10,11,1,1,0,0,2,3,16,20,5,5,4,0,19,20,3,8,44,46,35.0,40.0,9.0,6.0,12.0,10.0,622,324,565.0,274.0,347,157,218,117,32.0,23.0,3.0,5.0,2.43,0.38,2.38,0.15,0.06,0.23,2.43,0.38,4.14,0.49,0,0,10,2,3,2,2,5,1,2,0.0,0.0,2.1416,0.1244,0.1299,0.0925,0.136,0.1307,0.0238,0.0358,14,5,1,0,1,3,0,3,0,0,2.2801,0.1709,0.0958,0.0,0.0553,0.1178,0.0,0.0948,0.0,0.0,16,11,14.93,22.96
4732575,2025-06-01,bra,2025,Brasileirao,11,Gustavo Ervino Bauermann,8287,Fortaleza,9770,Flamengo,0,0,5,35,65,10,16,3,13,3,3,4,0,0,0,3,13,7,3,4,2,1,5,1,2,8,30,11,10,1,1,0,0,3,2,20,16,5,5,0,4,20,19,8,3,46,44,40.0,35.0,6.0,9.0,10.0,12.0,324,622,274.0,565.0,157,347,117,218,23.0,32.0,5.0,3.0,0.38,2.43,0.15,2.38,0.23,0.06,0.38,2.43,0.49,4.14,0,0,2,10,2,3,5,2,2,1,0.0,0.0,0.1244,2.1416,0.0925,0.1299,0.1307,0.136,0.0358,0.0238,5,14,0,1,3,1,3,0,0,0,0.1709,2.2801,0.0,0.0958,0.1178,0.0553,0.0948,0.0,0.0,0.0,11,16,22.96,14.93
4732576,2025-06-01,bra,2025,Brasileirao,11,Paulo Cesar Zanovelli da Silva,10276,Vasco da Gama,109705,Red Bull Bragantino,1,0,2,67,33,20,4,4,3,8,1,8,0,1,0,15,3,5,1,7,3,3,2,3,1,34,13,13,9,1,2,0,0,1,2,10,14,7,10,0,8,11,32,1,4,36,42,30.0,32.0,6.0,10.0,11.0,7.0,705,357,646.0,280.0,291,165,355,115,16.0,25.0,11.0,3.0,1.74,0.76,1.41,0.15,0.32,0.61,1.74,0.76,1.08,1.14,2,1,10,1,3,1,4,0,1,1,0.5182,0.5877,0.9877,0.1292,0.1134,0.026,0.0995,0.0,0.0187,0.0173,16,2,1,0,2,1,1,1,0,0,1.2963,0.1465,0.1184,0.0,0.0616,0.5877,0.2612,0.026,0.0,0.0,20,4,15.01,16.57
4732576,2025-06-01,bra,2025,Brasileirao,11,Paulo Cesar Zanovelli da Silva,109705,Red Bull Bragantino,10276,Vasco da Gama,0,2,0,33,67,4,20,3,4,1,8,0,8,0,1,3,15,1,5,3,7,2,3,1,3,13,34,9,13,2,1,0,0,2,1,14,10,10,7,8,0,32,11,4,1,42,36,32.0,30.0,10.0,6.0,7.0,11.0,357,705,280.0,646.0,165,291,115,355,25.0,16.0,3.0,11.0,0.76,1.74,0.15,1.41,0.61,0.32,0.76,1.74,1.14,1.08,1,2,1,10,1,3,0,4,1,1,0.5877,0.5182,0.1292,0.9877,0.026,0.1134,0.0,0.0995,0.0173,0.0187,2,16,0,1,1,2,1,1,0,0,0.1465,1.2963,0.0,0.1184,0.5877,0.0616,0.026,0.2612,0.0,0.0,4,20,16.57,15.01
4732577,2025-06-01,bra,2025,Brasileirao,11,Felipe Fernandes de Lima,9808,Corinthians,7733,Vitoria,1,0,0,71,29,12,6,3,2,6,3,3,1,1,0,7,2,5,4,8,3,4,1,4,1,24,5,8,16,2,5,0,0,5,2,15,22,7,11,1,3,19,28,2,3,41,45,34.0,35.0,7.0,10.0,4.0,6.0,632,251,569.0,179.0,265,106,304,73,29.0,13.0,5.0,1.0,1.03,0.4,0.7,0.3,0.33,0.1,1.03,0.4,0.64,0.51,0,0,4,2,3,0,5,3,0,1,0.0,0.0,0.4434,0.243,0.2352,0.0,0.3516,0.1391,0.0,0.0156,8,3,0,1,1,2,3,0,0,0,0.6962,0.1338,0.0,0.1624,0.0142,0.1015,0.3198,0.0,0.0,0.0,12,6,18.17,20.1
4732577,2025-06-01,bra,2025,Brasileirao,11,Felipe Fernandes de Lima,7733,Vitoria,9808,Corinthians,0,0,0,29,71,6,12,2,3,3,6,1,3,0,1,2,7,4,5,3,8,1,4,1,4,5,24,16,8,5,2,0,0,2,5,22,15,11,7,3,1,28,19,3,2,45,41,35.0,34.0,10.0,7.0,6.0,4.0,251,632,179.0,569.0,106,265,73,304,13.0,29.0,1.0,5.0,0.4,1.03,0.3,0.7,0.1,0.33,0.4,1.03,0.51,0.64,0,0,2,4,0,3,3,5,1,0,0.0,0.0,0.243,0.4434,0.0,0.2352,0.1391,0.3516,0.0156,0.0,3,8,1,0,2,1,0,3,0,0,0.1338,0.6962,0.1624,0.0,0.1015,0.0142,0.0,0.3198,0.0,0.0,6,12,20.1,18.17
4732578,2025-06-01,bra,2025,Brasileirao,11,Davi de Oliveira Lacerda,8514,Santos FC,8517,Botafogo RJ,1,0,1,36,64,17,12,4,3,9,3,4,6,0,0,12,5,5,7,5,4,1,0,1,0,22,21,13,16,2,2,1,0,0,1,16,22,7,5,6,4,23,27,2,4,50,48,41.0,40.0,9.0,8.0,11.0,8.0,301,552,253.0,482.0,144,242,109,240,14.0,26.0,3.0,6.0,1.03,0.49,0.87,0.37,0.16,0.12,1.03,0.49,0.84,0.36,1,0,5,5,6,0,2,5,3,2,0.1577,0.0,0.3935,0.3627,0.4223,0.0,0.033,0.0948,0.0281,0.0337,9,9,3,1,4,2,1,0,0,0,0.4836,0.3401,0.3913,0.0275,0.0699,0.1236,0.0899,0.0,0.0,0.0,17,12,18.23,21.23
4732578,2025-06-01,bra,2025,Brasileirao,11,Davi de Oliveira Lacerda,8517,Botafogo RJ,8514,Santos FC,0,1,0,64,36,12,17,3,4,3,9,6,4,0,0,5,12,7,5,4,5,0,1,0,1,21,22,16,13,2,2,0,1,1,0,22,16,5,7,4,6,27,23,4,2,48,50,40.0,41.0,8.0,9.0,8.0,11.0,552,301,482.0,253.0,242,144,240,109,26.0,14.0,6.0,3.0,0.49,1.03,0.37,0.87,0.12,0.16,0.49,1.03,0.36,0.84,0,1,5,5,0,6,5,2,2,3,0.0,0.1577,0.3627,0.3935,0.0,0.4223,0.0948,0.033,0.0337,0.0281,9,9,1,3,2,4,0,1,0,0,0.3401,0.4836,0.0275,0.3913,0.1236,0.0699,0.0,0.0899,0.0,0.0,12,17,21.23,18.23
4732579,2025-06-01,bra,2025,Brasileirao,11,Lucas Casagrande,163782,Mirassol,6305,Sport Recife,1,1,0,48,52,12,10,4,4,4,1,4,5,0,0,4,4,8,6,2,7,1,1,0,1,12,18,10,20,4,1,0,0,1,1,15,20,9,3,4,3,26,24,4,3,57,44,38.0,36.0,19.0,8.0,7.0,6.0,407,425,332.0,349.0,155,182,177,167,22.0,34.0,3.0,1.0,1.06,0.65,0.25,0.32,0.02,0.33,0.27,0.65,1.09,0.36,0,1,3,1,1,2,4,3,4,3,0.0,0.116,0.8826,0.1259,0.0288,0.1683,0.099,0.1623,0.0476,0.0786,10,4,0,1,0,2,1,3,1,0,0.2506,0.1876,0.0,0.1341,0.0,0.1286,0.0191,0.2009,0.7884,0.0,12,10,26.52,21.88
4732579,2025-06-01,bra,2025,Brasileirao,11,Lucas Casagrande,6305,Sport Recife,163782,Mirassol,0,0,1,52,48,10,12,4,4,1,4,5,4,0,0,4,4,6,8,7,2,1,1,1,0,18,12,20,10,1,4,0,0,1,1,20,15,3,9,3,4,24,26,3,4,44,57,36.0,38.0,8.0,19.0,6.0,7.0,425,407,349.0,332.0,182,155,167,177,34.0,22.0,1.0,3.0,0.65,1.06,0.32,0.25,0.33,0.02,0.65,0.27,0.36,1.09,1,0,1,3,2,1,3,4,3,4,0.116,0.0,0.1259,0.8826,0.1683,0.0288,0.1623,0.099,0.0786,0.0476,4,10,1,0,2,0,3,1,0,1,0.1876,0.2506,0.1341,0.0,0.1286,0.0,0.2009,0.0191,0.0,0.7884,10,12,21.88,26.52
4732580,2025-06-01,bra,2025,Brasileirao,11,Rodrigo José Pereira de Lima,9781,Cruzeiro,10283,Palmeiras,1,2,1,36,64,14,18,3,5,8,5,3,8,0,0,7,8,7,10,5,13,2,0,0,0,15,26,17,13,3,3,0,0,2,0,22,16,10,7,7,3,36,11,4,1,52,52,41.0,39.0,11.0,13.0,6.0,6.0,242,421,180.0,357.0,93,147,87,210,21.0,45.0,5.0,9.0,1.33,0.68,0.33,0.23,1.0,0.45,1.33,0.68,1.87,0.75,2,0,4,7,1,1,4,6,3,4,0.7415,0.0,0.3264,0.4145,0.0598,0.0206,0.1169,0.1673,0.1308,0.0737,5,7,2,0,3,6,4,5,0,0,0.3173,0.2254,0.0542,0.0,0.3863,0.2978,0.6178,0.153,0.0,0.0,14,18,19.45,19.69
4732580,2025-06-01,bra,2025,Brasileirao,11,Rodrigo José Pereira de Lima,10283,Palmeiras,9781,Cruzeiro,0,1,2,64,36,18,14,5,3,5,8,8,3,0,0,8,7,10,7,13,5,0,2,0,0,26,15,13,17,3,3,0,0,0,2,16,22,7,10,3,7,11,36,1,4,52,52,39.0,41.0,13.0,11.0,6.0,6.0,421,242,357.0,180.0,147,93,210,87,45.0,21.0,9.0,5.0,0.68,1.33,0.23,0.33,0.45,1.0,0.68,1.33,0.75,1.87,0,2,7,4,1,1,6,4,4,3,0.0,0.7415,0.4145,0.3264,0.0206,0.0598,0.1673,0.1169,0.0737,0.1308,7,5,0,2,6,3,5,4,0,0,0.2254,0.3173,0.0,0.0542,0.2978,0.3863,0.153,0.6178,0.0,0.0,18,14,19.69,19.45
4732581,2025-06-01,bra,2025,Brasileirao,11,Lucas Paulo Torezin,8702,Internacional,9863,Fluminense,1,0,2,50,50,15,8,4,3,4,4,7,1,0,0,7,4,8,4,9,1,2,1,2,0,24,9,13,10,1,0,0,0,1,1,15,16,12,7,1,7,14,38,1,4,48,54,39.0,39.0,9.0,15.0,14.0,10.0,504,521,429.0,431.0,204,278,225,153,17.0,25.0,5.0,1.0,0.59,0.64,0.34,0.64,0.25,0.0,0.59,0.64,0.28,0.95,0,0,6,2,1,2,3,1,5,3,0.0,0.0,0.3896,0.4999,0.0489,0.0529,0.0555,0.0194,0.0956,0.0483,9,8,0,0,5,0,1,0,0,0,0.3409,0.6205,0.0,0.0,0.2263,0.0,0.0222,0.0,0.0,0.0,15,8,20.37,21.72
4732581,2025-06-01,bra,2025,Brasileirao,11,Lucas Paulo Torezin,9863,Fluminense,8702,Internacional,0,2,0,50,50,8,15,3,4,4,4,1,7,0,0,4,7,4,8,1,9,1,2,0,2,9,24,10,13,0,1,0,0,1,1,16,15,7,12,7,1,38,14,4,1,54,48,39.0,39.0,15.0,9.0,10.0,14.0,521,504,431.0,429.0,278,204,153,225,25.0,17.0,1.0,5.0,0.64,0.59,0.64,0.34,0.0,0.25,0.64,0.59,0.95,0.28,0,0,2,6,2,1,1,3,3,5,0.0,0.0,0.4999,0.3896,0.0529,0.0489,0.0194,0.0555,0.0483,0.0956,8,9,0,0,0,5,0,1,0,0,0.6205,0.3409,0.0,0.0,0.0,0.2263,0.0,0.0222,0.0,0.0,8,15,21.72,20.37
4732583,2025-06-01,bra,2025,Brasileirao,11,Alex Gomes Stefano,172341,Ceara,10272,Atletico MG,1,0,1,46,54,14,8,3,4,8,3,3,1,1,1,8,4,6,4,8,8,0,1,0,1,23,12,15,16,1,2,0,1,3,3,13,17,6,9,1,3,20,36,3,3,56,60,33.0,37.0,23.0,23.0,5.0,6.0,356,431,274.0,343.0,133,208,141,135,26.0,19.0,6.0,3.0,0.7,0.42,0.41,0.16,0.29,0.26,0.7,0.42,0.47,0.48,1,1,8,1,0,2,3,3,2,1,0.2047,0.2423,0.3559,0.0661,0.0,0.0384,0.0985,0.0653,0.0424,0.0091,8,6,2,0,4,2,0,0,0,0,0.3449,0.1563,0.0648,0.0,0.2917,0.2648,0.0,0.0,0.0,0.0,14,8,17.39,21.15
4732583,2025-06-01,bra,2025,Brasileirao,11,Alex Gomes Stefano,10272,Atletico MG,172341,Ceara,0,1,0,54,46,8,14,4,3,3,8,1,3,1,1,4,8,4,6,8,8,1,0,1,0,12,23,16,15,2,1,1,0,3,3,17,13,9,6,3,1,36,20,3,3,60,56,37.0,33.0,23.0,23.0,6.0,5.0,431,356,343.0,274.0,208,133,135,141,19.0,26.0,3.0,6.0,0.42,0.7,0.16,0.41,0.26,0.29,0.42,0.7,0.48,0.47,1,1,1,8,2,0,3,3,1,2,0.2423,0.2047,0.0661,0.3559,0.0384,0.0,0.0653,0.0985,0.0091,0.0424,6,8,0,2,2,4,0,0,0,0,0.1563,0.3449,0.0,0.0648,0.2648,0.2917,0.0,0.0,0.0,0.0,8,14,21.15,17.39
4732584,2025-06-01,bra,2025,Brasileirao,11,Raphael Claus,10274,Juventude,9769,Gremio,1,0,2,56,44,14,18,5,9,4,8,5,1,0,1,5,13,9,5,5,7,1,5,1,3,20,31,11,15,2,2,0,0,4,0,26,25,6,6,1,5,26,41,7,5,55,69,43.0,42.0,12.0,27.0,2.0,6.0,403,321,341.0,251.0,179,103,162,148,27.0,19.0,3.0,6.0,0.74,2.57,0.5,1.26,0.24,0.52,0.74,1.78,0.65,3.93,2,2,2,9,1,2,5,1,4,4,0.2906,0.4484,0.2533,1.8928,0.021,0.1259,0.1095,0.0055,0.0771,0.099,11,8,0,1,2,8,1,0,0,1,0.5071,1.2181,0.0,0.0535,0.2294,0.5117,0.0151,0.0,0.0,0.7884,14,18,23.09,15.41
4732584,2025-06-01,bra,2025,Brasileirao,11,Raphael Claus,9769,Gremio,10274,Juventude,0,2,0,44,56,18,14,9,5,8,4,1,5,1,0,13,5,5,9,7,5,5,1,3,1,31,20,15,11,2,2,0,0,0,4,25,26,6,6,5,1,41,26,5,7,69,55,42.0,43.0,27.0,12.0,6.0,2.0,321,403,251.0,341.0,103,179,148,162,19.0,27.0,6.0,3.0,2.57,0.74,1.26,0.5,0.52,0.24,1.78,0.74,3.93,0.65,2,2,9,2,2,1,1,5,4,4,0.4484,0.2906,1.8928,0.2533,0.1259,0.021,0.0055,0.1095,0.099,0.0771,8,11,1,0,8,2,0,1,1,0,1.2181,0.5071,0.0535,0.0,0.5117,0.2294,0.0,0.0151,0.7884,0.0,18,14,15.41,23.09
4732566,2025-06-04,bra,2025,Brasileirao,10,Edina Alves Batista,8517,Botafogo RJ,172341,Ceara,1,3,2,58,42,16,9,10,3,4,4,2,2,1,0,11,5,5,4,6,0,4,1,2,0,24,10,12,11,1,2,0,0,2,3,14,15,8,3,1,2,16,25,1,7,41,46,27.0,33.0,14.0,13.0,3.0,6.0,514,366,453.0,312.0,229,190,224,122,34.0,18.0,4.0,3.0,2.55,0.59,1.57,0.5,0.19,0.09,1.76,0.59,2.94,1.32,4,0,5,5,2,0,2,1,3,3,1.2654,0.0,1.0823,0.4955,0.0981,0.0,0.0933,0.0117,0.0437,0.0826,11,5,1,0,2,0,1,4,1,0,1.5343,0.4968,0.0666,0.0,0.1158,0.0,0.0777,0.093,0.7884,0.0,16,9,17.09,22.23
4732566,2025-06-04,bra,2025,Brasileirao,10,Edina Alves Batista,172341,Ceara,8517,Botafogo RJ,0,2,3,42,58,9,16,3,10,4,4,2,2,0,1,5,11,4,5,0,6,1,4,0,2,10,24,11,12,2,1,0,0,3,2,15,14,3,8,2,1,25,16,7,1,46,41,33.0,27.0,13.0,14.0,6.0,3.0,366,514,312.0,453.0,190,229,122,224,18.0,34.0,3.0,4.0,0.59,2.55,0.5,1.57,0.09,0.19,0.59,1.76,1.32,2.94,0,4,5,5,0,2,1,2,3,3,0.0,1.2654,0.4955,1.0823,0.0,0.0981,0.0117,0.0933,0.0826,0.0437,5,11,0,1,0,2,4,1,0,1,0.4968,1.5343,0.0,0.0666,0.0,0.1158,0.093,0.0777,0.0,0.7884,9,16,22.23,17.09
4732589,2025-06-12,bra,2025,Brasileirao,12,Lucas Paulo Torezin,109705,Red Bull Bragantino,7877,Bahia,1,0,3,32,68,9,14,2,5,6,7,1,2,0,0,2,10,7,4,4,1,0,3,0,2,7,38,3,11,2,2,1,0,1,0,7,9,9,7,2,1,13,23,3,2,27,26,26.0,17.0,1.0,9.0,9.0,6.0,339,729,280.0,684.0,181,292,99,392,23.0,26.0,1.0,4.0,0.39,2.25,0.31,2.08,0.08,0.17,0.39,2.25,0.41,2.0,0,0,1,9,1,1,5,4,2,0,0.0,0.0,0.1096,1.9031,0.0276,0.0309,0.2085,0.3156,0.0448,0.0,5,13,2,0,1,0,1,1,0,0,0.2041,2.0781,0.1087,0.0,0.0088,0.0,0.0689,0.1714,0.0,0.0,9,14,28.36,15.1
4732589,2025-06-12,bra,2025,Brasileirao,12,Lucas Paulo Torezin,7877,Bahia,109705,Red Bull Bragantino,0,3,0,68,32,14,9,5,2,7,6,2,1,0,0,10,2,4,7,1,4,3,0,2,0,38,7,11,3,2,2,0,1,0,1,9,7,7,9,1,2,23,13,2,3,26,27,17.0,26.0,9.0,1.0,6.0,9.0,729,339,684.0,280.0,292,181,392,99,26.0,23.0,4.0,1.0,2.25,0.39,2.08,0.31,0.17,0.08,2.25,0.39,2.0,0.41,0,0,9,1,1,1,4,5,0,2,0.0,0.0,1.9031,0.1096,0.0309,0.0276,0.3156,0.2085,0.0,0.0448,13,5,0,2,0,1,1,1,0,0,2.0781,0.2041,0.0,0.1087,0.0,0.0088,0.1714,0.0689,0.0,0.0,14,9,15.1,28.36
4732591,2025-06-12,bra,2025,Brasileirao,12,Davi de Oliveira Lacerda,9769,Gremio,9808,Corinthians,1,1,1,41,59,16,12,6,3,4,5,6,4,1,1,8,8,8,4,4,6,2,0,1,0,22,20,13,12,2,3,0,0,1,3,21,14,7,7,4,6,27,14,2,5,59,43,43.0,35.0,16.0,8.0,10.0,9.0,358,532,285.0,464.0,147,251,138,213,27.0,17.0,7.0,3.0,1.35,0.7,0.47,0.42,0.89,0.28,1.35,0.7,1.6,0.77,2,0,6,6,0,2,4,2,4,2,0.7276,0.0,0.3936,0.5134,0.0,0.1098,0.1783,0.034,0.0551,0.0505,9,8,0,0,3,4,4,0,0,0,0.4668,0.4326,0.0,0.0,0.1141,0.2751,0.7737,0.0,0.0,0.0,16,12,18.85,17.28
4732591,2025-06-12,bra,2025,Brasileirao,12,Davi de Oliveira Lacerda,9808,Corinthians,9769,Gremio,0,1,1,59,41,12,16,3,6,5,4,4,6,1,1,8,8,4,8,6,4,0,2,0,1,20,22,12,13,3,2,0,0,3,1,14,21,7,7,6,4,14,27,5,2,43,59,35.0,43.0,8.0,16.0,9.0,10.0,532,358,464.0,285.0,251,147,213,138,17.0,27.0,3.0,7.0,0.7,1.35,0.42,0.47,0.28,0.89,0.7,1.35,0.77,1.6,0,2,6,6,2,0,2,4,2,4,0.0,0.7276,0.5134,0.3936,0.1098,0.0,0.034,0.1783,0.0505,0.0551,8,9,0,0,4,3,0,4,0,0,0.4326,0.4668,0.0,0.0,0.2751,0.1141,0.0,0.7737,0.0,0.0,12,16,17.28,18.85
4732592,2025-06-12,bra,2025,Brasileirao,12,Alex Gomes Stefano,7733,Vitoria,9781,Cruzeiro,1,0,0,52,48,9,18,2,2,4,10,3,6,0,2,6,8,3,10,9,4,1,0,1,0,20,15,16,18,2,2,0,1,4,4,22,22,6,9,6,3,42,61,2,2,68,76,44.0,44.0,24.0,32.0,6.0,6.0,284,269,160.0,156.0,53,60,107,96,32.0,31.0,6.0,5.0,0.68,0.7,0.4,0.34,0.28,0.36,0.68,0.7,0.15,0.08,0,2,6,4,0,2,3,7,0,3,0.0,0.1075,0.6306,0.2123,0.0,0.038,0.0386,0.2618,0.0,0.0817,4,9,0,0,2,6,3,3,0,0,0.4097,0.337,0.0,0.0,0.0628,0.2453,0.1968,0.1191,0.0,0.0,9,18,17.91,19.93
4732592,2025-06-12,bra,2025,Brasileirao,12,Alex Gomes Stefano,9781,Cruzeiro,7733,Vitoria,0,0,0,48,52,18,9,2,2,10,4,6,3,2,0,8,6,10,3,4,9,0,1,0,1,15,20,18,16,2,2,1,0,4,4,22,22,9,6,3,6,61,42,2,2,76,68,44.0,44.0,32.0,24.0,6.0,6.0,269,284,156.0,160.0,60,53,96,107,31.0,32.0,5.0,6.0,0.7,0.68,0.34,0.4,0.36,0.28,0.7,0.68,0.08,0.15,2,0,4,6,2,0,7,3,3,0,0.1075,0.0,0.2123,0.6306,0.038,0.0,0.2618,0.0386,0.0817,0.0,9,4,0,0,6,2,3,3,0,0,0.337,0.4097,0.0,0.0,0.2453,0.0628,0.1191,0.1968,0.0,0.0,18,9,19.93,17.91
4732593,2025-06-12,bra,2025,Brasileirao,12,Paulo Cesar Zanovelli da Silva,8287,Fortaleza,8514,Santos FC,1,2,3,57,43,32,8,10,3,10,4,12,1,1,1,19,4,13,4,15,0,5,2,3,0,37,14,16,17,5,3,0,0,5,2,16,19,4,6,1,11,8,38,1,8,54,55,36.0,42.0,18.0,13.0,5.0,7.0,409,335,339.0,251.0,117,156,222,95,20.0,15.0,11.0,1.0,2.9,0.8,1.02,0.61,0.3,0.19,1.32,0.8,2.36,1.79,2,0,12,2,5,2,9,3,4,1,0.1334,0.0,2.1901,0.4825,0.2361,0.1602,0.2379,0.1453,0.1012,0.0219,19,6,1,0,7,0,3,2,2,0,0.8597,0.6243,0.1593,0.0,0.1885,0.0,0.1144,0.1856,1.5768,0.0,32,8,18.79,18.24
4732593,2025-06-12,bra,2025,Brasileirao,12,Paulo Cesar Zanovelli da Silva,8514,Santos FC,8287,Fortaleza,0,3,2,43,57,8,32,3,10,4,10,1,12,1,1,4,19,4,13,0,15,2,5,0,3,14,37,17,16,3,5,0,0,2,5,19,16,6,4,11,1,38,8,8,1,55,54,42.0,36.0,13.0,18.0,7.0,5.0,335,409,251.0,339.0,156,117,95,222,15.0,20.0,1.0,11.0,0.8,2.9,0.61,1.02,0.19,0.3,0.8,1.32,1.79,2.36,0,2,2,12,2,5,3,9,1,4,0.0,0.1334,0.4825,2.1901,0.1602,0.2361,0.1453,0.2379,0.0219,0.1012,6,19,0,1,0,7,2,3,0,2,0.6243,0.8597,0.0,0.1593,0.0,0.1885,0.1856,0.1144,0.0,1.5768,8,32,18.24,18.79
4732588,2025-06-13,bra,2025,Brasileirao,12,Rafael Rodrigo Klein,10277,Sao Paulo,10276,Vasco da Gama,1,1,3,51,49,11,14,3,9,5,4,3,1,0,0,4,7,7,7,4,3,0,4,0,2,14,18,18,17,4,2,0,0,0,1,19,19,12,13,1,3,15,30,6,3,57,65,45.0,51.0,12.0,14.0,10.0,15.0,475,457,401.0,387.0,193,231,208,156,25.0,20.0,3.0,2.0,0.38,1.81,0.38,1.76,0.0,0.04,0.38,1.81,0.36,3.25,0,1,3,5,1,2,7,3,0,3,0.0,0.4743,0.1308,1.0052,0.0327,0.2473,0.2173,0.0991,0.0,0.0524,10,10,1,2,0,1,0,1,0,0,0.3403,1.3419,0.0406,0.4918,0.0,0.0132,0.0,0.0314,0.0,0.0,11,14,20.98,18.66
4732588,2025-06-13,bra,2025,Brasileirao,12,Rafael Rodrigo Klein,10276,Vasco da Gama,10277,Sao Paulo,0,3,1,49,51,14,11,9,3,4,5,1,3,0,0,7,4,7,7,3,4,4,0,2,0,18,14,17,18,2,4,0,0,1,0,19,19,13,12,3,1,30,15,3,6,65,57,51.0,45.0,14.0,12.0,15.0,10.0,457,475,387.0,401.0,231,193,156,208,20.0,25.0,2.0,3.0,1.81,0.38,1.76,0.38,0.04,0.0,1.81,0.38,3.25,0.36,1,0,5,3,2,1,3,7,3,0,0.4743,0.0,1.0052,0.1308,0.2473,0.0327,0.0991,0.2173,0.0524,0.0,10,10,2,1,1,0,1,0,0,0,1.3419,0.3403,0.4918,0.0406,0.0132,0.0,0.0314,0.0,0.0,0.0,14,11,18.66,20.98
4732590,2025-06-13,bra,2025,Brasileirao,12,Flavio Rodrigues De Souza,10272,Atletico MG,8702,Internacional,1,2,0,52,48,13,10,4,2,6,6,3,2,1,2,6,8,7,2,6,5,2,1,1,1,15,17,18,14,4,3,0,0,5,0,18,14,13,14,2,4,24,19,2,2,45,47,37.0,30.0,8.0,17.0,5.0,4.0,441,407,353.0,315.0,191,173,162,142,35.0,22.0,2.0,11.0,0.91,0.52,0.79,0.26,0.12,0.26,0.91,0.52,0.61,0.37,0,0,2,6,4,2,3,1,4,1,0.0,0.0,0.3664,0.3881,0.3602,0.1889,0.1137,0.0136,0.0723,0.0162,10,5,0,0,1,2,2,3,0,0,0.7939,0.3419,0.0,0.0,0.0173,0.0659,0.1014,0.1988,0.0,0.0,13,10,24.02,15.85
4732590,2025-06-13,bra,2025,Brasileirao,12,Flavio Rodrigues De Souza,8702,Internacional,10272,Atletico MG,0,0,2,48,52,10,13,2,4,6,6,2,3,2,1,8,6,2,7,5,6,1,2,1,1,17,15,14,18,3,4,0,0,0,5,14,18,14,13,4,2,19,24,2,2,47,45,30.0,37.0,17.0,8.0,4.0,5.0,407,441,315.0,353.0,173,191,142,162,22.0,35.0,11.0,2.0,0.52,0.91,0.26,0.79,0.26,0.12,0.52,0.91,0.37,0.61,0,0,6,2,2,4,1,3,1,4,0.0,0.0,0.3881,0.3664,0.1889,0.3602,0.0136,0.1137,0.0162,0.0723,5,10,0,0,2,1,3,2,0,0,0.3419,0.7939,0.0,0.0,0.0659,0.0173,0.1988,0.1014,0.0,0.0,10,13,15.85,24.02
4732595,2025-07-12,bra,2025,Brasileirao,13,Wilton Pereira Sampaio,9770,Flamengo,10277,Sao Paulo,1,2,0,61,39,22,6,10,0,4,3,8,3,1,0,12,5,10,1,7,1,2,0,1,0,40,10,12,9,2,2,0,0,0,2,16,13,8,7,3,8,9,40,0,8,51,49,35.0,29.0,16.0,20.0,12.0,7.0,622,410,538.0,338.0,190,241,348,97,18.0,21.0,5.0,3.0,1.3,0.25,1.23,0.24,0.06,0.01,1.3,0.25,2.52,0.0,0,0,9,2,3,3,8,1,2,0,0.0,0.0,1.0079,0.1059,0.1001,0.0941,0.1645,0.0154,0.0305,0.0,18,5,1,0,3,0,0,1,0,0,1.2264,0.2067,0.0133,0.0,0.0634,0.0,0.0,0.0087,0.0,0.0,22,6,19.49,18.17
4732595,2025-07-12,bra,2025,Brasileirao,13,Wilton Pereira Sampaio,10277,Sao Paulo,9770,Flamengo,0,0,2,39,61,6,22,0,10,3,4,3,8,0,1,5,12,1,10,1,7,0,2,0,1,10,40,9,12,2,2,0,0,2,0,13,16,7,8,8,3,40,9,8,0,49,51,29.0,35.0,20.0,16.0,7.0,12.0,410,622,338.0,538.0,241,190,97,348,21.0,18.0,3.0,5.0,0.25,1.3,0.24,1.23,0.01,0.06,0.25,1.3,0.0,2.52,0,0,2,9,3,3,1,8,0,2,0.0,0.0,0.1059,1.0079,0.0941,0.1001,0.0154,0.1645,0.0,0.0305,5,18,0,1,0,3,1,0,0,0,0.2067,1.2264,0.0,0.0133,0.0,0.0634,0.0087,0.0,0.0,0.0,6,22,18.17,19.49
4732596,2025-07-12,bra,2025,Brasileirao,13,Anderson Daronco,10276,Vasco da Gama,8517,Botafogo RJ,1,0,2,66,34,11,21,5,6,3,10,3,5,0,0,4,13,7,8,5,3,1,6,1,4,19,30,12,14,2,2,0,0,0,1,15,15,4,7,3,3,11,30,4,5,41,43,34.0,31.0,7.0,12.0,6.0,5.0,665,336,606.0,288.0,380,147,226,141,21.0,21.0,5.0,7.0,0.53,3.17,0.48,2.48,0.06,0.69,0.53,3.17,0.2,2.55,0,3,1,7,3,3,4,8,3,0,0.0,1.4758,0.2067,1.3136,0.1221,0.1298,0.1491,0.2886,0.0579,0.0,10,10,0,4,0,1,1,6,0,0,0.4776,2.0011,0.0,0.5198,0.0,0.0413,0.0583,0.6456,0.0,0.0,11,21,22.91,17.79
4732596,2025-07-12,bra,2025,Brasileirao,13,Anderson Daronco,8517,Botafogo RJ,10276,Vasco da Gama,0,2,0,34,66,21,11,6,5,10,3,5,3,0,0,13,4,8,7,3,5,6,1,4,1,30,19,14,12,2,2,0,0,1,0,15,15,7,4,3,3,30,11,5,4,43,41,31.0,34.0,12.0,7.0,5.0,6.0,336,665,288.0,606.0,147,380,141,226,21.0,21.0,7.0,5.0,3.17,0.53,2.48,0.48,0.69,0.06,3.17,0.53,2.55,0.2,3,0,7,1,3,3,8,4,0,3,1.4758,0.0,1.3136,0.2067,0.1298,0.1221,0.2886,0.1491,0.0,0.0579,10,10,4,0,1,0,6,1,0,0,2.0011,0.4776,0.5198,0.0,0.0413,0.0,0.6456,0.0583,0.0,0.0,21,11,17.79,22.91
4732601,2025-07-12,bra,2025,Brasileirao,13,Rodrigo José Pereira de Lima,8702,Internacional,7733,Vitoria,1,1,0,63,37,20,11,3,4,9,4,8,3,0,0,12,8,8,3,2,5,2,1,2,1,31,16,15,14,2,1,0,0,2,1,19,17,1,14,3,8,28,36,4,2,57,54,39.0,41.0,18.0,13.0,7.0,10.0,618,350,544.0,282.0,224,154,320,128,31.0,20.0,6.0,5.0,1.9,0.88,1.78,0.45,0.12,0.43,1.9,0.88,0.8,0.5,0,0,10,6,2,2,3,1,5,2,0.0,0.0,1.6246,0.6066,0.1079,0.0732,0.0705,0.0182,0.1013,0.0312,18,5,0,0,1,3,1,3,0,0,1.7797,0.2776,0.0,0.0,0.1144,0.1004,0.0102,0.351,0.0,0.0,20,11,17.39,15.64
4732601,2025-07-12,bra,2025,Brasileirao,13,Rodrigo José Pereira de Lima,7733,Vitoria,8702,Internacional,0,0,1,37,63,11,20,4,3,4,9,3,8,0,0,8,12,3,8,5,2,1,2,1,2,16,31,14,15,1,2,0,0,1,2,17,19,14,1,8,3,36,28,2,4,54,57,41.0,39.0,13.0,18.0,10.0,7.0,350,618,282.0,544.0,154,224,128,320,20.0,31.0,5.0,6.0,0.88,1.9,0.45,1.78,0.43,0.12,0.88,1.9,0.5,0.8,0,0,6,10,2,2,1,3,2,5,0.0,0.0,0.6066,1.6246,0.0732,0.1079,0.0182,0.0705,0.0312,0.1013,5,18,0,0,3,1,3,1,0,0,0.2776,1.7797,0.0,0.0,0.1004,0.1144,0.351,0.0102,0.0,0.0,11,20,15.64,17.39
4732597,2025-07-13,bra,2025,Brasileirao,13,Bruno Arleu de Araújo,9808,Corinthians,109705,Red Bull Bragantino,1,1,2,62,38,13,9,8,5,3,2,2,2,1,1,10,6,3,3,10,2,3,3,2,2,25,17,18,16,6,5,0,0,3,0,22,13,6,12,3,3,11,36,2,6,60,50,46.0,40.0,14.0,10.0,10.0,10.0,547,332,461.0,261.0,256,144,205,117,42.0,13.0,4.0,5.0,2.34,1.78,1.32,0.28,1.02,0.71,2.34,0.99,3.11,2.12,4,2,5,4,1,0,2,1,1,2,1.4995,0.6453,0.736,1.2338,0.0385,0.0,0.1195,0.0329,0.0653,0.0564,7,3,0,0,5,3,1,2,0,1,1.3176,0.2758,0.0,0.0,1.0872,0.8088,0.0541,0.0954,0.0,0.7884,13,9,12.32,13.92
4732597,2025-07-13,bra,2025,Brasileirao,13,Bruno Arleu de Araújo,109705,Red Bull Bragantino,9808,Corinthians,0,2,1,38,62,9,13,5,8,2,3,2,2,1,1,6,10,3,3,2,10,3,3,2,2,17,25,16,18,5,6,0,0,0,3,13,22,12,6,3,3,36,11,6,2,50,60,40.0,46.0,10.0,14.0,10.0,10.0,332,547,261.0,461.0,144,256,117,205,13.0,42.0,5.0,4.0,1.78,2.34,0.28,1.32,0.71,1.02,0.99,2.34,2.12,3.11,2,4,4,5,0,1,1,2,2,1,0.6453,1.4995,1.2338,0.736,0.0,0.0385,0.0329,0.1195,0.0564,0.0653,3,7,0,0,3,5,2,1,1,0,0.2758,1.3176,0.0,0.0,0.8088,1.0872,0.0954,0.0541,0.7884,0.0,9,13,13.92,12.32
4732600,2025-07-13,bra,2025,Brasileirao,13,Lucas Paulo Torezin,9781,Cruzeiro,9769,Gremio,1,4,1,46,54,17,11,9,2,5,7,3,2,0,0,11,6,6,5,6,3,5,2,1,1,22,11,14,10,4,2,0,0,1,1,17,15,6,9,2,3,18,21,1,5,38,42,34.0,32.0,4.0,10.0,7.0,4.0,361,429,301.0,364.0,143,223,158,141,18.0,27.0,4.0,7.0,2.62,0.76,1.97,0.6,0.65,0.17,2.62,0.76,4.02,1.08,2,0,7,6,2,0,4,1,2,4,0.7638,0.0,1.6459,0.5797,0.0304,0.0,0.158,0.0876,0.0236,0.0974,11,8,0,0,4,2,2,1,0,0,1.967,0.5954,0.0,0.0,0.4511,0.132,0.2035,0.0373,0.0,0.0,17,11,15.15,17.36
4732600,2025-07-13,bra,2025,Brasileirao,13,Lucas Paulo Torezin,9769,Gremio,9781,Cruzeiro,0,1,4,54,46,11,17,2,9,7,5,2,3,0,0,6,11,5,6,3,6,2,5,1,1,11,22,10,14,2,4,0,0,1,1,15,17,9,6,3,2,21,18,5,1,42,38,32.0,34.0,10.0,4.0,4.0,7.0,429,361,364.0,301.0,223,143,141,158,27.0,18.0,7.0,4.0,0.76,2.62,0.6,1.97,0.17,0.65,0.76,2.62,1.08,4.02,0,2,6,7,0,2,1,4,4,2,0.0,0.7638,0.5797,1.6459,0.0,0.0304,0.0876,0.158,0.0974,0.0236,8,11,0,0,2,4,1,2,0,0,0.5954,1.967,0.0,0.0,0.132,0.4511,0.0373,0.2035,0.0,0.0,11,17,17.36,15.15
4732602,2025-07-13,bra,2025,Brasileirao,13,Davi de Oliveira Lacerda,7877,Bahia,10272,Atletico MG,1,2,1,47,53,18,10,5,2,9,4,4,4,0,0,7,3,11,7,4,7,0,0,0,0,20,16,12,11,2,2,0,0,0,0,22,28,5,8,4,4,24,31,1,3,49,68,40.0,51.0,9.0,17.0,7.0,11.0,373,418,299.0,347.0,128,153,171,194,20.0,15.0,4.0,4.0,0.67,0.35,0.44,0.26,0.22,0.08,0.67,0.35,0.91,0.2,1,0,4,2,2,1,4,3,7,4,0.0241,0.0,0.1622,0.1814,0.0606,0.0335,0.1794,0.0633,0.2408,0.0631,12,4,1,2,3,2,2,2,0,0,0.3504,0.0817,0.0938,0.1814,0.0943,0.0176,0.1286,0.0606,0.0,0.0,18,10,22.05,25.58
4732602,2025-07-13,bra,2025,Brasileirao,13,Davi de Oliveira Lacerda,10272,Atletico MG,7877,Bahia,0,1,2,53,47,10,18,2,5,4,9,4,4,0,0,3,7,7,11,7,4,0,0,0,0,16,20,11,12,2,2,0,0,0,0,28,22,8,5,4,4,31,24,3,1,68,49,51.0,40.0,17.0,9.0,11.0,7.0,418,373,347.0,299.0,153,128,194,171,15.0,20.0,4.0,4.0,0.35,0.67,0.26,0.44,0.08,0.22,0.35,0.67,0.2,0.91,0,1,2,4,1,2,3,4,4,7,0.0,0.0241,0.1814,0.1622,0.0335,0.0606,0.0633,0.1794,0.0631,0.2408,4,12,2,1,2,3,2,2,0,0,0.0817,0.3504,0.1814,0.0938,0.0176,0.0943,0.0606,0.1286,0.0,0.0,10,18,25.58,22.05
4732603,2025-07-13,bra,2025,Brasileirao,13,Raphael Claus,8287,Fortaleza,172341,Ceara,1,0,1,60,40,13,14,0,3,5,8,8,3,0,0,7,8,6,6,3,5,1,3,1,2,16,20,12,13,2,4,0,0,5,4,19,11,12,6,3,8,30,35,2,0,55,42,33.0,26.0,22.0,16.0,1.0,4.0,400,268,303.0,175.0,165,84,138,91,27.0,27.0,5.0,2.0,0.74,2.2,0.36,2.08,0.37,0.12,0.74,2.2,0.0,1.98,1,1,3,5,3,2,5,4,1,2,0.1977,0.7167,0.2768,1.1891,0.1006,0.0618,0.1317,0.1342,0.0298,0.101,7,9,0,1,1,1,5,3,0,0,0.3631,1.7742,0.0,0.3074,0.1977,0.0147,0.1758,0.1064,0.0,0.0,13,14,19.12,18.51
4732603,2025-07-13,bra,2025,Brasileirao,13,Raphael Claus,172341,Ceara,8287,Fortaleza,0,1,0,40,60,14,13,3,0,8,5,3,8,0,0,8,7,6,6,5,3,3,1,2,1,20,16,13,12,4,2,0,0,4,5,11,19,6,12,8,3,35,30,0,2,42,55,26.0,33.0,16.0,22.0,4.0,1.0,268,400,175.0,303.0,84,165,91,138,27.0,27.0,2.0,5.0,2.2,0.74,2.08,0.36,0.12,0.37,2.2,0.74,1.98,0.0,1,1,5,3,2,3,4,5,2,1,0.7167,0.1977,1.1891,0.2768,0.0618,0.1006,0.1342,0.1317,0.101,0.0298,9,7,1,0,1,1,3,5,0,0,1.7742,0.3631,0.3074,0.0,0.0147,0.1977,0.1064,0.1758,0.0,0.0,14,13,18.51,19.12
4732604,2025-07-14,bra,2025,Brasileirao,13,Jefferson Ferreira de Moraes,10274,Juventude,6305,Sport Recife,1,2,0,38,62,5,21,3,5,2,7,0,9,0,1,1,11,4,10,1,8,0,0,0,0,10,33,17,15,3,3,0,0,2,2,20,15,7,4,9,0,23,15,5,1,62,54,45.0,42.0,17.0,12.0,11.0,10.0,349,564,273.0,498.0,191,202,82,296,26.0,23.0,3.0,4.0,0.25,1.31,0.25,0.94,0.0,0.38,0.25,1.31,0.56,1.6,0,0,1,7,0,4,2,9,2,1,0.0,0.0,0.0349,0.8257,0.0,0.15,0.1816,0.3301,0.0327,0.0126,4,14,1,0,0,3,0,4,0,0,0.2404,0.9424,0.0088,0.0,0.0,0.077,0.0,0.299,0.0,0.0,5,21,31.03,20.04
4732604,2025-07-14,bra,2025,Brasileirao,13,Jefferson Ferreira de Moraes,6305,Sport Recife,10274,Juventude,0,0,2,62,38,21,5,5,3,7,2,9,0,1,0,11,1,10,4,8,1,0,0,0,0,33,10,15,17,3,3,0,0,2,2,15,20,4,7,0,9,15,23,1,5,54,62,42.0,45.0,12.0,17.0,10.0,11.0,564,349,498.0,273.0,202,191,296,82,23.0,26.0,4.0,3.0,1.31,0.25,0.94,0.25,0.38,0.0,1.31,0.25,1.6,0.56,0,0,7,1,4,0,9,2,1,2,0.0,0.0,0.8257,0.0349,0.15,0.0,0.3301,0.1816,0.0126,0.0327,14,4,0,1,3,0,4,0,0,0,0.9424,0.2404,0.0,0.0088,0.077,0.0,0.299,0.0,0.0,0.0,21,5,20.04,31.03
4732607,2025-07-16,bra,2025,Brasileirao,14,Sávio Pereira Sampaio,10283,Palmeiras,163782,Mirassol,1,1,1,52,48,16,4,3,1,8,0,5,3,0,0,5,4,11,0,7,3,0,1,0,0,27,14,13,17,1,3,0,0,2,2,17,13,12,2,3,5,17,30,0,2,53,46,42.0,31.0,11.0,15.0,10.0,6.0,381,364,317.0,302.0,152,190,165,112,27.0,23.0,4.0,5.0,0.73,0.89,0.63,0.21,0.11,0.68,0.73,0.89,0.65,0.79,0,1,4,2,1,1,7,0,4,0,0.0,0.6506,0.3721,0.2123,0.0485,0.0233,0.2076,0.0,0.1037,0.0,10,2,1,0,2,1,3,1,0,0,0.5384,0.2123,0.0868,0.0,0.0568,0.0233,0.0499,0.6506,0.0,0.0,16,4,22.56,10.14
4732607,2025-07-16,bra,2025,Brasileirao,14,Sávio Pereira Sampaio,163782,Mirassol,10283,Palmeiras,0,1,1,48,52,4,16,1,3,0,8,3,5,0,0,4,5,0,11,3,7,1,0,0,0,14,27,17,13,3,1,0,0,2,2,13,17,2,12,5,3,30,17,2,0,46,53,31.0,42.0,15.0,11.0,6.0,10.0,364,381,302.0,317.0,190,152,112,165,23.0,27.0,5.0,4.0,0.89,0.73,0.21,0.63,0.68,0.11,0.89,0.73,0.79,0.65,1,0,2,4,1,1,0,7,0,4,0.6506,0.0,0.2123,0.3721,0.0233,0.0485,0.0,0.2076,0.0,0.1037,2,10,0,1,1,2,1,3,0,0,0.2123,0.5384,0.0,0.0868,0.0233,0.0568,0.6506,0.0499,0.0,0.0,4,16,10.14,22.56
4732608,2025-07-16,bra,2025,Brasileirao,14,Felipe Fernandes de Lima,8514,Santos FC,9770,Flamengo,1,1,0,26,74,8,10,4,5,2,3,2,2,0,0,4,4,4,6,3,8,2,1,1,1,11,25,16,15,2,3,0,0,1,0,20,15,12,7,2,3,36,8,5,2,47,48,40.0,40.0,7.0,8.0,6.0,9.0,244,707,190.0,638.0,119,269,71,369,12.0,14.0,2.0,2.0,1.21,0.67,1.16,0.56,0.05,0.11,1.21,0.67,0.63,0.85,0,0,4,1,0,3,3,4,1,2,0.0,0.0,0.7991,0.0656,0.0,0.3856,0.2519,0.1611,0.1618,0.0592,4,8,3,0,1,0,0,2,0,0,0.3214,0.562,0.8412,0.0,0.0503,0.0,0.0,0.1094,0.0,0.0,8,10,16.98,21.24
4732608,2025-07-16,bra,2025,Brasileirao,14,Felipe Fernandes de Lima,9770,Flamengo,8514,Santos FC,0,0,1,74,26,10,8,5,4,3,2,2,2,0,0,4,4,6,4,8,3,1,2,1,1,25,11,15,16,3,2,0,0,0,1,15,20,7,12,3,2,8,36,2,5,48,47,40.0,40.0,8.0,7.0,9.0,6.0,707,244,638.0,190.0,269,119,369,71,14.0,12.0,2.0,2.0,0.67,1.21,0.56,1.16,0.11,0.05,0.67,1.21,0.85,0.63,0,0,1,4,3,0,4,3,2,1,0.0,0.0,0.0656,0.7991,0.3856,0.0,0.1611,0.2519,0.0592,0.1618,8,4,0,3,0,1,2,0,0,0,0.562,0.3214,0.0,0.8412,0.0,0.0503,0.1094,0.0,0.0,0.0,10,8,21.24,16.98
4732613,2025-07-16,bra,2025,Brasileirao,14,Paulo Cesar Zanovelli da Silva,172341,Ceara,9808,Corinthians,1,0,1,45,55,16,5,2,2,8,3,6,0,0,0,8,2,8,3,7,3,0,1,0,0,23,8,16,12,3,2,0,0,2,2,4,18,10,7,0,5,17,30,1,2,40,47,23.0,33.0,17.0,14.0,8.0,0.0,352,448,283.0,365.0,107,221,176,144,11.0,36.0,5.0,1.0,0.73,0.9,0.36,0.89,0.37,0.02,0.73,0.9,0.09,1.03,1,1,4,0,3,1,6,1,2,2,0.0753,0.8291,0.4006,0.0,0.0896,0.0217,0.1144,0.0178,0.0531,0.0355,11,4,0,0,5,0,0,1,0,0,0.3909,0.8863,0.0,0.0,0.3422,0.0,0.0,0.0178,0.0,0.0,16,5,20.58,21.35
4732613,2025-07-16,bra,2025,Brasileirao,14,Paulo Cesar Zanovelli da Silva,9808,Corinthians,172341,Ceara,0,1,0,55,45,5,16,2,2,3,8,0,6,0,0,2,8,3,8,3,7,1,0,0,0,8,23,12,16,2,3,0,0,2,2,18,4,7,10,5,0,30,17,2,1,47,40,33.0,23.0,14.0,17.0,0.0,8.0,448,352,365.0,283.0,221,107,144,176,36.0,11.0,1.0,5.0,0.9,0.73,0.89,0.36,0.02,0.37,0.9,0.73,1.03,0.09,1,1,0,4,1,3,1,6,2,2,0.8291,0.0753,0.0,0.4006,0.0217,0.0896,0.0178,0.1144,0.0355,0.0531,4,11,0,0,0,5,1,0,0,0,0.8863,0.3909,0.0,0.0,0.0,0.3422,0.0178,0.0,0.0,0.0,5,16,21.35,20.58
4732605,2025-07-17,bra,2025,Brasileirao,14,Rafael Rodrigo Klein,9863,Fluminense,9781,Cruzeiro,1,0,2,69,31,28,8,6,5,16,3,6,0,3,0,20,7,8,1,7,2,0,2,0,0,51,14,12,13,1,2,0,0,0,2,8,17,4,10,0,6,10,53,3,7,44,48,30.0,34.0,14.0,14.0,10.0,5.0,601,282,546.0,220.0,244,117,302,103,34.0,14.0,9.0,1.0,1.42,0.84,1.07,0.72,0.35,0.12,1.42,0.84,0.27,1.69,1,0,13,3,6,4,4,1,4,0,0.0913,0.0,1.022,0.6601,0.1644,0.1572,0.0875,0.0261,0.0596,0.0,19,3,0,3,4,1,5,1,0,0,1.0917,0.1226,0.0,0.5964,0.1114,0.0983,0.2217,0.0261,0.0,0.0,28,8,16.79,20.82
4732605,2025-07-17,bra,2025,Brasileirao,14,Rafael Rodrigo Klein,9781,Cruzeiro,9863,Fluminense,0,2,0,31,69,8,28,5,6,3,16,0,6,0,3,7,20,1,8,2,7,2,0,0,0,14,51,13,12,2,1,0,0,2,0,17,8,10,4,6,0,53,10,7,3,48,44,34.0,30.0,14.0,14.0,5.0,10.0,282,601,220.0,546.0,117,244,103,302,14.0,34.0,1.0,9.0,0.84,1.42,0.72,1.07,0.12,0.35,0.84,1.42,1.69,0.27,0,1,3,13,4,6,1,4,0,4,0.0,0.0913,0.6601,1.022,0.1572,0.1644,0.0261,0.0875,0.0,0.0596,3,19,3,0,1,4,1,5,0,0,0.1226,1.0917,0.5964,0.0,0.0983,0.1114,0.0261,0.2217,0.0,0.0,8,28,20.82,16.79
4732606,2025-07-17,bra,2025,Brasileirao,14,Lucas Casagrande,8517,Botafogo RJ,7733,Vitoria,1,0,0,65,35,23,8,8,1,11,4,4,3,2,0,17,2,6,6,6,5,3,0,3,0,34,5,10,19,1,5,0,0,1,1,11,11,5,12,2,5,18,46,1,7,57,39,35.0,23.0,22.0,16.0,9.0,4.0,601,322,535.0,257.0,215,162,320,95,29.0,15.0,11.0,2.0,1.72,0.13,1.49,0.09,0.23,0.04,1.72,0.13,1.06,0.05,2,0,11,1,4,1,5,4,1,2,0.2118,0.0,1.0279,0.0231,0.2216,0.0127,0.243,0.0967,0.0151,0.0292,16,6,1,0,5,2,1,0,0,0,1.4595,0.1333,0.0337,0.0,0.1844,0.0284,0.0418,0.0,0.0,0.0,23,8,15.41,24.44
4732606,2025-07-17,bra,2025,Brasileirao,14,Lucas Casagrande,7733,Vitoria,8517,Botafogo RJ,0,0,0,35,65,8,23,1,8,4,11,3,4,0,2,2,17,6,6,5,6,0,3,0,3,5,34,19,10,5,1,0,0,1,1,11,11,12,5,5,2,46,18,7,1,39,57,23.0,35.0,16.0,22.0,4.0,9.0,322,601,257.0,535.0,162,215,95,320,15.0,29.0,2.0,11.0,0.13,1.72,0.09,1.49,0.04,0.23,0.13,1.72,0.05,1.06,0,2,1,11,1,4,4,5,2,1,0.0,0.2118,0.0231,1.0279,0.0127,0.2216,0.0967,0.243,0.0292,0.0151,6,16,0,1,2,5,0,1,0,0,0.1333,1.4595,0.0,0.0337,0.0284,0.1844,0.0,0.0418,0.0,0.0,8,23,24.44,15.41
4732609,2025-07-17,bra,2025,Brasileirao,14,Alex Gomes Stefano,109705,Red Bull Bragantino,10277,Sao Paulo,1,2,2,48,52,17,14,3,5,7,7,7,2,0,0,8,10,9,4,6,4,1,5,0,4,26,25,11,18,3,0,0,0,0,0,10,18,7,14,2,7,23,33,3,1,48,44,37.0,35.0,11.0,9.0,11.0,6.0,468,525,401.0,458.0,220,285,181,173,26.0,36.0,6.0,4.0,0.82,1.39,0.47,1.39,0.34,0.0,0.82,1.39,0.94,1.88,1,1,6,7,1,2,6,3,3,1,0.2017,0.3317,0.3962,0.8761,0.0329,0.0712,0.1344,0.0967,0.0513,0.0101,12,14,0,0,5,0,0,0,0,0,0.4812,1.3858,0.0,0.0,0.3352,0.0,0.0,0.0,0.0,0.0,17,14,20.74,14.99
4732609,2025-07-17,bra,2025,Brasileirao,14,Alex Gomes Stefano,10277,Sao Paulo,109705,Red Bull Bragantino,0,2,2,52,48,14,17,5,3,7,7,2,7,0,0,10,8,4,9,4,6,5,1,4,0,25,26,18,11,0,3,0,0,0,0,18,10,14,7,7,2,33,23,1,3,44,48,35.0,37.0,9.0,11.0,6.0,11.0,525,468,458.0,401.0,285,220,173,181,36.0,26.0,4.0,6.0,1.39,0.82,1.39,0.47,0.0,0.34,1.39,0.82,1.88,0.94,1,1,7,6,2,1,3,6,1,3,0.3317,0.2017,0.8761,0.3962,0.0712,0.0329,0.0967,0.1344,0.0101,0.0513,14,12,0,0,0,5,0,0,0,0,1.3858,0.4812,0.0,0.0,0.0,0.3352,0.0,0.0,0.0,0.0,14,17,14.99,20.74
4732616,2025-07-19,bra,2025,Brasileirao,15,Felipe Fernandes de Lima,10276,Vasco da Gama,9769,Gremio,1,1,1,64,36,31,9,7,4,12,4,12,1,1,1,15,5,16,4,12,2,3,2,2,1,31,6,16,15,2,3,0,0,1,1,12,13,8,11,1,10,8,38,3,6,48,49,34.0,31.0,14.0,18.0,10.0,3.0,515,303,461.0,234.0,206,136,255,98,22.0,23.0,8.0,3.0,1.9,0.94,0.71,0.25,1.19,0.69,1.9,0.94,1.73,1.04,2,1,11,4,2,0,9,2,7,2,0.4136,0.2419,1.1129,0.5706,0.0523,0.0,0.2072,0.1551,0.1146,0.019,20,1,0,4,8,3,3,1,0,0,0.7071,0.011,0.0,0.2388,0.8663,0.3754,0.3273,0.3615,0.0,0.0,31,9,20.32,17.14
4732616,2025-07-19,bra,2025,Brasileirao,15,Felipe Fernandes de Lima,9769,Gremio,10276,Vasco da Gama,0,1,1,36,64,9,31,4,7,4,12,1,12,1,1,5,15,4,16,2,12,2,3,1,2,6,31,15,16,3,2,0,0,1,1,13,12,11,8,10,1,38,8,6,3,49,48,31.0,34.0,18.0,14.0,3.0,10.0,303,515,234.0,461.0,136,206,98,255,23.0,22.0,3.0,8.0,0.94,1.9,0.25,0.71,0.69,1.19,0.94,1.9,1.04,1.73,1,2,4,11,0,2,2,9,2,7,0.2419,0.4136,0.5706,1.1129,0.0,0.0523,0.1551,0.2072,0.019,0.1146,1,20,4,0,3,8,1,3,0,0,0.011,0.7071,0.2388,0.0,0.3754,0.8663,0.3615,0.3273,0.0,0.0,9,31,17.14,20.32
4732619,2025-07-19,bra,2025,Brasileirao,15,Matheus Delgado Candançan,163782,Mirassol,8514,Santos FC,1,3,0,44,56,19,8,11,0,3,6,5,2,0,0,9,3,10,5,9,2,4,2,2,2,24,24,16,9,1,1,1,0,3,2,10,21,7,7,2,5,22,28,0,8,36,55,25.0,42.0,11.0,13.0,6.0,7.0,363,482,310.0,419.0,166,212,144,207,20.0,18.0,5.0,3.0,1.79,0.48,1.26,0.28,0.53,0.2,1.79,0.48,2.91,0.0,3,2,4,1,2,0,7,2,3,3,0.8904,0.1647,0.5546,0.1005,0.0689,0.0,0.2005,0.1333,0.0803,0.0835,12,5,1,0,5,1,1,2,0,0,1.2506,0.2835,0.0453,0.0,0.3511,0.1005,0.1476,0.098,0.0,0.0,19,8,19.19,17.82
4732619,2025-07-19,bra,2025,Brasileirao,15,Matheus Delgado Candançan,8514,Santos FC,163782,Mirassol,0,0,3,56,44,8,19,0,11,6,3,2,5,0,0,3,9,5,10,2,9,2,4,2,2,24,24,9,16,1,1,0,1,2,3,21,10,7,7,5,2,28,22,8,0,55,36,42.0,25.0,13.0,11.0,7.0,6.0,482,363,419.0,310.0,212,166,207,144,18.0,20.0,3.0,5.0,0.48,1.79,0.28,1.26,0.2,0.53,0.48,1.79,0.0,2.91,2,3,1,4,0,2,2,7,3,3,0.1647,0.8904,0.1005,0.5546,0.0,0.0689,0.1333,0.2005,0.0835,0.0803,5,12,0,1,1,5,2,1,0,0,0.2835,1.2506,0.0,0.0453,0.1005,0.3511,0.098,0.1476,0.0,0.0,8,19,17.82,19.19
4732623,2025-07-19,bra,2025,Brasileirao,15,Wilton Pereira Sampaio,8287,Fortaleza,7877,Bahia,1,1,1,36,64,15,17,2,4,8,9,5,4,1,1,10,12,5,5,9,3,4,7,4,7,24,30,16,6,5,3,0,0,3,2,14,15,6,5,4,5,23,31,3,1,41,62,30.0,46.0,11.0,16.0,10.0,17.0,266,512,195.0,438.0,81,255,114,183,17.0,30.0,4.0,5.0,1.94,2.73,1.47,2.32,0.47,0.41,1.94,2.73,0.45,1.07,0,2,8,6,2,4,2,5,3,0,0.0,0.68,1.7011,1.0913,0.1775,0.4833,0.0946,0.4587,0.0566,0.0,8,13,1,0,4,1,2,3,0,0,1.208,2.3022,0.3481,0.0,0.294,0.146,0.1797,0.2652,0.0,0.0,15,17,17.02,14.7
4732623,2025-07-19,bra,2025,Brasileirao,15,Wilton Pereira Sampaio,7877,Bahia,8287,Fortaleza,0,1,1,64,36,17,15,4,2,9,8,4,5,1,1,12,10,5,5,3,9,7,4,7,4,30,24,6,16,3,5,0,0,2,3,15,14,5,6,5,4,31,23,1,3,62,41,46.0,30.0,16.0,11.0,17.0,10.0,512,266,438.0,195.0,255,81,183,114,30.0,17.0,5.0,4.0,2.73,1.94,2.32,1.47,0.41,0.47,2.73,1.94,1.07,0.45,2,0,6,8,4,2,5,2,0,3,0.68,0.0,1.0913,1.7011,0.4833,0.1775,0.4587,0.0946,0.0,0.0566,13,8,0,1,1,4,3,2,0,0,2.3022,1.208,0.0,0.3481,0.146,0.294,0.2652,0.1797,0.0,0.0,17,15,14.7,17.02
4732615,2025-07-20,bra,2025,Brasileirao,15,Raphael Claus,9770,Flamengo,9863,Fluminense,1,1,0,66,34,9,6,3,2,4,3,2,1,0,0,6,2,3,4,8,3,2,0,1,0,17,6,14,6,3,1,0,0,1,2,8,19,7,7,1,2,15,26,2,2,34,56,20.0,37.0,14.0,19.0,6.0,6.0,610,315,546.0,244.0,257,158,289,86,38.0,16.0,3.0,2.0,0.97,0.25,0.15,0.17,0.81,0.09,0.97,0.25,1.22,0.18,2,1,2,1,2,0,2,4,1,0,0.7424,0.0677,0.0441,0.0522,0.1177,0.0,0.0488,0.1351,0.0127,0.0,3,4,1,0,5,1,0,1,0,0,0.0648,0.1688,0.0869,0.0,0.814,0.0522,0.0,0.0339,0.0,0.0,9,6,15.87,21.88
4732615,2025-07-20,bra,2025,Brasileirao,15,Raphael Claus,9863,Fluminense,9770,Flamengo,0,0,1,34,66,6,9,2,3,3,4,1,2,0,0,2,6,4,3,3,8,0,2,0,1,6,17,6,14,1,3,0,0,2,1,19,8,7,7,2,1,26,15,2,2,56,34,37.0,20.0,19.0,14.0,6.0,6.0,315,610,244.0,546.0,158,257,86,289,16.0,38.0,2.0,3.0,0.25,0.97,0.17,0.15,0.09,0.81,0.25,0.97,0.18,1.22,1,2,1,2,0,2,4,2,0,1,0.0677,0.7424,0.0522,0.0441,0.0,0.1177,0.1351,0.0488,0.0,0.0127,4,3,0,1,1,5,1,0,0,0,0.1688,0.0648,0.0,0.0869,0.0522,0.814,0.0339,0.0,0.0,0.0,6,9,21.88,15.87
4732617,2025-07-20,bra,2025,Brasileirao,15,Alex Gomes Stefano,10283,Palmeiras,10272,Atletico MG,1,3,2,58,42,18,6,7,3,5,3,6,0,0,0,7,0,11,6,9,0,3,0,2,0,22,,22,16,2,4,0,0,1,0,22,13,5,10,0,6,10,23,1,5,59,52,44.0,39.0,15.0,13.0,6.0,4.0,396,297,327.0,228.0,134,159,193,69,42.0,25.0,6.0,0.0,2.33,0.32,1.91,0.03,0.42,0.3,2.33,0.32,1.83,0.71,4,0,2,0,1,0,5,3,6,3,1.3954,0.0,0.1101,0.0,0.0393,0.0,0.2496,0.2369,0.372,0.0862,9,2,2,0,3,0,4,4,0,0,1.1323,0.0272,0.6246,0.0,0.271,0.0,0.1384,0.2959,0.0,0.0,18,6,19.18,30.04
4732617,2025-07-20,bra,2025,Brasileirao,15,Alex Gomes Stefano,10272,Atletico MG,10283,Palmeiras,0,2,3,42,58,6,18,3,7,3,5,0,6,0,0,0,7,6,11,0,9,0,3,0,2,,22,16,22,4,2,0,0,0,1,13,22,10,5,6,0,23,10,5,1,52,59,39.0,44.0,13.0,15.0,4.0,6.0,297,396,228.0,327.0,159,134,69,193,25.0,42.0,0.0,6.0,0.32,2.33,0.03,1.91,0.3,0.42,0.32,2.33,0.71,1.83,0,4,0,2,0,1,3,5,3,6,0.0,1.3954,0.0,0.1101,0.0,0.0393,0.2369,0.2496,0.0862,0.372,2,9,0,2,0,3,4,4,0,0,0.0272,1.1323,0.0,0.6246,0.0,0.271,0.2959,0.1384,0.0,0.0,6,18,30.04,19.18
4732618,2025-07-20,bra,2025,Brasileirao,15,Anderson Daronco,10277,Sao Paulo,9808,Corinthians,1,2,0,49,51,16,9,3,3,7,4,6,2,0,0,11,6,5,3,6,5,3,2,2,2,27,10,18,9,2,2,0,0,0,0,22,4,7,14,2,6,22,23,3,1,36,37,31.0,28.0,5.0,9.0,2.0,7.0,455,486,376.0,420.0,233,206,143,214,23.0,22.0,2.0,3.0,2.13,1.59,2.06,0.46,0.07,1.13,2.13,1.59,1.62,1.54,1,3,5,1,5,2,5,2,0,1,0.5812,1.0919,1.2013,0.0379,0.2057,0.36,0.1425,0.0794,0.0,0.019,13,5,1,0,2,1,0,3,0,0,2.0202,0.4584,0.0389,0.0,0.0717,0.154,0.0,0.9758,0.0,0.0,16,9,17.32,16.41
4732618,2025-07-20,bra,2025,Brasileirao,15,Anderson Daronco,9808,Corinthians,10277,Sao Paulo,0,0,2,51,49,9,16,3,3,4,7,2,6,0,0,6,11,3,5,5,6,2,3,2,2,10,27,9,18,2,2,0,0,0,0,4,22,14,7,6,2,23,22,1,3,37,36,28.0,31.0,9.0,5.0,7.0,2.0,486,455,420.0,376.0,206,233,214,143,22.0,23.0,3.0,2.0,1.59,2.13,0.46,2.06,1.13,0.07,1.59,2.13,1.54,1.62,3,1,1,5,2,5,2,5,1,0,1.0919,0.5812,0.0379,1.2013,0.36,0.2057,0.0794,0.1425,0.019,0.0,5,13,0,1,1,2,3,0,0,0,0.4584,2.0202,0.0,0.0389,0.154,0.0717,0.9758,0.0,0.0,0.0,9,16,16.41,17.32
4732620,2025-07-20,bra,2025,Brasileirao,15,Lucas Casagrande,9781,Cruzeiro,10274,Juventude,1,4,0,48,52,16,6,7,1,7,4,2,1,0,0,13,4,3,2,8,3,4,0,0,0,31,8,15,10,1,2,0,0,1,0,18,12,5,4,1,1,17,26,1,3,40,45,32.0,34.0,8.0,11.0,4.0,7.0,317,362,269.0,296.0,138,210,131,86,20.0,27.0,2.0,1.0,2.75,0.34,1.32,0.16,0.64,0.18,1.96,0.34,3.13,0.18,1,0,10,2,2,2,2,1,1,1,0.4411,0.0,2.1829,0.2733,0.0431,0.0455,0.0738,0.0348,0.0104,0.016,8,5,1,0,4,0,2,1,1,0,1.2342,0.1921,0.0907,0.0,0.5605,0.0,0.0775,0.1776,0.7884,0.0,16,6,13.84,18.17
4732620,2025-07-20,bra,2025,Brasileirao,15,Lucas Casagrande,10274,Juventude,9781,Cruzeiro,0,0,4,52,48,6,16,1,7,4,7,1,2,0,0,4,13,2,3,3,8,0,4,0,0,8,31,10,15,2,1,0,0,0,1,12,18,4,5,1,1,26,17,3,1,45,40,34.0,32.0,11.0,8.0,7.0,4.0,362,317,296.0,269.0,210,138,86,131,27.0,20.0,1.0,2.0,0.34,2.75,0.16,1.32,0.18,0.64,0.34,1.96,0.18,3.13,0,1,2,10,2,2,1,2,1,1,0.0,0.4411,0.2733,2.1829,0.0455,0.0431,0.0348,0.0738,0.016,0.0104,5,8,0,1,0,4,1,2,0,1,0.1921,1.2342,0.0,0.0907,0.0,0.5605,0.1776,0.0775,0.0,0.7884,6,16,18.17,13.84
4732621,2025-07-20,bra,2025,Brasileirao,15,Davi de Oliveira Lacerda,8702,Internacional,172341,Ceara,1,1,0,46,54,10,9,4,2,3,4,3,3,1,2,8,6,2,3,7,5,3,1,2,1,24,18,14,6,1,2,0,0,4,5,13,22,12,5,3,3,38,30,2,3,38,56,24.0,42.0,14.0,14.0,5.0,6.0,375,440,310.0,366.0,159,222,151,144,22.0,22.0,4.0,7.0,1.53,0.83,1.25,0.33,0.28,0.5,1.53,0.83,0.65,0.67,1,1,4,4,3,1,1,2,1,1,0.1995,0.3627,0.9966,0.3696,0.2525,0.0355,0.0383,0.0449,0.0424,0.0135,5,6,2,0,1,1,2,2,0,0,0.8059,0.6923,0.4431,0.0,0.1995,0.0712,0.0807,0.0629,0.0,0.0,10,9,15.66,17.45
4732621,2025-07-20,bra,2025,Brasileirao,15,Davi de Oliveira Lacerda,172341,Ceara,8702,Internacional,0,0,1,54,46,9,10,2,4,4,3,3,3,2,1,6,8,3,2,5,7,1,3,1,2,18,24,6,14,2,1,0,0,5,4,22,13,5,12,3,3,30,38,3,2,56,38,42.0,24.0,14.0,14.0,6.0,5.0,440,375,366.0,310.0,222,159,144,151,22.0,22.0,7.0,4.0,0.83,1.53,0.33,1.25,0.5,0.28,0.83,1.53,0.67,0.65,1,1,4,4,1,3,2,1,1,1,0.3627,0.1995,0.3696,0.9966,0.0355,0.2525,0.0449,0.0383,0.0135,0.0424,6,5,0,2,1,1,2,2,0,0,0.6923,0.8059,0.0,0.4431,0.0712,0.1995,0.0629,0.0807,0.0,0.0,9,10,17.45,15.66
4732622,2025-07-20,bra,2025,Brasileirao,15,Rodrigo José Pereira de Lima,7733,Vitoria,109705,Red Bull Bragantino,1,1,0,28,72,9,15,2,3,4,8,3,4,0,0,4,11,5,4,2,5,0,2,0,2,8,28,18,13,3,2,0,0,2,0,14,12,7,8,4,2,45,15,2,1,54,61,36.0,36.0,18.0,25.0,9.0,9.0,234,590,170.0,513.0,84,225,86,288,9.0,34.0,3.0,12.0,0.29,1.32,0.07,1.01,0.22,0.31,0.29,1.32,0.58,0.18,0,1,4,9,0,1,3,2,2,2,0.0,0.1952,0.1726,0.9381,0.0,0.0323,0.0895,0.1066,0.0255,0.0432,2,9,1,0,3,3,3,3,0,0,0.0255,1.0093,0.0453,0.0,0.0993,0.1781,0.1175,0.128,0.0,0.0,9,15,21.13,15.38
4732622,2025-07-20,bra,2025,Brasileirao,15,Rodrigo José Pereira de Lima,109705,Red Bull Bragantino,7733,Vitoria,0,0,1,72,28,15,9,3,2,8,4,4,3,0,0,11,4,4,5,5,2,2,0,2,0,28,8,13,18,2,3,0,0,0,2,12,14,8,7,2,4,15,45,1,2,61,54,36.0,36.0,25.0,18.0,9.0,9.0,590,234,513.0,170.0,225,84,288,86,34.0,9.0,12.0,3.0,1.32,0.29,1.01,0.07,0.31,0.22,1.32,0.29,0.18,0.58,1,0,9,4,1,0,2,3,2,2,0.1952,0.0,0.9381,0.1726,0.0323,0.0,0.1066,0.0895,0.0432,0.0255,9,2,0,1,3,3,3,3,0,0,1.0093,0.0255,0.0,0.0453,0.1781,0.0993,0.128,0.1175,0.0,0.0,15,9,15.38,21.13
4732624,2025-07-20,bra,2025,Brasileirao,15,Flavio Rodrigues De Souza,6305,Sport Recife,8517,Botafogo RJ,1,0,1,41,59,12,13,5,5,6,7,1,1,0,0,8,7,4,6,6,4,0,3,0,3,13,22,12,10,1,2,0,0,1,1,17,23,18,5,1,0,22,17,4,5,56,59,36.0,50.0,20.0,9.0,9.0,15.0,349,512,277.0,436.0,142,222,135,214,24.0,20.0,6.0,4.0,1.05,0.91,0.2,0.91,0.85,0.0,1.05,0.91,0.76,1.83,2,1,6,3,0,3,4,5,0,1,0.3465,0.265,0.5447,0.3121,0.0,0.1755,0.1591,0.1256,0.0,0.0319,2,12,2,1,7,0,1,0,0,0,0.0586,0.851,0.1402,0.0592,0.8116,0.0,0.0398,0.0,0.0,0.0,12,13,14.52,18.68
4732624,2025-07-20,bra,2025,Brasileirao,15,Flavio Rodrigues De Souza,8517,Botafogo RJ,6305,Sport Recife,0,1,0,59,41,13,12,5,5,7,6,1,1,0,0,7,8,6,4,4,6,3,0,3,0,22,13,10,12,2,1,0,0,1,1,23,17,5,18,0,1,17,22,5,4,59,56,50.0,36.0,9.0,20.0,15.0,9.0,512,349,436.0,277.0,222,142,214,135,20.0,24.0,4.0,6.0,0.91,1.05,0.91,0.2,0.0,0.85,0.91,1.05,1.83,0.76,1,2,3,6,3,0,5,4,1,0,0.265,0.3465,0.3121,0.5447,0.1755,0.0,0.1256,0.1591,0.0319,0.0,12,2,1,2,0,7,0,1,0,0,0.851,0.0586,0.0592,0.1402,0.0,0.8116,0.0,0.0398,0.0,0.0,13,12,18.68,14.52
4732625,2025-07-23,bra,2025,Brasileirao,16,Ramon Abatti,9863,Fluminense,10283,Palmeiras,1,1,2,54,46,17,9,1,5,6,1,10,3,0,0,11,8,6,1,5,3,2,4,1,2,36,14,13,15,1,2,0,1,0,1,20,10,3,13,4,10,22,31,2,0,59,46,40.0,27.0,19.0,19.0,6.0,5.0,451,389,370.0,334.0,202,218,168,116,23.0,27.0,5.0,4.0,1.78,1.62,0.67,1.55,0.32,0.07,0.99,1.62,0.99,1.54,1,0,8,7,2,1,4,1,2,0,0.2537,0.0,1.2477,1.7133,0.1074,0.0294,0.1285,0.013,0.0382,0.0,9,5,0,1,6,1,1,2,1,0,0.6697,1.6365,0.0,0.0532,0.2538,0.0403,0.0637,0.0257,0.7884,0.0,17,9,16.95,14.49
4732625,2025-07-23,bra,2025,Brasileirao,16,Ramon Abatti,10283,Palmeiras,9863,Fluminense,0,2,1,46,54,9,17,5,1,1,6,3,10,0,0,8,11,1,6,3,5,4,2,2,1,14,36,15,13,2,1,1,0,1,0,10,20,13,3,10,4,31,22,0,2,46,59,27.0,40.0,19.0,19.0,5.0,6.0,389,451,334.0,370.0,218,202,116,168,27.0,23.0,4.0,5.0,1.62,1.78,1.55,0.67,0.07,0.32,1.62,0.99,1.54,0.99,0,1,7,8,1,2,1,4,0,2,0.0,0.2537,1.7133,1.2477,0.0294,0.1074,0.013,0.1285,0.0,0.0382,5,9,1,0,1,6,2,1,0,1,1.6365,0.6697,0.0532,0.0,0.0403,0.2538,0.0257,0.0637,0.0,0.7884,9,17,14.49,16.95
4732627,2025-07-23,bra,2025,Brasileirao,16,Alex Gomes Stefano,9808,Corinthians,9781,Cruzeiro,1,0,0,47,53,7,14,4,4,2,5,1,5,0,0,4,8,3,6,4,2,1,2,1,2,15,15,19,17,4,2,0,0,2,1,17,13,14,12,5,2,28,19,4,3,49,53,35.0,38.0,14.0,15.0,4.0,7.0,385,430,301.0,350.0,181,185,120,165,39.0,19.0,4.0,3.0,0.33,0.97,0.08,0.79,0.25,0.18,0.33,0.97,0.37,0.5,1,1,1,4,2,3,0,2,3,4,0.1831,0.2493,0.0556,0.4994,0.0318,0.068,0.0,0.0752,0.061,0.0781,3,9,1,1,1,1,2,3,0,0,0.0562,0.7633,0.0252,0.0291,0.1831,0.0116,0.067,0.166,0.0,0.0,7,14,17.03,21.44
4732627,2025-07-23,bra,2025,Brasileirao,16,Alex Gomes Stefano,9781,Cruzeiro,9808,Corinthians,0,0,0,53,47,14,7,4,4,5,2,5,1,0,0,8,4,6,3,2,4,2,1,2,1,15,15,17,19,2,4,0,0,1,2,13,17,12,14,2,5,19,28,3,4,53,49,38.0,35.0,15.0,14.0,7.0,4.0,430,385,350.0,301.0,185,181,165,120,19.0,39.0,3.0,4.0,0.97,0.33,0.79,0.08,0.18,0.25,0.97,0.33,0.5,0.37,1,1,4,1,3,2,2,0,4,3,0.2493,0.1831,0.4994,0.0556,0.068,0.0318,0.0752,0.0,0.0781,0.061,9,3,1,1,1,1,3,2,0,0,0.7633,0.0562,0.0291,0.0252,0.0116,0.1831,0.166,0.067,0.0,0.0,14,7,21.44,17.03
4732633,2025-07-23,bra,2025,Brasileirao,16,Lucas Casagrande,172341,Ceara,163782,Mirassol,1,0,2,56,44,22,4,8,3,8,0,6,1,0,0,14,4,8,0,14,6,0,1,0,1,29,10,13,10,3,3,0,0,1,1,27,15,8,5,1,6,17,60,1,8,66,46,46.0,30.0,20.0,16.0,9.0,3.0,415,360,364.0,290.0,122,188,242,102,22.0,15.0,19.0,1.0,0.86,0.53,0.48,0.36,0.38,0.17,0.86,0.53,1.96,1.62,0,0,12,4,2,0,6,0,2,0,0.0,0.0,0.5498,0.528,0.0722,0.0,0.2055,0.0,0.032,0.0,13,2,1,0,5,1,3,1,0,0,0.4833,0.3558,0.0505,0.0,0.2263,0.0537,0.0993,0.1184,0.0,0.0,22,4,17.05,13.14
4732633,2025-07-23,bra,2025,Brasileirao,16,Lucas Casagrande,163782,Mirassol,172341,Ceara,0,2,0,44,56,4,22,3,8,0,8,1,6,0,0,4,14,0,8,6,14,1,0,1,0,10,29,10,13,3,3,0,0,1,1,15,27,5,8,6,1,60,17,8,1,46,66,30.0,46.0,16.0,20.0,3.0,9.0,360,415,290.0,364.0,188,122,102,242,15.0,22.0,1.0,19.0,0.53,0.86,0.36,0.48,0.17,0.38,0.53,0.86,1.62,1.96,0,0,4,12,0,2,0,6,0,2,0.0,0.0,0.528,0.5498,0.0,0.0722,0.0,0.2055,0.0,0.032,2,13,0,1,1,5,1,3,0,0,0.3558,0.4833,0.0,0.0505,0.0537,0.2263,0.1184,0.0993,0.0,0.0,4,22,13.14,17.05
4732628,2025-07-24,bra,2025,Brasileirao,16,Lucas Paulo Torezin,8514,Santos FC,8702,Internacional,1,1,2,64,36,21,11,7,4,10,6,4,1,3,0,13,9,8,2,8,2,3,3,3,1,28,23,17,11,4,2,0,0,1,1,22,22,11,3,1,4,14,38,2,6,61,59,41.0,46.0,20.0,13.0,9.0,8.0,515,286,459.0,214.0,220,119,239,95,22.0,20.0,5.0,5.0,1.86,2.55,1.65,1.66,0.22,0.11,1.86,1.77,1.89,3.45,2,1,9,8,2,0,3,2,5,0,0.3397,0.6898,1.1868,1.8109,0.0936,0.0,0.0915,0.053,0.1513,0.0,16,4,0,2,4,2,1,2,0,1,1.6475,1.1608,0.0,0.4962,0.1833,0.0325,0.0321,0.0757,0.0,0.7884,21,11,16.42,13.99
4732628,2025-07-24,bra,2025,Brasileirao,16,Lucas Paulo Torezin,8702,Internacional,8514,Santos FC,0,2,1,36,64,11,21,4,7,6,10,1,4,0,3,9,13,2,8,2,8,3,3,1,3,23,28,11,17,2,4,0,0,1,1,22,22,3,11,4,1,38,14,6,2,59,61,46.0,41.0,13.0,20.0,8.0,9.0,286,515,214.0,459.0,119,220,95,239,20.0,22.0,5.0,5.0,2.55,1.86,1.66,1.65,0.11,0.22,1.77,1.86,3.45,1.89,1,2,8,9,0,2,2,3,0,5,0.6898,0.3397,1.8109,1.1868,0.0,0.0936,0.053,0.0915,0.0,0.1513,4,16,2,0,2,4,2,1,1,0,1.1608,1.6475,0.4962,0.0,0.0325,0.1833,0.0757,0.0321,0.7884,0.0,11,21,13.99,16.42
4732629,2025-07-24,bra,2025,Brasileirao,16,Davi de Oliveira Lacerda,109705,Red Bull Bragantino,9770,Flamengo,1,1,2,37,63,10,14,2,6,6,5,2,3,1,0,7,6,3,8,2,3,2,1,1,0,8,23,11,18,1,5,0,0,2,3,18,14,8,6,3,2,26,7,4,1,54,53,41.0,39.0,13.0,14.0,7.0,15.0,347,587,282.0,522.0,178,253,104,269,23.0,24.0,3.0,4.0,1.07,0.98,0.79,0.67,0.28,0.32,1.07,0.98,1.77,1.42,0,0,3,6,4,0,2,6,1,2,0.0,0.0,0.657,0.6705,0.2237,0.0,0.1451,0.2928,0.0396,0.0213,6,11,0,0,2,0,2,3,0,0,0.7851,0.6661,0.0,0.0,0.1313,0.0,0.1489,0.3185,0.0,0.0,10,14,17.02,20.13
4732629,2025-07-24,bra,2025,Brasileirao,16,Davi de Oliveira Lacerda,9770,Flamengo,109705,Red Bull Bragantino,0,2,1,63,37,14,10,6,2,5,6,3,2,0,1,6,7,8,3,3,2,1,2,0,1,23,8,18,11,5,1,0,0,3,2,14,18,6,8,2,3,7,26,1,4,53,54,39.0,41.0,14.0,13.0,15.0,7.0,587,347,522.0,282.0,253,178,269,104,24.0,23.0,4.0,3.0,0.98,1.07,0.67,0.79,0.32,0.28,0.98,1.07,1.42,1.77,0,0,6,3,0,4,6,2,2,1,0.0,0.0,0.6705,0.657,0.0,0.2237,0.2928,0.1451,0.0213,0.0396,11,6,0,0,0,2,3,2,0,0,0.6661,0.7851,0.0,0.0,0.0,0.1313,0.3185,0.1489,0.0,0.0,14,10,20.13,17.02
4732632,2025-07-24,bra,2025,Brasileirao,16,Lucas Canetto Bellote,7733,Vitoria,6305,Sport Recife,1,2,2,49,51,26,20,11,9,9,7,6,4,1,0,18,15,8,5,6,10,5,4,3,2,33,32,12,16,4,3,0,0,1,1,13,17,5,10,4,6,29,36,7,8,57,53,41.0,35.0,16.0,18.0,12.0,6.0,363,386,311.0,332.0,154,185,157,147,23.0,28.0,10.0,7.0,2.82,1.98,2.28,1.06,0.54,0.92,2.82,1.98,2.07,3.36,1,3,14,10,3,2,5,3,3,2,0.2606,0.7618,2.0852,0.9108,0.0732,0.1154,0.3006,0.1635,0.0962,0.0315,15,9,2,2,8,8,1,1,0,0,2.1027,0.5722,0.1765,0.4872,0.5158,0.4452,0.0207,0.4783,0.0,0.0,26,20,15.61,15.14
4732632,2025-07-24,bra,2025,Brasileirao,16,Lucas Canetto Bellote,6305,Sport Recife,7733,Vitoria,0,2,2,51,49,20,26,9,11,7,9,4,6,0,1,15,18,5,8,10,6,4,5,2,3,32,33,16,12,3,4,0,0,1,1,17,13,10,5,6,4,36,29,8,7,53,57,35.0,41.0,18.0,16.0,6.0,12.0,386,363,332.0,311.0,185,154,147,157,28.0,23.0,7.0,10.0,1.98,2.82,1.06,2.28,0.92,0.54,1.98,2.82,3.36,2.07,3,1,10,14,2,3,3,5,2,3,0.7618,0.2606,0.9108,2.0852,0.1154,0.0732,0.1635,0.3006,0.0315,0.0962,9,15,2,2,8,8,1,1,0,0,0.5722,2.1027,0.4872,0.1765,0.4452,0.5158,0.4783,0.0207,0.0,0.0,20,26,15.14,15.61
4732634,2025-07-24,bra,2025,Brasileirao,16,Sávio Pereira Sampaio,10274,Juventude,10277,Sao Paulo,1,0,1,37,63,8,16,0,3,4,6,4,7,0,0,4,8,4,8,4,8,0,1,0,0,13,19,15,12,3,2,0,0,0,0,13,13,5,6,6,4,28,29,2,0,38,47,28.0,30.0,10.0,17.0,4.0,4.0,316,555,244.0,489.0,143,177,101,312,20.0,27.0,5.0,7.0,0.32,1.01,0.26,0.78,0.06,0.23,0.32,1.01,0.0,1.87,0,0,3,7,1,1,2,4,2,4,0.0,0.0,0.2183,0.5962,0.0574,0.084,0.0699,0.2427,0.0664,0.0882,6,11,1,1,1,4,0,0,0,0,0.2732,0.6938,0.052,0.084,0.0867,0.2333,0.0,0.0,0.0,0.0,8,16,20.95,17.95
4732634,2025-07-24,bra,2025,Brasileirao,16,Sávio Pereira Sampaio,10277,Sao Paulo,10274,Juventude,0,1,0,63,37,16,8,3,0,6,4,7,4,0,0,8,4,8,4,8,4,1,0,0,0,19,13,12,15,2,3,0,0,0,0,13,13,6,5,4,6,29,28,0,2,47,38,30.0,28.0,17.0,10.0,4.0,4.0,555,316,489.0,244.0,177,143,312,101,27.0,20.0,7.0,5.0,1.01,0.32,0.78,0.26,0.23,0.06,1.01,0.32,1.87,0.0,0,0,7,3,1,1,4,2,4,2,0.0,0.0,0.5962,0.2183,0.084,0.0574,0.2427,0.0699,0.0882,0.0664,11,6,1,1,4,1,0,0,0,0,0.6938,0.2732,0.084,0.052,0.2333,0.0867,0.0,0.0,0.0,0.0,16,8,17.95,20.95
4732636,2025-07-26,bra,2025,Brasileirao,17,Rodrigo José Pereira de Lima,8517,Botafogo RJ,9808,Corinthians,1,1,1,56,44,11,12,3,5,4,4,4,3,0,0,5,7,6,5,6,2,1,2,0,2,30,15,20,14,3,2,0,0,1,1,18,16,15,10,3,4,16,36,4,2,53,46,41.0,37.0,12.0,9.0,9.0,3.0,577,462,507.0,397.0,214,248,293,149,32.0,16.0,5.0,2.0,0.64,1.06,0.5,0.96,0.14,0.1,0.64,1.06,1.3,1.13,1,0,2,5,2,2,5,3,1,2,0.2788,0.0,0.0822,0.4976,0.1383,0.34,0.1186,0.0892,0.0215,0.1338,7,9,0,0,4,1,0,2,0,0,0.5038,0.9622,0.0,0.0,0.1357,0.0224,0.0,0.076,0.0,0.0,11,12,19.34,17.1
4732636,2025-07-26,bra,2025,Brasileirao,17,Rodrigo José Pereira de Lima,9808,Corinthians,8517,Botafogo RJ,0,1,1,44,56,12,11,5,3,4,4,3,4,0,0,7,5,5,6,2,6,2,1,2,0,15,30,14,20,2,3,0,0,1,1,16,18,10,15,4,3,36,16,2,4,46,53,37.0,41.0,9.0,12.0,3.0,9.0,462,577,397.0,507.0,248,214,149,293,16.0,32.0,2.0,5.0,1.06,0.64,0.96,0.5,0.1,0.14,1.06,0.64,1.13,1.3,0,1,5,2,2,2,3,5,2,1,0.0,0.2788,0.4976,0.0822,0.34,0.1383,0.0892,0.1186,0.1338,0.0215,9,7,0,0,1,4,2,0,0,0,0.9622,0.5038,0.0,0.0,0.0224,0.1357,0.076,0.0,0.0,0.0,12,11,17.1,19.34
4732639,2025-07-26,bra,2025,Brasileirao,17,Bruno Arleu de Araújo,163782,Mirassol,7733,Vitoria,1,1,1,51,49,15,15,7,7,4,6,4,2,1,2,11,9,4,6,8,5,6,3,5,3,32,23,12,14,2,1,0,0,0,1,13,12,8,2,2,3,25,33,6,6,40,40,22.0,30.0,18.0,10.0,1.0,7.0,388,395,317.0,321.0,141,183,176,138,17.0,27.0,13.0,5.0,1.8,1.65,1.16,1.18,0.64,0.47,1.8,1.65,1.33,2.1,3,1,7,5,1,3,2,4,2,2,0.8628,0.5195,0.7993,0.9377,0.0337,0.0834,0.04,0.1729,0.0655,0.0351,10,12,0,2,3,1,2,0,0,0,1.1588,1.1667,0.0,0.1154,0.5385,0.4666,0.1041,0.0,0.0,0.0,15,15,15.08,18.14
4732639,2025-07-26,bra,2025,Brasileirao,17,Bruno Arleu de Araújo,7733,Vitoria,163782,Mirassol,0,1,1,49,51,15,15,7,7,6,4,2,4,2,1,9,11,6,4,5,8,3,6,3,5,23,32,14,12,1,2,0,0,1,0,12,13,2,8,3,2,33,25,6,6,40,40,30.0,22.0,10.0,18.0,7.0,1.0,395,388,321.0,317.0,183,141,138,176,27.0,17.0,5.0,13.0,1.65,1.8,1.18,1.16,0.47,0.64,1.65,1.8,2.1,1.33,1,3,5,7,3,1,4,2,2,2,0.5195,0.8628,0.9377,0.7993,0.0834,0.0337,0.1729,0.04,0.0351,0.0655,12,10,2,0,1,3,0,2,0,0,1.1667,1.1588,0.1154,0.0,0.4666,0.5385,0.0,0.1041,0.0,0.0,15,15,18.14,15.08
4732643,2025-07-26,bra,2025,Brasileirao,17,Wagner do Nascimento Magalhães,8287,Fortaleza,109705,Red Bull Bragantino,1,3,1,42,58,21,10,9,4,6,3,6,3,0,0,13,7,8,3,9,5,6,4,5,3,24,20,16,13,4,4,0,0,1,2,25,10,12,2,3,6,19,14,3,5,64,52,41.0,37.0,23.0,15.0,4.0,12.0,350,478,288.0,397.0,121,248,167,149,32.0,27.0,6.0,6.0,1.98,0.88,0.73,0.51,1.25,0.37,1.98,0.88,2.2,1.11,3,1,5,5,5,1,6,1,2,2,0.7454,0.1693,0.5353,0.5083,0.3362,0.1575,0.2973,0.0075,0.0674,0.0425,9,5,3,0,7,2,2,3,0,0,0.5588,0.6718,0.1693,0.0,0.8107,0.0594,0.4427,0.1538,0.0,0.0,21,10,19.48,15.85
4732643,2025-07-26,bra,2025,Brasileirao,17,Wagner do Nascimento Magalhães,109705,Red Bull Bragantino,8287,Fortaleza,0,1,3,58,42,10,21,4,9,3,6,3,6,0,0,7,13,3,8,5,9,4,6,3,5,20,24,13,16,4,4,0,0,2,1,10,25,2,12,6,3,14,19,5,3,52,64,37.0,41.0,15.0,23.0,12.0,4.0,478,350,397.0,288.0,248,121,149,167,27.0,32.0,6.0,6.0,0.88,1.98,0.51,0.73,0.37,1.25,0.88,1.98,1.11,2.2,1,3,5,5,1,5,1,6,2,2,0.1693,0.7454,0.5083,0.5353,0.1575,0.3362,0.0075,0.2973,0.0425,0.0674,5,9,0,3,2,7,3,2,0,0,0.6718,0.5588,0.0,0.1693,0.0594,0.8107,0.1538,0.4427,0.0,0.0,10,21,15.85,19.48
4732644,2025-07-26,bra,2025,Brasileirao,17,Rafael Rodrigo Klein,6305,Sport Recife,8514,Santos FC,1,2,2,41,59,16,9,4,5,7,1,5,3,1,0,13,6,3,3,4,3,3,2,2,0,36,27,25,17,3,1,0,1,4,3,17,6,5,7,3,4,21,24,3,3,53,51,42.0,37.0,11.0,14.0,8.0,8.0,330,485,261.0,415.0,112,209,149,206,21.0,27.0,3.0,4.0,2.08,1.06,1.89,0.87,0.18,0.19,2.08,1.06,1.52,1.26,2,0,6,5,5,1,2,2,1,1,1.9384,0.0,0.6491,0.8687,0.2509,0.0351,0.1292,0.1398,0.0492,0.0209,9,6,3,2,3,0,1,1,0,0,2.6121,0.7281,0.2205,0.1432,0.1287,0.0,0.0555,0.1932,0.0,0.0,16,9,14.4,15.92
4732644,2025-07-26,bra,2025,Brasileirao,17,Rafael Rodrigo Klein,8514,Santos FC,6305,Sport Recife,0,2,2,59,41,9,16,5,4,1,7,3,5,0,1,6,13,3,3,3,4,2,3,0,2,27,36,17,25,1,3,1,0,3,4,6,17,7,5,4,3,24,21,3,3,51,53,37.0,42.0,14.0,11.0,8.0,8.0,485,330,415.0,261.0,209,112,206,149,27.0,21.0,4.0,3.0,1.06,2.08,0.87,1.89,0.19,0.18,1.06,2.08,1.26,1.52,0,2,5,6,1,5,2,2,1,1,0.0,1.9384,0.8687,0.6491,0.0351,0.2509,0.1398,0.1292,0.0209,0.0492,6,9,2,3,0,3,1,1,0,0,0.7281,2.6121,0.1432,0.2205,0.0,0.1287,0.1932,0.0555,0.0,0.0,9,16,15.92,14.4
4732635,2025-07-27,bra,2025,Brasileirao,17,Ramon Abatti,9770,Flamengo,10272,Atletico MG,1,1,0,61,39,16,13,6,5,3,6,7,2,0,1,7,7,9,6,5,7,1,2,0,2,16,13,18,14,4,4,0,0,0,2,22,15,6,12,3,7,29,27,4,5,53,57,43.0,45.0,10.0,12.0,8.0,13.0,502,311,445.0,250.0,173,138,272,112,15.0,20.0,3.0,4.0,0.83,1.12,0.38,0.86,0.45,0.26,0.83,1.12,1.16,0.61,0,0,5,5,2,2,4,3,5,3,0.0,0.0,0.4251,0.8536,0.0392,0.0647,0.1599,0.1362,0.2066,0.0604,10,7,1,2,0,3,5,1,0,0,0.3538,0.2539,0.0306,0.6081,0.0,0.2053,0.4464,0.0474,0.0,0.0,16,13,19.88,18.75
4732635,2025-07-27,bra,2025,Brasileirao,17,Ramon Abatti,10272,Atletico MG,9770,Flamengo,0,0,1,39,61,13,16,5,6,6,3,2,7,1,0,7,7,6,9,7,5,2,1,2,0,13,16,14,18,4,4,0,0,2,0,15,22,12,6,7,3,27,29,5,4,57,53,45.0,43.0,12.0,10.0,13.0,8.0,311,502,250.0,445.0,138,173,112,272,20.0,15.0,4.0,3.0,1.12,0.83,0.86,0.38,0.26,0.45,1.12,0.83,0.61,1.16,0,0,5,5,2,2,3,4,3,5,0.0,0.0,0.8536,0.4251,0.0647,0.0392,0.1362,0.1599,0.0604,0.2066,7,10,2,1,3,0,1,5,0,0,0.2539,0.3538,0.6081,0.0306,0.2053,0.0,0.0474,0.4464,0.0,0.0,13,16,18.75,19.88
4732637,2025-07-27,bra,2025,Brasileirao,17,Paulo Cesar Zanovelli da Silva,10283,Palmeiras,9769,Gremio,1,1,0,61,39,10,5,3,3,5,1,2,1,0,0,6,3,4,2,2,3,0,2,0,2,15,9,20,21,1,2,0,0,0,1,21,18,6,10,1,1,18,22,3,2,60,60,48.0,47.0,12.0,13.0,6.0,10.0,565,359,494.0,292.0,239,202,255,90,24.0,20.0,3.0,1.0,0.55,0.91,0.43,0.8,0.12,0.11,0.55,0.91,0.74,1.03,0,0,5,2,1,1,4,2,0,0,0.0,0.0,0.3702,0.7743,0.0366,0.0078,0.142,0.1306,0.0,0.0,5,4,1,0,2,0,2,1,0,0,0.3962,0.8013,0.0366,0.0,0.0709,0.0,0.0451,0.1114,0.0,0.0,10,5,18.93,17.63
4732637,2025-07-27,bra,2025,Brasileirao,17,Paulo Cesar Zanovelli da Silva,9769,Gremio,10283,Palmeiras,0,0,1,39,61,5,10,3,3,1,5,1,2,0,0,3,6,2,4,3,2,2,0,2,0,9,15,21,20,2,1,0,0,1,0,18,21,10,6,1,1,22,18,2,3,60,60,47.0,48.0,13.0,12.0,10.0,6.0,359,565,292.0,494.0,202,239,90,255,20.0,24.0,1.0,3.0,0.91,0.55,0.8,0.43,0.11,0.12,0.91,0.55,1.03,0.74,0,0,2,5,1,1,2,4,0,0,0.0,0.0,0.7743,0.3702,0.0078,0.0366,0.1306,0.142,0.0,0.0,4,5,0,1,0,2,1,2,0,0,0.8013,0.3962,0.0,0.0366,0.0,0.0709,0.1114,0.0451,0.0,0.0,5,10,17.63,18.93
4732638,2025-07-27,bra,2025,Brasileirao,17,Davi de Oliveira Lacerda,10277,Sao Paulo,9863,Fluminense,1,3,1,47,53,15,7,9,1,3,3,3,3,0,0,9,3,6,4,7,3,4,0,1,0,18,10,13,11,3,4,0,0,3,0,25,10,11,5,3,2,23,25,0,5,58,39,45.0,34.0,13.0,5.0,11.0,12.0,414,471,346.0,416.0,228,200,118,216,9.0,18.0,4.0,2.0,2.36,0.3,1.18,0.26,0.4,0.04,1.57,0.3,3.31,0.57,0,0,6,2,3,1,4,4,2,0,0.0,0.0,1.6323,0.0833,0.5429,0.0142,0.1504,0.1446,0.0348,0.0,7,5,1,0,6,0,0,2,1,0,0.7094,0.207,0.4667,0.0,0.3958,0.0,0.0,0.0351,0.7884,0.0,15,7,16.98,20.4
4732638,2025-07-27,bra,2025,Brasileirao,17,Davi de Oliveira Lacerda,9863,Fluminense,10277,Sao Paulo,0,1,3,53,47,7,15,1,9,3,3,3,3,0,0,3,9,4,6,3,7,0,4,0,1,10,18,11,13,4,3,0,0,0,3,10,25,5,11,2,3,25,23,5,0,39,58,34.0,45.0,5.0,13.0,12.0,11.0,471,414,416.0,346.0,200,228,216,118,18.0,9.0,2.0,4.0,0.3,2.36,0.26,1.18,0.04,0.4,0.3,1.57,0.57,3.31,0,0,2,6,1,3,4,4,0,2,0.0,0.0,0.0833,1.6323,0.0142,0.5429,0.1446,0.1504,0.0,0.0348,5,7,0,1,0,6,2,0,0,1,0.207,0.7094,0.0,0.4667,0.0,0.3958,0.0351,0.0,0.0,0.7884,7,15,20.4,16.98
4732640,2025-07-27,bra,2025,Brasileirao,17,Raphael Claus,9781,Cruzeiro,172341,Ceara,1,1,2,64,36,16,9,4,3,7,3,5,3,0,0,8,5,8,4,10,3,2,1,1,0,28,7,8,11,0,2,0,0,0,4,13,14,7,12,3,4,13,43,1,3,43,39,33.0,26.0,10.0,13.0,9.0,5.0,511,289,433.0,228.0,207,126,226,102,26.0,26.0,4.0,4.0,1.35,0.69,1.31,0.61,0.04,0.09,1.35,0.69,1.93,0.38,1,0,4,5,3,0,4,4,4,0,0.0444,0.0,1.0079,0.5098,0.1214,0.0,0.0917,0.1826,0.0949,0.0,14,6,1,2,0,1,1,0,0,0,1.2875,0.4084,0.0285,0.1982,0.0,0.0858,0.0444,0.0,0.0,0.0,16,9,21.04,16.83
4732640,2025-07-27,bra,2025,Brasileirao,17,Raphael Claus,172341,Ceara,9781,Cruzeiro,0,2,1,36,64,9,16,3,4,3,7,3,5,0,0,5,8,4,8,3,10,1,2,0,1,7,28,11,8,2,0,0,0,4,0,14,13,12,7,4,3,43,13,3,1,39,43,26.0,33.0,13.0,10.0,5.0,9.0,289,511,228.0,433.0,126,207,102,226,26.0,26.0,4.0,4.0,0.69,1.35,0.61,1.31,0.09,0.04,0.69,1.35,0.38,1.93,0,1,5,4,0,3,4,4,0,4,0.0,0.0444,0.5098,1.0079,0.0,0.1214,0.1826,0.0917,0.0,0.0949,6,14,2,1,1,0,0,1,0,0,0.4084,1.2875,0.1982,0.0285,0.0858,0.0,0.0,0.0444,0.0,0.0,9,16,16.83,21.04
4732641,2025-07-27,bra,2025,Brasileirao,17,Flavio Rodrigues De Souza,8702,Internacional,10276,Vasco da Gama,1,1,1,56,44,27,15,8,5,4,4,15,6,3,0,13,7,14,8,10,5,4,2,4,1,28,11,10,14,1,2,0,1,3,1,9,12,7,13,5,16,21,45,4,6,42,48,25.0,32.0,17.0,16.0,4.0,11.0,496,401,432.0,333.0,164,206,268,127,12.0,21.0,8.0,5.0,1.39,1.03,0.87,0.88,0.52,0.15,1.39,1.03,1.48,1.11,1,1,7,4,5,2,7,5,7,3,0.1159,0.2392,0.6401,0.4475,0.2308,0.0918,0.2513,0.1768,0.1506,0.0746,14,8,1,3,10,2,2,2,0,0,0.8465,0.6846,0.0268,0.1949,0.4407,0.047,0.0749,0.1034,0.0,0.0,27,15,20.2,19.82
4732641,2025-07-27,bra,2025,Brasileirao,17,Flavio Rodrigues De Souza,10276,Vasco da Gama,8702,Internacional,0,1,1,44,56,15,27,5,8,4,4,6,15,0,3,7,13,8,14,5,10,2,4,1,4,11,28,14,10,2,1,1,0,1,3,12,9,13,7,16,5,45,21,6,4,48,42,32.0,25.0,16.0,17.0,11.0,4.0,401,496,333.0,432.0,206,164,127,268,21.0,12.0,5.0,8.0,1.03,1.39,0.88,0.87,0.15,0.52,1.03,1.39,1.11,1.48,1,1,4,7,2,5,5,7,3,7,0.2392,0.1159,0.4475,0.6401,0.0918,0.2308,0.1768,0.2513,0.0746,0.1506,8,14,3,1,2,10,2,2,0,0,0.6846,0.8465,0.1949,0.0268,0.047,0.4407,0.1034,0.0749,0.0,0.0,15,27,19.82,20.2
4732642,2025-07-27,bra,2025,Brasileirao,17,Matheus Delgado Candançan,7877,Bahia,10274,Juventude,1,3,0,66,34,17,3,8,0,5,2,4,1,0,1,9,2,8,1,2,1,7,0,4,0,32,5,18,15,1,2,0,1,1,1,14,19,14,11,1,4,8,27,0,5,46,47,38.0,42.0,8.0,5.0,12.0,7.0,596,298,535.0,254.0,264,139,271,115,25.0,22.0,3.0,1.0,2.24,0.17,2.17,0.17,0.07,0.0,2.24,0.17,1.44,0.0,1,0,8,1,0,1,5,1,3,0,0.2083,0.0,1.7129,0.0301,0.0,0.0377,0.2135,0.0593,0.122,0.0,15,2,1,1,0,0,1,0,0,0,1.8951,0.0893,0.288,0.0377,0.0,0.0,0.0736,0.0,0.0,0.0,17,3,17.16,17.04
4732642,2025-07-27,bra,2025,Brasileirao,17,Matheus Delgado Candançan,10274,Juventude,7877,Bahia,0,0,3,34,66,3,17,0,8,2,5,1,4,1,0,2,9,1,8,1,2,0,7,0,4,5,32,15,18,2,1,1,0,1,1,19,14,11,14,4,1,27,8,5,0,47,46,42.0,38.0,5.0,8.0,7.0,12.0,298,596,254.0,535.0,139,264,115,271,22.0,25.0,1.0,3.0,0.17,2.24,0.17,2.17,0.0,0.07,0.17,2.24,0.0,1.44,0,1,1,8,1,0,1,5,0,3,0.0,0.2083,0.0301,1.7129,0.0377,0.0,0.0593,0.2135,0.0,0.122,2,15,1,1,0,0,0,1,0,0,0.0893,1.8951,0.0377,0.288,0.0,0.0,0.0,0.0736,0.0,0.0,3,17,17.04,17.16
4732611,2025-07-29,bra,2025,Brasileirao,14,Alex Gomes Stefano,9769,Gremio,8287,Fortaleza,1,2,1,41,59,10,12,4,3,4,5,2,4,0,1,8,6,2,6,2,5,5,2,3,1,16,18,24,26,3,6,0,0,0,1,16,22,10,6,3,1,24,14,2,2,72,63,52.0,48.0,20.0,15.0,12.0,5.0,355,510,274.0,426.0,173,247,101,179,22.0,18.0,3.0,3.0,2.45,1.67,0.43,1.51,0.45,0.16,0.88,1.67,2.04,2.13,0,2,7,4,1,0,1,5,1,1,0.0,1.187,2.3732,0.2939,0.0219,0.0,0.0404,0.2168,0.0616,0.0191,3,8,1,0,0,2,4,2,2,0,0.3591,1.5528,0.1118,0.0,0.0,0.0489,0.4495,0.1151,1.5768,0.0,10,12,12.95,17.54
4732611,2025-07-29,bra,2025,Brasileirao,14,Alex Gomes Stefano,8287,Fortaleza,9769,Gremio,0,1,2,59,41,12,10,3,4,5,4,4,2,1,0,6,8,6,2,5,2,2,5,1,3,18,16,26,24,6,3,0,0,1,0,22,16,6,10,1,3,14,24,2,2,63,72,48.0,52.0,15.0,20.0,5.0,12.0,510,355,426.0,274.0,247,173,179,101,18.0,22.0,3.0,3.0,1.67,2.45,1.51,0.43,0.16,0.45,1.67,0.88,2.13,2.04,2,0,4,7,0,1,5,1,1,1,1.187,0.0,0.2939,2.3732,0.0,0.0219,0.2168,0.0404,0.0191,0.0616,8,3,0,1,2,0,2,4,0,2,1.5528,0.3591,0.0,0.1118,0.0489,0.0,0.1151,0.4495,0.0,1.5768,12,10,17.54,12.95
4732654,2025-08-02,bra,2025,Brasileirao,18,Anderson Daronco,6305,Sport Recife,7877,Bahia,1,0,0,34,66,5,14,1,2,4,10,0,2,0,0,3,10,2,4,3,6,2,1,2,1,14,28,12,8,1,1,0,0,1,0,23,20,18,7,2,0,34,25,2,1,45,51,39.0,39.0,6.0,12.0,10.0,8.0,289,557,225.0,475.0,118,224,107,251,10.0,21.0,4.0,4.0,0.65,0.97,0.45,0.73,0.2,0.24,0.65,0.97,0.23,0.22,1,0,1,5,1,5,1,3,1,1,0.2007,0.0,0.0499,0.5083,0.0749,0.3058,0.2944,0.1341,0.0339,0.0216,3,9,1,1,0,2,1,2,0,0,0.1587,0.5832,0.2944,0.1452,0.0,0.0878,0.2007,0.1537,0.0,0.0,5,14,18.71,16.86
4732654,2025-08-02,bra,2025,Brasileirao,18,Anderson Daronco,7877,Bahia,6305,Sport Recife,0,0,0,66,34,14,5,2,1,10,4,2,0,0,0,10,3,4,2,6,3,1,2,1,2,28,14,8,12,1,1,0,0,0,1,20,23,7,18,0,2,25,34,1,2,51,45,39.0,39.0,12.0,6.0,8.0,10.0,557,289,475.0,225.0,224,118,251,107,21.0,10.0,4.0,4.0,0.97,0.65,0.73,0.45,0.24,0.2,0.97,0.65,0.22,0.23,0,1,5,1,5,1,3,1,1,1,0.0,0.2007,0.5083,0.0499,0.3058,0.0749,0.1341,0.2944,0.0216,0.0339,9,3,1,1,2,0,2,1,0,0,0.5832,0.1587,0.1452,0.2944,0.0878,0.0,0.1537,0.2007,0.0,0.0,14,5,16.86,18.71
4732645,2025-08-03,bra,2025,Brasileirao,18,Lucas Paulo Torezin,9863,Fluminense,9769,Gremio,1,1,0,56,44,9,9,1,0,5,5,3,4,1,0,6,4,3,5,6,4,3,0,2,0,21,19,11,17,1,3,0,0,0,1,20,24,10,5,4,3,18,32,0,0,68,54,49.0,41.0,19.0,13.0,12.0,6.0,446,350,371.0,279.0,159,155,212,124,27.0,25.0,3.0,4.0,1.56,0.35,0.37,0.11,0.4,0.24,0.77,0.35,0.92,0.0,1,0,5,2,0,2,3,4,0,1,0.0515,0.0,1.2942,0.1838,0.0,0.0537,0.2119,0.0931,0.0,0.0157,4,4,1,0,2,2,1,3,1,0,0.2181,0.1067,0.155,0.0,0.3195,0.0372,0.0767,0.2024,0.7884,0.0,9,9,13.99,19.54
4732645,2025-08-03,bra,2025,Brasileirao,18,Lucas Paulo Torezin,9769,Gremio,9863,Fluminense,0,0,1,44,56,9,9,0,1,5,5,4,3,0,1,4,6,5,3,4,6,0,3,0,2,19,21,17,11,3,1,0,0,1,0,24,20,5,10,3,4,32,18,0,0,54,68,41.0,49.0,13.0,19.0,6.0,12.0,350,446,279.0,371.0,155,159,124,212,25.0,27.0,4.0,3.0,0.35,1.56,0.11,0.37,0.24,0.4,0.35,0.77,0.0,0.92,0,1,2,5,2,0,4,3,1,0,0.0,0.0515,0.1838,1.2942,0.0537,0.0,0.0931,0.2119,0.0157,0.0,4,4,0,1,2,2,3,1,0,1,0.1067,0.2181,0.0,0.155,0.0372,0.3195,0.2024,0.0767,0.0,0.7884,9,9,19.54,13.99
4732646,2025-08-03,bra,2025,Brasileirao,18,Matheus Delgado Candançan,8517,Botafogo RJ,9781,Cruzeiro,1,0,2,56,44,11,11,2,4,7,4,2,3,1,0,8,7,3,4,6,5,0,2,0,0,27,14,15,7,3,2,0,0,1,2,14,12,6,16,3,2,15,30,2,2,42,41,32.0,30.0,10.0,11.0,12.0,7.0,488,385,411.0,307.0,237,156,174,151,28.0,26.0,7.0,3.0,0.76,1.55,0.61,1.4,0.14,0.15,0.76,1.55,0.47,1.86,0,1,7,3,1,3,1,2,2,2,0.0,0.8497,0.658,0.4263,0.0151,0.0933,0.0353,0.1228,0.0487,0.0598,8,7,0,2,3,1,0,1,0,0,0.6122,1.1286,0.0,0.2763,0.1448,0.1033,0.0,0.0437,0.0,0.0,11,11,14.08,17.56
4732646,2025-08-03,bra,2025,Brasileirao,18,Matheus Delgado Candançan,9781,Cruzeiro,8517,Botafogo RJ,0,2,0,44,56,11,11,4,2,4,7,3,2,0,1,7,8,4,3,5,6,2,0,0,0,14,27,7,15,2,3,0,0,2,1,12,14,16,6,2,3,30,15,2,2,41,42,30.0,32.0,11.0,10.0,7.0,12.0,385,488,307.0,411.0,156,237,151,174,26.0,28.0,3.0,7.0,1.55,0.76,1.4,0.61,0.15,0.14,1.55,0.76,1.86,0.47,1,0,3,7,3,1,2,1,2,2,0.8497,0.0,0.4263,0.658,0.0933,0.0151,0.1228,0.0353,0.0598,0.0487,7,8,2,0,1,3,1,0,0,0,1.1286,0.6122,0.2763,0.0,0.1033,0.1448,0.0437,0.0,0.0,0.0,11,11,17.56,14.08
4732647,2025-08-03,bra,2025,Brasileirao,18,Felipe Fernandes de Lima,9808,Corinthians,8287,Fortaleza,1,1,1,68,32,18,8,5,3,9,3,4,2,1,1,14,5,4,3,5,3,3,2,2,2,32,10,10,16,0,2,0,0,3,4,23,17,5,16,2,4,19,45,2,4,66,44,45.0,29.0,21.0,15.0,9.0,3.0,620,296,542.0,231.0,252,122,290,109,28.0,31.0,12.0,2.0,1.98,1.04,1.81,0.83,0.16,0.21,1.98,1.04,1.82,0.36,1,2,8,0,5,3,2,2,2,1,0.8574,0.7075,0.7078,0.0,0.3611,0.1657,0.0384,0.0341,0.0301,0.0185,14,5,0,1,2,2,2,0,0,0,1.8318,0.7914,0.0,0.0187,0.04,0.1157,0.123,0.0,0.0,0.0,18,8,15.82,21.74
4732647,2025-08-03,bra,2025,Brasileirao,18,Felipe Fernandes de Lima,8287,Fortaleza,9808,Corinthians,0,1,1,32,68,8,18,3,5,3,9,2,4,1,1,5,14,3,4,3,5,2,3,2,2,10,32,16,10,2,0,0,0,4,3,17,23,16,5,4,2,45,19,4,2,44,66,29.0,45.0,15.0,21.0,3.0,9.0,296,620,231.0,542.0,122,252,109,290,31.0,28.0,2.0,12.0,1.04,1.98,0.83,1.81,0.21,0.16,1.04,1.98,0.36,1.82,2,1,0,8,3,5,2,2,1,2,0.7075,0.8574,0.0,0.7078,0.1657,0.3611,0.0341,0.0384,0.0185,0.0301,5,14,1,0,2,2,0,2,0,0,0.7914,1.8318,0.0187,0.0,0.1157,0.04,0.0,0.123,0.0,0.0,8,18,21.74,15.82
4732650,2025-08-03,bra,2025,Brasileirao,18,Bruno Arleu de Araújo,10272,Atletico MG,109705,Red Bull Bragantino,1,2,1,59,41,29,4,9,3,13,1,7,0,0,0,20,3,9,1,9,0,5,2,4,2,46,10,13,11,1,4,0,1,1,3,12,12,10,12,0,7,19,21,2,7,31,38,25.0,26.0,6.0,12.0,3.0,2.0,480,341,416.0,258.0,200,153,216,105,35.0,28.0,7.0,2.0,3.06,0.72,2.85,0.72,0.21,0.0,3.06,0.72,2.81,1.67,2,0,12,1,6,2,5,1,4,0,0.3687,0.0,1.9951,0.4179,0.3399,0.2974,0.2295,0.0686,0.1304,0.0,18,4,4,0,6,0,1,0,0,0,2.3886,0.784,0.4675,0.0,0.1722,0.0,0.0352,0.0,0.0,0.0,29,4,16.39,14.85
4732650,2025-08-03,bra,2025,Brasileirao,18,Bruno Arleu de Araújo,109705,Red Bull Bragantino,10272,Atletico MG,0,1,2,41,59,4,29,3,9,1,13,0,7,0,0,3,20,1,9,0,9,2,5,2,4,10,46,11,13,4,1,1,0,3,1,12,12,12,10,7,0,21,19,7,2,38,31,26.0,25.0,12.0,6.0,2.0,3.0,341,480,258.0,416.0,153,200,105,216,28.0,35.0,2.0,7.0,0.72,3.06,0.72,2.85,0.0,0.21,0.72,3.06,1.67,2.81,0,2,1,12,2,6,1,5,0,4,0.0,0.3687,0.4179,1.9951,0.2974,0.3399,0.0686,0.2295,0.0,0.1304,4,18,0,4,0,6,0,1,0,0,0.784,2.3886,0.0,0.4675,0.0,0.1722,0.0,0.0352,0.0,0.0,4,29,14.85,16.39
4732651,2025-08-03,bra,2025,Brasileirao,18,Alex Gomes Stefano,8702,Internacional,10277,Sao Paulo,1,1,2,52,48,11,9,4,4,3,1,4,4,0,0,5,8,6,1,4,5,2,1,1,1,12,15,23,19,2,2,0,0,0,3,16,19,16,5,3,3,18,28,2,3,52,65,40.0,43.0,12.0,22.0,6.0,2.0,468,437,389.0,361.0,143,227,246,134,15.0,30.0,1.0,8.0,1.45,0.45,0.58,0.15,0.08,0.3,0.66,0.45,1.31,1.14,0,1,2,5,3,2,5,0,1,1,0.0,0.0324,0.8652,0.3417,0.3472,0.0693,0.2316,0.0,0.0156,0.0074,5,3,1,1,3,3,1,2,1,0,0.4414,0.1225,0.145,0.0311,0.0459,0.1619,0.0388,0.1353,0.7884,0.0,11,9,21.51,14.35
4732651,2025-08-03,bra,2025,Brasileirao,18,Alex Gomes Stefano,10277,Sao Paulo,8702,Internacional,0,2,1,48,52,9,11,4,4,1,3,4,4,0,0,8,5,1,6,5,4,1,2,1,1,15,12,19,23,2,2,0,0,3,0,19,16,5,16,3,3,28,18,3,2,65,52,43.0,40.0,22.0,12.0,2.0,6.0,437,468,361.0,389.0,227,143,134,246,30.0,15.0,8.0,1.0,0.45,1.45,0.15,0.58,0.3,0.08,0.45,0.66,1.14,1.31,1,0,5,2,2,3,0,5,1,1,0.0324,0.0,0.3417,0.8652,0.0693,0.3472,0.0,0.2316,0.0074,0.0156,3,5,1,1,3,3,2,1,0,1,0.1225,0.4414,0.0311,0.145,0.1619,0.0459,0.1353,0.0388,0.0,0.7884,9,11,14.35,21.51
4732652,2025-08-03,bra,2025,Brasileirao,18,Davi de Oliveira Lacerda,7733,Vitoria,10283,Palmeiras,1,2,2,40,60,15,14,6,4,7,8,2,2,1,0,9,9,6,5,6,2,1,3,1,1,29,17,13,21,5,2,0,0,3,2,18,14,6,9,2,2,36,27,2,4,66,44,49.0,28.0,17.0,16.0,12.0,3.0,281,430,219.0,363.0,105,159,114,204,25.0,31.0,4.0,4.0,0.93,1.71,0.6,0.44,0.33,0.48,0.93,0.92,1.89,1.23,0,1,6,7,3,1,4,2,2,3,0.0,0.2249,0.6181,1.3052,0.1624,0.0526,0.0543,0.0337,0.0934,0.0922,7,8,1,0,5,4,2,1,0,1,0.4428,0.4386,0.16,0.0,0.2083,0.425,0.1171,0.0566,0.0,0.7884,15,14,19.14,15.36
4732652,2025-08-03,bra,2025,Brasileirao,18,Davi de Oliveira Lacerda,10283,Palmeiras,7733,Vitoria,0,2,2,60,40,14,15,4,6,8,7,2,2,0,1,9,9,5,6,2,6,3,1,1,1,17,29,21,13,2,5,0,0,2,3,14,18,9,6,2,2,27,36,4,2,44,66,28.0,49.0,16.0,17.0,3.0,12.0,430,281,363.0,219.0,159,105,204,114,31.0,25.0,4.0,4.0,1.71,0.93,0.44,0.6,0.48,0.33,0.92,0.93,1.23,1.89,1,0,7,6,1,3,2,4,3,2,0.2249,0.0,1.3052,0.6181,0.0526,0.1624,0.0337,0.0543,0.0922,0.0934,8,7,0,1,4,5,1,2,1,0,0.4386,0.4428,0.0,0.16,0.425,0.2083,0.0566,0.1171,0.7884,0.0,14,15,15.36,19.14
4732653,2025-08-03,bra,2025,Brasileirao,18,Rodrigo José Pereira de Lima,172341,Ceara,9770,Flamengo,1,1,1,31,69,9,14,4,4,5,7,0,3,1,0,8,9,1,5,3,7,3,1,2,0,11,18,14,12,3,2,0,0,4,2,14,14,6,5,3,0,22,21,3,3,42,51,30.0,34.0,12.0,17.0,4.0,8.0,274,627,209.0,548.0,125,239,84,309,23.0,14.0,3.0,3.0,0.65,1.05,0.51,0.76,0.14,0.29,0.65,1.05,1.66,1.0,1,0,3,4,4,5,0,2,1,3,0.3033,0.0,0.2724,0.5086,0.2217,0.3139,0.0,0.119,0.0212,0.1122,6,10,1,0,1,2,1,2,0,0,0.5365,0.7593,0.0601,0.0,0.0441,0.1446,0.1779,0.1497,0.0,0.0,9,14,14.42,18.61
4732653,2025-08-03,bra,2025,Brasileirao,18,Rodrigo José Pereira de Lima,9770,Flamengo,172341,Ceara,0,1,1,69,31,14,9,4,4,7,5,3,0,0,1,9,8,5,1,7,3,1,3,0,2,18,11,12,14,2,3,0,0,2,4,14,14,5,6,0,3,21,22,3,3,51,42,34.0,30.0,17.0,12.0,8.0,4.0,627,274,548.0,209.0,239,125,309,84,14.0,23.0,3.0,3.0,1.05,0.65,0.76,0.51,0.29,0.14,1.05,0.65,1.0,1.66,0,1,4,3,5,4,2,0,3,1,0.0,0.3033,0.5086,0.2724,0.3139,0.2217,0.119,0.0,0.1122,0.0212,10,6,0,1,2,1,2,1,0,0,0.7593,0.5365,0.0,0.0601,0.1446,0.0441,0.1497,0.1779,0.0,0.0,14,9,18.61,14.42
4732648,2025-08-04,bra,2025,Brasileirao,18,Paulo Cesar Zanovelli da Silva,8514,Santos FC,10274,Juventude,1,3,1,50,50,19,20,8,10,7,7,4,3,1,1,13,11,6,9,3,8,4,4,1,4,32,20,18,17,3,3,0,0,0,3,18,17,5,2,3,4,21,22,9,5,47,46,36.0,38.0,11.0,8.0,2.0,3.0,378,383,318.0,334.0,155,181,163,153,15.0,27.0,6.0,4.0,2.63,1.72,1.55,1.45,0.29,0.27,1.84,1.72,2.95,2.61,2,3,6,4,5,4,1,8,5,1,0.3931,0.8262,1.8358,0.4274,0.2408,0.2367,0.0885,0.3267,0.1594,0.0289,13,12,0,2,1,4,4,2,1,0,1.6326,1.4396,0.0,0.132,0.1497,0.1656,0.1469,0.1086,0.7884,0.0,19,20,17.42,17.89
4732648,2025-08-04,bra,2025,Brasileirao,18,Paulo Cesar Zanovelli da Silva,10274,Juventude,8514,Santos FC,0,1,3,50,50,20,19,10,8,7,7,3,4,1,1,11,13,9,6,8,3,4,4,4,1,20,32,17,18,3,3,0,0,3,0,17,18,2,5,4,3,22,21,5,9,46,47,38.0,36.0,8.0,11.0,3.0,2.0,383,378,334.0,318.0,181,155,153,163,27.0,15.0,4.0,6.0,1.72,2.63,1.45,1.55,0.27,0.29,1.72,1.84,2.61,2.95,3,2,4,6,4,5,8,1,1,5,0.8262,0.3931,0.4274,1.8358,0.2367,0.2408,0.3267,0.0885,0.0289,0.1594,12,13,2,0,4,1,2,4,0,1,1.4396,1.6326,0.132,0.0,0.1656,0.1497,0.1086,0.1469,0.0,0.7884,20,19,17.89,17.42
4732658,2025-08-09,bra,2025,Brasileirao,19,Bruno Arleu de Araújo,10277,Sao Paulo,7733,Vitoria,1,2,0,56,44,23,5,3,1,11,2,9,2,1,0,16,4,7,1,4,3,2,0,0,0,31,13,16,10,3,3,0,0,0,2,17,12,8,8,2,9,22,17,1,1,45,55,31.0,36.0,14.0,19.0,4.0,8.0,480,368,418.0,294.0,195,175,223,119,18.0,22.0,5.0,3.0,2.53,0.33,1.52,0.24,1.01,0.09,2.53,0.33,2.16,0.56,4,0,7,4,5,0,5,1,2,0,1.114,0.0,0.9178,0.2994,0.2488,0.0,0.2225,0.0266,0.0287,0.0,17,3,2,0,3,1,1,1,0,0,1.2994,0.2379,0.2212,0.0,0.8711,0.0459,0.14,0.0422,0.0,0.0,23,5,15.92,14.52
4732658,2025-08-09,bra,2025,Brasileirao,19,Bruno Arleu de Araújo,7733,Vitoria,10277,Sao Paulo,0,0,2,44,56,5,23,1,3,2,11,2,9,0,1,4,16,1,7,3,4,0,2,0,0,13,31,10,16,3,3,0,0,2,0,12,17,8,8,9,2,17,22,1,1,55,45,36.0,31.0,19.0,14.0,8.0,4.0,368,480,294.0,418.0,175,195,119,223,22.0,18.0,3.0,5.0,0.33,2.53,0.24,1.52,0.09,1.01,0.33,2.53,0.56,2.16,0,4,4,7,0,5,1,5,0,2,0.0,1.114,0.2994,0.9178,0.0,0.2488,0.0266,0.2225,0.0,0.0287,3,17,0,2,1,3,1,1,0,0,0.2379,1.2994,0.0,0.2212,0.0459,0.8711,0.0422,0.14,0.0,0.0,5,23,14.52,15.92
4732659,2025-08-09,bra,2025,Brasileirao,19,Felipe Fernandes de Lima,109705,Red Bull Bragantino,8702,Internacional,1,1,3,50,50,17,14,8,6,3,5,6,3,0,0,12,7,5,7,8,6,1,5,1,2,26,21,7,12,1,2,0,0,1,4,13,27,6,9,3,7,12,26,3,6,45,54,31.0,44.0,14.0,10.0,8.0,11.0,481,483,393.0,415.0,244,202,149,213,39.0,22.0,4.0,4.0,1.35,2.69,1.11,1.8,0.24,0.11,1.35,1.91,0.84,1.74,0,0,9,6,4,1,4,4,0,3,0.0,0.0,0.9943,2.3483,0.1962,0.038,0.1737,0.2196,0.0,0.0881,14,10,0,1,2,2,1,0,0,1,1.1257,1.7291,0.0,0.0676,0.1362,0.1089,0.1022,0.0,0.0,0.7884,17,14,16.63,16.97
4732659,2025-08-09,bra,2025,Brasileirao,19,Felipe Fernandes de Lima,8702,Internacional,109705,Red Bull Bragantino,0,3,1,50,50,14,17,6,8,5,3,3,6,0,0,7,12,7,5,6,8,5,1,2,1,21,26,12,7,2,1,0,0,4,1,27,13,9,6,7,3,26,12,6,3,54,45,44.0,31.0,10.0,14.0,11.0,8.0,483,481,415.0,393.0,202,244,213,149,22.0,39.0,4.0,4.0,2.69,1.35,1.8,1.11,0.11,0.24,1.91,1.35,1.74,0.84,0,0,6,9,1,4,4,4,3,0,0.0,0.0,2.3483,0.9943,0.038,0.1962,0.2196,0.1737,0.0881,0.0,10,14,1,0,2,2,0,1,1,0,1.7291,1.1257,0.0676,0.0,0.1089,0.1362,0.0,0.1022,0.7884,0.0,14,17,16.97,16.63
4732663,2025-08-09,bra,2025,Brasileirao,19,Anderson Daronco,8287,Fortaleza,8517,Botafogo RJ,1,0,5,43,57,9,21,1,12,3,5,5,4,0,1,4,9,5,12,2,8,0,4,0,0,16,24,8,12,2,0,1,0,1,1,8,14,6,10,4,5,15,21,7,1,36,38,24.0,28.0,12.0,10.0,5.0,7.0,366,494,307.0,444.0,162,217,145,227,29.0,26.0,2.0,5.0,0.39,1.94,0.21,1.42,0.18,0.52,0.39,1.94,0.01,3.26,1,1,1,6,2,2,5,8,0,4,0.0752,0.1638,0.1074,1.3071,0.0703,0.0906,0.1879,0.3106,0.0,0.0838,4,13,1,2,1,5,3,1,0,0,0.1777,1.3471,0.0871,0.0732,0.0752,0.4262,0.1008,0.1094,0.0,0.0,9,21,20.42,19.66
4732663,2025-08-09,bra,2025,Brasileirao,19,Anderson Daronco,8517,Botafogo RJ,8287,Fortaleza,0,5,0,57,43,21,9,12,1,5,3,4,5,1,0,9,4,12,5,8,2,4,0,0,0,24,16,12,8,0,2,0,1,1,1,14,8,10,6,5,4,21,15,1,7,38,36,28.0,24.0,10.0,12.0,7.0,5.0,494,366,444.0,307.0,217,162,227,145,26.0,29.0,5.0,2.0,1.94,0.39,1.42,0.21,0.52,0.18,1.94,0.39,3.26,0.01,1,1,6,1,2,2,8,5,4,0,0.1638,0.0752,1.3071,0.1074,0.0906,0.0703,0.3106,0.1879,0.0838,0.0,13,4,2,1,5,1,1,3,0,0,1.3471,0.1777,0.0732,0.0871,0.4262,0.0752,0.1094,0.1008,0.0,0.0,21,9,19.66,20.42
4732656,2025-08-10,bra,2025,Brasileirao,19,Davi de Oliveira Lacerda,10276,Vasco da Gama,10272,Atletico MG,1,1,1,55,45,15,17,4,4,8,7,3,6,1,0,8,8,7,9,6,10,4,1,3,1,16,19,10,9,2,1,0,0,0,2,14,20,7,8,6,3,33,19,3,3,47,42,29.0,35.0,18.0,7.0,6.0,5.0,429,354,375.0,285.0,223,163,152,122,11.0,29.0,6.0,5.0,1.73,0.99,0.54,0.76,0.4,0.23,0.94,0.99,1.33,0.51,1,4,7,3,0,1,4,5,3,4,0.2847,0.579,1.3042,0.1184,0.0,0.015,0.085,0.1887,0.0573,0.0885,7,9,1,2,4,4,2,2,1,0,0.5117,0.6458,0.0315,0.1133,0.3604,0.1804,0.0392,0.0501,0.7884,0.0,15,17,18.85,19.65
4732656,2025-08-10,bra,2025,Brasileirao,19,Davi de Oliveira Lacerda,10272,Atletico MG,10276,Vasco da Gama,0,1,1,45,55,17,15,4,4,7,8,6,3,0,1,8,8,9,7,10,6,1,4,1,3,19,16,9,10,1,2,0,0,2,0,20,14,8,7,3,6,19,33,3,3,42,47,35.0,29.0,7.0,18.0,5.0,6.0,354,429,285.0,375.0,163,223,122,152,29.0,11.0,5.0,6.0,0.99,1.73,0.76,0.54,0.23,0.4,0.99,0.94,0.51,1.33,4,1,3,7,1,0,5,4,4,3,0.579,0.2847,0.1184,1.3042,0.015,0.0,0.1887,0.085,0.0885,0.0573,9,7,2,1,4,4,2,2,0,1,0.6458,0.5117,0.1133,0.0315,0.1804,0.3604,0.0501,0.0392,0.0,0.7884,17,15,19.65,18.85
4732657,2025-08-10,bra,2025,Brasileirao,19,Lucas Paulo Torezin,10283,Palmeiras,172341,Ceara,1,2,1,61,39,8,7,5,4,3,2,0,1,0,0,5,4,3,3,3,3,2,1,0,1,17,10,8,12,1,3,0,0,5,3,25,21,9,3,1,0,26,46,3,3,59,46,43.0,33.0,16.0,13.0,8.0,6.0,484,310,411.0,235.0,196,125,215,110,31.0,18.0,4.0,2.0,1.44,0.32,0.62,0.13,0.03,0.19,0.65,0.32,2.08,1.06,0,1,3,1,2,2,3,1,0,2,0.0,0.1132,1.3322,0.0204,0.0663,0.1307,0.0378,0.0268,0.0,0.0316,4,4,1,1,1,2,1,0,1,0,0.0969,0.0748,0.5226,0.1143,0.0063,0.1336,0.022,0.0,0.7884,0.0,8,7,19.39,20.85
4732657,2025-08-10,bra,2025,Brasileirao,19,Lucas Paulo Torezin,172341,Ceara,10283,Palmeiras,0,1,2,39,61,7,8,4,5,2,3,1,0,0,0,4,5,3,3,3,3,1,2,1,0,10,17,12,8,3,1,0,0,3,5,21,25,3,9,0,1,46,26,3,3,46,59,33.0,43.0,13.0,16.0,6.0,8.0,310,484,235.0,411.0,125,196,110,215,18.0,31.0,2.0,4.0,0.32,1.44,0.13,0.62,0.19,0.03,0.32,0.65,1.06,2.08,1,0,1,3,2,2,1,3,2,0,0.1132,0.0,0.0204,1.3322,0.1307,0.0663,0.0268,0.0378,0.0316,0.0,4,4,1,1,2,1,0,1,0,1,0.0748,0.0969,0.1143,0.5226,0.1336,0.0063,0.0,0.022,0.0,0.7884,7,8,20.85,19.39
4732660,2025-08-10,bra,2025,Brasileirao,19,Wilton Pereira Sampaio,9781,Cruzeiro,8514,Santos FC,1,1,2,57,43,19,9,4,2,10,5,5,2,0,0,13,6,6,3,15,3,7,4,6,2,46,16,17,12,5,3,0,0,2,3,11,17,5,8,2,5,13,38,0,3,42,50,29.0,37.0,13.0,13.0,9.0,4.0,382,301,304.0,241.0,130,153,174,88,29.0,23.0,14.0,4.0,2.4,1.73,0.77,1.7,1.64,0.04,2.4,1.73,1.72,1.79,3,1,6,3,4,2,4,2,2,1,1.0513,0.6577,0.97,0.9096,0.2197,0.0858,0.1164,0.0678,0.0467,0.0136,4,5,2,2,11,1,2,1,0,0,0.5416,1.2474,0.2239,0.4512,1.334,0.0223,0.3045,0.0136,0.0,0.0,19,9,14.92,15.0
4732660,2025-08-10,bra,2025,Brasileirao,19,Wilton Pereira Sampaio,8514,Santos FC,9781,Cruzeiro,0,2,1,43,57,9,19,2,4,5,10,2,5,0,0,6,13,3,6,3,15,4,7,2,6,16,46,12,17,3,5,0,0,3,2,17,11,8,5,5,2,38,13,3,0,50,42,37.0,29.0,13.0,13.0,4.0,9.0,301,382,241.0,304.0,153,130,88,174,23.0,29.0,4.0,14.0,1.73,2.4,1.7,0.77,0.04,1.64,1.73,2.4,1.79,1.72,1,3,3,6,2,4,2,4,1,2,0.6577,1.0513,0.9096,0.97,0.0858,0.2197,0.0678,0.1164,0.0136,0.0467,5,4,2,2,1,11,1,2,0,0,1.2474,0.5416,0.4512,0.2239,0.0223,1.334,0.0136,0.3045,0.0,0.0,9,19,15.0,14.92
4732661,2025-08-10,bra,2025,Brasileirao,19,Yuri Elino Ferreira da Cruz,9769,Gremio,6305,Sport Recife,1,0,1,59,41,14,11,6,3,8,8,0,0,0,0,10,9,4,2,3,2,3,3,3,2,18,26,10,19,2,0,0,0,1,2,13,13,12,16,0,0,42,28,2,6,58,47,37.0,34.0,21.0,13.0,7.0,11.0,502,345,430.0,261.0,222,118,208,143,24.0,20.0,7.0,2.0,1.37,1.52,0.59,1.52,0.78,0.0,1.37,1.52,2.23,1.05,2,1,8,5,0,3,2,0,2,2,0.4853,0.0788,0.8173,1.1368,0.0,0.2869,0.0465,0.0,0.0293,0.0213,8,8,0,3,2,0,4,0,0,0,0.5902,1.0596,0.0,0.4643,0.1705,0.0,0.6176,0.0,0.0,0.0,14,11,16.01,15.15
4732661,2025-08-10,bra,2025,Brasileirao,19,Yuri Elino Ferreira da Cruz,6305,Sport Recife,9769,Gremio,0,1,0,41,59,11,14,3,6,8,8,0,0,0,0,9,10,2,4,2,3,3,3,2,3,26,18,19,10,0,2,0,0,2,1,13,13,16,12,0,0,28,42,6,2,47,58,34.0,37.0,13.0,21.0,11.0,7.0,345,502,261.0,430.0,118,222,143,208,20.0,24.0,2.0,7.0,1.52,1.37,1.52,0.59,0.0,0.78,1.52,1.37,1.05,2.23,1,2,5,8,3,0,0,2,2,2,0.0788,0.4853,1.1368,0.8173,0.2869,0.0,0.0,0.0465,0.0213,0.0293,8,8,3,0,0,2,0,4,0,0,1.0596,0.5902,0.4643,0.0,0.0,0.1705,0.0,0.6176,0.0,0.0,11,14,15.15,16.01
4732662,2025-08-10,bra,2025,Brasileirao,19,Jefferson Ferreira de Moraes,7877,Bahia,9863,Fluminense,1,3,3,60,40,17,8,6,5,4,3,7,0,0,0,12,6,5,2,8,2,2,2,2,1,43,10,17,13,2,2,0,1,0,1,11,15,5,8,0,7,13,29,2,4,36,48,27.0,38.0,9.0,10.0,5.0,7.0,506,341,437.0,277.0,176,173,261,104,30.0,22.0,9.0,2.0,1.48,0.53,1.05,0.21,0.43,0.32,1.48,0.53,2.03,1.98,0,0,9,4,3,2,2,1,3,1,0.0,0.0,1.1035,0.3692,0.1617,0.068,0.1452,0.0866,0.0721,0.011,10,3,2,2,3,0,2,3,0,0,0.9154,0.1015,0.1375,0.1205,0.2847,0.0,0.1449,0.3127,0.0,0.0,17,8,16.38,17.37
4732662,2025-08-10,bra,2025,Brasileirao,19,Jefferson Ferreira de Moraes,9863,Fluminense,7877,Bahia,0,3,3,40,60,8,17,5,6,3,4,0,7,0,0,6,12,2,5,2,8,2,2,1,2,10,43,13,17,2,2,1,0,1,0,15,11,8,5,7,0,29,13,4,2,48,36,38.0,27.0,10.0,9.0,7.0,5.0,341,506,277.0,437.0,173,176,104,261,22.0,30.0,2.0,9.0,0.53,1.48,0.21,1.05,0.32,0.43,0.53,1.48,1.98,2.03,0,0,4,9,2,3,1,2,1,3,0.0,0.0,0.3692,1.1035,0.068,0.1617,0.0866,0.1452,0.011,0.0721,3,10,2,2,0,3,3,2,0,0,0.1015,0.9154,0.1205,0.1375,0.0,0.2847,0.3127,0.1449,0.0,0.0,8,17,17.37,16.38
4732664,2025-08-11,bra,2025,Brasileirao,19,Lucas Casagrande,10274,Juventude,9808,Corinthians,1,2,1,37,63,12,11,4,3,5,6,3,2,0,0,9,7,3,4,3,2,3,1,1,1,19,22,22,12,5,5,0,1,1,1,13,16,10,6,1,3,21,15,2,2,39,59,32.0,44.0,7.0,15.0,9.0,7.0,316,549,256.0,489.0,154,311,102,178,18.0,39.0,3.0,6.0,1.78,0.66,1.75,0.44,0.04,0.22,1.78,0.66,2.29,0.48,2,0,3,5,4,2,3,4,0,0,0.9904,0.0,0.339,0.4556,0.2647,0.0717,0.1788,0.1328,0.0,0.0,11,7,0,0,1,2,0,2,0,0,1.7345,0.4388,0.0,0.0,0.0384,0.0345,0.0,0.1868,0.0,0.0,12,11,14.22,19.14
4732664,2025-08-11,bra,2025,Brasileirao,19,Lucas Casagrande,9808,Corinthians,10274,Juventude,0,1,2,63,37,11,12,3,4,6,5,2,3,0,0,7,9,4,3,2,3,1,3,1,1,22,19,12,22,5,5,1,0,1,1,16,13,6,10,3,1,15,21,2,2,59,39,44.0,32.0,15.0,7.0,7.0,9.0,549,316,489.0,256.0,311,154,178,102,39.0,18.0,6.0,3.0,0.66,1.78,0.44,1.75,0.22,0.04,0.66,1.78,0.48,2.29,0,2,5,3,2,4,4,3,0,0,0.0,0.9904,0.4556,0.339,0.0717,0.2647,0.1328,0.1788,0.0,0.0,7,11,0,0,2,1,2,0,0,0,0.4388,1.7345,0.0,0.0,0.0345,0.0384,0.1868,0.0,0.0,0.0,11,12,19.14,14.22
4732665,2025-08-16,bra,2025,Brasileirao,20,Rafael Rodrigo Klein,9863,Fluminense,8287,Fortaleza,1,2,1,43,57,10,12,3,5,4,3,3,4,0,0,7,8,3,4,2,6,2,3,0,2,23,27,10,18,2,4,0,0,0,1,14,9,7,8,4,3,25,13,5,1,50,37,39.0,24.0,11.0,13.0,8.0,7.0,391,515,318.0,444.0,203,213,115,231,27.0,34.0,2.0,6.0,0.87,1.69,0.79,1.54,0.08,0.14,0.87,1.69,1.57,2.13,0,2,5,3,2,3,2,3,1,1,0.0,0.4049,0.755,1.1187,0.0549,0.077,0.0467,0.0736,0.0169,0.011,6,9,3,2,0,0,1,1,0,0,0.5209,1.2402,0.2718,0.3008,0.0,0.0,0.0807,0.1443,0.0,0.0,10,12,17.97,18.3
4732665,2025-08-16,bra,2025,Brasileirao,20,Rafael Rodrigo Klein,8287,Fortaleza,9863,Fluminense,0,1,2,57,43,12,10,5,3,3,4,4,3,0,0,8,7,4,3,6,2,3,2,2,0,27,23,18,10,4,2,0,0,1,0,9,14,8,7,3,4,13,25,1,5,37,50,24.0,39.0,13.0,11.0,7.0,8.0,515,391,444.0,318.0,213,203,231,115,34.0,27.0,6.0,2.0,1.69,0.87,1.54,0.79,0.14,0.08,1.69,0.87,2.13,1.57,2,0,3,5,3,2,3,2,1,1,0.4049,0.0,1.1187,0.755,0.077,0.0549,0.0736,0.0467,0.011,0.0169,9,6,2,3,0,0,1,1,0,0,1.2402,0.5209,0.3008,0.2718,0.0,0.0,0.1443,0.0807,0.0,0.0,12,10,18.3,17.97
4732672,2025-08-16,bra,2025,Brasileirao,20,Raphael Claus,7733,Vitoria,10274,Juventude,1,2,2,51,49,18,13,4,4,7,4,7,5,0,0,7,11,11,2,4,6,2,3,1,2,16,21,9,14,1,3,1,1,2,3,12,12,12,9,4,7,25,24,2,2,39,34,29.0,22.0,10.0,12.0,4.0,2.0,374,358,325.0,304.0,145,126,180,178,22.0,26.0,6.0,6.0,2.39,1.87,2.32,0.8,0.07,0.28,2.39,1.08,2.2,2.01,1,2,4,7,2,2,3,2,8,0,0.668,0.1651,1.3381,1.5915,0.0571,0.0475,0.137,0.0687,0.193,0.0,11,6,3,0,2,5,2,1,0,1,2.1362,0.7997,0.1835,0.0,0.025,0.2627,0.0484,0.0219,0.0,0.7884,18,13,20.14,13.69
4732672,2025-08-16,bra,2025,Brasileirao,20,Raphael Claus,10274,Juventude,7733,Vitoria,0,2,2,49,51,13,18,4,4,4,7,5,7,0,0,11,7,2,11,6,4,3,2,2,1,21,16,14,9,3,1,1,1,3,2,12,12,9,12,7,4,24,25,2,2,34,39,22.0,29.0,12.0,10.0,2.0,4.0,358,374,304.0,325.0,126,145,178,180,26.0,22.0,6.0,6.0,1.87,2.39,0.8,2.32,0.28,0.07,1.08,2.39,2.01,2.2,2,1,7,4,2,2,2,3,0,8,0.1651,0.668,1.5915,1.3381,0.0475,0.0571,0.0687,0.137,0.0,0.193,6,11,0,3,5,2,1,2,1,0,0.7997,2.1362,0.0,0.1835,0.2627,0.025,0.0219,0.0484,0.7884,0.0,13,18,13.69,20.14
4732673,2025-08-16,bra,2025,Brasileirao,20,Yuri Elino Ferreira da Cruz,172341,Ceara,109705,Red Bull Bragantino,1,1,0,44,56,10,9,4,2,4,6,2,1,0,0,6,3,4,6,3,4,0,0,0,0,13,10,23,16,3,4,0,0,2,1,14,10,5,6,1,2,18,18,2,3,41,49,31.0,35.0,10.0,14.0,2.0,4.0,348,447,277.0,387.0,155,208,122,179,21.0,19.0,2.0,2.0,0.64,0.21,0.52,0.1,0.12,0.11,0.64,0.21,1.12,0.18,0,0,6,2,0,1,3,5,1,1,0.0,0.0,0.56,0.1058,0.0,0.0276,0.0598,0.0669,0.0182,0.0138,3,6,3,0,3,3,1,0,0,0,0.1493,0.1019,0.3706,0.0,0.0597,0.1122,0.0584,0.0,0.0,0.0,10,9,19.07,25.95
4732673,2025-08-16,bra,2025,Brasileirao,20,Yuri Elino Ferreira da Cruz,109705,Red Bull Bragantino,172341,Ceara,0,0,1,56,44,9,10,2,4,6,4,1,2,0,0,3,6,6,4,4,3,0,0,0,0,10,13,16,23,4,3,0,0,1,2,10,14,6,5,2,1,18,18,3,2,49,41,35.0,31.0,14.0,10.0,4.0,2.0,447,348,387.0,277.0,208,155,179,122,19.0,21.0,2.0,2.0,0.21,0.64,0.1,0.52,0.11,0.12,0.21,0.64,0.18,1.12,0,0,2,6,1,0,5,3,1,1,0.0,0.0,0.1058,0.56,0.0276,0.0,0.0669,0.0598,0.0138,0.0182,6,3,0,3,3,3,0,1,0,0,0.1019,0.1493,0.0,0.3706,0.1122,0.0597,0.0,0.0584,0.0,0.0,9,10,25.95,19.07
4732674,2025-08-16,bra,2025,Brasileirao,20,Lucas Paulo Torezin,6305,Sport Recife,10277,Sao Paulo,1,2,2,34,66,8,18,5,8,3,5,0,5,0,2,7,10,1,8,4,10,2,3,0,2,19,25,17,19,4,1,0,0,0,1,15,10,9,7,5,0,37,16,5,3,53,47,38.0,32.0,15.0,15.0,5.0,9.0,242,492,166.0,420.0,87,196,79,224,20.0,16.0,9.0,7.0,0.72,1.61,0.65,0.98,0.07,0.62,0.72,1.61,1.29,1.33,0,1,6,9,1,0,0,3,1,5,0.0,0.2392,0.661,1.0004,0.0435,0.0,0.0,0.2261,0.0198,0.1414,6,10,0,1,2,5,0,2,0,0,0.6496,0.8717,0.0,0.1131,0.0748,0.5411,0.0,0.0812,0.0,0.0,8,18,14.41,17.31
4732674,2025-08-16,bra,2025,Brasileirao,20,Lucas Paulo Torezin,10277,Sao Paulo,6305,Sport Recife,0,2,2,66,34,18,8,8,5,5,3,5,0,2,0,10,7,8,1,10,4,3,2,2,0,25,19,19,17,1,4,0,0,1,0,10,15,7,9,0,5,16,37,3,5,47,53,32.0,38.0,15.0,15.0,9.0,5.0,492,242,420.0,166.0,196,87,224,79,16.0,20.0,7.0,9.0,1.61,0.72,0.98,0.65,0.62,0.07,1.61,0.72,1.33,1.29,1,0,9,6,0,1,3,0,5,1,0.2392,0.0,1.0004,0.661,0.0,0.0435,0.2261,0.0,0.1414,0.0198,10,6,1,0,5,2,2,0,0,0,0.8717,0.6496,0.1131,0.0,0.5411,0.0748,0.0812,0.0,0.0,0.0,18,8,17.31,14.41
4732666,2025-08-17,bra,2025,Brasileirao,20,Davi de Oliveira Lacerda,8517,Botafogo RJ,10283,Palmeiras,1,0,1,59,41,15,9,6,2,4,5,5,2,0,0,7,5,8,4,4,3,2,1,2,0,23,14,7,6,1,2,0,0,2,3,19,29,7,11,2,4,12,18,1,6,55,56,46.0,45.0,9.0,11.0,21.0,10.0,610,420,548.0,347.0,253,208,295,139,29.0,28.0,3.0,3.0,1.63,1.34,1.54,1.29,0.09,0.05,1.63,1.34,1.16,1.23,2,0,4,4,1,1,8,3,0,1,0.2459,0.0,1.0293,1.023,0.0313,0.1419,0.319,0.1497,0.0,0.0239,13,5,0,3,2,1,0,0,0,0,1.5377,0.25,0.0,1.0408,0.0878,0.0477,0.0,0.0,0.0,0.0,15,9,18.59,18.19
4732666,2025-08-17,bra,2025,Brasileirao,20,Davi de Oliveira Lacerda,10283,Palmeiras,8517,Botafogo RJ,0,1,0,41,59,9,15,2,6,5,4,2,5,0,0,5,7,4,8,3,4,1,2,0,2,14,23,6,7,2,1,0,0,3,2,29,19,11,7,4,2,18,12,6,1,56,55,45.0,46.0,11.0,9.0,10.0,21.0,420,610,347.0,548.0,208,253,139,295,28.0,29.0,3.0,3.0,1.34,1.63,1.29,1.54,0.05,0.09,1.34,1.63,1.23,1.16,0,2,4,4,1,1,3,8,1,0,0.0,0.2459,1.023,1.0293,0.1419,0.0313,0.1497,0.319,0.0239,0.0,5,13,3,0,1,2,0,0,0,0,0.25,1.5377,1.0408,0.0,0.0477,0.0878,0.0,0.0,0.0,0.0,9,15,18.19,18.59
4732667,2025-08-17,bra,2025,Brasileirao,20,Paulo Cesar Zanovelli da Silva,9808,Corinthians,7877,Bahia,1,1,2,66,34,24,7,8,5,12,1,4,1,0,0,14,3,10,4,9,1,5,1,4,0,38,8,15,21,2,4,0,0,6,1,22,23,6,11,1,4,11,53,3,7,73,67,51.0,48.0,22.0,19.0,9.0,14.0,485,264,432.0,198.0,136,128,296,70,49.0,19.0,10.0,0.0,2.6,1.06,2.08,0.22,0.52,0.06,2.6,0.27,3.09,1.26,4,0,8,2,2,1,7,2,3,2,1.3024,0.0,0.9079,0.8756,0.0333,0.0363,0.3124,0.1125,0.0446,0.0388,19,4,0,1,2,1,3,0,0,1,2.08,0.1308,0.0,0.0872,0.4109,0.0568,0.1098,0.0,0.0,0.7884,24,7,17.82,19.76
4732667,2025-08-17,bra,2025,Brasileirao,20,Paulo Cesar Zanovelli da Silva,7877,Bahia,9808,Corinthians,0,2,1,34,66,7,24,5,8,1,12,1,4,0,0,3,14,4,10,1,9,1,5,0,4,8,38,21,15,4,2,0,0,1,6,23,22,11,6,4,1,53,11,7,3,67,73,48.0,51.0,19.0,22.0,14.0,9.0,264,485,198.0,432.0,128,136,70,296,19.0,49.0,0.0,10.0,1.06,2.6,0.22,2.08,0.06,0.52,0.27,2.6,1.26,3.09,0,4,2,8,1,2,2,7,2,3,0.0,1.3024,0.8756,0.9079,0.0363,0.0333,0.1125,0.3124,0.0388,0.0446,4,19,1,0,1,2,0,3,1,0,0.1308,2.08,0.0872,0.0,0.0568,0.4109,0.0,0.1098,0.7884,0.0,7,24,19.76,17.82
4732668,2025-08-17,bra,2025,Brasileirao,20,Ramon Abatti,8514,Santos FC,10276,Vasco da Gama,1,0,6,41,59,7,14,2,9,3,1,2,4,1,1,5,8,2,6,3,3,1,5,1,0,16,18,11,12,2,4,0,0,4,2,14,9,7,10,3,2,11,17,3,2,35,36,29.0,28.0,6.0,8.0,3.0,9.0,346,501,280.0,447.0,145,281,135,166,9.0,12.0,2.0,3.0,0.7,2.14,0.58,1.32,0.12,0.04,0.7,1.35,0.11,4.58,0,1,2,6,3,1,1,2,1,4,0.0,0.2451,0.4624,1.7052,0.1884,0.0416,0.0258,0.064,0.0279,0.0857,4,11,1,1,1,1,1,0,0,1,0.5562,1.1973,0.0279,0.12,0.0258,0.0358,0.0946,0.0,0.0,0.7884,7,14,16.2,17.4
4732668,2025-08-17,bra,2025,Brasileirao,20,Ramon Abatti,10276,Vasco da Gama,8514,Santos FC,0,6,0,59,41,14,7,9,2,1,3,4,2,1,1,8,5,6,2,3,3,5,1,0,1,18,16,12,11,4,2,0,0,2,4,9,14,10,7,2,3,17,11,2,3,36,35,28.0,29.0,8.0,6.0,9.0,3.0,501,346,447.0,280.0,281,145,166,135,12.0,9.0,3.0,2.0,2.14,0.7,1.32,0.58,0.04,0.12,1.35,0.7,4.58,0.11,1,0,6,2,1,3,2,1,4,1,0.2451,0.0,1.7052,0.4624,0.0416,0.1884,0.064,0.0258,0.0857,0.0279,11,4,1,1,1,1,0,1,1,0,1.1973,0.5562,0.12,0.0279,0.0358,0.0258,0.0,0.0946,0.7884,0.0,14,7,17.4,16.2
4732670,2025-08-17,bra,2025,Brasileirao,20,Alex Gomes Stefano,10272,Atletico MG,9769,Gremio,1,1,3,63,37,10,8,3,4,5,3,2,1,0,0,4,4,6,4,4,4,0,2,0,0,18,10,19,12,2,2,2,2,1,0,17,25,7,11,1,2,13,32,1,2,46,56,37.0,48.0,9.0,8.0,9.0,6.0,495,289,431.0,231.0,144,141,287,90,16.0,13.0,5.0,1.0,0.23,1.04,0.19,0.83,0.05,0.22,0.23,1.04,0.4,2.04,0,0,1,4,3,0,5,1,1,3,0.0,0.0,0.0267,0.9673,0.0963,0.0,0.0904,0.0286,0.0203,0.0479,8,4,0,0,1,3,1,1,0,0,0.1861,0.8277,0.0,0.0,0.0267,0.2008,0.021,0.0153,0.0,0.0,10,8,23.83,17.93
4732670,2025-08-17,bra,2025,Brasileirao,20,Alex Gomes Stefano,9769,Gremio,10272,Atletico MG,0,3,1,37,63,8,10,4,3,3,5,1,2,0,0,4,4,4,6,4,4,2,0,0,0,10,18,12,19,2,2,2,2,0,1,25,17,11,7,2,1,32,13,2,1,56,46,48.0,37.0,8.0,9.0,6.0,9.0,289,495,231.0,431.0,141,144,90,287,13.0,16.0,1.0,5.0,1.04,0.23,0.83,0.19,0.22,0.05,1.04,0.23,2.04,0.4,0,0,4,1,0,3,1,5,3,1,0.0,0.0,0.9673,0.0267,0.0,0.0963,0.0286,0.0904,0.0479,0.0203,4,8,0,0,3,1,1,1,0,0,0.8277,0.1861,0.0,0.0,0.2008,0.0267,0.0153,0.021,0.0,0.0,8,10,17.93,23.83
4732671,2025-08-17,bra,2025,Brasileirao,20,Rodrigo José Pereira de Lima,8702,Internacional,9770,Flamengo,1,1,3,42,58,14,16,6,3,5,6,3,7,1,1,6,11,8,5,10,5,2,1,1,1,19,25,12,8,2,0,0,0,1,3,18,25,11,6,7,3,19,27,0,5,44,60,33.0,45.0,11.0,15.0,8.0,9.0,442,643,369.0,569.0,227,379,142,190,30.0,34.0,4.0,4.0,1.62,1.51,1.55,1.35,0.08,0.15,1.62,1.51,1.63,2.39,2,0,2,8,2,3,4,4,4,1,1.0988,0.0,0.1299,0.8337,0.1091,0.3645,0.2149,0.2936,0.0713,0.0148,10,12,2,1,2,2,0,1,0,0,1.3665,1.1739,0.181,0.1782,0.0763,0.125,0.0,0.0295,0.0,0.0,14,16,20.6,17.18
4732671,2025-08-17,bra,2025,Brasileirao,20,Rodrigo José Pereira de Lima,9770,Flamengo,8702,Internacional,0,3,1,58,42,16,14,3,6,6,5,7,3,1,1,11,6,5,8,5,10,1,2,1,1,25,19,8,12,0,2,0,0,3,1,25,18,6,11,3,7,27,19,5,0,60,44,45.0,33.0,15.0,11.0,9.0,8.0,643,442,569.0,369.0,379,227,190,142,34.0,30.0,4.0,4.0,1.51,1.62,1.35,1.55,0.15,0.08,1.51,1.62,2.39,1.63,0,2,8,2,3,2,4,4,1,4,0.0,1.0988,0.8337,0.1299,0.3645,0.1091,0.2936,0.2149,0.0148,0.0713,12,10,1,2,2,2,1,0,0,0,1.1739,1.3665,0.1782,0.181,0.125,0.0763,0.0295,0.0,0.0,0.0,16,14,17.18,20.6
4732614,2025-08-20,bra,2025,Brasileirao,14,Matheus Delgado Candançan,10274,Juventude,10276,Vasco da Gama,1,2,0,23,77,10,14,5,2,3,8,2,4,0,0,6,5,4,9,1,5,3,1,1,1,12,13,9,11,2,1,0,0,3,0,18,11,12,6,4,3,39,9,2,2,41,35,34.0,26.0,7.0,9.0,6.0,6.0,256,847,203.0,800.0,133,397,70,403,18.0,25.0,1.0,2.0,1.27,0.54,0.46,0.43,0.02,0.11,0.48,0.54,1.11,0.23,0,1,4,2,2,2,2,6,2,3,0.0,0.0307,1.0138,0.1248,0.1695,0.1265,0.0532,0.1981,0.0363,0.0586,6,10,2,1,0,2,1,1,1,0,0.4037,0.3953,0.0565,0.0306,0.0,0.0822,0.0242,0.0307,0.7884,0.0,10,14,20.31,20.7
4732614,2025-08-20,bra,2025,Brasileirao,14,Matheus Delgado Candançan,10276,Vasco da Gama,10274,Juventude,0,0,2,77,23,14,10,2,5,8,3,4,2,0,0,5,6,9,4,5,1,1,3,1,1,13,12,11,9,1,2,0,0,0,3,11,18,6,12,3,4,9,39,2,2,35,41,26.0,34.0,9.0,7.0,6.0,6.0,847,256,800.0,203.0,397,133,403,70,25.0,18.0,2.0,1.0,0.54,1.27,0.43,0.46,0.11,0.02,0.54,0.48,0.23,1.11,1,0,2,4,2,2,6,2,3,2,0.0307,0.0,0.1248,1.0138,0.1265,0.1695,0.1981,0.0532,0.0586,0.0363,10,6,1,2,2,0,1,1,0,1,0.3953,0.4037,0.0306,0.0565,0.0822,0.0,0.0307,0.0242,0.0,0.7884,14,10,20.7,20.31
4732679,2025-08-23,bra,2025,Brasileirao,21,Lucas Paulo Torezin,109705,Red Bull Bragantino,9863,Fluminense,1,4,2,36,64,8,21,5,7,2,7,1,7,0,0,6,13,2,8,2,11,5,1,1,0,15,39,18,9,3,4,0,0,0,1,15,12,9,2,7,1,39,10,5,1,42,52,31.0,42.0,11.0,10.0,7.0,14.0,332,571,264.0,503.0,176,286,88,217,20.0,27.0,4.0,10.0,1.55,1.04,1.54,0.69,0.01,0.34,1.55,1.04,2.01,0.79,1,0,5,9,0,4,0,2,2,6,0.1176,0.0,1.3841,0.6926,0.0,0.1931,0.0,0.0474,0.049,0.108,5,13,2,1,1,4,0,3,0,0,0.8097,0.6683,0.728,0.0296,0.013,0.2661,0.0,0.0771,0.0,0.0,8,21,15.67,18.98
4732679,2025-08-23,bra,2025,Brasileirao,21,Lucas Paulo Torezin,9863,Fluminense,109705,Red Bull Bragantino,0,2,4,64,36,21,8,7,5,7,2,7,1,0,0,13,6,8,2,11,2,1,5,0,1,39,15,9,18,4,3,0,0,1,0,12,15,2,9,1,7,10,39,1,5,52,42,42.0,31.0,10.0,11.0,14.0,7.0,571,332,503.0,264.0,286,176,217,88,27.0,20.0,10.0,4.0,1.04,1.55,0.69,1.54,0.34,0.01,1.04,1.55,0.79,2.01,0,1,9,5,4,0,2,0,6,2,0.0,0.1176,0.6926,1.3841,0.1931,0.0,0.0474,0.0,0.108,0.049,13,5,1,2,4,1,3,0,0,0,0.6683,0.8097,0.0296,0.728,0.2661,0.013,0.0771,0.0,0.0,0.0,21,8,18.98,15.67
4732680,2025-08-23,bra,2025,Brasileirao,21,Matheus Delgado Candançan,9781,Cruzeiro,8702,Internacional,1,2,1,45,55,15,4,7,3,5,1,3,0,0,0,8,3,7,1,5,1,2,0,1,0,16,12,10,18,1,5,0,1,0,3,27,15,12,7,0,3,20,29,2,5,64,39,49.0,29.0,15.0,10.0,5.0,4.0,339,433,274.0,360.0,141,183,133,177,30.0,33.0,4.0,1.0,1.27,0.2,1.18,0.09,0.09,0.11,1.27,0.2,1.86,0.65,0,0,5,2,3,1,6,0,1,1,0.0,0.0,0.9825,0.1264,0.0975,0.0377,0.1781,0.0,0.0154,0.0309,11,2,1,0,1,1,2,1,0,0,1.1518,0.0885,0.0303,0.0,0.0132,0.0757,0.0781,0.0309,0.0,0.0,15,4,21.56,18.17
4732680,2025-08-23,bra,2025,Brasileirao,21,Matheus Delgado Candançan,8702,Internacional,9781,Cruzeiro,0,1,2,55,45,4,15,3,7,1,5,0,3,0,0,3,8,1,7,1,5,0,2,0,1,12,16,18,10,5,1,1,0,3,0,15,27,7,12,3,0,29,20,5,2,39,64,29.0,49.0,10.0,15.0,4.0,5.0,433,339,360.0,274.0,183,141,177,133,33.0,30.0,1.0,4.0,0.2,1.27,0.09,1.18,0.11,0.09,0.2,1.27,0.65,1.86,0,0,2,5,1,3,0,6,1,1,0.0,0.0,0.1264,0.9825,0.0377,0.0975,0.0,0.1781,0.0309,0.0154,2,11,0,1,1,1,1,2,0,0,0.0885,1.1518,0.0,0.0303,0.0757,0.0132,0.0309,0.0781,0.0,0.0,4,15,18.17,21.56
4732676,2025-08-24,bra,2025,Brasileirao,21,Rodrigo José Pereira de Lima,10276,Vasco da Gama,9808,Corinthians,1,2,3,62,38,12,14,3,7,5,6,4,1,2,0,7,7,5,7,3,5,3,3,1,1,13,14,16,20,3,2,0,0,1,2,13,22,7,7,1,4,28,20,4,1,56,53,41.0,41.0,15.0,12.0,12.0,4.0,490,296,434.0,228.0,303,132,131,96,14.0,31.0,2.0,6.0,1.53,2.08,0.37,1.71,0.37,0.36,0.75,2.08,1.24,3.35,0,3,3,4,4,0,4,5,1,2,0.0,1.3378,1.2509,0.4383,0.1259,0.0,0.1063,0.2748,0.0504,0.0268,6,9,0,1,2,2,3,2,1,0,0.3736,1.6458,0.0,0.0672,0.0471,0.2342,0.3244,0.1305,0.7884,0.0,12,14,19.2,18.66
4732676,2025-08-24,bra,2025,Brasileirao,21,Rodrigo José Pereira de Lima,9808,Corinthians,10276,Vasco da Gama,0,3,2,38,62,14,12,7,3,6,5,1,4,0,2,7,7,7,5,5,3,3,3,1,1,14,13,20,16,2,3,0,0,2,1,22,13,7,7,4,1,20,28,1,4,53,56,41.0,41.0,12.0,15.0,4.0,12.0,296,490,228.0,434.0,132,303,96,131,31.0,14.0,6.0,2.0,2.08,1.53,1.71,0.37,0.36,0.37,2.08,0.75,3.35,1.24,3,0,4,3,0,4,5,4,2,1,1.3378,0.0,0.4383,1.2509,0.0,0.1259,0.2748,0.1063,0.0268,0.0504,9,6,1,0,2,2,2,3,0,1,1.6458,0.3736,0.0672,0.0,0.2342,0.0471,0.1305,0.3244,0.0,0.7884,14,12,18.66,19.2
4732678,2025-08-24,bra,2025,Brasileirao,21,Lucas Casagrande,10277,Sao Paulo,10272,Atletico MG,1,2,0,51,49,10,4,5,0,4,2,1,2,0,1,8,0,2,4,5,1,2,0,1,0,27,5,20,17,1,2,0,0,0,2,27,22,9,12,2,1,18,20,0,3,64,55,48.0,46.0,16.0,9.0,8.0,7.0,471,461,402.0,394.0,205,238,197,156,13.0,30.0,6.0,1.0,1.7,0.1,1.61,0.06,0.09,0.04,1.7,0.1,1.99,0.0,1,0,7,0,0,0,1,2,1,2,0.7362,0.0,0.9144,0.0,0.0,0.0,0.0289,0.0474,0.0221,0.0535,8,3,1,0,1,0,0,1,0,0,1.3075,0.06,0.3035,0.0,0.0906,0.0,0.0,0.041,0.0,0.0,10,4,14.48,28.08
4732678,2025-08-24,bra,2025,Brasileirao,21,Lucas Casagrande,10272,Atletico MG,10277,Sao Paulo,0,0,2,49,51,4,10,0,5,2,4,2,1,1,0,0,8,4,2,1,5,0,2,0,1,5,27,17,20,2,1,0,0,2,0,22,27,12,9,1,2,20,18,3,0,55,64,46.0,48.0,9.0,16.0,7.0,8.0,461,471,394.0,402.0,238,205,156,197,30.0,13.0,1.0,6.0,0.1,1.7,0.06,1.61,0.04,0.09,0.1,1.7,0.0,1.99,0,1,0,7,0,0,2,1,2,1,0.0,0.7362,0.0,0.9144,0.0,0.0,0.0474,0.0289,0.0535,0.0221,3,8,0,1,0,1,1,0,0,0,0.06,1.3075,0.0,0.3035,0.0,0.0906,0.041,0.0,0.0,0.0,4,10,28.08,14.48
4732681,2025-08-24,bra,2025,Brasileirao,21,Davi de Oliveira Lacerda,9769,Gremio,172341,Ceara,1,0,0,62,38,13,15,5,4,5,7,3,4,1,0,8,9,5,6,4,1,3,2,3,2,25,15,14,12,2,2,0,0,2,0,13,16,5,7,4,3,13,28,4,5,48,59,31.0,37.0,17.0,22.0,6.0,9.0,504,319,419.0,229.0,241,153,178,76,25.0,24.0,6.0,3.0,1.86,1.74,1.77,0.77,0.1,0.97,1.86,1.74,1.16,1.91,1,0,6,8,1,1,2,3,3,3,0.5859,0.0,1.1201,1.5536,0.019,0.0693,0.0706,0.0635,0.0923,0.0578,9,5,2,4,1,0,1,6,0,0,1.6663,0.3687,0.1265,0.5731,0.0511,0.0,0.044,0.8024,0.0,0.0,13,15,16.57,20.37
4732681,2025-08-24,bra,2025,Brasileirao,21,Davi de Oliveira Lacerda,172341,Ceara,9769,Gremio,0,0,0,38,62,15,13,4,5,7,5,4,3,0,1,9,8,6,5,1,4,2,3,2,3,15,25,12,14,2,2,0,0,0,2,16,13,7,5,3,4,28,13,5,4,59,48,37.0,31.0,22.0,17.0,9.0,6.0,319,504,229.0,419.0,153,241,76,178,24.0,25.0,3.0,6.0,1.74,1.86,0.77,1.77,0.97,0.1,1.74,1.86,1.91,1.16,0,1,8,6,1,1,3,2,3,3,0.0,0.5859,1.5536,1.1201,0.0693,0.019,0.0635,0.0706,0.0578,0.0923,5,9,4,2,0,1,6,1,0,0,0.3687,1.6663,0.5731,0.1265,0.0,0.0511,0.8024,0.044,0.0,0.0,15,13,20.37,16.57
4732682,2025-08-24,bra,2025,Brasileirao,21,Rafael Rodrigo Klein,7877,Bahia,8514,Santos FC,1,2,0,54,46,12,8,4,3,4,2,4,3,0,0,8,2,4,6,3,0,1,0,0,0,22,10,12,17,2,1,0,0,1,1,15,21,10,17,3,4,18,22,3,2,49,49,36.0,36.0,13.0,13.0,6.0,4.0,505,415,426.0,350.0,222,130,204,220,26.0,16.0,3.0,4.0,0.64,0.37,0.42,0.37,0.22,0.0,0.64,0.37,0.79,0.62,1,0,4,1,3,1,2,3,2,3,0.1104,0.0,0.237,0.1161,0.2056,0.044,0.0399,0.1183,0.0484,0.0902,6,7,2,1,1,0,3,0,0,0,0.3093,0.3283,0.1072,0.0402,0.0318,0.0,0.1931,0.0,0.0,0.0,12,8,16.79,22.49
4732682,2025-08-24,bra,2025,Brasileirao,21,Rafael Rodrigo Klein,8514,Santos FC,7877,Bahia,0,0,2,46,54,8,12,3,4,2,4,3,4,0,0,2,8,6,4,0,3,0,1,0,0,10,22,17,12,1,2,0,0,1,1,21,15,17,10,4,3,22,18,2,3,49,49,36.0,36.0,13.0,13.0,4.0,6.0,415,505,350.0,426.0,130,222,220,204,16.0,26.0,4.0,3.0,0.37,0.64,0.37,0.42,0.0,0.22,0.37,0.64,0.62,0.79,0,1,1,4,1,3,3,2,3,2,0.0,0.1104,0.1161,0.237,0.044,0.2056,0.1183,0.0399,0.0902,0.0484,7,6,1,2,0,1,0,3,0,0,0.3283,0.3093,0.0402,0.1072,0.0,0.0318,0.0,0.1931,0.0,0.0,8,12,22.49,16.79
4732683,2025-08-24,bra,2025,Brasileirao,21,Bruno Pereira Vasconcelos,8287,Fortaleza,163782,Mirassol,1,0,1,49,51,14,7,6,4,3,1,5,2,0,0,9,4,5,3,11,3,2,2,2,1,39,16,15,13,4,2,0,0,2,1,30,20,9,7,2,5,22,47,3,6,62,53,49.0,41.0,13.0,12.0,6.0,8.0,391,449,325.0,374.0,113,230,212,144,24.0,20.0,6.0,3.0,1.6,0.92,0.6,0.92,0.21,0.0,0.81,0.92,3.12,1.23,1,0,7,3,1,1,2,2,3,1,0.6891,0.0,1.2689,0.6463,0.0281,0.0821,0.0862,0.1636,0.0673,0.0278,9,7,1,0,2,0,1,0,1,0,0.5721,0.9198,0.0307,0.0,0.0592,0.0,0.6891,0.0,0.7884,0.0,14,7,17.1,17.04
4732683,2025-08-24,bra,2025,Brasileirao,21,Bruno Pereira Vasconcelos,163782,Mirassol,8287,Fortaleza,0,1,0,51,49,7,14,4,6,1,3,2,5,0,0,4,9,3,5,3,11,2,2,1,2,16,39,13,15,2,4,0,0,1,2,20,30,7,9,5,2,47,22,6,3,53,62,41.0,49.0,12.0,13.0,8.0,6.0,449,391,374.0,325.0,230,113,144,212,20.0,24.0,3.0,6.0,0.92,1.6,0.92,0.6,0.0,0.21,0.92,0.81,1.23,3.12,0,1,3,7,1,1,2,2,1,3,0.0,0.6891,0.6463,1.2689,0.0821,0.0281,0.1636,0.0862,0.0278,0.0673,7,9,0,1,0,2,0,1,0,1,0.9198,0.5721,0.0,0.0307,0.0,0.0592,0.0,0.6891,0.0,0.7884,7,14,17.04,17.1
4732684,2025-08-24,bra,2025,Brasileirao,21,Flavio Rodrigues De Souza,10274,Juventude,8517,Botafogo RJ,1,1,3,50,50,16,13,6,6,6,5,4,2,1,0,10,7,6,6,5,3,0,2,0,0,25,24,10,17,0,2,0,0,2,0,13,19,5,9,2,3,19,28,3,5,61,53,46.0,45.0,15.0,8.0,16.0,16.0,473,484,418.0,423.0,200,252,218,171,21.0,24.0,8.0,2.0,0.95,1.79,0.85,0.98,0.1,0.02,0.95,1.0,0.98,2.62,1,1,7,5,2,1,4,5,2,1,0.4303,0.1028,0.3072,1.4618,0.0514,0.0177,0.1303,0.1915,0.0325,0.0141,12,9,0,2,1,1,3,0,0,1,0.8521,0.4078,0.0,0.574,0.0426,0.0177,0.057,0.0,0.0,0.7884,16,13,16.85,17.76
4732684,2025-08-24,bra,2025,Brasileirao,21,Flavio Rodrigues De Souza,8517,Botafogo RJ,10274,Juventude,0,3,1,50,50,13,16,6,6,5,6,2,4,0,1,7,10,6,6,3,5,2,0,0,0,24,25,17,10,2,0,0,0,0,2,19,13,9,5,3,2,28,19,5,3,53,61,45.0,46.0,8.0,15.0,16.0,16.0,484,473,423.0,418.0,252,200,171,218,24.0,21.0,2.0,8.0,1.79,0.95,0.98,0.85,0.02,0.1,1.0,0.95,2.62,0.98,1,1,5,7,1,2,5,4,1,2,0.1028,0.4303,1.4618,0.3072,0.0177,0.0514,0.1915,0.1303,0.0141,0.0325,9,12,2,0,1,1,0,3,1,0,0.4078,0.8521,0.574,0.0,0.0177,0.0426,0.0,0.057,0.7884,0.0,13,16,17.76,16.85
4732677,2025-08-25,bra,2025,Brasileirao,21,Paulo Zanovelli,10283,Palmeiras,6305,Sport Recife,1,3,0,46,54,22,10,8,1,11,5,3,4,0,0,17,3,5,7,6,3,6,0,4,0,33,11,14,12,0,2,0,0,1,1,21,20,2,12,4,3,21,17,1,5,51,48,41.0,38.0,10.0,10.0,8.0,4.0,372,435,313.0,370.0,144,205,169,165,30.0,21.0,10.0,3.0,3.17,0.32,1.32,0.22,1.85,0.09,3.17,0.32,3.41,0.01,5,0,8,3,4,0,3,4,2,3,1.785,0.0,0.9357,0.1986,0.2569,0.0,0.1441,0.0691,0.0496,0.0484,12,6,2,0,7,2,1,2,0,0,1.1698,0.225,0.1532,0.0,1.8158,0.0344,0.0325,0.0567,0.0,0.0,22,10,14.66,22.36
4732677,2025-08-25,bra,2025,Brasileirao,21,Paulo Zanovelli,6305,Sport Recife,10283,Palmeiras,0,0,3,54,46,10,22,1,8,5,11,4,3,0,0,3,17,7,5,3,6,0,6,0,4,11,33,12,14,2,0,0,0,1,1,20,21,12,2,3,4,17,21,5,1,48,51,38.0,41.0,10.0,10.0,4.0,8.0,435,372,370.0,313.0,205,144,165,169,21.0,30.0,3.0,10.0,0.32,3.17,0.22,1.32,0.09,1.85,0.32,3.17,0.01,3.41,0,5,3,8,0,4,4,3,3,2,0.0,1.785,0.1986,0.9357,0.0,0.2569,0.0691,0.1441,0.0484,0.0496,6,12,0,2,2,7,2,1,0,0,0.225,1.1698,0.0,0.1532,0.0344,1.8158,0.0567,0.0325,0.0,0.0,10,22,22.36,14.66
4732675,2025-08-26,bra,2025,Brasileirao,21,Felipe Fernandes de Lima,9770,Flamengo,7733,Vitoria,1,8,0,72,28,20,2,11,1,4,1,5,0,1,0,14,2,6,0,8,1,7,0,1,0,46,8,17,6,0,0,0,0,0,2,11,25,7,13,0,6,9,33,1,2,21,51,19.0,48.0,2.0,3.0,4.0,6.0,775,294,726.0,241.0,288,160,438,81,20.0,14.0,5.0,2.0,4.27,0.13,3.3,0.06,0.18,0.07,3.48,0.13,4.25,0.06,1,0,11,1,2,1,5,0,1,0,0.4091,0.0,3.4462,0.0727,0.1683,0.0587,0.2294,0.0,0.0164,0.0,15,0,2,1,2,1,0,0,1,0,3.205,0.0,0.0927,0.0587,0.1833,0.0727,0.0,0.0,0.7884,0.0,20,2,17.06,14.21
4732675,2025-08-26,bra,2025,Brasileirao,21,Felipe Fernandes de Lima,7733,Vitoria,9770,Flamengo,0,0,8,28,72,2,20,1,11,1,4,0,5,0,1,2,14,0,6,1,8,0,7,0,1,8,46,6,17,0,0,0,0,2,0,25,11,13,7,6,0,33,9,2,1,51,21,48.0,19.0,3.0,2.0,6.0,4.0,294,775,241.0,726.0,160,288,81,438,14.0,20.0,2.0,5.0,0.13,4.27,0.06,3.3,0.07,0.18,0.13,3.48,0.06,4.25,0,1,1,11,1,2,0,5,0,1,0.0,0.4091,0.0727,3.4462,0.0587,0.1683,0.0,0.2294,0.0,0.0164,0,15,1,2,1,2,0,0,0,1,0.0,3.205,0.0587,0.0927,0.0727,0.1833,0.0,0.0,0.0,0.7884,2,20,14.21,17.06
4732686,2025-08-30,bra,2025,Brasileirao,22,Lucas Casagrande,8517,Botafogo RJ,109705,Red Bull Bragantino,1,4,1,51,49,17,7,6,3,8,2,3,2,1,0,10,3,7,4,6,8,1,1,0,0,24,14,10,15,0,2,0,0,6,1,18,24,12,4,2,3,21,13,2,2,49,53,43.0,44.0,6.0,9.0,10.0,11.0,450,417,394.0,355.0,237,199,157,156,32.0,22.0,6.0,6.0,2.14,0.37,2.05,0.09,0.09,0.28,2.14,0.37,2.15,0.54,0,0,9,3,1,0,6,2,1,2,0.0,0.0,1.5912,0.2469,0.0898,0.0,0.439,0.0677,0.0215,0.057,14,3,1,0,1,2,1,2,0,0,1.6872,0.0928,0.3673,0.0,0.0473,0.0514,0.0396,0.2274,0.0,0.0,17,7,15.34,20.87
4732686,2025-08-30,bra,2025,Brasileirao,22,Lucas Casagrande,109705,Red Bull Bragantino,8517,Botafogo RJ,0,1,4,49,51,7,17,3,6,2,8,2,3,0,1,3,10,4,7,8,6,1,1,0,0,14,24,15,10,2,0,0,0,1,6,24,18,4,12,3,2,13,21,2,2,53,49,44.0,43.0,9.0,6.0,11.0,10.0,417,450,355.0,394.0,199,237,156,157,22.0,32.0,6.0,6.0,0.37,2.14,0.09,2.05,0.28,0.09,0.37,2.14,0.54,2.15,0,0,3,9,0,1,2,6,2,1,0.0,0.0,0.2469,1.5912,0.0,0.0898,0.0677,0.439,0.057,0.0215,3,14,0,1,2,1,2,1,0,0,0.0928,1.6872,0.0,0.3673,0.0514,0.0473,0.2274,0.0396,0.0,0.0,7,17,20.87,15.34
4732693,2025-08-30,bra,2025,Brasileirao,22,Afro Rocha de Carvalho Filho,172341,Ceara,10274,Juventude,1,0,1,57,43,13,10,7,2,2,6,4,2,0,0,7,7,6,3,4,5,2,0,2,0,24,13,17,26,0,6,0,0,2,0,15,15,5,7,2,4,25,29,1,7,64,55,46.0,39.0,18.0,16.0,7.0,7.0,474,364,405.0,292.0,219,151,186,141,24.0,29.0,9.0,3.0,0.79,0.39,0.54,0.2,0.24,0.19,0.79,0.39,1.4,0.32,1,1,5,5,1,1,5,2,1,1,0.067,0.0377,0.4689,0.2346,0.0807,0.025,0.1312,0.0569,0.0387,0.0381,9,4,0,0,2,2,2,4,0,0,0.5431,0.1996,0.0,0.0,0.2259,0.0856,0.0175,0.1071,0.0,0.0,13,10,19.28,17.33
4732693,2025-08-30,bra,2025,Brasileirao,22,Afro Rocha de Carvalho Filho,10274,Juventude,172341,Ceara,0,1,0,43,57,10,13,2,7,6,2,2,4,0,0,7,7,3,6,5,4,0,2,0,2,13,24,26,17,6,0,0,0,0,2,15,15,7,5,4,2,29,25,7,1,55,64,39.0,46.0,16.0,18.0,7.0,7.0,364,474,292.0,405.0,151,219,141,186,29.0,24.0,3.0,9.0,0.39,0.79,0.2,0.54,0.19,0.24,0.39,0.79,0.32,1.4,1,1,5,5,1,1,2,5,1,1,0.0377,0.067,0.2346,0.4689,0.025,0.0807,0.0569,0.1312,0.0381,0.0387,4,9,0,0,2,2,4,2,0,0,0.1996,0.5431,0.0,0.0,0.0856,0.2259,0.1071,0.0175,0.0,0.0,10,13,17.33,19.28
4732685,2025-08-31,bra,2025,Brasileirao,22,Paulo Cesar Zanovelli da Silva,9770,Flamengo,9769,Gremio,1,1,1,67,33,21,6,6,1,8,4,7,1,0,0,11,4,10,2,13,0,2,1,2,0,35,9,18,11,1,2,0,0,1,1,16,18,13,7,1,8,16,52,0,4,46,50,34.0,41.0,12.0,9.0,7.0,7.0,608,309,547.0,244.0,215,154,332,90,20.0,25.0,7.0,0.0,1.64,0.93,0.47,0.14,1.17,0.01,1.64,0.14,1.31,0.9,2,0,5,2,4,2,6,2,4,0,0.7375,0.0,0.4153,0.8233,0.1432,0.0515,0.2489,0.0297,0.0985,0.0,11,5,0,0,8,0,2,0,0,1,0.4728,0.1161,0.0,0.0,1.0641,0.0,0.1066,0.0,0.0,0.7884,21,6,17.78,19.65
4732685,2025-08-31,bra,2025,Brasileirao,22,Paulo Cesar Zanovelli da Silva,9769,Gremio,9770,Flamengo,0,1,1,33,67,6,21,1,6,4,8,1,7,0,0,4,11,2,10,0,13,1,2,0,2,9,35,11,18,2,1,0,0,1,1,18,16,7,13,8,1,52,16,4,0,50,46,41.0,34.0,9.0,12.0,7.0,7.0,309,608,244.0,547.0,154,215,90,332,25.0,20.0,0.0,7.0,0.93,1.64,0.14,0.47,0.01,1.17,0.14,1.64,0.9,1.31,0,2,2,5,2,4,2,6,0,4,0.0,0.7375,0.8233,0.4153,0.0515,0.1432,0.0297,0.2489,0.0,0.0985,5,11,0,0,0,8,0,2,1,0,0.1161,0.4728,0.0,0.0,0.0,1.0641,0.0,0.1066,0.7884,0.0,6,21,19.65,17.78
4732687,2025-08-31,bra,2025,Brasileirao,22,Ramon Abatti,9808,Corinthians,10283,Palmeiras,1,1,1,42,58,9,19,1,7,5,8,3,4,0,0,3,10,6,9,3,10,0,3,0,2,9,33,18,16,2,3,0,0,1,2,23,17,8,9,4,3,39,18,6,1,63,58,47.0,47.0,16.0,11.0,9.0,13.0,307,414,228.0,338.0,123,145,105,193,14.0,21.0,1.0,7.0,0.38,2.18,0.27,1.29,0.1,0.09,0.38,1.39,0.01,3.12,0,0,1,8,2,2,6,6,0,3,0.0,0.0,0.0351,1.4116,0.0633,0.2651,0.2386,0.3979,0.0,0.1013,4,13,2,3,1,1,2,1,0,1,0.1203,0.8624,0.1014,0.4315,0.0151,0.0816,0.1003,0.0119,0.0,0.7884,9,19,23.07,17.14
4732687,2025-08-31,bra,2025,Brasileirao,22,Ramon Abatti,10283,Palmeiras,9808,Corinthians,0,1,1,58,42,19,9,7,1,8,5,4,3,0,0,10,3,9,6,10,3,3,0,2,0,33,9,16,18,3,2,0,0,2,1,17,23,9,8,3,4,18,39,1,6,58,63,47.0,47.0,11.0,16.0,13.0,9.0,414,307,338.0,228.0,145,123,193,105,21.0,14.0,7.0,1.0,2.18,0.38,1.29,0.27,0.09,0.1,1.39,0.38,3.12,0.01,0,0,8,1,2,2,6,6,3,0,0.0,0.0,1.4116,0.0351,0.2651,0.0633,0.3979,0.2386,0.1013,0.0,13,4,3,2,1,1,1,2,1,0,0.8624,0.1203,0.4315,0.1014,0.0816,0.0151,0.0119,0.1003,0.7884,0.0,19,9,17.14,23.07
4732688,2025-08-31,bra,2025,Brasileirao,22,Wilton Pereira Sampaio,8514,Santos FC,9863,Fluminense,1,0,0,50,50,9,5,2,0,5,3,2,2,0,0,6,2,3,3,6,1,0,0,0,0,14,14,13,19,3,4,0,0,7,1,20,12,12,10,2,2,27,21,0,2,60,46,45.0,27.0,15.0,19.0,7.0,4.0,431,448,354.0,358.0,176,217,178,141,18.0,19.0,4.0,1.0,0.54,0.18,0.41,0.1,0.14,0.08,0.54,0.18,0.53,0.0,1,0,4,2,1,1,2,0,1,2,0.2012,0.0,0.1919,0.1293,0.0286,0.0217,0.091,0.0,0.0318,0.0287,4,3,1,1,2,0,2,1,0,0,0.2083,0.0504,0.2012,0.0529,0.0309,0.0,0.1041,0.0764,0.0,0.0,9,5,17.41,20.46
4732688,2025-08-31,bra,2025,Brasileirao,22,Wilton Pereira Sampaio,9863,Fluminense,8514,Santos FC,0,0,0,50,50,5,9,0,2,3,5,2,2,0,0,2,6,3,3,1,6,0,0,0,0,14,14,19,13,4,3,0,0,1,7,12,20,10,12,2,2,21,27,2,0,46,60,27.0,45.0,19.0,15.0,4.0,7.0,448,431,358.0,354.0,217,176,141,178,19.0,18.0,1.0,4.0,0.18,0.54,0.1,0.41,0.08,0.14,0.18,0.54,0.0,0.53,0,1,2,4,1,1,0,2,2,1,0.0,0.2012,0.1293,0.1919,0.0217,0.0286,0.0,0.091,0.0287,0.0318,3,4,1,1,0,2,1,2,0,0,0.0504,0.2083,0.0529,0.2012,0.0,0.0309,0.0764,0.1041,0.0,0.0,5,9,20.46,17.41
4732689,2025-08-31,bra,2025,Brasileirao,22,Marcelo de Lima Henrique,163782,Mirassol,7877,Bahia,1,5,1,39,61,15,15,9,6,2,5,4,4,1,1,12,8,3,7,4,2,5,1,1,0,28,23,13,7,0,0,0,0,2,0,9,16,11,9,4,4,18,23,5,5,36,46,28.0,42.0,8.0,4.0,13.0,13.0,331,541,280.0,482.0,147,258,133,224,13.0,23.0,5.0,3.0,3.41,0.87,2.41,0.8,1.0,0.07,3.41,0.87,4.04,0.94,3,0,7,6,2,2,1,3,2,4,1.8733,0.0,1.0179,0.557,0.0981,0.0768,0.035,0.1327,0.0311,0.1012,11,11,0,2,2,1,2,1,0,0,2.064,0.6474,0.0,0.1531,0.8642,0.032,0.1273,0.0351,0.0,0.0,15,15,15.86,19.51
4732689,2025-08-31,bra,2025,Brasileirao,22,Marcelo de Lima Henrique,7877,Bahia,163782,Mirassol,0,1,5,61,39,15,15,6,9,5,2,4,4,1,1,8,12,7,3,2,4,1,5,0,1,23,28,7,13,0,0,0,0,0,2,16,9,9,11,4,4,23,18,5,5,46,36,42.0,28.0,4.0,8.0,13.0,13.0,541,331,482.0,280.0,258,147,224,133,23.0,13.0,3.0,5.0,0.87,3.41,0.8,2.41,0.07,1.0,0.87,3.41,0.94,4.04,0,3,6,7,2,2,3,1,4,2,0.0,1.8733,0.557,1.0179,0.0768,0.0981,0.1327,0.035,0.1012,0.0311,11,11,2,0,1,2,1,2,0,0,0.6474,2.064,0.1531,0.0,0.032,0.8642,0.0351,0.1273,0.0,0.0,15,15,19.51,15.86
4732690,2025-08-31,bra,2025,Brasileirao,22,Anderson Daronco,9781,Cruzeiro,10277,Sao Paulo,1,1,0,40,60,12,14,7,5,2,4,3,5,0,0,5,9,7,5,6,9,3,2,3,2,16,21,11,9,2,4,0,0,1,1,12,12,11,12,4,2,22,18,5,6,39,48,31.0,35.0,8.0,13.0,11.0,13.0,321,479,254.0,415.0,135,210,119,205,21.0,22.0,2.0,4.0,0.94,0.92,0.31,0.53,0.62,0.39,0.94,0.92,1.64,1.06,1,1,2,7,3,1,4,4,2,1,0.4639,0.1574,0.1203,0.6182,0.1959,0.0496,0.1524,0.0785,0.0321,0.015,6,8,2,0,2,4,2,2,0,0,0.1214,0.5302,0.1799,0.0,0.5466,0.3259,0.1166,0.0625,0.0,0.0,12,14,21.47,17.61
4732690,2025-08-31,bra,2025,Brasileirao,22,Anderson Daronco,10277,Sao Paulo,9781,Cruzeiro,0,0,1,60,40,14,12,5,7,4,2,5,3,0,0,9,5,5,7,9,6,2,3,2,3,21,16,9,11,4,2,0,0,1,1,12,12,12,11,2,4,18,22,6,5,48,39,35.0,31.0,13.0,8.0,13.0,11.0,479,321,415.0,254.0,210,135,205,119,22.0,21.0,4.0,2.0,0.92,0.94,0.53,0.31,0.39,0.62,0.92,0.94,1.06,1.64,1,1,7,2,1,3,4,4,1,2,0.1574,0.4639,0.6182,0.1203,0.0496,0.1959,0.0785,0.1524,0.015,0.0321,8,6,0,2,4,2,2,2,0,0,0.5302,0.1214,0.0,0.1799,0.3259,0.5466,0.0625,0.1166,0.0,0.0,14,12,17.61,21.47
4732691,2025-08-31,bra,2025,Brasileirao,22,João Vitor Gobi,8702,Internacional,8287,Fortaleza,1,2,1,52,48,14,10,6,3,4,2,4,5,1,0,11,7,3,3,4,5,5,2,3,1,29,17,16,14,1,2,0,0,1,3,17,18,8,11,5,5,31,25,2,3,54,58,39.0,41.0,15.0,17.0,10.0,8.0,492,451,423.0,381.0,208,179,215,202,13.0,26.0,6.0,6.0,2.31,0.62,0.93,0.47,0.59,0.15,1.52,0.62,1.51,0.34,4,0,5,7,2,0,1,3,2,0,0.9483,0.0,1.2092,0.5242,0.0911,0.0,0.0161,0.0929,0.0417,0.0,8,5,1,1,3,2,1,2,1,0,0.8606,0.3279,0.0659,0.1419,0.5621,0.065,0.0294,0.0823,0.7884,0.0,14,10,14.2,15.86
4732691,2025-08-31,bra,2025,Brasileirao,22,João Vitor Gobi,8287,Fortaleza,8702,Internacional,0,1,2,48,52,10,14,3,6,2,4,5,4,0,1,7,11,3,3,5,4,2,5,1,3,17,29,14,16,2,1,0,0,3,1,18,17,11,8,5,5,25,31,3,2,58,54,41.0,39.0,17.0,15.0,8.0,10.0,451,492,381.0,423.0,179,208,202,215,26.0,13.0,6.0,6.0,0.62,2.31,0.47,0.93,0.15,0.59,0.62,1.52,0.34,1.51,0,4,7,5,0,2,3,1,0,2,0.0,0.9483,0.5242,1.2092,0.0,0.0911,0.0929,0.0161,0.0,0.0417,5,8,1,1,2,3,2,1,0,1,0.3279,0.8606,0.1419,0.0659,0.065,0.5621,0.0823,0.0294,0.0,0.7884,10,14,15.86,14.2
4732692,2025-08-31,bra,2025,Brasileirao,22,Alex Gomes Stefano,7733,Vitoria,10272,Atletico MG,1,1,0,29,71,14,19,4,5,7,10,3,4,0,2,7,7,7,12,2,5,2,0,2,0,13,21,20,13,2,3,0,0,3,3,22,14,8,7,4,3,33,13,5,3,49,56,40.0,43.0,9.0,13.0,6.0,9.0,227,536,164.0,468.0,81,256,83,212,21.0,25.0,3.0,9.0,0.85,0.64,0.67,0.56,0.18,0.08,0.85,0.64,1.45,0.32,1,0,3,2,3,5,3,6,4,6,0.1412,0.0,0.2403,0.2273,0.2353,0.1704,0.1828,0.1421,0.0624,0.1004,6,17,3,0,3,0,2,2,0,0,0.265,0.5577,0.5034,0.0,0.0531,0.0,0.0407,0.0825,0.0,0.0,14,19,20.06,24.24
4732692,2025-08-31,bra,2025,Brasileirao,22,Alex Gomes Stefano,10272,Atletico MG,7733,Vitoria,0,0,1,71,29,19,14,5,4,10,7,4,3,2,0,7,7,12,7,5,2,0,2,0,2,21,13,13,20,3,2,0,0,3,3,14,22,7,8,3,4,13,33,3,5,56,49,43.0,40.0,13.0,9.0,9.0,6.0,536,227,468.0,164.0,256,81,212,83,25.0,21.0,9.0,3.0,0.64,0.85,0.56,0.67,0.08,0.18,0.64,0.85,0.32,1.45,0,1,2,3,5,3,6,3,6,4,0.0,0.1412,0.2273,0.2403,0.1704,0.2353,0.1421,0.1828,0.1004,0.0624,17,6,0,3,0,3,2,2,0,0,0.5577,0.265,0.0,0.5034,0.0,0.0531,0.0825,0.0407,0.0,0.0,19,14,24.24,20.06
4732694,2025-08-31,bra,2025,Brasileirao,22,Raphael Claus,6305,Sport Recife,10276,Vasco da Gama,1,2,3,55,45,14,10,4,7,5,2,5,1,0,0,7,8,7,2,10,5,1,3,0,1,28,16,9,10,2,1,0,0,3,0,10,14,7,7,1,6,11,40,4,2,40,39,26.0,24.0,14.0,15.0,7.0,3.0,448,378,379.0,316.0,173,220,206,96,28.0,16.0,9.0,4.0,1.65,1.72,0.56,0.83,0.3,0.09,0.86,0.93,1.12,2.17,1,1,6,5,0,2,6,2,1,0,0.1612,0.3184,1.1746,1.2001,0.0,0.1435,0.2852,0.053,0.0253,0.0,6,5,0,1,5,1,2,2,1,1,0.5608,0.7484,0.0,0.0859,0.1401,0.0132,0.1569,0.0792,0.7884,0.7884,14,10,17.07,15.34
4732694,2025-08-31,bra,2025,Brasileirao,22,Raphael Claus,10276,Vasco da Gama,6305,Sport Recife,0,3,2,45,55,10,14,7,4,2,5,1,5,0,0,8,7,2,7,5,10,3,1,1,0,16,28,10,9,1,2,0,0,0,3,14,10,7,7,6,1,40,11,2,4,39,40,24.0,26.0,15.0,14.0,3.0,7.0,378,448,316.0,379.0,220,173,96,206,16.0,28.0,4.0,9.0,1.72,1.65,0.83,0.56,0.09,0.3,0.93,0.86,2.17,1.12,1,1,5,6,2,0,2,6,0,1,0.3184,0.1612,1.2001,1.1746,0.1435,0.0,0.053,0.2852,0.0,0.0253,5,6,1,0,1,5,2,2,1,1,0.7484,0.5608,0.0859,0.0,0.0132,0.1401,0.0792,0.1569,0.7884,0.7884,10,14,15.34,17.07
4732697,2025-09-13,bra,2025,Brasileirao,23,Lucas Paulo Torezin,10283,Palmeiras,8702,Internacional,1,4,1,61,39,20,7,8,3,5,4,7,0,0,0,12,2,8,5,7,1,6,0,2,0,31,6,10,16,1,2,0,0,5,0,17,16,8,8,0,7,11,29,2,4,63,44,41.0,35.0,22.0,9.0,9.0,9.0,585,370,524.0,308.0,224,198,300,110,47.0,21.0,3.0,1.0,2.4,0.26,1.24,0.21,1.16,0.05,2.4,0.26,3.15,0.6,1,0,9,1,2,1,4,2,4,3,0.2864,0.0,1.8572,0.0976,0.0717,0.0371,0.1068,0.0645,0.0841,0.0646,13,5,2,1,3,0,2,1,0,0,0.7177,0.135,0.5238,0.0976,0.8547,0.0,0.31,0.0312,0.0,0.0,20,7,18.72,24.38
4732697,2025-09-13,bra,2025,Brasileirao,23,Lucas Paulo Torezin,8702,Internacional,10283,Palmeiras,0,1,4,39,61,7,20,3,8,4,5,0,7,0,0,2,12,5,8,1,7,0,6,0,2,6,31,16,10,2,1,0,0,0,5,16,17,8,8,7,0,29,11,4,2,44,63,35.0,41.0,9.0,22.0,9.0,9.0,370,585,308.0,524.0,198,224,110,300,21.0,47.0,1.0,3.0,0.26,2.4,0.21,1.24,0.05,1.16,0.26,2.4,0.6,3.15,0,1,1,9,1,2,2,4,3,4,0.0,0.2864,0.0976,1.8572,0.0371,0.0717,0.0645,0.1068,0.0646,0.0841,5,13,1,2,0,3,1,2,0,0,0.135,0.7177,0.0976,0.5238,0.0,0.8547,0.0312,0.31,0.0,0.0,7,20,24.38,18.72
4732701,2025-09-13,bra,2025,Brasileirao,23,Lucas Casagrande,9769,Gremio,163782,Mirassol,1,0,1,56,44,14,16,5,6,7,8,2,2,0,1,8,9,6,7,6,3,1,3,1,2,29,18,13,15,2,2,0,0,2,0,29,23,10,12,2,2,20,49,5,5,75,55,60.0,42.0,15.0,13.0,16.0,7.0,483,404,428.0,342.0,162,212,266,130,23.0,31.0,9.0,2.0,0.6,2.01,0.35,1.0,0.25,1.01,0.6,2.01,1.04,2.18,1,1,5,5,2,3,1,1,5,6,0.1504,0.9832,0.2568,0.7997,0.0512,0.2801,0.0407,0.0247,0.1046,0.1191,11,12,0,0,2,1,1,3,0,0,0.3894,1.0004,0.0,0.0,0.1903,0.006,0.024,1.2005,0.0,0.0,14,16,18.09,18.27
4732701,2025-09-13,bra,2025,Brasileirao,23,Lucas Casagrande,163782,Mirassol,9769,Gremio,0,1,0,44,56,16,14,6,5,8,7,2,2,1,0,9,8,7,6,3,6,3,1,2,1,18,29,15,13,2,2,0,0,0,2,23,29,12,10,2,2,49,20,5,5,55,75,42.0,60.0,13.0,15.0,7.0,16.0,404,483,342.0,428.0,212,162,130,266,31.0,23.0,2.0,9.0,2.01,0.6,1.0,0.35,1.01,0.25,2.01,0.6,2.18,1.04,1,1,5,5,3,2,1,1,6,5,0.9832,0.1504,0.7997,0.2568,0.2801,0.0512,0.0247,0.0407,0.1191,0.1046,12,11,0,0,1,2,3,1,0,0,1.0004,0.3894,0.0,0.0,0.006,0.1903,1.2005,0.024,0.0,0.0,16,14,18.27,18.09
4732703,2025-09-13,bra,2025,Brasileirao,23,Edina Alves Batista,8287,Fortaleza,7733,Vitoria,1,2,0,48,52,13,11,5,3,3,7,5,1,1,1,10,5,3,6,4,2,2,0,2,0,26,22,14,15,3,6,0,0,0,0,24,9,7,5,1,5,30,23,3,3,71,43,46.0,32.0,25.0,11.0,7.0,9.0,402,445,332.0,383.0,120,173,212,210,25.0,14.0,5.0,3.0,1.01,0.56,0.9,0.53,0.1,0.03,1.01,0.56,1.08,0.68,0,0,7,3,3,2,1,4,2,2,0.0,0.0,0.7583,0.2206,0.1216,0.0991,0.0558,0.1505,0.0735,0.0431,10,9,1,1,1,0,1,1,0,0,0.6983,0.4005,0.2061,0.0735,0.0491,0.0,0.0558,0.0393,0.0,0.0,13,11,17.37,20.47
4732703,2025-09-13,bra,2025,Brasileirao,23,Edina Alves Batista,7733,Vitoria,8287,Fortaleza,0,0,2,52,48,11,13,3,5,7,3,1,5,1,1,5,10,6,3,2,4,0,2,0,2,22,26,15,14,6,3,0,0,0,0,9,24,5,7,5,1,23,30,3,3,43,71,32.0,46.0,11.0,25.0,9.0,7.0,445,402,383.0,332.0,173,120,210,212,14.0,25.0,3.0,5.0,0.56,1.01,0.53,0.9,0.03,0.1,0.56,1.01,0.68,1.08,0,0,3,7,2,3,4,1,2,2,0.0,0.0,0.2206,0.7583,0.0991,0.1216,0.1505,0.0558,0.0431,0.0735,9,10,1,1,0,1,1,1,0,0,0.4005,0.6983,0.0735,0.2061,0.0,0.0491,0.0393,0.0558,0.0,0.0,11,13,20.47,17.37
4732695,2025-09-14,bra,2025,Brasileirao,23,Felipe Fernandes de Lima,9863,Fluminense,9808,Corinthians,1,0,1,62,38,16,2,4,1,3,0,9,1,0,0,9,1,7,1,5,4,1,0,1,0,19,7,16,19,1,5,0,0,0,1,17,11,9,5,1,9,14,31,0,4,57,39,44.0,29.0,13.0,10.0,10.0,3.0,644,402,578.0,329.0,316,230,262,99,37.0,30.0,3.0,2.0,0.84,0.06,0.79,0.0,0.05,0.06,0.84,0.06,0.55,0.46,0,0,8,1,1,0,4,0,3,1,0.0,0.0,0.5806,0.0306,0.0183,0.0,0.1867,0.0,0.0593,0.0352,13,0,0,0,1,1,2,1,0,0,0.7902,0.0,0.0,0.0,0.0189,0.0306,0.0358,0.0352,0.0,0.0,16,2,18.97,27.65
4732695,2025-09-14,bra,2025,Brasileirao,23,Felipe Fernandes de Lima,9808,Corinthians,9863,Fluminense,0,1,0,38,62,2,16,1,4,0,3,1,9,0,0,1,9,1,7,4,5,0,1,0,1,7,19,19,16,5,1,0,0,1,0,11,17,5,9,9,1,31,14,4,0,39,57,29.0,44.0,10.0,13.0,3.0,10.0,402,644,329.0,578.0,230,316,99,262,30.0,37.0,2.0,3.0,0.06,0.84,0.0,0.79,0.06,0.05,0.06,0.84,0.46,0.55,0,0,1,8,0,1,0,4,1,3,0.0,0.0,0.0306,0.5806,0.0,0.0183,0.0,0.1867,0.0352,0.0593,0,13,0,0,1,1,1,2,0,0,0.0,0.7902,0.0,0.0,0.0306,0.0189,0.0352,0.0358,0.0,0.0,2,16,27.65,18.97
4732696,2025-09-14,bra,2025,Brasileirao,23,Matheus Delgado Candançan,10276,Vasco da Gama,172341,Ceara,1,2,2,63,37,17,12,6,7,8,5,3,0,1,0,11,8,6,4,3,3,1,4,0,2,22,19,19,10,3,2,0,1,1,2,13,17,6,4,0,3,25,24,5,4,42,48,32.0,38.0,10.0,10.0,9.0,2.0,506,297,459.0,233.0,215,134,244,99,19.0,17.0,7.0,6.0,0.94,1.94,0.49,1.83,0.44,0.11,0.94,1.94,2.06,1.87,1,2,8,3,2,3,4,1,2,3,0.075,1.1997,0.6566,0.6859,0.0566,0.1427,0.0853,0.0773,0.0622,0.0432,11,10,0,0,3,2,3,0,0,0,0.4936,2.0462,0.0,0.0,0.2893,0.1026,0.1527,0.0,0.0,0.0,17,12,18.47,15.82
4732696,2025-09-14,bra,2025,Brasileirao,23,Matheus Delgado Candançan,172341,Ceara,10276,Vasco da Gama,0,2,2,37,63,12,17,7,6,5,8,0,3,0,1,8,11,4,6,3,3,4,1,2,0,19,22,10,19,2,3,1,0,2,1,17,13,4,6,3,0,24,25,4,5,48,42,38.0,32.0,10.0,10.0,2.0,9.0,297,506,233.0,459.0,134,215,99,244,17.0,19.0,6.0,7.0,1.94,0.94,1.83,0.49,0.11,0.44,1.94,0.94,1.87,2.06,2,1,3,8,3,2,1,4,3,2,1.1997,0.075,0.6859,0.6566,0.1427,0.0566,0.0773,0.0853,0.0432,0.0622,10,11,0,0,2,3,0,3,0,0,2.0462,0.4936,0.0,0.0,0.1026,0.2893,0.0,0.1527,0.0,0.0,12,17,15.82,18.47
4732698,2025-09-14,bra,2025,Brasileirao,23,Wilton Pereira Sampaio,10277,Sao Paulo,8517,Botafogo RJ,1,1,0,47,53,11,12,3,2,6,6,2,4,2,0,7,7,4,5,4,4,3,0,2,0,18,15,11,14,3,1,0,0,5,0,21,14,15,7,3,2,31,16,2,2,50,51,42.0,33.0,8.0,18.0,7.0,9.0,444,495,373.0,406.0,213,223,160,183,21.0,31.0,1.0,3.0,1.45,0.55,1.41,0.55,0.04,0.0,1.45,0.55,1.18,0.08,1,0,4,5,2,2,2,4,2,1,0.2513,0.0,0.9757,0.3949,0.0697,0.0953,0.0834,0.1461,0.0733,0.0484,7,11,3,1,0,0,1,0,0,0,1.1223,0.5371,0.287,0.1477,0.0,0.0,0.0441,0.0,0.0,0.0,11,12,18.02,18.79
4732698,2025-09-14,bra,2025,Brasileirao,23,Wilton Pereira Sampaio,8517,Botafogo RJ,10277,Sao Paulo,0,0,1,53,47,12,11,2,3,6,6,4,2,0,2,7,7,5,4,4,4,0,3,0,2,15,18,14,11,1,3,0,0,0,5,14,21,7,15,2,3,16,31,2,2,51,50,33.0,42.0,18.0,8.0,9.0,7.0,495,444,406.0,373.0,223,213,183,160,31.0,21.0,3.0,1.0,0.55,1.45,0.55,1.41,0.0,0.04,0.55,1.45,0.08,1.18,0,1,5,4,2,2,4,2,1,2,0.0,0.2513,0.3949,0.9757,0.0953,0.0697,0.1461,0.0834,0.0484,0.0733,11,7,1,3,0,0,0,1,0,0,0.5371,1.1223,0.1477,0.287,0.0,0.0,0.0,0.0441,0.0,0.0,12,11,18.79,18.02
4732699,2025-09-14,bra,2025,Brasileirao,23,Anderson Daronco,109705,Red Bull Bragantino,6305,Sport Recife,1,1,1,48,52,21,16,9,8,10,3,2,5,2,0,16,9,5,7,5,7,4,1,3,0,28,22,11,11,2,3,0,0,2,0,17,14,6,8,5,2,24,27,7,8,46,40,34.0,32.0,12.0,8.0,7.0,8.0,313,347,252.0,282.0,127,159,125,123,20.0,16.0,11.0,5.0,3.15,1.65,1.93,1.39,0.44,0.26,2.37,1.65,2.99,1.12,4,1,11,6,1,2,4,3,1,4,1.2886,0.1071,1.7802,1.155,0.0101,0.0875,0.1763,0.2337,0.0209,0.1133,13,12,2,0,2,2,3,2,1,0,1.5484,1.4321,0.4996,0.0,0.0804,0.0802,0.3594,0.1844,0.7884,0.0,21,16,14.25,17.57
4732699,2025-09-14,bra,2025,Brasileirao,23,Anderson Daronco,6305,Sport Recife,109705,Red Bull Bragantino,0,1,1,52,48,16,21,8,9,3,10,5,2,0,2,9,16,7,5,7,5,1,4,0,3,22,28,11,11,3,2,0,0,0,2,14,17,8,6,2,5,27,24,8,7,40,46,32.0,34.0,8.0,12.0,8.0,7.0,347,313,282.0,252.0,159,127,123,125,16.0,20.0,5.0,11.0,1.65,3.15,1.39,1.93,0.26,0.44,1.65,2.37,1.12,2.99,1,4,6,11,2,1,3,4,4,1,0.1071,1.2886,1.155,1.7802,0.0875,0.0101,0.2337,0.1763,0.1133,0.0209,12,13,0,2,2,2,2,3,0,1,1.4321,1.5484,0.0,0.4996,0.0802,0.0804,0.1844,0.3594,0.0,0.7884,16,21,17.57,14.25
4732700,2025-09-14,bra,2025,Brasileirao,23,Bruno Arleu de Araújo,10272,Atletico MG,8514,Santos FC,1,1,1,53,47,17,12,5,5,8,4,4,3,0,0,13,5,4,7,7,3,3,2,2,1,27,15,12,15,2,2,0,1,1,0,27,18,6,9,3,4,14,26,4,4,59,46,45.0,35.0,14.0,11.0,4.0,5.0,470,426,400.0,357.0,212,157,188,200,17.0,17.0,7.0,2.0,1.16,1.32,1.01,0.43,0.15,0.11,1.16,0.54,0.74,1.63,1,0,8,3,4,2,1,3,3,4,0.1013,0.0,0.7743,1.0334,0.1571,0.0772,0.0751,0.0933,0.0556,0.1206,10,7,1,0,4,2,2,2,0,1,0.9544,0.4295,0.0564,0.0,0.0528,0.0323,0.0996,0.0743,0.0,0.7884,17,12,15.93,21.83
4732700,2025-09-14,bra,2025,Brasileirao,23,Bruno Arleu de Araújo,8514,Santos FC,10272,Atletico MG,0,1,1,47,53,12,17,5,5,4,8,3,4,0,0,5,13,7,4,3,7,2,3,1,2,15,27,15,12,2,2,1,0,0,1,18,27,9,6,4,3,26,14,4,4,46,59,35.0,45.0,11.0,14.0,5.0,4.0,426,470,357.0,400.0,157,212,200,188,17.0,17.0,2.0,7.0,1.32,1.16,0.43,1.01,0.11,0.15,0.54,1.16,1.63,0.74,0,1,3,8,2,4,3,1,4,3,0.0,0.1013,1.0334,0.7743,0.0772,0.1571,0.0933,0.0751,0.1206,0.0556,7,10,0,1,2,4,2,2,1,0,0.4295,0.9544,0.0,0.0564,0.0323,0.0528,0.0743,0.0996,0.7884,0.0,12,17,21.83,15.93
4732704,2025-09-14,bra,2025,Brasileirao,23,Raphael Claus,10274,Juventude,9770,Flamengo,1,0,2,26,74,6,13,1,4,1,4,4,5,0,1,2,9,4,4,6,7,0,3,0,1,6,25,16,12,2,2,0,0,2,0,16,18,6,6,5,4,25,13,2,1,35,52,31.0,42.0,4.0,10.0,4.0,9.0,219,648,183.0,595.0,121,283,62,312,20.0,11.0,5.0,6.0,0.37,1.25,0.08,0.76,0.29,0.49,0.37,1.25,0.52,1.33,0,2,2,4,0,3,2,3,2,1,0.0,0.3283,0.2286,0.4088,0.0,0.2581,0.0931,0.2362,0.0363,0.0141,2,8,0,1,2,1,2,3,0,0,0.1025,0.6959,0.0,0.0594,0.2286,0.0268,0.0269,0.4633,0.0,0.0,6,13,18.47,14.67
4732704,2025-09-14,bra,2025,Brasileirao,23,Raphael Claus,9770,Flamengo,10274,Juventude,0,2,0,74,26,13,6,4,1,4,1,5,4,1,0,9,2,4,4,7,6,3,0,1,0,25,6,12,16,2,2,0,0,0,2,18,16,6,6,4,5,13,25,1,2,52,35,42.0,31.0,10.0,4.0,9.0,4.0,648,219,595.0,183.0,283,121,312,62,11.0,20.0,6.0,5.0,1.25,0.37,0.76,0.08,0.49,0.29,1.25,0.37,1.33,0.52,2,0,4,2,3,0,3,2,1,2,0.3283,0.0,0.4088,0.2286,0.2581,0.0,0.2362,0.0931,0.0141,0.0363,8,2,1,0,1,2,3,2,0,0,0.6959,0.1025,0.0594,0.0,0.0268,0.2286,0.4633,0.0269,0.0,0.0,13,6,14.67,18.47
4732702,2025-09-15,bra,2025,Brasileirao,23,Flavio Rodrigues De Souza,7877,Bahia,9781,Cruzeiro,1,1,2,62,38,13,10,5,3,4,5,4,2,0,1,4,7,9,3,6,5,1,2,1,1,28,16,11,12,1,3,0,0,1,0,18,22,10,5,2,4,34,36,1,4,65,54,47.0,44.0,18.0,10.0,17.0,13.0,487,294,427.0,232.0,202,109,225,123,25.0,15.0,9.0,2.0,0.61,0.84,0.57,0.79,0.04,0.05,0.61,0.84,1.1,1.84,0,0,3,5,1,2,5,3,4,0,0.0,0.0,0.4224,0.7608,0.042,0.173,0.0841,0.0403,0.0613,0.0,10,5,1,3,2,0,0,2,0,0,0.2385,0.2898,0.3342,0.64,0.0371,0.0,0.0,0.0443,0.0,0.0,13,10,22.71,19.06
4732702,2025-09-15,bra,2025,Brasileirao,23,Flavio Rodrigues De Souza,9781,Cruzeiro,7877,Bahia,0,2,1,38,62,10,13,3,5,5,4,2,4,1,0,7,4,3,9,5,6,2,1,1,1,16,28,12,11,3,1,0,0,0,1,22,18,5,10,4,2,36,34,4,1,54,65,44.0,47.0,10.0,18.0,13.0,17.0,294,487,232.0,427.0,109,202,123,225,15.0,25.0,2.0,9.0,0.84,0.61,0.79,0.57,0.05,0.04,0.84,0.61,1.84,1.1,0,0,5,3,2,1,3,5,0,4,0.0,0.0,0.7608,0.4224,0.173,0.042,0.0403,0.0841,0.0,0.0613,5,10,3,1,0,2,2,0,0,0,0.2898,0.2385,0.64,0.3342,0.0,0.0371,0.0443,0.0,0.0,0.0,10,13,19.06,22.71
4732586,2025-09-17,bra,2025,Brasileirao,12,Bruno Pereira Vasconcelos,8517,Botafogo RJ,163782,Mirassol,1,3,3,56,44,15,12,4,6,7,5,4,1,0,0,12,7,3,5,6,5,6,3,3,1,27,16,18,11,4,1,0,0,1,1,25,15,11,12,1,4,28,26,3,1,53,49,39.0,40.0,14.0,9.0,4.0,8.0,479,372,416.0,303.0,212,174,204,129,39.0,15.0,6.0,6.0,2.2,1.55,2.13,0.87,0.07,0.69,2.2,1.55,1.6,1.88,3,4,7,4,2,0,1,0,2,4,0.7801,1.0335,1.4173,0.4368,0.0871,0.0,0.0412,0.0,0.0446,0.0892,11,8,2,1,2,2,0,1,0,0,1.4758,0.8482,0.8214,0.0258,0.0732,0.544,0.0,0.1416,0.0,0.0,15,12,13.82,16.76
4732586,2025-09-17,bra,2025,Brasileirao,12,Bruno Pereira Vasconcelos,163782,Mirassol,8517,Botafogo RJ,0,3,3,44,56,12,15,6,4,5,7,1,4,0,0,7,12,5,3,5,6,3,6,1,3,16,27,11,18,1,4,0,0,1,1,15,25,12,11,4,1,26,28,1,3,49,53,40.0,39.0,9.0,14.0,8.0,4.0,372,479,303.0,416.0,174,212,129,204,15.0,39.0,6.0,6.0,1.55,2.2,0.87,2.13,0.69,0.07,1.55,2.2,1.88,1.6,4,3,4,7,0,2,0,1,4,2,1.0335,0.7801,0.4368,1.4173,0.0,0.0871,0.0,0.0412,0.0892,0.0446,8,11,1,2,2,2,1,0,0,0,0.8482,1.4758,0.0258,0.8214,0.544,0.0732,0.1416,0.0,0.0,0.0,12,15,16.76,13.82
4732706,2025-09-20,bra,2025,Brasileirao,24,Flavio Rodrigues De Souza,8517,Botafogo RJ,10272,Atletico MG,1,1,0,32,68,8,13,2,2,3,7,3,4,0,1,5,7,3,6,7,4,1,2,1,2,11,20,14,9,5,2,1,0,1,0,14,10,8,8,4,3,32,21,2,1,41,44,25.0,28.0,16.0,16.0,3.0,5.0,300,649,237.0,578.0,121,222,116,356,14.0,25.0,3.0,7.0,0.72,0.76,0.51,0.65,0.21,0.1,0.72,0.76,0.48,0.47,0,1,5,3,0,3,2,4,1,2,0.0,0.1598,0.6261,0.3395,0.0,0.0937,0.0815,0.0993,0.0089,0.067,4,9,0,0,4,3,0,1,0,0,0.5069,0.6546,0.0,0.0,0.2096,0.0625,0.0,0.0423,0.0,0.0,8,13,15.3,18.44
4732706,2025-09-20,bra,2025,Brasileirao,24,Flavio Rodrigues De Souza,10272,Atletico MG,8517,Botafogo RJ,0,0,1,68,32,13,8,2,2,7,3,4,3,1,0,7,5,6,3,4,7,2,1,2,1,20,11,9,14,2,5,0,1,0,1,10,14,8,8,3,4,21,32,1,2,44,41,28.0,25.0,16.0,16.0,5.0,3.0,649,300,578.0,237.0,222,121,356,116,25.0,14.0,7.0,3.0,0.76,0.72,0.65,0.51,0.1,0.21,0.76,0.72,0.47,0.48,1,0,3,5,3,0,4,2,2,1,0.1598,0.0,0.3395,0.6261,0.0937,0.0,0.0993,0.0815,0.067,0.0089,9,4,0,0,3,4,1,0,0,0,0.6546,0.5069,0.0,0.0,0.0625,0.2096,0.0423,0.0,0.0,0.0,13,8,18.44,15.3
4732712,2025-09-20,bra,2025,Brasileirao,24,Matheus Delgado Candançan,7733,Vitoria,9863,Fluminense,1,0,1,46,54,17,11,4,4,8,4,5,3,1,1,14,7,3,4,10,6,2,0,2,0,29,13,17,14,1,1,1,1,3,1,11,18,5,5,3,5,20,33,3,4,49,49,32.0,38.0,17.0,11.0,7.0,3.0,365,440,305.0,374.0,132,171,173,203,16.0,21.0,6.0,1.0,1.12,0.77,0.57,0.6,0.55,0.17,1.12,0.77,0.86,0.9,1,0,7,2,6,5,1,3,2,1,0.1867,0.0,0.5931,0.2871,0.2486,0.1988,0.0371,0.2436,0.0596,0.0371,9,7,2,3,3,0,3,1,0,0,0.5347,0.2739,0.0728,0.3242,0.326,0.0,0.1917,0.1686,0.0,0.0,17,11,17.01,19.42
4732712,2025-09-20,bra,2025,Brasileirao,24,Matheus Delgado Candançan,9863,Fluminense,7733,Vitoria,0,1,0,54,46,11,17,4,4,4,8,3,5,1,1,7,14,4,3,6,10,0,2,0,2,13,29,14,17,1,1,1,1,1,3,18,11,5,5,5,3,33,20,4,3,49,49,38.0,32.0,11.0,17.0,3.0,7.0,440,365,374.0,305.0,171,132,203,173,21.0,16.0,1.0,6.0,0.77,1.12,0.6,0.57,0.17,0.55,0.77,1.12,0.9,0.86,0,1,2,7,5,6,3,1,1,2,0.0,0.1867,0.2871,0.5931,0.1988,0.2486,0.2436,0.0371,0.0371,0.0596,7,9,3,2,0,3,1,3,0,0,0.2739,0.5347,0.3242,0.0728,0.0,0.326,0.1686,0.1917,0.0,0.0,11,17,19.42,17.01
4732713,2025-09-20,bra,2025,Brasileirao,24,Lucas Casagrande,172341,Ceara,7877,Bahia,1,1,1,32,68,15,14,5,5,9,8,1,1,1,0,8,9,7,5,3,6,3,2,2,1,13,27,13,11,3,1,0,0,0,3,16,9,9,3,1,1,26,18,4,4,47,51,32.0,36.0,15.0,15.0,5.0,14.0,257,556,194.0,476.0,75,260,119,216,18.0,28.0,2.0,3.0,2.14,1.17,0.99,0.98,0.36,0.19,1.35,1.17,2.95,1.72,0,2,5,6,3,1,4,2,3,3,0.0,0.7358,2.0672,0.2774,0.2264,0.0339,0.1324,0.0351,0.1182,0.0833,9,5,0,3,1,4,4,2,1,0,1.0467,0.199,0.0,0.7815,0.1032,0.1233,0.606,0.0618,0.7884,0.0,15,14,18.48,18.38
4732713,2025-09-20,bra,2025,Brasileirao,24,Lucas Casagrande,7877,Bahia,172341,Ceara,0,1,1,68,32,14,15,5,5,8,9,1,1,0,1,9,8,5,7,6,3,2,3,1,2,27,13,11,13,1,3,0,0,3,0,9,16,3,9,1,1,18,26,4,4,51,47,36.0,32.0,15.0,15.0,14.0,5.0,556,257,476.0,194.0,260,75,216,119,28.0,18.0,3.0,2.0,1.17,2.14,0.98,0.99,0.19,0.36,1.17,1.35,1.72,2.95,2,0,6,5,1,3,2,4,3,3,0.7358,0.0,0.2774,2.0672,0.0339,0.2264,0.0351,0.1324,0.0833,0.1182,5,9,3,0,4,1,2,4,0,1,0.199,1.0467,0.7815,0.0,0.1233,0.1032,0.0618,0.606,0.0,0.7884,14,15,18.38,18.48
4732705,2025-09-21,bra,2025,Brasileirao,24,Rafael Rodrigo Klein,9770,Flamengo,10276,Vasco da Gama,1,1,1,61,39,14,11,3,4,6,4,5,3,2,1,9,5,5,6,3,7,5,1,4,0,25,17,15,12,2,3,0,0,0,0,22,17,5,9,2,5,19,42,3,2,56,77,41.0,44.0,15.0,33.0,7.0,13.0,513,325,439.0,261.0,200,196,239,65,25.0,21.0,4.0,5.0,2.54,0.52,1.8,0.28,0.74,0.24,2.54,0.52,1.4,0.99,5,1,4,4,0,0,4,2,1,4,1.4248,0.1185,0.9819,0.1645,0.0,0.0,0.1639,0.062,0.0119,0.0775,12,6,0,0,1,4,1,1,0,0,1.8452,0.1927,0.0,0.0,0.4951,0.1986,0.2423,0.0312,0.0,0.0,14,11,14.18,20.34
4732705,2025-09-21,bra,2025,Brasileirao,24,Rafael Rodrigo Klein,10276,Vasco da Gama,9770,Flamengo,0,1,1,39,61,11,14,4,3,4,6,3,5,1,2,5,9,6,5,7,3,1,5,0,4,17,25,12,15,3,2,0,0,0,0,17,22,9,5,5,2,42,19,2,3,77,56,44.0,41.0,33.0,15.0,13.0,7.0,325,513,261.0,439.0,196,200,65,239,21.0,25.0,5.0,4.0,0.52,2.54,0.28,1.8,0.24,0.74,0.52,2.54,0.99,1.4,1,5,4,4,0,0,2,4,4,1,0.1185,1.4248,0.1645,0.9819,0.0,0.0,0.062,0.1639,0.0775,0.0119,6,12,0,0,4,1,1,1,0,0,0.1927,1.8452,0.0,0.0,0.1986,0.4951,0.0312,0.2423,0.0,0.0,11,14,20.34,14.18
4732707,2025-09-21,bra,2025,Brasileirao,24,Alex Gomes Stefano,10283,Palmeiras,8287,Fortaleza,1,4,1,66,34,23,8,10,5,7,0,6,3,1,0,16,6,7,2,11,2,5,2,3,1,30,15,11,15,1,1,0,0,2,3,4,17,4,6,2,5,14,17,4,6,51,52,29.0,35.0,22.0,17.0,12.0,9.0,464,243,399.0,166.0,210,97,189,69,26.0,13.0,10.0,1.0,2.3,1.08,0.57,1.01,0.94,0.07,1.51,1.08,2.23,2.19,3,1,12,3,1,2,6,2,1,0,0.5191,0.3274,1.438,0.9467,0.0536,0.0632,0.2694,0.0681,0.0206,0.0,11,4,0,2,8,0,3,2,1,0,0.5731,1.11,0.0,0.2273,0.7716,0.0,0.1677,0.0681,0.7884,0.0,23,8,14.88,15.32
4732707,2025-09-21,bra,2025,Brasileirao,24,Alex Gomes Stefano,8287,Fortaleza,10283,Palmeiras,0,1,4,34,66,8,23,5,10,0,7,3,6,0,1,6,16,2,7,2,11,2,5,1,3,15,30,15,11,1,1,0,0,3,2,17,4,6,4,5,2,17,14,6,4,52,51,35.0,29.0,17.0,22.0,9.0,12.0,243,464,166.0,399.0,97,210,69,189,13.0,26.0,1.0,10.0,1.08,2.3,1.01,0.57,0.07,0.94,1.08,1.51,2.19,2.23,1,3,3,12,2,1,2,6,0,1,0.3274,0.5191,0.9467,1.438,0.0632,0.0536,0.0681,0.2694,0.0,0.0206,4,11,2,0,0,8,2,3,0,1,1.11,0.5731,0.2273,0.0,0.0,0.7716,0.0681,0.1677,0.0,0.7884,8,23,15.32,14.88
4732708,2025-09-21,bra,2025,Brasileirao,24,Rodrigo José Pereira de Lima,8514,Santos FC,10277,Sao Paulo,1,1,0,44,56,19,4,4,1,6,3,9,0,0,0,13,4,6,0,4,3,2,2,1,2,25,14,16,17,3,3,0,0,1,2,14,8,11,6,0,9,28,27,1,3,61,40,36.0,26.0,25.0,14.0,7.0,4.0,355,473,285.0,395.0,139,216,146,179,25.0,25.0,9.0,4.0,1.43,0.48,1.21,0.22,0.23,0.26,1.43,0.48,1.4,0.21,2,2,5,1,6,1,4,0,2,0,0.3953,0.2217,0.3297,0.0408,0.4898,0.2169,0.1791,0.0,0.041,0.0,12,1,2,0,2,1,3,2,0,0,0.9889,0.2169,0.2206,0.0,0.1476,0.0467,0.0778,0.2158,0.0,0.0,19,4,17.82,11.38
4732708,2025-09-21,bra,2025,Brasileirao,24,Rodrigo José Pereira de Lima,10277,Sao Paulo,8514,Santos FC,0,0,1,56,44,4,19,1,4,3,6,0,9,0,0,4,13,0,6,3,4,2,2,2,1,14,25,17,16,3,3,0,0,2,1,8,14,6,11,9,0,27,28,3,1,40,61,26.0,36.0,14.0,25.0,4.0,7.0,473,355,395.0,285.0,216,139,179,146,25.0,25.0,4.0,9.0,0.48,1.43,0.22,1.21,0.26,0.23,0.48,1.43,0.21,1.4,2,2,1,5,1,6,0,4,0,2,0.2217,0.3953,0.0408,0.3297,0.2169,0.4898,0.0,0.1791,0.0,0.041,1,12,0,2,1,2,2,3,0,0,0.2169,0.9889,0.0,0.2206,0.0467,0.1476,0.2158,0.0778,0.0,0.0,4,19,11.38,17.82
4732709,2025-09-21,bra,2025,Brasileirao,24,Davi de Oliveira Lacerda,163782,Mirassol,10274,Juventude,1,2,0,52,48,16,12,4,3,6,5,6,4,0,0,11,8,5,4,4,11,4,0,3,0,24,27,10,10,1,2,0,0,1,0,21,18,10,8,4,6,36,25,3,2,43,44,38.0,33.0,5.0,11.0,7.0,5.0,472,418,411.0,348.0,246,181,165,167,22.0,23.0,7.0,3.0,1.43,0.53,1.17,0.22,0.25,0.31,1.43,0.53,1.3,0.33,2,1,6,5,3,3,2,2,3,1,0.6968,0.1001,0.519,0.2449,0.1177,0.1,0.0343,0.0679,0.0598,0.0186,9,7,1,0,3,4,3,1,0,0,0.9999,0.2376,0.1736,0.0,0.1913,0.2559,0.0629,0.038,0.0,0.0,16,12,17.24,17.03
4732709,2025-09-21,bra,2025,Brasileirao,24,Davi de Oliveira Lacerda,10274,Juventude,163782,Mirassol,0,0,2,48,52,12,16,3,4,5,6,4,6,0,0,8,11,4,5,11,4,0,4,0,3,27,24,10,10,2,1,0,0,0,1,18,21,8,10,6,4,25,36,2,3,44,43,33.0,38.0,11.0,5.0,5.0,7.0,418,472,348.0,411.0,181,246,167,165,23.0,22.0,3.0,7.0,0.53,1.43,0.22,1.17,0.31,0.25,0.53,1.43,0.33,1.3,1,2,5,6,3,3,2,2,1,3,0.1001,0.6968,0.2449,0.519,0.1,0.1177,0.0679,0.0343,0.0186,0.0598,7,9,0,1,4,3,1,3,0,0,0.2376,0.9999,0.0,0.1736,0.2559,0.1913,0.038,0.0629,0.0,0.0,12,16,17.03,17.24
4732710,2025-09-21,bra,2025,Brasileirao,24,Lucas Paulo Torezin,9781,Cruzeiro,109705,Red Bull Bragantino,1,2,1,60,40,13,8,3,6,9,2,1,0,0,1,5,5,8,3,7,4,1,1,0,1,14,10,11,18,6,7,0,0,0,1,13,17,6,11,0,1,19,35,5,1,47,41,39.0,34.0,8.0,7.0,9.0,8.0,447,298,388.0,231.0,165,124,223,107,40.0,18.0,3.0,2.0,0.63,0.81,0.31,0.7,0.32,0.1,0.63,0.81,1.47,1.33,1,1,3,2,1,2,6,2,2,1,0.2673,0.1532,0.103,0.3305,0.0321,0.2495,0.1907,0.0598,0.0361,0.0126,7,5,1,1,5,2,0,0,0,0,0.2642,0.4626,0.0409,0.2407,0.3242,0.1024,0.0,0.0,0.0,0.0,13,8,21.4,18.0
4732710,2025-09-21,bra,2025,Brasileirao,24,Lucas Paulo Torezin,109705,Red Bull Bragantino,9781,Cruzeiro,0,1,2,40,60,8,13,6,3,2,9,0,1,1,0,5,5,3,8,4,7,1,1,1,0,10,14,18,11,7,6,0,0,1,0,17,13,11,6,1,0,35,19,1,5,41,47,34.0,39.0,7.0,8.0,8.0,9.0,298,447,231.0,388.0,124,165,107,223,18.0,40.0,2.0,3.0,0.81,0.63,0.7,0.31,0.1,0.32,0.81,0.63,1.33,1.47,1,1,2,3,2,1,2,6,1,2,0.1532,0.2673,0.3305,0.103,0.2495,0.0321,0.0598,0.1907,0.0126,0.0361,5,7,1,1,2,5,0,0,0,0,0.4626,0.2642,0.2407,0.0409,0.1024,0.3242,0.0,0.0,0.0,0.0,8,13,18.0,21.4
4732711,2025-09-21,bra,2025,Brasileirao,24,Marcelo de Lima Henrique,8702,Internacional,9769,Gremio,1,2,3,57,43,19,6,6,3,10,3,3,0,1,0,17,6,2,0,8,1,10,2,8,0,39,15,18,15,3,2,1,1,0,2,7,15,7,6,0,3,10,30,0,4,47,53,25.0,37.0,22.0,16.0,6.0,6.0,433,340,366.0,271.0,134,150,232,121,15.0,21.0,10.0,3.0,4.41,0.62,1.69,0.4,0.36,0.21,2.05,0.62,3.47,2.33,1,1,16,2,0,3,1,0,1,0,0.2795,0.2145,4.2283,0.2539,0.0,0.1482,0.0194,0.0,0.0426,0.0,9,4,0,1,4,1,3,0,3,0,1.6868,0.2862,0.0,0.1158,0.2175,0.2145,0.3003,0.0,2.3652,0.0,19,6,11.92,12.87
4732711,2025-09-21,bra,2025,Brasileirao,24,Marcelo de Lima Henrique,9769,Gremio,8702,Internacional,0,3,2,43,57,6,19,3,6,3,10,0,3,0,1,6,17,0,2,1,8,2,10,0,8,15,39,15,18,2,3,1,1,2,0,15,7,6,7,3,0,30,10,4,0,53,47,37.0,25.0,16.0,22.0,6.0,6.0,340,433,271.0,366.0,150,134,121,232,21.0,15.0,3.0,10.0,0.62,4.41,0.4,1.69,0.21,0.36,0.62,2.05,2.33,3.47,1,1,2,16,3,0,0,1,0,1,0.2145,0.2795,0.2539,4.2283,0.1482,0.0,0.0,0.0194,0.0,0.0426,4,9,1,0,1,4,0,3,0,3,0.2862,1.6868,0.1158,0.0,0.2145,0.2175,0.0,0.3003,0.0,2.3652,6,19,12.87,11.92
4732714,2025-09-21,bra,2025,Brasileirao,24,Sávio Pereira Sampaio,6305,Sport Recife,9808,Corinthians,1,1,0,41,59,12,19,3,3,4,8,5,8,0,1,4,13,8,6,8,7,1,0,1,0,18,31,17,9,6,1,0,0,3,1,19,16,7,7,8,5,33,30,4,3,57,60,36.0,39.0,21.0,21.0,9.0,7.0,236,342,171.0,280.0,92,156,79,124,14.0,17.0,2.0,7.0,0.71,0.77,0.61,0.55,0.1,0.22,0.71,0.77,0.96,0.17,0,1,3,7,1,5,6,5,2,1,0.0,0.0994,0.4663,0.3407,0.0422,0.1316,0.1507,0.177,0.0458,0.0172,8,13,1,1,3,5,0,0,0,0,0.3209,0.4681,0.3309,0.0778,0.0532,0.2199,0.0,0.0,0.0,0.0,12,19,19.85,17.8
4732714,2025-09-21,bra,2025,Brasileirao,24,Sávio Pereira Sampaio,9808,Corinthians,6305,Sport Recife,0,0,1,59,41,19,12,3,3,8,4,8,5,1,0,13,4,6,8,7,8,0,1,0,1,31,18,9,17,1,6,0,0,1,3,16,19,7,7,5,8,30,33,3,4,60,57,39.0,36.0,21.0,21.0,7.0,9.0,342,236,280.0,171.0,156,92,124,79,17.0,14.0,7.0,2.0,0.77,0.71,0.55,0.61,0.22,0.1,0.77,0.71,0.17,0.96,1,0,7,3,5,1,5,6,1,2,0.0994,0.0,0.3407,0.4663,0.1316,0.0422,0.177,0.1507,0.0172,0.0458,13,8,1,1,5,3,0,0,0,0,0.4681,0.3209,0.0778,0.3309,0.2199,0.0532,0.0,0.0,0.0,0.0,19,12,17.8,19.85
4732626,2025-09-24,bra,2025,Brasileirao,16,João Vitor Gobi,10276,Vasco da Gama,7877,Bahia,1,3,1,67,33,19,9,6,3,9,4,4,2,1,0,12,6,7,3,6,2,4,2,3,1,30,12,20,13,1,2,0,1,1,1,18,17,4,7,2,4,14,32,2,4,59,50,40.0,40.0,19.0,10.0,13.0,4.0,504,256,452.0,202.0,214,140,238,62,17.0,11.0,11.0,2.0,2.16,0.67,1.64,0.66,0.52,0.01,2.16,0.67,2.37,0.53,4,0,7,3,1,3,5,2,2,1,1.0437,0.0,0.7776,0.4823,0.0256,0.1285,0.2683,0.0496,0.0424,0.0066,11,8,2,0,5,1,1,0,0,0,1.4574,0.6604,0.1831,0.0,0.3966,0.0066,0.1205,0.0,0.0,0.0,19,9,14.95,19.34
4732626,2025-09-24,bra,2025,Brasileirao,16,João Vitor Gobi,7877,Bahia,10276,Vasco da Gama,0,1,3,33,67,9,19,3,6,4,9,2,4,0,1,6,12,3,7,2,6,2,4,1,3,12,30,13,20,2,1,1,0,1,1,17,18,7,4,4,2,32,14,4,2,50,59,40.0,40.0,10.0,19.0,4.0,13.0,256,504,202.0,452.0,140,214,62,238,11.0,17.0,2.0,11.0,0.67,2.16,0.66,1.64,0.01,0.52,0.67,2.16,0.53,2.37,0,4,3,7,3,1,2,5,1,2,0.0,1.0437,0.4823,0.7776,0.1285,0.0256,0.0496,0.2683,0.0066,0.0424,8,11,0,2,1,5,0,1,0,0,0.6604,1.4574,0.0,0.1831,0.0066,0.3966,0.0,0.1205,0.0,0.0,9,19,19.34,14.95
4732631,2025-09-24,bra,2025,Brasileirao,16,Lucas Paulo Torezin,9769,Gremio,8517,Botafogo RJ,1,1,1,46,54,17,12,4,4,9,6,4,2,1,0,8,10,9,2,7,1,4,4,3,3,19,18,7,17,1,2,0,1,1,1,17,13,6,12,2,3,21,34,3,3,49,41,40.0,33.0,9.0,8.0,8.0,13.0,425,517,363.0,454.0,148,267,215,187,16.0,25.0,7.0,2.0,2.07,1.18,1.13,0.93,0.15,0.24,1.28,1.18,2.4,1.32,0,0,8,8,0,2,4,1,5,1,0.0,0.0,1.8522,0.7735,0.0,0.3692,0.0696,0.0559,0.1467,0.0142,11,8,2,0,2,0,1,4,1,0,0.9241,1.0205,0.2019,0.0,0.1142,0.0,0.0399,0.1923,0.7884,0.0,17,12,20.23,15.16
4732631,2025-09-24,bra,2025,Brasileirao,16,Lucas Paulo Torezin,8517,Botafogo RJ,9769,Gremio,0,1,1,54,46,12,17,4,4,6,9,2,4,0,1,10,8,2,9,1,7,4,4,3,3,18,19,17,7,2,1,1,0,1,1,13,17,12,6,3,2,34,21,3,3,41,49,33.0,40.0,8.0,9.0,13.0,8.0,517,425,454.0,363.0,267,148,187,215,25.0,16.0,2.0,7.0,1.18,2.07,0.93,1.13,0.24,0.15,1.18,1.28,1.32,2.4,0,0,8,8,2,0,1,4,1,5,0.0,0.0,0.7735,1.8522,0.3692,0.0,0.0559,0.0696,0.0142,0.1467,8,11,0,2,0,2,4,1,0,1,1.0205,0.9241,0.0,0.2019,0.0,0.1142,0.1923,0.0399,0.0,0.7884,12,17,15.16,20.23
4732716,2025-09-27,bra,2025,Brasileirao,25,Rodrigo José Pereira de Lima,10276,Vasco da Gama,9781,Cruzeiro,1,2,0,47,53,12,21,4,3,3,11,5,7,0,0,7,16,5,5,3,9,1,1,0,1,19,31,13,13,2,1,0,0,0,1,28,13,21,11,7,5,40,12,4,2,56,50,48.0,38.0,8.0,12.0,8.0,12.0,369,396,291.0,315.0,175,149,116,166,22.0,19.0,1.0,8.0,1.08,1.45,1.04,0.79,0.04,0.66,1.08,1.45,1.59,1.06,0,0,5,12,2,4,5,4,0,1,0.0,0.0,0.3207,1.1479,0.1524,0.1997,0.6051,0.0633,0.0,0.0407,10,10,1,1,0,4,1,6,0,0,0.9292,0.6943,0.1111,0.0982,0.0,0.1149,0.0378,0.5441,0.0,0.0,12,21,18.07,17.14
4732716,2025-09-27,bra,2025,Brasileirao,25,Rodrigo José Pereira de Lima,9781,Cruzeiro,10276,Vasco da Gama,0,0,2,53,47,21,12,3,4,11,3,7,5,0,0,16,7,5,5,9,3,1,1,1,0,31,19,13,13,1,2,0,0,1,0,13,28,11,21,5,7,12,40,2,4,50,56,38.0,48.0,12.0,8.0,12.0,8.0,396,369,315.0,291.0,149,175,166,116,19.0,22.0,8.0,1.0,1.45,1.08,0.79,1.04,0.66,0.04,1.45,1.08,1.06,1.59,0,0,12,5,4,2,4,5,1,0,0.0,0.0,1.1479,0.3207,0.1997,0.1524,0.0633,0.6051,0.0407,0.0,10,10,1,1,4,0,6,1,0,0,0.6943,0.9292,0.0982,0.1111,0.1149,0.0,0.5441,0.0378,0.0,0.0,21,12,17.14,18.07
4732723,2025-09-27,bra,2025,Brasileirao,25,Davi de Oliveira Lacerda,8287,Fortaleza,6305,Sport Recife,1,1,0,53,47,15,12,5,6,7,3,3,3,0,1,9,9,6,3,8,5,2,2,2,2,21,14,17,16,2,3,0,0,1,3,23,14,11,6,3,4,24,44,6,3,59,57,47.0,38.0,12.0,19.0,9.0,8.0,394,362,337.0,305.0,144,176,193,129,31.0,25.0,5.0,4.0,0.87,0.66,0.54,0.49,0.33,0.18,0.87,0.66,0.34,1.04,0,1,4,4,5,4,5,2,1,1,0.0,0.0846,0.3595,0.329,0.3083,0.1576,0.1793,0.0594,0.0217,0.0357,12,5,0,3,2,2,1,2,0,0,0.5413,0.3772,0.0,0.1125,0.2188,0.0913,0.1086,0.0852,0.0,0.0,15,12,17.86,17.31
4732723,2025-09-27,bra,2025,Brasileirao,25,Davi de Oliveira Lacerda,6305,Sport Recife,8287,Fortaleza,0,0,1,47,53,12,15,6,5,3,7,3,3,1,0,9,9,3,6,5,8,2,2,2,2,14,21,16,17,3,2,0,0,3,1,14,23,6,11,4,3,44,24,3,6,57,59,38.0,47.0,19.0,12.0,8.0,9.0,362,394,305.0,337.0,176,144,129,193,25.0,31.0,4.0,5.0,0.66,0.87,0.49,0.54,0.18,0.33,0.66,0.87,1.04,0.34,1,0,4,4,4,5,2,5,1,1,0.0846,0.0,0.329,0.3595,0.1576,0.3083,0.0594,0.1793,0.0357,0.0217,5,12,3,0,2,2,2,1,0,0,0.3772,0.5413,0.1125,0.0,0.0913,0.2188,0.0852,0.1086,0.0,0.0,12,15,17.31,17.86
4732724,2025-09-27,bra,2025,Brasileirao,25,Matheus Delgado Candançan,10274,Juventude,8702,Internacional,1,1,1,56,44,14,5,3,2,4,3,7,0,0,0,7,3,7,2,7,1,1,1,0,0,25,8,20,18,2,2,0,0,1,1,17,13,10,10,0,6,10,33,1,2,70,48,45.0,38.0,25.0,10.0,11.0,5.0,416,341,347.0,281.0,183,200,164,81,28.0,21.0,8.0,1.0,0.63,1.15,0.51,0.99,0.12,0.16,0.63,1.15,0.85,1.19,0,1,2,1,5,1,2,1,5,1,0.0,0.8569,0.2797,0.1183,0.2159,0.1679,0.055,0.0172,0.0806,0.0331,7,1,1,2,6,0,0,2,0,0,0.4349,0.0172,0.0747,1.0248,0.1216,0.0,0.0,0.1514,0.0,0.0,14,5,21.57,16.1
4732724,2025-09-27,bra,2025,Brasileirao,25,Matheus Delgado Candançan,8702,Internacional,10274,Juventude,0,1,1,44,56,5,14,2,3,3,4,0,7,0,0,3,7,2,7,1,7,1,1,0,0,8,25,18,20,2,2,0,0,1,1,13,17,10,10,6,0,33,10,2,1,48,70,38.0,45.0,10.0,25.0,5.0,11.0,341,416,281.0,347.0,200,183,81,164,21.0,28.0,1.0,8.0,1.15,0.63,0.99,0.51,0.16,0.12,1.15,0.63,1.19,0.85,1,0,1,2,1,5,1,2,1,5,0.8569,0.0,0.1183,0.2797,0.1679,0.2159,0.0172,0.055,0.0331,0.0806,1,7,2,1,0,6,2,0,0,0,0.0172,0.4349,1.0248,0.0747,0.0,0.1216,0.1514,0.0,0.0,0.0,5,14,16.1,21.57
4732715,2025-09-28,bra,2025,Brasileirao,25,Ramon Abatti,9863,Fluminense,8517,Botafogo RJ,1,2,0,47,53,8,12,3,1,3,8,2,3,0,1,5,7,3,5,4,2,2,1,0,1,26,15,10,13,2,2,0,0,4,1,17,17,3,9,3,2,22,19,1,1,44,53,35.0,34.0,9.0,19.0,7.0,7.0,408,463,340.0,397.0,192,239,148,158,21.0,19.0,1.0,3.0,0.82,0.97,0.82,0.85,0.0,0.12,0.82,0.97,1.68,0.49,1,0,4,6,0,1,2,4,1,1,0.3089,0.0,0.4158,0.7883,0.0,0.0685,0.0742,0.0985,0.0197,0.011,8,11,0,0,0,0,0,1,0,0,0.8187,0.8651,0.0,0.0,0.0,0.0,0.0,0.1012,0.0,0.0,8,12,16.86,17.92
4732715,2025-09-28,bra,2025,Brasileirao,25,Ramon Abatti,8517,Botafogo RJ,9863,Fluminense,0,0,2,53,47,12,8,1,3,8,3,3,2,1,0,7,5,5,3,2,4,1,2,1,0,15,26,13,10,2,2,0,0,1,4,17,17,9,3,2,3,19,22,1,1,53,44,34.0,35.0,19.0,9.0,7.0,7.0,463,408,397.0,340.0,239,192,158,148,19.0,21.0,3.0,1.0,0.97,0.82,0.85,0.82,0.12,0.0,0.97,0.82,0.49,1.68,0,1,6,4,1,0,4,2,1,1,0.0,0.3089,0.7883,0.4158,0.0685,0.0,0.0985,0.0742,0.011,0.0197,11,8,0,0,0,0,1,0,0,0,0.8651,0.8187,0.0,0.0,0.0,0.0,0.1012,0.0,0.0,0.0,12,8,17.92,16.86
4732717,2025-09-28,bra,2025,Brasileirao,25,Wilton Pereira Sampaio,9808,Corinthians,9770,Flamengo,1,1,2,48,52,16,13,5,2,6,7,5,4,1,0,10,8,6,5,5,3,4,1,3,1,17,28,16,21,3,5,0,0,0,0,15,15,11,6,4,5,14,21,0,4,53,56,43.0,44.0,10.0,12.0,9.0,15.0,407,438,330.0,353.0,216,209,114,144,23.0,14.0,2.0,6.0,2.47,0.72,1.65,0.32,0.03,0.39,1.68,0.72,1.91,1.37,1,0,4,8,5,0,4,3,2,2,0.1958,0.0,1.6598,0.5285,0.4486,0.0,0.1194,0.1265,0.0462,0.0617,13,6,1,0,1,2,0,5,1,0,1.4618,0.3249,0.1848,0.0,0.0349,0.0899,0.0,0.3018,0.7884,0.0,16,13,17.92,16.46
4732717,2025-09-28,bra,2025,Brasileirao,25,Wilton Pereira Sampaio,9770,Flamengo,9808,Corinthians,0,2,1,52,48,13,16,2,5,7,6,4,5,0,1,8,10,5,6,3,5,1,4,1,3,28,17,21,16,5,3,0,0,0,0,15,15,6,11,5,4,21,14,4,0,56,53,44.0,43.0,12.0,10.0,15.0,9.0,438,407,353.0,330.0,209,216,144,114,14.0,23.0,6.0,2.0,0.72,2.47,0.32,1.65,0.39,0.03,0.72,1.68,1.37,1.91,0,1,8,4,0,5,3,4,2,2,0.0,0.1958,0.5285,1.6598,0.0,0.4486,0.1265,0.1194,0.0617,0.0462,6,13,0,1,2,1,5,0,0,1,0.3249,1.4618,0.0,0.1848,0.0899,0.0349,0.3018,0.0,0.0,0.7884,13,16,16.46,17.92
4732719,2025-09-28,bra,2025,Brasileirao,25,Flavio Rodrigues De Souza,109705,Red Bull Bragantino,8514,Santos FC,1,2,2,41,59,8,18,2,7,3,5,3,6,0,0,5,10,3,8,5,7,2,2,1,0,14,21,10,11,3,2,0,0,1,1,14,19,4,6,6,3,30,32,5,0,39,48,29.0,38.0,10.0,10.0,5.0,9.0,343,503,265.0,437.0,147,219,118,218,27.0,40.0,5.0,10.0,0.73,1.39,0.51,1.25,0.23,0.13,0.73,1.39,0.79,1.63,0,0,4,7,1,3,1,6,2,2,0.0,0.0,0.4571,0.6812,0.0183,0.4866,0.0235,0.1856,0.0328,0.0318,4,10,0,2,3,5,1,1,0,0,0.3828,1.0708,0.0,0.1832,0.0969,0.1179,0.052,0.0133,0.0,0.0,8,18,18.4,18.14
4732719,2025-09-28,bra,2025,Brasileirao,25,Flavio Rodrigues De Souza,8514,Santos FC,109705,Red Bull Bragantino,0,2,2,59,41,18,8,7,2,5,3,6,3,0,0,10,5,8,3,7,5,2,2,0,1,21,14,11,10,2,3,0,0,1,1,19,14,6,4,3,6,32,30,0,5,48,39,38.0,29.0,10.0,10.0,9.0,5.0,503,343,437.0,265.0,219,147,218,118,40.0,27.0,10.0,5.0,1.39,0.73,1.25,0.51,0.13,0.23,1.39,0.73,1.63,0.79,0,0,7,4,3,1,6,1,2,2,0.0,0.0,0.6812,0.4571,0.4866,0.0183,0.1856,0.0235,0.0318,0.0328,10,4,2,0,5,3,1,1,0,0,1.0708,0.3828,0.1832,0.0,0.1179,0.0969,0.0133,0.052,0.0,0.0,18,8,18.14,18.4
4732720,2025-09-28,bra,2025,Brasileirao,25,Rafael Rodrigo Klein,10272,Atletico MG,163782,Mirassol,1,1,0,30,70,11,26,5,5,2,12,4,9,0,0,6,15,5,11,4,11,2,2,1,2,9,28,11,8,4,3,1,0,0,2,14,20,11,6,9,4,41,11,5,4,39,54,25.0,34.0,14.0,20.0,4.0,3.0,255,568,193.0,518.0,104,141,89,377,23.0,18.0,1.0,13.0,1.31,1.41,0.95,1.0,0.36,0.41,1.31,1.41,1.39,0.65,1,1,5,8,0,6,3,7,2,4,0.3328,0.1308,0.8147,0.7421,0.0,0.2594,0.117,0.1975,0.0713,0.0813,7,18,2,0,2,8,0,0,0,0,0.8496,1.0238,0.1273,0.0,0.3589,0.3873,0.0,0.0,0.0,0.0,11,26,17.81,18.86
4732720,2025-09-28,bra,2025,Brasileirao,25,Rafael Rodrigo Klein,163782,Mirassol,10272,Atletico MG,0,0,1,70,30,26,11,5,5,12,2,9,4,0,0,15,6,11,5,11,4,2,2,2,1,28,9,8,11,3,4,0,1,2,0,20,14,6,11,4,9,11,41,4,5,54,39,34.0,25.0,20.0,14.0,3.0,4.0,568,255,518.0,193.0,141,104,377,89,18.0,23.0,13.0,1.0,1.41,1.31,1.0,0.95,0.41,0.36,1.41,1.31,0.65,1.39,1,1,8,5,6,0,7,3,4,2,0.1308,0.3328,0.7421,0.8147,0.2594,0.0,0.1975,0.117,0.0813,0.0713,18,7,0,2,8,2,0,0,0,0,1.0238,0.8496,0.0,0.1273,0.3873,0.3589,0.0,0.0,0.0,0.0,26,11,18.86,17.81
4732721,2025-09-28,bra,2025,Brasileirao,25,Raphael Claus,9769,Gremio,7733,Vitoria,1,3,1,50,50,10,6,6,4,1,1,3,1,0,0,5,3,5,3,1,5,4,2,1,1,15,18,8,13,1,4,0,0,1,2,10,16,4,4,1,3,38,32,3,3,35,40,23.0,25.0,12.0,15.0,3.0,3.0,422,409,361.0,351.0,179,156,182,195,20.0,19.0,2.0,3.0,1.73,0.95,1.06,0.91,0.67,0.03,1.73,0.95,2.97,1.17,1,0,4,1,1,2,2,2,2,1,0.2351,0.0,1.174,0.3694,0.2639,0.4909,0.1219,0.0735,0.0357,0.0173,7,3,0,2,0,1,3,0,0,0,1.0622,0.8335,0.0,0.0852,0.0,0.0324,0.7684,0.0,0.0,0.0,10,6,17.41,21.1
4732721,2025-09-28,bra,2025,Brasileirao,25,Raphael Claus,7733,Vitoria,9769,Gremio,0,1,3,50,50,6,10,4,6,1,1,1,3,0,0,3,5,3,5,5,1,2,4,1,1,18,15,13,8,4,1,0,0,2,1,16,10,4,4,3,1,32,38,3,3,40,35,25.0,23.0,15.0,12.0,3.0,3.0,409,422,351.0,361.0,156,179,195,182,19.0,20.0,3.0,2.0,0.95,1.73,0.91,1.06,0.03,0.67,0.95,1.73,1.17,2.97,0,1,1,4,2,1,2,2,1,2,0.0,0.2351,0.3694,1.174,0.4909,0.2639,0.0735,0.1219,0.0173,0.0357,3,7,2,0,1,0,0,3,0,0,0.8335,1.0622,0.0852,0.0,0.0324,0.0,0.0,0.7684,0.0,0.0,6,10,21.1,17.41
4732722,2025-09-28,bra,2025,Brasileirao,25,Anderson Daronco,7877,Bahia,10283,Palmeiras,1,1,0,53,47,12,11,5,4,4,6,3,1,0,0,7,5,5,6,1,4,1,2,1,2,20,20,13,18,5,2,0,0,1,3,23,24,9,6,1,3,36,14,4,4,73,73,58.0,44.0,15.0,29.0,18.0,9.0,395,342,324.0,251.0,164,83,160,168,15.0,27.0,2.0,3.0,0.63,0.58,0.57,0.36,0.06,0.21,0.63,0.58,0.42,0.32,0,0,2,5,5,0,1,5,4,1,0.0,0.0,0.2417,0.2282,0.2872,0.0,0.0233,0.3337,0.0798,0.0151,10,5,1,1,0,1,1,4,0,0,0.4343,0.3368,0.1394,0.0259,0.0,0.0645,0.0583,0.1497,0.0,0.0,12,11,19.63,20.04
4732722,2025-09-28,bra,2025,Brasileirao,25,Anderson Daronco,10283,Palmeiras,7877,Bahia,0,0,1,47,53,11,12,4,5,6,4,1,3,0,0,5,7,6,5,4,1,2,1,2,1,20,20,18,13,2,5,0,0,3,1,24,23,6,9,3,1,14,36,4,4,73,73,44.0,58.0,29.0,15.0,9.0,18.0,342,395,251.0,324.0,83,164,168,160,27.0,15.0,3.0,2.0,0.58,0.63,0.36,0.57,0.21,0.06,0.58,0.63,0.32,0.42,0,0,5,2,0,5,5,1,1,4,0.0,0.0,0.2282,0.2417,0.0,0.2872,0.3337,0.0233,0.0151,0.0798,5,10,1,1,1,0,4,1,0,0,0.3368,0.4343,0.0259,0.1394,0.0645,0.0,0.1497,0.0583,0.0,0.0,11,12,20.04,19.63
4732718,2025-09-29,bra,2025,Brasileirao,25,Bruno Arleu de Araújo,10277,Sao Paulo,172341,Ceara,1,0,1,61,39,15,7,2,6,9,0,4,1,2,0,8,3,7,4,7,3,1,1,1,0,26,16,14,18,2,3,0,0,0,0,17,12,8,9,1,4,15,40,5,2,60,46,45.0,30.0,15.0,16.0,11.0,8.0,507,336,440.0,266.0,178,144,262,122,8.0,28.0,7.0,6.0,0.77,0.71,0.5,0.69,0.27,0.02,0.77,0.71,0.11,1.22,1,0,7,2,0,1,3,1,4,3,0.0679,0.0,0.4702,0.6128,0.0,0.0187,0.1502,0.0203,0.0812,0.0552,11,6,0,0,1,1,3,0,0,0,0.4981,0.6905,0.0,0.0,0.1209,0.0165,0.1504,0.0,0.0,0.0,15,7,18.06,20.93
4732718,2025-09-29,bra,2025,Brasileirao,25,Bruno Arleu de Araújo,172341,Ceara,10277,Sao Paulo,0,1,0,39,61,7,15,6,2,0,9,1,4,0,2,3,8,4,7,3,7,1,1,0,1,16,26,18,14,3,2,0,0,0,0,12,17,9,8,4,1,40,15,2,5,46,60,30.0,45.0,16.0,15.0,8.0,11.0,336,507,266.0,440.0,144,178,122,262,28.0,8.0,6.0,7.0,0.71,0.77,0.69,0.5,0.02,0.27,0.71,0.77,1.22,0.11,0,1,2,7,1,0,1,3,3,4,0.0,0.0679,0.6128,0.4702,0.0187,0.0,0.0203,0.1502,0.0552,0.0812,6,11,0,0,1,1,0,3,0,0,0.6905,0.4981,0.0,0.0,0.0165,0.1209,0.0,0.1504,0.0,0.0,7,15,20.93,18.06
4732838,2025-10-01,bra,2025,Brasileirao,26,,10283,Palmeiras,10276,Vasco da Gama,1,3,0,44,56,11,9,6,3,3,5,2,1,0,0,7,3,4,6,1,3,5,2,3,2,17,8,7,15,1,1,0,0,2,0,22,13,5,15,1,2,18,16,3,3,50,45,40.0,31.0,10.0,14.0,3.0,11.0,397,503,328.0,437.0,189,289,139,148,20.0,18.0,2.0,3.0,2.0,0.71,1.8,0.69,0.2,0.01,2.0,0.71,2.64,0.98,3,0,4,2,0,1,2,3,2,3,1.1007,0.0,0.7133,0.2456,0.0,0.0877,0.1293,0.3059,0.0555,0.0683,8,8,0,0,0,1,3,0,0,0,1.8023,0.6944,0.0,0.0,0.0,0.0131,0.1964,0.0,0.0,0.0,11,9,14.31,19.96
4732838,2025-10-01,bra,2025,Brasileirao,26,,10276,Vasco da Gama,10283,Palmeiras,0,0,3,56,44,9,11,3,6,5,3,1,2,0,0,3,7,6,4,3,1,2,5,2,3,8,17,15,7,1,1,0,0,0,2,13,22,15,5,2,1,16,18,3,3,45,50,31.0,40.0,14.0,10.0,11.0,3.0,503,397,437.0,328.0,289,189,148,139,18.0,20.0,3.0,2.0,0.71,2.0,0.69,1.8,0.01,0.2,0.71,2.0,0.98,2.64,0,3,2,4,1,0,3,2,3,2,0.0,1.1007,0.2456,0.7133,0.0877,0.0,0.3059,0.1293,0.0683,0.0555,8,8,0,0,1,0,0,3,0,0,0.6944,1.8023,0.0,0.0,0.0131,0.0,0.0,0.1964,0.0,0.0,9,11,19.96,14.31
4732840,2025-10-01,bra,2025,Brasileirao,26,Wilton Pereira Sampaio,163782,Mirassol,109705,Red Bull Bragantino,1,1,1,61,39,14,13,5,4,6,4,3,5,0,2,10,7,4,6,12,5,3,2,3,1,25,20,13,18,2,3,0,0,2,0,18,17,6,9,4,3,32,37,3,5,72,51,39.0,37.0,33.0,14.0,6.0,8.0,455,289,387.0,209.0,169,93,218,116,33.0,29.0,10.0,5.0,1.04,1.65,0.47,1.49,0.57,0.16,1.04,1.65,0.98,1.32,3,1,6,4,1,2,1,4,3,2,0.4846,0.9806,0.4322,0.2239,0.0491,0.304,0.0115,0.1541,0.0609,0.0428,8,6,0,2,3,2,3,3,0,0,0.4714,1.255,0.0,0.3093,0.2228,0.0724,0.344,0.0687,0.0,0.0,14,13,16.6,17.82
4732840,2025-10-01,bra,2025,Brasileirao,26,Wilton Pereira Sampaio,109705,Red Bull Bragantino,163782,Mirassol,0,1,1,39,61,13,14,4,5,4,6,5,3,2,0,7,10,6,4,5,12,2,3,1,3,20,25,18,13,3,2,0,0,0,2,17,18,9,6,3,4,37,32,5,3,51,72,37.0,39.0,14.0,33.0,8.0,6.0,289,455,209.0,387.0,93,169,116,218,29.0,33.0,5.0,10.0,1.65,1.04,1.49,0.47,0.16,0.57,1.65,1.04,1.32,0.98,1,3,4,6,2,1,4,1,2,3,0.9806,0.4846,0.2239,0.4322,0.304,0.0491,0.1541,0.0115,0.0428,0.0609,6,8,2,0,2,3,3,3,0,0,1.255,0.4714,0.3093,0.0,0.0724,0.2228,0.0687,0.344,0.0,0.0,13,14,17.82,16.6
4732841,2025-10-01,bra,2025,Brasileirao,26,Lucas Casagrande,10272,Atletico MG,10274,Juventude,1,0,0,71,29,13,6,1,2,8,2,4,2,2,0,8,2,5,4,5,1,1,0,1,0,16,8,12,16,3,4,0,0,2,2,9,15,9,9,2,4,13,25,2,1,55,43,32.0,31.0,23.0,12.0,9.0,5.0,642,258,563.0,174.0,262,111,301,63,31.0,16.0,2.0,5.0,1.21,0.21,1.14,0.21,0.07,0.0,1.21,0.21,0.22,0.15,0,0,8,2,0,0,3,3,2,1,0.0,0.0,1.0451,0.1281,0.0,0.0,0.0884,0.0766,0.0747,0.0154,10,6,1,0,0,0,2,0,0,0,0.6072,0.2201,0.5285,0.0,0.0,0.0,0.0724,0.0,0.0,0.0,13,6,17.89,24.13
4732841,2025-10-01,bra,2025,Brasileirao,26,Lucas Casagrande,10274,Juventude,10272,Atletico MG,0,0,0,29,71,6,13,2,1,2,8,2,4,0,2,2,8,4,5,1,5,0,1,0,1,8,16,16,12,4,3,0,0,2,2,15,9,9,9,4,2,25,13,1,2,43,55,31.0,32.0,12.0,23.0,5.0,9.0,258,642,174.0,563.0,111,262,63,301,16.0,31.0,5.0,2.0,0.21,1.21,0.21,1.14,0.0,0.07,0.21,1.21,0.15,0.22,0,0,2,8,0,0,3,3,1,2,0.0,0.0,0.1281,1.0451,0.0,0.0,0.0766,0.0884,0.0154,0.0747,6,10,0,1,0,0,0,2,0,0,0.2201,0.6072,0.0,0.5285,0.0,0.0,0.0,0.0724,0.0,0.0,6,13,24.13,17.89
4732842,2025-10-01,bra,2025,Brasileirao,26,Rodrigo José Pereira de Lima,8702,Internacional,9808,Corinthians,1,1,1,56,44,10,5,4,2,2,2,4,1,0,0,5,5,5,0,3,4,2,1,1,0,20,12,21,16,4,5,0,0,4,1,26,28,14,8,1,4,11,35,1,3,65,76,53.0,61.0,12.0,15.0,11.0,12.0,481,384,409.0,299.0,180,194,229,105,15.0,38.0,3.0,3.0,1.49,0.59,0.34,0.49,0.36,0.1,0.7,0.59,0.76,1.0,0,1,5,1,0,3,2,0,3,0,0.0,0.3816,1.4041,0.0969,0.0,0.0999,0.0388,0.0,0.0449,0.0,7,3,0,1,1,1,1,0,1,0,0.349,0.4254,0.0,0.056,0.047,0.0969,0.3035,0.0,0.7884,0.0,10,5,19.1,13.22
4732842,2025-10-01,bra,2025,Brasileirao,26,Rodrigo José Pereira de Lima,9808,Corinthians,8702,Internacional,0,1,1,44,56,5,10,2,4,2,2,1,4,0,0,5,5,0,5,4,3,1,2,0,1,12,20,16,21,5,4,0,0,1,4,28,26,8,14,4,1,35,11,3,1,76,65,61.0,53.0,15.0,12.0,12.0,11.0,384,481,299.0,409.0,194,180,105,229,38.0,15.0,3.0,3.0,0.59,1.49,0.49,0.34,0.1,0.36,0.59,0.7,1.0,0.76,1,0,1,5,3,0,0,2,0,3,0.3816,0.0,0.0969,1.4041,0.0999,0.0,0.0,0.0388,0.0,0.0449,3,7,1,0,1,1,0,1,0,1,0.4254,0.349,0.056,0.0,0.0969,0.047,0.0,0.3035,0.0,0.7884,5,10,13.22,19.1
4732845,2025-10-01,bra,2025,Brasileirao,26,Raphael Claus,6305,Sport Recife,9863,Fluminense,1,2,2,49,51,12,11,4,5,2,4,6,2,0,2,7,8,5,3,3,1,2,2,0,0,18,19,15,13,3,1,0,0,3,2,15,20,16,6,2,6,12,30,3,2,51,48,39.0,42.0,12.0,6.0,11.0,7.0,384,418,318.0,344.0,157,225,161,119,22.0,19.0,4.0,0.0,1.13,1.99,0.82,1.12,0.32,0.08,1.13,1.21,1.94,2.14,2,1,2,3,3,4,1,3,4,0,0.3825,0.7364,0.2044,0.9684,0.3662,0.1576,0.0881,0.1056,0.0921,0.0,9,7,1,2,1,1,1,0,0,1,0.7012,1.0209,0.1148,0.0902,0.0343,0.0685,0.283,0.0,0.0,0.7884,12,11,17.37,17.8
4732845,2025-10-01,bra,2025,Brasileirao,26,Raphael Claus,9863,Fluminense,6305,Sport Recife,0,2,2,51,49,11,12,5,4,4,2,2,6,2,0,8,7,3,5,1,3,2,2,0,0,19,18,13,15,1,3,0,0,2,3,20,15,6,16,6,2,30,12,2,3,48,51,42.0,39.0,6.0,12.0,7.0,11.0,418,384,344.0,318.0,225,157,119,161,19.0,22.0,0.0,4.0,1.99,1.13,1.12,0.82,0.08,0.32,1.21,1.13,2.14,1.94,1,2,3,2,4,3,3,1,0,4,0.7364,0.3825,0.9684,0.2044,0.1576,0.3662,0.1056,0.0881,0.0,0.0921,7,9,2,1,1,1,0,1,1,0,1.0209,0.7012,0.0902,0.1148,0.0685,0.0343,0.0,0.283,0.7884,0.0,11,12,17.8,17.37
4732836,2025-10-02,bra,2025,Brasileirao,26,Ramon Abatti,9770,Flamengo,9781,Cruzeiro,1,0,0,62,38,15,11,2,5,5,2,8,4,0,0,9,6,6,5,4,2,2,1,2,1,30,11,16,19,3,5,0,1,1,1,16,14,7,8,4,8,26,32,5,2,54,39,37.0,34.0,17.0,5.0,4.0,4.0,537,336,470.0,261.0,195,142,275,119,27.0,28.0,10.0,0.0,0.98,1.02,0.85,0.99,0.13,0.03,0.98,1.02,0.32,1.64,0,0,9,4,0,2,5,4,1,1,0.0,0.0,0.704,0.8595,0.0,0.1152,0.2522,0.1301,0.021,0.0128,13,10,0,0,1,1,1,0,0,0,0.8503,1.1048,0.0,0.0,0.0323,0.0128,0.0947,0.0,0.0,0.0,15,11,16.18,19.29
4732836,2025-10-02,bra,2025,Brasileirao,26,Ramon Abatti,9781,Cruzeiro,9770,Flamengo,0,0,0,38,62,11,15,5,2,2,5,4,8,0,0,6,9,5,6,2,4,1,2,1,2,11,30,19,16,5,3,1,0,1,1,14,16,8,7,8,4,32,26,2,5,39,54,34.0,37.0,5.0,17.0,4.0,4.0,336,537,261.0,470.0,142,195,119,275,28.0,27.0,0.0,10.0,1.02,0.98,0.99,0.85,0.03,0.13,1.02,0.98,1.64,0.32,0,0,4,9,2,0,4,5,1,1,0.0,0.0,0.8595,0.704,0.1152,0.0,0.1301,0.2522,0.0128,0.021,10,13,0,0,1,1,0,1,0,0,1.1048,0.8503,0.0,0.0,0.0128,0.0323,0.0,0.0947,0.0,0.0,11,15,19.29,16.18
4732837,2025-10-02,bra,2025,Brasileirao,26,Felipe Fernandes de Lima,8517,Botafogo RJ,7877,Bahia,1,2,1,51,49,15,10,7,2,5,5,3,3,0,1,8,3,7,7,6,4,1,0,0,0,22,5,19,10,4,4,0,1,2,0,13,7,10,9,3,3,16,29,1,6,39,44,28.0,32.0,11.0,12.0,6.0,7.0,418,407,353.0,338.0,149,202,204,136,25.0,21.0,6.0,2.0,1.47,0.29,1.13,0.12,0.34,0.17,1.47,0.29,2.07,0.14,0,0,7,2,1,1,6,4,1,3,0.0,0.0,0.9905,0.096,0.0618,0.0638,0.3933,0.0667,0.0223,0.1,11,4,0,0,1,1,3,5,0,0,1.129,0.1404,0.0,0.0,0.0165,0.0148,0.3224,0.1713,0.0,0.0,15,10,17.59,23.81
4732837,2025-10-02,bra,2025,Brasileirao,26,Felipe Fernandes de Lima,7877,Bahia,8517,Botafogo RJ,0,1,2,49,51,10,15,2,7,5,5,3,3,1,0,3,8,7,7,4,6,0,1,0,0,5,22,10,19,4,4,1,0,0,2,7,13,9,10,3,3,29,16,6,1,44,39,32.0,28.0,12.0,11.0,7.0,6.0,407,418,338.0,353.0,202,149,136,204,21.0,25.0,2.0,6.0,0.29,1.47,0.12,1.13,0.17,0.34,0.29,1.47,0.14,2.07,0,0,2,7,1,1,4,6,3,1,0.0,0.0,0.096,0.9905,0.0638,0.0618,0.0667,0.3933,0.1,0.0223,4,11,0,0,1,1,5,3,0,0,0.1404,1.129,0.0,0.0,0.0148,0.0165,0.1713,0.3224,0.0,0.0,10,15,23.81,17.59
4732839,2025-10-02,bra,2025,Brasileirao,26,Paulo Cesar Zanovelli da Silva,8514,Santos FC,9769,Gremio,1,1,1,64,36,24,4,7,1,13,1,4,2,2,0,15,3,9,1,10,0,5,1,4,0,37,4,20,18,3,3,0,0,1,1,17,20,3,13,2,4,10,32,0,6,44,63,37.0,47.0,7.0,16.0,5.0,8.0,503,295,439.0,230.0,158,136,281,94,16.0,27.0,10.0,1.0,2.55,0.67,1.44,0.61,1.11,0.06,2.55,0.67,2.32,0.97,1,0,12,3,2,0,4,1,5,0,0.6137,0.0,1.8257,0.6853,0.0668,0.0,0.1175,0.0152,0.1028,0.0,14,3,0,0,6,0,4,1,0,0,1.5357,0.6252,0.0,0.0,0.8467,0.0,0.3441,0.0753,0.0,0.0,24,4,16.85,15.62
4732839,2025-10-02,bra,2025,Brasileirao,26,Paulo Cesar Zanovelli da Silva,9769,Gremio,8514,Santos FC,0,1,1,36,64,4,24,1,7,1,13,2,4,0,2,3,15,1,9,0,10,1,5,0,4,4,37,18,20,3,3,0,0,1,1,20,17,13,3,4,2,32,10,6,0,63,44,47.0,37.0,16.0,7.0,8.0,5.0,295,503,230.0,439.0,136,158,94,281,27.0,16.0,1.0,10.0,0.67,2.55,0.61,1.44,0.06,1.11,0.67,2.55,0.97,2.32,0,1,3,12,0,2,1,4,0,5,0.0,0.6137,0.6853,1.8257,0.0,0.0668,0.0152,0.1175,0.0,0.1028,3,14,0,0,0,6,1,4,0,0,0.6252,1.5357,0.0,0.0,0.0,0.8467,0.0753,0.3441,0.0,0.0,4,24,15.62,16.85
4732843,2025-10-02,bra,2025,Brasileirao,26,Matheus Delgado Candançan,7733,Vitoria,172341,Ceara,1,1,0,37,63,9,13,3,3,4,9,2,1,0,1,8,8,1,5,6,3,2,1,1,1,14,23,14,15,4,1,0,0,3,2,17,11,3,7,1,2,39,25,3,1,59,53,37.0,32.0,22.0,21.0,5.0,8.0,277,479,219.0,409.0,102,183,117,226,23.0,36.0,5.0,4.0,2.12,0.52,0.05,0.32,2.06,0.21,2.12,0.52,1.09,0.7,4,0,3,7,1,1,1,2,0,3,1.9702,0.0,0.0982,0.386,0.034,0.029,0.0166,0.0534,0.0,0.0527,1,9,0,1,4,1,4,2,0,0,0.0546,0.3968,0.0,0.0143,1.3044,0.0206,0.7601,0.0893,0.0,0.0,9,13,10.14,20.71
4732843,2025-10-02,bra,2025,Brasileirao,26,Matheus Delgado Candançan,172341,Ceara,7733,Vitoria,0,0,1,63,37,13,9,3,3,9,4,1,2,1,0,8,8,5,1,3,6,1,2,1,1,23,14,15,14,1,4,0,0,2,3,11,17,7,3,2,1,25,39,1,3,53,59,32.0,37.0,21.0,22.0,8.0,5.0,479,277,409.0,219.0,183,102,226,117,36.0,23.0,4.0,5.0,0.52,2.12,0.32,0.05,0.21,2.06,0.52,2.12,0.7,1.09,0,4,7,3,1,1,2,1,3,0,0.0,1.9702,0.386,0.0982,0.029,0.034,0.0534,0.0166,0.0527,0.0,9,1,1,0,1,4,2,4,0,0,0.3968,0.0546,0.0143,0.0,0.0206,1.3044,0.0893,0.7601,0.0,0.0,13,9,20.71,10.14
4732844,2025-10-02,bra,2025,Brasileirao,26,Anderson Daronco,8287,Fortaleza,10277,Sao Paulo,1,0,2,75,25,24,8,5,3,9,4,10,1,0,0,13,6,11,2,8,6,0,2,0,0,37,15,12,9,3,0,0,1,0,0,13,6,9,11,1,9,10,50,1,5,47,38,25.0,24.0,22.0,14.0,3.0,6.0,633,218,556.0,141.0,173,81,383,60,23.0,15.0,7.0,3.0,1.0,1.43,0.56,1.31,0.44,0.12,1.0,1.43,0.23,1.6,0,1,9,5,4,0,7,2,4,0,0.0,0.9836,0.5031,0.431,0.225,0.0,0.192,0.0405,0.0814,0.0,15,4,0,1,6,2,3,1,0,0,0.5628,0.3577,0.0,0.9836,0.3008,0.1057,0.1379,0.0079,0.0,0.0,24,8,20.25,14.11
4732844,2025-10-02,bra,2025,Brasileirao,26,Anderson Daronco,10277,Sao Paulo,8287,Fortaleza,0,2,0,25,75,8,24,3,5,4,9,1,10,0,0,6,13,2,11,6,8,2,0,0,0,15,37,9,12,0,3,1,0,0,0,6,13,11,9,9,1,50,10,5,1,38,47,24.0,25.0,14.0,22.0,6.0,3.0,218,633,141.0,556.0,81,173,60,383,15.0,23.0,3.0,7.0,1.43,1.0,1.31,0.56,0.12,0.44,1.43,1.0,1.6,0.23,1,0,5,9,0,4,2,7,0,4,0.9836,0.0,0.431,0.5031,0.0,0.225,0.0405,0.192,0.0,0.0814,4,15,1,0,2,6,1,3,0,0,0.3577,0.5628,0.9836,0.0,0.1057,0.3008,0.0079,0.1379,0.0,0.0,8,24,14.11,20.25
4732725,2025-10-04,bra,2025,Brasileirao,27,Davi de Oliveira Lacerda,9863,Fluminense,10272,Atletico MG,1,3,0,44,56,14,5,10,1,2,0,2,4,0,0,8,0,6,5,4,2,4,0,1,0,18,8,12,14,2,4,0,0,3,2,13,16,8,7,2,2,21,16,1,7,45,37,32.0,31.0,13.0,6.0,6.0,4.0,447,579,398.0,527.0,203,267,195,260,30.0,25.0,3.0,1.0,1.68,0.13,1.66,0.04,0.03,0.09,1.68,0.13,3.52,0.04,1,0,5,0,2,0,2,4,4,1,0.3461,0.0,0.9579,0.0,0.1821,0.0,0.1182,0.0807,0.0879,0.0486,9,2,4,0,1,0,0,3,0,0,0.8272,0.036,0.8366,0.0,0.0283,0.0,0.0,0.0933,0.0,0.0,14,5,19.07,26.79
4732725,2025-10-04,bra,2025,Brasileirao,27,Davi de Oliveira Lacerda,10272,Atletico MG,9863,Fluminense,0,0,3,56,44,5,14,1,10,0,2,4,2,0,0,0,8,5,6,2,4,0,4,0,1,8,18,14,12,4,2,0,0,2,3,16,13,7,8,2,2,16,21,7,1,37,45,31.0,32.0,6.0,13.0,4.0,6.0,579,447,527.0,398.0,267,203,260,195,25.0,30.0,1.0,3.0,0.13,1.68,0.04,1.66,0.09,0.03,0.13,1.68,0.04,3.52,0,1,0,5,0,2,4,2,1,4,0.0,0.3461,0.0,0.9579,0.0,0.1821,0.0807,0.1182,0.0486,0.0879,2,9,0,4,0,1,3,0,0,0,0.036,0.8272,0.0,0.8366,0.0,0.0283,0.0933,0.0,0.0,0.0,5,14,26.79,19.07
4732729,2025-10-04,bra,2025,Brasileirao,27,Lucas Casagrande,109705,Red Bull Bragantino,9769,Gremio,1,1,0,58,42,28,5,7,1,12,3,9,1,0,0,19,3,9,2,6,2,3,0,2,0,43,6,18,7,3,4,0,1,0,1,13,15,3,5,1,8,12,40,2,6,42,40,30.0,34.0,12.0,6.0,11.0,2.0,513,385,457.0,308.0,122,213,335,95,31.0,17.0,14.0,2.0,3.08,0.31,2.15,0.24,0.14,0.07,2.29,0.31,1.99,0.08,1,0,14,3,4,0,4,1,5,1,0.4936,0.0,2.2502,0.2203,0.1156,0.0,0.1035,0.0538,0.1127,0.0342,23,3,0,0,4,1,0,1,1,0,2.1465,0.2353,0.0,0.0,0.1407,0.0263,0.0,0.0467,0.7884,0.0,28,5,16.92,16.17
4732729,2025-10-04,bra,2025,Brasileirao,27,Lucas Casagrande,9769,Gremio,109705,Red Bull Bragantino,0,0,1,42,58,5,28,1,7,3,12,1,9,0,0,3,19,2,9,2,6,0,3,0,2,6,43,7,18,4,3,1,0,1,0,15,13,5,3,8,1,40,12,6,2,40,42,34.0,30.0,6.0,12.0,2.0,11.0,385,513,308.0,457.0,213,122,95,335,17.0,31.0,2.0,14.0,0.31,3.08,0.24,2.15,0.07,0.14,0.31,2.29,0.08,1.99,0,1,3,14,0,4,1,4,1,5,0.0,0.4936,0.2203,2.2502,0.0,0.1156,0.0538,0.1035,0.0342,0.1127,3,23,0,0,1,4,1,0,0,1,0.2353,2.1465,0.0,0.0,0.0263,0.1407,0.0467,0.0,0.0,0.7884,5,28,16.17,16.92
4732731,2025-10-04,bra,2025,Brasileirao,27,Flavio Rodrigues De Souza,8702,Internacional,8517,Botafogo RJ,1,2,0,41,59,15,14,7,3,7,5,1,6,2,0,11,9,4,5,6,4,3,1,1,1,18,17,15,11,2,2,0,0,0,0,20,11,9,5,6,1,43,28,3,5,45,64,32.0,39.0,13.0,25.0,2.0,13.0,332,486,252.0,389.0,120,218,132,171,18.0,20.0,4.0,6.0,1.62,0.93,1.17,0.57,0.45,0.36,1.62,0.93,0.86,0.24,2,1,2,4,7,3,3,3,1,2,0.2889,0.149,0.6605,0.321,0.4983,0.3355,0.1011,0.0749,0.0688,0.0487,8,7,3,0,3,3,1,3,0,0,0.8702,0.5675,0.2959,0.0,0.3577,0.297,0.0937,0.0647,0.0,0.0,15,13,16.85,18.1
4732731,2025-10-04,bra,2025,Brasileirao,27,Flavio Rodrigues De Souza,8517,Botafogo RJ,8702,Internacional,0,0,2,59,41,14,15,3,7,5,7,6,1,0,2,9,11,5,4,4,6,1,3,1,1,17,18,11,15,2,2,0,0,0,0,11,20,5,9,1,6,28,43,5,3,64,45,39.0,32.0,25.0,13.0,13.0,2.0,486,332,389.0,252.0,218,120,171,132,20.0,18.0,6.0,4.0,0.93,1.62,0.57,1.17,0.36,0.45,0.93,1.62,0.24,0.86,1,2,4,2,3,7,3,3,2,1,0.149,0.2889,0.321,0.6605,0.3355,0.4983,0.0749,0.1011,0.0487,0.0688,7,8,0,3,3,3,3,1,0,0,0.5675,0.8702,0.0,0.2959,0.297,0.3577,0.0647,0.0937,0.0,0.0,13,15,18.1,16.85
4732726,2025-10-05,bra,2025,Brasileirao,27,,10276,Vasco da Gama,7733,Vitoria,1,4,3,74,26,13,7,7,3,6,2,0,2,0,0,11,4,2,3,5,0,6,3,2,0,26,6,11,14,1,1,0,2,1,2,7,15,8,5,2,0,22,44,0,3,34,40,19.0,28.0,15.0,12.0,1.0,3.0,558,201,498.0,140.0,211,72,287,68,18.0,13.0,8.0,3.0,3.18,1.34,2.31,0.52,0.08,0.82,2.39,1.34,2.96,1.97,4,1,5,3,2,0,2,2,0,1,1.6165,0.4694,1.3021,0.7362,0.2084,0.0,0.0514,0.111,0.0,0.0203,10,4,0,0,0,0,2,3,1,0,2.3055,0.5207,0.0,0.0,0.0,0.0,0.0845,0.8163,0.7884,0.0,13,7,13.23,15.47
4732726,2025-10-05,bra,2025,Brasileirao,27,,7733,Vitoria,10276,Vasco da Gama,0,3,4,26,74,7,13,3,7,2,6,2,0,0,0,4,11,3,2,0,5,3,6,0,2,6,26,14,11,1,1,2,0,2,1,15,7,5,8,0,2,44,22,3,0,40,34,28.0,19.0,12.0,15.0,3.0,1.0,201,558,140.0,498.0,72,211,68,287,13.0,18.0,3.0,8.0,1.34,3.18,0.52,2.31,0.82,0.08,1.34,2.39,1.97,2.96,1,4,3,5,0,2,2,2,1,0,0.4694,1.6165,0.7362,1.3021,0.0,0.2084,0.111,0.0514,0.0203,0.0,4,10,0,0,0,0,3,2,0,1,0.5207,2.3055,0.0,0.0,0.0,0.0,0.8163,0.0845,0.0,0.7884,7,13,15.47,13.23
4732727,2025-10-05,bra,2025,Brasileirao,27,Felipe Fernandes de Lima,9808,Corinthians,163782,Mirassol,1,3,0,36,64,10,20,3,0,2,8,5,12,0,0,7,12,3,8,2,6,3,1,0,1,16,26,19,14,3,3,0,0,0,1,16,13,9,11,12,4,33,8,0,0,39,52,29.0,38.0,10.0,14.0,1.0,8.0,257,445,183.0,376.0,125,173,58,203,20.0,12.0,4.0,9.0,2.14,1.6,1.25,0.8,0.11,0.79,1.36,1.6,2.59,0.0,0,1,4,7,3,4,3,3,0,5,0.0,0.5367,1.7306,0.6005,0.1474,0.1559,0.2655,0.1494,0.0,0.1532,5,13,3,1,0,2,1,4,1,0,0.7399,0.7763,0.5074,0.0253,0.0,0.1151,0.1078,0.6789,0.7884,0.0,10,20,16.18,17.34
4732727,2025-10-05,bra,2025,Brasileirao,27,Felipe Fernandes de Lima,163782,Mirassol,9808,Corinthians,0,0,3,64,36,20,10,0,3,8,2,12,5,0,0,12,7,8,3,6,2,1,3,1,0,26,16,14,19,3,3,0,0,1,0,13,16,11,9,4,12,8,33,0,0,52,39,38.0,29.0,14.0,10.0,8.0,1.0,445,257,376.0,183.0,173,125,203,58,12.0,20.0,9.0,4.0,1.6,2.14,0.8,1.25,0.79,0.11,1.6,1.36,0.0,2.59,1,0,7,4,4,3,3,3,5,0,0.5367,0.0,0.6005,1.7306,0.1559,0.1474,0.1494,0.2655,0.1532,0.0,13,5,1,3,2,0,4,1,0,1,0.7763,0.7399,0.0253,0.5074,0.1151,0.0,0.6789,0.1078,0.0,0.7884,20,10,17.34,16.18
4732728,2025-10-05,bra,2025,Brasileirao,27,Ramon Abatti,10277,Sao Paulo,10283,Palmeiras,1,2,3,51,49,12,14,5,7,6,4,1,3,0,0,8,7,4,7,4,7,2,4,0,2,20,21,12,12,3,6,0,0,1,0,27,14,3,7,4,1,37,23,3,3,61,45,44.0,33.0,17.0,12.0,6.0,7.0,305,282,235.0,216.0,94,102,141,114,16.0,16.0,6.0,4.0,1.86,1.22,1.22,0.81,0.64,0.41,1.86,1.22,2.09,2.38,1,3,5,2,2,2,3,4,1,3,0.4996,0.9037,1.1253,0.1268,0.1055,0.0696,0.1931,0.0699,0.0352,0.0531,6,9,1,0,2,3,3,2,0,0,1.2156,0.8141,0.0944,0.0,0.5148,0.3464,0.134,0.0626,0.0,0.0,12,14,16.15,19.55
4732728,2025-10-05,bra,2025,Brasileirao,27,Ramon Abatti,10283,Palmeiras,10277,Sao Paulo,0,3,2,49,51,14,12,7,5,4,6,3,1,0,0,7,8,7,4,7,4,4,2,2,0,21,20,12,12,6,3,0,0,0,1,14,27,7,3,1,4,23,37,3,3,45,61,33.0,44.0,12.0,17.0,7.0,6.0,282,305,216.0,235.0,102,94,114,141,16.0,16.0,4.0,6.0,1.22,1.86,0.81,1.22,0.41,0.64,1.22,1.86,2.38,2.09,3,1,2,5,2,2,4,3,3,1,0.9037,0.4996,0.1268,1.1253,0.0696,0.1055,0.0699,0.1931,0.0531,0.0352,9,6,0,1,3,2,2,3,0,0,0.8141,1.2156,0.0,0.0944,0.3464,0.5148,0.0626,0.134,0.0,0.0,14,12,19.55,16.15
4732730,2025-10-05,bra,2025,Brasileirao,27,,9781,Cruzeiro,6305,Sport Recife,1,1,1,61,39,28,17,7,5,12,7,9,5,1,1,14,12,14,5,10,3,2,3,2,2,35,22,11,15,1,2,0,0,5,1,13,18,10,6,5,9,15,43,4,6,51,45,40.0,34.0,11.0,11.0,14.0,7.0,503,323,445.0,263.0,165,126,280,137,19.0,20.0,9.0,4.0,1.61,1.97,1.08,1.63,0.53,0.34,1.61,1.97,1.28,1.15,1,1,8,7,5,4,8,3,6,2,0.1811,0.3703,0.6954,0.4533,0.169,0.973,0.326,0.1109,0.2404,0.0596,19,10,2,4,5,1,2,2,0,0,0.946,0.6496,0.134,0.9959,0.4536,0.0291,0.0783,0.2925,0.0,0.0,28,17,18.05,17.85
4732730,2025-10-05,bra,2025,Brasileirao,27,,6305,Sport Recife,9781,Cruzeiro,0,1,1,39,61,17,28,5,7,7,12,5,9,1,1,12,14,5,14,3,10,3,2,2,2,22,35,15,11,2,1,0,0,1,5,18,13,6,10,9,5,43,15,6,4,45,51,34.0,40.0,11.0,11.0,7.0,14.0,323,503,263.0,445.0,126,165,137,280,20.0,19.0,4.0,9.0,1.97,1.61,1.63,1.08,0.34,0.53,1.97,1.61,1.15,1.28,1,1,7,8,4,5,3,8,2,6,0.3703,0.1811,0.4533,0.6954,0.973,0.169,0.1109,0.326,0.0596,0.2404,10,19,4,2,1,5,2,2,0,0,0.6496,0.946,0.9959,0.134,0.0291,0.4536,0.2925,0.0783,0.0,0.0,17,28,17.85,18.05
4732732,2025-10-05,bra,2025,Brasileirao,27,Jose de Lima,7877,Bahia,9770,Flamengo,1,1,0,52,48,11,8,3,3,3,2,5,3,0,0,4,4,7,4,3,1,1,2,1,2,12,18,22,14,3,2,0,2,1,0,19,24,7,10,3,5,16,23,3,2,50,55,43.0,51.0,7.0,4.0,10.0,7.0,482,454,424.0,404.0,190,212,234,192,33.0,30.0,1.0,0.0,0.6,0.72,0.6,0.26,0.0,0.46,0.6,0.72,0.7,0.68,0,0,2,2,2,2,4,1,3,3,0.0,0.0,0.2529,0.5639,0.1046,0.0412,0.1816,0.0579,0.0569,0.056,8,6,3,0,0,0,0,2,0,0,0.3327,0.2552,0.2634,0.0,0.0,0.0,0.0,0.4638,0.0,0.0,11,8,22.79,19.99
4732732,2025-10-05,bra,2025,Brasileirao,27,Jose de Lima,9770,Flamengo,7877,Bahia,0,0,1,48,52,8,11,3,3,2,3,3,5,0,0,4,4,4,7,1,3,2,1,2,1,18,12,14,22,2,3,2,0,0,1,24,19,10,7,5,3,23,16,2,3,55,50,51.0,43.0,4.0,7.0,7.0,10.0,454,482,404.0,424.0,212,190,192,234,30.0,33.0,0.0,1.0,0.72,0.6,0.26,0.6,0.46,0.0,0.72,0.6,0.68,0.7,0,0,2,2,2,2,1,4,3,3,0.0,0.0,0.5639,0.2529,0.0412,0.1046,0.0579,0.1816,0.056,0.0569,6,8,0,3,0,0,2,0,0,0,0.2552,0.3327,0.0,0.2634,0.0,0.0,0.4638,0.0,0.0,0.0,8,11,19.99,22.79
4732733,2025-10-05,bra,2025,Brasileirao,27,,172341,Ceara,8514,Santos FC,1,3,0,41,59,11,17,5,5,4,9,2,3,2,2,8,11,3,6,2,7,3,3,1,3,18,22,16,16,1,3,0,0,3,1,17,20,6,9,2,2,47,35,5,2,46,61,36.0,42.0,10.0,19.0,5.0,6.0,321,439,247.0,380.0,135,131,112,249,28.0,16.0,2.0,8.0,1.86,1.57,1.3,0.82,0.56,0.75,1.86,1.57,2.84,1.23,1,1,6,8,1,2,3,5,0,1,0.9287,0.5439,0.9985,0.6852,0.076,0.0677,0.1208,0.2903,0.0,0.0154,9,7,0,3,0,3,2,4,0,0,2.0009,0.4449,0.0,0.4079,0.0,0.6032,0.123,0.1465,0.0,0.0,11,17,14.01,17.13
4732733,2025-10-05,bra,2025,Brasileirao,27,,8514,Santos FC,172341,Ceara,0,0,3,59,41,17,11,5,5,9,4,3,2,2,2,11,8,6,3,7,2,3,3,3,1,22,18,16,16,3,1,0,0,1,3,20,17,9,6,2,2,35,47,2,5,61,46,42.0,36.0,19.0,10.0,6.0,5.0,439,321,380.0,247.0,131,135,249,112,16.0,28.0,8.0,2.0,1.57,1.86,0.82,1.3,0.75,0.56,1.57,1.86,1.23,2.84,1,1,8,6,2,1,5,3,1,0,0.5439,0.9287,0.6852,0.9985,0.0677,0.076,0.2903,0.1208,0.0154,0.0,7,9,3,0,3,0,4,2,0,0,0.4449,2.0009,0.4079,0.0,0.6032,0.0,0.1465,0.123,0.0,0.0,17,11,17.13,14.01
4732734,2025-10-05,bra,2025,Brasileirao,27,,10274,Juventude,8287,Fortaleza,1,1,2,48,52,16,8,7,3,4,4,5,1,0,0,12,7,4,1,8,1,3,2,2,1,24,13,14,15,0,3,1,0,3,2,15,17,5,5,1,5,18,16,1,6,52,46,38.0,35.0,14.0,11.0,8.0,4.0,352,384,285.0,312.0,167,166,118,146,19.0,30.0,10.0,3.0,1.8,1.86,0.54,1.84,0.46,0.01,1.01,1.86,1.74,1.87,0,1,10,3,2,3,2,1,2,0,0.0,0.9313,1.605,0.7116,0.0663,0.1381,0.0825,0.013,0.0426,0.0,8,6,0,1,3,0,4,1,1,0,0.5443,1.6577,0.0,0.1233,0.216,0.0,0.2477,0.013,0.7884,0.0,16,8,14.39,16.15
4732734,2025-10-05,bra,2025,Brasileirao,27,,8287,Fortaleza,10274,Juventude,0,2,1,52,48,8,16,3,7,4,4,1,5,0,0,7,12,1,4,1,8,2,3,1,2,13,24,15,14,3,0,0,1,2,3,17,15,5,5,5,1,16,18,6,1,46,52,35.0,38.0,11.0,14.0,4.0,8.0,384,352,312.0,285.0,166,167,146,118,30.0,19.0,3.0,10.0,1.86,1.8,1.84,0.54,0.01,0.46,1.86,1.01,1.87,1.74,1,0,3,10,3,2,1,2,0,2,0.9313,0.0,0.7116,1.605,0.1381,0.0663,0.013,0.0825,0.0,0.0426,6,8,1,0,0,3,1,4,0,1,1.6577,0.5443,0.1233,0.0,0.0,0.216,0.013,0.2477,0.0,0.7884,8,16,16.15,14.39
4732610,2025-10-08,bra,2025,Brasileirao,14,,10272,Atletico MG,6305,Sport Recife,1,3,1,46,54,15,19,5,2,3,8,7,9,0,0,10,13,5,6,5,9,4,4,1,3,30,31,13,8,4,2,0,0,2,1,19,17,10,12,8,6,26,19,1,2,37,46,33.0,33.0,4.0,13.0,6.0,5.0,419,482,361.0,439.0,196,129,165,310,29.0,14.0,5.0,9.0,1.86,2.61,1.62,1.34,0.24,0.48,1.86,1.82,2.54,0.9,0,2,8,8,2,3,4,4,1,2,0.0,1.0599,1.5778,1.2933,0.0518,0.1065,0.2082,0.1051,0.0199,0.0462,11,10,1,2,1,3,2,3,0,1,0.9018,0.4158,0.714,0.9259,0.1595,0.1375,0.0824,0.3434,0.0,0.7884,15,19,16.57,15.75
4732610,2025-10-08,bra,2025,Brasileirao,14,,6305,Sport Recife,10272,Atletico MG,0,1,3,54,46,19,15,2,5,8,3,9,7,0,0,13,10,6,5,9,5,4,4,3,1,31,30,8,13,2,4,0,0,1,2,17,19,12,10,6,8,19,26,2,1,46,37,33.0,33.0,13.0,4.0,5.0,6.0,482,419,439.0,361.0,129,196,310,165,14.0,29.0,9.0,5.0,2.61,1.86,1.34,1.62,0.48,0.24,1.82,1.86,0.9,2.54,2,0,8,8,3,2,4,4,2,1,1.0599,0.0,1.2933,1.5778,0.1065,0.0518,0.1051,0.2082,0.0462,0.0199,10,11,2,1,3,1,3,2,1,0,0.4158,0.9018,0.9259,0.714,0.1375,0.1595,0.3434,0.0824,0.7884,0.0,19,15,15.75,16.57
4732599,2025-10-09,bra,2025,Brasileirao,13,,163782,Mirassol,9863,Fluminense,1,2,1,44,56,11,12,6,3,3,7,2,2,0,0,7,9,4,3,5,5,1,2,0,2,16,18,13,13,3,4,0,0,3,0,13,17,12,3,2,2,15,28,2,4,44,44,34.0,36.0,10.0,8.0,9.0,8.0,320,418,253.0,342.0,139,206,114,136,19.0,19.0,5.0,5.0,1.23,0.88,0.97,0.59,0.26,0.29,1.23,0.88,1.5,0.46,0,1,5,5,2,3,2,3,2,0,0.0,0.228,0.9583,0.3745,0.1358,0.1869,0.0288,0.0874,0.0804,0.0,7,6,1,2,0,3,3,1,0,0,0.8567,0.4373,0.0864,0.1493,0.0,0.2705,0.2602,0.0197,0.0,0.0,11,12,18.21,15.59
4732599,2025-10-09,bra,2025,Brasileirao,13,,9863,Fluminense,163782,Mirassol,0,1,2,56,44,12,11,3,6,7,3,2,2,0,0,9,7,3,4,5,5,2,1,2,0,18,16,13,13,4,3,0,0,0,3,17,13,3,12,2,2,28,15,4,2,44,44,36.0,34.0,8.0,10.0,8.0,9.0,418,320,342.0,253.0,206,139,136,114,19.0,19.0,5.0,5.0,0.88,1.23,0.59,0.97,0.29,0.26,0.88,1.23,0.46,1.5,1,0,5,5,3,2,3,2,0,2,0.228,0.0,0.3745,0.9583,0.1869,0.1358,0.0874,0.0288,0.0,0.0804,6,7,2,1,3,0,1,3,0,0,0.4373,0.8567,0.1493,0.0864,0.2705,0.0,0.0197,0.2602,0.0,0.0,12,11,15.59,18.21
4732587,2025-10-11,bra,2025,Brasileirao,12,,10283,Palmeiras,10274,Juventude,1,4,1,66,34,19,8,10,1,6,6,3,1,0,0,11,4,8,4,6,0,5,1,2,0,29,5,9,15,1,2,0,0,1,0,17,21,4,8,1,3,8,42,0,6,56,54,40.0,38.0,16.0,16.0,9.0,8.0,557,276,474.0,209.0,215,132,259,77,30.0,13.0,4.0,4.0,1.7,0.44,1.57,0.21,0.13,0.22,1.7,0.44,3.41,0.14,2,0,6,4,3,0,4,2,4,2,0.7069,0.0,0.5986,0.3599,0.1255,0.0,0.143,0.0387,0.1271,0.0373,15,5,1,1,2,0,1,2,0,0,1.1607,0.1944,0.4056,0.0169,0.0911,0.0,0.0437,0.2246,0.0,0.0,19,8,17.53,17.39
4732587,2025-10-11,bra,2025,Brasileirao,12,,10274,Juventude,10283,Palmeiras,0,1,4,34,66,8,19,1,10,6,6,1,3,0,0,4,11,4,8,0,6,1,5,0,2,5,29,15,9,2,1,0,0,0,1,21,17,8,4,3,1,42,8,6,0,54,56,38.0,40.0,16.0,16.0,8.0,9.0,276,557,209.0,474.0,132,215,77,259,13.0,30.0,4.0,4.0,0.44,1.7,0.21,1.57,0.22,0.13,0.44,1.7,0.14,3.41,0,2,4,6,0,3,2,4,2,4,0.0,0.7069,0.3599,0.5986,0.0,0.1255,0.0387,0.143,0.0373,0.1271,5,15,1,1,0,2,2,1,0,0,0.1944,1.1607,0.0169,0.4056,0.0,0.0911,0.2246,0.0437,0.0,0.0,8,19,17.39,17.53
4732736,2025-10-15,bra,2025,Brasileirao,28,,8517,Botafogo RJ,9770,Flamengo,1,0,3,40,60,16,11,5,5,9,5,2,1,0,0,8,6,8,5,3,2,1,4,1,2,14,12,21,17,5,5,0,0,0,0,14,11,7,7,2,2,25,13,1,5,46,41,31.0,33.0,15.0,8.0,2.0,4.0,361,539,305.0,485.0,186,223,119,262,25.0,19.0,5.0,5.0,1.26,0.96,0.78,0.88,0.47,0.09,1.26,0.96,0.77,1.82,2,0,4,6,2,0,5,4,3,1,0.4651,0.0,0.3928,1.0562,0.0598,0.0,0.1911,0.1573,0.1485,0.0124,9,10,2,0,2,0,3,1,0,0,0.531,1.1395,0.2535,0.0,0.0487,0.0,0.4242,0.0865,0.0,0.0,16,11,18.35,16.71
4732736,2025-10-15,bra,2025,Brasileirao,28,,9770,Flamengo,8517,Botafogo RJ,0,3,0,60,40,11,16,5,5,5,9,1,2,0,0,6,8,5,8,2,3,4,1,2,1,12,14,17,21,5,5,0,0,0,0,11,14,7,7,2,2,13,25,5,1,41,46,33.0,31.0,8.0,15.0,4.0,2.0,539,361,485.0,305.0,223,186,262,119,19.0,25.0,5.0,5.0,0.96,1.26,0.88,0.78,0.09,0.47,0.96,1.26,1.82,0.77,0,2,6,4,0,2,4,5,1,3,0.0,0.4651,1.0562,0.3928,0.0,0.0598,0.1573,0.1911,0.0124,0.1485,10,9,0,2,0,2,1,3,0,0,1.1395,0.531,0.0,0.2535,0.0,0.0487,0.0865,0.4242,0.0,0.0,11,16,16.71,18.35
4732737,2025-10-15,bra,2025,Brasileirao,28,,10283,Palmeiras,109705,Red Bull Bragantino,1,5,1,62,38,26,6,12,2,6,3,8,1,0,0,19,4,7,2,8,3,5,2,1,1,42,10,9,14,2,4,0,0,2,1,18,11,11,2,0,8,12,38,1,7,53,38,37.0,27.0,16.0,11.0,6.0,9.0,512,318,451.0,256.0,221,148,230,108,50.0,22.0,8.0,3.0,3.02,1.13,2.09,0.17,0.94,0.17,3.02,0.34,4.92,1.03,2,1,12,3,5,0,7,1,0,1,1.2771,0.4481,1.4439,1.0231,0.2438,0.0,0.1604,0.0445,0.0,0.0112,15,2,4,1,6,1,1,1,0,1,1.0702,0.0557,1.1188,0.1137,0.8986,0.4481,0.0376,0.121,0.0,0.7884,26,6,15.53,15.24
4732737,2025-10-15,bra,2025,Brasileirao,28,,109705,Red Bull Bragantino,10283,Palmeiras,0,1,5,38,62,6,26,2,12,3,6,1,8,0,0,4,19,2,7,3,8,2,5,1,1,10,42,14,9,4,2,0,0,1,2,11,18,2,11,8,0,38,12,7,1,38,53,27.0,37.0,11.0,16.0,9.0,6.0,318,512,256.0,451.0,148,221,108,230,22.0,50.0,3.0,8.0,1.13,3.02,0.17,2.09,0.17,0.94,0.34,3.02,1.03,4.92,1,2,3,12,0,5,1,7,1,0,0.4481,1.2771,1.0231,1.4439,0.0,0.2438,0.0445,0.1604,0.0112,0.0,2,15,1,4,1,6,1,1,1,0,0.0557,1.0702,0.1137,1.1188,0.4481,0.8986,0.121,0.0376,0.7884,0.0,6,26,15.24,15.53
4732739,2025-10-15,bra,2025,Brasileirao,28,,163782,Mirassol,8702,Internacional,1,3,1,56,44,17,6,5,3,10,3,2,0,0,0,13,3,4,3,9,2,3,1,3,0,25,9,12,18,3,2,0,0,2,1,11,17,7,8,0,2,10,24,2,2,47,34,34.0,30.0,13.0,4.0,6.0,1.0,503,402,436.0,330.0,254,165,182,165,36.0,15.0,12.0,0.0,1.81,0.93,1.46,0.15,0.35,0.78,1.81,0.93,0.94,1.14,2,1,8,1,3,1,0,1,4,2,0.769,0.763,0.9082,0.0507,0.075,0.0458,0.0,0.0185,0.057,0.1008,10,3,0,1,7,0,0,2,0,0,1.4588,0.1036,0.0,0.0458,0.3505,0.0,0.0,0.8293,0.0,0.0,17,6,14.12,19.51
4732739,2025-10-15,bra,2025,Brasileirao,28,,8702,Internacional,163782,Mirassol,0,1,3,44,56,6,17,3,5,3,10,0,2,0,0,3,13,3,4,2,9,1,3,0,3,9,25,18,12,2,3,0,0,1,2,17,11,8,7,2,0,24,10,2,2,34,47,30.0,34.0,4.0,13.0,1.0,6.0,402,503,330.0,436.0,165,254,165,182,15.0,36.0,0.0,12.0,0.93,1.81,0.15,1.46,0.78,0.35,0.93,1.81,1.14,0.94,1,2,1,8,1,3,1,0,2,4,0.763,0.769,0.0507,0.9082,0.0458,0.075,0.0185,0.0,0.1008,0.057,3,10,1,0,0,7,2,0,0,0,0.1036,1.4588,0.0458,0.0,0.0,0.3505,0.8293,0.0,0.0,0.0,6,17,19.51,14.12
4732744,2025-10-15,bra,2025,Brasileirao,28,,6305,Sport Recife,172341,Ceara,1,1,1,58,42,17,15,6,8,5,2,6,5,0,0,12,9,5,6,5,4,7,1,6,0,36,29,13,17,4,2,0,0,1,2,6,14,6,12,5,5,34,36,7,5,38,45,28.0,33.0,10.0,12.0,5.0,6.0,407,290,342.0,223.0,160,87,182,136,18.0,23.0,8.0,5.0,1.59,0.84,0.93,0.64,0.66,0.2,1.59,0.84,1.43,2.05,3,0,7,7,2,2,4,4,1,2,0.4215,0.0,0.795,0.6312,0.2358,0.0517,0.1117,0.1174,0.0242,0.0407,10,13,0,0,4,0,3,2,0,0,0.9321,0.6429,0.0,0.0,0.2917,0.0,0.3644,0.1982,0.0,0.0,17,15,15.0,20.05
4732744,2025-10-15,bra,2025,Brasileirao,28,,172341,Ceara,6305,Sport Recife,0,1,1,42,58,15,17,8,6,2,5,5,6,0,0,9,12,6,5,4,5,1,7,0,6,29,36,17,13,2,4,0,0,2,1,14,6,12,6,5,5,36,34,5,7,45,38,33.0,28.0,12.0,10.0,6.0,5.0,290,407,223.0,342.0,87,160,136,182,23.0,18.0,5.0,8.0,0.84,1.59,0.64,0.93,0.2,0.66,0.84,1.59,2.05,1.43,0,3,7,7,2,2,4,4,2,1,0.0,0.4215,0.6312,0.795,0.0517,0.2358,0.1174,0.1117,0.0407,0.0242,13,10,0,0,0,4,2,3,0,0,0.6429,0.9321,0.0,0.0,0.0,0.2917,0.1982,0.3644,0.0,0.0,15,17,20.05,15.0
4732738,2025-10-16,bra,2025,Brasileirao,28,,8514,Santos FC,9808,Corinthians,1,3,1,38,62,19,5,5,1,9,2,5,2,0,1,13,3,6,2,5,4,1,1,0,1,23,10,22,12,3,5,0,0,2,2,28,15,8,10,2,5,18,20,0,2,57,51,45.0,42.0,12.0,9.0,6.0,6.0,271,471,218.0,395.0,100,239,118,156,9.0,31.0,4.0,5.0,1.83,0.54,0.72,0.02,0.32,0.52,1.04,0.54,1.83,0.09,1,1,7,2,5,0,3,0,3,2,0.0664,0.393,1.2184,0.0792,0.2832,0.0,0.1159,0.0,0.1469,0.0652,10,1,1,0,4,2,3,2,1,0,0.6399,0.0211,0.0777,0.0,0.1988,0.4566,0.1259,0.0596,0.7884,0.0,19,5,16.81,15.98
4732738,2025-10-16,bra,2025,Brasileirao,28,,9808,Corinthians,8514,Santos FC,0,1,3,62,38,5,19,1,5,2,9,2,5,1,0,3,13,2,6,4,5,1,1,1,0,10,23,12,22,5,3,0,0,2,2,15,28,10,8,5,2,20,18,2,0,51,57,42.0,45.0,9.0,12.0,6.0,6.0,471,271,395.0,218.0,239,100,156,118,31.0,9.0,5.0,4.0,0.54,1.83,0.02,0.72,0.52,0.32,0.54,1.04,0.09,1.83,1,1,2,7,0,5,0,3,2,3,0.393,0.0664,0.0792,1.2184,0.0,0.2832,0.0,0.1159,0.0652,0.1469,1,10,0,1,2,4,2,3,0,1,0.0211,0.6399,0.0,0.0777,0.4566,0.1988,0.0596,0.1259,0.0,0.7884,5,19,15.98,16.81
4732740,2025-10-16,bra,2025,Brasileirao,28,,10272,Atletico MG,9781,Cruzeiro,1,1,1,61,39,23,4,4,2,11,1,8,1,1,0,10,1,13,3,2,1,1,1,1,0,34,6,20,15,4,4,0,1,1,0,12,9,12,5,1,6,27,28,1,3,44,39,27.0,32.0,17.0,7.0,2.0,5.0,430,269,376.0,208.0,150,103,226,105,23.0,19.0,9.0,1.0,1.12,0.59,0.99,0.59,0.13,0.0,1.12,0.59,0.72,1.02,0,0,8,1,2,0,4,3,9,0,0.0,0.0,0.7564,0.5557,0.0952,0.0,0.0709,0.0393,0.1929,0.0,16,3,4,1,2,0,1,0,0,0,0.591,0.58,0.3956,0.015,0.0454,0.0,0.0833,0.0,0.0,0.0,23,4,20.17,25.9
4732740,2025-10-16,bra,2025,Brasileirao,28,,9781,Cruzeiro,10272,Atletico MG,0,1,1,39,61,4,23,2,4,1,11,1,8,0,1,1,10,3,13,1,2,1,1,0,1,6,34,15,20,4,4,1,0,0,1,9,12,5,12,6,1,28,27,3,1,39,44,32.0,27.0,7.0,17.0,5.0,2.0,269,430,208.0,376.0,103,150,105,226,19.0,23.0,1.0,9.0,0.59,1.12,0.59,0.99,0.0,0.13,0.59,1.12,1.02,0.72,0,0,1,8,0,2,3,4,0,9,0.0,0.0,0.5557,0.7564,0.0,0.0952,0.0393,0.0709,0.0,0.1929,3,16,1,4,0,2,0,1,0,0,0.58,0.591,0.015,0.3956,0.0,0.0454,0.0,0.0833,0.0,0.0,4,23,25.9,20.17
4732741,2025-10-16,bra,2025,Brasileirao,28,,9769,Gremio,10277,Sao Paulo,1,2,0,36,64,18,14,7,1,6,10,5,3,0,1,12,9,6,5,5,3,3,2,1,2,23,26,11,16,1,3,0,0,0,0,17,12,14,8,3,4,20,23,1,5,48,36,39.0,27.0,9.0,9.0,8.0,4.0,353,619,297.0,557.0,160,207,137,350,26.0,15.0,2.0,6.0,2.86,0.93,1.77,0.83,0.3,0.1,2.07,0.93,3.43,0.31,3,1,6,7,3,1,2,3,4,2,0.2699,0.1533,2.3367,0.5533,0.1356,0.0643,0.0576,0.139,0.0596,0.0399,11,12,2,0,4,1,0,1,1,0,1.3627,0.8492,0.4309,0.0,0.2775,0.0582,0.0,0.0424,0.7884,0.0,18,14,16.39,16.75
4732741,2025-10-16,bra,2025,Brasileirao,28,,10277,Sao Paulo,9769,Gremio,0,0,2,64,36,14,18,1,7,10,6,3,5,1,0,9,12,5,6,3,5,2,3,2,1,26,23,16,11,3,1,0,0,0,0,12,17,8,14,4,3,23,20,5,1,36,48,27.0,39.0,9.0,9.0,4.0,8.0,619,353,557.0,297.0,207,160,350,137,15.0,26.0,6.0,2.0,0.93,2.86,0.83,1.77,0.1,0.3,0.93,2.07,0.31,3.43,1,3,7,6,1,3,3,2,2,4,0.1533,0.2699,0.5533,2.3367,0.0643,0.1356,0.139,0.0576,0.0399,0.0596,12,11,0,2,1,4,1,0,0,1,0.8492,1.3627,0.0,0.4309,0.0582,0.2775,0.0424,0.0,0.0,0.7884,14,18,16.75,16.39
4732743,2025-10-16,bra,2025,Brasileirao,28,,8287,Fortaleza,10276,Vasco da Gama,1,0,2,55,45,27,6,9,3,12,2,6,1,0,2,19,5,8,1,10,2,5,2,5,1,40,17,16,9,5,1,3,1,2,2,12,8,6,6,1,6,10,51,1,9,46,49,25.0,26.0,21.0,23.0,5.0,6.0,424,373,356.0,304.0,100,205,256,99,23.0,19.0,14.0,3.0,2.17,0.52,1.62,0.36,0.54,0.16,2.17,0.52,2.32,0.72,2,0,12,3,5,2,6,1,2,0,0.6179,0.0,1.3688,0.396,0.1318,0.0445,0.133,0.097,0.0272,0.0,19,2,0,2,6,1,2,1,0,0,1.7362,0.1807,0.0,0.1934,0.4954,0.1555,0.047,0.0079,0.0,0.0,27,6,16.25,15.08
4732743,2025-10-16,bra,2025,Brasileirao,28,,10276,Vasco da Gama,8287,Fortaleza,0,2,0,45,55,6,27,3,9,2,12,1,6,2,0,5,19,1,8,2,10,2,5,1,5,17,40,9,16,1,5,1,3,2,2,8,12,6,6,6,1,51,10,9,1,49,46,26.0,25.0,23.0,21.0,6.0,5.0,373,424,304.0,356.0,205,100,99,256,19.0,23.0,3.0,14.0,0.52,2.17,0.36,1.62,0.16,0.54,0.52,2.17,0.72,2.32,0,2,3,12,2,5,1,6,0,2,0.0,0.6179,0.396,1.3688,0.0445,0.1318,0.097,0.133,0.0,0.0272,2,19,2,0,1,6,1,2,0,0,0.1807,1.7362,0.1934,0.0,0.1555,0.4954,0.0079,0.047,0.0,0.0,6,27,15.08,16.25
4732735,2025-10-17,bra,2025,Brasileirao,28,,9863,Fluminense,10274,Juventude,1,1,0,67,33,13,9,1,1,6,5,6,3,0,1,6,6,7,3,8,2,1,1,1,1,22,9,12,18,2,6,0,1,0,1,7,18,6,4,3,6,14,39,1,0,46,51,33.0,33.0,13.0,18.0,8.0,4.0,563,278,500.0,224.0,281,142,219,82,26.0,16.0,5.0,5.0,0.65,0.5,0.36,0.4,0.28,0.1,0.65,0.5,0.89,0.11,1,1,3,3,2,2,6,2,1,1,0.0667,0.0739,0.3023,0.299,0.0575,0.0302,0.185,0.0784,0.0338,0.0176,9,7,0,0,2,0,2,2,0,0,0.3615,0.3983,0.0,0.0,0.2451,0.0,0.0387,0.1008,0.0,0.0,13,9,19.52,16.0
4732735,2025-10-17,bra,2025,Brasileirao,28,,10274,Juventude,9863,Fluminense,0,0,1,33,67,9,13,1,1,5,6,3,6,1,0,6,6,3,7,2,8,1,1,1,1,9,22,18,12,6,2,1,0,1,0,18,7,4,6,6,3,39,14,0,1,51,46,33.0,33.0,18.0,13.0,4.0,8.0,278,563,224.0,500.0,142,281,82,219,16.0,26.0,5.0,5.0,0.5,0.65,0.4,0.36,0.1,0.28,0.5,0.65,0.11,0.89,1,1,3,3,2,2,2,6,1,1,0.0739,0.0667,0.299,0.3023,0.0302,0.0575,0.0784,0.185,0.0176,0.0338,7,9,0,0,0,2,2,2,0,0,0.3983,0.3615,0.0,0.0,0.0,0.2451,0.1008,0.0387,0.0,0.0,9,13,16.0,19.52
4732742,2025-10-17,bra,2025,Brasileirao,28,,7733,Vitoria,7877,Bahia,1,2,1,34,66,9,11,5,6,1,4,3,1,0,0,8,4,1,7,4,3,4,1,2,0,15,14,20,8,5,2,1,0,0,3,19,17,4,3,2,3,17,33,4,3,47,65,30.0,46.0,17.0,19.0,4.0,9.0,227,454,165.0,401.0,79,196,86,205,20.0,23.0,3.0,3.0,2.12,0.98,1.31,0.84,0.02,0.14,1.33,0.98,1.36,0.64,1,1,5,2,2,1,0,3,1,4,0.3717,0.2222,1.9325,0.465,0.1028,0.0732,0.0,0.1228,0.0111,0.0931,6,8,1,0,1,0,0,3,1,0,0.7692,0.8405,0.8204,0.0,0.0402,0.0,0.0,0.1358,0.7884,0.0,9,11,13.67,22.38
4732742,2025-10-17,bra,2025,Brasileirao,28,,7877,Bahia,7733,Vitoria,0,1,2,66,34,11,9,6,5,4,1,1,3,0,0,4,8,7,1,3,4,1,4,0,2,14,15,8,20,2,5,0,1,3,0,17,19,3,4,3,2,33,17,3,4,65,47,46.0,30.0,19.0,17.0,9.0,4.0,454,227,401.0,165.0,196,79,205,86,23.0,20.0,3.0,3.0,0.98,2.12,0.84,1.31,0.14,0.02,0.98,1.33,0.64,1.36,1,1,2,5,1,2,3,0,4,1,0.2222,0.3717,0.465,1.9325,0.0732,0.1028,0.1228,0.0,0.0931,0.0111,8,6,0,1,0,1,3,0,0,1,0.8405,0.7692,0.0,0.8204,0.0,0.0402,0.1358,0.0,0.0,0.7884,11,9,22.38,13.67
4732848,2025-10-18,bra,2025,Brasileirao,29,Alex Gomes Stefano,9808,Corinthians,10272,Atletico MG,1,1,0,62,38,13,8,1,1,6,3,6,4,0,1,11,3,2,5,5,3,2,0,2,0,20,13,15,20,3,3,0,0,3,1,15,9,6,16,4,6,14,28,1,0,53,47,42.0,29.0,11.0,18.0,9.0,5.0,533,327,460.0,268.0,250,132,210,136,28.0,13.0,5.0,4.0,1.45,0.23,0.96,0.16,0.49,0.07,1.45,0.23,0.04,0.02,0,0,9,2,2,1,0,3,2,2,0.0,0.0,1.2078,0.0458,0.2085,0.0246,0.0,0.1117,0.034,0.0525,5,5,1,0,4,1,3,2,0,0,0.8903,0.1642,0.0737,0.0,0.1978,0.0356,0.2886,0.0348,0.0,0.0,13,8,14.99,17.73
4732848,2025-10-18,bra,2025,Brasileirao,29,Alex Gomes Stefano,10272,Atletico MG,9808,Corinthians,0,0,1,38,62,8,13,1,1,3,6,4,6,1,0,3,11,5,2,3,5,0,2,0,2,13,20,20,15,3,3,0,0,1,3,9,15,16,6,6,4,28,14,0,1,47,53,29.0,42.0,18.0,11.0,5.0,9.0,327,533,268.0,460.0,132,250,136,210,13.0,28.0,4.0,5.0,0.23,1.45,0.16,0.96,0.07,0.49,0.23,1.45,0.02,0.04,0,0,2,9,1,2,3,0,2,2,0.0,0.0,0.0458,1.2078,0.0246,0.2085,0.1117,0.0,0.0525,0.034,5,5,0,1,1,4,2,3,0,0,0.1642,0.8903,0.0,0.0737,0.0356,0.1978,0.0348,0.2886,0.0,0.0,8,13,17.73,14.99
4732846,2025-10-19,bra,2025,Brasileirao,29,Raphael Claus,7877,Bahia,9769,Gremio,1,4,0,59,41,23,13,10,1,7,7,6,5,0,0,15,8,8,5,11,5,6,0,4,0,40,15,9,12,2,1,0,0,0,0,21,16,10,5,5,8,19,23,1,4,55,32,46.0,27.0,9.0,5.0,15.0,4.0,528,350,473.0,311.0,194,117,279,194,22.0,11.0,5.0,5.0,3.01,0.78,2.44,0.74,0.57,0.04,3.01,0.78,3.52,0.06,1,0,12,7,2,1,5,4,3,1,0.2296,0.0,2.5221,0.4742,0.0673,0.0667,0.1275,0.1169,0.0631,0.0202,13,10,3,2,7,1,0,0,0,0,1.5804,0.5561,0.8619,0.0666,0.5672,0.0553,0.0,0.0,0.0,0.0,23,13,16.41,19.24
4732846,2025-10-19,bra,2025,Brasileirao,29,Raphael Claus,9769,Gremio,7877,Bahia,0,0,4,41,59,13,23,1,10,7,7,5,6,0,0,8,15,5,8,5,11,0,6,0,4,15,40,12,9,1,2,0,0,0,0,16,21,5,10,8,5,23,19,4,1,32,55,27.0,46.0,5.0,9.0,4.0,15.0,350,528,311.0,473.0,117,194,194,279,11.0,22.0,5.0,5.0,0.78,3.01,0.74,2.44,0.04,0.57,0.78,3.01,0.06,3.52,0,1,7,12,1,2,4,5,1,3,0.0,0.2296,0.4742,2.5221,0.0667,0.0673,0.1169,0.1275,0.0202,0.0631,10,13,2,3,1,7,0,0,0,0,0.5561,1.5804,0.0666,0.8619,0.0553,0.5672,0.0,0.0,0.0,0.0,13,23,19.24,16.41
4732847,2025-10-19,bra,2025,Brasileirao,29,Davi de Oliveira Lacerda,172341,Ceara,8517,Botafogo RJ,1,0,2,52,48,21,10,3,4,10,2,8,4,0,1,9,9,12,1,9,5,1,1,1,0,25,24,11,14,2,3,0,0,5,1,13,13,11,10,4,9,25,35,2,2,59,47,39.0,32.0,20.0,15.0,13.0,10.0,398,388,337.0,324.0,141,183,196,141,24.0,33.0,11.0,1.0,0.88,1.36,0.65,1.25,0.22,0.11,0.88,1.36,0.29,1.32,2,1,5,5,2,3,6,0,6,1,0.337,0.2039,0.2303,0.7631,0.0689,0.1028,0.1479,0.0,0.0956,0.0144,14,9,0,0,5,1,2,0,0,0,0.6549,0.8803,0.0,0.0,0.1623,0.2039,0.0626,0.0,0.0,0.0,21,10,20.32,13.67
4732847,2025-10-19,bra,2025,Brasileirao,29,Davi de Oliveira Lacerda,8517,Botafogo RJ,172341,Ceara,0,2,0,48,52,10,21,4,3,2,10,4,8,1,0,9,9,1,12,5,9,1,1,0,1,24,25,14,11,3,2,0,0,1,5,13,13,10,11,9,4,35,25,2,2,47,59,32.0,39.0,15.0,20.0,10.0,13.0,388,398,324.0,337.0,183,141,141,196,33.0,24.0,1.0,11.0,1.36,0.88,1.25,0.65,0.11,0.22,1.36,0.88,1.32,0.29,1,2,5,5,3,2,0,6,1,6,0.2039,0.337,0.7631,0.2303,0.1028,0.0689,0.0,0.1479,0.0144,0.0956,9,14,0,0,1,5,0,2,0,0,0.8803,0.6549,0.0,0.0,0.2039,0.1623,0.0,0.0626,0.0,0.0,10,21,13.67,20.32
4732849,2025-10-19,bra,2025,Brasileirao,29,Rodrigo José Pereira de Lima,9781,Cruzeiro,8287,Fortaleza,1,1,0,55,45,10,18,4,4,6,9,0,5,0,0,6,8,4,10,3,6,3,3,2,3,12,22,13,17,1,5,0,0,1,0,12,25,5,6,5,0,23,21,4,3,45,61,34.0,51.0,11.0,10.0,7.0,13.0,466,370,399.0,306.0,200,120,199,186,24.0,21.0,2.0,9.0,2.05,0.89,1.96,0.6,0.09,0.3,2.05,0.89,0.96,0.69,1,1,1,4,4,3,4,6,0,4,0.9459,0.1867,0.3474,0.335,0.235,0.0928,0.1406,0.1818,0.0,0.0976,7,11,1,2,2,4,0,1,0,0,1.5459,0.4981,0.0322,0.0976,0.0908,0.2761,0.0,0.0221,0.0,0.0,10,18,16.91,20.56
4732849,2025-10-19,bra,2025,Brasileirao,29,Rodrigo José Pereira de Lima,8287,Fortaleza,9781,Cruzeiro,0,0,1,45,55,18,10,4,4,9,6,5,0,0,0,8,6,10,4,6,3,3,3,3,2,22,12,17,13,5,1,0,0,0,1,25,12,6,5,0,5,21,23,3,4,61,45,51.0,34.0,10.0,11.0,13.0,7.0,370,466,306.0,399.0,120,200,186,199,21.0,24.0,9.0,2.0,0.89,2.05,0.6,1.96,0.3,0.09,0.89,2.05,0.69,0.96,1,1,4,1,3,4,6,4,4,0,0.1867,0.9459,0.335,0.3474,0.0928,0.235,0.1818,0.1406,0.0976,0.0,11,7,2,1,4,2,1,0,0,0,0.4981,1.5459,0.0976,0.0322,0.2761,0.0908,0.0221,0.0,0.0,0.0,18,10,20.56,16.91
4732850,2025-10-19,bra,2025,Brasileirao,29,Wilton Pereira Sampaio,9770,Flamengo,10283,Palmeiras,1,3,2,48,52,8,20,4,9,2,5,2,6,0,1,6,11,2,9,1,8,4,1,1,0,17,25,13,16,4,2,0,1,1,0,23,20,11,8,6,2,31,15,7,1,62,56,46.0,40.0,16.0,16.0,7.0,8.0,405,428,325.0,338.0,142,179,183,159,23.0,26.0,0.0,8.0,1.74,1.19,0.86,1.05,0.1,0.14,0.95,1.19,1.91,1.99,0,1,3,7,3,3,2,8,0,1,0.0,0.5856,1.4536,0.2067,0.0667,0.1042,0.2226,0.301,0.0,0.0142,6,12,0,2,0,5,1,1,1,0,0.8584,1.0032,0.0,0.0685,0.0,0.106,0.096,0.0339,0.7884,0.0,8,20,17.4,18.85
4732850,2025-10-19,bra,2025,Brasileirao,29,Wilton Pereira Sampaio,10283,Palmeiras,9770,Flamengo,0,2,3,52,48,20,8,9,4,5,2,6,2,1,0,11,6,9,2,8,1,1,4,0,1,25,17,16,13,2,4,1,0,0,1,20,23,8,11,2,6,15,31,1,7,56,62,40.0,46.0,16.0,16.0,8.0,7.0,428,405,338.0,325.0,179,142,159,183,26.0,23.0,8.0,0.0,1.19,1.74,1.05,0.86,0.14,0.1,1.19,0.95,1.99,1.91,1,0,7,3,3,3,8,2,1,0,0.5856,0.0,0.2067,1.4536,0.1042,0.0667,0.301,0.2226,0.0142,0.0,12,6,2,0,5,0,1,1,0,1,1.0032,0.8584,0.0685,0.0,0.106,0.0,0.0339,0.096,0.0,0.7884,20,8,18.85,17.4
4732851,2025-10-19,bra,2025,Brasileirao,29,Lucas Paulo Torezin,8702,Internacional,6305,Sport Recife,1,2,0,35,65,13,13,5,2,5,5,3,6,0,0,10,10,3,3,3,6,3,1,1,1,22,28,18,13,3,2,0,0,4,2,27,15,6,8,6,3,33,15,2,3,54,51,45.0,40.0,9.0,11.0,7.0,8.0,296,556,231.0,489.0,115,248,116,241,15.0,43.0,4.0,6.0,2.32,1.3,2.2,1.16,0.12,0.14,2.32,1.3,2.33,0.11,2,0,5,8,3,2,1,1,2,2,1.2767,0.0,0.8119,1.1553,0.1682,0.0689,0.0298,0.04,0.0332,0.0355,7,8,3,1,2,3,1,1,0,0,1.7384,0.465,0.4656,0.6963,0.0731,0.1101,0.0426,0.0281,0.0,0.0,13,13,14.91,14.28
4732851,2025-10-19,bra,2025,Brasileirao,29,Lucas Paulo Torezin,6305,Sport Recife,8702,Internacional,0,0,2,65,35,13,13,2,5,5,5,6,3,0,0,10,10,3,3,6,3,1,3,1,1,28,22,13,18,2,3,0,0,2,4,15,27,8,6,3,6,15,33,3,2,51,54,40.0,45.0,11.0,9.0,8.0,7.0,556,296,489.0,231.0,248,115,241,116,43.0,15.0,6.0,4.0,1.3,2.32,1.16,2.2,0.14,0.12,1.3,2.32,0.11,2.33,0,2,8,5,2,3,1,1,2,2,0.0,1.2767,1.1553,0.8119,0.0689,0.1682,0.04,0.0298,0.0355,0.0332,8,7,1,3,3,2,1,1,0,0,0.465,1.7384,0.6963,0.4656,0.1101,0.0731,0.0281,0.0426,0.0,0.0,13,13,14.28,14.91
4732853,2025-10-19,bra,2025,Brasileirao,29,Matheus Delgado Candançan,163782,Mirassol,10277,Sao Paulo,1,3,0,40,60,12,10,9,3,3,5,0,2,0,0,9,5,3,5,3,7,7,0,4,0,17,17,11,17,3,3,0,0,0,5,14,8,8,6,2,0,34,11,3,6,41,30,35.0,22.0,6.0,8.0,6.0,3.0,356,519,299.0,461.0,218,206,81,255,15.0,10.0,3.0,4.0,3.52,0.46,0.82,0.34,1.13,0.12,1.94,0.46,3.63,1.05,3,0,5,4,1,1,1,2,2,3,0.7946,0.0,2.5962,0.3921,0.0672,0.0232,0.0367,0.0565,0.0256,0.0515,5,6,1,1,2,3,2,0,2,0,0.8086,0.423,0.0065,0.0117,0.5228,0.0885,0.6054,0.0,1.5768,0.0,12,10,15.81,21.34
4732853,2025-10-19,bra,2025,Brasileirao,29,Matheus Delgado Candançan,10277,Sao Paulo,163782,Mirassol,0,0,3,60,40,10,12,3,9,5,3,2,0,0,0,5,9,5,3,7,3,0,7,0,4,17,17,17,11,3,3,0,0,5,0,8,14,6,8,0,2,11,34,6,3,30,41,22.0,35.0,8.0,6.0,3.0,6.0,519,356,461.0,299.0,206,218,255,81,10.0,15.0,4.0,3.0,0.46,3.52,0.34,0.82,0.12,1.13,0.46,1.94,1.05,3.63,0,3,4,5,1,1,2,1,3,2,0.0,0.7946,0.3921,2.5962,0.0232,0.0672,0.0565,0.0367,0.0515,0.0256,6,5,1,1,3,2,0,2,0,2,0.423,0.8086,0.0117,0.0065,0.0885,0.5228,0.0,0.6054,0.0,1.5768,10,12,21.34,15.81
4732852,2025-10-20,bra,2025,Brasileirao,29,Felipe Fernandes de Lima,10274,Juventude,109705,Red Bull Bragantino,1,1,0,43,57,19,9,3,1,13,4,3,4,0,0,13,4,6,5,4,2,1,0,0,0,26,15,24,22,3,1,0,0,0,3,9,14,8,9,4,3,25,24,1,2,54,61,42.0,46.0,12.0,15.0,13.0,8.0,342,474,267.0,393.0,156,239,111,154,28.0,17.0,12.0,4.0,0.97,0.19,0.54,0.06,0.43,0.13,0.97,0.19,1.02,0.02,0,0,10,1,3,3,5,4,1,1,0.0,0.0,0.7355,0.0237,0.0794,0.0355,0.1338,0.1128,0.0191,0.0373,10,3,0,0,4,2,5,4,0,0,0.5405,0.0983,0.0,0.0,0.1651,0.0447,0.2623,0.0662,0.0,0.0,19,9,17.3,21.26
4732852,2025-10-20,bra,2025,Brasileirao,29,Felipe Fernandes de Lima,109705,Red Bull Bragantino,10274,Juventude,0,0,1,57,43,9,19,1,3,4,13,4,3,0,0,4,13,5,6,2,4,0,1,0,0,15,26,22,24,1,3,0,0,3,0,14,9,9,8,3,4,24,25,2,1,61,54,46.0,42.0,15.0,12.0,8.0,13.0,474,342,393.0,267.0,239,156,154,111,17.0,28.0,4.0,12.0,0.19,0.97,0.06,0.54,0.13,0.43,0.19,0.97,0.02,1.02,0,0,1,10,3,3,4,5,1,1,0.0,0.0,0.0237,0.7355,0.0355,0.0794,0.1128,0.1338,0.0373,0.0191,3,10,0,0,2,4,4,5,0,0,0.0983,0.5405,0.0,0.0,0.0447,0.1651,0.0662,0.2623,0.0,0.0,9,19,21.26,17.3
4732855,2025-10-20,bra,2025,Brasileirao,29,Wagner do Nascimento Magalhães,10276,Vasco da Gama,9863,Fluminense,1,2,0,47,53,11,12,5,4,3,4,3,4,0,0,2,6,9,6,1,4,2,1,1,1,6,15,15,19,1,1,0,0,0,0,12,20,12,7,4,3,25,8,4,3,43,54,36.0,40.0,7.0,14.0,7.0,6.0,439,486,361.0,399.0,240,242,121,157,16.0,20.0,1.0,2.0,0.98,0.56,0.93,0.51,0.05,0.06,0.98,0.56,1.66,0.62,0,0,2,1,0,5,5,4,4,2,0.0,0.0,1.0908,0.2095,0.0,0.2195,0.0983,0.1051,0.1102,0.0284,9,9,0,0,1,0,1,3,0,0,1.2483,0.5052,0.0,0.0,0.0132,0.0,0.0379,0.0573,0.0,0.0,11,12,25.27,20.47
4732855,2025-10-20,bra,2025,Brasileirao,29,Wagner do Nascimento Magalhães,9863,Fluminense,10276,Vasco da Gama,0,0,2,53,47,12,11,4,5,4,3,4,3,0,0,6,2,6,9,4,1,1,2,1,1,15,6,19,15,1,1,0,0,0,0,20,12,7,12,3,4,8,25,3,4,54,43,40.0,36.0,14.0,7.0,6.0,7.0,486,439,399.0,361.0,242,240,157,121,20.0,16.0,2.0,1.0,0.56,0.98,0.51,0.93,0.06,0.05,0.56,0.98,0.62,1.66,0,0,1,2,5,0,4,5,2,4,0.0,0.0,0.2095,1.0908,0.2195,0.0,0.1051,0.0983,0.0284,0.1102,9,9,0,0,0,1,3,1,0,0,0.5052,1.2483,0.0,0.0,0.0,0.0132,0.0573,0.0379,0.0,0.0,12,11,20.47,25.27
4732854,2025-10-21,bra,2025,Brasileirao,29,Rafael Rodrigo Klein,8514,Santos FC,7733,Vitoria,1,0,1,73,27,13,10,4,2,6,5,3,3,0,1,7,8,6,2,3,3,1,2,1,1,22,20,13,18,2,4,0,0,1,1,14,21,12,8,3,3,21,41,1,4,69,59,39.0,37.0,30.0,22.0,11.0,4.0,505,185,420.0,105.0,159,51,261,54,19.0,16.0,8.0,6.0,0.9,1.87,0.82,1.05,0.08,0.03,0.9,1.08,0.56,0.82,1,1,6,4,0,4,4,0,2,1,0.2568,0.2132,0.4776,1.4091,0.0,0.2205,0.1352,0.0,0.0315,0.0233,10,3,0,4,2,1,1,1,0,1,0.8248,0.3018,0.0,0.7459,0.0599,0.0117,0.0164,0.0181,0.0,0.7884,13,10,18.44,13.21
4732854,2025-10-21,bra,2025,Brasileirao,29,Rafael Rodrigo Klein,7733,Vitoria,8514,Santos FC,0,1,0,27,73,10,13,2,4,5,6,3,3,1,0,8,7,2,6,3,3,2,1,1,1,20,22,18,13,4,2,0,0,1,1,21,14,8,12,3,3,41,21,4,1,59,69,37.0,39.0,22.0,30.0,4.0,11.0,185,505,105.0,420.0,51,159,54,261,16.0,19.0,6.0,8.0,1.87,0.9,1.05,0.82,0.03,0.08,1.08,0.9,0.82,0.56,1,1,4,6,4,0,0,4,1,2,0.2132,0.2568,1.4091,0.4776,0.2205,0.0,0.0,0.1352,0.0233,0.0315,3,10,4,0,1,2,1,1,1,0,0.3018,0.8248,0.7459,0.0,0.0117,0.0599,0.0181,0.0164,0.7884,0.0,10,13,13.21,18.44
4732612,2025-10-22,bra,2025,Brasileirao,14,Flavio Rodrigues De Souza,7877,Bahia,8702,Internacional,1,1,0,56,44,18,9,7,2,7,6,4,1,1,0,10,8,8,1,6,5,3,0,2,0,24,15,9,13,1,2,0,1,0,1,18,21,7,15,1,4,19,27,2,6,60,50,42.0,37.0,18.0,13.0,11.0,9.0,521,407,453.0,329.0,218,154,235,175,28.0,18.0,5.0,6.0,1.95,0.46,0.79,0.31,0.37,0.15,1.16,0.46,2.56,0.36,2,0,6,4,2,4,6,0,2,1,1.0675,0.0,1.8966,0.2294,0.1003,0.213,0.217,0.0,0.0505,0.0154,12,4,0,2,2,2,3,1,1,0,0.7931,0.2064,0.0,0.1066,0.1103,0.0594,1.6401,0.0854,0.7884,0.0,18,9,17.02,16.15
4732612,2025-10-22,bra,2025,Brasileirao,14,Flavio Rodrigues De Souza,8702,Internacional,7877,Bahia,0,0,1,44,56,9,18,2,7,6,7,1,4,0,1,8,10,1,8,5,6,0,3,0,2,15,24,13,9,2,1,1,0,1,0,21,18,15,7,4,1,27,19,6,2,50,60,37.0,42.0,13.0,18.0,9.0,11.0,407,521,329.0,453.0,154,218,175,235,18.0,28.0,6.0,5.0,0.46,1.95,0.31,0.79,0.15,0.37,0.46,1.16,0.36,2.56,0,2,4,6,4,2,0,6,1,2,0.0,1.0675,0.2294,1.8966,0.213,0.1003,0.0,0.217,0.0154,0.0505,4,12,2,0,2,2,1,3,0,1,0.2064,0.7931,0.1066,0.0,0.0594,0.1103,0.0854,1.6401,0.0,0.7884,9,18,16.15,17.02
4732745,2025-10-25,bra,2025,Brasileirao,30,Raphael Claus,9863,Fluminense,8702,Internacional,1,1,0,58,42,21,8,7,0,8,4,6,4,2,0,14,7,7,1,6,3,4,1,4,1,35,16,13,10,0,2,0,0,1,1,20,26,10,6,3,6,26,34,0,6,46,53,38.0,43.0,8.0,10.0,9.0,5.0,524,386,466.0,312.0,250,181,216,131,21.0,15.0,3.0,2.0,2.25,1.08,1.78,0.96,0.47,0.12,2.25,1.08,1.55,0.0,4,0,6,5,4,2,4,1,3,0,0.8707,0.0,0.7859,0.9697,0.2712,0.0906,0.2397,0.0184,0.0832,0.0,15,4,0,2,5,1,1,1,0,0,1.7779,0.1848,0.0,0.7711,0.363,0.0522,0.1098,0.0705,0.0,0.0,21,8,15.34,14.42
4732745,2025-10-25,bra,2025,Brasileirao,30,Raphael Claus,8702,Internacional,9863,Fluminense,0,0,1,42,58,8,21,0,7,4,8,4,6,0,2,7,14,1,7,3,6,1,4,1,4,16,35,10,13,2,0,0,0,1,1,26,20,6,10,6,3,34,26,6,0,53,46,43.0,38.0,10.0,8.0,5.0,9.0,386,524,312.0,466.0,181,250,131,216,15.0,21.0,2.0,3.0,1.08,2.25,0.96,1.78,0.12,0.47,1.08,2.25,0.0,1.55,0,4,5,6,2,4,1,4,0,3,0.0,0.8707,0.9697,0.7859,0.0906,0.2712,0.0184,0.2397,0.0,0.0832,4,15,2,0,1,5,1,1,0,0,0.1848,1.7779,0.7711,0.0,0.0522,0.363,0.0705,0.1098,0.0,0.0,8,21,14.42,15.34
4732748,2025-10-25,bra,2025,Brasileirao,30,Lucas Paulo Torezin,10277,Sao Paulo,7877,Bahia,1,2,0,58,42,14,9,5,3,5,2,4,4,0,0,12,4,2,5,5,4,3,2,2,2,27,11,10,10,2,4,0,0,2,1,23,13,2,10,4,4,20,17,3,3,48,38,38.0,27.0,10.0,11.0,6.0,4.0,566,409,498.0,347.0,236,191,262,156,28.0,27.0,3.0,7.0,1.51,0.87,1.49,0.77,0.01,0.1,1.51,0.87,2.12,0.87,0,0,10,4,2,0,2,0,0,5,0.0,0.0,1.3495,0.7906,0.1079,0.0,0.0482,0.0,0.0,0.0801,11,6,2,1,1,1,0,1,0,0,1.087,0.2012,0.4064,0.5669,0.0122,0.0066,0.0,0.0961,0.0,0.0,14,9,15.97,21.18
4732748,2025-10-25,bra,2025,Brasileirao,30,Lucas Paulo Torezin,7877,Bahia,10277,Sao Paulo,0,0,2,42,58,9,14,3,5,2,5,4,4,0,0,4,12,5,2,4,5,2,3,2,2,11,27,10,10,4,2,0,0,1,2,13,23,10,2,4,4,17,20,3,3,38,48,27.0,38.0,11.0,10.0,4.0,6.0,409,566,347.0,498.0,191,236,156,262,27.0,28.0,7.0,3.0,0.87,1.51,0.77,1.49,0.1,0.01,0.87,1.51,0.87,2.12,0,0,4,10,0,2,0,2,5,0,0.0,0.0,0.7906,1.3495,0.0,0.1079,0.0,0.0482,0.0801,0.0,6,11,1,2,1,1,1,0,0,0,0.2012,1.087,0.5669,0.4064,0.0066,0.0122,0.0961,0.0,0.0,0.0,9,14,21.18,15.97
4732750,2025-10-25,bra,2025,Brasileirao,30,Bruno Arleu de Araújo,10272,Atletico MG,172341,Ceara,1,1,0,53,47,6,16,3,6,1,6,2,4,0,0,1,9,5,7,3,7,1,2,1,2,7,18,9,13,3,0,0,0,2,0,7,13,6,7,4,2,25,22,6,2,29,41,20.0,31.0,9.0,10.0,2.0,9.0,524,454,464.0,408.0,223,169,241,239,24.0,20.0,1.0,7.0,0.31,1.9,0.26,1.75,0.06,0.15,0.31,1.9,0.9,0.75,0,0,0,8,1,1,2,6,3,1,0.0,0.0,0.0,1.6534,0.1039,0.069,0.1359,0.157,0.0718,0.0246,3,10,1,3,1,3,1,0,0,0,0.1529,1.0736,0.1023,0.6772,0.0271,0.1532,0.0293,0.0,0.0,0.0,6,16,24.9,18.67
4732750,2025-10-25,bra,2025,Brasileirao,30,Bruno Arleu de Araújo,172341,Ceara,10272,Atletico MG,0,0,1,47,53,16,6,6,3,6,1,4,2,0,0,9,1,7,5,7,3,2,1,2,1,18,7,13,9,0,3,0,0,0,2,13,7,7,6,2,4,22,25,2,6,41,29,31.0,20.0,10.0,9.0,9.0,2.0,454,524,408.0,464.0,169,223,239,241,20.0,24.0,7.0,1.0,1.9,0.31,1.75,0.26,0.15,0.06,1.9,0.31,0.75,0.9,0,0,8,0,1,1,6,2,1,3,0.0,0.0,1.6534,0.0,0.069,0.1039,0.157,0.1359,0.0246,0.0718,10,3,3,1,3,1,0,1,0,0,1.0736,0.1529,0.6772,0.1023,0.1532,0.0271,0.0,0.0293,0.0,0.0,16,6,18.67,24.9
4732752,2025-10-25,bra,2025,Brasileirao,30,Wilton Pereira Sampaio,7733,Vitoria,9808,Corinthians,1,0,1,42,58,11,11,2,5,7,2,2,4,0,0,9,7,2,4,5,6,2,2,2,1,13,11,23,13,6,3,0,1,3,2,13,19,6,5,4,2,22,40,4,2,41,67,30.0,49.0,11.0,18.0,7.0,9.0,286,422,225.0,351.0,113,233,112,118,7.0,28.0,7.0,2.0,0.95,1.22,0.93,0.57,0.02,0.64,0.95,1.22,1.01,2.09,1,2,5,4,3,1,2,0,0,4,0.205,0.5316,0.5828,0.5975,0.1278,0.0318,0.0393,0.0,0.0,0.082,7,4,2,0,2,5,0,2,0,0,0.8662,0.5736,0.064,0.0,0.0247,0.6193,0.0,0.05,0.0,0.0,11,11,16.3,16.45
4732752,2025-10-25,bra,2025,Brasileirao,30,Wilton Pereira Sampaio,9808,Corinthians,7733,Vitoria,0,1,0,58,42,11,11,5,2,2,7,4,2,0,0,7,9,4,2,6,5,2,2,1,2,11,13,13,23,3,6,1,0,2,3,19,13,5,6,2,4,40,22,2,4,67,41,49.0,30.0,18.0,11.0,9.0,7.0,422,286,351.0,225.0,233,113,118,112,28.0,7.0,2.0,7.0,1.22,0.95,0.57,0.93,0.64,0.02,1.22,0.95,2.09,1.01,2,1,4,5,1,3,0,2,4,0,0.5316,0.205,0.5975,0.5828,0.0318,0.1278,0.0,0.0393,0.082,0.0,4,7,0,2,5,2,2,0,0,0,0.5736,0.8662,0.0,0.064,0.6193,0.0247,0.05,0.0,0.0,0.0,11,11,16.45,16.3
4732753,2025-10-25,bra,2025,Brasileirao,30,Davi de Oliveira Lacerda,8287,Fortaleza,9770,Flamengo,1,1,0,20,80,5,18,2,3,3,11,0,4,0,0,1,11,4,7,5,11,1,1,1,1,5,39,10,13,1,1,0,0,4,1,15,12,17,4,3,1,49,13,3,0,51,57,31.0,35.0,20.0,22.0,4.0,13.0,171,707,106.0,622.0,49,206,57,416,24.0,26.0,0.0,5.0,0.89,1.19,0.82,0.99,0.07,0.2,0.89,1.19,0.63,0.56,0,0,1,10,0,1,2,7,2,0,0.0,0.0,0.6945,0.8558,0.0,0.0138,0.1233,0.319,0.0692,0.0,1,14,2,0,0,2,2,2,0,0,0.0214,0.9914,0.7965,0.0,0.0,0.1205,0.0692,0.0768,0.0,0.0,5,18,23.97,15.66
4732753,2025-10-25,bra,2025,Brasileirao,30,Davi de Oliveira Lacerda,9770,Flamengo,8287,Fortaleza,0,0,1,80,20,18,5,3,2,11,3,4,0,0,0,11,1,7,4,11,5,1,1,1,1,39,5,13,10,1,1,0,0,1,4,12,15,4,17,1,3,13,49,0,3,57,51,35.0,31.0,22.0,20.0,13.0,4.0,707,171,622.0,106.0,206,49,416,57,26.0,24.0,5.0,0.0,1.19,0.89,0.99,0.82,0.2,0.07,1.19,0.89,0.56,0.63,0,0,10,1,1,0,7,2,0,2,0.0,0.0,0.8558,0.6945,0.0138,0.0,0.319,0.1233,0.0,0.0692,14,1,0,2,2,0,2,2,0,0,0.9914,0.0214,0.0,0.7965,0.1205,0.0,0.0768,0.0692,0.0,0.0,18,5,15.66,23.97
4732754,2025-10-25,bra,2025,Brasileirao,30,Jefferson Ferreira de Moraes,6305,Sport Recife,163782,Mirassol,1,1,2,36,64,11,14,3,5,3,3,5,6,0,0,5,10,6,4,7,1,2,0,1,0,14,26,6,9,1,2,1,0,1,3,13,19,10,13,6,5,29,32,3,2,42,40,29.0,31.0,13.0,9.0,8.0,6.0,302,577,246.0,525.0,140,247,106,278,29.0,27.0,4.0,4.0,0.55,0.86,0.4,0.84,0.15,0.02,0.55,0.86,0.7,1.74,1,0,3,7,1,3,4,1,2,3,0.0627,0.0,0.2483,0.5631,0.0709,0.126,0.1232,0.1044,0.042,0.0665,7,12,1,2,2,0,1,0,0,0,0.3259,0.7288,0.0709,0.1313,0.0907,0.0,0.0596,0.0,0.0,0.0,11,14,19.61,17.24
4732754,2025-10-25,bra,2025,Brasileirao,30,Jefferson Ferreira de Moraes,163782,Mirassol,6305,Sport Recife,0,2,1,64,36,14,11,5,3,3,3,6,5,0,0,10,5,4,6,1,7,0,2,0,1,26,14,9,6,2,1,0,1,3,1,19,13,13,10,5,6,32,29,2,3,40,42,31.0,29.0,9.0,13.0,6.0,8.0,577,302,525.0,246.0,247,140,278,106,27.0,29.0,4.0,4.0,0.86,0.55,0.84,0.4,0.02,0.15,0.86,0.55,1.74,0.7,0,1,7,3,3,1,1,4,3,2,0.0,0.0627,0.5631,0.2483,0.126,0.0709,0.1044,0.1232,0.0665,0.042,12,7,2,1,0,2,0,1,0,0,0.7288,0.3259,0.1313,0.0709,0.0,0.0907,0.0,0.0596,0.0,0.0,14,11,17.24,19.61
4732746,2025-10-26,bra,2025,Brasileirao,30,Rodrigo José Pereira de Lima,8517,Botafogo RJ,8514,Santos FC,1,2,2,55,45,18,9,9,7,6,1,3,1,1,0,11,5,7,4,6,6,5,2,4,0,30,18,14,8,4,4,0,0,4,0,16,17,6,9,1,3,30,36,5,7,49,54,29.0,39.0,20.0,15.0,7.0,9.0,424,347,368.0,281.0,160,118,208,163,33.0,22.0,5.0,2.0,1.59,1.41,1.13,0.53,0.46,0.09,1.59,0.62,3.05,2.08,2,1,6,2,3,2,5,2,2,2,0.3316,0.342,0.5018,0.8616,0.3149,0.0628,0.405,0.0667,0.0369,0.0377,13,6,1,0,1,1,3,1,0,1,0.925,0.4902,0.206,0.0,0.045,0.0732,0.4141,0.019,0.0,0.7884,18,9,16.35,19.81
4732746,2025-10-26,bra,2025,Brasileirao,30,Rodrigo José Pereira de Lima,8514,Santos FC,8517,Botafogo RJ,0,2,2,45,55,9,18,7,9,1,6,1,3,0,1,5,11,4,7,6,6,2,5,0,4,18,30,8,14,4,4,0,0,0,4,17,16,9,6,3,1,36,30,7,5,54,49,39.0,29.0,15.0,20.0,9.0,7.0,347,424,281.0,368.0,118,160,163,208,22.0,33.0,2.0,5.0,1.41,1.59,0.53,1.13,0.09,0.46,0.62,1.59,2.08,3.05,1,2,2,6,2,3,2,5,2,2,0.342,0.3316,0.8616,0.5018,0.0628,0.3149,0.0667,0.405,0.0377,0.0369,6,13,0,1,1,1,1,3,1,0,0.4902,0.925,0.0,0.206,0.0732,0.045,0.019,0.4141,0.7884,0.0,9,18,19.81,16.35
4732747,2025-10-26,bra,2025,Brasileirao,30,Rafael Rodrigo Klein,10283,Palmeiras,9781,Cruzeiro,1,0,0,52,48,13,10,4,4,8,3,1,3,0,0,9,4,4,6,4,8,1,1,1,1,23,13,24,16,2,4,0,1,2,1,12,5,7,11,3,1,29,30,4,4,57,51,31.0,35.0,26.0,16.0,3.0,6.0,314,295,226.0,221.0,123,87,103,134,34.0,28.0,7.0,6.0,1.07,0.94,0.67,0.83,0.4,0.11,1.07,0.94,1.18,1.15,2,1,3,2,4,1,2,2,2,4,0.2445,0.7301,0.5336,0.1435,0.1881,0.0368,0.044,0.0418,0.0614,0.0943,10,5,0,0,2,1,1,4,0,0,0.6667,0.9161,0.0,0.0,0.359,0.0196,0.0459,0.1107,0.0,0.0,13,10,16.09,23.96
4732747,2025-10-26,bra,2025,Brasileirao,30,Rafael Rodrigo Klein,9781,Cruzeiro,10283,Palmeiras,0,0,0,48,52,10,13,4,4,3,8,3,1,0,0,4,9,6,4,8,4,1,1,1,1,13,23,16,24,4,2,1,0,1,2,5,12,11,7,1,3,30,29,4,4,51,57,35.0,31.0,16.0,26.0,6.0,3.0,295,314,221.0,226.0,87,123,134,103,28.0,34.0,6.0,7.0,0.94,1.07,0.83,0.67,0.11,0.4,0.94,1.07,1.15,1.18,1,2,2,3,1,4,2,2,4,2,0.7301,0.2445,0.1435,0.5336,0.0368,0.1881,0.0418,0.044,0.0943,0.0614,5,10,0,0,1,2,4,1,0,0,0.9161,0.6667,0.0,0.0,0.0196,0.359,0.1107,0.0459,0.0,0.0,10,13,23.96,16.09
4732749,2025-10-26,bra,2025,Brasileirao,30,Sávio Pereira Sampaio,109705,Red Bull Bragantino,10276,Vasco da Gama,1,0,3,52,48,11,8,1,5,4,2,6,1,0,0,2,7,9,1,5,3,0,2,0,0,21,18,11,7,1,1,0,0,1,0,19,19,5,11,1,6,17,33,2,1,43,40,31.0,32.0,12.0,8.0,6.0,4.0,479,451,409.0,371.0,188,259,221,112,22.0,21.0,4.0,2.0,0.63,1.68,0.56,1.68,0.06,0.0,0.63,1.68,0.61,2.64,1,1,1,3,0,3,7,0,2,1,0.1487,0.8887,0.0245,0.666,0.0,0.1631,0.3668,0.0,0.0881,0.013,9,6,1,2,1,0,0,0,0,0,0.4378,1.499,0.1268,0.2319,0.0634,0.0,0.0,0.0,0.0,0.0,11,8,20.04,12.99
4732749,2025-10-26,bra,2025,Brasileirao,30,Sávio Pereira Sampaio,10276,Vasco da Gama,109705,Red Bull Bragantino,0,3,0,48,52,8,11,5,1,2,4,1,6,0,0,7,2,1,9,3,5,2,0,0,0,18,21,7,11,1,1,0,0,0,1,19,19,11,5,6,1,33,17,1,2,40,43,32.0,31.0,8.0,12.0,4.0,6.0,451,479,371.0,409.0,259,188,112,221,21.0,22.0,2.0,4.0,1.68,0.63,1.68,0.56,0.0,0.06,1.68,0.63,2.64,0.61,1,1,3,1,3,0,0,7,1,2,0.8887,0.1487,0.666,0.0245,0.1631,0.0,0.0,0.3668,0.013,0.0881,6,9,2,1,0,1,0,0,0,0,1.499,0.4378,0.2319,0.1268,0.0,0.0634,0.0,0.0,0.0,0.0,8,11,12.99,20.04
4732751,2025-10-26,bra,2025,Brasileirao,30,Alex Gomes Stefano,9769,Gremio,10274,Juventude,1,3,1,51,49,20,9,7,4,9,3,4,2,0,0,14,4,6,5,4,3,4,1,2,1,27,12,11,32,3,6,0,1,1,0,16,16,9,7,2,4,21,20,3,4,69,42,56.0,33.0,13.0,9.0,9.0,6.0,351,338,300.0,282.0,165,132,135,150,23.0,15.0,3.0,2.0,2.67,0.34,1.5,0.26,0.38,0.08,1.88,0.34,2.16,1.2,1,1,11,1,2,2,3,2,3,3,0.3535,0.0811,2.0097,0.0549,0.0595,0.1443,0.1516,0.0562,0.0914,0.0405,9,8,3,0,2,0,5,1,1,0,1.0329,0.2958,0.4647,0.0,0.0465,0.0,0.3332,0.0811,0.7884,0.0,20,9,16.72,22.85
4732751,2025-10-26,bra,2025,Brasileirao,30,Alex Gomes Stefano,10274,Juventude,9769,Gremio,0,1,3,49,51,9,20,4,7,3,9,2,4,0,0,4,14,5,6,3,4,1,4,1,2,12,27,32,11,6,3,1,0,0,1,16,16,7,9,4,2,20,21,4,3,42,69,33.0,56.0,9.0,13.0,6.0,9.0,338,351,282.0,300.0,132,165,150,135,15.0,23.0,2.0,3.0,0.34,2.67,0.26,1.5,0.08,0.38,0.34,1.88,1.2,2.16,1,1,1,11,2,2,2,3,3,3,0.0811,0.3535,0.0549,2.0097,0.1443,0.0595,0.0562,0.1516,0.0405,0.0914,8,9,0,3,0,2,1,5,0,1,0.2958,1.0329,0.0,0.4647,0.0,0.0465,0.0811,0.3332,0.0,0.7884,9,20,22.85,16.72
4732585,2025-10-29,bra,2025,Brasileirao,12,Flavio Rodrigues De Souza,9863,Fluminense,172341,Ceara,1,1,0,59,41,12,6,5,0,5,6,2,0,1,0,7,3,5,3,9,3,1,0,1,0,26,9,17,10,5,3,0,0,2,2,11,18,4,12,0,2,10,23,0,4,37,43,25.0,36.0,12.0,7.0,5.0,1.0,531,369,456.0,301.0,245,181,211,120,21.0,26.0,3.0,2.0,1.12,0.18,0.62,0.08,0.5,0.1,1.12,0.18,0.72,0.0,1,0,3,1,3,2,3,1,2,2,0.4079,0.0,0.2877,0.0165,0.1769,0.0817,0.1859,0.0329,0.0612,0.0497,9,2,0,1,2,1,1,2,0,0,0.6229,0.0319,0.0,0.0532,0.4555,0.0285,0.0412,0.0673,0.0,0.0,12,6,16.16,24.42
4732585,2025-10-29,bra,2025,Brasileirao,12,Flavio Rodrigues De Souza,172341,Ceara,9863,Fluminense,0,0,1,41,59,6,12,0,5,6,5,0,2,0,1,3,7,3,5,3,9,0,1,0,1,9,26,10,17,3,5,0,0,2,2,18,11,12,4,2,0,23,10,4,0,43,37,36.0,25.0,7.0,12.0,1.0,5.0,369,531,301.0,456.0,181,245,120,211,26.0,21.0,2.0,3.0,0.18,1.12,0.08,0.62,0.1,0.5,0.18,1.12,0.0,0.72,0,1,1,3,2,3,1,3,2,2,0.0,0.4079,0.0165,0.2877,0.0817,0.1769,0.0329,0.1859,0.0497,0.0612,2,9,1,0,1,2,2,1,0,0,0.0319,0.6229,0.0532,0.0,0.0285,0.4555,0.0673,0.0412,0.0,0.0,6,12,24.42,16.16
4732758,2025-11-01,bra,2025,Brasileirao,31,Anderson Daronco,8514,Santos FC,8287,Fortaleza,1,1,1,68,32,15,13,4,8,7,2,4,3,0,0,8,5,7,8,7,4,1,0,1,0,31,13,15,22,4,2,0,0,2,2,18,23,5,9,3,4,18,28,7,4,70,62,52.0,49.0,18.0,13.0,14.0,12.0,503,238,436.0,164.0,192,59,244,105,16.0,24.0,7.0,4.0,1.25,0.62,0.82,0.53,0.42,0.08,1.25,0.62,0.45,0.38,1,0,6,4,1,1,7,4,0,4,0.4949,0.0,0.3697,0.269,0.0314,0.0271,0.3769,0.2236,0.0,0.0985,9,4,0,6,3,2,3,1,0,0,0.8591,0.1111,0.0,0.4228,0.1074,0.0337,0.3063,0.0507,0.0,0.0,15,13,19.2,20.24
4732758,2025-11-01,bra,2025,Brasileirao,31,Anderson Daronco,8287,Fortaleza,8514,Santos FC,0,1,1,32,68,13,15,8,4,2,7,3,4,0,0,5,8,8,7,4,7,0,1,0,1,13,31,22,15,2,4,0,0,2,2,23,18,9,5,4,3,28,18,4,7,62,70,49.0,52.0,13.0,18.0,12.0,14.0,238,503,164.0,436.0,59,192,105,244,24.0,16.0,4.0,7.0,0.62,1.25,0.53,0.82,0.08,0.42,0.62,1.25,0.38,0.45,0,1,4,6,1,1,4,7,4,0,0.0,0.4949,0.269,0.3697,0.0271,0.0314,0.2236,0.3769,0.0985,0.0,4,9,6,0,2,3,1,3,0,0,0.1111,0.8591,0.4228,0.0,0.0337,0.1074,0.0507,0.3063,0.0,0.0,13,15,20.24,19.2
4732759,2025-11-01,bra,2025,Brasileirao,31,Jonathan Benkenstein Pinheiro,163782,Mirassol,8517,Botafogo RJ,1,0,0,66,34,10,10,1,1,6,5,3,4,1,0,5,5,5,5,7,2,1,0,1,0,20,13,11,22,1,4,0,0,2,0,7,13,3,5,4,3,14,40,1,1,45,41,35.0,29.0,10.0,12.0,7.0,5.0,515,278,459.0,229.0,231,147,228,82,24.0,19.0,4.0,3.0,0.9,0.37,0.81,0.27,0.09,0.1,0.9,0.37,0.27,0.03,0,0,4,4,1,1,1,4,4,1,0.0,0.0,0.7338,0.1702,0.0366,0.0297,0.0189,0.1592,0.1077,0.0122,7,7,0,0,1,2,2,1,0,0,0.8093,0.2684,0.0,0.0,0.0249,0.0596,0.0628,0.0434,0.0,0.0,10,10,19.67,20.46
4732759,2025-11-01,bra,2025,Brasileirao,31,Jonathan Benkenstein Pinheiro,8517,Botafogo RJ,163782,Mirassol,0,0,0,34,66,10,10,1,1,5,6,4,3,0,1,5,5,5,5,2,7,0,1,0,1,13,20,22,11,4,1,0,0,0,2,13,7,5,3,3,4,40,14,1,1,41,45,29.0,35.0,12.0,10.0,5.0,7.0,278,515,229.0,459.0,147,231,82,228,19.0,24.0,3.0,4.0,0.37,0.9,0.27,0.81,0.1,0.09,0.37,0.9,0.03,0.27,0,0,4,4,1,1,4,1,1,4,0.0,0.0,0.1702,0.7338,0.0297,0.0366,0.1592,0.0189,0.0122,0.1077,7,7,0,0,2,1,1,2,0,0,0.2684,0.8093,0.0,0.0,0.0596,0.0249,0.0434,0.0628,0.0,0.0,10,10,20.46,19.67
4732760,2025-11-01,bra,2025,Brasileirao,31,Jefferson Ferreira de Moraes,9781,Cruzeiro,7733,Vitoria,1,3,1,46,54,13,10,10,7,3,1,0,2,2,0,9,8,4,2,5,3,4,1,2,1,14,21,15,11,4,4,0,0,1,1,15,17,11,7,2,0,21,22,6,7,34,47,27.0,33.0,7.0,14.0,3.0,2.0,337,395,273.0,330.0,111,176,162,154,13.0,22.0,2.0,8.0,2.12,1.24,1.25,0.98,0.08,0.26,1.33,1.24,3.19,3.1,0,0,5,5,4,3,2,2,2,0,0.0,0.0,1.7408,1.0431,0.2656,0.1192,0.0573,0.0748,0.0589,0.0,8,5,2,1,2,1,0,3,1,0,0.9506,0.8067,0.2988,0.1718,0.0849,0.0631,0.0,0.1956,0.7884,0.0,13,10,18.38,14.84
4732760,2025-11-01,bra,2025,Brasileirao,31,Jefferson Ferreira de Moraes,7733,Vitoria,9781,Cruzeiro,0,1,3,54,46,10,13,7,10,1,3,2,0,0,2,8,9,2,4,3,5,1,4,1,2,21,14,11,15,4,4,0,0,1,1,17,15,7,11,0,2,22,21,7,6,47,34,33.0,27.0,14.0,7.0,2.0,3.0,395,337,330.0,273.0,176,111,154,162,22.0,13.0,8.0,2.0,1.24,2.12,0.98,1.25,0.26,0.08,1.24,1.33,3.1,3.19,0,0,5,5,3,4,2,2,0,2,0.0,0.0,1.0431,1.7408,0.1192,0.2656,0.0748,0.0573,0.0,0.0589,5,8,1,2,1,2,3,0,0,1,0.8067,0.9506,0.1718,0.2988,0.0631,0.0849,0.1956,0.0,0.0,0.7884,10,13,14.84,18.38
4732755,2025-11-02,bra,2025,Brasileirao,31,Fernando Antonio Mendes de Salles Nascimento Fillho,9770,Flamengo,6305,Sport Recife,1,3,0,67,33,24,4,10,2,11,0,3,2,0,0,13,0,11,4,9,8,4,0,2,0,34,4,16,15,3,2,1,0,0,3,16,7,6,7,2,3,16,25,2,7,50,38,35.0,25.0,15.0,13.0,5.0,4.0,595,282,513.0,210.0,243,128,270,82,26.0,23.0,7.0,1.0,2.65,0.16,1.68,0.1,0.97,0.05,2.65,0.16,3.49,0.08,1,0,8,0,4,0,5,3,6,1,0.909,0.0,1.2986,0.0,0.2092,0.0,0.1352,0.1299,0.1119,0.0264,18,2,1,0,4,1,1,1,0,0,1.6536,0.1024,0.0268,0.0,0.9512,0.0264,0.0323,0.0274,0.0,0.0,24,4,20.27,25.53
4732755,2025-11-02,bra,2025,Brasileirao,31,Fernando Antonio Mendes de Salles Nascimento Fillho,6305,Sport Recife,9770,Flamengo,0,0,3,33,67,4,24,2,10,0,11,2,3,0,0,0,13,4,11,8,9,0,4,0,2,4,34,15,16,2,3,0,1,3,0,7,16,7,6,3,2,25,16,7,2,38,50,25.0,35.0,13.0,15.0,4.0,5.0,282,595,210.0,513.0,128,243,82,270,23.0,26.0,1.0,7.0,0.16,2.65,0.1,1.68,0.05,0.97,0.16,2.65,0.08,3.49,0,1,0,8,0,4,3,5,1,6,0.0,0.909,0.0,1.2986,0.0,0.2092,0.1299,0.1352,0.0264,0.1119,2,18,0,1,1,4,1,1,0,0,0.1024,1.6536,0.0,0.0268,0.0264,0.9512,0.0274,0.0323,0.0,0.0,4,24,25.53,20.27
4732756,2025-11-02,bra,2025,Brasileirao,31,Wilton Pereira Sampaio,10276,Vasco da Gama,10277,Sao Paulo,1,0,2,62,38,24,11,8,6,6,4,10,1,1,0,11,6,13,5,6,5,1,4,1,2,30,17,11,15,2,2,0,0,0,2,10,18,12,8,1,9,13,35,4,8,50,41,37.0,33.0,13.0,8.0,13.0,5.0,565,361,522.0,293.0,253,182,269,111,19.0,18.0,5.0,2.0,1.83,1.91,1.16,0.87,0.68,0.24,1.83,1.12,1.58,2.01,0,1,6,3,5,2,8,1,5,4,0.0,0.1909,0.8939,1.0471,0.5482,0.1408,0.2582,0.4396,0.1334,0.0869,16,5,2,3,5,2,1,0,0,1,0.779,0.5265,0.3781,0.3464,0.6057,0.2439,0.0708,0.0,0.0,0.7884,24,11,19.43,18.65
4732756,2025-11-02,bra,2025,Brasileirao,31,Wilton Pereira Sampaio,10277,Sao Paulo,10276,Vasco da Gama,0,2,0,38,62,11,24,6,8,4,6,1,10,0,1,6,11,5,13,5,6,4,1,2,1,17,30,15,11,2,2,0,0,2,0,18,10,8,12,9,1,35,13,8,4,41,50,33.0,37.0,8.0,13.0,5.0,13.0,361,565,293.0,522.0,182,253,111,269,18.0,19.0,2.0,5.0,1.91,1.83,0.87,1.16,0.24,0.68,1.12,1.83,2.01,1.58,1,0,3,6,2,5,1,8,4,5,0.1909,0.0,1.0471,0.8939,0.1408,0.5482,0.4396,0.2582,0.0869,0.1334,5,16,3,2,2,5,0,1,1,0,0.5265,0.779,0.3464,0.3781,0.2439,0.6057,0.0,0.0708,0.7884,0.0,11,24,18.65,19.43
4732757,2025-11-02,bra,2025,Brasileirao,31,Davi de Oliveira Lacerda,9808,Corinthians,9769,Gremio,1,2,0,57,43,13,14,4,3,6,7,3,4,1,1,10,6,3,8,5,8,3,2,1,2,24,19,14,8,3,3,0,0,0,1,12,15,7,11,4,3,29,18,3,2,24,42,20.0,36.0,4.0,6.0,1.0,8.0,516,378,467.0,331.0,219,168,248,163,15.0,19.0,5.0,8.0,2.79,0.86,1.59,0.41,0.42,0.46,2.01,0.86,1.88,0.09,3,1,6,1,1,4,3,4,0,4,0.6605,0.3302,1.88,0.1198,0.0517,0.1834,0.2021,0.148,0.0,0.0806,9,6,1,2,2,5,0,1,1,0,1.4417,0.295,0.1479,0.1102,0.4162,0.4106,0.0,0.0462,0.7884,0.0,13,14,13.51,21.15
4732757,2025-11-02,bra,2025,Brasileirao,31,Davi de Oliveira Lacerda,9769,Gremio,9808,Corinthians,0,0,2,43,57,14,13,3,4,7,6,4,3,1,1,6,10,8,3,8,5,2,3,2,1,19,24,8,14,3,3,0,0,1,0,15,12,11,7,3,4,18,29,2,3,42,24,36.0,20.0,6.0,4.0,8.0,1.0,378,516,331.0,467.0,168,219,163,248,19.0,15.0,8.0,5.0,0.86,2.79,0.41,1.59,0.46,0.42,0.86,2.01,0.09,1.88,1,3,1,6,4,1,4,3,4,0,0.3302,0.6605,0.1198,1.88,0.1834,0.0517,0.148,0.2021,0.0806,0.0,6,9,2,1,5,2,1,0,0,1,0.295,1.4417,0.1102,0.1479,0.4106,0.4162,0.0462,0.0,0.0,0.7884,14,13,21.15,13.51
4732761,2025-11-02,bra,2025,Brasileirao,31,Alex Gomes Stefano,8702,Internacional,10272,Atletico MG,1,0,0,76,24,21,6,9,2,4,1,8,3,0,0,9,2,12,4,7,1,1,0,1,0,28,9,18,10,7,4,0,1,4,0,13,14,7,8,3,8,23,32,2,8,53,48,29.0,31.0,24.0,17.0,7.0,1.0,585,179,527.0,107.0,133,57,394,50,13.0,21.0,9.0,2.0,1.83,0.27,1.42,0.23,0.41,0.04,1.83,0.27,2.0,0.08,1,0,8,2,0,0,7,1,5,3,0.8519,0.0,0.5858,0.3016,0.0,0.0,0.2885,0.0305,0.1065,0.0593,9,5,4,0,5,0,3,1,0,0,0.4681,0.3533,0.9563,0.0,0.2589,0.0,0.1494,0.038,0.0,0.0,21,6,18.02,23.26
4732761,2025-11-02,bra,2025,Brasileirao,31,Alex Gomes Stefano,10272,Atletico MG,8702,Internacional,0,0,0,24,76,6,21,2,9,1,4,3,8,0,0,2,9,4,12,1,7,0,1,0,1,9,28,10,18,4,7,1,0,0,4,14,13,8,7,8,3,32,23,8,2,48,53,31.0,29.0,17.0,24.0,1.0,7.0,179,585,107.0,527.0,57,133,50,394,21.0,13.0,2.0,9.0,0.27,1.83,0.23,1.42,0.04,0.41,0.27,1.83,0.08,2.0,0,1,2,8,0,0,1,7,3,5,0.0,0.8519,0.3016,0.5858,0.0,0.0,0.0305,0.2885,0.0593,0.1065,5,9,0,4,0,5,1,3,0,0,0.3533,0.4681,0.0,0.9563,0.0,0.2589,0.038,0.1494,0.0,0.0,6,21,23.26,18.02
4732762,2025-11-02,bra,2025,Brasileirao,31,Marcelo de Lima Henrique,7877,Bahia,109705,Red Bull Bragantino,1,2,1,69,31,17,7,6,3,5,3,6,1,1,1,13,5,4,2,4,3,4,2,2,1,30,10,11,20,3,5,0,0,1,2,10,16,3,4,1,6,15,24,2,4,52,48,36.0,33.0,16.0,15.0,7.0,7.0,535,232,464.0,164.0,215,68,249,96,17.0,16.0,5.0,2.0,1.58,0.76,1.39,0.66,0.18,0.1,1.58,0.76,2.18,1.97,2,2,7,2,4,1,2,1,2,1,0.1938,0.3793,1.1201,0.1434,0.1579,0.0246,0.0695,0.0315,0.0337,0.1767,9,1,1,3,3,2,4,1,0,0,1.3371,0.1019,0.0555,0.556,0.0824,0.073,0.1001,0.0246,0.0,0.0,17,7,15.83,13.85
4732762,2025-11-02,bra,2025,Brasileirao,31,Marcelo de Lima Henrique,109705,Red Bull Bragantino,7877,Bahia,0,1,2,31,69,7,17,3,6,3,5,1,6,1,1,5,13,2,4,3,4,2,4,1,2,10,30,20,11,5,3,0,0,2,1,16,10,4,3,6,1,24,15,4,2,48,52,33.0,36.0,15.0,16.0,7.0,7.0,232,535,164.0,464.0,68,215,96,249,16.0,17.0,2.0,5.0,0.76,1.58,0.66,1.39,0.1,0.18,0.76,1.58,1.97,2.18,2,2,2,7,1,4,1,2,1,2,0.3793,0.1938,0.1434,1.1201,0.0246,0.1579,0.0315,0.0695,0.1767,0.0337,1,9,3,1,2,3,1,4,0,0,0.1019,1.3371,0.556,0.0555,0.073,0.0824,0.0246,0.1001,0.0,0.0,7,17,13.85,15.83
4732763,2025-11-02,bra,2025,Brasileirao,31,Lucas Paulo Torezin,172341,Ceara,9863,Fluminense,1,2,0,44,56,14,4,5,3,5,0,4,1,1,0,6,2,8,2,4,5,2,0,1,0,22,18,14,15,3,0,0,1,2,1,16,8,8,3,1,4,11,21,3,3,46,33,33.0,26.0,13.0,7.0,7.0,6.0,361,462,312.0,409.0,145,224,167,185,31.0,14.0,1.0,2.0,1.12,0.29,0.76,0.1,0.36,0.18,1.12,0.29,1.83,0.52,1,0,4,1,1,1,7,2,1,0,0.3902,0.0,0.3509,0.1343,0.0269,0.0327,0.3169,0.0943,0.0392,0.0,9,2,0,1,2,1,3,0,0,0,0.763,0.0943,0.0,0.0327,0.0409,0.1343,0.3201,0.0,0.0,0.0,14,4,19.64,18.92
4732763,2025-11-02,bra,2025,Brasileirao,31,Lucas Paulo Torezin,9863,Fluminense,172341,Ceara,0,0,2,56,44,4,14,3,5,0,5,1,4,0,1,2,6,2,8,5,4,0,2,0,1,18,22,15,14,0,3,1,0,1,2,8,16,3,8,4,1,21,11,3,3,33,46,26.0,33.0,7.0,13.0,6.0,7.0,462,361,409.0,312.0,224,145,185,167,14.0,31.0,2.0,1.0,0.29,1.12,0.1,0.76,0.18,0.36,0.29,1.12,0.52,1.83,0,1,1,4,1,1,2,7,0,1,0.0,0.3902,0.1343,0.3509,0.0327,0.0269,0.0943,0.3169,0.0,0.0392,2,9,1,0,1,2,0,3,0,0,0.0943,0.763,0.0327,0.0,0.1343,0.0409,0.0,0.3201,0.0,0.0,4,14,18.92,19.64
4732764,2025-11-02,bra,2025,Brasileirao,31,Sávio Pereira Sampaio,10274,Juventude,10283,Palmeiras,1,0,2,51,49,12,14,10,5,1,3,1,6,0,0,7,6,5,8,4,1,1,1,1,0,20,20,16,15,2,1,0,0,0,2,25,16,8,11,5,1,12,26,3,10,62,52,49.0,40.0,13.0,12.0,9.0,9.0,390,401,318.0,320.0,156,189,162,131,17.0,24.0,6.0,2.0,0.85,0.94,0.65,0.71,0.2,0.24,0.85,0.94,1.94,1.86,0,1,5,4,2,1,3,3,2,5,0.0,0.1002,0.6004,0.358,0.0522,0.0187,0.1632,0.2325,0.0367,0.2341,7,8,1,2,2,1,2,3,0,0,0.5593,0.5283,0.0885,0.1795,0.1646,0.1002,0.0401,0.1356,0.0,0.0,12,14,19.97,19.96
4732764,2025-11-02,bra,2025,Brasileirao,31,Sávio Pereira Sampaio,10283,Palmeiras,10274,Juventude,0,2,0,49,51,14,12,5,10,3,1,6,1,0,0,6,7,8,5,1,4,1,1,0,1,20,20,15,16,1,2,0,0,2,0,16,25,11,8,1,5,26,12,10,3,52,62,40.0,49.0,12.0,13.0,9.0,9.0,401,390,320.0,318.0,189,156,131,162,24.0,17.0,2.0,6.0,0.94,0.85,0.71,0.65,0.24,0.2,0.94,0.85,1.86,1.94,1,0,4,5,1,2,3,3,5,2,0.1002,0.0,0.358,0.6004,0.0187,0.0522,0.2325,0.1632,0.2341,0.0367,8,7,2,1,1,2,3,2,0,0,0.5283,0.5593,0.1795,0.0885,0.1002,0.1646,0.1356,0.0401,0.0,0.0,14,12,19.96,19.97
4732766,2025-11-05,bra,2025,Brasileirao,32,Bruno Arleu de Araújo,8517,Botafogo RJ,10276,Vasco da Gama,1,3,0,51,49,23,12,9,0,6,6,8,6,2,0,17,8,6,4,8,3,5,1,3,1,34,17,10,11,3,2,0,0,3,0,15,7,7,7,6,8,16,28,0,7,36,31,27.0,22.0,9.0,9.0,2.0,7.0,439,425,394.0,386.0,179,234,215,152,23.0,15.0,8.0,4.0,3.9,1.02,2.31,0.98,0.8,0.04,3.11,1.02,3.88,0.0,2,1,11,4,4,3,5,4,1,0,0.7155,0.4463,2.1215,0.3327,0.1592,0.1112,0.2293,0.1324,0.0133,0.0,14,10,2,0,5,2,1,0,1,0,0.9838,0.9835,0.719,0.0,0.6827,0.0391,0.0649,0.0,0.7884,0.0,23,12,15.81,16.87
4732766,2025-11-05,bra,2025,Brasileirao,32,Bruno Arleu de Araújo,10276,Vasco da Gama,8517,Botafogo RJ,0,0,3,49,51,12,23,0,9,6,6,6,8,0,2,8,17,4,6,3,8,1,5,1,3,17,34,11,10,2,3,0,0,0,3,7,15,7,7,8,6,28,16,7,0,31,36,22.0,27.0,9.0,9.0,7.0,2.0,425,439,386.0,394.0,234,179,152,215,15.0,23.0,4.0,8.0,1.02,3.9,0.98,2.31,0.04,0.8,1.02,3.11,0.0,3.88,1,2,4,11,3,4,4,5,0,1,0.4463,0.7155,0.3327,2.1215,0.1112,0.1592,0.1324,0.2293,0.0,0.0133,10,14,0,2,2,5,0,1,0,1,0.9835,0.9838,0.0,0.719,0.0391,0.6827,0.0,0.0649,0.0,0.7884,12,23,16.87,15.81
4732769,2025-11-05,bra,2025,Brasileirao,32,Edina Alves Batista,109705,Red Bull Bragantino,9808,Corinthians,1,2,1,58,42,19,8,6,4,5,3,8,1,0,1,12,4,7,4,6,1,2,1,0,0,28,8,20,15,7,3,0,2,1,0,8,19,6,5,1,8,16,25,4,4,37,43,28.0,41.0,9.0,2.0,5.0,2.0,396,290,328.0,223.0,134,117,194,106,17.0,24.0,5.0,2.0,2.22,0.43,1.04,0.4,0.4,0.03,1.44,0.43,1.82,1.3,1,0,8,2,3,2,4,3,3,1,0.4078,0.0,1.4405,0.3243,0.2031,0.1444,0.0872,0.1451,0.0861,0.0358,13,6,0,1,2,1,3,0,1,0,1.0356,0.5937,0.0,0.0358,0.1141,0.0201,0.2866,0.0,0.7884,0.0,19,8,17.58,19.4
4732769,2025-11-05,bra,2025,Brasileirao,32,Edina Alves Batista,9808,Corinthians,109705,Red Bull Bragantino,0,1,2,42,58,8,19,4,6,3,5,1,8,1,0,4,12,4,7,1,6,1,2,0,0,8,28,15,20,3,7,2,0,0,1,19,8,5,6,8,1,25,16,4,4,43,37,41.0,28.0,2.0,9.0,2.0,5.0,290,396,223.0,328.0,117,134,106,194,24.0,17.0,2.0,5.0,0.43,2.22,0.4,1.04,0.03,0.4,0.43,1.44,1.3,1.82,0,1,2,8,2,3,3,4,1,3,0.0,0.4078,0.3243,1.4405,0.1444,0.2031,0.1451,0.0872,0.0358,0.0861,6,13,1,0,1,2,0,3,0,1,0.5937,1.0356,0.0358,0.0,0.0201,0.1141,0.0,0.2866,0.0,0.7884,8,19,19.4,17.58
4732770,2025-11-05,bra,2025,Brasileirao,32,Davi de Oliveira Lacerda,10272,Atletico MG,7877,Bahia,1,3,0,61,39,23,12,7,4,5,5,11,3,0,0,11,6,12,6,13,3,1,1,0,1,33,19,6,8,2,2,0,1,2,1,17,14,5,3,3,11,17,34,4,4,36,39,30.0,29.0,6.0,10.0,5.0,9.0,493,329,445.0,277.0,150,138,295,139,22.0,17.0,7.0,4.0,1.09,0.72,0.82,0.57,0.28,0.15,1.09,0.72,2.02,0.8,1,0,3,5,7,1,9,6,3,0,0.0978,0.0,0.1682,0.5314,0.4177,0.0415,0.3253,0.1464,0.083,0.0,13,7,1,1,6,3,3,1,0,0,0.718,0.5255,0.0977,0.0415,0.1168,0.1337,0.1595,0.0186,0.0,0.0,23,12,21.55,20.14
4732770,2025-11-05,bra,2025,Brasileirao,32,Davi de Oliveira Lacerda,7877,Bahia,10272,Atletico MG,0,0,3,39,61,12,23,4,7,5,5,3,11,0,0,6,11,6,12,3,13,1,1,1,0,19,33,8,6,2,2,1,0,1,2,14,17,3,5,11,3,34,17,4,4,39,36,29.0,30.0,10.0,6.0,9.0,5.0,329,493,277.0,445.0,138,150,139,295,17.0,22.0,4.0,7.0,0.72,1.09,0.57,0.82,0.15,0.28,0.72,1.09,0.8,2.02,0,1,5,3,1,7,6,9,0,3,0.0,0.0978,0.5314,0.1682,0.0415,0.4177,0.1464,0.3253,0.0,0.083,7,13,1,1,3,6,1,3,0,0,0.5255,0.718,0.0415,0.0977,0.1337,0.1168,0.0186,0.1595,0.0,0.0,12,23,20.14,21.55
4732771,2025-11-05,bra,2025,Brasileirao,32,Lucas Paulo Torezin,9769,Gremio,9781,Cruzeiro,1,0,1,57,43,17,9,6,6,9,3,2,0,0,1,10,6,7,3,5,6,3,2,3,2,31,11,15,17,2,3,0,0,2,0,8,8,14,11,0,2,12,40,5,6,40,37,28.0,24.0,12.0,13.0,5.0,4.0,404,316,337.0,250.0,191,101,146,149,29.0,15.0,8.0,3.0,1.47,0.62,0.96,0.45,0.51,0.18,1.47,0.62,1.44,0.82,0,1,7,4,3,1,3,2,4,1,0.0,0.0287,1.0607,0.6248,0.2003,0.0508,0.0763,0.0845,0.1293,0.0188,12,4,0,1,2,3,3,1,0,0,0.9579,0.2582,0.0,0.3047,0.1092,0.2079,0.3996,0.0368,0.0,0.0,17,9,18.03,17.41
4732771,2025-11-05,bra,2025,Brasileirao,32,Lucas Paulo Torezin,9781,Cruzeiro,9769,Gremio,0,1,0,43,57,9,17,6,6,3,9,0,2,1,0,6,10,3,7,6,5,2,3,2,3,11,31,17,15,3,2,0,0,0,2,8,8,11,14,2,0,40,12,6,5,37,40,24.0,28.0,13.0,12.0,4.0,5.0,316,404,250.0,337.0,101,191,149,146,15.0,29.0,3.0,8.0,0.62,1.47,0.45,0.96,0.18,0.51,0.62,1.47,0.82,1.44,1,0,4,7,1,3,2,3,1,4,0.0287,0.0,0.6248,1.0607,0.0508,0.2003,0.0845,0.0763,0.0188,0.1293,4,12,1,0,3,2,1,3,0,0,0.2582,0.9579,0.3047,0.0,0.2079,0.1092,0.0368,0.3996,0.0,0.0,9,17,17.41,18.03
4732772,2025-11-05,bra,2025,Brasileirao,32,Felipe Fernandes de Lima,7733,Vitoria,8702,Internacional,1,1,0,43,57,11,9,3,4,6,2,2,3,0,0,9,4,2,5,4,4,2,0,2,0,16,18,13,21,3,4,0,0,1,3,17,17,6,7,3,2,28,33,4,2,72,56,44.0,37.0,28.0,19.0,9.0,7.0,298,418,216.0,331.0,114,152,102,179,23.0,22.0,7.0,3.0,1.17,0.73,0.6,0.58,0.57,0.15,1.17,0.73,1.19,0.33,2,1,6,3,1,0,1,2,1,3,0.1424,0.0713,0.863,0.5203,0.1529,0.0,0.0078,0.0648,0.0073,0.0603,2,5,1,1,4,0,4,3,0,0,0.449,0.5315,0.1529,0.0379,0.2367,0.0,0.3348,0.1473,0.0,0.0,11,9,14.11,19.1
4732772,2025-11-05,bra,2025,Brasileirao,32,Felipe Fernandes de Lima,8702,Internacional,7733,Vitoria,0,0,1,57,43,9,11,4,3,2,6,3,2,0,0,4,9,5,2,4,4,0,2,0,2,18,16,21,13,4,3,0,0,3,1,17,17,7,6,2,3,33,28,2,4,56,72,37.0,44.0,19.0,28.0,7.0,9.0,418,298,331.0,216.0,152,114,179,102,22.0,23.0,3.0,7.0,0.73,1.17,0.58,0.6,0.15,0.57,0.73,1.17,0.33,1.19,1,2,3,6,0,1,2,1,3,1,0.0713,0.1424,0.5203,0.863,0.0,0.1529,0.0648,0.0078,0.0603,0.0073,5,2,1,1,0,4,3,4,0,0,0.5315,0.449,0.0379,0.1529,0.0,0.2367,0.1473,0.3348,0.0,0.0,9,11,19.1,14.11
4732774,2025-11-05,bra,2025,Brasileirao,32,André Luiz Skettino Policarpo Bento,6305,Sport Recife,10274,Juventude,1,0,2,54,46,14,7,2,4,6,3,6,0,1,0,8,5,6,2,4,5,1,3,1,1,22,12,21,19,3,3,0,0,4,3,23,17,10,8,0,6,20,21,2,2,67,47,49.0,40.0,18.0,7.0,10.0,3.0,434,366,366.0,303.0,231,155,135,148,23.0,24.0,5.0,1.0,1.12,1.75,0.26,1.75,0.85,0.0,1.12,1.75,0.92,1.99,0,2,5,1,3,2,4,0,2,2,0.0,1.3469,0.7106,0.1951,0.157,0.1112,0.1821,0.0,0.068,0.05,4,6,1,1,4,0,5,0,0,0,0.1497,1.6277,0.113,0.0755,0.5161,0.0,0.3388,0.0,0.0,0.0,14,7,16.77,15.02
4732774,2025-11-05,bra,2025,Brasileirao,32,André Luiz Skettino Policarpo Bento,10274,Juventude,6305,Sport Recife,0,2,0,46,54,7,14,4,2,3,6,0,6,0,1,5,8,2,6,5,4,3,1,1,1,12,22,19,21,3,3,0,0,3,4,17,23,8,10,6,0,21,20,2,2,47,67,40.0,49.0,7.0,18.0,3.0,10.0,366,434,303.0,366.0,155,231,148,135,24.0,23.0,1.0,5.0,1.75,1.12,1.75,0.26,0.0,0.85,1.75,1.12,1.99,0.92,2,0,1,5,2,3,0,4,2,2,1.3469,0.0,0.1951,0.7106,0.1112,0.157,0.0,0.1821,0.05,0.068,6,4,1,1,0,4,0,5,0,0,1.6277,0.1497,0.0755,0.113,0.0,0.5161,0.0,0.3388,0.0,0.0,7,14,15.02,16.77
4732765,2025-11-06,bra,2025,Brasileirao,32,Anderson Daronco,9863,Fluminense,163782,Mirassol,1,1,0,43,57,16,10,4,2,8,5,4,3,0,0,12,8,4,2,4,3,6,1,6,1,29,16,24,10,4,2,0,0,1,3,14,12,7,9,3,3,21,17,2,3,47,46,26.0,40.0,21.0,6.0,4.0,5.0,339,451,282.0,381.0,111,227,171,154,31.0,35.0,7.0,3.0,2.48,1.41,2.0,1.11,0.49,0.3,2.48,1.41,1.78,0.56,3,2,8,4,1,2,2,2,2,0,0.9729,0.769,1.2165,0.5259,0.0545,0.0591,0.1866,0.0587,0.0531,0.0,9,7,3,0,2,2,2,1,0,0,1.5648,1.1129,0.4313,0.0,0.3009,0.232,0.1866,0.0678,0.0,0.0,16,10,14.2,13.74
4732765,2025-11-06,bra,2025,Brasileirao,32,Anderson Daronco,163782,Mirassol,9863,Fluminense,0,0,1,57,43,10,16,2,4,5,8,3,4,0,0,8,12,2,4,3,4,1,6,1,6,16,29,10,24,2,4,0,0,3,1,12,14,9,7,3,3,17,21,3,2,46,47,40.0,26.0,6.0,21.0,5.0,4.0,451,339,381.0,282.0,227,111,154,171,35.0,31.0,3.0,7.0,1.41,2.48,1.11,2.0,0.3,0.49,1.41,2.48,0.56,1.78,2,3,4,8,2,1,2,2,0,2,0.769,0.9729,0.5259,1.2165,0.0591,0.0545,0.0587,0.1866,0.0,0.0531,7,9,0,3,2,2,1,2,0,0,1.1129,1.5648,0.0,0.4313,0.232,0.3009,0.0678,0.1866,0.0,0.0,10,16,13.74,14.2
4732768,2025-11-06,bra,2025,Brasileirao,32,Rodrigo José Pereira de Lima,10277,Sao Paulo,9770,Flamengo,1,2,2,47,53,15,15,4,2,8,8,3,5,0,0,7,13,8,2,3,5,1,4,0,2,16,25,14,18,2,3,0,1,1,1,11,10,8,4,4,3,18,17,0,2,40,41,33.0,33.0,7.0,8.0,5.0,9.0,403,457,342.0,394.0,168,204,174,190,15.0,20.0,3.0,7.0,0.82,1.76,0.61,0.65,0.21,0.32,0.82,0.97,1.35,1.68,1,1,5,9,1,3,4,0,4,2,0.1692,0.0413,0.4328,1.5369,0.0289,0.1112,0.0897,0.0,0.0964,0.0717,11,8,0,1,3,4,1,1,0,1,0.6077,0.6026,0.0,0.0503,0.1659,0.2791,0.0434,0.0407,0.0,0.7884,15,15,20.2,14.1
4732768,2025-11-06,bra,2025,Brasileirao,32,Rodrigo José Pereira de Lima,9770,Flamengo,10277,Sao Paulo,0,2,2,53,47,15,15,2,4,8,8,5,3,0,0,13,7,2,8,5,3,4,1,2,0,25,16,18,14,3,2,1,0,1,1,10,11,4,8,3,4,17,18,2,0,41,40,33.0,33.0,8.0,7.0,9.0,5.0,457,403,394.0,342.0,204,168,190,174,20.0,15.0,7.0,3.0,1.76,0.82,0.65,0.61,0.32,0.21,0.97,0.82,1.68,1.35,1,1,9,5,3,1,0,4,2,4,0.0413,0.1692,1.5369,0.4328,0.1112,0.0289,0.0,0.0897,0.0717,0.0964,8,11,1,0,4,3,1,1,1,0,0.6026,0.6077,0.0503,0.0,0.2791,0.1659,0.0407,0.0434,0.7884,0.0,15,15,14.1,20.2
4732773,2025-11-06,bra,2025,Brasileirao,32,Wilton Pereira Sampaio,172341,Ceara,8287,Fortaleza,1,1,1,62,38,13,7,3,4,6,1,4,2,0,0,7,3,6,4,5,4,2,2,1,1,21,9,17,12,3,3,0,0,1,0,16,16,5,11,2,3,18,32,3,2,48,62,34.0,40.0,14.0,22.0,7.0,8.0,392,244,333.0,183.0,142,60,191,123,23.0,28.0,10.0,2.0,0.74,0.49,0.37,0.32,0.37,0.17,0.74,0.49,0.95,1.48,1,0,5,3,1,0,4,2,2,2,0.1605,0.0,0.2703,0.3097,0.0419,0.0,0.2153,0.085,0.0546,0.0466,7,4,1,0,3,2,2,1,0,0,0.3023,0.3024,0.0709,0.0,0.223,0.1066,0.1464,0.0324,0.0,0.0,13,7,19.19,18.76
4732773,2025-11-06,bra,2025,Brasileirao,32,Wilton Pereira Sampaio,8287,Fortaleza,172341,Ceara,0,1,1,38,62,7,13,4,3,1,6,2,4,0,0,3,7,4,6,4,5,2,2,1,1,9,21,12,17,3,3,0,0,0,1,16,16,11,5,3,2,32,18,2,3,62,48,40.0,34.0,22.0,14.0,8.0,7.0,244,392,183.0,333.0,60,142,123,191,28.0,23.0,2.0,10.0,0.49,0.74,0.32,0.37,0.17,0.37,0.49,0.74,1.48,0.95,0,1,3,5,0,1,2,4,2,2,0.0,0.1605,0.3097,0.2703,0.0,0.0419,0.085,0.2153,0.0466,0.0546,4,7,0,1,2,3,1,2,0,0,0.3024,0.3023,0.0,0.0709,0.1066,0.223,0.0324,0.1464,0.0,0.0,7,13,18.76,19.19
4732767,2025-11-07,bra,2025,Brasileirao,32,Raphael Claus,10283,Palmeiras,8514,Santos FC,1,2,0,54,46,31,9,14,3,9,5,8,1,1,0,17,4,14,5,13,5,4,0,2,0,44,19,11,8,1,2,0,0,0,2,21,12,8,13,2,9,19,39,2,11,63,50,42.0,32.0,21.0,18.0,13.0,11.0,371,319,294.0,249.0,148,125,146,124,36.0,20.0,8.0,2.0,2.1,0.39,1.39,0.21,0.71,0.18,2.1,0.39,2.25,0.15,0,0,11,2,6,2,10,3,4,2,0.0,0.0,0.9954,0.1946,0.5946,0.0243,0.3887,0.1122,0.1166,0.0998,10,6,9,0,10,0,2,3,0,0,0.5273,0.3118,0.8596,0.0,0.6368,0.0,0.0716,0.119,0.0,0.0,31,9,18.82,19.91
4732767,2025-11-07,bra,2025,Brasileirao,32,Raphael Claus,8514,Santos FC,10283,Palmeiras,0,0,2,46,54,9,31,3,14,5,9,1,8,0,1,4,17,5,14,5,13,0,4,0,2,19,44,8,11,2,1,0,0,2,0,12,21,13,8,9,2,39,19,11,2,50,63,32.0,42.0,18.0,21.0,11.0,13.0,319,371,249.0,294.0,125,148,124,146,20.0,36.0,2.0,8.0,0.39,2.1,0.21,1.39,0.18,0.71,0.39,2.1,0.15,2.25,0,0,2,11,2,6,3,10,2,4,0.0,0.0,0.1946,0.9954,0.0243,0.5946,0.1122,0.3887,0.0998,0.1166,6,10,0,9,0,10,3,2,0,0,0.3118,0.5273,0.0,0.8596,0.0,0.6368,0.119,0.0716,0.0,0.0,9,31,19.91,18.82
4732776,2025-11-08,bra,2025,Brasileirao,33,Fernando Antonio Mendes de Salles Nascimento Fillho,10276,Vasco da Gama,10274,Juventude,1,1,3,71,29,14,10,4,5,6,5,4,0,0,1,10,6,4,4,7,1,3,4,2,1,22,12,18,15,2,4,1,0,2,3,12,17,4,7,0,4,10,29,2,3,43,51,34.0,45.0,9.0,6.0,7.0,10.0,576,236,531.0,192.0,254,133,277,59,12.0,19.0,6.0,4.0,1.45,1.8,0.79,1.51,0.66,0.29,1.45,1.8,0.57,2.14,2,0,6,6,2,0,4,2,0,2,0.4474,0.0,0.7638,1.5649,0.0832,0.0,0.1595,0.1452,0.0,0.109,7,6,1,0,5,2,1,2,0,0,0.7554,1.5,0.0367,0.0,0.6156,0.238,0.0461,0.0811,0.0,0.0,14,10,14.11,16.93
4732776,2025-11-08,bra,2025,Brasileirao,33,Fernando Antonio Mendes de Salles Nascimento Fillho,10274,Juventude,10276,Vasco da Gama,0,3,1,29,71,10,14,5,4,5,6,0,4,1,0,6,10,4,4,1,7,4,3,1,2,12,22,15,18,4,2,0,1,3,2,17,12,7,4,4,0,29,10,3,2,51,43,45.0,34.0,6.0,9.0,10.0,7.0,236,576,192.0,531.0,133,254,59,277,19.0,12.0,4.0,6.0,1.8,1.45,1.51,0.79,0.29,0.66,1.8,1.45,2.14,0.57,0,2,6,6,0,2,2,4,2,0,0.0,0.4474,1.5649,0.7638,0.0,0.0832,0.1452,0.1595,0.109,0.0,6,7,0,1,2,5,2,1,0,0,1.5,0.7554,0.0,0.0367,0.238,0.6156,0.0811,0.0461,0.0,0.0,10,14,16.93,14.11
4732781,2025-11-08,bra,2025,Brasileirao,33,Lucas Paulo Torezin,8702,Internacional,7877,Bahia,1,2,2,37,63,16,16,6,4,5,8,5,4,1,1,14,13,2,3,6,5,5,5,3,4,23,26,22,15,4,2,0,0,2,3,15,11,4,5,3,5,25,27,2,4,47,65,37.0,43.0,10.0,22.0,8.0,12.0,262,450,194.0,384.0,79,231,115,153,22.0,17.0,2.0,8.0,1.93,2.29,1.79,1.32,0.14,0.97,1.93,2.29,1.91,2.38,3,3,4,7,7,3,1,3,1,0,0.5038,1.4564,0.957,0.6081,0.4848,0.1514,0.0356,0.0737,0.0313,0.0,12,11,1,0,1,1,2,4,0,0,1.2711,1.3237,0.6359,0.0,0.0378,0.0874,0.0676,0.8784,0.0,0.0,16,16,14.09,13.66
4732781,2025-11-08,bra,2025,Brasileirao,33,Lucas Paulo Torezin,7877,Bahia,8702,Internacional,0,2,2,63,37,16,16,4,6,8,5,4,5,1,1,13,14,3,2,5,6,5,5,4,3,26,23,15,22,2,4,0,0,3,2,11,15,5,4,5,3,27,25,4,2,65,47,43.0,37.0,22.0,10.0,12.0,8.0,450,262,384.0,194.0,231,79,153,115,17.0,22.0,8.0,2.0,2.29,1.93,1.32,1.79,0.97,0.14,2.29,1.93,2.38,1.91,3,3,7,4,3,7,3,1,0,1,1.4564,0.5038,0.6081,0.957,0.1514,0.4848,0.0737,0.0356,0.0,0.0313,11,12,0,1,1,1,4,2,0,0,1.3237,1.2711,0.0,0.6359,0.0874,0.0378,0.8784,0.0676,0.0,0.0,16,16,13.66,14.09
4732784,2025-11-08,bra,2025,Brasileirao,33,Matheus Delgado Candançan,6305,Sport Recife,10272,Atletico MG,1,2,4,31,69,7,20,4,5,2,10,1,5,0,1,4,14,3,6,4,4,1,5,0,3,13,32,12,6,1,0,0,0,2,3,19,15,6,1,5,1,36,30,1,2,40,57,29.0,37.0,11.0,20.0,4.0,10.0,260,608,205.0,542.0,120,244,85,298,20.0,32.0,5.0,4.0,0.4,2.36,0.33,2.24,0.07,0.12,0.4,2.36,0.83,1.92,0,2,2,9,2,3,1,3,2,3,0.0,0.4737,0.0728,1.5874,0.2451,0.1128,0.0355,0.1289,0.0474,0.0573,3,15,1,2,2,2,1,1,0,0,0.2807,2.0822,0.0492,0.161,0.0354,0.0908,0.0355,0.0262,0.0,0.0,7,20,17.73,16.44
4732784,2025-11-08,bra,2025,Brasileirao,33,Matheus Delgado Candançan,10272,Atletico MG,6305,Sport Recife,0,4,2,69,31,20,7,5,4,10,2,5,1,1,0,14,4,6,3,4,4,5,1,3,0,32,13,6,12,0,1,0,0,3,2,15,19,1,6,1,5,30,36,2,1,57,40,37.0,29.0,20.0,11.0,10.0,4.0,608,260,542.0,205.0,244,120,298,85,32.0,20.0,4.0,5.0,2.36,0.4,2.24,0.33,0.12,0.07,2.36,0.4,1.92,0.83,2,0,9,2,3,2,3,1,3,2,0.4737,0.0,1.5874,0.0728,0.1128,0.2451,0.1289,0.0355,0.0573,0.0474,15,3,2,1,2,2,1,1,0,0,2.0822,0.2807,0.161,0.0492,0.0908,0.0354,0.0262,0.0355,0.0,0.0,20,7,16.44,17.73
4732775,2025-11-09,bra,2025,Brasileirao,33,Savio Sampaio,9770,Flamengo,8514,Santos FC,1,3,2,66,34,14,18,4,4,7,10,3,4,1,1,12,13,2,5,10,3,4,4,2,2,34,27,14,12,2,2,0,0,1,1,10,15,4,12,4,3,14,31,2,2,39,50,32.0,36.0,7.0,14.0,11.0,9.0,585,301,531.0,253.0,211,141,320,112,11.0,19.0,4.0,6.0,2.6,2.49,1.65,1.55,0.16,0.95,1.81,2.49,1.87,2.49,1,4,6,9,5,0,2,4,0,1,0.0723,1.6363,1.9401,0.614,0.1625,0.0,0.0312,0.201,0.0,0.0398,9,6,0,4,3,4,1,4,1,0,1.2066,0.393,0.0,1.1529,0.1874,0.5378,0.0237,0.4074,0.7884,0.0,14,18,15.25,13.57
4732775,2025-11-09,bra,2025,Brasileirao,33,Savio Sampaio,8514,Santos FC,9770,Flamengo,0,2,3,34,66,18,14,4,4,10,7,4,3,1,1,13,12,5,2,3,10,4,4,2,2,27,34,12,14,2,2,0,0,1,1,15,10,12,4,3,4,31,14,2,2,50,39,36.0,32.0,14.0,7.0,9.0,11.0,301,585,253.0,531.0,141,211,112,320,19.0,11.0,6.0,4.0,2.49,2.6,1.55,1.65,0.95,0.16,2.49,1.81,2.49,1.87,4,1,9,6,0,5,4,2,1,0,1.6363,0.0723,0.614,1.9401,0.0,0.1625,0.201,0.0312,0.0398,0.0,6,9,4,0,4,3,4,1,0,1,0.393,1.2066,1.1529,0.0,0.5378,0.1874,0.4074,0.0237,0.0,0.7884,18,14,13.57,15.25
4732777,2025-11-09,bra,2025,Brasileirao,33,,9808,Corinthians,172341,Ceara,1,0,1,78,22,16,7,5,4,5,3,6,0,0,0,7,4,9,3,9,4,1,1,1,0,35,6,7,20,1,7,0,0,2,4,8,20,1,11,0,5,16,47,3,5,56,52,37.0,38.0,19.0,14.0,12.0,12.0,681,192,607.0,128.0,217,71,390,57,14.0,15.0,6.0,3.0,0.86,0.43,0.32,0.37,0.55,0.05,0.86,0.43,0.59,0.93,1,0,4,3,2,1,7,1,2,2,0.1653,0.0,0.209,0.2726,0.0437,0.1019,0.4216,0.0434,0.025,0.0642,8,2,1,3,3,1,4,1,0,0,0.2778,0.0534,0.0397,0.3775,0.2016,0.0314,0.3455,0.0198,0.0,0.0,16,7,20.2,20.61
4732777,2025-11-09,bra,2025,Brasileirao,33,,172341,Ceara,9808,Corinthians,0,1,0,22,78,7,16,4,5,3,5,0,6,0,0,4,7,3,9,4,9,1,1,0,1,6,35,20,7,7,1,0,0,4,2,20,8,11,1,5,0,47,16,5,3,52,56,38.0,37.0,14.0,19.0,12.0,12.0,192,681,128.0,607.0,71,217,57,390,15.0,14.0,3.0,6.0,0.43,0.86,0.37,0.32,0.05,0.55,0.43,0.86,0.93,0.59,0,1,3,4,1,2,1,7,2,2,0.0,0.1653,0.2726,0.209,0.1019,0.0437,0.0434,0.4216,0.0642,0.025,2,8,3,1,1,3,1,4,0,0,0.0534,0.2778,0.3775,0.0397,0.0314,0.2016,0.0198,0.3455,0.0,0.0,7,16,20.61,20.2
4732778,2025-11-09,bra,2025,Brasileirao,33,Bruno Arleu de Araújo,10277,Sao Paulo,109705,Red Bull Bragantino,1,0,1,65,35,12,9,3,2,6,4,3,3,0,0,3,5,9,4,7,1,0,1,0,0,12,13,9,20,1,2,0,0,1,2,17,21,5,11,3,3,12,37,1,3,51,45,40.0,37.0,11.0,8.0,3.0,8.0,512,272,435.0,217.0,207,128,228,89,27.0,21.0,6.0,3.0,0.53,1.27,0.23,0.4,0.3,0.09,0.53,0.49,0.23,0.87,0,0,2,3,1,2,6,3,3,1,0.0,0.0,0.0573,1.0081,0.0061,0.0802,0.3811,0.1646,0.0849,0.0209,7,6,0,1,2,0,3,1,0,1,0.2285,0.3377,0.0,0.0584,0.0564,0.0,0.2446,0.0892,0.0,0.7884,12,9,21.21,18.5
4732778,2025-11-09,bra,2025,Brasileirao,33,Bruno Arleu de Araújo,109705,Red Bull Bragantino,10277,Sao Paulo,0,1,0,35,65,9,12,2,3,4,6,3,3,0,0,5,3,4,9,1,7,1,0,0,0,13,12,20,9,2,1,0,0,2,1,21,17,11,5,3,3,37,12,3,1,45,51,37.0,40.0,8.0,11.0,8.0,3.0,272,512,217.0,435.0,128,207,89,228,21.0,27.0,3.0,6.0,1.27,0.53,0.4,0.23,0.09,0.3,0.49,0.53,0.87,0.23,0,0,3,2,2,1,3,6,1,3,0.0,0.0,1.0081,0.0573,0.0802,0.0061,0.1646,0.3811,0.0209,0.0849,6,7,1,0,0,2,1,3,1,0,0.3377,0.2285,0.0584,0.0,0.0,0.0564,0.0892,0.2446,0.7884,0.0,9,12,18.5,21.21
4732779,2025-11-09,bra,2025,Brasileirao,33,,163782,Mirassol,10283,Palmeiras,1,2,1,56,44,17,15,8,6,4,3,5,6,0,0,11,8,6,7,8,8,3,0,2,0,25,18,15,17,3,2,0,0,2,0,19,19,4,10,6,5,41,21,5,6,62,58,44.0,43.0,18.0,15.0,10.0,12.0,397,312,328.0,236.0,176,121,152,115,15.0,22.0,4.0,4.0,1.25,1.12,0.61,0.44,0.64,0.68,1.25,1.12,0.95,3.06,2,0,3,7,6,1,2,6,4,1,0.5657,0.0,0.3166,0.8329,0.2415,0.0176,0.0437,0.2498,0.0782,0.0158,13,7,0,1,2,5,2,2,0,0,0.6106,0.3159,0.0,0.1219,0.3695,0.5381,0.2657,0.1401,0.0,0.0,17,15,18.85,17.86
4732779,2025-11-09,bra,2025,Brasileirao,33,,10283,Palmeiras,163782,Mirassol,0,1,2,44,56,15,17,6,8,3,4,6,5,0,0,8,11,7,6,8,8,0,3,0,2,18,25,17,15,2,3,0,0,0,2,19,19,10,4,5,6,21,41,6,5,58,62,43.0,44.0,15.0,18.0,12.0,10.0,312,397,236.0,328.0,121,176,115,152,22.0,15.0,4.0,4.0,1.12,1.25,0.44,0.61,0.68,0.64,1.12,1.25,3.06,0.95,0,2,7,3,1,6,6,2,1,4,0.0,0.5657,0.8329,0.3166,0.0176,0.2415,0.2498,0.0437,0.0158,0.0782,7,13,1,0,5,2,2,2,0,0,0.3159,0.6106,0.1219,0.0,0.5381,0.3695,0.1401,0.2657,0.0,0.0,15,17,17.86,18.85
4732780,2025-11-09,bra,2025,Brasileirao,33,,9781,Cruzeiro,9863,Fluminense,1,0,0,47,53,15,8,5,3,10,4,0,1,1,1,7,3,8,5,5,1,3,0,3,0,14,9,16,16,6,3,0,0,2,1,20,12,8,9,2,0,25,16,2,5,59,41,42.0,31.0,17.0,10.0,7.0,4.0,356,400,298.0,331.0,115,207,183,124,30.0,24.0,8.0,2.0,0.95,0.56,0.9,0.37,0.06,0.19,0.95,0.56,0.74,0.14,0,0,4,2,3,1,5,3,3,2,0.0,0.0,0.6457,0.3241,0.0472,0.0965,0.2072,0.09,0.0542,0.0535,11,6,1,0,0,1,3,1,0,0,0.7915,0.3735,0.1044,0.0,0.0,0.0354,0.0584,0.1552,0.0,0.0,15,8,21.88,20.38
4732780,2025-11-09,bra,2025,Brasileirao,33,,9863,Fluminense,9781,Cruzeiro,0,0,0,53,47,8,15,3,5,4,10,1,0,1,1,3,7,5,8,1,5,0,3,0,3,9,14,16,16,3,6,0,0,1,2,12,20,9,8,0,2,16,25,5,2,41,59,31.0,42.0,10.0,17.0,4.0,7.0,400,356,331.0,298.0,207,115,124,183,24.0,30.0,2.0,8.0,0.56,0.95,0.37,0.9,0.19,0.06,0.56,0.95,0.14,0.74,0,0,2,4,1,3,3,5,2,3,0.0,0.0,0.3241,0.6457,0.0965,0.0472,0.09,0.2072,0.0535,0.0542,6,11,0,1,1,0,1,3,0,0,0.3735,0.7915,0.0,0.1044,0.0354,0.0,0.1552,0.0584,0.0,0.0,8,15,20.38,21.88
4732782,2025-11-09,bra,2025,Brasileirao,33,,7733,Vitoria,8517,Botafogo RJ,1,0,0,40,60,10,11,0,3,6,6,4,2,0,2,7,6,3,5,6,7,1,1,1,1,16,18,16,21,1,1,0,0,3,2,9,12,5,4,2,3,22,22,3,0,40,44,28.0,27.0,12.0,17.0,1.0,5.0,290,450,222.0,379.0,116,199,106,180,16.0,19.0,5.0,5.0,1.11,0.64,0.74,0.23,0.37,0.41,1.11,0.64,0.0,0.14,0,1,7,5,0,0,2,5,1,0,0.0,0.2479,0.9194,0.2333,0.0,0.0,0.1721,0.1619,0.0196,0.0,3,6,2,0,2,4,3,1,0,0,0.1125,0.2319,0.6324,0.0,0.1613,0.3192,0.2049,0.092,0.0,0.0,10,11,14.51,16.76
4732782,2025-11-09,bra,2025,Brasileirao,33,,8517,Botafogo RJ,7733,Vitoria,0,0,0,60,40,11,10,3,0,6,6,2,4,2,0,6,7,5,3,7,6,1,1,1,1,18,16,21,16,1,1,0,0,2,3,12,9,4,5,3,2,22,22,0,3,44,40,27.0,28.0,17.0,12.0,5.0,1.0,450,290,379.0,222.0,199,116,180,106,19.0,16.0,5.0,5.0,0.64,1.11,0.23,0.74,0.41,0.37,0.64,1.11,0.14,0.0,1,0,5,7,0,0,5,2,0,1,0.2479,0.0,0.2333,0.9194,0.0,0.0,0.1619,0.1721,0.0,0.0196,6,3,0,2,4,2,1,3,0,0,0.2319,0.1125,0.0,0.6324,0.3192,0.1613,0.092,0.2049,0.0,0.0,11,10,16.76,14.51
4732783,2025-11-09,bra,2025,Brasileirao,33,,8287,Fortaleza,9769,Gremio,1,2,2,54,46,22,21,9,6,9,6,4,9,0,0,13,18,9,3,7,5,1,4,1,2,26,31,15,18,4,4,1,0,2,1,15,10,5,12,9,4,14,28,4,7,55,45,38.0,32.0,17.0,13.0,6.0,7.0,388,333,331.0,283.0,110,139,221,144,20.0,18.0,3.0,5.0,1.27,2.06,0.58,1.09,0.7,0.97,1.27,2.06,1.71,1.91,3,2,4,12,6,4,5,2,4,1,0.3302,0.5748,0.3034,1.3491,0.2991,0.1001,0.2303,0.0245,0.1091,0.017,11,10,1,2,2,4,8,5,0,0,0.4488,0.6469,0.1267,0.452,0.3597,0.7886,0.3369,0.1781,0.0,0.0,22,21,17.99,14.83
4732783,2025-11-09,bra,2025,Brasileirao,33,,9769,Gremio,8287,Fortaleza,0,2,2,46,54,21,22,6,9,6,9,9,4,0,0,18,13,3,9,5,7,4,1,2,1,31,26,18,15,4,4,0,1,1,2,10,15,12,5,4,9,28,14,7,4,45,55,32.0,38.0,13.0,17.0,7.0,6.0,333,388,283.0,331.0,139,110,144,221,18.0,20.0,5.0,3.0,2.06,1.27,1.09,0.58,0.97,0.7,2.06,1.27,1.91,1.71,2,3,12,4,4,6,2,5,1,4,0.5748,0.3302,1.3491,0.3034,0.1001,0.2991,0.0245,0.2303,0.017,0.1091,10,11,2,1,4,2,5,8,0,0,0.6469,0.4488,0.452,0.1267,0.7886,0.3597,0.1781,0.3369,0.0,0.0,21,22,14.83,17.99
4732630,2025-11-12,bra,2025,Brasileirao,16,,10272,Atletico MG,8287,Fortaleza,1,3,3,58,42,17,12,8,5,4,6,5,1,1,0,13,6,4,6,9,6,3,4,1,1,32,16,15,10,2,1,0,0,2,1,17,14,6,13,1,5,24,29,2,5,56,41,39.0,31.0,17.0,10.0,12.0,2.0,496,350,435.0,282.0,177,152,258,130,42.0,26.0,9.0,4.0,1.38,2.1,0.9,1.08,0.48,0.23,1.38,1.31,2.92,3.18,0,2,10,4,3,0,3,5,1,1,0.0,0.4463,1.1618,1.5021,0.0851,0.0,0.1176,0.1317,0.0108,0.0246,8,6,2,1,5,3,2,1,0,1,0.6369,1.0559,0.259,0.0299,0.4042,0.197,0.0751,0.0335,0.0,0.7884,17,12,16.83,18.3
4732630,2025-11-12,bra,2025,Brasileirao,16,,8287,Fortaleza,10272,Atletico MG,0,3,3,42,58,12,17,5,8,6,4,1,5,0,1,6,13,6,4,6,9,4,3,1,1,16,32,10,15,1,2,0,0,1,2,14,17,13,6,5,1,29,24,5,2,41,56,31.0,39.0,10.0,17.0,2.0,12.0,350,496,282.0,435.0,152,177,130,258,26.0,42.0,4.0,9.0,2.1,1.38,1.08,0.9,0.23,0.48,1.31,1.38,3.18,2.92,2,0,4,10,0,3,5,3,1,1,0.4463,0.0,1.5021,1.1618,0.0,0.0851,0.1317,0.1176,0.0246,0.0108,6,8,1,2,3,5,1,2,1,0,1.0559,0.6369,0.0299,0.259,0.197,0.4042,0.0335,0.0751,0.7884,0.0,12,17,18.3,16.83
4732594,2025-11-15,bra,2025,Brasileirao,12,Rafael Rodrigo Klein,6305,Sport Recife,9770,Flamengo,1,1,5,25,75,7,36,2,13,2,14,3,9,0,1,5,21,2,15,4,15,1,6,1,3,7,49,5,5,1,3,2,0,0,1,12,4,8,6,10,3,49,6,7,1,32,30,20.0,13.0,12.0,17.0,3.0,4.0,194,573,134.0,517.0,90,132,44,385,11.0,14.0,1.0,10.0,0.41,3.74,0.37,2.88,0.04,0.86,0.41,3.74,0.57,4.27,1,4,2,9,2,8,2,9,0,6,0.0866,1.6903,0.1852,0.9683,0.1109,0.5498,0.0642,0.3959,0.0,0.1516,6,24,0,0,1,11,0,1,0,0,0.4031,2.9263,0.0,0.0,0.0438,0.7884,0.0,0.0412,0.0,0.0,7,36,15.76,17.27
4732594,2025-11-15,bra,2025,Brasileirao,12,Rafael Rodrigo Klein,9770,Flamengo,6305,Sport Recife,0,5,1,75,25,36,7,13,2,14,2,9,3,1,0,21,5,15,2,15,4,6,1,3,1,49,7,5,5,3,1,0,2,1,0,4,12,6,8,3,10,6,49,1,7,30,32,13.0,20.0,17.0,12.0,4.0,3.0,573,194,517.0,134.0,132,90,385,44,14.0,11.0,10.0,1.0,3.74,0.41,2.88,0.37,0.86,0.04,3.74,0.41,4.27,0.57,4,1,9,2,8,2,9,2,6,0,1.6903,0.0866,0.9683,0.1852,0.5498,0.1109,0.3959,0.0642,0.1516,0.0,24,6,0,0,11,1,1,0,0,0,2.9263,0.4031,0.0,0.0,0.7884,0.0438,0.0412,0.0,0.0,0.0,36,7,17.27,15.76
4732598,2025-11-16,bra,2025,Brasileirao,13,Raphael Claus,8514,Santos FC,10283,Palmeiras,1,1,0,55,45,17,11,5,4,7,6,5,1,0,0,9,9,8,2,8,5,1,2,1,2,28,17,11,15,1,1,0,0,0,2,15,10,12,10,1,5,15,38,4,4,48,47,39.0,29.0,9.0,18.0,10.0,9.0,439,368,360.0,306.0,142,205,218,101,20.0,20.0,6.0,5.0,1.25,1.48,0.95,0.96,0.3,0.52,1.25,1.48,1.32,1.17,1,2,5,5,3,2,5,1,3,1,0.1914,0.4342,0.6213,0.9212,0.1202,0.1374,0.2404,0.104,0.0734,0.0401,12,4,1,4,3,0,1,3,0,0,0.9078,0.5088,0.0434,0.5647,0.2846,0.0,0.011,0.5635,0.0,0.0,17,11,19.37,12.56
4732598,2025-11-16,bra,2025,Brasileirao,13,Raphael Claus,10283,Palmeiras,8514,Santos FC,0,0,1,45,55,11,17,4,5,6,7,1,5,0,0,9,9,2,8,5,8,2,1,2,1,17,28,15,11,1,1,0,0,2,0,10,15,10,12,5,1,38,15,4,4,47,48,29.0,39.0,18.0,9.0,9.0,10.0,368,439,306.0,360.0,205,142,101,218,20.0,20.0,5.0,6.0,1.48,1.25,0.96,0.95,0.52,0.3,1.48,1.25,1.17,1.32,2,1,5,5,2,3,1,5,1,3,0.4342,0.1914,0.9212,0.6213,0.1374,0.1202,0.104,0.2404,0.0401,0.0734,4,12,4,1,0,3,3,1,0,0,0.5088,0.9078,0.5647,0.0434,0.0,0.2846,0.5635,0.011,0.0,0.0,11,17,12.56,19.37
4732819,2025-11-16,bra,2025,Brasileirao,37,Marcelo de Lima Henrique,109705,Red Bull Bragantino,10272,Atletico MG,1,2,0,53,47,20,11,5,5,11,3,4,3,1,0,13,8,7,3,3,7,6,1,5,1,21,13,14,12,4,1,0,1,1,1,14,22,13,8,3,4,19,18,5,3,44,55,29.0,45.0,15.0,10.0,3.0,9.0,381,336,303.0,255.0,164,127,139,128,20.0,17.0,6.0,5.0,2.85,0.86,2.19,0.61,0.66,0.25,2.85,0.86,1.54,0.59,3,0,8,4,2,4,4,3,3,0,1.4583,0.0,1.0728,0.5445,0.0636,0.1458,0.2099,0.1676,0.047,0.0,15,6,0,0,3,4,2,1,0,0,2.1885,0.6051,0.0,0.0,0.4931,0.1739,0.1701,0.0789,0.0,0.0,20,11,15.54,17.14
4732819,2025-11-16,bra,2025,Brasileirao,37,Marcelo de Lima Henrique,10272,Atletico MG,109705,Red Bull Bragantino,0,0,2,47,53,11,20,5,5,3,11,3,4,0,1,8,13,3,7,7,3,1,6,1,5,13,21,12,14,1,4,1,0,1,1,22,14,8,13,4,3,18,19,3,5,55,44,45.0,29.0,10.0,15.0,9.0,3.0,336,381,255.0,303.0,127,164,128,139,17.0,20.0,5.0,6.0,0.86,2.85,0.61,2.19,0.25,0.66,0.86,2.85,0.59,1.54,0,3,4,8,4,2,3,4,0,3,0.0,1.4583,0.5445,1.0728,0.1458,0.0636,0.1676,0.2099,0.0,0.047,6,15,0,0,4,3,1,2,0,0,0.6051,2.1885,0.0,0.0,0.1739,0.4931,0.0789,0.1701,0.0,0.0,11,20,17.14,15.54
4732786,2025-11-18,bra,2025,Brasileirao,34,,8517,Botafogo RJ,6305,Sport Recife,1,3,2,60,40,27,15,9,4,9,5,9,6,0,0,19,12,8,3,7,5,3,3,2,2,41,24,11,7,2,4,0,0,1,3,15,14,10,7,6,8,23,29,2,6,47,42,35.0,29.0,12.0,13.0,13.0,5.0,514,342,442.0,262.0,145,136,297,126,21.0,27.0,9.0,6.0,2.85,1.35,2.67,0.98,0.18,0.37,2.85,1.35,3.48,1.57,1,1,14,9,4,2,4,2,4,1,0.5859,0.22,1.8725,0.9815,0.1274,0.0633,0.14,0.0788,0.1269,0.0066,22,7,2,3,3,3,0,2,0,0,2.2554,0.6215,0.4155,0.3633,0.182,0.1204,0.0,0.245,0.0,0.0,27,15,16.65,15.2
4732786,2025-11-18,bra,2025,Brasileirao,34,,6305,Sport Recife,8517,Botafogo RJ,0,2,3,40,60,15,27,4,9,5,9,6,9,0,0,12,19,3,8,5,7,3,3,2,2,24,41,7,11,4,2,0,0,3,1,14,15,7,10,8,6,29,23,6,2,42,47,29.0,35.0,13.0,12.0,5.0,13.0,342,514,262.0,442.0,136,145,126,297,27.0,21.0,6.0,9.0,1.35,2.85,0.98,2.67,0.37,0.18,1.35,2.85,1.57,3.48,1,1,9,14,2,4,2,4,1,4,0.22,0.5859,0.9815,1.8725,0.0633,0.1274,0.0788,0.14,0.0066,0.1269,7,22,3,2,3,3,2,0,0,0,0.6215,2.2554,0.3633,0.4155,0.1204,0.182,0.245,0.0,0.0,0.0,15,27,15.2,16.65
4732817,2025-11-19,bra,2025,Brasileirao,37,,10283,Palmeiras,7733,Vitoria,1,0,0,70,30,21,4,9,0,10,4,2,0,0,0,12,1,9,3,6,3,3,0,3,0,37,6,16,14,2,4,1,0,2,1,11,15,4,8,0,2,24,50,0,9,68,51,33.0,32.0,35.0,19.0,8.0,2.0,564,238,474.0,150.0,187,73,287,77,31.0,15.0,9.0,4.0,1.38,0.12,1.25,0.12,0.13,0.01,1.38,0.12,2.39,0.0,2,0,7,1,3,0,7,3,2,0,0.386,0.0,0.5358,0.0472,0.0757,0.0,0.3464,0.07,0.0395,0.0,18,3,1,0,1,1,1,0,0,0,1.3206,0.1094,0.0212,0.0,0.0184,0.0079,0.0233,0.0,0.0,0.0,21,4,16.71,23.23
4732817,2025-11-19,bra,2025,Brasileirao,37,,7733,Vitoria,10283,Palmeiras,0,0,0,30,70,4,21,0,9,4,10,0,2,0,0,1,12,3,9,3,6,0,3,0,3,6,37,14,16,4,2,0,1,1,2,15,11,8,4,2,0,50,24,9,0,51,68,32.0,33.0,19.0,35.0,2.0,8.0,238,564,150.0,474.0,73,187,77,287,15.0,31.0,4.0,9.0,0.12,1.38,0.12,1.25,0.01,0.13,0.12,1.38,0.0,2.39,0,2,1,7,0,3,3,7,0,2,0.0,0.386,0.0472,0.5358,0.0,0.0757,0.07,0.3464,0.0,0.0395,3,18,0,1,1,1,0,1,0,0,0.1094,1.3206,0.0,0.0212,0.0079,0.0184,0.0,0.0233,0.0,0.0,4,21,23.23,16.71
4732785,2025-11-20,bra,2025,Brasileirao,34,,9863,Fluminense,9770,Flamengo,1,2,1,31,69,9,13,3,4,4,5,2,4,0,0,5,9,4,4,3,5,2,1,1,0,10,28,14,12,4,3,0,0,2,4,16,15,5,11,2,2,41,13,3,1,49,49,35.0,32.0,14.0,17.0,7.0,5.0,245,545,174.0,485.0,94,198,80,287,19.0,17.0,2.0,9.0,1.74,1.56,1.62,0.41,0.13,0.36,1.74,0.77,1.89,1.3,1,0,1,7,3,2,1,3,3,1,0.9983,0.0,0.3683,1.262,0.152,0.2139,0.0943,0.0811,0.1376,0.0182,7,7,0,0,1,2,1,3,0,1,1.6621,0.408,0.0,0.0,0.0244,0.086,0.064,0.2927,0.0,0.7884,9,13,17.63,16.42
4732785,2025-11-20,bra,2025,Brasileirao,34,,9770,Flamengo,9863,Fluminense,0,1,2,69,31,13,9,4,3,5,4,4,2,0,0,9,5,4,4,5,3,1,2,0,1,28,10,12,14,3,4,0,0,4,2,15,16,11,5,2,2,13,41,1,3,49,49,32.0,35.0,17.0,14.0,5.0,7.0,545,245,485.0,174.0,198,94,287,80,17.0,19.0,9.0,2.0,1.56,1.74,0.41,1.62,0.36,0.13,0.77,1.74,1.3,1.89,0,1,7,1,2,3,3,1,1,3,0.0,0.9983,1.262,0.3683,0.2139,0.152,0.0811,0.0943,0.0182,0.1376,7,7,0,0,2,1,3,1,1,0,0.408,1.6621,0.0,0.0,0.086,0.0244,0.2927,0.064,0.7884,0.0,13,9,16.42,17.63
4732787,2025-11-20,bra,2025,Brasileirao,34,,9808,Corinthians,10277,Sao Paulo,1,3,1,46,54,13,6,4,2,7,0,2,4,1,0,7,4,6,2,4,5,4,1,1,1,20,11,15,17,1,2,0,0,0,2,9,15,12,9,4,2,20,20,1,1,39,45,31.0,36.0,8.0,9.0,6.0,6.0,325,389,265.0,314.0,148,209,117,105,21.0,21.0,4.0,3.0,2.0,0.31,1.03,0.15,0.18,0.16,1.21,0.31,2.34,0.38,0,0,5,2,2,2,4,1,2,1,0.0,0.0,1.64,0.1774,0.1164,0.086,0.2026,0.0192,0.0504,0.0276,8,1,0,1,1,2,3,2,1,0,1.0384,0.1083,0.0,0.0413,0.0289,0.0883,0.1536,0.0723,0.7884,0.0,13,6,18.48,16.81
4732787,2025-11-20,bra,2025,Brasileirao,34,,10277,Sao Paulo,9808,Corinthians,0,1,3,54,46,6,13,2,4,0,7,4,2,0,1,4,7,2,6,5,4,1,4,1,1,11,20,17,15,2,1,0,0,2,0,15,9,9,12,2,4,20,20,1,1,45,39,36.0,31.0,9.0,8.0,6.0,6.0,389,325,314.0,265.0,209,148,105,117,21.0,21.0,3.0,4.0,0.31,2.0,0.15,1.03,0.16,0.18,0.31,1.21,0.38,2.34,0,0,2,5,2,2,1,4,1,2,0.0,0.0,0.1774,1.64,0.086,0.1164,0.0192,0.2026,0.0276,0.0504,1,8,1,0,2,1,2,3,0,1,0.1083,1.0384,0.0413,0.0,0.0883,0.0289,0.0723,0.1536,0.0,0.7884,6,13,16.81,18.48
4732788,2025-11-20,bra,2025,Brasileirao,34,,8514,Santos FC,163782,Mirassol,1,1,1,49,51,17,16,6,2,6,8,5,6,0,1,13,8,4,8,5,7,1,2,0,1,31,19,13,12,1,2,0,0,2,1,20,16,6,9,6,5,35,17,1,5,55,47,41.0,41.0,14.0,6.0,10.0,12.0,412,419,347.0,355.0,146,150,201,205,24.0,20.0,6.0,5.0,1.99,1.6,1.96,0.44,0.04,0.37,1.99,0.81,1.4,0.9,0,0,11,8,2,0,4,5,0,3,0.0,0.0,1.6085,1.3913,0.1952,0.0,0.1884,0.1304,0.0,0.0811,13,10,3,0,1,2,0,3,0,1,1.1987,0.4606,0.758,0.0,0.0355,0.144,0.0,0.2099,0.0,0.7884,17,16,16.52,20.04
4732788,2025-11-20,bra,2025,Brasileirao,34,,163782,Mirassol,8514,Santos FC,0,1,1,51,49,16,17,2,6,8,6,6,5,1,0,8,13,8,4,7,5,2,1,1,0,19,31,12,13,2,1,0,0,1,2,16,20,9,6,5,6,17,35,5,1,47,55,41.0,41.0,6.0,14.0,12.0,10.0,419,412,355.0,347.0,150,146,205,201,20.0,24.0,5.0,6.0,1.6,1.99,0.44,1.96,0.37,0.04,0.81,1.99,0.9,1.4,0,0,8,11,0,2,5,4,3,0,0.0,0.0,1.3913,1.6085,0.0,0.1952,0.1304,0.1884,0.0811,0.0,10,13,0,3,2,1,3,0,1,0,0.4606,1.1987,0.0,0.758,0.144,0.0355,0.2099,0.0,0.7884,0.0,16,17,20.04,16.52
4732791,2025-11-20,bra,2025,Brasileirao,34,,9769,Gremio,10276,Vasco da Gama,1,2,0,37,63,24,5,9,2,7,2,8,1,0,0,13,3,11,2,5,3,2,1,1,1,26,8,12,17,4,3,0,0,3,1,18,8,5,9,1,7,23,22,2,7,53,33,42.0,24.0,11.0,9.0,7.0,6.0,357,621,308.0,561.0,149,252,159,309,24.0,17.0,7.0,2.0,1.72,0.26,1.25,0.23,0.47,0.03,1.72,0.26,2.84,0.16,0,0,11,1,2,2,4,1,7,1,0.0,0.0,1.1559,0.1047,0.1809,0.0508,0.1892,0.0339,0.1927,0.0134,13,4,3,0,4,1,4,0,0,0,1.1387,0.1739,0.2174,0.0,0.1721,0.0289,0.1905,0.0,0.0,0.0,24,5,19.14,17.39
4732791,2025-11-20,bra,2025,Brasileirao,34,,10276,Vasco da Gama,9769,Gremio,0,0,2,63,37,5,24,2,9,2,7,1,8,0,0,3,13,2,11,3,5,1,2,1,1,8,26,17,12,3,4,0,0,1,3,8,18,9,5,7,1,22,23,7,2,33,53,24.0,42.0,9.0,11.0,6.0,7.0,621,357,561.0,308.0,252,149,309,159,17.0,24.0,2.0,7.0,0.26,1.72,0.23,1.25,0.03,0.47,0.26,1.72,0.16,2.84,0,0,1,11,2,2,1,4,1,7,0.0,0.0,0.1047,1.1559,0.0508,0.1809,0.0339,0.1892,0.0134,0.1927,4,13,0,3,1,4,0,4,0,0,0.1739,1.1387,0.0,0.2174,0.0289,0.1721,0.0,0.1905,0.0,0.0,5,24,17.39,19.14
4732792,2025-11-20,bra,2025,Brasileirao,34,,7877,Bahia,8287,Fortaleza,1,2,3,71,29,24,11,8,5,7,4,9,2,0,1,15,6,9,5,10,2,4,5,2,2,60,21,6,14,1,5,0,0,1,2,10,19,4,9,2,8,16,36,2,7,58,54,40.0,35.0,18.0,19.0,16.0,10.0,520,218,463.0,142.0,167,60,296,82,12.0,19.0,12.0,3.0,3.82,1.92,1.57,1.92,1.46,0.0,3.03,1.92,3.05,2.34,3,1,12,5,0,0,5,3,4,2,1.7276,0.249,1.8738,1.4543,0.0,0.0,0.1396,0.209,0.0785,0.0545,13,8,0,3,7,0,3,0,1,0,1.5717,1.5975,0.0,0.3693,1.2235,0.0,0.2359,0.0,0.7884,0.0,24,11,16.22,16.73
4732792,2025-11-20,bra,2025,Brasileirao,34,,8287,Fortaleza,7877,Bahia,0,3,2,29,71,11,24,5,8,4,7,2,9,1,0,6,15,5,9,2,10,5,4,2,2,21,60,14,6,5,1,0,0,2,1,19,10,9,4,8,2,36,16,7,2,54,58,35.0,40.0,19.0,18.0,10.0,16.0,218,520,142.0,463.0,60,167,82,296,19.0,12.0,3.0,12.0,1.92,3.82,1.92,1.57,0.0,1.46,1.92,3.03,2.34,3.05,1,3,5,12,0,0,3,5,2,4,0.249,1.7276,1.4543,1.8738,0.0,0.0,0.209,0.1396,0.0545,0.0785,8,13,3,0,0,7,0,3,0,1,1.5975,1.5717,0.3693,0.0,0.0,1.2235,0.0,0.2359,0.0,0.7884,11,24,16.73,16.22
4732794,2025-11-20,bra,2025,Brasileirao,34,,10274,Juventude,9781,Cruzeiro,1,3,3,36,64,12,17,7,7,3,6,2,4,0,0,7,10,5,7,3,9,3,4,1,2,13,27,19,13,4,1,0,0,1,2,26,18,10,12,4,2,34,17,5,4,49,50,41.0,45.0,8.0,5.0,5.0,9.0,253,449,195.0,388.0,84,155,111,233,22.0,16.0,2.0,9.0,1.74,1.76,0.85,1.63,0.89,0.13,1.74,1.76,1.87,2.61,2,2,3,5,2,3,3,5,2,2,0.7592,0.638,0.6451,0.8875,0.2114,0.072,0.089,0.1254,0.0389,0.0447,6,11,1,1,2,2,3,3,0,0,0.8403,1.6144,0.0115,0.0202,0.6874,0.0323,0.2043,0.1007,0.0,0.0,12,17,18.45,17.44
4732794,2025-11-20,bra,2025,Brasileirao,34,,9781,Cruzeiro,10274,Juventude,0,3,3,64,36,17,12,7,7,6,3,4,2,0,0,10,7,7,5,9,3,4,3,2,1,27,13,13,19,1,4,0,0,2,1,18,26,12,10,2,4,17,34,4,5,50,49,45.0,41.0,5.0,8.0,9.0,5.0,449,253,388.0,195.0,155,84,233,111,16.0,22.0,9.0,2.0,1.76,1.74,1.63,0.85,0.13,0.89,1.76,1.74,2.61,1.87,2,2,5,3,3,2,5,3,2,2,0.638,0.7592,0.8875,0.6451,0.072,0.2114,0.1254,0.089,0.0447,0.0389,11,6,1,1,2,2,3,3,0,0,1.6144,0.8403,0.0202,0.0115,0.0323,0.6874,0.1007,0.2043,0.0,0.0,17,12,17.44,18.45
4732793,2025-11-21,bra,2025,Brasileirao,34,,172341,Ceara,8702,Internacional,1,1,2,29,71,10,16,3,6,4,4,3,6,0,0,4,8,6,8,3,5,0,2,0,0,13,27,8,15,2,1,1,2,4,2,18,15,8,4,4,3,29,40,4,3,74,49,42.0,29.0,32.0,20.0,9.0,6.0,197,518,135.0,462.0,54,99,81,363,23.0,13.0,6.0,2.0,0.28,0.8,0.12,0.47,0.16,0.33,0.28,0.8,0.39,1.46,0,1,2,3,2,4,2,4,4,4,0.0,0.2215,0.0917,0.1372,0.0537,0.2823,0.0587,0.087,0.0791,0.0706,4,11,1,1,1,3,4,1,0,0,0.1123,0.4359,0.0078,0.0716,0.0128,0.2344,0.1504,0.0566,0.0,0.0,10,16,20.99,20.35
4732793,2025-11-21,bra,2025,Brasileirao,34,,8702,Internacional,172341,Ceara,0,2,1,71,29,16,10,6,3,4,4,6,3,0,0,8,4,8,6,5,3,2,0,0,0,27,13,15,8,1,2,2,1,2,4,15,18,4,8,3,4,40,29,3,4,49,74,29.0,42.0,20.0,32.0,6.0,9.0,518,197,462.0,135.0,99,54,363,81,13.0,23.0,2.0,6.0,0.8,0.28,0.47,0.12,0.33,0.16,0.8,0.28,1.46,0.39,1,0,3,2,4,2,4,2,4,4,0.2215,0.0,0.1372,0.0917,0.2823,0.0537,0.087,0.0587,0.0706,0.0791,11,4,1,1,3,1,1,4,0,0,0.4359,0.1123,0.0716,0.0078,0.2344,0.0128,0.0566,0.1504,0.0,0.0,16,10,20.35,20.99
4732796,2025-11-22,bra,2025,Brasileirao,35,Felipe Fernandes de Lima,8517,Botafogo RJ,9769,Gremio,1,3,2,45,55,16,11,7,5,4,5,5,1,1,0,12,7,4,4,7,1,4,2,2,0,27,12,17,8,1,4,0,0,2,0,13,12,5,9,1,5,18,17,3,4,39,48,26.0,41.0,13.0,7.0,7.0,13.0,440,550,377.0,494.0,178,269,199,225,25.0,40.0,7.0,6.0,2.19,1.36,1.84,1.31,0.34,0.05,2.19,1.36,2.76,1.8,2,3,6,4,4,0,2,2,2,2,1.0926,1.0453,0.6937,0.4877,0.42,0.0,0.0421,0.0815,0.0387,0.0398,11,10,1,0,4,1,0,0,0,0,1.7882,1.6036,0.1556,0.0,0.3433,0.0507,0.0,0.0,0.0,0.0,16,11,14.25,14.6
4732796,2025-11-22,bra,2025,Brasileirao,35,Felipe Fernandes de Lima,9769,Gremio,8517,Botafogo RJ,0,2,3,55,45,11,16,5,7,5,4,1,5,0,1,7,12,4,4,1,7,2,4,0,2,12,27,8,17,4,1,0,0,0,2,12,13,9,5,5,1,17,18,4,3,48,39,41.0,26.0,7.0,13.0,13.0,7.0,550,440,494.0,377.0,269,178,225,199,40.0,25.0,6.0,7.0,1.36,2.19,1.31,1.84,0.05,0.34,1.36,2.19,1.8,2.76,3,2,4,6,0,4,2,2,2,2,1.0453,1.0926,0.4877,0.6937,0.0,0.42,0.0815,0.0421,0.0398,0.0387,10,11,0,1,1,4,0,0,0,0,1.6036,1.7882,0.0,0.1556,0.0507,0.3433,0.0,0.0,0.0,0.0,11,16,14.6,14.25
4732795,2025-11-23,bra,2025,Brasileirao,35,Fernando Antonio Mendes de Salles Nascimento Fillho,9770,Flamengo,109705,Red Bull Bragantino,1,3,0,58,42,23,5,9,1,8,3,6,1,0,0,10,3,13,2,4,6,2,0,0,0,24,10,10,19,2,3,0,0,2,0,15,17,7,9,1,6,21,25,2,6,48,46,42.0,37.0,6.0,9.0,9.0,10.0,535,376,481.0,327.0,198,200,283,127,21.0,34.0,0.0,6.0,2.17,0.26,1.28,0.15,0.11,0.11,1.39,0.26,3.12,0.69,1,1,5,2,4,0,8,2,5,0,0.12,0.0947,1.4195,0.1094,0.195,0.0,0.3308,0.0514,0.1084,0.0,18,3,1,0,2,2,1,0,1,0,1.2223,0.1457,0.0577,0.0,0.0656,0.1097,0.0398,0.0,0.7884,0.0,23,5,20.55,15.19
4732795,2025-11-23,bra,2025,Brasileirao,35,Fernando Antonio Mendes de Salles Nascimento Fillho,109705,Red Bull Bragantino,9770,Flamengo,0,0,3,42,58,5,23,1,9,3,8,1,6,0,0,3,10,2,13,6,4,0,2,0,0,10,24,19,10,3,2,0,0,0,2,17,15,9,7,6,1,25,21,6,2,46,48,37.0,42.0,9.0,6.0,10.0,9.0,376,535,327.0,481.0,200,198,127,283,34.0,21.0,6.0,0.0,0.26,2.17,0.15,1.28,0.11,0.11,0.26,1.39,0.69,3.12,1,1,2,5,0,4,2,8,0,5,0.0947,0.12,0.1094,1.4195,0.0,0.195,0.0514,0.3308,0.0,0.1084,3,18,0,1,2,2,0,1,0,1,0.1457,1.2223,0.0,0.0577,0.1097,0.0656,0.0,0.0398,0.0,0.7884,5,23,15.19,20.55
4732797,2025-11-23,bra,2025,Brasileirao,35,Jonathan Benkenstein Pinheiro,10283,Palmeiras,9863,Fluminense,1,0,0,54,46,14,18,2,4,5,6,7,8,0,1,3,10,11,8,7,6,1,2,1,2,33,20,15,19,3,2,0,0,3,3,7,12,7,3,7,5,23,43,4,2,45,54,30.0,36.0,15.0,18.0,5.0,9.0,412,359,342.0,286.0,123,153,219,133,24.0,21.0,7.0,2.0,0.83,0.85,0.34,0.62,0.48,0.23,0.83,0.85,0.31,0.25,0,1,2,2,1,7,6,6,5,2,0.0,0.2398,0.3498,0.1573,0.0555,0.2312,0.3136,0.1668,0.1062,0.052,4,10,3,0,2,5,5,3,0,0,0.0907,0.6212,0.2512,0.0,0.0307,0.127,0.4524,0.099,0.0,0.0,14,18,23.1,18.87
4732797,2025-11-23,bra,2025,Brasileirao,35,Jonathan Benkenstein Pinheiro,9863,Fluminense,10283,Palmeiras,0,0,0,46,54,18,14,4,2,6,5,8,7,1,0,10,3,8,11,6,7,2,1,2,1,20,33,19,15,2,3,0,0,3,3,12,7,3,7,5,7,43,23,2,4,54,45,36.0,30.0,18.0,15.0,9.0,5.0,359,412,286.0,342.0,153,123,133,219,21.0,24.0,2.0,7.0,0.85,0.83,0.62,0.34,0.23,0.48,0.85,0.83,0.25,0.31,1,0,2,2,7,1,6,6,2,5,0.2398,0.0,0.1573,0.3498,0.2312,0.0555,0.1668,0.3136,0.052,0.1062,10,4,0,3,5,2,3,5,0,0,0.6212,0.0907,0.0,0.2512,0.127,0.0307,0.099,0.4524,0.0,0.0,18,14,18.87,23.1
4732798,2025-11-23,bra,2025,Brasileirao,35,André Luiz Skettino Policarpo Bento,10277,Sao Paulo,10274,Juventude,1,2,1,51,49,8,14,5,5,2,2,1,7,0,1,7,9,1,5,3,8,2,1,1,1,15,23,15,18,5,1,0,1,0,2,29,14,6,11,6,1,31,17,5,3,68,51,54.0,35.0,14.0,16.0,8.0,7.0,435,402,355.0,334.0,221,171,134,163,11.0,31.0,3.0,3.0,1.52,1.14,1.23,0.6,0.29,0.53,1.52,1.14,2.09,0.56,3,0,4,8,0,1,1,4,0,1,1.7425,0.0,0.2567,0.8031,0.0,0.008,0.0313,0.3105,0.0,0.0154,6,4,0,2,1,4,1,4,0,0,1.7386,0.4051,0.0,0.1988,0.2193,0.207,0.0726,0.326,0.0,0.0,8,14,11.62,16.24
4732798,2025-11-23,bra,2025,Brasileirao,35,André Luiz Skettino Policarpo Bento,10274,Juventude,10277,Sao Paulo,0,1,2,49,51,14,8,5,5,2,2,7,1,1,0,9,7,5,1,8,3,1,2,1,1,23,15,18,15,1,5,1,0,2,0,14,29,11,6,1,6,17,31,3,5,51,68,35.0,54.0,16.0,14.0,7.0,8.0,402,435,334.0,355.0,171,221,163,134,31.0,11.0,3.0,3.0,1.14,1.52,0.6,1.23,0.53,0.29,1.14,1.52,0.56,2.09,0,3,8,4,1,0,4,1,1,0,0.0,1.7425,0.8031,0.2567,0.008,0.0,0.3105,0.0313,0.0154,0.0,4,6,2,0,4,1,4,1,0,0,0.4051,1.7386,0.1988,0.0,0.207,0.2193,0.326,0.0726,0.0,0.0,14,8,16.24,11.62
4732800,2025-11-23,bra,2025,Brasileirao,35,Alex Gomes Stefano,9781,Cruzeiro,9808,Corinthians,1,3,0,47,53,16,4,6,0,7,1,3,3,0,0,10,3,6,1,9,3,4,1,3,1,19,10,18,8,3,2,0,1,1,3,14,14,8,6,3,3,11,27,0,3,33,48,29.0,40.0,4.0,8.0,8.0,8.0,349,405,299.0,350.0,127,156,172,194,21.0,36.0,2.0,4.0,1.84,0.29,1.6,0.15,0.25,0.14,1.84,0.29,2.15,0.0,2,0,3,3,5,0,3,0,3,1,0.7615,0.0,0.4645,0.1767,0.5525,0.0,0.1042,0.0,0.0565,0.0352,10,2,2,0,4,0,0,2,0,0,1.2876,0.1343,0.4053,0.0,0.2463,0.0,0.0,0.0776,0.0,0.0,16,4,18.18,16.29
4732800,2025-11-23,bra,2025,Brasileirao,35,Alex Gomes Stefano,9808,Corinthians,9781,Cruzeiro,0,0,3,53,47,4,16,0,6,1,7,3,3,0,0,3,10,1,6,3,9,1,4,1,3,10,19,8,18,2,3,1,0,3,1,14,14,6,8,3,3,27,11,3,0,48,33,40.0,29.0,8.0,4.0,8.0,8.0,405,349,350.0,299.0,156,127,194,172,36.0,21.0,4.0,2.0,0.29,1.84,0.15,1.6,0.14,0.25,0.29,1.84,0.0,2.15,0,2,3,3,0,5,0,3,1,3,0.0,0.7615,0.1767,0.4645,0.0,0.5525,0.0,0.1042,0.0352,0.0565,2,10,0,2,0,4,2,0,0,0,0.1343,1.2876,0.0,0.4053,0.0,0.2463,0.0776,0.0,0.0,0.0,4,16,16.29,18.18
4732802,2025-11-23,bra,2025,Brasileirao,35,Jefferson Ferreira de Moraes,7877,Bahia,10276,Vasco da Gama,1,1,0,55,45,19,7,4,1,8,3,7,3,0,0,15,2,4,5,11,1,3,0,2,0,41,8,10,11,0,3,1,1,1,0,13,8,8,7,3,7,15,27,1,3,46,48,35.0,30.0,11.0,18.0,12.0,12.0,516,428,449.0,365.0,198,205,251,160,19.0,15.0,6.0,1.0,2.74,0.4,1.89,0.4,0.85,0.0,2.74,0.4,1.73,0.07,1,0,11,1,3,1,4,4,0,1,0.718,0.0,1.4117,0.0697,0.3714,0.0532,0.2429,0.2592,0.0,0.0214,12,7,2,0,4,0,1,0,0,0,1.4254,0.4034,0.4696,0.0,0.8084,0.0,0.0405,0.0,0.0,0.0,19,7,15.07,19.89
4732802,2025-11-23,bra,2025,Brasileirao,35,Jefferson Ferreira de Moraes,10276,Vasco da Gama,7877,Bahia,0,0,1,45,55,7,19,1,4,3,8,3,7,0,0,2,15,5,4,1,11,0,3,0,2,8,41,11,10,3,0,1,1,0,1,8,13,7,8,7,3,27,15,3,1,48,46,30.0,35.0,18.0,11.0,12.0,12.0,428,516,365.0,449.0,205,198,160,251,15.0,19.0,1.0,6.0,0.4,2.74,0.4,1.89,0.0,0.85,0.4,2.74,0.07,1.73,0,1,1,11,1,3,4,4,1,0,0.0,0.718,0.0697,1.4117,0.0532,0.3714,0.2592,0.2429,0.0214,0.0,7,12,0,2,0,4,0,1,0,0,0.4034,1.4254,0.0,0.4696,0.0,0.8084,0.0,0.0405,0.0,0.0,7,19,19.89,15.07
4732804,2025-11-23,bra,2025,Brasileirao,35,Yuri Elino Ferreira da Cruz,6305,Sport Recife,7733,Vitoria,1,1,3,61,39,11,14,1,5,8,9,2,0,0,1,7,5,4,9,8,2,1,1,0,0,15,11,19,12,3,1,0,0,0,0,8,19,8,7,0,2,22,29,3,0,40,58,24.0,42.0,16.0,16.0,5.0,4.0,480,314,411.0,246.0,169,122,242,124,16.0,21.0,6.0,3.0,0.56,0.72,0.42,0.31,0.14,0.41,0.56,0.72,0.88,0.63,1,1,4,3,2,1,2,7,2,2,0.0698,0.2152,0.3347,0.1729,0.0629,0.0418,0.0639,0.2429,0.0318,0.0439,8,6,0,2,1,0,2,6,0,0,0.4187,0.1914,0.0,0.1155,0.0356,0.0,0.1088,0.4097,0.0,0.0,11,14,18.1,22.22
4732804,2025-11-23,bra,2025,Brasileirao,35,Yuri Elino Ferreira da Cruz,7733,Vitoria,6305,Sport Recife,0,3,1,39,61,14,11,5,1,9,8,0,2,1,0,5,7,9,4,2,8,1,1,0,0,11,15,12,19,1,3,0,0,0,0,19,8,7,8,2,0,29,22,0,3,58,40,42.0,24.0,16.0,16.0,4.0,5.0,314,480,246.0,411.0,122,169,124,242,21.0,16.0,3.0,6.0,0.72,0.56,0.31,0.42,0.41,0.14,0.72,0.56,0.63,0.88,1,1,3,4,1,2,7,2,2,2,0.2152,0.0698,0.1729,0.3347,0.0418,0.0629,0.2429,0.0639,0.0439,0.0318,6,8,2,0,0,1,6,2,0,0,0.1914,0.4187,0.1155,0.0,0.0,0.0356,0.4097,0.1088,0.0,0.0,14,11,22.22,18.1
4732799,2025-11-24,bra,2025,Brasileirao,35,Lucas Casagrande,163782,Mirassol,172341,Ceara,1,3,0,51,49,7,14,5,2,0,9,2,3,0,1,3,10,4,4,6,12,0,1,0,1,12,25,11,10,2,2,0,0,3,3,9,8,9,4,3,2,35,13,2,2,27,35,22.0,25.0,5.0,10.0,4.0,7.0,478,439,429.0,392.0,323,138,106,254,15.0,29.0,3.0,8.0,0.39,1.2,0.36,0.59,0.03,0.6,0.39,1.2,1.21,0.21,0,1,1,6,2,3,3,2,1,2,0.0,0.1324,0.0389,0.7288,0.1821,0.2485,0.2404,0.0544,0.0338,0.034,4,6,2,2,0,6,1,0,0,0,0.187,0.3718,0.2744,0.2216,0.0,0.6047,0.0338,0.0,0.0,0.0,7,14,22.18,15.03
4732799,2025-11-24,bra,2025,Brasileirao,35,Lucas Casagrande,172341,Ceara,163782,Mirassol,0,0,3,49,51,14,7,2,5,9,0,3,2,1,0,10,3,4,4,12,6,1,0,1,0,25,12,10,11,2,2,0,0,3,3,8,9,4,9,2,3,13,35,2,2,35,27,25.0,22.0,10.0,5.0,7.0,4.0,439,478,392.0,429.0,138,323,254,106,29.0,15.0,8.0,3.0,1.2,0.39,0.59,0.36,0.6,0.03,1.2,0.39,0.21,1.21,1,0,6,1,3,2,2,3,2,1,0.1324,0.0,0.7288,0.0389,0.2485,0.1821,0.0544,0.2404,0.034,0.0338,6,4,2,2,6,0,0,1,0,0,0.3718,0.187,0.2216,0.2744,0.6047,0.0,0.0,0.0338,0.0,0.0,14,7,15.03,22.18
4732801,2025-11-25,bra,2025,Brasileirao,35,Davi de Oliveira Lacerda,8702,Internacional,8514,Santos FC,1,1,1,54,46,24,4,4,2,15,2,5,0,3,0,16,2,8,2,5,0,4,0,3,0,40,15,13,10,0,2,0,0,0,2,18,15,11,11,0,5,23,30,1,3,60,50,43.0,31.0,17.0,19.0,16.0,3.0,508,435,424.0,353.0,197,175,227,178,22.0,39.0,8.0,4.0,1.5,0.19,1.22,0.15,0.29,0.04,1.5,0.19,0.82,0.66,1,0,11,2,4,0,7,1,1,1,0.2421,0.0,0.6362,0.0931,0.1189,0.0,0.4635,0.1296,0.0523,0.0057,14,3,3,0,1,0,6,1,0,0,0.9703,0.1933,0.2545,0.0,0.0375,0.0,0.2507,0.035,0.0,0.0,24,4,16.86,18.79
4732801,2025-11-25,bra,2025,Brasileirao,35,Davi de Oliveira Lacerda,8514,Santos FC,8702,Internacional,0,1,1,46,54,4,24,2,4,2,15,0,5,0,3,2,16,2,8,0,5,0,4,0,3,15,40,10,13,2,0,0,0,2,0,15,18,11,11,5,0,30,23,3,1,50,60,31.0,43.0,19.0,17.0,3.0,16.0,435,508,353.0,424.0,175,197,178,227,39.0,22.0,4.0,8.0,0.19,1.5,0.15,1.22,0.04,0.29,0.19,1.5,0.66,0.82,0,1,2,11,0,4,1,7,1,1,0.0,0.2421,0.0931,0.6362,0.0,0.1189,0.1296,0.4635,0.0057,0.0523,3,14,0,3,0,1,1,6,0,0,0.1933,0.9703,0.0,0.2545,0.0,0.0375,0.035,0.2507,0.0,0.0,4,24,18.79,16.86
4732809,2025-11-26,bra,2025,Brasileirao,36,Bruno Arleu de Araújo,109705,Red Bull Bragantino,8287,Fortaleza,1,0,1,66,34,18,8,3,2,9,2,6,4,0,0,15,3,3,5,8,3,5,0,5,0,41,12,10,9,1,1,0,0,4,0,12,12,5,8,3,6,29,41,1,3,55,43,30.0,26.0,25.0,17.0,11.0,5.0,450,240,385.0,163.0,165,68,220,95,34.0,17.0,13.0,1.0,1.74,0.38,1.53,0.3,0.21,0.08,1.74,0.38,0.62,0.6,2,0,12,3,1,0,3,2,0,3,0.5503,0.0,0.9661,0.1967,0.1588,0.0,0.0685,0.1336,0.0,0.0457,11,5,1,2,4,0,2,1,0,0,1.248,0.2694,0.2822,0.0259,0.0639,0.0,0.1496,0.0808,0.0,0.0,18,8,13.47,27.35
4732809,2025-11-26,bra,2025,Brasileirao,36,Bruno Arleu de Araújo,8287,Fortaleza,109705,Red Bull Bragantino,0,1,0,34,66,8,18,2,3,2,9,4,6,0,0,3,15,5,3,3,8,0,5,0,5,12,41,9,10,1,1,0,0,0,4,12,12,8,5,6,3,41,29,3,1,43,55,26.0,30.0,17.0,25.0,5.0,11.0,240,450,163.0,385.0,68,165,95,220,17.0,34.0,1.0,13.0,0.38,1.74,0.3,1.53,0.08,0.21,0.38,1.74,0.6,0.62,0,2,3,12,0,1,2,3,3,0,0.0,0.5503,0.1967,0.9661,0.0,0.1588,0.1336,0.0685,0.0457,0.0,5,11,2,1,0,4,1,2,0,0,0.2694,1.248,0.0259,0.2822,0.0,0.0639,0.0808,0.1496,0.0,0.0,8,18,27.35,13.47
4732810,2025-11-26,bra,2025,Brasileirao,36,,10272,Atletico MG,9770,Flamengo,1,1,1,28,72,8,15,4,4,3,7,1,4,0,2,6,12,2,3,2,4,2,5,1,4,8,26,10,8,3,2,1,0,2,2,14,15,12,8,4,1,31,2,3,3,37,41,25.0,30.0,12.0,11.0,3.0,5.0,282,733,218.0,669.0,142,257,76,412,18.0,20.0,2.0,8.0,1.1,2.16,1.07,1.04,0.03,1.11,1.1,2.16,1.67,1.17,1,2,2,10,3,0,2,2,0,1,0.7,0.9827,0.1142,1.0979,0.2552,0.0,0.0349,0.0571,0.0,0.0209,5,10,2,1,1,4,0,0,0,0,0.9222,1.0238,0.1482,0.0209,0.0339,1.1139,0.0,0.0,0.0,0.0,8,15,19.86,13.11
4732810,2025-11-26,bra,2025,Brasileirao,36,,9770,Flamengo,10272,Atletico MG,0,1,1,72,28,15,8,4,4,7,3,4,1,2,0,12,6,3,2,4,2,5,2,4,1,26,8,8,10,2,3,0,1,2,2,15,14,8,12,1,4,2,31,3,3,41,37,30.0,25.0,11.0,12.0,5.0,3.0,733,282,669.0,218.0,257,142,412,76,20.0,18.0,8.0,2.0,2.16,1.1,1.04,1.07,1.11,0.03,2.16,1.1,1.17,1.67,2,1,10,2,0,3,2,2,1,0,0.9827,0.7,1.0979,0.1142,0.0,0.2552,0.0571,0.0349,0.0209,0.0,10,5,1,2,4,1,0,0,0,0,1.0238,0.9222,0.0209,0.1482,1.1139,0.0339,0.0,0.0,0.0,0.0,15,8,13.11,19.86
4732811,2025-11-26,bra,2025,Brasileirao,36,Sávio Pereira Sampaio,9769,Gremio,10283,Palmeiras,1,3,2,46,54,19,22,11,6,3,8,5,8,0,0,10,12,9,10,5,3,5,4,3,2,22,24,10,14,3,3,0,1,0,1,14,14,6,5,8,6,22,20,4,7,42,41,32.0,30.0,10.0,11.0,5.0,6.0,386,465,335.0,408.0,201,185,134,223,20.0,22.0,2.0,5.0,2.82,2.14,1.05,1.28,0.19,0.86,1.24,2.14,3.16,1.58,0,3,6,5,4,4,6,4,3,6,0.0,1.258,2.2104,0.477,0.3365,0.0892,0.2057,0.1624,0.0646,0.1535,11,17,1,1,3,1,2,3,2,0,1.007,1.2486,0.0399,0.0324,0.0871,0.1516,0.1063,0.7075,1.5768,0.0,19,22,18.59,18.92
4732811,2025-11-26,bra,2025,Brasileirao,36,Sávio Pereira Sampaio,10283,Palmeiras,9769,Gremio,0,2,3,54,46,22,19,6,11,8,3,8,5,0,0,12,10,10,9,3,5,4,5,2,3,24,22,14,10,3,3,1,0,1,0,14,14,5,6,6,8,20,22,7,4,41,42,30.0,32.0,11.0,10.0,6.0,5.0,465,386,408.0,335.0,185,201,223,134,22.0,20.0,5.0,2.0,2.14,2.82,1.28,1.05,0.86,0.19,2.14,1.24,1.58,3.16,3,0,5,6,4,4,4,6,6,3,1.258,0.0,0.477,2.2104,0.0892,0.3365,0.1624,0.2057,0.1535,0.0646,17,11,1,1,1,3,3,2,0,2,1.2486,1.007,0.0324,0.0399,0.1516,0.0871,0.7075,0.1063,0.0,1.5768,22,19,18.92,18.59
4732805,2025-11-27,bra,2025,Brasileirao,36,Lucas Paulo Torezin,9863,Fluminense,10277,Sao Paulo,1,6,0,56,44,16,5,11,1,3,3,2,1,1,0,13,1,3,4,3,4,10,0,5,0,35,12,8,11,1,1,0,0,0,2,8,16,6,14,1,2,22,21,1,5,39,34,27.0,29.0,12.0,5.0,9.0,6.0,556,428,495.0,358.0,287,181,208,177,16.0,14.0,2.0,2.0,4.43,0.09,3.6,0.09,0.05,0.0,3.64,0.09,5.42,0.04,1,0,8,0,4,1,1,2,2,2,0.8962,0.0,2.8453,0.0,0.6179,0.0497,0.0295,0.0381,0.0439,0.0375,7,4,6,1,2,0,0,0,1,0,1.9305,0.108,1.6654,0.0173,0.0485,0.0,0.0,0.0,0.7884,0.0,16,5,13.97,24.86
4732805,2025-11-27,bra,2025,Brasileirao,36,Lucas Paulo Torezin,10277,Sao Paulo,9863,Fluminense,0,0,6,44,56,5,16,1,11,3,3,1,2,0,1,1,13,4,3,4,3,0,10,0,5,12,35,11,8,1,1,0,0,2,0,16,8,14,6,2,1,21,22,5,1,34,39,29.0,27.0,5.0,12.0,6.0,9.0,428,556,358.0,495.0,181,287,177,208,14.0,16.0,2.0,2.0,0.09,4.43,0.09,3.6,0.0,0.05,0.09,3.64,0.04,5.42,0,1,0,8,1,4,2,1,2,2,0.0,0.8962,0.0,2.8453,0.0497,0.6179,0.0381,0.0295,0.0375,0.0439,4,7,1,6,0,2,0,0,0,1,0.108,1.9305,0.0173,1.6654,0.0,0.0485,0.0,0.0,0.0,0.7884,5,16,24.86,13.97
4732806,2025-11-28,bra,2025,Brasileirao,36,Rodrigo José Pereira de Lima,10276,Vasco da Gama,8702,Internacional,1,5,1,39,61,16,14,8,5,5,6,3,3,1,0,9,5,7,9,3,4,5,2,3,1,19,20,13,14,0,1,0,0,4,3,19,17,6,3,3,3,46,16,4,3,65,47,45.0,33.0,20.0,14.0,12.0,4.0,256,384,182.0,294.0,110,120,72,174,23.0,22.0,2.0,5.0,2.31,1.12,1.27,0.44,1.04,0.69,2.31,1.12,2.92,1.62,3,1,3,3,3,1,5,7,2,2,1.1373,0.4344,1.0053,0.3724,0.1412,0.0319,0.1954,0.2433,0.0266,0.0416,9,9,2,0,3,2,2,3,0,0,0.5751,0.435,0.7717,0.0,1.0612,0.4641,0.0978,0.2245,0.0,0.0,16,14,17.27,20.15
4732806,2025-11-28,bra,2025,Brasileirao,36,Rodrigo José Pereira de Lima,8702,Internacional,10276,Vasco da Gama,0,1,5,61,39,14,16,5,8,6,5,3,3,0,1,5,9,9,7,4,3,2,5,1,3,20,19,14,13,1,0,0,0,3,4,17,19,3,6,3,3,16,46,3,4,47,65,33.0,45.0,14.0,20.0,4.0,12.0,384,256,294.0,182.0,120,110,174,72,22.0,23.0,5.0,2.0,1.12,2.31,0.44,1.27,0.69,1.04,1.12,2.31,1.62,2.92,1,3,3,3,1,3,7,5,2,2,0.4344,1.1373,0.3724,1.0053,0.0319,0.1412,0.2433,0.1954,0.0416,0.0266,9,9,0,2,2,3,3,2,0,0,0.435,0.5751,0.0,0.7717,0.4641,1.0612,0.2245,0.0978,0.0,0.0,14,16,20.15,17.27
4732814,2025-11-28,bra,2025,Brasileirao,36,Fernando Antonio Mendes de Salles Nascimento Fillho,10274,Juventude,7877,Bahia,1,1,1,45,55,17,15,8,5,3,6,6,4,1,0,13,9,4,6,7,5,4,3,4,3,24,20,17,15,2,3,0,0,4,2,18,16,5,11,5,7,23,20,3,5,50,49,38.0,40.0,12.0,9.0,5.0,9.0,353,444,300.0,388.0,129,241,171,147,24.0,18.0,10.0,2.0,2.0,2.13,1.44,2.02,0.57,0.11,2.0,2.13,1.95,0.9,4,3,8,5,2,1,2,3,2,3,1.2894,1.0631,0.4743,0.8184,0.0817,0.0503,0.0845,0.1693,0.0746,0.0851,9,11,1,1,5,2,3,1,0,0,1.3823,2.0212,0.0566,0.0548,0.4008,0.0797,0.1648,0.0305,0.0,0.0,18,15,14.16,15.68
4732814,2025-11-28,bra,2025,Brasileirao,36,Fernando Antonio Mendes de Salles Nascimento Fillho,7877,Bahia,10274,Juventude,0,1,1,55,45,15,17,5,8,6,3,4,6,0,1,9,13,6,4,5,7,3,4,3,4,20,24,15,17,3,2,0,0,2,4,16,18,11,5,7,5,20,23,5,3,49,50,40.0,38.0,9.0,12.0,9.0,5.0,444,353,388.0,300.0,241,129,147,171,18.0,24.0,2.0,10.0,2.13,2.0,2.02,1.44,0.11,0.57,2.13,2.0,0.9,1.95,3,4,5,8,1,2,3,2,3,2,1.0631,1.2894,0.8184,0.4743,0.0503,0.0817,0.1693,0.0845,0.0851,0.0746,11,9,1,1,2,5,1,3,0,0,2.0212,1.3823,0.0548,0.0566,0.0797,0.4008,0.0305,0.1648,0.0,0.0,15,18,15.68,14.16
4732808,2025-11-29,bra,2025,Brasileirao,36,Felipe Fernandes de Lima,8514,Santos FC,6305,Sport Recife,1,3,0,52,48,17,11,7,2,6,4,4,5,1,0,11,7,6,4,9,3,1,0,0,0,34,22,11,15,0,2,0,0,2,2,16,18,22,10,5,3,18,25,2,5,47,46,39.0,35.0,8.0,11.0,8.0,6.0,376,352,325.0,288.0,149,126,176,162,24.0,20.0,3.0,2.0,1.27,0.4,0.84,0.27,0.43,0.13,1.27,0.4,2.29,0.46,1,0,7,3,3,4,2,3,4,1,0.1107,0.0,0.82,0.1769,0.0782,0.1664,0.0924,0.075,0.1671,0.0125,8,4,2,3,5,2,2,2,0,0,0.6328,0.2036,0.2068,0.093,0.3369,0.0782,0.092,0.056,0.0,0.0,17,11,16.34,20.59
4732808,2025-11-29,bra,2025,Brasileirao,36,Felipe Fernandes de Lima,6305,Sport Recife,8514,Santos FC,0,0,3,48,52,11,17,2,7,4,6,5,4,0,1,7,11,4,6,3,9,0,1,0,0,22,34,15,11,2,0,0,0,2,2,18,16,10,22,3,5,25,18,5,2,46,47,35.0,39.0,11.0,8.0,6.0,8.0,352,376,288.0,325.0,126,149,162,176,20.0,24.0,2.0,3.0,0.4,1.27,0.27,0.84,0.13,0.43,0.4,1.27,0.46,2.29,0,1,3,7,4,3,3,2,1,4,0.0,0.1107,0.1769,0.82,0.1664,0.0782,0.075,0.0924,0.0125,0.1671,4,8,3,2,2,5,2,2,0,0,0.2036,0.6328,0.093,0.2068,0.0782,0.3369,0.056,0.092,0.0,0.0,11,17,20.59,16.34
4732812,2025-11-29,bra,2025,Brasileirao,36,Wilton Pereira Sampaio,7733,Vitoria,163782,Mirassol,1,2,0,26,74,16,25,3,9,8,8,5,8,0,1,11,18,5,7,3,9,4,4,2,4,17,45,15,11,1,2,0,0,0,3,14,5,11,4,7,5,24,19,9,1,41,49,27.0,33.0,14.0,16.0,4.0,14.0,203,606,147.0,534.0,61,243,86,291,21.0,22.0,3.0,7.0,2.48,2.18,0.61,1.39,1.08,0.79,1.69,2.18,1.71,1.88,2,4,6,7,3,7,4,4,1,3,0.8462,0.907,1.3647,1.041,0.1246,0.2518,0.1269,0.0709,0.0161,0.05,6,17,3,1,4,4,2,3,1,0,0.2592,1.3616,0.3547,0.032,1.0248,0.0961,0.0514,0.8309,0.7884,0.0,16,25,15.77,17.29
4732812,2025-11-29,bra,2025,Brasileirao,36,Wilton Pereira Sampaio,163782,Mirassol,7733,Vitoria,0,0,2,74,26,25,16,9,3,8,8,8,5,1,0,18,11,7,5,9,3,4,4,4,2,45,17,11,15,2,1,0,0,3,0,5,14,4,11,5,7,19,24,1,9,49,41,33.0,27.0,16.0,14.0,14.0,4.0,606,203,534.0,147.0,243,61,291,86,22.0,21.0,7.0,3.0,2.18,2.48,1.39,0.61,0.79,1.08,2.18,1.69,1.88,1.71,4,2,7,6,7,3,4,4,3,1,0.907,0.8462,1.041,1.3647,0.2518,0.1246,0.0709,0.1269,0.05,0.0161,17,6,1,3,4,4,3,2,0,1,1.3616,0.2592,0.032,0.3547,0.0961,1.0248,0.8309,0.0514,0.0,0.7884,25,16,17.29,15.77
4732803,2025-11-30,bra,2025,Brasileirao,35,,8287,Fortaleza,10272,Atletico MG,1,1,0,34,66,15,9,4,4,7,2,4,3,1,0,9,5,6,4,9,2,2,0,1,0,30,27,9,10,0,1,0,0,0,1,23,6,12,9,3,4,27,22,4,3,56,40,39.0,21.0,17.0,19.0,6.0,8.0,314,634,242.0,550.0,95,205,147,345,19.0,16.0,4.0,3.0,1.36,0.68,0.99,0.63,0.37,0.06,1.36,0.68,1.43,0.77,3,0,3,3,3,2,5,3,1,1,0.4995,0.0,0.5094,0.2545,0.0721,0.2281,0.2702,0.0849,0.0114,0.0524,11,8,1,0,2,1,1,0,0,0,0.9639,0.5638,0.0263,0.0,0.2228,0.056,0.1496,0.0,0.0,0.0,15,9,17.78,18.78
4732803,2025-11-30,bra,2025,Brasileirao,35,,10272,Atletico MG,8287,Fortaleza,0,0,1,66,34,9,15,4,4,2,7,3,4,0,1,5,9,4,6,2,9,0,2,0,1,27,30,10,9,1,0,0,0,1,0,6,23,9,12,4,3,22,27,3,4,40,56,21.0,39.0,19.0,17.0,8.0,6.0,634,314,550.0,242.0,205,95,345,147,16.0,19.0,3.0,4.0,0.68,1.36,0.63,0.99,0.06,0.37,0.68,1.36,0.77,1.43,0,3,3,3,2,3,3,5,1,1,0.0,0.4995,0.2545,0.5094,0.2281,0.0721,0.0849,0.2702,0.0524,0.0114,8,11,0,1,1,2,0,1,0,0,0.5638,0.9639,0.0,0.0263,0.056,0.2228,0.0,0.1496,0.0,0.0,9,15,18.78,17.78
4732807,2025-11-30,bra,2025,Brasileirao,36,,9808,Corinthians,8517,Botafogo RJ,1,2,2,61,39,14,8,6,2,5,5,3,1,0,0,11,7,3,1,7,4,4,2,2,1,17,16,13,18,3,5,0,1,2,1,18,15,5,8,1,4,13,21,0,3,51,42,42.0,33.0,9.0,9.0,6.0,6.0,451,290,387.0,239.0,234,147,153,92,30.0,22.0,9.0,3.0,2.02,0.61,1.04,0.19,0.97,0.42,2.02,0.61,2.11,1.16,2,1,8,5,1,1,1,0,2,1,0.4715,0.1848,1.4314,0.3432,0.0402,0.0737,0.0282,0.0,0.0464,0.0358,5,3,0,1,6,3,3,1,0,0,1.044,0.2153,0.0,0.0737,0.4238,0.3127,0.5498,0.0358,0.0,0.0,14,8,13.35,12.77
4732807,2025-11-30,bra,2025,Brasileirao,36,,8517,Botafogo RJ,9808,Corinthians,0,2,2,39,61,8,14,2,6,5,5,1,3,0,0,7,11,1,3,4,7,2,4,1,2,16,17,18,13,5,3,1,0,1,2,15,18,8,5,4,1,21,13,3,0,42,51,33.0,42.0,9.0,9.0,6.0,6.0,290,451,239.0,387.0,147,234,92,153,22.0,30.0,3.0,9.0,0.61,2.02,0.19,1.04,0.42,0.97,0.61,2.02,1.16,2.11,1,2,5,8,1,1,0,1,1,2,0.1848,0.4715,0.3432,1.4314,0.0737,0.0402,0.0,0.0282,0.0358,0.0464,3,5,1,0,3,6,1,3,0,0,0.2153,1.044,0.0737,0.0,0.3127,0.4238,0.0358,0.5498,0.0,0.0,8,14,12.77,13.35
4732813,2025-11-30,bra,2025,Brasileirao,36,Sávio Pereira Sampaio,172341,Ceara,9781,Cruzeiro,1,1,1,37,63,11,13,3,3,4,5,4,5,0,0,6,4,5,9,5,8,1,0,1,0,18,19,12,14,2,4,0,0,3,3,14,14,2,4,4,4,30,21,4,2,43,48,31.0,32.0,12.0,16.0,4.0,8.0,251,438,193.0,382.0,77,137,116,245,21.0,20.0,2.0,1.0,0.75,0.88,0.54,0.74,0.21,0.14,0.75,0.88,0.8,0.55,0,0,5,3,1,1,4,8,1,1,0.0,0.0,0.5317,0.3895,0.0291,0.0376,0.1496,0.4131,0.0402,0.0438,6,9,1,1,1,0,3,3,0,0,0.4615,0.7016,0.0816,0.0376,0.0185,0.0,0.1889,0.1448,0.0,0.0,11,13,18.51,21.68
4732813,2025-11-30,bra,2025,Brasileirao,36,Sávio Pereira Sampaio,9781,Cruzeiro,172341,Ceara,0,1,1,63,37,13,11,3,3,5,4,5,4,0,0,4,6,9,5,8,5,0,1,0,1,19,18,14,12,4,2,0,0,3,3,14,14,4,2,4,4,21,30,2,4,48,43,32.0,31.0,16.0,12.0,8.0,4.0,438,251,382.0,193.0,137,77,245,116,20.0,21.0,1.0,2.0,0.88,0.75,0.74,0.54,0.14,0.21,0.88,0.75,0.55,0.8,0,0,3,5,1,1,8,4,1,1,0.0,0.0,0.3895,0.5317,0.0376,0.0291,0.4131,0.1496,0.0438,0.0402,9,6,1,1,0,1,3,3,0,0,0.7016,0.4615,0.0376,0.0816,0.0,0.0185,0.1448,0.1889,0.0,0.0,13,11,21.68,18.51
4732816,2025-12-02,bra,2025,Brasileirao,37,,10276,Vasco da Gama,163782,Mirassol,1,0,2,51,49,14,8,5,4,4,1,5,3,0,0,7,3,7,5,10,1,1,2,1,0,21,8,21,10,2,3,0,0,0,3,13,9,10,11,3,5,13,44,2,5,44,53,32.0,32.0,12.0,21.0,12.0,6.0,436,444,367.0,372.0,153,272,214,100,15.0,21.0,5.0,0.0,0.66,1.33,0.46,1.33,0.2,0.0,0.66,1.33,0.27,1.92,0,0,4,3,3,0,5,5,2,0,0.0,0.0,0.3551,1.0378,0.0807,0.0,0.1779,0.2045,0.0488,0.0,10,7,0,1,2,0,2,0,0,0,0.4643,0.5221,0.0,0.7202,0.0247,0.0,0.1735,0.0,0.0,0.0,14,8,19.06,19.89
4732816,2025-12-02,bra,2025,Brasileirao,37,,163782,Mirassol,10276,Vasco da Gama,0,2,0,49,51,8,14,4,5,1,4,3,5,0,0,3,7,5,7,1,10,2,1,0,1,8,21,10,21,3,2,0,0,3,0,9,13,11,10,5,3,44,13,5,2,53,44,32.0,32.0,21.0,12.0,6.0,12.0,444,436,372.0,367.0,272,153,100,214,21.0,15.0,0.0,5.0,1.33,0.66,1.33,0.46,0.0,0.2,1.33,0.66,1.92,0.27,0,0,3,4,0,3,5,5,0,2,0.0,0.0,1.0378,0.3551,0.0,0.0807,0.2045,0.1779,0.0,0.0488,7,10,1,0,0,2,0,2,0,0,0.5221,0.4643,0.7202,0.0,0.0,0.0247,0.0,0.1735,0.0,0.0,8,14,19.89,19.06
4732789,2025-12-03,bra,2025,Brasileirao,34,Wagner do Nascimento Magalhães,109705,Red Bull Bragantino,7733,Vitoria,1,4,0,56,44,20,7,9,3,8,2,3,2,0,0,12,3,8,4,5,0,4,0,1,0,33,6,21,12,3,0,0,0,3,3,13,9,7,9,2,3,25,23,4,5,51,48,32.0,36.0,19.0,12.0,7.0,7.0,463,363,393.0,285.0,204,186,189,99,22.0,22.0,5.0,2.0,2.48,0.35,2.35,0.19,0.13,0.15,2.48,0.35,3.7,0.97,1,0,9,3,2,0,4,3,4,1,0.358,0.0,1.757,0.2332,0.1013,0.0,0.1941,0.0998,0.1455,0.0297,15,5,1,0,2,0,2,2,0,0,1.8975,0.2052,0.551,0.0,0.0442,0.0,0.0631,0.1574,0.0,0.0,20,7,17.28,20.18
4732789,2025-12-03,bra,2025,Brasileirao,34,Wagner do Nascimento Magalhães,7733,Vitoria,109705,Red Bull Bragantino,0,0,4,44,56,7,20,3,9,2,8,2,3,0,0,3,12,4,8,0,5,0,4,0,1,6,33,12,21,0,3,0,0,3,3,9,13,9,7,3,2,23,25,5,4,48,51,36.0,32.0,12.0,19.0,7.0,7.0,363,463,285.0,393.0,186,204,99,189,22.0,22.0,2.0,5.0,0.35,2.48,0.19,2.35,0.15,0.13,0.35,2.48,0.97,3.7,0,1,3,9,0,2,3,4,1,4,0.0,0.358,0.2332,1.757,0.0,0.1013,0.0998,0.1941,0.0297,0.1455,5,15,0,1,0,2,2,2,0,0,0.2052,1.8975,0.0,0.551,0.0,0.0442,0.1574,0.0631,0.0,0.0,7,20,20.18,17.28
4732818,2025-12-03,bra,2025,Brasileirao,37,Bruno Arleu de Araújo,10277,Sao Paulo,8702,Internacional,1,3,0,56,44,12,15,7,4,4,6,1,5,0,0,8,4,4,11,4,9,5,1,3,1,17,26,16,19,1,2,0,0,0,2,18,18,10,9,5,1,35,27,4,4,77,54,52.0,39.0,25.0,15.0,15.0,5.0,392,301,317.0,226.0,182,87,135,139,26.0,16.0,3.0,4.0,1.47,0.54,1.37,0.26,0.11,0.28,1.47,0.54,2.28,0.62,1,0,5,2,2,2,1,8,3,3,0.2015,0.0,1.0668,0.1318,0.0733,0.0584,0.0641,0.2661,0.0671,0.086,8,8,2,2,0,2,2,3,0,0,0.9013,0.2002,0.464,0.0714,0.0,0.0851,0.1075,0.1857,0.0,0.0,12,15,16.8,23.32
4732818,2025-12-03,bra,2025,Brasileirao,37,Bruno Arleu de Araújo,8702,Internacional,10277,Sao Paulo,0,0,3,44,56,15,12,4,7,6,4,5,1,0,0,4,8,11,4,9,4,1,5,1,3,26,17,19,16,2,1,0,0,2,0,18,18,9,10,1,5,27,35,4,4,54,77,39.0,52.0,15.0,25.0,5.0,15.0,301,392,226.0,317.0,87,182,139,135,16.0,26.0,4.0,3.0,0.54,1.47,0.26,1.37,0.28,0.11,0.54,1.47,0.62,2.28,0,1,2,5,2,2,8,1,3,3,0.0,0.2015,0.1318,1.0668,0.0584,0.0733,0.2661,0.0641,0.086,0.0671,8,8,2,2,2,0,3,2,0,0,0.2002,0.9013,0.0714,0.464,0.0851,0.0,0.1857,0.1075,0.0,0.0,15,12,23.32,16.8
4732821,2025-12-03,bra,2025,Brasileirao,37,,9769,Gremio,9863,Fluminense,1,1,2,55,45,16,6,7,2,5,2,4,2,1,0,6,4,10,2,10,0,1,2,1,0,29,17,14,14,3,1,0,0,2,0,26,26,9,6,2,3,14,37,0,6,53,62,43.0,43.0,10.0,19.0,5.0,4.0,512,436,457.0,360.0,178,260,279,100,29.0,25.0,6.0,2.0,0.73,0.92,0.61,0.92,0.12,0.0,0.73,0.92,0.56,0.73,0,1,5,3,1,0,7,2,3,0,0.0,0.6546,0.3967,0.5023,0.0342,0.0,0.2303,0.1434,0.0643,0.0,8,6,3,0,3,0,2,0,0,0,0.4911,1.3003,0.1159,0.0,0.0719,0.0,0.0466,0.0,0.0,0.0,16,6,21.94,12.51
4732821,2025-12-03,bra,2025,Brasileirao,37,,9863,Fluminense,9769,Gremio,0,2,1,45,55,6,16,2,7,2,5,2,4,0,1,4,6,2,10,0,10,2,1,0,1,17,29,14,14,1,3,0,0,0,2,26,26,6,9,3,2,37,14,6,0,62,53,43.0,43.0,19.0,10.0,4.0,5.0,436,512,360.0,457.0,260,178,100,279,25.0,29.0,2.0,6.0,0.92,0.73,0.92,0.61,0.0,0.12,0.92,0.73,0.73,0.56,1,0,3,5,0,1,2,7,0,3,0.6546,0.0,0.5023,0.3967,0.0,0.0342,0.1434,0.2303,0.0,0.0643,6,8,0,3,0,3,0,2,0,0,1.3003,0.4911,0.0,0.1159,0.0,0.0719,0.0,0.0466,0.0,0.0,6,16,12.51,21.94
4732822,2025-12-03,bra,2025,Brasileirao,37,Flávio Rodrigues de Souza,7877,Bahia,6305,Sport Recife,1,2,0,62,38,27,7,13,3,11,3,3,1,1,0,18,3,9,4,6,2,7,0,7,0,53,12,11,11,1,3,0,0,2,1,16,12,5,14,1,3,9,28,3,12,40,42,33.0,33.0,7.0,9.0,6.0,9.0,602,364,537.0,308.0,193,183,344,125,13.0,9.0,1.0,1.0,3.14,0.3,2.19,0.23,0.15,0.07,2.35,0.3,3.44,0.15,3,0,7,2,8,1,6,3,3,1,0.6774,0.0,1.738,0.1347,0.4819,0.0481,0.2803,0.0777,0.0586,0.038,22,5,1,0,3,0,0,2,1,0,2.2358,0.2292,0.0584,0.0,0.1537,0.0,0.0,0.0693,0.7884,0.0,27,7,16.55,22.61
4732822,2025-12-03,bra,2025,Brasileirao,37,Flávio Rodrigues de Souza,6305,Sport Recife,7877,Bahia,0,0,2,38,62,7,27,3,13,3,11,1,3,0,1,3,18,4,9,2,6,0,7,0,7,12,53,11,11,3,1,0,0,1,2,12,16,14,5,3,1,28,9,12,3,42,40,33.0,33.0,9.0,7.0,9.0,6.0,364,602,308.0,537.0,183,193,125,344,9.0,13.0,1.0,1.0,0.3,3.14,0.23,2.19,0.07,0.15,0.3,2.35,0.15,3.44,0,3,2,7,1,8,3,6,1,3,0.0,0.6774,0.1347,1.738,0.0481,0.4819,0.0777,0.2803,0.038,0.0586,5,22,0,1,0,3,2,0,0,1,0.2292,2.2358,0.0,0.0584,0.0,0.1537,0.0693,0.0,0.0,0.7884,7,27,22.61,16.55
4732823,2025-12-03,bra,2025,Brasileirao,37,Sávio Pereira Sampaio,8287,Fortaleza,9808,Corinthians,1,2,1,30,70,10,20,3,7,3,6,4,7,0,0,3,13,7,7,0,7,2,3,0,3,12,28,15,18,5,1,0,0,5,0,25,7,5,7,7,4,34,17,6,1,54,45,45.0,34.0,9.0,11.0,5.0,12.0,248,550,184.0,502.0,99,216,85,286,28.0,29.0,1.0,10.0,1.17,2.26,1.17,1.87,0.0,0.39,1.17,2.26,1.17,2.34,0,2,2,7,1,4,7,5,0,2,0.0,0.9293,0.6688,0.8711,0.0357,0.1512,0.4256,0.2748,0.0,0.0354,7,16,3,1,0,3,0,0,0,0,0.4126,1.7837,0.7176,0.0848,0.0,0.3933,0.0,0.0,0.0,0.0,10,20,20.72,15.82
4732823,2025-12-03,bra,2025,Brasileirao,37,Sávio Pereira Sampaio,9808,Corinthians,8287,Fortaleza,0,1,2,70,30,20,10,7,3,6,3,7,4,0,0,13,3,7,7,7,0,3,2,3,0,28,12,18,15,1,5,0,0,0,5,7,25,7,5,4,7,17,34,1,6,45,54,34.0,45.0,11.0,9.0,12.0,5.0,550,248,502.0,184.0,216,99,286,85,29.0,28.0,10.0,1.0,2.26,1.17,1.87,1.17,0.39,0.0,2.26,1.17,2.34,1.17,2,0,7,2,4,1,5,7,2,0,0.9293,0.0,0.8711,0.6688,0.1512,0.0357,0.2748,0.4256,0.0354,0.0,16,7,1,3,3,0,0,0,0,0,1.7837,0.4126,0.0848,0.7176,0.3933,0.0,0.0,0.0,0.0,0.0,20,10,15.82,20.72
4732824,2025-12-03,bra,2025,Brasileirao,37,Wilton Pereira Sampaio,10274,Juventude,8514,Santos FC,1,0,3,51,49,12,10,3,6,6,4,3,0,0,0,5,6,7,4,5,3,1,5,1,3,20,19,13,12,2,2,0,0,2,0,14,15,12,6,0,3,8,24,3,3,49,43,35.0,34.0,14.0,9.0,10.0,7.0,339,337,270.0,267.0,157,167,113,100,23.0,18.0,9.0,4.0,0.54,1.81,0.47,0.98,0.08,0.04,0.54,1.02,0.41,1.98,0,1,4,3,1,2,5,2,2,2,0.0,0.5388,0.3465,1.0675,0.0365,0.108,0.14,0.0372,0.0178,0.0598,9,7,0,1,3,0,0,1,0,1,0.4779,0.8906,0.0,0.0934,0.0628,0.0,0.0,0.0389,0.0,0.7884,12,10,19.81,18.83
4732824,2025-12-03,bra,2025,Brasileirao,37,Wilton Pereira Sampaio,8514,Santos FC,10274,Juventude,0,3,0,49,51,10,12,6,3,4,6,0,3,0,0,6,5,4,7,3,5,5,1,3,1,19,20,12,13,2,2,0,0,0,2,15,14,6,12,3,0,24,8,3,3,43,49,34.0,35.0,9.0,14.0,7.0,10.0,337,339,267.0,270.0,167,157,100,113,18.0,23.0,4.0,9.0,1.81,0.54,0.98,0.47,0.04,0.08,1.02,0.54,1.98,0.41,1,0,3,4,2,1,2,5,2,2,0.5388,0.0,1.0675,0.3465,0.108,0.0365,0.0372,0.14,0.0598,0.0178,7,9,1,0,0,3,1,0,1,0,0.8906,0.4779,0.0934,0.0,0.0,0.0628,0.0389,0.0,0.7884,0.0,10,12,18.83,19.81
4732790,2025-12-04,bra,2025,Brasileirao,34,Rafael Rodrigo Klein,10272,Atletico MG,10283,Palmeiras,1,0,3,65,35,33,12,9,5,14,5,10,2,3,1,17,12,16,0,10,6,4,5,4,3,38,20,16,15,1,2,0,1,0,1,14,13,7,6,2,10,15,25,2,9,54,51,38.0,35.0,16.0,16.0,9.0,8.0,445,237,391.0,176.0,149,115,242,61,20.0,17.0,8.0,4.0,1.91,2.35,0.99,2.05,0.92,0.29,1.91,2.35,1.95,2.23,2,0,12,11,3,1,8,0,8,0,0.4932,0.0,1.0044,2.622,0.0726,0.0317,0.2149,0.0,0.1229,0.0,19,6,0,2,12,3,2,1,0,0,0.9885,1.459,0.0,0.903,0.8678,0.238,0.0516,0.0537,0.0,0.0,33,12,20.01,12.02
4732790,2025-12-04,bra,2025,Brasileirao,34,Rafael Rodrigo Klein,10283,Palmeiras,10272,Atletico MG,0,3,0,35,65,12,33,5,9,5,14,2,10,1,3,12,17,0,16,6,10,5,4,3,4,20,38,15,16,2,1,1,0,1,0,13,14,6,7,10,2,25,15,9,2,51,54,35.0,38.0,16.0,16.0,8.0,9.0,237,445,176.0,391.0,115,149,61,242,17.0,20.0,4.0,8.0,2.35,1.91,2.05,0.99,0.29,0.92,2.35,1.91,2.23,1.95,0,2,11,12,1,3,0,8,0,8,0.0,0.4932,2.622,1.0044,0.0317,0.0726,0.0,0.2149,0.0,0.1229,6,19,2,0,3,12,1,2,0,0,1.459,0.9885,0.903,0.0,0.238,0.8678,0.0537,0.0516,0.0,0.0,12,33,12.02,20.01
4732815,2025-12-04,bra,2025,Brasileirao,37,Rodrigo José Pereira de Lima,9770,Flamengo,172341,Ceara,1,1,0,69,31,15,1,4,1,11,0,0,0,0,0,11,1,4,0,4,3,5,0,4,0,36,5,11,5,0,0,0,0,0,0,15,12,7,4,0,0,16,31,1,3,46,42,25.0,31.0,21.0,11.0,5.0,8.0,726,312,670.0,248.0,199,162,471,86,30.0,29.0,7.0,2.0,1.52,0.02,0.94,0.02,0.57,0.0,1.52,0.02,0.33,0.01,3,0,4,1,4,0,2,0,2,0,0.771,0.0,0.418,0.0157,0.2018,0.0,0.0657,0.0,0.0601,0.0,11,0,1,0,1,0,2,1,0,0,0.8799,0.0,0.0643,0.0,0.2669,0.0,0.3056,0.0157,0.0,0.0,15,1,16.54,14.68
4732815,2025-12-04,bra,2025,Brasileirao,37,Rodrigo José Pereira de Lima,172341,Ceara,9770,Flamengo,0,0,1,31,69,1,15,1,4,0,11,0,0,0,0,1,11,0,4,3,4,0,5,0,4,5,36,5,11,0,0,0,0,0,0,12,15,4,7,0,0,31,16,3,1,42,46,31.0,25.0,11.0,21.0,8.0,5.0,312,726,248.0,670.0,162,199,86,471,29.0,30.0,2.0,7.0,0.02,1.52,0.02,0.94,0.0,0.57,0.02,1.52,0.01,0.33,0,3,1,4,0,4,0,2,0,2,0.0,0.771,0.0157,0.418,0.0,0.2018,0.0,0.0657,0.0,0.0601,0,11,0,1,0,1,1,2,0,0,0.0,0.8799,0.0,0.0643,0.0,0.2669,0.0157,0.3056,0.0,0.0,1,15,14.68,16.54
4732820,2025-12-04,bra,2025,Brasileirao,37,Anderson Daronco,9781,Cruzeiro,8517,Botafogo RJ,1,2,2,43,57,10,8,4,5,5,3,1,0,0,1,7,8,3,0,1,7,3,5,1,3,20,27,12,15,2,2,0,1,1,1,18,14,10,7,0,1,40,14,3,2,51,49,38.0,39.0,13.0,10.0,8.0,13.0,341,444,286.0,366.0,128,185,158,181,26.0,37.0,2.0,4.0,1.73,1.73,1.53,0.81,0.2,0.13,1.73,0.94,2.27,2.06,1,2,4,3,2,3,2,0,1,0,0.7791,0.4083,0.8406,1.1134,0.0563,0.2196,0.0766,0.0,0.0074,0.0,5,5,2,1,0,1,3,0,0,1,0.9152,0.7219,0.6468,0.1043,0.0,0.1267,0.1981,0.0,0.0,0.7884,10,8,16.89,11.56
4732820,2025-12-04,bra,2025,Brasileirao,37,Anderson Daronco,8517,Botafogo RJ,9781,Cruzeiro,0,2,2,57,43,8,10,5,4,3,5,0,1,1,0,8,7,0,3,7,1,5,3,3,1,27,20,15,12,2,2,1,0,1,1,14,18,7,10,1,0,14,40,2,3,49,51,39.0,38.0,10.0,13.0,13.0,8.0,444,341,366.0,286.0,185,128,181,158,37.0,26.0,4.0,2.0,1.73,1.73,0.81,1.53,0.13,0.2,0.94,1.73,2.06,2.27,2,1,3,4,3,2,0,2,0,1,0.4083,0.7791,1.1134,0.8406,0.2196,0.0563,0.0,0.0766,0.0,0.0074,5,5,1,2,1,0,0,3,1,0,0.7219,0.9152,0.1043,0.6468,0.1267,0.0,0.0,0.1981,0.7884,0.0,8,10,11.56,16.89
4732829,2025-12-06,bra,2025,Brasileirao,38,Lucas Casagrande,163782,Mirassol,9770,Flamengo,1,3,3,63,37,17,15,8,6,8,8,1,1,0,1,13,12,4,3,2,3,4,4,2,2,44,26,11,10,1,1,0,0,4,1,9,11,3,8,1,1,3,39,3,5,34,40,25.0,30.0,9.0,10.0,8.0,9.0,495,294,437.0,245.0,240,170,197,75,25.0,22.0,5.0,4.0,2.67,2.39,2.43,2.34,0.23,0.05,2.67,2.39,3.25,2.91,3,2,6,6,4,4,3,1,1,2,1.3011,0.5254,1.0606,1.4246,0.2531,0.362,0.1049,0.0431,0.0276,0.0362,12,10,2,3,0,2,3,0,0,0,1.6075,1.3771,0.9085,0.9677,0.0,0.0465,0.2312,0.0,0.0,0.0,17,15,14.81,15.7
4732829,2025-12-06,bra,2025,Brasileirao,38,Lucas Casagrande,9770,Flamengo,163782,Mirassol,0,3,3,37,63,15,17,6,8,8,8,1,1,1,0,12,13,3,4,3,2,4,4,2,2,26,44,10,11,1,1,0,0,1,4,11,9,8,3,1,1,39,3,5,3,40,34,30.0,25.0,10.0,9.0,9.0,8.0,294,495,245.0,437.0,170,240,75,197,22.0,25.0,4.0,5.0,2.39,2.67,2.34,2.43,0.05,0.23,2.39,2.67,2.91,3.25,2,3,6,6,4,4,1,3,2,1,0.5254,1.3011,1.4246,1.0606,0.362,0.2531,0.0431,0.1049,0.0362,0.0276,10,12,3,2,2,0,0,3,0,0,1.3771,1.6075,0.9677,0.9085,0.0465,0.0,0.0,0.2312,0.0,0.0,15,17,15.7,14.81
4732825,2025-12-07,bra,2025,Brasileirao,38,Matheus Delgado Candançan,9863,Fluminense,7877,Bahia,1,2,0,53,47,12,14,5,5,4,5,3,4,0,0,9,6,3,8,5,4,5,1,3,1,16,14,12,22,2,3,0,0,0,2,14,18,10,4,4,3,13,19,5,3,49,43,39.0,35.0,10.0,8.0,7.0,5.0,423,379,371.0,330.0,189,158,182,172,23.0,18.0,1.0,5.0,1.11,0.6,0.67,0.51,0.45,0.09,1.11,0.6,0.83,0.59,1,1,3,3,5,2,2,4,1,4,0.2307,0.0562,0.8002,0.2087,0.2115,0.0614,0.5777,0.2105,0.0408,0.0633,5,9,2,2,2,3,3,0,0,0,0.5754,0.4648,0.5777,0.0499,0.0794,0.0855,0.6284,0.0,0.0,0.0,12,14,18.02,19.81
4732825,2025-12-07,bra,2025,Brasileirao,38,Matheus Delgado Candançan,7877,Bahia,9863,Fluminense,0,0,2,47,53,14,12,5,5,5,4,4,3,0,0,6,9,8,3,4,5,1,5,1,3,14,16,22,12,3,2,0,0,2,0,18,14,4,10,3,4,19,13,3,5,43,49,35.0,39.0,8.0,10.0,5.0,7.0,379,423,330.0,371.0,158,189,172,182,18.0,23.0,5.0,1.0,0.6,1.11,0.51,0.67,0.09,0.45,0.6,1.11,0.59,0.83,1,1,3,3,2,5,4,2,4,1,0.0562,0.2307,0.2087,0.8002,0.0614,0.2115,0.2105,0.5777,0.0633,0.0408,9,5,2,2,3,2,0,3,0,0,0.4648,0.5754,0.0499,0.5777,0.0855,0.0794,0.0,0.6284,0.0,0.0,14,12,19.81,18.02
4732826,2025-12-07,bra,2025,Brasileirao,38,Paulo Cesar Zanovelli da Silva,8517,Botafogo RJ,8287,Fortaleza,1,4,2,71,29,15,8,6,4,6,3,3,1,1,0,9,5,6,3,2,2,4,1,1,0,21,9,11,10,2,4,0,0,0,3,9,8,3,9,0,3,14,18,2,2,43,41,26.0,22.0,17.0,19.0,7.0,5.0,633,250,566.0,184.0,230,73,336,111,28.0,21.0,11.0,4.0,1.55,1.03,1.41,0.21,0.15,0.03,1.55,0.24,3.67,1.53,2,0,7,3,0,2,3,1,3,2,0.243,0.0,1.1253,0.8573,0.0,0.0471,0.1354,0.0946,0.0553,0.0345,13,4,1,1,1,1,0,1,0,1,0.9081,0.1757,0.5052,0.0422,0.1456,0.0223,0.0,0.0049,0.0,0.7884,15,8,15.3,18.08
4732826,2025-12-07,bra,2025,Brasileirao,38,Paulo Cesar Zanovelli da Silva,8287,Fortaleza,8517,Botafogo RJ,0,2,4,29,71,8,15,4,6,3,6,1,3,0,1,5,9,3,6,2,2,1,4,0,1,9,21,10,11,4,2,0,0,3,0,8,9,9,3,3,0,18,14,2,2,41,43,22.0,26.0,19.0,17.0,5.0,7.0,250,633,184.0,566.0,73,230,111,336,21.0,28.0,4.0,11.0,1.03,1.55,0.21,1.41,0.03,0.15,0.24,1.55,1.53,3.67,0,2,3,7,2,0,1,3,2,3,0.0,0.243,0.8573,1.1253,0.0471,0.0,0.0946,0.1354,0.0345,0.0553,4,13,1,1,1,1,1,0,1,0,0.1757,0.9081,0.0422,0.5052,0.0223,0.1456,0.0049,0.0,0.7884,0.0,8,15,18.08,15.3
4732827,2025-12-07,bra,2025,Brasileirao,38,Felipe Fernandes de Lima,9808,Corinthians,10274,Juventude,1,1,1,57,43,14,16,4,4,6,8,4,4,0,0,11,10,3,6,4,7,6,2,6,1,17,16,18,17,0,1,0,0,2,3,20,15,9,19,4,4,21,14,3,2,50,48,45.0,42.0,5.0,6.0,8.0,10.0,485,364,423.0,307.0,295,170,128,137,22.0,22.0,4.0,8.0,2.62,1.55,2.27,1.41,0.34,0.14,2.62,1.55,1.26,0.8,0,1,7,8,4,1,2,4,1,2,0.0,0.4992,2.1202,0.8657,0.2375,0.0131,0.2197,0.1101,0.0329,0.0602,10,10,2,0,2,3,0,3,0,0,2.142,1.4077,0.1266,0.0,0.3418,0.0598,0.0,0.0807,0.0,0.0,14,16,14.12,16.83
4732827,2025-12-07,bra,2025,Brasileirao,38,Felipe Fernandes de Lima,10274,Juventude,9808,Corinthians,0,1,1,43,57,16,14,4,4,8,6,4,4,0,0,10,11,6,3,7,4,2,6,1,6,16,17,17,18,1,0,0,0,3,2,15,20,19,9,4,4,14,21,2,3,48,50,42.0,45.0,6.0,5.0,10.0,8.0,364,485,307.0,423.0,170,295,137,128,22.0,22.0,8.0,4.0,1.55,2.62,1.41,2.27,0.14,0.34,1.55,2.62,0.8,1.26,1,0,8,7,1,4,4,2,2,1,0.4992,0.0,0.8657,2.1202,0.0131,0.2375,0.1101,0.2197,0.0602,0.0329,10,10,0,2,3,2,3,0,0,0,1.4077,2.142,0.0,0.1266,0.0598,0.3418,0.0807,0.0,0.0,0.0,16,14,16.83,14.12
4732828,2025-12-07,bra,2025,Brasileirao,38,Rodrigo José Pereira de Lima,8514,Santos FC,9781,Cruzeiro,1,3,0,54,46,19,8,7,4,7,2,5,2,2,0,17,1,2,7,9,3,4,0,2,0,40,6,8,12,2,2,0,0,1,5,22,16,14,11,1,5,12,21,4,4,49,44,38.0,34.0,11.0,10.0,6.0,11.0,440,390,384.0,332.0,186,180,198,152,28.0,12.0,5.0,1.0,1.92,0.32,1.18,0.26,0.74,0.06,1.92,0.32,2.32,0.27,3,0,10,0,4,1,1,4,1,3,0.5297,0.0,1.0651,0.0,0.291,0.0285,0.0103,0.2176,0.0224,0.0696,11,7,1,0,5,1,2,0,0,0,1.0814,0.2553,0.0939,0.0,0.4313,0.0604,0.3119,0.0,0.0,0.0,19,8,13.25,23.97
4732828,2025-12-07,bra,2025,Brasileirao,38,Rodrigo José Pereira de Lima,9781,Cruzeiro,8514,Santos FC,0,0,3,46,54,8,19,4,7,2,7,2,5,0,2,1,17,7,2,3,9,0,4,0,2,6,40,12,8,2,2,0,0,5,1,16,22,11,14,5,1,21,12,4,4,44,49,34.0,38.0,10.0,11.0,11.0,6.0,390,440,332.0,384.0,180,186,152,198,12.0,28.0,1.0,5.0,0.32,1.92,0.26,1.18,0.06,0.74,0.32,1.92,0.27,2.32,0,3,0,10,1,4,4,1,3,1,0.0,0.5297,0.0,1.0651,0.0285,0.291,0.2176,0.0103,0.0696,0.0224,7,11,0,1,1,5,0,2,0,0,0.2553,1.0814,0.0,0.0939,0.0604,0.4313,0.0,0.3119,0.0,0.0,8,19,23.97,13.25
4732830,2025-12-07,bra,2025,Brasileirao,38,Lucas Paulo Torezin,10272,Atletico MG,10276,Vasco da Gama,1,5,0,59,41,19,1,6,0,8,1,5,0,2,0,10,0,9,1,6,1,5,0,3,0,29,6,13,4,0,0,0,1,3,0,7,11,10,8,0,5,6,19,0,2,22,38,14.0,28.0,8.0,10.0,3.0,5.0,659,466,598.0,396.0,129,281,469,115,16.0,20.0,5.0,0.0,1.95,0.01,1.39,0.01,0.56,0.0,1.95,0.01,1.21,0.0,3,0,4,0,3,0,5,0,4,1,0.5088,0.0,0.9534,0.0,0.1724,0.0,0.203,0.0,0.115,0.0161,11,1,1,0,5,0,2,0,0,0,1.3382,0.0161,0.0555,0.0,0.4963,0.0,0.0626,0.0,0.0,0.0,19,1,17.99,33.7
4732830,2025-12-07,bra,2025,Brasileirao,38,Lucas Paulo Torezin,10276,Vasco da Gama,10272,Atletico MG,0,0,5,41,59,1,19,0,6,1,8,0,5,0,2,0,10,1,9,1,6,0,5,0,3,6,29,4,13,0,0,1,0,0,3,11,7,8,10,5,0,19,6,2,0,38,22,28.0,14.0,10.0,8.0,5.0,3.0,466,659,396.0,598.0,281,129,115,469,20.0,16.0,0.0,5.0,0.01,1.95,0.01,1.39,0.0,0.56,0.01,1.95,0.0,1.21,0,3,0,4,0,3,0,5,1,4,0.0,0.5088,0.0,0.9534,0.0,0.1724,0.0,0.203,0.0161,0.115,1,11,0,1,0,5,0,2,0,0,0.0161,1.3382,0.0,0.0555,0.0,0.4963,0.0,0.0626,0.0,0.0,1,19,33.7,17.99
4732831,2025-12-07,bra,2025,Brasileirao,38,Davi de Oliveira Lacerda,8702,Internacional,109705,Red Bull Bragantino,1,3,1,43,57,15,6,4,3,6,1,5,2,1,0,10,2,5,4,2,4,4,0,1,0,21,11,18,15,3,4,0,0,3,4,17,18,10,5,2,5,30,22,2,1,51,55,42.0,43.0,9.0,12.0,10.0,10.0,266,354,200.0,274.0,75,149,125,125,22.0,19.0,5.0,0.0,2.14,0.19,0.51,0.15,0.84,0.04,1.35,0.19,1.18,0.95,1,0,8,0,1,2,3,2,2,2,0.428,0.0,1.5729,0.0,0.0299,0.0527,0.079,0.0668,0.0281,0.0557,5,5,1,0,3,0,5,1,1,0,0.1443,0.134,0.3618,0.0,0.1498,0.0,0.6936,0.0412,0.7884,0.0,15,6,16.92,23.71
4732831,2025-12-07,bra,2025,Brasileirao,38,Davi de Oliveira Lacerda,109705,Red Bull Bragantino,8702,Internacional,0,1,3,57,43,6,15,3,4,1,6,2,5,0,1,2,10,4,5,4,2,0,4,0,1,11,21,15,18,4,3,0,0,4,3,18,17,5,10,5,2,22,30,1,2,55,51,43.0,42.0,12.0,9.0,10.0,10.0,354,266,274.0,200.0,149,75,125,125,19.0,22.0,0.0,5.0,0.19,2.14,0.15,0.51,0.04,0.84,0.19,1.35,0.95,1.18,0,1,0,8,2,1,2,3,2,2,0.0,0.428,0.0,1.5729,0.0527,0.0299,0.0668,0.079,0.0557,0.0281,5,5,0,1,0,3,1,5,0,1,0.134,0.1443,0.0,0.3618,0.0,0.1498,0.0412,0.6936,0.0,0.7884,6,15,23.71,16.92
4732832,2025-12-07,bra,2025,Brasileirao,38,Wilton Pereira Sampaio,7733,Vitoria,10277,Sao Paulo,1,1,0,38,62,21,8,8,2,6,5,7,1,0,0,12,3,9,5,10,1,2,1,1,1,35,8,16,18,5,1,0,0,1,2,20,12,8,3,1,7,12,39,2,7,59,47,46.0,36.0,13.0,11.0,8.0,8.0,261,457,195.0,385.0,56,190,139,195,20.0,13.0,6.0,2.0,2.28,0.55,2.06,0.5,0.21,0.05,2.28,0.55,2.35,0.23,2,0,7,1,3,2,6,2,3,3,0.6401,0.0,1.1782,0.0634,0.16,0.3589,0.2514,0.0667,0.0481,0.0609,14,5,2,1,5,0,0,2,0,0,1.7408,0.1743,0.3365,0.3248,0.2006,0.0,0.0,0.0506,0.0,0.0,21,8,17.67,21.42
4732832,2025-12-07,bra,2025,Brasileirao,38,Wilton Pereira Sampaio,10277,Sao Paulo,7733,Vitoria,0,0,1,62,38,8,21,2,8,5,6,1,7,0,0,3,12,5,9,1,10,1,2,1,1,8,35,18,16,1,5,0,0,2,1,12,20,3,8,7,1,39,12,7,2,47,59,36.0,46.0,11.0,13.0,8.0,8.0,457,261,385.0,195.0,190,56,195,139,13.0,20.0,2.0,6.0,0.55,2.28,0.5,2.06,0.05,0.21,0.55,2.28,0.23,2.35,0,2,1,7,2,3,2,6,3,3,0.0,0.6401,0.0634,1.1782,0.3589,0.16,0.0667,0.2514,0.0609,0.0481,5,14,1,2,0,5,2,0,0,0,0.1743,1.7408,0.3248,0.3365,0.0,0.2006,0.0506,0.0,0.0,0.0,8,21,21.42,17.67
4732833,2025-12-07,bra,2025,Brasileirao,38,Bruno Arleu de Araújo,172341,Ceara,10283,Palmeiras,1,1,3,43,57,18,14,5,7,7,4,6,3,1,0,12,8,6,6,7,7,2,2,1,1,34,23,14,15,4,2,0,0,3,1,19,17,2,5,2,6,20,23,4,4,54,48,42.0,37.0,12.0,11.0,8.0,6.0,337,453,287.0,407.0,103,198,184,209,21.0,36.0,11.0,4.0,1.89,2.13,0.56,1.56,1.33,0.56,1.89,2.13,2.07,3.03,2,1,8,6,2,1,4,5,2,1,1.0864,0.1259,0.4919,1.4154,0.1373,0.0559,0.1389,0.3231,0.0362,0.0225,11,6,0,2,5,4,2,2,0,0,0.5609,0.7274,0.0,0.6368,0.3286,0.2269,1.0012,0.3517,0.0,0.0,18,14,17.39,16.42
4732833,2025-12-07,bra,2025,Brasileirao,38,Bruno Arleu de Araújo,10283,Palmeiras,172341,Ceara,0,3,1,57,43,14,18,7,5,4,7,3,6,0,1,8,12,6,6,7,7,2,2,1,1,23,34,15,14,2,4,0,0,1,3,17,19,5,2,6,2,23,20,4,4,48,54,37.0,42.0,11.0,12.0,6.0,8.0,453,337,407.0,287.0,198,103,209,184,36.0,21.0,4.0,11.0,2.13,1.89,1.56,0.56,0.56,1.33,2.13,1.89,3.03,2.07,1,2,6,8,1,2,5,4,1,2,0.1259,1.0864,1.4154,0.4919,0.0559,0.1373,0.3231,0.1389,0.0225,0.0362,6,11,2,0,4,5,2,2,0,0,0.7274,0.5609,0.6368,0.0,0.2269,0.3286,0.3517,1.0012,0.0,0.0,14,18,16.42,17.39
4732834,2025-12-07,bra,2025,Brasileirao,38,Edina Alves Batista,6305,Sport Recife,9769,Gremio,1,0,4,43,57,11,13,3,8,3,2,5,3,0,0,6,7,5,6,1,5,0,3,0,0,14,29,6,15,1,4,0,0,1,2,17,10,4,13,3,5,18,17,4,3,47,22,41.0,19.0,6.0,3.0,9.0,3.0,458,596,410.0,555.0,189,259,221,296,12.0,31.0,2.0,3.0,0.58,1.53,0.4,1.37,0.18,0.17,0.58,1.53,0.19,2.6,0,0,4,6,2,1,3,6,2,0,0.0,0.0,0.3883,1.2204,0.0742,0.0532,0.08,0.2603,0.0389,0.0,9,10,0,1,0,2,2,0,0,0,0.3977,1.3108,0.0,0.0581,0.0,0.165,0.1837,0.0,0.0,0.0,11,13,19.1,17.8
4732834,2025-12-07,bra,2025,Brasileirao,38,Edina Alves Batista,9769,Gremio,6305,Sport Recife,0,4,0,57,43,13,11,8,3,2,3,3,5,0,0,7,6,6,5,5,1,3,0,0,0,29,14,15,6,4,1,0,0,2,1,10,17,13,4,5,3,17,18,3,4,22,47,19.0,41.0,3.0,6.0,3.0,9.0,596,458,555.0,410.0,259,189,296,221,31.0,12.0,3.0,2.0,1.53,0.58,1.37,0.4,0.17,0.18,1.53,0.58,2.6,0.19,0,0,6,4,1,2,6,3,0,2,0.0,0.0,1.2204,0.3883,0.0532,0.0742,0.2603,0.08,0.0,0.0389,10,9,1,0,2,0,0,2,0,0,1.3108,0.3977,0.0581,0.0,0.165,0.0,0.0,0.1837,0.0,0.0,13,11,17.8,19.1
4732649,2026-01-29,bra,2025,Brasileirao,1,Rodrigo Jose Pereira de Lima,163782,Mirassol,10276,Vasco da Gama,1,2,1,47,53,13,13,4,5,7,3,2,5,0,0,6,6,7,7,5,5,0,1,0,0,10,15,16,10,0,0,0,0,1,2,15,13,9,8,5,2,20,15,4,3,40,56,32.0,44.0,8.0,12.0,7.0,15.0,415,464,358.0,413.0,231,214,127,199,23.0,24.0,4.0,5.0,,,,,,,,,,,1,2,5,3,1,1,4,2,2,3,0.3838,0.8244,0.5526,0.266,0.0465,0.0368,0.0961,0.1258,0.0592,0.0653,10,10,0,0,3,1,0,0,0,0,1.0584,1.3078,0.0,0.0,0.0798,0.0106,0.0,0.0,0.0,0.0,13,11,18.67,17.1
4732649,2026-01-29,bra,2025,Brasileirao,1,Rodrigo Jose Pereira de Lima,10276,Vasco da Gama,163782,Mirassol,0,1,2,53,47,13,13,5,4,3,7,5,2,0,0,6,6,7,7,5,5,1,0,0,0,15,10,10,16,0,0,0,0,2,1,13,15,8,9,2,5,15,20,3,4,56,40,44.0,32.0,12.0,8.0,15.0,7.0,464,415,413.0,358.0,214,231,199,127,24.0,23.0,5.0,4.0,,,,,,,,,,,2,1,3,5,1,1,2,4,3,2,0.8244,0.3838,0.266,0.5526,0.0368,0.0465,0.1258,0.0961,0.0653,0.0592,10,10,0,0,1,3,0,0,0,0,1.3078,1.0584,0.0,0.0,0.0106,0.0798,0.0,0.0,0.0,0.0,11,13,17.1,18.67
4732669,2026-02-11,bra,2025,Brasileirao,3,Braulio da Silva Machado,163782,Mirassol,9781,Cruzeiro,1,2,2,56,44,20,9,11,4,4,2,5,3,1,0,14,6,6,3,9,0,5,1,4,0,33,14,12,10,0,0,1,0,2,0,15,16,8,11,3,5,10,25,2,9,39,40,29.0,34.0,10.0,6.0,5.0,7.0,394,325,343.0,257.0,180,131,163,126,20.0,10.0,4.0,0.0,,,,,,,,,,,2,0,8,1,1,3,6,3,4,1,0.6895,0.0,0.3579,0.7081,0.0164,0.1735,0.2298,0.147,0.076,0.0542,12,4,0,2,3,0,6,2,0,0,0.5721,0.1419,0.0,0.8267,0.0926,0.0,0.7049,0.1142,0.0,0.0,21,8,17.13,18.74
4732669,2026-02-11,bra,2025,Brasileirao,3,Braulio da Silva Machado,9781,Cruzeiro,163782,Mirassol,0,2,2,44,56,9,20,4,11,2,4,3,5,0,1,6,14,3,6,0,9,1,5,0,4,14,33,10,12,0,0,0,1,0,2,16,15,11,8,5,3,25,10,9,2,40,39,34.0,29.0,6.0,10.0,7.0,5.0,325,394,257.0,343.0,131,180,126,163,10.0,20.0,0.0,4.0,,,,,,,,,,,0,2,1,8,3,1,3,6,1,4,0.0,0.6895,0.7081,0.3579,0.1735,0.0164,0.147,0.2298,0.0542,0.076,4,12,2,0,0,3,2,6,0,0,0.1419,0.5721,0.8267,0.0,0.0,0.0926,0.1142,0.7049,0.0,0.0,8,21,18.74,17.13
