match_id,date,league,season,competition,round,referee,team_id,team,opp_id,opp,is_home,gf,ga,poss,poss_ag,shots,shots_ag,sot,sot_ag,shots_off,shots_off_ag,shots_blocked,shots_blocked_ag,woodwork,woodwork_ag,shots_box,shots_box_ag,shots_obox,shots_obox_ag,corners,corners_ag,bigchance,bigchance_ag,bigchance_missed,bigchance_missed_ag,touches_box,touches_box_ag,fouls,fouls_ag,yellow,yellow_ag,red,red_ag,offsides,offsides_ag,tackles,tackles_ag,interceptions,interceptions_ag,blocks,blocks_ag,clearances,clearances_ag,saves,saves_ag,duels_won,duels_won_ag,ground_duels_won,ground_duels_won_ag,aerials_won,aerials_won_ag,dribbles,dribbles_ag,passes,passes_ag,passes_acc,passes_acc_ag,passes_own_half,passes_own_half_ag,passes_opp_half,passes_opp_half_ag,long_balls_acc,long_balls_acc_ag,crosses_acc,crosses_acc_ag,xg,xg_ag,xg_op,xg_op_ag,xg_sp,xg_sp_ag,xg_np,xg_np_ag,xgot,xgot_ag,z_sixyard,z_sixyard_ag,z_box_c,z_box_c_ag,z_box_w,z_box_w_ag,z_out_c,z_out_c_ag,z_out_w,z_out_w_ag,z_sixyard_xg,z_sixyard_xg_ag,z_box_c_xg,z_box_c_xg_ag,z_box_w_xg,z_box_w_xg_ag,z_out_c_xg,z_out_c_xg_ag,z_out_w_xg,z_out_w_xg_ag,s_open,s_open_ag,s_fastbreak,s_fastbreak_ag,s_corner,s_corner_ag,s_freekick,s_freekick_ag,s_penalty,s_penalty_ag,s_open_xg,s_open_xg_ag,s_fastbreak_xg,s_fastbreak_xg_ag,s_corner_xg,s_corner_xg_ag,s_freekick_xg,s_freekick_xg_ag,s_penalty_xg,s_penalty_xg_ag,shotmap_n,shotmap_n_ag,shot_dist_avg,shot_dist_avg_ag
4436209,2024-04-13,bra,2024,Brasileirao,1,Bruno Pereira Vasconcelos,7729,Criciuma,10274,Juventude,1,1,1,47,53,10,15,3,4,4,7,3,4,0,0,5,4,5,11,0,4,2,1,1,1,16,18,11,15,4,6,0,0,3,4,13,20,11,7,4,3,15,13,3,2,54,58,41.0,45.0,13.0,13.0,13.0,17.0,423,464,340.0,378.0,211,172,129,206,27.0,28.0,3.0,5.0,0.71,0.57,0.71,0.48,0.0,0.09,0.71,0.57,0.81,1.04,0,0,5,1,0,3,3,5,2,6,0.0,0.0,0.6173,0.0318,0.0,0.1036,0.059,0.2048,0.0337,0.2277,9,11,0,2,0,1,1,1,0,0,0.7064,0.3405,0.0,0.1359,0.0,0.059,0.0037,0.0324,0.0,0.0,10,15,19.62,23.91
4436209,2024-04-13,bra,2024,Brasileirao,1,Bruno Pereira Vasconcelos,10274,Juventude,7729,Criciuma,0,1,1,53,47,15,10,4,3,7,4,4,3,0,0,4,5,11,5,4,0,1,2,1,1,18,16,15,11,6,4,0,0,4,3,20,13,7,11,3,4,13,15,2,3,58,54,45.0,41.0,13.0,13.0,17.0,13.0,464,423,378.0,340.0,172,211,206,129,28.0,27.0,5.0,3.0,0.57,0.71,0.48,0.71,0.09,0.0,0.57,0.71,1.04,0.81,0,0,1,5,3,0,5,3,6,2,0.0,0.0,0.0318,0.6173,0.1036,0.0,0.2048,0.059,0.2277,0.0337,11,9,2,0,1,0,1,1,0,0,0.3405,0.7064,0.1359,0.0,0.059,0.0,0.0324,0.0037,0.0,0.0,15,10,23.91,19.62
4436211,2024-04-13,bra,2024,Brasileirao,1,Rodrigo José Pereira de Lima,8702,Internacional,7877,Bahia,1,2,1,53,47,17,9,9,4,6,3,2,2,0,0,13,6,4,3,6,3,3,1,2,0,22,12,21,13,5,3,0,0,3,2,25,10,11,9,2,2,10,20,3,7,72,46,44.0,38.0,28.0,8.0,7.0,8.0,513,467,440.0,386.0,234,230,206,156,29.0,20.0,8.0,4.0,1.89,0.7,1.12,0.64,0.76,0.06,1.89,0.7,,,3,0,7,6,3,0,3,2,1,1,1.1334,0.0,0.5509,0.6108,0.1434,0.0,0.0505,0.0605,0.0161,0.0257,10,7,0,0,5,1,2,1,0,0,1.1308,0.6355,0.0,0.0,0.5681,0.0257,0.1953,0.0358,0.0,0.0,17,9,14.65,16.89
4436211,2024-04-13,bra,2024,Brasileirao,1,Rodrigo José Pereira de Lima,7877,Bahia,8702,Internacional,0,1,2,47,53,9,17,4,9,3,6,2,2,0,0,6,13,3,4,3,6,1,3,0,2,12,22,13,21,3,5,0,0,2,3,10,25,9,11,2,2,20,10,7,3,46,72,38.0,44.0,8.0,28.0,8.0,7.0,467,513,386.0,440.0,230,234,156,206,20.0,29.0,4.0,8.0,0.7,1.89,0.64,1.12,0.06,0.76,0.7,1.89,,,0,3,6,7,0,3,2,3,1,1,0.0,1.1334,0.6108,0.5509,0.0,0.1434,0.0605,0.0505,0.0257,0.0161,7,10,0,0,1,5,1,2,0,0,0.6355,1.1308,0.0,0.0,0.0257,0.5681,0.0358,0.1953,0.0,0.0,9,17,16.89,14.65
4436201,2024-04-14,bra,2024,Brasileirao,1,Matheus Delgado Candançan,9781,Cruzeiro,8517,Botafogo RJ,1,3,2,56,44,15,6,5,3,4,3,6,0,0,0,9,4,6,2,6,3,2,4,0,2,34,13,12,11,4,3,0,1,2,0,14,12,8,9,0,6,9,26,1,2,45,43,33.0,32.0,12.0,11.0,8.0,10.0,399,319,334.0,252.0,154,176,180,76,33.0,23.0,5.0,2.0,1.65,2.03,1.58,1.78,0.07,0.25,1.65,2.03,2.87,1.75,0,0,5,3,4,2,3,0,3,1,0.0,0.0,1.1829,1.5321,0.2574,0.4532,0.1112,0.0,0.0942,0.0169,13,4,0,0,1,1,1,1,0,0,1.5675,1.842,0.0,0.0,0.0146,0.1381,0.0636,0.0221,0.0,0.0,15,6,19.41,15.41
4436201,2024-04-14,bra,2024,Brasileirao,1,Matheus Delgado Candançan,8517,Botafogo RJ,9781,Cruzeiro,0,2,3,44,56,6,15,3,5,3,4,0,6,0,0,4,9,2,6,3,6,4,2,2,0,13,34,11,12,3,4,1,0,0,2,12,14,9,8,6,0,26,9,2,1,43,45,32.0,33.0,11.0,12.0,10.0,8.0,319,399,252.0,334.0,176,154,76,180,23.0,33.0,2.0,5.0,2.03,1.65,1.78,1.58,0.25,0.07,2.03,1.65,1.75,2.87,0,0,3,5,2,4,0,3,1,3,0.0,0.0,1.5321,1.1829,0.4532,0.2574,0.0,0.1112,0.0169,0.0942,4,13,0,0,1,1,1,1,0,0,1.842,1.5675,0.0,0.0,0.1381,0.0146,0.0221,0.0636,0.0,0.0,6,15,15.41,19.41
4436202,2024-04-14,bra,2024,Brasileirao,1,Braulio da Silva Machado,7733,Vitoria,10283,Palmeiras,1,0,1,56,44,13,15,5,4,4,7,4,4,0,0,8,7,5,8,3,9,2,0,2,0,20,19,12,15,3,5,0,0,2,3,15,27,8,7,4,4,22,13,3,5,56,66,39.0,48.0,17.0,18.0,11.0,10.0,403,307,339.0,241.0,161,113,178,128,19.0,19.0,4.0,5.0,1.39,0.86,1.13,0.53,0.25,0.33,1.39,0.86,2.04,0.47,3,1,3,6,2,0,3,5,2,3,0.7679,0.0455,0.3459,0.5038,0.1257,0.0,0.1136,0.2394,0.0354,0.0713,10,9,0,0,1,3,2,3,0,0,1.1348,0.5326,0.0,0.0,0.0693,0.1258,0.1843,0.2015,0.0,0.0,13,15,17.62,18.69
4436202,2024-04-14,bra,2024,Brasileirao,1,Braulio da Silva Machado,10283,Palmeiras,7733,Vitoria,0,1,0,44,56,15,13,4,5,7,4,4,4,0,0,7,8,8,5,9,3,0,2,0,2,19,20,15,12,5,3,0,0,3,2,27,15,7,8,4,4,13,22,5,3,66,56,48.0,39.0,18.0,17.0,10.0,11.0,307,403,241.0,339.0,113,161,128,178,19.0,19.0,5.0,4.0,0.86,1.39,0.53,1.13,0.33,0.25,0.86,1.39,0.47,2.04,1,3,6,3,0,2,5,3,3,2,0.0455,0.7679,0.5038,0.3459,0.0,0.1257,0.2394,0.1136,0.0713,0.0354,9,10,0,0,3,1,3,2,0,0,0.5326,1.1348,0.0,0.0,0.1258,0.0693,0.2015,0.1843,0.0,0.0,15,13,18.69,17.62
4436203,2024-04-14,bra,2024,Brasileirao,1,Maguielson Lima Barbosa,9863,Fluminense,109705,Red Bull Bragantino,1,2,2,69,31,26,16,11,8,10,7,5,1,2,0,13,10,13,6,13,6,3,3,2,2,34,23,8,19,3,4,0,0,0,0,5,28,7,6,0,5,19,31,6,9,56,58,35.0,43.0,21.0,15.0,12.0,7.0,520,228,452.0,157.0,246,61,206,96,21.0,20.0,9.0,6.0,1.76,1.15,1.17,0.99,0.59,0.16,1.76,1.15,2.05,1.92,2,2,7,6,4,2,8,4,5,2,0.5332,0.5142,0.6768,0.4545,0.1724,0.0623,0.3326,0.0948,0.1347,0.0363,16,11,0,0,7,3,3,2,0,0,1.2159,1.0632,0.0,0.0,0.5254,0.0599,0.1084,0.0391,0.0,0.0,26,16,19.73,18.2
4436203,2024-04-14,bra,2024,Brasileirao,1,Maguielson Lima Barbosa,109705,Red Bull Bragantino,9863,Fluminense,0,2,2,31,69,16,26,8,11,7,10,1,5,0,2,10,13,6,13,6,13,3,3,2,2,23,34,19,8,4,3,0,0,0,0,28,5,6,7,5,0,31,19,9,6,58,56,43.0,35.0,15.0,21.0,7.0,12.0,228,520,157.0,452.0,61,246,96,206,20.0,21.0,6.0,9.0,1.15,1.76,0.99,1.17,0.16,0.59,1.15,1.76,1.92,2.05,2,2,6,7,2,4,4,8,2,5,0.5142,0.5332,0.4545,0.6768,0.0623,0.1724,0.0948,0.3326,0.0363,0.1347,11,16,0,0,3,7,2,3,0,0,1.0632,1.2159,0.0,0.0,0.0599,0.5254,0.0391,0.1084,0.0,0.0,16,26,18.2,19.73
4436204,2024-04-14,bra,2024,Brasileirao,1,Flavio Rodrigues De Souza,10276,Vasco da Gama,9769,Gremio,1,2,1,47,53,15,9,3,2,7,5,5,2,0,0,11,7,4,2,3,5,0,2,0,1,22,21,19,10,4,1,0,0,1,1,26,12,6,8,2,5,24,13,1,1,67,48,50.0,37.0,17.0,11.0,14.0,7.0,446,504,382.0,440.0,233,181,149,259,27.0,12.0,7.0,3.0,0.9,1.24,0.6,0.39,0.3,0.85,0.9,1.24,1.23,1.0,0,1,10,3,1,3,1,1,3,1,0.0,0.6855,0.5834,0.2479,0.0439,0.1955,0.0317,0.06,0.0387,0.023,11,4,0,0,2,3,2,2,0,0,0.4966,0.3002,0.0,0.0,0.1077,0.8317,0.0934,0.0799,0.0,0.0,15,9,17.12,14.16
4436204,2024-04-14,bra,2024,Brasileirao,1,Flavio Rodrigues De Souza,9769,Gremio,10276,Vasco da Gama,0,1,2,53,47,9,15,2,3,5,7,2,5,0,0,7,11,2,4,5,3,2,0,1,0,21,22,10,19,1,4,0,0,1,1,12,26,8,6,5,2,13,24,1,1,48,67,37.0,50.0,11.0,17.0,7.0,14.0,504,446,440.0,382.0,181,233,259,149,12.0,27.0,3.0,7.0,1.24,0.9,0.39,0.6,0.85,0.3,1.24,0.9,1.0,1.23,1,0,3,10,3,1,1,1,1,3,0.6855,0.0,0.2479,0.5834,0.1955,0.0439,0.06,0.0317,0.023,0.0387,4,11,0,0,3,2,2,2,0,0,0.3002,0.4966,0.0,0.0,0.8317,0.1077,0.0799,0.0934,0.0,0.0,9,15,14.16,17.12
4436205,2024-04-14,bra,2024,Brasileirao,1,Yuri Elino Ferreira da Cruz,9808,Corinthians,10272,Atletico MG,1,0,0,48,52,14,8,2,3,7,2,5,3,0,0,6,2,8,6,3,3,1,0,1,0,20,10,16,14,8,4,0,1,0,2,11,11,14,9,3,5,11,19,3,2,46,54,34.0,31.0,12.0,23.0,9.0,7.0,347,400,277.0,320.0,95,178,182,142,22.0,19.0,4.0,1.0,0.46,0.32,0.31,0.1,0.15,0.22,0.46,0.32,0.45,0.9,0,0,5,2,1,0,5,6,3,0,0.0,0.0,0.225,0.0991,0.0224,0.0,0.1299,0.2182,0.0837,0.0,9,2,0,1,2,1,3,4,0,0,0.3106,0.078,0.0,0.0219,0.0259,0.0283,0.1246,0.189,0.0,0.0,14,8,21.27,25.28
4436205,2024-04-14,bra,2024,Brasileirao,1,Yuri Elino Ferreira da Cruz,10272,Atletico MG,9808,Corinthians,0,0,0,52,48,8,14,3,2,2,7,3,5,0,0,2,6,6,8,3,3,0,1,0,1,10,20,14,16,4,8,1,0,2,0,11,11,9,14,5,3,19,11,2,3,54,46,31.0,34.0,23.0,12.0,7.0,9.0,400,347,320.0,277.0,178,95,142,182,19.0,22.0,1.0,4.0,0.32,0.46,0.1,0.31,0.22,0.15,0.32,0.46,0.9,0.45,0,0,2,5,0,1,6,5,0,3,0.0,0.0,0.0991,0.225,0.0,0.0224,0.2182,0.1299,0.0,0.0837,2,9,1,0,1,2,4,3,0,0,0.078,0.3106,0.0219,0.0,0.0283,0.0259,0.189,0.1246,0.0,0.0,8,14,25.28,21.27
4436206,2024-04-14,bra,2024,Brasileirao,1,Alex Gomes Stefano,10277,Sao Paulo,8287,Fortaleza,1,1,2,72,28,14,6,5,2,5,3,4,1,1,0,8,4,6,2,11,4,0,0,0,0,32,7,10,14,2,3,0,0,2,1,15,25,10,3,1,4,5,26,0,4,67,55,42.0,45.0,25.0,10.0,14.0,10.0,691,272,606.0,184.0,318,105,288,79,31.0,28.0,9.0,3.0,0.52,0.36,0.43,0.33,0.1,0.03,0.52,0.36,,,0,0,6,2,2,2,4,2,2,0,0.0,0.0,0.3052,0.2253,0.043,0.1053,0.1257,0.0283,0.0511,0.0,9,3,0,2,5,0,0,1,0,0,0.4277,0.1018,0.0,0.2318,0.0973,0.0,0.0,0.0253,0.0,0.0,14,6,18.43,21.69
4436206,2024-04-14,bra,2024,Brasileirao,1,Alex Gomes Stefano,8287,Fortaleza,10277,Sao Paulo,0,2,1,28,72,6,14,2,5,3,5,1,4,0,1,4,8,2,6,4,11,0,0,0,0,7,32,14,10,3,2,0,0,1,2,25,15,3,10,4,1,26,5,4,0,55,67,45.0,42.0,10.0,25.0,10.0,14.0,272,691,184.0,606.0,105,318,79,288,28.0,31.0,3.0,9.0,0.36,0.52,0.33,0.43,0.03,0.1,0.36,0.52,,,0,0,2,6,2,2,2,4,0,2,0.0,0.0,0.2253,0.3052,0.1053,0.043,0.0283,0.1257,0.0,0.0511,3,9,2,0,0,5,1,0,0,0,0.1018,0.4277,0.2318,0.0,0.0,0.0973,0.0253,0.0,0.0,0.0,6,14,21.69,18.43
4436207,2024-04-14,bra,2024,Brasileirao,1,Jonathan Benkenstein Pinheiro,10273,Athletico Paranaense,197815,Cuiaba,1,4,0,62,38,20,1,9,0,6,1,5,0,0,0,15,1,5,0,7,0,4,1,1,1,34,4,16,9,0,3,0,0,2,1,14,9,10,11,0,4,2,26,0,5,44,34,31.0,26.0,13.0,8.0,8.0,2.0,582,367,512.0,309.0,200,216,312,93,30.0,22.0,8.0,1.0,1.96,0.31,1.38,0.31,0.57,0.0,1.96,0.31,3.49,0.0,2,0,10,1,3,0,3,0,2,0,0.4585,0.0,1.1813,0.3076,0.1805,0.0,0.1082,0.0,0.029,0.0,13,1,1,0,5,0,1,0,0,0,0.8744,0.3076,0.5098,0.0,0.3555,0.0,0.2179,0.0,0.0,0.0,20,1,16.03,7.53
4436207,2024-04-14,bra,2024,Brasileirao,1,Jonathan Benkenstein Pinheiro,197815,Cuiaba,10273,Athletico Paranaense,0,0,4,38,62,1,20,0,9,1,6,0,5,0,0,1,15,0,5,0,7,1,4,1,1,4,34,9,16,3,0,0,0,1,2,9,14,11,10,4,0,26,2,5,0,34,44,26.0,31.0,8.0,13.0,2.0,8.0,367,582,309.0,512.0,216,200,93,312,22.0,30.0,1.0,8.0,0.31,1.96,0.31,1.38,0.0,0.57,0.31,1.96,0.0,3.49,0,2,1,10,0,3,0,3,0,2,0.0,0.4585,0.3076,1.1813,0.0,0.1805,0.0,0.1082,0.0,0.029,1,13,0,1,0,5,0,1,0,0,0.3076,0.8744,0.0,0.5098,0.0,0.3555,0.0,0.2179,0.0,0.0,1,20,7.53,16.03
4436208,2024-04-14,bra,2024,Brasileirao,1,André Luiz Skettino Policarpo Bento,165545,Atletico GO,9770,Flamengo,1,1,2,32,68,11,15,4,2,5,8,2,5,1,1,9,8,2,7,4,4,2,1,2,0,13,21,12,12,5,3,2,0,2,1,11,8,3,6,5,2,17,12,0,3,46,42,31.0,24.0,15.0,18.0,8.0,6.0,208,471,150.0,405.0,82,175,68,230,12.0,25.0,7.0,5.0,1.62,1.21,0.46,0.34,0.38,0.08,0.83,0.42,0.54,1.61,1,0,6,6,2,2,2,3,0,4,0.2988,0.0,1.1747,0.9997,0.0387,0.0456,0.0416,0.0907,0.0,0.0514,4,12,0,0,3,1,3,1,1,1,0.4223,0.321,0.0,0.0,0.2918,0.0439,0.0515,0.0342,0.7884,0.7884,11,15,13.36,21.83
4436208,2024-04-14,bra,2024,Brasileirao,1,André Luiz Skettino Policarpo Bento,9770,Flamengo,165545,Atletico GO,0,2,1,68,32,15,11,2,4,8,5,5,2,1,1,8,9,7,2,4,4,1,2,0,2,21,13,12,12,3,5,0,2,1,2,8,11,6,3,2,5,12,17,3,0,42,46,24.0,31.0,18.0,15.0,6.0,8.0,471,208,405.0,150.0,175,82,230,68,25.0,12.0,5.0,7.0,1.21,1.62,0.34,0.46,0.08,0.38,0.42,0.83,1.61,0.54,0,1,6,6,2,2,3,2,4,0,0.0,0.2988,0.9997,1.1747,0.0456,0.0387,0.0907,0.0416,0.0514,0.0,12,4,0,0,1,3,1,3,1,1,0.321,0.4223,0.0,0.0,0.0439,0.2918,0.0342,0.0515,0.7884,0.7884,15,11,21.83,13.36
4436200,2024-04-17,bra,2024,Brasileirao,2,Paulo Belence Alves dos Prazeres Filho,10272,Atletico MG,7729,Criciuma,1,1,1,68,32,22,5,6,1,8,4,8,0,0,0,8,4,14,1,9,2,2,0,2,0,31,14,12,10,2,4,0,0,2,0,30,14,8,7,0,8,12,34,0,5,63,43,49.0,30.0,14.0,13.0,10.0,7.0,712,333,640.0,277.0,286,138,354,139,38.0,31.0,6.0,3.0,1.04,0.34,0.93,0.0,0.11,0.34,1.04,0.34,,,1,1,4,2,3,1,8,1,6,0,0.2542,0.1029,0.3254,0.1578,0.1652,0.0442,0.219,0.0322,0.1144,0.0,17,0,0,0,3,2,2,3,0,0,0.9661,0.0,0.0,0.0,0.0502,0.1578,0.0619,0.1793,0.0,0.0,22,5,22.27,14.56
4436200,2024-04-17,bra,2024,Brasileirao,2,Paulo Belence Alves dos Prazeres Filho,7729,Criciuma,10272,Atletico MG,0,1,1,32,68,5,22,1,6,4,8,0,8,0,0,4,8,1,14,2,9,0,2,0,2,14,31,10,12,4,2,0,0,0,2,14,30,7,8,8,0,34,12,5,0,43,63,30.0,49.0,13.0,14.0,7.0,10.0,333,712,277.0,640.0,138,286,139,354,31.0,38.0,3.0,6.0,0.34,1.04,0.0,0.93,0.34,0.11,0.34,1.04,,,1,1,2,4,1,3,1,8,0,6,0.1029,0.2542,0.1578,0.3254,0.0442,0.1652,0.0322,0.219,0.0,0.1144,0,17,0,0,2,3,3,2,0,0,0.0,0.9661,0.0,0.0,0.1578,0.0502,0.1793,0.0619,0.0,0.0,5,22,14.56,22.27
4436210,2024-04-17,bra,2024,Brasileirao,2,Marcelo de Lima Henrique,9769,Gremio,10273,Athletico Paranaense,1,2,0,48,52,14,4,7,0,4,3,3,1,0,0,8,2,6,2,9,2,1,0,0,0,28,13,7,13,1,3,0,0,0,1,12,14,6,3,1,3,23,29,0,5,46,47,30.0,30.0,16.0,17.0,5.0,9.0,434,466,350.0,373.0,189,185,161,188,23.0,26.0,1.0,0.0,1.13,0.17,1.06,0.17,0.07,0.0,1.13,0.17,2.23,0.0,1,0,2,1,5,1,2,1,4,1,0.2723,0.0,0.2778,0.0932,0.2169,0.0205,0.2105,0.0288,0.1528,0.0242,9,4,3,0,1,0,1,0,0,0,0.7637,0.1666,0.295,0.0,0.0396,0.0,0.0319,0.0,0.0,0.0,14,4,18.48,21.67
4436210,2024-04-17,bra,2024,Brasileirao,2,Marcelo de Lima Henrique,10273,Athletico Paranaense,9769,Gremio,0,0,2,52,48,4,14,0,7,3,4,1,3,0,0,2,8,2,6,2,9,0,1,0,0,13,28,13,7,3,1,0,0,1,0,14,12,3,6,3,1,29,23,5,0,47,46,30.0,30.0,17.0,16.0,9.0,5.0,466,434,373.0,350.0,185,189,188,161,26.0,23.0,0.0,1.0,0.17,1.13,0.17,1.06,0.0,0.07,0.17,1.13,0.0,2.23,0,1,1,2,1,5,1,2,1,4,0.0,0.2723,0.0932,0.2778,0.0205,0.2169,0.0288,0.2105,0.0242,0.1528,4,9,0,3,0,1,0,1,0,0,0.1666,0.7637,0.0,0.295,0.0,0.0396,0.0,0.0319,0.0,0.0,4,14,21.67,18.48
4436212,2024-04-17,bra,2024,Brasileirao,2,João Vitor Gobi,7877,Bahia,9863,Fluminense,1,2,1,40,60,12,9,5,3,5,3,2,3,0,0,7,6,5,3,4,3,3,0,2,0,26,9,15,23,4,5,0,0,3,2,26,16,7,9,3,2,17,14,2,3,63,45,53.0,38.0,10.0,7.0,7.0,9.0,353,536,279.0,466.0,103,280,176,186,15.0,11.0,5.0,4.0,1.08,0.37,0.71,0.34,0.36,0.03,1.08,0.37,1.91,0.69,0,1,7,4,0,1,2,2,3,1,0.0,0.0409,0.8851,0.1929,0.0,0.0359,0.1173,0.0737,0.0733,0.0277,7,7,0,0,2,2,3,0,0,0,0.7128,0.3412,0.0,0.0,0.0867,0.0299,0.2762,0.0,0.0,0.0,12,9,17.98,16.47
4436212,2024-04-17,bra,2024,Brasileirao,2,João Vitor Gobi,9863,Fluminense,7877,Bahia,0,1,2,60,40,9,12,3,5,3,5,3,2,0,0,6,7,3,5,3,4,0,3,0,2,9,26,23,15,5,4,0,0,2,3,16,26,9,7,2,3,14,17,3,2,45,63,38.0,53.0,7.0,10.0,9.0,7.0,536,353,466.0,279.0,280,103,186,176,11.0,15.0,4.0,5.0,0.37,1.08,0.34,0.71,0.03,0.36,0.37,1.08,0.69,1.91,1,0,4,7,1,0,2,2,1,3,0.0409,0.0,0.1929,0.8851,0.0359,0.0,0.0737,0.1173,0.0277,0.0733,7,7,0,0,2,2,0,3,0,0,0.3412,0.7128,0.0,0.0,0.0299,0.0867,0.0,0.2762,0.0,0.0,9,12,16.47,17.98
4436215,2024-04-17,bra,2024,Brasileirao,2,Lucas Paulo Torezin,10283,Palmeiras,8702,Internacional,1,0,1,64,36,18,5,3,2,11,3,4,0,0,0,12,4,6,1,6,2,1,3,1,2,23,11,17,21,2,4,0,0,4,1,12,16,12,9,0,4,5,33,1,3,64,49,43.0,33.0,21.0,16.0,10.0,4.0,474,288,391.0,199.0,188,123,203,76,33.0,23.0,7.0,1.0,1.45,1.12,0.94,0.27,0.52,0.06,1.45,0.33,0.14,0.86,0,0,11,3,1,1,3,1,3,0,0.0,0.0,1.2249,1.005,0.0237,0.0667,0.154,0.0435,0.0504,0.0,10,3,0,0,6,1,2,0,0,1,0.9558,0.2704,0.0,0.0,0.3535,0.0564,0.1436,0.0,0.0,0.7884,18,5,15.9,12.66
4436215,2024-04-17,bra,2024,Brasileirao,2,Lucas Paulo Torezin,8702,Internacional,10283,Palmeiras,0,1,0,36,64,5,18,2,3,3,11,0,4,0,0,4,12,1,6,2,6,3,1,2,1,11,23,21,17,4,2,0,0,1,4,16,12,9,12,4,0,33,5,3,1,49,64,33.0,43.0,16.0,21.0,4.0,10.0,288,474,199.0,391.0,123,188,76,203,23.0,33.0,1.0,7.0,1.12,1.45,0.27,0.94,0.06,0.52,0.33,1.45,0.86,0.14,0,0,3,11,1,1,1,3,0,3,0.0,0.0,1.005,1.2249,0.0667,0.0237,0.0435,0.154,0.0,0.0504,3,10,0,0,1,6,0,2,1,0,0.2704,0.9558,0.0,0.0,0.0564,0.3535,0.0,0.1436,0.7884,0.0,5,18,12.66,15.9
4436216,2024-04-17,bra,2024,Brasileirao,2,Paulo Cesar Zanovelli da Silva,109705,Red Bull Bragantino,10276,Vasco da Gama,1,2,1,40,60,17,13,5,3,9,8,3,2,0,1,10,10,7,3,4,6,1,3,0,2,24,21,14,15,2,1,0,0,0,3,10,14,9,15,2,3,33,21,2,3,61,57,41.0,29.0,20.0,28.0,17.0,3.0,324,462,238.0,386.0,117,204,121,182,22.0,34.0,5.0,11.0,0.95,1.19,0.33,0.91,0.62,0.29,0.95,1.19,1.83,1.33,0,1,5,9,5,0,3,2,4,1,0.0,0.731,0.7638,0.8421,0.1563,0.0,0.0861,0.0619,0.0651,0.0206,9,7,0,1,4,3,4,2,0,0,0.302,0.4209,0.0,0.731,0.1165,0.4414,0.6528,0.0623,0.0,0.0,17,13,20.9,13.65
4436216,2024-04-17,bra,2024,Brasileirao,2,Paulo Cesar Zanovelli da Silva,10276,Vasco da Gama,109705,Red Bull Bragantino,0,1,2,60,40,13,17,3,5,8,9,2,3,1,0,10,10,3,7,6,4,3,1,2,0,21,24,15,14,1,2,0,0,3,0,14,10,15,9,3,2,21,33,3,2,57,61,29.0,41.0,28.0,20.0,3.0,17.0,462,324,386.0,238.0,204,117,182,121,34.0,22.0,11.0,5.0,1.19,0.95,0.91,0.33,0.29,0.62,1.19,0.95,1.33,1.83,1,0,9,5,0,5,2,3,1,4,0.731,0.0,0.8421,0.7638,0.0,0.1563,0.0619,0.0861,0.0206,0.0651,7,9,1,0,3,4,2,4,0,0,0.4209,0.302,0.731,0.0,0.4414,0.1165,0.0623,0.6528,0.0,0.0,13,17,13.65,20.9
4436217,2024-04-17,bra,2024,Brasileirao,2,Bruno Mota Correia,8287,Fortaleza,9781,Cruzeiro,1,1,1,39,61,14,14,3,6,6,6,5,2,0,1,9,7,5,7,7,5,1,1,1,1,18,24,13,10,2,1,0,1,0,2,14,15,8,5,3,4,17,19,4,2,37,58,26.0,42.0,11.0,16.0,3.0,15.0,296,476,229.0,408.0,96,192,133,216,25.0,24.0,5.0,3.0,0.63,0.82,0.26,0.76,0.38,0.06,0.63,0.82,1.07,1.23,0,1,6,5,3,1,4,5,1,2,0.0,0.2056,0.3721,0.4543,0.1161,0.0059,0.0844,0.1223,0.0625,0.0341,6,11,0,0,4,2,4,1,0,0,0.2597,0.7588,0.0,0.0,0.1394,0.0574,0.2359,0.0059,0.0,0.0,14,14,18.81,19.83
4436217,2024-04-17,bra,2024,Brasileirao,2,Bruno Mota Correia,9781,Cruzeiro,8287,Fortaleza,0,1,1,61,39,14,14,6,3,6,6,2,5,1,0,7,9,7,5,5,7,1,1,1,1,24,18,10,13,1,2,1,0,2,0,15,14,5,8,4,3,19,17,2,4,58,37,42.0,26.0,16.0,11.0,15.0,3.0,476,296,408.0,229.0,192,96,216,133,24.0,25.0,3.0,5.0,0.82,0.63,0.76,0.26,0.06,0.38,0.82,0.63,1.23,1.07,1,0,5,6,1,3,5,4,2,1,0.2056,0.0,0.4543,0.3721,0.0059,0.1161,0.1223,0.0844,0.0341,0.0625,11,6,0,0,2,4,1,4,0,0,0.7588,0.2597,0.0,0.0,0.0574,0.1394,0.0059,0.2359,0.0,0.0,14,14,19.83,18.81
4436219,2024-04-17,bra,2024,Brasileirao,2,Bruno Arleu de Araujo,10274,Juventude,9808,Corinthians,1,2,0,45,55,16,17,8,2,4,11,4,4,0,0,8,11,8,6,6,7,1,1,0,1,14,21,16,10,1,1,1,0,1,2,23,8,12,13,4,4,25,10,2,6,55,38,42.0,30.0,13.0,8.0,10.0,7.0,391,473,314.0,383.0,195,220,119,163,15.0,29.0,3.0,7.0,1.63,1.16,1.45,0.51,0.19,0.65,1.63,1.16,,,1,2,5,7,2,2,1,4,7,2,0.9107,0.2725,0.4266,0.6885,0.1425,0.0452,0.0178,0.1122,0.1365,0.045,11,10,2,0,3,6,0,1,0,0,1.2141,0.5108,0.2313,0.0,0.1888,0.5332,0.0,0.1194,0.0,0.0,16,17,20.48,16.59
4436219,2024-04-17,bra,2024,Brasileirao,2,Bruno Arleu de Araujo,9808,Corinthians,10274,Juventude,0,0,2,55,45,17,16,2,8,11,4,4,4,0,0,11,8,6,8,7,6,1,1,1,0,21,14,10,16,1,1,0,1,2,1,8,23,13,12,4,4,10,25,6,2,38,55,30.0,42.0,8.0,13.0,7.0,10.0,473,391,383.0,314.0,220,195,163,119,29.0,15.0,7.0,3.0,1.16,1.63,0.51,1.45,0.65,0.19,1.16,1.63,,,2,1,7,5,2,2,4,1,2,7,0.2725,0.9107,0.6885,0.4266,0.0452,0.1425,0.1122,0.0178,0.045,0.1365,10,11,0,2,6,3,1,0,0,0,0.5108,1.2141,0.0,0.2313,0.5332,0.1888,0.1194,0.0,0.0,0.0,17,16,16.59,20.48
4436213,2024-04-18,bra,2024,Brasileirao,2,Anderson Daronco,9770,Flamengo,10277,Sao Paulo,1,2,1,47,53,12,10,6,3,4,3,2,4,0,0,9,5,3,5,9,1,1,1,1,0,26,13,19,19,1,3,0,0,1,2,13,14,10,13,3,2,15,21,2,4,55,54,40.0,39.0,15.0,15.0,9.0,8.0,404,463,324.0,394.0,197,256,127,138,38.0,26.0,3.0,4.0,1.3,0.69,1.26,0.69,0.04,0.0,1.3,0.69,0.55,0.0,0,1,7,3,2,1,1,4,2,1,0.0,0.1247,1.2197,0.3063,0.0405,0.0392,0.0151,0.1912,0.0816,0.0274,11,10,0,0,1,0,0,0,0,0,1.3181,0.6889,0.0,0.0,0.0389,0.0,0.0,0.0,0.0,0.0,12,10,16.46,17.84
4436213,2024-04-18,bra,2024,Brasileirao,2,Anderson Daronco,10277,Sao Paulo,9770,Flamengo,0,1,2,53,47,10,12,3,6,3,4,4,2,0,0,5,9,5,3,1,9,1,1,0,1,13,26,19,19,3,1,0,0,2,1,14,13,13,10,2,3,21,15,4,2,54,55,39.0,40.0,15.0,15.0,8.0,9.0,463,404,394.0,324.0,256,197,138,127,26.0,38.0,4.0,3.0,0.69,1.3,0.69,1.26,0.0,0.04,0.69,1.3,0.0,0.55,1,0,3,7,1,2,4,1,1,2,0.1247,0.0,0.3063,1.2197,0.0392,0.0405,0.1912,0.0151,0.0274,0.0816,10,11,0,0,0,1,0,0,0,0,0.6889,1.3181,0.0,0.0,0.0,0.0389,0.0,0.0,0.0,0.0,10,12,17.84,16.46
4436214,2024-04-19,bra,2024,Brasileirao,2,Luiz Flávio de Oliveira,8517,Botafogo RJ,165545,Atletico GO,1,1,0,53,47,13,12,4,3,6,4,3,5,0,0,7,7,6,5,8,8,0,2,0,2,23,21,13,11,3,4,0,0,1,2,14,15,8,8,5,3,34,14,3,3,43,59,31.0,33.0,12.0,26.0,6.0,5.0,466,401,387.0,326.0,208,153,179,173,33.0,23.0,7.0,5.0,0.76,0.84,0.33,0.42,0.44,0.42,0.76,0.84,,,0,1,4,5,3,1,5,4,1,1,0.0,0.1402,0.4164,0.4291,0.1565,0.1132,0.1547,0.1438,0.0358,0.0116,6,6,1,0,5,4,1,2,0,0,0.2115,0.417,0.1152,0.0,0.4008,0.2693,0.0358,0.1515,0.0,0.0,13,12,19.07,16.48
4436214,2024-04-19,bra,2024,Brasileirao,2,Luiz Flávio de Oliveira,165545,Atletico GO,8517,Botafogo RJ,0,0,1,47,53,12,13,3,4,4,6,5,3,0,0,7,7,5,6,8,8,2,0,2,0,21,23,11,13,4,3,0,0,2,1,15,14,8,8,3,5,14,34,3,3,59,43,33.0,31.0,26.0,12.0,5.0,6.0,401,466,326.0,387.0,153,208,173,179,23.0,33.0,5.0,7.0,0.84,0.76,0.42,0.33,0.42,0.44,0.84,0.76,,,1,0,5,4,1,3,4,5,1,1,0.1402,0.0,0.4291,0.4164,0.1132,0.1565,0.1438,0.1547,0.0116,0.0358,6,6,0,1,4,5,2,1,0,0,0.417,0.2115,0.0,0.1152,0.2693,0.4008,0.1515,0.0358,0.0,0.0,12,13,16.48,19.07
4436180,2024-04-20,bra,2024,Brasileirao,3,Wilton Pereira Sampaio,9863,Fluminense,10276,Vasco da Gama,1,2,1,58,42,11,21,8,5,2,8,1,8,1,0,8,15,3,6,2,7,4,3,2,2,21,25,16,17,4,5,0,0,1,4,17,20,7,11,8,1,13,11,4,6,53,62,48.0,44.0,5.0,18.0,14.0,9.0,546,384,479.0,308.0,243,151,236,157,25.0,25.0,3.0,11.0,1.31,1.91,1.26,1.63,0.05,0.28,1.31,1.91,3.81,1.27,2,1,2,14,4,0,2,3,1,3,0.558,0.2035,0.3679,1.5841,0.3159,0.0,0.0746,0.0505,0.011,0.0752,9,16,0,1,1,4,1,0,0,0,1.278,1.1962,0.0,0.4368,0.011,0.2802,0.0384,0.0,0.0,0.0,11,21,16.39,14.79
4436180,2024-04-20,bra,2024,Brasileirao,3,Wilton Pereira Sampaio,10276,Vasco da Gama,9863,Fluminense,0,1,2,42,58,21,11,5,8,8,2,8,1,0,1,15,8,6,3,7,2,3,4,2,2,25,21,17,16,5,4,0,0,4,1,20,17,11,7,1,8,11,13,6,4,62,53,44.0,48.0,18.0,5.0,9.0,14.0,384,546,308.0,479.0,151,243,157,236,25.0,25.0,11.0,3.0,1.91,1.31,1.63,1.26,0.28,0.05,1.91,1.31,1.27,3.81,1,2,14,2,0,4,3,2,3,1,0.2035,0.558,1.5841,0.3679,0.0,0.3159,0.0505,0.0746,0.0752,0.011,16,9,1,0,4,1,0,1,0,0,1.1962,1.278,0.4368,0.0,0.2802,0.011,0.0,0.0384,0.0,0.0,21,11,14.79,16.39
4436183,2024-04-20,bra,2024,Brasileirao,3,Rafael Rodrigo Klein,109705,Red Bull Bragantino,9808,Corinthians,1,1,0,35,65,10,15,3,4,5,8,2,3,0,0,5,10,5,5,3,4,0,1,0,1,10,28,21,10,4,2,0,0,0,4,16,13,4,13,2,2,31,12,4,2,53,65,30.0,45.0,23.0,20.0,4.0,12.0,275,494,167.0,397.0,58,228,109,169,30.0,33.0,0.0,4.0,0.45,1.2,0.45,1.16,0.0,0.04,0.45,1.2,0.44,0.34,0,0,1,6,4,4,4,2,1,3,0.0,0.0,0.1646,0.8978,0.1432,0.1991,0.1393,0.0675,0.0058,0.0371,9,13,1,0,0,1,0,1,0,0,0.4077,1.1575,0.0453,0.0,0.0,0.0284,0.0,0.0156,0.0,0.0,10,15,22.0,19.77
4436183,2024-04-20,bra,2024,Brasileirao,3,Rafael Rodrigo Klein,9808,Corinthians,109705,Red Bull Bragantino,0,0,1,65,35,15,10,4,3,8,5,3,2,0,0,10,5,5,5,4,3,1,0,1,0,28,10,10,21,2,4,0,0,4,0,13,16,13,4,2,2,12,31,2,4,65,53,45.0,30.0,20.0,23.0,12.0,4.0,494,275,397.0,167.0,228,58,169,109,33.0,30.0,4.0,0.0,1.2,0.45,1.16,0.45,0.04,0.0,1.2,0.45,0.34,0.44,0,0,6,1,4,4,2,4,3,1,0.0,0.0,0.8978,0.1646,0.1991,0.1432,0.0675,0.1393,0.0371,0.0058,13,9,0,1,1,0,1,0,0,0,1.1575,0.4077,0.0,0.0453,0.0284,0.0,0.0156,0.0,0.0,0.0,15,10,19.77,22.0
4436220,2024-04-20,bra,2024,Brasileirao,3,Bruno Pereira Vasconcelos,9769,Gremio,197815,Cuiaba,1,1,0,57,43,7,14,4,3,3,8,0,3,0,0,4,10,3,4,3,4,0,2,0,2,14,21,10,5,4,2,0,0,0,0,15,19,9,6,3,0,21,11,3,3,46,46,31.0,35.0,15.0,11.0,11.0,8.0,543,400,473.0,323.0,166,164,307,159,29.0,27.0,1.0,5.0,0.63,1.35,0.63,1.02,0.0,0.33,0.63,1.35,,,0,0,2,8,2,2,0,4,3,0,0.0,0.0,0.5095,1.2246,0.0759,0.0642,0.0,0.0622,0.0464,0.0,6,11,1,0,0,2,0,1,0,0,0.5749,1.0232,0.0569,0.0,0.0,0.3141,0.0,0.0137,0.0,0.0,7,14,20.57,19.01
4436220,2024-04-20,bra,2024,Brasileirao,3,Bruno Pereira Vasconcelos,197815,Cuiaba,9769,Gremio,0,0,1,43,57,14,7,3,4,8,3,3,0,0,0,10,4,4,3,4,3,2,0,2,0,21,14,5,10,2,4,0,0,0,0,19,15,6,9,0,3,11,21,3,3,46,46,35.0,31.0,11.0,15.0,8.0,11.0,400,543,323.0,473.0,164,166,159,307,27.0,29.0,5.0,1.0,1.35,0.63,1.02,0.63,0.33,0.0,1.35,0.63,,,0,0,8,2,2,2,4,0,0,3,0.0,0.0,1.2246,0.5095,0.0642,0.0759,0.0622,0.0,0.0,0.0464,11,6,0,1,2,0,1,0,0,0,1.0232,0.5749,0.0,0.0569,0.3141,0.0,0.0137,0.0,0.0,0.0,14,7,19.01,20.57
4436179,2024-04-21,bra,2024,Brasileirao,3,Raphael Claus,7733,Vitoria,7877,Bahia,1,2,2,42,58,13,20,8,7,4,6,1,7,0,2,7,10,6,10,2,7,3,3,1,2,12,22,12,13,3,3,0,0,6,2,19,12,8,5,7,1,26,15,5,6,47,49,39.0,28.0,8.0,21.0,8.0,5.0,375,520,308.0,455.0,193,220,115,235,13.0,24.0,4.0,5.0,1.69,2.54,0.65,2.42,1.04,0.12,1.69,2.54,2.5,2.0,2,1,3,7,2,2,4,8,2,2,1.0925,0.9953,0.1441,0.7944,0.2148,0.1908,0.2077,0.2737,0.0458,0.0542,8,17,2,0,1,1,2,2,0,0,0.5222,2.1923,0.1435,0.0,0.9515,0.0101,0.0876,0.106,0.0,0.0,13,20,17.09,18.64
4436179,2024-04-21,bra,2024,Brasileirao,3,Raphael Claus,7877,Bahia,7733,Vitoria,0,2,2,58,42,20,13,7,8,6,4,7,1,2,0,10,7,10,6,7,2,3,3,2,1,22,12,13,12,3,3,0,0,2,6,12,19,5,8,1,7,15,26,6,5,49,47,28.0,39.0,21.0,8.0,5.0,8.0,520,375,455.0,308.0,220,193,235,115,24.0,13.0,5.0,4.0,2.54,1.69,2.42,0.65,0.12,1.04,2.54,1.69,2.0,2.5,1,2,7,3,2,2,8,4,2,2,0.9953,1.0925,0.7944,0.1441,0.1908,0.2148,0.2737,0.2077,0.0542,0.0458,17,8,0,2,1,1,2,2,0,0,2.1923,0.5222,0.0,0.1435,0.0101,0.9515,0.106,0.0876,0.0,0.0,20,13,18.64,17.09
4436181,2024-04-21,bra,2024,Brasileirao,3,Arthur Gomes Rabelo,8517,Botafogo RJ,10274,Juventude,1,5,1,56,44,13,12,6,1,5,5,2,6,0,0,11,5,2,7,5,4,5,0,1,0,35,15,22,10,3,2,0,1,1,1,19,19,6,6,6,2,20,13,0,1,46,51,35.0,45.0,11.0,6.0,6.0,6.0,490,385,440.0,332.0,242,190,198,142,36.0,28.0,7.0,3.0,2.96,0.33,1.34,0.23,0.83,0.1,2.17,0.33,3.59,0.55,2,0,7,3,2,2,0,3,2,4,1.201,0.0,1.3721,0.138,0.2917,0.0755,0.0,0.0568,0.0943,0.0599,7,9,1,0,3,1,1,2,1,0,1.26,0.2307,0.077,0.0,0.7611,0.0212,0.0727,0.0782,0.7884,0.0,13,12,13.73,23.91
4436181,2024-04-21,bra,2024,Brasileirao,3,Arthur Gomes Rabelo,10274,Juventude,8517,Botafogo RJ,0,1,5,44,56,12,13,1,6,5,5,6,2,0,0,5,11,7,2,4,5,0,5,0,1,15,35,10,22,2,3,1,0,1,1,19,19,6,6,2,6,13,20,1,0,51,46,45.0,35.0,6.0,11.0,6.0,6.0,385,490,332.0,440.0,190,242,142,198,28.0,36.0,3.0,7.0,0.33,2.96,0.23,1.34,0.1,0.83,0.33,2.17,0.55,3.59,0,2,3,7,2,2,3,0,4,2,0.0,1.201,0.138,1.3721,0.0755,0.2917,0.0568,0.0,0.0599,0.0943,9,7,0,1,1,3,2,1,0,1,0.2307,1.26,0.0,0.077,0.0212,0.7611,0.0782,0.0727,0.0,0.7884,12,13,23.91,13.73
4436182,2024-04-21,bra,2024,Brasileirao,3,Rodrigo José Pereira de Lima,10283,Palmeiras,9770,Flamengo,1,0,0,48,52,12,8,1,3,8,3,3,2,0,0,4,4,8,4,6,5,0,1,0,1,9,11,23,14,5,4,0,0,3,0,14,18,9,5,2,3,11,15,3,1,49,64,31.0,49.0,18.0,15.0,5.0,8.0,337,360,258.0,279.0,154,172,104,107,38.0,25.0,3.0,0.0,0.4,0.24,0.29,0.2,0.11,0.04,0.4,0.24,0.1,0.14,1,0,3,2,0,2,3,1,5,3,0.1611,0.0,0.1214,0.0915,0.0,0.0556,0.0475,0.0073,0.0711,0.0856,7,6,0,1,3,0,2,1,0,0,0.2922,0.1701,0.0,0.0332,0.0498,0.0,0.0591,0.0367,0.0,0.0,12,8,22.83,23.94
4436182,2024-04-21,bra,2024,Brasileirao,3,Rodrigo José Pereira de Lima,9770,Flamengo,10283,Palmeiras,0,0,0,52,48,8,12,3,1,3,8,2,3,0,0,4,4,4,8,5,6,1,0,1,0,11,9,14,23,4,5,0,0,0,3,18,14,5,9,3,2,15,11,1,3,64,49,49.0,31.0,15.0,18.0,8.0,5.0,360,337,279.0,258.0,172,154,107,104,25.0,38.0,0.0,3.0,0.24,0.4,0.2,0.29,0.04,0.11,0.24,0.4,0.14,0.1,0,1,2,3,2,0,1,3,3,5,0.0,0.1611,0.0915,0.1214,0.0556,0.0,0.0073,0.0475,0.0856,0.0711,6,7,1,0,0,3,1,2,0,0,0.1701,0.2922,0.0332,0.0,0.0,0.0498,0.0367,0.0591,0.0,0.0,8,12,23.94,22.83
4436184,2024-04-21,bra,2024,Brasileirao,3,Felipe Fernandes de Lima,10273,Athletico Paranaense,8702,Internacional,1,1,0,46,54,13,20,3,4,8,11,2,5,0,1,8,9,5,11,5,3,0,3,0,3,15,18,16,15,3,5,1,0,0,1,12,18,10,8,5,2,15,17,3,2,54,53,32.0,41.0,22.0,12.0,7.0,7.0,351,424,275.0,352.0,156,185,119,167,31.0,26.0,3.0,3.0,0.85,1.6,0.41,1.37,0.44,0.22,0.85,1.6,1.0,0.37,2,2,5,3,1,5,1,3,4,7,0.4172,0.7184,0.3348,0.3265,0.0158,0.4108,0.0181,0.1048,0.0594,0.2184,8,14,0,1,3,3,2,2,0,0,0.4068,1.5119,0.0,0.0444,0.0818,0.1364,0.3568,0.0862,0.0,0.0,13,20,17.7,19.57
4436184,2024-04-21,bra,2024,Brasileirao,3,Felipe Fernandes de Lima,8702,Internacional,10273,Athletico Paranaense,0,0,1,54,46,20,13,4,3,11,8,5,2,1,0,9,8,11,5,3,5,3,0,3,0,18,15,15,16,5,3,0,1,1,0,18,12,8,10,2,5,17,15,2,3,53,54,41.0,32.0,12.0,22.0,7.0,7.0,424,351,352.0,275.0,185,156,167,119,26.0,31.0,3.0,3.0,1.6,0.85,1.37,0.41,0.22,0.44,1.6,0.85,0.37,1.0,2,2,3,5,5,1,3,1,7,4,0.7184,0.4172,0.3265,0.3348,0.4108,0.0158,0.1048,0.0181,0.2184,0.0594,14,8,1,0,3,3,2,2,0,0,1.5119,0.4068,0.0444,0.0,0.1364,0.0818,0.0862,0.3568,0.0,0.0,20,13,19.57,17.7
4436185,2024-04-21,bra,2024,Brasileirao,3,Braulio da Silva Machado,165545,Atletico GO,10277,Sao Paulo,1,0,3,35,65,9,19,1,7,4,4,4,8,0,0,2,12,7,7,4,3,0,4,0,3,8,27,13,9,3,0,2,0,0,2,5,12,5,8,8,3,19,19,4,1,32,56,20.0,32.0,12.0,24.0,6.0,8.0,321,632,253.0,561.0,149,184,104,377,33.0,38.0,4.0,4.0,0.24,1.66,0.16,0.73,0.08,0.14,0.24,0.87,0.65,2.88,0,0,3,9,0,3,4,5,2,2,0.0,0.0,0.0996,1.3619,0.0,0.1113,0.1049,0.1043,0.038,0.0835,7,15,0,0,1,2,1,1,0,1,0.1612,0.734,0.0,0.0,0.0479,0.1113,0.0333,0.0273,0.0,0.7884,9,19,22.79,18.24
4436185,2024-04-21,bra,2024,Brasileirao,3,Braulio da Silva Machado,10277,Sao Paulo,165545,Atletico GO,0,3,0,65,35,19,9,7,1,4,4,8,4,0,0,12,2,7,7,3,4,4,0,3,0,27,8,9,13,0,3,0,2,2,0,12,5,8,5,3,8,19,19,1,4,56,32,32.0,20.0,24.0,12.0,8.0,6.0,632,321,561.0,253.0,184,149,377,104,38.0,33.0,4.0,4.0,1.66,0.24,0.73,0.16,0.14,0.08,0.87,0.24,2.88,0.65,0,0,9,3,3,0,5,4,2,2,0.0,0.0,1.3619,0.0996,0.1113,0.0,0.1043,0.1049,0.0835,0.038,15,7,0,0,2,1,1,1,1,0,0.734,0.1612,0.0,0.0,0.1113,0.0479,0.0273,0.0333,0.7884,0.0,19,9,18.24,22.79
4436189,2024-04-21,bra,2024,Brasileirao,3,Ramon Abatti,10272,Atletico MG,9781,Cruzeiro,1,3,0,56,44,9,10,4,3,3,1,2,6,0,0,5,5,4,5,4,4,2,2,0,2,21,17,15,17,2,2,0,0,1,2,18,14,14,7,7,2,18,15,2,1,54,45,39.0,32.0,15.0,13.0,5.0,4.0,561,439,495.0,379.0,287,126,208,253,46.0,14.0,4.0,1.0,1.13,0.85,1.04,0.8,0.1,0.06,1.13,0.85,1.9,0.43,1,0,3,2,1,3,1,3,3,2,0.4339,0.0,0.5217,0.2331,0.0299,0.1971,0.0698,0.1054,0.0992,0.0446,7,8,0,0,0,1,2,1,0,0,1.055,0.5227,0.0,0.0,0.0,0.0264,0.0995,0.0311,0.0,0.0,9,10,16.9,20.98
4436189,2024-04-21,bra,2024,Brasileirao,3,Ramon Abatti,9781,Cruzeiro,10272,Atletico MG,0,0,3,44,56,10,9,3,4,1,3,6,2,0,0,5,5,5,4,4,4,2,2,2,0,17,21,17,15,2,2,0,0,2,1,14,18,7,14,2,7,15,18,1,2,45,54,32.0,39.0,13.0,15.0,4.0,5.0,439,561,379.0,495.0,126,287,253,208,14.0,46.0,1.0,4.0,0.85,1.13,0.8,1.04,0.06,0.1,0.85,1.13,0.43,1.9,0,1,2,3,3,1,3,1,2,3,0.0,0.4339,0.2331,0.5217,0.1971,0.0299,0.1054,0.0698,0.0446,0.0992,8,7,0,0,1,0,1,2,0,0,0.5227,1.055,0.0,0.0,0.0264,0.0,0.0311,0.0995,0.0,0.0,10,9,20.98,16.9
4436191,2024-04-27,bra,2024,Brasileirao,4,Caio Max Augusto Vieira,10276,Vasco da Gama,7729,Criciuma,1,0,4,58,42,21,17,5,10,8,5,8,2,1,1,14,9,7,8,5,4,2,3,2,1,31,14,13,7,1,0,0,0,0,2,17,12,8,5,1,8,7,33,6,5,45,50,33.0,34.0,12.0,16.0,10.0,9.0,518,392,456.0,336.0,203,157,253,179,30.0,27.0,7.0,3.0,2.02,1.95,0.91,1.05,0.32,0.89,1.23,1.95,1.8,5.3,0,2,9,5,5,2,4,5,3,3,0.0,0.7064,1.6253,0.4382,0.1608,0.0888,0.1526,0.1551,0.0514,0.0676,14,9,0,1,4,5,2,2,1,0,0.9576,0.4798,0.0,0.1336,0.1508,0.7619,0.0934,0.0808,0.7884,0.0,21,17,17.75,19.35
4436191,2024-04-27,bra,2024,Brasileirao,4,Caio Max Augusto Vieira,7729,Criciuma,10276,Vasco da Gama,0,4,0,42,58,17,21,10,5,5,8,2,8,1,1,9,14,8,7,4,5,3,2,1,2,14,31,7,13,0,1,0,0,2,0,12,17,5,8,8,1,33,7,5,6,50,45,34.0,33.0,16.0,12.0,9.0,10.0,392,518,336.0,456.0,157,203,179,253,27.0,30.0,3.0,7.0,1.95,2.02,1.05,0.91,0.89,0.32,1.95,1.23,5.3,1.8,2,0,5,9,2,5,5,4,3,3,0.7064,0.0,0.4382,1.6253,0.0888,0.1608,0.1551,0.1526,0.0676,0.0514,9,14,1,0,5,4,2,2,0,1,0.4798,0.9576,0.1336,0.0,0.7619,0.1508,0.0808,0.0934,0.0,0.7884,17,21,19.35,17.75
4436195,2024-04-27,bra,2024,Brasileirao,4,,197815,Cuiaba,10272,Atletico MG,1,0,3,33,67,4,12,1,5,2,4,1,3,0,0,2,10,2,2,3,10,1,4,1,2,5,25,11,17,4,3,0,1,2,1,14,9,10,8,3,1,14,13,2,1,41,36,32.0,27.0,9.0,9.0,2.0,7.0,288,585,237.0,539.0,137,253,100,286,17.0,42.0,2.0,7.0,0.25,2.15,0.19,1.12,0.05,0.25,0.25,1.36,,,0,3,2,5,0,2,1,2,1,0,0.0,0.6071,0.2113,1.421,0.0,0.0583,0.0118,0.0658,0.0262,0.0,1,7,0,0,1,2,2,2,0,1,0.1942,1.118,0.0,0.0,0.0118,0.1059,0.0433,0.14,0.0,0.7884,4,12,19.48,14.55
4436195,2024-04-27,bra,2024,Brasileirao,4,,10272,Atletico MG,197815,Cuiaba,0,3,0,67,33,12,4,5,1,4,2,3,1,0,0,10,2,2,2,10,3,4,1,2,1,25,5,17,11,3,4,1,0,1,2,9,14,8,10,1,3,13,14,1,2,36,41,27.0,32.0,9.0,9.0,7.0,2.0,585,288,539.0,237.0,253,137,286,100,42.0,17.0,7.0,2.0,2.15,0.25,1.12,0.19,0.25,0.05,1.36,0.25,,,3,0,5,2,2,0,2,1,0,1,0.6071,0.0,1.421,0.2113,0.0583,0.0,0.0658,0.0118,0.0,0.0262,7,1,0,0,2,1,2,2,1,0,1.118,0.1942,0.0,0.0,0.1059,0.0118,0.14,0.0433,0.7884,0.0,12,4,14.55,19.48
4436178,2024-04-28,bra,2024,Brasileirao,4,Braulio da Silva Machado,7877,Bahia,9769,Gremio,1,1,0,60,40,14,3,4,2,5,1,5,0,1,0,10,2,4,1,4,0,2,0,2,0,27,8,10,15,2,4,0,2,1,2,25,18,7,16,0,5,16,15,2,3,58,49,48.0,37.0,10.0,12.0,10.0,12.0,620,415,542.0,352.0,261,212,281,140,18.0,20.0,7.0,0.0,1.16,0.12,1.03,0.12,0.13,0.0,1.16,0.12,2.28,0.19,0,0,8,1,2,1,2,0,2,1,0.0,0.0,0.8576,0.0428,0.1524,0.038,0.1077,0.0,0.0447,0.0355,10,3,1,0,3,0,0,0,0,0,0.7297,0.1162,0.3027,0.0,0.13,0.0,0.0,0.0,0.0,0.0,14,3,16.2,17.75
4436178,2024-04-28,bra,2024,Brasileirao,4,Braulio da Silva Machado,9769,Gremio,7877,Bahia,0,0,1,40,60,3,14,2,4,1,5,0,5,0,1,2,10,1,4,0,4,0,2,0,2,8,27,15,10,4,2,2,0,2,1,18,25,16,7,5,0,15,16,3,2,49,58,37.0,48.0,12.0,10.0,12.0,10.0,415,620,352.0,542.0,212,261,140,281,20.0,18.0,0.0,7.0,0.12,1.16,0.12,1.03,0.0,0.13,0.12,1.16,0.19,2.28,0,0,1,8,1,2,0,2,1,2,0.0,0.0,0.0428,0.8576,0.038,0.1524,0.0,0.1077,0.0355,0.0447,3,10,0,1,0,3,0,0,0,0,0.1162,0.7297,0.0,0.3027,0.0,0.13,0.0,0.0,0.0,0.0,3,14,17.75,16.2
4436187,2024-04-28,bra,2024,Brasileirao,4,Edina Alves Batista,8702,Internacional,165545,Atletico GO,1,1,1,72,28,22,4,5,2,9,0,8,2,0,0,17,2,5,2,13,0,1,1,0,0,31,3,13,12,0,4,0,0,1,5,17,13,2,11,2,9,10,48,1,4,60,48,37.0,30.0,23.0,18.0,8.0,4.0,638,253,551.0,178.0,172,101,379,77,33.0,27.0,11.0,1.0,1.92,0.34,1.53,0.34,0.39,0.0,1.92,0.34,1.28,0.46,2,0,12,2,3,0,4,1,1,1,0.476,0.0,0.992,0.2551,0.2152,0.0,0.2036,0.0679,0.0326,0.0155,16,4,0,0,5,0,1,0,0,0,1.5332,0.3385,0.0,0.0,0.3439,0.0,0.0422,0.0,0.0,0.0,22,4,13.4,19.05
4436187,2024-04-28,bra,2024,Brasileirao,4,Edina Alves Batista,165545,Atletico GO,8702,Internacional,0,1,1,28,72,4,22,2,5,0,9,2,8,0,0,2,17,2,5,0,13,1,1,0,0,3,31,12,13,4,0,0,0,5,1,13,17,11,2,9,2,48,10,4,1,48,60,30.0,37.0,18.0,23.0,4.0,8.0,253,638,178.0,551.0,101,172,77,379,27.0,33.0,1.0,11.0,0.34,1.92,0.34,1.53,0.0,0.39,0.34,1.92,0.46,1.28,0,2,2,12,0,3,1,4,1,1,0.0,0.476,0.2551,0.992,0.0,0.2152,0.0679,0.2036,0.0155,0.0326,4,16,0,0,0,5,0,1,0,0,0.3385,1.5332,0.0,0.0,0.0,0.3439,0.0,0.0422,0.0,0.0,4,22,19.05,13.4
4436188,2024-04-28,bra,2024,Brasileirao,4,Fabio Augusto Santos Sá Junior,9781,Cruzeiro,7733,Vitoria,1,3,1,54,46,15,8,6,3,5,5,4,0,0,0,7,3,8,5,10,4,3,0,2,0,22,9,12,6,2,0,0,0,0,0,31,15,5,9,0,4,9,16,3,3,52,40,40.0,29.0,12.0,11.0,4.0,3.0,469,404,399.0,340.0,149,193,250,147,26.0,21.0,8.0,5.0,1.2,0.3,1.13,0.09,0.07,0.21,1.2,0.3,,,0,0,7,3,0,0,6,2,2,3,0.0,0.0,0.9903,0.1887,0.0,0.0,0.1784,0.0364,0.0322,0.0761,11,4,1,0,2,3,1,1,0,0,1.0984,0.0881,0.031,0.0,0.0412,0.1687,0.0304,0.0444,0.0,0.0,15,8,20.68,24.7
4436188,2024-04-28,bra,2024,Brasileirao,4,Fabio Augusto Santos Sá Junior,7733,Vitoria,9781,Cruzeiro,0,1,3,46,54,8,15,3,6,5,5,0,4,0,0,3,7,5,8,4,10,0,3,0,2,9,22,6,12,0,2,0,0,0,0,15,31,9,5,4,0,16,9,3,3,40,52,29.0,40.0,11.0,12.0,3.0,4.0,404,469,340.0,399.0,193,149,147,250,21.0,26.0,5.0,8.0,0.3,1.2,0.09,1.13,0.21,0.07,0.3,1.2,,,0,0,3,7,0,0,2,6,3,2,0.0,0.0,0.1887,0.9903,0.0,0.0,0.0364,0.1784,0.0761,0.0322,4,11,0,1,3,2,1,1,0,0,0.0881,1.0984,0.0,0.031,0.1687,0.0412,0.0444,0.0304,0.0,0.0,8,15,24.7,20.68
4436190,2024-04-28,bra,2024,Brasileirao,4,Raphael Claus,9770,Flamengo,8517,Botafogo RJ,1,0,2,60,40,15,9,0,3,11,1,4,5,0,0,10,4,5,5,8,3,1,1,1,1,41,15,12,15,1,4,0,0,2,1,20,11,10,9,5,4,12,29,1,0,58,33,45.0,24.0,13.0,9.0,11.0,2.0,512,358,443.0,290.0,171,178,272,112,19.0,20.0,10.0,1.0,0.82,1.01,0.74,0.97,0.08,0.04,0.82,1.01,0.0,1.28,1,0,7,3,2,1,2,3,3,2,0.046,0.0,0.4963,0.8432,0.045,0.0204,0.071,0.0983,0.0443,0.0376,12,7,0,1,3,1,0,0,0,0,0.6095,0.9367,0.0,0.0205,0.093,0.0424,0.0,0.0,0.0,0.0,15,9,17.57,19.9
4436190,2024-04-28,bra,2024,Brasileirao,4,Raphael Claus,8517,Botafogo RJ,9770,Flamengo,0,2,0,40,60,9,15,3,0,1,11,5,4,0,0,4,10,5,5,3,8,1,1,1,1,15,41,15,12,4,1,0,0,1,2,11,20,9,10,4,5,29,12,0,1,33,58,24.0,45.0,9.0,13.0,2.0,11.0,358,512,290.0,443.0,178,171,112,272,20.0,19.0,1.0,10.0,1.01,0.82,0.97,0.74,0.04,0.08,1.01,0.82,1.28,0.0,0,1,3,7,1,2,3,2,2,3,0.0,0.046,0.8432,0.4963,0.0204,0.045,0.0983,0.071,0.0376,0.0443,7,12,1,0,1,3,0,0,0,0,0.9367,0.6095,0.0205,0.0,0.0424,0.093,0.0,0.0,0.0,0.0,9,15,19.9,17.57
4436192,2024-04-28,bra,2024,Brasileirao,4,Ramon Abatti,9808,Corinthians,9863,Fluminense,1,3,0,31,69,17,13,7,2,4,5,6,6,2,0,8,3,9,10,6,8,2,0,0,0,19,8,15,15,4,2,0,0,1,2,8,17,12,10,6,6,15,13,2,4,41,55,32.0,48.0,9.0,7.0,9.0,17.0,269,627,212.0,559.0,131,329,81,230,17.0,23.0,6.0,0.0,1.23,0.38,0.98,0.21,0.25,0.17,1.23,0.38,2.03,0.14,0,0,4,3,4,0,4,6,5,4,0.0,0.0,0.8433,0.1734,0.1219,0.0,0.1422,0.1275,0.1199,0.0842,9,8,2,0,4,4,2,1,0,0,0.3456,0.2121,0.6305,0.0,0.0753,0.1039,0.1758,0.069,0.0,0.0,17,13,21.1,22.85
4436192,2024-04-28,bra,2024,Brasileirao,4,Ramon Abatti,9863,Fluminense,9808,Corinthians,0,0,3,69,31,13,17,2,7,5,4,6,6,0,2,3,8,10,9,8,6,0,2,0,0,8,19,15,15,2,4,0,0,2,1,17,8,10,12,6,6,13,15,4,2,55,41,48.0,32.0,7.0,9.0,17.0,9.0,627,269,559.0,212.0,329,131,230,81,23.0,17.0,0.0,6.0,0.38,1.23,0.21,0.98,0.17,0.25,0.38,1.23,0.14,2.03,0,0,3,4,0,4,6,4,4,5,0.0,0.0,0.1734,0.8433,0.0,0.1219,0.1275,0.1422,0.0842,0.1199,8,9,0,2,4,4,1,2,0,0,0.2121,0.3456,0.0,0.6305,0.1039,0.0753,0.069,0.1758,0.0,0.0,13,17,22.85,21.1
4436194,2024-04-28,bra,2024,Brasileirao,4,Davi de Oliveira Lacerda,8287,Fortaleza,109705,Red Bull Bragantino,1,1,1,44,56,22,10,5,4,9,4,8,2,0,0,17,7,5,3,12,6,2,1,2,0,38,15,9,6,1,1,0,0,1,2,24,20,15,3,3,8,19,24,2,4,72,52,40.0,33.0,32.0,19.0,10.0,5.0,324,429,232.0,324.0,92,169,140,155,25.0,29.0,6.0,4.0,1.68,0.48,1.53,0.29,0.15,0.19,1.68,0.48,1.7,1.13,2,0,10,6,5,1,3,3,2,0,0.4875,0.0,0.5813,0.4137,0.2608,0.0269,0.3177,0.0363,0.0309,0.0,16,4,1,0,4,5,1,1,0,0,1.2379,0.2885,0.2927,0.0,0.1378,0.1651,0.0099,0.0232,0.0,0.0,22,10,15.32,16.35
4436194,2024-04-28,bra,2024,Brasileirao,4,Davi de Oliveira Lacerda,109705,Red Bull Bragantino,8287,Fortaleza,0,1,1,56,44,10,22,4,5,4,9,2,8,0,0,7,17,3,5,6,12,1,2,0,2,15,38,6,9,1,1,0,0,2,1,20,24,3,15,8,3,24,19,4,2,52,72,33.0,40.0,19.0,32.0,5.0,10.0,429,324,324.0,232.0,169,92,155,140,29.0,25.0,4.0,6.0,0.48,1.68,0.29,1.53,0.19,0.15,0.48,1.68,1.13,1.7,0,2,6,10,1,5,3,3,0,2,0.0,0.4875,0.4137,0.5813,0.0269,0.2608,0.0363,0.3177,0.0,0.0309,4,16,0,1,5,4,1,1,0,0,0.2885,1.2379,0.0,0.2927,0.1651,0.1378,0.0232,0.0099,0.0,0.0,10,22,16.35,15.32
4436196,2024-04-28,bra,2024,Brasileirao,4,Alex Gomes Stefano,10274,Juventude,10273,Athletico Paranaense,1,1,1,55,45,15,15,5,6,6,5,4,4,0,1,11,6,4,9,4,6,1,2,1,1,26,20,12,17,2,2,0,0,1,3,15,16,14,10,3,4,17,27,6,4,55,59,42.0,37.0,13.0,22.0,10.0,9.0,456,373,379.0,295.0,248,135,131,160,22.0,24.0,5.0,6.0,1.17,1.28,1.06,1.13,0.12,0.15,1.17,1.28,0.91,1.31,1,2,8,3,2,1,2,5,2,4,0.1158,0.8484,0.8894,0.0867,0.0618,0.0401,0.064,0.1623,0.0408,0.1456,12,10,2,0,1,1,0,4,0,0,0.6079,1.1313,0.448,0.0,0.1158,0.0148,0.0,0.1369,0.0,0.0,15,15,17.57,18.61
4436196,2024-04-28,bra,2024,Brasileirao,4,Alex Gomes Stefano,10273,Athletico Paranaense,10274,Juventude,0,1,1,45,55,15,15,6,5,5,6,4,4,1,0,6,11,9,4,6,4,2,1,1,1,20,26,17,12,2,2,0,0,3,1,16,15,10,14,4,3,27,17,4,6,59,55,37.0,42.0,22.0,13.0,9.0,10.0,373,456,295.0,379.0,135,248,160,131,24.0,22.0,6.0,5.0,1.28,1.17,1.13,1.06,0.15,0.12,1.28,1.17,1.31,0.91,2,1,3,8,1,2,5,2,4,2,0.8484,0.1158,0.0867,0.8894,0.0401,0.0618,0.1623,0.064,0.1456,0.0408,10,12,0,2,1,1,4,0,0,0,1.1313,0.6079,0.0,0.448,0.0148,0.1158,0.1369,0.0,0.0,0.0,15,15,18.61,17.57
4436193,2024-04-29,bra,2024,Brasileirao,4,Wilton Pereira Sampaio,10277,Sao Paulo,10283,Palmeiras,1,0,0,57,43,16,9,1,3,8,3,7,3,1,0,11,3,5,6,6,4,1,1,1,1,21,10,10,20,4,3,0,0,2,3,19,15,10,14,4,7,13,15,2,1,62,45,46.0,33.0,16.0,12.0,10.0,8.0,432,329,347.0,253.0,218,142,129,111,25.0,14.0,8.0,2.0,0.87,0.83,0.68,0.71,0.19,0.12,0.87,0.83,0.14,0.09,1,0,5,2,5,1,3,5,2,1,0.4423,0.0,0.1679,0.6016,0.1475,0.0292,0.0788,0.1894,0.0304,0.0105,8,5,1,0,7,2,0,2,0,0,0.6447,0.7094,0.0332,0.0,0.189,0.0477,0.0,0.0736,0.0,0.0,16,9,18.74,20.57
4436193,2024-04-29,bra,2024,Brasileirao,4,Wilton Pereira Sampaio,10283,Palmeiras,10277,Sao Paulo,0,0,0,43,57,9,16,3,1,3,8,3,7,0,1,3,11,6,5,4,6,1,1,1,1,10,21,20,10,3,4,0,0,3,2,15,19,14,10,7,4,15,13,1,2,45,62,33.0,46.0,12.0,16.0,8.0,10.0,329,432,253.0,347.0,142,218,111,129,14.0,25.0,2.0,8.0,0.83,0.87,0.71,0.68,0.12,0.19,0.83,0.87,0.09,0.14,0,1,2,5,1,5,5,3,1,2,0.0,0.4423,0.6016,0.1679,0.0292,0.1475,0.1894,0.0788,0.0105,0.0304,5,8,0,1,2,7,2,0,0,0,0.7094,0.6447,0.0,0.0332,0.0477,0.189,0.0736,0.0,0.0,0.0,9,16,20.57,18.74
4436223,2024-05-04,bra,2024,Brasileirao,5,Raphael Claus,9863,Fluminense,10272,Atletico MG,1,2,2,43,57,11,19,5,7,4,6,2,6,0,0,5,12,6,7,4,10,2,5,0,3,7,27,11,18,5,2,0,0,0,3,24,37,5,14,6,2,25,8,5,3,53,74,41.0,54.0,12.0,20.0,2.0,6.0,350,442,260.0,361.0,149,150,111,211,24.0,21.0,0.0,7.0,1.81,1.28,1.8,1.11,0.01,0.18,1.81,1.28,1.7,2.8,1,1,2,9,2,2,4,6,2,1,0.9936,0.0813,0.6119,0.9973,0.0923,0.0615,0.0943,0.1306,0.0202,0.0105,10,13,0,2,1,3,0,1,0,0,1.8017,1.0176,0.0,0.0875,0.0106,0.1392,0.0,0.0369,0.0,0.0,11,19,20.7,18.31
4436223,2024-05-04,bra,2024,Brasileirao,5,Raphael Claus,10272,Atletico MG,9863,Fluminense,0,2,2,57,43,19,11,7,5,6,4,6,2,0,0,12,5,7,6,10,4,5,2,3,0,27,7,18,11,2,5,0,0,3,0,37,24,14,5,2,6,8,25,3,5,74,53,54.0,41.0,20.0,12.0,6.0,2.0,442,350,361.0,260.0,150,149,211,111,21.0,24.0,7.0,0.0,1.28,1.81,1.11,1.8,0.18,0.01,1.28,1.81,2.8,1.7,1,1,9,2,2,2,6,4,1,2,0.0813,0.9936,0.9973,0.6119,0.0615,0.0923,0.1306,0.0943,0.0105,0.0202,13,10,2,0,3,1,1,0,0,0,1.0176,1.8017,0.0875,0.0,0.1392,0.0106,0.0369,0.0,0.0,0.0,19,11,18.31,20.7
4436245,2024-05-04,bra,2024,Brasileirao,5,Paulo Cesar Zanovelli da Silva,109705,Red Bull Bragantino,9770,Flamengo,1,1,1,43,57,18,19,3,6,5,6,10,7,1,1,6,11,12,8,8,4,1,3,0,2,32,35,17,10,2,2,0,0,0,1,15,16,9,9,7,10,24,34,5,2,57,62,35.0,44.0,22.0,18.0,10.0,11.0,297,415,214.0,324.0,95,172,119,152,22.0,29.0,5.0,2.0,0.65,1.77,0.39,1.28,0.25,0.49,0.65,1.77,1.22,1.37,0,2,4,5,2,5,8,1,4,6,0.0,0.6515,0.2616,0.7571,0.0303,0.1435,0.2453,0.0398,0.0947,0.1431,12,14,0,3,2,1,4,1,0,0,0.3786,1.0786,0.0,0.1625,0.1514,0.4541,0.1019,0.0398,0.0,0.0,18,19,23.0,22.21
4436245,2024-05-04,bra,2024,Brasileirao,5,Paulo Cesar Zanovelli da Silva,9770,Flamengo,109705,Red Bull Bragantino,0,1,1,57,43,19,18,6,3,6,5,7,10,1,1,11,6,8,12,4,8,3,1,2,0,35,32,10,17,2,2,0,0,1,0,16,15,9,9,10,7,34,24,2,5,62,57,44.0,35.0,18.0,22.0,11.0,10.0,415,297,324.0,214.0,172,95,152,119,29.0,22.0,2.0,5.0,1.77,0.65,1.28,0.39,0.49,0.25,1.77,0.65,1.37,1.22,2,0,5,4,5,2,1,8,6,4,0.6515,0.0,0.7571,0.2616,0.1435,0.0303,0.0398,0.2453,0.1431,0.0947,14,12,3,0,1,2,1,4,0,0,1.0786,0.3786,0.1625,0.0,0.4541,0.1514,0.0398,0.1019,0.0,0.0,19,18,22.21,23.0
4436199,2024-05-05,bra,2024,Brasileirao,5,Ramon Abatti,7733,Vitoria,10277,Sao Paulo,1,1,3,33,67,6,20,2,8,1,8,3,4,0,1,3,15,3,5,3,8,1,7,0,4,7,38,10,13,3,4,1,0,0,2,13,16,5,3,5,3,18,15,3,1,40,42,31.0,30.0,9.0,12.0,5.0,6.0,277,574,217.0,520.0,125,178,92,342,9.0,6.0,2.0,8.0,0.25,2.96,0.09,2.43,0.16,0.53,0.25,2.96,0.64,2.35,1,3,1,9,1,3,3,3,0,2,0.1247,1.1916,0.0372,1.5765,0.0262,0.0868,0.061,0.1481,0.0,0.0975,3,15,1,0,1,5,1,0,0,0,0.0756,2.5279,0.0115,0.0,0.1247,0.5727,0.0372,0.0,0.0,0.0,6,20,25.32,14.75
4436199,2024-05-05,bra,2024,Brasileirao,5,Ramon Abatti,10277,Sao Paulo,7733,Vitoria,0,3,1,67,33,20,6,8,2,8,1,4,3,1,0,15,3,5,3,8,3,7,1,4,0,38,7,13,10,4,3,0,1,2,0,16,13,3,5,3,5,15,18,1,3,42,40,30.0,31.0,12.0,9.0,6.0,5.0,574,277,520.0,217.0,178,125,342,92,6.0,9.0,8.0,2.0,2.96,0.25,2.43,0.09,0.53,0.16,2.96,0.25,2.35,0.64,3,1,9,1,3,1,3,3,2,0,1.1916,0.1247,1.5765,0.0372,0.0868,0.0262,0.1481,0.061,0.0975,0.0,15,3,0,1,5,1,0,1,0,0,2.5279,0.0756,0.0,0.0115,0.5727,0.1247,0.0,0.0372,0.0,0.0,20,6,14.75,25.32
4436221,2024-05-05,bra,2024,Brasileirao,5,Rafael Rodrigo Klein,8517,Botafogo RJ,7877,Bahia,1,1,2,55,45,16,10,5,4,10,5,1,1,0,0,6,7,10,3,5,1,3,4,2,2,20,13,10,5,2,2,0,0,6,0,12,11,8,17,0,1,9,23,2,4,30,32,22.0,23.0,8.0,9.0,5.0,4.0,530,438,473.0,366.0,212,221,261,145,36.0,24.0,2.0,1.0,0.88,2.78,0.8,1.87,0.09,0.13,0.88,2.0,0.78,2.31,0,2,3,3,3,2,5,3,5,0,0.0,0.882,0.3715,1.8722,0.2528,0.1167,0.1738,0.07,0.0944,0.0,13,6,0,1,2,0,1,2,0,1,0.8037,1.9264,0.0,0.0996,0.0569,0.0,0.0318,0.1265,0.0,0.7884,16,10,21.59,14.98
4436221,2024-05-05,bra,2024,Brasileirao,5,Rafael Rodrigo Klein,7877,Bahia,8517,Botafogo RJ,0,2,1,45,55,10,16,4,5,5,10,1,1,0,0,7,6,3,10,1,5,4,3,2,2,13,20,5,10,2,2,0,0,0,6,11,12,17,8,1,0,23,9,4,2,32,30,23.0,22.0,9.0,8.0,4.0,5.0,438,530,366.0,473.0,221,212,145,261,24.0,36.0,1.0,2.0,2.78,0.88,1.87,0.8,0.13,0.09,2.0,0.88,2.31,0.78,2,0,3,3,2,3,3,5,0,5,0.882,0.0,1.8722,0.3715,0.1167,0.2528,0.07,0.1738,0.0,0.0944,6,13,1,0,0,2,2,1,1,0,1.9264,0.8037,0.0996,0.0,0.0,0.0569,0.1265,0.0318,0.7884,0.0,10,16,14.98,21.59
4436222,2024-05-05,bra,2024,Brasileirao,5,Felipe Fernandes de Lima,9808,Corinthians,8287,Fortaleza,1,0,0,65,35,18,12,9,2,6,4,3,6,1,0,9,7,9,5,9,5,6,2,6,2,21,18,14,17,1,7,0,0,0,3,10,14,5,7,6,3,15,21,2,9,59,43,37.0,39.0,22.0,4.0,11.0,11.0,529,282,443.0,207.0,257,83,186,124,25.0,15.0,10.0,5.0,1.85,1.1,1.55,0.99,0.3,0.12,1.85,1.1,2.94,0.3,0,0,8,3,1,4,2,5,7,0,0.0,0.0,1.5307,0.3082,0.0712,0.116,0.0403,0.6799,0.2126,0.0,13,5,0,3,2,3,3,1,0,0,1.555,0.3458,0.0,0.6407,0.1679,0.0734,0.1318,0.0442,0.0,0.0,18,12,17.77,19.1
4436222,2024-05-05,bra,2024,Brasileirao,5,Felipe Fernandes de Lima,8287,Fortaleza,9808,Corinthians,0,0,0,35,65,12,18,2,9,4,6,6,3,0,1,7,9,5,9,5,9,2,6,2,6,18,21,17,14,7,1,0,0,3,0,14,10,7,5,3,6,21,15,9,2,43,59,39.0,37.0,4.0,22.0,11.0,11.0,282,529,207.0,443.0,83,257,124,186,15.0,25.0,5.0,10.0,1.1,1.85,0.99,1.55,0.12,0.3,1.1,1.85,0.3,2.94,0,0,3,8,4,1,5,2,0,7,0.0,0.0,0.3082,1.5307,0.116,0.0712,0.6799,0.0403,0.0,0.2126,5,13,3,0,3,2,1,3,0,0,0.3458,1.555,0.6407,0.0,0.0734,0.1679,0.0442,0.1318,0.0,0.0,12,18,19.1,17.77
4436246,2024-05-05,bra,2024,Brasileirao,5,Anderson Daronco,10273,Athletico Paranaense,10276,Vasco da Gama,1,1,0,56,44,26,7,7,1,13,6,6,0,4,0,11,5,15,2,6,5,3,1,2,1,30,12,11,9,1,0,0,1,3,3,19,18,11,8,0,6,19,26,2,6,50,53,34.0,35.0,16.0,18.0,6.0,6.0,479,371,428.0,296.0,150,162,278,134,23.0,33.0,7.0,1.0,2.32,0.5,2.08,0.45,0.24,0.05,2.32,0.5,1.53,0.16,2,0,7,2,2,3,12,1,3,1,0.4572,0.0,0.9061,0.108,0.134,0.356,0.7261,0.0133,0.0958,0.0239,20,5,4,1,1,0,1,1,0,0,1.8236,0.3414,0.2527,0.111,0.147,0.0,0.096,0.0487,0.0,0.0,26,7,19.28,18.13
4436246,2024-05-05,bra,2024,Brasileirao,5,Anderson Daronco,10276,Vasco da Gama,10273,Athletico Paranaense,0,0,1,44,56,7,26,1,7,6,13,0,6,0,4,5,11,2,15,5,6,1,3,1,2,12,30,9,11,0,1,1,0,3,3,18,19,8,11,6,0,26,19,6,2,53,50,35.0,34.0,18.0,16.0,6.0,6.0,371,479,296.0,428.0,162,150,134,278,33.0,23.0,1.0,7.0,0.5,2.32,0.45,2.08,0.05,0.24,0.5,2.32,0.16,1.53,0,2,2,7,3,2,1,12,1,3,0.0,0.4572,0.108,0.9061,0.356,0.134,0.0133,0.7261,0.0239,0.0958,5,20,1,4,0,1,1,1,0,0,0.3414,1.8236,0.111,0.2527,0.0,0.147,0.0487,0.096,0.0,0.0,7,26,18.13,19.28
4436247,2024-05-05,bra,2024,Brasileirao,5,Bruno Arleu de Araujo,197815,Cuiaba,10283,Palmeiras,1,0,2,45,55,9,15,1,6,6,6,2,3,0,0,6,7,3,8,6,6,0,3,0,1,16,16,10,11,2,3,0,0,2,1,12,16,9,3,3,2,27,14,4,1,46,44,31.0,30.0,15.0,14.0,10.0,5.0,383,471,322.0,398.0,182,183,140,215,20.0,35.0,4.0,5.0,0.39,1.8,0.22,0.84,0.17,0.16,0.39,1.01,0.28,2.38,0,0,5,7,1,0,2,3,1,5,0.0,0.0,0.3248,1.548,0.0145,0.0,0.0372,0.1546,0.0175,0.0948,4,7,0,1,3,4,2,2,0,1,0.2224,0.5793,0.0,0.2657,0.0829,0.1049,0.0888,0.0591,0.0,0.7884,9,15,19.07,18.49
4436247,2024-05-05,bra,2024,Brasileirao,5,Bruno Arleu de Araujo,10283,Palmeiras,197815,Cuiaba,0,2,0,55,45,15,9,6,1,6,6,3,2,0,0,7,6,8,3,6,6,3,0,1,0,16,16,11,10,3,2,0,0,1,2,16,12,3,9,2,3,14,27,1,4,44,46,30.0,31.0,14.0,15.0,5.0,10.0,471,383,398.0,322.0,183,182,215,140,35.0,20.0,5.0,4.0,1.8,0.39,0.84,0.22,0.16,0.17,1.01,0.39,2.38,0.28,0,0,7,5,0,1,3,2,5,1,0.0,0.0,1.548,0.3248,0.0,0.0145,0.1546,0.0372,0.0948,0.0175,7,4,1,0,4,3,2,2,1,0,0.5793,0.2224,0.2657,0.0,0.1049,0.0829,0.0591,0.0888,0.7884,0.0,15,9,18.49,19.07
4436252,2024-05-11,bra,2024,Brasileirao,6,Ramon Abatti,9770,Flamengo,9808,Corinthians,1,2,0,58,42,18,13,9,3,4,5,5,5,1,0,10,9,8,4,13,6,3,1,1,1,34,22,12,16,1,1,0,0,1,1,19,16,8,5,5,4,14,42,3,8,59,51,50.0,31.0,9.0,20.0,15.0,4.0,501,361,422.0,295.0,220,160,202,135,26.0,22.0,3.0,8.0,1.7,1.75,1.57,0.14,0.12,1.61,1.7,1.75,1.99,0.6,2,3,6,6,2,0,5,3,3,1,0.4429,0.2691,0.9755,1.3272,0.1142,0.0,0.1033,0.2292,0.0611,0.018,14,4,1,1,3,4,0,4,0,0,1.3798,0.1035,0.195,0.0403,0.1221,0.4618,0.0,1.238,0.0,0.0,18,13,18.69,13.28
4436252,2024-05-11,bra,2024,Brasileirao,6,Ramon Abatti,9808,Corinthians,9770,Flamengo,0,0,2,42,58,13,18,3,9,5,4,5,5,0,1,9,10,4,8,6,13,1,3,1,1,22,34,16,12,1,1,0,0,1,1,16,19,5,8,4,5,42,14,8,3,51,59,31.0,50.0,20.0,9.0,4.0,15.0,361,501,295.0,422.0,160,220,135,202,22.0,26.0,8.0,3.0,1.75,1.7,0.14,1.57,1.61,0.12,1.75,1.7,0.6,1.99,3,2,6,6,0,2,3,5,1,3,0.2691,0.4429,1.3272,0.9755,0.0,0.1142,0.2292,0.1033,0.018,0.0611,4,14,1,1,4,3,4,0,0,0,0.1035,1.3798,0.0403,0.195,0.4618,0.1221,1.238,0.0,0.0,0.0,13,18,13.28,18.69
4436244,2024-05-12,bra,2024,Brasileirao,6,Braulio da Silva Machado,10283,Palmeiras,10273,Athletico Paranaense,1,0,2,63,37,23,11,5,6,11,2,7,3,1,0,11,7,12,4,9,6,2,1,2,1,28,14,11,17,4,4,0,1,1,1,15,18,9,6,3,6,10,29,5,5,64,50,44.0,35.0,20.0,15.0,12.0,8.0,407,258,349.0,189.0,178,98,171,91,19.0,30.0,6.0,0.0,1.99,0.86,0.92,0.79,0.28,0.07,1.2,0.86,1.99,2.34,0,0,8,5,3,2,5,2,7,2,0.0,0.0,1.5744,0.6975,0.1069,0.0885,0.1589,0.0267,0.1481,0.0473,14,4,1,4,5,1,2,2,1,0,0.8821,0.1604,0.0416,0.6341,0.1748,0.0085,0.1013,0.0571,0.7884,0.0,23,11,20.32,21.92
4436244,2024-05-12,bra,2024,Brasileirao,6,Braulio da Silva Machado,10273,Athletico Paranaense,10283,Palmeiras,0,2,0,37,63,11,23,6,5,2,11,3,7,0,1,7,11,4,12,6,9,1,2,1,2,14,28,17,11,4,4,1,0,1,1,18,15,6,9,6,3,29,10,5,5,50,64,35.0,44.0,15.0,20.0,8.0,12.0,258,407,189.0,349.0,98,178,91,171,30.0,19.0,0.0,6.0,0.86,1.99,0.79,0.92,0.07,0.28,0.86,1.2,2.34,1.99,0,0,5,8,2,3,2,5,2,7,0.0,0.0,0.6975,1.5744,0.0885,0.1069,0.0267,0.1589,0.0473,0.1481,4,14,4,1,1,5,2,2,0,1,0.1604,0.8821,0.6341,0.0416,0.0085,0.1748,0.0571,0.1013,0.0,0.7884,11,23,21.92,20.32
4436251,2024-05-12,bra,2024,Brasileirao,6,Gustavo Ervino Bauermann,7877,Bahia,109705,Red Bull Bragantino,1,1,0,50,50,8,15,3,5,3,6,2,4,0,0,6,7,2,8,6,7,1,0,0,0,17,21,12,15,2,3,0,0,4,3,16,25,15,10,4,2,26,13,5,2,55,61,34.0,51.0,21.0,10.0,4.0,16.0,389,401,309.0,319.0,166,176,143,143,33.0,27.0,6.0,1.0,0.61,0.65,0.49,0.33,0.13,0.32,0.61,0.65,,,0,0,6,2,1,5,1,3,0,5,0.0,0.0,0.5056,0.0812,0.0328,0.2925,0.0762,0.1179,0.0,0.1627,3,7,1,3,3,1,1,4,0,0,0.3012,0.202,0.1872,0.1318,0.0638,0.011,0.0625,0.3095,0.0,0.0,8,15,13.02,24.05
4436251,2024-05-12,bra,2024,Brasileirao,6,Gustavo Ervino Bauermann,109705,Red Bull Bragantino,7877,Bahia,0,0,1,50,50,15,8,5,3,6,3,4,2,0,0,7,6,8,2,7,6,0,1,0,0,21,17,15,12,3,2,0,0,3,4,25,16,10,15,2,4,13,26,2,5,61,55,51.0,34.0,10.0,21.0,16.0,4.0,401,389,319.0,309.0,176,166,143,143,27.0,33.0,1.0,6.0,0.65,0.61,0.33,0.49,0.32,0.13,0.65,0.61,,,0,0,2,6,5,1,3,1,5,0,0.0,0.0,0.0812,0.5056,0.2925,0.0328,0.1179,0.0762,0.1627,0.0,7,3,3,1,1,3,4,1,0,0,0.202,0.3012,0.1318,0.1872,0.011,0.0638,0.3095,0.0625,0.0,0.0,15,8,24.05,13.02
4436253,2024-05-12,bra,2024,Brasileirao,6,Raphael Claus,10276,Vasco da Gama,7733,Vitoria,1,2,1,57,43,17,13,8,5,3,5,6,3,0,1,12,8,5,5,4,4,1,2,0,1,29,21,12,12,5,2,0,1,1,0,27,19,8,8,3,6,20,13,4,6,67,56,50.0,46.0,17.0,10.0,11.0,15.0,526,387,462.0,312.0,205,145,257,167,24.0,13.0,6.0,5.0,1.69,1.68,1.23,1.67,0.46,0.01,1.69,1.68,1.59,1.23,2,2,9,3,1,3,3,4,2,1,0.7282,1.1483,0.813,0.2749,0.0306,0.0658,0.0528,0.2122,0.0762,0.0102,11,12,1,0,3,0,2,1,0,0,1.0494,1.7022,0.1811,0.0,0.3014,0.0,0.1689,0.0092,0.0,0.0,17,13,16.44,17.89
4436253,2024-05-12,bra,2024,Brasileirao,6,Raphael Claus,7733,Vitoria,10276,Vasco da Gama,0,1,2,43,57,13,17,5,8,5,3,3,6,1,0,8,12,5,5,4,4,2,1,1,0,21,29,12,12,2,5,1,0,0,1,19,27,8,8,6,3,13,20,6,4,56,67,46.0,50.0,10.0,17.0,15.0,11.0,387,526,312.0,462.0,145,205,167,257,13.0,24.0,5.0,6.0,1.68,1.69,1.67,1.23,0.01,0.46,1.68,1.69,1.23,1.59,2,2,3,9,3,1,4,3,1,2,1.1483,0.7282,0.2749,0.813,0.0658,0.0306,0.2122,0.0528,0.0102,0.0762,12,11,0,1,0,3,1,2,0,0,1.7022,1.0494,0.0,0.1811,0.0,0.3014,0.0092,0.1689,0.0,0.0,13,17,17.89,16.44
4436256,2024-05-12,bra,2024,Brasileirao,6,Wilton Pereira Sampaio,8287,Fortaleza,8517,Botafogo RJ,1,1,1,42,58,10,11,4,5,5,5,1,1,0,0,4,5,6,6,6,5,2,1,2,1,14,12,12,19,4,6,0,0,5,0,20,20,6,6,1,2,14,23,4,2,58,59,46.0,40.0,12.0,19.0,8.0,10.0,351,492,288.0,417.0,145,259,143,158,23.0,21.0,2.0,6.0,0.61,0.58,0.48,0.27,0.13,0.3,0.61,0.58,0.72,1.77,0,1,3,4,1,0,2,2,4,4,0.0,0.1062,0.3375,0.3172,0.0759,0.0,0.0446,0.0667,0.155,0.0866,4,4,1,2,1,3,4,2,0,0,0.4055,0.2103,0.0759,0.0629,0.0183,0.2575,0.1132,0.0459,0.0,0.0,10,11,21.21,18.47
4436256,2024-05-12,bra,2024,Brasileirao,6,Wilton Pereira Sampaio,8517,Botafogo RJ,8287,Fortaleza,0,1,1,58,42,11,10,5,4,5,5,1,1,0,0,5,4,6,6,5,6,1,2,1,2,12,14,19,12,6,4,0,0,0,5,20,20,6,6,2,1,23,14,2,4,59,58,40.0,46.0,19.0,12.0,10.0,8.0,492,351,417.0,288.0,259,145,158,143,21.0,23.0,6.0,2.0,0.58,0.61,0.27,0.48,0.3,0.13,0.58,0.61,1.77,0.72,1,0,4,3,0,1,2,2,4,4,0.1062,0.0,0.3172,0.3375,0.0,0.0759,0.0667,0.0446,0.0866,0.155,4,4,2,1,3,1,2,4,0,0,0.2103,0.4055,0.0629,0.0759,0.2575,0.0183,0.0459,0.1132,0.0,0.0,11,10,18.47,21.21
4436257,2024-05-12,bra,2024,Brasileirao,6,Rodrigo José Pereira de Lima,165545,Atletico GO,9781,Cruzeiro,1,0,1,46,54,17,12,5,5,6,3,6,4,0,1,14,6,3,6,5,5,2,0,2,0,24,13,13,10,1,2,0,0,0,2,16,17,4,6,5,6,21,22,3,5,44,60,31.0,41.0,13.0,19.0,7.0,12.0,374,443,291.0,350.0,141,159,150,191,45.0,34.0,6.0,4.0,1.48,0.53,1.25,0.28,0.23,0.25,1.48,0.53,0.98,0.64,0,2,9,3,5,1,3,4,0,2,0.0,0.1363,0.8531,0.1858,0.159,0.0419,0.0912,0.1383,0.0,0.0301,10,8,1,0,5,2,1,2,0,0,0.7309,0.2766,0.1668,0.0,0.1844,0.1372,0.0212,0.1186,0.0,0.0,17,12,15.8,18.09
4436257,2024-05-12,bra,2024,Brasileirao,6,Rodrigo José Pereira de Lima,9781,Cruzeiro,165545,Atletico GO,0,1,0,54,46,12,17,5,5,3,6,4,6,1,0,6,14,6,3,5,5,0,2,0,2,13,24,10,13,2,1,0,0,2,0,17,16,6,4,6,5,22,21,5,3,60,44,41.0,31.0,19.0,13.0,12.0,7.0,443,374,350.0,291.0,159,141,191,150,34.0,45.0,4.0,6.0,0.53,1.48,0.28,1.25,0.25,0.23,0.53,1.48,0.64,0.98,2,0,3,9,1,5,4,3,2,0,0.1363,0.0,0.1858,0.8531,0.0419,0.159,0.1383,0.0912,0.0301,0.0,8,10,0,1,2,5,2,1,0,0,0.2766,0.7309,0.0,0.1668,0.1372,0.1844,0.1186,0.0212,0.0,0.0,12,17,18.09,15.8
4436255,2024-05-13,bra,2024,Brasileirao,6,Anderson Daronco,10277,Sao Paulo,9863,Fluminense,1,2,1,49,51,15,7,8,2,4,4,3,1,0,1,11,5,4,2,7,4,5,1,3,1,27,14,15,12,5,3,0,0,4,0,24,11,10,6,1,3,19,16,2,6,52,46,44.0,40.0,8.0,6.0,9.0,16.0,403,420,351.0,363.0,215,207,136,156,22.0,14.0,4.0,3.0,1.77,0.59,1.18,0.45,0.58,0.14,1.77,0.59,2.88,0.51,1,0,9,3,1,2,2,2,2,0,0.4157,0.0,1.1187,0.4768,0.0454,0.0761,0.1904,0.0358,0.0675,0.0,11,5,0,0,3,1,1,1,0,0,1.2538,0.4511,0.0,0.0,0.4771,0.0083,0.1068,0.1293,0.0,0.0,15,7,15.11,17.6
4436255,2024-05-13,bra,2024,Brasileirao,6,Anderson Daronco,9863,Fluminense,10277,Sao Paulo,0,1,2,51,49,7,15,2,8,4,4,1,3,1,0,5,11,2,4,4,7,1,5,1,3,14,27,12,15,3,5,0,0,0,4,11,24,6,10,3,1,16,19,6,2,46,52,40.0,44.0,6.0,8.0,16.0,9.0,420,403,363.0,351.0,207,215,156,136,14.0,22.0,3.0,4.0,0.59,1.77,0.45,1.18,0.14,0.58,0.59,1.77,0.51,2.88,0,1,3,9,2,1,2,2,0,2,0.0,0.4157,0.4768,1.1187,0.0761,0.0454,0.0358,0.1904,0.0,0.0675,5,11,0,0,1,3,1,1,0,0,0.4511,1.2538,0.0,0.0,0.0083,0.4771,0.1293,0.1068,0.0,0.0,7,15,17.6,15.11
4436227,2024-06-01,bra,2024,Brasileirao,7,Anderson Ribeiro Gonçalves,197815,Cuiaba,8702,Internacional,1,0,1,36,64,8,9,3,3,4,3,1,3,0,0,6,6,2,3,0,2,1,1,1,1,9,17,12,21,4,4,0,0,4,1,16,9,2,5,4,1,19,8,1,3,62,41,45.0,28.0,17.0,13.0,9.0,8.0,275,499,210.0,425.0,123,244,87,181,18.0,31.0,5.0,5.0,0.44,1.05,0.42,1.04,0.02,0.01,0.44,1.05,0.31,0.31,0,1,4,4,2,1,1,1,1,2,0.0,0.5757,0.1918,0.2923,0.0462,0.0347,0.1834,0.0916,0.019,0.0568,6,8,1,0,0,1,1,0,0,0,0.2324,1.0421,0.1834,0.0,0.0,0.0089,0.0247,0.0,0.0,0.0,8,9,18.23,15.84
4436227,2024-06-01,bra,2024,Brasileirao,7,Anderson Ribeiro Gonçalves,8702,Internacional,197815,Cuiaba,0,1,0,64,36,9,8,3,3,3,4,3,1,0,0,6,6,3,2,2,0,1,1,1,1,17,9,21,12,4,4,0,0,1,4,9,16,5,2,1,4,8,19,3,1,41,62,28.0,45.0,13.0,17.0,8.0,9.0,499,275,425.0,210.0,244,123,181,87,31.0,18.0,5.0,5.0,1.05,0.44,1.04,0.42,0.01,0.02,1.05,0.44,0.31,0.31,1,0,4,4,1,2,1,1,2,1,0.5757,0.0,0.2923,0.1918,0.0347,0.0462,0.0916,0.1834,0.0568,0.019,8,6,0,1,1,0,0,1,0,0,1.0421,0.2324,0.0,0.1834,0.0089,0.0,0.0,0.0247,0.0,0.0,9,8,15.84,18.23
4436259,2024-06-01,bra,2024,Brasileirao,7,Ramon Abatti,9769,Gremio,109705,Red Bull Bragantino,1,0,2,44,56,9,14,1,4,4,7,4,3,1,1,7,7,2,7,6,0,2,1,2,0,35,19,16,19,4,2,0,0,0,1,26,39,10,11,3,4,6,30,2,1,71,76,56.0,63.0,15.0,13.0,11.0,9.0,381,504,279.0,415.0,161,190,118,225,32.0,30.0,4.0,0.0,0.82,1.36,0.61,0.53,0.21,0.04,0.82,0.57,0.32,1.92,0,0,6,2,1,5,0,5,2,2,0.0,0.0,0.8341,0.9428,0.1915,0.1378,0.0,0.1337,0.0187,0.0324,7,11,0,1,2,0,0,1,0,1,0.5421,0.405,0.0,0.0184,0.5022,0.0,0.0,0.035,0.0,0.7884,9,14,16.42,22.97
4436259,2024-06-01,bra,2024,Brasileirao,7,Ramon Abatti,109705,Red Bull Bragantino,9769,Gremio,0,2,0,56,44,14,9,4,1,7,4,3,4,1,1,7,7,7,2,0,6,1,2,0,2,19,35,19,16,2,4,0,0,1,0,39,26,11,10,4,3,30,6,1,2,76,71,63.0,56.0,13.0,15.0,9.0,11.0,504,381,415.0,279.0,190,161,225,118,30.0,32.0,0.0,4.0,1.36,0.82,0.53,0.61,0.04,0.21,0.57,0.82,1.92,0.32,0,0,2,6,5,1,5,0,2,2,0.0,0.0,0.9428,0.8341,0.1378,0.1915,0.1337,0.0,0.0324,0.0187,11,7,1,0,0,2,1,0,1,0,0.405,0.5421,0.0184,0.0,0.0,0.5022,0.035,0.0,0.7884,0.0,14,9,22.97,16.42
4436261,2024-06-01,bra,2024,Brasileirao,7,Kleber Ariel Gonçalves da Silva,7733,Vitoria,165545,Atletico GO,1,0,2,33,67,12,12,3,5,4,5,5,2,0,0,7,7,5,5,3,4,0,1,0,0,11,13,7,9,1,2,2,0,0,1,8,15,7,13,2,5,17,19,3,3,42,38,26.0,26.0,16.0,12.0,9.0,4.0,302,616,232.0,557.0,120,247,112,310,11.0,29.0,3.0,3.0,0.58,1.36,0.37,0.56,0.2,0.8,0.58,1.36,0.28,1.57,0,1,5,4,2,2,3,4,2,1,0.0,0.6727,0.3246,0.2991,0.0888,0.063,0.0938,0.1192,0.0517,0.0169,7,10,1,0,2,2,2,0,0,0,0.328,0.4797,0.0398,0.0,0.084,0.6912,0.1073,0.0,0.0,0.0,12,12,19.58,20.88
4436261,2024-06-01,bra,2024,Brasileirao,7,Kleber Ariel Gonçalves da Silva,165545,Atletico GO,7733,Vitoria,0,2,0,67,33,12,12,5,3,5,4,2,5,0,0,7,7,5,5,4,3,1,0,0,0,13,11,9,7,2,1,0,2,1,0,15,8,13,7,5,2,19,17,3,3,38,42,26.0,26.0,12.0,16.0,4.0,9.0,616,302,557.0,232.0,247,120,310,112,29.0,11.0,3.0,3.0,1.36,0.58,0.56,0.37,0.8,0.2,1.36,0.58,1.57,0.28,1,0,4,5,2,2,4,3,1,2,0.6727,0.0,0.2991,0.3246,0.063,0.0888,0.1192,0.0938,0.0169,0.0517,10,7,0,1,2,2,0,2,0,0,0.4797,0.328,0.0,0.0398,0.6912,0.084,0.0,0.1073,0.0,0.0,12,12,20.88,19.58
4436262,2024-06-01,bra,2024,Brasileirao,7,Matheus Delgado Candançan,9863,Fluminense,10274,Juventude,1,1,1,62,38,17,12,4,4,8,4,5,4,0,1,10,5,7,7,5,3,3,2,2,1,30,18,13,19,2,2,0,1,1,3,10,29,8,13,4,4,10,14,3,3,52,51,42.0,42.0,10.0,9.0,14.0,1.0,562,341,513.0,281.0,283,177,230,104,34.0,18.0,7.0,1.0,2.34,1.3,1.49,1.3,0.06,0.0,1.55,1.3,,,2,0,4,3,4,2,3,4,4,3,1.0312,0.0,1.029,1.0279,0.1069,0.1268,0.106,0.1082,0.0665,0.0371,14,12,0,0,2,0,0,0,1,0,1.4904,1.2999,0.0,0.0,0.0607,0.0,0.0,0.0,0.7884,0.0,17,12,18.14,21.54
4436262,2024-06-01,bra,2024,Brasileirao,7,Matheus Delgado Candançan,10274,Juventude,9863,Fluminense,0,1,1,38,62,12,17,4,4,4,8,4,5,1,0,5,10,7,7,3,5,2,3,1,2,18,30,19,13,2,2,1,0,3,1,29,10,13,8,4,4,14,10,3,3,51,52,42.0,42.0,9.0,10.0,1.0,14.0,341,562,281.0,513.0,177,283,104,230,18.0,34.0,1.0,7.0,1.3,2.34,1.3,1.49,0.0,0.06,1.3,1.55,,,0,2,3,4,2,4,4,3,3,4,0.0,1.0312,1.0279,1.029,0.1268,0.1069,0.1082,0.106,0.0371,0.0665,12,14,0,0,0,2,0,0,0,1,1.2999,1.4904,0.0,0.0,0.0,0.0607,0.0,0.0,0.0,0.7884,12,17,21.54,18.14
4436224,2024-06-02,bra,2024,Brasileirao,7,Lucas Paulo Torezin,10277,Sao Paulo,9781,Cruzeiro,1,2,0,56,44,11,10,4,3,6,5,1,2,2,1,6,7,5,3,4,2,0,0,0,0,17,13,18,11,2,2,0,1,0,1,16,7,10,8,2,1,10,15,3,2,40,37,35.0,31.0,5.0,6.0,8.0,7.0,583,464,525.0,403.0,297,254,228,149,42.0,12.0,4.0,2.0,0.57,0.6,0.54,0.54,0.04,0.05,0.57,0.6,0.66,0.1,1,0,2,4,3,3,1,2,4,1,0.076,0.0,0.1888,0.3428,0.1263,0.1535,0.0668,0.0764,0.1169,0.0236,9,9,1,0,1,1,0,0,0,0,0.4953,0.5413,0.0411,0.0,0.0384,0.055,0.0,0.0,0.0,0.0,11,10,19.36,18.04
4436224,2024-06-02,bra,2024,Brasileirao,7,Lucas Paulo Torezin,9781,Cruzeiro,10277,Sao Paulo,0,0,2,44,56,10,11,3,4,5,6,2,1,1,2,7,6,3,5,2,4,0,0,0,0,13,17,11,18,2,2,1,0,1,0,7,16,8,10,1,2,15,10,2,3,37,40,31.0,35.0,6.0,5.0,7.0,8.0,464,583,403.0,525.0,254,297,149,228,12.0,42.0,2.0,4.0,0.6,0.57,0.54,0.54,0.05,0.04,0.6,0.57,0.1,0.66,0,1,4,2,3,3,2,1,1,4,0.0,0.076,0.3428,0.1888,0.1535,0.1263,0.0764,0.0668,0.0236,0.1169,9,9,0,1,1,1,0,0,0,0,0.5413,0.4953,0.0,0.0411,0.055,0.0384,0.0,0.0,0.0,0.0,10,11,18.04,19.36
4436226,2024-06-02,bra,2024,Brasileirao,7,João Vitor Gobi,8287,Fortaleza,10273,Athletico Paranaense,1,1,0,52,48,11,15,4,2,4,9,3,4,0,0,6,7,5,8,2,4,2,0,2,0,19,28,12,17,3,4,0,0,0,2,24,19,5,13,4,3,20,18,2,3,60,63,44.0,41.0,16.0,22.0,6.0,12.0,425,387,342.0,315.0,192,182,150,133,26.0,35.0,1.0,3.0,1.27,0.71,1.05,0.57,0.22,0.14,1.27,0.71,1.26,0.19,1,0,3,5,2,2,3,5,2,3,0.1819,0.0,0.8203,0.3312,0.1593,0.1806,0.06,0.1309,0.0465,0.0717,6,13,3,0,1,1,1,1,0,0,0.3006,0.5728,0.7516,0.0,0.1819,0.038,0.0338,0.1036,0.0,0.0,11,15,20.9,20.89
4436226,2024-06-02,bra,2024,Brasileirao,7,João Vitor Gobi,10273,Athletico Paranaense,8287,Fortaleza,0,0,1,48,52,15,11,2,4,9,4,4,3,0,0,7,6,8,5,4,2,0,2,0,2,28,19,17,12,4,3,0,0,2,0,19,24,13,5,3,4,18,20,3,2,63,60,41.0,44.0,22.0,16.0,12.0,6.0,387,425,315.0,342.0,182,192,133,150,35.0,26.0,3.0,1.0,0.71,1.27,0.57,1.05,0.14,0.22,0.71,1.27,0.19,1.26,0,1,5,3,2,2,5,3,3,2,0.0,0.1819,0.3312,0.8203,0.1806,0.1593,0.1309,0.06,0.0717,0.0465,13,6,0,3,1,1,1,1,0,0,0.5728,0.3006,0.0,0.7516,0.038,0.1819,0.1036,0.0338,0.0,0.0,15,11,20.89,20.9
4436228,2024-06-02,bra,2024,Brasileirao,7,Rafael Rodrigo Klein,7729,Criciuma,10283,Palmeiras,1,1,2,39,61,12,23,4,5,4,11,4,7,1,1,6,9,6,14,4,6,1,4,0,2,24,23,17,9,7,3,0,0,0,1,13,17,10,9,7,4,25,12,3,3,37,54,33.0,42.0,4.0,12.0,13.0,10.0,280,432,200.0,345.0,113,148,87,197,18.0,27.0,8.0,6.0,1.25,2.88,1.19,1.16,0.06,0.93,1.25,2.09,1.52,2.49,1,2,3,4,2,3,3,9,3,5,0.75,1.1429,0.2403,1.0997,0.0955,0.1628,0.1027,0.2994,0.0613,0.1757,9,15,1,1,1,1,1,5,0,1,1.1571,1.0471,0.0345,0.1108,0.0349,0.6414,0.0234,0.2927,0.0,0.7884,12,23,18.5,20.92
4436228,2024-06-02,bra,2024,Brasileirao,7,Rafael Rodrigo Klein,10283,Palmeiras,7729,Criciuma,0,2,1,61,39,23,12,5,4,11,4,7,4,1,1,9,6,14,6,6,4,4,1,2,0,23,24,9,17,3,7,0,0,1,0,17,13,9,10,4,7,12,25,3,3,54,37,42.0,33.0,12.0,4.0,10.0,13.0,432,280,345.0,200.0,148,113,197,87,27.0,18.0,6.0,8.0,2.88,1.25,1.16,1.19,0.93,0.06,2.09,1.25,2.49,1.52,2,1,4,3,3,2,9,3,5,3,1.1429,0.75,1.0997,0.2403,0.1628,0.0955,0.2994,0.1027,0.1757,0.0613,15,9,1,1,1,1,5,1,1,0,1.0471,1.1571,0.1108,0.0345,0.6414,0.0349,0.2927,0.0234,0.7884,0.0,23,12,20.92,18.5
4436254,2024-06-02,bra,2024,Brasileirao,7,Anderson Daronco,9808,Corinthians,8517,Botafogo RJ,1,0,1,53,47,16,9,7,2,7,3,2,4,1,0,8,5,8,4,2,5,0,2,0,1,24,14,7,16,2,4,0,0,3,2,19,20,8,9,4,2,17,21,1,7,54,44,42.0,33.0,12.0,11.0,8.0,6.0,444,398,361.0,310.0,152,157,209,153,31.0,26.0,3.0,6.0,0.77,1.1,0.52,1.01,0.25,0.08,0.77,1.1,0.51,0.46,0,0,3,5,5,0,7,2,1,2,0.0,0.0,0.2965,0.9925,0.2424,0.0,0.2223,0.0791,0.0073,0.0255,12,8,1,0,0,1,3,0,0,0,0.4557,1.0123,0.0662,0.0,0.0,0.0848,0.2467,0.0,0.0,0.0,16,9,21.03,16.33
4436254,2024-06-02,bra,2024,Brasileirao,7,Anderson Daronco,8517,Botafogo RJ,9808,Corinthians,0,1,0,47,53,9,16,2,7,3,7,4,2,0,1,5,8,4,8,5,2,2,0,1,0,14,24,16,7,4,2,0,0,2,3,20,19,9,8,2,4,21,17,7,1,44,54,33.0,42.0,11.0,12.0,6.0,8.0,398,444,310.0,361.0,157,152,153,209,26.0,31.0,6.0,3.0,1.1,0.77,1.01,0.52,0.08,0.25,1.1,0.77,0.46,0.51,0,0,5,3,0,5,2,7,2,1,0.0,0.0,0.9925,0.2965,0.0,0.2424,0.0791,0.2223,0.0255,0.0073,8,12,0,1,1,0,0,3,0,0,1.0123,0.4557,0.0,0.0662,0.0848,0.0,0.0,0.2467,0.0,0.0,9,16,16.33,21.03
4436260,2024-06-02,bra,2024,Brasileirao,7,Bruno Arleu de Araujo,10272,Atletico MG,7877,Bahia,1,1,1,64,36,21,9,4,2,11,4,6,3,0,0,6,3,15,6,5,4,1,0,1,0,20,6,13,9,6,4,0,0,6,0,18,11,10,4,3,6,15,20,1,3,51,47,35.0,32.0,16.0,15.0,10.0,8.0,580,319,516.0,245.0,268,132,248,113,20.0,24.0,3.0,4.0,1.02,0.39,0.72,0.34,0.3,0.05,1.02,0.39,,,0,1,3,2,3,0,8,3,7,3,0.0,0.0525,0.2161,0.186,0.3297,0.0,0.3345,0.0784,0.1373,0.0715,15,8,0,0,2,0,4,1,0,0,0.7177,0.336,0.0,0.0,0.0822,0.0,0.2176,0.0525,0.0,0.0,21,9,23.47,19.89
4436260,2024-06-02,bra,2024,Brasileirao,7,Bruno Arleu de Araujo,7877,Bahia,10272,Atletico MG,0,1,1,36,64,9,21,2,4,4,11,3,6,0,0,3,6,6,15,4,5,0,1,0,1,6,20,9,13,4,6,0,0,0,6,11,18,4,10,6,3,20,15,3,1,47,51,32.0,35.0,15.0,16.0,8.0,10.0,319,580,245.0,516.0,132,268,113,248,24.0,20.0,4.0,3.0,0.39,1.02,0.34,0.72,0.05,0.3,0.39,1.02,,,1,0,2,3,0,3,3,8,3,7,0.0525,0.0,0.186,0.2161,0.0,0.3297,0.0784,0.3345,0.0715,0.1373,8,15,0,0,0,2,1,4,0,0,0.336,0.7177,0.0,0.0,0.0,0.0822,0.0525,0.2176,0.0,0.0,9,21,19.89,23.47
4436263,2024-06-02,bra,2024,Brasileirao,7,Braulio da Silva Machado,10276,Vasco da Gama,9770,Flamengo,1,1,6,27,73,2,30,2,18,0,4,0,8,0,0,2,19,0,11,1,8,1,3,1,0,5,39,18,6,2,0,1,0,1,1,19,8,7,6,8,0,24,11,12,1,40,47,28.0,32.0,12.0,15.0,4.0,6.0,229,651,163.0,600.0,90,222,73,378,20.0,22.0,1.0,7.0,0.09,3.86,0.03,2.47,0.05,1.39,0.09,3.86,0.63,5.33,0,3,1,8,1,8,0,7,0,4,0.0,2.1633,0.0513,0.8741,0.0336,0.4646,0.0,0.2314,0.0,0.1276,1,22,1,1,0,3,0,4,0,0,0.0513,2.4561,0.0336,0.0115,0.0,1.1917,0.0,0.2017,0.0,0.0,2,30,14.11,17.95
4436263,2024-06-02,bra,2024,Brasileirao,7,Braulio da Silva Machado,9770,Flamengo,10276,Vasco da Gama,0,6,1,73,27,30,2,18,2,4,0,8,0,0,0,19,2,11,0,8,1,3,1,0,1,39,5,6,18,0,2,0,1,1,1,8,19,6,7,0,8,11,24,1,12,47,40,32.0,28.0,15.0,12.0,6.0,4.0,651,229,600.0,163.0,222,90,378,73,22.0,20.0,7.0,1.0,3.86,0.09,2.47,0.03,1.39,0.05,3.86,0.09,5.33,0.63,3,0,8,1,8,1,7,0,4,0,2.1633,0.0,0.8741,0.0513,0.4646,0.0336,0.2314,0.0,0.1276,0.0,22,1,1,1,3,0,4,0,0,0,2.4561,0.0513,0.0115,0.0336,1.1917,0.0,0.2017,0.0,0.0,0.0,30,2,17.95,14.11
4436218,2024-06-05,bra,2024,Brasileirao,2,Wilton Pereira Sampaio,197815,Cuiaba,7733,Vitoria,1,0,0,54,46,11,13,0,4,7,7,4,2,1,0,6,6,5,7,4,3,0,1,0,1,16,11,19,14,3,4,0,0,1,1,14,10,13,16,2,4,14,21,4,0,56,51,37.0,34.0,19.0,17.0,10.0,9.0,444,379,369.0,311.0,199,156,170,155,28.0,24.0,5.0,7.0,0.42,0.96,0.36,0.73,0.06,0.23,0.42,0.96,0.0,0.49,0,1,2,5,4,0,5,4,0,3,0.0,0.1538,0.2025,0.5859,0.1273,0.0,0.1289,0.1001,0.0,0.0776,9,9,0,1,1,2,1,1,0,0,0.4088,0.2843,0.0,0.411,0.0164,0.0683,0.0335,0.1538,0.0,0.0,11,13,20.29,19.09
4436218,2024-06-05,bra,2024,Brasileirao,2,Wilton Pereira Sampaio,7733,Vitoria,197815,Cuiaba,0,0,0,46,54,13,11,4,0,7,7,2,4,0,1,6,6,7,5,3,4,1,0,1,0,11,16,14,19,4,3,0,0,1,1,10,14,16,13,4,2,21,14,0,4,51,56,34.0,37.0,17.0,19.0,9.0,10.0,379,444,311.0,369.0,156,199,155,170,24.0,28.0,7.0,5.0,0.96,0.42,0.73,0.36,0.23,0.06,0.96,0.42,0.49,0.0,1,0,5,2,0,4,4,5,3,0,0.1538,0.0,0.5859,0.2025,0.0,0.1273,0.1001,0.1289,0.0776,0.0,9,9,1,0,2,1,1,1,0,0,0.2843,0.4088,0.411,0.0,0.0683,0.0164,0.1538,0.0335,0.0,0.0,13,11,19.09,20.29
4436248,2024-06-05,bra,2024,Brasileirao,5,Raphael Claus,10274,Juventude,165545,Atletico GO,1,1,0,42,58,8,22,2,5,5,9,1,8,0,0,3,15,5,7,4,7,2,1,1,1,17,31,13,12,1,4,1,0,1,1,19,13,18,9,8,1,25,16,5,1,64,52,41.0,29.0,23.0,23.0,12.0,4.0,351,487,262.0,400.0,162,182,100,218,28.0,34.0,7.0,7.0,1.25,1.66,0.4,1.34,0.85,0.32,1.25,1.66,1.75,0.85,2,2,0,12,1,1,2,5,3,2,1.0381,0.1499,0.0,1.2606,0.079,0.1208,0.0429,0.0894,0.0932,0.0518,4,17,2,0,1,3,1,2,0,0,0.2775,1.3752,0.1234,0.0,0.8375,0.2213,0.0147,0.076,0.0,0.0,8,22,20.5,16.38
4436248,2024-06-05,bra,2024,Brasileirao,5,Raphael Claus,165545,Atletico GO,10274,Juventude,0,0,1,58,42,22,8,5,2,9,5,8,1,0,0,15,3,7,5,7,4,1,2,1,1,31,17,12,13,4,1,0,1,1,1,13,19,9,18,1,8,16,25,1,5,52,64,29.0,41.0,23.0,23.0,4.0,12.0,487,351,400.0,262.0,182,162,218,100,34.0,28.0,7.0,7.0,1.66,1.25,1.34,0.4,0.32,0.85,1.66,1.25,0.85,1.75,2,2,12,0,1,1,5,2,2,3,0.1499,1.0381,1.2606,0.0,0.1208,0.079,0.0894,0.0429,0.0518,0.0932,17,4,0,2,3,1,2,1,0,0,1.3752,0.2775,0.0,0.1234,0.2213,0.8375,0.076,0.0147,0.0,0.0,22,8,16.38,20.5
4436258,2024-06-09,bra,2024,Brasileirao,6,Bruno Arleu de Araujo,7729,Criciuma,197815,Cuiaba,1,2,5,62,38,23,13,9,7,9,4,5,2,0,0,12,8,11,5,6,2,5,3,3,1,29,17,10,13,5,6,1,0,5,0,15,18,13,11,2,4,10,25,2,6,50,42,30.0,34.0,20.0,8.0,2.0,7.0,506,317,434.0,244.0,201,122,233,122,25.0,20.0,10.0,3.0,1.78,1.47,1.09,1.41,0.69,0.06,1.78,1.47,,,4,2,7,3,1,3,9,4,2,1,0.8801,0.1439,0.5607,0.9238,0.0312,0.1067,0.2851,0.2673,0.0667,0.0242,14,10,0,1,8,2,1,0,0,0,1.177,1.3007,0.0,0.1086,0.6117,0.0567,0.0351,0.0,0.0,0.0,23,13,17.42,17.33
4436258,2024-06-09,bra,2024,Brasileirao,6,Bruno Arleu de Araujo,197815,Cuiaba,7729,Criciuma,0,5,2,38,62,13,23,7,9,4,9,2,5,0,0,8,12,5,11,2,6,3,5,1,3,17,29,13,10,6,5,0,1,0,5,18,15,11,13,4,2,25,10,6,2,42,50,34.0,30.0,8.0,20.0,7.0,2.0,317,506,244.0,434.0,122,201,122,233,20.0,25.0,3.0,10.0,1.47,1.78,1.41,1.09,0.06,0.69,1.47,1.78,,,2,4,3,7,3,1,4,9,1,2,0.1439,0.8801,0.9238,0.5607,0.1067,0.0312,0.2673,0.2851,0.0242,0.0667,10,14,1,0,2,8,0,1,0,0,1.3007,1.177,0.1086,0.0,0.0567,0.6117,0.0,0.0351,0.0,0.0,13,23,17.33,17.42
4436233,2024-06-11,bra,2024,Brasileirao,8,Flavio Rodrigues De Souza,8517,Botafogo RJ,9863,Fluminense,1,1,0,44,56,19,6,6,0,9,5,4,1,1,1,13,4,6,2,14,2,3,1,3,1,30,16,22,13,3,3,0,0,4,0,30,14,8,5,1,4,24,23,0,5,55,52,44.0,46.0,11.0,6.0,3.0,10.0,311,406,241.0,341.0,110,214,131,127,20.0,16.0,6.0,3.0,1.75,0.22,1.42,0.19,0.33,0.03,1.75,0.22,1.52,0.0,0,0,10,3,3,1,6,2,0,0,0.0,0.0,1.2521,0.1398,0.2409,0.0295,0.2613,0.0531,0.0,0.0,8,5,2,0,9,1,0,0,0,0,0.6484,0.1931,0.7757,0.0,0.3303,0.0294,0.0,0.0,0.0,0.0,19,6,16.96,19.13
4436233,2024-06-11,bra,2024,Brasileirao,8,Flavio Rodrigues De Souza,9863,Fluminense,8517,Botafogo RJ,0,0,1,56,44,6,19,0,6,5,9,1,4,1,1,4,13,2,6,2,14,1,3,1,3,16,30,13,22,3,3,0,0,0,4,14,30,5,8,4,1,23,24,5,0,52,55,46.0,44.0,6.0,11.0,10.0,3.0,406,311,341.0,241.0,214,110,127,131,16.0,20.0,3.0,6.0,0.22,1.75,0.19,1.42,0.03,0.33,0.22,1.75,0.0,1.52,0,0,3,10,1,3,2,6,0,0,0.0,0.0,0.1398,1.2521,0.0295,0.2409,0.0531,0.2613,0.0,0.0,5,8,0,2,1,9,0,0,0,0,0.1931,0.6484,0.0,0.7757,0.0294,0.3303,0.0,0.0,0.0,0.0,6,19,19.13,16.96
4436237,2024-06-11,bra,2024,Brasileirao,8,Paulo Cesar Zanovelli da Silva,165545,Atletico GO,9808,Corinthians,1,2,2,73,27,22,7,7,3,8,3,7,1,0,0,18,5,4,2,3,4,4,0,3,0,64,9,12,13,3,3,0,1,1,0,12,13,8,13,1,7,11,41,1,6,43,49,32.0,31.0,11.0,18.0,9.0,6.0,520,191,453.0,123.0,98,66,355,57,34.0,24.0,11.0,3.0,3.08,0.43,1.56,0.36,0.73,0.07,2.29,0.43,2.01,0.34,4,0,12,3,2,2,2,1,2,1,1.2117,0.0,1.6443,0.1486,0.1308,0.1451,0.0371,0.0573,0.0274,0.026,17,5,0,0,1,1,3,1,1,0,1.4669,0.303,0.0,0.0,0.4626,0.039,0.3335,0.0351,0.7884,0.0,22,7,14.3,16.3
4436237,2024-06-11,bra,2024,Brasileirao,8,Paulo Cesar Zanovelli da Silva,9808,Corinthians,165545,Atletico GO,0,2,2,27,73,7,22,3,7,3,8,1,7,0,0,5,18,2,4,4,3,0,4,0,3,9,64,13,12,3,3,1,0,0,1,13,12,13,8,7,1,41,11,6,1,49,43,31.0,32.0,18.0,11.0,6.0,9.0,191,520,123.0,453.0,66,98,57,355,24.0,34.0,3.0,11.0,0.43,3.08,0.36,1.56,0.07,0.73,0.43,2.29,0.34,2.01,0,4,3,12,2,2,1,2,1,2,0.0,1.2117,0.1486,1.6443,0.1451,0.1308,0.0573,0.0371,0.026,0.0274,5,17,0,0,1,1,1,3,0,1,0.303,1.4669,0.0,0.0,0.039,0.4626,0.0351,0.3335,0.0,0.7884,7,22,16.3,14.3
4436238,2024-06-11,bra,2024,Brasileirao,8,Wagner do Nascimento Magalhaes,10274,Juventude,7733,Vitoria,1,1,1,60,40,12,18,2,4,8,9,2,5,0,0,9,7,3,11,5,4,1,0,1,0,22,19,16,8,3,4,0,0,1,1,19,20,7,6,4,2,12,20,3,1,53,56,32.0,40.0,21.0,16.0,6.0,5.0,509,347,423.0,276.0,263,167,160,109,29.0,22.0,11.0,6.0,0.68,0.62,0.3,0.45,0.38,0.17,0.68,0.62,,,1,0,6,6,2,1,1,7,2,4,0.1834,0.0,0.4201,0.3273,0.0344,0.0637,0.0164,0.1653,0.0304,0.0608,4,10,1,1,4,2,3,5,0,0,0.282,0.4129,0.0227,0.0334,0.2704,0.0563,0.1097,0.1144,0.0,0.0,12,18,16.05,22.61
4436238,2024-06-11,bra,2024,Brasileirao,8,Wagner do Nascimento Magalhaes,7733,Vitoria,10274,Juventude,0,1,1,40,60,18,12,4,2,9,8,5,2,0,0,7,9,11,3,4,5,0,1,0,1,19,22,8,16,4,3,0,0,1,1,20,19,6,7,2,4,20,12,1,3,56,53,40.0,32.0,16.0,21.0,5.0,6.0,347,509,276.0,423.0,167,263,109,160,22.0,29.0,6.0,11.0,0.62,0.68,0.45,0.3,0.17,0.38,0.62,0.68,,,0,1,6,6,1,2,7,1,4,2,0.0,0.1834,0.3273,0.4201,0.0637,0.0344,0.1653,0.0164,0.0608,0.0304,10,4,1,1,2,4,5,3,0,0,0.4129,0.282,0.0334,0.0227,0.0563,0.2704,0.1144,0.1097,0.0,0.0,18,12,22.61,16.05
4436235,2024-06-12,bra,2024,Brasileirao,8,Rafael Rodrigo Klein,109705,Red Bull Bragantino,10272,Atletico MG,1,1,2,55,45,15,10,5,4,7,2,3,4,0,0,7,6,8,4,8,5,0,3,0,1,21,12,17,18,5,4,1,1,1,2,12,20,9,12,4,3,24,16,2,4,62,54,40.0,40.0,22.0,14.0,11.0,3.0,421,342,340.0,248.0,180,146,160,102,28.0,30.0,2.0,2.0,1.18,1.01,0.75,0.78,0.44,0.23,1.18,1.01,0.81,1.35,0,1,6,4,1,1,6,3,2,1,0.0,0.1305,0.7945,0.6259,0.011,0.0653,0.3264,0.1738,0.0521,0.0195,8,6,0,1,2,3,5,0,0,0,0.7481,0.3779,0.0,0.4029,0.1498,0.2342,0.2861,0.0,0.0,0.0,15,10,19.11,16.48
4436235,2024-06-12,bra,2024,Brasileirao,8,Rafael Rodrigo Klein,10272,Atletico MG,109705,Red Bull Bragantino,0,2,1,45,55,10,15,4,5,2,7,4,3,0,0,6,7,4,8,5,8,3,0,1,0,12,21,18,17,4,5,1,1,2,1,20,12,12,9,3,4,16,24,4,2,54,62,40.0,40.0,14.0,22.0,3.0,11.0,342,421,248.0,340.0,146,180,102,160,30.0,28.0,2.0,2.0,1.01,1.18,0.78,0.75,0.23,0.44,1.01,1.18,1.35,0.81,1,0,4,6,1,1,3,6,1,2,0.1305,0.0,0.6259,0.7945,0.0653,0.011,0.1738,0.3264,0.0195,0.0521,6,8,1,0,3,2,0,5,0,0,0.3779,0.7481,0.4029,0.0,0.2342,0.1498,0.0,0.2861,0.0,0.0,10,15,16.48,19.11
4436229,2024-06-13,bra,2024,Brasileirao,8,Braulio da Silva Machado,8702,Internacional,10277,Sao Paulo,1,0,0,54,46,7,9,0,4,6,3,1,2,0,0,4,8,3,1,5,3,0,1,0,1,19,17,15,18,5,4,0,0,1,3,22,12,4,8,2,1,6,24,5,0,60,49,46.0,33.0,14.0,16.0,9.0,6.0,434,385,365.0,307.0,182,204,183,103,18.0,40.0,4.0,4.0,0.2,0.79,0.09,0.6,0.12,0.19,0.2,0.79,0.0,0.65,0,0,1,4,3,4,2,1,1,0,0.0,0.0,0.0258,0.5961,0.0838,0.1226,0.0867,0.0718,0.0079,0.0,2,5,0,1,3,2,2,1,0,0,0.0867,0.5561,0.0,0.0448,0.0545,0.1179,0.063,0.0718,0.0,0.0,7,9,18.36,14.97
4436229,2024-06-13,bra,2024,Brasileirao,8,Braulio da Silva Machado,10277,Sao Paulo,8702,Internacional,0,0,0,46,54,9,7,4,0,3,6,2,1,0,0,8,4,1,3,3,5,1,0,1,0,17,19,18,15,4,5,0,0,3,1,12,22,8,4,1,2,24,6,0,5,49,60,33.0,46.0,16.0,14.0,6.0,9.0,385,434,307.0,365.0,204,182,103,183,40.0,18.0,4.0,4.0,0.79,0.2,0.6,0.09,0.19,0.12,0.79,0.2,0.65,0.0,0,0,4,1,4,3,1,2,0,1,0.0,0.0,0.5961,0.0258,0.1226,0.0838,0.0718,0.0867,0.0,0.0079,5,2,1,0,2,3,1,2,0,0,0.5561,0.0867,0.0448,0.0,0.1179,0.0545,0.0718,0.063,0.0,0.0,9,7,14.97,18.36
4436230,2024-06-13,bra,2024,Brasileirao,8,Marcelo de Lima Henrique,9781,Cruzeiro,197815,Cuiaba,1,2,1,51,49,12,16,6,5,5,5,1,6,2,0,7,11,5,5,6,4,3,2,2,1,21,34,9,12,3,2,0,0,0,1,17,16,13,5,6,1,26,24,4,4,46,45,39.0,34.0,7.0,11.0,10.0,9.0,441,413,380.0,353.0,175,174,205,179,26.0,30.0,4.0,7.0,1.01,1.68,0.86,0.64,0.15,0.25,1.01,0.89,2.14,1.56,2,1,5,7,0,3,2,2,3,3,0.2181,0.1605,0.5874,1.2403,0.0,0.1427,0.0352,0.048,0.0621,0.0775,8,12,0,1,3,2,1,0,0,1,0.7498,0.6507,0.0,0.0503,0.1335,0.1797,0.0195,0.0,0.0,0.7884,12,16,18.0,16.73
4436230,2024-06-13,bra,2024,Brasileirao,8,Marcelo de Lima Henrique,197815,Cuiaba,9781,Cruzeiro,0,1,2,49,51,16,12,5,6,5,5,6,1,0,2,11,7,5,5,4,6,2,3,1,2,34,21,12,9,2,3,0,0,1,0,16,17,5,13,1,6,24,26,4,4,45,46,34.0,39.0,11.0,7.0,9.0,10.0,413,441,353.0,380.0,174,175,179,205,30.0,26.0,7.0,4.0,1.68,1.01,0.64,0.86,0.25,0.15,0.89,1.01,1.56,2.14,1,2,7,5,3,0,2,2,3,3,0.1605,0.2181,1.2403,0.5874,0.1427,0.0,0.048,0.0352,0.0775,0.0621,12,8,1,0,2,3,0,1,1,0,0.6507,0.7498,0.0503,0.0,0.1797,0.1335,0.0,0.0195,0.7884,0.0,16,12,16.73,18.0
4436232,2024-06-13,bra,2024,Brasileirao,8,Luiz Flávio de Oliveira,9770,Flamengo,9769,Gremio,1,2,1,42,58,16,15,6,5,8,6,2,4,2,0,10,10,6,5,4,6,3,1,3,0,14,26,9,10,2,4,0,0,0,0,24,18,6,7,4,2,28,9,4,4,58,50,41.0,42.0,17.0,8.0,7.0,17.0,380,537,331.0,479.0,161,201,170,278,25.0,26.0,6.0,3.0,0.96,0.98,0.53,0.57,0.43,0.41,0.96,0.98,1.81,1.57,0,1,8,5,2,4,5,2,1,3,0.0,0.3477,0.6579,0.3574,0.0949,0.1563,0.1736,0.0602,0.0343,0.0484,10,11,1,0,3,3,2,1,0,0,0.4719,0.5597,0.0568,0.0,0.3367,0.3776,0.0953,0.0328,0.0,0.0,16,15,16.54,18.43
4436232,2024-06-13,bra,2024,Brasileirao,8,Luiz Flávio de Oliveira,9769,Gremio,9770,Flamengo,0,1,2,58,42,15,16,5,6,6,8,4,2,0,2,10,10,5,6,6,4,1,3,0,3,26,14,10,9,4,2,0,0,0,0,18,24,7,6,2,4,9,28,4,4,50,58,42.0,41.0,8.0,17.0,17.0,7.0,537,380,479.0,331.0,201,161,278,170,26.0,25.0,3.0,6.0,0.98,0.96,0.57,0.53,0.41,0.43,0.98,0.96,1.57,1.81,1,0,5,8,4,2,2,5,3,1,0.3477,0.0,0.3574,0.6579,0.1563,0.0949,0.0602,0.1736,0.0484,0.0343,11,10,0,1,3,3,1,2,0,0,0.5597,0.4719,0.0,0.0568,0.3776,0.3367,0.0328,0.0953,0.0,0.0,15,16,18.43,16.54
4436236,2024-06-13,bra,2024,Brasileirao,8,Jonathan Benkenstein Pinheiro,10273,Athletico Paranaense,7729,Criciuma,1,3,1,57,43,23,12,7,4,10,5,6,3,2,1,14,7,9,5,5,3,4,2,1,1,31,9,9,12,0,1,0,0,2,3,21,23,8,8,3,5,10,30,3,4,50,61,35.0,45.0,15.0,16.0,4.0,13.0,479,366,404.0,287.0,168,174,236,113,28.0,22.0,4.0,2.0,2.69,1.4,2.46,1.26,0.24,0.14,2.69,1.4,3.1,1.62,2,1,9,4,3,2,7,4,2,1,1.1295,0.9552,1.0004,0.6456,0.1616,0.0754,0.2698,0.0863,0.0456,0.0041,19,8,0,1,3,1,1,2,0,0,2.3215,1.6011,0.0,0.0484,0.1888,0.0578,0.0966,0.0594,0.0,0.0,23,12,17.75,20.35
4436236,2024-06-13,bra,2024,Brasileirao,8,Jonathan Benkenstein Pinheiro,7729,Criciuma,10273,Athletico Paranaense,0,1,3,43,57,12,23,4,7,5,10,3,6,1,2,7,14,5,9,3,5,2,4,1,1,9,31,12,9,1,0,0,0,3,2,23,21,8,8,5,3,30,10,4,3,61,50,45.0,35.0,16.0,15.0,13.0,4.0,366,479,287.0,404.0,174,168,113,236,22.0,28.0,2.0,4.0,1.4,2.69,1.26,2.46,0.14,0.24,1.4,2.69,1.62,3.1,1,2,4,9,2,3,4,7,1,2,0.9552,1.1295,0.6456,1.0004,0.0754,0.1616,0.0863,0.2698,0.0041,0.0456,8,19,1,0,1,3,2,1,0,0,1.6011,2.3215,0.0484,0.0,0.0578,0.1888,0.0594,0.0966,0.0,0.0,12,23,20.35,17.75
4436231,2024-06-14,bra,2024,Brasileirao,8,Felipe Fernandes de Lima,7877,Bahia,8287,Fortaleza,1,1,0,54,46,12,21,3,6,6,8,3,7,1,0,6,11,6,10,5,9,4,2,3,2,18,24,14,9,6,1,0,0,0,6,15,11,5,4,7,2,26,14,6,2,43,38,31.0,26.0,12.0,12.0,7.0,3.0,513,418,430.0,352.0,229,170,201,182,12.0,28.0,3.0,7.0,1.43,1.28,1.41,1.13,0.01,0.15,1.43,1.28,1.18,0.78,0,1,4,6,2,4,5,8,1,2,0.0,0.0922,0.6111,0.7564,0.3161,0.1335,0.2259,0.239,0.0625,0.0556,11,17,0,0,1,2,0,2,0,0,1.2023,1.1646,0.0,0.0,0.0132,0.0527,0.0,0.0594,0.0,0.0,12,21,19.19,22.1
4436231,2024-06-14,bra,2024,Brasileirao,8,Felipe Fernandes de Lima,8287,Fortaleza,7877,Bahia,0,0,1,46,54,21,12,6,3,8,6,7,3,0,1,11,6,10,6,9,5,2,4,2,3,24,18,9,14,1,6,0,0,6,0,11,15,4,5,2,7,14,26,2,6,38,43,26.0,31.0,12.0,12.0,3.0,7.0,418,513,352.0,430.0,170,229,182,201,28.0,12.0,7.0,3.0,1.28,1.43,1.13,1.41,0.15,0.01,1.28,1.43,0.78,1.18,1,0,6,4,4,2,8,5,2,1,0.0922,0.0,0.7564,0.6111,0.1335,0.3161,0.239,0.2259,0.0556,0.0625,17,11,0,0,2,1,2,0,0,0,1.1646,1.2023,0.0,0.0,0.0527,0.0132,0.0594,0.0,0.0,0.0,21,12,22.1,19.19
4436234,2024-06-14,bra,2024,Brasileirao,8,Ramon Abatti,10283,Palmeiras,10276,Vasco da Gama,1,2,0,57,43,28,9,6,2,13,6,9,1,0,0,14,5,14,4,10,6,2,0,1,0,34,14,10,14,1,2,0,0,1,1,13,16,6,9,1,9,28,34,2,4,57,55,29.0,33.0,28.0,22.0,4.0,8.0,397,298,330.0,224.0,139,108,191,116,23.0,32.0,9.0,4.0,2.36,0.24,2.04,0.22,0.32,0.03,2.36,0.24,,,2,0,10,3,2,2,10,3,4,1,1.0965,0.0,0.8068,0.1203,0.0496,0.0489,0.2891,0.0688,0.1163,0.0047,19,6,0,1,6,1,3,1,0,0,2.0371,0.1859,0.0,0.0303,0.2201,0.0111,0.101,0.0153,0.0,0.0,28,9,18.82,23.23
4436234,2024-06-14,bra,2024,Brasileirao,8,Ramon Abatti,10276,Vasco da Gama,10283,Palmeiras,0,0,2,43,57,9,28,2,6,6,13,1,9,0,0,5,14,4,14,6,10,0,2,0,1,14,34,14,10,2,1,0,0,1,1,16,13,9,6,9,1,34,28,4,2,55,57,33.0,29.0,22.0,28.0,8.0,4.0,298,397,224.0,330.0,108,139,116,191,32.0,23.0,4.0,9.0,0.24,2.36,0.22,2.04,0.03,0.32,0.24,2.36,,,0,2,3,10,2,2,3,10,1,4,0.0,1.0965,0.1203,0.8068,0.0489,0.0496,0.0688,0.2891,0.0047,0.1163,6,19,1,0,1,6,1,3,0,0,0.1859,2.0371,0.0303,0.0,0.0111,0.2201,0.0153,0.101,0.0,0.0,9,28,23.23,18.82
4436277,2024-06-15,bra,2024,Brasileirao,9,Emerson Ricardo de Almeida Andrade,109705,Red Bull Bragantino,10274,Juventude,1,2,1,36,64,6,14,2,6,1,5,3,3,0,1,5,8,1,6,1,1,1,3,0,2,13,23,12,12,4,4,1,0,0,5,19,14,5,6,3,3,15,16,5,0,57,56,44.0,31.0,13.0,25.0,13.0,6.0,296,538,226.0,463.0,125,276,101,187,27.0,15.0,1.0,6.0,0.48,2.07,0.35,1.57,0.13,0.5,0.48,2.07,0.84,2.58,0,2,3,3,2,3,0,3,1,3,0.0,1.5677,0.3954,0.4385,0.0625,0.4123,0.0,0.1981,0.0193,0.0564,4,7,0,3,0,1,2,3,0,0,0.3709,0.5946,0.0,1.5757,0.0,0.1149,0.1063,0.3879,0.0,0.0,6,14,14.51,20.6
4436277,2024-06-15,bra,2024,Brasileirao,9,Emerson Ricardo de Almeida Andrade,10274,Juventude,109705,Red Bull Bragantino,0,1,2,64,36,14,6,6,2,5,1,3,3,1,0,8,5,6,1,1,1,3,1,2,0,23,13,12,12,4,4,0,1,5,0,14,19,6,5,3,3,16,15,0,5,56,57,31.0,44.0,25.0,13.0,6.0,13.0,538,296,463.0,226.0,276,125,187,101,15.0,27.0,6.0,1.0,2.07,0.48,1.57,0.35,0.5,0.13,2.07,0.48,2.58,0.84,2,0,3,3,3,2,3,0,3,1,1.5677,0.0,0.4385,0.3954,0.4123,0.0625,0.1981,0.0,0.0564,0.0193,7,4,3,0,1,0,3,2,0,0,0.5946,0.3709,1.5757,0.0,0.1149,0.0,0.3879,0.1063,0.0,0.0,14,6,20.6,14.51
4436225,2024-06-16,bra,2024,Brasileirao,9,Ramon Abatti,9808,Corinthians,10277,Sao Paulo,1,2,2,40,60,16,12,8,7,4,2,4,3,0,0,8,6,8,6,9,5,1,3,1,2,22,12,15,10,2,5,1,0,1,1,20,22,10,7,3,2,25,13,6,6,55,58,37.0,41.0,18.0,17.0,8.0,6.0,337,518,289.0,450.0,165,247,124,203,22.0,22.0,3.0,4.0,1.02,0.99,0.49,0.86,0.53,0.13,1.02,0.99,1.89,2.21,1,1,6,5,1,0,1,4,7,2,0.0767,0.5885,0.6945,0.607,0.0243,0.0,0.024,0.0899,0.2038,0.0269,7,8,1,0,6,4,2,0,0,0,0.4028,1.2001,0.0725,0.0,0.4528,0.1121,0.0952,0.0,0.0,0.0,16,12,21.73,19.16
4436225,2024-06-16,bra,2024,Brasileirao,9,Ramon Abatti,10277,Sao Paulo,9808,Corinthians,0,2,2,60,40,12,16,7,8,2,4,3,4,0,0,6,8,6,8,5,9,3,1,2,1,12,22,10,15,5,2,0,1,1,1,22,20,7,10,2,3,13,25,6,6,58,55,41.0,37.0,17.0,18.0,6.0,8.0,518,337,450.0,289.0,247,165,203,124,22.0,22.0,4.0,3.0,0.99,1.02,0.86,0.49,0.13,0.53,0.99,1.02,2.21,1.89,1,1,5,6,0,1,4,1,2,7,0.5885,0.0767,0.607,0.6945,0.0,0.0243,0.0899,0.024,0.0269,0.2038,8,7,0,1,4,6,0,2,0,0,1.2001,0.4028,0.0,0.0725,0.1121,0.4528,0.0,0.0952,0.0,0.0,12,16,19.16,21.73
4436239,2024-06-16,bra,2024,Brasileirao,9,Paulo Cesar Zanovelli da Silva,9769,Gremio,8517,Botafogo RJ,1,1,2,45,55,15,14,4,5,5,5,6,4,0,0,8,8,7,6,7,4,2,2,1,0,21,13,12,11,3,3,0,0,0,0,14,17,5,6,4,7,20,28,3,2,54,52,36.0,39.0,18.0,13.0,12.0,10.0,406,504,323.0,425.0,116,191,207,234,21.0,28.0,6.0,3.0,1.03,0.7,0.83,0.51,0.21,0.19,1.03,0.7,1.47,1.9,0,0,7,5,1,3,4,3,3,3,0.0,0.0,0.8444,0.2681,0.0377,0.285,0.0864,0.045,0.0492,0.0579,9,10,2,0,3,4,1,0,0,0,0.4882,0.4871,0.3243,0.0,0.1911,0.1689,0.014,0.0,0.0,0.0,15,14,18.45,20.31
4436239,2024-06-16,bra,2024,Brasileirao,9,Paulo Cesar Zanovelli da Silva,8517,Botafogo RJ,9769,Gremio,0,2,1,55,45,14,15,5,4,5,5,4,6,0,0,8,8,6,7,4,7,2,2,0,1,13,21,11,12,3,3,0,0,0,0,17,14,6,5,7,4,28,20,2,3,52,54,39.0,36.0,13.0,18.0,10.0,12.0,504,406,425.0,323.0,191,116,234,207,28.0,21.0,3.0,6.0,0.7,1.03,0.51,0.83,0.19,0.21,0.7,1.03,1.9,1.47,0,0,5,7,3,1,3,4,3,3,0.0,0.0,0.2681,0.8444,0.285,0.0377,0.045,0.0864,0.0579,0.0492,10,9,0,2,4,3,0,1,0,0,0.4871,0.4882,0.0,0.3243,0.1689,0.1911,0.0,0.014,0.0,0.0,14,15,20.31,18.45
4436241,2024-06-16,bra,2024,Brasileirao,9,Bruno Arleu de Araujo,7733,Vitoria,8702,Internacional,1,2,1,39,61,11,15,4,5,5,8,2,2,0,0,7,9,4,6,4,2,2,1,1,0,16,20,6,16,1,5,0,0,3,2,25,29,12,7,2,2,19,18,4,2,72,57,49.0,43.0,23.0,14.0,9.0,9.0,345,535,265.0,457.0,166,251,99,206,19.0,27.0,4.0,4.0,1.48,1.22,0.52,1.1,0.17,0.11,0.69,1.22,,,0,0,6,4,1,5,3,3,1,3,0.0,0.0,1.2977,0.4809,0.0361,0.6202,0.1233,0.0589,0.0216,0.0553,5,10,0,3,2,2,3,0,1,0,0.5242,0.3842,0.0,0.7167,0.0669,0.1144,0.0991,0.0,0.7884,0.0,11,15,17.06,19.32
4436241,2024-06-16,bra,2024,Brasileirao,9,Bruno Arleu de Araujo,8702,Internacional,7733,Vitoria,0,1,2,61,39,15,11,5,4,8,5,2,2,0,0,9,7,6,4,2,4,1,2,0,1,20,16,16,6,5,1,0,0,2,3,29,25,7,12,2,2,18,19,2,4,57,72,43.0,49.0,14.0,23.0,9.0,9.0,535,345,457.0,265.0,251,166,206,99,27.0,19.0,4.0,4.0,1.22,1.48,1.1,0.52,0.11,0.17,1.22,0.69,,,0,0,4,6,5,1,3,3,3,1,0.0,0.0,0.4809,1.2977,0.6202,0.0361,0.0589,0.1233,0.0553,0.0216,10,5,3,0,2,2,0,3,0,1,0.3842,0.5242,0.7167,0.0,0.1144,0.0669,0.0,0.0991,0.0,0.7884,15,11,19.32,17.06
4436242,2024-06-16,bra,2024,Brasileirao,9,Gustavo Ervino Bauermann,9863,Fluminense,165545,Atletico GO,1,1,2,56,44,9,17,5,7,4,7,0,3,0,0,5,11,4,6,3,3,2,5,2,4,14,24,10,12,4,1,1,0,1,1,8,23,12,7,3,0,18,13,5,4,45,55,29.0,35.0,16.0,20.0,10.0,2.0,563,440,471.0,340.0,281,148,190,192,22.0,28.0,4.0,8.0,0.67,1.87,0.64,1.38,0.03,0.49,0.67,1.87,0.82,2.11,0,1,4,9,1,1,3,3,1,3,0.0,0.1414,0.502,1.5208,0.0832,0.0789,0.0707,0.1093,0.019,0.0543,8,11,0,1,1,2,0,3,0,0,0.6404,1.3661,0.0,0.0501,0.0344,0.1448,0.0,0.3436,0.0,0.0,9,17,19.61,15.39
4436242,2024-06-16,bra,2024,Brasileirao,9,Gustavo Ervino Bauermann,165545,Atletico GO,9863,Fluminense,0,2,1,44,56,17,9,7,5,7,4,3,0,0,0,11,5,6,4,3,3,5,2,4,2,24,14,12,10,1,4,0,1,1,1,23,8,7,12,0,3,13,18,4,5,55,45,35.0,29.0,20.0,16.0,2.0,10.0,440,563,340.0,471.0,148,281,192,190,28.0,22.0,8.0,4.0,1.87,0.67,1.38,0.64,0.49,0.03,1.87,0.67,2.11,0.82,1,0,9,4,1,1,3,3,3,1,0.1414,0.0,1.5208,0.502,0.0789,0.0832,0.1093,0.0707,0.0543,0.019,11,8,1,0,2,1,3,0,0,0,1.3661,0.6404,0.0501,0.0,0.1448,0.0344,0.3436,0.0,0.0,0.0,17,9,15.39,19.61
4436243,2024-06-16,bra,2024,Brasileirao,9,Rafael Rodrigo Klein,10276,Vasco da Gama,9781,Cruzeiro,1,0,0,50,50,14,8,4,2,7,3,3,3,0,0,8,1,6,7,5,5,1,0,1,0,14,7,11,11,2,4,0,0,0,3,22,16,8,7,3,3,15,22,2,4,62,59,37.0,42.0,25.0,17.0,4.0,15.0,373,387,276.0,292.0,128,163,148,129,30.0,17.0,6.0,1.0,1.06,0.21,0.21,0.15,0.85,0.06,1.06,0.21,,,1,0,6,0,1,1,4,3,2,4,0.7011,0.0,0.2032,0.0,0.044,0.0178,0.0681,0.0662,0.0398,0.1239,6,5,1,1,6,0,1,2,0,0,0.1737,0.1098,0.0317,0.0362,0.7979,0.0,0.0528,0.062,0.0,0.0,14,8,17.82,27.31
4436243,2024-06-16,bra,2024,Brasileirao,9,Rafael Rodrigo Klein,9781,Cruzeiro,10276,Vasco da Gama,0,0,0,50,50,8,14,2,4,3,7,3,3,0,0,1,8,7,6,5,5,0,1,0,1,7,14,11,11,4,2,0,0,3,0,16,22,7,8,3,3,22,15,4,2,59,62,42.0,37.0,17.0,25.0,15.0,4.0,387,373,292.0,276.0,163,128,129,148,17.0,30.0,1.0,6.0,0.21,1.06,0.15,0.21,0.06,0.85,0.21,1.06,,,0,1,0,6,1,1,3,4,4,2,0.0,0.7011,0.0,0.2032,0.0178,0.044,0.0662,0.0681,0.1239,0.0398,5,6,1,1,0,6,2,1,0,0,0.1098,0.1737,0.0362,0.0317,0.0,0.7979,0.062,0.0528,0.0,0.0,8,14,27.31,17.82
4436286,2024-06-16,bra,2024,Brasileirao,9,Flavio Rodrigues De Souza,7729,Criciuma,7877,Bahia,1,2,2,32,68,17,22,5,6,6,10,6,6,0,0,12,9,5,13,6,7,5,1,4,0,22,22,14,13,2,1,1,0,4,1,8,10,9,11,6,3,23,17,4,3,41,43,25.0,28.0,16.0,15.0,7.0,4.0,228,518,146.0,439.0,82,179,64,260,21.0,13.0,9.0,4.0,1.92,0.78,0.97,0.46,0.95,0.32,1.92,0.78,1.56,1.33,0,0,9,6,3,3,4,9,1,4,0.0,0.0,1.5474,0.3765,0.1145,0.0754,0.2498,0.1877,0.0121,0.141,5,13,1,0,4,4,7,5,0,0,0.8908,0.4631,0.0836,0.0,0.1988,0.1662,0.7507,0.1513,0.0,0.0,17,22,14.57,21.46
4436286,2024-06-16,bra,2024,Brasileirao,9,Flavio Rodrigues De Souza,7877,Bahia,7729,Criciuma,0,2,2,68,32,22,17,6,5,10,6,6,6,0,0,9,12,13,5,7,6,1,5,0,4,22,22,13,14,1,2,0,1,1,4,10,8,11,9,3,6,17,23,3,4,43,41,28.0,25.0,15.0,16.0,4.0,7.0,518,228,439.0,146.0,179,82,260,64,13.0,21.0,4.0,9.0,0.78,1.92,0.46,0.97,0.32,0.95,0.78,1.92,1.33,1.56,0,0,6,9,3,3,9,4,4,1,0.0,0.0,0.3765,1.5474,0.0754,0.1145,0.1877,0.2498,0.141,0.0121,13,5,0,1,4,4,5,7,0,0,0.4631,0.8908,0.0,0.0836,0.1662,0.1988,0.1513,0.7507,0.0,0.0,22,17,21.46,14.57
4436287,2024-06-16,bra,2024,Brasileirao,9,Jefferson Ferreira de Moraes,197815,Cuiaba,8287,Fortaleza,1,5,0,55,45,21,2,13,0,5,2,3,0,0,0,11,1,10,1,5,1,8,0,4,0,24,5,9,6,1,3,0,2,1,1,10,13,4,4,0,3,11,21,0,8,29,34,18.0,26.0,11.0,8.0,4.0,4.0,511,416,460.0,359.0,140,200,320,159,26.0,26.0,4.0,2.0,3.59,0.06,2.6,0.06,0.2,0.0,2.8,0.06,5.08,0.0,1,0,5,1,5,0,7,1,3,0,0.0806,0.0,2.5273,0.0497,0.5629,0.0,0.6763,0.0121,0.1194,0.0,14,2,2,0,1,0,3,0,1,0,2.1694,0.0618,0.8066,0.0,0.0173,0.0,0.1848,0.0,0.7884,0.0,21,2,18.19,18.75
4436287,2024-06-16,bra,2024,Brasileirao,9,Jefferson Ferreira de Moraes,8287,Fortaleza,197815,Cuiaba,0,0,5,45,55,2,21,0,13,2,5,0,3,0,0,1,11,1,10,1,5,0,8,0,4,5,24,6,9,3,1,2,0,1,1,13,10,4,4,3,0,21,11,8,0,34,29,26.0,18.0,8.0,11.0,4.0,4.0,416,511,359.0,460.0,200,140,159,320,26.0,26.0,2.0,4.0,0.06,3.59,0.06,2.6,0.0,0.2,0.06,2.8,0.0,5.08,0,1,1,5,0,5,1,7,0,3,0.0,0.0806,0.0497,2.5273,0.0,0.5629,0.0121,0.6763,0.0,0.1194,2,14,0,2,0,1,0,3,0,1,0.0618,2.1694,0.0,0.8066,0.0,0.0173,0.0,0.1848,0.0,0.7884,2,21,18.75,18.19
4436288,2024-06-16,bra,2024,Brasileirao,9,Anderson Daronco,10273,Athletico Paranaense,9770,Flamengo,1,1,1,48,52,14,9,3,6,6,1,5,2,0,0,5,7,9,2,5,9,2,3,1,2,17,24,11,11,4,3,1,0,0,2,14,9,9,11,1,4,21,22,5,2,42,39,28.0,29.0,14.0,10.0,5.0,9.0,370,407,309.0,329.0,154,171,155,158,32.0,21.0,1.0,4.0,1.79,0.57,1.0,0.35,0.01,0.21,1.0,0.57,1.07,1.27,0,0,2,3,3,4,7,1,2,1,0.0,0.0,1.3493,0.3654,0.1318,0.1729,0.2462,0.0144,0.0639,0.0125,12,6,0,1,0,2,1,0,1,0,0.9952,0.2696,0.0,0.0815,0.0,0.2141,0.0077,0.0,0.7884,0.0,14,9,21.67,18.14
4436288,2024-06-16,bra,2024,Brasileirao,9,Anderson Daronco,9770,Flamengo,10273,Athletico Paranaense,0,1,1,52,48,9,14,6,3,1,6,2,5,0,0,7,5,2,9,9,5,3,2,2,1,24,17,11,11,3,4,0,1,2,0,9,14,11,9,4,1,22,21,2,5,39,42,29.0,28.0,10.0,14.0,9.0,5.0,407,370,329.0,309.0,171,154,158,155,21.0,32.0,4.0,1.0,0.57,1.79,0.35,1.0,0.21,0.01,0.57,1.0,1.27,1.07,0,0,3,2,4,3,1,7,1,2,0.0,0.0,0.3654,1.3493,0.1729,0.1318,0.0144,0.2462,0.0125,0.0639,6,12,1,0,2,0,0,1,0,1,0.2696,0.9952,0.0815,0.0,0.2141,0.0,0.0,0.0077,0.0,0.7884,9,14,18.14,21.67
4436240,2024-06-17,bra,2024,Brasileirao,9,Rodrigo José Pereira de Lima,10272,Atletico MG,10283,Palmeiras,1,0,4,52,48,11,22,3,9,5,8,3,5,1,0,5,14,6,8,3,6,0,5,0,3,14,33,16,16,3,3,2,0,1,2,26,25,9,13,5,3,22,13,5,3,62,56,51.0,46.0,11.0,10.0,9.0,6.0,415,373,328.0,293.0,165,133,163,160,24.0,31.0,3.0,5.0,0.37,2.79,0.33,1.9,0.04,0.1,0.37,2.01,0.44,3.78,0,2,1,7,4,5,3,4,3,4,0.0,0.2887,0.0815,2.0126,0.1737,0.2322,0.0557,0.1731,0.061,0.0905,8,17,1,2,2,1,0,1,0,1,0.302,1.8037,0.0293,0.1011,0.0406,0.0679,0.0,0.036,0.0,0.7884,11,22,23.0,16.56
4436240,2024-06-17,bra,2024,Brasileirao,9,Rodrigo José Pereira de Lima,10283,Palmeiras,10272,Atletico MG,0,4,0,48,52,22,11,9,3,8,5,5,3,0,1,14,5,8,6,6,3,5,0,3,0,33,14,16,16,3,3,0,2,2,1,25,26,13,9,3,5,13,22,3,5,56,62,46.0,51.0,10.0,11.0,6.0,9.0,373,415,293.0,328.0,133,165,160,163,31.0,24.0,5.0,3.0,2.79,0.37,1.9,0.33,0.1,0.04,2.01,0.37,3.78,0.44,2,0,7,1,5,4,4,3,4,3,0.2887,0.0,2.0126,0.0815,0.2322,0.1737,0.1731,0.0557,0.0905,0.061,17,8,2,1,1,2,1,0,1,0,1.8037,0.302,0.1011,0.0293,0.0679,0.0406,0.036,0.0,0.7884,0.0,22,11,16.56,23.0
4436264,2024-06-19,bra,2024,Brasileirao,10,Alex Gomes Stefano,165545,Atletico GO,7729,Criciuma,1,1,2,50,50,12,19,1,7,8,5,3,7,0,0,7,12,5,7,5,1,0,2,0,1,19,25,10,11,1,1,1,0,1,4,14,16,12,5,6,3,10,24,5,0,52,58,31.0,36.0,21.0,22.0,7.0,10.0,462,470,370.0,369.0,180,195,190,174,33.0,38.0,5.0,5.0,0.64,1.51,0.56,1.31,0.08,0.2,0.64,1.51,0.53,2.13,0,0,6,11,1,1,4,5,1,2,0.0,0.0,0.3693,1.2613,0.0455,0.0602,0.2043,0.1606,0.0165,0.0274,10,15,0,0,1,0,1,4,0,0,0.5581,1.3061,0.0,0.0,0.0599,0.0,0.0176,0.2034,0.0,0.0,12,19,17.29,17.46
4436264,2024-06-19,bra,2024,Brasileirao,10,Alex Gomes Stefano,7729,Criciuma,165545,Atletico GO,0,2,1,50,50,19,12,7,1,5,8,7,3,0,0,12,7,7,5,1,5,2,0,1,0,25,19,11,10,1,1,0,1,4,1,16,14,5,12,3,6,24,10,0,5,58,52,36.0,31.0,22.0,21.0,10.0,7.0,470,462,369.0,370.0,195,180,174,190,38.0,33.0,5.0,5.0,1.51,0.64,1.31,0.56,0.2,0.08,1.51,0.64,2.13,0.53,0,0,11,6,1,1,5,4,2,1,0.0,0.0,1.2613,0.3693,0.0602,0.0455,0.1606,0.2043,0.0274,0.0165,15,10,0,0,0,1,4,1,0,0,1.3061,0.5581,0.0,0.0,0.0,0.0599,0.2034,0.0176,0.0,0.0,19,12,17.46,17.29
4436276,2024-06-19,bra,2024,Brasileirao,10,Paulo Cesar Zanovelli da Silva,10274,Juventude,10276,Vasco da Gama,1,2,0,54,46,14,6,5,2,5,3,4,1,0,0,6,4,8,2,5,4,1,0,1,0,15,11,13,18,2,3,0,1,1,5,16,13,9,9,1,4,13,14,2,3,58,49,39.0,34.0,19.0,15.0,6.0,9.0,443,365,370.0,290.0,249,135,121,155,33.0,32.0,8.0,2.0,1.34,0.32,1.0,0.29,0.34,0.03,1.34,0.32,,,1,0,5,2,0,2,5,2,3,0,0.4772,0.0,0.5943,0.1505,0.0,0.1077,0.2113,0.06,0.0569,0.0,9,5,0,0,2,1,3,0,0,0,0.9994,0.2882,0.0,0.0,0.0773,0.0301,0.263,0.0,0.0,0.0,14,6,18.79,16.14
4436276,2024-06-19,bra,2024,Brasileirao,10,Paulo Cesar Zanovelli da Silva,10276,Vasco da Gama,10274,Juventude,0,0,2,46,54,6,14,2,5,3,5,1,4,0,0,4,6,2,8,4,5,0,1,0,1,11,15,18,13,3,2,1,0,5,1,13,16,9,9,4,1,14,13,3,2,49,58,34.0,39.0,15.0,19.0,9.0,6.0,365,443,290.0,370.0,135,249,155,121,32.0,33.0,2.0,8.0,0.32,1.34,0.29,1.0,0.03,0.34,0.32,1.34,,,0,1,2,5,2,0,2,5,0,3,0.0,0.4772,0.1505,0.5943,0.1077,0.0,0.06,0.2113,0.0,0.0569,5,9,0,0,1,2,0,3,0,0,0.2882,0.9994,0.0,0.0,0.0301,0.0773,0.0,0.263,0.0,0.0,6,14,16.14,18.79
4436278,2024-06-19,bra,2024,Brasileirao,10,João Vitor Gobi,8287,Fortaleza,9769,Gremio,1,1,0,52,48,13,8,4,2,6,4,3,2,1,1,8,3,5,5,8,3,2,1,1,1,17,14,15,7,3,4,0,1,1,3,20,16,9,10,2,2,16,19,2,3,40,55,31.0,43.0,9.0,12.0,6.0,14.0,526,499,463.0,426.0,212,219,251,207,21.0,15.0,3.0,1.0,1.71,1.01,0.83,0.84,0.09,0.18,0.92,1.01,1.13,0.11,0,0,7,3,1,0,2,4,3,1,0.0,0.0,1.4577,0.9189,0.0158,0.0,0.1464,0.1174,0.0888,0.0188,7,3,3,2,1,3,1,0,1,0,0.4806,0.1457,0.3506,0.7317,0.0508,0.1777,0.0384,0.0,0.7884,0.0,13,8,18.42,20.42
4436278,2024-06-19,bra,2024,Brasileirao,10,João Vitor Gobi,9769,Gremio,8287,Fortaleza,0,0,1,48,52,8,13,2,4,4,6,2,3,1,1,3,8,5,5,3,8,1,2,1,1,14,17,7,15,4,3,1,0,3,1,16,20,10,9,2,2,19,16,3,2,55,40,43.0,31.0,12.0,9.0,14.0,6.0,499,526,426.0,463.0,219,212,207,251,15.0,21.0,1.0,3.0,1.01,1.71,0.84,0.83,0.18,0.09,1.01,0.92,0.11,1.13,0,0,3,7,0,1,4,2,1,3,0.0,0.0,0.9189,1.4577,0.0,0.0158,0.1174,0.1464,0.0188,0.0888,3,7,2,3,3,1,0,1,0,1,0.1457,0.4806,0.7317,0.3506,0.1777,0.0508,0.0,0.0384,0.0,0.7884,8,13,20.42,18.42
4436279,2024-06-19,bra,2024,Brasileirao,10,Gustavo Ervino Bauermann,10277,Sao Paulo,197815,Cuiaba,1,0,1,66,34,15,11,4,3,10,7,1,1,0,1,8,6,7,5,4,6,0,0,0,0,18,16,5,16,2,3,0,0,3,0,13,17,4,6,1,1,14,24,2,4,48,45,33.0,33.0,15.0,12.0,5.0,11.0,618,318,559.0,250.0,275,134,284,116,35.0,24.0,9.0,5.0,0.87,0.48,0.51,0.35,0.36,0.14,0.87,0.48,0.2,0.34,0,0,6,5,2,1,6,4,1,1,0.0,0.0,0.4809,0.2116,0.0749,0.0257,0.2829,0.1705,0.0116,0.0122,10,6,0,2,3,2,2,1,0,0,0.5154,0.2276,0.0,0.0826,0.1853,0.0454,0.1497,0.0645,0.0,0.0,15,11,18.49,18.95
4436279,2024-06-19,bra,2024,Brasileirao,10,Gustavo Ervino Bauermann,197815,Cuiaba,10277,Sao Paulo,0,1,0,34,66,11,15,3,4,7,10,1,1,1,0,6,8,5,7,6,4,0,0,0,0,16,18,16,5,3,2,0,0,0,3,17,13,6,4,1,1,24,14,4,2,45,48,33.0,33.0,12.0,15.0,11.0,5.0,318,618,250.0,559.0,134,275,116,284,24.0,35.0,5.0,9.0,0.48,0.87,0.35,0.51,0.14,0.36,0.48,0.87,0.34,0.2,0,0,5,6,1,2,4,6,1,1,0.0,0.0,0.2116,0.4809,0.0257,0.0749,0.1705,0.2829,0.0122,0.0116,6,10,2,0,2,3,1,2,0,0,0.2276,0.5154,0.0826,0.0,0.0454,0.1853,0.0645,0.1497,0.0,0.0,11,15,18.95,18.49
4436281,2024-06-19,bra,2024,Brasileirao,10,Ramon Abatti,8517,Botafogo RJ,10273,Athletico Paranaense,1,1,1,62,38,8,16,1,6,7,5,0,5,0,0,4,12,4,4,5,9,3,3,3,2,17,32,13,14,0,5,0,0,1,2,18,18,6,9,5,0,23,34,5,0,52,53,40.0,36.0,12.0,17.0,9.0,5.0,508,311,440.0,255.0,206,111,234,144,33.0,29.0,5.0,6.0,0.62,1.48,0.2,1.19,0.42,0.29,0.62,1.48,0.36,2.25,1,1,2,6,1,5,3,1,1,3,0.1994,0.3208,0.1656,0.5994,0.0215,0.0891,0.05,0.3688,0.0264,0.0381,5,6,0,3,2,6,1,1,0,0,0.1671,1.0138,0.0,0.1633,0.0964,0.2272,0.1994,0.012,0.0,0.0,8,16,23.43,17.96
4436281,2024-06-19,bra,2024,Brasileirao,10,Ramon Abatti,10273,Athletico Paranaense,8517,Botafogo RJ,0,1,1,38,62,16,8,6,1,5,7,5,0,0,0,12,4,4,4,9,5,3,3,2,3,32,17,14,13,5,0,0,0,2,1,18,18,9,6,0,5,34,23,0,5,53,52,36.0,40.0,17.0,12.0,5.0,9.0,311,508,255.0,440.0,111,206,144,234,29.0,33.0,6.0,5.0,1.48,0.62,1.19,0.2,0.29,0.42,1.48,0.62,2.25,0.36,1,1,6,2,5,1,1,3,3,1,0.3208,0.1994,0.5994,0.1656,0.0891,0.0215,0.3688,0.05,0.0381,0.0264,6,5,3,0,6,2,1,1,0,0,1.0138,0.1671,0.1633,0.0,0.2272,0.0964,0.012,0.1994,0.0,0.0,16,8,17.96,23.43
4436282,2024-06-20,bra,2024,Brasileirao,10,Braulio da Silva Machado,9770,Flamengo,7877,Bahia,1,2,1,35,65,14,8,3,3,7,5,4,0,0,0,8,4,6,4,6,2,3,1,2,0,25,16,8,10,1,1,0,0,1,3,11,10,7,9,0,4,18,20,2,1,50,39,39.0,28.0,11.0,11.0,18.0,9.0,364,720,316.0,666.0,136,324,180,342,26.0,33.0,5.0,0.0,1.09,0.75,0.87,0.75,0.22,0.0,1.09,0.75,1.02,0.59,2,0,3,4,3,1,4,3,2,1,0.2158,0.0,0.4127,0.5536,0.0783,0.0513,0.1828,0.1268,0.037,0.0161,10,8,0,1,3,0,1,0,0,0,0.742,0.5297,0.0,0.2182,0.0729,0.0,0.1117,0.0,0.0,0.0,14,9,18.19,19.66
4436282,2024-06-20,bra,2024,Brasileirao,10,Braulio da Silva Machado,7877,Bahia,9770,Flamengo,0,1,2,65,35,8,14,3,3,5,7,0,4,0,0,4,8,4,6,2,6,1,3,0,2,16,25,10,8,1,1,0,0,3,1,10,11,9,7,4,0,20,18,1,2,39,50,28.0,39.0,11.0,11.0,9.0,18.0,720,364,666.0,316.0,324,136,342,180,33.0,26.0,0.0,5.0,0.75,1.09,0.75,0.87,0.0,0.22,0.75,1.09,0.59,1.02,0,2,4,3,1,3,3,4,1,2,0.0,0.2158,0.5536,0.4127,0.0513,0.0783,0.1268,0.1828,0.0161,0.037,8,10,1,0,0,3,0,1,0,0,0.5297,0.742,0.2182,0.0,0.0,0.0729,0.0,0.1117,0.0,0.0,9,14,19.66,18.19
4436283,2024-06-20,bra,2024,Brasileirao,10,Marcelo de Lima Henrique,7733,Vitoria,10272,Atletico MG,1,4,2,39,61,12,19,6,7,5,8,1,4,0,1,8,11,4,8,2,4,1,2,0,1,15,27,15,13,2,2,0,0,0,1,16,18,6,7,3,1,30,9,5,2,47,54,33.0,40.0,14.0,14.0,5.0,7.0,344,534,259.0,458.0,156,195,103,263,28.0,36.0,3.0,3.0,1.47,1.91,1.43,1.03,0.04,0.09,1.47,1.12,1.73,2.38,0,0,7,5,1,5,4,8,0,1,0.0,0.0,1.0594,1.028,0.0181,0.2079,0.2575,0.2427,0.0,0.0128,10,15,1,0,1,0,0,3,0,1,1.1171,0.6164,0.1653,0.0,0.0526,0.0,0.0,0.0866,0.0,0.7884,12,19,17.33,19.51
4436283,2024-06-20,bra,2024,Brasileirao,10,Marcelo de Lima Henrique,10272,Atletico MG,7733,Vitoria,0,2,4,61,39,19,12,7,6,8,5,4,1,1,0,11,8,8,4,4,2,2,1,1,0,27,15,13,15,2,2,0,0,1,0,18,16,7,6,1,3,9,30,2,5,54,47,40.0,33.0,14.0,14.0,7.0,5.0,534,344,458.0,259.0,195,156,263,103,36.0,28.0,3.0,3.0,1.91,1.47,1.03,1.43,0.09,0.04,1.12,1.47,2.38,1.73,0,0,5,7,5,1,8,4,1,0,0.0,0.0,1.028,1.0594,0.2079,0.0181,0.2427,0.2575,0.0128,0.0,15,10,0,1,0,1,3,0,1,0,0.6164,1.1171,0.0,0.1653,0.0,0.0526,0.0866,0.0,0.7884,0.0,19,12,19.51,17.33
4436284,2024-06-20,bra,2024,Brasileirao,10,Matheus Delgado Candançan,9781,Cruzeiro,9863,Fluminense,1,2,0,35,65,17,9,5,4,7,4,5,1,0,0,9,4,8,5,6,5,4,1,2,1,14,14,16,11,3,2,0,0,3,0,22,17,4,7,1,4,17,17,4,3,41,48,36.0,40.0,5.0,8.0,4.0,8.0,329,632,265.0,567.0,144,379,121,188,22.0,30.0,4.0,3.0,1.82,0.31,0.94,0.25,0.09,0.07,1.04,0.31,2.59,0.29,0,0,6,3,3,1,6,3,2,2,0.0,0.0,1.4621,0.2716,0.2286,0.0342,0.1726,0.0414,0.025,0.0467,10,5,2,0,3,3,1,1,1,0,0.6777,0.3286,0.3427,0.0,0.0634,0.0391,0.0161,0.0262,0.7884,0.0,17,9,20.48,20.61
4436284,2024-06-20,bra,2024,Brasileirao,10,Matheus Delgado Candançan,9863,Fluminense,9781,Cruzeiro,0,0,2,65,35,9,17,4,5,4,7,1,5,0,0,4,9,5,8,5,6,1,4,1,2,14,14,11,16,2,3,0,0,0,3,17,22,7,4,4,1,17,17,3,4,48,41,40.0,36.0,8.0,5.0,8.0,4.0,632,329,567.0,265.0,379,144,188,121,30.0,22.0,3.0,4.0,0.31,1.82,0.25,0.94,0.07,0.09,0.31,1.04,0.29,2.59,0,0,3,6,1,3,3,6,2,2,0.0,0.0,0.2716,1.4621,0.0342,0.2286,0.0414,0.1726,0.0467,0.025,5,10,0,2,3,3,1,1,0,1,0.3286,0.6777,0.0,0.3427,0.0391,0.0634,0.0262,0.0161,0.0,0.7884,9,17,20.61,20.48
4436285,2024-06-20,bra,2024,Brasileirao,10,Wagner do Nascimento Magalhaes,8702,Internacional,9808,Corinthians,1,1,0,47,53,11,13,5,3,2,4,4,6,0,0,4,7,7,6,3,7,1,0,1,0,9,24,17,13,1,2,0,0,4,1,35,16,8,6,6,3,35,18,3,4,69,56,55.0,45.0,14.0,11.0,9.0,13.0,362,390,285.0,306.0,164,163,121,143,16.0,33.0,2.0,4.0,0.52,0.82,0.43,0.56,0.08,0.25,0.52,0.82,0.99,0.29,0,0,1,6,3,1,4,3,3,3,0.0,0.0,0.0107,0.553,0.2681,0.0467,0.1332,0.1253,0.1045,0.0924,7,8,2,0,1,3,1,2,0,0,0.2192,0.5628,0.2142,0.0,0.0107,0.1592,0.0724,0.0955,0.0,0.0,11,13,22.76,18.27
4436285,2024-06-20,bra,2024,Brasileirao,10,Wagner do Nascimento Magalhaes,9808,Corinthians,8702,Internacional,0,0,1,53,47,13,11,3,5,4,2,6,4,0,0,7,4,6,7,7,3,0,1,0,1,24,9,13,17,2,1,0,0,1,4,16,35,6,8,3,6,18,35,4,3,56,69,45.0,55.0,11.0,14.0,13.0,9.0,390,362,306.0,285.0,163,164,143,121,33.0,16.0,4.0,2.0,0.82,0.52,0.56,0.43,0.25,0.08,0.82,0.52,0.29,0.99,0,0,6,1,1,3,3,4,3,3,0.0,0.0,0.553,0.0107,0.0467,0.2681,0.1253,0.1332,0.0924,0.1045,8,7,0,2,3,1,2,1,0,0,0.5628,0.2192,0.0,0.2142,0.1592,0.0107,0.0955,0.0724,0.0,0.0,13,11,18.27,22.76
4436280,2024-06-21,bra,2024,Brasileirao,10,Anderson Daronco,10283,Palmeiras,109705,Red Bull Bragantino,1,2,1,41,59,24,13,7,3,6,8,11,2,0,0,16,8,8,5,10,3,4,2,3,1,41,17,10,9,0,2,0,0,5,2,27,11,10,10,2,10,13,27,2,5,53,42,44.0,28.0,9.0,14.0,8.0,9.0,308,462,227.0,371.0,88,184,139,187,33.0,14.0,2.0,3.0,3.16,1.4,3.01,1.3,0.16,0.1,3.16,1.4,3.08,1.25,0,0,12,7,4,1,6,2,2,3,0.0,0.0,2.7248,1.0414,0.1732,0.1721,0.1867,0.0967,0.0464,0.0623,18,10,2,1,4,1,0,1,0,0,2.444,1.1027,0.5284,0.1721,0.1589,0.0663,0.0,0.0315,0.0,0.0,24,13,17.0,18.92
4436280,2024-06-21,bra,2024,Brasileirao,10,Anderson Daronco,109705,Red Bull Bragantino,10283,Palmeiras,0,1,2,59,41,13,24,3,7,8,6,2,11,0,0,8,16,5,8,3,10,2,4,1,3,17,41,9,10,2,0,0,0,2,5,11,27,10,10,10,2,27,13,5,2,42,53,28.0,44.0,14.0,9.0,9.0,8.0,462,308,371.0,227.0,184,88,187,139,14.0,33.0,3.0,2.0,1.4,3.16,1.3,3.01,0.1,0.16,1.4,3.16,1.25,3.08,0,0,7,12,1,4,2,6,3,2,0.0,0.0,1.0414,2.7248,0.1721,0.1732,0.0967,0.1867,0.0623,0.0464,10,18,1,2,1,4,1,0,0,0,1.1027,2.444,0.1721,0.5284,0.0663,0.1589,0.0315,0.0,0.0,0.0,13,24,18.92,17.0
4436266,2024-06-22,bra,2024,Brasileirao,11,Luiz Flávio de Oliveira,7729,Criciuma,8517,Botafogo RJ,1,2,1,38,62,16,11,4,2,6,6,6,3,0,0,8,9,8,2,4,7,3,2,1,2,20,15,16,14,4,3,0,0,2,1,15,12,12,14,3,6,31,13,1,2,55,44,39.0,31.0,16.0,13.0,12.0,4.0,314,519,231.0,443.0,115,204,116,239,19.0,26.0,6.0,7.0,1.27,0.71,1.19,0.44,0.08,0.27,1.27,0.71,1.43,0.54,1,1,6,5,1,3,7,0,1,2,0.2662,0.1599,0.7514,0.3622,0.0344,0.1462,0.1993,0.0,0.0166,0.0423,12,6,1,0,3,2,0,3,0,0,0.9047,0.4391,0.2866,0.0,0.0767,0.1716,0.0,0.0999,0.0,0.0,16,11,18.35,16.87
4436266,2024-06-22,bra,2024,Brasileirao,11,Luiz Flávio de Oliveira,8517,Botafogo RJ,7729,Criciuma,0,1,2,62,38,11,16,2,4,6,6,3,6,0,0,9,8,2,8,7,4,2,3,2,1,15,20,14,16,3,4,0,0,1,2,12,15,14,12,6,3,13,31,2,1,44,55,31.0,39.0,13.0,16.0,4.0,12.0,519,314,443.0,231.0,204,115,239,116,26.0,19.0,7.0,6.0,0.71,1.27,0.44,1.19,0.27,0.08,0.71,1.27,0.54,1.43,1,1,5,6,3,1,0,7,2,1,0.1599,0.2662,0.3622,0.7514,0.1462,0.0344,0.0,0.1993,0.0423,0.0166,6,12,0,1,2,3,3,0,0,0,0.4391,0.9047,0.0,0.2866,0.1716,0.0767,0.0999,0.0,0.0,0.0,11,16,16.87,18.35
4436267,2024-06-22,bra,2024,Brasileirao,11,Bruno Pereira Vasconcelos,197815,Cuiaba,165545,Atletico GO,1,0,0,53,47,10,18,3,9,5,4,2,5,0,0,7,8,3,10,5,4,1,1,1,1,22,15,9,12,3,1,0,0,0,1,6,15,3,8,4,2,17,26,9,3,43,40,23.0,27.0,20.0,13.0,6.0,6.0,434,389,350.0,313.0,156,142,194,171,34.0,35.0,2.0,7.0,0.91,0.71,0.83,0.57,0.07,0.14,0.91,0.71,,,0,1,5,5,2,2,1,5,2,5,0.0,0.0644,0.7742,0.3437,0.0642,0.0901,0.0241,0.1253,0.0449,0.0909,8,14,0,0,2,2,0,2,0,0,0.8669,0.5739,0.0,0.0,0.0404,0.0823,0.0,0.0581,0.0,0.0,10,18,17.47,20.44
4436267,2024-06-22,bra,2024,Brasileirao,11,Bruno Pereira Vasconcelos,165545,Atletico GO,197815,Cuiaba,0,0,0,47,53,18,10,9,3,4,5,5,2,0,0,8,7,10,3,4,5,1,1,1,1,15,22,12,9,1,3,0,0,1,0,15,6,8,3,2,4,26,17,3,9,40,43,27.0,23.0,13.0,20.0,6.0,6.0,389,434,313.0,350.0,142,156,171,194,35.0,34.0,7.0,2.0,0.71,0.91,0.57,0.83,0.14,0.07,0.71,0.91,,,1,0,5,5,2,2,5,1,5,2,0.0644,0.0,0.3437,0.7742,0.0901,0.0642,0.1253,0.0241,0.0909,0.0449,14,8,0,0,2,2,2,0,0,0,0.5739,0.8669,0.0,0.0,0.0823,0.0404,0.0581,0.0,0.0,0.0,18,10,20.44,17.47
4436275,2024-06-22,bra,2024,Brasileirao,11,Ramon Abatti,9769,Gremio,8702,Internacional,1,0,1,58,42,10,16,2,2,5,9,3,5,0,2,7,9,3,7,5,4,1,1,1,1,17,20,12,11,3,2,0,0,1,0,16,21,8,12,6,3,13,36,1,2,63,61,40.0,40.0,23.0,21.0,13.0,10.0,498,362,393.0,281.0,173,143,220,138,36.0,15.0,8.0,3.0,0.51,1.14,0.44,0.92,0.07,0.22,0.51,1.14,0.53,0.02,0,1,4,3,3,5,0,7,3,0,0.0,0.1654,0.167,0.1757,0.2981,0.4539,0.0,0.3504,0.0494,0.0,5,13,2,0,1,3,2,0,0,0,0.346,0.9237,0.0945,0.0,0.0094,0.2217,0.0646,0.0,0.0,0.0,10,16,18.84,18.21
4436275,2024-06-22,bra,2024,Brasileirao,11,Ramon Abatti,8702,Internacional,9769,Gremio,0,1,0,42,58,16,10,2,2,9,5,5,3,2,0,9,7,7,3,4,5,1,1,1,1,20,17,11,12,2,3,0,0,0,1,21,16,12,8,3,6,36,13,2,1,61,63,40.0,40.0,21.0,23.0,10.0,13.0,362,498,281.0,393.0,143,173,138,220,15.0,36.0,3.0,8.0,1.14,0.51,0.92,0.44,0.22,0.07,1.14,0.51,0.02,0.53,1,0,3,4,5,3,7,0,0,3,0.1654,0.0,0.1757,0.167,0.4539,0.2981,0.3504,0.0,0.0,0.0494,13,5,0,2,3,1,0,2,0,0,0.9237,0.346,0.0,0.0945,0.2217,0.0094,0.0,0.0646,0.0,0.0,16,10,18.21,18.84
4436268,2024-06-23,bra,2024,Brasileirao,11,Felipe Fernandes de Lima,10273,Athletico Paranaense,9808,Corinthians,1,1,1,54,46,20,15,7,6,8,7,5,2,2,1,12,4,8,11,11,2,2,1,2,0,25,11,19,12,2,1,0,0,1,1,14,14,7,11,2,5,17,32,5,7,48,58,34.0,41.0,14.0,17.0,8.0,8.0,372,318,310.0,264.0,127,152,183,112,27.0,20.0,7.0,1.0,1.42,1.18,0.94,0.24,0.49,0.94,1.42,1.18,,,1,0,8,2,3,2,6,4,2,7,0.5098,0.0,0.398,0.8737,0.1131,0.0508,0.2336,0.1038,0.1671,0.1804,10,9,1,1,2,1,7,4,0,0,0.8781,0.2058,0.0585,0.0302,0.0301,0.0229,0.4549,0.9498,0.0,0.0,20,15,18.34,24.67
4436268,2024-06-23,bra,2024,Brasileirao,11,Felipe Fernandes de Lima,9808,Corinthians,10273,Athletico Paranaense,0,1,1,46,54,15,20,6,7,7,8,2,5,1,2,4,12,11,8,2,11,1,2,0,2,11,25,12,19,1,2,0,0,1,1,14,14,11,7,5,2,32,17,7,5,58,48,41.0,34.0,17.0,14.0,8.0,8.0,318,372,264.0,310.0,152,127,112,183,20.0,27.0,1.0,7.0,1.18,1.42,0.24,0.94,0.94,0.49,1.18,1.42,,,0,1,2,8,2,3,4,6,7,2,0.0,0.5098,0.8737,0.398,0.0508,0.1131,0.1038,0.2336,0.1804,0.1671,9,10,1,1,1,2,4,7,0,0,0.2058,0.8781,0.0302,0.0585,0.0229,0.0301,0.9498,0.4549,0.0,0.0,15,20,24.67,18.34
4436269,2024-06-23,bra,2024,Brasileirao,11,Jonathan Benkenstein Pinheiro,109705,Red Bull Bragantino,7733,Vitoria,1,2,1,64,36,16,10,6,5,7,3,3,2,0,0,9,8,7,2,6,7,2,0,1,0,25,27,10,11,3,2,0,0,2,4,18,14,8,6,2,3,16,23,4,4,49,57,33.0,28.0,16.0,29.0,5.0,5.0,554,305,476.0,228.0,202,146,274,82,24.0,29.0,4.0,8.0,1.47,0.68,1.38,0.53,0.08,0.14,1.47,0.68,1.72,1.44,1,0,8,7,0,1,4,1,3,1,0.2924,0.0,1.0983,0.6067,0.0,0.0195,0.0843,0.0176,0.0411,0.0354,13,5,0,0,2,3,1,2,0,0,1.4334,0.5346,0.0,0.0,0.0514,0.0897,0.0314,0.0549,0.0,0.0,16,10,18.78,16.59
4436269,2024-06-23,bra,2024,Brasileirao,11,Jonathan Benkenstein Pinheiro,7733,Vitoria,109705,Red Bull Bragantino,0,1,2,36,64,10,16,5,6,3,7,2,3,0,0,8,9,2,7,7,6,0,2,0,1,27,25,11,10,2,3,0,0,4,2,14,18,6,8,3,2,23,16,4,4,57,49,28.0,33.0,29.0,16.0,5.0,5.0,305,554,228.0,476.0,146,202,82,274,29.0,24.0,8.0,4.0,0.68,1.47,0.53,1.38,0.14,0.08,0.68,1.47,1.44,1.72,0,1,7,8,1,0,1,4,1,3,0.0,0.2924,0.6067,1.0983,0.0195,0.0,0.0176,0.0843,0.0354,0.0411,5,13,0,0,3,2,2,1,0,0,0.5346,1.4334,0.0,0.0,0.0897,0.0514,0.0549,0.0314,0.0,0.0,10,16,16.59,18.78
4436270,2024-06-23,bra,2024,Brasileirao,11,Davi de Oliveira Lacerda,10283,Palmeiras,10274,Juventude,1,3,1,56,44,28,16,10,8,12,6,6,2,2,0,15,10,13,6,10,4,5,2,2,1,36,17,14,7,2,3,0,0,3,0,11,26,17,13,2,6,19,40,7,7,43,60,24.0,46.0,19.0,14.0,7.0,8.0,424,333,348.0,261.0,132,168,216,93,45.0,29.0,11.0,4.0,2.88,1.37,2.63,0.7,0.25,0.68,2.88,1.37,,,1,2,10,4,4,4,9,6,4,0,0.9638,0.6019,1.0551,0.5019,0.3783,0.1318,0.364,0.1914,0.1307,0.0,19,10,3,1,5,2,1,3,0,0,2.1763,0.723,0.4607,0.0266,0.2465,0.0959,0.0084,0.5814,0.0,0.0,28,16,16.84,17.49
4436270,2024-06-23,bra,2024,Brasileirao,11,Davi de Oliveira Lacerda,10274,Juventude,10283,Palmeiras,0,1,3,44,56,16,28,8,10,6,12,2,6,0,2,10,15,6,13,4,10,2,5,1,2,17,36,7,14,3,2,0,0,0,3,26,11,13,17,6,2,40,19,7,7,60,43,46.0,24.0,14.0,19.0,8.0,7.0,333,424,261.0,348.0,168,132,93,216,29.0,45.0,4.0,11.0,1.37,2.88,0.7,2.63,0.68,0.25,1.37,2.88,,,2,1,4,10,4,4,6,9,0,4,0.6019,0.9638,0.5019,1.0551,0.1318,0.3783,0.1914,0.364,0.0,0.1307,10,19,1,3,2,5,3,1,0,0,0.723,2.1763,0.0266,0.4607,0.0959,0.2465,0.5814,0.0084,0.0,0.0,16,28,17.49,16.84
4436271,2024-06-23,bra,2024,Brasileirao,11,Caio Max Augusto Vieira,10276,Vasco da Gama,10277,Sao Paulo,1,4,1,41,59,14,10,7,2,6,3,1,5,0,0,12,7,2,3,2,8,0,0,0,0,17,21,13,14,3,1,0,0,0,1,30,18,6,5,5,1,25,24,1,4,63,60,48.0,43.0,15.0,17.0,5.0,12.0,344,490,279.0,430.0,121,237,158,193,25.0,29.0,4.0,5.0,1.3,0.36,1.3,0.32,0.0,0.04,1.3,0.36,,,1,1,6,4,5,2,2,1,0,2,0.2331,0.0404,0.7249,0.2105,0.2785,0.0456,0.062,0.0263,0.0,0.0362,10,8,4,0,0,2,0,0,0,0,0.6783,0.3233,0.6202,0.0,0.0,0.0358,0.0,0.0,0.0,0.0,14,10,14.18,18.05
4436271,2024-06-23,bra,2024,Brasileirao,11,Caio Max Augusto Vieira,10277,Sao Paulo,10276,Vasco da Gama,0,1,4,59,41,10,14,2,7,3,6,5,1,0,0,7,12,3,2,8,2,0,0,0,0,21,17,14,13,1,3,0,0,1,0,18,30,5,6,1,5,24,25,4,1,60,63,43.0,48.0,17.0,15.0,12.0,5.0,490,344,430.0,279.0,237,121,193,158,29.0,25.0,5.0,4.0,0.36,1.3,0.32,1.3,0.04,0.0,0.36,1.3,,,1,1,4,6,2,5,1,2,2,0,0.0404,0.2331,0.2105,0.7249,0.0456,0.2785,0.0263,0.062,0.0362,0.0,8,10,0,4,2,0,0,0,0,0,0.3233,0.6783,0.0,0.6202,0.0358,0.0,0.0,0.0,0.0,0.0,10,14,18.05,14.18
4436272,2024-06-23,bra,2024,Brasileirao,11,Rafael Rodrigo Klein,9863,Fluminense,9770,Flamengo,1,0,1,54,46,2,14,0,4,2,8,0,2,0,0,1,8,1,6,2,6,0,5,0,4,5,34,16,13,2,3,1,0,4,0,19,26,11,12,2,0,22,10,3,0,52,63,36.0,53.0,16.0,10.0,6.0,11.0,468,382,391.0,307.0,247,157,144,150,11.0,20.0,2.0,2.0,0.26,2.0,0.03,1.11,0.22,0.11,0.26,1.21,0.0,2.28,1,2,0,5,0,1,1,4,0,2,0.2243,0.3901,0.0,1.3434,0.0,0.0514,0.0312,0.172,0.0,0.0446,1,11,0,1,0,1,1,0,0,1,0.0312,1.0372,0.0,0.069,0.0,0.107,0.2243,0.0,0.0,0.7884,2,14,16.41,17.43
4436272,2024-06-23,bra,2024,Brasileirao,11,Rafael Rodrigo Klein,9770,Flamengo,9863,Fluminense,0,1,0,46,54,14,2,4,0,8,2,2,0,0,0,8,1,6,1,6,2,5,0,4,0,34,5,13,16,3,2,0,1,0,4,26,19,12,11,0,2,10,22,0,3,63,52,53.0,36.0,10.0,16.0,11.0,6.0,382,468,307.0,391.0,157,247,150,144,20.0,11.0,2.0,2.0,2.0,0.26,1.11,0.03,0.11,0.22,1.21,0.26,2.28,0.0,2,1,5,0,1,0,4,1,2,0,0.3901,0.2243,1.3434,0.0,0.0514,0.0,0.172,0.0312,0.0446,0.0,11,1,1,0,1,0,0,1,1,0,1.0372,0.0312,0.069,0.0,0.107,0.0,0.0,0.2243,0.7884,0.0,14,2,17.43,16.41
4436273,2024-06-23,bra,2024,Brasileirao,11,Paulo Belence Alves dos Prazeres Filho,7877,Bahia,9781,Cruzeiro,1,4,1,64,36,14,7,6,1,3,5,5,1,1,0,7,3,7,4,3,1,5,1,1,0,27,12,6,13,0,3,0,1,4,4,16,20,4,7,1,5,6,26,0,2,51,42,41.0,35.0,10.0,7.0,12.0,12.0,647,380,589.0,314.0,261,191,328,123,39.0,26.0,5.0,0.0,2.72,0.7,1.74,0.7,0.98,0.0,2.72,0.7,3.99,0.91,1,0,4,2,2,1,5,4,2,0,0.9799,0.0,1.381,0.5001,0.1903,0.0231,0.1467,0.1799,0.0265,0.0,11,5,2,2,0,0,1,0,0,0,0.8974,0.6345,0.847,0.0686,0.0,0.0,0.9799,0.0,0.0,0.0,14,7,19.97,19.22
4436273,2024-06-23,bra,2024,Brasileirao,11,Paulo Belence Alves dos Prazeres Filho,9781,Cruzeiro,7877,Bahia,0,1,4,36,64,7,14,1,6,5,3,1,5,0,1,3,7,4,7,1,3,1,5,0,1,12,27,13,6,3,0,1,0,4,4,20,16,7,4,5,1,26,6,2,0,42,51,35.0,41.0,7.0,10.0,12.0,12.0,380,647,314.0,589.0,191,261,123,328,26.0,39.0,0.0,5.0,0.7,2.72,0.7,1.74,0.0,0.98,0.7,2.72,0.91,3.99,0,1,2,4,1,2,4,5,0,2,0.0,0.9799,0.5001,1.381,0.0231,0.1903,0.1799,0.1467,0.0,0.0265,5,11,2,2,0,0,0,1,0,0,0.6345,0.8974,0.0686,0.847,0.0,0.0,0.0,0.9799,0.0,0.0,7,14,19.22,19.97
4436274,2024-06-23,bra,2024,Brasileirao,11,Flavio Rodrigues De Souza,10272,Atletico MG,8287,Fortaleza,1,1,1,67,33,21,13,8,3,5,7,8,3,1,1,11,10,10,3,3,4,0,5,0,5,23,15,15,17,3,2,0,0,1,0,22,19,5,7,3,8,9,33,2,7,69,54,46.0,40.0,23.0,14.0,8.0,7.0,514,255,439.0,172.0,206,98,233,74,22.0,19.0,6.0,2.0,0.9,1.29,0.67,0.88,0.22,0.41,0.9,1.29,,,3,2,5,4,3,4,1,2,9,1,0.3673,0.1346,0.1734,0.6827,0.1637,0.2635,0.0325,0.1976,0.1586,0.0112,13,5,0,2,2,0,6,6,0,0,0.6708,0.804,0.0,0.0802,0.0662,0.0,0.1586,0.4053,0.0,0.0,21,13,20.97,15.16
4436274,2024-06-23,bra,2024,Brasileirao,11,Flavio Rodrigues De Souza,8287,Fortaleza,10272,Atletico MG,0,1,1,33,67,13,21,3,8,7,5,3,8,1,1,10,11,3,10,4,3,5,0,5,0,15,23,17,15,2,3,0,0,0,1,19,22,7,5,8,3,33,9,7,2,54,69,40.0,46.0,14.0,23.0,7.0,8.0,255,514,172.0,439.0,98,206,74,233,19.0,22.0,2.0,6.0,1.29,0.9,0.88,0.67,0.41,0.22,1.29,0.9,,,2,3,4,5,4,3,2,1,1,9,0.1346,0.3673,0.6827,0.1734,0.2635,0.1637,0.1976,0.0325,0.0112,0.1586,5,13,2,0,0,2,6,6,0,0,0.804,0.6708,0.0802,0.0,0.0,0.0662,0.4053,0.1586,0.0,0.0,13,21,15.16,20.97
4436298,2024-06-26,bra,2024,Brasileirao,12,,9781,Cruzeiro,10273,Athletico Paranaense,1,2,0,49,51,22,14,7,3,8,6,7,5,0,0,10,10,12,4,7,12,3,0,1,0,27,26,8,6,2,2,0,0,1,0,25,20,4,11,5,7,33,19,3,5,53,53,41.0,39.0,12.0,14.0,10.0,12.0,448,448,383.0,381.0,168,225,215,156,22.0,33.0,1.0,10.0,1.88,0.67,1.81,0.26,0.07,0.41,1.88,0.67,1.84,0.04,1,0,7,8,2,2,5,3,7,1,0.6454,0.0,0.9278,0.4467,0.1506,0.07,0.2583,0.1427,0.1426,0.0122,21,6,0,0,0,8,1,0,0,0,2.0535,0.2635,0.0,0.0,0.0,0.4082,0.0713,0.0,0.0,0.0,22,14,20.61,15.17
4436298,2024-06-26,bra,2024,Brasileirao,12,,10273,Athletico Paranaense,9781,Cruzeiro,0,0,2,51,49,14,22,3,7,6,8,5,7,0,0,10,10,4,12,12,7,0,3,0,1,26,27,6,8,2,2,0,0,0,1,20,25,11,4,7,5,19,33,5,3,53,53,39.0,41.0,14.0,12.0,12.0,10.0,448,448,381.0,383.0,225,168,156,215,33.0,22.0,10.0,1.0,0.67,1.88,0.26,1.81,0.41,0.07,0.67,1.88,0.04,1.84,0,1,8,7,2,2,3,5,1,7,0.0,0.6454,0.4467,0.9278,0.07,0.1506,0.1427,0.2583,0.0122,0.1426,6,21,0,0,8,0,0,1,0,0,0.2635,2.0535,0.0,0.0,0.4082,0.0,0.0,0.0713,0.0,0.0,14,22,15.17,20.61
4436299,2024-06-26,bra,2024,Brasileirao,12,Matheus Delgado Candançan,10274,Juventude,9770,Flamengo,1,2,1,52,48,15,9,8,5,6,2,1,2,0,1,12,8,3,1,7,8,5,3,3,2,21,17,9,10,2,1,0,0,4,2,21,10,6,9,2,1,24,13,4,7,48,38,35.0,32.0,13.0,6.0,4.0,13.0,504,458,437.0,387.0,260,198,177,189,21.0,28.0,10.0,5.0,2.45,1.63,1.21,1.54,1.24,0.09,2.45,1.63,3.57,1.87,2,1,7,5,3,2,1,1,2,0,0.9913,0.9015,1.2207,0.6216,0.1741,0.0619,0.0262,0.0491,0.0358,0.0,10,6,0,0,3,3,2,0,0,0,1.2079,1.5444,0.0,0.0,1.026,0.0897,0.2142,0.0,0.0,0.0,15,9,14.4,12.38
4436299,2024-06-26,bra,2024,Brasileirao,12,Matheus Delgado Candançan,9770,Flamengo,10274,Juventude,0,1,2,48,52,9,15,5,8,2,6,2,1,1,0,8,12,1,3,8,7,3,5,2,3,17,21,10,9,1,2,0,0,2,4,10,21,9,6,1,2,13,24,7,4,38,48,32.0,35.0,6.0,13.0,13.0,4.0,458,504,387.0,437.0,198,260,189,177,28.0,21.0,5.0,10.0,1.63,2.45,1.54,1.21,0.09,1.24,1.63,2.45,1.87,3.57,1,2,5,7,2,3,1,1,0,2,0.9015,0.9913,0.6216,1.2207,0.0619,0.1741,0.0491,0.0262,0.0,0.0358,6,10,0,0,3,3,0,2,0,0,1.5444,1.2079,0.0,0.0,0.0897,1.026,0.0,0.2142,0.0,0.0,9,15,12.38,14.4
4436300,2024-06-26,bra,2024,Brasileirao,12,Bruno Arleu de Araujo,165545,Atletico GO,9769,Gremio,1,1,1,49,51,16,11,5,4,8,5,3,2,0,0,10,6,6,5,5,8,3,0,2,0,31,25,13,11,7,4,0,0,2,0,25,15,8,6,2,3,20,26,3,4,59,48,40.0,32.0,19.0,16.0,6.0,5.0,399,408,325.0,342.0,123,161,202,181,29.0,25.0,6.0,5.0,1.69,0.45,0.77,0.32,0.92,0.13,1.69,0.45,1.25,0.93,1,0,6,5,3,1,4,2,2,3,0.6655,0.0,0.6444,0.2675,0.1123,0.0321,0.2397,0.0765,0.0264,0.0733,10,5,1,1,4,4,1,1,0,0,0.6488,0.2688,0.1178,0.0507,0.2563,0.1008,0.6655,0.0291,0.0,0.0,16,11,17.96,19.26
4436300,2024-06-26,bra,2024,Brasileirao,12,Bruno Arleu de Araujo,9769,Gremio,165545,Atletico GO,0,1,1,51,49,11,16,4,5,5,8,2,3,0,0,6,10,5,6,8,5,0,3,0,2,25,31,11,13,4,7,0,0,0,2,15,25,6,8,3,2,26,20,4,3,48,59,32.0,40.0,16.0,19.0,5.0,6.0,408,399,342.0,325.0,161,123,181,202,25.0,29.0,5.0,6.0,0.45,1.69,0.32,0.77,0.13,0.92,0.45,1.69,0.93,1.25,0,1,5,6,1,3,2,4,3,2,0.0,0.6655,0.2675,0.6444,0.0321,0.1123,0.0765,0.2397,0.0733,0.0264,5,10,1,1,4,4,1,1,0,0,0.2688,0.6488,0.0507,0.1178,0.1008,0.2563,0.0291,0.6655,0.0,0.0,11,16,19.26,17.96
4436303,2024-06-26,bra,2024,Brasileirao,12,Fabio Augusto Santos Sá Junior,9808,Corinthians,197815,Cuiaba,1,1,1,66,34,24,13,7,4,9,3,8,6,1,0,14,8,10,5,13,1,0,2,0,1,31,16,10,13,3,4,0,0,2,1,19,18,11,11,6,7,12,44,3,6,56,57,38.0,36.0,18.0,21.0,7.0,9.0,481,272,413.0,209.0,139,101,274,108,37.0,29.0,10.0,3.0,1.13,1.68,0.94,0.61,0.19,0.28,1.13,0.89,1.26,1.8,1,2,8,3,5,3,9,0,1,5,0.114,0.4536,0.4977,0.9801,0.2819,0.1859,0.2156,0.0,0.0207,0.0775,19,10,1,1,2,1,2,0,0,1,0.9132,0.6095,0.0255,0.0161,0.1088,0.283,0.0824,0.0,0.0,0.7884,24,13,19.38,19.19
4436303,2024-06-26,bra,2024,Brasileirao,12,Fabio Augusto Santos Sá Junior,197815,Cuiaba,9808,Corinthians,0,1,1,34,66,13,24,4,7,3,9,6,8,0,1,8,14,5,10,1,13,2,0,1,0,16,31,13,10,4,3,0,0,1,2,18,19,11,11,7,6,44,12,6,3,57,56,36.0,38.0,21.0,18.0,9.0,7.0,272,481,209.0,413.0,101,139,108,274,29.0,37.0,3.0,10.0,1.68,1.13,0.61,0.94,0.28,0.19,0.89,1.13,1.8,1.26,2,1,3,8,3,5,0,9,5,1,0.4536,0.114,0.9801,0.4977,0.1859,0.2819,0.0,0.2156,0.0775,0.0207,10,19,1,1,1,2,0,2,1,0,0.6095,0.9132,0.0161,0.0255,0.283,0.1088,0.0,0.0824,0.7884,0.0,13,24,19.19,19.38
4436304,2024-06-26,bra,2024,Brasileirao,12,,8517,Botafogo RJ,109705,Red Bull Bragantino,1,2,1,49,51,12,13,4,6,7,4,1,3,0,0,2,7,10,6,7,4,1,5,1,4,16,15,13,12,2,3,0,0,1,1,15,14,12,5,3,1,19,23,5,2,54,55,30.0,33.0,24.0,22.0,3.0,7.0,410,426,322.0,346.0,171,184,151,162,36.0,33.0,3.0,3.0,0.55,1.49,0.36,1.31,0.19,0.18,0.55,1.49,0.75,2.17,0,1,3,6,0,0,4,4,5,2,0.0,0.1933,0.2563,1.1166,0.0,0.0,0.1772,0.1242,0.1199,0.0605,9,10,0,1,2,1,1,1,0,0,0.379,1.2764,0.0,0.0385,0.1647,0.1565,0.0097,0.0232,0.0,0.0,12,13,21.94,20.66
4436304,2024-06-26,bra,2024,Brasileirao,12,,109705,Red Bull Bragantino,8517,Botafogo RJ,0,1,2,51,49,13,12,6,4,4,7,3,1,0,0,7,2,6,10,4,7,5,1,4,1,15,16,12,13,3,2,0,0,1,1,14,15,5,12,1,3,23,19,2,5,55,54,33.0,30.0,22.0,24.0,7.0,3.0,426,410,346.0,322.0,184,171,162,151,33.0,36.0,3.0,3.0,1.49,0.55,1.31,0.36,0.18,0.19,1.49,0.55,2.17,0.75,1,0,6,3,0,0,4,4,2,5,0.1933,0.0,1.1166,0.2563,0.0,0.0,0.1242,0.1772,0.0605,0.1199,10,9,1,0,1,2,1,1,0,0,1.2764,0.379,0.0385,0.0,0.1565,0.1647,0.0232,0.0097,0.0,0.0,13,12,20.66,21.94
4436265,2024-06-27,bra,2024,Brasileirao,12,Luiz Flávio de Oliveira,8702,Internacional,10272,Atletico MG,1,1,2,46,54,13,15,6,5,3,5,4,5,0,0,8,6,5,9,5,9,4,2,3,1,30,17,17,10,4,4,0,0,3,0,20,20,13,11,5,3,15,29,3,6,57,60,44.0,51.0,13.0,9.0,14.0,15.0,414,488,346.0,416.0,135,226,211,190,12.0,40.0,5.0,7.0,1.72,1.4,0.67,0.78,0.26,0.62,0.93,1.4,,,0,1,8,4,0,1,5,6,0,3,0.0,0.4141,2.1043,0.2596,0.0,0.3616,0.1116,0.275,0.0,0.0876,6,5,0,2,4,4,2,4,1,0,0.6731,0.2941,0.0,0.4862,0.1252,0.5166,0.6291,0.1012,0.7884,0.0,13,15,15.36,19.29
4436265,2024-06-27,bra,2024,Brasileirao,12,Luiz Flávio de Oliveira,10272,Atletico MG,8702,Internacional,0,2,1,54,46,15,13,5,6,5,3,5,4,0,0,6,8,9,5,9,5,2,4,1,3,17,30,10,17,4,4,0,0,0,3,20,20,11,13,3,5,29,15,6,3,60,57,51.0,44.0,9.0,13.0,15.0,14.0,488,414,416.0,346.0,226,135,190,211,40.0,12.0,7.0,5.0,1.4,1.72,0.78,0.67,0.62,0.26,1.4,0.93,,,1,0,4,8,1,0,6,5,3,0,0.4141,0.0,0.2596,2.1043,0.3616,0.0,0.275,0.1116,0.0876,0.0,5,6,2,0,4,4,4,2,0,1,0.2941,0.6731,0.4862,0.0,0.5166,0.1252,0.1012,0.6291,0.0,0.7884,15,13,19.29,15.36
4436301,2024-06-27,bra,2024,Brasileirao,12,Alex Gomes Stefano,8287,Fortaleza,10283,Palmeiras,1,3,0,32,68,12,17,6,7,2,6,4,4,0,0,7,9,5,8,3,8,3,1,2,1,13,23,17,11,2,2,0,0,0,2,12,16,14,7,4,3,34,13,7,3,50,56,33.0,41.0,17.0,15.0,13.0,8.0,251,530,169.0,438.0,77,185,92,253,30.0,28.0,2.0,9.0,1.02,1.2,0.63,0.98,0.39,0.22,1.02,1.2,2.27,1.79,1,0,4,8,2,1,3,6,2,2,0.2203,0.0,0.362,0.954,0.1901,0.0202,0.2065,0.1595,0.041,0.0659,6,11,1,0,3,4,2,2,0,0,0.5062,0.9793,0.1253,0.0,0.2561,0.1514,0.1323,0.069,0.0,0.0,12,17,17.33,18.56
4436301,2024-06-27,bra,2024,Brasileirao,12,Alex Gomes Stefano,10283,Palmeiras,8287,Fortaleza,0,0,3,68,32,17,12,7,6,6,2,4,4,0,0,9,7,8,5,8,3,1,3,1,2,23,13,11,17,2,2,0,0,2,0,16,12,7,14,3,4,13,34,3,7,56,50,41.0,33.0,15.0,17.0,8.0,13.0,530,251,438.0,169.0,185,77,253,92,28.0,30.0,9.0,2.0,1.2,1.02,0.98,0.63,0.22,0.39,1.2,1.02,1.79,2.27,0,1,8,4,1,2,6,3,2,2,0.0,0.2203,0.954,0.362,0.0202,0.1901,0.1595,0.2065,0.0659,0.041,11,6,0,1,4,3,2,2,0,0,0.9793,0.5062,0.0,0.1253,0.1514,0.2561,0.069,0.1323,0.0,0.0,17,12,18.56,17.33
4436302,2024-06-27,bra,2024,Brasileirao,12,Bruno Pereira Vasconcelos,10277,Sao Paulo,7729,Criciuma,1,2,1,62,38,13,10,6,2,4,6,3,2,0,0,4,5,9,5,2,2,0,4,0,3,10,14,10,22,2,4,0,0,1,0,10,14,9,2,3,3,15,18,0,4,52,35,42.0,25.0,10.0,10.0,11.0,2.0,594,351,535.0,289.0,336,134,199,155,41.0,26.0,2.0,1.0,0.47,1.48,0.37,1.41,0.1,0.06,0.47,1.48,1.46,0.24,0,1,3,3,1,1,7,4,2,1,0.0,0.4016,0.1452,0.4121,0.0348,0.0224,0.2113,0.3351,0.0473,0.0113,10,7,0,0,1,2,2,1,0,0,0.3086,1.1066,0.0,0.0,0.0434,0.0647,0.0866,0.0113,0.0,0.0,13,10,23.18,22.33
4436302,2024-06-27,bra,2024,Brasileirao,12,Bruno Pereira Vasconcelos,7729,Criciuma,10277,Sao Paulo,0,1,2,38,62,10,13,2,6,6,4,2,3,0,0,5,4,5,9,2,2,4,0,3,0,14,10,22,10,4,2,0,0,0,1,14,10,2,9,3,3,18,15,4,0,35,52,25.0,42.0,10.0,10.0,2.0,11.0,351,594,289.0,535.0,134,336,155,199,26.0,41.0,1.0,2.0,1.48,0.47,1.41,0.37,0.06,0.1,1.48,0.47,0.24,1.46,1,0,3,3,1,1,4,7,1,2,0.4016,0.0,0.4121,0.1452,0.0224,0.0348,0.3351,0.2113,0.0113,0.0473,7,10,0,0,2,1,1,2,0,0,1.1066,0.3086,0.0,0.0,0.0647,0.0434,0.0113,0.0866,0.0,0.0,10,13,22.33,23.18
4436305,2024-06-27,bra,2024,Brasileirao,12,Flavio Rodrigues De Souza,9863,Fluminense,7733,Vitoria,1,0,1,64,36,12,9,5,6,4,1,3,2,0,0,6,5,6,4,6,2,0,3,0,2,18,15,14,12,3,1,0,0,2,0,17,19,10,13,2,3,15,26,5,5,46,55,34.0,44.0,12.0,11.0,6.0,11.0,645,370,575.0,291.0,323,185,252,106,18.0,20.0,7.0,5.0,0.34,0.46,0.27,0.21,0.07,0.26,0.34,0.46,1.25,1.2,0,0,4,3,2,2,2,2,4,2,0.0,0.0,0.1787,0.2741,0.0713,0.1259,0.0315,0.0301,0.0568,0.0343,9,5,0,1,3,1,0,2,0,0,0.2727,0.1104,0.0,0.0989,0.0656,0.0118,0.0,0.2433,0.0,0.0,12,9,20.86,20.66
4436305,2024-06-27,bra,2024,Brasileirao,12,Flavio Rodrigues De Souza,7733,Vitoria,9863,Fluminense,0,1,0,36,64,9,12,6,5,1,4,2,3,0,0,5,6,4,6,2,6,3,0,2,0,15,18,12,14,1,3,0,0,0,2,19,17,13,10,3,2,26,15,5,5,55,46,44.0,34.0,11.0,12.0,11.0,6.0,370,645,291.0,575.0,185,323,106,252,20.0,18.0,5.0,7.0,0.46,0.34,0.21,0.27,0.26,0.07,0.46,0.34,1.2,1.25,0,0,3,4,2,2,2,2,2,4,0.0,0.0,0.2741,0.1787,0.1259,0.0713,0.0301,0.0315,0.0343,0.0568,5,9,1,0,1,3,2,0,0,0,0.1104,0.2727,0.0989,0.0,0.0118,0.0656,0.2433,0.0,0.0,0.0,9,12,20.66,20.86
4436306,2024-06-27,bra,2024,Brasileirao,12,João Vitor Gobi,7877,Bahia,10276,Vasco da Gama,1,2,1,63,37,17,9,8,3,6,6,3,0,2,0,10,6,7,3,7,0,4,2,3,1,22,14,14,15,0,3,0,1,4,1,17,15,11,5,0,3,5,24,2,6,45,46,37.0,35.0,8.0,11.0,7.0,8.0,601,362,558.0,309.0,224,193,334,116,25.0,31.0,7.0,2.0,2.48,1.84,2.18,1.65,0.3,0.2,2.48,1.84,2.74,1.85,4,1,6,4,0,1,4,1,3,2,0.9635,0.9432,1.1497,0.7122,0.0,0.0547,0.2073,0.0306,0.081,0.0831,13,8,0,1,2,0,2,0,0,0,2.1047,1.4474,0.0,0.3765,0.0851,0.0,0.2118,0.0,0.0,0.0,17,9,15.58,16.08
4436306,2024-06-27,bra,2024,Brasileirao,12,João Vitor Gobi,10276,Vasco da Gama,7877,Bahia,0,1,2,37,63,9,17,3,8,6,6,0,3,0,2,6,10,3,7,0,7,2,4,1,3,14,22,15,14,3,0,1,0,1,4,15,17,5,11,3,0,24,5,6,2,46,45,35.0,37.0,11.0,8.0,8.0,7.0,362,601,309.0,558.0,193,224,116,334,31.0,25.0,2.0,7.0,1.84,2.48,1.65,2.18,0.2,0.3,1.84,2.48,1.85,2.74,1,4,4,6,1,0,1,4,2,3,0.9432,0.9635,0.7122,1.1497,0.0547,0.0,0.0306,0.2073,0.0831,0.081,8,13,1,0,0,2,0,2,0,0,1.4474,2.1047,0.3765,0.0,0.0,0.0851,0.0,0.2118,0.0,0.0,9,17,16.08,15.58
4436290,2024-06-29,bra,2024,Brasileirao,13,,197815,Cuiaba,109705,Red Bull Bragantino,1,1,1,34,66,5,14,2,5,3,5,0,4,0,0,3,4,2,10,3,11,0,0,0,0,8,11,13,16,4,2,1,0,2,2,15,16,6,10,4,0,30,14,4,1,64,41,39.0,29.0,25.0,12.0,9.0,3.0,270,530,197.0,464.0,116,190,81,274,18.0,54.0,3.0,4.0,0.25,0.32,0.24,0.21,0.01,0.11,0.25,0.32,0.39,1.2,0,0,2,3,1,2,1,7,1,3,0.0,0.0,0.2448,0.0979,0.028,0.0592,0.0386,0.1746,0.0078,0.0751,4,8,0,1,1,5,0,1,0,0,0.3114,0.1908,0.0,0.0314,0.0078,0.1523,0.0,0.0323,0.0,0.0,5,15,20.57,23.73
4436290,2024-06-29,bra,2024,Brasileirao,13,,109705,Red Bull Bragantino,197815,Cuiaba,0,1,1,66,34,14,5,5,2,5,3,4,0,0,0,4,3,10,2,11,3,0,0,0,0,11,8,16,13,2,4,0,1,2,2,16,15,10,6,0,4,14,30,1,4,41,64,29.0,39.0,12.0,25.0,3.0,9.0,530,270,464.0,197.0,190,116,274,81,54.0,18.0,4.0,3.0,0.32,0.25,0.21,0.24,0.11,0.01,0.32,0.25,1.2,0.39,0,0,3,2,2,1,7,1,3,1,0.0,0.0,0.0979,0.2448,0.0592,0.028,0.1746,0.0386,0.0751,0.0078,8,4,1,0,5,1,1,0,0,0,0.1908,0.3114,0.0314,0.0,0.1523,0.0078,0.0323,0.0,0.0,0.0,15,5,23.73,20.57
4436294,2024-06-29,bra,2024,Brasileirao,13,,10276,Vasco da Gama,8517,Botafogo RJ,1,1,1,54,46,10,13,2,6,6,4,2,3,0,0,7,6,3,7,0,5,0,1,0,1,10,13,13,23,4,5,0,0,0,0,15,20,8,7,3,2,30,14,5,1,58,53,36.0,38.0,22.0,15.0,4.0,8.0,439,370,371.0,298.0,192,157,179,141,25.0,16.0,6.0,5.0,0.46,0.4,0.4,0.16,0.06,0.24,0.46,0.4,,,1,0,5,3,1,3,3,3,0,4,0.0918,0.0,0.2166,0.0694,0.0552,0.0787,0.0923,0.0886,0.0,0.1617,8,8,0,0,0,3,2,2,0,0,0.3955,0.2175,0.0,0.0,0.0,0.1092,0.0604,0.0718,0.0,0.0,10,13,14.77,19.94
4436294,2024-06-29,bra,2024,Brasileirao,13,,8517,Botafogo RJ,10276,Vasco da Gama,0,1,1,46,54,13,10,6,2,4,6,3,2,0,0,6,7,7,3,5,0,1,0,1,0,13,10,23,13,5,4,0,0,0,0,20,15,7,8,2,3,14,30,1,5,53,58,38.0,36.0,15.0,22.0,8.0,4.0,370,439,298.0,371.0,157,192,141,179,16.0,25.0,5.0,6.0,0.4,0.46,0.16,0.4,0.24,0.06,0.4,0.46,,,0,1,3,5,3,1,3,3,4,0,0.0,0.0918,0.0694,0.2166,0.0787,0.0552,0.0886,0.0923,0.1617,0.0,8,8,0,0,3,0,2,2,0,0,0.2175,0.3955,0.0,0.0,0.1092,0.0,0.0718,0.0604,0.0,0.0,13,10,19.94,14.77
4436289,2024-06-30,bra,2024,Brasileirao,13,Paulo Cesar Zanovelli da Silva,9769,Gremio,9863,Fluminense,1,1,0,47,53,16,8,9,3,4,3,3,2,0,0,9,3,7,5,6,1,1,0,0,0,28,13,13,14,2,1,0,1,0,1,22,17,4,15,2,3,11,18,3,8,59,47,49.0,36.0,10.0,11.0,14.0,6.0,424,488,347.0,419.0,142,247,205,172,25.0,22.0,6.0,1.0,1.05,0.5,0.86,0.19,0.19,0.31,1.05,0.5,1.96,0.27,2,0,2,2,5,1,6,2,1,3,0.4559,0.0,0.1439,0.1925,0.2081,0.0385,0.2182,0.1906,0.0236,0.0788,12,4,1,0,1,1,2,3,0,0,0.7359,0.1923,0.1227,0.0,0.0212,0.0385,0.1699,0.2697,0.0,0.0,16,8,19.0,20.08
4436289,2024-06-30,bra,2024,Brasileirao,13,Paulo Cesar Zanovelli da Silva,9863,Fluminense,9769,Gremio,0,0,1,53,47,8,16,3,9,3,4,2,3,0,0,3,9,5,7,1,6,0,1,0,0,13,28,14,13,1,2,1,0,1,0,17,22,15,4,3,2,18,11,8,3,47,59,36.0,49.0,11.0,10.0,6.0,14.0,488,424,419.0,347.0,247,142,172,205,22.0,25.0,1.0,6.0,0.5,1.05,0.19,0.86,0.31,0.19,0.5,1.05,0.27,1.96,0,2,2,2,1,5,2,6,3,1,0.0,0.4559,0.1925,0.1439,0.0385,0.2081,0.1906,0.2182,0.0788,0.0236,4,12,0,1,1,1,3,2,0,0,0.1923,0.7359,0.0,0.1227,0.0385,0.0212,0.2697,0.1699,0.0,0.0,8,16,20.08,19.0
4436291,2024-06-30,bra,2024,Brasileirao,13,Rodrigo José Pereira de Lima,8287,Fortaleza,10274,Juventude,1,2,1,38,62,19,12,7,3,6,7,6,2,1,0,14,6,5,6,7,5,7,1,5,0,23,22,22,16,2,0,0,0,0,0,13,11,8,2,2,6,27,30,2,5,52,53,35.0,41.0,17.0,12.0,6.0,10.0,286,479,216.0,404.0,102,243,114,161,31.0,22.0,6.0,7.0,2.84,1.12,1.31,0.96,0.75,0.16,2.05,1.12,3.4,0.78,2,1,7,5,5,0,2,4,3,2,0.5246,0.1411,1.8523,0.6816,0.3915,0.0,0.0408,0.2726,0.0338,0.0279,10,10,1,0,5,1,2,1,1,0,0.7187,0.962,0.5882,0.0,0.7279,0.1451,0.0199,0.016,0.7884,0.0,19,12,16.26,16.95
4436291,2024-06-30,bra,2024,Brasileirao,13,Rodrigo José Pereira de Lima,10274,Juventude,8287,Fortaleza,0,1,2,62,38,12,19,3,7,7,6,2,6,0,1,6,14,6,5,5,7,1,7,0,5,22,23,16,22,0,2,0,0,0,0,11,13,2,8,6,2,30,27,5,2,53,52,41.0,35.0,12.0,17.0,10.0,6.0,479,286,404.0,216.0,243,102,161,114,22.0,31.0,7.0,6.0,1.12,2.84,0.96,1.31,0.16,0.75,1.12,2.05,0.78,3.4,1,2,5,7,0,5,4,2,2,3,0.1411,0.5246,0.6816,1.8523,0.0,0.3915,0.2726,0.0408,0.0279,0.0338,10,10,0,1,1,5,1,2,0,1,0.962,0.7187,0.0,0.5882,0.1451,0.7279,0.016,0.0199,0.0,0.7884,12,19,16.95,16.26
4436292,2024-06-30,bra,2024,Brasileirao,13,Marcelo de Lima Henrique,10277,Sao Paulo,7877,Bahia,1,3,1,41,59,10,15,4,6,6,7,0,2,1,0,7,11,3,4,4,4,3,2,2,1,14,20,15,9,4,1,0,0,2,0,14,9,6,5,2,0,10,13,5,1,34,42,27.0,27.0,7.0,15.0,5.0,4.0,411,608,350.0,554.0,239,311,111,243,36.0,27.0,6.0,6.0,1.21,1.04,1.06,0.83,0.15,0.22,1.21,1.04,,,1,0,5,9,1,2,3,3,0,1,0.4733,0.0,0.3618,0.8182,0.2593,0.0753,0.1121,0.1519,0.0,0.0306,8,11,0,0,1,4,1,0,0,0,1.0562,0.8579,0.0,0.0,0.0908,0.2181,0.0595,0.0,0.0,0.0,10,15,15.3,15.39
4436292,2024-06-30,bra,2024,Brasileirao,13,Marcelo de Lima Henrique,7877,Bahia,10277,Sao Paulo,0,1,3,59,41,15,10,6,4,7,6,2,0,0,1,11,7,4,3,4,4,2,3,1,2,20,14,9,15,1,4,0,0,0,2,9,14,5,6,0,2,13,10,1,5,42,34,27.0,27.0,15.0,7.0,4.0,5.0,608,411,554.0,350.0,311,239,243,111,27.0,36.0,6.0,6.0,1.04,1.21,0.83,1.06,0.22,0.15,1.04,1.21,,,0,1,9,5,2,1,3,3,1,0,0.0,0.4733,0.8182,0.3618,0.0753,0.2593,0.1519,0.1121,0.0306,0.0,11,8,0,0,4,1,0,1,0,0,0.8579,1.0562,0.0,0.0,0.2181,0.0908,0.0,0.0595,0.0,0.0,15,10,15.39,15.3
4436295,2024-06-30,bra,2024,Brasileirao,13,Braulio da Silva Machado,9770,Flamengo,9781,Cruzeiro,1,2,1,46,54,7,14,3,5,3,6,1,3,0,0,5,4,2,10,2,5,1,0,0,0,16,10,5,17,1,3,0,0,0,2,24,17,11,14,3,1,9,13,4,1,64,36,48.0,28.0,16.0,8.0,8.0,6.0,390,458,316.0,377.0,186,203,130,174,52.0,15.0,2.0,0.0,0.57,0.63,0.43,0.56,0.13,0.07,0.57,0.63,1.32,0.61,1,1,4,0,0,3,1,6,1,4,0.0823,0.2762,0.4322,0.0,0.0,0.1066,0.0428,0.1535,0.0106,0.0924,4,12,1,0,1,1,1,1,0,0,0.1892,0.559,0.2451,0.0,0.0617,0.01,0.0719,0.0597,0.0,0.0,7,14,15.5,22.71
4436295,2024-06-30,bra,2024,Brasileirao,13,Braulio da Silva Machado,9781,Cruzeiro,9770,Flamengo,0,1,2,54,46,14,7,5,3,6,3,3,1,0,0,4,5,10,2,5,2,0,1,0,0,10,16,17,5,3,1,0,0,2,0,17,24,14,11,1,3,13,9,1,4,36,64,28.0,48.0,8.0,16.0,6.0,8.0,458,390,377.0,316.0,203,186,174,130,15.0,52.0,0.0,2.0,0.63,0.57,0.56,0.43,0.07,0.13,0.63,0.57,0.61,1.32,1,1,0,4,3,0,6,1,4,1,0.2762,0.0823,0.0,0.4322,0.1066,0.0,0.1535,0.0428,0.0924,0.0106,12,4,0,1,1,1,1,1,0,0,0.559,0.1892,0.0,0.2451,0.01,0.0617,0.0597,0.0719,0.0,0.0,14,7,22.71,15.5
4436296,2024-06-30,bra,2024,Brasileirao,13,Bruno Arleu de Araujo,7733,Vitoria,10273,Athletico Paranaense,1,0,1,59,41,16,7,3,2,6,2,7,3,0,0,10,5,6,2,7,6,1,2,1,1,17,15,12,16,3,2,0,0,1,1,10,14,9,8,3,7,13,35,2,3,46,50,28.0,34.0,18.0,16.0,7.0,10.0,509,349,437.0,289.0,238,153,199,136,20.0,18.0,4.0,2.0,1.07,0.95,0.61,0.91,0.45,0.04,1.07,0.95,0.51,0.34,0,1,8,3,2,1,5,1,1,1,0.0,0.2587,0.9223,0.6371,0.0472,0.0232,0.132,0.0354,0.0154,0.016,8,5,0,1,5,0,3,1,0,0,0.6131,0.8117,0.0,0.1233,0.2947,0.0,0.2091,0.0354,0.0,0.0,16,7,17.83,18.07
4436296,2024-06-30,bra,2024,Brasileirao,13,Bruno Arleu de Araujo,10273,Athletico Paranaense,7733,Vitoria,0,1,0,41,59,7,16,2,3,2,6,3,7,0,0,5,10,2,6,6,7,2,1,1,1,15,17,16,12,2,3,0,0,1,1,14,10,8,9,7,3,35,13,3,2,50,46,34.0,28.0,16.0,18.0,10.0,7.0,349,509,289.0,437.0,153,238,136,199,18.0,20.0,2.0,4.0,0.95,1.07,0.91,0.61,0.04,0.45,0.95,1.07,0.34,0.51,1,0,3,8,1,2,1,5,1,1,0.2587,0.0,0.6371,0.9223,0.0232,0.0472,0.0354,0.132,0.016,0.0154,5,8,1,0,0,5,1,3,0,0,0.8117,0.6131,0.1233,0.0,0.0,0.2947,0.0354,0.2091,0.0,0.0,7,16,18.07,17.83
4436297,2024-06-30,bra,2024,Brasileirao,13,Jonathan Benkenstein Pinheiro,10272,Atletico MG,165545,Atletico GO,1,1,1,68,32,15,12,6,6,4,4,5,2,1,0,6,12,9,0,5,8,1,2,0,1,16,23,10,11,0,1,0,0,0,2,16,20,7,13,3,5,29,13,4,5,52,44,33.0,31.0,19.0,13.0,8.0,2.0,576,258,496.0,185.0,208,71,288,114,17.0,23.0,0.0,4.0,0.75,1.15,0.69,0.84,0.06,0.31,0.75,1.15,0.98,1.73,0,1,1,6,5,5,4,0,5,0,0.0,0.1577,0.0665,0.8578,0.4491,0.1386,0.0805,0.0,0.1507,0.0,13,5,0,2,0,4,2,1,0,0,0.6884,0.7529,0.0,0.0893,0.0,0.2877,0.0584,0.0242,0.0,0.0,15,12,22.95,14.82
4436297,2024-06-30,bra,2024,Brasileirao,13,Jonathan Benkenstein Pinheiro,165545,Atletico GO,10272,Atletico MG,0,1,1,32,68,12,15,6,6,4,4,2,5,0,1,12,6,0,9,8,5,2,1,1,0,23,16,11,10,1,0,0,0,2,0,20,16,13,7,5,3,13,29,5,4,44,52,31.0,33.0,13.0,19.0,2.0,8.0,258,576,185.0,496.0,71,208,114,288,23.0,17.0,4.0,0.0,1.15,0.75,0.84,0.69,0.31,0.06,1.15,0.75,1.73,0.98,1,0,6,1,5,5,0,4,0,5,0.1577,0.0,0.8578,0.0665,0.1386,0.4491,0.0,0.0805,0.0,0.1507,5,13,2,0,4,0,1,2,0,0,0.7529,0.6884,0.0893,0.0,0.2877,0.0,0.0242,0.0584,0.0,0.0,12,15,14.82,22.95
4436340,2024-06-30,bra,2024,Brasileirao,13,Wagner do Nascimento Magalhaes,7729,Criciuma,8702,Internacional,1,1,1,46,54,17,12,7,4,4,6,6,2,0,0,10,10,7,2,5,5,0,2,0,1,25,27,10,14,2,3,0,0,2,1,14,19,12,10,2,5,30,25,3,6,57,59,43.0,40.0,14.0,19.0,15.0,12.0,410,489,338.0,404.0,182,177,156,227,41.0,15.0,8.0,5.0,0.87,1.16,0.71,0.92,0.16,0.24,0.87,1.16,1.55,0.6,1,0,6,6,3,4,2,2,5,0,0.1678,0.0,0.4494,0.9002,0.0849,0.1302,0.0595,0.1255,0.1099,0.0,11,9,0,0,4,3,2,0,0,0,0.7121,0.9152,0.0,0.0,0.1141,0.2408,0.0453,0.0,0.0,0.0,17,12,18.41,14.75
4436340,2024-06-30,bra,2024,Brasileirao,13,Wagner do Nascimento Magalhaes,8702,Internacional,7729,Criciuma,0,1,1,54,46,12,17,4,7,6,4,2,6,0,0,10,10,2,7,5,5,2,0,1,0,27,25,14,10,3,2,0,0,1,2,19,14,10,12,5,2,25,30,6,3,59,57,40.0,43.0,19.0,14.0,12.0,15.0,489,410,404.0,338.0,177,182,227,156,15.0,41.0,5.0,8.0,1.16,0.87,0.92,0.71,0.24,0.16,1.16,0.87,0.6,1.55,0,1,6,6,4,3,2,2,0,5,0.0,0.1678,0.9002,0.4494,0.1302,0.0849,0.1255,0.0595,0.0,0.1099,9,11,0,0,3,4,0,2,0,0,0.9152,0.7121,0.0,0.0,0.2408,0.1141,0.0,0.0453,0.0,0.0,12,17,14.75,18.41
4436293,2024-07-01,bra,2024,Brasileirao,13,Anderson Daronco,10283,Palmeiras,9808,Corinthians,1,2,0,49,51,20,13,10,3,3,8,7,2,0,0,9,8,11,5,7,3,2,2,2,2,23,22,18,10,3,4,1,0,2,0,24,18,6,7,2,6,14,19,4,8,59,68,44.0,54.0,15.0,14.0,10.0,18.0,297,315,230.0,244.0,96,122,134,122,23.0,17.0,4.0,4.0,1.02,0.86,0.57,0.78,0.45,0.09,1.02,0.86,1.87,0.99,1,0,4,3,4,5,5,5,6,0,0.2004,0.0,0.1875,0.5331,0.2082,0.1392,0.3036,0.19,0.1223,0.0,15,9,0,0,2,2,3,2,0,0,0.5747,0.7755,0.0,0.0,0.2134,0.0479,0.2338,0.0389,0.0,0.0,20,13,20.51,19.79
4436293,2024-07-01,bra,2024,Brasileirao,13,Anderson Daronco,9808,Corinthians,10283,Palmeiras,0,0,2,51,49,13,20,3,10,8,3,2,7,0,0,8,9,5,11,3,7,2,2,2,2,22,23,10,18,4,3,0,1,0,2,18,24,7,6,6,2,19,14,8,4,68,59,54.0,44.0,14.0,15.0,18.0,10.0,315,297,244.0,230.0,122,96,122,134,17.0,23.0,4.0,4.0,0.86,1.02,0.78,0.57,0.09,0.45,0.86,1.02,0.99,1.87,0,1,3,4,5,4,5,5,0,6,0.0,0.2004,0.5331,0.1875,0.1392,0.2082,0.19,0.3036,0.0,0.1223,9,15,0,0,2,2,2,3,0,0,0.7755,0.5747,0.0,0.0,0.0479,0.2134,0.0389,0.2338,0.0,0.0,13,20,19.79,20.51
4436334,2024-07-03,bra,2024,Brasileirao,14,Matheus Delgado Candançan,10276,Vasco da Gama,8287,Fortaleza,1,2,0,59,41,19,10,9,4,5,4,5,2,0,0,11,4,8,6,7,3,6,1,5,1,16,10,21,12,4,3,0,1,2,1,15,27,7,9,2,5,14,13,4,7,45,65,30.0,53.0,15.0,12.0,3.0,5.0,518,349,436.0,276.0,219,121,217,155,27.0,20.0,7.0,2.0,1.82,0.48,1.45,0.33,0.37,0.15,1.82,0.48,2.19,0.93,3,0,8,3,0,1,5,2,3,4,1.306,0.0,0.5016,0.2726,0.0,0.0336,0.1457,0.0411,0.0835,0.0673,14,7,0,0,5,1,0,2,0,0,1.6689,0.2657,0.0,0.0,0.3679,0.1028,0.0,0.0461,0.0,0.0,19,10,16.42,23.66
4436334,2024-07-03,bra,2024,Brasileirao,14,Matheus Delgado Candançan,8287,Fortaleza,10276,Vasco da Gama,0,0,2,41,59,10,19,4,9,4,5,2,5,0,0,4,11,6,8,3,7,1,6,1,5,10,16,12,21,3,4,1,0,1,2,27,15,9,7,5,2,13,14,7,4,65,45,53.0,30.0,12.0,15.0,5.0,3.0,349,518,276.0,436.0,121,219,155,217,20.0,27.0,2.0,7.0,0.48,1.82,0.33,1.45,0.15,0.37,0.48,1.82,0.93,2.19,0,3,3,8,1,0,2,5,4,3,0.0,1.306,0.2726,0.5016,0.0336,0.0,0.0411,0.1457,0.0673,0.0835,7,14,0,0,1,5,2,0,0,0,0.2657,1.6689,0.0,0.0,0.1028,0.3679,0.0461,0.0,0.0,0.0,10,19,23.66,16.42
4436338,2024-07-03,bra,2024,Brasileirao,14,Paulo Cesar Zanovelli da Silva,197815,Cuiaba,8517,Botafogo RJ,1,1,2,51,49,11,6,6,4,4,0,1,2,0,0,6,3,5,3,7,5,2,1,1,0,14,4,8,15,4,1,0,0,2,7,7,13,11,12,2,1,17,23,2,5,43,47,34.0,27.0,9.0,20.0,13.0,6.0,454,446,398.0,384.0,161,244,237,140,26.0,37.0,3.0,0.0,1.57,0.79,0.58,0.73,0.19,0.06,0.78,0.79,1.89,1.54,1,1,4,2,1,0,3,3,2,0,0.3741,0.5224,0.962,0.1478,0.0614,0.0,0.1194,0.1732,0.0485,0.0,6,5,1,0,2,1,1,0,1,0,0.2094,0.784,0.3741,0.0,0.1105,0.0593,0.083,0.0,0.7884,0.0,11,6,18.27,16.35
4436338,2024-07-03,bra,2024,Brasileirao,14,Paulo Cesar Zanovelli da Silva,8517,Botafogo RJ,197815,Cuiaba,0,2,1,49,51,6,11,4,6,0,4,2,1,0,0,3,6,3,5,5,7,1,2,0,1,4,14,15,8,1,4,0,0,7,2,13,7,12,11,1,2,23,17,5,2,47,43,27.0,34.0,20.0,9.0,6.0,13.0,446,454,384.0,398.0,244,161,140,237,37.0,26.0,0.0,3.0,0.79,1.57,0.73,0.58,0.06,0.19,0.79,0.78,1.54,1.89,1,1,2,4,0,1,3,3,0,2,0.5224,0.3741,0.1478,0.962,0.0,0.0614,0.1732,0.1194,0.0,0.0485,5,6,0,1,1,2,0,1,0,1,0.784,0.2094,0.0,0.3741,0.0593,0.1105,0.0,0.083,0.0,0.7884,6,11,16.35,18.27
4436339,2024-07-03,bra,2024,Brasileirao,14,João Vitor Gobi,7729,Criciuma,9781,Cruzeiro,1,1,0,35,65,13,17,6,6,5,10,2,1,0,1,10,12,3,5,7,10,3,2,2,2,21,30,11,7,2,2,1,0,2,1,17,19,7,9,1,2,23,18,6,5,46,51,36.0,37.0,10.0,14.0,13.0,7.0,307,604,223.0,541.0,104,205,119,336,29.0,16.0,6.0,5.0,1.59,1.08,1.55,0.8,0.04,0.29,1.59,1.08,1.74,1.14,1,1,6,6,3,5,1,2,2,3,0.8468,0.2471,0.5681,0.5056,0.1068,0.2176,0.0332,0.0778,0.0404,0.0337,11,13,1,1,0,2,1,1,0,0,1.5264,0.6463,0.0332,0.1501,0.0,0.0383,0.0356,0.2471,0.0,0.0,13,17,18.17,18.83
4436339,2024-07-03,bra,2024,Brasileirao,14,João Vitor Gobi,9781,Cruzeiro,7729,Criciuma,0,0,1,65,35,17,13,6,6,10,5,1,2,1,0,12,10,5,3,10,7,2,3,2,2,30,21,7,11,2,2,0,1,1,2,19,17,9,7,2,1,18,23,5,6,51,46,37.0,36.0,14.0,10.0,7.0,13.0,604,307,541.0,223.0,205,104,336,119,16.0,29.0,5.0,6.0,1.08,1.59,0.8,1.55,0.29,0.04,1.08,1.59,1.14,1.74,1,1,6,6,5,3,2,1,3,2,0.2471,0.8468,0.5056,0.5681,0.2176,0.1068,0.0778,0.0332,0.0337,0.0404,13,11,1,1,2,0,1,1,0,0,0.6463,1.5264,0.1501,0.0332,0.0383,0.0,0.2471,0.0356,0.0,0.0,17,13,18.83,18.17
4436330,2024-07-04,bra,2024,Brasileirao,14,Marcelo de Lima Henrique,9769,Gremio,10283,Palmeiras,1,2,2,40,60,14,21,5,5,4,9,5,7,0,0,10,12,4,9,5,10,2,3,0,2,25,32,9,13,2,3,0,0,0,0,25,22,10,10,6,6,38,23,3,2,66,56,48.0,43.0,18.0,13.0,12.0,12.0,297,426,215.0,357.0,98,136,117,221,21.0,27.0,3.0,5.0,2.2,2.35,1.15,1.37,0.26,0.98,1.41,2.35,1.91,2.18,1,3,6,5,3,4,1,4,3,5,0.1635,1.2144,1.8371,0.7951,0.0878,0.1307,0.0424,0.1137,0.072,0.0978,7,14,1,1,4,3,1,3,1,0,1.0,1.336,0.1512,0.0404,0.2295,0.3112,0.0338,0.6641,0.7884,0.0,14,21,15.39,18.1
4436330,2024-07-04,bra,2024,Brasileirao,14,Marcelo de Lima Henrique,10283,Palmeiras,9769,Gremio,0,2,2,60,40,21,14,5,5,9,4,7,5,0,0,12,10,9,4,10,5,3,2,2,0,32,25,13,9,3,2,0,0,0,0,22,25,10,10,6,6,23,38,2,3,56,66,43.0,48.0,13.0,18.0,12.0,12.0,426,297,357.0,215.0,136,98,221,117,27.0,21.0,5.0,3.0,2.35,2.2,1.37,1.15,0.98,0.26,2.35,1.41,2.18,1.91,3,1,5,6,4,3,4,1,5,3,1.2144,0.1635,0.7951,1.8371,0.1307,0.0878,0.1137,0.0424,0.0978,0.072,14,7,1,1,3,4,3,1,0,1,1.336,1.0,0.0404,0.1512,0.3112,0.2295,0.6641,0.0338,0.0,0.7884,21,14,18.1,15.39
4436331,2024-07-04,bra,2024,Brasileirao,14,Ramon Abatti,10272,Atletico MG,9770,Flamengo,1,2,4,52,48,11,14,4,8,3,3,4,3,0,1,7,10,4,4,4,4,4,5,2,2,19,32,12,11,2,2,1,0,1,2,12,20,11,8,3,3,23,19,4,2,34,50,26.0,37.0,8.0,13.0,4.0,6.0,451,413,392.0,352.0,211,170,181,182,36.0,27.0,5.0,4.0,2.39,2.13,1.28,1.81,0.33,0.31,1.6,2.13,2.06,4.21,1,2,5,5,1,3,4,3,0,1,0.3576,1.1028,2.1471,0.9093,0.0573,0.2132,0.1265,0.1107,0.0,0.0201,7,13,0,0,1,0,2,1,1,0,1.4838,2.0547,0.0,0.0,0.3576,0.0,0.0587,0.3014,0.7884,0.0,11,14,18.0,17.27
4436331,2024-07-04,bra,2024,Brasileirao,14,Ramon Abatti,9770,Flamengo,10272,Atletico MG,0,4,2,48,52,14,11,8,4,3,3,3,4,1,0,10,7,4,4,4,4,5,4,2,2,32,19,11,12,2,2,0,1,2,1,20,12,8,11,3,3,19,23,2,4,50,34,37.0,26.0,13.0,8.0,6.0,4.0,413,451,352.0,392.0,170,211,182,181,27.0,36.0,4.0,5.0,2.13,2.39,1.81,1.28,0.31,0.33,2.13,1.6,4.21,2.06,2,1,5,5,3,1,3,4,1,0,1.1028,0.3576,0.9093,2.1471,0.2132,0.0573,0.1107,0.1265,0.0201,0.0,13,7,0,0,0,1,1,2,0,1,2.0547,1.4838,0.0,0.0,0.0,0.3576,0.3014,0.0587,0.0,0.7884,14,11,17.27,18.0
4436332,2024-07-04,bra,2024,Brasileirao,14,Wagner do Nascimento Magalhaes,7877,Bahia,10274,Juventude,1,2,0,56,44,22,10,9,2,8,5,5,3,0,0,12,3,10,7,6,7,2,1,1,1,27,11,15,9,0,4,0,0,1,1,9,9,4,8,4,5,25,12,1,7,32,36,25.0,29.0,7.0,7.0,8.0,4.0,541,400,484.0,340.0,280,191,204,149,29.0,17.0,4.0,2.0,1.86,0.65,1.74,0.54,0.12,0.11,1.86,0.65,2.23,0.09,1,0,7,1,4,2,8,4,2,3,0.0729,0.0,0.9524,0.1392,0.4195,0.3255,0.3753,0.1166,0.0379,0.0702,15,5,4,1,3,3,0,1,0,0,1.4227,0.5133,0.3125,0.0255,0.1227,0.0613,0.0,0.0514,0.0,0.0,22,10,18.32,22.83
4436332,2024-07-04,bra,2024,Brasileirao,14,Wagner do Nascimento Magalhaes,10274,Juventude,7877,Bahia,0,0,2,44,56,10,22,2,9,5,8,3,5,0,0,3,12,7,10,7,6,1,2,1,1,11,27,9,15,4,0,0,0,1,1,9,9,8,4,5,4,12,25,7,1,36,32,29.0,25.0,7.0,7.0,4.0,8.0,400,541,340.0,484.0,191,280,149,204,17.0,29.0,2.0,4.0,0.65,1.86,0.54,1.74,0.11,0.12,0.65,1.86,0.09,2.23,0,1,1,7,2,4,4,8,3,2,0.0,0.0729,0.1392,0.9524,0.3255,0.4195,0.1166,0.3753,0.0702,0.0379,5,15,1,4,3,3,1,0,0,0,0.5133,1.4227,0.0255,0.3125,0.0613,0.1227,0.0514,0.0,0.0,0.0,10,22,22.83,18.32
4436333,2024-07-04,bra,2024,Brasileirao,14,Felipe Fernandes de Lima,9863,Fluminense,8702,Internacional,1,1,1,55,45,8,12,3,4,4,3,1,5,1,1,4,5,4,7,3,4,1,1,1,1,18,19,17,17,6,5,0,0,1,4,18,20,6,7,5,1,18,17,3,2,62,59,43.0,47.0,19.0,12.0,11.0,11.0,498,417,444.0,341.0,269,190,175,151,29.0,18.0,8.0,2.0,0.34,0.76,0.27,0.53,0.07,0.23,0.34,0.76,0.38,1.21,0,0,3,4,1,1,2,7,2,0,0.0,0.0,0.1438,0.3858,0.1358,0.0825,0.0234,0.2967,0.0352,0.0,6,9,0,1,1,1,1,1,0,0,0.2721,0.4508,0.0,0.0825,0.0185,0.153,0.0475,0.0786,0.0,0.0,8,12,20.56,18.77
4436333,2024-07-04,bra,2024,Brasileirao,14,Felipe Fernandes de Lima,8702,Internacional,9863,Fluminense,0,1,1,45,55,12,8,4,3,3,4,5,1,1,1,5,4,7,4,4,3,1,1,1,1,19,18,17,17,5,6,0,0,4,1,20,18,7,6,1,5,17,18,2,3,59,62,47.0,43.0,12.0,19.0,11.0,11.0,417,498,341.0,444.0,190,269,151,175,18.0,29.0,2.0,8.0,0.76,0.34,0.53,0.27,0.23,0.07,0.76,0.34,1.21,0.38,0,0,4,3,1,1,7,2,0,2,0.0,0.0,0.3858,0.1438,0.0825,0.1358,0.2967,0.0234,0.0,0.0352,9,6,1,0,1,1,1,1,0,0,0.4508,0.2721,0.0825,0.0,0.153,0.0185,0.0786,0.0475,0.0,0.0,12,8,18.77,20.56
4436335,2024-07-04,bra,2024,Brasileirao,14,Gustavo Ervino Bauermann,9808,Corinthians,7733,Vitoria,1,3,2,44,56,14,18,5,6,4,7,5,5,0,1,10,10,4,8,9,9,0,2,0,0,18,21,15,10,4,3,0,0,0,2,17,19,7,6,5,4,28,24,4,2,50,71,32.0,52.0,18.0,19.0,6.0,20.0,379,499,318.0,439.0,174,234,144,205,13.0,16.0,7.0,6.0,0.66,1.92,0.2,0.93,0.46,0.2,0.66,1.13,0.13,0.21,1,1,7,5,2,4,3,6,1,2,0.1076,0.1226,0.3756,1.2736,0.0572,0.2201,0.0842,0.2227,0.0389,0.0815,5,13,1,1,8,3,0,0,0,1,0.162,0.9265,0.0389,0.0075,0.4626,0.198,0.0,0.0,0.0,0.7884,14,18,15.66,19.34
4436335,2024-07-04,bra,2024,Brasileirao,14,Gustavo Ervino Bauermann,7733,Vitoria,9808,Corinthians,0,2,3,56,44,18,14,6,5,7,4,5,5,1,0,10,10,8,4,9,9,2,0,0,0,21,18,10,15,3,4,0,0,2,0,19,17,6,7,4,5,24,28,2,4,71,50,52.0,32.0,19.0,18.0,20.0,6.0,499,379,439.0,318.0,234,174,205,144,16.0,13.0,6.0,7.0,1.92,0.66,0.93,0.2,0.2,0.46,1.13,0.66,0.21,0.13,1,1,5,7,4,2,6,3,2,1,0.1226,0.1076,1.2736,0.3756,0.2201,0.0572,0.2227,0.0842,0.0815,0.0389,13,5,1,1,3,8,0,0,1,0,0.9265,0.162,0.0075,0.0389,0.198,0.4626,0.0,0.0,0.7884,0.0,18,14,19.34,15.66
4436336,2024-07-04,bra,2024,Brasileirao,14,Davi de Oliveira Lacerda,109705,Red Bull Bragantino,165545,Atletico GO,1,3,1,52,48,13,13,5,6,5,6,3,1,0,0,7,5,6,8,3,8,2,2,0,2,18,13,15,9,2,3,0,0,1,3,14,11,7,11,1,3,28,11,5,2,43,48,28.0,29.0,15.0,19.0,5.0,3.0,389,361,304.0,286.0,140,115,164,171,25.0,38.0,2.0,4.0,1.54,0.76,1.52,0.25,0.02,0.51,1.54,0.76,,,2,0,4,5,1,0,5,6,1,2,0.7655,0.0,0.5025,0.5709,0.0774,0.0,0.173,0.1662,0.0215,0.0239,8,7,4,0,0,3,1,3,0,0,1.2149,0.2511,0.3007,0.0,0.0,0.2698,0.0244,0.24,0.0,0.0,13,13,17.55,21.03
4436336,2024-07-04,bra,2024,Brasileirao,14,Davi de Oliveira Lacerda,165545,Atletico GO,109705,Red Bull Bragantino,0,1,3,48,52,13,13,6,5,6,5,1,3,0,0,5,7,8,6,8,3,2,2,2,0,13,18,9,15,3,2,0,0,3,1,11,14,11,7,3,1,11,28,2,5,48,43,29.0,28.0,19.0,15.0,3.0,5.0,361,389,286.0,304.0,115,140,171,164,38.0,25.0,4.0,2.0,0.76,1.54,0.25,1.52,0.51,0.02,0.76,1.54,,,0,2,5,4,0,1,6,5,2,1,0.0,0.7655,0.5709,0.5025,0.0,0.0774,0.1662,0.173,0.0239,0.0215,7,8,0,4,3,0,3,1,0,0,0.2511,1.2149,0.0,0.3007,0.2698,0.0,0.24,0.0244,0.0,0.0,13,13,21.03,17.55
4436337,2024-07-04,bra,2024,Brasileirao,14,Alex Gomes Stefano,10273,Athletico Paranaense,10277,Sao Paulo,1,1,2,45,55,12,13,4,8,6,1,2,4,0,0,7,7,5,6,6,2,0,2,0,1,20,14,19,8,1,3,1,0,1,2,15,11,5,5,4,2,12,29,6,3,46,51,30.0,35.0,16.0,16.0,9.0,7.0,402,513,347.0,458.0,186,247,161,211,27.0,26.0,7.0,0.0,0.4,1.63,0.25,1.59,0.15,0.04,0.4,1.63,0.57,2.42,0,1,5,4,2,2,5,4,0,2,0.0,0.926,0.1955,0.8857,0.0327,0.0927,0.1687,0.1679,0.0,0.054,8,12,0,0,1,0,3,1,0,0,0.2476,2.0909,0.0,0.0,0.0099,0.0,0.1394,0.0353,0.0,0.0,12,13,17.15,18.9
4436337,2024-07-04,bra,2024,Brasileirao,14,Alex Gomes Stefano,10277,Sao Paulo,10273,Athletico Paranaense,0,2,1,55,45,13,12,8,4,1,6,4,2,0,0,7,7,6,5,2,6,2,0,1,0,14,20,8,19,3,1,0,1,2,1,11,15,5,5,2,4,29,12,3,6,51,46,35.0,30.0,16.0,16.0,7.0,9.0,513,402,458.0,347.0,247,186,211,161,26.0,27.0,0.0,7.0,1.63,0.4,1.59,0.25,0.04,0.15,1.63,0.4,2.42,0.57,1,0,4,5,2,2,4,5,2,0,0.926,0.0,0.8857,0.1955,0.0927,0.0327,0.1679,0.1687,0.054,0.0,12,8,0,0,0,1,1,3,0,0,2.0909,0.2476,0.0,0.0,0.0,0.0099,0.0353,0.1394,0.0,0.0,13,12,18.9,17.15
4436343,2024-07-06,bra,2024,Brasileirao,15,Rodrigo José Pereira de Lima,9770,Flamengo,197815,Cuiaba,1,1,1,66,34,20,7,10,3,6,4,4,0,0,0,8,4,12,3,7,0,2,1,1,1,34,8,14,12,1,3,0,0,3,3,19,23,8,12,0,4,9,35,2,9,64,55,37.0,46.0,27.0,9.0,6.0,10.0,611,327,527.0,252.0,197,152,330,100,38.0,32.0,7.0,0.0,1.39,0.78,1.33,0.72,0.06,0.05,1.39,0.78,2.16,0.49,3,0,2,2,3,2,8,2,4,1,0.7698,0.0,0.11,0.5564,0.1286,0.0647,0.2949,0.1391,0.0919,0.016,18,3,0,2,1,0,1,2,0,0,1.3305,0.5925,0.0,0.1307,0.0095,0.0,0.0552,0.0531,0.0,0.0,20,7,20.41,20.74
4436343,2024-07-06,bra,2024,Brasileirao,15,Rodrigo José Pereira de Lima,197815,Cuiaba,9770,Flamengo,0,1,1,34,66,7,20,3,10,4,6,0,4,0,0,4,8,3,12,0,7,1,2,1,1,8,34,12,14,3,1,0,0,3,3,23,19,12,8,4,0,35,9,9,2,55,64,46.0,37.0,9.0,27.0,10.0,6.0,327,611,252.0,527.0,152,197,100,330,32.0,38.0,0.0,7.0,0.78,1.39,0.72,1.33,0.05,0.06,0.78,1.39,0.49,2.16,0,3,2,2,2,3,2,8,1,4,0.0,0.7698,0.5564,0.11,0.0647,0.1286,0.1391,0.2949,0.016,0.0919,3,18,2,0,0,1,2,1,0,0,0.5925,1.3305,0.1307,0.0,0.0,0.0095,0.0531,0.0552,0.0,0.0,7,20,20.74,20.41
4436346,2024-07-06,bra,2024,Brasileirao,15,Bruno Pereira Vasconcelos,10277,Sao Paulo,109705,Red Bull Bragantino,1,2,0,60,40,14,10,4,3,3,5,7,2,1,0,12,7,2,3,6,3,4,3,2,3,28,18,10,9,2,2,0,0,2,1,15,18,11,8,2,7,11,17,3,2,51,41,32.0,31.0,19.0,10.0,8.0,4.0,464,313,392.0,240.0,220,111,172,129,32.0,18.0,4.0,5.0,1.87,0.95,0.85,0.51,0.23,0.44,1.08,0.95,3.1,0.33,2,2,6,3,4,2,2,2,0,1,1.1773,0.3832,1.1009,0.3722,0.1809,0.099,0.0532,0.0575,0.0,0.0334,8,6,0,0,4,2,1,2,1,0,0.9163,0.5082,0.0,0.0,0.0771,0.3672,0.7305,0.0699,0.7884,0.0,14,10,13.51,15.96
4436346,2024-07-06,bra,2024,Brasileirao,15,Bruno Pereira Vasconcelos,109705,Red Bull Bragantino,10277,Sao Paulo,0,0,2,40,60,10,14,3,4,5,3,2,7,0,1,7,12,3,2,3,6,3,4,3,2,18,28,9,10,2,2,0,0,1,2,18,15,8,11,7,2,17,11,2,3,41,51,31.0,32.0,10.0,19.0,4.0,8.0,313,464,240.0,392.0,111,220,129,172,18.0,32.0,5.0,4.0,0.95,1.87,0.51,0.85,0.44,0.23,0.95,1.08,0.33,3.1,2,2,3,6,2,4,2,2,1,0,0.3832,1.1773,0.3722,1.1009,0.099,0.1809,0.0575,0.0532,0.0334,0.0,6,8,0,0,2,4,2,1,0,1,0.5082,0.9163,0.0,0.0,0.3672,0.0771,0.0699,0.7305,0.0,0.7884,10,14,15.96,13.51
4436329,2024-07-07,bra,2024,Brasileirao,15,Gustavo Ervino Bauermann,8702,Internacional,10276,Vasco da Gama,1,1,2,65,35,14,8,6,6,7,2,1,0,1,0,8,5,6,3,4,4,3,2,2,0,23,13,16,12,2,2,0,0,2,0,13,25,5,10,0,1,6,42,4,5,47,67,34.0,51.0,13.0,16.0,9.0,11.0,614,337,538.0,249.0,209,162,329,87,12.0,24.0,7.0,4.0,1.29,0.73,1.25,0.48,0.04,0.25,1.29,0.73,1.37,1.94,1,1,5,4,2,0,4,1,2,2,0.3016,0.0736,0.7634,0.6233,0.0527,0.0,0.1542,0.0131,0.0222,0.0332,12,5,0,0,2,2,0,1,0,0,1.2547,0.4843,0.0,0.0,0.0395,0.2458,0.0,0.0131,0.0,0.0,14,8,18.8,19.01
4436329,2024-07-07,bra,2024,Brasileirao,15,Gustavo Ervino Bauermann,10276,Vasco da Gama,8702,Internacional,0,2,1,35,65,8,14,6,6,2,7,0,1,0,1,5,8,3,6,4,4,2,3,0,2,13,23,12,16,2,2,0,0,0,2,25,13,10,5,1,0,42,6,5,4,67,47,51.0,34.0,16.0,13.0,11.0,9.0,337,614,249.0,538.0,162,209,87,329,24.0,12.0,4.0,7.0,0.73,1.29,0.48,1.25,0.25,0.04,0.73,1.29,1.94,1.37,1,1,4,5,0,2,1,4,2,2,0.0736,0.3016,0.6233,0.7634,0.0,0.0527,0.0131,0.1542,0.0332,0.0222,5,12,0,0,2,2,1,0,0,0,0.4843,1.2547,0.0,0.0,0.2458,0.0395,0.0131,0.0,0.0,0.0,8,14,19.01,18.8
4436341,2024-07-07,bra,2024,Brasileirao,15,Alex Gomes Stefano,9781,Cruzeiro,9808,Corinthians,1,3,0,47,53,12,15,5,2,4,8,3,5,0,0,6,6,6,9,8,8,3,2,1,2,18,24,22,12,2,1,0,0,3,3,16,12,5,7,5,3,23,14,2,2,48,53,37.0,46.0,11.0,7.0,10.0,12.0,382,422,314.0,357.0,171,227,143,130,24.0,27.0,2.0,3.0,1.47,1.18,1.4,0.46,0.07,0.73,1.47,1.18,1.88,0.58,1,2,3,2,2,2,4,7,2,2,0.6585,0.5033,0.4819,0.2655,0.1565,0.0824,0.0986,0.2703,0.0741,0.0628,8,9,2,1,1,3,1,2,0,0,1.0988,0.3918,0.3017,0.0673,0.028,0.5244,0.041,0.2008,0.0,0.0,12,15,19.05,18.58
4436341,2024-07-07,bra,2024,Brasileirao,15,Alex Gomes Stefano,9808,Corinthians,9781,Cruzeiro,0,0,3,53,47,15,12,2,5,8,4,5,3,0,0,6,6,9,6,8,8,2,3,2,1,24,18,12,22,1,2,0,0,3,3,12,16,7,5,3,5,14,23,2,2,53,48,46.0,37.0,7.0,11.0,12.0,10.0,422,382,357.0,314.0,227,171,130,143,27.0,24.0,3.0,2.0,1.18,1.47,0.46,1.4,0.73,0.07,1.18,1.47,0.58,1.88,2,1,2,3,2,2,7,4,2,2,0.5033,0.6585,0.2655,0.4819,0.0824,0.1565,0.2703,0.0986,0.0628,0.0741,9,8,1,2,3,1,2,1,0,0,0.3918,1.0988,0.0673,0.3017,0.5244,0.028,0.2008,0.041,0.0,0.0,15,12,18.58,19.05
4436342,2024-07-07,bra,2024,Brasileirao,15,Bruno Mota Correia,7733,Vitoria,7729,Criciuma,1,2,1,45,55,9,13,3,2,4,5,2,6,1,1,8,9,1,4,6,3,4,2,2,1,16,19,12,18,1,2,0,0,1,2,15,10,11,4,6,2,30,13,1,1,52,44,33.0,26.0,19.0,18.0,3.0,4.0,390,478,328.0,412.0,223,190,105,222,16.0,30.0,3.0,3.0,1.65,0.96,0.18,0.81,0.69,0.14,0.87,0.96,1.98,0.93,2,0,4,5,2,4,1,2,0,2,0.602,0.0,0.9004,0.701,0.1397,0.17,0.0115,0.0411,0.0,0.0434,4,9,0,1,4,2,0,1,1,0,0.1755,0.4644,0.0,0.3487,0.6896,0.0699,0.0,0.0726,0.7884,0.0,9,13,12.09,18.0
4436342,2024-07-07,bra,2024,Brasileirao,15,Bruno Mota Correia,7729,Criciuma,7733,Vitoria,0,1,2,55,45,13,9,2,3,5,4,6,2,1,1,9,8,4,1,3,6,2,4,1,2,19,16,18,12,2,1,0,0,2,1,10,15,4,11,2,6,13,30,1,1,44,52,26.0,33.0,18.0,19.0,4.0,3.0,478,390,412.0,328.0,190,223,222,105,30.0,16.0,3.0,3.0,0.96,1.65,0.81,0.18,0.14,0.69,0.96,0.87,0.93,1.98,0,2,5,4,4,2,2,1,2,0,0.0,0.602,0.701,0.9004,0.17,0.1397,0.0411,0.0115,0.0434,0.0,9,4,1,0,2,4,1,0,0,1,0.4644,0.1755,0.3487,0.0,0.0699,0.6896,0.0726,0.0,0.0,0.7884,13,9,18.0,12.09
4436344,2024-07-07,bra,2024,Brasileirao,15,Rafael Rodrigo Klein,8517,Botafogo RJ,10272,Atletico MG,1,3,0,57,43,19,6,8,2,6,3,5,1,0,1,7,0,12,6,3,2,1,0,1,0,20,1,19,12,2,1,0,1,0,0,17,11,5,5,1,5,5,25,2,5,49,44,38.0,32.0,11.0,12.0,9.0,3.0,504,375,444.0,313.0,162,218,282,95,26.0,26.0,3.0,1.0,1.15,0.17,0.89,0.09,0.26,0.09,1.15,0.17,2.73,0.45,1,0,4,0,2,0,11,4,1,2,0.4052,0.0,0.2788,0.0,0.066,0.0,0.3652,0.1338,0.0362,0.0382,12,2,1,1,2,0,4,3,0,0,0.8468,0.0735,0.0405,0.0117,0.0734,0.0,0.1907,0.0868,0.0,0.0,19,6,20.83,38.88
4436344,2024-07-07,bra,2024,Brasileirao,15,Rafael Rodrigo Klein,10272,Atletico MG,8517,Botafogo RJ,0,0,3,43,57,6,19,2,8,3,6,1,5,1,0,0,7,6,12,2,3,0,1,0,1,1,20,12,19,1,2,1,0,0,0,11,17,5,5,5,1,25,5,5,2,44,49,32.0,38.0,12.0,11.0,3.0,9.0,375,504,313.0,444.0,218,162,95,282,26.0,26.0,1.0,3.0,0.17,1.15,0.09,0.89,0.09,0.26,0.17,1.15,0.45,2.73,0,1,0,4,0,2,4,11,2,1,0.0,0.4052,0.0,0.2788,0.0,0.066,0.1338,0.3652,0.0382,0.0362,2,12,1,1,0,2,3,4,0,0,0.0735,0.8468,0.0117,0.0405,0.0,0.0734,0.0868,0.1907,0.0,0.0,6,19,38.88,20.83
4436345,2024-07-07,bra,2024,Brasileirao,15,Jonathan Benkenstein Pinheiro,10283,Palmeiras,7877,Bahia,1,2,0,44,56,12,13,4,3,6,6,2,4,0,0,7,9,5,4,4,3,3,4,1,4,13,11,15,10,1,1,0,0,5,3,18,10,13,9,4,2,8,24,3,2,39,51,32.0,39.0,7.0,12.0,4.0,14.0,402,524,344.0,466.0,178,302,166,164,34.0,26.0,5.0,4.0,0.86,1.93,0.77,1.86,0.08,0.07,0.86,1.93,1.59,1.23,0,1,5,8,2,0,3,3,2,1,0.0,0.0635,0.6859,1.7383,0.0486,0.0,0.0784,0.0991,0.044,0.029,8,10,1,1,1,2,2,0,0,0,0.5869,1.4105,0.1865,0.4493,0.0225,0.07,0.061,0.0,0.0,0.0,12,13,20.69,16.56
4436345,2024-07-07,bra,2024,Brasileirao,15,Jonathan Benkenstein Pinheiro,7877,Bahia,10283,Palmeiras,0,0,2,56,44,13,12,3,4,6,6,4,2,0,0,9,7,4,5,3,4,4,3,4,1,11,13,10,15,1,1,0,0,3,5,10,18,9,13,2,4,24,8,2,3,51,39,39.0,32.0,12.0,7.0,14.0,4.0,524,402,466.0,344.0,302,178,164,166,26.0,34.0,4.0,5.0,1.93,0.86,1.86,0.77,0.07,0.08,1.93,0.86,1.23,1.59,1,0,8,5,0,2,3,3,1,2,0.0635,0.0,1.7383,0.6859,0.0,0.0486,0.0991,0.0784,0.029,0.044,10,8,1,1,2,1,0,2,0,0,1.4105,0.5869,0.4493,0.1865,0.07,0.0225,0.0,0.061,0.0,0.0,13,12,16.56,20.69
4436347,2024-07-07,bra,2024,Brasileirao,15,Davi de Oliveira Lacerda,8287,Fortaleza,9863,Fluminense,1,1,0,42,58,19,11,6,3,9,7,4,1,0,0,14,4,5,7,12,3,4,0,4,0,25,13,13,14,1,2,0,0,1,0,22,10,17,7,1,3,24,28,3,5,62,52,44.0,29.0,18.0,23.0,8.0,9.0,314,456,241.0,385.0,102,195,139,190,25.0,17.0,8.0,5.0,2.03,0.35,1.82,0.23,0.2,0.11,2.03,0.35,,,1,0,11,2,2,2,3,4,2,3,0.1823,0.0,1.6072,0.0624,0.0638,0.0674,0.121,0.1298,0.0548,0.0857,9,8,1,0,7,1,2,2,0,0,1.7133,0.2348,0.1113,0.0,0.1618,0.0141,0.0428,0.0963,0.0,0.0,19,11,15.91,21.9
4436347,2024-07-07,bra,2024,Brasileirao,15,Davi de Oliveira Lacerda,9863,Fluminense,8287,Fortaleza,0,0,1,58,42,11,19,3,6,7,9,1,4,0,0,4,14,7,5,3,12,0,4,0,4,13,25,14,13,2,1,0,0,0,1,10,22,7,17,3,1,28,24,5,3,52,62,29.0,44.0,23.0,18.0,9.0,8.0,456,314,385.0,241.0,195,102,190,139,17.0,25.0,5.0,8.0,0.35,2.03,0.23,1.82,0.11,0.2,0.35,2.03,,,0,1,2,11,2,2,4,3,3,2,0.0,0.1823,0.0624,1.6072,0.0674,0.0638,0.1298,0.121,0.0857,0.0548,8,9,0,1,1,7,2,2,0,0,0.2348,1.7133,0.0,0.1113,0.0141,0.1618,0.0963,0.0428,0.0,0.0,11,19,21.9,15.91
4436348,2024-07-07,bra,2024,Brasileirao,15,João Vitor Gobi,165545,Atletico GO,10273,Athletico Paranaense,1,1,2,43,57,12,17,3,6,4,5,5,6,0,0,8,14,4,3,4,11,1,3,0,3,25,26,11,11,1,3,1,0,0,0,11,23,15,13,6,5,28,22,4,2,46,62,28.0,41.0,18.0,21.0,6.0,8.0,296,399,207.0,302.0,75,159,132,143,28.0,23.0,3.0,3.0,0.66,1.03,0.49,0.91,0.17,0.12,0.66,1.03,,,0,2,4,7,4,5,1,2,3,1,0.0,0.1724,0.3145,0.4805,0.2241,0.2292,0.0706,0.1294,0.0537,0.0197,6,10,2,3,1,3,3,1,0,0,0.422,0.7531,0.1345,0.1602,0.0723,0.0899,0.0342,0.0279,0.0,0.0,12,17,18.86,14.22
4436348,2024-07-07,bra,2024,Brasileirao,15,João Vitor Gobi,10273,Athletico Paranaense,165545,Atletico GO,0,2,1,57,43,17,12,6,3,5,4,6,5,0,0,14,8,3,4,11,4,3,1,3,0,26,25,11,11,3,1,0,1,0,0,23,11,13,15,5,6,22,28,2,4,62,46,41.0,28.0,21.0,18.0,8.0,6.0,399,296,302.0,207.0,159,75,143,132,23.0,28.0,3.0,3.0,1.03,0.66,0.91,0.49,0.12,0.17,1.03,0.66,,,2,0,7,4,5,4,2,1,1,3,0.1724,0.0,0.4805,0.3145,0.2292,0.2241,0.1294,0.0706,0.0197,0.0537,10,6,3,2,3,1,1,3,0,0,0.7531,0.422,0.1602,0.1345,0.0899,0.0723,0.0279,0.0342,0.0,0.0,17,12,14.22,18.86
4436349,2024-07-07,bra,2024,Brasileirao,15,Matheus Delgado Candançan,10274,Juventude,9769,Gremio,1,3,0,48,52,14,13,6,5,6,3,2,5,0,1,8,5,6,8,3,8,4,2,3,2,15,18,14,10,1,3,0,0,0,2,13,12,10,5,5,2,17,16,5,3,32,41,25.0,31.0,7.0,10.0,3.0,6.0,433,467,371.0,392.0,221,211,150,181,27.0,14.0,4.0,3.0,1.66,0.77,1.47,0.57,0.19,0.19,1.66,0.77,2.33,0.77,1,0,7,3,0,2,2,6,4,2,0.3902,0.0,1.1102,0.4712,0.0,0.0688,0.0579,0.1752,0.1118,0.054,11,7,1,2,0,2,2,2,0,0,1.2018,0.5024,0.2749,0.0726,0.0,0.1361,0.1935,0.0582,0.0,0.0,14,13,17.87,21.43
4436349,2024-07-07,bra,2024,Brasileirao,15,Matheus Delgado Candançan,9769,Gremio,10274,Juventude,0,0,3,52,48,13,14,5,6,3,6,5,2,1,0,5,8,8,6,8,3,2,4,2,3,18,15,10,14,3,1,0,0,2,0,12,13,5,10,2,5,16,17,3,5,41,32,31.0,25.0,10.0,7.0,6.0,3.0,467,433,392.0,371.0,211,221,181,150,14.0,27.0,3.0,4.0,0.77,1.66,0.57,1.47,0.19,0.19,0.77,1.66,0.77,2.33,0,1,3,7,2,0,6,2,2,4,0.0,0.3902,0.4712,1.1102,0.0688,0.0,0.1752,0.0579,0.054,0.1118,7,11,2,1,2,0,2,2,0,0,0.5024,1.2018,0.0726,0.2749,0.1361,0.0,0.0582,0.1935,0.0,0.0,13,14,21.43,17.87
4436311,2024-07-10,bra,2024,Brasileirao,16,Rafael Rodrigo Klein,10276,Vasco da Gama,9808,Corinthians,1,2,0,50,50,14,11,3,2,5,7,6,2,0,0,8,5,6,6,7,5,0,0,0,0,32,12,15,10,3,5,0,0,3,1,25,18,10,5,2,5,22,26,2,1,63,53,45.0,39.0,18.0,14.0,13.0,7.0,370,372,310.0,304.0,119,163,191,141,24.0,16.0,6.0,4.0,0.93,0.42,0.56,0.15,0.37,0.27,0.93,0.42,0.9,0.47,1,1,5,2,2,2,6,4,0,2,0.0453,0.0621,0.5121,0.1159,0.0866,0.0683,0.3371,0.1042,0.0,0.0475,6,4,1,1,6,2,1,4,0,0,0.4479,0.1289,0.1108,0.0204,0.3884,0.1085,0.0341,0.1402,0.0,0.0,14,11,16.97,22.37
4436311,2024-07-10,bra,2024,Brasileirao,16,Rafael Rodrigo Klein,9808,Corinthians,10276,Vasco da Gama,0,0,2,50,50,11,14,2,3,7,5,2,6,0,0,5,8,6,6,5,7,0,0,0,0,12,32,10,15,5,3,0,0,1,3,18,25,5,10,5,2,26,22,1,2,53,63,39.0,45.0,14.0,18.0,7.0,13.0,372,370,304.0,310.0,163,119,141,191,16.0,24.0,4.0,6.0,0.42,0.93,0.15,0.56,0.27,0.37,0.42,0.93,0.47,0.9,1,1,2,5,2,2,4,6,2,0,0.0621,0.0453,0.1159,0.5121,0.0683,0.0866,0.1042,0.3371,0.0475,0.0,4,6,1,1,2,6,4,1,0,0,0.1289,0.4479,0.0204,0.1108,0.1085,0.3884,0.1402,0.0341,0.0,0.0,11,14,22.37,16.97
4436314,2024-07-10,bra,2024,Brasileirao,16,Felipe Fernandes de Lima,10273,Athletico Paranaense,7877,Bahia,1,1,3,52,48,22,7,8,5,9,2,5,0,0,0,14,4,8,3,9,2,5,2,4,1,33,12,13,13,2,4,0,0,3,2,11,17,5,11,0,4,11,39,2,7,47,62,32.0,41.0,15.0,21.0,8.0,11.0,477,457,401.0,380.0,172,254,229,126,25.0,26.0,6.0,2.0,1.93,1.3,1.77,1.25,0.16,0.05,1.93,1.3,1.71,1.94,2,2,10,0,2,2,6,2,2,1,0.8862,0.8442,0.7609,0.0,0.0716,0.128,0.1504,0.1597,0.0575,0.1202,17,4,0,1,1,1,4,1,0,0,1.7854,1.0783,0.0,0.1202,0.0498,0.0196,0.0915,0.0339,0.0,0.0,22,7,18.12,17.54
4436314,2024-07-10,bra,2024,Brasileirao,16,Felipe Fernandes de Lima,7877,Bahia,10273,Athletico Paranaense,0,3,1,48,52,7,22,5,8,2,9,0,5,0,0,4,14,3,8,2,9,2,5,1,4,12,33,13,13,4,2,0,0,2,3,17,11,11,5,4,0,39,11,7,2,62,47,41.0,32.0,21.0,15.0,11.0,8.0,457,477,380.0,401.0,254,172,126,229,26.0,25.0,2.0,6.0,1.3,1.93,1.25,1.77,0.05,0.16,1.3,1.93,1.94,1.71,2,2,0,10,2,2,2,6,1,2,0.8442,0.8862,0.0,0.7609,0.128,0.0716,0.1597,0.1504,0.1202,0.0575,4,17,1,0,1,1,1,4,0,0,1.0783,1.7854,0.1202,0.0,0.0196,0.0498,0.0339,0.0915,0.0,0.0,7,22,17.54,18.12
4436318,2024-07-10,bra,2024,Brasileirao,16,Bruno Arleu de Araujo,9769,Gremio,9781,Cruzeiro,1,0,2,45,55,8,14,3,6,3,4,2,4,0,0,5,7,3,7,1,5,2,2,2,2,21,15,9,10,1,1,1,0,1,1,28,18,12,14,4,2,5,19,4,3,67,47,56.0,37.0,11.0,10.0,18.0,11.0,465,588,388.0,515.0,176,303,212,212,33.0,23.0,2.0,5.0,1.01,1.03,0.94,0.71,0.07,0.32,1.01,1.03,0.89,1.07,0,0,3,6,2,1,1,5,2,2,0.0,0.0,0.9007,0.6071,0.1103,0.0131,0.0207,0.2681,0.0514,0.0321,6,7,0,1,0,5,2,1,0,0,1.0271,0.5165,0.0,0.0852,0.0,0.1422,0.0559,0.1766,0.0,0.0,8,14,20.95,17.37
4436318,2024-07-10,bra,2024,Brasileirao,16,Bruno Arleu de Araujo,9781,Cruzeiro,9769,Gremio,0,2,0,55,45,14,8,6,3,4,3,4,2,0,0,7,5,7,3,5,1,2,2,2,2,15,21,10,9,1,1,0,1,1,1,18,28,14,12,2,4,19,5,3,4,47,67,37.0,56.0,10.0,11.0,11.0,18.0,588,465,515.0,388.0,303,176,212,212,23.0,33.0,5.0,2.0,1.03,1.01,0.71,0.94,0.32,0.07,1.03,1.01,1.07,0.89,0,0,6,3,1,2,5,1,2,2,0.0,0.0,0.6071,0.9007,0.0131,0.1103,0.2681,0.0207,0.0321,0.0514,7,6,1,0,5,0,1,2,0,0,0.5165,1.0271,0.0852,0.0,0.1422,0.0,0.1766,0.0559,0.0,0.0,14,8,17.37,20.95
4436310,2024-07-11,bra,2024,Brasileirao,16,Edina Alves Batista,9770,Flamengo,8287,Fortaleza,1,1,2,70,30,21,7,7,2,9,3,5,2,1,0,11,3,10,4,9,4,3,0,2,0,29,11,9,11,1,1,0,0,2,4,14,13,6,5,2,4,10,26,1,6,47,40,31.0,27.0,16.0,13.0,8.0,5.0,572,246,494.0,168.0,186,94,308,74,28.0,27.0,6.0,1.0,2.05,0.39,0.55,0.37,0.71,0.02,1.26,0.39,2.03,1.08,1,1,7,0,3,2,5,1,5,3,0.1753,0.1544,1.4744,0.0,0.0994,0.0584,0.1962,0.1033,0.1159,0.0739,12,6,0,1,5,0,3,0,1,0,0.5563,0.3476,0.0,0.0425,0.3273,0.0,0.3891,0.0,0.7884,0.0,21,7,18.8,21.67
4436310,2024-07-11,bra,2024,Brasileirao,16,Edina Alves Batista,8287,Fortaleza,9770,Flamengo,0,2,1,30,70,7,21,2,7,3,9,2,5,0,1,3,11,4,10,4,9,0,3,0,2,11,29,11,9,1,1,0,0,4,2,13,14,5,6,4,2,26,10,6,1,40,47,27.0,31.0,13.0,16.0,5.0,8.0,246,572,168.0,494.0,94,186,74,308,27.0,28.0,1.0,6.0,0.39,2.05,0.37,0.55,0.02,0.71,0.39,1.26,1.08,2.03,1,1,0,7,2,3,1,5,3,5,0.1544,0.1753,0.0,1.4744,0.0584,0.0994,0.1033,0.1962,0.0739,0.1159,6,12,1,0,0,5,0,3,0,1,0.3476,0.5563,0.0425,0.0,0.0,0.3273,0.0,0.3891,0.0,0.7884,7,21,21.67,18.8
4436312,2024-07-11,bra,2024,Brasileirao,16,Wagner do Nascimento Magalhaes,10283,Palmeiras,165545,Atletico GO,1,3,1,64,36,23,11,6,3,13,4,4,4,1,1,15,2,8,9,9,2,5,1,4,1,38,12,9,19,2,2,0,0,0,1,13,22,8,8,4,4,13,29,2,4,58,55,41.0,42.0,17.0,13.0,9.0,12.0,549,307,469.0,222.0,221,101,248,121,36.0,19.0,9.0,3.0,3.31,0.47,2.76,0.37,0.55,0.1,3.31,0.47,2.99,0.47,3,1,10,1,2,0,7,3,1,6,1.1299,0.135,1.9324,0.0715,0.0254,0.0,0.2164,0.1398,0.0098,0.1199,10,8,1,2,7,0,5,1,0,0,2.4119,0.3226,0.3484,0.0721,0.2587,0.0,0.295,0.0715,0.0,0.0,23,11,16.22,24.43
4436312,2024-07-11,bra,2024,Brasileirao,16,Wagner do Nascimento Magalhaes,165545,Atletico GO,10283,Palmeiras,0,1,3,36,64,11,23,3,6,4,13,4,4,1,1,2,15,9,8,2,9,1,5,1,4,12,38,19,9,2,2,0,0,1,0,22,13,8,8,4,4,29,13,4,2,55,58,42.0,41.0,13.0,17.0,12.0,9.0,307,549,222.0,469.0,101,221,121,248,19.0,36.0,3.0,9.0,0.47,3.31,0.37,2.76,0.1,0.55,0.47,3.31,0.47,2.99,1,3,1,10,0,2,3,7,6,1,0.135,1.1299,0.0715,1.9324,0.0,0.0254,0.1398,0.2164,0.1199,0.0098,8,10,2,1,0,7,1,5,0,0,0.3226,2.4119,0.0721,0.3484,0.0,0.2587,0.0715,0.295,0.0,0.0,11,23,24.43,16.22
4436316,2024-07-11,bra,2024,Brasileirao,16,Anderson Daronco,7729,Criciuma,9863,Fluminense,1,1,1,40,60,13,18,4,10,5,2,4,6,0,0,5,11,8,7,2,5,3,4,2,3,17,33,15,7,2,1,0,0,2,1,23,17,10,15,6,4,29,18,9,3,51,61,37.0,47.0,14.0,14.0,7.0,17.0,385,590,303.0,511.0,136,228,167,283,29.0,20.0,1.0,5.0,1.08,2.13,1.08,1.7,0.0,0.44,1.08,2.13,,,1,3,3,4,1,4,3,6,5,1,0.2379,1.4148,0.6064,0.38,0.0433,0.1635,0.127,0.1961,0.1249,0.0112,12,13,1,1,0,4,0,0,0,0,1.1129,1.6637,0.0265,0.0323,0.0,0.4696,0.0,0.0,0.0,0.0,13,18,20.92,16.84
4436316,2024-07-11,bra,2024,Brasileirao,16,Anderson Daronco,9863,Fluminense,7729,Criciuma,0,1,1,60,40,18,13,10,4,2,5,6,4,0,0,11,5,7,8,5,2,4,3,3,2,33,17,7,15,1,2,0,0,1,2,17,23,15,10,4,6,18,29,3,9,61,51,47.0,37.0,14.0,14.0,17.0,7.0,590,385,511.0,303.0,228,136,283,167,20.0,29.0,5.0,1.0,2.13,1.08,1.7,1.08,0.44,0.0,2.13,1.08,,,3,1,4,3,4,1,6,3,1,5,1.4148,0.2379,0.38,0.6064,0.1635,0.0433,0.1961,0.127,0.0112,0.1249,13,12,1,1,4,0,0,0,0,0,1.6637,1.1129,0.0323,0.0265,0.4696,0.0,0.0,0.0,0.0,0.0,18,13,16.84,20.92
4436308,2024-07-12,bra,2024,Brasileirao,16,Marcelo de Lima Henrique,10272,Atletico MG,10277,Sao Paulo,1,2,1,62,38,14,11,5,4,7,4,2,3,0,0,3,8,11,3,2,6,2,2,0,2,17,17,9,13,2,1,0,1,0,0,20,13,10,10,3,2,15,16,3,3,51,49,41.0,30.0,10.0,19.0,9.0,8.0,608,365,546.0,298.0,267,138,279,160,27.0,22.0,0.0,2.0,0.63,1.38,0.3,1.27,0.33,0.11,0.63,1.38,1.7,1.22,1,1,1,7,1,0,2,1,9,2,0.2361,0.2689,0.1551,1.014,0.018,0.0,0.0663,0.0815,0.1572,0.0402,10,7,0,1,0,3,4,0,0,0,0.2989,1.1212,0.0,0.17,0.0,0.1134,0.3337,0.0,0.0,0.0,14,11,24.89,14.42
4436308,2024-07-12,bra,2024,Brasileirao,16,Marcelo de Lima Henrique,10277,Sao Paulo,10272,Atletico MG,0,1,2,38,62,11,14,4,5,4,7,3,2,0,0,8,3,3,11,6,2,2,2,2,0,17,17,13,9,1,2,1,0,0,0,13,20,10,10,2,3,16,15,3,3,49,51,30.0,41.0,19.0,10.0,8.0,9.0,365,608,298.0,546.0,138,267,160,279,22.0,27.0,2.0,0.0,1.38,0.63,1.27,0.3,0.11,0.33,1.38,0.63,1.22,1.7,1,1,7,1,0,1,1,2,2,9,0.2689,0.2361,1.014,0.1551,0.0,0.018,0.0815,0.0663,0.0402,0.1572,7,10,1,0,3,0,0,4,0,0,1.1212,0.2989,0.17,0.0,0.1134,0.0,0.0,0.3337,0.0,0.0,11,14,14.42,24.89
4436309,2024-07-12,bra,2024,Brasileirao,16,Ramon Abatti,7733,Vitoria,8517,Botafogo RJ,1,0,1,46,54,11,15,5,4,5,8,1,3,1,0,9,12,2,3,4,5,3,3,3,2,17,22,16,24,2,3,0,0,2,2,26,24,7,12,3,2,11,27,3,4,72,61,58.0,44.0,14.0,17.0,8.0,4.0,386,462,320.0,399.0,211,222,109,177,21.0,28.0,5.0,7.0,1.02,2.35,0.46,1.35,0.56,0.21,1.02,1.56,0.87,1.2,2,1,7,9,0,2,2,2,0,1,0.4252,0.6008,0.5586,1.5998,0.0,0.1227,0.0355,0.0417,0.0,0.0077,4,10,1,0,2,3,4,1,0,1,0.2647,1.3792,0.198,0.0,0.2388,0.136,0.3178,0.0692,0.0,0.7884,11,15,14.61,15.49
4436309,2024-07-12,bra,2024,Brasileirao,16,Ramon Abatti,8517,Botafogo RJ,7733,Vitoria,0,1,0,54,46,15,11,4,5,8,5,3,1,0,1,12,9,3,2,5,4,3,3,2,3,22,17,24,16,3,2,0,0,2,2,24,26,12,7,2,3,27,11,4,3,61,72,44.0,58.0,17.0,14.0,4.0,8.0,462,386,399.0,320.0,222,211,177,109,28.0,21.0,7.0,5.0,2.35,1.02,1.35,0.46,0.21,0.56,1.56,1.02,1.2,0.87,1,2,9,7,2,0,2,2,1,0,0.6008,0.4252,1.5998,0.5586,0.1227,0.0,0.0417,0.0355,0.0077,0.0,10,4,0,1,3,2,1,4,1,0,1.3792,0.2647,0.0,0.198,0.136,0.2388,0.0692,0.3178,0.7884,0.0,15,11,15.49,14.61
4436307,2024-07-13,bra,2024,Brasileirao,17,Sávio Pereira Sampaio,9781,Cruzeiro,109705,Red Bull Bragantino,1,2,1,53,47,10,15,4,5,5,6,1,4,2,0,8,7,2,8,1,8,2,3,0,2,22,16,11,14,2,2,0,0,5,2,21,22,12,6,4,1,21,15,4,2,57,49,44.0,39.0,13.0,10.0,10.0,6.0,438,375,334.0,287.0,212,129,122,158,27.0,22.0,2.0,3.0,1.41,0.82,1.41,0.28,0.0,0.55,1.41,0.82,2.06,2.14,1,2,3,3,4,2,0,2,2,6,0.7245,0.4409,0.4197,0.2491,0.2232,0.0719,0.0,0.0343,0.0572,0.1435,10,9,0,0,0,4,0,2,0,0,1.4246,0.2725,0.0,0.0,0.0,0.4965,0.0,0.1707,0.0,0.0,10,15,15.46,19.78
4436307,2024-07-13,bra,2024,Brasileirao,17,Sávio Pereira Sampaio,109705,Red Bull Bragantino,9781,Cruzeiro,0,1,2,47,53,15,10,5,4,6,5,4,1,0,2,7,8,8,2,8,1,3,2,2,0,16,22,14,11,2,2,0,0,2,5,22,21,6,12,1,4,15,21,2,4,49,57,39.0,44.0,10.0,13.0,6.0,10.0,375,438,287.0,334.0,129,212,158,122,22.0,27.0,3.0,2.0,0.82,1.41,0.28,1.41,0.55,0.0,0.82,1.41,2.14,2.06,2,1,3,3,2,4,2,0,6,2,0.4409,0.7245,0.2491,0.4197,0.0719,0.2232,0.0343,0.0,0.1435,0.0572,9,10,0,0,4,0,2,0,0,0,0.2725,1.4246,0.0,0.0,0.4965,0.0,0.1707,0.0,0.0,0.0,15,10,19.78,15.46
4436319,2024-07-13,bra,2024,Brasileirao,17,Davi de Oliveira Lacerda,7877,Bahia,197815,Cuiaba,1,1,2,64,36,14,14,2,3,7,6,5,5,0,1,8,11,6,3,8,4,0,2,0,1,25,22,4,8,2,3,0,0,1,1,9,17,8,4,5,5,6,31,1,1,29,46,20.0,33.0,9.0,13.0,4.0,12.0,669,386,609.0,321.0,223,155,386,166,21.0,30.0,6.0,4.0,0.92,1.17,0.57,0.78,0.35,0.4,0.92,1.17,0.67,1.68,1,1,7,5,0,5,4,2,2,1,0.147,0.2584,0.4861,0.5877,0.0,0.189,0.2277,0.0887,0.0994,0.0182,9,8,0,0,3,5,2,1,0,0,0.5534,0.7154,0.0,0.0,0.2402,0.3666,0.1666,0.06,0.0,0.0,14,14,15.27,16.4
4436319,2024-07-13,bra,2024,Brasileirao,17,Davi de Oliveira Lacerda,197815,Cuiaba,7877,Bahia,0,2,1,36,64,14,14,3,2,6,7,5,5,1,0,11,8,3,6,4,8,2,0,1,0,22,25,8,4,3,2,0,0,1,1,17,9,4,8,5,5,31,6,1,1,46,29,33.0,20.0,13.0,9.0,12.0,4.0,386,669,321.0,609.0,155,223,166,386,30.0,21.0,4.0,6.0,1.17,0.92,0.78,0.57,0.4,0.35,1.17,0.92,1.68,0.67,1,1,5,7,5,0,2,4,1,2,0.2584,0.147,0.5877,0.4861,0.189,0.0,0.0887,0.2277,0.0182,0.0994,8,9,0,0,5,3,1,2,0,0,0.7154,0.5534,0.0,0.0,0.3666,0.2402,0.06,0.1666,0.0,0.0,14,14,16.4,15.27
4436326,2024-07-16,bra,2024,Brasileirao,17,Alex Gomes Stefano,10274,Juventude,10272,Atletico MG,1,1,1,27,73,8,20,2,5,2,10,4,5,0,0,3,9,5,11,1,8,1,3,0,3,7,36,8,12,2,1,0,0,1,3,18,19,19,1,6,4,33,6,3,1,45,57,34.0,42.0,11.0,15.0,5.0,18.0,246,681,174.0,603.0,78,263,96,340,18.0,32.0,2.0,7.0,0.88,1.77,0.84,1.31,0.03,0.46,0.88,1.77,1.32,0.76,0,2,3,4,0,3,3,7,2,4,0.0,0.2449,0.7599,1.0546,0.0,0.1118,0.0887,0.1974,0.0339,0.1156,6,11,1,0,0,5,1,4,0,0,0.2832,1.271,0.5652,0.0,0.0,0.3174,0.0342,0.1359,0.0,0.0,8,20,22.48,19.94
4436326,2024-07-16,bra,2024,Brasileirao,17,Alex Gomes Stefano,10272,Atletico MG,10274,Juventude,0,1,1,73,27,20,8,5,2,10,2,5,4,0,0,9,3,11,5,8,1,3,1,3,0,36,7,12,8,1,2,0,0,3,1,19,18,1,19,4,6,6,33,1,3,57,45,42.0,34.0,15.0,11.0,18.0,5.0,681,246,603.0,174.0,263,78,340,96,32.0,18.0,7.0,2.0,1.77,0.88,1.31,0.84,0.46,0.03,1.77,0.88,0.76,1.32,2,0,4,3,3,0,7,3,4,2,0.2449,0.0,1.0546,0.7599,0.1118,0.0,0.1974,0.0887,0.1156,0.0339,11,6,0,1,5,0,4,1,0,0,1.271,0.2832,0.0,0.5652,0.3174,0.0,0.1359,0.0342,0.0,0.0,20,8,19.94,22.48
4436322,2024-07-17,bra,2024,Brasileirao,17,Jonathan Benkenstein Pinheiro,9808,Corinthians,7729,Criciuma,1,2,1,54,46,14,16,7,4,5,8,2,4,0,0,6,8,8,8,5,5,3,1,1,1,17,11,10,17,1,0,0,0,0,0,28,20,17,14,4,3,9,22,3,4,65,59,50.0,37.0,15.0,22.0,7.0,9.0,415,358,331.0,269.0,140,139,191,130,25.0,17.0,5.0,6.0,0.72,1.18,0.51,1.01,0.21,0.17,0.72,1.18,,,1,1,5,5,1,2,5,6,2,2,0.1331,0.1156,0.2514,0.8504,0.0316,0.0367,0.2588,0.1354,0.0485,0.0412,11,12,0,0,1,3,2,1,0,0,0.5097,1.0126,0.0,0.0,0.0525,0.1535,0.161,0.013,0.0,0.0,14,16,19.72,19.53
4436322,2024-07-17,bra,2024,Brasileirao,17,Jonathan Benkenstein Pinheiro,7729,Criciuma,9808,Corinthians,0,1,2,46,54,16,14,4,7,8,5,4,2,0,0,8,6,8,8,5,5,1,3,1,1,11,17,17,10,0,1,0,0,0,0,20,28,14,17,3,4,22,9,4,3,59,65,37.0,50.0,22.0,15.0,9.0,7.0,358,415,269.0,331.0,139,140,130,191,17.0,25.0,6.0,5.0,1.18,0.72,1.01,0.51,0.17,0.21,1.18,0.72,,,1,1,5,5,2,1,6,5,2,2,0.1156,0.1331,0.8504,0.2514,0.0367,0.0316,0.1354,0.2588,0.0412,0.0485,12,11,0,0,3,1,1,2,0,0,1.0126,0.5097,0.0,0.0,0.1535,0.0525,0.013,0.161,0.0,0.0,16,14,19.53,19.72
4436323,2024-07-17,bra,2024,Brasileirao,17,Gustavo Ervino Bauermann,10277,Sao Paulo,9769,Gremio,1,1,0,54,46,14,19,8,5,3,7,3,7,1,0,8,11,6,8,8,9,2,3,2,3,18,19,16,8,4,3,1,0,0,0,22,16,9,7,7,3,17,15,5,7,49,57,37.0,41.0,12.0,16.0,8.0,11.0,468,391,395.0,322.0,217,187,178,135,24.0,13.0,8.0,4.0,0.88,1.48,0.78,1.1,0.1,0.39,0.88,1.48,1.45,0.47,0,1,3,5,5,5,5,5,1,3,0.0,0.2719,0.2433,0.6508,0.236,0.2843,0.23,0.204,0.0584,0.0701,8,13,2,0,4,3,0,3,0,0,0.4975,1.0951,0.1556,0.0,0.1146,0.1814,0.0,0.2046,0.0,0.0,14,19,18.83,16.67
4436323,2024-07-17,bra,2024,Brasileirao,17,Gustavo Ervino Bauermann,9769,Gremio,10277,Sao Paulo,0,0,1,46,54,19,14,5,8,7,3,7,3,0,1,11,8,8,6,9,8,3,2,3,2,19,18,8,16,3,4,0,1,0,0,16,22,7,9,3,7,15,17,7,5,57,49,41.0,37.0,16.0,12.0,11.0,8.0,391,468,322.0,395.0,187,217,135,178,13.0,24.0,4.0,8.0,1.48,0.88,1.1,0.78,0.39,0.1,1.48,0.88,0.47,1.45,1,0,5,3,5,5,5,5,3,1,0.2719,0.0,0.6508,0.2433,0.2843,0.236,0.204,0.23,0.0701,0.0584,13,8,0,2,3,4,3,0,0,0,1.0951,0.4975,0.0,0.1556,0.1814,0.1146,0.2046,0.0,0.0,0.0,19,14,16.67,18.83
4436325,2024-07-17,bra,2024,Brasileirao,17,Matheus Delgado Candançan,165545,Atletico GO,10276,Vasco da Gama,1,0,1,52,48,19,14,7,5,5,8,7,1,1,0,13,4,6,10,4,6,0,2,0,2,27,24,13,11,2,3,0,0,0,3,12,13,6,10,1,7,23,39,4,7,46,45,31.0,32.0,15.0,13.0,8.0,6.0,373,346,296.0,260.0,127,117,169,143,22.0,35.0,10.0,5.0,0.9,1.19,0.36,0.39,0.54,0.02,0.9,0.4,0.83,1.84,0,0,11,4,2,0,6,5,0,5,0.0,0.0,0.7172,0.952,0.0445,0.0,0.1344,0.1478,0.0,0.0926,10,12,0,0,5,1,4,0,0,1,0.358,0.3874,0.0,0.0,0.2742,0.0165,0.264,0.0,0.0,0.7884,19,14,17.01,25.87
4436325,2024-07-17,bra,2024,Brasileirao,17,Matheus Delgado Candançan,10276,Vasco da Gama,165545,Atletico GO,0,1,0,48,52,14,19,5,7,8,5,1,7,0,1,4,13,10,6,6,4,2,0,2,0,24,27,11,13,3,2,0,0,3,0,13,12,10,6,7,1,39,23,7,4,45,46,32.0,31.0,13.0,15.0,6.0,8.0,346,373,260.0,296.0,117,127,143,169,35.0,22.0,5.0,10.0,1.19,0.9,0.39,0.36,0.02,0.54,0.4,0.9,1.84,0.83,0,0,4,11,0,2,5,6,5,0,0.0,0.0,0.952,0.7172,0.0,0.0445,0.1478,0.1344,0.0926,0.0,12,10,0,0,1,5,0,4,1,0,0.3874,0.358,0.0,0.0,0.0165,0.2742,0.0,0.264,0.7884,0.0,14,19,25.87,17.01
4436321,2024-07-18,bra,2024,Brasileirao,17,Anderson Daronco,8517,Botafogo RJ,10283,Palmeiras,1,1,0,43,57,16,18,7,5,5,7,4,6,0,0,12,6,4,12,5,4,2,2,1,2,29,22,20,10,2,0,0,0,2,1,12,18,12,8,6,4,47,22,5,6,54,66,26.0,50.0,28.0,16.0,6.0,13.0,263,342,179.0,258.0,84,110,95,148,31.0,19.0,6.0,7.0,1.77,1.29,1.67,1.1,0.1,0.2,1.77,1.29,1.94,0.91,1,1,9,4,2,1,3,7,1,5,0.146,0.2945,1.3477,0.7043,0.1464,0.0169,0.1166,0.1916,0.0161,0.0855,12,12,1,0,3,3,0,3,0,0,1.6616,1.1036,0.0512,0.0,0.0599,0.1026,0.0,0.0866,0.0,0.0,16,18,15.46,22.44
4436321,2024-07-18,bra,2024,Brasileirao,17,Anderson Daronco,10283,Palmeiras,8517,Botafogo RJ,0,0,1,57,43,18,16,5,7,7,5,6,4,0,0,6,12,12,4,4,5,2,2,2,1,22,29,10,20,0,2,0,0,1,2,18,12,8,12,4,6,22,47,6,5,66,54,50.0,26.0,16.0,28.0,13.0,6.0,342,263,258.0,179.0,110,84,148,95,19.0,31.0,7.0,6.0,1.29,1.77,1.1,1.67,0.2,0.1,1.29,1.77,0.91,1.94,1,1,4,9,1,2,7,3,5,1,0.2945,0.146,0.7043,1.3477,0.0169,0.1464,0.1916,0.1166,0.0855,0.0161,12,12,0,1,3,3,3,0,0,0,1.1036,1.6616,0.0,0.0512,0.1026,0.0599,0.0866,0.0,0.0,0.0,18,16,22.44,15.46
4436324,2024-07-18,bra,2024,Brasileirao,17,Rafael Rodrigo Klein,8287,Fortaleza,7733,Vitoria,1,3,1,48,52,12,11,4,3,5,5,3,3,1,0,5,6,7,5,1,6,4,1,2,0,16,21,19,19,4,3,0,0,1,0,17,15,6,7,2,3,21,11,2,1,56,59,44.0,43.0,12.0,16.0,10.0,9.0,403,431,338.0,362.0,189,202,149,160,22.0,17.0,4.0,8.0,2.02,1.27,0.94,0.69,1.08,0.58,2.02,1.27,1.93,1.26,3,2,0,2,2,2,3,3,4,2,1.5337,0.7672,0.0,0.3352,0.2278,0.069,0.178,0.0628,0.0841,0.0333,9,7,0,0,0,3,3,1,0,0,0.9417,0.6884,0.0,0.0,0.0,0.2514,1.0819,0.3277,0.0,0.0,12,11,18.8,19.7
4436324,2024-07-18,bra,2024,Brasileirao,17,Rafael Rodrigo Klein,7733,Vitoria,8287,Fortaleza,0,1,3,52,48,11,12,3,4,5,5,3,3,0,1,6,5,5,7,6,1,1,4,0,2,21,16,19,19,3,4,0,0,0,1,15,17,7,6,3,2,11,21,1,2,59,56,43.0,44.0,16.0,12.0,9.0,10.0,431,403,362.0,338.0,202,189,160,149,17.0,22.0,8.0,4.0,1.27,2.02,0.69,0.94,0.58,1.08,1.27,2.02,1.26,1.93,2,3,2,0,2,2,3,3,2,4,0.7672,1.5337,0.3352,0.0,0.069,0.2278,0.0628,0.178,0.0333,0.0841,7,9,0,0,3,0,1,3,0,0,0.6884,0.9417,0.0,0.0,0.2514,0.0,0.3277,1.0819,0.0,0.0,11,12,19.7,18.8
4436373,2024-07-20,bra,2024,Brasileirao,18,Maguielson Lima Barbosa,9770,Flamengo,7729,Criciuma,1,2,1,63,37,15,16,6,4,7,7,2,5,1,0,9,6,6,10,7,4,4,1,2,0,26,19,12,21,4,7,0,1,0,1,13,21,5,8,5,2,23,27,3,4,59,54,41.0,42.0,18.0,12.0,8.0,9.0,481,283,409.0,214.0,172,104,237,110,19.0,18.0,2.0,4.0,2.49,1.23,0.66,0.34,0.25,0.89,0.91,1.23,3.27,1.83,1,1,8,4,0,1,4,7,2,3,0.0762,0.4593,2.3227,0.4234,0.0,0.0471,0.0619,0.2278,0.0226,0.0521,9,10,0,1,4,2,0,3,2,0,0.7023,0.2714,0.0,0.0556,0.2043,0.1966,0.0,0.686,1.5768,0.0,15,16,19.19,22.65
4436373,2024-07-20,bra,2024,Brasileirao,18,Maguielson Lima Barbosa,7729,Criciuma,9770,Flamengo,0,1,2,37,63,16,15,4,6,7,7,5,2,0,1,6,9,10,6,4,7,1,4,0,2,19,26,21,12,7,4,1,0,1,0,21,13,8,5,2,5,27,23,4,3,54,59,42.0,41.0,12.0,18.0,9.0,8.0,283,481,214.0,409.0,104,172,110,237,18.0,19.0,4.0,2.0,1.23,2.49,0.34,0.66,0.89,0.25,1.23,0.91,1.83,3.27,1,1,4,8,1,0,7,4,3,2,0.4593,0.0762,0.4234,2.3227,0.0471,0.0,0.2278,0.0619,0.0521,0.0226,10,9,1,0,2,4,3,0,0,2,0.2714,0.7023,0.0556,0.0,0.1966,0.2043,0.686,0.0,0.0,1.5768,16,15,22.65,19.19
4436374,2024-07-20,bra,2024,Brasileirao,18,Flavio Rodrigues De Souza,8517,Botafogo RJ,8702,Internacional,1,1,0,48,52,10,10,4,1,4,7,2,2,0,0,6,3,4,7,2,1,1,1,1,1,17,4,16,14,4,2,0,0,2,3,15,20,9,5,2,2,25,30,1,3,71,60,38.0,39.0,33.0,21.0,10.0,4.0,371,406,281.0,322.0,144,208,137,114,38.0,18.0,4.0,0.0,0.53,0.74,0.45,0.64,0.08,0.09,0.53,0.74,0.66,0.01,0,0,5,2,1,1,4,3,0,4,0.0,0.0,0.3127,0.21,0.0297,0.0254,0.1881,0.4244,0.0,0.0769,5,6,2,0,3,1,0,3,0,0,0.3013,0.6421,0.1481,0.0,0.0811,0.0092,0.0,0.0855,0.0,0.0,10,10,15.38,24.42
4436374,2024-07-20,bra,2024,Brasileirao,18,Flavio Rodrigues De Souza,8702,Internacional,8517,Botafogo RJ,0,0,1,52,48,10,10,1,4,7,4,2,2,0,0,3,6,7,4,1,2,1,1,1,1,4,17,14,16,2,4,0,0,3,2,20,15,5,9,2,2,30,25,3,1,60,71,39.0,38.0,21.0,33.0,4.0,10.0,406,371,322.0,281.0,208,144,114,137,18.0,38.0,0.0,4.0,0.74,0.53,0.64,0.45,0.09,0.08,0.74,0.53,0.01,0.66,0,0,2,5,1,1,3,4,4,0,0.0,0.0,0.21,0.3127,0.0254,0.0297,0.4244,0.1881,0.0769,0.0,6,5,0,2,1,3,3,0,0,0,0.6421,0.3013,0.0,0.1481,0.0092,0.0811,0.0855,0.0,0.0,0.0,10,10,24.42,15.38
4436327,2024-07-21,bra,2024,Brasileirao,18,Sávio Pereira Sampaio,9769,Gremio,7733,Vitoria,1,2,0,59,41,13,5,6,0,4,3,3,2,0,0,6,2,7,3,7,4,2,0,1,0,24,9,11,20,1,7,0,0,0,2,21,26,5,8,2,3,14,39,0,4,75,66,52.0,40.0,23.0,26.0,13.0,4.0,455,309,355.0,217.0,162,109,193,108,30.0,17.0,2.0,3.0,1.36,0.16,0.45,0.16,0.12,0.0,0.57,0.16,1.87,0.0,0,0,5,1,1,1,4,2,3,1,0.0,0.0,1.148,0.0657,0.03,0.0494,0.1495,0.0322,0.0399,0.0161,7,4,0,1,2,0,3,0,1,0,0.4633,0.1141,0.0,0.0494,0.0569,0.0,0.0589,0.0,0.7884,0.0,13,5,21.43,25.02
4436327,2024-07-21,bra,2024,Brasileirao,18,Sávio Pereira Sampaio,7733,Vitoria,9769,Gremio,0,0,2,41,59,5,13,0,6,3,4,2,3,0,0,2,6,3,7,4,7,0,2,0,1,9,24,20,11,7,1,0,0,2,0,26,21,8,5,3,2,39,14,4,0,66,75,40.0,52.0,26.0,23.0,4.0,13.0,309,455,217.0,355.0,109,162,108,193,17.0,30.0,3.0,2.0,0.16,1.36,0.16,0.45,0.0,0.12,0.16,0.57,0.0,1.87,0,0,1,5,1,1,2,4,1,3,0.0,0.0,0.0657,1.148,0.0494,0.03,0.0322,0.1495,0.0161,0.0399,4,7,1,0,0,2,0,3,0,1,0.1141,0.4633,0.0494,0.0,0.0,0.0569,0.0,0.0589,0.0,0.7884,5,13,25.02,21.43
4436328,2024-07-21,bra,2024,Brasileirao,18,Raphael Claus,10272,Atletico MG,10276,Vasco da Gama,1,2,0,54,46,15,8,3,1,4,5,8,2,0,0,7,4,8,4,6,1,2,1,0,1,18,12,13,6,1,1,0,0,1,0,28,31,7,7,2,8,16,24,1,0,56,65,44.0,52.0,12.0,13.0,11.0,8.0,525,431,448.0,356.0,234,157,214,199,21.0,24.0,3.0,5.0,2.19,0.64,2.11,0.46,0.08,0.18,2.19,0.64,0.0,0.42,3,2,4,1,1,1,6,4,1,0,1.7701,0.4379,0.256,0.0207,0.0174,0.102,0.124,0.0845,0.023,0.0,10,6,0,0,2,1,3,1,0,0,2.1141,0.4632,0.0,0.0,0.0285,0.0152,0.0478,0.1666,0.0,0.0,15,8,19.92,17.92
4436328,2024-07-21,bra,2024,Brasileirao,18,Raphael Claus,10276,Vasco da Gama,10272,Atletico MG,0,0,2,46,54,8,15,1,3,5,4,2,8,0,0,4,7,4,8,1,6,1,2,1,0,12,18,6,13,1,1,0,0,0,1,31,28,7,7,8,2,24,16,0,1,65,56,52.0,44.0,13.0,12.0,8.0,11.0,431,525,356.0,448.0,157,234,199,214,24.0,21.0,5.0,3.0,0.64,2.19,0.46,2.11,0.18,0.08,0.64,2.19,0.42,0.0,2,3,1,4,1,1,4,6,0,1,0.4379,1.7701,0.0207,0.256,0.102,0.0174,0.0845,0.124,0.0,0.023,6,10,0,0,1,2,1,3,0,0,0.4632,2.1141,0.0,0.0,0.0152,0.0285,0.1666,0.0478,0.0,0.0,8,15,17.92,19.92
4436375,2024-07-21,bra,2024,Brasileirao,18,Davi de Oliveira Lacerda,10283,Palmeiras,9781,Cruzeiro,1,2,0,43,57,15,8,5,2,5,4,5,2,0,0,8,5,7,3,6,4,4,1,3,1,21,10,16,16,4,4,0,0,0,3,7,16,11,9,2,5,19,19,2,3,51,61,32.0,40.0,19.0,21.0,9.0,9.0,303,413,209.0,329.0,96,182,113,147,33.0,26.0,4.0,4.0,1.32,0.55,1.22,0.36,0.1,0.19,1.32,0.55,1.53,0.34,1,0,5,3,2,2,7,2,0,1,0.6834,0.0,0.343,0.185,0.1007,0.2977,0.1936,0.0628,0.0,0.0076,9,4,2,0,3,2,1,2,0,0,1.114,0.3605,0.1042,0.0,0.0862,0.133,0.0165,0.0595,0.0,0.0,15,8,18.69,16.19
4436375,2024-07-21,bra,2024,Brasileirao,18,Davi de Oliveira Lacerda,9781,Cruzeiro,10283,Palmeiras,0,0,2,57,43,8,15,2,5,4,5,2,5,0,0,5,8,3,7,4,6,1,4,1,3,10,21,16,16,4,4,0,0,3,0,16,7,9,11,5,2,19,19,3,2,61,51,40.0,32.0,21.0,19.0,9.0,9.0,413,303,329.0,209.0,182,96,147,113,26.0,33.0,4.0,4.0,0.55,1.32,0.36,1.22,0.19,0.1,0.55,1.32,0.34,1.53,0,1,3,5,2,2,2,7,1,0,0.0,0.6834,0.185,0.343,0.2977,0.1007,0.0628,0.1936,0.0076,0.0,4,9,0,2,2,3,2,1,0,0,0.3605,1.114,0.0,0.1042,0.133,0.0862,0.0595,0.0165,0.0,0.0,8,15,16.19,18.69
4436376,2024-07-21,bra,2024,Brasileirao,18,Denis Ribeiro Serafim,109705,Red Bull Bragantino,10273,Athletico Paranaense,1,1,0,35,65,12,19,3,7,4,8,5,4,1,1,6,15,6,4,2,11,1,0,1,0,18,47,6,14,2,7,1,0,0,2,11,24,12,7,4,5,40,10,7,2,50,58,36.0,42.0,14.0,16.0,12.0,12.0,305,542,233.0,460.0,105,158,128,302,24.0,38.0,0.0,5.0,0.82,1.48,0.76,1.34,0.06,0.14,0.82,1.48,0.14,0.87,0,1,2,10,5,4,3,2,2,2,0.0,0.2046,0.1273,0.9233,0.5379,0.158,0.123,0.1528,0.0324,0.0432,9,15,1,0,0,3,2,1,0,0,0.7368,1.3406,0.0238,0.0,0.0,0.1069,0.06,0.0345,0.0,0.0,12,19,22.97,15.55
4436376,2024-07-21,bra,2024,Brasileirao,18,Denis Ribeiro Serafim,10273,Athletico Paranaense,109705,Red Bull Bragantino,0,0,1,65,35,19,12,7,3,8,4,4,5,1,1,15,6,4,6,11,2,0,1,0,1,47,18,14,6,7,2,0,1,2,0,24,11,7,12,5,4,10,40,2,7,58,50,42.0,36.0,16.0,14.0,12.0,12.0,542,305,460.0,233.0,158,105,302,128,38.0,24.0,5.0,0.0,1.48,0.82,1.34,0.76,0.14,0.06,1.48,0.82,0.87,0.14,1,0,10,2,4,5,2,3,2,2,0.2046,0.0,0.9233,0.1273,0.158,0.5379,0.1528,0.123,0.0432,0.0324,15,9,0,1,3,0,1,2,0,0,1.3406,0.7368,0.0,0.0238,0.1069,0.0,0.0345,0.06,0.0,0.0,19,12,15.55,22.97
4436377,2024-07-21,bra,2024,Brasileirao,18,Lucas Paulo Torezin,8287,Fortaleza,165545,Atletico GO,1,3,1,60,40,12,10,3,2,5,6,4,2,1,0,5,6,7,4,5,6,3,1,1,0,20,15,12,12,3,3,1,1,2,1,10,13,4,7,2,4,21,20,1,1,52,39,32.0,29.0,20.0,10.0,12.0,5.0,463,298,395.0,242.0,160,116,235,126,33.0,16.0,5.0,10.0,1.57,0.67,1.49,0.38,0.08,0.29,1.57,0.67,2.27,0.72,0,0,2,6,3,0,7,2,0,2,0.0,0.0,0.3746,0.5607,0.8638,0.0,0.164,0.0464,0.0,0.104,8,3,1,0,2,2,1,5,0,0,1.1142,0.3782,0.2112,0.0,0.0392,0.083,0.0378,0.2499,0.0,0.0,12,10,20.88,17.64
4436377,2024-07-21,bra,2024,Brasileirao,18,Lucas Paulo Torezin,165545,Atletico GO,8287,Fortaleza,0,1,3,40,60,10,12,2,3,6,5,2,4,0,1,6,5,4,7,6,5,1,3,0,1,15,20,12,12,3,3,1,1,1,2,13,10,7,4,4,2,20,21,1,1,39,52,29.0,32.0,10.0,20.0,5.0,12.0,298,463,242.0,395.0,116,160,126,235,16.0,33.0,10.0,5.0,0.67,1.57,0.38,1.49,0.29,0.08,0.67,1.57,0.72,2.27,0,0,6,2,0,3,2,7,2,0,0.0,0.0,0.5607,0.3746,0.0,0.8638,0.0464,0.164,0.104,0.0,3,8,0,1,2,2,5,1,0,0,0.3782,1.1142,0.0,0.2112,0.083,0.0392,0.2499,0.0378,0.0,0.0,10,12,17.64,20.88
4436378,2024-07-21,bra,2024,Brasileirao,18,Anderson Daronco,197815,Cuiaba,9863,Fluminense,1,0,1,47,53,16,10,6,4,5,6,5,0,0,0,7,9,9,1,6,4,1,3,1,2,19,19,19,6,1,2,0,1,1,1,25,30,6,5,0,5,7,17,3,6,59,65,41.0,56.0,18.0,9.0,11.0,8.0,414,469,358.0,407.0,177,214,181,193,25.0,30.0,6.0,6.0,0.64,1.29,0.57,0.82,0.07,0.47,0.64,1.29,1.75,1.12,0,1,5,6,2,2,6,1,3,0,0.0,0.1632,0.3352,1.0634,0.0586,0.0558,0.1911,0.0068,0.0566,0.0,11,5,2,0,3,4,0,1,0,0,0.5044,0.8173,0.069,0.0,0.0681,0.4651,0.0,0.0068,0.0,0.0,16,10,20.25,13.67
4436378,2024-07-21,bra,2024,Brasileirao,18,Anderson Daronco,9863,Fluminense,197815,Cuiaba,0,1,0,53,47,10,16,4,6,6,5,0,5,0,0,9,7,1,9,4,6,3,1,2,1,19,19,6,19,2,1,1,0,1,1,30,25,5,6,5,0,17,7,6,3,65,59,56.0,41.0,9.0,18.0,8.0,11.0,469,414,407.0,358.0,214,177,193,181,30.0,25.0,6.0,6.0,1.29,0.64,0.82,0.57,0.47,0.07,1.29,0.64,1.12,1.75,1,0,6,5,2,2,1,6,0,3,0.1632,0.0,1.0634,0.3352,0.0558,0.0586,0.0068,0.1911,0.0,0.0566,5,11,0,2,4,3,1,0,0,0,0.8173,0.5044,0.0,0.069,0.4651,0.0681,0.0068,0.0,0.0,0.0,10,16,13.67,20.25
4436379,2024-07-21,bra,2024,Brasileirao,18,Wilton Pereira Sampaio,10274,Juventude,10277,Sao Paulo,1,0,0,37,63,10,11,0,2,8,6,2,3,1,1,5,5,5,6,1,4,1,0,1,0,8,13,13,17,4,2,0,0,2,1,15,16,8,3,3,2,12,13,2,0,48,46,37.0,36.0,11.0,10.0,6.0,11.0,320,542,253.0,474.0,132,279,121,195,14.0,44.0,3.0,7.0,0.77,0.49,0.74,0.45,0.03,0.04,0.77,0.49,0.0,0.17,1,0,3,3,1,2,2,1,3,5,0.3193,0.0,0.3036,0.1807,0.0825,0.0921,0.0363,0.1406,0.0719,0.0724,8,8,1,1,0,1,1,1,0,0,0.7545,0.4359,0.0262,0.0149,0.0,0.0238,0.033,0.0112,0.0,0.0,10,11,18.66,21.01
4436379,2024-07-21,bra,2024,Brasileirao,18,Wilton Pereira Sampaio,10277,Sao Paulo,10274,Juventude,0,0,0,63,37,11,10,2,0,6,8,3,2,1,1,5,5,6,5,4,1,0,1,0,1,13,8,17,13,2,4,0,0,1,2,16,15,3,8,2,3,13,12,0,2,46,48,36.0,37.0,10.0,11.0,11.0,6.0,542,320,474.0,253.0,279,132,195,121,44.0,14.0,7.0,3.0,0.49,0.77,0.45,0.74,0.04,0.03,0.49,0.77,0.17,0.0,0,1,3,3,2,1,1,2,5,3,0.0,0.3193,0.1807,0.3036,0.0921,0.0825,0.1406,0.0363,0.0724,0.0719,8,8,1,1,1,0,1,1,0,0,0.4359,0.7545,0.0149,0.0262,0.0238,0.0,0.0112,0.033,0.0,0.0,11,10,21.01,18.66
4436383,2024-07-21,bra,2024,Brasileirao,18,Felipe Fernandes de Lima,7877,Bahia,9808,Corinthians,1,0,1,65,35,17,7,7,2,5,4,5,1,2,0,13,5,4,2,6,3,1,0,1,0,26,14,12,18,4,4,0,0,1,4,15,17,5,13,1,6,14,41,1,6,59,46,41.0,32.0,18.0,14.0,9.0,3.0,619,320,542.0,265.0,253,151,289,114,11.0,16.0,4.0,2.0,1.37,0.31,0.95,0.19,0.42,0.13,1.37,0.31,0.81,0.68,1,0,8,2,4,3,2,1,2,1,0.1249,0.0,1.4086,0.1289,0.1799,0.0923,0.1347,0.0268,0.0654,0.0261,13,1,0,2,1,1,3,3,0,0,1.0729,0.0268,0.0,0.1609,0.1249,0.0254,0.7157,0.061,0.0,0.0,17,7,16.27,20.21
4436383,2024-07-21,bra,2024,Brasileirao,18,Felipe Fernandes de Lima,9808,Corinthians,7877,Bahia,0,1,0,35,65,7,17,2,7,4,5,1,5,0,2,5,13,2,4,3,6,0,1,0,1,14,26,18,12,4,4,0,0,4,1,17,15,13,5,6,1,41,14,6,1,46,59,32.0,41.0,14.0,18.0,3.0,9.0,320,619,265.0,542.0,151,253,114,289,16.0,11.0,2.0,4.0,0.31,1.37,0.19,0.95,0.13,0.42,0.31,1.37,0.68,0.81,0,1,2,8,3,4,1,2,1,2,0.0,0.1249,0.1289,1.4086,0.0923,0.1799,0.0268,0.1347,0.0261,0.0654,1,13,2,0,1,1,3,3,0,0,0.0268,1.0729,0.1609,0.0,0.0254,0.1249,0.061,0.7157,0.0,0.0,7,17,20.21,16.27
4436186,2024-07-24,bra,2024,Brasileirao,3,Jonathan Benkenstein Pinheiro,7729,Criciuma,8287,Fortaleza,1,1,1,48,52,13,15,7,4,5,9,1,2,0,1,6,8,7,7,4,5,1,1,1,1,18,24,11,8,0,1,0,0,2,2,17,22,9,11,2,1,21,19,3,6,49,61,31.0,44.0,18.0,17.0,9.0,12.0,394,423,302.0,337.0,124,161,178,176,25.0,32.0,4.0,7.0,0.48,1.62,0.42,1.49,0.06,0.14,0.48,1.62,0.95,0.94,0,0,5,7,1,1,2,4,5,3,0.0,0.0,0.1802,1.3576,0.0641,0.0424,0.1332,0.1764,0.1042,0.0473,8,8,1,3,2,3,2,1,0,0,0.3138,1.1398,0.1108,0.3468,0.0204,0.0657,0.0368,0.0714,0.0,0.0,13,15,19.57,18.64
4436186,2024-07-24,bra,2024,Brasileirao,3,Jonathan Benkenstein Pinheiro,8287,Fortaleza,7729,Criciuma,0,1,1,52,48,15,13,4,7,9,5,2,1,1,0,8,6,7,7,5,4,1,1,1,1,24,18,8,11,1,0,0,0,2,2,22,17,11,9,1,2,19,21,6,3,61,49,44.0,31.0,17.0,18.0,12.0,9.0,423,394,337.0,302.0,161,124,176,178,32.0,25.0,7.0,4.0,1.62,0.48,1.49,0.42,0.14,0.06,1.62,0.48,0.94,0.95,0,0,7,5,1,1,4,2,3,5,0.0,0.0,1.3576,0.1802,0.0424,0.0641,0.1764,0.1332,0.0473,0.1042,8,8,3,1,3,2,1,2,0,0,1.1398,0.3138,0.3468,0.1108,0.0657,0.0204,0.0714,0.0368,0.0,0.0,15,13,18.64,19.57
4436381,2024-07-24,bra,2024,Brasileirao,19,Maguielson Lima Barbosa,9781,Cruzeiro,10274,Juventude,1,2,0,55,45,12,7,5,2,3,2,4,3,0,0,8,3,4,4,6,5,3,2,1,2,22,7,14,14,3,3,0,1,0,2,11,15,3,10,3,3,23,17,2,3,40,42,30.0,32.0,10.0,10.0,7.0,4.0,421,339,359.0,273.0,167,182,192,91,28.0,24.0,4.0,2.0,2.47,0.87,0.84,0.03,0.05,0.84,0.89,0.87,2.83,0.26,0,1,9,1,0,1,2,4,1,0,0.0,0.1625,2.1138,0.2521,0.0,0.0295,0.0745,0.1115,0.0235,0.0,8,2,0,0,2,0,0,5,2,0,0.5807,0.0348,0.0,0.0,0.0542,0.0,0.0,0.5206,1.5768,0.0,12,7,15.52,21.69
4436381,2024-07-24,bra,2024,Brasileirao,19,Maguielson Lima Barbosa,10274,Juventude,9781,Cruzeiro,0,0,2,45,55,7,12,2,5,2,3,3,4,0,0,3,8,4,4,5,6,2,3,2,1,7,22,14,14,3,3,1,0,2,0,15,11,10,3,3,3,17,23,3,2,42,40,32.0,30.0,10.0,10.0,4.0,7.0,339,421,273.0,359.0,182,167,91,192,24.0,28.0,2.0,4.0,0.87,2.47,0.03,0.84,0.84,0.05,0.87,0.89,0.26,2.83,1,0,1,9,1,0,4,2,0,1,0.1625,0.0,0.2521,2.1138,0.0295,0.0,0.1115,0.0745,0.0,0.0235,2,8,0,0,0,2,5,0,0,2,0.0348,0.5807,0.0,0.0,0.0,0.0542,0.5206,0.0,0.0,1.5768,7,12,21.69,15.52
4436382,2024-07-24,bra,2024,Brasileirao,19,Raphael Claus,7733,Vitoria,9770,Flamengo,1,1,2,43,57,10,8,3,4,6,3,1,1,0,0,6,7,4,1,4,8,3,2,2,1,12,26,9,15,1,1,0,0,0,2,21,22,10,5,2,1,24,16,1,2,49,57,41.0,41.0,8.0,16.0,6.0,11.0,377,507,306.0,423.0,203,235,103,188,18.0,26.0,7.0,4.0,1.44,1.03,0.61,0.66,0.84,0.37,1.44,1.03,1.74,1.73,1,1,4,2,1,4,3,0,1,1,0.8086,0.1484,0.5407,0.5653,0.0193,0.3047,0.0516,0.0,0.0242,0.0108,5,4,2,1,2,3,1,0,0,0,0.3393,0.3024,0.2673,0.3543,0.8278,0.3724,0.0099,0.0,0.0,0.0,10,8,18.41,14.35
4436382,2024-07-24,bra,2024,Brasileirao,19,Raphael Claus,9770,Flamengo,7733,Vitoria,0,2,1,57,43,8,10,4,3,3,6,1,1,0,0,7,6,1,4,8,4,2,3,1,2,26,12,15,9,1,1,0,0,2,0,22,21,5,10,1,2,16,24,2,1,57,49,41.0,41.0,16.0,8.0,11.0,6.0,507,377,423.0,306.0,235,203,188,103,26.0,18.0,4.0,7.0,1.03,1.44,0.66,0.61,0.37,0.84,1.03,1.44,1.73,1.74,1,1,2,4,4,1,0,3,1,1,0.1484,0.8086,0.5653,0.5407,0.3047,0.0193,0.0,0.0516,0.0108,0.0242,4,5,1,2,3,2,0,1,0,0,0.3024,0.3393,0.3543,0.2673,0.3724,0.8278,0.0,0.0099,0.0,0.0,8,10,14.35,18.41
4436386,2024-07-24,bra,2024,Brasileirao,19,Felipe Fernandes de Lima,10277,Sao Paulo,8517,Botafogo RJ,1,2,2,69,31,15,12,6,6,5,4,4,2,0,0,10,11,5,1,7,1,3,3,1,1,19,19,17,22,4,3,0,0,0,0,21,19,7,7,1,4,7,18,4,4,60,50,49.0,40.0,11.0,10.0,7.0,6.0,593,265,530.0,204.0,269,125,261,79,34.0,22.0,7.0,5.0,2.03,1.71,1.11,0.84,0.13,0.07,1.24,0.92,2.4,2.41,0,1,7,8,3,2,3,1,2,0,0.0,0.1807,1.8297,1.3957,0.0958,0.0674,0.0752,0.0671,0.0264,0.0,8,7,1,1,2,0,3,3,1,1,0.5621,0.5838,0.5437,0.2642,0.0818,0.0,0.0512,0.0745,0.7884,0.7884,15,12,18.75,12.41
4436386,2024-07-24,bra,2024,Brasileirao,19,Felipe Fernandes de Lima,8517,Botafogo RJ,10277,Sao Paulo,0,2,2,31,69,12,15,6,6,4,5,2,4,0,0,11,10,1,5,1,7,3,3,1,1,19,19,22,17,3,4,0,0,0,0,19,21,7,7,4,1,18,7,4,4,50,60,40.0,49.0,10.0,11.0,6.0,7.0,265,593,204.0,530.0,125,269,79,261,22.0,34.0,5.0,7.0,1.71,2.03,0.84,1.11,0.07,0.13,0.92,1.24,2.41,2.4,1,0,8,7,2,3,1,3,0,2,0.1807,0.0,1.3957,1.8297,0.0674,0.0958,0.0671,0.0752,0.0,0.0264,7,8,1,1,0,2,3,3,1,1,0.5838,0.5621,0.2642,0.5437,0.0,0.0818,0.0745,0.0512,0.7884,0.7884,12,15,12.41,18.75
4436372,2024-07-25,bra,2024,Brasileirao,19,Wilton Pereira Sampaio,9863,Fluminense,10283,Palmeiras,1,1,0,50,50,14,7,2,1,7,2,5,4,0,0,8,0,6,7,4,2,2,0,2,0,21,4,14,19,2,3,0,0,1,1,25,17,6,10,4,5,19,23,1,1,67,48,52.0,34.0,15.0,14.0,9.0,3.0,442,438,373.0,376.0,192,184,181,192,13.0,26.0,4.0,0.0,0.95,0.13,0.77,0.09,0.19,0.04,0.95,0.13,1.11,0.06,1,0,6,0,1,0,6,5,0,2,0.2091,0.0,0.589,0.0,0.0189,0.0,0.1357,0.0906,0.0,0.0437,9,5,1,0,2,1,2,1,0,0,0.5576,0.0933,0.2077,0.0,0.07,0.0138,0.1175,0.0272,0.0,0.0,14,7,19.0,28.98
4436372,2024-07-25,bra,2024,Brasileirao,19,Wilton Pereira Sampaio,10283,Palmeiras,9863,Fluminense,0,0,1,50,50,7,14,1,2,2,7,4,5,0,0,0,8,7,6,2,4,0,2,0,2,4,21,19,14,3,2,0,0,1,1,17,25,10,6,5,4,23,19,1,1,48,67,34.0,52.0,14.0,15.0,3.0,9.0,438,442,376.0,373.0,184,192,192,181,26.0,13.0,0.0,4.0,0.13,0.95,0.09,0.77,0.04,0.19,0.13,0.95,0.06,1.11,0,1,0,6,0,1,5,6,2,0,0.0,0.2091,0.0,0.589,0.0,0.0189,0.0906,0.1357,0.0437,0.0,5,9,0,1,1,2,1,2,0,0,0.0933,0.5576,0.0,0.2077,0.0138,0.07,0.0272,0.1175,0.0,0.0,7,14,28.98,19.0
4436385,2024-07-25,bra,2024,Brasileirao,19,Alex Gomes Stefano,9808,Corinthians,9769,Gremio,1,2,2,64,36,14,18,7,7,4,7,3,4,0,0,7,10,7,8,4,5,2,0,1,0,20,24,21,17,1,2,0,0,1,2,20,24,11,13,4,3,15,12,5,5,56,63,38.0,53.0,18.0,10.0,2.0,9.0,474,272,400.0,194.0,195,84,205,110,20.0,16.0,4.0,4.0,1.62,0.95,0.33,0.16,0.5,0.8,0.83,0.95,1.95,0.66,2,1,3,7,2,2,5,5,2,3,0.4433,0.2307,0.9099,0.495,0.0752,0.0663,0.1476,0.1066,0.0484,0.0496,7,5,0,0,5,4,1,9,1,0,0.3288,0.128,0.0,0.0,0.4701,0.0888,0.0371,0.7313,0.7884,0.0,14,18,18.68,20.97
4436385,2024-07-25,bra,2024,Brasileirao,19,Alex Gomes Stefano,9769,Gremio,9808,Corinthians,0,2,2,36,64,18,14,7,7,7,4,4,3,0,0,10,7,8,7,5,4,0,2,0,1,24,20,17,21,2,1,0,0,2,1,24,20,13,11,3,4,12,15,5,5,63,56,53.0,38.0,10.0,18.0,9.0,2.0,272,474,194.0,400.0,84,195,110,205,16.0,20.0,4.0,4.0,0.95,1.62,0.16,0.33,0.8,0.5,0.95,0.83,0.66,1.95,1,2,7,3,2,2,5,5,3,2,0.2307,0.4433,0.495,0.9099,0.0663,0.0752,0.1066,0.1476,0.0496,0.0484,5,7,0,0,4,5,9,1,0,1,0.128,0.3288,0.0,0.0,0.0888,0.4701,0.7313,0.0371,0.0,0.7884,18,14,20.97,18.68
4436388,2024-07-25,bra,2024,Brasileirao,19,Luciano da Silva Miranda Filho,165545,Atletico GO,7877,Bahia,1,1,1,29,71,15,7,4,2,9,4,2,1,0,1,9,5,6,2,8,4,1,1,1,1,18,12,18,12,3,4,3,0,4,3,13,11,11,4,1,2,25,30,1,4,44,47,31.0,30.0,13.0,17.0,8.0,3.0,223,584,153.0,500.0,76,219,77,281,17.0,25.0,6.0,4.0,1.07,0.85,0.93,0.23,0.13,0.62,1.07,0.85,0.82,0.74,0,1,6,1,3,2,2,2,4,1,0.0,0.3926,0.4875,0.0408,0.4552,0.1101,0.0179,0.1581,0.1081,0.0035,10,6,2,0,1,0,2,1,0,0,0.5087,0.6143,0.4264,0.0,0.0712,0.0,0.0623,0.0907,0.0,0.0,15,7,19.69,19.01
4436388,2024-07-25,bra,2024,Brasileirao,19,Luciano da Silva Miranda Filho,7877,Bahia,165545,Atletico GO,0,1,1,71,29,7,15,2,4,4,9,1,2,1,0,5,9,2,6,4,8,1,1,1,1,12,18,12,18,4,3,0,3,3,4,11,13,4,11,2,1,30,25,4,1,47,44,30.0,31.0,17.0,13.0,3.0,8.0,584,223,500.0,153.0,219,76,281,77,25.0,17.0,4.0,6.0,0.85,1.07,0.23,0.93,0.62,0.13,0.85,1.07,0.74,0.82,1,0,1,6,2,3,2,2,1,4,0.3926,0.0,0.0408,0.4875,0.1101,0.4552,0.1581,0.0179,0.0035,0.1081,6,10,0,2,0,1,1,2,0,0,0.6143,0.5087,0.0,0.4264,0.0,0.0712,0.0907,0.0623,0.0,0.0,7,15,19.01,19.69
4436356,2024-07-27,bra,2024,Brasileirao,20,João Vitor Gobi,10274,Juventude,7729,Criciuma,1,1,2,58,42,12,14,5,7,4,4,3,3,0,0,6,8,6,6,5,7,0,3,0,1,19,19,13,18,1,2,0,0,1,0,18,13,5,6,3,3,15,27,5,4,65,51,45.0,34.0,20.0,17.0,9.0,8.0,487,340,408.0,271.0,242,119,166,152,28.0,25.0,5.0,2.0,0.47,1.68,0.21,1.67,0.26,0.01,0.47,1.68,0.47,2.67,0,1,2,4,4,3,4,2,2,4,0.0,0.7334,0.1751,0.9476,0.1508,0.1151,0.1042,0.0752,0.0357,0.1006,7,12,0,1,4,1,1,0,0,0,0.2091,1.9276,0.0,0.0298,0.1019,0.0144,0.1549,0.0,0.0,0.0,12,14,21.61,17.93
4436356,2024-07-27,bra,2024,Brasileirao,20,João Vitor Gobi,7729,Criciuma,10274,Juventude,0,2,1,42,58,14,12,7,5,4,4,3,3,0,0,8,6,6,6,7,5,3,0,1,0,19,19,18,13,2,1,0,0,0,1,13,18,6,5,3,3,27,15,4,5,51,65,34.0,45.0,17.0,20.0,8.0,9.0,340,487,271.0,408.0,119,242,152,166,25.0,28.0,2.0,5.0,1.68,0.47,1.67,0.21,0.01,0.26,1.68,0.47,2.67,0.47,1,0,4,2,3,4,2,4,4,2,0.7334,0.0,0.9476,0.1751,0.1151,0.1508,0.0752,0.1042,0.1006,0.0357,12,7,1,0,1,4,0,1,0,0,1.9276,0.2091,0.0298,0.0,0.0144,0.1019,0.0,0.1549,0.0,0.0,14,12,17.93,21.61
4436392,2024-07-27,bra,2024,Brasileirao,20,Matheus Delgado Candançan,7877,Bahia,8702,Internacional,1,1,1,51,49,9,12,3,2,3,6,3,4,0,1,5,6,4,6,4,2,2,3,1,2,14,18,12,18,1,3,0,0,3,4,13,17,17,17,3,3,13,12,1,2,65,48,44.0,37.0,21.0,11.0,13.0,9.0,500,475,415.0,400.0,260,216,155,184,36.0,19.0,4.0,2.0,0.86,1.52,0.66,1.39,0.2,0.13,0.86,1.52,1.51,1.11,1,1,2,3,2,2,3,4,1,2,0.1484,0.7944,0.1014,0.463,0.0541,0.1095,0.5236,0.1366,0.0627,0.0425,6,11,0,0,1,0,2,1,0,0,0.693,1.4173,0.0,0.0,0.0114,0.0,0.1858,0.1287,0.0,0.0,9,12,20.78,21.52
4436392,2024-07-27,bra,2024,Brasileirao,20,Matheus Delgado Candançan,8702,Internacional,7877,Bahia,0,1,1,49,51,12,9,2,3,6,3,4,3,1,0,6,5,6,4,2,4,3,2,2,1,18,14,18,12,3,1,0,0,4,3,17,13,17,17,3,3,12,13,2,1,48,65,37.0,44.0,11.0,21.0,9.0,13.0,475,500,400.0,415.0,216,260,184,155,19.0,36.0,2.0,4.0,1.52,0.86,1.39,0.66,0.13,0.2,1.52,0.86,1.11,1.51,1,1,3,2,2,2,4,3,2,1,0.7944,0.1484,0.463,0.1014,0.1095,0.0541,0.1366,0.5236,0.0425,0.0627,11,6,0,0,0,1,1,2,0,0,1.4173,0.693,0.0,0.0,0.0,0.0114,0.1287,0.1858,0.0,0.0,12,9,21.52,20.78
4436351,2024-07-28,bra,2024,Brasileirao,20,Wilton Pereira Sampaio,8517,Botafogo RJ,9781,Cruzeiro,1,0,3,59,41,19,12,10,5,4,6,5,1,0,0,13,7,6,5,8,1,2,1,2,0,32,24,14,15,2,4,0,0,2,1,13,17,7,6,1,5,13,34,2,10,47,49,34.0,33.0,13.0,16.0,7.0,3.0,494,363,431.0,295.0,217,198,214,97,38.0,31.0,8.0,3.0,2.19,0.63,1.09,0.63,1.1,0.0,2.19,0.63,2.23,1.54,1,0,11,2,2,5,3,4,2,1,0.742,0.0,1.3036,0.2256,0.0638,0.2649,0.0955,0.1098,0.0248,0.0277,10,12,0,0,7,0,2,0,0,0,1.0893,0.628,0.0,0.0,0.9962,0.0,0.1442,0.0,0.0,0.0,19,12,13.58,18.8
4436351,2024-07-28,bra,2024,Brasileirao,20,Wilton Pereira Sampaio,9781,Cruzeiro,8517,Botafogo RJ,0,3,0,41,59,12,19,5,10,6,4,1,5,0,0,7,13,5,6,1,8,1,2,0,2,24,32,15,14,4,2,0,0,1,2,17,13,6,7,5,1,34,13,10,2,49,47,33.0,34.0,16.0,13.0,3.0,7.0,363,494,295.0,431.0,198,217,97,214,31.0,38.0,3.0,8.0,0.63,2.19,0.63,1.09,0.0,1.1,0.63,2.19,1.54,2.23,0,1,2,11,5,2,4,3,1,2,0.0,0.742,0.2256,1.3036,0.2649,0.0638,0.1098,0.0955,0.0277,0.0248,12,10,0,0,0,7,0,2,0,0,0.628,1.0893,0.0,0.0,0.0,0.9962,0.0,0.1442,0.0,0.0,12,19,18.8,13.58
4436353,2024-07-28,bra,2024,Brasileirao,20,Lucas Paulo Torezin,109705,Red Bull Bragantino,9863,Fluminense,1,0,1,59,41,13,7,2,3,9,1,2,3,1,0,6,4,7,3,5,6,0,2,0,1,18,13,12,13,1,2,0,0,0,1,34,20,11,8,3,2,15,29,2,2,72,58,55.0,39.0,17.0,19.0,9.0,8.0,466,328,373.0,246.0,166,150,207,96,21.0,14.0,4.0,5.0,0.42,0.83,0.38,0.41,0.05,0.42,0.42,0.83,0.18,1.17,0,1,4,3,2,0,5,2,2,1,0.0,0.4322,0.1837,0.3132,0.0657,0.0,0.0891,0.0731,0.0221,0.0121,10,6,0,0,3,1,0,0,0,0,0.3205,0.3984,0.0,0.0,0.0401,0.4322,0.0,0.0,0.0,0.0,13,7,20.85,14.07
4436353,2024-07-28,bra,2024,Brasileirao,20,Lucas Paulo Torezin,9863,Fluminense,109705,Red Bull Bragantino,0,1,0,41,59,7,13,3,2,1,9,3,2,0,1,4,6,3,7,6,5,2,0,1,0,13,18,13,12,2,1,0,0,1,0,20,34,8,11,2,3,29,15,2,2,58,72,39.0,55.0,19.0,17.0,8.0,9.0,328,466,246.0,373.0,150,166,96,207,14.0,21.0,5.0,4.0,0.83,0.42,0.41,0.38,0.42,0.05,0.83,0.42,1.17,0.18,1,0,3,4,0,2,2,5,1,2,0.4322,0.0,0.3132,0.1837,0.0,0.0657,0.0731,0.0891,0.0121,0.0221,6,10,0,0,1,3,0,0,0,0,0.3984,0.3205,0.0,0.0,0.4322,0.0401,0.0,0.0,0.0,0.0,7,13,14.07,20.85
4436354,2024-07-28,bra,2024,Brasileirao,20,Davi de Oliveira Lacerda,8287,Fortaleza,10277,Sao Paulo,1,1,0,37,63,11,12,2,1,5,6,4,5,1,2,7,10,4,2,3,10,1,0,0,0,18,26,15,16,3,4,1,0,2,3,13,13,7,5,5,4,31,10,1,1,47,46,37.0,33.0,10.0,13.0,9.0,6.0,280,486,208.0,417.0,82,249,126,168,20.0,28.0,2.0,3.0,1.33,0.61,0.33,0.05,0.21,0.56,0.54,0.61,0.9,0.22,0,1,4,9,3,0,1,0,3,2,0.0,0.028,1.0289,0.4859,0.1392,0.0,0.0106,0.0,0.0842,0.0197,5,2,0,0,2,10,3,0,1,0,0.2616,0.0474,0.0,0.0,0.0588,0.4862,0.1541,0.0,0.7884,0.0,11,12,18.43,15.13
4436354,2024-07-28,bra,2024,Brasileirao,20,Davi de Oliveira Lacerda,10277,Sao Paulo,8287,Fortaleza,0,0,1,63,37,12,11,1,2,6,5,5,4,2,1,10,7,2,4,10,3,0,1,0,0,26,18,16,15,4,3,0,1,3,2,13,13,5,7,4,5,10,31,1,1,46,47,33.0,37.0,13.0,10.0,6.0,9.0,486,280,417.0,208.0,249,82,168,126,28.0,20.0,3.0,2.0,0.61,1.33,0.05,0.33,0.56,0.21,0.61,0.54,0.22,0.9,1,0,9,4,0,3,0,1,2,3,0.028,0.0,0.4859,1.0289,0.0,0.1392,0.0,0.0106,0.0197,0.0842,2,5,0,0,10,2,0,3,0,1,0.0474,0.2616,0.0,0.0,0.4862,0.0588,0.0,0.1541,0.0,0.7884,12,11,15.13,18.43
4436355,2024-07-28,bra,2024,Brasileirao,20,Jefferson Ferreira de Moraes,197815,Cuiaba,10273,Athletico Paranaense,1,1,2,50,50,21,11,5,4,10,4,6,3,1,0,10,9,11,2,12,2,1,3,0,1,31,26,8,12,0,2,0,0,4,0,19,16,5,11,3,6,9,41,2,4,64,57,43.0,30.0,21.0,27.0,14.0,7.0,432,464,363.0,388.0,162,199,201,189,35.0,37.0,10.0,3.0,1.51,2.09,1.04,2.09,0.47,0.0,1.51,2.09,2.02,2.41,4,2,5,3,1,4,7,1,4,1,0.9018,1.2028,0.3224,0.6857,0.0305,0.112,0.1722,0.0664,0.0819,0.02,13,11,0,0,7,0,1,0,0,0,1.0713,2.0869,0.0,0.0,0.4219,0.0,0.0155,0.0,0.0,0.0,21,11,20.17,14.99
4436355,2024-07-28,bra,2024,Brasileirao,20,Jefferson Ferreira de Moraes,10273,Athletico Paranaense,197815,Cuiaba,0,2,1,50,50,11,21,4,5,4,10,3,6,0,1,9,10,2,11,2,12,3,1,1,0,26,31,12,8,2,0,0,0,0,4,16,19,11,5,6,3,41,9,4,2,57,64,30.0,43.0,27.0,21.0,7.0,14.0,464,432,388.0,363.0,199,162,189,201,37.0,35.0,3.0,10.0,2.09,1.51,2.09,1.04,0.0,0.47,2.09,1.51,2.41,2.02,2,4,3,5,4,1,1,7,1,4,1.2028,0.9018,0.6857,0.3224,0.112,0.0305,0.0664,0.1722,0.02,0.0819,11,13,0,0,0,7,0,1,0,0,2.0869,1.0713,0.0,0.0,0.0,0.4219,0.0,0.0155,0.0,0.0,11,21,14.99,20.17
4436361,2024-07-28,bra,2024,Brasileirao,20,Gustavo Ervino Bauermann,9770,Flamengo,165545,Atletico GO,1,2,0,53,47,12,12,6,3,4,5,2,4,0,0,7,6,5,6,6,3,3,1,2,1,31,15,9,12,3,2,0,0,2,0,16,25,13,9,4,3,16,21,4,3,57,52,43.0,40.0,14.0,12.0,15.0,8.0,508,446,434.0,360.0,214,195,220,165,26.0,24.0,5.0,6.0,1.29,0.44,0.78,0.36,0.5,0.08,1.29,0.44,1.64,0.35,1,0,5,2,1,4,2,3,3,3,0.4467,0.0,0.539,0.1237,0.0784,0.2368,0.0798,0.0888,0.0717,0.0479,8,10,1,0,3,0,0,2,0,0,0.7143,0.4196,0.0288,0.0,0.4723,0.0,0.0,0.0776,0.0,0.0,12,12,20.9,21.51
4436361,2024-07-28,bra,2024,Brasileirao,20,Gustavo Ervino Bauermann,165545,Atletico GO,9770,Flamengo,0,0,2,47,53,12,12,3,6,5,4,4,2,0,0,6,7,6,5,3,6,1,3,1,2,15,31,12,9,2,3,0,0,0,2,25,16,9,13,3,4,21,16,3,4,52,57,40.0,43.0,12.0,14.0,8.0,15.0,446,508,360.0,434.0,195,214,165,220,24.0,26.0,6.0,5.0,0.44,1.29,0.36,0.78,0.08,0.5,0.44,1.29,0.35,1.64,0,1,2,5,4,1,3,2,3,3,0.0,0.4467,0.1237,0.539,0.2368,0.0784,0.0888,0.0798,0.0479,0.0717,10,8,0,1,0,3,2,0,0,0,0.4196,0.7143,0.0,0.0288,0.0,0.4723,0.0776,0.0,0.0,0.0,12,12,21.51,20.9
4436390,2024-07-28,bra,2024,Brasileirao,20,Paulo Cesar Zanovelli da Silva,9769,Gremio,10276,Vasco da Gama,1,1,0,53,47,20,13,3,1,7,8,10,4,1,1,10,5,10,8,8,3,2,2,2,2,39,8,13,13,3,4,0,0,2,3,13,19,11,11,4,10,29,34,1,2,57,57,41.0,34.0,16.0,23.0,18.0,5.0,271,243,169.0,129.0,38,51,131,78,18.0,33.0,5.0,6.0,1.8,0.88,1.67,0.61,0.13,0.27,1.8,0.88,1.01,0.04,0,0,7,4,3,0,7,8,3,0,0.0,0.0,1.6528,0.6614,0.1175,0.0,0.1744,0.2208,0.0666,0.0,17,9,2,0,1,1,0,2,0,0,1.2918,0.568,0.6084,0.0,0.1111,0.1255,0.0,0.1887,0.0,0.0,20,12,19.48,21.27
4436390,2024-07-28,bra,2024,Brasileirao,20,Paulo Cesar Zanovelli da Silva,10276,Vasco da Gama,9769,Gremio,0,0,1,47,53,13,20,1,3,8,7,4,10,1,1,5,10,8,10,3,8,2,2,2,2,8,39,13,13,4,3,0,0,3,2,19,13,11,11,10,4,34,29,2,1,57,57,34.0,41.0,23.0,16.0,5.0,18.0,243,271,129.0,169.0,51,38,78,131,33.0,18.0,6.0,5.0,0.88,1.8,0.61,1.67,0.27,0.13,0.88,1.8,0.04,1.01,0,0,4,7,0,3,8,7,0,3,0.0,0.0,0.6614,1.6528,0.0,0.1175,0.2208,0.1744,0.0,0.0666,9,17,0,2,1,1,2,0,0,0,0.568,1.2918,0.0,0.6084,0.1255,0.1111,0.1887,0.0,0.0,0.0,12,20,21.27,19.48
4436391,2024-07-28,bra,2024,Brasileirao,20,Bruno Arleu de Araujo,10272,Atletico MG,9808,Corinthians,1,2,1,68,32,10,11,4,7,4,2,2,2,1,0,4,7,6,4,4,4,3,3,1,2,11,18,17,16,1,3,1,0,3,1,15,19,14,8,2,1,21,20,6,2,56,50,39.0,42.0,17.0,8.0,10.0,7.0,589,272,521.0,197.0,280,86,241,111,24.0,10.0,2.0,3.0,1.93,1.12,0.24,0.76,0.11,0.36,0.36,1.12,2.7,2.14,0,1,4,4,0,2,3,2,3,2,0.0,0.2145,1.7358,0.6933,0.0,0.1353,0.1156,0.0817,0.0834,0.0303,5,5,0,3,2,1,1,2,2,0,0.2443,0.4118,0.0,0.3806,0.0652,0.2145,0.0485,0.1482,1.5768,0.0,10,11,20.73,17.73
4436391,2024-07-28,bra,2024,Brasileirao,20,Bruno Arleu de Araujo,9808,Corinthians,10272,Atletico MG,0,1,2,32,68,11,10,7,4,2,4,2,2,0,1,7,4,4,6,4,4,3,3,2,1,18,11,16,17,3,1,0,1,1,3,19,15,8,14,1,2,20,21,2,6,50,56,42.0,39.0,8.0,17.0,7.0,10.0,272,589,197.0,521.0,86,280,111,241,10.0,24.0,3.0,2.0,1.12,1.93,0.76,0.24,0.36,0.11,1.12,0.36,2.14,2.7,1,0,4,4,2,0,2,3,2,3,0.2145,0.0,0.6933,1.7358,0.1353,0.0,0.0817,0.1156,0.0303,0.0834,5,5,3,0,1,2,2,1,0,2,0.4118,0.2443,0.3806,0.0,0.2145,0.0652,0.1482,0.0485,0.0,1.5768,11,10,17.73,20.73
4436350,2024-08-03,bra,2024,Brasileirao,21,,10276,Vasco da Gama,109705,Red Bull Bragantino,1,2,2,64,36,11,7,3,3,4,3,4,1,0,1,9,6,2,1,4,3,3,3,1,1,23,13,8,18,4,1,0,0,1,1,22,18,9,15,1,4,12,26,1,1,62,50,46.0,33.0,16.0,17.0,6.0,7.0,550,314,463.0,246.0,181,124,282,122,28.0,33.0,8.0,2.0,0.75,1.38,0.56,0.89,0.19,0.5,0.75,1.38,1.55,2.08,0,0,8,5,1,1,0,0,2,1,0.0,0.0,0.6791,1.3244,0.0479,0.025,0.0,0.0,0.0251,0.0345,8,2,0,2,3,2,0,1,0,0,0.5577,0.4582,0.0,0.4285,0.1945,0.431,0.0,0.0662,0.0,0.0,11,7,14.69,17.8
4436350,2024-08-03,bra,2024,Brasileirao,21,,109705,Red Bull Bragantino,10276,Vasco da Gama,0,2,2,36,64,7,11,3,3,3,4,1,4,1,0,6,9,1,2,3,4,3,3,1,1,13,23,18,8,1,4,0,0,1,1,18,22,15,9,4,1,26,12,1,1,50,62,33.0,46.0,17.0,16.0,7.0,6.0,314,550,246.0,463.0,124,181,122,282,33.0,28.0,2.0,8.0,1.38,0.75,0.89,0.56,0.5,0.19,1.38,0.75,2.08,1.55,0,0,5,8,1,1,0,0,1,2,0.0,0.0,1.3244,0.6791,0.025,0.0479,0.0,0.0,0.0345,0.0251,2,8,2,0,2,3,1,0,0,0,0.4582,0.5577,0.4285,0.0,0.431,0.1945,0.0662,0.0,0.0,0.0,7,11,17.8,14.69
4436359,2024-08-03,bra,2024,Brasileirao,21,João Vitor Gobi,7733,Vitoria,197815,Cuiaba,1,1,0,47,53,17,9,3,2,8,4,6,3,2,0,12,7,5,2,4,5,3,2,2,2,21,19,16,17,3,3,0,0,1,1,17,18,13,8,3,5,17,24,2,3,54,62,40.0,41.0,14.0,21.0,7.0,8.0,378,442,325.0,384.0,171,211,154,173,27.0,24.0,8.0,4.0,1.87,0.79,1.13,0.49,0.73,0.31,1.87,0.79,0.93,0.24,3,1,7,6,2,0,2,1,3,1,0.9785,0.1564,0.6604,0.541,0.1073,0.0,0.0855,0.0595,0.0477,0.0362,11,4,1,1,4,2,1,2,0,0,1.0894,0.4261,0.0561,0.0595,0.703,0.1741,0.0309,0.1334,0.0,0.0,17,9,15.65,13.92
4436359,2024-08-03,bra,2024,Brasileirao,21,João Vitor Gobi,197815,Cuiaba,7733,Vitoria,0,0,1,53,47,9,17,2,3,4,8,3,6,0,2,7,12,2,5,5,4,2,3,2,2,19,21,17,16,3,3,0,0,1,1,18,17,8,13,5,3,24,17,3,2,62,54,41.0,40.0,21.0,14.0,8.0,7.0,442,378,384.0,325.0,211,171,173,154,24.0,27.0,4.0,8.0,0.79,1.87,0.49,1.13,0.31,0.73,0.79,1.87,0.24,0.93,1,3,6,7,0,2,1,2,1,3,0.1564,0.9785,0.541,0.6604,0.0,0.1073,0.0595,0.0855,0.0362,0.0477,4,11,1,1,2,4,2,1,0,0,0.4261,1.0894,0.0595,0.0561,0.1741,0.703,0.1334,0.0309,0.0,0.0,9,17,13.92,15.65
4436365,2024-08-03,bra,2024,Brasileirao,21,Felipe Fernandes de Lima,165545,Atletico GO,8517,Botafogo RJ,1,1,4,48,52,9,13,3,9,2,1,4,3,0,1,6,7,3,6,3,7,1,6,0,2,21,19,17,14,3,3,1,1,1,1,11,17,13,9,3,4,27,13,6,2,56,53,33.0,43.0,23.0,10.0,10.0,11.0,310,337,243.0,266.0,109,154,134,112,23.0,20.0,6.0,1.0,1.25,3.09,0.32,0.89,0.15,0.63,0.46,1.52,0.88,4.42,2,2,3,3,1,2,0,4,3,2,0.132,0.7672,1.0221,2.1241,0.0153,0.1198,0.0,0.1726,0.08,0.0579,5,5,0,2,1,1,2,3,1,2,0.3153,0.9017,0.0,0.1198,0.0451,0.0241,0.1007,0.6192,0.7884,1.5768,9,13,17.55,17.15
4436365,2024-08-03,bra,2024,Brasileirao,21,Felipe Fernandes de Lima,8517,Botafogo RJ,165545,Atletico GO,0,4,1,52,48,13,9,9,3,1,2,3,4,1,0,7,6,6,3,7,3,6,1,2,0,19,21,14,17,3,3,1,1,1,1,17,11,9,13,4,3,13,27,2,6,53,56,43.0,33.0,10.0,23.0,11.0,10.0,337,310,266.0,243.0,154,109,112,134,20.0,23.0,1.0,6.0,3.09,1.25,0.89,0.32,0.63,0.15,1.52,0.46,4.42,0.88,2,2,3,3,2,1,4,0,2,3,0.7672,0.132,2.1241,1.0221,0.1198,0.0153,0.1726,0.0,0.0579,0.08,5,5,2,0,1,1,3,2,2,1,0.9017,0.3153,0.1198,0.0,0.0241,0.0451,0.6192,0.1007,1.5768,0.7884,13,9,17.15,17.55
4436366,2024-08-03,bra,2024,Brasileirao,21,Jonathan Benkenstein Pinheiro,7729,Criciuma,10272,Atletico MG,1,2,1,27,73,13,19,5,3,5,13,3,3,0,1,6,8,7,11,5,1,4,1,2,1,12,26,14,7,1,2,0,0,2,3,14,15,10,9,4,3,20,12,1,3,39,53,25.0,41.0,14.0,12.0,5.0,13.0,239,660,161.0,582.0,84,232,77,350,17.0,22.0,3.0,8.0,1.67,1.35,0.94,0.71,0.73,0.63,1.67,1.35,2.66,0.92,2,2,3,5,1,1,5,9,2,2,0.6651,0.6559,0.5549,0.395,0.2803,0.0188,0.1409,0.2692,0.0568,0.0755,5,16,2,0,3,2,3,1,0,0,0.6064,0.713,0.3309,0.0,0.4365,0.6559,0.3242,0.0455,0.0,0.0,13,19,18.65,18.53
4436366,2024-08-03,bra,2024,Brasileirao,21,Jonathan Benkenstein Pinheiro,10272,Atletico MG,7729,Criciuma,0,1,2,73,27,19,13,3,5,13,5,3,3,1,0,8,6,11,7,1,5,1,4,1,2,26,12,7,14,2,1,0,0,3,2,15,14,9,10,3,4,12,20,3,1,53,39,41.0,25.0,12.0,14.0,13.0,5.0,660,239,582.0,161.0,232,84,350,77,22.0,17.0,8.0,3.0,1.35,1.67,0.71,0.94,0.63,0.73,1.35,1.67,0.92,2.66,2,2,5,3,1,1,9,5,2,2,0.6559,0.6651,0.395,0.5549,0.0188,0.2803,0.2692,0.1409,0.0755,0.0568,16,5,0,2,2,3,1,3,0,0,0.713,0.6064,0.0,0.3309,0.6559,0.4365,0.0455,0.3242,0.0,0.0,19,13,18.53,18.65
4436357,2024-08-04,bra,2024,Brasileirao,21,Wagner do Nascimento Magalhaes,8702,Internacional,10283,Palmeiras,1,1,1,40,60,16,17,7,5,3,6,6,6,0,0,12,11,4,6,4,11,1,1,1,0,33,28,19,6,2,0,0,0,1,5,13,15,10,10,6,6,32,12,4,6,41,64,29.0,42.0,12.0,22.0,10.0,8.0,388,554,296.0,467.0,129,191,167,276,19.0,24.0,3.0,7.0,1.57,1.43,1.57,1.15,0.03,0.28,1.57,1.43,1.6,1.65,1,2,6,10,5,0,2,3,2,2,0.2576,0.3522,0.8391,0.8895,0.3757,0.0,0.0862,0.1555,0.0387,0.0286,13,11,3,0,0,5,0,1,0,0,1.2084,1.1484,0.389,0.0,0.0,0.1665,0.0,0.1108,0.0,0.0,16,17,15.91,15.77
4436357,2024-08-04,bra,2024,Brasileirao,21,Wagner do Nascimento Magalhaes,10283,Palmeiras,8702,Internacional,0,1,1,60,40,17,16,5,7,6,3,6,6,0,0,11,12,6,4,11,4,1,1,0,1,28,33,6,19,0,2,0,0,5,1,15,13,10,10,6,6,12,32,6,4,64,41,42.0,29.0,22.0,12.0,8.0,10.0,554,388,467.0,296.0,191,129,276,167,24.0,19.0,7.0,3.0,1.43,1.57,1.15,1.57,0.28,0.03,1.43,1.57,1.65,1.6,2,1,10,6,0,5,3,2,2,2,0.3522,0.2576,0.8895,0.8391,0.0,0.3757,0.1555,0.0862,0.0286,0.0387,11,13,0,3,5,0,1,0,0,0,1.1484,1.2084,0.0,0.389,0.1665,0.0,0.1108,0.0,0.0,0.0,17,16,15.77,15.91
4436360,2024-08-04,bra,2024,Brasileirao,21,Davi de Oliveira Lacerda,9863,Fluminense,7877,Bahia,1,1,0,49,51,12,11,6,3,5,6,1,2,0,0,9,7,3,4,3,3,2,3,1,3,24,15,12,10,3,2,0,0,2,0,20,24,15,6,2,1,8,22,3,5,45,54,41.0,41.0,4.0,13.0,11.0,5.0,458,483,403.0,416.0,215,227,188,189,17.0,19.0,3.0,4.0,1.06,1.73,0.97,0.86,0.09,0.87,1.06,1.73,0.96,0.74,1,2,5,4,3,1,3,4,0,0,0.2226,1.1232,0.535,0.583,0.1112,0.0231,0.1864,0.1059,0.0,0.0,7,7,2,0,1,2,2,2,0,0,0.7845,0.9666,0.1802,0.0,0.0136,0.7962,0.0769,0.0723,0.0,0.0,12,11,15.98,17.44
4436360,2024-08-04,bra,2024,Brasileirao,21,Davi de Oliveira Lacerda,7877,Bahia,9863,Fluminense,0,0,1,51,49,11,12,3,6,6,5,2,1,0,0,7,9,4,3,3,3,3,2,3,1,15,24,10,12,2,3,0,0,0,2,24,20,6,15,1,2,22,8,5,3,54,45,41.0,41.0,13.0,4.0,5.0,11.0,483,458,416.0,403.0,227,215,189,188,19.0,17.0,4.0,3.0,1.73,1.06,0.86,0.97,0.87,0.09,1.73,1.06,0.74,0.96,2,1,4,5,1,3,4,3,0,0,1.1232,0.2226,0.583,0.535,0.0231,0.1112,0.1059,0.1864,0.0,0.0,7,7,0,2,2,1,2,2,0,0,0.9666,0.7845,0.0,0.1802,0.7962,0.0136,0.0723,0.0769,0.0,0.0,11,12,17.44,15.98
4436362,2024-08-04,bra,2024,Brasileirao,21,Lucas Paulo Torezin,9808,Corinthians,10274,Juventude,1,1,1,64,36,34,6,10,3,14,1,10,2,3,0,19,5,15,1,11,3,3,2,3,1,54,12,16,15,2,5,0,3,0,1,21,17,4,3,2,9,6,42,2,9,68,47,55.0,37.0,13.0,10.0,19.0,7.0,430,252,362.0,163.0,98,106,264,57,24.0,22.0,10.0,2.0,2.37,0.74,1.85,0.69,0.52,0.05,2.37,0.74,1.85,1.0,2,1,12,1,6,3,10,1,4,0,0.4475,0.4775,1.1972,0.0157,0.2266,0.2195,0.3787,0.0322,0.1248,0.0,23,3,1,0,4,2,6,1,0,0,1.7422,0.6913,0.1085,0.0,0.087,0.0479,0.437,0.0057,0.0,0.0,34,6,18.35,15.31
4436362,2024-08-04,bra,2024,Brasileirao,21,Lucas Paulo Torezin,10274,Juventude,9808,Corinthians,0,1,1,36,64,6,34,3,10,1,14,2,10,0,3,5,19,1,15,3,11,2,3,1,3,12,54,15,16,5,2,3,0,1,0,17,21,3,4,9,2,42,6,9,2,47,68,37.0,55.0,10.0,13.0,7.0,19.0,252,430,163.0,362.0,106,98,57,264,22.0,24.0,2.0,10.0,0.74,2.37,0.69,1.85,0.05,0.52,0.74,2.37,1.0,1.85,1,2,1,12,3,6,1,10,0,4,0.4775,0.4475,0.0157,1.1972,0.2195,0.2266,0.0322,0.3787,0.0,0.1248,3,23,0,1,2,4,1,6,0,0,0.6913,1.7422,0.0,0.1085,0.0479,0.087,0.0057,0.437,0.0,0.0,6,34,15.31,18.35
4436363,2024-08-04,bra,2024,Brasileirao,21,Rafael Rodrigo Klein,10277,Sao Paulo,9770,Flamengo,1,1,0,59,41,15,8,3,0,9,5,3,3,0,0,11,2,4,6,8,3,3,0,3,0,30,11,11,13,1,3,0,0,3,0,13,14,7,6,3,3,17,14,0,2,52,37,39.0,27.0,13.0,10.0,13.0,3.0,507,347,447.0,281.0,250,151,197,130,44.0,14.0,8.0,2.0,1.42,0.3,1.02,0.3,0.4,0.0,1.42,0.3,1.22,0.0,4,0,4,1,3,1,2,5,2,1,0.638,0.0,0.5908,0.0113,0.0827,0.0837,0.0735,0.1921,0.0389,0.0146,10,8,1,0,4,0,0,0,0,0,0.8959,0.3017,0.1255,0.0,0.4026,0.0,0.0,0.0,0.0,0.0,15,8,14.75,22.24
4436363,2024-08-04,bra,2024,Brasileirao,21,Rafael Rodrigo Klein,9770,Flamengo,10277,Sao Paulo,0,0,1,41,59,8,15,0,3,5,9,3,3,0,0,2,11,6,4,3,8,0,3,0,3,11,30,13,11,3,1,0,0,0,3,14,13,6,7,3,3,14,17,2,0,37,52,27.0,39.0,10.0,13.0,3.0,13.0,347,507,281.0,447.0,151,250,130,197,14.0,44.0,2.0,8.0,0.3,1.42,0.3,1.02,0.0,0.4,0.3,1.42,0.0,1.22,0,4,1,4,1,3,5,2,1,2,0.0,0.638,0.0113,0.5908,0.0837,0.0827,0.1921,0.0735,0.0146,0.0389,8,10,0,1,0,4,0,0,0,0,0.3017,0.8959,0.0,0.1255,0.0,0.4026,0.0,0.0,0.0,0.0,8,15,22.24,14.75
4436364,2024-08-04,bra,2024,Brasileirao,21,Matheus Delgado Candançan,10273,Athletico Paranaense,9769,Gremio,1,0,2,75,25,18,9,3,7,10,1,5,1,0,1,10,5,8,4,9,0,0,5,0,3,26,9,12,12,2,0,0,0,1,3,25,17,10,14,1,5,7,33,5,3,61,62,43.0,41.0,18.0,21.0,8.0,14.0,681,240,604.0,163.0,190,86,414,77,27.0,16.0,7.0,0.0,0.86,2.2,0.53,0.79,0.32,1.41,0.86,2.2,0.1,2.36,0,3,7,2,3,0,4,3,4,1,0.0,1.8048,0.5807,0.3429,0.1093,0.0,0.0995,0.222,0.069,0.0398,13,3,0,1,4,0,1,5,0,0,0.5338,0.7288,0.0,0.0598,0.2872,0.0,0.0376,1.621,0.0,0.0,18,9,19.96,14.95
4436364,2024-08-04,bra,2024,Brasileirao,21,Matheus Delgado Candançan,9769,Gremio,10273,Athletico Paranaense,0,2,0,25,75,9,18,7,3,1,10,1,5,1,0,5,10,4,8,0,9,5,0,3,0,9,26,12,12,0,2,0,0,3,1,17,25,14,10,5,1,33,7,3,5,62,61,41.0,43.0,21.0,18.0,14.0,8.0,240,681,163.0,604.0,86,190,77,414,16.0,27.0,0.0,7.0,2.2,0.86,0.79,0.53,1.41,0.32,2.2,0.86,2.36,0.1,3,0,2,7,0,3,3,4,1,4,1.8048,0.0,0.3429,0.5807,0.0,0.1093,0.222,0.0995,0.0398,0.069,3,13,1,0,0,4,5,1,0,0,0.7288,0.5338,0.0598,0.0,0.0,0.2872,1.621,0.0376,0.0,0.0,9,18,14.95,19.96
4436358,2024-08-06,bra,2024,Brasileirao,21,Alex Gomes Stefano,9781,Cruzeiro,8287,Fortaleza,1,1,2,68,32,15,11,7,4,5,3,3,4,1,0,8,6,7,5,5,1,1,2,1,1,20,14,18,17,4,4,0,0,1,2,9,16,8,4,4,3,15,40,2,6,47,49,32.0,40.0,15.0,9.0,8.0,6.0,600,287,513.0,203.0,261,111,252,92,22.0,31.0,9.0,2.0,0.82,1.23,0.52,0.74,0.3,0.5,0.82,1.23,1.05,1.73,1,3,6,3,1,0,4,2,3,3,0.1739,0.7614,0.3811,0.3089,0.0258,0.0,0.157,0.0375,0.0814,0.1257,11,4,0,4,2,0,2,3,0,0,0.5186,0.454,0.0,0.2824,0.1165,0.0,0.184,0.4971,0.0,0.0,15,11,19.85,19.84
4436358,2024-08-06,bra,2024,Brasileirao,21,Alex Gomes Stefano,8287,Fortaleza,9781,Cruzeiro,0,2,1,32,68,11,15,4,7,3,5,4,3,0,1,6,8,5,7,1,5,2,1,1,1,14,20,17,18,4,4,0,0,2,1,16,9,4,8,3,4,40,15,6,2,49,47,40.0,32.0,9.0,15.0,6.0,8.0,287,600,203.0,513.0,111,261,92,252,31.0,22.0,2.0,9.0,1.23,0.82,0.74,0.52,0.5,0.3,1.23,0.82,1.73,1.05,3,1,3,6,0,1,2,4,3,3,0.7614,0.1739,0.3089,0.3811,0.0,0.0258,0.0375,0.157,0.1257,0.0814,4,11,4,0,0,2,3,2,0,0,0.454,0.5186,0.2824,0.0,0.0,0.1165,0.4971,0.184,0.0,0.0,11,15,19.84,19.85
4436417,2024-08-10,bra,2024,Brasileirao,22,Kleber Ariel Gonçalves da Silva,8287,Fortaleza,7729,Criciuma,1,1,0,50,50,16,12,4,2,7,7,5,3,0,1,11,4,5,8,4,6,2,2,1,2,27,9,16,13,2,4,0,0,2,1,16,13,12,6,3,5,14,21,2,3,53,49,41.0,35.0,12.0,14.0,12.0,8.0,447,433,369.0,352.0,188,206,181,146,25.0,34.0,1.0,5.0,1.9,0.93,1.82,0.51,0.08,0.42,1.9,0.93,1.46,0.36,1,1,6,1,4,2,2,5,3,3,0.1842,0.3182,1.3903,0.2955,0.1563,0.0792,0.0812,0.1904,0.0879,0.051,14,8,0,0,0,2,2,2,0,0,1.8244,0.5117,0.0,0.0,0.0,0.3249,0.0756,0.0978,0.0,0.0,16,12,18.78,19.37
4436417,2024-08-10,bra,2024,Brasileirao,22,Kleber Ariel Gonçalves da Silva,7729,Criciuma,8287,Fortaleza,0,0,1,50,50,12,16,2,4,7,7,3,5,1,0,4,11,8,5,6,4,2,2,2,1,9,27,13,16,4,2,0,0,1,2,13,16,6,12,5,3,21,14,3,2,49,53,35.0,41.0,14.0,12.0,8.0,12.0,433,447,352.0,369.0,206,188,146,181,34.0,25.0,5.0,1.0,0.93,1.9,0.51,1.82,0.42,0.08,0.93,1.9,0.36,1.46,1,1,1,6,2,4,5,2,3,3,0.3182,0.1842,0.2955,1.3903,0.0792,0.1563,0.1904,0.0812,0.051,0.0879,8,14,0,0,2,0,2,2,0,0,0.5117,1.8244,0.0,0.0,0.3249,0.0,0.0978,0.0756,0.0,0.0,12,16,19.37,18.78
4436418,2024-08-10,bra,2024,Brasileirao,22,Bruno Pereira Vasconcelos,197815,Cuiaba,9769,Gremio,1,1,3,60,40,15,10,3,6,6,4,6,0,0,1,7,6,8,4,5,5,0,2,0,0,25,17,15,7,1,2,0,0,3,1,19,14,9,12,0,5,12,29,3,3,54,56,33.0,40.0,21.0,16.0,8.0,14.0,521,345,450.0,266.0,145,150,305,116,25.0,19.0,7.0,2.0,0.51,1.36,0.32,1.33,0.19,0.03,0.51,1.36,0.21,3.53,0,2,6,3,1,1,4,3,4,1,0.0,0.8447,0.2762,0.4263,0.0475,0.0454,0.0841,0.0578,0.0989,0.0488,10,7,0,1,3,2,2,0,0,0,0.3171,1.3467,0.0,0.0488,0.1097,0.0275,0.08,0.0,0.0,0.0,15,10,19.4,15.82
4436418,2024-08-10,bra,2024,Brasileirao,22,Bruno Pereira Vasconcelos,9769,Gremio,197815,Cuiaba,0,3,1,40,60,10,15,6,3,4,6,0,6,1,0,6,7,4,8,5,5,2,0,0,0,17,25,7,15,2,1,0,0,1,3,14,19,12,9,5,0,29,12,3,3,56,54,40.0,33.0,16.0,21.0,14.0,8.0,345,521,266.0,450.0,150,145,116,305,19.0,25.0,2.0,7.0,1.36,0.51,1.33,0.32,0.03,0.19,1.36,0.51,3.53,0.21,2,0,3,6,1,1,3,4,1,4,0.8447,0.0,0.4263,0.2762,0.0454,0.0475,0.0578,0.0841,0.0488,0.0989,7,10,1,0,2,3,0,2,0,0,1.3467,0.3171,0.0488,0.0,0.0275,0.1097,0.0,0.08,0.0,0.0,10,15,15.82,19.4
4436367,2024-08-11,bra,2024,Brasileirao,22,Paulo Cesar Zanovelli da Silva,8702,Internacional,10273,Athletico Paranaense,1,2,2,54,46,23,12,4,5,8,4,11,3,0,0,16,10,7,2,9,0,4,3,2,2,38,26,18,13,1,2,0,0,0,2,13,17,9,11,3,12,22,37,3,1,58,59,39.0,42.0,19.0,17.0,13.0,8.0,472,428,388.0,344.0,202,210,186,134,21.0,24.0,10.0,4.0,2.54,1.31,1.5,1.26,1.03,0.04,2.54,1.31,1.25,1.78,2,1,12,5,2,4,6,1,1,1,1.1013,0.2653,1.1986,0.7614,0.0844,0.2537,0.2163,0.0477,0.0175,0.0448,14,9,1,2,6,0,2,1,0,0,1.4247,1.1499,0.0795,0.1783,1.0818,0.0,0.0321,0.0448,0.0,0.0,23,12,15.46,15.23
4436367,2024-08-11,bra,2024,Brasileirao,22,Paulo Cesar Zanovelli da Silva,10273,Athletico Paranaense,8702,Internacional,0,2,2,46,54,12,23,5,4,4,8,3,11,0,0,10,16,2,7,0,9,3,4,2,2,26,38,13,18,2,1,0,0,2,0,17,13,11,9,12,3,37,22,1,3,59,58,42.0,39.0,17.0,19.0,8.0,13.0,428,472,344.0,388.0,210,202,134,186,24.0,21.0,4.0,10.0,1.31,2.54,1.26,1.5,0.04,1.03,1.31,2.54,1.78,1.25,1,2,5,12,4,2,1,6,1,1,0.2653,1.1013,0.7614,1.1986,0.2537,0.0844,0.0477,0.2163,0.0448,0.0175,9,14,2,1,0,6,1,2,0,0,1.1499,1.4247,0.1783,0.0795,0.0,1.0818,0.0448,0.0321,0.0,0.0,12,23,15.23,15.46
4436368,2024-08-11,bra,2024,Brasileirao,22,Raphael Claus,9781,Cruzeiro,10272,Atletico MG,1,0,0,35,65,6,12,1,4,4,4,1,4,1,0,5,6,1,6,4,4,0,0,0,0,11,17,19,12,3,1,0,0,2,2,16,18,11,9,4,1,14,19,3,1,49,52,39.0,39.0,10.0,13.0,11.0,4.0,307,576,239.0,498.0,121,286,118,212,21.0,37.0,2.0,4.0,0.31,0.69,0.28,0.44,0.03,0.25,0.31,0.69,0.36,1.05,0,0,2,3,3,3,0,6,1,0,0.0,0.0,0.0805,0.2575,0.2098,0.2538,0.0,0.1814,0.0162,0.0,5,8,0,1,1,2,0,1,0,0,0.2813,0.2821,0.0,0.163,0.0252,0.1217,0.0,0.126,0.0,0.0,6,12,17.2,18.54
4436368,2024-08-11,bra,2024,Brasileirao,22,Raphael Claus,10272,Atletico MG,9781,Cruzeiro,0,0,0,65,35,12,6,4,1,4,4,4,1,0,1,6,5,6,1,4,4,0,0,0,0,17,11,12,19,1,3,0,0,2,2,18,16,9,11,1,4,19,14,1,3,52,49,39.0,39.0,13.0,10.0,4.0,11.0,576,307,498.0,239.0,286,121,212,118,37.0,21.0,4.0,2.0,0.69,0.31,0.44,0.28,0.25,0.03,0.69,0.31,1.05,0.36,0,0,3,2,3,3,6,0,0,1,0.0,0.0,0.2575,0.0805,0.2538,0.2098,0.1814,0.0,0.0,0.0162,8,5,1,0,2,1,1,0,0,0,0.2821,0.2813,0.163,0.0,0.1217,0.0252,0.126,0.0,0.0,0.0,12,6,18.54,17.2
4436369,2024-08-11,bra,2024,Brasileirao,22,Braulio da Silva Machado,7877,Bahia,7733,Vitoria,1,2,0,57,43,7,14,3,5,2,3,2,6,0,1,4,7,3,7,3,7,1,1,0,1,15,16,10,12,3,4,0,0,2,0,18,11,13,10,6,2,25,10,5,1,45,36,35.0,26.0,10.0,10.0,6.0,6.0,509,372,436.0,310.0,289,172,147,138,11.0,20.0,2.0,5.0,0.64,0.97,0.57,0.86,0.06,0.11,0.64,0.97,0.56,1.03,0,0,1,3,3,4,3,5,0,1,0.0,0.0,0.3367,0.3225,0.0867,0.4531,0.2133,0.1874,0.0,0.0113,5,8,1,2,0,2,1,1,0,0,0.2356,0.7616,0.3367,0.0997,0.0,0.0417,0.0645,0.0714,0.0,0.0,7,13,20.47,19.28
4436369,2024-08-11,bra,2024,Brasileirao,22,Braulio da Silva Machado,7733,Vitoria,7877,Bahia,0,0,2,43,57,14,7,5,3,3,2,6,2,1,0,7,4,7,3,7,3,1,1,1,0,16,15,12,10,4,3,0,0,0,2,11,18,10,13,2,6,10,25,1,5,36,45,26.0,35.0,10.0,10.0,6.0,6.0,372,509,310.0,436.0,172,289,138,147,20.0,11.0,5.0,2.0,0.97,0.64,0.86,0.57,0.11,0.06,0.97,0.64,1.03,0.56,0,0,3,1,4,3,5,3,1,0,0.0,0.0,0.3225,0.3367,0.4531,0.0867,0.1874,0.2133,0.0113,0.0,8,5,2,1,2,0,1,1,0,0,0.7616,0.2356,0.0997,0.3367,0.0417,0.0,0.0714,0.0645,0.0,0.0,13,7,19.28,20.47
4436370,2024-08-11,bra,2024,Brasileirao,22,Wilton Pereira Sampaio,9770,Flamengo,10283,Palmeiras,1,1,1,52,48,11,9,7,7,2,2,2,0,1,0,7,5,4,4,4,2,2,3,1,2,16,10,15,21,1,2,0,1,1,2,22,20,5,6,0,2,20,25,5,6,66,55,49.0,40.0,17.0,15.0,7.0,6.0,387,365,297.0,293.0,144,169,153,124,21.0,22.0,3.0,1.0,1.0,1.28,0.98,0.34,0.02,0.94,1.0,1.28,2.18,2.3,0,1,5,2,2,2,3,1,1,3,0.0,0.9371,0.7639,0.1811,0.1005,0.1271,0.1195,0.065,0.0163,0.049,10,7,0,0,0,2,1,0,0,0,0.9839,0.337,0.0,0.0,0.0,1.0222,0.0163,0.0,0.0,0.0,11,9,16.37,19.04
4436370,2024-08-11,bra,2024,Brasileirao,22,Wilton Pereira Sampaio,10283,Palmeiras,9770,Flamengo,0,1,1,48,52,9,11,7,7,2,2,0,2,0,1,5,7,4,4,2,4,3,2,2,1,10,16,21,15,2,1,1,0,2,1,20,22,6,5,2,0,25,20,6,5,55,66,40.0,49.0,15.0,17.0,6.0,7.0,365,387,293.0,297.0,169,144,124,153,22.0,21.0,1.0,3.0,1.28,1.0,0.34,0.98,0.94,0.02,1.28,1.0,2.3,2.18,1,0,2,5,2,2,1,3,3,1,0.9371,0.0,0.1811,0.7639,0.1271,0.1005,0.065,0.1195,0.049,0.0163,7,10,0,0,2,0,0,1,0,0,0.337,0.9839,0.0,0.0,1.0222,0.0,0.0,0.0163,0.0,0.0,9,11,19.04,16.37
4436371,2024-08-11,bra,2024,Brasileirao,22,Anderson Daronco,10276,Vasco da Gama,9863,Fluminense,1,2,0,43,57,8,12,3,3,3,9,2,0,0,0,4,4,4,8,6,3,3,0,1,0,15,17,23,12,3,3,0,0,2,1,14,12,5,1,0,2,17,9,3,1,47,60,36.0,45.0,11.0,15.0,12.0,11.0,416,547,356.0,494.0,199,263,157,231,32.0,14.0,1.0,2.0,1.22,0.85,0.79,0.75,0.43,0.1,1.22,0.85,1.76,0.47,2,1,2,1,0,2,2,6,2,2,0.7823,0.2975,0.4253,0.2352,0.0,0.1203,0.0736,0.1606,0.0323,0.0321,5,9,2,0,0,1,1,2,0,0,0.6953,0.747,0.1848,0.0,0.0,0.0085,0.4334,0.0901,0.0,0.0,8,12,20.19,22.41
4436371,2024-08-11,bra,2024,Brasileirao,22,Anderson Daronco,9863,Fluminense,10276,Vasco da Gama,0,0,2,57,43,12,8,3,3,9,3,0,2,0,0,4,4,8,4,3,6,0,3,0,1,17,15,12,23,3,3,0,0,1,2,12,14,1,5,2,0,9,17,1,3,60,47,45.0,36.0,15.0,11.0,11.0,12.0,547,416,494.0,356.0,263,199,231,157,14.0,32.0,2.0,1.0,0.85,1.22,0.75,0.79,0.1,0.43,0.85,1.22,0.47,1.76,1,2,1,2,2,0,6,2,2,2,0.2975,0.7823,0.2352,0.4253,0.1203,0.0,0.1606,0.0736,0.0321,0.0323,9,5,0,2,1,0,2,1,0,0,0.747,0.6953,0.0,0.1848,0.0085,0.0,0.0901,0.4334,0.0,0.0,12,8,22.41,20.19
4436416,2024-08-11,bra,2024,Brasileirao,22,Davi de Oliveira Lacerda,10277,Sao Paulo,165545,Atletico GO,1,1,0,45,55,12,13,7,6,2,5,3,2,1,0,8,6,4,7,3,2,6,1,5,1,22,10,15,8,1,2,0,0,1,1,16,19,8,5,2,4,22,14,6,5,40,49,30.0,37.0,10.0,12.0,6.0,6.0,451,551,391.0,477.0,215,238,176,239,23.0,37.0,5.0,4.0,2.05,0.67,1.94,0.33,0.11,0.34,2.05,0.67,2.06,0.9,2,0,5,6,1,0,2,6,2,1,0.2467,0.0,1.691,0.4246,0.0234,0.0,0.0985,0.1995,0.0644,0.0435,9,9,1,0,1,1,1,3,0,0,1.9532,0.327,0.0584,0.0,0.0639,0.0244,0.0484,0.3162,0.0,0.0,12,13,14.67,19.05
4436416,2024-08-11,bra,2024,Brasileirao,22,Davi de Oliveira Lacerda,165545,Atletico GO,10277,Sao Paulo,0,0,1,55,45,13,12,6,7,5,2,2,3,0,1,6,8,7,4,2,3,1,6,1,5,10,22,8,15,2,1,0,0,1,1,19,16,5,8,4,2,14,22,5,6,49,40,37.0,30.0,12.0,10.0,6.0,6.0,551,451,477.0,391.0,238,215,239,176,37.0,23.0,4.0,5.0,0.67,2.05,0.33,1.94,0.34,0.11,0.67,2.05,0.9,2.06,0,2,6,5,0,1,6,2,1,2,0.0,0.2467,0.4246,1.691,0.0,0.0234,0.1995,0.0985,0.0435,0.0644,9,9,0,1,1,1,3,1,0,0,0.327,1.9532,0.0,0.0584,0.0244,0.0639,0.3162,0.0484,0.0,0.0,13,12,19.05,14.67
4436419,2024-08-11,bra,2024,Brasileirao,22,Flavio Rodrigues De Souza,10274,Juventude,8517,Botafogo RJ,1,3,2,37,63,16,24,8,10,3,7,5,7,1,0,10,20,6,4,6,12,2,3,0,3,19,55,10,14,3,5,0,0,1,0,18,15,6,8,8,6,39,13,7,4,57,45,43.0,32.0,14.0,13.0,11.0,8.0,309,538,247.0,483.0,155,210,92,273,25.0,31.0,4.0,9.0,1.85,1.82,0.94,1.58,0.91,0.24,1.85,1.82,2.81,1.54,3,1,5,10,2,9,4,1,2,3,1.2819,0.0521,0.3633,1.2002,0.0638,0.4332,0.0874,0.0601,0.0881,0.0736,9,18,1,0,4,6,2,0,0,0,0.4754,1.5825,0.4641,0.0,0.8831,0.2369,0.0618,0.0,0.0,0.0,16,24,15.57,15.58
4436419,2024-08-11,bra,2024,Brasileirao,22,Flavio Rodrigues De Souza,8517,Botafogo RJ,10274,Juventude,0,2,3,63,37,24,16,10,8,7,3,7,5,0,1,20,10,4,6,12,6,3,2,3,0,55,19,14,10,5,3,0,0,0,1,15,18,8,6,6,8,13,39,4,7,45,57,32.0,43.0,13.0,14.0,8.0,11.0,538,309,483.0,247.0,210,155,273,92,31.0,25.0,9.0,4.0,1.82,1.85,1.58,0.94,0.24,0.91,1.82,1.85,1.54,2.81,1,3,10,5,9,2,1,4,3,2,0.0521,1.2819,1.2002,0.3633,0.4332,0.0638,0.0601,0.0874,0.0736,0.0881,18,9,0,1,6,4,0,2,0,0,1.5825,0.4754,0.0,0.4641,0.2369,0.8831,0.0,0.0618,0.0,0.0,24,16,15.58,15.57
4436426,2024-08-11,bra,2024,Brasileirao,22,Felipe Fernandes de Lima,9808,Corinthians,109705,Red Bull Bragantino,1,1,1,62,38,19,11,5,6,9,3,5,2,0,0,11,5,8,6,6,6,3,1,2,1,29,10,11,18,4,6,0,0,3,1,18,14,13,21,2,5,16,34,5,4,69,51,42.0,32.0,27.0,19.0,6.0,7.0,483,294,406.0,202.0,160,100,246,102,41.0,20.0,9.0,1.0,1.38,1.21,1.11,1.08,0.28,0.13,1.38,1.21,0.86,1.98,1,0,8,3,2,2,4,5,4,1,0.3294,0.0,0.6489,0.9416,0.079,0.0902,0.2295,0.1836,0.0967,0.0106,13,6,1,3,3,2,2,0,0,0,1.0675,0.2251,0.0472,0.9015,0.1454,0.0994,0.1234,0.0,0.0,0.0,19,11,18.31,22.07
4436426,2024-08-11,bra,2024,Brasileirao,22,Felipe Fernandes de Lima,109705,Red Bull Bragantino,9808,Corinthians,0,1,1,38,62,11,19,6,5,3,9,2,5,0,0,5,11,6,8,6,6,1,3,1,2,10,29,18,11,6,4,0,0,1,3,14,18,21,13,5,2,34,16,4,5,51,69,32.0,42.0,19.0,27.0,7.0,6.0,294,483,202.0,406.0,100,160,102,246,20.0,41.0,1.0,9.0,1.21,1.38,1.08,1.11,0.13,0.28,1.21,1.38,1.98,0.86,0,1,3,8,2,2,5,4,1,4,0.0,0.3294,0.9416,0.6489,0.0902,0.079,0.1836,0.2295,0.0106,0.0967,6,13,3,1,2,3,0,2,0,0,0.2251,1.0675,0.9015,0.0472,0.0994,0.1454,0.0,0.1234,0.0,0.0,11,19,22.07,18.31
4436249,2024-08-14,bra,2024,Brasileirao,6,,8702,Internacional,10274,Juventude,1,2,1,48,52,21,8,10,3,7,4,4,1,1,0,15,5,6,3,8,1,6,1,4,0,36,7,19,17,2,4,0,0,1,0,12,21,9,7,1,3,7,17,2,8,59,66,38.0,44.0,21.0,22.0,11.0,4.0,393,430,311.0,334.0,155,243,156,91,16.0,29.0,4.0,4.0,3.42,0.72,1.36,0.55,0.48,0.17,1.85,0.72,3.65,1.4,2,0,10,4,3,1,3,2,3,1,1.0058,0.0,2.806,0.6397,0.1191,0.0299,0.1151,0.0296,0.0424,0.0198,12,5,0,0,5,1,2,2,2,0,1.3631,0.5492,0.0,0.0,0.1428,0.0342,1.0058,0.1356,1.5768,0.0,21,8,15.34,17.82
4436249,2024-08-14,bra,2024,Brasileirao,6,,10274,Juventude,8702,Internacional,0,1,2,52,48,8,21,3,10,4,7,1,4,0,1,5,15,3,6,1,8,1,6,0,4,7,36,17,19,4,2,0,0,0,1,21,12,7,9,3,1,17,7,8,2,66,59,44.0,38.0,22.0,21.0,4.0,11.0,430,393,334.0,311.0,243,155,91,156,29.0,16.0,4.0,4.0,0.72,3.42,0.55,1.36,0.17,0.48,0.72,1.85,1.4,3.65,0,2,4,10,1,3,2,3,1,3,0.0,1.0058,0.6397,2.806,0.0299,0.1191,0.0296,0.1151,0.0198,0.0424,5,12,0,0,1,5,2,2,0,2,0.5492,1.3631,0.0,0.0,0.0342,0.1428,0.1356,1.0058,0.0,1.5768,8,21,17.82,15.34
4436415,2024-08-17,bra,2024,Brasileirao,23,Alex Gomes Stefano,109705,Red Bull Bragantino,8287,Fortaleza,1,1,2,61,39,13,14,9,7,2,2,2,5,0,0,9,10,4,4,9,2,4,4,3,2,25,26,19,13,4,4,0,0,3,1,17,9,7,8,5,3,19,40,5,7,65,56,45.0,31.0,20.0,25.0,15.0,5.0,457,300,367.0,218.0,183,99,184,119,29.0,43.0,7.0,3.0,2.24,1.97,1.43,1.3,0.02,0.67,1.45,1.97,2.28,2.82,1,0,4,10,4,0,2,1,2,3,0.6126,0.0,0.9498,1.9036,0.5379,0.0,0.1026,0.0597,0.0349,0.0513,11,7,0,1,1,5,0,1,1,0,1.4261,0.9202,0.0,0.3807,0.0232,0.5577,0.0,0.156,0.7884,0.0,13,14,16.82,16.54
4436415,2024-08-17,bra,2024,Brasileirao,23,Alex Gomes Stefano,8287,Fortaleza,109705,Red Bull Bragantino,0,2,1,39,61,14,13,7,9,2,2,5,2,0,0,10,9,4,4,2,9,4,4,2,3,26,25,13,19,4,4,0,0,1,3,9,17,8,7,3,5,40,19,7,5,56,65,31.0,45.0,25.0,20.0,5.0,15.0,300,457,218.0,367.0,99,183,119,184,43.0,29.0,3.0,7.0,1.97,2.24,1.3,1.43,0.67,0.02,1.97,1.45,2.82,2.28,0,1,10,4,0,4,1,2,3,2,0.0,0.6126,1.9036,0.9498,0.0,0.5379,0.0597,0.1026,0.0513,0.0349,7,11,1,0,5,1,1,0,0,1,0.9202,1.4261,0.3807,0.0,0.5577,0.0232,0.156,0.0,0.0,0.7884,14,13,16.54,16.82
4436420,2024-08-17,bra,2024,Brasileirao,23,Matheus Delgado Candançan,9769,Gremio,7877,Bahia,1,0,2,40,60,13,12,5,5,5,3,3,4,0,1,8,7,5,5,1,5,3,4,3,2,21,24,10,10,3,1,0,0,1,1,22,18,8,9,3,3,12,19,3,5,64,40,49.0,32.0,15.0,8.0,17.0,4.0,405,619,342.0,563.0,144,239,198,324,23.0,35.0,3.0,6.0,1.23,1.73,0.94,1.59,0.29,0.14,1.23,1.73,1.28,1.95,0,3,7,4,1,0,2,3,3,2,0.0,1.0012,0.9499,0.5831,0.1416,0.0,0.0658,0.1098,0.0746,0.0371,9,10,1,0,0,2,3,0,0,0,0.5809,1.5897,0.3605,0.0,0.0,0.1415,0.2905,0.0,0.0,0.0,13,12,18.77,16.11
4436420,2024-08-17,bra,2024,Brasileirao,23,Matheus Delgado Candançan,7877,Bahia,9769,Gremio,0,2,0,60,40,12,13,5,5,3,5,4,3,1,0,7,8,5,5,5,1,4,3,2,3,24,21,10,10,1,3,0,0,1,1,18,22,9,8,3,3,19,12,5,3,40,64,32.0,49.0,8.0,15.0,4.0,17.0,619,405,563.0,342.0,239,144,324,198,35.0,23.0,6.0,3.0,1.73,1.23,1.59,0.94,0.14,0.29,1.73,1.23,1.95,1.28,3,0,4,7,0,1,3,2,2,3,1.0012,0.0,0.5831,0.9499,0.0,0.1416,0.1098,0.0658,0.0371,0.0746,10,9,0,1,2,0,0,3,0,0,1.5897,0.5809,0.0,0.3605,0.1415,0.0,0.0,0.2905,0.0,0.0,12,13,16.11,18.77
4436421,2024-08-17,bra,2024,Brasileirao,23,Davi de Oliveira Lacerda,10272,Atletico MG,197815,Cuiaba,1,1,1,60,40,13,11,4,6,7,2,2,3,2,1,10,7,3,4,8,6,4,2,3,1,26,17,13,14,3,6,0,0,3,0,24,22,4,8,4,2,22,21,4,3,53,64,41.0,43.0,12.0,21.0,5.0,9.0,432,290,381.0,224.0,208,115,173,109,28.0,21.0,8.0,3.0,1.87,1.27,0.97,0.37,0.12,0.11,1.08,0.49,1.21,1.51,0,0,8,6,2,1,2,1,1,3,0.0,0.0,1.6145,1.0735,0.1343,0.0316,0.1023,0.0557,0.021,0.1138,9,6,0,1,2,2,1,1,1,1,0.9673,0.3676,0.0,0.0175,0.0608,0.074,0.0556,0.027,0.7884,0.7884,13,11,13.99,18.05
4436421,2024-08-17,bra,2024,Brasileirao,23,Davi de Oliveira Lacerda,197815,Cuiaba,10272,Atletico MG,0,1,1,40,60,11,13,6,4,2,7,3,2,1,2,7,10,4,3,6,8,2,4,1,3,17,26,14,13,6,3,0,0,0,3,22,24,8,4,2,4,21,22,3,4,64,53,43.0,41.0,21.0,12.0,9.0,5.0,290,432,224.0,381.0,115,208,109,173,21.0,28.0,3.0,8.0,1.27,1.87,0.37,0.97,0.11,0.12,0.49,1.08,1.51,1.21,0,0,6,8,1,2,1,2,3,1,0.0,0.0,1.0735,1.6145,0.0316,0.1343,0.0557,0.1023,0.1138,0.021,6,9,1,0,2,2,1,1,1,1,0.3676,0.9673,0.0175,0.0,0.074,0.0608,0.027,0.0556,0.7884,0.7884,11,13,18.05,13.99
4436423,2024-08-18,bra,2024,Brasileirao,23,Braulio da Silva Machado,9863,Fluminense,9808,Corinthians,1,0,0,56,44,16,8,4,2,6,4,6,2,0,0,9,6,7,2,6,2,1,2,1,2,18,14,10,17,2,2,0,0,0,3,20,35,8,16,2,6,7,21,2,4,66,58,55.0,49.0,11.0,9.0,19.0,5.0,456,372,405.0,308.0,235,201,170,107,18.0,23.0,10.0,4.0,0.57,1.07,0.33,0.4,0.24,0.67,0.57,1.07,0.59,0.21,0,1,8,4,1,1,5,2,2,0,0.0,0.5211,0.3298,0.4091,0.0372,0.04,0.1769,0.1006,0.0275,0.0,8,4,0,1,7,3,1,0,0,0,0.3347,0.2617,0.0,0.1368,0.197,0.6722,0.0397,0.0,0.0,0.0,16,8,18.97,13.31
4436423,2024-08-18,bra,2024,Brasileirao,23,Braulio da Silva Machado,9808,Corinthians,9863,Fluminense,0,0,0,44,56,8,16,2,4,4,6,2,6,0,0,6,9,2,7,2,6,2,1,2,1,14,18,17,10,2,2,0,0,3,0,35,20,16,8,6,2,21,7,4,2,58,66,49.0,55.0,9.0,11.0,5.0,19.0,372,456,308.0,405.0,201,235,107,170,23.0,18.0,4.0,10.0,1.07,0.57,0.4,0.33,0.67,0.24,1.07,0.57,0.21,0.59,1,0,4,8,1,1,2,5,0,2,0.5211,0.0,0.4091,0.3298,0.04,0.0372,0.1006,0.1769,0.0,0.0275,4,8,1,0,3,7,0,1,0,0,0.2617,0.3347,0.1368,0.0,0.6722,0.197,0.0,0.0397,0.0,0.0,8,16,13.31,18.97
4436424,2024-08-18,bra,2024,Brasileirao,23,Bruno Arleu de Araujo,8517,Botafogo RJ,9770,Flamengo,1,4,1,54,46,19,10,9,4,7,4,3,2,0,0,14,4,5,6,5,2,8,3,5,2,34,10,17,7,4,2,0,0,3,0,19,19,10,3,3,3,15,16,2,5,47,53,36.0,46.0,11.0,7.0,10.0,10.0,472,400,425.0,338.0,219,207,206,131,32.0,25.0,3.0,2.0,3.3,0.82,2.42,0.76,0.09,0.06,2.52,0.82,4.53,0.59,0,0,12,3,2,1,3,2,2,4,0.0,0.0,3.3454,0.57,0.0409,0.1032,0.0872,0.052,0.0406,0.0992,14,8,2,0,1,1,1,1,1,0,1.7276,0.7724,0.695,0.0,0.0373,0.0122,0.2659,0.0398,0.7884,0.0,19,10,15.86,21.72
4436424,2024-08-18,bra,2024,Brasileirao,23,Bruno Arleu de Araujo,9770,Flamengo,8517,Botafogo RJ,0,1,4,46,54,10,19,4,9,4,7,2,3,0,0,4,14,6,5,2,5,3,8,2,5,10,34,7,17,2,4,0,0,0,3,19,19,3,10,3,3,16,15,5,2,53,47,46.0,36.0,7.0,11.0,10.0,10.0,400,472,338.0,425.0,207,219,131,206,25.0,32.0,2.0,3.0,0.82,3.3,0.76,2.42,0.06,0.09,0.82,2.52,0.59,4.53,0,0,3,12,1,2,2,3,4,2,0.0,0.0,0.57,3.3454,0.1032,0.0409,0.052,0.0872,0.0992,0.0406,8,14,0,2,1,1,1,1,0,1,0.7724,1.7276,0.0,0.695,0.0122,0.0373,0.0398,0.2659,0.0,0.7884,10,19,21.72,15.86
4436425,2024-08-18,bra,2024,Brasileirao,23,Raphael Claus,10283,Palmeiras,10277,Sao Paulo,1,2,1,53,47,24,8,8,4,10,4,6,0,0,0,15,4,9,4,6,1,4,0,2,0,35,9,17,12,4,1,1,2,2,1,15,18,5,11,0,5,9,23,3,6,56,54,40.0,43.0,16.0,11.0,13.0,9.0,417,380,351.0,312.0,171,191,180,121,19.0,20.0,8.0,2.0,2.17,0.62,1.06,0.46,1.11,0.17,2.17,0.62,1.07,1.11,1,0,14,2,0,2,5,3,4,1,0.525,0.0,1.3352,0.3576,0.0,0.0751,0.2132,0.1496,0.0974,0.0412,12,7,0,0,8,0,4,1,0,0,1.0641,0.4578,0.0,0.0,0.9053,0.0,0.2015,0.1657,0.0,0.0,24,8,15.93,16.99
4436425,2024-08-18,bra,2024,Brasileirao,23,Raphael Claus,10277,Sao Paulo,10283,Palmeiras,0,1,2,47,53,8,24,4,8,4,10,0,6,0,0,4,15,4,9,1,6,0,4,0,2,9,35,12,17,1,4,2,1,1,2,18,15,11,5,5,0,23,9,6,3,54,56,43.0,40.0,11.0,16.0,9.0,13.0,380,417,312.0,351.0,191,171,121,180,20.0,19.0,2.0,8.0,0.62,2.17,0.46,1.06,0.17,1.11,0.62,2.17,1.11,1.07,0,1,2,14,2,0,3,5,1,4,0.0,0.525,0.3576,1.3352,0.0751,0.0,0.1496,0.2132,0.0412,0.0974,7,12,0,0,0,8,1,4,0,0,0.4578,1.0641,0.0,0.0,0.0,0.9053,0.1657,0.2015,0.0,0.0,8,24,16.99,15.93
4436427,2024-08-18,bra,2024,Brasileirao,23,João Vitor Gobi,10273,Athletico Paranaense,10274,Juventude,1,1,2,60,40,23,8,7,5,10,2,6,1,1,0,15,5,8,3,10,4,1,2,1,1,28,13,17,10,4,2,0,0,1,1,14,21,14,14,1,5,9,25,3,6,56,59,31.0,40.0,25.0,19.0,8.0,5.0,462,314,389.0,222.0,188,150,201,72,22.0,18.0,7.0,5.0,1.66,1.13,0.6,1.03,1.06,0.1,1.66,1.13,1.55,1.36,1,0,12,4,2,1,4,2,4,1,0.6307,0.0,0.6721,0.8911,0.0501,0.0188,0.2056,0.2036,0.1045,0.0128,13,3,1,2,7,1,2,2,0,0,0.5209,0.3171,0.0822,0.7101,1.0001,0.0162,0.0599,0.083,0.0,0.0,23,8,16.7,17.16
4436427,2024-08-18,bra,2024,Brasileirao,23,João Vitor Gobi,10274,Juventude,10273,Athletico Paranaense,0,2,1,40,60,8,23,5,7,2,10,1,6,0,1,5,15,3,8,4,10,2,1,1,1,13,28,10,17,2,4,0,0,1,1,21,14,14,14,5,1,25,9,6,3,59,56,40.0,31.0,19.0,25.0,5.0,8.0,314,462,222.0,389.0,150,188,72,201,18.0,22.0,5.0,7.0,1.13,1.66,1.03,0.6,0.1,1.06,1.13,1.66,1.36,1.55,0,1,4,12,1,2,2,4,1,4,0.0,0.6307,0.8911,0.6721,0.0188,0.0501,0.2036,0.2056,0.0128,0.1045,3,13,2,1,1,7,2,2,0,0,0.3171,0.5209,0.7101,0.0822,0.0162,1.0001,0.083,0.0599,0.0,0.0,8,23,17.16,16.7
4436428,2024-08-18,bra,2024,Brasileirao,23,Flavio Rodrigues De Souza,165545,Atletico GO,8702,Internacional,1,1,0,42,58,13,19,5,6,4,5,4,8,0,0,8,10,5,9,4,7,0,4,0,4,21,24,11,6,3,0,0,0,1,0,23,28,10,15,7,4,17,10,6,4,56,77,35.0,58.0,21.0,19.0,7.0,19.0,332,466,248.0,380.0,126,194,122,186,34.0,24.0,7.0,8.0,0.71,1.96,0.67,0.81,0.04,1.15,0.71,1.96,0.87,0.5,0,4,7,2,1,4,4,5,1,4,0.0,1.202,0.4083,0.2331,0.0973,0.1591,0.1774,0.2371,0.0292,0.1237,9,7,1,2,3,3,0,7,0,0,0.5716,0.6918,0.0973,0.1161,0.0433,0.4777,0.0,0.6694,0.0,0.0,13,19,16.2,18.06
4436428,2024-08-18,bra,2024,Brasileirao,23,Flavio Rodrigues De Souza,8702,Internacional,165545,Atletico GO,0,0,1,58,42,19,13,6,5,5,4,8,4,0,0,10,8,9,5,7,4,4,0,4,0,24,21,6,11,0,3,0,0,0,1,28,23,15,10,4,7,10,17,4,6,77,56,58.0,35.0,19.0,21.0,19.0,7.0,466,332,380.0,248.0,194,126,186,122,24.0,34.0,8.0,7.0,1.96,0.71,0.81,0.67,1.15,0.04,1.96,0.71,0.5,0.87,4,0,2,7,4,1,5,4,4,1,1.202,0.0,0.2331,0.4083,0.1591,0.0973,0.2371,0.1774,0.1237,0.0292,7,9,2,1,3,3,7,0,0,0,0.6918,0.5716,0.1161,0.0973,0.4777,0.0433,0.6694,0.0,0.0,0.0,19,13,18.06,16.2
4436429,2024-08-18,bra,2024,Brasileirao,23,Paulo Cesar Zanovelli da Silva,7729,Criciuma,10276,Vasco da Gama,1,2,2,51,49,19,13,8,4,10,5,1,4,0,0,5,9,14,4,9,10,3,1,1,1,15,22,15,7,3,2,0,0,4,1,21,22,8,10,4,1,14,28,2,6,43,71,31.0,49.0,12.0,22.0,5.0,14.0,434,429,352.0,349.0,165,195,187,154,21.0,34.0,4.0,3.0,1.09,1.44,0.9,0.51,0.19,0.93,1.09,1.44,1.9,1.71,0,1,4,4,1,4,10,1,4,3,0.0,0.6379,0.5818,0.501,0.132,0.1878,0.2855,0.0242,0.0904,0.0919,13,8,1,0,4,2,1,3,0,0,0.7727,0.5131,0.132,0.0,0.1711,0.6621,0.0139,0.2676,0.0,0.0,19,13,21.59,17.43
4436429,2024-08-18,bra,2024,Brasileirao,23,Paulo Cesar Zanovelli da Silva,10276,Vasco da Gama,7729,Criciuma,0,2,2,49,51,13,19,4,8,5,10,4,1,0,0,9,5,4,14,10,9,1,3,1,1,22,15,7,15,2,3,0,0,1,4,22,21,10,8,1,4,28,14,6,2,71,43,49.0,31.0,22.0,12.0,14.0,5.0,429,434,349.0,352.0,195,165,154,187,34.0,21.0,3.0,4.0,1.44,1.09,0.51,0.9,0.93,0.19,1.44,1.09,1.71,1.9,1,0,4,4,4,1,1,10,3,4,0.6379,0.0,0.501,0.5818,0.1878,0.132,0.0242,0.2855,0.0919,0.0904,8,13,0,1,2,4,3,1,0,0,0.5131,0.7727,0.0,0.132,0.6621,0.1711,0.2676,0.0139,0.0,0.0,13,19,17.43,21.59
4436422,2024-08-19,bra,2024,Brasileirao,23,Marcelo de Lima Henrique,7733,Vitoria,9781,Cruzeiro,1,2,2,30,70,14,25,5,12,5,8,4,5,0,0,9,16,5,9,4,7,2,2,1,2,15,34,10,13,1,3,1,0,0,0,10,14,16,5,5,3,39,17,10,3,45,57,28.0,35.0,17.0,22.0,8.0,13.0,216,495,149.0,420.0,91,143,58,277,14.0,21.0,4.0,11.0,1.41,1.23,0.23,1.04,0.39,0.19,0.62,1.23,2.36,2.95,0,2,6,11,3,3,2,5,3,4,0.0,0.267,1.2397,0.6272,0.0603,0.0994,0.0348,0.1573,0.0708,0.0931,7,20,0,0,2,4,4,1,1,0,0.2255,1.05,0.0,0.0,0.0352,0.1324,0.3566,0.0615,0.7884,0.0,14,25,20.3,17.25
4436422,2024-08-19,bra,2024,Brasileirao,23,Marcelo de Lima Henrique,9781,Cruzeiro,7733,Vitoria,0,2,2,70,30,25,14,12,5,8,5,5,4,0,0,16,9,9,5,7,4,2,2,2,1,34,15,13,10,3,1,0,1,0,0,14,10,5,16,3,5,17,39,3,10,57,45,35.0,28.0,22.0,17.0,13.0,8.0,495,216,420.0,149.0,143,91,277,58,21.0,14.0,11.0,4.0,1.23,1.41,1.04,0.23,0.19,0.39,1.23,0.62,2.95,2.36,2,0,11,6,3,3,5,2,4,3,0.267,0.0,0.6272,1.2397,0.0994,0.0603,0.1573,0.0348,0.0931,0.0708,20,7,0,0,4,2,1,4,0,1,1.05,0.2255,0.0,0.0,0.1324,0.0352,0.0615,0.3566,0.0,0.7884,25,14,17.25,20.3
4436395,2024-08-24,bra,2024,Brasileirao,24,Bruno Pereira Vasconcelos,165545,Atletico GO,10274,Juventude,1,2,1,40,60,19,13,7,3,7,5,5,5,0,0,12,4,7,9,4,5,2,3,0,2,25,13,17,10,3,4,1,1,0,2,15,12,7,4,5,5,31,16,2,5,48,56,30.0,35.0,18.0,21.0,5.0,7.0,274,402,211.0,332.0,104,201,107,131,24.0,19.0,6.0,4.0,2.43,0.57,1.39,0.23,0.25,0.34,1.64,0.57,2.79,0.59,2,1,6,2,3,1,5,3,2,6,0.7348,0.083,1.4194,0.1022,0.1475,0.0737,0.2086,0.1295,0.0325,0.1781,11,8,3,0,1,3,2,2,1,0,0.7542,0.3154,0.7536,0.0,0.1298,0.1852,0.1169,0.0659,0.7884,0.0,18,13,16.84,23.48
4436395,2024-08-24,bra,2024,Brasileirao,24,Bruno Pereira Vasconcelos,10274,Juventude,165545,Atletico GO,0,1,2,60,40,13,19,3,7,5,7,5,5,0,0,4,12,9,7,5,4,3,2,2,0,13,25,10,17,4,3,1,1,2,0,12,15,4,7,5,5,16,31,5,2,56,48,35.0,30.0,21.0,18.0,7.0,5.0,402,274,332.0,211.0,201,104,131,107,19.0,24.0,4.0,6.0,0.57,2.43,0.23,1.39,0.34,0.25,0.57,1.64,0.59,2.79,1,2,2,6,1,3,3,5,6,2,0.083,0.7348,0.1022,1.4194,0.0737,0.1475,0.1295,0.2086,0.1781,0.0325,8,11,0,3,3,1,2,2,0,1,0.3154,0.7542,0.0,0.7536,0.1852,0.1298,0.0659,0.1169,0.0,0.7884,13,18,23.48,16.84
4436435,2024-08-24,bra,2024,Brasileirao,24,Alex Gomes Stefano,10283,Palmeiras,197815,Cuiaba,1,5,0,58,42,14,10,9,3,3,4,2,3,0,0,8,7,6,3,7,1,4,2,0,2,28,12,16,6,1,1,0,0,1,2,14,8,6,7,3,2,4,16,3,4,37,40,29.0,33.0,8.0,7.0,9.0,9.0,450,336,385.0,287.0,219,169,166,118,33.0,24.0,6.0,4.0,2.61,0.81,1.19,0.59,0.63,0.22,1.82,0.81,4.25,1.24,1,1,6,4,1,2,2,1,4,2,0.8729,0.1484,1.5727,0.2683,0.0473,0.3186,0.0358,0.0276,0.0815,0.0428,7,6,1,0,5,1,0,3,1,0,1.1552,0.5885,0.0319,0.0,0.6347,0.1484,0.0,0.0689,0.7884,0.0,14,10,18.17,17.03
4436435,2024-08-24,bra,2024,Brasileirao,24,Alex Gomes Stefano,197815,Cuiaba,10283,Palmeiras,0,0,5,42,58,10,14,3,9,4,3,3,2,0,0,7,8,3,6,1,7,2,4,2,0,12,28,6,16,1,1,0,0,2,1,8,14,7,6,2,3,16,4,4,3,40,37,33.0,29.0,7.0,8.0,9.0,9.0,336,450,287.0,385.0,169,219,118,166,24.0,33.0,4.0,6.0,0.81,2.61,0.59,1.19,0.22,0.63,0.81,1.82,1.24,4.25,1,1,4,6,2,1,1,2,2,4,0.1484,0.8729,0.2683,1.5727,0.3186,0.0473,0.0276,0.0358,0.0428,0.0815,6,7,0,1,1,5,3,0,0,1,0.5885,1.1552,0.0,0.0319,0.1484,0.6347,0.0689,0.0,0.0,0.7884,10,14,17.03,18.17
4436394,2024-08-25,bra,2024,Brasileirao,24,Felipe Fernandes de Lima,8287,Fortaleza,9808,Corinthians,1,1,0,44,56,8,12,5,4,3,2,0,6,0,0,5,9,3,3,3,9,1,2,0,2,18,20,14,16,3,3,0,0,2,2,15,14,10,7,7,0,39,17,3,4,59,43,39.0,32.0,20.0,11.0,10.0,5.0,344,430,290.0,350.0,161,171,129,179,26.0,19.0,2.0,5.0,1.04,0.64,0.95,0.55,0.08,0.1,1.04,0.64,2.05,0.56,0,0,5,4,0,5,3,3,0,0,0.0,0.0,0.9542,0.3562,0.0,0.2051,0.0842,0.0831,0.0,0.0,6,7,1,2,0,3,1,0,0,0,0.7019,0.4576,0.2518,0.0879,0.0,0.0989,0.0847,0.0,0.0,0.0,8,12,17.42,17.11
4436394,2024-08-25,bra,2024,Brasileirao,24,Felipe Fernandes de Lima,9808,Corinthians,8287,Fortaleza,0,0,1,56,44,12,8,4,5,2,3,6,0,0,0,9,5,3,3,9,3,2,1,2,0,20,18,16,14,3,3,0,0,2,2,14,15,7,10,0,7,17,39,4,3,43,59,32.0,39.0,11.0,20.0,5.0,10.0,430,344,350.0,290.0,171,161,179,129,19.0,26.0,5.0,2.0,0.64,1.04,0.55,0.95,0.1,0.08,0.64,1.04,0.56,2.05,0,0,4,5,5,0,3,3,0,0,0.0,0.0,0.3562,0.9542,0.2051,0.0,0.0831,0.0842,0.0,0.0,7,6,2,1,3,0,0,1,0,0,0.4576,0.7019,0.0879,0.2518,0.0989,0.0,0.0,0.0847,0.0,0.0,12,8,17.11,17.42
4436396,2024-08-25,bra,2024,Brasileirao,24,Lucas Paulo Torezin,7729,Criciuma,9769,Gremio,1,0,1,46,54,19,14,4,4,9,3,6,7,0,1,4,8,15,6,6,9,1,2,1,1,17,28,15,8,2,1,0,0,3,4,36,22,11,6,7,5,27,20,3,4,67,58,54.0,49.0,13.0,9.0,10.0,12.0,395,457,312.0,376.0,144,149,168,227,24.0,26.0,4.0,4.0,0.89,1.24,0.83,1.06,0.06,0.17,0.89,1.24,0.81,1.06,0,2,4,3,0,3,10,3,5,3,0.0,0.8134,0.5136,0.1351,0.0,0.0931,0.2692,0.1234,0.1123,0.0707,16,10,0,0,3,3,0,1,0,0,0.8376,1.0808,0.0,0.0,0.0576,0.1094,0.0,0.0456,0.0,0.0,19,14,22.36,16.96
4436396,2024-08-25,bra,2024,Brasileirao,24,Lucas Paulo Torezin,9769,Gremio,7729,Criciuma,0,1,0,54,46,14,19,4,4,3,9,7,6,1,0,8,4,6,15,9,6,2,1,1,1,28,17,8,15,1,2,0,0,4,3,22,36,6,11,5,7,20,27,4,3,58,67,49.0,54.0,9.0,13.0,12.0,10.0,457,395,376.0,312.0,149,144,227,168,26.0,24.0,4.0,4.0,1.24,0.89,1.06,0.83,0.17,0.06,1.24,0.89,1.06,0.81,2,0,3,4,3,0,3,10,3,5,0.8134,0.0,0.1351,0.5136,0.0931,0.0,0.1234,0.2692,0.0707,0.1123,10,16,0,0,3,3,1,0,0,0,1.0808,0.8376,0.0,0.0,0.1094,0.0576,0.0456,0.0,0.0,0.0,14,19,16.96,22.36
4436404,2024-08-25,bra,2024,Brasileirao,24,Wilton Pereira Sampaio,10277,Sao Paulo,7733,Vitoria,1,2,1,58,42,12,10,3,4,5,4,4,2,1,0,7,6,5,4,4,3,0,1,0,0,26,13,7,8,0,2,0,0,1,0,18,23,8,9,2,3,21,17,3,1,49,49,37.0,40.0,12.0,9.0,11.0,10.0,536,372,480.0,323.0,345,199,135,124,21.0,10.0,4.0,3.0,0.65,1.24,0.44,0.39,0.21,0.06,0.65,0.45,0.99,1.21,0,0,5,5,2,1,2,4,3,0,0.0,0.0,0.395,1.0665,0.0631,0.037,0.119,0.135,0.0703,0.0,7,7,0,0,4,1,1,1,0,1,0.4423,0.3906,0.0,0.0,0.1542,0.0486,0.0509,0.0109,0.0,0.7884,12,10,17.54,17.66
4436404,2024-08-25,bra,2024,Brasileirao,24,Wilton Pereira Sampaio,7733,Vitoria,10277,Sao Paulo,0,1,2,42,58,10,12,4,3,4,5,2,4,0,1,6,7,4,5,3,4,1,0,0,0,13,26,8,7,2,0,0,0,0,1,23,18,9,8,3,2,17,21,1,3,49,49,40.0,37.0,9.0,12.0,10.0,11.0,372,536,323.0,480.0,199,345,124,135,10.0,21.0,3.0,4.0,1.24,0.65,0.39,0.44,0.06,0.21,0.45,0.65,1.21,0.99,0,0,5,5,1,2,4,2,0,3,0.0,0.0,1.0665,0.395,0.037,0.0631,0.135,0.119,0.0,0.0703,7,7,0,0,1,4,1,1,1,0,0.3906,0.4423,0.0,0.0,0.0486,0.1542,0.0109,0.0509,0.7884,0.0,10,12,17.66,17.54
4436430,2024-08-25,bra,2024,Brasileirao,24,Matheus Delgado Candançan,8702,Internacional,9781,Cruzeiro,1,1,0,44,56,19,5,9,3,8,2,2,0,0,0,15,3,4,2,12,3,6,0,5,0,28,5,12,9,3,2,0,0,0,0,16,23,11,15,0,2,18,27,3,8,53,55,30.0,38.0,23.0,17.0,6.0,4.0,372,502,292.0,393.0,133,269,159,124,17.0,46.0,13.0,1.0,2.66,0.16,1.69,0.11,0.97,0.05,2.66,0.16,1.88,0.27,1,0,13,1,1,2,4,1,0,1,0.5782,0.0,1.8426,0.036,0.1875,0.078,0.1608,0.0258,0.0,0.0167,11,3,0,0,6,2,2,0,0,0,1.8005,0.1067,0.0,0.0,0.3518,0.0498,0.6169,0.0,0.0,0.0,19,5,12.74,20.28
4436430,2024-08-25,bra,2024,Brasileirao,24,Matheus Delgado Candançan,9781,Cruzeiro,8702,Internacional,0,0,1,56,44,5,19,3,9,2,8,0,2,0,0,3,15,2,4,3,12,0,6,0,5,5,28,9,12,2,3,0,0,0,0,23,16,15,11,2,0,27,18,8,3,55,53,38.0,30.0,17.0,23.0,4.0,6.0,502,372,393.0,292.0,269,133,124,159,46.0,17.0,1.0,13.0,0.16,2.66,0.11,1.69,0.05,0.97,0.16,2.66,0.27,1.88,0,1,1,13,2,1,1,4,1,0,0.0,0.5782,0.036,1.8426,0.078,0.1875,0.0258,0.1608,0.0167,0.0,3,11,0,0,2,6,0,2,0,0,0.1067,1.8005,0.0,0.0,0.0498,0.3518,0.0,0.6169,0.0,0.0,5,19,20.28,12.74
4436431,2024-08-25,bra,2024,Brasileirao,24,Flavio Rodrigues De Souza,10272,Atletico MG,9863,Fluminense,1,0,2,60,40,19,8,0,6,14,1,5,1,0,0,6,4,13,4,5,2,0,1,0,0,17,9,19,7,5,3,0,0,1,0,25,14,10,7,1,5,7,35,5,0,54,50,38.0,41.0,16.0,9.0,6.0,9.0,486,335,409.0,261.0,159,149,250,112,19.0,32.0,7.0,1.0,0.51,0.74,0.39,0.58,0.12,0.16,0.51,0.74,0.0,1.27,0,0,2,3,4,1,8,3,5,1,0.0,0.0,0.0946,0.5271,0.1059,0.0433,0.2396,0.1528,0.0666,0.0144,13,5,0,1,5,0,1,2,0,0,0.3854,0.239,0.0,0.3833,0.0836,0.0,0.0378,0.1153,0.0,0.0,19,8,24.12,20.22
4436431,2024-08-25,bra,2024,Brasileirao,24,Flavio Rodrigues De Souza,9863,Fluminense,10272,Atletico MG,0,2,0,40,60,8,19,6,0,1,14,1,5,0,0,4,6,4,13,2,5,1,0,0,0,9,17,7,19,3,5,0,0,0,1,14,25,7,10,5,1,35,7,0,5,50,54,41.0,38.0,9.0,16.0,9.0,6.0,335,486,261.0,409.0,149,159,112,250,32.0,19.0,1.0,7.0,0.74,0.51,0.58,0.39,0.16,0.12,0.74,0.51,1.27,0.0,0,0,3,2,1,4,3,8,1,5,0.0,0.0,0.5271,0.0946,0.0433,0.1059,0.1528,0.2396,0.0144,0.0666,5,13,1,0,0,5,2,1,0,0,0.239,0.3854,0.3833,0.0,0.0,0.0836,0.1153,0.0378,0.0,0.0,8,19,20.22,24.12
4436432,2024-08-25,bra,2024,Brasileirao,24,Ramon Abatti,7877,Bahia,8517,Botafogo RJ,1,0,0,53,47,17,14,7,5,9,4,1,5,0,2,11,10,6,4,4,7,2,1,2,1,27,25,19,21,4,4,0,0,3,2,11,11,4,12,5,1,15,16,5,7,52,46,41.0,36.0,11.0,10.0,9.0,6.0,409,359,349.0,297.0,173,165,176,132,26.0,24.0,7.0,7.0,0.92,0.86,0.69,0.52,0.22,0.34,0.92,0.86,1.68,0.6,0,1,9,8,2,1,5,1,1,3,0.0,0.0395,0.6666,0.6355,0.0975,0.0562,0.1525,0.0273,0.0155,0.1041,13,6,0,0,1,4,3,4,0,0,0.7559,0.5172,0.0,0.0,0.076,0.1296,0.1002,0.2157,0.0,0.0,17,14,17.85,16.94
4436432,2024-08-25,bra,2024,Brasileirao,24,Ramon Abatti,8517,Botafogo RJ,7877,Bahia,0,0,0,47,53,14,17,5,7,4,9,5,1,2,0,10,11,4,6,7,4,1,2,1,2,25,27,21,19,4,4,0,0,2,3,11,11,12,4,1,5,16,15,7,5,46,52,36.0,41.0,10.0,11.0,6.0,9.0,359,409,297.0,349.0,165,173,132,176,24.0,26.0,7.0,7.0,0.86,0.92,0.52,0.69,0.34,0.22,0.86,0.92,0.6,1.68,1,0,8,9,1,2,1,5,3,1,0.0395,0.0,0.6355,0.6666,0.0562,0.0975,0.0273,0.1525,0.1041,0.0155,6,13,0,0,4,1,4,3,0,0,0.5172,0.7559,0.0,0.0,0.1296,0.076,0.2157,0.1002,0.0,0.0,14,17,16.94,17.85
4436433,2024-08-25,bra,2024,Brasileirao,24,Gustavo Ervino Bauermann,9770,Flamengo,109705,Red Bull Bragantino,1,2,1,56,44,13,12,7,2,2,9,4,1,0,1,7,3,6,9,6,10,2,1,1,1,33,10,13,12,1,1,0,0,1,1,17,26,7,8,1,4,30,33,1,6,57,53,36.0,45.0,21.0,8.0,7.0,7.0,470,363,396.0,291.0,163,150,233,141,36.0,25.0,2.0,5.0,1.26,1.06,1.06,0.29,0.2,0.77,1.26,1.06,1.53,0.96,3,0,1,2,3,1,1,6,5,3,0.9719,0.0,0.0385,0.6545,0.1119,0.0219,0.0366,0.3281,0.1038,0.0605,9,6,0,1,3,2,1,3,0,0,1.0578,0.1289,0.0,0.1645,0.0779,0.5919,0.1271,0.1796,0.0,0.0,13,12,19.24,22.92
4436433,2024-08-25,bra,2024,Brasileirao,24,Gustavo Ervino Bauermann,109705,Red Bull Bragantino,9770,Flamengo,0,1,2,44,56,12,13,2,7,9,2,1,4,1,0,3,7,9,6,10,6,1,2,1,1,10,33,12,13,1,1,0,0,1,1,26,17,8,7,4,1,33,30,6,1,53,57,45.0,36.0,8.0,21.0,7.0,7.0,363,470,291.0,396.0,150,163,141,233,25.0,36.0,5.0,2.0,1.06,1.26,0.29,1.06,0.77,0.2,1.06,1.26,0.96,1.53,0,3,2,1,1,3,6,1,3,5,0.0,0.9719,0.6545,0.0385,0.0219,0.1119,0.3281,0.0366,0.0605,0.1038,6,9,1,0,2,3,3,1,0,0,0.1289,1.0578,0.1645,0.0,0.5919,0.0779,0.1796,0.1271,0.0,0.0,12,13,22.92,19.24
4436434,2024-08-27,bra,2024,Brasileirao,24,Jonathan Benkenstein Pinheiro,10276,Vasco da Gama,10273,Athletico Paranaense,1,2,1,46,54,7,9,5,4,1,4,1,1,1,0,6,4,1,5,4,5,0,0,0,0,15,15,10,11,1,2,0,1,4,1,18,9,10,7,1,2,18,21,3,2,45,35,33.0,25.0,12.0,10.0,5.0,8.0,334,405,274.0,332.0,149,160,125,172,29.0,19.0,6.0,1.0,0.65,0.68,0.61,0.68,0.04,0.0,0.65,0.68,1.32,1.29,1,1,4,2,1,1,1,4,0,1,0.0732,0.1093,0.5051,0.302,0.0374,0.0217,0.038,0.2274,0.0,0.019,5,9,1,0,1,0,0,0,0,0,0.3687,0.6794,0.2412,0.0,0.0438,0.0,0.0,0.0,0.0,0.0,7,9,11.94,18.38
4436434,2024-08-27,bra,2024,Brasileirao,24,Jonathan Benkenstein Pinheiro,10273,Athletico Paranaense,10276,Vasco da Gama,0,1,2,54,46,9,7,4,5,4,1,1,1,0,1,4,6,5,1,5,4,0,0,0,0,15,15,11,10,2,1,1,0,1,4,9,18,7,10,2,1,21,18,2,3,35,45,25.0,33.0,10.0,12.0,8.0,5.0,405,334,332.0,274.0,160,149,172,125,19.0,29.0,1.0,6.0,0.68,0.65,0.68,0.61,0.0,0.04,0.68,0.65,1.29,1.32,1,1,2,4,1,1,4,1,1,0,0.1093,0.0732,0.302,0.5051,0.0217,0.0374,0.2274,0.038,0.019,0.0,9,5,0,1,0,1,0,0,0,0,0.6794,0.3687,0.0,0.2412,0.0,0.0438,0.0,0.0,0.0,0.0,9,7,18.38,11.94
4436198,2024-08-28,bra,2024,Brasileirao,5,Bruno Arleu de Araujo,9781,Cruzeiro,8702,Internacional,1,0,0,69,31,19,1,4,0,12,1,3,0,1,0,9,0,10,1,10,3,1,0,1,0,35,2,12,13,2,7,0,1,1,1,11,11,4,10,0,3,11,44,0,4,50,44,29.0,22.0,21.0,22.0,6.0,2.0,453,216,377.0,139.0,123,79,254,60,22.0,20.0,10.0,0.0,1.74,0.02,0.68,0.02,0.28,0.0,0.96,0.02,1.45,0.0,0,0,7,0,2,0,8,0,2,1,0.0,0.0,1.3841,0.0,0.0975,0.0,0.236,0.0,0.0774,0.0154,12,1,0,0,2,0,4,0,1,0,0.6779,0.0154,0.0,0.0,0.1573,0.0,0.1713,0.0,0.7884,0.0,19,1,19.64,36.95
4436198,2024-08-28,bra,2024,Brasileirao,5,Bruno Arleu de Araujo,8702,Internacional,9781,Cruzeiro,0,0,0,31,69,1,19,0,4,1,12,0,3,0,1,0,9,1,10,3,10,0,1,0,1,2,35,13,12,7,2,1,0,1,1,11,11,10,4,3,0,44,11,4,0,44,50,22.0,29.0,22.0,21.0,2.0,6.0,216,453,139.0,377.0,79,123,60,254,20.0,22.0,0.0,10.0,0.02,1.74,0.02,0.68,0.0,0.28,0.02,0.96,0.0,1.45,0,0,0,7,0,2,0,8,1,2,0.0,0.0,0.0,1.3841,0.0,0.0975,0.0,0.236,0.0154,0.0774,1,12,0,0,0,2,0,4,0,1,0.0154,0.6779,0.0,0.0,0.0,0.1573,0.0,0.1713,0.0,0.7884,1,19,36.95,19.64
4436389,2024-08-28,bra,2024,Brasileirao,19,André Luiz Skettino Policarpo Bento,7729,Criciuma,109705,Red Bull Bragantino,1,1,0,49,51,13,15,2,6,5,9,6,0,0,0,10,9,3,6,6,8,2,3,1,3,23,22,17,15,3,5,0,0,0,1,20,20,8,10,0,6,31,13,6,1,69,61,46.0,50.0,23.0,11.0,11.0,14.0,352,363,279.0,290.0,110,141,169,149,41.0,24.0,4.0,3.0,0.87,1.11,0.86,0.92,0.02,0.19,0.87,1.11,0.29,0.81,0,0,6,8,4,1,1,3,2,3,0.0,0.0,0.3779,0.8632,0.4417,0.0276,0.0265,0.1591,0.0274,0.0619,11,12,1,0,0,1,1,2,0,0,0.7405,0.918,0.1167,0.0,0.0,0.0565,0.0162,0.1372,0.0,0.0,13,15,17.73,17.36
4436389,2024-08-28,bra,2024,Brasileirao,19,André Luiz Skettino Policarpo Bento,109705,Red Bull Bragantino,7729,Criciuma,0,0,1,51,49,15,13,6,2,9,5,0,6,0,0,9,10,6,3,8,6,3,2,3,1,22,23,15,17,5,3,0,0,1,0,20,20,10,8,6,0,13,31,1,6,61,69,50.0,46.0,11.0,23.0,14.0,11.0,363,352,290.0,279.0,141,110,149,169,24.0,41.0,3.0,4.0,1.11,0.87,0.92,0.86,0.19,0.02,1.11,0.87,0.81,0.29,0,0,8,6,1,4,3,1,3,2,0.0,0.0,0.8632,0.3779,0.0276,0.4417,0.1591,0.0265,0.0619,0.0274,12,11,0,1,1,0,2,1,0,0,0.918,0.7405,0.0,0.1167,0.0565,0.0,0.1372,0.0162,0.0,0.0,15,13,17.36,17.73
4436405,2024-08-31,bra,2024,Brasileirao,25,Rodrigo José Pereira de Lima,197815,Cuiaba,7729,Criciuma,1,2,1,45,55,22,12,3,3,11,6,8,3,0,0,14,6,8,6,5,5,1,0,1,0,27,15,16,9,4,0,0,0,0,3,15,11,7,8,3,8,12,29,3,1,53,45,34.0,31.0,19.0,14.0,11.0,4.0,385,484,327.0,416.0,120,206,207,210,24.0,29.0,4.0,7.0,1.22,0.6,0.96,0.36,0.26,0.25,1.22,0.6,1.28,1.01,1,0,6,4,7,2,6,6,2,0,0.1465,0.0,0.4413,0.3254,0.295,0.0852,0.2843,0.1939,0.0516,0.0,14,8,2,1,5,3,1,0,0,0,0.7213,0.3086,0.2422,0.0488,0.1862,0.2471,0.0691,0.0,0.0,0.0,22,12,18.08,17.45
4436405,2024-08-31,bra,2024,Brasileirao,25,Rodrigo José Pereira de Lima,7729,Criciuma,197815,Cuiaba,0,1,2,55,45,12,22,3,3,6,11,3,8,0,0,6,14,6,8,5,5,0,1,0,1,15,27,9,16,0,4,0,0,3,0,11,15,8,7,8,3,29,12,1,3,45,53,31.0,34.0,14.0,19.0,4.0,11.0,484,385,416.0,327.0,206,120,210,207,29.0,24.0,7.0,4.0,0.6,1.22,0.36,0.96,0.25,0.26,0.6,1.22,1.01,1.28,0,1,4,6,2,7,6,6,0,2,0.0,0.1465,0.3254,0.4413,0.0852,0.295,0.1939,0.2843,0.0,0.0516,8,14,1,2,3,5,0,1,0,0,0.3086,0.7213,0.0488,0.2422,0.2471,0.1862,0.0,0.0691,0.0,0.0,12,22,17.45,18.08
4436393,2024-09-01,bra,2024,Brasileirao,25,Braulio da Silva Machado,10273,Athletico Paranaense,10283,Palmeiras,1,0,2,47,53,15,19,9,10,4,3,2,6,1,1,8,16,7,3,4,4,0,5,0,4,22,35,10,9,2,1,0,0,0,2,20,31,9,10,6,2,17,22,8,9,51,72,38.0,58.0,13.0,14.0,11.0,18.0,453,537,362.0,434.0,173,236,189,198,19.0,40.0,3.0,4.0,0.91,3.05,0.77,2.85,0.14,0.2,0.91,3.05,0.64,2.59,2,1,4,10,2,5,5,3,2,0,0.3203,0.1153,0.2881,2.752,0.0974,0.196,0.1746,0.1029,0.0424,0.0,13,13,0,3,2,3,0,0,0,0,0.7837,2.2374,0.0,0.7302,0.139,0.1987,0.0,0.0,0.0,0.0,15,19,19.91,14.87
4436393,2024-09-01,bra,2024,Brasileirao,25,Braulio da Silva Machado,10283,Palmeiras,10273,Athletico Paranaense,0,2,0,53,47,19,15,10,9,3,4,6,2,1,1,16,8,3,7,4,4,5,0,4,0,35,22,9,10,1,2,0,0,2,0,31,20,10,9,2,6,22,17,9,8,72,51,58.0,38.0,14.0,13.0,18.0,11.0,537,453,434.0,362.0,236,173,198,189,40.0,19.0,4.0,3.0,3.05,0.91,2.85,0.77,0.2,0.14,3.05,0.91,2.59,0.64,1,2,10,4,5,2,3,5,0,2,0.1153,0.3203,2.752,0.2881,0.196,0.0974,0.1029,0.1746,0.0,0.0424,13,13,3,0,3,2,0,0,0,0,2.2374,0.7837,0.7302,0.0,0.1987,0.139,0.0,0.0,0.0,0.0,19,15,14.87,19.91
4436397,2024-09-01,bra,2024,Brasileirao,25,Raphael Claus,9769,Gremio,10272,Atletico MG,1,2,3,27,73,11,27,5,13,5,8,1,6,2,1,8,14,3,13,5,9,5,5,3,2,21,35,11,17,2,3,1,0,0,3,14,18,9,3,6,2,31,10,10,2,52,41,40.0,28.0,12.0,13.0,13.0,2.0,211,557,157.0,498.0,65,167,92,331,18.0,44.0,4.0,10.0,2.04,2.85,1.45,1.08,0.59,0.2,2.04,1.28,2.05,3.7,4,0,4,11,0,3,1,4,2,9,1.7121,0.0,0.4184,2.383,0.0,0.2191,0.0208,0.1136,0.0531,0.1532,5,20,2,0,4,4,0,1,0,2,1.5587,1.0903,0.0531,0.0,0.5926,0.1581,0.0,0.0436,0.0,1.5768,11,27,12.51,20.77
4436397,2024-09-01,bra,2024,Brasileirao,25,Raphael Claus,10272,Atletico MG,9769,Gremio,0,3,2,73,27,27,11,13,5,8,5,6,1,1,2,14,8,13,3,9,5,5,5,2,3,35,21,17,11,3,2,0,1,3,0,18,14,3,9,2,6,10,31,2,10,41,52,28.0,40.0,13.0,12.0,2.0,13.0,557,211,498.0,157.0,167,65,331,92,44.0,18.0,10.0,4.0,2.85,2.04,1.08,1.45,0.2,0.59,1.28,2.04,3.7,2.05,0,4,11,4,3,0,4,1,9,2,0.0,1.7121,2.383,0.4184,0.2191,0.0,0.1136,0.0208,0.1532,0.0531,20,5,0,2,4,4,1,0,2,0,1.0903,1.5587,0.0,0.0531,0.1581,0.5926,0.0436,0.0,1.5768,0.0,27,11,20.77,12.51
4436398,2024-09-01,bra,2024,Brasileirao,25,Gustavo Ervino Bauermann,9781,Cruzeiro,165545,Atletico GO,1,3,1,50,50,11,17,6,4,3,11,2,2,0,0,8,16,3,1,8,3,5,1,2,1,21,32,13,7,2,5,0,0,0,3,24,13,6,12,1,2,13,19,3,3,46,45,41.0,33.0,5.0,12.0,11.0,8.0,437,441,372.0,384.0,197,174,175,210,28.0,36.0,4.0,9.0,1.75,1.38,0.8,1.23,0.16,0.16,0.96,1.38,2.06,0.94,1,0,4,13,3,3,2,0,1,1,0.3112,0.0,1.0875,1.249,0.263,0.0902,0.0558,0.0,0.0311,0.045,8,13,0,0,1,1,1,3,1,0,0.8006,1.2255,0.0,0.0,0.1285,0.0748,0.0311,0.0839,0.7884,0.0,11,17,14.77,13.87
4436398,2024-09-01,bra,2024,Brasileirao,25,Gustavo Ervino Bauermann,165545,Atletico GO,9781,Cruzeiro,0,1,3,50,50,17,11,4,6,11,3,2,2,0,0,16,8,1,3,3,8,1,5,1,2,32,21,7,13,5,2,0,0,3,0,13,24,12,6,2,1,19,13,3,3,45,46,33.0,41.0,12.0,5.0,8.0,11.0,441,437,384.0,372.0,174,197,210,175,36.0,28.0,9.0,4.0,1.38,1.75,1.23,0.8,0.16,0.16,1.38,0.96,0.94,2.06,0,1,13,4,3,3,0,2,1,1,0.0,0.3112,1.249,1.0875,0.0902,0.263,0.0,0.0558,0.045,0.0311,13,8,0,0,1,1,3,1,0,1,1.2255,0.8006,0.0,0.0,0.0748,0.1285,0.0839,0.0311,0.0,0.7884,17,11,13.87,14.77
4436399,2024-09-01,bra,2024,Brasileirao,25,Luiz Flávio de Oliveira,7733,Vitoria,10276,Vasco da Gama,1,0,1,47,53,21,9,5,6,9,2,7,1,1,0,12,5,9,4,10,3,1,0,1,0,31,12,7,7,3,3,0,0,1,2,14,26,11,9,1,6,17,35,5,5,53,63,30.0,42.0,23.0,21.0,10.0,9.0,373,443,304.0,361.0,140,215,164,146,23.0,30.0,12.0,3.0,1.36,0.38,1.17,0.3,0.19,0.09,1.36,0.38,0.79,0.8,3,0,7,4,2,1,5,3,4,1,0.4449,0.0,0.4873,0.2466,0.1015,0.0414,0.2541,0.0818,0.0788,0.0161,15,7,2,1,4,1,0,0,0,0,0.8705,0.2805,0.3077,0.0187,0.1885,0.0867,0.0,0.0,0.0,0.0,21,9,17.33,22.03
4436399,2024-09-01,bra,2024,Brasileirao,25,Luiz Flávio de Oliveira,10276,Vasco da Gama,7733,Vitoria,0,1,0,53,47,9,21,6,5,2,9,1,7,0,1,5,12,4,9,3,10,0,1,0,1,12,31,7,7,3,3,0,0,2,1,26,14,9,11,6,1,35,17,5,5,63,53,42.0,30.0,21.0,23.0,9.0,10.0,443,373,361.0,304.0,215,140,146,164,30.0,23.0,3.0,12.0,0.38,1.36,0.3,1.17,0.09,0.19,0.38,1.36,0.8,0.79,0,3,4,7,1,2,3,5,1,4,0.0,0.4449,0.2466,0.4873,0.0414,0.1015,0.0818,0.2541,0.0161,0.0788,7,15,1,2,1,4,0,0,0,0,0.2805,0.8705,0.0187,0.3077,0.0867,0.1885,0.0,0.0,0.0,0.0,9,21,22.03,17.33
4436400,2024-09-01,bra,2024,Brasileirao,25,Paulo Cesar Zanovelli da Silva,9863,Fluminense,10277,Sao Paulo,1,2,0,44,56,10,14,5,3,3,5,2,6,0,1,6,7,4,7,5,4,0,3,0,3,13,17,13,16,4,4,0,0,0,0,21,21,7,4,6,2,22,9,3,3,58,54,48.0,45.0,10.0,9.0,11.0,12.0,418,513,362.0,454.0,194,231,168,223,15.0,29.0,3.0,6.0,0.54,0.86,0.45,0.8,0.09,0.06,0.54,0.86,1.75,0.4,0,1,3,4,3,2,2,3,2,4,0.0,0.1465,0.2717,0.4759,0.1452,0.0875,0.0908,0.0825,0.0318,0.0671,8,13,0,0,2,0,0,1,0,0,0.4487,0.8042,0.0,0.0,0.0908,0.0,0.0,0.0553,0.0,0.0,10,14,18.3,19.77
4436400,2024-09-01,bra,2024,Brasileirao,25,Paulo Cesar Zanovelli da Silva,10277,Sao Paulo,9863,Fluminense,0,0,2,56,44,14,10,3,5,5,3,6,2,1,0,7,6,7,4,4,5,3,0,3,0,17,13,16,13,4,4,0,0,0,0,21,21,4,7,2,6,9,22,3,3,54,58,45.0,48.0,9.0,10.0,12.0,11.0,513,418,454.0,362.0,231,194,223,168,29.0,15.0,6.0,3.0,0.86,0.54,0.8,0.45,0.06,0.09,0.86,0.54,0.4,1.75,1,0,4,3,2,3,3,2,4,2,0.1465,0.0,0.4759,0.2717,0.0875,0.1452,0.0825,0.0908,0.0671,0.0318,13,8,0,0,0,2,1,0,0,0,0.8042,0.4487,0.0,0.0,0.0,0.0908,0.0553,0.0,0.0,0.0,14,10,19.77,18.3
4436401,2024-09-01,bra,2024,Brasileirao,25,Flavio Rodrigues De Souza,8517,Botafogo RJ,8287,Fortaleza,1,2,0,64,36,22,10,7,1,8,5,7,4,0,0,14,3,8,7,9,6,2,0,1,0,31,9,13,8,3,4,0,0,2,0,14,26,8,10,4,7,18,28,1,5,51,62,38.0,45.0,13.0,17.0,16.0,7.0,567,320,496.0,237.0,240,123,256,114,36.0,27.0,10.0,4.0,1.9,0.39,1.64,0.12,0.26,0.27,1.9,0.39,1.37,0.07,0,1,7,2,7,0,3,3,5,4,0.0,0.1847,1.3214,0.0248,0.281,0.0,0.1432,0.1083,0.1536,0.0696,12,3,3,1,7,4,0,2,0,0,0.9858,0.1083,0.6555,0.0106,0.258,0.2269,0.0,0.0417,0.0,0.0,22,10,18.9,25.82
4436401,2024-09-01,bra,2024,Brasileirao,25,Flavio Rodrigues De Souza,8287,Fortaleza,8517,Botafogo RJ,0,0,2,36,64,10,22,1,7,5,8,4,7,0,0,3,14,7,8,6,9,0,2,0,1,9,31,8,13,4,3,0,0,0,2,26,14,10,8,7,4,28,18,5,1,62,51,45.0,38.0,17.0,13.0,7.0,16.0,320,567,237.0,496.0,123,240,114,256,27.0,36.0,4.0,10.0,0.39,1.9,0.12,1.64,0.27,0.26,0.39,1.9,0.07,1.37,1,0,2,7,0,7,3,3,4,5,0.1847,0.0,0.0248,1.3214,0.0,0.281,0.1083,0.1432,0.0696,0.1536,3,12,1,3,4,7,2,0,0,0,0.1083,0.9858,0.0106,0.6555,0.2269,0.258,0.0417,0.0,0.0,0.0,10,22,25.82,18.9
4436402,2024-09-01,bra,2024,Brasileirao,25,Ramon Abatti,9808,Corinthians,9770,Flamengo,1,2,1,43,57,13,10,4,3,6,5,3,2,0,0,7,6,6,4,5,2,4,2,2,1,19,12,18,18,5,4,2,1,3,0,22,22,7,12,2,3,23,20,2,2,56,69,46.0,56.0,10.0,13.0,7.0,17.0,326,450,262.0,381.0,110,192,152,189,20.0,20.0,4.0,1.0,1.6,1.28,1.46,0.27,0.14,0.22,1.6,0.49,1.61,0.82,1,1,5,1,1,4,6,2,0,2,0.2601,0.1747,0.8407,0.7884,0.2234,0.2372,0.2709,0.0411,0.0,0.0341,6,7,2,0,3,1,2,1,0,1,1.0532,0.2717,0.4067,0.0,0.103,0.0407,0.0321,0.1747,0.0,0.7884,13,10,20.8,20.1
4436402,2024-09-01,bra,2024,Brasileirao,25,Ramon Abatti,9770,Flamengo,9808,Corinthians,0,1,2,57,43,10,13,3,4,5,6,2,3,0,0,6,7,4,6,2,5,2,4,1,2,12,19,18,18,4,5,1,2,0,3,22,22,12,7,3,2,20,23,2,2,69,56,56.0,46.0,13.0,10.0,17.0,7.0,450,326,381.0,262.0,192,110,189,152,20.0,20.0,1.0,4.0,1.28,1.6,0.27,1.46,0.22,0.14,0.49,1.6,0.82,1.61,1,1,1,5,4,1,2,6,2,0,0.1747,0.2601,0.7884,0.8407,0.2372,0.2234,0.0411,0.2709,0.0341,0.0,7,6,0,2,1,3,1,2,1,0,0.2717,1.0532,0.0,0.4067,0.0407,0.103,0.1747,0.0321,0.7884,0.0,10,13,20.1,20.8
4436403,2024-09-01,bra,2024,Brasileirao,25,Davi de Oliveira Lacerda,109705,Red Bull Bragantino,7877,Bahia,1,2,1,30,70,15,16,6,6,7,7,2,3,2,0,7,14,8,2,5,10,1,0,0,0,18,32,8,13,2,3,0,0,3,1,17,13,11,11,3,2,32,19,5,4,47,43,36.0,25.0,11.0,18.0,7.0,5.0,254,614,193.0,549.0,104,279,89,270,31.0,44.0,7.0,9.0,1.04,0.77,0.33,0.56,0.71,0.21,1.04,0.77,1.5,1.18,1,0,2,10,4,4,6,0,2,2,0.0736,0.0,0.5543,0.5957,0.1678,0.1337,0.1998,0.0,0.0455,0.0408,8,8,1,2,2,6,4,0,0,0,0.2976,0.4365,0.0331,0.119,0.0918,0.2147,0.6184,0.0,0.0,0.0,15,16,20.21,16.6
4436403,2024-09-01,bra,2024,Brasileirao,25,Davi de Oliveira Lacerda,7877,Bahia,109705,Red Bull Bragantino,0,1,2,70,30,16,15,6,6,7,7,3,2,0,2,14,7,2,8,10,5,0,1,0,0,32,18,13,8,3,2,0,0,1,3,13,17,11,11,2,3,19,32,4,5,43,47,25.0,36.0,18.0,11.0,5.0,7.0,614,254,549.0,193.0,279,104,270,89,44.0,31.0,9.0,7.0,0.77,1.04,0.56,0.33,0.21,0.71,0.77,1.04,1.18,1.5,0,1,10,2,4,4,0,6,2,2,0.0,0.0736,0.5957,0.5543,0.1337,0.1678,0.0,0.1998,0.0408,0.0455,8,8,2,1,6,2,0,4,0,0,0.4365,0.2976,0.119,0.0331,0.2147,0.0918,0.0,0.6184,0.0,0.0,16,15,16.6,20.21
4436406,2024-09-01,bra,2024,Brasileirao,25,Marcelo de Lima Henrique,10274,Juventude,8702,Internacional,1,1,3,37,63,14,18,5,8,6,8,3,2,0,2,6,14,8,4,6,4,0,6,0,3,12,35,13,17,1,2,1,0,0,1,19,8,10,3,3,2,13,24,4,4,66,55,45.0,34.0,21.0,21.0,12.0,14.0,267,478,181.0,398.0,109,202,72,196,19.0,27.0,5.0,10.0,0.62,2.96,0.38,2.86,0.24,0.09,0.62,2.96,1.61,4.31,1,1,5,10,0,3,5,0,3,4,0.0341,0.9583,0.1929,1.5582,0.0,0.3296,0.3392,0.0,0.0523,0.1102,5,15,2,1,2,2,5,0,0,0,0.1678,2.7008,0.2282,0.1619,0.0847,0.0935,0.1378,0.0,0.0,0.0,14,18,18.94,15.07
4436406,2024-09-01,bra,2024,Brasileirao,25,Marcelo de Lima Henrique,8702,Internacional,10274,Juventude,0,3,1,63,37,18,14,8,5,8,6,2,3,2,0,14,6,4,8,4,6,6,0,3,0,35,12,17,13,2,1,0,1,1,0,8,19,3,10,2,3,24,13,4,4,55,66,34.0,45.0,21.0,21.0,14.0,12.0,478,267,398.0,181.0,202,109,196,72,27.0,19.0,10.0,5.0,2.96,0.62,2.86,0.38,0.09,0.24,2.96,0.62,4.31,1.61,1,1,10,5,3,0,0,5,4,3,0.9583,0.0341,1.5582,0.1929,0.3296,0.0,0.0,0.3392,0.1102,0.0523,15,5,1,2,2,2,0,5,0,0,2.7008,0.1678,0.1619,0.2282,0.0935,0.0847,0.0,0.1378,0.0,0.0,18,14,15.07,18.94
4436315,2024-09-05,bra,2024,Brasileirao,16,Felipe Fernandes de Lima,197815,Cuiaba,10274,Juventude,1,0,0,52,48,12,9,3,3,4,6,5,0,0,0,6,6,6,3,3,3,1,1,1,1,15,13,17,11,3,1,0,0,0,2,4,17,3,6,0,5,13,22,3,3,42,51,23.0,36.0,19.0,15.0,9.0,3.0,431,387,357.0,311.0,171,198,186,113,27.0,25.0,1.0,5.0,0.69,0.62,0.38,0.13,0.31,0.49,0.69,0.62,0.37,0.53,0,1,5,5,1,0,3,1,3,2,0.0,0.1867,0.4748,0.3785,0.0218,0.0,0.1496,0.016,0.0665,0.036,7,4,1,0,1,2,3,3,0,0,0.3778,0.1418,0.0055,0.0,0.0197,0.2616,0.3097,0.2137,0.0,0.0,12,9,21.03,15.9
4436315,2024-09-05,bra,2024,Brasileirao,16,Felipe Fernandes de Lima,10274,Juventude,197815,Cuiaba,0,0,0,48,52,9,12,3,3,6,4,0,5,0,0,6,6,3,6,3,3,1,1,1,1,13,15,11,17,1,3,0,0,2,0,17,4,6,3,5,0,22,13,3,3,51,42,36.0,23.0,15.0,19.0,3.0,9.0,387,431,311.0,357.0,198,171,113,186,25.0,27.0,5.0,1.0,0.62,0.69,0.13,0.38,0.49,0.31,0.62,0.69,0.53,0.37,1,0,5,5,0,1,1,3,2,3,0.1867,0.0,0.3785,0.4748,0.0,0.0218,0.016,0.1496,0.036,0.0665,4,7,0,1,2,1,3,3,0,0,0.1418,0.3778,0.0,0.0055,0.2616,0.0197,0.2137,0.3097,0.0,0.0,9,12,15.9,21.03
4436380,2024-09-11,bra,2024,Brasileirao,19,Gustavo Ervino Bauermann,8702,Internacional,8287,Fortaleza,1,2,1,61,39,16,12,8,1,3,8,5,3,2,0,11,10,5,2,8,3,2,2,1,1,36,14,19,9,2,4,0,1,4,2,19,26,16,15,3,5,18,21,0,6,51,69,37.0,52.0,14.0,17.0,12.0,8.0,544,347,479.0,257.0,238,146,241,111,25.0,22.0,4.0,5.0,1.76,1.09,0.64,0.38,1.12,0.71,1.76,1.09,2.7,0.85,2,0,8,10,1,0,5,1,0,1,0.3308,0.0,1.2208,1.0398,0.031,0.0,0.2576,0.0327,0.0,0.0165,6,5,1,0,6,2,3,5,0,0,0.5375,0.3752,0.1046,0.0,0.4051,0.0538,0.7929,0.6601,0.0,0.0,16,12,15.62,14.04
4436380,2024-09-11,bra,2024,Brasileirao,19,Gustavo Ervino Bauermann,8287,Fortaleza,8702,Internacional,0,1,2,39,61,12,16,1,8,8,3,3,5,0,2,10,11,2,5,3,8,2,2,1,1,14,36,9,19,4,2,1,0,2,4,26,19,15,16,5,3,21,18,6,0,69,51,52.0,37.0,17.0,14.0,8.0,12.0,347,544,257.0,479.0,146,238,111,241,22.0,25.0,5.0,4.0,1.09,1.76,0.38,0.64,0.71,1.12,1.09,1.76,0.85,2.7,0,2,10,8,0,1,1,5,1,0,0.0,0.3308,1.0398,1.2208,0.0,0.031,0.0327,0.2576,0.0165,0.0,5,6,0,1,2,6,5,3,0,0,0.3752,0.5375,0.0,0.1046,0.0538,0.4051,0.6601,0.7929,0.0,0.0,12,16,14.04,15.62
4436414,2024-09-14,bra,2024,Brasileirao,26,Davi de Oliveira Lacerda,10273,Athletico Paranaense,8287,Fortaleza,1,1,1,55,45,30,10,9,3,11,5,10,2,1,0,20,5,10,5,13,4,5,2,4,1,41,10,12,10,2,2,0,0,3,0,8,16,8,14,2,11,15,34,2,7,42,59,21.0,38.0,21.0,21.0,7.0,11.0,483,389,391.0,308.0,196,175,195,133,21.0,44.0,11.0,6.0,2.96,1.07,1.62,0.75,1.34,0.32,2.96,1.07,2.13,1.24,6,1,6,3,8,1,6,4,4,1,1.7709,0.1098,0.3197,0.328,0.5935,0.0451,0.1765,0.5739,0.0966,0.0128,20,4,0,2,7,2,3,2,0,0,1.618,0.2736,0.0,0.4793,1.0534,0.2337,0.2859,0.083,0.0,0.0,30,10,16.4,16.36
4436414,2024-09-14,bra,2024,Brasileirao,26,Davi de Oliveira Lacerda,8287,Fortaleza,10273,Athletico Paranaense,0,1,1,45,55,10,30,3,9,5,11,2,10,0,1,5,20,5,10,4,13,2,5,1,4,10,41,10,12,2,2,0,0,0,3,16,8,14,8,11,2,34,15,7,2,59,42,38.0,21.0,21.0,21.0,11.0,7.0,389,483,308.0,391.0,175,196,133,195,44.0,21.0,6.0,11.0,1.07,2.96,0.75,1.62,0.32,1.34,1.07,2.96,1.24,2.13,1,6,3,6,1,8,4,6,1,4,0.1098,1.7709,0.328,0.3197,0.0451,0.5935,0.5739,0.1765,0.0128,0.0966,4,20,2,0,2,7,2,3,0,0,0.2736,1.618,0.4793,0.0,0.2337,1.0534,0.083,0.2859,0.0,0.0,10,30,16.36,16.4
4436436,2024-09-14,bra,2024,Brasileirao,26,Edina Alves Batista,165545,Atletico GO,7733,Vitoria,1,0,2,64,36,13,7,4,4,5,2,4,1,0,0,9,3,4,4,9,5,0,2,0,1,22,10,14,14,3,6,0,0,0,0,12,20,5,4,1,4,7,37,2,5,49,54,32.0,34.0,17.0,20.0,7.0,4.0,468,277,410.0,221.0,203,157,207,64,39.0,19.0,11.0,2.0,0.77,0.8,0.39,0.61,0.38,0.19,0.77,0.8,0.51,1.89,1,1,6,2,2,0,2,3,2,1,0.1566,0.3865,0.4148,0.3187,0.0995,0.0,0.05,0.0714,0.05,0.0198,9,4,0,1,3,1,1,1,0,0,0.3907,0.2207,0.0,0.3865,0.2762,0.1762,0.1039,0.0131,0.0,0.0,13,7,15.13,19.98
4436436,2024-09-14,bra,2024,Brasileirao,26,Edina Alves Batista,7733,Vitoria,165545,Atletico GO,0,2,0,36,64,7,13,4,4,2,5,1,4,0,0,3,9,4,4,5,9,2,0,1,0,10,22,14,14,6,3,0,0,0,0,20,12,4,5,4,1,37,7,5,2,54,49,34.0,32.0,20.0,17.0,4.0,7.0,277,468,221.0,410.0,157,203,64,207,19.0,39.0,2.0,11.0,0.8,0.77,0.61,0.39,0.19,0.38,0.8,0.77,1.89,0.51,1,1,2,6,0,2,3,2,1,2,0.3865,0.1566,0.3187,0.4148,0.0,0.0995,0.0714,0.05,0.0198,0.05,4,9,1,0,1,3,1,1,0,0,0.2207,0.3907,0.3865,0.0,0.1762,0.2762,0.0131,0.1039,0.0,0.0,7,13,19.98,15.13
4436408,2024-09-15,bra,2024,Brasileirao,26,Wilton Pereira Sampaio,9781,Cruzeiro,10277,Sao Paulo,1,0,1,61,39,14,14,1,4,9,5,4,5,0,0,7,13,7,1,7,7,0,0,0,0,17,25,11,10,4,3,0,0,1,1,14,16,7,5,5,4,17,43,3,1,43,56,29.0,35.0,14.0,21.0,5.0,8.0,502,332,437.0,264.0,210,168,227,96,24.0,26.0,3.0,6.0,0.58,1.07,0.54,0.75,0.04,0.32,0.58,1.07,0.08,1.01,0,0,2,9,4,4,4,1,4,0,0.0,0.0,0.2607,0.873,0.131,0.1737,0.1379,0.0265,0.0554,0.0,11,7,0,1,3,5,0,1,0,0,0.5399,0.6596,0.0,0.0917,0.0449,0.3079,0.0,0.014,0.0,0.0,14,14,25.13,13.3
4436408,2024-09-15,bra,2024,Brasileirao,26,Wilton Pereira Sampaio,10277,Sao Paulo,9781,Cruzeiro,0,1,0,39,61,14,14,4,1,5,9,5,4,0,0,13,7,1,7,7,7,0,0,0,0,25,17,10,11,3,4,0,0,1,1,16,14,5,7,4,5,43,17,1,3,56,43,35.0,29.0,21.0,14.0,8.0,5.0,332,502,264.0,437.0,168,210,96,227,26.0,24.0,6.0,3.0,1.07,0.58,0.75,0.54,0.32,0.04,1.07,0.58,1.01,0.08,0,0,9,2,4,4,1,4,0,4,0.0,0.0,0.873,0.2607,0.1737,0.131,0.0265,0.1379,0.0,0.0554,7,11,1,0,5,3,1,0,0,0,0.6596,0.5399,0.0917,0.0,0.3079,0.0449,0.014,0.0,0.0,0.0,14,14,13.3,25.13
4436409,2024-09-15,bra,2024,Brasileirao,26,Rafael Rodrigo Klein,7877,Bahia,10272,Atletico MG,1,3,0,54,46,16,5,4,2,6,1,6,2,0,0,7,1,9,4,6,1,3,0,2,0,23,7,17,16,1,3,0,0,1,3,28,15,7,14,2,6,12,20,2,1,62,44,52.0,37.0,10.0,7.0,8.0,7.0,530,448,462.0,381.0,206,220,256,161,28.0,22.0,3.0,0.0,1.1,0.55,1.0,0.4,0.1,0.16,1.1,0.55,1.69,0.84,0,0,6,1,1,0,6,3,3,1,0.0,0.0,0.7271,0.1279,0.0627,0.0,0.2272,0.2529,0.0802,0.1728,11,4,1,0,2,0,2,1,0,0,0.9664,0.3972,0.0337,0.0,0.0383,0.0,0.0588,0.1564,0.0,0.0,16,5,19.82,19.78
4436409,2024-09-15,bra,2024,Brasileirao,26,Rafael Rodrigo Klein,10272,Atletico MG,7877,Bahia,0,0,3,46,54,5,16,2,4,1,6,2,6,0,0,1,7,4,9,1,6,0,3,0,2,7,23,16,17,3,1,0,0,3,1,15,28,14,7,6,2,20,12,1,2,44,62,37.0,52.0,7.0,10.0,7.0,8.0,448,530,381.0,462.0,220,206,161,256,22.0,28.0,0.0,3.0,0.55,1.1,0.4,1.0,0.16,0.1,0.55,1.1,0.84,1.69,0,0,1,6,0,1,3,6,1,3,0.0,0.0,0.1279,0.7271,0.0,0.0627,0.2529,0.2272,0.1728,0.0802,4,11,0,1,0,2,1,2,0,0,0.3972,0.9664,0.0,0.0337,0.0,0.0383,0.1564,0.0588,0.0,0.0,5,16,19.78,19.82
4436410,2024-09-15,bra,2024,Brasileirao,26,Raphael Claus,9770,Flamengo,10276,Vasco da Gama,1,1,1,61,39,17,9,3,2,9,3,5,4,2,0,10,4,7,5,5,6,4,1,3,0,25,9,10,10,0,1,0,0,3,1,14,23,3,11,4,5,18,18,1,2,47,53,35.0,42.0,12.0,11.0,11.0,11.0,538,342,471.0,271.0,175,166,296,105,22.0,19.0,8.0,1.0,2.07,1.03,1.92,0.94,0.15,0.1,2.07,1.03,1.48,0.98,2,1,4,2,4,1,7,3,0,2,0.3912,0.7017,0.949,0.1653,0.1837,0.0619,0.5446,0.0554,0.0,0.05,13,5,1,1,2,1,1,2,0,0,1.7775,0.235,0.1416,0.7017,0.0441,0.0156,0.1054,0.0821,0.0,0.0,17,9,16.3,21.45
4436410,2024-09-15,bra,2024,Brasileirao,26,Raphael Claus,10276,Vasco da Gama,9770,Flamengo,0,1,1,39,61,9,17,2,3,3,9,4,5,0,2,4,10,5,7,6,5,1,4,0,3,9,25,10,10,1,0,0,0,1,3,23,14,11,3,5,4,18,18,2,1,53,47,42.0,35.0,11.0,12.0,11.0,11.0,342,538,271.0,471.0,166,175,105,296,19.0,22.0,1.0,8.0,1.03,2.07,0.94,1.92,0.1,0.15,1.03,2.07,0.98,1.48,1,2,2,4,1,4,3,7,2,0,0.7017,0.3912,0.1653,0.949,0.0619,0.1837,0.0554,0.5446,0.05,0.0,5,13,1,1,1,2,2,1,0,0,0.235,1.7775,0.7017,0.1416,0.0156,0.0441,0.0821,0.1054,0.0,0.0,9,17,21.45,16.3
4436411,2024-09-15,bra,2024,Brasileirao,26,Anderson Daronco,8517,Botafogo RJ,9808,Corinthians,1,2,1,57,43,21,12,10,2,4,7,7,3,0,0,12,8,9,4,6,3,3,2,2,1,28,22,12,7,1,3,0,0,0,1,19,17,7,11,3,7,16,22,1,8,48,41,36.0,33.0,12.0,8.0,10.0,5.0,527,394,458.0,326.0,188,157,270,169,38.0,28.0,7.0,7.0,2.3,1.99,2.04,0.29,0.26,0.12,2.3,0.41,3.03,1.45,3,0,8,7,1,1,8,4,1,0,1.0947,0.0,0.7891,1.8603,0.0257,0.0308,0.3829,0.0949,0.0278,0.0,15,8,1,0,5,2,0,0,0,2,1.9096,0.2935,0.1536,0.0,0.257,0.1158,0.0,0.0,0.0,1.5768,21,12,16.33,16.59
4436411,2024-09-15,bra,2024,Brasileirao,26,Anderson Daronco,9808,Corinthians,8517,Botafogo RJ,0,1,2,43,57,12,21,2,10,7,4,3,7,0,0,8,12,4,9,3,6,2,3,1,2,22,28,7,12,3,1,0,0,1,0,17,19,11,7,7,3,22,16,8,1,41,48,33.0,36.0,8.0,12.0,5.0,10.0,394,527,326.0,458.0,157,188,169,270,28.0,38.0,7.0,7.0,1.99,2.3,0.29,2.04,0.12,0.26,0.41,2.3,1.45,3.03,0,3,7,8,1,1,4,8,0,1,0.0,1.0947,1.8603,0.7891,0.0308,0.0257,0.0949,0.3829,0.0,0.0278,8,15,0,1,2,5,0,0,2,0,0.2935,1.9096,0.0,0.1536,0.1158,0.257,0.0,0.0,1.5768,0.0,12,21,16.59,16.33
4436412,2024-09-15,bra,2024,Brasileirao,26,Alex Gomes Stefano,10283,Palmeiras,7729,Criciuma,1,5,0,53,47,14,14,8,5,3,6,3,3,1,1,8,4,6,10,4,6,4,1,2,1,24,17,12,11,0,3,1,0,3,2,14,16,4,10,3,2,17,11,5,4,42,45,30.0,33.0,12.0,12.0,6.0,7.0,443,384,378.0,324.0,204,169,174,155,14.0,28.0,4.0,3.0,1.86,0.67,1.52,0.35,0.35,0.32,1.86,0.67,3.01,0.73,1,0,5,3,2,1,2,5,4,5,0.241,0.0,1.3492,0.3035,0.1312,0.1192,0.069,0.1518,0.0733,0.1026,7,9,2,0,0,2,5,3,0,0,1.1275,0.3482,0.3888,0.0,0.0,0.1619,0.3476,0.167,0.0,0.0,14,14,18.34,22.01
4436412,2024-09-15,bra,2024,Brasileirao,26,Alex Gomes Stefano,7729,Criciuma,10283,Palmeiras,0,0,5,47,53,14,14,5,8,6,3,3,3,1,1,4,8,10,6,6,4,1,4,1,2,17,24,11,12,3,0,0,1,2,3,16,14,10,4,2,3,11,17,4,5,45,42,33.0,30.0,12.0,12.0,7.0,6.0,384,443,324.0,378.0,169,204,155,174,28.0,14.0,3.0,4.0,0.67,1.86,0.35,1.52,0.32,0.35,0.67,1.86,0.73,3.01,0,1,3,5,1,2,5,2,5,4,0.0,0.241,0.3035,1.3492,0.1192,0.1312,0.1518,0.069,0.1026,0.0733,9,7,0,2,2,0,3,5,0,0,0.3482,1.1275,0.0,0.3888,0.1619,0.0,0.167,0.3476,0.0,0.0,14,14,22.01,18.34
4436413,2024-09-15,bra,2024,Brasileirao,26,Bruno Arleu de Araujo,109705,Red Bull Bragantino,9769,Gremio,1,2,2,47,53,23,8,6,4,9,3,8,1,0,0,11,5,12,3,6,7,1,2,0,0,26,20,12,7,5,1,0,0,2,1,13,12,5,8,1,8,20,25,2,4,42,50,31.0,33.0,11.0,17.0,11.0,9.0,300,349,234.0,276.0,103,143,131,133,21.0,20.0,8.0,1.0,1.75,0.84,0.71,0.42,0.25,0.43,0.96,0.84,2.65,1.5,1,0,7,4,3,1,8,3,4,0,0.0431,0.0,1.2314,0.7179,0.1694,0.0647,0.2363,0.0613,0.068,0.0,17,4,0,0,4,3,1,1,1,0,0.7057,0.4434,0.0,0.0,0.1608,0.3378,0.0934,0.0627,0.7884,0.0,23,8,18.47,15.13
4436413,2024-09-15,bra,2024,Brasileirao,26,Bruno Arleu de Araujo,9769,Gremio,109705,Red Bull Bragantino,0,2,2,53,47,8,23,4,6,3,9,1,8,0,0,5,11,3,12,7,6,2,1,0,0,20,26,7,12,1,5,0,0,1,2,12,13,8,5,8,1,25,20,4,2,50,42,33.0,31.0,17.0,11.0,9.0,11.0,349,300,276.0,234.0,143,103,133,131,20.0,21.0,1.0,8.0,0.84,1.75,0.42,0.71,0.43,0.25,0.84,0.96,1.5,2.65,0,1,4,7,1,3,3,8,0,4,0.0,0.0431,0.7179,1.2314,0.0647,0.1694,0.0613,0.2363,0.0,0.068,4,17,0,0,3,4,1,1,0,1,0.4434,0.7057,0.0,0.0,0.3378,0.1608,0.0627,0.0934,0.0,0.7884,8,23,15.13,18.47
4436437,2024-09-15,bra,2024,Brasileirao,26,Flavio Rodrigues De Souza,10274,Juventude,9863,Fluminense,1,2,1,53,47,12,8,5,1,4,5,3,2,1,0,6,5,6,3,8,5,1,1,0,0,25,10,8,9,5,4,0,0,2,1,37,28,9,11,2,2,9,40,0,3,70,65,52.0,46.0,18.0,19.0,7.0,11.0,432,404,355.0,327.0,169,174,186,153,37.0,18.0,6.0,2.0,0.57,0.69,0.19,0.69,0.39,0.0,0.57,0.69,2.39,0.93,0,0,4,4,2,1,3,3,3,0,0.0,0.0,0.3413,0.4926,0.1047,0.0493,0.0647,0.1451,0.0594,0.0,8,6,0,2,2,0,2,0,0,0,0.1851,0.5386,0.0,0.1483,0.0926,0.0,0.2925,0.0,0.0,0.0,12,8,21.23,18.51
4436437,2024-09-15,bra,2024,Brasileirao,26,Flavio Rodrigues De Souza,9863,Fluminense,10274,Juventude,0,1,2,47,53,8,12,1,5,5,4,2,3,0,1,5,6,3,6,5,8,1,1,0,0,10,25,9,8,4,5,0,0,1,2,28,37,11,9,2,2,40,9,3,0,65,70,46.0,52.0,19.0,18.0,11.0,7.0,404,432,327.0,355.0,174,169,153,186,18.0,37.0,2.0,6.0,0.69,0.57,0.69,0.19,0.0,0.39,0.69,0.57,0.93,2.39,0,0,4,4,1,2,3,3,0,3,0.0,0.0,0.4926,0.3413,0.0493,0.1047,0.1451,0.0647,0.0,0.0594,6,8,2,0,0,2,0,2,0,0,0.5386,0.1851,0.1483,0.0,0.0,0.0926,0.0,0.2925,0.0,0.0,8,12,18.51,21.23
4436407,2024-09-16,bra,2024,Brasileirao,26,Braulio da Silva Machado,8702,Internacional,197815,Cuiaba,1,3,0,67,33,15,2,7,0,6,2,2,0,2,0,9,1,6,1,2,3,5,1,3,1,41,5,8,10,1,2,0,0,3,2,20,20,7,15,0,2,4,16,0,4,43,41,35.0,32.0,8.0,9.0,6.0,5.0,661,319,590.0,261.0,221,172,369,89,26.0,29.0,6.0,0.0,3.33,0.34,2.36,0.34,0.19,0.0,2.55,0.34,3.56,0.0,1,0,7,1,1,0,5,1,1,0,0.6091,0.0,2.4616,0.3024,0.0444,0.0,0.1753,0.0392,0.0436,0.0,11,1,0,1,0,0,3,0,1,0,2.3585,0.3024,0.0,0.0392,0.0,0.0,0.1872,0.0,0.7884,0.0,15,2,15.97,18.13
4436407,2024-09-16,bra,2024,Brasileirao,26,Braulio da Silva Machado,197815,Cuiaba,8702,Internacional,0,0,3,33,67,2,15,0,7,2,6,0,2,0,2,1,9,1,6,3,2,1,5,1,3,5,41,10,8,2,1,0,0,2,3,20,20,15,7,2,0,16,4,4,0,41,43,32.0,35.0,9.0,8.0,5.0,6.0,319,661,261.0,590.0,172,221,89,369,29.0,26.0,0.0,6.0,0.34,3.33,0.34,2.36,0.0,0.19,0.34,2.55,0.0,3.56,0,1,1,7,0,1,1,5,0,1,0.0,0.6091,0.3024,2.4616,0.0,0.0444,0.0392,0.1753,0.0,0.0436,1,11,1,0,0,0,0,3,0,1,0.3024,2.3585,0.0392,0.0,0.0,0.0,0.0,0.1872,0.0,0.7884,2,15,18.13,15.97
4436440,2024-09-21,bra,2024,Brasileirao,27,Braulio da Silva Machado,7733,Vitoria,10274,Juventude,1,1,0,36,64,13,11,2,2,8,6,3,3,1,0,3,6,10,5,4,5,1,3,0,3,11,21,12,15,3,4,0,0,3,0,18,15,7,6,3,3,27,11,2,1,65,56,39.0,34.0,26.0,22.0,8.0,9.0,265,469,197.0,404.0,101,267,96,137,21.0,39.0,5.0,6.0,1.11,0.9,0.25,0.2,0.07,0.7,0.32,0.9,1.01,0.64,0,2,1,4,2,0,6,1,4,4,0.0,0.2907,0.7884,0.5082,0.0461,0.0,0.1798,0.0162,0.0948,0.0807,9,6,0,0,1,2,2,3,1,0,0.2489,0.1978,0.0,0.0,0.021,0.4783,0.0507,0.2196,0.7884,0.0,13,11,22.38,17.28
4436440,2024-09-21,bra,2024,Brasileirao,27,Braulio da Silva Machado,10274,Juventude,7733,Vitoria,0,0,1,64,36,11,13,2,2,6,8,3,3,0,1,6,3,5,10,5,4,3,1,3,0,21,11,15,12,4,3,0,0,0,3,15,18,6,7,3,3,11,27,1,2,56,65,34.0,39.0,22.0,26.0,9.0,8.0,469,265,404.0,197.0,267,101,137,96,39.0,21.0,6.0,5.0,0.9,1.11,0.2,0.25,0.7,0.07,0.9,0.32,0.64,1.01,2,0,4,1,0,2,1,6,4,4,0.2907,0.0,0.5082,0.7884,0.0,0.0461,0.0162,0.1798,0.0807,0.0948,6,9,0,0,2,1,3,2,0,1,0.1978,0.2489,0.0,0.0,0.4783,0.021,0.2196,0.0507,0.0,0.7884,11,13,17.28,22.38
4436441,2024-09-21,bra,2024,Brasileirao,27,Wilton Pereira Sampaio,9863,Fluminense,8517,Botafogo RJ,1,0,1,50,50,13,9,5,6,7,1,1,2,0,0,5,6,8,3,5,4,0,3,0,2,15,27,13,17,1,1,0,0,0,3,19,22,3,7,2,1,18,20,6,5,56,58,44.0,47.0,12.0,11.0,10.0,12.0,411,424,352.0,356.0,189,219,163,137,19.0,32.0,4.0,3.0,0.4,1.63,0.29,1.62,0.11,0.01,0.4,1.63,1.0,1.41,0,1,2,2,3,3,3,2,5,1,0.0,0.9953,0.0985,0.418,0.0758,0.1254,0.0961,0.0748,0.1307,0.0169,9,6,0,2,2,1,2,0,0,0,0.3347,1.2827,0.0,0.3353,0.0217,0.0125,0.0446,0.0,0.0,0.0,13,9,21.02,15.25
4436441,2024-09-21,bra,2024,Brasileirao,27,Wilton Pereira Sampaio,8517,Botafogo RJ,9863,Fluminense,0,1,0,50,50,9,13,6,5,1,7,2,1,0,0,6,5,3,8,4,5,3,0,2,0,27,15,17,13,1,1,0,0,3,0,22,19,7,3,1,2,20,18,5,6,58,56,47.0,44.0,11.0,12.0,12.0,10.0,424,411,356.0,352.0,219,189,137,163,32.0,19.0,3.0,4.0,1.63,0.4,1.62,0.29,0.01,0.11,1.63,0.4,1.41,1.0,1,0,2,2,3,3,2,3,1,5,0.9953,0.0,0.418,0.0985,0.1254,0.0758,0.0748,0.0961,0.0169,0.1307,6,9,2,0,1,2,0,2,0,0,1.2827,0.3347,0.3353,0.0,0.0125,0.0217,0.0,0.0446,0.0,0.0,9,13,15.25,21.02
4436443,2024-09-21,bra,2024,Brasileirao,27,Bruno Arleu de Araujo,9808,Corinthians,165545,Atletico GO,1,3,0,60,40,17,14,7,3,5,8,5,3,0,0,9,6,8,8,6,1,4,0,3,0,28,16,7,17,3,4,0,0,3,1,24,16,14,15,3,6,8,19,3,3,63,45,51.0,31.0,12.0,14.0,11.0,9.0,571,376,483.0,301.0,271,121,212,180,18.0,27.0,8.0,6.0,2.7,0.68,2.65,0.57,0.05,0.11,2.7,0.68,1.97,0.09,0,1,9,4,0,1,7,5,1,3,0.0,0.1055,2.2261,0.3081,0.0,0.0602,0.3853,0.1615,0.0353,0.0487,14,12,2,0,1,1,0,1,0,0,2.066,0.571,0.531,0.0,0.0498,0.1055,0.0,0.0075,0.0,0.0,17,14,16.78,20.21
4436443,2024-09-21,bra,2024,Brasileirao,27,Bruno Arleu de Araujo,165545,Atletico GO,9808,Corinthians,0,0,3,40,60,14,17,3,7,8,5,3,5,0,0,6,9,8,8,1,6,0,4,0,3,16,28,17,7,4,3,0,0,1,3,16,24,15,14,6,3,19,8,3,3,45,63,31.0,51.0,14.0,12.0,9.0,11.0,376,571,301.0,483.0,121,271,180,212,27.0,18.0,6.0,8.0,0.68,2.7,0.57,2.65,0.11,0.05,0.68,2.7,0.09,1.97,1,0,4,9,1,0,5,7,3,1,0.1055,0.0,0.3081,2.2261,0.0602,0.0,0.1615,0.3853,0.0487,0.0353,12,14,0,2,1,1,1,0,0,0,0.571,2.066,0.0,0.531,0.1055,0.0498,0.0075,0.0,0.0,0.0,14,17,20.21,16.78
4436438,2024-09-22,bra,2024,Brasileirao,27,Matheus Delgado Candançan,9769,Gremio,9770,Flamengo,1,3,2,44,56,12,20,3,8,5,7,4,5,1,0,7,12,5,8,4,6,2,2,0,1,21,22,6,13,1,0,0,1,1,1,24,24,5,4,5,4,21,8,6,1,61,52,51.0,41.0,10.0,11.0,15.0,12.0,373,482,308.0,436.0,168,202,140,234,19.0,26.0,1.0,4.0,1.56,1.42,1.41,1.18,0.15,0.24,1.56,1.42,1.64,2.37,1,2,5,4,1,6,3,5,2,3,0.7771,0.0905,0.5678,0.6738,0.0546,0.4888,0.1224,0.2192,0.0375,0.0448,8,15,0,1,3,3,1,1,0,0,1.4108,1.0265,0.0,0.2522,0.0778,0.1063,0.0707,0.1321,0.0,0.0,12,20,17.12,18.85
4436438,2024-09-22,bra,2024,Brasileirao,27,Matheus Delgado Candançan,9770,Flamengo,9769,Gremio,0,2,3,56,44,20,12,8,3,7,5,5,4,0,1,12,7,8,5,6,4,2,2,1,0,22,21,13,6,0,1,1,0,1,1,24,24,4,5,4,5,8,21,1,6,52,61,41.0,51.0,11.0,10.0,12.0,15.0,482,373,436.0,308.0,202,168,234,140,26.0,19.0,4.0,1.0,1.42,1.56,1.18,1.41,0.24,0.15,1.42,1.56,2.37,1.64,2,1,4,5,6,1,5,3,3,2,0.0905,0.7771,0.6738,0.5678,0.4888,0.0546,0.2192,0.1224,0.0448,0.0375,15,8,1,0,3,3,1,1,0,0,1.0265,1.4108,0.2522,0.0,0.1063,0.0778,0.1321,0.0707,0.0,0.0,20,12,18.85,17.12
4436439,2024-09-22,bra,2024,Brasileirao,27,Lucas Paulo Torezin,10272,Atletico MG,109705,Red Bull Bragantino,1,3,0,50,50,13,8,8,3,5,3,0,2,0,1,9,4,4,4,4,2,6,1,3,1,17,15,14,9,2,3,0,0,2,1,16,12,10,5,2,0,23,24,3,5,51,48,27.0,35.0,24.0,13.0,2.0,9.0,391,390,297.0,292.0,180,137,117,155,38.0,21.0,7.0,2.0,2.4,0.59,1.52,0.29,0.1,0.3,1.62,0.59,3.02,1.31,0,0,8,4,1,0,1,3,3,1,0.0,0.0,2.2544,0.5019,0.025,0.0,0.0183,0.0744,0.1067,0.011,8,6,1,0,3,1,0,1,1,0,1.1793,0.4887,0.3377,0.0,0.0991,0.0313,0.0,0.0674,0.7884,0.0,13,8,16.43,19.35
4436439,2024-09-22,bra,2024,Brasileirao,27,Lucas Paulo Torezin,109705,Red Bull Bragantino,10272,Atletico MG,0,0,3,50,50,8,13,3,8,3,5,2,0,1,0,4,9,4,4,2,4,1,6,1,3,15,17,9,14,3,2,0,0,1,2,12,16,5,10,0,2,24,23,5,3,48,51,35.0,27.0,13.0,24.0,9.0,2.0,390,391,292.0,297.0,137,180,155,117,21.0,38.0,2.0,7.0,0.59,2.4,0.29,1.52,0.3,0.1,0.59,1.62,1.31,3.02,0,0,4,8,0,1,3,1,1,3,0.0,0.0,0.5019,2.2544,0.0,0.025,0.0744,0.0183,0.011,0.1067,6,8,0,1,1,3,1,0,0,1,0.4887,1.1793,0.0,0.3377,0.0313,0.0991,0.0674,0.0,0.0,0.7884,8,13,19.35,16.43
4436442,2024-09-22,bra,2024,Brasileirao,27,Rafael Rodrigo Klein,10276,Vasco da Gama,10283,Palmeiras,1,0,1,54,46,10,14,3,3,6,8,1,3,0,2,3,8,7,6,5,5,0,3,0,2,13,17,8,14,1,3,0,0,0,2,17,23,14,8,3,1,24,34,2,3,67,54,48.0,38.0,19.0,16.0,17.0,7.0,412,351,326.0,269.0,164,122,162,147,22.0,17.0,5.0,8.0,0.3,1.42,0.2,0.87,0.1,0.54,0.3,1.42,0.38,1.11,0,2,3,4,0,2,5,4,2,2,0.0,0.451,0.1377,0.6819,0.0,0.0679,0.1117,0.1813,0.0501,0.0365,7,10,0,2,2,2,1,0,0,0,0.2021,0.4862,0.0,0.4814,0.0584,0.451,0.039,0.0,0.0,0.0,10,14,21.23,18.78
4436442,2024-09-22,bra,2024,Brasileirao,27,Rafael Rodrigo Klein,10283,Palmeiras,10276,Vasco da Gama,0,1,0,46,54,14,10,3,3,8,6,3,1,2,0,8,3,6,7,5,5,3,0,2,0,17,13,14,8,3,1,0,0,2,0,23,17,8,14,1,3,34,24,3,2,54,67,38.0,48.0,16.0,19.0,7.0,17.0,351,412,269.0,326.0,122,164,147,162,17.0,22.0,8.0,5.0,1.42,0.3,0.87,0.2,0.54,0.1,1.42,0.3,1.11,0.38,2,0,4,3,2,0,4,5,2,2,0.451,0.0,0.6819,0.1377,0.0679,0.0,0.1813,0.1117,0.0365,0.0501,10,7,2,0,2,2,0,1,0,0,0.4862,0.2021,0.4814,0.0,0.451,0.0584,0.0,0.039,0.0,0.0,14,10,18.78,21.23
4436444,2024-09-22,bra,2024,Brasileirao,27,Ramon Abatti,10277,Sao Paulo,8702,Internacional,1,1,3,61,39,7,14,2,6,3,4,2,4,1,0,4,10,3,4,2,4,1,1,0,0,16,26,18,16,5,1,0,0,6,2,18,21,5,7,4,2,18,15,3,1,60,65,45.0,50.0,15.0,15.0,13.0,12.0,460,287,391.0,214.0,259,107,132,107,39.0,14.0,4.0,7.0,0.77,0.98,0.77,0.56,0.0,0.42,0.77,0.98,0.92,1.22,2,0,1,8,1,2,3,3,0,1,0.4657,0.0,0.1739,0.7733,0.036,0.0803,0.0981,0.0957,0.0,0.0309,7,8,0,1,0,1,0,4,0,0,0.7737,0.4982,0.0,0.0608,0.0,0.2228,0.0,0.1983,0.0,0.0,7,14,17.03,16.52
4436444,2024-09-22,bra,2024,Brasileirao,27,Ramon Abatti,8702,Internacional,10277,Sao Paulo,0,3,1,39,61,14,7,6,2,4,3,4,2,0,1,10,4,4,3,4,2,1,1,0,0,26,16,16,18,1,5,0,0,2,6,21,18,7,5,2,4,15,18,1,3,65,60,50.0,45.0,15.0,15.0,12.0,13.0,287,460,214.0,391.0,107,259,107,132,14.0,39.0,7.0,4.0,0.98,0.77,0.56,0.77,0.42,0.0,0.98,0.77,1.22,0.92,0,2,8,1,2,1,3,3,1,0,0.0,0.4657,0.7733,0.1739,0.0803,0.036,0.0957,0.0981,0.0309,0.0,8,7,1,0,1,0,4,0,0,0,0.4982,0.7737,0.0608,0.0,0.2228,0.0,0.1983,0.0,0.0,0.0,14,7,16.52,17.03
4436464,2024-09-22,bra,2024,Brasileirao,27,Raphael Claus,8287,Fortaleza,7877,Bahia,1,4,1,36,64,11,9,7,4,1,2,3,3,0,0,9,3,2,6,2,1,3,0,1,0,22,13,13,9,2,1,1,0,3,4,24,24,10,10,3,3,15,11,3,3,56,49,50.0,42.0,6.0,7.0,17.0,8.0,382,655,314.0,590.0,181,339,133,251,27.0,18.0,1.0,3.0,1.53,0.44,0.6,0.4,0.14,0.04,0.75,0.44,3.15,0.52,2,0,3,3,4,0,2,4,0,2,0.8364,0.0,0.9365,0.2229,0.2388,0.0,0.054,0.187,0.0,0.0316,9,8,0,0,0,0,1,1,1,0,0.6023,0.4017,0.0,0.0,0.0,0.0,0.675,0.0398,0.7884,0.0,11,9,14.82,20.59
4436464,2024-09-22,bra,2024,Brasileirao,27,Raphael Claus,7877,Bahia,8287,Fortaleza,0,1,4,64,36,9,11,4,7,2,1,3,3,0,0,3,9,6,2,1,2,0,3,0,1,13,22,9,13,1,2,0,1,4,3,24,24,10,10,3,3,11,15,3,3,49,56,42.0,50.0,7.0,6.0,8.0,17.0,655,382,590.0,314.0,339,181,251,133,18.0,27.0,3.0,1.0,0.44,1.53,0.4,0.6,0.04,0.14,0.44,0.75,0.52,3.15,0,2,3,3,0,4,4,2,2,0,0.0,0.8364,0.2229,0.9365,0.0,0.2388,0.187,0.054,0.0316,0.0,8,9,0,0,0,0,1,1,0,1,0.4017,0.6023,0.0,0.0,0.0,0.0,0.0398,0.675,0.0,0.7884,9,11,20.59,14.82
4436465,2024-09-22,bra,2024,Brasileirao,27,Flavio Rodrigues De Souza,197815,Cuiaba,9781,Cruzeiro,1,0,0,48,52,9,13,4,2,5,5,0,6,0,0,2,9,7,4,4,5,1,1,1,1,8,19,10,10,0,1,0,1,2,0,12,18,8,4,6,0,26,17,2,4,39,42,31.0,34.0,8.0,8.0,9.0,7.0,432,473,368.0,402.0,244,228,124,174,34.0,38.0,2.0,2.0,0.36,0.89,0.21,0.84,0.15,0.06,0.36,0.89,0.5,0.35,0,0,3,5,0,4,4,2,2,2,0.0,0.0,0.242,0.5726,0.0,0.204,0.0622,0.0463,0.0551,0.0709,6,11,0,0,1,1,2,1,0,0,0.2075,0.8382,0.0,0.0,0.0195,0.0076,0.1323,0.0479,0.0,0.0,9,13,23.7,17.67
4436465,2024-09-22,bra,2024,Brasileirao,27,Flavio Rodrigues De Souza,9781,Cruzeiro,197815,Cuiaba,0,0,0,52,48,13,9,2,4,5,5,6,0,0,0,9,2,4,7,5,4,1,1,1,1,19,8,10,10,1,0,1,0,0,2,18,12,4,8,0,6,17,26,4,2,42,39,34.0,31.0,8.0,8.0,7.0,9.0,473,432,402.0,368.0,228,244,174,124,38.0,34.0,2.0,2.0,0.89,0.36,0.84,0.21,0.06,0.15,0.89,0.36,0.35,0.5,0,0,5,3,4,0,2,4,2,2,0.0,0.0,0.5726,0.242,0.204,0.0,0.0463,0.0622,0.0709,0.0551,11,6,0,0,1,1,1,2,0,0,0.8382,0.2075,0.0,0.0,0.0076,0.0195,0.0479,0.1323,0.0,0.0,13,9,17.67,23.7
4436466,2024-09-22,bra,2024,Brasileirao,27,Anderson Daronco,7729,Criciuma,10273,Athletico Paranaense,1,0,0,62,38,25,10,6,3,12,5,7,2,1,0,16,6,9,4,12,1,4,0,4,0,33,16,11,12,2,2,0,0,0,0,15,15,16,12,2,7,16,40,3,7,61,56,31.0,30.0,30.0,26.0,5.0,5.0,499,321,410.0,217.0,181,110,229,107,35.0,27.0,10.0,4.0,1.35,0.59,0.81,0.56,0.53,0.03,1.35,0.59,1.24,1.61,3,1,9,2,4,3,6,3,3,1,0.2253,0.1934,0.7705,0.0962,0.0603,0.1957,0.2427,0.0885,0.0503,0.0171,12,9,1,0,8,0,4,1,0,0,0.7718,0.5582,0.0426,0.0,0.2078,0.0,0.327,0.0327,0.0,0.0,25,10,16.96,18.5
4436466,2024-09-22,bra,2024,Brasileirao,27,Anderson Daronco,10273,Athletico Paranaense,7729,Criciuma,0,0,0,38,62,10,25,3,6,5,12,2,7,0,1,6,16,4,9,1,12,0,4,0,4,16,33,12,11,2,2,0,0,0,0,15,15,12,16,7,2,40,16,7,3,56,61,30.0,31.0,26.0,30.0,5.0,5.0,321,499,217.0,410.0,110,181,107,229,27.0,35.0,4.0,10.0,0.59,1.35,0.56,0.81,0.03,0.53,0.59,1.35,1.61,1.24,1,3,2,9,3,4,3,6,1,3,0.1934,0.2253,0.0962,0.7705,0.1957,0.0603,0.0885,0.2427,0.0171,0.0503,9,12,0,1,0,8,1,4,0,0,0.5582,0.7718,0.0,0.0426,0.0,0.2078,0.0327,0.327,0.0,0.0,10,25,18.5,16.96
4436197,2024-09-25,bra,2024,Brasileirao,5,Davi de Oliveira Lacerda,9769,Gremio,7729,Criciuma,1,1,2,65,35,15,11,3,4,6,5,6,2,0,1,12,3,3,8,6,3,2,1,2,0,37,15,8,12,2,5,0,0,0,1,16,26,4,9,2,6,21,41,2,2,45,50,34.0,37.0,11.0,13.0,6.0,5.0,602,323,534.0,257.0,249,131,285,126,28.0,22.0,7.0,4.0,1.67,0.8,0.94,0.73,0.73,0.06,1.67,0.8,0.85,1.49,2,0,7,3,3,0,2,6,1,2,0.3619,0.0,0.9249,0.4755,0.315,0.0,0.0517,0.2671,0.0175,0.0872,10,8,0,1,1,1,4,1,0,0,0.9398,0.7205,0.0,0.0447,0.0181,0.018,0.713,0.0465,0.0,0.0,15,11,14.03,20.66
4436197,2024-09-25,bra,2024,Brasileirao,5,Davi de Oliveira Lacerda,7729,Criciuma,9769,Gremio,0,2,1,35,65,11,15,4,3,5,6,2,6,1,0,3,12,8,3,3,6,1,2,0,2,15,37,12,8,5,2,0,0,1,0,26,16,9,4,6,2,41,21,2,2,50,45,37.0,34.0,13.0,11.0,5.0,6.0,323,602,257.0,534.0,131,249,126,285,22.0,28.0,4.0,7.0,0.8,1.67,0.73,0.94,0.06,0.73,0.8,1.67,1.49,0.85,0,2,3,7,0,3,6,2,2,1,0.0,0.3619,0.4755,0.9249,0.0,0.315,0.2671,0.0517,0.0872,0.0175,8,10,1,0,1,1,1,4,0,0,0.7205,0.9398,0.0447,0.0,0.018,0.0181,0.0465,0.713,0.0,0.0,11,15,20.66,14.03
4436313,2024-09-25,bra,2024,Brasileirao,16,Rodrigo José Pereira de Lima,109705,Red Bull Bragantino,8702,Internacional,1,2,2,45,55,11,24,4,11,4,9,3,4,0,0,6,18,5,6,1,9,2,2,2,1,17,42,13,13,3,2,0,0,1,2,14,8,14,6,4,3,27,13,9,2,54,46,32.0,26.0,22.0,20.0,5.0,8.0,387,462,299.0,384.0,162,207,137,177,38.0,22.0,1.0,7.0,1.15,2.37,1.15,2.31,0.0,0.06,1.15,2.37,0.86,4.28,1,2,4,9,1,7,2,6,3,0,0.1876,0.4051,0.7302,1.3981,0.1029,0.32,0.0465,0.3327,0.0816,0.0,10,20,1,2,0,2,0,0,0,0,1.128,2.2798,0.0208,0.115,0.0,0.0611,0.0,0.0,0.0,0.0,11,24,17.98,15.27
4436313,2024-09-25,bra,2024,Brasileirao,16,Rodrigo José Pereira de Lima,8702,Internacional,109705,Red Bull Bragantino,0,2,2,55,45,24,11,11,4,9,4,4,3,0,0,18,6,6,5,9,1,2,2,1,2,42,17,13,13,2,3,0,0,2,1,8,14,6,14,3,4,13,27,2,9,46,54,26.0,32.0,20.0,22.0,8.0,5.0,462,387,384.0,299.0,207,162,177,137,22.0,38.0,7.0,1.0,2.37,1.15,2.31,1.15,0.06,0.0,2.37,1.15,4.28,0.86,2,1,9,4,7,1,6,2,0,3,0.4051,0.1876,1.3981,0.7302,0.32,0.1029,0.3327,0.0465,0.0,0.0816,20,10,2,1,2,0,0,0,0,0,2.2798,1.128,0.115,0.0208,0.0611,0.0,0.0,0.0,0.0,0.0,24,11,15.27,17.98
4436472,2024-09-28,bra,2024,Brasileirao,28,Bruno Arleu de Araujo,10283,Palmeiras,10272,Atletico MG,1,2,1,43,57,15,6,8,3,3,2,4,1,0,0,9,2,6,4,7,3,4,0,2,0,23,4,15,10,2,2,0,0,2,1,11,16,7,7,1,4,16,19,3,6,29,48,24.0,38.0,5.0,10.0,3.0,8.0,324,436,255.0,359.0,126,233,129,126,21.0,27.0,6.0,2.0,2.6,0.28,0.91,0.23,0.12,0.05,1.02,0.28,2.19,0.63,0,0,7,2,2,0,6,4,0,0,0.0,0.0,2.2725,0.194,0.0714,0.0,0.2548,0.0846,0.0,0.0,8,4,1,0,1,1,3,1,2,0,0.8749,0.2257,0.0318,0.0,0.0526,0.0187,0.0626,0.0342,1.5768,0.0,15,6,17.19,24.21
4436472,2024-09-28,bra,2024,Brasileirao,28,Bruno Arleu de Araujo,10272,Atletico MG,10283,Palmeiras,0,1,2,57,43,6,15,3,8,2,3,1,4,0,0,2,9,4,6,3,7,0,4,0,2,4,23,10,15,2,2,0,0,1,2,16,11,7,7,4,1,19,16,6,3,48,29,38.0,24.0,10.0,5.0,8.0,3.0,436,324,359.0,255.0,233,126,126,129,27.0,21.0,2.0,6.0,0.28,2.6,0.23,0.91,0.05,0.12,0.28,1.02,0.63,2.19,0,0,2,7,0,2,4,6,0,0,0.0,0.0,0.194,2.2725,0.0,0.0714,0.0846,0.2548,0.0,0.0,4,8,0,1,1,1,1,3,0,2,0.2257,0.8749,0.0,0.0318,0.0187,0.0526,0.0342,0.0626,0.0,1.5768,6,15,24.21,17.19
4436467,2024-09-29,bra,2024,Brasileirao,28,Wagner do Nascimento Magalhaes,8702,Internacional,7733,Vitoria,1,3,1,54,46,10,7,5,4,2,1,3,2,1,0,8,6,2,1,2,6,5,2,2,1,26,10,26,8,3,1,0,0,0,4,19,20,7,13,2,3,23,20,3,2,53,70,33.0,56.0,20.0,14.0,7.0,13.0,501,421,425.0,351.0,244,226,181,125,30.0,21.0,2.0,4.0,2.39,0.68,1.41,0.36,0.19,0.32,1.61,0.68,2.66,1.09,1,0,4,4,3,2,1,1,1,0,0.1387,0.0,1.8386,0.5755,0.373,0.0822,0.0232,0.0263,0.0202,0.0,6,5,1,0,2,1,0,1,1,0,1.262,0.3649,0.1513,0.0,0.1919,0.0983,0.0,0.2208,0.7884,0.0,10,7,15.69,13.95
4436467,2024-09-29,bra,2024,Brasileirao,28,Wagner do Nascimento Magalhaes,7733,Vitoria,8702,Internacional,0,1,3,46,54,7,10,4,5,1,2,2,3,0,1,6,8,1,2,6,2,2,5,1,2,10,26,8,26,1,3,0,0,4,0,20,19,13,7,3,2,20,23,2,3,70,53,56.0,33.0,14.0,20.0,13.0,7.0,421,501,351.0,425.0,226,244,125,181,21.0,30.0,4.0,2.0,0.68,2.39,0.36,1.41,0.32,0.19,0.68,1.61,1.09,2.66,0,1,4,4,2,3,1,1,0,1,0.0,0.1387,0.5755,1.8386,0.0822,0.373,0.0263,0.0232,0.0,0.0202,5,6,0,1,1,2,1,0,0,1,0.3649,1.262,0.0,0.1513,0.0983,0.1919,0.2208,0.0,0.0,0.7884,7,10,13.95,15.69
4436468,2024-09-29,bra,2024,Brasileirao,28,Matheus Delgado Candançan,9781,Cruzeiro,10276,Vasco da Gama,1,1,1,56,44,15,13,6,4,8,6,1,3,0,0,9,4,6,9,11,4,1,2,1,1,24,15,7,6,0,3,0,1,1,0,11,19,9,10,2,1,16,37,3,5,33,38,21.0,28.0,12.0,10.0,4.0,3.0,451,353,374.0,285.0,196,159,178,126,37.0,27.0,6.0,2.0,0.81,1.17,0.43,0.26,0.38,0.91,0.81,1.17,1.53,1.37,1,1,7,3,1,0,2,7,4,2,0.1418,0.8044,0.4557,0.3447,0.0231,0.0,0.1167,0.185,0.0753,0.0525,10,6,0,1,4,5,1,1,0,0,0.4347,0.2258,0.0,0.0385,0.3205,1.098,0.0574,0.0242,0.0,0.0,15,13,18.06,20.55
4436468,2024-09-29,bra,2024,Brasileirao,28,Matheus Delgado Candançan,10276,Vasco da Gama,9781,Cruzeiro,0,1,1,44,56,13,15,4,6,6,8,3,1,0,0,4,9,9,6,4,11,2,1,1,1,15,24,6,7,3,0,1,0,0,1,19,11,10,9,1,2,37,16,5,3,38,33,28.0,21.0,10.0,12.0,3.0,4.0,353,451,285.0,374.0,159,196,126,178,27.0,37.0,2.0,6.0,1.17,0.81,0.26,0.43,0.91,0.38,1.17,0.81,1.37,1.53,1,1,3,7,0,1,7,2,2,4,0.8044,0.1418,0.3447,0.4557,0.0,0.0231,0.185,0.1167,0.0525,0.0753,6,10,1,0,5,4,1,1,0,0,0.2258,0.4347,0.0385,0.0,1.098,0.3205,0.0242,0.0574,0.0,0.0,13,15,20.55,18.06
4436469,2024-09-29,bra,2024,Brasileirao,28,Edina Alves Batista,7877,Bahia,7729,Criciuma,1,1,0,54,46,21,2,7,1,10,1,4,0,0,0,17,2,4,0,9,1,5,0,5,0,39,12,10,8,1,2,0,0,0,5,18,19,10,9,0,4,15,21,1,5,47,48,36.0,38.0,11.0,10.0,10.0,9.0,512,431,437.0,357.0,193,160,244,197,21.0,47.0,5.0,2.0,2.59,0.12,2.25,0.12,0.34,0.0,2.59,0.12,1.55,0.36,2,1,9,1,6,0,3,0,1,0,0.38,0.0854,1.7894,0.0333,0.3752,0.0,0.1155,0.0,0.0514,0.0,12,2,4,0,4,0,1,0,0,0,1.6073,0.1187,0.7638,0.0,0.3298,0.0,0.0105,0.0,0.0,0.0,21,2,14.0,10.7
4436469,2024-09-29,bra,2024,Brasileirao,28,Edina Alves Batista,7729,Criciuma,7877,Bahia,0,0,1,46,54,2,21,1,7,1,10,0,4,0,0,2,17,0,4,1,9,0,5,0,5,12,39,8,10,2,1,0,0,5,0,19,18,9,10,4,0,21,15,5,1,48,47,38.0,36.0,10.0,11.0,9.0,10.0,431,512,357.0,437.0,160,193,197,244,47.0,21.0,2.0,5.0,0.12,2.59,0.12,2.25,0.0,0.34,0.12,2.59,0.36,1.55,1,2,1,9,0,6,0,3,0,1,0.0854,0.38,0.0333,1.7894,0.0,0.3752,0.0,0.1155,0.0,0.0514,2,12,0,4,0,4,0,1,0,0,0.1187,1.6073,0.0,0.7638,0.0,0.3298,0.0,0.0105,0.0,0.0,2,21,10.7,14.0
4436470,2024-09-29,bra,2024,Brasileirao,28,Davi de Oliveira Lacerda,9770,Flamengo,10273,Athletico Paranaense,1,1,0,70,30,17,7,5,1,3,3,9,3,0,0,10,4,7,3,6,1,0,0,0,0,26,8,12,13,2,2,0,0,2,3,16,31,7,19,2,9,15,27,1,3,48,70,39.0,56.0,9.0,14.0,10.0,13.0,706,306,639.0,230.0,218,135,421,95,28.0,18.0,5.0,1.0,0.76,0.4,0.57,0.31,0.19,0.08,0.76,0.4,0.73,0.19,0,0,8,1,2,3,7,3,0,0,0.0,0.0,0.403,0.0206,0.0619,0.2564,0.2974,0.119,0.0,0.0,11,5,0,0,6,1,0,1,0,0,0.5681,0.315,0.0,0.0,0.1942,0.0206,0.0,0.0604,0.0,0.0,17,7,17.38,17.48
4436470,2024-09-29,bra,2024,Brasileirao,28,Davi de Oliveira Lacerda,10273,Athletico Paranaense,9770,Flamengo,0,0,1,30,70,7,17,1,5,3,3,3,9,0,0,4,10,3,7,1,6,0,0,0,0,8,26,13,12,2,2,0,0,3,2,31,16,19,7,9,2,27,15,3,1,70,48,56.0,39.0,14.0,9.0,13.0,10.0,306,706,230.0,639.0,135,218,95,421,18.0,28.0,1.0,5.0,0.4,0.76,0.31,0.57,0.08,0.19,0.4,0.76,0.19,0.73,0,0,1,8,3,2,3,7,0,0,0.0,0.0,0.0206,0.403,0.2564,0.0619,0.119,0.2974,0.0,0.0,5,11,0,0,1,6,1,0,0,0,0.315,0.5681,0.0,0.0,0.0206,0.1942,0.0604,0.0,0.0,0.0,7,17,17.48,17.38
4436471,2024-09-29,bra,2024,Brasileirao,28,Maguielson Lima Barbosa,8517,Botafogo RJ,9769,Gremio,1,0,0,63,37,15,11,3,4,6,5,6,2,0,0,5,5,10,6,5,3,1,0,1,0,27,9,10,14,4,3,0,1,2,0,19,12,7,14,2,6,10,28,4,3,37,45,35.0,33.0,2.0,12.0,3.0,14.0,470,285,419.0,227.0,152,127,267,100,24.0,11.0,8.0,1.0,0.98,0.71,0.77,0.53,0.22,0.18,0.98,0.71,0.47,0.55,0,1,4,3,1,1,6,1,4,5,0.0,0.1454,0.6098,0.3571,0.0167,0.0306,0.2726,0.0499,0.0844,0.1291,12,9,0,1,1,0,2,1,0,0,0.7664,0.5474,0.0,0.1296,0.1027,0.0,0.1144,0.0352,0.0,0.0,15,11,22.17,21.02
4436471,2024-09-29,bra,2024,Brasileirao,28,Maguielson Lima Barbosa,9769,Gremio,8517,Botafogo RJ,0,0,0,37,63,11,15,4,3,5,6,2,6,0,0,5,5,6,10,3,5,0,1,0,1,9,27,14,10,3,4,1,0,0,2,12,19,14,7,6,2,28,10,3,4,45,37,33.0,35.0,12.0,2.0,14.0,3.0,285,470,227.0,419.0,127,152,100,267,11.0,24.0,1.0,8.0,0.71,0.98,0.53,0.77,0.18,0.22,0.71,0.98,0.55,0.47,1,0,3,4,1,1,1,6,5,4,0.1454,0.0,0.3571,0.6098,0.0306,0.0167,0.0499,0.2726,0.1291,0.0844,9,12,1,0,0,1,1,2,0,0,0.5474,0.7664,0.1296,0.0,0.0,0.1027,0.0352,0.1144,0.0,0.0,11,15,21.02,22.17
4436473,2024-09-29,bra,2024,Brasileirao,28,Rafael Rodrigo Klein,10277,Sao Paulo,9808,Corinthians,1,3,1,53,47,19,11,8,3,6,5,5,3,0,0,13,6,6,5,7,2,5,0,3,0,27,13,18,17,6,4,0,2,2,2,15,10,7,5,3,5,18,14,2,5,51,52,39.0,38.0,12.0,14.0,7.0,10.0,379,339,326.0,278.0,174,154,152,124,35.0,19.0,4.0,0.0,2.97,0.84,1.58,0.52,0.6,0.33,2.18,0.84,2.88,0.86,2,0,7,5,4,1,6,4,0,1,0.6421,0.0,1.9306,0.6436,0.0909,0.0382,0.3061,0.1199,0.0,0.0431,11,4,2,1,4,1,1,5,1,0,1.4487,0.4259,0.1314,0.0901,0.5925,0.027,0.0087,0.3018,0.7884,0.0,19,11,15.57,20.16
4436473,2024-09-29,bra,2024,Brasileirao,28,Rafael Rodrigo Klein,9808,Corinthians,10277,Sao Paulo,0,1,3,47,53,11,19,3,8,5,6,3,5,0,0,6,13,5,6,2,7,0,5,0,3,13,27,17,18,4,6,2,0,2,2,10,15,5,7,5,3,14,18,5,2,52,51,38.0,39.0,14.0,12.0,10.0,7.0,339,379,278.0,326.0,154,174,124,152,19.0,35.0,0.0,4.0,0.84,2.97,0.52,1.58,0.33,0.6,0.84,2.18,0.86,2.88,0,2,5,7,1,4,4,6,1,0,0.0,0.6421,0.6436,1.9306,0.0382,0.0909,0.1199,0.3061,0.0431,0.0,4,11,1,2,1,4,5,1,0,1,0.4259,1.4487,0.0901,0.1314,0.027,0.5925,0.3018,0.0087,0.0,0.7884,11,19,20.16,15.57
4436474,2024-09-29,bra,2024,Brasileirao,28,Denis Ribeiro Serafim,8287,Fortaleza,197815,Cuiaba,1,1,0,54,46,15,2,6,1,7,1,2,0,0,0,11,1,4,1,7,3,0,0,0,0,22,8,18,9,2,4,0,0,2,7,19,18,10,11,0,2,17,14,1,6,50,61,39.0,47.0,11.0,14.0,11.0,13.0,457,403,392.0,321.0,177,182,215,139,45.0,22.0,10.0,0.0,0.79,0.05,0.25,0.05,0.53,0.01,0.79,0.05,0.52,0.05,0,0,11,0,0,1,1,0,3,1,0.0,0.0,0.677,0.0,0.0,0.0465,0.0378,0.0,0.0539,0.0052,8,1,0,0,7,0,0,1,0,0,0.3609,0.0465,0.0,0.0,0.4078,0.0,0.0,0.0052,0.0,0.0,15,2,15.21,25.6
4436474,2024-09-29,bra,2024,Brasileirao,28,Denis Ribeiro Serafim,197815,Cuiaba,8287,Fortaleza,0,0,1,46,54,2,15,1,6,1,7,0,2,0,0,1,11,1,4,3,7,0,0,0,0,8,22,9,18,4,2,0,0,7,2,18,19,11,10,2,0,14,17,6,1,61,50,47.0,39.0,14.0,11.0,13.0,11.0,403,457,321.0,392.0,182,177,139,215,22.0,45.0,0.0,10.0,0.05,0.79,0.05,0.25,0.01,0.53,0.05,0.79,0.05,0.52,0,0,0,11,1,0,0,1,1,3,0.0,0.0,0.0,0.677,0.0465,0.0,0.0,0.0378,0.0052,0.0539,1,8,0,0,0,7,1,0,0,0,0.0465,0.3609,0.0,0.0,0.0,0.4078,0.0052,0.0,0.0,0.0,2,15,25.6,15.21
4436475,2024-09-29,bra,2024,Brasileirao,28,Ramon Abatti,165545,Atletico GO,9863,Fluminense,1,1,0,40,60,16,13,7,2,7,7,2,4,1,1,8,8,8,5,4,3,1,2,1,2,18,14,15,14,1,2,0,1,2,0,14,15,11,4,4,2,29,17,2,6,46,46,34.0,35.0,12.0,11.0,6.0,6.0,317,494,260.0,423.0,129,202,131,221,26.0,15.0,3.0,6.0,1.43,1.5,1.41,1.46,0.03,0.04,1.43,1.5,1.84,0.13,0,0,4,8,4,0,6,5,2,0,0.0,0.0,1.0653,1.3727,0.1839,0.0,0.1446,0.1236,0.0375,0.0,11,12,3,0,1,1,1,0,0,0,1.2495,1.4567,0.1563,0.0,0.0163,0.0397,0.0093,0.0,0.0,0.0,16,13,21.68,18.9
4436475,2024-09-29,bra,2024,Brasileirao,28,Ramon Abatti,9863,Fluminense,165545,Atletico GO,0,0,1,60,40,13,16,2,7,7,7,4,2,1,1,8,8,5,8,3,4,2,1,2,1,14,18,14,15,2,1,1,0,0,2,15,14,4,11,2,4,17,29,6,2,46,46,35.0,34.0,11.0,12.0,6.0,6.0,494,317,423.0,260.0,202,129,221,131,15.0,26.0,6.0,3.0,1.5,1.43,1.46,1.41,0.04,0.03,1.5,1.43,0.13,1.84,0,0,8,4,0,4,5,6,0,2,0.0,0.0,1.3727,1.0653,0.0,0.1839,0.1236,0.1446,0.0,0.0375,12,11,0,3,1,1,0,1,0,0,1.4567,1.2495,0.0,0.1563,0.0397,0.0163,0.0,0.0093,0.0,0.0,13,16,18.9,21.68
4436476,2024-09-29,bra,2024,Brasileirao,28,Alex Gomes Stefano,10274,Juventude,109705,Red Bull Bragantino,1,1,1,52,48,12,15,6,6,5,6,1,3,0,0,5,9,7,6,4,5,2,1,1,1,14,24,9,19,1,6,0,0,1,0,11,18,10,11,3,1,19,19,5,5,48,50,31.0,33.0,17.0,17.0,4.0,8.0,378,345,317.0,270.0,197,118,120,152,29.0,27.0,3.0,6.0,1.0,1.26,0.8,0.96,0.19,0.3,1.0,1.26,1.48,1.71,1,1,3,6,1,2,2,5,5,1,0.088,0.1061,0.5116,0.8249,0.0201,0.0622,0.2154,0.235,0.1621,0.0347,8,11,1,0,1,3,2,1,0,0,0.7727,0.9618,0.0322,0.0,0.088,0.2379,0.1042,0.0633,0.0,0.0,12,15,19.15,17.58
4436476,2024-09-29,bra,2024,Brasileirao,28,Alex Gomes Stefano,109705,Red Bull Bragantino,10274,Juventude,0,1,1,48,52,15,12,6,6,6,5,3,1,0,0,9,5,6,7,5,4,1,2,1,1,24,14,19,9,6,1,0,0,0,1,18,11,11,10,1,3,19,19,5,5,50,48,33.0,31.0,17.0,17.0,8.0,4.0,345,378,270.0,317.0,118,197,152,120,27.0,29.0,6.0,3.0,1.26,1.0,0.96,0.8,0.3,0.19,1.26,1.0,1.71,1.48,1,1,6,3,2,1,5,2,1,5,0.1061,0.088,0.8249,0.5116,0.0622,0.0201,0.235,0.2154,0.0347,0.1621,11,8,0,1,3,1,1,2,0,0,0.9618,0.7727,0.0,0.0322,0.2379,0.088,0.0633,0.1042,0.0,0.0,15,12,17.58,19.15
4436451,2024-10-03,bra,2024,Brasileirao,29,João Vitor Gobi,7729,Criciuma,165545,Atletico GO,1,2,0,47,53,17,14,5,3,7,9,5,2,1,0,10,6,7,8,7,6,2,0,1,0,23,20,16,8,1,4,0,0,1,1,22,23,13,14,2,5,25,23,3,3,48,60,36.0,51.0,12.0,9.0,9.0,12.0,385,439,301.0,356.0,144,141,157,215,24.0,23.0,4.0,3.0,1.35,0.4,1.15,0.27,0.21,0.13,1.35,0.4,1.86,0.09,1,0,5,2,4,4,4,5,3,3,0.1879,0.0,0.7042,0.0963,0.308,0.1494,0.0836,0.0977,0.0691,0.0517,12,10,3,1,2,0,0,3,0,0,0.8508,0.2096,0.2947,0.0566,0.2073,0.0,0.0,0.129,0.0,0.0,17,14,18.39,22.92
4436451,2024-10-03,bra,2024,Brasileirao,29,João Vitor Gobi,165545,Atletico GO,7729,Criciuma,0,0,2,53,47,14,17,3,5,9,7,2,5,0,1,6,10,8,7,6,7,0,2,0,1,20,23,8,16,4,1,0,0,1,1,23,22,14,13,5,2,23,25,3,3,60,48,51.0,36.0,9.0,12.0,12.0,9.0,439,385,356.0,301.0,141,144,215,157,23.0,24.0,3.0,4.0,0.4,1.35,0.27,1.15,0.13,0.21,0.4,1.35,0.09,1.86,0,1,2,5,4,4,5,4,3,3,0.0,0.1879,0.0963,0.7042,0.1494,0.308,0.0977,0.0836,0.0517,0.0691,10,12,1,3,0,2,3,0,0,0,0.2096,0.8508,0.0566,0.2947,0.0,0.2073,0.129,0.0,0.0,0.0,14,17,22.92,18.39
4436454,2024-10-04,bra,2024,Brasileirao,29,Gustavo Ervino Bauermann,9863,Fluminense,9781,Cruzeiro,1,1,0,47,53,14,13,5,5,6,6,3,2,1,1,7,10,7,3,2,2,3,5,2,5,18,19,19,16,8,3,0,0,1,1,23,23,16,14,3,3,16,13,4,4,58,70,50.0,50.0,8.0,20.0,11.0,8.0,382,430,311.0,351.0,140,221,171,130,23.0,12.0,4.0,4.0,1.62,1.42,1.52,1.0,0.1,0.42,1.62,1.42,1.01,0.6,2,1,3,5,2,4,6,1,1,2,0.9249,0.3451,0.1908,0.7601,0.1898,0.2759,0.2854,0.0327,0.0278,0.0427,10,7,2,4,0,0,2,2,0,0,1.4044,0.3795,0.1117,0.6168,0.0,0.0,0.1026,0.4602,0.0,0.0,14,13,17.6,16.71
4436454,2024-10-04,bra,2024,Brasileirao,29,Gustavo Ervino Bauermann,9781,Cruzeiro,9863,Fluminense,0,0,1,53,47,13,14,5,5,6,6,2,3,1,1,10,7,3,7,2,2,5,3,5,2,19,18,16,19,3,8,0,0,1,1,23,23,14,16,3,3,13,16,4,4,70,58,50.0,50.0,20.0,8.0,8.0,11.0,430,382,351.0,311.0,221,140,130,171,12.0,23.0,4.0,4.0,1.42,1.62,1.0,1.52,0.42,0.1,1.42,1.62,0.6,1.01,1,2,5,3,4,2,1,6,2,1,0.3451,0.9249,0.7601,0.1908,0.2759,0.1898,0.0327,0.2854,0.0427,0.0278,7,10,4,2,0,0,2,2,0,0,0.3795,1.4044,0.6168,0.1117,0.0,0.0,0.4602,0.1026,0.0,0.0,13,14,16.71,17.6
4436447,2024-10-05,bra,2024,Brasileirao,29,Lucas Paulo Torezin,9808,Corinthians,8702,Internacional,1,2,2,54,46,15,9,6,3,6,2,3,4,1,0,12,5,3,4,9,9,5,1,3,0,22,16,11,14,6,4,0,0,3,0,17,19,3,6,4,3,24,23,0,4,52,46,40.0,39.0,12.0,7.0,11.0,9.0,431,368,351.0,302.0,211,143,140,159,42.0,21.0,6.0,3.0,1.96,0.59,0.56,0.17,0.61,0.42,1.18,0.59,2.48,0.95,1,1,7,3,4,1,2,2,1,2,0.0613,0.2979,1.7054,0.1833,0.1067,0.0222,0.0679,0.0553,0.0235,0.0265,9,6,0,0,3,2,2,1,1,0,0.5644,0.1699,0.0,0.0,0.1053,0.3429,0.5066,0.0724,0.7884,0.0,15,9,15.72,17.65
4436447,2024-10-05,bra,2024,Brasileirao,29,Lucas Paulo Torezin,8702,Internacional,9808,Corinthians,0,2,2,46,54,9,15,3,6,2,6,4,3,0,1,5,12,4,3,9,9,1,5,0,3,16,22,14,11,4,6,0,0,0,3,19,17,6,3,3,4,23,24,4,0,46,52,39.0,40.0,7.0,12.0,9.0,11.0,368,431,302.0,351.0,143,211,159,140,21.0,42.0,3.0,6.0,0.59,1.96,0.17,0.56,0.42,0.61,0.59,1.18,0.95,2.48,1,1,3,7,1,4,2,2,2,1,0.2979,0.0613,0.1833,1.7054,0.0222,0.1067,0.0553,0.0679,0.0265,0.0235,6,9,0,0,2,3,1,2,0,1,0.1699,0.5644,0.0,0.0,0.3429,0.1053,0.0724,0.5066,0.0,0.7884,9,15,17.65,15.72
4436448,2024-10-05,bra,2024,Brasileirao,29,Braulio da Silva Machado,109705,Red Bull Bragantino,10283,Palmeiras,1,0,0,41,59,17,14,5,5,5,6,7,3,0,0,8,7,9,7,1,3,1,2,1,2,28,25,7,14,4,3,1,1,3,0,15,18,7,10,3,7,21,23,5,5,60,41,42.0,30.0,18.0,11.0,14.0,5.0,351,513,260.0,432.0,126,236,134,196,16.0,29.0,4.0,4.0,0.84,1.41,0.64,1.28,0.19,0.13,0.84,1.41,0.42,0.64,0,1,3,4,5,2,2,6,7,1,0.0,0.3742,0.4164,0.7103,0.2076,0.0969,0.0585,0.1921,0.153,0.0396,14,10,0,1,0,2,3,1,0,0,0.6501,1.241,0.0,0.0396,0.0,0.0532,0.1853,0.0793,0.0,0.0,17,14,21.66,18.87
4436448,2024-10-05,bra,2024,Brasileirao,29,Braulio da Silva Machado,10283,Palmeiras,109705,Red Bull Bragantino,0,0,0,59,41,14,17,5,5,6,5,3,7,0,0,7,8,7,9,3,1,2,1,2,1,25,28,14,7,3,4,1,1,0,3,18,15,10,7,7,3,23,21,5,5,41,60,30.0,42.0,11.0,18.0,5.0,14.0,513,351,432.0,260.0,236,126,196,134,29.0,16.0,4.0,4.0,1.41,0.84,1.28,0.64,0.13,0.19,1.41,0.84,0.64,0.42,1,0,4,3,2,5,6,2,1,7,0.3742,0.0,0.7103,0.4164,0.0969,0.2076,0.1921,0.0585,0.0396,0.153,10,14,1,0,2,0,1,3,0,0,1.241,0.6501,0.0396,0.0,0.0532,0.0,0.0793,0.1853,0.0,0.0,14,17,18.87,21.66
4436449,2024-10-05,bra,2024,Brasileirao,29,Flavio Rodrigues De Souza,10273,Athletico Paranaense,8517,Botafogo RJ,1,0,1,53,47,26,11,3,3,14,5,9,3,0,1,14,4,12,7,8,3,2,2,2,1,22,15,8,20,2,4,0,0,0,2,24,19,11,13,3,8,14,38,2,3,77,54,54.0,34.0,23.0,20.0,11.0,7.0,445,409,364.0,316.0,152,172,212,144,33.0,22.0,11.0,3.0,1.6,1.18,0.89,1.11,0.71,0.07,1.6,1.18,1.08,0.54,1,1,12,2,1,2,10,5,2,1,0.1859,0.1934,1.0144,0.1912,0.0178,0.57,0.3444,0.217,0.0358,0.0114,16,4,0,4,3,1,7,2,0,0,0.8998,0.6106,0.0,0.504,0.2632,0.0403,0.4353,0.0282,0.0,0.0,26,11,17.8,19.41
4436449,2024-10-05,bra,2024,Brasileirao,29,Flavio Rodrigues De Souza,8517,Botafogo RJ,10273,Athletico Paranaense,0,1,0,47,53,11,26,3,3,5,14,3,9,1,0,4,14,7,12,3,8,2,2,1,2,15,22,20,8,4,2,0,0,2,0,19,24,13,11,8,3,38,14,3,2,54,77,34.0,54.0,20.0,23.0,7.0,11.0,409,445,316.0,364.0,172,152,144,212,22.0,33.0,3.0,11.0,1.18,1.6,1.11,0.89,0.07,0.71,1.18,1.6,0.54,1.08,1,1,2,12,2,1,5,10,1,2,0.1934,0.1859,0.1912,1.0144,0.57,0.0178,0.217,0.3444,0.0114,0.0358,4,16,4,0,1,3,2,7,0,0,0.6106,0.8998,0.504,0.0,0.0403,0.2632,0.0282,0.4353,0.0,0.0,11,26,19.41,17.8
4436450,2024-10-05,bra,2024,Brasileirao,29,Anderson Daronco,197815,Cuiaba,10277,Sao Paulo,1,2,0,22,78,7,12,3,3,1,7,3,2,0,0,5,5,2,7,3,7,1,0,0,0,16,25,12,8,2,2,0,0,1,1,10,5,13,6,2,3,32,10,3,1,34,44,20.0,26.0,14.0,18.0,3.0,10.0,200,719,136.0,649.0,75,306,61,343,24.0,30.0,2.0,6.0,0.9,0.48,0.25,0.24,0.65,0.23,0.9,0.48,0.93,0.14,2,0,2,4,1,1,2,6,0,1,0.6235,0.0,0.2072,0.2246,0.0186,0.0435,0.0509,0.1868,0.0,0.0244,4,8,0,0,0,3,3,1,0,0,0.2509,0.2449,0.0,0.0,0.0,0.2135,0.6493,0.0208,0.0,0.0,7,12,14.77,20.23
4436450,2024-10-05,bra,2024,Brasileirao,29,Anderson Daronco,10277,Sao Paulo,197815,Cuiaba,0,0,2,78,22,12,7,3,3,7,1,2,3,0,0,5,5,7,2,7,3,0,1,0,0,25,16,8,12,2,2,0,0,1,1,5,10,6,13,3,2,10,32,1,3,44,34,26.0,20.0,18.0,14.0,10.0,3.0,719,200,649.0,136.0,306,75,343,61,30.0,24.0,6.0,2.0,0.48,0.9,0.24,0.25,0.23,0.65,0.48,0.9,0.14,0.93,0,2,4,2,1,1,6,2,1,0,0.0,0.6235,0.2246,0.2072,0.0435,0.0186,0.1868,0.0509,0.0244,0.0,8,4,0,0,3,0,1,3,0,0,0.2449,0.2509,0.0,0.0,0.2135,0.0,0.0208,0.6493,0.0,0.0,12,7,20.23,14.77
4436463,2024-10-05,bra,2024,Brasileirao,29,Rafael Rodrigo Klein,7877,Bahia,9770,Flamengo,1,0,2,46,54,9,14,2,7,5,4,2,3,0,1,6,9,3,5,3,7,2,4,2,2,9,30,20,11,5,4,1,0,3,4,15,15,19,12,3,2,19,6,5,2,48,50,35.0,40.0,13.0,10.0,9.0,7.0,463,535,381.0,454.0,244,213,137,241,22.0,24.0,4.0,3.0,0.82,2.5,0.35,1.71,0.46,0.0,0.82,1.71,0.21,2.98,1,1,5,5,0,3,2,3,1,2,0.3715,0.422,0.351,1.8682,0.0,0.0949,0.0631,0.2069,0.0339,0.0446,6,13,1,0,2,0,0,0,0,1,0.3113,1.8482,0.0437,0.0,0.4646,0.0,0.0,0.0,0.0,0.7884,9,14,14.9,16.58
4436463,2024-10-05,bra,2024,Brasileirao,29,Rafael Rodrigo Klein,9770,Flamengo,7877,Bahia,0,2,0,54,46,14,9,7,2,4,5,3,2,1,0,9,6,5,3,7,3,4,2,2,2,30,9,11,20,4,5,0,1,4,3,15,15,12,19,2,3,6,19,2,5,50,48,40.0,35.0,10.0,13.0,7.0,9.0,535,463,454.0,381.0,213,244,241,137,24.0,22.0,3.0,4.0,2.5,0.82,1.71,0.35,0.0,0.46,1.71,0.82,2.98,0.21,1,1,5,5,3,0,3,2,2,1,0.422,0.3715,1.8682,0.351,0.0949,0.0,0.2069,0.0631,0.0446,0.0339,13,6,0,1,0,2,0,0,1,0,1.8482,0.3113,0.0,0.0437,0.0,0.4646,0.0,0.0,0.7884,0.0,14,9,16.58,14.9
4436477,2024-10-05,bra,2024,Brasileirao,29,Davi de Oliveira Lacerda,9769,Gremio,8287,Fortaleza,1,3,1,38,62,16,7,6,5,5,2,5,0,1,0,10,4,6,3,10,2,3,1,2,1,25,10,11,9,2,2,1,1,2,1,14,16,10,9,0,6,17,19,4,2,43,46,29.0,36.0,14.0,10.0,6.0,10.0,340,584,261.0,493.0,140,276,121,217,24.0,45.0,7.0,2.0,1.69,0.32,1.64,0.32,0.05,0.0,1.69,0.32,1.8,1.01,2,0,5,1,3,3,6,2,0,1,0.4402,0.0,1.0192,0.1534,0.0912,0.1161,0.1818,0.042,0.0,0.0124,13,6,1,1,1,0,1,0,0,0,1.1293,0.2947,0.5494,0.0293,0.0402,0.0,0.0135,0.0,0.0,0.0,16,7,17.01,20.51
4436477,2024-10-05,bra,2024,Brasileirao,29,Davi de Oliveira Lacerda,8287,Fortaleza,9769,Gremio,0,1,3,62,38,7,16,5,6,2,5,0,5,0,1,4,10,3,6,2,10,1,3,1,2,10,25,9,11,2,2,1,1,1,2,16,14,9,10,6,0,19,17,2,4,46,43,36.0,29.0,10.0,14.0,10.0,6.0,584,340,493.0,261.0,276,140,217,121,45.0,24.0,2.0,7.0,0.32,1.69,0.32,1.64,0.0,0.05,0.32,1.69,1.01,1.8,0,2,1,5,3,3,2,6,1,0,0.0,0.4402,0.1534,1.0192,0.1161,0.0912,0.042,0.1818,0.0124,0.0,6,13,1,1,0,1,0,1,0,0,0.2947,1.1293,0.0293,0.5494,0.0,0.0402,0.0,0.0135,0.0,0.0,7,16,20.51,17.01
4436478,2024-10-05,bra,2024,Brasileirao,29,Matheus Delgado Candançan,10272,Atletico MG,7733,Vitoria,1,2,2,56,44,14,9,3,3,8,5,3,1,1,1,6,6,8,3,2,5,1,1,0,1,26,17,13,14,1,0,1,0,1,3,10,17,8,6,1,3,18,14,1,1,54,54,32.0,39.0,22.0,15.0,8.0,10.0,492,377,416.0,309.0,270,130,146,179,35.0,23.0,4.0,3.0,1.0,0.96,0.79,0.68,0.21,0.28,1.0,0.96,1.59,1.9,1,0,4,4,1,2,6,2,2,1,0.1869,0.0,0.5242,0.6883,0.0221,0.1126,0.2623,0.1535,0.0373,0.0106,11,4,0,1,3,1,0,3,0,0,0.8478,0.3364,0.0,0.3466,0.185,0.1049,0.0,0.177,0.0,0.0,14,9,18.72,16.39
4436478,2024-10-05,bra,2024,Brasileirao,29,Matheus Delgado Candançan,7733,Vitoria,10272,Atletico MG,0,2,2,44,56,9,14,3,3,5,8,1,3,1,1,6,6,3,8,5,2,1,1,1,0,17,26,14,13,0,1,0,1,3,1,17,10,6,8,3,1,14,18,1,1,54,54,39.0,32.0,15.0,22.0,10.0,8.0,377,492,309.0,416.0,130,270,179,146,23.0,35.0,3.0,4.0,0.96,1.0,0.68,0.79,0.28,0.21,0.96,1.0,1.9,1.59,0,1,4,4,2,1,2,6,1,2,0.0,0.1869,0.6883,0.5242,0.1126,0.0221,0.1535,0.2623,0.0106,0.0373,4,11,1,0,1,3,3,0,0,0,0.3364,0.8478,0.3466,0.0,0.1049,0.185,0.177,0.0,0.0,0.0,9,14,16.39,18.72
4436446,2024-10-06,bra,2024,Brasileirao,29,Caio Max Augusto Vieira,10276,Vasco da Gama,10274,Juventude,1,1,1,54,46,16,17,3,5,6,7,7,5,0,1,8,13,8,4,3,6,0,3,0,2,18,35,14,13,1,3,1,0,3,1,21,20,9,11,5,7,27,14,4,2,63,60,37.0,42.0,26.0,18.0,6.0,8.0,403,325,318.0,241.0,173,119,145,122,26.0,31.0,5.0,7.0,1.24,1.55,0.75,1.04,0.49,0.51,1.24,1.55,0.73,1.66,2,2,4,7,2,4,8,1,0,3,0.4069,0.2688,0.4264,1.0007,0.1323,0.1198,0.2788,0.0481,0.0,0.1172,13,10,1,1,1,1,1,5,0,0,0.7675,1.0662,0.0699,0.021,0.0274,0.2172,0.3796,0.2503,0.0,0.0,16,17,17.7,16.26
4436446,2024-10-06,bra,2024,Brasileirao,29,Caio Max Augusto Vieira,10274,Juventude,10276,Vasco da Gama,0,1,1,46,54,17,16,5,3,7,6,5,7,1,0,13,8,4,8,6,3,3,0,2,0,35,18,13,14,3,1,0,1,1,3,20,21,11,9,7,5,14,27,2,4,60,63,42.0,37.0,18.0,26.0,8.0,6.0,325,403,241.0,318.0,119,173,122,145,31.0,26.0,7.0,5.0,1.55,1.24,1.04,0.75,0.51,0.49,1.55,1.24,1.66,0.73,2,2,7,4,4,2,1,8,3,0,0.2688,0.4069,1.0007,0.4264,0.1198,0.1323,0.0481,0.2788,0.1172,0.0,10,13,1,1,1,1,5,1,0,0,1.0662,0.7675,0.021,0.0699,0.2172,0.0274,0.2503,0.3796,0.0,0.0,17,16,16.26,17.7
4436250,2024-10-09,bra,2024,Brasileirao,6,Luiz Flávio de Oliveira,10272,Atletico MG,9769,Gremio,1,2,1,44,56,14,14,5,4,7,5,2,5,2,0,8,7,6,7,4,10,3,1,1,0,23,33,15,7,4,3,0,0,0,1,21,16,5,6,5,2,29,10,3,3,47,59,33.0,44.0,14.0,15.0,6.0,15.0,368,448,311.0,385.0,142,168,169,217,34.0,13.0,3.0,5.0,1.83,1.4,1.01,0.85,0.03,0.55,1.04,1.4,1.41,1.47,0,0,6,7,2,0,2,6,4,1,0.0,0.0,1.6227,1.1397,0.1193,0.0,0.029,0.2427,0.0751,0.0221,11,6,0,1,1,4,1,3,1,0,1.03,0.325,0.0,0.5246,0.017,0.3695,0.0107,0.1854,0.7884,0.0,14,14,20.02,17.56
4436250,2024-10-09,bra,2024,Brasileirao,6,Luiz Flávio de Oliveira,9769,Gremio,10272,Atletico MG,0,1,2,56,44,14,14,4,5,5,7,5,2,0,2,7,8,7,6,10,4,1,3,0,1,33,23,7,15,3,4,0,0,1,0,16,21,6,5,2,5,10,29,3,3,59,47,44.0,33.0,15.0,14.0,15.0,6.0,448,368,385.0,311.0,168,142,217,169,13.0,34.0,5.0,3.0,1.4,1.83,0.85,1.01,0.55,0.03,1.4,1.04,1.47,1.41,0,0,7,6,0,2,6,2,1,4,0.0,0.0,1.1397,1.6227,0.0,0.1193,0.2427,0.029,0.0221,0.0751,6,11,1,0,4,1,3,1,0,1,0.325,1.03,0.5246,0.0,0.3695,0.017,0.1854,0.0107,0.0,0.7884,14,14,17.56,20.02
4436455,2024-10-17,bra,2024,Brasileirao,30,Raphael Claus,9770,Flamengo,9863,Fluminense,1,0,2,60,40,20,12,5,3,7,3,8,6,1,0,14,7,6,5,5,1,4,3,4,1,37,19,15,15,1,3,0,0,3,1,19,21,5,4,6,8,13,35,1,5,65,51,43.0,45.0,22.0,6.0,10.0,9.0,517,350,436.0,274.0,184,141,252,133,18.0,19.0,8.0,1.0,1.53,2.02,1.33,1.16,0.2,0.07,1.53,1.23,0.79,2.67,1,0,11,7,2,0,4,5,2,0,0.556,0.0,0.7971,1.6667,0.0359,0.0,0.0916,0.1147,0.051,0.0,17,8,0,1,2,2,1,0,0,1,1.327,0.8177,0.0,0.0816,0.1688,0.0936,0.0358,0.0,0.0,0.7884,20,12,17.19,18.13
4436455,2024-10-17,bra,2024,Brasileirao,30,Raphael Claus,9863,Fluminense,9770,Flamengo,0,2,0,40,60,12,20,3,5,3,7,6,8,0,1,7,14,5,6,1,5,3,4,1,4,19,37,15,15,3,1,0,0,1,3,21,19,4,5,8,6,35,13,5,1,51,65,45.0,43.0,6.0,22.0,9.0,10.0,350,517,274.0,436.0,141,184,133,252,19.0,18.0,1.0,8.0,2.02,1.53,1.16,1.33,0.07,0.2,1.23,1.53,2.67,0.79,0,1,7,11,0,2,5,4,0,2,0.0,0.556,1.6667,0.7971,0.0,0.0359,0.1147,0.0916,0.0,0.051,8,17,1,0,2,2,0,1,1,0,0.8177,1.327,0.0816,0.0,0.0936,0.1688,0.0,0.0358,0.7884,0.0,12,20,18.13,17.19
4436457,2024-10-17,bra,2024,Brasileirao,30,Wilton Pereira Sampaio,9808,Corinthians,10273,Athletico Paranaense,1,5,2,61,39,14,22,8,6,4,12,2,4,0,0,9,13,5,9,3,8,2,2,0,1,21,24,9,7,4,3,0,0,0,2,24,18,7,13,4,2,16,12,4,4,51,51,43.0,35.0,8.0,16.0,12.0,11.0,565,343,478.0,276.0,286,117,192,159,27.0,38.0,2.0,9.0,1.9,1.56,0.91,0.8,0.99,0.76,1.9,1.56,3.42,2.24,2,2,6,9,1,2,4,8,1,1,0.917,0.2985,0.8544,0.8202,0.0228,0.0231,0.1059,0.3795,0.0123,0.0402,8,14,1,0,3,6,2,2,0,0,0.5954,0.8048,0.3102,0.0,0.9507,0.7301,0.056,0.0267,0.0,0.0,14,22,16.98,15.29
4436457,2024-10-17,bra,2024,Brasileirao,30,Wilton Pereira Sampaio,10273,Athletico Paranaense,9808,Corinthians,0,2,5,39,61,22,14,6,8,12,4,4,2,0,0,13,9,9,5,8,3,2,2,1,0,24,21,7,9,3,4,0,0,2,0,18,24,13,7,2,4,12,16,4,4,51,51,35.0,43.0,16.0,8.0,11.0,12.0,343,565,276.0,478.0,117,286,159,192,38.0,27.0,9.0,2.0,1.56,1.9,0.8,0.91,0.76,0.99,1.56,1.9,2.24,3.42,2,2,9,6,2,1,8,4,1,1,0.2985,0.917,0.8202,0.8544,0.0231,0.0228,0.3795,0.1059,0.0402,0.0123,14,8,0,1,6,3,2,2,0,0,0.8048,0.5954,0.0,0.3102,0.7301,0.9507,0.0267,0.056,0.0,0.0,22,14,15.29,16.98
4436458,2024-10-17,bra,2024,Brasileirao,30,Davi de Oliveira Lacerda,10277,Sao Paulo,10276,Vasco da Gama,1,3,0,48,52,14,9,6,3,6,4,2,2,0,0,8,7,6,2,3,5,3,1,1,1,28,16,8,6,1,0,0,0,1,1,14,13,8,6,2,2,22,13,3,4,48,36,26.0,27.0,22.0,9.0,7.0,6.0,415,440,353.0,369.0,217,197,136,172,19.0,35.0,3.0,4.0,1.31,1.04,1.13,0.9,0.17,0.14,1.31,1.04,1.35,1.25,2,0,2,6,4,1,4,1,2,1,0.5905,0.0,0.2097,0.9062,0.2223,0.0178,0.2191,0.0353,0.0637,0.0102,10,8,2,0,2,1,0,0,0,0,0.9571,0.827,0.1755,0.0,0.1727,0.1425,0.0,0.0,0.0,0.0,14,9,18.57,16.35
4436458,2024-10-17,bra,2024,Brasileirao,30,Davi de Oliveira Lacerda,10276,Vasco da Gama,10277,Sao Paulo,0,0,3,52,48,9,14,3,6,4,6,2,2,0,0,7,8,2,6,5,3,1,3,1,1,16,28,6,8,0,1,0,0,1,1,13,14,6,8,2,2,13,22,4,3,36,48,27.0,26.0,9.0,22.0,6.0,7.0,440,415,369.0,353.0,197,217,172,136,35.0,19.0,4.0,3.0,1.04,1.31,0.9,1.13,0.14,0.17,1.04,1.31,1.25,1.35,0,2,6,2,1,4,1,4,1,2,0.0,0.5905,0.9062,0.2097,0.0178,0.2223,0.0353,0.2191,0.0102,0.0637,8,10,0,2,1,2,0,0,0,0,0.827,0.9571,0.0,0.1755,0.1425,0.1727,0.0,0.0,0.0,0.0,9,14,16.35,18.57
4436459,2024-10-17,bra,2024,Brasileirao,30,Rafael Rodrigo Klein,8287,Fortaleza,10272,Atletico MG,1,1,1,46,54,14,18,1,5,8,9,5,4,0,2,5,10,9,8,7,3,1,1,1,1,15,25,9,10,2,3,2,0,0,3,15,16,5,7,4,5,19,20,4,0,39,44,31.0,31.0,8.0,13.0,6.0,6.0,380,446,307.0,391.0,133,208,174,183,31.0,24.0,3.0,7.0,0.69,1.37,0.59,1.12,0.1,0.25,0.69,1.37,0.49,1.14,1,0,3,7,1,3,6,6,3,2,0.0349,0.0,0.3959,1.0079,0.0257,0.0831,0.155,0.2507,0.0746,0.0537,10,14,0,0,2,1,2,3,0,0,0.5895,1.1436,0.0,0.0,0.0489,0.0541,0.0476,0.1976,0.0,0.0,14,18,21.69,19.34
4436459,2024-10-17,bra,2024,Brasileirao,30,Rafael Rodrigo Klein,10272,Atletico MG,8287,Fortaleza,0,1,1,54,46,18,14,5,1,9,8,4,5,2,0,10,5,8,9,3,7,1,1,1,1,25,15,10,9,3,2,0,2,3,0,16,15,7,5,5,4,20,19,0,4,44,39,31.0,31.0,13.0,8.0,6.0,6.0,446,380,391.0,307.0,208,133,183,174,24.0,31.0,7.0,3.0,1.37,0.69,1.12,0.59,0.25,0.1,1.37,0.69,1.14,0.49,0,1,7,3,3,1,6,6,2,3,0.0,0.0349,1.0079,0.3959,0.0831,0.0257,0.2507,0.155,0.0537,0.0746,14,10,0,0,1,2,3,2,0,0,1.1436,0.5895,0.0,0.0,0.0541,0.0489,0.1976,0.0476,0.0,0.0,18,14,19.34,21.69
4436456,2024-10-18,bra,2024,Brasileirao,30,Matheus Delgado Candançan,8517,Botafogo RJ,7729,Criciuma,1,1,1,73,27,25,6,7,3,8,3,10,0,1,0,17,3,8,3,9,1,4,0,3,0,40,5,12,10,1,2,0,0,1,2,15,18,5,11,0,9,11,41,2,6,56,54,38.0,31.0,18.0,23.0,14.0,2.0,690,258,605.0,178.0,204,97,401,81,18.0,21.0,11.0,2.0,2.58,0.27,1.74,0.25,0.85,0.03,2.58,0.27,2.74,0.81,3,0,12,1,2,2,6,3,2,0,0.7159,0.0,1.4593,0.1623,0.0924,0.0579,0.2551,0.0669,0.0609,0.0,15,4,1,1,6,0,3,1,0,0,1.7021,0.2302,0.0342,0.0311,0.6511,0.0,0.1962,0.0257,0.0,0.0,25,6,15.74,18.37
4436456,2024-10-18,bra,2024,Brasileirao,30,Matheus Delgado Candançan,7729,Criciuma,8517,Botafogo RJ,0,1,1,27,73,6,25,3,7,3,8,0,10,0,1,3,17,3,8,1,9,0,4,0,3,5,40,10,12,2,1,0,0,2,1,18,15,11,5,9,0,41,11,6,2,54,56,31.0,38.0,23.0,18.0,2.0,14.0,258,690,178.0,605.0,97,204,81,401,21.0,18.0,2.0,11.0,0.27,2.58,0.25,1.74,0.03,0.85,0.27,2.58,0.81,2.74,0,3,1,12,2,2,3,6,0,2,0.0,0.7159,0.1623,1.4593,0.0579,0.0924,0.0669,0.2551,0.0,0.0609,4,15,1,1,0,6,1,3,0,0,0.2302,1.7021,0.0311,0.0342,0.0,0.6511,0.0257,0.1962,0.0,0.0,6,25,18.37,15.74
4436460,2024-10-18,bra,2024,Brasileirao,30,Braulio da Silva Machado,165545,Atletico GO,197815,Cuiaba,1,0,0,60,40,16,6,4,0,7,2,5,4,1,0,8,3,8,3,8,4,0,0,0,0,26,9,17,15,2,3,0,0,0,1,13,18,7,12,4,5,12,36,0,4,57,55,39.0,40.0,18.0,15.0,12.0,8.0,466,324,397.0,235.0,146,136,251,99,29.0,20.0,6.0,1.0,1.16,0.44,0.94,0.29,0.22,0.15,1.16,0.44,1.05,0.0,2,0,4,3,2,0,5,3,3,0,0.3459,0.0,0.3971,0.2549,0.1627,0.0,0.1637,0.1824,0.0908,0.0,10,4,1,0,5,1,0,1,0,0,0.8062,0.29,0.1321,0.0,0.222,0.0578,0.0,0.0896,0.0,0.0,16,6,17.86,17.61
4436460,2024-10-18,bra,2024,Brasileirao,30,Braulio da Silva Machado,197815,Cuiaba,165545,Atletico GO,0,0,0,40,60,6,16,0,4,2,7,4,5,0,1,3,8,3,8,4,8,0,0,0,0,9,26,15,17,3,2,0,0,1,0,18,13,12,7,5,4,36,12,4,0,55,57,40.0,39.0,15.0,18.0,8.0,12.0,324,466,235.0,397.0,136,146,99,251,20.0,29.0,1.0,6.0,0.44,1.16,0.29,0.94,0.15,0.22,0.44,1.16,0.0,1.05,0,2,3,4,0,2,3,5,0,3,0.0,0.3459,0.2549,0.3971,0.0,0.1627,0.1824,0.1637,0.0,0.0908,4,10,0,1,1,5,1,0,0,0,0.29,0.8062,0.0,0.1321,0.0578,0.222,0.0896,0.0,0.0,0.0,6,16,17.61,17.86
4436445,2024-10-19,bra,2024,Brasileirao,30,Denis Ribeiro Serafim,7733,Vitoria,109705,Red Bull Bragantino,1,1,0,50,50,11,9,3,1,5,7,3,1,0,0,7,7,4,2,5,5,2,1,1,1,19,19,15,8,2,1,0,0,2,0,14,14,10,7,2,3,22,24,0,2,46,46,30.0,32.0,16.0,14.0,8.0,4.0,395,403,329.0,324.0,153,158,176,166,32.0,22.0,6.0,4.0,1.29,0.79,0.82,0.58,0.47,0.21,1.29,0.79,1.5,0.0,1,0,4,4,2,3,1,1,3,1,0.1436,0.0,0.9531,0.6952,0.1117,0.0676,0.0204,0.0161,0.0596,0.0136,8,7,0,0,2,0,1,2,0,0,0.8323,0.5823,0.0,0.0,0.3124,0.0,0.1436,0.2103,0.0,0.0,11,9,16.42,17.53
4436445,2024-10-19,bra,2024,Brasileirao,30,Denis Ribeiro Serafim,109705,Red Bull Bragantino,7733,Vitoria,0,0,1,50,50,9,11,1,3,7,5,1,3,0,0,7,7,2,4,5,5,1,2,1,1,19,19,8,15,1,2,0,0,0,2,14,14,7,10,3,2,24,22,2,0,46,46,32.0,30.0,14.0,16.0,4.0,8.0,403,395,324.0,329.0,158,153,166,176,22.0,32.0,4.0,6.0,0.79,1.29,0.58,0.82,0.21,0.47,0.79,1.29,0.0,1.5,0,1,4,4,3,2,1,1,1,3,0.0,0.1436,0.6952,0.9531,0.0676,0.1117,0.0161,0.0204,0.0136,0.0596,7,8,0,0,0,2,2,1,0,0,0.5823,0.8323,0.0,0.0,0.0,0.3124,0.2103,0.1436,0.0,0.0,9,11,17.53,16.42
4436452,2024-10-19,bra,2024,Brasileirao,30,Bruno Arleu de Araújo,8702,Internacional,9769,Gremio,1,1,0,64,36,18,9,6,7,6,1,6,1,0,0,12,9,6,0,3,6,4,0,3,0,36,17,14,15,1,3,0,0,1,1,14,17,15,9,1,5,15,13,7,5,60,59,33.0,41.0,27.0,18.0,6.0,10.0,495,278,412.0,187.0,189,93,223,94,14.0,13.0,3.0,6.0,1.84,0.52,1.38,0.37,0.46,0.16,1.84,0.52,1.32,0.75,3,0,6,7,3,2,5,0,1,0,1.2033,0.0,0.3316,0.4657,0.188,0.0586,0.1081,0.0,0.0153,0.0,12,6,0,0,4,3,2,0,0,0,1.4521,0.3679,0.0,0.0,0.3035,0.1564,0.0907,0.0,0.0,0.0,18,9,16.58,12.77
4436452,2024-10-19,bra,2024,Brasileirao,30,Bruno Arleu de Araújo,9769,Gremio,8702,Internacional,0,0,1,36,64,9,18,7,6,1,6,1,6,0,0,9,12,0,6,6,3,0,4,0,3,17,36,15,14,3,1,0,0,1,1,17,14,9,15,5,1,13,15,5,7,59,60,41.0,33.0,18.0,27.0,10.0,6.0,278,495,187.0,412.0,93,189,94,223,13.0,14.0,6.0,3.0,0.52,1.84,0.37,1.38,0.16,0.46,0.52,1.84,0.75,1.32,0,3,7,6,2,3,0,5,0,1,0.0,1.2033,0.4657,0.3316,0.0586,0.188,0.0,0.1081,0.0,0.0153,6,12,0,0,3,4,0,2,0,0,0.3679,1.4521,0.0,0.0,0.1564,0.3035,0.0,0.0907,0.0,0.0,9,18,12.77,16.58
4436453,2024-10-19,bra,2024,Brasileirao,30,Flavio Rodrigues De Souza,9781,Cruzeiro,7877,Bahia,1,1,1,49,51,11,10,3,4,7,6,1,0,0,0,6,8,5,2,5,7,3,1,2,0,17,21,10,8,1,2,0,0,2,5,7,11,6,10,0,1,17,16,3,2,27,39,19.0,27.0,8.0,12.0,4.0,7.0,402,425,337.0,357.0,190,215,147,142,14.0,28.0,4.0,5.0,1.23,1.29,0.86,1.16,0.37,0.12,1.23,1.29,1.05,1.56,0,1,5,5,1,2,4,1,1,1,0.0,0.2941,0.7775,0.8338,0.1634,0.1636,0.2909,0.0125,0.0121,0.0169,7,5,0,3,2,2,2,0,0,0,0.9372,0.7383,0.0,0.4577,0.0328,0.1249,0.2738,0.0,0.0,0.0,11,10,16.56,15.3
4436453,2024-10-19,bra,2024,Brasileirao,30,Flavio Rodrigues De Souza,7877,Bahia,9781,Cruzeiro,0,1,1,51,49,10,11,4,3,6,7,0,1,0,0,8,6,2,5,7,5,1,3,0,2,21,17,8,10,2,1,0,0,5,2,11,7,10,6,1,0,16,17,2,3,39,27,27.0,19.0,12.0,8.0,7.0,4.0,425,402,357.0,337.0,215,190,142,147,28.0,14.0,5.0,4.0,1.29,1.23,1.16,0.86,0.12,0.37,1.29,1.23,1.56,1.05,1,0,5,5,2,1,1,4,1,1,0.2941,0.0,0.8338,0.7775,0.1636,0.1634,0.0125,0.2909,0.0169,0.0121,5,7,3,0,2,2,0,2,0,0,0.7383,0.9372,0.4577,0.0,0.1249,0.0328,0.0,0.2738,0.0,0.0,10,11,15.3,16.56
4436461,2024-10-20,bra,2024,Brasileirao,30,Alex Gomes Stefano,10274,Juventude,10283,Palmeiras,1,3,5,53,47,25,14,6,7,13,2,6,5,1,0,16,8,9,6,7,5,3,4,2,1,26,16,15,19,2,5,0,0,1,5,23,20,8,6,5,6,8,30,2,3,66,53,50.0,38.0,16.0,15.0,9.0,4.0,342,329,286.0,266.0,136,158,150,108,34.0,38.0,10.0,2.0,2.22,2.65,0.58,2.49,1.64,0.15,2.22,2.65,2.46,3.49,3,1,9,4,4,3,6,4,3,2,1.0653,0.7026,0.8728,1.4876,0.1101,0.1004,0.1255,0.2109,0.0452,0.077,14,7,1,3,6,2,4,2,0,0,0.4969,1.857,0.1073,0.5715,1.3904,0.0731,0.2243,0.077,0.0,0.0,25,14,18.02,18.18
4436461,2024-10-20,bra,2024,Brasileirao,30,Alex Gomes Stefano,10283,Palmeiras,10274,Juventude,0,5,3,47,53,14,25,7,6,2,13,5,6,0,1,8,16,6,9,5,7,4,3,1,2,16,26,19,15,5,2,0,0,5,1,20,23,6,8,6,5,30,8,3,2,53,66,38.0,50.0,15.0,16.0,4.0,9.0,329,342,266.0,286.0,158,136,108,150,38.0,34.0,2.0,10.0,2.65,2.22,2.49,0.58,0.15,1.64,2.65,2.22,3.49,2.46,1,3,4,9,3,4,4,6,2,3,0.7026,1.0653,1.4876,0.8728,0.1004,0.1101,0.2109,0.1255,0.077,0.0452,7,14,3,1,2,6,2,4,0,0,1.857,0.4969,0.5715,0.1073,0.0731,1.3904,0.077,0.2243,0.0,0.0,14,25,18.18,18.02
4436320,2024-10-22,bra,2024,Brasileirao,17,Braulio da Silva Machado,9863,Fluminense,10273,Athletico Paranaense,1,1,0,76,24,14,6,5,2,4,3,5,1,0,0,9,2,5,4,5,3,2,1,1,1,19,13,9,15,3,4,0,0,1,1,15,22,5,9,1,4,12,32,2,4,58,57,39.0,38.0,19.0,19.0,12.0,8.0,727,233,654.0,159.0,255,84,399,75,26.0,23.0,2.0,2.0,1.6,0.57,1.35,0.4,0.25,0.17,1.6,0.57,1.26,0.95,2,0,5,2,2,1,3,2,2,1,0.81,0.0,0.5068,0.4161,0.0615,0.0518,0.1725,0.0228,0.0503,0.0161,10,3,0,1,2,2,2,0,0,0,1.3469,0.3297,0.0,0.0518,0.1035,0.1252,0.1506,0.0,0.0,0.0,14,6,16.21,21.29
4436320,2024-10-22,bra,2024,Brasileirao,17,Braulio da Silva Machado,10273,Athletico Paranaense,9863,Fluminense,0,0,1,24,76,6,14,2,5,3,4,1,5,0,0,2,9,4,5,3,5,1,2,1,1,13,19,15,9,4,3,0,0,1,1,22,15,9,5,4,1,32,12,4,2,57,58,38.0,39.0,19.0,19.0,8.0,12.0,233,727,159.0,654.0,84,255,75,399,23.0,26.0,2.0,2.0,0.57,1.6,0.4,1.35,0.17,0.25,0.57,1.6,0.95,1.26,0,2,2,5,1,2,2,3,1,2,0.0,0.81,0.4161,0.5068,0.0518,0.0615,0.0228,0.1725,0.0161,0.0503,3,10,1,0,2,2,0,2,0,0,0.3297,1.3469,0.0518,0.0,0.1252,0.1035,0.0,0.1506,0.0,0.0,6,14,21.29,16.21
4436384,2024-10-24,bra,2024,Brasileirao,19,Wilton Pereira Sampaio,10276,Vasco da Gama,197815,Cuiaba,1,1,0,49,51,13,13,2,2,4,10,7,1,0,0,8,5,5,8,3,2,2,0,1,0,19,12,16,14,2,1,0,0,0,1,20,26,10,6,1,6,28,16,2,1,51,69,41.0,54.0,10.0,15.0,8.0,13.0,393,409,308.0,333.0,176,160,132,173,37.0,14.0,3.0,3.0,0.8,0.57,0.24,0.44,0.56,0.13,0.8,0.57,0.39,0.1,0,0,7,2,1,3,2,5,3,3,0.0,0.0,0.6608,0.1801,0.047,0.182,0.0361,0.1459,0.0573,0.0635,7,12,0,0,4,1,2,0,0,0,0.2437,0.444,0.0,0.0,0.4799,0.1274,0.0776,0.0,0.0,0.0,13,13,17.65,21.2
4436384,2024-10-24,bra,2024,Brasileirao,19,Wilton Pereira Sampaio,197815,Cuiaba,10276,Vasco da Gama,0,0,1,51,49,13,13,2,2,10,4,1,7,0,0,5,8,8,5,2,3,0,2,0,1,12,19,14,16,1,2,0,0,1,0,26,20,6,10,6,1,16,28,1,2,69,51,54.0,41.0,15.0,10.0,13.0,8.0,409,393,333.0,308.0,160,176,173,132,14.0,37.0,3.0,3.0,0.57,0.8,0.44,0.24,0.13,0.56,0.57,0.8,0.1,0.39,0,0,2,7,3,1,5,2,3,3,0.0,0.0,0.1801,0.6608,0.182,0.047,0.1459,0.0361,0.0635,0.0573,12,7,0,0,1,4,0,2,0,0,0.444,0.2437,0.0,0.0,0.1274,0.4799,0.0,0.0776,0.0,0.0,13,13,21.2,17.65
4436462,2024-10-26,bra,2024,Brasileirao,31,Edina Alves Batista,9769,Gremio,165545,Atletico GO,1,3,1,48,52,11,13,5,5,3,4,3,4,0,0,9,5,2,8,4,3,2,2,1,1,25,15,14,18,2,5,0,0,0,0,14,26,8,6,4,3,15,9,4,3,53,56,42.0,49.0,11.0,7.0,11.0,10.0,379,396,323.0,341.0,147,149,176,192,11.0,19.0,1.0,4.0,1.97,1.46,1.9,0.48,0.08,0.2,1.97,0.67,2.69,1.74,1,1,6,3,2,1,1,4,1,4,0.8824,0.7161,0.9233,1.1089,0.1175,0.0486,0.0106,0.1535,0.0397,0.0776,7,7,2,1,1,3,1,1,0,1,1.3205,0.5195,0.5778,0.0222,0.0106,0.0585,0.0646,0.7161,0.0,0.7884,11,13,13.64,18.99
4436462,2024-10-26,bra,2024,Brasileirao,31,Edina Alves Batista,165545,Atletico GO,9769,Gremio,0,1,3,52,48,13,11,5,5,4,3,4,3,0,0,5,9,8,2,3,4,2,2,1,1,15,25,18,14,5,2,0,0,0,0,26,14,6,8,3,4,9,15,3,4,56,53,49.0,42.0,7.0,11.0,10.0,11.0,396,379,341.0,323.0,149,147,192,176,19.0,11.0,4.0,1.0,1.46,1.97,0.48,1.9,0.2,0.08,0.67,1.97,1.74,2.69,1,1,3,6,1,2,4,1,4,1,0.7161,0.8824,1.1089,0.9233,0.0486,0.1175,0.1535,0.0106,0.0776,0.0397,7,7,1,2,3,1,1,1,1,0,0.5195,1.3205,0.0222,0.5778,0.0585,0.0106,0.7161,0.0646,0.7884,0.0,13,11,18.99,13.64
4436479,2024-10-26,bra,2024,Brasileirao,31,Flavio Rodrigues De Souza,7733,Vitoria,9863,Fluminense,1,2,1,50,50,12,11,3,4,5,3,4,4,0,2,7,6,5,5,7,5,2,1,0,1,19,21,15,7,4,2,0,0,2,2,21,19,13,4,4,4,13,25,4,1,47,51,34.0,41.0,13.0,10.0,6.0,7.0,394,426,339.0,363.0,148,214,191,149,23.0,12.0,7.0,1.0,1.4,0.62,0.27,0.45,0.34,0.16,0.61,0.62,1.85,1.12,1,0,4,2,2,4,4,4,1,1,0.225,0.0,0.9512,0.2703,0.0739,0.1742,0.1232,0.1333,0.0229,0.0146,7,7,0,1,1,2,3,1,1,0,0.2695,0.3997,0.0,0.0285,0.0451,0.028,0.2932,0.1362,0.7884,0.0,12,11,19.17,19.37
4436479,2024-10-26,bra,2024,Brasileirao,31,Flavio Rodrigues De Souza,9863,Fluminense,7733,Vitoria,0,1,2,50,50,11,12,4,3,3,5,4,4,2,0,6,7,5,5,5,7,1,2,1,0,21,19,7,15,2,4,0,0,2,2,19,21,4,13,4,4,25,13,1,4,51,47,41.0,34.0,10.0,13.0,7.0,6.0,426,394,363.0,339.0,214,148,149,191,12.0,23.0,1.0,7.0,0.62,1.4,0.45,0.27,0.16,0.34,0.62,0.61,1.12,1.85,0,1,2,4,4,2,4,4,1,1,0.0,0.225,0.2703,0.9512,0.1742,0.0739,0.1333,0.1232,0.0146,0.0229,7,7,1,0,2,1,1,3,0,1,0.3997,0.2695,0.0285,0.0,0.028,0.0451,0.1362,0.2932,0.0,0.7884,11,12,19.37,19.17
4436493,2024-10-26,bra,2024,Brasileirao,31,Marcelo de Lima Henrique,10272,Atletico MG,8702,Internacional,1,1,3,58,42,7,11,3,7,4,3,0,1,1,0,6,9,1,2,3,3,1,1,0,0,19,27,15,15,4,2,1,0,2,1,19,12,7,10,1,0,21,38,4,2,69,53,41.0,33.0,28.0,20.0,7.0,8.0,357,256,247.0,163.0,148,83,99,80,38.0,11.0,5.0,4.0,1.08,1.83,0.2,0.77,0.09,0.27,0.29,1.04,0.72,2.62,0,1,4,7,2,1,0,2,1,0,0.0,0.072,1.0525,1.3394,0.0588,0.0379,0.0,0.3807,0.0187,0.0,5,6,0,1,0,2,1,1,1,1,0.2069,0.4044,0.0,0.3645,0.0,0.0965,0.1347,0.1761,0.7884,0.7884,7,11,15.12,15.31
4436493,2024-10-26,bra,2024,Brasileirao,31,Marcelo de Lima Henrique,8702,Internacional,10272,Atletico MG,0,3,1,42,58,11,7,7,3,3,4,1,0,0,1,9,6,2,1,3,3,1,1,0,0,27,19,15,15,2,4,0,1,1,2,12,19,10,7,0,1,38,21,2,4,53,69,33.0,41.0,20.0,28.0,8.0,7.0,256,357,163.0,247.0,83,148,80,99,11.0,38.0,4.0,5.0,1.83,1.08,0.77,0.2,0.27,0.09,1.04,0.29,2.62,0.72,1,0,7,4,1,2,2,0,0,1,0.072,0.0,1.3394,1.0525,0.0379,0.0588,0.3807,0.0,0.0,0.0187,6,5,1,0,2,0,1,1,1,1,0.4044,0.2069,0.3645,0.0,0.0965,0.0,0.1761,0.1347,0.7884,0.7884,11,7,15.31,15.12
4436494,2024-10-26,bra,2024,Brasileirao,31,Braulio da Silva Machado,9770,Flamengo,10274,Juventude,1,4,2,74,26,20,5,10,3,7,2,3,0,1,0,13,5,7,0,8,1,4,1,2,0,44,11,8,14,3,3,0,1,2,1,13,19,8,9,0,3,6,22,1,6,52,34,38.0,30.0,14.0,4.0,12.0,3.0,618,211,552.0,152.0,198,111,354,41,18.0,17.0,4.0,2.0,2.53,0.62,1.46,0.37,0.27,0.24,1.74,0.62,3.57,0.84,1,0,8,3,4,2,6,0,1,0,0.1024,0.0,1.8162,0.3338,0.3372,0.2765,0.2749,0.0,0.0239,0.0,13,1,2,2,3,1,1,1,1,0,1.0228,0.0907,0.4709,0.2765,0.2201,0.0548,0.0523,0.1883,0.7884,0.0,20,5,16.17,13.3
4436494,2024-10-26,bra,2024,Brasileirao,31,Braulio da Silva Machado,10274,Juventude,9770,Flamengo,0,2,4,26,74,5,20,3,10,2,7,0,3,0,1,5,13,0,7,1,8,1,4,0,2,11,44,14,8,3,3,1,0,1,2,19,13,9,8,3,0,22,6,6,1,34,52,30.0,38.0,4.0,14.0,3.0,12.0,211,618,152.0,552.0,111,198,41,354,17.0,18.0,2.0,4.0,0.62,2.53,0.37,1.46,0.24,0.27,0.62,1.74,0.84,3.57,0,1,3,8,2,4,0,6,0,1,0.0,0.1024,0.3338,1.8162,0.2765,0.3372,0.0,0.2749,0.0,0.0239,1,13,2,2,1,3,1,1,0,1,0.0907,1.0228,0.2765,0.4709,0.0548,0.2201,0.1883,0.0523,0.0,0.7884,5,20,13.3,16.17
4436496,2024-10-26,bra,2024,Brasileirao,31,Ramon Abatti,10283,Palmeiras,8287,Fortaleza,1,2,2,60,40,16,11,6,3,5,6,5,2,0,1,10,5,6,6,3,3,5,2,3,1,26,10,9,17,1,5,0,0,0,0,12,15,2,10,2,3,18,18,1,4,49,43,36.0,29.0,13.0,14.0,10.0,7.0,482,326,401.0,245.0,191,148,210,97,35.0,14.0,2.0,3.0,3.72,0.79,1.39,0.64,0.75,0.15,2.15,0.79,2.36,0.82,2,0,7,3,1,2,3,4,3,2,0.7201,0.0,2.8247,0.727,0.0269,0.0452,0.0854,0.1397,0.0662,0.0176,10,6,1,2,0,2,3,1,2,0,0.8519,0.4996,0.5407,0.3088,0.0,0.1138,0.754,0.0074,1.5768,0.0,16,11,17.55,21.08
4436496,2024-10-26,bra,2024,Brasileirao,31,Ramon Abatti,8287,Fortaleza,10283,Palmeiras,0,2,2,40,60,11,16,3,6,6,5,2,5,1,0,5,10,6,6,3,3,2,5,1,3,10,26,17,9,5,1,0,0,0,0,15,12,10,2,3,2,18,18,4,1,43,49,29.0,36.0,14.0,13.0,7.0,10.0,326,482,245.0,401.0,148,191,97,210,14.0,35.0,3.0,2.0,0.79,3.72,0.64,1.39,0.15,0.75,0.79,2.15,0.82,2.36,0,2,3,7,2,1,4,3,2,3,0.0,0.7201,0.727,2.8247,0.0452,0.0269,0.1397,0.0854,0.0176,0.0662,6,10,2,1,2,0,1,3,0,2,0.4996,0.8519,0.3088,0.5407,0.1138,0.0,0.0074,0.754,0.0,1.5768,11,16,21.08,17.55
4436497,2024-10-26,bra,2024,Brasileirao,31,Anderson Daronco,109705,Red Bull Bragantino,8517,Botafogo RJ,1,0,1,38,62,6,19,1,5,2,9,3,5,0,1,2,12,4,7,3,6,0,4,0,3,7,25,13,17,1,1,0,0,1,3,14,17,13,4,6,3,25,13,3,1,49,64,36.0,42.0,13.0,22.0,5.0,13.0,275,444,199.0,359.0,105,185,94,174,28.0,27.0,1.0,7.0,0.15,1.31,0.06,0.76,0.08,0.55,0.15,1.31,0.07,0.96,0,5,2,5,0,2,3,4,1,3,0.0,0.7698,0.0701,0.3015,0.0,0.0634,0.0574,0.0991,0.0275,0.0994,2,8,0,1,3,7,1,3,0,0,0.0711,0.765,0.0,0.0184,0.0645,0.34,0.0195,0.2099,0.0,0.0,6,19,22.0,15.38
4436497,2024-10-26,bra,2024,Brasileirao,31,Anderson Daronco,8517,Botafogo RJ,109705,Red Bull Bragantino,0,1,0,62,38,19,6,5,1,9,2,5,3,1,0,12,2,7,4,6,3,4,0,3,0,25,7,17,13,1,1,0,0,3,1,17,14,4,13,3,6,13,25,1,3,64,49,42.0,36.0,22.0,13.0,13.0,5.0,444,275,359.0,199.0,185,105,174,94,27.0,28.0,7.0,1.0,1.31,0.15,0.76,0.06,0.55,0.08,1.31,0.15,0.96,0.07,5,0,5,2,2,0,4,3,3,1,0.7698,0.0,0.3015,0.0701,0.0634,0.0,0.0991,0.0574,0.0994,0.0275,8,2,1,0,7,3,3,1,0,0,0.765,0.0711,0.0184,0.0,0.34,0.0645,0.2099,0.0195,0.0,0.0,19,6,15.38,22.0
4436498,2024-10-26,bra,2024,Brasileirao,31,Rodrigo José Pereira de Lima,10273,Athletico Paranaense,9781,Cruzeiro,1,3,0,58,42,19,2,6,0,8,2,5,0,0,0,15,1,4,1,7,1,2,0,1,0,24,6,14,14,0,3,0,1,0,0,12,14,4,5,0,4,6,18,0,3,53,45,33.0,37.0,20.0,8.0,8.0,10.0,526,391,465.0,319.0,194,199,271,120,56.0,17.0,8.0,0.0,1.39,0.12,1.07,0.12,0.32,0.0,1.39,0.12,1.82,0.0,1,0,10,1,4,0,0,1,4,0,0.3716,0.0,0.8142,0.1014,0.1205,0.0,0.0,0.0169,0.0919,0.0,13,2,0,0,3,0,3,0,0,0,1.0741,0.1182,0.0,0.0,0.2106,0.0,0.1137,0.0,0.0,0.0,19,2,16.76,22.02
4436498,2024-10-26,bra,2024,Brasileirao,31,Rodrigo José Pereira de Lima,9781,Cruzeiro,10273,Athletico Paranaense,0,0,3,42,58,2,19,0,6,2,8,0,5,0,0,1,15,1,4,1,7,0,2,0,1,6,24,14,14,3,0,1,0,0,0,14,12,5,4,4,0,18,6,3,0,45,53,37.0,33.0,8.0,20.0,10.0,8.0,391,526,319.0,465.0,199,194,120,271,17.0,56.0,0.0,8.0,0.12,1.39,0.12,1.07,0.0,0.32,0.12,1.39,0.0,1.82,0,1,1,10,0,4,1,0,0,4,0.0,0.3716,0.1014,0.8142,0.0,0.1205,0.0169,0.0,0.0,0.0919,2,13,0,0,0,3,0,3,0,0,0.1182,1.0741,0.0,0.0,0.0,0.2106,0.0,0.1137,0.0,0.0,2,19,22.02,16.76
4436500,2024-10-27,bra,2024,Brasileirao,31,Rafael Rodrigo Klein,7729,Criciuma,10277,Sao Paulo,1,1,1,30,70,10,16,3,3,4,5,3,8,0,0,5,8,5,8,6,7,1,1,0,1,17,28,13,10,2,0,0,0,0,0,19,15,10,5,8,3,39,18,2,2,46,59,35.0,47.0,11.0,12.0,7.0,19.0,277,657,213.0,583.0,96,282,117,301,24.0,20.0,6.0,7.0,0.72,0.81,0.66,0.71,0.06,0.1,0.72,0.81,0.54,0.27,1,0,2,5,2,3,5,5,0,3,0.4254,0.0,0.1157,0.5664,0.1169,0.0885,0.117,0.1084,0.0,0.0494,8,13,0,0,2,3,0,0,0,0,0.6593,0.7084,0.0,0.0,0.1157,0.1043,0.0,0.0,0.0,0.0,10,16,18.82,20.39
4436500,2024-10-27,bra,2024,Brasileirao,31,Rafael Rodrigo Klein,10277,Sao Paulo,7729,Criciuma,0,1,1,70,30,16,10,3,3,5,4,8,3,0,0,8,5,8,5,7,6,1,1,1,0,28,17,10,13,0,2,0,0,0,0,15,19,5,10,3,8,18,39,2,2,59,46,47.0,35.0,12.0,11.0,19.0,7.0,657,277,583.0,213.0,282,96,301,117,20.0,24.0,7.0,6.0,0.81,0.72,0.71,0.66,0.1,0.06,0.81,0.72,0.27,0.54,0,1,5,2,3,2,5,5,3,0,0.0,0.4254,0.5664,0.1157,0.0885,0.1169,0.1084,0.117,0.0494,0.0,13,8,0,0,3,2,0,0,0,0,0.7084,0.6593,0.0,0.0,0.1043,0.1157,0.0,0.0,0.0,0.0,16,10,20.39,18.82
4436499,2024-10-28,bra,2024,Brasileirao,31,Bruno Arleu de Araújo,197815,Cuiaba,9808,Corinthians,1,0,1,56,44,13,9,5,3,5,2,3,4,0,1,4,6,9,3,5,2,0,2,0,1,15,14,14,16,5,2,0,0,1,5,14,21,10,8,4,3,8,26,2,5,42,52,33.0,42.0,9.0,10.0,5.0,8.0,443,351,380.0,291.0,215,127,165,164,33.0,20.0,2.0,2.0,0.33,1.26,0.22,0.34,0.11,0.13,0.33,0.47,0.89,0.91,0,0,3,4,1,2,4,2,5,1,0.0,0.0,0.1749,1.0548,0.0119,0.1038,0.0647,0.0822,0.0737,0.0158,10,5,0,0,2,1,1,2,0,1,0.2188,0.3369,0.0,0.0,0.0451,0.0148,0.0613,0.1165,0.0,0.7884,13,9,24.45,17.79
4436499,2024-10-28,bra,2024,Brasileirao,31,Bruno Arleu de Araújo,9808,Corinthians,197815,Cuiaba,0,1,0,44,56,9,13,3,5,2,5,4,3,1,0,6,4,3,9,2,5,2,0,1,0,14,15,16,14,2,5,0,0,5,1,21,14,8,10,3,4,26,8,5,2,52,42,42.0,33.0,10.0,9.0,8.0,5.0,351,443,291.0,380.0,127,215,164,165,20.0,33.0,2.0,2.0,1.26,0.33,0.34,0.22,0.13,0.11,0.47,0.33,0.91,0.89,0,0,4,3,2,1,2,4,1,5,0.0,0.0,1.0548,0.1749,0.1038,0.0119,0.0822,0.0647,0.0158,0.0737,5,10,0,0,1,2,2,1,1,0,0.3369,0.2188,0.0,0.0,0.0148,0.0451,0.1165,0.0613,0.7884,0.0,9,13,17.79,24.45
4436495,2024-10-29,bra,2024,Brasileirao,31,Raphael Claus,10276,Vasco da Gama,7877,Bahia,1,3,2,48,52,15,12,8,7,4,4,3,1,1,0,9,8,6,4,2,4,3,5,1,4,19,18,11,9,3,2,0,0,2,0,27,23,18,8,1,3,12,16,5,5,65,53,46.0,41.0,19.0,12.0,10.0,7.0,448,479,372.0,405.0,219,210,153,195,38.0,19.0,4.0,2.0,1.86,1.91,1.06,1.87,0.01,0.03,1.07,1.91,2.95,2.44,3,2,5,5,1,1,3,2,3,2,0.6429,1.3187,1.008,0.8562,0.0414,0.0446,0.1176,0.0864,0.0741,0.0694,13,11,0,0,1,0,0,1,1,0,1.0837,2.3309,0.0,0.0,0.0119,0.0,0.0,0.0445,0.7884,0.0,15,12,16.06,14.27
4436495,2024-10-29,bra,2024,Brasileirao,31,Raphael Claus,7877,Bahia,10276,Vasco da Gama,0,2,3,52,48,12,15,7,8,4,4,1,3,0,1,8,9,4,6,4,2,5,3,4,1,18,19,9,11,2,3,0,0,0,2,23,27,8,18,3,1,16,12,5,5,53,65,41.0,46.0,12.0,19.0,7.0,10.0,479,448,405.0,372.0,210,219,195,153,19.0,38.0,2.0,4.0,1.91,1.86,1.87,1.06,0.03,0.01,1.91,1.07,2.44,2.95,2,3,5,5,1,1,2,3,2,3,1.3187,0.6429,0.8562,1.008,0.0446,0.0414,0.0864,0.1176,0.0694,0.0741,11,13,0,0,0,1,1,0,0,1,2.3309,1.0837,0.0,0.0,0.0,0.0119,0.0445,0.0,0.0,0.7884,12,15,14.27,16.06
4436317,2024-10-30,bra,2024,Brasileirao,17,Davi de Oliveira Lacerda,8702,Internacional,9770,Flamengo,1,1,1,47,53,18,12,5,3,11,4,2,5,1,0,10,9,8,3,5,5,4,3,3,2,41,16,14,10,1,4,0,0,1,5,16,27,8,6,5,3,12,26,2,3,45,66,32.0,51.0,13.0,15.0,8.0,12.0,395,466,331.0,390.0,151,257,180,133,25.0,27.0,9.0,4.0,1.55,1.72,1.45,0.81,0.1,0.13,1.55,0.93,1.52,1.35,0,0,6,9,4,0,6,2,2,1,0.0,0.0,1.1296,1.6378,0.1318,0.0,0.2304,0.057,0.0561,0.0247,14,8,1,0,3,3,0,0,0,1,1.1465,0.8059,0.301,0.0,0.1004,0.1252,0.0,0.0,0.0,0.7884,18,12,17.83,15.91
4436317,2024-10-30,bra,2024,Brasileirao,17,Davi de Oliveira Lacerda,9770,Flamengo,8702,Internacional,0,1,1,53,47,12,18,3,5,4,11,5,2,0,1,9,10,3,8,5,5,3,4,2,3,16,41,10,14,4,1,0,0,5,1,27,16,6,8,3,5,26,12,3,2,66,45,51.0,32.0,15.0,13.0,12.0,8.0,466,395,390.0,331.0,257,151,133,180,27.0,25.0,4.0,9.0,1.72,1.55,0.81,1.45,0.13,0.1,0.93,1.55,1.35,1.52,0,0,9,6,0,4,2,6,1,2,0.0,0.0,1.6378,1.1296,0.0,0.1318,0.057,0.2304,0.0247,0.0561,8,14,0,1,3,3,0,0,1,0,0.8059,1.1465,0.0,0.301,0.1252,0.1004,0.0,0.0,0.7884,0.0,12,18,15.91,17.83
4436484,2024-11-02,bra,2024,Brasileirao,32,Raphael Claus,10274,Juventude,8287,Fortaleza,1,0,3,60,40,17,11,6,4,7,3,4,4,0,0,11,7,6,4,5,3,1,1,1,0,28,17,7,14,3,2,0,0,2,4,11,15,8,6,4,3,10,23,1,6,48,38,36.0,26.0,12.0,12.0,11.0,5.0,428,298,357.0,225.0,191,118,166,107,20.0,26.0,11.0,3.0,1.23,0.92,0.66,0.61,0.57,0.32,1.23,0.92,1.76,2.03,1,1,10,4,0,2,2,2,4,2,0.1363,0.3169,0.9124,0.3741,0.0,0.1118,0.0461,0.0938,0.1477,0.0261,9,9,1,1,4,0,3,1,0,0,0.5268,0.5621,0.146,0.0437,0.311,0.0,0.2588,0.3169,0.0,0.0,17,11,17.11,18.3
4436484,2024-11-02,bra,2024,Brasileirao,32,Raphael Claus,8287,Fortaleza,10274,Juventude,0,3,0,40,60,11,17,4,6,3,7,4,4,0,0,7,11,4,6,3,5,1,1,0,1,17,28,14,7,2,3,0,0,4,2,15,11,6,8,3,4,23,10,6,1,38,48,26.0,36.0,12.0,12.0,5.0,11.0,298,428,225.0,357.0,118,191,107,166,26.0,20.0,3.0,11.0,0.92,1.23,0.61,0.66,0.32,0.57,0.92,1.23,2.03,1.76,1,1,4,10,2,0,2,2,2,4,0.3169,0.1363,0.3741,0.9124,0.1118,0.0,0.0938,0.0461,0.0261,0.1477,9,9,1,1,0,4,1,3,0,0,0.5621,0.5268,0.0437,0.146,0.0,0.311,0.3169,0.2588,0.0,0.0,11,17,18.3,17.11
4436486,2024-11-02,bra,2024,Brasileirao,32,Luiz Flávio de Oliveira,10273,Athletico Paranaense,7733,Vitoria,1,1,2,64,36,25,11,6,5,14,4,5,2,0,1,13,6,12,5,9,3,4,3,4,1,25,9,8,13,1,4,0,0,2,0,12,16,16,10,2,6,8,36,3,4,56,52,32.0,29.0,24.0,23.0,8.0,6.0,485,280,391.0,188.0,204,104,187,84,33.0,20.0,12.0,3.0,1.28,1.18,0.84,1.18,0.43,0.0,1.28,1.18,1.09,1.16,2,0,6,4,5,2,6,3,6,2,0.3295,0.0,0.3849,0.6203,0.2211,0.288,0.26,0.1848,0.0809,0.022,15,11,0,0,6,0,4,0,0,0,0.8425,1.1151,0.0,0.0,0.2558,0.0,0.1781,0.0,0.0,0.0,25,11,17.88,20.1
4436486,2024-11-02,bra,2024,Brasileirao,32,Luiz Flávio de Oliveira,7733,Vitoria,10273,Athletico Paranaense,0,2,1,36,64,11,25,5,6,4,14,2,5,1,0,6,13,5,12,3,9,3,4,1,4,9,25,13,8,4,1,0,0,0,2,16,12,10,16,6,2,36,8,4,3,52,56,29.0,32.0,23.0,24.0,6.0,8.0,280,485,188.0,391.0,104,204,84,187,20.0,33.0,3.0,12.0,1.18,1.28,1.18,0.84,0.0,0.43,1.18,1.28,1.16,1.09,0,2,4,6,2,5,3,6,2,6,0.0,0.3295,0.6203,0.3849,0.288,0.2211,0.1848,0.26,0.022,0.0809,11,15,0,0,0,6,0,4,0,0,1.1151,0.8425,0.0,0.0,0.0,0.2558,0.0,0.1781,0.0,0.0,11,25,20.1,17.88
4436487,2024-11-02,bra,2024,Brasileirao,32,Marcelo de Lima Henrique,109705,Red Bull Bragantino,197815,Cuiaba,1,0,0,68,32,18,7,4,1,12,5,2,1,0,0,12,5,6,2,11,5,1,0,1,0,31,19,8,11,1,3,0,0,0,0,21,19,11,5,1,2,12,31,1,4,55,53,45.0,33.0,10.0,20.0,13.0,6.0,546,265,474.0,181.0,192,99,282,82,37.0,26.0,10.0,3.0,1.0,0.45,0.66,0.27,0.34,0.18,1.0,0.45,0.3,0.49,0,1,8,3,4,1,3,1,3,1,0.0,0.124,0.6607,0.1651,0.209,0.1154,0.0873,0.0123,0.0431,0.0287,11,4,1,0,6,3,0,0,0,0,0.4198,0.2981,0.2433,0.0,0.3369,0.1474,0.0,0.0,0.0,0.0,18,7,18.56,16.26
4436487,2024-11-02,bra,2024,Brasileirao,32,Marcelo de Lima Henrique,197815,Cuiaba,109705,Red Bull Bragantino,0,0,0,32,68,7,18,1,4,5,12,1,2,0,0,5,12,2,6,5,11,0,1,0,1,19,31,11,8,3,1,0,0,0,0,19,21,5,11,2,1,31,12,4,1,53,55,33.0,45.0,20.0,10.0,6.0,13.0,265,546,181.0,474.0,99,192,82,282,26.0,37.0,3.0,10.0,0.45,1.0,0.27,0.66,0.18,0.34,0.45,1.0,0.49,0.3,1,0,3,8,1,4,1,3,1,3,0.124,0.0,0.1651,0.6607,0.1154,0.209,0.0123,0.0873,0.0287,0.0431,4,11,0,1,3,6,0,0,0,0,0.2981,0.4198,0.0,0.2433,0.1474,0.3369,0.0,0.0,0.0,0.0,7,18,16.26,18.56
4436490,2024-11-02,bra,2024,Brasileirao,32,Matheus Delgado Candançan,9863,Fluminense,9769,Gremio,1,2,2,63,37,18,7,7,4,7,2,4,1,0,0,11,4,7,3,8,2,4,2,4,0,21,14,15,14,6,4,1,0,4,0,24,10,6,8,2,4,5,28,1,5,53,39,44.0,31.0,9.0,8.0,7.0,8.0,562,339,493.0,274.0,179,175,314,99,13.0,17.0,5.0,1.0,2.42,1.55,1.51,0.73,0.91,0.03,2.42,0.76,2.79,1.43,0,0,9,3,2,1,5,1,2,2,0.0,0.0,2.1571,1.2927,0.0743,0.0273,0.158,0.0298,0.0336,0.0865,12,2,0,3,5,0,1,1,0,1,1.53,0.0992,0.0,0.5214,0.317,0.0,0.5758,0.0272,0.0,0.7884,18,7,17.34,20.16
4436490,2024-11-02,bra,2024,Brasileirao,32,Matheus Delgado Candançan,9769,Gremio,9863,Fluminense,0,2,2,37,63,7,18,4,7,2,7,1,4,0,0,4,11,3,7,2,8,2,4,0,4,14,21,14,15,4,6,0,1,0,4,10,24,8,6,4,2,28,5,5,1,39,53,31.0,44.0,8.0,9.0,8.0,7.0,339,562,274.0,493.0,175,179,99,314,17.0,13.0,1.0,5.0,1.55,2.42,0.73,1.51,0.03,0.91,0.76,2.42,1.43,2.79,0,0,3,9,1,2,1,5,2,2,0.0,0.0,1.2927,2.1571,0.0273,0.0743,0.0298,0.158,0.0865,0.0336,2,12,3,0,0,5,1,1,1,0,0.0992,1.53,0.5214,0.0,0.0,0.317,0.0272,0.5758,0.7884,0.0,7,18,20.16,17.34
4436488,2024-11-04,bra,2024,Brasileirao,32,Wilton Pereira Sampaio,9808,Corinthians,10283,Palmeiras,1,2,0,41,59,6,17,4,4,2,7,0,6,0,1,4,11,2,6,2,9,1,1,0,1,11,31,18,13,2,3,0,0,1,4,20,16,17,8,6,0,37,12,4,2,57,59,40.0,42.0,17.0,17.0,8.0,9.0,333,455,250.0,361.0,165,148,85,213,25.0,26.0,0.0,9.0,0.81,1.0,0.81,0.87,0.0,0.13,0.81,1.0,1.51,1.33,0,0,1,8,3,3,2,2,0,4,0.0,0.0,0.1756,0.6922,0.575,0.1562,0.0605,0.0776,0.0,0.075,2,14,4,0,0,2,0,1,0,0,0.0605,0.8727,0.7506,0.0,0.0,0.0851,0.0,0.0432,0.0,0.0,6,17,18.85,18.54
4436488,2024-11-04,bra,2024,Brasileirao,32,Wilton Pereira Sampaio,10283,Palmeiras,9808,Corinthians,0,0,2,59,41,17,6,4,4,7,2,6,0,1,0,11,4,6,2,9,2,1,1,1,0,31,11,13,18,3,2,0,0,4,1,16,20,8,17,0,6,12,37,2,4,59,57,42.0,40.0,17.0,17.0,9.0,8.0,455,333,361.0,250.0,148,165,213,85,26.0,25.0,9.0,0.0,1.0,0.81,0.87,0.81,0.13,0.0,1.0,0.81,1.33,1.51,0,0,8,1,3,3,2,2,4,0,0.0,0.0,0.6922,0.1756,0.1562,0.575,0.0776,0.0605,0.075,0.0,14,2,0,4,2,0,1,0,0,0,0.8727,0.0605,0.0,0.7506,0.0851,0.0,0.0432,0.0,0.0,0.0,17,6,18.54,18.85
4436489,2024-11-06,bra,2024,Brasileirao,32,Bruno Arleu de Araújo,8517,Botafogo RJ,10276,Vasco da Gama,1,3,0,64,36,20,11,5,3,9,5,6,3,1,0,9,8,11,3,7,4,5,0,2,0,33,15,13,8,0,1,0,1,3,0,17,12,4,7,3,6,7,25,3,2,43,41,31.0,27.0,12.0,14.0,6.0,4.0,578,333,531.0,282.0,201,180,330,102,35.0,22.0,9.0,5.0,2.59,0.63,2.42,0.48,0.17,0.15,2.59,0.63,1.4,1.18,0,0,7,6,2,2,7,2,4,1,0.0,0.0,1.9523,0.4484,0.3596,0.1371,0.1579,0.0476,0.1218,0.0078,10,7,5,0,3,4,2,0,0,0,1.0138,0.5138,1.4097,0.0,0.0761,0.127,0.092,0.0,0.0,0.0,20,11,20.13,17.21
4436489,2024-11-06,bra,2024,Brasileirao,32,Bruno Arleu de Araújo,10276,Vasco da Gama,8517,Botafogo RJ,0,0,3,36,64,11,20,3,5,5,9,3,6,0,1,8,9,3,11,4,7,0,5,0,2,15,33,8,13,1,0,1,0,0,3,12,17,7,4,6,3,25,7,2,3,41,43,27.0,31.0,14.0,12.0,4.0,6.0,333,578,282.0,531.0,180,201,102,330,22.0,35.0,5.0,9.0,0.63,2.59,0.48,2.42,0.15,0.17,0.63,2.59,1.18,1.4,0,0,6,7,2,2,2,7,1,4,0.0,0.0,0.4484,1.9523,0.1371,0.3596,0.0476,0.1579,0.0078,0.1218,7,10,0,5,4,3,0,2,0,0,0.5138,1.0138,0.0,1.4097,0.127,0.0761,0.0,0.092,0.0,0.0,11,20,17.21,20.13
4436492,2024-11-06,bra,2024,Brasileirao,32,Alex Gomes Stefano,7877,Bahia,10277,Sao Paulo,1,0,3,52,48,24,10,6,4,10,3,8,3,0,0,16,3,8,7,10,3,1,2,1,0,41,13,13,16,3,2,0,0,0,1,16,14,11,8,3,7,8,35,1,6,51,48,39.0,35.0,12.0,13.0,7.0,9.0,432,418,382.0,362.0,147,253,235,109,26.0,31.0,10.0,2.0,1.46,1.13,1.19,1.13,0.27,0.0,1.46,1.13,1.05,2.38,3,1,9,2,4,0,2,5,6,2,0.571,0.4431,0.512,0.2204,0.1111,0.0,0.1012,0.4185,0.168,0.0435,19,8,0,2,3,0,2,0,0,0,1.1944,0.9449,0.0,0.1807,0.1999,0.0,0.0689,0.0,0.0,0.0,24,10,15.66,19.83
4436492,2024-11-06,bra,2024,Brasileirao,32,Alex Gomes Stefano,10277,Sao Paulo,7877,Bahia,0,3,0,48,52,10,24,4,6,3,10,3,8,0,0,3,16,7,8,3,10,2,1,0,1,13,41,16,13,2,3,0,0,1,0,14,16,8,11,7,3,35,8,6,1,48,51,35.0,39.0,13.0,12.0,9.0,7.0,418,432,362.0,382.0,253,147,109,235,31.0,26.0,2.0,10.0,1.13,1.46,1.13,1.19,0.0,0.27,1.13,1.46,2.38,1.05,1,3,2,9,0,4,5,2,2,6,0.4431,0.571,0.2204,0.512,0.0,0.1111,0.4185,0.1012,0.0435,0.168,8,19,2,0,0,3,0,2,0,0,0.9449,1.1944,0.1807,0.0,0.0,0.1999,0.0,0.0689,0.0,0.0,10,24,19.83,15.66
4436501,2024-11-06,bra,2024,Brasileirao,32,Felipe Fernandes de Lima,8702,Internacional,7729,Criciuma,1,2,0,69,31,20,5,9,4,5,1,6,0,0,0,7,1,13,4,7,3,0,0,0,0,44,5,15,13,1,2,0,1,2,4,21,17,11,9,0,6,12,33,4,7,60,54,48.0,44.0,12.0,10.0,14.0,13.0,601,272,532.0,197.0,147,129,385,68,21.0,32.0,3.0,0.0,1.48,0.15,1.34,0.1,0.15,0.04,1.48,0.15,2.15,0.31,0,0,4,0,3,1,13,1,0,3,0.0,0.0,0.7719,0.0,0.2691,0.0219,0.4403,0.0799,0.0,0.0347,17,4,0,0,1,0,2,1,0,0,1.3357,0.1146,0.0,0.0,0.0437,0.0,0.1018,0.0219,0.0,0.0,20,5,20.72,25.67
4436501,2024-11-06,bra,2024,Brasileirao,32,Felipe Fernandes de Lima,7729,Criciuma,8702,Internacional,0,0,2,31,69,5,20,4,9,1,5,0,6,0,0,1,7,4,13,3,7,0,0,0,0,5,44,13,15,2,1,1,0,4,2,17,21,9,11,6,0,33,12,7,4,54,60,44.0,48.0,10.0,12.0,13.0,14.0,272,601,197.0,532.0,129,147,68,385,32.0,21.0,0.0,3.0,0.15,1.48,0.1,1.34,0.04,0.15,0.15,1.48,0.31,2.15,0,0,0,4,1,3,1,13,3,0,0.0,0.0,0.0,0.7719,0.0219,0.2691,0.0799,0.4403,0.0347,0.0,4,17,0,0,0,1,1,2,0,0,0.1146,1.3357,0.0,0.0,0.0,0.0437,0.0219,0.1018,0.0,0.0,5,20,25.67,20.72
4436485,2024-11-07,bra,2024,Brasileirao,32,Jonathan Benkenstein Pinheiro,165545,Atletico GO,10272,Atletico MG,1,1,0,37,63,13,12,3,5,6,5,4,2,0,0,7,6,6,6,4,7,1,1,0,1,11,28,11,13,2,2,0,0,0,1,15,24,9,13,2,4,15,15,5,2,51,52,32.0,40.0,19.0,12.0,7.0,5.0,291,493,215.0,415.0,98,240,117,175,20.0,28.0,2.0,3.0,0.95,0.66,0.8,0.53,0.15,0.13,0.95,0.66,1.11,0.85,0,0,5,5,2,2,2,2,4,3,0.0,0.0,0.7449,0.438,0.0675,0.0932,0.0713,0.074,0.0784,0.0549,8,7,1,2,2,2,2,1,0,0,0.7868,0.4238,0.0226,0.1079,0.0542,0.0971,0.0984,0.0313,0.0,0.0,13,12,19.73,21.5
4436485,2024-11-07,bra,2024,Brasileirao,32,Jonathan Benkenstein Pinheiro,10272,Atletico MG,165545,Atletico GO,0,0,1,63,37,12,13,5,3,5,6,2,4,0,0,6,7,6,6,7,4,1,1,1,0,28,11,13,11,2,2,0,0,1,0,24,15,13,9,4,2,15,15,2,5,52,51,40.0,32.0,12.0,19.0,5.0,7.0,493,291,415.0,215.0,240,98,175,117,28.0,20.0,3.0,2.0,0.66,0.95,0.53,0.8,0.13,0.15,0.66,0.95,0.85,1.11,0,0,5,5,2,2,2,2,3,4,0.0,0.0,0.438,0.7449,0.0932,0.0675,0.074,0.0713,0.0549,0.0784,7,8,2,1,2,2,1,2,0,0,0.4238,0.7868,0.1079,0.0226,0.0971,0.0542,0.0313,0.0984,0.0,0.0,12,13,21.5,19.73
4436491,2024-11-07,bra,2024,Brasileirao,32,Gustavo Ervino Bauermann,9781,Cruzeiro,9770,Flamengo,1,0,1,53,47,15,11,5,2,5,5,5,4,0,1,3,6,12,5,7,4,2,0,2,0,18,17,8,13,2,5,0,1,1,3,14,11,6,14,4,5,10,32,1,5,45,37,40.0,30.0,5.0,7.0,13.0,11.0,431,393,363.0,334.0,198,180,165,154,31.0,32.0,4.0,3.0,0.73,0.38,0.44,0.3,0.29,0.08,0.73,0.38,0.65,0.64,0,0,2,0,1,5,8,3,4,2,0.0,0.0,0.4632,0.0,0.0184,0.2448,0.1861,0.0573,0.0683,0.0782,9,7,0,0,4,2,2,1,0,0,0.4462,0.3015,0.0,0.0,0.2578,0.0315,0.032,0.0473,0.0,0.0,15,10,24.53,19.53
4436491,2024-11-07,bra,2024,Brasileirao,32,Gustavo Ervino Bauermann,9770,Flamengo,9781,Cruzeiro,0,1,0,47,53,11,15,2,5,5,5,4,5,1,0,6,3,5,12,4,7,0,2,0,2,17,18,13,8,5,2,1,0,3,1,11,14,14,6,5,4,32,10,5,1,37,45,30.0,40.0,7.0,5.0,11.0,13.0,393,431,334.0,363.0,180,198,154,165,32.0,31.0,3.0,4.0,0.38,0.73,0.3,0.44,0.08,0.29,0.38,0.73,0.64,0.65,0,0,0,2,5,1,3,8,2,4,0.0,0.0,0.0,0.4632,0.2448,0.0184,0.0573,0.1861,0.0782,0.0683,7,9,0,0,2,4,1,2,0,0,0.3015,0.4462,0.0,0.0,0.0315,0.2578,0.0473,0.032,0.0,0.0,10,15,19.53,24.53
4436483,2024-11-08,bra,2024,Brasileirao,33,,8702,Internacional,9863,Fluminense,1,2,0,51,49,17,9,7,2,6,5,4,2,0,1,10,6,7,3,4,4,1,2,0,2,34,12,11,10,3,1,0,0,4,0,22,22,17,13,2,5,21,19,2,4,57,57,44.0,43.0,13.0,14.0,12.0,11.0,479,455,407.0,373.0,181,223,226,150,28.0,34.0,8.0,5.0,1.42,0.83,1.35,0.75,0.06,0.08,1.42,0.83,1.81,0.7,3,1,5,4,1,1,3,2,4,1,0.9198,0.3919,0.3883,0.4442,0.0241,0.0389,0.0768,0.0242,0.07,0.0159,12,7,1,0,2,1,1,1,0,0,1.387,0.8324,0.0299,0.0,0.0404,0.0665,0.0219,0.0162,0.0,0.0,16,9,18.54,17.22
4436483,2024-11-08,bra,2024,Brasileirao,33,,9863,Fluminense,8702,Internacional,0,0,2,49,51,9,17,2,7,5,6,2,4,1,0,6,10,3,7,4,4,2,1,2,0,12,34,10,11,1,3,0,0,0,4,22,22,13,17,5,2,19,21,4,2,57,57,43.0,44.0,14.0,13.0,11.0,12.0,455,479,373.0,407.0,223,181,150,226,34.0,28.0,5.0,8.0,0.83,1.42,0.75,1.35,0.08,0.06,0.83,1.42,0.7,1.81,1,3,4,5,1,1,2,3,1,4,0.3919,0.9198,0.4442,0.3883,0.0389,0.0241,0.0242,0.0768,0.0159,0.07,7,12,0,1,1,2,1,1,0,0,0.8324,1.387,0.0,0.0299,0.0665,0.0404,0.0162,0.0219,0.0,0.0,9,16,17.22,18.54
4436481,2024-11-09,bra,2024,Brasileirao,33,Bruno Arleu de Araújo,7733,Vitoria,9808,Corinthians,1,1,2,42,58,9,13,2,7,3,3,4,3,0,0,6,9,3,4,14,4,3,1,2,0,22,12,11,11,4,2,0,0,2,0,17,13,15,9,3,4,18,29,5,1,44,40,39.0,30.0,5.0,10.0,12.0,7.0,306,462,236.0,390.0,147,213,89,177,18.0,34.0,4.0,2.0,1.58,0.97,1.51,0.97,0.07,0.0,1.58,0.97,1.2,2.0,1,0,2,6,3,3,2,2,1,2,0.5036,0.0,1.0499,0.7233,0.0721,0.1142,0.0501,0.0495,0.0245,0.0285,7,12,0,1,1,0,1,0,0,0,1.6302,0.8644,0.0,0.0512,0.0355,0.0,0.0347,0.0,0.0,0.0,9,13,17.24,18.63
4436481,2024-11-09,bra,2024,Brasileirao,33,Bruno Arleu de Araújo,9808,Corinthians,7733,Vitoria,0,2,1,58,42,13,9,7,2,3,3,3,4,0,0,9,6,4,3,4,14,1,3,0,2,12,22,11,11,2,4,0,0,0,2,13,17,9,15,4,3,29,18,1,5,40,44,30.0,39.0,10.0,5.0,7.0,12.0,462,306,390.0,236.0,213,147,177,89,34.0,18.0,2.0,4.0,0.97,1.58,0.97,1.51,0.0,0.07,0.97,1.58,2.0,1.2,0,1,6,2,3,3,2,2,2,1,0.0,0.5036,0.7233,1.0499,0.1142,0.0721,0.0495,0.0501,0.0285,0.0245,12,7,1,0,0,1,0,1,0,0,0.8644,1.6302,0.0512,0.0,0.0,0.0355,0.0,0.0347,0.0,0.0,13,9,18.63,17.24
4436482,2024-11-09,bra,2024,Brasileirao,33,Wagner do Nascimento Magalhaes,9781,Cruzeiro,7729,Criciuma,1,2,1,63,37,26,12,9,7,10,5,7,0,2,0,14,7,12,5,6,5,5,2,3,1,26,21,13,11,4,4,0,0,1,2,8,19,8,8,0,7,16,15,6,7,35,52,22.0,36.0,13.0,16.0,3.0,4.0,603,337,514.0,260.0,290,155,224,105,19.0,26.0,4.0,7.0,3.18,0.81,2.89,0.65,0.29,0.16,3.18,0.81,2.74,2.03,1,2,11,5,2,0,9,4,3,1,0.385,0.4008,2.3132,0.6666,0.0318,0.0,0.3501,0.1279,0.1194,0.0088,19,7,1,0,2,3,4,2,0,0,2.8424,1.043,0.0835,0.0,0.1065,0.0855,0.1671,0.0757,0.0,0.0,26,12,18.99,15.46
4436482,2024-11-09,bra,2024,Brasileirao,33,Wagner do Nascimento Magalhaes,7729,Criciuma,9781,Cruzeiro,0,1,2,37,63,12,26,7,9,5,10,0,7,0,2,7,14,5,12,5,6,2,5,1,3,21,26,11,13,4,4,0,0,2,1,19,8,8,8,7,0,15,16,7,6,52,35,36.0,22.0,16.0,13.0,4.0,3.0,337,603,260.0,514.0,155,290,105,224,26.0,19.0,7.0,4.0,0.81,3.18,0.65,2.89,0.16,0.29,0.81,3.18,2.03,2.74,2,1,5,11,0,2,4,9,1,3,0.4008,0.385,0.6666,2.3132,0.0,0.0318,0.1279,0.3501,0.0088,0.1194,7,19,0,1,3,2,2,4,0,0,1.043,2.8424,0.0,0.0835,0.0855,0.1065,0.0757,0.1671,0.0,0.0,12,26,15.46,18.99
4436516,2024-11-09,bra,2024,Brasileirao,33,Wilton Pereira Sampaio,10274,Juventude,7877,Bahia,1,2,1,38,62,20,8,8,3,10,3,2,2,3,1,11,5,9,3,7,2,3,1,2,0,27,12,11,9,3,1,0,0,3,1,15,14,8,6,2,1,16,23,2,6,44,43,27.0,34.0,17.0,9.0,5.0,9.0,315,539,255.0,453.0,135,260,120,193,22.0,31.0,5.0,3.0,2.23,0.66,1.71,0.59,0.52,0.07,2.23,0.66,2.16,1.12,1,0,7,4,3,1,5,2,4,1,0.9783,0.0,0.609,0.5076,0.2831,0.0887,0.2567,0.0473,0.1251,0.0461,11,5,3,0,4,2,2,1,0,0,1.4932,0.6183,0.2192,0.0,0.3958,0.0253,0.1438,0.0461,0.0,0.0,20,8,19.65,16.94
4436516,2024-11-09,bra,2024,Brasileirao,33,Wilton Pereira Sampaio,7877,Bahia,10274,Juventude,0,1,2,62,38,8,20,3,8,3,10,2,2,1,3,5,11,3,9,2,7,1,3,0,2,12,27,9,11,1,3,0,0,1,3,14,15,6,8,1,2,23,16,6,2,43,44,34.0,27.0,9.0,17.0,9.0,5.0,539,315,453.0,255.0,260,135,193,120,31.0,22.0,3.0,5.0,0.66,2.23,0.59,1.71,0.07,0.52,0.66,2.23,1.12,2.16,0,1,4,7,1,3,2,5,1,4,0.0,0.9783,0.5076,0.609,0.0887,0.2831,0.0473,0.2567,0.0461,0.1251,5,11,0,3,2,4,1,2,0,0,0.6183,1.4932,0.0,0.2192,0.0253,0.3958,0.0461,0.1438,0.0,0.0,8,20,16.94,19.65
4436517,2024-11-09,bra,2024,Brasileirao,33,Anderson Daronco,165545,Atletico GO,109705,Red Bull Bragantino,1,0,0,41,59,10,17,4,7,4,7,2,3,0,2,3,10,7,7,7,6,0,3,0,3,21,33,14,11,3,2,0,0,1,0,18,14,16,6,4,2,19,17,6,4,56,59,39.0,43.0,17.0,16.0,11.0,16.0,316,458,242.0,377.0,121,149,121,228,26.0,22.0,4.0,7.0,0.36,1.58,0.28,1.55,0.08,0.03,0.36,1.58,1.24,0.89,0,1,2,6,1,3,4,5,3,2,0.0,0.0732,0.0589,0.9592,0.0338,0.3154,0.1908,0.2308,0.075,0.0376,5,14,2,2,3,1,0,0,0,0,0.1683,1.3407,0.1118,0.2458,0.0785,0.0296,0.0,0.0,0.0,0.0,10,17,20.32,16.22
4436517,2024-11-09,bra,2024,Brasileirao,33,Anderson Daronco,109705,Red Bull Bragantino,165545,Atletico GO,0,0,0,59,41,17,10,7,4,7,4,3,2,2,0,10,3,7,7,6,7,3,0,3,0,33,21,11,14,2,3,0,0,0,1,14,18,6,16,2,4,17,19,4,6,59,56,43.0,39.0,16.0,17.0,16.0,11.0,458,316,377.0,242.0,149,121,228,121,22.0,26.0,7.0,4.0,1.58,0.36,1.55,0.28,0.03,0.08,1.58,0.36,0.89,1.24,1,0,6,2,3,1,5,4,2,3,0.0732,0.0,0.9592,0.0589,0.3154,0.0338,0.2308,0.1908,0.0376,0.075,14,5,2,2,1,3,0,0,0,0,1.3407,0.1683,0.2458,0.1118,0.0296,0.0785,0.0,0.0,0.0,0.0,17,10,16.22,20.32
4436518,2024-11-09,bra,2024,Brasileirao,33,Lucas Paulo Torezin,8287,Fortaleza,10276,Vasco da Gama,1,3,0,40,60,14,4,8,2,3,2,3,0,1,0,11,1,3,3,5,1,4,0,1,0,28,7,13,11,1,1,0,0,2,3,13,14,8,12,0,3,12,21,3,6,39,35,33.0,28.0,6.0,7.0,9.0,3.0,343,519,275.0,450.0,142,285,133,165,22.0,35.0,4.0,0.0,2.33,0.19,1.56,0.18,0.77,0.01,2.33,0.19,3.94,0.22,2,0,5,1,4,0,2,1,1,2,1.1201,0.0,0.7808,0.1407,0.3748,0.0,0.0354,0.0106,0.0297,0.0414,9,3,1,0,4,0,0,1,0,0,1.3235,0.1822,0.2479,0.0,0.7693,0.0,0.0,0.0106,0.0,0.0,14,4,14.94,26.37
4436518,2024-11-09,bra,2024,Brasileirao,33,Lucas Paulo Torezin,10276,Vasco da Gama,8287,Fortaleza,0,0,3,60,40,4,14,2,8,2,3,0,3,0,1,1,11,3,3,1,5,0,4,0,1,7,28,11,13,1,1,0,0,3,2,14,13,12,8,3,0,21,12,6,3,35,39,28.0,33.0,7.0,6.0,3.0,9.0,519,343,450.0,275.0,285,142,165,133,35.0,22.0,0.0,4.0,0.19,2.33,0.18,1.56,0.01,0.77,0.19,2.33,0.22,3.94,0,2,1,5,0,4,1,2,2,1,0.0,1.1201,0.1407,0.7808,0.0,0.3748,0.0106,0.0354,0.0414,0.0297,3,9,0,1,0,4,1,0,0,0,0.1822,1.3235,0.0,0.2479,0.0,0.7693,0.0106,0.0,0.0,0.0,4,14,26.37,14.94
4436520,2024-11-09,bra,2024,Brasileirao,33,Marcelo de Lima Henrique,10283,Palmeiras,9769,Gremio,1,1,0,61,39,33,6,14,0,11,2,8,4,2,0,17,5,16,1,14,1,2,1,1,1,51,14,14,9,5,3,0,0,5,3,22,19,10,6,4,8,21,38,0,14,62,58,43.0,37.0,19.0,21.0,12.0,5.0,443,295,350.0,200.0,98,98,252,102,38.0,19.0,9.0,0.0,2.81,0.72,2.01,0.69,0.8,0.03,2.81,0.72,3.02,0.67,3,0,10,4,4,1,12,1,4,0,1.2778,0.0,0.7098,0.5943,0.1163,0.0365,0.6262,0.0187,0.0956,0.0,22,3,3,2,7,0,1,1,0,0,1.7857,0.1398,0.2385,0.4854,0.7764,0.0,0.025,0.0242,0.0,0.0,33,6,18.0,16.0
4436520,2024-11-09,bra,2024,Brasileirao,33,Marcelo de Lima Henrique,9769,Gremio,10283,Palmeiras,0,0,1,39,61,6,33,0,14,2,11,4,8,0,2,5,17,1,16,1,14,1,2,1,1,14,51,9,14,3,5,0,0,3,5,19,22,6,10,8,4,38,21,14,0,58,62,37.0,43.0,21.0,19.0,5.0,12.0,295,443,200.0,350.0,98,98,102,252,19.0,38.0,0.0,9.0,0.72,2.81,0.69,2.01,0.03,0.8,0.72,2.81,0.67,3.02,0,3,4,10,1,4,1,12,0,4,0.0,1.2778,0.5943,0.7098,0.0365,0.1163,0.0187,0.6262,0.0,0.0956,3,22,2,3,0,7,1,1,0,0,0.1398,1.7857,0.4854,0.2385,0.0,0.7764,0.0242,0.025,0.0,0.0,6,33,16.0,18.0
4436521,2024-11-09,bra,2024,Brasileirao,33,Rodrigo José Pereira de Lima,8517,Botafogo RJ,197815,Cuiaba,1,0,0,74,26,28,4,5,2,14,1,9,1,2,0,15,1,13,3,8,1,6,0,6,0,43,3,8,14,0,6,0,0,5,0,9,20,12,5,2,9,6,39,1,5,53,54,35.0,34.0,18.0,20.0,12.0,7.0,648,239,582.0,146.0,213,99,369,47,24.0,24.0,11.0,1.0,2.71,0.17,1.54,0.05,1.17,0.12,2.71,0.17,1.39,0.01,2,1,10,0,3,0,9,1,4,2,0.576,0.1032,1.415,0.0,0.1184,0.0,0.5372,0.035,0.0625,0.0381,16,2,0,0,8,1,4,1,0,0,1.5438,0.054,0.0,0.0,0.841,0.1032,0.3243,0.019,0.0,0.0,28,4,17.01,20.5
4436521,2024-11-09,bra,2024,Brasileirao,33,Rodrigo José Pereira de Lima,197815,Cuiaba,8517,Botafogo RJ,0,0,0,26,74,4,28,2,5,1,14,1,9,0,2,1,15,3,13,1,8,0,6,0,6,3,43,14,8,6,0,0,0,0,5,20,9,5,12,9,2,39,6,5,1,54,53,34.0,35.0,20.0,18.0,7.0,12.0,239,648,146.0,582.0,99,213,47,369,24.0,24.0,1.0,11.0,0.17,2.71,0.05,1.54,0.12,1.17,0.17,2.71,0.01,1.39,1,2,0,10,0,3,1,9,2,4,0.1032,0.576,0.0,1.415,0.0,0.1184,0.035,0.5372,0.0381,0.0625,2,16,0,0,1,8,1,4,0,0,0.054,1.5438,0.0,0.0,0.1032,0.841,0.019,0.3243,0.0,0.0,4,28,20.5,17.01
4436519,2024-11-10,bra,2024,Brasileirao,33,Rafael Rodrigo Klein,10277,Sao Paulo,10273,Athletico Paranaense,1,2,1,78,22,10,9,3,3,5,3,2,3,1,0,7,1,3,8,5,6,4,1,2,0,22,8,5,20,2,5,0,0,3,2,10,14,5,19,3,2,15,27,2,1,44,44,33.0,29.0,11.0,15.0,3.0,10.0,651,177,585.0,125.0,330,48,255,77,33.0,14.0,5.0,2.0,1.43,0.22,1.35,0.1,0.08,0.12,1.43,0.22,1.0,0.59,2,0,5,1,0,0,1,5,2,3,0.7602,0.0,0.6222,0.0888,0.0,0.0,0.0214,0.0924,0.0278,0.0393,8,4,0,0,1,5,1,0,0,0,1.3487,0.1006,0.0,0.0,0.0616,0.1199,0.0214,0.0,0.0,0.0,10,9,16.11,26.84
4436519,2024-11-10,bra,2024,Brasileirao,33,Rafael Rodrigo Klein,10273,Athletico Paranaense,10277,Sao Paulo,0,1,2,22,78,9,10,3,3,3,5,3,2,0,1,1,7,8,3,6,5,1,4,0,2,8,22,20,5,5,2,0,0,2,3,14,10,19,5,2,3,27,15,1,2,44,44,29.0,33.0,15.0,11.0,10.0,3.0,177,651,125.0,585.0,48,330,77,255,14.0,33.0,2.0,5.0,0.22,1.43,0.1,1.35,0.12,0.08,0.22,1.43,0.59,1.0,0,2,1,5,0,0,5,1,3,2,0.0,0.7602,0.0888,0.6222,0.0,0.0,0.0924,0.0214,0.0393,0.0278,4,8,0,0,5,1,0,1,0,0,0.1006,1.3487,0.0,0.0,0.1199,0.0616,0.0,0.0214,0.0,0.0,9,10,26.84,16.11
4436480,2024-11-13,bra,2024,Brasileirao,33,Davi de Oliveira Lacerda,9770,Flamengo,10272,Atletico MG,1,0,0,54,46,25,16,6,2,10,6,9,8,1,0,16,8,9,8,7,4,4,0,4,0,34,20,14,7,1,1,0,0,0,1,19,25,8,5,7,9,14,38,2,7,55,63,37.0,49.0,18.0,14.0,12.0,11.0,452,387,378.0,319.0,131,159,247,160,21.0,28.0,5.0,7.0,2.06,0.84,1.08,0.77,0.19,0.07,1.27,0.84,2.02,0.8,1,0,10,6,5,2,2,5,7,3,0.2503,0.0,1.6397,0.5884,0.2593,0.0556,0.0358,0.1221,0.1316,0.074,20,13,0,1,2,1,2,1,1,0,1.0809,0.5277,0.0,0.2442,0.0913,0.0314,0.3561,0.0368,0.7884,0.0,25,16,19.37,21.74
4436480,2024-11-13,bra,2024,Brasileirao,33,Davi de Oliveira Lacerda,10272,Atletico MG,9770,Flamengo,0,0,0,46,54,16,25,2,6,6,10,8,9,0,1,8,16,8,9,4,7,0,4,0,4,20,34,7,14,1,1,0,0,1,0,25,19,5,8,9,7,38,14,7,2,63,55,49.0,37.0,14.0,18.0,11.0,12.0,387,452,319.0,378.0,159,131,160,247,28.0,21.0,7.0,5.0,0.84,2.06,0.77,1.08,0.07,0.19,0.84,1.27,0.8,2.02,0,1,6,10,2,5,5,2,3,7,0.0,0.2503,0.5884,1.6397,0.0556,0.2593,0.1221,0.0358,0.074,0.1316,13,20,1,0,1,2,1,2,0,1,0.5277,1.0809,0.2442,0.0,0.0314,0.0913,0.0368,0.3561,0.0,0.7884,16,25,21.74,19.37
4436387,2024-11-16,bra,2024,Brasileirao,19,Matheus Delgado Candançan,10273,Athletico Paranaense,10272,Atletico MG,1,1,0,30,70,17,13,5,3,10,7,2,3,0,0,9,4,8,9,4,3,2,0,2,0,14,15,11,10,2,2,0,0,1,1,13,12,17,3,3,2,30,14,3,4,53,50,29.0,28.0,24.0,22.0,7.0,5.0,255,594,183.0,513.0,77,262,106,251,32.0,31.0,6.0,2.0,1.49,0.43,1.25,0.39,0.24,0.04,1.49,0.43,1.11,0.11,1,1,7,2,1,1,5,6,3,3,0.0257,0.0592,1.0971,0.1114,0.0842,0.0322,0.2147,0.1715,0.0726,0.0586,7,11,6,0,2,1,2,1,0,0,0.2515,0.3904,1.0011,0.0,0.101,0.0105,0.1407,0.032,0.0,0.0,17,13,18.2,23.73
4436387,2024-11-16,bra,2024,Brasileirao,19,Matheus Delgado Candançan,10272,Atletico MG,10273,Athletico Paranaense,0,0,1,70,30,13,17,3,5,7,10,3,2,0,0,4,9,9,8,3,4,0,2,0,2,15,14,10,11,2,2,0,0,1,1,12,13,3,17,2,3,14,30,4,3,50,53,28.0,29.0,22.0,24.0,5.0,7.0,594,255,513.0,183.0,262,77,251,106,31.0,32.0,2.0,6.0,0.43,1.49,0.39,1.25,0.04,0.24,0.43,1.49,0.11,1.11,1,1,2,7,1,1,6,5,3,3,0.0592,0.0257,0.1114,1.0971,0.0322,0.0842,0.1715,0.2147,0.0586,0.0726,11,7,0,6,1,2,1,2,0,0,0.3904,0.2515,0.0,1.0011,0.0105,0.101,0.032,0.1407,0.0,0.0,13,17,23.73,18.2
4436506,2024-11-20,bra,2024,Brasileirao,34,Rafael Rodrigo Klein,7729,Criciuma,7733,Vitoria,1,0,1,49,51,13,14,1,3,8,8,4,3,0,1,7,7,6,7,6,5,1,2,1,1,29,24,11,18,1,3,1,0,2,3,14,24,2,8,2,4,32,21,2,2,63,59,44.0,45.0,19.0,14.0,12.0,12.0,419,436,349.0,373.0,179,156,170,217,33.0,13.0,9.0,7.0,0.88,0.93,0.13,0.49,0.74,0.44,0.88,0.93,0.03,1.49,1,2,5,3,1,2,5,5,1,2,0.0868,0.1821,0.5585,0.6282,0.0237,0.0286,0.1905,0.1717,0.0181,0.0785,5,8,0,0,2,4,6,2,0,0,0.167,0.6942,0.0,0.0,0.1372,0.3135,0.5734,0.0814,0.0,0.0,13,14,17.97,18.66
4436506,2024-11-20,bra,2024,Brasileirao,34,Rafael Rodrigo Klein,7733,Vitoria,7729,Criciuma,0,1,0,51,49,14,13,3,1,8,8,3,4,1,0,7,7,7,6,5,6,2,1,1,1,24,29,18,11,3,1,0,1,3,2,24,14,8,2,4,2,21,32,2,2,59,63,45.0,44.0,14.0,19.0,12.0,12.0,436,419,373.0,349.0,156,179,217,170,13.0,33.0,7.0,9.0,0.93,0.88,0.49,0.13,0.44,0.74,0.93,0.88,1.49,0.03,2,1,3,5,2,1,5,5,2,1,0.1821,0.0868,0.6282,0.5585,0.0286,0.0237,0.1717,0.1905,0.0785,0.0181,8,5,0,0,4,2,2,6,0,0,0.6942,0.167,0.0,0.0,0.3135,0.1372,0.0814,0.5734,0.0,0.0,14,13,18.66,17.97
4436507,2024-11-20,bra,2024,Brasileirao,34,Edina Alves Batista,197815,Cuiaba,9770,Flamengo,1,1,2,36,64,5,19,3,7,2,8,0,4,0,0,2,9,3,10,4,10,1,2,0,0,12,37,6,10,1,2,0,0,1,2,14,15,5,6,4,0,30,9,5,2,43,30,32.0,22.0,11.0,8.0,9.0,1.0,293,513,226.0,457.0,146,160,80,297,26.0,35.0,1.0,3.0,0.39,1.97,0.38,1.67,0.01,0.3,0.39,1.97,0.31,2.33,0,0,1,6,1,3,1,6,2,4,0.0,0.0,0.0931,1.5318,0.1614,0.1163,0.1098,0.2328,0.0231,0.0845,4,13,0,0,0,5,1,1,0,0,0.3816,1.6663,0.0,0.0,0.0,0.2224,0.0057,0.0767,0.0,0.0,5,19,20.7,19.31
4436507,2024-11-20,bra,2024,Brasileirao,34,Edina Alves Batista,9770,Flamengo,197815,Cuiaba,0,2,1,64,36,19,5,7,3,8,2,4,0,0,0,9,2,10,3,10,4,2,1,0,0,37,12,10,6,2,1,0,0,2,1,15,14,6,5,0,4,9,30,2,5,30,43,22.0,32.0,8.0,11.0,1.0,9.0,513,293,457.0,226.0,160,146,297,80,35.0,26.0,3.0,1.0,1.97,0.39,1.67,0.38,0.3,0.01,1.97,0.39,2.33,0.31,0,0,6,1,3,1,6,1,4,2,0.0,0.0,1.5318,0.0931,0.1163,0.1614,0.2328,0.1098,0.0845,0.0231,13,4,0,0,5,0,1,1,0,0,1.6663,0.3816,0.0,0.0,0.2224,0.0,0.0767,0.0057,0.0,0.0,19,5,19.31,20.7
4436508,2024-11-20,bra,2024,Brasileirao,34,Alex Gomes Stefano,10273,Athletico Paranaense,165545,Atletico GO,1,2,0,37,63,11,20,8,6,3,7,0,7,1,1,3,10,8,10,6,9,2,1,2,1,14,22,9,8,1,2,1,0,1,1,30,11,6,7,8,0,35,17,5,6,62,38,46.0,25.0,16.0,13.0,8.0,6.0,296,497,226.0,429.0,94,212,132,217,24.0,31.0,2.0,2.0,1.99,1.18,1.2,0.62,0.0,0.56,1.2,1.18,1.92,0.83,1,1,1,4,1,5,5,4,3,6,0.8902,0.2378,0.7884,0.5243,0.022,0.22,0.2529,0.0996,0.0542,0.112,8,10,2,0,0,4,0,6,1,0,1.1356,0.6245,0.0838,0.0,0.0,0.0744,0.0,0.4948,0.7884,0.0,11,20,22.28,20.16
4436508,2024-11-20,bra,2024,Brasileirao,34,Alex Gomes Stefano,165545,Atletico GO,10273,Athletico Paranaense,0,0,2,63,37,20,11,6,8,7,3,7,0,1,1,10,3,10,8,9,6,1,2,1,2,22,14,8,9,2,1,0,1,1,1,11,30,7,6,0,8,17,35,6,5,38,62,25.0,46.0,13.0,16.0,6.0,8.0,497,296,429.0,226.0,212,94,217,132,31.0,24.0,2.0,2.0,1.18,1.99,0.62,1.2,0.56,0.0,1.18,1.2,0.83,1.92,1,1,4,1,5,1,4,5,6,3,0.2378,0.8902,0.5243,0.7884,0.22,0.022,0.0996,0.2529,0.112,0.0542,10,8,0,2,4,0,6,0,0,1,0.6245,1.1356,0.0,0.0838,0.0744,0.0,0.4948,0.0,0.0,0.7884,20,11,20.16,22.28
4436509,2024-11-20,bra,2024,Brasileirao,34,Wilton Pereira Sampaio,109705,Red Bull Bragantino,10277,Sao Paulo,1,1,1,43,57,18,10,5,2,11,4,2,4,1,0,12,5,6,5,1,1,3,1,2,0,29,16,16,12,3,2,0,0,0,0,22,19,8,7,4,2,20,16,1,4,51,55,39.0,42.0,12.0,13.0,8.0,9.0,340,446,276.0,376.0,130,205,146,171,13.0,41.0,4.0,1.0,1.76,0.5,1.65,0.46,0.11,0.04,1.76,0.5,0.78,1.1,1,2,5,1,6,2,4,2,2,3,0.4461,0.2212,0.6169,0.0436,0.465,0.0725,0.1745,0.0335,0.0527,0.05,16,8,0,0,0,0,2,2,0,0,1.671,0.381,0.0,0.0,0.0,0.0,0.0843,0.0398,0.0,0.0,18,10,17.3,20.77
4436509,2024-11-20,bra,2024,Brasileirao,34,Wilton Pereira Sampaio,10277,Sao Paulo,109705,Red Bull Bragantino,0,1,1,57,43,10,18,2,5,4,11,4,2,0,1,5,12,5,6,1,1,1,3,0,2,16,29,12,16,2,3,0,0,0,0,19,22,7,8,2,4,16,20,4,1,55,51,42.0,39.0,13.0,12.0,9.0,8.0,446,340,376.0,276.0,205,130,171,146,41.0,13.0,1.0,4.0,0.5,1.76,0.46,1.65,0.04,0.11,0.5,1.76,1.1,0.78,2,1,1,5,2,6,2,4,3,2,0.2212,0.4461,0.0436,0.6169,0.0725,0.465,0.0335,0.1745,0.05,0.0527,8,16,0,0,0,0,2,2,0,0,0.381,1.671,0.0,0.0,0.0,0.0,0.0398,0.0843,0.0,0.0,10,18,20.77,17.3
4436510,2024-11-20,bra,2024,Brasileirao,34,Jonathan Benkenstein Pinheiro,9808,Corinthians,9781,Cruzeiro,1,2,1,45,55,13,8,9,2,4,6,0,0,1,0,11,3,2,5,3,4,5,2,5,2,18,17,13,15,3,3,0,0,1,1,22,10,7,13,1,1,14,13,0,6,52,43,45.0,33.0,7.0,10.0,11.0,10.0,398,483,327.0,431.0,197,270,130,161,28.0,14.0,3.0,4.0,3.13,0.32,3.07,0.24,0.07,0.08,3.13,0.32,2.17,0.28,2,0,7,2,2,1,1,3,1,2,1.0633,0.0,1.9581,0.0478,0.3486,0.0623,0.0792,0.1643,0.0193,0.0457,10,6,2,0,0,1,1,1,0,0,3.2112,0.2353,0.1919,0.0,0.0,0.0623,0.0654,0.0224,0.0,0.0,13,8,13.92,21.71
4436510,2024-11-20,bra,2024,Brasileirao,34,Jonathan Benkenstein Pinheiro,9781,Cruzeiro,9808,Corinthians,0,1,2,55,45,8,13,2,9,6,4,0,0,0,1,3,11,5,2,4,3,2,5,2,5,17,18,15,13,3,3,0,0,1,1,10,22,13,7,1,1,13,14,6,0,43,52,33.0,45.0,10.0,7.0,10.0,11.0,483,398,431.0,327.0,270,197,161,130,14.0,28.0,4.0,3.0,0.32,3.13,0.24,3.07,0.08,0.07,0.32,3.13,0.28,2.17,0,2,2,7,1,2,3,1,2,1,0.0,1.0633,0.0478,1.9581,0.0623,0.3486,0.1643,0.0792,0.0457,0.0193,6,10,0,2,1,0,1,1,0,0,0.2353,3.2112,0.0,0.1919,0.0623,0.0,0.0224,0.0654,0.0,0.0,8,13,21.71,13.92
4436513,2024-11-20,bra,2024,Brasileirao,34,Wagner do Nascimento Magalhaes,7877,Bahia,10283,Palmeiras,1,1,2,58,42,17,11,5,2,9,2,3,7,0,0,11,6,6,5,4,5,4,1,4,0,27,10,15,14,1,1,0,0,3,4,11,10,11,10,7,3,18,22,1,4,56,48,38.0,35.0,18.0,13.0,13.0,11.0,471,336,390.0,262.0,183,111,207,151,19.0,22.0,9.0,4.0,1.76,0.52,1.55,0.36,0.2,0.16,1.76,0.52,1.04,1.2,1,0,9,3,1,3,4,4,2,1,0.2326,0.0,1.3699,0.2698,0.0382,0.0667,0.0891,0.1742,0.0352,0.0224,14,6,0,1,2,3,1,1,0,0,1.5622,0.3404,0.0,0.0193,0.1942,0.061,0.0086,0.1126,0.0,0.0,17,11,16.4,19.39
4436513,2024-11-20,bra,2024,Brasileirao,34,Wagner do Nascimento Magalhaes,10283,Palmeiras,7877,Bahia,0,2,1,42,58,11,17,2,5,2,9,7,3,0,0,6,11,5,6,5,4,1,4,0,4,10,27,14,15,1,1,0,0,4,3,10,11,10,11,3,7,22,18,4,1,48,56,35.0,38.0,13.0,18.0,11.0,13.0,336,471,262.0,390.0,111,183,151,207,22.0,19.0,4.0,9.0,0.52,1.76,0.36,1.55,0.16,0.2,0.52,1.76,1.2,1.04,0,1,3,9,3,1,4,4,1,2,0.0,0.2326,0.2698,1.3699,0.0667,0.0382,0.1742,0.0891,0.0224,0.0352,6,14,1,0,3,2,1,1,0,0,0.3404,1.5622,0.0193,0.0,0.061,0.1942,0.1126,0.0086,0.0,0.0,11,17,19.39,16.4
4436515,2024-11-20,bra,2024,Brasileirao,34,Bruno Arleu de Araújo,9769,Gremio,10274,Juventude,1,2,2,57,43,11,11,3,5,6,4,2,2,1,0,7,7,4,4,5,4,2,2,1,1,19,16,17,16,3,5,0,0,1,0,21,25,13,10,2,1,18,27,3,2,61,69,43.0,50.0,18.0,19.0,9.0,8.0,466,355,394.0,277.0,194,159,200,118,28.0,20.0,3.0,7.0,1.15,1.6,1.0,0.64,0.15,0.18,1.15,0.82,1.37,1.25,0,1,4,5,3,1,2,2,2,2,0.0,0.0855,0.2228,1.1716,0.2248,0.2267,0.1942,0.0934,0.054,0.0273,7,7,1,0,0,2,3,1,0,1,0.4493,0.6536,0.16,0.0,0.0,0.1229,0.0865,0.0396,0.0,0.7884,11,11,17.83,16.37
4436515,2024-11-20,bra,2024,Brasileirao,34,Bruno Arleu de Araújo,10274,Juventude,9769,Gremio,0,2,2,43,57,11,11,5,3,4,6,2,2,0,1,7,7,4,4,4,5,2,2,1,1,16,19,16,17,5,3,0,0,0,1,25,21,10,13,1,2,27,18,2,3,69,61,50.0,43.0,19.0,18.0,8.0,9.0,355,466,277.0,394.0,159,194,118,200,20.0,28.0,7.0,3.0,1.6,1.15,0.64,1.0,0.18,0.15,0.82,1.15,1.25,1.37,1,0,5,4,1,3,2,2,2,2,0.0855,0.0,1.1716,0.2228,0.2267,0.2248,0.0934,0.1942,0.0273,0.054,7,7,0,1,2,0,1,3,1,0,0.6536,0.4493,0.0,0.16,0.1229,0.0,0.0396,0.0865,0.7884,0.0,11,11,16.37,17.83
4436511,2024-11-21,bra,2024,Brasileirao,34,Rodrigo José Pereira de Lima,10276,Vasco da Gama,8702,Internacional,1,0,1,49,51,12,16,2,7,6,5,4,4,0,0,8,3,4,13,8,3,1,1,1,1,11,24,8,10,1,0,0,0,5,0,18,15,11,12,3,6,29,31,6,0,56,41,40.0,31.0,16.0,10.0,13.0,8.0,406,444,330.0,365.0,176,129,154,236,33.0,12.0,3.0,5.0,0.88,1.03,0.57,0.8,0.31,0.22,0.88,1.03,0.0,1.39,1,1,2,2,5,0,2,11,2,2,0.2885,0.0825,0.3463,0.4305,0.1233,0.0,0.0819,0.4374,0.0419,0.0762,10,11,0,2,2,1,0,2,0,0,0.5743,0.6837,0.0,0.1195,0.3076,0.0215,0.0,0.2019,0.0,0.0,12,16,18.68,20.07
4436511,2024-11-21,bra,2024,Brasileirao,34,Rodrigo José Pereira de Lima,8702,Internacional,10276,Vasco da Gama,0,1,0,51,49,16,12,7,2,5,6,4,4,0,0,3,8,13,4,3,8,1,1,1,1,24,11,10,8,0,1,0,0,0,5,15,18,12,11,6,3,31,29,0,6,41,56,31.0,40.0,10.0,16.0,8.0,13.0,444,406,365.0,330.0,129,176,236,154,12.0,33.0,5.0,3.0,1.03,0.88,0.8,0.57,0.22,0.31,1.03,0.88,1.39,0.0,1,1,2,2,0,5,11,2,2,2,0.0825,0.2885,0.4305,0.3463,0.0,0.1233,0.4374,0.0819,0.0762,0.0419,11,10,2,0,1,2,2,0,0,0,0.6837,0.5743,0.1195,0.0,0.0215,0.3076,0.2019,0.0,0.0,0.0,16,12,20.07,18.68
4436514,2024-11-21,bra,2024,Brasileirao,34,Luiz Flávio de Oliveira,10272,Atletico MG,8517,Botafogo RJ,1,0,0,29,71,3,27,0,4,2,14,1,9,0,0,0,12,3,15,1,11,0,3,0,3,4,35,9,11,5,0,1,2,3,0,11,17,10,3,8,1,38,15,4,0,40,70,26.0,42.0,14.0,28.0,4.0,16.0,234,531,165.0,465.0,96,132,69,333,20.0,26.0,2.0,11.0,0.09,2.05,0.01,1.69,0.08,0.37,0.09,2.05,0.0,0.91,0,3,0,7,0,2,2,13,1,2,0.0,0.8432,0.0,0.6748,0.0,0.0809,0.0772,0.4049,0.0123,0.0498,0,19,1,0,0,4,2,4,0,0,0.0,1.6851,0.0117,0.0,0.0,0.1741,0.0777,0.1945,0.0,0.0,3,27,36.36,17.78
4436514,2024-11-21,bra,2024,Brasileirao,34,Luiz Flávio de Oliveira,8517,Botafogo RJ,10272,Atletico MG,0,0,0,71,29,27,3,4,0,14,2,9,1,0,0,12,0,15,3,11,1,3,0,3,0,35,4,11,9,0,5,2,1,0,3,17,11,3,10,1,8,15,38,0,4,70,40,42.0,26.0,28.0,14.0,16.0,4.0,531,234,465.0,165.0,132,96,333,69,26.0,20.0,11.0,2.0,2.05,0.09,1.69,0.01,0.37,0.08,2.05,0.09,0.91,0.0,3,0,7,0,2,0,13,2,2,1,0.8432,0.0,0.6748,0.0,0.0809,0.0,0.4049,0.0772,0.0498,0.0123,19,0,0,1,4,0,4,2,0,0,1.6851,0.0,0.0,0.0117,0.1741,0.0,0.1945,0.0777,0.0,0.0,27,3,17.78,36.36
4436512,2024-11-23,bra,2024,Brasileirao,34,Raphael Claus,9863,Fluminense,8287,Fortaleza,1,2,2,74,26,10,11,5,5,2,4,3,2,0,0,6,6,4,5,8,3,1,2,0,0,25,15,9,11,1,3,0,0,1,2,9,18,6,9,2,3,15,33,3,3,35,41,29.0,31.0,6.0,10.0,9.0,5.0,679,233,617.0,182.0,227,84,390,98,17.0,20.0,6.0,3.0,0.95,1.18,0.86,1.06,0.09,0.12,0.95,1.18,1.49,2.33,1,1,4,2,1,3,2,5,2,0,0.3435,0.7273,0.4465,0.0904,0.0698,0.1532,0.0522,0.2096,0.0378,0.0,8,7,0,1,2,1,0,2,0,0,0.8556,1.0059,0.0,0.0526,0.0942,0.0378,0.0,0.0842,0.0,0.0,10,11,17.33,18.31
4436512,2024-11-23,bra,2024,Brasileirao,34,Raphael Claus,8287,Fortaleza,9863,Fluminense,0,2,2,26,74,11,10,5,5,4,2,2,3,0,0,6,6,5,4,3,8,2,1,0,0,15,25,11,9,3,1,0,0,2,1,18,9,9,6,3,2,33,15,3,3,41,35,31.0,29.0,10.0,6.0,5.0,9.0,233,679,182.0,617.0,84,227,98,390,20.0,17.0,3.0,6.0,1.18,0.95,1.06,0.86,0.12,0.09,1.18,0.95,2.33,1.49,1,1,2,4,3,1,5,2,0,2,0.7273,0.3435,0.0904,0.4465,0.1532,0.0698,0.2096,0.0522,0.0,0.0378,7,8,1,0,1,2,2,0,0,0,1.0059,0.8556,0.0526,0.0,0.0378,0.0942,0.0842,0.0,0.0,0.0,11,10,18.31,17.33
4436544,2024-11-23,bra,2024,Brasileirao,35,Jonathan Benkenstein Pinheiro,165545,Atletico GO,10283,Palmeiras,1,0,1,55,45,9,10,2,3,4,6,3,1,0,1,4,5,5,5,4,2,0,2,0,2,17,16,16,14,3,2,0,0,1,0,15,18,8,7,1,3,21,41,2,2,54,55,42.0,41.0,12.0,14.0,14.0,8.0,462,389,387.0,307.0,166,167,221,140,20.0,21.0,1.0,1.0,0.24,0.76,0.23,0.59,0.01,0.17,0.24,0.76,0.12,0.88,0,0,0,3,4,2,2,1,3,4,0.0,0.0,0.0,0.8614,0.1133,0.0599,0.068,0.0367,0.0634,0.1046,7,4,1,2,1,4,0,0,0,0,0.1983,0.1269,0.0357,0.7367,0.0108,0.1991,0.0,0.0,0.0,0.0,9,10,23.83,18.73
4436544,2024-11-23,bra,2024,Brasileirao,35,Jonathan Benkenstein Pinheiro,10283,Palmeiras,165545,Atletico GO,0,1,0,45,55,10,9,3,2,6,4,1,3,1,0,5,4,5,5,2,4,2,0,2,0,16,17,14,16,2,3,0,0,0,1,18,15,7,8,3,1,41,21,2,2,55,54,41.0,42.0,14.0,12.0,8.0,14.0,389,462,307.0,387.0,167,166,140,221,21.0,20.0,1.0,1.0,0.76,0.24,0.59,0.23,0.17,0.01,0.76,0.24,0.88,0.12,0,0,3,0,2,4,1,2,4,3,0.0,0.0,0.8614,0.0,0.0599,0.1133,0.0367,0.068,0.1046,0.0634,4,7,2,1,4,1,0,0,0,0,0.1269,0.1983,0.7367,0.0357,0.1991,0.0108,0.0,0.0,0.0,0.0,10,9,18.73,23.83
4436545,2024-11-23,bra,2024,Brasileirao,35,Matheus Delgado Candançan,10274,Juventude,197815,Cuiaba,1,1,1,60,40,19,7,4,1,11,4,4,2,1,1,11,4,8,3,6,5,0,2,0,1,25,10,9,7,0,3,0,0,2,1,22,17,12,11,2,4,12,27,0,3,48,39,37.0,29.0,11.0,10.0,8.0,3.0,503,340,425.0,261.0,205,155,220,106,23.0,33.0,8.0,3.0,1.41,0.56,0.98,0.4,0.43,0.16,1.41,0.56,1.38,0.66,1,1,8,3,2,0,6,2,2,1,0.1775,0.0318,0.8986,0.3746,0.1164,0.0,0.1739,0.1231,0.0441,0.032,14,2,0,1,4,2,1,2,0,0,0.9821,0.3175,0.0,0.0843,0.4093,0.0889,0.0191,0.0707,0.0,0.0,19,7,17.68,16.55
4436545,2024-11-23,bra,2024,Brasileirao,35,Matheus Delgado Candançan,197815,Cuiaba,10274,Juventude,0,1,1,40,60,7,19,1,4,4,11,2,4,1,1,4,11,3,8,5,6,2,0,1,0,10,25,7,9,3,0,0,0,1,2,17,22,11,12,4,2,27,12,3,0,39,48,29.0,37.0,10.0,11.0,3.0,8.0,340,503,261.0,425.0,155,205,106,220,33.0,23.0,3.0,8.0,0.56,1.41,0.4,0.98,0.16,0.43,0.56,1.41,0.66,1.38,1,1,3,8,0,2,2,6,1,2,0.0318,0.1775,0.3746,0.8986,0.0,0.1164,0.1231,0.1739,0.032,0.0441,2,14,1,0,2,4,2,1,0,0,0.3175,0.9821,0.0843,0.0,0.0889,0.4093,0.0707,0.0191,0.0,0.0,7,19,16.55,17.68
4436549,2024-11-23,bra,2024,Brasileirao,35,Ramon Abatti,8517,Botafogo RJ,7733,Vitoria,1,1,1,73,27,26,10,9,4,8,5,9,1,0,0,20,2,6,8,10,0,3,0,3,0,56,5,10,7,3,4,1,0,1,1,9,22,10,8,1,8,10,62,3,9,53,62,27.0,39.0,26.0,23.0,11.0,7.0,650,254,564.0,177.0,176,99,388,78,28.0,16.0,13.0,0.0,1.82,0.5,1.57,0.41,0.24,0.09,1.82,0.5,1.36,0.94,1,0,16,2,3,0,2,3,4,5,0.4497,0.0,1.1594,0.1857,0.0898,0.0,0.0834,0.1575,0.1012,0.1911,19,5,0,2,6,0,1,3,0,0,1.6419,0.3696,0.0,0.0709,0.2317,0.0,0.0099,0.0938,0.0,0.0,26,10,15.06,22.95
4436549,2024-11-23,bra,2024,Brasileirao,35,Ramon Abatti,7733,Vitoria,8517,Botafogo RJ,0,1,1,27,73,10,26,4,9,5,8,1,9,0,0,2,20,8,6,0,10,0,3,0,3,5,56,7,10,4,3,0,1,1,1,22,9,8,10,8,1,62,10,9,3,62,53,39.0,27.0,23.0,26.0,7.0,11.0,254,650,177.0,564.0,99,176,78,388,16.0,28.0,0.0,13.0,0.5,1.82,0.41,1.57,0.09,0.24,0.5,1.82,0.94,1.36,0,1,2,16,0,3,3,2,5,4,0.0,0.4497,0.1857,1.1594,0.0,0.0898,0.1575,0.0834,0.1911,0.1012,5,19,2,0,0,6,3,1,0,0,0.3696,1.6419,0.0709,0.0,0.0,0.2317,0.0938,0.0099,0.0,0.0,10,26,22.95,15.06
4436503,2024-11-24,bra,2024,Brasileirao,35,Rodrigo José Pereira de Lima,7877,Bahia,10273,Athletico Paranaense,1,1,1,74,26,25,6,8,3,12,2,5,1,1,0,17,5,8,1,11,1,5,2,4,1,41,7,7,13,1,2,0,0,1,4,19,22,2,9,1,5,2,36,2,7,53,51,40.0,33.0,13.0,18.0,9.0,6.0,646,242,596.0,169.0,238,119,358,50,21.0,21.0,8.0,2.0,1.86,0.81,0.88,0.79,0.98,0.01,1.86,0.81,2.83,0.65,1,0,10,4,6,1,5,1,3,0,0.3041,0.0,0.9467,0.5299,0.3512,0.23,0.1954,0.0486,0.0651,0.0,12,4,1,1,8,0,4,1,0,0,0.846,0.5645,0.0307,0.23,0.6659,0.0,0.3198,0.0141,0.0,0.0,25,6,15.17,13.48
4436503,2024-11-24,bra,2024,Brasileirao,35,Rodrigo José Pereira de Lima,10273,Athletico Paranaense,7877,Bahia,0,1,1,26,74,6,25,3,8,2,12,1,5,0,1,5,17,1,8,1,11,2,5,1,4,7,41,13,7,2,1,0,0,4,1,22,19,9,2,5,1,36,2,7,2,51,53,33.0,40.0,18.0,13.0,6.0,9.0,242,646,169.0,596.0,119,238,50,358,21.0,21.0,2.0,8.0,0.81,1.86,0.79,0.88,0.01,0.98,0.81,1.86,0.65,2.83,0,1,4,10,1,6,1,5,0,3,0.0,0.3041,0.5299,0.9467,0.23,0.3512,0.0486,0.1954,0.0,0.0651,4,12,1,1,0,8,1,4,0,0,0.5645,0.846,0.23,0.0307,0.0,0.6659,0.0141,0.3198,0.0,0.0,6,25,13.48,15.17
4436505,2024-11-24,bra,2024,Brasileirao,35,Marcelo de Lima Henrique,8702,Internacional,109705,Red Bull Bragantino,1,4,1,55,45,16,5,7,1,4,3,5,1,2,0,11,4,5,1,8,4,4,1,1,0,31,13,16,12,2,2,0,0,1,1,19,17,15,11,1,4,17,20,0,3,50,50,41.0,40.0,9.0,10.0,11.0,7.0,424,350,352.0,274.0,185,157,167,117,29.0,23.0,5.0,3.0,3.13,0.3,1.96,0.1,0.38,0.2,2.34,0.3,3.1,0.51,3,1,7,1,1,2,3,1,2,0,1.4309,0.1833,1.4787,0.017,0.0164,0.0507,0.154,0.0309,0.0467,0.0,8,2,1,1,4,1,2,1,1,0,1.812,0.0478,0.1468,0.0339,0.211,0.1833,0.1685,0.017,0.7884,0.0,16,5,15.16,16.26
4436505,2024-11-24,bra,2024,Brasileirao,35,Marcelo de Lima Henrique,109705,Red Bull Bragantino,8702,Internacional,0,1,4,45,55,5,16,1,7,3,4,1,5,0,2,4,11,1,5,4,8,1,4,0,1,13,31,12,16,2,2,0,0,1,1,17,19,11,15,4,1,20,17,3,0,50,50,40.0,41.0,10.0,9.0,7.0,11.0,350,424,274.0,352.0,157,185,117,167,23.0,29.0,3.0,5.0,0.3,3.13,0.1,1.96,0.2,0.38,0.3,2.34,0.51,3.1,1,3,1,7,2,1,1,3,0,2,0.1833,1.4309,0.017,1.4787,0.0507,0.0164,0.0309,0.154,0.0,0.0467,2,8,1,1,1,4,1,2,0,1,0.0478,1.812,0.0339,0.1468,0.1833,0.211,0.017,0.1685,0.0,0.7884,5,16,16.26,15.16
4436541,2024-11-24,bra,2024,Brasileirao,35,Davi de Oliveira Lacerda,9808,Corinthians,10276,Vasco da Gama,1,3,1,60,40,23,8,8,2,10,3,5,3,0,0,14,2,9,6,7,6,1,0,1,0,35,7,8,14,1,4,0,0,1,0,12,18,11,7,3,5,13,26,1,5,40,36,33.0,31.0,7.0,5.0,7.0,7.0,494,339,441.0,271.0,229,190,212,81,23.0,21.0,12.0,2.0,1.2,0.27,1.03,0.18,0.17,0.09,1.2,0.27,1.36,0.11,0,0,11,1,3,1,6,3,3,3,0.0,0.0,0.8021,0.0702,0.0797,0.0476,0.2707,0.0823,0.0458,0.0734,15,6,2,0,5,1,1,1,0,0,0.9568,0.1807,0.0738,0.0,0.1497,0.0227,0.0181,0.0702,0.0,0.0,23,8,18.12,23.39
4436541,2024-11-24,bra,2024,Brasileirao,35,Davi de Oliveira Lacerda,10276,Vasco da Gama,9808,Corinthians,0,1,3,40,60,8,23,2,8,3,10,3,5,0,0,2,14,6,9,6,7,0,1,0,1,7,35,14,8,4,1,0,0,0,1,18,12,7,11,5,3,26,13,5,1,36,40,31.0,33.0,5.0,7.0,7.0,7.0,339,494,271.0,441.0,190,229,81,212,21.0,23.0,2.0,12.0,0.27,1.2,0.18,1.03,0.09,0.17,0.27,1.2,0.11,1.36,0,0,1,11,1,3,3,6,3,3,0.0,0.0,0.0702,0.8021,0.0476,0.0797,0.0823,0.2707,0.0734,0.0458,6,15,0,2,1,5,1,1,0,0,0.1807,0.9568,0.0,0.0738,0.0227,0.1497,0.0702,0.0181,0.0,0.0,8,23,23.39,18.12
4436542,2024-11-24,bra,2024,Brasileirao,35,Alex Gomes Stefano,10277,Sao Paulo,10272,Atletico MG,1,2,2,54,46,13,3,4,3,7,0,2,0,2,1,6,2,7,1,7,1,1,2,0,0,21,2,11,11,3,4,0,1,0,0,12,18,11,11,0,2,3,23,1,3,42,45,35.0,34.0,7.0,11.0,12.0,8.0,555,486,483.0,409.0,190,282,293,127,21.0,26.0,4.0,0.0,0.97,1.03,0.91,0.96,0.06,0.07,0.97,1.03,1.27,2.0,0,1,5,1,1,0,4,1,3,0,0.0,0.9586,0.6545,0.0656,0.0439,0.0,0.177,0.0499,0.0948,0.0,11,2,0,0,0,0,2,1,0,0,0.9055,1.0086,0.0,0.0,0.0,0.0,0.0646,0.0656,0.0,0.0,13,3,18.54,11.7
4436542,2024-11-24,bra,2024,Brasileirao,35,Alex Gomes Stefano,10272,Atletico MG,10277,Sao Paulo,0,2,2,46,54,3,13,3,4,0,7,0,2,1,2,2,6,1,7,1,7,2,1,0,0,2,21,11,11,4,3,1,0,0,0,18,12,11,11,2,0,23,3,3,1,45,42,34.0,35.0,11.0,7.0,8.0,12.0,486,555,409.0,483.0,282,190,127,293,26.0,21.0,0.0,4.0,1.03,0.97,0.96,0.91,0.07,0.06,1.03,0.97,2.0,1.27,1,0,1,5,0,1,1,4,0,3,0.9586,0.0,0.0656,0.6545,0.0,0.0439,0.0499,0.177,0.0,0.0948,2,11,0,0,0,0,1,2,0,0,1.0086,0.9055,0.0,0.0,0.0,0.0,0.0656,0.0646,0.0,0.0,3,13,11.7,18.54
4436502,2024-11-26,bra,2024,Brasileirao,35,Luiz Flávio de Oliveira,9863,Fluminense,7729,Criciuma,1,0,0,64,36,19,10,3,3,10,5,6,2,1,2,9,6,10,4,9,4,0,3,0,3,28,18,6,15,1,2,0,0,2,2,14,16,4,11,1,6,15,38,3,3,51,50,38.0,30.0,13.0,20.0,11.0,8.0,592,334,526.0,256.0,234,153,292,103,32.0,20.0,9.0,4.0,1.05,1.09,0.92,0.11,0.13,0.99,1.05,1.09,0.49,1.18,0,3,6,2,3,1,7,1,3,3,0.0,1.0151,0.5408,0.0599,0.0984,0.0325,0.3221,0.0192,0.0901,0.0459,13,4,1,1,1,5,4,0,0,0,0.7784,0.0783,0.14,0.0193,0.0274,1.075,0.1056,0.0,0.0,0.0,19,10,19.24,17.14
4436502,2024-11-26,bra,2024,Brasileirao,35,Luiz Flávio de Oliveira,7729,Criciuma,9863,Fluminense,0,0,0,36,64,10,19,3,3,5,10,2,6,2,1,6,9,4,10,4,9,3,0,3,0,18,28,15,6,2,1,0,0,2,2,16,14,11,4,6,1,38,15,3,3,50,51,30.0,38.0,20.0,13.0,8.0,11.0,334,592,256.0,526.0,153,234,103,292,20.0,32.0,4.0,9.0,1.09,1.05,0.11,0.92,0.99,0.13,1.09,1.05,1.18,0.49,3,0,2,6,1,3,1,7,3,3,1.0151,0.0,0.0599,0.5408,0.0325,0.0984,0.0192,0.3221,0.0459,0.0901,4,13,1,1,5,1,0,4,0,0,0.0783,0.7784,0.0193,0.14,1.075,0.0274,0.0,0.1056,0.0,0.0,10,19,17.14,19.24
4436543,2024-11-26,bra,2024,Brasileirao,35,Anderson Daronco,8287,Fortaleza,9770,Flamengo,1,0,0,39,61,7,16,1,4,4,5,2,7,0,1,4,10,3,6,5,5,0,6,0,6,6,35,16,14,2,2,0,1,1,1,15,17,11,6,7,2,12,18,4,1,46,52,35.0,37.0,11.0,15.0,6.0,4.0,315,517,249.0,437.0,132,218,117,219,14.0,26.0,1.0,6.0,0.22,1.32,0.2,1.03,0.02,0.29,0.22,1.32,0.07,0.68,0,0,1,9,3,1,1,3,2,3,0.0,0.0,0.0411,1.0628,0.1262,0.031,0.0232,0.1586,0.0299,0.08,4,10,2,3,1,1,0,2,0,0,0.0942,0.7388,0.1084,0.3023,0.0179,0.0145,0.0,0.2767,0.0,0.0,7,16,21.26,16.27
4436543,2024-11-26,bra,2024,Brasileirao,35,Anderson Daronco,9770,Flamengo,8287,Fortaleza,0,0,0,61,39,16,7,4,1,5,4,7,2,1,0,10,4,6,3,5,5,6,0,6,0,35,6,14,16,2,2,1,0,1,1,17,15,6,11,2,7,18,12,1,4,52,46,37.0,35.0,15.0,11.0,4.0,6.0,517,315,437.0,249.0,218,132,219,117,26.0,14.0,6.0,1.0,1.32,0.22,1.03,0.2,0.29,0.02,1.32,0.22,0.68,0.07,0,0,9,1,1,3,3,1,3,2,0.0,0.0,1.0628,0.0411,0.031,0.1262,0.1586,0.0232,0.08,0.0299,10,4,3,2,1,1,2,0,0,0,0.7388,0.0942,0.3023,0.1084,0.0145,0.0179,0.2767,0.0,0.0,0.0,16,7,16.27,21.26
4436547,2024-11-27,bra,2024,Brasileirao,36,Flavio Rodrigues De Souza,10272,Atletico MG,10274,Juventude,1,2,3,64,36,21,13,6,7,10,4,5,2,2,0,18,8,3,5,9,5,4,2,2,0,28,11,13,8,1,0,0,0,0,2,19,13,5,11,2,5,19,27,4,3,54,49,32.0,32.0,22.0,17.0,6.0,6.0,533,302,465.0,219.0,195,138,270,81,49.0,27.0,13.0,3.0,2.96,1.02,1.77,0.54,0.41,0.48,2.17,1.02,2.1,2.07,1,1,15,6,2,1,1,5,2,0,0.3052,0.2181,2.7552,0.5966,0.0296,0.1094,0.0117,0.1173,0.0212,0.0,16,5,1,2,3,5,0,1,1,0,1.2617,0.4526,0.5661,0.1802,0.5066,0.402,0.0,0.0067,0.7884,0.0,21,13,13.99,18.05
4436547,2024-11-27,bra,2024,Brasileirao,36,Flavio Rodrigues De Souza,10274,Juventude,10272,Atletico MG,0,3,2,36,64,13,21,7,6,4,10,2,5,0,2,8,18,5,3,5,9,2,4,0,2,11,28,8,13,0,1,0,0,2,0,13,19,11,5,5,2,27,19,3,4,49,54,32.0,32.0,17.0,22.0,6.0,6.0,302,533,219.0,465.0,138,195,81,270,27.0,49.0,3.0,13.0,1.02,2.96,0.54,1.77,0.48,0.41,1.02,2.17,2.07,2.1,1,1,6,15,1,2,5,1,0,2,0.2181,0.3052,0.5966,2.7552,0.1094,0.0296,0.1173,0.0117,0.0,0.0212,5,16,2,1,5,3,1,0,0,1,0.4526,1.2617,0.1802,0.5661,0.402,0.5066,0.0067,0.0,0.0,0.7884,13,21,18.05,13.99
4436551,2024-11-27,bra,2024,Brasileirao,36,Wilton Pereira Sampaio,10283,Palmeiras,8517,Botafogo RJ,1,1,3,55,45,19,13,5,7,8,2,6,4,1,0,11,7,8,6,5,7,3,3,3,1,25,19,9,16,2,4,1,0,0,1,22,16,7,10,4,5,20,31,4,5,70,46,49.0,28.0,21.0,18.0,13.0,4.0,385,326,311.0,250.0,153,129,158,121,19.0,18.0,10.0,3.0,1.54,1.3,0.71,1.11,0.83,0.19,1.54,1.3,0.28,1.89,3,0,6,6,2,1,5,4,3,2,0.5176,0.0,0.7345,1.125,0.0695,0.1758,0.1575,0.1729,0.0601,0.0837,10,6,0,3,3,2,6,2,0,0,0.712,0.6991,0.0,0.664,0.5573,0.1325,0.2698,0.0619,0.0,0.0,19,13,17.36,18.81
4436551,2024-11-27,bra,2024,Brasileirao,36,Wilton Pereira Sampaio,8517,Botafogo RJ,10283,Palmeiras,0,3,1,45,55,13,19,7,5,2,8,4,6,0,1,7,11,6,8,7,5,3,3,1,3,19,25,16,9,4,2,0,1,1,0,16,22,10,7,5,4,31,20,5,4,46,70,28.0,49.0,18.0,21.0,4.0,13.0,326,385,250.0,311.0,129,153,121,158,18.0,19.0,3.0,10.0,1.3,1.54,1.11,0.71,0.19,0.83,1.3,1.54,1.89,0.28,0,3,6,6,1,2,4,5,2,3,0.0,0.5176,1.125,0.7345,0.1758,0.0695,0.1729,0.1575,0.0837,0.0601,6,10,3,0,2,3,2,6,0,0,0.6991,0.712,0.664,0.0,0.1325,0.5573,0.0619,0.2698,0.0,0.0,13,19,18.81,17.36
4436504,2024-11-28,bra,2024,Brasileirao,35,Raphael Claus,9781,Cruzeiro,9769,Gremio,1,1,1,61,39,19,9,3,4,10,3,6,2,1,0,12,6,7,3,5,1,2,2,2,1,31,17,16,6,2,1,0,0,2,2,16,13,8,11,2,6,3,32,3,2,28,57,26.0,39.0,2.0,18.0,4.0,11.0,571,379,497.0,314.0,188,212,309,102,22.0,29.0,2.0,3.0,1.55,0.75,1.24,0.74,0.32,0.02,1.55,0.75,1.03,0.77,1,1,7,3,4,2,3,1,4,2,0.1199,0.1961,1.0843,0.4992,0.1794,0.0439,0.0807,0.0441,0.0899,0.0406,12,6,1,2,2,0,4,1,0,0,1.2007,0.4564,0.0371,0.3513,0.0729,0.0,0.2435,0.0162,0.0,0.0,19,9,18.55,16.06
4436504,2024-11-28,bra,2024,Brasileirao,35,Raphael Claus,9769,Gremio,9781,Cruzeiro,0,1,1,39,61,9,19,4,3,3,10,2,6,0,1,6,12,3,7,1,5,2,2,1,2,17,31,6,16,1,2,0,0,2,2,13,16,11,8,6,2,32,3,2,3,57,28,39.0,26.0,18.0,2.0,11.0,4.0,379,571,314.0,497.0,212,188,102,309,29.0,22.0,3.0,2.0,0.75,1.55,0.74,1.24,0.02,0.32,0.75,1.55,0.77,1.03,1,1,3,7,2,4,1,3,2,4,0.1961,0.1199,0.4992,1.0843,0.0439,0.1794,0.0441,0.0807,0.0406,0.0899,6,12,2,1,0,2,1,4,0,0,0.4564,1.2007,0.3513,0.0371,0.0,0.0729,0.0162,0.2435,0.0,0.0,9,19,16.06,18.55
4436554,2024-11-30,bra,2024,Brasileirao,36,Davi de Oliveira Lacerda,197815,Cuiaba,7877,Bahia,1,1,2,44,56,11,12,2,3,7,6,2,3,0,0,7,6,4,6,3,4,1,2,0,1,16,18,9,8,4,1,0,0,5,1,16,21,9,14,2,3,17,10,1,0,44,51,36.0,39.0,8.0,12.0,12.0,10.0,409,525,350.0,473.0,200,224,150,249,35.0,27.0,4.0,7.0,1.61,1.13,0.63,1.1,0.98,0.03,1.61,1.13,0.95,1.2,1,2,6,3,0,1,3,6,1,0,0.8969,0.6063,0.5965,0.0894,0.0,0.1953,0.0713,0.2371,0.0669,0.0,9,10,0,0,1,2,1,0,0,0,0.6559,1.1012,0.0,0.0,0.0788,0.0269,0.8969,0.0,0.0,0.0,11,12,16.84,16.91
4436554,2024-11-30,bra,2024,Brasileirao,36,Davi de Oliveira Lacerda,7877,Bahia,197815,Cuiaba,0,2,1,56,44,12,11,3,2,6,7,3,2,0,0,6,7,6,4,4,3,2,1,1,0,18,16,8,9,1,4,0,0,1,5,21,16,14,9,3,2,10,17,0,1,51,44,39.0,36.0,12.0,8.0,10.0,12.0,525,409,473.0,350.0,224,200,249,150,27.0,35.0,7.0,4.0,1.13,1.61,1.1,0.63,0.03,0.98,1.13,1.61,1.2,0.95,2,1,3,6,1,0,6,3,0,1,0.6063,0.8969,0.0894,0.5965,0.1953,0.0,0.2371,0.0713,0.0,0.0669,10,9,0,0,2,1,0,1,0,0,1.1012,0.6559,0.0,0.0,0.0269,0.0788,0.0,0.8969,0.0,0.0,12,11,16.91,16.84
4436555,2024-11-30,bra,2024,Brasileirao,36,Anderson Daronco,7729,Criciuma,9808,Corinthians,1,2,4,38,62,12,19,4,11,4,4,4,4,0,0,6,11,6,8,3,7,1,3,0,1,20,30,10,8,2,3,0,0,1,3,19,16,12,7,4,3,22,17,7,2,49,48,41.0,38.0,8.0,10.0,14.0,12.0,340,581,269.0,512.0,137,232,132,280,25.0,21.0,8.0,3.0,0.76,2.35,0.47,2.17,0.29,0.18,0.76,2.35,2.11,3.15,0,0,5,8,1,3,4,5,2,3,0.0,0.0,0.5664,2.003,0.052,0.0661,0.0972,0.2112,0.0405,0.0695,7,15,0,2,2,2,3,0,0,0,0.4696,0.8934,0.0,1.2724,0.0968,0.1841,0.1897,0.0,0.0,0.0,12,19,19.27,18.9
4436555,2024-11-30,bra,2024,Brasileirao,36,Anderson Daronco,9808,Corinthians,7729,Criciuma,0,4,2,62,38,19,12,11,4,4,4,4,4,0,0,11,6,8,6,7,3,3,1,1,0,30,20,8,10,3,2,0,0,3,1,16,19,7,12,3,4,17,22,2,7,48,49,38.0,41.0,10.0,8.0,12.0,14.0,581,340,512.0,269.0,232,137,280,132,21.0,25.0,3.0,8.0,2.35,0.76,2.17,0.47,0.18,0.29,2.35,0.76,3.15,2.11,0,0,8,5,3,1,5,4,3,2,0.0,0.0,2.003,0.5664,0.0661,0.052,0.2112,0.0972,0.0695,0.0405,15,7,2,0,2,2,0,3,0,0,0.8934,0.4696,1.2724,0.0,0.1841,0.0968,0.0,0.1897,0.0,0.0,19,12,18.9,19.27
4436540,2024-12-01,bra,2024,Brasileirao,36,Rodrigo José Pereira de Lima,9770,Flamengo,8702,Internacional,1,3,2,56,44,17,12,10,6,5,3,2,3,1,0,12,8,5,4,6,4,4,3,2,2,32,25,14,12,2,2,0,0,4,2,24,19,13,8,2,2,16,16,4,7,59,52,46.0,41.0,13.0,11.0,10.0,9.0,440,345,374.0,278.0,183,158,191,120,26.0,17.0,5.0,5.0,2.59,1.04,0.93,0.43,1.66,0.61,2.59,1.04,3.32,2.25,3,3,8,4,1,1,5,1,0,3,1.4997,0.7291,0.9593,0.238,0.0539,0.0229,0.2082,0.0197,0.0,0.0641,8,6,2,0,2,4,5,2,0,0,0.8608,0.4312,0.1272,0.0,0.1879,0.5686,1.5452,0.0741,0.0,0.0,17,12,15.03,17.69
4436540,2024-12-01,bra,2024,Brasileirao,36,Rodrigo José Pereira de Lima,8702,Internacional,9770,Flamengo,0,2,3,44,56,12,17,6,10,3,5,3,2,0,1,8,12,4,5,4,6,3,4,2,2,25,32,12,14,2,2,0,0,2,4,19,24,8,13,2,2,16,16,7,4,52,59,41.0,46.0,11.0,13.0,9.0,10.0,345,440,278.0,374.0,158,183,120,191,17.0,26.0,5.0,5.0,1.04,2.59,0.43,0.93,0.61,1.66,1.04,2.59,2.25,3.32,3,3,4,8,1,1,1,5,3,0,0.7291,1.4997,0.238,0.9593,0.0229,0.0539,0.0197,0.2082,0.0641,0.0,6,8,0,2,4,2,2,5,0,0,0.4312,0.8608,0.0,0.1272,0.5686,0.1879,0.0741,1.5452,0.0,0.0,12,17,17.69,15.03
4436546,2024-12-01,bra,2024,Brasileirao,36,Ramon Abatti,9769,Gremio,10277,Sao Paulo,1,2,1,39,61,16,7,8,2,2,3,6,2,0,0,14,4,2,3,10,6,2,0,2,0,36,17,11,7,1,1,0,0,2,2,22,19,10,4,2,7,16,15,1,6,48,49,36.0,36.0,12.0,13.0,8.0,6.0,308,501,249.0,451.0,110,181,139,270,15.0,27.0,6.0,2.0,1.81,0.26,1.6,0.18,0.22,0.08,1.81,0.26,2.0,0.32,1,0,13,1,0,3,1,2,1,1,0.1888,0.0,1.5674,0.046,0.0,0.1021,0.0418,0.0954,0.0164,0.0153,11,5,0,0,5,2,0,0,0,0,1.6484,0.1796,0.0,0.0,0.166,0.0792,0.0,0.0,0.0,0.0,16,7,13.48,18.2
4436546,2024-12-01,bra,2024,Brasileirao,36,Ramon Abatti,10277,Sao Paulo,9769,Gremio,0,1,2,61,39,7,16,2,8,3,2,2,6,0,0,4,14,3,2,6,10,0,2,0,2,17,36,7,11,1,1,0,0,2,2,19,22,4,10,7,2,15,16,6,1,49,48,36.0,36.0,13.0,12.0,6.0,8.0,501,308,451.0,249.0,181,110,270,139,27.0,15.0,2.0,6.0,0.26,1.81,0.18,1.6,0.08,0.22,0.26,1.81,0.32,2.0,0,1,1,13,3,0,2,1,1,1,0.0,0.1888,0.046,1.5674,0.1021,0.0,0.0954,0.0418,0.0153,0.0164,5,11,0,0,2,5,0,0,0,0,0.1796,1.6484,0.0,0.0,0.0792,0.166,0.0,0.0,0.0,0.0,7,16,18.2,13.48
4436548,2024-12-01,bra,2024,Brasileirao,36,Wilton Pereira Sampaio,7733,Vitoria,8287,Fortaleza,1,2,0,29,71,19,11,8,2,4,2,7,7,0,0,15,3,4,8,7,8,5,1,3,1,21,16,13,10,4,3,0,0,1,0,11,13,5,6,7,7,43,11,2,6,41,40,29.0,31.0,12.0,9.0,8.0,6.0,221,552,180.0,493.0,112,175,68,318,29.0,17.0,6.0,5.0,2.74,0.59,1.69,0.5,1.06,0.09,2.74,0.59,3.39,0.23,4,0,5,3,6,0,1,5,3,3,1.6395,0.0,0.7404,0.3923,0.3817,0.0,0.0117,0.1225,0.1032,0.0818,8,8,3,0,7,1,1,2,0,0,1.5229,0.5039,0.2254,0.0,1.0988,0.0134,0.0293,0.0794,0.0,0.0,19,11,14.91,22.35
4436548,2024-12-01,bra,2024,Brasileirao,36,Wilton Pereira Sampaio,8287,Fortaleza,7733,Vitoria,0,0,2,71,29,11,19,2,8,2,4,7,7,0,0,3,15,8,4,8,7,1,5,1,3,16,21,10,13,3,4,0,0,0,1,13,11,6,5,7,7,11,43,6,2,40,41,31.0,29.0,9.0,12.0,6.0,8.0,552,221,493.0,180.0,175,112,318,68,17.0,29.0,5.0,6.0,0.59,2.74,0.5,1.69,0.09,1.06,0.59,2.74,0.23,3.39,0,4,3,5,0,6,5,1,3,3,0.0,1.6395,0.3923,0.7404,0.0,0.3817,0.1225,0.0117,0.0818,0.1032,8,8,0,3,1,7,2,1,0,0,0.5039,1.5229,0.0,0.2254,0.0134,1.0988,0.0794,0.0293,0.0,0.0,11,19,22.35,14.91
4436550,2024-12-01,bra,2024,Brasileirao,36,Lucas Paulo Torezin,10276,Vasco da Gama,165545,Atletico GO,1,2,2,62,38,16,12,7,6,7,5,2,1,1,0,8,8,8,4,5,3,4,2,2,1,21,18,10,10,2,1,0,1,1,3,11,8,10,4,2,2,17,34,3,5,42,41,24.0,23.0,18.0,18.0,3.0,6.0,594,385,527.0,314.0,218,208,309,106,29.0,24.0,5.0,2.0,1.02,1.23,0.96,1.2,0.06,0.03,1.02,1.23,0.84,2.53,1,0,6,5,1,3,7,3,1,1,0.3841,0.0,0.8976,0.6333,0.0317,0.353,0.227,0.2307,0.0303,0.014,14,8,1,2,0,2,1,0,0,0,1.4758,0.958,0.0303,0.2399,0.0,0.0332,0.0646,0.0,0.0,0.0,16,12,19.11,17.16
4436550,2024-12-01,bra,2024,Brasileirao,36,Lucas Paulo Torezin,165545,Atletico GO,10276,Vasco da Gama,0,2,2,38,62,12,16,6,7,5,7,1,2,0,1,8,8,4,8,3,5,2,4,1,2,18,21,10,10,1,2,1,0,3,1,8,11,4,10,2,2,34,17,5,3,41,42,23.0,24.0,18.0,18.0,6.0,3.0,385,594,314.0,527.0,208,218,106,309,24.0,29.0,2.0,5.0,1.23,1.02,1.2,0.96,0.03,0.06,1.23,1.02,2.53,0.84,0,1,5,6,3,1,3,7,1,1,0.0,0.3841,0.6333,0.8976,0.353,0.0317,0.2307,0.227,0.014,0.0303,8,14,2,1,2,0,0,1,0,0,0.958,1.4758,0.2399,0.0303,0.0332,0.0,0.0,0.0646,0.0,0.0,12,16,17.16,19.11
4436552,2024-12-01,bra,2024,Brasileirao,36,Rafael Rodrigo Klein,109705,Red Bull Bragantino,9781,Cruzeiro,1,1,1,33,67,7,22,2,2,4,9,1,11,0,0,4,11,3,11,6,10,0,1,0,0,10,31,11,14,2,2,0,0,0,0,12,13,5,4,11,1,43,13,1,1,49,47,34.0,32.0,15.0,15.0,8.0,8.0,300,614,223.0,560.0,126,222,97,338,38.0,25.0,3.0,8.0,0.37,1.44,0.11,1.19,0.26,0.24,0.37,1.44,0.28,0.68,0,0,4,9,0,2,0,6,3,5,0.0,0.0,0.3022,1.0121,0.0,0.1008,0.0,0.1966,0.0649,0.1259,3,14,1,1,2,4,1,3,0,0,0.0704,1.1726,0.0371,0.0222,0.137,0.1446,0.1227,0.096,0.0,0.0,7,22,17.66,18.96
4436552,2024-12-01,bra,2024,Brasileirao,36,Rafael Rodrigo Klein,9781,Cruzeiro,109705,Red Bull Bragantino,0,1,1,67,33,22,7,2,2,9,4,11,1,0,0,11,4,11,3,10,6,1,0,0,0,31,10,14,11,2,2,0,0,0,0,13,12,4,5,1,11,13,43,1,1,47,49,32.0,34.0,15.0,15.0,8.0,8.0,614,300,560.0,223.0,222,126,338,97,25.0,38.0,8.0,3.0,1.44,0.37,1.19,0.11,0.24,0.26,1.44,0.37,0.68,0.28,0,0,9,4,2,0,6,0,5,3,0.0,0.0,1.0121,0.3022,0.1008,0.0,0.1966,0.0,0.1259,0.0649,14,3,1,1,4,2,3,1,0,0,1.1726,0.0704,0.0222,0.0371,0.1446,0.137,0.096,0.1227,0.0,0.0,22,7,18.96,17.66
4436553,2024-12-01,bra,2024,Brasileirao,36,Raphael Claus,10273,Athletico Paranaense,9863,Fluminense,1,1,1,29,71,16,15,4,4,10,3,2,8,0,0,10,10,6,5,3,8,1,1,0,1,15,20,10,10,1,2,1,1,0,2,26,14,6,2,8,2,20,25,3,3,52,45,39.0,28.0,13.0,17.0,3.0,5.0,247,613,188.0,545.0,110,314,78,231,18.0,42.0,3.0,4.0,1.14,1.48,0.34,0.46,0.8,0.23,1.14,0.69,1.86,1.99,1,1,5,7,4,2,2,3,4,2,0.3854,0.0799,0.5182,1.2288,0.1269,0.0394,0.0481,0.0815,0.0637,0.0491,11,10,0,0,1,2,4,2,0,1,0.3443,0.4631,0.0,0.0,0.0073,0.0899,0.7907,0.1372,0.0,0.7884,16,15,18.08,17.64
4436553,2024-12-01,bra,2024,Brasileirao,36,Raphael Claus,9863,Fluminense,10273,Athletico Paranaense,0,1,1,71,29,15,16,4,4,3,10,8,2,0,0,10,10,5,6,8,3,1,1,1,0,20,15,10,10,2,1,1,1,2,0,14,26,2,6,2,8,25,20,3,3,45,52,28.0,39.0,17.0,13.0,5.0,3.0,613,247,545.0,188.0,314,110,231,78,42.0,18.0,4.0,3.0,1.48,1.14,0.46,0.34,0.23,0.8,0.69,1.14,1.99,1.86,1,1,7,5,2,4,3,2,2,4,0.0799,0.3854,1.2288,0.5182,0.0394,0.1269,0.0815,0.0481,0.0491,0.0637,10,11,0,0,2,1,2,4,1,0,0.4631,0.3443,0.0,0.0,0.0899,0.0073,0.1372,0.7907,0.7884,0.0,15,16,17.64,18.08
4436525,2024-12-03,bra,2024,Brasileirao,37,Bruno Arleu de Araújo,9808,Corinthians,7877,Bahia,1,3,0,52,48,18,12,7,2,7,7,4,3,0,1,14,8,4,4,7,4,3,0,2,0,24,16,12,13,2,4,0,0,3,1,23,12,9,7,3,4,15,9,2,4,49,33,47.0,28.0,2.0,5.0,11.0,5.0,514,474,465.0,420.0,236,229,229,191,37.0,25.0,4.0,5.0,1.78,0.35,1.69,0.29,0.09,0.06,1.78,0.35,1.72,0.41,0,0,8,5,6,3,2,4,2,0,0.0,0.0,1.1535,0.198,0.4685,0.0811,0.0932,0.122,0.0671,0.0,12,10,4,0,1,2,1,0,0,0,1.1591,0.3398,0.5288,0.0,0.0454,0.0613,0.049,0.0,0.0,0.0,18,12,16.34,19.55
4436525,2024-12-03,bra,2024,Brasileirao,37,Bruno Arleu de Araújo,7877,Bahia,9808,Corinthians,0,0,3,48,52,12,18,2,7,7,7,3,4,1,0,8,14,4,4,4,7,0,3,0,2,16,24,13,12,4,2,0,0,1,3,12,23,7,9,4,3,9,15,4,2,33,49,28.0,47.0,5.0,2.0,5.0,11.0,474,514,420.0,465.0,229,236,191,229,25.0,37.0,5.0,4.0,0.35,1.78,0.29,1.69,0.06,0.09,0.35,1.78,0.41,1.72,0,0,5,8,3,6,4,2,0,2,0.0,0.0,0.198,1.1535,0.0811,0.4685,0.122,0.0932,0.0,0.0671,10,12,0,4,2,1,0,1,0,0,0.3398,1.1591,0.0,0.5288,0.0613,0.0454,0.0,0.049,0.0,0.0,12,18,19.55,16.34
4436524,2024-12-04,bra,2024,Brasileirao,37,Davi de Oliveira Lacerda,10276,Vasco da Gama,10272,Atletico MG,1,2,0,58,42,11,11,4,3,6,3,1,5,0,0,7,5,4,6,3,6,2,2,0,2,20,8,20,13,4,3,0,0,1,2,21,18,14,10,5,1,15,24,3,2,55,57,45.0,46.0,10.0,11.0,13.0,9.0,442,319,380.0,272.0,151,163,229,109,19.0,25.0,4.0,4.0,1.32,0.58,1.29,0.4,0.03,0.18,1.32,0.58,1.58,0.2,0,0,7,4,0,1,3,4,1,2,0.0,0.0,1.1533,0.2894,0.0,0.099,0.1461,0.2466,0.0245,0.0441,8,4,2,1,0,2,1,4,0,0,0.7792,0.3647,0.5142,0.1336,0.0,0.0343,0.0305,0.1465,0.0,0.0,11,11,15.68,19.82
4436524,2024-12-04,bra,2024,Brasileirao,37,Davi de Oliveira Lacerda,10272,Atletico MG,10276,Vasco da Gama,0,0,2,42,58,11,11,3,4,3,6,5,1,0,0,5,7,6,4,6,3,2,2,2,0,8,20,13,20,3,4,0,0,2,1,18,21,10,14,1,5,24,15,2,3,57,55,46.0,45.0,11.0,10.0,9.0,13.0,319,442,272.0,380.0,163,151,109,229,25.0,19.0,4.0,4.0,0.58,1.32,0.4,1.29,0.18,0.03,0.58,1.32,0.2,1.58,0,0,4,7,1,0,4,3,2,1,0.0,0.0,0.2894,1.1533,0.099,0.0,0.2466,0.1461,0.0441,0.0245,4,8,1,2,2,0,4,1,0,0,0.3647,0.7792,0.1336,0.5142,0.0343,0.0,0.1465,0.0305,0.0,0.0,11,11,19.82,15.68
4436526,2024-12-04,bra,2024,Brasileirao,37,Sávio Pereira Sampaio,10277,Sao Paulo,10274,Juventude,1,1,2,69,31,10,13,2,7,5,4,3,2,0,0,7,6,3,7,12,2,0,1,0,0,25,16,9,15,0,2,0,0,2,0,11,23,3,13,2,3,6,23,5,1,45,50,33.0,35.0,12.0,15.0,8.0,5.0,607,270,544.0,210.0,224,136,320,74,27.0,24.0,9.0,3.0,0.54,1.07,0.22,0.97,0.32,0.1,0.54,1.07,0.58,1.7,0,1,6,3,1,2,1,4,2,3,0.0,0.5537,0.3831,0.2889,0.0299,0.0671,0.0731,0.1123,0.054,0.0512,5,11,0,1,3,0,2,1,0,0,0.2197,0.9557,0.0,0.013,0.2,0.0,0.1203,0.1045,0.0,0.0,10,13,14.39,21.72
4436526,2024-12-04,bra,2024,Brasileirao,37,Sávio Pereira Sampaio,10274,Juventude,10277,Sao Paulo,0,2,1,31,69,13,10,7,2,4,5,2,3,0,0,6,7,7,3,2,12,1,0,0,0,16,25,15,9,2,0,0,0,0,2,23,11,13,3,3,2,23,6,1,5,50,45,35.0,33.0,15.0,12.0,5.0,8.0,270,607,210.0,544.0,136,224,74,320,24.0,27.0,3.0,9.0,1.07,0.54,0.97,0.22,0.1,0.32,1.07,0.54,1.7,0.58,1,0,3,6,2,1,4,1,3,2,0.5537,0.0,0.2889,0.3831,0.0671,0.0299,0.1123,0.0731,0.0512,0.054,11,5,1,0,0,3,1,2,0,0,0.9557,0.2197,0.013,0.0,0.0,0.2,0.1045,0.1203,0.0,0.0,13,10,21.72,14.39
4436529,2024-12-04,bra,2024,Brasileirao,37,Wilton Pereira Sampaio,7729,Criciuma,9770,Flamengo,1,0,3,38,62,16,12,4,7,6,2,6,3,1,0,8,8,8,4,7,3,1,4,1,2,19,19,16,6,1,0,0,0,1,0,17,16,9,8,2,6,15,18,4,4,49,55,33.0,44.0,16.0,11.0,10.0,14.0,366,634,297.0,556.0,141,283,156,273,27.0,40.0,6.0,3.0,0.67,1.89,0.51,1.08,0.16,0.02,0.67,1.1,0.31,2.01,0,0,3,6,5,2,4,3,4,1,0.0,0.0,0.1771,1.5136,0.2688,0.2789,0.0971,0.0795,0.1252,0.0154,12,7,0,2,3,1,1,1,0,1,0.508,0.7733,0.0,0.3049,0.1042,0.0099,0.0561,0.0108,0.0,0.7884,16,12,21.12,18.69
4436529,2024-12-04,bra,2024,Brasileirao,37,Wilton Pereira Sampaio,9770,Flamengo,7729,Criciuma,0,3,0,62,38,12,16,7,4,2,6,3,6,0,1,8,8,4,8,3,7,4,1,2,1,19,19,6,16,0,1,0,0,0,1,16,17,8,9,6,2,18,15,4,4,55,49,44.0,33.0,11.0,16.0,14.0,10.0,634,366,556.0,297.0,283,141,273,156,40.0,27.0,3.0,6.0,1.89,0.67,1.08,0.51,0.02,0.16,1.1,0.67,2.01,0.31,0,0,6,3,2,5,3,4,1,4,0.0,0.0,1.5136,0.1771,0.2789,0.2688,0.0795,0.0971,0.0154,0.1252,7,12,2,0,1,3,1,1,1,0,0.7733,0.508,0.3049,0.0,0.0099,0.1042,0.0108,0.0561,0.7884,0.0,12,16,18.69,21.12
4436531,2024-12-04,bra,2024,Brasileirao,37,Alex Gomes Stefano,7733,Vitoria,9769,Gremio,1,1,1,49,51,25,7,5,2,10,4,10,1,0,0,12,4,13,3,7,1,1,0,0,0,34,11,13,10,1,2,0,0,3,0,16,16,13,5,1,9,2,34,1,4,47,49,34.0,34.0,13.0,15.0,8.0,5.0,437,486,376.0,409.0,139,248,237,161,19.0,20.0,11.0,3.0,1.54,0.64,1.22,0.5,0.31,0.14,1.54,0.64,1.86,0.19,0,0,11,3,1,1,9,2,4,1,0.0,0.0,1.0361,0.4304,0.1072,0.1209,0.3363,0.0639,0.0572,0.0167,17,4,0,1,5,1,3,1,0,0,1.2241,0.3034,0.0,0.1899,0.1752,0.0167,0.1375,0.1219,0.0,0.0,25,7,19.93,18.25
4436531,2024-12-04,bra,2024,Brasileirao,37,Alex Gomes Stefano,9769,Gremio,7733,Vitoria,0,1,1,51,49,7,25,2,5,4,10,1,10,0,0,4,12,3,13,1,7,0,1,0,0,11,34,10,13,2,1,0,0,0,3,16,16,5,13,9,1,34,2,4,1,49,47,34.0,34.0,15.0,13.0,5.0,8.0,486,437,409.0,376.0,248,139,161,237,20.0,19.0,3.0,11.0,0.64,1.54,0.5,1.22,0.14,0.31,0.64,1.54,0.19,1.86,0,0,3,11,1,1,2,9,1,4,0.0,0.0,0.4304,1.0361,0.1209,0.1072,0.0639,0.3363,0.0167,0.0572,4,17,1,0,1,5,1,3,0,0,0.3034,1.2241,0.1899,0.0,0.0167,0.1752,0.1219,0.1375,0.0,0.0,7,25,18.25,19.93
4436523,2024-12-05,bra,2024,Brasileirao,37,Rafael Rodrigo Klein,9863,Fluminense,197815,Cuiaba,1,1,0,58,42,24,3,6,3,12,0,6,0,1,0,11,0,13,3,10,3,2,0,1,0,38,1,14,9,3,4,0,0,1,1,10,24,11,8,0,6,8,25,3,5,34,55,24.0,45.0,10.0,10.0,8.0,8.0,502,370,442.0,298.0,189,188,253,110,18.0,24.0,6.0,1.0,2.03,0.05,0.98,0.03,0.26,0.01,1.24,0.05,1.92,0.24,1,0,8,0,2,0,4,2,9,1,0.5725,0.0,1.0838,0.0,0.0697,0.0,0.1284,0.0296,0.1891,0.0179,16,2,0,0,6,1,1,0,1,0,1.0318,0.0341,0.0,0.0,0.1963,0.0134,0.027,0.0,0.7884,0.0,24,3,19.85,30.72
4436523,2024-12-05,bra,2024,Brasileirao,37,Rafael Rodrigo Klein,197815,Cuiaba,9863,Fluminense,0,0,1,42,58,3,24,3,6,0,12,0,6,0,1,0,11,3,13,3,10,0,2,0,1,1,38,9,14,4,3,0,0,1,1,24,10,8,11,6,0,25,8,5,3,55,34,45.0,24.0,10.0,10.0,8.0,8.0,370,502,298.0,442.0,188,189,110,253,24.0,18.0,1.0,6.0,0.05,2.03,0.03,0.98,0.01,0.26,0.05,1.24,0.24,1.92,0,1,0,8,0,2,2,4,1,9,0.0,0.5725,0.0,1.0838,0.0,0.0697,0.0296,0.1284,0.0179,0.1891,2,16,0,0,1,6,0,1,0,1,0.0341,1.0318,0.0,0.0,0.0134,0.1963,0.0,0.027,0.0,0.7884,3,24,30.72,19.85
4436527,2024-12-05,bra,2024,Brasileirao,37,Rodrigo José Pereira de Lima,10273,Athletico Paranaense,109705,Red Bull Bragantino,1,1,2,53,47,22,13,7,4,6,7,9,2,0,0,8,6,14,7,6,5,3,1,2,0,25,20,14,15,1,5,0,0,0,1,15,16,4,12,2,8,21,32,2,6,65,66,38.0,38.0,27.0,28.0,8.0,10.0,385,347,292.0,268.0,124,155,168,113,48.0,16.0,6.0,4.0,1.81,0.74,1.71,0.65,0.11,0.09,1.81,0.74,2.65,2.02,2,0,6,4,0,2,7,4,7,3,0.6592,0.0,0.5567,0.4332,0.0,0.0616,0.4154,0.177,0.1822,0.0639,19,10,1,1,1,2,1,0,0,0,1.5218,0.6214,0.2049,0.0261,0.0375,0.0883,0.0494,0.0,0.0,0.0,22,13,19.38,20.09
4436527,2024-12-05,bra,2024,Brasileirao,37,Rodrigo José Pereira de Lima,109705,Red Bull Bragantino,10273,Athletico Paranaense,0,2,1,47,53,13,22,4,7,7,6,2,9,0,0,6,8,7,14,5,6,1,3,0,2,20,25,15,14,5,1,0,0,1,0,16,15,12,4,8,2,32,21,6,2,66,65,38.0,38.0,28.0,27.0,10.0,8.0,347,385,268.0,292.0,155,124,113,168,16.0,48.0,4.0,6.0,0.74,1.81,0.65,1.71,0.09,0.11,0.74,1.81,2.02,2.65,0,2,4,6,2,0,4,7,3,7,0.0,0.6592,0.4332,0.5567,0.0616,0.0,0.177,0.4154,0.0639,0.1822,10,19,1,1,2,1,0,1,0,0,0.6214,1.5218,0.0261,0.2049,0.0883,0.0375,0.0,0.0494,0.0,0.0,13,22,20.09,19.38
4436528,2024-12-05,bra,2024,Brasileirao,37,Lucas Casagrande,165545,Atletico GO,8287,Fortaleza,1,3,1,56,44,27,12,10,4,7,2,10,6,0,0,14,8,13,4,5,3,1,2,0,1,37,17,13,16,4,3,0,0,2,0,12,21,11,11,5,12,15,27,3,5,51,53,36.0,38.0,15.0,15.0,9.0,5.0,465,372,396.0,299.0,211,157,185,142,29.0,18.0,6.0,3.0,1.97,1.57,1.23,0.4,0.74,0.38,1.97,0.78,2.91,1.92,3,1,7,4,4,3,10,2,3,2,1.0401,0.1828,0.4745,1.0779,0.1724,0.1422,0.3634,0.17,0.0794,0.0507,14,8,1,0,7,0,5,3,0,1,1.2509,0.4513,0.059,0.0,0.4193,0.0,0.4007,0.3839,0.0,0.7884,27,12,17.85,17.1
4436528,2024-12-05,bra,2024,Brasileirao,37,Lucas Casagrande,8287,Fortaleza,165545,Atletico GO,0,1,3,44,56,12,27,4,10,2,7,6,10,0,0,8,14,4,13,3,5,2,1,1,0,17,37,16,13,3,4,0,0,0,2,21,12,11,11,12,5,27,15,5,3,53,51,38.0,36.0,15.0,15.0,5.0,9.0,372,465,299.0,396.0,157,211,142,185,18.0,29.0,3.0,6.0,1.57,1.97,0.4,1.23,0.38,0.74,0.78,1.97,1.92,2.91,1,3,4,7,3,4,2,10,2,3,0.1828,1.0401,1.0779,0.4745,0.1422,0.1724,0.17,0.3634,0.0507,0.0794,8,14,0,1,0,7,3,5,1,0,0.4513,1.2509,0.0,0.059,0.0,0.4193,0.3839,0.4007,0.7884,0.0,12,27,17.1,17.85
4436556,2024-12-05,bra,2024,Brasileirao,37,Ramon Abatti,8702,Internacional,8517,Botafogo RJ,1,0,1,67,33,14,2,6,1,6,1,2,0,1,0,8,0,6,2,10,1,1,0,1,0,43,2,9,12,5,2,0,0,0,5,24,21,5,10,0,2,2,44,0,6,64,46,48.0,34.0,16.0,12.0,12.0,4.0,510,267,430.0,184.0,206,122,224,62,24.0,18.0,9.0,1.0,0.9,0.08,0.78,0.04,0.12,0.04,0.9,0.08,1.3,0.17,1,0,4,0,3,0,6,2,0,0,0.1213,0.0,0.3392,0.0,0.2078,0.0,0.2301,0.0844,0.0,0.0,12,0,0,1,2,1,0,0,0,0,0.8037,0.0,0.0,0.0439,0.0946,0.0405,0.0,0.0,0.0,0.0,14,2,17.32,21.6
4436556,2024-12-05,bra,2024,Brasileirao,37,Ramon Abatti,8517,Botafogo RJ,8702,Internacional,0,1,0,33,67,2,14,1,6,1,6,0,2,0,1,0,8,2,6,1,10,0,1,0,1,2,43,12,9,2,5,0,0,5,0,21,24,10,5,2,0,44,2,6,0,46,64,34.0,48.0,12.0,16.0,4.0,12.0,267,510,184.0,430.0,122,206,62,224,18.0,24.0,1.0,9.0,0.08,0.9,0.04,0.78,0.04,0.12,0.08,0.9,0.17,1.3,0,1,0,4,0,3,2,6,0,0,0.0,0.1213,0.0,0.3392,0.0,0.2078,0.0844,0.2301,0.0,0.0,0,12,1,0,1,2,0,0,0,0,0.0,0.8037,0.0439,0.0,0.0405,0.0946,0.0,0.0,0.0,0.0,2,14,21.6,17.32
4436557,2024-12-05,bra,2024,Brasileirao,37,Anderson Daronco,9781,Cruzeiro,10283,Palmeiras,1,1,2,46,54,9,31,3,12,5,10,1,9,0,0,5,20,4,11,7,6,1,5,1,5,11,44,14,13,3,1,0,0,1,0,10,16,8,12,10,1,34,27,9,2,38,55,28.0,44.0,10.0,11.0,8.0,14.0,413,486,351.0,425.0,217,178,134,247,20.0,23.0,1.0,8.0,0.62,2.87,0.53,2.65,0.1,0.22,0.62,2.87,1.08,2.92,0,1,3,12,2,7,2,5,2,6,0.0,0.2072,0.5158,1.7457,0.0855,0.3694,0.0677,0.391,0.0364,0.1517,5,24,2,2,1,1,1,4,0,0,0.1412,2.4298,0.4681,0.2192,0.0478,0.0203,0.0484,0.1958,0.0,0.0,9,31,20.54,17.68
4436557,2024-12-05,bra,2024,Brasileirao,37,Anderson Daronco,10283,Palmeiras,9781,Cruzeiro,0,2,1,54,46,31,9,12,3,10,5,9,1,0,0,20,5,11,4,6,7,5,1,5,1,44,11,13,14,1,3,0,0,0,1,16,10,12,8,1,10,27,34,2,9,55,38,44.0,28.0,11.0,10.0,14.0,8.0,486,413,425.0,351.0,178,217,247,134,23.0,20.0,8.0,1.0,2.87,0.62,2.65,0.53,0.22,0.1,2.87,0.62,2.92,1.08,1,0,12,3,7,2,5,2,6,2,0.2072,0.0,1.7457,0.5158,0.3694,0.0855,0.391,0.0677,0.1517,0.0364,24,5,2,2,1,1,4,1,0,0,2.4298,0.1412,0.2192,0.4681,0.0203,0.0478,0.1958,0.0484,0.0,0.0,31,9,17.68,20.54
4436522,2024-12-08,bra,2024,Brasileirao,38,Rafael Rodrigo Klein,10272,Atletico MG,10273,Athletico Paranaense,1,1,0,62,38,14,7,7,4,4,2,3,1,1,1,6,3,8,4,5,4,3,0,2,0,17,12,12,16,3,3,0,0,0,2,6,14,5,6,1,3,35,27,4,6,46,47,28.0,29.0,18.0,18.0,8.0,3.0,445,262,384.0,191.0,192,102,192,89,31.0,16.0,4.0,3.0,1.36,0.39,0.36,0.28,0.21,0.11,0.57,0.39,2.62,0.92,1,0,2,2,3,1,4,2,4,2,0.1643,0.0,0.8956,0.1929,0.2249,0.0686,0.0544,0.0467,0.0698,0.0399,10,5,0,1,2,1,1,0,1,0,0.3752,0.1742,0.0,0.0686,0.1796,0.1054,0.0659,0.0,0.7884,0.0,14,7,22.65,19.03
4436522,2024-12-08,bra,2024,Brasileirao,38,Rafael Rodrigo Klein,10273,Athletico Paranaense,10272,Atletico MG,0,0,1,38,62,7,14,4,7,2,4,1,3,1,1,3,6,4,8,4,5,0,3,0,2,12,17,16,12,3,3,0,0,2,0,14,6,6,5,3,1,27,35,6,4,47,46,29.0,28.0,18.0,18.0,3.0,8.0,262,445,191.0,384.0,102,192,89,192,16.0,31.0,3.0,4.0,0.39,1.36,0.28,0.36,0.11,0.21,0.39,0.57,0.92,2.62,0,1,2,2,1,3,2,4,2,4,0.0,0.1643,0.1929,0.8956,0.0686,0.2249,0.0467,0.0544,0.0399,0.0698,5,10,1,0,1,2,0,1,0,1,0.1742,0.3752,0.0686,0.0,0.1054,0.1796,0.0,0.0659,0.0,0.7884,7,14,19.03,22.65
4436530,2024-12-08,bra,2024,Brasileirao,38,Paulo Cesar Zanovelli da Silva,9769,Gremio,9808,Corinthians,1,0,3,36,64,18,19,5,6,7,9,6,4,0,0,12,11,6,8,6,7,1,4,1,3,36,31,11,14,2,3,1,1,0,1,15,18,8,10,4,6,19,21,3,5,41,40,38.0,33.0,3.0,7.0,9.0,6.0,292,535,237.0,482.0,113,233,124,249,23.0,26.0,6.0,3.0,0.85,2.22,0.49,1.34,0.36,0.09,0.85,1.43,1.02,2.74,1,0,4,7,7,4,3,4,3,4,0.0535,0.0,0.3286,1.8817,0.2472,0.1972,0.163,0.0941,0.0546,0.0884,10,10,0,4,2,3,6,1,0,1,0.4881,0.6339,0.0,0.7443,0.1221,0.0635,0.2367,0.0314,0.0,0.7884,18,19,17.92,19.53
4436530,2024-12-08,bra,2024,Brasileirao,38,Paulo Cesar Zanovelli da Silva,9808,Corinthians,9769,Gremio,0,3,0,64,36,19,18,6,5,9,7,4,6,0,0,11,12,8,6,7,6,4,1,3,1,31,36,14,11,3,2,1,1,1,0,18,15,10,8,6,4,21,19,5,3,40,41,33.0,38.0,7.0,3.0,6.0,9.0,535,292,482.0,237.0,233,113,249,124,26.0,23.0,3.0,6.0,2.22,0.85,1.34,0.49,0.09,0.36,1.43,0.85,2.74,1.02,0,1,7,4,4,7,4,3,4,3,0.0,0.0535,1.8817,0.3286,0.1972,0.2472,0.0941,0.163,0.0884,0.0546,10,10,4,0,3,2,1,6,1,0,0.6339,0.4881,0.7443,0.0,0.0635,0.1221,0.0314,0.2367,0.7884,0.0,19,18,19.53,17.92
4436532,2024-12-08,bra,2024,Brasileirao,38,Gustavo Ervino Bauermann,7877,Bahia,165545,Atletico GO,1,2,0,48,52,17,13,5,2,6,7,6,4,1,0,13,5,4,8,4,5,5,1,3,1,32,9,15,11,4,1,0,0,2,2,18,16,12,5,4,4,29,23,2,3,56,60,35.0,41.0,21.0,19.0,8.0,10.0,315,343,249.0,280.0,135,136,114,144,10.0,22.0,4.0,1.0,2.95,0.75,1.96,0.56,0.21,0.2,2.16,0.75,1.75,0.29,1,0,11,3,1,2,3,3,1,5,0.2893,0.0,2.5059,0.4701,0.0296,0.0771,0.0848,0.1209,0.0313,0.0866,11,9,1,0,2,2,2,2,1,0,1.6344,0.5565,0.3234,0.0,0.1557,0.0398,0.039,0.1584,0.7884,0.0,17,13,15.74,22.05
4436532,2024-12-08,bra,2024,Brasileirao,38,Gustavo Ervino Bauermann,165545,Atletico GO,7877,Bahia,0,0,2,52,48,13,17,2,5,7,6,4,6,0,1,5,13,8,4,5,4,1,5,1,3,9,32,11,15,1,4,0,0,2,2,16,18,5,12,4,4,23,29,3,2,60,56,41.0,35.0,19.0,21.0,10.0,8.0,343,315,280.0,249.0,136,135,144,114,22.0,10.0,1.0,4.0,0.75,2.95,0.56,1.96,0.2,0.21,0.75,2.16,0.29,1.75,0,1,3,11,2,1,3,3,5,1,0.0,0.2893,0.4701,2.5059,0.0771,0.0296,0.1209,0.0848,0.0866,0.0313,9,11,0,1,2,2,2,2,0,1,0.5565,1.6344,0.0,0.3234,0.0398,0.1557,0.1584,0.039,0.0,0.7884,13,17,22.05,15.74
4436533,2024-12-08,bra,2024,Brasileirao,38,Lucas Casagrande,9770,Flamengo,7733,Vitoria,1,2,2,67,33,23,12,4,5,8,5,11,2,0,0,15,5,8,7,6,4,3,1,2,0,42,12,7,8,0,2,0,0,0,2,17,16,5,14,2,11,11,30,3,2,53,43,38.0,29.0,15.0,14.0,13.0,6.0,619,294,550.0,230.0,160,132,390,98,22.0,36.0,3.0,6.0,1.92,0.92,1.65,0.61,0.27,0.31,1.92,0.92,1.56,0.8,1,0,9,3,5,2,6,6,2,1,0.1858,0.0,1.2839,0.6003,0.1975,0.0432,0.2205,0.1664,0.0308,0.018,18,7,1,1,3,3,1,1,0,0,1.5907,0.536,0.0583,0.018,0.2363,0.0719,0.0331,0.202,0.0,0.0,23,12,17.89,19.81
4436533,2024-12-08,bra,2024,Brasileirao,38,Lucas Casagrande,7733,Vitoria,9770,Flamengo,0,2,2,33,67,12,23,5,4,5,8,2,11,0,0,5,15,7,8,4,6,1,3,0,2,12,42,8,7,2,0,0,0,2,0,16,17,14,5,11,2,30,11,2,3,43,53,29.0,38.0,14.0,15.0,6.0,13.0,294,619,230.0,550.0,132,160,98,390,36.0,22.0,6.0,3.0,0.92,1.92,0.61,1.65,0.31,0.27,0.92,1.92,0.8,1.56,0,1,3,9,2,5,6,6,1,2,0.0,0.1858,0.6003,1.2839,0.0432,0.1975,0.1664,0.2205,0.018,0.0308,7,18,1,1,3,3,1,1,0,0,0.536,1.5907,0.018,0.0583,0.0719,0.2363,0.202,0.0331,0.0,0.0,12,23,19.81,17.89
4436534,2024-12-08,bra,2024,Brasileirao,38,Anderson Daronco,8517,Botafogo RJ,10277,Sao Paulo,1,2,1,46,54,17,5,8,1,8,3,1,1,0,0,10,1,7,4,3,0,4,1,2,0,18,2,8,3,0,0,0,0,1,0,13,21,6,5,1,2,4,8,0,5,31,34,23.0,30.0,8.0,4.0,7.0,1.0,503,601,466.0,545.0,220,451,246,94,18.0,31.0,5.0,0.0,1.88,0.32,1.86,0.32,0.02,0.0,1.88,0.32,1.5,0.59,0,0,10,1,0,0,7,3,0,1,0.0,0.0,1.6743,0.212,0.0,0.0,0.3135,0.1258,0.0,0.0155,16,5,0,0,1,0,0,0,0,0,1.9693,0.3533,0.0,0.0,0.0184,0.0,0.0,0.0,0.0,0.0,17,5,16.03,19.79
4436534,2024-12-08,bra,2024,Brasileirao,38,Anderson Daronco,10277,Sao Paulo,8517,Botafogo RJ,0,1,2,54,46,5,17,1,8,3,8,1,1,0,0,1,10,4,7,0,3,1,4,0,2,2,18,3,8,0,0,0,0,0,1,21,13,5,6,2,1,8,4,5,0,34,31,30.0,23.0,4.0,8.0,1.0,7.0,601,503,545.0,466.0,451,220,94,246,31.0,18.0,0.0,5.0,0.32,1.88,0.32,1.86,0.0,0.02,0.32,1.88,0.59,1.5,0,0,1,10,0,0,3,7,1,0,0.0,0.0,0.212,1.6743,0.0,0.0,0.1258,0.3135,0.0155,0.0,5,16,0,0,0,1,0,0,0,0,0.3533,1.9693,0.0,0.0,0.0,0.0184,0.0,0.0,0.0,0.0,5,17,19.79,16.03
4436535,2024-12-08,bra,2024,Brasileirao,38,Ramon Abatti,10283,Palmeiras,9863,Fluminense,1,0,1,58,42,11,7,3,5,7,2,1,0,0,1,4,4,7,3,11,2,0,3,0,3,16,8,14,11,2,5,0,0,2,0,26,18,8,12,0,0,10,28,4,3,69,61,49.0,39.0,20.0,22.0,13.0,10.0,401,320,317.0,221.0,150,106,167,115,19.0,19.0,4.0,1.0,0.44,0.91,0.3,0.74,0.14,0.18,0.44,0.91,0.62,0.68,0,1,4,2,0,1,4,2,3,1,0.0,0.1617,0.274,0.6424,0.0,0.0534,0.0873,0.0409,0.0755,0.0146,8,3,0,2,1,2,2,0,0,0,0.3,0.1994,0.0,0.5373,0.0642,0.1763,0.0726,0.0,0.0,0.0,11,7,22.26,20.55
4436535,2024-12-08,bra,2024,Brasileirao,38,Ramon Abatti,9863,Fluminense,10283,Palmeiras,0,1,0,42,58,7,11,5,3,2,7,0,1,1,0,4,4,3,7,2,11,3,0,3,0,8,16,11,14,5,2,0,0,0,2,18,26,12,8,0,0,28,10,3,4,61,69,39.0,49.0,22.0,20.0,10.0,13.0,320,401,221.0,317.0,106,150,115,167,19.0,19.0,1.0,4.0,0.91,0.44,0.74,0.3,0.18,0.14,0.91,0.44,0.68,0.62,1,0,2,4,1,0,2,4,1,3,0.1617,0.0,0.6424,0.274,0.0534,0.0,0.0409,0.0873,0.0146,0.0755,3,8,2,0,2,1,0,2,0,0,0.1994,0.3,0.5373,0.0,0.1763,0.0642,0.0,0.0726,0.0,0.0,7,11,20.55,22.26
4436536,2024-12-08,bra,2024,Brasileirao,38,Sávio Pereira Sampaio,109705,Red Bull Bragantino,7729,Criciuma,1,5,1,48,52,18,7,8,4,5,2,5,1,0,0,13,6,5,1,6,8,8,1,3,0,21,19,9,13,1,3,0,0,0,0,15,15,11,5,1,5,23,21,3,3,52,47,35.0,29.0,17.0,18.0,8.0,6.0,292,321,240.0,260.0,126,131,114,129,16.0,26.0,7.0,5.0,3.07,0.36,2.64,0.11,0.43,0.25,3.07,0.36,4.56,1.35,3,0,9,4,1,2,2,1,3,0,0.9582,0.0,1.8821,0.279,0.0854,0.0675,0.0673,0.0101,0.0805,0.0,11,3,2,0,2,2,3,2,0,0,2.1434,0.1086,0.5007,0.0,0.0744,0.2126,0.3551,0.0354,0.0,0.0,18,7,15.07,16.18
4436536,2024-12-08,bra,2024,Brasileirao,38,Sávio Pereira Sampaio,7729,Criciuma,109705,Red Bull Bragantino,0,1,5,52,48,7,18,4,8,2,5,1,5,0,0,6,13,1,5,8,6,1,8,0,3,19,21,13,9,3,1,0,0,0,0,15,15,5,11,5,1,21,23,3,3,47,52,29.0,35.0,18.0,17.0,6.0,8.0,321,292,260.0,240.0,131,126,129,114,26.0,16.0,5.0,7.0,0.36,3.07,0.11,2.64,0.25,0.43,0.36,3.07,1.35,4.56,0,3,4,9,2,1,1,2,0,3,0.0,0.9582,0.279,1.8821,0.0675,0.0854,0.0101,0.0673,0.0,0.0805,3,11,0,2,2,2,2,3,0,0,0.1086,2.1434,0.0,0.5007,0.2126,0.0744,0.0354,0.3551,0.0,0.0,7,18,16.18,15.07
4436537,2024-12-08,bra,2024,Brasileirao,38,Matheus Delgado Candançan,8287,Fortaleza,8702,Internacional,1,3,0,37,63,10,11,5,1,2,6,3,4,0,0,7,5,3,6,4,3,3,2,0,2,15,16,8,13,1,2,0,0,4,2,13,22,12,4,4,3,17,28,1,2,49,51,35.0,43.0,14.0,8.0,9.0,13.0,292,497,217.0,419.0,122,221,95,198,32.0,18.0,2.0,5.0,1.24,1.18,1.02,1.18,0.22,0.0,1.24,1.18,1.63,0.02,1,0,4,4,2,1,0,3,3,3,0.0644,0.0,1.0264,1.0393,0.0784,0.0253,0.0,0.0763,0.0866,0.0383,5,10,0,1,2,0,3,0,0,0,1.0187,1.1539,0.0,0.0253,0.0837,0.0,0.1534,0.0,0.0,0.0,10,11,18.35,22.17
4436537,2024-12-08,bra,2024,Brasileirao,38,Matheus Delgado Candançan,8702,Internacional,8287,Fortaleza,0,0,3,63,37,11,10,1,5,6,2,4,3,0,0,5,7,6,3,3,4,2,3,2,0,16,15,13,8,2,1,0,0,2,4,22,13,4,12,3,4,28,17,2,1,51,49,43.0,35.0,8.0,14.0,13.0,9.0,497,292,419.0,217.0,221,122,198,95,18.0,32.0,5.0,2.0,1.18,1.24,1.18,1.02,0.0,0.22,1.18,1.24,0.02,1.63,0,1,4,4,1,2,3,0,3,3,0.0,0.0644,1.0393,1.0264,0.0253,0.0784,0.0763,0.0,0.0383,0.0866,10,5,1,0,0,2,0,3,0,0,1.1539,1.0187,0.0253,0.0,0.0,0.0837,0.0,0.1534,0.0,0.0,11,10,22.17,18.35
4436538,2024-12-08,bra,2024,Brasileirao,38,Thaillan Azevedo Gomes,197815,Cuiaba,10276,Vasco da Gama,1,1,2,32,68,11,11,4,4,4,4,3,3,2,0,8,8,3,3,2,5,4,2,3,1,13,18,15,8,0,1,0,0,0,2,11,16,8,5,3,3,16,12,2,3,32,38,27.0,29.0,5.0,9.0,8.0,0.0,319,675,264.0,620.0,142,290,122,330,23.0,25.0,2.0,2.0,1.76,1.19,1.71,1.02,0.05,0.18,1.76,1.19,1.63,1.21,3,0,4,4,1,4,1,3,2,0,1.5373,0.0,0.3783,0.9133,0.0676,0.1673,0.0047,0.1483,0.0431,0.0,6,9,2,0,1,1,2,1,0,0,1.8889,1.0506,0.0908,0.0,0.02,0.0862,0.0313,0.0921,0.0,0.0,11,11,16.09,17.25
4436538,2024-12-08,bra,2024,Brasileirao,38,Thaillan Azevedo Gomes,10276,Vasco da Gama,197815,Cuiaba,0,2,1,68,32,11,11,4,4,4,4,3,3,0,2,8,8,3,3,5,2,2,4,1,3,18,13,8,15,1,0,0,0,2,0,16,11,5,8,3,3,12,16,3,2,38,32,29.0,27.0,9.0,5.0,0.0,8.0,675,319,620.0,264.0,290,142,330,122,25.0,23.0,2.0,2.0,1.19,1.76,1.02,1.71,0.18,0.05,1.19,1.76,1.21,1.63,0,3,4,4,4,1,3,1,0,2,0.0,1.5373,0.9133,0.3783,0.1673,0.0676,0.1483,0.0047,0.0,0.0431,9,6,0,2,1,1,1,2,0,0,1.0506,1.8889,0.0,0.0908,0.0862,0.02,0.0921,0.0313,0.0,0.0,11,11,17.25,16.09
4436539,2024-12-08,bra,2024,Brasileirao,38,Edina Alves Batista,10274,Juventude,9781,Cruzeiro,1,0,1,50,50,21,8,7,1,7,5,7,2,0,0,13,5,8,3,8,1,3,2,3,1,25,16,13,13,1,2,2,1,0,3,11,10,11,9,2,7,15,23,0,7,39,40,25.0,30.0,14.0,10.0,3.0,8.0,353,376,301.0,310.0,164,210,137,100,34.0,12.0,8.0,3.0,1.42,0.78,0.4,0.57,1.02,0.22,1.42,0.78,1.51,0.84,4,0,6,4,3,1,3,3,5,0,0.8073,0.0,0.4165,0.6832,0.0915,0.0291,0.0536,0.0712,0.1132,0.0,11,4,1,0,6,2,3,2,0,0,0.4188,0.5658,0.0464,0.0,0.9328,0.0283,0.0841,0.1893,0.0,0.0,21,8,17.45,18.16
4436539,2024-12-08,bra,2024,Brasileirao,38,Edina Alves Batista,9781,Cruzeiro,10274,Juventude,0,1,0,50,50,8,21,1,7,5,7,2,7,0,0,5,13,3,8,1,8,2,3,1,3,16,25,13,13,2,1,1,2,3,0,10,11,9,11,7,2,23,15,7,0,40,39,30.0,25.0,10.0,14.0,8.0,3.0,376,353,310.0,301.0,210,164,100,137,12.0,34.0,3.0,8.0,0.78,1.42,0.57,0.4,0.22,1.02,0.78,1.42,0.84,1.51,0,4,4,6,1,3,3,3,0,5,0.0,0.8073,0.6832,0.4165,0.0291,0.0915,0.0712,0.0536,0.0,0.1132,4,11,0,1,2,6,2,3,0,0,0.5658,0.4188,0.0,0.0464,0.0283,0.9328,0.1893,0.0841,0.0,0.0,8,21,18.16,17.45
4436352,2026-02-05,bra,2024,Brasileirao,2,Savio Pereira Sampaio,10283,Palmeiras,7733,Vitoria,1,5,1,60,40,17,9,8,4,4,2,5,3,1,0,10,6,7,3,6,4,4,3,2,2,33,11,13,16,0,0,0,0,2,1,10,9,7,12,4,6,14,29,2,2,54,42,34.0,30.0,20.0,12.0,8.0,8.0,426,284,370.0,227.0,202,117,168,110,25.0,14.0,5.0,4.0,,,,,,,,,,,0,1,8,1,1,4,6,3,6,1,0.0,0.1568,0.479,0.0392,0.0353,0.3444,0.1453,0.063,0.1321,0.025,14,6,1,1,4,2,2,1,0,0,0.5685,0.221,0.054,0.1994,0.1014,0.1733,0.0678,0.0347,0.0,0.0,21,10,22.16,19.38
4436352,2026-02-05,bra,2024,Brasileirao,2,Savio Pereira Sampaio,7733,Vitoria,10283,Palmeiras,0,1,5,40,60,9,17,4,8,2,4,3,5,0,1,6,10,3,7,4,6,3,4,2,2,11,33,16,13,0,0,0,0,1,2,9,10,12,7,6,4,29,14,2,2,42,54,30.0,34.0,12.0,20.0,8.0,8.0,284,426,227.0,370.0,117,202,110,168,14.0,25.0,4.0,5.0,,,,,,,,,,,1,0,1,8,4,1,3,6,1,6,0.1568,0.0,0.0392,0.479,0.3444,0.0353,0.063,0.1453,0.025,0.1321,6,14,1,1,2,4,1,2,0,0,0.221,0.5685,0.1994,0.054,0.1733,0.1014,0.0347,0.0678,0.0,0.0,10,21,19.38,22.16
