match_id,date,league,season,competition,round,referee,team_id,team,opp_id,opp,is_home,gf,ga,poss,poss_ag,shots,shots_ag,sot,sot_ag,shots_off,shots_off_ag,shots_blocked,shots_blocked_ag,woodwork,woodwork_ag,shots_box,shots_box_ag,shots_obox,shots_obox_ag,corners,corners_ag,bigchance,bigchance_ag,bigchance_missed,bigchance_missed_ag,touches_box,touches_box_ag,fouls,fouls_ag,yellow,yellow_ag,red,red_ag,offsides,offsides_ag,tackles,tackles_ag,interceptions,interceptions_ag,blocks,blocks_ag,clearances,clearances_ag,saves,saves_ag,duels_won,duels_won_ag,ground_duels_won,ground_duels_won_ag,aerials_won,aerials_won_ag,dribbles,dribbles_ag,passes,passes_ag,passes_acc,passes_acc_ag,passes_own_half,passes_own_half_ag,passes_opp_half,passes_opp_half_ag,long_balls_acc,long_balls_acc_ag,crosses_acc,crosses_acc_ag,xg,xg_ag,xg_op,xg_op_ag,xg_sp,xg_sp_ag,xg_np,xg_np_ag,xgot,xgot_ag,z_sixyard,z_sixyard_ag,z_box_c,z_box_c_ag,z_box_w,z_box_w_ag,z_out_c,z_out_c_ag,z_out_w,z_out_w_ag,z_sixyard_xg,z_sixyard_xg_ag,z_box_c_xg,z_box_c_xg_ag,z_box_w_xg,z_box_w_xg_ag,z_out_c_xg,z_out_c_xg_ag,z_out_w_xg,z_out_w_xg_ag,s_open,s_open_ag,s_fastbreak,s_fastbreak_ag,s_corner,s_corner_ag,s_freekick,s_freekick_ag,s_penalty,s_penalty_ag,s_open_xg,s_open_xg_ag,s_fastbreak_xg,s_fastbreak_xg_ag,s_corner_xg,s_corner_xg_ag,s_freekick_xg,s_freekick_xg_ag,s_penalty_xg,s_penalty_xg_ag,shotmap_n,shotmap_n_ag,shot_dist_avg,shot_dist_avg_ag
4506745,2024-08-15,esp,2024/2025,LaLiga,1,Alejandro Muñíz Ruiz,8315,Athletic Club,8305,Getafe,1,1,1,69,31,7,9,4,2,1,5,2,2,0,1,1,5,6,4,5,6,0,1,0,1,10,12,15,12,4,1,0,0,2,6,10,22,4,9,2,1,26,23,1,3,48,60,29.0,42.0,19.0,18.0,9.0,6.0,444,194,352.0,116.0,184,61,168,55,23.0,24.0,2.0,4.0,0.33,0.84,0.19,0.74,0.14,0.1,0.33,0.84,0.92,0.99,0,0,1,5,0,0,3,2,3,2,0.0,0.0,0.0947,0.7689,0.0,0.0,0.1415,0.0381,0.0947,0.0321,4,5,0,0,1,2,2,2,0,0,0.1882,0.7417,0.0,0.0,0.0947,0.061,0.0479,0.0363,0.0,0.0,7,9,23.15,18.83
4506745,2024-08-15,esp,2024/2025,LaLiga,1,Alejandro Muñíz Ruiz,8305,Getafe,8315,Athletic Club,0,1,1,31,69,9,7,2,4,5,1,2,2,1,0,5,1,4,6,6,5,1,0,1,0,12,10,12,15,1,4,0,0,6,2,22,10,9,4,1,2,23,26,3,1,60,48,42.0,29.0,18.0,19.0,6.0,9.0,194,444,116.0,352.0,61,184,55,168,24.0,23.0,4.0,2.0,0.84,0.33,0.74,0.19,0.1,0.14,0.84,0.33,0.99,0.92,0,0,5,1,0,0,2,3,2,3,0.0,0.0,0.7689,0.0947,0.0,0.0,0.0381,0.1415,0.0321,0.0947,5,4,0,0,2,1,2,2,0,0,0.7417,0.1882,0.0,0.0,0.061,0.0947,0.0363,0.0479,0.0,0.0,9,7,18.83,23.15
4506746,2024-08-15,esp,2024/2025,LaLiga,1,Miguel Ángel Ortiz Arias,8603,Real Betis,7732,Girona,1,1,1,39,61,19,13,4,2,10,6,5,5,1,1,10,7,9,6,4,4,2,2,1,1,30,20,11,7,2,0,0,0,1,3,18,21,13,8,5,5,24,13,1,3,40,40,32.0,39.0,8.0,1.0,7.0,8.0,370,577,305.0,507.0,190,266,115,241,25.0,20.0,4.0,5.0,1.44,1.58,1.04,1.58,0.39,0.0,1.44,1.58,1.36,0.99,2,0,5,6,3,1,5,3,4,3,0.2885,0.0,0.7042,1.3705,0.1147,0.024,0.222,0.1185,0.1064,0.066,13,11,3,2,3,0,0,0,0,0,0.7744,1.4985,0.2681,0.0806,0.3933,0.0,0.0,0.0,0.0,0.0,19,13,19.46,16.79
4506746,2024-08-15,esp,2024/2025,LaLiga,1,Miguel Ángel Ortiz Arias,7732,Girona,8603,Real Betis,0,1,1,61,39,13,19,2,4,6,10,5,5,1,1,7,10,6,9,4,4,2,2,1,1,20,30,7,11,0,2,0,0,3,1,21,18,8,13,5,5,13,24,3,1,40,40,39.0,32.0,1.0,8.0,8.0,7.0,577,370,507.0,305.0,266,190,241,115,20.0,25.0,5.0,4.0,1.58,1.44,1.58,1.04,0.0,0.39,1.58,1.44,0.99,1.36,0,2,6,5,1,3,3,5,3,4,0.0,0.2885,1.3705,0.7042,0.024,0.1147,0.1185,0.222,0.066,0.1064,11,13,2,3,0,3,0,0,0,0,1.4985,0.7744,0.0806,0.2681,0.0,0.3933,0.0,0.0,0.0,0.0,13,19,16.79,19.46
4506748,2024-08-16,esp,2024/2025,LaLiga,1,Francisco José Hernández Maeso,8306,Las Palmas,8302,Sevilla,1,2,2,48,52,15,18,5,5,6,10,4,3,1,0,10,12,5,6,6,3,1,3,1,2,22,28,14,15,2,2,0,0,1,2,16,13,9,10,3,4,14,24,4,4,43,53,31.0,31.0,12.0,22.0,3.0,7.0,430,481,345.0,393.0,210,223,135,170,22.0,22.0,12.0,7.0,1.41,1.85,1.17,1.66,0.25,0.19,1.41,1.85,1.13,1.53,1,2,7,10,2,0,5,4,0,2,0.0081,0.6164,1.2549,1.0873,0.0765,0.0,0.075,0.1081,0.0,0.0368,10,16,0,0,3,1,2,1,0,0,1.1748,1.6607,0.0,0.0,0.1362,0.0912,0.1035,0.0967,0.0,0.0,15,18,17.71,16.44
4506748,2024-08-16,esp,2024/2025,LaLiga,1,Francisco José Hernández Maeso,8302,Sevilla,8306,Las Palmas,0,2,2,52,48,18,15,5,5,10,6,3,4,0,1,12,10,6,5,3,6,3,1,2,1,28,22,15,14,2,2,0,0,2,1,13,16,10,9,4,3,24,14,4,4,53,43,31.0,31.0,22.0,12.0,7.0,3.0,481,430,393.0,345.0,223,210,170,135,22.0,22.0,7.0,12.0,1.85,1.41,1.66,1.17,0.19,0.25,1.85,1.41,1.53,1.13,2,1,10,7,0,2,4,5,2,0,0.6164,0.0081,1.0873,1.2549,0.0,0.0765,0.1081,0.075,0.0368,0.0,16,10,0,0,1,3,1,2,0,0,1.6607,1.1748,0.0,0.0,0.0912,0.1362,0.0967,0.1035,0.0,0.0,18,15,16.44,17.71
4506752,2024-08-16,esp,2024/2025,LaLiga,1,Alejandro Quintero González,9910,Celta Vigo,9866,Deportivo Alaves,1,2,1,64,36,6,10,4,2,2,5,0,3,0,0,3,8,3,2,3,3,2,4,1,3,16,22,8,23,2,2,0,0,4,3,18,17,11,8,3,0,21,11,1,2,58,33,46.0,27.0,12.0,6.0,6.0,4.0,551,299,471.0,218.0,246,90,225,128,23.0,26.0,3.0,6.0,0.83,1.6,0.8,1.56,0.04,0.04,0.83,1.6,1.74,0.98,0,1,2,6,1,1,3,1,0,1,0.0,0.1458,0.3652,1.358,0.334,0.0417,0.1312,0.0213,0.0,0.0376,5,8,0,1,0,0,1,1,0,0,0.7955,1.0761,0.0,0.4866,0.0,0.0,0.035,0.0417,0.0,0.0,6,10,17.53,14.13
4506752,2024-08-16,esp,2024/2025,LaLiga,1,Alejandro Quintero González,9866,Deportivo Alaves,9910,Celta Vigo,0,1,2,36,64,10,6,2,4,5,2,3,0,0,0,8,3,2,3,3,3,4,2,3,1,22,16,23,8,2,2,0,0,3,4,17,18,8,11,0,3,11,21,2,1,33,58,27.0,46.0,6.0,12.0,4.0,6.0,299,551,218.0,471.0,90,246,128,225,26.0,23.0,6.0,3.0,1.6,0.83,1.56,0.8,0.04,0.04,1.6,0.83,0.98,1.74,1,0,6,2,1,1,1,3,1,0,0.1458,0.0,1.358,0.3652,0.0417,0.334,0.0213,0.1312,0.0376,0.0,8,5,1,0,0,0,1,1,0,0,1.0761,0.7955,0.4866,0.0,0.0,0.0,0.0417,0.035,0.0,0.0,10,6,14.13,17.53
4506750,2024-08-17,esp,2024/2025,LaLiga,1,José María Sánchez Martínez,10267,Valencia,8634,Barcelona,1,1,2,36,64,6,18,2,6,3,6,1,6,0,0,4,12,2,6,3,8,3,5,2,3,13,32,11,13,2,3,0,0,7,1,19,14,6,4,6,2,19,12,4,1,50,42,37.0,33.0,13.0,9.0,6.0,9.0,315,578,243.0,499.0,156,232,87,267,20.0,30.0,5.0,6.0,1.01,3.22,0.86,2.28,0.15,0.16,1.01,2.43,0.91,2.53,1,1,3,10,0,1,0,3,2,3,0.5742,0.8722,0.4079,2.1475,0.0,0.0333,0.0,0.1027,0.0305,0.0644,4,11,0,1,1,3,1,2,0,1,0.8618,2.0686,0.0,0.2068,0.083,0.1005,0.0679,0.056,0.0,0.7884,6,18,14.34,16.44
4506750,2024-08-17,esp,2024/2025,LaLiga,1,José María Sánchez Martínez,8634,Barcelona,10267,Valencia,0,2,1,64,36,18,6,6,2,6,3,6,1,0,0,12,4,6,2,8,3,5,3,3,2,32,13,13,11,3,2,0,0,1,7,14,19,4,6,2,6,12,19,1,4,42,50,33.0,37.0,9.0,13.0,9.0,6.0,578,315,499.0,243.0,232,156,267,87,30.0,20.0,6.0,5.0,3.22,1.01,2.28,0.86,0.16,0.15,2.43,1.01,2.53,0.91,1,1,10,3,1,0,3,0,3,2,0.8722,0.5742,2.1475,0.4079,0.0333,0.0,0.1027,0.0,0.0644,0.0305,11,4,1,0,3,1,2,1,1,0,2.0686,0.8618,0.2068,0.0,0.1005,0.083,0.056,0.0679,0.7884,0.0,18,6,16.44,14.34
4506753,2024-08-17,esp,2024/2025,LaLiga,1,Juan Luis Pulido Santana,8371,Osasuna,7854,Leganes,1,1,1,61,39,16,10,6,4,5,2,5,4,2,0,13,6,3,4,6,4,1,3,1,2,28,8,14,12,3,2,0,0,1,2,15,20,5,9,4,5,22,38,3,6,61,56,34.0,37.0,27.0,19.0,8.0,5.0,456,303,347.0,193.0,126,110,221,83,19.0,13.0,11.0,3.0,1.74,0.98,1.25,0.7,0.5,0.28,1.74,0.98,1.26,1.54,2,3,11,1,0,2,3,3,0,1,0.8054,0.6161,0.8003,0.0203,0.0,0.199,0.1357,0.1108,0.0,0.0301,10,5,0,0,3,2,3,3,0,0,1.245,0.7004,0.0,0.0,0.1839,0.1328,0.3125,0.1432,0.0,0.0,16,10,12.63,17.11
4506753,2024-08-17,esp,2024/2025,LaLiga,1,Juan Luis Pulido Santana,7854,Leganes,8371,Osasuna,0,1,1,39,61,10,16,4,6,2,5,4,5,0,2,6,13,4,3,4,6,3,1,2,1,8,28,12,14,2,3,0,0,2,1,20,15,9,5,5,4,38,22,6,3,56,61,37.0,34.0,19.0,27.0,5.0,8.0,303,456,193.0,347.0,110,126,83,221,13.0,19.0,3.0,11.0,0.98,1.74,0.7,1.25,0.28,0.5,0.98,1.74,1.54,1.26,3,2,1,11,2,0,3,3,1,0,0.6161,0.8054,0.0203,0.8003,0.199,0.0,0.1108,0.1357,0.0301,0.0,5,10,0,0,2,3,3,3,0,0,0.7004,1.245,0.0,0.0,0.1328,0.1839,0.1432,0.3125,0.0,0.0,10,16,17.11,12.63
4506747,2024-08-18,esp,2024/2025,LaLiga,1,César Soto Grado,8661,Mallorca,8633,Real Madrid,1,1,1,34,66,12,13,5,5,6,5,1,3,0,0,8,6,4,7,8,7,2,0,1,0,18,38,11,6,1,0,0,1,0,0,18,15,14,4,3,1,28,23,5,4,40,47,30.0,36.0,10.0,11.0,6.0,11.0,322,667,267.0,598.0,136,275,131,323,24.0,21.0,5.0,1.0,1.03,0.6,0.89,0.54,0.14,0.07,1.03,0.6,0.61,1.23,1,1,6,2,1,3,2,5,2,2,0.2882,0.1355,0.6002,0.1224,0.0196,0.1829,0.0855,0.1124,0.0444,0.0509,9,9,1,2,2,2,0,0,0,0,0.67,0.4384,0.2295,0.0998,0.1384,0.0658,0.0,0.0,0.0,0.0,12,13,16.47,20.9
4506747,2024-08-18,esp,2024/2025,LaLiga,1,César Soto Grado,8633,Real Madrid,8661,Mallorca,0,1,1,66,34,13,12,5,5,5,6,3,1,0,0,6,8,7,4,7,8,0,2,0,1,38,18,6,11,0,1,1,0,0,0,15,18,4,14,1,3,23,28,4,5,47,40,36.0,30.0,11.0,10.0,11.0,6.0,667,322,598.0,267.0,275,136,323,131,21.0,24.0,1.0,5.0,0.6,1.03,0.54,0.89,0.07,0.14,0.6,1.03,1.23,0.61,1,1,2,6,3,1,5,2,2,2,0.1355,0.2882,0.1224,0.6002,0.1829,0.0196,0.1124,0.0855,0.0509,0.0444,9,9,2,1,2,2,0,0,0,0,0.4384,0.67,0.0998,0.2295,0.0658,0.1384,0.0,0.0,0.0,0.0,13,12,20.9,16.47
4506751,2024-08-18,esp,2024/2025,LaLiga,1,Alejandro José Hernández Hernández,8560,Real Sociedad,8370,Rayo Vallecano,1,1,2,66,34,11,12,4,5,5,4,2,3,0,0,7,7,4,5,10,5,3,3,2,2,21,19,14,21,2,4,0,0,0,3,13,18,3,7,4,2,17,37,2,3,54,58,40.0,37.0,14.0,21.0,6.0,6.0,445,236,359.0,151.0,181,57,178,94,28.0,10.0,7.0,3.0,1.08,1.11,0.85,0.89,0.24,0.22,1.08,1.11,0.61,0.99,2,1,3,5,2,1,3,4,1,1,0.3853,0.3225,0.4013,0.6825,0.1248,0.033,0.1557,0.0666,0.0173,0.0044,7,5,2,1,2,4,0,2,0,0,0.7207,0.7372,0.1248,0.1532,0.2388,0.1581,0.0,0.0605,0.0,0.0,11,12,14.85,20.42
4506751,2024-08-18,esp,2024/2025,LaLiga,1,Alejandro José Hernández Hernández,8370,Rayo Vallecano,8560,Real Sociedad,0,2,1,34,66,12,11,5,4,4,5,3,2,0,0,7,7,5,4,5,10,3,3,2,2,19,21,21,14,4,2,0,0,3,0,18,13,7,3,2,4,37,17,3,2,58,54,37.0,40.0,21.0,14.0,6.0,6.0,236,445,151.0,359.0,57,181,94,178,10.0,28.0,3.0,7.0,1.11,1.08,0.89,0.85,0.22,0.24,1.11,1.08,0.99,0.61,1,2,5,3,1,2,4,3,1,1,0.3225,0.3853,0.6825,0.4013,0.033,0.1248,0.0666,0.1557,0.0044,0.0173,5,7,1,2,4,2,2,0,0,0,0.7372,0.7207,0.1532,0.1248,0.1581,0.2388,0.0605,0.0,0.0,0.0,12,11,20.42,14.85
4506749,2024-08-19,esp,2024/2025,LaLiga,1,Guillermo Cuadra Fernández,10205,Villarreal,9906,Atletico Madrid,1,2,2,45,55,9,9,3,4,4,4,2,1,1,1,6,7,3,2,2,3,0,3,0,2,20,24,7,12,1,3,0,0,2,2,11,17,10,2,1,2,19,9,2,2,41,39,35.0,31.0,6.0,8.0,14.0,8.0,477,592,420.0,519.0,221,304,199,215,21.0,19.0,2.0,7.0,0.79,1.11,0.64,1.09,0.14,0.02,0.79,1.11,0.76,0.38,0,0,2,6,4,1,1,1,2,1,0.0,0.0,0.4393,1.0086,0.223,0.0543,0.0491,0.0162,0.0755,0.0306,3,8,3,0,1,1,2,0,0,0,0.1916,1.0935,0.4507,0.0,0.0535,0.0162,0.0911,0.0,0.0,0.0,9,9,17.34,14.09
4506749,2024-08-19,esp,2024/2025,LaLiga,1,Guillermo Cuadra Fernández,9906,Atletico Madrid,10205,Villarreal,0,2,2,55,45,9,9,4,3,4,4,1,2,1,1,7,6,2,3,3,2,3,0,2,0,24,20,12,7,3,1,0,0,2,2,17,11,2,10,2,1,9,19,2,2,39,41,31.0,35.0,8.0,6.0,8.0,14.0,592,477,519.0,420.0,304,221,215,199,19.0,21.0,7.0,2.0,1.11,0.79,1.09,0.64,0.02,0.14,1.11,0.79,0.38,0.76,0,0,6,2,1,4,1,1,1,2,0.0,0.0,1.0086,0.4393,0.0543,0.223,0.0162,0.0491,0.0306,0.0755,8,3,0,3,1,1,0,2,0,0,1.0935,0.1916,0.0,0.4507,0.0162,0.0535,0.0,0.0911,0.0,0.0,9,9,14.09,17.34
4506754,2024-08-19,esp,2024/2025,LaLiga,1,Pablo González Fuertes,10281,Real Valladolid,8558,Espanyol,1,1,0,45,55,12,10,1,2,6,5,5,3,1,0,7,5,5,5,3,2,2,0,2,0,22,13,15,8,2,2,0,0,6,1,9,12,8,6,3,5,18,15,2,0,38,47,29.0,28.0,9.0,19.0,13.0,2.0,387,479,319.0,390.0,174,253,145,137,21.0,16.0,7.0,7.0,0.8,0.66,0.46,0.29,0.34,0.37,0.8,0.66,0.14,0.81,0,1,5,3,2,1,3,4,2,1,0.0,0.268,0.5656,0.1175,0.1157,0.0573,0.0882,0.1671,0.031,0.0537,9,7,1,0,1,0,1,3,0,0,0.2939,0.2931,0.1649,0.0,0.1777,0.0,0.1641,0.3705,0.0,0.0,12,10,19.69,18.05
4506754,2024-08-19,esp,2024/2025,LaLiga,1,Pablo González Fuertes,8558,Espanyol,10281,Real Valladolid,0,0,1,55,45,10,12,2,1,5,6,3,5,0,1,5,7,5,5,2,3,0,2,0,2,13,22,8,15,2,2,0,0,1,6,12,9,6,8,5,3,15,18,0,2,47,38,28.0,29.0,19.0,9.0,2.0,13.0,479,387,390.0,319.0,253,174,137,145,16.0,21.0,7.0,7.0,0.66,0.8,0.29,0.46,0.37,0.34,0.66,0.8,0.81,0.14,1,0,3,5,1,2,4,3,1,2,0.268,0.0,0.1175,0.5656,0.0573,0.1157,0.1671,0.0882,0.0537,0.031,7,9,0,1,0,1,3,1,0,0,0.2931,0.2939,0.0,0.1649,0.0,0.1777,0.3705,0.1641,0.0,0.0,10,12,18.05,19.69
4506757,2024-08-23,esp,2024/2025,LaLiga,2,José Luis Munuera Montero,9910,Celta Vigo,10267,Valencia,1,3,1,49,51,7,13,5,5,2,6,0,2,0,1,4,10,3,3,4,7,3,2,2,1,16,22,9,11,3,0,0,0,2,1,16,17,9,5,2,0,33,11,3,2,42,39,32.0,30.0,10.0,9.0,6.0,4.0,485,493,420.0,417.0,236,205,184,212,25.0,19.0,5.0,7.0,1.32,0.93,0.41,0.33,0.12,0.6,0.53,0.93,1.9,0.66,1,1,3,6,0,3,3,3,0,0,0.1028,0.3935,0.9635,0.3426,0.0,0.1464,0.2541,0.0438,0.0,0.0,4,6,0,1,2,5,0,1,1,0,0.408,0.2974,0.0,0.0278,0.1239,0.5906,0.0,0.0106,0.7884,0.0,7,13,14.84,15.89
4506757,2024-08-23,esp,2024/2025,LaLiga,2,José Luis Munuera Montero,10267,Valencia,9910,Celta Vigo,0,1,3,51,49,13,7,5,5,6,2,2,0,1,0,10,4,3,3,7,4,2,3,1,2,22,16,11,9,0,3,0,0,1,2,17,16,5,9,0,2,11,33,2,3,39,42,30.0,32.0,9.0,10.0,4.0,6.0,493,485,417.0,420.0,205,236,212,184,19.0,25.0,7.0,5.0,0.93,1.32,0.33,0.41,0.6,0.12,0.93,0.53,0.66,1.9,1,1,6,3,3,0,3,3,0,0,0.3935,0.1028,0.3426,0.9635,0.1464,0.0,0.0438,0.2541,0.0,0.0,6,4,1,0,5,2,1,0,0,1,0.2974,0.408,0.0278,0.0,0.5906,0.1239,0.0106,0.0,0.0,0.7884,13,7,15.89,14.84
4506760,2024-08-23,esp,2024/2025,LaLiga,2,Isidro Díaz de Mera Escuderos,8302,Sevilla,10205,Villarreal,1,1,2,60,40,16,8,7,6,7,2,2,0,1,0,9,7,7,1,7,2,1,3,1,1,19,20,16,8,3,5,0,0,4,4,20,16,8,7,0,2,10,22,4,6,54,51,40.0,34.0,14.0,17.0,14.0,3.0,527,357,443.0,265.0,286,163,157,102,17.0,34.0,6.0,1.0,1.04,0.87,0.66,0.85,0.38,0.02,1.04,0.87,0.76,0.89,1,0,6,4,2,3,2,1,5,0,0.0296,0.0,0.7096,0.7284,0.0909,0.1138,0.07,0.0231,0.1514,0.0,9,7,0,0,3,1,4,0,0,0,0.6748,0.8479,0.0,0.0,0.1656,0.0174,0.211,0.0,0.0,0.0,16,8,17.72,15.97
4506760,2024-08-23,esp,2024/2025,LaLiga,2,Isidro Díaz de Mera Escuderos,10205,Villarreal,8302,Sevilla,0,2,1,40,60,8,16,6,7,2,7,0,2,0,1,7,9,1,7,2,7,3,1,1,1,20,19,8,16,5,3,0,0,4,4,16,20,7,8,2,0,22,10,6,4,51,54,34.0,40.0,17.0,14.0,3.0,14.0,357,527,265.0,443.0,163,286,102,157,34.0,17.0,1.0,6.0,0.87,1.04,0.85,0.66,0.02,0.38,0.87,1.04,0.89,0.76,0,1,4,6,3,2,1,2,0,5,0.0,0.0296,0.7284,0.7096,0.1138,0.0909,0.0231,0.07,0.0,0.1514,7,9,0,0,1,3,0,4,0,0,0.8479,0.6748,0.0,0.0,0.0174,0.1656,0.0,0.211,0.0,0.0,8,16,15.97,17.72
4506758,2024-08-24,esp,2024/2025,LaLiga,2,Javier Alberola Rojas,8305,Getafe,8370,Rayo Vallecano,1,0,0,48,52,12,3,0,0,8,2,4,1,0,0,9,1,3,2,3,2,0,0,0,0,20,8,16,18,1,2,0,0,0,4,19,23,3,11,1,4,12,28,0,0,73,65,49.0,43.0,24.0,22.0,12.0,6.0,284,307,172.0,198.0,73,82,99,116,24.0,18.0,4.0,3.0,0.48,0.24,0.44,0.24,0.04,0.0,0.48,0.24,0.01,0.0,0,0,7,1,2,0,1,2,2,0,0.0,0.0,0.3639,0.209,0.0502,0.0,0.035,0.0352,0.0339,0.0,9,2,0,1,2,0,1,0,0,0,0.4381,0.0352,0.0,0.209,0.0312,0.0,0.0137,0.0,0.0,0.0,12,3,16.13,26.14
4506758,2024-08-24,esp,2024/2025,LaLiga,2,Javier Alberola Rojas,8370,Rayo Vallecano,8305,Getafe,0,0,0,52,48,3,12,0,0,2,8,1,4,0,0,1,9,2,3,2,3,0,0,0,0,8,20,18,16,2,1,0,0,4,0,23,19,11,3,4,1,28,12,0,0,65,73,43.0,49.0,22.0,24.0,6.0,12.0,307,284,198.0,172.0,82,73,116,99,18.0,24.0,3.0,4.0,0.24,0.48,0.24,0.44,0.0,0.04,0.24,0.48,0.0,0.01,0,0,1,7,0,2,2,1,0,2,0.0,0.0,0.209,0.3639,0.0,0.0502,0.0352,0.035,0.0,0.0339,2,9,1,0,0,2,0,1,0,0,0.0352,0.4381,0.209,0.0,0.0,0.0312,0.0,0.0137,0.0,0.0,3,12,26.14,16.13
4506763,2024-08-24,esp,2024/2025,LaLiga,2,Mario Melero López,8558,Espanyol,8560,Real Sociedad,1,0,1,34,66,13,10,4,4,5,4,4,2,0,0,11,5,2,5,7,4,3,2,3,1,20,33,14,18,2,2,0,0,1,2,18,11,7,8,2,4,22,18,3,3,47,36,41.0,31.0,6.0,5.0,5.0,6.0,259,521,192.0,459.0,100,247,92,212,18.0,18.0,2.0,6.0,1.78,0.77,1.71,0.54,0.07,0.23,1.78,0.77,0.45,0.66,1,0,7,3,3,2,1,3,1,2,0.1571,0.0,1.4009,0.4448,0.1912,0.1249,0.016,0.1504,0.0198,0.0461,9,5,3,0,1,3,0,2,0,0,0.7717,0.5369,0.9392,0.0,0.0741,0.1687,0.0,0.0606,0.0,0.0,13,10,14.67,19.66
4506763,2024-08-24,esp,2024/2025,LaLiga,2,Mario Melero López,8560,Real Sociedad,8558,Espanyol,0,1,0,66,34,10,13,4,4,4,5,2,4,0,0,5,11,5,2,4,7,2,3,1,3,33,20,18,14,2,2,0,0,2,1,11,18,8,7,4,2,18,22,3,3,36,47,31.0,41.0,5.0,6.0,6.0,5.0,521,259,459.0,192.0,247,100,212,92,18.0,18.0,6.0,2.0,0.77,1.78,0.54,1.71,0.23,0.07,0.77,1.78,0.66,0.45,0,1,3,7,2,3,3,1,2,1,0.0,0.1571,0.4448,1.4009,0.1249,0.1912,0.1504,0.016,0.0461,0.0198,5,9,0,3,3,1,2,0,0,0,0.5369,0.7717,0.0,0.9392,0.1687,0.0741,0.0606,0.0,0.0,0.0,10,13,19.66,14.67
4506764,2024-08-24,esp,2024/2025,LaLiga,2,Jesús Gil Manzano,8634,Barcelona,8315,Athletic Club,1,2,1,65,35,13,8,5,2,5,3,3,3,2,0,9,6,4,2,5,6,5,1,4,0,28,21,11,16,4,5,0,0,2,5,17,16,5,11,3,3,11,15,1,3,57,41,46.0,33.0,11.0,8.0,13.0,6.0,568,293,497.0,232.0,270,120,227,112,26.0,25.0,5.0,2.0,1.83,1.03,1.53,0.14,0.3,0.1,1.83,0.24,1.66,0.81,1,0,5,2,3,4,4,1,0,1,0.0847,0.0,1.3915,0.8652,0.2432,0.1153,0.1096,0.0197,0.0,0.0249,8,4,1,1,1,1,3,1,0,1,1.3548,0.0964,0.1761,0.0441,0.0118,0.0194,0.2862,0.0768,0.0,0.7884,13,8,15.8,17.71
4506764,2024-08-24,esp,2024/2025,LaLiga,2,Jesús Gil Manzano,8315,Athletic Club,8634,Barcelona,0,1,2,35,65,8,13,2,5,3,5,3,3,0,2,6,9,2,4,6,5,1,5,0,4,21,28,16,11,5,4,0,0,5,2,16,17,11,5,3,3,15,11,3,1,41,57,33.0,46.0,8.0,11.0,6.0,13.0,293,568,232.0,497.0,120,270,112,227,25.0,26.0,2.0,5.0,1.03,1.83,0.14,1.53,0.1,0.3,0.24,1.83,0.81,1.66,0,1,2,5,4,3,1,4,1,0,0.0,0.0847,0.8652,1.3915,0.1153,0.2432,0.0197,0.1096,0.0249,0.0,4,8,1,1,1,1,1,3,1,0,0.0964,1.3548,0.0441,0.1761,0.0194,0.0118,0.0768,0.2862,0.7884,0.0,8,13,17.71,15.8
4506765,2024-08-24,esp,2024/2025,LaLiga,2,Adrián Cordero Vega,8371,Osasuna,8661,Mallorca,1,1,0,45,55,15,10,5,1,7,4,3,5,1,0,5,6,10,4,5,4,1,1,0,1,17,16,10,8,2,1,0,0,1,0,23,23,10,6,5,3,19,42,1,4,53,67,35.0,42.0,18.0,25.0,4.0,9.0,314,379,233.0,306.0,103,152,130,154,24.0,35.0,3.0,7.0,0.57,0.57,0.32,0.38,0.25,0.19,0.57,0.57,0.6,0.06,1,1,1,4,3,1,7,3,3,1,0.0783,0.1733,0.0395,0.261,0.0788,0.0284,0.305,0.0967,0.0669,0.0149,8,8,0,0,5,2,2,0,0,0,0.3222,0.3849,0.0,0.0,0.1305,0.1894,0.1158,0.0,0.0,0.0,15,10,19.24,17.57
4506765,2024-08-24,esp,2024/2025,LaLiga,2,Adrián Cordero Vega,8661,Mallorca,8371,Osasuna,0,0,1,55,45,10,15,1,5,4,7,5,3,0,1,6,5,4,10,4,5,1,1,1,0,16,17,8,10,1,2,0,0,0,1,23,23,6,10,3,5,42,19,4,1,67,53,42.0,35.0,25.0,18.0,9.0,4.0,379,314,306.0,233.0,152,103,154,130,35.0,24.0,7.0,3.0,0.57,0.57,0.38,0.32,0.19,0.25,0.57,0.57,0.06,0.6,1,1,4,1,1,3,3,7,1,3,0.1733,0.0783,0.261,0.0395,0.0284,0.0788,0.0967,0.305,0.0149,0.0669,8,8,0,0,2,5,0,2,0,0,0.3849,0.3222,0.0,0.0,0.1894,0.1305,0.0,0.1158,0.0,0.0,10,15,17.57,19.24
4506756,2024-08-25,esp,2024/2025,LaLiga,2,Juan Martínez Munuera,9906,Atletico Madrid,7732,Girona,1,3,0,42,58,11,13,6,4,2,3,3,6,0,0,6,7,5,6,1,9,1,0,0,0,19,29,11,11,1,3,0,0,2,2,23,13,10,7,5,2,33,9,4,3,46,42,38.0,35.0,8.0,7.0,5.0,12.0,462,610,404.0,561.0,214,207,190,354,28.0,21.0,1.0,7.0,1.22,0.68,1.09,0.53,0.13,0.16,1.22,0.68,1.43,0.48,0,0,2,5,4,2,4,5,1,1,0.0,0.0,0.8126,0.4824,0.1521,0.0489,0.2175,0.1342,0.0338,0.0153,7,6,3,1,0,5,1,1,0,0,0.2514,0.2921,0.8347,0.2338,0.0,0.1438,0.13,0.0111,0.0,0.0,11,13,19.61,18.55
4506756,2024-08-25,esp,2024/2025,LaLiga,2,Juan Martínez Munuera,7732,Girona,9906,Atletico Madrid,0,0,3,58,42,13,11,4,6,3,2,6,3,0,0,7,6,6,5,9,1,0,1,0,0,29,19,11,11,3,1,0,0,2,2,13,23,7,10,2,5,9,33,3,4,42,46,35.0,38.0,7.0,8.0,12.0,5.0,610,462,561.0,404.0,207,214,354,190,21.0,28.0,7.0,1.0,0.68,1.22,0.53,1.09,0.16,0.13,0.68,1.22,0.48,1.43,0,0,5,2,2,4,5,4,1,1,0.0,0.0,0.4824,0.8126,0.0489,0.1521,0.1342,0.2175,0.0153,0.0338,6,7,1,3,5,0,1,1,0,0,0.2921,0.2514,0.2338,0.8347,0.1438,0.0,0.0111,0.13,0.0,0.0,13,11,18.55,19.61
4506759,2024-08-25,esp,2024/2025,LaLiga,2,Víctor García Verdura,8633,Real Madrid,10281,Real Valladolid,1,3,0,64,36,17,8,9,0,3,5,5,3,0,0,13,6,4,2,5,5,3,0,2,0,29,21,10,15,1,1,0,0,4,0,17,19,9,9,3,5,12,16,0,6,58,48,50.0,34.0,8.0,14.0,19.0,7.0,648,359,594.0,293.0,176,210,418,83,26.0,16.0,3.0,2.0,2.14,0.42,1.85,0.36,0.29,0.06,2.14,0.42,1.86,0.0,2,0,7,3,4,3,3,1,1,1,0.2754,0.0,1.6595,0.2518,0.1452,0.1283,0.0458,0.02,0.011,0.0209,11,5,3,1,2,1,1,1,0,0,0.7587,0.2876,1.0917,0.0693,0.2754,0.0316,0.011,0.0324,0.0,0.0,17,8,17.02,18.47
4506759,2024-08-25,esp,2024/2025,LaLiga,2,Víctor García Verdura,10281,Real Valladolid,8633,Real Madrid,0,0,3,36,64,8,17,0,9,5,3,3,5,0,0,6,13,2,4,5,5,0,3,0,2,21,29,15,10,1,1,0,0,0,4,19,17,9,9,5,3,16,12,6,0,48,58,34.0,50.0,14.0,8.0,7.0,19.0,359,648,293.0,594.0,210,176,83,418,16.0,26.0,2.0,3.0,0.42,2.14,0.36,1.85,0.06,0.29,0.42,2.14,0.0,1.86,0,2,3,7,3,4,1,3,1,1,0.0,0.2754,0.2518,1.6595,0.1283,0.1452,0.02,0.0458,0.0209,0.011,5,11,1,3,1,2,1,1,0,0,0.2876,0.7587,0.0693,1.0917,0.0316,0.2754,0.0324,0.011,0.0,0.0,8,17,18.47,17.02
4506761,2024-08-25,esp,2024/2025,LaLiga,2,Mateo Busquets Ferrer,9866,Deportivo Alaves,8603,Real Betis,1,0,0,37,63,5,15,1,3,1,9,3,3,0,0,3,10,2,5,3,8,0,3,0,3,15,23,17,16,1,4,1,0,1,1,19,15,14,10,2,3,16,18,3,1,49,52,40.0,38.0,9.0,14.0,6.0,8.0,301,530,201.0,438.0,92,258,109,180,25.0,24.0,6.0,7.0,0.21,1.49,0.21,1.23,0.0,0.26,0.21,1.49,0.09,0.39,0,0,3,8,0,2,1,3,1,2,0.0,0.0,0.08,1.2751,0.0,0.0777,0.1007,0.0856,0.0282,0.0501,5,9,0,2,0,3,0,1,0,0,0.2089,0.8086,0.0,0.4247,0.0,0.2298,0.0,0.0254,0.0,0.0,5,15,16.99,17.27
4506761,2024-08-25,esp,2024/2025,LaLiga,2,Mateo Busquets Ferrer,8603,Real Betis,9866,Deportivo Alaves,0,0,0,63,37,15,5,3,1,9,1,3,3,0,0,10,3,5,2,8,3,3,0,3,0,23,15,16,17,4,1,0,1,1,1,15,19,10,14,3,2,18,16,1,3,52,49,38.0,40.0,14.0,9.0,8.0,6.0,530,301,438.0,201.0,258,92,180,109,24.0,25.0,7.0,6.0,1.49,0.21,1.23,0.21,0.26,0.0,1.49,0.21,0.39,0.09,0,0,8,3,2,0,3,1,2,1,0.0,0.0,1.2751,0.08,0.0777,0.0,0.0856,0.1007,0.0501,0.0282,9,5,2,0,3,0,1,0,0,0,0.8086,0.2089,0.4247,0.0,0.2298,0.0,0.0254,0.0,0.0,0.0,15,5,17.27,16.99
4506762,2024-08-25,esp,2024/2025,LaLiga,2,Ricardo De Burgos Bengoetxea,7854,Leganes,8306,Las Palmas,1,2,1,40,60,10,10,5,5,4,3,1,2,1,0,6,7,4,3,3,7,4,3,3,2,27,23,11,10,1,1,0,0,1,0,13,13,14,7,1,1,30,9,4,3,40,41,25.0,29.0,15.0,12.0,3.0,5.0,342,519,255.0,417.0,154,265,101,152,25.0,16.0,4.0,10.0,1.48,0.88,0.57,0.76,0.13,0.13,0.69,0.88,1.82,2.33,0,0,4,6,2,1,2,3,2,0,0.0,0.0,1.0755,0.7479,0.2695,0.0836,0.0865,0.0504,0.0512,0.0,4,6,2,0,1,4,2,0,1,0,0.2869,0.7556,0.28,0.0,0.0419,0.1264,0.0854,0.0,0.7884,0.0,10,10,18.14,15.32
4506762,2024-08-25,esp,2024/2025,LaLiga,2,Ricardo De Burgos Bengoetxea,8306,Las Palmas,7854,Leganes,0,1,2,60,40,10,10,5,5,3,4,2,1,0,1,7,6,3,4,7,3,3,4,2,3,23,27,10,11,1,1,0,0,0,1,13,13,7,14,1,1,9,30,3,4,41,40,29.0,25.0,12.0,15.0,5.0,3.0,519,342,417.0,255.0,265,154,152,101,16.0,25.0,10.0,4.0,0.88,1.48,0.76,0.57,0.13,0.13,0.88,0.69,2.33,1.82,0,0,6,4,1,2,3,2,0,2,0.0,0.0,0.7479,1.0755,0.0836,0.2695,0.0504,0.0865,0.0,0.0512,6,4,0,2,4,1,0,2,0,1,0.7556,0.2869,0.0,0.28,0.1264,0.0419,0.0,0.0854,0.0,0.7884,10,10,15.32,18.14
4506772,2024-08-26,esp,2024/2025,LaLiga,3,Miguel Ángel Ortiz Arias,10205,Villarreal,9910,Celta Vigo,1,4,3,45,55,24,20,9,9,11,5,4,6,1,1,16,15,8,5,7,4,6,8,3,6,29,32,8,7,4,3,0,0,2,1,14,10,6,5,8,2,22,21,4,6,36,32,25.0,27.0,11.0,5.0,4.0,10.0,450,565,402.0,504.0,157,237,245,267,22.0,15.0,9.0,7.0,3.7,2.71,1.16,2.27,1.75,0.44,2.91,2.71,5.31,2.77,4,3,11,9,1,3,4,1,4,4,1.3766,0.6483,2.5493,1.7315,0.0207,0.2311,0.1687,0.0303,0.1047,0.0919,11,13,2,1,8,5,2,1,1,0,1.0586,1.8633,0.0989,0.4274,1.5691,0.4103,0.7051,0.0322,0.7884,0.0,24,20,14.17,14.57
4506772,2024-08-26,esp,2024/2025,LaLiga,3,Miguel Ángel Ortiz Arias,9910,Celta Vigo,10205,Villarreal,0,3,4,55,45,20,24,9,9,5,11,6,4,1,1,15,16,5,8,4,7,8,6,6,3,32,29,7,8,3,4,0,0,1,2,10,14,5,6,2,8,21,22,6,4,32,36,27.0,25.0,5.0,11.0,10.0,4.0,565,450,504.0,402.0,237,157,267,245,15.0,22.0,7.0,9.0,2.71,3.7,2.27,1.16,0.44,1.75,2.71,2.91,2.77,5.31,3,4,9,11,3,1,1,4,4,4,0.6483,1.3766,1.7315,2.5493,0.2311,0.0207,0.0303,0.1687,0.0919,0.1047,13,11,1,2,5,8,1,2,0,1,1.8633,1.0586,0.4274,0.0989,0.4103,1.5691,0.0322,0.7051,0.0,0.7884,20,24,14.57,14.17
4506769,2024-08-27,esp,2024/2025,LaLiga,3,Alejandro Muñíz Ruiz,8661,Mallorca,8302,Sevilla,1,0,0,45,55,12,16,4,7,6,6,2,3,0,0,8,6,4,10,5,9,1,0,1,0,16,16,15,10,0,1,0,1,3,1,13,13,8,8,3,2,25,28,7,4,42,44,28.0,31.0,14.0,13.0,6.0,5.0,385,485,313.0,414.0,144,246,169,168,29.0,18.0,9.0,1.0,0.9,0.74,0.72,0.65,0.18,0.1,0.9,0.74,0.88,0.98,0,0,7,3,1,3,2,6,2,4,0.0,0.0,0.7646,0.2302,0.0436,0.1103,0.0529,0.3212,0.0392,0.0814,6,12,0,1,4,3,2,0,0,0,0.7175,0.5286,0.0,0.1167,0.1103,0.098,0.0725,0.0,0.0,0.0,12,16,15.46,21.56
4506769,2024-08-27,esp,2024/2025,LaLiga,3,Alejandro Muñíz Ruiz,8302,Sevilla,8661,Mallorca,0,0,0,55,45,16,12,7,4,6,6,3,2,0,0,6,8,10,4,9,5,0,1,0,1,16,16,10,15,1,0,1,0,1,3,13,13,8,8,2,3,28,25,4,7,44,42,31.0,28.0,13.0,14.0,5.0,6.0,485,385,414.0,313.0,246,144,168,169,18.0,29.0,1.0,9.0,0.74,0.9,0.65,0.72,0.1,0.18,0.74,0.9,0.98,0.88,0,0,3,7,3,1,6,2,4,2,0.0,0.0,0.2302,0.7646,0.1103,0.0436,0.3212,0.0529,0.0814,0.0392,12,6,1,0,3,4,0,2,0,0,0.5286,0.7175,0.1167,0.0,0.098,0.1103,0.0,0.0725,0.0,0.0,16,12,21.56,15.46
4506771,2024-08-27,esp,2024/2025,LaLiga,3,César Soto Grado,8370,Rayo Vallecano,8634,Barcelona,1,1,2,35,65,8,22,4,5,3,6,1,11,0,1,6,11,2,11,6,6,0,1,0,1,19,39,17,11,3,1,0,0,4,1,21,8,17,3,11,1,24,23,3,3,45,51,35.0,40.0,10.0,11.0,3.0,16.0,269,529,201.0,444.0,98,195,103,249,26.0,20.0,5.0,6.0,0.37,1.41,0.27,1.18,0.1,0.23,0.37,1.41,0.36,1.7,0,1,2,6,4,4,1,6,1,5,0.0,0.0513,0.0981,0.8609,0.1488,0.1503,0.0562,0.188,0.0679,0.1584,4,15,1,2,2,4,1,1,0,0,0.21,0.8466,0.0562,0.3367,0.0586,0.1566,0.0463,0.0691,0.0,0.0,8,22,21.65,18.95
4506771,2024-08-27,esp,2024/2025,LaLiga,3,César Soto Grado,8634,Barcelona,8370,Rayo Vallecano,0,2,1,65,35,22,8,5,4,6,3,11,1,1,0,11,6,11,2,6,6,1,0,1,0,39,19,11,17,1,3,0,0,1,4,8,21,3,17,1,11,23,24,3,3,51,45,40.0,35.0,11.0,10.0,16.0,3.0,529,269,444.0,201.0,195,98,249,103,20.0,26.0,6.0,5.0,1.41,0.37,1.18,0.27,0.23,0.1,1.41,0.37,1.7,0.36,1,0,6,2,4,4,6,1,5,1,0.0513,0.0,0.8609,0.0981,0.1503,0.1488,0.188,0.0562,0.1584,0.0679,15,4,2,1,4,2,1,1,0,0,0.8466,0.21,0.3367,0.0562,0.1566,0.0586,0.0691,0.0463,0.0,0.0,22,8,18.95,21.65
4506766,2024-08-28,esp,2024/2025,LaLiga,3,Pablo González Fuertes,8315,Athletic Club,10267,Valencia,1,1,0,50,50,13,2,4,0,4,1,5,1,1,0,12,1,1,1,5,3,2,0,2,0,26,6,14,9,1,3,0,0,1,3,14,23,10,10,1,5,26,29,0,3,51,58,35.0,44.0,16.0,14.0,13.0,8.0,418,415,331.0,314.0,175,198,156,116,23.0,24.0,5.0,0.0,1.38,0.08,0.84,0.05,0.54,0.03,1.38,0.08,0.82,0.0,2,0,6,1,4,0,1,1,0,0,0.5037,0.0,0.6519,0.0508,0.1964,0.0,0.034,0.026,0.0,0.0,8,1,1,0,2,0,2,1,0,0,0.7106,0.0508,0.129,0.0,0.0951,0.0,0.4514,0.026,0.0,0.0,13,2,14.48,17.17
4506766,2024-08-28,esp,2024/2025,LaLiga,3,Pablo González Fuertes,10267,Valencia,8315,Athletic Club,0,0,1,50,50,2,13,0,4,1,4,1,5,0,1,1,12,1,1,3,5,0,2,0,2,6,26,9,14,3,1,0,0,3,1,23,14,10,10,5,1,29,26,3,0,58,51,44.0,35.0,14.0,16.0,8.0,13.0,415,418,314.0,331.0,198,175,116,156,24.0,23.0,0.0,5.0,0.08,1.38,0.05,0.84,0.03,0.54,0.08,1.38,0.0,0.82,0,2,1,6,0,4,1,1,0,0,0.0,0.5037,0.0508,0.6519,0.0,0.1964,0.026,0.034,0.0,0.0,1,8,0,1,0,2,1,2,0,0,0.0508,0.7106,0.0,0.129,0.0,0.0951,0.026,0.4514,0.0,0.0,2,13,17.17,14.48
4506773,2024-08-28,esp,2024/2025,LaLiga,3,José María Sánchez Martínez,8560,Real Sociedad,9866,Deportivo Alaves,1,1,2,53,47,10,14,1,5,6,8,3,1,0,1,6,11,4,3,8,6,2,4,1,2,20,25,16,13,4,4,1,0,3,3,12,13,4,6,1,3,21,25,3,0,55,48,32.0,33.0,23.0,15.0,7.0,6.0,350,305,269.0,226.0,143,111,126,115,18.0,24.0,9.0,8.0,1.03,1.59,0.85,0.64,0.18,0.17,1.03,0.81,0.5,2.2,0,0,6,9,0,2,2,2,2,1,0.0,0.0,0.875,1.3836,0.0,0.145,0.0815,0.05,0.0781,0.0153,4,8,1,1,3,4,2,0,0,1,0.7353,0.5074,0.1191,0.1282,0.1329,0.17,0.0472,0.0,0.0,0.7884,10,14,16.35,15.84
4506773,2024-08-28,esp,2024/2025,LaLiga,3,José María Sánchez Martínez,9866,Deportivo Alaves,8560,Real Sociedad,0,2,1,47,53,14,10,5,1,8,6,1,3,1,0,11,6,3,4,6,8,4,2,2,1,25,20,13,16,4,4,0,1,3,3,13,12,6,4,3,1,25,21,0,3,48,55,33.0,32.0,15.0,23.0,6.0,7.0,305,350,226.0,269.0,111,143,115,126,24.0,18.0,8.0,9.0,1.59,1.03,0.64,0.85,0.17,0.18,0.81,1.03,2.2,0.5,0,0,9,6,2,0,2,2,1,2,0.0,0.0,1.3836,0.875,0.145,0.0,0.05,0.0815,0.0153,0.0781,8,4,1,1,4,3,0,2,1,0,0.5074,0.7353,0.1282,0.1191,0.17,0.1329,0.0,0.0472,0.7884,0.0,14,10,15.84,16.35
4506774,2024-08-28,esp,2024/2025,LaLiga,3,Alejandro Quintero González,10281,Real Valladolid,7854,Leganes,1,0,0,59,41,12,7,2,1,9,4,1,2,1,0,11,2,1,5,4,4,0,0,0,0,34,7,13,19,1,4,0,0,0,2,19,12,4,8,2,1,9,23,1,2,60,40,46.0,34.0,14.0,6.0,10.0,10.0,494,358,433.0,293.0,276,162,157,131,29.0,19.0,9.0,2.0,1.13,0.18,1.05,0.08,0.08,0.1,1.13,0.18,0.44,0.02,0,0,10,1,1,1,1,4,0,1,0.0,0.0,0.9374,0.0628,0.1143,0.0201,0.0749,0.0686,0.0,0.0269,8,4,2,0,1,2,1,1,0,0,0.7631,0.0751,0.2871,0.0,0.03,0.0703,0.0464,0.033,0.0,0.0,12,7,12.84,25.23
4506774,2024-08-28,esp,2024/2025,LaLiga,3,Alejandro Quintero González,7854,Leganes,10281,Real Valladolid,0,0,0,41,59,7,12,1,2,4,9,2,1,0,1,2,11,5,1,4,4,0,0,0,0,7,34,19,13,4,1,0,0,2,0,12,19,8,4,1,2,23,9,2,1,40,60,34.0,46.0,6.0,14.0,10.0,10.0,358,494,293.0,433.0,162,276,131,157,19.0,29.0,2.0,9.0,0.18,1.13,0.08,1.05,0.1,0.08,0.18,1.13,0.02,0.44,0,0,1,10,1,1,4,1,1,0,0.0,0.0,0.0628,0.9374,0.0201,0.1143,0.0686,0.0749,0.0269,0.0,4,8,0,2,2,1,1,1,0,0,0.0751,0.7631,0.0,0.2871,0.0703,0.03,0.033,0.0464,0.0,0.0,7,12,25.23,12.84
4506775,2024-08-28,esp,2024/2025,LaLiga,3,Ricardo De Burgos Bengoetxea,9906,Atletico Madrid,8558,Espanyol,1,0,0,62,38,25,8,7,1,10,7,8,0,1,0,18,4,7,4,9,3,5,1,5,1,39,10,6,9,0,2,0,0,6,0,10,14,5,7,0,8,15,41,1,7,42,41,25.0,25.0,17.0,16.0,6.0,6.0,595,362,523.0,289.0,223,166,300,123,29.0,26.0,9.0,5.0,2.47,0.61,1.98,0.56,0.48,0.05,2.47,0.61,1.36,0.03,2,0,16,3,0,1,6,3,1,1,0.2763,0.0,2.0336,0.4345,0.0,0.0295,0.1237,0.1061,0.0351,0.0367,16,4,0,2,6,1,3,1,0,0,1.9841,0.15,0.0,0.4117,0.2567,0.0084,0.2279,0.0367,0.0,0.0,25,8,15.04,18.4
4506775,2024-08-28,esp,2024/2025,LaLiga,3,Ricardo De Burgos Bengoetxea,8558,Espanyol,9906,Atletico Madrid,0,0,0,38,62,8,25,1,7,7,10,0,8,0,1,4,18,4,7,3,9,1,5,1,5,10,39,9,6,2,0,0,0,0,6,14,10,7,5,8,0,41,15,7,1,41,42,25.0,25.0,16.0,17.0,6.0,6.0,362,595,289.0,523.0,166,223,123,300,26.0,29.0,5.0,9.0,0.61,2.47,0.56,1.98,0.05,0.48,0.61,2.47,0.03,1.36,0,2,3,16,1,0,3,6,1,1,0.0,0.2763,0.4345,2.0336,0.0295,0.0,0.1061,0.1237,0.0367,0.0351,4,16,2,0,1,6,1,3,0,0,0.15,1.9841,0.4117,0.0,0.0084,0.2567,0.0367,0.2279,0.0,0.0,8,25,18.4,15.04
4506768,2024-08-29,esp,2024/2025,LaLiga,3,Francisco José Hernández Maeso,7732,Girona,8371,Osasuna,1,4,0,60,40,10,1,5,0,3,1,2,0,0,0,8,0,2,1,5,0,5,0,2,0,36,2,10,9,0,0,0,0,5,2,11,15,7,9,0,2,6,17,0,1,30,40,27.0,32.0,3.0,8.0,7.0,7.0,572,396,519.0,332.0,232,214,287,118,16.0,18.0,5.0,0.0,2.42,0.04,2.31,0.04,0.11,0.0,2.42,0.04,3.43,0.0,3,0,3,0,2,0,2,1,0,0,1.5536,0.0,0.7292,0.0,0.0774,0.0,0.0572,0.0378,0.0,0.0,9,1,0,0,1,0,0,0,0,0,2.3111,0.0378,0.0,0.0,0.1064,0.0,0.0,0.0,0.0,0.0,10,1,13.9,26.62
4506768,2024-08-29,esp,2024/2025,LaLiga,3,Francisco José Hernández Maeso,8371,Osasuna,7732,Girona,0,0,4,40,60,1,10,0,5,1,3,0,2,0,0,0,8,1,2,0,5,0,5,0,2,2,36,9,10,0,0,0,0,2,5,15,11,9,7,2,0,17,6,1,0,40,30,32.0,27.0,8.0,3.0,7.0,7.0,396,572,332.0,519.0,214,232,118,287,18.0,16.0,0.0,5.0,0.04,2.42,0.04,2.31,0.0,0.11,0.04,2.42,0.0,3.43,0,3,0,3,0,2,1,2,0,0,0.0,1.5536,0.0,0.7292,0.0,0.0774,0.0378,0.0572,0.0,0.0,1,9,0,0,0,1,0,0,0,0,0.0378,2.3111,0.0,0.0,0.0,0.1064,0.0,0.0,0.0,0.0,1,10,26.62,13.9
4506770,2024-08-29,esp,2024/2025,LaLiga,3,Mateo Busquets Ferrer,8306,Las Palmas,8633,Real Madrid,1,1,1,44,56,7,25,2,8,4,10,1,7,0,0,4,18,3,7,2,6,2,5,1,4,8,51,16,13,0,3,0,0,1,0,24,13,13,9,6,1,30,12,7,1,48,54,46.0,42.0,2.0,12.0,10.0,14.0,422,547,360.0,477.0,235,162,125,315,23.0,29.0,2.0,6.0,0.76,2.95,0.69,1.56,0.07,0.6,0.76,2.16,0.85,1.41,0,4,3,7,1,7,2,5,1,2,0.0,0.8831,0.3597,1.4973,0.3147,0.2627,0.0733,0.283,0.0136,0.0295,5,17,0,3,0,3,2,1,0,1,0.6876,1.3998,0.0,0.1633,0.0,0.4597,0.0737,0.1444,0.0,0.7884,7,25,17.68,16.89
4506770,2024-08-29,esp,2024/2025,LaLiga,3,Mateo Busquets Ferrer,8633,Real Madrid,8306,Las Palmas,0,1,1,56,44,25,7,8,2,10,4,7,1,0,0,18,4,7,3,6,2,5,2,4,1,51,8,13,16,3,0,0,0,0,1,13,24,9,13,1,6,12,30,1,7,54,48,42.0,46.0,12.0,2.0,14.0,10.0,547,422,477.0,360.0,162,235,315,125,29.0,23.0,6.0,2.0,2.95,0.76,1.56,0.69,0.6,0.07,2.16,0.76,1.41,0.85,4,0,7,3,7,1,5,2,2,1,0.8831,0.0,1.4973,0.3597,0.2627,0.3147,0.283,0.0733,0.0295,0.0136,17,5,3,0,3,0,1,2,1,0,1.3998,0.6876,0.1633,0.0,0.4597,0.0,0.1444,0.0737,0.7884,0.0,25,7,16.89,17.68
4506776,2024-08-31,esp,2024/2025,LaLiga,4,Alejandro José Hernández Hernández,8315,Athletic Club,9906,Atletico Madrid,1,0,1,53,47,8,9,1,2,5,4,2,3,0,0,2,7,6,2,2,2,0,2,0,1,20,15,13,9,3,1,0,0,1,2,11,19,6,12,3,2,9,24,1,1,33,53,26.0,41.0,7.0,12.0,8.0,11.0,585,524,508.0,439.0,188,285,320,154,15.0,28.0,1.0,3.0,0.29,1.73,0.29,1.67,0.0,0.06,0.29,1.73,0.08,1.41,0,0,1,4,1,3,5,2,1,0,0.0,0.0,0.0644,1.0825,0.044,0.1286,0.1516,0.5159,0.0286,0.0,8,6,0,2,0,1,0,0,0,0,0.2885,0.3505,0.0,1.3161,0.0,0.0603,0.0,0.0,0.0,0.0,8,9,22.79,14.41
4506776,2024-08-31,esp,2024/2025,LaLiga,4,Alejandro José Hernández Hernández,9906,Atletico Madrid,8315,Athletic Club,0,1,0,47,53,9,8,2,1,4,5,3,2,0,0,7,2,2,6,2,2,2,0,1,0,15,20,9,13,1,3,0,0,2,1,19,11,12,6,2,3,24,9,1,1,53,33,41.0,26.0,12.0,7.0,11.0,8.0,524,585,439.0,508.0,285,188,154,320,28.0,15.0,3.0,1.0,1.73,0.29,1.67,0.29,0.06,0.0,1.73,0.29,1.41,0.08,0,0,4,1,3,1,2,5,0,1,0.0,0.0,1.0825,0.0644,0.1286,0.044,0.5159,0.1516,0.0,0.0286,6,8,2,0,1,0,0,0,0,0,0.3505,0.2885,1.3161,0.0,0.0603,0.0,0.0,0.0,0.0,0.0,9,8,14.41,22.79
4506777,2024-08-31,esp,2024/2025,LaLiga,4,Isidro Díaz de Mera Escuderos,8634,Barcelona,10281,Real Valladolid,1,7,0,70,30,23,4,11,1,7,2,5,1,3,0,17,2,6,2,10,1,10,1,4,1,44,13,6,12,0,3,0,0,4,4,16,16,4,6,1,5,7,27,1,4,46,36,39.0,29.0,7.0,7.0,12.0,7.0,594,248,545.0,197.0,240,144,305,53,16.0,29.0,5.0,0.0,4.77,0.52,4.2,0.52,0.57,0.0,4.77,0.52,4.0,0.34,5,0,11,2,1,0,4,0,2,2,1.5876,0.0,2.6504,0.4698,0.2242,0.0,0.3026,0.0,0.0393,0.046,16,4,1,0,3,0,3,0,0,0,3.597,0.5158,0.6403,0.0,0.1494,0.0,0.4173,0.0,0.0,0.0,23,4,13.4,19.44
4506777,2024-08-31,esp,2024/2025,LaLiga,4,Isidro Díaz de Mera Escuderos,10281,Real Valladolid,8634,Barcelona,0,0,7,30,70,4,23,1,11,2,7,1,5,0,3,2,17,2,6,1,10,1,10,1,4,13,44,12,6,3,0,0,0,4,4,16,16,6,4,5,1,27,7,4,1,36,46,29.0,39.0,7.0,7.0,7.0,12.0,248,594,197.0,545.0,144,240,53,305,29.0,16.0,0.0,5.0,0.52,4.77,0.52,4.2,0.0,0.57,0.52,4.77,0.34,4.0,0,5,2,11,0,1,0,4,2,2,0.0,1.5876,0.4698,2.6504,0.0,0.2242,0.0,0.3026,0.046,0.0393,4,16,0,1,0,3,0,3,0,0,0.5158,3.597,0.0,0.6403,0.0,0.1494,0.0,0.4173,0.0,0.0,4,23,19.44,13.4
4506779,2024-08-31,esp,2024/2025,LaLiga,4,Jesús Gil Manzano,10267,Valencia,10205,Villarreal,1,1,1,58,42,22,9,5,2,9,4,8,3,1,0,10,5,12,4,14,3,1,1,1,1,30,15,15,11,3,3,0,1,1,1,14,14,8,2,3,6,10,41,1,4,41,58,32.0,36.0,9.0,22.0,9.0,7.0,479,372,419.0,305.0,184,227,235,78,29.0,25.0,7.0,4.0,1.07,0.51,0.84,0.51,0.23,0.0,1.07,0.51,1.97,1.05,1,1,7,4,2,0,6,3,6,1,0.2324,0.2403,0.4622,0.1803,0.0204,0.0,0.2624,0.0954,0.0926,0.018,13,9,0,0,8,0,1,0,0,0,0.8403,0.534,0.0,0.0,0.2142,0.0,0.0155,0.0,0.0,0.0,22,9,19.51,15.89
4506779,2024-08-31,esp,2024/2025,LaLiga,4,Jesús Gil Manzano,10205,Villarreal,10267,Valencia,0,1,1,42,58,9,22,2,5,4,9,3,8,0,1,5,10,4,12,3,14,1,1,1,1,15,30,11,15,3,3,1,0,1,1,14,14,2,8,6,3,41,10,4,1,58,41,36.0,32.0,22.0,9.0,7.0,9.0,372,479,305.0,419.0,227,184,78,235,25.0,29.0,4.0,7.0,0.51,1.07,0.51,0.84,0.0,0.23,0.51,1.07,1.05,1.97,1,1,4,7,0,2,3,6,1,6,0.2403,0.2324,0.1803,0.4622,0.0,0.0204,0.0954,0.2624,0.018,0.0926,9,13,0,0,0,8,0,1,0,0,0.534,0.8403,0.0,0.0,0.0,0.2142,0.0,0.0155,0.0,0.0,9,22,15.89,19.51
4506781,2024-08-31,esp,2024/2025,LaLiga,4,Mario Melero López,7854,Leganes,8661,Mallorca,1,0,1,54,46,9,12,2,3,6,5,1,4,0,1,5,9,4,3,1,3,1,3,1,2,16,26,11,17,1,3,0,0,3,0,15,13,14,15,4,1,23,30,2,2,59,52,42.0,25.0,17.0,27.0,10.0,3.0,471,392,388.0,314.0,227,168,161,146,32.0,28.0,3.0,10.0,0.32,1.02,0.26,0.89,0.06,0.13,0.32,1.02,0.02,1.18,0,1,5,7,0,1,2,1,2,2,0.0,0.3095,0.212,0.5513,0.0,0.0432,0.0462,0.0855,0.059,0.0301,7,9,0,1,1,1,1,1,0,0,0.2616,0.8459,0.0,0.0432,0.0244,0.0102,0.0312,0.1203,0.0,0.0,9,12,18.08,16.04
4506781,2024-08-31,esp,2024/2025,LaLiga,4,Mario Melero López,8661,Mallorca,7854,Leganes,0,1,0,46,54,12,9,3,2,5,6,4,1,1,0,9,5,3,4,3,1,3,1,2,1,26,16,17,11,3,1,0,0,0,3,13,15,15,14,1,4,30,23,2,2,52,59,25.0,42.0,27.0,17.0,3.0,10.0,392,471,314.0,388.0,168,227,146,161,28.0,32.0,10.0,3.0,1.02,0.32,0.89,0.26,0.13,0.06,1.02,0.32,1.18,0.02,1,0,7,5,1,0,1,2,2,2,0.3095,0.0,0.5513,0.212,0.0432,0.0,0.0855,0.0462,0.0301,0.059,9,7,1,0,1,1,1,1,0,0,0.8459,0.2616,0.0432,0.0,0.0102,0.0244,0.1203,0.0312,0.0,0.0,12,9,16.04,18.08
4506782,2024-08-31,esp,2024/2025,LaLiga,4,Adrián Cordero Vega,8558,Espanyol,8370,Rayo Vallecano,1,2,1,47,53,10,17,3,5,4,7,3,5,0,1,7,9,3,8,3,7,3,1,2,0,17,27,14,16,3,2,0,0,0,2,18,15,11,9,5,3,35,11,4,1,53,48,37.0,34.0,16.0,14.0,4.0,7.0,355,390,276.0,318.0,186,161,90,157,25.0,21.0,4.0,7.0,1.68,1.29,1.39,1.02,0.28,0.27,1.68,1.29,1.84,0.57,1,0,5,6,1,3,1,3,2,5,0.2217,0.0,1.3474,1.0659,0.034,0.0628,0.0138,0.0491,0.0612,0.1079,4,9,3,1,2,4,1,3,0,0,0.1872,0.9345,1.2077,0.0839,0.2694,0.1705,0.0138,0.0968,0.0,0.0,10,17,14.96,22.22
4506782,2024-08-31,esp,2024/2025,LaLiga,4,Adrián Cordero Vega,8370,Rayo Vallecano,8558,Espanyol,0,1,2,53,47,17,10,5,3,7,4,5,3,1,0,9,7,8,3,7,3,1,3,0,2,27,17,16,14,2,3,0,0,2,0,15,18,9,11,3,5,11,35,1,4,48,53,34.0,37.0,14.0,16.0,7.0,4.0,390,355,318.0,276.0,161,186,157,90,21.0,25.0,7.0,4.0,1.29,1.68,1.02,1.39,0.27,0.28,1.29,1.68,0.57,1.84,0,1,6,5,3,1,3,1,5,2,0.0,0.2217,1.0659,1.3474,0.0628,0.034,0.0491,0.0138,0.1079,0.0612,9,4,1,3,4,2,3,1,0,0,0.9345,0.1872,0.0839,1.2077,0.1705,0.2694,0.0968,0.0138,0.0,0.0,17,10,22.22,14.96
4506778,2024-09-01,esp,2024/2025,LaLiga,4,José Luis Munuera Montero,8305,Getafe,8560,Real Sociedad,1,0,0,53,47,16,1,1,0,7,0,8,1,0,0,4,0,12,1,4,1,0,0,0,0,30,2,14,16,1,1,0,0,2,1,17,19,5,10,1,8,20,56,0,1,75,55,43.0,34.0,32.0,21.0,11.0,4.0,340,314,229.0,210.0,74,153,155,57,31.0,27.0,2.0,1.0,0.57,0.02,0.51,0.02,0.07,0.0,0.57,0.02,0.08,0.0,0,0,2,0,2,0,6,1,6,0,0.0,0.0,0.2017,0.0,0.0694,0.0,0.2326,0.0193,0.0708,0.0,13,1,0,0,3,0,0,0,0,0,0.5365,0.0193,0.0,0.0,0.0381,0.0,0.0,0.0,0.0,0.0,16,1,24.73,28.5
4506778,2024-09-01,esp,2024/2025,LaLiga,4,José Luis Munuera Montero,8560,Real Sociedad,8305,Getafe,0,0,0,47,53,1,16,0,1,0,7,1,8,0,0,0,4,1,12,1,4,0,0,0,0,2,30,16,14,1,1,0,0,1,2,19,17,10,5,8,1,56,20,1,0,55,75,34.0,43.0,21.0,32.0,4.0,11.0,314,340,210.0,229.0,153,74,57,155,27.0,31.0,1.0,2.0,0.02,0.57,0.02,0.51,0.0,0.07,0.02,0.57,0.0,0.08,0,0,0,2,0,2,1,6,0,6,0.0,0.0,0.0,0.2017,0.0,0.0694,0.0193,0.2326,0.0,0.0708,1,13,0,0,0,3,0,0,0,0,0.0193,0.5365,0.0,0.0,0.0,0.0381,0.0,0.0,0.0,0.0,1,16,28.5,24.73
4506780,2024-09-01,esp,2024/2025,LaLiga,4,Víctor García Verdura,9866,Deportivo Alaves,8306,Las Palmas,1,2,0,29,71,15,12,5,6,6,5,4,1,0,0,9,7,6,5,6,5,2,1,1,1,25,14,13,9,3,0,0,0,1,0,16,10,8,4,1,4,21,18,6,3,44,50,31.0,32.0,13.0,18.0,7.0,9.0,239,603,167.0,524.0,74,301,93,223,16.0,22.0,8.0,3.0,2.04,0.68,1.16,0.6,0.1,0.07,1.25,0.68,1.8,1.06,0,0,8,4,1,3,4,2,2,3,0.0,0.0,1.8022,0.2309,0.0605,0.3108,0.1178,0.0618,0.0626,0.0729,7,9,3,0,1,2,3,1,1,0,0.2797,0.6027,0.876,0.0,0.0143,0.0436,0.0848,0.0302,0.7884,0.0,15,12,17.01,18.18
4506780,2024-09-01,esp,2024/2025,LaLiga,4,Víctor García Verdura,8306,Las Palmas,9866,Deportivo Alaves,0,0,2,71,29,12,15,6,5,5,6,1,4,0,0,7,9,5,6,5,6,1,2,1,1,14,25,9,13,0,3,0,0,0,1,10,16,4,8,4,1,18,21,3,6,50,44,32.0,31.0,18.0,13.0,9.0,7.0,603,239,524.0,167.0,301,74,223,93,22.0,16.0,3.0,8.0,0.68,2.04,0.6,1.16,0.07,0.1,0.68,1.25,1.06,1.8,0,0,4,8,3,1,2,4,3,2,0.0,0.0,0.2309,1.8022,0.3108,0.0605,0.0618,0.1178,0.0729,0.0626,9,7,0,3,2,1,1,3,0,1,0.6027,0.2797,0.0,0.876,0.0436,0.0143,0.0302,0.0848,0.0,0.7884,12,15,18.18,17.01
4506783,2024-09-01,esp,2024/2025,LaLiga,4,Javier Alberola Rojas,8633,Real Madrid,8603,Real Betis,1,2,0,60,40,22,11,7,2,6,3,9,6,1,0,18,8,4,3,7,3,2,1,0,1,45,28,9,17,2,0,0,0,1,2,18,21,10,7,6,8,7,19,2,5,60,43,51.0,37.0,9.0,6.0,16.0,8.0,608,421,546.0,353.0,234,169,312,184,28.0,13.0,9.0,4.0,2.45,0.57,1.32,0.46,0.34,0.11,1.66,0.57,2.11,0.03,1,0,10,5,7,3,2,1,2,2,0.112,0.0,2.0655,0.3668,0.1883,0.0937,0.0631,0.0614,0.0295,0.0451,15,7,0,2,4,2,2,0,1,0,1.3218,0.3646,0.0,0.0932,0.2933,0.1091,0.055,0.0,0.7884,0.0,22,11,15.76,16.08
4506783,2024-09-01,esp,2024/2025,LaLiga,4,Javier Alberola Rojas,8603,Real Betis,8633,Real Madrid,0,0,2,40,60,11,22,2,7,3,6,6,9,0,1,8,18,3,4,3,7,1,2,1,0,28,45,17,9,0,2,0,0,2,1,21,18,7,10,8,6,19,7,5,2,43,60,37.0,51.0,6.0,9.0,8.0,16.0,421,608,353.0,546.0,169,234,184,312,13.0,28.0,4.0,9.0,0.57,2.45,0.46,1.32,0.11,0.34,0.57,1.66,0.03,2.11,0,1,5,10,3,7,1,2,2,2,0.0,0.112,0.3668,2.0655,0.0937,0.1883,0.0614,0.0631,0.0451,0.0295,7,15,2,0,2,4,0,2,0,1,0.3646,1.3218,0.0932,0.0,0.1091,0.2933,0.0,0.055,0.0,0.7884,11,22,16.08,15.76
4506784,2024-09-01,esp,2024/2025,LaLiga,4,Juan Martínez Munuera,8371,Osasuna,9910,Celta Vigo,1,3,2,50,50,10,12,3,4,2,4,5,4,0,0,7,5,3,7,6,3,0,2,0,1,24,19,19,10,2,0,0,1,3,3,18,9,11,4,4,5,16,16,3,1,49,38,36.0,32.0,13.0,6.0,9.0,4.0,449,457,376.0,380.0,179,188,197,192,41.0,21.0,4.0,1.0,0.96,1.69,0.62,1.49,0.34,0.2,0.96,1.69,1.93,1.47,1,1,5,2,1,2,3,6,0,1,0.0234,0.6736,0.6912,0.605,0.1329,0.0516,0.1106,0.2729,0.0,0.0882,5,7,1,1,4,1,0,3,0,0,0.4898,1.395,0.1329,0.094,0.3354,0.0207,0.0,0.1816,0.0,0.0,10,12,13.24,18.07
4506784,2024-09-01,esp,2024/2025,LaLiga,4,Juan Martínez Munuera,9910,Celta Vigo,8371,Osasuna,0,2,3,50,50,12,10,4,3,4,2,4,5,0,0,5,7,7,3,3,6,2,0,1,0,19,24,10,19,0,2,1,0,3,3,9,18,4,11,5,4,16,16,1,3,38,49,32.0,36.0,6.0,13.0,4.0,9.0,457,449,380.0,376.0,188,179,192,197,21.0,41.0,1.0,4.0,1.69,0.96,1.49,0.62,0.2,0.34,1.69,0.96,1.47,1.93,1,1,2,5,2,1,6,3,1,0,0.6736,0.0234,0.605,0.6912,0.0516,0.1329,0.2729,0.1106,0.0882,0.0,7,5,1,1,1,4,3,0,0,0,1.395,0.4898,0.094,0.1329,0.0207,0.3354,0.1816,0.0,0.0,0.0,12,10,18.07,13.24
4506785,2024-09-01,esp,2024/2025,LaLiga,4,José María Sánchez Martínez,8302,Sevilla,7732,Girona,1,0,2,49,51,16,11,5,4,6,5,5,2,0,0,8,9,8,2,7,5,0,3,0,1,24,24,6,14,3,2,0,0,4,0,17,24,4,8,2,4,16,13,2,5,43,43,40.0,39.0,3.0,4.0,10.0,10.0,433,433,366.0,384.0,218,198,148,186,11.0,22.0,4.0,4.0,0.97,1.94,0.65,1.06,0.32,0.09,0.97,1.15,0.37,1.72,0,2,3,4,5,3,6,2,2,0,0.0,0.6556,0.2869,1.1806,0.3159,0.0801,0.3188,0.0372,0.0444,0.0,9,8,1,0,3,1,3,1,0,1,0.573,1.071,0.0732,0.0,0.1765,0.0482,0.1434,0.0459,0.0,0.7884,16,11,19.41,15.13
4506785,2024-09-01,esp,2024/2025,LaLiga,4,José María Sánchez Martínez,7732,Girona,8302,Sevilla,0,2,0,51,49,11,16,4,5,5,6,2,5,0,0,9,8,2,8,5,7,3,0,1,0,24,24,14,6,2,3,0,0,0,4,24,17,8,4,4,2,13,16,5,2,43,43,39.0,40.0,4.0,3.0,10.0,10.0,433,433,384.0,366.0,198,218,186,148,22.0,11.0,4.0,4.0,1.94,0.97,1.06,0.65,0.09,0.32,1.15,0.97,1.72,0.37,2,0,4,3,3,5,2,6,0,2,0.6556,0.0,1.1806,0.2869,0.0801,0.3159,0.0372,0.3188,0.0,0.0444,8,9,0,1,1,3,1,3,1,0,1.071,0.573,0.0,0.0732,0.0482,0.1765,0.0459,0.1434,0.7884,0.0,11,16,15.13,19.41
4506787,2024-09-13,esp,2024/2025,LaLiga,5,Pablo González Fuertes,8603,Real Betis,7854,Leganes,1,2,0,64,36,14,3,5,0,6,2,3,1,0,0,10,1,4,2,11,1,2,0,1,0,30,5,11,18,1,2,0,0,2,1,11,17,6,12,1,2,7,22,0,3,50,51,35.0,36.0,15.0,15.0,7.0,8.0,611,352,533.0,263.0,239,160,294,103,20.0,24.0,6.0,0.0,2.12,0.1,2.02,0.1,0.09,0.0,2.12,0.1,2.37,0.0,1,0,6,1,3,0,2,1,2,1,0.8323,0.0,1.1605,0.0686,0.0911,0.0,0.068,0.0143,0.0535,0.0129,8,3,3,0,2,0,1,0,0,0,1.2102,0.0958,0.9028,0.0,0.0562,0.0,0.0362,0.0,0.0,0.0,14,3,17.44,25.33
4506787,2024-09-13,esp,2024/2025,LaLiga,5,Pablo González Fuertes,7854,Leganes,8603,Real Betis,0,0,2,36,64,3,14,0,5,2,6,1,3,0,0,1,10,2,4,1,11,0,2,0,1,5,30,18,11,2,1,0,0,1,2,17,11,12,6,2,1,22,7,3,0,51,50,36.0,35.0,15.0,15.0,8.0,7.0,352,611,263.0,533.0,160,239,103,294,24.0,20.0,0.0,6.0,0.1,2.12,0.1,2.02,0.0,0.09,0.1,2.12,0.0,2.37,0,1,1,6,0,3,1,2,1,2,0.0,0.8323,0.0686,1.1605,0.0,0.0911,0.0143,0.068,0.0129,0.0535,3,8,0,3,0,2,0,1,0,0,0.0958,1.2102,0.0,0.9028,0.0,0.0562,0.0,0.0362,0.0,0.0,3,14,25.33,17.44
4506789,2024-09-14,esp,2024/2025,LaLiga,5,Ricardo De Burgos Bengoetxea,8661,Mallorca,10205,Villarreal,1,1,2,54,46,9,21,4,4,3,9,2,8,0,0,7,12,2,9,7,6,0,2,0,0,24,36,11,10,3,3,1,0,2,1,15,10,4,6,7,2,12,24,2,4,40,43,28.0,22.0,12.0,21.0,4.0,2.0,440,387,355.0,313.0,175,156,180,157,22.0,26.0,7.0,8.0,0.35,1.77,0.14,1.43,0.21,0.34,0.35,1.77,0.34,2.03,0,3,5,8,2,1,1,7,1,2,0.0,0.3385,0.259,0.986,0.0475,0.0525,0.0268,0.3426,0.0139,0.0456,4,15,0,2,5,3,0,1,0,0,0.1501,1.3218,0.0,0.108,0.1972,0.2525,0.0,0.083,0.0,0.0,9,21,16.89,15.58
4506789,2024-09-14,esp,2024/2025,LaLiga,5,Ricardo De Burgos Bengoetxea,10205,Villarreal,8661,Mallorca,0,2,1,46,54,21,9,4,4,9,3,8,2,0,0,12,7,9,2,6,7,2,0,0,0,36,24,10,11,3,3,0,1,1,2,10,15,6,4,2,7,24,12,4,2,43,40,22.0,28.0,21.0,12.0,2.0,4.0,387,440,313.0,355.0,156,175,157,180,26.0,22.0,8.0,7.0,1.77,0.35,1.43,0.14,0.34,0.21,1.77,0.35,2.03,0.34,3,0,8,5,1,2,7,1,2,1,0.3385,0.0,0.986,0.259,0.0525,0.0475,0.3426,0.0268,0.0456,0.0139,15,4,2,0,3,5,1,0,0,0,1.3218,0.1501,0.108,0.0,0.2525,0.1972,0.083,0.0,0.0,0.0,21,9,15.58,16.89
4506792,2024-09-14,esp,2024/2025,LaLiga,5,Mateo Busquets Ferrer,8302,Sevilla,8305,Getafe,1,1,0,60,40,10,15,4,4,4,6,2,5,1,1,8,6,2,9,3,4,3,2,3,2,18,12,19,15,1,4,1,0,1,2,19,30,6,3,5,2,21,14,4,3,68,72,50.0,51.0,18.0,21.0,16.0,4.0,442,266,351.0,185.0,154,84,197,101,21.0,18.0,4.0,7.0,1.41,1.01,1.39,0.75,0.01,0.26,1.41,1.01,1.13,0.42,0,0,4,5,4,1,1,7,1,2,0.0,0.0,1.0889,0.6957,0.2831,0.0372,0.014,0.2336,0.0218,0.0447,6,9,3,0,1,2,0,4,0,0,0.3615,0.7818,1.0323,0.0,0.014,0.0837,0.0,0.1457,0.0,0.0,10,15,17.49,20.2
4506792,2024-09-14,esp,2024/2025,LaLiga,5,Mateo Busquets Ferrer,8305,Getafe,8302,Sevilla,0,0,1,40,60,15,10,4,4,6,4,5,2,1,1,6,8,9,2,4,3,2,3,2,3,12,18,15,19,4,1,0,1,2,1,30,19,3,6,2,5,14,21,3,4,72,68,51.0,50.0,21.0,18.0,4.0,16.0,266,442,185.0,351.0,84,154,101,197,18.0,21.0,7.0,4.0,1.01,1.41,0.75,1.39,0.26,0.01,1.01,1.41,0.42,1.13,0,0,5,4,1,4,7,1,2,1,0.0,0.0,0.6957,1.0889,0.0372,0.2831,0.2336,0.014,0.0447,0.0218,9,6,0,3,2,1,4,0,0,0,0.7818,0.3615,0.0,1.0323,0.0837,0.014,0.1457,0.0,0.0,0.0,15,10,20.2,17.49
4506794,2024-09-14,esp,2024/2025,LaLiga,5,Juan Martínez Munuera,8560,Real Sociedad,8633,Real Madrid,1,0,2,48,52,11,16,2,6,5,2,4,8,3,0,7,10,4,6,6,6,2,2,2,0,25,26,12,9,4,1,0,0,2,1,15,17,6,6,7,4,9,11,4,2,35,41,27.0,33.0,8.0,8.0,4.0,5.0,453,494,393.0,437.0,195,221,198,216,15.0,32.0,4.0,3.0,1.07,2.38,0.62,0.37,0.45,0.43,1.07,0.8,0.9,2.2,1,1,6,6,0,3,1,6,3,0,0.2868,0.0889,0.6454,1.8736,0.0,0.166,0.082,0.2512,0.0529,0.0,5,8,0,0,4,2,2,4,0,2,0.6215,0.3737,0.0,0.0,0.12,0.1937,0.3256,0.2355,0.0,1.5768,11,16,16.25,16.19
4506794,2024-09-14,esp,2024/2025,LaLiga,5,Juan Martínez Munuera,8633,Real Madrid,8560,Real Sociedad,0,2,0,52,48,16,11,6,2,2,5,8,4,0,3,10,7,6,4,6,6,2,2,0,2,26,25,9,12,1,4,0,0,1,2,17,15,6,6,4,7,11,9,2,4,41,35,33.0,27.0,8.0,8.0,5.0,4.0,494,453,437.0,393.0,221,195,216,198,32.0,15.0,3.0,4.0,2.38,1.07,0.37,0.62,0.43,0.45,0.8,1.07,2.2,0.9,1,1,6,6,3,0,6,1,0,3,0.0889,0.2868,1.8736,0.6454,0.166,0.0,0.2512,0.082,0.0,0.0529,8,5,0,0,2,4,4,2,2,0,0.3737,0.6215,0.0,0.0,0.1937,0.12,0.2355,0.3256,1.5768,0.0,16,11,16.19,16.25
4506795,2024-09-14,esp,2024/2025,LaLiga,5,Juan Luis Pulido Santana,8558,Espanyol,9866,Deportivo Alaves,1,3,2,38,62,9,19,4,6,4,7,1,6,0,0,7,16,2,3,0,5,3,4,1,2,18,39,17,14,2,3,0,0,3,0,17,16,4,11,6,1,45,7,4,1,53,51,33.0,36.0,20.0,15.0,4.0,5.0,265,425,199.0,333.0,136,135,63,198,23.0,40.0,2.0,12.0,1.58,1.91,0.68,1.11,0.1,0.81,0.79,1.91,2.79,3.07,1,3,3,13,3,0,2,3,0,0,0.4903,0.9707,0.9442,0.8345,0.1277,0.0,0.0428,0.1095,0.0,0.0,6,10,1,0,0,3,1,6,1,0,0.6615,1.1053,0.0509,0.0,0.0,0.1666,0.1042,0.6428,0.7884,0.0,9,19,15.49,13.2
4506795,2024-09-14,esp,2024/2025,LaLiga,5,Juan Luis Pulido Santana,9866,Deportivo Alaves,8558,Espanyol,0,2,3,62,38,19,9,6,4,7,4,6,1,0,0,16,7,3,2,5,0,4,3,2,1,39,18,14,17,3,2,0,0,0,3,16,17,11,4,1,6,7,45,1,4,51,53,36.0,33.0,15.0,20.0,5.0,4.0,425,265,333.0,199.0,135,136,198,63,40.0,23.0,12.0,2.0,1.91,1.58,1.11,0.68,0.81,0.1,1.91,0.79,3.07,2.79,3,1,13,3,0,3,3,2,0,0,0.9707,0.4903,0.8345,0.9442,0.0,0.1277,0.1095,0.0428,0.0,0.0,10,6,0,1,3,0,6,1,0,1,1.1053,0.6615,0.0,0.0509,0.1666,0.0,0.6428,0.1042,0.0,0.7884,19,9,13.2,15.49
4506786,2024-09-15,esp,2024/2025,LaLiga,5,César Soto Grado,9906,Atletico Madrid,10267,Valencia,1,3,0,53,47,14,5,4,1,9,3,1,1,1,0,14,2,0,3,7,3,6,0,3,0,28,9,10,8,1,2,0,0,1,2,12,11,5,4,1,1,15,15,1,1,36,35,24.0,26.0,12.0,9.0,5.0,7.0,515,465,438.0,385.0,246,129,192,256,25.0,29.0,13.0,0.0,3.24,0.15,2.42,0.08,0.81,0.07,3.24,0.15,3.09,0.07,2,0,10,0,2,2,0,3,0,0,0.7026,0.0,2.388,0.0,0.0758,0.0735,0.0,0.0725,0.0,0.0,7,3,2,0,2,0,3,2,0,0,1.7759,0.0778,0.5758,0.0,0.2377,0.0,0.577,0.0681,0.0,0.0,14,5,10.24,20.84
4506786,2024-09-15,esp,2024/2025,LaLiga,5,César Soto Grado,10267,Valencia,9906,Atletico Madrid,0,0,3,47,53,5,14,1,4,3,9,1,1,0,1,2,14,3,0,3,7,0,6,0,3,9,28,8,10,2,1,0,0,2,1,11,12,4,5,1,1,15,15,1,1,35,36,26.0,24.0,9.0,12.0,7.0,5.0,465,515,385.0,438.0,129,246,256,192,29.0,25.0,0.0,13.0,0.15,3.24,0.08,2.42,0.07,0.81,0.15,3.24,0.07,3.09,0,2,0,10,2,2,3,0,0,0,0.0,0.7026,0.0,2.388,0.0735,0.0758,0.0725,0.0,0.0,0.0,3,7,0,2,0,2,2,3,0,0,0.0778,1.7759,0.0,0.5758,0.0,0.2377,0.0681,0.577,0.0,0.0,5,14,20.84,10.24
4506788,2024-09-15,esp,2024/2025,LaLiga,5,Francisco José Hernández Maeso,9910,Celta Vigo,10281,Real Valladolid,1,3,1,54,46,14,6,9,2,1,2,4,2,0,0,12,5,2,1,5,3,3,0,1,0,34,12,14,15,3,5,0,1,3,1,12,19,6,14,2,4,7,15,1,6,46,46,33.0,41.0,13.0,5.0,8.0,8.0,484,406,419.0,344.0,209,249,210,95,24.0,21.0,3.0,3.0,1.84,0.51,1.59,0.37,0.25,0.14,1.84,0.51,2.81,0.53,2,0,7,3,3,2,1,1,1,0,0.7298,0.0,0.7276,0.3448,0.2917,0.1435,0.082,0.0249,0.0368,0.0,9,4,0,0,5,1,0,1,0,0,1.6191,0.3719,0.0,0.0,0.2488,0.0249,0.0,0.1164,0.0,0.0,14,6,12.94,14.47
4506788,2024-09-15,esp,2024/2025,LaLiga,5,Francisco José Hernández Maeso,10281,Real Valladolid,9910,Celta Vigo,0,1,3,46,54,6,14,2,9,2,1,2,4,0,0,5,12,1,2,3,5,0,3,0,1,12,34,15,14,5,3,1,0,1,3,19,12,14,6,4,2,15,7,6,1,46,46,41.0,33.0,5.0,13.0,8.0,8.0,406,484,344.0,419.0,249,209,95,210,21.0,24.0,3.0,3.0,0.51,1.84,0.37,1.59,0.14,0.25,0.51,1.84,0.53,2.81,0,2,3,7,2,3,1,1,0,1,0.0,0.7298,0.3448,0.7276,0.1435,0.2917,0.0249,0.082,0.0,0.0368,4,9,0,0,1,5,1,0,0,0,0.3719,1.6191,0.0,0.0,0.0249,0.2488,0.1164,0.0,0.0,0.0,6,14,14.47,12.94
4506790,2024-09-15,esp,2024/2025,LaLiga,5,Miguel Ángel Ortiz Arias,8306,Las Palmas,8315,Athletic Club,1,2,3,65,35,15,9,6,4,4,5,5,0,0,0,9,6,6,3,9,3,3,3,2,1,30,14,8,12,1,2,0,1,0,1,19,14,11,10,0,6,13,30,1,3,44,54,34.0,35.0,10.0,19.0,4.0,13.0,599,334,497.0,231.0,269,116,228,115,22.0,17.0,8.0,3.0,1.42,2.15,0.42,0.74,1.0,1.41,1.42,2.15,1.29,2.69,1,2,5,3,3,1,5,3,1,0,0.6075,1.3354,0.5313,0.5234,0.1305,0.0586,0.1329,0.2313,0.0431,0.0,6,6,0,0,5,3,4,0,0,0,0.4207,0.7364,0.0,0.0,0.2884,1.4123,0.7361,0.0,0.0,0.0,15,9,17.5,13.1
4506790,2024-09-15,esp,2024/2025,LaLiga,5,Miguel Ángel Ortiz Arias,8315,Athletic Club,8306,Las Palmas,0,3,2,35,65,9,15,4,6,5,4,0,5,0,0,6,9,3,6,3,9,3,3,1,2,14,30,12,8,2,1,1,0,1,0,14,19,10,11,6,0,30,13,3,1,54,44,35.0,34.0,19.0,10.0,13.0,4.0,334,599,231.0,497.0,116,269,115,228,17.0,22.0,3.0,8.0,2.15,1.42,0.74,0.42,1.41,1.0,2.15,1.42,2.69,1.29,2,1,3,5,1,3,3,5,0,1,1.3354,0.6075,0.5234,0.5313,0.0586,0.1305,0.2313,0.1329,0.0,0.0431,6,6,0,0,3,5,0,4,0,0,0.7364,0.4207,0.0,0.0,1.4123,0.2884,0.0,0.7361,0.0,0.0,9,15,13.1,17.5
4506791,2024-09-15,esp,2024/2025,LaLiga,5,Alejandro Muñíz Ruiz,7732,Girona,8634,Barcelona,1,1,4,45,55,9,20,4,9,3,9,2,2,0,0,7,13,2,7,1,6,2,4,1,2,16,34,13,4,3,2,0,1,7,0,17,19,6,1,2,1,22,9,5,3,30,47,29.0,42.0,1.0,5.0,9.0,10.0,392,475,343.0,414.0,228,237,115,177,22.0,27.0,5.0,2.0,1.29,1.88,1.29,1.75,0.0,0.13,1.29,1.88,1.26,3.48,0,1,5,7,2,5,1,6,1,1,0.0,0.2095,1.193,1.2084,0.0502,0.1821,0.0295,0.2457,0.0203,0.0338,9,12,0,4,0,3,0,1,0,0,1.293,1.2058,0.0,0.546,0.0,0.0635,0.0,0.0641,0.0,0.0,9,20,15.63,18.55
4506791,2024-09-15,esp,2024/2025,LaLiga,5,Alejandro Muñíz Ruiz,8634,Barcelona,7732,Girona,0,4,1,55,45,20,9,9,4,9,3,2,2,0,0,13,7,7,2,6,1,4,2,2,1,34,16,4,13,2,3,1,0,0,7,19,17,1,6,1,2,9,22,3,5,47,30,42.0,29.0,5.0,1.0,10.0,9.0,475,392,414.0,343.0,237,228,177,115,27.0,22.0,2.0,5.0,1.88,1.29,1.75,1.29,0.13,0.0,1.88,1.29,3.48,1.26,1,0,7,5,5,2,6,1,1,1,0.2095,0.0,1.2084,1.193,0.1821,0.0502,0.2457,0.0295,0.0338,0.0203,12,9,4,0,3,0,1,0,0,0,1.2058,1.293,0.546,0.0,0.0635,0.0,0.0641,0.0,0.0,0.0,20,9,18.55,15.63
4506793,2024-09-16,esp,2024/2025,LaLiga,5,Alejandro Quintero González,8370,Rayo Vallecano,8371,Osasuna,1,3,1,66,34,17,5,6,2,8,3,3,0,0,1,11,4,6,1,7,4,2,1,2,1,26,19,12,15,3,2,0,0,3,0,18,18,3,4,0,3,11,29,1,3,53,63,43.0,41.0,10.0,22.0,11.0,11.0,484,253,384.0,147.0,177,61,207,86,28.0,24.0,4.0,3.0,1.68,0.33,0.82,0.23,0.86,0.1,1.68,0.33,1.27,0.15,1,0,3,3,7,1,6,0,0,1,0.7666,0.0,0.3708,0.2824,0.3118,0.0253,0.2293,0.0,0.0,0.0262,10,2,3,2,2,1,2,0,0,0,0.5973,0.0938,0.2178,0.1391,0.0415,0.101,0.8219,0.0,0.0,0.0,17,5,18.3,18.13
4506793,2024-09-16,esp,2024/2025,LaLiga,5,Alejandro Quintero González,8371,Osasuna,8370,Rayo Vallecano,0,1,3,34,66,5,17,2,6,3,8,0,3,1,0,4,11,1,6,4,7,1,2,1,2,19,26,15,12,2,3,0,0,0,3,18,18,4,3,3,0,29,11,3,1,63,53,41.0,43.0,22.0,10.0,11.0,11.0,253,484,147.0,384.0,61,177,86,207,24.0,28.0,3.0,4.0,0.33,1.68,0.23,0.82,0.1,0.86,0.33,1.68,0.15,1.27,0,1,3,3,1,7,0,6,1,0,0.0,0.7666,0.2824,0.3708,0.0253,0.3118,0.0,0.2293,0.0262,0.0,2,10,2,3,1,2,0,2,0,0,0.0938,0.5973,0.1391,0.2178,0.101,0.0415,0.0,0.8219,0.0,0.0,5,17,18.13,18.3
4506809,2024-09-17,esp,2024/2025,LaLiga,7,Adrián Cordero Vega,8661,Mallorca,8560,Real Sociedad,1,1,0,40,60,10,13,4,5,5,6,1,2,0,0,8,6,2,7,5,5,2,0,1,0,14,17,5,10,1,1,0,0,3,1,17,15,11,7,2,0,28,12,5,3,58,44,35.0,26.0,23.0,18.0,10.0,6.0,364,537,280.0,448.0,156,213,124,235,35.0,32.0,6.0,2.0,1.19,0.59,0.27,0.52,0.13,0.07,0.4,0.59,0.95,0.23,0,0,6,1,2,5,1,5,1,2,0.0,0.0,1.0959,0.1109,0.037,0.2608,0.0365,0.176,0.016,0.0404,4,10,0,0,4,3,1,0,1,0,0.2658,0.519,0.0,0.0,0.0755,0.0691,0.0558,0.0,0.7884,0.0,10,13,14.88,21.48
4506809,2024-09-17,esp,2024/2025,LaLiga,7,Adrián Cordero Vega,8560,Real Sociedad,8661,Mallorca,0,0,1,60,40,13,10,5,4,6,5,2,1,0,0,6,8,7,2,5,5,0,2,0,1,17,14,10,5,1,1,0,0,1,3,15,17,7,11,0,2,12,28,3,5,44,58,26.0,35.0,18.0,23.0,6.0,10.0,537,364,448.0,280.0,213,156,235,124,32.0,35.0,2.0,6.0,0.59,1.19,0.52,0.27,0.07,0.13,0.59,0.4,0.23,0.95,0,0,1,6,5,2,5,1,2,1,0.0,0.0,0.1109,1.0959,0.2608,0.037,0.176,0.0365,0.0404,0.016,10,4,0,0,3,4,0,1,0,1,0.519,0.2658,0.0,0.0,0.0691,0.0755,0.0,0.0558,0.0,0.7884,13,10,21.48,14.88
4506767,2024-09-18,esp,2024/2025,LaLiga,3,Juan Luis Pulido Santana,8603,Real Betis,8305,Getafe,1,2,1,66,34,17,15,7,5,6,7,4,3,0,0,12,7,5,8,8,4,5,1,4,0,34,24,10,20,3,5,0,0,0,2,22,12,5,7,3,3,20,27,4,6,74,47,58.0,29.0,16.0,18.0,19.0,8.0,503,251,401.0,173.0,223,64,178,109,28.0,15.0,3.0,8.0,2.93,0.61,1.67,0.26,0.47,0.35,2.15,0.61,2.12,1.61,1,1,8,5,3,1,5,5,0,3,0.3158,0.1442,2.3367,0.2467,0.0889,0.0422,0.2297,0.1332,0.0,0.0466,11,10,1,0,4,3,0,2,1,0,1.592,0.2624,0.1178,0.0,0.473,0.173,0.0,0.1776,0.7884,0.0,17,15,14.47,20.57
4506767,2024-09-18,esp,2024/2025,LaLiga,3,Juan Luis Pulido Santana,8305,Getafe,8603,Real Betis,0,1,2,34,66,15,17,5,7,7,6,3,4,0,0,7,12,8,5,4,8,1,5,0,4,24,34,20,10,5,3,0,0,2,0,12,22,7,5,3,3,27,20,6,4,47,74,29.0,58.0,18.0,16.0,8.0,19.0,251,503,173.0,401.0,64,223,109,178,15.0,28.0,8.0,3.0,0.61,2.93,0.26,1.67,0.35,0.47,0.61,2.15,1.61,2.12,1,1,5,8,1,3,5,5,3,0,0.1442,0.3158,0.2467,2.3367,0.0422,0.0889,0.1332,0.2297,0.0466,0.0,10,11,0,1,3,4,2,0,0,1,0.2624,1.592,0.0,0.1178,0.173,0.473,0.1776,0.0,0.0,0.7884,15,17,20.57,14.47
4506812,2024-09-19,esp,2024/2025,LaLiga,7,Francisco José Hernández Maeso,7854,Leganes,8315,Athletic Club,1,0,2,48,52,14,10,3,4,10,4,1,2,1,3,7,7,7,3,4,7,0,2,0,1,16,14,12,11,3,0,0,0,4,3,24,4,5,14,2,1,24,22,2,3,57,33,36.0,24.0,21.0,9.0,4.0,8.0,423,456,327.0,381.0,222,177,105,204,21.0,36.0,5.0,3.0,0.94,1.32,0.82,0.73,0.11,0.59,0.94,1.32,0.63,1.38,0,2,6,4,1,1,6,2,1,1,0.0,0.3433,0.4988,0.817,0.2119,0.054,0.2441,0.0893,0.028,0.0131,7,5,3,1,4,2,0,2,0,0,0.3936,0.676,0.4763,0.054,0.113,0.0813,0.0,0.5053,0.0,0.0,14,10,19.04,12.78
4506812,2024-09-19,esp,2024/2025,LaLiga,7,Francisco José Hernández Maeso,8315,Athletic Club,7854,Leganes,0,2,0,52,48,10,14,4,3,4,10,2,1,3,1,7,7,3,7,7,4,2,0,1,0,14,16,11,12,0,3,0,0,3,4,4,24,14,5,1,2,22,24,3,2,33,57,24.0,36.0,9.0,21.0,8.0,4.0,456,423,381.0,327.0,177,222,204,105,36.0,21.0,3.0,5.0,1.32,0.94,0.73,0.82,0.59,0.11,1.32,0.94,1.38,0.63,2,0,4,6,1,1,2,6,1,1,0.3433,0.0,0.817,0.4988,0.054,0.2119,0.0893,0.2441,0.0131,0.028,5,7,1,3,2,4,2,0,0,0,0.676,0.3936,0.054,0.4763,0.0813,0.113,0.5053,0.0,0.0,0.0,10,14,12.78,19.04
4506800,2024-09-20,esp,2024/2025,LaLiga,6,Javier Alberola Rojas,9866,Deportivo Alaves,8302,Sevilla,1,2,1,34,66,10,8,4,2,3,3,3,3,1,0,7,4,3,4,3,5,1,1,0,1,18,13,11,16,1,4,0,0,1,2,22,12,6,11,2,3,18,13,1,2,54,55,40.0,35.0,14.0,20.0,2.0,12.0,263,501,162.0,421.0,74,258,88,163,27.0,24.0,2.0,2.0,1.1,0.52,0.94,0.52,0.16,0.0,1.1,0.52,0.77,1.49,1,0,4,2,2,2,3,0,0,4,0.5143,0.0,0.413,0.2286,0.1094,0.2145,0.1925,0.0,0.0,0.081,5,8,2,0,0,0,3,0,0,0,0.9985,0.5241,0.0704,0.0,0.0,0.0,0.1603,0.0,0.0,0.0,10,8,15.34,21.71
4506800,2024-09-20,esp,2024/2025,LaLiga,6,Javier Alberola Rojas,8302,Sevilla,9866,Deportivo Alaves,0,1,2,66,34,8,10,2,4,3,3,3,3,0,1,4,7,4,3,5,3,1,1,1,0,13,18,16,11,4,1,0,0,2,1,12,22,11,6,3,2,13,18,2,1,55,54,35.0,40.0,20.0,14.0,12.0,2.0,501,263,421.0,162.0,258,74,163,88,24.0,27.0,2.0,2.0,0.52,1.1,0.52,0.94,0.0,0.16,0.52,1.1,1.49,0.77,0,1,2,4,2,2,0,3,4,0,0.0,0.5143,0.2286,0.413,0.2145,0.1094,0.0,0.1925,0.081,0.0,8,5,0,2,0,0,0,3,0,0,0.5241,0.9985,0.0,0.0704,0.0,0.0,0.0,0.1603,0.0,0.0,8,10,21.71,15.34
4506803,2024-09-21,esp,2024/2025,LaLiga,6,Alejandro José Hernández Hernández,10267,Valencia,7732,Girona,1,2,0,32,68,8,8,2,3,4,3,2,2,0,0,5,5,3,3,5,4,0,0,0,0,14,11,13,10,3,2,0,0,1,2,17,22,8,6,2,2,23,14,3,0,41,51,32.0,44.0,9.0,7.0,5.0,10.0,284,607,202.0,538.0,102,323,100,215,12.0,40.0,3.0,2.0,0.43,0.41,0.29,0.29,0.14,0.11,0.43,0.41,0.31,0.66,0,1,5,2,0,2,3,2,0,1,0.0,0.0755,0.3473,0.1131,0.0,0.1017,0.0877,0.1009,0.0,0.0146,6,6,0,0,0,2,2,0,0,0,0.2936,0.2926,0.0,0.0,0.0,0.1131,0.1414,0.0,0.0,0.0,8,8,17.5,16.81
4506803,2024-09-21,esp,2024/2025,LaLiga,6,Alejandro José Hernández Hernández,7732,Girona,10267,Valencia,0,0,2,68,32,8,8,3,2,3,4,2,2,0,0,5,5,3,3,4,5,0,0,0,0,11,14,10,13,2,3,0,0,2,1,22,17,6,8,2,2,14,23,0,3,51,41,44.0,32.0,7.0,9.0,10.0,5.0,607,284,538.0,202.0,323,102,215,100,40.0,12.0,2.0,3.0,0.41,0.43,0.29,0.29,0.11,0.14,0.41,0.43,0.66,0.31,1,0,2,5,2,0,2,3,1,0,0.0755,0.0,0.1131,0.3473,0.1017,0.0,0.1009,0.0877,0.0146,0.0,6,6,0,0,2,0,0,2,0,0,0.2926,0.2936,0.0,0.0,0.1131,0.0,0.0,0.1414,0.0,0.0,8,8,16.81,17.5
4506804,2024-09-21,esp,2024/2025,LaLiga,6,Guillermo Cuadra Fernández,10281,Real Valladolid,8560,Real Sociedad,1,0,0,35,65,15,14,2,4,6,5,7,5,0,1,8,11,7,3,5,7,1,3,1,3,19,34,15,12,4,4,0,0,0,3,17,22,12,5,5,7,20,23,3,2,63,59,32.0,45.0,31.0,14.0,8.0,8.0,269,526,193.0,446.0,102,217,91,229,23.0,19.0,7.0,5.0,1.02,1.47,0.55,1.46,0.47,0.01,1.02,1.47,0.24,0.52,1,3,5,6,2,2,5,2,2,1,0.319,0.7271,0.2876,0.5863,0.256,0.0971,0.093,0.0362,0.0612,0.0245,5,11,3,2,2,1,5,0,0,0,0.2828,1.271,0.2627,0.1858,0.338,0.0143,0.1334,0.0,0.0,0.0,15,14,20.17,14.79
4506804,2024-09-21,esp,2024/2025,LaLiga,6,Guillermo Cuadra Fernández,8560,Real Sociedad,10281,Real Valladolid,0,0,0,65,35,14,15,4,2,5,6,5,7,1,0,11,8,3,7,7,5,3,1,3,1,34,19,12,15,4,4,0,0,3,0,22,17,5,12,7,5,23,20,2,3,59,63,45.0,32.0,14.0,31.0,8.0,8.0,526,269,446.0,193.0,217,102,229,91,19.0,23.0,5.0,7.0,1.47,1.02,1.46,0.55,0.01,0.47,1.47,1.02,0.52,0.24,3,1,6,5,2,2,2,5,1,2,0.7271,0.319,0.5863,0.2876,0.0971,0.256,0.0362,0.093,0.0245,0.0612,11,5,2,3,1,2,0,5,0,0,1.271,0.2828,0.1858,0.2627,0.0143,0.338,0.0,0.1334,0.0,0.0,14,15,14.79,20.17
4506805,2024-09-21,esp,2024/2025,LaLiga,6,Isidro Díaz de Mera Escuderos,8371,Osasuna,8306,Las Palmas,1,2,1,40,60,13,11,4,6,7,5,2,0,1,0,12,9,1,2,2,4,2,1,1,0,22,23,15,11,2,5,0,0,3,3,16,17,10,6,0,2,22,21,5,2,49,51,36.0,38.0,13.0,13.0,9.0,11.0,310,488,230.0,406.0,110,238,120,168,15.0,19.0,6.0,1.0,1.97,0.85,0.96,0.54,0.21,0.31,1.18,0.85,1.86,1.29,0,1,11,4,1,4,1,1,0,1,0.0,0.2089,1.924,0.3888,0.0162,0.2184,0.0251,0.0156,0.0,0.0159,6,8,2,0,2,2,2,1,1,0,0.299,0.5421,0.6648,0.0,0.0887,0.2245,0.1244,0.081,0.7884,0.0,13,11,14.6,15.89
4506805,2024-09-21,esp,2024/2025,LaLiga,6,Isidro Díaz de Mera Escuderos,8306,Las Palmas,8371,Osasuna,0,1,2,60,40,11,13,6,4,5,7,0,2,0,1,9,12,2,1,4,2,1,2,0,1,23,22,11,15,5,2,0,0,3,3,17,16,6,10,2,0,21,22,2,5,51,49,38.0,36.0,13.0,13.0,11.0,9.0,488,310,406.0,230.0,238,110,168,120,19.0,15.0,1.0,6.0,0.85,1.97,0.54,0.96,0.31,0.21,0.85,1.18,1.29,1.86,1,0,4,11,4,1,1,1,1,0,0.2089,0.0,0.3888,1.924,0.2184,0.0162,0.0156,0.0251,0.0159,0.0,8,6,0,2,2,2,1,2,0,1,0.5421,0.299,0.0,0.6648,0.2245,0.0887,0.081,0.1244,0.0,0.7884,11,13,15.89,14.6
4506806,2024-09-21,esp,2024/2025,LaLiga,6,José Luis Munuera Montero,8633,Real Madrid,8558,Espanyol,1,4,1,73,27,31,10,14,1,9,4,8,5,0,0,21,5,10,5,9,4,8,0,4,0,60,16,7,5,4,3,0,0,2,1,10,17,12,8,5,8,5,22,1,10,36,35,27.0,29.0,9.0,6.0,12.0,6.0,703,260,637.0,177.0,296,106,341,71,32.0,23.0,8.0,3.0,4.46,0.34,2.37,0.23,1.31,0.11,3.68,0.34,4.54,0.19,2,0,17,4,2,1,7,4,3,1,1.2952,0.0,2.754,0.1971,0.0915,0.0322,0.2455,0.0798,0.0775,0.031,23,5,1,1,5,3,1,1,1,0,2.3011,0.2035,0.0679,0.031,1.2331,0.0642,0.0733,0.0414,0.7884,0.0,31,10,16.21,22.11
4506806,2024-09-21,esp,2024/2025,LaLiga,6,José Luis Munuera Montero,8558,Espanyol,8633,Real Madrid,0,1,4,27,73,10,31,1,14,4,9,5,8,0,0,5,21,5,10,4,9,0,8,0,4,16,60,5,7,3,4,0,0,1,2,17,10,8,12,8,5,22,5,10,1,35,36,29.0,27.0,6.0,9.0,6.0,12.0,260,703,177.0,637.0,106,296,71,341,23.0,32.0,3.0,8.0,0.34,4.46,0.23,2.37,0.11,1.31,0.34,3.68,0.19,4.54,0,2,4,17,1,2,4,7,1,3,0.0,1.2952,0.1971,2.754,0.0322,0.0915,0.0798,0.2455,0.031,0.0775,5,23,1,1,3,5,1,1,0,1,0.2035,2.3011,0.031,0.0679,0.0642,1.2331,0.0414,0.0733,0.0,0.7884,10,31,22.11,16.21
4506797,2024-09-22,esp,2024/2025,LaLiga,6,José María Sánchez Martínez,8315,Athletic Club,9910,Celta Vigo,1,3,1,32,68,10,11,5,4,3,3,2,4,0,0,7,11,3,0,3,6,0,1,0,0,20,24,16,11,3,2,0,0,1,2,11,18,14,4,3,2,36,12,3,2,36,50,31.0,41.0,5.0,9.0,9.0,7.0,306,641,249.0,562.0,95,290,154,272,13.0,20.0,3.0,5.0,0.69,1.31,0.58,0.38,0.11,0.14,0.69,0.52,1.78,1.87,0,0,7,7,0,4,2,0,1,0,0.0,0.0,0.625,1.1864,0.0,0.1249,0.0441,0.0,0.0247,0.0,7,6,1,0,2,3,0,1,0,1,0.4214,0.3822,0.1582,0.0,0.1142,0.1078,0.0,0.0329,0.0,0.7884,10,11,14.51,13.12
4506797,2024-09-22,esp,2024/2025,LaLiga,6,José María Sánchez Martínez,9910,Celta Vigo,8315,Athletic Club,0,1,3,68,32,11,10,4,5,3,3,4,2,0,0,11,7,0,3,6,3,1,0,0,0,24,20,11,16,2,3,0,0,2,1,18,11,4,14,2,3,12,36,2,3,50,36,41.0,31.0,9.0,5.0,7.0,9.0,641,306,562.0,249.0,290,95,272,154,20.0,13.0,5.0,3.0,1.31,0.69,0.38,0.58,0.14,0.11,0.52,0.69,1.87,1.78,0,0,7,7,4,0,0,2,0,1,0.0,0.0,1.1864,0.625,0.1249,0.0,0.0,0.0441,0.0,0.0247,6,7,0,1,3,2,1,0,1,0,0.3822,0.4214,0.0,0.1582,0.1078,0.1142,0.0329,0.0,0.7884,0.0,11,10,13.12,14.51
4506799,2024-09-22,esp,2024/2025,LaLiga,6,Adrián Cordero Vega,8305,Getafe,7854,Leganes,1,1,1,59,41,13,6,4,2,2,2,7,2,1,1,6,4,7,2,6,2,1,2,0,1,26,10,16,17,3,2,0,0,0,1,19,29,5,7,2,7,20,41,1,3,69,70,44.0,50.0,25.0,20.0,9.0,7.0,420,300,310.0,186.0,134,118,176,68,32.0,21.0,6.0,2.0,1.54,0.59,0.54,0.2,0.22,0.39,0.76,0.59,1.41,1.12,0,0,5,2,1,2,5,1,2,1,0.0,0.0,1.1636,0.4587,0.1779,0.1149,0.1623,0.0152,0.0401,0.0058,9,5,0,0,1,0,2,1,1,0,0.6248,0.2091,0.0,0.0,0.0219,0.0,0.1088,0.3855,0.7884,0.0,13,6,19.15,22.96
4506799,2024-09-22,esp,2024/2025,LaLiga,6,Adrián Cordero Vega,7854,Leganes,8305,Getafe,0,1,1,41,59,6,13,2,4,2,2,2,7,1,1,4,6,2,7,2,6,2,1,1,0,10,26,17,16,2,3,0,0,1,0,29,19,7,5,7,2,41,20,3,1,70,69,50.0,44.0,20.0,25.0,7.0,9.0,300,420,186.0,310.0,118,134,68,176,21.0,32.0,2.0,6.0,0.59,1.54,0.2,0.54,0.39,0.22,0.59,0.76,1.12,1.41,0,0,2,5,2,1,1,5,1,2,0.0,0.0,0.4587,1.1636,0.1149,0.1779,0.0152,0.1623,0.0058,0.0401,5,9,0,0,0,1,1,2,0,1,0.2091,0.6248,0.0,0.0,0.0,0.0219,0.3855,0.1088,0.0,0.7884,6,13,22.96,19.15
4506801,2024-09-22,esp,2024/2025,LaLiga,6,Mario Melero López,8370,Rayo Vallecano,9906,Atletico Madrid,1,1,1,54,46,16,10,4,5,7,2,5,3,0,1,5,6,11,4,3,4,3,0,2,0,12,22,9,12,0,0,0,0,0,0,7,12,14,6,3,5,18,31,4,3,35,51,23.0,30.0,12.0,21.0,4.0,9.0,518,433,418.0,334.0,230,203,188,131,31.0,27.0,3.0,2.0,1.85,0.53,1.55,0.43,0.29,0.1,1.85,0.53,1.37,1.3,1,0,4,4,0,2,6,1,5,3,0.9195,0.0,0.5493,0.298,0.0,0.0919,0.2686,0.0633,0.11,0.0746,14,7,0,1,0,0,2,2,0,0,1.5536,0.3939,0.0,0.0336,0.0,0.0,0.2939,0.1003,0.0,0.0,16,10,19.74,18.78
4506801,2024-09-22,esp,2024/2025,LaLiga,6,Mario Melero López,9906,Atletico Madrid,8370,Rayo Vallecano,0,1,1,46,54,10,16,5,4,2,7,3,5,1,0,6,5,4,11,4,3,0,3,0,2,22,12,12,9,0,0,0,0,0,0,12,7,6,14,5,3,31,18,3,4,51,35,30.0,23.0,21.0,12.0,9.0,4.0,433,518,334.0,418.0,203,230,131,188,27.0,31.0,2.0,3.0,0.53,1.85,0.43,1.55,0.1,0.29,0.53,1.85,1.3,1.37,0,1,4,4,2,0,1,6,3,5,0.0,0.9195,0.298,0.5493,0.0919,0.0,0.0633,0.2686,0.0746,0.11,7,14,1,0,0,0,2,2,0,0,0.3939,1.5536,0.0336,0.0,0.0,0.0,0.1003,0.2939,0.0,0.0,10,16,18.78,19.74
4506802,2024-09-22,esp,2024/2025,LaLiga,6,Mateo Busquets Ferrer,10205,Villarreal,8634,Barcelona,1,1,5,35,65,13,17,4,10,7,4,2,3,1,2,12,14,1,3,7,3,5,8,4,5,24,33,11,12,6,1,0,0,7,0,18,15,11,9,4,2,15,23,4,3,43,40,38.0,33.0,5.0,7.0,8.0,9.0,326,613,265.0,556.0,165,279,100,277,25.0,27.0,4.0,5.0,2.17,3.97,2.04,2.19,0.13,1.0,2.17,3.18,1.12,3.51,0,3,8,9,4,2,1,2,0,1,0.0,1.4019,1.4573,2.508,0.3834,0.08,0.3341,0.1066,0.0,0.0434,7,10,4,2,2,4,0,0,0,1,1.0516,1.4844,0.9968,0.7119,0.1263,1.1553,0.0,0.0,0.0,0.7884,13,17,13.47,13.62
4506802,2024-09-22,esp,2024/2025,LaLiga,6,Mateo Busquets Ferrer,8634,Barcelona,10205,Villarreal,0,5,1,65,35,17,13,10,4,4,7,3,2,2,1,14,12,3,1,3,7,8,5,5,4,33,24,12,11,1,6,0,0,0,7,15,18,9,11,2,4,23,15,3,4,40,43,33.0,38.0,7.0,5.0,9.0,8.0,613,326,556.0,265.0,279,165,277,100,27.0,25.0,5.0,4.0,3.97,2.17,2.19,2.04,1.0,0.13,3.18,2.17,3.51,1.12,3,0,9,8,2,4,2,1,1,0,1.4019,0.0,2.508,1.4573,0.08,0.3834,0.1066,0.3341,0.0434,0.0,10,7,2,4,4,2,0,0,1,0,1.4844,1.0516,0.7119,0.9968,1.1553,0.1263,0.0,0.0,0.7884,0.0,17,13,13.62,13.47
4506798,2024-09-23,esp,2024/2025,LaLiga,6,Víctor García Verdura,8603,Real Betis,8661,Mallorca,1,1,2,62,38,16,7,6,6,5,1,5,0,1,0,8,6,8,1,6,3,3,4,3,3,25,17,12,14,3,3,0,0,1,3,22,15,7,4,0,5,16,29,4,5,53,45,39.0,31.0,14.0,14.0,6.0,6.0,582,367,520.0,293.0,295,169,225,124,18.0,17.0,6.0,7.0,1.03,1.02,0.85,0.59,0.18,0.43,1.03,1.02,1.01,1.25,1,0,4,5,3,1,6,1,2,0,0.1343,0.0,0.4128,0.8158,0.217,0.1297,0.2055,0.0702,0.0583,0.0,13,5,0,0,3,2,0,0,0,0,0.8453,0.5883,0.0,0.0,0.1826,0.4275,0.0,0.0,0.0,0.0,16,7,18.52,13.9
4506798,2024-09-23,esp,2024/2025,LaLiga,6,Víctor García Verdura,8661,Mallorca,8603,Real Betis,0,2,1,38,62,7,16,6,6,1,5,0,5,0,1,6,8,1,8,3,6,4,3,3,3,17,25,14,12,3,3,0,0,3,1,15,22,4,7,5,0,29,16,5,4,45,53,31.0,39.0,14.0,14.0,6.0,6.0,367,582,293.0,520.0,169,295,124,225,17.0,18.0,7.0,6.0,1.02,1.03,0.59,0.85,0.43,0.18,1.02,1.03,1.25,1.01,0,1,5,4,1,3,1,6,0,2,0.0,0.1343,0.8158,0.4128,0.1297,0.217,0.0702,0.2055,0.0,0.0583,5,13,0,0,2,3,0,0,0,0,0.5883,0.8453,0.0,0.0,0.4275,0.1826,0.0,0.0,0.0,0.0,7,16,13.9,18.52
4506810,2024-09-24,esp,2024/2025,LaLiga,7,Juan Luis Pulido Santana,8302,Sevilla,10281,Real Valladolid,1,2,1,54,46,22,8,5,2,6,3,11,3,0,0,14,4,8,4,6,4,1,0,1,0,32,12,14,12,3,4,1,0,2,4,16,25,6,8,3,10,13,24,1,4,45,60,35.0,42.0,10.0,18.0,7.0,6.0,366,306,299.0,237.0,143,100,156,137,23.0,30.0,6.0,3.0,1.64,0.68,1.56,0.32,0.09,0.36,1.64,0.68,1.54,0.93,0,1,11,3,3,0,4,4,4,0,0.0,0.1477,1.839,0.4389,0.1215,0.0,0.186,0.094,0.1095,0.0,15,3,5,0,1,1,1,4,0,0,1.8389,0.3175,0.3636,0.0,0.0155,0.1105,0.0381,0.2526,0.0,0.0,22,8,18.13,17.75
4506810,2024-09-24,esp,2024/2025,LaLiga,7,Juan Luis Pulido Santana,10281,Real Valladolid,8302,Sevilla,0,1,2,46,54,8,22,2,5,3,6,3,11,0,0,4,14,4,8,4,6,0,1,0,1,12,32,12,14,4,3,0,1,4,2,25,16,8,6,10,3,24,13,4,1,60,45,42.0,35.0,18.0,10.0,6.0,7.0,306,366,237.0,299.0,100,143,137,156,30.0,23.0,3.0,6.0,0.68,1.64,0.32,1.56,0.36,0.09,0.68,1.64,0.93,1.54,1,0,3,11,0,3,4,4,0,4,0.1477,0.0,0.4389,1.839,0.0,0.1215,0.094,0.186,0.0,0.1095,3,15,0,5,1,1,4,1,0,0,0.3175,1.8389,0.0,0.3636,0.1105,0.0155,0.2526,0.0381,0.0,0.0,8,22,17.75,18.13
4506815,2024-09-24,esp,2024/2025,LaLiga,7,Miguel Ángel Ortiz Arias,10267,Valencia,8371,Osasuna,1,0,0,52,48,10,9,3,2,3,4,4,3,0,0,8,5,2,4,10,5,1,0,1,0,26,17,6,11,2,3,0,0,5,2,16,14,6,3,3,4,23,31,2,3,45,40,32.0,23.0,13.0,17.0,7.0,5.0,388,357,295.0,270.0,173,150,122,120,15.0,30.0,7.0,6.0,0.7,0.46,0.55,0.22,0.15,0.23,0.7,0.46,0.26,0.11,1,0,5,5,2,0,2,3,0,1,0.1664,0.0,0.4072,0.3475,0.0843,0.0,0.0448,0.0504,0.0,0.0574,5,5,0,0,5,2,0,2,0,0,0.5485,0.2234,0.0,0.0,0.1542,0.059,0.0,0.1729,0.0,0.0,10,9,14.3,18.73
4506815,2024-09-24,esp,2024/2025,LaLiga,7,Miguel Ángel Ortiz Arias,8371,Osasuna,10267,Valencia,0,0,0,48,52,9,10,2,3,4,3,3,4,0,0,5,8,4,2,5,10,0,1,0,1,17,26,11,6,3,2,0,0,2,5,14,16,3,6,4,3,31,23,3,2,40,45,23.0,32.0,17.0,13.0,5.0,7.0,357,388,270.0,295.0,150,173,120,122,30.0,15.0,6.0,7.0,0.46,0.7,0.22,0.55,0.23,0.15,0.46,0.7,0.11,0.26,0,1,5,5,0,2,3,2,1,0,0.0,0.1664,0.3475,0.4072,0.0,0.0843,0.0504,0.0448,0.0574,0.0,5,5,0,0,2,5,2,0,0,0,0.2234,0.5485,0.0,0.0,0.059,0.1542,0.1729,0.0,0.0,0.0,9,10,18.73,14.3
4506816,2024-09-24,esp,2024/2025,LaLiga,7,Alejandro Muñíz Ruiz,8633,Real Madrid,9866,Deportivo Alaves,1,3,2,69,31,10,12,4,3,3,5,3,4,1,1,9,6,1,6,4,4,4,1,1,0,34,15,7,10,4,0,0,0,2,1,11,24,10,11,4,3,14,10,1,1,44,43,36.0,33.0,8.0,10.0,15.0,2.0,735,326,673.0,249.0,378,111,295,138,27.0,17.0,2.0,2.0,1.32,0.88,1.23,0.86,0.09,0.01,1.32,0.88,1.54,1.59,0,1,4,3,5,2,0,5,1,1,0.0,0.1648,1.0367,0.2029,0.2554,0.3271,0.0,0.1676,0.0298,0.0162,6,9,2,2,1,1,1,0,0,0,1.108,0.7977,0.1209,0.0665,0.0632,0.0144,0.0298,0.0,0.0,0.0,10,12,15.14,18.36
4506816,2024-09-24,esp,2024/2025,LaLiga,7,Alejandro Muñíz Ruiz,9866,Deportivo Alaves,8633,Real Madrid,0,2,3,31,69,12,10,3,4,5,3,4,3,1,1,6,9,6,1,4,4,1,4,0,1,15,34,10,7,0,4,0,0,1,2,24,11,11,10,3,4,10,14,1,1,43,44,33.0,36.0,10.0,8.0,2.0,15.0,326,735,249.0,673.0,111,378,138,295,17.0,27.0,2.0,2.0,0.88,1.32,0.86,1.23,0.01,0.09,0.88,1.32,1.59,1.54,1,0,3,4,2,5,5,0,1,1,0.1648,0.0,0.2029,1.0367,0.3271,0.2554,0.1676,0.0,0.0162,0.0298,9,6,2,2,1,1,0,1,0,0,0.7977,1.108,0.0665,0.1209,0.0144,0.0632,0.0,0.0298,0.0,0.0,12,10,18.36,15.14
4506807,2024-09-25,esp,2024/2025,LaLiga,7,Pablo González Fuertes,8634,Barcelona,8305,Getafe,1,1,0,78,22,15,7,4,1,6,3,5,3,1,0,6,5,9,2,7,5,4,2,3,2,29,14,4,15,1,1,0,0,5,7,13,24,4,3,3,5,17,30,1,3,54,39,39.0,31.0,15.0,8.0,12.0,3.0,625,167,555.0,90.0,206,38,349,52,26.0,12.0,2.0,4.0,1.93,0.69,1.4,0.68,0.53,0.02,1.93,0.69,1.42,0.06,2,0,2,3,2,2,6,0,3,2,0.7408,0.0,0.4257,0.5002,0.3398,0.1697,0.3107,0.0,0.1142,0.0216,10,4,0,2,2,1,3,0,0,0,1.4039,0.5478,0.0,0.1275,0.0729,0.0163,0.4545,0.0,0.0,0.0,15,7,17.87,21.07
4506807,2024-09-25,esp,2024/2025,LaLiga,7,Pablo González Fuertes,8305,Getafe,8634,Barcelona,0,0,1,22,78,7,15,1,4,3,6,3,5,0,1,5,6,2,9,5,7,2,4,2,3,14,29,15,4,1,1,0,0,7,5,24,13,3,4,5,3,30,17,3,1,39,54,31.0,39.0,8.0,15.0,3.0,12.0,167,625,90.0,555.0,38,206,52,349,12.0,26.0,4.0,2.0,0.69,1.93,0.68,1.4,0.02,0.53,0.69,1.93,0.06,1.42,0,2,3,2,2,2,0,6,2,3,0.0,0.7408,0.5002,0.4257,0.1697,0.3398,0.0,0.3107,0.0216,0.1142,4,10,2,0,1,2,0,3,0,0,0.5478,1.4039,0.1275,0.0,0.0163,0.0729,0.0,0.4545,0.0,0.0,7,15,21.07,17.87
4506808,2024-09-25,esp,2024/2025,LaLiga,7,Juan Martínez Munuera,7732,Girona,8370,Rayo Vallecano,1,0,0,71,29,11,2,1,0,7,2,3,0,1,0,6,1,5,1,4,3,3,1,3,1,23,7,8,16,3,4,0,0,2,0,15,23,6,13,0,3,10,23,0,1,41,42,37.0,35.0,4.0,7.0,6.0,4.0,644,260,569.0,198.0,231,118,338,80,21.0,18.0,5.0,2.0,2.01,0.47,1.64,0.47,0.36,0.0,2.01,0.47,0.09,0.0,2,0,3,1,1,0,3,0,2,1,1.3126,0.0,0.4813,0.4406,0.0404,0.0,0.1369,0.0,0.0356,0.0265,6,1,0,1,2,0,3,0,0,0,1.6426,0.4406,0.0,0.0265,0.2447,0.0,0.1196,0.0,0.0,0.0,11,2,16.55,17.15
4506808,2024-09-25,esp,2024/2025,LaLiga,7,Juan Martínez Munuera,8370,Rayo Vallecano,7732,Girona,0,0,0,29,71,2,11,0,1,2,7,0,3,0,1,1,6,1,5,3,4,1,3,1,3,7,23,16,8,4,3,0,0,0,2,23,15,13,6,3,0,23,10,1,0,42,41,35.0,37.0,7.0,4.0,4.0,6.0,260,644,198.0,569.0,118,231,80,338,18.0,21.0,2.0,5.0,0.47,2.01,0.47,1.64,0.0,0.36,0.47,2.01,0.0,0.09,0,2,1,3,0,1,0,3,1,2,0.0,1.3126,0.4406,0.4813,0.0,0.0404,0.0,0.1369,0.0265,0.0356,1,6,1,0,0,2,0,3,0,0,0.4406,1.6426,0.0265,0.0,0.0,0.2447,0.0,0.1196,0.0,0.0,2,11,17.15,16.55
4506811,2024-09-26,esp,2024/2025,LaLiga,7,Alejandro Quintero González,8558,Espanyol,10205,Villarreal,1,1,2,56,44,9,15,2,4,2,7,5,4,0,0,4,8,5,7,4,1,0,4,0,3,16,22,12,14,5,3,0,0,0,1,12,19,6,11,4,5,21,20,2,1,42,56,34.0,39.0,8.0,17.0,8.0,10.0,506,400,432.0,339.0,273,201,159,138,26.0,21.0,1.0,3.0,0.41,1.6,0.3,0.65,0.1,0.95,0.41,1.6,0.44,1.43,0,2,2,6,2,0,4,2,1,5,0.0,0.4837,0.1701,0.9876,0.0801,0.0,0.0997,0.0351,0.0569,0.0971,6,11,0,0,1,0,2,4,0,0,0.3028,0.652,0.0,0.0,0.0146,0.0,0.0894,0.9515,0.0,0.0,9,15,19.94,17.88
4506811,2024-09-26,esp,2024/2025,LaLiga,7,Alejandro Quintero González,10205,Villarreal,8558,Espanyol,0,2,1,44,56,15,9,4,2,7,2,4,5,0,0,8,4,7,5,1,4,4,0,3,0,22,16,14,12,3,5,0,0,1,0,19,12,11,6,5,4,20,21,1,2,56,42,39.0,34.0,17.0,8.0,10.0,8.0,400,506,339.0,432.0,201,273,138,159,21.0,26.0,3.0,1.0,1.6,0.41,0.65,0.3,0.95,0.1,1.6,0.41,1.43,0.44,2,0,6,2,0,2,2,4,5,1,0.4837,0.0,0.9876,0.1701,0.0,0.0801,0.0351,0.0997,0.0971,0.0569,11,6,0,0,0,1,4,2,0,0,0.652,0.3028,0.0,0.0,0.0,0.0146,0.9515,0.0894,0.0,0.0,15,9,17.88,19.94
4506813,2024-09-26,esp,2024/2025,LaLiga,7,Víctor García Verdura,9910,Celta Vigo,9906,Atletico Madrid,1,0,1,58,42,10,8,4,2,6,2,0,4,0,0,6,4,4,4,2,3,2,1,2,0,18,12,11,11,2,2,0,0,0,0,10,17,15,12,4,0,20,9,1,4,33,38,27.0,29.0,6.0,9.0,7.0,1.0,669,469,588.0,374.0,321,190,267,184,22.0,22.0,5.0,4.0,1.53,0.62,1.53,0.53,0.0,0.09,1.53,0.62,1.09,1.03,1,1,3,1,2,2,4,2,0,2,0.3265,0.3022,0.8002,0.0859,0.1372,0.0554,0.2661,0.114,0.0,0.0602,10,6,0,1,0,1,0,0,0,0,1.5299,0.4751,0.0,0.0567,0.0,0.0859,0.0,0.0,0.0,0.0,10,8,15.14,17.37
4506813,2024-09-26,esp,2024/2025,LaLiga,7,Víctor García Verdura,9906,Atletico Madrid,9910,Celta Vigo,0,1,0,42,58,8,10,2,4,2,6,4,0,0,0,4,6,4,4,3,2,1,2,0,2,12,18,11,11,2,2,0,0,0,0,17,10,12,15,0,4,9,20,4,1,38,33,29.0,27.0,9.0,6.0,1.0,7.0,469,669,374.0,588.0,190,321,184,267,22.0,22.0,4.0,5.0,0.62,1.53,0.53,1.53,0.09,0.0,0.62,1.53,1.03,1.09,1,1,1,3,2,2,2,4,2,0,0.3022,0.3265,0.0859,0.8002,0.0554,0.1372,0.114,0.2661,0.0602,0.0,6,10,1,0,1,0,0,0,0,0,0.4751,1.5299,0.0567,0.0,0.0859,0.0,0.0,0.0,0.0,0.0,8,10,17.37,15.14
4506814,2024-09-26,esp,2024/2025,LaLiga,7,José María Sánchez Martínez,8306,Las Palmas,8603,Real Betis,1,1,1,55,45,8,13,2,5,4,7,2,1,0,1,5,10,3,3,1,4,2,4,1,3,9,38,21,10,4,2,0,0,2,4,23,12,6,7,1,2,27,13,4,1,45,53,38.0,40.0,7.0,13.0,5.0,10.0,554,447,471.0,370.0,292,184,179,186,15.0,22.0,2.0,7.0,1.0,1.93,0.97,1.42,0.03,0.52,1.0,1.93,1.04,1.06,1,1,0,6,4,3,3,2,0,1,0.4758,0.3727,0.0,1.2899,0.462,0.1235,0.0623,0.1206,0.0,0.0251,7,10,0,0,1,2,0,1,0,0,0.969,1.4163,0.0,0.0,0.0311,0.4202,0.0,0.0952,0.0,0.0,8,13,19.99,14.08
4506814,2024-09-26,esp,2024/2025,LaLiga,7,José María Sánchez Martínez,8603,Real Betis,8306,Las Palmas,0,1,1,45,55,13,8,5,2,7,4,1,2,1,0,10,5,3,3,4,1,4,2,3,1,38,9,10,21,2,4,0,0,4,2,12,23,7,6,2,1,13,27,1,4,53,45,40.0,38.0,13.0,7.0,10.0,5.0,447,554,370.0,471.0,184,292,186,179,22.0,15.0,7.0,2.0,1.93,1.0,1.42,0.97,0.52,0.03,1.93,1.0,1.06,1.04,1,1,6,0,3,4,2,3,1,0,0.3727,0.4758,1.2899,0.0,0.1235,0.462,0.1206,0.0623,0.0251,0.0,10,7,0,0,2,1,1,0,0,0,1.4163,0.969,0.0,0.0,0.4202,0.0311,0.0952,0.0,0.0,0.0,13,8,14.08,19.99
4506823,2024-09-27,esp,2024/2025,LaLiga,8,José Luis Munuera Montero,10281,Real Valladolid,8661,Mallorca,1,1,2,50,50,13,17,1,6,8,8,4,3,0,0,7,11,6,6,7,4,1,4,1,2,20,17,16,11,3,2,0,0,2,1,16,20,7,9,3,4,16,24,4,0,51,63,32.0,46.0,19.0,17.0,5.0,11.0,410,413,331.0,326.0,191,168,140,158,29.0,32.0,3.0,6.0,1.24,2.26,1.02,1.96,0.22,0.3,1.24,2.26,0.88,2.79,1,2,4,8,2,1,6,5,0,1,0.4298,1.0162,0.4151,1.0473,0.0622,0.0411,0.3325,0.1206,0.0,0.0371,7,14,2,0,3,3,1,0,0,0,0.825,1.9814,0.1923,0.0,0.1197,0.281,0.1026,0.0,0.0,0.0,13,17,16.28,15.51
4506823,2024-09-27,esp,2024/2025,LaLiga,8,José Luis Munuera Montero,8661,Mallorca,10281,Real Valladolid,0,2,1,50,50,17,13,6,1,8,8,3,4,0,0,11,7,6,6,4,7,4,1,2,1,17,20,11,16,2,3,0,0,1,2,20,16,9,7,4,3,24,16,0,4,63,51,46.0,32.0,17.0,19.0,11.0,5.0,413,410,326.0,331.0,168,191,158,140,32.0,29.0,6.0,3.0,2.26,1.24,1.96,1.02,0.3,0.22,2.26,1.24,2.79,0.88,2,1,8,4,1,2,5,6,1,0,1.0162,0.4298,1.0473,0.4151,0.0411,0.0622,0.1206,0.3325,0.0371,0.0,14,7,0,2,3,3,0,1,0,0,1.9814,0.825,0.0,0.1923,0.281,0.1197,0.0,0.1026,0.0,0.0,17,13,15.51,16.28
4506821,2024-09-28,esp,2024/2025,LaLiga,8,Javier Alberola Rojas,8560,Real Sociedad,10267,Valencia,1,3,0,62,38,11,9,6,4,3,3,2,2,1,0,9,2,2,7,6,4,6,1,3,1,22,7,7,12,0,0,0,0,5,2,27,16,6,5,2,1,9,14,4,3,63,35,45.0,25.0,18.0,10.0,7.0,2.0,536,330,451.0,245.0,290,144,161,101,32.0,13.0,3.0,4.0,3.4,0.78,2.86,0.16,0.54,0.62,3.4,0.78,2.89,0.16,2,1,6,1,1,0,1,4,1,3,0.8897,0.5876,2.4522,0.0241,0.1076,0.0,0.0197,0.1123,0.0199,0.0527,7,6,2,0,1,2,1,1,0,0,1.4815,0.1568,1.4686,0.0,0.0857,0.6117,0.4533,0.0082,0.0,0.0,11,9,11.99,22.37
4506821,2024-09-28,esp,2024/2025,LaLiga,8,Javier Alberola Rojas,10267,Valencia,8560,Real Sociedad,0,0,3,38,62,9,11,4,6,3,3,2,2,0,1,2,9,7,2,4,6,1,6,1,3,7,22,12,7,0,0,0,0,2,5,16,27,5,6,1,2,14,9,3,4,35,63,25.0,45.0,10.0,18.0,2.0,7.0,330,536,245.0,451.0,144,290,101,161,13.0,32.0,4.0,3.0,0.78,3.4,0.16,2.86,0.62,0.54,0.78,3.4,0.16,2.89,1,2,1,6,0,1,4,1,3,1,0.5876,0.8897,0.0241,2.4522,0.0,0.1076,0.1123,0.0197,0.0527,0.0199,6,7,0,2,2,1,1,1,0,0,0.1568,1.4815,0.0,1.4686,0.6117,0.0857,0.0082,0.4533,0.0,0.0,9,11,22.37,11.99
4506822,2024-09-28,esp,2024/2025,LaLiga,8,Guillermo Cuadra Fernández,8371,Osasuna,8634,Barcelona,1,4,2,25,75,11,12,5,6,5,4,1,2,0,1,9,6,2,6,5,8,3,1,0,1,26,26,13,3,2,2,0,0,10,0,18,15,9,7,2,0,29,18,4,1,41,47,26.0,40.0,15.0,7.0,5.0,12.0,218,674,140.0,588.0,60,232,80,356,26.0,21.0,5.0,5.0,2.23,0.83,1.34,0.58,0.1,0.25,1.44,0.83,2.89,1.41,0,1,6,3,3,2,1,3,1,3,0.0,0.134,2.0775,0.3538,0.0608,0.1275,0.0611,0.0991,0.0296,0.1157,8,7,1,0,0,4,1,1,1,0,0.4308,0.5779,0.9693,0.0,0.0,0.1997,0.0404,0.0523,0.7884,0.0,11,12,17.25,19.48
4506822,2024-09-28,esp,2024/2025,LaLiga,8,Guillermo Cuadra Fernández,8634,Barcelona,8371,Osasuna,0,2,4,75,25,12,11,6,5,4,5,2,1,1,0,6,9,6,2,8,5,1,3,1,0,26,26,3,13,2,2,0,0,0,10,15,18,7,9,0,2,18,29,1,4,47,41,40.0,26.0,7.0,15.0,12.0,5.0,674,218,588.0,140.0,232,60,356,80,21.0,26.0,5.0,5.0,0.83,2.23,0.58,1.34,0.25,0.1,0.83,1.44,1.41,2.89,1,0,3,6,2,3,3,1,3,1,0.134,0.0,0.3538,2.0775,0.1275,0.0608,0.0991,0.0611,0.1157,0.0296,7,8,0,1,4,0,1,1,0,1,0.5779,0.4308,0.0,0.9693,0.1997,0.0,0.0523,0.0404,0.0,0.7884,12,11,19.48,17.25
4506825,2024-09-28,esp,2024/2025,LaLiga,8,Isidro Díaz de Mera Escuderos,8305,Getafe,9866,Deportivo Alaves,1,2,0,45,55,14,9,8,1,3,5,3,3,0,0,9,5,5,4,2,2,5,0,4,0,22,15,17,24,3,6,0,0,4,2,11,24,9,8,3,2,29,30,1,6,77,72,39.0,42.0,38.0,30.0,7.0,4.0,203,257,111.0,146.0,55,65,56,81,21.0,26.0,8.0,3.0,2.21,0.51,0.89,0.32,0.53,0.19,1.42,0.51,2.36,0.18,0,0,7,4,2,2,4,3,1,0,0.0,0.0,1.979,0.2906,0.0329,0.0928,0.1637,0.1261,0.0322,0.0,4,6,0,0,1,3,8,0,1,0,0.8923,0.3658,0.0,0.0,0.2005,0.1437,0.3266,0.0,0.7884,0.0,14,9,16.44,16.94
4506825,2024-09-28,esp,2024/2025,LaLiga,8,Isidro Díaz de Mera Escuderos,9866,Deportivo Alaves,8305,Getafe,0,0,2,55,45,9,14,1,8,5,3,3,3,0,0,5,9,4,5,2,2,0,5,0,4,15,22,24,17,6,3,0,0,2,4,24,11,8,9,2,3,30,29,6,1,72,77,42.0,39.0,30.0,38.0,4.0,7.0,257,203,146.0,111.0,65,55,81,56,26.0,21.0,3.0,8.0,0.51,2.21,0.32,0.89,0.19,0.53,0.51,1.42,0.18,2.36,0,0,4,7,2,2,3,4,0,1,0.0,0.0,0.2906,1.979,0.0928,0.0329,0.1261,0.1637,0.0,0.0322,6,4,0,0,3,1,0,8,0,1,0.3658,0.8923,0.0,0.0,0.1437,0.2005,0.0,0.3266,0.0,0.7884,9,14,16.94,16.44
4506826,2024-09-28,esp,2024/2025,LaLiga,8,Alejandro Muñíz Ruiz,8370,Rayo Vallecano,7854,Leganes,1,1,1,53,47,15,13,6,3,4,6,5,4,0,0,10,7,5,6,5,5,1,1,0,1,25,14,12,7,2,1,0,0,2,2,15,21,10,11,4,5,26,27,2,5,45,52,32.0,43.0,13.0,9.0,11.0,11.0,466,401,385.0,322.0,237,151,148,171,23.0,29.0,4.0,2.0,0.91,0.87,0.76,0.45,0.15,0.42,0.91,0.87,1.38,1.09,0,1,5,4,5,2,3,3,2,3,0.0,0.2718,0.6101,0.3752,0.2169,0.0521,0.0556,0.0919,0.0274,0.0784,11,8,3,0,1,4,0,1,0,0,0.654,0.4493,0.1017,0.0,0.1543,0.385,0.0,0.0351,0.0,0.0,15,13,19.22,17.88
4506826,2024-09-28,esp,2024/2025,LaLiga,8,Alejandro Muñíz Ruiz,7854,Leganes,8370,Rayo Vallecano,0,1,1,47,53,13,15,3,6,6,4,4,5,0,0,7,10,6,5,5,5,1,1,1,0,14,25,7,12,1,2,0,0,2,2,21,15,11,10,5,4,27,26,5,2,52,45,43.0,32.0,9.0,13.0,11.0,11.0,401,466,322.0,385.0,151,237,171,148,29.0,23.0,2.0,4.0,0.87,0.91,0.45,0.76,0.42,0.15,0.87,0.91,1.09,1.38,1,0,4,5,2,5,3,3,3,2,0.2718,0.0,0.3752,0.6101,0.0521,0.2169,0.0919,0.0556,0.0784,0.0274,8,11,0,3,4,1,1,0,0,0,0.4493,0.654,0.0,0.1017,0.385,0.1543,0.0351,0.0,0.0,0.0,13,15,17.88,19.22
4506818,2024-09-29,esp,2024/2025,LaLiga,8,César Soto Grado,8315,Athletic Club,8302,Sevilla,1,1,1,39,61,13,13,5,3,6,7,2,3,1,1,9,4,4,9,4,7,4,1,4,1,15,19,6,7,0,3,1,0,3,3,21,22,17,14,3,2,15,20,3,4,43,54,33.0,43.0,10.0,11.0,5.0,15.0,328,529,245.0,435.0,109,262,136,173,27.0,15.0,4.0,0.0,1.96,1.16,1.83,0.95,0.13,0.21,1.96,1.16,1.35,0.28,0,2,7,1,2,1,2,7,2,2,0.0,0.6491,1.4653,0.079,0.1052,0.032,0.3695,0.3452,0.033,0.052,10,8,0,1,1,2,2,2,0,0,1.8402,0.8925,0.0,0.053,0.023,0.068,0.1097,0.1439,0.0,0.0,13,13,17.98,19.89
4506818,2024-09-29,esp,2024/2025,LaLiga,8,César Soto Grado,8302,Sevilla,8315,Athletic Club,0,1,1,61,39,13,13,3,5,7,6,3,2,1,1,4,9,9,4,7,4,1,4,1,4,19,15,7,6,3,0,0,1,3,3,22,21,14,17,2,3,20,15,4,3,54,43,43.0,33.0,11.0,10.0,15.0,5.0,529,328,435.0,245.0,262,109,173,136,15.0,27.0,0.0,4.0,1.16,1.96,0.95,1.83,0.21,0.13,1.16,1.96,0.28,1.35,2,0,1,7,1,2,7,2,2,2,0.6491,0.0,0.079,1.4653,0.032,0.1052,0.3452,0.3695,0.052,0.033,8,10,1,0,2,1,2,2,0,0,0.8925,1.8402,0.053,0.0,0.068,0.023,0.1439,0.1097,0.0,0.0,13,13,19.89,17.98
4506819,2024-09-29,esp,2024/2025,LaLiga,8,Mateo Busquets Ferrer,9906,Atletico Madrid,8633,Real Madrid,1,1,1,51,49,12,12,4,4,2,4,6,4,0,0,8,5,4,7,5,5,1,0,0,0,20,17,11,11,3,1,1,0,2,0,15,15,7,14,4,6,15,20,3,3,40,42,31.0,28.0,9.0,14.0,6.0,2.0,570,548,497.0,490.0,265,251,232,239,33.0,34.0,3.0,5.0,1.28,0.76,1.13,0.44,0.15,0.33,1.28,0.76,1.56,0.51,0,1,4,3,4,1,4,5,0,2,0.0,0.2388,1.005,0.2408,0.1288,0.0257,0.15,0.2141,0.0,0.0452,8,7,1,1,2,1,1,3,0,0,1.1057,0.3882,0.0233,0.0498,0.1164,0.0486,0.0383,0.278,0.0,0.0,12,12,17.94,19.12
4506819,2024-09-29,esp,2024/2025,LaLiga,8,Mateo Busquets Ferrer,8633,Real Madrid,9906,Atletico Madrid,0,1,1,49,51,12,12,4,4,4,2,4,6,0,0,5,8,7,4,5,5,0,1,0,0,17,20,11,11,1,3,0,1,0,2,15,15,14,7,6,4,20,15,3,3,42,40,28.0,31.0,14.0,9.0,2.0,6.0,548,570,490.0,497.0,251,265,239,232,34.0,33.0,5.0,3.0,0.76,1.28,0.44,1.13,0.33,0.15,0.76,1.28,0.51,1.56,1,0,3,4,1,4,5,4,2,0,0.2388,0.0,0.2408,1.005,0.0257,0.1288,0.2141,0.15,0.0452,0.0,7,8,1,1,1,2,3,1,0,0,0.3882,1.1057,0.0498,0.0233,0.0486,0.1164,0.278,0.0383,0.0,0.0,12,12,19.12,17.94
4506820,2024-09-29,esp,2024/2025,LaLiga,8,Ricardo De Burgos Bengoetxea,9910,Celta Vigo,7732,Girona,1,1,1,48,52,12,9,2,4,5,1,5,4,0,0,7,7,5,2,4,4,0,3,0,2,37,24,9,14,1,0,0,0,0,1,14,11,2,10,4,5,15,32,4,1,39,39,31.0,28.0,8.0,11.0,5.0,8.0,549,601,479.0,546.0,228,327,251,219,24.0,14.0,6.0,8.0,0.45,0.8,0.28,0.64,0.18,0.16,0.45,0.8,0.56,1.52,0,1,3,5,4,1,1,0,4,2,0.0,0.215,0.1794,0.4268,0.1507,0.0875,0.0223,0.0,0.1018,0.0666,8,7,0,0,2,2,2,0,0,0,0.2777,0.6362,0.0,0.0,0.0436,0.1597,0.1329,0.0,0.0,0.0,12,9,19.42,12.98
4506820,2024-09-29,esp,2024/2025,LaLiga,8,Ricardo De Burgos Bengoetxea,7732,Girona,9910,Celta Vigo,0,1,1,52,48,9,12,4,2,1,5,4,5,0,0,7,7,2,5,4,4,3,0,2,0,24,37,14,9,0,1,0,0,1,0,11,14,10,2,5,4,32,15,1,4,39,39,28.0,31.0,11.0,8.0,8.0,5.0,601,549,546.0,479.0,327,228,219,251,14.0,24.0,8.0,6.0,0.8,0.45,0.64,0.28,0.16,0.18,0.8,0.45,1.52,0.56,1,0,5,3,1,4,0,1,2,4,0.215,0.0,0.4268,0.1794,0.0875,0.1507,0.0,0.0223,0.0666,0.1018,7,8,0,0,2,2,0,2,0,0,0.6362,0.2777,0.0,0.0,0.1597,0.0436,0.0,0.1329,0.0,0.0,9,12,12.98,19.42
4506827,2024-09-29,esp,2024/2025,LaLiga,8,Alejandro José Hernández Hernández,8603,Real Betis,8558,Espanyol,1,1,0,53,47,20,8,11,1,3,3,6,4,0,0,15,5,5,3,8,4,1,1,1,1,43,16,14,20,2,4,0,0,0,1,15,21,9,10,4,5,15,25,1,10,48,45,37.0,37.0,11.0,8.0,3.0,4.0,461,408,393.0,337.0,196,217,197,120,15.0,16.0,4.0,6.0,2.17,0.48,0.94,0.39,0.44,0.08,1.38,0.48,2.17,0.47,1,1,9,2,5,2,4,2,1,1,0.3844,0.2837,1.4974,0.0534,0.2336,0.0559,0.1136,0.0426,0.0233,0.0403,14,5,1,0,2,2,2,1,1,0,0.7538,0.3949,0.1851,0.0,0.034,0.0534,0.4909,0.0275,0.7884,0.0,20,8,15.2,19.31
4506827,2024-09-29,esp,2024/2025,LaLiga,8,Alejandro José Hernández Hernández,8558,Espanyol,8603,Real Betis,0,0,1,47,53,8,20,1,11,3,3,4,6,0,0,5,15,3,5,4,8,1,1,1,1,16,43,20,14,4,2,0,0,1,0,21,15,10,9,5,4,25,15,10,1,45,48,37.0,37.0,8.0,11.0,4.0,3.0,408,461,337.0,393.0,217,196,120,197,16.0,15.0,6.0,4.0,0.48,2.17,0.39,0.94,0.08,0.44,0.48,1.38,0.47,2.17,1,1,2,9,2,5,2,4,1,1,0.2837,0.3844,0.0534,1.4974,0.0559,0.2336,0.0426,0.1136,0.0403,0.0233,5,14,0,1,2,2,1,2,0,1,0.3949,0.7538,0.0,0.1851,0.0534,0.034,0.0275,0.4909,0.0,0.7884,8,20,19.31,15.2
4506824,2024-09-30,esp,2024/2025,LaLiga,8,Mario Melero López,10205,Villarreal,8306,Las Palmas,1,3,1,42,58,20,7,7,3,6,3,7,1,1,1,17,4,3,3,3,2,6,1,3,1,41,12,15,11,0,4,0,0,5,1,20,4,11,6,1,6,12,21,2,4,45,28,37.0,23.0,8.0,5.0,7.0,4.0,443,625,385.0,566.0,176,382,209,184,27.0,24.0,7.0,2.0,2.79,0.86,1.67,0.8,0.33,0.05,2.0,0.86,2.31,0.44,3,0,9,3,5,1,2,3,1,0,0.6476,0.0,1.7767,0.6882,0.2825,0.073,0.0635,0.094,0.019,0.0,12,6,2,0,3,0,2,1,1,0,1.2157,0.8027,0.4531,0.0,0.1935,0.0,0.1386,0.0526,0.7884,0.0,20,7,13.88,19.3
4506824,2024-09-30,esp,2024/2025,LaLiga,8,Mario Melero López,8306,Las Palmas,10205,Villarreal,0,1,3,58,42,7,20,3,7,3,6,1,7,1,1,4,17,3,3,2,3,1,6,1,3,12,41,11,15,4,0,0,0,1,5,4,20,6,11,6,1,21,12,4,2,28,45,23.0,37.0,5.0,8.0,4.0,7.0,625,443,566.0,385.0,382,176,184,209,24.0,27.0,2.0,7.0,0.86,2.79,0.8,1.67,0.05,0.33,0.86,2.0,0.44,2.31,0,3,3,9,1,5,3,2,0,1,0.0,0.6476,0.6882,1.7767,0.073,0.2825,0.094,0.0635,0.0,0.019,6,12,0,2,0,3,1,2,0,1,0.8027,1.2157,0.0,0.4531,0.0,0.1935,0.0526,0.1386,0.0,0.7884,7,20,19.3,13.88
4506838,2024-10-04,esp,2024/2025,LaLiga,9,Alejandro Quintero González,7854,Leganes,10267,Valencia,1,0,0,59,41,8,6,0,1,4,4,4,1,1,0,6,4,2,2,1,2,1,1,1,1,12,14,15,14,2,2,0,0,9,1,15,17,5,9,1,4,17,15,1,0,49,53,33.0,37.0,16.0,16.0,5.0,5.0,523,355,435.0,262.0,252,172,183,90,32.0,26.0,2.0,4.0,0.79,0.54,0.73,0.46,0.06,0.08,0.79,0.54,0.0,0.18,0,0,4,2,2,2,2,1,0,1,0.0,0.0,0.6464,0.3345,0.0952,0.0897,0.0495,0.0706,0.0,0.0438,7,4,0,0,0,1,1,1,0,0,0.7328,0.4557,0.0,0.0,0.0,0.0123,0.0584,0.0706,0.0,0.0,8,6,16.17,16.84
4506838,2024-10-04,esp,2024/2025,LaLiga,9,Alejandro Quintero González,10267,Valencia,7854,Leganes,0,0,0,41,59,6,8,1,0,4,4,1,4,0,1,4,6,2,2,2,1,1,1,1,1,14,12,14,15,2,2,0,0,1,9,17,15,9,5,4,1,15,17,0,1,53,49,37.0,33.0,16.0,16.0,5.0,5.0,355,523,262.0,435.0,172,252,90,183,26.0,32.0,4.0,2.0,0.54,0.79,0.46,0.73,0.08,0.06,0.54,0.79,0.18,0.0,0,0,2,4,2,2,1,2,1,0,0.0,0.0,0.3345,0.6464,0.0897,0.0952,0.0706,0.0495,0.0438,0.0,4,7,0,0,1,0,1,1,0,0,0.4557,0.7328,0.0,0.0,0.0123,0.0,0.0706,0.0584,0.0,0.0,6,8,16.84,16.17
4506835,2024-10-05,esp,2024/2025,LaLiga,9,José María Sánchez Martínez,8305,Getafe,8371,Osasuna,1,1,1,40,60,11,6,3,2,4,4,4,0,0,0,7,3,4,3,4,2,2,0,1,0,18,14,17,10,2,4,0,0,5,0,13,23,4,5,0,3,36,33,1,2,56,75,31.0,47.0,25.0,28.0,8.0,9.0,223,334,126.0,229.0,44,127,82,102,22.0,18.0,7.0,8.0,0.83,0.34,0.16,0.25,0.67,0.09,0.83,0.34,1.42,0.51,2,0,3,2,2,1,3,3,1,0,0.4931,0.0,0.1172,0.118,0.0468,0.0158,0.1523,0.2054,0.0173,0.0,5,4,0,0,1,0,5,2,0,0,0.1914,0.2465,0.0,0.0,0.1068,0.0,0.5285,0.0927,0.0,0.0,11,6,17.37,17.52
4506835,2024-10-05,esp,2024/2025,LaLiga,9,José María Sánchez Martínez,8371,Osasuna,8305,Getafe,0,1,1,60,40,6,11,2,3,4,4,0,4,0,0,3,7,3,4,2,4,0,2,0,1,14,18,10,17,4,2,0,0,0,5,23,13,5,4,3,0,33,36,2,1,75,56,47.0,31.0,28.0,25.0,9.0,8.0,334,223,229.0,126.0,127,44,102,82,18.0,22.0,8.0,7.0,0.34,0.83,0.25,0.16,0.09,0.67,0.34,0.83,0.51,1.42,0,2,2,3,1,2,3,3,0,1,0.0,0.4931,0.118,0.1172,0.0158,0.0468,0.2054,0.1523,0.0,0.0173,4,5,0,0,0,1,2,5,0,0,0.2465,0.1914,0.0,0.0,0.0,0.1068,0.0927,0.5285,0.0,0.0,6,11,17.52,17.37
4506836,2024-10-05,esp,2024/2025,LaLiga,9,Guillermo Cuadra Fernández,8633,Real Madrid,10205,Villarreal,1,2,0,55,45,11,12,2,1,5,8,4,3,0,1,4,8,7,4,2,5,1,2,1,2,23,15,7,11,0,1,0,0,1,3,20,15,11,6,3,4,14,11,1,0,44,30,40.0,25.0,4.0,5.0,9.0,3.0,649,516,595.0,470.0,252,224,343,246,36.0,22.0,2.0,4.0,0.47,1.15,0.25,1.1,0.22,0.05,0.47,1.15,0.47,0.01,0,2,1,5,3,1,3,1,4,3,0.0,0.5901,0.1564,0.4082,0.1,0.0356,0.1149,0.0533,0.0974,0.0657,7,11,0,0,2,0,2,1,0,0,0.2501,1.0996,0.0,0.0,0.0499,0.0,0.1687,0.0533,0.0,0.0,11,12,21.75,16.28
4506836,2024-10-05,esp,2024/2025,LaLiga,9,Guillermo Cuadra Fernández,10205,Villarreal,8633,Real Madrid,0,0,2,45,55,12,11,1,2,8,5,3,4,1,0,8,4,4,7,5,2,2,1,2,1,15,23,11,7,1,0,0,0,3,1,15,20,6,11,4,3,11,14,0,1,30,44,25.0,40.0,5.0,4.0,3.0,9.0,516,649,470.0,595.0,224,252,246,343,22.0,36.0,4.0,2.0,1.15,0.47,1.1,0.25,0.05,0.22,1.15,0.47,0.01,0.47,2,0,5,1,1,3,1,3,3,4,0.5901,0.0,0.4082,0.1564,0.0356,0.1,0.0533,0.1149,0.0657,0.0974,11,7,0,0,0,2,1,2,0,0,1.0996,0.2501,0.0,0.0,0.0,0.0499,0.0533,0.1687,0.0,0.0,12,11,16.28,21.75
4506839,2024-10-05,esp,2024/2025,LaLiga,9,Francisco José Hernández Maeso,8558,Espanyol,8661,Mallorca,1,2,1,40,60,8,11,3,5,5,2,0,4,0,0,4,9,4,2,4,6,2,3,1,2,16,26,14,19,1,5,0,0,0,0,29,12,10,10,4,0,41,19,4,1,77,52,53.0,33.0,24.0,19.0,7.0,12.0,279,416,203.0,351.0,114,198,89,153,17.0,32.0,5.0,10.0,0.93,1.81,0.28,0.17,0.65,1.64,0.93,1.81,1.14,2.58,1,2,1,6,2,1,3,2,1,0,0.5547,0.9447,0.0563,0.6108,0.073,0.1008,0.2308,0.1526,0.0183,0.0,2,3,2,0,2,3,2,5,0,0,0.075,0.1663,0.2042,0.0,0.0429,0.9587,0.611,0.6839,0.0,0.0,8,11,17.76,13.0
4506839,2024-10-05,esp,2024/2025,LaLiga,9,Francisco José Hernández Maeso,8661,Mallorca,8558,Espanyol,0,1,2,60,40,11,8,5,3,2,5,4,0,0,0,9,4,2,4,6,4,3,2,2,1,26,16,19,14,5,1,0,0,0,0,12,29,10,10,0,4,19,41,1,4,52,77,33.0,53.0,19.0,24.0,12.0,7.0,416,279,351.0,203.0,198,114,153,89,32.0,17.0,10.0,5.0,1.81,0.93,0.17,0.28,1.64,0.65,1.81,0.93,2.58,1.14,2,1,6,1,1,2,2,3,0,1,0.9447,0.5547,0.6108,0.0563,0.1008,0.073,0.1526,0.2308,0.0,0.0183,3,2,0,2,3,2,5,2,0,0,0.1663,0.075,0.0,0.2042,0.9587,0.0429,0.6839,0.611,0.0,0.0,11,8,13.0,17.76
4506843,2024-10-05,esp,2024/2025,LaLiga,9,Adrián Cordero Vega,8306,Las Palmas,9910,Celta Vigo,1,0,1,61,39,25,8,5,1,11,5,9,2,1,0,14,4,11,4,11,2,2,2,2,1,45,14,9,13,3,4,0,2,1,2,12,12,8,12,2,9,12,30,0,5,61,41,39.0,31.0,22.0,10.0,15.0,11.0,514,353,443.0,286.0,166,142,277,144,30.0,17.0,15.0,1.0,1.37,0.76,1.0,0.72,0.37,0.04,1.37,0.76,0.91,0.85,1,1,9,2,4,1,9,2,2,2,0.0761,0.1457,0.7061,0.4996,0.1929,0.0404,0.37,0.0224,0.0256,0.0523,14,6,1,0,8,1,2,1,0,0,0.8961,0.7177,0.1031,0.0,0.2695,0.0062,0.1019,0.0367,0.0,0.0,25,8,18.79,24.65
4506843,2024-10-05,esp,2024/2025,LaLiga,9,Adrián Cordero Vega,9910,Celta Vigo,8306,Las Palmas,0,1,0,39,61,8,25,1,5,5,11,2,9,0,1,4,14,4,11,2,11,2,2,1,2,14,45,13,9,4,3,2,0,2,1,12,12,12,8,9,2,30,12,5,0,41,61,31.0,39.0,10.0,22.0,11.0,15.0,353,514,286.0,443.0,142,166,144,277,17.0,30.0,1.0,15.0,0.76,1.37,0.72,1.0,0.04,0.37,0.76,1.37,0.85,0.91,1,1,2,9,1,4,2,9,2,2,0.1457,0.0761,0.4996,0.7061,0.0404,0.1929,0.0224,0.37,0.0523,0.0256,6,14,0,1,1,8,1,2,0,0,0.7177,0.8961,0.0,0.1031,0.0062,0.2695,0.0367,0.1019,0.0,0.0,8,25,24.65,18.79
4506844,2024-10-05,esp,2024/2025,LaLiga,9,Pablo González Fuertes,10281,Real Valladolid,8370,Rayo Vallecano,1,1,2,39,61,13,17,6,3,5,8,2,6,0,1,10,8,3,9,5,13,3,2,2,0,23,31,13,18,4,2,0,0,1,2,15,11,9,3,6,3,18,25,1,4,50,44,41.0,33.0,9.0,11.0,9.0,11.0,302,469,245.0,398.0,150,196,95,202,24.0,31.0,7.0,9.0,1.99,1.5,1.56,1.35,0.43,0.15,1.99,1.5,1.24,1.33,1,1,8,4,1,3,2,7,1,2,0.2228,0.465,1.6267,0.5481,0.0326,0.3237,0.0884,0.1801,0.0167,0.0573,9,13,1,0,1,2,2,2,0,0,1.1153,1.422,0.4793,0.0,0.0104,0.0868,0.3821,0.0654,0.0,0.0,13,17,13.62,19.95
4506844,2024-10-05,esp,2024/2025,LaLiga,9,Pablo González Fuertes,8370,Rayo Vallecano,10281,Real Valladolid,0,2,1,61,39,17,13,3,6,8,5,6,2,1,0,8,10,9,3,13,5,2,3,0,2,31,23,18,13,2,4,0,0,2,1,11,15,3,9,3,6,25,18,4,1,44,50,33.0,41.0,11.0,9.0,11.0,9.0,469,302,398.0,245.0,196,150,202,95,31.0,24.0,9.0,7.0,1.5,1.99,1.35,1.56,0.15,0.43,1.5,1.99,1.33,1.24,1,1,4,8,3,1,7,2,2,1,0.465,0.2228,0.5481,1.6267,0.3237,0.0326,0.1801,0.0884,0.0573,0.0167,13,9,0,1,2,1,2,2,0,0,1.422,1.1153,0.0,0.4793,0.0868,0.0104,0.0654,0.3821,0.0,0.0,17,13,19.95,13.62
4506837,2024-10-06,esp,2024/2025,LaLiga,9,Miguel Ángel Ortiz Arias,9866,Deportivo Alaves,8634,Barcelona,1,0,3,28,72,11,15,2,9,5,1,4,5,1,1,7,11,4,4,11,3,1,5,1,2,25,25,13,8,2,2,0,0,11,3,12,19,6,6,5,3,16,23,6,2,35,50,25.0,42.0,10.0,8.0,5.0,11.0,232,661,166.0,598.0,85,371,81,227,29.0,28.0,5.0,3.0,0.74,2.67,0.59,2.26,0.15,0.41,0.74,2.67,0.37,4.12,0,0,5,9,2,2,3,3,1,1,0.0,0.0,0.3686,2.4162,0.1319,0.1775,0.2076,0.1394,0.0281,0.0294,7,10,0,1,4,2,0,2,0,0,0.5898,1.5414,0.0,0.8079,0.1464,0.2295,0.0,0.1837,0.0,0.0,11,15,17.34,15.8
4506837,2024-10-06,esp,2024/2025,LaLiga,9,Miguel Ángel Ortiz Arias,8634,Barcelona,9866,Deportivo Alaves,0,3,0,72,28,15,11,9,2,1,5,5,4,1,1,11,7,4,4,3,11,5,1,2,1,25,25,8,13,2,2,0,0,3,11,19,12,6,6,3,5,23,16,2,6,50,35,42.0,25.0,8.0,10.0,11.0,5.0,661,232,598.0,166.0,371,85,227,81,28.0,29.0,3.0,5.0,2.67,0.74,2.26,0.59,0.41,0.15,2.67,0.74,4.12,0.37,0,0,9,5,2,2,3,3,1,1,0.0,0.0,2.4162,0.3686,0.1775,0.1319,0.1394,0.2076,0.0294,0.0281,10,7,1,0,2,4,2,0,0,0,1.5414,0.5898,0.8079,0.0,0.2295,0.1464,0.1837,0.0,0.0,0.0,15,11,15.8,17.34
4506840,2024-10-06,esp,2024/2025,LaLiga,9,Juan Luis Pulido Santana,7732,Girona,8315,Athletic Club,1,2,1,65,35,14,13,6,4,5,6,3,3,0,0,11,8,3,5,6,1,3,3,2,2,40,21,12,13,4,1,0,1,3,0,20,19,8,7,3,2,12,20,3,4,58,50,41.0,41.0,17.0,9.0,8.0,10.0,579,312,507.0,250.0,280,115,227,135,23.0,23.0,9.0,2.0,2.0,3.1,0.9,1.47,0.31,0.06,1.21,1.53,1.97,2.42,2,1,8,4,1,3,2,5,1,0,0.4161,0.6477,1.493,2.0868,0.0224,0.2163,0.0542,0.1529,0.0134,0.0,11,9,0,1,1,0,1,1,1,2,0.9016,1.3242,0.0,0.1425,0.0654,0.0,0.2437,0.0601,0.7884,1.5768,14,13,13.83,18.33
4506840,2024-10-06,esp,2024/2025,LaLiga,9,Juan Luis Pulido Santana,8315,Athletic Club,7732,Girona,0,1,2,35,65,13,14,4,6,6,5,3,3,0,0,8,11,5,3,1,6,3,3,2,2,21,40,13,12,1,4,1,0,0,3,19,20,7,8,2,3,20,12,4,3,50,58,41.0,41.0,9.0,17.0,10.0,8.0,312,579,250.0,507.0,115,280,135,227,23.0,23.0,2.0,9.0,3.1,2.0,1.47,0.9,0.06,0.31,1.53,1.21,2.42,1.97,1,2,4,8,3,1,5,2,0,1,0.6477,0.4161,2.0868,1.493,0.2163,0.0224,0.1529,0.0542,0.0,0.0134,9,11,1,0,0,1,1,1,2,1,1.3242,0.9016,0.1425,0.0,0.0,0.0654,0.0601,0.2437,1.5768,0.7884,13,14,18.33,13.83
4506841,2024-10-06,esp,2024/2025,LaLiga,9,Isidro Díaz de Mera Escuderos,8560,Real Sociedad,9906,Atletico Madrid,1,1,1,67,33,16,4,7,1,9,3,0,0,0,0,9,2,7,2,5,1,1,1,1,1,28,8,10,9,0,2,0,0,2,2,17,11,5,5,0,0,13,40,0,6,51,43,40.0,23.0,11.0,20.0,14.0,3.0,648,333,581.0,243.0,166,152,415,91,24.0,19.0,7.0,0.0,1.0,0.54,0.76,0.54,0.23,0.0,1.0,0.54,1.02,0.39,0,0,6,1,3,1,3,1,4,1,0.0,0.0,0.7278,0.3717,0.1196,0.1082,0.1087,0.0373,0.0503,0.0264,12,4,1,0,2,0,1,0,0,0,0.6856,0.5436,0.0776,0.0,0.194,0.0,0.0492,0.0,0.0,0.0,16,4,18.78,19.75
4506841,2024-10-06,esp,2024/2025,LaLiga,9,Isidro Díaz de Mera Escuderos,9906,Atletico Madrid,8560,Real Sociedad,0,1,1,33,67,4,16,1,7,3,9,0,0,0,0,2,9,2,7,1,5,1,1,1,1,8,28,9,10,2,0,0,0,2,2,11,17,5,5,0,0,40,13,6,0,43,51,23.0,40.0,20.0,11.0,3.0,14.0,333,648,243.0,581.0,152,166,91,415,19.0,24.0,0.0,7.0,0.54,1.0,0.54,0.76,0.0,0.23,0.54,1.0,0.39,1.02,0,0,1,6,1,3,1,3,1,4,0.0,0.0,0.3717,0.7278,0.1082,0.1196,0.0373,0.1087,0.0264,0.0503,4,12,0,1,0,2,0,1,0,0,0.5436,0.6856,0.0,0.0776,0.0,0.194,0.0,0.0492,0.0,0.0,4,16,19.75,18.78
4506842,2024-10-06,esp,2024/2025,LaLiga,9,Juan Martínez Munuera,8302,Sevilla,8603,Real Betis,1,1,0,52,48,14,11,5,3,5,7,4,1,0,0,6,6,8,5,4,1,3,0,2,0,23,19,15,15,4,4,1,0,2,1,21,13,8,8,1,2,20,27,3,4,64,47,46.0,34.0,18.0,13.0,14.0,6.0,400,372,309.0,292.0,184,180,125,112,26.0,22.0,4.0,1.0,1.44,0.61,0.57,0.57,0.09,0.04,0.65,0.61,0.79,0.58,0,0,4,4,2,2,4,4,4,1,0.0,0.0,1.2262,0.3035,0.041,0.1458,0.1189,0.1293,0.0561,0.0308,7,10,2,0,1,1,3,0,1,0,0.2587,0.5732,0.308,0.0,0.0287,0.0362,0.0583,0.0,0.7884,0.0,14,11,22.18,18.06
4506842,2024-10-06,esp,2024/2025,LaLiga,9,Juan Martínez Munuera,8603,Real Betis,8302,Sevilla,0,0,1,48,52,11,14,3,5,7,5,1,4,0,0,6,6,5,8,1,4,0,3,0,2,19,23,15,15,4,4,0,1,1,2,13,21,8,8,2,1,27,20,4,3,47,64,34.0,46.0,13.0,18.0,6.0,14.0,372,400,292.0,309.0,180,184,112,125,22.0,26.0,1.0,4.0,0.61,1.44,0.57,0.57,0.04,0.09,0.61,0.65,0.58,0.79,0,0,4,4,2,2,4,4,1,4,0.0,0.0,0.3035,1.2262,0.1458,0.041,0.1293,0.1189,0.0308,0.0561,10,7,0,2,1,1,0,3,0,1,0.5732,0.2587,0.0,0.308,0.0362,0.0287,0.0,0.0583,0.0,0.7884,11,14,18.06,22.18
4506850,2024-10-18,esp,2024/2025,LaLiga,10,Mario Melero López,9866,Deportivo Alaves,10281,Real Valladolid,1,2,3,63,37,10,12,4,4,3,5,3,3,0,0,5,9,5,3,5,6,1,4,1,1,18,14,15,14,4,2,1,0,3,1,8,12,6,12,2,2,11,21,1,2,51,57,26.0,29.0,25.0,28.0,6.0,7.0,418,242,324.0,161.0,140,111,184,50,29.0,25.0,7.0,7.0,0.49,2.45,0.19,0.77,0.3,0.11,0.49,0.88,1.54,2.62,1,0,3,7,1,2,1,2,4,1,0.1357,0.0,0.1815,2.3383,0.0263,0.0709,0.0272,0.0393,0.1058,0.005,6,6,0,2,2,2,2,0,0,2,0.1761,0.2013,0.0,0.5667,0.1202,0.1087,0.1801,0.0,0.0,1.5768,10,12,19.67,15.92
4506850,2024-10-18,esp,2024/2025,LaLiga,10,Mario Melero López,10281,Real Valladolid,9866,Deportivo Alaves,0,3,2,37,63,12,10,4,4,5,3,3,3,0,0,9,5,3,5,6,5,4,1,1,1,14,18,14,15,2,4,0,1,1,3,12,8,12,6,2,2,21,11,2,1,57,51,29.0,26.0,28.0,25.0,7.0,6.0,242,418,161.0,324.0,111,140,50,184,25.0,29.0,7.0,7.0,2.45,0.49,0.77,0.19,0.11,0.3,0.88,0.49,2.62,1.54,0,1,7,3,2,1,2,1,1,4,0.0,0.1357,2.3383,0.1815,0.0709,0.0263,0.0393,0.0272,0.005,0.1058,6,6,2,0,2,2,0,2,2,0,0.2013,0.1761,0.5667,0.0,0.1087,0.1202,0.0,0.1801,1.5768,0.0,12,10,15.92,19.67
4506847,2024-10-19,esp,2024/2025,LaLiga,10,Alejandro José Hernández Hernández,9910,Celta Vigo,8633,Real Madrid,1,1,2,47,53,13,10,5,3,4,5,4,2,0,0,10,6,3,4,6,2,4,2,3,1,29,20,16,13,2,1,0,0,2,1,15,15,6,8,2,4,13,14,1,4,40,50,33.0,42.0,7.0,8.0,6.0,11.0,533,610,461.0,542.0,223,262,238,280,24.0,27.0,4.0,0.0,1.82,0.74,1.8,0.7,0.02,0.04,1.82,0.74,1.74,0.72,0,0,9,4,1,2,1,4,2,0,0.0,0.0,1.1836,0.4706,0.0464,0.0643,0.5408,0.1606,0.0467,0.0,10,9,2,0,1,1,0,0,0,0,0.9161,0.6579,0.8839,0.0,0.0177,0.0377,0.0,0.0,0.0,0.0,13,10,17.43,17.66
4506847,2024-10-19,esp,2024/2025,LaLiga,10,Alejandro José Hernández Hernández,8633,Real Madrid,9910,Celta Vigo,0,2,1,53,47,10,13,3,5,5,4,2,4,0,0,6,10,4,3,2,6,2,4,1,3,20,29,13,16,1,2,0,0,1,2,15,15,8,6,4,2,14,13,4,1,50,40,42.0,33.0,8.0,7.0,11.0,6.0,610,533,542.0,461.0,262,223,280,238,27.0,24.0,0.0,4.0,0.74,1.82,0.7,1.8,0.04,0.02,0.74,1.82,0.72,1.74,0,0,4,9,2,1,4,1,0,2,0.0,0.0,0.4706,1.1836,0.0643,0.0464,0.1606,0.5408,0.0,0.0467,9,10,0,2,1,1,0,0,0,0,0.6579,0.9161,0.0,0.8839,0.0377,0.0177,0.0,0.0,0.0,0.0,10,13,17.66,17.43
4506848,2024-10-19,esp,2024/2025,LaLiga,10,César Soto Grado,7732,Girona,8560,Real Sociedad,1,0,1,47,53,8,14,3,4,4,6,1,4,0,0,7,8,1,6,6,6,0,3,0,2,21,19,10,12,2,1,0,0,1,1,14,15,6,5,4,1,9,18,3,3,47,41,39.0,32.0,8.0,9.0,14.0,8.0,428,499,368.0,443.0,195,274,173,169,23.0,25.0,8.0,6.0,0.39,1.74,0.33,1.32,0.07,0.42,0.39,1.74,0.25,0.29,1,1,4,5,2,2,1,4,0,2,0.0308,0.2452,0.2276,1.1815,0.1081,0.0414,0.0225,0.2421,0.0,0.0252,5,6,1,3,1,3,1,2,0,0,0.252,0.694,0.0713,0.6235,0.0412,0.2927,0.0246,0.1252,0.0,0.0,8,14,14.93,17.57
4506848,2024-10-19,esp,2024/2025,LaLiga,10,César Soto Grado,8560,Real Sociedad,7732,Girona,0,1,0,53,47,14,8,4,3,6,4,4,1,0,0,8,7,6,1,6,6,3,0,2,0,19,21,12,10,1,2,0,0,1,1,15,14,5,6,1,4,18,9,3,3,41,47,32.0,39.0,9.0,8.0,8.0,14.0,499,428,443.0,368.0,274,195,169,173,25.0,23.0,6.0,8.0,1.74,0.39,1.32,0.33,0.42,0.07,1.74,0.39,0.29,0.25,1,1,5,4,2,2,4,1,2,0,0.2452,0.0308,1.1815,0.2276,0.0414,0.1081,0.2421,0.0225,0.0252,0.0,6,5,3,1,3,1,2,1,0,0,0.694,0.252,0.6235,0.0713,0.2927,0.0412,0.1252,0.0246,0.0,0.0,14,8,17.57,14.93
4506851,2024-10-19,esp,2024/2025,LaLiga,10,Alejandro Muniz,8371,Osasuna,8603,Real Betis,1,1,2,54,46,19,11,6,7,7,3,6,1,0,0,16,11,3,0,10,2,3,4,2,2,48,22,12,8,2,1,0,1,4,4,11,11,10,12,2,6,10,33,4,5,40,43,28.0,29.0,12.0,14.0,9.0,7.0,374,322,287.0,238.0,137,122,150,116,22.0,20.0,6.0,3.0,2.06,2.42,1.31,1.41,0.75,1.0,2.06,2.42,1.81,2.76,4,2,9,8,3,1,1,0,2,0,0.953,1.2782,0.8944,0.9785,0.112,0.0191,0.0426,0.0,0.0553,0.0,13,6,0,1,2,1,4,3,0,0,1.3116,1.5006,0.0,0.1058,0.0479,0.0745,0.6977,0.5948,0.0,0.0,19,11,13.05,10.47
4506851,2024-10-19,esp,2024/2025,LaLiga,10,Alejandro Muniz,8603,Real Betis,8371,Osasuna,0,2,1,46,54,11,19,7,6,3,7,1,6,0,0,11,16,0,3,2,10,4,3,2,2,22,48,8,12,1,2,1,0,4,4,11,11,12,10,6,2,33,10,5,4,43,40,29.0,28.0,14.0,12.0,7.0,9.0,322,374,238.0,287.0,122,137,116,150,20.0,22.0,3.0,6.0,2.42,2.06,1.41,1.31,1.0,0.75,2.42,2.06,2.76,1.81,2,4,8,9,1,3,0,1,0,2,1.2782,0.953,0.9785,0.8944,0.0191,0.112,0.0,0.0426,0.0,0.0553,6,13,1,0,1,2,3,4,0,0,1.5006,1.3116,0.1058,0.0,0.0745,0.0479,0.5948,0.6977,0.0,0.0,11,19,10.47,13.05
4506854,2024-10-19,esp,2024/2025,LaLiga,10,Mateo Busquets,8315,Athletic Club,8558,Espanyol,1,4,1,57,43,10,5,6,2,4,2,0,1,0,0,7,3,3,2,5,5,3,1,0,1,21,10,15,22,2,3,0,0,0,1,10,17,6,10,1,0,19,19,1,2,47,43,39.0,36.0,8.0,7.0,9.0,5.0,480,350,400.0,275.0,205,183,195,92,18.0,23.0,3.0,3.0,1.31,0.27,0.99,0.13,0.32,0.14,1.31,0.27,3.39,0.27,0,0,5,2,2,1,1,1,2,1,0.0,0.0,1.0641,0.0752,0.1532,0.0317,0.056,0.1203,0.0372,0.0215,8,2,0,1,2,0,0,2,0,0,0.9916,0.0752,0.0,0.0317,0.3188,0.0,0.0,0.1418,0.0,0.0,10,5,16.34,18.39
4506854,2024-10-19,esp,2024/2025,LaLiga,10,Mateo Busquets,8558,Espanyol,8315,Athletic Club,0,1,4,43,57,5,10,2,6,2,4,1,0,0,0,3,7,2,3,5,5,1,3,1,0,10,21,22,15,3,2,0,0,1,0,17,10,10,6,0,1,19,19,2,1,43,47,36.0,39.0,7.0,8.0,5.0,9.0,350,480,275.0,400.0,183,205,92,195,23.0,18.0,3.0,3.0,0.27,1.31,0.13,0.99,0.14,0.32,0.27,1.31,0.27,3.39,0,0,2,5,1,2,1,1,1,2,0.0,0.0,0.0752,1.0641,0.0317,0.1532,0.1203,0.056,0.0215,0.0372,2,8,1,0,0,2,2,0,0,0,0.0752,0.9916,0.0317,0.0,0.0,0.3188,0.1418,0.0,0.0,0.0,5,10,18.39,16.34
4506845,2024-10-20,esp,2024/2025,LaLiga,10,José Luis Munuera Montero,9906,Atletico Madrid,7854,Leganes,1,3,1,63,37,24,5,9,2,8,1,7,2,0,0,15,2,9,3,8,2,7,0,4,0,44,8,14,8,5,1,0,0,0,1,19,12,12,16,1,8,7,50,1,5,56,44,43.0,35.0,13.0,9.0,16.0,11.0,568,341,484.0,260.0,199,169,285,91,12.0,28.0,4.0,0.0,4.51,0.24,4.44,0.22,0.07,0.03,4.51,0.24,3.6,0.35,4,0,10,0,1,2,6,3,3,0,1.8629,0.0,2.239,0.0,0.0445,0.1272,0.2995,0.142,0.0686,0.0,20,2,2,2,2,0,0,1,0,0,3.8439,0.1683,0.6183,0.0733,0.0524,0.0,0.0,0.0275,0.0,0.0,24,5,14.41,23.2
4506845,2024-10-20,esp,2024/2025,LaLiga,10,José Luis Munuera Montero,7854,Leganes,9906,Atletico Madrid,0,1,3,37,63,5,24,2,9,1,8,2,7,0,0,2,15,3,9,2,8,0,7,0,4,8,44,8,14,1,5,0,0,1,0,12,19,16,12,8,1,50,7,5,1,44,56,35.0,43.0,9.0,13.0,11.0,16.0,341,568,260.0,484.0,169,199,91,285,28.0,12.0,0.0,4.0,0.24,4.51,0.22,4.44,0.03,0.07,0.24,4.51,0.35,3.6,0,4,0,10,2,1,3,6,0,3,0.0,1.8629,0.0,2.239,0.1272,0.0445,0.142,0.2995,0.0,0.0686,2,20,2,2,0,2,1,0,0,0,0.1683,3.8439,0.0733,0.6183,0.0,0.0524,0.0275,0.0,0.0,0.0,5,24,23.2,14.41
4506846,2024-10-20,esp,2024/2025,LaLiga,10,Ricardo De Burgos Bengoetxea,8634,Barcelona,8302,Sevilla,1,5,1,67,33,21,7,9,1,8,2,4,4,0,0,14,5,7,2,5,5,7,1,5,0,40,13,6,14,1,2,0,0,3,3,17,22,7,12,4,4,5,23,0,4,51,43,45.0,36.0,6.0,7.0,14.0,10.0,613,297,558.0,235.0,252,177,306,58,27.0,16.0,1.0,2.0,3.89,0.92,2.42,0.84,0.68,0.08,3.1,0.92,4.54,0.77,0,0,11,3,3,2,6,2,1,0,0.0,0.0,3.4539,0.6945,0.282,0.1394,0.28,0.1182,0.0524,0.0,13,4,3,1,3,1,1,1,1,0,1.6155,0.7503,0.9876,0.0875,0.6244,0.047,0.0524,0.0674,0.7884,0.0,21,7,16.17,15.04
4506846,2024-10-20,esp,2024/2025,LaLiga,10,Ricardo De Burgos Bengoetxea,8302,Sevilla,8634,Barcelona,0,1,5,33,67,7,21,1,9,2,8,4,4,0,0,5,14,2,7,5,5,1,7,0,5,13,40,14,6,2,1,0,0,3,3,22,17,12,7,4,4,23,5,4,0,43,51,36.0,45.0,7.0,6.0,10.0,14.0,297,613,235.0,558.0,177,252,58,306,16.0,27.0,2.0,1.0,0.92,3.89,0.84,2.42,0.08,0.68,0.92,3.1,0.77,4.54,0,0,3,11,2,3,2,6,0,1,0.0,0.0,0.6945,3.4539,0.1394,0.282,0.1182,0.28,0.0,0.0524,4,13,1,3,1,3,1,1,0,1,0.7503,1.6155,0.0875,0.9876,0.047,0.6244,0.0674,0.0524,0.0,0.7884,7,21,15.04,16.17
4506849,2024-10-20,esp,2024/2025,LaLiga,10,Javier Alberola Rojas,8661,Mallorca,8370,Rayo Vallecano,1,1,0,50,50,19,10,5,2,10,7,4,1,1,0,16,7,3,3,9,2,4,0,3,0,24,12,9,13,1,1,0,0,2,0,11,12,12,8,1,4,15,23,2,4,48,35,28.0,23.0,20.0,12.0,5.0,4.0,367,369,279.0,279.0,122,171,157,108,32.0,20.0,7.0,5.0,2.03,0.59,0.88,0.48,1.15,0.12,2.03,0.59,1.56,0.17,4,1,8,5,4,1,2,1,1,2,1.254,0.0953,0.5123,0.4004,0.1874,0.0327,0.0709,0.0194,0.0583,0.0459,10,7,1,1,4,2,4,0,0,0,0.8503,0.3716,0.0673,0.1074,0.5303,0.1147,0.635,0.0,0.0,0.0,19,10,12.35,17.15
4506849,2024-10-20,esp,2024/2025,LaLiga,10,Javier Alberola Rojas,8370,Rayo Vallecano,8661,Mallorca,0,0,1,50,50,10,19,2,5,7,10,1,4,0,1,7,16,3,3,2,9,0,4,0,3,12,24,13,9,1,1,0,0,0,2,12,11,8,12,4,1,23,15,4,2,35,48,23.0,28.0,12.0,20.0,4.0,5.0,369,367,279.0,279.0,171,122,108,157,20.0,32.0,5.0,7.0,0.59,2.03,0.48,0.88,0.12,1.15,0.59,2.03,0.17,1.56,1,4,5,8,1,4,1,2,2,1,0.0953,1.254,0.4004,0.5123,0.0327,0.1874,0.0194,0.0709,0.0459,0.0583,7,10,1,1,2,4,0,4,0,0,0.3716,0.8503,0.1074,0.0673,0.1147,0.5303,0.0,0.635,0.0,0.0,10,19,17.15,12.35
4506852,2024-10-20,esp,2024/2025,LaLiga,10,Víctor García Verdura,10205,Villarreal,8305,Getafe,1,1,1,57,43,10,21,4,4,5,7,1,10,0,1,8,15,2,6,5,5,1,2,1,1,17,29,18,21,4,3,0,0,1,1,18,14,8,16,10,1,22,25,3,3,64,65,44.0,37.0,20.0,28.0,9.0,6.0,369,269,273.0,193.0,151,68,122,125,20.0,30.0,3.0,8.0,0.91,1.94,0.59,0.71,0.32,0.45,0.91,1.16,1.55,1.74,0,0,6,14,2,1,2,3,0,3,0.0,0.0,0.7707,1.7594,0.0337,0.0425,0.0553,0.0733,0.0,0.0692,7,15,1,0,0,1,2,4,0,1,0.5575,0.7345,0.0359,0.0,0.0,0.0626,0.2663,0.3588,0.0,0.7884,10,21,16.21,15.78
4506852,2024-10-20,esp,2024/2025,LaLiga,10,Víctor García Verdura,8305,Getafe,10205,Villarreal,0,1,1,43,57,21,10,4,4,7,5,10,1,1,0,15,8,6,2,5,5,2,1,1,1,29,17,21,18,3,4,0,0,1,1,14,18,16,8,1,10,25,22,3,3,65,64,37.0,44.0,28.0,20.0,6.0,9.0,269,369,193.0,273.0,68,151,125,122,30.0,20.0,8.0,3.0,1.94,0.91,0.71,0.59,0.45,0.32,1.16,0.91,1.74,1.55,0,0,14,6,1,2,3,2,3,0,0.0,0.0,1.7594,0.7707,0.0425,0.0337,0.0733,0.0553,0.0692,0.0,15,7,0,1,1,0,4,2,1,0,0.7345,0.5575,0.0,0.0359,0.0626,0.0,0.3588,0.2663,0.7884,0.0,21,10,15.78,16.21
4506853,2024-10-21,esp,2024/2025,LaLiga,10,Jesús Gil Manzano,10267,Valencia,8306,Las Palmas,1,2,3,47,53,14,11,7,6,4,2,3,3,0,0,11,5,3,6,11,2,3,3,1,0,40,14,12,12,3,9,1,0,3,0,19,15,7,10,3,3,6,32,3,5,47,43,37.0,30.0,10.0,13.0,6.0,4.0,413,491,319.0,401.0,170,245,149,156,26.0,18.0,7.0,1.0,1.65,1.14,0.6,1.06,0.26,0.08,0.86,1.14,2.23,1.74,0,0,6,4,5,1,3,4,0,2,0.0,0.0,1.1782,1.0085,0.3309,0.0457,0.1453,0.1471,0.0,0.0464,8,8,0,1,5,0,0,2,1,0,0.6033,1.1247,0.0,0.0583,0.2628,0.0,0.0,0.0648,0.7884,0.0,14,11,14.49,19.34
4506853,2024-10-21,esp,2024/2025,LaLiga,10,Jesús Gil Manzano,8306,Las Palmas,10267,Valencia,0,3,2,53,47,11,14,6,7,2,4,3,3,0,0,5,11,6,3,2,11,3,3,0,1,14,40,12,12,9,3,0,1,0,3,15,19,10,7,3,3,32,6,5,3,43,47,30.0,37.0,13.0,10.0,4.0,6.0,491,413,401.0,319.0,245,170,156,149,18.0,26.0,1.0,7.0,1.14,1.65,1.06,0.6,0.08,0.26,1.14,0.86,1.74,2.23,0,0,4,6,1,5,4,3,2,0,0.0,0.0,1.0085,1.1782,0.0457,0.3309,0.1471,0.1453,0.0464,0.0,8,8,1,0,0,5,2,0,0,1,1.1247,0.6033,0.0583,0.0,0.0,0.2628,0.0648,0.0,0.0,0.7884,11,14,19.34,14.49
4506856,2024-10-25,esp,2024/2025,LaLiga,11,Miguel Ángel Ortiz Arias,8558,Espanyol,8302,Sevilla,1,0,2,42,58,16,6,1,3,11,1,4,2,0,0,13,5,3,1,13,2,0,1,0,1,27,16,14,9,2,0,0,0,3,0,21,22,7,8,2,3,17,43,1,1,49,60,34.0,43.0,15.0,17.0,4.0,9.0,312,480,237.0,396.0,118,247,119,149,23.0,19.0,10.0,3.0,1.22,0.8,0.32,0.74,0.9,0.06,1.22,0.8,0.07,2.13,1,0,11,3,1,2,2,1,1,0,0.1155,0.0,0.9846,0.6409,0.039,0.1058,0.0516,0.0511,0.0311,0.0,5,4,0,1,7,1,4,0,0,0,0.3187,0.4129,0.0,0.323,0.6179,0.062,0.2852,0.0,0.0,0.0,16,6,13.56,15.23
4506856,2024-10-25,esp,2024/2025,LaLiga,11,Miguel Ángel Ortiz Arias,8302,Sevilla,8558,Espanyol,0,2,0,58,42,6,16,3,1,1,11,2,4,0,0,5,13,1,3,2,13,1,0,1,0,16,27,9,14,0,2,0,0,0,3,22,21,8,7,3,2,43,17,1,1,60,49,43.0,34.0,17.0,15.0,9.0,4.0,480,312,396.0,237.0,247,118,149,119,19.0,23.0,3.0,10.0,0.8,1.22,0.74,0.32,0.06,0.9,0.8,1.22,2.13,0.07,0,1,3,11,2,1,1,2,0,1,0.0,0.1155,0.6409,0.9846,0.1058,0.039,0.0511,0.0516,0.0,0.0311,4,5,1,0,1,7,0,4,0,0,0.4129,0.3187,0.323,0.0,0.062,0.6179,0.0,0.2852,0.0,0.0,6,16,15.23,13.56
4506859,2024-10-26,esp,2024/2025,LaLiga,11,José María Sánchez Martínez,8633,Real Madrid,8634,Barcelona,1,0,4,41,59,9,15,4,7,4,7,1,1,0,1,5,7,4,8,10,3,4,6,4,3,25,17,15,17,2,5,0,0,12,1,18,18,13,7,1,1,12,22,3,4,44,42,39.0,36.0,5.0,6.0,4.0,3.0,311,455,243.0,385.0,156,198,87,187,25.0,24.0,4.0,3.0,1.48,2.58,0.97,2.53,0.51,0.05,1.48,2.58,0.49,2.76,0,0,4,6,1,1,2,5,2,3,0.0,0.0,1.3608,1.9815,0.0202,0.1722,0.038,0.3763,0.044,0.0548,6,11,1,2,1,2,1,0,0,0,0.9205,2.2755,0.0323,0.2549,0.0118,0.0545,0.4985,0.0,0.0,0.0,9,15,22.87,20.82
4506859,2024-10-26,esp,2024/2025,LaLiga,11,José María Sánchez Martínez,8634,Barcelona,8633,Real Madrid,0,4,0,59,41,15,9,7,4,7,4,1,1,1,0,7,5,8,4,3,10,6,4,3,4,17,25,17,15,5,2,0,0,1,12,18,18,7,13,1,1,22,12,4,3,42,44,36.0,39.0,6.0,5.0,3.0,4.0,455,311,385.0,243.0,198,156,187,87,24.0,25.0,3.0,4.0,2.58,1.48,2.53,0.97,0.05,0.51,2.58,1.48,2.76,0.49,0,0,6,4,1,1,5,2,3,2,0.0,0.0,1.9815,1.3608,0.1722,0.0202,0.3763,0.038,0.0548,0.044,11,6,2,1,2,1,0,1,0,0,2.2755,0.9205,0.2549,0.0323,0.0545,0.0118,0.0,0.4985,0.0,0.0,15,9,20.82,22.87
4506861,2024-10-26,esp,2024/2025,LaLiga,11,Alejandro Quintero González,8306,Las Palmas,7732,Girona,1,1,0,43,57,12,8,3,3,7,2,2,3,1,0,8,5,4,3,3,5,2,3,1,3,22,15,12,14,4,5,0,1,0,5,19,21,17,8,3,2,27,18,3,2,51,46,37.0,41.0,14.0,5.0,5.0,9.0,367,474,300.0,400.0,158,251,142,149,17.0,15.0,5.0,3.0,0.9,0.56,0.82,0.47,0.08,0.09,0.9,0.56,1.24,0.48,0,0,5,3,3,2,2,2,2,1,0.0,0.0,0.6796,0.4696,0.0936,0.0586,0.0693,0.0435,0.0405,0.0288,10,5,0,1,1,1,1,1,0,0,0.8066,0.4754,0.0,0.0341,0.0394,0.0094,0.037,0.0816,0.0,0.0,12,8,17.12,17.68
4506861,2024-10-26,esp,2024/2025,LaLiga,11,Alejandro Quintero González,7732,Girona,8306,Las Palmas,0,0,1,57,43,8,12,3,3,2,7,3,2,0,1,5,8,3,4,5,3,3,2,3,1,15,22,14,12,5,4,1,0,5,0,21,19,8,17,2,3,18,27,2,3,46,51,41.0,37.0,5.0,14.0,9.0,5.0,474,367,400.0,300.0,251,158,149,142,15.0,17.0,3.0,5.0,0.56,0.9,0.47,0.82,0.09,0.08,0.56,0.9,0.48,1.24,0,0,3,5,2,3,2,2,1,2,0.0,0.0,0.4696,0.6796,0.0586,0.0936,0.0435,0.0693,0.0288,0.0405,5,10,1,0,1,1,1,1,0,0,0.4754,0.8066,0.0341,0.0,0.0094,0.0394,0.0816,0.037,0.0,0.0,8,12,17.68,17.12
4506863,2024-10-26,esp,2024/2025,LaLiga,11,Francisco José Hernández Maeso,10281,Real Valladolid,10205,Villarreal,1,1,2,45,55,7,21,3,9,4,8,0,4,0,3,4,14,3,7,4,6,1,3,0,1,11,31,16,13,4,2,0,0,1,0,15,8,6,5,4,0,25,18,7,3,41,39,31.0,29.0,10.0,10.0,4.0,7.0,412,510,354.0,448.0,235,186,119,262,29.0,12.0,5.0,5.0,0.94,2.31,0.12,1.61,0.03,0.69,0.15,2.31,0.87,4.8,2,3,2,9,0,2,1,5,2,2,0.0501,1.0228,0.8433,0.966,0.0,0.0913,0.0187,0.2328,0.0297,0.0524,5,14,0,2,1,3,0,2,1,0,0.1242,1.5163,0.0,0.1547,0.0291,0.1414,0.0,0.5528,0.7884,0.0,7,21,17.63,15.2
4506863,2024-10-26,esp,2024/2025,LaLiga,11,Francisco José Hernández Maeso,10205,Villarreal,10281,Real Valladolid,0,2,1,55,45,21,7,9,3,8,4,4,0,3,0,14,4,7,3,6,4,3,1,1,0,31,11,13,16,2,4,0,0,0,1,8,15,5,6,0,4,18,25,3,7,39,41,29.0,31.0,10.0,10.0,7.0,4.0,510,412,448.0,354.0,186,235,262,119,12.0,29.0,5.0,5.0,2.31,0.94,1.61,0.12,0.69,0.03,2.31,0.15,4.8,0.87,3,2,9,2,2,0,5,1,2,2,1.0228,0.0501,0.966,0.8433,0.0913,0.0,0.2328,0.0187,0.0524,0.0297,14,5,2,0,3,1,2,0,0,1,1.5163,0.1242,0.1547,0.0,0.1414,0.0291,0.5528,0.0,0.0,0.7884,21,7,15.2,17.63
4506864,2024-10-26,esp,2024/2025,LaLiga,11,Adrián Cordero Vega,8370,Rayo Vallecano,9866,Deportivo Alaves,1,1,0,50,50,15,15,4,7,9,5,2,3,2,0,11,9,4,6,6,2,5,1,5,1,23,29,8,14,2,4,1,0,2,3,18,16,8,11,3,2,25,15,7,4,64,41,51.0,30.0,13.0,11.0,20.0,6.0,370,372,297.0,283.0,126,145,171,138,27.0,18.0,7.0,6.0,1.88,0.94,1.39,0.87,0.49,0.07,1.88,0.94,0.9,0.59,2,0,6,7,3,2,2,3,2,3,0.5064,0.0,1.0573,0.5534,0.1395,0.1337,0.1334,0.1948,0.0472,0.0573,9,9,2,3,1,2,3,1,0,0,0.9481,0.3939,0.4431,0.4723,0.3667,0.0529,0.1259,0.02,0.0,0.0,15,15,14.7,18.81
4506864,2024-10-26,esp,2024/2025,LaLiga,11,Adrián Cordero Vega,9866,Deportivo Alaves,8370,Rayo Vallecano,0,0,1,50,50,15,15,7,4,5,9,3,2,0,2,9,11,6,4,2,6,1,5,1,5,29,23,14,8,4,2,0,1,3,2,16,18,11,8,2,3,15,25,4,7,41,64,30.0,51.0,11.0,13.0,6.0,20.0,372,370,283.0,297.0,145,126,138,171,18.0,27.0,6.0,7.0,0.94,1.88,0.87,1.39,0.07,0.49,0.94,1.88,0.59,0.9,0,2,7,6,2,3,3,2,3,2,0.0,0.5064,0.5534,1.0573,0.1337,0.1395,0.1948,0.1334,0.0573,0.0472,9,9,3,2,2,1,1,3,0,0,0.3939,0.9481,0.4723,0.4431,0.0529,0.3667,0.02,0.1259,0.0,0.0,15,15,18.81,14.7
4506855,2024-10-27,esp,2024/2025,LaLiga,11,Guillermo Cuadra Fernández,8305,Getafe,10267,Valencia,1,1,1,64,36,15,2,4,1,7,0,4,1,1,0,13,2,2,0,8,2,5,1,4,0,30,8,20,20,3,7,0,0,3,3,12,20,6,9,1,2,14,39,0,4,64,59,36.0,38.0,28.0,21.0,6.0,2.0,389,232,300.0,124.0,128,58,172,66,22.0,23.0,11.0,0.0,2.26,0.6,0.45,0.11,1.02,0.48,1.47,0.6,1.87,0.99,1,1,12,1,0,0,2,0,0,0,0.4721,0.5467,1.7452,0.123,0.0,0.0,0.0452,0.0,0.0,0.0,7,0,0,1,2,1,5,0,1,0,0.4509,0.0,0.0,0.123,0.5316,0.5467,0.4916,0.0,0.7884,0.0,15,2,11.93,10.57
4506855,2024-10-27,esp,2024/2025,LaLiga,11,Guillermo Cuadra Fernández,10267,Valencia,8305,Getafe,0,1,1,36,64,2,15,1,4,0,7,1,4,0,1,2,13,0,2,2,8,1,5,0,4,8,30,20,20,7,3,0,0,3,3,20,12,9,6,2,1,39,14,4,0,59,64,38.0,36.0,21.0,28.0,2.0,6.0,232,389,124.0,300.0,58,128,66,172,23.0,22.0,0.0,11.0,0.6,2.26,0.11,0.45,0.48,1.02,0.6,1.47,0.99,1.87,1,1,1,12,0,0,0,2,0,0,0.5467,0.4721,0.123,1.7452,0.0,0.0,0.0,0.0452,0.0,0.0,0,7,1,0,1,2,0,5,0,1,0.0,0.4509,0.123,0.0,0.5467,0.5316,0.0,0.4916,0.0,0.7884,2,15,10.57,11.93
4506858,2024-10-27,esp,2024/2025,LaLiga,11,Jesús Gil Manzano,8603,Real Betis,9906,Atletico Madrid,1,1,0,42,58,24,10,3,3,17,4,4,3,2,2,16,8,8,2,3,10,4,1,4,1,31,24,8,4,3,2,0,0,3,1,21,9,17,3,3,4,40,13,3,3,51,37,39.0,22.0,12.0,15.0,14.0,5.0,380,533,300.0,415.0,162,235,138,180,33.0,37.0,6.0,5.0,1.94,0.54,1.86,0.2,0.09,0.34,1.94,0.54,0.08,0.3,1,0,10,5,5,3,5,1,3,1,0.0993,0.0,1.2991,0.349,0.3235,0.0917,0.186,0.0571,0.052,0.0229,21,5,1,0,2,3,0,2,0,0,1.6657,0.2013,0.2082,0.0,0.0861,0.1872,0.0,0.1322,0.0,0.0,24,10,17.88,13.61
4506858,2024-10-27,esp,2024/2025,LaLiga,11,Jesús Gil Manzano,9906,Atletico Madrid,8603,Real Betis,0,0,1,58,42,10,24,3,3,4,17,3,4,2,2,8,16,2,8,10,3,1,4,1,4,24,31,4,8,2,3,0,0,1,3,9,21,3,17,4,3,13,40,3,3,37,51,22.0,39.0,15.0,12.0,5.0,14.0,533,380,415.0,300.0,235,162,180,138,37.0,33.0,5.0,6.0,0.54,1.94,0.2,1.86,0.34,0.09,0.54,1.94,0.3,0.08,0,1,5,10,3,5,1,5,1,3,0.0,0.0993,0.349,1.2991,0.0917,0.3235,0.0571,0.186,0.0229,0.052,5,21,0,1,3,2,2,0,0,0,0.2013,1.6657,0.0,0.2082,0.1872,0.0861,0.1322,0.0,0.0,0.0,10,24,13.61,17.88
4506860,2024-10-27,esp,2024/2025,LaLiga,11,Mario Melero López,7854,Leganes,9910,Celta Vigo,1,3,0,39,61,7,18,4,5,2,6,1,7,0,0,5,9,2,9,4,2,3,0,0,0,12,24,15,17,2,2,0,0,2,2,17,13,4,3,7,1,23,15,5,1,49,48,39.0,34.0,10.0,14.0,5.0,7.0,363,587,276.0,493.0,134,244,142,249,27.0,15.0,2.0,2.0,1.62,0.92,1.16,0.89,0.45,0.02,1.62,0.92,2.24,1.43,1,0,3,4,1,5,2,9,0,0,0.4541,0.0,0.9205,0.2758,0.2048,0.2573,0.0369,0.382,0.0,0.0,6,17,0,0,1,1,0,0,0,0,1.1622,0.8933,0.0,0.0,0.4541,0.0217,0.0,0.0,0.0,0.0,7,18,15.57,19.47
4506860,2024-10-27,esp,2024/2025,LaLiga,11,Mario Melero López,9910,Celta Vigo,7854,Leganes,0,0,3,61,39,18,7,5,4,6,2,7,1,0,0,9,5,9,2,2,4,0,3,0,0,24,12,17,15,2,2,0,0,2,2,13,17,3,4,1,7,15,23,1,5,48,49,34.0,39.0,14.0,10.0,7.0,5.0,587,363,493.0,276.0,244,134,249,142,15.0,27.0,2.0,2.0,0.92,1.62,0.89,1.16,0.02,0.45,0.92,1.62,1.43,2.24,0,1,4,3,5,1,9,2,0,0,0.0,0.4541,0.2758,0.9205,0.2573,0.2048,0.382,0.0369,0.0,0.0,17,6,0,0,1,1,0,0,0,0,0.8933,1.1622,0.0,0.0,0.0217,0.4541,0.0,0.0,0.0,0.0,18,7,19.47,15.57
4506862,2024-10-27,esp,2024/2025,LaLiga,11,Juan Luis Pulido Santana,8560,Real Sociedad,8371,Osasuna,1,0,2,75,25,19,10,9,4,8,4,2,2,0,0,11,6,8,4,14,4,2,1,2,1,39,14,7,14,3,4,0,0,5,0,14,13,3,6,2,2,9,39,2,9,46,44,34.0,28.0,12.0,16.0,7.0,10.0,584,199,514.0,128.0,229,54,285,74,26.0,27.0,9.0,2.0,1.65,0.98,1.28,0.8,0.37,0.18,1.65,0.98,1.3,1.75,2,0,6,5,3,1,5,2,3,2,0.6901,0.0,0.6534,0.7486,0.1024,0.0729,0.1399,0.0904,0.0616,0.0676,12,5,0,1,4,2,3,2,0,0,1.2814,0.5949,0.0,0.2083,0.2777,0.123,0.0883,0.0533,0.0,0.0,19,10,18.17,17.0
4506862,2024-10-27,esp,2024/2025,LaLiga,11,Juan Luis Pulido Santana,8371,Osasuna,8560,Real Sociedad,0,2,0,25,75,10,19,4,9,4,8,2,2,0,0,6,11,4,8,4,14,1,2,1,2,14,39,14,7,4,3,0,0,0,5,13,14,6,3,2,2,39,9,9,2,44,46,28.0,34.0,16.0,12.0,10.0,7.0,199,584,128.0,514.0,54,229,74,285,27.0,26.0,2.0,9.0,0.98,1.65,0.8,1.28,0.18,0.37,0.98,1.65,1.75,1.3,0,2,5,6,1,3,2,5,2,3,0.0,0.6901,0.7486,0.6534,0.0729,0.1024,0.0904,0.1399,0.0676,0.0616,5,12,1,0,2,4,2,3,0,0,0.5949,1.2814,0.2083,0.0,0.123,0.2777,0.0533,0.0883,0.0,0.0,10,19,17.0,18.17
4506857,2024-10-28,esp,2024/2025,LaLiga,11,Juan Martínez Munuera,8661,Mallorca,8315,Athletic Club,1,0,0,33,67,4,20,1,1,2,11,1,8,0,1,4,12,0,8,1,14,1,0,1,0,10,30,9,12,3,1,1,0,1,4,20,18,12,6,8,1,32,13,1,1,60,43,37.0,29.0,23.0,14.0,5.0,5.0,272,537,192.0,457.0,90,162,102,295,36.0,25.0,5.0,9.0,0.61,0.59,0.53,0.32,0.08,0.27,0.61,0.59,0.28,0.07,0,1,4,4,0,7,0,7,0,1,0.0,0.0688,0.5899,0.173,0.0,0.1611,0.0,0.1744,0.0,0.0096,2,9,0,1,1,10,1,0,0,0,0.5116,0.2838,0.0,0.0313,0.0217,0.2718,0.0567,0.0,0.0,0.0,4,20,11.55,18.93
4506857,2024-10-28,esp,2024/2025,LaLiga,11,Juan Martínez Munuera,8315,Athletic Club,8661,Mallorca,0,0,0,67,33,20,4,1,1,11,2,8,1,1,0,12,4,8,0,14,1,0,1,0,1,30,10,12,9,1,3,0,1,4,1,18,20,6,12,1,8,13,32,1,1,43,60,29.0,37.0,14.0,23.0,5.0,5.0,537,272,457.0,192.0,162,90,295,102,25.0,36.0,9.0,5.0,0.59,0.61,0.32,0.53,0.27,0.08,0.59,0.61,0.07,0.28,1,0,4,4,7,0,7,0,1,0,0.0688,0.0,0.173,0.5899,0.1611,0.0,0.1744,0.0,0.0096,0.0,9,2,1,0,10,1,0,1,0,0,0.2838,0.5116,0.0313,0.0,0.2718,0.0217,0.0,0.0567,0.0,0.0,20,4,18.93,11.55
4506870,2024-11-01,esp,2024/2025,LaLiga,12,Pablo González Fuertes,9866,Deportivo Alaves,8661,Mallorca,1,1,0,52,48,13,7,3,2,4,3,6,2,0,0,10,4,3,3,7,2,2,1,1,1,23,14,19,12,3,2,0,0,0,3,22,16,7,13,2,6,22,23,2,2,63,61,36.0,42.0,27.0,19.0,3.0,7.0,324,306,228.0,227.0,111,113,117,114,24.0,25.0,3.0,3.0,1.15,0.51,0.71,0.3,0.44,0.21,1.15,0.51,1.2,0.3,2,0,5,4,3,0,2,3,1,0,0.3244,0.0,0.7266,0.401,0.0543,0.0,0.0269,0.1092,0.0228,0.0,6,4,0,0,5,0,2,3,0,0,0.728,0.3014,0.0,0.0,0.2374,0.0,0.1897,0.2088,0.0,0.0,13,7,15.97,15.27
4506870,2024-11-01,esp,2024/2025,LaLiga,12,Pablo González Fuertes,8661,Mallorca,9866,Deportivo Alaves,0,0,1,48,52,7,13,2,3,3,4,2,6,0,0,4,10,3,3,2,7,1,2,1,1,14,23,12,19,2,3,0,0,3,0,16,22,13,7,6,2,23,22,2,2,61,63,42.0,36.0,19.0,27.0,7.0,3.0,306,324,227.0,228.0,113,111,114,117,25.0,24.0,3.0,3.0,0.51,1.15,0.3,0.71,0.21,0.44,0.51,1.15,0.3,1.2,0,2,4,5,0,3,3,2,0,1,0.0,0.3244,0.401,0.7266,0.0,0.0543,0.1092,0.0269,0.0,0.0228,4,6,0,0,0,5,3,2,0,0,0.3014,0.728,0.0,0.0,0.0,0.2374,0.2088,0.1897,0.0,0.0,7,13,15.27,15.97
4506868,2024-11-02,esp,2024/2025,LaLiga,12,Mateo Busquets Ferrer,7732,Girona,7854,Leganes,1,4,3,54,46,15,8,6,5,4,2,5,1,0,0,8,2,7,6,6,1,3,0,1,0,19,13,17,15,3,4,0,0,1,0,12,15,6,5,1,5,24,20,2,3,57,49,34.0,39.0,23.0,10.0,8.0,8.0,488,411,419.0,327.0,181,201,238,126,28.0,14.0,5.0,1.0,1.97,0.33,1.18,0.3,0.0,0.04,1.18,0.33,1.9,1.72,0,0,7,1,1,1,5,6,2,0,0.0,0.0,1.6492,0.0523,0.0449,0.062,0.2285,0.3083,0.0487,0.0,14,6,0,1,0,0,0,1,1,0,1.1829,0.296,0.0,0.0538,0.0,0.0,0.0,0.0729,0.7884,0.0,15,8,21.21,20.91
4506868,2024-11-02,esp,2024/2025,LaLiga,12,Mateo Busquets Ferrer,7854,Leganes,7732,Girona,0,3,4,46,54,8,15,5,6,2,4,1,5,0,0,2,8,6,7,1,6,0,3,0,1,13,19,15,17,4,3,0,0,0,1,15,12,5,6,5,1,20,24,3,2,49,57,39.0,34.0,10.0,23.0,8.0,8.0,411,488,327.0,419.0,201,181,126,238,14.0,28.0,1.0,5.0,0.33,1.97,0.3,1.18,0.04,0.0,0.33,1.18,1.72,1.9,0,0,1,7,1,1,6,5,0,2,0.0,0.0,0.0523,1.6492,0.062,0.0449,0.3083,0.2285,0.0,0.0487,6,14,1,0,0,0,1,0,0,1,0.296,1.1829,0.0538,0.0,0.0,0.0,0.0729,0.0,0.0,0.7884,8,15,20.91,21.21
4506869,2024-11-02,esp,2024/2025,LaLiga,12,Víctor García Verdura,8371,Osasuna,10281,Real Valladolid,1,1,0,50,50,20,7,4,4,11,1,5,2,1,0,20,2,0,5,7,2,3,0,2,0,50,5,21,12,1,5,0,0,0,2,10,15,9,9,3,5,20,29,3,3,54,58,29.0,39.0,25.0,19.0,8.0,4.0,351,357,264.0,276.0,90,166,174,110,20.0,24.0,7.0,0.0,2.48,0.23,1.2,0.15,0.49,0.08,1.69,0.23,1.16,0.64,1,0,15,0,4,2,0,4,0,1,0.0567,0.0,2.3085,0.0,0.1118,0.0609,0.0,0.1525,0.0,0.0189,8,4,3,0,5,0,3,3,1,0,0.8179,0.1317,0.383,0.0,0.3016,0.0,0.186,0.1005,0.7884,0.0,20,7,12.03,23.27
4506869,2024-11-02,esp,2024/2025,LaLiga,12,Víctor García Verdura,10281,Real Valladolid,8371,Osasuna,0,0,1,50,50,7,20,4,4,1,11,2,5,0,1,2,20,5,0,2,7,0,3,0,2,5,50,12,21,5,1,0,0,2,0,15,10,9,9,5,3,29,20,3,3,58,54,39.0,29.0,19.0,25.0,4.0,8.0,357,351,276.0,264.0,166,90,110,174,24.0,20.0,0.0,7.0,0.23,2.48,0.15,1.2,0.08,0.49,0.23,1.69,0.64,1.16,0,1,0,15,2,4,4,0,1,0,0.0,0.0567,0.0,2.3085,0.0609,0.1118,0.1525,0.0,0.0189,0.0,4,8,0,3,0,5,3,3,0,1,0.1317,0.8179,0.0,0.383,0.0,0.3016,0.1005,0.186,0.0,0.7884,7,20,23.27,12.03
4506865,2024-11-03,esp,2024/2025,LaLiga,12,Javier Alberola Rojas,8315,Athletic Club,8603,Real Betis,1,1,1,49,51,17,7,8,4,7,1,2,2,3,0,13,4,4,3,6,2,8,2,7,2,31,11,9,8,0,0,0,0,3,0,23,15,13,10,1,2,16,28,3,7,56,41,38.0,30.0,18.0,11.0,7.0,7.0,475,496,403.0,411.0,243,280,160,131,37.0,31.0,5.0,2.0,4.01,0.84,3.78,0.81,0.24,0.03,4.01,0.84,3.38,1.27,5,1,5,3,3,0,0,1,4,2,2.3591,0.3909,1.3215,0.4641,0.446,0.0,0.0,0.0188,0.0671,0.0422,13,3,1,3,3,0,0,1,0,0,3.6327,0.1412,0.3234,0.7426,0.2376,0.0,0.0,0.0321,0.0,0.0,17,7,13.79,19.47
4506865,2024-11-03,esp,2024/2025,LaLiga,12,Javier Alberola Rojas,8603,Real Betis,8315,Athletic Club,0,1,1,51,49,7,17,4,8,1,7,2,2,0,3,4,13,3,4,2,6,2,8,2,7,11,31,8,9,0,0,0,0,0,3,15,23,10,13,2,1,28,16,7,3,41,56,30.0,38.0,11.0,18.0,7.0,7.0,496,475,411.0,403.0,280,243,131,160,31.0,37.0,2.0,5.0,0.84,4.01,0.81,3.78,0.03,0.24,0.84,4.01,1.27,3.38,1,5,3,5,0,3,1,0,2,4,0.3909,2.3591,0.4641,1.3215,0.0,0.446,0.0188,0.0,0.0422,0.0671,3,13,3,1,0,3,1,0,0,0,0.1412,3.6327,0.7426,0.3234,0.0,0.2376,0.0321,0.0,0.0,0.0,7,17,19.47,13.79
4506866,2024-11-03,esp,2024/2025,LaLiga,12,Ricardo De Burgos Bengoetxea,9906,Atletico Madrid,8306,Las Palmas,1,2,0,57,43,15,1,3,1,8,0,4,0,1,0,11,1,4,0,9,1,3,0,1,0,35,3,13,13,1,1,0,0,1,0,15,27,7,14,0,4,6,30,1,1,49,65,35.0,44.0,14.0,21.0,7.0,5.0,541,410,455.0,314.0,212,210,243,104,21.0,31.0,5.0,1.0,1.63,0.02,1.44,0.02,0.19,0.0,1.63,0.02,1.86,0.16,0,0,6,0,5,1,4,0,0,0,0.0,0.0,1.1501,0.0,0.3527,0.0368,0.1226,0.0,0.0,0.0,10,1,0,0,4,0,1,0,0,0,1.4351,0.0368,0.0,0.0,0.1637,0.0,0.0266,0.0,0.0,0.0,15,1,16.36,18.58
4506866,2024-11-03,esp,2024/2025,LaLiga,12,Ricardo De Burgos Bengoetxea,8306,Las Palmas,9906,Atletico Madrid,0,0,2,43,57,1,15,1,3,0,8,0,4,0,1,1,11,0,4,1,9,0,3,0,1,3,35,13,13,1,1,0,0,0,1,27,15,14,7,4,0,30,6,1,1,65,49,44.0,35.0,21.0,14.0,5.0,7.0,410,541,314.0,455.0,210,212,104,243,31.0,21.0,1.0,5.0,0.02,1.63,0.02,1.44,0.0,0.19,0.02,1.63,0.16,1.86,0,0,0,6,1,5,0,4,0,0,0.0,0.0,0.0,1.1501,0.0368,0.3527,0.0,0.1226,0.0,0.0,1,10,0,0,0,4,0,1,0,0,0.0368,1.4351,0.0,0.0,0.0,0.1637,0.0,0.0266,0.0,0.0,1,15,18.58,16.36
4506873,2024-11-03,esp,2024/2025,LaLiga,12,Alejandro Muñíz Ruiz,8302,Sevilla,8560,Real Sociedad,1,0,2,55,45,8,9,0,3,5,4,3,2,0,0,6,6,2,3,5,9,1,1,1,0,13,15,6,17,2,1,0,0,1,2,13,21,11,7,2,3,14,29,1,0,48,45,35.0,31.0,13.0,14.0,6.0,5.0,497,414,393.0,329.0,217,208,176,121,17.0,23.0,3.0,3.0,1.09,1.37,1.09,0.39,0.0,0.19,1.09,0.58,0.0,1.15,0,1,4,4,2,1,1,0,1,3,0.0,0.0721,0.9981,1.2038,0.0721,0.0238,0.0211,0.0,0.0109,0.0709,8,4,0,1,0,2,0,1,0,1,1.1022,0.3832,0.0,0.0077,0.0,0.1192,0.0,0.0721,0.0,0.7884,8,9,18.02,18.95
4506873,2024-11-03,esp,2024/2025,LaLiga,12,Alejandro Muñíz Ruiz,8560,Real Sociedad,8302,Sevilla,0,2,0,45,55,9,8,3,0,4,5,2,3,0,0,6,6,3,2,9,5,1,1,0,1,15,13,17,6,1,2,0,0,2,1,21,13,7,11,3,2,29,14,0,1,45,48,31.0,35.0,14.0,13.0,5.0,6.0,414,497,329.0,393.0,208,217,121,176,23.0,17.0,3.0,3.0,1.37,1.09,0.39,1.09,0.19,0.0,0.58,1.09,1.15,0.0,1,0,4,4,1,2,0,1,3,1,0.0721,0.0,1.2038,0.9981,0.0238,0.0721,0.0,0.0211,0.0709,0.0109,4,8,1,0,2,0,1,0,1,0,0.3832,1.1022,0.0077,0.0,0.1192,0.0,0.0721,0.0,0.7884,0.0,9,8,18.95,18.02
4506874,2024-11-03,esp,2024/2025,LaLiga,12,José Luis Munuera Montero,8634,Barcelona,8558,Espanyol,1,3,1,77,23,14,10,9,3,3,3,2,4,0,0,6,7,8,3,9,5,3,1,1,0,34,20,13,14,0,3,0,0,3,6,9,24,6,12,4,1,14,21,2,6,39,47,29.0,39.0,10.0,8.0,6.0,3.0,760,209,696.0,140.0,307,85,389,55,19.0,20.0,3.0,5.0,1.83,0.97,1.76,0.83,0.07,0.14,1.83,0.97,3.23,0.73,1,2,4,4,1,1,6,2,2,1,0.2542,0.3908,1.1715,0.3034,0.0177,0.0717,0.3551,0.0882,0.0356,0.0107,11,7,1,1,2,0,0,2,0,0,1.6721,0.5907,0.0876,0.133,0.0744,0.0,0.0,0.1411,0.0,0.0,14,10,17.81,16.15
4506874,2024-11-03,esp,2024/2025,LaLiga,12,José Luis Munuera Montero,8558,Espanyol,8634,Barcelona,0,1,3,23,77,10,14,3,9,3,3,4,2,0,0,7,6,3,8,5,9,1,3,0,1,20,34,14,13,3,0,0,0,6,3,24,9,12,6,1,4,21,14,6,2,47,39,39.0,29.0,8.0,10.0,3.0,6.0,209,760,140.0,696.0,85,307,55,389,20.0,19.0,5.0,3.0,0.97,1.83,0.83,1.76,0.14,0.07,0.97,1.83,0.73,3.23,2,1,4,4,1,1,2,6,1,2,0.3908,0.2542,0.3034,1.1715,0.0717,0.0177,0.0882,0.3551,0.0107,0.0356,7,11,1,1,0,2,2,0,0,0,0.5907,1.6721,0.133,0.0876,0.0,0.0744,0.1411,0.0,0.0,0.0,10,14,16.15,17.81
4506867,2024-11-04,esp,2024/2025,LaLiga,12,Jesús Gil Manzano,9910,Celta Vigo,8305,Getafe,1,1,0,58,42,10,10,3,2,7,3,0,5,1,0,8,6,2,4,0,2,4,0,3,0,17,19,12,11,1,2,0,1,4,2,17,17,7,8,5,0,23,12,2,3,61,64,37.0,42.0,24.0,22.0,9.0,14.0,575,410,479.0,320.0,271,167,208,153,28.0,38.0,1.0,6.0,1.95,0.56,1.95,0.44,0.0,0.11,1.95,0.56,1.6,0.31,1,0,5,6,2,0,1,4,1,0,0.8191,0.0,0.9175,0.3837,0.1452,0.0,0.0368,0.1716,0.0285,0.0,7,7,3,0,0,1,0,2,0,0,1.1722,0.4422,0.775,0.0,0.0,0.0442,0.0,0.0689,0.0,0.0,10,10,14.47,17.87
4506867,2024-11-04,esp,2024/2025,LaLiga,12,Jesús Gil Manzano,8305,Getafe,9910,Celta Vigo,0,0,1,42,58,10,10,2,3,3,7,5,0,0,1,6,8,4,2,2,0,0,4,0,3,19,17,11,12,2,1,1,0,2,4,17,17,8,7,0,5,12,23,3,2,64,61,42.0,37.0,22.0,24.0,14.0,9.0,410,575,320.0,479.0,167,271,153,208,38.0,28.0,6.0,1.0,0.56,1.95,0.44,1.95,0.11,0.0,0.56,1.95,0.31,1.6,0,1,6,5,0,2,4,1,0,1,0.0,0.8191,0.3837,0.9175,0.0,0.1452,0.1716,0.0368,0.0,0.0285,7,7,0,3,1,0,2,0,0,0,0.4422,1.1722,0.0,0.775,0.0442,0.0,0.0689,0.0,0.0,0.0,10,10,17.87,14.47
4506883,2024-11-08,esp,2024/2025,LaLiga,13,Francisco José Hernández Maeso,8370,Rayo Vallecano,8306,Las Palmas,1,1,3,64,36,34,11,6,3,15,6,13,2,1,0,22,8,12,3,12,4,4,3,4,2,42,23,9,13,1,3,0,0,4,2,18,20,8,11,2,13,13,45,1,6,52,52,36.0,36.0,16.0,16.0,8.0,7.0,517,304,427.0,209.0,151,115,276,94,27.0,17.0,11.0,5.0,2.47,0.9,1.8,0.59,0.67,0.31,2.47,0.9,1.14,1.02,2,2,13,2,7,4,4,1,8,2,0.3751,0.3825,1.2098,0.231,0.5554,0.4334,0.1695,0.0567,0.2025,0.0357,19,7,1,2,9,2,5,0,0,0,1.7657,0.6825,0.0724,0.0743,0.4746,0.3825,0.1997,0.0,0.0,0.0,34,11,17.34,19.0
4506883,2024-11-08,esp,2024/2025,LaLiga,13,Francisco José Hernández Maeso,8306,Las Palmas,8370,Rayo Vallecano,0,3,1,36,64,11,34,3,6,6,15,2,13,0,1,8,22,3,12,4,12,3,4,2,4,23,42,13,9,3,1,0,0,2,4,20,18,11,8,13,2,45,13,6,1,52,52,36.0,36.0,16.0,16.0,7.0,8.0,304,517,209.0,427.0,115,151,94,276,17.0,27.0,5.0,11.0,0.9,2.47,0.59,1.8,0.31,0.67,0.9,2.47,1.02,1.14,2,2,2,13,4,7,1,4,2,8,0.3825,0.3751,0.231,1.2098,0.4334,0.5554,0.0567,0.1695,0.0357,0.2025,7,19,2,1,2,9,0,5,0,0,0.6825,1.7657,0.0743,0.0724,0.3825,0.4746,0.0,0.1997,0.0,0.0,11,34,19.0,17.34
4506877,2024-11-09,esp,2024/2025,LaLiga,13,Juan Luis Pulido Santana,7854,Leganes,8302,Sevilla,1,1,0,43,57,8,13,4,2,3,7,1,4,0,0,3,7,5,6,0,6,1,0,0,0,8,19,7,10,2,1,0,1,3,3,23,10,9,15,4,1,28,12,2,3,56,51,40.0,24.0,16.0,27.0,7.0,7.0,379,494,258.0,376.0,151,238,107,138,16.0,19.0,1.0,4.0,1.05,0.58,0.18,0.39,0.08,0.19,0.26,0.58,1.24,0.08,0,2,1,2,2,3,2,4,3,2,0.0,0.1447,0.7884,0.1745,0.0798,0.138,0.1103,0.0841,0.1032,0.0381,5,9,0,1,0,3,2,0,1,0,0.2087,0.3272,0.0,0.0609,0.0,0.1913,0.0846,0.0,0.7884,0.0,8,13,21.67,19.07
4506877,2024-11-09,esp,2024/2025,LaLiga,13,Juan Luis Pulido Santana,8302,Sevilla,7854,Leganes,0,0,1,57,43,13,8,2,4,7,3,4,1,0,0,7,3,6,5,6,0,0,1,0,0,19,8,10,7,1,2,1,0,3,3,10,23,15,9,1,4,12,28,3,2,51,56,24.0,40.0,27.0,16.0,7.0,7.0,494,379,376.0,258.0,238,151,138,107,19.0,16.0,4.0,1.0,0.58,1.05,0.39,0.18,0.19,0.08,0.58,0.26,0.08,1.24,2,0,2,1,3,2,4,2,2,3,0.1447,0.0,0.1745,0.7884,0.138,0.0798,0.0841,0.1103,0.0381,0.1032,9,5,1,0,3,0,0,2,0,1,0.3272,0.2087,0.0609,0.0,0.1913,0.0,0.0,0.0846,0.0,0.7884,13,8,19.07,21.67
4506882,2024-11-09,esp,2024/2025,LaLiga,13,Mario Melero López,8633,Real Madrid,8371,Osasuna,1,4,0,68,32,18,2,8,0,4,1,6,1,0,0,15,0,3,2,11,3,4,0,1,0,48,11,9,16,0,2,0,0,2,1,16,25,4,8,1,6,7,20,0,4,59,43,53.0,38.0,6.0,5.0,21.0,4.0,626,288,564.0,214.0,305,120,259,94,28.0,25.0,3.0,2.0,3.06,0.05,2.92,0.01,0.13,0.04,3.06,0.05,3.48,0.0,1,0,10,0,4,0,1,2,2,0,0.936,0.0,1.8764,0.0,0.1455,0.0,0.0151,0.059,0.0963,0.0,13,1,1,0,2,0,2,1,0,0,1.9985,0.0193,0.936,0.0,0.0339,0.0,0.1009,0.0397,0.0,0.0,18,2,15.25,28.33
4506882,2024-11-09,esp,2024/2025,LaLiga,13,Mario Melero López,8371,Osasuna,8633,Real Madrid,0,0,4,32,68,2,18,0,8,1,4,1,6,0,0,0,15,2,3,3,11,0,4,0,1,11,48,16,9,2,0,0,0,1,2,25,16,8,4,6,1,20,7,4,0,43,59,38.0,53.0,5.0,6.0,4.0,21.0,288,626,214.0,564.0,120,305,94,259,25.0,28.0,2.0,3.0,0.05,3.06,0.01,2.92,0.04,0.13,0.05,3.06,0.0,3.48,0,1,0,10,0,4,2,1,0,2,0.0,0.936,0.0,1.8764,0.0,0.1455,0.059,0.0151,0.0,0.0963,1,13,0,1,0,2,1,2,0,0,0.0193,1.9985,0.0,0.936,0.0,0.0339,0.0397,0.1009,0.0,0.0,2,18,28.33,15.25
4506884,2024-11-09,esp,2024/2025,LaLiga,13,Alejandro Quintero González,10205,Villarreal,9866,Deportivo Alaves,1,3,0,62,38,13,9,3,3,5,3,5,3,0,1,9,6,4,3,7,2,1,0,0,0,23,16,17,21,1,3,0,0,3,1,14,15,4,10,2,5,15,19,3,0,51,49,38.0,36.0,13.0,13.0,7.0,6.0,478,285,403.0,207.0,257,102,146,105,22.0,30.0,5.0,4.0,1.52,0.5,0.54,0.38,0.19,0.12,0.73,0.5,1.81,0.56,1,1,6,2,2,3,1,1,3,2,0.0856,0.1126,1.186,0.2477,0.1015,0.0628,0.0519,0.0424,0.0908,0.0312,9,7,0,0,1,1,2,1,1,0,0.5762,0.3793,0.0,0.0,0.0564,0.0424,0.0948,0.0751,0.7884,0.0,13,9,17.49,18.23
4506884,2024-11-09,esp,2024/2025,LaLiga,13,Alejandro Quintero González,9866,Deportivo Alaves,10205,Villarreal,0,0,3,38,62,9,13,3,3,3,5,3,5,1,0,6,9,3,4,2,7,0,1,0,0,16,23,21,17,3,1,0,0,1,3,15,14,10,4,5,2,19,15,0,3,49,51,36.0,38.0,13.0,13.0,6.0,7.0,285,478,207.0,403.0,102,257,105,146,30.0,22.0,4.0,5.0,0.5,1.52,0.38,0.54,0.12,0.19,0.5,0.73,0.56,1.81,1,1,2,6,3,2,1,1,2,3,0.1126,0.0856,0.2477,1.186,0.0628,0.1015,0.0424,0.0519,0.0312,0.0908,7,9,0,0,1,1,1,2,0,1,0.3793,0.5762,0.0,0.0,0.0424,0.0564,0.0751,0.0948,0.0,0.7884,9,13,18.23,17.49
4506875,2024-11-10,esp,2024/2025,LaLiga,13,Miguel Ángel Ortiz Arias,8603,Real Betis,9910,Celta Vigo,1,2,2,56,44,19,3,6,2,10,1,3,0,1,0,12,3,7,0,2,0,3,1,1,0,38,9,12,8,3,0,0,0,1,4,18,18,16,7,0,3,10,31,0,4,46,45,37.0,33.0,9.0,12.0,11.0,4.0,566,449,485.0,376.0,210,255,275,121,20.0,27.0,8.0,2.0,1.61,1.25,1.59,1.16,0.03,0.09,1.61,1.25,1.93,1.22,1,1,9,2,2,0,3,0,4,0,0.1624,0.9419,1.161,0.284,0.0596,0.0,0.1762,0.0,0.0553,0.0,18,2,0,0,0,0,1,1,0,0,1.5853,1.1608,0.0,0.0,0.0,0.0,0.0293,0.0652,0.0,0.0,19,3,19.0,9.53
4506875,2024-11-10,esp,2024/2025,LaLiga,13,Miguel Ángel Ortiz Arias,9910,Celta Vigo,8603,Real Betis,0,2,2,44,56,3,19,2,6,1,10,0,3,0,1,3,12,0,7,0,2,1,3,0,1,9,38,8,12,0,3,0,0,4,1,18,18,7,16,3,0,31,10,4,0,45,46,33.0,37.0,12.0,9.0,4.0,11.0,449,566,376.0,485.0,255,210,121,275,27.0,20.0,2.0,8.0,1.25,1.61,1.16,1.59,0.09,0.03,1.25,1.61,1.22,1.93,1,1,2,9,0,2,0,3,0,4,0.9419,0.1624,0.284,1.161,0.0,0.0596,0.0,0.1762,0.0,0.0553,2,18,0,0,0,0,1,1,0,0,1.1608,1.5853,0.0,0.0,0.0,0.0,0.0652,0.0293,0.0,0.0,3,19,9.53,19.0
4506876,2024-11-10,esp,2024/2025,LaLiga,13,Juan Martínez Munuera,8305,Getafe,7732,Girona,1,0,1,47,53,8,3,0,2,3,0,5,1,0,0,2,2,6,1,5,2,1,1,1,0,18,7,25,16,3,3,0,0,2,0,12,18,7,7,1,4,7,40,1,0,51,67,35.0,48.0,16.0,19.0,7.0,10.0,383,472,311.0,381.0,124,261,187,120,25.0,20.0,5.0,2.0,0.61,0.19,0.53,0.19,0.09,0.0,0.61,0.19,0.0,0.36,0,0,2,1,0,1,2,1,4,0,0.0,0.0,0.4862,0.1356,0.0,0.03,0.0408,0.0237,0.0837,0.0,5,3,0,0,0,0,3,0,0,0,0.5254,0.1893,0.0,0.0,0.0,0.0,0.0852,0.0,0.0,0.0,8,3,23.41,18.88
4506876,2024-11-10,esp,2024/2025,LaLiga,13,Juan Martínez Munuera,7732,Girona,8305,Getafe,0,1,0,53,47,3,8,2,0,0,3,1,5,0,0,2,2,1,6,2,5,1,1,0,1,7,18,16,25,3,3,0,0,0,2,18,12,7,7,4,1,40,7,0,1,67,51,48.0,35.0,19.0,16.0,10.0,7.0,472,383,381.0,311.0,261,124,120,187,20.0,25.0,2.0,5.0,0.19,0.61,0.19,0.53,0.0,0.09,0.19,0.61,0.36,0.0,0,0,1,2,1,0,1,2,0,4,0.0,0.0,0.1356,0.4862,0.03,0.0,0.0237,0.0408,0.0,0.0837,3,5,0,0,0,0,0,3,0,0,0.1893,0.5254,0.0,0.0,0.0,0.0,0.0,0.0852,0.0,0.0,3,8,18.88,23.41
4506879,2024-11-10,esp,2024/2025,LaLiga,13,Adrián Cordero Vega,10281,Real Valladolid,8315,Athletic Club,1,1,1,35,65,6,17,3,1,2,11,1,5,0,0,4,10,2,7,5,5,2,2,1,2,8,19,12,12,4,4,0,0,2,3,18,5,8,5,5,1,30,15,0,2,55,50,35.0,29.0,20.0,21.0,6.0,13.0,287,543,205.0,472.0,149,174,56,298,21.0,35.0,5.0,7.0,0.61,1.21,0.48,0.75,0.13,0.46,0.61,1.21,1.14,0.85,1,0,3,9,0,1,1,1,1,6,0.1755,0.0,0.3427,1.0607,0.0,0.0275,0.0282,0.0189,0.0346,0.1009,2,9,1,1,2,4,1,3,0,0,0.4182,0.7225,0.0282,0.0235,0.068,0.096,0.0665,0.3659,0.0,0.0,6,17,14.54,18.93
4506879,2024-11-10,esp,2024/2025,LaLiga,13,Adrián Cordero Vega,8315,Athletic Club,10281,Real Valladolid,0,1,1,65,35,17,6,1,3,11,2,5,1,0,0,10,4,7,2,5,5,2,2,2,1,19,8,12,12,4,4,0,0,3,2,5,18,5,8,1,5,15,30,2,0,50,55,29.0,35.0,21.0,20.0,13.0,6.0,543,287,472.0,205.0,174,149,298,56,35.0,21.0,7.0,5.0,1.21,0.61,0.75,0.48,0.46,0.13,1.21,0.61,0.85,1.14,0,1,9,3,1,0,1,1,6,1,0.0,0.1755,1.0607,0.3427,0.0275,0.0,0.0189,0.0282,0.1009,0.0346,9,2,1,1,4,2,3,1,0,0,0.7225,0.4182,0.0235,0.0282,0.096,0.068,0.3659,0.0665,0.0,0.0,17,6,18.93,14.54
4506880,2024-11-10,esp,2024/2025,LaLiga,13,José María Sánchez Martínez,8661,Mallorca,9906,Atletico Madrid,1,0,1,53,47,13,9,6,2,5,4,2,3,0,0,11,4,2,5,7,2,1,1,1,0,23,8,10,16,1,3,0,0,3,1,19,20,8,10,3,3,16,21,1,5,61,38,42.0,32.0,19.0,6.0,7.0,3.0,530,479,475.0,423.0,184,231,291,192,28.0,24.0,10.0,0.0,0.61,0.65,0.23,0.64,0.38,0.01,0.61,0.65,0.22,0.95,0,0,10,2,1,2,1,4,1,1,0.0,0.0,0.4681,0.3463,0.0784,0.1298,0.0376,0.1032,0.0272,0.0608,4,6,0,2,5,1,4,0,0,0,0.2299,0.2578,0.0,0.3697,0.2166,0.0127,0.1648,0.0,0.0,0.0,13,9,14.76,19.02
4506880,2024-11-10,esp,2024/2025,LaLiga,13,José María Sánchez Martínez,9906,Atletico Madrid,8661,Mallorca,0,1,0,47,53,9,13,2,6,4,5,3,2,0,0,4,11,5,2,2,7,1,1,0,1,8,23,16,10,3,1,0,0,1,3,20,19,10,8,3,3,21,16,5,1,38,61,32.0,42.0,6.0,19.0,3.0,7.0,479,530,423.0,475.0,231,184,192,291,24.0,28.0,0.0,10.0,0.65,0.61,0.64,0.23,0.01,0.38,0.65,0.61,0.95,0.22,0,0,2,10,2,1,4,1,1,1,0.0,0.0,0.3463,0.4681,0.1298,0.0784,0.1032,0.0376,0.0608,0.0272,6,4,2,0,1,5,0,4,0,0,0.2578,0.2299,0.3697,0.0,0.0127,0.2166,0.0,0.1648,0.0,0.0,9,13,19.02,14.76
4506881,2024-11-10,esp,2024/2025,LaLiga,13,Guillermo Cuadra Fernández,8560,Real Sociedad,8634,Barcelona,1,1,0,30,70,14,11,6,0,4,5,4,6,0,0,11,7,3,4,7,6,4,0,3,0,26,22,17,6,3,1,0,0,3,4,19,12,12,4,5,3,30,11,1,5,46,55,27.0,41.0,19.0,14.0,4.0,14.0,269,614,185.0,520.0,120,308,65,212,26.0,23.0,3.0,4.0,2.02,0.64,1.88,0.3,0.15,0.34,2.02,0.64,1.34,0.0,0,1,9,5,2,1,2,3,1,1,0.0,0.1112,1.7731,0.4222,0.0958,0.0144,0.0842,0.1118,0.0716,0.0117,10,5,1,0,2,5,1,1,0,0,1.4118,0.327,0.4663,0.0,0.075,0.224,0.0716,0.1202,0.0,0.0,14,11,16.24,16.67
4506881,2024-11-10,esp,2024/2025,LaLiga,13,Guillermo Cuadra Fernández,8634,Barcelona,8560,Real Sociedad,0,0,1,70,30,11,14,0,6,5,4,6,4,0,0,7,11,4,3,6,7,0,4,0,3,22,26,6,17,1,3,0,0,4,3,12,19,4,12,3,5,11,30,5,1,55,46,41.0,27.0,14.0,19.0,14.0,4.0,614,269,520.0,185.0,308,120,212,65,23.0,26.0,4.0,3.0,0.64,2.02,0.3,1.88,0.34,0.15,0.64,2.02,0.0,1.34,1,0,5,9,1,2,3,2,1,1,0.1112,0.0,0.4222,1.7731,0.0144,0.0958,0.1118,0.0842,0.0117,0.0716,5,10,0,1,5,2,1,1,0,0,0.327,1.4118,0.0,0.4663,0.224,0.075,0.1202,0.0716,0.0,0.0,11,14,16.67,16.24
4506886,2024-11-22,esp,2024/2025,LaLiga,14,Pablo González Fuertes,8305,Getafe,10281,Real Valladolid,1,2,0,56,44,12,6,5,3,4,3,3,0,0,0,8,4,4,2,3,2,0,1,0,1,21,15,15,15,3,2,0,0,4,4,14,17,3,10,0,3,18,33,3,3,64,73,31.0,33.0,33.0,40.0,4.0,2.0,330,263,250.0,158.0,85,84,165,74,27.0,21.0,7.0,5.0,0.59,1.13,0.25,0.49,0.34,0.65,0.59,1.13,0.79,0.77,0,1,6,2,2,1,2,1,2,1,0.0,0.5123,0.4422,0.4912,0.0472,0.048,0.0327,0.0451,0.0655,0.0352,6,3,0,0,1,0,5,3,0,0,0.2576,0.5308,0.0,0.0,0.048,0.0,0.282,0.6011,0.0,0.0,12,6,16.24,16.39
4506886,2024-11-22,esp,2024/2025,LaLiga,14,Pablo González Fuertes,10281,Real Valladolid,8305,Getafe,0,0,2,44,56,6,12,3,5,3,4,0,3,0,0,4,8,2,4,2,3,1,0,1,0,15,21,15,15,2,3,0,0,4,4,17,14,10,3,3,0,33,18,3,3,73,64,33.0,31.0,40.0,33.0,2.0,4.0,263,330,158.0,250.0,84,85,74,165,21.0,27.0,5.0,7.0,1.13,0.59,0.49,0.25,0.65,0.34,1.13,0.59,0.77,0.79,1,0,2,6,1,2,1,2,1,2,0.5123,0.0,0.4912,0.4422,0.048,0.0472,0.0451,0.0327,0.0352,0.0655,3,6,0,0,0,1,3,5,0,0,0.5308,0.2576,0.0,0.0,0.0,0.048,0.6011,0.282,0.0,0.0,6,12,16.39,16.24
4506888,2024-11-23,esp,2024/2025,LaLiga,14,Alejandro Muñíz Ruiz,8306,Las Palmas,8661,Mallorca,1,2,3,62,38,14,9,3,3,6,6,5,0,1,0,7,8,7,1,4,3,1,2,0,0,25,20,10,18,4,2,0,1,1,0,11,11,1,11,0,5,20,22,1,1,42,42,29.0,24.0,13.0,18.0,3.0,5.0,483,300,410.0,228.0,206,109,204,119,27.0,19.0,6.0,5.0,1.21,1.7,0.32,1.38,0.1,0.32,0.42,1.7,1.02,1.58,1,2,4,4,2,2,4,1,3,0,0.0381,0.7247,0.9109,0.9127,0.0753,0.0732,0.0986,0.0273,0.083,0.0,10,6,0,1,1,1,2,1,1,0,0.3219,1.2995,0.0,0.0492,0.0381,0.1173,0.0575,0.2719,0.7884,0.0,14,9,20.61,13.01
4506888,2024-11-23,esp,2024/2025,LaLiga,14,Alejandro Muñíz Ruiz,8661,Mallorca,8306,Las Palmas,0,3,2,38,62,9,14,3,3,6,6,0,5,0,1,8,7,1,7,3,4,2,1,0,0,20,25,18,10,2,4,1,0,0,1,11,11,11,1,5,0,22,20,1,1,42,42,24.0,29.0,18.0,13.0,5.0,3.0,300,483,228.0,410.0,109,206,119,204,19.0,27.0,5.0,6.0,1.7,1.21,1.38,0.32,0.32,0.1,1.7,0.42,1.58,1.02,2,1,4,4,2,2,1,4,0,3,0.7247,0.0381,0.9127,0.9109,0.0732,0.0753,0.0273,0.0986,0.0,0.083,6,10,1,0,1,1,1,2,0,1,1.2995,0.3219,0.0492,0.0,0.1173,0.0381,0.2719,0.0575,0.0,0.7884,9,14,13.01,20.61
4506890,2024-11-23,esp,2024/2025,LaLiga,14,César Soto Grado,9910,Celta Vigo,8634,Barcelona,1,2,2,40,60,15,9,8,4,4,4,3,1,0,1,10,5,5,4,5,1,5,3,3,1,28,19,13,9,5,3,0,1,2,3,17,13,13,12,0,3,13,18,2,6,34,38,30.0,35.0,4.0,3.0,5.0,10.0,389,584,295.0,491.0,179,272,116,219,22.0,31.0,4.0,0.0,2.46,1.74,2.17,1.74,0.29,0.0,2.46,1.74,2.65,1.01,1,1,8,4,1,0,4,4,1,0,0.2294,0.301,2.0925,1.3229,0.0147,0.0,0.1142,0.1896,0.0106,0.0,10,7,0,2,2,0,3,0,0,0,2.1705,1.0247,0.0,0.7889,0.0328,0.0,0.2581,0.0,0.0,0.0,15,9,18.44,16.25
4506890,2024-11-23,esp,2024/2025,LaLiga,14,César Soto Grado,8634,Barcelona,9910,Celta Vigo,0,2,2,60,40,9,15,4,8,4,4,1,3,1,0,5,10,4,5,1,5,3,5,1,3,19,28,9,13,3,5,1,0,3,2,13,17,12,13,3,0,18,13,6,2,38,34,35.0,30.0,3.0,4.0,10.0,5.0,584,389,491.0,295.0,272,179,219,116,31.0,22.0,0.0,4.0,1.74,2.46,1.74,2.17,0.0,0.29,1.74,2.46,1.01,2.65,1,1,4,8,0,1,4,4,0,1,0.301,0.2294,1.3229,2.0925,0.0,0.0147,0.1896,0.1142,0.0,0.0106,7,10,2,0,0,2,0,3,0,0,1.0247,2.1705,0.7889,0.0,0.0,0.0328,0.0,0.2581,0.0,0.0,9,15,16.25,18.44
4506891,2024-11-23,esp,2024/2025,LaLiga,14,Ricardo De Burgos Bengoetxea,10267,Valencia,8603,Real Betis,1,4,2,49,51,11,7,5,3,2,4,4,0,1,0,9,3,2,4,2,4,3,2,0,2,17,14,10,16,4,2,0,0,4,6,31,16,10,7,0,4,25,18,2,1,66,48,54.0,33.0,12.0,15.0,7.0,7.0,415,432,333.0,356.0,202,211,131,145,28.0,23.0,3.0,3.0,1.59,0.97,1.11,0.49,0.48,0.49,1.59,0.97,2.48,0.66,0,1,8,2,1,0,2,3,0,1,0.0,0.3778,1.5407,0.6368,0.0212,0.0,0.0243,0.1731,0.0,0.0865,7,5,0,0,3,2,1,0,0,0,1.1086,0.7886,0.0,0.0,0.4687,0.4857,0.0088,0.0,0.0,0.0,11,7,14.83,14.77
4506891,2024-11-23,esp,2024/2025,LaLiga,14,Ricardo De Burgos Bengoetxea,8603,Real Betis,10267,Valencia,0,2,4,51,49,7,11,3,5,4,2,0,4,0,1,3,9,4,2,4,2,2,3,2,0,14,17,16,10,2,4,0,0,6,4,16,31,7,10,4,0,18,25,1,2,48,66,33.0,54.0,15.0,12.0,7.0,7.0,432,415,356.0,333.0,211,202,145,131,23.0,28.0,3.0,3.0,0.97,1.59,0.49,1.11,0.49,0.48,0.97,1.59,0.66,2.48,1,0,2,8,0,1,3,2,1,0,0.3778,0.0,0.6368,1.5407,0.0,0.0212,0.1731,0.0243,0.0865,0.0,5,7,0,0,2,3,0,1,0,0,0.7886,1.1086,0.0,0.0,0.4857,0.4687,0.0,0.0088,0.0,0.0,7,11,14.77,14.83
4506893,2024-11-23,esp,2024/2025,LaLiga,14,Víctor García Verdura,9906,Atletico Madrid,9866,Deportivo Alaves,1,2,1,70,30,11,4,8,1,1,1,2,2,1,0,6,1,5,3,5,0,4,1,2,0,19,5,18,19,3,3,0,0,3,2,11,17,6,9,2,1,14,31,0,6,45,52,32.0,35.0,13.0,17.0,4.0,3.0,591,258,505.0,175.0,206,117,299,58,24.0,19.0,3.0,1.0,1.65,0.86,0.41,0.05,0.45,0.02,0.86,0.07,2.32,0.67,0,0,4,1,2,0,3,1,2,2,0.0,0.0,1.2787,0.7884,0.1956,0.0,0.1187,0.022,0.0525,0.0516,7,2,1,0,0,0,2,1,1,1,0.3586,0.0516,0.0498,0.0,0.0,0.0,0.4486,0.022,0.7884,0.7884,11,4,17.7,23.79
4506893,2024-11-23,esp,2024/2025,LaLiga,14,Víctor García Verdura,9866,Deportivo Alaves,9906,Atletico Madrid,0,1,2,30,70,4,11,1,8,1,1,2,2,0,1,1,6,3,5,0,5,1,4,0,2,5,19,19,18,3,3,0,0,2,3,17,11,9,6,1,2,31,14,6,0,52,45,35.0,32.0,17.0,13.0,3.0,4.0,258,591,175.0,505.0,117,206,58,299,19.0,24.0,1.0,3.0,0.86,1.65,0.05,0.41,0.02,0.45,0.07,0.86,0.67,2.32,0,0,1,4,0,2,1,3,2,2,0.0,0.0,0.7884,1.2787,0.0,0.1956,0.022,0.1187,0.0516,0.0525,2,7,0,1,0,0,1,2,1,1,0.0516,0.3586,0.0,0.0498,0.0,0.0,0.022,0.4486,0.7884,0.7884,4,11,23.79,17.7
4506894,2024-11-23,esp,2024/2025,LaLiga,14,Alejandro José Hernández Hernández,7732,Girona,8558,Espanyol,1,4,1,76,24,12,9,5,1,5,3,2,5,0,0,8,5,4,4,6,3,4,1,1,1,34,17,4,19,0,3,0,0,0,0,12,16,5,9,4,2,15,22,0,1,44,26,37.0,24.0,7.0,2.0,8.0,5.0,774,234,701.0,177.0,423,77,278,100,38.0,21.0,4.0,4.0,3.47,0.42,2.69,0.33,0.78,0.09,3.47,0.42,3.28,0.17,4,0,3,4,1,1,3,3,1,1,2.4022,0.0,0.8038,0.3564,0.0279,0.0475,0.2214,0.0867,0.0154,0.0251,9,7,1,0,1,2,1,0,0,0,2.544,0.4138,0.1445,0.0,0.7423,0.1019,0.0398,0.0,0.0,0.0,12,9,14.53,17.88
4506894,2024-11-23,esp,2024/2025,LaLiga,14,Alejandro José Hernández Hernández,8558,Espanyol,7732,Girona,0,1,4,24,76,9,12,1,5,3,5,5,2,0,0,5,8,4,4,3,6,1,4,1,1,17,34,19,4,3,0,0,0,0,0,16,12,9,5,2,4,22,15,1,0,26,44,24.0,37.0,2.0,7.0,5.0,8.0,234,774,177.0,701.0,77,423,100,278,21.0,38.0,4.0,4.0,0.42,3.47,0.33,2.69,0.09,0.78,0.42,3.47,0.17,3.28,0,4,4,3,1,1,3,3,1,1,0.0,2.4022,0.3564,0.8038,0.0475,0.0279,0.0867,0.2214,0.0251,0.0154,7,9,0,1,2,1,0,1,0,0,0.4138,2.544,0.0,0.1445,0.1019,0.7423,0.0,0.0398,0.0,0.0,9,12,17.88,14.53
4506885,2024-11-24,esp,2024/2025,LaLiga,14,Jesús Gil Manzano,8315,Athletic Club,8560,Real Sociedad,1,1,0,40,60,12,6,4,1,3,4,5,1,0,0,10,5,2,1,4,4,1,1,0,1,30,14,18,9,3,4,0,0,1,3,19,28,7,10,0,4,13,26,1,3,57,68,39.0,56.0,18.0,12.0,11.0,10.0,313,490,229.0,405.0,117,297,112,108,26.0,22.0,5.0,2.0,1.34,0.7,1.25,0.61,0.09,0.1,1.34,0.7,1.55,0.05,2,0,5,5,3,0,2,1,0,0,0.3665,0.0,0.8381,0.5072,0.0672,0.0,0.0653,0.0253,0.0,0.0,5,4,4,0,1,2,2,0,0,0,0.799,0.4355,0.4513,0.0,0.0452,0.0971,0.0417,0.0,0.0,0.0,12,6,14.06,14.13
4506885,2024-11-24,esp,2024/2025,LaLiga,14,Jesús Gil Manzano,8560,Real Sociedad,8315,Athletic Club,0,0,1,60,40,6,12,1,4,4,3,1,5,0,0,5,10,1,2,4,4,1,1,1,0,14,30,9,18,4,3,0,0,3,1,28,19,10,7,4,0,26,13,3,1,68,57,56.0,39.0,12.0,18.0,10.0,11.0,490,313,405.0,229.0,297,117,108,112,22.0,26.0,2.0,5.0,0.7,1.34,0.61,1.25,0.1,0.09,0.7,1.34,0.05,1.55,0,2,5,5,0,3,1,2,0,0,0.0,0.3665,0.5072,0.8381,0.0,0.0672,0.0253,0.0653,0.0,0.0,4,5,0,4,2,1,0,2,0,0,0.4355,0.799,0.0,0.4513,0.0971,0.0452,0.0,0.0417,0.0,0.0,6,12,14.13,14.06
4506887,2024-11-24,esp,2024/2025,LaLiga,14,José Luis Munuera Montero,8371,Osasuna,10205,Villarreal,1,2,2,40,60,4,16,3,7,1,6,0,3,0,0,3,13,1,3,0,8,2,5,0,3,17,39,12,13,6,4,0,0,0,5,22,17,7,8,3,0,27,7,5,1,53,59,38.0,41.0,15.0,18.0,6.0,13.0,348,498,255.0,409.0,146,194,109,215,31.0,32.0,4.0,9.0,1.08,2.53,0.29,1.67,0.0,0.06,0.29,1.74,2.0,2.52,0,1,2,7,1,5,1,2,0,1,0.0,0.5518,0.9035,1.6363,0.0841,0.2354,0.0295,0.0907,0.0,0.0112,3,13,0,0,0,1,0,1,1,1,0.2287,1.6726,0.0,0.0,0.0,0.0302,0.0,0.0342,0.7884,0.7884,4,16,14.69,15.16
4506887,2024-11-24,esp,2024/2025,LaLiga,14,José Luis Munuera Montero,10205,Villarreal,8371,Osasuna,0,2,2,60,40,16,4,7,3,6,1,3,0,0,0,13,3,3,1,8,0,5,2,3,0,39,17,13,12,4,6,0,0,5,0,17,22,8,7,0,3,7,27,1,5,59,53,41.0,38.0,18.0,15.0,13.0,6.0,498,348,409.0,255.0,194,146,215,109,32.0,31.0,9.0,4.0,2.53,1.08,1.67,0.29,0.06,0.0,1.74,0.29,2.52,2.0,1,0,7,2,5,1,2,1,1,0,0.5518,0.0,1.6363,0.9035,0.2354,0.0841,0.0907,0.0295,0.0112,0.0,13,3,0,0,1,0,1,0,1,1,1.6726,0.2287,0.0,0.0,0.0302,0.0,0.0342,0.0,0.7884,0.7884,16,4,15.16,14.69
4506889,2024-11-24,esp,2024/2025,LaLiga,14,Javier Alberola Rojas,7854,Leganes,8633,Real Madrid,1,0,3,32,68,4,16,0,9,3,3,1,4,0,1,0,10,4,6,2,4,0,5,0,3,5,45,17,11,2,0,0,0,2,1,17,11,15,9,5,1,29,14,5,0,34,53,32.0,43.0,2.0,10.0,4.0,15.0,294,631,231.0,561.0,116,243,115,318,16.0,31.0,0.0,2.0,0.12,1.9,0.09,1.33,0.03,0.58,0.12,1.9,0.0,2.52,0,3,0,5,0,2,3,4,1,2,0.0,1.0127,0.0,0.5514,0.0,0.0723,0.0928,0.2102,0.0191,0.0558,3,10,0,1,1,3,0,2,0,0,0.0794,1.1256,0.0,0.2013,0.0326,0.5002,0.0,0.0753,0.0,0.0,4,16,25.69,15.56
4506889,2024-11-24,esp,2024/2025,LaLiga,14,Javier Alberola Rojas,8633,Real Madrid,7854,Leganes,0,3,0,68,32,16,4,9,0,3,3,4,1,1,0,10,0,6,4,4,2,5,0,3,0,45,5,11,17,0,2,0,0,1,2,11,17,9,15,1,5,14,29,0,5,53,34,43.0,32.0,10.0,2.0,15.0,4.0,631,294,561.0,231.0,243,116,318,115,31.0,16.0,2.0,0.0,1.9,0.12,1.33,0.09,0.58,0.03,1.9,0.12,2.52,0.0,3,0,5,0,2,0,4,3,2,1,1.0127,0.0,0.5514,0.0,0.0723,0.0,0.2102,0.0928,0.0558,0.0191,10,3,1,0,3,1,2,0,0,0,1.1256,0.0794,0.2013,0.0,0.5002,0.0326,0.0753,0.0,0.0,0.0,16,4,15.56,25.69
4506892,2024-11-24,esp,2024/2025,LaLiga,14,Mateo Busquets Ferrer,8302,Sevilla,8370,Rayo Vallecano,1,1,0,52,48,11,9,3,1,6,4,2,4,0,1,8,4,3,5,8,3,3,3,2,3,24,10,14,14,2,5,0,1,0,3,12,19,5,6,4,2,24,25,1,2,53,45,34.0,35.0,19.0,10.0,9.0,5.0,417,381,339.0,301.0,192,171,147,130,16.0,15.0,2.0,2.0,1.09,0.85,0.44,0.72,0.65,0.12,1.09,0.85,1.06,0.06,0,0,3,3,5,1,2,4,1,1,0.0,0.0,0.6151,0.5436,0.3936,0.0455,0.0557,0.2537,0.0253,0.0161,6,7,0,0,2,0,3,2,0,0,0.4352,0.7345,0.0,0.0,0.0394,0.0,0.6151,0.1244,0.0,0.0,11,9,18.21,19.22
4506892,2024-11-24,esp,2024/2025,LaLiga,14,Mateo Busquets Ferrer,8370,Rayo Vallecano,8302,Sevilla,0,0,1,48,52,9,11,1,3,4,6,4,2,1,0,4,8,5,3,3,8,3,3,3,2,10,24,14,14,5,2,1,0,3,0,19,12,6,5,2,4,25,24,2,1,45,53,35.0,34.0,10.0,19.0,5.0,9.0,381,417,301.0,339.0,171,192,130,147,15.0,16.0,2.0,2.0,0.85,1.09,0.72,0.44,0.12,0.65,0.85,1.09,0.06,1.06,0,0,3,3,1,5,4,2,1,1,0.0,0.0,0.5436,0.6151,0.0455,0.3936,0.2537,0.0557,0.0161,0.0253,7,6,0,0,0,2,2,3,0,0,0.7345,0.4352,0.0,0.0,0.0,0.0394,0.1244,0.6151,0.0,0.0,9,11,19.22,18.21
4506896,2024-11-29,esp,2024/2025,LaLiga,15,Alejandro Quintero González,8661,Mallorca,10267,Valencia,1,2,1,48,52,9,7,3,1,4,6,2,0,0,0,7,5,2,2,3,6,1,2,0,1,15,8,9,14,1,1,0,0,3,0,24,18,12,3,0,1,21,15,0,1,60,38,42.0,27.0,18.0,11.0,6.0,1.0,442,463,347.0,365.0,228,215,119,150,24.0,31.0,4.0,6.0,0.76,1.3,0.74,0.39,0.02,0.12,0.76,0.51,1.5,0.6,0,1,6,4,1,0,2,2,0,0,0.0,0.0962,0.6353,1.1626,0.0338,0.0,0.0848,0.0431,0.0,0.0,8,3,0,0,1,3,0,0,0,1,0.7321,0.3928,0.0,0.0,0.0219,0.1207,0.0,0.0,0.0,0.7884,9,7,14.38,15.16
4506896,2024-11-29,esp,2024/2025,LaLiga,15,Alejandro Quintero González,10267,Valencia,8661,Mallorca,0,1,2,52,48,7,9,1,3,6,4,0,2,0,0,5,7,2,2,6,3,2,1,1,0,8,15,14,9,1,1,0,0,0,3,18,24,3,12,1,0,15,21,1,0,38,60,27.0,42.0,11.0,18.0,1.0,6.0,463,442,365.0,347.0,215,228,150,119,31.0,24.0,6.0,4.0,1.3,0.76,0.39,0.74,0.12,0.02,0.51,0.76,0.6,1.5,1,0,4,6,0,1,2,2,0,0,0.0962,0.0,1.1626,0.6353,0.0,0.0338,0.0431,0.0848,0.0,0.0,3,8,0,0,3,1,0,0,1,0,0.3928,0.7321,0.0,0.0,0.1207,0.0219,0.0,0.0,0.7884,0.0,7,9,15.16,14.38
4506895,2024-11-30,esp,2024/2025,LaLiga,15,Adrián Cordero Vega,8634,Barcelona,8306,Las Palmas,1,1,2,70,30,27,5,8,3,7,1,12,1,1,0,16,5,11,0,7,0,1,1,1,1,43,15,7,11,0,0,0,0,2,5,9,19,10,13,1,11,8,24,1,7,40,43,27.0,33.0,13.0,10.0,7.0,8.0,618,263,546.0,170.0,216,110,330,60,22.0,14.0,7.0,2.0,2.3,0.5,1.7,0.21,0.59,0.29,2.3,0.5,1.25,0.91,4,0,9,2,3,3,9,0,2,0,0.6106,0.0,0.9822,0.3685,0.1499,0.1342,0.4586,0.0,0.0943,0.0,22,4,0,0,0,0,5,1,0,0,1.7041,0.2096,0.0,0.0,0.0,0.0,0.5915,0.2931,0.0,0.0,27,5,16.27,16.08
4506895,2024-11-30,esp,2024/2025,LaLiga,15,Adrián Cordero Vega,8306,Las Palmas,8634,Barcelona,0,2,1,30,70,5,27,3,8,1,7,1,12,0,1,5,16,0,11,0,7,1,1,1,1,15,43,11,7,0,0,0,0,5,2,19,9,13,10,11,1,24,8,7,1,43,40,33.0,27.0,10.0,13.0,8.0,7.0,263,618,170.0,546.0,110,216,60,330,14.0,22.0,2.0,7.0,0.5,2.3,0.21,1.7,0.29,0.59,0.5,2.3,0.91,1.25,0,4,2,9,3,3,0,9,0,2,0.0,0.6106,0.3685,0.9822,0.1342,0.1499,0.0,0.4586,0.0,0.0943,4,22,0,0,0,0,1,5,0,0,0.2096,1.7041,0.0,0.0,0.0,0.0,0.2931,0.5915,0.0,0.0,5,27,16.08,16.27
4506897,2024-11-30,esp,2024/2025,LaLiga,15,Isidro Díaz de Mera Escuderos,9866,Deportivo Alaves,7854,Leganes,1,1,1,60,40,18,6,7,3,4,0,7,3,0,0,13,6,5,0,13,8,1,3,1,2,37,17,15,15,1,4,0,0,1,2,18,25,4,10,3,3,15,58,2,6,52,74,37.0,52.0,15.0,22.0,6.0,14.0,351,258,278.0,179.0,121,95,157,84,26.0,21.0,11.0,3.0,1.13,0.93,0.67,0.91,0.46,0.01,1.13,0.93,1.42,1.05,3,1,10,3,0,2,2,0,3,0,0.2395,0.4545,0.8371,0.3969,0.0,0.0757,0.0321,0.0,0.0237,0.0,9,1,0,4,7,1,2,0,0,0,0.6779,0.0609,0.0,0.8523,0.2989,0.0138,0.1556,0.0,0.0,0.0,18,6,17.46,11.73
4506897,2024-11-30,esp,2024/2025,LaLiga,15,Isidro Díaz de Mera Escuderos,7854,Leganes,9866,Deportivo Alaves,0,1,1,40,60,6,18,3,7,0,4,3,7,0,0,6,13,0,5,8,13,3,1,2,1,17,37,15,15,4,1,0,0,2,1,25,18,10,4,3,3,58,15,6,2,74,52,52.0,37.0,22.0,15.0,14.0,6.0,258,351,179.0,278.0,95,121,84,157,21.0,26.0,3.0,11.0,0.93,1.13,0.91,0.67,0.01,0.46,0.93,1.13,1.05,1.42,1,3,3,10,2,0,0,2,0,3,0.4545,0.2395,0.3969,0.8371,0.0757,0.0,0.0,0.0321,0.0,0.0237,1,9,4,0,1,7,0,2,0,0,0.0609,0.6779,0.8523,0.0,0.0138,0.2989,0.0,0.1556,0.0,0.0,6,18,11.73,17.46
4506898,2024-11-30,esp,2024/2025,LaLiga,15,José María Sánchez Martínez,8558,Espanyol,9910,Celta Vigo,1,3,1,21,79,9,16,5,2,3,8,1,6,0,0,6,11,3,5,2,5,3,1,2,0,14,30,13,7,2,2,0,0,2,0,23,16,8,7,6,1,27,7,1,2,39,44,32.0,34.0,7.0,10.0,2.0,6.0,183,726,120.0,648.0,54,298,66,350,15.0,18.0,4.0,4.0,0.85,1.61,0.64,0.68,0.22,0.14,0.85,0.82,1.23,1.12,1,0,5,9,0,2,2,4,1,1,0.2873,0.0,0.3688,1.4151,0.0,0.0689,0.1345,0.107,0.0663,0.021,5,11,1,0,3,3,0,1,0,1,0.5929,0.6804,0.1178,0.0,0.1463,0.1112,0.0,0.032,0.0,0.7884,9,16,15.15,17.19
4506898,2024-11-30,esp,2024/2025,LaLiga,15,José María Sánchez Martínez,9910,Celta Vigo,8558,Espanyol,0,1,3,79,21,16,9,2,5,8,3,6,1,0,0,11,6,5,3,5,2,1,3,0,2,30,14,7,13,2,2,0,0,0,2,16,23,7,8,1,6,7,27,2,1,44,39,34.0,32.0,10.0,7.0,6.0,2.0,726,183,648.0,120.0,298,54,350,66,18.0,15.0,4.0,4.0,1.61,0.85,0.68,0.64,0.14,0.22,0.82,0.85,1.12,1.23,0,1,9,5,2,0,4,2,1,1,0.0,0.2873,1.4151,0.3688,0.0689,0.0,0.107,0.1345,0.021,0.0663,11,5,0,1,3,3,1,0,1,0,0.6804,0.5929,0.0,0.1178,0.1112,0.1463,0.032,0.0,0.7884,0.0,16,9,17.19,15.15
4506900,2024-11-30,esp,2024/2025,LaLiga,15,Guillermo Cuadra Fernández,10281,Real Valladolid,9906,Atletico Madrid,1,0,5,45,55,9,13,1,9,5,2,3,2,1,0,7,10,2,3,3,5,1,5,1,0,12,32,6,11,1,2,0,0,1,3,10,10,11,1,2,3,21,20,4,1,46,31,31.0,22.0,15.0,9.0,11.0,6.0,479,608,410.0,530.0,300,288,110,242,19.0,22.0,7.0,2.0,0.63,4.02,0.35,2.93,0.28,1.08,0.63,4.02,0.13,6.04,1,3,5,6,1,1,0,1,2,2,0.0722,1.9243,0.4559,2.0339,0.029,0.0244,0.0,0.0341,0.0689,0.0351,6,11,0,0,1,2,2,0,0,0,0.393,2.9679,0.0,0.0,0.0632,1.0838,0.1698,0.0,0.0,0.0,9,13,13.88,13.26
4506900,2024-11-30,esp,2024/2025,LaLiga,15,Guillermo Cuadra Fernández,9906,Atletico Madrid,10281,Real Valladolid,0,5,0,55,45,13,9,9,1,2,5,2,3,0,1,10,7,3,2,5,3,5,1,0,1,32,12,11,6,2,1,0,0,3,1,10,10,1,11,3,2,20,21,1,4,31,46,22.0,31.0,9.0,15.0,6.0,11.0,608,479,530.0,410.0,288,300,242,110,22.0,19.0,2.0,7.0,4.02,0.63,2.93,0.35,1.08,0.28,4.02,0.63,6.04,0.13,3,1,6,5,1,1,1,0,2,2,1.9243,0.0722,2.0339,0.4559,0.0244,0.029,0.0341,0.0,0.0351,0.0689,11,6,0,0,2,1,0,2,0,0,2.9679,0.393,0.0,0.0,1.0838,0.0632,0.0,0.1698,0.0,0.0,13,9,13.26,13.88
4506899,2024-12-01,esp,2024/2025,LaLiga,15,Mario Melero López,8370,Rayo Vallecano,8315,Athletic Club,1,1,2,47,53,7,12,4,7,3,4,0,1,0,0,4,6,3,6,1,7,1,0,0,0,12,15,14,8,3,0,0,0,6,0,19,22,10,6,1,0,22,23,5,3,39,59,32.0,47.0,7.0,12.0,5.0,12.0,399,448,302.0,339.0,163,186,139,153,21.0,33.0,1.0,1.0,0.25,0.69,0.17,0.46,0.08,0.23,0.25,0.69,0.35,1.67,0,1,1,2,3,3,1,2,2,4,0.0,0.0524,0.0491,0.2231,0.1437,0.2509,0.0277,0.0779,0.0296,0.09,4,6,1,2,1,3,1,1,0,0,0.1371,0.187,0.0362,0.2772,0.0491,0.0983,0.0277,0.1317,0.0,0.0,7,12,21.17,19.98
4506899,2024-12-01,esp,2024/2025,LaLiga,15,Mario Melero López,8315,Athletic Club,8370,Rayo Vallecano,0,2,1,53,47,12,7,7,4,4,3,1,0,0,0,6,4,6,3,7,1,0,1,0,0,15,12,8,14,0,3,0,0,0,6,22,19,6,10,0,1,23,22,3,5,59,39,47.0,32.0,12.0,7.0,12.0,5.0,448,399,339.0,302.0,186,163,153,139,33.0,21.0,1.0,1.0,0.69,0.25,0.46,0.17,0.23,0.08,0.69,0.25,1.67,0.35,1,0,2,1,3,3,2,1,4,2,0.0524,0.0,0.2231,0.0491,0.2509,0.1437,0.0779,0.0277,0.09,0.0296,6,4,2,1,3,1,1,1,0,0,0.187,0.1371,0.2772,0.0362,0.0983,0.0491,0.1317,0.0277,0.0,0.0,12,7,19.98,21.17
4506901,2024-12-01,esp,2024/2025,LaLiga,15,Francisco José Hernández Maeso,8560,Real Sociedad,8603,Real Betis,1,2,0,41,59,2,7,1,2,1,4,0,1,0,0,2,4,0,3,0,4,1,0,0,0,3,19,28,10,3,2,0,0,5,1,29,22,7,11,1,0,16,14,2,0,66,65,46.0,55.0,20.0,10.0,7.0,7.0,360,524,268.0,429.0,143,225,125,204,33.0,16.0,0.0,5.0,0.79,0.4,0.0,0.09,0.0,0.31,0.0,0.4,0.8,0.04,0,0,1,4,1,0,0,2,0,1,0.0,0.0,0.7884,0.3227,0.0046,0.0,0.0,0.0623,0.0,0.0131,1,3,0,0,0,2,0,2,1,0,0.0046,0.0909,0.0,0.0,0.0,0.1291,0.0,0.1781,0.7884,0.0,2,7,13.02,15.77
4506901,2024-12-01,esp,2024/2025,LaLiga,15,Francisco José Hernández Maeso,8603,Real Betis,8560,Real Sociedad,0,0,2,59,41,7,2,2,1,4,1,1,0,0,0,4,2,3,0,4,0,0,1,0,0,19,3,10,28,2,3,0,0,1,5,22,29,11,7,0,1,14,16,0,2,65,66,55.0,46.0,10.0,20.0,7.0,7.0,524,360,429.0,268.0,225,143,204,125,16.0,33.0,5.0,0.0,0.4,0.79,0.09,0.0,0.31,0.0,0.4,0.0,0.04,0.8,0,0,4,1,0,1,2,0,1,0,0.0,0.0,0.3227,0.7884,0.0,0.0046,0.0623,0.0,0.0131,0.0,3,1,0,0,2,0,2,0,0,1,0.0909,0.0046,0.0,0.0,0.1291,0.0,0.1781,0.0,0.0,0.7884,7,2,15.77,13.02
4506902,2024-12-01,esp,2024/2025,LaLiga,15,Alejandro José Hernández Hernández,8633,Real Madrid,8305,Getafe,1,2,0,69,31,13,8,4,3,7,3,2,2,0,1,9,4,4,4,5,3,6,0,5,0,27,13,7,26,2,6,0,0,4,3,16,19,3,9,2,2,19,17,3,2,57,39,48.0,30.0,9.0,9.0,8.0,5.0,619,268,556.0,200.0,339,86,217,114,26.0,18.0,1.0,1.0,3.18,0.45,2.33,0.33,0.06,0.12,2.39,0.45,1.61,0.05,1,1,8,3,0,1,2,1,2,2,0.625,0.0755,2.3948,0.2972,0.0,0.0281,0.0858,0.015,0.0734,0.0383,9,6,2,0,1,2,0,0,1,0,1.6551,0.3447,0.677,0.0,0.0585,0.1093,0.0,0.0,0.7884,0.0,13,8,15.78,18.57
4506902,2024-12-01,esp,2024/2025,LaLiga,15,Alejandro José Hernández Hernández,8305,Getafe,8633,Real Madrid,0,0,2,31,69,8,13,3,4,3,7,2,2,1,0,4,9,4,4,3,5,0,6,0,5,13,27,26,7,6,2,0,0,3,4,19,16,9,3,2,2,17,19,2,3,39,57,30.0,48.0,9.0,9.0,5.0,8.0,268,619,200.0,556.0,86,339,114,217,18.0,26.0,1.0,1.0,0.45,3.18,0.33,2.33,0.12,0.06,0.45,2.39,0.05,1.61,1,1,3,8,1,0,1,2,2,2,0.0755,0.625,0.2972,2.3948,0.0281,0.0,0.015,0.0858,0.0383,0.0734,6,9,0,2,2,1,0,0,0,1,0.3447,1.6551,0.0,0.677,0.1093,0.0585,0.0,0.0,0.0,0.7884,8,13,18.57,15.78
4506903,2024-12-01,esp,2024/2025,LaLiga,15,Miguel Ángel Ortiz Arias,10205,Villarreal,7732,Girona,1,2,2,36,64,13,13,4,6,6,3,3,4,1,0,12,6,1,7,1,5,3,0,2,0,24,27,8,13,2,6,0,0,4,2,23,12,8,7,4,3,22,5,4,2,50,34,38.0,25.0,12.0,9.0,3.0,6.0,372,665,300.0,614.0,191,274,109,340,30.0,28.0,2.0,2.0,2.02,0.54,2.02,0.52,0.0,0.02,2.02,0.54,1.41,1.42,1,0,7,4,4,2,1,4,0,3,0.7525,0.0,1.0208,0.3376,0.1997,0.0573,0.131,0.0928,0.0,0.0597,10,12,3,0,0,1,0,0,0,0,1.8713,0.5244,0.2327,0.0,0.0,0.0229,0.0,0.0,0.0,0.0,13,13,13.47,20.66
4506903,2024-12-01,esp,2024/2025,LaLiga,15,Miguel Ángel Ortiz Arias,7732,Girona,10205,Villarreal,0,2,2,64,36,13,13,6,4,3,6,4,3,0,1,6,12,7,1,5,1,0,3,0,2,27,24,13,8,6,2,0,0,2,4,12,23,7,8,3,4,5,22,2,4,34,50,25.0,38.0,9.0,12.0,6.0,3.0,665,372,614.0,300.0,274,191,340,109,28.0,30.0,2.0,2.0,0.54,2.02,0.52,2.02,0.02,0.0,0.54,2.02,1.42,1.41,0,1,4,7,2,4,4,1,3,0,0.0,0.7525,0.3376,1.0208,0.0573,0.1997,0.0928,0.131,0.0597,0.0,12,10,0,3,1,0,0,0,0,0,0.5244,1.8713,0.0,0.2327,0.0229,0.0,0.0,0.0,0.0,0.0,13,13,20.66,13.47
4506904,2024-12-02,esp,2024/2025,LaLiga,15,Juan Martínez Munuera,8302,Sevilla,8371,Osasuna,1,1,1,65,35,12,7,5,3,5,2,2,2,0,0,6,6,6,1,5,1,3,2,2,1,25,10,11,15,1,1,0,0,5,1,10,16,6,13,2,2,23,31,2,4,45,47,28.0,32.0,17.0,15.0,5.0,5.0,478,256,396.0,171.0,215,95,181,76,18.0,12.0,6.0,3.0,1.34,0.75,1.27,0.75,0.07,0.0,1.34,0.75,1.69,0.5,0,0,4,6,2,0,1,1,5,0,0.0,0.0,0.7512,0.7314,0.4245,0.0,0.0434,0.0141,0.116,0.0,9,7,1,0,1,0,1,0,0,0,1.2302,0.7455,0.0368,0.0,0.0642,0.0,0.0039,0.0,0.0,0.0,12,7,20.03,15.17
4506904,2024-12-02,esp,2024/2025,LaLiga,15,Juan Martínez Munuera,8371,Osasuna,8302,Sevilla,0,1,1,35,65,7,12,3,5,2,5,2,2,0,0,6,6,1,6,1,5,2,3,1,2,10,25,15,11,1,1,0,0,1,5,16,10,13,6,2,2,31,23,4,2,47,45,32.0,28.0,15.0,17.0,5.0,5.0,256,478,171.0,396.0,95,215,76,181,12.0,18.0,3.0,6.0,0.75,1.34,0.75,1.27,0.0,0.07,0.75,1.34,0.5,1.69,0,0,6,4,0,2,1,1,0,5,0.0,0.0,0.7314,0.7512,0.0,0.4245,0.0141,0.0434,0.0,0.116,7,9,0,1,0,1,0,1,0,0,0.7455,1.2302,0.0,0.0368,0.0,0.0642,0.0,0.0039,0.0,0.0,7,12,15.17,20.03
4506941,2024-12-03,esp,2024/2025,LaLiga,19,Jesús Gil Manzano,8661,Mallorca,8634,Barcelona,1,1,5,40,60,6,20,1,9,2,7,3,4,0,0,5,15,1,5,2,5,1,9,0,4,14,39,13,13,4,3,0,0,11,0,14,12,9,6,4,3,15,19,4,0,37,44,30.0,33.0,7.0,11.0,3.0,8.0,317,501,239.0,416.0,127,240,112,176,34.0,32.0,2.0,4.0,0.92,5.09,0.92,4.06,0.0,0.24,0.92,4.3,0.99,5.23,1,2,3,13,1,0,0,5,1,0,0.7085,1.1318,0.1761,3.6737,0.0338,0.0,0.0,0.2807,0.0241,0.0,5,10,1,5,0,2,0,2,0,1,0.2341,1.5977,0.7085,2.4619,0.0,0.073,0.0,0.1652,0.0,0.7884,6,20,15.3,14.91
4506941,2024-12-03,esp,2024/2025,LaLiga,19,Jesús Gil Manzano,8634,Barcelona,8661,Mallorca,0,5,1,60,40,20,6,9,1,7,2,4,3,0,0,15,5,5,1,5,2,9,1,4,0,39,14,13,13,3,4,0,0,0,11,12,14,6,9,3,4,19,15,0,4,44,37,33.0,30.0,11.0,7.0,8.0,3.0,501,317,416.0,239.0,240,127,176,112,32.0,34.0,4.0,2.0,5.09,0.92,4.06,0.92,0.24,0.0,4.3,0.92,5.23,0.99,2,1,13,3,0,1,5,0,0,1,1.1318,0.7085,3.6737,0.1761,0.0,0.0338,0.2807,0.0,0.0,0.0241,10,5,5,1,2,0,2,0,1,0,1.5977,0.2341,2.4619,0.7085,0.073,0.0,0.1652,0.0,0.7884,0.0,20,6,14.91,15.3
4506935,2024-12-04,esp,2024/2025,LaLiga,19,José María Sánchez Martínez,8315,Athletic Club,8633,Real Madrid,1,2,1,37,63,9,10,3,5,1,2,5,3,0,0,8,8,1,2,5,2,3,3,1,2,21,19,21,9,3,3,0,0,4,3,12,19,11,7,3,4,21,28,4,1,29,59,23.0,48.0,6.0,11.0,2.0,9.0,341,618,272.0,537.0,145,343,127,194,20.0,23.0,2.0,2.0,1.81,1.82,1.8,0.94,0.01,0.09,1.81,1.03,1.61,1.48,1,0,2,5,5,3,1,0,0,2,0.8992,0.0,0.6416,1.7036,0.263,0.1008,0.0086,0.0,0.0,0.0308,7,7,1,0,0,1,1,1,0,1,1.7447,0.9547,0.0591,0.0,0.0,0.085,0.0086,0.007,0.0,0.7884,9,10,14.91,15.75
4506935,2024-12-04,esp,2024/2025,LaLiga,19,José María Sánchez Martínez,8633,Real Madrid,8315,Athletic Club,0,1,2,63,37,10,9,5,3,2,1,3,5,0,0,8,8,2,1,2,5,3,3,2,1,19,21,9,21,3,3,0,0,3,4,19,12,7,11,4,3,28,21,1,4,59,29,48.0,23.0,11.0,6.0,9.0,2.0,618,341,537.0,272.0,343,145,194,127,23.0,20.0,2.0,2.0,1.82,1.81,0.94,1.8,0.09,0.01,1.03,1.81,1.48,1.61,0,1,5,2,3,5,0,1,2,0,0.0,0.8992,1.7036,0.6416,0.1008,0.263,0.0,0.0086,0.0308,0.0,7,7,0,1,1,0,1,1,1,0,0.9547,1.7447,0.0,0.0591,0.085,0.0,0.007,0.0086,0.7884,0.0,10,9,15.75,14.91
4506907,2024-12-06,esp,2024/2025,LaLiga,16,Ricardo De Burgos Bengoetxea,9910,Celta Vigo,8661,Mallorca,1,2,0,50,50,12,9,5,4,6,3,1,2,0,0,4,7,8,2,3,3,2,2,2,2,24,13,9,12,1,0,0,1,0,3,20,11,8,17,2,1,21,13,4,3,54,48,37.0,25.0,17.0,23.0,6.0,6.0,511,501,429.0,426.0,215,236,214,190,21.0,21.0,2.0,6.0,0.89,0.84,0.8,0.37,0.08,0.48,0.89,0.84,0.4,1.85,0,0,3,7,1,0,2,1,6,1,0.0,0.0,0.3214,0.7806,0.0231,0.0,0.4149,0.0477,0.1277,0.0166,8,6,1,0,1,2,2,1,0,0,0.4569,0.3671,0.3453,0.0,0.0077,0.0685,0.0772,0.4093,0.0,0.0,12,9,23.55,11.99
4506907,2024-12-06,esp,2024/2025,LaLiga,16,Ricardo De Burgos Bengoetxea,8661,Mallorca,9910,Celta Vigo,0,0,2,50,50,9,12,4,5,3,6,2,1,0,0,7,4,2,8,3,3,2,2,2,2,13,24,12,9,0,1,1,0,3,0,11,20,17,8,1,2,13,21,3,4,48,54,25.0,37.0,23.0,17.0,6.0,6.0,501,511,426.0,429.0,236,215,190,214,21.0,21.0,6.0,2.0,0.84,0.89,0.37,0.8,0.48,0.08,0.84,0.89,1.85,0.4,0,0,7,3,0,1,1,2,1,6,0.0,0.0,0.7806,0.3214,0.0,0.0231,0.0477,0.4149,0.0166,0.1277,6,8,0,1,2,1,1,2,0,0,0.3671,0.4569,0.0,0.3453,0.0685,0.0077,0.4093,0.0772,0.0,0.0,9,12,11.99,23.55
4506908,2024-12-07,esp,2024/2025,LaLiga,16,Jesús Gil Manzano,7732,Girona,8633,Real Madrid,1,0,3,42,58,10,10,4,7,5,1,1,2,0,0,6,6,4,4,6,3,0,2,0,1,17,16,6,7,3,2,0,0,1,1,11,9,3,6,2,1,13,20,4,4,21,23,0,0,0.0,2.0,4.0,6.0,468,675,421.0,626.0,235,256,186,370,22.0,24.0,1.0,0.0,0.35,0.92,0.31,0.58,0.04,0.34,0.35,0.92,0.18,1.59,0,0,0,4,6,3,3,3,1,0,0.0,0.0,0.0,0.594,0.2314,0.2395,0.0869,0.0885,0.0339,0.0,9,9,0,0,1,0,0,1,0,0,0.3133,0.5815,0.0,0.0,0.0389,0.0,0.0,0.3405,0.0,0.0,10,10,20.02,18.31
4506908,2024-12-07,esp,2024/2025,LaLiga,16,Jesús Gil Manzano,8633,Real Madrid,7732,Girona,0,3,0,58,42,10,10,7,4,1,5,2,1,0,0,6,6,4,4,3,6,2,0,1,0,16,17,7,6,2,3,0,0,1,1,9,11,6,3,1,2,20,13,4,4,23,21,0,0,2.0,0.0,6.0,4.0,675,468,626.0,421.0,256,235,370,186,24.0,22.0,0.0,1.0,0.92,0.35,0.58,0.31,0.34,0.04,0.92,0.35,1.59,0.18,0,0,4,0,3,6,3,3,0,1,0.0,0.0,0.594,0.0,0.2395,0.2314,0.0885,0.0869,0.0,0.0339,9,9,0,0,0,1,1,0,0,0,0.5815,0.3133,0.0,0.0,0.0,0.0389,0.3405,0.0,0.0,0.0,10,10,18.31,20.02
4506909,2024-12-07,esp,2024/2025,LaLiga,16,Isidro Díaz de Mera Escuderos,8306,Las Palmas,10281,Real Valladolid,1,2,1,58,42,11,9,5,2,4,4,2,3,0,0,5,5,6,4,3,3,2,2,1,1,18,13,17,13,4,2,0,0,0,3,15,17,8,11,3,2,23,15,1,3,50,62,31.0,37.0,19.0,25.0,5.0,6.0,510,357,433.0,281.0,263,189,170,92,22.0,27.0,1.0,5.0,1.1,1.41,1.02,1.1,0.08,0.31,1.1,1.41,2.19,1.25,0,1,4,3,1,1,4,3,2,1,0.0,0.5849,0.7895,0.491,0.031,0.058,0.197,0.1451,0.0786,0.0338,7,6,2,0,0,0,2,3,0,0,0.9137,1.1661,0.1039,0.0,0.0,0.0,0.0786,0.1466,0.0,0.0,11,9,19.9,16.97
4506909,2024-12-07,esp,2024/2025,LaLiga,16,Isidro Díaz de Mera Escuderos,10281,Real Valladolid,8306,Las Palmas,0,1,2,42,58,9,11,2,5,4,4,3,2,0,0,5,5,4,6,3,3,2,2,1,1,13,18,13,17,2,4,0,0,3,0,17,15,11,8,2,3,15,23,3,1,62,50,37.0,31.0,25.0,19.0,6.0,5.0,357,510,281.0,433.0,189,263,92,170,27.0,22.0,5.0,1.0,1.41,1.1,1.1,1.02,0.31,0.08,1.41,1.1,1.25,2.19,1,0,3,4,1,1,3,4,1,2,0.5849,0.0,0.491,0.7895,0.058,0.031,0.1451,0.197,0.0338,0.0786,6,7,0,2,0,0,3,2,0,0,1.1661,0.9137,0.0,0.1039,0.0,0.0,0.1466,0.0786,0.0,0.0,9,11,16.97,19.9
4506911,2024-12-07,esp,2024/2025,LaLiga,16,Alejandro Muñíz Ruiz,8603,Real Betis,8634,Barcelona,1,2,2,38,62,12,9,6,3,6,5,0,1,0,0,8,7,4,2,6,4,5,3,4,1,23,20,15,14,1,2,0,0,0,4,21,13,10,3,1,1,20,19,2,3,52,50,41.0,40.0,11.0,10.0,7.0,12.0,312,521,230.0,447.0,146,272,84,175,30.0,14.0,8.0,2.0,3.15,1.92,0.96,1.85,1.4,0.07,2.36,1.92,2.75,1.69,3,2,5,4,0,1,3,2,1,0,1.2061,0.9904,1.8034,0.8554,0.0,0.0228,0.095,0.0502,0.0423,0.0,6,7,0,0,1,1,4,1,1,0,0.9599,1.8509,0.0,0.0,0.1097,0.0453,1.2888,0.0227,0.7884,0.0,12,9,17.27,13.78
4506911,2024-12-07,esp,2024/2025,LaLiga,16,Alejandro Muñíz Ruiz,8634,Barcelona,8603,Real Betis,0,2,2,62,38,9,12,3,6,5,6,1,0,0,0,7,8,2,4,4,6,3,5,1,4,20,23,14,15,2,1,0,0,4,0,13,21,3,10,1,1,19,20,3,2,50,52,40.0,41.0,10.0,11.0,12.0,7.0,521,312,447.0,230.0,272,146,175,84,14.0,30.0,2.0,8.0,1.92,3.15,1.85,0.96,0.07,1.4,1.92,2.36,1.69,2.75,2,3,4,5,1,0,2,3,0,1,0.9904,1.2061,0.8554,1.8034,0.0228,0.0,0.0502,0.095,0.0,0.0423,7,6,0,0,1,1,1,4,0,1,1.8509,0.9599,0.0,0.0,0.0453,0.1097,0.0227,1.2888,0.0,0.7884,9,12,13.78,17.27
4506912,2024-12-07,esp,2024/2025,LaLiga,16,José Luis Munuera Montero,10267,Valencia,8370,Rayo Vallecano,1,0,1,61,39,14,6,6,1,6,4,2,1,0,0,10,4,4,2,9,4,2,2,2,1,29,8,5,12,2,2,0,0,2,3,9,20,14,13,1,3,21,44,0,5,49,47,32.0,34.0,17.0,13.0,12.0,9.0,462,311,379.0,208.0,184,139,195,69,27.0,19.0,9.0,3.0,1.27,0.9,0.42,0.71,0.86,0.2,1.27,0.9,0.68,0.73,1,0,7,4,2,0,3,1,1,1,0.5619,0.0,0.5196,0.8485,0.0781,0.0,0.1012,0.0202,0.0122,0.0328,8,5,0,0,6,1,0,0,0,0,0.4156,0.7977,0.0,0.0,0.8574,0.1037,0.0,0.0,0.0,0.0,14,6,14.92,14.52
4506912,2024-12-07,esp,2024/2025,LaLiga,16,José Luis Munuera Montero,8370,Rayo Vallecano,10267,Valencia,0,1,0,39,61,6,14,1,6,4,6,1,2,0,0,4,10,2,4,4,9,2,2,1,2,8,29,12,5,2,2,0,0,3,2,20,9,13,14,3,1,44,21,5,0,47,49,34.0,32.0,13.0,17.0,9.0,12.0,311,462,208.0,379.0,139,184,69,195,19.0,27.0,3.0,9.0,0.9,1.27,0.71,0.42,0.2,0.86,0.9,1.27,0.73,0.68,0,1,4,7,0,2,1,3,1,1,0.0,0.5619,0.8485,0.5196,0.0,0.0781,0.0202,0.1012,0.0328,0.0122,5,8,0,0,1,6,0,0,0,0,0.7977,0.4156,0.0,0.0,0.1037,0.8574,0.0,0.0,0.0,0.0,6,14,14.52,14.92
4506905,2024-12-08,esp,2024/2025,LaLiga,16,Víctor García Verdura,8315,Athletic Club,10205,Villarreal,1,2,0,42,58,12,11,4,1,6,7,2,3,0,0,7,7,5,4,3,3,2,1,1,1,19,23,15,10,2,1,0,0,1,2,16,21,11,10,3,2,17,20,1,2,41,52,31.0,43.0,10.0,9.0,5.0,7.0,392,555,320.0,467.0,176,313,144,154,28.0,20.0,3.0,7.0,1.17,0.53,0.91,0.48,0.25,0.05,1.17,0.53,1.24,0.0,1,0,4,5,2,2,3,2,2,2,0.2206,0.0,0.7249,0.6474,0.1068,0.0497,0.0729,0.0491,0.0399,0.0314,8,8,1,0,2,2,1,1,0,0,0.8421,0.7281,0.0702,0.0,0.2374,0.0306,0.0154,0.0189,0.0,0.0,12,11,18.46,17.96
4506905,2024-12-08,esp,2024/2025,LaLiga,16,Víctor García Verdura,10205,Villarreal,8315,Athletic Club,0,0,2,58,42,11,12,1,4,7,6,3,2,0,0,7,7,4,5,3,3,1,2,1,1,23,19,10,15,1,2,0,0,2,1,21,16,10,11,2,3,20,17,2,1,52,41,43.0,31.0,9.0,10.0,7.0,5.0,555,392,467.0,320.0,313,176,154,144,20.0,28.0,7.0,3.0,0.53,1.17,0.48,0.91,0.05,0.25,0.53,1.17,0.0,1.24,0,1,5,4,2,2,2,3,2,2,0.0,0.2206,0.6474,0.7249,0.0497,0.1068,0.0491,0.0729,0.0314,0.0399,8,8,0,1,2,2,1,1,0,0,0.7281,0.8421,0.0,0.0702,0.0306,0.2374,0.0189,0.0154,0.0,0.0,11,12,17.96,18.46
4506906,2024-12-08,esp,2024/2025,LaLiga,16,Javier Alberola Rojas,9906,Atletico Madrid,8302,Sevilla,1,4,3,57,43,14,4,9,3,4,1,1,0,1,0,10,3,4,1,5,3,5,2,4,0,32,10,11,8,4,3,0,0,1,0,18,16,6,12,0,1,12,33,0,5,50,49,37.0,36.0,13.0,13.0,12.0,9.0,666,514,566.0,422.0,265,276,301,146,15.0,19.0,8.0,1.0,2.04,0.39,2.04,0.34,0.0,0.05,2.04,0.39,2.56,1.36,1,1,6,0,3,2,2,1,2,0,0.6576,0.1762,1.1146,0.0,0.1818,0.2462,0.0361,0.0163,0.0517,0.0,14,2,0,1,0,1,0,0,0,0,2.0417,0.1925,0.0,0.1944,0.0,0.0518,0.0,0.0,0.0,0.0,14,4,15.98,17.45
4506906,2024-12-08,esp,2024/2025,LaLiga,16,Javier Alberola Rojas,8302,Sevilla,9906,Atletico Madrid,0,3,4,43,57,4,14,3,9,1,4,0,1,0,1,3,10,1,4,3,5,2,5,0,4,10,32,8,11,3,4,0,0,0,1,16,18,12,6,1,0,33,12,5,0,49,50,36.0,37.0,13.0,13.0,9.0,12.0,514,666,422.0,566.0,276,265,146,301,19.0,15.0,1.0,8.0,0.39,2.04,0.34,2.04,0.05,0.0,0.39,2.04,1.36,2.56,1,1,0,6,2,3,1,2,0,2,0.1762,0.6576,0.0,1.1146,0.2462,0.1818,0.0163,0.0361,0.0,0.0517,2,14,1,0,1,0,0,0,0,0,0.1925,2.0417,0.1944,0.0,0.0518,0.0,0.0,0.0,0.0,0.0,4,14,17.45,15.98
4506910,2024-12-08,esp,2024/2025,LaLiga,16,Pablo González Fuertes,7854,Leganes,8560,Real Sociedad,1,0,3,56,44,11,15,2,5,6,3,3,7,0,0,5,10,6,5,5,3,1,2,1,1,10,23,12,15,2,2,0,0,5,1,11,29,10,11,7,3,21,28,2,2,54,62,38.0,44.0,16.0,18.0,12.0,5.0,424,335,317.0,252.0,200,110,117,142,23.0,22.0,7.0,4.0,0.64,1.81,0.5,1.69,0.15,0.12,0.64,1.81,0.65,2.12,0,1,5,7,0,2,4,3,2,2,0.0,0.0591,0.4317,1.5884,0.0,0.0752,0.1688,0.0368,0.051,0.05,8,8,0,2,2,4,1,1,0,0,0.5038,0.8703,0.0,0.8155,0.1216,0.0723,0.0261,0.0515,0.0,0.0,11,15,20.47,18.09
4506910,2024-12-08,esp,2024/2025,LaLiga,16,Pablo González Fuertes,8560,Real Sociedad,7854,Leganes,0,3,0,44,56,15,11,5,2,3,6,7,3,0,0,10,5,5,6,3,5,2,1,1,1,23,10,15,12,2,2,0,0,1,5,29,11,11,10,3,7,28,21,2,2,62,54,44.0,38.0,18.0,16.0,5.0,12.0,335,424,252.0,317.0,110,200,142,117,22.0,23.0,4.0,7.0,1.81,0.64,1.69,0.5,0.12,0.15,1.81,0.64,2.12,0.65,1,0,7,5,2,0,3,4,2,2,0.0591,0.0,1.5884,0.4317,0.0752,0.0,0.0368,0.1688,0.05,0.051,8,8,2,0,4,2,1,1,0,0,0.8703,0.5038,0.8155,0.0,0.0723,0.1216,0.0515,0.0261,0.0,0.0,15,11,18.09,20.47
4506913,2024-12-08,esp,2024/2025,LaLiga,16,César Soto Grado,8371,Osasuna,9866,Deportivo Alaves,1,2,2,60,40,16,6,8,3,5,2,3,1,0,0,11,4,5,2,8,3,4,3,3,1,28,6,13,14,5,3,0,0,4,3,9,19,3,7,1,3,12,37,1,6,52,48,32.0,34.0,20.0,14.0,10.0,3.0,472,325,391.0,241.0,178,139,213,102,33.0,28.0,8.0,3.0,1.96,1.54,0.85,1.4,1.11,0.14,1.96,1.54,2.36,1.93,4,1,5,2,2,1,4,2,1,0,1.1022,0.6421,0.463,0.505,0.0578,0.0175,0.3194,0.1508,0.0148,0.0,8,4,1,0,5,1,2,1,0,0,0.5068,1.1798,0.3391,0.0,0.8486,0.0175,0.2626,0.1182,0.0,0.0,16,6,15.3,14.17
4506913,2024-12-08,esp,2024/2025,LaLiga,16,César Soto Grado,9866,Deportivo Alaves,8371,Osasuna,0,2,2,40,60,6,16,3,8,2,5,1,3,0,0,4,11,2,5,3,8,3,4,1,3,6,28,14,13,3,5,0,0,3,4,19,9,7,3,3,1,37,12,6,1,48,52,34.0,32.0,14.0,20.0,3.0,10.0,325,472,241.0,391.0,139,178,102,213,28.0,33.0,3.0,8.0,1.54,1.96,1.4,0.85,0.14,1.11,1.54,1.96,1.93,2.36,1,4,2,5,1,2,2,4,0,1,0.6421,1.1022,0.505,0.463,0.0175,0.0578,0.1508,0.3194,0.0,0.0148,4,8,0,1,1,5,1,2,0,0,1.1798,0.5068,0.0,0.3391,0.0175,0.8486,0.1182,0.2626,0.0,0.0,6,16,14.17,15.3
4506914,2024-12-09,esp,2024/2025,LaLiga,16,Mateo Busquets Ferrer,8305,Getafe,8558,Espanyol,1,1,0,42,58,15,9,6,1,7,5,2,3,1,0,7,6,8,3,3,3,0,2,0,2,16,23,14,15,3,6,0,0,1,1,13,17,12,9,3,2,19,30,1,5,56,53,36.0,35.0,20.0,18.0,8.0,5.0,313,436,228.0,324.0,101,208,127,116,26.0,19.0,4.0,7.0,0.39,0.79,0.33,0.21,0.05,0.58,0.39,0.79,0.91,0.05,1,0,1,6,5,0,5,2,3,1,0.0225,0.0,0.0302,0.4655,0.1527,0.0,0.1209,0.2035,0.0614,0.0082,12,4,0,0,1,1,2,4,0,0,0.3338,0.1732,0.0,0.0,0.0225,0.0966,0.0314,0.4073,0.0,0.0,15,9,21.31,14.29
4506914,2024-12-09,esp,2024/2025,LaLiga,16,Mateo Busquets Ferrer,8558,Espanyol,8305,Getafe,0,0,1,58,42,9,15,1,6,5,7,3,2,0,1,6,7,3,8,3,3,2,0,2,0,23,16,15,14,6,3,0,0,1,1,17,13,9,12,2,3,30,19,5,1,53,56,35.0,36.0,18.0,20.0,5.0,8.0,436,313,324.0,228.0,208,101,116,127,19.0,26.0,7.0,4.0,0.79,0.39,0.21,0.33,0.58,0.05,0.79,0.39,0.05,0.91,0,1,6,1,0,5,2,5,1,3,0.0,0.0225,0.4655,0.0302,0.0,0.1527,0.2035,0.1209,0.0082,0.0614,4,12,0,0,1,1,4,2,0,0,0.1732,0.3338,0.0,0.0,0.0966,0.0225,0.4073,0.0314,0.0,0.0,9,15,14.29,21.31
4506923,2024-12-13,esp,2024/2025,LaLiga,17,Miguel Ángel Ortiz Arias,10281,Real Valladolid,10267,Valencia,1,1,0,33,67,2,14,1,2,1,4,0,8,0,0,1,9,1,5,1,7,2,0,1,0,4,24,10,10,4,2,1,0,4,1,24,11,6,7,9,0,58,12,1,0,61,39,38.0,24.0,23.0,15.0,5.0,4.0,277,521,208.0,459.0,142,174,66,285,20.0,23.0,1.0,7.0,0.55,0.85,0.55,0.72,0.0,0.13,0.55,0.85,0.41,0.03,0,1,1,6,0,2,0,4,1,1,0.0,0.0727,0.3141,0.5535,0.0,0.0957,0.0,0.1143,0.2458,0.014,1,11,1,1,0,0,0,2,0,0,0.3141,0.6798,0.2458,0.0382,0.0,0.0,0.0,0.1322,0.0,0.0,2,14,32.91,16.72
4506923,2024-12-13,esp,2024/2025,LaLiga,17,Miguel Ángel Ortiz Arias,10267,Valencia,10281,Real Valladolid,0,0,1,67,33,14,2,2,1,4,1,8,0,0,0,9,1,5,1,7,1,0,2,0,1,24,4,10,10,2,4,0,1,1,4,11,24,7,6,0,9,12,58,0,1,39,61,24.0,38.0,15.0,23.0,4.0,5.0,521,277,459.0,208.0,174,142,285,66,23.0,20.0,7.0,1.0,0.85,0.55,0.72,0.55,0.13,0.0,0.85,0.55,0.03,0.41,1,0,6,1,2,0,4,0,1,1,0.0727,0.0,0.5535,0.3141,0.0957,0.0,0.1143,0.0,0.014,0.2458,11,1,1,1,0,0,2,0,0,0,0.6798,0.3141,0.0382,0.2458,0.0,0.0,0.1322,0.0,0.0,0.0,14,2,16.72,32.91
4506917,2024-12-14,esp,2024/2025,LaLiga,17,Juan Martínez Munuera,8370,Rayo Vallecano,8633,Real Madrid,1,3,3,34,66,14,13,5,6,5,5,4,2,0,0,6,7,8,6,4,3,2,3,0,2,20,25,18,8,4,2,0,0,0,1,24,14,7,14,2,2,27,18,3,2,45,49,37.0,42.0,8.0,7.0,7.0,11.0,313,624,237.0,551.0,122,272,115,279,22.0,37.0,2.0,4.0,1.62,0.69,0.76,0.65,0.87,0.04,1.62,0.69,2.2,1.46,2,0,3,5,1,2,4,4,4,2,0.6495,0.0,0.6472,0.4883,0.0457,0.051,0.1834,0.0923,0.0991,0.0613,6,11,0,0,2,1,6,1,0,0,0.7576,0.6495,0.0,0.0,0.2308,0.0287,0.6366,0.0145,0.0,0.0,14,13,19.42,20.25
4506917,2024-12-14,esp,2024/2025,LaLiga,17,Juan Martínez Munuera,8633,Real Madrid,8370,Rayo Vallecano,0,3,3,66,34,13,14,6,5,5,5,2,4,0,0,7,6,6,8,3,4,3,2,2,0,25,20,8,18,2,4,0,0,1,0,14,24,14,7,2,2,18,27,2,3,49,45,42.0,37.0,7.0,8.0,11.0,7.0,624,313,551.0,237.0,272,122,279,115,37.0,22.0,4.0,2.0,0.69,1.62,0.65,0.76,0.04,0.87,0.69,1.62,1.46,2.2,0,2,5,3,2,1,4,4,2,4,0.0,0.6495,0.4883,0.6472,0.051,0.0457,0.0923,0.1834,0.0613,0.0991,11,6,0,0,1,2,1,6,0,0,0.6495,0.7576,0.0,0.0,0.0287,0.2308,0.0145,0.6366,0.0,0.0,13,14,20.25,19.42
4506919,2024-12-14,esp,2024/2025,LaLiga,17,Adrián Cordero Vega,8558,Espanyol,8371,Osasuna,1,0,0,42,58,9,6,3,0,4,5,2,1,0,0,4,3,5,3,5,4,0,0,0,0,13,16,13,13,3,1,0,0,5,0,13,11,6,8,1,2,17,31,0,3,45,42,33.0,30.0,12.0,12.0,8.0,8.0,344,502,276.0,426.0,151,240,125,186,20.0,25.0,4.0,2.0,0.32,0.29,0.22,0.22,0.1,0.06,0.32,0.29,0.54,0.0,1,0,2,1,1,2,3,3,2,0,0.0695,0.0,0.1412,0.1257,0.0402,0.0886,0.0327,0.0712,0.0399,0.0,5,5,0,1,3,0,1,0,0,0,0.2213,0.2794,0.0,0.0062,0.0891,0.0,0.0131,0.0,0.0,0.0,9,6,22.23,26.79
4506919,2024-12-14,esp,2024/2025,LaLiga,17,Adrián Cordero Vega,8371,Osasuna,8558,Espanyol,0,0,0,58,42,6,9,0,3,5,4,1,2,0,0,3,4,3,5,4,5,0,0,0,0,16,13,13,13,1,3,0,0,0,5,11,13,8,6,2,1,31,17,3,0,42,45,30.0,33.0,12.0,12.0,8.0,8.0,502,344,426.0,276.0,240,151,186,125,25.0,20.0,2.0,4.0,0.29,0.32,0.22,0.22,0.06,0.1,0.29,0.32,0.0,0.54,0,1,1,2,2,1,3,3,0,2,0.0,0.0695,0.1257,0.1412,0.0886,0.0402,0.0712,0.0327,0.0,0.0399,5,5,1,0,0,3,0,1,0,0,0.2794,0.2213,0.0062,0.0,0.0,0.0891,0.0,0.0131,0.0,0.0,6,9,26.79,22.23
4506921,2024-12-14,esp,2024/2025,LaLiga,17,Jesús Gil Manzano,8302,Sevilla,9910,Celta Vigo,1,1,0,45,55,8,10,3,2,5,7,0,1,0,2,2,8,6,2,3,4,0,2,0,2,12,20,12,9,7,3,0,0,3,4,19,12,16,10,1,0,25,20,2,2,43,38,32.0,32.0,11.0,6.0,5.0,8.0,424,514,342.0,435.0,223,232,119,203,29.0,23.0,1.0,3.0,0.58,1.17,0.49,1.14,0.09,0.03,0.58,1.17,0.82,1.09,0,0,2,5,0,3,5,2,1,0,0.0,0.0,0.3821,1.0117,0.0,0.1736,0.2606,0.0586,0.0208,0.0,4,9,2,0,2,1,0,0,0,0,0.2295,1.2185,0.3531,0.0,0.0809,0.0254,0.0,0.0,0.0,0.0,8,10,20.37,16.53
4506921,2024-12-14,esp,2024/2025,LaLiga,17,Jesús Gil Manzano,9910,Celta Vigo,8302,Sevilla,0,0,1,55,45,10,8,2,3,7,5,1,0,2,0,8,2,2,6,4,3,2,0,2,0,20,12,9,12,3,7,0,0,4,3,12,19,10,16,0,1,20,25,2,2,38,43,32.0,32.0,6.0,11.0,8.0,5.0,514,424,435.0,342.0,232,223,203,119,23.0,29.0,3.0,1.0,1.17,0.58,1.14,0.49,0.03,0.09,1.17,0.58,1.09,0.82,0,0,5,2,3,0,2,5,0,1,0.0,0.0,1.0117,0.3821,0.1736,0.0,0.0586,0.2606,0.0,0.0208,9,4,0,2,1,2,0,0,0,0,1.2185,0.2295,0.0,0.3531,0.0254,0.0809,0.0,0.0,0.0,0.0,10,8,16.53,20.37
4506922,2024-12-14,esp,2024/2025,LaLiga,17,Francisco José Hernández Maeso,8661,Mallorca,7732,Girona,1,2,1,31,69,8,13,2,1,5,5,1,7,0,0,6,8,2,5,2,4,4,1,2,1,16,28,10,14,5,2,1,0,1,1,10,14,8,2,6,1,29,12,0,0,40,31,30.0,25.0,10.0,6.0,6.0,2.0,289,625,233.0,579.0,130,195,103,384,24.0,28.0,4.0,4.0,1.14,0.82,1.14,0.76,0.0,0.06,1.14,0.82,1.52,0.87,1,1,5,5,0,2,1,4,1,1,0.4752,0.1871,0.6513,0.3749,0.0,0.1032,0.0799,0.1306,0.0151,0.0248,6,11,2,0,0,2,0,0,0,0,0.8437,0.7577,0.3778,0.0,0.0,0.0629,0.0,0.0,0.0,0.0,8,13,14.47,17.11
4506922,2024-12-14,esp,2024/2025,LaLiga,17,Francisco José Hernández Maeso,7732,Girona,8661,Mallorca,0,1,2,69,31,13,8,1,2,5,5,7,1,0,0,8,6,5,2,4,2,1,4,1,2,28,16,14,10,2,5,0,1,1,1,14,10,2,8,1,6,12,29,0,0,31,40,25.0,30.0,6.0,10.0,2.0,6.0,625,289,579.0,233.0,195,130,384,103,28.0,24.0,4.0,4.0,0.82,1.14,0.76,1.14,0.06,0.0,0.82,1.14,0.87,1.52,1,1,5,5,2,0,4,1,1,1,0.1871,0.4752,0.3749,0.6513,0.1032,0.0,0.1306,0.0799,0.0248,0.0151,11,6,0,2,2,0,0,0,0,0,0.7577,0.8437,0.0,0.3778,0.0629,0.0,0.0,0.0,0.0,0.0,13,8,17.11,14.47
4506915,2024-12-15,esp,2024/2025,LaLiga,17,César Soto Grado,9906,Atletico Madrid,8305,Getafe,1,1,0,57,43,11,7,3,1,6,3,2,3,0,0,10,3,1,4,8,3,3,0,3,0,17,9,13,15,3,1,0,0,1,0,24,23,11,16,3,2,24,29,1,2,68,57,50.0,40.0,18.0,17.0,13.0,5.0,489,374,400.0,279.0,196,125,204,154,21.0,34.0,7.0,1.0,1.67,0.21,1.63,0.13,0.04,0.08,1.67,0.21,1.15,0.02,1,0,6,1,3,2,1,2,0,2,0.5013,0.0,1.013,0.0321,0.1418,0.0615,0.0168,0.0577,0.0,0.061,8,5,2,0,1,1,0,1,0,0,1.5126,0.1307,0.1195,0.0,0.0408,0.0321,0.0,0.0495,0.0,0.0,11,7,14.87,21.11
4506915,2024-12-15,esp,2024/2025,LaLiga,17,César Soto Grado,8305,Getafe,9906,Atletico Madrid,0,0,1,43,57,7,11,1,3,3,6,3,2,0,0,3,10,4,1,3,8,0,3,0,3,9,17,15,13,1,3,0,0,0,1,23,24,16,11,2,3,29,24,2,1,57,68,40.0,50.0,17.0,18.0,5.0,13.0,374,489,279.0,400.0,125,196,154,204,34.0,21.0,1.0,7.0,0.21,1.67,0.13,1.63,0.08,0.04,0.21,1.67,0.02,1.15,0,1,1,6,2,3,2,1,2,0,0.0,0.5013,0.0321,1.013,0.0615,0.1418,0.0577,0.0168,0.061,0.0,5,8,0,2,1,1,1,0,0,0,0.1307,1.5126,0.0,0.1195,0.0321,0.0408,0.0495,0.0,0.0,0.0,7,11,21.11,14.87
4506916,2024-12-15,esp,2024/2025,LaLiga,17,Alejandro Quintero González,8634,Barcelona,7854,Leganes,1,0,1,80,20,20,6,4,4,11,1,5,1,1,0,15,3,5,3,8,2,3,2,3,1,51,6,5,13,0,2,0,0,3,1,15,15,5,12,1,6,9,54,3,3,53,36,41.0,24.0,12.0,12.0,15.0,5.0,778,204,690.0,117.0,179,57,511,60,18.0,27.0,7.0,1.0,2.63,0.4,2.44,0.31,0.19,0.08,2.63,0.4,2.25,0.47,1,0,11,2,3,1,4,1,1,2,0.6588,0.0,1.5572,0.2772,0.2274,0.025,0.178,0.0591,0.0103,0.0294,17,2,0,2,1,2,2,0,0,0,2.4425,0.1948,0.0,0.0841,0.0155,0.1118,0.1736,0.0,0.0,0.0,20,6,15.58,19.33
4506916,2024-12-15,esp,2024/2025,LaLiga,17,Alejandro Quintero González,7854,Leganes,8634,Barcelona,0,1,0,20,80,6,20,4,4,1,11,1,5,0,1,3,15,3,5,2,8,2,3,1,3,6,51,13,5,2,0,0,0,1,3,15,15,12,5,6,1,54,9,3,3,36,53,24.0,41.0,12.0,12.0,5.0,15.0,204,778,117.0,690.0,57,179,60,511,27.0,18.0,1.0,7.0,0.4,2.63,0.31,2.44,0.08,0.19,0.4,2.63,0.47,2.25,0,1,2,11,1,3,1,4,2,1,0.0,0.6588,0.2772,1.5572,0.025,0.2274,0.0591,0.178,0.0294,0.0103,2,17,2,0,2,1,0,2,0,0,0.1948,2.4425,0.0841,0.0,0.1118,0.0155,0.0,0.1736,0.0,0.0,6,20,19.33,15.58
4506918,2024-12-15,esp,2024/2025,LaLiga,17,José María Sánchez Martínez,9866,Deportivo Alaves,8315,Athletic Club,1,1,1,52,48,6,9,3,2,2,7,1,0,0,0,3,5,3,4,2,4,1,1,0,0,10,13,14,17,2,2,0,0,2,2,25,17,11,7,0,0,18,21,1,2,65,53,48.0,37.0,17.0,16.0,6.0,7.0,419,379,323.0,294.0,198,178,125,116,30.0,28.0,3.0,4.0,0.93,0.72,0.86,0.64,0.07,0.08,0.93,0.72,0.82,0.94,1,0,1,4,1,1,2,3,1,1,0.7346,0.0,0.0934,0.5205,0.0176,0.0308,0.0844,0.1264,0.0153,0.044,4,8,0,0,0,0,2,1,0,0,0.8755,0.6369,0.0,0.0,0.0,0.0,0.0699,0.0847,0.0,0.0,6,9,16.22,17.06
4506918,2024-12-15,esp,2024/2025,LaLiga,17,José María Sánchez Martínez,8315,Athletic Club,9866,Deportivo Alaves,0,1,1,48,52,9,6,2,3,7,2,0,1,0,0,5,3,4,3,4,2,1,1,0,0,13,10,17,14,2,2,0,0,2,2,17,25,7,11,0,0,21,18,2,1,53,65,37.0,48.0,16.0,17.0,7.0,6.0,379,419,294.0,323.0,178,198,116,125,28.0,30.0,4.0,3.0,0.72,0.93,0.64,0.86,0.08,0.07,0.72,0.93,0.94,0.82,0,1,4,1,1,1,3,2,1,1,0.0,0.7346,0.5205,0.0934,0.0308,0.0176,0.1264,0.0844,0.044,0.0153,8,4,0,0,0,0,1,2,0,0,0.6369,0.8755,0.0,0.0,0.0,0.0,0.0847,0.0699,0.0,0.0,9,6,17.06,16.22
4506920,2024-12-15,esp,2024/2025,LaLiga,17,Guillermo Cuadra Fernández,10205,Villarreal,8603,Real Betis,1,1,2,62,38,17,10,4,4,9,3,4,3,0,0,13,6,4,4,5,5,2,2,2,1,33,14,19,10,5,4,0,1,3,0,19,16,6,15,3,4,12,41,2,2,58,42,38.0,38.0,20.0,4.0,10.0,5.0,534,343,462.0,271.0,189,134,273,137,34.0,15.0,6.0,2.0,2.05,0.79,1.33,0.65,0.71,0.14,2.05,0.79,1.59,1.85,4,1,8,2,1,3,3,1,1,3,0.7844,0.3177,1.0942,0.2031,0.0393,0.1345,0.1083,0.0671,0.0211,0.0723,11,5,0,1,4,1,2,3,0,0,1.3335,0.5759,0.0,0.0784,0.641,0.0108,0.0727,0.1295,0.0,0.0,17,10,13.99,18.75
4506920,2024-12-15,esp,2024/2025,LaLiga,17,Guillermo Cuadra Fernández,8603,Real Betis,10205,Villarreal,0,2,1,38,62,10,17,4,4,3,9,3,4,0,0,6,13,4,4,5,5,2,2,1,2,14,33,10,19,4,5,1,0,0,3,16,19,15,6,4,3,41,12,2,2,42,58,38.0,38.0,4.0,20.0,5.0,10.0,343,534,271.0,462.0,134,189,137,273,15.0,34.0,2.0,6.0,0.79,2.05,0.65,1.33,0.14,0.71,0.79,2.05,1.85,1.59,1,4,2,8,3,1,1,3,3,1,0.3177,0.7844,0.2031,1.0942,0.1345,0.0393,0.0671,0.1083,0.0723,0.0211,5,11,1,0,1,4,3,2,0,0,0.5759,1.3335,0.0784,0.0,0.0108,0.641,0.1295,0.0727,0.0,0.0,10,17,18.75,13.99
4506924,2024-12-15,esp,2024/2025,LaLiga,17,Mario Melero López,8560,Real Sociedad,8306,Las Palmas,1,0,0,61,39,15,9,4,3,6,3,5,3,1,1,10,4,5,5,8,6,2,2,2,2,26,14,17,12,2,3,0,0,5,4,10,26,13,9,2,5,12,32,3,4,47,68,35.0,45.0,12.0,23.0,13.0,4.0,418,275,333.0,186.0,166,105,167,81,21.0,30.0,4.0,1.0,1.15,0.97,1.12,0.86,0.03,0.11,1.15,0.97,0.64,0.89,0,0,7,2,3,2,5,3,0,2,0.0,0.0,0.9413,0.5371,0.1191,0.3148,0.1179,0.0895,0.0,0.0257,10,5,3,0,2,2,0,2,0,0,0.7765,0.8589,0.3705,0.0,0.0313,0.044,0.0,0.0643,0.0,0.0,15,9,18.8,22.4
4506924,2024-12-15,esp,2024/2025,LaLiga,17,Mario Melero López,8306,Las Palmas,8560,Real Sociedad,0,0,0,39,61,9,15,3,4,3,6,3,5,1,1,4,10,5,5,6,8,2,2,2,2,14,26,12,17,3,2,0,0,4,5,26,10,9,13,5,2,32,12,4,3,68,47,45.0,35.0,23.0,12.0,4.0,13.0,275,418,186.0,333.0,105,166,81,167,30.0,21.0,1.0,4.0,0.97,1.15,0.86,1.12,0.11,0.03,0.97,1.15,0.89,0.64,0,0,2,7,2,3,3,5,2,0,0.0,0.0,0.5371,0.9413,0.3148,0.1191,0.0895,0.1179,0.0257,0.0,5,10,0,3,2,2,2,0,0,0,0.8589,0.7765,0.0,0.3705,0.044,0.0313,0.0643,0.0,0.0,0.0,9,15,22.4,18.8
4506871,2024-12-18,esp,2024/2025,LaLiga,12,Alejandro José Hernández Hernández,10205,Villarreal,8370,Rayo Vallecano,1,1,1,45,55,14,18,5,3,5,7,4,8,0,0,11,12,3,6,7,7,6,3,5,2,28,37,10,15,4,3,1,0,0,1,20,15,6,9,9,4,26,31,1,4,59,41,44.0,27.0,15.0,14.0,10.0,4.0,371,454,288.0,369.0,132,139,156,230,25.0,22.0,3.0,5.0,1.32,1.49,1.26,1.22,0.06,0.28,1.32,1.49,2.29,1.01,0,1,8,9,3,2,3,5,0,1,0.0,0.1145,1.1013,1.1258,0.2342,0.0739,0.0567,0.1618,0.0,0.0164,10,12,0,0,3,4,1,2,0,0,1.2305,1.2165,0.0,0.0,0.0972,0.1926,0.0645,0.0833,0.0,0.0,14,18,15.35,16.54
4506871,2024-12-18,esp,2024/2025,LaLiga,12,Alejandro José Hernández Hernández,8370,Rayo Vallecano,10205,Villarreal,0,1,1,55,45,18,14,3,5,7,5,8,4,0,0,12,11,6,3,7,7,3,6,2,5,37,28,15,10,3,4,0,1,1,0,15,20,9,6,4,9,31,26,4,1,41,59,27.0,44.0,14.0,15.0,4.0,10.0,454,371,369.0,288.0,139,132,230,156,22.0,25.0,5.0,3.0,1.49,1.32,1.22,1.26,0.28,0.06,1.49,1.32,1.01,2.29,1,0,9,8,2,3,5,3,1,0,0.1145,0.0,1.1258,1.1013,0.0739,0.2342,0.1618,0.0567,0.0164,0.0,12,10,0,0,4,3,2,1,0,0,1.2165,1.2305,0.0,0.0,0.1926,0.0972,0.0833,0.0645,0.0,0.0,18,14,16.54,15.35
4506878,2024-12-18,esp,2024/2025,LaLiga,13,Pablo González Fuertes,8558,Espanyol,10267,Valencia,1,1,1,46,54,10,14,3,4,3,7,4,3,1,1,8,9,2,5,4,7,4,2,3,2,21,21,13,11,1,0,0,0,5,2,17,7,7,7,3,4,15,25,3,2,48,36,30.0,25.0,18.0,11.0,4.0,5.0,405,476,315.0,395.0,206,196,109,199,34.0,23.0,5.0,4.0,2.05,1.99,2.05,1.84,0.0,0.14,2.05,1.99,1.31,1.46,0,2,6,6,2,1,1,3,1,2,0.0,0.6844,1.9744,1.0876,0.0634,0.0462,0.0354,0.145,0.023,0.0231,8,13,2,1,0,0,0,0,0,0,1.4763,1.8047,0.62,0.1816,0.0,0.0,0.0,0.0,0.0,0.0,10,14,14.91,16.07
4506878,2024-12-18,esp,2024/2025,LaLiga,13,Pablo González Fuertes,10267,Valencia,8558,Espanyol,0,1,1,54,46,14,10,4,3,7,3,3,4,1,1,9,8,5,2,7,4,2,4,2,3,21,21,11,13,0,1,0,0,2,5,7,17,7,7,4,3,25,15,2,3,36,48,25.0,30.0,11.0,18.0,5.0,4.0,476,405,395.0,315.0,196,206,199,109,23.0,34.0,4.0,5.0,1.99,2.05,1.84,2.05,0.14,0.0,1.99,2.05,1.46,1.31,2,0,6,6,1,2,3,1,2,1,0.6844,0.0,1.0876,1.9744,0.0462,0.0634,0.145,0.0354,0.0231,0.023,13,8,1,2,0,0,0,0,0,0,1.8047,1.4763,0.1816,0.62,0.0,0.0,0.0,0.0,0.0,0.0,14,10,16.07,14.91
4506928,2024-12-20,esp,2024/2025,LaLiga,18,Pablo González Fuertes,7732,Girona,10281,Real Valladolid,1,3,0,71,29,23,1,7,1,6,0,10,0,0,1,16,0,7,1,9,1,1,0,0,0,54,3,13,7,3,1,0,0,0,1,14,15,7,9,0,9,12,26,1,4,37,47,30.0,34.0,7.0,13.0,10.0,6.0,720,298,660.0,236.0,234,158,426,78,7.0,21.0,6.0,0.0,2.58,0.02,1.43,0.02,1.15,0.0,2.58,0.02,2.31,0.04,2,0,10,0,4,0,5,1,2,0,0.4609,0.0,1.665,0.0,0.0842,0.0,0.3341,0.0169,0.0361,0.0,18,1,0,0,1,0,4,0,0,0,1.4271,0.0169,0.0,0.0,0.0439,0.0,1.1094,0.0,0.0,0.0,23,1,17.78,29.29
4506928,2024-12-20,esp,2024/2025,LaLiga,18,Pablo González Fuertes,10281,Real Valladolid,7732,Girona,0,0,3,29,71,1,23,1,7,0,6,0,10,1,0,0,16,1,7,1,9,0,1,0,0,3,54,7,13,1,3,0,0,1,0,15,14,9,7,9,0,26,12,4,1,47,37,34.0,30.0,13.0,7.0,6.0,10.0,298,720,236.0,660.0,158,234,78,426,21.0,7.0,0.0,6.0,0.02,2.58,0.02,1.43,0.0,1.15,0.02,2.58,0.04,2.31,0,2,0,10,0,4,1,5,0,2,0.0,0.4609,0.0,1.665,0.0,0.0842,0.0169,0.3341,0.0,0.0361,1,18,0,0,0,1,0,4,0,0,0.0169,1.4271,0.0,0.0,0.0,0.0439,0.0,1.1094,0.0,0.0,1,23,29.29,17.78
4506926,2024-12-21,esp,2024/2025,LaLiga,18,Mateo Busquets Ferrer,9910,Celta Vigo,8560,Real Sociedad,1,2,0,42,58,11,7,7,1,2,3,2,3,0,0,4,6,7,1,4,7,1,0,0,0,22,14,19,13,3,5,0,0,3,1,13,19,10,18,3,2,32,10,1,5,38,56,25.0,43.0,13.0,13.0,3.0,6.0,338,478,250.0,384.0,147,226,103,158,19.0,25.0,3.0,2.0,1.29,0.32,1.25,0.09,0.04,0.22,1.29,0.32,2.09,0.11,1,0,2,6,1,0,6,1,1,0,0.8649,0.0,0.1866,0.3034,0.0176,0.0,0.2048,0.0141,0.015,0.0,6,2,2,0,2,2,1,3,0,0,1.0742,0.0929,0.1748,0.0,0.0325,0.0777,0.0073,0.1469,0.0,0.0,11,7,20.97,13.86
4506926,2024-12-21,esp,2024/2025,LaLiga,18,Mateo Busquets Ferrer,8560,Real Sociedad,9910,Celta Vigo,0,0,2,58,42,7,11,1,7,3,2,3,2,0,0,6,4,1,7,7,4,0,1,0,0,14,22,13,19,5,3,0,0,1,3,19,13,18,10,2,3,10,32,5,1,56,38,43.0,25.0,13.0,13.0,6.0,3.0,478,338,384.0,250.0,226,147,158,103,25.0,19.0,2.0,3.0,0.32,1.29,0.09,1.25,0.22,0.04,0.32,1.29,0.11,2.09,0,1,6,2,0,1,1,6,0,1,0.0,0.8649,0.3034,0.1866,0.0,0.0176,0.0141,0.2048,0.0,0.015,2,6,0,2,2,2,3,1,0,0,0.0929,1.0742,0.0,0.1748,0.0777,0.0325,0.1469,0.0073,0.0,0.0,7,11,13.86,20.97
4506927,2024-12-21,esp,2024/2025,LaLiga,18,José Luis Munuera Montero,8305,Getafe,8661,Mallorca,1,0,1,55,45,18,9,5,2,10,5,3,2,0,0,8,5,10,4,3,0,1,4,1,3,13,11,19,13,4,3,0,0,4,8,14,14,8,8,2,3,15,37,1,5,69,66,36.0,35.0,33.0,31.0,10.0,3.0,335,281,224.0,187.0,102,105,122,82,22.0,24.0,7.0,1.0,0.83,1.9,0.6,0.31,0.23,0.8,0.83,1.11,0.67,1.12,1,0,6,5,1,0,9,4,1,0,0.208,0.0,0.265,2.1443,0.0456,0.0,0.2883,0.159,0.0199,0.0,15,4,0,2,1,0,2,2,0,1,0.7465,0.3577,0.0,0.1093,0.0193,0.0,0.0611,1.0479,0.0,0.7884,18,9,19.15,18.65
4506927,2024-12-21,esp,2024/2025,LaLiga,18,José Luis Munuera Montero,8661,Mallorca,8305,Getafe,0,1,0,45,55,9,18,2,5,5,10,2,3,0,0,5,8,4,10,0,3,4,1,3,1,11,13,13,19,3,4,0,0,8,4,14,14,8,8,3,2,37,15,5,1,66,69,35.0,36.0,31.0,33.0,3.0,10.0,281,335,187.0,224.0,105,102,82,122,24.0,22.0,1.0,7.0,1.9,0.83,0.31,0.6,0.8,0.23,1.11,0.83,1.12,0.67,0,1,5,6,0,1,4,9,0,1,0.0,0.208,2.1443,0.265,0.0,0.0456,0.159,0.2883,0.0,0.0199,4,15,2,0,0,1,2,2,1,0,0.3577,0.7465,0.1093,0.0,0.0,0.0193,1.0479,0.0611,0.7884,0.0,9,18,18.65,19.15
4506931,2024-12-21,esp,2024/2025,LaLiga,18,Alejandro Quintero González,8371,Osasuna,8315,Athletic Club,1,1,2,53,47,6,13,3,8,2,3,1,2,0,0,4,10,2,3,4,3,0,1,0,1,11,24,10,13,0,1,0,0,3,0,15,8,8,13,2,1,14,31,6,2,57,49,33.0,28.0,24.0,21.0,6.0,11.0,429,391,337.0,316.0,184,178,153,138,32.0,20.0,4.0,5.0,0.6,1.18,0.49,1.14,0.11,0.05,0.6,1.18,1.4,1.79,0,0,3,6,1,4,2,3,0,0,0.0,0.0,0.4312,0.9323,0.0228,0.1496,0.1421,0.102,0.0,0.0,3,12,1,0,0,1,2,0,0,0,0.3586,1.139,0.1246,0.0,0.0,0.045,0.1129,0.0,0.0,0.0,6,13,15.81,15.63
4506931,2024-12-21,esp,2024/2025,LaLiga,18,Alejandro Quintero González,8315,Athletic Club,8371,Osasuna,0,2,1,47,53,13,6,8,3,3,2,2,1,0,0,10,4,3,2,3,4,1,0,1,0,24,11,13,10,1,0,0,0,0,3,8,15,13,8,1,2,31,14,2,6,49,57,28.0,33.0,21.0,24.0,11.0,6.0,391,429,316.0,337.0,178,184,138,153,20.0,32.0,5.0,4.0,1.18,0.6,1.14,0.49,0.05,0.11,1.18,0.6,1.79,1.4,0,0,6,3,4,1,3,2,0,0,0.0,0.0,0.9323,0.4312,0.1496,0.0228,0.102,0.1421,0.0,0.0,12,3,0,1,1,0,0,2,0,0,1.139,0.3586,0.0,0.1246,0.045,0.0,0.0,0.1129,0.0,0.0,13,6,15.63,15.81
4506932,2024-12-21,esp,2024/2025,LaLiga,18,Ricardo De Burgos Bengoetxea,8634,Barcelona,9906,Atletico Madrid,1,1,2,63,37,19,5,7,4,6,1,6,0,1,0,14,2,5,3,11,3,7,2,6,1,41,6,11,8,0,3,0,0,2,4,19,22,5,9,0,5,12,37,2,6,50,56,41.0,41.0,9.0,15.0,14.0,10.0,647,393,579.0,307.0,182,225,397,82,37.0,24.0,8.0,2.0,2.72,0.63,2.26,0.61,0.46,0.01,2.72,0.63,1.89,0.73,0,0,9,2,5,0,4,1,1,2,0.0,0.0,1.8505,0.6196,0.4866,0.0,0.3964,0.0679,0.0209,0.021,11,3,3,1,4,0,1,1,0,0,1.6908,0.239,0.6032,0.4547,0.3903,0.0,0.0701,0.0148,0.0,0.0,19,5,14.75,29.03
4506932,2024-12-21,esp,2024/2025,LaLiga,18,Ricardo De Burgos Bengoetxea,9906,Atletico Madrid,8634,Barcelona,0,2,1,37,63,5,19,4,7,1,6,0,6,0,1,2,14,3,5,3,11,2,7,1,6,6,41,8,11,3,0,0,0,4,2,22,19,9,5,5,0,37,12,6,2,56,50,41.0,41.0,15.0,9.0,10.0,14.0,393,647,307.0,579.0,225,182,82,397,24.0,37.0,2.0,8.0,0.63,2.72,0.61,2.26,0.01,0.46,0.63,2.72,0.73,1.89,0,0,2,9,0,5,1,4,2,1,0.0,0.0,0.6196,1.8505,0.0,0.4866,0.0679,0.3964,0.021,0.0209,3,11,1,3,0,4,1,1,0,0,0.239,1.6908,0.4547,0.6032,0.0,0.3903,0.0148,0.0701,0.0,0.0,5,19,29.03,14.75
4506925,2024-12-22,esp,2024/2025,LaLiga,18,Víctor García Verdura,8603,Real Betis,8370,Rayo Vallecano,1,1,1,56,44,14,10,5,4,6,4,3,2,0,0,10,7,4,3,5,5,3,1,2,1,29,12,9,14,0,4,0,0,2,5,21,26,14,13,2,3,26,26,3,4,53,50,41.0,37.0,12.0,13.0,7.0,4.0,438,346,364.0,263.0,138,135,226,128,15.0,26.0,2.0,3.0,2.14,0.91,1.2,0.79,0.16,0.13,1.35,0.91,1.49,0.5,0,1,5,3,5,3,3,2,1,1,0.0,0.0929,1.2729,0.6441,0.2808,0.1031,0.5665,0.035,0.0214,0.0228,9,6,2,2,2,2,0,0,1,0,1.0296,0.2743,0.168,0.4979,0.1556,0.1256,0.0,0.0,0.7884,0.0,14,10,16.13,16.91
4506925,2024-12-22,esp,2024/2025,LaLiga,18,Víctor García Verdura,8370,Rayo Vallecano,8603,Real Betis,0,1,1,44,56,10,14,4,5,4,6,2,3,0,0,7,10,3,4,5,5,1,3,1,2,12,29,14,9,4,0,0,0,5,2,26,21,13,14,3,2,26,26,4,3,50,53,37.0,41.0,13.0,12.0,4.0,7.0,346,438,263.0,364.0,135,138,128,226,26.0,15.0,3.0,2.0,0.91,2.14,0.79,1.2,0.13,0.16,0.91,1.35,0.5,1.49,1,0,3,5,3,5,2,3,1,1,0.0929,0.0,0.6441,1.2729,0.1031,0.2808,0.035,0.5665,0.0228,0.0214,6,9,2,2,2,2,0,0,0,1,0.2743,1.0296,0.4979,0.168,0.1256,0.1556,0.0,0.0,0.0,0.7884,10,14,16.91,16.13
4506929,2024-12-22,esp,2024/2025,LaLiga,18,Isidro Díaz de Mera Escuderos,8633,Real Madrid,8302,Sevilla,1,4,2,59,41,16,10,8,5,4,4,4,1,0,1,14,6,2,4,6,6,4,3,2,2,30,13,5,14,1,2,0,0,3,1,25,19,6,13,1,5,15,13,2,3,50,43,45.0,36.0,5.0,7.0,7.0,12.0,634,426,572.0,373.0,328,208,244,165,37.0,32.0,3.0,3.0,2.0,1.32,1.99,1.28,0.01,0.04,2.0,1.32,1.79,1.29,0,1,13,3,1,2,2,3,0,1,0.0,0.5339,1.8538,0.4439,0.1088,0.197,0.0397,0.119,0.0,0.0245,15,8,0,1,1,1,0,0,0,0,1.9874,1.1289,0.0,0.1524,0.0149,0.0369,0.0,0.0,0.0,0.0,16,10,14.06,17.65
4506929,2024-12-22,esp,2024/2025,LaLiga,18,Isidro Díaz de Mera Escuderos,8302,Sevilla,8633,Real Madrid,0,2,4,41,59,10,16,5,8,4,4,1,4,1,0,6,14,4,2,6,6,3,4,2,2,13,30,14,5,2,1,0,0,1,3,19,25,13,6,5,1,13,15,3,2,43,50,36.0,45.0,7.0,5.0,12.0,7.0,426,634,373.0,572.0,208,328,165,244,32.0,37.0,3.0,3.0,1.32,2.0,1.28,1.99,0.04,0.01,1.32,2.0,1.29,1.79,1,0,3,13,2,1,3,2,1,0,0.5339,0.0,0.4439,1.8538,0.197,0.1088,0.119,0.0397,0.0245,0.0,8,15,1,0,1,1,0,0,0,0,1.1289,1.9874,0.1524,0.0,0.0369,0.0149,0.0,0.0,0.0,0.0,10,16,17.65,14.06
4506930,2024-12-22,esp,2024/2025,LaLiga,18,Alejandro Muñíz Ruiz,7854,Leganes,10205,Villarreal,1,2,5,36,64,5,18,3,9,1,6,1,3,0,2,4,13,1,5,1,5,3,7,2,2,10,29,17,15,1,2,1,0,2,1,15,15,8,5,2,0,19,12,4,1,42,52,34.0,36.0,8.0,16.0,4.0,5.0,291,516,218.0,452.0,153,245,65,207,23.0,25.0,1.0,7.0,1.25,3.29,0.24,1.39,0.21,0.32,0.46,1.72,1.26,4.36,0,0,4,11,0,2,0,4,1,1,0.0,0.0,1.2396,2.843,0.0,0.115,0.0,0.2989,0.0085,0.0431,2,11,0,1,0,2,2,2,1,2,0.2463,1.1157,0.0,0.2836,0.0,0.0615,0.2133,0.2624,0.7884,1.5768,5,18,13.02,14.54
4506930,2024-12-22,esp,2024/2025,LaLiga,18,Alejandro Muñíz Ruiz,10205,Villarreal,7854,Leganes,0,5,2,64,36,18,5,9,3,6,1,3,1,2,0,13,4,5,1,5,1,7,3,2,2,29,10,15,17,2,1,0,1,1,2,15,15,5,8,0,2,12,19,1,4,52,42,36.0,34.0,16.0,8.0,5.0,4.0,516,291,452.0,218.0,245,153,207,65,25.0,23.0,7.0,1.0,3.29,1.25,1.39,0.24,0.32,0.21,1.72,0.46,4.36,1.26,0,0,11,4,2,0,4,0,1,1,0.0,0.0,2.843,1.2396,0.115,0.0,0.2989,0.0,0.0431,0.0085,11,2,1,0,2,0,2,2,2,1,1.1157,0.2463,0.2836,0.0,0.0615,0.0,0.2624,0.2133,1.5768,0.7884,18,5,14.54,13.02
4506933,2024-12-22,esp,2024/2025,LaLiga,18,Javier Alberola Rojas,10267,Valencia,9866,Deportivo Alaves,1,2,2,62,38,8,11,3,3,4,5,1,3,0,0,6,7,2,4,5,4,2,2,0,1,15,15,20,15,2,1,0,0,0,2,19,15,7,8,3,1,11,26,1,1,57,65,45.0,38.0,12.0,27.0,13.0,4.0,469,293,363.0,193.0,174,99,189,94,25.0,30.0,5.0,5.0,1.44,1.61,0.62,0.59,0.03,0.23,0.65,0.82,1.71,1.82,1,0,4,6,1,1,2,2,0,2,0.5078,0.0,0.931,1.4532,0.0065,0.0197,0.0396,0.1292,0.0,0.0332,5,6,0,0,2,1,0,3,1,1,0.6681,0.5901,0.0,0.0,0.0284,0.1199,0.0,0.137,0.7884,0.7884,8,11,15.31,15.97
4506933,2024-12-22,esp,2024/2025,LaLiga,18,Javier Alberola Rojas,9866,Deportivo Alaves,10267,Valencia,0,2,2,38,62,11,8,3,3,5,4,3,1,0,0,7,6,4,2,4,5,2,2,1,0,15,15,15,20,1,2,0,0,2,0,15,19,8,7,1,3,26,11,1,1,65,57,38.0,45.0,27.0,12.0,4.0,13.0,293,469,193.0,363.0,99,174,94,189,30.0,25.0,5.0,5.0,1.61,1.44,0.59,0.62,0.23,0.03,0.82,0.65,1.82,1.71,0,1,6,4,1,1,2,2,2,0,0.0,0.5078,1.4532,0.931,0.0197,0.0065,0.1292,0.0396,0.0332,0.0,6,5,0,0,1,2,3,0,1,1,0.5901,0.6681,0.0,0.0,0.1199,0.0284,0.137,0.0,0.7884,0.7884,11,8,15.97,15.31
4506934,2024-12-22,esp,2024/2025,LaLiga,18,César Soto Grado,8306,Las Palmas,8558,Espanyol,1,1,0,58,42,10,9,4,2,6,4,0,3,0,0,4,5,6,4,2,2,2,2,2,2,16,13,9,16,4,2,0,0,2,2,13,10,6,2,3,1,19,17,2,2,46,33,35.0,25.0,11.0,8.0,8.0,6.0,490,350,427.0,290.0,229,168,198,122,22.0,30.0,2.0,3.0,0.94,0.75,0.67,0.75,0.27,0.0,0.94,0.75,0.41,0.53,0,0,2,3,2,2,3,2,3,2,0.0,0.0,0.2568,0.629,0.4218,0.0426,0.1703,0.046,0.0869,0.0277,6,8,2,1,0,0,2,0,0,0,0.2321,0.74,0.4373,0.0054,0.0,0.0,0.2664,0.0,0.0,0.0,10,9,21.03,24.36
4506934,2024-12-22,esp,2024/2025,LaLiga,18,César Soto Grado,8558,Espanyol,8306,Las Palmas,0,0,1,42,58,9,10,2,4,4,6,3,0,0,0,5,4,4,6,2,2,2,2,2,2,13,16,16,9,2,4,0,0,2,2,10,13,2,6,1,3,17,19,2,2,33,46,25.0,35.0,8.0,11.0,6.0,8.0,350,490,290.0,427.0,168,229,122,198,30.0,22.0,3.0,2.0,0.75,0.94,0.75,0.67,0.0,0.27,0.75,0.94,0.53,0.41,0,0,3,2,2,2,2,3,2,3,0.0,0.0,0.629,0.2568,0.0426,0.4218,0.046,0.1703,0.0277,0.0869,8,6,1,2,0,0,0,2,0,0,0.74,0.2321,0.0054,0.4373,0.0,0.0,0.0,0.2664,0.0,0.0,9,10,24.36,21.03
4506872,2025-01-03,esp,2024/2025,LaLiga,12,César Soto Grado,10267,Valencia,8633,Real Madrid,1,1,2,38,62,8,17,5,5,3,8,0,4,1,1,6,8,2,9,2,5,4,5,3,3,11,30,16,9,2,3,0,1,0,4,14,14,8,12,4,0,28,8,3,4,34,49,27.0,35.0,7.0,14.0,6.0,5.0,377,618,307.0,552.0,199,241,108,311,15.0,29.0,2.0,4.0,1.31,2.75,1.31,1.9,0.0,0.06,1.31,1.96,2.17,0.95,1,0,3,8,2,0,1,5,1,4,0.8845,0.0,0.3633,2.5474,0.1542,0.0,0.0423,0.1227,0.025,0.0782,7,12,1,0,0,1,0,3,0,1,1.3429,1.901,0.1264,0.0,0.0,0.008,0.0,0.0509,0.0,0.7884,8,17,15.29,18.99
4506872,2025-01-03,esp,2024/2025,LaLiga,12,César Soto Grado,8633,Real Madrid,10267,Valencia,0,2,1,62,38,17,8,5,5,8,3,4,0,1,1,8,6,9,2,5,2,5,4,3,3,30,11,9,16,3,2,1,0,4,0,14,14,12,8,0,4,8,28,4,3,49,34,35.0,27.0,14.0,7.0,5.0,6.0,618,377,552.0,307.0,241,199,311,108,29.0,15.0,4.0,2.0,2.75,1.31,1.9,1.31,0.06,0.0,1.96,1.31,0.95,2.17,0,1,8,3,0,2,5,1,4,1,0.0,0.8845,2.5474,0.3633,0.0,0.1542,0.1227,0.0423,0.0782,0.025,12,7,0,1,1,0,3,0,1,0,1.901,1.3429,0.0,0.1264,0.008,0.0,0.0509,0.0,0.7884,0.0,17,8,18.99,15.29
4506943,2025-01-10,esp,2024/2025,LaLiga,19,Guillermo Cuadra Fernández,8370,Rayo Vallecano,9910,Celta Vigo,1,2,1,50,50,8,23,5,7,3,6,0,10,0,0,4,16,4,7,3,3,2,5,1,4,7,27,18,9,2,1,0,1,1,0,18,13,10,9,10,0,27,18,6,3,38,61,33.0,41.0,5.0,20.0,7.0,11.0,443,431,358.0,332.0,226,159,132,173,18.0,23.0,4.0,5.0,0.65,2.26,0.22,1.72,0.43,0.54,0.65,2.26,0.75,1.67,1,0,2,11,1,5,3,4,1,3,0.1424,0.0,0.3448,1.7909,0.0679,0.2344,0.0765,0.1664,0.0194,0.0704,5,15,0,4,2,1,1,3,0,0,0.2185,1.3143,0.0,0.4079,0.405,0.1042,0.0275,0.4357,0.0,0.0,8,23,19.4,15.96
4506943,2025-01-10,esp,2024/2025,LaLiga,19,Guillermo Cuadra Fernández,9910,Celta Vigo,8370,Rayo Vallecano,0,1,2,50,50,23,8,7,5,6,3,10,0,0,0,16,4,7,4,3,3,5,2,4,1,27,7,9,18,1,2,1,0,0,1,13,18,9,10,0,10,18,27,3,6,61,38,41.0,33.0,20.0,5.0,11.0,7.0,431,443,332.0,358.0,159,226,173,132,23.0,18.0,5.0,4.0,2.26,0.65,1.72,0.22,0.54,0.43,2.26,0.65,1.67,0.75,0,1,11,2,5,1,4,3,3,1,0.0,0.1424,1.7909,0.3448,0.2344,0.0679,0.1664,0.0765,0.0704,0.0194,15,5,4,0,1,2,3,1,0,0,1.3143,0.2185,0.4079,0.0,0.1042,0.405,0.4357,0.0275,0.0,0.0,23,8,15.96,19.4
4506938,2025-01-11,esp,2024/2025,LaLiga,19,Francisco José Hernández Maeso,8302,Sevilla,10267,Valencia,1,1,1,53,47,15,5,5,1,6,3,4,1,1,0,7,4,8,1,10,1,1,2,1,1,16,13,16,8,1,2,0,0,5,1,15,19,12,7,1,4,3,26,0,4,48,48,29.0,40.0,19.0,8.0,6.0,6.0,447,397,370.0,322.0,183,192,187,130,24.0,19.0,7.0,2.0,0.55,0.66,0.27,0.48,0.28,0.18,0.55,0.66,0.32,0.27,0,0,5,2,2,2,7,1,1,0,0.0,0.0,0.2351,0.4628,0.1272,0.1825,0.1685,0.0163,0.017,0.0,8,4,0,0,7,1,0,0,0,0,0.2704,0.4799,0.0,0.0,0.2774,0.1817,0.0,0.0,0.0,0.0,15,5,20.47,16.13
4506938,2025-01-11,esp,2024/2025,LaLiga,19,Francisco José Hernández Maeso,10267,Valencia,8302,Sevilla,0,1,1,47,53,5,15,1,5,3,6,1,4,0,1,4,7,1,8,1,10,2,1,1,1,13,16,8,16,2,1,0,0,1,5,19,15,7,12,4,1,26,3,4,0,48,48,40.0,29.0,8.0,19.0,6.0,6.0,397,447,322.0,370.0,192,183,130,187,19.0,24.0,2.0,7.0,0.66,0.55,0.48,0.27,0.18,0.28,0.66,0.55,0.27,0.32,0,0,2,5,2,2,1,7,0,1,0.0,0.0,0.4628,0.2351,0.1825,0.1272,0.0163,0.1685,0.0,0.017,4,8,0,0,1,7,0,0,0,0,0.4799,0.2704,0.0,0.0,0.1817,0.2774,0.0,0.0,0.0,0.0,5,15,16.13,20.47
4506939,2025-01-11,esp,2024/2025,LaLiga,19,Mateo Busquets Ferrer,9866,Deportivo Alaves,7732,Girona,1,0,1,43,57,11,3,2,1,7,2,2,0,0,0,5,2,6,1,6,3,2,1,2,0,18,17,16,11,1,4,0,0,1,1,15,18,10,8,0,2,26,30,0,2,44,54,33.0,41.0,11.0,13.0,8.0,7.0,343,468,272.0,402.0,141,228,131,174,23.0,32.0,6.0,1.0,1.3,0.49,1.2,0.49,0.1,0.0,1.3,0.49,0.14,0.74,2,1,2,0,1,1,4,1,2,0,0.7658,0.4529,0.308,0.0,0.0221,0.0271,0.1358,0.0154,0.0714,0.0,6,3,2,0,3,0,0,0,0,0,0.8189,0.4954,0.386,0.0,0.0981,0.0,0.0,0.0,0.0,0.0,11,3,17.87,18.73
4506939,2025-01-11,esp,2024/2025,LaLiga,19,Mateo Busquets Ferrer,7732,Girona,9866,Deportivo Alaves,0,1,0,57,43,3,11,1,2,2,7,0,2,0,0,2,5,1,6,3,6,1,2,0,2,17,18,11,16,4,1,0,0,1,1,18,15,8,10,2,0,30,26,2,0,54,44,41.0,33.0,13.0,11.0,7.0,8.0,468,343,402.0,272.0,228,141,174,131,32.0,23.0,1.0,6.0,0.49,1.3,0.49,1.2,0.0,0.1,0.49,1.3,0.74,0.14,1,2,0,2,1,1,1,4,0,2,0.4529,0.7658,0.0,0.308,0.0271,0.0221,0.0154,0.1358,0.0,0.0714,3,6,0,2,0,3,0,0,0,0,0.4954,0.8189,0.0,0.386,0.0,0.0981,0.0,0.0,0.0,0.0,3,11,18.73,17.87
4506940,2025-01-11,esp,2024/2025,LaLiga,19,Juan Martínez Munuera,8558,Espanyol,7854,Leganes,1,1,1,53,47,15,14,5,6,5,7,5,1,1,1,7,9,8,5,8,4,1,3,0,2,22,23,15,19,2,2,0,1,2,1,10,14,8,5,1,5,19,36,5,4,50,54,33.0,36.0,17.0,18.0,7.0,9.0,460,423,395.0,354.0,175,211,220,143,24.0,22.0,6.0,4.0,0.7,1.99,0.43,1.76,0.27,0.24,0.7,1.99,1.22,1.8,1,0,3,6,3,3,5,2,3,3,0.1567,0.0,0.1933,1.4862,0.1487,0.3247,0.1367,0.0958,0.0623,0.0893,8,10,1,1,6,1,0,2,0,0,0.3918,1.1827,0.0403,0.5758,0.2655,0.0293,0.0,0.2082,0.0,0.0,15,14,19.69,18.45
4506940,2025-01-11,esp,2024/2025,LaLiga,19,Juan Martínez Munuera,7854,Leganes,8558,Espanyol,0,1,1,47,53,14,15,6,5,7,5,1,5,1,1,9,7,5,8,4,8,3,1,2,0,23,22,19,15,2,2,1,0,1,2,14,10,5,8,5,1,36,19,4,5,54,50,36.0,33.0,18.0,17.0,9.0,7.0,423,460,354.0,395.0,211,175,143,220,22.0,24.0,4.0,6.0,1.99,0.7,1.76,0.43,0.24,0.27,1.99,0.7,1.8,1.22,0,1,6,3,3,3,2,5,3,3,0.0,0.1567,1.4862,0.1933,0.3247,0.1487,0.0958,0.1367,0.0893,0.0623,10,8,1,1,1,6,2,0,0,0,1.1827,0.3918,0.5758,0.0403,0.0293,0.2655,0.2082,0.0,0.0,0.0,14,15,18.45,19.69
4506942,2025-01-11,esp,2024/2025,LaLiga,19,Adrián Cordero Vega,10281,Real Valladolid,8603,Real Betis,1,1,0,42,58,12,14,1,3,6,9,5,2,0,0,8,8,4,6,1,8,3,1,2,1,15,36,21,10,2,4,0,0,1,0,19,20,11,11,2,5,34,11,3,0,49,60,37.0,45.0,12.0,15.0,9.0,5.0,352,467,282.0,404.0,180,180,102,224,16.0,21.0,3.0,6.0,1.25,0.73,1.22,0.66,0.03,0.07,1.25,0.73,0.93,0.5,2,0,4,5,2,3,4,6,0,0,0.7115,0.0,0.3782,0.3177,0.0734,0.1185,0.0866,0.2924,0.0,0.0,10,11,1,1,0,0,1,2,0,0,1.2017,0.5782,0.0176,0.0824,0.0,0.0,0.0303,0.0679,0.0,0.0,12,14,18.2,17.71
4506942,2025-01-11,esp,2024/2025,LaLiga,19,Adrián Cordero Vega,8603,Real Betis,10281,Real Valladolid,0,0,1,58,42,14,12,3,1,9,6,2,5,0,0,8,8,6,4,8,1,1,3,1,2,36,15,10,21,4,2,0,0,0,1,20,19,11,11,5,2,11,34,0,3,60,49,45.0,37.0,15.0,12.0,5.0,9.0,467,352,404.0,282.0,180,180,224,102,21.0,16.0,6.0,3.0,0.73,1.25,0.66,1.22,0.07,0.03,0.73,1.25,0.5,0.93,0,2,5,4,3,2,6,4,0,0,0.0,0.7115,0.3177,0.3782,0.1185,0.0734,0.2924,0.0866,0.0,0.0,11,10,1,1,0,0,2,1,0,0,0.5782,1.2017,0.0824,0.0176,0.0,0.0,0.0679,0.0303,0.0,0.0,14,12,17.71,18.2
4506936,2025-01-12,esp,2024/2025,LaLiga,19,Isidro Díaz de Mera Escuderos,9906,Atletico Madrid,8371,Osasuna,1,1,0,51,49,9,6,5,1,3,4,1,1,1,0,9,3,0,3,4,0,4,1,3,1,23,10,8,14,1,0,0,0,1,2,15,17,4,3,1,1,23,15,1,4,45,44,33.0,30.0,12.0,14.0,5.0,8.0,555,533,472.0,455.0,276,166,196,289,22.0,24.0,3.0,5.0,2.54,0.28,1.84,0.26,0.7,0.02,2.54,0.28,2.15,0.01,2,0,5,2,2,1,0,2,0,1,0.9439,0.0,1.5639,0.1878,0.0739,0.0217,0.0,0.0453,0.0,0.0279,7,4,1,1,1,0,0,1,0,0,1.225,0.2356,0.6539,0.0279,0.7028,0.0,0.0,0.0192,0.0,0.0,9,6,10.46,23.91
4506936,2025-01-12,esp,2024/2025,LaLiga,19,Isidro Díaz de Mera Escuderos,8371,Osasuna,9906,Atletico Madrid,0,0,1,49,51,6,9,1,5,4,3,1,1,0,1,3,9,3,0,0,4,1,4,1,3,10,23,14,8,0,1,0,0,2,1,17,15,3,4,1,1,15,23,4,1,44,45,30.0,33.0,14.0,12.0,8.0,5.0,533,555,455.0,472.0,166,276,289,196,24.0,22.0,5.0,3.0,0.28,2.54,0.26,1.84,0.02,0.7,0.28,2.54,0.01,2.15,0,2,2,5,1,2,2,0,1,0,0.0,0.9439,0.1878,1.5639,0.0217,0.0739,0.0453,0.0,0.0279,0.0,4,7,1,1,0,1,1,0,0,0,0.2356,1.225,0.0279,0.6539,0.0,0.7028,0.0192,0.0,0.0,0.0,6,9,23.91,10.46
4506944,2025-01-12,esp,2024/2025,LaLiga,19,Javier Alberola Rojas,8306,Las Palmas,8305,Getafe,1,1,2,64,36,15,12,7,3,4,5,4,4,0,1,7,9,8,3,4,5,2,3,1,1,15,26,14,17,2,3,0,0,2,3,20,9,6,3,4,4,27,43,1,6,69,50,43.0,28.0,26.0,22.0,8.0,6.0,456,252,368.0,175.0,203,84,165,91,24.0,20.0,1.0,5.0,1.35,1.11,0.4,1.05,0.16,0.06,0.56,1.11,1.68,1.32,0,1,5,5,2,3,5,1,3,2,0.0,0.3005,1.0434,0.517,0.0621,0.195,0.148,0.0245,0.0973,0.0692,10,9,0,1,2,0,2,2,1,0,0.4025,0.9942,0.0,0.0558,0.0416,0.0,0.1183,0.0561,0.7884,0.0,15,12,19.83,16.95
4506944,2025-01-12,esp,2024/2025,LaLiga,19,Javier Alberola Rojas,8305,Getafe,8306,Las Palmas,0,2,1,36,64,12,15,3,7,5,4,4,4,1,0,9,7,3,8,5,4,3,2,1,1,26,15,17,14,3,2,0,0,3,2,9,20,3,6,4,4,43,27,6,1,50,69,28.0,43.0,22.0,26.0,6.0,8.0,252,456,175.0,368.0,84,203,91,165,20.0,24.0,5.0,1.0,1.11,1.35,1.05,0.4,0.06,0.16,1.11,0.56,1.32,1.68,1,0,5,5,3,2,1,5,2,3,0.3005,0.0,0.517,1.0434,0.195,0.0621,0.0245,0.148,0.0692,0.0973,9,10,1,0,0,2,2,2,0,1,0.9942,0.4025,0.0558,0.0,0.0,0.0416,0.0561,0.1183,0.0,0.7884,12,15,16.95,19.83
4506937,2025-01-13,esp,2024/2025,LaLiga,19,César Soto Grado,8560,Real Sociedad,10205,Villarreal,1,1,0,57,43,6,15,3,5,2,4,1,6,0,0,2,11,4,4,3,7,2,1,1,1,19,35,17,6,4,2,0,0,2,2,12,22,9,4,6,1,36,30,5,2,44,65,26.0,47.0,18.0,18.0,8.0,8.0,465,338,396.0,257.0,191,137,205,120,29.0,35.0,1.0,8.0,0.66,1.17,0.66,0.81,0.0,0.36,0.66,1.17,1.04,0.85,1,0,2,8,0,3,3,2,0,2,0.1049,0.0,0.6537,0.9075,0.0,0.1048,0.0563,0.0974,0.0,0.0633,4,6,2,3,0,1,0,5,0,0,0.1612,0.2868,0.6537,0.5247,0.0,0.0705,0.0,0.291,0.0,0.0,6,15,19.29,16.04
4506937,2025-01-13,esp,2024/2025,LaLiga,19,César Soto Grado,10205,Villarreal,8560,Real Sociedad,0,0,1,43,57,15,6,5,3,4,2,6,1,0,0,11,2,4,4,7,3,1,2,1,1,35,19,6,17,2,4,0,0,2,2,22,12,4,9,1,6,30,36,2,5,65,44,47.0,26.0,18.0,18.0,8.0,8.0,338,465,257.0,396.0,137,191,120,205,35.0,29.0,8.0,1.0,1.17,0.66,0.81,0.66,0.36,0.0,1.17,0.66,0.85,1.04,0,1,8,2,3,0,2,3,2,0,0.0,0.1049,0.9075,0.6537,0.1048,0.0,0.0974,0.0563,0.0633,0.0,6,4,3,2,1,0,5,0,0,0,0.2868,0.1612,0.5247,0.6537,0.0705,0.0,0.291,0.0,0.0,0.0,15,6,16.04,19.29
4506947,2025-01-17,esp,2024/2025,LaLiga,20,Ricardo De Burgos Bengoetxea,8558,Espanyol,10281,Real Valladolid,1,2,1,36,64,12,11,4,4,7,5,1,2,1,0,6,5,6,6,1,7,2,4,1,4,13,12,13,16,2,2,0,0,1,0,12,13,5,3,2,1,22,11,3,2,52,51,32.0,33.0,20.0,18.0,5.0,7.0,341,621,276.0,543.0,144,377,132,166,16.0,26.0,4.0,2.0,1.01,1.24,0.61,0.95,0.4,0.29,1.01,1.24,1.42,0.91,1,1,5,3,0,1,4,4,2,2,0.4274,0.1817,0.324,0.8689,0.0,0.0338,0.1884,0.1058,0.0744,0.0589,6,7,0,0,1,3,5,1,0,0,0.6267,0.949,0.0,0.0,0.0723,0.2631,0.3151,0.0371,0.0,0.0,12,11,19.46,19.2
4506947,2025-01-17,esp,2024/2025,LaLiga,20,Ricardo De Burgos Bengoetxea,10281,Real Valladolid,8558,Espanyol,0,1,2,64,36,11,12,4,4,5,7,2,1,0,1,5,6,6,6,7,1,4,2,4,1,12,13,16,13,2,2,0,0,0,1,13,12,3,5,1,2,11,22,2,3,51,52,33.0,32.0,18.0,20.0,7.0,5.0,621,341,543.0,276.0,377,144,166,132,26.0,16.0,2.0,4.0,1.24,1.01,0.95,0.61,0.29,0.4,1.24,1.01,0.91,1.42,1,1,3,5,1,0,4,4,2,2,0.1817,0.4274,0.8689,0.324,0.0338,0.0,0.1058,0.1884,0.0589,0.0744,7,6,0,0,3,1,1,5,0,0,0.949,0.6267,0.0,0.0,0.2631,0.0723,0.0371,0.3151,0.0,0.0,11,12,19.2,19.46
4506945,2025-01-18,esp,2024/2025,LaLiga,20,Juan Martínez Munuera,7732,Girona,8302,Sevilla,1,1,2,60,40,7,14,4,6,3,4,0,4,0,1,6,11,1,3,7,4,4,6,3,4,28,27,6,15,0,4,0,0,0,3,13,19,6,13,4,0,18,31,4,3,43,38,34.0,31.0,9.0,7.0,6.0,6.0,530,348,447.0,297.0,271,157,176,140,21.0,9.0,4.0,4.0,1.22,2.66,0.97,1.44,0.25,0.44,1.22,1.87,1.51,2.85,0,3,5,5,1,3,0,1,1,2,0.0,0.6935,0.93,1.8256,0.0614,0.0872,0.0,0.057,0.0199,0.047,5,6,0,3,2,3,0,1,0,1,0.7636,1.2972,0.0,0.138,0.2478,0.4715,0.0,0.0152,0.0,0.7884,7,14,11.96,14.21
4506945,2025-01-18,esp,2024/2025,LaLiga,20,Juan Martínez Munuera,8302,Sevilla,7732,Girona,0,2,1,40,60,14,7,6,4,4,3,4,0,1,0,11,6,3,1,4,7,6,4,4,3,27,28,15,6,4,0,0,0,3,0,19,13,13,6,0,4,31,18,3,4,38,43,31.0,34.0,7.0,9.0,6.0,6.0,348,530,297.0,447.0,157,271,140,176,9.0,21.0,4.0,4.0,2.66,1.22,1.44,0.97,0.44,0.25,1.87,1.22,2.85,1.51,3,0,5,5,3,1,1,0,2,1,0.6935,0.0,1.8256,0.93,0.0872,0.0614,0.057,0.0,0.047,0.0199,6,5,3,0,3,2,1,0,1,0,1.2972,0.7636,0.138,0.0,0.4715,0.2478,0.0152,0.0,0.7884,0.0,14,7,14.21,11.96
4506949,2025-01-18,esp,2024/2025,LaLiga,20,Mario Melero López,7854,Leganes,9906,Atletico Madrid,1,1,0,32,68,9,19,3,4,4,11,2,4,0,2,5,12,4,7,2,9,2,5,1,5,9,33,16,6,1,3,0,0,2,2,7,9,4,5,5,2,36,11,3,2,33,41,20.0,29.0,13.0,12.0,7.0,7.0,304,626,240.0,552.0,128,204,112,348,24.0,26.0,1.0,7.0,0.41,2.42,0.3,1.34,0.1,0.29,0.41,1.63,0.36,0.67,0,3,1,9,4,0,4,5,0,2,0.0,0.5859,0.0288,1.6282,0.1939,0.0,0.271,0.2056,0.0,0.05,6,11,0,2,1,4,2,1,0,1,0.3624,1.021,0.0,0.3688,0.0288,0.2058,0.1026,0.0858,0.0,0.7884,9,19,17.43,16.42
4506949,2025-01-18,esp,2024/2025,LaLiga,20,Mario Melero López,9906,Atletico Madrid,7854,Leganes,0,0,1,68,32,19,9,4,3,11,4,4,2,2,0,12,5,7,4,9,2,5,2,5,1,33,9,6,16,3,1,0,0,2,2,9,7,5,4,2,5,11,36,2,3,41,33,29.0,20.0,12.0,13.0,7.0,7.0,626,304,552.0,240.0,204,128,348,112,26.0,24.0,7.0,1.0,2.42,0.41,1.34,0.3,0.29,0.1,1.63,0.41,0.67,0.36,3,0,9,1,0,4,5,4,2,0,0.5859,0.0,1.6282,0.0288,0.0,0.1939,0.2056,0.271,0.05,0.0,11,6,2,0,4,1,1,2,1,0,1.021,0.3624,0.3688,0.0,0.2058,0.0288,0.0858,0.1026,0.7884,0.0,19,9,16.42,17.43
4506950,2025-01-18,esp,2024/2025,LaLiga,20,Pablo González Fuertes,8305,Getafe,8634,Barcelona,1,1,1,22,78,10,21,4,5,5,7,1,9,0,0,7,11,3,10,2,10,1,6,0,5,17,52,9,9,3,2,0,0,2,4,20,10,16,7,9,1,50,15,4,3,46,55,32.0,33.0,14.0,22.0,4.0,16.0,190,670,116.0,578.0,40,221,76,357,20.0,18.0,1.0,3.0,1.32,2.35,1.3,1.85,0.02,0.51,1.32,2.35,1.3,2.36,1,6,5,3,1,2,2,6,1,4,0.7971,1.4852,0.4077,0.6823,0.0338,0.0361,0.1145,0.1839,0.0039,0.0662,6,14,3,1,0,4,1,2,0,0,1.1204,1.8104,0.2032,0.1375,0.0,0.2419,0.0335,0.2639,0.0,0.0,10,21,21.86,16.71
4506950,2025-01-18,esp,2024/2025,LaLiga,20,Pablo González Fuertes,8634,Barcelona,8305,Getafe,0,1,1,78,22,21,10,5,4,7,5,9,1,0,0,11,7,10,3,10,2,6,1,5,0,52,17,9,9,2,3,0,0,4,2,10,20,7,16,1,9,15,50,3,4,55,46,33.0,32.0,22.0,14.0,16.0,4.0,670,190,578.0,116.0,221,40,357,76,18.0,20.0,3.0,1.0,2.35,1.32,1.85,1.3,0.51,0.02,2.35,1.32,2.36,1.3,6,1,3,5,2,1,6,2,4,1,1.4852,0.7971,0.6823,0.4077,0.0361,0.0338,0.1839,0.1145,0.0662,0.0039,14,6,1,3,4,0,2,1,0,0,1.8104,1.1204,0.1375,0.2032,0.2419,0.0,0.2639,0.0335,0.0,0.0,21,10,16.71,21.86
4506954,2025-01-18,esp,2024/2025,LaLiga,20,Alejandro José Hernández Hernández,8603,Real Betis,9866,Deportivo Alaves,1,1,3,50,50,7,9,2,5,0,3,5,1,0,0,6,6,1,3,2,3,0,3,0,1,18,20,12,24,4,5,1,0,0,0,15,32,10,10,1,4,28,20,2,1,67,65,43.0,47.0,24.0,18.0,7.0,5.0,427,412,332.0,320.0,189,145,143,175,40.0,26.0,3.0,3.0,0.53,1.49,0.45,0.51,0.08,0.18,0.53,0.7,0.43,1.6,0,0,4,6,2,0,1,1,0,2,0.0,0.0,0.4168,1.3984,0.0851,0.0,0.0147,0.0421,0.0,0.0458,1,6,3,0,1,0,2,2,0,1,0.0804,0.5137,0.369,0.0,0.0147,0.0,0.0525,0.1843,0.0,0.7884,7,9,15.39,15.6
4506954,2025-01-18,esp,2024/2025,LaLiga,20,Alejandro José Hernández Hernández,9866,Deportivo Alaves,8603,Real Betis,0,3,1,50,50,9,7,5,2,3,0,1,5,0,0,6,6,3,1,3,2,3,0,1,0,20,18,24,12,5,4,0,1,0,0,32,15,10,10,4,1,20,28,1,2,65,67,47.0,43.0,18.0,24.0,5.0,7.0,412,427,320.0,332.0,145,189,175,143,26.0,40.0,3.0,3.0,1.49,0.53,0.51,0.45,0.18,0.08,0.7,0.53,1.6,0.43,0,0,6,4,0,2,1,1,2,0,0.0,0.0,1.3984,0.4168,0.0,0.0851,0.0421,0.0147,0.0458,0.0,6,1,0,3,0,1,2,2,1,0,0.5137,0.0804,0.0,0.369,0.0,0.0147,0.1843,0.0525,0.7884,0.0,9,7,15.6,15.39
4506946,2025-01-19,esp,2024/2025,LaLiga,20,Alejandro Muñíz Ruiz,8371,Osasuna,8370,Rayo Vallecano,1,1,1,52,48,12,8,3,3,3,3,6,2,0,1,8,5,4,3,6,3,2,1,1,0,30,17,9,13,3,2,0,0,2,2,14,18,4,10,2,6,24,37,3,2,58,54,31.0,40.0,27.0,14.0,5.0,13.0,414,399,339.0,308.0,141,188,198,120,33.0,22.0,9.0,1.0,0.76,0.76,0.34,0.67,0.42,0.09,0.76,0.76,0.24,0.38,0,0,7,4,1,1,4,2,0,1,0.0,0.0,0.6107,0.7147,0.0301,0.0323,0.1219,0.0391,0.0,0.0149,5,6,0,0,3,1,4,1,0,0,0.339,0.7071,0.0,0.0,0.244,0.0667,0.1796,0.0272,0.0,0.0,12,8,15.13,22.98
4506946,2025-01-19,esp,2024/2025,LaLiga,20,Alejandro Muñíz Ruiz,8370,Rayo Vallecano,8371,Osasuna,0,1,1,48,52,8,12,3,3,3,3,2,6,1,0,5,8,3,4,3,6,1,2,0,1,17,30,13,9,2,3,0,0,2,2,18,14,10,4,6,2,37,24,2,3,54,58,40.0,31.0,14.0,27.0,13.0,5.0,399,414,308.0,339.0,188,141,120,198,22.0,33.0,1.0,9.0,0.76,0.76,0.67,0.34,0.09,0.42,0.76,0.76,0.38,0.24,0,0,4,7,1,1,2,4,1,0,0.0,0.0,0.7147,0.6107,0.0323,0.0301,0.0391,0.1219,0.0149,0.0,6,5,0,0,1,3,1,4,0,0,0.7071,0.339,0.0,0.0,0.0667,0.244,0.0272,0.1796,0.0,0.0,8,12,22.98,15.13
4506948,2025-01-19,esp,2024/2025,LaLiga,20,Miguel Ángel Ortiz Arias,9910,Celta Vigo,8315,Athletic Club,1,1,2,59,41,3,14,1,6,2,5,0,3,0,0,1,8,2,6,3,4,1,4,0,2,9,22,14,6,1,0,1,0,3,0,20,19,8,13,3,0,13,20,4,0,33,45,28.0,42.0,5.0,3.0,2.0,9.0,619,434,523.0,346.0,320,188,203,158,34.0,17.0,1.0,6.0,0.59,1.83,0.59,1.81,0.0,0.02,0.59,1.83,0.86,1.43,0,3,1,3,0,3,2,4,0,1,0.0,1.182,0.5302,0.3694,0.0,0.0882,0.0643,0.1721,0.0,0.0171,3,13,0,0,0,0,0,1,0,0,0.5945,1.8092,0.0,0.0,0.0,0.0,0.0,0.0196,0.0,0.0,3,14,19.5,16.04
4506948,2025-01-19,esp,2024/2025,LaLiga,20,Miguel Ángel Ortiz Arias,8315,Athletic Club,9910,Celta Vigo,0,2,1,41,59,14,3,6,1,5,2,3,0,0,0,8,1,6,2,4,3,4,1,2,0,22,9,6,14,0,1,0,1,0,3,19,20,13,8,0,3,20,13,0,4,45,33,42.0,28.0,3.0,5.0,9.0,2.0,434,619,346.0,523.0,188,320,158,203,17.0,34.0,6.0,1.0,1.83,0.59,1.81,0.59,0.02,0.0,1.83,0.59,1.43,0.86,3,0,3,1,3,0,4,2,1,0,1.182,0.0,0.3694,0.5302,0.0882,0.0,0.1721,0.0643,0.0171,0.0,13,3,0,0,0,0,1,0,0,0,1.8092,0.5945,0.0,0.0,0.0,0.0,0.0196,0.0,0.0,0.0,14,3,16.04,19.5
4506952,2025-01-19,esp,2024/2025,LaLiga,20,Víctor García Verdura,10267,Valencia,8560,Real Sociedad,1,1,0,35,65,7,9,2,3,2,3,3,3,0,0,6,7,1,2,4,7,3,1,2,1,19,26,10,12,3,4,0,0,2,3,18,14,13,6,3,3,48,20,3,1,57,55,33.0,31.0,24.0,24.0,5.0,8.0,269,513,184.0,411.0,97,203,87,208,22.0,31.0,3.0,3.0,1.64,0.81,1.57,0.55,0.06,0.26,1.64,0.81,1.05,0.08,2,0,2,7,2,0,0,1,1,1,0.7418,0.0,0.3632,0.7639,0.4577,0.0,0.0,0.0261,0.0168,0.0156,5,4,1,1,0,4,1,0,0,0,1.0946,0.27,0.4217,0.2803,0.0,0.2553,0.0632,0.0,0.0,0.0,7,9,12.7,15.92
4506952,2025-01-19,esp,2024/2025,LaLiga,20,Víctor García Verdura,8560,Real Sociedad,10267,Valencia,0,0,1,65,35,9,7,3,2,3,2,3,3,0,0,7,6,2,1,7,4,1,3,1,2,26,19,12,10,4,3,0,0,3,2,14,18,6,13,3,3,20,48,1,3,55,57,31.0,33.0,24.0,24.0,8.0,5.0,513,269,411.0,184.0,203,97,208,87,31.0,22.0,3.0,3.0,0.81,1.64,0.55,1.57,0.26,0.06,0.81,1.64,0.08,1.05,0,2,7,2,0,2,1,0,1,1,0.0,0.7418,0.7639,0.3632,0.0,0.4577,0.0261,0.0,0.0156,0.0168,4,5,1,1,4,0,0,1,0,0,0.27,1.0946,0.2803,0.4217,0.2553,0.0,0.0,0.0632,0.0,0.0,9,7,15.92,12.7
4506953,2025-01-19,esp,2024/2025,LaLiga,20,Alejandro Quintero González,8633,Real Madrid,8306,Las Palmas,1,4,1,61,39,26,6,13,2,10,3,3,1,2,0,21,5,5,1,8,2,9,2,5,1,56,7,11,13,0,1,0,1,6,0,21,10,12,10,1,3,10,17,1,9,50,28,43.0,24.0,7.0,4.0,9.0,4.0,565,356,521.0,292.0,256,175,265,117,30.0,20.0,5.0,1.0,5.91,1.16,4.98,1.16,0.15,0.0,5.13,1.16,5.47,1.02,5,1,14,0,2,4,2,0,3,1,2.7806,0.7216,2.6287,0.0,0.3358,0.3671,0.1247,0.0,0.0443,0.0135,20,4,1,2,3,0,1,0,1,0,4.8569,1.0459,0.1201,0.0563,0.1212,0.0,0.0276,0.0,0.7884,0.0,26,6,15.21,17.64
4506953,2025-01-19,esp,2024/2025,LaLiga,20,Alejandro Quintero González,8306,Las Palmas,8633,Real Madrid,0,1,4,39,61,6,26,2,13,3,10,1,3,0,2,5,21,1,5,2,8,2,9,1,5,7,56,13,11,1,0,1,0,0,6,10,21,10,12,3,1,17,10,9,1,28,50,24.0,43.0,4.0,7.0,4.0,9.0,356,565,292.0,521.0,175,256,117,265,20.0,30.0,1.0,5.0,1.16,5.91,1.16,4.98,0.0,0.15,1.16,5.13,1.02,5.47,1,5,0,14,4,2,0,2,1,3,0.7216,2.7806,0.0,2.6287,0.3671,0.3358,0.0,0.1247,0.0135,0.0443,4,20,2,1,0,3,0,1,0,1,1.0459,4.8569,0.0563,0.1201,0.0,0.1212,0.0,0.0276,0.0,0.7884,6,26,17.64,15.21
4506951,2025-01-20,esp,2024/2025,LaLiga,20,José Luis Munuera Montero,10205,Villarreal,8661,Mallorca,1,4,0,44,56,14,9,7,2,4,5,3,2,0,0,12,5,2,4,6,5,4,0,1,0,33,12,9,12,1,3,0,0,1,1,22,13,9,9,2,3,15,20,3,4,48,37,35.0,27.0,13.0,10.0,1.0,5.0,391,503,335.0,444.0,152,260,183,184,27.0,25.0,4.0,5.0,2.44,0.52,2.28,0.2,0.16,0.32,2.44,0.52,3.08,0.35,1,1,8,4,3,0,1,2,1,2,0.8442,0.1773,1.3509,0.2192,0.0865,0.0,0.1274,0.0506,0.0314,0.0637,7,4,6,0,1,2,0,3,0,0,1.343,0.198,0.9419,0.0,0.1555,0.0852,0.0,0.2276,0.0,0.0,14,9,13.54,17.98
4506951,2025-01-20,esp,2024/2025,LaLiga,20,José Luis Munuera Montero,8661,Mallorca,10205,Villarreal,0,0,4,56,44,9,14,2,7,5,4,2,3,0,0,5,12,4,2,5,6,0,4,0,1,12,33,12,9,3,1,0,0,1,1,13,22,9,9,3,2,20,15,4,3,37,48,27.0,35.0,10.0,13.0,5.0,1.0,503,391,444.0,335.0,260,152,184,183,25.0,27.0,5.0,4.0,0.52,2.44,0.2,2.28,0.32,0.16,0.52,2.44,0.35,3.08,1,1,4,8,0,3,2,1,2,1,0.1773,0.8442,0.2192,1.3509,0.0,0.0865,0.0506,0.1274,0.0637,0.0314,4,7,0,6,2,1,3,0,0,0,0.198,1.343,0.0,0.9419,0.0852,0.1555,0.2276,0.0,0.0,0.0,9,14,17.98,13.54
4506958,2025-01-24,esp,2024/2025,LaLiga,21,Jesús Gil Manzano,8306,Las Palmas,8371,Osasuna,1,1,1,51,49,16,16,7,4,5,6,4,6,0,1,6,11,10,5,4,2,1,3,1,2,16,28,14,17,5,8,1,0,4,1,14,12,8,3,6,3,21,24,3,6,44,49,32.0,34.0,12.0,15.0,3.0,10.0,403,375,321.0,286.0,153,166,168,120,22.0,21.0,1.0,6.0,0.79,2.7,0.21,2.47,0.57,0.23,0.79,2.7,0.66,2.1,0,2,4,7,2,2,5,3,5,2,0.0,0.9873,0.2932,1.2765,0.0942,0.1192,0.1962,0.2362,0.2022,0.0893,4,12,0,2,1,0,11,2,0,0,0.2145,2.2987,0.0,0.1845,0.0874,0.0,0.4838,0.2253,0.0,0.0,16,16,21.19,13.99
4506958,2025-01-24,esp,2024/2025,LaLiga,21,Jesús Gil Manzano,8371,Osasuna,8306,Las Palmas,0,1,1,49,51,16,16,4,7,6,5,6,4,1,0,11,6,5,10,2,4,3,1,2,1,28,16,17,14,8,5,0,1,1,4,12,14,3,8,3,6,24,21,6,3,49,44,34.0,32.0,15.0,12.0,10.0,3.0,375,403,286.0,321.0,166,153,120,168,21.0,22.0,6.0,1.0,2.7,0.79,2.47,0.21,0.23,0.57,2.7,0.79,2.1,0.66,2,0,7,4,2,2,3,5,2,5,0.9873,0.0,1.2765,0.2932,0.1192,0.0942,0.2362,0.1962,0.0893,0.2022,12,4,2,0,0,1,2,11,0,0,2.2987,0.2145,0.1845,0.0,0.0,0.0874,0.2253,0.4838,0.0,0.0,16,16,13.99,21.19
4506956,2025-01-25,esp,2024/2025,LaLiga,21,José María Sánchez Martínez,9906,Atletico Madrid,10205,Villarreal,1,1,1,59,41,20,11,8,1,8,8,4,2,0,0,11,11,9,0,5,6,2,2,1,1,37,25,10,14,4,2,0,0,0,0,15,21,10,14,2,3,14,25,0,7,47,46,39.0,35.0,8.0,11.0,12.0,8.0,587,399,512.0,325.0,215,181,297,144,18.0,27.0,4.0,7.0,1.71,2.23,1.58,0.2,0.12,1.24,1.71,1.44,1.57,0.82,1,2,5,7,5,2,8,0,1,0,0.8059,0.7933,0.4814,1.3795,0.1468,0.0648,0.248,0.0,0.0268,0.0,17,3,0,0,2,4,1,3,0,1,1.5838,0.1979,0.0,0.0,0.0502,0.3762,0.0749,0.8752,0.0,0.7884,20,11,18.52,10.65
4506956,2025-01-25,esp,2024/2025,LaLiga,21,José María Sánchez Martínez,10205,Villarreal,9906,Atletico Madrid,0,1,1,41,59,11,20,1,8,8,8,2,4,0,0,11,11,0,9,6,5,2,2,1,1,25,37,14,10,2,4,0,0,0,0,21,15,14,10,3,2,25,14,7,0,46,47,35.0,39.0,11.0,8.0,8.0,12.0,399,587,325.0,512.0,181,215,144,297,27.0,18.0,7.0,4.0,2.23,1.71,0.2,1.58,1.24,0.12,1.44,1.71,0.82,1.57,2,1,7,5,2,5,0,8,0,1,0.7933,0.8059,1.3795,0.4814,0.0648,0.1468,0.0,0.248,0.0,0.0268,3,17,0,0,4,2,3,1,1,0,0.1979,1.5838,0.0,0.0,0.3762,0.0502,0.8752,0.0749,0.7884,0.0,11,20,10.65,18.52
4506960,2025-01-25,esp,2024/2025,LaLiga,21,Javier Alberola Rojas,8661,Mallorca,8603,Real Betis,1,0,1,48,52,16,8,3,3,7,2,6,3,0,0,10,4,6,4,4,4,1,2,1,1,27,15,12,18,2,2,1,0,1,1,20,27,10,11,3,6,26,30,2,3,71,64,50.0,51.0,21.0,13.0,15.0,12.0,351,396,282.0,324.0,146,204,136,120,22.0,11.0,8.0,2.0,1.01,0.46,0.81,0.36,0.2,0.1,1.01,0.46,0.77,0.69,0,0,10,4,0,0,6,2,0,2,0.0,0.0,0.7906,0.3324,0.0,0.0,0.2228,0.042,0.0,0.0324,10,4,0,1,3,1,3,2,0,0,0.8104,0.2004,0.0,0.129,0.13,0.0122,0.0729,0.0652,0.0,0.0,16,8,17.16,20.57
4506960,2025-01-25,esp,2024/2025,LaLiga,21,Javier Alberola Rojas,8603,Real Betis,8661,Mallorca,0,1,0,52,48,8,16,3,3,2,7,3,6,0,0,4,10,4,6,4,4,2,1,1,1,15,27,18,12,2,2,0,1,1,1,27,20,11,10,6,3,30,26,3,2,64,71,51.0,50.0,13.0,21.0,12.0,15.0,396,351,324.0,282.0,204,146,120,136,11.0,22.0,2.0,8.0,0.46,1.01,0.36,0.81,0.1,0.2,0.46,1.01,0.69,0.77,0,0,4,10,0,0,2,6,2,0,0.0,0.0,0.3324,0.7906,0.0,0.0,0.042,0.2228,0.0324,0.0,4,10,1,0,1,3,2,3,0,0,0.2004,0.8104,0.129,0.0,0.0122,0.13,0.0652,0.0729,0.0,0.0,8,16,20.57,17.16
4506963,2025-01-25,esp,2024/2025,LaLiga,21,Mateo Busquets Ferrer,10281,Real Valladolid,8633,Real Madrid,1,0,3,32,68,6,20,2,4,3,7,1,9,0,0,4,10,2,10,1,7,0,3,0,1,8,24,11,12,1,3,1,0,2,3,10,13,10,4,9,1,16,16,1,2,34,43,28.0,33.0,6.0,10.0,6.0,10.0,312,694,268.0,643.0,155,214,113,429,16.0,13.0,2.0,3.0,0.19,1.99,0.08,1.11,0.11,0.09,0.19,1.21,0.12,1.33,1,1,1,6,2,3,0,6,2,4,0.0859,0.1176,0.0242,1.2776,0.0472,0.3107,0.0,0.1898,0.0427,0.098,3,15,1,1,1,2,1,1,0,1,0.0592,1.0132,0.0308,0.1002,0.0859,0.0418,0.0242,0.0501,0.0,0.7884,6,20,18.04,19.48
4506963,2025-01-25,esp,2024/2025,LaLiga,21,Mateo Busquets Ferrer,8633,Real Madrid,10281,Real Valladolid,0,3,0,68,32,20,6,4,2,7,3,9,1,0,0,10,4,10,2,7,1,3,0,1,0,24,8,12,11,3,1,0,1,3,2,13,10,4,10,1,9,16,16,2,1,43,34,33.0,28.0,10.0,6.0,10.0,6.0,694,312,643.0,268.0,214,155,429,113,13.0,16.0,3.0,2.0,1.99,0.19,1.11,0.08,0.09,0.11,1.21,0.19,1.33,0.12,1,1,6,1,3,2,6,0,4,2,0.1176,0.0859,1.2776,0.0242,0.3107,0.0472,0.1898,0.0,0.098,0.0427,15,3,1,1,2,1,1,1,1,0,1.0132,0.0592,0.1002,0.0308,0.0418,0.0859,0.0501,0.0242,0.7884,0.0,20,6,19.48,18.04
4506964,2025-01-25,esp,2024/2025,LaLiga,21,Adrián Cordero Vega,8302,Sevilla,8558,Espanyol,1,1,1,75,25,25,6,4,1,13,2,8,3,2,0,14,5,11,1,5,1,1,2,1,1,29,8,13,14,1,4,0,0,0,0,9,27,7,8,3,7,2,35,0,3,53,61,34.0,45.0,19.0,16.0,12.0,6.0,654,218,575.0,133.0,282,99,293,34,24.0,19.0,6.0,3.0,1.2,0.69,0.98,0.14,0.22,0.55,1.2,0.69,0.48,0.91,0,0,8,5,6,0,6,1,5,0,0.0,0.0,0.683,0.6595,0.1905,0.0,0.1937,0.0387,0.1287,0.0,21,0,0,1,1,1,3,4,0,0,0.9804,0.0,0.0,0.1408,0.1123,0.1631,0.1032,0.3943,0.0,0.0,25,6,18.83,12.37
4506964,2025-01-25,esp,2024/2025,LaLiga,21,Adrián Cordero Vega,8558,Espanyol,8302,Sevilla,0,1,1,25,75,6,25,1,4,2,13,3,8,0,2,5,14,1,11,1,5,2,1,1,1,8,29,14,13,4,1,0,0,0,0,27,9,8,7,7,3,35,2,3,0,61,53,45.0,34.0,16.0,19.0,6.0,12.0,218,654,133.0,575.0,99,282,34,293,19.0,24.0,3.0,6.0,0.69,1.2,0.14,0.98,0.55,0.22,0.69,1.2,0.91,0.48,0,0,5,8,0,6,1,6,0,5,0.0,0.0,0.6595,0.683,0.0,0.1905,0.0387,0.1937,0.0,0.1287,0,21,1,0,1,1,4,3,0,0,0.0,0.9804,0.1408,0.0,0.1631,0.1123,0.3943,0.1032,0.0,0.0,6,25,12.37,18.83
4506955,2025-01-26,esp,2024/2025,LaLiga,21,Alejandro José Hernández Hernández,8315,Athletic Club,7854,Leganes,1,0,0,68,32,29,5,3,2,16,2,10,1,0,2,18,3,11,2,16,1,4,3,4,3,43,4,10,8,1,1,0,0,0,1,14,30,5,10,1,10,17,54,2,3,50,61,32.0,55.0,18.0,6.0,10.0,15.0,526,269,460.0,190.0,107,106,353,84,11.0,15.0,13.0,1.0,2.08,0.86,1.56,0.85,0.52,0.01,2.08,0.86,0.73,0.74,0,1,12,1,6,1,8,2,3,0,0.0,0.3274,1.4334,0.2316,0.1999,0.4042,0.3451,0.0589,0.1063,0.0,20,3,2,1,5,0,2,1,0,0,1.4529,0.9632,0.107,0.0424,0.3535,0.0,0.1713,0.0165,0.0,0.0,29,5,17.6,15.47
4506955,2025-01-26,esp,2024/2025,LaLiga,21,Alejandro José Hernández Hernández,7854,Leganes,8315,Athletic Club,0,0,0,32,68,5,29,2,3,2,16,1,10,2,0,3,18,2,11,1,16,3,4,3,4,4,43,8,10,1,1,0,0,1,0,30,14,10,5,10,1,54,17,3,2,61,50,55.0,32.0,6.0,18.0,15.0,10.0,269,526,190.0,460.0,106,107,84,353,15.0,11.0,1.0,13.0,0.86,2.08,0.85,1.56,0.01,0.52,0.86,2.08,0.74,0.73,1,0,1,12,1,6,2,8,0,3,0.3274,0.0,0.2316,1.4334,0.4042,0.1999,0.0589,0.3451,0.0,0.1063,3,20,1,2,0,5,1,2,0,0,0.9632,1.4529,0.0424,0.107,0.0,0.3535,0.0165,0.1713,0.0,0.0,5,29,15.47,17.6
4506957,2025-01-26,esp,2024/2025,LaLiga,21,César Soto Grado,8634,Barcelona,10267,Valencia,1,7,1,72,28,22,7,11,2,6,3,5,2,1,0,16,6,6,1,14,4,9,2,4,1,38,17,10,12,0,1,0,0,0,4,11,12,6,11,2,5,16,22,1,5,47,34,38.0,28.0,9.0,6.0,15.0,7.0,707,265,638.0,198.0,372,98,266,100,19.0,21.0,4.0,3.0,4.4,1.43,4.16,0.52,0.24,0.91,4.4,1.43,5.51,0.94,2,1,9,3,5,2,5,1,1,0,0.4467,0.9325,3.2571,0.495,0.8521,0.0738,0.1327,0.0383,0.0322,0.0,18,4,0,1,4,1,0,1,0,0,4.4806,0.5466,0.0,0.0221,0.2402,0.9325,0.0,0.0383,0.0,0.0,22,7,15.56,13.88
4506957,2025-01-26,esp,2024/2025,LaLiga,21,César Soto Grado,10267,Valencia,8634,Barcelona,0,1,7,28,72,7,22,2,11,3,6,2,5,0,1,6,16,1,6,4,14,2,9,1,4,17,38,12,10,1,0,0,0,4,0,12,11,11,6,5,2,22,16,5,1,34,47,28.0,38.0,6.0,9.0,7.0,15.0,265,707,198.0,638.0,98,372,100,266,21.0,19.0,3.0,4.0,1.43,4.4,0.52,4.16,0.91,0.24,1.43,4.4,0.94,5.51,1,2,3,9,2,5,1,5,0,1,0.9325,0.4467,0.495,3.2571,0.0738,0.8521,0.0383,0.1327,0.0,0.0322,4,18,1,0,1,4,1,0,0,0,0.5466,4.4806,0.0221,0.0,0.9325,0.2402,0.0383,0.0,0.0,0.0,7,22,13.88,15.56
4506961,2025-01-26,esp,2024/2025,LaLiga,21,Guillermo Cuadra Fernández,8560,Real Sociedad,8305,Getafe,1,0,3,56,44,13,13,4,4,5,8,4,1,0,0,7,8,6,5,5,2,2,3,2,0,23,25,11,15,3,6,0,0,1,2,23,17,15,7,1,4,38,53,1,4,78,63,48.0,33.0,30.0,30.0,11.0,5.0,366,281,241.0,185.0,119,63,122,122,23.0,32.0,5.0,6.0,0.96,1.45,0.82,1.3,0.14,0.15,0.96,1.45,0.88,1.47,0,0,5,6,2,2,6,3,0,2,0.0,0.0,0.5961,1.2741,0.1029,0.0605,0.2565,0.0937,0.0,0.0514,6,8,3,1,3,2,1,2,0,0,0.6202,1.0758,0.2213,0.2585,0.0604,0.0682,0.0536,0.0772,0.0,0.0,13,13,18.54,19.71
4506961,2025-01-26,esp,2024/2025,LaLiga,21,Guillermo Cuadra Fernández,8305,Getafe,8560,Real Sociedad,0,3,0,44,56,13,13,4,4,8,5,1,4,0,0,8,7,5,6,2,5,3,2,0,2,25,23,15,11,6,3,0,0,2,1,17,23,7,15,4,1,53,38,4,1,63,78,33.0,48.0,30.0,30.0,5.0,11.0,281,366,185.0,241.0,63,119,122,122,32.0,23.0,6.0,5.0,1.45,0.96,1.3,0.82,0.15,0.14,1.45,0.96,1.47,0.88,0,0,6,5,2,2,3,6,2,0,0.0,0.0,1.2741,0.5961,0.0605,0.1029,0.0937,0.2565,0.0514,0.0,8,6,1,3,2,3,2,1,0,0,1.0758,0.6202,0.2585,0.2213,0.0682,0.0604,0.0772,0.0536,0.0,0.0,13,13,19.71,18.54
4506962,2025-01-26,esp,2024/2025,LaLiga,21,Isidro Díaz de Mera Escuderos,8370,Rayo Vallecano,7732,Girona,1,2,1,57,43,17,12,7,5,8,4,2,3,0,0,8,9,9,3,4,1,5,3,3,2,28,16,19,9,3,1,0,0,0,1,15,16,8,18,3,2,15,27,4,5,38,54,29.0,42.0,9.0,12.0,6.0,10.0,527,400,442.0,311.0,240,180,202,131,23.0,20.0,8.0,4.0,2.41,0.99,2.4,0.6,0.01,0.39,2.41,0.99,1.83,1.34,3,2,4,4,1,3,5,2,4,1,1.1333,0.3369,1.0121,0.4762,0.0153,0.0902,0.143,0.0746,0.0906,0.0153,15,7,2,1,0,0,0,4,0,0,2.0855,0.3589,0.3086,0.2396,0.0,0.0,0.0,0.3947,0.0,0.0,17,12,18.71,16.74
4506962,2025-01-26,esp,2024/2025,LaLiga,21,Isidro Díaz de Mera Escuderos,7732,Girona,8370,Rayo Vallecano,0,1,2,43,57,12,17,5,7,4,8,3,2,0,0,9,8,3,9,1,4,3,5,2,3,16,28,9,19,1,3,0,0,1,0,16,15,18,8,2,3,27,15,5,4,54,38,42.0,29.0,12.0,9.0,10.0,6.0,400,527,311.0,442.0,180,240,131,202,20.0,23.0,4.0,8.0,0.99,2.41,0.6,2.4,0.39,0.01,0.99,2.41,1.34,1.83,2,3,4,4,3,1,2,5,1,4,0.3369,1.1333,0.4762,1.0121,0.0902,0.0153,0.0746,0.143,0.0153,0.0906,7,15,1,2,0,0,4,0,0,0,0.3589,2.0855,0.2396,0.3086,0.0,0.0,0.3947,0.0,0.0,0.0,12,17,16.74,18.71
4506959,2025-01-27,esp,2024/2025,LaLiga,21,Francisco José Hernández Maeso,9866,Deportivo Alaves,9910,Celta Vigo,1,1,1,50,50,3,5,1,2,2,2,0,1,0,0,2,1,1,4,3,4,1,0,0,0,8,9,15,14,2,3,0,0,1,0,26,14,13,10,1,0,21,16,1,0,73,54,45.0,32.0,28.0,22.0,7.0,5.0,473,464,369.0,372.0,216,201,153,171,34.0,35.0,2.0,1.0,0.95,0.12,0.04,0.07,0.11,0.05,0.16,0.12,0.86,0.48,1,0,1,0,0,1,0,4,1,0,0.1129,0.0,0.7884,0.0,0.0,0.0158,0.0,0.1039,0.0442,0.0,1,3,0,0,1,1,0,1,1,0,0.0442,0.0696,0.0,0.0,0.1129,0.0343,0.0,0.0158,0.7884,0.0,3,5,13.51,23.08
4506959,2025-01-27,esp,2024/2025,LaLiga,21,Francisco José Hernández Maeso,9910,Celta Vigo,9866,Deportivo Alaves,0,1,1,50,50,5,3,2,1,2,2,1,0,0,0,1,2,4,1,4,3,0,1,0,0,9,8,14,15,3,2,0,0,0,1,14,26,10,13,0,1,16,21,0,1,54,73,32.0,45.0,22.0,28.0,5.0,7.0,464,473,372.0,369.0,201,216,171,153,35.0,34.0,1.0,2.0,0.12,0.95,0.07,0.04,0.05,0.11,0.12,0.16,0.48,0.86,0,1,0,1,1,0,4,0,0,1,0.0,0.1129,0.0,0.7884,0.0158,0.0,0.1039,0.0,0.0,0.0442,3,1,0,0,1,1,1,0,0,1,0.0696,0.0442,0.0,0.0,0.0343,0.1129,0.0158,0.0,0.0,0.7884,5,3,23.08,13.51
4506970,2025-01-31,esp,2024/2025,LaLiga,22,Alejandro Quintero González,7854,Leganes,8370,Rayo Vallecano,1,0,1,34,66,5,19,1,3,2,8,2,8,0,1,2,11,3,8,2,9,2,4,2,3,6,30,7,19,2,4,1,0,2,0,24,19,8,9,8,2,31,15,2,1,61,46,51.0,34.0,10.0,12.0,8.0,9.0,281,555,204.0,494.0,136,223,68,271,21.0,9.0,2.0,4.0,0.96,2.28,0.03,0.81,0.13,1.46,0.17,2.28,0.6,1.5,0,5,2,5,0,1,2,6,1,2,0.0,1.6458,0.9004,0.7594,0.0,0.0483,0.034,0.1739,0.014,0.0959,1,10,1,1,1,7,1,1,1,0,0.0225,0.7972,0.0115,0.0151,0.014,1.8303,0.112,0.0805,0.7884,0.0,5,19,25.27,16.53
4506970,2025-01-31,esp,2024/2025,LaLiga,22,Alejandro Quintero González,8370,Rayo Vallecano,7854,Leganes,0,1,0,66,34,19,5,3,1,8,2,8,2,1,0,11,2,8,3,9,2,4,2,3,2,30,6,19,7,4,2,0,1,0,2,19,24,9,8,2,8,15,31,1,2,46,61,34.0,51.0,12.0,10.0,9.0,8.0,555,281,494.0,204.0,223,136,271,68,9.0,21.0,4.0,2.0,2.28,0.96,0.81,0.03,1.46,0.13,2.28,0.17,1.5,0.6,5,0,5,2,1,0,6,2,2,1,1.6458,0.0,0.7594,0.9004,0.0483,0.0,0.1739,0.034,0.0959,0.014,10,1,1,1,7,1,1,1,0,1,0.7972,0.0225,0.0151,0.0115,1.8303,0.014,0.0805,0.112,0.0,0.7884,19,5,16.53,25.27
4506965,2025-02-01,esp,2024/2025,LaLiga,22,Víctor García Verdura,9906,Atletico Madrid,8661,Mallorca,1,2,0,52,48,17,10,5,1,8,2,4,7,1,2,7,5,10,5,10,4,3,0,2,0,27,16,9,14,2,3,0,0,2,0,10,10,5,5,7,4,21,27,1,3,43,42,32.0,25.0,11.0,17.0,8.0,7.0,461,415,395.0,348.0,179,178,216,170,28.0,37.0,2.0,5.0,1.29,0.48,0.85,0.28,0.44,0.2,1.29,0.48,1.63,0.04,1,0,2,4,4,1,3,4,7,1,0.2535,0.0,0.45,0.3077,0.2835,0.057,0.1126,0.1225,0.1952,0.0214,10,8,0,0,6,2,1,0,0,0,0.8543,0.3354,0.0,0.0,0.3874,0.1732,0.0532,0.0,0.0,0.0,17,10,20.31,17.38
4506965,2025-02-01,esp,2024/2025,LaLiga,22,Víctor García Verdura,8661,Mallorca,9906,Atletico Madrid,0,0,2,48,52,10,17,1,5,2,8,7,4,2,1,5,7,5,10,4,10,0,3,0,2,16,27,14,9,3,2,0,0,0,2,10,10,5,5,4,7,27,21,3,1,42,43,25.0,32.0,17.0,11.0,7.0,8.0,415,461,348.0,395.0,178,179,170,216,37.0,28.0,5.0,2.0,0.48,1.29,0.28,0.85,0.2,0.44,0.48,1.29,0.04,1.63,0,1,4,2,1,4,4,3,1,7,0.0,0.2535,0.3077,0.45,0.057,0.2835,0.1225,0.1126,0.0214,0.1952,8,10,0,0,2,6,0,1,0,0,0.3354,0.8543,0.0,0.0,0.1732,0.3874,0.0,0.0532,0.0,0.0,10,17,17.38,20.31
4506966,2025-02-01,esp,2024/2025,LaLiga,22,Ricardo De Burgos Bengoetxea,8305,Getafe,8302,Sevilla,1,0,0,45,55,7,13,1,1,5,10,1,2,0,0,5,6,2,7,6,5,3,1,3,1,13,14,15,12,4,6,0,0,0,2,18,18,4,7,3,1,21,30,0,1,52,64,35.0,42.0,17.0,22.0,5.0,14.0,308,383,226.0,303.0,95,208,131,95,26.0,26.0,6.0,2.0,0.99,0.94,0.97,0.67,0.01,0.27,0.99,0.94,0.43,0.0,1,1,4,3,0,2,0,3,2,4,0.2765,0.1083,0.6551,0.4686,0.0,0.0791,0.0,0.1142,0.0554,0.1658,6,7,0,2,0,2,1,2,0,0,0.9743,0.6271,0.0,0.0971,0.0,0.1202,0.0126,0.0916,0.0,0.0,7,13,17.66,23.4
4506966,2025-02-01,esp,2024/2025,LaLiga,22,Ricardo De Burgos Bengoetxea,8302,Sevilla,8305,Getafe,0,0,0,55,45,13,7,1,1,10,5,2,1,0,0,6,5,7,2,5,6,1,3,1,3,14,13,12,15,6,4,0,0,2,0,18,18,7,4,1,3,30,21,1,0,64,52,42.0,35.0,22.0,17.0,14.0,5.0,383,308,303.0,226.0,208,95,95,131,26.0,26.0,2.0,6.0,0.94,0.99,0.67,0.97,0.27,0.01,0.94,0.99,0.0,0.43,1,1,3,4,2,0,3,0,4,2,0.1083,0.2765,0.4686,0.6551,0.0791,0.0,0.1142,0.0,0.1658,0.0554,7,6,2,0,2,0,2,1,0,0,0.6271,0.9743,0.0971,0.0,0.1202,0.0,0.0916,0.0126,0.0,0.0,13,7,23.4,17.66
4506969,2025-02-01,esp,2024/2025,LaLiga,22,Isidro Díaz de Mera Escuderos,10205,Villarreal,10281,Real Valladolid,1,5,1,53,47,22,8,8,2,9,4,5,2,0,0,15,5,7,3,3,6,8,1,5,1,37,10,9,14,1,2,0,0,2,1,14,17,9,4,2,5,20,22,1,3,53,50,38.0,38.0,15.0,12.0,10.0,12.0,481,427,417.0,362.0,196,252,221,110,22.0,26.0,3.0,3.0,3.49,0.52,2.42,0.15,1.07,0.37,3.49,0.52,2.63,0.03,1,1,11,3,3,1,6,3,1,0,0.5384,0.2111,2.3152,0.1256,0.166,0.1057,0.4479,0.1142,0.0205,0.0,17,4,0,0,2,3,3,1,0,0,2.7738,0.2024,0.0,0.0,0.1312,0.3058,0.583,0.0484,0.0,0.0,22,8,15.77,17.18
4506969,2025-02-01,esp,2024/2025,LaLiga,22,Isidro Díaz de Mera Escuderos,10281,Real Valladolid,10205,Villarreal,0,1,5,47,53,8,22,2,8,4,9,2,5,0,0,5,15,3,7,6,3,1,8,1,5,10,37,14,9,2,1,0,0,1,2,17,14,4,9,5,2,22,20,3,1,50,53,38.0,38.0,12.0,15.0,12.0,10.0,427,481,362.0,417.0,252,196,110,221,26.0,22.0,3.0,3.0,0.52,3.49,0.15,2.42,0.37,1.07,0.52,3.49,0.03,2.63,1,1,3,11,1,3,3,6,0,1,0.2111,0.5384,0.1256,2.3152,0.1057,0.166,0.1142,0.4479,0.0,0.0205,4,17,0,0,3,2,1,3,0,0,0.2024,2.7738,0.0,0.0,0.3058,0.1312,0.0484,0.583,0.0,0.0,8,22,17.18,15.77
4506971,2025-02-01,esp,2024/2025,LaLiga,22,Alejandro Muñíz Ruiz,8558,Espanyol,8633,Real Madrid,1,1,0,24,76,5,21,2,7,2,8,1,6,0,2,3,14,2,7,1,8,1,1,0,1,6,50,14,3,2,0,0,0,0,1,19,7,9,11,6,1,39,10,7,1,36,37,30.0,30.0,6.0,7.0,8.0,9.0,242,793,187.0,725.0,97,267,90,458,17.0,31.0,1.0,3.0,0.31,1.33,0.31,0.67,0.0,0.66,0.31,1.33,0.64,0.94,1,1,1,5,1,8,0,4,2,3,0.1279,0.3743,0.0551,0.3523,0.0381,0.2789,0.0,0.2395,0.0502,0.0844,3,15,2,0,0,3,0,3,0,0,0.0882,0.6718,0.183,0.0,0.0,0.4663,0.0,0.1913,0.0,0.0,5,21,19.04,17.09
4506971,2025-02-01,esp,2024/2025,LaLiga,22,Alejandro Muñíz Ruiz,8633,Real Madrid,8558,Espanyol,0,0,1,76,24,21,5,7,2,8,2,6,1,2,0,14,3,7,2,8,1,1,1,1,0,50,6,3,14,0,2,0,0,1,0,7,19,11,9,1,6,10,39,1,7,37,36,30.0,30.0,7.0,6.0,9.0,8.0,793,242,725.0,187.0,267,97,458,90,31.0,17.0,3.0,1.0,1.33,0.31,0.67,0.31,0.66,0.0,1.33,0.31,0.94,0.64,1,1,5,1,8,1,4,0,3,2,0.3743,0.1279,0.3523,0.0551,0.2789,0.0381,0.2395,0.0,0.0844,0.0502,15,3,0,2,3,0,3,0,0,0,0.6718,0.0882,0.0,0.183,0.4663,0.0,0.1913,0.0,0.0,0.0,21,5,17.09,19.04
4506968,2025-02-02,esp,2024/2025,LaLiga,22,Miguel Ángel Ortiz Arias,8371,Osasuna,8560,Real Sociedad,1,2,1,37,63,11,13,4,3,3,7,4,3,0,0,6,11,5,2,3,5,2,4,1,3,16,41,10,8,3,3,0,0,1,1,13,19,6,7,2,4,25,19,2,2,46,53,27.0,33.0,19.0,20.0,6.0,5.0,319,533,249.0,453.0,128,258,121,195,31.0,20.0,4.0,10.0,0.65,2.04,0.29,2.0,0.35,0.04,0.65,2.04,0.84,1.13,1,2,4,6,1,3,5,0,0,2,0.1843,1.2114,0.2802,0.6458,0.0325,0.1484,0.1761,0.0,0.0,0.0341,8,12,0,0,1,1,2,0,0,0,0.3982,1.9993,0.0,0.0,0.1843,0.0404,0.0906,0.0,0.0,0.0,11,13,15.43,15.11
4506968,2025-02-02,esp,2024/2025,LaLiga,22,Miguel Ángel Ortiz Arias,8560,Real Sociedad,8371,Osasuna,0,1,2,63,37,13,11,3,4,7,3,3,4,0,0,11,6,2,5,5,3,4,2,3,1,41,16,8,10,3,3,0,0,1,1,19,13,7,6,4,2,19,25,2,2,53,46,33.0,27.0,20.0,19.0,5.0,6.0,533,319,453.0,249.0,258,128,195,121,20.0,31.0,10.0,4.0,2.04,0.65,2.0,0.29,0.04,0.35,2.04,0.65,1.13,0.84,2,1,6,4,3,1,0,5,2,0,1.2114,0.1843,0.6458,0.2802,0.1484,0.0325,0.0,0.1761,0.0341,0.0,12,8,0,0,1,1,0,2,0,0,1.9993,0.3982,0.0,0.0,0.0404,0.1843,0.0,0.0906,0.0,0.0,13,11,15.11,15.43
4506972,2025-02-02,esp,2024/2025,LaLiga,22,Juan Martínez Munuera,8603,Real Betis,8315,Athletic Club,1,2,2,52,48,10,12,6,4,4,5,0,3,0,0,7,9,3,3,3,7,2,2,1,0,20,21,10,20,3,1,0,0,3,2,21,26,14,10,3,0,25,21,2,4,65,53,49.0,40.0,16.0,13.0,10.0,6.0,442,394,350.0,306.0,224,162,126,144,27.0,31.0,4.0,2.0,1.12,1.52,1.12,0.33,0.0,1.18,1.12,1.52,2.13,1.31,0,1,5,5,2,3,1,2,2,1,0.0,0.8834,1.0472,0.4238,0.0901,0.1342,0.0137,0.033,0.0308,0.0149,7,8,3,1,0,3,0,0,0,0,0.2751,0.2336,0.9068,0.0713,0.0,1.1846,0.0,0.0,0.0,0.0,10,12,16.9,15.38
4506972,2025-02-02,esp,2024/2025,LaLiga,22,Juan Martínez Munuera,8315,Athletic Club,8603,Real Betis,0,2,2,48,52,12,10,4,6,5,4,3,0,0,0,9,7,3,3,7,3,2,2,0,1,21,20,20,10,1,3,0,0,2,3,26,21,10,14,0,3,21,25,4,2,53,65,40.0,49.0,13.0,16.0,6.0,10.0,394,442,306.0,350.0,162,224,144,126,31.0,27.0,2.0,4.0,1.52,1.12,0.33,1.12,1.18,0.0,1.52,1.12,1.31,2.13,1,0,5,5,3,2,2,1,1,2,0.8834,0.0,0.4238,1.0472,0.1342,0.0901,0.033,0.0137,0.0149,0.0308,8,7,1,3,3,0,0,0,0,0,0.2336,0.2751,0.0713,0.9068,1.1846,0.0,0.0,0.0,0.0,0.0,12,10,15.38,16.9
4506973,2025-02-02,esp,2024/2025,LaLiga,22,Pablo González Fuertes,10267,Valencia,9910,Celta Vigo,1,2,1,46,54,8,3,5,2,2,1,1,0,0,0,8,2,0,1,5,2,3,1,2,0,25,21,9,17,1,2,0,0,2,2,19,22,17,7,0,1,20,12,1,3,57,45,44.0,34.0,13.0,11.0,8.0,5.0,449,519,373.0,428.0,205,241,168,187,24.0,17.0,2.0,3.0,1.67,0.46,1.58,0.46,0.09,0.0,1.67,0.46,2.05,0.6,2,0,3,2,3,0,0,1,0,0,1.1549,0.0,0.4228,0.3635,0.0955,0.0,0.0,0.0263,0.0,0.0,6,3,1,0,1,0,0,0,0,0,1.3399,0.3898,0.2442,0.0,0.0891,0.0,0.0,0.0,0.0,0.0,8,3,11.81,15.71
4506973,2025-02-02,esp,2024/2025,LaLiga,22,Pablo González Fuertes,9910,Celta Vigo,10267,Valencia,0,1,2,54,46,3,8,2,5,1,2,0,1,0,0,2,8,1,0,2,5,1,3,0,2,21,25,17,9,2,1,0,0,2,2,22,19,7,17,1,0,12,20,3,1,45,57,34.0,44.0,11.0,13.0,5.0,8.0,519,449,428.0,373.0,241,205,187,168,17.0,24.0,3.0,2.0,0.46,1.67,0.46,1.58,0.0,0.09,0.46,1.67,0.6,2.05,0,2,2,3,0,3,1,0,0,0,0.0,1.1549,0.3635,0.4228,0.0,0.0955,0.0263,0.0,0.0,0.0,3,6,0,1,0,1,0,0,0,0,0.3898,1.3399,0.0,0.2442,0.0,0.0891,0.0,0.0,0.0,0.0,3,8,15.71,11.81
4506974,2025-02-02,esp,2024/2025,LaLiga,22,José Luis Munuera Montero,8634,Barcelona,9866,Deportivo Alaves,1,1,0,70,30,11,3,4,0,3,1,4,2,0,0,7,2,4,1,5,2,2,0,1,0,19,7,8,20,5,2,0,0,2,11,9,21,3,10,2,4,17,24,0,3,64,50,47.0,31.0,17.0,19.0,19.0,3.0,625,251,554.0,179.0,268,87,286,92,26.0,18.0,3.0,2.0,0.98,0.09,0.48,0.05,0.5,0.05,0.98,0.09,1.72,0.0,1,0,3,1,3,1,3,1,1,0,0.406,0.0,0.292,0.0459,0.1099,0.0267,0.1341,0.0216,0.0338,0.0,7,2,0,1,4,0,0,0,0,0,0.4785,0.0726,0.0,0.0216,0.4972,0.0,0.0,0.0,0.0,0.0,11,3,17.6,20.42
4506974,2025-02-02,esp,2024/2025,LaLiga,22,José Luis Munuera Montero,9866,Deportivo Alaves,8634,Barcelona,0,0,1,30,70,3,11,0,4,1,3,2,4,0,0,2,7,1,4,2,5,0,2,0,1,7,19,20,8,2,5,0,0,11,2,21,9,10,3,4,2,24,17,3,0,50,64,31.0,47.0,19.0,17.0,3.0,19.0,251,625,179.0,554.0,87,268,92,286,18.0,26.0,2.0,3.0,0.09,0.98,0.05,0.48,0.05,0.5,0.09,0.98,0.0,1.72,0,1,1,3,1,3,1,3,0,1,0.0,0.406,0.0459,0.292,0.0267,0.1099,0.0216,0.1341,0.0,0.0338,2,7,1,0,0,4,0,0,0,0,0.0726,0.4785,0.0216,0.0,0.0,0.4972,0.0,0.0,0.0,0.0,3,11,20.42,17.6
4506967,2025-02-03,esp,2024/2025,LaLiga,22,Mario Melero López,7732,Girona,8306,Las Palmas,1,2,1,47,53,12,10,4,2,4,5,4,3,0,0,11,7,1,3,11,3,4,3,3,2,25,19,12,12,2,3,0,0,6,3,11,15,8,4,3,4,22,29,1,3,37,46,25.0,33.0,12.0,13.0,2.0,6.0,426,497,368.0,421.0,221,213,147,208,23.0,19.0,6.0,3.0,2.03,1.29,0.7,0.37,0.54,0.92,1.24,1.29,2.39,1.24,1,1,8,5,2,1,1,2,0,1,0.0735,0.806,1.8678,0.6068,0.0684,0.0098,0.0213,0.0733,0.0,0.0436,4,5,0,1,5,1,2,3,1,0,0.7048,0.5823,0.0,0.042,0.2442,0.0098,0.2936,0.9053,0.7884,0.0,12,10,14.01,14.6
4506967,2025-02-03,esp,2024/2025,LaLiga,22,Mario Melero López,8306,Las Palmas,7732,Girona,0,1,2,53,47,10,12,2,4,5,4,3,4,0,0,7,11,3,1,3,11,3,4,2,3,19,25,12,12,3,2,0,0,3,6,15,11,4,8,4,3,29,22,3,1,46,37,33.0,25.0,13.0,12.0,6.0,2.0,497,426,421.0,368.0,213,221,208,147,19.0,23.0,3.0,6.0,1.29,2.03,0.37,0.7,0.92,0.54,1.29,1.24,1.24,2.39,1,1,5,8,1,2,2,1,1,0,0.806,0.0735,0.6068,1.8678,0.0098,0.0684,0.0733,0.0213,0.0436,0.0,5,4,1,0,1,5,3,2,0,1,0.5823,0.7048,0.042,0.0,0.0098,0.2442,0.9053,0.2936,0.0,0.7884,10,12,14.6,14.01
4506977,2025-02-07,esp,2024/2025,LaLiga,23,Jesús Gil Manzano,8370,Rayo Vallecano,10281,Real Valladolid,1,1,0,69,31,20,8,6,3,9,4,5,1,0,0,11,5,9,3,4,2,5,1,4,1,30,9,11,15,2,2,0,0,0,1,15,15,2,10,1,6,14,31,3,4,54,45,36.0,32.0,18.0,13.0,6.0,6.0,571,258,491.0,169.0,222,106,269,63,27.0,18.0,5.0,5.0,2.32,0.41,2.24,0.26,0.08,0.15,2.32,0.41,0.78,0.35,0,0,9,5,2,0,6,2,3,1,0.0,0.0,1.901,0.3098,0.0893,0.0,0.2752,0.0712,0.0617,0.0508,17,5,0,0,2,1,1,2,0,0,2.2486,0.2786,0.0,0.0,0.0523,0.0836,0.0262,0.0696,0.0,0.0,20,8,17.62,17.46
4506977,2025-02-07,esp,2024/2025,LaLiga,23,Jesús Gil Manzano,10281,Real Valladolid,8370,Rayo Vallecano,0,0,1,31,69,8,20,3,6,4,9,1,5,0,0,5,11,3,9,2,4,1,5,1,4,9,30,15,11,2,2,0,0,1,0,15,15,10,2,6,1,31,14,4,3,45,54,32.0,36.0,13.0,18.0,6.0,6.0,258,571,169.0,491.0,106,222,63,269,18.0,27.0,5.0,5.0,0.41,2.32,0.26,2.24,0.15,0.08,0.41,2.32,0.35,0.78,0,0,5,9,0,2,2,6,1,3,0.0,0.0,0.3098,1.901,0.0,0.0893,0.0712,0.2752,0.0508,0.0617,5,17,0,0,1,2,2,1,0,0,0.2786,2.2486,0.0,0.0,0.0836,0.0523,0.0696,0.0262,0.0,0.0,8,20,17.46,17.62
4506975,2025-02-08,esp,2024/2025,LaLiga,23,José María Sánchez Martínez,8315,Athletic Club,7732,Girona,1,3,0,44,56,23,3,8,1,8,2,7,0,0,0,17,1,6,2,11,2,5,0,2,0,51,8,7,12,0,4,0,0,0,2,16,16,7,13,0,7,17,30,1,5,47,35,37.0,28.0,10.0,7.0,10.0,6.0,392,521,322.0,455.0,148,317,174,138,25.0,22.0,11.0,0.0,3.64,0.06,2.31,0.06,0.53,0.0,2.85,0.06,4.04,0.2,3,0,11,0,3,1,5,2,1,0,0.8757,0.0,2.3748,0.0,0.117,0.0267,0.2696,0.043,0.0213,0.0,12,3,2,0,6,0,2,0,1,0,2.152,0.0696,0.1811,0.0,0.4415,0.0,0.0953,0.0,0.7884,0.0,23,3,14.65,27.1
4506975,2025-02-08,esp,2024/2025,LaLiga,23,José María Sánchez Martínez,7732,Girona,8315,Athletic Club,0,0,3,56,44,3,23,1,8,2,8,0,7,0,0,1,17,2,6,2,11,0,5,0,2,8,51,12,7,4,0,0,0,2,0,16,16,13,7,7,0,30,17,5,1,35,47,28.0,37.0,7.0,10.0,6.0,10.0,521,392,455.0,322.0,317,148,138,174,22.0,25.0,0.0,11.0,0.06,3.64,0.06,2.31,0.0,0.53,0.06,2.85,0.2,4.04,0,3,0,11,1,3,2,5,0,1,0.0,0.8757,0.0,2.3748,0.0267,0.117,0.043,0.2696,0.0,0.0213,3,12,0,2,0,6,0,2,0,1,0.0696,2.152,0.0,0.1811,0.0,0.4415,0.0,0.0953,0.0,0.7884,3,23,27.1,14.65
4506978,2025-02-08,esp,2024/2025,LaLiga,23,Francisco José Hernández Maeso,8306,Las Palmas,10205,Villarreal,1,1,2,57,43,20,9,4,4,11,2,5,3,1,0,16,8,4,1,6,5,3,3,3,1,31,14,12,12,6,3,0,0,0,5,13,17,7,6,3,5,8,46,2,3,49,49,30.0,32.0,19.0,17.0,6.0,4.0,471,366,389.0,286.0,167,214,222,72,26.0,20.0,11.0,3.0,1.44,0.89,1.22,0.88,0.22,0.01,1.44,0.89,0.95,1.39,3,0,7,4,6,4,3,1,1,0,0.4671,0.0,0.5869,0.6805,0.2671,0.1706,0.0961,0.0416,0.0213,0.0,14,7,2,1,1,1,3,0,0,0,0.9811,0.8214,0.2343,0.0603,0.0309,0.0109,0.1923,0.0,0.0,0.0,20,9,15.75,15.85
4506978,2025-02-08,esp,2024/2025,LaLiga,23,Francisco José Hernández Maeso,10205,Villarreal,8306,Las Palmas,0,2,1,43,57,9,20,4,4,2,11,3,5,0,1,8,16,1,4,5,6,3,3,1,3,14,31,12,12,3,6,0,0,5,0,17,13,6,7,5,3,46,8,3,2,49,49,32.0,30.0,17.0,19.0,4.0,6.0,366,471,286.0,389.0,214,167,72,222,20.0,26.0,3.0,11.0,0.89,1.44,0.88,1.22,0.01,0.22,0.89,1.44,1.39,0.95,0,3,4,7,4,6,1,3,0,1,0.0,0.4671,0.6805,0.5869,0.1706,0.2671,0.0416,0.0961,0.0,0.0213,7,14,1,2,1,1,0,3,0,0,0.8214,0.9811,0.0603,0.2343,0.0109,0.0309,0.0,0.1923,0.0,0.0,9,20,15.85,15.75
4506980,2025-02-08,esp,2024/2025,LaLiga,23,César Soto Grado,8633,Real Madrid,9906,Atletico Madrid,1,1,1,60,40,23,10,9,1,7,7,7,2,1,0,11,6,12,4,6,1,5,2,4,1,33,18,14,13,1,3,0,0,2,1,14,20,10,9,2,7,10,26,0,8,51,40,43.0,38.0,8.0,2.0,17.0,4.0,665,441,617.0,381.0,184,255,433,126,25.0,33.0,2.0,3.0,1.72,1.47,1.49,0.66,0.23,0.01,1.72,0.68,1.85,0.8,2,0,7,3,3,3,8,3,3,1,0.3263,0.0,0.9581,1.1226,0.0908,0.2117,0.3034,0.1015,0.0417,0.0296,17,7,0,1,5,1,1,0,0,1,1.4944,0.6243,0.0,0.0392,0.1939,0.0134,0.0321,0.0,0.0,0.7884,23,10,18.02,16.74
4506980,2025-02-08,esp,2024/2025,LaLiga,23,César Soto Grado,9906,Atletico Madrid,8633,Real Madrid,0,1,1,40,60,10,23,1,9,7,7,2,7,0,1,6,11,4,12,1,6,2,5,1,4,18,33,13,14,3,1,0,0,1,2,20,14,9,10,7,2,26,10,8,0,40,51,38.0,43.0,2.0,8.0,4.0,17.0,441,665,381.0,617.0,255,184,126,433,33.0,25.0,3.0,2.0,1.47,1.72,0.66,1.49,0.01,0.23,0.68,1.72,0.8,1.85,0,2,3,7,3,3,3,8,1,3,0.0,0.3263,1.1226,0.9581,0.2117,0.0908,0.1015,0.3034,0.0296,0.0417,7,17,1,0,1,5,0,1,1,0,0.6243,1.4944,0.0392,0.0,0.0134,0.1939,0.0,0.0321,0.7884,0.0,10,23,16.74,18.02
4506982,2025-02-08,esp,2024/2025,LaLiga,23,Mateo Busquets Ferrer,9910,Celta Vigo,8603,Real Betis,1,3,2,55,45,14,12,6,5,4,3,4,4,0,2,8,9,6,3,4,7,5,1,4,0,33,31,11,11,3,5,0,0,2,3,17,15,13,7,3,4,24,23,3,3,45,50,33.0,36.0,12.0,14.0,6.0,10.0,558,446,477.0,370.0,259,202,218,168,26.0,19.0,2.0,10.0,2.26,1.29,1.65,0.39,0.61,0.9,2.26,1.29,2.46,1.99,1,2,5,4,2,3,5,2,1,1,0.9724,0.8401,0.8262,0.2264,0.1931,0.0968,0.2213,0.0972,0.0427,0.03,8,8,0,1,5,3,1,0,0,0,1.6462,0.329,0.0,0.0596,0.5752,0.9018,0.0342,0.0,0.0,0.0,14,12,16.24,14.42
4506982,2025-02-08,esp,2024/2025,LaLiga,23,Mateo Busquets Ferrer,8603,Real Betis,9910,Celta Vigo,0,2,3,45,55,12,14,5,6,3,4,4,4,2,0,9,8,3,6,7,4,1,5,0,4,31,33,11,11,5,3,0,0,3,2,15,17,7,13,4,3,23,24,3,3,50,45,36.0,33.0,14.0,12.0,10.0,6.0,446,558,370.0,477.0,202,259,168,218,19.0,26.0,10.0,2.0,1.29,2.26,0.39,1.65,0.9,0.61,1.29,2.26,1.99,2.46,2,1,4,5,3,2,2,5,1,1,0.8401,0.9724,0.2264,0.8262,0.0968,0.1931,0.0972,0.2213,0.03,0.0427,8,8,1,0,3,5,0,1,0,0,0.329,1.6462,0.0596,0.0,0.9018,0.5752,0.0,0.0342,0.0,0.0,12,14,14.42,16.24
4506979,2025-02-09,esp,2024/2025,LaLiga,23,Isidro Díaz de Mera Escuderos,9866,Deportivo Alaves,8305,Getafe,1,0,1,66,34,12,4,4,3,6,1,2,0,1,0,12,2,0,2,8,3,1,1,1,0,35,9,16,16,2,6,0,0,3,2,14,11,6,4,0,2,35,65,2,4,62,52,31.0,27.0,31.0,25.0,4.0,5.0,437,226,319.0,117.0,165,49,154,68,27.0,19.0,10.0,4.0,1.43,0.87,0.21,0.05,1.22,0.03,1.43,0.08,0.38,1.95,2,0,6,1,4,1,0,1,0,1,1.0025,0.0,0.3317,0.7884,0.0919,0.0212,0.0,0.0359,0.0,0.0088,6,2,0,0,5,0,1,1,0,1,0.2107,0.0571,0.0,0.0,1.1198,0.0,0.0956,0.0088,0.0,0.7884,12,4,11.96,20.78
4506979,2025-02-09,esp,2024/2025,LaLiga,23,Isidro Díaz de Mera Escuderos,8305,Getafe,9866,Deportivo Alaves,0,1,0,34,66,4,12,3,4,1,6,0,2,0,1,2,12,2,0,3,8,1,1,0,1,9,35,16,16,6,2,0,0,2,3,11,14,4,6,2,0,65,35,4,2,52,62,27.0,31.0,25.0,31.0,5.0,4.0,226,437,117.0,319.0,49,165,68,154,19.0,27.0,4.0,10.0,0.87,1.43,0.05,0.21,0.03,1.22,0.08,1.43,1.95,0.38,0,2,1,6,1,4,1,0,1,0,0.0,1.0025,0.7884,0.3317,0.0212,0.0919,0.0359,0.0,0.0088,0.0,2,6,0,0,0,5,1,1,1,0,0.0571,0.2107,0.0,0.0,0.0,1.1198,0.0088,0.0956,0.7884,0.0,4,12,20.78,11.96
4506981,2025-02-09,esp,2024/2025,LaLiga,23,Alejandro José Hernández Hernández,8302,Sevilla,8634,Barcelona,1,1,4,40,60,8,10,4,6,0,4,4,0,0,0,6,7,2,3,5,6,2,4,1,1,15,21,14,6,5,2,0,1,3,1,18,16,4,5,0,4,27,14,2,3,42,44,35.0,39.0,7.0,5.0,11.0,10.0,342,507,280.0,435.0,145,182,135,253,23.0,17.0,3.0,1.0,0.77,1.93,0.63,0.78,0.14,1.15,0.77,1.93,0.95,2.91,1,3,3,2,2,2,1,2,1,1,0.4026,1.5536,0.23,0.1742,0.056,0.0973,0.0214,0.0906,0.018,0.0124,6,8,0,0,2,1,0,1,0,0,0.5875,0.7763,0.0,0.0,0.1406,0.6443,0.0,0.5075,0.0,0.0,8,10,16.71,14.6
4506981,2025-02-09,esp,2024/2025,LaLiga,23,Alejandro José Hernández Hernández,8634,Barcelona,8302,Sevilla,0,4,1,60,40,10,8,6,4,4,0,0,4,0,0,7,6,3,2,6,5,4,2,1,1,21,15,6,14,2,5,1,0,1,3,16,18,5,4,4,0,14,27,3,2,44,42,39.0,35.0,5.0,7.0,10.0,11.0,507,342,435.0,280.0,182,145,253,135,17.0,23.0,1.0,3.0,1.93,0.77,0.78,0.63,1.15,0.14,1.93,0.77,2.91,0.95,3,1,2,3,2,2,2,1,1,1,1.5536,0.4026,0.1742,0.23,0.0973,0.056,0.0906,0.0214,0.0124,0.018,8,6,0,0,1,2,1,0,0,0,0.7763,0.5875,0.0,0.0,0.6443,0.1406,0.5075,0.0,0.0,0.0,10,8,14.6,16.71
4506983,2025-02-09,esp,2024/2025,LaLiga,23,Guillermo Cuadra Fernández,10267,Valencia,7854,Leganes,1,2,0,44,56,19,12,4,4,11,6,4,2,0,0,11,4,8,8,9,3,2,0,1,0,27,10,14,9,1,1,0,0,1,2,30,25,8,9,2,4,16,33,4,2,56,62,41.0,45.0,15.0,17.0,3.0,8.0,362,475,281.0,406.0,137,161,144,245,18.0,15.0,6.0,5.0,1.92,0.46,1.68,0.3,0.24,0.17,1.92,0.46,2.08,0.74,3,0,7,3,1,1,7,6,1,2,0.7264,0.0,0.8815,0.2046,0.0307,0.0391,0.2647,0.243,0.0155,0.0508,13,7,1,0,4,3,1,2,0,0,1.555,0.3738,0.1246,0.0,0.2153,0.0691,0.0239,0.0945,0.0,0.0,19,12,17.16,22.25
4506983,2025-02-09,esp,2024/2025,LaLiga,23,Guillermo Cuadra Fernández,7854,Leganes,10267,Valencia,0,0,2,56,44,12,19,4,4,6,11,2,4,0,0,4,11,8,8,3,9,0,2,0,1,10,27,9,14,1,1,0,0,2,1,25,30,9,8,4,2,33,16,2,4,62,56,45.0,41.0,17.0,15.0,8.0,3.0,475,362,406.0,281.0,161,137,245,144,15.0,18.0,5.0,6.0,0.46,1.92,0.3,1.68,0.17,0.24,0.46,1.92,0.74,2.08,0,3,3,7,1,1,6,7,2,1,0.0,0.7264,0.2046,0.8815,0.0391,0.0307,0.243,0.2647,0.0508,0.0155,7,13,0,1,3,4,2,1,0,0,0.3738,1.555,0.0,0.1246,0.0691,0.2153,0.0945,0.0239,0.0,0.0,12,19,22.25,17.16
4506984,2025-02-09,esp,2024/2025,LaLiga,23,Javier Alberola Rojas,8560,Real Sociedad,8558,Espanyol,1,2,1,70,30,13,4,3,1,5,1,5,2,0,0,9,3,4,1,6,0,2,1,1,0,22,8,11,17,1,2,0,0,0,3,17,12,3,15,2,5,22,22,0,3,54,47,42.0,28.0,12.0,19.0,10.0,6.0,553,246,463.0,167.0,205,102,258,65,29.0,30.0,4.0,0.0,1.66,0.87,1.49,0.08,0.17,0.0,1.66,0.08,1.67,0.72,1,0,5,1,3,2,2,1,2,0,0.3467,0.0,1.0559,0.7884,0.1236,0.0553,0.0635,0.0257,0.0753,0.0,10,3,0,0,1,0,2,0,0,1,1.4922,0.081,0.0,0.0,0.066,0.0,0.1069,0.0,0.0,0.7884,13,4,16.38,16.81
4506984,2025-02-09,esp,2024/2025,LaLiga,23,Javier Alberola Rojas,8558,Espanyol,8560,Real Sociedad,0,1,2,30,70,4,13,1,3,1,5,2,5,0,0,3,9,1,4,0,6,1,2,0,1,8,22,17,11,2,1,0,0,3,0,12,17,15,3,5,2,22,22,3,0,47,54,28.0,42.0,19.0,12.0,6.0,10.0,246,553,167.0,463.0,102,205,65,258,30.0,29.0,0.0,4.0,0.87,1.66,0.08,1.49,0.0,0.17,0.08,1.66,0.72,1.67,0,1,1,5,2,3,1,2,0,2,0.0,0.3467,0.7884,1.0559,0.0553,0.1236,0.0257,0.0635,0.0,0.0753,3,10,0,0,0,1,0,2,1,0,0.081,1.4922,0.0,0.0,0.0,0.066,0.0,0.1069,0.7884,0.0,4,13,16.81,16.38
4506976,2025-02-10,esp,2024/2025,LaLiga,23,Adrián Cordero Vega,8661,Mallorca,8371,Osasuna,1,1,1,46,54,10,19,2,4,5,4,3,11,0,0,8,12,2,7,7,11,1,2,0,1,21,29,7,11,1,4,0,0,3,0,17,21,13,9,11,3,39,25,3,1,47,52,30.0,32.0,17.0,20.0,2.0,5.0,345,397,283.0,324.0,143,135,140,189,34.0,27.0,4.0,9.0,1.24,1.5,0.3,1.31,0.15,0.19,0.45,1.5,0.83,1.28,1,2,2,7,5,3,1,5,1,2,0.0418,0.9261,0.8168,0.4288,0.3427,0.0979,0.0273,0.1679,0.0318,0.0509,4,10,1,2,2,6,2,1,1,0,0.1581,1.3639,0.1679,0.1195,0.0769,0.1646,0.0691,0.0236,0.7884,0.0,10,19,17.64,16.23
4506976,2025-02-10,esp,2024/2025,LaLiga,23,Adrián Cordero Vega,8371,Osasuna,8661,Mallorca,0,1,1,54,46,19,10,4,2,4,5,11,3,0,0,12,8,7,2,11,7,2,1,1,0,29,21,11,7,4,1,0,0,0,3,21,17,9,13,3,11,25,39,1,3,52,47,32.0,30.0,20.0,17.0,5.0,2.0,397,345,324.0,283.0,135,143,189,140,27.0,34.0,9.0,4.0,1.5,1.24,1.31,0.3,0.19,0.15,1.5,0.45,1.28,0.83,2,1,7,2,3,5,5,1,2,1,0.9261,0.0418,0.4288,0.8168,0.0979,0.3427,0.1679,0.0273,0.0509,0.0318,10,4,2,1,6,2,1,2,0,1,1.3639,0.1581,0.1195,0.1679,0.1646,0.0769,0.0236,0.0691,0.0,0.7884,19,10,16.23,17.64
4506990,2025-02-14,esp,2024/2025,LaLiga,24,Alejandro Quintero González,7732,Girona,8305,Getafe,1,1,2,71,29,14,10,4,6,6,2,4,2,0,0,9,5,5,5,3,3,3,2,2,0,22,13,11,23,2,3,1,0,2,4,14,22,6,4,2,4,16,33,4,3,56,51,45.0,41.0,11.0,10.0,11.0,9.0,557,228,474.0,151.0,245,61,229,90,20.0,19.0,12.0,3.0,0.87,0.56,0.38,0.48,0.49,0.08,0.87,0.56,1.33,1.29,0,0,5,4,4,1,4,2,1,3,0.0,0.0,0.4816,0.3885,0.1545,0.0409,0.207,0.0499,0.0241,0.0844,9,6,0,1,2,2,3,1,0,0,0.3755,0.4644,0.0,0.0217,0.2867,0.0429,0.205,0.0348,0.0,0.0,14,10,18.45,19.58
4506990,2025-02-14,esp,2024/2025,LaLiga,24,Alejandro Quintero González,8305,Getafe,7732,Girona,0,2,1,29,71,10,14,6,4,2,6,2,4,0,0,5,9,5,5,3,3,2,3,0,2,13,22,23,11,3,2,0,1,4,2,22,14,4,6,4,2,33,16,3,4,51,56,41.0,45.0,10.0,11.0,9.0,11.0,228,557,151.0,474.0,61,245,90,229,19.0,20.0,3.0,12.0,0.56,0.87,0.48,0.38,0.08,0.49,0.56,0.87,1.29,1.33,0,0,4,5,1,4,2,4,3,1,0.0,0.0,0.3885,0.4816,0.0409,0.1545,0.0499,0.207,0.0844,0.0241,6,9,1,0,2,2,1,3,0,0,0.4644,0.3755,0.0217,0.0,0.0429,0.2867,0.0348,0.205,0.0,0.0,10,14,19.58,18.45
4506985,2025-02-15,esp,2024/2025,LaLiga,24,Juan Martínez Munuera,9906,Atletico Madrid,9910,Celta Vigo,1,1,1,33,67,9,11,3,4,2,5,4,2,0,0,8,6,1,5,2,7,1,3,0,2,15,26,8,18,3,5,1,0,1,1,18,16,11,8,2,4,21,17,3,2,53,38,40.0,27.0,13.0,11.0,4.0,4.0,314,643,247.0,582.0,126,216,121,366,36.0,28.0,0.0,2.0,0.55,1.75,0.38,0.83,0.18,0.14,0.55,0.97,0.82,1.03,0,2,6,3,2,1,0,2,1,3,0.0,0.1579,0.4752,1.4253,0.0574,0.0312,0.0,0.065,0.0212,0.0744,4,7,1,1,0,2,4,0,0,1,0.3403,0.7955,0.0376,0.0312,0.0,0.1386,0.176,0.0,0.0,0.7884,9,11,15.94,17.44
4506985,2025-02-15,esp,2024/2025,LaLiga,24,Juan Martínez Munuera,9910,Celta Vigo,9906,Atletico Madrid,0,1,1,67,33,11,9,4,3,5,2,2,4,0,0,6,8,5,1,7,2,3,1,2,0,26,15,18,8,5,3,0,1,1,1,16,18,8,11,4,2,17,21,2,3,38,53,27.0,40.0,11.0,13.0,4.0,4.0,643,314,582.0,247.0,216,126,366,121,28.0,36.0,2.0,0.0,1.75,0.55,0.83,0.38,0.14,0.18,0.97,0.55,1.03,0.82,2,0,3,6,1,2,2,0,3,1,0.1579,0.0,1.4253,0.4752,0.0312,0.0574,0.065,0.0,0.0744,0.0212,7,4,1,1,2,0,0,4,1,0,0.7955,0.3403,0.0312,0.0376,0.1386,0.0,0.0,0.176,0.7884,0.0,11,9,17.44,15.94
4506988,2025-02-15,esp,2024/2025,LaLiga,24,José Luis Munuera Montero,8371,Osasuna,8633,Real Madrid,1,1,1,46,54,11,17,4,6,6,7,1,4,0,0,9,10,2,7,6,2,3,5,2,4,31,38,16,7,3,1,0,1,1,2,12,9,5,4,5,1,17,33,4,3,51,50,27.0,41.0,24.0,9.0,9.0,17.0,379,475,320.0,418.0,133,203,187,215,29.0,20.0,6.0,2.0,1.88,1.38,0.83,1.29,0.26,0.09,1.1,1.38,1.42,1.12,0,1,8,6,2,4,1,3,0,3,0.0,0.1984,1.8545,0.7474,0.0379,0.2908,0.0745,0.0534,0.0,0.0901,6,12,0,1,2,1,2,3,1,0,0.917,1.1835,0.0,0.1028,0.0763,0.0091,0.1852,0.0849,0.7884,0.0,11,17,12.28,18.44
4506988,2025-02-15,esp,2024/2025,LaLiga,24,José Luis Munuera Montero,8633,Real Madrid,8371,Osasuna,0,1,1,54,46,17,11,6,4,7,6,4,1,0,0,10,9,7,2,2,6,5,3,4,2,38,31,7,16,1,3,1,0,2,1,9,12,4,5,1,5,33,17,3,4,50,51,41.0,27.0,9.0,24.0,17.0,9.0,475,379,418.0,320.0,203,133,215,187,20.0,29.0,2.0,6.0,1.38,1.88,1.29,0.83,0.09,0.26,1.38,1.1,1.12,1.42,1,0,6,8,4,2,3,1,3,0,0.1984,0.0,0.7474,1.8545,0.2908,0.0379,0.0534,0.0745,0.0901,0.0,12,6,1,0,1,2,3,2,0,1,1.1835,0.917,0.1028,0.0,0.0091,0.0763,0.0849,0.1852,0.0,0.7884,17,11,18.44,12.28
4506992,2025-02-15,esp,2024/2025,LaLiga,24,Ricardo De Burgos Bengoetxea,10205,Villarreal,10267,Valencia,1,1,1,50,50,13,12,4,3,7,6,2,3,0,0,8,6,5,6,4,5,0,2,0,1,30,12,6,17,0,5,0,0,3,0,19,15,8,8,3,2,6,31,2,3,55,40,44.0,30.0,11.0,10.0,9.0,10.0,528,523,459.0,465.0,209,278,250,187,25.0,40.0,4.0,4.0,1.4,1.07,1.16,0.9,0.25,0.17,1.4,1.07,0.68,1.42,0,1,7,2,1,3,2,5,3,1,0.0,0.1422,1.2014,0.6774,0.0344,0.0738,0.0999,0.2075,0.0693,0.0203,9,8,2,2,1,2,1,0,0,0,0.5962,0.8246,0.5633,0.1305,0.0344,0.1661,0.2111,0.0,0.0,0.0,13,12,17.22,19.11
4506992,2025-02-15,esp,2024/2025,LaLiga,24,Ricardo De Burgos Bengoetxea,10267,Valencia,10205,Villarreal,0,1,1,50,50,12,13,3,4,6,7,3,2,0,0,6,8,6,5,5,4,2,0,1,0,12,30,17,6,5,0,0,0,0,3,15,19,8,8,2,3,31,6,3,2,40,55,30.0,44.0,10.0,11.0,10.0,9.0,523,528,465.0,459.0,278,209,187,250,40.0,25.0,4.0,4.0,1.07,1.4,0.9,1.16,0.17,0.25,1.07,1.4,1.42,0.68,1,0,2,7,3,1,5,2,1,3,0.1422,0.0,0.6774,1.2014,0.0738,0.0344,0.2075,0.0999,0.0203,0.0693,8,9,2,2,2,1,0,1,0,0,0.8246,0.5962,0.1305,0.5633,0.1661,0.0344,0.0,0.2111,0.0,0.0,12,13,19.11,17.22
4506994,2025-02-15,esp,2024/2025,LaLiga,24,Pablo González Fuertes,7854,Leganes,9866,Deportivo Alaves,1,3,3,42,58,8,16,3,7,3,6,2,3,1,0,5,10,3,6,3,2,2,1,0,0,14,27,18,15,4,5,1,0,3,0,6,12,4,8,3,2,32,20,4,0,42,46,25.0,28.0,17.0,18.0,5.0,0.0,283,396,198.0,310.0,80,151,118,159,27.0,31.0,3.0,5.0,1.81,1.77,0.13,0.24,0.1,0.75,0.23,0.98,2.1,2.68,0,0,4,9,1,1,3,3,0,3,0.0,0.0,1.7387,1.5916,0.0469,0.015,0.0593,0.1298,0.0,0.0364,3,7,0,1,1,1,2,6,2,1,0.1596,0.3223,0.0,0.063,0.0774,0.0152,0.0311,0.5839,1.5768,0.7884,8,16,17.61,17.2
4506994,2025-02-15,esp,2024/2025,LaLiga,24,Pablo González Fuertes,9866,Deportivo Alaves,7854,Leganes,0,3,3,58,42,16,8,7,3,6,3,3,2,0,1,10,5,6,3,2,3,1,2,0,0,27,14,15,18,5,4,0,1,0,3,12,6,8,4,2,3,20,32,0,4,46,42,28.0,25.0,18.0,17.0,0.0,5.0,396,283,310.0,198.0,151,80,159,118,31.0,27.0,5.0,3.0,1.77,1.81,0.24,0.13,0.75,0.1,0.98,0.23,2.68,2.1,0,0,9,4,1,1,3,3,3,0,0.0,0.0,1.5916,1.7387,0.015,0.0469,0.1298,0.0593,0.0364,0.0,7,3,1,0,1,1,6,2,1,2,0.3223,0.1596,0.063,0.0,0.0152,0.0774,0.5839,0.0311,0.7884,1.5768,16,8,17.2,17.61
4506987,2025-02-16,esp,2024/2025,LaLiga,24,Jesús Gil Manzano,8603,Real Betis,8560,Real Sociedad,1,3,0,69,31,24,5,8,1,7,3,9,1,1,2,13,2,11,3,5,5,4,0,3,0,34,12,9,15,0,2,0,2,0,2,12,11,4,6,1,9,25,21,0,5,56,44,36.0,25.0,20.0,19.0,9.0,5.0,596,265,531.0,176.0,189,97,342,79,30.0,17.0,3.0,1.0,2.31,0.36,1.23,0.03,0.29,0.33,1.52,0.36,2.41,0.0,1,1,4,1,8,0,5,2,6,1,0.5031,0.204,1.0203,0.1028,0.3853,0.0,0.2565,0.0322,0.1449,0.0181,14,3,2,0,3,1,4,1,1,0,1.0739,0.0503,0.1603,0.0,0.0782,0.204,0.2093,0.1028,0.7884,0.0,24,5,18.51,20.15
4506987,2025-02-16,esp,2024/2025,LaLiga,24,Jesús Gil Manzano,8560,Real Sociedad,8603,Real Betis,0,0,3,31,69,5,24,1,8,3,7,1,9,2,1,2,13,3,11,5,5,0,4,0,3,12,34,15,9,2,0,2,0,2,0,11,12,6,4,9,1,21,25,5,0,44,56,25.0,36.0,19.0,20.0,5.0,9.0,265,596,176.0,531.0,97,189,79,342,17.0,30.0,1.0,3.0,0.36,2.31,0.03,1.23,0.33,0.29,0.36,1.52,0.0,2.41,1,1,1,4,0,8,2,5,1,6,0.204,0.5031,0.1028,1.0203,0.0,0.3853,0.0322,0.2565,0.0181,0.1449,3,14,0,2,1,3,1,4,0,1,0.0503,1.0739,0.0,0.1603,0.204,0.0782,0.1028,0.2093,0.0,0.7884,5,24,20.15,18.51
4506989,2025-02-16,esp,2024/2025,LaLiga,24,Guillermo Cuadra Fernández,8558,Espanyol,8315,Athletic Club,1,1,1,38,62,12,14,4,4,6,4,2,6,0,0,4,10,8,4,2,7,1,0,0,0,12,30,12,8,1,1,0,0,3,1,25,19,18,13,6,2,39,22,3,3,47,49,37.0,35.0,10.0,14.0,5.0,4.0,294,464,202.0,383.0,120,171,82,212,21.0,23.0,2.0,7.0,0.72,1.07,0.72,0.85,0.0,0.22,0.72,1.07,0.55,0.46,1,0,1,7,2,3,5,2,3,2,0.4752,0.0,0.0792,0.8421,0.0588,0.0801,0.1241,0.0915,0.0757,0.0568,12,10,0,0,0,3,0,1,0,0,0.813,0.8496,0.0,0.0,0.0,0.194,0.0,0.0269,0.0,0.0,12,14,19.89,17.45
4506989,2025-02-16,esp,2024/2025,LaLiga,24,Guillermo Cuadra Fernández,8315,Athletic Club,8558,Espanyol,0,1,1,62,38,14,12,4,4,4,6,6,2,0,0,10,4,4,8,7,2,0,1,0,0,30,12,8,12,1,1,0,0,1,3,19,25,13,18,2,6,22,39,3,3,49,47,35.0,37.0,14.0,10.0,4.0,5.0,464,294,383.0,202.0,171,120,212,82,23.0,21.0,7.0,2.0,1.07,0.72,0.85,0.72,0.22,0.0,1.07,0.72,0.46,0.55,0,1,7,1,3,2,2,5,2,3,0.0,0.4752,0.8421,0.0792,0.0801,0.0588,0.0915,0.1241,0.0568,0.0757,10,12,0,0,3,0,1,0,0,0,0.8496,0.813,0.0,0.0,0.194,0.0,0.0269,0.0,0.0,0.0,14,12,17.45,19.89
4506991,2025-02-16,esp,2024/2025,LaLiga,24,Javier Alberola Rojas,10281,Real Valladolid,8302,Sevilla,1,0,4,52,48,7,11,2,6,3,5,2,0,0,1,6,6,1,5,3,2,1,3,1,1,14,11,11,10,4,2,0,0,3,0,9,10,5,4,0,3,16,16,2,1,39,30,27.0,25.0,12.0,5.0,8.0,5.0,539,499,469.0,425.0,333,281,136,144,19.0,17.0,6.0,3.0,0.47,1.06,0.36,1.02,0.11,0.04,0.47,1.06,0.28,2.85,0,0,5,4,1,2,0,3,1,2,0.0,0.0,0.4125,0.6129,0.0246,0.2241,0.0,0.1768,0.0274,0.0447,4,6,0,4,1,0,2,1,0,0,0.3479,0.4239,0.0,0.5935,0.0358,0.0,0.0808,0.041,0.0,0.0,7,11,14.76,18.27
4506991,2025-02-16,esp,2024/2025,LaLiga,24,Javier Alberola Rojas,8302,Sevilla,10281,Real Valladolid,0,4,0,48,52,11,7,6,2,5,3,0,2,1,0,6,6,5,1,2,3,3,1,1,1,11,14,10,11,2,4,0,0,0,3,10,9,4,5,3,0,16,16,1,2,30,39,25.0,27.0,5.0,12.0,5.0,8.0,499,539,425.0,469.0,281,333,144,136,17.0,19.0,3.0,6.0,1.06,0.47,1.02,0.36,0.04,0.11,1.06,0.47,2.85,0.28,0,0,4,5,2,1,3,0,2,1,0.0,0.0,0.6129,0.4125,0.2241,0.0246,0.1768,0.0,0.0447,0.0274,6,4,4,0,0,1,1,2,0,0,0.4239,0.3479,0.5935,0.0,0.0,0.0358,0.041,0.0808,0.0,0.0,11,7,18.27,14.76
4506993,2025-02-16,esp,2024/2025,LaLiga,24,Miguel Ángel Ortiz Arias,8661,Mallorca,8306,Las Palmas,1,3,1,49,51,14,9,5,4,5,2,4,3,1,1,10,6,4,3,3,5,4,1,3,1,29,26,7,13,1,4,0,0,4,3,8,18,3,2,2,3,26,39,3,3,58,53,33.0,37.0,25.0,16.0,14.0,12.0,411,429,336.0,350.0,157,175,179,175,23.0,19.0,5.0,8.0,1.68,0.96,1.51,0.86,0.18,0.1,1.68,0.96,2.24,1.07,2,1,8,4,0,1,3,1,1,2,0.1992,0.0946,1.3327,0.6343,0.0,0.0425,0.1362,0.0113,0.014,0.0487,11,5,1,1,0,3,2,0,0,0,1.4199,0.4763,0.0858,0.2624,0.0,0.0927,0.1764,0.0,0.0,0.0,14,9,13.99,17.01
4506993,2025-02-16,esp,2024/2025,LaLiga,24,Miguel Ángel Ortiz Arias,8306,Las Palmas,8661,Mallorca,0,1,3,51,49,9,14,4,5,2,5,3,4,1,1,6,10,3,4,5,3,1,4,1,3,26,29,13,7,4,1,0,0,3,4,18,8,2,3,3,2,39,26,3,3,53,58,37.0,33.0,16.0,25.0,12.0,14.0,429,411,350.0,336.0,175,157,175,179,19.0,23.0,8.0,5.0,0.96,1.68,0.86,1.51,0.1,0.18,0.96,1.68,1.07,2.24,1,2,4,8,1,0,1,3,2,1,0.0946,0.1992,0.6343,1.3327,0.0425,0.0,0.0113,0.1362,0.0487,0.014,5,11,1,1,3,0,0,2,0,0,0.4763,1.4199,0.2624,0.0858,0.0927,0.0,0.0,0.1764,0.0,0.0,9,14,17.01,13.99
4506986,2025-02-17,esp,2024/2025,LaLiga,24,Mario Melero López,8634,Barcelona,8370,Rayo Vallecano,1,1,0,60,40,14,9,5,4,6,5,3,0,0,0,14,8,0,1,4,5,7,3,6,3,37,15,11,9,2,3,0,0,2,5,9,16,10,12,0,3,18,11,4,5,45,41,33.0,37.0,12.0,4.0,16.0,10.0,541,354,469.0,281.0,278,181,191,100,27.0,30.0,3.0,4.0,2.56,0.97,1.77,0.77,0.0,0.2,1.77,0.97,1.45,0.97,1,3,9,4,4,1,0,1,0,0,0.1211,0.4104,1.816,0.5408,0.4231,0.0332,0.0,0.0144,0.0,0.0,12,5,1,0,0,4,0,0,1,0,1.3519,0.8014,0.22,0.0,0.0,0.1973,0.0,0.0,0.7884,0.0,14,9,12.35,12.54
4506986,2025-02-17,esp,2024/2025,LaLiga,24,Mario Melero López,8370,Rayo Vallecano,8634,Barcelona,0,0,1,40,60,9,14,4,5,5,6,0,3,0,0,8,14,1,0,5,4,3,7,3,6,15,37,9,11,3,2,0,0,5,2,16,9,12,10,3,0,11,18,5,4,41,45,37.0,33.0,4.0,12.0,10.0,16.0,354,541,281.0,469.0,181,278,100,191,30.0,27.0,4.0,3.0,0.97,2.56,0.77,1.77,0.2,0.0,0.97,1.77,0.97,1.45,3,1,4,9,1,4,1,0,0,0,0.4104,0.1211,0.5408,1.816,0.0332,0.4231,0.0144,0.0,0.0,0.0,5,12,0,1,4,0,0,0,0,1,0.8014,1.3519,0.0,0.22,0.1973,0.0,0.0,0.0,0.0,0.7884,9,14,12.54,12.35
4506996,2025-02-21,esp,2024/2025,LaLiga,25,José María Sánchez Martínez,9910,Celta Vigo,8371,Osasuna,1,1,0,46,54,12,18,5,1,5,9,2,8,0,0,11,13,1,5,5,4,2,0,1,0,22,21,11,13,1,0,0,0,2,1,12,13,6,6,8,2,38,13,1,4,44,48,29.0,30.0,15.0,18.0,5.0,6.0,460,532,405.0,451.0,195,232,210,219,21.0,21.0,1.0,10.0,1.96,1.21,0.28,0.72,0.89,0.5,1.17,1.21,2.66,0.12,3,0,5,10,3,3,1,3,0,2,0.6029,0.0,1.0953,0.8437,0.104,0.2168,0.0231,0.1299,0.0,0.0237,5,12,0,0,4,3,2,3,1,0,0.2895,0.7157,0.0,0.0,0.3318,0.1285,0.4156,0.3697,0.7884,0.0,12,18,14.12,16.24
4506996,2025-02-21,esp,2024/2025,LaLiga,25,José María Sánchez Martínez,8371,Osasuna,9910,Celta Vigo,0,0,1,54,46,18,12,1,5,9,5,8,2,0,0,13,11,5,1,4,5,0,2,0,1,21,22,13,11,0,1,0,0,1,2,13,12,6,6,2,8,13,38,4,1,48,44,30.0,29.0,18.0,15.0,6.0,5.0,532,460,451.0,405.0,232,195,219,210,21.0,21.0,10.0,1.0,1.21,1.96,0.72,0.28,0.5,0.89,1.21,1.17,0.12,2.66,0,3,10,5,3,3,3,1,2,0,0.0,0.6029,0.8437,1.0953,0.2168,0.104,0.1299,0.0231,0.0237,0.0,12,5,0,0,3,4,3,2,0,1,0.7157,0.2895,0.0,0.0,0.1285,0.3318,0.3697,0.4156,0.0,0.7884,18,12,16.24,14.12
4506997,2025-02-22,esp,2024/2025,LaLiga,25,Víctor García Verdura,8370,Rayo Vallecano,10205,Villarreal,1,0,1,51,49,10,10,5,5,3,3,2,2,0,0,7,8,3,2,3,5,0,1,0,0,17,15,15,12,1,4,1,0,0,0,8,24,13,10,2,2,29,26,4,5,45,55,30.0,43.0,15.0,12.0,12.0,6.0,414,396,339.0,309.0,202,203,137,106,30.0,27.0,5.0,6.0,0.63,0.56,0.53,0.37,0.1,0.19,0.63,0.56,0.8,1.05,2,1,3,3,2,4,1,1,2,1,0.3337,0.0376,0.1912,0.2881,0.0531,0.1834,0.021,0.0393,0.0319,0.0108,7,7,1,1,1,2,1,0,0,0,0.5032,0.3004,0.0275,0.0709,0.0793,0.1878,0.021,0.0,0.0,0.0,10,10,16.13,16.54
4506997,2025-02-22,esp,2024/2025,LaLiga,25,Víctor García Verdura,10205,Villarreal,8370,Rayo Vallecano,0,1,0,49,51,10,10,5,5,3,3,2,2,0,0,8,7,2,3,5,3,1,0,0,0,15,17,12,15,4,1,0,1,0,0,24,8,10,13,2,2,26,29,5,4,55,45,43.0,30.0,12.0,15.0,6.0,12.0,396,414,309.0,339.0,203,202,106,137,27.0,30.0,6.0,5.0,0.56,0.63,0.37,0.53,0.19,0.1,0.56,0.63,1.05,0.8,1,2,3,3,4,2,1,1,1,2,0.0376,0.3337,0.2881,0.1912,0.1834,0.0531,0.0393,0.021,0.0108,0.0319,7,7,1,1,2,1,0,1,0,0,0.3004,0.5032,0.0709,0.0275,0.1878,0.0793,0.0,0.021,0.0,0.0,10,10,16.54,16.13
4506998,2025-02-22,esp,2024/2025,LaLiga,25,Juan Luis Pulido Santana,9866,Deportivo Alaves,8558,Espanyol,1,0,1,62,38,15,9,5,2,9,3,1,4,0,0,10,5,5,4,7,0,2,1,2,0,24,12,13,17,2,2,0,0,3,0,16,18,5,14,4,2,11,51,1,4,70,61,41.0,40.0,29.0,21.0,8.0,10.0,474,299,368.0,208.0,142,111,226,97,31.0,21.0,5.0,3.0,1.77,0.37,0.3,0.25,1.48,0.11,1.77,0.37,1.58,0.23,2,0,5,4,3,1,3,4,2,0,0.3917,0.0,0.8991,0.2994,0.187,0.0244,0.224,0.0833,0.0695,0.0,3,7,2,0,5,0,5,2,0,0,0.1746,0.2908,0.1205,0.0,0.5722,0.0,0.9038,0.1163,0.0,0.0,15,9,15.78,20.23
4506998,2025-02-22,esp,2024/2025,LaLiga,25,Juan Luis Pulido Santana,8558,Espanyol,9866,Deportivo Alaves,0,1,0,38,62,9,15,2,5,3,9,4,1,0,0,5,10,4,5,0,7,1,2,0,2,12,24,17,13,2,2,0,0,0,3,18,16,14,5,2,4,51,11,4,1,61,70,40.0,41.0,21.0,29.0,10.0,8.0,299,474,208.0,368.0,111,142,97,226,21.0,31.0,3.0,5.0,0.37,1.77,0.25,0.3,0.11,1.48,0.37,1.77,0.23,1.58,0,2,4,5,1,3,4,3,0,2,0.0,0.3917,0.2994,0.8991,0.0244,0.187,0.0833,0.224,0.0,0.0695,7,3,0,2,0,5,2,5,0,0,0.2908,0.1746,0.0,0.1205,0.0,0.5722,0.1163,0.9038,0.0,0.0,9,15,20.23,15.78
4506999,2025-02-22,esp,2024/2025,LaLiga,25,Mateo Busquets Ferrer,10267,Valencia,9906,Atletico Madrid,1,0,3,49,51,18,11,2,3,9,4,7,4,0,1,10,8,8,3,7,0,2,4,2,2,34,26,18,16,1,3,0,0,0,2,17,25,10,2,4,7,10,33,0,2,46,56,42.0,46.0,4.0,10.0,9.0,5.0,525,578,482.0,507.0,180,279,302,228,13.0,21.0,8.0,1.0,0.86,1.28,0.61,1.2,0.25,0.08,0.86,1.28,0.08,1.92,0,0,7,7,3,1,4,0,4,3,0.0,0.0,0.5206,1.0009,0.0995,0.1179,0.1769,0.0,0.0621,0.1387,13,9,0,1,3,0,2,1,0,0,0.6078,1.0538,0.0,0.1179,0.0742,0.0,0.177,0.0858,0.0,0.0,18,11,18.18,15.47
4506999,2025-02-22,esp,2024/2025,LaLiga,25,Mateo Busquets Ferrer,9906,Atletico Madrid,10267,Valencia,0,3,0,51,49,11,18,3,2,4,9,4,7,1,0,8,10,3,8,0,7,4,2,2,2,26,34,16,18,3,1,0,0,2,0,25,17,2,10,7,4,33,10,2,0,56,46,46.0,42.0,10.0,4.0,5.0,9.0,578,525,507.0,482.0,279,180,228,302,21.0,13.0,1.0,8.0,1.28,0.86,1.2,0.61,0.08,0.25,1.28,0.86,1.92,0.08,0,0,7,7,1,3,0,4,3,4,0.0,0.0,1.0009,0.5206,0.1179,0.0995,0.0,0.1769,0.1387,0.0621,9,13,1,0,0,3,1,2,0,0,1.0538,0.6078,0.1179,0.0,0.0,0.0742,0.0858,0.177,0.0,0.0,11,18,15.47,18.18
4507000,2025-02-22,esp,2024/2025,LaLiga,25,Adrián Cordero Vega,8306,Las Palmas,8634,Barcelona,1,0,2,30,70,10,15,2,5,5,8,3,2,0,0,6,11,4,4,5,3,0,2,0,0,15,34,13,4,1,1,0,0,6,1,23,15,10,6,1,2,23,25,3,2,39,58,30.0,45.0,9.0,13.0,4.0,17.0,267,667,184.0,588.0,130,260,54,328,19.0,22.0,0.0,5.0,0.47,1.42,0.18,1.17,0.29,0.25,0.47,1.42,0.13,1.6,1,2,0,5,5,4,3,2,1,2,0.1572,0.2875,0.0,0.8262,0.1662,0.116,0.101,0.0971,0.0246,0.092,6,10,1,0,2,1,1,4,0,0,0.211,1.1699,0.0411,0.0,0.1685,0.0262,0.0285,0.2227,0.0,0.0,10,15,19.95,16.49
4507000,2025-02-22,esp,2024/2025,LaLiga,25,Adrián Cordero Vega,8634,Barcelona,8306,Las Palmas,0,2,0,70,30,15,10,5,2,8,5,2,3,0,0,11,6,4,4,3,5,2,0,0,0,34,15,4,13,1,1,0,0,1,6,15,23,6,10,2,1,25,23,2,3,58,39,45.0,30.0,13.0,9.0,17.0,4.0,667,267,588.0,184.0,260,130,328,54,22.0,19.0,5.0,0.0,1.42,0.47,1.17,0.18,0.25,0.29,1.42,0.47,1.6,0.13,2,1,5,0,4,5,2,3,2,1,0.2875,0.1572,0.8262,0.0,0.116,0.1662,0.0971,0.101,0.092,0.0246,10,6,0,1,1,2,4,1,0,0,1.1699,0.211,0.0,0.0411,0.0262,0.1685,0.2227,0.0285,0.0,0.0,15,10,16.49,19.95
4506995,2025-02-23,esp,2024/2025,LaLiga,25,César Soto Grado,8315,Athletic Club,10281,Real Valladolid,1,7,1,57,43,29,5,16,3,9,1,4,1,1,1,22,2,7,3,4,4,9,1,4,0,47,5,10,5,2,1,0,1,2,2,13,17,3,11,1,4,8,14,2,9,32,48,25.0,36.0,7.0,12.0,7.0,9.0,418,328,367.0,256.0,138,197,229,59,18.0,23.0,8.0,0.0,4.0,0.45,3.94,0.45,0.06,0.0,4.0,0.45,5.89,0.53,2,1,14,1,6,0,6,1,1,2,1.5793,0.1456,1.9881,0.3021,0.2315,0.0,0.2335,0.0184,0.0053,0.0456,28,3,0,2,1,0,0,0,0,0,3.9823,0.188,0.0,0.3236,0.0553,0.0,0.0,0.0,0.0,0.0,29,5,15.72,21.67
4506995,2025-02-23,esp,2024/2025,LaLiga,25,César Soto Grado,10281,Real Valladolid,8315,Athletic Club,0,1,7,43,57,5,29,3,16,1,9,1,4,1,1,2,22,3,7,4,4,1,9,0,4,5,47,5,10,1,2,1,0,2,2,17,13,11,3,4,1,14,8,9,2,48,32,36.0,25.0,12.0,7.0,9.0,7.0,328,418,256.0,367.0,197,138,59,229,23.0,18.0,0.0,8.0,0.45,4.0,0.45,3.94,0.0,0.06,0.45,4.0,0.53,5.89,1,2,1,14,0,6,1,6,2,1,0.1456,1.5793,0.3021,1.9881,0.0,0.2315,0.0184,0.2335,0.0456,0.0053,3,28,2,0,0,1,0,0,0,0,0.188,3.9823,0.3236,0.0,0.0,0.0553,0.0,0.0,0.0,0.0,5,29,21.67,15.72
4507001,2025-02-23,esp,2024/2025,LaLiga,25,Javier Alberola Rojas,8305,Getafe,8603,Real Betis,1,1,2,49,51,10,13,4,6,3,5,3,2,0,1,5,10,5,3,2,5,1,3,0,1,15,20,17,20,1,0,1,0,2,3,15,19,4,12,2,3,34,37,5,3,76,71,45.0,47.0,31.0,24.0,11.0,12.0,370,386,259.0,276.0,114,159,145,117,39.0,23.0,2.0,4.0,1.13,2.04,1.06,1.07,0.07,0.19,1.13,1.25,1.24,1.94,1,1,4,6,0,3,4,3,1,0,0.76,0.1301,0.2728,1.5085,0.0,0.3,0.1128,0.1026,0.0154,0.0,7,6,0,2,2,4,1,0,0,1,1.0582,0.5802,0.0,0.4875,0.0787,0.1851,0.0242,0.0,0.0,0.7884,10,13,16.86,14.3
4507001,2025-02-23,esp,2024/2025,LaLiga,25,Javier Alberola Rojas,8603,Real Betis,8305,Getafe,0,2,1,51,49,13,10,6,4,5,3,2,3,1,0,10,5,3,5,5,2,3,1,1,0,20,15,20,17,0,1,0,1,3,2,19,15,12,4,3,2,37,34,3,5,71,76,47.0,45.0,24.0,31.0,12.0,11.0,386,370,276.0,259.0,159,114,117,145,23.0,39.0,4.0,2.0,2.04,1.13,1.07,1.06,0.19,0.07,1.25,1.13,1.94,1.24,1,1,6,4,3,0,3,4,0,1,0.1301,0.76,1.5085,0.2728,0.3,0.0,0.1026,0.1128,0.0,0.0154,6,7,2,0,4,2,0,1,1,0,0.5802,1.0582,0.4875,0.0,0.1851,0.0787,0.0,0.0242,0.7884,0.0,13,10,14.3,16.86
4507002,2025-02-23,esp,2024/2025,LaLiga,25,Guillermo Cuadra Fernández,8633,Real Madrid,7732,Girona,1,2,0,63,37,22,6,5,2,12,2,5,2,1,0,12,5,10,1,11,5,3,0,2,0,52,24,1,7,0,2,0,0,0,2,9,15,5,9,2,4,17,24,2,3,31,24,26.0,21.0,5.0,3.0,10.0,5.0,676,385,634.0,350.0,241,174,393,176,26.0,20.0,2.0,1.0,2.18,0.45,1.92,0.37,0.26,0.08,2.18,0.45,1.74,0.18,3,1,7,1,2,3,6,1,4,0,0.3952,0.0617,1.393,0.2345,0.0949,0.1381,0.2261,0.0133,0.0754,0.0,14,4,2,0,5,2,1,0,0,0,1.6706,0.3726,0.2536,0.0,0.1666,0.075,0.0938,0.0,0.0,0.0,22,6,17.67,15.31
4507002,2025-02-23,esp,2024/2025,LaLiga,25,Guillermo Cuadra Fernández,7732,Girona,8633,Real Madrid,0,0,2,37,63,6,22,2,5,2,12,2,5,0,1,5,12,1,10,5,11,0,3,0,2,24,52,7,1,2,0,0,0,2,0,15,9,9,5,4,2,24,17,3,2,24,31,21.0,26.0,3.0,5.0,5.0,10.0,385,676,350.0,634.0,174,241,176,393,20.0,26.0,1.0,2.0,0.45,2.18,0.37,1.92,0.08,0.26,0.45,2.18,0.18,1.74,1,3,1,7,3,2,1,6,0,4,0.0617,0.3952,0.2345,1.393,0.1381,0.0949,0.0133,0.2261,0.0,0.0754,4,14,0,2,2,5,0,1,0,0,0.3726,1.6706,0.0,0.2536,0.075,0.1666,0.0,0.0938,0.0,0.0,6,22,15.31,17.67
4507004,2025-02-23,esp,2024/2025,LaLiga,25,Francisco José Hernández Maeso,8560,Real Sociedad,7854,Leganes,1,3,0,56,44,12,8,5,2,7,3,0,3,0,0,7,5,5,3,3,3,1,0,1,0,14,10,13,13,3,3,0,0,1,7,14,14,8,8,3,0,22,17,2,2,53,45,34.0,34.0,19.0,11.0,8.0,7.0,469,379,392.0,304.0,202,175,190,129,26.0,35.0,4.0,1.0,0.73,0.28,0.38,0.22,0.35,0.06,0.73,0.28,0.87,0.58,0,0,6,2,1,3,3,2,2,1,0.0,0.0,0.4308,0.1096,0.0796,0.1096,0.1684,0.0375,0.0467,0.0154,9,5,0,0,3,2,0,1,0,0,0.4839,0.2127,0.0,0.0,0.2415,0.034,0.0,0.0254,0.0,0.0,12,8,17.28,20.33
4507004,2025-02-23,esp,2024/2025,LaLiga,25,Francisco José Hernández Maeso,7854,Leganes,8560,Real Sociedad,0,0,3,44,56,8,12,2,5,3,7,3,0,0,0,5,7,3,5,3,3,0,1,0,1,10,14,13,13,3,3,0,0,7,1,14,14,8,8,0,3,17,22,2,2,45,53,34.0,34.0,11.0,19.0,7.0,8.0,379,469,304.0,392.0,175,202,129,190,35.0,26.0,1.0,4.0,0.28,0.73,0.22,0.38,0.06,0.35,0.28,0.73,0.58,0.87,0,0,2,6,3,1,2,3,1,2,0.0,0.0,0.1096,0.4308,0.1096,0.0796,0.0375,0.1684,0.0154,0.0467,5,9,0,0,2,3,1,0,0,0,0.2127,0.4839,0.0,0.0,0.034,0.2415,0.0254,0.0,0.0,0.0,8,12,20.33,17.28
4507003,2025-02-24,esp,2024/2025,LaLiga,25,Alejandro Muñíz Ruiz,8302,Sevilla,8661,Mallorca,1,1,1,54,46,19,13,4,2,12,9,3,2,0,1,12,12,7,1,4,4,1,2,0,2,29,26,11,12,1,3,0,0,0,0,23,14,13,10,2,4,25,23,1,2,62,49,45.0,35.0,17.0,14.0,10.0,11.0,451,391,365.0,304.0,193,172,172,132,18.0,18.0,5.0,6.0,1.29,2.28,0.55,1.8,0.75,0.48,1.29,2.28,1.0,0.96,2,5,7,6,3,1,3,1,4,0,0.3178,1.0063,0.6333,1.0882,0.1678,0.1703,0.0932,0.0139,0.0827,0.0,10,7,2,0,1,4,6,2,0,0,0.3605,1.8022,0.1882,0.0,0.1376,0.1788,0.6086,0.2976,0.0,0.0,19,13,16.76,10.25
4507003,2025-02-24,esp,2024/2025,LaLiga,25,Alejandro Muñíz Ruiz,8661,Mallorca,8302,Sevilla,0,1,1,46,54,13,19,2,4,9,12,2,3,1,0,12,12,1,7,4,4,2,1,2,0,26,29,12,11,3,1,0,0,0,0,14,23,10,13,4,2,23,25,2,1,49,62,35.0,45.0,14.0,17.0,11.0,10.0,391,451,304.0,365.0,172,193,132,172,18.0,18.0,6.0,5.0,2.28,1.29,1.8,0.55,0.48,0.75,2.28,1.29,0.96,1.0,5,2,6,7,1,3,1,3,0,4,1.0063,0.3178,1.0882,0.6333,0.1703,0.1678,0.0139,0.0932,0.0,0.0827,7,10,0,2,4,1,2,6,0,0,1.8022,0.3605,0.0,0.1882,0.1788,0.1376,0.2976,0.6086,0.0,0.0,13,19,10.25,16.76
4507012,2025-02-28,esp,2024/2025,LaLiga,26,Ricardo De Burgos Bengoetxea,10281,Real Valladolid,8306,Las Palmas,1,1,1,64,36,23,4,7,3,11,1,5,0,0,0,16,1,7,3,13,4,2,0,1,0,36,12,11,8,2,1,0,1,3,0,19,12,11,11,0,5,19,39,2,6,46,35,34.0,24.0,12.0,11.0,7.0,2.0,529,303,456.0,221.0,225,97,231,124,20.0,22.0,13.0,1.0,1.8,0.18,1.04,0.07,0.76,0.11,1.8,0.18,2.04,0.45,1,1,11,0,4,0,6,1,1,2,0.2079,0.1103,1.0963,0.0,0.2796,0.0,0.1894,0.0339,0.0242,0.0348,11,3,1,0,8,1,3,0,0,0,1.0156,0.0687,0.0261,0.0,0.5321,0.1103,0.2237,0.0,0.0,0.0,23,4,15.51,22.88
4507012,2025-02-28,esp,2024/2025,LaLiga,26,Ricardo De Burgos Bengoetxea,8306,Las Palmas,10281,Real Valladolid,0,1,1,36,64,4,23,3,7,1,11,0,5,0,0,1,16,3,7,4,13,0,2,0,1,12,36,8,11,1,2,1,0,0,3,12,19,11,11,5,0,39,19,6,2,35,46,24.0,34.0,11.0,12.0,2.0,7.0,303,529,221.0,456.0,97,225,124,231,22.0,20.0,1.0,13.0,0.18,1.8,0.07,1.04,0.11,0.76,0.18,1.8,0.45,2.04,1,1,0,11,0,4,1,6,2,1,0.1103,0.2079,0.0,1.0963,0.0,0.2796,0.0339,0.1894,0.0348,0.0242,3,11,0,1,1,8,0,3,0,0,0.0687,1.0156,0.0,0.0261,0.1103,0.5321,0.0,0.2237,0.0,0.0,4,23,22.88,15.51
4507006,2025-03-01,esp,2024/2025,LaLiga,26,Alejandro José Hernández Hernández,8603,Real Betis,8633,Real Madrid,1,2,1,42,58,18,9,3,2,6,3,9,4,0,0,10,5,8,4,9,2,3,1,1,0,24,19,17,12,3,4,0,0,0,0,27,25,13,10,4,9,23,10,1,1,52,58,45.0,56.0,7.0,2.0,7.0,15.0,388,551,340.0,473.0,150,243,190,230,15.0,13.0,5.0,2.0,2.39,1.13,0.78,1.08,0.82,0.05,1.6,1.13,1.56,1.01,2,1,8,2,0,2,7,2,1,2,0.5471,0.0982,1.5747,0.5734,0.0,0.0976,0.2485,0.1015,0.0173,0.0518,8,8,0,0,5,0,4,1,1,0,0.7825,0.8692,0.0,0.0,0.6475,0.0,0.1692,0.0531,0.7884,0.0,18,9,17.59,16.84
4507006,2025-03-01,esp,2024/2025,LaLiga,26,Alejandro José Hernández Hernández,8633,Real Madrid,8603,Real Betis,0,1,2,58,42,9,18,2,3,3,6,4,9,0,0,5,10,4,8,2,9,1,3,0,1,19,24,12,17,4,3,0,0,0,0,25,27,10,13,9,4,10,23,1,1,58,52,56.0,45.0,2.0,7.0,15.0,7.0,551,388,473.0,340.0,243,150,230,190,13.0,15.0,2.0,5.0,1.13,2.39,1.08,0.78,0.05,0.82,1.13,1.6,1.01,1.56,1,2,2,8,2,0,2,7,2,1,0.0982,0.5471,0.5734,1.5747,0.0976,0.0,0.1015,0.2485,0.0518,0.0173,8,8,0,0,0,5,1,4,0,1,0.8692,0.7825,0.0,0.0,0.0,0.6475,0.0531,0.1692,0.0,0.7884,9,18,16.84,17.59
4507008,2025-03-01,esp,2024/2025,LaLiga,26,Pablo González Fuertes,8370,Rayo Vallecano,8302,Sevilla,1,1,1,64,36,20,10,8,5,8,2,4,3,1,0,13,6,7,4,6,6,5,1,5,1,30,13,14,9,1,0,0,0,0,0,14,18,6,7,4,4,25,43,3,7,37,47,24.0,43.0,13.0,4.0,2.0,11.0,523,286,433.0,211.0,239,143,194,68,33.0,21.0,8.0,3.0,2.87,0.57,2.63,0.2,0.24,0.37,2.87,0.57,3.05,1.16,2,1,8,2,3,3,4,3,3,1,1.3074,0.2385,0.9203,0.0831,0.4331,0.1748,0.1675,0.0945,0.0417,0.0064,15,5,0,0,5,4,0,1,0,0,2.6304,0.2425,0.0,0.0,0.2395,0.3192,0.0,0.0357,0.0,0.0,20,10,16.15,18.55
4507008,2025-03-01,esp,2024/2025,LaLiga,26,Pablo González Fuertes,8302,Sevilla,8370,Rayo Vallecano,0,1,1,36,64,10,20,5,8,2,8,3,4,0,1,6,13,4,7,6,6,1,5,1,5,13,30,9,14,0,1,0,0,0,0,18,14,7,6,4,4,43,25,7,3,47,37,43.0,24.0,4.0,13.0,11.0,2.0,286,523,211.0,433.0,143,239,68,194,21.0,33.0,3.0,8.0,0.57,2.87,0.2,2.63,0.37,0.24,0.57,2.87,1.16,3.05,1,2,2,8,3,3,3,4,1,3,0.2385,1.3074,0.0831,0.9203,0.1748,0.4331,0.0945,0.1675,0.0064,0.0417,5,15,0,0,4,5,1,0,0,0,0.2425,2.6304,0.0,0.0,0.3192,0.2395,0.0357,0.0,0.0,0.0,10,20,18.55,16.15
4507009,2025-03-01,esp,2024/2025,LaLiga,26,Jesús Gil Manzano,9906,Atletico Madrid,8315,Athletic Club,1,1,0,50,50,12,15,4,3,5,6,3,6,0,3,10,11,2,4,6,2,3,2,2,2,19,22,7,8,2,3,0,0,4,0,22,13,9,12,6,3,18,20,3,3,52,43,38.0,32.0,14.0,11.0,8.0,12.0,487,480,406.0,401.0,271,210,135,191,27.0,27.0,9.0,7.0,2.25,1.12,1.55,0.83,0.7,0.29,2.25,1.12,1.25,0.42,3,1,5,9,2,1,0,3,2,1,1.1967,0.185,0.9209,0.7446,0.0444,0.0542,0.0,0.1227,0.0731,0.0134,7,11,0,1,4,0,1,3,0,0,1.579,0.7752,0.0,0.0542,0.6037,0.0,0.0525,0.2904,0.0,0.0,12,15,13.1,15.92
4507009,2025-03-01,esp,2024/2025,LaLiga,26,Jesús Gil Manzano,8315,Athletic Club,9906,Atletico Madrid,0,0,1,50,50,15,12,3,4,6,5,6,3,3,0,11,10,4,2,2,6,2,3,2,2,22,19,8,7,3,2,0,0,0,4,13,22,12,9,3,6,20,18,3,3,43,52,32.0,38.0,11.0,14.0,12.0,8.0,480,487,401.0,406.0,210,271,191,135,27.0,27.0,7.0,9.0,1.12,2.25,0.83,1.55,0.29,0.7,1.12,2.25,0.42,1.25,1,3,9,5,1,2,3,0,1,2,0.185,1.1967,0.7446,0.9209,0.0542,0.0444,0.1227,0.0,0.0134,0.0731,11,7,1,0,0,4,3,1,0,0,0.7752,1.579,0.0542,0.0,0.0,0.6037,0.2904,0.0525,0.0,0.0,15,12,15.92,13.1
4507010,2025-03-01,esp,2024/2025,LaLiga,26,Miguel Ángel Ortiz Arias,7732,Girona,9910,Celta Vigo,1,2,2,51,49,9,10,6,6,2,2,1,2,1,0,5,8,4,2,4,2,1,2,0,0,15,21,8,17,0,0,0,0,6,2,17,15,12,5,2,1,14,25,4,4,49,42,40.0,31.0,9.0,11.0,7.0,8.0,474,470,416.0,412.0,250,275,166,137,20.0,20.0,6.0,2.0,0.71,1.85,0.21,1.06,0.5,0.0,0.71,1.06,1.94,2.22,1,0,4,6,0,2,3,1,1,1,0.3101,0.0,0.2101,1.6914,0.0,0.0856,0.1241,0.0637,0.0187,0.0054,3,9,0,0,2,0,4,0,0,1,0.1928,1.0576,0.0,0.0,0.0588,0.0,0.4113,0.0,0.0,0.7884,9,10,16.46,16.33
4507010,2025-03-01,esp,2024/2025,LaLiga,26,Miguel Ángel Ortiz Arias,9910,Celta Vigo,7732,Girona,0,2,2,49,51,10,9,6,6,2,2,2,1,0,1,8,5,2,4,2,4,2,1,0,0,21,15,17,8,0,0,0,0,2,6,15,17,5,12,1,2,25,14,4,4,42,49,31.0,40.0,11.0,9.0,8.0,7.0,470,474,412.0,416.0,275,250,137,166,20.0,20.0,2.0,6.0,1.85,0.71,1.06,0.21,0.0,0.5,1.06,0.71,2.22,1.94,0,1,6,4,2,0,1,3,1,1,0.0,0.3101,1.6914,0.2101,0.0856,0.0,0.0637,0.1241,0.0054,0.0187,9,3,0,0,0,2,0,4,1,0,1.0576,0.1928,0.0,0.0,0.0,0.0588,0.0,0.4113,0.7884,0.0,10,9,16.33,16.46
4507005,2025-03-02,esp,2024/2025,LaLiga,26,Alejandro Quintero González,8634,Barcelona,8560,Real Sociedad,1,4,0,76,24,33,0,10,0,9,0,14,0,1,0,22,0,11,0,12,0,5,0,2,0,66,1,15,6,0,0,0,1,0,3,16,15,7,8,0,13,5,33,0,6,38,44,30.0,33.0,8.0,11.0,8.0,5.0,746,228,681.0,164.0,136,123,545,41,17.0,19.0,4.0,1.0,2.85,0.0,1.48,0.0,1.37,0.0,2.85,0.0,2.74,0.0,3,0,12,0,7,0,5,0,6,0,0.9631,0.0,1.2082,0.0,0.2958,0.0,0.2218,0.0,0.1796,0.0,23,0,0,0,8,0,2,0,0,0,1.482,0.0,0.0,0.0,1.306,0.0,0.0805,0.0,0.0,0.0,33,0,17.28,
4507005,2025-03-02,esp,2024/2025,LaLiga,26,Alejandro Quintero González,8560,Real Sociedad,8634,Barcelona,0,0,4,24,76,0,33,0,10,0,9,0,14,0,1,0,22,0,11,0,12,0,5,0,2,1,66,6,15,0,0,1,0,3,0,15,16,8,7,13,0,33,5,6,0,44,38,33.0,30.0,11.0,8.0,5.0,8.0,228,746,164.0,681.0,123,136,41,545,19.0,17.0,1.0,4.0,0.0,2.85,0.0,1.48,0.0,1.37,0.0,2.85,0.0,2.74,0,3,0,12,0,7,0,5,0,6,0.0,0.9631,0.0,1.2082,0.0,0.2958,0.0,0.2218,0.0,0.1796,0,23,0,0,0,8,0,2,0,0,0.0,1.482,0.0,0.0,0.0,1.306,0.0,0.0805,0.0,0.0,0,33,,17.28
4507007,2025-03-02,esp,2024/2025,LaLiga,26,Mario Melero López,8371,Osasuna,10267,Valencia,1,3,3,51,49,11,13,5,5,6,8,0,0,0,0,7,7,4,6,3,3,2,2,0,0,19,15,10,7,2,1,0,0,4,4,17,15,7,8,0,0,14,19,2,2,41,45,28.0,33.0,13.0,12.0,4.0,9.0,452,445,380.0,379.0,149,183,231,196,35.0,30.0,3.0,5.0,1.52,1.76,0.48,1.66,0.25,0.09,0.73,1.76,1.95,2.41,2,1,2,4,3,2,3,5,1,1,0.4003,0.6412,0.8079,0.3798,0.0907,0.583,0.2079,0.1439,0.0201,0.0078,7,11,1,0,1,1,1,1,1,0,0.3557,1.6619,0.1353,0.0,0.228,0.0706,0.0195,0.0233,0.7884,0.0,11,13,17.33,18.56
4507007,2025-03-02,esp,2024/2025,LaLiga,26,Mario Melero López,10267,Valencia,8371,Osasuna,0,3,3,49,51,13,11,5,5,8,6,0,0,0,0,7,7,6,4,3,3,2,2,0,0,15,19,7,10,1,2,0,0,4,4,15,17,8,7,0,0,19,14,2,2,45,41,33.0,28.0,12.0,13.0,9.0,4.0,445,452,379.0,380.0,183,149,196,231,30.0,35.0,5.0,3.0,1.76,1.52,1.66,0.48,0.09,0.25,1.76,0.73,2.41,1.95,1,2,4,2,2,3,5,3,1,1,0.6412,0.4003,0.3798,0.8079,0.583,0.0907,0.1439,0.2079,0.0078,0.0201,11,7,0,1,1,1,1,1,0,1,1.6619,0.3557,0.0,0.1353,0.0706,0.228,0.0233,0.0195,0.0,0.7884,13,11,18.56,17.33
4507011,2025-03-02,esp,2024/2025,LaLiga,26,Alejandro Muñíz Ruiz,7854,Leganes,8305,Getafe,1,1,0,59,41,6,9,1,0,4,5,1,4,0,0,5,4,1,5,2,6,0,1,0,1,12,11,15,15,1,1,0,0,1,1,22,24,10,10,4,1,54,23,0,0,61,60,45.0,44.0,16.0,16.0,9.0,6.0,426,272,322.0,169.0,193,51,129,118,19.0,20.0,3.0,6.0,0.94,0.33,0.6,0.0,0.34,0.33,0.94,0.33,0.38,0.0,1,0,4,4,0,0,1,4,0,1,0.1963,0.0,0.7349,0.2637,0.0,0.0,0.0615,0.057,0.0,0.0095,2,2,1,0,1,3,2,4,0,0,0.4679,0.0232,0.1823,0.0,0.1963,0.1225,0.1463,0.1845,0.0,0.0,6,9,11.5,20.58
4507011,2025-03-02,esp,2024/2025,LaLiga,26,Alejandro Muñíz Ruiz,8305,Getafe,7854,Leganes,0,0,1,41,59,9,6,0,1,5,4,4,1,0,0,4,5,5,1,6,2,1,0,1,0,11,12,15,15,1,1,0,0,1,1,24,22,10,10,1,4,23,54,0,0,60,61,44.0,45.0,16.0,16.0,6.0,9.0,272,426,169.0,322.0,51,193,118,129,20.0,19.0,6.0,3.0,0.33,0.94,0.0,0.6,0.33,0.34,0.33,0.94,0.0,0.38,0,1,4,4,0,0,4,1,1,0,0.0,0.1963,0.2637,0.7349,0.0,0.0,0.057,0.0615,0.0095,0.0,2,2,0,1,3,1,4,2,0,0,0.0232,0.4679,0.0,0.1823,0.1225,0.1963,0.1845,0.1463,0.0,0.0,9,6,20.58,11.5
4507013,2025-03-02,esp,2024/2025,LaLiga,26,César Soto Grado,8661,Mallorca,9866,Deportivo Alaves,1,1,1,44,56,15,19,4,7,9,6,2,6,0,0,10,14,5,5,3,9,3,1,3,0,17,23,20,14,0,2,0,0,0,1,17,20,6,9,6,2,51,30,6,3,66,65,36.0,43.0,30.0,22.0,6.0,5.0,321,406,248.0,314.0,129,148,119,166,25.0,31.0,4.0,9.0,1.18,1.75,0.79,0.52,0.39,1.23,1.18,1.75,0.88,2.05,1,2,9,5,0,7,5,3,0,2,0.1082,0.9458,0.8823,0.409,0.0,0.2691,0.1857,0.0919,0.0,0.0312,8,13,1,0,4,4,2,2,0,0,0.368,0.5171,0.4189,0.0,0.3394,1.0609,0.0498,0.1689,0.0,0.0,15,19,16.26,16.63
4507013,2025-03-02,esp,2024/2025,LaLiga,26,César Soto Grado,9866,Deportivo Alaves,8661,Mallorca,0,1,1,56,44,19,15,7,4,6,9,6,2,0,0,14,10,5,5,9,3,1,3,0,3,23,17,14,20,2,0,0,0,1,0,20,17,9,6,2,6,30,51,3,6,65,66,43.0,36.0,22.0,30.0,5.0,6.0,406,321,314.0,248.0,148,129,166,119,31.0,25.0,9.0,4.0,1.75,1.18,0.52,0.79,1.23,0.39,1.75,1.18,2.05,0.88,2,1,5,9,7,0,3,5,2,0,0.9458,0.1082,0.409,0.8823,0.2691,0.0,0.0919,0.1857,0.0312,0.0,13,8,0,1,4,4,2,2,0,0,0.5171,0.368,0.0,0.4189,1.0609,0.3394,0.1689,0.0498,0.0,0.0,19,15,16.63,16.26
4507018,2025-03-08,esp,2024/2025,LaLiga,27,Isidro Díaz de Mera Escuderos,9910,Celta Vigo,7854,Leganes,1,2,1,57,43,7,12,4,6,1,4,2,2,0,0,6,8,1,4,2,5,2,2,1,1,18,29,10,9,3,2,0,0,1,3,16,13,9,10,2,2,29,23,5,2,47,58,30.0,41.0,17.0,17.0,5.0,18.0,594,443,510.0,367.0,316,172,194,195,16.0,14.0,1.0,5.0,0.98,1.06,0.98,0.87,0.0,0.19,0.98,1.06,1.7,1.35,0,0,3,6,3,2,1,3,0,1,0.0,0.0,0.6802,0.8623,0.1816,0.056,0.0263,0.0815,0.0,0.058,7,10,0,0,0,2,0,0,0,0,0.8881,0.8721,0.0,0.0,0.0,0.1857,0.0,0.0,0.0,0.0,7,12,16.03,15.53
4507018,2025-03-08,esp,2024/2025,LaLiga,27,Isidro Díaz de Mera Escuderos,7854,Leganes,9910,Celta Vigo,0,1,2,43,57,12,7,6,4,4,1,2,2,0,0,8,6,4,1,5,2,2,2,1,1,29,18,9,10,2,3,0,0,3,1,13,16,10,9,2,2,23,29,2,5,58,47,41.0,30.0,17.0,17.0,18.0,5.0,443,594,367.0,510.0,172,316,195,194,14.0,16.0,5.0,1.0,1.06,0.98,0.87,0.98,0.19,0.0,1.06,0.98,1.35,1.7,0,0,6,3,2,3,3,1,1,0,0.0,0.0,0.8623,0.6802,0.056,0.1816,0.0815,0.0263,0.058,0.0,10,7,0,0,2,0,0,0,0,0,0.8721,0.8881,0.0,0.0,0.1857,0.0,0.0,0.0,0.0,0.0,12,7,15.53,16.03
4507020,2025-03-08,esp,2024/2025,LaLiga,27,Juan Luis Pulido Santana,10267,Valencia,10281,Real Valladolid,1,2,1,62,38,17,11,4,4,9,5,4,2,1,0,14,9,3,2,5,4,5,1,3,0,32,20,11,10,1,3,0,0,2,0,20,26,3,8,2,4,21,25,3,2,53,52,36.0,41.0,17.0,11.0,6.0,5.0,507,303,437.0,236.0,184,159,253,77,22.0,27.0,5.0,7.0,1.91,0.89,1.54,0.86,0.37,0.04,1.91,0.89,1.89,1.57,1,0,9,5,4,4,2,1,1,1,0.0648,0.0,1.6535,0.7326,0.1074,0.0998,0.0685,0.0275,0.0181,0.0116,14,10,0,0,1,0,2,1,0,0,1.5421,0.8354,0.0,0.0,0.0201,0.0,0.3501,0.0362,0.0,0.0,17,11,15.84,17.35
4507020,2025-03-08,esp,2024/2025,LaLiga,27,Juan Luis Pulido Santana,10281,Real Valladolid,10267,Valencia,0,1,2,38,62,11,17,4,4,5,9,2,4,0,1,9,14,2,3,4,5,1,5,0,3,20,32,10,11,3,1,0,0,0,2,26,20,8,3,4,2,25,21,2,3,52,53,41.0,36.0,11.0,17.0,5.0,6.0,303,507,236.0,437.0,159,184,77,253,27.0,22.0,7.0,5.0,0.89,1.91,0.86,1.54,0.04,0.37,0.89,1.91,1.57,1.89,0,1,5,9,4,4,1,2,1,1,0.0,0.0648,0.7326,1.6535,0.0998,0.1074,0.0275,0.0685,0.0116,0.0181,10,14,0,0,0,1,1,2,0,0,0.8354,1.5421,0.0,0.0,0.0,0.0201,0.0362,0.3501,0.0,0.0,11,17,17.35,15.84
4507021,2025-03-08,esp,2024/2025,LaLiga,27,Miguel Ángel Ortiz Arias,9866,Deportivo Alaves,10205,Villarreal,1,1,0,31,69,5,24,3,2,1,15,1,7,0,0,3,13,2,11,1,6,2,4,1,4,16,35,11,13,2,1,2,0,0,0,26,14,7,6,6,1,32,21,2,2,56,47,46.0,35.0,10.0,12.0,8.0,12.0,236,533,162.0,463.0,61,172,101,291,26.0,25.0,3.0,7.0,1.04,2.85,1.0,2.24,0.04,0.61,1.04,2.85,1.29,0.77,1,3,1,8,1,2,1,8,1,3,0.9694,0.3732,0.1676,1.547,0.0373,0.0995,0.007,0.7843,0.0215,0.0448,2,11,1,3,1,4,1,6,0,0,1.137,1.3185,0.0215,0.9252,0.007,0.3085,0.0373,0.2965,0.0,0.0,5,24,16.86,16.97
4507021,2025-03-08,esp,2024/2025,LaLiga,27,Miguel Ángel Ortiz Arias,10205,Villarreal,9866,Deportivo Alaves,0,0,1,69,31,24,5,2,3,15,1,7,1,0,0,13,3,11,2,6,1,4,2,4,1,35,16,13,11,1,2,0,2,0,0,14,26,6,7,1,6,21,32,2,2,47,56,35.0,46.0,12.0,10.0,12.0,8.0,533,236,463.0,162.0,172,61,291,101,25.0,26.0,7.0,3.0,2.85,1.04,2.24,1.0,0.61,0.04,2.85,1.04,0.77,1.29,3,1,8,1,2,1,8,1,3,1,0.3732,0.9694,1.547,0.1676,0.0995,0.0373,0.7843,0.007,0.0448,0.0215,11,2,3,1,4,1,6,1,0,0,1.3185,1.137,0.9252,0.0215,0.3085,0.007,0.2965,0.0373,0.0,0.0,24,5,16.97,16.86
4507015,2025-03-09,esp,2024/2025,LaLiga,27,Alejandro José Hernández Hernández,8315,Athletic Club,8661,Mallorca,1,1,1,56,44,8,9,2,2,5,5,1,2,0,0,4,6,4,3,3,3,1,2,0,1,14,13,6,13,1,3,0,0,1,2,11,21,8,12,2,1,30,45,1,1,53,52,33.0,31.0,20.0,21.0,10.0,5.0,429,347,346.0,261.0,159,170,187,91,27.0,24.0,6.0,6.0,0.7,0.55,0.67,0.35,0.03,0.19,0.7,0.55,0.24,0.59,1,0,2,6,1,0,1,3,3,0,0.4072,0.0,0.1466,0.4996,0.0296,0.0,0.0354,0.05,0.0907,0.0,6,6,1,0,0,1,1,2,0,0,0.6447,0.392,0.0354,0.0,0.0,0.1053,0.0294,0.0523,0.0,0.0,8,9,17.29,16.67
4507015,2025-03-09,esp,2024/2025,LaLiga,27,Alejandro José Hernández Hernández,8661,Mallorca,8315,Athletic Club,0,1,1,44,56,9,8,2,2,5,5,2,1,0,0,6,4,3,4,3,3,2,1,1,0,13,14,13,6,3,1,0,0,2,1,21,11,12,8,1,2,45,30,1,1,52,53,31.0,33.0,21.0,20.0,5.0,10.0,347,429,261.0,346.0,170,159,91,187,24.0,27.0,6.0,6.0,0.55,0.7,0.35,0.67,0.19,0.03,0.55,0.7,0.59,0.24,0,1,6,2,0,1,3,1,0,3,0.0,0.4072,0.4996,0.1466,0.0,0.0296,0.05,0.0354,0.0,0.0907,6,6,0,1,1,0,2,1,0,0,0.392,0.6447,0.0,0.0354,0.1053,0.0,0.0523,0.0294,0.0,0.0,9,8,16.67,17.29
4507017,2025-03-09,esp,2024/2025,LaLiga,27,José María Sánchez Martínez,8603,Real Betis,8306,Las Palmas,1,1,0,67,33,14,8,6,1,3,6,5,1,0,0,7,6,7,2,11,1,4,0,4,0,31,9,12,14,2,6,0,1,2,1,15,27,6,9,1,5,22,31,1,5,49,50,30.0,42.0,19.0,8.0,1.0,3.0,582,285,511.0,212.0,252,110,259,102,24.0,23.0,2.0,5.0,2.31,0.63,0.89,0.26,0.63,0.37,1.52,0.63,1.96,0.21,1,0,4,3,2,3,4,1,3,1,0.3902,0.0,1.5002,0.4382,0.0946,0.1649,0.2201,0.0162,0.1051,0.0154,7,5,1,1,4,0,1,2,1,0,0.3425,0.1848,0.5501,0.0774,0.5682,0.0,0.0611,0.3724,0.7884,0.0,14,8,17.72,18.21
4507017,2025-03-09,esp,2024/2025,LaLiga,27,José María Sánchez Martínez,8306,Las Palmas,8603,Real Betis,0,0,1,33,67,8,14,1,6,6,3,1,5,0,0,6,7,2,7,1,11,0,4,0,4,9,31,14,12,6,2,1,0,1,2,27,15,9,6,5,1,31,22,5,1,50,49,42.0,30.0,8.0,19.0,3.0,1.0,285,582,212.0,511.0,110,252,102,259,23.0,24.0,5.0,2.0,0.63,2.31,0.26,0.89,0.37,0.63,0.63,1.52,0.21,1.96,0,1,3,4,3,2,1,4,1,3,0.0,0.3902,0.4382,1.5002,0.1649,0.0946,0.0162,0.2201,0.0154,0.1051,5,7,1,1,0,4,2,1,0,1,0.1848,0.3425,0.0774,0.5501,0.0,0.5682,0.3724,0.0611,0.0,0.7884,8,14,18.21,17.72
4507019,2025-03-09,esp,2024/2025,LaLiga,27,Víctor García Verdura,8560,Real Sociedad,8302,Sevilla,1,0,1,61,39,7,9,2,4,5,4,0,1,0,1,4,7,3,2,6,3,2,2,2,2,15,19,14,12,2,1,0,0,1,3,6,12,4,10,1,0,13,35,3,2,35,52,26.0,29.0,9.0,23.0,9.0,3.0,526,344,441.0,274.0,213,159,228,115,37.0,20.0,5.0,5.0,0.75,0.58,0.29,0.54,0.46,0.04,0.75,0.58,0.85,1.13,0,0,3,3,1,4,3,1,0,1,0.0,0.0,0.3539,0.2799,0.2065,0.2635,0.1114,0.0125,0.0,0.032,3,6,0,2,3,1,1,0,0,0,0.2879,0.3517,0.0,0.1967,0.1755,0.0395,0.2085,0.0,0.0,0.0,7,9,16.33,17.06
4507019,2025-03-09,esp,2024/2025,LaLiga,27,Víctor García Verdura,8302,Sevilla,8560,Real Sociedad,0,1,0,39,61,9,7,4,2,4,5,1,0,1,0,7,4,2,3,3,6,2,2,2,2,19,15,12,14,1,2,0,0,3,1,12,6,10,4,0,1,35,13,2,3,52,35,29.0,26.0,23.0,9.0,3.0,9.0,344,526,274.0,441.0,159,213,115,228,20.0,37.0,5.0,5.0,0.58,0.75,0.54,0.29,0.04,0.46,0.58,0.75,1.13,0.85,0,0,3,3,4,1,1,3,1,0,0.0,0.0,0.2799,0.3539,0.2635,0.2065,0.0125,0.1114,0.032,0.0,6,3,2,0,1,3,0,1,0,0,0.3517,0.2879,0.1967,0.0,0.0395,0.1755,0.0,0.2085,0.0,0.0,9,7,17.06,16.33
4507023,2025-03-09,esp,2024/2025,LaLiga,27,Guillermo Cuadra Fernández,8305,Getafe,9906,Atletico Madrid,1,2,1,39,61,11,4,3,2,4,0,4,2,0,0,7,4,4,0,4,4,3,2,1,1,17,7,10,14,6,2,0,1,2,4,17,19,8,7,2,4,32,39,1,1,53,55,36.0,40.0,17.0,15.0,5.0,12.0,315,511,235.0,431.0,101,272,134,159,28.0,23.0,2.0,1.0,1.27,0.97,0.33,0.0,0.94,0.18,1.27,0.18,1.18,0.99,1,1,5,2,1,1,2,0,2,0,0.5536,0.048,0.6146,0.9512,0.0326,0.022,0.0404,0.0,0.0267,0.0,5,0,0,0,2,2,4,1,0,1,0.3649,0.0,0.0,0.0,0.1278,0.07,0.7751,0.1628,0.0,0.7884,11,4,16.36,10.19
4507023,2025-03-09,esp,2024/2025,LaLiga,27,Guillermo Cuadra Fernández,9906,Atletico Madrid,8305,Getafe,0,1,2,61,39,4,11,2,3,0,4,2,4,0,0,4,7,0,4,4,4,2,3,1,1,7,17,14,10,2,6,1,0,4,2,19,17,7,8,4,2,39,32,1,1,55,53,40.0,36.0,15.0,17.0,12.0,5.0,511,315,431.0,235.0,272,101,159,134,23.0,28.0,1.0,2.0,0.97,1.27,0.0,0.33,0.18,0.94,0.18,1.27,0.99,1.18,1,1,2,5,1,1,0,2,0,2,0.048,0.5536,0.9512,0.6146,0.022,0.0326,0.0,0.0404,0.0,0.0267,0,5,0,0,2,2,1,4,1,0,0.0,0.3649,0.0,0.0,0.07,0.1278,0.1628,0.7751,0.7884,0.0,4,11,10.19,16.36
4507024,2025-03-09,esp,2024/2025,LaLiga,27,Francisco José Hernández Maeso,8633,Real Madrid,8370,Rayo Vallecano,1,2,1,46,54,10,20,5,6,3,8,2,6,1,0,9,12,1,8,4,6,3,1,2,1,30,18,12,17,3,1,0,0,3,1,21,16,14,4,6,2,9,6,5,3,58,39,51.0,38.0,7.0,1.0,13.0,10.0,465,544,410.0,490.0,229,298,181,192,30.0,18.0,2.0,5.0,1.6,1.02,1.5,0.73,0.1,0.29,1.6,1.02,1.87,0.48,0,1,5,6,4,5,1,5,0,3,0.0,0.1531,1.2484,0.4985,0.2331,0.1889,0.07,0.1517,0.0,0.0339,9,14,0,0,0,4,1,2,0,0,1.4754,0.7371,0.0,0.0,0.0,0.2637,0.076,0.0253,0.0,0.0,10,20,14.63,19.14
4507024,2025-03-09,esp,2024/2025,LaLiga,27,Francisco José Hernández Maeso,8370,Rayo Vallecano,8633,Real Madrid,0,1,2,54,46,20,10,6,5,8,3,6,2,0,1,12,9,8,1,6,4,1,3,1,2,18,30,17,12,1,3,0,0,1,3,16,21,4,14,2,6,6,9,3,5,39,58,38.0,51.0,1.0,7.0,10.0,13.0,544,465,490.0,410.0,298,229,192,181,18.0,30.0,5.0,2.0,1.02,1.6,0.73,1.5,0.29,0.1,1.02,1.6,0.48,1.87,1,0,6,5,5,4,5,1,3,0,0.1531,0.0,0.4985,1.2484,0.1889,0.2331,0.1517,0.07,0.0339,0.0,14,9,0,0,4,0,2,1,0,0,0.7371,1.4754,0.0,0.0,0.2637,0.0,0.0253,0.076,0.0,0.0,20,10,19.14,14.63
4507022,2025-03-10,esp,2024/2025,LaLiga,27,Adrián Cordero Vega,8558,Espanyol,7732,Girona,1,1,1,33,67,7,18,4,4,1,6,2,8,0,0,3,12,4,6,4,9,0,1,0,0,7,39,11,13,3,3,0,0,0,1,18,16,5,6,8,2,39,9,3,3,47,50,37.0,35.0,10.0,15.0,8.0,9.0,291,578,237.0,523.0,143,213,94,310,21.0,30.0,3.0,8.0,0.27,1.55,0.24,0.33,0.03,0.43,0.27,0.76,0.24,1.0,0,0,0,7,3,5,3,3,1,3,0.0,0.0,0.0,1.1881,0.0964,0.1264,0.1372,0.141,0.0077,0.104,3,9,2,0,2,4,0,4,0,1,0.1123,0.3312,0.0992,0.0,0.0298,0.2381,0.0,0.2019,0.0,0.7884,7,18,20.91,16.96
4507022,2025-03-10,esp,2024/2025,LaLiga,27,Adrián Cordero Vega,7732,Girona,8558,Espanyol,0,1,1,67,33,18,7,4,4,6,1,8,2,0,0,12,3,6,4,9,4,1,0,0,0,39,7,13,11,3,3,0,0,1,0,16,18,6,5,2,8,9,39,3,3,50,47,35.0,37.0,15.0,10.0,9.0,8.0,578,291,523.0,237.0,213,143,310,94,30.0,21.0,8.0,3.0,1.55,0.27,0.33,0.24,0.43,0.03,0.76,0.27,1.0,0.24,0,0,7,0,5,3,3,3,3,1,0.0,0.0,1.1881,0.0,0.1264,0.0964,0.141,0.1372,0.104,0.0077,9,3,0,2,4,2,4,0,1,0,0.3312,0.1123,0.0,0.0992,0.2381,0.0298,0.2019,0.0,0.7884,0.0,18,7,16.96,20.91
4507033,2025-03-14,esp,2024/2025,LaLiga,28,Mario Melero López,8306,Las Palmas,9866,Deportivo Alaves,1,2,2,61,39,14,9,7,3,5,5,2,1,0,1,11,5,3,4,4,5,3,2,2,0,30,12,10,22,5,4,0,0,1,3,6,13,4,8,1,3,20,44,1,4,58,52,38.0,30.0,20.0,22.0,11.0,9.0,438,292,350.0,198.0,172,66,178,132,29.0,20.0,5.0,2.0,1.77,1.49,0.89,1.21,0.09,0.27,0.99,1.49,1.51,1.78,0,1,9,2,2,2,2,1,1,3,0.0,0.052,1.6629,1.3624,0.0563,0.1163,0.0552,0.0558,0.0111,0.0905,9,5,1,1,0,1,3,2,1,0,0.8423,0.2275,0.0606,0.9898,0.0,0.052,0.0942,0.4077,0.7884,0.0,14,9,18.21,18.25
4507033,2025-03-14,esp,2024/2025,LaLiga,28,Mario Melero López,9866,Deportivo Alaves,8306,Las Palmas,0,2,2,39,61,9,14,3,7,5,5,1,2,1,0,5,11,4,3,5,4,2,3,0,2,12,30,22,10,4,5,0,0,3,1,13,6,8,4,3,1,44,20,4,1,52,58,30.0,38.0,22.0,20.0,9.0,11.0,292,438,198.0,350.0,66,172,132,178,20.0,29.0,2.0,5.0,1.49,1.77,1.21,0.89,0.27,0.09,1.49,0.99,1.78,1.51,1,0,2,9,2,2,1,2,3,1,0.052,0.0,1.3624,1.6629,0.1163,0.0563,0.0558,0.0552,0.0905,0.0111,5,9,1,1,1,0,2,3,0,1,0.2275,0.8423,0.9898,0.0606,0.052,0.0,0.4077,0.0942,0.0,0.7884,9,14,18.25,18.21
4507026,2025-03-15,esp,2024/2025,LaLiga,28,José Luis Munuera Montero,7732,Girona,10267,Valencia,1,1,1,56,44,14,12,4,2,6,7,4,3,0,0,9,7,5,5,9,4,2,2,2,1,36,19,12,5,2,1,0,0,2,2,8,17,12,6,3,4,18,40,1,3,31,49,22.0,36.0,9.0,13.0,9.0,9.0,515,403,439.0,331.0,192,204,247,127,16.0,16.0,9.0,6.0,0.93,1.13,0.59,0.86,0.34,0.27,0.93,1.13,1.12,1.36,1,1,5,5,3,1,4,5,1,0,0.0801,0.4476,0.6235,0.31,0.0778,0.034,0.1199,0.2037,0.0306,0.0,8,8,0,0,5,2,1,2,0,0,0.5917,0.7736,0.0,0.0,0.2601,0.0431,0.0801,0.1786,0.0,0.0,14,12,16.89,18.63
4507026,2025-03-15,esp,2024/2025,LaLiga,28,José Luis Munuera Montero,10267,Valencia,7732,Girona,0,1,1,44,56,12,14,2,4,7,6,3,4,0,0,7,9,5,5,4,9,2,2,1,2,19,36,5,12,1,2,0,0,2,2,17,8,6,12,4,3,40,18,3,1,49,31,36.0,22.0,13.0,9.0,9.0,9.0,403,515,331.0,439.0,204,192,127,247,16.0,16.0,6.0,9.0,1.13,0.93,0.86,0.59,0.27,0.34,1.13,0.93,1.36,1.12,1,1,5,5,1,3,5,4,0,1,0.4476,0.0801,0.31,0.6235,0.034,0.0778,0.2037,0.1199,0.0,0.0306,8,8,0,0,2,5,2,1,0,0,0.7736,0.5917,0.0,0.0,0.0431,0.2601,0.1786,0.0801,0.0,0.0,12,14,18.63,16.89
4507030,2025-03-15,esp,2024/2025,LaLiga,28,Víctor García Verdura,10281,Real Valladolid,9910,Celta Vigo,1,0,1,39,61,5,10,2,1,3,4,0,5,1,0,3,7,2,3,3,4,2,2,2,1,12,27,9,15,3,3,0,0,2,2,15,8,10,4,4,0,17,16,0,2,45,32,34.0,23.0,11.0,9.0,6.0,8.0,364,567,282.0,498.0,198,236,84,262,26.0,20.0,3.0,2.0,0.67,1.58,0.67,0.76,0.0,0.03,0.67,0.79,0.21,0.78,0,1,3,4,0,2,2,3,0,0,0.0,0.2896,0.5791,1.0929,0.0,0.0452,0.0811,0.1491,0.0,0.0,5,7,0,0,0,1,0,1,0,1,0.6602,0.7594,0.0,0.0,0.0,0.0107,0.0,0.0182,0.0,0.7884,5,10,14.07,15.69
4507030,2025-03-15,esp,2024/2025,LaLiga,28,Víctor García Verdura,9910,Celta Vigo,10281,Real Valladolid,0,1,0,61,39,10,5,1,2,4,3,5,0,0,1,7,3,3,2,4,3,2,2,1,2,27,12,15,9,3,3,0,0,2,2,8,15,4,10,0,4,16,17,2,0,32,45,23.0,34.0,9.0,11.0,8.0,6.0,567,364,498.0,282.0,236,198,262,84,20.0,26.0,2.0,3.0,1.58,0.67,0.76,0.67,0.03,0.0,0.79,0.67,0.78,0.21,1,0,4,3,2,0,3,2,0,0,0.2896,0.0,1.0929,0.5791,0.0452,0.0,0.1491,0.0811,0.0,0.0,7,5,0,0,1,0,1,0,1,0,0.7594,0.6602,0.0,0.0,0.0107,0.0,0.0182,0.0,0.7884,0.0,10,5,15.69,14.07
4507032,2025-03-15,esp,2024/2025,LaLiga,28,Jesús Gil Manzano,10205,Villarreal,8633,Real Madrid,1,1,2,46,54,23,9,10,5,8,2,5,2,0,0,15,5,8,4,11,4,2,2,1,1,52,21,17,3,2,1,0,0,1,3,25,20,9,16,2,5,13,47,3,9,41,49,31.0,44.0,10.0,5.0,4.0,8.0,465,597,405.0,527.0,166,270,239,257,24.0,22.0,10.0,0.0,1.64,1.08,0.89,1.07,0.75,0.01,1.64,1.08,1.53,1.79,1,0,7,4,7,1,5,4,3,0,0.3588,0.0,0.716,1.0787,0.2972,0.0269,0.1834,0.1481,0.0804,0.0,17,8,0,0,6,1,0,0,0,0,0.8863,1.2415,0.0,0.0,0.7495,0.0123,0.0,0.0,0.0,0.0,23,9,16.53,17.52
4507032,2025-03-15,esp,2024/2025,LaLiga,28,Jesús Gil Manzano,8633,Real Madrid,10205,Villarreal,0,2,1,54,46,9,23,5,10,2,8,2,5,0,0,5,15,4,8,4,11,2,2,1,1,21,52,3,17,1,2,0,0,3,1,20,25,16,9,5,2,47,13,9,3,49,41,44.0,31.0,5.0,10.0,8.0,4.0,597,465,527.0,405.0,270,166,257,239,22.0,24.0,0.0,10.0,1.08,1.64,1.07,0.89,0.01,0.75,1.08,1.64,1.79,1.53,0,1,4,7,1,7,4,5,0,3,0.0,0.3588,1.0787,0.716,0.0269,0.2972,0.1481,0.1834,0.0,0.0804,8,17,0,0,1,6,0,0,0,0,1.2415,0.8863,0.0,0.0,0.0123,0.7495,0.0,0.0,0.0,0.0,9,23,17.52,16.53
4507034,2025-03-15,esp,2024/2025,LaLiga,28,Alejandro Quintero González,8661,Mallorca,8558,Espanyol,1,2,1,62,38,20,2,7,0,6,2,7,0,0,0,15,1,5,1,6,2,3,0,2,0,31,10,10,12,0,2,0,0,3,0,11,13,3,6,0,7,18,27,0,5,42,43,27.0,26.0,15.0,17.0,5.0,5.0,440,275,378.0,203.0,181,119,197,84,10.0,28.0,9.0,0.0,2.69,0.22,1.01,0.08,0.1,0.13,1.11,0.22,2.82,0.0,1,0,10,1,4,0,3,1,2,0,0.0675,0.0,2.2785,0.1337,0.2617,0.0,0.0451,0.0748,0.0336,0.0,13,1,1,0,2,0,2,1,2,0,0.8821,0.0748,0.1275,0.0,0.035,0.0,0.0651,0.1337,1.5768,0.0,20,2,16.05,15.12
4507034,2025-03-15,esp,2024/2025,LaLiga,28,Alejandro Quintero González,8558,Espanyol,8661,Mallorca,0,1,2,38,62,2,20,0,7,2,6,0,7,0,0,1,15,1,5,2,6,0,3,0,2,10,31,12,10,2,0,0,0,0,3,13,11,6,3,7,0,27,18,5,0,43,42,26.0,27.0,17.0,15.0,5.0,5.0,275,440,203.0,378.0,119,181,84,197,28.0,10.0,0.0,9.0,0.22,2.69,0.08,1.01,0.13,0.1,0.22,1.11,0.0,2.82,0,1,1,10,0,4,1,3,0,2,0.0,0.0675,0.1337,2.2785,0.0,0.2617,0.0748,0.0451,0.0,0.0336,1,13,0,1,0,2,1,2,0,2,0.0748,0.8821,0.0,0.1275,0.0,0.035,0.1337,0.0651,0.0,1.5768,2,20,15.12,16.05
4507025,2025-03-16,esp,2024/2025,LaLiga,28,Ricardo De Burgos Bengoetxea,9906,Atletico Madrid,8634,Barcelona,1,2,4,34,66,7,13,2,6,4,6,1,1,1,2,4,7,3,6,6,6,2,3,0,2,22,27,10,11,1,3,0,0,2,0,18,22,5,6,1,1,22,21,2,0,53,51,41.0,43.0,12.0,8.0,12.0,11.0,319,639,244.0,574.0,142,146,102,428,37.0,19.0,2.0,4.0,1.4,1.25,1.27,1.24,0.12,0.01,1.4,1.25,1.94,1.34,0,1,3,5,1,1,2,4,1,2,0.0,0.2565,1.2776,0.7144,0.023,0.0254,0.0744,0.2011,0.0206,0.0558,5,12,0,0,2,1,0,0,0,0,1.2739,1.2394,0.0,0.0,0.1216,0.0138,0.0,0.0,0.0,0.0,7,13,17.47,16.51
4507025,2025-03-16,esp,2024/2025,LaLiga,28,Ricardo De Burgos Bengoetxea,8634,Barcelona,9906,Atletico Madrid,0,4,2,66,34,13,7,6,2,6,4,1,1,2,1,7,4,6,3,6,6,3,2,2,0,27,22,11,10,3,1,0,0,0,2,22,18,6,5,1,1,21,22,0,2,51,53,43.0,41.0,8.0,12.0,11.0,12.0,639,319,574.0,244.0,146,142,428,102,19.0,37.0,4.0,2.0,1.25,1.4,1.24,1.27,0.01,0.12,1.25,1.4,1.34,1.94,1,0,5,3,1,1,4,2,2,1,0.2565,0.0,0.7144,1.2776,0.0254,0.023,0.2011,0.0744,0.0558,0.0206,12,5,0,0,1,2,0,0,0,0,1.2394,1.2739,0.0,0.0,0.0138,0.1216,0.0,0.0,0.0,0.0,13,7,16.51,17.47
4507027,2025-03-16,esp,2024/2025,LaLiga,28,Alejandro Muñíz Ruiz,8370,Rayo Vallecano,8560,Real Sociedad,1,2,2,56,44,10,8,5,4,3,1,2,3,0,0,3,3,7,5,4,4,1,2,0,1,12,19,16,9,3,2,0,0,2,5,15,20,10,7,2,2,37,35,2,3,53,63,30.0,47.0,23.0,16.0,6.0,15.0,451,362,359.0,269.0,197,117,162,152,28.0,29.0,4.0,3.0,0.56,0.58,0.44,0.43,0.13,0.15,0.56,0.58,0.82,0.96,0,0,2,2,1,1,3,4,4,1,0.0,0.0,0.3067,0.3102,0.0541,0.0592,0.1097,0.1769,0.0932,0.0367,7,4,0,1,2,2,1,1,0,0,0.4354,0.3167,0.0,0.1119,0.0931,0.1177,0.0352,0.0367,0.0,0.0,10,8,25.56,20.24
4507027,2025-03-16,esp,2024/2025,LaLiga,28,Alejandro Muñíz Ruiz,8560,Real Sociedad,8370,Rayo Vallecano,0,2,2,44,56,8,10,4,5,1,3,3,2,0,0,3,3,5,7,4,4,2,1,1,0,19,12,9,16,2,3,0,0,5,2,20,15,7,10,2,2,35,37,3,2,63,53,47.0,30.0,16.0,23.0,15.0,6.0,362,451,269.0,359.0,117,197,152,162,29.0,28.0,3.0,4.0,0.58,0.56,0.43,0.44,0.15,0.13,0.58,0.56,0.96,0.82,0,0,2,2,1,1,4,3,1,4,0.0,0.0,0.3102,0.3067,0.0592,0.0541,0.1769,0.1097,0.0367,0.0932,4,7,1,0,2,2,1,1,0,0,0.3167,0.4354,0.1119,0.0,0.1177,0.0931,0.0367,0.0352,0.0,0.0,8,10,20.24,25.56
4507028,2025-03-16,esp,2024/2025,LaLiga,28,Juan Luis Pulido Santana,8302,Sevilla,8315,Athletic Club,1,0,1,62,38,11,9,4,4,6,3,1,2,1,1,5,5,6,4,4,6,1,3,1,2,15,13,13,13,4,2,0,0,1,3,20,13,11,11,2,1,29,39,3,4,54,41,36.0,27.0,18.0,14.0,6.0,3.0,512,307,422.0,225.0,292,132,130,93,29.0,16.0,0.0,2.0,0.55,1.3,0.5,0.21,0.05,0.3,0.55,0.51,0.45,1.26,0,1,2,3,3,2,2,3,4,0,0.0,0.0824,0.2541,1.0389,0.1684,0.084,0.0726,0.1327,0.0589,0.0,9,5,0,0,2,1,0,2,0,1,0.5011,0.2311,0.0,0.0,0.053,0.0176,0.0,0.3009,0.0,0.7884,11,9,20.65,15.69
4507028,2025-03-16,esp,2024/2025,LaLiga,28,Juan Luis Pulido Santana,8315,Athletic Club,8302,Sevilla,0,1,0,38,62,9,11,4,4,3,6,2,1,1,1,5,5,4,6,6,4,3,1,2,1,13,15,13,13,2,4,0,0,3,1,13,20,11,11,1,2,39,29,4,3,41,54,27.0,36.0,14.0,18.0,3.0,6.0,307,512,225.0,422.0,132,292,93,130,16.0,29.0,2.0,0.0,1.3,0.55,0.21,0.5,0.3,0.05,0.51,0.55,1.26,0.45,1,0,3,2,2,3,3,2,0,4,0.0824,0.0,1.0389,0.2541,0.084,0.1684,0.1327,0.0726,0.0,0.0589,5,9,0,0,1,2,2,0,1,0,0.2311,0.5011,0.0,0.0,0.0176,0.053,0.3009,0.0,0.7884,0.0,9,11,15.69,20.65
4507029,2025-03-16,esp,2024/2025,LaLiga,28,César Soto Grado,7854,Leganes,8603,Real Betis,1,2,3,35,65,10,21,4,6,2,6,4,9,0,0,7,15,3,6,3,7,3,5,1,2,12,26,16,5,2,0,0,0,4,1,20,16,9,5,9,4,26,16,3,2,39,51,30.0,41.0,9.0,10.0,5.0,10.0,298,547,225.0,462.0,138,207,87,255,19.0,13.0,7.0,6.0,1.29,2.69,1.23,1.8,0.05,0.1,1.29,1.91,1.51,2.63,1,2,5,8,1,5,2,2,1,4,0.3961,0.8282,0.8181,1.5774,0.0258,0.1532,0.0314,0.053,0.0117,0.0931,7,16,1,1,1,3,1,0,0,1,1.1165,1.5794,0.1124,0.2324,0.0425,0.1047,0.0117,0.0,0.0,0.7884,10,21,17.59,17.18
4507029,2025-03-16,esp,2024/2025,LaLiga,28,César Soto Grado,8603,Real Betis,7854,Leganes,0,3,2,65,35,21,10,6,4,6,2,9,4,0,0,15,7,6,3,7,3,5,3,2,1,26,12,5,16,0,2,0,0,1,4,16,20,5,9,4,9,16,26,2,3,51,39,41.0,30.0,10.0,9.0,10.0,5.0,547,298,462.0,225.0,207,138,255,87,13.0,19.0,6.0,7.0,2.69,1.29,1.8,1.23,0.1,0.05,1.91,1.29,2.63,1.51,2,1,8,5,5,1,2,2,4,1,0.8282,0.3961,1.5774,0.8181,0.1532,0.0258,0.053,0.0314,0.0931,0.0117,16,7,1,1,3,1,0,1,1,0,1.5794,1.1165,0.2324,0.1124,0.1047,0.0425,0.0,0.0117,0.7884,0.0,21,10,17.18,17.59
4507031,2025-03-16,esp,2024/2025,LaLiga,28,Alejandro José Hernández Hernández,8371,Osasuna,8305,Getafe,1,1,2,62,38,12,7,4,4,5,2,3,1,0,0,11,5,1,2,3,2,3,1,2,0,24,14,19,15,2,2,0,1,2,2,14,20,8,7,2,3,17,29,1,3,43,57,31.0,44.0,12.0,13.0,6.0,6.0,453,283,377.0,207.0,192,112,185,95,28.0,18.0,9.0,4.0,1.87,0.53,0.64,0.34,0.44,0.19,1.08,0.53,1.13,1.58,0,0,7,3,4,2,1,2,0,0,0.0,0.0,1.6776,0.3753,0.1432,0.0678,0.0493,0.0968,0.0,0.0,6,6,1,0,2,0,2,1,1,0,0.5883,0.5269,0.0493,0.0,0.2732,0.0,0.171,0.013,0.7884,0.0,12,7,14.75,17.11
4507031,2025-03-16,esp,2024/2025,LaLiga,28,Alejandro José Hernández Hernández,8305,Getafe,8371,Osasuna,0,2,1,38,62,7,12,4,4,2,5,1,3,0,0,5,11,2,1,2,3,1,3,0,2,14,24,15,19,2,2,1,0,2,2,20,14,7,8,3,2,29,17,3,1,57,43,44.0,31.0,13.0,12.0,6.0,6.0,283,453,207.0,377.0,112,192,95,185,18.0,28.0,4.0,9.0,0.53,1.87,0.34,0.64,0.19,0.44,0.53,1.08,1.58,1.13,0,0,3,7,2,4,2,1,0,0,0.0,0.0,0.3753,1.6776,0.0678,0.1432,0.0968,0.0493,0.0,0.0,6,6,0,1,0,2,1,2,0,1,0.5269,0.5883,0.0,0.0493,0.0,0.2732,0.013,0.171,0.0,0.7884,7,12,17.11,14.75
4507016,2025-03-27,esp,2024/2025,LaLiga,27,Mateo Busquets Ferrer,8634,Barcelona,8371,Osasuna,1,3,0,74,26,19,4,5,0,9,3,5,1,1,0,12,4,7,0,8,4,6,1,3,1,33,8,7,14,1,3,0,0,2,4,14,24,1,8,1,5,13,22,0,2,60,50,46.0,36.0,14.0,14.0,19.0,7.0,750,257,678.0,180.0,303,114,375,66,18.0,29.0,1.0,4.0,3.72,0.4,2.78,0.17,0.16,0.23,2.93,0.4,2.5,0.0,3,1,6,2,3,1,4,0,3,0,1.3994,0.0354,1.836,0.2411,0.115,0.1015,0.2618,0.0,0.1107,0.0,14,1,2,1,1,1,1,1,1,0,2.5055,0.0422,0.2725,0.1015,0.0296,0.0354,0.127,0.1989,0.7884,0.0,19,4,15.11,9.56
4507016,2025-03-27,esp,2024/2025,LaLiga,27,Mateo Busquets Ferrer,8371,Osasuna,8634,Barcelona,0,0,3,26,74,4,19,0,5,3,9,1,5,0,1,4,12,0,7,4,8,1,6,1,3,8,33,14,7,3,1,0,0,4,2,24,14,8,1,5,1,22,13,2,0,50,60,36.0,46.0,14.0,14.0,7.0,19.0,257,750,180.0,678.0,114,303,66,375,29.0,18.0,4.0,1.0,0.4,3.72,0.17,2.78,0.23,0.16,0.4,2.93,0.0,2.5,1,3,2,6,1,3,0,4,0,3,0.0354,1.3994,0.2411,1.836,0.1015,0.115,0.0,0.2618,0.0,0.1107,1,14,1,2,1,1,1,1,0,1,0.0422,2.5055,0.1015,0.2725,0.0354,0.0296,0.1989,0.127,0.0,0.7884,4,19,9.56,15.11
4507040,2025-03-29,esp,2024/2025,LaLiga,29,Adrián Cordero Vega,8560,Real Sociedad,10281,Real Valladolid,1,2,1,55,45,12,12,2,5,4,5,6,2,0,0,8,8,4,4,3,6,2,2,1,1,31,24,20,10,2,3,0,0,2,1,22,12,3,4,2,5,35,21,4,0,47,62,38.0,42.0,9.0,20.0,6.0,11.0,471,369,410.0,293.0,189,182,221,111,22.0,34.0,4.0,7.0,0.72,0.72,0.66,0.49,0.06,0.22,0.72,0.72,0.58,1.05,0,0,5,6,3,2,2,4,2,0,0.0,0.0,0.3989,0.5692,0.1307,0.0875,0.0818,0.0614,0.0743,0.0,9,8,1,0,1,2,1,2,0,0,0.5652,0.496,0.0421,0.0,0.037,0.1985,0.0414,0.0235,0.0,0.0,12,12,17.41,17.31
4507040,2025-03-29,esp,2024/2025,LaLiga,29,Adrián Cordero Vega,10281,Real Valladolid,8560,Real Sociedad,0,1,2,45,55,12,12,5,2,5,4,2,6,0,0,8,8,4,4,6,3,2,2,1,1,24,31,10,20,3,2,0,0,1,2,12,22,4,3,5,2,21,35,0,4,62,47,42.0,38.0,20.0,9.0,11.0,6.0,369,471,293.0,410.0,182,189,111,221,34.0,22.0,7.0,4.0,0.72,0.72,0.49,0.66,0.22,0.06,0.72,0.72,1.05,0.58,0,0,6,5,2,3,4,2,0,2,0.0,0.0,0.5692,0.3989,0.0875,0.1307,0.0614,0.0818,0.0,0.0743,8,9,0,1,2,1,2,1,0,0,0.496,0.5652,0.0,0.0421,0.1985,0.037,0.0235,0.0414,0.0,0.0,12,12,17.31,17.41
4507041,2025-03-29,esp,2024/2025,LaLiga,29,José Luis Munuera Montero,9866,Deportivo Alaves,8370,Rayo Vallecano,1,0,2,56,44,12,11,4,5,7,3,1,3,1,0,8,5,4,6,8,5,2,0,2,0,34,9,14,12,3,5,0,0,1,3,24,18,10,6,3,2,21,37,3,3,64,64,41.0,40.0,23.0,24.0,6.0,8.0,421,352,318.0,241.0,108,139,210,102,31.0,27.0,10.0,3.0,1.49,0.59,0.29,0.3,0.42,0.29,0.71,0.59,1.33,1.22,2,3,6,1,0,1,1,3,3,3,0.3665,0.2611,1.0401,0.0508,0.0,0.0409,0.0176,0.169,0.0695,0.0676,7,6,1,1,2,2,1,2,1,0,0.2667,0.2185,0.0206,0.0835,0.3665,0.1542,0.0515,0.1331,0.7884,0.0,12,11,15.51,19.17
4507041,2025-03-29,esp,2024/2025,LaLiga,29,José Luis Munuera Montero,8370,Rayo Vallecano,9866,Deportivo Alaves,0,2,0,44,56,11,12,5,4,3,7,3,1,0,1,5,8,6,4,5,8,0,2,0,2,9,34,12,14,5,3,0,0,3,1,18,24,6,10,2,3,37,21,3,3,64,64,40.0,41.0,24.0,23.0,8.0,6.0,352,421,241.0,318.0,139,108,102,210,27.0,31.0,3.0,10.0,0.59,1.49,0.3,0.29,0.29,0.42,0.59,0.71,1.22,1.33,3,2,1,6,1,0,3,1,3,3,0.2611,0.3665,0.0508,1.0401,0.0409,0.0,0.169,0.0176,0.0676,0.0695,6,7,1,1,2,2,2,1,0,1,0.2185,0.2667,0.0835,0.0206,0.1542,0.3665,0.1331,0.0515,0.0,0.7884,11,12,19.17,15.51
4507042,2025-03-29,esp,2024/2025,LaLiga,29,Javier Alberola Rojas,8558,Espanyol,9906,Atletico Madrid,1,1,1,40,60,8,13,1,2,4,5,3,6,0,0,4,6,4,7,4,3,1,1,0,1,12,23,12,14,2,1,0,0,0,5,8,15,16,5,5,3,23,19,1,0,40,44,30.0,34.0,10.0,10.0,8.0,7.0,398,626,327.0,545.0,190,255,137,290,28.0,13.0,5.0,3.0,0.94,0.83,0.1,0.43,0.05,0.4,0.15,0.83,0.99,0.11,0,1,3,2,1,3,0,4,4,3,0.0,0.3254,0.8383,0.2275,0.0395,0.1182,0.0,0.0658,0.0748,0.0918,5,10,0,0,2,1,0,2,1,0,0.1124,0.4291,0.0,0.0,0.0518,0.3254,0.0,0.0741,0.7884,0.0,8,13,18.56,20.19
4507042,2025-03-29,esp,2024/2025,LaLiga,29,Javier Alberola Rojas,9906,Atletico Madrid,8558,Espanyol,0,1,1,60,40,13,8,2,1,5,4,6,3,0,0,6,4,7,4,3,4,1,1,1,0,23,12,14,12,1,2,0,0,5,0,15,8,5,16,3,5,19,23,0,1,44,40,34.0,30.0,10.0,10.0,7.0,8.0,626,398,545.0,327.0,255,190,290,137,13.0,28.0,3.0,5.0,0.83,0.94,0.43,0.1,0.4,0.05,0.83,0.15,0.11,0.99,1,0,2,3,3,1,4,0,3,4,0.3254,0.0,0.2275,0.8383,0.1182,0.0395,0.0658,0.0,0.0918,0.0748,10,5,0,0,1,2,2,0,0,1,0.4291,0.1124,0.0,0.0,0.3254,0.0518,0.0741,0.0,0.0,0.7884,13,8,20.19,18.56
4507044,2025-03-29,esp,2024/2025,LaLiga,29,Pablo González Fuertes,8633,Real Madrid,7854,Leganes,1,3,2,71,29,24,10,10,4,8,5,6,1,2,0,13,6,11,4,8,3,5,4,3,2,49,18,9,13,1,4,0,0,2,0,12,14,9,12,1,7,13,33,2,6,58,35,39.0,28.0,19.0,7.0,14.0,5.0,606,248,554.0,184.0,200,100,354,84,29.0,12.0,4.0,3.0,2.91,2.87,1.94,2.85,0.17,0.03,2.12,2.87,2.62,1.97,3,1,8,5,2,0,6,1,5,3,1.101,0.7719,1.5201,1.7836,0.0543,0.0,0.2987,0.0377,0.1042,0.0449,20,7,0,2,1,0,2,1,1,0,2.1167,1.3608,0.0,1.2232,0.0493,0.0,0.1239,0.0542,0.7884,0.0,24,10,17.38,15.65
4507044,2025-03-29,esp,2024/2025,LaLiga,29,Pablo González Fuertes,7854,Leganes,8633,Real Madrid,0,2,3,29,71,10,24,4,10,5,8,1,6,0,2,6,13,4,11,3,8,4,5,2,3,18,49,13,9,4,1,0,0,0,2,14,12,12,9,7,1,33,13,6,2,35,58,28.0,39.0,7.0,19.0,5.0,14.0,248,606,184.0,554.0,100,200,84,354,12.0,29.0,3.0,4.0,2.87,2.91,2.85,1.94,0.03,0.17,2.87,2.12,1.97,2.62,1,3,5,8,0,2,1,6,3,5,0.7719,1.101,1.7836,1.5201,0.0,0.0543,0.0377,0.2987,0.0449,0.1042,7,20,2,0,0,1,1,2,0,1,1.3608,2.1167,1.2232,0.0,0.0,0.0493,0.0542,0.1239,0.0,0.7884,10,24,15.65,17.38
4507035,2025-03-30,esp,2024/2025,LaLiga,29,Guillermo Cuadra Fernández,8315,Athletic Club,8371,Osasuna,1,0,0,62,38,11,5,5,2,4,3,2,0,0,0,6,4,5,1,3,4,1,1,1,1,22,12,12,12,1,1,0,0,2,1,23,32,5,7,0,2,27,26,2,5,55,68,40.0,49.0,15.0,19.0,5.0,5.0,537,333,461.0,248.0,180,139,281,109,41.0,34.0,5.0,5.0,0.7,0.36,0.65,0.15,0.05,0.21,0.7,0.36,1.17,0.24,1,1,4,2,1,1,4,1,1,0,0.1402,0.202,0.367,0.0501,0.0254,0.0634,0.1507,0.0486,0.0173,0.0,9,3,0,0,2,2,0,0,0,0,0.6463,0.1556,0.0,0.0,0.0542,0.2085,0.0,0.0,0.0,0.0,11,5,18.49,13.78
4507035,2025-03-30,esp,2024/2025,LaLiga,29,Guillermo Cuadra Fernández,8371,Osasuna,8315,Athletic Club,0,0,0,38,62,5,11,2,5,3,4,0,2,0,0,4,6,1,5,4,3,1,1,1,1,12,22,12,12,1,1,0,0,1,2,32,23,7,5,2,0,26,27,5,2,68,55,49.0,40.0,19.0,15.0,5.0,5.0,333,537,248.0,461.0,139,180,109,281,34.0,41.0,5.0,5.0,0.36,0.7,0.15,0.65,0.21,0.05,0.36,0.7,0.24,1.17,1,1,2,4,1,1,1,4,0,1,0.202,0.1402,0.0501,0.367,0.0634,0.0254,0.0486,0.1507,0.0,0.0173,3,9,0,0,2,2,0,0,0,0,0.1556,0.6463,0.0,0.0,0.2085,0.0542,0.0,0.0,0.0,0.0,5,11,13.78,18.49
4507036,2025-03-30,esp,2024/2025,LaLiga,29,Juan Luis Pulido Santana,8634,Barcelona,7732,Girona,1,4,1,69,31,21,4,9,2,7,1,5,1,2,0,15,4,6,0,10,2,3,1,1,0,38,8,8,11,0,1,0,0,1,2,10,17,8,11,1,4,10,29,1,6,43,37,34.0,32.0,9.0,5.0,13.0,7.0,643,278,567.0,207.0,204,162,363,45,27.0,16.0,2.0,3.0,2.31,0.49,2.09,0.44,0.23,0.05,2.31,0.49,3.62,0.83,2,0,11,4,2,0,6,0,0,0,0.3892,0.0,1.5424,0.5341,0.0663,0.0,0.3162,0.0,0.0,0.0,15,3,4,0,2,1,0,0,0,0,1.3094,0.4615,0.7772,0.0,0.2274,0.0726,0.0,0.0,0.0,0.0,21,4,15.24,13.37
4507036,2025-03-30,esp,2024/2025,LaLiga,29,Juan Luis Pulido Santana,7732,Girona,8634,Barcelona,0,1,4,31,69,4,21,2,9,1,7,1,5,0,2,4,15,0,6,2,10,1,3,0,1,8,38,11,8,1,0,0,0,2,1,17,10,11,8,4,1,29,10,6,1,37,43,32.0,34.0,5.0,9.0,7.0,13.0,278,643,207.0,567.0,162,204,45,363,16.0,27.0,3.0,2.0,0.49,2.31,0.44,2.09,0.05,0.23,0.49,2.31,0.83,3.62,0,2,4,11,0,2,0,6,0,0,0.0,0.3892,0.5341,1.5424,0.0,0.0663,0.0,0.3162,0.0,0.0,3,15,0,4,1,2,0,0,0,0,0.4615,1.3094,0.0,0.7772,0.0726,0.2274,0.0,0.0,0.0,0.0,4,21,13.37,15.24
4507037,2025-03-30,esp,2024/2025,LaLiga,29,Mateo Busquets Ferrer,8603,Real Betis,8302,Sevilla,1,2,1,56,44,11,6,3,2,5,2,3,2,0,0,4,5,7,1,2,2,1,1,0,0,17,11,10,22,3,3,0,0,1,1,13,17,12,11,2,3,23,25,1,1,50,53,45.0,33.0,5.0,20.0,12.0,7.0,502,394,433.0,314.0,204,202,229,112,26.0,19.0,0.0,1.0,1.07,0.7,0.97,0.67,0.11,0.03,1.07,0.7,1.74,0.68,0,0,3,5,1,0,6,1,1,0,0.0,0.0,0.7035,0.6743,0.0481,0.0,0.2807,0.0274,0.0413,0.0,9,4,0,1,0,0,2,1,0,0,0.9659,0.5996,0.0,0.0746,0.0,0.0,0.1076,0.0274,0.0,0.0,11,6,19.87,14.92
4507037,2025-03-30,esp,2024/2025,LaLiga,29,Mateo Busquets Ferrer,8302,Sevilla,8603,Real Betis,0,1,2,44,56,6,11,2,3,2,5,2,3,0,0,5,4,1,7,2,2,1,1,0,0,11,17,22,10,3,3,0,0,1,1,17,13,11,12,3,2,25,23,1,1,53,50,33.0,45.0,20.0,5.0,7.0,12.0,394,502,314.0,433.0,202,204,112,229,19.0,26.0,1.0,0.0,0.7,1.07,0.67,0.97,0.03,0.11,0.7,1.07,0.68,1.74,0,0,5,3,0,1,1,6,0,1,0.0,0.0,0.6743,0.7035,0.0,0.0481,0.0274,0.2807,0.0,0.0413,4,9,1,0,0,0,1,2,0,0,0.5996,0.9659,0.0746,0.0,0.0,0.0,0.0274,0.1076,0.0,0.0,6,11,14.92,19.87
4507039,2025-03-30,esp,2024/2025,LaLiga,29,Isidro Díaz de Mera Escuderos,8305,Getafe,10205,Villarreal,1,1,2,55,45,11,9,4,3,5,3,2,3,0,0,7,5,4,4,3,1,1,2,1,0,24,19,16,21,1,4,0,0,2,3,14,24,5,11,3,2,19,39,1,3,61,64,40.0,48.0,21.0,16.0,7.0,10.0,433,361,322.0,253.0,131,164,191,89,37.0,26.0,8.0,3.0,1.04,1.26,0.2,1.14,0.84,0.12,1.04,1.26,0.8,2.39,2,0,4,5,1,0,0,4,4,0,0.7458,0.0,0.1863,1.0274,0.045,0.0,0.0,0.2224,0.0584,0.0,6,6,0,1,1,1,4,1,0,0,0.1963,0.8672,0.0,0.2715,0.0337,0.0615,0.8054,0.0497,0.0,0.0,11,9,18.04,15.87
4507039,2025-03-30,esp,2024/2025,LaLiga,29,Isidro Díaz de Mera Escuderos,10205,Villarreal,8305,Getafe,0,2,1,45,55,9,11,3,4,3,5,3,2,0,0,5,7,4,4,1,3,2,1,0,1,19,24,21,16,4,1,0,0,3,2,24,14,11,5,2,3,39,19,3,1,64,61,48.0,40.0,16.0,21.0,10.0,7.0,361,433,253.0,322.0,164,131,89,191,26.0,37.0,3.0,8.0,1.26,1.04,1.14,0.2,0.12,0.84,1.26,1.04,2.39,0.8,0,2,5,4,0,1,4,0,0,4,0.0,0.7458,1.0274,0.1863,0.0,0.045,0.2224,0.0,0.0,0.0584,6,6,1,0,1,1,1,4,0,0,0.8672,0.1963,0.2715,0.0,0.0615,0.0337,0.0497,0.8054,0.0,0.0,9,11,15.87,18.04
4507043,2025-03-30,esp,2024/2025,LaLiga,29,Francisco José Hernández Maeso,10267,Valencia,8661,Mallorca,1,1,0,44,56,8,8,2,2,4,5,2,1,1,0,3,3,5,5,4,5,1,2,1,2,9,19,16,15,4,4,0,0,2,1,18,23,6,8,1,2,54,23,2,1,67,51,39.0,44.0,28.0,7.0,7.0,5.0,340,430,281.0,352.0,154,178,127,174,14.0,28.0,5.0,4.0,0.69,0.6,0.66,0.44,0.03,0.16,0.69,0.6,1.09,0.12,1,0,1,2,1,1,4,4,1,1,0.4686,0.0,0.0288,0.4024,0.0503,0.0267,0.1192,0.1171,0.0281,0.0114,6,5,0,1,1,2,1,0,0,0,0.6609,0.4406,0.0,0.0267,0.0288,0.0903,0.0052,0.0,0.0,0.0,8,8,20.14,19.38
4507043,2025-03-30,esp,2024/2025,LaLiga,29,Francisco José Hernández Maeso,8661,Mallorca,10267,Valencia,0,0,1,56,44,8,8,2,2,5,4,1,2,0,1,3,3,5,5,5,4,2,1,2,1,19,9,15,16,4,4,0,0,1,2,23,18,8,6,2,1,23,54,1,2,51,67,44.0,39.0,7.0,28.0,5.0,7.0,430,340,352.0,281.0,178,154,174,127,28.0,14.0,4.0,5.0,0.6,0.69,0.44,0.66,0.16,0.03,0.6,0.69,0.12,1.09,0,1,2,1,1,1,4,4,1,1,0.0,0.4686,0.4024,0.0288,0.0267,0.0503,0.1171,0.1192,0.0114,0.0281,5,6,1,0,2,1,0,1,0,0,0.4406,0.6609,0.0267,0.0,0.0903,0.0288,0.0,0.0052,0.0,0.0,8,8,19.38,20.14
4507038,2025-03-31,esp,2024/2025,LaLiga,29,Juan Martínez Munuera,9910,Celta Vigo,8306,Las Palmas,1,1,1,61,39,20,4,7,2,4,2,9,0,0,0,11,2,9,2,4,2,1,1,1,0,33,9,17,5,3,0,0,0,4,3,13,18,5,8,0,10,19,16,1,5,33,58,30.0,41.0,3.0,17.0,12.0,6.0,638,412,559.0,325.0,252,208,307,117,11.0,40.0,5.0,1.0,0.98,0.33,0.86,0.29,0.12,0.04,0.98,0.33,1.78,0.49,0,0,5,2,6,0,4,1,5,1,0.0,0.0,0.4277,0.2871,0.2864,0.0,0.1512,0.0303,0.1104,0.0074,17,1,0,1,3,1,0,1,0,0,0.9057,0.0303,0.0,0.2559,0.0699,0.0313,0.0,0.0074,0.0,0.0,20,4,19.24,19.46
4507038,2025-03-31,esp,2024/2025,LaLiga,29,Juan Martínez Munuera,8306,Las Palmas,9910,Celta Vigo,0,1,1,39,61,4,20,2,7,2,4,0,9,0,0,2,11,2,9,2,4,1,1,0,1,9,33,5,17,0,3,0,0,3,4,18,13,8,5,10,0,16,19,5,1,58,33,41.0,30.0,17.0,3.0,6.0,12.0,412,638,325.0,559.0,208,252,117,307,40.0,11.0,1.0,5.0,0.33,0.98,0.29,0.86,0.04,0.12,0.33,0.98,0.49,1.78,0,0,2,5,0,6,1,4,1,5,0.0,0.0,0.2871,0.4277,0.0,0.2864,0.0303,0.1512,0.0074,0.1104,1,17,1,0,1,3,1,0,0,0,0.0303,0.9057,0.2559,0.0,0.0313,0.0699,0.0074,0.0,0.0,0.0,4,20,19.46,19.24
4507054,2025-04-04,esp,2024/2025,LaLiga,30,Alejandro José Hernández Hernández,8370,Rayo Vallecano,8558,Espanyol,1,0,4,70,30,16,15,5,7,8,6,3,2,0,0,9,11,7,4,8,4,0,7,0,4,26,20,8,10,2,2,0,0,1,0,11,14,11,9,2,3,20,45,3,5,40,33,26.0,24.0,14.0,9.0,7.0,3.0,551,242,488.0,172.0,197,82,291,90,29.0,15.0,5.0,4.0,0.67,3.27,0.65,1.98,0.02,0.5,0.67,2.48,0.97,3.32,0,0,5,11,4,0,3,2,4,2,0.0,0.0,0.3868,2.7379,0.1608,0.0,0.061,0.533,0.0637,0.1058,15,4,0,6,1,3,0,1,0,1,0.6494,0.4614,0.0,1.6296,0.0228,0.2655,0.0,0.2318,0.0,0.7884,16,15,21.51,15.44
4507054,2025-04-04,esp,2024/2025,LaLiga,30,Alejandro José Hernández Hernández,8558,Espanyol,8370,Rayo Vallecano,0,4,0,30,70,15,16,7,5,6,8,2,3,0,0,11,9,4,7,4,8,7,0,4,0,20,26,10,8,2,2,0,0,0,1,14,11,9,11,3,2,45,20,5,3,33,40,24.0,26.0,9.0,14.0,3.0,7.0,242,551,172.0,488.0,82,197,90,291,15.0,29.0,4.0,5.0,3.27,0.67,1.98,0.65,0.5,0.02,2.48,0.67,3.32,0.97,0,0,11,5,0,4,2,3,2,4,0.0,0.0,2.7379,0.3868,0.0,0.1608,0.533,0.061,0.1058,0.0637,4,15,6,0,3,1,1,0,1,0,0.4614,0.6494,1.6296,0.0,0.2655,0.0228,0.2318,0.0,0.7884,0.0,15,16,15.44,21.51
4507045,2025-04-05,esp,2024/2025,LaLiga,30,Jesús Gil Manzano,8634,Barcelona,8603,Real Betis,1,1,1,74,26,13,6,5,2,5,3,3,1,0,0,8,3,5,3,9,3,2,0,1,0,37,9,16,12,2,1,0,0,2,3,10,18,11,6,1,3,6,43,1,4,51,48,36.0,38.0,15.0,10.0,15.0,6.0,729,255,659.0,176.0,250,123,409,53,15.0,19.0,4.0,1.0,1.39,0.31,1.25,0.16,0.14,0.15,1.39,0.31,1.31,0.23,1,1,6,1,1,1,4,1,1,2,0.4386,0.1506,0.6783,0.0834,0.0937,0.0247,0.1521,0.0211,0.0257,0.026,8,4,0,1,3,1,2,0,0,0,1.2507,0.0718,0.0,0.0834,0.0654,0.1506,0.0724,0.0,0.0,0.0,13,6,16.5,25.72
4507045,2025-04-05,esp,2024/2025,LaLiga,30,Jesús Gil Manzano,8603,Real Betis,8634,Barcelona,0,1,1,26,74,6,13,2,5,3,5,1,3,0,0,3,8,3,5,3,9,0,2,0,1,9,37,12,16,1,2,0,0,3,2,18,10,6,11,3,1,43,6,4,1,48,51,38.0,36.0,10.0,15.0,6.0,15.0,255,729,176.0,659.0,123,250,53,409,19.0,15.0,1.0,4.0,0.31,1.39,0.16,1.25,0.15,0.14,0.31,1.39,0.23,1.31,1,1,1,6,1,1,1,4,2,1,0.1506,0.4386,0.0834,0.6783,0.0247,0.0937,0.0211,0.1521,0.026,0.0257,4,8,1,0,1,3,0,2,0,0,0.0718,1.2507,0.0834,0.0,0.1506,0.0654,0.0,0.0724,0.0,0.0,6,13,25.72,16.5
4507046,2025-04-05,esp,2024/2025,LaLiga,30,Guillermo Cuadra Fernández,8633,Real Madrid,10267,Valencia,1,1,2,65,35,21,10,9,2,8,5,4,3,0,0,15,6,6,4,9,4,4,2,3,0,45,15,10,13,0,4,0,0,6,1,20,18,13,9,3,4,7,32,0,8,60,48,39.0,37.0,21.0,11.0,8.0,10.0,621,340,565.0,261.0,225,113,340,148,37.0,27.0,6.0,5.0,3.47,0.78,2.05,0.48,0.63,0.3,2.68,0.78,3.27,0.59,4,2,7,3,4,1,5,3,1,1,1.5922,0.1476,1.4779,0.4158,0.0916,0.0224,0.2867,0.1549,0.0196,0.0214,15,6,1,0,4,3,0,1,1,0,2.012,0.4786,0.0423,0.0,0.6253,0.2513,0.0,0.0322,0.7884,0.0,21,10,13.64,14.41
4507046,2025-04-05,esp,2024/2025,LaLiga,30,Guillermo Cuadra Fernández,10267,Valencia,8633,Real Madrid,0,2,1,35,65,10,21,2,9,5,8,3,4,0,0,6,15,4,6,4,9,2,4,0,3,15,45,13,10,4,0,0,0,1,6,18,20,9,13,4,3,32,7,8,0,48,60,37.0,39.0,11.0,21.0,10.0,8.0,340,621,261.0,565.0,113,225,148,340,27.0,37.0,5.0,6.0,0.78,3.47,0.48,2.05,0.3,0.63,0.78,2.68,0.59,3.27,2,4,3,7,1,4,3,5,1,1,0.1476,1.5922,0.4158,1.4779,0.0224,0.0916,0.1549,0.2867,0.0214,0.0196,6,15,0,1,3,4,1,0,0,1,0.4786,2.012,0.0,0.0423,0.2513,0.6253,0.0322,0.0,0.0,0.7884,10,21,14.41,13.64
4507051,2025-04-05,esp,2024/2025,LaLiga,30,Ricardo De Burgos Bengoetxea,8661,Mallorca,9910,Celta Vigo,1,1,2,44,56,7,10,2,4,3,4,2,2,0,0,6,5,1,5,4,2,2,2,1,1,12,22,9,11,3,0,0,0,3,0,21,15,10,5,2,2,27,20,2,1,48,41,34.0,29.0,14.0,12.0,2.0,5.0,381,487,310.0,419.0,182,252,128,167,28.0,34.0,7.0,2.0,0.5,0.82,0.22,0.71,0.28,0.11,0.5,0.82,1.01,1.69,0,0,6,4,0,1,0,3,1,2,0.0,0.0,0.5164,0.5408,0.0,0.0151,0.0,0.1835,0.0331,0.0842,2,6,0,1,4,1,1,2,0,0,0.2772,0.6535,0.0,0.0571,0.23,0.0429,0.0423,0.0701,0.0,0.0,7,10,12.91,17.78
4507051,2025-04-05,esp,2024/2025,LaLiga,30,Ricardo De Burgos Bengoetxea,9910,Celta Vigo,8661,Mallorca,0,2,1,56,44,10,7,4,2,4,3,2,2,0,0,5,6,5,1,2,4,2,2,1,1,22,12,11,9,0,3,0,0,0,3,15,21,5,10,2,2,20,27,1,2,41,48,29.0,34.0,12.0,14.0,5.0,2.0,487,381,419.0,310.0,252,182,167,128,34.0,28.0,2.0,7.0,0.82,0.5,0.71,0.22,0.11,0.28,0.82,0.5,1.69,1.01,0,0,4,6,1,0,3,0,2,1,0.0,0.0,0.5408,0.5164,0.0151,0.0,0.1835,0.0,0.0842,0.0331,6,2,1,0,1,4,2,1,0,0,0.6535,0.2772,0.0571,0.0,0.0429,0.23,0.0701,0.0423,0.0,0.0,10,7,17.78,12.91
4507053,2025-04-05,esp,2024/2025,LaLiga,30,Alejandro Muñíz Ruiz,7732,Girona,9866,Deportivo Alaves,1,0,1,64,36,16,9,1,4,10,5,5,0,0,0,13,6,3,3,5,3,2,2,2,1,23,15,8,25,1,5,0,0,0,1,10,19,4,5,0,5,14,38,3,1,65,44,54.0,31.0,11.0,13.0,19.0,4.0,478,280,423.0,218.0,247,95,176,123,27.0,18.0,6.0,4.0,1.42,0.8,1.21,0.66,0.22,0.14,1.42,0.8,0.47,1.24,1,0,9,4,3,2,1,3,2,0,0.6614,0.0,0.6029,0.5126,0.0781,0.0564,0.0575,0.2307,0.0243,0.0,10,6,1,1,2,2,3,0,0,0,1.1513,0.5223,0.0573,0.1361,0.1075,0.1413,0.108,0.0,0.0,0.0,16,9,16.15,15.46
4507053,2025-04-05,esp,2024/2025,LaLiga,30,Alejandro Muñíz Ruiz,9866,Deportivo Alaves,7732,Girona,0,1,0,36,64,9,16,4,1,5,10,0,5,0,0,6,13,3,3,3,5,2,2,1,2,15,23,25,8,5,1,0,0,1,0,19,10,5,4,5,0,38,14,1,3,44,65,31.0,54.0,13.0,11.0,4.0,19.0,280,478,218.0,423.0,95,247,123,176,18.0,27.0,4.0,6.0,0.8,1.42,0.66,1.21,0.14,0.22,0.8,1.42,1.24,0.47,0,1,4,9,2,3,3,1,0,2,0.0,0.6614,0.5126,0.6029,0.0564,0.0781,0.2307,0.0575,0.0,0.0243,6,10,1,1,2,2,0,3,0,0,0.5223,1.1513,0.1361,0.0573,0.1413,0.1075,0.0,0.108,0.0,0.0,9,16,15.46,16.15
4507047,2025-04-06,esp,2024/2025,LaLiga,30,Miguel Ángel Ortiz Arias,8306,Las Palmas,8560,Real Sociedad,1,1,3,52,48,13,13,5,8,4,3,4,2,1,1,9,10,4,3,5,4,2,6,1,4,34,24,8,10,0,2,0,0,5,1,16,13,9,5,2,4,14,42,5,4,49,44,32.0,28.0,17.0,16.0,6.0,7.0,387,377,299.0,305.0,149,175,150,130,26.0,18.0,7.0,3.0,1.97,2.39,1.69,2.2,0.29,0.2,1.97,2.39,1.77,2.44,1,1,6,6,2,3,2,0,2,3,0.9581,0.5182,0.8322,1.5833,0.0828,0.2447,0.0641,0.0,0.0359,0.0592,8,8,1,2,2,1,2,2,0,0,0.7274,1.8393,0.9581,0.3698,0.0382,0.0971,0.2493,0.0993,0.0,0.0,13,13,15.51,15.57
4507047,2025-04-06,esp,2024/2025,LaLiga,30,Miguel Ángel Ortiz Arias,8560,Real Sociedad,8306,Las Palmas,0,3,1,48,52,13,13,8,5,3,4,2,4,1,1,10,9,3,4,4,5,6,2,4,1,24,34,10,8,2,0,0,0,1,5,13,16,5,9,4,2,42,14,4,5,44,49,28.0,32.0,16.0,17.0,7.0,6.0,377,387,305.0,299.0,175,149,130,150,18.0,26.0,3.0,7.0,2.39,1.97,2.2,1.69,0.2,0.29,2.39,1.97,2.44,1.77,1,1,6,6,3,2,0,2,3,2,0.5182,0.9581,1.5833,0.8322,0.2447,0.0828,0.0,0.0641,0.0592,0.0359,8,8,2,1,1,2,2,2,0,0,1.8393,0.7274,0.3698,0.9581,0.0971,0.0382,0.0993,0.2493,0.0,0.0,13,13,15.57,15.51
4507049,2025-04-06,esp,2024/2025,LaLiga,30,Mario Melero López,10205,Villarreal,8315,Athletic Club,1,0,0,57,43,12,11,4,2,5,4,3,5,0,0,8,7,4,4,6,5,4,1,4,1,24,23,9,13,0,1,1,0,1,1,23,21,4,6,5,3,20,19,2,4,58,50,41.0,35.0,17.0,15.0,9.0,8.0,498,375,416.0,311.0,235,163,181,148,26.0,33.0,9.0,3.0,2.08,0.73,1.46,0.6,0.62,0.12,2.08,0.73,0.36,0.14,1,0,6,5,1,2,2,4,2,0,0.42,0.0,1.4708,0.6053,0.066,0.0413,0.0749,0.1915,0.0493,0.0,6,8,1,1,3,1,2,1,0,0,0.5995,0.69,0.8651,0.0275,0.5127,0.0216,0.1036,0.0991,0.0,0.0,12,11,14.4,17.49
4507049,2025-04-06,esp,2024/2025,LaLiga,30,Mario Melero López,8315,Athletic Club,10205,Villarreal,0,0,0,43,57,11,12,2,4,4,5,5,3,0,0,7,8,4,4,5,6,1,4,1,4,23,24,13,9,1,0,0,1,1,1,21,23,6,4,3,5,19,20,4,2,50,58,35.0,41.0,15.0,17.0,8.0,9.0,375,498,311.0,416.0,163,235,148,181,33.0,26.0,3.0,9.0,0.73,2.08,0.6,1.46,0.12,0.62,0.73,2.08,0.14,0.36,0,1,5,6,2,1,4,2,0,2,0.0,0.42,0.6053,1.4708,0.0413,0.066,0.1915,0.0749,0.0,0.0493,8,6,1,1,1,3,1,2,0,0,0.69,0.5995,0.0275,0.8651,0.0216,0.5127,0.0991,0.1036,0.0,0.0,11,12,17.49,14.4
4507050,2025-04-06,esp,2024/2025,LaLiga,30,César Soto Grado,8302,Sevilla,9906,Atletico Madrid,1,1,2,44,56,11,13,6,5,5,3,0,5,0,0,7,9,4,4,7,7,1,1,1,0,18,28,14,12,1,4,0,0,0,0,20,19,11,8,5,1,38,27,3,4,57,51,42.0,36.0,15.0,15.0,11.0,3.0,429,540,361.0,474.0,219,234,142,240,26.0,29.0,4.0,1.0,0.89,1.29,0.65,0.33,0.23,0.17,0.89,0.5,1.08,1.64,0,0,3,4,4,5,4,4,0,0,0.0,0.0,0.558,1.0434,0.1801,0.1717,0.1474,0.1454,0.0,0.0,7,9,0,0,3,2,1,1,0,1,0.6506,0.4003,0.0,0.0,0.1949,0.1341,0.0401,0.0377,0.0,0.7884,11,13,17.79,18.68
4507050,2025-04-06,esp,2024/2025,LaLiga,30,César Soto Grado,9906,Atletico Madrid,8302,Sevilla,0,2,1,56,44,13,11,5,6,3,5,5,0,0,0,9,7,4,4,7,7,1,1,0,1,28,18,12,14,4,1,0,0,0,0,19,20,8,11,1,5,27,38,4,3,51,57,36.0,42.0,15.0,15.0,3.0,11.0,540,429,474.0,361.0,234,219,240,142,29.0,26.0,1.0,4.0,1.29,0.89,0.33,0.65,0.17,0.23,0.5,0.89,1.64,1.08,0,0,4,3,5,4,4,4,0,0,0.0,0.0,1.0434,0.558,0.1717,0.1801,0.1454,0.1474,0.0,0.0,9,7,0,0,2,3,1,1,1,0,0.4003,0.6506,0.0,0.0,0.1341,0.1949,0.0377,0.0401,0.7884,0.0,13,11,18.68,17.79
4507052,2025-04-06,esp,2024/2025,LaLiga,30,Alejandro Quintero González,10281,Real Valladolid,8305,Getafe,1,0,4,50,50,5,16,0,9,3,3,2,4,0,0,3,10,2,6,3,4,1,5,1,1,7,19,11,17,3,1,1,0,1,2,10,18,5,4,5,2,16,23,4,0,45,48,35.0,36.0,10.0,12.0,8.0,7.0,418,428,352.0,353.0,243,170,109,183,15.0,17.0,5.0,5.0,0.61,1.96,0.43,1.48,0.18,0.48,0.61,1.96,0.0,2.74,1,2,1,7,1,1,1,4,1,2,0.1549,0.2599,0.3494,1.4459,0.0261,0.0417,0.0573,0.1728,0.0192,0.0349,3,9,0,1,2,3,0,3,0,0,0.4259,0.8482,0.0,0.6278,0.181,0.1925,0.0,0.2866,0.0,0.0,5,16,15.66,15.37
4507052,2025-04-06,esp,2024/2025,LaLiga,30,Alejandro Quintero González,8305,Getafe,10281,Real Valladolid,0,4,0,50,50,16,5,9,0,3,3,4,2,0,0,10,3,6,2,4,3,5,1,1,1,19,7,17,11,1,3,0,1,2,1,18,10,4,5,2,5,23,16,0,4,48,45,36.0,35.0,12.0,10.0,7.0,8.0,428,418,353.0,352.0,170,243,183,109,17.0,15.0,5.0,5.0,1.96,0.61,1.48,0.43,0.48,0.18,1.96,0.61,2.74,0.0,2,1,7,1,1,1,4,1,2,1,0.2599,0.1549,1.4459,0.3494,0.0417,0.0261,0.1728,0.0573,0.0349,0.0192,9,3,1,0,3,2,3,0,0,0,0.8482,0.4259,0.6278,0.0,0.1925,0.181,0.2866,0.0,0.0,0.0,16,5,15.37,15.66
4507048,2025-04-07,esp,2024/2025,LaLiga,30,Víctor García Verdura,7854,Leganes,8371,Osasuna,1,1,1,56,44,13,13,7,6,2,4,4,3,0,0,7,12,6,1,4,8,3,3,2,2,15,24,18,14,3,3,0,0,3,1,5,16,7,8,3,4,23,26,5,6,28,53,18.0,34.0,10.0,19.0,0.0,2.0,409,323,337.0,245.0,157,157,180,88,16.0,28.0,3.0,5.0,1.76,2.23,0.76,1.45,0.21,0.78,0.97,2.23,2.83,1.94,1,2,4,10,2,0,6,0,0,1,0.3126,1.2804,1.1779,0.963,0.0563,0.0,0.2246,0.0,0.0,0.0358,9,7,0,0,0,4,3,2,1,0,0.7712,1.6434,0.0,0.0,0.0,0.5602,0.2117,0.0756,0.7884,0.0,13,13,18.15,11.37
4507048,2025-04-07,esp,2024/2025,LaLiga,30,Víctor García Verdura,8371,Osasuna,7854,Leganes,0,1,1,44,56,13,13,6,7,4,2,3,4,0,0,12,7,1,6,8,4,3,3,2,2,24,15,14,18,3,3,0,0,1,3,16,5,8,7,4,3,26,23,6,5,53,28,34.0,18.0,19.0,10.0,2.0,0.0,323,409,245.0,337.0,157,157,88,180,28.0,16.0,5.0,3.0,2.23,1.76,1.45,0.76,0.78,0.21,2.23,0.97,1.94,2.83,2,1,10,4,0,2,0,6,1,0,1.2804,0.3126,0.963,1.1779,0.0,0.0563,0.0,0.2246,0.0358,0.0,7,9,0,0,4,0,2,3,0,1,1.6434,0.7712,0.0,0.0,0.5602,0.0,0.0756,0.2117,0.0,0.7884,13,13,11.37,18.15
4507063,2025-04-11,esp,2024/2025,LaLiga,31,José María Sánchez Martínez,10267,Valencia,8302,Sevilla,1,1,0,52,48,8,12,6,5,1,4,1,3,2,0,7,4,1,8,3,3,3,2,3,2,23,12,10,18,3,2,0,0,2,3,17,23,10,12,3,1,22,41,5,5,43,50,36.0,38.0,7.0,12.0,3.0,6.0,448,423,361.0,364.0,191,177,170,187,13.0,20.0,5.0,0.0,1.25,0.81,1.18,0.75,0.08,0.06,1.25,0.81,2.44,0.86,1,0,3,1,3,3,1,5,0,3,0.1808,0.0,0.9852,0.1631,0.2221,0.2608,0.0281,0.3007,0.0,0.0848,7,8,0,2,1,1,0,1,0,0,1.3365,0.5097,0.0,0.2427,0.0797,0.0219,0.0,0.0352,0.0,0.0,8,12,11.78,23.12
4507063,2025-04-11,esp,2024/2025,LaLiga,31,José María Sánchez Martínez,8302,Sevilla,10267,Valencia,0,0,1,48,52,12,8,5,6,4,1,3,1,0,2,4,7,8,1,3,3,2,3,2,3,12,23,18,10,2,3,0,0,3,2,23,17,12,10,1,3,41,22,5,5,50,43,38.0,36.0,12.0,7.0,6.0,3.0,423,448,364.0,361.0,177,191,187,170,20.0,13.0,0.0,5.0,0.81,1.25,0.75,1.18,0.06,0.08,0.81,1.25,0.86,2.44,0,1,1,3,3,3,5,1,3,0,0.0,0.1808,0.1631,0.9852,0.2608,0.2221,0.3007,0.0281,0.0848,0.0,8,7,2,0,1,1,1,0,0,0,0.5097,1.3365,0.2427,0.0,0.0219,0.0797,0.0352,0.0,0.0,0.0,12,8,23.12,11.78
4507058,2025-04-12,esp,2024/2025,LaLiga,31,Javier Alberola Rojas,8305,Getafe,8306,Las Palmas,1,1,3,41,59,11,10,6,5,2,3,3,2,1,0,5,6,6,4,3,2,3,3,2,1,18,22,14,15,0,2,1,0,1,2,21,15,4,7,2,3,24,29,2,5,57,44,45.0,32.0,12.0,12.0,9.0,3.0,303,430,220.0,350.0,108,175,112,175,19.0,31.0,1.0,4.0,1.79,1.3,1.51,1.28,0.29,0.02,1.79,1.3,2.1,1.92,2,0,1,5,2,1,6,3,0,1,1.1713,0.0,0.2157,0.8482,0.069,0.0225,0.3995,0.4128,0.0,0.0179,8,9,0,1,0,0,3,0,0,0,1.569,0.9229,0.0,0.3784,0.0,0.0,0.2865,0.0,0.0,0.0,11,10,16.91,17.09
4507058,2025-04-12,esp,2024/2025,LaLiga,31,Javier Alberola Rojas,8306,Las Palmas,8305,Getafe,0,3,1,59,41,10,11,5,6,3,2,2,3,0,1,6,5,4,6,2,3,3,3,1,2,22,18,15,14,2,0,0,1,2,1,15,21,7,4,3,2,29,24,5,2,44,57,32.0,45.0,12.0,12.0,3.0,9.0,430,303,350.0,220.0,175,108,175,112,31.0,19.0,4.0,1.0,1.3,1.79,1.28,1.51,0.02,0.29,1.3,1.79,1.92,2.1,0,2,5,1,1,2,3,6,1,0,0.0,1.1713,0.8482,0.2157,0.0225,0.069,0.4128,0.3995,0.0179,0.0,9,8,1,0,0,0,0,3,0,0,0.9229,1.569,0.3784,0.0,0.0,0.0,0.0,0.2865,0.0,0.0,10,11,17.09,16.91
4507060,2025-04-12,esp,2024/2025,LaLiga,31,Francisco José Hernández Maeso,7854,Leganes,8634,Barcelona,1,0,1,34,66,6,12,1,3,3,8,2,1,0,0,4,10,2,2,4,8,2,2,2,2,15,22,10,4,2,1,0,0,4,3,14,19,17,3,1,2,27,30,4,1,29,54,26.0,38.0,3.0,16.0,8.0,9.0,302,600,223.0,527.0,127,198,96,329,16.0,16.0,3.0,5.0,0.72,1.35,0.7,1.26,0.02,0.09,0.72,1.35,0.21,0.54,0,0,3,6,1,4,2,1,0,1,0.0,0.0,0.606,1.1464,0.0384,0.1459,0.071,0.0261,0.0,0.0362,5,9,0,0,1,2,0,1,0,0,0.6995,1.2621,0.0,0.0,0.0159,0.0563,0.0,0.0362,0.0,0.0,6,12,15.97,14.47
4507060,2025-04-12,esp,2024/2025,LaLiga,31,Francisco José Hernández Maeso,8634,Barcelona,7854,Leganes,0,1,0,66,34,12,6,3,1,8,3,1,2,0,0,10,4,2,2,8,4,2,2,2,2,22,15,4,10,1,2,0,0,3,4,19,14,3,17,2,1,30,27,1,4,54,29,38.0,26.0,16.0,3.0,9.0,8.0,600,302,527.0,223.0,198,127,329,96,16.0,16.0,5.0,3.0,1.35,0.72,1.26,0.7,0.09,0.02,1.35,0.72,0.54,0.21,0,0,6,3,4,1,1,2,1,0,0.0,0.0,1.1464,0.606,0.1459,0.0384,0.0261,0.071,0.0362,0.0,9,5,0,0,2,1,1,0,0,0,1.2621,0.6995,0.0,0.0,0.0563,0.0159,0.0362,0.0,0.0,0.0,12,6,14.47,15.97
4507062,2025-04-12,esp,2024/2025,LaLiga,31,José Luis Munuera Montero,8560,Real Sociedad,8661,Mallorca,1,0,2,65,35,15,7,4,3,5,4,6,0,0,0,11,7,4,0,8,2,0,1,0,0,24,13,11,12,3,1,0,0,1,2,25,20,2,5,0,6,23,52,1,4,63,63,40.0,41.0,23.0,22.0,4.0,10.0,520,280,439.0,202.0,195,113,244,89,14.0,23.0,7.0,4.0,0.7,0.52,0.27,0.46,0.44,0.07,0.7,0.52,0.84,0.16,1,0,5,6,5,1,3,0,1,0,0.1914,0.0,0.2655,0.6555,0.1086,0.0373,0.1036,0.0,0.0314,0.0,7,5,0,0,3,1,5,1,0,0,0.2651,0.6274,0.0,0.0,0.1104,0.0207,0.325,0.0447,0.0,0.0,15,7,17.56,13.3
4507062,2025-04-12,esp,2024/2025,LaLiga,31,José Luis Munuera Montero,8661,Mallorca,8560,Real Sociedad,0,2,0,35,65,7,15,3,4,4,5,0,6,0,0,7,11,0,4,2,8,1,0,0,0,13,24,12,11,1,3,0,0,2,1,20,25,5,2,6,0,52,23,4,1,63,63,41.0,40.0,22.0,23.0,10.0,4.0,280,520,202.0,439.0,113,195,89,244,23.0,14.0,4.0,7.0,0.52,0.7,0.46,0.27,0.07,0.44,0.52,0.7,0.16,0.84,0,1,6,5,1,5,0,3,0,1,0.0,0.1914,0.6555,0.2655,0.0373,0.1086,0.0,0.1036,0.0,0.0314,5,7,0,0,1,3,1,5,0,0,0.6274,0.2651,0.0,0.0,0.0207,0.1104,0.0447,0.325,0.0,0.0,7,15,13.3,17.56
4507064,2025-04-12,esp,2024/2025,LaLiga,31,Mateo Busquets Ferrer,9910,Celta Vigo,8558,Espanyol,1,0,2,64,36,16,5,6,3,5,1,5,1,1,0,11,4,5,1,13,5,0,2,0,0,36,12,14,10,2,2,0,0,0,1,13,15,5,9,1,5,13,43,1,6,36,47,26.0,35.0,10.0,12.0,3.0,6.0,591,330,511.0,267.0,159,204,352,63,20.0,12.0,5.0,2.0,0.91,1.21,0.74,1.18,0.16,0.03,0.91,1.21,1.09,1.91,1,0,4,4,6,0,4,1,1,0,0.1268,0.0,0.3855,1.2067,0.2108,0.0,0.1554,0.0058,0.0294,0.0,11,3,0,0,4,1,1,1,0,0,0.7432,1.1782,0.0,0.0,0.1305,0.0285,0.0341,0.0058,0.0,0.0,16,5,17.72,15.71
4507064,2025-04-12,esp,2024/2025,LaLiga,31,Mateo Busquets Ferrer,8558,Espanyol,9910,Celta Vigo,0,2,0,36,64,5,16,3,6,1,5,1,5,0,1,4,11,1,5,5,13,2,0,0,0,12,36,10,14,2,2,0,0,1,0,15,13,9,5,5,1,43,13,6,1,47,36,35.0,26.0,12.0,10.0,6.0,3.0,330,591,267.0,511.0,204,159,63,352,12.0,20.0,2.0,5.0,1.21,0.91,1.18,0.74,0.03,0.16,1.21,0.91,1.91,1.09,0,1,4,4,0,6,1,4,0,1,0.0,0.1268,1.2067,0.3855,0.0,0.2108,0.0058,0.1554,0.0,0.0294,3,11,0,0,1,4,1,1,0,0,1.1782,0.7432,0.0,0.0,0.0285,0.1305,0.0058,0.0341,0.0,0.0,5,16,15.71,17.72
4507055,2025-04-13,esp,2024/2025,LaLiga,31,Adrián Cordero Vega,8315,Athletic Club,8370,Rayo Vallecano,1,3,1,54,46,13,11,4,3,4,7,5,1,0,0,9,8,4,3,7,1,3,3,2,2,24,18,12,7,4,3,0,0,3,2,22,23,5,8,1,5,9,25,2,1,59,54,41.0,42.0,18.0,12.0,14.0,8.0,430,372,344.0,286.0,174,181,170,105,25.0,24.0,5.0,2.0,1.63,1.63,0.6,0.78,0.24,0.07,0.84,0.85,1.93,1.06,0,0,7,6,2,2,4,2,0,1,0.0,0.0,1.3922,1.4658,0.0577,0.0994,0.1785,0.1599,0.0,0.0352,7,7,1,1,2,0,2,2,1,1,0.4289,0.6657,0.1663,0.1117,0.1514,0.0,0.0934,0.1945,0.7884,0.7884,13,11,16.95,16.12
4507055,2025-04-13,esp,2024/2025,LaLiga,31,Adrián Cordero Vega,8370,Rayo Vallecano,8315,Athletic Club,0,1,3,46,54,11,13,3,4,7,4,1,5,0,0,8,9,3,4,1,7,3,3,2,2,18,24,7,12,3,4,0,0,2,3,23,22,8,5,5,1,25,9,1,2,54,59,42.0,41.0,12.0,18.0,8.0,14.0,372,430,286.0,344.0,181,174,105,170,24.0,25.0,2.0,5.0,1.63,1.63,0.78,0.6,0.07,0.24,0.85,0.84,1.06,1.93,0,0,6,7,2,2,2,4,1,0,0.0,0.0,1.4658,1.3922,0.0994,0.0577,0.1599,0.1785,0.0352,0.0,7,7,1,1,0,2,2,2,1,1,0.6657,0.4289,0.1117,0.1663,0.0,0.1514,0.1945,0.0934,0.7884,0.7884,11,13,16.12,16.95
4507057,2025-04-13,esp,2024/2025,LaLiga,31,Juan Luis Pulido Santana,8603,Real Betis,10205,Villarreal,1,1,2,68,32,24,8,5,2,8,2,11,4,0,1,15,6,9,2,5,5,2,2,2,1,42,19,4,13,0,4,0,0,1,1,13,20,3,8,4,11,17,37,0,4,52,42,38.0,33.0,14.0,9.0,12.0,9.0,618,292,552.0,219.0,193,123,359,96,32.0,22.0,5.0,2.0,1.46,1.45,1.37,1.06,0.09,0.39,1.46,1.45,1.05,1.31,1,1,8,4,6,1,3,2,6,0,0.2642,0.1442,0.7629,0.9604,0.2446,0.0688,0.0752,0.2003,0.1113,0.0,21,4,1,1,2,3,0,0,0,0,1.3143,0.8517,0.0529,0.1336,0.0911,0.3885,0.0,0.0,0.0,0.0,24,8,17.99,11.45
4507057,2025-04-13,esp,2024/2025,LaLiga,31,Juan Luis Pulido Santana,10205,Villarreal,8603,Real Betis,0,2,1,32,68,8,24,2,5,2,8,4,11,1,0,6,15,2,9,5,5,2,2,1,2,19,42,13,4,4,0,0,0,1,1,20,13,8,3,11,4,37,17,4,0,42,52,33.0,38.0,9.0,14.0,9.0,12.0,292,618,219.0,552.0,123,193,96,359,22.0,32.0,2.0,5.0,1.45,1.46,1.06,1.37,0.39,0.09,1.45,1.46,1.31,1.05,1,1,4,8,1,6,2,3,0,6,0.1442,0.2642,0.9604,0.7629,0.0688,0.2446,0.2003,0.0752,0.0,0.1113,4,21,1,1,3,2,0,0,0,0,0.8517,1.3143,0.1336,0.0529,0.3885,0.0911,0.0,0.0,0.0,0.0,8,24,11.45,17.99
4507059,2025-04-13,esp,2024/2025,LaLiga,31,César Soto Grado,9866,Deportivo Alaves,8633,Real Madrid,1,0,1,56,44,13,11,6,4,5,2,2,5,0,0,8,7,5,4,4,4,0,2,0,2,18,20,21,12,4,4,1,1,1,0,22,18,5,6,6,2,15,25,2,6,46,61,37.0,54.0,9.0,7.0,3.0,16.0,503,404,448.0,345.0,174,198,274,147,31.0,25.0,7.0,3.0,0.6,0.91,0.36,0.81,0.24,0.11,0.6,0.91,0.68,0.94,0,0,6,3,2,4,5,4,0,0,0.0,0.0,0.381,0.5347,0.0674,0.228,0.1513,0.1507,0.0,0.0,9,4,0,3,2,2,2,2,0,0,0.3595,0.5371,0.0,0.2695,0.0972,0.0545,0.1431,0.0522,0.0,0.0,13,11,17.35,18.24
4507059,2025-04-13,esp,2024/2025,LaLiga,31,César Soto Grado,8633,Real Madrid,9866,Deportivo Alaves,0,1,0,44,56,11,13,4,6,2,5,5,2,0,0,7,8,4,5,4,4,2,0,2,0,20,18,12,21,4,4,1,1,0,1,18,22,6,5,2,6,25,15,6,2,61,46,54.0,37.0,7.0,9.0,16.0,3.0,404,503,345.0,448.0,198,174,147,274,25.0,31.0,3.0,7.0,0.91,0.6,0.81,0.36,0.11,0.24,0.91,0.6,0.94,0.68,0,0,3,6,4,2,4,5,0,0,0.0,0.0,0.5347,0.381,0.228,0.0674,0.1507,0.1513,0.0,0.0,4,9,3,0,2,2,2,2,0,0,0.5371,0.3595,0.2695,0.0,0.0545,0.0972,0.0522,0.1431,0.0,0.0,11,13,18.24,17.35
4507061,2025-04-13,esp,2024/2025,LaLiga,31,Pablo González Fuertes,8371,Osasuna,7732,Girona,1,2,1,32,68,13,18,6,8,5,6,2,4,0,0,10,8,3,10,4,4,3,1,2,1,23,25,17,15,2,1,0,0,1,2,16,11,5,2,4,2,26,14,7,4,48,49,36.0,35.0,12.0,14.0,5.0,8.0,254,572,200.0,514.0,99,247,101,267,20.0,17.0,12.0,5.0,1.43,0.93,1.18,0.86,0.25,0.08,1.43,0.93,1.71,0.87,1,0,6,4,3,4,3,7,0,3,0.9822,0.0,0.394,0.5436,0.1298,0.1687,0.1802,0.1687,0.0,0.0566,4,15,3,0,4,2,2,1,0,0,0.193,0.8611,1.109,0.0,0.3007,0.0418,0.0836,0.0346,0.0,0.0,13,18,14.16,21.65
4507061,2025-04-13,esp,2024/2025,LaLiga,31,Pablo González Fuertes,7732,Girona,8371,Osasuna,0,1,2,68,32,18,13,8,6,6,5,4,2,0,0,8,10,10,3,4,4,1,3,1,2,25,23,15,17,1,2,0,0,2,1,11,16,2,5,2,4,14,26,4,7,49,48,35.0,36.0,14.0,12.0,8.0,5.0,572,254,514.0,200.0,247,99,267,101,17.0,20.0,5.0,12.0,0.93,1.43,0.86,1.18,0.08,0.25,0.93,1.43,0.87,1.71,0,1,4,6,4,3,7,3,3,0,0.0,0.9822,0.5436,0.394,0.1687,0.1298,0.1687,0.1802,0.0566,0.0,15,4,0,3,2,4,1,2,0,0,0.8611,0.193,0.0,1.109,0.0418,0.3007,0.0346,0.0836,0.0,0.0,18,13,21.65,14.16
4507056,2025-04-14,esp,2024/2025,LaLiga,31,Isidro Díaz de Mera Escuderos,9906,Atletico Madrid,10281,Real Valladolid,1,4,2,54,46,24,6,9,3,10,3,5,0,0,0,14,4,10,2,5,1,6,2,2,1,34,11,11,8,1,1,0,0,2,0,15,14,5,8,0,4,10,21,1,5,39,35,29.0,31.0,10.0,4.0,7.0,8.0,595,511,543.0,451.0,178,314,365,137,20.0,25.0,4.0,2.0,3.4,1.33,1.59,0.46,0.23,0.09,1.82,0.54,3.48,0.89,2,1,10,1,2,2,7,1,3,1,0.603,0.2565,2.4139,0.7884,0.1894,0.1006,0.1783,0.0811,0.0709,0.0105,17,4,1,0,2,0,2,1,2,1,1.6176,0.3676,0.0289,0.0,0.1643,0.0,0.0678,0.0811,1.5768,0.7884,24,6,16.89,18.92
4507056,2025-04-14,esp,2024/2025,LaLiga,31,Isidro Díaz de Mera Escuderos,10281,Real Valladolid,9906,Atletico Madrid,0,2,4,46,54,6,24,3,9,3,10,0,5,0,0,4,14,2,10,1,5,2,6,1,2,11,34,8,11,1,1,0,0,0,2,14,15,8,5,4,0,21,10,5,1,35,39,31.0,29.0,4.0,10.0,8.0,7.0,511,595,451.0,543.0,314,178,137,365,25.0,20.0,2.0,4.0,1.33,3.4,0.46,1.59,0.09,0.23,0.54,1.82,0.89,3.48,1,2,1,10,2,2,1,7,1,3,0.2565,0.603,0.7884,2.4139,0.1006,0.1894,0.0811,0.1783,0.0105,0.0709,4,17,0,1,0,2,1,2,1,2,0.3676,1.6176,0.0,0.0289,0.0,0.1643,0.0811,0.0678,0.7884,1.5768,6,24,18.92,16.89
4507068,2025-04-18,esp,2024/2025,LaLiga,32,Ricardo De Burgos Bengoetxea,8558,Espanyol,8305,Getafe,1,1,0,63,37,9,9,3,4,5,1,1,4,0,1,7,8,2,1,6,8,0,1,0,1,16,23,12,15,0,2,0,1,4,3,27,23,4,11,4,1,41,42,4,2,75,62,52.0,42.0,23.0,20.0,12.0,9.0,406,227,319.0,147.0,188,55,131,92,21.0,15.0,3.0,5.0,0.37,0.47,0.08,0.16,0.29,0.32,0.37,0.47,0.97,1.13,0,3,4,4,3,1,1,0,1,1,0.0,0.2407,0.1997,0.1621,0.1179,0.0221,0.0187,0.0,0.0362,0.0105,3,3,0,0,4,3,2,3,0,0,0.0833,0.0981,0.0,0.0,0.1646,0.1629,0.1244,0.1744,0.0,0.0,9,9,16.68,13.71
4507068,2025-04-18,esp,2024/2025,LaLiga,32,Ricardo De Burgos Bengoetxea,8305,Getafe,8558,Espanyol,0,0,1,37,63,9,9,4,3,1,5,4,1,1,0,8,7,1,2,8,6,1,0,1,0,23,16,15,12,2,0,1,0,3,4,23,27,11,4,1,4,42,41,2,4,62,75,42.0,52.0,20.0,23.0,9.0,12.0,227,406,147.0,319.0,55,188,92,131,15.0,21.0,5.0,3.0,0.47,0.37,0.16,0.08,0.32,0.29,0.47,0.37,1.13,0.97,3,0,4,4,1,3,0,1,1,1,0.2407,0.0,0.1621,0.1997,0.0221,0.1179,0.0,0.0187,0.0105,0.0362,3,3,0,0,3,4,3,2,0,0,0.0981,0.0833,0.0,0.0,0.1629,0.1646,0.1744,0.1244,0.0,0.0,9,9,13.71,16.68
4507066,2025-04-19,esp,2024/2025,LaLiga,32,Mario Melero López,8634,Barcelona,9910,Celta Vigo,1,4,3,72,28,18,11,6,8,10,2,2,1,0,0,9,11,9,0,4,1,4,5,1,3,33,23,10,13,2,2,0,0,0,0,16,14,4,19,1,2,12,29,5,2,47,33,42.0,32.0,5.0,1.0,13.0,8.0,752,289,675.0,213.0,226,171,449,42,31.0,17.0,6.0,2.0,2.86,2.13,1.88,2.13,0.19,0.0,2.07,2.13,2.32,3.32,2,1,6,5,1,5,8,0,1,0,0.5803,0.138,1.7876,1.7597,0.0279,0.2556,0.4223,0.0,0.0373,0.0,14,5,0,6,2,0,1,0,1,0,1.8757,0.4652,0.0,1.6881,0.0926,0.0,0.0988,0.0,0.7884,0.0,18,11,16.45,14.14
4507066,2025-04-19,esp,2024/2025,LaLiga,32,Mario Melero López,9910,Celta Vigo,8634,Barcelona,0,3,4,28,72,11,18,8,6,2,10,1,2,0,0,11,9,0,9,1,4,5,4,3,1,23,33,13,10,2,2,0,0,0,0,14,16,19,4,2,1,29,12,2,5,33,47,32.0,42.0,1.0,5.0,8.0,13.0,289,752,213.0,675.0,171,226,42,449,17.0,31.0,2.0,6.0,2.13,2.86,2.13,1.88,0.0,0.19,2.13,2.07,3.32,2.32,1,2,5,6,5,1,0,8,0,1,0.138,0.5803,1.7597,1.7876,0.2556,0.0279,0.0,0.4223,0.0,0.0373,5,14,6,0,0,2,0,1,0,1,0.4652,1.8757,1.6881,0.0,0.0,0.0926,0.0,0.0988,0.0,0.7884,11,18,14.14,16.45
4507067,2025-04-19,esp,2024/2025,LaLiga,32,Alejandro Quintero González,8370,Rayo Vallecano,10267,Valencia,1,1,1,57,43,11,10,4,3,4,5,3,2,0,1,4,8,7,2,5,2,1,4,1,3,14,14,18,13,3,1,0,0,2,1,18,17,4,8,2,3,12,36,2,4,45,51,36.0,38.0,9.0,13.0,5.0,7.0,444,350,369.0,275.0,167,155,202,120,30.0,26.0,2.0,5.0,0.57,1.99,0.53,1.77,0.04,0.22,0.57,1.99,0.18,1.2,0,3,3,5,1,0,3,2,4,0,0.0,1.6898,0.2941,0.5985,0.0299,0.0,0.071,0.0772,0.0993,0.0,9,7,0,0,1,1,1,2,0,0,0.4347,2.1443,0.0,0.0,0.0081,0.0913,0.0515,0.1298,0.0,0.0,11,10,21.91,11.91
4507067,2025-04-19,esp,2024/2025,LaLiga,32,Alejandro Quintero González,10267,Valencia,8370,Rayo Vallecano,0,1,1,43,57,10,11,3,4,5,4,2,3,1,0,8,4,2,7,2,5,4,1,3,1,14,14,13,18,1,3,0,0,1,2,17,18,8,4,3,2,36,12,4,2,51,45,38.0,36.0,13.0,9.0,7.0,5.0,350,444,275.0,369.0,155,167,120,202,26.0,30.0,5.0,2.0,1.99,0.57,1.77,0.53,0.22,0.04,1.99,0.57,1.2,0.18,3,0,5,3,0,1,2,3,0,4,1.6898,0.0,0.5985,0.2941,0.0,0.0299,0.0772,0.071,0.0,0.0993,7,9,0,0,1,1,2,1,0,0,2.1443,0.4347,0.0,0.0,0.0913,0.0081,0.1298,0.0515,0.0,0.0,10,11,11.91,21.91
4507070,2025-04-19,esp,2024/2025,LaLiga,32,Víctor García Verdura,8306,Las Palmas,9906,Atletico Madrid,1,1,0,41,59,8,7,2,2,2,4,4,1,0,0,4,7,4,0,4,4,2,1,1,1,16,19,13,13,3,1,0,0,0,1,15,15,14,9,1,4,27,23,2,1,50,49,32.0,30.0,18.0,19.0,5.0,2.0,379,543,302.0,452.0,164,290,138,162,26.0,20.0,2.0,8.0,0.61,0.8,0.27,0.8,0.34,0.0,0.61,0.8,0.43,0.42,1,1,2,5,1,1,2,0,2,0,0.1937,0.4142,0.3102,0.342,0.0329,0.0334,0.0315,0.0,0.0443,0.0,4,6,0,1,1,0,3,0,0,0,0.2709,0.7133,0.0,0.0762,0.2889,0.0,0.0529,0.0,0.0,0.0,8,7,18.57,11.78
4507070,2025-04-19,esp,2024/2025,LaLiga,32,Víctor García Verdura,9906,Atletico Madrid,8306,Las Palmas,0,0,1,59,41,7,8,2,2,4,2,1,4,0,0,7,4,0,4,4,4,1,2,1,1,19,16,13,13,1,3,0,0,1,0,15,15,9,14,4,1,23,27,1,2,49,50,30.0,32.0,19.0,18.0,2.0,5.0,543,379,452.0,302.0,290,164,162,138,20.0,26.0,8.0,2.0,0.8,0.61,0.8,0.27,0.0,0.34,0.8,0.61,0.42,0.43,1,1,5,2,1,1,0,2,0,2,0.4142,0.1937,0.342,0.3102,0.0334,0.0329,0.0,0.0315,0.0,0.0443,6,4,1,0,0,1,0,3,0,0,0.7133,0.2709,0.0762,0.0,0.0,0.2889,0.0,0.0529,0.0,0.0,7,8,11.78,18.57
4507075,2025-04-19,esp,2024/2025,LaLiga,32,Alejandro Muñíz Ruiz,8661,Mallorca,7854,Leganes,1,0,0,55,45,11,15,1,1,8,9,2,5,0,0,8,10,3,5,4,4,2,1,2,1,18,20,17,15,2,1,0,0,1,0,8,12,5,7,5,2,38,23,1,1,53,46,31.0,35.0,22.0,11.0,9.0,6.0,401,323,318.0,242.0,154,135,164,107,28.0,19.0,7.0,5.0,0.96,0.88,0.55,0.32,0.41,0.55,0.96,0.88,0.03,0.35,0,1,8,8,0,1,3,1,0,4,0.0,0.0358,0.6772,0.5969,0.0,0.0489,0.1866,0.0923,0.0,0.1025,7,6,0,0,1,5,3,4,0,0,0.4676,0.4167,0.0,0.0,0.0505,0.2618,0.3457,0.1979,0.0,0.0,11,15,14.04,16.56
4507075,2025-04-19,esp,2024/2025,LaLiga,32,Alejandro Muñíz Ruiz,7854,Leganes,8661,Mallorca,0,0,0,45,55,15,11,1,1,9,8,5,2,0,0,10,8,5,3,4,4,1,2,1,2,20,18,15,17,1,2,0,0,0,1,12,8,7,5,2,5,23,38,1,1,46,53,35.0,31.0,11.0,22.0,6.0,9.0,323,401,242.0,318.0,135,154,107,164,19.0,28.0,5.0,7.0,0.88,0.96,0.32,0.55,0.55,0.41,0.88,0.96,0.35,0.03,1,0,8,8,1,0,1,3,4,0,0.0358,0.0,0.5969,0.6772,0.0489,0.0,0.0923,0.1866,0.1025,0.0,6,7,0,0,5,1,4,3,0,0,0.4167,0.4676,0.0,0.0,0.2618,0.0505,0.1979,0.3457,0.0,0.0,15,11,16.56,14.04
4507069,2025-04-20,esp,2024/2025,LaLiga,32,Juan Martínez Munuera,8633,Real Madrid,8315,Athletic Club,1,1,0,73,27,22,3,7,1,8,2,7,0,0,0,15,2,7,1,14,1,3,0,3,0,40,8,7,15,1,2,0,0,1,0,13,24,7,11,0,7,14,38,1,6,51,45,36.0,37.0,15.0,8.0,9.0,6.0,661,240,603.0,168.0,245,91,358,77,34.0,14.0,6.0,1.0,1.51,0.19,1.03,0.19,0.48,0.0,1.51,0.19,0.72,0.02,3,0,5,1,7,1,5,1,2,0,0.2065,0.0,0.9438,0.145,0.1747,0.0398,0.1378,0.0121,0.0464,0.0,14,3,1,0,7,0,0,0,0,0,0.8755,0.1969,0.1555,0.0,0.4782,0.0,0.0,0.0,0.0,0.0,22,3,17.06,20.98
4507069,2025-04-20,esp,2024/2025,LaLiga,32,Juan Martínez Munuera,8315,Athletic Club,8633,Real Madrid,0,0,1,27,73,3,22,1,7,2,8,0,7,0,0,2,15,1,7,1,14,0,3,0,3,8,40,15,7,2,1,0,0,0,1,24,13,11,7,7,0,38,14,6,1,45,51,37.0,36.0,8.0,15.0,6.0,9.0,240,661,168.0,603.0,91,245,77,358,14.0,34.0,1.0,6.0,0.19,1.51,0.19,1.03,0.0,0.48,0.19,1.51,0.02,0.72,0,3,1,5,1,7,1,5,0,2,0.0,0.2065,0.145,0.9438,0.0398,0.1747,0.0121,0.1378,0.0,0.0464,3,14,0,1,0,7,0,0,0,0,0.1969,0.8755,0.0,0.1555,0.0,0.4782,0.0,0.0,0.0,0.0,3,22,20.98,17.06
4507072,2025-04-20,esp,2024/2025,LaLiga,32,Jesús Gil Manzano,10281,Real Valladolid,8371,Osasuna,1,2,3,50,50,12,11,5,6,2,3,5,2,0,0,8,6,4,5,5,2,2,3,0,0,23,14,12,17,1,1,0,0,1,0,12,23,4,9,2,5,11,25,4,3,57,58,42.0,44.0,15.0,14.0,13.0,8.0,492,508,427.0,434.0,250,201,177,233,27.0,21.0,8.0,3.0,1.91,2.35,1.08,1.49,0.05,0.07,1.13,1.56,1.4,3.01,0,1,8,4,0,1,3,5,1,0,0.0,0.8545,1.7913,1.3122,0.0,0.0308,0.1,0.1455,0.0228,0.0,9,9,0,0,1,0,1,1,1,1,1.0761,1.5156,0.0,0.0,0.0132,0.0,0.0363,0.0389,0.7884,0.7884,12,11,15.07,17.74
4507072,2025-04-20,esp,2024/2025,LaLiga,32,Jesús Gil Manzano,8371,Osasuna,10281,Real Valladolid,0,3,2,50,50,11,12,6,5,3,2,2,5,0,0,6,8,5,4,2,5,3,2,0,0,14,23,17,12,1,1,0,0,0,1,23,12,9,4,5,2,25,11,3,4,58,57,44.0,42.0,14.0,15.0,8.0,13.0,508,492,434.0,427.0,201,250,233,177,21.0,27.0,3.0,8.0,2.35,1.91,1.49,1.08,0.07,0.05,1.56,1.13,3.01,1.4,1,0,4,8,1,0,5,3,0,1,0.8545,0.0,1.3122,1.7913,0.0308,0.0,0.1455,0.1,0.0,0.0228,9,9,0,0,0,1,1,1,1,1,1.5156,1.0761,0.0,0.0,0.0,0.0132,0.0389,0.0363,0.7884,0.7884,11,12,17.74,15.07
4507073,2025-04-20,esp,2024/2025,LaLiga,32,Guillermo Cuadra Fernández,10205,Villarreal,8560,Real Sociedad,1,2,2,58,42,20,4,5,4,10,0,5,0,2,1,17,4,3,0,10,4,3,3,1,1,49,10,12,12,4,1,0,0,2,1,15,17,4,5,0,4,16,34,2,3,51,40,32.0,29.0,19.0,11.0,8.0,3.0,507,381,426.0,319.0,201,200,225,119,24.0,23.0,15.0,2.0,1.94,2.02,1.41,1.23,0.53,0.0,1.94,1.23,2.08,2.4,5,2,11,1,1,1,2,0,1,0,0.8011,0.9053,0.8823,0.7884,0.0767,0.0358,0.1466,0.0,0.0391,0.0,14,3,1,0,2,0,3,0,0,1,1.377,0.9411,0.0391,0.0,0.1798,0.0,0.3499,0.0,0.0,0.7884,20,4,11.6,10.03
4507073,2025-04-20,esp,2024/2025,LaLiga,32,Guillermo Cuadra Fernández,8560,Real Sociedad,10205,Villarreal,0,2,2,42,58,4,20,4,5,0,10,0,5,1,2,4,17,0,3,4,10,3,3,1,1,10,49,12,12,1,4,0,0,1,2,17,15,5,4,4,0,34,16,3,2,40,51,29.0,32.0,11.0,19.0,3.0,8.0,381,507,319.0,426.0,200,201,119,225,23.0,24.0,2.0,15.0,2.02,1.94,1.23,1.41,0.0,0.53,1.23,1.94,2.4,2.08,2,5,1,11,1,1,0,2,0,1,0.9053,0.8011,0.7884,0.8823,0.0358,0.0767,0.0,0.1466,0.0,0.0391,3,14,0,1,0,2,0,3,1,0,0.9411,1.377,0.0,0.0391,0.0,0.1798,0.0,0.3499,0.7884,0.0,4,20,10.03,11.6
4507074,2025-04-20,esp,2024/2025,LaLiga,32,Miguel Ángel Ortiz Arias,8302,Sevilla,9866,Deportivo Alaves,1,1,1,44,56,10,11,2,3,5,6,3,2,0,0,9,8,1,3,3,6,4,2,3,1,13,21,10,11,2,2,0,0,1,2,21,22,11,4,2,3,37,25,2,1,59,58,38.0,38.0,21.0,20.0,7.0,6.0,347,454,268.0,372.0,150,138,118,234,34.0,38.0,5.0,5.0,1.72,1.02,1.33,0.64,0.39,0.38,1.72,1.02,0.92,1.03,1,1,7,4,1,3,1,2,0,1,0.3859,0.1144,1.3001,0.7204,0.0276,0.1143,0.0086,0.0513,0.0,0.0157,8,7,0,1,2,1,0,2,0,0,1.3276,0.6035,0.0,0.0335,0.3945,0.0201,0.0,0.359,0.0,0.0,10,11,12.65,16.08
4507074,2025-04-20,esp,2024/2025,LaLiga,32,Miguel Ángel Ortiz Arias,9866,Deportivo Alaves,8302,Sevilla,0,1,1,56,44,11,10,3,2,6,5,2,3,0,0,8,9,3,1,6,3,2,4,1,3,21,13,11,10,2,2,0,0,2,1,22,21,4,11,3,2,25,37,1,2,58,59,38.0,38.0,20.0,21.0,6.0,7.0,454,347,372.0,268.0,138,150,234,118,38.0,34.0,5.0,5.0,1.02,1.72,0.64,1.33,0.38,0.39,1.02,1.72,1.03,0.92,1,1,4,7,3,1,2,1,1,0,0.1144,0.3859,0.7204,1.3001,0.1143,0.0276,0.0513,0.0086,0.0157,0.0,7,8,1,0,1,2,2,0,0,0,0.6035,1.3276,0.0335,0.0,0.0201,0.3945,0.359,0.0,0.0,0.0,11,10,16.08,12.65
4507071,2025-04-21,esp,2024/2025,LaLiga,32,Alejandro José Hernández Hernández,7732,Girona,8603,Real Betis,1,1,3,60,40,11,17,5,9,5,5,1,3,0,0,7,15,4,2,8,9,2,4,1,2,24,23,13,11,3,2,0,0,5,0,16,11,2,13,3,2,11,27,6,3,41,41,30.0,32.0,11.0,9.0,4.0,9.0,500,337,440.0,281.0,240,176,200,105,27.0,18.0,9.0,5.0,1.09,1.77,0.63,1.32,0.46,0.45,1.09,1.77,0.78,2.34,2,0,1,11,4,4,3,0,1,2,0.4219,0.0,0.1497,1.5579,0.3098,0.1538,0.1978,0.0,0.0106,0.0605,7,7,1,2,3,6,0,2,0,0,0.4827,0.5351,0.1497,0.7887,0.4574,0.3746,0.0,0.0738,0.0,0.0,11,17,17.39,14.16
4507071,2025-04-21,esp,2024/2025,LaLiga,32,Alejandro José Hernández Hernández,8603,Real Betis,7732,Girona,0,3,1,40,60,17,11,9,5,5,5,3,1,0,0,15,7,2,4,9,8,4,2,2,1,23,24,11,13,2,3,0,0,0,5,11,16,13,2,2,3,27,11,3,6,41,41,32.0,30.0,9.0,11.0,9.0,4.0,337,500,281.0,440.0,176,240,105,200,18.0,27.0,5.0,9.0,1.77,1.09,1.32,0.63,0.45,0.46,1.77,1.09,2.34,0.78,0,2,11,1,4,4,0,3,2,1,0.0,0.4219,1.5579,0.1497,0.1538,0.3098,0.0,0.1978,0.0605,0.0106,7,7,2,1,6,3,2,0,0,0,0.5351,0.4827,0.7887,0.1497,0.3746,0.4574,0.0738,0.0,0.0,0.0,17,11,14.16,17.39
4507078,2025-04-22,esp,2024/2025,LaLiga,33,Miguel Ángel Ortiz Arias,8634,Barcelona,8661,Mallorca,1,1,0,78,22,40,4,12,0,14,3,14,1,1,0,26,4,14,0,13,2,4,1,4,1,66,11,10,7,0,1,0,0,1,3,14,24,8,8,1,14,20,45,0,12,46,60,30.0,44.0,16.0,16.0,9.0,11.0,744,202,671.0,124.0,203,86,468,38,18.0,19.0,4.0,4.0,3.45,0.25,2.39,0.05,1.06,0.2,3.45,0.25,2.9,0.0,2,0,13,4,11,0,12,0,2,0,0.5227,0.0,1.8124,0.2673,0.581,0.0,0.5172,0.0,0.0306,0.0,25,1,2,1,12,1,1,1,0,0,2.2134,0.0193,0.1906,0.0456,1.001,0.037,0.0589,0.1654,0.0,0.0,40,4,16.74,10.85
4507078,2025-04-22,esp,2024/2025,LaLiga,33,Miguel Ángel Ortiz Arias,8661,Mallorca,8634,Barcelona,0,0,1,22,78,4,40,0,12,3,14,1,14,0,1,4,26,0,14,2,13,1,4,1,4,11,66,7,10,1,0,0,0,3,1,24,14,8,8,14,1,45,20,12,0,60,46,44.0,30.0,16.0,16.0,11.0,9.0,202,744,124.0,671.0,86,203,38,468,19.0,18.0,4.0,4.0,0.25,3.45,0.05,2.39,0.2,1.06,0.25,3.45,0.0,2.9,0,2,4,13,0,11,0,12,0,2,0.0,0.5227,0.2673,1.8124,0.0,0.581,0.0,0.5172,0.0,0.0306,1,25,1,2,1,12,1,1,0,0,0.0193,2.2134,0.0456,0.1906,0.037,1.001,0.1654,0.0589,0.0,0.0,4,40,10.85,16.74
4507085,2025-04-22,esp,2024/2025,LaLiga,33,Juan Luis Pulido Santana,10267,Valencia,8558,Espanyol,1,1,1,67,33,16,8,7,3,3,3,6,2,0,1,12,7,4,1,6,4,2,0,1,0,31,11,7,7,1,1,0,0,1,1,15,19,6,8,2,6,18,37,2,6,32,51,26.0,34.0,6.0,17.0,4.0,8.0,629,320,564.0,248.0,225,159,339,89,16.0,22.0,9.0,4.0,0.94,0.34,0.94,0.17,0.0,0.17,0.94,0.34,2.03,0.92,0,1,8,4,4,2,3,1,1,0,0.0,0.1287,0.6712,0.0953,0.1648,0.0574,0.0882,0.0269,0.0121,0.0,16,4,0,1,0,1,0,2,0,0,0.9363,0.1208,0.0,0.0269,0.0,0.0096,0.0,0.151,0.0,0.0,16,8,16.0,15.57
4507085,2025-04-22,esp,2024/2025,LaLiga,33,Juan Luis Pulido Santana,8558,Espanyol,10267,Valencia,0,1,1,33,67,8,16,3,7,3,3,2,6,1,0,7,12,1,4,4,6,0,2,0,1,11,31,7,7,1,1,0,0,1,1,19,15,8,6,6,2,37,18,6,2,51,32,34.0,26.0,17.0,6.0,8.0,4.0,320,629,248.0,564.0,159,225,89,339,22.0,16.0,4.0,9.0,0.34,0.94,0.17,0.94,0.17,0.0,0.34,0.94,0.92,2.03,1,0,4,8,2,4,1,3,0,1,0.1287,0.0,0.0953,0.6712,0.0574,0.1648,0.0269,0.0882,0.0,0.0121,4,16,1,0,1,0,2,0,0,0,0.1208,0.9363,0.0269,0.0,0.0096,0.0,0.151,0.0,0.0,0.0,8,16,15.57,16.0
4507076,2025-04-23,esp,2024/2025,LaLiga,33,Isidro Díaz de Mera Escuderos,8315,Athletic Club,8306,Las Palmas,1,1,0,49,51,13,10,4,2,6,4,3,4,1,1,9,6,4,4,3,3,5,2,4,2,23,11,13,9,1,3,0,0,4,2,11,21,9,17,4,3,30,19,2,3,39,52,24.0,44.0,15.0,8.0,4.0,10.0,434,458,349.0,369.0,178,246,171,123,23.0,20.0,5.0,2.0,2.11,1.05,2.05,1.02,0.07,0.03,2.11,1.05,1.03,0.5,3,0,5,4,1,2,4,3,0,1,1.1066,0.0,0.7956,0.4195,0.0886,0.4951,0.1612,0.1173,0.0,0.0212,8,8,3,1,1,1,1,0,0,0,1.5707,0.5594,0.5127,0.4631,0.0189,0.0307,0.0497,0.0,0.0,0.0,13,10,14.4,17.24
4507076,2025-04-23,esp,2024/2025,LaLiga,33,Isidro Díaz de Mera Escuderos,8306,Las Palmas,8315,Athletic Club,0,0,1,51,49,10,13,2,4,4,6,4,3,1,1,6,9,4,4,3,3,2,5,2,4,11,23,9,13,3,1,0,0,2,4,21,11,17,9,3,4,19,30,3,2,52,39,44.0,24.0,8.0,15.0,10.0,4.0,458,434,369.0,349.0,246,178,123,171,20.0,23.0,2.0,5.0,1.05,2.11,1.02,2.05,0.03,0.07,1.05,2.11,0.5,1.03,0,3,4,5,2,1,3,4,1,0,0.0,1.1066,0.4195,0.7956,0.4951,0.0886,0.1173,0.1612,0.0212,0.0,8,8,1,3,1,1,0,1,0,0,0.5594,1.5707,0.4631,0.5127,0.0307,0.0189,0.0,0.0497,0.0,0.0,10,13,17.24,14.4
4507080,2025-04-23,esp,2024/2025,LaLiga,33,Javier Alberola Rojas,9910,Celta Vigo,10205,Villarreal,1,3,0,61,39,21,4,9,1,7,3,5,0,1,0,13,4,8,0,6,3,5,1,2,1,41,11,16,10,2,1,0,1,2,3,13,16,3,8,0,5,10,28,1,6,32,51,28.0,38.0,4.0,13.0,5.0,6.0,613,388,549.0,320.0,187,197,362,123,36.0,24.0,3.0,3.0,3.09,0.39,2.17,0.08,0.13,0.31,2.3,0.39,2.64,0.31,2,1,5,1,6,2,6,0,2,0,1.1991,0.2758,1.2958,0.0388,0.3348,0.0587,0.2075,0.0,0.0527,0.0,17,2,0,0,2,2,1,0,1,0,2.1747,0.0587,0.0,0.0,0.0906,0.3146,0.0362,0.0,0.7884,0.0,21,4,17.96,13.74
4507080,2025-04-23,esp,2024/2025,LaLiga,33,Javier Alberola Rojas,10205,Villarreal,9910,Celta Vigo,0,0,3,39,61,4,21,1,9,3,7,0,5,0,1,4,13,0,8,3,6,1,5,1,2,11,41,10,16,1,2,1,0,3,2,16,13,8,3,5,0,28,10,6,1,51,32,38.0,28.0,13.0,4.0,6.0,5.0,388,613,320.0,549.0,197,187,123,362,24.0,36.0,3.0,3.0,0.39,3.09,0.08,2.17,0.31,0.13,0.39,2.3,0.31,2.64,1,2,1,5,2,6,0,6,0,2,0.2758,1.1991,0.0388,1.2958,0.0587,0.3348,0.0,0.2075,0.0,0.0527,2,17,0,0,2,2,0,1,0,1,0.0587,2.1747,0.0,0.0,0.3146,0.0906,0.0,0.0362,0.0,0.7884,4,21,13.74,17.96
4507081,2025-04-23,esp,2024/2025,LaLiga,33,José María Sánchez Martínez,8305,Getafe,8633,Real Madrid,1,0,1,36,64,20,14,6,7,8,4,6,3,0,0,15,10,5,4,4,4,5,2,5,2,30,19,15,7,2,1,0,0,1,3,13,11,5,7,4,6,10,34,5,6,39,59,25.0,37.0,14.0,22.0,5.0,13.0,306,545,232.0,466.0,91,279,141,187,29.0,24.0,6.0,0.0,2.36,1.5,2.15,1.49,0.21,0.01,2.36,1.5,1.75,1.36,2,3,8,2,5,5,2,3,3,1,1.3944,0.3802,1.1527,0.6156,0.1908,0.1993,0.044,0.3065,0.0777,0.01,13,10,3,3,2,1,2,0,0,0,2.0471,1.1294,0.5996,0.3722,0.1439,0.01,0.0692,0.0,0.0,0.0,20,14,17.57,16.84
4507081,2025-04-23,esp,2024/2025,LaLiga,33,José María Sánchez Martínez,8633,Real Madrid,8305,Getafe,0,1,0,64,36,14,20,7,6,4,8,3,6,0,0,10,15,4,5,4,4,2,5,2,5,19,30,7,15,1,2,0,0,3,1,11,13,7,5,6,4,34,10,6,5,59,39,37.0,25.0,22.0,14.0,13.0,5.0,545,306,466.0,232.0,279,91,187,141,24.0,29.0,0.0,6.0,1.5,2.36,1.49,2.15,0.01,0.21,1.5,2.36,1.36,1.75,3,2,2,8,5,5,3,2,1,3,0.3802,1.3944,0.6156,1.1527,0.1993,0.1908,0.3065,0.044,0.01,0.0777,10,13,3,3,1,2,0,2,0,0,1.1294,2.0471,0.3722,0.5996,0.01,0.1439,0.0,0.0692,0.0,0.0,14,20,16.84,17.57
4507083,2025-04-23,esp,2024/2025,LaLiga,33,Mateo Busquets Ferrer,9866,Deportivo Alaves,8560,Real Sociedad,1,1,0,37,63,10,6,1,0,6,4,3,2,1,0,6,3,4,3,6,6,1,1,1,1,13,18,17,17,3,5,0,0,1,3,26,11,7,11,2,3,26,30,1,0,63,61,43.0,35.0,20.0,26.0,3.0,9.0,280,474,173.0,384.0,81,224,92,160,26.0,30.0,3.0,4.0,0.57,0.85,0.12,0.22,0.45,0.64,0.57,0.85,0.28,0.0,1,1,4,2,1,0,3,2,1,1,0.1487,0.4633,0.2298,0.2093,0.0908,0.0,0.0675,0.0994,0.0305,0.02,2,3,0,0,4,3,4,0,0,0,0.1214,0.2107,0.0,0.0,0.196,0.5813,0.25,0.0,0.0,0.0,10,6,17.24,14.78
4507083,2025-04-23,esp,2024/2025,LaLiga,33,Mateo Busquets Ferrer,8560,Real Sociedad,9866,Deportivo Alaves,0,0,1,63,37,6,10,0,1,4,6,2,3,0,1,3,6,3,4,6,6,1,1,1,1,18,13,17,17,5,3,0,0,3,1,11,26,11,7,3,2,30,26,0,1,61,63,35.0,43.0,26.0,20.0,9.0,3.0,474,280,384.0,173.0,224,81,160,92,30.0,26.0,4.0,3.0,0.85,0.57,0.22,0.12,0.64,0.45,0.85,0.57,0.0,0.28,1,1,2,4,0,1,2,3,1,1,0.4633,0.1487,0.2093,0.2298,0.0,0.0908,0.0994,0.0675,0.02,0.0305,3,2,0,0,3,4,0,4,0,0,0.2107,0.1214,0.0,0.0,0.5813,0.196,0.0,0.25,0.0,0.0,6,10,14.78,17.24
4507077,2025-04-24,esp,2024/2025,LaLiga,33,Pablo González Fuertes,9906,Atletico Madrid,8370,Rayo Vallecano,1,3,0,42,58,11,12,6,5,4,5,1,2,0,1,9,5,2,7,6,3,7,2,4,2,23,21,8,15,0,2,0,0,2,3,12,16,6,8,2,1,21,18,5,3,45,41,38.0,32.0,7.0,9.0,11.0,8.0,407,572,347.0,522.0,223,239,124,283,17.0,28.0,3.0,4.0,2.29,0.73,2.25,0.73,0.04,0.0,2.29,0.73,3.13,1.68,3,1,5,3,1,1,1,5,1,2,0.8888,0.1373,1.0624,0.3912,0.2884,0.0316,0.0351,0.1405,0.0123,0.031,8,12,2,0,1,0,0,0,0,0,1.646,0.7317,0.6059,0.0,0.0351,0.0,0.0,0.0,0.0,0.0,11,12,13.12,21.43
4507077,2025-04-24,esp,2024/2025,LaLiga,33,Pablo González Fuertes,8370,Rayo Vallecano,9906,Atletico Madrid,0,0,3,58,42,12,11,5,6,5,4,2,1,1,0,5,9,7,2,3,6,2,7,2,4,21,23,15,8,2,0,0,0,3,2,16,12,8,6,1,2,18,21,3,5,41,45,32.0,38.0,9.0,7.0,8.0,11.0,572,407,522.0,347.0,239,223,283,124,28.0,17.0,4.0,3.0,0.73,2.29,0.73,2.25,0.0,0.04,0.73,2.29,1.68,3.13,1,3,3,5,1,1,5,1,2,1,0.1373,0.8888,0.3912,1.0624,0.0316,0.2884,0.1405,0.0351,0.031,0.0123,12,8,0,2,0,1,0,0,0,0,0.7317,1.646,0.0,0.6059,0.0,0.0351,0.0,0.0,0.0,0.0,12,11,21.43,13.12
4507079,2025-04-24,esp,2024/2025,LaLiga,33,Francisco José Hernández Maeso,8603,Real Betis,10281,Real Valladolid,1,5,1,69,31,16,10,6,5,5,1,5,4,0,0,14,4,2,6,4,4,3,1,1,0,40,10,7,7,1,0,0,0,1,4,15,17,4,13,4,5,20,26,5,1,43,42,25.0,32.0,18.0,10.0,4.0,9.0,640,269,563.0,208.0,225,130,338,78,20.0,16.0,3.0,1.0,1.9,0.8,1.89,0.79,0.01,0.01,1.9,0.8,2.52,1.08,0,0,10,1,4,3,1,3,1,3,0.0,0.0,1.5473,0.0396,0.2435,0.7298,0.057,0.1176,0.0516,0.0352,12,7,3,2,1,1,0,0,0,0,1.2306,0.1765,0.6593,0.7369,0.0095,0.0088,0.0,0.0,0.0,0.0,16,10,14.67,22.4
4507079,2025-04-24,esp,2024/2025,LaLiga,33,Francisco José Hernández Maeso,10281,Real Valladolid,8603,Real Betis,0,1,5,31,69,10,16,5,6,1,5,4,5,0,0,4,14,6,2,4,4,1,3,0,1,10,40,7,7,0,1,0,0,4,1,17,15,13,4,5,4,26,20,1,5,42,43,32.0,25.0,10.0,18.0,9.0,4.0,269,640,208.0,563.0,130,225,78,338,16.0,20.0,1.0,3.0,0.8,1.9,0.79,1.89,0.01,0.01,0.8,1.9,1.08,2.52,0,0,1,10,3,4,3,1,3,1,0.0,0.0,0.0396,1.5473,0.7298,0.2435,0.1176,0.057,0.0352,0.0516,7,12,2,3,1,1,0,0,0,0,0.1765,1.2306,0.7369,0.6593,0.0088,0.0095,0.0,0.0,0.0,0.0,10,16,22.4,14.67
4507082,2025-04-24,esp,2024/2025,LaLiga,33,Adrián Cordero Vega,8371,Osasuna,8302,Sevilla,1,1,0,58,42,9,12,2,3,6,5,1,4,0,0,4,9,5,3,4,4,0,2,0,2,9,17,14,13,4,2,0,1,2,1,9,14,5,7,3,1,26,22,3,1,33,49,24.0,38.0,9.0,11.0,3.0,11.0,485,358,431.0,290.0,185,143,246,147,21.0,18.0,2.0,6.0,0.35,1.12,0.09,0.57,0.26,0.54,0.35,1.12,0.58,0.71,0,1,3,5,1,3,1,3,4,0,0.0,0.4067,0.192,0.4492,0.0167,0.1526,0.0246,0.1102,0.1041,0.0,3,8,0,0,3,3,3,1,0,0,0.0721,0.5748,0.0,0.0,0.1254,0.5101,0.1399,0.0338,0.0,0.0,9,12,20.55,14.9
4507082,2025-04-24,esp,2024/2025,LaLiga,33,Adrián Cordero Vega,8302,Sevilla,8371,Osasuna,0,0,1,42,58,12,9,3,2,5,6,4,1,0,0,9,4,3,5,4,4,2,0,2,0,17,9,13,14,2,4,1,0,1,2,14,9,7,5,1,3,22,26,1,3,49,33,38.0,24.0,11.0,9.0,11.0,3.0,358,485,290.0,431.0,143,185,147,246,18.0,21.0,6.0,2.0,1.12,0.35,0.57,0.09,0.54,0.26,1.12,0.35,0.71,0.58,1,0,5,3,3,1,3,1,0,4,0.4067,0.0,0.4492,0.192,0.1526,0.0167,0.1102,0.0246,0.0,0.1041,8,3,0,0,3,3,1,3,0,0,0.5748,0.0721,0.0,0.0,0.5101,0.1254,0.0338,0.1399,0.0,0.0,12,9,14.9,20.55
4507084,2025-04-24,esp,2024/2025,LaLiga,33,José Luis Munuera Montero,7854,Leganes,7732,Girona,1,1,1,32,68,7,8,1,3,3,4,3,1,0,0,3,6,4,2,4,5,0,1,0,1,6,22,16,18,4,2,1,0,1,4,15,8,3,3,2,3,13,15,1,0,49,40,37.0,28.0,12.0,12.0,4.0,5.0,253,543,188.0,480.0,85,210,103,270,12.0,11.0,2.0,9.0,0.36,0.56,0.26,0.35,0.1,0.21,0.36,0.56,0.75,0.82,0,1,2,3,1,2,1,1,3,1,0.0,0.1091,0.2023,0.2184,0.0342,0.1903,0.0295,0.0087,0.0811,0.0357,4,2,0,2,1,2,2,2,0,0,0.2565,0.1606,0.0,0.1903,0.0294,0.1669,0.0613,0.0444,0.0,0.0,7,8,21.64,15.47
4507084,2025-04-24,esp,2024/2025,LaLiga,33,José Luis Munuera Montero,7732,Girona,7854,Leganes,0,1,1,68,32,8,7,3,1,4,3,1,3,0,0,6,3,2,4,5,4,1,0,1,0,22,6,18,16,2,4,0,1,4,1,8,15,3,3,3,2,15,13,0,1,40,49,28.0,37.0,12.0,12.0,5.0,4.0,543,253,480.0,188.0,210,85,270,103,11.0,12.0,9.0,2.0,0.56,0.36,0.35,0.26,0.21,0.1,0.56,0.36,0.82,0.75,1,0,3,2,2,1,1,1,1,3,0.1091,0.0,0.2184,0.2023,0.1903,0.0342,0.0087,0.0295,0.0357,0.0811,2,4,2,0,2,1,2,2,0,0,0.1606,0.2565,0.1903,0.0,0.1669,0.0294,0.0444,0.0613,0.0,0.0,8,7,15.47,21.64
4507014,2025-04-27,esp,2024/2025,LaLiga,26,José Luis Munuera Montero,10205,Villarreal,8558,Espanyol,1,1,0,45,55,14,12,5,1,5,10,4,1,0,0,10,6,4,6,8,6,1,3,1,3,34,18,19,11,4,0,0,0,1,0,14,10,7,7,1,4,25,28,2,4,44,47,28.0,36.0,16.0,11.0,4.0,8.0,341,430,281.0,375.0,137,233,144,142,16.0,25.0,7.0,5.0,1.48,0.97,0.98,0.37,0.5,0.59,1.48,0.97,1.7,0.1,0,2,6,4,4,0,3,2,1,4,0.0,0.3925,0.9565,0.2788,0.3426,0.0,0.154,0.127,0.0269,0.1674,10,5,1,1,2,2,1,4,0,0,0.8201,0.2679,0.1583,0.1038,0.1847,0.2456,0.3168,0.3483,0.0,0.0,14,12,15.96,18.03
4507014,2025-04-27,esp,2024/2025,LaLiga,26,José Luis Munuera Montero,8558,Espanyol,10205,Villarreal,0,0,1,55,45,12,14,1,5,10,5,1,4,0,0,6,10,6,4,6,8,3,1,3,1,18,34,11,19,0,4,0,0,0,1,10,14,7,7,4,1,28,25,4,2,47,44,36.0,28.0,11.0,16.0,8.0,4.0,430,341,375.0,281.0,233,137,142,144,25.0,16.0,5.0,7.0,0.97,1.48,0.37,0.98,0.59,0.5,0.97,1.48,0.1,1.7,2,0,4,6,0,4,2,3,4,1,0.3925,0.0,0.2788,0.9565,0.0,0.3426,0.127,0.154,0.1674,0.0269,5,10,1,1,2,2,4,1,0,0,0.2679,0.8201,0.1038,0.1583,0.2456,0.1847,0.3483,0.3168,0.0,0.0,12,14,18.03,15.96
4507093,2025-05-02,esp,2024/2025,LaLiga,34,Víctor García Verdura,8370,Rayo Vallecano,8305,Getafe,1,1,0,60,40,13,12,8,1,4,7,1,4,0,0,7,6,6,6,7,3,3,1,2,1,12,18,12,13,3,2,0,1,2,4,10,14,6,5,4,1,48,47,1,7,46,58,27.0,33.0,19.0,25.0,5.0,8.0,380,250,270.0,136.0,173,48,97,88,18.0,19.0,3.0,3.0,1.27,0.84,0.81,0.38,0.46,0.46,1.27,0.84,1.3,0.05,3,2,3,3,1,1,4,4,2,2,0.6839,0.2557,0.2888,0.3611,0.1877,0.0228,0.0665,0.2208,0.0465,0.03,5,8,2,0,6,1,0,3,0,0,0.7133,0.3429,0.1127,0.0,0.4473,0.0939,0.0,0.4535,0.0,0.0,13,12,18.14,19.59
4507093,2025-05-02,esp,2024/2025,LaLiga,34,Víctor García Verdura,8305,Getafe,8370,Rayo Vallecano,0,0,1,40,60,12,13,1,8,7,4,4,1,0,0,6,7,6,6,3,7,1,3,1,2,18,12,13,12,2,3,1,0,4,2,14,10,5,6,1,4,47,48,7,1,58,46,33.0,27.0,25.0,19.0,8.0,5.0,250,380,136.0,270.0,48,173,88,97,19.0,18.0,3.0,3.0,0.84,1.27,0.38,0.81,0.46,0.46,0.84,1.27,0.05,1.3,2,3,3,3,1,1,4,4,2,2,0.2557,0.6839,0.3611,0.2888,0.0228,0.1877,0.2208,0.0665,0.03,0.0465,8,5,0,2,1,6,3,0,0,0,0.3429,0.7133,0.0,0.1127,0.0939,0.4473,0.4535,0.0,0.0,0.0,12,13,19.59,18.14
4507087,2025-05-03,esp,2024/2025,LaLiga,34,Ricardo De Burgos Bengoetxea,8306,Las Palmas,10267,Valencia,1,2,3,53,47,15,10,3,5,6,4,6,1,0,0,12,5,3,5,9,5,2,4,1,2,28,19,12,6,1,1,0,0,1,3,14,15,4,7,1,5,27,48,3,1,41,47,24.0,30.0,17.0,17.0,5.0,3.0,399,377,319.0,296.0,152,202,167,94,25.0,20.0,10.0,2.0,1.71,1.36,0.64,1.16,0.28,0.19,0.92,1.36,1.24,2.79,0,2,10,3,2,0,3,4,0,1,0.0,0.8147,1.5657,0.451,0.0697,0.0,0.0731,0.1116,0.0,0.0079,8,7,0,2,5,0,1,1,1,0,0.638,1.0212,0.0,0.1735,0.2548,0.0,0.0273,0.1905,0.7884,0.0,15,10,14.65,21.65
4507087,2025-05-03,esp,2024/2025,LaLiga,34,Ricardo De Burgos Bengoetxea,10267,Valencia,8306,Las Palmas,0,3,2,47,53,10,15,5,3,4,6,1,6,0,0,5,12,5,3,5,9,4,2,2,1,19,28,6,12,1,1,0,0,3,1,15,14,7,4,5,1,48,27,1,3,47,41,30.0,24.0,17.0,17.0,3.0,5.0,377,399,296.0,319.0,202,152,94,167,20.0,25.0,2.0,10.0,1.36,1.71,1.16,0.64,0.19,0.28,1.36,0.92,2.79,1.24,2,0,3,10,0,2,4,3,1,0,0.8147,0.0,0.451,1.5657,0.0,0.0697,0.1116,0.0731,0.0079,0.0,7,8,2,0,0,5,1,1,0,1,1.0212,0.638,0.1735,0.0,0.0,0.2548,0.1905,0.0273,0.0,0.7884,10,15,21.65,14.65
4507088,2025-05-03,esp,2024/2025,LaLiga,34,Juan Martínez Munuera,9866,Deportivo Alaves,9906,Atletico Madrid,1,0,0,35,65,8,9,2,2,4,4,2,3,0,0,8,6,0,3,3,5,2,0,2,0,15,23,18,13,3,2,0,0,1,0,24,30,9,1,3,2,32,35,2,2,50,83,36.0,57.0,14.0,26.0,2.0,11.0,271,496,182.0,410.0,56,223,126,187,19.0,40.0,4.0,7.0,0.5,0.54,0.32,0.34,0.18,0.19,0.5,0.54,0.2,0.57,0,0,6,4,2,2,0,1,0,2,0.0,0.0,0.4564,0.3714,0.0397,0.1182,0.0,0.0146,0.0,0.0328,3,5,1,1,0,2,4,1,0,0,0.1816,0.2913,0.1369,0.0532,0.0,0.1779,0.1776,0.0146,0.0,0.0,8,9,12.37,18.4
4507088,2025-05-03,esp,2024/2025,LaLiga,34,Juan Martínez Munuera,9906,Atletico Madrid,9866,Deportivo Alaves,0,0,0,65,35,9,8,2,2,4,4,3,2,0,0,6,8,3,0,5,3,0,2,0,2,23,15,13,18,2,3,0,0,0,1,30,24,1,9,2,3,35,32,2,2,83,50,57.0,36.0,26.0,14.0,11.0,2.0,496,271,410.0,182.0,223,56,187,126,40.0,19.0,7.0,4.0,0.54,0.5,0.34,0.32,0.19,0.18,0.54,0.5,0.57,0.2,0,0,4,6,2,2,1,0,2,0,0.0,0.0,0.3714,0.4564,0.1182,0.0397,0.0146,0.0,0.0328,0.0,5,3,1,1,2,0,1,4,0,0,0.2913,0.1816,0.0532,0.1369,0.1779,0.0,0.0146,0.1776,0.0,0.0,9,8,18.4,12.37
4507091,2025-05-03,esp,2024/2025,LaLiga,34,Alejandro Muñíz Ruiz,10281,Real Valladolid,8634,Barcelona,1,1,2,18,82,5,24,4,7,1,10,0,7,0,1,5,15,0,9,4,8,2,3,2,2,9,37,12,15,3,2,0,0,3,1,19,16,10,3,8,0,36,9,4,3,45,58,34.0,41.0,11.0,17.0,2.0,14.0,154,702,97.0,634.0,50,147,47,487,21.0,21.0,4.0,7.0,0.59,1.93,0.42,1.4,0.18,0.53,0.59,1.93,0.98,2.21,1,3,2,9,2,3,0,6,0,3,0.0864,0.4123,0.2794,0.9442,0.2779,0.1258,0.0,0.3925,0.0,0.0548,2,14,0,2,2,4,1,4,0,0,0.4674,1.2171,0.0,0.1847,0.0899,0.3239,0.0864,0.2039,0.0,0.0,5,24,12.54,17.07
4507091,2025-05-03,esp,2024/2025,LaLiga,34,Alejandro Muñíz Ruiz,8634,Barcelona,10281,Real Valladolid,0,2,1,82,18,24,5,7,4,10,1,7,0,1,0,15,5,9,0,8,4,3,2,2,2,37,9,15,12,2,3,0,0,1,3,16,19,3,10,0,8,9,36,3,4,58,45,41.0,34.0,17.0,11.0,14.0,2.0,702,154,634.0,97.0,147,50,487,47,21.0,21.0,7.0,4.0,1.93,0.59,1.4,0.42,0.53,0.18,1.93,0.59,2.21,0.98,3,1,9,2,3,2,6,0,3,0,0.4123,0.0864,0.9442,0.2794,0.1258,0.2779,0.3925,0.0,0.0548,0.0,14,2,2,0,4,2,4,1,0,0,1.2171,0.4674,0.1847,0.0,0.3239,0.0899,0.2039,0.0864,0.0,0.0,24,5,17.07,12.54
4507094,2025-05-03,esp,2024/2025,LaLiga,34,Alejandro Quintero González,10205,Villarreal,8371,Osasuna,1,4,2,44,56,15,11,5,4,6,3,4,4,1,0,12,8,3,3,2,8,5,1,2,0,28,29,10,18,4,1,0,0,3,2,17,18,5,5,4,2,44,10,3,1,54,53,41.0,33.0,13.0,20.0,6.0,5.0,389,473,331.0,401.0,209,182,122,219,22.0,31.0,4.0,9.0,2.19,1.26,1.96,0.21,0.23,0.26,2.19,0.47,2.32,1.23,1,0,10,6,1,2,2,2,1,1,0.5372,0.0,1.5044,1.2778,0.0707,0.0344,0.0677,0.0397,0.0149,0.0114,8,6,3,1,3,3,1,0,0,1,1.2226,0.1968,0.7453,0.1426,0.1122,0.2355,0.1147,0.0,0.0,0.7884,15,11,14.65,17.97
4507094,2025-05-03,esp,2024/2025,LaLiga,34,Alejandro Quintero González,8371,Osasuna,10205,Villarreal,0,2,4,56,44,11,15,4,5,3,6,4,4,0,1,8,12,3,3,8,2,1,5,0,2,29,28,18,10,1,4,0,0,2,3,18,17,5,5,2,4,10,44,1,3,53,54,33.0,41.0,20.0,13.0,5.0,6.0,473,389,401.0,331.0,182,209,219,122,31.0,22.0,9.0,4.0,1.26,2.19,0.21,1.96,0.26,0.23,0.47,2.19,1.23,2.32,0,1,6,10,2,1,2,2,1,1,0.0,0.5372,1.2778,1.5044,0.0344,0.0707,0.0397,0.0677,0.0114,0.0149,6,8,1,3,3,3,0,1,1,0,0.1968,1.2226,0.1426,0.7453,0.2355,0.1122,0.0,0.1147,0.7884,0.0,11,15,17.97,14.65
4507089,2025-05-04,esp,2024/2025,LaLiga,34,Guillermo Cuadra Fernández,8558,Espanyol,8603,Real Betis,1,1,2,37,63,11,20,5,10,2,2,4,8,0,1,5,13,6,7,3,7,1,0,0,0,19,47,16,10,2,0,0,0,5,1,15,14,7,7,7,4,28,28,8,4,37,51,29.0,39.0,8.0,12.0,5.0,10.0,325,558,274.0,497.0,161,214,113,283,26.0,18.0,1.0,3.0,1.28,1.14,1.25,1.01,0.04,0.12,1.28,1.14,1.11,3.06,0,0,4,7,1,6,4,4,2,3,0.0,0.0,0.9054,0.613,0.024,0.2444,0.2589,0.1943,0.0324,0.0849,8,17,2,1,1,1,0,1,0,0,1.0488,0.9485,0.1553,0.0652,0.0167,0.0468,0.0,0.0762,0.0,0.0,11,20,21.82,18.62
4507089,2025-05-04,esp,2024/2025,LaLiga,34,Guillermo Cuadra Fernández,8603,Real Betis,8558,Espanyol,0,2,1,63,37,20,11,10,5,2,2,8,4,1,0,13,5,7,6,7,3,0,1,0,0,47,19,10,16,0,2,0,0,1,5,14,15,7,7,4,7,28,28,4,8,51,37,39.0,29.0,12.0,8.0,10.0,5.0,558,325,497.0,274.0,214,161,283,113,18.0,26.0,3.0,1.0,1.14,1.28,1.01,1.25,0.12,0.04,1.14,1.28,3.06,1.11,0,0,7,4,6,1,4,4,3,2,0.0,0.0,0.613,0.9054,0.2444,0.024,0.1943,0.2589,0.0849,0.0324,17,8,1,2,1,1,1,0,0,0,0.9485,1.0488,0.0652,0.1553,0.0468,0.0167,0.0762,0.0,0.0,0.0,20,11,18.62,21.82
4507090,2025-05-04,esp,2024/2025,LaLiga,34,César Soto Grado,8560,Real Sociedad,8315,Athletic Club,1,0,0,59,41,12,3,3,1,5,1,4,1,0,0,9,2,3,1,7,3,1,0,1,0,27,14,18,13,1,2,0,0,3,1,22,14,11,12,1,4,19,25,1,3,68,55,41.0,41.0,27.0,14.0,8.0,11.0,505,353,407.0,260.0,316,168,91,92,24.0,32.0,4.0,1.0,0.92,0.17,0.64,0.17,0.29,0.0,0.92,0.17,0.6,0.01,1,0,5,2,3,0,1,0,2,1,0.068,0.0,0.6065,0.2242,0.101,0.0,0.1068,0.0,0.0421,0.0201,7,3,1,0,3,0,1,0,0,0,0.3808,0.2443,0.2555,0.0,0.2201,0.0,0.068,0.0,0.0,0.0,12,3,15.22,16.05
4507090,2025-05-04,esp,2024/2025,LaLiga,34,César Soto Grado,8315,Athletic Club,8560,Real Sociedad,0,0,0,41,59,3,12,1,3,1,5,1,4,0,0,2,9,1,3,3,7,0,1,0,1,14,27,13,18,2,1,0,0,1,3,14,22,12,11,4,1,25,19,3,1,55,68,41.0,41.0,14.0,27.0,11.0,8.0,353,505,260.0,407.0,168,316,92,91,32.0,24.0,1.0,4.0,0.17,0.92,0.17,0.64,0.0,0.29,0.17,0.92,0.01,0.6,0,1,2,5,0,3,0,1,1,2,0.0,0.068,0.2242,0.6065,0.0,0.101,0.0,0.1068,0.0201,0.0421,3,7,0,1,0,3,0,1,0,0,0.2443,0.3808,0.0,0.2555,0.0,0.2201,0.0,0.068,0.0,0.0,3,12,16.05,15.22
4507092,2025-05-04,esp,2024/2025,LaLiga,34,Jesús Gil Manzano,8633,Real Madrid,9910,Celta Vigo,1,3,2,54,46,17,14,6,7,10,3,1,4,0,0,12,9,5,5,4,6,6,3,5,1,26,25,5,11,2,1,0,0,0,1,12,17,4,7,5,1,9,13,5,4,38,27,33.0,26.0,5.0,1.0,10.0,4.0,605,518,559.0,457.0,271,230,288,227,32.0,34.0,2.0,3.0,2.12,1.85,1.74,0.97,0.38,0.88,2.12,1.85,2.39,1.96,0,2,7,5,5,2,4,4,1,1,0.0,0.7764,1.7427,0.8585,0.2634,0.0713,0.1277,0.1542,0.0303,0.0142,9,10,3,0,4,4,1,0,0,0,1.6349,0.9718,0.1444,0.0,0.3474,0.9027,0.0376,0.0,0.0,0.0,17,14,16.81,16.22
4507092,2025-05-04,esp,2024/2025,LaLiga,34,Jesús Gil Manzano,9910,Celta Vigo,8633,Real Madrid,0,2,3,46,54,14,17,7,6,3,10,4,1,0,0,9,12,5,5,6,4,3,6,1,5,25,26,11,5,1,2,0,0,1,0,17,12,7,4,1,5,13,9,4,5,27,38,26.0,33.0,1.0,5.0,4.0,10.0,518,605,457.0,559.0,230,271,227,288,34.0,32.0,3.0,2.0,1.85,2.12,0.97,1.74,0.88,0.38,1.85,2.12,1.96,2.39,2,0,5,7,2,5,4,4,1,1,0.7764,0.0,0.8585,1.7427,0.0713,0.2634,0.1542,0.1277,0.0142,0.0303,10,9,0,3,4,4,0,1,0,0,0.9718,1.6349,0.0,0.1444,0.9027,0.3474,0.0,0.0376,0.0,0.0,14,17,16.22,16.81
4507095,2025-05-04,esp,2024/2025,LaLiga,34,Alejandro José Hernández Hernández,8302,Sevilla,7854,Leganes,1,2,2,57,43,25,9,7,3,12,5,6,1,0,0,15,4,10,5,8,2,5,1,3,0,37,8,17,12,4,5,0,0,2,1,19,18,6,7,1,6,27,48,1,5,63,57,46.0,45.0,17.0,12.0,15.0,11.0,407,318,320.0,226.0,172,108,148,118,37.0,18.0,4.0,2.0,2.73,0.94,2.59,0.77,0.14,0.17,2.73,0.94,2.76,0.75,1,0,12,3,2,1,8,4,2,1,0.904,0.0,1.4918,0.303,0.1026,0.0237,0.2038,0.122,0.0282,0.1844,20,4,0,1,3,2,2,2,0,0,2.5886,0.2772,0.0,0.1844,0.0886,0.0614,0.0533,0.1101,0.0,0.0,25,9,18.53,21.93
4507095,2025-05-04,esp,2024/2025,LaLiga,34,Alejandro José Hernández Hernández,7854,Leganes,8302,Sevilla,0,2,2,43,57,9,25,3,7,5,12,1,6,0,0,4,15,5,10,2,8,1,5,0,3,8,37,12,17,5,4,0,0,1,2,18,19,7,6,6,1,48,27,5,1,57,63,45.0,46.0,12.0,17.0,11.0,15.0,318,407,226.0,320.0,108,172,118,148,18.0,37.0,2.0,4.0,0.94,2.73,0.77,2.59,0.17,0.14,0.94,2.73,0.75,2.76,0,1,3,12,1,2,4,8,1,2,0.0,0.904,0.303,1.4918,0.0237,0.1026,0.122,0.2038,0.1844,0.0282,4,20,1,0,2,3,2,2,0,0,0.2772,2.5886,0.1844,0.0,0.0614,0.0886,0.1101,0.0533,0.0,0.0,9,25,21.93,18.53
4507086,2025-05-05,esp,2024/2025,LaLiga,34,Mario Melero López,7732,Girona,8661,Mallorca,1,1,0,47,53,13,9,6,1,5,6,2,2,0,0,8,5,5,4,5,2,3,0,2,0,19,15,11,14,0,2,0,0,1,1,15,9,5,6,2,2,21,22,1,5,43,40,31.0,26.0,12.0,14.0,2.0,7.0,454,500,383.0,437.0,200,211,183,226,24.0,28.0,3.0,4.0,1.42,0.47,1.16,0.43,0.26,0.04,1.42,0.47,1.49,0.07,2,0,5,5,1,0,3,4,2,0,0.2439,0.0,1.0053,0.3598,0.0413,0.0,0.0845,0.1179,0.0423,0.0,11,8,0,0,2,0,0,1,0,0,1.1735,0.4392,0.0,0.0,0.2439,0.0,0.0,0.0385,0.0,0.0,13,9,15.93,18.04
4507086,2025-05-05,esp,2024/2025,LaLiga,34,Mario Melero López,8661,Mallorca,7732,Girona,0,0,1,53,47,9,13,1,6,6,5,2,2,0,0,5,8,4,5,2,5,0,3,0,2,15,19,14,11,2,0,0,0,1,1,9,15,6,5,2,2,22,21,5,1,40,43,26.0,31.0,14.0,12.0,7.0,2.0,500,454,437.0,383.0,211,200,226,183,28.0,24.0,4.0,3.0,0.47,1.42,0.43,1.16,0.04,0.26,0.47,1.42,0.07,1.49,0,2,5,5,0,1,4,3,0,2,0.0,0.2439,0.3598,1.0053,0.0,0.0413,0.1179,0.0845,0.0,0.0423,8,11,0,0,0,2,1,0,0,0,0.4392,1.1735,0.0,0.0,0.0,0.2439,0.0385,0.0,0.0,0.0,9,13,18.04,15.93
4507102,2025-05-09,esp,2024/2025,LaLiga,35,Francisco José Hernández Maeso,8306,Las Palmas,8370,Rayo Vallecano,1,0,1,41,59,11,16,2,5,7,6,2,5,0,0,8,11,3,5,8,8,1,1,1,0,24,20,8,9,2,3,0,0,0,2,20,14,12,6,5,2,22,48,4,2,61,64,38.0,30.0,23.0,34.0,10.0,9.0,315,487,222.0,395.0,102,242,120,153,18.0,32.0,4.0,7.0,0.68,1.24,0.42,0.98,0.26,0.25,0.68,1.24,0.77,1.35,0,1,6,6,2,4,3,2,0,3,0.0,0.0928,0.4723,0.906,0.0686,0.1078,0.1509,0.0773,0.0,0.0538,6,11,1,0,2,4,2,1,0,0,0.3517,0.9839,0.0398,0.0,0.2332,0.2281,0.0671,0.0257,0.0,0.0,11,16,15.03,17.29
4507102,2025-05-09,esp,2024/2025,LaLiga,35,Francisco José Hernández Maeso,8370,Rayo Vallecano,8306,Las Palmas,0,1,0,59,41,16,11,5,2,6,7,5,2,0,0,11,8,5,3,8,8,1,1,0,1,20,24,9,8,3,2,0,0,2,0,14,20,6,12,2,5,48,22,2,4,64,61,30.0,38.0,34.0,23.0,9.0,10.0,487,315,395.0,222.0,242,102,153,120,32.0,18.0,7.0,4.0,1.24,0.68,0.98,0.42,0.25,0.26,1.24,0.68,1.35,0.77,1,0,6,6,4,2,2,3,3,0,0.0928,0.0,0.906,0.4723,0.1078,0.0686,0.0773,0.1509,0.0538,0.0,11,6,0,1,4,2,1,2,0,0,0.9839,0.3517,0.0,0.0398,0.2281,0.2332,0.0257,0.0671,0.0,0.0,16,11,17.29,15.03
4507096,2025-05-10,esp,2024/2025,LaLiga,35,José María Sánchez Martínez,9906,Atletico Madrid,8560,Real Sociedad,1,4,0,61,39,13,6,7,1,5,1,1,4,1,0,8,2,5,4,3,3,4,0,2,0,19,10,7,12,0,1,0,0,3,1,11,15,8,4,3,1,16,27,1,3,31,36,28.0,30.0,3.0,6.0,6.0,9.0,662,417,605.0,366.0,302,196,303,170,20.0,18.0,3.0,2.0,1.39,0.49,1.34,0.36,0.06,0.13,1.39,0.49,3.26,0.38,0,1,5,1,3,0,3,4,2,0,0.0,0.159,1.0285,0.1695,0.2259,0.0,0.081,0.2662,0.0565,0.0,9,4,2,0,0,1,2,1,0,0,1.2608,0.4196,0.0753,0.0,0.0,0.159,0.0559,0.0161,0.0,0.0,13,6,22.42,18.8
4507096,2025-05-10,esp,2024/2025,LaLiga,35,José María Sánchez Martínez,8560,Real Sociedad,9906,Atletico Madrid,0,0,4,39,61,6,13,1,7,1,5,4,1,0,1,2,8,4,5,3,3,0,4,0,2,10,19,12,7,1,0,0,0,1,3,15,11,4,8,1,3,27,16,3,1,36,31,30.0,28.0,6.0,3.0,9.0,6.0,417,662,366.0,605.0,196,302,170,303,18.0,20.0,2.0,3.0,0.49,1.39,0.36,1.34,0.13,0.06,0.49,1.39,0.38,3.26,1,0,1,5,0,3,4,3,0,2,0.159,0.0,0.1695,1.0285,0.0,0.2259,0.2662,0.081,0.0,0.0565,4,9,0,2,1,0,1,2,0,0,0.4196,1.2608,0.0,0.0753,0.159,0.0,0.0161,0.0559,0.0,0.0,6,13,18.8,22.42
4507099,2025-05-10,esp,2024/2025,LaLiga,35,Pablo González Fuertes,9910,Celta Vigo,8302,Sevilla,1,3,2,50,50,8,19,4,10,3,5,1,4,0,0,5,13,3,6,3,6,2,4,0,2,14,21,11,16,0,2,1,0,1,3,11,19,6,13,4,1,50,11,8,1,49,57,31.0,36.0,18.0,21.0,8.0,8.0,470,460,408.0,384.0,249,188,159,196,30.0,20.0,2.0,9.0,0.71,2.31,0.68,0.96,0.04,0.56,0.71,1.52,2.04,2.57,1,1,2,10,2,2,3,3,0,3,0.1629,0.2182,0.2038,1.855,0.3962,0.103,0.1172,0.0571,0.0,0.0893,6,13,0,0,2,4,0,1,0,1,0.8432,0.9711,0.0,0.0,0.0368,0.5169,0.0,0.0462,0.0,0.7884,8,19,17.22,15.7
4507099,2025-05-10,esp,2024/2025,LaLiga,35,Pablo González Fuertes,8302,Sevilla,9910,Celta Vigo,0,2,3,50,50,19,8,10,4,5,3,4,1,0,0,13,5,6,3,6,3,4,2,2,0,21,14,16,11,2,0,0,1,3,1,19,11,13,6,1,4,11,50,1,8,57,49,36.0,31.0,21.0,18.0,8.0,8.0,460,470,384.0,408.0,188,249,196,159,20.0,30.0,9.0,2.0,2.31,0.71,0.96,0.68,0.56,0.04,1.52,0.71,2.57,2.04,1,1,10,2,2,2,3,3,3,0,0.2182,0.1629,1.855,0.2038,0.103,0.3962,0.0571,0.1172,0.0893,0.0,13,6,0,0,4,2,1,0,1,0,0.9711,0.8432,0.0,0.0,0.5169,0.0368,0.0462,0.0,0.7884,0.0,19,8,15.7,17.22
4507100,2025-05-10,esp,2024/2025,LaLiga,35,Isidro Díaz de Mera Escuderos,7732,Girona,10205,Villarreal,1,0,1,54,46,7,14,0,5,4,7,3,2,0,0,4,9,3,5,5,3,0,3,0,2,14,28,13,10,2,3,0,0,0,1,11,9,9,6,2,3,19,27,4,0,27,37,20.0,25.0,7.0,12.0,0.0,4.0,541,461,489.0,406.0,239,222,250,184,22.0,28.0,8.0,3.0,0.25,2.17,0.17,2.06,0.08,0.11,0.25,2.17,0.0,1.99,0,2,2,7,2,0,3,3,0,2,0.0,0.8937,0.0814,1.5711,0.0403,0.0,0.122,0.1038,0.0,0.0456,3,11,2,1,2,0,0,2,0,0,0.0521,2.4752,0.1178,0.0302,0.0738,0.0,0.0,0.1088,0.0,0.0,7,14,18.19,15.72
4507100,2025-05-10,esp,2024/2025,LaLiga,35,Isidro Díaz de Mera Escuderos,10205,Villarreal,7732,Girona,0,1,0,46,54,14,7,5,0,7,4,2,3,0,0,9,4,5,3,3,5,3,0,2,0,28,14,10,13,3,2,0,0,1,0,9,11,6,9,3,2,27,19,0,4,37,27,25.0,20.0,12.0,7.0,4.0,0.0,461,541,406.0,489.0,222,239,184,250,28.0,22.0,3.0,8.0,2.17,0.25,2.06,0.17,0.11,0.08,2.17,0.25,1.99,0.0,2,0,7,2,0,2,3,3,2,0,0.8937,0.0,1.5711,0.0814,0.0,0.0403,0.1038,0.122,0.0456,0.0,11,3,1,2,0,2,2,0,0,0,2.4752,0.0521,0.0302,0.1178,0.0,0.0738,0.1088,0.0,0.0,0.0,14,7,15.72,18.19
4507101,2025-05-10,esp,2024/2025,LaLiga,35,Juan Luis Pulido Santana,8661,Mallorca,10281,Real Valladolid,1,2,1,61,39,12,16,4,7,7,6,1,3,0,0,8,10,4,6,5,10,3,4,2,3,20,33,16,12,2,1,0,0,1,2,7,14,6,3,2,1,31,48,6,2,41,53,23.0,40.0,18.0,13.0,5.0,10.0,451,288,383.0,232.0,159,133,224,99,22.0,31.0,9.0,5.0,1.11,1.85,0.86,1.38,0.26,0.47,1.11,1.85,1.86,3.06,2,3,6,4,0,3,4,5,0,1,0.2673,0.9274,0.5631,0.5543,0.0,0.0698,0.1764,0.2642,0.0,0.0374,9,9,0,2,3,5,0,0,0,0,0.755,0.8783,0.0,0.5066,0.252,0.4682,0.0,0.0,0.0,0.0,12,16,13.89,15.51
4507101,2025-05-10,esp,2024/2025,LaLiga,35,Juan Luis Pulido Santana,10281,Real Valladolid,8661,Mallorca,0,1,2,39,61,16,12,7,4,6,7,3,1,0,0,10,8,6,4,10,5,4,3,3,2,33,20,12,16,1,2,0,0,2,1,14,7,3,6,1,2,48,31,2,6,53,41,40.0,23.0,13.0,18.0,10.0,5.0,288,451,232.0,383.0,133,159,99,224,31.0,22.0,5.0,9.0,1.85,1.11,1.38,0.86,0.47,0.26,1.85,1.11,3.06,1.86,3,2,4,6,3,0,5,4,1,0,0.9274,0.2673,0.5543,0.5631,0.0698,0.0,0.2642,0.1764,0.0374,0.0,9,9,2,0,5,3,0,0,0,0,0.8783,0.755,0.5066,0.0,0.4682,0.252,0.0,0.0,0.0,0.0,16,12,15.51,13.89
4507103,2025-05-10,esp,2024/2025,LaLiga,35,Adrián Cordero Vega,10267,Valencia,8305,Getafe,1,3,0,59,41,10,10,6,3,3,5,1,2,0,0,8,7,2,3,2,6,6,0,4,0,19,20,17,20,3,5,0,0,0,5,23,19,4,7,2,1,42,14,3,3,58,61,46.0,43.0,12.0,18.0,3.0,8.0,402,261,336.0,193.0,203,62,133,131,29.0,27.0,4.0,6.0,2.72,0.53,0.79,0.24,0.36,0.3,1.15,0.53,2.64,1.08,1,0,4,5,3,2,0,3,2,0,0.3558,0.0,2.1043,0.3787,0.1689,0.0829,0.0,0.0726,0.1137,0.0,6,3,1,0,0,3,1,4,2,0,0.7552,0.2378,0.0548,0.0,0.0,0.1012,0.3558,0.1952,1.5768,0.0,10,10,17.61,17.94
4507103,2025-05-10,esp,2024/2025,LaLiga,35,Adrián Cordero Vega,8305,Getafe,10267,Valencia,0,0,3,41,59,10,10,3,6,5,3,2,1,0,0,7,8,3,2,6,2,0,6,0,4,20,19,20,17,5,3,0,0,5,0,19,23,7,4,1,2,14,42,3,3,61,58,43.0,46.0,18.0,12.0,8.0,3.0,261,402,193.0,336.0,62,203,131,133,27.0,29.0,6.0,4.0,0.53,2.72,0.24,0.79,0.3,0.36,0.53,1.15,1.08,2.64,0,1,5,4,2,3,3,0,0,2,0.0,0.3558,0.3787,2.1043,0.0829,0.1689,0.0726,0.0,0.0,0.1137,3,6,0,1,3,0,4,1,0,2,0.2378,0.7552,0.0,0.0548,0.1012,0.0,0.1952,0.3558,0.0,1.5768,10,10,17.94,17.61
4507097,2025-05-11,esp,2024/2025,LaLiga,35,Alejandro José Hernández Hernández,8634,Barcelona,8633,Real Madrid,1,4,3,62,38,23,9,9,5,9,2,5,2,0,0,15,7,8,2,10,2,7,5,4,2,40,19,17,15,4,3,0,0,1,5,14,22,5,7,1,5,10,28,2,5,41,51,35.0,42.0,6.0,9.0,6.0,5.0,478,296,418.0,238.0,140,163,278,75,27.0,24.0,5.0,1.0,4.26,2.74,3.62,1.89,0.64,0.06,4.26,1.96,3.21,1.74,3,0,10,6,2,1,7,0,1,2,1.617,0.0,2.2751,2.589,0.0977,0.0331,0.2581,0.0,0.02,0.1221,16,3,3,4,3,1,1,0,0,1,2.8266,0.5505,0.8008,1.342,0.5188,0.0631,0.1218,0.0,0.0,0.7884,23,9,15.43,14.55
4507097,2025-05-11,esp,2024/2025,LaLiga,35,Alejandro José Hernández Hernández,8633,Real Madrid,8634,Barcelona,0,3,4,38,62,9,23,5,9,2,9,2,5,0,0,7,15,2,8,2,10,5,7,2,4,19,40,15,17,3,4,0,0,5,1,22,14,7,5,5,1,28,10,5,2,51,41,42.0,35.0,9.0,6.0,5.0,6.0,296,478,238.0,418.0,163,140,75,278,24.0,27.0,1.0,5.0,2.74,4.26,1.89,3.62,0.06,0.64,1.96,4.26,1.74,3.21,0,3,6,10,1,2,0,7,2,1,0.0,1.617,2.589,2.2751,0.0331,0.0977,0.0,0.2581,0.1221,0.02,3,16,4,3,1,3,0,1,1,0,0.5505,2.8266,1.342,0.8008,0.0631,0.5188,0.0,0.1218,0.7884,0.0,9,23,14.55,15.43
4507098,2025-05-11,esp,2024/2025,LaLiga,35,Miguel Ángel Ortiz Arias,8603,Real Betis,8371,Osasuna,1,1,1,58,42,10,16,5,5,3,9,2,2,0,2,3,14,7,2,6,7,0,5,0,4,29,27,8,12,3,2,0,0,2,2,20,15,5,7,2,2,20,36,4,4,50,44,37.0,32.0,13.0,12.0,5.0,10.0,489,340,435.0,275.0,192,141,243,134,30.0,32.0,3.0,10.0,0.39,2.03,0.36,1.03,0.03,1.0,0.39,2.03,1.03,2.19,0,1,3,9,0,4,4,0,3,2,0.0,0.353,0.2416,1.3017,0.0,0.3359,0.1145,0.0,0.0795,0.0411,8,8,0,1,2,4,0,3,0,0,0.4122,0.8052,0.0,0.226,0.0234,0.1986,0.0,0.8018,0.0,0.0,10,16,20.19,13.64
4507098,2025-05-11,esp,2024/2025,LaLiga,35,Miguel Ángel Ortiz Arias,8371,Osasuna,8603,Real Betis,0,1,1,42,58,16,10,5,5,9,3,2,2,2,0,14,3,2,7,7,6,5,0,4,0,27,29,12,8,2,3,0,0,2,2,15,20,7,5,2,2,36,20,4,4,44,50,32.0,37.0,12.0,13.0,10.0,5.0,340,489,275.0,435.0,141,192,134,243,32.0,30.0,10.0,3.0,2.03,0.39,1.03,0.36,1.0,0.03,2.03,0.39,2.19,1.03,1,0,9,3,4,0,0,4,2,3,0.353,0.0,1.3017,0.2416,0.3359,0.0,0.0,0.1145,0.0411,0.0795,8,8,1,0,4,2,3,0,0,0,0.8052,0.4122,0.226,0.0,0.1986,0.0234,0.8018,0.0,0.0,0.0,16,10,13.64,20.19
4507104,2025-05-11,esp,2024/2025,LaLiga,35,José Luis Munuera Montero,8315,Athletic Club,9866,Deportivo Alaves,1,1,0,60,40,11,3,3,1,7,2,1,0,1,0,7,3,4,0,9,2,3,1,3,1,16,11,17,12,1,1,0,0,0,2,18,30,16,9,0,1,43,30,1,3,74,70,45.0,51.0,29.0,19.0,16.0,5.0,445,298,366.0,180.0,182,95,184,85,31.0,16.0,4.0,2.0,1.3,0.78,1.03,0.47,0.27,0.31,1.3,0.78,0.85,0.67,0,1,6,1,1,1,1,0,3,0,0.0,0.2932,1.1807,0.0508,0.0472,0.0211,0.0161,0.0,0.056,0.0,4,1,1,0,5,1,1,1,0,0,0.4565,0.0508,0.5734,0.0,0.2142,0.0211,0.056,0.2932,0.0,0.0,11,3,18.14,12.57
4507104,2025-05-11,esp,2024/2025,LaLiga,35,José Luis Munuera Montero,9866,Deportivo Alaves,8315,Athletic Club,0,0,1,40,60,3,11,1,3,2,7,0,1,0,1,3,7,0,4,2,9,1,3,1,3,11,16,12,17,1,1,0,0,2,0,30,18,9,16,1,0,30,43,3,1,70,74,51.0,45.0,19.0,29.0,5.0,16.0,298,445,180.0,366.0,95,182,85,184,16.0,31.0,2.0,4.0,0.78,1.3,0.47,1.03,0.31,0.27,0.78,1.3,0.67,0.85,1,0,1,6,1,1,0,1,0,3,0.2932,0.0,0.0508,1.1807,0.0211,0.0472,0.0,0.0161,0.0,0.056,1,4,0,1,1,5,1,1,0,0,0.0508,0.4565,0.0,0.5734,0.0211,0.2142,0.2932,0.056,0.0,0.0,3,11,12.57,18.14
4507105,2025-05-11,esp,2024/2025,LaLiga,35,Javier Alberola Rojas,7854,Leganes,8558,Espanyol,1,3,2,50,50,13,12,5,6,7,3,1,3,0,1,8,10,5,2,3,8,3,3,1,2,30,17,14,18,2,2,0,0,1,1,14,15,5,6,3,1,37,18,4,3,53,57,40.0,35.0,13.0,22.0,9.0,9.0,342,341,271.0,247.0,147,146,124,101,25.0,19.0,6.0,5.0,1.51,1.19,1.21,0.55,0.3,0.63,1.51,1.19,1.67,2.35,1,3,6,4,1,3,5,2,0,0,0.1707,0.5102,1.1413,0.457,0.033,0.1048,0.1674,0.1332,0.0,0.0,9,4,0,0,0,7,4,1,0,0,1.2147,0.5509,0.0,0.0,0.0,0.6401,0.2979,0.0142,0.0,0.0,13,12,16.93,11.78
4507105,2025-05-11,esp,2024/2025,LaLiga,35,Javier Alberola Rojas,8558,Espanyol,7854,Leganes,0,2,3,50,50,12,13,6,5,3,7,3,1,1,0,10,8,2,5,8,3,3,3,2,1,17,30,18,14,2,2,0,0,1,1,15,14,6,5,1,3,18,37,3,4,57,53,35.0,40.0,22.0,13.0,9.0,9.0,341,342,247.0,271.0,146,147,101,124,19.0,25.0,5.0,6.0,1.19,1.51,0.55,1.21,0.63,0.3,1.19,1.51,2.35,1.67,3,1,4,6,3,1,2,5,0,0,0.5102,0.1707,0.457,1.1413,0.1048,0.033,0.1332,0.1674,0.0,0.0,4,9,0,0,7,0,1,4,0,0,0.5509,1.2147,0.0,0.0,0.6401,0.0,0.0142,0.2979,0.0,0.0,12,13,11.78,16.93
4507111,2025-05-13,esp,2024/2025,LaLiga,36,Víctor García Verdura,8560,Real Sociedad,9910,Celta Vigo,1,0,1,61,39,15,6,5,2,6,3,4,1,1,0,13,5,2,1,14,1,8,3,8,2,26,6,18,11,3,1,0,0,5,3,5,11,10,2,1,5,9,38,1,4,44,36,27.0,28.0,17.0,8.0,12.0,2.0,476,322,400.0,240.0,165,172,235,68,17.0,21.0,9.0,1.0,1.78,1.14,1.14,1.02,0.65,0.12,1.78,1.14,0.82,0.74,4,0,9,3,0,2,1,1,1,0,0.532,0.0,1.2399,0.8436,0.0,0.3989,0.0065,0.0196,0.0197,0.0,10,3,0,2,5,1,0,0,0,0,1.1521,0.4185,0.0,0.7215,0.6461,0.1222,0.0,0.0,0.0,0.0,15,6,11.91,15.25
4507111,2025-05-13,esp,2024/2025,LaLiga,36,Víctor García Verdura,9910,Celta Vigo,8560,Real Sociedad,0,1,0,39,61,6,15,2,5,3,6,1,4,0,1,5,13,1,2,1,14,3,8,2,8,6,26,11,18,1,3,0,0,3,5,11,5,2,10,5,1,38,9,4,1,36,44,28.0,27.0,8.0,17.0,2.0,12.0,322,476,240.0,400.0,172,165,68,235,21.0,17.0,1.0,9.0,1.14,1.78,1.02,1.14,0.12,0.65,1.14,1.78,0.74,0.82,0,4,3,9,2,0,1,1,0,1,0.0,0.532,0.8436,1.2399,0.3989,0.0,0.0196,0.0065,0.0,0.0197,3,10,2,0,1,5,0,0,0,0,0.4185,1.1521,0.7215,0.0,0.1222,0.6461,0.0,0.0,0.0,0.0,6,15,15.25,11.91
4507112,2025-05-13,esp,2024/2025,LaLiga,36,Alejandro Quintero González,10281,Real Valladolid,7732,Girona,1,0,1,47,53,11,13,4,5,5,4,2,4,1,0,6,9,5,4,6,4,2,2,2,1,13,21,5,19,0,0,0,0,1,1,6,15,8,6,4,2,15,23,4,4,37,39,28.0,29.0,9.0,10.0,4.0,10.0,428,483,373.0,425.0,221,189,152,236,18.0,16.0,4.0,2.0,0.91,1.39,0.88,0.59,0.04,0.8,0.91,1.39,0.38,1.62,1,1,1,4,4,4,1,3,4,1,0.3459,0.5705,0.1374,0.4742,0.2682,0.1739,0.0319,0.1346,0.1283,0.0332,10,7,0,1,0,2,1,3,0,0,0.875,0.5213,0.0,0.0689,0.0,0.1456,0.0367,0.6505,0.0,0.0,11,13,18.28,17.12
4507112,2025-05-13,esp,2024/2025,LaLiga,36,Alejandro Quintero González,7732,Girona,10281,Real Valladolid,0,1,0,53,47,13,11,5,4,4,5,4,2,0,1,9,6,4,5,4,6,2,2,1,2,21,13,19,5,0,0,0,0,1,1,15,6,6,8,2,4,23,15,4,4,39,37,29.0,28.0,10.0,9.0,10.0,4.0,483,428,425.0,373.0,189,221,236,152,16.0,18.0,2.0,4.0,1.39,0.91,0.59,0.88,0.8,0.04,1.39,0.91,1.62,0.38,1,1,4,1,4,4,3,1,1,4,0.5705,0.3459,0.4742,0.1374,0.1739,0.2682,0.1346,0.0319,0.0332,0.1283,7,10,1,0,2,0,3,1,0,0,0.5213,0.875,0.0689,0.0,0.1456,0.0,0.6505,0.0367,0.0,0.0,13,11,17.12,18.28
4507114,2025-05-13,esp,2024/2025,LaLiga,36,Juan Martínez Munuera,8302,Sevilla,8306,Las Palmas,1,1,0,46,54,10,14,3,3,3,5,4,6,0,0,7,1,3,13,4,2,1,0,1,0,19,9,22,15,6,6,0,0,1,1,27,15,10,7,6,4,32,27,3,3,61,52,46.0,40.0,15.0,12.0,7.0,4.0,345,433,268.0,346.0,129,204,139,142,17.0,17.0,0.0,2.0,1.22,0.48,1.05,0.34,0.17,0.13,1.22,0.48,1.15,0.49,0,0,6,0,1,1,3,8,0,5,0.0,0.0,1.0567,0.0,0.0617,0.0312,0.196,0.3706,0.0,0.0733,7,10,1,2,1,0,1,2,0,0,1.0019,0.2316,0.1446,0.165,0.059,0.0,0.1088,0.0785,0.0,0.0,10,14,16.18,26.37
4507114,2025-05-13,esp,2024/2025,LaLiga,36,Juan Martínez Munuera,8306,Las Palmas,8302,Sevilla,0,0,1,54,46,14,10,3,3,5,3,6,4,0,0,1,7,13,3,2,4,0,1,0,1,9,19,15,22,6,6,0,0,1,1,15,27,7,10,4,6,27,32,3,3,52,61,40.0,46.0,12.0,15.0,4.0,7.0,433,345,346.0,268.0,204,129,142,139,17.0,17.0,2.0,0.0,0.48,1.22,0.34,1.05,0.13,0.17,0.48,1.22,0.49,1.15,0,0,0,6,1,1,8,3,5,0,0.0,0.0,0.0,1.0567,0.0312,0.0617,0.3706,0.196,0.0733,0.0,10,7,2,1,0,1,2,1,0,0,0.2316,1.0019,0.165,0.1446,0.0,0.059,0.0785,0.1088,0.0,0.0,14,10,26.37,16.18
4507106,2025-05-14,esp,2024/2025,LaLiga,36,Jesús Gil Manzano,9866,Deportivo Alaves,10267,Valencia,1,1,0,42,58,11,10,5,3,3,5,3,2,0,0,7,8,4,2,9,4,3,0,2,0,15,14,16,10,4,3,0,0,2,2,10,5,7,12,2,2,21,25,3,5,34,41,20.0,31.0,14.0,10.0,2.0,10.0,337,475,246.0,393.0,111,275,135,118,12.0,24.0,5.0,6.0,1.81,0.61,0.28,0.4,0.75,0.21,1.02,0.61,2.0,0.22,1,1,5,6,1,1,1,1,3,1,0.6268,0.3895,1.0083,0.4021,0.0691,0.0175,0.0415,0.014,0.0648,0.0252,6,8,0,0,3,2,1,0,1,0,0.2839,0.435,0.0,0.0,0.6912,0.4133,0.047,0.0,0.7884,0.0,11,10,16.76,14.36
4507106,2025-05-14,esp,2024/2025,LaLiga,36,Jesús Gil Manzano,10267,Valencia,9866,Deportivo Alaves,0,0,1,58,42,10,11,3,5,5,3,2,3,0,0,8,7,2,4,4,9,0,3,0,2,14,15,10,16,3,4,0,0,2,2,5,10,12,7,2,2,25,21,5,3,41,34,31.0,20.0,10.0,14.0,10.0,2.0,475,337,393.0,246.0,275,111,118,135,24.0,12.0,6.0,5.0,0.61,1.81,0.4,0.28,0.21,0.75,0.61,1.02,0.22,2.0,1,1,6,5,1,1,1,1,1,3,0.3895,0.6268,0.4021,1.0083,0.0175,0.0691,0.014,0.0415,0.0252,0.0648,8,6,0,0,2,3,0,1,0,1,0.435,0.2839,0.0,0.0,0.4133,0.6912,0.0,0.047,0.0,0.7884,10,11,14.36,16.76
4507113,2025-05-14,esp,2024/2025,LaLiga,36,Javier Alberola Rojas,8633,Real Madrid,8661,Mallorca,1,2,1,72,28,39,4,13,2,14,2,12,0,0,0,20,3,19,1,26,0,5,1,3,1,74,5,6,15,0,3,0,0,1,1,15,20,8,7,0,11,10,60,1,10,58,45,43.0,30.0,15.0,15.0,15.0,4.0,662,280,609.0,214.0,180,118,429,96,23.0,22.0,10.0,2.0,2.63,0.49,1.83,0.49,0.8,0.0,2.63,0.49,2.21,0.95,1,0,13,1,6,2,11,0,8,1,0.4938,0.0,1.3965,0.3396,0.2607,0.177,0.3386,0.0,0.145,0.0157,23,4,3,0,13,0,0,0,0,0,1.3976,0.5323,0.4368,0.0,0.8001,0.0,0.0,0.0,0.0,0.0,39,4,19.13,18.16
4507113,2025-05-14,esp,2024/2025,LaLiga,36,Javier Alberola Rojas,8661,Mallorca,8633,Real Madrid,0,1,2,28,72,4,39,2,13,2,14,0,12,0,0,3,20,1,19,0,26,1,5,1,3,5,74,15,6,3,0,0,0,1,1,20,15,7,8,11,0,60,10,10,1,45,58,30.0,43.0,15.0,15.0,4.0,15.0,280,662,214.0,609.0,118,180,96,429,22.0,23.0,2.0,10.0,0.49,2.63,0.49,1.83,0.0,0.8,0.49,2.63,0.95,2.21,0,1,1,13,2,6,0,11,1,8,0.0,0.4938,0.3396,1.3965,0.177,0.2607,0.0,0.3386,0.0157,0.145,4,23,0,3,0,13,0,0,0,0,0.5323,1.3976,0.0,0.4368,0.0,0.8001,0.0,0.0,0.0,0.0,4,39,18.16,19.13
4507115,2025-05-14,esp,2024/2025,LaLiga,36,Ricardo De Burgos Bengoetxea,10205,Villarreal,7854,Leganes,1,3,0,38,62,17,23,7,6,5,12,5,5,0,1,13,8,4,15,3,6,5,1,2,1,35,38,5,11,1,1,0,0,2,0,15,18,8,6,5,4,28,13,6,4,44,52,35.0,43.0,9.0,9.0,10.0,21.0,348,566,288.0,516.0,167,175,121,341,26.0,29.0,4.0,5.0,1.88,1.06,1.81,0.81,0.06,0.25,1.88,1.06,2.6,0.64,0,1,9,5,4,2,3,10,1,5,0.0,0.1708,1.1308,0.302,0.2503,0.08,0.2256,0.3534,0.0119,0.1513,8,20,7,0,2,2,0,1,0,0,0.8159,0.8069,0.7065,0.0,0.0961,0.1925,0.0,0.0581,0.0,0.0,17,23,17.94,20.65
4507115,2025-05-14,esp,2024/2025,LaLiga,36,Ricardo De Burgos Bengoetxea,7854,Leganes,10205,Villarreal,0,0,3,62,38,23,17,6,7,12,5,5,5,1,0,8,13,15,4,6,3,1,5,1,2,38,35,11,5,1,1,0,0,0,2,18,15,6,8,4,5,13,28,4,6,52,44,43.0,35.0,9.0,9.0,21.0,10.0,566,348,516.0,288.0,175,167,341,121,29.0,26.0,5.0,4.0,1.06,1.88,0.81,1.81,0.25,0.06,1.06,1.88,0.64,2.6,1,0,5,9,2,4,10,3,5,1,0.1708,0.0,0.302,1.1308,0.08,0.2503,0.3534,0.2256,0.1513,0.0119,20,8,0,7,2,2,1,0,0,0,0.8069,0.8159,0.0,0.7065,0.1925,0.0961,0.0581,0.0,0.0,0.0,23,17,20.65,17.94
4507107,2025-05-15,esp,2024/2025,LaLiga,36,César Soto Grado,8558,Espanyol,8634,Barcelona,1,0,2,25,75,9,12,1,4,5,4,3,4,0,0,7,6,2,6,3,3,3,0,3,0,18,26,8,10,4,1,1,0,5,0,16,15,10,15,4,3,16,13,2,1,42,48,30.0,36.0,12.0,12.0,5.0,13.0,229,739,156.0,661.0,91,211,65,450,32.0,15.0,5.0,3.0,1.39,0.63,1.06,0.59,0.33,0.05,1.39,0.63,0.78,1.8,0,1,6,4,1,1,1,4,1,2,0.0,0.0951,1.3224,0.2357,0.0337,0.0309,0.0178,0.1924,0.0146,0.0792,3,9,2,1,3,2,1,0,0,0,0.0937,0.5325,0.9634,0.0527,0.0719,0.048,0.2594,0.0,0.0,0.0,9,12,15.85,17.29
4507107,2025-05-15,esp,2024/2025,LaLiga,36,César Soto Grado,8634,Barcelona,8558,Espanyol,0,2,0,75,25,12,9,4,1,4,5,4,3,0,0,6,7,6,2,3,3,0,3,0,3,26,18,10,8,1,4,0,1,0,5,15,16,15,10,3,4,13,16,1,2,48,42,36.0,30.0,12.0,12.0,13.0,5.0,739,229,661.0,156.0,211,91,450,65,15.0,32.0,3.0,5.0,0.63,1.39,0.59,1.06,0.05,0.33,0.63,1.39,1.8,0.78,1,0,4,6,1,1,4,1,2,1,0.0951,0.0,0.2357,1.3224,0.0309,0.0337,0.1924,0.0178,0.0792,0.0146,9,3,1,2,2,3,0,1,0,0,0.5325,0.0937,0.0527,0.9634,0.048,0.0719,0.0,0.2594,0.0,0.0,12,9,17.29,15.85
4507108,2025-05-15,esp,2024/2025,LaLiga,36,Guillermo Cuadra Fernández,8305,Getafe,8315,Athletic Club,1,0,2,34,66,11,9,1,2,6,5,4,2,0,0,6,7,5,2,2,5,1,2,1,1,24,11,10,7,1,0,0,0,1,2,16,7,8,6,2,3,36,57,0,1,55,49,30.0,24.0,25.0,25.0,7.0,8.0,235,459,127.0,362.0,47,215,80,147,21.0,27.0,4.0,1.0,0.41,1.16,0.34,0.93,0.07,0.23,0.41,1.16,0.41,0.98,0,0,5,4,1,3,4,2,1,0,0.0,0.0,0.3034,0.8426,0.0159,0.0986,0.0599,0.2202,0.0165,0.0,9,8,0,0,1,1,1,0,0,0,0.3239,0.9326,0.0,0.0,0.0174,0.2288,0.0544,0.0,0.0,0.0,11,9,22.31,15.1
4507108,2025-05-15,esp,2024/2025,LaLiga,36,Guillermo Cuadra Fernández,8315,Athletic Club,8305,Getafe,0,2,0,66,34,9,11,2,1,5,6,2,4,0,0,7,6,2,5,5,2,2,1,1,1,11,24,7,10,0,1,0,0,2,1,7,16,6,8,3,2,57,36,1,0,49,55,24.0,30.0,25.0,25.0,8.0,7.0,459,235,362.0,127.0,215,47,147,80,27.0,21.0,1.0,4.0,1.16,0.41,0.93,0.34,0.23,0.07,1.16,0.41,0.98,0.41,0,0,4,5,3,1,2,4,0,1,0.0,0.0,0.8426,0.3034,0.0986,0.0159,0.2202,0.0599,0.0,0.0165,8,9,0,0,1,1,0,1,0,0,0.9326,0.3239,0.0,0.0,0.2288,0.0174,0.0,0.0544,0.0,0.0,9,11,15.1,22.31
4507109,2025-05-15,esp,2024/2025,LaLiga,36,Mario Melero López,8371,Osasuna,9906,Atletico Madrid,1,2,0,35,65,9,9,3,5,4,4,2,0,0,1,6,7,3,2,3,5,2,2,1,2,11,24,12,11,1,1,0,0,1,4,12,12,11,6,0,2,31,20,5,1,36,42,24.0,31.0,12.0,11.0,2.0,7.0,294,551,222.0,488.0,125,228,97,260,27.0,20.0,5.0,8.0,0.58,1.36,0.36,1.11,0.22,0.25,0.58,1.36,1.29,1.24,0,2,6,4,0,1,2,1,1,1,0.0,0.813,0.5504,0.4858,0.0,0.0327,0.0226,0.0123,0.011,0.0175,7,8,0,0,2,1,0,0,0,0,0.3849,1.1072,0.0,0.0,0.1991,0.2541,0.0,0.0,0.0,0.0,9,9,17.47,13.62
4507109,2025-05-15,esp,2024/2025,LaLiga,36,Mario Melero López,9906,Atletico Madrid,8371,Osasuna,0,0,2,65,35,9,9,5,3,4,4,0,2,1,0,7,6,2,3,5,3,2,2,2,1,24,11,11,12,1,1,0,0,4,1,12,12,6,11,2,0,20,31,1,5,42,36,31.0,24.0,11.0,12.0,7.0,2.0,551,294,488.0,222.0,228,125,260,97,20.0,27.0,8.0,5.0,1.36,0.58,1.11,0.36,0.25,0.22,1.36,0.58,1.24,1.29,2,0,4,6,1,0,1,2,1,1,0.813,0.0,0.4858,0.5504,0.0327,0.0,0.0123,0.0226,0.0175,0.011,8,7,0,0,1,2,0,0,0,0,1.1072,0.3849,0.0,0.0,0.2541,0.1991,0.0,0.0,0.0,0.0,9,9,13.62,17.47
4507110,2025-05-15,esp,2024/2025,LaLiga,36,Pablo González Fuertes,8370,Rayo Vallecano,8603,Real Betis,1,2,2,53,47,20,10,6,3,8,4,6,3,1,0,6,4,14,6,10,7,2,1,1,0,27,12,8,18,1,3,0,0,3,0,16,14,12,5,3,5,19,25,1,4,53,46,39.0,30.0,14.0,16.0,7.0,9.0,416,381,337.0,304.0,167,196,170,108,27.0,31.0,10.0,1.0,1.19,1.17,0.9,0.25,0.29,0.13,1.19,0.38,1.12,1.59,0,0,6,2,0,2,6,2,8,4,0.0,0.0,0.8341,0.847,0.0,0.0539,0.1581,0.1085,0.2039,0.1423,12,5,0,0,3,3,5,1,0,1,0.9049,0.23,0.0,0.0,0.1097,0.0662,0.1814,0.0671,0.0,0.7884,20,10,22.22,20.71
4507110,2025-05-15,esp,2024/2025,LaLiga,36,Pablo González Fuertes,8603,Real Betis,8370,Rayo Vallecano,0,2,2,47,53,10,20,3,6,4,8,3,6,0,1,4,6,6,14,7,10,1,2,0,1,12,27,18,8,3,1,0,0,0,3,14,16,5,12,5,3,25,19,4,1,46,53,30.0,39.0,16.0,14.0,9.0,7.0,381,416,304.0,337.0,196,167,108,170,31.0,27.0,1.0,10.0,1.17,1.19,0.25,0.9,0.13,0.29,0.38,1.19,1.59,1.12,0,0,2,6,2,0,2,6,4,8,0.0,0.0,0.847,0.8341,0.0539,0.0,0.1085,0.1581,0.1423,0.2039,5,12,0,0,3,3,1,5,1,0,0.23,0.9049,0.0,0.0,0.0662,0.1097,0.0671,0.1814,0.7884,0.0,10,20,20.71,22.22
4507116,2025-05-18,esp,2024/2025,LaLiga,37,Adrián Cordero Vega,9906,Atletico Madrid,8603,Real Betis,1,4,1,45,55,20,12,11,7,7,4,2,1,1,1,17,7,3,5,7,4,10,0,7,0,46,19,12,9,1,1,0,0,2,1,15,15,9,7,1,2,18,28,6,7,38,39,34.0,35.0,4.0,4.0,11.0,8.0,473,593,404.0,527.0,228,215,176,312,17.0,30.0,4.0,3.0,4.86,0.92,3.32,0.85,1.54,0.07,4.86,0.92,5.78,1.75,4,2,11,2,2,3,2,2,1,3,1.6453,0.4266,3.2039,0.2059,0.0994,0.1452,0.0776,0.096,0.0204,0.0626,11,10,0,0,4,2,5,0,0,0,3.32,0.8609,0.0,0.0,0.4669,0.0755,1.2597,0.0,0.0,0.0,20,12,12.31,17.51
4507116,2025-05-18,esp,2024/2025,LaLiga,37,Adrián Cordero Vega,8603,Real Betis,9906,Atletico Madrid,0,1,4,55,45,12,20,7,11,4,7,1,2,1,1,7,17,5,3,4,7,0,10,0,7,19,46,9,12,1,1,0,0,1,2,15,15,7,9,2,1,28,18,7,6,39,38,35.0,34.0,4.0,4.0,8.0,11.0,593,473,527.0,404.0,215,228,312,176,30.0,17.0,3.0,4.0,0.92,4.86,0.85,3.32,0.07,1.54,0.92,4.86,1.75,5.78,2,4,2,11,3,2,2,2,3,1,0.4266,1.6453,0.2059,3.2039,0.1452,0.0994,0.096,0.0776,0.0626,0.0204,10,11,0,0,2,4,0,5,0,0,0.8609,3.32,0.0,0.0,0.0755,0.4669,0.0,1.2597,0.0,0.0,12,20,17.51,12.31
4507117,2025-05-18,esp,2024/2025,LaLiga,37,José Luis Munuera Montero,8634,Barcelona,10205,Villarreal,1,2,3,69,31,24,7,9,3,6,4,9,0,1,0,10,7,14,0,11,3,2,5,2,2,49,11,14,9,2,0,0,0,2,1,12,17,7,11,0,9,10,35,0,7,41,46,36.0,38.0,5.0,8.0,15.0,8.0,687,302,632.0,236.0,147,177,485,59,31.0,25.0,3.0,2.0,1.39,1.75,1.26,1.54,0.13,0.21,1.39,1.75,1.76,1.29,2,0,3,7,5,0,7,0,7,0,0.6519,0.0,0.1591,1.7666,0.1793,0.0,0.2163,0.0,0.1828,0.0,19,5,0,1,4,0,1,1,0,0,1.2575,1.4118,0.0,0.1448,0.0844,0.0,0.0476,0.2099,0.0,0.0,24,7,19.9,11.27
4507117,2025-05-18,esp,2024/2025,LaLiga,37,José Luis Munuera Montero,10205,Villarreal,8634,Barcelona,0,3,2,31,69,7,24,3,9,4,6,0,9,0,1,7,10,0,14,3,11,5,2,2,2,11,49,9,14,0,2,0,0,1,2,17,12,11,7,9,0,35,10,7,0,46,41,38.0,36.0,8.0,5.0,8.0,15.0,302,687,236.0,632.0,177,147,59,485,25.0,31.0,2.0,3.0,1.75,1.39,1.54,1.26,0.21,0.13,1.75,1.39,1.29,1.76,0,2,7,3,0,5,0,7,0,7,0.0,0.6519,1.7666,0.1591,0.0,0.1793,0.0,0.2163,0.0,0.1828,5,19,1,0,0,4,1,1,0,0,1.4118,1.2575,0.1448,0.0,0.0,0.0844,0.2099,0.0476,0.0,0.0,7,24,11.27,19.9
4507118,2025-05-18,esp,2024/2025,LaLiga,37,Juan Luis Pulido Santana,9910,Celta Vigo,8370,Rayo Vallecano,1,1,2,62,38,24,7,7,2,4,4,13,1,0,0,16,3,8,4,9,2,4,3,3,1,36,7,10,17,2,3,0,0,2,3,20,11,1,9,1,13,15,16,0,5,62,31,53.0,27.0,9.0,4.0,17.0,7.0,482,293,418.0,232.0,220,134,198,98,15.0,19.0,7.0,3.0,2.64,1.03,1.17,0.95,0.69,0.08,1.85,1.03,1.88,1.44,3,0,10,3,3,0,2,2,6,2,0.2675,0.0,2.0804,1.078,0.1777,0.0,0.0366,0.0458,0.1385,0.0479,8,5,4,0,6,2,5,0,1,0,0.3445,1.0869,0.8655,0.0,0.2884,0.0848,0.4138,0.0,0.7884,0.0,24,7,16.29,17.73
4507118,2025-05-18,esp,2024/2025,LaLiga,37,Juan Luis Pulido Santana,8370,Rayo Vallecano,9910,Celta Vigo,0,2,1,38,62,7,24,2,7,4,4,1,13,0,0,3,16,4,8,2,9,3,4,1,3,7,36,17,10,3,2,0,0,3,2,11,20,9,1,13,1,16,15,5,0,31,62,27.0,53.0,4.0,9.0,7.0,17.0,293,482,232.0,418.0,134,220,98,198,19.0,15.0,3.0,7.0,1.03,2.64,0.95,1.17,0.08,0.69,1.03,1.85,1.44,1.88,0,3,3,10,0,3,2,2,2,6,0.0,0.2675,1.078,2.0804,0.0,0.1777,0.0458,0.0366,0.0479,0.1385,5,8,0,4,2,6,0,5,0,1,1.0869,0.3445,0.0,0.8655,0.0848,0.2884,0.0,0.4138,0.0,0.7884,7,24,17.73,16.29
4507119,2025-05-18,esp,2024/2025,LaLiga,37,Alejandro Muñíz Ruiz,10267,Valencia,8315,Athletic Club,1,0,1,56,44,6,10,2,4,1,3,3,3,0,0,6,5,0,5,5,3,0,2,0,2,14,20,10,16,3,1,0,0,1,5,19,12,6,6,3,2,18,24,3,2,44,33,39.0,29.0,5.0,4.0,4.0,7.0,545,434,451.0,365.0,330,172,121,193,22.0,15.0,3.0,3.0,0.48,1.08,0.02,0.87,0.46,0.21,0.48,1.08,0.25,1.22,1,0,4,5,1,0,0,4,0,1,0.0978,0.0,0.3241,0.7589,0.0343,0.0,0.0,0.2999,0.0,0.0171,1,7,0,1,5,0,0,2,0,0,0.0343,0.5183,0.0,0.3472,0.4219,0.0,0.0,0.2104,0.0,0.0,6,10,10.8,17.32
4507119,2025-05-18,esp,2024/2025,LaLiga,37,Alejandro Muñíz Ruiz,8315,Athletic Club,10267,Valencia,0,1,0,44,56,10,6,4,2,3,1,3,3,0,0,5,6,5,0,3,5,2,0,2,0,20,14,16,10,1,3,0,0,5,1,12,19,6,6,2,3,24,18,2,3,33,44,29.0,39.0,4.0,5.0,7.0,4.0,434,545,365.0,451.0,172,330,193,121,15.0,22.0,3.0,3.0,1.08,0.48,0.87,0.02,0.21,0.46,1.08,0.48,1.22,0.25,0,1,5,4,0,1,4,0,1,0,0.0,0.0978,0.7589,0.3241,0.0,0.0343,0.2999,0.0,0.0171,0.0,7,1,1,0,0,5,2,0,0,0,0.5183,0.0343,0.3472,0.0,0.0,0.4219,0.2104,0.0,0.0,0.0,10,6,17.32,10.8
4507120,2025-05-18,esp,2024/2025,LaLiga,37,Alejandro José Hernández Hernández,8661,Mallorca,8305,Getafe,1,1,2,72,28,7,10,1,4,4,4,2,2,0,1,5,8,2,2,3,4,2,2,1,1,14,18,14,9,2,2,0,0,1,0,10,15,4,13,2,2,35,46,2,0,47,51,26.0,31.0,21.0,20.0,7.0,4.0,596,219,499.0,139.0,265,58,234,81,20.0,22.0,8.0,7.0,0.43,1.62,0.11,0.77,0.31,0.85,0.43,1.62,0.87,2.13,0,2,5,5,0,1,2,1,0,1,0.0,1.2521,0.3572,0.4242,0.0,0.0329,0.0385,0.0112,0.0,0.019,3,5,0,0,2,1,2,4,0,0,0.1301,0.8901,0.0,0.0,0.1251,0.0723,0.1405,0.7769,0.0,0.0,7,10,13.31,14.75
4507120,2025-05-18,esp,2024/2025,LaLiga,37,Alejandro José Hernández Hernández,8305,Getafe,8661,Mallorca,0,2,1,28,72,10,7,4,1,4,4,2,2,1,0,8,5,2,2,4,3,2,2,1,1,18,14,9,14,2,2,0,0,0,1,15,10,13,4,2,2,46,35,0,2,51,47,31.0,26.0,20.0,21.0,4.0,7.0,219,596,139.0,499.0,58,265,81,234,22.0,20.0,7.0,8.0,1.62,0.43,0.77,0.11,0.85,0.31,1.62,0.43,2.13,0.87,2,0,5,5,1,0,1,2,1,0,1.2521,0.0,0.4242,0.3572,0.0329,0.0,0.0112,0.0385,0.019,0.0,5,3,0,0,1,2,4,2,0,0,0.8901,0.1301,0.0,0.0,0.0723,0.1251,0.7769,0.1405,0.0,0.0,10,7,14.75,13.31
4507121,2025-05-18,esp,2024/2025,LaLiga,37,Miguel Ángel Ortiz Arias,8560,Real Sociedad,7732,Girona,1,3,2,54,46,15,9,9,5,4,3,2,1,0,0,10,5,5,4,9,2,2,3,1,1,30,8,10,9,1,3,0,0,0,5,13,27,8,11,1,4,19,24,3,4,43,55,36.0,46.0,7.0,9.0,14.0,9.0,469,408,410.0,341.0,209,184,201,157,15.0,23.0,6.0,1.0,2.0,2.15,0.88,2.12,0.33,0.03,1.21,2.15,2.44,2.57,1,0,9,4,0,1,2,2,3,2,0.3689,0.0,1.4635,1.7202,0.0,0.0317,0.1176,0.4497,0.0501,0.06,7,6,1,2,4,0,2,1,1,0,0.7913,1.5939,0.0896,0.6316,0.2818,0.0,0.0491,0.0361,0.7884,0.0,15,9,14.83,18.2
4507121,2025-05-18,esp,2024/2025,LaLiga,37,Miguel Ángel Ortiz Arias,7732,Girona,8560,Real Sociedad,0,2,3,46,54,9,15,5,9,3,4,1,2,0,0,5,10,4,5,2,9,3,2,1,1,8,30,9,10,3,1,0,0,5,0,27,13,11,8,4,1,24,19,4,3,55,43,46.0,36.0,9.0,7.0,9.0,14.0,408,469,341.0,410.0,184,209,157,201,23.0,15.0,1.0,6.0,2.15,2.0,2.12,0.88,0.03,0.33,2.15,1.21,2.57,2.44,0,1,4,9,1,0,2,2,2,3,0.0,0.3689,1.7202,1.4635,0.0317,0.0,0.4497,0.1176,0.06,0.0501,6,7,2,1,0,4,1,2,0,1,1.5939,0.7913,0.6316,0.0896,0.0,0.2818,0.0361,0.0491,0.0,0.7884,9,15,18.2,14.83
4507122,2025-05-18,esp,2024/2025,LaLiga,37,Mateo Busquets Ferrer,8302,Sevilla,8633,Real Madrid,1,0,2,37,63,6,16,1,6,4,5,1,5,1,1,3,6,3,10,1,7,1,2,1,1,6,34,7,9,0,1,2,0,1,1,16,17,15,9,5,1,21,11,4,1,35,39,27.0,33.0,8.0,6.0,5.0,9.0,344,572,281.0,519.0,179,119,102,400,20.0,20.0,2.0,1.0,0.51,2.02,0.42,1.89,0.09,0.13,0.51,2.02,0.67,1.73,0,1,3,3,0,2,2,5,1,5,0.0,0.9693,0.4486,0.6026,0.0,0.158,0.0448,0.1712,0.0191,0.1217,5,8,0,4,0,3,1,1,0,0,0.4187,1.3244,0.0,0.5678,0.0,0.1126,0.0938,0.018,0.0,0.0,6,16,19.41,19.81
4507122,2025-05-18,esp,2024/2025,LaLiga,37,Mateo Busquets Ferrer,8633,Real Madrid,8302,Sevilla,0,2,0,63,37,16,6,6,1,5,4,5,1,1,1,6,3,10,3,7,1,2,1,1,1,34,6,9,7,1,0,0,2,1,1,17,16,9,15,1,5,11,21,1,4,39,35,33.0,27.0,6.0,8.0,9.0,5.0,572,344,519.0,281.0,119,179,400,102,20.0,20.0,1.0,2.0,2.02,0.51,1.89,0.42,0.13,0.09,2.02,0.51,1.73,0.67,1,0,3,3,2,0,5,2,5,1,0.9693,0.0,0.6026,0.4486,0.158,0.0,0.1712,0.0448,0.1217,0.0191,8,5,4,0,3,0,1,1,0,0,1.3244,0.4187,0.5678,0.0,0.1126,0.0,0.018,0.0938,0.0,0.0,16,6,19.81,19.41
4507123,2025-05-18,esp,2024/2025,LaLiga,37,Isidro Díaz de Mera Escuderos,10281,Real Valladolid,9866,Deportivo Alaves,1,0,1,50,50,7,14,1,4,3,6,3,4,0,0,7,8,0,6,5,9,2,1,2,0,22,24,12,24,0,2,0,0,2,0,16,20,7,6,4,3,41,24,3,1,79,55,52.0,36.0,27.0,19.0,14.0,4.0,332,343,246.0,242.0,144,111,102,131,27.0,27.0,7.0,7.0,1.45,1.36,1.39,0.37,0.06,0.19,1.45,0.57,0.06,1.48,1,0,5,5,1,3,0,3,0,3,0.3804,0.0,1.1575,0.922,0.0972,0.1813,0.0,0.2128,0.0,0.041,4,7,2,0,0,6,1,0,0,1,0.7968,0.3899,0.7793,0.0,0.0,0.1789,0.059,0.0,0.0,0.7884,7,14,10.24,17.95
4507123,2025-05-18,esp,2024/2025,LaLiga,37,Isidro Díaz de Mera Escuderos,9866,Deportivo Alaves,10281,Real Valladolid,0,1,0,50,50,14,7,4,1,6,3,4,3,0,0,8,7,6,0,9,5,1,2,0,2,24,22,24,12,2,0,0,0,0,2,20,16,6,7,3,4,24,41,1,3,55,79,36.0,52.0,19.0,27.0,4.0,14.0,343,332,242.0,246.0,111,144,131,102,27.0,27.0,7.0,7.0,1.36,1.45,0.37,1.39,0.19,0.06,0.57,1.45,1.48,0.06,0,1,5,5,3,1,3,0,3,0,0.0,0.3804,0.922,1.1575,0.1813,0.0972,0.2128,0.0,0.041,0.0,7,4,0,2,6,0,0,1,1,0,0.3899,0.7968,0.0,0.7793,0.1789,0.0,0.0,0.059,0.7884,0.0,14,7,17.95,10.24
4507124,2025-05-18,esp,2024/2025,LaLiga,37,José María Sánchez Martínez,8306,Las Palmas,7854,Leganes,1,0,1,71,29,12,11,3,4,6,4,3,3,0,0,7,6,5,5,9,2,0,3,0,2,17,12,15,12,2,2,0,0,0,3,14,18,4,13,3,3,33,36,3,3,51,54,30.0,35.0,21.0,19.0,5.0,3.0,543,232,457.0,157.0,303,72,154,85,33.0,16.0,3.0,3.0,0.63,1.56,0.12,1.09,0.51,0.47,0.63,1.56,0.67,0.55,1,0,4,5,2,1,1,4,4,1,0.202,0.0,0.2386,1.2208,0.0723,0.0898,0.0538,0.1658,0.0644,0.0161,5,8,0,0,5,0,2,3,0,0,0.1187,1.0844,0.0,0.0,0.3838,0.0,0.1286,0.4081,0.0,0.0,12,11,18.71,20.79
4507124,2025-05-18,esp,2024/2025,LaLiga,37,José María Sánchez Martínez,7854,Leganes,8306,Las Palmas,0,1,0,29,71,11,12,4,3,4,6,3,3,0,0,6,7,5,5,2,9,3,0,2,0,12,17,12,15,2,2,0,0,3,0,18,14,13,4,3,3,36,33,3,3,54,51,35.0,30.0,19.0,21.0,3.0,5.0,232,543,157.0,457.0,72,303,85,154,16.0,33.0,3.0,3.0,1.56,0.63,1.09,0.12,0.47,0.51,1.56,0.63,0.55,0.67,0,1,5,4,1,2,4,1,1,4,0.0,0.202,1.2208,0.2386,0.0898,0.0723,0.1658,0.0538,0.0161,0.0644,8,5,0,0,0,5,3,2,0,0,1.0844,0.1187,0.0,0.0,0.0,0.3838,0.4081,0.1286,0.0,0.0,11,12,20.79,18.71
4507125,2025-05-18,esp,2024/2025,LaLiga,37,Francisco José Hernández Maeso,8371,Osasuna,8558,Espanyol,1,2,0,46,54,16,16,3,6,7,5,6,5,1,0,11,8,5,8,8,6,2,3,1,3,27,25,11,5,1,1,0,0,1,2,12,13,6,8,5,4,29,24,6,2,38,45,25.0,29.0,13.0,16.0,8.0,6.0,350,413,282.0,350.0,132,175,150,175,25.0,26.0,9.0,8.0,1.25,0.79,1.04,0.65,0.22,0.14,1.25,0.79,0.35,1.53,1,0,8,4,2,4,2,4,3,4,0.1278,0.0,0.8746,0.2752,0.1393,0.2636,0.0412,0.1328,0.0702,0.082,7,12,2,1,4,3,3,0,0,0,0.4415,0.6318,0.5966,0.0457,0.1546,0.0761,0.0604,0.0,0.0,0.0,16,16,14.66,19.49
4507125,2025-05-18,esp,2024/2025,LaLiga,37,Francisco José Hernández Maeso,8558,Espanyol,8371,Osasuna,0,0,2,54,46,16,16,6,3,5,7,5,6,0,1,8,11,8,5,6,8,3,2,3,1,25,27,5,11,1,1,0,0,2,1,13,12,8,6,4,5,24,29,2,6,45,38,29.0,25.0,16.0,13.0,6.0,8.0,413,350,350.0,282.0,175,132,175,150,26.0,25.0,8.0,9.0,0.79,1.25,0.65,1.04,0.14,0.22,0.79,1.25,1.53,0.35,0,1,4,8,4,2,4,2,4,3,0.0,0.1278,0.2752,0.8746,0.2636,0.1393,0.1328,0.0412,0.082,0.0702,12,7,1,2,3,4,0,3,0,0,0.6318,0.4415,0.0457,0.5966,0.0761,0.1546,0.0,0.0604,0.0,0.0,16,16,19.49,14.66
4507127,2025-05-23,esp,2024/2025,LaLiga,38,Víctor García Verdura,8603,Real Betis,10267,Valencia,1,1,1,47,53,14,9,4,2,8,4,2,3,1,0,10,6,4,3,3,2,1,1,1,1,25,14,8,12,1,3,0,0,4,3,16,22,16,10,3,2,8,14,1,3,37,43,34.0,33.0,3.0,10.0,7.0,4.0,487,542,418.0,451.0,210,249,208,202,27.0,27.0,4.0,3.0,0.91,0.77,0.88,0.57,0.03,0.2,0.91,0.77,1.57,0.34,0,1,7,2,3,3,0,2,4,1,0.0,0.1834,0.7122,0.3389,0.1203,0.166,0.0,0.0422,0.0753,0.0109,13,7,0,0,1,1,0,1,0,0,0.8808,0.542,0.0,0.0,0.027,0.1834,0.0,0.016,0.0,0.0,14,9,17.54,18.54
4507127,2025-05-23,esp,2024/2025,LaLiga,38,Víctor García Verdura,10267,Valencia,8603,Real Betis,0,1,1,53,47,9,14,2,4,4,8,3,2,0,1,6,10,3,4,2,3,1,1,1,1,14,25,12,8,3,1,0,0,3,4,22,16,10,16,2,3,14,8,3,1,43,37,33.0,34.0,10.0,3.0,4.0,7.0,542,487,451.0,418.0,249,210,202,208,27.0,27.0,3.0,4.0,0.77,0.91,0.57,0.88,0.2,0.03,0.77,0.91,0.34,1.57,1,0,2,7,3,3,2,0,1,4,0.1834,0.0,0.3389,0.7122,0.166,0.1203,0.0422,0.0,0.0109,0.0753,7,13,0,0,1,1,1,0,0,0,0.542,0.8808,0.0,0.0,0.1834,0.027,0.016,0.0,0.0,0.0,9,14,18.54,17.54
4507128,2025-05-24,esp,2024/2025,LaLiga,38,Mario Melero López,8633,Real Madrid,8560,Real Sociedad,1,2,0,62,38,16,9,8,1,5,4,3,4,0,0,10,7,6,2,11,4,5,2,4,2,41,16,5,7,0,0,0,0,3,1,14,20,8,11,4,3,10,25,1,6,29,41,25.0,37.0,4.0,4.0,5.0,12.0,715,435,661.0,388.0,185,210,476,178,19.0,17.0,4.0,2.0,2.58,0.77,1.44,0.5,0.35,0.28,1.8,0.77,2.77,0.35,1,1,5,4,4,2,5,1,1,1,0.0609,0.1819,2.5654,0.5068,0.3739,0.0581,0.1263,0.0277,0.0148,0.0299,8,4,2,1,4,4,1,0,1,0,0.6582,0.1682,0.7858,0.3596,0.2025,0.2766,0.7064,0.0,0.7884,0.0,16,9,18.71,16.09
4507128,2025-05-24,esp,2024/2025,LaLiga,38,Mario Melero López,8560,Real Sociedad,8633,Real Madrid,0,0,2,38,62,9,16,1,8,4,5,4,3,0,0,7,10,2,6,4,11,2,5,2,4,16,41,7,5,0,0,0,0,1,3,20,14,11,8,3,4,25,10,6,1,41,29,37.0,25.0,4.0,4.0,12.0,5.0,435,715,388.0,661.0,210,185,178,476,17.0,19.0,2.0,4.0,0.77,2.58,0.5,1.44,0.28,0.35,0.77,1.8,0.35,2.77,1,1,4,5,2,4,1,5,1,1,0.1819,0.0609,0.5068,2.5654,0.0581,0.3739,0.0277,0.1263,0.0299,0.0148,4,8,1,2,4,4,0,1,0,1,0.1682,0.6582,0.3596,0.7858,0.2766,0.2025,0.0,0.7064,0.0,0.7884,9,16,16.09,18.71
4507129,2025-05-24,esp,2024/2025,LaLiga,38,Guillermo Cuadra Fernández,9866,Deportivo Alaves,8371,Osasuna,1,1,1,47,53,14,19,5,5,9,10,0,4,0,0,6,16,8,3,5,9,2,2,1,1,22,33,15,6,2,2,0,0,3,2,27,11,10,5,4,0,29,27,4,4,55,54,42.0,39.0,13.0,15.0,9.0,13.0,356,390,273.0,317.0,112,138,161,179,31.0,30.0,4.0,11.0,1.96,1.66,1.05,0.71,0.12,0.95,1.17,1.66,1.52,0.89,0,0,5,13,1,3,4,3,4,0,0.0,0.0,1.1175,1.388,0.0223,0.1572,0.1958,0.1142,0.6369,0.0,9,6,2,1,2,5,0,7,1,0,0.4876,0.6492,0.5766,0.0637,0.1199,0.2069,0.0,0.7395,0.7884,0.0,14,19,22.59,13.52
4507129,2025-05-24,esp,2024/2025,LaLiga,38,Guillermo Cuadra Fernández,8371,Osasuna,9866,Deportivo Alaves,0,1,1,53,47,19,14,5,5,10,9,4,0,0,0,16,6,3,8,9,5,2,2,1,1,33,22,6,15,2,2,0,0,2,3,11,27,5,10,0,4,27,29,4,4,54,55,39.0,42.0,15.0,13.0,13.0,9.0,390,356,317.0,273.0,138,112,179,161,30.0,31.0,11.0,4.0,1.66,1.96,0.71,1.05,0.95,0.12,1.66,1.17,0.89,1.52,0,0,13,5,3,1,3,4,0,4,0.0,0.0,1.388,1.1175,0.1572,0.0223,0.1142,0.1958,0.0,0.6369,6,9,1,2,5,2,7,0,0,1,0.6492,0.4876,0.0637,0.5766,0.2069,0.1199,0.7395,0.0,0.0,0.7884,19,14,13.52,22.59
4507130,2025-05-24,esp,2024/2025,LaLiga,38,César Soto Grado,7854,Leganes,10281,Real Valladolid,1,3,0,54,46,16,6,6,2,7,3,3,1,0,0,8,2,8,4,3,4,2,1,0,1,30,6,11,16,0,1,0,0,2,0,14,21,4,7,1,3,14,25,2,3,47,53,40.0,43.0,7.0,10.0,11.0,11.0,462,388,405.0,319.0,199,199,206,120,17.0,19.0,3.0,2.0,2.13,0.39,2.04,0.34,0.09,0.05,2.13,0.39,2.86,0.67,2,0,6,3,0,0,5,0,3,3,0.9963,0.0,0.8191,0.289,0.0,0.0,0.2413,0.0,0.0781,0.0961,12,3,0,1,1,1,3,1,0,0,2.0404,0.2767,0.0,0.0596,0.0232,0.0262,0.0712,0.0226,0.0,0.0,16,6,20.03,19.44
4507130,2025-05-24,esp,2024/2025,LaLiga,38,César Soto Grado,10281,Real Valladolid,7854,Leganes,0,0,3,46,54,6,16,2,6,3,7,1,3,0,0,2,8,4,8,4,3,1,2,1,0,6,30,16,11,1,0,0,0,0,2,21,14,7,4,3,1,25,14,3,2,53,47,43.0,40.0,10.0,7.0,11.0,11.0,388,462,319.0,405.0,199,199,120,206,19.0,17.0,2.0,3.0,0.39,2.13,0.34,2.04,0.05,0.09,0.39,2.13,0.67,2.86,0,2,3,6,0,0,0,5,3,3,0.0,0.9963,0.289,0.8191,0.0,0.0,0.0,0.2413,0.0961,0.0781,3,12,1,0,1,1,1,3,0,0,0.2767,2.0404,0.0596,0.0,0.0262,0.0232,0.0226,0.0712,0.0,0.0,6,16,19.44,20.03
4507131,2025-05-24,esp,2024/2025,LaLiga,38,Alejandro Muñíz Ruiz,8558,Espanyol,8306,Las Palmas,1,2,0,44,56,8,10,3,4,3,3,2,3,0,0,5,5,3,5,3,6,2,2,0,2,17,11,12,11,3,2,0,0,1,2,17,10,5,9,3,2,27,27,4,1,43,49,30.0,32.0,13.0,17.0,2.0,11.0,376,491,302.0,417.0,186,251,116,166,20.0,31.0,5.0,4.0,1.86,0.49,0.99,0.31,0.08,0.18,1.07,0.49,1.66,0.58,0,0,5,4,1,1,2,5,0,0,0.0,0.0,1.8263,0.221,0.0231,0.1346,0.1263,0.1323,0.0,0.0,5,5,1,0,1,4,0,1,1,0,1.0638,0.3097,0.0903,0.0,0.0332,0.1286,0.0,0.0495,0.7884,0.0,8,10,14.23,18.46
4507131,2025-05-24,esp,2024/2025,LaLiga,38,Alejandro Muñíz Ruiz,8306,Las Palmas,8558,Espanyol,0,0,2,56,44,10,8,4,3,3,3,3,2,0,0,5,5,5,3,6,3,2,2,2,0,11,17,11,12,2,3,0,0,2,1,10,17,9,5,2,3,27,27,1,4,49,43,32.0,30.0,17.0,13.0,11.0,2.0,491,376,417.0,302.0,251,186,166,116,31.0,20.0,4.0,5.0,0.49,1.86,0.31,0.99,0.18,0.08,0.49,1.07,0.58,1.66,0,0,4,5,1,1,5,2,0,0,0.0,0.0,0.221,1.8263,0.1346,0.0231,0.1323,0.1263,0.0,0.0,5,5,0,1,4,1,1,0,0,1,0.3097,1.0638,0.0,0.0903,0.1286,0.0332,0.0495,0.0,0.0,0.7884,10,8,18.46,14.23
4507133,2025-05-24,esp,2024/2025,LaLiga,38,Juan Martínez Munuera,8305,Getafe,9910,Celta Vigo,1,1,2,34,66,6,15,1,8,1,5,4,2,0,0,4,9,2,6,2,6,0,2,0,1,10,28,13,10,3,4,1,0,3,1,14,15,11,11,2,3,24,11,6,0,37,49,30.0,39.0,7.0,10.0,6.0,13.0,311,582,233.0,508.0,141,273,92,235,28.0,31.0,3.0,3.0,0.46,1.54,0.45,1.41,0.01,0.13,0.46,1.54,0.32,2.46,0,1,4,6,0,2,0,6,2,0,0.0,0.0856,0.3954,1.0458,0.0,0.1333,0.0,0.275,0.0395,0.0,4,11,1,1,0,2,1,1,0,0,0.2631,1.3088,0.159,0.1031,0.0,0.0936,0.0128,0.0342,0.0,0.0,6,15,18.92,18.1
4507133,2025-05-24,esp,2024/2025,LaLiga,38,Juan Martínez Munuera,9910,Celta Vigo,8305,Getafe,0,2,1,66,34,15,6,8,1,5,1,2,4,0,0,9,4,6,2,6,2,2,0,1,0,28,10,10,13,4,3,0,1,1,3,15,14,11,11,3,2,11,24,0,6,49,37,39.0,30.0,10.0,7.0,13.0,6.0,582,311,508.0,233.0,273,141,235,92,31.0,28.0,3.0,3.0,1.54,0.46,1.41,0.45,0.13,0.01,1.54,0.46,2.46,0.32,1,0,6,4,2,0,6,0,0,2,0.0856,0.0,1.0458,0.3954,0.1333,0.0,0.275,0.0,0.0,0.0395,11,4,1,1,2,0,1,1,0,0,1.3088,0.2631,0.1031,0.159,0.0936,0.0,0.0342,0.0128,0.0,0.0,15,6,18.1,18.92
4507134,2025-05-24,esp,2024/2025,LaLiga,38,Ricardo De Burgos Bengoetxea,8370,Rayo Vallecano,8661,Mallorca,1,0,0,57,43,27,9,8,2,10,5,9,2,0,0,17,5,10,4,11,2,3,1,3,1,48,13,9,14,2,2,0,0,3,3,13,16,11,7,2,8,16,36,2,8,54,48,38.0,31.0,16.0,17.0,12.0,6.0,488,380,397.0,290.0,216,170,181,120,25.0,26.0,6.0,4.0,2.26,0.66,1.74,0.24,0.52,0.42,2.26,0.66,1.68,0.55,2,2,8,1,8,2,4,2,5,2,0.2098,0.4241,1.2452,0.0405,0.5177,0.0696,0.2168,0.0688,0.0898,0.0329,18,5,2,2,6,1,1,1,0,0,1.6596,0.1147,0.0982,0.0971,0.5079,0.2547,0.0136,0.1694,0.0,0.0,27,9,17.49,20.37
4507134,2025-05-24,esp,2024/2025,LaLiga,38,Ricardo De Burgos Bengoetxea,8661,Mallorca,8370,Rayo Vallecano,0,0,0,43,57,9,27,2,8,5,10,2,9,0,0,5,17,4,10,2,11,1,3,1,3,13,48,14,9,2,2,0,0,3,3,16,13,7,11,8,2,36,16,8,2,48,54,31.0,38.0,17.0,16.0,6.0,12.0,380,488,290.0,397.0,170,216,120,181,26.0,25.0,4.0,6.0,0.66,2.26,0.24,1.74,0.42,0.52,0.66,2.26,0.55,1.68,2,2,1,8,2,8,2,4,2,5,0.4241,0.2098,0.0405,1.2452,0.0696,0.5177,0.0688,0.2168,0.0329,0.0898,5,18,2,2,1,6,1,1,0,0,0.1147,1.6596,0.0971,0.0982,0.2547,0.5079,0.1694,0.0136,0.0,0.0,9,27,20.37,17.49
4507126,2025-05-25,esp,2024/2025,LaLiga,38,Pablo González Fuertes,8315,Athletic Club,8634,Barcelona,1,0,3,24,76,9,13,1,4,8,6,0,3,1,0,6,9,3,4,2,6,1,5,1,2,19,18,21,10,1,0,0,0,6,1,11,17,8,4,3,0,19,14,1,2,42,51,35.0,48.0,7.0,3.0,15.0,10.0,216,720,167.0,663.0,81,432,86,231,22.0,24.0,4.0,2.0,1.21,3.51,1.1,1.68,0.12,1.04,1.21,2.72,0.12,2.33,0,1,6,7,0,1,2,4,1,0,0.0,0.9688,1.1175,2.2126,0.0,0.0546,0.082,0.276,0.0151,0.0,6,8,1,0,1,4,1,0,0,1,0.7836,1.6839,0.314,0.0,0.0416,1.0397,0.0753,0.0,0.0,0.7884,9,13,14.95,13.74
4507126,2025-05-25,esp,2024/2025,LaLiga,38,Pablo González Fuertes,8634,Barcelona,8315,Athletic Club,0,3,0,76,24,13,9,4,1,6,8,3,0,0,1,9,6,4,3,6,2,5,1,2,1,18,19,10,21,0,1,0,0,1,6,17,11,4,8,0,3,14,19,2,1,51,42,48.0,35.0,3.0,7.0,10.0,15.0,720,216,663.0,167.0,432,81,231,86,24.0,22.0,2.0,4.0,3.51,1.21,1.68,1.1,1.04,0.12,2.72,1.21,2.33,0.12,1,0,7,6,1,0,4,2,0,1,0.9688,0.0,2.2126,1.1175,0.0546,0.0,0.276,0.082,0.0,0.0151,8,6,0,1,4,1,0,1,1,0,1.6839,0.7836,0.0,0.314,1.0397,0.0416,0.0,0.0753,0.7884,0.0,13,9,13.74,14.95
4507132,2025-05-25,esp,2024/2025,LaLiga,38,Jesús Gil Manzano,7732,Girona,9906,Atletico Madrid,1,0,4,44,56,2,19,1,11,1,1,0,7,0,0,1,12,1,7,1,8,0,3,0,0,9,41,13,11,0,0,0,0,0,2,13,20,11,7,7,0,28,17,8,1,33,42,30.0,37.0,3.0,5.0,6.0,4.0,420,555,358.0,495.0,169,242,189,253,31.0,18.0,4.0,1.0,0.05,2.74,0.03,1.79,0.02,0.96,0.05,2.74,0.03,3.95,0,2,1,4,0,6,1,6,0,1,0.0,1.6376,0.0208,0.7096,0.0,0.2074,0.026,0.187,0.0,0.007,1,10,0,2,1,5,0,2,0,0,0.026,0.8942,0.0,0.8914,0.0208,0.9045,0.0,0.0585,0.0,0.0,2,19,17.96,17.54
4507132,2025-05-25,esp,2024/2025,LaLiga,38,Jesús Gil Manzano,9906,Atletico Madrid,7732,Girona,0,4,0,56,44,19,2,11,1,1,1,7,0,0,0,12,1,7,1,8,1,3,0,0,0,41,9,11,13,0,0,0,0,2,0,20,13,7,11,0,7,17,28,1,8,42,33,37.0,30.0,5.0,3.0,4.0,6.0,555,420,495.0,358.0,242,169,253,189,18.0,31.0,1.0,4.0,2.74,0.05,1.79,0.03,0.96,0.02,2.74,0.05,3.95,0.03,2,0,4,1,6,0,6,1,1,0,1.6376,0.0,0.7096,0.0208,0.2074,0.0,0.187,0.026,0.007,0.0,10,1,2,0,5,1,2,0,0,0,0.8942,0.026,0.8914,0.0,0.9045,0.0208,0.0585,0.0,0.0,0.0,19,2,17.54,17.96
4507135,2025-05-25,esp,2024/2025,LaLiga,38,Javier Alberola Rojas,10205,Villarreal,8302,Sevilla,1,4,2,51,49,12,17,7,6,2,9,3,2,0,1,8,11,4,5,3,5,1,3,0,2,30,33,8,14,0,1,0,0,0,3,9,14,4,10,2,2,17,13,4,3,46,31,37.0,26.0,9.0,5.0,14.0,6.0,519,487,462.0,435.0,287,222,175,213,25.0,29.0,5.0,4.0,1.06,1.51,0.91,1.49,0.15,0.02,1.06,1.51,2.66,2.27,2,2,3,5,3,5,2,4,2,1,0.2785,0.3032,0.4858,0.7527,0.1024,0.1978,0.1127,0.2175,0.0706,0.0361,9,14,0,2,2,1,1,0,0,0,0.9109,1.0929,0.0,0.3986,0.1034,0.0158,0.0357,0.0,0.0,0.0,12,17,15.31,15.91
4507135,2025-05-25,esp,2024/2025,LaLiga,38,Javier Alberola Rojas,8302,Sevilla,10205,Villarreal,0,2,4,49,51,17,12,6,7,9,2,2,3,1,0,11,8,5,4,5,3,3,1,2,0,33,30,14,8,1,0,0,0,3,0,14,9,10,4,2,2,13,17,3,4,31,46,26.0,37.0,5.0,9.0,6.0,14.0,487,519,435.0,462.0,222,287,213,175,29.0,25.0,4.0,5.0,1.51,1.06,1.49,0.91,0.02,0.15,1.51,1.06,2.27,2.66,2,2,5,3,5,3,4,2,1,2,0.3032,0.2785,0.7527,0.4858,0.1978,0.1024,0.2175,0.1127,0.0361,0.0706,14,9,2,0,1,2,0,1,0,0,1.0929,0.9109,0.3986,0.0,0.0158,0.1034,0.0,0.0357,0.0,0.0,17,12,15.91,15.31
