match_id,date,league,season,competition,round,referee,team_id,team,opp_id,opp,is_home,gf,ga,poss,poss_ag,shots,shots_ag,sot,sot_ag,shots_off,shots_off_ag,shots_blocked,shots_blocked_ag,woodwork,woodwork_ag,shots_box,shots_box_ag,shots_obox,shots_obox_ag,corners,corners_ag,bigchance,bigchance_ag,bigchance_missed,bigchance_missed_ag,touches_box,touches_box_ag,fouls,fouls_ag,yellow,yellow_ag,red,red_ag,offsides,offsides_ag,tackles,tackles_ag,interceptions,interceptions_ag,blocks,blocks_ag,clearances,clearances_ag,saves,saves_ag,duels_won,duels_won_ag,ground_duels_won,ground_duels_won_ag,aerials_won,aerials_won_ag,dribbles,dribbles_ag,passes,passes_ag,passes_acc,passes_acc_ag,passes_own_half,passes_own_half_ag,passes_opp_half,passes_opp_half_ag,long_balls_acc,long_balls_acc_ag,crosses_acc,crosses_acc_ag,xg,xg_ag,xg_op,xg_op_ag,xg_sp,xg_sp_ag,xg_np,xg_np_ag,xgot,xgot_ag,z_sixyard,z_sixyard_ag,z_box_c,z_box_c_ag,z_box_w,z_box_w_ag,z_out_c,z_out_c_ag,z_out_w,z_out_w_ag,z_sixyard_xg,z_sixyard_xg_ag,z_box_c_xg,z_box_c_xg_ag,z_box_w_xg,z_box_w_xg_ag,z_out_c_xg,z_out_c_xg_ag,z_out_w_xg,z_out_w_xg_ag,s_open,s_open_ag,s_fastbreak,s_fastbreak_ag,s_corner,s_corner_ag,s_freekick,s_freekick_ag,s_penalty,s_penalty_ag,s_open_xg,s_open_xg_ag,s_fastbreak_xg,s_fastbreak_xg_ag,s_corner_xg,s_corner_xg_ag,s_freekick_xg,s_freekick_xg_ag,s_penalty_xg,s_penalty_xg_ag,shotmap_n,shotmap_n_ag,shot_dist_avg,shot_dist_avg_ag
3629099,2021-08-13,esp,2021/2022,LaLiga,1,Jesus Gil,10267,Valencia,8305,Getafe,1,1,0,26,74,4,22,2,4,2,12,0,6,0,1,3,11,1,11,1,9,3,0,2,0,,,24,15,6,2,1,0,2,2,7,5,12,3,6,0,30,4,4,1,48,47,27.0,39.0,21.0,8.0,6.0,10.0,177,483,114.0,419.0,51,118,63,301,23.0,24.0,3.0,8.0,1.45,1.44,0.63,0.69,0.03,0.75,0.67,1.44,1.17,0.79,0,1,3,9,0,1,1,8,0,3,0.0,0.1893,1.4213,0.8442,0.0,0.0173,0.033,0.3045,0.0,0.0825,2,11,0,1,0,4,1,6,1,0,0.6329,0.5313,0.0,0.1586,0.0,0.2372,0.033,0.5108,0.7884,0.0,4,22,16.22,19.89
3629099,2021-08-13,esp,2021/2022,LaLiga,1,Jesus Gil,8305,Getafe,10267,Valencia,0,0,1,74,26,22,4,4,2,12,2,6,0,1,0,11,3,11,1,9,1,0,3,0,2,,,15,24,2,6,0,1,2,2,5,7,3,12,0,6,4,30,1,4,47,48,39.0,27.0,8.0,21.0,10.0,6.0,483,177,419.0,114.0,118,51,301,63,24.0,23.0,8.0,3.0,1.44,1.45,0.69,0.63,0.75,0.03,1.44,0.67,0.79,1.17,1,0,9,3,1,0,8,1,3,0,0.1893,0.0,0.8442,1.4213,0.0173,0.0,0.3045,0.033,0.0825,0.0,11,2,1,0,4,0,6,1,0,1,0.5313,0.6329,0.1586,0.0,0.2372,0.0,0.5108,0.033,0.0,0.7884,22,4,19.89,16.22
3629092,2021-08-14,esp,2021/2022,LaLiga,1,Cesar Soto,9866,Deportivo Alaves,8633,Real Madrid,1,1,4,41,59,11,19,4,7,3,8,4,4,0,0,7,10,4,9,0,4,1,3,0,1,12,31,14,10,1,2,0,0,1,2,8,10,8,16,4,4,13,8,4,3,33,41,21.0,38.0,12.0,3.0,4.0,14.0,394,584,330.0,518.0,196,257,134,261,41.0,32.0,5.0,4.0,1.7,1.82,0.86,0.98,0.05,0.84,0.91,1.82,1.23,2.25,0,3,7,4,0,3,2,8,2,1,0.0,0.979,1.5601,0.2862,0.0,0.2725,0.074,0.2598,0.0629,0.0213,8,13,1,1,0,3,1,2,1,0,0.7364,0.7907,0.1238,0.19,0.0,0.7699,0.0484,0.0683,0.7884,0.0,11,19,16.8,17.81
3629092,2021-08-14,esp,2021/2022,LaLiga,1,Cesar Soto,8633,Real Madrid,9866,Deportivo Alaves,0,4,1,59,41,19,11,7,4,8,3,4,4,0,0,10,7,9,4,4,0,3,1,1,0,31,12,10,14,2,1,0,0,2,1,10,8,16,8,4,4,8,13,3,4,41,33,38.0,21.0,3.0,12.0,14.0,4.0,584,394,518.0,330.0,257,196,261,134,32.0,41.0,4.0,5.0,1.82,1.7,0.98,0.86,0.84,0.05,1.82,0.91,2.25,1.23,3,0,4,7,3,0,8,2,1,2,0.979,0.0,0.2862,1.5601,0.2725,0.0,0.2598,0.074,0.0213,0.0629,13,8,1,1,3,0,2,1,0,1,0.7907,0.7364,0.19,0.1238,0.7699,0.0,0.0683,0.0484,0.0,0.7884,19,11,17.81,16.8
3629095,2021-08-14,esp,2021/2022,LaLiga,1,Antonio Mateu,8661,Mallorca,8603,Real Betis,1,1,1,34,66,6,9,2,0,4,7,0,2,0,0,4,7,2,2,3,3,1,1,0,1,,,12,18,1,3,0,0,3,0,17,11,6,10,2,0,17,11,0,1,49,39,38.0,28.0,11.0,11.0,4.0,5.0,288,568,224.0,503.0,135,245,89,258,17.0,29.0,1.0,5.0,0.52,0.59,0.46,0.44,0.06,0.15,0.52,0.59,1.29,0.38,0,1,1,2,3,4,1,2,1,0,0.0,0.1452,0.0065,0.1764,0.4393,0.1823,0.0494,0.0839,0.024,0.0,3,8,1,0,0,0,2,1,0,0,0.4192,0.4426,0.0441,0.0,0.0,0.0,0.056,0.1452,0.0,0.0,6,9,20.65,16.12
3629095,2021-08-14,esp,2021/2022,LaLiga,1,Antonio Mateu,8603,Real Betis,8661,Mallorca,0,1,1,66,34,9,6,0,2,7,4,2,0,0,0,7,4,2,2,3,3,1,1,1,0,,,18,12,3,1,0,0,0,3,11,17,10,6,0,2,11,17,1,0,39,49,28.0,38.0,11.0,11.0,5.0,4.0,568,288,503.0,224.0,245,135,258,89,29.0,17.0,5.0,1.0,0.59,0.52,0.44,0.46,0.15,0.06,0.59,0.52,0.38,1.29,1,0,2,1,4,3,2,1,0,1,0.1452,0.0,0.1764,0.0065,0.1823,0.4393,0.0839,0.0494,0.0,0.024,8,3,0,1,0,0,1,2,0,0,0.4426,0.4192,0.0,0.0441,0.0,0.0,0.1452,0.056,0.0,0.0,9,6,16.12,20.65
3629096,2021-08-14,esp,2021/2022,LaLiga,1,Jaime Latre,8385,Cadiz,8581,Levante,1,1,1,43,57,7,12,2,3,3,8,2,1,0,1,4,6,3,6,2,4,2,1,1,1,,,10,16,1,5,0,0,1,1,14,11,11,12,1,2,15,10,2,1,60,40,40.0,27.0,20.0,13.0,11.0,7.0,315,421,228.0,353.0,121,208,107,145,23.0,19.0,3.0,3.0,0.59,0.95,0.49,0.79,0.11,0.16,0.59,0.95,1.11,1.09,0,0,4,4,0,2,2,5,1,1,0.0,0.0,0.5108,0.6455,0.0,0.0605,0.0756,0.1959,0.005,0.0495,5,8,0,0,1,3,1,1,0,0,0.486,0.7899,0.0,0.0,0.0485,0.112,0.0568,0.0495,0.0,0.0,7,12,18.41,18.91
3629096,2021-08-14,esp,2021/2022,LaLiga,1,Jaime Latre,8581,Levante,8385,Cadiz,0,1,1,57,43,12,7,3,2,8,3,1,2,1,0,6,4,6,3,4,2,1,2,1,1,,,16,10,5,1,0,0,1,1,11,14,12,11,2,1,10,15,1,2,40,60,27.0,40.0,13.0,20.0,7.0,11.0,421,315,353.0,228.0,208,121,145,107,19.0,23.0,3.0,3.0,0.95,0.59,0.79,0.49,0.16,0.11,0.95,0.59,1.09,1.11,0,0,4,4,2,0,5,2,1,1,0.0,0.0,0.6455,0.5108,0.0605,0.0,0.1959,0.0756,0.0495,0.005,8,5,0,0,3,1,1,1,0,0,0.7899,0.486,0.0,0.0,0.112,0.0485,0.0495,0.0568,0.0,0.0,12,7,18.91,18.41
3629097,2021-08-14,esp,2021/2022,LaLiga,1,Miguel Ortiz,8371,Osasuna,8558,Espanyol,1,0,0,53,47,14,10,1,3,8,5,5,2,0,0,8,5,6,5,4,6,0,1,0,1,,,18,12,3,3,0,0,1,3,20,19,6,6,2,5,14,23,3,1,73,77,41.0,52.0,32.0,25.0,10.0,15.0,384,352,288.0,250.0,91,147,197,103,34.0,25.0,8.0,1.0,0.86,0.55,0.75,0.42,0.1,0.13,0.86,0.55,0.02,0.19,1,0,4,2,3,3,4,5,2,0,0.2158,0.0,0.2223,0.1382,0.2585,0.118,0.0934,0.2928,0.0662,0.0,9,5,1,2,3,2,1,1,0,0,0.534,0.3001,0.2206,0.121,0.0967,0.0689,0.0048,0.059,0.0,0.0,14,10,18.74,18.52
3629097,2021-08-14,esp,2021/2022,LaLiga,1,Miguel Ortiz,8558,Espanyol,8371,Osasuna,0,0,0,47,53,10,14,3,1,5,8,2,5,0,0,5,8,5,6,6,4,1,0,1,0,,,12,18,3,3,0,0,3,1,19,20,6,6,5,2,23,14,1,3,77,73,52.0,41.0,25.0,32.0,15.0,10.0,352,384,250.0,288.0,147,91,103,197,25.0,34.0,1.0,8.0,0.55,0.86,0.42,0.75,0.13,0.1,0.55,0.86,0.19,0.02,0,1,2,4,3,3,5,4,0,2,0.0,0.2158,0.1382,0.2223,0.118,0.2585,0.2928,0.0934,0.0,0.0662,5,9,2,1,2,3,1,1,0,0,0.3001,0.534,0.121,0.2206,0.0689,0.0967,0.059,0.0048,0.0,0.0,10,14,18.52,18.74
3629093,2021-08-15,esp,2021/2022,LaLiga,1,Alejandro Hernandez,8634,Barcelona,8560,Real Sociedad,1,4,2,62,38,13,11,8,3,4,5,1,3,2,0,11,8,2,3,5,3,6,1,2,0,,,11,18,2,4,0,0,1,2,20,22,14,5,3,1,10,19,1,4,60,57,49.0,44.0,11.0,13.0,12.0,11.0,540,330,477.0,258.0,234,142,243,116,34.0,17.0,5.0,1.0,2.8,0.85,2.22,0.74,0.57,0.11,2.8,0.85,3.01,1.96,4,0,6,3,1,5,2,3,0,0,1.4575,0.0,1.2818,0.5586,0.0218,0.1934,0.0358,0.0975,0.0,0.0,8,8,1,0,3,1,1,2,0,0,1.3021,0.7362,0.9218,0.0,0.3117,0.0065,0.2613,0.1069,0.0,0.0,13,11,12.89,19.22
3629093,2021-08-15,esp,2021/2022,LaLiga,1,Alejandro Hernandez,8560,Real Sociedad,8634,Barcelona,0,2,4,38,62,11,13,3,8,5,4,3,1,0,2,8,11,3,2,3,5,1,6,0,2,,,18,11,4,2,0,0,2,1,22,20,5,14,1,3,19,10,4,1,57,60,44.0,49.0,13.0,11.0,11.0,12.0,330,540,258.0,477.0,142,234,116,243,17.0,34.0,1.0,5.0,0.85,2.8,0.74,2.22,0.11,0.57,0.85,2.8,1.96,3.01,0,4,3,6,5,1,3,2,0,0,0.0,1.4575,0.5586,1.2818,0.1934,0.0218,0.0975,0.0358,0.0,0.0,8,8,0,1,1,3,2,1,0,0,0.7362,1.3021,0.0,0.9218,0.0065,0.3117,0.1069,0.2613,0.0,0.0,11,13,19.22,12.89
3629094,2021-08-15,esp,2021/2022,LaLiga,1,Jose Munuera,9910,Celta Vigo,9906,Atlético Madrid,1,1,2,53,47,10,13,2,5,3,3,5,5,0,0,7,10,3,3,2,5,2,2,1,2,15,19,11,9,3,5,1,1,1,1,19,12,11,4,6,5,14,23,2,1,41,67,36.0,47.0,5.0,20.0,9.0,24.0,479,429,400.0,344.0,223,206,177,138,31.0,40.0,3.0,3.0,2.43,1.48,1.41,1.03,0.23,0.45,1.64,1.48,1.15,2.49,1,1,5,8,1,1,3,2,0,1,0.1161,0.3365,2.0541,0.8945,0.1005,0.0255,0.1596,0.2004,0.0,0.0373,4,6,1,2,0,3,4,2,1,0,1.3065,0.6625,0.1005,0.3711,0.0,0.4119,0.2349,0.0488,0.7884,0.0,10,13,14.5,15.32
3629094,2021-08-15,esp,2021/2022,LaLiga,1,Jose Munuera,9906,Atlético Madrid,9910,Celta Vigo,0,2,1,47,53,13,10,5,2,3,3,5,5,0,0,10,7,3,3,5,2,2,2,2,1,19,15,9,11,5,3,1,1,1,1,12,19,4,11,5,6,23,14,1,2,67,41,47.0,36.0,20.0,5.0,24.0,9.0,429,479,344.0,400.0,206,223,138,177,40.0,31.0,3.0,3.0,1.48,2.43,1.03,1.41,0.45,0.23,1.48,1.64,2.49,1.15,1,1,8,5,1,1,2,3,1,0,0.3365,0.1161,0.8945,2.0541,0.0255,0.1005,0.2004,0.1596,0.0373,0.0,6,4,2,1,3,0,2,4,0,1,0.6625,1.3065,0.3711,0.1005,0.4119,0.0,0.0488,0.2349,0.0,0.7884,13,10,15.32,14.5
3629098,2021-08-15,esp,2021/2022,LaLiga,1,Isidro Diaz de Mera,8302,Sevilla,8370,Rayo Vallecano,1,3,0,75,25,21,4,8,3,7,0,6,1,0,0,12,2,9,2,4,0,5,1,3,1,,,14,7,1,0,0,1,1,1,10,10,5,11,1,5,13,10,3,5,33,43,24.0,29.0,9.0,14.0,7.0,6.0,749,242,697.0,168.0,305,97,392,71,45.0,20.0,4.0,1.0,3.68,0.4,2.83,0.4,0.06,0.0,2.89,0.4,3.47,0.55,0,0,12,1,0,1,5,1,4,1,0.0,0.0,3.4415,0.3018,0.0,0.0338,0.1569,0.0403,0.0848,0.0192,15,4,2,0,1,0,2,0,1,0,2.0655,0.3951,0.765,0.0,0.0231,0.0,0.0412,0.0,0.7884,0.0,21,4,17.71,18.74
3629098,2021-08-15,esp,2021/2022,LaLiga,1,Isidro Diaz de Mera,8370,Rayo Vallecano,8302,Sevilla,0,0,3,25,75,4,21,3,8,0,7,1,6,0,0,2,12,2,9,0,4,1,5,1,3,,,7,14,0,1,1,0,1,1,10,10,11,5,5,1,10,13,5,3,43,33,29.0,24.0,14.0,9.0,6.0,7.0,242,749,168.0,697.0,97,305,71,392,20.0,45.0,1.0,4.0,0.4,3.68,0.4,2.83,0.0,0.06,0.4,2.89,0.55,3.47,0,0,1,12,1,0,1,5,1,4,0.0,0.0,0.3018,3.4415,0.0338,0.0,0.0403,0.1569,0.0192,0.0848,4,15,0,2,0,1,0,2,0,1,0.3951,2.0655,0.0,0.765,0.0,0.0231,0.0,0.0412,0.0,0.7884,4,21,18.74,17.71
3629100,2021-08-16,esp,2021/2022,LaLiga,1,Pablo Gonzalez,10205,Villarreal,7878,Granada,1,0,0,60,40,14,6,4,1,8,4,2,1,0,0,8,3,6,3,6,2,2,0,2,0,,,19,21,2,1,1,0,1,0,19,16,9,19,1,3,9,17,1,3,68,51,47.0,40.0,21.0,11.0,10.0,7.0,477,307,395.0,231.0,207,130,188,101,25.0,31.0,4.0,3.0,1.1,0.28,0.76,0.23,0.34,0.05,1.1,0.28,0.3,0.09,0,0,6,2,2,1,6,1,0,2,0.0,0.0,0.5536,0.0975,0.2963,0.049,0.2505,0.104,0.0,0.0328,8,3,0,1,2,1,4,1,0,0,0.7619,0.1245,0.0,0.104,0.1174,0.0464,0.2211,0.0085,0.0,0.0,14,6,17.7,18.97
3629100,2021-08-16,esp,2021/2022,LaLiga,1,Pablo Gonzalez,7878,Granada,10205,Villarreal,0,0,0,40,60,6,14,1,4,4,8,1,2,0,0,3,8,3,6,2,6,0,2,0,2,,,21,19,1,2,0,1,0,1,16,19,19,9,3,1,17,9,3,1,51,68,40.0,47.0,11.0,21.0,7.0,10.0,307,477,231.0,395.0,130,207,101,188,31.0,25.0,3.0,4.0,0.28,1.1,0.23,0.76,0.05,0.34,0.28,1.1,0.09,0.3,0,0,2,6,1,2,1,6,2,0,0.0,0.0,0.0975,0.5536,0.049,0.2963,0.104,0.2505,0.0328,0.0,3,8,1,0,1,2,1,4,0,0,0.1245,0.7619,0.104,0.0,0.0464,0.1174,0.0085,0.2211,0.0,0.0,6,14,18.97,17.7
3629101,2021-08-16,esp,2021/2022,LaLiga,1,Adrian Cordero,10268,Elche,8315,Athletic Club,1,0,0,50,50,8,9,2,3,6,5,0,1,0,0,4,6,4,3,6,8,1,1,1,1,,,13,19,2,2,0,0,5,1,7,9,8,7,1,0,26,15,3,2,45,52,34.0,36.0,11.0,16.0,10.0,14.0,373,373,299.0,294.0,192,132,107,162,39.0,27.0,6.0,2.0,1.07,0.62,0.97,0.57,0.1,0.05,1.07,0.62,0.22,0.45,2,0,1,3,1,3,4,1,0,2,0.9193,0.0,0.0182,0.517,0.0198,0.0673,0.1125,0.007,0.0,0.0318,4,6,0,0,2,3,2,0,0,0,0.9709,0.5741,0.0,0.0,0.0411,0.049,0.0579,0.0,0.0,0.0,8,9,19.11,20.41
3629101,2021-08-16,esp,2021/2022,LaLiga,1,Adrian Cordero,8315,Athletic Club,10268,Elche,0,0,0,50,50,9,8,3,2,5,6,1,0,0,0,6,4,3,4,8,6,1,1,1,1,,,19,13,2,2,0,0,1,5,9,7,7,8,0,1,15,26,2,3,52,45,36.0,34.0,16.0,11.0,14.0,10.0,373,373,294.0,299.0,132,192,162,107,27.0,39.0,2.0,6.0,0.62,1.07,0.57,0.97,0.05,0.1,0.62,1.07,0.45,0.22,0,2,3,1,3,1,1,4,2,0,0.0,0.9193,0.517,0.0182,0.0673,0.0198,0.007,0.1125,0.0318,0.0,6,4,0,0,3,2,0,2,0,0,0.5741,0.9709,0.0,0.0,0.049,0.0411,0.0,0.0579,0.0,0.0,9,8,20.41,19.11
3629107,2021-08-20,esp,2021/2022,LaLiga,2,Valentin Pizarro,8603,Real Betis,8385,Cadiz,1,1,1,74,26,16,8,7,3,7,3,2,2,1,1,8,6,8,2,4,5,3,2,2,1,,,12,10,4,0,0,0,0,0,14,23,10,12,2,2,16,23,2,6,55,59,39.0,41.0,16.0,18.0,17.0,7.0,648,208,581.0,128.0,228,59,353,69,24.0,16.0,5.0,7.0,1.19,1.59,0.76,0.76,0.43,0.04,1.19,0.8,2.01,1.35,1,0,4,3,3,3,4,1,4,1,0.3536,0.0,0.5184,1.0467,0.114,0.4229,0.115,0.0756,0.095,0.0427,12,6,0,0,2,0,2,1,0,1,0.769,0.7568,0.0,0.0,0.3743,0.0,0.0527,0.0427,0.0,0.7884,16,8,18.74,16.56
3629107,2021-08-20,esp,2021/2022,LaLiga,2,Valentin Pizarro,8385,Cadiz,8603,Real Betis,0,1,1,26,74,8,16,3,7,3,7,2,2,1,1,6,8,2,8,5,4,2,3,1,2,,,10,12,0,4,0,0,0,0,23,14,12,10,2,2,23,16,6,2,59,55,41.0,39.0,18.0,16.0,7.0,17.0,208,648,128.0,581.0,59,228,69,353,16.0,24.0,7.0,5.0,1.59,1.19,0.76,0.76,0.04,0.43,0.8,1.19,1.35,2.01,0,1,3,4,3,3,1,4,1,4,0.0,0.3536,1.0467,0.5184,0.4229,0.114,0.0756,0.115,0.0427,0.095,6,12,0,0,0,2,1,2,1,0,0.7568,0.769,0.0,0.0,0.0,0.3743,0.0427,0.0527,0.7884,0.0,8,16,16.56,18.74
3629104,2021-08-21,esp,2021/2022,LaLiga,2,Alejandro Muniz,9866,Deportivo Alaves,8661,Mallorca,1,0,1,47,53,9,12,4,2,5,8,0,2,0,1,8,4,1,8,1,8,2,2,2,1,17,18,14,15,1,3,1,0,0,2,24,8,6,5,2,0,24,29,1,4,58,50,47.0,30.0,11.0,20.0,9.0,10.0,319,353,236.0,278.0,127,162,109,116,31.0,21.0,3.0,3.0,0.51,0.7,0.22,0.5,0.29,0.21,0.51,0.7,0.7,0.83,0,0,4,4,4,0,1,5,0,3,0.0,0.0,0.3864,0.5096,0.1031,0.0,0.0182,0.144,0.0,0.049,6,8,0,0,1,1,2,3,0,0,0.2226,0.5077,0.0,0.0,0.0524,0.0296,0.2327,0.1653,0.0,0.0,9,12,14.91,20.15
3629104,2021-08-21,esp,2021/2022,LaLiga,2,Alejandro Muniz,8661,Mallorca,9866,Deportivo Alaves,0,1,0,53,47,12,9,2,4,8,5,2,0,1,0,4,8,8,1,8,1,2,2,1,2,18,17,15,14,3,1,0,1,2,0,8,24,5,6,0,2,29,24,4,1,50,58,30.0,47.0,20.0,11.0,10.0,9.0,353,319,278.0,236.0,162,127,116,109,21.0,31.0,3.0,3.0,0.7,0.51,0.5,0.22,0.21,0.29,0.7,0.51,0.83,0.7,0,0,4,4,0,4,5,1,3,0,0.0,0.0,0.5096,0.3864,0.0,0.1031,0.144,0.0182,0.049,0.0,8,6,0,0,1,1,3,2,0,0,0.5077,0.2226,0.0,0.0,0.0296,0.0524,0.1653,0.2327,0.0,0.0,12,9,20.15,14.91
3629105,2021-08-21,esp,2021/2022,LaLiga,2,Juan Martinez,8315,Athletic Club,8634,Barcelona,1,1,1,33,67,16,9,7,3,4,5,5,1,1,1,10,8,6,1,13,2,2,1,2,1,,,15,10,1,2,0,1,3,2,9,13,7,6,1,6,27,27,2,5,36,47,21.0,36.0,15.0,11.0,3.0,10.0,269,589,197.0,514.0,76,293,121,221,22.0,46.0,4.0,1.0,1.37,1.05,1.15,1.01,0.22,0.04,1.37,1.05,1.51,0.61,3,0,7,4,0,4,5,0,1,1,0.524,0.0,0.6149,0.6781,0.0,0.3359,0.2312,0.0,0.0051,0.0372,13,7,0,1,2,0,1,1,0,0,1.1587,0.7801,0.0,0.2339,0.1193,0.0,0.0971,0.0372,0.0,0.0,16,9,15.04,16.44
3629105,2021-08-21,esp,2021/2022,LaLiga,2,Juan Martinez,8634,Barcelona,8315,Athletic Club,0,1,1,67,33,9,16,3,7,5,4,1,5,1,1,8,10,1,6,2,13,1,2,1,2,,,10,15,2,1,1,0,2,3,13,9,6,7,6,1,27,27,5,2,47,36,36.0,21.0,11.0,15.0,10.0,3.0,589,269,514.0,197.0,293,76,221,121,46.0,22.0,1.0,4.0,1.05,1.37,1.01,1.15,0.04,0.22,1.05,1.37,0.61,1.51,0,3,4,7,4,0,0,5,1,1,0.0,0.524,0.6781,0.6149,0.3359,0.0,0.0,0.2312,0.0372,0.0051,7,13,1,0,0,2,1,1,0,0,0.7801,1.1587,0.2339,0.0,0.0,0.1193,0.0372,0.0971,0.0,0.0,9,16,16.44,15.04
3629109,2021-08-21,esp,2021/2022,LaLiga,2,Carlos del Cerro,7878,Granada,10267,Valencia,1,1,1,46,54,9,18,2,7,6,10,1,1,0,0,4,10,5,8,2,6,1,2,1,1,,,14,12,4,2,0,0,3,3,9,16,11,4,2,1,22,18,5,1,48,57,26.0,35.0,22.0,22.0,7.0,6.0,276,310,162.0,214.0,79,88,83,126,27.0,41.0,6.0,2.0,1.06,1.55,0.56,0.57,0.5,0.19,1.06,0.76,0.63,1.62,2,0,1,6,1,4,4,5,1,3,0.4972,0.0,0.0271,1.1772,0.0332,0.1551,0.4886,0.1646,0.0187,0.0524,5,11,1,1,2,3,1,2,0,1,0.1398,0.4301,0.4202,0.1389,0.4972,0.0544,0.0075,0.1375,0.0,0.7884,9,18,18.11,19.45
3629109,2021-08-21,esp,2021/2022,LaLiga,2,Carlos del Cerro,10267,Valencia,7878,Granada,0,1,1,54,46,18,9,7,2,10,6,1,1,0,0,10,4,8,5,6,2,2,1,1,1,,,12,14,2,4,0,0,3,3,16,9,4,11,1,2,18,22,1,5,57,48,35.0,26.0,22.0,22.0,6.0,7.0,310,276,214.0,162.0,88,79,126,83,41.0,27.0,2.0,6.0,1.55,1.06,0.57,0.56,0.19,0.5,0.76,1.06,1.62,0.63,0,2,6,1,4,1,5,4,3,1,0.0,0.4972,1.1772,0.0271,0.1551,0.0332,0.1646,0.4886,0.0524,0.0187,11,5,1,1,3,2,2,1,1,0,0.4301,0.1398,0.1389,0.4202,0.0544,0.4972,0.1375,0.0075,0.7884,0.0,18,9,19.45,18.11
3629110,2021-08-21,esp,2021/2022,LaLiga,2,Jorge Figueroa,8558,Espanyol,10205,Villarreal,1,0,0,40,60,14,12,3,2,8,5,3,5,1,0,8,9,6,3,9,7,3,0,3,0,,,10,10,3,4,0,0,3,3,12,8,10,9,5,2,24,24,2,3,34,38,25.0,24.0,9.0,14.0,5.0,8.0,282,432,223.0,380.0,136,183,87,197,26.0,21.0,3.0,1.0,1.34,0.56,0.83,0.52,0.51,0.04,1.34,0.56,1.12,0.16,0,0,5,4,3,5,1,1,5,2,0.0,0.0,0.8789,0.2249,0.3149,0.2184,0.0213,0.0638,0.1451,0.055,6,10,1,1,5,1,2,0,0,0,0.9384,0.4367,0.0367,0.0838,0.3127,0.0416,0.0724,0.0,0.0,0.0,14,12,18.73,17.16
3629110,2021-08-21,esp,2021/2022,LaLiga,2,Jorge Figueroa,10205,Villarreal,8558,Espanyol,0,0,0,60,40,12,14,2,3,5,8,5,3,0,1,9,8,3,6,7,9,0,3,0,3,,,10,10,4,3,0,0,3,3,8,12,9,10,2,5,24,24,3,2,38,34,24.0,25.0,14.0,9.0,8.0,5.0,432,282,380.0,223.0,183,136,197,87,21.0,26.0,1.0,3.0,0.56,1.34,0.52,0.83,0.04,0.51,0.56,1.34,0.16,1.12,0,0,4,5,5,3,1,1,2,5,0.0,0.0,0.2249,0.8789,0.2184,0.3149,0.0638,0.0213,0.055,0.1451,10,6,1,1,1,5,0,2,0,0,0.4367,0.9384,0.0838,0.0367,0.0416,0.3127,0.0,0.0724,0.0,0.0,12,14,17.16,18.73
3629106,2021-08-22,esp,2021/2022,LaLiga,2,Ricardo De Burgos,9906,Atletico Madrid,10268,Elche,1,1,0,42,58,8,4,4,2,4,2,0,0,0,0,5,1,3,3,2,1,1,0,0,0,,,16,10,2,2,0,0,5,0,27,12,8,4,0,0,8,10,2,3,50,42,43.0,36.0,7.0,6.0,7.0,9.0,421,582,355.0,514.0,211,359,144,155,38.0,43.0,1.0,2.0,1.07,0.17,0.97,0.08,0.09,0.09,1.07,0.17,1.27,0.11,2,0,3,1,0,0,2,1,1,2,0.7238,0.0,0.4036,0.0541,0.0,0.0,0.0203,0.0548,0.0265,0.0577,6,2,1,0,1,0,0,2,0,0,0.5433,0.0759,0.5823,0.0,0.0487,0.0,0.0,0.0906,0.0,0.0,8,4,20.86,22.97
3629106,2021-08-22,esp,2021/2022,LaLiga,2,Ricardo De Burgos,10268,Elche,9906,Atletico Madrid,0,0,1,58,42,4,8,2,4,2,4,0,0,0,0,1,5,3,3,1,2,0,1,0,0,,,10,16,2,2,0,0,0,5,12,27,4,8,0,0,10,8,3,2,42,50,36.0,43.0,6.0,7.0,9.0,7.0,582,421,514.0,355.0,359,211,155,144,43.0,38.0,2.0,1.0,0.17,1.07,0.08,0.97,0.09,0.09,0.17,1.07,0.11,1.27,0,2,1,3,0,0,1,2,2,1,0.0,0.7238,0.0541,0.4036,0.0,0.0,0.0548,0.0203,0.0577,0.0265,2,6,0,1,0,1,2,0,0,0,0.0759,0.5433,0.0,0.5823,0.0,0.0487,0.0906,0.0,0.0,0.0,4,8,22.97,20.86
3629111,2021-08-22,esp,2021/2022,LaLiga,2,Guillermo Cuadra,8581,Levante,8633,Real Madrid,1,3,3,39,61,8,20,4,5,3,7,1,8,1,0,6,10,2,10,4,6,3,4,1,2,,,17,7,3,2,1,0,0,5,12,17,3,9,8,1,24,10,2,1,32,50,27.0,44.0,5.0,6.0,10.0,12.0,350,560,282.0,502.0,134,234,148,268,29.0,23.0,5.0,2.0,1.85,1.61,1.25,1.32,0.61,0.29,1.85,1.61,1.67,2.64,1,2,4,7,1,1,1,9,1,1,0.569,0.1417,0.652,1.235,0.5278,0.0226,0.0903,0.2136,0.0156,0.0283,5,12,0,1,2,6,1,1,0,0,1.2453,0.9951,0.0,0.3529,0.0403,0.2622,0.569,0.0309,0.0,0.0,8,20,14.98,19.32
3629111,2021-08-22,esp,2021/2022,LaLiga,2,Guillermo Cuadra,8633,Real Madrid,8581,Levante,0,3,3,61,39,20,8,5,4,7,3,8,1,0,1,10,6,10,2,6,4,4,3,2,1,,,7,17,2,3,0,1,5,0,17,12,9,3,1,8,10,24,1,2,50,32,44.0,27.0,6.0,5.0,12.0,10.0,560,350,502.0,282.0,234,134,268,148,23.0,29.0,2.0,5.0,1.61,1.85,1.32,1.25,0.29,0.61,1.61,1.85,2.64,1.67,2,1,7,4,1,1,9,1,1,1,0.1417,0.569,1.235,0.652,0.0226,0.5278,0.2136,0.0903,0.0283,0.0156,12,5,1,0,6,2,1,1,0,0,0.9951,1.2453,0.3529,0.0,0.2622,0.0403,0.0309,0.569,0.0,0.0,20,8,19.32,14.98
3629113,2021-08-22,esp,2021/2022,LaLiga,2,Jaime Latre,8560,Real Sociedad,8370,Rayo Vallecano,1,1,0,61,39,13,9,8,1,2,7,3,1,0,1,11,4,2,5,5,4,3,1,2,1,,,19,15,3,4,0,0,0,2,15,19,8,12,1,2,11,21,1,7,56,61,38.0,44.0,18.0,17.0,9.0,8.0,437,268,368.0,203.0,223,106,145,97,40.0,24.0,5.0,5.0,2.0,0.52,0.96,0.25,0.25,0.27,1.21,0.52,1.93,0.04,1,1,7,2,3,1,1,4,1,1,0.104,0.1082,1.6473,0.2276,0.1907,0.0633,0.0283,0.1175,0.0368,0.0039,7,4,0,0,2,3,3,2,1,0,0.9613,0.2499,0.0,0.0,0.0539,0.1852,0.2035,0.0856,0.7884,0.0,13,9,14.37,22.82
3629113,2021-08-22,esp,2021/2022,LaLiga,2,Jaime Latre,8370,Rayo Vallecano,8560,Real Sociedad,0,0,1,39,61,9,13,1,8,7,2,1,3,1,0,4,11,5,2,4,5,1,3,1,2,,,15,19,4,3,0,0,2,0,19,15,12,8,2,1,21,11,7,1,61,56,44.0,38.0,17.0,18.0,8.0,9.0,268,437,203.0,368.0,106,223,97,145,24.0,40.0,5.0,5.0,0.52,2.0,0.25,0.96,0.27,0.25,0.52,1.21,0.04,1.93,1,1,2,7,1,3,4,1,1,1,0.1082,0.104,0.2276,1.6473,0.0633,0.1907,0.1175,0.0283,0.0039,0.0368,4,7,0,0,3,2,2,3,0,1,0.2499,0.9613,0.0,0.0,0.1852,0.0539,0.0856,0.2035,0.0,0.7884,9,13,22.82,14.37
3629108,2021-08-23,esp,2021/2022,LaLiga,2,Jose Sanchez,8305,Getafe,8302,Sevilla,1,0,1,39,61,12,9,0,3,7,5,5,1,0,1,5,7,7,2,5,4,0,2,0,1,,,18,10,3,2,0,0,1,3,12,6,6,14,1,5,10,16,2,0,52,43,26.0,29.0,26.0,14.0,4.0,6.0,301,495,218.0,419.0,95,291,123,128,38.0,48.0,4.0,2.0,0.46,1.15,0.35,1.02,0.11,0.13,0.46,1.15,0.0,0.6,0,0,4,4,1,3,3,1,4,1,0.0,0.0,0.1669,1.0217,0.0263,0.2245,0.1585,0.0498,0.1057,0.0146,8,5,0,2,3,1,1,1,0,0,0.3468,0.1483,0.0,1.0337,0.0784,0.0858,0.0323,0.0428,0.0,0.0,12,9,19.98,15.89
3629108,2021-08-23,esp,2021/2022,LaLiga,2,Jose Sanchez,8302,Sevilla,8305,Getafe,0,1,0,61,39,9,12,3,0,5,7,1,5,1,0,7,5,2,7,4,5,2,0,1,0,,,10,18,2,3,0,0,3,1,6,12,14,6,5,1,16,10,0,2,43,52,29.0,26.0,14.0,26.0,6.0,4.0,495,301,419.0,218.0,291,95,128,123,48.0,38.0,2.0,4.0,1.15,0.46,1.02,0.35,0.13,0.11,1.15,0.46,0.6,0.0,0,0,4,4,3,1,1,3,1,4,0.0,0.0,1.0217,0.1669,0.2245,0.0263,0.0498,0.1585,0.0146,0.1057,5,8,2,0,1,3,1,1,0,0,0.1483,0.3468,1.0337,0.0,0.0858,0.0784,0.0428,0.0323,0.0,0.0,9,12,15.89,19.98
3629112,2021-08-23,esp,2021/2022,LaLiga,2,Javier Alberola,8371,Osasuna,9910,Celta Vigo,1,0,0,46,54,15,4,7,0,7,4,1,0,0,0,10,0,5,4,1,2,5,0,5,0,,,19,8,4,3,0,0,0,2,19,13,25,14,0,1,14,15,0,7,69,64,40.0,47.0,29.0,17.0,14.0,16.0,440,521,314.0,394.0,135,248,179,146,38.0,28.0,11.0,1.0,2.03,0.14,1.13,0.14,0.11,0.0,1.24,0.14,1.89,0.0,1,0,9,0,0,0,3,2,2,2,0.345,0.0,1.4591,0.0,0.0,0.0,0.1906,0.094,0.0316,0.0475,12,3,0,1,0,0,2,0,1,0,1.1251,0.1276,0.0,0.0139,0.0,0.0,0.1127,0.0,0.7884,0.0,15,4,14.88,34.97
3629112,2021-08-23,esp,2021/2022,LaLiga,2,Javier Alberola,9910,Celta Vigo,8371,Osasuna,0,0,0,54,46,4,15,0,7,4,7,0,1,0,0,0,10,4,5,2,1,0,5,0,5,,,8,19,3,4,0,0,2,0,13,19,14,25,1,0,15,14,7,0,64,69,47.0,40.0,17.0,29.0,16.0,14.0,521,440,394.0,314.0,248,135,146,179,28.0,38.0,1.0,11.0,0.14,2.03,0.14,1.13,0.0,0.11,0.14,1.24,0.0,1.89,0,1,0,9,0,0,2,3,2,2,0.0,0.345,0.0,1.4591,0.0,0.0,0.094,0.1906,0.0475,0.0316,3,12,1,0,0,0,0,2,0,1,0.1276,1.1251,0.0139,0.0,0.0,0.0,0.0,0.1127,0.0,0.7884,4,15,34.97,14.88
3629118,2021-08-27,esp,2021/2022,LaLiga,3,Isidro Diaz de Mera,8661,Mallorca,8558,Espanyol,1,1,0,47,53,12,8,6,3,5,3,1,2,0,0,6,4,6,4,2,2,2,0,1,0,,,16,17,4,3,0,1,2,1,15,19,5,5,1,1,13,19,3,5,58,52,41.0,42.0,17.0,10.0,11.0,8.0,353,393,274.0,313.0,160,185,114,128,17.0,8.0,2.0,3.0,1.05,0.46,0.97,0.35,0.08,0.1,1.05,0.46,1.63,0.26,0,0,4,3,2,1,3,3,3,1,0.0,0.0,0.6665,0.2852,0.0947,0.0667,0.1189,0.0874,0.0779,0.0208,9,6,1,0,0,0,2,2,0,0,0.7959,0.3553,0.0691,0.0,0.0,0.0,0.0932,0.1048,0.0,0.0,12,8,19.75,20.37
3629118,2021-08-27,esp,2021/2022,LaLiga,3,Isidro Diaz de Mera,8558,Espanyol,8661,Mallorca,0,0,1,53,47,8,12,3,6,3,5,2,1,0,0,4,6,4,6,2,2,0,2,0,1,,,17,16,3,4,1,0,1,2,19,15,5,5,1,1,19,13,5,3,52,58,42.0,41.0,10.0,17.0,8.0,11.0,393,353,313.0,274.0,185,160,128,114,8.0,17.0,3.0,2.0,0.46,1.05,0.35,0.97,0.1,0.08,0.46,1.05,0.26,1.63,0,0,3,4,1,2,3,3,1,3,0.0,0.0,0.2852,0.6665,0.0667,0.0947,0.0874,0.1189,0.0208,0.0779,6,9,0,1,0,0,2,2,0,0,0.3553,0.7959,0.0,0.0691,0.0,0.0,0.1048,0.0932,0.0,0.0,8,12,20.37,19.75
3629121,2021-08-27,esp,2021/2022,LaLiga,3,Miguel Ortiz,10267,Valencia,9866,Deportivo Alaves,1,3,0,49,51,9,9,4,2,4,5,1,2,1,0,8,5,1,4,4,4,3,0,0,0,19,16,20,15,1,4,0,0,2,2,14,7,6,8,2,1,21,13,2,1,50,64,34.0,39.0,16.0,25.0,6.0,13.0,353,373,270.0,284.0,132,160,138,124,41.0,39.0,4.0,4.0,1.63,0.43,1.6,0.2,0.03,0.24,1.63,0.43,2.93,0.31,3,0,3,3,2,2,1,3,0,1,0.7618,0.0,0.569,0.1918,0.2584,0.0823,0.0419,0.1355,0.0,0.0228,8,5,0,0,1,1,0,3,0,0,1.6012,0.3454,0.0,0.0,0.0299,0.0192,0.0,0.0678,0.0,0.0,9,9,11.49,18.21
3629121,2021-08-27,esp,2021/2022,LaLiga,3,Miguel Ortiz,9866,Deportivo Alaves,10267,Valencia,0,0,3,51,49,9,9,2,4,5,4,2,1,0,1,5,8,4,1,4,4,0,3,0,0,16,19,15,20,4,1,0,0,2,2,7,14,8,6,1,2,13,21,1,2,64,50,39.0,34.0,25.0,16.0,13.0,6.0,373,353,284.0,270.0,160,132,124,138,39.0,41.0,4.0,4.0,0.43,1.63,0.2,1.6,0.24,0.03,0.43,1.63,0.31,2.93,0,3,3,3,2,2,3,1,1,0,0.0,0.7618,0.1918,0.569,0.0823,0.2584,0.1355,0.0419,0.0228,0.0,5,8,0,0,1,1,3,0,0,0,0.3454,1.6012,0.0,0.0,0.0192,0.0299,0.0678,0.0,0.0,0.0,9,9,18.21,11.49
3629116,2021-08-28,esp,2021/2022,LaLiga,3,Alejandro Hernandez,8603,Real Betis,8633,Real Madrid,1,0,1,51,49,12,13,6,3,5,7,1,3,0,0,4,9,8,4,3,7,0,1,0,1,,,15,13,5,3,0,0,0,5,26,20,12,15,2,1,25,10,2,6,65,64,54.0,53.0,11.0,11.0,16.0,20.0,521,496,428.0,412.0,212,194,216,218,25.0,26.0,4.0,4.0,0.63,0.94,0.42,0.84,0.21,0.1,0.63,0.94,0.81,0.55,1,0,2,6,1,3,4,3,4,1,0.1531,0.0,0.2522,0.5752,0.025,0.1607,0.101,0.1735,0.1028,0.0265,9,10,0,1,2,1,1,1,0,0,0.4194,0.717,0.0,0.1185,0.1781,0.0625,0.0366,0.0379,0.0,0.0,12,13,21.24,17.49
3629116,2021-08-28,esp,2021/2022,LaLiga,3,Alejandro Hernandez,8633,Real Madrid,8603,Real Betis,0,1,0,49,51,13,12,3,6,7,5,3,1,0,0,9,4,4,8,7,3,1,0,1,0,,,13,15,3,5,0,0,5,0,20,26,15,12,1,2,10,25,6,2,64,65,53.0,54.0,11.0,11.0,20.0,16.0,496,521,412.0,428.0,194,212,218,216,26.0,25.0,4.0,4.0,0.94,0.63,0.84,0.42,0.1,0.21,0.94,0.63,0.55,0.81,0,1,6,2,3,1,3,4,1,4,0.0,0.1531,0.5752,0.2522,0.1607,0.025,0.1735,0.101,0.0265,0.1028,10,9,1,0,1,2,1,1,0,0,0.717,0.4194,0.1185,0.0,0.0625,0.1781,0.0379,0.0366,0.0,0.0,13,12,17.49,21.24
3629117,2021-08-28,esp,2021/2022,LaLiga,3,Antonio Mateu,9910,Celta Vigo,8315,Athletic Club,1,0,1,62,38,13,6,0,2,9,2,4,2,0,0,10,6,3,0,5,4,1,3,1,2,,,12,11,2,1,0,0,5,1,25,13,13,11,2,4,16,32,1,0,71,50,44.0,29.0,27.0,21.0,9.0,7.0,517,314,389.0,193.0,187,87,202,106,56.0,25.0,7.0,6.0,1.15,1.44,0.79,1.42,0.36,0.02,1.15,1.44,0.0,1.13,2,1,8,5,0,0,0,0,3,0,0.534,0.4955,0.5196,0.9493,0.0,0.0,0.0,0.0,0.0947,0.0,11,5,0,0,2,1,0,0,0,0,0.7927,1.4205,0.0,0.0,0.3556,0.0243,0.0,0.0,0.0,0.0,13,6,16.21,11.46
3629117,2021-08-28,esp,2021/2022,LaLiga,3,Antonio Mateu,8315,Athletic Club,9910,Celta Vigo,0,1,0,38,62,6,13,2,0,2,9,2,4,0,0,6,10,0,3,4,5,3,1,2,1,,,11,12,1,2,0,0,1,5,13,25,11,13,4,2,32,16,0,1,50,71,29.0,44.0,21.0,27.0,7.0,9.0,314,517,193.0,389.0,87,187,106,202,25.0,56.0,6.0,7.0,1.44,1.15,1.42,0.79,0.02,0.36,1.44,1.15,1.13,0.0,1,2,5,8,0,0,0,0,0,3,0.4955,0.534,0.9493,0.5196,0.0,0.0,0.0,0.0,0.0,0.0947,5,11,0,0,1,2,0,0,0,0,1.4205,0.7927,0.0,0.0,0.0243,0.3556,0.0,0.0,0.0,0.0,6,13,11.46,16.21
3629120,2021-08-28,esp,2021/2022,LaLiga,3,Jose Munuera,8560,Real Sociedad,8581,Levante,1,1,0,52,48,7,6,2,0,5,4,0,2,1,0,7,1,0,5,2,2,1,1,1,1,,,17,13,1,1,0,0,1,1,13,21,6,13,2,0,17,8,0,1,54,55,37.0,49.0,17.0,6.0,11.0,11.0,458,421,384.0,345.0,210,224,174,121,28.0,36.0,1.0,0.0,1.05,0.37,1.05,0.09,0.0,0.28,1.05,0.37,0.23,0.0,0,1,2,0,5,0,0,3,0,2,0.0,0.271,0.6804,0.0,0.3708,0.0,0.0,0.0729,0.0,0.0297,6,4,1,0,0,0,0,2,0,0,0.8837,0.0916,0.1675,0.0,0.0,0.0,0.0,0.282,0.0,0.0,7,6,14.42,23.22
3629120,2021-08-28,esp,2021/2022,LaLiga,3,Jose Munuera,8581,Levante,8560,Real Sociedad,0,0,1,48,52,6,7,0,2,4,5,2,0,0,1,1,7,5,0,2,2,1,1,1,1,,,13,17,1,1,0,0,1,1,21,13,13,6,0,2,8,17,1,0,55,54,49.0,37.0,6.0,17.0,11.0,11.0,421,458,345.0,384.0,224,210,121,174,36.0,28.0,0.0,1.0,0.37,1.05,0.09,1.05,0.28,0.0,0.37,1.05,0.0,0.23,1,0,0,2,0,5,3,0,2,0,0.271,0.0,0.0,0.6804,0.0,0.3708,0.0729,0.0,0.0297,0.0,4,6,0,1,0,0,2,0,0,0,0.0916,0.8837,0.0,0.1675,0.0,0.0,0.282,0.0,0.0,0.0,6,7,23.22,14.42
3629123,2021-08-28,esp,2021/2022,LaLiga,3,Valentin Pizarro,10268,Elche,8302,Sevilla,1,1,1,29,71,7,18,4,5,3,10,0,3,0,1,6,13,1,5,5,3,1,4,1,4,,,6,9,2,0,0,0,2,0,16,10,10,12,3,0,25,12,4,3,51,46,33.0,26.0,18.0,20.0,9.0,11.0,261,650,174.0,579.0,111,305,63,274,20.0,52.0,3.0,7.0,0.61,1.34,0.48,1.32,0.13,0.02,0.61,1.34,0.26,0.49,0,0,5,10,1,3,0,1,1,4,0.0,0.0,0.3645,1.1037,0.0992,0.1295,0.0,0.0318,0.0176,0.0716,4,17,1,0,2,0,0,1,0,0,0.2334,1.3167,0.1676,0.0,0.0802,0.0,0.0,0.0199,0.0,0.0,7,18,14.63,16.68
3629123,2021-08-28,esp,2021/2022,LaLiga,3,Valentin Pizarro,8302,Sevilla,10268,Elche,0,1,1,71,29,18,7,5,4,10,3,3,0,1,0,13,6,5,1,3,5,4,1,4,1,,,9,6,0,2,0,0,0,2,10,16,12,10,0,3,12,25,3,4,46,51,26.0,33.0,20.0,18.0,11.0,9.0,650,261,579.0,174.0,305,111,274,63,52.0,20.0,7.0,3.0,1.34,0.61,1.32,0.48,0.02,0.13,1.34,0.61,0.49,0.26,0,0,10,5,3,1,1,0,4,1,0.0,0.0,1.1037,0.3645,0.1295,0.0992,0.0318,0.0,0.0716,0.0176,17,4,0,1,0,2,1,0,0,0,1.3167,0.2334,0.0,0.1676,0.0,0.0802,0.0199,0.0,0.0,0.0,18,7,16.68,14.63
3629114,2021-08-29,esp,2021/2022,LaLiga,3,Cesar Soto,9906,Atletico Madrid,10205,Villarreal,1,2,2,49,51,23,2,4,2,11,0,8,0,1,0,15,2,8,0,16,0,2,1,1,0,,,11,6,5,2,0,0,5,1,12,24,7,15,0,9,8,32,0,2,33,55,25.0,42.0,8.0,13.0,8.0,7.0,416,472,362.0,390.0,160,244,202,146,26.0,29.0,10.0,1.0,1.68,0.33,1.51,0.33,0.17,0.0,1.68,0.33,0.92,0.81,0,0,11,2,4,0,4,0,4,0,0.0,0.0,1.3068,0.3346,0.1613,0.0,0.064,0.0,0.174,0.0,15,2,0,0,7,0,1,0,0,0,1.5371,0.3346,0.0,0.0,0.1313,0.0,0.0376,0.0,0.0,0.0,23,2,19.21,14.69
3629114,2021-08-29,esp,2021/2022,LaLiga,3,Cesar Soto,10205,Villarreal,9906,Atletico Madrid,0,2,2,51,49,2,23,2,4,0,11,0,8,0,1,2,15,0,8,0,16,1,2,0,1,,,6,11,2,5,0,0,1,5,24,12,15,7,9,0,32,8,2,0,55,33,42.0,25.0,13.0,8.0,7.0,8.0,472,416,390.0,362.0,244,160,146,202,29.0,26.0,1.0,10.0,0.33,1.68,0.33,1.51,0.0,0.17,0.33,1.68,0.81,0.92,0,0,2,11,0,4,0,4,0,4,0.0,0.0,0.3346,1.3068,0.0,0.1613,0.0,0.064,0.0,0.174,2,15,0,0,0,7,0,1,0,0,0.3346,1.5371,0.0,0.0,0.0,0.1313,0.0,0.0376,0.0,0.0,2,23,14.69,19.21
3629115,2021-08-29,esp,2021/2022,LaLiga,3,Pablo Gonzalez,8634,Barcelona,8305,Getafe,1,2,1,67,33,7,8,3,3,2,5,2,0,0,0,5,3,2,5,3,2,2,0,2,0,,,16,22,3,1,0,0,3,1,18,18,8,19,0,2,9,8,2,1,53,56,46.0,38.0,7.0,18.0,9.0,5.0,685,337,590.0,251.0,350,155,240,96,35.0,30.0,2.0,1.0,1.09,0.38,1.09,0.34,0.0,0.04,1.09,0.38,0.43,0.18,0,0,5,3,0,0,0,3,2,2,0.0,0.0,1.0554,0.2426,0.0,0.0,0.0,0.0764,0.0328,0.0593,7,7,0,0,0,1,0,0,0,0,1.0882,0.3355,0.0,0.0,0.0,0.0428,0.0,0.0,0.0,0.0,7,8,15.5,21.97
3629115,2021-08-29,esp,2021/2022,LaLiga,3,Pablo Gonzalez,8305,Getafe,8634,Barcelona,0,1,2,33,67,8,7,3,3,5,2,0,2,0,0,3,5,5,2,2,3,0,2,0,2,,,22,16,1,3,0,0,1,3,18,18,19,8,2,0,8,9,1,2,56,53,38.0,46.0,18.0,7.0,5.0,9.0,337,685,251.0,590.0,155,350,96,240,30.0,35.0,1.0,2.0,0.38,1.09,0.34,1.09,0.04,0.0,0.38,1.09,0.18,0.43,0,0,3,5,0,0,3,0,2,2,0.0,0.0,0.2426,1.0554,0.0,0.0,0.0764,0.0,0.0593,0.0328,7,7,0,0,1,0,0,0,0,0,0.3355,1.0882,0.0,0.0,0.0428,0.0,0.0,0.0,0.0,0.0,8,7,21.97,15.5
3629119,2021-08-29,esp,2021/2022,LaLiga,3,Adrian Cordero,8385,Cadiz,8371,Osasuna,1,2,3,27,73,7,14,3,4,3,7,1,3,0,1,4,9,3,5,4,11,2,4,0,1,,,9,6,4,0,0,0,0,1,17,10,15,3,2,1,40,24,1,1,46,66,30.0,31.0,16.0,35.0,8.0,15.0,222,612,128.0,504.0,56,180,72,324,21.0,36.0,4.0,8.0,1.64,2.6,0.84,0.93,0.01,0.09,0.86,1.03,1.51,2.63,1,2,2,5,1,2,2,3,1,2,0.1541,0.3431,1.3238,1.8427,0.066,0.1786,0.07,0.2161,0.0307,0.0234,5,9,0,1,1,2,0,0,1,2,0.8439,0.779,0.0,0.1544,0.0123,0.0938,0.0,0.0,0.7884,1.5768,7,14,16.19,16.69
3629119,2021-08-29,esp,2021/2022,LaLiga,3,Adrian Cordero,8371,Osasuna,8385,Cadiz,0,3,2,73,27,14,7,4,3,7,3,3,1,1,0,9,4,5,3,11,4,4,2,1,0,,,6,9,0,4,0,0,1,0,10,17,3,15,1,2,24,40,1,1,66,46,31.0,30.0,35.0,16.0,15.0,8.0,612,222,504.0,128.0,180,56,324,72,36.0,21.0,8.0,4.0,2.6,1.64,0.93,0.84,0.09,0.01,1.03,0.86,2.63,1.51,2,1,5,2,2,1,3,2,2,1,0.3431,0.1541,1.8427,1.3238,0.1786,0.066,0.2161,0.07,0.0234,0.0307,9,5,1,0,2,1,0,0,2,1,0.779,0.8439,0.1544,0.0,0.0938,0.0123,0.0,0.0,1.5768,0.7884,14,7,16.69,16.19
3629122,2021-08-29,esp,2021/2022,LaLiga,3,Jesus Gil,8370,Rayo Vallecano,7878,Granada,1,4,0,47,53,19,9,6,3,8,3,5,3,0,0,11,5,8,4,5,6,2,1,0,1,,,19,14,1,4,0,0,2,0,13,13,9,7,3,5,18,13,3,2,60,49,37.0,35.0,23.0,14.0,12.0,5.0,333,385,236.0,275.0,112,157,124,118,34.0,27.0,6.0,3.0,2.2,0.54,1.02,0.31,0.39,0.23,1.41,0.54,2.02,0.4,3,0,8,5,0,0,6,4,2,0,0.3081,0.0,1.4775,0.3652,0.0,0.0,0.3603,0.175,0.0494,0.0,13,4,0,0,3,2,2,3,1,0,1.0153,0.3059,0.0,0.0,0.2806,0.0682,0.1111,0.166,0.7884,0.0,19,9,16.69,17.81
3629122,2021-08-29,esp,2021/2022,LaLiga,3,Jesus Gil,7878,Granada,8370,Rayo Vallecano,0,0,4,53,47,9,19,3,6,3,8,3,5,0,0,5,11,4,8,6,5,1,2,1,0,,,14,19,4,1,0,0,0,2,13,13,7,9,5,3,13,18,2,3,49,60,35.0,37.0,14.0,23.0,5.0,12.0,385,333,275.0,236.0,157,112,118,124,27.0,34.0,3.0,6.0,0.54,2.2,0.31,1.02,0.23,0.39,0.54,1.41,0.4,2.02,0,3,5,8,0,0,4,6,0,2,0.0,0.3081,0.3652,1.4775,0.0,0.0,0.175,0.3603,0.0,0.0494,4,13,0,0,2,3,3,2,0,1,0.3059,1.0153,0.0,0.0,0.0682,0.2806,0.166,0.1111,0.0,0.7884,9,19,17.81,16.69
3629124,2021-09-11,esp,2021/2022,LaLiga,4,Jorge Figueroa,8315,Athletic Club,8661,Mallorca,1,2,0,48,52,19,7,5,1,8,3,6,3,0,0,16,1,3,6,7,2,4,0,2,0,,,7,13,1,2,0,0,3,0,16,13,8,9,3,6,19,25,1,4,49,54,33.0,33.0,16.0,21.0,4.0,13.0,358,408,266.0,310.0,118,164,148,146,26.0,36.0,7.0,3.0,1.85,0.19,1.07,0.12,0.78,0.08,1.85,0.19,1.44,0.03,2,0,9,0,5,1,3,4,0,2,0.2438,0.0,0.9831,0.0,0.1422,0.0263,0.0922,0.1229,0.0,0.0411,10,6,0,0,5,0,4,1,0,0,0.8632,0.1734,0.0,0.0,0.217,0.0,0.3811,0.017,0.0,0.0,19,7,15.57,22.69
3629124,2021-09-11,esp,2021/2022,LaLiga,4,Jorge Figueroa,8661,Mallorca,8315,Athletic Club,0,0,2,52,48,7,19,1,5,3,8,3,6,0,0,1,16,6,3,2,7,0,4,0,2,,,13,7,2,1,0,0,0,3,13,16,9,8,6,3,25,19,4,1,54,49,33.0,33.0,21.0,16.0,13.0,4.0,408,358,310.0,266.0,164,118,146,148,36.0,26.0,3.0,7.0,0.19,1.85,0.12,1.07,0.08,0.78,0.19,1.85,0.03,1.44,0,2,0,9,1,5,4,3,2,0,0.0,0.2438,0.0,0.9831,0.0263,0.1422,0.1229,0.0922,0.0411,0.0,6,10,0,0,0,5,1,4,0,0,0.1734,0.8632,0.0,0.0,0.0,0.217,0.017,0.3811,0.0,0.0,7,19,22.69,15.57
3629129,2021-09-11,esp,2021/2022,LaLiga,4,Javier Alberola,8581,Levante,8370,Rayo Vallecano,1,1,1,45,55,7,22,2,6,1,12,4,4,0,2,4,13,3,9,2,5,1,5,0,4,,,14,16,3,4,0,0,3,2,17,20,10,13,4,3,17,5,5,1,56,55,39.0,41.0,17.0,14.0,8.0,7.0,335,402,253.0,325.0,113,160,140,165,26.0,27.0,4.0,13.0,1.07,2.21,0.23,1.16,0.05,1.05,0.28,2.21,1.04,1.5,0,4,3,9,1,0,1,5,2,4,0.0,1.2927,0.9618,0.7224,0.0488,0.0,0.0216,0.1157,0.037,0.0791,3,14,1,1,1,4,1,3,1,0,0.0903,1.0964,0.1358,0.0634,0.017,0.9156,0.0377,0.1345,0.7884,0.0,7,22,19.39,16.78
3629129,2021-09-11,esp,2021/2022,LaLiga,4,Javier Alberola,8370,Rayo Vallecano,8581,Levante,0,1,1,55,45,22,7,6,2,12,1,4,4,2,0,13,4,9,3,5,2,5,1,4,0,,,16,14,4,3,0,0,2,3,20,17,13,10,3,4,5,17,1,5,55,56,41.0,39.0,14.0,17.0,7.0,8.0,402,335,325.0,253.0,160,113,165,140,27.0,26.0,13.0,4.0,2.21,1.07,1.16,0.23,1.05,0.05,2.21,0.28,1.5,1.04,4,0,9,3,0,1,5,1,4,2,1.2927,0.0,0.7224,0.9618,0.0,0.0488,0.1157,0.0216,0.0791,0.037,14,3,1,1,4,1,3,1,0,1,1.0964,0.0903,0.0634,0.1358,0.9156,0.017,0.1345,0.0377,0.0,0.7884,22,7,16.78,19.39
3629126,2021-09-12,esp,2021/2022,LaLiga,4,Alejandro Muniz,8385,Cadiz,8560,Real Sociedad,1,0,2,22,78,6,16,1,4,4,5,1,7,1,0,4,12,2,4,2,8,1,3,1,1,,,10,9,2,0,1,0,2,4,17,10,15,9,7,0,30,10,2,1,44,51,30.0,31.0,14.0,20.0,4.0,12.0,180,635,100.0,554.0,53,269,47,285,16.0,32.0,3.0,3.0,0.33,1.96,0.2,1.01,0.13,0.16,0.33,1.17,0.06,2.33,0,0,3,9,1,3,2,4,0,0,0.0,0.0,0.1671,1.6328,0.0937,0.2184,0.0713,0.1076,0.0,0.0,3,12,0,0,2,1,1,2,0,1,0.1987,1.0087,0.0,0.0,0.1226,0.0949,0.0108,0.0667,0.0,0.7884,6,16,15.83,18.21
3629126,2021-09-12,esp,2021/2022,LaLiga,4,Alejandro Muniz,8560,Real Sociedad,8385,Cadiz,0,2,0,78,22,16,6,4,1,5,4,7,1,0,1,12,4,4,2,8,2,3,1,1,1,,,9,10,0,2,0,1,4,2,10,17,9,15,0,7,10,30,1,2,51,44,31.0,30.0,20.0,14.0,12.0,4.0,635,180,554.0,100.0,269,53,285,47,32.0,16.0,3.0,3.0,1.96,0.33,1.01,0.2,0.16,0.13,1.17,0.33,2.33,0.06,0,0,9,3,3,1,4,2,0,0,0.0,0.0,1.6328,0.1671,0.2184,0.0937,0.1076,0.0713,0.0,0.0,12,3,0,0,1,2,2,1,1,0,1.0087,0.1987,0.0,0.0,0.0949,0.1226,0.0667,0.0108,0.7884,0.0,16,6,18.21,15.83
3629128,2021-09-12,esp,2021/2022,LaLiga,4,Juan Martinez,8558,Espanyol,9906,Atletico Madrid,1,1,2,42,58,9,13,3,3,3,8,3,2,0,0,5,8,4,5,6,3,0,1,0,0,,,10,11,1,4,0,0,2,2,22,16,15,9,2,3,20,7,1,2,48,53,38.0,40.0,10.0,13.0,6.0,15.0,376,516,302.0,437.0,146,189,156,248,20.0,23.0,2.0,3.0,0.42,0.76,0.31,0.76,0.11,0.0,0.42,0.76,0.59,0.81,0,0,5,3,0,5,0,2,4,3,0.0,0.0,0.2975,0.3247,0.0,0.3179,0.0,0.0487,0.1258,0.0665,6,13,0,0,1,0,2,0,0,0,0.3105,0.7578,0.0,0.0,0.0518,0.0,0.061,0.0,0.0,0.0,9,13,19.41,18.2
3629128,2021-09-12,esp,2021/2022,LaLiga,4,Juan Martinez,9906,Atletico Madrid,8558,Espanyol,0,2,1,58,42,13,9,3,3,8,3,2,3,0,0,8,5,5,4,3,6,1,0,0,0,,,11,10,4,1,0,0,2,2,16,22,9,15,3,2,7,20,2,1,53,48,40.0,38.0,13.0,10.0,15.0,6.0,516,376,437.0,302.0,189,146,248,156,23.0,20.0,3.0,2.0,0.76,0.42,0.76,0.31,0.0,0.11,0.76,0.42,0.81,0.59,0,0,3,5,5,0,2,0,3,4,0.0,0.0,0.3247,0.2975,0.3179,0.0,0.0487,0.0,0.0665,0.1258,13,6,0,0,0,1,0,2,0,0,0.7578,0.3105,0.0,0.0,0.0,0.0518,0.0,0.061,0.0,0.0,13,9,18.2,19.41
3629130,2021-09-12,esp,2021/2022,LaLiga,4,Ricardo De Burgos,8371,Osasuna,10267,Valencia,1,1,4,57,43,11,10,2,4,6,3,3,3,0,0,6,6,5,4,4,4,0,1,0,0,,,20,14,4,2,0,0,4,2,9,11,11,6,3,3,14,16,1,1,46,66,26.0,43.0,20.0,23.0,4.0,12.0,418,313,309.0,213.0,151,94,158,119,21.0,21.0,7.0,3.0,0.58,0.88,0.43,0.71,0.15,0.17,0.58,0.88,0.71,1.81,0,1,5,1,1,4,4,2,1,2,0.0,0.4447,0.3688,0.0912,0.0587,0.2329,0.1287,0.0907,0.0234,0.0188,7,8,0,0,3,1,1,1,0,0,0.4277,0.7072,0.0,0.0,0.0562,0.0912,0.0958,0.08,0.0,0.0,11,10,17.89,23.23
3629130,2021-09-12,esp,2021/2022,LaLiga,4,Ricardo De Burgos,10267,Valencia,8371,Osasuna,0,4,1,43,57,10,11,4,2,3,6,3,3,0,0,6,6,4,5,4,4,1,0,0,0,,,14,20,2,4,0,0,2,4,11,9,6,11,3,3,16,14,1,1,66,46,43.0,26.0,23.0,20.0,12.0,4.0,313,418,213.0,309.0,94,151,119,158,21.0,21.0,3.0,7.0,0.88,0.58,0.71,0.43,0.17,0.15,0.88,0.58,1.81,0.71,1,0,1,5,4,1,2,4,2,1,0.4447,0.0,0.0912,0.3688,0.2329,0.0587,0.0907,0.1287,0.0188,0.0234,8,7,0,0,1,3,1,1,0,0,0.7072,0.4277,0.0,0.0,0.0912,0.0562,0.08,0.0958,0.0,0.0,10,11,23.23,17.89
3629131,2021-09-12,esp,2021/2022,LaLiga,4,Jose Sanchez,8633,Real Madrid,9910,Celta Vigo,1,5,2,60,40,15,11,11,4,1,3,3,4,0,1,15,8,0,3,7,3,5,4,1,2,,,8,16,2,3,0,0,3,0,13,17,5,6,4,3,12,18,3,7,51,38,44.0,32.0,7.0,6.0,15.0,8.0,613,413,542.0,339.0,288,166,254,173,34.0,31.0,3.0,0.0,3.24,1.75,2.17,1.74,0.28,0.02,2.45,1.75,5.24,1.93,2,1,10,4,3,3,0,2,0,1,0.9715,0.6425,2.398,1.2121,0.1358,0.1507,0.0,0.0964,0.0,0.0158,11,10,1,0,1,1,1,0,1,0,2.3618,2.1017,0.0749,0.0,0.2028,0.0158,0.0775,0.0,0.7884,0.0,15,11,11.98,14.99
3629131,2021-09-12,esp,2021/2022,LaLiga,4,Jose Sanchez,9910,Celta Vigo,8633,Real Madrid,0,2,5,40,60,11,15,4,11,3,1,4,3,1,0,8,15,3,0,3,7,4,5,2,1,,,16,8,3,2,0,0,0,3,17,13,6,5,3,4,18,12,7,3,38,51,32.0,44.0,6.0,7.0,8.0,15.0,413,613,339.0,542.0,166,288,173,254,31.0,34.0,0.0,3.0,1.75,3.24,1.74,2.17,0.02,0.28,1.75,2.45,1.93,5.24,1,2,4,10,3,3,2,0,1,0,0.6425,0.9715,1.2121,2.398,0.1507,0.1358,0.0964,0.0,0.0158,0.0,10,11,0,1,1,1,0,1,0,1,2.1017,2.3618,0.0,0.0749,0.0158,0.2028,0.0,0.0775,0.0,0.7884,11,15,14.99,11.98
3629125,2021-09-13,esp,2021/2022,LaLiga,4,Mario Melero,8305,Getafe,10268,Elche,1,0,1,56,44,10,8,1,3,3,3,6,2,0,0,4,4,6,4,8,2,0,2,0,1,,,6,14,2,4,0,0,4,5,21,7,11,7,2,6,12,22,2,1,49,41,36.0,29.0,13.0,12.0,3.0,17.0,507,405,420.0,314.0,209,186,211,128,31.0,36.0,7.0,2.0,0.34,0.8,0.17,0.8,0.17,0.04,0.34,0.8,0.03,1.09,1,0,0,3,3,1,1,3,5,1,0.1101,0.0,0.0,0.6875,0.104,0.0258,0.0116,0.0668,0.1155,0.0149,6,8,1,0,1,0,2,0,0,0,0.136,0.795,0.0313,0.0,0.1101,0.0,0.0638,0.0,0.0,0.0,10,8,23.76,20.59
3629125,2021-09-13,esp,2021/2022,LaLiga,4,Mario Melero,10268,Elche,8305,Getafe,0,1,0,44,56,8,10,3,1,3,3,2,6,0,0,4,4,4,6,2,8,2,0,1,0,,,14,6,4,2,0,0,5,4,7,21,7,11,6,2,22,12,1,2,41,49,29.0,36.0,12.0,13.0,17.0,3.0,405,507,314.0,420.0,186,209,128,211,36.0,31.0,2.0,7.0,0.8,0.34,0.8,0.17,0.04,0.17,0.8,0.34,1.09,0.03,0,1,3,0,1,3,3,1,1,5,0.0,0.1101,0.6875,0.0,0.0258,0.104,0.0668,0.0116,0.0149,0.1155,8,6,0,1,0,1,0,2,0,0,0.795,0.136,0.0,0.0313,0.0,0.1101,0.0,0.0638,0.0,0.0,8,10,20.59,23.76
3629127,2021-09-13,esp,2021/2022,LaLiga,4,Guillermo Cuadra,7878,Granada,8603,Real Betis,1,1,2,43,57,11,19,2,9,6,3,3,7,0,1,5,12,6,7,6,8,1,4,1,4,,,7,14,1,2,0,0,3,1,12,15,11,13,7,3,15,18,7,1,45,50,36.0,35.0,9.0,15.0,12.0,13.0,359,492,281.0,411.0,151,186,130,225,26.0,27.0,2.0,3.0,0.6,2.4,0.57,1.79,0.03,0.61,0.6,2.4,0.23,2.67,0,1,2,9,3,3,3,1,3,5,0.0,0.4092,0.3418,1.7413,0.0945,0.1147,0.0941,0.0312,0.0677,0.1031,9,14,0,0,2,4,0,1,0,0,0.5689,1.79,0.0,0.0,0.0291,0.5733,0.0,0.0362,0.0,0.0,11,19,20.94,17.17
3629127,2021-09-13,esp,2021/2022,LaLiga,4,Guillermo Cuadra,8603,Real Betis,7878,Granada,0,2,1,57,43,19,11,9,2,3,6,7,3,1,0,12,5,7,6,8,6,4,1,4,1,,,14,7,2,1,0,0,1,3,15,12,13,11,3,7,18,15,1,7,50,45,35.0,36.0,15.0,9.0,13.0,12.0,492,359,411.0,281.0,186,151,225,130,27.0,26.0,3.0,2.0,2.4,0.6,1.79,0.57,0.61,0.03,2.4,0.6,2.67,0.23,1,0,9,2,3,3,1,3,5,3,0.4092,0.0,1.7413,0.3418,0.1147,0.0945,0.0312,0.0941,0.1031,0.0677,14,9,0,0,4,2,1,0,0,0,1.79,0.5689,0.0,0.0,0.5733,0.0291,0.0362,0.0,0.0,0.0,19,11,17.17,20.94
3629138,2021-09-17,esp,2021/2022,LaLiga,5,Isidro Diaz de Mera,9910,Celta Vigo,8385,Cadiz,1,1,2,78,22,14,7,4,3,6,3,4,1,3,0,8,4,6,3,7,1,2,2,2,1,,,8,8,3,2,0,0,0,0,12,20,7,10,1,4,10,40,1,3,54,58,28.0,35.0,26.0,23.0,8.0,7.0,681,195,565.0,87.0,230,34,335,53,40.0,24.0,5.0,4.0,1.01,1.09,1.01,0.11,0.08,0.19,1.01,0.3,0.71,1.72,0,0,8,4,0,0,3,1,3,2,0.0,0.0,0.8905,1.1169,0.0,0.0,0.0924,0.0795,0.0396,0.029,14,3,0,0,0,1,0,2,0,1,1.0225,0.1086,0.0,0.0,0.0,0.0604,0.0,0.2682,0.0,0.7884,14,7,17.47,18.45
3629138,2021-09-17,esp,2021/2022,LaLiga,5,Isidro Diaz de Mera,8385,Cadiz,9910,Celta Vigo,0,2,1,22,78,7,14,3,4,3,6,1,4,0,3,4,8,3,6,1,7,2,2,1,2,,,8,8,2,3,0,0,0,0,20,12,10,7,4,1,40,10,3,1,58,54,35.0,28.0,23.0,26.0,7.0,8.0,195,681,87.0,565.0,34,230,53,335,24.0,40.0,4.0,5.0,1.09,1.01,0.11,1.01,0.19,0.08,0.3,1.01,1.72,0.71,0,0,4,8,0,0,1,3,2,3,0.0,0.0,1.1169,0.8905,0.0,0.0,0.0795,0.0924,0.029,0.0396,3,14,0,0,1,0,2,0,1,0,0.1086,1.0225,0.0,0.0,0.0604,0.0,0.2682,0.0,0.7884,0.0,7,14,18.45,17.47
3629134,2021-09-18,esp,2021/2022,LaLiga,5,Alejandro Hernandez,9866,Deportivo Alaves,8371,Osasuna,1,0,2,56,44,8,13,3,5,3,6,2,2,0,0,3,8,5,5,2,8,0,1,0,0,18,14,11,14,4,3,0,0,2,0,10,26,21,15,1,2,14,26,3,3,68,60,31.0,38.0,37.0,22.0,8.0,2.0,446,355,326.0,231.0,164,86,162,145,32.0,29.0,1.0,7.0,0.46,1.39,0.46,0.57,0.0,0.03,0.46,0.6,0.15,1.83,0,0,1,7,2,1,4,1,1,4,0.0,0.0,0.1585,1.1209,0.0688,0.1424,0.2226,0.0319,0.0145,0.0937,8,10,0,0,0,2,0,0,0,1,0.4643,0.5676,0.0,0.0,0.0,0.0329,0.0,0.0,0.0,0.7884,8,13,21.53,17.25
3629134,2021-09-18,esp,2021/2022,LaLiga,5,Alejandro Hernandez,8371,Osasuna,9866,Deportivo Alaves,0,2,0,44,56,13,8,5,3,6,3,2,2,0,0,8,3,5,5,8,2,1,0,0,0,14,18,14,11,3,4,0,0,0,2,26,10,15,21,2,1,26,14,3,3,60,68,38.0,31.0,22.0,37.0,2.0,8.0,355,446,231.0,326.0,86,164,145,162,29.0,32.0,7.0,1.0,1.39,0.46,0.57,0.46,0.03,0.0,0.6,0.46,1.83,0.15,0,0,7,1,1,2,1,4,4,1,0.0,0.0,1.1209,0.1585,0.1424,0.0688,0.0319,0.2226,0.0937,0.0145,10,8,0,0,2,0,0,0,1,0,0.5676,0.4643,0.0,0.0,0.0329,0.0,0.0,0.0,0.7884,0.0,13,8,17.25,21.53
3629135,2021-09-18,esp,2021/2022,LaLiga,5,Jesus Gil,9906,Atletico Madrid,8315,Athletic Club,1,0,0,55,45,14,6,2,0,7,3,5,3,0,0,8,4,6,2,5,5,1,2,1,2,,,10,13,4,2,1,0,1,1,14,13,9,7,3,5,19,21,0,2,56,42,41.0,30.0,15.0,12.0,15.0,9.0,489,409,402.0,320.0,191,210,211,110,55.0,22.0,7.0,2.0,0.9,1.01,0.68,0.94,0.22,0.07,0.9,1.01,0.6,0.0,2,0,4,3,2,1,4,2,2,0,0.2877,0.0,0.372,0.4632,0.0542,0.0401,0.1188,0.5084,0.0637,0.0,9,3,1,1,3,1,1,1,0,0,0.4926,0.4651,0.1842,0.4731,0.1449,0.0333,0.0747,0.0401,0.0,0.0,14,6,17.22,15.2
3629135,2021-09-18,esp,2021/2022,LaLiga,5,Jesus Gil,8315,Athletic Club,9906,Atletico Madrid,0,0,0,45,55,6,14,0,2,3,7,3,5,0,0,4,8,2,6,5,5,2,1,2,1,,,13,10,2,4,0,1,1,1,13,14,7,9,5,3,21,19,2,0,42,56,30.0,41.0,12.0,15.0,9.0,15.0,409,489,320.0,402.0,210,191,110,211,22.0,55.0,2.0,7.0,1.01,0.9,0.94,0.68,0.07,0.22,1.01,0.9,0.0,0.6,0,2,3,4,1,2,2,4,0,2,0.0,0.2877,0.4632,0.372,0.0401,0.0542,0.5084,0.1188,0.0,0.0637,3,9,1,1,1,3,1,1,0,0,0.4651,0.4926,0.4731,0.1842,0.0333,0.1449,0.0401,0.0747,0.0,0.0,6,14,15.2,17.22
3629142,2021-09-18,esp,2021/2022,LaLiga,5,Adrian Cordero,8370,Rayo Vallecano,8305,Getafe,1,3,0,50,50,11,13,5,3,4,7,2,3,0,1,7,5,4,8,5,3,3,1,1,1,,,20,16,6,7,0,0,4,0,12,16,13,7,3,2,14,11,3,2,53,69,35.0,45.0,18.0,24.0,8.0,9.0,308,313,229.0,202.0,114,96,115,106,25.0,26.0,9.0,1.0,2.26,1.14,0.47,0.19,1.0,0.16,1.48,0.35,2.52,1.27,1,0,5,4,1,1,1,5,3,3,0.5434,0.0,1.3069,0.903,0.3363,0.0211,0.0069,0.1429,0.0706,0.076,4,6,0,0,4,2,2,4,1,1,0.4746,0.1919,0.0,0.0,0.9578,0.0325,0.0433,0.1303,0.7884,0.7884,11,13,17.02,21.42
3629142,2021-09-18,esp,2021/2022,LaLiga,5,Adrian Cordero,8305,Getafe,8370,Rayo Vallecano,0,0,3,50,50,13,11,3,5,7,4,3,2,1,0,5,7,8,4,3,5,1,3,1,1,,,16,20,7,6,0,0,0,4,16,12,7,13,2,3,11,14,2,3,69,53,45.0,35.0,24.0,18.0,9.0,8.0,313,308,202.0,229.0,96,114,106,115,26.0,25.0,1.0,9.0,1.14,2.26,0.19,0.47,0.16,1.0,0.35,1.48,1.27,2.52,0,1,4,5,1,1,5,1,3,3,0.0,0.5434,0.903,1.3069,0.0211,0.3363,0.1429,0.0069,0.076,0.0706,6,4,0,0,2,4,4,2,1,1,0.1919,0.4746,0.0,0.0,0.0325,0.9578,0.1303,0.0433,0.7884,0.7884,13,11,21.42,17.02
3629143,2021-09-18,esp,2021/2022,LaLiga,5,Miguel Ortiz,10268,Elche,8581,Levante,1,1,1,54,46,9,11,2,6,2,3,5,2,0,0,6,8,3,3,4,7,0,2,0,2,,,10,14,2,2,0,0,2,2,17,20,10,5,2,4,24,18,5,1,48,42,35.0,34.0,13.0,8.0,5.0,5.0,431,373,373.0,305.0,217,191,156,114,28.0,26.0,6.0,3.0,0.44,1.18,0.31,1.01,0.13,0.18,0.44,1.18,0.76,1.23,0,0,5,5,1,3,2,3,1,0,0.0,0.0,0.2854,0.7114,0.0585,0.3797,0.0903,0.0903,0.0074,0.0,5,9,0,0,4,1,0,1,0,0,0.3085,1.0061,0.0,0.0,0.1332,0.0503,0.0,0.1251,0.0,0.0,9,11,15.79,16.07
3629143,2021-09-18,esp,2021/2022,LaLiga,5,Miguel Ortiz,8581,Levante,10268,Elche,0,1,1,46,54,11,9,6,2,3,2,2,5,0,0,8,6,3,3,7,4,2,0,2,0,,,14,10,2,2,0,0,2,2,20,17,5,10,4,2,18,24,1,5,42,48,34.0,35.0,8.0,13.0,5.0,5.0,373,431,305.0,373.0,191,217,114,156,26.0,28.0,3.0,6.0,1.18,0.44,1.01,0.31,0.18,0.13,1.18,0.44,1.23,0.76,0,0,5,5,3,1,3,2,0,1,0.0,0.0,0.7114,0.2854,0.3797,0.0585,0.0903,0.0903,0.0,0.0074,9,5,0,0,1,4,1,0,0,0,1.0061,0.3085,0.0,0.0,0.0503,0.1332,0.1251,0.0,0.0,0.0,11,9,16.07,15.79
3629137,2021-09-19,esp,2021/2022,LaLiga,5,Cesar Soto,8603,Real Betis,8558,Espanyol,1,2,2,60,40,23,11,9,4,11,3,3,4,2,0,18,8,5,3,10,4,3,2,3,1,,,13,9,4,4,1,0,0,4,20,19,10,9,4,3,19,26,2,8,50,50,38.0,38.0,12.0,12.0,9.0,8.0,475,315,415.0,245.0,178,140,237,105,24.0,17.0,6.0,2.0,1.95,1.15,1.6,1.12,0.35,0.03,1.95,1.15,2.29,0.85,3,1,7,5,8,2,3,3,2,0,0.6359,0.1792,0.7476,0.7903,0.4097,0.0579,0.1473,0.1221,0.022,0.0,16,10,1,0,4,0,2,1,0,0,1.5497,1.1168,0.0629,0.0,0.2533,0.0,0.0966,0.0327,0.0,0.0,23,11,15.48,16.15
3629137,2021-09-19,esp,2021/2022,LaLiga,5,Cesar Soto,8558,Espanyol,8603,Real Betis,0,2,2,40,60,11,23,4,9,3,11,4,3,0,2,8,18,3,5,4,10,2,3,1,3,,,9,13,4,4,0,1,4,0,19,20,9,10,3,4,26,19,8,2,50,50,38.0,38.0,12.0,12.0,8.0,9.0,315,475,245.0,415.0,140,178,105,237,17.0,24.0,2.0,6.0,1.15,1.95,1.12,1.6,0.03,0.35,1.15,1.95,0.85,2.29,1,3,5,7,2,8,3,3,0,2,0.1792,0.6359,0.7903,0.7476,0.0579,0.4097,0.1221,0.1473,0.0,0.022,10,16,0,1,0,4,1,2,0,0,1.1168,1.5497,0.0,0.0629,0.0,0.2533,0.0327,0.0966,0.0,0.0,11,23,16.15,15.48
3629139,2021-09-19,esp,2021/2022,LaLiga,5,Carlos del Cerro,8661,Mallorca,10205,Villarreal,1,0,0,34,66,10,11,1,3,5,3,4,5,0,0,8,9,2,2,3,1,0,2,0,2,,,11,16,2,3,0,0,4,2,20,10,9,5,5,4,10,9,3,1,54,47,40.0,30.0,14.0,17.0,5.0,9.0,281,551,200.0,472.0,136,242,64,230,17.0,19.0,2.0,4.0,0.46,1.61,0.37,1.58,0.09,0.03,0.46,1.61,0.08,0.78,0,1,4,7,4,1,1,1,1,1,0.0,0.3443,0.2685,1.1316,0.1329,0.0515,0.0448,0.0511,0.0149,0.0323,7,10,1,0,1,0,1,1,0,0,0.2346,1.5785,0.1318,0.0,0.0289,0.0,0.0658,0.0323,0.0,0.0,10,11,17.86,14.18
3629139,2021-09-19,esp,2021/2022,LaLiga,5,Carlos del Cerro,10205,Villarreal,8661,Mallorca,0,0,0,66,34,11,10,3,1,3,5,5,4,0,0,9,8,2,2,1,3,2,0,2,0,,,16,11,3,2,0,0,2,4,10,20,5,9,4,5,9,10,1,3,47,54,30.0,40.0,17.0,14.0,9.0,5.0,551,281,472.0,200.0,242,136,230,64,19.0,17.0,4.0,2.0,1.61,0.46,1.58,0.37,0.03,0.09,1.61,0.46,0.78,0.08,1,0,7,4,1,4,1,1,1,1,0.3443,0.0,1.1316,0.2685,0.0515,0.1329,0.0511,0.0448,0.0323,0.0149,10,7,0,1,0,1,1,1,0,0,1.5785,0.2346,0.0,0.1318,0.0,0.0289,0.0323,0.0658,0.0,0.0,11,10,14.18,17.86
3629140,2021-09-19,esp,2021/2022,LaLiga,5,Antonio Mateu,8560,Real Sociedad,8302,Sevilla,1,0,0,47,53,11,11,4,4,5,5,2,2,0,0,5,8,6,3,5,6,1,1,1,1,,,16,11,2,3,0,0,2,2,16,16,5,2,2,2,16,18,4,4,54,48,35.0,35.0,19.0,13.0,9.0,4.0,350,395,281.0,320.0,154,200,127,120,32.0,26.0,1.0,7.0,1.25,0.55,0.17,0.27,0.3,0.29,0.47,0.55,1.68,0.4,0,1,4,5,1,2,4,3,2,0,0.0,0.0263,1.0475,0.3835,0.0576,0.0628,0.1329,0.0807,0.0429,0.0,5,5,0,1,1,5,4,0,1,0,0.1688,0.2229,0.0,0.0428,0.1367,0.2876,0.1868,0.0,0.7884,0.0,11,11,19.4,16.64
3629140,2021-09-19,esp,2021/2022,LaLiga,5,Antonio Mateu,8302,Sevilla,8560,Real Sociedad,0,0,0,53,47,11,11,4,4,5,5,2,2,0,0,8,5,3,6,6,5,1,1,1,1,,,11,16,3,2,0,0,2,2,16,16,2,5,2,2,18,16,4,4,48,54,35.0,35.0,13.0,19.0,4.0,9.0,395,350,320.0,281.0,200,154,120,127,26.0,32.0,7.0,1.0,0.55,1.25,0.27,0.17,0.29,0.3,0.55,0.47,0.4,1.68,1,0,5,4,2,1,3,4,0,2,0.0263,0.0,0.3835,1.0475,0.0628,0.0576,0.0807,0.1329,0.0,0.0429,5,5,1,0,5,1,0,4,0,1,0.2229,0.1688,0.0428,0.0,0.2876,0.1367,0.0,0.1868,0.0,0.7884,11,11,16.64,19.4
3629141,2021-09-19,esp,2021/2022,LaLiga,5,Pablo Gonzalez,10267,Valencia,8633,Real Madrid,1,1,2,39,61,12,18,4,10,7,4,1,4,0,0,8,12,4,6,2,5,1,1,1,0,,,14,14,1,5,0,0,0,1,15,13,12,7,3,1,18,18,8,3,43,47,36.0,40.0,7.0,7.0,7.0,13.0,325,543,254.0,479.0,72,227,182,252,29.0,26.0,3.0,3.0,0.86,1.34,0.62,1.24,0.24,0.1,0.86,1.34,0.84,1.65,0,0,5,5,3,7,4,3,0,3,0.0,0.0,0.5967,0.84,0.1402,0.3347,0.1183,0.1,0.0,0.0638,9,15,0,0,0,3,3,0,0,0,0.6197,1.2422,0.0,0.0,0.0,0.0964,0.2355,0.0,0.0,0.0,12,18,17.93,18.51
3629141,2021-09-19,esp,2021/2022,LaLiga,5,Pablo Gonzalez,8633,Real Madrid,10267,Valencia,0,2,1,61,39,18,12,10,4,4,7,4,1,0,0,12,8,6,4,5,2,1,1,0,1,,,14,14,5,1,0,0,1,0,13,15,7,12,1,3,18,18,3,8,47,43,40.0,36.0,7.0,7.0,13.0,7.0,543,325,479.0,254.0,227,72,252,182,26.0,29.0,3.0,3.0,1.34,0.86,1.24,0.62,0.1,0.24,1.34,0.86,1.65,0.84,0,0,5,5,7,3,3,4,3,0,0.0,0.0,0.84,0.5967,0.3347,0.1402,0.1,0.1183,0.0638,0.0,15,9,0,0,3,0,0,3,0,0,1.2422,0.6197,0.0,0.0,0.0964,0.0,0.0,0.2355,0.0,0.0,18,12,18.51,17.93
3629136,2021-09-20,esp,2021/2022,LaLiga,5,Jaime Latre,8634,Barcelona,7878,Granada,1,1,1,77,23,17,5,6,2,7,2,4,1,2,0,13,4,4,1,12,4,2,1,1,0,,,15,20,3,6,0,0,1,0,15,15,8,8,1,4,11,47,1,5,71,56,47.0,34.0,24.0,22.0,12.0,4.0,639,196,583.0,122.0,193,63,390,59,15.0,25.0,13.0,4.0,1.78,0.83,0.7,0.11,1.08,0.72,1.78,0.83,1.73,0.67,2,1,9,2,2,1,3,1,1,0,1.0047,0.6308,0.5239,0.1147,0.0439,0.0331,0.1957,0.0498,0.0146,0.0,9,2,1,0,5,1,2,2,0,0,0.6796,0.1096,0.0244,0.0,0.9171,0.6308,0.1618,0.0879,0.0,0.0,17,5,14.54,14.32
3629136,2021-09-20,esp,2021/2022,LaLiga,5,Jaime Latre,7878,Granada,8634,Barcelona,0,1,1,23,77,5,17,2,6,2,7,1,4,0,2,4,13,1,4,4,12,1,2,0,1,,,20,15,6,3,0,0,0,1,15,15,8,8,4,1,47,11,5,1,56,71,34.0,47.0,22.0,24.0,4.0,12.0,196,639,122.0,583.0,63,193,59,390,25.0,15.0,4.0,13.0,0.83,1.78,0.11,0.7,0.72,1.08,0.83,1.78,0.67,1.73,1,2,2,9,1,2,1,3,0,1,0.6308,1.0047,0.1147,0.5239,0.0331,0.0439,0.0498,0.1957,0.0,0.0146,2,9,0,1,1,5,2,2,0,0,0.1096,0.6796,0.0,0.0244,0.6308,0.9171,0.0879,0.1618,0.0,0.0,5,17,14.32,14.54
3629144,2021-09-21,esp,2021/2022,LaLiga,6,Jose Munuera,8315,Athletic Club,8370,Rayo Vallecano,1,1,2,47,53,8,8,1,3,3,3,4,2,0,0,5,4,3,4,2,1,1,2,1,0,,,16,20,3,3,0,0,1,2,14,12,5,16,2,4,16,16,1,1,64,50,42.0,36.0,22.0,14.0,10.0,9.0,386,436,276.0,333.0,135,183,141,150,25.0,51.0,1.0,4.0,0.79,0.99,0.7,0.44,0.09,0.55,0.79,0.99,0.11,1.41,0,1,3,1,2,2,2,2,1,2,0.0,0.5413,0.8052,0.0254,0.0393,0.2672,0.0748,0.1155,0.0103,0.0358,6,4,0,2,1,1,1,1,0,0,0.8903,0.2965,0.0,0.1386,0.0237,0.0087,0.0156,0.5413,0.0,0.0,8,8,18.1,18.72
3629144,2021-09-21,esp,2021/2022,LaLiga,6,Jose Munuera,8370,Rayo Vallecano,8315,Athletic Club,0,2,1,53,47,8,8,3,1,3,3,2,4,0,0,4,5,4,3,1,2,2,1,0,1,,,20,16,3,3,0,0,2,1,12,14,16,5,4,2,16,16,1,1,50,64,36.0,42.0,14.0,22.0,9.0,10.0,436,386,333.0,276.0,183,135,150,141,51.0,25.0,4.0,1.0,0.99,0.79,0.44,0.7,0.55,0.09,0.99,0.79,1.41,0.11,1,0,1,3,2,2,2,2,2,1,0.5413,0.0,0.0254,0.8052,0.2672,0.0393,0.1155,0.0748,0.0358,0.0103,4,6,2,0,1,1,1,1,0,0,0.2965,0.8903,0.1386,0.0,0.0087,0.0237,0.5413,0.0156,0.0,0.0,8,8,18.72,18.1
3629145,2021-09-21,esp,2021/2022,LaLiga,6,Guillermo Cuadra,8305,Getafe,9906,Atletico Madrid,1,1,2,32,68,7,12,1,4,4,4,2,4,1,1,4,8,3,4,2,5,0,3,0,1,,,15,11,4,5,1,0,3,2,14,15,19,15,3,2,43,13,2,1,38,63,26.0,36.0,12.0,27.0,3.0,6.0,254,543,158.0,438.0,80,214,78,224,23.0,38.0,2.0,5.0,0.3,1.13,0.14,0.94,0.16,0.19,0.3,1.13,0.24,1.32,0,1,3,7,1,0,3,2,0,2,0.0,0.1505,0.1846,0.9406,0.0517,0.0,0.0629,0.0288,0.0,0.0238,5,8,0,0,1,2,1,2,0,0,0.1363,0.9534,0.0,0.0,0.1243,0.033,0.0385,0.1573,0.0,0.0,7,12,17.89,16.73
3629145,2021-09-21,esp,2021/2022,LaLiga,6,Guillermo Cuadra,9906,Atletico Madrid,8305,Getafe,0,2,1,68,32,12,7,4,1,4,4,4,2,1,1,8,4,4,3,5,2,3,0,1,0,,,11,15,5,4,0,1,2,3,15,14,15,19,2,3,13,43,1,2,63,38,36.0,26.0,27.0,12.0,6.0,3.0,543,254,438.0,158.0,214,80,224,78,38.0,23.0,5.0,2.0,1.13,0.3,0.94,0.14,0.19,0.16,1.13,0.3,1.32,0.24,1,0,7,3,0,1,2,3,2,0,0.1505,0.0,0.9406,0.1846,0.0,0.0517,0.0288,0.0629,0.0238,0.0,8,5,0,0,2,1,2,1,0,0,0.9534,0.1363,0.0,0.0,0.033,0.1243,0.1573,0.0385,0.0,0.0,12,7,16.73,17.89
3629149,2021-09-21,esp,2021/2022,LaLiga,6,Jorge Figueroa,8581,Levante,9910,Celta Vigo,1,0,2,45,55,6,4,2,2,4,1,0,1,0,0,3,4,3,0,2,4,2,2,2,0,,,16,12,3,2,0,0,1,4,16,18,19,13,1,0,14,15,0,2,58,67,40.0,45.0,18.0,22.0,13.0,12.0,367,449,265.0,348.0,155,211,110,137,26.0,42.0,1.0,2.0,1.71,0.68,0.92,0.68,,,0.92,0.68,1.19,1.61,1,0,2,3,0,1,2,0,1,0,0.6201,0.0,1.0249,0.6606,0.0,0.0217,0.0485,0.0,0.0188,0.0,5,4,0,0,0,0,0,0,1,0,0.9239,0.6823,0.0,0.0,0.0,0.0,0.0,0.0,0.7884,0.0,6,4,18.63,13.7
3629149,2021-09-21,esp,2021/2022,LaLiga,6,Jorge Figueroa,9910,Celta Vigo,8581,Levante,0,2,0,55,45,4,6,2,2,1,4,1,0,0,0,4,3,0,3,4,2,2,2,0,2,,,12,16,2,3,0,0,4,1,18,16,13,19,0,1,15,14,2,0,67,58,45.0,40.0,22.0,18.0,12.0,13.0,449,367,348.0,265.0,211,155,137,110,42.0,26.0,2.0,1.0,0.68,1.71,0.68,0.92,,,0.68,0.92,1.61,1.19,0,1,3,2,1,0,0,2,0,1,0.0,0.6201,0.6606,1.0249,0.0217,0.0,0.0,0.0485,0.0,0.0188,4,5,0,0,0,0,0,0,0,1,0.6823,0.9239,0.0,0.0,0.0,0.0,0.0,0.0,0.0,0.7884,4,6,13.7,18.63
3629148,2021-09-22,esp,2021/2022,LaLiga,6,Mario Melero,8558,Espanyol,9866,Deportivo Alaves,1,1,0,53,47,10,7,2,2,3,3,5,2,0,0,10,6,0,1,4,8,2,0,1,0,17,30,14,18,2,1,0,0,3,5,11,15,7,12,2,4,27,15,2,1,49,54,34.0,31.0,15.0,23.0,8.0,3.0,425,367,345.0,279.0,213,125,132,154,43.0,34.0,5.0,9.0,1.77,0.5,0.71,0.39,0.27,0.11,0.98,0.5,1.73,0.24,0,0,7,5,3,1,0,1,0,0,0.0,0.0,1.6522,0.3928,0.1174,0.0853,0.0,0.0237,0.0,0.0,4,5,0,0,5,2,0,0,1,0,0.7094,0.3873,0.0,0.0,0.2718,0.1145,0.0,0.0,0.7884,0.0,10,7,13.46,14.74
3629148,2021-09-22,esp,2021/2022,LaLiga,6,Mario Melero,9866,Deportivo Alaves,8558,Espanyol,0,0,1,47,53,7,10,2,2,3,3,2,5,0,0,6,10,1,0,8,4,0,2,0,1,30,17,18,14,1,2,0,0,5,3,15,11,12,7,4,2,15,27,1,2,54,49,31.0,34.0,23.0,15.0,3.0,8.0,367,425,279.0,345.0,125,213,154,132,34.0,43.0,9.0,5.0,0.5,1.77,0.39,0.71,0.11,0.27,0.5,0.98,0.24,1.73,0,0,5,7,1,3,1,0,0,0,0.0,0.0,0.3928,1.6522,0.0853,0.1174,0.0237,0.0,0.0,0.0,5,4,0,0,2,5,0,0,0,1,0.3873,0.7094,0.0,0.0,0.1145,0.2718,0.0,0.0,0.0,0.7884,7,10,14.74,13.46
3629151,2021-09-22,esp,2021/2022,LaLiga,6,Javier Alberola,8633,Real Madrid,8661,Mallorca,1,6,1,59,41,18,17,12,5,4,7,2,5,0,0,12,10,6,7,3,2,3,2,1,2,,,18,8,2,1,0,0,2,0,20,14,14,6,5,3,8,17,4,5,58,48,43.0,42.0,15.0,6.0,16.0,10.0,534,366,475.0,312.0,239,153,236,159,23.0,23.0,3.0,2.0,3.25,1.44,3.15,1.03,0.1,0.42,3.25,1.44,3.51,0.67,3,0,8,5,1,5,5,5,1,2,0.9331,0.0,1.3448,0.5858,0.0863,0.665,0.2109,0.1412,0.0293,0.0516,17,12,0,0,1,1,0,4,0,0,2.5375,1.0272,0.0,0.0,0.0668,0.1218,0.0,0.2946,0.0,0.0,18,17,14.65,19.93
3629151,2021-09-22,esp,2021/2022,LaLiga,6,Javier Alberola,8661,Mallorca,8633,Real Madrid,0,1,6,41,59,17,18,5,12,7,4,5,2,0,0,10,12,7,6,2,3,2,3,2,1,,,8,18,1,2,0,0,0,2,14,20,6,14,3,5,17,8,5,4,48,58,42.0,43.0,6.0,15.0,10.0,16.0,366,534,312.0,475.0,153,239,159,236,23.0,23.0,2.0,3.0,1.44,3.25,1.03,3.15,0.42,0.1,1.44,3.25,0.67,3.51,0,3,5,8,5,1,5,5,2,1,0.0,0.9331,0.5858,1.3448,0.665,0.0863,0.1412,0.2109,0.0516,0.0293,12,17,0,0,1,1,4,0,0,0,1.0272,2.5375,0.0,0.0,0.1218,0.0668,0.2946,0.0,0.0,0.0,17,18,19.93,14.65
3629152,2021-09-22,esp,2021/2022,LaLiga,6,Jose Sanchez,8302,Sevilla,10267,Valencia,1,3,1,58,42,11,8,5,3,6,1,0,4,0,0,6,6,5,2,1,4,2,0,2,0,,,25,21,5,3,0,0,2,0,25,17,6,9,4,0,11,10,2,2,71,67,52.0,52.0,19.0,15.0,9.0,11.0,439,306,353.0,233.0,186,93,167,140,33.0,25.0,5.0,2.0,1.02,0.38,0.76,0.22,0.26,0.16,1.02,0.38,0.6,0.59,0,0,4,5,2,1,1,1,4,1,0.0,0.0,0.6588,0.2232,0.2294,0.0521,0.0192,0.0963,0.1129,0.0126,8,3,1,1,0,0,2,4,0,0,0.5886,0.1248,0.1702,0.0963,0.0,0.0,0.2615,0.163,0.0,0.0,11,8,18.68,15.41
3629152,2021-09-22,esp,2021/2022,LaLiga,6,Jose Sanchez,10267,Valencia,8302,Sevilla,0,1,3,42,58,8,11,3,5,1,6,4,0,0,0,6,6,2,5,4,1,0,2,0,2,,,21,25,3,5,0,0,0,2,17,25,9,6,0,4,10,11,2,2,67,71,52.0,52.0,15.0,19.0,11.0,9.0,306,439,233.0,353.0,93,186,140,167,25.0,33.0,2.0,5.0,0.38,1.02,0.22,0.76,0.16,0.26,0.38,1.02,0.59,0.6,0,0,5,4,1,2,1,1,1,4,0.0,0.0,0.2232,0.6588,0.0521,0.2294,0.0963,0.0192,0.0126,0.1129,3,8,1,1,0,0,4,2,0,0,0.1248,0.5886,0.0963,0.1702,0.0,0.0,0.163,0.2615,0.0,0.0,8,11,15.41,18.68
3629153,2021-09-22,esp,2021/2022,LaLiga,6,Alejandro Muniz,10205,Villarreal,10268,Elche,1,4,1,60,40,14,9,9,3,3,3,2,3,0,0,10,7,4,2,8,7,5,3,1,3,,,16,11,1,2,0,0,3,1,16,15,10,17,3,2,12,22,2,5,44,46,37.0,37.0,7.0,9.0,11.0,6.0,536,340,456.0,262.0,218,169,238,93,26.0,33.0,4.0,6.0,3.14,1.16,2.6,1.13,0.53,0.03,3.14,1.16,3.54,1.03,1,2,8,4,1,1,2,2,2,0,0.7279,0.5597,2.1741,0.5387,0.0702,0.0209,0.2037,0.0418,0.0551,0.0,8,7,4,1,2,0,0,1,0,0,1.2428,0.925,1.454,0.2038,0.534,0.0,0.0,0.0323,0.0,0.0,14,9,15.24,19.05
3629153,2021-09-22,esp,2021/2022,LaLiga,6,Alejandro Muniz,10268,Elche,10205,Villarreal,0,1,4,40,60,9,14,3,9,3,3,3,2,0,0,7,10,2,4,7,8,3,5,3,1,,,11,16,2,1,0,0,1,3,15,16,17,10,2,3,22,12,5,2,46,44,37.0,37.0,9.0,7.0,6.0,11.0,340,536,262.0,456.0,169,218,93,238,33.0,26.0,6.0,4.0,1.16,3.14,1.13,2.6,0.03,0.53,1.16,3.14,1.03,3.54,2,1,4,8,1,1,2,2,0,2,0.5597,0.7279,0.5387,2.1741,0.0209,0.0702,0.0418,0.2037,0.0,0.0551,7,8,1,4,0,2,1,0,0,0,0.925,1.2428,0.2038,1.454,0.0,0.534,0.0323,0.0,0.0,0.0,9,14,19.05,15.24
3629146,2021-09-23,esp,2021/2022,LaLiga,6,Carlos del Cerro,8385,Cadiz,8634,Barcelona,1,0,0,32,68,13,6,3,2,5,3,5,1,0,0,8,4,5,2,4,5,2,2,2,2,,,16,8,3,2,0,1,1,1,20,19,17,6,1,5,19,18,2,3,47,59,37.0,42.0,10.0,17.0,10.0,7.0,281,637,201.0,550.0,91,202,110,348,27.0,21.0,7.0,7.0,1.26,0.45,1.03,0.33,0.23,0.12,1.26,0.45,0.8,0.16,1,0,7,2,0,2,3,2,2,0,0.1295,0.0,1.1224,0.274,0.0,0.0644,0.0936,0.1083,0.0382,0.0,9,3,0,1,1,1,3,1,0,0,1.1499,0.1386,0.0,0.1867,0.0736,0.0872,0.1602,0.0341,0.0,0.0,13,6,16.73,16.99
3629146,2021-09-23,esp,2021/2022,LaLiga,6,Carlos del Cerro,8634,Barcelona,8385,Cadiz,0,0,0,68,32,6,13,2,3,3,5,1,5,0,0,4,8,2,5,5,4,2,2,2,2,,,8,16,2,3,1,0,1,1,19,20,6,17,5,1,18,19,3,2,59,47,42.0,37.0,17.0,10.0,7.0,10.0,637,281,550.0,201.0,202,91,348,110,21.0,27.0,7.0,7.0,0.45,1.26,0.33,1.03,0.12,0.23,0.45,1.26,0.16,0.8,0,1,2,7,2,0,2,3,0,2,0.0,0.1295,0.274,1.1224,0.0644,0.0,0.1083,0.0936,0.0,0.0382,3,9,1,0,1,1,1,3,0,0,0.1386,1.1499,0.1867,0.0,0.0872,0.0736,0.0341,0.1602,0.0,0.0,6,13,16.99,16.73
3629147,2021-09-23,esp,2021/2022,LaLiga,6,Valentin Pizarro,7878,Granada,8560,Real Sociedad,1,2,3,38,62,10,20,2,11,2,4,6,5,0,0,7,12,3,8,4,7,2,3,1,3,,,11,16,5,1,0,0,1,1,15,8,3,3,5,5,19,21,8,0,52,49,32.0,25.0,20.0,24.0,1.0,7.0,296,476,211.0,391.0,104,195,107,196,27.0,27.0,2.0,8.0,1.33,1.75,0.37,1.29,0.16,0.47,0.54,1.75,1.26,2.98,0,0,5,11,2,1,2,5,1,3,0.0,0.0,1.204,1.4889,0.0451,0.0767,0.0674,0.1475,0.0088,0.0709,5,15,0,0,1,5,3,0,1,0,0.373,1.319,0.0,0.0,0.0918,0.465,0.072,0.0,0.7884,0.0,10,20,17.2,16.42
3629147,2021-09-23,esp,2021/2022,LaLiga,6,Valentin Pizarro,8560,Real Sociedad,7878,Granada,0,3,2,62,38,20,10,11,2,4,2,5,6,0,0,12,7,8,3,7,4,3,2,3,1,,,16,11,1,5,0,0,1,1,8,15,3,3,5,5,21,19,0,8,49,52,25.0,32.0,24.0,20.0,7.0,1.0,476,296,391.0,211.0,195,104,196,107,27.0,27.0,8.0,2.0,1.75,1.33,1.29,0.37,0.47,0.16,1.75,0.54,2.98,1.26,0,0,11,5,1,2,5,2,3,1,0.0,0.0,1.4889,1.204,0.0767,0.0451,0.1475,0.0674,0.0709,0.0088,15,5,0,0,5,1,0,3,0,1,1.319,0.373,0.0,0.0,0.465,0.0918,0.0,0.072,0.0,0.7884,20,10,16.42,17.2
3629150,2021-09-23,esp,2021/2022,LaLiga,6,Juan Martinez,8371,Osasuna,8603,Real Betis,1,1,3,48,52,11,16,3,9,5,2,3,5,0,0,5,8,6,8,4,7,1,3,0,1,,,18,10,2,0,0,0,2,2,10,12,11,6,5,3,17,29,6,2,43,63,27.0,35.0,16.0,28.0,9.0,8.0,373,410,274.0,319.0,105,216,169,103,27.0,28.0,5.0,5.0,0.98,2.45,0.97,2.14,0.01,0.31,0.98,2.45,1.55,3.09,0,2,4,3,1,3,5,5,1,3,0.0,0.7623,0.8305,0.3153,0.0228,0.2004,0.1186,0.6457,0.0088,0.5232,10,8,0,3,1,3,0,2,0,0,0.9718,1.0324,0.0,1.1079,0.0089,0.1603,0.0,0.1463,0.0,0.0,11,16,21.36,16.18
3629150,2021-09-23,esp,2021/2022,LaLiga,6,Juan Martinez,8603,Real Betis,8371,Osasuna,0,3,1,52,48,16,11,9,3,2,5,5,3,0,0,8,5,8,6,7,4,3,1,1,0,,,10,18,0,2,0,0,2,2,12,10,6,11,3,5,29,17,2,6,63,43,35.0,27.0,28.0,16.0,8.0,9.0,410,373,319.0,274.0,216,105,103,169,28.0,27.0,5.0,5.0,2.45,0.98,2.14,0.97,0.31,0.01,2.45,0.98,3.09,1.55,2,0,3,4,3,1,5,5,3,1,0.7623,0.0,0.3153,0.8305,0.2004,0.0228,0.6457,0.1186,0.5232,0.0088,8,10,3,0,3,1,2,0,0,0,1.0324,0.9718,1.1079,0.0,0.1603,0.0089,0.1463,0.0,0.0,0.0,16,11,16.18,21.36
3629154,2021-09-25,esp,2021/2022,LaLiga,7,Antonio Mateu,9866,Deportivo Alaves,9906,Atlético Madrid,1,1,0,29,71,7,13,1,1,5,10,1,2,0,0,6,6,1,7,3,8,2,0,1,0,11,29,18,11,2,3,0,0,0,2,11,9,8,5,2,1,43,11,1,0,51,56,32.0,39.0,19.0,17.0,11.0,15.0,237,576,151.0,494.0,89,209,62,285,27.0,29.0,4.0,3.0,0.73,0.69,0.54,0.44,0.19,0.25,0.73,0.69,0.51,0.1,1,1,3,4,2,1,1,4,0,3,0.1791,0.1677,0.4676,0.3361,0.0668,0.0429,0.0156,0.1025,0.0,0.0432,5,9,0,0,1,3,1,1,0,0,0.5419,0.4418,0.0,0.0,0.1791,0.0829,0.008,0.1677,0.0,0.0,7,13,15.14,19.6
3629154,2021-09-25,esp,2021/2022,LaLiga,7,Antonio Mateu,9906,Atlético Madrid,9866,Deportivo Alaves,0,0,1,71,29,13,7,1,1,10,5,2,1,0,0,6,6,7,1,8,3,0,2,0,1,29,11,11,18,3,2,0,0,2,0,9,11,5,8,1,2,11,43,0,1,56,51,39.0,32.0,17.0,19.0,15.0,11.0,576,237,494.0,151.0,209,89,285,62,29.0,27.0,3.0,4.0,0.69,0.73,0.44,0.54,0.25,0.19,0.69,0.73,0.1,0.51,1,1,4,3,1,2,4,1,3,0,0.1677,0.1791,0.3361,0.4676,0.0429,0.0668,0.1025,0.0156,0.0432,0.0,9,5,0,0,3,1,1,1,0,0,0.4418,0.5419,0.0,0.0,0.0829,0.1791,0.1677,0.008,0.0,0.0,13,7,19.6,15.14
3629159,2021-09-25,esp,2021/2022,LaLiga,7,Jesus Gil,8633,Real Madrid,10205,Villarreal,1,0,0,49,51,15,6,2,2,6,4,7,0,0,0,8,4,7,2,6,3,3,1,3,1,,,10,12,1,2,0,0,3,3,12,14,15,6,0,6,9,22,2,2,36,49,29.0,39.0,7.0,10.0,5.0,15.0,500,543,449.0,480.0,160,288,289,192,23.0,34.0,6.0,2.0,1.19,0.54,0.71,0.23,0.48,0.32,1.19,0.54,1.19,0.35,1,2,3,1,4,1,5,2,2,0,0.2599,0.3151,0.6379,0.0872,0.0913,0.0256,0.1838,0.1123,0.0271,0.0,11,4,1,0,2,1,1,1,0,0,0.6468,0.2251,0.0687,0.0,0.1183,0.145,0.3662,0.1701,0.0,0.0,15,6,18.55,13.99
3629159,2021-09-25,esp,2021/2022,LaLiga,7,Jesus Gil,10205,Villarreal,8633,Real Madrid,0,0,0,51,49,6,15,2,2,4,6,0,7,0,0,4,8,2,7,3,6,1,3,1,3,,,12,10,2,1,0,0,3,3,14,12,6,15,6,0,22,9,2,2,49,36,39.0,29.0,10.0,7.0,15.0,5.0,543,500,480.0,449.0,288,160,192,289,34.0,23.0,2.0,6.0,0.54,1.19,0.23,0.71,0.32,0.48,0.54,1.19,0.35,1.19,2,1,1,3,1,4,2,5,0,2,0.3151,0.2599,0.0872,0.6379,0.0256,0.0913,0.1123,0.1838,0.0,0.0271,4,11,0,1,1,2,1,1,0,0,0.2251,0.6468,0.0,0.0687,0.145,0.1183,0.1701,0.3662,0.0,0.0,6,15,13.99,18.55
3629161,2021-09-25,esp,2021/2022,LaLiga,7,Pablo Gonzalez,8302,Sevilla,8558,Espanyol,1,2,0,54,46,12,13,5,2,5,7,2,4,0,0,7,5,5,8,4,8,1,0,0,0,,,10,8,2,0,1,0,4,2,17,15,8,8,3,2,24,15,2,4,51,48,32.0,36.0,19.0,12.0,8.0,11.0,482,396,415.0,331.0,216,134,199,197,43.0,35.0,3.0,5.0,1.82,0.67,1.4,0.27,0.42,0.4,1.82,0.67,2.16,0.25,1,0,6,5,0,0,5,5,0,3,0.9822,0.0,0.7147,0.4937,0.0,0.0,0.1275,0.1306,0.0,0.0434,6,8,1,0,3,3,2,2,0,0,1.2042,0.269,0.1985,0.0,0.2147,0.2597,0.2071,0.139,0.0,0.0,12,13,16.1,20.97
3629161,2021-09-25,esp,2021/2022,LaLiga,7,Pablo Gonzalez,8558,Espanyol,8302,Sevilla,0,0,2,46,54,13,12,2,5,7,5,4,2,0,0,5,7,8,5,8,4,0,1,0,0,,,8,10,0,2,0,1,2,4,15,17,8,8,2,3,15,24,4,2,48,51,36.0,32.0,12.0,19.0,11.0,8.0,396,482,331.0,415.0,134,216,197,199,35.0,43.0,5.0,3.0,0.67,1.82,0.27,1.4,0.4,0.42,0.67,1.82,0.25,2.16,0,1,5,6,0,0,5,5,3,0,0.0,0.9822,0.4937,0.7147,0.0,0.0,0.1306,0.1275,0.0434,0.0,8,6,0,1,3,3,2,2,0,0,0.269,1.2042,0.0,0.1985,0.2597,0.2147,0.139,0.2071,0.0,0.0,13,12,20.97,16.1
3629162,2021-09-25,esp,2021/2022,LaLiga,7,Alejandro Hernandez,10267,Valencia,8315,Athletic Club,1,1,1,52,48,13,12,6,4,3,4,4,4,0,0,7,9,6,3,4,5,2,0,1,0,,,14,17,3,2,1,0,0,3,13,13,14,6,4,4,22,23,3,5,53,55,33.0,34.0,20.0,21.0,3.0,8.0,355,328,262.0,228.0,96,112,166,116,56.0,28.0,4.0,6.0,0.9,0.8,0.72,0.52,0.18,0.28,0.9,0.8,1.56,0.86,1,1,3,7,3,1,3,1,3,2,0.1039,0.1169,0.4405,0.5835,0.2099,0.0177,0.066,0.0467,0.0819,0.0384,10,7,0,2,1,3,2,0,0,0,0.7207,0.4576,0.0,0.0649,0.1039,0.2807,0.0775,0.0,0.0,0.0,13,12,19.93,16.31
3629162,2021-09-25,esp,2021/2022,LaLiga,7,Alejandro Hernandez,8315,Athletic Club,10267,Valencia,0,1,1,48,52,12,13,4,6,4,3,4,4,0,0,9,7,3,6,5,4,0,2,0,1,,,17,14,2,3,0,1,3,0,13,13,6,14,4,4,23,22,5,3,55,53,34.0,33.0,21.0,20.0,8.0,3.0,328,355,228.0,262.0,112,96,116,166,28.0,56.0,6.0,4.0,0.8,0.9,0.52,0.72,0.28,0.18,0.8,0.9,0.86,1.56,1,1,7,3,1,3,1,3,2,3,0.1169,0.1039,0.5835,0.4405,0.0177,0.2099,0.0467,0.066,0.0384,0.0819,7,10,2,0,3,1,0,2,0,0,0.4576,0.7207,0.0649,0.0,0.2807,0.1039,0.0,0.0775,0.0,0.0,12,13,16.31,19.93
3629155,2021-09-26,esp,2021/2022,LaLiga,7,Isidro Diaz de Mera,8634,Barcelona,8581,Levante,1,3,0,70,30,20,6,12,2,4,4,4,0,0,0,12,4,8,2,11,1,5,2,3,2,,,11,16,1,3,0,0,0,0,14,22,3,12,0,4,8,22,2,9,64,44,52.0,40.0,12.0,4.0,22.0,7.0,686,290,624.0,210.0,282,151,342,59,32.0,22.0,6.0,1.0,2.95,0.77,1.8,0.77,0.36,0.0,2.16,0.77,2.96,0.75,2,0,7,2,3,2,5,1,3,1,0.3766,0.0,1.8896,0.6661,0.3628,0.0534,0.2272,0.033,0.0928,0.0132,16,6,1,0,2,0,0,0,1,0,1.6222,0.7658,0.1789,0.0,0.3595,0.0,0.0,0.0,0.7884,0.0,20,6,16.0,18.75
3629155,2021-09-26,esp,2021/2022,LaLiga,7,Isidro Diaz de Mera,8581,Levante,8634,Barcelona,0,0,3,30,70,6,20,2,12,4,4,0,4,0,0,4,12,2,8,1,11,2,5,2,3,,,16,11,3,1,0,0,0,0,22,14,12,3,4,0,22,8,9,2,44,64,40.0,52.0,4.0,12.0,7.0,22.0,290,686,210.0,624.0,151,282,59,342,22.0,32.0,1.0,6.0,0.77,2.95,0.77,1.8,0.0,0.36,0.77,2.16,0.75,2.96,0,2,2,7,2,3,1,5,1,3,0.0,0.3766,0.6661,1.8896,0.0534,0.3628,0.033,0.2272,0.0132,0.0928,6,16,0,1,0,2,0,0,0,1,0.7658,1.6222,0.0,0.1789,0.0,0.3595,0.0,0.0,0.0,0.7884,6,20,18.75,16.0
3629156,2021-09-26,esp,2021/2022,LaLiga,7,Jaime Latre,8603,Real Betis,8305,Getafe,1,2,0,51,49,20,8,5,3,12,4,3,1,3,1,12,4,8,4,3,3,4,1,3,1,,,12,19,1,3,0,0,3,1,24,23,9,12,1,3,21,13,3,3,72,51,53.0,40.0,19.0,11.0,11.0,7.0,461,417,372.0,336.0,226,173,146,163,29.0,35.0,1.0,3.0,1.9,0.61,1.79,0.58,0.11,0.03,1.9,0.61,1.58,0.35,1,0,7,3,4,1,7,3,1,1,0.5939,0.0,0.7445,0.4646,0.2105,0.053,0.3465,0.0615,0.0258,0.0319,15,7,3,0,1,1,1,0,0,0,1.3114,0.5844,0.4994,0.0,0.0845,0.0266,0.0258,0.0,0.0,0.0,20,8,18.83,19.03
3629156,2021-09-26,esp,2021/2022,LaLiga,7,Jaime Latre,8305,Getafe,8603,Real Betis,0,0,2,49,51,8,20,3,5,4,12,1,3,1,3,4,12,4,8,3,3,1,4,1,3,,,19,12,3,1,0,0,1,3,23,24,12,9,3,1,13,21,3,3,51,72,40.0,53.0,11.0,19.0,7.0,11.0,417,461,336.0,372.0,173,226,163,146,35.0,29.0,3.0,1.0,0.61,1.9,0.58,1.79,0.03,0.11,0.61,1.9,0.35,1.58,0,1,3,7,1,4,3,7,1,1,0.0,0.5939,0.4646,0.7445,0.053,0.2105,0.0615,0.3465,0.0319,0.0258,7,15,0,3,1,1,0,1,0,0,0.5844,1.3114,0.0,0.4994,0.0266,0.0845,0.0,0.0258,0.0,0.0,8,20,19.03,18.83
3629158,2021-09-26,esp,2021/2022,LaLiga,7,Miguel Ortiz,8661,Mallorca,8371,Osasuna,1,2,3,56,44,17,11,8,6,5,4,4,1,0,0,9,4,8,7,5,5,5,2,3,1,,,8,17,2,3,0,0,4,0,13,12,13,4,1,3,25,26,3,6,56,51,38.0,22.0,18.0,29.0,9.0,4.0,362,292,284.0,199.0,163,83,121,116,28.0,20.0,2.0,3.0,2.51,0.96,0.6,0.83,1.91,0.13,2.51,0.96,4.3,1.47,3,1,5,3,1,0,6,3,2,4,1.1591,0.256,1.4399,0.4571,0.0508,0.0,0.2199,0.1336,0.0741,0.1101,7,10,0,0,7,0,3,1,0,0,0.8542,0.9245,0.0,0.0,1.8284,0.0,0.2612,0.0323,0.0,0.0,17,11,15.16,19.75
3629158,2021-09-26,esp,2021/2022,LaLiga,7,Miguel Ortiz,8371,Osasuna,8661,Mallorca,0,3,2,44,56,11,17,6,8,4,5,1,4,0,0,4,9,7,8,5,5,2,5,1,3,,,17,8,3,2,0,0,0,4,12,13,4,13,3,1,26,25,6,3,51,56,22.0,38.0,29.0,18.0,4.0,9.0,292,362,199.0,284.0,83,163,116,121,20.0,28.0,3.0,2.0,0.96,2.51,0.83,0.6,0.13,1.91,0.96,2.51,1.47,4.3,1,3,3,5,0,1,3,6,4,2,0.256,1.1591,0.4571,1.4399,0.0,0.0508,0.1336,0.2199,0.1101,0.0741,10,7,0,0,0,7,1,3,0,0,0.9245,0.8542,0.0,0.0,0.0,1.8284,0.0323,0.2612,0.0,0.0,11,17,19.75,15.16
3629160,2021-09-26,esp,2021/2022,LaLiga,7,Adrian Cordero,8560,Real Sociedad,10268,Elche,1,1,0,64,36,18,5,5,2,7,3,6,0,0,1,13,2,5,3,6,1,3,1,2,1,,,12,16,1,3,0,0,4,0,9,18,5,5,0,7,5,17,2,3,56,51,31.0,37.0,25.0,14.0,7.0,9.0,533,296,458.0,216.0,242,133,216,83,38.0,21.0,6.0,4.0,2.41,0.5,1.84,0.5,0.57,0.0,2.41,0.5,1.27,0.43,1,1,10,0,2,1,4,3,1,0,0.0965,0.3097,2.2579,0.0,0.0692,0.1303,0.0716,0.0643,0.0055,0.0,12,4,0,1,4,0,2,0,0,0,2.091,0.374,0.0,0.1303,0.352,0.0,0.0577,0.0,0.0,0.0,18,5,17.56,22.52
3629160,2021-09-26,esp,2021/2022,LaLiga,7,Adrian Cordero,10268,Elche,8560,Real Sociedad,0,0,1,36,64,5,18,2,5,3,7,0,6,1,0,2,13,3,5,1,6,1,3,1,2,,,16,12,3,1,0,0,0,4,18,9,5,5,7,0,17,5,3,2,51,56,37.0,31.0,14.0,25.0,9.0,7.0,296,533,216.0,458.0,133,242,83,216,21.0,38.0,4.0,6.0,0.5,2.41,0.5,1.84,0.0,0.57,0.5,2.41,0.43,1.27,1,1,0,10,1,2,3,4,0,1,0.3097,0.0965,0.0,2.2579,0.1303,0.0692,0.0643,0.0716,0.0,0.0055,4,12,1,0,0,4,0,2,0,0,0.374,2.091,0.1303,0.0,0.0,0.352,0.0,0.0577,0.0,0.0,5,18,22.52,17.56
3629163,2021-09-26,esp,2021/2022,LaLiga,7,Ricardo De Burgos,8370,Rayo Vallecano,8385,Cadiz,1,3,1,59,41,13,6,6,1,3,5,4,0,1,1,11,6,2,0,4,3,2,2,0,1,,,11,11,2,4,0,0,2,2,12,20,11,15,0,3,19,10,0,3,60,69,38.0,43.0,22.0,26.0,15.0,12.0,441,289,336.0,184.0,178,78,158,106,28.0,29.0,5.0,5.0,1.28,0.98,1.15,0.08,0.13,0.9,1.28,0.98,3.11,0.77,2,2,7,3,2,1,1,0,1,0,0.5466,0.733,0.6408,0.2417,0.085,0.0099,0.0435,0.0,0.0251,0.0,10,3,0,0,1,2,2,1,0,0,1.211,0.0845,0.0,0.0,0.0149,0.3868,0.1151,0.5133,0.0,0.0,13,6,13.31,10.43
3629163,2021-09-26,esp,2021/2022,LaLiga,7,Ricardo De Burgos,8385,Cadiz,8370,Rayo Vallecano,0,1,3,41,59,6,13,1,6,5,3,0,4,1,1,6,11,0,2,3,4,2,2,1,0,,,11,11,4,2,0,0,2,2,20,12,15,11,3,0,10,19,3,0,69,60,43.0,38.0,26.0,22.0,12.0,15.0,289,441,184.0,336.0,78,178,106,158,29.0,28.0,5.0,5.0,0.98,1.28,0.08,1.15,0.9,0.13,0.98,1.28,0.77,3.11,2,2,3,7,1,2,0,1,0,1,0.733,0.5466,0.2417,0.6408,0.0099,0.085,0.0,0.0435,0.0,0.0251,3,10,0,0,2,1,1,2,0,0,0.0845,1.211,0.0,0.0,0.3868,0.0149,0.5133,0.1151,0.0,0.0,6,13,10.43,13.31
3629157,2021-09-27,esp,2021/2022,LaLiga,7,Cesar Soto,9910,Celta Vigo,7878,Granada,1,1,0,73,27,14,7,5,4,7,2,2,1,0,0,9,5,5,2,5,3,1,1,1,1,,,9,12,2,7,0,0,1,0,13,10,7,15,1,2,5,24,4,4,49,45,30.0,27.0,19.0,18.0,7.0,9.0,587,213,497.0,113.0,192,73,305,40,46.0,22.0,5.0,5.0,1.3,0.79,0.45,0.79,0.07,0.0,0.52,0.79,1.51,0.58,0,0,9,3,0,2,3,1,2,1,0.0,0.0,1.1999,0.5907,0.0,0.2228,0.0783,0.0195,0.0255,0.0388,10,7,0,0,2,0,1,0,1,0,0.4461,0.8718,0.0,0.0,0.0337,0.0,0.0356,0.0,0.7884,0.0,14,7,20.46,16.19
3629157,2021-09-27,esp,2021/2022,LaLiga,7,Cesar Soto,7878,Granada,9910,Celta Vigo,0,0,1,27,73,7,14,4,5,2,7,1,2,0,0,5,9,2,5,3,5,1,1,1,1,,,12,9,7,2,0,0,0,1,10,13,15,7,2,1,24,5,4,4,45,49,27.0,30.0,18.0,19.0,9.0,7.0,213,587,113.0,497.0,73,192,40,305,22.0,46.0,5.0,5.0,0.79,1.3,0.79,0.45,0.0,0.07,0.79,0.52,0.58,1.51,0,0,3,9,2,0,1,3,1,2,0.0,0.0,0.5907,1.1999,0.2228,0.0,0.0195,0.0783,0.0388,0.0255,7,10,0,0,0,2,0,1,0,1,0.8718,0.4461,0.0,0.0,0.0,0.0337,0.0,0.0356,0.0,0.7884,7,14,16.19,20.46
3629164,2021-10-01,esp,2021/2022,LaLiga,8,Carlos del Cerro,8315,Athletic Club,9866,Deportivo Alaves,1,1,0,56,44,16,17,5,5,6,8,5,4,0,0,13,15,3,2,13,9,3,0,2,0,37,26,16,12,3,2,0,0,0,2,11,11,10,16,3,4,19,26,5,4,42,62,31.0,35.0,11.0,27.0,9.0,7.0,425,342,339.0,255.0,146,150,193,105,26.0,41.0,10.0,9.0,1.99,0.9,0.7,0.2,0.5,0.69,1.2,0.9,1.91,0.26,2,1,10,13,1,1,1,1,2,1,0.3284,0.0426,1.5114,0.7732,0.0753,0.0426,0.0231,0.0317,0.0496,0.0051,7,5,0,1,7,7,1,4,1,0,0.6976,0.1849,0.0,0.0915,0.4559,0.3581,0.0459,0.2608,0.7884,0.0,16,17,13.42,13.65
3629164,2021-10-01,esp,2021/2022,LaLiga,8,Carlos del Cerro,9866,Deportivo Alaves,8315,Athletic Club,0,0,1,44,56,17,16,5,5,8,6,4,5,0,0,15,13,2,3,9,13,0,3,0,2,26,37,12,16,2,3,0,0,2,0,11,11,16,10,4,3,26,19,4,5,62,42,35.0,31.0,27.0,11.0,7.0,9.0,342,425,255.0,339.0,150,146,105,193,41.0,26.0,9.0,10.0,0.9,1.99,0.2,0.7,0.69,0.5,0.9,1.2,0.26,1.91,1,2,13,10,1,1,1,1,1,2,0.0426,0.3284,0.7732,1.5114,0.0426,0.0753,0.0317,0.0231,0.0051,0.0496,5,7,1,0,7,7,4,1,0,1,0.1849,0.6976,0.0915,0.0,0.3581,0.4559,0.2608,0.0459,0.0,0.7884,17,16,13.65,13.42
3629165,2021-10-02,esp,2021/2022,LaLiga,8,Juan Martinez,9906,Atletico Madrid,8634,Barcelona,1,2,0,29,71,6,9,3,2,3,4,0,3,0,0,4,3,2,6,2,6,3,1,1,1,14,18,13,10,2,1,0,0,0,3,18,14,6,3,3,0,23,4,2,1,41,44,32.0,34.0,9.0,10.0,4.0,9.0,303,728,227.0,649.0,148,260,79,389,28.0,26.0,0.0,1.0,1.15,0.72,1.15,0.34,0.0,0.38,1.15,0.72,1.81,0.82,0,1,3,2,1,0,1,5,1,1,0.0,0.2462,0.9359,0.2149,0.058,0.0,0.1193,0.2425,0.0411,0.0155,4,5,2,1,0,0,0,3,0,0,0.5314,0.172,0.6229,0.1655,0.0,0.0,0.0,0.3817,0.0,0.0,6,9,15.35,20.67
3629165,2021-10-02,esp,2021/2022,LaLiga,8,Juan Martinez,8634,Barcelona,9906,Atletico Madrid,0,0,2,71,29,9,6,2,3,4,3,3,0,0,0,3,4,6,2,6,2,1,3,1,1,18,14,10,13,1,2,0,0,3,0,14,18,3,6,0,3,4,23,1,2,44,41,34.0,32.0,10.0,9.0,9.0,4.0,728,303,649.0,227.0,260,148,389,79,26.0,28.0,1.0,0.0,0.72,1.15,0.34,1.15,0.38,0.0,0.72,1.15,0.82,1.81,1,0,2,3,0,1,5,1,1,1,0.2462,0.0,0.2149,0.9359,0.0,0.058,0.2425,0.1193,0.0155,0.0411,5,4,1,2,0,0,3,0,0,0,0.172,0.5314,0.1655,0.6229,0.0,0.0,0.3817,0.0,0.0,0.0,9,6,20.67,15.35
3629166,2021-10-02,esp,2021/2022,LaLiga,8,Alejandro Muniz,8661,Mallorca,8581,Levante,1,1,0,53,47,11,6,7,3,3,2,1,1,1,0,6,4,5,2,8,3,0,2,0,2,19,14,18,25,4,4,0,0,0,3,13,19,3,12,1,0,17,19,2,6,61,56,53.0,40.0,8.0,16.0,16.0,5.0,360,311,289.0,245.0,145,144,144,101,20.0,22.0,3.0,2.0,0.61,1.24,0.19,0.12,0.42,0.33,0.61,0.45,1.27,1.26,0,0,3,3,3,1,2,0,3,2,0.0,0.0,0.3003,1.1516,0.1511,0.0241,0.0287,0.0,0.1298,0.0613,5,4,0,0,3,0,3,1,0,1,0.1909,0.1193,0.0,0.0,0.2623,0.0,0.1568,0.3294,0.0,0.7884,11,6,19.33,16.75
3629166,2021-10-02,esp,2021/2022,LaLiga,8,Alejandro Muniz,8581,Levante,8661,Mallorca,0,0,1,47,53,6,11,3,7,2,3,1,1,0,1,4,6,2,5,3,8,2,0,2,0,14,19,25,18,4,4,0,0,3,0,19,13,12,3,0,1,19,17,6,2,56,61,40.0,53.0,16.0,8.0,5.0,16.0,311,360,245.0,289.0,144,145,101,144,22.0,20.0,2.0,3.0,1.24,0.61,0.12,0.19,0.33,0.42,0.45,0.61,1.26,1.27,0,0,3,3,1,3,0,2,2,3,0.0,0.0,1.1516,0.3003,0.0241,0.1511,0.0,0.0287,0.0613,0.1298,4,5,0,0,0,3,1,3,1,0,0.1193,0.1909,0.0,0.0,0.0,0.2623,0.3294,0.1568,0.7884,0.0,6,11,16.75,19.33
3629168,2021-10-02,esp,2021/2022,LaLiga,8,Valentin Pizarro,8385,Cadiz,10267,Valencia,1,0,0,32,68,2,16,1,4,0,8,1,4,0,0,2,7,0,9,1,3,0,2,0,2,6,21,16,11,3,4,0,0,1,1,32,11,12,5,4,1,26,10,4,1,69,61,46.0,40.0,23.0,21.0,4.0,14.0,246,523,147.0,424.0,68,194,79,230,21.0,36.0,0.0,9.0,0.17,1.13,0.17,1.05,0.0,0.08,0.17,1.13,0.02,0.35,0,2,1,5,1,0,0,7,0,2,0.0,0.4512,0.1437,0.3812,0.0291,0.0,0.0,0.2523,0.0,0.0454,2,13,0,0,0,0,0,3,0,0,0.1728,1.0475,0.0,0.0,0.0,0.0,0.0,0.0826,0.0,0.0,2,16,14.98,18.2
3629168,2021-10-02,esp,2021/2022,LaLiga,8,Valentin Pizarro,10267,Valencia,8385,Cadiz,0,0,0,68,32,16,2,4,1,8,0,4,1,0,0,7,2,9,0,3,1,2,0,2,0,21,6,11,16,4,3,0,0,1,1,11,32,5,12,1,4,10,26,1,4,61,69,40.0,46.0,21.0,23.0,14.0,4.0,523,246,424.0,147.0,194,68,230,79,36.0,21.0,9.0,0.0,1.13,0.17,1.05,0.17,0.08,0.0,1.13,0.17,0.35,0.02,2,0,5,1,0,1,7,0,2,0,0.4512,0.0,0.3812,0.1437,0.0,0.0291,0.2523,0.0,0.0454,0.0,13,2,0,0,0,0,3,0,0,0,1.0475,0.1728,0.0,0.0,0.0,0.0,0.0826,0.0,0.0,0.0,16,2,18.2,14.98
3629171,2021-10-02,esp,2021/2022,LaLiga,8,Mario Melero,8371,Osasuna,8370,Rayo Vallecano,1,1,0,51,49,7,7,3,0,1,4,3,3,0,0,5,3,2,4,6,3,1,0,0,0,19,6,19,9,3,3,0,0,1,0,20,12,8,6,3,3,19,33,0,2,51,62,30.0,32.0,21.0,30.0,3.0,4.0,395,381,284.0,279.0,121,156,163,123,31.0,24.0,5.0,2.0,0.52,0.27,0.47,0.13,0.05,0.13,0.52,0.27,0.67,0.0,0,1,2,1,3,1,2,2,0,2,0.0,0.0859,0.3512,0.0257,0.1122,0.0215,0.0569,0.034,0.0,0.0403,6,4,0,0,0,2,1,1,0,0,0.4669,0.0771,0.0,0.0,0.0,0.1116,0.0534,0.0187,0.0,0.0,7,7,16.5,21.27
3629171,2021-10-02,esp,2021/2022,LaLiga,8,Mario Melero,8370,Rayo Vallecano,8371,Osasuna,0,0,1,49,51,7,7,0,3,4,1,3,3,0,0,3,5,4,2,3,6,0,1,0,0,6,19,9,19,3,3,0,0,0,1,12,20,6,8,3,3,33,19,2,0,62,51,32.0,30.0,30.0,21.0,4.0,3.0,381,395,279.0,284.0,156,121,123,163,24.0,31.0,2.0,5.0,0.27,0.52,0.13,0.47,0.13,0.05,0.27,0.52,0.0,0.67,1,0,1,2,1,3,2,2,2,0,0.0859,0.0,0.0257,0.3512,0.0215,0.1122,0.034,0.0569,0.0403,0.0,4,6,0,0,2,0,1,1,0,0,0.0771,0.4669,0.0,0.0,0.1116,0.0,0.0187,0.0534,0.0,0.0,7,7,21.27,16.5
3629167,2021-10-03,esp,2021/2022,LaLiga,8,Jorge Figueroa,8305,Getafe,8560,Real Sociedad,1,1,1,38,62,9,10,2,5,2,3,5,2,0,0,4,6,5,4,2,5,1,2,0,1,12,21,16,11,4,2,0,0,3,4,29,20,14,9,2,4,19,14,4,1,67,75,42.0,48.0,25.0,27.0,2.0,14.0,273,451,164.0,340.0,74,173,90,167,26.0,44.0,1.0,2.0,0.71,0.69,0.62,0.62,0.09,0.07,0.71,0.69,0.35,1.63,0,0,3,3,1,3,3,1,2,3,0.0,0.0,0.5627,0.4335,0.0263,0.155,0.0726,0.0118,0.0479,0.0902,5,7,1,1,1,1,2,1,0,0,0.098,0.5886,0.5217,0.0338,0.0179,0.0118,0.0719,0.0562,0.0,0.0,9,10,22.83,19.77
3629167,2021-10-03,esp,2021/2022,LaLiga,8,Jorge Figueroa,8560,Real Sociedad,8305,Getafe,0,1,1,62,38,10,9,5,2,3,2,2,5,0,0,6,4,4,5,5,2,2,1,1,0,21,12,11,16,2,4,0,0,4,3,20,29,9,14,4,2,14,19,1,4,75,67,48.0,42.0,27.0,25.0,14.0,2.0,451,273,340.0,164.0,173,74,167,90,44.0,26.0,2.0,1.0,0.69,0.71,0.62,0.62,0.07,0.09,0.69,0.71,1.63,0.35,0,0,3,3,3,1,1,3,3,2,0.0,0.0,0.4335,0.5627,0.155,0.0263,0.0118,0.0726,0.0902,0.0479,7,5,1,1,1,1,1,2,0,0,0.5886,0.098,0.0338,0.5217,0.0118,0.0179,0.0562,0.0719,0.0,0.0,10,9,19.77,22.83
3629169,2021-10-03,esp,2021/2022,LaLiga,8,Javier Alberola,7878,Granada,8302,Sevilla,1,1,0,32,68,3,14,1,3,0,7,2,4,0,0,0,8,3,6,2,6,0,3,0,3,6,27,13,11,3,2,0,1,2,0,14,7,9,5,4,2,19,4,3,0,39,46,30.0,28.0,9.0,18.0,6.0,10.0,291,635,205.0,540.0,113,291,92,249,25.0,38.0,3.0,7.0,0.09,1.29,0.09,0.83,0.0,0.46,0.09,1.29,0.08,0.42,0,3,0,4,0,1,3,5,0,1,0.0,0.497,0.0,0.637,0.0,0.0268,0.0943,0.1048,0.0,0.0257,2,10,1,0,0,3,0,1,0,0,0.0588,0.8274,0.0355,0.0,0.0,0.0643,0.0,0.3997,0.0,0.0,3,14,27.22,17.9
3629169,2021-10-03,esp,2021/2022,LaLiga,8,Javier Alberola,8302,Sevilla,7878,Granada,0,0,1,68,32,14,3,3,1,7,0,4,2,0,0,8,0,6,3,6,2,3,0,3,0,27,6,11,13,2,3,1,0,0,2,7,14,5,9,2,4,4,19,0,3,46,39,28.0,30.0,18.0,9.0,10.0,6.0,635,291,540.0,205.0,291,113,249,92,38.0,25.0,7.0,3.0,1.29,0.09,0.83,0.09,0.46,0.0,1.29,0.09,0.42,0.08,3,0,4,0,1,0,5,3,1,0,0.497,0.0,0.637,0.0,0.0268,0.0,0.1048,0.0943,0.0257,0.0,10,2,0,1,3,0,1,0,0,0,0.8274,0.0588,0.0,0.0355,0.0643,0.0,0.3997,0.0,0.0,0.0,14,3,17.9,27.22
3629170,2021-10-03,esp,2021/2022,LaLiga,8,Guillermo Cuadra,8558,Espanyol,8633,Real Madrid,1,2,1,34,66,8,18,4,4,4,8,0,6,0,0,3,13,5,5,2,8,3,1,1,1,18,35,12,13,2,1,0,0,1,4,14,16,7,5,6,0,27,8,3,2,44,57,36.0,38.0,8.0,19.0,11.0,10.0,311,581,250.0,526.0,114,213,136,313,22.0,30.0,3.0,7.0,1.17,1.62,1.17,0.94,0.0,0.68,1.17,1.62,2.04,0.55,1,1,1,9,1,3,2,1,3,4,0.2649,0.2313,0.5873,1.1349,0.147,0.0642,0.0958,0.024,0.0745,0.1644,6,10,2,1,0,3,0,4,0,0,0.5539,0.764,0.6155,0.1789,0.0,0.1647,0.0,0.5113,0.0,0.0,8,18,20.45,17.59
3629170,2021-10-03,esp,2021/2022,LaLiga,8,Guillermo Cuadra,8633,Real Madrid,8558,Espanyol,0,1,2,66,34,18,8,4,4,8,4,6,0,0,0,13,3,5,5,8,2,1,3,1,1,35,18,13,12,1,2,0,0,4,1,16,14,5,7,0,6,8,27,2,3,57,44,38.0,36.0,19.0,8.0,10.0,11.0,581,311,526.0,250.0,213,114,313,136,30.0,22.0,7.0,3.0,1.62,1.17,0.94,1.17,0.68,0.0,1.62,1.17,0.55,2.04,1,1,9,1,3,1,1,2,4,3,0.2313,0.2649,1.1349,0.5873,0.0642,0.147,0.024,0.0958,0.1644,0.0745,10,6,1,2,3,0,4,0,0,0,0.764,0.5539,0.1789,0.6155,0.1647,0.0,0.5113,0.0,0.0,0.0,18,8,17.59,20.45
3629172,2021-10-03,esp,2021/2022,LaLiga,8,Jose Sanchez,10205,Villarreal,8603,Real Betis,1,2,0,58,42,11,10,5,3,5,3,1,4,0,0,10,5,1,5,4,6,5,0,4,0,27,18,14,9,2,4,0,0,4,8,19,20,11,14,4,2,14,18,3,2,43,50,37.0,43.0,6.0,7.0,10.0,9.0,570,397,503.0,328.0,286,195,217,133,24.0,17.0,2.0,4.0,2.57,0.5,2.57,0.31,0.0,0.19,2.57,0.5,1.09,0.45,1,0,7,2,2,3,0,5,1,0,0.625,0.0,1.801,0.208,0.1222,0.0925,0.0,0.1999,0.0228,0.0,11,7,0,0,0,1,0,2,0,0,2.571,0.311,0.0,0.0,0.0,0.1069,0.0,0.0825,0.0,0.0,11,10,12.36,20.06
3629172,2021-10-03,esp,2021/2022,LaLiga,8,Jose Sanchez,8603,Real Betis,10205,Villarreal,0,0,2,42,58,10,11,3,5,3,5,4,1,0,0,5,10,5,1,6,4,0,5,0,4,18,27,9,14,4,2,0,0,8,4,20,19,14,11,2,4,18,14,2,3,50,43,43.0,37.0,7.0,6.0,9.0,10.0,397,570,328.0,503.0,195,286,133,217,17.0,24.0,4.0,2.0,0.5,2.57,0.31,2.57,0.19,0.0,0.5,2.57,0.45,1.09,0,1,2,7,3,2,5,0,0,1,0.0,0.625,0.208,1.801,0.0925,0.1222,0.1999,0.0,0.0,0.0228,7,11,0,0,1,0,2,0,0,0,0.311,2.571,0.0,0.0,0.1069,0.0,0.0825,0.0,0.0,0.0,10,11,20.06,12.36
3629173,2021-10-03,esp,2021/2022,LaLiga,8,Jose Munuera,10268,Elche,9910,Celta Vigo,1,1,0,45,55,12,10,5,1,5,6,2,3,1,1,8,5,4,5,7,4,1,1,0,1,16,14,14,19,4,3,0,0,2,3,14,24,15,11,2,3,17,13,1,3,66,54,42.0,43.0,24.0,11.0,11.0,6.0,325,405,237.0,313.0,115,179,122,134,28.0,28.0,2.0,2.0,1.29,0.56,1.16,0.42,0.13,0.14,1.29,0.56,0.81,0.2,0,1,5,3,3,1,4,5,0,0,0.0,0.1983,0.949,0.1768,0.1545,0.0488,0.1891,0.1353,0.0,0.0,8,8,2,0,2,2,0,0,0,0,0.9769,0.4207,0.1877,0.0,0.128,0.1385,0.0,0.0,0.0,0.0,12,10,16.45,18.61
3629173,2021-10-03,esp,2021/2022,LaLiga,8,Jose Munuera,9910,Celta Vigo,10268,Elche,0,0,1,55,45,10,12,1,5,6,5,3,2,1,1,5,8,5,4,4,7,1,1,1,0,14,16,19,14,3,4,0,0,3,2,24,14,11,15,3,2,13,17,3,1,54,66,43.0,42.0,11.0,24.0,6.0,11.0,405,325,313.0,237.0,179,115,134,122,28.0,28.0,2.0,2.0,0.56,1.29,0.42,1.16,0.14,0.13,0.56,1.29,0.2,0.81,1,0,3,5,1,3,5,4,0,0,0.1983,0.0,0.1768,0.949,0.0488,0.1545,0.1353,0.1891,0.0,0.0,8,8,0,2,2,2,0,0,0,0,0.4207,0.9769,0.0,0.1877,0.1385,0.128,0.0,0.0,0.0,0.0,10,12,18.61,16.45
3629179,2021-10-16,esp,2021/2022,LaLiga,9,Mario Melero,8581,Levante,8305,Getafe,1,0,0,53,47,6,14,2,4,2,4,2,6,0,0,4,7,2,7,3,11,1,0,1,0,13,19,14,10,3,3,0,0,2,0,19,25,13,11,6,2,19,14,4,2,52,57,37.0,46.0,15.0,11.0,9.0,7.0,459,405,383.0,319.0,252,144,131,175,32.0,32.0,2.0,8.0,0.88,0.73,0.88,0.57,0.0,0.16,0.88,0.73,0.99,0.31,1,0,3,5,0,2,2,4,0,3,0.4317,0.0,0.3608,0.3636,0.0,0.0807,0.0857,0.0804,0.0,0.0606,6,11,0,0,0,2,0,1,0,0,0.8781,0.4164,0.0,0.0,0.0,0.151,0.0,0.0179,0.0,0.0,6,14,13.25,20.5
3629179,2021-10-16,esp,2021/2022,LaLiga,9,Mario Melero,8305,Getafe,8581,Levante,0,0,0,47,53,14,6,4,2,4,2,6,2,0,0,7,4,7,2,11,3,0,1,0,1,19,13,10,14,3,3,0,0,0,2,25,19,11,13,2,6,14,19,2,4,57,52,46.0,37.0,11.0,15.0,7.0,9.0,405,459,319.0,383.0,144,252,175,131,32.0,32.0,8.0,2.0,0.73,0.88,0.57,0.88,0.16,0.0,0.73,0.88,0.31,0.99,0,1,5,3,2,0,4,2,3,0,0.0,0.4317,0.3636,0.3608,0.0807,0.0,0.0804,0.0857,0.0606,0.0,11,6,0,0,2,0,1,0,0,0,0.4164,0.8781,0.0,0.0,0.151,0.0,0.0179,0.0,0.0,0.0,14,6,20.5,13.25
3629181,2021-10-16,esp,2021/2022,LaLiga,9,Pablo Gonzalez,8560,Real Sociedad,8661,Mallorca,1,1,0,50,50,10,7,2,1,4,4,4,2,0,0,3,4,7,3,2,6,0,0,0,0,10,14,11,21,1,3,1,0,2,5,14,24,11,12,2,3,22,17,1,1,57,57,37.0,39.0,20.0,18.0,5.0,6.0,377,371,309.0,300.0,173,126,136,174,20.0,28.0,2.0,1.0,0.45,0.23,0.31,0.21,0.14,0.02,0.45,0.23,0.16,0.25,0,0,3,3,0,1,2,2,5,1,0.0,0.0,0.2311,0.118,0.0,0.0431,0.0997,0.0626,0.1156,0.0111,7,5,0,0,1,1,2,1,0,0,0.3083,0.2113,0.0,0.0,0.0692,0.0111,0.0688,0.0125,0.0,0.0,10,7,24.81,17.31
3629181,2021-10-16,esp,2021/2022,LaLiga,9,Pablo Gonzalez,8661,Mallorca,8560,Real Sociedad,0,0,1,50,50,7,10,1,2,4,4,2,4,0,0,4,3,3,7,6,2,0,0,0,0,14,10,21,11,3,1,0,1,5,2,24,14,12,11,3,2,17,22,1,1,57,57,39.0,37.0,18.0,20.0,6.0,5.0,371,377,300.0,309.0,126,173,174,136,28.0,20.0,1.0,2.0,0.23,0.45,0.21,0.31,0.02,0.14,0.23,0.45,0.25,0.16,0,0,3,3,1,0,2,2,1,5,0.0,0.0,0.118,0.2311,0.0431,0.0,0.0626,0.0997,0.0111,0.1156,5,7,0,0,1,1,1,2,0,0,0.2113,0.3083,0.0,0.0,0.0111,0.0692,0.0125,0.0688,0.0,0.0,7,10,17.31,24.81
3629175,2021-10-17,esp,2021/2022,LaLiga,9,Jesus Gil,8634,Barcelona,10267,Valencia,1,3,1,60,40,12,9,5,3,4,3,3,3,0,1,7,2,5,7,9,3,3,0,1,0,31,9,16,13,2,3,0,0,3,2,11,15,8,15,3,3,15,20,2,2,45,57,39.0,40.0,6.0,17.0,16.0,9.0,532,343,481.0,278.0,245,150,236,128,17.0,37.0,1.0,1.0,1.89,0.45,1.06,0.29,0.05,0.15,1.11,0.45,3.28,0.48,2,0,3,1,2,1,3,6,2,1,0.4365,0.0,1.1955,0.1124,0.1065,0.0841,0.1148,0.205,0.0413,0.0436,9,4,0,1,1,1,1,3,1,0,1.0557,0.2073,0.0,0.0841,0.0165,0.0224,0.034,0.1313,0.7884,0.0,12,9,16.49,23.71
3629175,2021-10-17,esp,2021/2022,LaLiga,9,Jesus Gil,10267,Valencia,8634,Barcelona,0,1,3,40,60,9,12,3,5,3,4,3,3,1,0,2,7,7,5,3,9,0,3,0,1,9,31,13,16,3,2,0,0,2,3,15,11,15,8,3,3,20,15,2,2,57,45,40.0,39.0,17.0,6.0,9.0,16.0,343,532,278.0,481.0,150,245,128,236,37.0,17.0,1.0,1.0,0.45,1.89,0.29,1.06,0.15,0.05,0.45,1.11,0.48,3.28,0,2,1,3,1,2,6,3,1,2,0.0,0.4365,0.1124,1.1955,0.0841,0.1065,0.205,0.1148,0.0436,0.0413,4,9,1,0,1,1,3,1,0,1,0.2073,1.0557,0.0841,0.0,0.0224,0.0165,0.1313,0.034,0.0,0.7884,9,12,23.71,16.49
3629176,2021-10-17,esp,2021/2022,LaLiga,9,Ricardo De Burgos,9910,Celta Vigo,8302,Sevilla,1,0,1,46,54,14,8,3,2,5,3,6,3,1,0,8,5,6,3,5,4,1,1,1,0,13,11,13,9,2,3,0,0,5,2,15,9,6,10,3,6,10,14,1,3,46,44,31.0,27.0,15.0,17.0,8.0,6.0,400,486,317.0,398.0,179,285,138,113,30.0,31.0,3.0,2.0,1.21,1.07,1.1,0.93,0.1,0.14,1.21,1.07,0.13,1.25,0,0,6,5,2,0,5,2,1,1,0.0,0.0,0.8253,1.0145,0.0758,0.0,0.2735,0.0402,0.0336,0.0156,8,6,3,0,1,2,2,0,0,0,0.4437,0.9258,0.6602,0.0,0.0451,0.1445,0.0592,0.0,0.0,0.0,14,8,19.98,17.42
3629176,2021-10-17,esp,2021/2022,LaLiga,9,Ricardo De Burgos,8302,Sevilla,9910,Celta Vigo,0,1,0,54,46,8,14,2,3,3,5,3,6,0,1,5,8,3,6,4,5,1,1,0,1,11,13,9,13,3,2,0,0,2,5,9,15,10,6,6,3,14,10,3,1,44,46,27.0,31.0,17.0,15.0,6.0,8.0,486,400,398.0,317.0,285,179,113,138,31.0,30.0,2.0,3.0,1.07,1.21,0.93,1.1,0.14,0.1,1.07,1.21,1.25,0.13,0,0,5,6,0,2,2,5,1,1,0.0,0.0,1.0145,0.8253,0.0,0.0758,0.0402,0.2735,0.0156,0.0336,6,8,0,3,2,1,0,2,0,0,0.9258,0.4437,0.0,0.6602,0.1445,0.0451,0.0,0.0592,0.0,0.0,8,14,17.42,19.98
3629182,2021-10-17,esp,2021/2022,LaLiga,9,Jaime Latre,8370,Rayo Vallecano,10268,Elche,1,2,1,52,48,10,7,4,3,4,2,2,2,0,0,7,4,3,3,6,2,2,0,1,0,28,12,16,11,2,2,0,0,7,1,14,17,12,8,2,2,14,29,2,2,46,66,32.0,48.0,14.0,18.0,8.0,16.0,356,338,264.0,248.0,136,133,128,115,14.0,27.0,11.0,3.0,1.2,0.43,0.38,0.37,0.81,0.06,1.2,0.43,1.15,0.87,1,0,3,4,3,0,3,3,0,0,0.6589,0.0,0.343,0.3181,0.0736,0.0,0.1206,0.114,0.0,0.0,7,5,0,0,2,1,1,1,0,0,0.3823,0.374,0.0,0.0,0.7629,0.0225,0.051,0.0357,0.0,0.0,10,7,16.02,17.68
3629182,2021-10-17,esp,2021/2022,LaLiga,9,Jaime Latre,10268,Elche,8370,Rayo Vallecano,0,1,2,48,52,7,10,3,4,2,4,2,2,0,0,4,7,3,3,2,6,0,2,0,1,12,28,11,16,2,2,0,0,1,7,17,14,8,12,2,2,29,14,2,2,66,46,48.0,32.0,18.0,14.0,16.0,8.0,338,356,248.0,264.0,133,136,115,128,27.0,14.0,3.0,11.0,0.43,1.2,0.37,0.38,0.06,0.81,0.43,1.2,0.87,1.15,0,1,4,3,0,3,3,3,0,0,0.0,0.6589,0.3181,0.343,0.0,0.0736,0.114,0.1206,0.0,0.0,5,7,0,0,1,2,1,1,0,0,0.374,0.3823,0.0,0.0,0.0225,0.7629,0.0357,0.051,0.0,0.0,7,10,17.68,16.02
3629183,2021-10-17,esp,2021/2022,LaLiga,9,Adrian Cordero,10205,Villarreal,8371,Osasuna,1,1,2,73,27,11,6,6,2,4,2,1,2,2,0,7,6,4,0,4,4,0,2,0,0,29,19,6,14,1,5,0,0,4,3,7,15,12,18,2,1,16,25,0,5,48,44,32.0,28.0,16.0,16.0,11.0,7.0,636,231,554.0,147.0,236,58,318,89,20.0,18.0,6.0,4.0,0.48,0.64,0.34,0.54,0.14,0.1,0.48,0.64,0.88,0.84,0,0,4,5,3,1,2,0,2,0,0.0,0.0,0.297,0.3956,0.0905,0.2439,0.053,0.0,0.0371,0.0,9,4,0,0,2,2,0,0,0,0,0.3395,0.544,0.0,0.0,0.1381,0.0955,0.0,0.0,0.0,0.0,11,6,17.9,12.89
3629183,2021-10-17,esp,2021/2022,LaLiga,9,Adrian Cordero,8371,Osasuna,10205,Villarreal,0,2,1,27,73,6,11,2,6,2,4,2,1,0,2,6,7,0,4,4,4,2,0,0,0,19,29,14,6,5,1,0,0,3,4,15,7,18,12,1,2,25,16,5,0,44,48,28.0,32.0,16.0,16.0,7.0,11.0,231,636,147.0,554.0,58,236,89,318,18.0,20.0,4.0,6.0,0.64,0.48,0.54,0.34,0.1,0.14,0.64,0.48,0.84,0.88,0,0,5,4,1,3,0,2,0,2,0.0,0.0,0.3956,0.297,0.2439,0.0905,0.0,0.053,0.0,0.0371,4,9,0,0,2,2,0,0,0,0,0.544,0.3395,0.0,0.0,0.0955,0.1381,0.0,0.0,0.0,0.0,6,11,12.89,17.9
3629174,2021-10-18,esp,2021/2022,LaLiga,9,Miguel Ortiz,9866,Deportivo Alaves,8603,Real Betis,1,0,1,36,64,14,19,2,4,4,7,8,8,2,0,9,14,5,5,7,7,1,1,1,0,22,44,8,11,1,1,0,0,3,2,12,13,7,10,8,7,29,18,3,2,53,48,29.0,27.0,24.0,21.0,7.0,6.0,312,567,238.0,488.0,109,211,129,277,30.0,29.0,5.0,5.0,0.97,1.49,0.69,1.27,0.29,0.22,0.97,1.49,0.33,0.78,1,1,6,7,2,6,5,3,0,2,0.2989,0.1428,0.3658,0.7913,0.0579,0.4008,0.2489,0.0933,0.0,0.0614,9,15,0,1,4,3,1,0,0,0,0.6859,1.2184,0.0,0.0553,0.1932,0.216,0.0923,0.0,0.0,0.0,14,19,15.24,19.05
3629174,2021-10-18,esp,2021/2022,LaLiga,9,Miguel Ortiz,8603,Real Betis,9866,Deportivo Alaves,0,1,0,64,36,19,14,4,2,7,4,8,8,0,2,14,9,5,5,7,7,1,1,0,1,44,22,11,8,1,1,0,0,2,3,13,12,10,7,7,8,18,29,2,3,48,53,27.0,29.0,21.0,24.0,6.0,7.0,567,312,488.0,238.0,211,109,277,129,29.0,30.0,5.0,5.0,1.49,0.97,1.27,0.69,0.22,0.29,1.49,0.97,0.78,0.33,1,1,7,6,6,2,3,5,2,0,0.1428,0.2989,0.7913,0.3658,0.4008,0.0579,0.0933,0.2489,0.0614,0.0,15,9,1,0,3,4,0,1,0,0,1.2184,0.6859,0.0553,0.0,0.216,0.1932,0.0,0.0923,0.0,0.0,19,14,19.05,15.24
3629178,2021-10-18,esp,2021/2022,LaLiga,9,Antonio Mateu,8558,Espanyol,8385,Cadiz,1,2,0,54,46,14,13,6,2,3,8,5,3,2,0,10,7,4,6,7,9,3,1,2,1,27,22,8,10,1,0,0,0,2,0,9,10,12,9,2,5,37,21,3,4,57,40,39.0,26.0,18.0,14.0,20.0,8.0,460,371,380.0,300.0,167,165,213,135,29.0,37.0,5.0,8.0,1.43,0.4,0.47,0.26,0.96,0.15,1.43,0.4,1.86,0.41,2,1,6,3,2,3,2,2,2,4,0.7466,0.0503,0.6334,0.1039,0.0684,0.0959,0.0369,0.0656,0.059,0.0874,8,9,0,0,4,2,2,2,0,0,0.4733,0.2579,0.0,0.0,0.9316,0.055,0.1395,0.0903,0.0,0.0,14,13,16.69,19.4
3629178,2021-10-18,esp,2021/2022,LaLiga,9,Antonio Mateu,8385,Cadiz,8558,Espanyol,0,0,2,46,54,13,14,2,6,8,3,3,5,0,2,7,10,6,4,9,7,1,3,1,2,22,27,10,8,0,1,0,0,0,2,10,9,9,12,5,2,21,37,4,3,40,57,26.0,39.0,14.0,18.0,8.0,20.0,371,460,300.0,380.0,165,167,135,213,37.0,29.0,8.0,5.0,0.4,1.43,0.26,0.47,0.15,0.96,0.4,1.43,0.41,1.86,1,2,3,6,3,2,2,2,4,2,0.0503,0.7466,0.1039,0.6334,0.0959,0.0684,0.0656,0.0369,0.0874,0.059,9,8,0,0,2,4,2,2,0,0,0.2579,0.4733,0.0,0.0,0.055,0.9316,0.0903,0.1395,0.0,0.0,13,14,19.4,16.69
3629190,2021-10-22,esp,2021/2022,LaLiga,10,Alejandro Muniz,8371,Osasuna,7878,Granada,1,1,1,42,58,17,9,6,4,6,4,5,1,0,0,10,3,7,6,4,1,1,0,0,0,23,8,15,11,1,3,1,0,1,3,14,6,8,3,1,6,18,23,3,4,57,38,31.0,25.0,26.0,13.0,6.0,4.0,298,415,208.0,316.0,73,183,135,133,40.0,25.0,9.0,3.0,0.96,0.47,0.61,0.37,0.36,0.1,0.96,0.47,1.37,0.73,0,0,10,2,0,1,4,3,3,3,0.0,0.0,0.7986,0.1205,0.0,0.1573,0.1242,0.1296,0.0451,0.0612,12,8,0,0,3,0,2,1,0,0,0.6091,0.3798,0.0,0.0,0.332,0.0,0.0268,0.0889,0.0,0.0,17,9,18.87,24.29
3629190,2021-10-22,esp,2021/2022,LaLiga,10,Alejandro Muniz,7878,Granada,8371,Osasuna,0,1,1,58,42,9,17,4,6,4,6,1,5,0,0,3,10,6,7,1,4,0,1,0,0,8,23,11,15,3,1,0,1,3,1,6,14,3,8,6,1,23,18,4,3,38,57,25.0,31.0,13.0,26.0,4.0,6.0,415,298,316.0,208.0,183,73,133,135,25.0,40.0,3.0,9.0,0.47,0.96,0.37,0.61,0.1,0.36,0.47,0.96,0.73,1.37,0,0,2,10,1,0,3,4,3,3,0.0,0.0,0.1205,0.7986,0.1573,0.0,0.1296,0.1242,0.0612,0.0451,8,12,0,0,0,3,1,2,0,0,0.3798,0.6091,0.0,0.0,0.0,0.332,0.0889,0.0268,0.0,0.0,9,17,24.29,18.87
3629184,2021-10-23,esp,2021/2022,LaLiga,10,Guillermo Cuadra,8315,Athletic Club,10205,Villarreal,1,2,1,52,48,14,11,7,3,4,4,3,4,1,0,10,7,4,4,9,2,3,0,1,0,23,25,7,12,0,3,0,0,3,4,6,10,8,9,4,3,7,23,2,5,31,45,24.0,38.0,7.0,7.0,7.0,23.0,448,423,382.0,364.0,175,212,207,152,18.0,35.0,5.0,1.0,2.76,0.46,0.87,0.41,0.31,0.05,1.18,0.46,2.77,0.5,0,0,8,3,2,4,3,3,1,1,0.0,0.0,2.5784,0.1266,0.0496,0.157,0.0859,0.1428,0.0465,0.0302,7,9,0,0,4,2,1,0,2,0,0.8718,0.4054,0.0,0.0,0.2652,0.0512,0.0465,0.0,1.5768,0.0,14,11,15.63,18.2
3629184,2021-10-23,esp,2021/2022,LaLiga,10,Guillermo Cuadra,10205,Villarreal,8315,Athletic Club,0,1,2,48,52,11,14,3,7,4,4,4,3,0,1,7,10,4,4,2,9,0,3,0,1,25,23,12,7,3,0,0,0,4,3,10,6,9,8,3,4,23,7,5,2,45,31,38.0,24.0,7.0,7.0,23.0,7.0,423,448,364.0,382.0,212,175,152,207,35.0,18.0,1.0,5.0,0.46,2.76,0.41,0.87,0.05,0.31,0.46,1.18,0.5,2.77,0,0,3,8,4,2,3,3,1,1,0.0,0.0,0.1266,2.5784,0.157,0.0496,0.1428,0.0859,0.0302,0.0465,9,7,0,0,2,4,0,1,0,2,0.4054,0.8718,0.0,0.0,0.0512,0.2652,0.0,0.0465,0.0,1.5768,11,14,18.2,15.63
3629189,2021-10-23,esp,2021/2022,LaLiga,10,Javier Alberola,8385,Cadiz,9866,Deportivo Alaves,1,0,2,61,39,23,8,4,4,13,1,6,3,0,0,14,7,9,1,14,3,1,3,1,1,34,17,11,14,0,2,0,0,0,1,22,9,6,12,3,6,7,43,2,3,73,60,57.0,27.0,16.0,33.0,22.0,7.0,472,324,382.0,223.0,194,117,188,106,29.0,29.0,11.0,2.0,1.52,1.34,0.51,0.44,1.01,0.11,1.52,0.55,0.36,1.28,2,0,10,7,2,0,6,0,3,1,0.2922,0.0,0.9178,1.3134,0.0837,0.0,0.1425,0.0,0.0841,0.0221,8,6,0,0,9,1,6,0,0,1,0.5121,0.4363,0.0,0.0,0.5595,0.1109,0.4487,0.0,0.0,0.7884,23,8,17.56,13.39
3629189,2021-10-23,esp,2021/2022,LaLiga,10,Javier Alberola,9866,Deportivo Alaves,8385,Cadiz,0,2,0,39,61,8,23,4,4,1,13,3,6,0,0,7,14,1,9,3,14,3,1,1,1,17,34,14,11,2,0,0,0,1,0,9,22,12,6,6,3,43,7,3,2,60,73,27.0,57.0,33.0,16.0,7.0,22.0,324,472,223.0,382.0,117,194,106,188,29.0,29.0,2.0,11.0,1.34,1.52,0.44,0.51,0.11,1.01,0.55,1.52,1.28,0.36,0,2,7,10,0,2,0,6,1,3,0.0,0.2922,1.3134,0.9178,0.0,0.0837,0.0,0.1425,0.0221,0.0841,6,8,0,0,1,9,0,6,1,0,0.4363,0.5121,0.0,0.0,0.1109,0.5595,0.0,0.4487,0.7884,0.0,8,23,13.39,17.56
3629192,2021-10-23,esp,2021/2022,LaLiga,10,Carlos del Cerro,10267,Valencia,8661,Mallorca,1,2,2,73,27,20,9,6,4,9,4,5,1,1,0,13,2,7,7,5,0,1,1,0,0,41,10,15,19,5,2,0,2,0,1,14,22,4,12,1,6,2,38,3,3,72,55,54.0,42.0,18.0,13.0,21.0,7.0,511,205,418.0,132.0,196,61,222,71,26.0,27.0,12.0,1.0,1.77,0.62,1.55,0.56,0.21,0.06,1.77,0.62,1.67,1.55,2,0,9,2,2,0,5,4,2,3,0.7238,0.0,0.7622,0.4479,0.0797,0.0,0.1403,0.0886,0.0611,0.0824,15,6,0,1,3,0,2,2,0,0,1.5531,0.4725,0.0,0.0881,0.1656,0.0,0.0485,0.0584,0.0,0.0,20,9,17.25,25.05
3629192,2021-10-23,esp,2021/2022,LaLiga,10,Carlos del Cerro,8661,Mallorca,10267,Valencia,0,2,2,27,73,9,20,4,6,4,9,1,5,0,1,2,13,7,7,0,5,1,1,0,0,10,41,19,15,2,5,2,0,1,0,22,14,12,4,6,1,38,2,3,3,55,72,42.0,54.0,13.0,18.0,7.0,21.0,205,511,132.0,418.0,61,196,71,222,27.0,26.0,1.0,12.0,0.62,1.77,0.56,1.55,0.06,0.21,0.62,1.77,1.55,1.67,0,2,2,9,0,2,4,5,3,2,0.0,0.7238,0.4479,0.7622,0.0,0.0797,0.0886,0.1403,0.0824,0.0611,6,15,1,0,0,3,2,2,0,0,0.4725,1.5531,0.0881,0.0,0.0,0.1656,0.0584,0.0485,0.0,0.0,9,20,25.05,17.25
3629193,2021-10-23,esp,2021/2022,LaLiga,10,Jorge Figueroa,10268,Elche,8558,Espanyol,1,2,2,58,42,12,20,7,7,3,10,2,3,0,1,4,8,8,12,3,7,1,1,0,0,13,18,15,9,3,1,0,0,2,1,18,12,7,10,3,2,18,17,5,5,44,48,38.0,40.0,6.0,8.0,11.0,13.0,553,403,494.0,341.0,284,153,210,188,31.0,27.0,3.0,4.0,0.91,0.78,0.86,0.45,0.05,0.33,0.91,0.78,1.44,1.86,0,0,3,5,1,3,6,8,2,4,0.0,0.0,0.5881,0.2688,0.0491,0.1483,0.2305,0.2498,0.0426,0.1163,10,9,0,2,2,5,0,4,0,0,0.8627,0.3125,0.0,0.1402,0.0477,0.097,0.0,0.2334,0.0,0.0,12,20,20.26,20.2
3629193,2021-10-23,esp,2021/2022,LaLiga,10,Jorge Figueroa,8558,Espanyol,10268,Elche,0,2,2,42,58,20,12,7,7,10,3,3,2,1,0,8,4,12,8,7,3,1,1,0,0,18,13,9,15,1,3,0,0,1,2,12,18,10,7,2,3,17,18,5,5,48,44,40.0,38.0,8.0,6.0,13.0,11.0,403,553,341.0,494.0,153,284,188,210,27.0,31.0,4.0,3.0,0.78,0.91,0.45,0.86,0.33,0.05,0.78,0.91,1.86,1.44,0,0,5,3,3,1,8,6,4,2,0.0,0.0,0.2688,0.5881,0.1483,0.0491,0.2498,0.2305,0.1163,0.0426,9,10,2,0,5,2,4,0,0,0,0.3125,0.8627,0.1402,0.0,0.097,0.0477,0.2334,0.0,0.0,0.0,20,12,20.2,20.26
3629185,2021-10-24,esp,2021/2022,LaLiga,10,Jose Munuera,9906,Atletico Madrid,8560,Real Sociedad,1,2,2,56,44,17,8,4,4,9,2,4,2,0,0,10,6,7,2,4,3,2,1,0,0,41,18,14,14,1,3,0,0,2,1,16,15,9,14,2,4,8,20,2,2,50,39,36.0,34.0,14.0,5.0,8.0,7.0,510,412,436.0,331.0,167,200,269,131,35.0,21.0,8.0,1.0,1.68,0.79,0.86,0.57,0.03,0.22,0.89,0.79,2.3,0.84,0,0,6,5,4,1,6,0,1,2,0.0,0.0,1.279,0.6669,0.0932,0.0613,0.2869,0.0,0.02,0.0615,13,3,0,2,3,1,0,2,1,0,0.8558,0.4791,0.0,0.0895,0.0349,0.0613,0.0,0.1598,0.7884,0.0,17,8,17.88,20.12
3629185,2021-10-24,esp,2021/2022,LaLiga,10,Jose Munuera,8560,Real Sociedad,9906,Atletico Madrid,0,2,2,44,56,8,17,4,4,2,9,2,4,0,0,6,10,2,7,3,4,1,2,0,0,18,41,14,14,3,1,0,0,1,2,15,16,14,9,4,2,20,8,2,2,39,50,34.0,36.0,5.0,14.0,7.0,8.0,412,510,331.0,436.0,200,167,131,269,21.0,35.0,1.0,8.0,0.79,1.68,0.57,0.86,0.22,0.03,0.79,0.89,0.84,2.3,0,0,5,6,1,4,0,6,2,1,0.0,0.0,0.6669,1.279,0.0613,0.0932,0.0,0.2869,0.0615,0.02,3,13,2,0,1,3,2,0,0,1,0.4791,0.8558,0.0895,0.0,0.0613,0.0349,0.1598,0.0,0.0,0.7884,8,17,20.12,17.88
3629186,2021-10-24,esp,2021/2022,LaLiga,10,Jose Sanchez,8634,Barcelona,8633,Real Madrid,1,1,2,52,48,12,10,2,5,6,3,4,2,0,0,9,9,3,1,7,4,2,3,1,2,30,26,17,13,1,1,0,0,2,5,23,12,11,7,2,4,7,13,3,1,46,44,42.0,35.0,4.0,9.0,7.0,9.0,458,453,407.0,380.0,111,246,296,134,22.0,22.0,8.0,1.0,1.59,1.46,1.46,1.36,0.13,0.11,1.59,1.46,0.95,1.96,2,2,6,3,1,4,2,0,1,1,0.5848,0.9069,0.916,0.3705,0.014,0.1799,0.0616,0.0,0.0124,0.0375,10,5,0,4,2,1,0,0,0,0,1.4556,0.333,0.0,1.0539,0.1331,0.1079,0.0,0.0,0.0,0.0,12,10,14.61,14.03
3629186,2021-10-24,esp,2021/2022,LaLiga,10,Jose Sanchez,8633,Real Madrid,8634,Barcelona,0,2,1,48,52,10,12,5,2,3,6,2,4,0,0,9,9,1,3,4,7,3,2,2,1,26,30,13,17,1,1,0,0,5,2,12,23,7,11,4,2,13,7,1,3,44,46,35.0,42.0,9.0,4.0,9.0,7.0,453,458,380.0,407.0,246,111,134,296,22.0,22.0,1.0,8.0,1.46,1.59,1.36,1.46,0.11,0.13,1.46,1.59,1.96,0.95,2,2,3,6,4,1,0,2,1,1,0.9069,0.5848,0.3705,0.916,0.1799,0.014,0.0,0.0616,0.0375,0.0124,5,10,4,0,1,2,0,0,0,0,0.333,1.4556,1.0539,0.0,0.1079,0.1331,0.0,0.0,0.0,0.0,10,12,14.03,14.61
3629187,2021-10-24,esp,2021/2022,LaLiga,10,Ricardo De Burgos,8603,Real Betis,8370,Rayo Vallecano,1,3,2,46,54,11,14,5,3,3,6,3,5,0,0,6,5,5,9,4,4,1,2,0,0,15,16,12,12,1,2,0,0,3,3,20,17,11,8,5,3,19,10,1,2,50,54,40.0,38.0,10.0,16.0,8.0,9.0,397,454,332.0,388.0,168,191,164,197,23.0,36.0,2.0,5.0,1.59,0.99,0.49,0.81,0.31,0.18,0.8,0.99,1.72,1.2,2,1,3,3,1,1,5,5,0,4,0.284,0.1919,0.9364,0.3721,0.0398,0.1217,0.1731,0.2327,0.0,0.0712,8,9,0,0,2,2,0,3,1,0,0.3609,0.8095,0.0,0.0,0.284,0.0329,0.0,0.1471,0.7884,0.0,11,14,16.03,21.22
3629187,2021-10-24,esp,2021/2022,LaLiga,10,Ricardo De Burgos,8370,Rayo Vallecano,8603,Real Betis,0,2,3,54,46,14,11,3,5,6,3,5,3,0,0,5,6,9,5,4,4,2,1,0,0,16,15,12,12,2,1,0,0,3,3,17,20,8,11,3,5,10,19,2,1,54,50,38.0,40.0,16.0,10.0,9.0,8.0,454,397,388.0,332.0,191,168,197,164,36.0,23.0,5.0,2.0,0.99,1.59,0.81,0.49,0.18,0.31,0.99,0.8,1.2,1.72,1,2,3,3,1,1,5,5,4,0,0.1919,0.284,0.3721,0.9364,0.1217,0.0398,0.2327,0.1731,0.0712,0.0,9,8,0,0,2,2,3,0,0,1,0.8095,0.3609,0.0,0.0,0.0329,0.284,0.1471,0.0,0.0,0.7884,14,11,21.22,16.03
3629191,2021-10-24,esp,2021/2022,LaLiga,10,Valentin Pizarro,8302,Sevilla,8581,Levante,1,5,3,61,39,18,12,11,7,4,5,3,0,1,1,14,8,4,4,10,3,4,3,2,1,31,14,13,6,1,2,0,0,2,0,18,14,5,15,0,3,16,23,4,6,40,45,29.0,36.0,11.0,9.0,5.0,11.0,552,352,486.0,298.0,220,167,266,131,37.0,21.0,7.0,4.0,1.58,1.92,1.31,1.58,0.26,0.34,1.58,1.92,1.91,2.27,0,1,6,3,8,4,3,2,1,2,0.0,0.9325,1.0628,0.6967,0.3572,0.1721,0.1249,0.0755,0.0313,0.0473,12,8,1,0,4,1,1,3,0,0,1.2813,1.5762,0.0302,0.0,0.2343,0.0194,0.0304,0.3286,0.0,0.0,18,12,15.9,18.18
3629191,2021-10-24,esp,2021/2022,LaLiga,10,Valentin Pizarro,8581,Levante,8302,Sevilla,0,3,5,39,61,12,18,7,11,5,4,0,3,1,1,8,14,4,4,3,10,3,4,1,2,14,31,6,13,2,1,0,0,0,2,14,18,15,5,3,0,23,16,6,4,45,40,36.0,29.0,9.0,11.0,11.0,5.0,352,552,298.0,486.0,167,220,131,266,21.0,37.0,4.0,7.0,1.92,1.58,1.58,1.31,0.34,0.26,1.92,1.58,2.27,1.91,1,0,3,6,4,8,2,3,2,1,0.9325,0.0,0.6967,1.0628,0.1721,0.3572,0.0755,0.1249,0.0473,0.0313,8,12,0,1,1,4,3,1,0,0,1.5762,1.2813,0.0,0.0302,0.0194,0.2343,0.3286,0.0304,0.0,0.0,12,18,18.18,15.9
3629188,2021-10-25,esp,2021/2022,LaLiga,10,Juan Martinez,8305,Getafe,9910,Celta Vigo,1,0,3,34,66,11,16,2,8,6,6,3,2,0,0,5,12,6,4,2,7,0,4,0,1,9,26,15,11,2,2,2,0,0,1,11,14,22,15,2,3,13,13,5,2,42,56,30.0,35.0,12.0,21.0,9.0,6.0,325,628,243.0,535.0,129,284,114,251,26.0,44.0,5.0,9.0,0.47,1.66,0.42,1.29,0.04,0.37,0.47,1.66,0.09,3.94,0,1,5,8,0,3,4,2,2,2,0.0,0.0885,0.3533,1.3268,0.0,0.1293,0.0588,0.0685,0.0532,0.0482,10,9,0,1,0,5,1,1,0,0,0.4213,0.8577,0.0,0.4296,0.0,0.3388,0.0441,0.0353,0.0,0.0,11,16,20.91,15.77
3629188,2021-10-25,esp,2021/2022,LaLiga,10,Juan Martinez,9910,Celta Vigo,8305,Getafe,0,3,0,66,34,16,11,8,2,6,6,2,3,0,0,12,5,4,6,7,2,4,0,1,0,26,9,11,15,2,2,0,2,1,0,14,11,15,22,3,2,13,13,2,5,56,42,35.0,30.0,21.0,12.0,6.0,9.0,628,325,535.0,243.0,284,129,251,114,44.0,26.0,9.0,5.0,1.66,0.47,1.29,0.42,0.37,0.04,1.66,0.47,3.94,0.09,1,0,8,5,3,0,2,4,2,2,0.0885,0.0,1.3268,0.3533,0.1293,0.0,0.0685,0.0588,0.0482,0.0532,9,10,1,0,5,0,1,1,0,0,0.8577,0.4213,0.4296,0.0,0.3388,0.0,0.0353,0.0441,0.0,0.0,16,11,15.77,20.91
3629194,2021-10-26,esp,2021/2022,LaLiga,11,Jesus Gil,9866,Deportivo Alaves,10268,Elche,1,1,0,38,62,16,4,5,1,6,1,5,2,0,0,9,1,7,3,4,7,3,0,2,0,21,9,13,9,1,1,0,0,2,2,19,18,14,10,2,5,29,13,1,4,50,54,35.0,39.0,15.0,15.0,7.0,8.0,312,488,247.0,409.0,121,173,126,236,21.0,27.0,3.0,6.0,1.88,0.29,1.08,0.16,0.81,0.12,1.88,0.29,1.29,0.17,2,0,7,1,0,0,5,2,2,1,1.0015,0.0,0.6879,0.0568,0.0,0.0,0.1607,0.1916,0.0537,0.0371,11,3,1,0,4,0,0,1,0,0,0.9722,0.1644,0.1257,0.0,0.806,0.0,0.0,0.1211,0.0,0.0,16,4,16.87,20.67
3629194,2021-10-26,esp,2021/2022,LaLiga,11,Jesus Gil,10268,Elche,9866,Deportivo Alaves,0,0,1,62,38,4,16,1,5,1,6,2,5,0,0,1,9,3,7,7,4,0,3,0,2,9,21,9,13,1,1,0,0,2,2,18,19,10,14,5,2,13,29,4,1,54,50,39.0,35.0,15.0,15.0,8.0,7.0,488,312,409.0,247.0,173,121,236,126,27.0,21.0,6.0,3.0,0.29,1.88,0.16,1.08,0.12,0.81,0.29,1.88,0.17,1.29,0,2,1,7,0,0,2,5,1,2,0.0,1.0015,0.0568,0.6879,0.0,0.0,0.1916,0.1607,0.0371,0.0537,3,11,0,1,0,4,1,0,0,0,0.1644,0.9722,0.0,0.1257,0.0,0.806,0.1211,0.0,0.0,0.0,4,16,20.67,16.87
3629199,2021-10-26,esp,2021/2022,LaLiga,11,Miguel Ortiz,8558,Espanyol,8315,Athletic Club,1,1,1,46,54,14,23,3,7,7,9,4,7,1,0,4,19,10,4,8,12,1,5,0,4,12,52,7,12,1,2,1,0,0,2,11,17,7,7,8,4,32,16,5,2,29,48,26.0,36.0,3.0,12.0,6.0,13.0,384,457,324.0,393.0,157,157,167,236,25.0,30.0,0.0,3.0,1.28,3.75,0.4,3.3,0.09,0.45,0.49,3.75,1.27,2.48,0,1,3,13,1,5,5,3,5,1,0.0,0.8384,0.9089,2.3585,0.0965,0.2133,0.142,0.1043,0.1305,0.0201,10,14,0,3,0,6,3,0,1,0,0.3955,2.2315,0.0,1.0134,0.0,0.2898,0.094,0.0,0.7884,0.0,14,23,23.96,13.93
3629199,2021-10-26,esp,2021/2022,LaLiga,11,Miguel Ortiz,8315,Athletic Club,8558,Espanyol,0,1,1,54,46,23,14,7,3,9,7,7,4,0,1,19,4,4,10,12,8,5,1,4,0,52,12,12,7,2,1,0,1,2,0,17,11,7,7,4,8,16,32,2,5,48,29,36.0,26.0,12.0,3.0,13.0,6.0,457,384,393.0,324.0,157,157,236,167,30.0,25.0,3.0,0.0,3.75,1.28,3.3,0.4,0.45,0.09,3.75,0.49,2.48,1.27,1,0,13,3,5,1,3,5,1,5,0.8384,0.0,2.3585,0.9089,0.2133,0.0965,0.1043,0.142,0.0201,0.1305,14,10,3,0,6,0,0,3,0,1,2.2315,0.3955,1.0134,0.0,0.2898,0.0,0.0,0.094,0.0,0.7884,23,14,13.93,23.96
3629203,2021-10-26,esp,2021/2022,LaLiga,11,Alejandro Hernandez,10205,Villarreal,8385,Cadiz,1,3,3,78,22,14,9,5,4,5,4,4,1,1,0,12,8,2,1,8,2,4,3,2,1,39,14,13,9,3,6,0,0,4,8,10,14,6,10,1,3,11,36,1,2,46,42,35.0,30.0,11.0,12.0,16.0,5.0,650,183,563.0,114.0,210,53,353,61,20.0,21.0,9.0,1.0,1.69,1.37,1.4,1.23,0.29,0.13,1.69,1.37,1.97,1.36,2,2,9,3,1,3,1,0,1,1,0.7012,0.2067,0.7627,1.0347,0.1227,0.109,0.079,0.0,0.0244,0.0163,10,4,0,3,2,0,2,2,0,0,1.4047,0.2137,0.0,1.0201,0.1053,0.0,0.1799,0.1328,0.0,0.0,14,9,12.89,16.92
3629203,2021-10-26,esp,2021/2022,LaLiga,11,Alejandro Hernandez,8385,Cadiz,10205,Villarreal,0,3,3,22,78,9,14,4,5,4,5,1,4,0,1,8,12,1,2,2,8,3,4,1,2,14,39,9,13,6,3,0,0,8,4,14,10,10,6,3,1,36,11,2,1,42,46,30.0,35.0,12.0,11.0,5.0,16.0,183,650,114.0,563.0,53,210,61,353,21.0,20.0,1.0,9.0,1.37,1.69,1.23,1.4,0.13,0.29,1.37,1.69,1.36,1.97,2,2,3,9,3,1,0,1,1,1,0.2067,0.7012,1.0347,0.7627,0.109,0.1227,0.0,0.079,0.0163,0.0244,4,10,3,0,0,2,2,2,0,0,0.2137,1.4047,1.0201,0.0,0.0,0.1053,0.1328,0.1799,0.0,0.0,9,14,16.92,12.89
3629195,2021-10-27,esp,2021/2022,LaLiga,11,Isidro Diaz de Mera,8603,Real Betis,10267,Valencia,1,4,1,61,39,14,10,9,4,2,5,3,1,1,0,10,9,4,1,4,7,4,3,2,2,25,15,14,19,2,5,0,0,2,1,16,14,6,9,1,3,27,19,3,5,65,47,44.0,35.0,21.0,12.0,10.0,8.0,402,238,313.0,152.0,181,63,132,89,34.0,13.0,2.0,2.0,2.04,1.6,1.13,0.59,0.11,1.01,1.25,1.6,2.85,1.38,0,2,8,4,2,3,3,1,1,0,0.0,0.6472,1.8077,0.6637,0.0507,0.2466,0.1372,0.0664,0.0407,0.0,12,5,0,0,1,3,0,2,1,0,1.1345,0.6165,0.0,0.0,0.1134,0.7768,0.0,0.2305,0.7884,0.0,14,10,15.11,11.25
3629195,2021-10-27,esp,2021/2022,LaLiga,11,Isidro Diaz de Mera,10267,Valencia,8603,Real Betis,0,1,4,39,61,10,14,4,9,5,2,1,3,0,1,9,10,1,4,7,4,3,4,2,2,15,25,19,14,5,2,0,0,1,2,14,16,9,6,3,1,19,27,5,3,47,65,35.0,44.0,12.0,21.0,8.0,10.0,238,402,152.0,313.0,63,181,89,132,13.0,34.0,2.0,2.0,1.6,2.04,0.59,1.13,1.01,0.11,1.6,1.25,1.38,2.85,2,0,4,8,3,2,1,3,0,1,0.6472,0.0,0.6637,1.8077,0.2466,0.0507,0.0664,0.1372,0.0,0.0407,5,12,0,0,3,1,2,0,0,1,0.6165,1.1345,0.0,0.0,0.7768,0.1134,0.2305,0.0,0.0,0.7884,10,14,11.25,15.11
3629197,2021-10-27,esp,2021/2022,LaLiga,11,Jaime Latre,8661,Mallorca,8302,Sevilla,1,1,1,30,70,11,10,4,3,3,6,4,1,1,1,8,5,3,5,4,2,3,3,2,3,29,14,16,14,4,6,1,0,1,2,12,8,11,4,1,4,23,9,2,3,55,54,45.0,35.0,10.0,19.0,20.0,12.0,258,614,187.0,541.0,95,308,92,233,17.0,47.0,2.0,8.0,1.52,0.81,1.1,0.7,0.42,0.11,1.52,0.81,1.58,2.09,2,2,5,2,1,1,1,3,2,2,0.6699,0.4523,0.6643,0.0974,0.0561,0.0259,0.0988,0.0937,0.0722,0.1425,8,6,0,1,0,2,3,1,0,0,1.1392,0.671,0.0,0.0259,0.0,0.0921,0.4222,0.0226,0.0,0.0,11,10,13.81,17.94
3629197,2021-10-27,esp,2021/2022,LaLiga,11,Jaime Latre,8302,Sevilla,8661,Mallorca,0,1,1,70,30,10,11,3,4,6,3,1,4,1,1,5,8,5,3,2,4,3,3,3,2,14,29,14,16,6,4,0,1,2,1,8,12,4,11,4,1,9,23,3,2,54,55,35.0,45.0,19.0,10.0,12.0,20.0,614,258,541.0,187.0,308,95,233,92,47.0,17.0,8.0,2.0,0.81,1.52,0.7,1.1,0.11,0.42,0.81,1.52,2.09,1.58,2,2,2,5,1,1,3,1,2,2,0.4523,0.6699,0.0974,0.6643,0.0259,0.0561,0.0937,0.0988,0.1425,0.0722,6,8,1,0,2,0,1,3,0,0,0.671,1.1392,0.0259,0.0,0.0921,0.0,0.0226,0.4222,0.0,0.0,10,11,17.94,13.81
3629201,2021-10-27,esp,2021/2022,LaLiga,11,Cesar Soto,8633,Real Madrid,8371,Osasuna,1,0,0,75,25,17,7,3,0,11,7,3,0,1,1,7,6,10,1,11,3,0,1,0,1,44,9,12,10,1,1,0,0,5,0,7,7,7,14,0,3,12,36,0,3,38,38,26.0,23.0,12.0,15.0,10.0,5.0,726,246,655.0,166.0,226,79,429,87,46.0,31.0,3.0,3.0,0.66,0.53,0.6,0.18,0.05,0.36,0.66,0.53,0.11,0.0,0,0,2,5,5,1,2,0,8,1,0.0,0.0,0.2381,0.4714,0.2031,0.0365,0.0297,0.0,0.187,0.0269,15,0,1,1,0,3,1,3,0,0,0.5431,0.0,0.0604,0.1782,0.0,0.2788,0.0544,0.0778,0.0,0.0,17,7,24.59,14.86
3629201,2021-10-27,esp,2021/2022,LaLiga,11,Cesar Soto,8371,Osasuna,8633,Real Madrid,0,0,0,25,75,7,17,0,3,7,11,0,3,1,1,6,7,1,10,3,11,1,0,1,0,9,44,10,12,1,1,0,0,0,5,7,7,14,7,3,0,36,12,3,0,38,38,23.0,26.0,15.0,12.0,5.0,10.0,246,726,166.0,655.0,79,226,87,429,31.0,46.0,3.0,3.0,0.53,0.66,0.18,0.6,0.36,0.05,0.53,0.66,0.0,0.11,0,0,5,2,1,5,0,2,1,8,0.0,0.0,0.4714,0.2381,0.0365,0.2031,0.0,0.0297,0.0269,0.187,0,15,1,1,3,0,3,1,0,0,0.0,0.5431,0.1782,0.0604,0.2788,0.0,0.0778,0.0544,0.0,0.0,7,17,14.86,24.59
3629202,2021-10-27,esp,2021/2022,LaLiga,11,Antonio Mateu,8370,Rayo Vallecano,8634,Barcelona,1,1,0,31,69,12,16,3,1,5,9,4,6,0,0,7,12,5,4,3,7,0,5,0,5,16,32,17,12,2,2,0,0,5,1,22,11,7,9,6,4,16,10,1,2,56,61,46.0,47.0,10.0,14.0,13.0,19.0,267,594,189.0,521.0,84,293,105,228,15.0,36.0,4.0,5.0,0.81,2.55,0.56,1.76,0.26,0.0,0.81,1.76,0.78,0.98,1,2,3,6,3,4,4,2,1,2,0.11,0.6545,0.4694,1.5103,0.0811,0.2332,0.1354,0.0738,0.0163,0.0797,8,15,2,0,2,0,0,0,0,1,0.497,1.763,0.0594,0.0,0.2557,0.0,0.0,0.0,0.0,0.7884,12,16,20.83,15.67
3629202,2021-10-27,esp,2021/2022,LaLiga,11,Antonio Mateu,8634,Barcelona,8370,Rayo Vallecano,0,0,1,69,31,16,12,1,3,9,5,6,4,0,0,12,7,4,5,7,3,5,0,5,0,32,16,12,17,2,2,0,0,1,5,11,22,9,7,4,6,10,16,2,1,61,56,47.0,46.0,14.0,10.0,19.0,13.0,594,267,521.0,189.0,293,84,228,105,36.0,15.0,5.0,4.0,2.55,0.81,1.76,0.56,0.0,0.26,1.76,0.81,0.98,0.78,2,1,6,3,4,3,2,4,2,1,0.6545,0.11,1.5103,0.4694,0.2332,0.0811,0.0738,0.1354,0.0797,0.0163,15,8,0,2,0,2,0,0,1,0,1.763,0.497,0.0,0.0594,0.0,0.2557,0.0,0.0,0.7884,0.0,16,12,15.67,20.83
3629196,2021-10-28,esp,2021/2022,LaLiga,11,Mario Melero,9910,Celta Vigo,8560,Real Sociedad,1,0,2,57,43,14,11,6,4,5,3,3,4,0,0,8,8,6,3,7,6,2,1,2,0,18,21,12,11,1,0,0,0,3,0,23,19,5,11,3,3,12,28,2,6,52,66,37.0,43.0,15.0,23.0,4.0,13.0,502,391,414.0,295.0,178,156,236,139,36.0,20.0,6.0,3.0,1.39,1.76,1.37,1.29,0.02,0.47,1.39,1.76,1.15,2.1,0,1,5,5,3,2,4,3,2,0,0.0,0.9288,0.8998,0.6237,0.3467,0.1849,0.1494,0.0893,0.0322,0.0,11,7,1,0,2,3,0,1,0,0,1.3348,1.3583,0.0728,0.0,0.0205,0.4395,0.0,0.0289,0.0,0.0,14,11,17.78,14.89
3629196,2021-10-28,esp,2021/2022,LaLiga,11,Mario Melero,8560,Real Sociedad,9910,Celta Vigo,0,2,0,43,57,11,14,4,6,3,5,4,3,0,0,8,8,3,6,6,7,1,2,0,2,21,18,11,12,0,1,0,0,0,3,19,23,11,5,3,3,28,12,6,2,66,52,43.0,37.0,23.0,15.0,13.0,4.0,391,502,295.0,414.0,156,178,139,236,20.0,36.0,3.0,6.0,1.76,1.39,1.29,1.37,0.47,0.02,1.76,1.39,2.1,1.15,1,0,5,5,2,3,3,4,0,2,0.9288,0.0,0.6237,0.8998,0.1849,0.3467,0.0893,0.1494,0.0,0.0322,7,11,0,1,3,2,1,0,0,0,1.3583,1.3348,0.0,0.0728,0.4395,0.0205,0.0289,0.0,0.0,0.0,11,14,14.89,17.78
3629198,2021-10-28,esp,2021/2022,LaLiga,11,Adrian Cordero,7878,Granada,8305,Getafe,1,1,1,77,23,18,6,3,4,11,2,4,0,1,0,10,3,8,3,5,0,2,1,2,0,26,10,10,15,1,4,0,0,3,2,17,12,6,8,0,4,4,22,3,2,57,54,40.0,30.0,17.0,24.0,11.0,9.0,580,183,482.0,108.0,275,48,207,60,40.0,30.0,8.0,3.0,2.09,0.44,1.04,0.03,0.26,0.42,1.3,0.44,0.1,0.65,1,0,8,2,1,1,6,3,2,0,0.0844,0.0,1.6753,0.3843,0.0322,0.0044,0.2074,0.0537,0.0918,0.0,13,2,0,0,3,0,1,4,1,0,1.0393,0.0263,0.0,0.0,0.2187,0.0,0.0446,0.4161,0.7884,0.0,18,6,17.05,22.83
3629198,2021-10-28,esp,2021/2022,LaLiga,11,Adrian Cordero,8305,Getafe,7878,Granada,0,1,1,23,77,6,18,4,3,2,11,0,4,0,1,3,10,3,8,0,5,1,2,0,2,10,26,15,10,4,1,0,0,2,3,12,17,8,6,4,0,22,4,2,3,54,57,30.0,40.0,24.0,17.0,9.0,11.0,183,580,108.0,482.0,48,275,60,207,30.0,40.0,3.0,8.0,0.44,2.09,0.03,1.04,0.42,0.26,0.44,1.3,0.65,0.1,0,1,2,8,1,1,3,6,0,2,0.0,0.0844,0.3843,1.6753,0.0044,0.0322,0.0537,0.2074,0.0,0.0918,2,13,0,0,0,3,4,1,0,1,0.0263,1.0393,0.0,0.0,0.0,0.2187,0.4161,0.0446,0.0,0.7884,6,18,22.83,17.05
3629200,2021-10-28,esp,2021/2022,LaLiga,11,Pablo Gonzalez,8581,Levante,9906,Atletico Madrid,1,2,2,35,65,10,7,3,3,4,3,3,1,0,0,8,4,2,3,5,2,3,2,1,0,20,24,15,11,1,5,1,0,4,4,8,14,16,7,1,3,15,5,1,1,25,43,22.0,35.0,3.0,8.0,6.0,6.0,317,608,244.0,525.0,146,227,98,298,16.0,36.0,4.0,4.0,2.07,0.94,0.28,0.62,0.22,0.32,0.49,0.94,1.97,1.25,1,1,7,2,0,1,0,3,2,0,0.2513,0.2832,1.7863,0.5153,0.0,0.0415,0.0,0.1021,0.0297,0.0,2,5,0,0,2,2,4,0,2,0,0.2754,0.6174,0.0,0.0,0.0862,0.3248,0.1289,0.0,1.5768,0.0,10,7,14.64,14.07
3629200,2021-10-28,esp,2021/2022,LaLiga,11,Pablo Gonzalez,9906,Atletico Madrid,8581,Levante,0,2,2,65,35,7,10,3,3,3,4,1,3,0,0,4,8,3,2,2,5,2,3,0,1,24,20,11,15,5,1,0,1,4,4,14,8,7,16,3,1,5,15,1,1,43,25,35.0,22.0,8.0,3.0,6.0,6.0,608,317,525.0,244.0,227,146,298,98,36.0,16.0,4.0,4.0,0.94,2.07,0.62,0.28,0.32,0.22,0.94,0.49,1.25,1.97,1,1,2,7,1,0,3,0,0,2,0.2832,0.2513,0.5153,1.7863,0.0415,0.0,0.1021,0.0,0.0,0.0297,5,2,0,0,2,2,0,4,0,2,0.6174,0.2754,0.0,0.0,0.3248,0.0862,0.0,0.1289,0.0,1.5768,7,10,14.07,14.64
3629205,2021-10-30,esp,2021/2022,LaLiga,12,Jorge Figueroa,8634,Barcelona,9866,Deportivo Alaves,1,1,1,79,21,16,3,5,2,8,1,3,0,1,0,6,3,10,0,9,0,3,1,3,0,35,7,11,11,0,2,0,0,1,2,7,17,5,17,0,3,6,36,1,4,48,44,36.0,30.0,12.0,14.0,18.0,5.0,811,212,737.0,136.0,211,70,526,66,15.0,23.0,8.0,3.0,1.32,0.87,1.11,0.81,0.22,0.06,1.32,0.87,1.51,0.86,1,1,4,2,1,0,6,0,4,0,0.0452,0.8051,0.7991,0.0644,0.0407,0.0,0.3603,0.0,0.076,0.0,12,1,1,0,1,0,2,2,0,0,1.0544,0.8051,0.0507,0.0,0.0568,0.0,0.1592,0.0644,0.0,0.0,16,3,19.95,11.54
3629205,2021-10-30,esp,2021/2022,LaLiga,12,Jorge Figueroa,9866,Deportivo Alaves,8634,Barcelona,0,1,1,21,79,3,16,2,5,1,8,0,3,0,1,3,6,0,10,0,9,1,3,0,3,7,35,11,11,2,0,0,0,2,1,17,7,17,5,3,0,36,6,4,1,44,48,30.0,36.0,14.0,12.0,5.0,18.0,212,811,136.0,737.0,70,211,66,526,23.0,15.0,3.0,8.0,0.87,1.32,0.81,1.11,0.06,0.22,0.87,1.32,0.86,1.51,1,1,2,4,0,1,0,6,0,4,0.8051,0.0452,0.0644,0.7991,0.0,0.0407,0.0,0.3603,0.0,0.076,1,12,0,1,0,1,2,2,0,0,0.8051,1.0544,0.0,0.0507,0.0,0.0568,0.0644,0.1592,0.0,0.0,3,16,11.54,19.95
3629210,2021-10-30,esp,2021/2022,LaLiga,12,Carlos del Cerro,8302,Sevilla,8371,Osasuna,1,2,0,64,36,16,10,4,3,5,4,7,3,1,0,12,5,4,5,4,5,4,1,2,1,27,17,17,10,2,2,0,0,5,3,7,14,5,4,2,7,25,12,3,2,41,49,23.0,34.0,18.0,15.0,6.0,3.0,514,272,420.0,169.0,261,81,159,88,26.0,13.0,7.0,5.0,2.09,0.55,1.56,0.31,0.53,0.24,2.09,0.55,1.06,0.98,1,1,6,2,5,2,2,4,2,1,0.4081,0.1649,0.6942,0.2107,0.7273,0.0695,0.1673,0.0972,0.0909,0.0098,9,5,1,1,3,2,3,2,0,0,1.4293,0.2901,0.1334,0.0194,0.409,0.19,0.1162,0.0527,0.0,0.0,16,10,14.92,22.91
3629210,2021-10-30,esp,2021/2022,LaLiga,12,Carlos del Cerro,8371,Osasuna,8302,Sevilla,0,0,2,36,64,10,16,3,4,4,5,3,7,0,1,5,12,5,4,5,4,1,4,1,2,17,27,10,17,2,2,0,0,3,5,14,7,4,5,7,2,12,25,2,3,49,41,34.0,23.0,15.0,18.0,3.0,6.0,272,514,169.0,420.0,81,261,88,159,13.0,26.0,5.0,7.0,0.55,2.09,0.31,1.56,0.24,0.53,0.55,2.09,0.98,1.06,1,1,2,6,2,5,4,2,1,2,0.1649,0.4081,0.2107,0.6942,0.0695,0.7273,0.0972,0.1673,0.0098,0.0909,5,9,1,1,2,3,2,3,0,0,0.2901,1.4293,0.0194,0.1334,0.19,0.409,0.0527,0.1162,0.0,0.0,10,16,22.91,14.92
3629211,2021-10-30,esp,2021/2022,LaLiga,12,Jose Munuera,10267,Valencia,10205,Villarreal,1,2,0,25,75,9,11,3,1,5,6,1,4,0,0,5,9,4,2,7,6,3,1,1,1,14,24,19,17,2,4,0,0,4,2,19,22,11,4,4,2,26,13,1,0,53,66,40.0,44.0,13.0,22.0,5.0,5.0,176,552,101.0,471.0,34,190,67,281,16.0,19.0,1.0,7.0,1.46,0.86,0.6,0.57,0.07,0.29,0.67,0.86,1.17,0.17,0,1,2,7,3,1,2,1,2,1,0.0,0.0362,0.8015,0.6625,0.6048,0.1136,0.0314,0.0344,0.0185,0.0091,3,7,0,0,4,3,1,1,1,0,0.6005,0.568,0.0,0.0,0.042,0.1394,0.0254,0.1484,0.7884,0.0,9,11,20.32,14.02
3629211,2021-10-30,esp,2021/2022,LaLiga,12,Jose Munuera,10205,Villarreal,10267,Valencia,0,0,2,75,25,11,9,1,3,6,5,4,1,0,0,9,5,2,4,6,7,1,3,1,1,24,14,17,19,4,2,0,0,2,4,22,19,4,11,2,4,13,26,0,1,66,53,44.0,40.0,22.0,13.0,5.0,5.0,552,176,471.0,101.0,190,34,281,67,19.0,16.0,7.0,1.0,0.86,1.46,0.57,0.6,0.29,0.07,0.86,0.67,0.17,1.17,1,0,7,2,1,3,1,2,1,2,0.0362,0.0,0.6625,0.8015,0.1136,0.6048,0.0344,0.0314,0.0091,0.0185,7,3,0,0,3,4,1,1,0,1,0.568,0.6005,0.0,0.0,0.1394,0.042,0.1484,0.0254,0.0,0.7884,11,9,14.02,20.32
3629213,2021-10-30,esp,2021/2022,LaLiga,12,Ricardo De Burgos,10268,Elche,8633,Real Madrid,1,1,2,44,56,13,17,4,5,5,7,4,5,0,0,8,11,5,6,5,4,2,3,1,1,16,34,11,13,0,0,1,0,1,1,14,16,5,10,5,4,22,22,3,3,38,47,33.0,38.0,5.0,9.0,7.0,12.0,439,583,386.0,526.0,203,247,183,279,30.0,36.0,4.0,4.0,1.06,1.12,0.9,1.06,0.15,0.06,1.06,1.12,0.91,1.87,0,1,5,5,3,5,4,2,1,4,0.0,0.1236,0.8469,0.5566,0.1125,0.2439,0.0749,0.1166,0.0241,0.0777,8,14,1,1,2,1,2,1,0,0,0.858,1.0299,0.046,0.0259,0.0848,0.0492,0.0696,0.0133,0.0,0.0,13,17,19.38,17.91
3629213,2021-10-30,esp,2021/2022,LaLiga,12,Ricardo De Burgos,8633,Real Madrid,10268,Elche,0,2,1,56,44,17,13,5,4,7,5,5,4,0,0,11,8,6,5,4,5,3,2,1,1,34,16,13,11,0,0,0,1,1,1,16,14,10,5,4,5,22,22,3,3,47,38,38.0,33.0,9.0,5.0,12.0,7.0,583,439,526.0,386.0,247,203,279,183,36.0,30.0,4.0,4.0,1.12,1.06,1.06,0.9,0.06,0.15,1.12,1.06,1.87,0.91,1,0,5,5,5,3,2,4,4,1,0.1236,0.0,0.5566,0.8469,0.2439,0.1125,0.1166,0.0749,0.0777,0.0241,14,8,1,1,1,2,1,2,0,0,1.0299,0.858,0.0259,0.046,0.0492,0.0848,0.0133,0.0696,0.0,0.0,17,13,17.91,19.38
3629204,2021-10-31,esp,2021/2022,LaLiga,12,Javier Alberola,9906,Atletico Madrid,8603,Real Betis,1,3,0,47,53,18,8,9,1,7,3,2,4,0,0,17,5,1,3,13,0,7,0,6,0,28,12,11,12,0,0,0,0,3,1,17,15,7,8,4,2,7,17,1,7,56,40,41.0,34.0,15.0,6.0,12.0,8.0,440,513,364.0,427.0,179,230,185,197,26.0,27.0,5.0,2.0,2.32,0.49,1.28,0.42,1.04,0.07,2.32,0.49,3.55,0.03,3,0,9,4,5,1,1,1,0,2,0.6559,0.0,0.9257,0.3737,0.6366,0.07,0.102,0.0208,0.0,0.0276,6,7,2,0,9,0,1,1,0,0,0.9715,0.4222,0.3114,0.0,0.9981,0.0,0.0392,0.07,0.0,0.0,18,8,12.12,18.14
3629204,2021-10-31,esp,2021/2022,LaLiga,12,Javier Alberola,8603,Real Betis,9906,Atletico Madrid,0,0,3,53,47,8,18,1,9,3,7,4,2,0,0,5,17,3,1,0,13,0,7,0,6,12,28,12,11,0,0,0,0,1,3,15,17,8,7,2,4,17,7,7,1,40,56,34.0,41.0,6.0,15.0,8.0,12.0,513,440,427.0,364.0,230,179,197,185,27.0,26.0,2.0,5.0,0.49,2.32,0.42,1.28,0.07,1.04,0.49,2.32,0.03,3.55,0,3,4,9,1,5,1,1,2,0,0.0,0.6559,0.3737,0.9257,0.07,0.6366,0.0208,0.102,0.0276,0.0,7,6,0,2,0,9,1,1,0,0,0.4222,0.9715,0.0,0.3114,0.0,0.9981,0.07,0.0392,0.0,0.0,8,18,18.14,12.12
3629206,2021-10-31,esp,2021/2022,LaLiga,12,Alejandro Muniz,8305,Getafe,8558,Espanyol,1,2,1,44,56,12,10,7,3,4,4,1,3,1,1,7,6,5,4,6,11,1,0,0,0,14,16,18,12,7,4,0,0,1,2,14,8,11,3,3,1,24,15,2,5,53,51,31.0,37.0,22.0,14.0,7.0,11.0,308,384,233.0,300.0,111,169,122,131,38.0,33.0,6.0,6.0,0.94,0.57,0.71,0.31,0.23,0.26,0.94,0.57,1.93,0.6,0,0,6,5,1,1,3,3,2,1,0.0,0.0,0.6072,0.3934,0.0143,0.0876,0.0924,0.076,0.0523,0.0211,8,3,0,0,4,4,0,3,0,0,0.6243,0.3116,0.0,0.0,0.1419,0.1905,0.0,0.076,0.0,0.0,12,10,16.4,18.42
3629206,2021-10-31,esp,2021/2022,LaLiga,12,Alejandro Muniz,8558,Espanyol,8305,Getafe,0,1,2,56,44,10,12,3,7,4,4,3,1,1,1,6,7,4,5,11,6,0,1,0,0,16,14,12,18,4,7,0,0,2,1,8,14,3,11,1,3,15,24,5,2,51,53,37.0,31.0,14.0,22.0,11.0,7.0,384,308,300.0,233.0,169,111,131,122,33.0,38.0,6.0,6.0,0.57,0.94,0.31,0.71,0.26,0.23,0.57,0.94,0.6,1.93,0,0,5,6,1,1,3,3,1,2,0.0,0.0,0.3934,0.6072,0.0876,0.0143,0.076,0.0924,0.0211,0.0523,3,8,0,0,4,4,3,0,0,0,0.3116,0.6243,0.0,0.0,0.1905,0.1419,0.076,0.0,0.0,0.0,10,12,18.42,16.4
3629207,2021-10-31,esp,2021/2022,LaLiga,12,Valentin Pizarro,8385,Cadiz,8661,Mallorca,1,1,1,44,56,13,11,2,5,6,6,5,0,1,1,10,5,3,6,6,5,2,2,1,1,24,8,14,16,3,5,0,1,4,2,22,27,10,4,0,5,12,18,4,1,63,63,45.0,48.0,18.0,15.0,8.0,8.0,296,402,213.0,311.0,97,176,116,135,18.0,26.0,5.0,1.0,1.8,0.93,0.94,0.6,0.07,0.33,1.01,0.93,1.64,1.55,0,1,5,2,5,2,2,5,1,1,0.0,0.1745,1.4876,0.289,0.2096,0.257,0.0653,0.1976,0.0347,0.015,6,5,4,1,2,4,0,1,1,0,0.2125,0.368,0.731,0.2356,0.0653,0.2632,0.0,0.0663,0.7884,0.0,13,11,16.65,18.86
3629207,2021-10-31,esp,2021/2022,LaLiga,12,Valentin Pizarro,8661,Mallorca,8385,Cadiz,0,1,1,56,44,11,13,5,2,6,6,0,5,1,1,5,10,6,3,5,6,2,2,1,1,8,24,16,14,5,3,1,0,2,4,27,22,4,10,5,0,18,12,1,4,63,63,48.0,45.0,15.0,18.0,8.0,8.0,402,296,311.0,213.0,176,97,135,116,26.0,18.0,1.0,5.0,0.93,1.8,0.6,0.94,0.33,0.07,0.93,1.01,1.55,1.64,1,0,2,5,2,5,5,2,1,1,0.1745,0.0,0.289,1.4876,0.257,0.2096,0.1976,0.0653,0.015,0.0347,5,6,1,4,4,2,1,0,0,1,0.368,0.2125,0.2356,0.731,0.2632,0.0653,0.0663,0.0,0.0,0.7884,11,13,18.86,16.65
3629209,2021-10-31,esp,2021/2022,LaLiga,12,Juan Martinez,8560,Real Sociedad,8315,Athletic Club,1,1,1,54,46,8,11,3,5,4,0,1,6,0,0,6,8,2,3,2,7,1,1,0,1,19,17,21,14,4,1,0,1,4,4,14,21,9,7,6,1,19,18,4,2,47,57,31.0,45.0,16.0,12.0,3.0,7.0,450,380,383.0,298.0,231,156,152,142,33.0,21.0,6.0,5.0,1.09,1.05,0.26,0.88,0.04,0.17,0.31,1.05,1.23,1.12,0,1,3,7,3,0,1,1,1,2,0.0,0.3047,0.9416,0.6399,0.0943,0.0,0.0228,0.0457,0.0353,0.0585,6,7,0,0,0,3,1,1,1,0,0.2622,0.8751,0.0,0.0,0.0,0.1283,0.0435,0.0454,0.7884,0.0,8,11,16.65,14.12
3629209,2021-10-31,esp,2021/2022,LaLiga,12,Juan Martinez,8315,Athletic Club,8560,Real Sociedad,0,1,1,46,54,11,8,5,3,0,4,6,1,0,0,8,6,3,2,7,2,1,1,1,0,17,19,14,21,1,4,1,0,4,4,21,14,7,9,1,6,18,19,2,4,57,47,45.0,31.0,12.0,16.0,7.0,3.0,380,450,298.0,383.0,156,231,142,152,21.0,33.0,5.0,6.0,1.05,1.09,0.88,0.26,0.17,0.04,1.05,0.31,1.12,1.23,1,0,7,3,0,3,1,1,2,1,0.3047,0.0,0.6399,0.9416,0.0,0.0943,0.0457,0.0228,0.0585,0.0353,7,6,0,0,3,0,1,1,0,1,0.8751,0.2622,0.0,0.0,0.1283,0.0,0.0454,0.0435,0.0,0.7884,11,8,14.12,16.65
3629208,2021-11-01,esp,2021/2022,LaLiga,12,Jose Sanchez,8581,Levante,7878,Granada,1,0,3,48,52,12,12,3,6,6,3,3,3,0,0,7,7,5,5,3,5,3,2,3,0,27,21,14,13,4,2,0,0,3,1,15,15,9,8,2,3,17,22,3,3,53,44,38.0,35.0,15.0,9.0,11.0,7.0,398,448,312.0,351.0,166,193,146,158,21.0,24.0,6.0,5.0,1.07,0.96,0.97,0.79,0.09,0.17,1.07,0.96,0.82,2.23,0,2,7,4,0,1,3,3,2,2,0.0,0.5172,0.9338,0.2983,0.0,0.0222,0.0629,0.0925,0.0708,0.0307,9,10,1,0,1,2,1,0,0,0,0.9159,0.7935,0.0575,0.0,0.0158,0.1675,0.0783,0.0,0.0,0.0,12,12,18.14,18.87
3629208,2021-11-01,esp,2021/2022,LaLiga,12,Jose Sanchez,7878,Granada,8581,Levante,0,3,0,52,48,12,12,6,3,3,6,3,3,0,0,7,7,5,5,5,3,2,3,0,3,21,27,13,14,2,4,0,0,1,3,15,15,8,9,3,2,22,17,3,3,44,53,35.0,38.0,9.0,15.0,7.0,11.0,448,398,351.0,312.0,193,166,158,146,24.0,21.0,5.0,6.0,0.96,1.07,0.79,0.97,0.17,0.09,0.96,1.07,2.23,0.82,2,0,4,7,1,0,3,3,2,2,0.5172,0.0,0.2983,0.9338,0.0222,0.0,0.0925,0.0629,0.0307,0.0708,10,9,0,1,2,1,0,1,0,0,0.7935,0.9159,0.0,0.0575,0.1675,0.0158,0.0,0.0783,0.0,0.0,12,12,18.87,18.14
3629212,2021-11-01,esp,2021/2022,LaLiga,12,Adrian Cordero,8370,Rayo Vallecano,9910,Celta Vigo,1,0,0,53,47,11,10,5,4,5,3,1,3,1,0,3,4,8,6,4,7,0,0,0,0,12,8,13,14,2,5,0,0,3,3,11,14,8,10,3,1,20,19,4,5,51,56,32.0,32.0,19.0,24.0,9.0,6.0,354,307,253.0,205.0,130,101,123,104,36.0,23.0,3.0,4.0,0.59,0.58,0.5,0.35,0.09,0.23,0.59,0.58,0.7,0.51,0,0,3,4,0,0,4,3,4,3,0.0,0.0,0.3167,0.3624,0.0,0.0,0.1645,0.1273,0.1072,0.0937,7,4,1,0,1,2,2,4,0,0,0.413,0.3497,0.0837,0.0,0.0162,0.0519,0.0755,0.1818,0.0,0.0,11,10,23.96,20.36
3629212,2021-11-01,esp,2021/2022,LaLiga,12,Adrian Cordero,9910,Celta Vigo,8370,Rayo Vallecano,0,0,0,47,53,10,11,4,5,3,5,3,1,0,1,4,3,6,8,7,4,0,0,0,0,8,12,14,13,5,2,0,0,3,3,14,11,10,8,1,3,19,20,5,4,56,51,32.0,32.0,24.0,19.0,6.0,9.0,307,354,205.0,253.0,101,130,104,123,23.0,36.0,4.0,3.0,0.58,0.59,0.35,0.5,0.23,0.09,0.58,0.59,0.51,0.7,0,0,4,3,0,0,3,4,3,4,0.0,0.0,0.3624,0.3167,0.0,0.0,0.1273,0.1645,0.0937,0.1072,4,7,0,1,2,1,4,2,0,0,0.3497,0.413,0.0,0.0837,0.0519,0.0162,0.1818,0.0755,0.0,0.0,10,11,20.36,23.96
3629215,2021-11-05,esp,2021/2022,LaLiga,13,Jaime Latre,8315,Athletic Club,8385,Cadiz,1,0,1,70,30,15,8,5,4,6,1,4,3,0,0,11,5,4,3,5,1,0,0,0,0,28,9,14,19,3,1,0,0,1,0,10,27,14,14,2,5,16,34,3,4,56,81,41.0,57.0,15.0,24.0,14.0,18.0,570,233,460.0,129.0,174,52,286,77,33.0,23.0,6.0,1.0,0.53,0.46,0.22,0.43,0.31,0.04,0.53,0.46,0.23,0.49,0,0,6,5,5,0,3,1,1,2,0.0,0.0,0.2922,0.4138,0.1245,0.0,0.0768,0.0204,0.0412,0.0292,8,7,0,0,3,0,4,1,0,0,0.2243,0.4282,0.0,0.0,0.1047,0.0,0.2058,0.0352,0.0,0.0,15,8,17.09,18.06
3629215,2021-11-05,esp,2021/2022,LaLiga,13,Jaime Latre,8385,Cadiz,8315,Athletic Club,0,1,0,30,70,8,15,4,5,1,6,3,4,0,0,5,11,3,4,1,5,0,0,0,0,9,28,19,14,1,3,0,0,0,1,27,10,14,14,5,2,34,16,4,3,81,56,57.0,41.0,24.0,15.0,18.0,14.0,233,570,129.0,460.0,52,174,77,286,23.0,33.0,1.0,6.0,0.46,0.53,0.43,0.22,0.04,0.31,0.46,0.53,0.49,0.23,0,0,5,6,0,5,1,3,2,1,0.0,0.0,0.4138,0.2922,0.0,0.1245,0.0204,0.0768,0.0292,0.0412,7,8,0,0,0,3,1,4,0,0,0.4282,0.2243,0.0,0.0,0.0,0.1047,0.0352,0.2058,0.0,0.0,8,15,18.06,17.09
3629214,2021-11-06,esp,2021/2022,LaLiga,13,Adrian Cordero,9866,Deportivo Alaves,8581,Levante,1,2,1,60,40,10,12,3,7,5,4,2,1,0,0,6,6,4,6,1,3,2,1,1,0,19,18,21,17,3,3,0,0,2,2,9,12,2,10,1,2,18,29,6,1,54,49,33.0,36.0,21.0,13.0,8.0,6.0,418,290,323.0,198.0,178,96,145,102,37.0,25.0,4.0,0.0,1.54,0.81,0.28,0.71,0.47,0.1,0.75,0.81,1.48,1.18,0,0,5,3,1,3,3,2,1,4,0.0,0.0,1.3667,0.5022,0.0251,0.1249,0.1329,0.0701,0.0154,0.1159,7,7,0,2,0,1,2,2,1,0,0.281,0.6214,0.0,0.0914,0.0,0.0335,0.4707,0.0668,0.7884,0.0,10,12,16.76,20.63
3629214,2021-11-06,esp,2021/2022,LaLiga,13,Adrian Cordero,8581,Levante,9866,Deportivo Alaves,0,1,2,40,60,12,10,7,3,4,5,1,2,0,0,6,6,6,4,3,1,1,2,0,1,18,19,17,21,3,3,0,0,2,2,12,9,10,2,2,1,29,18,1,6,49,54,36.0,33.0,13.0,21.0,6.0,8.0,290,418,198.0,323.0,96,178,102,145,25.0,37.0,0.0,4.0,0.81,1.54,0.71,0.28,0.1,0.47,0.81,0.75,1.18,1.48,0,0,3,5,3,1,2,3,4,1,0.0,0.0,0.5022,1.3667,0.1249,0.0251,0.0701,0.1329,0.1159,0.0154,7,7,2,0,1,0,2,2,0,1,0.6214,0.281,0.0914,0.0,0.0335,0.0,0.0668,0.4707,0.0,0.7884,12,10,20.63,16.76
3629217,2021-11-06,esp,2021/2022,LaLiga,13,Alejandro Hernandez,9910,Celta Vigo,8634,Barcelona,1,3,3,52,48,18,10,4,6,11,4,3,0,0,1,13,7,5,3,3,1,3,1,2,0,33,27,18,18,3,6,0,0,2,2,24,14,7,14,0,1,7,22,3,1,54,58,48.0,53.0,6.0,5.0,8.0,24.0,508,482,424.0,414.0,226,235,198,179,33.0,32.0,11.0,3.0,1.47,0.87,1.08,0.8,0.39,0.07,1.47,0.87,1.51,2.94,2,0,9,5,2,2,3,3,2,0,0.2466,0.0,1.0316,0.6735,0.0716,0.0403,0.0941,0.1566,0.0441,0.0,11,9,0,0,4,1,3,0,0,0,1.0983,0.8029,0.0,0.0,0.3308,0.0675,0.0588,0.0,0.0,0.0,18,10,15.74,15.37
3629217,2021-11-06,esp,2021/2022,LaLiga,13,Alejandro Hernandez,8634,Barcelona,9910,Celta Vigo,0,3,3,48,52,10,18,6,4,4,11,0,3,1,0,7,13,3,5,1,3,1,3,0,2,27,33,18,18,6,3,0,0,2,2,14,24,14,7,1,0,22,7,1,3,58,54,53.0,48.0,5.0,6.0,24.0,8.0,482,508,414.0,424.0,235,226,179,198,32.0,33.0,3.0,11.0,0.87,1.47,0.8,1.08,0.07,0.39,0.87,1.47,2.94,1.51,0,2,5,9,2,2,3,3,0,2,0.0,0.2466,0.6735,1.0316,0.0403,0.0716,0.1566,0.0941,0.0,0.0441,9,11,0,0,1,4,0,3,0,0,0.8029,1.0983,0.0,0.0,0.0675,0.3308,0.0,0.0588,0.0,0.0,10,18,15.37,15.74
3629219,2021-11-06,esp,2021/2022,LaLiga,13,Isidro Diaz de Mera,8558,Espanyol,7878,Granada,1,2,0,43,57,17,18,6,5,8,9,3,4,1,1,13,11,4,7,5,3,4,3,4,3,22,20,12,8,1,1,0,0,3,2,12,14,12,6,2,3,23,16,5,4,36,51,30.0,36.0,6.0,15.0,10.0,11.0,357,460,299.0,394.0,166,210,133,184,21.0,34.0,7.0,7.0,1.61,2.48,1.19,2.07,0.42,0.41,1.61,2.48,1.79,1.45,2,4,7,6,4,1,2,3,2,4,0.4065,1.3508,0.9432,0.9243,0.1687,0.0263,0.053,0.1111,0.0415,0.0687,12,16,0,0,3,1,2,1,0,0,1.1881,2.0705,0.0,0.0,0.2533,0.1604,0.1715,0.2503,0.0,0.0,17,18,16.46,15.28
3629219,2021-11-06,esp,2021/2022,LaLiga,13,Isidro Diaz de Mera,7878,Granada,8558,Espanyol,0,0,2,57,43,18,17,5,6,9,8,4,3,1,1,11,13,7,4,3,5,3,4,3,4,20,22,8,12,1,1,0,0,2,3,14,12,6,12,3,2,16,23,4,5,51,36,36.0,30.0,15.0,6.0,11.0,10.0,460,357,394.0,299.0,210,166,184,133,34.0,21.0,7.0,7.0,2.48,1.61,2.07,1.19,0.41,0.42,2.48,1.61,1.45,1.79,4,2,6,7,1,4,3,2,4,2,1.3508,0.4065,0.9243,0.9432,0.0263,0.1687,0.1111,0.053,0.0687,0.0415,16,12,0,0,1,3,1,2,0,0,2.0705,1.1881,0.0,0.0,0.1604,0.2533,0.2503,0.1715,0.0,0.0,18,17,15.28,16.46
3629221,2021-11-06,esp,2021/2022,LaLiga,13,Pablo Gonzalez,8633,Real Madrid,8370,Rayo Vallecano,1,2,1,55,45,15,19,7,7,6,7,2,5,0,1,14,13,1,6,4,5,4,2,3,1,35,19,8,14,1,2,0,0,4,0,20,17,10,9,6,3,9,8,5,5,50,46,44.0,37.0,6.0,9.0,12.0,12.0,551,443,488.0,395.0,232,169,256,226,30.0,43.0,4.0,8.0,2.12,1.47,2.12,1.05,0.0,0.42,2.12,1.47,0.98,0.43,2,2,9,9,3,2,0,3,1,3,0.5648,0.4309,1.3444,0.7416,0.1326,0.1589,0.0,0.0934,0.0185,0.0405,14,14,1,1,0,4,0,0,0,0,1.7947,0.8385,0.2656,0.2072,0.0,0.4195,0.0,0.0,0.0,0.0,15,19,13.21,16.66
3629221,2021-11-06,esp,2021/2022,LaLiga,13,Pablo Gonzalez,8370,Rayo Vallecano,8633,Real Madrid,0,1,2,45,55,19,15,7,7,7,6,5,2,1,0,13,14,6,1,5,4,2,4,1,3,19,35,14,8,2,1,0,0,0,4,17,20,9,10,3,6,8,9,5,5,46,50,37.0,44.0,9.0,6.0,12.0,12.0,443,551,395.0,488.0,169,232,226,256,43.0,30.0,8.0,4.0,1.47,2.12,1.05,2.12,0.42,0.0,1.47,2.12,0.43,0.98,2,2,9,9,2,3,3,0,3,1,0.4309,0.5648,0.7416,1.3444,0.1589,0.1326,0.0934,0.0,0.0405,0.0185,14,14,1,1,4,0,0,0,0,0,0.8385,1.7947,0.2072,0.2656,0.4195,0.0,0.0,0.0,0.0,0.0,19,15,16.66,13.21
3629216,2021-11-07,esp,2021/2022,LaLiga,13,Antonio Mateu,8603,Real Betis,8302,Sevilla,1,0,2,26,74,8,12,1,2,3,8,4,2,0,0,3,8,5,4,2,1,0,3,0,3,7,26,12,13,1,1,1,0,1,4,13,12,11,6,2,4,21,10,1,1,40,50,28.0,32.0,12.0,18.0,3.0,8.0,258,759,177.0,691.0,92,345,85,346,14.0,48.0,2.0,6.0,0.33,1.71,0.13,1.69,0.21,0.03,0.33,1.71,0.02,0.24,0,1,2,6,1,1,3,2,2,2,0.0,0.7285,0.117,0.7837,0.0725,0.059,0.0945,0.1035,0.0488,0.0559,4,11,0,0,2,0,2,1,0,0,0.1274,1.7032,0.0,0.0,0.117,0.0,0.0885,0.0273,0.0,0.0,8,12,21.37,14.91
3629216,2021-11-07,esp,2021/2022,LaLiga,13,Antonio Mateu,8302,Sevilla,8603,Real Betis,0,2,0,74,26,12,8,2,1,8,3,2,4,0,0,8,3,4,5,1,2,3,0,3,0,26,7,13,12,1,1,0,1,4,1,12,13,6,11,4,2,10,21,1,1,50,40,32.0,28.0,18.0,12.0,8.0,3.0,759,258,691.0,177.0,345,92,346,85,48.0,14.0,6.0,2.0,1.71,0.33,1.69,0.13,0.03,0.21,1.71,0.33,0.24,0.02,1,0,6,2,1,1,2,3,2,2,0.7285,0.0,0.7837,0.117,0.059,0.0725,0.1035,0.0945,0.0559,0.0488,11,4,0,0,0,2,1,2,0,0,1.7032,0.1274,0.0,0.0,0.0,0.117,0.0273,0.0885,0.0,0.0,12,8,14.91,21.37
3629218,2021-11-07,esp,2021/2022,LaLiga,13,Mario Melero,8661,Mallorca,10268,Elche,1,2,2,52,48,18,7,6,2,3,2,9,3,0,0,6,5,12,2,3,3,4,1,2,0,20,10,11,19,2,3,0,0,6,0,12,17,17,6,3,9,13,25,0,4,47,47,38.0,34.0,9.0,13.0,8.0,7.0,376,361,307.0,273.0,166,171,141,102,20.0,25.0,5.0,1.0,2.28,0.8,1.12,0.8,0.38,0.0,1.49,0.8,2.11,0.82,1,0,5,3,0,2,7,2,5,0,0.1678,0.0,1.7324,0.6023,0.0,0.1338,0.2586,0.0663,0.1274,0.0,12,7,0,0,2,0,3,0,1,0,1.1345,0.8024,0.0,0.0,0.1779,0.0,0.1853,0.0,0.7884,0.0,18,7,21.25,17.56
3629218,2021-11-07,esp,2021/2022,LaLiga,13,Mario Melero,10268,Elche,8661,Mallorca,0,2,2,48,52,7,18,2,6,2,3,3,9,0,0,5,6,2,12,3,3,1,4,0,2,10,20,19,11,3,2,0,0,0,6,17,12,6,17,9,3,25,13,4,0,47,47,34.0,38.0,13.0,9.0,7.0,8.0,361,376,273.0,307.0,171,166,102,141,25.0,20.0,1.0,5.0,0.8,2.28,0.8,1.12,0.0,0.38,0.8,1.49,0.82,2.11,0,1,3,5,2,0,2,7,0,5,0.0,0.1678,0.6023,1.7324,0.1338,0.0,0.0663,0.2586,0.0,0.1274,7,12,0,0,0,2,0,3,0,1,0.8024,1.1345,0.0,0.0,0.0,0.1779,0.0,0.1853,0.0,0.7884,7,18,17.56,21.25
3629220,2021-11-07,esp,2021/2022,LaLiga,13,Miguel Ortiz,8371,Osasuna,8560,Real Sociedad,1,0,2,43,57,6,9,2,4,2,3,2,2,0,0,4,5,2,4,5,2,1,2,1,1,12,25,11,12,0,2,0,0,2,3,21,12,12,19,3,2,10,14,1,2,56,43,38.0,28.0,18.0,15.0,6.0,8.0,373,517,302.0,439.0,108,232,194,207,29.0,27.0,5.0,0.0,0.38,1.45,0.31,0.63,0.07,0.04,0.38,0.66,0.24,1.61,1,0,1,3,2,2,2,4,0,0,0.1792,0.0,0.0657,1.1916,0.0751,0.1086,0.0581,0.1529,0.0,0.0,5,7,0,0,1,1,0,0,0,1,0.3124,0.6273,0.0,0.0,0.0657,0.0373,0.0,0.0,0.0,0.7884,6,9,18.33,19.81
3629220,2021-11-07,esp,2021/2022,LaLiga,13,Miguel Ortiz,8560,Real Sociedad,8371,Osasuna,0,2,0,57,43,9,6,4,2,3,2,2,2,0,0,5,4,4,2,2,5,2,1,1,1,25,12,12,11,2,0,0,0,3,2,12,21,19,12,2,3,14,10,2,1,43,56,28.0,38.0,15.0,18.0,8.0,6.0,517,373,439.0,302.0,232,108,207,194,27.0,29.0,0.0,5.0,1.45,0.38,0.63,0.31,0.04,0.07,0.66,0.38,1.61,0.24,0,1,3,1,2,2,4,2,0,0,0.0,0.1792,1.1916,0.0657,0.1086,0.0751,0.1529,0.0581,0.0,0.0,7,5,0,0,1,1,0,0,1,0,0.6273,0.3124,0.0,0.0,0.0373,0.0657,0.0,0.0,0.7884,0.0,9,6,19.81,18.33
3629222,2021-11-07,esp,2021/2022,LaLiga,13,Cesar Soto,10267,Valencia,9906,Atletico Madrid,1,3,3,48,52,11,13,5,7,4,5,2,1,1,0,6,8,5,5,9,0,3,4,1,2,23,21,12,17,2,2,0,0,0,0,13,16,12,11,1,2,14,38,4,3,49,40,44.0,34.0,5.0,6.0,14.0,6.0,419,475,319.0,381.0,152,212,167,169,25.0,28.0,7.0,0.0,1.12,2.48,0.45,1.33,0.67,1.15,1.12,2.48,1.39,2.78,0,3,3,3,3,2,3,4,2,1,0.0,1.4441,0.874,1.1194,0.1097,0.0839,0.0974,0.1139,0.0386,0.0154,9,9,0,1,1,0,1,3,0,0,0.4519,1.2692,0.0,0.0633,0.4962,0.0,0.1716,1.4441,0.0,0.0,11,13,18.53,17.46
3629222,2021-11-07,esp,2021/2022,LaLiga,13,Cesar Soto,9906,Atletico Madrid,10267,Valencia,0,3,3,52,48,13,11,7,5,5,4,1,2,0,1,8,6,5,5,0,9,4,3,2,1,21,23,17,12,2,2,0,0,0,0,16,13,11,12,2,1,38,14,3,4,40,49,34.0,44.0,6.0,5.0,6.0,14.0,475,419,381.0,319.0,212,152,169,167,28.0,25.0,0.0,7.0,2.48,1.12,1.33,0.45,1.15,0.67,2.48,1.12,2.78,1.39,3,0,3,3,2,3,4,3,1,2,1.4441,0.0,1.1194,0.874,0.0839,0.1097,0.1139,0.0974,0.0154,0.0386,9,9,1,0,0,1,3,1,0,0,1.2692,0.4519,0.0633,0.0,0.0,0.4962,1.4441,0.1716,0.0,0.0,13,11,17.46,18.53
3629223,2021-11-07,esp,2021/2022,LaLiga,13,Jesus Gil,10205,Villarreal,8305,Getafe,1,1,0,67,33,10,5,4,2,3,2,3,1,1,0,9,2,1,3,6,4,3,0,2,0,25,4,12,13,1,2,0,0,6,2,20,24,7,17,1,3,17,27,2,3,78,55,48.0,41.0,30.0,14.0,15.0,6.0,638,306,540.0,213.0,265,128,275,85,43.0,23.0,4.0,3.0,1.42,0.21,1.32,0.18,0.11,0.03,1.42,0.21,1.38,0.29,0,0,6,1,3,1,0,3,1,0,0.0,0.0,1.2574,0.035,0.1127,0.1231,0.0,0.0545,0.0511,0.0,8,3,0,0,1,2,1,0,0,0,1.3156,0.1788,0.0,0.0,0.0546,0.0337,0.0511,0.0,0.0,0.0,10,5,14.76,22.09
3629223,2021-11-07,esp,2021/2022,LaLiga,13,Jesus Gil,8305,Getafe,10205,Villarreal,0,0,1,33,67,5,10,2,4,2,3,1,3,0,1,2,9,3,1,4,6,0,3,0,2,4,25,13,12,2,1,0,0,2,6,24,20,17,7,3,1,27,17,3,2,55,78,41.0,48.0,14.0,30.0,6.0,15.0,306,638,213.0,540.0,128,265,85,275,23.0,43.0,3.0,4.0,0.21,1.42,0.18,1.32,0.03,0.11,0.21,1.42,0.29,1.38,0,0,1,6,1,3,3,0,0,1,0.0,0.0,0.035,1.2574,0.1231,0.1127,0.0545,0.0,0.0,0.0511,3,8,0,0,2,1,0,1,0,0,0.1788,1.3156,0.0,0.0,0.0337,0.0546,0.0,0.0511,0.0,0.0,5,10,22.09,14.76
3629229,2021-11-19,esp,2021/2022,LaLiga,14,Jose Munuera,8581,Levante,8315,Athletic Club,1,0,0,49,51,15,7,2,2,5,3,8,2,0,0,8,5,7,2,6,3,0,0,0,0,30,16,16,7,2,1,0,0,1,2,14,18,24,4,2,8,23,35,2,2,50,50,37.0,43.0,13.0,7.0,16.0,10.0,422,449,317.0,334.0,163,205,154,129,31.0,21.0,2.0,1.0,0.55,0.55,0.37,0.35,0.18,0.19,0.55,0.55,0.18,0.09,0,0,5,3,3,2,4,2,3,0,0.0,0.0,0.2429,0.2448,0.0547,0.2087,0.1776,0.0916,0.0717,0.0,9,4,1,0,4,1,1,2,0,0,0.3577,0.3531,0.0109,0.0,0.0737,0.1115,0.1045,0.0804,0.0,0.0,15,7,21.56,15.71
3629229,2021-11-19,esp,2021/2022,LaLiga,14,Jose Munuera,8315,Athletic Club,8581,Levante,0,0,0,51,49,7,15,2,2,3,5,2,8,0,0,5,8,2,7,3,6,0,0,0,0,16,30,7,16,1,2,0,0,2,1,18,14,4,24,8,2,35,23,2,2,50,50,43.0,37.0,7.0,13.0,10.0,16.0,449,422,334.0,317.0,205,163,129,154,21.0,31.0,1.0,2.0,0.55,0.55,0.35,0.37,0.19,0.18,0.55,0.55,0.09,0.18,0,0,3,5,2,3,2,4,0,3,0.0,0.0,0.2448,0.2429,0.2087,0.0547,0.0916,0.1776,0.0,0.0717,4,9,0,1,1,4,2,1,0,0,0.3531,0.3577,0.0,0.0109,0.1115,0.0737,0.0804,0.1045,0.0,0.0,7,15,15.71,21.56
3629224,2021-11-20,esp,2021/2022,LaLiga,14,Jose Sanchez,9906,Atletico Madrid,8371,Osasuna,1,1,0,61,39,15,9,2,3,9,2,4,4,1,0,10,2,5,7,7,4,2,0,1,0,33,8,7,8,2,2,0,0,4,0,7,16,5,16,4,4,22,48,3,1,46,47,27.0,26.0,19.0,21.0,12.0,3.0,536,358,458.0,267.0,189,135,269,132,43.0,28.0,7.0,3.0,1.03,0.49,0.63,0.42,0.39,0.07,1.03,0.49,0.52,0.39,1,0,7,2,2,0,3,5,2,2,0.1326,0.0,0.6445,0.302,0.1293,0.0,0.0491,0.1657,0.0705,0.0181,11,7,1,0,2,2,1,0,0,0,0.5864,0.4187,0.0477,0.0,0.3654,0.067,0.0265,0.0,0.0,0.0,15,9,20.96,21.45
3629224,2021-11-20,esp,2021/2022,LaLiga,14,Jose Sanchez,8371,Osasuna,9906,Atletico Madrid,0,0,1,39,61,9,15,3,2,2,9,4,4,0,1,2,10,7,5,4,7,0,2,0,1,8,33,8,7,2,2,0,0,0,4,16,7,16,5,4,4,48,22,1,3,47,46,26.0,27.0,21.0,19.0,3.0,12.0,358,536,267.0,458.0,135,189,132,269,28.0,43.0,3.0,7.0,0.49,1.03,0.42,0.63,0.07,0.39,0.49,1.03,0.39,0.52,0,1,2,7,0,2,5,3,2,2,0.0,0.1326,0.302,0.6445,0.0,0.1293,0.1657,0.0491,0.0181,0.0705,7,11,0,1,2,2,0,1,0,0,0.4187,0.5864,0.0,0.0477,0.067,0.3654,0.0,0.0265,0.0,0.0,9,15,21.45,20.96
3629225,2021-11-20,esp,2021/2022,LaLiga,14,Carlos del Cerro,8634,Barcelona,8558,Espanyol,1,1,0,65,35,16,12,6,2,4,9,6,1,0,2,11,9,5,3,4,4,1,2,0,2,46,21,17,9,4,2,0,0,7,1,16,16,8,15,1,6,8,18,3,5,52,51,40.0,42.0,12.0,9.0,15.0,9.0,663,343,592.0,273.0,207,148,385,125,34.0,25.0,4.0,6.0,1.45,1.02,0.66,0.36,0.0,0.66,0.66,1.02,1.37,0.28,0,1,4,4,7,4,4,2,1,1,0.0,0.4638,1.0297,0.3,0.2406,0.1474,0.1593,0.0709,0.0197,0.0398,13,7,2,0,0,1,0,4,1,0,0.5609,0.3633,0.1,0.0,0.0,0.0841,0.0,0.5745,0.7884,0.0,16,12,18.2,16.75
3629225,2021-11-20,esp,2021/2022,LaLiga,14,Carlos del Cerro,8558,Espanyol,8634,Barcelona,0,0,1,35,65,12,16,2,6,9,4,1,6,2,0,9,11,3,5,4,4,2,1,2,0,21,46,9,17,2,4,0,0,1,7,16,16,15,8,6,1,18,8,5,3,51,52,42.0,40.0,9.0,12.0,9.0,15.0,343,663,273.0,592.0,148,207,125,385,25.0,34.0,6.0,4.0,1.02,1.45,0.36,0.66,0.66,0.0,1.02,0.66,0.28,1.37,1,0,4,4,4,7,2,4,1,1,0.4638,0.0,0.3,1.0297,0.1474,0.2406,0.0709,0.1593,0.0398,0.0197,7,13,0,2,1,0,4,0,0,1,0.3633,0.5609,0.0,0.1,0.0841,0.0,0.5745,0.0,0.0,0.7884,12,16,16.75,18.2
3629226,2021-11-20,esp,2021/2022,LaLiga,14,Javier Alberola,9910,Celta Vigo,10205,Villarreal,1,1,1,57,43,12,18,3,6,7,9,2,3,1,0,5,13,7,5,3,5,1,4,0,3,12,23,14,17,1,1,0,0,6,0,22,14,12,14,3,2,21,17,5,2,69,59,47.0,44.0,22.0,15.0,9.0,17.0,474,358,379.0,268.0,198,109,181,159,35.0,24.0,4.0,5.0,0.97,2.98,0.96,2.14,0.01,0.84,0.97,2.98,1.24,1.6,0,3,5,8,0,2,4,4,3,1,0.0,1.5723,0.8718,1.1326,0.0,0.0529,0.0532,0.1611,0.053,0.0141,11,13,0,1,0,2,1,2,0,0,0.9698,2.1847,0.0,0.0814,0.0,0.0708,0.0082,0.5961,0.0,0.0,12,18,21.39,14.22
3629226,2021-11-20,esp,2021/2022,LaLiga,14,Javier Alberola,10205,Villarreal,9910,Celta Vigo,0,1,1,43,57,18,12,6,3,9,7,3,2,0,1,13,5,5,7,5,3,4,1,3,0,23,12,17,14,1,1,0,0,0,6,14,22,14,12,2,3,17,21,2,5,59,69,44.0,47.0,15.0,22.0,17.0,9.0,358,474,268.0,379.0,109,198,159,181,24.0,35.0,5.0,4.0,2.98,0.97,2.14,0.96,0.84,0.01,2.98,0.97,1.6,1.24,3,0,8,5,2,0,4,4,1,3,1.5723,0.0,1.1326,0.8718,0.0529,0.0,0.1611,0.0532,0.0141,0.053,13,11,1,0,2,0,2,1,0,0,2.1847,0.9698,0.0814,0.0,0.0708,0.0,0.5961,0.0082,0.0,0.0,18,12,14.22,21.39
3629231,2021-11-20,esp,2021/2022,LaLiga,14,Alejandro Muniz,8302,Sevilla,9866,Deportivo Alaves,1,2,2,68,32,16,8,6,3,8,4,2,1,0,0,14,6,2,2,5,2,1,2,0,0,38,10,14,17,4,4,0,0,5,1,15,11,5,5,0,2,9,36,1,4,60,59,43.0,34.0,17.0,25.0,11.0,12.0,538,258,439.0,142.0,205,76,234,66,37.0,20.0,12.0,2.0,1.77,1.13,1.48,0.19,0.29,0.16,1.77,0.35,1.73,1.3,1,1,11,3,2,2,1,1,1,1,0.1327,0.0672,1.4894,0.9548,0.0988,0.0375,0.0165,0.0379,0.0306,0.0368,10,5,1,0,1,1,4,1,0,1,1.4211,0.187,0.0599,0.0,0.0533,0.122,0.2336,0.0368,0.0,0.7884,16,8,13.33,14.81
3629231,2021-11-20,esp,2021/2022,LaLiga,14,Alejandro Muniz,9866,Deportivo Alaves,8302,Sevilla,0,2,2,32,68,8,16,3,6,4,8,1,2,0,0,6,14,2,2,2,5,2,1,0,0,10,38,17,14,4,4,0,0,1,5,11,15,5,5,2,0,36,9,4,1,59,60,34.0,43.0,25.0,17.0,12.0,11.0,258,538,142.0,439.0,76,205,66,234,20.0,37.0,2.0,12.0,1.13,1.77,0.19,1.48,0.16,0.29,0.35,1.77,1.3,1.73,1,1,3,11,2,2,1,1,1,1,0.0672,0.1327,0.9548,1.4894,0.0375,0.0988,0.0379,0.0165,0.0368,0.0306,5,10,0,1,1,1,1,4,1,0,0.187,1.4211,0.0,0.0599,0.122,0.0533,0.0368,0.2336,0.7884,0.0,8,16,14.81,13.33
3629227,2021-11-21,esp,2021/2022,LaLiga,14,Ricardo De Burgos,8305,Getafe,8385,Cadiz,1,4,0,47,53,17,10,8,2,7,5,2,3,0,1,12,6,5,4,3,7,2,0,0,0,28,13,14,7,2,4,0,0,0,0,16,11,15,16,3,2,22,10,2,5,56,42,28.0,30.0,28.0,12.0,5.0,6.0,397,429,310.0,341.0,153,214,157,127,37.0,58.0,9.0,3.0,1.5,0.45,0.97,0.25,0.53,0.2,1.5,0.45,1.67,0.66,1,0,9,4,2,2,5,1,0,3,0.1953,0.0,0.7201,0.2258,0.1081,0.0987,0.1501,0.0515,0.0,0.0728,12,5,0,0,3,3,2,2,0,0,0.7,0.2466,0.0,0.0,0.2406,0.1482,0.233,0.0541,0.0,0.0,17,10,16.6,18.94
3629227,2021-11-21,esp,2021/2022,LaLiga,14,Ricardo De Burgos,8385,Cadiz,8305,Getafe,0,0,4,53,47,10,17,2,8,5,7,3,2,1,0,6,12,4,5,7,3,0,2,0,0,13,28,7,14,4,2,0,0,0,0,11,16,16,15,2,3,10,22,5,2,42,56,30.0,28.0,12.0,28.0,6.0,5.0,429,397,341.0,310.0,214,153,127,157,58.0,37.0,3.0,9.0,0.45,1.5,0.25,0.97,0.2,0.53,0.45,1.5,0.66,1.67,0,1,4,9,2,2,1,5,3,0,0.0,0.1953,0.2258,0.7201,0.0987,0.1081,0.0515,0.1501,0.0728,0.0,5,12,0,0,3,3,2,2,0,0,0.2466,0.7,0.0,0.0,0.1482,0.2406,0.0541,0.233,0.0,0.0,10,17,18.94,16.6
3629228,2021-11-21,esp,2021/2022,LaLiga,14,Juan Martinez,7878,Granada,8633,Real Madrid,1,1,4,32,68,11,21,3,10,4,7,4,4,0,0,6,17,5,4,8,6,0,5,0,1,18,53,10,7,1,1,1,0,2,3,19,11,7,6,5,3,22,19,5,3,36,48,28.0,36.0,8.0,12.0,2.0,15.0,302,687,239.0,626.0,150,267,89,359,26.0,34.0,4.0,3.0,0.68,3.7,0.49,3.33,0.19,0.36,0.68,3.7,0.32,3.13,0,3,3,12,3,2,5,1,0,3,0.0,1.3384,0.4189,2.1117,0.1521,0.1777,0.1127,0.0596,0.0,0.0498,8,17,0,1,3,2,0,1,0,0,0.4893,3.2584,0.0,0.1168,0.1944,0.3125,0.0,0.0495,0.0,0.0,11,21,19.47,15.21
3629228,2021-11-21,esp,2021/2022,LaLiga,14,Juan Martinez,8633,Real Madrid,7878,Granada,0,4,1,68,32,21,11,10,3,7,4,4,4,0,0,17,6,4,5,6,8,5,0,1,0,53,18,7,10,1,1,0,1,3,2,11,19,6,7,3,5,19,22,3,5,48,36,36.0,28.0,12.0,8.0,15.0,2.0,687,302,626.0,239.0,267,150,359,89,34.0,26.0,3.0,4.0,3.7,0.68,3.33,0.49,0.36,0.19,3.7,0.68,3.13,0.32,3,0,12,3,2,3,1,5,3,0,1.3384,0.0,2.1117,0.4189,0.1777,0.1521,0.0596,0.1127,0.0498,0.0,17,8,1,0,2,3,1,0,0,0,3.2584,0.4893,0.1168,0.0,0.3125,0.1944,0.0495,0.0,0.0,0.0,21,11,15.21,19.47
3629230,2021-11-21,esp,2021/2022,LaLiga,14,Mario Melero,8560,Real Sociedad,10267,Valencia,1,0,0,62,38,9,8,2,3,2,1,5,4,0,0,4,6,5,2,2,4,0,0,0,0,16,16,11,16,4,7,1,0,3,0,19,18,8,6,4,4,19,22,3,2,65,55,44.0,35.0,21.0,20.0,9.0,6.0,486,279,385.0,180.0,214,88,171,92,24.0,21.0,0.0,4.0,0.33,0.71,0.33,0.62,0.04,0.1,0.33,0.71,0.2,0.51,0,1,2,4,2,1,3,2,2,0,0.0,0.2456,0.0944,0.3159,0.0567,0.0699,0.127,0.0814,0.0529,0.0,9,5,0,1,0,1,0,1,0,0,0.331,0.5177,0.0,0.0999,0.0,0.039,0.0,0.0563,0.0,0.0,9,8,19.62,13.77
3629230,2021-11-21,esp,2021/2022,LaLiga,14,Mario Melero,10267,Valencia,8560,Real Sociedad,0,0,0,38,62,8,9,3,2,1,2,4,5,0,0,6,4,2,5,4,2,0,0,0,0,16,16,16,11,7,4,0,1,0,3,18,19,6,8,4,4,22,19,2,3,55,65,35.0,44.0,20.0,21.0,6.0,9.0,279,486,180.0,385.0,88,214,92,171,21.0,24.0,4.0,0.0,0.71,0.33,0.62,0.33,0.1,0.04,0.71,0.33,0.51,0.2,1,0,4,2,1,2,2,3,0,2,0.2456,0.0,0.3159,0.0944,0.0699,0.0567,0.0814,0.127,0.0,0.0529,5,9,1,0,1,0,1,0,0,0,0.5177,0.331,0.0999,0.0,0.039,0.0,0.0563,0.0,0.0,0.0,8,9,13.77,19.62
3629233,2021-11-21,esp,2021/2022,LaLiga,14,Valentin Pizarro,10268,Elche,8603,Real Betis,1,0,3,58,42,14,9,4,4,7,5,3,0,0,0,8,7,6,2,10,1,1,3,1,1,23,14,12,14,1,1,0,1,1,2,13,13,5,7,0,3,2,25,1,4,42,46,34.0,35.0,8.0,11.0,8.0,11.0,474,371,417.0,300.0,212,157,205,143,23.0,24.0,8.0,1.0,0.79,1.87,0.64,1.06,0.15,0.01,0.79,1.08,0.86,2.17,1,0,7,6,0,1,4,1,2,1,0.0864,0.0,0.3642,1.6885,0.0,0.145,0.3103,0.0183,0.0329,0.0133,9,7,1,0,2,0,2,1,0,1,0.4931,1.0618,0.1469,0.0,0.0697,0.0,0.084,0.0148,0.0,0.7884,14,9,15.91,16.16
3629233,2021-11-21,esp,2021/2022,LaLiga,14,Valentin Pizarro,8603,Real Betis,10268,Elche,0,3,0,42,58,9,14,4,4,5,7,0,3,0,0,7,8,2,6,1,10,3,1,1,1,14,23,14,12,1,1,1,0,2,1,13,13,7,5,3,0,25,2,4,1,46,42,35.0,34.0,11.0,8.0,11.0,8.0,371,474,300.0,417.0,157,212,143,205,24.0,23.0,1.0,8.0,1.87,0.79,1.06,0.64,0.01,0.15,1.08,0.79,2.17,0.86,0,1,6,7,1,0,1,4,1,2,0.0,0.0864,1.6885,0.3642,0.145,0.0,0.0183,0.3103,0.0133,0.0329,7,9,0,1,0,2,1,2,1,0,1.0618,0.4931,0.0,0.1469,0.0,0.0697,0.0148,0.084,0.7884,0.0,9,14,16.16,15.91
3629232,2021-11-22,esp,2021/2022,LaLiga,14,Jorge Figueroa,8370,Rayo Vallecano,8661,Mallorca,1,3,1,53,47,15,11,6,5,5,4,4,2,0,0,11,5,4,6,6,4,5,2,2,1,23,18,14,17,3,2,0,0,2,1,23,23,9,11,2,5,15,13,4,2,69,70,47.0,55.0,22.0,15.0,10.0,18.0,362,325,273.0,242.0,130,108,143,134,41.0,29.0,3.0,3.0,2.42,0.69,1.1,0.54,0.52,0.15,1.63,0.69,2.35,1.02,2,0,4,3,5,2,2,5,2,1,0.5247,0.0,1.1947,0.4979,0.5361,0.0552,0.0834,0.1211,0.0777,0.0168,11,8,1,0,2,2,0,1,1,0,0.8482,0.5434,0.2553,0.0,0.5247,0.11,0.0,0.0376,0.7884,0.0,15,11,16.18,21.92
3629232,2021-11-22,esp,2021/2022,LaLiga,14,Jorge Figueroa,8661,Mallorca,8370,Rayo Vallecano,0,1,3,47,53,11,15,5,6,4,5,2,4,0,0,5,11,6,4,4,6,2,5,1,2,18,23,17,14,2,3,0,0,1,2,23,23,11,9,5,2,13,15,2,4,70,69,55.0,47.0,15.0,22.0,18.0,10.0,325,362,242.0,273.0,108,130,134,143,29.0,41.0,3.0,3.0,0.69,2.42,0.54,1.1,0.15,0.52,0.69,1.63,1.02,2.35,0,2,3,4,2,5,5,2,1,2,0.0,0.5247,0.4979,1.1947,0.0552,0.5361,0.1211,0.0834,0.0168,0.0777,8,11,0,1,2,2,1,0,0,1,0.5434,0.8482,0.0,0.2553,0.11,0.5247,0.0376,0.0,0.0,0.7884,11,15,21.92,16.18
3629235,2021-11-26,esp,2021/2022,LaLiga,15,Adrian Cordero,8315,Athletic Club,7878,Granada,1,2,2,63,37,17,8,5,4,5,2,7,2,1,2,8,6,9,2,8,3,2,1,1,0,30,11,12,9,1,2,1,0,5,3,11,33,4,12,3,8,5,36,1,3,47,69,32.0,53.0,15.0,16.0,13.0,8.0,511,313,425.0,204.0,138,116,287,88,28.0,29.0,8.0,2.0,1.14,1.13,0.99,0.85,0.15,0.29,1.14,1.13,0.92,1.84,0,0,6,3,2,3,5,2,4,0,0.0,0.0,0.8759,0.8786,0.0434,0.1413,0.1345,0.1168,0.0898,0.0,11,4,0,1,4,0,2,3,0,0,0.9901,0.155,0.0,0.6939,0.0903,0.0,0.0632,0.2879,0.0,0.0,17,8,20.09,14.92
3629235,2021-11-26,esp,2021/2022,LaLiga,15,Adrian Cordero,7878,Granada,8315,Athletic Club,0,2,2,37,63,8,17,4,5,2,5,2,7,2,1,6,8,2,9,3,8,1,2,0,1,11,30,9,12,2,1,0,1,3,5,33,11,12,4,8,3,36,5,3,1,69,47,53.0,32.0,16.0,15.0,8.0,13.0,313,511,204.0,425.0,116,138,88,287,29.0,28.0,2.0,8.0,1.13,1.14,0.85,0.99,0.29,0.15,1.13,1.14,1.84,0.92,0,0,3,6,3,2,2,5,0,4,0.0,0.0,0.8786,0.8759,0.1413,0.0434,0.1168,0.1345,0.0,0.0898,4,11,1,0,0,4,3,2,0,0,0.155,0.9901,0.6939,0.0,0.0,0.0903,0.2879,0.0632,0.0,0.0,8,17,14.92,20.09
3629234,2021-11-27,esp,2021/2022,LaLiga,15,Pablo Gonzalez,9866,Deportivo Alaves,9910,Celta Vigo,1,1,2,42,58,13,8,5,5,5,2,3,1,1,0,10,5,3,3,5,3,0,3,0,2,17,22,12,15,3,2,0,0,0,2,8,9,12,17,1,3,23,23,3,4,44,35,32.0,29.0,12.0,6.0,9.0,9.0,378,526,275.0,420.0,121,230,154,190,27.0,29.0,5.0,6.0,0.86,1.17,0.7,0.26,0.16,0.12,0.86,0.38,0.85,2.06,1,1,7,3,2,1,1,2,2,1,0.2506,0.5789,0.4999,0.9189,0.0337,0.0616,0.0154,0.034,0.0614,0.0318,9,6,0,0,2,0,2,1,0,1,0.6966,0.2579,0.0,0.0,0.1018,0.0,0.0626,0.5789,0.0,0.7884,13,8,15.78,16.17
3629234,2021-11-27,esp,2021/2022,LaLiga,15,Pablo Gonzalez,9910,Celta Vigo,9866,Deportivo Alaves,0,2,1,58,42,8,13,5,5,2,5,1,3,0,1,5,10,3,3,3,5,3,0,2,0,22,17,15,12,2,3,0,0,2,0,9,8,17,12,3,1,23,23,4,3,35,44,29.0,32.0,6.0,12.0,9.0,9.0,526,378,420.0,275.0,230,121,190,154,29.0,27.0,6.0,5.0,1.17,0.86,0.26,0.7,0.12,0.16,0.38,0.86,2.06,0.85,1,1,3,7,1,2,2,1,1,2,0.5789,0.2506,0.9189,0.4999,0.0616,0.0337,0.034,0.0154,0.0318,0.0614,6,9,0,0,0,2,1,2,1,0,0.2579,0.6966,0.0,0.0,0.0,0.1018,0.5789,0.0626,0.7884,0.0,8,13,16.17,15.78
3629237,2021-11-27,esp,2021/2022,LaLiga,15,Jaime Latre,8661,Mallorca,8305,Getafe,1,0,0,53,47,12,11,2,0,6,7,4,4,0,0,8,5,4,6,2,0,0,1,0,1,16,14,8,19,3,0,0,0,4,2,14,22,4,12,4,4,9,15,0,2,64,49,47.0,33.0,17.0,16.0,14.0,4.0,431,385,332.0,284.0,155,137,177,147,19.0,33.0,5.0,6.0,0.41,0.84,0.26,0.84,0.15,0.0,0.41,0.84,0.08,0.0,0,1,5,3,3,1,3,6,1,0,0.0,0.3164,0.2501,0.2423,0.0891,0.0625,0.0394,0.22,0.0343,0.0,8,11,0,0,3,0,1,0,0,0,0.2635,0.8413,0.0,0.0,0.1383,0.0,0.0111,0.0,0.0,0.0,12,11,19.36,18.79
3629237,2021-11-27,esp,2021/2022,LaLiga,15,Jaime Latre,8305,Getafe,8661,Mallorca,0,0,0,47,53,11,12,0,2,7,6,4,4,0,0,5,8,6,4,0,2,1,0,1,0,14,16,19,8,0,3,0,0,2,4,22,14,12,4,4,4,15,9,2,0,49,64,33.0,47.0,16.0,17.0,4.0,14.0,385,431,284.0,332.0,137,155,147,177,33.0,19.0,6.0,5.0,0.84,0.41,0.84,0.26,0.0,0.15,0.84,0.41,0.0,0.08,1,0,3,5,1,3,6,3,0,1,0.3164,0.0,0.2423,0.2501,0.0625,0.0891,0.22,0.0394,0.0,0.0343,11,8,0,0,0,3,0,1,0,0,0.8413,0.2635,0.0,0.0,0.0,0.1383,0.0,0.0111,0.0,0.0,11,12,18.79,19.36
3629242,2021-11-27,esp,2021/2022,LaLiga,15,Alejandro Hernandez,10267,Valencia,8370,Rayo Vallecano,1,1,1,42,58,9,12,4,6,5,5,0,1,0,0,7,8,2,4,3,9,2,2,1,1,22,22,18,16,6,5,0,0,2,3,16,14,7,8,2,0,23,17,4,3,53,57,37.0,36.0,16.0,21.0,5.0,7.0,296,402,191.0,291.0,78,125,113,166,30.0,26.0,6.0,6.0,1.55,1.21,0.57,0.58,0.19,0.63,0.76,1.21,1.82,1.9,1,1,4,3,2,4,0,2,2,2,0.5595,0.2603,0.8978,0.3693,0.0907,0.5012,0.0,0.0609,0.0255,0.0586,4,5,0,2,1,4,3,1,1,0,0.6588,0.1936,0.0,0.3849,0.0116,0.6296,0.1147,0.0422,0.7884,0.0,9,12,15.67,16.28
3629242,2021-11-27,esp,2021/2022,LaLiga,15,Alejandro Hernandez,8370,Rayo Vallecano,10267,Valencia,0,1,1,58,42,12,9,6,4,5,5,1,0,0,0,8,7,4,2,9,3,2,2,1,1,22,22,16,18,5,6,0,0,3,2,14,16,8,7,0,2,17,23,3,4,57,53,36.0,37.0,21.0,16.0,7.0,5.0,402,296,291.0,191.0,125,78,166,113,26.0,30.0,6.0,6.0,1.21,1.55,0.58,0.57,0.63,0.19,1.21,0.76,1.9,1.82,1,1,3,4,4,2,2,0,2,2,0.2603,0.5595,0.3693,0.8978,0.5012,0.0907,0.0609,0.0,0.0586,0.0255,5,4,2,0,4,1,1,3,0,1,0.1936,0.6588,0.3849,0.0,0.6296,0.0116,0.0422,0.1147,0.0,0.7884,12,9,16.28,15.67
3629243,2021-11-27,esp,2021/2022,LaLiga,15,Cesar Soto,10205,Villarreal,8634,Barcelona,1,1,3,50,50,14,12,2,6,8,6,4,0,0,2,12,9,2,3,4,4,2,5,2,2,30,25,19,14,2,2,0,0,3,4,9,13,14,15,0,4,11,17,3,1,31,46,26.0,41.0,5.0,5.0,4.0,9.0,411,409,343.0,331.0,190,196,153,135,25.0,34.0,2.0,4.0,1.12,3.18,0.91,2.33,0.21,0.06,1.12,2.39,0.6,3.46,0,3,8,5,4,1,2,2,0,1,0.0,1.4587,0.7014,1.8781,0.3349,0.0269,0.0876,0.0979,0.0,0.0071,10,8,0,1,2,2,2,0,0,1,0.9138,2.5674,0.0,0.0506,0.1737,0.0622,0.0364,0.0,0.0,0.7884,14,12,14.81,13.34
3629243,2021-11-27,esp,2021/2022,LaLiga,15,Cesar Soto,8634,Barcelona,10205,Villarreal,0,3,1,50,50,12,14,6,2,6,8,0,4,2,0,9,12,3,2,4,4,5,2,2,2,25,30,14,19,2,2,0,0,4,3,13,9,15,14,4,0,17,11,1,3,46,31,41.0,26.0,5.0,5.0,9.0,4.0,409,411,331.0,343.0,196,190,135,153,34.0,25.0,4.0,2.0,3.18,1.12,2.33,0.91,0.06,0.21,2.39,1.12,3.46,0.6,3,0,5,8,1,4,2,2,1,0,1.4587,0.0,1.8781,0.7014,0.0269,0.3349,0.0979,0.0876,0.0071,0.0,8,10,1,0,2,2,0,2,1,0,2.5674,0.9138,0.0506,0.0,0.0622,0.1737,0.0,0.0364,0.7884,0.0,12,14,13.34,14.81
3629236,2021-11-28,esp,2021/2022,LaLiga,15,Miguel Ortiz,8603,Real Betis,8581,Levante,1,3,1,60,40,26,8,8,2,10,2,8,4,0,1,16,4,10,4,5,8,2,1,0,1,43,14,16,9,2,3,0,0,3,8,21,18,8,7,4,8,15,23,1,5,50,51,41.0,42.0,9.0,9.0,12.0,11.0,418,265,336.0,176.0,158,69,178,107,32.0,22.0,6.0,3.0,2.65,0.34,1.5,0.3,1.15,0.04,2.65,0.34,2.21,0.71,2,0,11,2,3,2,8,2,2,2,0.9256,0.0,1.3782,0.0786,0.101,0.1717,0.2474,0.0674,0.0359,0.0236,20,5,0,1,5,2,1,0,0,0,1.5409,0.2889,0.0,0.0147,1.1398,0.0376,0.0074,0.0,0.0,0.0,26,8,17.46,19.7
3629236,2021-11-28,esp,2021/2022,LaLiga,15,Miguel Ortiz,8581,Levante,8603,Real Betis,0,1,3,40,60,8,26,2,8,2,10,4,8,1,0,4,16,4,10,8,5,1,2,1,0,14,43,9,16,3,2,0,0,8,3,18,21,7,8,8,4,23,15,5,1,51,50,42.0,41.0,9.0,9.0,11.0,12.0,265,418,176.0,336.0,69,158,107,178,22.0,32.0,3.0,6.0,0.34,2.65,0.3,1.5,0.04,1.15,0.34,2.65,0.71,2.21,0,2,2,11,2,3,2,8,2,2,0.0,0.9256,0.0786,1.3782,0.1717,0.101,0.0674,0.2474,0.0236,0.0359,5,20,1,0,2,5,0,1,0,0,0.2889,1.5409,0.0147,0.0,0.0376,1.1398,0.0,0.0074,0.0,0.0,8,26,19.7,17.46
3629238,2021-11-28,esp,2021/2022,LaLiga,15,Jesus Gil,8385,Cadiz,9906,Atletico Madrid,1,1,4,36,64,9,17,1,7,5,5,3,5,0,0,6,15,3,2,4,8,1,6,1,3,13,26,13,11,2,0,0,0,2,2,10,14,13,8,5,3,20,22,3,0,35,58,28.0,41.0,7.0,17.0,8.0,15.0,369,673,303.0,589.0,154,273,149,316,28.0,23.0,3.0,6.0,0.99,3.83,0.15,3.46,0.84,0.37,0.99,3.83,0.78,3.0,1,3,3,11,2,1,1,2,2,0,0.4779,0.7226,0.3465,3.0598,0.1164,0.0484,0.0272,0.0538,0.0221,0.0,4,12,0,1,2,4,3,0,0,0,0.1535,2.952,0.0,0.5642,0.1618,0.3684,0.6748,0.0,0.0,0.0,9,17,15.8,12.54
3629238,2021-11-28,esp,2021/2022,LaLiga,15,Jesus Gil,9906,Atletico Madrid,8385,Cadiz,0,4,1,64,36,17,9,7,1,5,5,5,3,0,0,15,6,2,3,8,4,6,1,3,1,26,13,11,13,0,2,0,0,2,2,14,10,8,13,3,5,22,20,0,3,58,35,41.0,28.0,17.0,7.0,15.0,8.0,673,369,589.0,303.0,273,154,316,149,23.0,28.0,6.0,3.0,3.83,0.99,3.46,0.15,0.37,0.84,3.83,0.99,3.0,0.78,3,1,11,3,1,2,2,1,0,2,0.7226,0.4779,3.0598,0.3465,0.0484,0.1164,0.0538,0.0272,0.0,0.0221,12,4,1,0,4,2,0,3,0,0,2.952,0.1535,0.5642,0.0,0.3684,0.1618,0.0,0.6748,0.0,0.0,17,9,12.54,15.8
3629239,2021-11-28,esp,2021/2022,LaLiga,15,Antonio Mateu,8558,Espanyol,8560,Real Sociedad,1,1,0,40,60,8,10,2,4,4,3,2,3,1,2,5,8,3,2,2,9,0,1,0,1,9,37,15,7,1,1,0,0,1,2,17,12,1,18,3,2,29,7,5,1,41,49,32.0,40.0,9.0,9.0,8.0,15.0,377,570,300.0,497.0,171,234,129,263,26.0,26.0,2.0,7.0,0.39,1.71,0.36,1.55,0.03,0.16,0.39,1.71,0.27,0.78,0,3,2,3,3,2,1,1,2,1,0.0,1.4198,0.2046,0.1439,0.0954,0.0803,0.0445,0.0233,0.0436,0.0408,7,6,0,0,1,3,0,1,0,0,0.3574,1.5484,0.0,0.0,0.0307,0.1189,0.0,0.0408,0.0,0.0,8,10,18.72,14.17
3629239,2021-11-28,esp,2021/2022,LaLiga,15,Antonio Mateu,8560,Real Sociedad,8558,Espanyol,0,0,1,60,40,10,8,4,2,3,4,3,2,2,1,8,5,2,3,9,2,1,0,1,0,37,9,7,15,1,1,0,0,2,1,12,17,18,1,2,3,7,29,1,5,49,41,40.0,32.0,9.0,9.0,15.0,8.0,570,377,497.0,300.0,234,171,263,129,26.0,26.0,7.0,2.0,1.71,0.39,1.55,0.36,0.16,0.03,1.71,0.39,0.78,0.27,3,0,3,2,2,3,1,1,1,2,1.4198,0.0,0.1439,0.2046,0.0803,0.0954,0.0233,0.0445,0.0408,0.0436,6,7,0,0,3,1,1,0,0,0,1.5484,0.3574,0.0,0.0,0.1189,0.0307,0.0408,0.0,0.0,0.0,10,8,14.17,18.72
3629241,2021-11-28,esp,2021/2022,LaLiga,15,Jose Sanchez,8633,Real Madrid,8302,Sevilla,1,2,1,53,47,14,11,4,6,8,3,2,2,1,1,6,7,8,4,0,4,1,3,0,3,29,12,10,9,3,3,0,0,0,1,9,10,5,3,3,2,13,14,4,2,42,42,32.0,32.0,10.0,10.0,15.0,12.0,549,481,489.0,430.0,198,245,291,185,39.0,41.0,1.0,5.0,1.18,0.74,1.09,0.56,0.09,0.18,1.18,0.74,1.43,1.39,1,1,4,3,1,3,7,3,1,1,0.5467,0.1579,0.3595,0.2402,0.0539,0.2743,0.1865,0.0501,0.0413,0.014,12,9,0,0,0,2,2,0,0,0,1.0994,0.5584,0.0,0.0,0.0,0.1782,0.0886,0.0,0.0,0.0,14,11,20.66,18.91
3629241,2021-11-28,esp,2021/2022,LaLiga,15,Jose Sanchez,8302,Sevilla,8633,Real Madrid,0,1,2,47,53,11,14,6,4,3,8,2,2,1,1,7,6,4,8,4,0,3,1,3,0,12,29,9,10,3,3,0,0,1,0,10,9,3,5,2,3,14,13,2,4,42,42,32.0,32.0,10.0,10.0,12.0,15.0,481,549,430.0,489.0,245,198,185,291,41.0,39.0,5.0,1.0,0.74,1.18,0.56,1.09,0.18,0.09,0.74,1.18,1.39,1.43,1,1,3,4,3,1,3,7,1,1,0.1579,0.5467,0.2402,0.3595,0.2743,0.0539,0.0501,0.1865,0.014,0.0413,9,12,0,0,2,0,0,2,0,0,0.5584,1.0994,0.0,0.0,0.1782,0.0,0.0,0.0886,0.0,0.0,11,14,18.91,20.66
3629240,2021-11-29,esp,2021/2022,LaLiga,15,Isidro Diaz de Mera,8371,Osasuna,10268,Elche,1,1,1,50,50,17,10,4,4,10,4,3,2,1,1,9,8,8,2,5,4,3,3,2,3,20,14,16,12,1,3,0,0,2,0,17,20,13,10,2,2,10,25,3,3,52,60,33.0,40.0,19.0,20.0,5.0,4.0,386,393,289.0,287.0,115,163,174,124,32.0,20.0,2.0,4.0,1.9,1.18,1.05,0.8,0.06,0.38,1.12,1.18,1.2,1.14,2,2,6,5,1,1,4,0,4,2,0.3408,0.1341,1.3717,1.1442,0.0356,0.0363,0.0824,0.0,0.0744,0.0531,13,7,0,0,1,2,2,1,1,0,1.0541,0.8193,0.0,0.0,0.0356,0.5122,0.0268,0.0361,0.7884,0.0,17,10,19.14,14.28
3629240,2021-11-29,esp,2021/2022,LaLiga,15,Isidro Diaz de Mera,10268,Elche,8371,Osasuna,0,1,1,50,50,10,17,4,4,4,10,2,3,1,1,8,9,2,8,4,5,3,3,3,2,14,20,12,16,3,1,0,0,0,2,20,17,10,13,2,2,25,10,3,3,60,52,40.0,33.0,20.0,19.0,4.0,5.0,393,386,287.0,289.0,163,115,124,174,20.0,32.0,4.0,2.0,1.18,1.9,0.8,1.05,0.38,0.06,1.18,1.12,1.14,1.2,2,2,5,6,1,1,0,4,2,4,0.1341,0.3408,1.1442,1.3717,0.0363,0.0356,0.0,0.0824,0.0531,0.0744,7,13,0,0,2,1,1,2,0,1,0.8193,1.0541,0.0,0.0,0.5122,0.0356,0.0361,0.0268,0.0,0.7884,10,17,14.28,19.14
3629180,2021-12-01,esp,2021/2022,LaLiga,9,Isidro Diaz de Mera,8633,Real Madrid,8315,Athletic Club,1,1,0,62,38,17,18,7,2,5,8,5,8,0,0,6,14,11,4,7,6,3,4,2,4,30,33,12,13,2,3,0,0,3,0,18,13,6,11,8,4,21,21,2,6,36,38,32.0,31.0,4.0,7.0,3.0,8.0,674,387,604.0,310.0,288,157,316,153,57.0,24.0,2.0,4.0,1.91,2.42,1.9,1.2,0.01,1.21,1.91,2.42,1.76,0.46,2,2,3,8,1,4,8,3,3,1,0.5677,0.5366,1.0322,1.686,0.0415,0.1385,0.2699,0.0409,0.0657,0.0159,16,11,0,1,0,3,1,3,0,0,1.9648,1.1871,0.0,0.0171,0.0,0.4471,0.0122,0.7666,0.0,0.0,17,18,20.13,15.05
3629180,2021-12-01,esp,2021/2022,LaLiga,9,Isidro Diaz de Mera,8315,Athletic Club,8633,Real Madrid,0,0,1,38,62,18,17,2,7,8,5,8,5,0,0,14,6,4,11,6,7,4,3,4,2,33,30,13,12,3,2,0,0,0,3,13,18,11,6,4,8,21,21,6,2,38,36,31.0,32.0,7.0,4.0,8.0,3.0,387,674,310.0,604.0,157,288,153,316,24.0,57.0,4.0,2.0,2.42,1.91,1.2,1.9,1.21,0.01,2.42,1.91,0.46,1.76,2,2,8,3,4,1,3,8,1,3,0.5366,0.5677,1.686,1.0322,0.1385,0.0415,0.0409,0.2699,0.0159,0.0657,11,16,1,0,3,0,3,1,0,0,1.1871,1.9648,0.0171,0.0,0.4471,0.0,0.7666,0.0122,0.0,0.0,18,17,15.05,20.13
3629248,2021-12-03,esp,2021/2022,LaLiga,16,Javier Alberola,7878,Granada,9866,Deportivo Alaves,1,2,1,44,56,9,14,2,2,5,10,2,2,1,0,7,10,2,4,3,5,2,1,1,1,19,24,17,15,2,2,0,0,3,2,16,13,9,8,2,2,18,12,2,0,56,53,36.0,36.0,20.0,17.0,6.0,8.0,321,423,237.0,338.0,130,185,107,153,30.0,33.0,7.0,3.0,1.01,2.13,0.25,1.76,0.75,0.37,1.01,2.13,1.05,0.44,1,4,4,5,2,1,1,2,1,2,0.6973,1.4544,0.2442,0.5176,0.0354,0.0108,0.0907,0.1145,0.0212,0.0327,6,8,0,0,3,4,0,2,0,0,0.2547,1.7606,0.0,0.0,0.834,0.2307,0.0,0.1388,0.0,0.0,9,14,12.99,14.76
3629248,2021-12-03,esp,2021/2022,LaLiga,16,Javier Alberola,9866,Deportivo Alaves,7878,Granada,0,1,2,56,44,14,9,2,2,10,5,2,2,0,1,10,7,4,2,5,3,1,2,1,1,24,19,15,17,2,2,0,0,2,3,13,16,8,9,2,2,12,18,0,2,53,56,36.0,36.0,17.0,20.0,8.0,6.0,423,321,338.0,237.0,185,130,153,107,33.0,30.0,3.0,7.0,2.13,1.01,1.76,0.25,0.37,0.75,2.13,1.01,0.44,1.05,4,1,5,4,1,2,2,1,2,1,1.4544,0.6973,0.5176,0.2442,0.0108,0.0354,0.1145,0.0907,0.0327,0.0212,8,6,0,0,4,3,2,0,0,0,1.7606,0.2547,0.0,0.0,0.2307,0.834,0.1388,0.0,0.0,0.0,14,9,14.76,12.99
3629244,2021-12-04,esp,2021/2022,LaLiga,16,Juan Martinez,9906,Atletico Madrid,8661,Mallorca,1,1,2,58,42,14,10,6,3,6,4,2,3,0,0,13,4,1,6,8,5,3,1,2,0,30,12,13,16,2,5,0,0,1,1,28,10,8,8,3,2,20,32,1,5,69,56,49.0,35.0,20.0,21.0,5.0,14.0,484,353,411.0,276.0,222,130,189,146,34.0,28.0,8.0,1.0,1.58,0.58,1.12,0.46,0.46,0.12,1.58,0.58,1.77,1.39,3,0,9,2,1,2,1,4,0,2,0.5058,0.0,0.9668,0.3822,0.0825,0.0553,0.0206,0.1104,0.0,0.0324,9,4,0,1,3,3,2,2,0,0,1.1159,0.1189,0.0,0.3421,0.292,0.0474,0.1677,0.0719,0.0,0.0,14,10,11.71,23.25
3629244,2021-12-04,esp,2021/2022,LaLiga,16,Juan Martinez,8661,Mallorca,9906,Atletico Madrid,0,2,1,42,58,10,14,3,6,4,6,3,2,0,0,4,13,6,1,5,8,1,3,0,2,12,30,16,13,5,2,0,0,1,1,10,28,8,8,2,3,32,20,5,1,56,69,35.0,49.0,21.0,20.0,14.0,5.0,353,484,276.0,411.0,130,222,146,189,28.0,34.0,1.0,8.0,0.58,1.58,0.46,1.12,0.12,0.46,0.58,1.58,1.39,1.77,0,3,2,9,2,1,4,1,2,0,0.0,0.5058,0.3822,0.9668,0.0553,0.0825,0.1104,0.0206,0.0324,0.0,4,9,1,0,3,3,2,2,0,0,0.1189,1.1159,0.3421,0.0,0.0474,0.292,0.0719,0.1677,0.0,0.0,10,14,23.25,11.71
3629245,2021-12-04,esp,2021/2022,LaLiga,16,Pablo Gonzalez,8634,Barcelona,8603,Real Betis,1,0,1,63,37,12,8,3,2,7,4,2,2,0,0,7,5,5,3,6,1,2,1,2,0,28,13,17,12,1,2,0,0,3,3,16,29,15,12,2,2,7,22,1,3,59,52,45.0,49.0,14.0,3.0,17.0,4.0,614,362,547.0,278.0,283,147,264,131,27.0,24.0,4.0,3.0,0.96,0.6,0.83,0.58,0.13,0.01,0.96,0.6,0.51,0.78,0,0,5,4,2,1,2,1,3,2,0.0,0.0,0.7066,0.5179,0.0514,0.0273,0.1248,0.0105,0.0774,0.0397,9,7,0,0,3,1,0,0,0,0,0.8279,0.5849,0.0,0.0,0.1323,0.0105,0.0,0.0,0.0,0.0,12,8,17.23,17.29
3629245,2021-12-04,esp,2021/2022,LaLiga,16,Pablo Gonzalez,8603,Real Betis,8634,Barcelona,0,1,0,37,63,8,12,2,3,4,7,2,2,0,0,5,7,3,5,1,6,1,2,0,2,13,28,12,17,2,1,0,0,3,3,29,16,12,15,2,2,22,7,3,1,52,59,49.0,45.0,3.0,14.0,4.0,17.0,362,614,278.0,547.0,147,283,131,264,24.0,27.0,3.0,4.0,0.6,0.96,0.58,0.83,0.01,0.13,0.6,0.96,0.78,0.51,0,0,4,5,1,2,1,2,2,3,0.0,0.0,0.5179,0.7066,0.0273,0.0514,0.0105,0.1248,0.0397,0.0774,7,9,0,0,1,3,0,0,0,0,0.5849,0.8279,0.0,0.0,0.0105,0.1323,0.0,0.0,0.0,0.0,8,12,17.29,17.23
3629250,2021-12-04,esp,2021/2022,LaLiga,16,Jesus Gil,8560,Real Sociedad,8633,Real Madrid,1,0,2,51,49,11,13,0,8,5,3,6,2,0,0,5,9,6,4,5,5,0,4,0,2,27,29,12,8,2,0,0,0,1,1,16,19,11,5,1,6,6,24,6,0,41,53,30.0,41.0,11.0,12.0,7.0,11.0,484,478,428.0,409.0,182,203,246,206,21.0,32.0,4.0,1.0,0.71,1.59,0.33,1.2,0.38,0.39,0.71,1.59,0.0,2.66,1,1,3,5,1,3,5,2,1,2,0.2402,0.2836,0.324,0.9752,0.0203,0.2091,0.1131,0.0667,0.0139,0.0547,8,7,0,1,0,4,3,1,0,0,0.3279,0.6677,0.0,0.5289,0.0,0.348,0.3835,0.0447,0.0,0.0,11,13,17.99,16.06
3629250,2021-12-04,esp,2021/2022,LaLiga,16,Jesus Gil,8633,Real Madrid,8560,Real Sociedad,0,2,0,49,51,13,11,8,0,3,5,2,6,0,0,9,5,4,6,5,5,4,0,2,0,29,27,8,12,0,2,0,0,1,1,19,16,5,11,6,1,24,6,0,6,53,41,41.0,30.0,12.0,11.0,11.0,7.0,478,484,409.0,428.0,203,182,206,246,32.0,21.0,1.0,4.0,1.59,0.71,1.2,0.33,0.39,0.38,1.59,0.71,2.66,0.0,1,1,5,3,3,1,2,5,2,1,0.2836,0.2402,0.9752,0.324,0.2091,0.0203,0.0667,0.1131,0.0547,0.0139,7,8,1,0,4,0,1,3,0,0,0.6677,0.3279,0.5289,0.0,0.348,0.0,0.0447,0.3835,0.0,0.0,13,11,16.06,17.99
3629251,2021-12-04,esp,2021/2022,LaLiga,16,Carlos del Cerro,8302,Sevilla,10205,Villarreal,1,1,0,45,55,8,16,3,2,2,5,3,9,0,0,5,11,3,5,5,8,1,2,0,2,15,32,9,10,2,2,0,0,2,1,13,20,7,8,9,3,25,8,2,2,49,51,31.0,41.0,18.0,10.0,8.0,12.0,366,444,278.0,351.0,186,182,92,169,33.0,20.0,5.0,4.0,0.41,1.89,0.33,1.77,0.09,0.12,0.41,1.89,0.53,0.21,1,2,3,7,1,2,2,5,1,0,0.0387,0.9241,0.2414,0.7025,0.0153,0.0877,0.1124,0.1741,0.0052,0.0,5,12,0,0,2,4,1,0,0,0,0.3255,1.7669,0.0,0.0,0.0722,0.1215,0.0153,0.0,0.0,0.0,8,16,19.78,14.81
3629251,2021-12-04,esp,2021/2022,LaLiga,16,Carlos del Cerro,10205,Villarreal,8302,Sevilla,0,0,1,55,45,16,8,2,3,5,2,9,3,0,0,11,5,5,3,8,5,2,1,2,0,32,15,10,9,2,2,0,0,1,2,20,13,8,7,3,9,8,25,2,2,51,49,41.0,31.0,10.0,18.0,12.0,8.0,444,366,351.0,278.0,182,186,169,92,20.0,33.0,4.0,5.0,1.89,0.41,1.77,0.33,0.12,0.09,1.89,0.41,0.21,0.53,2,1,7,3,2,1,5,2,0,1,0.9241,0.0387,0.7025,0.2414,0.0877,0.0153,0.1741,0.1124,0.0,0.0052,12,5,0,0,4,2,0,1,0,0,1.7669,0.3255,0.0,0.0,0.1215,0.0722,0.0,0.0153,0.0,0.0,16,8,14.81,19.78
3629246,2021-12-05,esp,2021/2022,LaLiga,16,Ricardo De Burgos,9910,Celta Vigo,10267,Valencia,1,1,2,67,33,11,8,5,5,3,2,3,1,0,0,8,6,3,2,6,4,2,2,1,0,25,19,10,22,3,2,0,0,0,0,19,18,10,7,1,2,14,35,3,4,78,64,50.0,36.0,28.0,28.0,10.0,10.0,523,267,406.0,152.0,204,62,202,90,42.0,28.0,8.0,4.0,0.88,1.3,0.69,1.29,0.19,0.01,0.88,1.3,1.48,1.28,0,0,6,4,2,2,3,2,0,0,0.0,0.0,0.6638,1.1568,0.079,0.1039,0.1337,0.0417,0.0,0.0,7,6,0,1,1,0,3,1,0,0,0.691,1.2191,0.0,0.0694,0.0489,0.0,0.1366,0.0139,0.0,0.0,11,8,16.06,17.07
3629246,2021-12-05,esp,2021/2022,LaLiga,16,Ricardo De Burgos,10267,Valencia,9910,Celta Vigo,0,2,1,33,67,8,11,5,5,2,3,1,3,0,0,6,8,2,3,4,6,2,2,0,1,19,25,22,10,2,3,0,0,0,0,18,19,7,10,2,1,35,14,4,3,64,78,36.0,50.0,28.0,28.0,10.0,10.0,267,523,152.0,406.0,62,204,90,202,28.0,42.0,4.0,8.0,1.3,0.88,1.29,0.69,0.01,0.19,1.3,0.88,1.28,1.48,0,0,4,6,2,2,2,3,0,0,0.0,0.0,1.1568,0.6638,0.1039,0.079,0.0417,0.1337,0.0,0.0,6,7,1,0,0,1,1,3,0,0,1.2191,0.691,0.0694,0.0,0.0,0.0489,0.0139,0.1366,0.0,0.0,8,11,17.07,16.06
3629249,2021-12-05,esp,2021/2022,LaLiga,16,Valentin Pizarro,8581,Levante,8371,Osasuna,1,0,0,58,42,11,11,3,1,5,6,3,4,1,0,7,4,4,7,7,2,0,0,0,0,19,11,12,16,2,3,0,0,1,1,11,19,11,13,3,3,16,18,1,3,59,57,36.0,37.0,23.0,20.0,10.0,7.0,499,366,388.0,254.0,253,109,135,145,47.0,31.0,7.0,3.0,0.47,0.3,0.24,0.25,0.23,0.06,0.47,0.3,0.48,0.32,0,0,7,3,0,1,2,6,2,1,0.0,0.0,0.4259,0.1553,0.0,0.0205,0.0197,0.1197,0.0251,0.0091,5,9,0,0,5,2,1,0,0,0,0.2393,0.2485,0.0,0.0,0.2239,0.0562,0.0074,0.0,0.0,0.0,11,11,16.19,25.88
3629249,2021-12-05,esp,2021/2022,LaLiga,16,Valentin Pizarro,8371,Osasuna,8581,Levante,0,0,0,42,58,11,11,1,3,6,5,4,3,0,1,4,7,7,4,2,7,0,0,0,0,11,19,16,12,3,2,0,0,1,1,19,11,13,11,3,3,18,16,3,1,57,59,37.0,36.0,20.0,23.0,7.0,10.0,366,499,254.0,388.0,109,253,145,135,31.0,47.0,3.0,7.0,0.3,0.47,0.25,0.24,0.06,0.23,0.3,0.47,0.32,0.48,0,0,3,7,1,0,6,2,1,2,0.0,0.0,0.1553,0.4259,0.0205,0.0,0.1197,0.0197,0.0091,0.0251,9,5,0,0,2,5,0,1,0,0,0.2485,0.2393,0.0,0.0,0.0562,0.2239,0.0,0.0074,0.0,0.0,11,11,25.88,16.19
3629252,2021-12-05,esp,2021/2022,LaLiga,16,Jose Munuera,8370,Rayo Vallecano,8558,Espanyol,1,1,0,50,50,7,10,0,3,6,3,1,4,0,0,3,4,4,6,6,3,1,0,1,0,15,8,18,11,3,3,0,1,3,0,17,17,11,8,4,1,14,23,3,0,49,59,39.0,48.0,10.0,11.0,11.0,15.0,404,423,317.0,334.0,151,170,166,164,35.0,28.0,6.0,2.0,0.44,0.59,0.38,0.57,0.06,0.01,0.44,0.59,0.0,0.41,0,0,3,4,0,0,2,3,2,3,0.0,0.0,0.3157,0.443,0.0,0.0,0.0855,0.0609,0.0349,0.0819,5,9,0,0,1,1,1,0,0,0,0.3799,0.5717,0.0,0.0,0.0182,0.0141,0.0381,0.0,0.0,0.0,7,10,19.33,20.37
3629252,2021-12-05,esp,2021/2022,LaLiga,16,Jose Munuera,8558,Espanyol,8370,Rayo Vallecano,0,0,1,50,50,10,7,3,0,3,6,4,1,0,0,4,3,6,4,3,6,0,1,0,1,8,15,11,18,3,3,1,0,0,3,17,17,8,11,1,4,23,14,0,3,59,49,48.0,39.0,11.0,10.0,15.0,11.0,423,404,334.0,317.0,170,151,164,166,28.0,35.0,2.0,6.0,0.59,0.44,0.57,0.38,0.01,0.06,0.59,0.44,0.41,0.0,0,0,4,3,0,0,3,2,3,2,0.0,0.0,0.443,0.3157,0.0,0.0,0.0609,0.0855,0.0819,0.0349,9,5,0,0,1,1,0,1,0,0,0.5717,0.3799,0.0,0.0,0.0141,0.0182,0.0,0.0381,0.0,0.0,10,7,20.37,19.33
3629253,2021-12-05,esp,2021/2022,LaLiga,16,Alejandro Muniz,10268,Elche,8385,Cadiz,1,3,1,57,43,8,15,3,6,3,6,2,3,2,2,7,8,1,7,3,3,4,2,2,2,20,15,16,15,7,3,0,0,3,0,26,15,8,18,3,2,22,8,5,0,57,53,47.0,40.0,10.0,13.0,8.0,9.0,458,327,370.0,247.0,211,121,159,126,30.0,23.0,2.0,6.0,2.39,1.76,1.58,0.43,0.02,0.55,1.6,0.98,2.09,2.42,0,1,5,7,2,0,1,4,0,3,0.0,0.0812,2.2339,1.5706,0.1316,0.0,0.0221,0.1051,0.0,0.0672,6,8,0,0,1,2,0,4,1,1,1.5772,0.4265,0.0,0.0,0.0221,0.1911,0.0,0.4181,0.7884,0.7884,8,15,13.29,18.15
3629253,2021-12-05,esp,2021/2022,LaLiga,16,Alejandro Muniz,8385,Cadiz,10268,Elche,0,1,3,43,57,15,8,6,3,6,3,3,2,2,2,8,7,7,1,3,3,2,4,2,2,15,20,15,16,3,7,0,0,0,3,15,26,18,8,2,3,8,22,0,5,53,57,40.0,47.0,13.0,10.0,9.0,8.0,327,458,247.0,370.0,121,211,126,159,23.0,30.0,6.0,2.0,1.76,2.39,0.43,1.58,0.55,0.02,0.98,1.6,2.42,2.09,1,0,7,5,0,2,4,1,3,0,0.0812,0.0,1.5706,2.2339,0.0,0.1316,0.1051,0.0221,0.0672,0.0,8,6,0,0,2,1,4,0,1,1,0.4265,1.5772,0.0,0.0,0.1911,0.0221,0.4181,0.0,0.7884,0.7884,15,8,18.15,13.29
3629247,2021-12-06,esp,2021/2022,LaLiga,16,Jorge Figueroa,8305,Getafe,8315,Athletic Club,1,0,0,45,55,17,9,5,3,7,4,5,2,0,0,8,4,9,5,5,3,2,0,2,0,13,15,14,14,2,1,0,0,0,4,11,9,13,19,2,5,17,12,3,5,47,52,28.0,34.0,19.0,18.0,7.0,12.0,389,473,274.0,362.0,132,188,142,174,41.0,33.0,7.0,4.0,1.23,0.5,0.47,0.37,0.75,0.13,1.23,0.5,0.87,0.41,1,0,4,3,3,1,6,3,3,2,0.2872,0.0,0.187,0.2402,0.41,0.0753,0.2716,0.1385,0.07,0.05,6,4,0,2,4,0,7,3,0,0,0.4742,0.1502,0.0,0.2241,0.3823,0.0,0.3693,0.1297,0.0,0.0,17,9,19.47,21.75
3629247,2021-12-06,esp,2021/2022,LaLiga,16,Jorge Figueroa,8315,Athletic Club,8305,Getafe,0,0,0,55,45,9,17,3,5,4,7,2,5,0,0,4,8,5,9,3,5,0,2,0,2,15,13,14,14,1,2,0,0,4,0,9,11,19,13,5,2,12,17,5,3,52,47,34.0,28.0,18.0,19.0,12.0,7.0,473,389,362.0,274.0,188,132,174,142,33.0,41.0,4.0,7.0,0.5,1.23,0.37,0.47,0.13,0.75,0.5,1.23,0.41,0.87,0,1,3,4,1,3,3,6,2,3,0.0,0.2872,0.2402,0.187,0.0753,0.41,0.1385,0.2716,0.05,0.07,4,6,2,0,0,4,3,7,0,0,0.1502,0.4742,0.2241,0.0,0.0,0.3823,0.1297,0.3693,0.0,0.0,9,17,21.75,19.47
3629257,2021-12-10,esp,2021/2022,LaLiga,17,Isidro Diaz de Mera,8661,Mallorca,9910,Celta Vigo,1,0,0,48,52,12,14,1,5,6,6,5,3,0,0,5,7,7,7,7,4,1,2,1,2,14,19,14,11,3,2,0,0,0,0,28,19,13,13,3,5,27,28,5,1,65,76,46.0,51.0,19.0,25.0,7.0,20.0,288,318,159.0,182.0,69,81,90,101,21.0,22.0,5.0,3.0,0.79,1.03,0.13,0.7,0.67,0.33,0.79,1.03,0.08,1.38,1,2,4,3,0,2,4,4,3,3,0.3218,0.3903,0.3717,0.4538,0.0,0.102,0.0546,0.0599,0.0443,0.0382,7,10,0,0,4,2,1,2,0,0,0.2789,0.7015,0.0,0.0,0.4857,0.0923,0.0279,0.2504,0.0,0.0,12,14,20.7,23.41
3629257,2021-12-10,esp,2021/2022,LaLiga,17,Isidro Diaz de Mera,9910,Celta Vigo,8661,Mallorca,0,0,0,52,48,14,12,5,1,6,6,3,5,0,0,7,5,7,7,4,7,2,1,2,1,19,14,11,14,2,3,0,0,0,0,19,28,13,13,5,3,28,27,1,5,76,65,51.0,46.0,25.0,19.0,20.0,7.0,318,288,182.0,159.0,81,69,101,90,22.0,21.0,3.0,5.0,1.03,0.79,0.7,0.13,0.33,0.67,1.03,0.79,1.38,0.08,2,1,3,4,2,0,4,4,3,3,0.3903,0.3218,0.4538,0.3717,0.102,0.0,0.0599,0.0546,0.0382,0.0443,10,7,0,0,2,4,2,1,0,0,0.7015,0.2789,0.0,0.0,0.0923,0.4857,0.2504,0.0279,0.0,0.0,14,12,23.41,20.7
3629254,2021-12-11,esp,2021/2022,LaLiga,17,Cesar Soto,9866,Deportivo Alaves,8305,Getafe,1,1,1,65,35,9,11,1,2,5,9,3,0,0,1,5,7,4,4,1,1,2,1,1,1,14,13,18,15,2,4,1,0,1,5,9,17,12,12,0,3,15,31,1,0,54,63,30.0,38.0,24.0,25.0,7.0,4.0,532,290,429.0,187.0,213,98,216,89,59.0,31.0,6.0,3.0,0.66,1.03,0.44,0.8,0.23,0.24,0.66,1.03,0.81,0.08,0,3,4,4,1,0,2,2,2,2,0.0,0.6938,0.5895,0.2617,0.0164,0.0,0.033,0.0427,0.0245,0.0359,5,6,0,0,2,1,2,4,0,0,0.4377,0.7976,0.0,0.0,0.2048,0.0644,0.0209,0.1722,0.0,0.0,9,11,19.95,16.74
3629254,2021-12-11,esp,2021/2022,LaLiga,17,Cesar Soto,8305,Getafe,9866,Deportivo Alaves,0,1,1,35,65,11,9,2,1,9,5,0,3,1,0,7,5,4,4,1,1,1,2,1,1,13,14,15,18,4,2,0,1,5,1,17,9,12,12,3,0,31,15,0,1,63,54,38.0,30.0,25.0,24.0,4.0,7.0,290,532,187.0,429.0,98,213,89,216,31.0,59.0,3.0,6.0,1.03,0.66,0.8,0.44,0.24,0.23,1.03,0.66,0.08,0.81,3,0,4,4,0,1,2,2,2,2,0.6938,0.0,0.2617,0.5895,0.0,0.0164,0.0427,0.033,0.0359,0.0245,6,5,0,0,1,2,4,2,0,0,0.7976,0.4377,0.0,0.0,0.0644,0.2048,0.1722,0.0209,0.0,0.0,11,9,16.74,19.95
3629255,2021-12-11,esp,2021/2022,LaLiga,17,Alejandro Hernandez,8315,Athletic Club,8302,Sevilla,1,0,1,55,45,13,6,2,1,8,1,3,4,2,0,6,3,7,3,9,2,4,0,4,0,30,7,17,10,4,3,0,0,0,1,12,19,7,9,4,3,11,22,0,2,49,56,24.0,40.0,25.0,16.0,4.0,5.0,514,437,401.0,320.0,166,229,235,91,35.0,36.0,2.0,3.0,1.38,0.22,1.3,0.16,0.09,0.06,1.38,0.22,1.54,0.63,1,0,4,2,1,1,4,3,3,0,0.4196,0.0,0.7406,0.1294,0.0356,0.0242,0.1108,0.0705,0.0785,0.0,10,3,0,0,2,3,1,0,0,0,1.2983,0.1594,0.0,0.0,0.0774,0.0647,0.0093,0.0,0.0,0.0,13,6,17.7,19.37
3629255,2021-12-11,esp,2021/2022,LaLiga,17,Alejandro Hernandez,8302,Sevilla,8315,Athletic Club,0,1,0,45,55,6,13,1,2,1,8,4,3,0,2,3,6,3,7,2,9,0,4,0,4,7,30,10,17,3,4,0,0,1,0,19,12,9,7,3,4,22,11,2,0,56,49,40.0,24.0,16.0,25.0,5.0,4.0,437,514,320.0,401.0,229,166,91,235,36.0,35.0,3.0,2.0,0.22,1.38,0.16,1.3,0.06,0.09,0.22,1.38,0.63,1.54,0,1,2,4,1,1,3,4,0,3,0.0,0.4196,0.1294,0.7406,0.0242,0.0356,0.0705,0.1108,0.0,0.0785,3,10,0,0,3,2,0,1,0,0,0.1594,1.2983,0.0,0.0,0.0647,0.0774,0.0,0.0093,0.0,0.0,6,13,19.37,17.7
3629259,2021-12-11,esp,2021/2022,LaLiga,17,Adrian Cordero,8558,Espanyol,8581,Levante,1,4,3,52,48,17,14,8,5,6,7,3,2,0,0,8,10,9,4,4,2,3,5,1,2,23,22,9,15,4,4,0,1,5,1,13,15,2,5,2,3,13,13,2,4,47,38,43.0,31.0,4.0,7.0,16.0,7.0,456,419,385.0,346.0,201,209,184,137,27.0,24.0,2.0,2.0,2.31,3.24,1.42,3.23,0.88,0.02,2.31,3.24,2.61,3.21,1,5,5,3,2,2,6,2,3,2,0.7737,1.8782,0.7042,1.2285,0.17,0.0401,0.5721,0.0688,0.1016,0.0287,13,9,1,3,1,2,2,0,0,0,1.1515,1.9584,0.2853,1.2672,0.7737,0.0188,0.1112,0.0,0.0,0.0,17,14,16.81,15.3
3629259,2021-12-11,esp,2021/2022,LaLiga,17,Adrian Cordero,8581,Levante,8558,Espanyol,0,3,4,48,52,14,17,5,8,7,6,2,3,0,0,10,8,4,9,2,4,5,3,2,1,22,23,15,9,4,4,1,0,1,5,15,13,5,2,3,2,13,13,4,2,38,47,31.0,43.0,7.0,4.0,7.0,16.0,419,456,346.0,385.0,209,201,137,184,24.0,27.0,2.0,2.0,3.24,2.31,3.23,1.42,0.02,0.88,3.24,2.31,3.21,2.61,5,1,3,5,2,2,2,6,2,3,1.8782,0.7737,1.2285,0.7042,0.0401,0.17,0.0688,0.5721,0.0287,0.1016,9,13,3,1,2,1,0,2,0,0,1.9584,1.1515,1.2672,0.2853,0.0188,0.7737,0.0,0.1112,0.0,0.0,14,17,15.3,16.81
3629262,2021-12-11,esp,2021/2022,LaLiga,17,Jaime Latre,10267,Valencia,10268,Elche,1,2,1,41,59,21,8,8,4,8,2,5,2,0,0,15,5,6,3,8,1,1,2,1,2,33,11,15,12,3,2,0,0,2,2,12,21,8,5,2,6,15,21,3,5,51,64,35.0,56.0,16.0,8.0,11.0,20.0,269,415,194.0,324.0,100,178,94,146,23.0,29.0,14.0,3.0,1.95,0.99,1.32,0.34,0.63,0.65,1.95,0.99,1.75,1.92,2,2,9,1,4,2,3,1,3,2,0.3044,0.484,0.9314,0.1668,0.2043,0.2698,0.1522,0.0414,0.065,0.0266,13,5,0,0,6,1,2,2,0,0,1.1532,0.3378,0.0,0.0,0.4646,0.1962,0.0397,0.4547,0.0,0.0,21,8,14.65,15.22
3629262,2021-12-11,esp,2021/2022,LaLiga,17,Jaime Latre,10268,Elche,10267,Valencia,0,1,2,59,41,8,21,4,8,2,8,2,5,0,0,5,15,3,6,1,8,2,1,2,1,11,33,12,15,2,3,0,0,2,2,21,12,5,8,6,2,21,15,5,3,64,51,56.0,35.0,8.0,16.0,20.0,11.0,415,269,324.0,194.0,178,100,146,94,29.0,23.0,3.0,14.0,0.99,1.95,0.34,1.32,0.65,0.63,0.99,1.95,1.92,1.75,2,2,1,9,2,4,1,3,2,3,0.484,0.3044,0.1668,0.9314,0.2698,0.2043,0.0414,0.1522,0.0266,0.065,5,13,0,0,1,6,2,2,0,0,0.3378,1.1532,0.0,0.0,0.1962,0.4646,0.4547,0.0397,0.0,0.0,8,21,15.22,14.65
3629256,2021-12-12,esp,2021/2022,LaLiga,17,Jose Sanchez,8603,Real Betis,8560,Real Sociedad,1,4,0,48,52,11,15,5,5,5,4,1,6,0,0,7,10,4,5,4,7,2,1,1,1,16,23,12,10,3,1,0,0,3,5,21,15,13,11,5,1,27,9,5,1,43,45,32.0,34.0,11.0,11.0,2.0,8.0,353,369,278.0,305.0,169,158,109,147,32.0,16.0,4.0,2.0,1.55,0.96,1.38,0.77,0.18,0.19,1.55,0.96,1.5,1.5,2,0,4,8,1,2,1,3,3,2,0.3986,0.0,0.4333,0.8227,0.0236,0.0733,0.0504,0.0351,0.6483,0.0289,10,10,0,0,1,5,0,0,0,0,1.378,0.7693,0.0,0.0,0.1762,0.1907,0.0,0.0,0.0,0.0,11,15,16.05,17.43
3629256,2021-12-12,esp,2021/2022,LaLiga,17,Jose Sanchez,8560,Real Sociedad,8603,Real Betis,0,0,4,52,48,15,11,5,5,4,5,6,1,0,0,10,7,5,4,7,4,1,2,1,1,23,16,10,12,1,3,0,0,5,3,15,21,11,13,1,5,9,27,1,5,45,43,34.0,32.0,11.0,11.0,8.0,2.0,369,353,305.0,278.0,158,169,147,109,16.0,32.0,2.0,4.0,0.96,1.55,0.77,1.38,0.19,0.18,0.96,1.55,1.5,1.5,0,2,8,4,2,1,3,1,2,3,0.0,0.3986,0.8227,0.4333,0.0733,0.0236,0.0351,0.0504,0.0289,0.6483,10,10,0,0,5,1,0,0,0,0,0.7693,1.378,0.0,0.0,0.1907,0.1762,0.0,0.0,0.0,0.0,15,11,17.43,16.05
3629260,2021-12-12,esp,2021/2022,LaLiga,17,Juan Martinez,8371,Osasuna,8634,Barcelona,1,2,2,38,62,8,10,3,2,0,7,5,1,0,0,5,4,3,6,6,5,0,2,0,0,12,21,16,16,5,4,0,0,4,2,20,18,6,13,1,5,19,26,0,1,62,70,40.0,48.0,22.0,22.0,6.0,15.0,272,461,191.0,387.0,88,222,103,165,25.0,29.0,3.0,3.0,0.3,0.94,0.12,0.93,0.19,0.01,0.3,0.94,0.75,1.88,0,1,4,2,1,1,3,2,0,4,0.0,0.3675,0.1742,0.3837,0.0324,0.0194,0.0975,0.0852,0.0,0.0817,3,8,0,1,1,1,4,0,0,0,0.1712,0.5606,0.0,0.3675,0.0302,0.0095,0.1026,0.0,0.0,0.0,8,10,16.51,18.58
3629260,2021-12-12,esp,2021/2022,LaLiga,17,Juan Martinez,8634,Barcelona,8371,Osasuna,0,2,2,62,38,10,8,2,3,7,0,1,5,0,0,4,5,6,3,5,6,2,0,0,0,21,12,16,16,4,5,0,0,2,4,18,20,13,6,5,1,26,19,1,0,70,62,48.0,40.0,22.0,22.0,15.0,6.0,461,272,387.0,191.0,222,88,165,103,29.0,25.0,3.0,3.0,0.94,0.3,0.93,0.12,0.01,0.19,0.94,0.3,1.88,0.75,1,0,2,4,1,1,2,3,4,0,0.3675,0.0,0.3837,0.1742,0.0194,0.0324,0.0852,0.0975,0.0817,0.0,8,3,1,0,1,1,0,4,0,0,0.5606,0.1712,0.3675,0.0,0.0095,0.0302,0.0,0.1026,0.0,0.0,10,8,18.58,16.51
3629261,2021-12-12,esp,2021/2022,LaLiga,17,Antonio Mateu,8633,Real Madrid,9906,Atletico Madrid,1,2,0,61,39,7,9,3,6,3,3,1,0,0,0,5,5,2,4,3,6,0,1,0,1,11,22,17,15,2,3,0,0,0,1,18,18,8,9,0,1,17,8,6,1,53,51,40.0,43.0,13.0,8.0,7.0,8.0,642,388,581.0,335.0,361,128,220,207,34.0,25.0,1.0,3.0,0.43,0.72,0.35,0.37,0.08,0.36,0.43,0.72,0.61,1.83,1,2,3,1,1,2,1,2,1,2,0.0629,0.4,0.2972,0.1096,0.0345,0.0828,0.0168,0.0675,0.0208,0.0629,5,5,0,0,2,1,0,3,0,0,0.3525,0.3666,0.0,0.0,0.0798,0.0193,0.0,0.337,0.0,0.0,7,9,16.34,16.65
3629261,2021-12-12,esp,2021/2022,LaLiga,17,Antonio Mateu,9906,Atletico Madrid,8633,Real Madrid,0,0,2,39,61,9,7,6,3,3,3,0,1,0,0,5,5,4,2,6,3,1,0,1,0,22,11,15,17,3,2,0,0,1,0,18,18,9,8,1,0,8,17,1,6,51,53,43.0,40.0,8.0,13.0,8.0,7.0,388,642,335.0,581.0,128,361,207,220,25.0,34.0,3.0,1.0,0.72,0.43,0.37,0.35,0.36,0.08,0.72,0.43,1.83,0.61,2,1,1,3,2,1,2,1,2,1,0.4,0.0629,0.1096,0.2972,0.0828,0.0345,0.0675,0.0168,0.0629,0.0208,5,5,0,0,1,2,3,0,0,0,0.3666,0.3525,0.0,0.0,0.0193,0.0798,0.337,0.0,0.0,0.0,9,7,16.65,16.34
3629263,2021-12-12,esp,2021/2022,LaLiga,17,Mario Melero,10205,Villarreal,8370,Rayo Vallecano,1,2,0,52,48,13,19,5,7,5,7,3,5,1,0,10,12,3,7,5,6,2,2,0,2,31,23,16,14,1,3,0,0,3,3,18,18,10,6,6,3,14,14,6,3,59,55,50.0,43.0,9.0,12.0,18.0,9.0,414,370,329.0,304.0,176,137,153,167,27.0,31.0,5.0,7.0,2.4,1.54,0.67,1.49,0.93,0.05,1.61,1.54,1.62,1.16,1,0,8,8,1,4,1,4,2,3,0.5659,0.0,1.6461,0.8726,0.0493,0.4996,0.1169,0.1169,0.0181,0.0501,7,16,0,1,4,2,1,0,1,0,0.6737,1.384,0.0,0.1049,0.8955,0.0503,0.0387,0.0,0.7884,0.0,13,19,13.89,16.73
3629263,2021-12-12,esp,2021/2022,LaLiga,17,Mario Melero,8370,Rayo Vallecano,10205,Villarreal,0,0,2,48,52,19,13,7,5,7,5,5,3,0,1,12,10,7,3,6,5,2,2,2,0,23,31,14,16,3,1,0,0,3,3,18,18,6,10,3,6,14,14,3,6,55,59,43.0,50.0,12.0,9.0,9.0,18.0,370,414,304.0,329.0,137,176,167,153,31.0,27.0,7.0,5.0,1.54,2.4,1.49,0.67,0.05,0.93,1.54,1.61,1.16,1.62,0,1,8,8,4,1,4,1,3,2,0.0,0.5659,0.8726,1.6461,0.4996,0.0493,0.1169,0.1169,0.0501,0.0181,16,7,1,0,2,4,0,1,0,1,1.384,0.6737,0.1049,0.0,0.0503,0.8955,0.0,0.0387,0.0,0.7884,19,13,16.73,13.89
3629258,2021-12-13,esp,2021/2022,LaLiga,17,Miguel Ortiz,8385,Cadiz,7878,Granada,1,1,1,34,66,13,16,3,5,5,9,5,2,0,0,5,10,8,6,8,1,0,1,0,1,14,17,14,10,3,0,1,0,2,1,14,10,18,5,2,5,23,18,4,2,52,43,27.0,30.0,25.0,13.0,3.0,8.0,243,478,142.0,381.0,80,203,62,178,21.0,32.0,5.0,4.0,0.69,1.05,0.41,0.81,0.28,0.24,0.69,1.05,1.07,0.82,1,1,2,6,2,3,4,5,4,1,0.2179,0.2825,0.1706,0.4559,0.0897,0.1456,0.1427,0.1588,0.0678,0.0102,9,12,0,1,3,1,1,2,0,0,0.409,0.7584,0.0,0.0529,0.2662,0.1158,0.0133,0.126,0.0,0.0,13,16,19.22,17.42
3629258,2021-12-13,esp,2021/2022,LaLiga,17,Miguel Ortiz,7878,Granada,8385,Cadiz,0,1,1,66,34,16,13,5,3,9,5,2,5,0,0,10,5,6,8,1,8,1,0,1,0,17,14,10,14,0,3,0,1,1,2,10,14,5,18,5,2,18,23,2,4,43,52,30.0,27.0,13.0,25.0,8.0,3.0,478,243,381.0,142.0,203,80,178,62,32.0,21.0,4.0,5.0,1.05,0.69,0.81,0.41,0.24,0.28,1.05,0.69,0.82,1.07,1,1,6,2,3,2,5,4,1,4,0.2825,0.2179,0.4559,0.1706,0.1456,0.0897,0.1588,0.1427,0.0102,0.0678,12,9,1,0,1,3,2,1,0,0,0.7584,0.409,0.0529,0.0,0.1158,0.2662,0.126,0.0133,0.0,0.0,16,13,17.42,19.22
3629266,2021-12-17,esp,2021/2022,LaLiga,18,Valentin Pizarro,9910,Celta Vigo,8558,Espanyol,1,3,1,52,48,12,6,5,3,6,3,1,0,0,0,7,2,5,4,3,3,2,1,0,1,23,8,13,5,2,1,0,0,6,2,23,16,7,11,0,1,8,15,2,2,53,57,36.0,44.0,17.0,13.0,8.0,16.0,543,494,454.0,406.0,233,188,221,218,39.0,25.0,2.0,1.0,1.15,0.44,1.15,0.42,0.0,0.02,1.15,0.44,2.12,0.83,1,0,4,1,2,1,2,2,3,2,0.2335,0.0,0.668,0.1901,0.1119,0.019,0.0907,0.044,0.0505,0.1856,12,5,0,0,0,0,0,1,0,0,1.1545,0.4197,0.0,0.0,0.0,0.0,0.0,0.019,0.0,0.0,12,6,17.04,27.08
3629266,2021-12-17,esp,2021/2022,LaLiga,18,Valentin Pizarro,8558,Espanyol,9910,Celta Vigo,0,1,3,48,52,6,12,3,5,3,6,0,1,0,0,2,7,4,5,3,3,1,2,1,0,8,23,5,13,1,2,0,0,2,6,16,23,11,7,1,0,15,8,2,2,57,53,44.0,36.0,13.0,17.0,16.0,8.0,494,543,406.0,454.0,188,233,218,221,25.0,39.0,1.0,2.0,0.44,1.15,0.42,1.15,0.02,0.0,0.44,1.15,0.83,2.12,0,1,1,4,1,2,2,2,2,3,0.0,0.2335,0.1901,0.668,0.019,0.1119,0.044,0.0907,0.1856,0.0505,5,12,0,0,0,0,1,0,0,0,0.4197,1.1545,0.0,0.0,0.0,0.0,0.019,0.0,0.0,0.0,6,12,27.08,17.04
3629265,2021-12-18,esp,2021/2022,LaLiga,18,Javier Alberola,8634,Barcelona,10268,Elche,1,3,2,73,27,19,5,8,3,6,2,5,0,0,0,15,5,4,0,5,0,4,4,3,3,30,8,13,17,1,3,0,0,3,4,14,17,9,7,0,6,5,22,1,4,54,48,46.0,40.0,8.0,8.0,15.0,11.0,713,253,643.0,177.0,288,120,355,57,36.0,23.0,2.0,2.0,2.72,1.34,2.47,0.59,0.25,0.75,2.72,1.34,2.45,0.69,1,1,10,2,4,2,3,0,1,0,0.6141,0.1168,1.6663,0.9664,0.232,0.2529,0.1993,0.0,0.0188,0.0,14,4,0,0,2,0,3,1,0,0,2.479,0.591,0.0,0.0,0.1729,0.0,0.0786,0.7451,0.0,0.0,19,5,16.54,11.8
3629265,2021-12-18,esp,2021/2022,LaLiga,18,Javier Alberola,10268,Elche,8634,Barcelona,0,2,3,27,73,5,19,3,8,2,6,0,5,0,0,5,15,0,4,0,5,4,4,3,3,8,30,17,13,3,1,0,0,4,3,17,14,7,9,6,0,22,5,4,1,48,54,40.0,46.0,8.0,8.0,11.0,15.0,253,713,177.0,643.0,120,288,57,355,23.0,36.0,2.0,2.0,1.34,2.72,0.59,2.47,0.75,0.25,1.34,2.72,0.69,2.45,1,1,2,10,2,4,0,3,0,1,0.1168,0.6141,0.9664,1.6663,0.2529,0.232,0.0,0.1993,0.0,0.0188,4,14,0,0,0,2,1,3,0,0,0.591,2.479,0.0,0.0,0.0,0.1729,0.7451,0.0786,0.0,0.0,5,19,11.8,16.54
3629271,2021-12-18,esp,2021/2022,LaLiga,18,Jorge Figueroa,8560,Real Sociedad,10205,Villarreal,1,1,3,39,61,8,15,4,8,4,5,0,2,0,0,8,13,0,2,5,5,2,5,2,3,25,40,9,15,2,3,1,0,2,3,19,16,12,11,3,0,24,18,4,3,57,55,41.0,36.0,16.0,19.0,8.0,11.0,276,445,188.0,355.0,115,162,73,193,25.0,34.0,3.0,9.0,0.9,2.88,0.72,1.88,0.18,1.0,0.9,2.88,1.16,1.73,1,3,3,8,4,2,0,1,0,1,0.2868,0.585,0.4413,2.1984,0.1678,0.0564,0.0,0.0175,0.0,0.0186,6,10,0,1,0,4,2,0,0,0,0.716,1.225,0.0,0.6515,0.0,0.9995,0.1799,0.0,0.0,0.0,8,15,12.37,12.49
3629271,2021-12-18,esp,2021/2022,LaLiga,18,Jorge Figueroa,10205,Villarreal,8560,Real Sociedad,0,3,1,61,39,15,8,8,4,5,4,2,0,0,0,13,8,2,0,5,5,5,2,3,2,40,25,15,9,3,2,0,1,3,2,16,19,11,12,0,3,18,24,3,4,55,57,36.0,41.0,19.0,16.0,11.0,8.0,445,276,355.0,188.0,162,115,193,73,34.0,25.0,9.0,3.0,2.88,0.9,1.88,0.72,1.0,0.18,2.88,0.9,1.73,1.16,3,1,8,3,2,4,1,0,1,0,0.585,0.2868,2.1984,0.4413,0.0564,0.1678,0.0175,0.0,0.0186,0.0,10,6,1,0,4,0,0,2,0,0,1.225,0.716,0.6515,0.0,0.9995,0.0,0.0,0.1799,0.0,0.0,15,8,12.49,12.37
3629272,2021-12-18,esp,2021/2022,LaLiga,18,Ricardo De Burgos,8302,Sevilla,9906,Atletico Madrid,1,2,1,55,45,6,15,2,3,4,5,0,7,1,1,5,9,1,6,4,7,0,1,0,0,14,24,15,14,4,1,0,0,0,1,15,23,14,13,7,0,18,10,2,0,47,57,33.0,45.0,14.0,12.0,5.0,7.0,499,405,420.0,310.0,268,156,152,154,38.0,29.0,2.0,7.0,0.51,0.99,0.27,0.6,0.24,0.39,0.51,0.99,0.98,0.55,1,1,4,7,0,1,0,4,1,2,0.208,0.1791,0.2858,0.6336,0.0,0.0415,0.0,0.0868,0.0168,0.0492,3,9,0,0,2,4,1,2,0,0,0.2725,0.5995,0.0,0.0,0.2215,0.3043,0.0166,0.0864,0.0,0.0,6,15,16.43,18.5
3629272,2021-12-18,esp,2021/2022,LaLiga,18,Ricardo De Burgos,9906,Atletico Madrid,8302,Sevilla,0,1,2,45,55,15,6,3,2,5,4,7,0,1,1,9,5,6,1,7,4,1,0,0,0,24,14,14,15,1,4,0,0,1,0,23,15,13,14,0,7,10,18,0,2,57,47,45.0,33.0,12.0,14.0,7.0,5.0,405,499,310.0,420.0,156,268,154,152,29.0,38.0,7.0,2.0,0.99,0.51,0.6,0.27,0.39,0.24,0.99,0.51,0.55,0.98,1,1,7,4,1,0,4,0,2,1,0.1791,0.208,0.6336,0.2858,0.0415,0.0,0.0868,0.0,0.0492,0.0168,9,3,0,0,4,2,2,1,0,0,0.5995,0.2725,0.0,0.0,0.3043,0.2215,0.0864,0.0166,0.0,0.0,15,6,18.5,16.43
3629273,2021-12-18,esp,2021/2022,LaLiga,18,Antonio Mateu,8370,Rayo Vallecano,9866,Deportivo Alaves,1,2,0,62,38,20,6,5,4,11,1,4,1,1,0,12,2,8,4,5,5,1,0,0,0,29,15,12,19,1,2,0,0,2,0,23,25,0,9,1,4,11,21,4,3,78,78,51.0,53.0,27.0,25.0,9.0,16.0,429,271,326.0,155.0,124,62,202,93,25.0,36.0,5.0,6.0,1.88,0.22,1.37,0.21,0.51,0.01,1.88,0.22,1.34,1.39,2,0,6,2,4,0,6,2,2,2,0.7657,0.0,0.6441,0.1002,0.2684,0.0,0.1522,0.0885,0.0467,0.0281,11,5,1,0,5,1,3,0,0,0,1.2852,0.211,0.0825,0.0,0.2162,0.0058,0.2932,0.0,0.0,0.0,20,6,17.79,21.06
3629273,2021-12-18,esp,2021/2022,LaLiga,18,Antonio Mateu,9866,Deportivo Alaves,8370,Rayo Vallecano,0,0,2,38,62,6,20,4,5,1,11,1,4,0,1,2,12,4,8,5,5,0,1,0,0,15,29,19,12,2,1,0,0,0,2,25,23,9,0,4,1,21,11,3,4,78,78,53.0,51.0,25.0,27.0,16.0,9.0,271,429,155.0,326.0,62,124,93,202,36.0,25.0,6.0,5.0,0.22,1.88,0.21,1.37,0.01,0.51,0.22,1.88,1.39,1.34,0,2,2,6,0,4,2,6,2,2,0.0,0.7657,0.1002,0.6441,0.0,0.2684,0.0885,0.1522,0.0281,0.0467,5,11,0,1,1,5,0,3,0,0,0.211,1.2852,0.0,0.0825,0.0058,0.2162,0.0,0.2932,0.0,0.0,6,20,21.06,17.79
3629264,2021-12-19,esp,2021/2022,LaLiga,18,Jesus Gil,8315,Athletic Club,8603,Real Betis,1,3,2,44,56,9,16,6,8,1,3,2,5,0,0,6,12,3,4,5,6,2,3,1,1,21,29,7,12,1,3,0,0,5,1,12,10,9,8,5,2,28,17,6,3,47,43,30.0,23.0,17.0,20.0,7.0,8.0,383,500,298.0,407.0,132,188,166,219,30.0,38.0,3.0,5.0,1.32,2.08,1.2,2.01,0.12,0.07,1.32,2.08,1.9,2.39,1,2,3,7,2,3,1,3,2,1,0.2824,1.2643,0.8249,0.7704,0.1029,0.1369,0.072,0.161,0.035,0.0229,8,15,0,0,1,0,0,1,0,0,1.2104,2.2878,0.0,0.0,0.1068,0.0,0.0,0.0678,0.0,0.0,9,16,14.66,15.33
3629264,2021-12-19,esp,2021/2022,LaLiga,18,Jesus Gil,8603,Real Betis,8315,Athletic Club,0,2,3,56,44,16,9,8,6,3,1,5,2,0,0,12,6,4,3,6,5,3,2,1,1,29,21,12,7,3,1,0,0,1,5,10,12,8,9,2,5,17,28,3,6,43,47,23.0,30.0,20.0,17.0,8.0,7.0,500,383,407.0,298.0,188,132,219,166,38.0,30.0,5.0,3.0,2.08,1.32,2.01,1.2,0.07,0.12,2.08,1.32,2.39,1.9,2,1,7,3,3,2,3,1,1,2,1.2643,0.2824,0.7704,0.8249,0.1369,0.1029,0.161,0.072,0.0229,0.035,15,8,0,0,0,1,1,0,0,0,2.2878,1.2104,0.0,0.0,0.0,0.1068,0.0678,0.0,0.0,0.0,16,9,15.33,14.66
3629267,2021-12-19,esp,2021/2022,LaLiga,18,Jose Munuera,8305,Getafe,8371,Osasuna,1,1,0,48,52,18,11,3,3,9,5,6,3,0,0,12,5,6,6,4,3,1,1,0,1,25,17,14,8,3,1,0,0,3,4,10,11,10,7,3,6,17,20,3,2,57,54,28.0,32.0,29.0,22.0,11.0,9.0,383,410,281.0,299.0,112,142,169,157,35.0,38.0,7.0,2.0,1.09,0.59,0.78,0.54,0.31,0.04,1.09,0.59,1.37,0.55,1,0,9,4,2,1,5,2,1,4,0.1101,0.0,0.8123,0.4729,0.0413,0.024,0.1064,0.0164,0.0204,0.0718,11,8,0,0,3,1,4,2,0,0,0.776,0.5447,0.0,0.0,0.2274,0.0162,0.0871,0.0242,0.0,0.0,18,11,16.14,24.64
3629267,2021-12-19,esp,2021/2022,LaLiga,18,Jose Munuera,8371,Osasuna,8305,Getafe,0,0,1,52,48,11,18,3,3,5,9,3,6,0,0,5,12,6,6,3,4,1,1,1,0,17,25,8,14,1,3,0,0,4,3,11,10,7,10,6,3,20,17,2,3,54,57,32.0,28.0,22.0,29.0,9.0,11.0,410,383,299.0,281.0,142,112,157,169,38.0,35.0,2.0,7.0,0.59,1.09,0.54,0.78,0.04,0.31,0.59,1.09,0.55,1.37,0,1,4,9,1,2,2,5,4,1,0.0,0.1101,0.4729,0.8123,0.024,0.0413,0.0164,0.1064,0.0718,0.0204,8,11,0,0,1,3,2,4,0,0,0.5447,0.776,0.0,0.0,0.0162,0.2274,0.0242,0.0871,0.0,0.0,11,18,24.64,16.14
3629268,2021-12-19,esp,2021/2022,LaLiga,18,Alejandro Muniz,7878,Granada,8661,Mallorca,1,4,1,46,54,15,8,6,5,5,3,4,0,1,0,11,3,4,5,4,2,4,2,1,1,21,17,12,15,3,2,0,0,1,5,17,13,5,6,0,4,16,17,4,3,46,53,33.0,33.0,13.0,20.0,2.0,8.0,290,355,197.0,271.0,88,133,109,138,24.0,16.0,6.0,5.0,1.91,0.94,1.36,0.91,0.54,0.03,1.91,0.94,2.38,1.17,2,2,7,1,2,0,2,4,2,1,0.683,0.7115,1.1531,0.0957,0.0449,0.0,0.0968,0.1089,0.0385,0.0222,11,7,1,0,2,1,1,0,0,0,1.3217,0.9052,0.1672,0.0,0.0958,0.0331,0.4316,0.0,0.0,0.0,15,8,14.21,18.3
3629268,2021-12-19,esp,2021/2022,LaLiga,18,Alejandro Muniz,8661,Mallorca,7878,Granada,0,1,4,54,46,8,15,5,6,3,5,0,4,0,1,3,11,5,4,2,4,2,4,1,1,17,21,15,12,2,3,0,0,5,1,13,17,6,5,4,0,17,16,3,4,53,46,33.0,33.0,20.0,13.0,8.0,2.0,355,290,271.0,197.0,133,88,138,109,16.0,24.0,5.0,6.0,0.94,1.91,0.91,1.36,0.03,0.54,0.94,1.91,1.17,2.38,2,2,1,7,0,2,4,2,1,2,0.7115,0.683,0.0957,1.1531,0.0,0.0449,0.1089,0.0968,0.0222,0.0385,7,11,0,1,1,2,0,1,0,0,0.9052,1.3217,0.0,0.1672,0.0331,0.0958,0.0,0.4316,0.0,0.0,8,15,18.3,14.21
3629270,2021-12-19,esp,2021/2022,LaLiga,18,Jaime Latre,8633,Real Madrid,8385,Cadiz,1,0,0,82,18,36,4,9,0,12,4,15,0,0,0,19,3,17,1,13,2,3,0,3,0,63,8,9,10,1,1,0,0,3,1,10,19,4,12,0,14,5,34,0,9,61,37,36.0,31.0,25.0,6.0,16.0,4.0,810,175,738.0,94.0,170,52,568,42,31.0,13.0,6.0,1.0,2.02,0.21,1.47,0.14,0.55,0.08,2.02,0.21,2.38,0.0,1,0,12,2,6,1,12,1,5,0,0.0875,0.0,1.0961,0.1526,0.3101,0.0288,0.3907,0.0308,0.1396,0.0,23,2,0,0,10,2,3,0,0,0,1.4703,0.1361,0.0,0.0,0.3714,0.0762,0.1823,0.0,0.0,0.0,36,4,18.32,17.22
3629270,2021-12-19,esp,2021/2022,LaLiga,18,Jaime Latre,8385,Cadiz,8633,Real Madrid,0,0,0,18,82,4,36,0,9,4,12,0,15,0,0,3,19,1,17,2,13,0,3,0,3,8,63,10,9,1,1,0,0,1,3,19,10,12,4,14,0,34,5,9,0,37,61,31.0,36.0,6.0,25.0,4.0,16.0,175,810,94.0,738.0,52,170,42,568,13.0,31.0,1.0,6.0,0.21,2.02,0.14,1.47,0.08,0.55,0.21,2.02,0.0,2.38,0,1,2,12,1,6,1,12,0,5,0.0,0.0875,0.1526,1.0961,0.0288,0.3101,0.0308,0.3907,0.0,0.1396,2,23,0,0,2,10,0,3,0,0,0.1361,1.4703,0.0,0.0,0.0762,0.3714,0.0,0.1823,0.0,0.0,4,36,17.22,18.32
3629269,2021-12-20,esp,2021/2022,LaLiga,18,Pablo Gonzalez,8581,Levante,10267,Valencia,1,3,4,52,48,15,15,9,8,3,4,3,3,1,0,13,10,2,5,6,4,5,2,2,0,25,21,21,11,2,3,1,1,5,2,12,17,9,10,3,2,14,18,4,6,49,56,32.0,49.0,17.0,7.0,13.0,12.0,354,345,266.0,251.0,160,113,106,138,25.0,28.0,5.0,1.0,2.86,2.0,1.73,0.9,0.34,0.31,2.07,1.21,3.53,2.89,1,1,11,5,1,4,0,3,2,2,0.1874,0.1494,2.9944,1.6478,0.0376,0.1078,0.0,0.188,0.0382,0.021,9,9,1,2,2,3,2,0,1,1,1.1988,0.3939,0.5328,0.7235,0.2085,0.208,0.529,0.0,0.7884,0.7884,15,15,13.17,18.22
3629269,2021-12-20,esp,2021/2022,LaLiga,18,Pablo Gonzalez,10267,Valencia,8581,Levante,0,4,3,48,52,15,15,8,9,4,3,3,3,0,1,10,13,5,2,4,6,2,5,0,2,21,25,11,21,3,2,1,1,2,5,17,12,10,9,2,3,18,14,6,4,56,49,49.0,32.0,7.0,17.0,12.0,13.0,345,354,251.0,266.0,113,160,138,106,28.0,25.0,1.0,5.0,2.0,2.86,0.9,1.73,0.31,0.34,1.21,2.07,2.89,3.53,1,1,5,11,4,1,3,0,2,2,0.1494,0.1874,1.6478,2.9944,0.1078,0.0376,0.188,0.0,0.021,0.0382,9,9,2,1,3,2,0,2,1,1,0.3939,1.1988,0.7235,0.5328,0.208,0.2085,0.0,0.529,0.7884,0.7884,15,15,18.22,13.17
3629132,2021-12-21,esp,2021/2022,LaLiga,4,Carlos del Cerro,8302,Sevilla,8634,Barcelona,1,1,1,41,59,5,23,1,7,3,9,1,7,0,1,4,12,1,11,4,9,0,2,0,2,8,32,15,13,2,3,1,0,2,1,14,19,4,8,6,1,24,6,6,0,43,61,31.0,45.0,12.0,16.0,4.0,11.0,354,491,278.0,422.0,194,204,84,218,32.0,27.0,2.0,6.0,0.31,1.87,0.09,1.04,0.23,0.82,0.31,1.87,0.33,1.39,0,3,3,5,1,4,1,6,0,5,0.0,0.7662,0.226,0.6765,0.0227,0.0962,0.0627,0.194,0.0,0.1332,1,15,1,0,3,7,0,1,0,0,0.0627,1.0413,0.0227,0.0,0.226,0.7145,0.0,0.1103,0.0,0.0,5,23,13.76,16.73
3629132,2021-12-21,esp,2021/2022,LaLiga,4,Carlos del Cerro,8634,Barcelona,8302,Sevilla,0,1,1,59,41,23,5,7,1,9,3,7,1,1,0,12,4,11,1,9,4,2,0,2,0,32,8,13,15,3,2,0,1,1,2,19,14,8,4,1,6,6,24,0,6,61,43,45.0,31.0,16.0,12.0,11.0,4.0,491,354,422.0,278.0,204,194,218,84,27.0,32.0,6.0,2.0,1.87,0.31,1.04,0.09,0.82,0.23,1.87,0.31,1.39,0.33,3,0,5,3,4,1,6,1,5,0,0.7662,0.0,0.6765,0.226,0.0962,0.0227,0.194,0.0627,0.1332,0.0,15,1,0,1,7,3,1,0,0,0,1.0413,0.0627,0.0,0.0227,0.7145,0.226,0.1103,0.0,0.0,0.0,23,5,16.73,13.76
3629133,2021-12-21,esp,2021/2022,LaLiga,4,Valentin Pizarro,10205,Villarreal,9866,Deportivo Alaves,1,5,2,62,38,24,4,10,2,8,2,6,0,0,0,20,2,4,2,6,2,4,1,0,0,40,8,16,14,0,2,0,0,2,7,12,15,6,7,0,6,9,16,1,5,39,56,30.0,31.0,9.0,25.0,4.0,1.0,535,314,462.0,248.0,253,144,209,104,32.0,45.0,4.0,6.0,3.45,0.76,3.34,0.76,0.11,0.02,3.45,0.76,4.97,0.26,3,0,11,2,6,0,2,1,2,1,1.4695,0.0,1.5672,0.1136,0.2781,0.0,0.0774,0.0246,0.0534,0.6186,21,4,0,0,2,0,1,0,0,0,3.3404,0.7568,0.0,0.0,0.0598,0.0,0.0455,0.0,0.0,0.0,24,4,14.3,18.65
3629133,2021-12-21,esp,2021/2022,LaLiga,4,Valentin Pizarro,9866,Deportivo Alaves,10205,Villarreal,0,2,5,38,62,4,24,2,10,2,8,0,6,0,0,2,20,2,4,2,6,1,4,0,0,8,40,14,16,2,0,0,0,7,2,15,12,7,6,6,0,16,9,5,1,56,39,31.0,30.0,25.0,9.0,1.0,4.0,314,535,248.0,462.0,144,253,104,209,45.0,32.0,6.0,4.0,0.76,3.45,0.76,3.34,0.02,0.11,0.76,3.45,0.26,4.97,0,3,2,11,0,6,1,2,1,2,0.0,1.4695,0.1136,1.5672,0.0,0.2781,0.0246,0.0774,0.6186,0.0534,4,21,0,0,0,2,0,1,0,0,0.7568,3.3404,0.0,0.0,0.0,0.0598,0.0,0.0455,0.0,0.0,4,24,18.65,14.3
3629177,2021-12-22,esp,2021/2022,LaLiga,9,Alejandro Hernandez,7878,Granada,9906,Atletico Madrid,1,2,1,40,60,6,15,4,3,1,8,1,4,0,1,4,12,2,3,2,7,1,2,0,2,11,37,17,7,4,1,0,0,1,6,19,13,12,15,4,1,27,12,2,2,48,58,40.0,41.0,8.0,17.0,14.0,11.0,353,521,272.0,436.0,145,173,127,263,17.0,30.0,3.0,7.0,0.64,1.47,0.64,1.38,0.0,0.09,0.64,1.47,1.63,0.62,1,0,2,10,1,2,2,2,0,1,0.2962,0.0,0.1844,1.2423,0.0287,0.0824,0.1298,0.1171,0.0,0.0282,5,13,1,0,0,2,0,0,0,0,0.5348,1.3757,0.1043,0.0,0.0,0.0942,0.0,0.0,0.0,0.0,6,15,15.99,14.18
3629177,2021-12-22,esp,2021/2022,LaLiga,9,Alejandro Hernandez,9906,Atletico Madrid,7878,Granada,0,1,2,60,40,15,6,3,4,8,1,4,1,1,0,12,4,3,2,7,2,2,1,2,0,37,11,7,17,1,4,0,0,6,1,13,19,15,12,1,4,12,27,2,2,58,48,41.0,40.0,17.0,8.0,11.0,14.0,521,353,436.0,272.0,173,145,263,127,30.0,17.0,7.0,3.0,1.47,0.64,1.38,0.64,0.09,0.0,1.47,0.64,0.62,1.63,0,1,10,2,2,1,2,2,1,0,0.0,0.2962,1.2423,0.1844,0.0824,0.0287,0.1171,0.1298,0.0282,0.0,13,5,0,1,2,0,0,0,0,0,1.3757,0.5348,0.0,0.1043,0.0942,0.0,0.0,0.0,0.0,0.0,15,6,14.18,15.99
3629294,2021-12-22,esp,2021/2022,LaLiga,21,Cesar Soto,8315,Athletic Club,8633,Real Madrid,1,1,2,40,60,15,12,2,7,6,3,7,2,0,0,10,6,5,6,7,0,1,3,1,2,33,24,17,7,2,2,0,0,2,1,9,16,13,12,2,6,9,18,5,1,23,55,18.0,48.0,5.0,7.0,2.0,16.0,429,668,375.0,604.0,112,264,263,340,22.0,45.0,3.0,0.0,0.97,1.09,0.72,1.09,0.25,0.0,0.97,1.09,0.62,2.11,0,0,7,4,3,2,3,5,2,1,0.0,0.0,0.7264,0.8415,0.0992,0.0598,0.1164,0.1721,0.0289,0.0172,10,10,0,2,2,0,3,0,0,0,0.7179,0.7623,0.0,0.3284,0.1164,0.0,0.1366,0.0,0.0,0.0,15,12,17.58,21.46
3629294,2021-12-22,esp,2021/2022,LaLiga,21,Cesar Soto,8633,Real Madrid,8315,Athletic Club,0,2,1,60,40,12,15,7,2,3,6,2,7,0,0,6,10,6,5,0,7,3,1,2,1,24,33,7,17,2,2,0,0,1,2,16,9,12,13,6,2,18,9,1,5,55,23,48.0,18.0,7.0,5.0,16.0,2.0,668,429,604.0,375.0,264,112,340,263,45.0,22.0,0.0,3.0,1.09,0.97,1.09,0.72,0.0,0.25,1.09,0.97,2.11,0.62,0,0,4,7,2,3,5,3,1,2,0.0,0.0,0.8415,0.7264,0.0598,0.0992,0.1721,0.1164,0.0172,0.0289,10,10,2,0,0,2,0,3,0,0,0.7623,0.7179,0.3284,0.0,0.0,0.1164,0.0,0.1366,0.0,0.0,12,15,21.46,17.58
3629281,2021-12-31,esp,2021/2022,LaLiga,19,Jose Sanchez,10267,Valencia,8558,Espanyol,1,1,2,36,64,12,15,2,4,8,4,2,7,2,0,7,7,5,8,7,5,2,4,1,2,20,16,19,14,5,3,1,0,0,3,13,17,8,8,7,3,8,21,2,0,49,48,38.0,39.0,11.0,9.0,11.0,4.0,279,516,202.0,446.0,101,224,101,222,37.0,30.0,8.0,7.0,0.75,2.04,0.23,1.18,0.51,0.08,0.75,1.26,0.06,1.5,1,0,6,5,0,2,3,5,2,3,0.2105,0.0,0.4556,1.7373,0.0,0.0754,0.0612,0.1533,0.0202,0.0778,6,11,0,0,5,2,1,1,0,1,0.2315,1.1754,0.0,0.0,0.4821,0.0356,0.0339,0.0445,0.0,0.7884,12,15,16.57,19.8
3629281,2021-12-31,esp,2021/2022,LaLiga,19,Jose Sanchez,8558,Espanyol,10267,Valencia,0,2,1,64,36,15,12,4,2,4,8,7,2,0,2,7,7,8,5,5,7,4,2,2,1,16,20,14,19,3,5,0,1,3,0,17,13,8,8,3,7,21,8,0,2,48,49,39.0,38.0,9.0,11.0,4.0,11.0,516,279,446.0,202.0,224,101,222,101,30.0,37.0,7.0,8.0,2.04,0.75,1.18,0.23,0.08,0.51,1.26,0.75,1.5,0.06,0,1,5,6,2,0,5,3,3,2,0.0,0.2105,1.7373,0.4556,0.0754,0.0,0.1533,0.0612,0.0778,0.0202,11,6,0,0,2,5,1,1,1,0,1.1754,0.2315,0.0,0.0,0.0356,0.4821,0.0445,0.0339,0.7884,0.0,15,12,19.8,16.57
3629274,2022-01-02,esp,2021/2022,LaLiga,19,Carlos del Cerro,9866,Deportivo Alaves,8560,Real Sociedad,1,1,1,35,65,19,10,5,4,10,3,4,3,0,1,9,6,10,4,2,3,2,3,1,2,21,22,22,10,3,3,0,0,2,0,12,9,10,6,3,3,17,26,3,4,57,76,28.0,46.0,29.0,30.0,8.0,17.0,268,521,160.0,395.0,46,258,114,137,22.0,30.0,4.0,0.0,1.74,0.88,0.54,0.85,0.42,0.03,0.96,0.88,1.37,0.75,0,1,6,3,3,2,5,3,5,1,0.0,0.1316,1.2976,0.5418,0.1119,0.1257,0.1687,0.0764,0.1653,0.0141,13,9,1,0,1,0,3,1,1,0,0.5197,0.8602,0.0198,0.0,0.02,0.0,0.3956,0.0294,0.7884,0.0,19,10,19.9,18.02
3629274,2022-01-02,esp,2021/2022,LaLiga,19,Carlos del Cerro,8560,Real Sociedad,9866,Deportivo Alaves,0,1,1,65,35,10,19,4,5,3,10,3,4,1,0,6,9,4,10,3,2,3,2,2,1,22,21,10,22,3,3,0,0,0,2,9,12,6,10,3,3,26,17,4,3,76,57,46.0,28.0,30.0,29.0,17.0,8.0,521,268,395.0,160.0,258,46,137,114,30.0,22.0,0.0,4.0,0.88,1.74,0.85,0.54,0.03,0.42,0.88,0.96,0.75,1.37,1,0,3,6,2,3,3,5,1,5,0.1316,0.0,0.5418,1.2976,0.1257,0.1119,0.0764,0.1687,0.0141,0.1653,9,13,0,1,0,1,1,3,0,1,0.8602,0.5197,0.0,0.0198,0.0,0.02,0.0294,0.3956,0.0,0.7884,10,19,18.02,19.9
3629275,2022-01-02,esp,2021/2022,LaLiga,19,Jorge Figueroa,9906,Atletico Madrid,8370,Rayo Vallecano,1,2,0,50,50,15,5,5,0,6,2,4,3,1,0,11,1,4,4,8,2,3,0,2,0,35,2,14,12,3,0,0,0,2,1,17,17,10,15,3,4,7,26,0,3,60,51,46.0,38.0,14.0,13.0,18.0,8.0,459,459,366.0,377.0,217,210,149,167,25.0,25.0,3.0,4.0,1.69,0.07,1.64,0.07,0.05,0.0,1.69,0.07,0.91,0.0,1,0,4,1,6,0,2,1,2,3,0.649,0.0,0.4228,0.013,0.285,0.0,0.3065,0.0102,0.0287,0.0461,13,5,0,0,2,0,0,0,0,0,1.6373,0.0693,0.0,0.0,0.0547,0.0,0.0,0.0,0.0,0.0,15,5,18.63,23.29
3629275,2022-01-02,esp,2021/2022,LaLiga,19,Jorge Figueroa,8370,Rayo Vallecano,9906,Atletico Madrid,0,0,2,50,50,5,15,0,5,2,6,3,4,0,1,1,11,4,4,2,8,0,3,0,2,2,35,12,14,0,3,0,0,1,2,17,17,15,10,4,3,26,7,3,0,51,60,38.0,46.0,13.0,14.0,8.0,18.0,459,459,377.0,366.0,210,217,167,149,25.0,25.0,4.0,3.0,0.07,1.69,0.07,1.64,0.0,0.05,0.07,1.69,0.0,0.91,0,1,1,4,0,6,1,2,3,2,0.0,0.649,0.013,0.4228,0.0,0.285,0.0102,0.3065,0.0461,0.0287,5,13,0,0,0,2,0,0,0,0,0.0693,1.6373,0.0,0.0,0.0,0.0547,0.0,0.0,0.0,0.0,5,15,23.29,18.63
3629276,2022-01-02,esp,2021/2022,LaLiga,19,Cesar Soto,8603,Real Betis,9910,Celta Vigo,1,0,2,54,46,18,7,7,5,7,2,4,0,0,1,10,6,8,1,3,3,0,2,0,1,38,19,15,11,1,2,0,0,1,0,25,26,11,10,0,4,8,25,3,7,75,70,55.0,50.0,20.0,20.0,21.0,10.0,530,465,427.0,351.0,159,174,268,177,23.0,31.0,5.0,1.0,1.38,2.57,0.79,1.78,0.59,0.0,1.38,1.78,0.47,1.49,1,1,8,5,1,0,8,0,0,1,0.1733,0.5619,0.8678,1.9819,0.0423,0.0,0.2962,0.0,0.0,0.0227,13,4,0,2,1,0,4,0,0,1,0.7935,0.8764,0.0,0.9016,0.0428,0.0,0.5432,0.0,0.0,0.7884,18,7,17.09,13.47
3629276,2022-01-02,esp,2021/2022,LaLiga,19,Cesar Soto,9910,Celta Vigo,8603,Real Betis,0,2,0,46,54,7,18,5,7,2,7,0,4,1,0,6,10,1,8,3,3,2,0,1,0,19,38,11,15,2,1,0,0,0,1,26,25,10,11,4,0,25,8,7,3,70,75,50.0,55.0,20.0,20.0,10.0,21.0,465,530,351.0,427.0,174,159,177,268,31.0,23.0,1.0,5.0,2.57,1.38,1.78,0.79,0.0,0.59,1.78,1.38,1.49,0.47,1,1,5,8,0,1,0,8,1,0,0.5619,0.1733,1.9819,0.8678,0.0,0.0423,0.0,0.2962,0.0227,0.0,4,13,2,0,0,1,0,4,1,0,0.8764,0.7935,0.9016,0.0,0.0,0.0428,0.0,0.5432,0.7884,0.0,7,18,13.47,17.09
3629277,2022-01-02,esp,2021/2022,LaLiga,19,Antonio Mateu,8661,Mallorca,8634,Barcelona,1,0,1,35,65,13,13,3,4,4,9,6,0,0,2,7,10,6,3,4,3,2,3,2,2,21,19,22,24,5,2,0,0,2,1,14,16,11,7,1,6,12,16,2,3,57,64,43.0,40.0,14.0,24.0,6.0,5.0,298,567,231.0,500.0,139,231,92,269,15.0,29.0,8.0,6.0,0.76,1.31,0.31,1.0,0.45,0.31,0.76,1.31,0.52,0.84,2,3,5,4,0,3,5,2,1,1,0.1784,0.6461,0.4396,0.4648,0.0,0.1299,0.1273,0.0382,0.0146,0.0282,5,9,0,0,2,1,6,3,0,0,0.3075,0.9952,0.0,0.0,0.0172,0.0138,0.4352,0.2981,0.0,0.0,13,13,18.14,16.02
3629277,2022-01-02,esp,2021/2022,LaLiga,19,Antonio Mateu,8634,Barcelona,8661,Mallorca,0,1,0,65,35,13,13,4,3,9,4,0,6,2,0,10,7,3,6,3,4,3,2,2,2,19,21,24,22,2,5,0,0,1,2,16,14,7,11,6,1,16,12,3,2,64,57,40.0,43.0,24.0,14.0,5.0,6.0,567,298,500.0,231.0,231,139,269,92,29.0,15.0,6.0,8.0,1.31,0.76,1.0,0.31,0.31,0.45,1.31,0.76,0.84,0.52,3,2,4,5,3,0,2,5,1,1,0.6461,0.1784,0.4648,0.4396,0.1299,0.0,0.0382,0.1273,0.0282,0.0146,9,5,0,0,1,2,3,6,0,0,0.9952,0.3075,0.0,0.0,0.0138,0.0172,0.2981,0.4352,0.0,0.0,13,13,16.02,18.14
3629278,2022-01-02,esp,2021/2022,LaLiga,19,Mario Melero,8305,Getafe,8633,Real Madrid,1,1,0,26,74,6,14,3,4,1,5,2,5,0,1,3,6,3,8,2,9,2,1,1,1,9,22,20,8,3,2,0,0,0,6,17,18,15,6,5,2,27,8,4,2,37,70,26.0,49.0,11.0,21.0,1.0,12.0,262,724,182.0,632.0,83,261,99,371,37.0,36.0,2.0,3.0,0.86,0.68,0.86,0.56,0.0,0.13,0.86,0.68,0.63,1.14,0,0,2,5,1,1,1,5,2,3,0.0,0.0,0.6785,0.4146,0.0238,0.0263,0.1168,0.2033,0.0455,0.0401,6,10,0,0,0,2,0,2,0,0,0.8647,0.5572,0.0,0.0,0.0,0.0412,0.0,0.0859,0.0,0.0,6,14,25.56,19.88
3629278,2022-01-02,esp,2021/2022,LaLiga,19,Mario Melero,8633,Real Madrid,8305,Getafe,0,0,1,74,26,14,6,4,3,5,1,5,2,1,0,6,3,8,3,9,2,1,2,1,1,22,9,8,20,2,3,0,0,6,0,18,17,6,15,2,5,8,27,2,4,70,37,49.0,26.0,21.0,11.0,12.0,1.0,724,262,632.0,182.0,261,83,371,99,36.0,37.0,3.0,2.0,0.68,0.86,0.56,0.86,0.13,0.0,0.68,0.86,1.14,0.63,0,0,5,2,1,1,5,1,3,2,0.0,0.0,0.4146,0.6785,0.0263,0.0238,0.2033,0.1168,0.0401,0.0455,10,6,0,0,2,0,2,0,0,0,0.5572,0.8647,0.0,0.0,0.0412,0.0,0.0859,0.0,0.0,0.0,14,6,19.88,25.56
3629283,2022-01-02,esp,2021/2022,LaLiga,19,Adrian Cordero,10268,Elche,7878,Granada,1,0,0,48,52,18,10,2,5,11,3,5,2,1,0,11,8,7,2,6,3,1,1,1,1,24,18,18,15,3,3,1,0,1,2,10,13,12,3,1,5,8,27,5,2,60,58,36.0,39.0,24.0,19.0,13.0,9.0,359,408,273.0,315.0,107,195,166,120,21.0,31.0,12.0,3.0,1.19,1.22,0.71,0.81,0.48,0.41,1.19,1.22,0.24,0.73,2,1,9,6,0,1,2,2,5,0,0.1783,0.275,0.8619,0.873,0.0,0.0369,0.062,0.0355,0.0873,0.0,8,7,2,0,4,2,4,1,0,0,0.5132,0.8083,0.1982,0.0,0.2538,0.4025,0.2242,0.0096,0.0,0.0,18,10,19.83,13.81
3629283,2022-01-02,esp,2021/2022,LaLiga,19,Adrian Cordero,7878,Granada,10268,Elche,0,0,0,52,48,10,18,5,2,3,11,2,5,0,1,8,11,2,7,3,6,1,1,1,1,18,24,15,18,3,3,0,1,2,1,13,10,3,12,5,1,27,8,2,5,58,60,39.0,36.0,19.0,24.0,9.0,13.0,408,359,315.0,273.0,195,107,120,166,31.0,21.0,3.0,12.0,1.22,1.19,0.81,0.71,0.41,0.48,1.22,1.19,0.73,0.24,1,2,6,9,1,0,2,2,0,5,0.275,0.1783,0.873,0.8619,0.0369,0.0,0.0355,0.062,0.0,0.0873,7,8,0,2,2,4,1,4,0,0,0.8083,0.5132,0.0,0.1982,0.4025,0.2538,0.0096,0.2242,0.0,0.0,10,18,13.81,19.83
3629279,2022-01-03,esp,2021/2022,LaLiga,19,Javier Alberola,8385,Cadiz,8302,Sevilla,1,0,1,25,75,9,14,2,4,6,9,1,1,0,0,4,8,5,6,2,8,0,2,0,1,12,35,4,9,0,1,0,0,2,4,21,7,16,7,2,1,28,13,2,2,50,35,37.0,16.0,13.0,19.0,7.0,5.0,254,772,165.0,701.0,79,328,86,373,23.0,52.0,2.0,3.0,0.23,0.93,0.2,0.63,0.03,0.3,0.23,0.93,0.15,0.79,0,0,2,6,1,2,4,4,1,2,0.0,0.0,0.132,0.5377,0.0183,0.1444,0.0612,0.1946,0.0164,0.0525,7,10,0,0,1,2,0,2,0,0,0.2016,0.627,0.0,0.0,0.0264,0.1128,0.0,0.1893,0.0,0.0,8,14,26.07,17.89
3629279,2022-01-03,esp,2021/2022,LaLiga,19,Javier Alberola,8302,Sevilla,8385,Cadiz,0,1,0,75,25,14,9,4,2,9,6,1,1,0,0,8,4,6,5,8,2,2,0,1,0,35,12,9,4,1,0,0,0,4,2,7,21,7,16,1,2,13,28,2,2,35,50,16.0,37.0,19.0,13.0,5.0,7.0,772,254,701.0,165.0,328,79,373,86,52.0,23.0,3.0,2.0,0.93,0.23,0.63,0.2,0.3,0.03,0.93,0.23,0.79,0.15,0,0,6,2,2,1,4,4,2,1,0.0,0.0,0.5377,0.132,0.1444,0.0183,0.1946,0.0612,0.0525,0.0164,10,7,0,0,2,1,2,0,0,0,0.627,0.2016,0.0,0.0,0.1128,0.0264,0.1893,0.0,0.0,0.0,14,8,17.89,26.07
3629280,2022-01-03,esp,2021/2022,LaLiga,19,Miguel Ortiz,8371,Osasuna,8315,Athletic Club,1,1,3,57,43,15,17,4,5,5,7,6,5,1,0,6,11,9,6,4,5,0,4,0,1,19,21,12,7,3,2,1,0,0,3,14,18,8,2,5,5,7,19,2,3,45,60,29.0,36.0,16.0,24.0,8.0,6.0,471,362,390.0,261.0,174,105,216,156,54.0,22.0,7.0,4.0,0.89,1.37,0.76,1.34,0.13,0.04,0.89,1.37,0.74,2.7,0,1,5,7,1,3,7,4,2,2,0.0,0.4349,0.4513,0.6582,0.0678,0.12,0.3142,0.1009,0.053,0.0609,13,13,0,2,1,1,1,1,0,0,0.7598,1.1435,0.0,0.1936,0.0903,0.0159,0.0361,0.0219,0.0,0.0,15,17,20.55,18.81
3629280,2022-01-03,esp,2021/2022,LaLiga,19,Miguel Ortiz,8315,Athletic Club,8371,Osasuna,0,3,1,43,57,17,15,5,4,7,5,5,6,0,1,11,6,6,9,5,4,4,0,1,0,21,19,7,12,2,3,0,1,3,0,18,14,2,8,5,5,19,7,3,2,60,45,36.0,29.0,24.0,16.0,6.0,8.0,362,471,261.0,390.0,105,174,156,216,22.0,54.0,4.0,7.0,1.37,0.89,1.34,0.76,0.04,0.13,1.37,0.89,2.7,0.74,1,0,7,5,3,1,4,7,2,2,0.4349,0.0,0.6582,0.4513,0.12,0.0678,0.1009,0.3142,0.0609,0.053,13,13,2,0,1,1,1,1,0,0,1.1435,0.7598,0.1936,0.0,0.0159,0.0903,0.0219,0.0361,0.0,0.0,17,15,18.81,20.55
3629282,2022-01-03,esp,2021/2022,LaLiga,19,Alejandro Hernandez,10205,Villarreal,8581,Levante,1,5,0,58,42,17,7,7,3,5,1,5,3,0,0,14,4,3,3,6,5,7,0,4,0,39,12,12,9,3,2,0,0,0,4,10,16,7,12,3,5,17,7,3,2,40,39,33.0,33.0,7.0,6.0,14.0,5.0,488,360,422.0,289.0,233,190,189,99,24.0,22.0,4.0,0.0,3.36,0.44,2.9,0.29,0.46,0.15,3.36,0.44,3.64,0.58,4,0,8,1,2,3,3,3,0,0,2.2582,0.0,0.9182,0.0802,0.0881,0.1842,0.0943,0.1741,0.0,0.0,13,5,0,0,4,0,0,2,0,0,2.9002,0.2856,0.0,0.0,0.4585,0.0,0.0,0.1529,0.0,0.0,17,7,12.52,18.71
3629282,2022-01-03,esp,2021/2022,LaLiga,19,Alejandro Hernandez,8581,Levante,10205,Villarreal,0,0,5,42,58,7,17,3,7,1,5,3,5,0,0,4,14,3,3,5,6,0,7,0,4,12,39,9,12,2,3,0,0,4,0,16,10,12,7,5,3,7,17,2,3,39,40,33.0,33.0,6.0,7.0,5.0,14.0,360,488,289.0,422.0,190,233,99,189,22.0,24.0,0.0,4.0,0.44,3.36,0.29,2.9,0.15,0.46,0.44,3.36,0.58,3.64,0,4,1,8,3,2,3,3,0,0,0.0,2.2582,0.0802,0.9182,0.1842,0.0881,0.1741,0.0943,0.0,0.0,5,13,0,0,0,4,2,0,0,0,0.2856,2.9002,0.0,0.0,0.0,0.4585,0.1529,0.0,0.0,0.0,7,17,18.71,12.52
3629285,2022-01-08,esp,2021/2022,LaLiga,20,Pablo González Fuertes,7878,Granada,8634,Barcelona,1,1,1,35,65,14,13,4,1,6,8,4,4,0,0,8,6,6,7,3,2,0,1,0,0,17,17,9,21,2,3,0,1,2,3,19,16,12,6,3,4,9,15,0,3,60,51,52.0,36.0,8.0,15.0,13.0,11.0,301,581,216.0,496.0,117,212,99,284,21.0,26.0,3.0,5.0,0.93,0.65,0.71,0.51,0.22,0.14,0.93,0.65,1.24,0.48,1,0,5,5,2,1,5,5,1,2,0.0698,0.0,0.4379,0.4522,0.1996,0.0691,0.1992,0.0873,0.0189,0.0403,11,10,0,1,2,2,1,0,0,0,0.708,0.4425,0.0,0.0691,0.1476,0.1373,0.0698,0.0,0.0,0.0,14,13,17.35,19.34
3629285,2022-01-08,esp,2021/2022,LaLiga,20,Pablo González Fuertes,8634,Barcelona,7878,Granada,0,1,1,65,35,13,14,1,4,8,6,4,4,0,0,6,8,7,6,2,3,1,0,0,0,17,17,21,9,3,2,1,0,3,2,16,19,6,12,4,3,15,9,3,0,51,60,36.0,52.0,15.0,8.0,11.0,13.0,581,301,496.0,216.0,212,117,284,99,26.0,21.0,5.0,3.0,0.65,0.93,0.51,0.71,0.14,0.22,0.65,0.93,0.48,1.24,0,1,5,5,1,2,5,5,2,1,0.0,0.0698,0.4522,0.4379,0.0691,0.1996,0.0873,0.1992,0.0403,0.0189,10,11,1,0,2,2,0,1,0,0,0.4425,0.708,0.0691,0.0,0.1373,0.1476,0.0,0.0698,0.0,0.0,13,14,19.34,17.35
3629287,2022-01-08,esp,2021/2022,LaLiga,20,Jorge Figueroa Vázquez,8581,Levante,8661,Mallorca,1,2,0,43,57,16,15,8,8,6,4,2,3,1,0,8,5,8,10,5,5,1,1,0,1,22,18,20,11,3,1,1,0,0,2,14,8,7,11,2,2,26,17,8,6,54,59,33.0,40.0,21.0,19.0,10.0,12.0,364,485,264.0,390.0,128,185,136,205,26.0,20.0,6.0,2.0,1.18,1.24,0.99,0.4,0.19,0.04,1.18,0.45,2.1,2.23,1,0,6,5,1,0,6,4,2,6,0.0435,0.0,0.8262,0.9874,0.0469,0.0,0.2119,0.1079,0.0493,0.1414,10,13,1,0,5,1,0,0,0,1,0.8549,0.4193,0.1336,0.0,0.1893,0.029,0.0,0.0,0.0,0.7884,16,15,17.59,20.76
3629287,2022-01-08,esp,2021/2022,LaLiga,20,Jorge Figueroa Vázquez,8661,Mallorca,8581,Levante,0,0,2,57,43,15,16,8,8,4,6,3,2,0,1,5,8,10,8,5,5,1,1,1,0,18,22,11,20,1,3,0,1,2,0,8,14,11,7,2,2,17,26,6,8,59,54,40.0,33.0,19.0,21.0,12.0,10.0,485,364,390.0,264.0,185,128,205,136,20.0,26.0,2.0,6.0,1.24,1.18,0.4,0.99,0.04,0.19,0.45,1.18,2.23,2.1,0,1,5,6,0,1,4,6,6,2,0.0,0.0435,0.9874,0.8262,0.0,0.0469,0.1079,0.2119,0.1414,0.0493,13,10,0,1,1,5,0,0,1,0,0.4193,0.8549,0.0,0.1336,0.029,0.1893,0.0,0.0,0.7884,0.0,15,16,20.76,17.59
3629289,2022-01-08,esp,2021/2022,LaLiga,20,Alejandro José Hernández Hernández,8633,Real Madrid,10267,Valencia,1,4,1,67,33,23,12,8,7,7,2,8,3,1,0,13,3,10,9,3,8,6,2,3,1,39,7,15,24,3,3,0,0,4,0,9,17,14,3,2,6,12,15,6,4,56,44,46.0,36.0,10.0,8.0,13.0,6.0,614,283,560.0,222.0,282,93,278,129,38.0,20.0,3.0,4.0,3.9,1.28,3.02,0.24,0.09,0.25,3.11,0.49,4.12,2.27,2,0,9,3,2,0,6,6,4,3,1.2162,0.0,2.5881,1.3054,0.0578,0.0,0.2209,0.2775,0.0925,0.0497,19,5,1,0,0,3,2,3,1,1,3.1582,0.2369,0.1429,0.0,0.0,0.1055,0.0861,0.5018,0.7884,0.7884,23,12,17.6,21.17
3629289,2022-01-08,esp,2021/2022,LaLiga,20,Alejandro José Hernández Hernández,10267,Valencia,8633,Real Madrid,0,1,4,33,67,12,23,7,8,2,7,3,8,0,1,3,13,9,10,8,3,2,6,1,3,7,39,24,15,3,3,0,0,0,4,17,9,3,14,6,2,15,12,4,6,44,56,36.0,46.0,8.0,10.0,6.0,13.0,283,614,222.0,560.0,93,282,129,278,20.0,38.0,4.0,3.0,1.28,3.9,0.24,3.02,0.25,0.09,0.49,3.11,2.27,4.12,0,2,3,9,0,2,6,6,3,4,0.0,1.2162,1.3054,2.5881,0.0,0.0578,0.2775,0.2209,0.0497,0.0925,5,19,0,1,3,0,3,2,1,1,0.2369,3.1582,0.0,0.1429,0.1055,0.0,0.5018,0.0861,0.7884,0.7884,12,23,21.17,17.6
3629290,2022-01-08,esp,2021/2022,LaLiga,20,Guillermo Cuadra Fernández,8560,Real Sociedad,9910,Celta Vigo,1,1,0,41,59,12,4,3,0,6,3,3,1,1,0,10,4,2,0,6,4,5,0,4,0,27,16,10,18,3,3,0,0,2,1,13,10,10,10,1,3,20,15,0,2,71,46,49.0,26.0,22.0,20.0,19.0,7.0,323,472,229.0,366.0,100,178,129,188,21.0,28.0,9.0,2.0,1.68,0.42,1.17,0.14,0.51,0.27,1.68,0.42,1.01,0.0,1,1,9,1,0,2,1,0,1,0,0.0573,0.2717,1.7578,0.1183,0.0,0.0264,0.0205,0.0,0.0201,0.0,5,3,2,0,4,0,1,1,0,0,0.367,0.1446,0.9796,0.0,0.2947,0.0,0.2144,0.2717,0.0,0.0,12,4,13.3,12.63
3629290,2022-01-08,esp,2021/2022,LaLiga,20,Guillermo Cuadra Fernández,9910,Celta Vigo,8560,Real Sociedad,0,0,1,59,41,4,12,0,3,3,6,1,3,0,1,4,10,0,2,4,6,0,5,0,4,16,27,18,10,3,3,0,0,1,2,10,13,10,10,3,1,15,20,2,0,46,71,26.0,49.0,20.0,22.0,7.0,19.0,472,323,366.0,229.0,178,100,188,129,28.0,21.0,2.0,9.0,0.42,1.68,0.14,1.17,0.27,0.51,0.42,1.68,0.0,1.01,1,1,1,9,2,0,0,1,0,1,0.2717,0.0573,0.1183,1.7578,0.0264,0.0,0.0,0.0205,0.0,0.0201,3,5,0,2,0,4,1,1,0,0,0.1446,0.367,0.0,0.9796,0.0,0.2947,0.2717,0.2144,0.0,0.0,4,12,12.63,13.3
3629284,2022-01-09,esp,2021/2022,LaLiga,20,Santiago Jaime Latre,9866,Deportivo Alaves,8315,Athletic Club,1,0,0,42,58,12,10,1,2,5,3,6,5,1,0,7,6,5,4,7,5,0,0,0,0,27,20,15,11,2,0,0,0,1,2,18,17,18,18,5,5,22,27,2,1,73,65,40.0,40.0,33.0,25.0,11.0,11.0,334,478,210.0,359.0,62,167,148,192,36.0,32.0,7.0,2.0,0.55,0.83,0.31,0.71,0.25,0.12,0.55,0.83,0.17,0.6,1,1,4,3,2,3,4,1,1,2,0.1614,0.0506,0.2073,0.3631,0.0961,0.3508,0.0773,0.0263,0.009,0.0397,7,5,0,1,4,3,1,1,0,0,0.3056,0.6565,0.0,0.0527,0.2084,0.0817,0.0371,0.0396,0.0,0.0,12,10,21.32,18.03
3629284,2022-01-09,esp,2021/2022,LaLiga,20,Santiago Jaime Latre,8315,Athletic Club,9866,Deportivo Alaves,0,0,0,58,42,10,12,2,1,3,5,5,6,0,1,6,7,4,5,5,7,0,0,0,0,20,27,11,15,0,2,0,0,2,1,17,18,18,18,5,5,27,22,1,2,65,73,40.0,40.0,25.0,33.0,11.0,11.0,478,334,359.0,210.0,167,62,192,148,32.0,36.0,2.0,7.0,0.83,0.55,0.71,0.31,0.12,0.25,0.83,0.55,0.6,0.17,1,1,3,4,3,2,1,4,2,1,0.0506,0.1614,0.3631,0.2073,0.3508,0.0961,0.0263,0.0773,0.0397,0.009,5,7,1,0,3,4,1,1,0,0,0.6565,0.3056,0.0527,0.0,0.0817,0.2084,0.0396,0.0371,0.0,0.0,10,12,18.03,21.32
3629288,2022-01-09,esp,2021/2022,LaLiga,20,Ricardo De Burgos Bengoetxea,8371,Osasuna,8385,Cadiz,1,2,0,60,40,15,6,5,1,7,3,3,2,0,0,11,3,4,3,5,7,6,0,4,0,30,10,13,13,2,2,0,0,0,1,10,19,9,11,2,3,17,27,1,3,65,48,33.0,35.0,32.0,13.0,11.0,5.0,484,326,385.0,216.0,138,141,247,75,50.0,26.0,8.0,3.0,2.22,0.23,1.45,0.22,0.77,0.02,2.22,0.23,2.08,0.06,3,0,7,2,1,1,0,1,4,2,1.2987,0.0,0.8876,0.1221,0.0467,0.0534,0.0,0.0238,0.0857,0.035,11,5,0,0,3,1,1,0,0,0,1.5485,0.2176,0.0,0.0,0.7261,0.0166,0.0441,0.0,0.0,0.0,15,6,13.63,21.09
3629288,2022-01-09,esp,2021/2022,LaLiga,20,Ricardo De Burgos Bengoetxea,8385,Cadiz,8371,Osasuna,0,0,2,40,60,6,15,1,5,3,7,2,3,0,0,3,11,3,4,7,5,0,6,0,4,10,30,13,13,2,2,0,0,1,0,19,10,11,9,3,2,27,17,3,1,48,65,35.0,33.0,13.0,32.0,5.0,11.0,326,484,216.0,385.0,141,138,75,247,26.0,50.0,3.0,8.0,0.23,2.22,0.22,1.45,0.02,0.77,0.23,2.22,0.06,2.08,0,3,2,7,1,1,1,0,2,4,0.0,1.2987,0.1221,0.8876,0.0534,0.0467,0.0238,0.0,0.035,0.0857,5,11,0,0,1,3,0,1,0,0,0.2176,1.5485,0.0,0.0,0.0166,0.7261,0.0,0.0441,0.0,0.0,6,15,21.09,13.63
3629291,2022-01-09,esp,2021/2022,LaLiga,20,Juan Martínez Munuera,8302,Sevilla,8305,Getafe,1,1,0,67,33,10,4,1,2,7,0,2,2,0,0,5,2,5,2,5,2,0,0,0,0,11,15,8,20,1,3,0,0,3,2,12,22,7,12,2,2,12,11,2,0,61,55,42.0,35.0,19.0,20.0,12.0,5.0,627,306,552.0,228.0,397,112,155,116,56.0,31.0,6.0,2.0,0.65,0.13,0.29,0.1,0.37,0.03,0.65,0.13,0.46,0.16,1,0,2,2,2,0,3,2,2,0,0.1672,0.0,0.2258,0.0596,0.0323,0.0,0.1693,0.071,0.0599,0.0,5,3,0,0,2,0,3,1,0,0,0.2892,0.1003,0.0,0.0,0.0335,0.0,0.3317,0.0303,0.0,0.0,10,4,18.46,17.75
3629291,2022-01-09,esp,2021/2022,LaLiga,20,Juan Martínez Munuera,8305,Getafe,8302,Sevilla,0,0,1,33,67,4,10,2,1,0,7,2,2,0,0,2,5,2,5,2,5,0,0,0,0,15,11,20,8,3,1,0,0,2,3,22,12,12,7,2,2,11,12,0,2,55,61,35.0,42.0,20.0,19.0,5.0,12.0,306,627,228.0,552.0,112,397,116,155,31.0,56.0,2.0,6.0,0.13,0.65,0.1,0.29,0.03,0.37,0.13,0.65,0.16,0.46,0,1,2,2,0,2,2,3,0,2,0.0,0.1672,0.0596,0.2258,0.0,0.0323,0.071,0.1693,0.0,0.0599,3,5,0,0,0,2,1,3,0,0,0.1003,0.2892,0.0,0.0,0.0,0.0335,0.0303,0.3317,0.0,0.0,4,10,17.75,18.46
3629292,2022-01-09,esp,2021/2022,LaLiga,20,Alejandro Muñíz Ruiz,8370,Rayo Vallecano,8603,Real Betis,1,1,1,58,42,17,9,7,5,8,1,2,3,1,0,11,5,6,4,6,4,2,2,1,1,31,21,18,13,1,3,0,1,3,0,26,27,12,7,3,2,15,28,4,6,70,64,51.0,55.0,19.0,9.0,13.0,11.0,445,328,366.0,240.0,176,101,190,139,32.0,32.0,6.0,2.0,1.27,1.43,1.05,1.43,0.22,0.0,1.27,1.43,1.29,1.65,4,2,4,0,3,3,5,4,1,0,0.7348,1.0905,0.2819,0.0,0.1126,0.0787,0.1303,0.1227,0.0098,0.0,14,9,0,0,2,0,1,0,0,0,1.0462,1.2918,0.0,0.0,0.1574,0.0,0.0657,0.0,0.0,0.0,17,9,19.15,17.93
3629292,2022-01-09,esp,2021/2022,LaLiga,20,Alejandro Muñíz Ruiz,8603,Real Betis,8370,Rayo Vallecano,0,1,1,42,58,9,17,5,7,1,8,3,2,0,1,5,11,4,6,4,6,2,2,1,1,21,31,13,18,3,1,1,0,0,3,27,26,7,12,2,3,28,15,6,4,64,70,55.0,51.0,9.0,19.0,11.0,13.0,328,445,240.0,366.0,101,176,139,190,32.0,32.0,2.0,6.0,1.43,1.27,1.43,1.05,0.0,0.22,1.43,1.27,1.65,1.29,2,4,0,4,3,3,4,5,0,1,1.0905,0.7348,0.0,0.2819,0.0787,0.1126,0.1227,0.1303,0.0,0.0098,9,14,0,0,0,2,0,1,0,0,1.2918,1.0462,0.0,0.0,0.0,0.1574,0.0,0.0657,0.0,0.0,9,17,17.93,19.15
3629293,2022-01-09,esp,2021/2022,LaLiga,20,Javier Alberola Rojas,10205,Villarreal,9906,Atletico Madrid,1,2,2,60,40,13,7,3,5,6,1,4,1,1,0,12,3,1,4,7,3,3,1,1,1,25,21,13,8,0,0,0,1,0,5,17,15,17,10,1,3,21,23,3,1,41,37,33.0,33.0,8.0,4.0,9.0,6.0,541,357,435.0,273.0,198,148,237,125,40.0,24.0,5.0,3.0,2.15,0.73,0.89,0.71,0.47,0.02,1.36,0.73,1.98,0.36,3,0,6,2,3,1,0,3,1,1,0.4444,0.0,1.6469,0.1876,0.0486,0.4536,0.0,0.0754,0.0181,0.0168,8,6,0,0,2,1,2,0,1,0,0.8981,0.7166,0.0,0.0,0.2246,0.0168,0.247,0.0,0.7884,0.0,13,7,13.27,23.6
3629293,2022-01-09,esp,2021/2022,LaLiga,20,Javier Alberola Rojas,9906,Atletico Madrid,10205,Villarreal,0,2,2,40,60,7,13,5,3,1,6,1,4,0,1,3,12,4,1,3,7,1,3,1,1,21,25,8,13,0,0,1,0,5,0,15,17,10,17,3,1,23,21,1,3,37,41,33.0,33.0,4.0,8.0,6.0,9.0,357,541,273.0,435.0,148,198,125,237,24.0,40.0,3.0,5.0,0.73,2.15,0.71,0.89,0.02,0.47,0.73,1.36,0.36,1.98,0,3,2,6,1,3,3,0,1,1,0.0,0.4444,0.1876,1.6469,0.4536,0.0486,0.0754,0.0,0.0168,0.0181,6,8,0,0,1,2,0,2,0,1,0.7166,0.8981,0.0,0.0,0.0168,0.2246,0.0,0.247,0.0,0.7884,7,13,23.6,13.27
3629286,2022-01-10,esp,2021/2022,LaLiga,20,Jesús Gil Manzano,8558,Espanyol,10268,Elche,1,1,2,54,46,11,3,2,2,3,0,6,1,0,0,5,2,6,1,13,0,1,2,0,0,31,10,13,19,4,6,0,0,3,2,10,13,9,8,1,6,10,41,0,1,55,58,36.0,37.0,19.0,21.0,7.0,11.0,448,397,365.0,310.0,176,172,189,138,35.0,37.0,4.0,4.0,1.28,1.01,0.21,0.96,0.27,0.05,0.49,1.01,1.01,0.76,0,0,4,2,1,0,4,1,2,0,0.0,0.0,0.9311,0.956,0.0744,0.0,0.1689,0.0501,0.1009,0.0,5,2,0,0,2,0,3,1,1,0,0.2125,0.956,0.0,0.0,0.0689,0.0,0.2054,0.0501,0.7884,0.0,11,3,19.03,15.64
3629286,2022-01-10,esp,2021/2022,LaLiga,20,Jesús Gil Manzano,10268,Elche,8558,Espanyol,0,2,1,46,54,3,11,2,2,0,3,1,6,0,0,2,5,1,6,0,13,2,1,0,0,10,31,19,13,6,4,0,0,2,3,13,10,8,9,6,1,41,10,1,0,58,55,37.0,36.0,21.0,19.0,11.0,7.0,397,448,310.0,365.0,172,176,138,189,37.0,35.0,4.0,4.0,1.01,1.28,0.96,0.21,0.05,0.27,1.01,0.49,0.76,1.01,0,0,2,4,0,1,1,4,0,2,0.0,0.0,0.956,0.9311,0.0,0.0744,0.0501,0.1689,0.0,0.1009,2,5,0,0,0,2,1,3,0,1,0.956,0.2125,0.0,0.0,0.0,0.0689,0.0501,0.2054,0.0,0.7884,3,11,15.64,19.03
3629303,2022-01-16,esp,2021/2022,LaLiga,21,Valentín Pizarro Gómez,10268,Elche,10205,Villarreal,1,1,0,49,51,5,9,2,4,3,2,0,3,0,0,2,6,3,3,3,8,0,1,0,1,4,19,12,15,4,3,0,0,4,5,10,15,7,7,3,0,13,9,4,1,47,53,29.0,36.0,18.0,17.0,5.0,9.0,362,370,261.0,270.0,175,165,86,105,30.0,19.0,1.0,4.0,0.19,0.57,0.16,0.24,0.04,0.33,0.19,0.57,0.11,0.67,0,1,1,4,1,1,2,1,1,2,0.0,0.2409,0.0727,0.2136,0.0225,0.017,0.064,0.0719,0.0354,0.0278,4,4,0,0,0,4,1,1,0,0,0.1592,0.2426,0.0,0.0,0.0,0.0877,0.0354,0.2409,0.0,0.0,5,9,23.5,15.24
3629303,2022-01-16,esp,2021/2022,LaLiga,21,Valentín Pizarro Gómez,10205,Villarreal,10268,Elche,0,0,1,51,49,9,5,4,2,2,3,3,0,0,0,6,2,3,3,8,3,1,0,1,0,19,4,15,12,3,4,0,0,5,4,15,10,7,7,0,3,9,13,1,4,53,47,36.0,29.0,17.0,18.0,9.0,5.0,370,362,270.0,261.0,165,175,105,86,19.0,30.0,4.0,1.0,0.57,0.19,0.24,0.16,0.33,0.04,0.57,0.19,0.67,0.11,1,0,4,1,1,1,1,2,2,1,0.2409,0.0,0.2136,0.0727,0.017,0.0225,0.0719,0.064,0.0278,0.0354,4,4,0,0,4,0,1,1,0,0,0.2426,0.1592,0.0,0.0,0.0877,0.0,0.2409,0.0354,0.0,0.0,9,5,15.24,23.5
3629297,2022-01-18,esp,2021/2022,LaLiga,21,José María Sánchez Martínez,8603,Real Betis,9866,Deportivo Alaves,1,4,0,61,39,18,9,5,2,8,3,5,4,0,0,15,2,3,7,8,3,4,0,2,0,36,11,14,14,2,0,0,0,3,5,8,3,15,7,4,4,24,20,2,1,49,52,30.0,25.0,19.0,27.0,9.0,8.0,507,316,403.0,199.0,225,86,178,113,25.0,26.0,5.0,5.0,2.41,0.34,2.21,0.29,0.2,0.05,2.41,0.34,2.1,0.21,0,0,13,1,2,1,1,6,2,1,0.0,0.0,2.2261,0.0697,0.0706,0.0597,0.072,0.1908,0.0398,0.0213,13,6,1,0,3,1,1,2,0,0,1.5975,0.2895,0.6148,0.0,0.15,0.0095,0.0462,0.0424,0.0,0.0,18,9,15.47,23.47
3629297,2022-01-18,esp,2021/2022,LaLiga,21,José María Sánchez Martínez,9866,Deportivo Alaves,8603,Real Betis,0,0,4,39,61,9,18,2,5,3,8,4,5,0,0,2,15,7,3,3,8,0,4,0,2,11,36,14,14,0,2,0,0,5,3,3,8,7,15,4,4,20,24,1,2,52,49,25.0,30.0,27.0,19.0,8.0,9.0,316,507,199.0,403.0,86,225,113,178,26.0,25.0,5.0,5.0,0.34,2.41,0.29,2.21,0.05,0.2,0.34,2.41,0.21,2.1,0,0,1,13,1,2,6,1,1,2,0.0,0.0,0.0697,2.2261,0.0597,0.0706,0.1908,0.072,0.0213,0.0398,6,13,0,1,1,3,2,1,0,0,0.2895,1.5975,0.0,0.6148,0.0095,0.15,0.0424,0.0462,0.0,0.0,9,18,23.47,15.47
3629301,2022-01-18,esp,2021/2022,LaLiga,21,Alejandro Muñíz Ruiz,8385,Cadiz,8558,Espanyol,1,2,2,48,52,10,14,4,7,3,5,3,2,0,0,8,8,2,6,3,2,1,3,0,1,15,19,14,9,5,1,0,0,0,2,10,13,6,9,2,3,13,16,5,2,43,51,25.0,37.0,18.0,14.0,6.0,13.0,389,436,307.0,355.0,157,182,150,173,38.0,18.0,6.0,4.0,0.94,1.68,0.69,1.16,0.25,0.53,0.94,1.68,1.75,2.09,0,1,6,6,2,1,2,2,0,4,0.0,0.4625,0.5518,1.0191,0.3403,0.0306,0.0448,0.0968,0.0,0.0755,9,10,0,0,0,1,1,3,0,0,0.6853,1.1559,0.0,0.0,0.0,0.0118,0.2516,0.5168,0.0,0.0,10,14,13.0,18.35
3629301,2022-01-18,esp,2021/2022,LaLiga,21,Alejandro Muñíz Ruiz,8558,Espanyol,8385,Cadiz,0,2,2,52,48,14,10,7,4,5,3,2,3,0,0,8,8,6,2,2,3,3,1,1,0,19,15,9,14,1,5,0,0,2,0,13,10,9,6,3,2,16,13,2,5,51,43,37.0,25.0,14.0,18.0,13.0,6.0,436,389,355.0,307.0,182,157,173,150,18.0,38.0,4.0,6.0,1.68,0.94,1.16,0.69,0.53,0.25,1.68,0.94,2.09,1.75,1,0,6,6,1,2,2,2,4,0,0.4625,0.0,1.0191,0.5518,0.0306,0.3403,0.0968,0.0448,0.0755,0.0,10,9,0,0,1,0,3,1,0,0,1.1559,0.6853,0.0,0.0,0.0118,0.0,0.5168,0.2516,0.0,0.0,14,10,18.35,13.0
3629298,2022-01-19,esp,2021/2022,LaLiga,21,Adrián Cordero Vega,9910,Celta Vigo,8371,Osasuna,1,2,0,47,53,5,9,3,0,2,2,0,7,0,1,4,5,1,4,0,5,2,0,1,0,17,21,14,11,1,2,0,0,0,0,21,10,9,10,7,0,27,18,0,1,66,64,41.0,42.0,25.0,22.0,10.0,18.0,463,498,334.0,385.0,176,144,158,241,31.0,39.0,0.0,5.0,1.19,0.68,1.19,0.56,0.0,0.12,1.19,0.68,1.41,0.0,2,0,2,4,0,1,1,3,0,1,0.9955,0.0,0.1714,0.3235,0.0,0.0324,0.0225,0.1668,0.0,0.0185,5,5,0,1,0,1,0,2,0,0,1.1894,0.3738,0.0,0.0794,0.0,0.024,0.0,0.064,0.0,0.0,5,9,13.25,17.81
3629298,2022-01-19,esp,2021/2022,LaLiga,21,Adrián Cordero Vega,8371,Osasuna,9910,Celta Vigo,0,0,2,53,47,9,5,0,3,2,2,7,0,1,0,5,4,4,1,5,0,0,2,0,1,21,17,11,14,2,1,0,0,0,0,10,21,10,9,0,7,18,27,1,0,64,66,42.0,41.0,22.0,25.0,18.0,10.0,498,463,385.0,334.0,144,176,241,158,39.0,31.0,5.0,0.0,0.68,1.19,0.56,1.19,0.12,0.0,0.68,1.19,0.0,1.41,0,2,4,2,1,0,3,1,1,0,0.0,0.9955,0.3235,0.1714,0.0324,0.0,0.1668,0.0225,0.0185,0.0,5,5,1,0,1,0,2,0,0,0,0.3738,1.1894,0.0794,0.0,0.024,0.0,0.064,0.0,0.0,0.0,9,5,17.81,13.25
3629302,2022-01-19,esp,2021/2022,LaLiga,21,César Soto Grado,10267,Valencia,8302,Sevilla,1,1,1,32,68,10,12,2,3,2,8,6,1,0,1,4,10,6,2,4,4,1,2,0,2,16,18,22,14,1,3,1,0,2,1,15,11,10,7,1,6,12,19,3,1,51,60,35.0,39.0,16.0,21.0,6.0,9.0,246,566,169.0,488.0,56,308,113,180,29.0,45.0,4.0,6.0,0.52,0.88,0.47,0.81,0.05,0.07,0.52,0.88,0.55,0.17,0,0,3,9,1,1,3,1,3,1,0.0,0.0,0.3566,0.6809,0.0353,0.0482,0.0768,0.0545,0.052,0.126,8,7,0,1,0,3,2,1,0,0,0.4743,0.7178,0.0,0.1193,0.0,0.0501,0.0465,0.0223,0.0,0.0,10,12,20.66,14.8
3629302,2022-01-19,esp,2021/2022,LaLiga,21,César Soto Grado,8302,Sevilla,10267,Valencia,0,1,1,68,32,12,10,3,2,8,2,1,6,1,0,10,4,2,6,4,4,2,1,2,0,18,16,14,22,3,1,0,1,1,2,11,15,7,10,6,1,19,12,1,3,60,51,39.0,35.0,21.0,16.0,9.0,6.0,566,246,488.0,169.0,308,56,180,113,45.0,29.0,6.0,4.0,0.88,0.52,0.81,0.47,0.07,0.05,0.88,0.52,0.17,0.55,0,0,9,3,1,1,1,3,1,3,0.0,0.0,0.6809,0.3566,0.0482,0.0353,0.0545,0.0768,0.126,0.052,7,8,1,0,3,0,1,2,0,0,0.7178,0.4743,0.1193,0.0,0.0501,0.0,0.0223,0.0465,0.0,0.0,12,10,14.8,20.66
3629300,2022-01-20,esp,2021/2022,LaLiga,21,Isidro Díaz de Mera Escuderos,8305,Getafe,7878,Granada,1,4,2,50,50,12,7,4,4,6,2,2,1,1,0,6,5,6,2,4,8,2,1,0,1,21,16,15,10,3,4,0,0,1,1,18,10,10,10,1,2,11,14,2,0,61,40,32.0,29.0,29.0,11.0,4.0,4.0,397,396,294.0,289.0,137,175,157,114,31.0,31.0,5.0,4.0,0.89,0.75,0.55,0.7,0.34,0.05,0.89,0.75,1.79,0.83,1,0,4,2,1,3,4,2,2,0,0.2005,0.0,0.5036,0.2213,0.034,0.437,0.116,0.0915,0.0361,0.0,8,5,0,0,2,2,2,0,0,0,0.5536,0.6985,0.0,0.0,0.2414,0.0513,0.0952,0.0,0.0,0.0,12,7,18.88,16.7
3629300,2022-01-20,esp,2021/2022,LaLiga,21,Isidro Díaz de Mera Escuderos,7878,Granada,8305,Getafe,0,2,4,50,50,7,12,4,4,2,6,1,2,0,1,5,6,2,6,8,4,1,2,1,0,16,21,10,15,4,3,0,0,1,1,10,18,10,10,2,1,14,11,0,2,40,61,29.0,32.0,11.0,29.0,4.0,4.0,396,397,289.0,294.0,175,137,114,157,31.0,31.0,4.0,5.0,0.75,0.89,0.7,0.55,0.05,0.34,0.75,0.89,0.83,1.79,0,1,2,4,3,1,2,4,0,2,0.0,0.2005,0.2213,0.5036,0.437,0.034,0.0915,0.116,0.0,0.0361,5,8,0,0,2,2,0,2,0,0,0.6985,0.5536,0.0,0.0,0.0513,0.2414,0.0,0.0952,0.0,0.0,7,12,16.7,18.88
3629307,2022-01-21,esp,2021/2022,LaLiga,22,Javier Alberola Rojas,8558,Espanyol,8603,Real Betis,1,1,4,38,62,12,15,4,8,3,3,5,4,0,0,11,12,1,3,6,5,2,5,1,1,27,33,15,12,1,4,1,0,3,1,14,13,6,11,4,5,20,14,4,3,41,47,31.0,41.0,10.0,6.0,6.0,14.0,349,597,297.0,530.0,164,209,133,321,23.0,30.0,7.0,2.0,1.43,2.79,1.22,1.77,0.21,0.23,1.43,2.01,1.1,3.54,1,0,8,8,2,4,1,1,0,2,0.1997,0.0,1.1474,2.1089,0.0642,0.242,0.0186,0.0172,0.0,0.0509,8,11,0,0,4,2,0,1,0,1,1.2172,1.4153,0.0,0.0,0.2127,0.1928,0.0,0.0225,0.0,0.7884,12,15,11.85,16.07
3629307,2022-01-21,esp,2021/2022,LaLiga,22,Javier Alberola Rojas,8603,Real Betis,8558,Espanyol,0,4,1,62,38,15,12,8,4,3,3,4,5,0,0,12,11,3,1,5,6,5,2,1,1,33,27,12,15,4,1,0,1,1,3,13,14,11,6,5,4,14,20,3,4,47,41,41.0,31.0,6.0,10.0,14.0,6.0,597,349,530.0,297.0,209,164,321,133,30.0,23.0,2.0,7.0,2.79,1.43,1.77,1.22,0.23,0.21,2.01,1.43,3.54,1.1,0,1,8,8,4,2,1,1,2,0,0.0,0.1997,2.1089,1.1474,0.242,0.0642,0.0172,0.0186,0.0509,0.0,11,8,0,0,2,4,1,0,1,0,1.4153,1.2172,0.0,0.0,0.1928,0.2127,0.0225,0.0,0.7884,0.0,15,12,16.07,11.85
3629305,2022-01-22,esp,2021/2022,LaLiga,22,Isidro Díaz de Mera Escuderos,9906,Atletico Madrid,10267,Valencia,1,3,2,65,35,16,7,6,3,9,3,1,1,0,0,14,4,2,3,5,4,4,1,1,0,31,14,13,22,6,6,0,0,4,0,10,16,9,8,1,1,19,17,1,3,68,57,44.0,43.0,24.0,14.0,13.0,14.0,453,246,367.0,147.0,164,81,203,66,36.0,28.0,10.0,2.0,2.48,0.71,1.82,0.71,0.65,0.0,2.48,0.71,2.84,1.41,4,0,6,3,4,1,1,2,1,1,1.5633,0.0,0.7218,0.6161,0.1559,0.0301,0.0684,0.0369,0.0145,0.0317,11,6,0,1,2,0,3,0,0,0,1.6544,0.6135,0.0,0.1013,0.7367,0.0,0.133,0.0,0.0,0.0,16,7,12.47,20.45
3629305,2022-01-22,esp,2021/2022,LaLiga,22,Isidro Díaz de Mera Escuderos,10267,Valencia,9906,Atletico Madrid,0,2,3,35,65,7,16,3,6,3,9,1,1,0,0,4,14,3,2,4,5,1,4,0,1,14,31,22,13,6,6,0,0,0,4,16,10,8,9,1,1,17,19,3,1,57,68,43.0,44.0,14.0,24.0,14.0,13.0,246,453,147.0,367.0,81,164,66,203,28.0,36.0,2.0,10.0,0.71,2.48,0.71,1.82,0.0,0.65,0.71,2.48,1.41,2.84,0,4,3,6,1,4,2,1,1,1,0.0,1.5633,0.6161,0.7218,0.0301,0.1559,0.0369,0.0684,0.0317,0.0145,6,11,1,0,0,2,0,3,0,0,0.6135,1.6544,0.1013,0.0,0.0,0.7367,0.0,0.133,0.0,0.0,7,16,20.45,12.47
3629308,2022-01-22,esp,2021/2022,LaLiga,22,César Soto Grado,8581,Levante,8385,Cadiz,1,0,2,66,34,15,8,8,2,5,4,2,2,0,0,11,4,4,4,8,2,1,1,1,0,27,8,15,16,4,6,0,0,5,1,9,18,7,6,2,2,4,29,0,8,48,50,39.0,37.0,9.0,13.0,14.0,4.0,514,276,428.0,189.0,185,114,243,75,28.0,23.0,9.0,2.0,1.02,0.75,0.6,0.71,0.42,0.04,1.02,0.75,0.85,1.47,2,1,6,3,3,0,3,2,1,2,0.3696,0.351,0.4863,0.3176,0.0706,0.0,0.0756,0.0388,0.0203,0.0404,8,6,0,0,4,1,3,1,0,0,0.6024,0.7089,0.0,0.0,0.269,0.0058,0.1511,0.0331,0.0,0.0,15,8,16.09,25.13
3629308,2022-01-22,esp,2021/2022,LaLiga,22,César Soto Grado,8385,Cadiz,8581,Levante,0,2,0,34,66,8,15,2,8,4,5,2,2,0,0,4,11,4,4,2,8,1,1,0,1,8,27,16,15,6,4,0,0,1,5,18,9,6,7,2,2,29,4,8,0,50,48,37.0,39.0,13.0,9.0,4.0,14.0,276,514,189.0,428.0,114,185,75,243,23.0,28.0,2.0,9.0,0.75,1.02,0.71,0.6,0.04,0.42,0.75,1.02,1.47,0.85,1,2,3,6,0,3,2,3,2,1,0.351,0.3696,0.3176,0.4863,0.0,0.0706,0.0388,0.0756,0.0404,0.0203,6,8,0,0,1,4,1,3,0,0,0.7089,0.6024,0.0,0.0,0.0058,0.269,0.0331,0.1511,0.0,0.0,8,15,25.13,16.09
3629311,2022-01-22,esp,2021/2022,LaLiga,22,José María Sánchez Martínez,8302,Sevilla,9910,Celta Vigo,1,2,2,65,35,16,6,5,4,9,1,2,1,1,0,9,5,7,1,7,0,1,0,1,0,23,10,11,16,1,4,0,0,0,1,9,20,8,8,1,3,5,36,2,2,50,64,37.0,42.0,13.0,22.0,12.0,11.0,560,308,470.0,211.0,288,114,182,97,33.0,18.0,5.0,1.0,1.08,0.7,0.71,0.68,0.37,0.02,1.08,0.7,0.89,0.66,0,0,8,4,1,1,3,1,4,0,0.0,0.0,0.874,0.5702,0.066,0.0622,0.0878,0.0926,0.0971,0.0,10,5,0,0,4,0,2,1,0,0,0.7583,0.7035,0.0,0.0,0.256,0.0,0.1105,0.0214,0.0,0.0,16,6,16.71,12.87
3629311,2022-01-22,esp,2021/2022,LaLiga,22,José María Sánchez Martínez,9910,Celta Vigo,8302,Sevilla,0,2,2,35,65,6,16,4,5,1,9,1,2,0,1,5,9,1,7,0,7,0,1,0,1,10,23,16,11,4,1,0,0,1,0,20,9,8,8,3,1,36,5,2,2,64,50,42.0,37.0,22.0,13.0,11.0,12.0,308,560,211.0,470.0,114,288,97,182,18.0,33.0,1.0,5.0,0.7,1.08,0.68,0.71,0.02,0.37,0.7,1.08,0.66,0.89,0,0,4,8,1,1,1,3,0,4,0.0,0.0,0.5702,0.874,0.0622,0.066,0.0926,0.0878,0.0,0.0971,5,10,0,0,0,4,1,2,0,0,0.7035,0.7583,0.0,0.0,0.0,0.256,0.0214,0.1105,0.0,0.0,6,16,12.87,16.71
3629313,2022-01-22,esp,2021/2022,LaLiga,22,Miguel Ángel Ortiz Arias,10205,Villarreal,8661,Mallorca,1,3,0,56,44,12,8,6,2,4,3,2,3,0,2,8,7,4,1,10,6,3,3,1,3,26,12,13,12,1,0,0,1,3,3,14,18,9,13,3,2,11,28,2,4,54,63,34.0,47.0,20.0,16.0,9.0,17.0,485,378,387.0,295.0,189,173,198,122,21.0,22.0,4.0,2.0,1.88,1.24,0.91,1.24,0.18,0.0,1.09,1.24,1.55,0.73,0,2,8,2,0,3,3,1,1,0,0.0,0.793,1.7901,0.3816,0.0,0.0769,0.0708,0.0212,0.0223,0.0,9,8,0,0,1,0,1,0,1,0,0.9109,1.2727,0.0,0.0,0.1429,0.0,0.0411,0.0,0.7884,0.0,12,8,17.14,14.57
3629313,2022-01-22,esp,2021/2022,LaLiga,22,Miguel Ángel Ortiz Arias,8661,Mallorca,10205,Villarreal,0,0,3,44,56,8,12,2,6,3,4,3,2,2,0,7,8,1,4,6,10,3,3,3,1,12,26,12,13,0,1,1,0,3,3,18,14,13,9,2,3,28,11,4,2,63,54,47.0,34.0,16.0,20.0,17.0,9.0,378,485,295.0,387.0,173,189,122,198,22.0,21.0,2.0,4.0,1.24,1.88,1.24,0.91,0.0,0.18,1.24,1.09,0.73,1.55,2,0,2,8,3,0,1,3,0,1,0.793,0.0,0.3816,1.7901,0.0769,0.0,0.0212,0.0708,0.0,0.0223,8,9,0,0,0,1,0,1,0,1,1.2727,0.9109,0.0,0.0,0.0,0.1429,0.0,0.0411,0.0,0.7884,8,12,14.57,17.14
3629304,2022-01-23,esp,2021/2022,LaLiga,22,Jorge Figueroa Vázquez,9866,Deportivo Alaves,8634,Barcelona,1,0,1,24,76,6,10,2,4,3,3,1,3,0,0,4,9,2,1,1,10,1,2,1,1,10,23,16,8,0,0,0,0,3,3,16,14,11,4,3,1,24,12,3,2,44,55,22.0,39.0,22.0,16.0,0.0,11.0,218,691,135.0,597.0,55,328,80,269,20.0,57.0,2.0,8.0,0.62,1.47,0.49,0.69,0.14,0.78,0.62,1.47,0.26,1.49,1,1,2,7,1,1,0,0,2,1,0.1997,0.0481,0.2256,1.3728,0.1787,0.0187,0.0,0.0,0.0163,0.0298,4,2,1,1,1,5,0,2,0,0,0.3066,0.6553,0.1787,0.0298,0.135,0.1463,0.0,0.638,0.0,0.0,6,10,15.81,12.01
3629304,2022-01-23,esp,2021/2022,LaLiga,22,Jorge Figueroa Vázquez,8634,Barcelona,9866,Deportivo Alaves,0,1,0,76,24,10,6,4,2,3,3,3,1,0,0,9,4,1,2,10,1,2,1,1,1,23,10,8,16,0,0,0,0,3,3,14,16,4,11,1,3,12,24,2,3,55,44,39.0,22.0,16.0,22.0,11.0,0.0,691,218,597.0,135.0,328,55,269,80,57.0,20.0,8.0,2.0,1.47,0.62,0.69,0.49,0.78,0.14,1.47,0.62,1.49,0.26,1,1,7,2,1,1,0,0,1,2,0.0481,0.1997,1.3728,0.2256,0.0187,0.1787,0.0,0.0,0.0298,0.0163,2,4,1,1,5,1,2,0,0,0,0.6553,0.3066,0.0298,0.1787,0.1463,0.135,0.638,0.0,0.0,0.0,10,6,12.01,15.81
3629306,2022-01-23,esp,2021/2022,LaLiga,22,Santiago Jaime Latre,7878,Granada,8371,Osasuna,1,0,2,55,45,6,16,2,7,2,9,2,0,0,0,4,12,2,4,4,3,1,4,1,3,12,24,12,15,0,2,0,0,1,4,13,15,8,7,0,2,24,32,5,2,55,61,32.0,35.0,23.0,26.0,4.0,8.0,372,302,252.0,205.0,130,69,122,136,24.0,21.0,1.0,4.0,0.71,2.07,0.71,1.94,0.0,0.12,0.71,2.07,0.26,2.08,0,2,4,7,0,3,2,3,0,1,0.0,0.9239,0.6523,0.9414,0.0,0.0854,0.0563,0.1074,0.0,0.0079,6,12,0,0,0,3,0,1,0,0,0.7087,1.9425,0.0,0.0,0.0,0.1142,0.0,0.0094,0.0,0.0,6,16,15.7,15.94
3629306,2022-01-23,esp,2021/2022,LaLiga,22,Santiago Jaime Latre,8371,Osasuna,7878,Granada,0,2,0,45,55,16,6,7,2,9,2,0,2,0,0,12,4,4,2,3,4,4,1,3,1,24,12,15,12,2,0,0,0,4,1,15,13,7,8,2,0,32,24,2,5,61,55,35.0,32.0,26.0,23.0,8.0,4.0,302,372,205.0,252.0,69,130,136,122,21.0,24.0,4.0,1.0,2.07,0.71,1.94,0.71,0.12,0.0,2.07,0.71,2.08,0.26,2,0,7,4,3,0,3,2,1,0,0.9239,0.0,0.9414,0.6523,0.0854,0.0,0.1074,0.0563,0.0079,0.0,12,6,0,0,3,0,1,0,0,0,1.9425,0.7087,0.0,0.0,0.1142,0.0,0.0094,0.0,0.0,0.0,16,6,15.94,15.7
3629309,2022-01-23,esp,2021/2022,LaLiga,22,Ricardo De Burgos Bengoetxea,8633,Real Madrid,10268,Elche,1,2,2,65,35,23,3,8,2,8,1,7,0,2,0,15,2,8,1,10,3,8,2,6,0,60,5,11,14,3,1,0,0,1,0,16,25,5,12,0,7,2,32,0,6,60,48,44.0,42.0,16.0,6.0,16.0,8.0,617,344,541.0,271.0,242,158,299,113,37.0,25.0,8.0,2.0,3.45,0.64,1.61,0.64,0.26,0.0,1.87,0.64,3.66,1.34,1,0,14,2,0,0,5,1,3,0,0.3511,0.0,2.7858,0.6168,0.0,0.0,0.2002,0.0187,0.1139,0.0,16,3,0,0,4,0,1,0,2,0,1.6097,0.6355,0.0,0.0,0.2297,0.0,0.0348,0.0,1.5768,0.0,23,3,15.17,16.94
3629309,2022-01-23,esp,2021/2022,LaLiga,22,Ricardo De Burgos Bengoetxea,10268,Elche,8633,Real Madrid,0,2,2,35,65,3,23,2,8,1,8,0,7,0,2,2,15,1,8,3,10,2,8,0,6,5,60,14,11,1,3,0,0,0,1,25,16,12,5,7,0,32,2,6,0,48,60,42.0,44.0,6.0,16.0,8.0,16.0,344,617,271.0,541.0,158,242,113,299,25.0,37.0,2.0,8.0,0.64,3.45,0.64,1.61,0.0,0.26,0.64,1.87,1.34,3.66,0,1,2,14,0,0,1,5,0,3,0.0,0.3511,0.6168,2.7858,0.0,0.0,0.0187,0.2002,0.0,0.1139,3,16,0,0,0,4,0,1,0,2,0.6355,1.6097,0.0,0.0,0.0,0.2297,0.0,0.0348,0.0,1.5768,3,23,16.94,15.17
3629310,2022-01-23,esp,2021/2022,LaLiga,22,José Luis Munuera Montero,8560,Real Sociedad,8305,Getafe,1,0,0,70,30,9,9,3,2,4,3,2,4,2,0,6,3,3,6,7,2,2,0,2,0,26,12,17,13,1,1,0,0,3,0,14,20,10,15,4,2,13,15,2,3,56,68,35.0,44.0,21.0,24.0,9.0,10.0,637,273,526.0,166.0,310,83,216,83,19.0,21.0,9.0,1.0,0.76,0.28,0.43,0.12,0.33,0.16,0.76,0.28,0.92,0.32,1,0,5,2,0,1,2,3,1,3,0.295,0.0,0.3461,0.1075,0.0,0.0337,0.0977,0.0577,0.0285,0.0822,4,5,0,0,5,2,0,2,0,0,0.4307,0.1524,0.0,0.0,0.3366,0.0833,0.0,0.0454,0.0,0.0,9,9,15.74,21.63
3629310,2022-01-23,esp,2021/2022,LaLiga,22,José Luis Munuera Montero,8305,Getafe,8560,Real Sociedad,0,0,0,30,70,9,9,2,3,3,4,4,2,0,2,3,6,6,3,2,7,0,2,0,2,12,26,13,17,1,1,0,0,0,3,20,14,15,10,2,4,15,13,3,2,68,56,44.0,35.0,24.0,21.0,10.0,9.0,273,637,166.0,526.0,83,310,83,216,21.0,19.0,1.0,9.0,0.28,0.76,0.12,0.43,0.16,0.33,0.28,0.76,0.32,0.92,0,1,2,5,1,0,3,2,3,1,0.0,0.295,0.1075,0.3461,0.0337,0.0,0.0577,0.0977,0.0822,0.0285,5,4,0,0,2,5,2,0,0,0,0.1524,0.4307,0.0,0.0,0.0833,0.3366,0.0454,0.0,0.0,0.0,9,9,21.63,15.74
3629312,2022-01-23,esp,2021/2022,LaLiga,22,Adrián Cordero Vega,8370,Rayo Vallecano,8315,Athletic Club,1,0,1,67,33,29,9,3,3,15,6,11,0,0,0,16,6,13,3,9,7,0,0,0,0,36,13,8,20,1,6,0,0,2,2,15,16,4,17,0,10,14,46,2,3,72,51,48.0,30.0,24.0,21.0,14.0,6.0,524,254,417.0,162.0,188,64,229,98,50.0,27.0,9.0,4.0,2.14,0.66,1.27,0.62,0.87,0.05,2.14,0.66,0.36,0.5,3,1,10,2,3,3,7,1,6,2,0.8914,0.0252,0.7779,0.2001,0.1291,0.1361,0.2041,0.0083,0.1423,0.0744,15,5,0,2,7,2,7,0,0,0,1.2732,0.3418,0.0,0.0688,0.3418,0.0334,0.5297,0.0,0.0,0.0,29,9,17.28,18.72
3629312,2022-01-23,esp,2021/2022,LaLiga,22,Adrián Cordero Vega,8315,Athletic Club,8370,Rayo Vallecano,0,1,0,33,67,9,29,3,3,6,15,0,11,0,0,6,16,3,13,7,9,0,0,0,0,13,36,20,8,6,1,0,0,2,2,16,15,17,4,10,0,46,14,3,2,51,72,30.0,48.0,21.0,24.0,6.0,14.0,254,524,162.0,417.0,64,188,98,229,27.0,50.0,4.0,9.0,0.66,2.14,0.62,1.27,0.05,0.87,0.66,2.14,0.5,0.36,1,3,2,10,3,3,1,7,2,6,0.0252,0.8914,0.2001,0.7779,0.1361,0.1291,0.0083,0.2041,0.0744,0.1423,5,15,2,0,2,7,0,7,0,0,0.3418,1.2732,0.0688,0.0,0.0334,0.3418,0.0,0.5297,0.0,0.0,9,29,18.72,17.28
3629319,2022-02-04,esp,2021/2022,LaLiga,23,Alejandro Muñíz Ruiz,8305,Getafe,8581,Levante,1,3,0,41,59,14,11,8,2,4,6,2,3,1,1,6,10,8,1,2,8,1,0,1,0,17,27,12,13,4,3,0,0,1,2,13,10,10,7,3,2,24,12,2,5,50,51,34.0,29.0,16.0,22.0,10.0,7.0,387,540,294.0,426.0,135,266,159,160,35.0,21.0,3.0,8.0,1.07,0.5,0.87,0.2,0.2,0.3,1.07,0.5,1.69,0.17,0,0,4,8,2,2,6,1,2,0,0.0,0.0,0.3212,0.4449,0.0932,0.0286,0.3566,0.0285,0.0776,0.0,10,4,1,0,2,7,1,0,0,0,0.6018,0.2023,0.0633,0.0,0.0637,0.2998,0.1198,0.0,0.0,0.0,14,11,18.27,13.28
3629319,2022-02-04,esp,2021/2022,LaLiga,23,Alejandro Muñíz Ruiz,8581,Levante,8305,Getafe,0,0,3,59,41,11,14,2,8,6,4,3,2,1,1,10,6,1,8,8,2,0,1,0,1,27,17,13,12,3,4,0,0,2,1,10,13,7,10,2,3,12,24,5,2,51,50,29.0,34.0,22.0,16.0,7.0,10.0,540,387,426.0,294.0,266,135,160,159,21.0,35.0,8.0,3.0,0.5,1.07,0.2,0.87,0.3,0.2,0.5,1.07,0.17,1.69,0,0,8,4,2,2,1,6,0,2,0.0,0.0,0.4449,0.3212,0.0286,0.0932,0.0285,0.3566,0.0,0.0776,4,10,0,1,7,2,0,1,0,0,0.2023,0.6018,0.0,0.0633,0.2998,0.0637,0.0,0.1198,0.0,0.0,11,14,13.28,18.27
3629317,2022-02-05,esp,2021/2022,LaLiga,23,José Luis Munuera Montero,9910,Celta Vigo,8370,Rayo Vallecano,1,2,0,52,48,13,11,3,0,4,8,6,3,0,1,6,7,7,4,7,2,0,0,0,0,16,21,17,17,0,2,0,0,0,0,26,17,11,17,3,6,12,20,0,1,69,64,53.0,42.0,16.0,22.0,11.0,8.0,450,426,349.0,329.0,170,156,179,173,28.0,40.0,3.0,5.0,0.73,0.78,0.47,0.62,0.25,0.15,0.73,0.78,0.67,0.0,1,1,4,5,1,1,4,2,3,2,0.0488,0.1174,0.3678,0.5019,0.0669,0.0307,0.1593,0.0794,0.0851,0.0494,9,7,0,0,3,1,1,3,0,0,0.4741,0.6246,0.0,0.0,0.2161,0.0131,0.0377,0.1411,0.0,0.0,13,11,18.61,16.32
3629317,2022-02-05,esp,2021/2022,LaLiga,23,José Luis Munuera Montero,8370,Rayo Vallecano,9910,Celta Vigo,0,0,2,48,52,11,13,0,3,8,4,3,6,1,0,7,6,4,7,2,7,0,0,0,0,21,16,17,17,2,0,0,0,0,0,17,26,17,11,6,3,20,12,1,0,64,69,42.0,53.0,22.0,16.0,8.0,11.0,426,450,329.0,349.0,156,170,173,179,40.0,28.0,5.0,3.0,0.78,0.73,0.62,0.47,0.15,0.25,0.78,0.73,0.0,0.67,1,1,5,4,1,1,2,4,2,3,0.1174,0.0488,0.5019,0.3678,0.0307,0.0669,0.0794,0.1593,0.0494,0.0851,7,9,0,0,1,3,3,1,0,0,0.6246,0.4741,0.0,0.0,0.0131,0.2161,0.1411,0.0377,0.0,0.0,11,13,16.32,18.61
3629318,2022-02-05,esp,2021/2022,LaLiga,23,Carlos del Cerro Grande,8661,Mallorca,8385,Cadiz,1,2,1,46,54,17,12,5,5,8,3,4,4,2,1,14,9,3,3,6,4,2,1,0,1,36,30,14,15,2,4,0,0,0,1,16,23,11,12,4,4,25,24,4,3,61,52,39.0,39.0,22.0,13.0,9.0,3.0,348,411,268.0,339.0,114,178,154,161,11.0,32.0,8.0,7.0,2.34,0.8,0.62,0.75,0.14,0.05,0.76,0.8,2.56,1.93,0,1,9,6,5,2,3,2,0,1,0.0,0.1727,2.0753,0.4957,0.1385,0.0562,0.1259,0.0745,0.0,0.0267,10,11,2,0,2,1,1,0,2,0,0.4078,0.775,0.217,0.0,0.0503,0.0508,0.0878,0.0,1.5768,0.0,17,12,15.96,15.33
3629318,2022-02-05,esp,2021/2022,LaLiga,23,Carlos del Cerro Grande,8385,Cadiz,8661,Mallorca,0,1,2,54,46,12,17,5,5,3,8,4,4,1,2,9,14,3,3,4,6,1,2,1,0,30,36,15,14,4,2,0,0,1,0,23,16,12,11,4,4,24,25,3,4,52,61,39.0,39.0,13.0,22.0,3.0,9.0,411,348,339.0,268.0,178,114,161,154,32.0,11.0,7.0,8.0,0.8,2.34,0.75,0.62,0.05,0.14,0.8,0.76,1.93,2.56,1,0,6,9,2,5,2,3,1,0,0.1727,0.0,0.4957,2.0753,0.0562,0.1385,0.0745,0.1259,0.0267,0.0,11,10,0,2,1,2,0,1,0,2,0.775,0.4078,0.0,0.217,0.0508,0.0503,0.0,0.0878,0.0,1.5768,12,17,15.33,15.96
3629320,2022-02-05,esp,2021/2022,LaLiga,23,Valentín Pizarro Gómez,8371,Osasuna,8302,Sevilla,1,0,0,26,74,9,9,3,4,5,3,1,2,0,0,5,6,4,3,1,1,0,2,0,2,12,25,13,7,1,1,0,0,0,1,21,16,13,9,2,1,31,13,4,3,55,57,32.0,44.0,23.0,13.0,4.0,15.0,267,748,184.0,654.0,61,416,123,238,21.0,32.0,4.0,5.0,0.38,1.34,0.25,0.49,0.13,0.06,0.38,0.55,0.32,1.35,0,0,5,5,0,1,0,2,4,1,0.0,0.0,0.2872,1.2678,0.0,0.0508,0.0,0.0281,0.0951,0.0151,5,6,0,0,0,0,4,2,0,1,0.2544,0.4862,0.0,0.0,0.0,0.0,0.1279,0.0872,0.0,0.7884,9,9,19.65,17.01
3629320,2022-02-05,esp,2021/2022,LaLiga,23,Valentín Pizarro Gómez,8302,Sevilla,8371,Osasuna,0,0,0,74,26,9,9,4,3,3,5,2,1,0,0,6,5,3,4,1,1,2,0,2,0,25,12,7,13,1,1,0,0,1,0,16,21,9,13,1,2,13,31,3,4,57,55,44.0,32.0,13.0,23.0,15.0,4.0,748,267,654.0,184.0,416,61,238,123,32.0,21.0,5.0,4.0,1.34,0.38,0.49,0.25,0.06,0.13,0.55,0.38,1.35,0.32,0,0,5,5,1,0,2,0,1,4,0.0,0.0,1.2678,0.2872,0.0508,0.0,0.0281,0.0,0.0151,0.0951,6,5,0,0,0,0,2,4,1,0,0.4862,0.2544,0.0,0.0,0.0,0.0,0.0872,0.1279,0.7884,0.0,9,9,17.01,19.65
3629323,2022-02-05,esp,2021/2022,LaLiga,23,Mario Melero López,10268,Elche,9866,Deportivo Alaves,1,3,1,60,40,14,6,4,2,7,3,3,1,0,0,12,4,2,2,7,3,3,2,2,1,24,9,15,11,1,1,0,0,3,2,18,17,4,8,1,3,19,25,1,1,61,57,34.0,38.0,27.0,19.0,7.0,7.0,375,252,277.0,156.0,156,79,121,77,25.0,27.0,7.0,4.0,0.92,0.87,0.86,0.87,0.07,0.0,0.92,0.87,1.35,0.85,2,1,7,2,3,1,1,1,1,1,0.2436,0.5174,0.4335,0.2847,0.129,0.0159,0.0946,0.0384,0.0215,0.0161,11,6,1,0,2,0,0,0,0,0,0.78,0.8726,0.075,0.0,0.0671,0.0,0.0,0.0,0.0,0.0,14,6,14.33,16.61
3629323,2022-02-05,esp,2021/2022,LaLiga,23,Mario Melero López,9866,Deportivo Alaves,10268,Elche,0,1,3,40,60,6,14,2,4,3,7,1,3,0,0,4,12,2,2,3,7,2,3,1,2,9,24,11,15,1,1,0,0,2,3,17,18,8,4,3,1,25,19,1,1,57,61,38.0,34.0,19.0,27.0,7.0,7.0,252,375,156.0,277.0,79,156,77,121,27.0,25.0,4.0,7.0,0.87,0.92,0.87,0.86,0.0,0.07,0.87,0.92,0.85,1.35,1,2,2,7,1,3,1,1,1,1,0.5174,0.2436,0.2847,0.4335,0.0159,0.129,0.0384,0.0946,0.0161,0.0215,6,11,0,1,0,2,0,0,0,0,0.8726,0.78,0.0,0.075,0.0,0.0671,0.0,0.0,0.0,0.0,6,14,16.61,14.33
3629315,2022-02-06,esp,2021/2022,LaLiga,23,Jesús Gil Manzano,8634,Barcelona,9906,Atletico Madrid,1,4,2,57,43,9,10,4,4,4,5,1,1,1,0,7,7,2,3,3,5,1,3,0,2,16,15,15,13,2,2,1,0,1,3,11,16,11,12,1,1,14,15,2,0,46,47,29.0,38.0,17.0,9.0,5.0,9.0,547,400,478.0,325.0,169,166,309,159,41.0,17.0,1.0,5.0,0.95,1.36,0.68,0.5,0.27,0.86,0.95,1.36,1.25,1.4,0,1,6,5,1,1,1,2,1,1,0.0,0.6244,0.8265,0.5408,0.0404,0.0379,0.0787,0.1365,0.0126,0.0185,7,4,0,1,0,5,2,0,0,0,0.682,0.465,0.0,0.0379,0.0,0.8552,0.2763,0.0,0.0,0.0,9,10,14.88,14.28
3629315,2022-02-06,esp,2021/2022,LaLiga,23,Jesús Gil Manzano,9906,Atletico Madrid,8634,Barcelona,0,2,4,43,57,10,9,4,4,5,4,1,1,0,1,7,7,3,2,5,3,3,1,2,0,15,16,13,15,2,2,0,1,3,1,16,11,12,11,1,1,15,14,0,2,47,46,38.0,29.0,9.0,17.0,9.0,5.0,400,547,325.0,478.0,166,169,159,309,17.0,41.0,5.0,1.0,1.36,0.95,0.5,0.68,0.86,0.27,1.36,0.95,1.4,1.25,1,0,5,6,1,1,2,1,1,1,0.6244,0.0,0.5408,0.8265,0.0379,0.0404,0.1365,0.0787,0.0185,0.0126,4,7,1,0,5,0,0,2,0,0,0.465,0.682,0.0379,0.0,0.8552,0.0,0.0,0.2763,0.0,0.0,10,9,14.28,14.88
3629316,2022-02-06,esp,2021/2022,LaLiga,23,Pablo González Fuertes,8603,Real Betis,10205,Villarreal,1,0,2,60,40,9,9,3,3,3,4,3,2,0,0,4,6,5,3,6,6,1,2,1,1,18,18,19,14,2,3,0,0,2,1,19,17,11,12,2,3,4,17,1,3,58,55,43.0,41.0,15.0,14.0,10.0,7.0,532,341,451.0,265.0,236,139,215,126,28.0,17.0,4.0,6.0,0.61,0.97,0.23,0.83,0.38,0.14,0.61,0.97,0.72,1.3,1,0,1,5,2,1,3,1,2,2,0.26,0.0,0.0438,0.8362,0.0849,0.0337,0.1864,0.0445,0.0389,0.0544,5,6,0,1,3,2,1,0,0,0,0.2318,0.4677,0.0,0.3575,0.3248,0.1436,0.0574,0.0,0.0,0.0,9,9,20.72,15.29
3629316,2022-02-06,esp,2021/2022,LaLiga,23,Pablo González Fuertes,10205,Villarreal,8603,Real Betis,0,2,0,40,60,9,9,3,3,4,3,2,3,0,0,6,4,3,5,6,6,2,1,1,1,18,18,14,19,3,2,0,0,1,2,17,19,12,11,3,2,17,4,3,1,55,58,41.0,43.0,14.0,15.0,7.0,10.0,341,532,265.0,451.0,139,236,126,215,17.0,28.0,6.0,4.0,0.97,0.61,0.83,0.23,0.14,0.38,0.97,0.61,1.3,0.72,0,1,5,1,1,2,1,3,2,2,0.0,0.26,0.8362,0.0438,0.0337,0.0849,0.0445,0.1864,0.0544,0.0389,6,5,1,0,2,3,0,1,0,0,0.4677,0.2318,0.3575,0.0,0.1436,0.3248,0.0,0.0574,0.0,0.0,9,9,15.29,20.72
3629321,2022-02-06,esp,2021/2022,LaLiga,23,Antonio Miguel Mateu Lahoz,8633,Real Madrid,7878,Granada,1,1,0,66,34,24,7,11,3,6,3,7,1,0,0,15,4,9,3,9,2,0,0,0,0,41,7,9,11,2,1,0,0,2,1,15,17,5,12,1,7,7,23,3,10,48,43,40.0,28.0,8.0,15.0,14.0,4.0,615,316,548.0,247.0,232,148,316,99,31.0,27.0,4.0,2.0,2.13,0.57,1.89,0.52,0.25,0.05,2.13,0.57,2.46,0.24,1,0,9,4,5,0,4,2,5,1,0.6791,0.0,1.0596,0.4942,0.1875,0.0,0.0864,0.0457,0.1216,0.028,17,3,1,2,5,0,1,2,0,0,1.7283,0.1646,0.1606,0.3532,0.189,0.0,0.0562,0.0501,0.0,0.0,24,7,18.41,20.35
3629321,2022-02-06,esp,2021/2022,LaLiga,23,Antonio Miguel Mateu Lahoz,7878,Granada,8633,Real Madrid,0,0,1,34,66,7,24,3,11,3,6,1,7,0,0,4,15,3,9,2,9,0,0,0,0,7,41,11,9,1,2,0,0,1,2,17,15,12,5,7,1,23,7,10,3,43,48,28.0,40.0,15.0,8.0,4.0,14.0,316,615,247.0,548.0,148,232,99,316,27.0,31.0,2.0,4.0,0.57,2.13,0.52,1.89,0.05,0.25,0.57,2.13,0.24,2.46,0,1,4,9,0,5,2,4,1,5,0.0,0.6791,0.4942,1.0596,0.0,0.1875,0.0457,0.0864,0.028,0.1216,3,17,2,1,0,5,2,1,0,0,0.1646,1.7283,0.3532,0.1606,0.0,0.189,0.0501,0.0562,0.0,0.0,7,24,20.35,18.41
3629322,2022-02-06,esp,2021/2022,LaLiga,23,José María Sánchez Martínez,10267,Valencia,8560,Real Sociedad,1,0,0,40,60,14,8,3,2,9,5,2,1,1,0,8,5,6,3,9,9,1,1,1,1,19,18,17,14,4,2,0,0,4,5,17,16,11,3,1,2,22,24,2,3,47,55,36.0,43.0,11.0,12.0,7.0,10.0,229,364,151.0,284.0,62,176,89,108,28.0,19.0,6.0,4.0,1.16,0.41,0.83,0.17,0.33,0.24,1.16,0.41,0.5,0.11,0,0,7,4,1,1,5,3,1,0,0.0,0.0,0.4657,0.2922,0.4669,0.035,0.2096,0.0833,0.0183,0.0,4,2,1,0,7,2,2,4,0,0,0.3655,0.1656,0.4669,0.0,0.2718,0.0966,0.0562,0.1483,0.0,0.0,14,8,16.53,19.33
3629322,2022-02-06,esp,2021/2022,LaLiga,23,José María Sánchez Martínez,8560,Real Sociedad,10267,Valencia,0,0,0,60,40,8,14,2,3,5,9,1,2,0,1,5,8,3,6,9,9,1,1,1,1,18,19,14,17,2,4,0,0,5,4,16,17,3,11,2,1,24,22,3,2,55,47,43.0,36.0,12.0,11.0,10.0,7.0,364,229,284.0,151.0,176,62,108,89,19.0,28.0,4.0,6.0,0.41,1.16,0.17,0.83,0.24,0.33,0.41,1.16,0.11,0.5,0,0,4,7,1,1,3,5,0,1,0.0,0.0,0.2922,0.4657,0.035,0.4669,0.0833,0.2096,0.0,0.0183,2,4,0,1,2,7,4,2,0,0,0.1656,0.3655,0.0,0.4669,0.0966,0.2718,0.1483,0.0562,0.0,0.0,8,14,19.33,16.53
3629314,2022-02-07,esp,2021/2022,LaLiga,23,César Soto Grado,8315,Athletic Club,8558,Espanyol,1,2,1,43,57,7,7,4,3,0,3,3,1,0,0,4,5,3,2,5,3,2,1,0,1,23,17,17,11,3,3,0,0,6,3,15,16,8,10,1,3,19,18,2,2,51,54,33.0,43.0,18.0,11.0,7.0,12.0,370,488,274.0,396.0,143,215,131,181,30.0,31.0,2.0,3.0,0.81,0.55,0.39,0.5,0.42,0.05,0.81,0.55,1.77,0.97,1,0,2,2,1,3,1,1,2,1,0.3808,0.0,0.3297,0.3916,0.0395,0.1118,0.0331,0.0162,0.0265,0.0312,4,5,0,0,1,1,2,1,0,0,0.3875,0.4972,0.0,0.0,0.0081,0.0373,0.4139,0.0162,0.0,0.0,7,7,19.74,18.86
3629314,2022-02-07,esp,2021/2022,LaLiga,23,César Soto Grado,8558,Espanyol,8315,Athletic Club,0,1,2,57,43,7,7,3,4,3,0,1,3,0,0,5,4,2,3,3,5,1,2,1,0,17,23,11,17,3,3,0,0,3,6,16,15,10,8,3,1,18,19,2,2,54,51,43.0,33.0,11.0,18.0,12.0,7.0,488,370,396.0,274.0,215,143,181,131,31.0,30.0,3.0,2.0,0.55,0.81,0.5,0.39,0.05,0.42,0.55,0.81,0.97,1.77,0,1,2,2,3,1,1,1,1,2,0.0,0.3808,0.3916,0.3297,0.1118,0.0395,0.0162,0.0331,0.0312,0.0265,5,4,0,0,1,1,1,2,0,0,0.4972,0.3875,0.0,0.0,0.0373,0.0081,0.0162,0.4139,0.0,0.0,7,7,18.86,19.74
3629331,2022-02-11,esp,2021/2022,LaLiga,24,Miguel Ángel Ortiz Arias,8302,Sevilla,10268,Elche,1,2,0,57,43,14,7,6,1,4,2,4,4,0,0,9,3,5,4,5,4,1,0,1,0,29,9,13,14,1,5,0,0,2,0,20,16,2,4,4,4,16,23,1,4,61,48,43.0,32.0,18.0,16.0,10.0,6.0,459,346,388.0,269.0,220,152,168,117,25.0,21.0,6.0,3.0,0.75,0.3,0.47,0.16,0.28,0.14,0.75,0.3,0.92,0.09,0,0,7,3,2,0,4,2,1,2,0.0,0.0,0.4879,0.2268,0.0565,0.0,0.179,0.032,0.0292,0.0408,8,5,0,0,1,1,5,1,0,0,0.4675,0.1597,0.0,0.0,0.0383,0.1128,0.2467,0.0272,0.0,0.0,14,7,17.92,19.01
3629331,2022-02-11,esp,2021/2022,LaLiga,24,Miguel Ángel Ortiz Arias,10268,Elche,8302,Sevilla,0,0,2,43,57,7,14,1,6,2,4,4,4,0,0,3,9,4,5,4,5,0,1,0,1,9,29,14,13,5,1,0,0,0,2,16,20,4,2,4,4,23,16,4,1,48,61,32.0,43.0,16.0,18.0,6.0,10.0,346,459,269.0,388.0,152,220,117,168,21.0,25.0,3.0,6.0,0.3,0.75,0.16,0.47,0.14,0.28,0.3,0.75,0.09,0.92,0,0,3,7,0,2,2,4,2,1,0.0,0.0,0.2268,0.4879,0.0,0.0565,0.032,0.179,0.0408,0.0292,5,8,0,0,1,1,1,5,0,0,0.1597,0.4675,0.0,0.0,0.1128,0.0383,0.0272,0.2467,0.0,0.0,7,14,19.01,17.92
3629325,2022-02-12,esp,2021/2022,LaLiga,24,Ricardo De Burgos Bengoetxea,9906,Atletico Madrid,8305,Getafe,1,4,3,50,50,11,10,7,4,3,3,1,3,0,0,7,6,4,4,5,4,5,3,1,0,17,12,18,17,4,4,1,0,0,0,16,14,14,8,3,1,18,19,1,4,59,60,38.0,39.0,21.0,21.0,5.0,11.0,415,407,319.0,307.0,187,163,132,144,27.0,26.0,3.0,4.0,2.53,2.15,1.16,0.51,0.58,0.07,1.74,0.58,4.68,3.09,4,0,2,5,1,1,1,3,3,1,1.4932,0.0,0.9001,1.9862,0.0367,0.016,0.0389,0.1241,0.0576,0.0261,9,6,0,0,0,0,1,2,1,2,1.1596,0.5087,0.0,0.0,0.0,0.0,0.5785,0.0669,0.7884,1.5768,11,10,15.35,18.0
3629325,2022-02-12,esp,2021/2022,LaLiga,24,Ricardo De Burgos Bengoetxea,8305,Getafe,9906,Atletico Madrid,0,3,4,50,50,10,11,4,7,3,3,3,1,0,0,6,7,4,4,4,5,3,5,0,1,12,17,17,18,4,4,0,1,0,0,14,16,8,14,1,3,19,18,4,1,60,59,39.0,38.0,21.0,21.0,11.0,5.0,407,415,307.0,319.0,163,187,144,132,26.0,27.0,4.0,3.0,2.15,2.53,0.51,1.16,0.07,0.58,0.58,1.74,3.09,4.68,0,4,5,2,1,1,3,1,1,3,0.0,1.4932,1.9862,0.9001,0.016,0.0367,0.1241,0.0389,0.0261,0.0576,6,9,0,0,0,0,2,1,2,1,0.5087,1.1596,0.0,0.0,0.0,0.0,0.0669,0.5785,1.5768,0.7884,10,11,18.0,15.35
3629327,2022-02-12,esp,2021/2022,LaLiga,24,Antonio Miguel Mateu Lahoz,8385,Cadiz,9910,Celta Vigo,1,0,0,44,56,8,6,2,1,3,4,3,1,0,0,4,2,4,4,3,3,1,1,1,1,13,11,12,19,3,2,0,0,1,3,10,17,10,6,1,3,14,14,1,2,56,49,37.0,33.0,19.0,16.0,9.0,6.0,357,463,269.0,367.0,134,196,135,171,27.0,51.0,2.0,1.0,0.67,1.0,0.08,0.11,0.59,0.1,0.67,0.21,0.64,0.99,1,0,2,1,1,1,1,2,3,2,0.4049,0.0,0.1351,0.7884,0.0381,0.0076,0.0121,0.1412,0.0917,0.059,4,4,0,0,1,0,3,1,0,1,0.0946,0.1121,0.0,0.0,0.039,0.0,0.5483,0.0957,0.0,0.7884,8,6,18.95,21.41
3629327,2022-02-12,esp,2021/2022,LaLiga,24,Antonio Miguel Mateu Lahoz,9910,Celta Vigo,8385,Cadiz,0,0,0,56,44,6,8,1,2,4,3,1,3,0,0,2,4,4,4,3,3,1,1,1,1,11,13,19,12,2,3,0,0,3,1,17,10,6,10,3,1,14,14,2,1,49,56,33.0,37.0,16.0,19.0,6.0,9.0,463,357,367.0,269.0,196,134,171,135,51.0,27.0,1.0,2.0,1.0,0.67,0.11,0.08,0.1,0.59,0.21,0.67,0.99,0.64,0,1,1,2,1,1,2,1,2,3,0.0,0.4049,0.7884,0.1351,0.0076,0.0381,0.1412,0.0121,0.059,0.0917,4,4,0,0,0,1,1,3,1,0,0.1121,0.0946,0.0,0.0,0.0,0.039,0.0957,0.5483,0.7884,0.0,6,8,21.41,18.95
3629332,2022-02-12,esp,2021/2022,LaLiga,24,Jorge Figueroa Vázquez,8370,Rayo Vallecano,8371,Osasuna,1,0,3,55,45,10,12,3,5,4,6,3,1,0,0,8,6,2,6,4,5,0,3,0,1,20,19,11,16,2,1,0,0,5,2,11,11,13,13,1,3,16,17,2,3,70,61,34.0,28.0,36.0,33.0,10.0,6.0,420,358,310.0,209.0,136,99,174,110,40.0,29.0,7.0,8.0,1.02,1.58,1.0,1.36,0.02,0.22,1.02,1.58,0.25,2.6,1,1,6,4,1,1,1,2,1,4,0.1617,0.5883,0.6696,0.6128,0.0795,0.2138,0.0158,0.0945,0.0147,0.071,9,7,0,0,1,2,0,3,0,0,0.9254,1.3615,0.0,0.0,0.0158,0.0932,0.0,0.1257,0.0,0.0,10,12,14.88,19.53
3629332,2022-02-12,esp,2021/2022,LaLiga,24,Jorge Figueroa Vázquez,8371,Osasuna,8370,Rayo Vallecano,0,3,0,45,55,12,10,5,3,6,4,1,3,0,0,6,8,6,2,5,4,3,0,1,0,19,20,16,11,1,2,0,0,2,5,11,11,13,13,3,1,17,16,3,2,61,70,28.0,34.0,33.0,36.0,6.0,10.0,358,420,209.0,310.0,99,136,110,174,29.0,40.0,8.0,7.0,1.58,1.02,1.36,1.0,0.22,0.02,1.58,1.02,2.6,0.25,1,1,4,6,1,1,2,1,4,1,0.5883,0.1617,0.6128,0.6696,0.2138,0.0795,0.0945,0.0158,0.071,0.0147,7,9,0,0,2,1,3,0,0,0,1.3615,0.9254,0.0,0.0,0.0932,0.0158,0.1257,0.0,0.0,0.0,12,10,19.53,14.88
3629333,2022-02-12,esp,2021/2022,LaLiga,24,José María Sánchez Martínez,10205,Villarreal,8633,Real Madrid,1,0,0,44,56,9,17,2,6,2,7,5,4,1,2,3,9,6,8,3,3,0,5,0,5,30,21,11,10,2,4,0,0,3,4,12,19,11,8,5,5,11,20,5,2,39,43,35.0,36.0,4.0,7.0,14.0,6.0,478,616,410.0,558.0,170,260,240,298,21.0,36.0,0.0,6.0,0.47,1.72,0.47,1.61,0.0,0.11,0.47,1.72,0.12,0.86,0,0,3,8,0,1,4,4,2,4,0.0,0.0,0.2818,1.0426,0.0,0.1355,0.1333,0.5049,0.0526,0.0853,9,12,0,2,0,0,0,3,0,0,0.4677,1.4814,0.0,0.1725,0.0,0.0,0.0,0.1144,0.0,0.0,9,17,20.0,17.89
3629333,2022-02-12,esp,2021/2022,LaLiga,24,José María Sánchez Martínez,8633,Real Madrid,10205,Villarreal,0,0,0,56,44,17,9,6,2,7,2,4,5,2,1,9,3,8,6,3,3,5,0,5,0,21,30,10,11,4,2,0,0,4,3,19,12,8,11,5,5,20,11,2,5,43,39,36.0,35.0,7.0,4.0,6.0,14.0,616,478,558.0,410.0,260,170,298,240,36.0,21.0,6.0,0.0,1.72,0.47,1.61,0.47,0.11,0.0,1.72,0.47,0.86,0.12,0,0,8,3,1,0,4,4,4,2,0.0,0.0,1.0426,0.2818,0.1355,0.0,0.5049,0.1333,0.0853,0.0526,12,9,2,0,0,0,3,0,0,0,1.4814,0.4677,0.1725,0.0,0.0,0.0,0.1144,0.0,0.0,0.0,17,9,17.89,20.0
3629324,2022-02-13,esp,2021/2022,LaLiga,24,Adrián Cordero Vega,9866,Deportivo Alaves,10267,Valencia,1,2,1,40,60,9,9,5,4,4,5,0,0,0,0,8,7,1,2,5,9,3,1,1,0,22,21,15,17,4,3,0,0,1,2,14,9,10,4,0,0,28,14,3,3,65,51,34.0,31.0,31.0,20.0,5.0,10.0,257,370,151.0,261.0,40,135,111,126,34.0,46.0,6.0,4.0,1.81,1.26,0.55,0.14,0.47,0.33,1.02,0.47,2.1,1.4,1,1,5,3,2,3,1,1,0,1,0.4346,0.1769,1.2459,0.9925,0.1475,0.0545,0.0156,0.0093,0.0,0.0249,5,5,0,0,2,2,1,1,1,1,0.5775,0.1412,0.0,0.0,0.4487,0.3124,0.0289,0.0161,0.7884,0.7884,9,9,13.34,18.4
3629324,2022-02-13,esp,2021/2022,LaLiga,24,Adrián Cordero Vega,10267,Valencia,9866,Deportivo Alaves,0,1,2,60,40,9,9,4,5,5,4,0,0,0,0,7,8,2,1,9,5,1,3,0,1,21,22,17,15,3,4,0,0,2,1,9,14,4,10,0,0,14,28,3,3,51,65,31.0,34.0,20.0,31.0,10.0,5.0,370,257,261.0,151.0,135,40,126,111,46.0,34.0,4.0,6.0,1.26,1.81,0.14,0.55,0.33,0.47,0.47,1.02,1.4,2.1,1,1,3,5,3,2,1,1,1,0,0.1769,0.4346,0.9925,1.2459,0.0545,0.1475,0.0093,0.0156,0.0249,0.0,5,5,0,0,2,2,1,1,1,1,0.1412,0.5775,0.0,0.0,0.3124,0.4487,0.0161,0.0289,0.7884,0.7884,9,9,18.4,13.34
3629328,2022-02-13,esp,2021/2022,LaLiga,24,Alejandro José Hernández Hernández,8558,Espanyol,8634,Barcelona,1,2,2,36,64,10,12,4,4,4,7,2,1,0,0,6,10,4,2,3,5,1,3,0,2,12,31,14,13,3,2,2,1,2,3,18,15,11,8,1,2,20,7,2,2,40,54,34.0,39.0,6.0,15.0,5.0,12.0,302,526,234.0,459.0,128,182,106,277,25.0,34.0,1.0,10.0,1.06,1.48,1.04,1.46,0.02,0.02,1.06,1.48,1.77,1.32,0,1,2,7,4,2,3,2,1,0,0.0,0.4844,0.7677,0.8324,0.1422,0.0495,0.0984,0.1115,0.048,0.0,8,11,1,0,1,0,0,1,0,0,1.0013,1.4565,0.0353,0.0,0.0198,0.0,0.0,0.0214,0.0,0.0,10,12,24.68,13.58
3629328,2022-02-13,esp,2021/2022,LaLiga,24,Alejandro José Hernández Hernández,8634,Barcelona,8558,Espanyol,0,2,2,64,36,12,10,4,4,7,4,1,2,0,0,10,6,2,4,5,3,3,1,2,0,31,12,13,14,2,3,1,2,3,2,15,18,8,11,2,1,7,20,2,2,54,40,39.0,34.0,15.0,6.0,12.0,5.0,526,302,459.0,234.0,182,128,277,106,34.0,25.0,10.0,1.0,1.48,1.06,1.46,1.04,0.02,0.02,1.48,1.06,1.32,1.77,1,0,7,2,2,4,2,3,0,1,0.4844,0.0,0.8324,0.7677,0.0495,0.1422,0.1115,0.0984,0.0,0.048,11,8,0,1,0,1,1,0,0,0,1.4565,1.0013,0.0,0.0353,0.0,0.0198,0.0214,0.0,0.0,0.0,12,10,13.58,24.68
3629329,2022-02-13,esp,2021/2022,LaLiga,24,Santiago Jaime Latre,8581,Levante,8603,Real Betis,1,2,4,41,59,12,19,4,11,4,4,4,4,0,1,9,11,3,8,5,7,1,4,0,3,21,25,13,8,1,2,1,0,3,2,18,16,11,13,4,4,15,22,7,2,39,49,31.0,39.0,8.0,10.0,6.0,11.0,377,553,282.0,457.0,146,192,136,265,25.0,23.0,4.0,2.0,1.73,2.71,1.54,1.74,0.19,0.96,1.73,2.71,1.9,2.65,2,3,4,5,3,3,1,3,2,5,1.1307,1.0363,0.3343,0.952,0.167,0.0808,0.0249,0.124,0.0731,0.2133,8,14,0,0,3,3,1,2,0,0,1.5396,1.2531,0.0,0.0,0.1374,0.9567,0.0532,0.1966,0.0,0.0,12,19,14.04,16.89
3629329,2022-02-13,esp,2021/2022,LaLiga,24,Santiago Jaime Latre,8603,Real Betis,8581,Levante,0,4,2,59,41,19,12,11,4,4,4,4,4,1,0,11,9,8,3,7,5,4,1,3,0,25,21,8,13,2,1,0,1,2,3,16,18,13,11,4,4,22,15,2,7,49,39,39.0,31.0,10.0,8.0,11.0,6.0,553,377,457.0,282.0,192,146,265,136,23.0,25.0,2.0,4.0,2.71,1.73,1.74,1.54,0.96,0.19,2.71,1.73,2.65,1.9,3,2,5,4,3,3,3,1,5,2,1.0363,1.1307,0.952,0.3343,0.0808,0.167,0.124,0.0249,0.2133,0.0731,14,8,0,0,3,3,2,1,0,0,1.2531,1.5396,0.0,0.0,0.9567,0.1374,0.1966,0.0532,0.0,0.0,19,12,16.89,14.04
3629330,2022-02-13,esp,2021/2022,LaLiga,24,Javier Alberola Rojas,8560,Real Sociedad,7878,Granada,1,2,0,57,43,18,15,8,2,5,7,5,6,0,0,12,7,6,8,6,5,5,1,3,1,30,13,13,13,0,2,0,0,0,0,14,15,6,10,6,4,17,21,2,6,55,45,38.0,33.0,17.0,12.0,12.0,5.0,480,362,396.0,270.0,178,164,218,106,26.0,25.0,10.0,3.0,2.96,1.17,1.94,0.95,0.24,0.22,2.17,1.17,3.55,0.85,3,0,7,5,2,2,3,5,3,3,0.9692,0.0,1.6612,0.8808,0.1775,0.0618,0.1126,0.1479,0.1022,0.081,10,9,0,1,5,5,2,0,1,0,1.9978,0.9137,0.0,0.0346,0.1317,0.2232,0.1047,0.0,0.7884,0.0,18,15,15.49,19.99
3629330,2022-02-13,esp,2021/2022,LaLiga,24,Javier Alberola Rojas,7878,Granada,8560,Real Sociedad,0,0,2,43,57,15,18,2,8,7,5,6,5,0,0,7,12,8,6,5,6,1,5,1,3,13,30,13,13,2,0,0,0,0,0,15,14,10,6,4,6,21,17,6,2,45,55,33.0,38.0,12.0,17.0,5.0,12.0,362,480,270.0,396.0,164,178,106,218,25.0,26.0,3.0,10.0,1.17,2.96,0.95,1.94,0.22,0.24,1.17,2.17,0.85,3.55,0,3,5,7,2,2,5,3,3,3,0.0,0.9692,0.8808,1.6612,0.0618,0.1775,0.1479,0.1126,0.081,0.1022,9,10,1,0,5,5,0,2,0,1,0.9137,1.9978,0.0346,0.0,0.2232,0.1317,0.0,0.1047,0.0,0.7884,15,18,19.99,15.49
3629326,2022-02-14,esp,2021/2022,LaLiga,24,Isidro Díaz de Mera Escuderos,8661,Mallorca,8315,Athletic Club,1,3,2,44,56,16,7,5,2,4,3,7,2,1,0,9,5,7,2,6,6,3,3,1,1,30,13,22,15,6,4,0,0,4,1,10,7,10,7,2,7,16,25,0,3,52,54,30.0,36.0,22.0,18.0,7.0,9.0,323,413,231.0,307.0,106,157,125,150,37.0,22.0,4.0,1.0,1.95,1.79,0.41,1.1,0.76,0.69,1.16,1.79,2.68,1.01,3,2,5,2,1,1,7,1,0,1,0.7468,0.6843,1.0463,0.9771,0.0195,0.0457,1.1694,0.0667,0.0,0.0194,7,5,2,0,3,1,3,1,1,0,0.8968,1.102,0.4873,0.0,0.522,0.6246,0.2875,0.0667,0.7884,0.0,16,7,16.44,13.81
3629326,2022-02-14,esp,2021/2022,LaLiga,24,Isidro Díaz de Mera Escuderos,8315,Athletic Club,8661,Mallorca,0,2,3,56,44,7,16,2,5,3,4,2,7,0,1,5,9,2,7,6,6,3,3,1,1,13,30,15,22,4,6,0,0,1,4,7,10,7,10,7,2,25,16,3,0,54,52,36.0,30.0,18.0,22.0,9.0,7.0,413,323,307.0,231.0,157,106,150,125,22.0,37.0,1.0,4.0,1.79,1.95,1.1,0.41,0.69,0.76,1.79,1.16,1.01,2.68,2,3,2,5,1,1,1,7,1,0,0.6843,0.7468,0.9771,1.0463,0.0457,0.0195,0.0667,1.1694,0.0194,0.0,5,7,0,2,1,3,1,3,0,1,1.102,0.8968,0.0,0.4873,0.6246,0.522,0.0667,0.2875,0.0,0.7884,7,16,13.81,16.44
3629295,2022-02-16,esp,2021/2022,LaLiga,21,José Luis Munuera Montero,9906,Atletico Madrid,8581,Levante,1,0,1,54,46,10,8,1,5,5,2,4,1,0,1,7,6,3,2,5,3,1,1,1,1,23,11,9,19,3,4,0,0,2,0,15,19,13,7,1,4,7,38,4,1,66,55,47.0,38.0,19.0,17.0,14.0,11.0,458,407,365.0,316.0,168,207,197,109,25.0,32.0,3.0,3.0,1.3,0.57,1.21,0.55,0.09,0.02,1.3,0.57,0.76,0.61,2,0,4,3,1,3,1,2,2,0,0.746,0.0,0.366,0.4201,0.0593,0.1227,0.0663,0.0283,0.0626,0.0,6,7,1,0,1,1,2,0,0,0,1.1902,0.5527,0.0177,0.0,0.0253,0.0183,0.067,0.0,0.0,0.0,10,8,15.53,18.71
3629295,2022-02-16,esp,2021/2022,LaLiga,21,José Luis Munuera Montero,8581,Levante,9906,Atletico Madrid,0,1,0,46,54,8,10,5,1,2,5,1,4,1,0,6,7,2,3,3,5,1,1,1,1,11,23,19,9,4,3,0,0,0,2,19,15,7,13,4,1,38,7,1,4,55,66,38.0,47.0,17.0,19.0,11.0,14.0,407,458,316.0,365.0,207,168,109,197,32.0,25.0,3.0,3.0,0.57,1.3,0.55,1.21,0.02,0.09,0.57,1.3,0.61,0.76,0,2,3,4,3,1,2,1,0,2,0.0,0.746,0.4201,0.366,0.1227,0.0593,0.0283,0.0663,0.0,0.0626,7,6,0,1,1,1,0,2,0,0,0.5527,1.1902,0.0,0.0177,0.0183,0.0253,0.0,0.067,0.0,0.0,8,10,18.71,15.53
3629343,2022-02-18,esp,2021/2022,LaLiga,25,Alejandro Muñíz Ruiz,10268,Elche,8370,Rayo Vallecano,1,2,1,44,56,9,13,5,2,4,8,0,3,1,0,6,5,3,8,2,3,5,1,3,1,15,14,18,15,2,4,0,0,1,0,17,14,7,10,3,0,10,7,1,3,61,53,41.0,41.0,20.0,12.0,11.0,11.0,357,460,265.0,372.0,147,201,118,171,35.0,26.0,3.0,6.0,2.45,0.71,2.36,0.53,0.09,0.18,2.45,0.71,2.77,0.49,2,0,3,2,1,3,3,3,0,5,1.2207,0.0,0.9532,0.3001,0.1794,0.0908,0.472,0.1621,0.0,0.1541,4,10,2,0,2,1,1,2,0,0,1.4414,0.5269,1.2954,0.0,0.0286,0.0278,0.0599,0.1524,0.0,0.0,9,13,14.06,21.68
3629343,2022-02-18,esp,2021/2022,LaLiga,25,Alejandro Muñíz Ruiz,8370,Rayo Vallecano,10268,Elche,0,1,2,56,44,13,9,2,5,8,4,3,0,0,1,5,6,8,3,3,2,1,5,1,3,14,15,15,18,4,2,0,0,0,1,14,17,10,7,0,3,7,10,3,1,53,61,41.0,41.0,12.0,20.0,11.0,11.0,460,357,372.0,265.0,201,147,171,118,26.0,35.0,6.0,3.0,0.71,2.45,0.53,2.36,0.18,0.09,0.71,2.45,0.49,2.77,0,2,2,3,3,1,3,3,5,0,0.0,1.2207,0.3001,0.9532,0.0908,0.1794,0.1621,0.472,0.1541,0.0,10,4,0,2,1,2,2,1,0,0,0.5269,1.4414,0.0,1.2954,0.0278,0.0286,0.1524,0.0599,0.0,0.0,13,9,21.68,14.06
3629337,2022-02-19,esp,2021/2022,LaLiga,25,Javier Alberola Rojas,8385,Cadiz,8305,Getafe,1,1,1,65,35,9,6,2,1,5,3,2,2,1,0,3,4,6,2,7,2,1,1,1,0,19,12,17,11,3,4,0,0,5,1,9,10,2,9,1,2,7,24,0,1,39,59,24.0,30.0,15.0,29.0,4.0,5.0,557,309,442.0,205.0,261,93,181,112,38.0,30.0,1.0,1.0,0.51,0.92,0.4,0.09,0.11,0.04,0.51,0.13,0.61,0.99,0,0,2,2,1,2,4,2,2,0,0.0,0.0,0.152,0.8022,0.087,0.0389,0.2055,0.0742,0.0662,0.0,6,3,0,0,1,1,2,1,0,1,0.3999,0.0912,0.0,0.0,0.0139,0.0138,0.097,0.0219,0.0,0.7884,9,6,22.18,19.2
3629337,2022-02-19,esp,2021/2022,LaLiga,25,Javier Alberola Rojas,8305,Getafe,8385,Cadiz,0,1,1,35,65,6,9,1,2,3,5,2,2,0,1,4,3,2,6,2,7,1,1,0,1,12,19,11,17,4,3,0,0,1,5,10,9,9,2,2,1,24,7,1,0,59,39,30.0,24.0,29.0,15.0,5.0,4.0,309,557,205.0,442.0,93,261,112,181,30.0,38.0,1.0,1.0,0.92,0.51,0.09,0.4,0.04,0.11,0.13,0.51,0.99,0.61,0,0,2,2,2,1,2,4,0,2,0.0,0.0,0.8022,0.152,0.0389,0.087,0.0742,0.2055,0.0,0.0662,3,6,0,0,1,1,1,2,1,0,0.0912,0.3999,0.0,0.0,0.0138,0.0139,0.0219,0.097,0.7884,0.0,6,9,19.2,22.18
3629338,2022-02-19,esp,2021/2022,LaLiga,25,Jesús Gil Manzano,7878,Granada,10205,Villarreal,1,1,4,38,62,20,15,5,7,8,5,7,3,0,0,12,14,8,1,9,2,6,7,5,3,28,30,15,10,3,6,0,0,1,3,21,11,7,4,2,7,9,21,3,3,51,56,36.0,36.0,15.0,20.0,7.0,12.0,280,483,187.0,387.0,80,250,107,137,23.0,26.0,8.0,3.0,2.33,5.34,1.21,3.43,0.33,0.34,1.54,3.77,1.32,3.87,0,2,8,9,4,3,5,0,3,1,0.0,1.2019,1.7864,3.9959,0.2493,0.1332,0.1943,0.0,0.1008,0.0217,12,10,1,1,3,1,3,1,1,2,1.1161,2.4664,0.0922,0.972,0.1029,0.1076,0.2312,0.2299,0.7884,1.5768,20,15,21.09,11.06
3629338,2022-02-19,esp,2021/2022,LaLiga,25,Jesús Gil Manzano,10205,Villarreal,7878,Granada,0,4,1,62,38,15,20,7,5,5,8,3,7,0,0,14,12,1,8,2,9,7,6,3,5,30,28,10,15,6,3,0,0,3,1,11,21,4,7,7,2,21,9,3,3,56,51,36.0,36.0,20.0,15.0,12.0,7.0,483,280,387.0,187.0,250,80,137,107,26.0,23.0,3.0,8.0,5.34,2.33,3.43,1.21,0.34,0.33,3.77,1.54,3.87,1.32,2,0,9,8,3,4,0,5,1,3,1.2019,0.0,3.9959,1.7864,0.1332,0.2493,0.0,0.1943,0.0217,0.1008,10,12,1,1,1,3,1,3,2,1,2.4664,1.1161,0.972,0.0922,0.1076,0.1029,0.2299,0.2312,1.5768,0.7884,15,20,11.06,21.09
3629340,2022-02-19,esp,2021/2022,LaLiga,25,Mario Melero López,8371,Osasuna,9906,Atletico Madrid,1,0,3,62,38,14,5,4,4,6,0,4,1,1,0,9,3,5,2,4,2,0,3,0,0,26,7,12,19,1,2,0,0,1,0,9,19,10,11,1,3,10,37,1,4,66,52,35.0,37.0,31.0,15.0,9.0,7.0,592,375,474.0,265.0,196,145,278,120,37.0,14.0,10.0,0.0,0.61,1.06,0.36,0.89,0.26,0.17,0.61,1.06,0.8,0.84,0,0,7,2,2,1,3,1,2,1,0.0,0.0,0.4333,0.348,0.092,0.0299,0.0575,0.0414,0.0306,0.6393,9,1,0,1,3,1,2,2,0,0,0.3565,0.2478,0.0,0.6393,0.0504,0.1002,0.2066,0.0713,0.0,0.0,14,5,17.82,21.29
3629340,2022-02-19,esp,2021/2022,LaLiga,25,Mario Melero López,9906,Atletico Madrid,8371,Osasuna,0,3,0,38,62,5,14,4,4,0,6,1,4,0,1,3,9,2,5,2,4,3,0,0,0,7,26,19,12,2,1,0,0,0,1,19,9,11,10,3,1,37,10,4,1,52,66,37.0,35.0,15.0,31.0,7.0,9.0,375,592,265.0,474.0,145,196,120,278,14.0,37.0,0.0,10.0,1.06,0.61,0.89,0.36,0.17,0.26,1.06,0.61,0.84,0.8,0,0,2,7,1,2,1,3,1,2,0.0,0.0,0.348,0.4333,0.0299,0.092,0.0414,0.0575,0.6393,0.0306,1,9,1,0,1,3,2,2,0,0,0.2478,0.3565,0.6393,0.0,0.1002,0.0504,0.0713,0.2066,0.0,0.0,5,14,21.29,17.82
3629341,2022-02-19,esp,2021/2022,LaLiga,25,José Luis Munuera Montero,8633,Real Madrid,9866,Deportivo Alaves,1,3,0,70,30,23,7,9,2,12,5,2,0,1,0,14,5,9,2,7,1,4,1,2,1,42,10,6,11,1,1,0,0,7,1,14,25,12,13,0,3,9,24,2,5,44,53,36.0,36.0,8.0,17.0,12.0,5.0,674,285,605.0,189.0,244,106,361,83,49.0,35.0,4.0,0.0,2.9,0.58,1.73,0.58,0.38,0.01,2.11,0.58,2.39,0.14,0,0,11,3,3,2,4,1,5,1,0.0,0.0,2.4753,0.2309,0.1931,0.338,0.1416,0.0063,0.1488,0.0092,16,6,0,0,4,0,2,1,1,0,1.7907,0.5781,0.0,0.0,0.3094,0.0,0.0704,0.0063,0.7884,0.0,23,7,17.15,18.7
3629341,2022-02-19,esp,2021/2022,LaLiga,25,José Luis Munuera Montero,9866,Deportivo Alaves,8633,Real Madrid,0,0,3,30,70,7,23,2,9,5,12,0,2,0,1,5,14,2,9,1,7,1,4,1,2,10,42,11,6,1,1,0,0,1,7,25,14,13,12,3,0,24,9,5,2,53,44,36.0,36.0,17.0,8.0,5.0,12.0,285,674,189.0,605.0,106,244,83,361,35.0,49.0,0.0,4.0,0.58,2.9,0.58,1.73,0.01,0.38,0.58,2.11,0.14,2.39,0,0,3,11,2,3,1,4,1,5,0.0,0.0,0.2309,2.4753,0.338,0.1931,0.0063,0.1416,0.0092,0.1488,6,16,0,0,0,4,1,2,0,1,0.5781,1.7907,0.0,0.0,0.0,0.3094,0.0063,0.0704,0.0,0.7884,7,23,18.7,17.15
3629334,2022-02-20,esp,2021/2022,LaLiga,25,Juan Martínez Munuera,8315,Athletic Club,8560,Real Sociedad,1,4,0,47,53,18,9,8,2,8,4,2,3,0,0,12,5,6,4,6,4,4,0,2,0,24,13,9,9,4,1,0,0,4,0,22,16,7,13,3,1,11,16,2,4,49,44,35.0,29.0,14.0,15.0,5.0,6.0,347,409,254.0,326.0,126,222,128,104,20.0,21.0,8.0,2.0,2.95,0.37,1.61,0.21,0.55,0.16,2.16,0.37,3.05,0.3,1,0,9,2,2,3,2,3,4,1,0.8113,0.0,1.668,0.1345,0.1605,0.0745,0.0831,0.0949,0.0805,0.0626,12,5,0,0,4,3,1,1,1,0,1.6022,0.2056,0.0,0.0,0.3514,0.0983,0.0614,0.0626,0.7884,0.0,18,9,14.81,17.71
3629334,2022-02-20,esp,2021/2022,LaLiga,25,Juan Martínez Munuera,8560,Real Sociedad,8315,Athletic Club,0,0,4,53,47,9,18,2,8,4,8,3,2,0,0,5,12,4,6,4,6,0,4,0,2,13,24,9,9,1,4,0,0,0,4,16,22,13,7,1,3,16,11,4,2,44,49,29.0,35.0,15.0,14.0,6.0,5.0,409,347,326.0,254.0,222,126,104,128,21.0,20.0,2.0,8.0,0.37,2.95,0.21,1.61,0.16,0.55,0.37,2.16,0.3,3.05,0,1,2,9,3,2,3,2,1,4,0.0,0.8113,0.1345,1.668,0.0745,0.1605,0.0949,0.0831,0.0626,0.0805,5,12,0,0,3,4,1,1,0,1,0.2056,1.6022,0.0,0.0,0.0983,0.3514,0.0626,0.0614,0.0,0.7884,9,18,17.71,14.81
3629335,2022-02-20,esp,2021/2022,LaLiga,25,César Soto Grado,8603,Real Betis,8661,Mallorca,1,2,1,55,45,14,10,5,1,2,4,7,5,1,1,7,4,7,6,4,7,2,0,0,0,25,18,13,17,3,2,0,0,1,2,18,19,8,15,5,6,15,16,0,3,56,66,44.0,51.0,12.0,15.0,11.0,19.0,543,431,455.0,358.0,174,221,281,137,21.0,31.0,2.0,4.0,1.54,0.42,0.72,0.4,0.04,0.02,0.75,0.42,2.03,0.44,0,0,4,3,3,1,3,1,4,5,0.0,0.0,1.2796,0.2641,0.1004,0.0319,0.0898,0.0435,0.0695,0.0807,10,8,0,0,2,1,1,1,1,0,0.7158,0.4048,0.0,0.0,0.0202,0.0078,0.0151,0.0075,0.7884,0.0,14,10,20.75,20.28
3629335,2022-02-20,esp,2021/2022,LaLiga,25,César Soto Grado,8661,Mallorca,8603,Real Betis,0,1,2,45,55,10,14,1,5,4,2,5,7,1,1,4,7,6,7,7,4,0,2,0,0,18,25,17,13,2,3,0,0,2,1,19,18,15,8,6,5,16,15,3,0,66,56,51.0,44.0,15.0,12.0,19.0,11.0,431,543,358.0,455.0,221,174,137,281,31.0,21.0,4.0,2.0,0.42,1.54,0.4,0.72,0.02,0.04,0.42,0.75,0.44,2.03,0,0,3,4,1,3,1,3,5,4,0.0,0.0,0.2641,1.2796,0.0319,0.1004,0.0435,0.0898,0.0807,0.0695,8,10,0,0,1,2,1,1,0,1,0.4048,0.7158,0.0,0.0,0.0078,0.0202,0.0075,0.0151,0.0,0.7884,10,14,20.28,20.75
3629339,2022-02-20,esp,2021/2022,LaLiga,25,Pablo González Fuertes,8558,Espanyol,8302,Sevilla,1,1,1,44,56,11,7,4,2,5,4,2,1,0,0,7,4,4,3,3,7,3,2,2,1,16,15,14,14,4,4,0,1,1,4,12,17,8,8,1,2,26,15,1,3,42,51,36.0,36.0,6.0,15.0,11.0,5.0,392,511,323.0,441.0,119,250,204,191,28.0,44.0,2.0,3.0,1.54,0.48,1.39,0.48,0.15,0.0,1.54,0.48,0.99,0.65,1,2,5,1,1,1,4,0,0,3,0.4813,0.3843,0.9155,0.0314,0.0245,0.0192,0.1405,0.0,0.0,0.0452,8,7,0,0,1,0,2,0,0,0,1.4119,0.4801,0.0,0.0,0.0083,0.0,0.1416,0.0,0.0,0.0,11,7,15.72,17.74
3629339,2022-02-20,esp,2021/2022,LaLiga,25,Pablo González Fuertes,8302,Sevilla,8558,Espanyol,0,1,1,56,44,7,11,2,4,4,5,1,2,0,0,4,7,3,4,7,3,2,3,1,2,15,16,14,14,4,4,1,0,4,1,17,12,8,8,2,1,15,26,3,1,51,42,36.0,36.0,15.0,6.0,5.0,11.0,511,392,441.0,323.0,250,119,191,204,44.0,28.0,3.0,2.0,0.48,1.54,0.48,1.39,0.0,0.15,0.48,1.54,0.65,0.99,2,1,1,5,1,1,0,4,3,0,0.3843,0.4813,0.0314,0.9155,0.0192,0.0245,0.0,0.1405,0.0452,0.0,7,8,0,0,0,1,0,2,0,0,0.4801,1.4119,0.0,0.0,0.0,0.0083,0.0,0.1416,0.0,0.0,7,11,17.74,15.72
3629342,2022-02-20,esp,2021/2022,LaLiga,25,Carlos del Cerro Grande,10267,Valencia,8634,Barcelona,1,1,4,36,64,11,7,5,6,4,0,2,1,0,0,7,4,4,3,8,3,1,4,0,1,26,13,22,16,3,4,0,0,2,1,22,13,7,4,0,2,15,28,2,4,53,54,43.0,42.0,10.0,12.0,6.0,8.0,245,476,177.0,400.0,87,207,90,193,35.0,36.0,5.0,2.0,0.8,1.99,0.62,1.99,0.18,0.0,0.8,1.99,0.87,3.63,0,2,4,2,3,0,2,2,2,1,0.0,1.503,0.5256,0.3816,0.166,0.0,0.0522,0.0805,0.0597,0.0259,8,7,0,0,1,0,2,0,0,0,0.6213,1.991,0.0,0.0,0.1006,0.0,0.0817,0.0,0.0,0.0,11,7,17.58,14.37
3629342,2022-02-20,esp,2021/2022,LaLiga,25,Carlos del Cerro Grande,8634,Barcelona,10267,Valencia,0,4,1,64,36,7,11,6,5,0,4,1,2,0,0,4,7,3,4,3,8,4,1,1,0,13,26,16,22,4,3,0,0,1,2,13,22,4,7,2,0,28,15,4,2,54,53,42.0,43.0,12.0,10.0,8.0,6.0,476,245,400.0,177.0,207,87,193,90,36.0,35.0,2.0,5.0,1.99,0.8,1.99,0.62,0.0,0.18,1.99,0.8,3.63,0.87,2,0,2,4,0,3,2,2,1,2,1.503,0.0,0.3816,0.5256,0.0,0.166,0.0805,0.0522,0.0259,0.0597,7,8,0,0,0,1,0,2,0,0,1.991,0.6213,0.0,0.0,0.0,0.1006,0.0,0.0817,0.0,0.0,7,11,14.37,17.58
3629336,2022-02-21,esp,2021/2022,LaLiga,25,Valentín Pizarro Gómez,9910,Celta Vigo,8581,Levante,1,1,1,63,37,8,13,4,3,2,6,2,4,0,0,5,10,3,3,2,5,2,2,1,2,20,25,15,16,3,5,0,0,5,1,28,16,9,14,4,2,21,19,2,3,71,59,50.0,36.0,21.0,23.0,6.0,7.0,569,337,477.0,240.0,263,118,214,122,32.0,35.0,6.0,5.0,1.25,1.73,1.24,1.53,0.01,0.2,1.25,1.73,1.73,0.42,1,2,4,6,0,2,0,2,3,1,0.3105,0.9893,0.841,0.6066,0.0,0.0627,0.0,0.0428,0.0975,0.03,7,7,0,0,1,4,0,2,0,0,1.2395,1.5308,0.0,0.0,0.0095,0.1389,0.0,0.0617,0.0,0.0,8,13,14.39,14.28
3629336,2022-02-21,esp,2021/2022,LaLiga,25,Valentín Pizarro Gómez,8581,Levante,9910,Celta Vigo,0,1,1,37,63,13,8,3,4,6,2,4,2,0,0,10,5,3,3,5,2,2,2,2,1,25,20,16,15,5,3,0,0,1,5,16,28,14,9,2,4,19,21,3,2,59,71,36.0,50.0,23.0,21.0,7.0,6.0,337,569,240.0,477.0,118,263,122,214,35.0,32.0,5.0,6.0,1.73,1.25,1.53,1.24,0.2,0.01,1.73,1.25,0.42,1.73,2,1,6,4,2,0,2,0,1,3,0.9893,0.3105,0.6066,0.841,0.0627,0.0,0.0428,0.0,0.03,0.0975,7,7,0,0,4,1,2,0,0,0,1.5308,1.2395,0.0,0.0,0.1389,0.0095,0.0617,0.0,0.0,0.0,13,8,14.28,14.39
3629349,2022-02-25,esp,2021/2022,LaLiga,26,Pablo González Fuertes,8581,Levante,10268,Elche,1,3,0,43,57,11,8,4,3,6,4,1,1,0,1,9,6,2,2,3,3,2,2,0,2,20,17,17,8,1,2,0,1,3,1,11,4,11,9,1,1,26,13,3,1,37,44,26.0,27.0,11.0,17.0,7.0,10.0,369,471,277.0,396.0,184,206,93,190,36.0,42.0,2.0,5.0,2.05,0.56,2.05,0.52,0.08,0.05,2.05,0.56,2.09,1.05,1,2,6,2,2,2,2,2,0,0,0.9298,0.3255,1.0202,0.0484,0.0691,0.085,0.0429,0.1097,0.0,0.0,9,6,2,0,0,1,0,1,0,0,1.4335,0.5216,0.6284,0.0,0.0,0.0043,0.0,0.0427,0.0,0.0,11,8,13.89,13.0
3629349,2022-02-25,esp,2021/2022,LaLiga,26,Pablo González Fuertes,10268,Elche,8581,Levante,0,0,3,57,43,8,11,3,4,4,6,1,1,1,0,6,9,2,2,3,3,2,2,2,0,17,20,8,17,2,1,1,0,1,3,4,11,9,11,1,1,13,26,1,3,44,37,27.0,26.0,17.0,11.0,10.0,7.0,471,369,396.0,277.0,206,184,190,93,42.0,36.0,5.0,2.0,0.56,2.05,0.52,2.05,0.05,0.08,0.56,2.05,1.05,2.09,2,1,2,6,2,2,2,2,0,0,0.3255,0.9298,0.0484,1.0202,0.085,0.0691,0.1097,0.0429,0.0,0.0,6,9,0,2,1,0,1,0,0,0,0.5216,1.4335,0.0,0.6284,0.0043,0.0,0.0427,0.0,0.0,0.0,8,11,13.0,13.89
3629344,2022-02-26,esp,2021/2022,LaLiga,26,Alejandro José Hernández Hernández,9906,Atletico Madrid,9910,Celta Vigo,1,2,0,36,64,13,16,6,2,6,7,1,7,0,0,5,9,8,7,5,9,1,1,0,1,21,24,10,7,4,3,0,0,1,2,12,11,21,4,7,1,25,9,2,4,52,49,35.0,32.0,17.0,17.0,16.0,11.0,364,638,283.0,539.0,143,309,140,230,27.0,36.0,5.0,4.0,0.6,0.8,0.45,0.71,0.15,0.09,0.6,0.8,1.37,0.15,0,1,3,4,2,4,4,3,4,4,0.0,0.0631,0.3323,0.449,0.0446,0.1775,0.1274,0.0454,0.0956,0.0632,9,11,0,0,3,5,1,0,0,0,0.453,0.7119,0.0,0.0,0.0928,0.0862,0.0542,0.0,0.0,0.0,13,16,21.95,18.39
3629344,2022-02-26,esp,2021/2022,LaLiga,26,Alejandro José Hernández Hernández,9910,Celta Vigo,9906,Atletico Madrid,0,0,2,64,36,16,13,2,6,7,6,7,1,0,0,9,5,7,8,9,5,1,1,1,0,24,21,7,10,3,4,0,0,2,1,11,12,4,21,1,7,9,25,4,2,49,52,32.0,35.0,17.0,17.0,11.0,16.0,638,364,539.0,283.0,309,143,230,140,36.0,27.0,4.0,5.0,0.8,0.6,0.71,0.45,0.09,0.15,0.8,0.6,0.15,1.37,1,0,4,3,4,2,3,4,4,4,0.0631,0.0,0.449,0.3323,0.1775,0.0446,0.0454,0.1274,0.0632,0.0956,11,9,0,0,5,3,0,1,0,0,0.7119,0.453,0.0,0.0,0.0862,0.0928,0.0,0.0542,0.0,0.0,16,13,18.39,21.95
3629346,2022-02-26,esp,2021/2022,LaLiga,26,Jorge Figueroa Vázquez,8661,Mallorca,10267,Valencia,1,0,1,67,33,23,8,3,4,13,3,7,1,0,0,15,6,8,2,14,1,1,0,1,0,29,16,14,21,4,4,0,1,1,1,16,20,7,7,1,7,17,47,3,3,55,63,45.0,41.0,10.0,22.0,8.0,7.0,474,239,391.0,150.0,167,46,224,104,28.0,18.0,6.0,6.0,1.79,0.77,0.99,0.54,0.81,0.23,1.79,0.77,0.19,0.88,3,1,8,2,4,3,5,1,3,1,0.6262,0.1003,0.491,0.1921,0.2594,0.2927,0.3239,0.0154,0.0909,0.0231,13,7,0,0,5,1,5,0,0,0,0.9862,0.5233,0.0,0.0,0.4712,0.1003,0.334,0.0,0.0,0.0,23,8,16.48,17.36
3629346,2022-02-26,esp,2021/2022,LaLiga,26,Jorge Figueroa Vázquez,10267,Valencia,8661,Mallorca,0,1,0,33,67,8,23,4,3,3,13,1,7,0,0,6,15,2,8,1,14,0,1,0,1,16,29,21,14,4,4,1,0,1,1,20,16,7,7,7,1,47,17,3,3,63,55,41.0,45.0,22.0,10.0,7.0,8.0,239,474,150.0,391.0,46,167,104,224,18.0,28.0,6.0,6.0,0.77,1.79,0.54,0.99,0.23,0.81,0.77,1.79,0.88,0.19,1,3,2,8,3,4,1,5,1,3,0.1003,0.6262,0.1921,0.491,0.2927,0.2594,0.0154,0.3239,0.0231,0.0909,7,13,0,0,1,5,0,5,0,0,0.5233,0.9862,0.0,0.0,0.1003,0.4712,0.0,0.334,0.0,0.0,8,23,17.36,16.48
3629347,2022-02-26,esp,2021/2022,LaLiga,26,Santiago Jaime Latre,8305,Getafe,9866,Deportivo Alaves,1,2,2,49,51,12,7,3,3,8,4,1,0,0,0,8,5,4,2,6,1,2,3,2,1,17,8,7,24,2,4,1,0,4,4,9,22,7,16,0,1,15,30,1,1,56,60,35.0,30.0,21.0,30.0,3.0,1.0,347,347,217.0,222.0,115,137,102,85,37.0,25.0,4.0,3.0,1.07,1.01,0.81,0.98,0.26,0.03,1.07,1.01,1.04,1.41,1,0,4,3,3,2,1,1,3,1,0.4643,0.0,0.402,0.9137,0.0879,0.074,0.0313,0.0223,0.0841,0.0052,7,6,0,0,2,0,3,1,0,0,0.8091,0.989,0.0,0.0,0.161,0.0,0.0995,0.0262,0.0,0.0,12,7,19.2,19.27
3629347,2022-02-26,esp,2021/2022,LaLiga,26,Santiago Jaime Latre,9866,Deportivo Alaves,8305,Getafe,0,2,2,51,49,7,12,3,3,4,8,0,1,0,0,5,8,2,4,1,6,3,2,1,2,8,17,24,7,4,2,0,1,4,4,22,9,16,7,1,0,30,15,1,1,60,56,30.0,35.0,30.0,21.0,1.0,3.0,347,347,222.0,217.0,137,115,85,102,25.0,37.0,3.0,4.0,1.01,1.07,0.98,0.81,0.03,0.26,1.01,1.07,1.41,1.04,0,1,3,4,2,3,1,1,1,3,0.0,0.4643,0.9137,0.402,0.074,0.0879,0.0223,0.0313,0.0052,0.0841,6,7,0,0,0,2,1,3,0,0,0.989,0.8091,0.0,0.0,0.0,0.161,0.0262,0.0995,0.0,0.0,7,12,19.27,19.2
3629352,2022-02-26,esp,2021/2022,LaLiga,26,Isidro Díaz de Mera Escuderos,8370,Rayo Vallecano,8633,Real Madrid,1,0,1,34,66,19,13,5,6,10,2,4,5,1,0,15,10,4,3,5,9,1,3,1,2,26,32,20,5,5,3,0,0,0,5,12,18,7,8,5,3,24,9,5,5,35,63,23.0,54.0,12.0,9.0,6.0,17.0,332,683,270.0,599.0,147,236,123,363,20.0,32.0,13.0,3.0,0.92,2.11,0.69,1.6,0.24,0.51,0.92,2.11,0.67,1.67,2,1,11,5,2,4,3,2,1,1,0.1833,0.2505,0.6066,1.2772,0.0634,0.3603,0.0672,0.1757,0.0148,0.0414,13,9,0,0,6,3,0,1,0,0,0.7002,1.5983,0.0,0.0,0.2351,0.2564,0.0,0.2505,0.0,0.0,19,13,15.61,15.11
3629352,2022-02-26,esp,2021/2022,LaLiga,26,Isidro Díaz de Mera Escuderos,8633,Real Madrid,8370,Rayo Vallecano,0,1,0,66,34,13,19,6,5,2,10,5,4,0,1,10,15,3,4,9,5,3,1,2,1,32,26,5,20,3,5,0,0,5,0,18,12,8,7,3,5,9,24,5,5,63,35,54.0,23.0,9.0,12.0,17.0,6.0,683,332,599.0,270.0,236,147,363,123,32.0,20.0,3.0,13.0,2.11,0.92,1.6,0.69,0.51,0.24,2.11,0.92,1.67,0.67,1,2,5,11,4,2,2,3,1,1,0.2505,0.1833,1.2772,0.6066,0.3603,0.0634,0.1757,0.0672,0.0414,0.0148,9,13,0,0,3,6,1,0,0,0,1.5983,0.7002,0.0,0.0,0.2564,0.2351,0.2505,0.0,0.0,0.0,13,19,15.11,15.61
3629345,2022-02-27,esp,2021/2022,LaLiga,26,Guillermo Cuadra Fernández,8634,Barcelona,8315,Athletic Club,1,4,0,72,28,17,6,7,3,7,1,3,2,1,0,13,4,4,2,5,0,5,0,2,0,42,8,8,10,2,1,0,0,4,3,16,15,10,12,2,3,9,27,3,3,49,35,41.0,24.0,8.0,11.0,15.0,1.0,787,305,718.0,225.0,402,129,316,96,41.0,30.0,8.0,2.0,3.13,0.29,2.5,0.29,0.64,0.0,3.13,0.29,2.62,0.22,2,0,8,3,3,1,3,2,1,0,1.2998,0.0,1.5177,0.2112,0.1427,0.0241,0.2152,0.0561,0.0162,0.0,13,6,0,0,3,0,1,0,0,0,2.4952,0.2915,0.0,0.0,0.532,0.0,0.1644,0.0,0.0,0.0,17,6,13.83,18.53
3629345,2022-02-27,esp,2021/2022,LaLiga,26,Guillermo Cuadra Fernández,8315,Athletic Club,8634,Barcelona,0,0,4,28,72,6,17,3,7,1,7,2,3,0,1,4,13,2,4,0,5,0,5,0,2,8,42,10,8,1,2,0,0,3,4,15,16,12,10,3,2,27,9,3,3,35,49,24.0,41.0,11.0,8.0,1.0,15.0,305,787,225.0,718.0,129,402,96,316,30.0,41.0,2.0,8.0,0.29,3.13,0.29,2.5,0.0,0.64,0.29,3.13,0.22,2.62,0,2,3,8,1,3,2,3,0,1,0.0,1.2998,0.2112,1.5177,0.0241,0.1427,0.0561,0.2152,0.0,0.0162,6,13,0,0,0,3,0,1,0,0,0.2915,2.4952,0.0,0.0,0.0,0.532,0.0,0.1644,0.0,0.0,6,17,18.53,13.83
3629350,2022-02-27,esp,2021/2022,LaLiga,26,Antonio Miguel Mateu Lahoz,8560,Real Sociedad,8371,Osasuna,1,1,0,58,42,11,11,5,1,3,7,3,3,0,0,8,3,3,8,6,5,2,0,1,0,19,14,10,9,0,5,0,0,2,4,16,25,7,8,2,3,23,12,1,4,53,70,32.0,41.0,21.0,29.0,9.0,7.0,568,393,483.0,305.0,264,145,219,160,11.0,30.0,2.0,8.0,1.03,0.44,0.29,0.31,0.74,0.13,1.03,0.44,1.4,0.13,1,0,3,3,4,0,2,4,1,4,0.2541,0.0,0.5,0.2283,0.1193,0.0,0.128,0.143,0.0287,0.0728,6,9,1,0,4,0,0,2,0,0,0.2114,0.3132,0.0805,0.0,0.7382,0.0,0.0,0.1309,0.0,0.0,11,11,15.78,22.28
3629350,2022-02-27,esp,2021/2022,LaLiga,26,Antonio Miguel Mateu Lahoz,8371,Osasuna,8560,Real Sociedad,0,0,1,42,58,11,11,1,5,7,3,3,3,0,0,3,8,8,3,5,6,0,2,0,1,14,19,9,10,5,0,0,0,4,2,25,16,8,7,3,2,12,23,4,1,70,53,41.0,32.0,29.0,21.0,7.0,9.0,393,568,305.0,483.0,145,264,160,219,30.0,11.0,8.0,2.0,0.44,1.03,0.31,0.29,0.13,0.74,0.44,1.03,0.13,1.4,0,1,3,3,0,4,4,2,4,1,0.0,0.2541,0.2283,0.5,0.0,0.1193,0.143,0.128,0.0728,0.0287,9,6,0,1,0,4,2,0,0,0,0.3132,0.2114,0.0,0.0805,0.0,0.7382,0.1309,0.0,0.0,0.0,11,11,22.28,15.78
3629351,2022-02-27,esp,2021/2022,LaLiga,26,Carlos del Cerro Grande,8302,Sevilla,8603,Real Betis,1,2,1,46,54,12,10,3,2,5,5,4,3,0,0,11,6,1,4,4,4,2,1,1,1,19,18,13,16,6,3,0,0,7,2,21,14,14,8,3,4,9,14,1,1,59,45,43.0,34.0,16.0,11.0,7.0,7.0,376,454,289.0,366.0,165,174,124,192,34.0,24.0,5.0,4.0,1.44,1.12,0.58,0.94,0.07,0.19,0.65,1.12,1.63,0.49,1,1,6,2,4,3,1,3,0,1,0.2225,0.2403,1.0806,0.0754,0.11,0.1041,0.023,0.2193,0.0,0.0135,9,7,0,0,0,0,2,3,1,0,0.5761,0.5125,0.0,0.0,0.0,0.0,0.0717,0.1401,0.7884,0.0,12,10,14.78,17.72
3629351,2022-02-27,esp,2021/2022,LaLiga,26,Carlos del Cerro Grande,8603,Real Betis,8302,Sevilla,0,1,2,54,46,10,12,2,3,5,5,3,4,0,0,6,11,4,1,4,4,1,2,1,1,18,19,16,13,3,6,0,0,2,7,14,21,8,14,4,3,14,9,1,1,45,59,34.0,43.0,11.0,16.0,7.0,7.0,454,376,366.0,289.0,174,165,192,124,24.0,34.0,4.0,5.0,1.12,1.44,0.94,0.58,0.19,0.07,1.12,0.65,0.49,1.63,1,1,2,6,3,4,3,1,1,0,0.2403,0.2225,0.0754,1.0806,0.1041,0.11,0.2193,0.023,0.0135,0.0,7,9,0,0,0,0,3,2,0,1,0.5125,0.5761,0.0,0.0,0.0,0.0,0.1401,0.0717,0.0,0.7884,10,12,17.72,14.78
3629353,2022-02-27,esp,2021/2022,LaLiga,26,Ricardo De Burgos Bengoetxea,10205,Villarreal,8558,Espanyol,1,5,1,66,34,19,7,11,2,6,4,2,1,0,1,16,5,3,2,10,3,6,1,2,1,49,16,11,12,2,1,0,0,2,1,17,10,5,17,1,1,9,15,1,7,58,32,43.0,26.0,15.0,6.0,14.0,5.0,622,322,529.0,244.0,278,140,251,104,40.0,20.0,7.0,3.0,4.4,0.79,2.8,0.48,1.6,0.3,4.4,0.79,6.09,0.47,5,1,7,3,4,1,2,1,1,1,2.0215,0.0817,2.1001,0.9397,0.1901,0.035,0.1078,0.0205,0.0224,0.0237,10,4,1,0,8,3,0,0,0,0,2.619,0.7906,0.1815,0.0,1.6414,0.31,0.0,0.0,0.0,0.0,19,7,11.94,14.8
3629353,2022-02-27,esp,2021/2022,LaLiga,26,Ricardo De Burgos Bengoetxea,8558,Espanyol,10205,Villarreal,0,1,5,34,66,7,19,2,11,4,6,1,2,1,0,5,16,2,3,3,10,1,6,1,2,16,49,12,11,1,2,0,0,1,2,10,17,17,5,1,1,15,9,7,1,32,58,26.0,43.0,6.0,15.0,5.0,14.0,322,622,244.0,529.0,140,278,104,251,20.0,40.0,3.0,7.0,0.79,4.4,0.48,2.8,0.3,1.6,0.79,4.4,0.47,6.09,1,5,3,7,1,4,1,2,1,1,0.0817,2.0215,0.9397,2.1001,0.035,0.1901,0.0205,0.1078,0.0237,0.0224,4,10,0,1,3,8,0,0,0,0,0.7906,2.619,0.0,0.1815,0.31,1.6414,0.0,0.0,0.0,0.0,7,19,14.8,11.94
3629348,2022-02-28,esp,2021/2022,LaLiga,26,José María Sánchez Martínez,7878,Granada,8385,Cadiz,1,0,0,37,63,6,12,1,4,2,7,3,1,0,0,1,6,5,6,0,4,0,1,0,1,1,16,12,17,3,3,1,0,3,1,11,14,5,3,1,3,27,3,4,1,42,49,30.0,31.0,12.0,18.0,5.0,5.0,338,564,235.0,467.0,134,232,101,235,28.0,30.0,0.0,4.0,0.2,0.71,0.2,0.69,0.0,0.02,0.2,0.71,0.19,0.5,0,0,1,4,0,2,3,4,2,2,0.0,0.0,0.0782,0.3824,0.0,0.0976,0.0663,0.1898,0.0523,0.041,6,11,0,0,0,1,0,0,0,0,0.1969,0.6928,0.0,0.0,0.0,0.018,0.0,0.0,0.0,0.0,6,12,24.12,17.24
3629348,2022-02-28,esp,2021/2022,LaLiga,26,José María Sánchez Martínez,8385,Cadiz,7878,Granada,0,0,0,63,37,12,6,4,1,7,2,1,3,0,0,6,1,6,5,4,0,1,0,1,0,16,1,17,12,3,3,0,1,1,3,14,11,3,5,3,1,3,27,1,4,49,42,31.0,30.0,18.0,12.0,5.0,5.0,564,338,467.0,235.0,232,134,235,101,30.0,28.0,4.0,0.0,0.71,0.2,0.69,0.2,0.02,0.0,0.71,0.2,0.5,0.19,0,0,4,1,2,0,4,3,2,2,0.0,0.0,0.3824,0.0782,0.0976,0.0,0.1898,0.0663,0.041,0.0523,11,6,0,0,1,0,0,0,0,0,0.6928,0.1969,0.0,0.0,0.018,0.0,0.0,0.0,0.0,0.0,12,6,17.24,24.12
3629299,2022-03-02,esp,2021/2022,LaLiga,21,Mario Melero López,8661,Mallorca,8560,Real Sociedad,1,0,2,52,48,13,13,1,3,7,6,5,4,0,1,4,12,9,1,3,4,0,1,0,0,15,27,12,9,0,2,0,0,1,1,13,18,10,11,4,5,11,21,1,1,56,57,36.0,36.0,20.0,21.0,14.0,6.0,540,504,434.0,407.0,235,252,199,155,37.0,34.0,0.0,3.0,0.55,1.59,0.5,1.38,0.05,0.22,0.55,1.59,0.09,1.42,0,1,3,7,1,4,6,0,3,1,0.0,0.0893,0.2721,1.3306,0.0219,0.1341,0.2023,0.0,0.0513,0.0401,11,8,0,1,2,4,0,0,0,0,0.5017,1.3344,0.0,0.041,0.046,0.2186,0.0,0.0,0.0,0.0,13,13,21.07,13.22
3629299,2022-03-02,esp,2021/2022,LaLiga,21,Mario Melero López,8560,Real Sociedad,8661,Mallorca,0,2,0,48,52,13,13,3,1,6,7,4,5,1,0,12,4,1,9,4,3,1,0,0,0,27,15,9,12,2,0,0,0,1,1,18,13,11,10,5,4,21,11,1,1,57,56,36.0,36.0,21.0,20.0,6.0,14.0,504,540,407.0,434.0,252,235,155,199,34.0,37.0,3.0,0.0,1.59,0.55,1.38,0.5,0.22,0.05,1.59,0.55,1.42,0.09,1,0,7,3,4,1,0,6,1,3,0.0893,0.0,1.3306,0.2721,0.1341,0.0219,0.0,0.2023,0.0401,0.0513,8,11,1,0,4,2,0,0,0,0,1.3344,0.5017,0.041,0.0,0.2186,0.046,0.0,0.0,0.0,0.0,13,13,13.22,21.07
3629354,2022-03-04,esp,2021/2022,LaLiga,27,Javier Alberola Rojas,9866,Deportivo Alaves,8302,Sevilla,1,0,0,34,66,14,13,2,4,7,6,5,3,0,0,11,9,3,4,5,5,4,1,4,1,22,19,16,8,3,1,0,0,1,4,16,12,14,9,2,5,29,19,4,2,54,57,29.0,37.0,25.0,20.0,5.0,10.0,275,570,167.0,441.0,65,286,102,155,31.0,49.0,10.0,4.0,1.41,1.17,1.13,0.97,0.28,0.2,1.41,1.17,0.79,0.87,1,1,8,6,2,2,2,1,1,3,0.0629,0.3609,1.2086,0.6694,0.0939,0.1222,0.0443,0.0946,0.0038,0.0623,9,8,1,0,1,5,3,0,0,0,1.0529,1.1115,0.0804,0.0,0.0629,0.1979,0.2172,0.0,0.0,0.0,14,13,15.25,14.55
3629354,2022-03-04,esp,2021/2022,LaLiga,27,Javier Alberola Rojas,8302,Sevilla,9866,Deportivo Alaves,0,0,0,66,34,13,14,4,2,6,7,3,5,0,0,9,11,4,3,5,5,1,4,1,4,19,22,8,16,1,3,0,0,4,1,12,16,9,14,5,2,19,29,2,4,57,54,37.0,29.0,20.0,25.0,10.0,5.0,570,275,441.0,167.0,286,65,155,102,49.0,31.0,4.0,10.0,1.17,1.41,0.97,1.13,0.2,0.28,1.17,1.41,0.87,0.79,1,1,6,8,2,2,1,2,3,1,0.3609,0.0629,0.6694,1.2086,0.1222,0.0939,0.0946,0.0443,0.0623,0.0038,8,9,0,1,5,1,0,3,0,0,1.1115,1.0529,0.0,0.0804,0.1979,0.0629,0.0,0.2172,0.0,0.0,13,14,14.55,15.25
3629359,2022-03-05,esp,2021/2022,LaLiga,27,Adrián Cordero Vega,8558,Espanyol,8305,Getafe,1,2,0,55,45,4,12,1,3,2,5,1,4,0,0,1,5,3,7,1,5,0,0,0,0,2,20,17,15,6,5,0,0,5,1,24,18,10,6,4,1,34,10,3,0,80,71,50.0,45.0,30.0,26.0,14.0,11.0,494,384,381.0,278.0,219,154,162,124,38.0,31.0,1.0,5.0,0.09,0.39,0.03,0.19,0.05,0.2,0.09,0.39,0.12,0.41,0,0,1,4,0,1,1,3,2,4,0.0,0.0,0.0447,0.1638,0.0,0.0295,0.0179,0.0821,0.0231,0.1185,2,7,0,0,1,1,1,4,0,0,0.0329,0.1911,0.0,0.0,0.0447,0.0433,0.0081,0.1595,0.0,0.0,4,12,22.54,19.99
3629359,2022-03-05,esp,2021/2022,LaLiga,27,Adrián Cordero Vega,8305,Getafe,8558,Espanyol,0,0,2,45,55,12,4,3,1,5,2,4,1,0,0,5,1,7,3,5,1,0,0,0,0,20,2,15,17,5,6,0,0,1,5,18,24,6,10,1,4,10,34,0,3,71,80,45.0,50.0,26.0,30.0,11.0,14.0,384,494,278.0,381.0,154,219,124,162,31.0,38.0,5.0,1.0,0.39,0.09,0.19,0.03,0.2,0.05,0.39,0.09,0.41,0.12,0,0,4,1,1,0,3,1,4,2,0.0,0.0,0.1638,0.0447,0.0295,0.0,0.0821,0.0179,0.1185,0.0231,7,2,0,0,1,1,4,1,0,0,0.1911,0.0329,0.0,0.0,0.0433,0.0447,0.1595,0.0081,0.0,0.0,12,4,19.99,22.54
3629360,2022-03-05,esp,2021/2022,LaLiga,27,José Luis Munuera Montero,8371,Osasuna,10205,Villarreal,1,1,0,28,72,12,10,3,1,8,4,1,5,0,0,9,8,3,2,6,8,2,0,1,0,20,29,12,6,1,0,0,0,2,3,21,6,8,9,5,1,23,10,1,2,33,51,27.0,30.0,6.0,21.0,0.0,12.0,251,679,156.0,588.0,69,297,87,291,30.0,30.0,5.0,4.0,0.79,0.49,0.57,0.47,0.21,0.02,0.79,0.49,0.6,0.09,1,0,6,6,2,2,2,2,1,0,0.031,0.0,0.5467,0.3255,0.1235,0.0994,0.0712,0.067,0.013,0.0,7,9,0,0,5,1,0,0,0,0,0.5726,0.4718,0.0,0.0,0.2128,0.02,0.0,0.0,0.0,0.0,12,10,15.67,16.5
3629360,2022-03-05,esp,2021/2022,LaLiga,27,José Luis Munuera Montero,10205,Villarreal,8371,Osasuna,0,0,1,72,28,10,12,1,3,4,8,5,1,0,0,8,9,2,3,8,6,0,2,0,1,29,20,6,12,0,1,0,0,3,2,6,21,9,8,1,5,10,23,2,1,51,33,30.0,27.0,21.0,6.0,12.0,0.0,679,251,588.0,156.0,297,69,291,87,30.0,30.0,4.0,5.0,0.49,0.79,0.47,0.57,0.02,0.21,0.49,0.79,0.09,0.6,0,1,6,6,2,2,2,2,0,1,0.0,0.031,0.3255,0.5467,0.0994,0.1235,0.067,0.0712,0.0,0.013,9,7,0,0,1,5,0,0,0,0,0.4718,0.5726,0.0,0.0,0.02,0.2128,0.0,0.0,0.0,0.0,10,12,16.5,15.67
3629361,2022-03-05,esp,2021/2022,LaLiga,27,Jesús Gil Manzano,8633,Real Madrid,8560,Real Sociedad,1,4,1,64,36,18,1,8,1,4,0,6,0,0,0,8,1,10,0,7,1,2,1,0,0,37,7,12,14,0,2,0,0,3,0,12,13,2,10,0,6,4,34,0,4,49,38,36.0,33.0,13.0,5.0,10.0,8.0,657,377,590.0,308.0,205,196,385,112,36.0,18.0,5.0,0.0,1.99,0.79,0.96,0.0,0.23,0.0,1.2,0.0,3.49,0.99,1,0,4,1,3,0,8,0,2,0,0.113,0.0,1.3628,0.7884,0.1251,0.0,0.3447,0.0,0.042,0.0,13,0,0,0,1,0,3,0,1,1,0.9646,0.0,0.0,0.0,0.0193,0.0,0.2154,0.0,0.7884,0.7884,18,1,19.98,11.0
3629361,2022-03-05,esp,2021/2022,LaLiga,27,Jesús Gil Manzano,8560,Real Sociedad,8633,Real Madrid,0,1,4,36,64,1,18,1,8,0,4,0,6,0,0,1,8,0,10,1,7,1,2,0,0,7,37,14,12,2,0,0,0,0,3,13,12,10,2,6,0,34,4,4,0,38,49,33.0,36.0,5.0,13.0,8.0,10.0,377,657,308.0,590.0,196,205,112,385,18.0,36.0,0.0,5.0,0.79,1.99,0.0,0.96,0.0,0.23,0.0,1.2,0.99,3.49,0,1,1,4,0,3,0,8,0,2,0.0,0.113,0.7884,1.3628,0.0,0.1251,0.0,0.3447,0.0,0.042,0,13,0,0,0,1,0,3,1,1,0.0,0.9646,0.0,0.0,0.0,0.0193,0.0,0.2154,0.7884,0.7884,1,18,11.0,19.98
3629362,2022-03-05,esp,2021/2022,LaLiga,27,Valentín Pizarro Gómez,10267,Valencia,7878,Granada,1,3,1,52,48,12,7,4,0,6,6,2,1,0,0,7,3,5,4,3,6,3,0,1,0,20,13,14,13,3,3,0,0,1,2,10,14,6,7,1,2,15,22,0,1,39,49,28.0,39.0,11.0,10.0,5.0,11.0,360,328,267.0,222.0,124,114,143,108,25.0,15.0,6.0,3.0,1.61,0.43,0.34,0.28,0.48,0.15,0.82,0.43,1.31,0.0,1,0,5,2,1,1,1,1,4,3,0.267,0.0,1.0698,0.3544,0.1051,0.0249,0.0455,0.0175,0.1195,0.0328,6,5,0,0,0,2,5,0,1,0,0.3354,0.2765,0.0,0.0,0.0,0.153,0.4831,0.0,0.7884,0.0,12,7,18.69,25.04
3629362,2022-03-05,esp,2021/2022,LaLiga,27,Valentín Pizarro Gómez,7878,Granada,10267,Valencia,0,1,3,48,52,7,12,0,4,6,6,1,2,0,0,3,7,4,5,6,3,0,3,0,1,13,20,13,14,3,3,0,0,2,1,14,10,7,6,2,1,22,15,1,0,49,39,39.0,28.0,10.0,11.0,11.0,5.0,328,360,222.0,267.0,114,124,108,143,15.0,25.0,3.0,6.0,0.43,1.61,0.28,0.34,0.15,0.48,0.43,0.82,0.0,1.31,0,1,2,5,1,1,1,1,3,4,0.0,0.267,0.3544,1.0698,0.0249,0.1051,0.0175,0.0455,0.0328,0.1195,5,6,0,0,2,0,0,5,0,1,0.2765,0.3354,0.0,0.0,0.153,0.0,0.0,0.4831,0.0,0.7884,7,12,25.04,18.69
3629356,2022-03-06,esp,2021/2022,LaLiga,27,Guillermo Cuadra Fernández,8603,Real Betis,9906,Atletico Madrid,1,1,3,65,35,18,8,6,6,4,2,8,0,0,1,9,8,9,0,10,3,2,7,2,4,24,16,16,10,5,3,0,0,0,1,14,23,6,6,0,8,5,25,3,5,49,59,33.0,46.0,16.0,13.0,9.0,8.0,578,314,494.0,225.0,204,124,290,101,32.0,27.0,8.0,2.0,1.02,2.84,0.51,2.4,0.51,0.44,1.02,2.84,0.62,3.03,1,1,6,6,2,1,4,0,5,0,0.0304,0.4089,0.5365,2.4275,0.203,0.0204,0.1105,0.0,0.1419,0.0,10,4,0,2,5,2,3,0,0,0,0.5111,1.8392,0.0,0.5625,0.341,0.4551,0.1702,0.0,0.0,0.0,18,8,18.07,9.67
3629356,2022-03-06,esp,2021/2022,LaLiga,27,Guillermo Cuadra Fernández,9906,Atletico Madrid,8603,Real Betis,0,3,1,35,65,8,18,6,6,2,4,0,8,1,0,8,9,0,9,3,10,7,2,4,2,16,24,10,16,3,5,0,0,1,0,23,14,6,6,8,0,25,5,5,3,59,49,46.0,33.0,13.0,16.0,8.0,9.0,314,578,225.0,494.0,124,204,101,290,27.0,32.0,2.0,8.0,2.84,1.02,2.4,0.51,0.44,0.51,2.84,1.02,3.03,0.62,1,1,6,6,1,2,0,4,0,5,0.4089,0.0304,2.4275,0.5365,0.0204,0.203,0.0,0.1105,0.0,0.1419,4,10,2,0,2,5,0,3,0,0,1.8392,0.5111,0.5625,0.0,0.4551,0.341,0.0,0.1702,0.0,0.0,8,18,9.67,18.07
3629357,2022-03-06,esp,2021/2022,LaLiga,27,Miguel Ángel Ortiz Arias,9910,Celta Vigo,8661,Mallorca,1,4,3,59,41,16,12,8,3,4,5,4,4,1,1,9,8,7,4,4,5,4,2,1,0,26,15,17,9,3,4,1,1,0,0,12,19,9,5,3,3,11,16,1,4,44,66,29.0,41.0,15.0,25.0,9.0,7.0,559,377,469.0,285.0,271,165,198,120,29.0,24.0,2.0,4.0,2.75,1.59,1.87,0.65,0.09,0.15,1.96,0.8,1.93,1.33,0,1,8,5,1,2,4,3,3,1,0.0,0.2576,2.5217,1.0908,0.0394,0.0972,0.2062,0.1345,0.0693,0.0068,13,8,0,0,2,1,0,2,1,1,1.9601,0.6486,0.0,0.0,0.0881,0.0377,0.0,0.1122,0.7884,0.7884,16,12,16.72,14.85
3629357,2022-03-06,esp,2021/2022,LaLiga,27,Miguel Ángel Ortiz Arias,8661,Mallorca,9910,Celta Vigo,0,3,4,41,59,12,16,3,8,5,4,4,4,1,1,8,9,4,7,5,4,2,4,0,1,15,26,9,17,4,3,1,1,0,0,19,12,5,9,3,3,16,11,4,1,66,44,41.0,29.0,25.0,15.0,7.0,9.0,377,559,285.0,469.0,165,271,120,198,24.0,29.0,4.0,2.0,1.59,2.75,0.65,1.87,0.15,0.09,0.8,1.96,1.33,1.93,1,0,5,8,2,1,3,4,1,3,0.2576,0.0,1.0908,2.5217,0.0972,0.0394,0.1345,0.2062,0.0068,0.0693,8,13,0,0,1,2,2,0,1,1,0.6486,1.9601,0.0,0.0,0.0377,0.0881,0.1122,0.0,0.7884,0.7884,12,16,14.85,16.72
3629358,2022-03-06,esp,2021/2022,LaLiga,27,César Soto Grado,8385,Cadiz,8370,Rayo Vallecano,1,2,0,46,54,13,14,7,3,5,7,1,4,0,1,10,7,3,7,5,6,1,1,0,1,26,15,23,15,5,3,0,0,1,2,14,12,10,9,4,1,15,21,3,5,53,54,37.0,38.0,16.0,16.0,8.0,5.0,334,381,241.0,307.0,129,149,112,158,36.0,29.0,8.0,7.0,1.15,1.13,0.86,0.93,0.29,0.2,1.15,1.13,1.52,1.08,2,1,6,3,2,3,2,3,1,4,0.1869,0.3336,0.831,0.5876,0.0879,0.0859,0.0306,0.0485,0.013,0.0759,8,7,0,0,3,4,2,3,0,0,0.86,0.9309,0.0,0.0,0.2499,0.0586,0.0394,0.142,0.0,0.0,13,14,14.86,19.79
3629358,2022-03-06,esp,2021/2022,LaLiga,27,César Soto Grado,8370,Rayo Vallecano,8385,Cadiz,0,0,2,54,46,14,13,3,7,7,5,4,1,1,0,7,10,7,3,6,5,1,1,1,0,15,26,15,23,3,5,0,0,2,1,12,14,9,10,1,4,21,15,5,3,54,53,38.0,37.0,16.0,16.0,5.0,8.0,381,334,307.0,241.0,149,129,158,112,29.0,36.0,7.0,8.0,1.13,1.15,0.93,0.86,0.2,0.29,1.13,1.15,1.08,1.52,1,2,3,6,3,2,3,2,4,1,0.3336,0.1869,0.5876,0.831,0.0859,0.0879,0.0485,0.0306,0.0759,0.013,7,8,0,0,4,3,3,2,0,0,0.9309,0.86,0.0,0.0,0.0586,0.2499,0.142,0.0394,0.0,0.0,14,13,19.79,14.86
3629363,2022-03-06,esp,2021/2022,LaLiga,27,Alejandro José Hernández Hernández,10268,Elche,8634,Barcelona,1,1,2,32,68,13,20,3,9,5,9,5,2,0,0,10,16,3,4,5,6,1,8,1,6,22,35,10,8,2,6,1,0,3,4,16,19,9,5,2,5,18,7,6,2,33,54,25.0,41.0,8.0,13.0,3.0,14.0,265,574,184.0,494.0,98,229,86,265,28.0,23.0,11.0,7.0,1.22,4.12,1.07,3.24,0.15,0.09,1.22,3.33,1.15,3.15,1,1,7,12,2,3,2,4,1,0,0.3508,0.6299,0.4796,3.2239,0.125,0.279,0.1143,0.1174,0.0204,0.0,9,15,1,1,2,1,1,2,0,1,0.6258,3.355,0.3508,0.0213,0.0556,0.0125,0.0579,0.0729,0.0,0.7884,13,20,15.36,13.76
3629363,2022-03-06,esp,2021/2022,LaLiga,27,Alejandro José Hernández Hernández,8634,Barcelona,10268,Elche,0,2,1,68,32,20,13,9,3,9,5,2,5,0,0,16,10,4,3,6,5,8,1,6,1,35,22,8,10,6,2,0,1,4,3,19,16,5,9,5,2,7,18,2,6,54,33,41.0,25.0,13.0,8.0,14.0,3.0,574,265,494.0,184.0,229,98,265,86,23.0,28.0,7.0,11.0,4.12,1.22,3.24,1.07,0.09,0.15,3.33,1.22,3.15,1.15,1,1,12,7,3,2,4,2,0,1,0.6299,0.3508,3.2239,0.4796,0.279,0.125,0.1174,0.1143,0.0,0.0204,15,9,1,1,1,2,2,1,1,0,3.355,0.6258,0.0213,0.3508,0.0125,0.0556,0.0729,0.0579,0.7884,0.0,20,13,13.76,15.36
3629355,2022-03-07,esp,2021/2022,LaLiga,27,Alejandro Muñíz Ruiz,8315,Athletic Club,8581,Levante,1,3,1,50,50,17,5,9,2,5,2,3,1,1,1,14,3,3,2,4,3,7,1,4,0,25,13,6,14,1,2,0,0,3,0,12,19,15,11,1,4,10,17,1,5,51,40,38.0,33.0,13.0,7.0,13.0,8.0,451,458,370.0,359.0,161,259,209,100,16.0,41.0,7.0,3.0,3.15,0.52,2.02,0.52,0.34,0.09,2.36,0.52,3.84,0.4,2,0,8,2,4,1,0,1,3,1,0.6222,0.0,1.9417,0.4081,0.4735,0.015,0.0,0.0741,0.1127,0.0243,11,5,1,0,3,0,1,0,1,0,1.6432,0.5215,0.3746,0.0,0.1904,0.0,0.1534,0.0,0.7884,0.0,17,5,13.64,15.76
3629355,2022-03-07,esp,2021/2022,LaLiga,27,Alejandro Muñíz Ruiz,8581,Levante,8315,Athletic Club,0,1,3,50,50,5,17,2,9,2,5,1,3,1,1,3,14,2,3,3,4,1,7,0,4,13,25,14,6,2,1,0,0,0,3,19,12,11,15,4,1,17,10,5,1,40,51,33.0,38.0,7.0,13.0,8.0,13.0,458,451,359.0,370.0,259,161,100,209,41.0,16.0,3.0,7.0,0.52,3.15,0.52,2.02,0.09,0.34,0.52,2.36,0.4,3.84,0,2,2,8,1,4,1,0,1,3,0.0,0.6222,0.4081,1.9417,0.015,0.4735,0.0741,0.0,0.0243,0.1127,5,11,0,1,0,3,0,1,0,1,0.5215,1.6432,0.0,0.3746,0.0,0.1904,0.0,0.1534,0.0,0.7884,5,17,15.76,13.64
3629364,2022-03-11,esp,2021/2022,LaLiga,28,Pablo González Fuertes,9906,Atletico Madrid,8385,Cadiz,1,2,1,46,54,6,14,5,3,1,10,0,1,0,0,3,7,3,7,0,4,2,1,0,0,8,19,23,14,4,1,1,0,1,0,24,11,7,7,2,0,21,1,1,3,70,65,41.0,46.0,29.0,19.0,5.0,13.0,394,449,314.0,359.0,170,177,144,182,16.0,42.0,1.0,4.0,0.36,0.83,0.36,0.4,0.0,0.43,0.36,0.83,1.82,1.27,0,2,1,3,2,2,2,4,1,3,0.0,0.2099,0.0928,0.3153,0.1509,0.0283,0.0447,0.2117,0.0431,0.0614,6,10,0,0,0,1,0,3,0,0,0.3315,0.4425,0.0,0.0,0.0,0.0723,0.0,0.3118,0.0,0.0,6,14,21.06,17.56
3629364,2022-03-11,esp,2021/2022,LaLiga,28,Pablo González Fuertes,8385,Cadiz,9906,Atletico Madrid,0,1,2,54,46,14,6,3,5,10,1,1,0,0,0,7,3,7,3,4,0,1,2,0,0,19,8,14,23,1,4,0,1,0,1,11,24,7,7,0,2,1,21,3,1,65,70,46.0,41.0,19.0,29.0,13.0,5.0,449,394,359.0,314.0,177,170,182,144,42.0,16.0,4.0,1.0,0.83,0.36,0.4,0.36,0.43,0.0,0.83,0.36,1.27,1.82,2,0,3,1,2,2,4,2,3,1,0.2099,0.0,0.3153,0.0928,0.0283,0.1509,0.2117,0.0447,0.0614,0.0431,10,6,0,0,1,0,3,0,0,0,0.4425,0.3315,0.0,0.0,0.0723,0.0,0.3118,0.0,0.0,0.0,14,6,17.56,21.06
3629368,2022-03-12,esp,2021/2022,LaLiga,28,Guillermo Cuadra Fernández,8305,Getafe,10267,Valencia,1,0,0,53,47,16,6,6,0,6,6,4,0,0,0,8,2,8,4,5,3,1,0,1,0,19,8,18,21,6,5,0,0,2,3,11,13,6,10,0,4,17,33,1,6,58,64,39.0,40.0,19.0,24.0,8.0,10.0,372,339,253.0,227.0,108,114,145,113,28.0,28.0,4.0,3.0,0.91,0.25,0.4,0.18,0.52,0.07,0.91,0.25,0.98,0.0,1,0,5,2,2,0,5,3,3,1,0.2915,0.0,0.2728,0.1163,0.09,0.0,0.1835,0.1095,0.077,0.0196,8,3,1,0,1,1,6,2,0,0,0.3706,0.1776,0.0291,0.0,0.2915,0.0102,0.2237,0.0577,0.0,0.0,16,6,19.66,23.15
3629368,2022-03-12,esp,2021/2022,LaLiga,28,Guillermo Cuadra Fernández,10267,Valencia,8305,Getafe,0,0,0,47,53,6,16,0,6,6,6,0,4,0,0,2,8,4,8,3,5,0,1,0,1,8,19,21,18,5,6,0,0,3,2,13,11,10,6,4,0,33,17,6,1,64,58,40.0,39.0,24.0,19.0,10.0,8.0,339,372,227.0,253.0,114,108,113,145,28.0,28.0,3.0,4.0,0.25,0.91,0.18,0.4,0.07,0.52,0.25,0.91,0.0,0.98,0,1,2,5,0,2,3,5,1,3,0.0,0.2915,0.1163,0.2728,0.0,0.09,0.1095,0.1835,0.0196,0.077,3,8,0,1,1,1,2,6,0,0,0.1776,0.3706,0.0,0.0291,0.0102,0.2915,0.0577,0.2237,0.0,0.0,6,16,23.15,19.66
3629369,2022-03-12,esp,2021/2022,LaLiga,28,Carlos del Cerro Grande,7878,Granada,10268,Elche,1,0,1,57,43,15,13,4,2,6,6,5,5,1,0,9,8,6,5,3,3,3,1,3,0,26,21,15,16,3,6,0,0,1,1,18,11,11,7,5,4,10,20,1,4,57,51,42.0,33.0,15.0,18.0,9.0,7.0,504,390,395.0,288.0,211,118,184,170,33.0,29.0,8.0,5.0,1.39,1.19,1.39,1.13,0.0,0.06,1.39,1.19,1.24,0.97,0,1,5,5,4,2,5,5,1,0,0.0,0.3412,0.9284,0.63,0.2548,0.0583,0.2071,0.1635,0.0104,0.0,15,10,0,0,0,2,0,1,0,0,1.4007,1.1336,0.0,0.0,0.0,0.044,0.0,0.0154,0.0,0.0,15,13,18.64,16.7
3629369,2022-03-12,esp,2021/2022,LaLiga,28,Carlos del Cerro Grande,10268,Elche,7878,Granada,0,1,0,43,57,13,15,2,4,6,6,5,5,0,1,8,9,5,6,3,3,1,3,0,3,21,26,16,15,6,3,0,0,1,1,11,18,7,11,4,5,20,10,4,1,51,57,33.0,42.0,18.0,15.0,7.0,9.0,390,504,288.0,395.0,118,211,170,184,29.0,33.0,5.0,8.0,1.19,1.39,1.13,1.39,0.06,0.0,1.19,1.39,0.97,1.24,1,0,5,5,2,4,5,5,0,1,0.3412,0.0,0.63,0.9284,0.0583,0.2548,0.1635,0.2071,0.0,0.0104,10,15,0,0,2,0,1,0,0,0,1.1336,1.4007,0.0,0.0,0.044,0.0,0.0154,0.0,0.0,0.0,13,15,16.7,18.64
3629370,2022-03-12,esp,2021/2022,LaLiga,28,Isidro Díaz de Mera Escuderos,8581,Levante,8558,Espanyol,1,1,1,56,44,14,6,3,1,7,4,4,1,1,1,8,3,6,3,8,2,2,1,1,0,33,10,17,10,4,4,0,0,3,1,8,20,4,7,1,4,10,30,0,2,40,55,30.0,43.0,10.0,12.0,12.0,6.0,480,387,398.0,307.0,170,142,228,165,24.0,30.0,8.0,2.0,1.07,0.38,0.82,0.38,0.25,0.0,1.07,0.38,0.6,0.77,2,0,6,2,0,1,3,2,3,1,0.6227,0.0,0.3184,0.1115,0.0,0.1907,0.0977,0.0608,0.0334,0.0181,7,6,0,0,6,0,1,0,0,0,0.8229,0.3811,0.0,0.0,0.2168,0.0,0.0326,0.0,0.0,0.0,14,6,16.41,20.82
3629370,2022-03-12,esp,2021/2022,LaLiga,28,Isidro Díaz de Mera Escuderos,8558,Espanyol,8581,Levante,0,1,1,44,56,6,14,1,3,4,7,1,4,1,1,3,8,3,6,2,8,1,2,0,1,10,33,10,17,4,4,0,0,1,3,20,8,7,4,4,1,30,10,2,0,55,40,43.0,30.0,12.0,10.0,6.0,12.0,387,480,307.0,398.0,142,170,165,228,30.0,24.0,2.0,8.0,0.38,1.07,0.38,0.82,0.0,0.25,0.38,1.07,0.77,0.6,0,2,2,6,1,0,2,3,1,3,0.0,0.6227,0.1115,0.3184,0.1907,0.0,0.0608,0.0977,0.0181,0.0334,6,7,0,0,0,6,0,1,0,0,0.3811,0.8229,0.0,0.0,0.0,0.2168,0.0,0.0326,0.0,0.0,6,14,20.82,16.41
3629373,2022-03-12,esp,2021/2022,LaLiga,28,Santiago Jaime Latre,10205,Villarreal,9910,Celta Vigo,1,1,0,50,50,10,12,3,2,5,6,2,4,0,0,8,5,2,7,5,6,1,1,1,1,23,20,12,14,1,2,0,0,2,2,6,18,5,12,5,2,25,11,1,2,58,47,41.0,39.0,17.0,8.0,21.0,9.0,443,436,365.0,355.0,164,170,201,185,31.0,21.0,6.0,2.0,1.26,0.83,1.21,0.77,0.05,0.06,1.26,0.83,0.39,0.2,1,1,5,3,2,1,1,6,1,1,0.0471,0.0907,1.0522,0.4686,0.0827,0.0223,0.0608,0.238,0.0186,0.0147,8,9,1,0,0,2,1,1,0,0,1.1535,0.774,0.0608,0.0,0.0,0.0459,0.0471,0.0144,0.0,0.0,10,12,13.91,19.51
3629373,2022-03-12,esp,2021/2022,LaLiga,28,Santiago Jaime Latre,9910,Celta Vigo,10205,Villarreal,0,0,1,50,50,12,10,2,3,6,5,4,2,0,0,5,8,7,2,6,5,1,1,1,1,20,23,14,12,2,1,0,0,2,2,18,6,12,5,2,5,11,25,2,1,47,58,39.0,41.0,8.0,17.0,9.0,21.0,436,443,355.0,365.0,170,164,185,201,21.0,31.0,2.0,6.0,0.83,1.26,0.77,1.21,0.06,0.05,0.83,1.26,0.2,0.39,1,1,3,5,1,2,6,1,1,1,0.0907,0.0471,0.4686,1.0522,0.0223,0.0827,0.238,0.0608,0.0147,0.0186,9,8,0,1,2,0,1,1,0,0,0.774,1.1535,0.0,0.0608,0.0459,0.0,0.0144,0.0471,0.0,0.0,12,10,19.51,13.91
3629365,2022-03-13,esp,2021/2022,LaLiga,28,Ricardo De Burgos Bengoetxea,8634,Barcelona,8371,Osasuna,1,4,0,72,28,24,4,9,3,7,1,8,0,0,0,15,1,9,3,5,1,6,0,2,0,43,5,7,4,0,4,0,0,4,3,18,16,8,12,0,7,4,18,3,6,36,38,32.0,28.0,4.0,10.0,11.0,5.0,878,340,807.0,263.0,307,180,500,83,38.0,25.0,3.0,1.0,3.67,0.17,2.4,0.17,0.48,0.0,2.88,0.17,4.03,0.18,1,1,7,0,7,0,8,1,1,2,0.3954,0.113,2.6093,0.0,0.3639,0.0,0.2748,0.0135,0.0255,0.043,19,4,0,0,4,0,0,0,1,0,2.4031,0.1696,0.0,0.0,0.4774,0.0,0.0,0.0,0.7884,0.0,24,4,17.67,25.5
3629365,2022-03-13,esp,2021/2022,LaLiga,28,Ricardo De Burgos Bengoetxea,8371,Osasuna,8634,Barcelona,0,0,4,28,72,4,24,3,9,1,7,0,8,0,0,1,15,3,9,1,5,0,6,0,2,5,43,4,7,4,0,0,0,3,4,16,18,12,8,7,0,18,4,6,3,38,36,28.0,32.0,10.0,4.0,5.0,11.0,340,878,263.0,807.0,180,307,83,500,25.0,38.0,1.0,3.0,0.17,3.67,0.17,2.4,0.0,0.48,0.17,2.88,0.18,4.03,1,1,0,7,0,7,1,8,2,1,0.113,0.3954,0.0,2.6093,0.0,0.3639,0.0135,0.2748,0.043,0.0255,4,19,0,0,0,4,0,0,0,1,0.1696,2.4031,0.0,0.0,0.0,0.4774,0.0,0.0,0.0,0.7884,4,24,25.5,17.67
3629366,2022-03-13,esp,2021/2022,LaLiga,28,Antonio Miguel Mateu Lahoz,8603,Real Betis,8315,Athletic Club,1,1,0,51,49,8,11,5,2,2,6,1,3,0,0,6,6,2,5,5,6,2,1,1,1,16,27,17,12,4,5,1,0,3,4,13,12,12,10,2,1,26,11,2,4,34,50,28.0,37.0,6.0,13.0,4.0,8.0,431,399,354.0,326.0,206,179,148,147,33.0,24.0,4.0,4.0,0.68,0.51,0.63,0.4,0.05,0.11,0.68,0.51,2.13,0.23,1,0,3,3,2,3,0,2,2,3,0.1918,0.0,0.3661,0.2508,0.0544,0.1371,0.0,0.0687,0.0689,0.0539,6,9,0,1,0,0,2,1,0,0,0.6283,0.3301,0.0,0.0671,0.0,0.0,0.0529,0.1133,0.0,0.0,8,11,16.6,18.79
3629366,2022-03-13,esp,2021/2022,LaLiga,28,Antonio Miguel Mateu Lahoz,8315,Athletic Club,8603,Real Betis,0,0,1,49,51,11,8,2,5,6,2,3,1,0,0,6,6,5,2,6,5,1,2,1,1,27,16,12,17,5,4,0,1,4,3,12,13,10,12,1,2,11,26,4,2,50,34,37.0,28.0,13.0,6.0,8.0,4.0,399,431,326.0,354.0,179,206,147,148,24.0,33.0,4.0,4.0,0.51,0.68,0.4,0.63,0.11,0.05,0.51,0.68,0.23,2.13,0,1,3,3,3,2,2,0,3,2,0.0,0.1918,0.2508,0.3661,0.1371,0.0544,0.0687,0.0,0.0539,0.0689,9,6,1,0,0,0,1,2,0,0,0.3301,0.6283,0.0671,0.0,0.0,0.0,0.1133,0.0529,0.0,0.0,11,8,18.79,16.6
3629371,2022-03-13,esp,2021/2022,LaLiga,28,Jorge Figueroa Vázquez,8560,Real Sociedad,9866,Deportivo Alaves,1,1,0,60,40,15,13,6,4,6,2,3,7,1,0,13,9,2,4,6,4,5,0,4,0,24,24,15,12,1,1,0,0,1,7,13,11,7,8,7,4,26,19,4,4,57,52,29.0,28.0,28.0,24.0,7.0,2.0,473,312,350.0,196.0,232,100,118,96,33.0,30.0,6.0,2.0,2.31,0.78,1.76,0.49,0.56,0.29,2.31,0.78,1.79,0.42,3,1,6,6,4,2,2,1,0,3,0.7921,0.0998,0.9679,0.541,0.3545,0.0695,0.1982,0.0226,0.0,0.0666,12,9,1,1,0,1,2,2,0,0,1.7157,0.4835,0.0401,0.0246,0.0,0.0466,0.5569,0.2447,0.0,0.0,15,13,11.57,16.35
3629371,2022-03-13,esp,2021/2022,LaLiga,28,Jorge Figueroa Vázquez,9866,Deportivo Alaves,8560,Real Sociedad,0,0,1,40,60,13,15,4,6,2,6,7,3,0,1,9,13,4,2,4,6,0,5,0,4,24,24,12,15,1,1,0,0,7,1,11,13,8,7,4,7,19,26,4,4,52,57,28.0,29.0,24.0,28.0,2.0,7.0,312,473,196.0,350.0,100,232,96,118,30.0,33.0,2.0,6.0,0.78,2.31,0.49,1.76,0.29,0.56,0.78,2.31,0.42,1.79,1,3,6,6,2,4,1,2,3,0,0.0998,0.7921,0.541,0.9679,0.0695,0.3545,0.0226,0.1982,0.0666,0.0,9,12,1,1,1,0,2,2,0,0,0.4835,1.7157,0.0246,0.0401,0.0466,0.0,0.2447,0.5569,0.0,0.0,13,15,16.35,11.57
3629372,2022-03-13,esp,2021/2022,LaLiga,28,Juan Martínez Munuera,8370,Rayo Vallecano,8302,Sevilla,1,1,1,43,57,10,3,2,2,4,1,4,0,1,1,7,3,3,0,5,6,1,1,1,0,16,12,16,15,0,1,0,0,3,1,13,11,9,7,0,4,24,19,1,1,53,46,38.0,32.0,15.0,14.0,11.0,9.0,321,438,229.0,330.0,105,221,124,109,29.0,29.0,3.0,3.0,0.37,0.28,0.26,0.25,0.1,0.03,0.37,0.28,0.37,0.96,0,1,4,1,3,1,3,0,0,0,0.0,0.2466,0.2431,0.0241,0.0711,0.0089,0.0543,0.0,0.0,0.0,7,1,0,0,3,1,0,1,0,0,0.2639,0.2466,0.0,0.0,0.1046,0.0241,0.0,0.0089,0.0,0.0,10,3,18.1,13.34
3629372,2022-03-13,esp,2021/2022,LaLiga,28,Juan Martínez Munuera,8302,Sevilla,8370,Rayo Vallecano,0,1,1,57,43,3,10,2,2,1,4,0,4,1,1,3,7,0,3,6,5,1,1,0,1,12,16,15,16,1,0,0,0,1,3,11,13,7,9,4,0,19,24,1,1,46,53,32.0,38.0,14.0,15.0,9.0,11.0,438,321,330.0,229.0,221,105,109,124,29.0,29.0,3.0,3.0,0.28,0.37,0.25,0.26,0.03,0.1,0.28,0.37,0.96,0.37,1,0,1,4,1,3,0,3,0,0,0.2466,0.0,0.0241,0.2431,0.0089,0.0711,0.0,0.0543,0.0,0.0,1,7,0,0,1,3,1,0,0,0,0.2466,0.2639,0.0,0.0,0.0241,0.1046,0.0089,0.0,0.0,0.0,3,10,13.34,18.1
3629367,2022-03-14,esp,2021/2022,LaLiga,28,José María Sánchez Martínez,8661,Mallorca,8633,Real Madrid,1,0,3,37,63,14,11,3,5,7,3,4,3,1,0,8,7,6,4,1,6,2,3,2,1,20,33,13,15,3,3,0,0,0,4,21,19,8,10,3,4,12,11,2,3,55,52,40.0,39.0,15.0,13.0,6.0,7.0,335,577,266.0,503.0,140,213,126,290,33.0,23.0,8.0,2.0,1.38,1.85,1.29,0.97,0.1,0.09,1.38,1.06,1.09,2.83,0,0,7,6,1,1,4,2,2,2,0.0,0.0,1.0582,1.7177,0.0378,0.0214,0.2136,0.0754,0.072,0.0377,11,8,0,0,0,2,3,0,0,1,1.2854,0.9729,0.0,0.0,0.0,0.0909,0.0962,0.0,0.0,0.7884,14,11,17.99,17.13
3629367,2022-03-14,esp,2021/2022,LaLiga,28,José María Sánchez Martínez,8633,Real Madrid,8661,Mallorca,0,3,0,63,37,11,14,5,3,3,7,3,4,0,1,7,8,4,6,6,1,3,2,1,2,33,20,15,13,3,3,0,0,4,0,19,21,10,8,4,3,11,12,3,2,52,55,39.0,40.0,13.0,15.0,7.0,6.0,577,335,503.0,266.0,213,140,290,126,23.0,33.0,2.0,8.0,1.85,1.38,0.97,1.29,0.09,0.1,1.06,1.38,2.83,1.09,0,0,6,7,1,1,2,4,2,2,0.0,0.0,1.7177,1.0582,0.0214,0.0378,0.0754,0.2136,0.0377,0.072,8,11,0,0,2,0,0,3,1,0,0.9729,1.2854,0.0,0.0,0.0909,0.0,0.0,0.0962,0.7884,0.0,11,14,17.13,17.99
3629375,2022-03-18,esp,2021/2022,LaLiga,29,Jesús Gil Manzano,8315,Athletic Club,8305,Getafe,1,1,1,66,34,22,8,11,2,7,4,4,2,0,0,15,4,7,4,8,2,5,1,4,0,33,7,15,13,4,5,0,2,3,3,9,17,7,9,2,3,5,30,1,10,41,54,27.0,38.0,14.0,16.0,7.0,8.0,506,266,414.0,167.0,177,80,237,87,49.0,31.0,8.0,6.0,2.0,0.37,1.27,0.11,0.73,0.26,2.0,0.37,2.56,0.7,0,0,13,3,2,1,5,2,2,2,0.0,0.0,1.5571,0.2279,0.1398,0.0354,0.2383,0.0552,0.0649,0.056,14,4,0,0,3,1,5,3,0,0,1.2728,0.1101,0.0,0.0,0.1189,0.196,0.6085,0.0684,0.0,0.0,22,8,15.5,20.38
3629375,2022-03-18,esp,2021/2022,LaLiga,29,Jesús Gil Manzano,8305,Getafe,8315,Athletic Club,0,1,1,34,66,8,22,2,11,4,7,2,4,0,0,4,15,4,7,2,8,1,5,0,4,7,33,13,15,5,4,2,0,3,3,17,9,9,7,3,2,30,5,10,1,54,41,38.0,27.0,16.0,14.0,8.0,7.0,266,506,167.0,414.0,80,177,87,237,31.0,49.0,6.0,8.0,0.37,2.0,0.11,1.27,0.26,0.73,0.37,2.0,0.7,2.56,0,0,3,13,1,2,2,5,2,2,0.0,0.0,0.2279,1.5571,0.0354,0.1398,0.0552,0.2383,0.056,0.0649,4,14,0,0,1,3,3,5,0,0,0.1101,1.2728,0.0,0.0,0.196,0.1189,0.0684,0.6085,0.0,0.0,8,22,20.38,15.5
3629374,2022-03-19,esp,2021/2022,LaLiga,29,Guillermo Cuadra Fernández,9866,Deportivo Alaves,7878,Granada,1,2,3,50,50,11,12,6,3,1,5,4,4,0,0,7,8,4,4,6,2,3,4,1,2,23,18,12,10,4,6,0,1,0,6,9,10,8,6,4,4,14,31,0,5,58,56,25.0,27.0,33.0,29.0,9.0,6.0,317,342,182.0,212.0,77,89,105,123,36.0,24.0,7.0,5.0,1.65,2.15,0.61,1.68,0.25,0.47,0.86,2.15,2.2,1.22,2,2,4,5,1,1,3,3,1,1,0.5899,0.8974,0.8796,1.1315,0.0554,0.0305,0.1115,0.0591,0.0162,0.0279,6,9,1,0,2,2,1,1,1,0,0.5674,1.6784,0.0432,0.0,0.22,0.4601,0.0337,0.0078,0.7884,0.0,11,12,15.94,16.38
3629374,2022-03-19,esp,2021/2022,LaLiga,29,Guillermo Cuadra Fernández,7878,Granada,9866,Deportivo Alaves,0,3,2,50,50,12,11,3,6,5,1,4,4,0,0,8,7,4,4,2,6,4,3,2,1,18,23,10,12,6,4,1,0,6,0,10,9,6,8,4,4,31,14,5,0,56,58,27.0,25.0,29.0,33.0,6.0,9.0,342,317,212.0,182.0,89,77,123,105,24.0,36.0,5.0,7.0,2.15,1.65,1.68,0.61,0.47,0.25,2.15,0.86,1.22,2.2,2,2,5,4,1,1,3,3,1,1,0.8974,0.5899,1.1315,0.8796,0.0305,0.0554,0.0591,0.1115,0.0279,0.0162,9,6,0,1,2,2,1,1,0,1,1.6784,0.5674,0.0,0.0432,0.4601,0.22,0.0078,0.0337,0.0,0.7884,12,11,16.38,15.94
3629379,2022-03-19,esp,2021/2022,LaLiga,29,Javier Alberola Rojas,8371,Osasuna,8581,Levante,1,3,1,45,55,20,13,7,4,12,4,1,5,1,0,13,8,7,5,6,1,6,2,3,1,24,20,9,17,0,1,0,0,2,3,15,12,11,9,5,1,7,17,3,4,54,42,37.0,31.0,17.0,11.0,7.0,10.0,385,487,296.0,388.0,164,217,132,171,34.0,23.0,9.0,1.0,2.32,0.99,1.85,0.99,0.47,0.0,2.32,0.99,3.07,1.66,1,1,11,5,1,2,3,3,4,2,0.2699,0.2343,1.4448,0.6153,0.0404,0.0475,0.4521,0.0521,0.1269,0.0388,13,13,1,0,5,0,1,0,0,0,1.7902,0.988,0.0631,0.0,0.4439,0.0,0.037,0.0,0.0,0.0,20,13,15.67,20.57
3629379,2022-03-19,esp,2021/2022,LaLiga,29,Javier Alberola Rojas,8581,Levante,8371,Osasuna,0,1,3,55,45,13,20,4,7,4,12,5,1,0,1,8,13,5,7,1,6,2,6,1,3,20,24,17,9,1,0,0,0,3,2,12,15,9,11,1,5,17,7,4,3,42,54,31.0,37.0,11.0,17.0,10.0,7.0,487,385,388.0,296.0,217,164,171,132,23.0,34.0,1.0,9.0,0.99,2.32,0.99,1.85,0.0,0.47,0.99,2.32,1.66,3.07,1,1,5,11,2,1,3,3,2,4,0.2343,0.2699,0.6153,1.4448,0.0475,0.0404,0.0521,0.4521,0.0388,0.1269,13,13,0,1,0,5,0,1,0,0,0.988,1.7902,0.0,0.0631,0.0,0.4439,0.0,0.037,0.0,0.0,13,20,20.57,15.67
3629382,2022-03-19,esp,2021/2022,LaLiga,29,José Luis Munuera Montero,8370,Rayo Vallecano,9906,Atletico Madrid,1,0,1,55,45,15,11,3,3,6,8,6,0,0,0,9,7,6,4,3,6,2,2,2,2,17,19,15,12,3,5,0,1,2,3,16,20,8,7,0,6,21,21,2,3,57,64,36.0,48.0,21.0,16.0,10.0,14.0,511,431,404.0,314.0,179,179,225,135,36.0,20.0,5.0,2.0,1.57,1.37,0.29,0.49,1.28,0.89,1.57,1.37,0.32,1.11,2,0,6,4,1,3,5,2,1,2,0.6104,0.0,0.7436,0.8633,0.0742,0.4303,0.119,0.0396,0.0228,0.0408,7,6,0,0,2,2,6,3,0,0,0.2887,0.487,0.0,0.0,0.167,0.0675,1.1144,0.8194,0.0,0.0,15,11,17.27,18.05
3629382,2022-03-19,esp,2021/2022,LaLiga,29,José Luis Munuera Montero,9906,Atletico Madrid,8370,Rayo Vallecano,0,1,0,45,55,11,15,3,3,8,6,0,6,0,0,7,9,4,6,6,3,2,2,2,2,19,17,12,15,5,3,1,0,3,2,20,16,7,8,6,0,21,21,3,2,64,57,48.0,36.0,16.0,21.0,14.0,10.0,431,511,314.0,404.0,179,179,135,225,20.0,36.0,2.0,5.0,1.37,1.57,0.49,0.29,0.89,1.28,1.37,1.57,1.11,0.32,0,2,4,6,3,1,2,5,2,1,0.0,0.6104,0.8633,0.7436,0.4303,0.0742,0.0396,0.119,0.0408,0.0228,6,7,0,0,2,2,3,6,0,0,0.487,0.2887,0.0,0.0,0.0675,0.167,0.8194,1.1144,0.0,0.0,11,15,18.05,17.27
3629383,2022-03-19,esp,2021/2022,LaLiga,29,Miguel Ángel Ortiz Arias,10268,Elche,10267,Valencia,1,0,1,56,44,8,8,2,3,4,4,2,1,0,0,6,5,2,3,4,2,0,3,0,2,20,12,19,14,3,3,0,0,5,3,14,24,3,8,1,2,16,18,2,2,45,63,34.0,50.0,11.0,13.0,7.0,8.0,342,280,263.0,192.0,112,89,151,103,32.0,26.0,5.0,1.0,0.59,0.91,0.47,0.88,0.11,0.02,0.59,0.91,0.09,0.75,1,1,3,4,2,0,2,3,0,0,0.088,0.1726,0.2533,0.5838,0.1289,0.0,0.1215,0.1494,0.0,0.0,4,7,2,0,0,0,2,1,0,0,0.329,0.8825,0.1487,0.0,0.0,0.0,0.1139,0.0233,0.0,0.0,8,8,14.49,15.37
3629383,2022-03-19,esp,2021/2022,LaLiga,29,Miguel Ángel Ortiz Arias,10267,Valencia,10268,Elche,0,1,0,44,56,8,8,3,2,4,4,1,2,0,0,5,6,3,2,2,4,3,0,2,0,12,20,14,19,3,3,0,0,3,5,24,14,8,3,2,1,18,16,2,2,63,45,50.0,34.0,13.0,11.0,8.0,7.0,280,342,192.0,263.0,89,112,103,151,26.0,32.0,1.0,5.0,0.91,0.59,0.88,0.47,0.02,0.11,0.91,0.59,0.75,0.09,1,1,4,3,0,2,3,2,0,0,0.1726,0.088,0.5838,0.2533,0.0,0.1289,0.1494,0.1215,0.0,0.0,7,4,0,2,0,0,1,2,0,0,0.8825,0.329,0.0,0.1487,0.0,0.0,0.0233,0.1139,0.0,0.0,8,8,15.37,14.49
3629376,2022-03-20,esp,2021/2022,LaLiga,29,Ricardo De Burgos Bengoetxea,9910,Celta Vigo,8603,Real Betis,1,0,0,52,48,9,7,3,1,6,5,0,1,0,0,6,5,3,2,2,2,2,0,2,0,20,12,12,12,1,2,0,0,4,0,19,18,16,7,1,0,11,18,1,3,57,63,40.0,42.0,17.0,21.0,10.0,12.0,488,456,389.0,346.0,217,194,172,152,40.0,34.0,4.0,2.0,0.87,0.51,0.84,0.51,0.03,0.0,0.87,0.51,0.53,0.04,1,2,5,1,0,2,0,2,3,0,0.2429,0.2317,0.5529,0.1488,0.0,0.0619,0.0,0.0663,0.0769,0.0,8,7,0,0,0,0,1,0,0,0,0.8405,0.5087,0.0,0.0,0.0,0.0,0.0323,0.0,0.0,0.0,9,7,15.56,15.78
3629376,2022-03-20,esp,2021/2022,LaLiga,29,Ricardo De Burgos Bengoetxea,8603,Real Betis,9910,Celta Vigo,0,0,0,48,52,7,9,1,3,5,6,1,0,0,0,5,6,2,3,2,2,0,2,0,2,12,20,12,12,2,1,0,0,0,4,18,19,7,16,0,1,18,11,3,1,63,57,42.0,40.0,21.0,17.0,12.0,10.0,456,488,346.0,389.0,194,217,152,172,34.0,40.0,2.0,4.0,0.51,0.87,0.51,0.84,0.0,0.03,0.51,0.87,0.04,0.53,2,1,1,5,2,0,2,0,0,3,0.2317,0.2429,0.1488,0.5529,0.0619,0.0,0.0663,0.0,0.0,0.0769,7,8,0,0,0,0,0,1,0,0,0.5087,0.8405,0.0,0.0,0.0,0.0,0.0,0.0323,0.0,0.0,7,9,15.78,15.56
3629377,2022-03-20,esp,2021/2022,LaLiga,29,Alejandro José Hernández Hernández,8385,Cadiz,10205,Villarreal,1,1,0,42,58,16,3,7,1,7,0,2,2,0,0,8,3,8,0,6,3,1,0,0,0,22,18,11,11,4,2,0,0,3,2,25,20,4,11,2,2,14,19,1,6,54,55,42.0,42.0,12.0,13.0,8.0,11.0,383,549,296.0,457.0,192,220,104,237,24.0,22.0,6.0,1.0,1.73,0.16,1.54,0.16,0.19,0.0,1.73,0.16,1.52,0.04,3,0,4,1,1,2,5,0,3,0,0.9995,0.0,0.492,0.0639,0.0244,0.0938,0.1646,0.0,0.0523,0.0,12,3,0,0,2,0,2,0,0,0,1.5384,0.1577,0.0,0.0,0.1367,0.0,0.0576,0.0,0.0,0.0,16,3,20.65,15.77
3629377,2022-03-20,esp,2021/2022,LaLiga,29,Alejandro José Hernández Hernández,10205,Villarreal,8385,Cadiz,0,0,1,58,42,3,16,1,7,0,7,2,2,0,0,3,8,0,8,3,6,0,1,0,0,18,22,11,11,2,4,0,0,2,3,20,25,11,4,2,2,19,14,6,1,55,54,42.0,42.0,13.0,12.0,11.0,8.0,549,383,457.0,296.0,220,192,237,104,22.0,24.0,1.0,6.0,0.16,1.73,0.16,1.54,0.0,0.19,0.16,1.73,0.04,1.52,0,3,1,4,2,1,0,5,0,3,0.0,0.9995,0.0639,0.492,0.0938,0.0244,0.0,0.1646,0.0,0.0523,3,12,0,0,0,2,0,2,0,0,0.1577,1.5384,0.0,0.0,0.0,0.1367,0.0,0.0576,0.0,0.0,3,16,15.77,20.65
3629378,2022-03-20,esp,2021/2022,LaLiga,29,Alejandro Muñíz Ruiz,8558,Espanyol,8661,Mallorca,1,1,0,44,56,12,10,3,4,5,3,4,3,0,0,6,3,6,7,6,6,2,0,1,0,8,18,14,12,3,3,0,0,1,0,15,20,12,3,3,4,24,16,4,2,53,58,32.0,38.0,21.0,20.0,5.0,4.0,361,459,276.0,364.0,138,153,138,211,22.0,27.0,1.0,5.0,1.31,0.59,1.13,0.49,0.18,0.1,1.31,0.59,1.39,0.52,1,1,3,2,2,0,4,6,2,1,0.1171,0.062,0.9153,0.2083,0.0585,0.0,0.1632,0.226,0.0538,0.0109,7,8,2,0,1,2,2,0,0,0,0.2735,0.4153,0.8557,0.0,0.1171,0.0919,0.0615,0.0,0.0,0.0,12,10,20.46,20.41
3629378,2022-03-20,esp,2021/2022,LaLiga,29,Alejandro Muñíz Ruiz,8661,Mallorca,8558,Espanyol,0,0,1,56,44,10,12,4,3,3,5,3,4,0,0,3,6,7,6,6,6,0,2,0,1,18,8,12,14,3,3,0,0,0,1,20,15,3,12,4,3,16,24,2,4,58,53,38.0,32.0,20.0,21.0,4.0,5.0,459,361,364.0,276.0,153,138,211,138,27.0,22.0,5.0,1.0,0.59,1.31,0.49,1.13,0.1,0.18,0.59,1.31,0.52,1.39,1,1,2,3,0,2,6,4,1,2,0.062,0.1171,0.2083,0.9153,0.0,0.0585,0.226,0.1632,0.0109,0.0538,8,7,0,2,2,1,0,2,0,0,0.4153,0.2735,0.0,0.8557,0.0919,0.1171,0.0,0.0615,0.0,0.0,10,12,20.41,20.46
3629380,2022-03-20,esp,2021/2022,LaLiga,29,Juan Martínez Munuera,8633,Real Madrid,8634,Barcelona,1,0,4,40,60,14,18,4,10,5,5,5,3,0,0,7,17,7,1,4,3,0,7,0,4,22,32,9,12,4,4,0,0,0,0,7,14,13,7,3,5,10,9,6,4,33,41,28.0,32.0,5.0,9.0,9.0,10.0,471,695,409.0,621.0,254,322,155,299,25.0,45.0,1.0,3.0,0.83,3.46,0.81,3.32,0.02,0.13,0.83,3.46,0.5,3.24,0,1,4,11,3,5,3,0,4,1,0.0,0.4372,0.4649,2.7698,0.155,0.2106,0.0714,0.0,0.1383,0.0378,12,16,1,0,1,1,0,1,0,0,0.7396,3.3223,0.066,0.0,0.0239,0.103,0.0,0.0301,0.0,0.0,14,18,19.84,13.21
3629380,2022-03-20,esp,2021/2022,LaLiga,29,Juan Martínez Munuera,8634,Barcelona,8633,Real Madrid,0,4,0,60,40,18,14,10,4,5,5,3,5,0,0,17,7,1,7,3,4,7,0,4,0,32,22,12,9,4,4,0,0,0,0,14,7,7,13,5,3,9,10,4,6,41,33,32.0,28.0,9.0,5.0,10.0,9.0,695,471,621.0,409.0,322,254,299,155,45.0,25.0,3.0,1.0,3.46,0.83,3.32,0.81,0.13,0.02,3.46,0.83,3.24,0.5,1,0,11,4,5,3,0,3,1,4,0.4372,0.0,2.7698,0.4649,0.2106,0.155,0.0,0.0714,0.0378,0.1383,16,12,0,1,1,1,1,0,0,0,3.3223,0.7396,0.0,0.066,0.103,0.0239,0.0301,0.0,0.0,0.0,18,14,13.21,19.84
3629381,2022-03-20,esp,2021/2022,LaLiga,29,César Soto Grado,8302,Sevilla,8560,Real Sociedad,1,0,0,60,40,10,13,0,2,5,5,5,6,0,2,6,9,4,4,7,3,0,1,0,1,21,22,12,13,0,3,0,0,1,0,18,19,6,10,5,5,21,28,3,0,51,47,36.0,33.0,15.0,14.0,5.0,3.0,592,390,505.0,310.0,267,155,238,155,34.0,21.0,5.0,3.0,0.32,1.1,0.15,0.94,0.17,0.16,0.32,1.1,0.0,0.33,0,0,2,9,4,0,2,3,2,1,0.0,0.0,0.1567,1.015,0.106,0.0,0.0339,0.0766,0.0283,0.0103,7,10,0,0,2,3,1,0,0,0,0.1536,0.9402,0.0,0.0,0.0648,0.1617,0.1066,0.0,0.0,0.0,10,13,20.29,15.65
3629381,2022-03-20,esp,2021/2022,LaLiga,29,César Soto Grado,8560,Real Sociedad,8302,Sevilla,0,0,0,40,60,13,10,2,0,5,5,6,5,2,0,9,6,4,4,3,7,1,0,1,0,22,21,13,12,3,0,0,0,0,1,19,18,10,6,5,5,28,21,0,3,47,51,33.0,36.0,14.0,15.0,3.0,5.0,390,592,310.0,505.0,155,267,155,238,21.0,34.0,3.0,5.0,1.1,0.32,0.94,0.15,0.16,0.17,1.1,0.32,0.33,0.0,0,0,9,2,0,4,3,2,1,2,0.0,0.0,1.015,0.1567,0.0,0.106,0.0766,0.0339,0.0103,0.0283,10,7,0,0,3,2,0,1,0,0,0.9402,0.1536,0.0,0.0,0.1617,0.0648,0.0,0.1066,0.0,0.0,13,10,15.65,20.29
3629385,2022-04-02,esp,2021/2022,LaLiga,30,Mario Melero López,9906,Atletico Madrid,9866,Deportivo Alaves,1,4,1,50,50,14,7,8,1,5,3,1,3,0,0,8,6,6,1,7,2,5,1,1,0,18,15,10,13,1,0,0,0,3,2,11,24,12,8,3,1,12,15,0,4,63,60,38.0,37.0,25.0,23.0,15.0,4.0,408,419,312.0,311.0,180,190,132,121,32.0,43.0,2.0,4.0,2.74,0.53,1.79,0.26,0.16,0.26,1.95,0.53,4.78,0.47,2,0,5,4,1,2,2,1,4,0,1.6318,0.0,1.5538,0.4684,0.1492,0.0336,0.1309,0.0268,0.1809,0.0,9,5,0,0,3,0,1,2,1,0,2.7145,0.2644,0.0,0.0,0.0719,0.0,0.0718,0.2644,0.7884,0.0,14,7,15.9,15.19
3629385,2022-04-02,esp,2021/2022,LaLiga,30,Mario Melero López,9866,Deportivo Alaves,9906,Atletico Madrid,0,1,4,50,50,7,14,1,8,3,5,3,1,0,0,6,8,1,6,2,7,1,5,0,1,15,18,13,10,0,1,0,0,2,3,24,11,8,12,1,3,15,12,4,0,60,63,37.0,38.0,23.0,25.0,4.0,15.0,419,408,311.0,312.0,190,180,121,132,43.0,32.0,4.0,2.0,0.53,2.74,0.26,1.79,0.26,0.16,0.53,1.95,0.47,4.78,0,2,4,5,2,1,1,2,0,4,0.0,1.6318,0.4684,1.5538,0.0336,0.1492,0.0268,0.1309,0.0,0.1809,5,9,0,0,0,3,2,1,0,1,0.2644,2.7145,0.0,0.0,0.0,0.0719,0.2644,0.0718,0.0,0.7884,7,14,15.19,15.9
3629388,2022-04-02,esp,2021/2022,LaLiga,30,Pablo González Fuertes,9910,Celta Vigo,8633,Real Madrid,1,1,2,55,45,11,12,5,6,3,4,3,2,0,0,7,7,4,5,9,3,2,4,1,2,24,17,16,12,3,0,0,0,1,2,24,8,4,11,2,3,6,23,4,4,48,46,42.0,35.0,6.0,11.0,6.0,11.0,536,461,465.0,404.0,182,175,283,229,33.0,29.0,5.0,2.0,1.65,2.88,1.3,0.48,0.35,0.04,1.65,0.52,2.29,3.44,1,1,5,5,1,1,4,2,0,3,0.1362,0.2457,1.2551,2.4933,0.039,0.036,0.2188,0.0578,0.0,0.0503,6,6,0,1,3,0,2,2,0,3,1.2962,0.4258,0.0,0.0548,0.1808,0.0,0.1721,0.0372,0.0,2.3652,11,12,15.35,18.16
3629388,2022-04-02,esp,2021/2022,LaLiga,30,Pablo González Fuertes,8633,Real Madrid,9910,Celta Vigo,0,2,1,45,55,12,11,6,5,4,3,2,3,0,0,7,7,5,4,3,9,4,2,2,1,17,24,12,16,0,3,0,0,2,1,8,24,11,4,3,2,23,6,4,4,46,48,35.0,42.0,11.0,6.0,11.0,6.0,461,536,404.0,465.0,175,182,229,283,29.0,33.0,2.0,5.0,2.88,1.65,0.48,1.3,0.04,0.35,0.52,1.65,3.44,2.29,1,1,5,5,1,1,2,4,3,0,0.2457,0.1362,2.4933,1.2551,0.036,0.039,0.0578,0.2188,0.0503,0.0,6,6,1,0,0,3,2,2,3,0,0.4258,1.2962,0.0548,0.0,0.0,0.1808,0.0372,0.1721,2.3652,0.0,12,11,18.16,15.35
3629389,2022-04-02,esp,2021/2022,LaLiga,30,Antonio Miguel Mateu Lahoz,8305,Getafe,8661,Mallorca,1,1,0,62,38,16,7,3,1,11,4,2,2,1,0,6,4,10,3,5,1,3,0,2,0,17,15,15,22,5,4,0,1,0,0,18,17,5,8,2,1,15,28,1,2,69,70,45.0,41.0,24.0,29.0,7.0,9.0,428,270,307.0,146.0,174,55,133,91,25.0,33.0,2.0,2.0,1.75,0.42,0.62,0.11,0.34,0.32,0.96,0.42,1.73,0.07,0,0,6,4,0,0,6,1,4,2,0.0,0.0,1.746,0.3324,0.0,0.0,0.2401,0.0346,0.124,0.0574,7,3,0,0,2,1,6,3,1,0,0.615,0.1088,0.0,0.0,0.0777,0.0346,0.6289,0.2811,0.7884,0.0,16,7,19.94,18.65
3629389,2022-04-02,esp,2021/2022,LaLiga,30,Antonio Miguel Mateu Lahoz,8661,Mallorca,8305,Getafe,0,0,1,38,62,7,16,1,3,4,11,2,2,0,1,4,6,3,10,1,5,0,3,0,2,15,17,22,15,4,5,1,0,0,0,17,18,8,5,1,2,28,15,2,1,70,69,41.0,45.0,29.0,24.0,9.0,7.0,270,428,146.0,307.0,55,174,91,133,33.0,25.0,2.0,2.0,0.42,1.75,0.11,0.62,0.32,0.34,0.42,0.96,0.07,1.73,0,0,4,6,0,0,1,6,2,4,0.0,0.0,0.3324,1.746,0.0,0.0,0.0346,0.2401,0.0574,0.124,3,7,0,0,1,2,3,6,0,1,0.1088,0.615,0.0,0.0,0.0346,0.0777,0.2811,0.6289,0.0,0.7884,7,16,18.65,19.94
3629391,2022-04-02,esp,2021/2022,LaLiga,30,Adrián Cordero Vega,8581,Levante,10205,Villarreal,1,2,0,41,59,13,13,4,2,5,7,4,4,0,1,10,7,3,6,1,8,2,1,0,1,22,41,16,13,4,2,0,0,4,0,19,19,9,8,4,4,30,11,2,2,44,53,37.0,44.0,7.0,9.0,5.0,10.0,345,493,254.0,394.0,150,147,104,247,20.0,31.0,6.0,2.0,2.04,1.22,1.96,1.1,0.08,0.13,2.04,1.22,1.39,0.1,1,0,6,6,3,1,1,4,2,2,0.9877,0.0,0.6015,0.9519,0.2786,0.0446,0.0909,0.1464,0.0857,0.0819,10,11,1,0,1,1,1,1,0,0,0.9763,1.0989,0.9877,0.0,0.0673,0.0814,0.0131,0.0446,0.0,0.0,13,13,17.07,17.56
3629391,2022-04-02,esp,2021/2022,LaLiga,30,Adrián Cordero Vega,10205,Villarreal,8581,Levante,0,0,2,59,41,13,13,2,4,7,5,4,4,1,0,7,10,6,3,8,1,1,2,1,0,41,22,13,16,2,4,0,0,0,4,19,19,8,9,4,4,11,30,2,2,53,44,44.0,37.0,9.0,7.0,10.0,5.0,493,345,394.0,254.0,147,150,247,104,31.0,20.0,2.0,6.0,1.22,2.04,1.1,1.96,0.13,0.08,1.22,2.04,0.1,1.39,0,1,6,6,1,3,4,1,2,2,0.0,0.9877,0.9519,0.6015,0.0446,0.2786,0.1464,0.0909,0.0819,0.0857,11,10,0,1,1,1,1,1,0,0,1.0989,0.9763,0.0,0.9877,0.0814,0.0673,0.0446,0.0131,0.0,0.0,13,13,17.56,17.07
3629384,2022-04-03,esp,2021/2022,LaLiga,30,Jorge Figueroa Vázquez,8315,Athletic Club,10268,Elche,1,2,1,48,52,16,6,6,2,7,0,3,4,1,0,12,3,4,3,7,4,2,1,1,0,23,7,14,16,2,4,0,0,1,2,10,11,4,6,4,3,15,32,1,4,53,50,40.0,37.0,13.0,13.0,15.0,13.0,412,459,318.0,371.0,130,244,188,127,27.0,30.0,9.0,2.0,1.9,0.5,1.6,0.4,0.3,0.11,1.9,0.5,1.97,0.64,2,0,9,3,1,0,3,1,1,2,0.3998,0.0,1.0819,0.4444,0.105,0.0,0.2979,0.0158,0.0145,0.0437,11,5,1,0,0,1,4,0,0,0,1.4901,0.3957,0.105,0.0,0.0,0.1082,0.304,0.0,0.0,0.0,16,6,13.52,17.98
3629384,2022-04-03,esp,2021/2022,LaLiga,30,Jorge Figueroa Vázquez,10268,Elche,8315,Athletic Club,0,1,2,52,48,6,16,2,6,0,7,4,3,0,1,3,12,3,4,4,7,1,2,0,1,7,23,16,14,4,2,0,0,2,1,11,10,6,4,3,4,32,15,4,1,50,53,37.0,40.0,13.0,13.0,13.0,15.0,459,412,371.0,318.0,244,130,127,188,30.0,27.0,2.0,9.0,0.5,1.9,0.4,1.6,0.11,0.3,0.5,1.9,0.64,1.97,0,2,3,9,0,1,1,3,2,1,0.0,0.3998,0.4444,1.0819,0.0,0.105,0.0158,0.2979,0.0437,0.0145,5,11,0,1,1,0,0,4,0,0,0.3957,1.4901,0.0,0.105,0.1082,0.0,0.0,0.304,0.0,0.0,6,16,17.98,13.52
3629386,2022-04-03,esp,2021/2022,LaLiga,30,José María Sánchez Martínez,8634,Barcelona,8302,Sevilla,1,1,0,55,45,19,8,6,3,10,3,3,2,1,0,15,5,4,3,9,2,2,0,2,0,43,17,12,8,3,3,0,0,2,1,23,14,10,7,2,3,8,24,3,5,53,41,43.0,33.0,10.0,8.0,13.0,9.0,555,466,496.0,398.0,189,252,307,146,40.0,42.0,9.0,1.0,1.94,0.64,1.55,0.6,0.39,0.04,1.94,0.64,1.63,0.3,1,0,11,3,3,2,3,2,1,1,0.4828,0.0,1.1856,0.36,0.1238,0.0743,0.1277,0.1859,0.0241,0.0205,15,5,0,2,4,0,0,1,0,0,1.5507,0.3973,0.0,0.206,0.3933,0.0,0.0,0.0374,0.0,0.0,19,8,14.05,19.44
3629386,2022-04-03,esp,2021/2022,LaLiga,30,José María Sánchez Martínez,8302,Sevilla,8634,Barcelona,0,0,1,45,55,8,19,3,6,3,10,2,3,0,1,5,15,3,4,2,9,0,2,0,2,17,43,8,12,3,3,0,0,1,2,14,23,7,10,3,2,24,8,5,3,41,53,33.0,43.0,8.0,10.0,9.0,13.0,466,555,398.0,496.0,252,189,146,307,42.0,40.0,1.0,9.0,0.64,1.94,0.6,1.55,0.04,0.39,0.64,1.94,0.3,1.63,0,1,3,11,2,3,2,3,1,1,0.0,0.4828,0.36,1.1856,0.0743,0.1238,0.1859,0.1277,0.0205,0.0241,5,15,2,0,0,4,1,0,0,0,0.3973,1.5507,0.206,0.0,0.0,0.3933,0.0374,0.0,0.0,0.0,8,19,19.44,14.05
3629387,2022-04-03,esp,2021/2022,LaLiga,30,Valentín Pizarro Gómez,8603,Real Betis,8371,Osasuna,1,4,1,55,45,24,10,8,3,10,5,6,2,1,0,18,5,6,5,11,7,7,0,5,0,43,15,11,5,1,3,0,0,0,5,16,24,10,6,2,6,29,19,2,4,55,58,39.0,43.0,16.0,15.0,18.0,10.0,435,351,353.0,260.0,166,135,187,125,31.0,31.0,5.0,3.0,4.6,0.36,3.93,0.26,0.67,0.1,4.6,0.36,3.2,0.39,4,0,9,4,5,1,5,1,1,4,1.8642,0.0,2.5622,0.2181,0.2852,0.029,0.1798,0.0197,0.0051,0.0924,17,6,2,0,5,3,0,1,0,0,3.7089,0.2559,0.3806,0.0,0.807,0.0743,0.0,0.029,0.0,0.0,24,10,14.75,19.43
3629387,2022-04-03,esp,2021/2022,LaLiga,30,Valentín Pizarro Gómez,8371,Osasuna,8603,Real Betis,0,1,4,45,55,10,24,3,8,5,10,2,6,0,1,5,18,5,6,7,11,0,7,0,5,15,43,5,11,3,1,0,0,5,0,24,16,6,10,6,2,19,29,4,2,58,55,43.0,39.0,15.0,16.0,10.0,18.0,351,435,260.0,353.0,135,166,125,187,31.0,31.0,3.0,5.0,0.36,4.6,0.26,3.93,0.1,0.67,0.36,4.6,0.39,3.2,0,4,4,9,1,5,1,5,4,1,0.0,1.8642,0.2181,2.5622,0.029,0.2852,0.0197,0.1798,0.0924,0.0051,6,17,0,2,3,5,1,0,0,0,0.2559,3.7089,0.0,0.3806,0.0743,0.807,0.029,0.0,0.0,0.0,10,24,19.43,14.75
3629390,2022-04-03,esp,2021/2022,LaLiga,30,Alejandro José Hernández Hernández,7878,Granada,8370,Rayo Vallecano,1,2,2,64,36,17,10,9,4,5,5,3,1,2,0,12,9,5,1,5,4,4,1,2,0,35,16,14,14,4,4,0,1,2,0,20,23,6,18,1,3,13,35,2,7,82,80,44.0,49.0,38.0,31.0,11.0,13.0,493,281,371.0,171.0,170,74,201,97,34.0,24.0,9.0,6.0,2.06,0.84,0.91,0.7,0.36,0.14,1.27,0.84,2.21,1.85,1,0,9,6,2,3,3,1,2,0,0.1166,0.0,1.7321,0.6252,0.0686,0.1722,0.1154,0.0408,0.0262,0.0,11,7,0,0,2,3,3,0,1,0,0.9118,0.6959,0.0,0.0,0.1314,0.1423,0.2272,0.0,0.7884,0.0,17,10,16.89,13.86
3629390,2022-04-03,esp,2021/2022,LaLiga,30,Alejandro José Hernández Hernández,8370,Rayo Vallecano,7878,Granada,0,2,2,36,64,10,17,4,9,5,5,1,3,0,2,9,12,1,5,4,5,1,4,0,2,16,35,14,14,4,4,1,0,0,2,23,20,18,6,3,1,35,13,7,2,80,82,49.0,44.0,31.0,38.0,13.0,11.0,281,493,171.0,371.0,74,170,97,201,24.0,34.0,6.0,9.0,0.84,2.06,0.7,0.91,0.14,0.36,0.84,1.27,1.85,2.21,0,1,6,9,3,2,1,3,0,2,0.0,0.1166,0.6252,1.7321,0.1722,0.0686,0.0408,0.1154,0.0,0.0262,7,11,0,0,3,2,0,3,0,1,0.6959,0.9118,0.0,0.0,0.1423,0.1314,0.0,0.2272,0.0,0.7884,10,17,13.86,16.89
3629393,2022-04-03,esp,2021/2022,LaLiga,30,Isidro Díaz de Mera Escuderos,10267,Valencia,8385,Cadiz,1,0,0,51,49,5,4,1,3,3,1,1,0,1,0,1,1,4,3,4,3,0,0,0,0,15,8,11,18,3,4,0,1,2,4,12,22,13,8,0,1,26,26,3,1,61,53,48.0,35.0,13.0,18.0,19.0,4.0,374,360,279.0,258.0,123,121,156,137,28.0,23.0,4.0,3.0,0.16,0.1,0.12,0.08,0.04,0.01,0.16,0.1,0.01,0.28,0,0,1,1,0,0,3,0,1,3,0.0,0.0,0.0443,0.0496,0.0,0.0,0.0942,0.0,0.0247,0.0466,4,3,0,0,1,1,0,0,0,0,0.1189,0.0845,0.0,0.0,0.0443,0.0117,0.0,0.0,0.0,0.0,5,4,23.05,21.76
3629393,2022-04-03,esp,2021/2022,LaLiga,30,Isidro Díaz de Mera Escuderos,8385,Cadiz,10267,Valencia,0,0,0,49,51,4,5,3,1,1,3,0,1,0,1,1,1,3,4,3,4,0,0,0,0,8,15,18,11,4,3,1,0,4,2,22,12,8,13,1,0,26,26,1,3,53,61,35.0,48.0,18.0,13.0,4.0,19.0,360,374,258.0,279.0,121,123,137,156,23.0,28.0,3.0,4.0,0.1,0.16,0.08,0.12,0.01,0.04,0.1,0.16,0.28,0.01,0,0,1,1,0,0,0,3,3,1,0.0,0.0,0.0496,0.0443,0.0,0.0,0.0,0.0942,0.0466,0.0247,3,4,0,0,1,1,0,0,0,0,0.0845,0.1189,0.0,0.0,0.0117,0.0443,0.0,0.0,0.0,0.0,4,5,21.76,23.05
3629392,2022-04-04,esp,2021/2022,LaLiga,30,Santiago Jaime Latre,8560,Real Sociedad,8558,Espanyol,1,1,0,68,32,17,8,6,2,6,5,5,1,0,0,14,5,3,3,6,0,1,0,0,0,41,14,17,13,2,4,0,0,4,0,11,17,4,5,0,5,7,17,2,5,50,51,31.0,43.0,19.0,8.0,7.0,9.0,662,308,596.0,245.0,252,117,344,128,19.0,21.0,6.0,3.0,2.15,0.43,0.89,0.24,0.48,0.19,1.37,0.43,1.88,0.29,3,0,8,4,3,1,0,3,3,0,0.3538,0.0,1.6527,0.3002,0.0935,0.0542,0.0,0.072,0.0549,0.0,11,6,0,0,2,0,3,2,1,0,0.8857,0.239,0.0,0.0,0.1712,0.0,0.3097,0.1873,0.7884,0.0,17,8,14.38,18.55
3629392,2022-04-04,esp,2021/2022,LaLiga,30,Santiago Jaime Latre,8558,Espanyol,8560,Real Sociedad,0,0,1,32,68,8,17,2,6,5,6,1,5,0,0,5,14,3,3,0,6,0,1,0,0,14,41,13,17,4,2,0,0,0,4,17,11,5,4,5,0,17,7,5,2,51,50,43.0,31.0,8.0,19.0,9.0,7.0,308,662,245.0,596.0,117,252,128,344,21.0,19.0,3.0,6.0,0.43,2.15,0.24,0.89,0.19,0.48,0.43,1.37,0.29,1.88,0,3,4,8,1,3,3,0,0,3,0.0,0.3538,0.3002,1.6527,0.0542,0.0935,0.072,0.0,0.0,0.0549,6,11,0,0,0,2,2,3,0,1,0.239,0.8857,0.0,0.0,0.0,0.1712,0.1873,0.3097,0.0,0.7884,8,17,18.55,14.38
3629400,2022-04-08,esp,2021/2022,LaLiga,31,Miguel Ángel Ortiz Arias,8302,Sevilla,7878,Granada,1,4,2,73,27,16,15,8,5,7,8,1,2,0,1,14,8,2,7,14,3,4,1,0,0,47,14,7,7,3,2,0,0,1,1,19,21,5,6,2,1,10,35,3,4,64,45,44.0,33.0,20.0,12.0,18.0,6.0,666,240,583.0,167.0,255,84,328,83,44.0,24.0,7.0,6.0,2.86,0.86,2.59,0.6,0.27,0.26,2.86,0.86,3.82,1.09,4,0,7,8,3,0,1,2,1,5,2.0936,0.0,0.7161,0.6729,0.0812,0.0,0.0095,0.0579,0.0206,0.1285,12,13,0,0,3,2,1,0,0,0,2.6691,0.6036,0.0,0.0,0.0519,0.2557,0.2,0.0,0.0,0.0,16,15,13.09,17.56
3629400,2022-04-08,esp,2021/2022,LaLiga,31,Miguel Ángel Ortiz Arias,7878,Granada,8302,Sevilla,0,2,4,27,73,15,16,5,8,8,7,2,1,1,0,8,14,7,2,3,14,1,4,0,0,14,47,7,7,2,3,0,0,1,1,21,19,6,5,1,2,35,10,4,3,45,64,33.0,44.0,12.0,20.0,6.0,18.0,240,666,167.0,583.0,84,255,83,328,24.0,44.0,6.0,7.0,0.86,2.86,0.6,2.59,0.26,0.27,0.86,2.86,1.09,3.82,0,4,8,7,0,3,2,1,5,1,0.0,2.0936,0.6729,0.7161,0.0,0.0812,0.0579,0.0095,0.1285,0.0206,13,12,0,0,2,3,0,1,0,0,0.6036,2.6691,0.0,0.0,0.2557,0.0519,0.0,0.2,0.0,0.0,15,16,17.56,13.09
3629394,2022-04-09,esp,2021/2022,LaLiga,31,Juan Martínez Munuera,8661,Mallorca,9906,Atletico Madrid,1,1,0,32,68,10,9,3,1,6,3,1,5,0,0,4,6,6,3,1,6,1,0,0,0,14,20,14,11,1,4,0,0,0,1,15,25,12,4,5,1,33,23,1,2,58,84,39.0,52.0,19.0,32.0,13.0,14.0,298,611,206.0,506.0,106,316,100,190,29.0,22.0,0.0,1.0,1.11,0.54,0.06,0.25,0.26,0.29,0.32,0.54,1.36,0.05,0,0,3,5,1,1,3,3,3,0,0.0,0.0,0.9627,0.2858,0.0545,0.0353,0.0432,0.2223,0.0478,0.0,6,5,0,0,0,1,3,3,1,0,0.091,0.2538,0.0,0.0,0.0,0.019,0.2288,0.2705,0.7884,0.0,10,9,22.15,16.4
3629394,2022-04-09,esp,2021/2022,LaLiga,31,Juan Martínez Munuera,9906,Atletico Madrid,8661,Mallorca,0,0,1,68,32,9,10,1,3,3,6,5,1,0,0,6,4,3,6,6,1,0,1,0,0,20,14,11,14,4,1,0,0,1,0,25,15,4,12,1,5,23,33,2,1,84,58,52.0,39.0,32.0,19.0,14.0,13.0,611,298,506.0,206.0,316,106,190,100,22.0,29.0,1.0,0.0,0.54,1.11,0.25,0.06,0.29,0.26,0.54,0.32,0.05,1.36,0,0,5,3,1,1,3,3,0,3,0.0,0.0,0.2858,0.9627,0.0353,0.0545,0.2223,0.0432,0.0,0.0478,5,6,0,0,1,0,3,3,0,1,0.2538,0.091,0.0,0.0,0.019,0.0,0.2705,0.2288,0.0,0.7884,9,10,16.4,22.15
3629395,2022-04-09,esp,2021/2022,LaLiga,31,Jesús Gil Manzano,8385,Cadiz,8603,Real Betis,1,1,2,40,60,10,10,4,3,4,5,2,2,0,2,7,3,3,7,8,4,1,1,0,0,16,15,18,10,1,2,0,0,2,4,15,17,9,5,3,3,18,30,0,2,44,55,29.0,45.0,15.0,10.0,5.0,11.0,264,430,181.0,352.0,86,189,95,163,22.0,21.0,5.0,1.0,1.26,1.33,0.33,0.3,0.93,0.24,1.26,0.54,1.43,1.31,2,0,5,3,0,0,3,5,0,2,0.8257,0.0,0.2892,1.0126,0.0,0.0,0.1419,0.2237,0.0,0.091,7,4,0,0,1,1,2,4,0,1,0.3318,0.2982,0.0,0.0,0.0248,0.04,0.9002,0.2008,0.0,0.7884,10,10,15.03,20.08
3629395,2022-04-09,esp,2021/2022,LaLiga,31,Jesús Gil Manzano,8603,Real Betis,8385,Cadiz,0,2,1,60,40,10,10,3,4,5,4,2,2,2,0,3,7,7,3,4,8,1,1,0,0,15,16,10,18,2,1,0,0,4,2,17,15,5,9,3,3,30,18,2,0,55,44,45.0,29.0,10.0,15.0,11.0,5.0,430,264,352.0,181.0,189,86,163,95,21.0,22.0,1.0,5.0,1.33,1.26,0.3,0.33,0.24,0.93,0.54,1.26,1.31,1.43,0,2,3,5,0,0,5,3,2,0,0.0,0.8257,1.0126,0.2892,0.0,0.0,0.2237,0.1419,0.091,0.0,4,7,0,0,1,1,4,2,1,0,0.2982,0.3318,0.0,0.0,0.04,0.0248,0.2008,0.9002,0.7884,0.0,10,10,20.08,15.03
3629399,2022-04-09,esp,2021/2022,LaLiga,31,César Soto Grado,8633,Real Madrid,8305,Getafe,1,2,0,69,31,26,8,8,0,8,4,10,4,0,1,15,5,11,3,10,2,1,0,0,0,31,11,13,11,2,2,0,0,2,0,9,10,8,11,4,10,11,19,0,6,42,43,28.0,26.0,14.0,17.0,9.0,4.0,734,335,665.0,244.0,277,159,388,85,41.0,29.0,5.0,1.0,1.56,0.38,1.25,0.09,0.31,0.3,1.56,0.38,1.71,0.0,1,1,7,2,7,2,6,1,5,2,0.7217,0.1789,0.4282,0.1067,0.2271,0.0573,0.1046,0.0098,0.0764,0.0286,15,4,0,0,8,1,3,3,0,0,1.2467,0.0859,0.0,0.0,0.2587,0.063,0.0527,0.2324,0.0,0.0,26,8,20.39,18.39
3629399,2022-04-09,esp,2021/2022,LaLiga,31,César Soto Grado,8305,Getafe,8633,Real Madrid,0,0,2,31,69,8,26,0,8,4,8,4,10,1,0,5,15,3,11,2,10,0,1,0,0,11,31,11,13,2,2,0,0,0,2,10,9,11,8,10,4,19,11,6,0,43,42,26.0,28.0,17.0,14.0,4.0,9.0,335,734,244.0,665.0,159,277,85,388,29.0,41.0,1.0,5.0,0.38,1.56,0.09,1.25,0.3,0.31,0.38,1.56,0.0,1.71,1,1,2,7,2,7,1,6,2,5,0.1789,0.7217,0.1067,0.4282,0.0573,0.2271,0.0098,0.1046,0.0286,0.0764,4,15,0,0,1,8,3,3,0,0,0.0859,1.2467,0.0,0.0,0.063,0.2587,0.2324,0.0527,0.0,0.0,8,26,18.39,20.39
3629402,2022-04-09,esp,2021/2022,LaLiga,31,Carlos del Cerro Grande,10205,Villarreal,8315,Athletic Club,1,1,1,60,40,11,12,5,6,3,2,3,4,0,0,8,7,3,5,7,2,1,3,0,2,22,23,17,15,2,3,0,0,1,0,11,16,14,4,4,3,11,21,5,4,48,48,32.0,36.0,16.0,12.0,8.0,3.0,576,367,487.0,273.0,306,151,181,122,24.0,27.0,4.0,5.0,1.27,1.98,1.06,1.92,0.21,0.06,1.27,1.98,1.26,1.71,1,1,5,5,2,1,2,4,1,1,0.5272,0.981,0.4276,0.6387,0.0905,0.0223,0.1966,0.1713,0.0248,0.0205,7,10,0,0,3,0,1,2,0,0,1.0582,1.784,0.0,0.0,0.1002,0.0,0.1083,0.0498,0.0,0.0,11,12,15.51,15.09
3629402,2022-04-09,esp,2021/2022,LaLiga,31,Carlos del Cerro Grande,8315,Athletic Club,10205,Villarreal,0,1,1,40,60,12,11,6,5,2,3,4,3,0,0,7,8,5,3,2,7,3,1,2,0,23,22,15,17,3,2,0,0,0,1,16,11,4,14,3,4,21,11,4,5,48,48,36.0,32.0,12.0,16.0,3.0,8.0,367,576,273.0,487.0,151,306,122,181,27.0,24.0,5.0,4.0,1.98,1.27,1.92,1.06,0.06,0.21,1.98,1.27,1.71,1.26,1,1,5,5,1,2,4,2,1,1,0.981,0.5272,0.6387,0.4276,0.0223,0.0905,0.1713,0.1966,0.0205,0.0248,10,7,0,0,0,3,2,1,0,0,1.784,1.0582,0.0,0.0,0.0,0.1002,0.0498,0.1083,0.0,0.0,12,11,15.09,15.51
3629396,2022-04-10,esp,2021/2022,LaLiga,31,Javier Alberola Rojas,8558,Espanyol,9910,Celta Vigo,1,1,0,46,54,11,10,2,5,6,1,3,4,0,0,8,6,3,4,2,3,3,0,2,0,32,24,12,21,4,1,0,0,0,4,11,20,17,9,4,2,23,14,6,1,57,44,43.0,36.0,14.0,8.0,12.0,4.0,441,508,360.0,420.0,191,203,169,217,37.0,32.0,5.0,5.0,1.28,0.85,1.08,0.83,0.19,0.02,1.28,0.85,0.59,0.63,1,1,4,5,3,0,1,3,2,1,0.5287,0.1585,0.6117,0.5909,0.1012,0.0,0.0189,0.0867,0.0405,0.0153,7,9,1,0,0,1,3,0,0,0,1.0721,0.8285,0.0348,0.0,0.0,0.0229,0.1942,0.0,0.0,0.0,11,10,16.67,16.64
3629396,2022-04-10,esp,2021/2022,LaLiga,31,Javier Alberola Rojas,9910,Celta Vigo,8558,Espanyol,0,0,1,54,46,10,11,5,2,1,6,4,3,0,0,6,8,4,3,3,2,0,3,0,2,24,32,21,12,1,4,0,0,4,0,20,11,9,17,2,4,14,23,1,6,44,57,36.0,43.0,8.0,14.0,4.0,12.0,508,441,420.0,360.0,203,191,217,169,32.0,37.0,5.0,5.0,0.85,1.28,0.83,1.08,0.02,0.19,0.85,1.28,0.63,0.59,1,1,5,4,0,3,3,1,1,2,0.1585,0.5287,0.5909,0.6117,0.0,0.1012,0.0867,0.0189,0.0153,0.0405,9,7,0,1,1,0,0,3,0,0,0.8285,1.0721,0.0,0.0348,0.0229,0.0,0.0,0.1942,0.0,0.0,10,11,16.64,16.67
3629397,2022-04-10,esp,2021/2022,LaLiga,31,José Luis Munuera Montero,8581,Levante,8634,Barcelona,1,2,3,36,64,11,14,6,7,4,4,1,3,0,0,9,9,2,5,4,3,4,2,2,1,33,28,8,7,1,1,0,0,0,4,12,17,5,8,2,1,18,9,4,3,29,48,23.0,35.0,6.0,13.0,5.0,10.0,357,634,279.0,564.0,154,212,125,352,26.0,30.0,3.0,5.0,3.38,1.22,0.93,1.18,0.08,0.04,1.02,1.22,3.65,1.94,0,1,7,6,2,2,1,3,1,2,0.0,0.4176,3.2563,0.5292,0.034,0.0495,0.0573,0.1802,0.0336,0.0456,6,13,0,0,2,0,0,1,3,0,0.9334,1.1843,0.0,0.0,0.0826,0.0,0.0,0.0378,2.3652,0.0,11,14,14.84,17.65
3629397,2022-04-10,esp,2021/2022,LaLiga,31,José Luis Munuera Montero,8634,Barcelona,8581,Levante,0,3,2,64,36,14,11,7,6,4,4,3,1,0,0,9,9,5,2,3,4,2,4,1,2,28,33,7,8,1,1,0,0,4,0,17,12,8,5,1,2,9,18,3,4,48,29,35.0,23.0,13.0,6.0,10.0,5.0,634,357,564.0,279.0,212,154,352,125,30.0,26.0,5.0,3.0,1.22,3.38,1.18,0.93,0.04,0.08,1.22,1.02,1.94,3.65,1,0,6,7,2,2,3,1,2,1,0.4176,0.0,0.5292,3.2563,0.0495,0.034,0.1802,0.0573,0.0456,0.0336,13,6,0,0,0,2,1,0,0,3,1.1843,0.9334,0.0,0.0,0.0,0.0826,0.0378,0.0,0.0,2.3652,14,11,17.65,14.84
3629398,2022-04-10,esp,2021/2022,LaLiga,31,Alejandro Muñíz Ruiz,8371,Osasuna,9866,Deportivo Alaves,1,1,0,65,35,15,8,4,2,9,6,2,0,0,0,10,4,5,4,7,3,4,1,3,1,24,9,12,6,3,1,0,0,1,0,9,16,4,5,0,2,8,25,2,3,50,48,22.0,31.0,28.0,17.0,8.0,5.0,527,284,402.0,167.0,213,92,189,75,32.0,24.0,6.0,2.0,2.1,0.46,0.9,0.4,0.41,0.06,1.31,0.46,2.46,0.06,2,1,6,3,2,0,4,3,1,1,0.8315,0.1848,1.0875,0.186,0.0361,0.0,0.1126,0.0637,0.0304,0.0249,9,6,0,0,4,2,1,0,1,0,0.9023,0.395,0.0,0.0,0.3731,0.0644,0.0343,0.0,0.7884,0.0,15,8,17.69,19.24
3629398,2022-04-10,esp,2021/2022,LaLiga,31,Alejandro Muñíz Ruiz,9866,Deportivo Alaves,8371,Osasuna,0,0,1,35,65,8,15,2,4,6,9,0,2,0,0,4,10,4,5,3,7,1,4,1,3,9,24,6,12,1,3,0,0,0,1,16,9,5,4,2,0,25,8,3,2,48,50,31.0,22.0,17.0,28.0,5.0,8.0,284,527,167.0,402.0,92,213,75,189,24.0,32.0,2.0,6.0,0.46,2.1,0.4,0.9,0.06,0.41,0.46,1.31,0.06,2.46,1,2,3,6,0,2,3,4,1,1,0.1848,0.8315,0.186,1.0875,0.0,0.0361,0.0637,0.1126,0.0249,0.0304,6,9,0,0,2,4,0,1,0,1,0.395,0.9023,0.0,0.0,0.0644,0.3731,0.0,0.0343,0.0,0.7884,8,15,19.24,17.69
3629403,2022-04-10,esp,2021/2022,LaLiga,31,Guillermo Cuadra Fernández,10268,Elche,8560,Real Sociedad,1,1,2,50,50,10,17,1,6,6,7,3,4,0,0,7,10,3,7,8,9,1,3,0,2,20,32,15,12,3,3,0,0,1,3,18,19,7,10,3,3,20,20,4,0,45,66,33.0,41.0,12.0,25.0,5.0,7.0,366,385,295.0,306.0,147,131,148,175,24.0,20.0,8.0,6.0,0.64,2.19,0.56,1.7,0.08,0.49,0.64,2.19,0.89,1.23,0,1,4,7,3,2,1,3,2,4,0.0,0.2165,0.4864,1.2608,0.101,0.1082,0.0211,0.0913,0.0286,0.0574,7,9,0,0,2,6,1,2,0,0,0.562,1.3861,0.0,0.0,0.0541,0.3109,0.0211,0.0371,0.0,0.0,10,17,16.96,16.28
3629403,2022-04-10,esp,2021/2022,LaLiga,31,Guillermo Cuadra Fernández,8560,Real Sociedad,10268,Elche,0,2,1,50,50,17,10,6,1,7,6,4,3,0,0,10,7,7,3,9,8,3,1,2,0,32,20,12,15,3,3,0,0,3,1,19,18,10,7,3,3,20,20,0,4,66,45,41.0,33.0,25.0,12.0,7.0,5.0,385,366,306.0,295.0,131,147,175,148,20.0,24.0,6.0,8.0,2.19,0.64,1.7,0.56,0.49,0.08,2.19,0.64,1.23,0.89,1,0,7,4,2,3,3,1,4,2,0.2165,0.0,1.2608,0.4864,0.1082,0.101,0.0913,0.0211,0.0574,0.0286,9,7,0,0,6,2,2,1,0,0,1.3861,0.562,0.0,0.0,0.3109,0.0541,0.0371,0.0211,0.0,0.0,17,10,16.28,16.96
3629401,2022-04-11,esp,2021/2022,LaLiga,31,Ricardo De Burgos Bengoetxea,8370,Rayo Vallecano,10267,Valencia,1,1,1,56,44,11,6,4,2,4,3,3,1,1,0,5,4,6,2,5,4,0,1,0,1,27,9,13,17,3,4,0,0,4,0,16,20,10,10,1,3,14,25,1,3,59,55,44.0,36.0,15.0,19.0,13.0,5.0,432,344,314.0,224.0,181,101,133,123,34.0,29.0,3.0,2.0,0.64,0.47,0.48,0.43,0.15,0.04,0.64,0.47,1.53,0.77,0,0,4,3,1,1,2,1,4,1,0.0,0.0,0.4366,0.2702,0.0486,0.1573,0.1073,0.0154,0.0431,0.0307,7,5,0,0,2,1,2,0,0,0,0.4811,0.4342,0.0,0.0,0.0472,0.0394,0.1073,0.0,0.0,0.0,11,6,19.74,19.11
3629401,2022-04-11,esp,2021/2022,LaLiga,31,Ricardo De Burgos Bengoetxea,10267,Valencia,8370,Rayo Vallecano,0,1,1,44,56,6,11,2,4,3,4,1,3,0,1,4,5,2,6,4,5,1,0,1,0,9,27,17,13,4,3,0,0,0,4,20,16,10,10,3,1,25,14,3,1,55,59,36.0,44.0,19.0,15.0,5.0,13.0,344,432,224.0,314.0,101,181,123,133,29.0,34.0,2.0,3.0,0.47,0.64,0.43,0.48,0.04,0.15,0.47,0.64,0.77,1.53,0,0,3,4,1,1,1,2,1,4,0.0,0.0,0.2702,0.4366,0.1573,0.0486,0.0154,0.1073,0.0307,0.0431,5,7,0,0,1,2,0,2,0,0,0.4342,0.4811,0.0,0.0,0.0394,0.0472,0.0,0.1073,0.0,0.0,6,11,19.11,19.74
3629410,2022-04-15,esp,2021/2022,LaLiga,32,Isidro Díaz de Mera Escuderos,8560,Real Sociedad,8603,Real Betis,1,0,0,57,43,9,9,2,2,3,6,4,1,0,0,7,3,2,6,8,1,1,0,1,0,25,10,17,7,3,4,1,0,7,3,16,26,11,8,1,3,13,20,2,2,48,75,37.0,55.0,11.0,20.0,15.0,12.0,475,377,406.0,306.0,215,130,191,176,28.0,21.0,6.0,1.0,0.9,0.46,0.72,0.4,0.18,0.06,0.9,0.46,0.6,0.2,0,1,5,2,2,0,2,4,0,2,0.0,0.1326,0.7935,0.1468,0.052,0.0,0.0521,0.1066,0.0,0.0768,7,7,0,0,1,1,1,1,0,0,0.717,0.3995,0.0,0.0,0.11,0.0152,0.0707,0.0481,0.0,0.0,9,9,14.74,21.34
3629410,2022-04-15,esp,2021/2022,LaLiga,32,Isidro Díaz de Mera Escuderos,8603,Real Betis,8560,Real Sociedad,0,0,0,43,57,9,9,2,2,6,3,1,4,0,0,3,7,6,2,1,8,0,1,0,1,10,25,7,17,4,3,0,1,3,7,26,16,8,11,3,1,20,13,2,2,75,48,55.0,37.0,20.0,11.0,12.0,15.0,377,475,306.0,406.0,130,215,176,191,21.0,28.0,1.0,6.0,0.46,0.9,0.4,0.72,0.06,0.18,0.46,0.9,0.2,0.6,1,0,2,5,0,2,4,2,2,0,0.1326,0.0,0.1468,0.7935,0.0,0.052,0.1066,0.0521,0.0768,0.0,7,7,0,0,1,1,1,1,0,0,0.3995,0.717,0.0,0.0,0.0152,0.11,0.0481,0.0707,0.0,0.0,9,9,21.34,14.74
3629404,2022-04-16,esp,2021/2022,LaLiga,32,Juan Martínez Munuera,9866,Deportivo Alaves,8370,Rayo Vallecano,1,1,0,38,62,11,20,5,3,5,8,1,9,1,0,5,10,6,10,2,12,0,2,0,2,12,26,10,9,2,3,0,1,0,0,17,16,11,10,8,1,33,16,3,4,70,58,35.0,39.0,35.0,19.0,10.0,13.0,292,457,169.0,346.0,71,177,98,169,29.0,29.0,3.0,5.0,0.53,1.01,0.37,0.63,0.16,0.38,0.53,1.01,0.66,0.83,0,0,3,7,2,3,5,5,1,5,0.0,0.0,0.2829,0.6999,0.1111,0.0643,0.0894,0.1466,0.0474,0.0949,8,10,0,0,2,8,1,2,0,0,0.3684,0.6266,0.0,0.0,0.115,0.3277,0.0474,0.0514,0.0,0.0,11,20,24.84,18.66
3629404,2022-04-16,esp,2021/2022,LaLiga,32,Juan Martínez Munuera,8370,Rayo Vallecano,9866,Deportivo Alaves,0,0,1,62,38,20,11,3,5,8,5,9,1,0,1,10,5,10,6,12,2,2,0,2,0,26,12,9,10,3,2,1,0,0,0,16,17,10,11,1,8,16,33,4,3,58,70,39.0,35.0,19.0,35.0,13.0,10.0,457,292,346.0,169.0,177,71,169,98,29.0,29.0,5.0,3.0,1.01,0.53,0.63,0.37,0.38,0.16,1.01,0.53,0.83,0.66,0,0,7,3,3,2,5,5,5,1,0.0,0.0,0.6999,0.2829,0.0643,0.1111,0.1466,0.0894,0.0949,0.0474,10,8,0,0,8,2,2,1,0,0,0.6266,0.3684,0.0,0.0,0.3277,0.115,0.0514,0.0474,0.0,0.0,20,11,18.66,24.84
3629408,2022-04-16,esp,2021/2022,LaLiga,32,Pablo González Fuertes,8305,Getafe,10205,Villarreal,1,1,2,40,60,12,11,5,6,3,3,4,2,0,1,6,8,6,3,6,6,1,4,0,3,23,28,17,6,2,0,0,0,3,2,11,9,9,6,1,4,11,27,4,4,32,50,20.0,42.0,12.0,8.0,5.0,18.0,361,573,285.0,487.0,116,321,169,166,19.0,42.0,9.0,4.0,0.99,2.67,0.69,2.6,0.29,0.07,0.99,2.67,1.09,2.28,0,2,4,5,2,1,3,3,3,0,0.0,1.2762,0.6053,1.1804,0.0681,0.0147,0.2195,0.1997,0.0467,0.0,9,6,0,2,3,2,0,1,0,0,0.6641,1.8076,0.0,0.7932,0.2756,0.0363,0.0,0.034,0.0,0.0,12,11,19.57,15.09
3629408,2022-04-16,esp,2021/2022,LaLiga,32,Pablo González Fuertes,10205,Villarreal,8305,Getafe,0,2,1,60,40,11,12,6,5,3,3,2,4,1,0,8,6,3,6,6,6,4,1,3,0,28,23,6,17,0,2,0,0,2,3,9,11,6,9,4,1,27,11,4,4,50,32,42.0,20.0,8.0,12.0,18.0,5.0,573,361,487.0,285.0,321,116,166,169,42.0,19.0,4.0,9.0,2.67,0.99,2.6,0.69,0.07,0.29,2.67,0.99,2.28,1.09,2,0,5,4,1,2,3,3,0,3,1.2762,0.0,1.1804,0.6053,0.0147,0.0681,0.1997,0.2195,0.0,0.0467,6,9,2,0,2,3,1,0,0,0,1.8076,0.6641,0.7932,0.0,0.0363,0.2756,0.034,0.0,0.0,0.0,11,12,15.09,19.57
3629412,2022-04-16,esp,2021/2022,LaLiga,32,Mario Melero López,10267,Valencia,8371,Osasuna,1,1,2,52,48,11,9,4,3,5,5,2,1,1,0,7,5,4,4,9,5,1,1,0,0,18,13,11,22,2,2,0,0,2,5,20,6,12,6,1,2,13,25,1,3,72,49,52.0,20.0,20.0,29.0,11.0,7.0,338,318,233.0,214.0,114,90,119,124,27.0,28.0,4.0,5.0,1.3,1.08,0.26,0.13,0.25,0.16,0.51,0.29,1.31,1.62,1,0,3,4,3,1,3,1,1,3,0.1822,0.0,0.8203,0.9971,0.1888,0.0389,0.0909,0.0157,0.0175,0.0298,6,5,0,0,4,2,0,1,1,1,0.2608,0.13,0.0,0.0,0.2504,0.1522,0.0,0.0109,0.7884,0.7884,11,9,17.23,22.05
3629412,2022-04-16,esp,2021/2022,LaLiga,32,Mario Melero López,8371,Osasuna,10267,Valencia,0,2,1,48,52,9,11,3,4,5,5,1,2,0,1,5,7,4,4,5,9,1,1,0,0,13,18,22,11,2,2,0,0,5,2,6,20,6,12,2,1,25,13,3,1,49,72,20.0,52.0,29.0,20.0,7.0,11.0,318,338,214.0,233.0,90,114,124,119,28.0,27.0,5.0,4.0,1.08,1.3,0.13,0.26,0.16,0.25,0.29,0.51,1.62,1.31,0,1,4,3,1,3,1,3,3,1,0.0,0.1822,0.9971,0.8203,0.0389,0.1888,0.0157,0.0909,0.0298,0.0175,5,6,0,0,2,4,1,0,1,1,0.13,0.2608,0.0,0.0,0.1522,0.2504,0.0109,0.0,0.7884,0.7884,9,11,22.05,17.23
3629413,2022-04-16,esp,2021/2022,LaLiga,32,José María Sánchez Martínez,10268,Elche,8661,Mallorca,1,3,0,52,48,6,13,2,2,3,6,1,5,0,1,5,9,1,4,2,1,3,2,2,2,18,23,17,13,2,3,0,0,2,2,11,14,3,11,5,1,27,20,2,0,51,57,29.0,43.0,22.0,14.0,5.0,13.0,440,397,344.0,311.0,176,139,168,172,38.0,27.0,3.0,2.0,1.57,1.55,1.26,1.51,0.31,0.04,1.57,1.55,0.3,0.31,1,1,3,3,1,5,0,2,1,2,0.5593,0.7229,0.9425,0.4482,0.0504,0.3438,0.0,0.0585,0.0185,0.0495,5,11,0,1,0,0,1,1,0,0,1.2622,1.3902,0.0,0.194,0.0,0.0,0.3085,0.0385,0.0,0.0,6,13,12.25,17.68
3629413,2022-04-16,esp,2021/2022,LaLiga,32,José María Sánchez Martínez,8661,Mallorca,10268,Elche,0,0,3,48,52,13,6,2,2,6,3,5,1,1,0,9,5,4,1,1,2,2,3,2,2,23,18,13,17,3,2,0,0,2,2,14,11,11,3,1,5,20,27,0,2,57,51,43.0,29.0,14.0,22.0,13.0,5.0,397,440,311.0,344.0,139,176,172,168,27.0,38.0,2.0,3.0,1.55,1.57,1.51,1.26,0.04,0.31,1.55,1.57,0.31,0.3,1,1,3,3,5,1,2,0,2,1,0.7229,0.5593,0.4482,0.9425,0.3438,0.0504,0.0585,0.0,0.0495,0.0185,11,5,1,0,0,0,1,1,0,0,1.3902,1.2622,0.194,0.0,0.0,0.0,0.0385,0.3085,0.0,0.0,13,6,17.68,12.25
3629405,2022-04-17,esp,2021/2022,LaLiga,32,Alejandro José Hernández Hernández,8315,Athletic Club,9910,Celta Vigo,1,0,2,50,50,10,6,2,4,3,2,5,0,0,0,7,4,3,2,5,4,0,1,0,0,17,13,13,15,2,2,0,0,2,1,12,16,6,13,0,5,15,13,2,2,60,52,43.0,37.0,17.0,15.0,16.0,8.0,472,477,363.0,384.0,169,214,194,170,39.0,44.0,3.0,2.0,0.48,0.36,0.21,0.31,0.28,0.05,0.48,0.36,0.55,1.31,1,1,4,3,2,0,1,2,2,0,0.1343,0.1945,0.203,0.1262,0.1109,0.0,0.0123,0.0416,0.0221,0.0,4,4,0,0,5,1,1,1,0,0,0.2064,0.3147,0.0,0.0,0.2615,0.0242,0.0147,0.0234,0.0,0.0,10,6,16.05,16.26
3629405,2022-04-17,esp,2021/2022,LaLiga,32,Alejandro José Hernández Hernández,9910,Celta Vigo,8315,Athletic Club,0,2,0,50,50,6,10,4,2,2,3,0,5,0,0,4,7,2,3,4,5,1,0,0,0,13,17,15,13,2,2,0,0,1,2,16,12,13,6,5,0,13,15,2,2,52,60,37.0,43.0,15.0,17.0,8.0,16.0,477,472,384.0,363.0,214,169,170,194,44.0,39.0,2.0,3.0,0.36,0.48,0.31,0.21,0.05,0.28,0.36,0.48,1.31,0.55,1,1,3,4,0,2,2,1,0,2,0.1945,0.1343,0.1262,0.203,0.0,0.1109,0.0416,0.0123,0.0,0.0221,4,4,0,0,1,5,1,1,0,0,0.3147,0.2064,0.0,0.0,0.0242,0.2615,0.0234,0.0147,0.0,0.0,6,10,16.26,16.05
3629406,2022-04-17,esp,2021/2022,LaLiga,32,Jorge Figueroa Vázquez,9906,Atletico Madrid,8558,Espanyol,1,2,1,52,48,10,11,3,5,3,3,4,3,0,0,6,5,4,6,6,3,3,1,1,1,34,8,18,12,3,5,1,0,2,2,10,9,3,4,3,3,12,35,4,1,41,46,31.0,33.0,10.0,13.0,11.0,8.0,489,472,400.0,394.0,216,182,184,212,29.0,28.0,5.0,1.0,1.26,0.72,0.45,0.42,0.02,0.3,0.47,0.72,2.18,0.8,0,0,3,3,3,2,3,3,1,3,0.0,0.0,0.9027,0.3547,0.2378,0.0538,0.0941,0.2608,0.0231,0.0482,6,8,2,0,0,1,1,2,1,0,0.2457,0.4212,0.2076,0.0,0.0,0.0718,0.016,0.2245,0.7884,0.0,10,11,18.0,21.97
3629406,2022-04-17,esp,2021/2022,LaLiga,32,Jorge Figueroa Vázquez,8558,Espanyol,9906,Atletico Madrid,0,1,2,48,52,11,10,5,3,3,3,3,4,0,0,5,6,6,4,3,6,1,3,1,1,8,34,12,18,5,3,0,1,2,2,9,10,4,3,3,3,35,12,1,4,46,41,33.0,31.0,13.0,10.0,8.0,11.0,472,489,394.0,400.0,182,216,212,184,28.0,29.0,1.0,5.0,0.72,1.26,0.42,0.45,0.3,0.02,0.72,0.47,0.8,2.18,0,0,3,3,2,3,3,3,3,1,0.0,0.0,0.3547,0.9027,0.0538,0.2378,0.2608,0.0941,0.0482,0.0231,8,6,0,2,1,0,2,1,0,1,0.4212,0.2457,0.0,0.2076,0.0718,0.0,0.2245,0.016,0.0,0.7884,11,10,21.97,18.0
3629409,2022-04-17,esp,2021/2022,LaLiga,32,Valentín Pizarro Gómez,7878,Granada,8581,Levante,1,1,4,53,47,16,17,4,8,7,4,5,5,1,0,9,14,7,3,13,2,3,8,3,4,21,31,10,9,3,2,1,0,0,1,16,15,10,8,4,5,5,26,4,3,50,44,39.0,31.0,11.0,13.0,14.0,7.0,358,335,292.0,258.0,128,129,164,129,27.0,23.0,3.0,5.0,1.09,4.36,0.45,3.38,0.64,0.18,1.09,3.57,1.28,4.25,1,3,6,9,2,2,5,3,2,0,0.2865,1.3656,0.5196,2.773,0.0681,0.1066,0.1247,0.1104,0.0933,0.0,6,12,1,0,5,1,4,3,0,1,0.403,3.3838,0.0487,0.0,0.4812,0.0503,0.1593,0.1332,0.0,0.7884,16,17,18.98,13.51
3629409,2022-04-17,esp,2021/2022,LaLiga,32,Valentín Pizarro Gómez,8581,Levante,7878,Granada,0,4,1,47,53,17,16,8,4,4,7,5,5,0,1,14,9,3,7,2,13,8,3,4,3,31,21,9,10,2,3,0,1,1,0,15,16,8,10,5,4,26,5,3,4,44,50,31.0,39.0,13.0,11.0,7.0,14.0,335,358,258.0,292.0,129,128,129,164,23.0,27.0,5.0,3.0,4.36,1.09,3.38,0.45,0.18,0.64,3.57,1.09,4.25,1.28,3,1,9,6,2,2,3,5,0,2,1.3656,0.2865,2.773,0.5196,0.1066,0.0681,0.1104,0.1247,0.0,0.0933,12,6,0,1,1,5,3,4,1,0,3.3838,0.403,0.0,0.0487,0.0503,0.4812,0.1332,0.1593,0.7884,0.0,17,16,13.51,18.98
3629411,2022-04-17,esp,2021/2022,LaLiga,32,Guillermo Cuadra Fernández,8302,Sevilla,8633,Real Madrid,1,2,3,40,60,7,15,2,6,4,5,1,4,0,0,6,10,1,5,0,3,2,2,1,0,16,42,11,9,3,4,0,0,1,4,17,17,13,6,4,1,22,5,3,0,36,52,31.0,43.0,5.0,9.0,7.0,16.0,464,680,399.0,603.0,229,250,170,353,22.0,26.0,3.0,2.0,0.86,1.63,0.75,1.48,0.11,0.15,0.86,1.63,0.85,1.88,0,0,5,6,1,4,1,2,0,3,0.0,0.0,0.7224,0.8675,0.0284,0.1793,0.1078,0.0686,0.0,0.0768,6,13,0,0,0,2,1,0,0,0,0.7508,1.0634,0.0,0.0,0.0,0.1288,0.1078,0.0,0.0,0.0,7,15,14.87,21.38
3629411,2022-04-17,esp,2021/2022,LaLiga,32,Guillermo Cuadra Fernández,8633,Real Madrid,8302,Sevilla,0,3,2,60,40,15,7,6,2,5,4,4,1,0,0,10,6,5,1,3,0,2,2,0,1,42,16,9,11,4,3,0,0,4,1,17,17,6,13,1,4,5,22,0,3,52,36,43.0,31.0,9.0,5.0,16.0,7.0,680,464,603.0,399.0,250,229,353,170,26.0,22.0,2.0,3.0,1.63,0.86,1.48,0.75,0.15,0.11,1.63,0.86,1.88,0.85,0,0,6,5,4,1,2,1,3,0,0.0,0.0,0.8675,0.7224,0.1793,0.0284,0.0686,0.1078,0.0768,0.0,13,6,0,0,2,0,0,1,0,0,1.0634,0.7508,0.0,0.0,0.1288,0.0,0.0,0.1078,0.0,0.0,15,7,21.38,14.87
3629407,2022-04-18,esp,2021/2022,LaLiga,32,Santiago Jaime Latre,8634,Barcelona,8385,Cadiz,1,0,1,75,25,18,6,6,4,7,2,5,0,0,1,9,6,9,0,8,1,2,5,2,4,37,9,16,9,4,1,0,0,0,5,14,20,14,15,0,5,5,39,3,6,57,54,45.0,40.0,12.0,14.0,22.0,6.0,686,229,615.0,139.0,216,76,399,63,44.0,21.0,3.0,0.0,1.22,1.65,1.11,1.65,0.11,0.0,1.22,1.65,1.04,1.89,2,2,4,4,3,0,5,0,4,0,0.3574,1.5329,0.4874,0.8635,0.1022,0.0,0.221,0.0,0.0884,0.0,15,5,0,1,2,0,1,0,0,0,1.1424,2.0907,0.0,0.3057,0.091,0.0,0.0229,0.0,0.0,0.0,18,6,19.07,8.85
3629407,2022-04-18,esp,2021/2022,LaLiga,32,Santiago Jaime Latre,8385,Cadiz,8634,Barcelona,0,1,0,25,75,6,18,4,6,2,7,0,5,1,0,6,9,0,9,1,8,5,2,4,2,9,37,9,16,1,4,0,0,5,0,20,14,15,14,5,0,39,5,6,3,54,57,40.0,45.0,14.0,12.0,6.0,22.0,229,686,139.0,615.0,76,216,63,399,21.0,44.0,0.0,3.0,1.65,1.22,1.65,1.11,0.0,0.11,1.65,1.22,1.89,1.04,2,2,4,4,0,3,0,5,0,4,1.5329,0.3574,0.8635,0.4874,0.0,0.1022,0.0,0.221,0.0,0.0884,5,15,1,0,0,2,0,1,0,0,2.0907,1.1424,0.3057,0.0,0.0,0.091,0.0,0.0229,0.0,0.0,6,18,8.85,19.07
3629415,2022-04-19,esp,2021/2022,LaLiga,33,Javier Alberola Rojas,8603,Real Betis,10268,Elche,1,0,1,65,35,18,9,3,1,10,4,5,4,1,0,9,5,9,4,2,3,1,1,1,0,27,12,9,14,2,3,1,0,4,5,16,17,12,14,4,4,9,21,0,3,61,48,47.0,36.0,14.0,12.0,17.0,10.0,619,339,530.0,257.0,256,125,274,132,21.0,36.0,10.0,3.0,1.22,0.62,0.93,0.55,0.29,0.07,1.22,0.62,0.64,0.96,2,1,4,2,3,2,8,2,1,2,0.4358,0.3448,0.2042,0.0673,0.1111,0.0894,0.467,0.0666,0.0228,0.0233,9,7,3,0,1,2,5,0,0,0,0.6367,0.5472,0.3123,0.0,0.0245,0.0442,0.2674,0.0,0.0,0.0,18,9,17.83,19.13
3629415,2022-04-19,esp,2021/2022,LaLiga,33,Javier Alberola Rojas,10268,Elche,8603,Real Betis,0,1,0,35,65,9,18,1,3,4,10,4,5,0,1,5,9,4,9,3,2,1,1,0,1,12,27,14,9,3,2,0,1,5,4,17,16,14,12,4,4,21,9,3,0,48,61,36.0,47.0,12.0,14.0,10.0,17.0,339,619,257.0,530.0,125,256,132,274,36.0,21.0,3.0,10.0,0.62,1.22,0.55,0.93,0.07,0.29,0.62,1.22,0.96,0.64,1,2,2,4,2,3,2,8,2,1,0.3448,0.4358,0.0673,0.2042,0.0894,0.1111,0.0666,0.467,0.0233,0.0228,7,9,0,3,2,1,0,5,0,0,0.5472,0.6367,0.0,0.3123,0.0442,0.0245,0.0,0.2674,0.0,0.0,9,18,19.13,17.83
3629417,2022-04-19,esp,2021/2022,LaLiga,33,César Soto Grado,8661,Mallorca,9866,Deportivo Alaves,1,2,1,40,60,5,12,3,4,1,3,1,5,0,0,4,7,1,5,0,6,1,0,1,0,19,24,25,15,2,6,0,0,1,3,20,20,8,9,5,1,31,11,4,1,66,85,44.0,52.0,22.0,33.0,11.0,10.0,334,478,226.0,371.0,141,170,85,201,27.0,31.0,2.0,5.0,0.82,0.65,0.45,0.37,0.37,0.27,0.82,0.65,1.59,0.71,1,0,3,5,0,2,1,4,0,1,0.1228,0.0,0.6586,0.4648,0.0,0.0785,0.0389,0.096,0.0,0.0071,4,8,0,0,0,3,1,1,0,0,0.575,0.3715,0.0,0.0,0.0,0.2651,0.2454,0.0097,0.0,0.0,5,12,13.26,18.94
3629417,2022-04-19,esp,2021/2022,LaLiga,33,César Soto Grado,9866,Deportivo Alaves,8661,Mallorca,0,1,2,60,40,12,5,4,3,3,1,5,1,0,0,7,4,5,1,6,0,0,1,0,1,24,19,15,25,6,2,0,0,3,1,20,20,9,8,1,5,11,31,1,4,85,66,52.0,44.0,33.0,22.0,10.0,11.0,478,334,371.0,226.0,170,141,201,85,31.0,27.0,5.0,2.0,0.65,0.82,0.37,0.45,0.27,0.37,0.65,0.82,0.71,1.59,0,1,5,3,2,0,4,1,1,0,0.0,0.1228,0.4648,0.6586,0.0785,0.0,0.096,0.0389,0.0071,0.0,8,4,0,0,3,0,1,1,0,0,0.3715,0.575,0.0,0.0,0.2651,0.0,0.0097,0.2454,0.0,0.0,12,5,18.94,13.26
3629423,2022-04-19,esp,2021/2022,LaLiga,33,José Luis Munuera Montero,10205,Villarreal,10267,Valencia,1,2,0,58,42,12,5,5,1,3,2,4,2,0,0,8,0,4,5,3,2,7,0,5,0,24,11,14,12,2,3,0,0,4,1,16,24,4,9,2,3,18,8,1,3,49,56,45.0,49.0,4.0,7.0,18.0,11.0,575,404,511.0,338.0,335,162,176,176,41.0,31.0,2.0,3.0,2.46,0.32,1.55,0.21,0.11,0.11,1.67,0.32,2.73,0.04,1,0,5,0,2,0,2,5,2,0,0.0888,0.0,2.0371,0.0,0.1363,0.0,0.1438,0.3212,0.0501,0.0,6,4,3,0,2,0,0,1,1,0,1.2332,0.2117,0.3214,0.0,0.113,0.0,0.0,0.1095,0.7884,0.0,12,5,15.67,20.55
3629423,2022-04-19,esp,2021/2022,LaLiga,33,José Luis Munuera Montero,10267,Valencia,10205,Villarreal,0,0,2,42,58,5,12,1,5,2,3,2,4,0,0,0,8,5,4,2,3,0,7,0,5,11,24,12,14,3,2,0,0,1,4,24,16,9,4,3,2,8,18,3,1,56,49,49.0,45.0,7.0,4.0,11.0,18.0,404,575,338.0,511.0,162,335,176,176,31.0,41.0,3.0,2.0,0.32,2.46,0.21,1.55,0.11,0.11,0.32,1.67,0.04,2.73,0,1,0,5,0,2,5,2,0,2,0.0,0.0888,0.0,2.0371,0.0,0.1363,0.3212,0.1438,0.0,0.0501,4,6,0,3,0,2,1,0,0,1,0.2117,1.2332,0.0,0.3214,0.0,0.113,0.1095,0.0,0.0,0.7884,5,12,20.55,15.67
3629414,2022-04-20,esp,2021/2022,LaLiga,33,Jesús Gil Manzano,9906,Atletico Madrid,7878,Granada,1,0,0,64,36,22,7,1,2,11,4,10,1,1,0,12,1,10,6,11,1,1,0,1,0,40,8,9,12,4,5,0,0,1,1,16,18,13,19,1,10,10,23,2,1,61,50,38.0,33.0,23.0,17.0,10.0,7.0,640,375,524.0,274.0,243,134,281,140,28.0,35.0,12.0,1.0,1.12,0.16,0.62,0.14,0.51,0.02,1.12,0.16,0.23,0.08,1,0,6,0,5,1,8,2,2,4,0.1706,0.0,0.4033,0.0,0.2087,0.0459,0.2731,0.0446,0.0681,0.0676,12,6,0,0,8,0,2,1,0,0,0.6169,0.1382,0.0,0.0,0.4586,0.0,0.0482,0.02,0.0,0.0,22,7,18.25,25.51
3629414,2022-04-20,esp,2021/2022,LaLiga,33,Jesús Gil Manzano,7878,Granada,9906,Atletico Madrid,0,0,0,36,64,7,22,2,1,4,11,1,10,0,1,1,12,6,10,1,11,0,1,0,1,8,40,12,9,5,4,0,0,1,1,18,16,19,13,10,1,23,10,1,2,50,61,33.0,38.0,17.0,23.0,7.0,10.0,375,640,274.0,524.0,134,243,140,281,35.0,28.0,1.0,12.0,0.16,1.12,0.14,0.62,0.02,0.51,0.16,1.12,0.08,0.23,0,1,0,6,1,5,2,8,4,2,0.0,0.1706,0.0,0.4033,0.0459,0.2087,0.0446,0.2731,0.0676,0.0681,6,12,0,0,0,8,1,2,0,0,0.1382,0.6169,0.0,0.0,0.0,0.4586,0.02,0.0482,0.0,0.0,7,22,25.51,18.25
3629416,2022-04-20,esp,2021/2022,LaLiga,33,Santiago Jaime Latre,9910,Celta Vigo,8305,Getafe,1,0,2,71,29,9,6,2,3,5,2,2,1,1,0,4,6,5,0,2,1,0,3,0,1,18,15,13,13,2,5,0,0,1,1,13,11,12,11,1,2,11,30,1,2,46,62,32.0,35.0,14.0,27.0,8.0,12.0,673,278,556.0,160.0,302,66,254,94,29.0,30.0,6.0,2.0,0.36,1.13,0.34,1.13,0.02,0.0,0.36,1.13,0.06,1.91,0,0,4,4,0,2,3,0,2,0,0.0,0.0,0.243,0.9137,0.0,0.2133,0.0834,0.0,0.0316,0.0,8,5,0,1,1,0,0,0,0,0,0.3428,0.9637,0.0,0.1632,0.0151,0.0,0.0,0.0,0.0,0.0,9,6,21.45,12.62
3629416,2022-04-20,esp,2021/2022,LaLiga,33,Santiago Jaime Latre,8305,Getafe,9910,Celta Vigo,0,2,0,29,71,6,9,3,2,2,5,1,2,0,1,6,4,0,5,1,2,3,0,1,0,15,18,13,13,5,2,0,0,1,1,11,13,11,12,2,1,30,11,2,1,62,46,35.0,32.0,27.0,14.0,12.0,8.0,278,673,160.0,556.0,66,302,94,254,30.0,29.0,2.0,6.0,1.13,0.36,1.13,0.34,0.0,0.02,1.13,0.36,1.91,0.06,0,0,4,4,2,0,0,3,0,2,0.0,0.0,0.9137,0.243,0.2133,0.0,0.0,0.0834,0.0,0.0316,5,8,1,0,0,1,0,0,0,0,0.9637,0.3428,0.1632,0.0,0.0,0.0151,0.0,0.0,0.0,0.0,6,9,12.62,21.45
3629421,2022-04-20,esp,2021/2022,LaLiga,33,Ricardo De Burgos Bengoetxea,8371,Osasuna,8633,Real Madrid,1,1,3,35,65,12,23,3,11,4,5,5,7,0,0,5,12,7,11,3,4,1,8,0,5,17,46,13,7,1,3,0,0,1,2,14,16,10,14,7,5,9,14,8,2,37,47,26.0,40.0,11.0,7.0,6.0,12.0,364,702,294.0,630.0,154,276,140,354,33.0,31.0,5.0,1.0,1.08,4.59,1.05,2.24,0.03,0.77,1.08,3.01,1.89,6.27,1,3,3,6,1,3,4,5,3,6,0.6997,1.7326,0.1383,2.793,0.0536,0.107,0.1137,0.2194,0.0751,0.1566,10,17,1,1,0,1,1,2,0,2,1.0263,1.9926,0.0269,0.3259,0.0,0.0146,0.0272,1.0987,0.0,1.5768,12,23,20.51,17.22
3629421,2022-04-20,esp,2021/2022,LaLiga,33,Ricardo De Burgos Bengoetxea,8633,Real Madrid,8371,Osasuna,0,3,1,65,35,23,12,11,3,5,4,7,5,0,0,12,5,11,7,4,3,8,1,5,0,46,17,7,13,3,1,0,0,2,1,16,14,14,10,5,7,14,9,2,8,47,37,40.0,26.0,7.0,11.0,12.0,6.0,702,364,630.0,294.0,276,154,354,140,31.0,33.0,1.0,5.0,4.59,1.08,2.24,1.05,0.77,0.03,3.01,1.08,6.27,1.89,3,1,6,3,3,1,5,4,6,3,1.7326,0.6997,2.793,0.1383,0.107,0.0536,0.2194,0.1137,0.1566,0.0751,17,10,1,1,1,0,2,1,2,0,1.9926,1.0263,0.3259,0.0269,0.0146,0.0,1.0987,0.0272,1.5768,0.0,23,12,17.22,20.51
3629418,2022-04-21,esp,2021/2022,LaLiga,33,Valentín Pizarro Gómez,8385,Cadiz,8315,Athletic Club,1,2,3,58,42,27,9,8,7,15,2,4,0,1,0,25,7,2,2,4,1,2,3,1,2,48,15,9,15,3,4,0,0,2,3,10,15,4,6,0,4,8,36,4,8,59,45,32.0,27.0,27.0,18.0,9.0,3.0,432,335,348.0,239.0,172,113,176,126,31.0,23.0,14.0,2.0,3.17,1.7,1.87,0.75,1.29,0.16,3.17,0.91,2.36,2.56,4,2,18,3,3,2,1,2,1,0,1.61,0.7007,1.4974,0.8776,0.0676,0.1947,0.0821,0.054,0.0129,0.0,18,6,0,0,2,0,7,2,0,1,1.8745,0.6336,0.0,0.0,0.1127,0.0,1.2827,0.405,0.0,0.7884,27,9,11.74,14.02
3629418,2022-04-21,esp,2021/2022,LaLiga,33,Valentín Pizarro Gómez,8315,Athletic Club,8385,Cadiz,0,3,2,42,58,9,27,7,8,2,15,0,4,0,1,7,25,2,2,1,4,3,2,2,1,15,48,15,9,4,3,0,0,3,2,15,10,6,4,4,0,36,8,8,4,45,59,27.0,32.0,18.0,27.0,3.0,9.0,335,432,239.0,348.0,113,172,126,176,23.0,31.0,2.0,14.0,1.7,3.17,0.75,1.87,0.16,1.29,0.91,3.17,2.56,2.36,2,4,3,18,2,3,2,1,0,1,0.7007,1.61,0.8776,1.4974,0.1947,0.0676,0.054,0.0821,0.0,0.0129,6,18,0,0,0,2,2,7,1,0,0.6336,1.8745,0.0,0.0,0.0,0.1127,0.405,1.2827,0.7884,0.0,9,27,14.02,11.74
3629419,2022-04-21,esp,2021/2022,LaLiga,33,Antonio Miguel Mateu Lahoz,8558,Espanyol,8370,Rayo Vallecano,1,0,1,57,43,6,13,2,2,3,8,1,3,1,1,3,7,3,6,3,10,1,1,1,0,15,19,14,18,4,4,0,0,1,1,20,21,11,6,2,1,25,23,1,2,61,62,46.0,45.0,15.0,17.0,8.0,10.0,509,359,431.0,280.0,214,125,217,155,33.0,22.0,1.0,4.0,0.37,0.6,0.37,0.19,0.0,0.41,0.37,0.6,0.2,0.58,1,0,0,5,2,2,0,4,3,2,0.1273,0.0,0.0,0.345,0.1771,0.0595,0.0,0.1555,0.0671,0.0428,6,6,0,1,0,3,0,3,0,0,0.3716,0.1638,0.0,0.0288,0.0,0.1231,0.0,0.2869,0.0,0.0,6,13,18.98,19.79
3629419,2022-04-21,esp,2021/2022,LaLiga,33,Antonio Miguel Mateu Lahoz,8370,Rayo Vallecano,8558,Espanyol,0,1,0,43,57,13,6,2,2,8,3,3,1,1,1,7,3,6,3,10,3,1,1,0,1,19,15,18,14,4,4,0,0,1,1,21,20,6,11,1,2,23,25,2,1,62,61,45.0,46.0,17.0,15.0,10.0,8.0,359,509,280.0,431.0,125,214,155,217,22.0,33.0,4.0,1.0,0.6,0.37,0.19,0.37,0.41,0.0,0.6,0.37,0.58,0.2,0,1,5,0,2,2,4,0,2,3,0.0,0.1273,0.345,0.0,0.0595,0.1771,0.1555,0.0,0.0428,0.0671,6,6,1,0,3,0,3,0,0,0,0.1638,0.3716,0.0288,0.0,0.1231,0.0,0.2869,0.0,0.0,0.0,13,6,19.79,18.98
3629420,2022-04-21,esp,2021/2022,LaLiga,33,Isidro Díaz de Mera Escuderos,8581,Levante,8302,Sevilla,1,2,3,45,55,15,13,6,6,5,5,4,2,0,0,9,11,6,2,10,4,4,4,2,1,27,28,9,12,1,5,0,0,4,2,10,21,7,6,2,3,10,17,3,4,45,47,29.0,34.0,16.0,13.0,9.0,5.0,352,435,267.0,346.0,153,212,114,134,23.0,31.0,5.0,7.0,2.76,1.84,1.08,1.42,0.1,0.42,1.19,1.84,2.42,2.22,0,3,7,7,2,1,4,1,2,1,0.0,0.8091,2.518,0.9674,0.0973,0.0151,0.087,0.0147,0.0608,0.0349,8,8,1,1,3,4,1,0,2,0,0.4576,1.2665,0.624,0.1573,0.0637,0.4175,0.0409,0.0,1.5768,0.0,15,13,16.99,12.8
3629420,2022-04-21,esp,2021/2022,LaLiga,33,Isidro Díaz de Mera Escuderos,8302,Sevilla,8581,Levante,0,3,2,55,45,13,15,6,6,5,5,2,4,0,0,11,9,2,6,4,10,4,4,1,2,28,27,12,9,5,1,0,0,2,4,21,10,6,7,3,2,17,10,4,3,47,45,34.0,29.0,13.0,16.0,5.0,9.0,435,352,346.0,267.0,212,153,134,114,31.0,23.0,7.0,5.0,1.84,2.76,1.42,1.08,0.42,0.1,1.84,1.19,2.22,2.42,3,0,7,7,1,2,1,4,1,2,0.8091,0.0,0.9674,2.518,0.0151,0.0973,0.0147,0.087,0.0349,0.0608,8,8,1,1,4,3,0,1,0,2,1.2665,0.4576,0.1573,0.624,0.4175,0.0637,0.0,0.0409,0.0,1.5768,13,15,12.8,16.99
3629422,2022-04-21,esp,2021/2022,LaLiga,33,Carlos del Cerro Grande,8560,Real Sociedad,8634,Barcelona,1,0,1,56,44,8,10,5,1,2,8,1,1,0,1,5,7,3,3,5,3,2,3,2,2,28,22,12,9,1,2,0,0,0,5,19,23,10,6,1,1,10,31,0,5,51,59,39.0,41.0,12.0,18.0,11.0,6.0,542,448,455.0,349.0,255,164,200,185,30.0,24.0,5.0,1.0,0.99,1.17,0.86,1.17,0.13,0.0,0.99,1.17,0.84,0.98,2,1,1,4,2,2,2,1,1,2,0.3771,0.4492,0.2635,0.5543,0.1207,0.0553,0.0382,0.0227,0.0075,0.0878,6,10,0,0,1,0,1,0,0,0,0.7105,1.1694,0.0,0.0,0.0075,0.0,0.089,0.0,0.0,0.0,8,10,17.59,16.33
3629422,2022-04-21,esp,2021/2022,LaLiga,33,Carlos del Cerro Grande,8634,Barcelona,8560,Real Sociedad,0,1,0,44,56,10,8,1,5,8,2,1,1,1,0,7,5,3,3,3,5,3,2,2,2,22,28,9,12,2,1,0,0,5,0,23,19,6,10,1,1,31,10,5,0,59,51,41.0,39.0,18.0,12.0,6.0,11.0,448,542,349.0,455.0,164,255,185,200,24.0,30.0,1.0,5.0,1.17,0.99,1.17,0.86,0.0,0.13,1.17,0.99,0.98,0.84,1,2,4,1,2,2,1,2,2,1,0.4492,0.3771,0.5543,0.2635,0.0553,0.1207,0.0227,0.0382,0.0878,0.0075,10,6,0,0,0,1,0,1,0,0,1.1694,0.7105,0.0,0.0,0.0,0.0075,0.0,0.089,0.0,0.0,10,8,16.33,17.59
3629296,2022-04-24,esp,2021/2022,LaLiga,21,Isidro Díaz de Mera Escuderos,8634,Barcelona,8370,Rayo Vallecano,1,0,1,71,29,18,3,5,1,7,1,6,1,2,1,10,2,8,1,9,1,0,0,0,0,39,8,9,15,4,6,0,0,6,2,15,20,9,12,1,7,7,34,0,4,67,45,47.0,37.0,20.0,8.0,18.0,9.0,615,264,531.0,179.0,286,101,245,78,39.0,29.0,6.0,1.0,1.75,0.32,1.39,0.32,0.36,0.0,1.75,0.32,0.25,0.34,0,0,9,2,1,0,3,1,5,0,0.0,0.0,1.2639,0.2739,0.0515,0.0,0.288,0.047,0.142,0.0,11,3,1,0,4,0,2,0,0,0,1.3206,0.3209,0.0668,0.0,0.1128,0.0,0.2451,0.0,0.0,0.0,18,3,17.06,14.5
3629296,2022-04-24,esp,2021/2022,LaLiga,21,Isidro Díaz de Mera Escuderos,8370,Rayo Vallecano,8634,Barcelona,0,1,0,29,71,3,18,1,5,1,7,1,6,1,2,2,10,1,8,1,9,0,0,0,0,8,39,15,9,6,4,0,0,2,6,20,15,12,9,7,1,34,7,4,0,45,67,37.0,47.0,8.0,20.0,9.0,18.0,264,615,179.0,531.0,101,286,78,245,29.0,39.0,1.0,6.0,0.32,1.75,0.32,1.39,0.0,0.36,0.32,1.75,0.34,0.25,0,0,2,9,0,1,1,3,0,5,0.0,0.0,0.2739,1.2639,0.0,0.0515,0.047,0.288,0.0,0.142,3,11,0,1,0,4,0,2,0,0,0.3209,1.3206,0.0,0.0668,0.0,0.1128,0.0,0.2451,0.0,0.0,3,18,14.5,17.06
3629430,2022-04-29,esp,2021/2022,LaLiga,34,José María Sánchez Martínez,8302,Sevilla,8385,Cadiz,1,1,1,58,42,11,10,6,4,3,5,2,1,0,1,7,5,4,5,5,6,1,1,1,1,14,16,15,11,2,2,0,0,0,1,16,20,2,13,2,2,12,25,2,5,49,50,30.0,35.0,19.0,15.0,5.0,2.0,524,383,443.0,308.0,233,184,210,124,25.0,24.0,7.0,6.0,0.76,0.91,0.12,0.57,0.64,0.33,0.76,0.91,1.24,0.54,0,1,5,4,2,0,3,4,1,1,0.0,0.2387,0.6429,0.4392,0.0307,0.0,0.0725,0.2124,0.0123,0.0156,6,7,0,0,3,2,2,1,0,0,0.1201,0.6629,0.0,0.0,0.5826,0.1944,0.0557,0.0486,0.0,0.0,11,10,19.3,17.13
3629430,2022-04-29,esp,2021/2022,LaLiga,34,José María Sánchez Martínez,8385,Cadiz,8302,Sevilla,0,1,1,42,58,10,11,4,6,5,3,1,2,1,0,5,7,5,4,6,5,1,1,1,1,16,14,11,15,2,2,0,0,1,0,20,16,13,2,2,2,25,12,5,2,50,49,35.0,30.0,15.0,19.0,2.0,5.0,383,524,308.0,443.0,184,233,124,210,24.0,25.0,6.0,7.0,0.91,0.76,0.57,0.12,0.33,0.64,0.91,0.76,0.54,1.24,1,0,4,5,0,2,4,3,1,1,0.2387,0.0,0.4392,0.6429,0.0,0.0307,0.2124,0.0725,0.0156,0.0123,7,6,0,0,2,3,1,2,0,0,0.6629,0.1201,0.0,0.0,0.1944,0.5826,0.0486,0.0557,0.0,0.0,10,11,17.13,19.3
3629424,2022-04-30,esp,2021/2022,LaLiga,34,Miguel Ángel Ortiz Arias,9866,Deportivo Alaves,10205,Villarreal,1,2,1,33,67,11,16,5,6,6,6,0,4,0,0,7,12,4,4,5,8,3,0,1,0,,,14,5,5,2,0,0,1,5,15,11,13,6,4,1,19,15,5,2,36,48,25.0,38.0,11.0,10.0,5.0,14.0,251,534,176.0,457.0,89,227,87,230,26.0,18.0,6.0,4.0,2.44,1.31,0.94,1.13,1.49,0.19,2.44,1.31,2.03,0.43,2,0,4,8,1,4,3,4,1,0,1.117,0.0,1.1505,0.7425,0.0208,0.3961,0.1244,0.2026,0.0235,0.0,7,13,0,0,3,2,1,1,0,0,0.9656,1.1556,0.0,0.0,1.431,0.1166,0.0397,0.0691,0.0,0.0,11,16,14.34,16.43
3629424,2022-04-30,esp,2021/2022,LaLiga,34,Miguel Ángel Ortiz Arias,10205,Villarreal,9866,Deportivo Alaves,0,1,2,67,33,16,11,6,5,6,6,4,0,0,0,12,7,4,4,8,5,0,3,0,1,,,5,14,2,5,0,0,5,1,11,15,6,13,1,4,15,19,2,5,48,36,38.0,25.0,10.0,11.0,14.0,5.0,534,251,457.0,176.0,227,89,230,87,18.0,26.0,4.0,6.0,1.31,2.44,1.13,0.94,0.19,1.49,1.31,2.44,0.43,2.03,0,2,8,4,4,1,4,3,0,1,0.0,1.117,0.7425,1.1505,0.3961,0.0208,0.2026,0.1244,0.0,0.0235,13,7,0,0,2,3,1,1,0,0,1.1556,0.9656,0.0,0.0,0.1166,1.431,0.0691,0.0397,0.0,0.0,16,11,16.43,14.34
3629425,2022-04-30,esp,2021/2022,LaLiga,34,Antonio Miguel Mateu Lahoz,8315,Athletic Club,9906,Atletico Madrid,1,2,0,43,57,11,9,4,3,5,3,2,3,1,1,7,4,4,5,5,3,1,0,0,0,,,18,15,3,2,0,0,2,1,9,18,17,6,3,1,16,8,3,3,41,50,27.0,44.0,14.0,6.0,4.0,8.0,361,482,286.0,383.0,136,259,150,124,35.0,30.0,4.0,4.0,1.29,0.67,0.19,0.57,0.31,0.1,0.5,0.67,1.61,0.99,0,0,6,4,1,0,2,4,2,1,0.0,0.0,1.032,0.4886,0.0622,0.0,0.1182,0.1361,0.0777,0.0468,4,7,0,0,4,1,2,1,1,0,0.1951,0.5734,0.0,0.0,0.1729,0.0513,0.1337,0.0468,0.7884,0.0,11,9,15.71,17.98
3629425,2022-04-30,esp,2021/2022,LaLiga,34,Antonio Miguel Mateu Lahoz,9906,Atletico Madrid,8315,Athletic Club,0,0,2,57,43,9,11,3,4,3,5,3,2,1,1,4,7,5,4,3,5,0,1,0,0,,,15,18,2,3,0,0,1,2,18,9,6,17,1,3,8,16,3,3,50,41,44.0,27.0,6.0,14.0,8.0,4.0,482,361,383.0,286.0,259,136,124,150,30.0,35.0,4.0,4.0,0.67,1.29,0.57,0.19,0.1,0.31,0.67,0.5,0.99,1.61,0,0,4,6,0,1,4,2,1,2,0.0,0.0,0.4886,1.032,0.0,0.0622,0.1361,0.1182,0.0468,0.0777,7,4,0,0,1,4,1,2,0,1,0.5734,0.1951,0.0,0.0,0.0513,0.1729,0.0468,0.1337,0.0,0.7884,9,11,17.98,15.71
3629429,2022-04-30,esp,2021/2022,LaLiga,34,José Luis Munuera Montero,8633,Real Madrid,8558,Espanyol,1,4,0,58,42,11,20,5,6,5,9,1,5,1,0,8,10,3,10,6,8,5,2,3,2,,,11,6,2,0,0,0,2,1,13,14,6,7,5,1,18,7,6,1,39,38,32.0,33.0,7.0,5.0,13.0,9.0,617,422,568.0,376.0,294,147,274,229,17.0,20.0,2.0,6.0,1.7,1.36,1.3,0.93,0.4,0.43,1.7,1.36,2.44,1.55,1,3,7,5,0,2,2,5,1,5,0.2138,0.7718,1.4985,0.2794,0.0,0.0488,0.0976,0.1603,0.0259,0.0993,8,14,2,0,1,4,0,2,0,0,0.8821,0.9325,0.7399,0.0,0.2138,0.3827,0.0,0.0445,0.0,0.0,11,20,14.63,19.18
3629429,2022-04-30,esp,2021/2022,LaLiga,34,José Luis Munuera Montero,8558,Espanyol,8633,Real Madrid,0,0,4,42,58,20,11,6,5,9,5,5,1,0,1,10,8,10,3,8,6,2,5,2,3,,,6,11,0,2,0,0,1,2,14,13,7,6,1,5,7,18,1,6,38,39,33.0,32.0,5.0,7.0,9.0,13.0,422,617,376.0,568.0,147,294,229,274,20.0,17.0,6.0,2.0,1.36,1.7,0.93,1.3,0.43,0.4,1.36,1.7,1.55,2.44,3,1,5,7,2,0,5,2,5,1,0.7718,0.2138,0.2794,1.4985,0.0488,0.0,0.1603,0.0976,0.0993,0.0259,14,8,0,2,4,1,2,0,0,0,0.9325,0.8821,0.0,0.7399,0.3827,0.2138,0.0445,0.0,0.0,0.0,20,11,19.18,14.63
3629431,2022-04-30,esp,2021/2022,LaLiga,34,Jorge Figueroa Vázquez,10267,Valencia,8581,Levante,1,1,1,32,68,6,24,1,6,4,9,1,9,0,1,4,14,2,10,1,7,1,2,0,2,,,11,21,4,3,1,0,0,0,17,11,11,4,8,1,20,8,5,0,54,53,41.0,32.0,13.0,21.0,4.0,10.0,239,508,139.0,408.0,65,161,74,247,18.0,19.0,6.0,7.0,0.5,1.3,0.44,1.17,0.06,0.14,0.5,1.3,0.82,2.58,0,1,4,8,0,5,1,7,1,3,0.0,0.0751,0.4594,0.558,0.0,0.3224,0.0249,0.2792,0.0147,0.0698,2,20,1,0,1,4,2,0,0,0,0.1829,1.1665,0.2582,0.0,0.0145,0.1379,0.0434,0.0,0.0,0.0,6,24,16.12,16.89
3629431,2022-04-30,esp,2021/2022,LaLiga,34,Jorge Figueroa Vázquez,8581,Levante,10267,Valencia,0,1,1,68,32,24,6,6,1,9,4,9,1,1,0,14,4,10,2,7,1,2,1,2,0,,,21,11,3,4,0,1,0,0,11,17,4,11,1,8,8,20,0,5,53,54,32.0,41.0,21.0,13.0,10.0,4.0,508,239,408.0,139.0,161,65,247,74,19.0,18.0,7.0,6.0,1.3,0.5,1.17,0.44,0.14,0.06,1.3,0.5,2.58,0.82,1,0,8,4,5,0,7,1,3,1,0.0751,0.0,0.558,0.4594,0.3224,0.0,0.2792,0.0249,0.0698,0.0147,20,2,0,1,4,1,0,2,0,0,1.1665,0.1829,0.0,0.2582,0.1379,0.0145,0.0,0.0434,0.0,0.0,24,6,16.89,16.12
3629426,2022-05-01,esp,2021/2022,LaLiga,34,Pablo González Fuertes,8634,Barcelona,8661,Mallorca,1,2,1,70,30,17,6,5,2,7,2,5,2,0,0,9,4,8,2,5,2,1,2,1,1,,,13,12,2,3,0,0,6,2,17,4,8,14,2,5,5,28,1,3,53,35,41.0,22.0,12.0,13.0,14.0,6.0,664,279,581.0,205.0,222,122,359,83,32.0,27.0,4.0,0.0,1.19,0.96,1.03,0.71,0.15,0.25,1.19,0.96,1.14,0.45,0,1,8,1,1,2,4,1,4,1,0.0,0.6071,0.8768,0.2147,0.0383,0.0765,0.1848,0.0178,0.0858,0.0428,14,4,0,0,1,0,2,2,0,0,1.0342,0.7105,0.0,0.0,0.0562,0.0,0.0954,0.2484,0.0,0.0,17,6,18.87,15.83
3629426,2022-05-01,esp,2021/2022,LaLiga,34,Pablo González Fuertes,8661,Mallorca,8634,Barcelona,0,1,2,30,70,6,17,2,5,2,7,2,5,0,0,4,9,2,8,2,5,2,1,1,1,,,12,13,3,2,0,0,2,6,4,17,14,8,5,2,28,5,3,1,35,53,22.0,41.0,13.0,12.0,6.0,14.0,279,664,205.0,581.0,122,222,83,359,27.0,32.0,0.0,4.0,0.96,1.19,0.71,1.03,0.25,0.15,0.96,1.19,0.45,1.14,1,0,1,8,2,1,1,4,1,4,0.6071,0.0,0.2147,0.8768,0.0765,0.0383,0.0178,0.1848,0.0428,0.0858,4,14,0,0,0,1,2,2,0,0,0.7105,1.0342,0.0,0.0,0.0,0.0562,0.2484,0.0954,0.0,0.0,6,17,15.83,18.87
3629428,2022-05-01,esp,2021/2022,LaLiga,34,Juan Martínez Munuera,7878,Granada,9910,Celta Vigo,1,1,1,42,58,15,13,6,6,6,6,3,1,0,0,4,8,11,5,5,4,1,2,1,1,,,11,13,1,3,0,0,0,1,25,21,11,4,2,3,14,33,4,5,76,57,49.0,39.0,27.0,18.0,13.0,8.0,290,422,183.0,303.0,64,157,119,146,24.0,29.0,5.0,2.0,0.9,1.13,0.54,1.1,0.36,0.04,0.9,1.13,2.05,1.6,1,1,3,3,0,4,9,4,2,1,0.2263,0.2522,0.1625,0.4258,0.0,0.1761,0.2845,0.2732,0.0723,0.0143,8,10,0,2,3,1,4,0,0,0,0.4682,0.7183,0.0,0.3849,0.0662,0.0385,0.2111,0.0,0.0,0.0,15,13,23.34,16.56
3629428,2022-05-01,esp,2021/2022,LaLiga,34,Juan Martínez Munuera,9910,Celta Vigo,7878,Granada,0,1,1,58,42,13,15,6,6,6,6,1,3,0,0,8,4,5,11,4,5,2,1,1,1,,,13,11,3,1,0,0,1,0,21,25,4,11,3,2,33,14,5,4,57,76,39.0,49.0,18.0,27.0,8.0,13.0,422,290,303.0,183.0,157,64,146,119,29.0,24.0,2.0,5.0,1.13,0.9,1.1,0.54,0.04,0.36,1.13,0.9,1.6,2.05,1,1,3,3,4,0,4,9,1,2,0.2522,0.2263,0.4258,0.1625,0.1761,0.0,0.2732,0.2845,0.0143,0.0723,10,8,2,0,1,3,0,4,0,0,0.7183,0.4682,0.3849,0.0,0.0385,0.0662,0.0,0.2111,0.0,0.0,13,15,16.56,23.34
3629432,2022-05-01,esp,2021/2022,LaLiga,34,Alejandro Muñíz Ruiz,8370,Rayo Vallecano,8560,Real Sociedad,1,1,1,44,56,13,8,7,3,3,1,3,4,1,0,5,5,8,3,8,5,1,1,0,1,,,15,7,2,1,0,0,0,0,8,14,7,6,4,2,10,20,2,6,35,57,20.0,41.0,15.0,16.0,5.0,12.0,380,512,298.0,423.0,144,221,154,202,20.0,26.0,6.0,5.0,1.4,0.67,1.19,0.63,0.21,0.04,1.4,0.67,1.48,0.66,1,0,3,2,1,3,5,3,3,0,0.9732,0.0,0.2626,0.366,0.0293,0.2064,0.2056,0.096,0.0548,0.0,7,6,0,0,5,1,1,1,0,0,1.3144,0.6269,0.0,0.0,0.1636,0.0108,0.0475,0.0307,0.0,0.0,13,8,19.9,17.79
3629432,2022-05-01,esp,2021/2022,LaLiga,34,Alejandro Muñíz Ruiz,8560,Real Sociedad,8370,Rayo Vallecano,0,1,1,56,44,8,13,3,7,1,3,4,3,0,1,5,5,3,8,5,8,1,1,1,0,,,7,15,1,2,0,0,0,0,14,8,6,7,2,4,20,10,6,2,57,35,41.0,20.0,16.0,15.0,12.0,5.0,512,380,423.0,298.0,221,144,202,154,26.0,20.0,5.0,6.0,0.67,1.4,0.63,1.19,0.04,0.21,0.67,1.4,0.66,1.48,0,1,2,3,3,1,3,5,0,3,0.0,0.9732,0.366,0.2626,0.2064,0.0293,0.096,0.2056,0.0,0.0548,6,7,0,0,1,5,1,1,0,0,0.6269,1.3144,0.0,0.0,0.0108,0.1636,0.0307,0.0475,0.0,0.0,8,13,17.79,19.9
3629433,2022-05-01,esp,2021/2022,LaLiga,34,Carlos del Cerro Grande,10268,Elche,8371,Osasuna,1,1,1,57,43,11,9,4,3,4,5,3,1,0,0,5,4,6,5,7,4,1,1,1,0,,,13,18,4,2,0,0,2,1,16,21,6,11,1,3,20,25,2,3,47,52,35.0,39.0,12.0,13.0,6.0,6.0,421,312,338.0,236.0,169,109,169,127,30.0,27.0,5.0,10.0,0.61,1.14,0.4,0.25,0.21,0.1,0.61,0.35,0.64,1.22,1,1,3,2,1,1,4,4,2,1,0.0954,0.0985,0.2604,0.8857,0.0314,0.0187,0.1892,0.1202,0.0347,0.0182,4,4,3,1,4,2,0,1,0,1,0.1365,0.2339,0.2653,0.0182,0.2092,0.0795,0.0,0.0214,0.0,0.7884,11,9,19.12,18.63
3629433,2022-05-01,esp,2021/2022,LaLiga,34,Carlos del Cerro Grande,8371,Osasuna,10268,Elche,0,1,1,43,57,9,11,3,4,5,4,1,3,0,0,4,5,5,6,4,7,1,1,0,1,,,18,13,2,4,0,0,1,2,21,16,11,6,3,1,25,20,3,2,52,47,39.0,35.0,13.0,12.0,6.0,6.0,312,421,236.0,338.0,109,169,127,169,27.0,30.0,10.0,5.0,1.14,0.61,0.25,0.4,0.1,0.21,0.35,0.61,1.22,0.64,1,1,2,3,1,1,4,4,1,2,0.0985,0.0954,0.8857,0.2604,0.0187,0.0314,0.1202,0.1892,0.0182,0.0347,4,4,1,3,2,4,1,0,1,0,0.2339,0.1365,0.0182,0.2653,0.0795,0.2092,0.0214,0.0,0.7884,0.0,9,11,18.63,19.12
3629427,2022-05-02,esp,2021/2022,LaLiga,34,Adrián Cordero Vega,8305,Getafe,8603,Real Betis,1,0,0,35,65,13,9,2,4,5,2,6,3,0,0,8,3,5,6,2,4,1,1,1,1,,,13,13,1,1,0,0,1,5,13,13,10,9,3,6,17,26,4,2,50,52,35.0,31.0,15.0,21.0,9.0,5.0,311,592,214.0,496.0,94,277,120,219,34.0,48.0,2.0,1.0,0.75,0.25,0.59,0.09,0.16,0.16,0.75,0.25,0.55,0.37,0,0,5,3,3,0,3,2,2,4,0.0,0.0,0.5562,0.0985,0.0722,0.0,0.1009,0.0502,0.0205,0.1007,11,4,0,0,0,3,2,2,0,0,0.5934,0.0917,0.0,0.0,0.0,0.0633,0.1565,0.0945,0.0,0.0,13,9,18.84,22.1
3629427,2022-05-02,esp,2021/2022,LaLiga,34,Adrián Cordero Vega,8603,Real Betis,8305,Getafe,0,0,0,65,35,9,13,4,2,2,5,3,6,0,0,3,8,6,5,4,2,1,1,1,1,,,13,13,1,1,0,0,5,1,13,13,9,10,6,3,26,17,2,4,52,50,31.0,35.0,21.0,15.0,5.0,9.0,592,311,496.0,214.0,277,94,219,120,48.0,34.0,1.0,2.0,0.25,0.75,0.09,0.59,0.16,0.16,0.25,0.75,0.37,0.55,0,0,3,5,0,3,2,3,4,2,0.0,0.0,0.0985,0.5562,0.0,0.0722,0.0502,0.1009,0.1007,0.0205,4,11,0,0,3,0,2,2,0,0,0.0917,0.5934,0.0,0.0,0.0633,0.0,0.0945,0.1565,0.0,0.0,9,13,22.1,18.84
3629442,2022-05-06,esp,2021/2022,LaLiga,35,Javier Alberola Rojas,8581,Levante,8560,Real Sociedad,1,2,1,35,65,16,21,7,6,3,11,6,4,0,3,10,16,6,5,7,6,3,4,2,3,,,10,11,2,3,0,0,2,3,21,36,10,6,5,6,27,8,4,5,61,79,48.0,61.0,13.0,18.0,17.0,15.0,297,560,221.0,469.0,129,209,92,260,24.0,20.0,6.0,5.0,2.1,3.11,1.12,2.38,0.19,0.72,1.31,3.11,1.86,1.15,0,3,8,7,2,6,4,3,2,2,0.0,0.7386,1.8128,0.9598,0.0778,0.2849,0.2016,0.1302,0.0276,0.0402,10,15,1,0,3,6,1,0,1,0,0.8951,1.7264,0.2448,0.0,0.1532,0.4273,0.0383,0.0,0.7884,0.0,16,21,17.15,15.53
3629442,2022-05-06,esp,2021/2022,LaLiga,35,Javier Alberola Rojas,8560,Real Sociedad,8581,Levante,0,1,2,65,35,21,16,6,7,11,3,4,6,3,0,16,10,5,6,6,7,4,3,3,2,,,11,10,3,2,0,0,3,2,36,21,6,10,6,5,8,27,5,4,79,61,61.0,48.0,18.0,13.0,15.0,17.0,560,297,469.0,221.0,209,129,260,92,20.0,24.0,5.0,6.0,3.11,2.1,2.38,1.12,0.72,0.19,3.11,1.31,1.15,1.86,3,0,7,8,6,2,3,4,2,2,0.7386,0.0,0.9598,1.8128,0.2849,0.0778,0.1302,0.2016,0.0402,0.0276,15,10,0,1,6,3,0,1,0,1,1.7264,0.8951,0.0,0.2448,0.4273,0.1532,0.0,0.0383,0.0,0.7884,21,16,15.53,17.15
3629434,2022-05-07,esp,2021/2022,LaLiga,35,Isidro Díaz de Mera Escuderos,8315,Athletic Club,10267,Valencia,1,0,0,59,41,10,4,5,1,5,2,0,1,1,0,9,2,1,2,4,2,4,0,4,0,,,13,22,4,2,0,1,3,0,17,15,8,5,1,0,18,30,1,5,63,53,44.0,41.0,19.0,12.0,6.0,14.0,460,321,359.0,215.0,157,79,202,136,28.0,43.0,3.0,2.0,1.29,0.11,0.97,0.05,0.32,0.06,1.29,0.11,1.39,0.05,0,0,8,1,1,1,1,0,0,2,0.0,0.0,1.2068,0.0289,0.0282,0.0258,0.0504,0.0,0.0,0.0519,5,2,0,0,1,0,4,2,0,0,0.9683,0.0454,0.0,0.0,0.053,0.0,0.2641,0.0611,0.0,0.0,10,4,13.04,23.26
3629434,2022-05-07,esp,2021/2022,LaLiga,35,Isidro Díaz de Mera Escuderos,10267,Valencia,8315,Athletic Club,0,0,0,41,59,4,10,1,5,2,5,1,0,0,1,2,9,2,1,2,4,0,4,0,4,,,22,13,2,4,1,0,0,3,15,17,5,8,0,1,30,18,5,1,53,63,41.0,44.0,12.0,19.0,14.0,6.0,321,460,215.0,359.0,79,157,136,202,43.0,28.0,2.0,3.0,0.11,1.29,0.05,0.97,0.06,0.32,0.11,1.29,0.05,1.39,0,0,1,8,1,1,0,1,2,0,0.0,0.0,0.0289,1.2068,0.0258,0.0282,0.0,0.0504,0.0519,0.0,2,5,0,0,0,1,2,4,0,0,0.0454,0.9683,0.0,0.0,0.0,0.053,0.0611,0.2641,0.0,0.0,4,10,23.26,13.04
3629436,2022-05-07,esp,2021/2022,LaLiga,35,Antonio Miguel Mateu Lahoz,8603,Real Betis,8634,Barcelona,1,1,2,42,58,14,11,5,5,4,3,5,3,1,1,7,8,7,3,4,8,0,2,0,2,,,16,18,1,2,0,0,1,5,13,14,10,11,3,5,22,7,3,4,43,52,35.0,43.0,8.0,9.0,6.0,13.0,375,496,296.0,436.0,182,214,114,222,31.0,38.0,5.0,5.0,0.69,1.16,0.48,1.1,0.21,0.06,0.69,1.16,0.6,1.2,0,0,4,4,3,4,5,1,2,2,0.0,0.0,0.2181,0.8269,0.2573,0.2415,0.1887,0.0478,0.025,0.0418,8,10,2,0,2,1,2,0,0,0,0.2664,1.1008,0.2123,0.0,0.0587,0.0572,0.1516,0.0,0.0,0.0,14,11,21.66,16.21
3629436,2022-05-07,esp,2021/2022,LaLiga,35,Antonio Miguel Mateu Lahoz,8634,Barcelona,8603,Real Betis,0,2,1,58,42,11,14,5,5,3,4,3,5,1,1,8,7,3,7,8,4,2,0,2,0,,,18,16,2,1,0,0,5,1,14,13,11,10,5,3,7,22,4,3,52,43,43.0,35.0,9.0,8.0,13.0,6.0,496,375,436.0,296.0,214,182,222,114,38.0,31.0,5.0,5.0,1.16,0.69,1.1,0.48,0.06,0.21,1.16,0.69,1.2,0.6,0,0,4,4,4,3,1,5,2,2,0.0,0.0,0.8269,0.2181,0.2415,0.2573,0.0478,0.1887,0.0418,0.025,10,8,0,2,1,2,0,2,0,0,1.1008,0.2664,0.0,0.2123,0.0572,0.0587,0.0,0.1516,0.0,0.0,11,14,16.21,21.66
3629437,2022-05-07,esp,2021/2022,LaLiga,35,Guillermo Cuadra Fernández,9910,Celta Vigo,9866,Deportivo Alaves,1,4,0,67,33,15,3,8,1,6,2,1,0,0,0,9,2,6,1,7,1,4,0,3,0,,,7,7,1,2,0,1,2,0,14,17,10,5,0,1,5,21,1,4,50,53,37.0,30.0,13.0,23.0,16.0,7.0,686,335,596.0,249.0,309,147,287,102,45.0,41.0,1.0,3.0,1.85,0.54,1.64,0.54,0.21,0.0,1.85,0.54,3.16,0.2,3,0,4,1,2,1,4,1,2,0,0.7281,0.0,0.656,0.4737,0.247,0.0415,0.2882,0.0223,0.0447,0.0,11,2,1,1,1,0,2,0,0,0,1.7004,0.0638,0.0534,0.4737,0.0138,0.0,0.1964,0.0,0.0,0.0,15,3,15.15,18.83
3629437,2022-05-07,esp,2021/2022,LaLiga,35,Guillermo Cuadra Fernández,9866,Deportivo Alaves,9910,Celta Vigo,0,0,4,33,67,3,15,1,8,2,6,0,1,0,0,2,9,1,6,1,7,0,4,0,3,,,7,7,2,1,1,0,0,2,17,14,5,10,1,0,21,5,4,1,53,50,30.0,37.0,23.0,13.0,7.0,16.0,335,686,249.0,596.0,147,309,102,287,41.0,45.0,3.0,1.0,0.54,1.85,0.54,1.64,0.0,0.21,0.54,1.85,0.2,3.16,0,3,1,4,1,2,1,4,0,2,0.0,0.7281,0.4737,0.656,0.0415,0.247,0.0223,0.2882,0.0,0.0447,2,11,1,1,0,1,0,2,0,0,0.0638,1.7004,0.4737,0.0534,0.0,0.0138,0.0,0.1964,0.0,0.0,3,15,18.83,15.15
3629438,2022-05-07,esp,2021/2022,LaLiga,35,Ricardo De Burgos Bengoetxea,8661,Mallorca,7878,Granada,1,2,6,59,41,18,14,8,7,6,3,4,4,0,0,14,7,4,7,5,5,2,4,1,0,,,11,13,3,2,0,0,3,2,17,24,8,8,4,3,16,35,1,6,65,58,34.0,35.0,31.0,23.0,5.0,2.0,402,289,297.0,179.0,140,95,157,84,28.0,22.0,7.0,3.0,1.51,1.69,1.38,0.77,0.13,0.92,1.51,1.69,1.89,4.19,1,2,11,5,2,0,3,7,1,0,0.2285,1.07,0.959,0.51,0.1301,0.0,0.1036,0.1058,0.0123,0.0,14,9,1,0,3,3,0,2,0,0,1.2913,0.7672,0.0724,0.0,0.0697,0.8737,0.0,0.0449,0.0,0.0,18,14,15.26,18.31
3629438,2022-05-07,esp,2021/2022,LaLiga,35,Ricardo De Burgos Bengoetxea,7878,Granada,8661,Mallorca,0,6,2,41,59,14,18,7,8,3,6,4,4,0,0,7,14,7,4,5,5,4,2,0,1,,,13,11,2,3,0,0,2,3,24,17,8,8,3,4,35,16,6,1,58,65,35.0,34.0,23.0,31.0,2.0,5.0,289,402,179.0,297.0,95,140,84,157,22.0,28.0,3.0,7.0,1.69,1.51,0.77,1.38,0.92,0.13,1.69,1.51,4.19,1.89,2,1,5,11,0,2,7,3,0,1,1.07,0.2285,0.51,0.959,0.0,0.1301,0.1058,0.1036,0.0,0.0123,9,14,0,1,3,3,2,0,0,0,0.7672,1.2913,0.0,0.0724,0.8737,0.0697,0.0449,0.0,0.0,0.0,14,18,18.31,15.26
3629440,2022-05-07,esp,2021/2022,LaLiga,35,Alejandro José Hernández Hernández,8385,Cadiz,10268,Elche,1,3,0,55,45,17,4,7,2,5,1,5,1,0,0,12,1,5,3,8,1,3,0,1,0,34,3,18,13,1,0,0,1,5,1,8,19,6,9,1,5,5,23,2,4,38,62,25.0,45.0,13.0,17.0,5.0,8.0,424,359,359.0,274.0,174,155,185,119,33.0,20.0,11.0,3.0,1.8,0.05,1.7,0.04,0.1,0.01,1.8,0.05,2.04,0.41,1,0,8,1,3,0,1,3,4,0,0.1505,0.0,1.3633,0.0095,0.1414,0.0,0.0436,0.0415,0.1006,0.0,13,3,0,0,3,0,1,1,0,0,1.7002,0.0415,0.0,0.0,0.0765,0.0,0.0226,0.0095,0.0,0.0,17,4,15.92,33.3
3629440,2022-05-07,esp,2021/2022,LaLiga,35,Alejandro José Hernández Hernández,10268,Elche,8385,Cadiz,0,0,3,45,55,4,17,2,7,1,5,1,5,0,0,1,12,3,5,1,8,0,3,0,1,3,34,13,18,0,1,1,0,1,5,19,8,9,6,5,1,23,5,4,2,62,38,45.0,25.0,17.0,13.0,8.0,5.0,359,424,274.0,359.0,155,174,119,185,20.0,33.0,3.0,11.0,0.05,1.8,0.04,1.7,0.01,0.1,0.05,1.8,0.41,2.04,0,1,1,8,0,3,3,1,0,4,0.0,0.1505,0.0095,1.3633,0.0,0.1414,0.0415,0.0436,0.0,0.1006,3,13,0,0,0,3,1,1,0,0,0.0415,1.7002,0.0,0.0,0.0,0.0765,0.0095,0.0226,0.0,0.0,4,17,33.3,15.92
3629435,2022-05-08,esp,2021/2022,LaLiga,35,César Soto Grado,9906,Atletico Madrid,8633,Real Madrid,1,1,0,41,59,16,15,2,6,10,6,4,3,1,0,13,5,3,10,4,6,3,2,2,2,39,12,17,7,2,4,0,0,2,0,17,18,7,9,3,4,13,12,6,1,40,60,30.0,41.0,10.0,19.0,6.0,6.0,400,584,330.0,499.0,166,283,164,216,31.0,32.0,5.0,4.0,2.31,1.07,1.42,0.82,0.1,0.25,1.53,1.07,1.31,1.08,0,1,10,4,3,0,2,4,1,6,0.0,0.1709,1.81,0.6696,0.4465,0.0,0.0402,0.1274,0.0178,0.1015,13,11,0,1,0,2,2,1,1,0,1.4242,0.7136,0.0,0.1105,0.0,0.192,0.1019,0.0534,0.7884,0.0,16,15,17.33,22.27
3629435,2022-05-08,esp,2021/2022,LaLiga,35,César Soto Grado,8633,Real Madrid,9906,Atletico Madrid,0,0,1,59,41,15,16,6,2,6,10,3,4,0,1,5,13,10,3,6,4,2,3,2,2,12,39,7,17,4,2,0,0,0,2,18,17,9,7,4,3,12,13,1,6,60,40,41.0,30.0,19.0,10.0,6.0,6.0,584,400,499.0,330.0,283,166,216,164,32.0,31.0,4.0,5.0,1.07,2.31,0.82,1.42,0.25,0.1,1.07,1.53,1.08,1.31,1,0,4,10,0,3,4,2,6,1,0.1709,0.0,0.6696,1.81,0.0,0.4465,0.1274,0.0402,0.1015,0.0178,11,13,1,0,2,0,1,2,0,1,0.7136,1.4242,0.1105,0.0,0.192,0.0,0.0534,0.1019,0.0,0.7884,15,16,22.27,17.33
3629439,2022-05-08,esp,2021/2022,LaLiga,35,Mario Melero López,8305,Getafe,8370,Rayo Vallecano,1,0,0,44,56,12,12,6,1,4,9,2,2,0,1,7,4,5,8,4,5,0,2,0,2,19,15,20,14,3,4,0,0,0,4,16,13,12,9,2,2,6,22,1,6,61,61,37.0,41.0,24.0,20.0,7.0,10.0,396,512,290.0,414.0,130,245,160,169,33.0,26.0,4.0,3.0,0.61,0.71,0.53,0.42,0.08,0.29,0.61,0.71,0.57,0.08,0,0,5,2,2,2,4,3,1,5,0.0,0.0,0.3267,0.2875,0.1373,0.1971,0.1178,0.1228,0.0265,0.104,9,7,1,0,0,3,2,2,0,0,0.4848,0.4177,0.0679,0.0,0.0,0.0873,0.0556,0.2064,0.0,0.0,12,12,18.93,21.17
3629439,2022-05-08,esp,2021/2022,LaLiga,35,Mario Melero López,8370,Rayo Vallecano,8305,Getafe,0,0,0,56,44,12,12,1,6,9,4,2,2,1,0,4,7,8,5,5,4,2,0,2,0,15,19,14,20,4,3,0,0,4,0,13,16,9,12,2,2,22,6,6,1,61,61,41.0,37.0,20.0,24.0,10.0,7.0,512,396,414.0,290.0,245,130,169,160,26.0,33.0,3.0,4.0,0.71,0.61,0.42,0.53,0.29,0.08,0.71,0.61,0.08,0.57,0,0,2,5,2,2,3,4,5,1,0.0,0.0,0.2875,0.3267,0.1971,0.1373,0.1228,0.1178,0.104,0.0265,7,9,0,1,3,0,2,2,0,0,0.4177,0.4848,0.0,0.0679,0.0873,0.0,0.2064,0.0556,0.0,0.0,12,12,21.17,18.93
3629441,2022-05-08,esp,2021/2022,LaLiga,35,Santiago Jaime Latre,8558,Espanyol,8371,Osasuna,1,1,1,51,49,12,12,3,5,5,6,4,1,0,1,8,9,4,3,6,6,0,2,0,1,18,23,6,15,1,3,0,0,1,1,11,18,7,6,2,4,23,28,3,2,57,48,34.0,29.0,23.0,19.0,8.0,8.0,467,462,372.0,362.0,202,171,170,191,23.0,32.0,6.0,4.0,0.65,0.64,0.55,0.52,0.1,0.12,0.65,0.64,0.25,1.24,0,0,6,7,2,2,3,2,1,1,0.0,0.0,0.4056,0.5469,0.0551,0.0378,0.1294,0.0361,0.0579,0.0194,11,8,0,0,1,3,0,1,0,0,0.5463,0.5235,0.0,0.0,0.1017,0.1037,0.0,0.013,0.0,0.0,12,12,16.17,17.05
3629441,2022-05-08,esp,2021/2022,LaLiga,35,Santiago Jaime Latre,8371,Osasuna,8558,Espanyol,0,1,1,49,51,12,12,5,3,6,5,1,4,1,0,9,8,3,4,6,6,2,0,1,0,23,18,15,6,3,1,0,0,1,1,18,11,6,7,4,2,28,23,2,3,48,57,29.0,34.0,19.0,23.0,8.0,8.0,462,467,362.0,372.0,171,202,191,170,32.0,23.0,4.0,6.0,0.64,0.65,0.52,0.55,0.12,0.1,0.64,0.65,1.24,0.25,0,0,7,6,2,2,2,3,1,1,0.0,0.0,0.5469,0.4056,0.0378,0.0551,0.0361,0.1294,0.0194,0.0579,8,11,0,0,3,1,1,0,0,0,0.5235,0.5463,0.0,0.0,0.1037,0.1017,0.013,0.0,0.0,0.0,12,12,17.05,16.17
3629443,2022-05-08,esp,2021/2022,LaLiga,35,Jesús Gil Manzano,10205,Villarreal,8302,Sevilla,1,1,1,53,47,14,7,7,2,4,4,3,1,1,0,11,4,3,3,4,2,4,2,4,1,36,8,14,15,3,0,0,0,2,4,11,16,9,7,1,3,11,19,1,6,51,50,41.0,34.0,10.0,16.0,15.0,4.0,454,389,374.0,295.0,186,190,188,105,27.0,27.0,4.0,3.0,2.23,0.77,1.72,0.37,0.51,0.4,2.23,0.77,3.03,0.85,3,1,6,3,2,0,1,0,2,3,1.0461,0.2607,0.9614,0.1988,0.1277,0.0,0.0563,0.0,0.0432,0.3088,10,3,1,0,2,2,1,2,0,0,1.5295,0.3714,0.1951,0.0,0.1597,0.2735,0.3504,0.1235,0.0,0.0,14,7,13.35,16.72
3629443,2022-05-08,esp,2021/2022,LaLiga,35,Jesús Gil Manzano,8302,Sevilla,10205,Villarreal,0,1,1,47,53,7,14,2,7,4,4,1,3,0,1,4,11,3,3,2,4,2,4,1,4,8,36,15,14,0,3,0,0,4,2,16,11,7,9,3,1,19,11,6,1,50,51,34.0,41.0,16.0,10.0,4.0,15.0,389,454,295.0,374.0,190,186,105,188,27.0,27.0,3.0,4.0,0.77,2.23,0.37,1.72,0.4,0.51,0.77,2.23,0.85,3.03,1,3,3,6,0,2,0,1,3,2,0.2607,1.0461,0.1988,0.9614,0.0,0.1277,0.0,0.0563,0.3088,0.0432,3,10,0,1,2,2,2,1,0,0,0.3714,1.5295,0.0,0.1951,0.2735,0.1597,0.1235,0.3504,0.0,0.0,7,14,16.72,13.35
3629445,2022-05-10,esp,2021/2022,LaLiga,36,Miguel Ángel Ortiz Arias,8634,Barcelona,9910,Celta Vigo,1,3,1,54,46,10,13,4,5,5,3,1,5,0,0,7,8,3,5,2,8,2,1,1,0,,,18,6,3,0,0,1,1,3,13,20,19,12,5,0,10,12,4,1,37,52,31.0,44.0,6.0,8.0,12.0,8.0,552,471,484.0,395.0,224,222,260,173,28.0,37.0,1.0,4.0,1.07,0.74,0.97,0.62,0.1,0.12,1.07,0.74,0.76,1.7,0,1,6,5,1,2,3,4,0,1,0.0,0.051,0.8828,0.4083,0.0176,0.1006,0.1716,0.1818,0.0,0.0031,8,9,1,0,0,4,1,0,0,0,0.8425,0.6234,0.1315,0.0,0.0,0.1215,0.098,0.0,0.0,0.0,10,13,16.67,17.18
3629445,2022-05-10,esp,2021/2022,LaLiga,36,Miguel Ángel Ortiz Arias,9910,Celta Vigo,8634,Barcelona,0,1,3,46,54,13,10,5,4,3,5,5,1,0,0,8,7,5,3,8,2,1,2,0,1,,,6,18,0,3,1,0,3,1,20,13,12,19,0,5,12,10,1,4,52,37,44.0,31.0,8.0,6.0,8.0,12.0,471,552,395.0,484.0,222,224,173,260,37.0,28.0,4.0,1.0,0.74,1.07,0.62,0.97,0.12,0.1,0.74,1.07,1.7,0.76,1,0,5,6,2,1,4,3,1,0,0.051,0.0,0.4083,0.8828,0.1006,0.0176,0.1818,0.1716,0.0031,0.0,9,8,0,1,4,0,0,1,0,0,0.6234,0.8425,0.0,0.1315,0.1215,0.0,0.0,0.098,0.0,0.0,13,10,17.18,16.67
3629446,2022-05-10,esp,2021/2022,LaLiga,36,José María Sánchez Martínez,7878,Granada,8315,Athletic Club,1,1,0,41,59,12,8,2,1,7,6,3,1,0,1,6,4,6,4,2,7,1,0,0,0,,,20,11,4,0,0,1,3,2,18,20,7,6,1,3,25,16,3,1,54,65,31.0,43.0,23.0,22.0,3.0,5.0,287,409,180.0,291.0,74,154,106,137,25.0,33.0,2.0,5.0,0.87,0.32,0.78,0.18,0.09,0.14,0.87,0.32,0.85,0.33,0,0,5,3,1,1,5,4,1,0,0.0,0.0,0.7095,0.0917,0.0259,0.0476,0.1095,0.1827,0.0295,0.0,9,4,1,0,1,3,1,1,0,0,0.5865,0.1827,0.1984,0.0,0.0692,0.0917,0.0203,0.0476,0.0,0.0,12,8,20.27,16.13
3629446,2022-05-10,esp,2021/2022,LaLiga,36,José María Sánchez Martínez,8315,Athletic Club,7878,Granada,0,0,1,59,41,8,12,1,2,6,7,1,3,1,0,4,6,4,6,7,2,0,1,0,0,,,11,20,0,4,1,0,2,3,20,18,6,7,3,1,16,25,1,3,65,54,43.0,31.0,22.0,23.0,5.0,3.0,409,287,291.0,180.0,154,74,137,106,33.0,25.0,5.0,2.0,0.32,0.87,0.18,0.78,0.14,0.09,0.32,0.87,0.33,0.85,0,0,3,5,1,1,4,5,0,1,0.0,0.0,0.0917,0.7095,0.0476,0.0259,0.1827,0.1095,0.0,0.0295,4,9,0,1,3,1,1,1,0,0,0.1827,0.5865,0.0,0.1984,0.0917,0.0692,0.0476,0.0203,0.0,0.0,8,12,16.13,20.27
3629451,2022-05-10,esp,2021/2022,LaLiga,36,Carlos del Cerro Grande,10267,Valencia,8603,Real Betis,1,0,3,45,55,19,9,5,5,6,2,8,2,0,0,11,3,8,6,7,3,1,2,1,0,,,17,11,1,3,0,0,6,3,21,26,9,9,2,8,9,17,2,5,52,60,42.0,49.0,10.0,11.0,10.0,6.0,340,442,269.0,357.0,79,227,190,130,20.0,29.0,5.0,0.0,1.26,1.56,0.89,1.38,0.37,0.18,1.26,1.56,0.76,2.05,0,1,8,2,3,0,5,5,3,1,0.0,0.8579,0.9087,0.2866,0.1031,0.0,0.1729,0.3923,0.0774,0.0256,10,7,1,1,3,0,5,1,0,0,0.8515,0.5245,0.0411,0.8579,0.217,0.0,0.1525,0.18,0.0,0.0,19,9,17.98,18.24
3629451,2022-05-10,esp,2021/2022,LaLiga,36,Carlos del Cerro Grande,8603,Real Betis,10267,Valencia,0,3,0,55,45,9,19,5,5,2,6,2,8,0,0,3,11,6,8,3,7,2,1,0,1,,,11,17,3,1,0,0,3,6,26,21,9,9,8,2,17,9,5,2,60,52,49.0,42.0,11.0,10.0,6.0,10.0,442,340,357.0,269.0,227,79,130,190,29.0,20.0,0.0,5.0,1.56,1.26,1.38,0.89,0.18,0.37,1.56,1.26,2.05,0.76,1,0,2,8,0,3,5,5,1,3,0.8579,0.0,0.2866,0.9087,0.0,0.1031,0.3923,0.1729,0.0256,0.0774,7,10,1,1,0,3,1,5,0,0,0.5245,0.8515,0.8579,0.0411,0.0,0.217,0.18,0.1525,0.0,0.0,9,19,18.24,17.98
3629444,2022-05-11,esp,2021/2022,LaLiga,36,Valentín Pizarro Gómez,9866,Deportivo Alaves,8558,Espanyol,1,2,1,46,54,27,5,9,3,14,1,4,1,0,0,16,2,11,3,12,3,4,1,2,0,,,11,15,3,1,0,1,2,1,10,13,6,3,1,4,12,29,2,7,55,44,31.0,34.0,24.0,10.0,9.0,11.0,307,389,229.0,298.0,91,175,138,123,25.0,24.0,9.0,1.0,2.61,0.96,1.77,0.16,0.84,0.01,2.61,0.17,3.25,1.28,1,0,12,2,3,0,7,2,4,1,0.7895,0.0,1.2138,0.8861,0.2321,0.0,0.1765,0.0582,0.1671,0.0172,12,3,2,0,8,1,5,0,0,1,1.1908,0.1618,0.2474,0.0,0.1652,0.0113,0.9757,0.0,0.0,0.7884,27,5,17.41,20.18
3629444,2022-05-11,esp,2021/2022,LaLiga,36,Valentín Pizarro Gómez,8558,Espanyol,9866,Deportivo Alaves,0,1,2,54,46,5,27,3,9,1,14,1,4,0,0,2,16,3,11,3,12,1,4,0,2,,,15,11,1,3,1,0,1,2,13,10,3,6,4,1,29,12,7,2,44,55,34.0,31.0,10.0,24.0,11.0,9.0,389,307,298.0,229.0,175,91,123,138,24.0,25.0,1.0,9.0,0.96,2.61,0.16,1.77,0.01,0.84,0.17,2.61,1.28,3.25,0,1,2,12,0,3,2,7,1,4,0.0,0.7895,0.8861,1.2138,0.0,0.2321,0.0582,0.1765,0.0172,0.1671,3,12,0,2,1,8,0,5,1,0,0.1618,1.1908,0.0,0.2474,0.0113,0.1652,0.0,0.9757,0.7884,0.0,5,27,20.18,17.41
3629447,2022-05-11,esp,2021/2022,LaLiga,36,Alejandro Muñíz Ruiz,8371,Osasuna,8305,Getafe,1,1,1,68,32,12,6,1,0,5,3,6,3,0,0,8,4,4,2,7,2,0,1,0,1,,,10,17,2,4,0,1,4,1,14,15,6,4,3,6,13,17,0,0,69,52,35.0,27.0,34.0,25.0,5.0,2.0,467,225,366.0,124.0,210,57,156,67,47.0,25.0,8.0,4.0,0.58,0.29,0.19,0.1,0.39,0.19,0.58,0.29,0.21,0.0,0,1,4,1,4,2,2,1,2,1,0.0,0.142,0.2816,0.029,0.1183,0.0801,0.098,0.0093,0.079,0.0316,4,3,0,0,5,2,3,1,0,0,0.1854,0.1015,0.0,0.0,0.256,0.159,0.1355,0.0316,0.0,0.0,12,6,17.25,22.55
3629447,2022-05-11,esp,2021/2022,LaLiga,36,Alejandro Muñíz Ruiz,8305,Getafe,8371,Osasuna,0,1,1,32,68,6,12,0,1,3,5,3,6,0,0,4,8,2,4,2,7,1,0,1,0,,,17,10,4,2,1,0,1,4,15,14,4,6,6,3,17,13,0,0,52,69,27.0,35.0,25.0,34.0,2.0,5.0,225,467,124.0,366.0,57,210,67,156,25.0,47.0,4.0,8.0,0.29,0.58,0.1,0.19,0.19,0.39,0.29,0.58,0.0,0.21,1,0,1,4,2,4,1,2,1,2,0.142,0.0,0.029,0.2816,0.0801,0.1183,0.0093,0.098,0.0316,0.079,3,4,0,0,2,5,1,3,0,0,0.1015,0.1854,0.0,0.0,0.159,0.256,0.0316,0.1355,0.0,0.0,6,12,22.55,17.25
3629450,2022-05-11,esp,2021/2022,LaLiga,36,Alejandro José Hernández Hernández,8302,Sevilla,8661,Mallorca,1,0,0,72,28,18,10,4,2,9,4,5,4,0,0,14,5,4,5,6,3,2,0,2,0,,,11,18,4,6,0,0,3,0,14,22,9,12,4,6,5,34,2,3,58,56,37.0,36.0,21.0,20.0,7.0,3.0,589,238,519.0,159.0,209,81,310,78,34.0,21.0,16.0,3.0,1.5,0.59,0.94,0.41,0.57,0.18,1.5,0.59,1.53,0.67,3,0,10,4,1,1,2,3,2,2,0.4856,0.0,0.8595,0.3314,0.0637,0.0237,0.0537,0.2108,0.0415,0.0224,11,4,0,2,4,3,3,1,0,0,0.9354,0.2215,0.0,0.1856,0.2906,0.0781,0.278,0.1031,0.0,0.0,18,10,13.67,18.89
3629450,2022-05-11,esp,2021/2022,LaLiga,36,Alejandro José Hernández Hernández,8661,Mallorca,8302,Sevilla,0,0,0,28,72,10,18,2,4,4,9,4,5,0,0,5,14,5,4,3,6,0,2,0,2,,,18,11,6,4,0,0,0,3,22,14,12,9,6,4,34,5,3,2,56,58,36.0,37.0,20.0,21.0,3.0,7.0,238,589,159.0,519.0,81,209,78,310,21.0,34.0,3.0,16.0,0.59,1.5,0.41,0.94,0.18,0.57,0.59,1.5,0.67,1.53,0,3,4,10,1,1,3,2,2,2,0.0,0.4856,0.3314,0.8595,0.0237,0.0637,0.2108,0.0537,0.0224,0.0415,4,11,2,0,3,4,1,3,0,0,0.2215,0.9354,0.1856,0.0,0.0781,0.2906,0.1031,0.278,0.0,0.0,10,18,18.89,13.67
3629453,2022-05-11,esp,2021/2022,LaLiga,36,Pablo González Fuertes,10268,Elche,9906,Atletico Madrid,1,0,2,56,44,9,11,0,6,4,5,5,0,0,1,4,7,5,4,6,3,0,4,0,2,,,16,7,2,2,0,0,1,8,17,17,10,17,1,5,13,18,3,0,52,48,32.0,38.0,20.0,10.0,10.0,6.0,555,445,460.0,350.0,199,204,261,146,32.0,20.0,2.0,2.0,0.22,1.91,0.14,1.91,0.08,0.0,0.22,1.91,0.0,2.56,0,3,1,2,3,2,1,1,4,3,0.0,0.8023,0.0421,0.9356,0.0875,0.0787,0.0186,0.0415,0.068,0.0559,6,10,0,1,2,0,1,0,0,0,0.1355,1.9036,0.0,0.0104,0.0608,0.0,0.02,0.0,0.0,0.0,9,11,21.54,18.93
3629453,2022-05-11,esp,2021/2022,LaLiga,36,Pablo González Fuertes,9906,Atletico Madrid,10268,Elche,0,2,0,44,56,11,9,6,0,5,4,0,5,1,0,7,4,4,5,3,6,4,0,2,0,,,7,16,2,2,0,0,8,1,17,17,17,10,5,1,18,13,0,3,48,52,38.0,32.0,10.0,20.0,6.0,10.0,445,555,350.0,460.0,204,199,146,261,20.0,32.0,2.0,2.0,1.91,0.22,1.91,0.14,0.0,0.08,1.91,0.22,2.56,0.0,3,0,2,1,2,3,1,1,3,4,0.8023,0.0,0.9356,0.0421,0.0787,0.0875,0.0415,0.0186,0.0559,0.068,10,6,1,0,0,2,0,1,0,0,1.9036,0.1355,0.0104,0.0,0.0,0.0608,0.0,0.02,0.0,0.0,11,9,18.93,21.54
3629448,2022-05-12,esp,2021/2022,LaLiga,36,Adrián Cordero Vega,8633,Real Madrid,8581,Levante,1,6,0,54,46,27,16,16,1,9,7,2,8,3,0,18,6,9,10,6,6,6,0,2,0,,,8,6,2,1,0,0,3,2,16,11,14,11,8,2,10,11,1,10,37,29,0,0,9.0,0.0,8.0,11.0,533,451,475.0,383.0,213,212,262,171,28.0,18.0,4.0,3.0,3.48,0.99,2.95,0.87,0.53,0.12,3.48,0.99,4.88,0.03,5,0,7,4,6,2,4,7,5,3,2.1548,0.0,0.6613,0.5698,0.4131,0.0787,0.1106,0.2854,0.1423,0.0574,22,14,1,0,2,0,2,2,0,0,2.8355,0.8668,0.1135,0.0,0.4745,0.0,0.0587,0.1245,0.0,0.0,27,16,16.37,21.96
3629448,2022-05-12,esp,2021/2022,LaLiga,36,Adrián Cordero Vega,8581,Levante,8633,Real Madrid,0,0,6,46,54,16,27,1,16,7,9,8,2,0,3,6,18,10,9,6,6,0,6,0,2,,,6,8,1,2,0,0,2,3,11,16,11,14,2,8,11,10,10,1,29,37,0,0,0.0,9.0,11.0,8.0,451,533,383.0,475.0,212,213,171,262,18.0,28.0,3.0,4.0,0.99,3.48,0.87,2.95,0.12,0.53,0.99,3.48,0.03,4.88,0,5,4,7,2,6,7,4,3,5,0.0,2.1548,0.5698,0.6613,0.0787,0.4131,0.2854,0.1106,0.0574,0.1423,14,22,0,1,0,2,2,2,0,0,0.8668,2.8355,0.0,0.1135,0.0,0.4745,0.1245,0.0587,0.0,0.0,16,27,21.96,16.37
3629449,2022-05-12,esp,2021/2022,LaLiga,36,Juan Martínez Munuera,8560,Real Sociedad,8385,Cadiz,1,3,0,52,48,13,14,7,1,4,9,2,4,0,0,11,9,2,5,2,12,4,0,1,0,31,15,13,11,4,2,0,0,1,7,10,14,17,17,4,2,23,11,1,4,56,43,32.0,31.0,24.0,12.0,12.0,5.0,451,387,368.0,292.0,164,184,204,108,27.0,19.0,8.0,7.0,3.01,0.76,1.25,0.53,0.18,0.23,1.43,0.76,2.84,0.13,0,3,8,4,3,2,1,4,1,1,0.0,0.3379,2.5601,0.2525,0.3786,0.0688,0.0478,0.0857,0.0194,0.0157,8,7,1,0,1,7,1,0,2,0,0.7237,0.5292,0.5228,0.0,0.0083,0.2315,0.1744,0.0,1.5768,0.0,13,14,13.53,16.28
3629449,2022-05-12,esp,2021/2022,LaLiga,36,Juan Martínez Munuera,8385,Cadiz,8560,Real Sociedad,0,0,3,48,52,14,13,1,7,9,4,4,2,0,0,9,11,5,2,12,2,0,4,0,1,15,31,11,13,2,4,0,0,7,1,14,10,17,17,2,4,11,23,4,1,43,56,31.0,32.0,12.0,24.0,5.0,12.0,387,451,292.0,368.0,184,164,108,204,19.0,27.0,7.0,8.0,0.76,3.01,0.53,1.25,0.23,0.18,0.76,1.43,0.13,2.84,3,0,4,8,2,3,4,1,1,1,0.3379,0.0,0.2525,2.5601,0.0688,0.3786,0.0857,0.0478,0.0157,0.0194,7,8,0,1,7,1,0,1,0,2,0.5292,0.7237,0.0,0.5228,0.2315,0.0083,0.0,0.1744,0.0,1.5768,14,13,16.28,13.53
3629452,2022-05-12,esp,2021/2022,LaLiga,36,Isidro Díaz de Mera Escuderos,8370,Rayo Vallecano,10205,Villarreal,1,1,5,56,44,17,11,3,8,6,3,8,0,0,0,11,8,6,3,9,3,2,4,1,1,,,13,10,5,2,0,0,3,1,21,14,2,4,0,7,12,20,3,2,49,45,38.0,39.0,11.0,6.0,8.0,13.0,421,341,359.0,281.0,172,164,187,117,47.0,26.0,14.0,3.0,1.77,2.55,1.64,0.89,0.13,1.65,1.77,2.55,1.29,5.08,1,3,9,4,1,1,4,2,2,1,0.147,1.5239,1.3748,0.9037,0.0389,0.0485,0.1709,0.0356,0.0408,0.0374,14,5,0,1,2,3,1,2,0,0,1.6405,0.8574,0.0,0.0374,0.0569,0.8989,0.075,0.7554,0.0,0.0,17,11,16.31,12.14
3629452,2022-05-12,esp,2021/2022,LaLiga,36,Isidro Díaz de Mera Escuderos,10205,Villarreal,8370,Rayo Vallecano,0,5,1,44,56,11,17,8,3,3,6,0,8,0,0,8,11,3,6,3,9,4,2,1,1,,,10,13,2,5,0,0,1,3,14,21,4,2,7,0,20,12,2,3,45,49,39.0,38.0,6.0,11.0,13.0,8.0,341,421,281.0,359.0,164,172,117,187,26.0,47.0,3.0,14.0,2.55,1.77,0.89,1.64,1.65,0.13,2.55,1.77,5.08,1.29,3,1,4,9,1,1,2,4,1,2,1.5239,0.147,0.9037,1.3748,0.0485,0.0389,0.0356,0.1709,0.0374,0.0408,5,14,1,0,3,2,2,1,0,0,0.8574,1.6405,0.0374,0.0,0.8989,0.0569,0.7554,0.075,0.0,0.0,11,17,12.14,16.31
3629461,2022-05-14,esp,2021/2022,LaLiga,37,Alejandro Muñíz Ruiz,8558,Espanyol,10267,Valencia,1,1,1,48,52,5,18,3,5,2,9,0,4,0,0,3,12,2,6,2,3,2,4,1,4,,,18,15,4,1,0,0,3,0,12,10,7,14,4,0,20,10,4,2,55,51,40.0,45.0,15.0,6.0,13.0,17.0,384,408,315.0,328.0,231,154,84,174,26.0,20.0,1.0,6.0,0.69,1.63,0.58,1.23,0.11,0.39,0.69,1.63,1.06,1.11,0,1,3,8,0,3,0,6,2,0,0.0,0.2166,0.6457,0.8507,0.0,0.3642,0.0,0.197,0.0485,0.0,3,13,0,0,0,1,2,4,0,0,0.5844,1.234,0.0,0.0,0.0,0.0135,0.1099,0.3811,0.0,0.0,5,18,19.32,16.55
3629461,2022-05-14,esp,2021/2022,LaLiga,37,Alejandro Muñíz Ruiz,10267,Valencia,8558,Espanyol,0,1,1,52,48,18,5,5,3,9,2,4,0,0,0,12,3,6,2,3,2,4,2,4,1,,,15,18,1,4,0,0,0,3,10,12,14,7,0,4,10,20,2,4,51,55,45.0,40.0,6.0,15.0,17.0,13.0,408,384,328.0,315.0,154,231,174,84,20.0,26.0,6.0,1.0,1.63,0.69,1.23,0.58,0.39,0.11,1.63,0.69,1.11,1.06,1,0,8,3,3,0,6,0,0,2,0.2166,0.0,0.8507,0.6457,0.3642,0.0,0.197,0.0,0.0,0.0485,13,3,0,0,1,0,4,2,0,0,1.234,0.5844,0.0,0.0,0.0135,0.0,0.3811,0.1099,0.0,0.0,18,5,16.55,19.32
3629454,2022-05-15,esp,2021/2022,LaLiga,37,Jorge Figueroa Vázquez,8315,Athletic Club,8371,Osasuna,1,2,0,45,55,14,8,8,1,4,2,2,5,0,0,9,3,5,5,10,6,2,1,1,1,,,6,14,0,0,0,0,4,0,13,15,10,11,5,2,25,17,1,6,59,37,34.0,26.0,25.0,11.0,8.0,6.0,409,491,317.0,390.0,149,246,168,144,24.0,34.0,5.0,4.0,1.34,0.9,1.1,0.89,0.24,0.01,1.34,0.9,1.6,0.06,0,1,7,2,2,0,1,2,4,3,0.0,0.5095,0.9266,0.3083,0.1108,0.0,0.0247,0.0264,0.0755,0.0598,9,7,1,0,4,1,0,0,0,0,0.9082,0.8917,0.0636,0.0,0.1658,0.0122,0.0,0.0,0.0,0.0,14,8,16.9,21.12
3629454,2022-05-15,esp,2021/2022,LaLiga,37,Jorge Figueroa Vázquez,8371,Osasuna,8315,Athletic Club,0,0,2,55,45,8,14,1,8,2,4,5,2,0,0,3,9,5,5,6,10,1,2,1,1,,,14,6,0,0,0,0,0,4,15,13,11,10,2,5,17,25,6,1,37,59,26.0,34.0,11.0,25.0,6.0,8.0,491,409,390.0,317.0,246,149,144,168,34.0,24.0,4.0,5.0,0.9,1.34,0.89,1.1,0.01,0.24,0.9,1.34,0.06,1.6,1,0,2,7,0,2,2,1,3,4,0.5095,0.0,0.3083,0.9266,0.0,0.1108,0.0264,0.0247,0.0598,0.0755,7,9,0,1,1,4,0,0,0,0,0.8917,0.9082,0.0,0.0636,0.0122,0.1658,0.0,0.0,0.0,0.0,8,14,21.12,16.9
3629455,2022-05-15,esp,2021/2022,LaLiga,37,José María Sánchez Martínez,9906,Atletico Madrid,8302,Sevilla,1,1,1,41,59,12,8,3,4,5,3,4,1,0,1,9,6,3,2,4,5,0,2,0,1,,,14,18,2,5,0,0,1,0,17,18,11,11,1,4,15,14,3,2,50,56,37.0,36.0,13.0,20.0,3.0,7.0,348,501,269.0,420.0,140,246,129,174,18.0,54.0,6.0,7.0,1.2,0.75,0.46,0.55,0.75,0.2,1.2,0.75,0.5,0.57,0,1,6,5,3,0,2,0,1,2,0.0,0.3054,0.9462,0.3843,0.0917,0.0,0.1385,0.0,0.0259,0.0591,9,4,0,0,1,3,2,1,0,0,0.4563,0.5499,0.0,0.0,0.219,0.1206,0.527,0.0783,0.0,0.0,12,8,16.02,14.66
3629455,2022-05-15,esp,2021/2022,LaLiga,37,José María Sánchez Martínez,8302,Sevilla,9906,Atletico Madrid,0,1,1,59,41,8,12,4,3,3,5,1,4,1,0,6,9,2,3,5,4,2,0,1,0,,,18,14,5,2,0,0,0,1,18,17,11,11,4,1,14,15,2,3,56,50,36.0,37.0,20.0,13.0,7.0,3.0,501,348,420.0,269.0,246,140,174,129,54.0,18.0,7.0,6.0,0.75,1.2,0.55,0.46,0.2,0.75,0.75,1.2,0.57,0.5,1,0,5,6,0,3,0,2,2,1,0.3054,0.0,0.3843,0.9462,0.0,0.0917,0.0,0.1385,0.0591,0.0259,4,9,0,0,3,1,1,2,0,0,0.5499,0.4563,0.0,0.0,0.1206,0.219,0.0783,0.527,0.0,0.0,8,12,14.66,16.02
3629456,2022-05-15,esp,2021/2022,LaLiga,37,Ricardo De Burgos Bengoetxea,8603,Real Betis,7878,Granada,1,2,0,61,39,11,14,4,4,5,7,2,3,0,0,11,10,0,4,4,9,3,1,1,1,,,11,17,0,1,0,0,1,3,19,19,9,8,3,2,31,12,4,2,59,50,44.0,34.0,15.0,16.0,10.0,8.0,518,309,434.0,229.0,282,91,152,138,24.0,22.0,4.0,5.0,2.35,1.13,1.95,0.51,0.39,0.61,2.35,1.13,1.97,0.52,1,1,8,8,2,1,0,3,0,1,0.1753,0.3223,2.1352,0.6677,0.0371,0.0493,0.0,0.0632,0.0,0.0375,6,10,0,0,3,3,2,1,0,0,1.954,0.5262,0.0,0.0,0.2933,0.4479,0.1004,0.1659,0.0,0.0,11,14,12.84,15.97
3629456,2022-05-15,esp,2021/2022,LaLiga,37,Ricardo De Burgos Bengoetxea,7878,Granada,8603,Real Betis,0,0,2,39,61,14,11,4,4,7,5,3,2,0,0,10,11,4,0,9,4,1,3,1,1,,,17,11,1,0,0,0,3,1,19,19,8,9,2,3,12,31,2,4,50,59,34.0,44.0,16.0,15.0,8.0,10.0,309,518,229.0,434.0,91,282,138,152,22.0,24.0,5.0,4.0,1.13,2.35,0.51,1.95,0.61,0.39,1.13,2.35,0.52,1.97,1,1,8,8,1,2,3,0,1,0,0.3223,0.1753,0.6677,2.1352,0.0493,0.0371,0.0632,0.0,0.0375,0.0,10,6,0,0,3,3,1,2,0,0,0.5262,1.954,0.0,0.0,0.4479,0.2933,0.1659,0.1004,0.0,0.0,14,11,15.97,12.84
3629457,2022-05-15,esp,2021/2022,LaLiga,37,Mario Melero López,9910,Celta Vigo,10268,Elche,1,1,0,49,51,14,10,5,1,4,7,5,2,0,0,11,6,3,4,7,5,1,0,0,0,,,11,12,2,2,0,0,5,4,18,21,17,13,2,6,15,9,1,3,52,60,40.0,40.0,12.0,20.0,11.0,10.0,448,453,340.0,341.0,185,180,155,161,23.0,32.0,4.0,5.0,2.1,0.46,1.87,0.33,0.23,0.13,2.1,0.46,1.51,0.1,2,0,3,4,6,2,1,1,2,3,0.3504,0.0,0.8842,0.3125,0.5349,0.065,0.2451,0.0256,0.0944,0.0577,8,7,3,0,1,1,2,2,0,0,1.1042,0.3326,0.7713,0.0,0.0311,0.0905,0.2024,0.0376,0.0,0.0,14,10,15.07,19.37
3629457,2022-05-15,esp,2021/2022,LaLiga,37,Mario Melero López,10268,Elche,9910,Celta Vigo,0,0,1,51,49,10,14,1,5,7,4,2,5,0,0,6,11,4,3,5,7,0,1,0,0,,,12,11,2,2,0,0,4,5,21,18,13,17,6,2,9,15,3,1,60,52,40.0,40.0,20.0,12.0,10.0,11.0,453,448,341.0,340.0,180,185,161,155,32.0,23.0,5.0,4.0,0.46,2.1,0.33,1.87,0.13,0.23,0.46,2.1,0.1,1.51,0,2,4,3,2,6,1,1,3,2,0.0,0.3504,0.3125,0.8842,0.065,0.5349,0.0256,0.2451,0.0577,0.0944,7,8,0,3,1,1,2,2,0,0,0.3326,1.1042,0.0,0.7713,0.0905,0.0311,0.0376,0.2024,0.0,0.0,10,14,19.37,15.07
3629458,2022-05-15,esp,2021/2022,LaLiga,37,José Luis Munuera Montero,8661,Mallorca,8370,Rayo Vallecano,1,2,1,45,55,12,11,5,4,4,5,3,2,1,0,8,9,4,2,5,3,1,4,0,3,,,13,8,1,0,0,0,1,0,15,19,6,10,2,3,17,25,3,3,40,53,24.0,34.0,16.0,19.0,4.0,5.0,362,432,275.0,358.0,142,172,133,186,27.0,40.0,3.0,9.0,0.81,1.35,0.63,0.78,0.18,0.56,0.81,1.35,1.39,2.1,0,2,4,4,4,3,3,2,1,0,0.0,0.6932,0.4825,0.3304,0.2053,0.146,0.116,0.0464,0.0101,0.0,8,7,0,1,1,2,3,1,0,0,0.7076,0.4632,0.0,0.0324,0.0164,0.6932,0.0898,0.0272,0.0,0.0,12,11,17.42,14.06
3629458,2022-05-15,esp,2021/2022,LaLiga,37,José Luis Munuera Montero,8370,Rayo Vallecano,8661,Mallorca,0,1,2,55,45,11,12,4,5,5,4,2,3,0,1,9,8,2,4,3,5,4,1,3,0,,,8,13,0,1,0,0,0,1,19,15,10,6,3,2,25,17,3,3,53,40,34.0,24.0,19.0,16.0,5.0,4.0,432,362,358.0,275.0,172,142,186,133,40.0,27.0,9.0,3.0,1.35,0.81,0.78,0.63,0.56,0.18,1.35,0.81,2.1,1.39,2,0,4,4,3,4,2,3,0,1,0.6932,0.0,0.3304,0.4825,0.146,0.2053,0.0464,0.116,0.0,0.0101,7,8,1,0,2,1,1,3,0,0,0.4632,0.7076,0.0324,0.0,0.6932,0.0164,0.0272,0.0898,0.0,0.0,11,12,14.06,17.42
3629459,2022-05-15,esp,2021/2022,LaLiga,37,Jesús Gil Manzano,8305,Getafe,8634,Barcelona,1,0,0,29,71,9,5,3,1,3,2,3,2,0,0,5,2,4,3,5,5,0,0,0,0,,,9,8,1,2,0,0,1,1,16,7,5,3,2,2,16,7,1,3,42,39,27.0,28.0,15.0,11.0,4.0,12.0,338,860,266.0,799.0,162,400,104,399,36.0,43.0,6.0,4.0,0.31,0.17,0.11,0.14,0.2,0.03,0.31,0.17,0.28,0.02,0,0,4,1,1,1,4,1,0,2,0.0,0.0,0.1842,0.0455,0.0369,0.0256,0.0866,0.0368,0.0,0.0671,4,4,0,0,3,0,2,1,0,0,0.1095,0.1426,0.0,0.0,0.1536,0.0,0.0445,0.0324,0.0,0.0,9,5,21.55,21.25
3629459,2022-05-15,esp,2021/2022,LaLiga,37,Jesús Gil Manzano,8634,Barcelona,8305,Getafe,0,0,0,71,29,5,9,1,3,2,3,2,3,0,0,2,5,3,4,5,5,0,0,0,0,,,8,9,2,1,0,0,1,1,7,16,3,5,2,2,7,16,3,1,39,42,28.0,27.0,11.0,15.0,12.0,4.0,860,338,799.0,266.0,400,162,399,104,43.0,36.0,4.0,6.0,0.17,0.31,0.14,0.11,0.03,0.2,0.17,0.31,0.02,0.28,0,0,1,4,1,1,1,4,2,0,0.0,0.0,0.0455,0.1842,0.0256,0.0369,0.0368,0.0866,0.0671,0.0,4,4,0,0,0,3,1,2,0,0,0.1426,0.1095,0.0,0.0,0.0,0.1536,0.0324,0.0445,0.0,0.0,5,9,21.25,21.55
3629460,2022-05-15,esp,2021/2022,LaLiga,37,Antonio Miguel Mateu Lahoz,8385,Cadiz,8633,Real Madrid,1,1,1,38,62,21,16,7,7,9,8,5,1,0,0,14,9,7,7,10,2,3,3,3,2,52,21,13,11,6,2,0,0,1,0,18,18,14,10,1,5,13,29,6,6,48,59,37.0,48.0,11.0,11.0,10.0,17.0,351,614,287.0,549.0,106,304,181,245,31.0,34.0,9.0,2.0,2.69,1.65,1.36,1.49,0.54,0.17,1.9,1.65,2.61,2.57,3,2,10,5,1,2,4,6,3,1,0.3556,0.6601,2.1206,0.6924,0.0184,0.0842,0.1034,0.198,0.0939,0.0167,9,11,2,2,7,1,2,2,1,0,0.6899,1.0887,0.674,0.3963,0.4316,0.071,0.108,0.0954,0.7884,0.0,21,16,16.84,17.89
3629460,2022-05-15,esp,2021/2022,LaLiga,37,Antonio Miguel Mateu Lahoz,8633,Real Madrid,8385,Cadiz,0,1,1,62,38,16,21,7,7,8,9,1,5,0,0,9,14,7,7,2,10,3,3,2,3,21,52,11,13,2,6,0,0,0,1,18,18,10,14,5,1,29,13,6,6,59,48,48.0,37.0,11.0,11.0,17.0,10.0,614,351,549.0,287.0,304,106,245,181,34.0,31.0,2.0,9.0,1.65,2.69,1.49,1.36,0.17,0.54,1.65,1.9,2.57,2.61,2,3,5,10,2,1,6,4,1,3,0.6601,0.3556,0.6924,2.1206,0.0842,0.0184,0.198,0.1034,0.0167,0.0939,11,9,2,2,1,7,2,2,0,1,1.0887,0.6899,0.3963,0.674,0.071,0.4316,0.0954,0.108,0.0,0.7884,16,21,17.89,16.84
3629462,2022-05-15,esp,2021/2022,LaLiga,37,Guillermo Cuadra Fernández,8581,Levante,9866,Deportivo Alaves,1,3,1,64,36,15,6,5,2,8,3,2,1,0,1,11,3,4,3,3,4,4,1,3,1,,,19,10,8,5,0,1,2,4,12,16,5,7,1,2,24,14,1,2,42,60,30.0,41.0,12.0,19.0,8.0,6.0,468,245,391.0,163.0,243,62,148,101,38.0,22.0,2.0,7.0,1.96,0.53,1.82,0.39,0.15,0.14,1.96,0.53,1.69,0.82,1,0,8,2,2,1,4,2,0,1,0.1328,0.0,1.5352,0.3795,0.0861,0.0888,0.2088,0.0475,0.0,0.0105,12,3,0,0,3,1,0,2,0,0,1.8152,0.3879,0.0,0.0,0.1477,0.0207,0.0,0.1177,0.0,0.0,15,6,14.68,19.73
3629462,2022-05-15,esp,2021/2022,LaLiga,37,Guillermo Cuadra Fernández,9866,Deportivo Alaves,8581,Levante,0,1,3,36,64,6,15,2,5,3,8,1,2,1,0,3,11,3,4,4,3,1,4,1,3,,,10,19,5,8,1,0,4,2,16,12,7,5,2,1,14,24,2,1,60,42,41.0,30.0,19.0,12.0,6.0,8.0,245,468,163.0,391.0,62,243,101,148,22.0,38.0,7.0,2.0,0.53,1.96,0.39,1.82,0.14,0.15,0.53,1.96,0.82,1.69,0,1,2,8,1,2,2,4,1,0,0.0,0.1328,0.3795,1.5352,0.0888,0.0861,0.0475,0.2088,0.0105,0.0,3,12,0,0,1,3,2,0,0,0,0.3879,1.8152,0.0,0.0,0.0207,0.1477,0.1177,0.0,0.0,0.0,6,15,19.73,14.68
3629463,2022-05-15,esp,2021/2022,LaLiga,37,Pablo González Fuertes,10205,Villarreal,8560,Real Sociedad,1,1,2,49,51,10,11,4,6,4,3,2,2,0,0,7,8,3,3,4,3,1,4,1,2,,,12,16,4,3,0,0,3,3,19,13,8,7,2,2,15,13,5,3,69,52,49.0,28.0,20.0,24.0,16.0,4.0,382,400,291.0,304.0,144,172,147,132,21.0,23.0,4.0,3.0,0.72,2.14,0.48,2.09,0.24,0.05,0.72,2.14,0.62,2.39,1,2,3,3,3,3,2,3,1,0,0.1211,1.2143,0.3524,0.6132,0.1293,0.0615,0.0953,0.2542,0.023,0.0,5,9,1,1,3,0,1,1,0,0,0.2538,1.9679,0.2232,0.1239,0.2054,0.0,0.0388,0.0513,0.0,0.0,10,11,16.8,13.94
3629463,2022-05-15,esp,2021/2022,LaLiga,37,Pablo González Fuertes,8560,Real Sociedad,10205,Villarreal,0,2,1,51,49,11,10,6,4,3,4,2,2,0,0,8,7,3,3,3,4,4,1,2,1,,,16,12,3,4,0,0,3,3,13,19,7,8,2,2,13,15,3,5,52,69,28.0,49.0,24.0,20.0,4.0,16.0,400,382,304.0,291.0,172,144,132,147,23.0,21.0,3.0,4.0,2.14,0.72,2.09,0.48,0.05,0.24,2.14,0.72,2.39,0.62,2,1,3,3,3,3,3,2,0,1,1.2143,0.1211,0.6132,0.3524,0.0615,0.1293,0.2542,0.0953,0.0,0.023,9,5,1,1,0,3,1,1,0,0,1.9679,0.2538,0.1239,0.2232,0.0,0.2054,0.0513,0.0388,0.0,0.0,11,10,13.94,16.8
3629468,2022-05-20,esp,2021/2022,LaLiga,38,Santiago Jaime Latre,8633,Real Madrid,8603,Real Betis,1,0,0,52,48,17,11,3,2,12,5,2,4,0,0,6,5,11,6,8,5,4,2,4,2,,,7,12,0,0,0,0,4,0,21,18,7,2,3,2,10,12,2,3,56,40,49.0,33.0,7.0,7.0,17.0,9.0,555,510,504.0,442.0,235,235,269,207,30.0,33.0,4.0,4.0,1.2,0.89,1.05,0.8,0.15,0.09,1.2,0.89,0.08,0.13,2,1,4,3,0,1,5,6,6,0,0.2835,0.2573,0.597,0.4906,0.0,0.0189,0.2135,0.1242,0.1187,0.0,16,10,0,0,1,1,0,0,0,0,1.066,0.8024,0.0,0.0,0.1466,0.0886,0.0,0.0,0.0,0.0,17,11,21.13,19.61
3629468,2022-05-20,esp,2021/2022,LaLiga,38,Santiago Jaime Latre,8603,Real Betis,8633,Real Madrid,0,0,0,48,52,11,17,2,3,5,12,4,2,0,0,5,6,6,11,5,8,2,4,2,4,,,12,7,0,0,0,0,0,4,18,21,2,7,2,3,12,10,3,2,40,56,33.0,49.0,7.0,7.0,9.0,17.0,510,555,442.0,504.0,235,235,207,269,33.0,30.0,4.0,4.0,0.89,1.2,0.8,1.05,0.09,0.15,0.89,1.2,0.13,0.08,1,2,3,4,1,0,6,5,0,6,0.2573,0.2835,0.4906,0.597,0.0189,0.0,0.1242,0.2135,0.0,0.1187,10,16,0,0,1,1,0,0,0,0,0.8024,1.066,0.0,0.0,0.0886,0.1466,0.0,0.0,0.0,0.0,11,17,19.61,21.13
3629472,2022-05-20,esp,2021/2022,LaLiga,38,Mario Melero López,8370,Rayo Vallecano,8581,Levante,1,2,4,56,44,19,14,8,7,7,5,4,2,0,1,11,10,8,4,7,3,6,5,4,2,,,8,12,0,3,0,0,5,0,25,19,8,13,3,4,9,27,2,6,55,45,44.0,37.0,11.0,8.0,9.0,13.0,420,352,341.0,268.0,162,152,179,116,24.0,23.0,6.0,3.0,2.49,2.52,1.12,1.8,0.58,0.72,1.71,2.52,3.26,3.06,3,4,7,5,1,1,6,2,2,2,0.4044,1.8112,1.6651,0.5196,0.0498,0.07,0.3268,0.1555,0.0482,0.0695,12,11,0,0,3,0,3,3,1,0,1.1369,1.8081,0.0,0.0,0.2471,0.0,0.3219,0.8177,0.7884,0.0,19,14,16.2,13.24
3629472,2022-05-20,esp,2021/2022,LaLiga,38,Mario Melero López,8581,Levante,8370,Rayo Vallecano,0,4,2,44,56,14,19,7,8,5,7,2,4,1,0,10,11,4,8,3,7,5,6,2,4,,,12,8,3,0,0,0,0,5,19,25,13,8,4,3,27,9,6,2,45,55,37.0,44.0,8.0,11.0,13.0,9.0,352,420,268.0,341.0,152,162,116,179,23.0,24.0,3.0,6.0,2.52,2.49,1.8,1.12,0.72,0.58,2.52,1.71,3.06,3.26,4,3,5,7,1,1,2,6,2,2,1.8112,0.4044,0.5196,1.6651,0.07,0.0498,0.1555,0.3268,0.0695,0.0482,11,12,0,0,0,3,3,3,0,1,1.8081,1.1369,0.0,0.0,0.0,0.2471,0.8177,0.3219,0.0,0.7884,14,19,13.24,16.2
3629471,2022-05-21,esp,2021/2022,LaLiga,38,Adrián Cordero Vega,10267,Valencia,9910,Celta Vigo,1,2,0,45,55,10,9,3,3,4,3,3,3,0,0,8,5,2,4,3,3,2,3,1,3,,,22,19,3,3,0,0,0,3,16,20,17,7,2,3,17,23,3,2,64,62,47.0,56.0,17.0,6.0,13.0,14.0,320,398,228.0,293.0,81,171,147,122,32.0,20.0,3.0,4.0,1.62,0.94,1.42,0.94,0.2,0.0,1.62,0.94,1.18,1.34,1,1,5,4,2,0,2,1,0,3,0.7452,0.4048,0.613,0.4709,0.0999,0.0,0.1612,0.0232,0.0,0.0445,8,9,0,0,0,0,2,0,0,0,1.4158,0.9435,0.0,0.0,0.0,0.0,0.2035,0.0,0.0,0.0,10,9,14.01,17.84
3629471,2022-05-21,esp,2021/2022,LaLiga,38,Adrián Cordero Vega,9910,Celta Vigo,10267,Valencia,0,0,2,55,45,9,10,3,3,3,4,3,3,0,0,5,8,4,2,3,3,3,2,3,1,,,19,22,3,3,0,0,3,0,20,16,7,17,3,2,23,17,2,3,62,64,56.0,47.0,6.0,17.0,14.0,13.0,398,320,293.0,228.0,171,81,122,147,20.0,32.0,4.0,3.0,0.94,1.62,0.94,1.42,0.0,0.2,0.94,1.62,1.34,1.18,1,1,4,5,0,2,1,2,3,0,0.4048,0.7452,0.4709,0.613,0.0,0.0999,0.0232,0.1612,0.0445,0.0,9,8,0,0,0,0,0,2,0,0,0.9435,1.4158,0.0,0.0,0.0,0.0,0.0,0.2035,0.0,0.0,9,10,17.84,14.01
3629464,2022-05-22,esp,2021/2022,LaLiga,38,José María Sánchez Martínez,9866,Deportivo Alaves,8385,Cadiz,1,0,1,50,50,9,13,2,6,5,6,2,1,0,1,4,9,5,4,4,4,0,4,0,3,13,24,11,13,0,1,0,0,0,2,19,19,5,7,1,2,15,15,5,2,58,58,44.0,39.0,14.0,19.0,12.0,9.0,400,403,320.0,322.0,165,154,155,168,29.0,27.0,5.0,8.0,0.43,1.81,0.18,0.93,0.25,0.88,0.43,1.81,0.46,2.58,0,2,3,6,1,1,2,2,3,2,0.0,0.6987,0.2631,0.987,0.039,0.0869,0.0546,0.028,0.0781,0.0128,4,8,0,0,3,2,2,3,0,0,0.1811,0.9316,0.0,0.0,0.1711,0.037,0.0825,0.8448,0.0,0.0,9,13,20.09,17.44
3629464,2022-05-22,esp,2021/2022,LaLiga,38,José María Sánchez Martínez,8385,Cadiz,9866,Deportivo Alaves,0,1,0,50,50,13,9,6,2,6,5,1,2,1,0,9,4,4,5,4,4,4,0,3,0,24,13,13,11,1,0,0,0,2,0,19,19,7,5,2,1,15,15,2,5,58,58,39.0,44.0,19.0,14.0,9.0,12.0,403,400,322.0,320.0,154,165,168,155,27.0,29.0,8.0,5.0,1.81,0.43,0.93,0.18,0.88,0.25,1.81,0.43,2.58,0.46,2,0,6,3,1,1,2,2,2,3,0.6987,0.0,0.987,0.2631,0.0869,0.039,0.028,0.0546,0.0128,0.0781,8,4,0,0,2,3,3,2,0,0,0.9316,0.1811,0.0,0.0,0.037,0.1711,0.8448,0.0825,0.0,0.0,13,9,17.44,20.09
3629465,2022-05-22,esp,2021/2022,LaLiga,38,José Luis Munuera Montero,8634,Barcelona,10205,Villarreal,1,0,2,70,30,14,4,3,3,7,1,4,0,0,0,9,4,5,0,12,1,0,0,0,0,,,12,7,3,1,0,0,5,0,17,15,4,7,0,4,7,35,1,3,37,44,29.0,29.0,8.0,15.0,5.0,2.0,668,305,614.0,240.0,206,168,408,72,39.0,24.0,7.0,1.0,0.57,0.8,0.39,0.8,0.18,0.0,0.57,0.8,0.51,0.35,0,0,5,3,4,1,4,0,1,0,0.0,0.0,0.3077,0.7628,0.1406,0.0331,0.1041,0.0,0.0144,0.0,11,4,0,0,2,0,1,0,0,0,0.3868,0.7959,0.0,0.0,0.0925,0.0,0.0875,0.0,0.0,0.0,14,4,19.54,12.35
3629465,2022-05-22,esp,2021/2022,LaLiga,38,José Luis Munuera Montero,10205,Villarreal,8634,Barcelona,0,2,0,30,70,4,14,3,3,1,7,0,4,0,0,4,9,0,5,1,12,0,0,0,0,,,7,12,1,3,0,0,0,5,15,17,7,4,4,0,35,7,3,1,44,37,29.0,29.0,15.0,8.0,2.0,5.0,305,668,240.0,614.0,168,206,72,408,24.0,39.0,1.0,7.0,0.8,0.57,0.8,0.39,0.0,0.18,0.8,0.57,0.35,0.51,0,0,3,5,1,4,0,4,0,1,0.0,0.0,0.7628,0.3077,0.0331,0.1406,0.0,0.1041,0.0,0.0144,4,11,0,0,0,2,0,1,0,0,0.7959,0.3868,0.0,0.0,0.0,0.0925,0.0,0.0875,0.0,0.0,4,14,12.35,19.54
3629466,2022-05-22,esp,2021/2022,LaLiga,38,Alejandro José Hernández Hernández,7878,Granada,8558,Espanyol,1,0,0,39,61,15,10,5,5,3,2,7,3,0,0,10,6,5,4,7,3,2,0,2,0,,,9,12,1,0,0,0,1,0,19,19,4,10,3,7,7,24,5,5,55,55,34.0,39.0,21.0,16.0,5.0,11.0,312,523,224.0,433.0,98,260,126,173,28.0,29.0,6.0,3.0,1.68,0.3,0.52,0.25,0.37,0.05,0.89,0.3,0.73,0.35,0,0,6,2,4,4,4,1,1,3,0.0,0.0,1.3491,0.0675,0.0942,0.1644,0.208,0.0305,0.0301,0.0394,8,7,0,0,4,3,2,0,1,0,0.5182,0.2484,0.0,0.0,0.2818,0.0535,0.093,0.0,0.7884,0.0,15,10,16.65,20.04
3629466,2022-05-22,esp,2021/2022,LaLiga,38,Alejandro José Hernández Hernández,8558,Espanyol,7878,Granada,0,0,0,61,39,10,15,5,5,2,3,3,7,0,0,6,10,4,5,3,7,0,2,0,2,,,12,9,0,1,0,0,0,1,19,19,10,4,7,3,24,7,5,5,55,55,39.0,34.0,16.0,21.0,11.0,5.0,523,312,433.0,224.0,260,98,173,126,29.0,28.0,3.0,6.0,0.3,1.68,0.25,0.52,0.05,0.37,0.3,0.89,0.35,0.73,0,0,2,6,4,4,1,4,3,1,0.0,0.0,0.0675,1.3491,0.1644,0.0942,0.0305,0.208,0.0394,0.0301,7,8,0,0,3,4,0,2,0,1,0.2484,0.5182,0.0,0.0,0.0535,0.2818,0.0,0.093,0.0,0.7884,10,15,20.04,16.65
3629467,2022-05-22,esp,2021/2022,LaLiga,38,César Soto Grado,8371,Osasuna,8661,Mallorca,1,0,2,63,37,11,14,1,6,7,4,3,4,0,0,7,7,4,7,5,7,3,2,3,0,,,8,14,2,2,0,0,1,2,9,11,5,7,3,3,20,30,4,1,48,51,26.0,24.0,22.0,27.0,4.0,7.0,462,278,378.0,189.0,172,96,206,93,33.0,34.0,13.0,5.0,0.81,1.18,0.69,0.92,0.12,0.26,0.81,1.18,0.57,2.89,1,1,5,4,1,2,4,5,0,2,0.3805,0.6149,0.2794,0.3715,0.0404,0.0817,0.106,0.1468,0.0,0.0249,6,9,0,0,5,3,0,2,0,0,0.687,0.9822,0.0,0.0,0.1193,0.176,0.0,0.0815,0.0,0.0,11,14,15.26,18.64
3629467,2022-05-22,esp,2021/2022,LaLiga,38,César Soto Grado,8661,Mallorca,8371,Osasuna,0,2,0,37,63,14,11,6,1,4,7,4,3,0,0,7,7,7,4,7,5,2,3,0,3,,,14,8,2,2,0,0,2,1,11,9,7,5,3,3,30,20,1,4,51,48,24.0,26.0,27.0,22.0,7.0,4.0,278,462,189.0,378.0,96,172,93,206,34.0,33.0,5.0,13.0,1.18,0.81,0.92,0.69,0.26,0.12,1.18,0.81,2.89,0.57,1,1,4,5,2,1,5,4,2,0,0.6149,0.3805,0.3715,0.2794,0.0817,0.0404,0.1468,0.106,0.0249,0.0,9,6,0,0,3,5,2,0,0,0,0.9822,0.687,0.0,0.0,0.176,0.1193,0.0815,0.0,0.0,0.0,14,11,18.64,15.26
3629469,2022-05-22,esp,2021/2022,LaLiga,38,Jesús Gil Manzano,8560,Real Sociedad,9906,Atletico Madrid,1,1,2,62,38,12,6,3,5,6,0,3,1,1,1,7,3,5,3,3,2,3,1,2,1,,,16,11,4,2,0,0,0,2,19,29,10,15,1,2,18,13,3,2,60,63,36.0,55.0,24.0,8.0,8.0,11.0,587,348,487.0,256.0,281,119,206,137,24.0,20.0,2.0,2.0,2.57,0.7,1.45,0.68,1.12,0.02,2.57,0.7,0.76,1.82,2,0,3,2,2,1,3,3,2,0,1.4514,0.0,0.8588,0.5659,0.0649,0.0191,0.2752,0.1138,0.0618,0.0,7,5,0,0,1,0,4,1,0,0,1.4631,0.6797,0.0,0.0,0.1451,0.0,1.1038,0.0191,0.0,0.0,12,6,15.55,18.18
3629469,2022-05-22,esp,2021/2022,LaLiga,38,Jesús Gil Manzano,9906,Atletico Madrid,8560,Real Sociedad,0,2,1,38,62,6,12,5,3,0,6,1,3,1,1,3,7,3,5,2,3,1,3,1,2,,,11,16,2,4,0,0,2,0,29,19,15,10,2,1,13,18,2,3,63,60,55.0,36.0,8.0,24.0,11.0,8.0,348,587,256.0,487.0,119,281,137,206,20.0,24.0,2.0,2.0,0.7,2.57,0.68,1.45,0.02,1.12,0.7,2.57,1.82,0.76,0,2,2,3,1,2,3,3,0,2,0.0,1.4514,0.5659,0.8588,0.0191,0.0649,0.1138,0.2752,0.0,0.0618,5,7,0,0,0,1,1,4,0,0,0.6797,1.4631,0.0,0.0,0.0,0.1451,0.0191,1.1038,0.0,0.0,6,12,18.18,15.55
3629470,2022-05-22,esp,2021/2022,LaLiga,38,Carlos del Cerro Grande,8302,Sevilla,8315,Athletic Club,1,1,0,66,34,13,10,3,1,7,4,3,5,1,1,8,7,5,3,5,0,2,0,1,0,,,13,12,3,3,0,0,2,0,14,17,2,11,5,3,9,28,1,2,43,44,32.0,32.0,11.0,12.0,7.0,3.0,680,342,579.0,266.0,319,111,260,155,49.0,14.0,6.0,1.0,1.24,0.99,1.16,0.99,0.08,0.0,1.24,0.99,0.88,0.11,0,1,5,2,3,4,2,1,3,2,0.0,0.4013,0.7323,0.1391,0.3775,0.1036,0.0718,0.0224,0.0606,0.0437,9,9,1,1,3,0,0,0,0,0,0.9912,0.676,0.1722,0.0341,0.0789,0.0,0.0,0.0,0.0,0.0,13,10,17.82,17.9
3629470,2022-05-22,esp,2021/2022,LaLiga,38,Carlos del Cerro Grande,8315,Athletic Club,8302,Sevilla,0,0,1,34,66,10,13,1,3,4,7,5,3,1,1,7,8,3,5,0,5,0,2,0,1,,,12,13,3,3,0,0,0,2,17,14,11,2,3,5,28,9,2,1,44,43,32.0,32.0,12.0,11.0,3.0,7.0,342,680,266.0,579.0,111,319,155,260,14.0,49.0,1.0,6.0,0.99,1.24,0.99,1.16,0.0,0.08,0.99,1.24,0.11,0.88,1,0,2,5,4,3,1,2,2,3,0.4013,0.0,0.1391,0.7323,0.1036,0.3775,0.0224,0.0718,0.0437,0.0606,9,9,1,1,0,3,0,0,0,0,0.676,0.9912,0.0341,0.1722,0.0,0.0789,0.0,0.0,0.0,0.0,10,13,17.9,17.82
3629473,2022-05-22,esp,2021/2022,LaLiga,38,Guillermo Cuadra Fernández,10268,Elche,8305,Getafe,1,3,1,59,41,19,7,9,2,6,4,4,1,1,0,13,4,6,3,8,3,6,2,3,1,,,11,9,2,2,0,0,2,1,18,8,8,5,1,4,11,24,1,6,46,29,34.0,23.0,12.0,6.0,8.0,4.0,511,353,451.0,289.0,233,220,218,69,39.0,27.0,5.0,4.0,2.88,1.34,2.41,1.23,0.47,0.11,2.88,1.34,3.55,1.2,3,1,8,2,2,1,3,1,3,2,1.1009,0.8557,1.4718,0.0322,0.1281,0.3665,0.0994,0.0132,0.0815,0.0561,16,2,1,1,2,3,0,1,0,0,2.3108,0.8752,0.104,0.3665,0.4669,0.0454,0.0,0.0366,0.0,0.0,19,7,15.71,19.68
3629473,2022-05-22,esp,2021/2022,LaLiga,38,Guillermo Cuadra Fernández,8305,Getafe,10268,Elche,0,1,3,41,59,7,19,2,9,4,6,1,4,0,1,4,13,3,6,3,8,2,6,1,3,,,9,11,2,2,0,0,1,2,8,18,5,8,4,1,24,11,6,1,29,46,23.0,34.0,6.0,12.0,4.0,8.0,353,511,289.0,451.0,220,233,69,218,27.0,39.0,4.0,5.0,1.34,2.88,1.23,2.41,0.11,0.47,1.34,2.88,1.2,3.55,1,3,2,8,1,2,1,3,2,3,0.8557,1.1009,0.0322,1.4718,0.3665,0.1281,0.0132,0.0994,0.0561,0.0815,2,16,1,1,3,2,1,0,0,0,0.8752,2.3108,0.3665,0.104,0.0454,0.4669,0.0366,0.0,0.0,0.0,7,19,19.68,15.71
