match_id,date,league,season,competition,round,referee,team_id,team,opp_id,opp,is_home,gf,ga,poss,poss_ag,shots,shots_ag,sot,sot_ag,shots_off,shots_off_ag,shots_blocked,shots_blocked_ag,woodwork,woodwork_ag,shots_box,shots_box_ag,shots_obox,shots_obox_ag,corners,corners_ag,bigchance,bigchance_ag,bigchance_missed,bigchance_missed_ag,touches_box,touches_box_ag,fouls,fouls_ag,yellow,yellow_ag,red,red_ag,offsides,offsides_ag,tackles,tackles_ag,interceptions,interceptions_ag,blocks,blocks_ag,clearances,clearances_ag,saves,saves_ag,duels_won,duels_won_ag,ground_duels_won,ground_duels_won_ag,aerials_won,aerials_won_ag,dribbles,dribbles_ag,passes,passes_ag,passes_acc,passes_acc_ag,passes_own_half,passes_own_half_ag,passes_opp_half,passes_opp_half_ag,long_balls_acc,long_balls_acc_ag,crosses_acc,crosses_acc_ag,xg,xg_ag,xg_op,xg_op_ag,xg_sp,xg_sp_ag,xg_np,xg_np_ag,xgot,xgot_ag,z_sixyard,z_sixyard_ag,z_box_c,z_box_c_ag,z_box_w,z_box_w_ag,z_out_c,z_out_c_ag,z_out_w,z_out_w_ag,z_sixyard_xg,z_sixyard_xg_ag,z_box_c_xg,z_box_c_xg_ag,z_box_w_xg,z_box_w_xg_ag,z_out_c_xg,z_out_c_xg_ag,z_out_w_xg,z_out_w_xg_ag,s_open,s_open_ag,s_fastbreak,s_fastbreak_ag,s_corner,s_corner_ag,s_freekick,s_freekick_ag,s_penalty,s_penalty_ag,s_open_xg,s_open_xg_ag,s_fastbreak_xg,s_fastbreak_xg_ag,s_corner_xg,s_corner_xg_ag,s_freekick_xg,s_freekick_xg_ag,s_penalty_xg,s_penalty_xg_ag,shotmap_n,shotmap_n_ag,shot_dist_avg,shot_dist_avg_ag
4219159,2023-08-11,fra,2023/2024,Ligue 1,1,Benoît Bastien,9831,Nice,8639,Lille,1,1,1,40,60,8,12,3,5,3,3,2,4,0,0,5,8,3,4,3,3,2,2,1,1,,,13,9,3,2,0,0,5,1,16,26,7,8,4,2,17,4,4,2,55,57,47.0,51.0,8.0,6.0,23.0,14.0,383,582,323.0,513.0,255,266,68,247,17.0,22.0,3.0,5.0,1.17,1.33,1.05,1.04,0.12,0.29,1.17,1.33,1.53,2.07,0,1,5,4,1,3,1,2,1,2,0.0,0.2243,1.0614,0.8281,0.027,0.1904,0.0663,0.0591,0.0169,0.0516,4,10,1,0,2,0,1,2,0,0,0.6043,1.0652,0.4499,0.0,0.0511,0.0,0.0663,0.2884,0.0,0.0,8,12,16.59,16.56
4219159,2023-08-11,fra,2023/2024,Ligue 1,1,Benoît Bastien,8639,Lille,9831,Nice,0,1,1,60,40,12,8,5,3,3,3,4,2,0,0,8,5,4,3,3,3,2,2,1,1,,,9,13,2,3,0,0,1,5,26,16,8,7,2,4,4,17,2,4,57,55,51.0,47.0,6.0,8.0,14.0,23.0,582,383,513.0,323.0,266,255,247,68,22.0,17.0,5.0,3.0,1.33,1.17,1.04,1.05,0.29,0.12,1.33,1.17,2.07,1.53,1,0,4,5,3,1,2,1,2,1,0.2243,0.0,0.8281,1.0614,0.1904,0.027,0.0591,0.0663,0.0516,0.0169,10,4,0,1,0,2,2,1,0,0,1.0652,0.6043,0.0,0.4499,0.0,0.0511,0.2884,0.0663,0.0,0.0,12,8,16.56,16.59
4219151,2023-08-12,fra,2023/2024,Ligue 1,1,Bastien Dechepy,9847,Paris Saint-Germain,8689,Lorient,1,0,0,78,22,20,4,4,0,8,3,8,1,0,1,11,1,9,3,9,2,1,0,1,0,46,9,8,6,0,0,0,0,0,0,10,13,8,15,1,8,6,31,0,4,33,36,24.0,24.0,9.0,12.0,9.0,3.0,1001,286,939.0,218.0,186,149,753,69,17.0,14.0,9.0,0.0,1.24,0.12,1.15,0.12,0.09,0.01,1.24,0.12,0.54,0.0,0,0,7,0,4,1,5,1,4,2,0.0,0.0,0.7271,0.0,0.1531,0.0465,0.2548,0.0123,0.1023,0.0644,18,2,0,1,1,1,1,0,0,0,1.1507,0.1028,0.0,0.0123,0.0334,0.0081,0.0534,0.0,0.0,0.0,20,4,17.93,27.02
4219151,2023-08-12,fra,2023/2024,Ligue 1,1,Bastien Dechepy,8689,Lorient,9847,Paris Saint-Germain,0,0,0,22,78,4,20,0,4,3,8,1,8,1,0,1,11,3,9,2,9,0,1,0,1,9,46,6,8,0,0,0,0,0,0,13,10,15,8,8,1,31,6,4,0,36,33,24.0,24.0,12.0,9.0,3.0,9.0,286,1001,218.0,939.0,149,186,69,753,14.0,17.0,0.0,9.0,0.12,1.24,0.12,1.15,0.01,0.09,0.12,1.24,0.0,0.54,0,0,0,7,1,4,1,5,2,4,0.0,0.0,0.0,0.7271,0.0465,0.1531,0.0123,0.2548,0.0644,0.1023,2,18,1,0,1,1,0,1,0,0,0.1028,1.1507,0.0123,0.0,0.0081,0.0334,0.0,0.0534,0.0,0.0,4,20,27.02,17.93
4219154,2023-08-12,fra,2023/2024,Ligue 1,1,Eric Wattellier,8592,Marseille,9837,Reims,1,2,1,42,58,14,11,4,4,6,4,4,3,0,0,8,7,6,4,10,10,3,2,2,2,,,7,16,1,3,0,0,3,4,15,16,16,9,3,3,27,18,3,2,54,47,39.0,31.0,15.0,16.0,10.0,8.0,309,426,238.0,349.0,121,196,117,153,20.0,30.0,6.0,6.0,1.04,0.77,0.73,0.41,0.31,0.36,1.04,0.77,1.24,0.68,2,0,5,6,2,1,3,3,2,1,0.297,0.0,0.3009,0.4468,0.2123,0.2428,0.1673,0.0543,0.0652,0.0264,7,4,0,1,5,5,2,1,0,0,0.7342,0.3887,0.0,0.0248,0.1074,0.1812,0.2012,0.1756,0.0,0.0,14,11,15.6,17.64
4219154,2023-08-12,fra,2023/2024,Ligue 1,1,Eric Wattellier,9837,Reims,8592,Marseille,0,1,2,58,42,11,14,4,4,4,6,3,4,0,0,7,8,4,6,10,10,2,3,2,2,,,16,7,3,1,0,0,4,3,16,15,9,16,3,3,18,27,2,3,47,54,31.0,39.0,16.0,15.0,8.0,10.0,426,309,349.0,238.0,196,121,153,117,30.0,20.0,6.0,6.0,0.77,1.04,0.41,0.73,0.36,0.31,0.77,1.04,0.68,1.24,0,2,6,5,1,2,3,3,1,2,0.0,0.297,0.4468,0.3009,0.2428,0.2123,0.0543,0.1673,0.0264,0.0652,4,7,1,0,5,5,1,2,0,0,0.3887,0.7342,0.0248,0.0,0.1812,0.1074,0.1756,0.2012,0.0,0.0,11,14,17.64,15.6
4219152,2023-08-13,fra,2023/2024,Ligue 1,1,Jérôme Brisard,9848,Strasbourg,9748,Lyon,1,2,1,36,64,8,23,2,7,3,8,3,8,0,1,5,15,3,8,1,6,1,3,0,2,,,8,11,2,2,0,0,3,2,24,16,13,9,6,3,19,13,6,0,55,54,48.0,37.0,7.0,17.0,14.0,13.0,312,577,234.0,508.0,132,276,102,232,24.0,34.0,1.0,6.0,1.28,1.77,1.22,1.24,0.05,0.52,1.28,1.77,0.86,1.77,1,1,2,10,2,4,2,5,1,3,0.84,0.413,0.2739,0.8545,0.0877,0.2393,0.0326,0.1962,0.0425,0.0667,4,12,2,0,0,9,2,2,0,0,0.9484,0.8306,0.2739,0.0,0.0,0.8238,0.0544,0.1154,0.0,0.0,8,23,19.01,16.89
4219152,2023-08-13,fra,2023/2024,Ligue 1,1,Jérôme Brisard,9748,Lyon,9848,Strasbourg,0,1,2,64,36,23,8,7,2,8,3,8,3,1,0,15,5,8,3,6,1,3,1,2,0,,,11,8,2,2,0,0,2,3,16,24,9,13,3,6,13,19,0,6,54,55,37.0,48.0,17.0,7.0,13.0,14.0,577,312,508.0,234.0,276,132,232,102,34.0,24.0,6.0,1.0,1.77,1.28,1.24,1.22,0.52,0.05,1.77,1.28,1.77,0.86,1,1,10,2,4,2,5,2,3,1,0.413,0.84,0.8545,0.2739,0.2393,0.0877,0.1962,0.0326,0.0667,0.0425,12,4,0,2,9,0,2,2,0,0,0.8306,0.9484,0.0,0.2739,0.8238,0.0,0.1154,0.0544,0.0,0.0,23,8,16.89,19.01
4219153,2023-08-13,fra,2023/2024,Ligue 1,1,Jeremy Stinat,9851,Rennes,8550,Metz,1,5,1,70,30,29,9,14,3,7,2,8,4,0,0,23,6,6,3,5,4,5,1,2,1,,,7,10,0,2,0,0,1,4,18,17,7,11,4,7,11,17,3,9,55,39,47.0,30.0,8.0,9.0,19.0,7.0,707,286,650.0,233.0,295,127,355,106,21.0,28.0,7.0,7.0,4.08,0.45,3.99,0.26,0.09,0.19,4.08,0.45,5.02,0.87,3,0,13,4,7,2,4,2,2,1,1.7972,0.0,2.016,0.2403,0.3182,0.1104,0.1478,0.079,0.0321,0.0213,25,5,2,0,1,3,1,1,0,0,4.0288,0.2577,0.1897,0.0,0.059,0.1722,0.0338,0.021,0.0,0.0,29,9,15.21,15.56
4219153,2023-08-13,fra,2023/2024,Ligue 1,1,Jeremy Stinat,8550,Metz,9851,Rennes,0,1,5,30,70,9,29,3,14,2,7,4,8,0,0,6,23,3,6,4,5,1,5,1,2,,,10,7,2,0,0,0,4,1,17,18,11,7,7,4,17,11,9,3,39,55,30.0,47.0,9.0,8.0,7.0,19.0,286,707,233.0,650.0,127,295,106,355,28.0,21.0,7.0,7.0,0.45,4.08,0.26,3.99,0.19,0.09,0.45,4.08,0.87,5.02,0,3,4,13,2,7,2,4,1,2,0.0,1.7972,0.2403,2.016,0.1104,0.3182,0.079,0.1478,0.0213,0.0321,5,25,0,2,3,1,1,1,0,0,0.2577,4.0288,0.0,0.1897,0.1722,0.059,0.021,0.0338,0.0,0.0,9,29,15.56,15.21
4219155,2023-08-13,fra,2023/2024,Ligue 1,1,François Letexier,8311,Clermont Foot,9829,Monaco,1,2,4,54,46,15,14,7,8,7,2,1,4,1,2,9,10,6,4,6,2,4,4,3,0,,,7,16,0,4,0,0,3,1,16,24,15,19,4,1,12,14,4,5,47,45,35.0,35.0,12.0,10.0,5.0,5.0,538,455,460.0,365.0,281,201,179,164,22.0,19.0,6.0,2.0,1.75,2.46,1.28,2.41,0.47,0.05,1.75,2.46,1.4,3.37,0,4,7,3,2,3,4,4,2,0,0.0,2.0107,1.3067,0.2584,0.2987,0.1125,0.1204,0.1061,0.0282,0.0,9,12,1,0,2,2,3,0,0,0,0.7754,2.4344,0.507,0.0,0.0489,0.0533,0.4228,0.0,0.0,0.0,15,14,18.29,14.78
4219155,2023-08-13,fra,2023/2024,Ligue 1,1,François Letexier,9829,Monaco,8311,Clermont Foot,0,4,2,46,54,14,15,8,7,2,7,4,1,2,1,10,9,4,6,2,6,4,4,0,3,,,16,7,4,0,0,0,1,3,24,16,19,15,1,4,14,12,5,4,45,47,35.0,35.0,10.0,12.0,5.0,5.0,455,538,365.0,460.0,201,281,164,179,19.0,22.0,2.0,6.0,2.46,1.75,2.41,1.28,0.05,0.47,2.46,1.75,3.37,1.4,4,0,3,7,3,2,4,4,0,2,2.0107,0.0,0.2584,1.3067,0.1125,0.2987,0.1061,0.1204,0.0,0.0282,12,9,0,1,2,2,0,3,0,0,2.4344,0.7754,0.0,0.507,0.0533,0.0489,0.0,0.4228,0.0,0.0,14,15,14.78,18.29
4219156,2023-08-13,fra,2023/2024,Ligue 1,1,Willy Delajod,9830,Nantes,9941,Toulouse,1,1,2,44,56,9,9,4,5,3,2,2,2,0,0,7,7,2,2,7,5,1,5,0,3,,,14,14,2,2,0,0,2,2,10,12,12,3,2,2,15,13,3,3,40,50,31.0,30.0,9.0,20.0,8.0,5.0,434,578,366.0,489.0,212,211,154,278,20.0,25.0,6.0,2.0,1.06,1.22,0.2,0.95,0.07,0.27,0.27,1.22,1.23,1.98,0,3,5,2,2,2,2,2,0,0,0.0,0.6702,0.9411,0.3704,0.0482,0.0775,0.0739,0.0988,0.0,0.0,5,6,0,0,2,2,1,1,1,0,0.204,0.9507,0.0,0.0,0.0376,0.2205,0.0332,0.0458,0.7884,0.0,9,9,15.44,13.35
4219156,2023-08-13,fra,2023/2024,Ligue 1,1,Willy Delajod,9941,Toulouse,9830,Nantes,0,2,1,56,44,9,9,5,4,2,3,2,2,0,0,7,7,2,2,5,7,5,1,3,0,,,14,14,2,2,0,0,2,2,12,10,3,12,2,2,13,15,3,3,50,40,30.0,31.0,20.0,9.0,5.0,8.0,578,434,489.0,366.0,211,212,278,154,25.0,20.0,2.0,6.0,1.22,1.06,0.95,0.2,0.27,0.07,1.22,0.27,1.98,1.23,3,0,2,5,2,2,2,2,0,0,0.6702,0.0,0.3704,0.9411,0.0775,0.0482,0.0988,0.0739,0.0,0.0,6,5,0,0,2,2,1,1,0,1,0.9507,0.204,0.0,0.0,0.2205,0.0376,0.0458,0.0332,0.0,0.7884,9,9,13.35,15.44
4219157,2023-08-13,fra,2023/2024,Ligue 1,1,Clément Turpin,10249,Montpellier,9746,Le Havre,1,2,2,58,42,14,12,5,4,5,7,4,1,0,0,11,6,3,6,4,2,2,2,1,1,20,21,8,12,1,2,0,0,5,0,17,12,7,9,1,4,15,19,2,3,54,46,36.0,29.0,18.0,17.0,8.0,9.0,491,357,404.0,265.0,224,105,180,160,33.0,21.0,4.0,2.0,1.62,1.1,1.14,0.5,0.48,0.6,1.62,1.1,1.44,1.2,1,2,7,2,3,2,2,4,1,2,0.2546,0.5593,1.0283,0.0946,0.2148,0.1864,0.1168,0.2152,0.0083,0.0426,4,7,3,1,2,1,5,3,0,0,0.3191,0.4757,0.825,0.0206,0.272,0.0261,0.2066,0.5757,0.0,0.0,14,12,14.94,20.4
4219157,2023-08-13,fra,2023/2024,Ligue 1,1,Clément Turpin,9746,Le Havre,10249,Montpellier,0,2,2,42,58,12,14,4,5,7,5,1,4,0,0,6,11,6,3,2,4,2,2,1,1,21,20,12,8,2,1,0,0,0,5,12,17,9,7,4,1,19,15,3,2,46,54,29.0,36.0,17.0,18.0,9.0,8.0,357,491,265.0,404.0,105,224,160,180,21.0,33.0,2.0,4.0,1.1,1.62,0.5,1.14,0.6,0.48,1.1,1.62,1.2,1.44,2,1,2,7,2,3,4,2,2,1,0.5593,0.2546,0.0946,1.0283,0.1864,0.2148,0.2152,0.1168,0.0426,0.0083,7,4,1,3,1,2,3,5,0,0,0.4757,0.3191,0.0206,0.825,0.0261,0.272,0.5757,0.2066,0.0,0.0,12,14,20.4,14.94
4219158,2023-08-13,fra,2023/2024,Ligue 1,1,Jérémie Pignard,8521,Brest,8588,Lens,1,3,2,48,52,15,8,8,2,4,3,3,3,0,1,9,5,6,3,6,8,4,1,2,0,20,19,13,15,2,4,0,0,0,4,19,22,8,5,3,3,21,19,0,5,59,63,44.0,44.0,15.0,19.0,10.0,9.0,359,395,289.0,301.0,153,151,136,150,32.0,24.0,6.0,5.0,2.55,0.71,0.81,0.59,0.17,0.12,0.97,0.71,3.83,0.8,2,1,5,1,2,3,4,2,2,1,0.5329,0.1183,1.7228,0.1686,0.0572,0.3141,0.2086,0.091,0.0276,0.0135,8,6,1,1,2,1,2,0,2,0,0.7324,0.5579,0.0726,0.0293,0.0603,0.1183,0.107,0.0,1.5768,0.0,15,8,17.79,16.44
4219158,2023-08-13,fra,2023/2024,Ligue 1,1,Jérémie Pignard,8588,Lens,8521,Brest,0,2,3,52,48,8,15,2,8,3,4,3,3,1,0,5,9,3,6,8,6,1,4,0,2,19,20,15,13,4,2,0,0,4,0,22,19,5,8,3,3,19,21,5,0,63,59,44.0,44.0,19.0,15.0,9.0,10.0,395,359,301.0,289.0,151,153,150,136,24.0,32.0,5.0,6.0,0.71,2.55,0.59,0.81,0.12,0.17,0.71,0.97,0.8,3.83,1,2,1,5,3,2,2,4,1,2,0.1183,0.5329,0.1686,1.7228,0.3141,0.0572,0.091,0.2086,0.0135,0.0276,6,8,1,1,1,2,0,2,0,2,0.5579,0.7324,0.0293,0.0726,0.1183,0.0603,0.0,0.107,0.0,1.5768,8,15,16.44,17.79
4219273,2023-08-18,fra,2023/2024,Ligue 1,2,Jérôme Brisard,8550,Metz,8592,Marseille,1,2,2,43,57,10,22,5,5,3,12,2,5,0,3,4,15,6,7,4,9,0,1,0,1,,,15,9,3,2,1,0,0,2,14,11,12,7,5,2,31,22,3,3,35,52,30.0,34.0,5.0,18.0,7.0,8.0,361,477,278.0,403.0,148,162,130,241,19.0,19.0,4.0,11.0,0.48,1.94,0.37,1.24,0.1,0.69,0.48,1.94,1.33,0.93,0,0,2,11,2,4,2,7,4,0,0.0,0.0,0.3049,1.3468,0.0622,0.2255,0.0322,0.3631,0.0758,0.0,7,14,1,1,1,3,1,4,0,0,0.3292,1.0916,0.0451,0.1509,0.0871,0.1132,0.0138,0.5796,0.0,0.0,10,22,22.81,15.45
4219273,2023-08-18,fra,2023/2024,Ligue 1,2,Jérôme Brisard,8592,Marseille,8550,Metz,0,2,2,57,43,22,10,5,5,12,3,5,2,3,0,15,4,7,6,9,4,1,0,1,0,,,9,15,2,3,0,1,2,0,11,14,7,12,2,5,22,31,3,3,52,35,34.0,30.0,18.0,5.0,8.0,7.0,477,361,403.0,278.0,162,148,241,130,19.0,19.0,11.0,4.0,1.94,0.48,1.24,0.37,0.69,0.1,1.94,0.48,0.93,1.33,0,0,11,2,4,2,7,2,0,4,0.0,0.0,1.3468,0.3049,0.2255,0.0622,0.3631,0.0322,0.0,0.0758,14,7,1,1,3,1,4,1,0,0,1.0916,0.3292,0.1509,0.0451,0.1132,0.0871,0.5796,0.0138,0.0,0.0,22,10,15.45,22.81
4219265,2023-08-19,fra,2023/2024,Ligue 1,2,Thomas Léonard,9941,Toulouse,9847,Paris Saint-Germain,1,1,1,24,76,8,16,2,3,4,6,2,7,0,0,5,14,3,2,5,5,1,2,0,1,12,30,8,11,0,3,0,0,1,3,14,14,11,6,7,2,14,6,2,1,37,39,29.0,32.0,8.0,7.0,5.0,11.0,232,767,169.0,698.0,106,319,63,379,18.0,28.0,3.0,4.0,1.22,2.16,0.43,1.14,0.0,0.23,0.43,1.37,1.01,1.15,0,1,4,8,1,5,3,1,0,1,0.0,0.1277,1.1167,1.8156,0.0322,0.179,0.0724,0.0223,0.0,0.0136,5,10,2,2,0,3,0,0,1,1,0.2276,0.6208,0.2052,0.5155,0.0,0.2336,0.0,0.0,0.7884,0.7884,8,16,19.16,14.85
4219265,2023-08-19,fra,2023/2024,Ligue 1,2,Thomas Léonard,9847,Paris Saint-Germain,9941,Toulouse,0,1,1,76,24,16,8,3,2,6,4,7,2,0,0,14,5,2,3,5,5,2,1,1,0,30,12,11,8,3,0,0,0,3,1,14,14,6,11,2,7,6,14,1,2,39,37,32.0,29.0,7.0,8.0,11.0,5.0,767,232,698.0,169.0,319,106,379,63,28.0,18.0,4.0,3.0,2.16,1.22,1.14,0.43,0.23,0.0,1.37,0.43,1.15,1.01,1,0,8,4,5,1,1,3,1,0,0.1277,0.0,1.8156,1.1167,0.179,0.0322,0.0223,0.0724,0.0136,0.0,10,5,2,2,3,0,0,0,1,1,0.6208,0.2276,0.5155,0.2052,0.2336,0.0,0.0,0.0,0.7884,0.7884,16,8,14.85,19.16
4219269,2023-08-19,fra,2023/2024,Ligue 1,2,Mathieu Vernice,9748,Lyon,10249,Montpellier,1,1,4,64,36,7,14,3,8,3,4,1,2,0,0,3,7,4,7,6,2,1,6,1,2,,,20,9,4,1,1,0,2,4,20,18,5,9,2,1,6,16,4,2,51,53,44.0,48.0,7.0,5.0,16.0,10.0,533,299,459.0,239.0,186,154,273,85,20.0,24.0,1.0,1.0,0.36,2.92,0.28,2.8,0.09,0.12,0.36,2.92,0.66,3.12,0,0,1,6,2,1,3,5,1,2,0.0,0.0,0.0816,2.0712,0.1216,0.6398,0.146,0.1711,0.0125,0.0374,6,8,0,3,0,2,1,1,0,0,0.2763,1.2497,0.0,1.5489,0.0,0.0893,0.0856,0.0317,0.0,0.0,7,14,19.88,19.51
4219269,2023-08-19,fra,2023/2024,Ligue 1,2,Mathieu Vernice,10249,Montpellier,9748,Lyon,0,4,1,36,64,14,7,8,3,4,3,2,1,0,0,7,3,7,4,2,6,6,1,2,1,,,9,20,1,4,0,1,4,2,18,20,9,5,1,2,16,6,2,4,53,51,48.0,44.0,5.0,7.0,10.0,16.0,299,533,239.0,459.0,154,186,85,273,24.0,20.0,1.0,1.0,2.92,0.36,2.8,0.28,0.12,0.09,2.92,0.36,3.12,0.66,0,0,6,1,1,2,5,3,2,1,0.0,0.0,2.0712,0.0816,0.6398,0.1216,0.1711,0.146,0.0374,0.0125,8,6,3,0,2,0,1,1,0,0,1.2497,0.2763,1.5489,0.0,0.0893,0.0,0.0317,0.0856,0.0,0.0,14,7,19.51,19.88
4219266,2023-08-20,fra,2023/2024,Ligue 1,2,Hakim Ben El Hadj Salem,8689,Lorient,9831,Nice,1,1,1,40,60,9,21,2,8,3,7,4,6,0,0,5,12,4,9,0,9,1,3,0,2,,,8,10,1,1,0,0,3,1,21,15,7,9,6,4,24,2,7,1,50,42,40.0,31.0,10.0,11.0,9.0,9.0,459,673,400.0,626.0,246,293,154,333,15.0,24.0,2.0,5.0,0.85,1.75,0.85,1.39,0.0,0.35,0.85,1.75,1.09,1.36,0,1,3,9,2,2,2,6,2,3,0.0,0.0395,0.5309,1.2297,0.199,0.1195,0.0674,0.2276,0.0512,0.1335,9,17,0,0,0,3,0,1,0,0,0.8486,1.3949,0.0,0.0,0.0,0.288,0.0,0.0669,0.0,0.0,9,21,19.21,17.09
4219266,2023-08-20,fra,2023/2024,Ligue 1,2,Hakim Ben El Hadj Salem,9831,Nice,8689,Lorient,0,1,1,60,40,21,9,8,2,7,3,6,4,0,0,12,5,9,4,9,0,3,1,2,0,,,10,8,1,1,0,0,1,3,15,21,9,7,4,6,2,24,1,7,42,50,31.0,40.0,11.0,10.0,9.0,9.0,673,459,626.0,400.0,293,246,333,154,24.0,15.0,5.0,2.0,1.75,0.85,1.39,0.85,0.35,0.0,1.75,0.85,1.36,1.09,1,0,9,3,2,2,6,2,3,2,0.0395,0.0,1.2297,0.5309,0.1195,0.199,0.2276,0.0674,0.1335,0.0512,17,9,0,0,3,0,1,0,0,0,1.3949,0.8486,0.0,0.0,0.288,0.0,0.0669,0.0,0.0,0.0,21,9,17.09,19.21
4219267,2023-08-20,fra,2023/2024,Ligue 1,2,Ruddy Buquet,9829,Monaco,9848,Strasbourg,1,3,0,56,44,9,4,4,1,4,2,1,1,0,0,4,3,5,1,4,3,2,0,1,0,,,19,16,2,1,0,0,3,2,22,12,9,13,1,1,12,16,1,1,60,60,51.0,48.0,9.0,12.0,14.0,18.0,570,438,469.0,358.0,253,222,216,136,31.0,26.0,4.0,3.0,1.04,0.5,1.04,0.15,0.0,0.35,1.04,0.5,1.28,0.03,1,1,2,1,1,1,4,1,1,0,0.2964,0.3207,0.2233,0.1228,0.0126,0.0257,0.3037,0.0273,0.0394,0.0,8,2,1,0,0,0,0,2,0,0,0.7273,0.1485,0.1482,0.0,0.0,0.0,0.0,0.3481,0.0,0.0,9,4,17.09,16.52
4219267,2023-08-20,fra,2023/2024,Ligue 1,2,Ruddy Buquet,9848,Strasbourg,9829,Monaco,0,0,3,44,56,4,9,1,4,2,4,1,1,0,0,3,4,1,5,3,4,0,2,0,1,,,16,19,1,2,0,0,2,3,12,22,13,9,1,1,16,12,1,1,60,60,48.0,51.0,12.0,9.0,18.0,14.0,438,570,358.0,469.0,222,253,136,216,26.0,31.0,3.0,4.0,0.5,1.04,0.15,1.04,0.35,0.0,0.5,1.04,0.03,1.28,1,1,1,2,1,1,1,4,0,1,0.3207,0.2964,0.1228,0.2233,0.0257,0.0126,0.0273,0.3037,0.0,0.0394,2,8,0,1,0,0,2,0,0,0,0.1485,0.7273,0.0,0.1482,0.0,0.0,0.3481,0.0,0.0,0.0,4,9,16.52,17.09
4219268,2023-08-20,fra,2023/2024,Ligue 1,2,Pierre Gaillouste,8639,Lille,9830,Nantes,1,2,0,64,36,18,14,8,4,4,2,6,8,1,0,10,5,8,9,7,5,5,2,4,2,,,8,15,0,2,1,0,0,5,11,15,6,6,8,7,16,22,4,5,44,38,36.0,29.0,8.0,9.0,10.0,7.0,548,293,482.0,236.0,132,139,350,97,14.0,16.0,3.0,2.0,2.37,1.08,2.16,0.8,0.21,0.28,2.37,1.08,3.16,1.07,5,0,3,2,2,3,5,6,3,3,1.4342,0.0,0.4701,0.5433,0.237,0.1875,0.2641,0.2653,0.1122,0.0858,13,9,2,0,1,2,2,3,0,0,1.9046,0.8007,0.4025,0.0,0.128,0.0779,0.0826,0.2032,0.0,0.0,18,14,14.61,21.21
4219268,2023-08-20,fra,2023/2024,Ligue 1,2,Pierre Gaillouste,9830,Nantes,8639,Lille,0,0,2,36,64,14,18,4,8,2,4,8,6,0,1,5,10,9,8,5,7,2,5,2,4,,,15,8,2,0,0,1,5,0,15,11,6,6,7,8,22,16,5,4,38,44,29.0,36.0,9.0,8.0,7.0,10.0,293,548,236.0,482.0,139,132,97,350,16.0,14.0,2.0,3.0,1.08,2.37,0.8,2.16,0.28,0.21,1.08,2.37,1.07,3.16,0,5,2,3,3,2,6,5,3,3,0.0,1.4342,0.5433,0.4701,0.1875,0.237,0.2653,0.2641,0.0858,0.1122,9,13,0,2,2,1,3,2,0,0,0.8007,1.9046,0.0,0.4025,0.0779,0.128,0.2032,0.0826,0.0,0.0,14,18,21.21,14.61
4219270,2023-08-20,fra,2023/2024,Ligue 1,2,Romain Lissorgue,9837,Reims,8311,Clermont Foot,1,2,0,46,54,8,11,4,4,2,6,2,1,1,0,7,7,1,4,3,10,4,0,2,0,,,9,6,0,0,0,0,5,2,16,26,11,12,1,2,22,11,4,2,38,61,30.0,49.0,8.0,12.0,8.0,14.0,419,472,327.0,384.0,181,208,146,176,34.0,28.0,3.0,5.0,2.36,0.43,1.91,0.36,0.44,0.07,2.36,0.43,3.61,1.39,4,0,1,4,2,3,0,2,1,2,2.0106,0.0,0.5735,0.1543,0.0939,0.0938,0.0,0.1263,0.008,0.0545,4,9,3,0,1,2,0,0,0,0,0.204,0.3581,2.0388,0.0,0.4433,0.0708,0.0,0.0,0.0,0.0,8,11,12.79,17.09
4219270,2023-08-20,fra,2023/2024,Ligue 1,2,Romain Lissorgue,8311,Clermont Foot,9837,Reims,0,0,2,54,46,11,8,4,4,6,2,1,2,0,1,7,7,4,1,10,3,0,4,0,2,,,6,9,0,0,0,0,2,5,26,16,12,11,2,1,11,22,2,4,61,38,49.0,30.0,12.0,8.0,14.0,8.0,472,419,384.0,327.0,208,181,176,146,28.0,34.0,5.0,3.0,0.43,2.36,0.36,1.91,0.07,0.44,0.43,2.36,1.39,3.61,0,4,4,1,3,2,2,0,2,1,0.0,2.0106,0.1543,0.5735,0.0938,0.0939,0.1263,0.0,0.0545,0.008,9,4,0,3,2,1,0,0,0,0,0.3581,0.204,0.0,2.0388,0.0708,0.4433,0.0,0.0,0.0,0.0,11,8,17.09,12.79
4219271,2023-08-20,fra,2023/2024,Ligue 1,2,Benoît Millot,8588,Lens,9851,Rennes,1,1,1,50,50,15,10,4,5,9,4,2,1,1,0,8,6,7,4,11,0,2,2,2,1,,,15,10,2,1,0,0,1,1,15,14,3,9,1,2,5,23,4,3,41,46,27.0,33.0,14.0,13.0,3.0,5.0,478,503,403.0,418.0,167,245,236,173,23.0,22.0,10.0,0.0,0.98,1.42,0.69,0.63,0.29,0.0,0.98,0.63,0.69,1.97,2,0,3,4,3,2,5,3,2,1,0.1768,0.0,0.3217,1.1529,0.1168,0.0864,0.3011,0.184,0.0642,0.0228,9,8,0,1,3,0,3,0,0,1,0.6908,0.5272,0.0,0.1305,0.1145,0.0,0.1754,0.0,0.0,0.7884,15,10,17.36,17.63
4219271,2023-08-20,fra,2023/2024,Ligue 1,2,Benoît Millot,9851,Rennes,8588,Lens,0,1,1,50,50,10,15,5,4,4,9,1,2,0,1,6,8,4,7,0,11,2,2,1,2,,,10,15,1,2,0,0,1,1,14,15,9,3,2,1,23,5,3,4,46,41,33.0,27.0,13.0,14.0,5.0,3.0,503,478,418.0,403.0,245,167,173,236,22.0,23.0,0.0,10.0,1.42,0.98,0.63,0.69,0.0,0.29,0.63,0.98,1.97,0.69,0,2,4,3,2,3,3,5,1,2,0.0,0.1768,1.1529,0.3217,0.0864,0.1168,0.184,0.3011,0.0228,0.0642,8,9,1,0,0,3,0,3,1,0,0.5272,0.6908,0.1305,0.0,0.0,0.1145,0.0,0.1754,0.7884,0.0,10,15,17.63,17.36
4219272,2023-08-20,fra,2023/2024,Ligue 1,2,Florent Batta,9746,Le Havre,8521,Brest,1,1,2,56,44,18,10,7,5,6,3,5,2,0,0,12,7,6,3,5,3,0,3,0,2,,,18,15,0,2,0,0,4,2,15,23,6,10,2,5,13,17,3,6,77,68,48.0,47.0,29.0,21.0,20.0,6.0,462,355,362.0,259.0,199,153,163,106,22.0,32.0,5.0,4.0,1.25,1.09,0.89,0.76,0.36,0.33,1.25,1.09,1.53,1.66,1,0,9,7,2,0,4,2,2,1,0.1555,0.0,0.7413,0.9513,0.0871,0.0,0.1903,0.1207,0.0728,0.0149,13,4,0,2,5,2,0,2,0,0,0.8852,0.4986,0.0,0.2605,0.3618,0.1475,0.0,0.1804,0.0,0.0,18,10,17.2,15.12
4219272,2023-08-20,fra,2023/2024,Ligue 1,2,Florent Batta,8521,Brest,9746,Le Havre,0,2,1,44,56,10,18,5,7,3,6,2,5,0,0,7,12,3,6,3,5,3,0,2,0,,,15,18,2,0,0,0,2,4,23,15,10,6,5,2,17,13,6,3,68,77,47.0,48.0,21.0,29.0,6.0,20.0,355,462,259.0,362.0,153,199,106,163,32.0,22.0,4.0,5.0,1.09,1.25,0.76,0.89,0.33,0.36,1.09,1.25,1.66,1.53,0,1,7,9,0,2,2,4,1,2,0.0,0.1555,0.9513,0.7413,0.0,0.0871,0.1207,0.1903,0.0149,0.0728,4,13,2,0,2,5,2,0,0,0,0.4986,0.8852,0.2605,0.0,0.1475,0.3618,0.1804,0.0,0.0,0.0,10,18,15.12,17.2
4219281,2023-08-25,fra,2023/2024,Ligue 1,3,Jérémie Pignard,9830,Nantes,9829,Monaco,1,3,3,34,66,3,27,3,10,0,11,0,6,0,2,3,17,0,10,1,10,1,8,0,5,,,8,7,2,2,0,0,2,2,19,17,11,10,6,0,26,6,6,0,42,35,31.0,29.0,11.0,6.0,6.0,6.0,364,698,282.0,605.0,146,209,136,396,33.0,25.0,1.0,5.0,1.03,3.32,0.19,2.31,0.05,1.01,0.25,3.32,1.6,4.27,0,4,3,10,0,3,0,7,0,3,0.0,1.9078,1.0344,1.5891,0.0,0.0936,0.0,0.1913,0.0,0.0957,1,20,0,0,1,6,0,1,1,0,0.193,2.5496,0.0,0.0,0.0531,1.2958,0.0,0.0322,0.7884,0.0,3,27,10.31,16.57
4219281,2023-08-25,fra,2023/2024,Ligue 1,3,Jérémie Pignard,9829,Monaco,9830,Nantes,0,3,3,66,34,27,3,10,3,11,0,6,0,2,0,17,3,10,0,10,1,8,1,5,0,,,7,8,2,2,0,0,2,2,17,19,10,11,0,6,6,26,0,6,35,42,29.0,31.0,6.0,11.0,6.0,6.0,698,364,605.0,282.0,209,146,396,136,25.0,33.0,5.0,1.0,3.32,1.03,2.31,0.19,1.01,0.05,3.32,0.25,4.27,1.6,4,0,10,3,3,0,7,0,3,0,1.9078,0.0,1.5891,1.0344,0.0936,0.0,0.1913,0.0,0.0957,0.0,20,1,0,0,6,1,1,0,0,1,2.5496,0.193,0.0,0.0,1.2958,0.0531,0.0322,0.0,0.0,0.7884,27,3,16.57,10.31
4219274,2023-08-26,fra,2023/2024,Ligue 1,3,François Letexier,9847,Paris Saint-Germain,8588,Lens,1,3,1,66,34,17,12,7,4,6,7,4,1,0,0,11,7,6,5,5,5,3,0,3,0,35,13,8,16,0,5,0,0,1,2,15,29,4,8,1,5,11,7,3,3,49,50,45.0,43.0,4.0,7.0,15.0,6.0,733,358,675.0,289.0,403,116,272,173,22.0,12.0,2.0,4.0,1.54,0.47,1.5,0.34,0.04,0.14,1.54,0.47,1.29,1.09,0,0,6,3,5,4,5,4,1,1,0.0,0.0,0.8009,0.1562,0.3918,0.146,0.3089,0.1223,0.0353,0.05,15,8,1,0,0,2,1,2,0,0,1.3683,0.336,0.1334,0.0,0.0,0.0703,0.0353,0.0682,0.0,0.0,17,12,18.88,19.09
4219274,2023-08-26,fra,2023/2024,Ligue 1,3,François Letexier,8588,Lens,9847,Paris Saint-Germain,0,1,3,34,66,12,17,4,7,7,6,1,4,0,0,7,11,5,6,5,5,0,3,0,3,13,35,16,8,5,0,0,0,2,1,29,15,8,4,5,1,7,11,3,3,50,49,43.0,45.0,7.0,4.0,6.0,15.0,358,733,289.0,675.0,116,403,173,272,12.0,22.0,4.0,2.0,0.47,1.54,0.34,1.5,0.14,0.04,0.47,1.54,1.09,1.29,0,0,3,6,4,5,4,5,1,1,0.0,0.0,0.1562,0.8009,0.146,0.3918,0.1223,0.3089,0.05,0.0353,8,15,0,1,2,0,2,1,0,0,0.336,1.3683,0.0,0.1334,0.0703,0.0,0.0682,0.0353,0.0,0.0,12,17,19.09,18.88
4219277,2023-08-26,fra,2023/2024,Ligue 1,3,Jeremy Stinat,8592,Marseille,8521,Brest,1,2,0,44,56,15,18,6,7,5,5,4,6,0,0,15,12,0,6,3,10,6,3,4,3,,,4,8,0,1,0,0,2,1,21,17,9,11,7,4,28,13,7,4,49,44,38.0,27.0,11.0,17.0,9.0,7.0,412,507,347.0,436.0,199,212,148,224,26.0,42.0,4.0,9.0,2.97,1.53,2.43,1.35,0.53,0.18,2.97,1.53,3.07,1.72,3,1,10,7,2,4,0,5,0,1,0.72,0.5356,2.2655,0.5726,0.1118,0.2291,0.0,0.1751,0.0,0.0127,6,11,5,2,3,4,1,1,0,0,1.2131,1.1857,1.3493,0.1631,0.3715,0.1219,0.1634,0.0544,0.0,0.0,15,18,12.39,16.18
4219277,2023-08-26,fra,2023/2024,Ligue 1,3,Jeremy Stinat,8521,Brest,8592,Marseille,0,0,2,56,44,18,15,7,6,5,5,6,4,0,0,12,15,6,0,10,3,3,6,3,4,,,8,4,1,0,0,0,1,2,17,21,11,9,4,7,13,28,4,7,44,49,27.0,38.0,17.0,11.0,7.0,9.0,507,412,436.0,347.0,212,199,224,148,42.0,26.0,9.0,4.0,1.53,2.97,1.35,2.43,0.18,0.53,1.53,2.97,1.72,3.07,1,3,7,10,4,2,5,0,1,0,0.5356,0.72,0.5726,2.2655,0.2291,0.1118,0.1751,0.0,0.0127,0.0,11,6,2,5,4,3,1,1,0,0,1.1857,1.2131,0.1631,1.3493,0.1219,0.3715,0.0544,0.1634,0.0,0.0,18,15,16.18,12.39
4219275,2023-08-27,fra,2023/2024,Ligue 1,3,Benoît Bastien,9848,Strasbourg,9941,Toulouse,1,2,0,39,61,11,7,3,1,6,3,2,3,0,0,8,5,3,2,3,3,5,0,3,0,,,16,17,1,3,0,0,0,2,16,20,10,7,2,2,13,16,1,1,53,62,41.0,47.0,12.0,15.0,9.0,12.0,353,576,291.0,478.0,217,293,74,185,27.0,29.0,6.0,4.0,3.39,0.34,3.33,0.2,0.06,0.14,3.39,0.34,1.69,0.41,3,0,4,2,1,3,1,1,2,1,2.3296,0.0,0.9956,0.1565,0.0211,0.1243,0.0305,0.0373,0.0685,0.0227,8,5,2,0,1,2,0,0,0,0,2.5659,0.1992,0.8491,0.0,0.0303,0.1416,0.0,0.0,0.0,0.0,11,7,14.79,16.56
4219275,2023-08-27,fra,2023/2024,Ligue 1,3,Benoît Bastien,9941,Toulouse,9848,Strasbourg,0,0,2,61,39,7,11,1,3,3,6,3,2,0,0,5,8,2,3,3,3,0,5,0,3,,,17,16,3,1,0,0,2,0,20,16,7,10,2,2,16,13,1,1,62,53,47.0,41.0,15.0,12.0,12.0,9.0,576,353,478.0,291.0,293,217,185,74,29.0,27.0,4.0,6.0,0.34,3.39,0.2,3.33,0.14,0.06,0.34,3.39,0.41,1.69,0,3,2,4,3,1,1,1,1,2,0.0,2.3296,0.1565,0.9956,0.1243,0.0211,0.0373,0.0305,0.0227,0.0685,5,8,0,2,2,1,0,0,0,0,0.1992,2.5659,0.0,0.8491,0.1416,0.0303,0.0,0.0,0.0,0.0,7,11,16.56,14.79
4219276,2023-08-27,fra,2023/2024,Ligue 1,3,Eric Wattellier,9851,Rennes,9746,Le Havre,1,2,2,61,39,22,7,8,3,9,4,5,0,0,0,16,4,6,3,5,2,5,0,4,0,,,5,7,1,0,0,1,2,3,18,28,14,19,0,6,12,17,1,5,57,47,43.0,35.0,14.0,12.0,18.0,2.0,679,439,605.0,357.0,319,220,286,137,28.0,17.0,8.0,4.0,3.22,0.4,2.23,0.25,0.98,0.16,3.22,0.4,3.01,0.76,3,0,10,3,3,1,2,1,4,2,1.0931,0.0,2.271,0.2813,0.1175,0.0253,0.1387,0.07,0.0656,0.0243,17,5,0,0,3,2,2,0,0,0,2.5058,0.245,0.0,0.0,0.1439,0.1558,1.0362,0.0,0.0,0.0,22,7,15.68,17.64
4219276,2023-08-27,fra,2023/2024,Ligue 1,3,Eric Wattellier,9746,Le Havre,9851,Rennes,0,2,2,39,61,7,22,3,8,4,9,0,5,0,0,4,16,3,6,2,5,0,5,0,4,,,7,5,0,1,1,0,3,2,28,18,19,14,6,0,17,12,5,1,47,57,35.0,43.0,12.0,14.0,2.0,18.0,439,679,357.0,605.0,220,319,137,286,17.0,28.0,4.0,8.0,0.4,3.22,0.25,2.23,0.16,0.98,0.4,3.22,0.76,3.01,0,3,3,10,1,3,1,2,2,4,0.0,1.0931,0.2813,2.271,0.0253,0.1175,0.07,0.1387,0.0243,0.0656,5,17,0,0,2,3,0,2,0,0,0.245,2.5058,0.0,0.0,0.1558,0.1439,0.0,1.0362,0.0,0.0,7,22,17.64,15.68
4219278,2023-08-27,fra,2023/2024,Ligue 1,3,Willy Delajod,8689,Lorient,8639,Lille,1,4,1,36,64,9,18,6,7,3,5,0,6,0,0,7,8,2,10,5,8,4,2,2,1,,,23,12,2,4,0,0,2,0,21,17,13,2,6,0,21,11,6,2,53,63,40.0,51.0,13.0,12.0,7.0,12.0,322,578,255.0,505.0,168,172,87,333,28.0,15.0,2.0,7.0,1.58,1.15,1.4,0.92,0.18,0.23,1.58,1.15,2.22,1.94,0,1,4,6,3,1,2,8,0,2,0.0,0.0845,0.626,0.7847,0.8093,0.0218,0.1649,0.1853,0.0,0.0734,5,11,1,0,2,2,1,5,0,0,1.2895,0.9189,0.1324,0.0,0.0676,0.1092,0.1107,0.1216,0.0,0.0,9,18,15.51,19.17
4219278,2023-08-27,fra,2023/2024,Ligue 1,3,Willy Delajod,8639,Lille,8689,Lorient,0,1,4,64,36,18,9,7,6,5,3,6,0,0,0,8,7,10,2,8,5,2,4,1,2,,,12,23,4,2,0,0,0,2,17,21,2,13,0,6,11,21,2,6,63,53,51.0,40.0,12.0,13.0,12.0,7.0,578,322,505.0,255.0,172,168,333,87,15.0,28.0,7.0,2.0,1.15,1.58,0.92,1.4,0.23,0.18,1.15,1.58,1.94,2.22,1,0,6,4,1,3,8,2,2,0,0.0845,0.0,0.7847,0.626,0.0218,0.8093,0.1853,0.1649,0.0734,0.0,11,5,0,1,2,2,5,1,0,0,0.9189,1.2895,0.0,0.1324,0.1092,0.0676,0.1216,0.1107,0.0,0.0,18,9,19.17,15.51
4219279,2023-08-27,fra,2023/2024,Ligue 1,3,Bastien Dechepy,9831,Nice,9748,Lyon,1,0,0,58,42,21,6,4,1,10,4,7,1,0,0,10,3,11,3,7,2,2,0,2,0,26,22,8,14,1,3,0,0,7,1,17,16,8,6,1,7,7,29,1,4,67,43,54.0,34.0,13.0,9.0,23.0,11.0,513,374,440.0,291.0,269,177,171,114,13.0,18.0,7.0,2.0,1.95,0.2,0.72,0.18,1.22,0.02,1.95,0.2,0.69,0.04,1,0,5,0,5,3,7,3,3,0,0.6084,0.0,0.8938,0.0,0.156,0.1572,0.2165,0.0422,0.0709,0.0,12,5,1,0,5,1,3,0,0,0,0.6943,0.1814,0.0282,0.0,0.7008,0.018,0.5223,0.0,0.0,0.0,21,6,19.51,22.78
4219279,2023-08-27,fra,2023/2024,Ligue 1,3,Bastien Dechepy,9748,Lyon,9831,Nice,0,0,0,42,58,6,21,1,4,4,10,1,7,0,0,3,10,3,11,2,7,0,2,0,2,22,26,14,8,3,1,0,0,1,7,16,17,6,8,7,1,29,7,4,1,43,67,34.0,54.0,9.0,13.0,11.0,23.0,374,513,291.0,440.0,177,269,114,171,18.0,13.0,2.0,7.0,0.2,1.95,0.18,0.72,0.02,1.22,0.2,1.95,0.04,0.69,0,1,0,5,3,5,3,7,0,3,0.0,0.6084,0.0,0.8938,0.1572,0.156,0.0422,0.2165,0.0,0.0709,5,12,0,1,1,5,0,3,0,0,0.1814,0.6943,0.0,0.0282,0.018,0.7008,0.0,0.5223,0.0,0.0,6,21,22.78,19.51
4219280,2023-08-27,fra,2023/2024,Ligue 1,3,Gaël Angoula,8311,Clermont Foot,8550,Metz,1,0,1,72,28,16,10,4,5,7,4,5,1,0,0,9,7,7,3,10,2,0,1,0,0,18,11,8,10,1,1,0,0,1,2,27,15,10,17,1,5,11,27,4,5,55,45,41.0,36.0,14.0,9.0,4.0,14.0,653,254,567.0,187.0,287,106,280,81,27.0,26.0,7.0,0.0,0.67,1.08,0.57,1.07,0.11,0.01,0.67,1.08,0.32,0.84,0,0,5,2,4,5,4,2,3,1,0.0,0.0,0.3386,0.6046,0.0946,0.4007,0.1668,0.0693,0.0714,0.0187,12,9,0,0,4,0,0,1,0,0,0.5655,1.0844,0.0,0.0,0.1059,0.0,0.0,0.0089,0.0,0.0,16,10,18.76,19.32
4219280,2023-08-27,fra,2023/2024,Ligue 1,3,Gaël Angoula,8550,Metz,8311,Clermont Foot,0,1,0,28,72,10,16,5,4,4,7,1,5,0,0,7,9,3,7,2,10,1,0,0,0,11,18,10,8,1,1,0,0,2,1,15,27,17,10,5,1,27,11,5,4,45,55,36.0,41.0,9.0,14.0,14.0,4.0,254,653,187.0,567.0,106,287,81,280,26.0,27.0,0.0,7.0,1.08,0.67,1.07,0.57,0.01,0.11,1.08,0.67,0.84,0.32,0,0,2,5,5,4,2,4,1,3,0.0,0.0,0.6046,0.3386,0.4007,0.0946,0.0693,0.1668,0.0187,0.0714,9,12,0,0,0,4,1,0,0,0,1.0844,0.5655,0.0,0.0,0.0,0.1059,0.0089,0.0,0.0,0.0,10,16,19.32,18.76
4219282,2023-08-27,fra,2023/2024,Ligue 1,3,Marc Bollengier,10249,Montpellier,9837,Reims,1,1,3,51,49,20,12,3,6,10,4,7,2,2,0,14,5,6,7,5,3,2,3,2,2,,,9,19,1,1,0,0,0,2,14,26,9,18,2,7,25,24,3,2,63,68,46.0,48.0,17.0,20.0,15.0,14.0,370,354,265.0,252.0,151,126,114,126,20.0,19.0,5.0,4.0,0.95,1.39,0.75,0.41,0.2,0.2,0.95,0.6,1.08,2.14,1,0,5,4,8,1,4,5,2,2,0.0495,0.0,0.4479,1.0734,0.2851,0.1074,0.0936,0.1334,0.0701,0.0772,12,9,1,0,2,1,5,1,0,1,0.6845,0.4053,0.0643,0.0,0.0739,0.1366,0.1235,0.0612,0.0,0.7884,20,12,17.66,19.27
4219282,2023-08-27,fra,2023/2024,Ligue 1,3,Marc Bollengier,9837,Reims,10249,Montpellier,0,3,1,49,51,12,20,6,3,4,10,2,7,0,2,5,14,7,6,3,5,3,2,2,2,,,19,9,1,1,0,0,2,0,26,14,18,9,7,2,24,25,2,3,68,63,48.0,46.0,20.0,17.0,14.0,15.0,354,370,252.0,265.0,126,151,126,114,19.0,20.0,4.0,5.0,1.39,0.95,0.41,0.75,0.2,0.2,0.6,0.95,2.14,1.08,0,1,4,5,1,8,5,4,2,2,0.0,0.0495,1.0734,0.4479,0.1074,0.2851,0.1334,0.0936,0.0772,0.0701,9,12,0,1,1,2,1,5,1,0,0.4053,0.6845,0.0,0.0643,0.1366,0.0739,0.0612,0.1235,0.7884,0.0,12,20,19.27,17.66
4219288,2023-09-01,fra,2023/2024,Ligue 1,4,Ruddy Buquet,9830,Nantes,8592,Marseille,1,1,1,37,63,10,26,2,9,2,12,6,5,0,0,8,16,2,10,2,7,0,3,0,3,,,7,13,0,2,1,0,2,0,16,9,11,10,4,6,35,8,8,2,44,43,33.0,27.0,11.0,16.0,6.0,11.0,348,602,281.0,531.0,145,205,136,326,21.0,23.0,6.0,7.0,0.94,2.57,0.69,2.2,0.25,0.37,0.94,2.57,0.64,1.51,0,1,6,13,2,2,1,7,1,3,0.0,0.2821,0.559,1.6737,0.2847,0.1532,0.0674,0.4187,0.0284,0.0476,7,20,0,0,1,2,2,4,0,0,0.6863,2.2056,0.0,0.0,0.141,0.1081,0.112,0.2617,0.0,0.0,10,26,15.87,17.03
4219288,2023-09-01,fra,2023/2024,Ligue 1,4,Ruddy Buquet,8592,Marseille,9830,Nantes,0,1,1,63,37,26,10,9,2,12,2,5,6,0,0,16,8,10,2,7,2,3,0,3,0,,,13,7,2,0,0,1,0,2,9,16,10,11,6,4,8,35,2,8,43,44,27.0,33.0,16.0,11.0,11.0,6.0,602,348,531.0,281.0,205,145,326,136,23.0,21.0,7.0,6.0,2.57,0.94,2.2,0.69,0.37,0.25,2.57,0.94,1.51,0.64,1,0,13,6,2,2,7,1,3,1,0.2821,0.0,1.6737,0.559,0.1532,0.2847,0.4187,0.0674,0.0476,0.0284,20,7,0,0,2,1,4,2,0,0,2.2056,0.6863,0.0,0.0,0.1081,0.141,0.2617,0.112,0.0,0.0,26,10,17.03,15.87
4219284,2023-09-02,fra,2023/2024,Ligue 1,4,Willy Delajod,9829,Monaco,8588,Lens,1,3,0,52,48,12,12,6,1,2,6,4,5,0,0,6,8,6,4,5,2,2,0,0,0,,,21,16,4,2,0,0,3,3,10,11,7,11,5,3,13,10,1,3,42,50,31.0,39.0,11.0,11.0,6.0,9.0,501,452,409.0,369.0,246,206,163,163,33.0,12.0,3.0,3.0,0.91,0.63,0.78,0.46,0.12,0.17,0.91,0.63,1.8,0.48,1,0,4,5,1,3,6,3,0,1,0.1097,0.0,0.4772,0.3326,0.0254,0.1178,0.2957,0.0753,0.0,0.1054,8,9,1,0,3,2,0,1,0,0,0.4812,0.4628,0.3032,0.0,0.1235,0.0629,0.0,0.1054,0.0,0.0,12,12,17.97,18.43
4219284,2023-09-02,fra,2023/2024,Ligue 1,4,Willy Delajod,8588,Lens,9829,Monaco,0,0,3,48,52,12,12,1,6,6,2,5,4,0,0,8,6,4,6,2,5,0,2,0,0,,,16,21,2,4,0,0,3,3,11,10,11,7,3,5,10,13,3,1,50,42,39.0,31.0,11.0,11.0,9.0,6.0,452,501,369.0,409.0,206,246,163,163,12.0,33.0,3.0,3.0,0.63,0.91,0.46,0.78,0.17,0.12,0.63,0.91,0.48,1.8,0,1,5,4,3,1,3,6,1,0,0.0,0.1097,0.3326,0.4772,0.1178,0.0254,0.0753,0.2957,0.1054,0.0,9,8,0,1,2,3,1,0,0,0,0.4628,0.4812,0.0,0.3032,0.0629,0.1235,0.1054,0.0,0.0,0.0,12,12,18.43,17.97
4219291,2023-09-02,fra,2023/2024,Ligue 1,4,Hakim Ben El Hadj Salem,8521,Brest,9851,Rennes,1,0,0,48,52,13,6,2,3,6,1,5,2,0,0,8,3,5,3,7,5,2,0,2,0,,,12,12,3,1,0,0,0,2,14,13,3,8,2,5,21,24,3,2,48,45,33.0,36.0,15.0,9.0,8.0,11.0,417,455,334.0,376.0,196,221,138,155,34.0,13.0,5.0,1.0,1.36,0.29,1.18,0.21,0.19,0.08,1.36,0.29,0.19,0.52,2,0,4,0,2,3,1,1,4,2,0.8846,0.0,0.2949,0.0,0.0775,0.191,0.0113,0.0216,0.0967,0.081,9,4,0,0,3,1,1,1,0,0,1.1768,0.2138,0.0,0.0,0.145,0.0216,0.0431,0.0582,0.0,0.0,13,6,17.44,19.14
4219291,2023-09-02,fra,2023/2024,Ligue 1,4,Hakim Ben El Hadj Salem,9851,Rennes,8521,Brest,0,0,0,52,48,6,13,3,2,1,6,2,5,0,0,3,8,3,5,5,7,0,2,0,2,,,12,12,1,3,0,0,2,0,13,14,8,3,5,2,24,21,2,3,45,48,36.0,33.0,9.0,15.0,11.0,8.0,455,417,376.0,334.0,221,196,155,138,13.0,34.0,1.0,5.0,0.29,1.36,0.21,1.18,0.08,0.19,0.29,1.36,0.52,0.19,0,2,0,4,3,2,1,1,2,4,0.0,0.8846,0.0,0.2949,0.191,0.0775,0.0216,0.0113,0.081,0.0967,4,9,0,0,1,3,1,1,0,0,0.2138,1.1768,0.0,0.0,0.0216,0.145,0.0582,0.0431,0.0,0.0,6,13,19.14,17.44
4219283,2023-09-03,fra,2023/2024,Ligue 1,4,Florent Batta,9941,Toulouse,8311,Clermont Foot,1,2,2,37,63,9,15,5,3,1,6,3,6,0,2,6,9,3,6,0,8,0,2,0,0,,,19,17,1,3,0,0,0,2,8,5,12,10,7,2,30,2,0,3,45,45,34.0,32.0,11.0,13.0,9.0,9.0,347,583,258.0,492.0,164,243,94,249,13.0,19.0,0.0,4.0,0.65,1.81,0.61,0.33,0.05,0.69,0.65,1.02,1.42,1.75,0,1,2,8,4,0,2,5,1,1,0.0,0.4576,0.1903,1.1837,0.3045,0.0,0.0788,0.1932,0.0799,0.017,5,9,3,0,0,2,1,3,0,1,0.3817,0.332,0.2238,0.0,0.0,0.132,0.048,0.5991,0.0,0.7884,9,15,20.28,16.81
4219283,2023-09-03,fra,2023/2024,Ligue 1,4,Florent Batta,8311,Clermont Foot,9941,Toulouse,0,2,2,63,37,15,9,3,5,6,1,6,3,2,0,9,6,6,3,8,0,2,0,0,0,,,17,19,3,1,0,0,2,0,5,8,10,12,2,7,2,30,3,0,45,45,32.0,34.0,13.0,11.0,9.0,9.0,583,347,492.0,258.0,243,164,249,94,19.0,13.0,4.0,0.0,1.81,0.65,0.33,0.61,0.69,0.05,1.02,0.65,1.75,1.42,1,0,8,2,0,4,5,2,1,1,0.4576,0.0,1.1837,0.1903,0.0,0.3045,0.1932,0.0788,0.017,0.0799,9,5,0,3,2,0,3,1,1,0,0.332,0.3817,0.0,0.2238,0.132,0.0,0.5991,0.048,0.7884,0.0,15,9,16.81,20.28
4219285,2023-09-03,fra,2023/2024,Ligue 1,4,Benoît Millot,8639,Lille,10249,Montpellier,1,1,0,60,40,15,7,6,4,6,3,3,0,0,0,12,4,3,3,5,5,1,0,1,0,33,18,15,14,2,1,0,0,0,6,17,21,5,9,0,3,28,10,4,5,49,54,39.0,44.0,10.0,10.0,11.0,9.0,525,342,451.0,269.0,257,151,194,118,24.0,35.0,5.0,4.0,1.18,0.26,0.88,0.18,0.3,0.08,1.18,0.26,1.96,0.97,0,0,8,3,4,1,2,2,1,1,0.0,0.0,0.9541,0.1699,0.1072,0.0324,0.0727,0.0312,0.0449,0.0268,10,4,0,0,2,1,3,2,0,0,0.8827,0.1831,0.0,0.0,0.08,0.0341,0.2161,0.0431,0.0,0.0,15,7,16.81,20.92
4219285,2023-09-03,fra,2023/2024,Ligue 1,4,Benoît Millot,10249,Montpellier,8639,Lille,0,0,1,40,60,7,15,4,6,3,6,0,3,0,0,4,12,3,3,5,5,0,1,0,1,18,33,14,15,1,2,0,0,6,0,21,17,9,5,3,0,10,28,5,4,54,49,44.0,39.0,10.0,10.0,9.0,11.0,342,525,269.0,451.0,151,257,118,194,35.0,24.0,4.0,5.0,0.26,1.18,0.18,0.88,0.08,0.3,0.26,1.18,0.97,1.96,0,0,3,8,1,4,2,2,1,1,0.0,0.0,0.1699,0.9541,0.0324,0.1072,0.0312,0.0727,0.0268,0.0449,4,10,0,0,1,2,2,3,0,0,0.1831,0.8827,0.0,0.0,0.0341,0.08,0.0431,0.2161,0.0,0.0,7,15,20.92,16.81
4219286,2023-09-03,fra,2023/2024,Ligue 1,4,Eric Wattellier,9748,Lyon,9847,Paris Saint-Germain,1,1,4,31,69,19,22,8,8,7,9,4,5,0,2,13,18,6,4,5,2,3,7,2,3,32,42,9,5,2,2,0,0,0,1,23,19,12,2,5,4,6,13,4,7,47,47,42.0,41.0,5.0,6.0,15.0,13.0,351,829,287.0,771.0,156,393,131,378,21.0,33.0,5.0,1.0,2.28,4.57,1.19,3.73,0.3,0.05,1.49,3.78,2.06,3.79,1,2,10,9,2,7,5,2,1,2,0.1314,1.1754,1.8257,2.8698,0.0805,0.3641,0.2057,0.0999,0.0396,0.0606,14,16,0,3,3,2,1,0,1,1,1.1906,2.8271,0.0,0.902,0.2436,0.0523,0.0602,0.0,0.7884,0.7884,19,22,15.12,15.6
4219286,2023-09-03,fra,2023/2024,Ligue 1,4,Eric Wattellier,9847,Paris Saint-Germain,9748,Lyon,0,4,1,69,31,22,19,8,8,9,7,5,4,2,0,18,13,4,6,2,5,7,3,3,2,42,32,5,9,2,2,0,0,1,0,19,23,2,12,4,5,13,6,7,4,47,47,41.0,42.0,6.0,5.0,13.0,15.0,829,351,771.0,287.0,393,156,378,131,33.0,21.0,1.0,5.0,4.57,2.28,3.73,1.19,0.05,0.3,3.78,1.49,3.79,2.06,2,1,9,10,7,2,2,5,2,1,1.1754,0.1314,2.8698,1.8257,0.3641,0.0805,0.0999,0.2057,0.0606,0.0396,16,14,3,0,2,3,0,1,1,1,2.8271,1.1906,0.902,0.0,0.0523,0.2436,0.0,0.0602,0.7884,0.7884,22,19,15.6,15.12
4219287,2023-09-03,fra,2023/2024,Ligue 1,4,Jeremy Stinat,9831,Nice,9848,Strasbourg,1,2,0,63,37,16,4,6,0,7,3,3,1,2,0,11,1,5,3,5,2,6,0,5,0,26,5,7,12,2,1,0,0,5,1,22,29,7,7,1,3,10,24,0,4,54,51,43.0,39.0,11.0,12.0,10.0,3.0,619,355,541.0,285.0,333,183,208,102,27.0,26.0,2.0,1.0,2.24,0.25,1.97,0.12,0.27,0.13,2.24,0.25,,,2,1,5,0,4,0,4,3,1,0,0.1523,0.0957,1.6805,0.0,0.1838,0.0,0.2156,0.1501,0.0292,0.0,12,2,0,0,4,1,0,1,0,0,1.9896,0.119,0.0,0.0,0.2717,0.0957,0.0,0.0311,0.0,0.0,16,4,16.74,22.33
4219287,2023-09-03,fra,2023/2024,Ligue 1,4,Jeremy Stinat,9848,Strasbourg,9831,Nice,0,0,2,37,63,4,16,0,6,3,7,1,3,0,2,1,11,3,5,2,5,0,6,0,5,5,26,12,7,1,2,0,0,1,5,29,22,7,7,3,1,24,10,4,0,51,54,39.0,43.0,12.0,11.0,3.0,10.0,355,619,285.0,541.0,183,333,102,208,26.0,27.0,1.0,2.0,0.25,2.24,0.12,1.97,0.13,0.27,0.25,2.24,,,1,2,0,5,0,4,3,4,0,1,0.0957,0.1523,0.0,1.6805,0.0,0.1838,0.1501,0.2156,0.0,0.0292,2,12,0,0,1,4,1,0,0,0,0.119,1.9896,0.0,0.0,0.0957,0.2717,0.0311,0.0,0.0,0.0,4,16,22.33,16.74
4219289,2023-09-03,fra,2023/2024,Ligue 1,4,Romain Lissorgue,9746,Le Havre,8689,Lorient,1,3,0,43,57,17,9,6,2,8,2,3,5,0,0,11,5,6,4,5,4,2,1,1,1,,,10,7,0,0,0,0,0,2,14,9,6,6,5,3,11,23,2,3,37,46,28.0,30.0,9.0,16.0,7.0,12.0,441,595,378.0,541.0,204,273,174,268,16.0,30.0,6.0,3.0,1.98,0.68,1.75,0.58,0.24,0.1,1.98,0.68,1.52,0.64,1,0,7,2,3,3,5,3,1,1,0.14,0.0,1.45,0.2764,0.148,0.222,0.209,0.1336,0.0342,0.0439,13,6,1,0,3,2,0,1,0,0,1.6874,0.5755,0.0577,0.0,0.2361,0.0565,0.0,0.0439,0.0,0.0,17,9,16.6,18.88
4219289,2023-09-03,fra,2023/2024,Ligue 1,4,Romain Lissorgue,8689,Lorient,9746,Le Havre,0,0,3,57,43,9,17,2,6,2,8,5,3,0,0,5,11,4,6,4,5,1,2,1,1,,,7,10,0,0,0,0,2,0,9,14,6,6,3,5,23,11,3,2,46,37,30.0,28.0,16.0,9.0,12.0,7.0,595,441,541.0,378.0,273,204,268,174,30.0,16.0,3.0,6.0,0.68,1.98,0.58,1.75,0.1,0.24,0.68,1.98,0.64,1.52,0,1,2,7,3,3,3,5,1,1,0.0,0.14,0.2764,1.45,0.222,0.148,0.1336,0.209,0.0439,0.0342,6,13,0,1,2,3,1,0,0,0,0.5755,1.6874,0.0,0.0577,0.0565,0.2361,0.0439,0.0,0.0,0.0,9,17,18.88,16.6
4219290,2023-09-03,fra,2023/2024,Ligue 1,4,Mathieu Vernice,8550,Metz,9837,Reims,1,2,2,36,64,12,12,4,2,4,7,4,3,0,0,6,4,6,8,4,1,1,1,1,1,13,27,10,17,0,4,0,0,0,2,18,23,10,6,3,4,14,10,0,2,52,52,40.0,37.0,12.0,15.0,7.0,6.0,293,540,226.0,460.0,131,219,95,241,25.0,25.0,5.0,4.0,1.06,0.71,0.43,0.71,0.63,0.0,1.06,0.71,1.32,0.38,0,0,4,4,2,0,4,8,2,0,0.0,0.0,0.5543,0.4855,0.1277,0.0,0.274,0.2295,0.1058,0.0,5,12,2,0,1,0,4,0,0,0,0.2913,0.715,0.1384,0.0,0.0959,0.0,0.5361,0.0,0.0,0.0,12,12,16.7,20.79
4219290,2023-09-03,fra,2023/2024,Ligue 1,4,Mathieu Vernice,9837,Reims,8550,Metz,0,2,2,64,36,12,12,2,4,7,4,3,4,0,0,4,6,8,6,1,4,1,1,1,1,27,13,17,10,4,0,0,0,2,0,23,18,6,10,4,3,10,14,2,0,52,52,37.0,40.0,15.0,12.0,6.0,7.0,540,293,460.0,226.0,219,131,241,95,25.0,25.0,4.0,5.0,0.71,1.06,0.71,0.43,0.0,0.63,0.71,1.06,0.38,1.32,0,0,4,4,0,2,8,4,0,2,0.0,0.0,0.4855,0.5543,0.0,0.1277,0.2295,0.274,0.0,0.1058,12,5,0,2,0,1,0,4,0,0,0.715,0.2913,0.0,0.1384,0.0,0.0959,0.0,0.5361,0.0,0.0,12,12,20.79,16.7
4219292,2023-09-15,fra,2023/2024,Ligue 1,5,Clément Turpin,9847,Paris Saint-Germain,9831,Nice,1,2,3,69,31,12,14,3,8,6,2,3,4,0,0,5,9,7,5,4,3,2,4,2,3,27,15,8,17,2,5,0,0,2,0,18,17,6,10,4,3,3,21,5,1,50,39,44.0,31.0,6.0,8.0,9.0,7.0,693,312,608.0,234.0,271,157,337,77,15.0,17.0,3.0,0.0,0.95,1.3,0.9,1.24,0.05,0.06,0.95,1.3,0.85,2.56,0,1,4,4,1,4,6,4,1,1,0.0,0.3245,0.388,0.5468,0.1511,0.1477,0.3864,0.2431,0.0295,0.0354,10,11,0,1,0,1,2,1,0,0,0.9002,0.9172,0.0,0.3245,0.0,0.0205,0.0548,0.0354,0.0,0.0,12,14,19.49,17.1
4219292,2023-09-15,fra,2023/2024,Ligue 1,5,Clément Turpin,9831,Nice,9847,Paris Saint-Germain,0,3,2,31,69,14,12,8,3,2,6,4,3,0,0,9,5,5,7,3,4,4,2,3,2,15,27,17,8,5,2,0,0,0,2,17,18,10,6,3,4,21,3,1,5,39,50,31.0,44.0,8.0,6.0,7.0,9.0,312,693,234.0,608.0,157,271,77,337,17.0,15.0,0.0,3.0,1.3,0.95,1.24,0.9,0.06,0.05,1.3,0.95,2.56,0.85,1,0,4,4,4,1,4,6,1,1,0.3245,0.0,0.5468,0.388,0.1477,0.1511,0.2431,0.3864,0.0354,0.0295,11,10,1,0,1,0,1,2,0,0,0.9172,0.9002,0.3245,0.0,0.0205,0.0,0.0354,0.0548,0.0,0.0,14,12,17.1,19.49
4219294,2023-09-16,fra,2023/2024,Ligue 1,5,Jérôme Brisard,9851,Rennes,8639,Lille,1,2,2,47,53,7,10,4,6,3,1,0,3,0,0,4,7,3,3,5,2,1,3,1,1,,,11,16,1,4,0,0,2,1,12,25,10,20,3,0,11,14,4,2,60,59,43.0,45.0,17.0,14.0,15.0,11.0,483,559,406.0,466.0,279,329,127,137,24.0,28.0,2.0,1.0,0.45,1.01,0.27,0.54,0.18,0.48,0.45,1.01,0.18,1.84,0,1,2,5,2,1,2,2,1,1,0.0,0.1101,0.1493,0.6673,0.1545,0.0221,0.1165,0.2259,0.0312,0.0135,4,7,0,0,2,0,1,3,0,0,0.2711,0.5357,0.0,0.0,0.1493,0.0,0.0312,0.5032,0.0,0.0,7,10,18.34,14.72
4219294,2023-09-16,fra,2023/2024,Ligue 1,5,Jérôme Brisard,8639,Lille,9851,Rennes,0,2,2,53,47,10,7,6,4,1,3,3,0,0,0,7,4,3,3,2,5,3,1,1,1,,,16,11,4,1,0,0,1,2,25,12,20,10,0,3,14,11,2,4,59,60,45.0,43.0,14.0,17.0,11.0,15.0,559,483,466.0,406.0,329,279,137,127,28.0,24.0,1.0,2.0,1.01,0.45,0.54,0.27,0.48,0.18,1.01,0.45,1.84,0.18,1,0,5,2,1,2,2,2,1,1,0.1101,0.0,0.6673,0.1493,0.0221,0.1545,0.2259,0.1165,0.0135,0.0312,7,4,0,0,0,2,3,1,0,0,0.5357,0.2711,0.0,0.0,0.0,0.1493,0.5032,0.0312,0.0,0.0,10,7,14.72,18.34
4219300,2023-09-16,fra,2023/2024,Ligue 1,5,Stéphanie Frappart,8588,Lens,8550,Metz,1,0,1,75,25,31,2,10,2,11,0,10,0,0,0,21,1,10,1,9,1,0,1,0,0,47,3,12,12,1,2,0,0,3,0,8,13,5,13,0,7,9,38,1,10,41,46,26.0,28.0,15.0,18.0,7.0,3.0,700,238,614.0,158.0,173,67,441,91,27.0,32.0,10.0,0.0,2.04,0.28,1.84,0.28,0.2,0.0,2.04,0.28,0.7,0.92,1,1,17,0,3,0,7,0,3,1,0.1459,0.2573,1.4617,0.0,0.1088,0.0,0.2455,0.0,0.076,0.0191,26,2,0,0,3,0,2,0,0,0,1.84,0.2763,0.0,0.0,0.1203,0.0,0.0775,0.0,0.0,0.0,31,2,16.36,15.68
4219300,2023-09-16,fra,2023/2024,Ligue 1,5,Stéphanie Frappart,8550,Metz,8588,Lens,0,1,0,25,75,2,31,2,10,0,11,0,10,0,0,1,21,1,10,1,9,1,0,0,0,3,47,12,12,2,1,0,0,0,3,13,8,13,5,7,0,38,9,10,1,46,41,28.0,26.0,18.0,15.0,3.0,7.0,238,700,158.0,614.0,67,173,91,441,32.0,27.0,0.0,10.0,0.28,2.04,0.28,1.84,0.0,0.2,0.28,2.04,0.92,0.7,1,1,0,17,0,3,0,7,1,3,0.2573,0.1459,0.0,1.4617,0.0,0.1088,0.0,0.2455,0.0191,0.076,2,26,0,0,0,3,0,2,0,0,0.2763,1.84,0.0,0.0,0.0,0.1203,0.0,0.0775,0.0,0.0,2,31,15.68,16.36
4219293,2023-09-17,fra,2023/2024,Ligue 1,5,Pierre Gaillouste,9848,Strasbourg,10249,Montpellier,1,2,2,44,56,14,10,7,4,6,4,1,2,2,0,10,8,4,2,2,4,4,1,3,0,,,17,18,4,6,0,0,0,1,18,20,13,13,2,1,13,20,2,6,65,55,47.0,41.0,18.0,14.0,16.0,6.0,413,519,336.0,439.0,185,288,151,151,22.0,37.0,6.0,3.0,2.31,1.08,2.22,0.8,0.08,0.28,2.31,1.08,1.73,0.93,3,0,5,6,2,2,3,0,1,2,1.7838,0.0,0.7805,0.8925,0.0702,0.128,0.0568,0.0,0.0228,0.0554,12,6,0,1,0,2,2,1,0,0,2.6295,0.6896,0.0,0.1081,0.0,0.1283,0.0847,0.1499,0.0,0.0,14,10,15.83,17.04
4219293,2023-09-17,fra,2023/2024,Ligue 1,5,Pierre Gaillouste,10249,Montpellier,9848,Strasbourg,0,2,2,56,44,10,14,4,7,4,6,2,1,0,2,8,10,2,4,4,2,1,4,0,3,,,18,17,6,4,0,0,1,0,20,18,13,13,1,2,20,13,6,2,55,65,41.0,47.0,14.0,18.0,6.0,16.0,519,413,439.0,336.0,288,185,151,151,37.0,22.0,3.0,6.0,1.08,2.31,0.8,2.22,0.28,0.08,1.08,2.31,0.93,1.73,0,3,6,5,2,2,0,3,2,1,0.0,1.7838,0.8925,0.7805,0.128,0.0702,0.0,0.0568,0.0554,0.0228,6,12,1,0,2,0,1,2,0,0,0.6896,2.6295,0.1081,0.0,0.1283,0.0,0.1499,0.0847,0.0,0.0,10,14,17.04,15.83
4219295,2023-09-17,fra,2023/2024,Ligue 1,5,François Letexier,8592,Marseille,9941,Toulouse,1,0,0,60,40,24,10,6,3,9,5,9,2,2,0,12,7,12,3,6,1,0,2,0,2,,,9,11,2,5,0,0,1,3,16,12,8,12,2,9,15,48,3,6,46,43,36.0,27.0,10.0,16.0,9.0,7.0,537,364,444.0,278.0,172,156,272,122,26.0,31.0,6.0,4.0,1.51,0.74,1.18,0.69,0.33,0.05,1.51,0.74,0.73,0.71,0,0,7,6,5,1,10,2,2,1,0.0,0.0,0.6023,0.6397,0.1701,0.0339,0.7032,0.054,0.0326,0.0109,17,8,0,0,2,1,5,1,0,0,1.1822,0.6895,0.0,0.0,0.0636,0.0266,0.2624,0.0225,0.0,0.0,24,10,17.82,16.72
4219295,2023-09-17,fra,2023/2024,Ligue 1,5,François Letexier,9941,Toulouse,8592,Marseille,0,0,0,40,60,10,24,3,6,5,9,2,9,0,2,7,12,3,12,1,6,2,0,2,0,,,11,9,5,2,0,0,3,1,12,16,12,8,9,2,48,15,6,3,43,46,27.0,36.0,16.0,10.0,7.0,9.0,364,537,278.0,444.0,156,172,122,272,31.0,26.0,4.0,6.0,0.74,1.51,0.69,1.18,0.05,0.33,0.74,1.51,0.71,0.73,0,0,6,7,1,5,2,10,1,2,0.0,0.0,0.6397,0.6023,0.0339,0.1701,0.054,0.7032,0.0109,0.0326,8,17,0,0,1,2,1,5,0,0,0.6895,1.1822,0.0,0.0,0.0266,0.0636,0.0225,0.2624,0.0,0.0,10,24,16.72,17.82
4219296,2023-09-17,fra,2023/2024,Ligue 1,5,Marc Bollengier,8689,Lorient,9829,Monaco,1,2,2,41,59,10,20,3,7,4,8,3,5,0,0,5,15,5,5,8,6,2,1,1,0,,,13,14,0,2,0,0,2,2,19,13,11,4,5,3,17,17,4,1,55,51,44.0,40.0,11.0,11.0,11.0,15.0,397,593,328.0,517.0,191,189,137,328,21.0,20.0,2.0,4.0,0.9,1.78,0.81,1.24,0.09,0.54,0.9,1.78,1.22,1.58,0,1,3,11,2,3,2,4,3,1,0.0,0.3002,0.6943,1.125,0.0485,0.1998,0.0331,0.1563,0.1197,0.0206,7,12,0,1,2,6,1,1,0,0,0.8078,1.1678,0.0,0.1141,0.0338,0.459,0.0539,0.061,0.0,0.0,10,20,20.08,15.36
4219296,2023-09-17,fra,2023/2024,Ligue 1,5,Marc Bollengier,9829,Monaco,8689,Lorient,0,2,2,59,41,20,10,7,3,8,4,5,3,0,0,15,5,5,5,6,8,1,2,0,1,,,14,13,2,0,0,0,2,2,13,19,4,11,3,5,17,17,1,4,51,55,40.0,44.0,11.0,11.0,15.0,11.0,593,397,517.0,328.0,189,191,328,137,20.0,21.0,4.0,2.0,1.78,0.9,1.24,0.81,0.54,0.09,1.78,0.9,1.58,1.22,1,0,11,3,3,2,4,2,1,3,0.3002,0.0,1.125,0.6943,0.1998,0.0485,0.1563,0.0331,0.0206,0.1197,12,7,1,0,6,2,1,1,0,0,1.1678,0.8078,0.1141,0.0,0.459,0.0338,0.061,0.0539,0.0,0.0,20,10,15.36,20.08
4219297,2023-09-17,fra,2023/2024,Ligue 1,5,Benoît Bastien,9748,Lyon,9746,Le Havre,1,0,0,58,42,23,7,7,0,8,4,8,3,0,0,14,2,9,5,6,1,2,1,2,1,,,13,12,3,2,0,0,3,2,18,26,10,14,2,8,5,22,0,7,51,61,40.0,43.0,11.0,18.0,10.0,5.0,529,383,458.0,308.0,247,173,211,135,33.0,22.0,5.0,2.0,1.49,0.78,1.12,0.71,0.37,0.07,1.49,0.78,2.63,0.0,1,1,10,1,4,0,5,3,3,2,0.2055,0.5724,0.8848,0.1079,0.1266,0.0,0.2056,0.0681,0.0672,0.0267,15,3,1,1,3,1,4,2,0,0,0.8696,0.6019,0.2477,0.1079,0.1612,0.0083,0.2112,0.0568,0.0,0.0,23,7,17.83,22.28
4219297,2023-09-17,fra,2023/2024,Ligue 1,5,Benoît Bastien,9746,Le Havre,9748,Lyon,0,0,0,42,58,7,23,0,7,4,8,3,8,0,0,2,14,5,9,1,6,1,2,1,2,,,12,13,2,3,0,0,2,3,26,18,14,10,8,2,22,5,7,0,61,51,43.0,40.0,18.0,11.0,5.0,10.0,383,529,308.0,458.0,173,247,135,211,22.0,33.0,2.0,5.0,0.78,1.49,0.71,1.12,0.07,0.37,0.78,1.49,0.0,2.63,1,1,1,10,0,4,3,5,2,3,0.5724,0.2055,0.1079,0.8848,0.0,0.1266,0.0681,0.2056,0.0267,0.0672,3,15,1,1,1,3,2,4,0,0,0.6019,0.8696,0.1079,0.2477,0.0083,0.1612,0.0568,0.2112,0.0,0.0,7,23,22.28,17.83
4219298,2023-09-17,fra,2023/2024,Ligue 1,5,Thomas Léonard,8311,Clermont Foot,9830,Nantes,1,0,1,52,48,16,8,3,5,8,2,5,1,0,0,11,4,5,4,6,3,1,2,1,2,,,16,16,2,3,0,0,3,0,12,14,5,9,1,5,14,29,4,3,45,50,31.0,36.0,14.0,14.0,5.0,7.0,395,374,304.0,279.0,196,160,108,119,20.0,19.0,2.0,2.0,1.3,0.66,0.29,0.55,0.22,0.11,0.51,0.66,0.69,0.5,0,1,6,2,5,1,4,0,1,4,0.0,0.11,1.0655,0.3491,0.1409,0.1355,0.0685,0.0,0.0262,0.0874,8,7,0,0,4,1,3,0,1,0,0.3308,0.572,0.0,0.0,0.0906,0.11,0.0913,0.0,0.7884,0.0,16,8,19.47,18.55
4219298,2023-09-17,fra,2023/2024,Ligue 1,5,Thomas Léonard,9830,Nantes,8311,Clermont Foot,0,1,0,48,52,8,16,5,3,2,8,1,5,0,0,4,11,4,5,3,6,2,1,2,1,,,16,16,3,2,0,0,0,3,14,12,9,5,5,1,29,14,3,4,50,45,36.0,31.0,14.0,14.0,7.0,5.0,374,395,279.0,304.0,160,196,119,108,19.0,20.0,2.0,2.0,0.66,1.3,0.55,0.29,0.11,0.22,0.66,0.51,0.5,0.69,1,0,2,6,1,5,0,4,4,1,0.11,0.0,0.3491,1.0655,0.1355,0.1409,0.0,0.0685,0.0874,0.0262,7,8,0,0,1,4,0,3,0,1,0.572,0.3308,0.0,0.0,0.11,0.0906,0.0,0.0913,0.0,0.7884,8,16,18.55,19.47
4219299,2023-09-17,fra,2023/2024,Ligue 1,5,Gaël Angoula,9837,Reims,8521,Brest,1,1,2,52,48,13,18,7,7,5,4,1,7,0,1,7,11,6,7,8,8,3,2,2,1,19,36,7,12,2,4,0,0,3,0,20,18,13,11,7,1,26,25,3,6,58,53,45.0,38.0,13.0,15.0,16.0,14.0,383,349,300.0,257.0,149,105,151,152,19.0,43.0,3.0,11.0,1.81,1.56,1.21,1.16,0.6,0.4,1.81,1.56,1.88,1.62,2,1,3,7,2,3,6,4,0,3,0.9795,0.0957,0.2389,0.9261,0.0897,0.128,0.499,0.3503,0.0,0.1111,7,12,1,1,3,2,2,3,0,0,1.1186,1.0578,0.0918,0.1431,0.1258,0.1952,0.4711,0.2151,0.0,0.0,13,18,15.66,17.07
4219299,2023-09-17,fra,2023/2024,Ligue 1,5,Gaël Angoula,8521,Brest,9837,Reims,0,2,1,48,52,18,13,7,7,4,5,7,1,1,0,11,7,7,6,8,8,2,3,1,2,36,19,12,7,4,2,0,0,0,3,18,20,11,13,1,7,25,26,6,3,53,58,38.0,45.0,15.0,13.0,14.0,16.0,349,383,257.0,300.0,105,149,152,151,43.0,19.0,11.0,3.0,1.56,1.81,1.16,1.21,0.4,0.6,1.56,1.81,1.62,1.88,1,2,7,3,3,2,4,6,3,0,0.0957,0.9795,0.9261,0.2389,0.128,0.0897,0.3503,0.499,0.1111,0.0,12,7,1,1,2,3,3,2,0,0,1.0578,1.1186,0.1431,0.0918,0.1952,0.1258,0.2151,0.4711,0.0,0.0,18,13,17.07,15.66
4219302,2023-09-22,fra,2023/2024,Ligue 1,6,Benoît Millot,9829,Monaco,9831,Nice,1,0,1,54,46,9,13,3,7,3,5,3,1,1,1,5,9,4,4,5,2,2,1,2,1,,,13,15,1,1,0,0,3,0,21,14,12,8,1,3,5,14,6,3,46,44,42.0,35.0,4.0,9.0,6.0,8.0,532,449,447.0,386.0,228,233,219,153,20.0,13.0,4.0,4.0,1.84,0.88,0.18,0.68,0.08,0.2,0.26,0.88,2.06,1.27,1,0,4,6,0,3,1,3,3,1,0.0487,0.0,1.6894,0.6048,0.0,0.1198,0.0371,0.1368,0.0656,0.015,5,10,0,1,2,1,0,1,2,0,0.1831,0.6368,0.0,0.0395,0.081,0.0501,0.0,0.15,1.5768,0.0,9,13,18.04,15.95
4219302,2023-09-22,fra,2023/2024,Ligue 1,6,Benoît Millot,9831,Nice,9829,Monaco,0,1,0,46,54,13,9,7,3,5,3,1,3,1,1,9,5,4,4,2,5,1,2,1,2,,,15,13,1,1,0,0,0,3,14,21,8,12,3,1,14,5,3,6,44,46,35.0,42.0,9.0,4.0,8.0,6.0,449,532,386.0,447.0,233,228,153,219,13.0,20.0,4.0,4.0,0.88,1.84,0.68,0.18,0.2,0.08,0.88,0.26,1.27,2.06,0,1,6,4,3,0,3,1,1,3,0.0,0.0487,0.6048,1.6894,0.1198,0.0,0.1368,0.0371,0.015,0.0656,10,5,1,0,1,2,1,0,0,2,0.6368,0.1831,0.0395,0.0,0.0501,0.081,0.15,0.0,0.0,1.5768,13,9,15.95,18.04
4219305,2023-09-23,fra,2023/2024,Ligue 1,6,Florent Batta,9830,Nantes,8689,Lorient,1,5,3,44,56,19,10,9,7,6,2,4,1,0,0,16,6,3,4,4,2,2,3,0,1,34,17,8,17,1,3,0,0,0,0,20,14,8,10,1,4,13,9,4,4,51,46,39.0,38.0,12.0,8.0,6.0,16.0,475,604,405.0,531.0,172,317,233,214,35.0,27.0,7.0,7.0,2.14,1.74,1.15,1.74,0.2,0.0,1.35,1.74,3.24,3.17,1,1,13,4,2,1,3,2,0,2,0.122,0.5228,1.8688,1.099,0.0561,0.0238,0.0895,0.0464,0.0,0.0433,15,10,0,0,2,0,1,0,1,0,1.1513,1.7352,0.0,0.0,0.1608,0.0,0.0359,0.0,0.7884,0.0,19,10,14.27,16.13
4219305,2023-09-23,fra,2023/2024,Ligue 1,6,Florent Batta,8689,Lorient,9830,Nantes,0,3,5,56,44,10,19,7,9,2,6,1,4,0,0,6,16,4,3,2,4,3,2,1,0,17,34,17,8,3,1,0,0,0,0,14,20,10,8,4,1,9,13,4,4,46,51,38.0,39.0,8.0,12.0,16.0,6.0,604,475,531.0,405.0,317,172,214,233,27.0,35.0,7.0,7.0,1.74,2.14,1.74,1.15,0.0,0.2,1.74,1.35,3.17,3.24,1,1,4,13,1,2,2,3,2,0,0.5228,0.122,1.099,1.8688,0.0238,0.0561,0.0464,0.0895,0.0433,0.0,10,15,0,0,0,2,0,1,0,1,1.7352,1.1513,0.0,0.0,0.0,0.1608,0.0,0.0359,0.0,0.7884,10,19,16.13,14.27
4219309,2023-09-23,fra,2023/2024,Ligue 1,6,Thomas Léonard,8521,Brest,9748,Lyon,1,1,0,56,44,27,6,11,3,11,2,5,1,1,0,22,1,5,5,10,1,4,0,3,0,,,17,16,3,1,0,0,1,0,21,19,11,10,1,4,10,22,3,10,79,47,52.0,37.0,27.0,10.0,16.0,5.0,432,350,329.0,251.0,153,144,176,107,41.0,23.0,13.0,0.0,2.44,0.4,1.87,0.4,0.57,0.0,2.44,0.4,2.07,0.65,1,0,15,1,6,0,3,4,2,1,0.5092,0.0,1.4492,0.193,0.3307,0.0,0.0992,0.1927,0.0542,0.0147,21,6,0,0,5,0,1,0,0,0,1.8692,0.4004,0.0,0.0,0.5515,0.0,0.0218,0.0,0.0,0.0,27,6,15.32,22.9
4219309,2023-09-23,fra,2023/2024,Ligue 1,6,Thomas Léonard,9748,Lyon,8521,Brest,0,0,1,44,56,6,27,3,11,2,11,1,5,0,1,1,22,5,5,1,10,0,4,0,3,,,16,17,1,3,0,0,0,1,19,21,10,11,4,1,22,10,10,3,47,79,37.0,52.0,10.0,27.0,5.0,16.0,350,432,251.0,329.0,144,153,107,176,23.0,41.0,0.0,13.0,0.4,2.44,0.4,1.87,0.0,0.57,0.4,2.44,0.65,2.07,0,1,1,15,0,6,4,3,1,2,0.0,0.5092,0.193,1.4492,0.0,0.3307,0.1927,0.0992,0.0147,0.0542,6,21,0,0,0,5,0,1,0,0,0.4004,1.8692,0.0,0.0,0.0,0.5515,0.0,0.0218,0.0,0.0,6,27,22.9,15.32
4219301,2023-09-24,fra,2023/2024,Ligue 1,6,Willy Delajod,9847,Paris Saint-Germain,8592,Marseille,1,4,0,77,23,15,6,5,0,5,5,5,1,1,1,7,4,8,2,8,3,2,1,0,1,44,9,11,14,0,3,0,0,1,2,22,20,15,14,1,5,9,23,0,1,52,45,48.0,36.0,4.0,9.0,12.0,6.0,807,241,734.0,162.0,330,110,404,52,24.0,15.0,4.0,2.0,1.94,0.66,1.79,0.53,0.16,0.13,1.94,0.66,2.46,0.0,1,1,5,3,1,0,4,1,4,1,0.6709,0.0263,0.8848,0.5825,0.0431,0.0,0.2438,0.0408,0.1286,0.0104,10,4,2,0,1,1,2,1,0,0,1.2224,0.5325,0.593,0.0,0.0578,0.0263,0.0979,0.1011,0.0,0.0,15,6,17.68,18.53
4219301,2023-09-24,fra,2023/2024,Ligue 1,6,Willy Delajod,8592,Marseille,9847,Paris Saint-Germain,0,0,4,23,77,6,15,0,5,5,5,1,5,1,1,4,7,2,8,3,8,1,2,1,0,9,44,14,11,3,0,0,0,2,1,20,22,14,15,5,1,23,9,1,0,45,52,36.0,48.0,9.0,4.0,6.0,12.0,241,807,162.0,734.0,110,330,52,404,15.0,24.0,2.0,4.0,0.66,1.94,0.53,1.79,0.13,0.16,0.66,1.94,0.0,2.46,1,1,3,5,0,1,1,4,1,4,0.0263,0.6709,0.5825,0.8848,0.0,0.0431,0.0408,0.2438,0.0104,0.1286,4,10,0,2,1,1,1,2,0,0,0.5325,1.2224,0.0,0.593,0.0263,0.0578,0.1011,0.0979,0.0,0.0,6,15,18.53,17.68
4219304,2023-09-24,fra,2023/2024,Ligue 1,6,Hakim Ben El Hadj Salem,8588,Lens,9941,Toulouse,1,2,1,61,39,27,7,7,2,8,3,12,2,2,0,18,2,9,5,9,4,4,1,3,0,,,16,15,2,1,0,0,3,1,10,26,10,10,1,12,17,34,1,5,47,58,34.0,46.0,13.0,12.0,9.0,5.0,554,357,475.0,267.0,129,173,346,94,21.0,25.0,6.0,1.0,2.5,0.37,1.93,0.21,0.58,0.16,2.5,0.37,1.36,0.95,1,0,11,2,6,0,7,3,2,2,0.0924,0.0,1.5256,0.1805,0.5249,0.0,0.3304,0.1232,0.0314,0.0649,17,4,3,0,3,2,4,1,0,0,1.3852,0.2111,0.5401,0.0,0.2228,0.1175,0.3565,0.04,0.0,0.0,27,7,16.58,19.54
4219304,2023-09-24,fra,2023/2024,Ligue 1,6,Hakim Ben El Hadj Salem,9941,Toulouse,8588,Lens,0,1,2,39,61,7,27,2,7,3,8,2,12,0,2,2,18,5,9,4,9,1,4,0,3,,,15,16,1,2,0,0,1,3,26,10,10,10,12,1,34,17,5,1,58,47,46.0,34.0,12.0,13.0,5.0,9.0,357,554,267.0,475.0,173,129,94,346,25.0,21.0,1.0,6.0,0.37,2.5,0.21,1.93,0.16,0.58,0.37,2.5,0.95,1.36,0,1,2,11,0,6,3,7,2,2,0.0,0.0924,0.1805,1.5256,0.0,0.5249,0.1232,0.3304,0.0649,0.0314,4,17,0,3,2,3,1,4,0,0,0.2111,1.3852,0.0,0.5401,0.1175,0.2228,0.04,0.3565,0.0,0.0,7,27,19.54,16.58
4219306,2023-09-24,fra,2023/2024,Ligue 1,6,Mathieu Vernice,9746,Le Havre,8311,Clermont Foot,1,2,1,32,68,9,11,3,4,3,2,3,5,0,1,6,7,3,4,1,3,2,0,0,0,,,15,17,2,3,0,0,0,1,12,9,17,6,5,3,15,9,3,1,46,45,33.0,32.0,13.0,13.0,6.0,10.0,292,629,206.0,548.0,113,244,93,304,17.0,33.0,3.0,4.0,1.31,0.86,1.11,0.67,0.2,0.19,1.31,0.86,1.36,1.06,1,0,5,6,0,1,2,2,1,2,0.103,0.0,1.0911,0.5336,0.0,0.062,0.0933,0.1612,0.0262,0.1012,7,9,0,0,1,0,1,2,0,0,1.1091,0.6673,0.0,0.0,0.103,0.0,0.1015,0.1907,0.0,0.0,9,11,15.64,17.53
4219306,2023-09-24,fra,2023/2024,Ligue 1,6,Mathieu Vernice,8311,Clermont Foot,9746,Le Havre,0,1,2,68,32,11,9,4,3,2,3,5,3,1,0,7,6,4,3,3,1,0,2,0,0,,,17,15,3,2,0,0,1,0,9,12,6,17,3,5,9,15,1,3,45,46,32.0,33.0,13.0,13.0,10.0,6.0,629,292,548.0,206.0,244,113,304,93,33.0,17.0,4.0,3.0,0.86,1.31,0.67,1.11,0.19,0.2,0.86,1.31,1.06,1.36,0,1,6,5,1,0,2,2,2,1,0.0,0.103,0.5336,1.0911,0.062,0.0,0.1612,0.0933,0.1012,0.0262,9,7,0,0,0,1,2,1,0,0,0.6673,1.1091,0.0,0.0,0.0,0.103,0.1907,0.1015,0.0,0.0,11,9,17.53,15.64
4219307,2023-09-24,fra,2023/2024,Ligue 1,6,Clément Turpin,8550,Metz,9848,Strasbourg,1,0,1,52,48,13,4,1,1,6,2,6,1,0,0,9,3,4,1,1,1,1,1,1,1,,,16,15,2,0,0,0,3,0,23,17,6,8,1,6,12,13,0,1,52,53,43.0,43.0,9.0,10.0,9.0,10.0,462,427,394.0,374.0,252,209,142,165,24.0,26.0,5.0,1.0,1.16,0.4,0.88,0.4,0.28,0.0,1.16,0.4,0.08,0.07,0,1,8,1,1,1,4,1,0,0,0.0,0.066,1.0769,0.1936,0.0191,0.1139,0.0661,0.0232,0.0,0.0,8,4,0,0,3,0,2,0,0,0,0.8849,0.3967,0.0,0.0,0.2358,0.0,0.0413,0.0,0.0,0.0,13,4,16.63,15.94
4219307,2023-09-24,fra,2023/2024,Ligue 1,6,Clément Turpin,9848,Strasbourg,8550,Metz,0,1,0,48,52,4,13,1,1,2,6,1,6,0,0,3,9,1,4,1,1,1,1,1,1,,,15,16,0,2,0,0,0,3,17,23,8,6,6,1,13,12,1,0,53,52,43.0,43.0,10.0,9.0,10.0,9.0,427,462,374.0,394.0,209,252,165,142,26.0,24.0,1.0,5.0,0.4,1.16,0.4,0.88,0.0,0.28,0.4,1.16,0.07,0.08,1,0,1,8,1,1,1,4,0,0,0.066,0.0,0.1936,1.0769,0.1139,0.0191,0.0232,0.0661,0.0,0.0,4,8,0,0,0,3,0,2,0,0,0.3967,0.8849,0.0,0.0,0.0,0.2358,0.0,0.0413,0.0,0.0,4,13,15.94,16.63
4219308,2023-09-24,fra,2023/2024,Ligue 1,6,Stéphanie Frappart,10249,Montpellier,9851,Rennes,1,0,0,37,63,13,18,4,6,4,7,5,5,1,0,8,6,5,12,3,5,2,1,2,1,,,10,15,2,1,0,0,4,0,17,9,8,10,5,5,23,18,6,4,54,53,37.0,31.0,17.0,22.0,7.0,13.0,298,521,197.0,427.0,82,230,115,197,29.0,28.0,3.0,4.0,1.51,0.85,1.49,0.78,0.02,0.07,1.51,0.85,0.35,0.68,1,0,4,4,3,2,3,7,2,5,0.7785,0.0,0.3964,0.3911,0.175,0.1551,0.1381,0.2121,0.021,0.0927,12,15,0,0,1,2,0,1,0,0,1.4924,0.7774,0.0,0.0,0.0165,0.045,0.0,0.0286,0.0,0.0,13,18,20.16,23.81
4219308,2023-09-24,fra,2023/2024,Ligue 1,6,Stéphanie Frappart,9851,Rennes,10249,Montpellier,0,0,0,63,37,18,13,6,4,7,4,5,5,0,1,6,8,12,5,5,3,1,2,1,2,,,15,10,1,2,0,0,0,4,9,17,10,8,5,5,18,23,4,6,53,54,31.0,37.0,22.0,17.0,13.0,7.0,521,298,427.0,197.0,230,82,197,115,28.0,29.0,4.0,3.0,0.85,1.51,0.78,1.49,0.07,0.02,0.85,1.51,0.68,0.35,0,1,4,4,2,3,7,3,5,2,0.0,0.7785,0.3911,0.3964,0.1551,0.175,0.2121,0.1381,0.0927,0.021,15,12,0,0,2,1,1,0,0,0,0.7774,1.4924,0.0,0.0,0.045,0.0165,0.0286,0.0,0.0,0.0,18,13,23.81,20.16
4219303,2023-09-26,fra,2023/2024,Ligue 1,6,Jérémie Pignard,8639,Lille,9837,Reims,1,1,2,70,30,14,4,3,4,7,0,4,0,0,0,10,3,4,1,4,2,2,2,1,0,,,4,19,1,2,0,0,3,5,7,23,5,11,0,4,6,29,2,2,46,38,37.0,32.0,9.0,6.0,12.0,5.0,648,284,567.0,195.0,301,142,266,53,34.0,16.0,9.0,0.0,1.24,0.5,0.96,0.28,0.28,0.22,1.24,0.5,1.02,0.85,2,1,5,2,3,0,2,1,2,0,0.2975,0.2204,0.4827,0.2211,0.2988,0.0,0.1236,0.0598,0.0415,0.0,11,3,0,0,3,1,0,0,0,0,0.9608,0.2809,0.0,0.0,0.2832,0.2204,0.0,0.0,0.0,0.0,14,4,14.29,12.23
4219303,2023-09-26,fra,2023/2024,Ligue 1,6,Jérémie Pignard,9837,Reims,8639,Lille,0,2,1,30,70,4,14,4,3,0,7,0,4,0,0,3,10,1,4,2,4,2,2,0,1,,,19,4,2,1,0,0,5,3,23,7,11,5,4,0,29,6,2,2,38,46,32.0,37.0,6.0,9.0,5.0,12.0,284,648,195.0,567.0,142,301,53,266,16.0,34.0,0.0,9.0,0.5,1.24,0.28,0.96,0.22,0.28,0.5,1.24,0.85,1.02,1,2,2,5,0,3,1,2,0,2,0.2204,0.2975,0.2211,0.4827,0.0,0.2988,0.0598,0.1236,0.0,0.0415,3,11,0,0,1,3,0,0,0,0,0.2809,0.9608,0.0,0.0,0.2204,0.2832,0.0,0.0,0.0,0.0,4,14,12.23,14.29
4219310,2023-09-29,fra,2023/2024,Ligue 1,7,Jérôme Brisard,9848,Strasbourg,8588,Lens,1,0,1,48,52,8,9,2,2,5,5,1,2,0,0,4,6,4,3,2,3,0,2,0,2,,,16,13,2,4,0,0,0,6,8,16,9,8,2,1,6,12,1,2,33,45,23.0,35.0,10.0,10.0,3.0,4.0,487,535,410.0,455.0,256,224,154,231,17.0,32.0,3.0,1.0,0.29,0.75,0.2,0.75,0.1,0.0,0.29,0.75,0.37,1.06,0,0,3,3,1,3,2,3,2,0,0.0,0.0,0.1192,0.3675,0.0586,0.1561,0.0768,0.2303,0.038,0.0,5,8,1,1,2,0,0,0,0,0,0.1367,0.5926,0.0586,0.1613,0.0974,0.0,0.0,0.0,0.0,0.0,8,9,19.68,15.36
4219310,2023-09-29,fra,2023/2024,Ligue 1,7,Jérôme Brisard,8588,Lens,9848,Strasbourg,0,1,0,52,48,9,8,2,2,5,5,2,1,0,0,6,4,3,4,3,2,2,0,2,0,,,13,16,4,2,0,0,6,0,16,8,8,9,1,2,12,6,2,1,45,33,35.0,23.0,10.0,10.0,4.0,3.0,535,487,455.0,410.0,224,256,231,154,32.0,17.0,1.0,3.0,0.75,0.29,0.75,0.2,0.0,0.1,0.75,0.29,1.06,0.37,0,0,3,3,3,1,3,2,0,2,0.0,0.0,0.3675,0.1192,0.1561,0.0586,0.2303,0.0768,0.0,0.038,8,5,1,1,0,2,0,0,0,0,0.5926,0.1367,0.1613,0.0586,0.0,0.0974,0.0,0.0,0.0,0.0,9,8,15.36,19.68
4219314,2023-09-30,fra,2023/2024,Ligue 1,7,Benoît Bastien,9829,Monaco,8592,Marseille,1,3,2,46,54,10,8,7,4,2,3,1,1,0,0,8,4,2,4,2,6,3,2,3,0,18,20,17,15,4,4,0,0,1,5,19,15,17,10,1,1,17,29,2,4,59,52,42.0,35.0,17.0,17.0,10.0,4.0,407,481,316.0,379.0,160,177,156,202,30.0,17.0,1.0,5.0,1.02,1.01,0.89,0.91,0.13,0.1,1.02,1.01,2.1,1.44,0,0,5,3,3,1,2,2,0,2,0.0,0.0,0.8164,0.8545,0.2109,0.0309,0.0761,0.0785,0.0,0.0452,8,7,1,0,1,1,0,0,0,0,0.9296,0.9086,0.1214,0.0,0.0524,0.1006,0.0,0.0,0.0,0.0,10,8,15.82,17.04
4219314,2023-09-30,fra,2023/2024,Ligue 1,7,Benoît Bastien,8592,Marseille,9829,Monaco,0,2,3,54,46,8,10,4,7,3,2,1,1,0,0,4,8,4,2,6,2,2,3,0,3,20,18,15,17,4,4,0,0,5,1,15,19,10,17,1,1,29,17,4,2,52,59,35.0,42.0,17.0,17.0,4.0,10.0,481,407,379.0,316.0,177,160,202,156,17.0,30.0,5.0,1.0,1.01,1.02,0.91,0.89,0.1,0.13,1.01,1.02,1.44,2.1,0,0,3,5,1,3,2,2,2,0,0.0,0.0,0.8545,0.8164,0.0309,0.2109,0.0785,0.0761,0.0452,0.0,7,8,0,1,1,1,0,0,0,0,0.9086,0.9296,0.0,0.1214,0.1006,0.0524,0.0,0.0,0.0,0.0,8,10,17.04,15.82
4219316,2023-09-30,fra,2023/2024,Ligue 1,7,Marc Bollengier,8311,Clermont Foot,9847,Paris Saint-Germain,1,0,0,33,67,12,21,3,10,3,6,6,5,0,1,7,16,5,5,6,9,2,5,2,5,20,34,11,16,2,3,0,0,1,0,18,13,9,8,5,6,23,14,10,3,57,50,46.0,39.0,11.0,11.0,13.0,15.0,278,575,208.0,506.0,95,164,113,342,31.0,14.0,6.0,5.0,1.05,3.06,0.81,2.39,0.24,0.67,1.05,3.06,1.67,1.54,1,0,5,12,1,4,3,4,2,1,0.4437,0.0,0.451,2.3995,0.0341,0.5352,0.1453,0.1142,0.031,0.0144,7,11,1,3,3,5,1,2,0,0,0.8158,1.0724,0.047,1.3198,0.165,0.2679,0.0772,0.4032,0.0,0.0,12,21,16.25,15.85
4219316,2023-09-30,fra,2023/2024,Ligue 1,7,Marc Bollengier,9847,Paris Saint-Germain,8311,Clermont Foot,0,0,0,67,33,21,12,10,3,6,3,5,6,1,0,16,7,5,5,9,6,5,2,5,2,34,20,16,11,3,2,0,0,0,1,13,18,8,9,6,5,14,23,3,10,50,57,39.0,46.0,11.0,11.0,15.0,13.0,575,278,506.0,208.0,164,95,342,113,14.0,31.0,5.0,6.0,3.06,1.05,2.39,0.81,0.67,0.24,3.06,1.05,1.54,1.67,0,1,12,5,4,1,4,3,1,2,0.0,0.4437,2.3995,0.451,0.5352,0.0341,0.1142,0.1453,0.0144,0.031,11,7,3,1,5,3,2,1,0,0,1.0724,0.8158,1.3198,0.047,0.2679,0.165,0.4032,0.0772,0.0,0.0,21,12,15.85,16.25
4219311,2023-10-01,fra,2023/2024,Ligue 1,7,Ruddy Buquet,9851,Rennes,9830,Nantes,1,3,1,58,42,16,10,5,3,10,3,1,4,0,0,12,7,4,3,6,4,2,2,0,1,28,13,11,17,3,6,0,1,1,5,6,20,5,10,4,1,12,15,2,2,40,44,23.0,34.0,17.0,10.0,2.0,3.0,499,359,438.0,285.0,224,168,214,117,30.0,23.0,6.0,1.0,2.68,1.0,0.46,1.0,0.65,0.02,1.11,1.0,2.57,0.67,0,0,8,4,4,3,2,1,2,2,0.0,0.0,2.0897,0.8014,0.3756,0.1374,0.1601,0.0303,0.0592,0.0351,6,10,0,0,5,0,3,0,2,0,0.4559,1.0043,0.0,0.0,0.3197,0.0,0.3322,0.0,1.5768,0.0,16,10,15.59,19.77
4219311,2023-10-01,fra,2023/2024,Ligue 1,7,Ruddy Buquet,9830,Nantes,9851,Rennes,0,1,3,42,58,10,16,3,5,3,10,4,1,0,0,7,12,3,4,4,6,2,2,1,0,13,28,17,11,6,3,1,0,5,1,20,6,10,5,1,4,15,12,2,2,44,40,34.0,23.0,10.0,17.0,3.0,2.0,359,499,285.0,438.0,168,224,117,214,23.0,30.0,1.0,6.0,1.0,2.68,1.0,0.46,0.02,0.65,1.0,1.11,0.67,2.57,0,0,4,8,3,4,1,2,2,2,0.0,0.0,0.8014,2.0897,0.1374,0.3756,0.0303,0.1601,0.0351,0.0592,10,6,0,0,0,5,0,3,0,2,1.0043,0.4559,0.0,0.0,0.0,0.3197,0.0,0.3322,0.0,1.5768,10,16,19.77,15.59
4219312,2023-10-01,fra,2023/2024,Ligue 1,7,Gaël Angoula,9941,Toulouse,8550,Metz,1,3,0,66,34,15,8,10,3,3,3,2,2,0,0,13,7,2,1,4,6,2,1,0,1,33,14,10,7,3,0,0,0,3,0,16,11,6,9,2,2,17,20,3,7,51,42,32.0,30.0,19.0,12.0,9.0,10.0,634,305,556.0,231.0,280,111,276,120,22.0,28.0,7.0,4.0,1.34,0.69,1.27,0.53,0.07,0.17,1.34,0.69,2.21,0.36,1,0,7,5,5,2,2,0,0,1,0.2505,0.0,0.7717,0.5876,0.2158,0.0749,0.1002,0.0,0.0,0.0313,14,4,0,0,1,2,0,2,0,0,1.2695,0.5263,0.0,0.0,0.0687,0.0839,0.0,0.0836,0.0,0.0,15,8,14.47,15.37
4219312,2023-10-01,fra,2023/2024,Ligue 1,7,Gaël Angoula,8550,Metz,9941,Toulouse,0,0,3,34,66,8,15,3,10,3,3,2,2,0,0,7,13,1,2,6,4,1,2,1,0,14,33,7,10,0,3,0,0,0,3,11,16,9,6,2,2,20,17,7,3,42,51,30.0,32.0,12.0,19.0,10.0,9.0,305,634,231.0,556.0,111,280,120,276,28.0,22.0,4.0,7.0,0.69,1.34,0.53,1.27,0.17,0.07,0.69,1.34,0.36,2.21,0,1,5,7,2,5,0,2,1,0,0.0,0.2505,0.5876,0.7717,0.0749,0.2158,0.0,0.1002,0.0313,0.0,4,14,0,0,2,1,2,0,0,0,0.5263,1.2695,0.0,0.0,0.0839,0.0687,0.0836,0.0,0.0,0.0,8,15,15.37,14.47
4219313,2023-10-01,fra,2023/2024,Ligue 1,7,Jeremy Stinat,8689,Lorient,10249,Montpellier,1,0,3,50,50,14,14,3,8,4,4,7,2,1,0,13,8,1,6,8,3,0,3,0,0,30,29,13,6,2,1,0,0,1,1,15,22,8,5,2,7,21,17,5,3,46,60,34.0,48.0,12.0,12.0,14.0,14.0,527,527,460.0,454.0,193,257,267,197,22.0,30.0,8.0,2.0,0.98,2.85,0.68,2.01,0.31,0.05,0.98,2.06,0.43,3.11,1,0,8,7,4,1,0,2,1,4,0.1409,0.0,0.6653,2.5702,0.1791,0.0392,0.0,0.1246,0.0142,0.1115,9,11,0,1,3,0,2,1,0,1,0.6904,1.053,0.0,0.9545,0.1577,0.0,0.1515,0.0495,0.0,0.7884,14,14,12.83,16.12
4219313,2023-10-01,fra,2023/2024,Ligue 1,7,Jeremy Stinat,10249,Montpellier,8689,Lorient,0,3,0,50,50,14,14,8,3,4,4,2,7,0,1,8,13,6,1,3,8,3,0,0,0,29,30,6,13,1,2,0,0,1,1,22,15,5,8,7,2,17,21,3,5,60,46,48.0,34.0,12.0,12.0,14.0,14.0,527,527,454.0,460.0,257,193,197,267,30.0,22.0,2.0,8.0,2.85,0.98,2.01,0.68,0.05,0.31,2.06,0.98,3.11,0.43,0,1,7,8,1,4,2,0,4,1,0.0,0.1409,2.5702,0.6653,0.0392,0.1791,0.1246,0.0,0.1115,0.0142,11,9,1,0,0,3,1,2,1,0,1.053,0.6904,0.9545,0.0,0.0,0.1577,0.0495,0.1515,0.7884,0.0,14,14,16.12,12.83
4219315,2023-10-01,fra,2023/2024,Ligue 1,7,Romain Lissorgue,9831,Nice,8521,Brest,1,0,0,54,46,12,7,1,2,8,3,3,2,1,1,8,2,4,5,6,4,1,0,1,0,20,11,13,9,1,3,0,0,0,2,13,30,4,8,2,3,19,15,2,1,47,63,38.0,50.0,9.0,13.0,16.0,8.0,415,355,349.0,273.0,196,128,153,145,13.0,30.0,5.0,3.0,1.22,0.16,1.07,0.11,0.15,0.05,1.22,0.16,0.06,0.23,0,0,7,0,1,2,3,3,1,2,0.0,0.0,0.9425,0.0,0.058,0.0546,0.1215,0.0506,0.0933,0.0526,9,5,0,0,2,1,1,1,0,0,1.07,0.109,0.0,0.0,0.052,0.0116,0.0933,0.0372,0.0,0.0,12,7,16.04,28.05
4219315,2023-10-01,fra,2023/2024,Ligue 1,7,Romain Lissorgue,8521,Brest,9831,Nice,0,0,0,46,54,7,12,2,1,3,8,2,3,1,1,2,8,5,4,4,6,0,1,0,1,11,20,9,13,3,1,0,0,2,0,30,13,8,4,3,2,15,19,1,2,63,47,50.0,38.0,13.0,9.0,8.0,16.0,355,415,273.0,349.0,128,196,145,153,30.0,13.0,3.0,5.0,0.16,1.22,0.11,1.07,0.05,0.15,0.16,1.22,0.23,0.06,0,0,0,7,2,1,3,3,2,1,0.0,0.0,0.0,0.9425,0.0546,0.058,0.0506,0.1215,0.0526,0.0933,5,9,0,0,1,2,1,1,0,0,0.109,1.07,0.0,0.0,0.0116,0.052,0.0372,0.0933,0.0,0.0,7,12,28.05,16.04
4219317,2023-10-01,fra,2023/2024,Ligue 1,7,François Letexier,9837,Reims,9748,Lyon,1,2,0,50,50,8,11,3,6,4,1,1,4,0,0,7,5,1,6,1,5,4,0,2,0,17,19,19,14,2,2,0,0,1,2,23,9,10,9,4,1,20,9,6,2,64,49,52.0,36.0,12.0,13.0,16.0,9.0,490,496,410.0,418.0,269,236,141,182,37.0,35.0,3.0,3.0,1.97,0.75,1.96,0.66,0.01,0.09,1.97,0.75,1.6,0.58,3,0,3,4,1,1,1,4,0,2,1.3805,0.0,0.6523,0.4827,0.0389,0.07,0.0095,0.1384,0.0,0.0556,7,9,0,0,0,2,1,0,0,0,2.0716,0.6596,0.0,0.0,0.0,0.087,0.0095,0.0,0.0,0.0,8,11,11.73,19.33
4219317,2023-10-01,fra,2023/2024,Ligue 1,7,François Letexier,9748,Lyon,9837,Reims,0,0,2,50,50,11,8,6,3,1,4,4,1,0,0,5,7,6,1,5,1,0,4,0,2,19,17,14,19,2,2,0,0,2,1,9,23,9,10,1,4,9,20,2,6,49,64,36.0,52.0,13.0,12.0,9.0,16.0,496,490,418.0,410.0,236,269,182,141,35.0,37.0,3.0,3.0,0.75,1.97,0.66,1.96,0.09,0.01,0.75,1.97,0.58,1.6,0,3,4,3,1,1,4,1,2,0,0.0,1.3805,0.4827,0.6523,0.07,0.0389,0.1384,0.0095,0.0556,0.0,9,7,0,0,2,0,0,1,0,0,0.6596,2.0716,0.0,0.0,0.087,0.0,0.0,0.0095,0.0,0.0,11,8,19.33,11.73
4219318,2023-10-01,fra,2023/2024,Ligue 1,7,Bastien Dechepy,9746,Le Havre,8639,Lille,1,0,2,37,63,5,16,0,6,4,6,1,4,0,0,4,12,1,4,6,6,2,2,2,2,13,28,18,6,0,0,0,0,6,1,18,18,8,4,3,1,21,16,5,0,41,63,29.0,49.0,12.0,14.0,5.0,14.0,392,674,327.0,611.0,224,342,103,269,11.0,32.0,2.0,7.0,0.83,1.25,0.26,0.83,0.57,0.42,0.83,1.25,0.0,1.01,2,0,2,7,0,5,1,2,0,2,0.5651,0.0,0.2389,0.6708,0.0,0.4023,0.0214,0.1357,0.0,0.0444,2,10,1,1,2,2,0,3,0,0,0.1772,0.7475,0.083,0.0849,0.5651,0.1979,0.0,0.223,0.0,0.0,5,16,14.01,16.07
4219318,2023-10-01,fra,2023/2024,Ligue 1,7,Bastien Dechepy,8639,Lille,9746,Le Havre,0,2,0,63,37,16,5,6,0,6,4,4,1,0,0,12,4,4,1,6,6,2,2,2,2,28,13,6,18,0,0,0,0,1,6,18,18,4,8,1,3,16,21,0,5,63,41,49.0,29.0,14.0,12.0,14.0,5.0,674,392,611.0,327.0,342,224,269,103,32.0,11.0,7.0,2.0,1.25,0.83,0.83,0.26,0.42,0.57,1.25,0.83,1.01,0.0,0,2,7,2,5,0,2,1,2,0,0.0,0.5651,0.6708,0.2389,0.4023,0.0,0.1357,0.0214,0.0444,0.0,10,2,1,1,2,2,3,0,0,0,0.7475,0.1772,0.0849,0.083,0.1979,0.5651,0.223,0.0,0.0,0.0,16,5,16.07,14.01
4219319,2023-10-06,fra,2023/2024,Ligue 1,8,Stéphanie Frappart,9848,Strasbourg,9830,Nantes,1,1,2,44,56,11,16,3,7,5,5,3,4,0,1,6,13,5,3,3,11,1,4,0,3,17,26,15,12,3,1,0,0,0,2,19,13,3,10,4,3,21,30,5,2,49,44,35.0,35.0,14.0,9.0,4.0,8.0,391,504,321.0,429.0,166,267,155,162,32.0,30.0,8.0,5.0,0.69,1.94,0.65,1.68,0.03,0.27,0.69,1.94,0.88,1.74,1,3,3,7,2,3,2,2,3,1,0.2176,0.6023,0.1828,1.2451,0.1138,0.1045,0.1127,0.0746,0.0592,0.0267,9,13,1,0,0,1,1,2,0,0,0.5958,1.7873,0.0582,0.0,0.0,0.0268,0.0321,0.2391,0.0,0.0,11,16,18.18,15.89
4219319,2023-10-06,fra,2023/2024,Ligue 1,8,Stéphanie Frappart,9830,Nantes,9848,Strasbourg,0,2,1,56,44,16,11,7,3,5,5,4,3,1,0,13,6,3,5,11,3,4,1,3,0,26,17,12,15,1,3,0,0,2,0,13,19,10,3,3,4,30,21,2,5,44,49,35.0,35.0,9.0,14.0,8.0,4.0,504,391,429.0,321.0,267,166,162,155,30.0,32.0,5.0,8.0,1.94,0.69,1.68,0.65,0.27,0.03,1.94,0.69,1.74,0.88,3,1,7,3,3,2,2,2,1,3,0.6023,0.2176,1.2451,0.1828,0.1045,0.1138,0.0746,0.1127,0.0267,0.0592,13,9,0,1,1,0,2,1,0,0,1.7873,0.5958,0.0,0.0582,0.0268,0.0,0.2391,0.0321,0.0,0.0,16,11,15.89,18.18
4219323,2023-10-07,fra,2023/2024,Ligue 1,8,Hakim Ben El Hadj Salem,9837,Reims,9829,Monaco,1,1,3,54,46,11,11,4,4,3,4,4,3,0,0,8,9,3,2,10,5,3,2,2,0,25,31,10,14,0,3,0,0,3,5,13,24,10,16,3,4,14,33,1,3,59,69,40.0,53.0,19.0,16.0,15.0,19.0,416,375,330.0,289.0,162,174,168,115,38.0,28.0,5.0,5.0,1.55,1.21,0.76,0.96,0.0,0.25,0.76,1.21,1.6,1.77,0,2,6,5,2,2,0,2,3,0,0.0,0.6669,1.4145,0.3763,0.0405,0.0817,0.0,0.0849,0.0955,0.0,10,5,0,1,0,5,0,0,1,0,0.7621,0.8196,0.0,0.1429,0.0,0.2472,0.0,0.0,0.7884,0.0,11,11,16.71,12.79
4219323,2023-10-07,fra,2023/2024,Ligue 1,8,Hakim Ben El Hadj Salem,9829,Monaco,9837,Reims,0,3,1,46,54,11,11,4,4,4,3,3,4,0,0,9,8,2,3,5,10,2,3,0,2,31,25,14,10,3,0,0,0,5,3,24,13,16,10,4,3,33,14,3,1,69,59,53.0,40.0,16.0,19.0,19.0,15.0,375,416,289.0,330.0,174,162,115,168,28.0,38.0,5.0,5.0,1.21,1.55,0.96,0.76,0.25,0.0,1.21,0.76,1.77,1.6,2,0,5,6,2,2,2,0,0,3,0.6669,0.0,0.3763,1.4145,0.0817,0.0405,0.0849,0.0,0.0,0.0955,5,10,1,0,5,0,0,0,0,1,0.8196,0.7621,0.1429,0.0,0.2472,0.0,0.0,0.0,0.0,0.7884,11,11,12.79,16.71
4219325,2023-10-07,fra,2023/2024,Ligue 1,8,Jérôme Brisard,8550,Metz,9831,Nice,1,0,1,32,68,10,7,3,4,2,1,5,2,0,0,3,5,7,2,1,4,0,2,0,1,11,22,9,10,0,1,0,0,3,0,16,14,15,11,2,5,17,9,3,3,43,44,32.0,29.0,11.0,15.0,8.0,7.0,368,797,296.0,716.0,164,475,132,241,33.0,26.0,2.0,3.0,0.4,1.36,0.3,1.27,0.09,0.09,0.4,1.36,0.24,2.31,0,2,2,2,1,1,6,1,1,1,0.0,1.1117,0.1148,0.1429,0.0232,0.0206,0.243,0.0518,0.0144,0.0353,9,6,0,0,0,1,1,0,0,0,0.3047,1.2723,0.0,0.0,0.0,0.09,0.0907,0.0,0.0,0.0,10,7,22.72,13.47
4219325,2023-10-07,fra,2023/2024,Ligue 1,8,Jérôme Brisard,9831,Nice,8550,Metz,0,1,0,68,32,7,10,4,3,1,2,2,5,0,0,5,3,2,7,4,1,2,0,1,0,22,11,10,9,1,0,0,0,0,3,14,16,11,15,5,2,9,17,3,3,44,43,29.0,32.0,15.0,11.0,7.0,8.0,797,368,716.0,296.0,475,164,241,132,26.0,33.0,3.0,2.0,1.36,0.4,1.27,0.3,0.09,0.09,1.36,0.4,2.31,0.24,2,0,2,2,1,1,1,6,1,1,1.1117,0.0,0.1429,0.1148,0.0206,0.0232,0.0518,0.243,0.0353,0.0144,6,9,0,0,1,0,0,1,0,0,1.2723,0.3047,0.0,0.0,0.09,0.0,0.0,0.0907,0.0,0.0,7,10,13.47,22.72
4219320,2023-10-08,fra,2023/2024,Ligue 1,8,Benoît Bastien,9851,Rennes,9847,Paris Saint-Germain,1,1,3,42,58,14,17,4,7,8,3,2,7,1,0,10,13,4,4,1,7,2,4,1,2,22,38,12,15,1,0,0,0,1,1,20,23,15,15,7,2,13,15,4,3,53,53,45.0,47.0,8.0,6.0,10.0,12.0,445,638,367.0,567.0,173,330,194,237,26.0,27.0,5.0,0.0,1.13,3.51,0.89,3.42,0.23,0.09,1.13,3.51,1.25,2.44,0,0,6,9,4,4,2,2,2,2,0.0,0.0,0.7438,3.1138,0.2021,0.232,0.1285,0.1155,0.0507,0.0526,10,11,1,5,1,0,2,1,0,0,0.8435,1.5141,0.0514,1.9105,0.0127,0.0,0.2177,0.0894,0.0,0.0,14,17,16.3,15.31
4219320,2023-10-08,fra,2023/2024,Ligue 1,8,Benoît Bastien,9847,Paris Saint-Germain,9851,Rennes,0,3,1,58,42,17,14,7,4,3,8,7,2,0,1,13,10,4,4,7,1,4,2,2,1,38,22,15,12,0,1,0,0,1,1,23,20,15,15,2,7,15,13,3,4,53,53,47.0,45.0,6.0,8.0,12.0,10.0,638,445,567.0,367.0,330,173,237,194,27.0,26.0,0.0,5.0,3.51,1.13,3.42,0.89,0.09,0.23,3.51,1.13,2.44,1.25,0,0,9,6,4,4,2,2,2,2,0.0,0.0,3.1138,0.7438,0.232,0.2021,0.1155,0.1285,0.0526,0.0507,11,10,5,1,0,1,1,2,0,0,1.5141,0.8435,1.9105,0.0514,0.0,0.0127,0.0894,0.2177,0.0,0.0,17,14,15.31,16.3
4219321,2023-10-08,fra,2023/2024,Ligue 1,8,Thomas Léonard,8592,Marseille,9746,Le Havre,1,3,0,64,36,14,7,6,1,5,5,3,1,0,0,10,3,4,4,4,3,3,0,1,0,28,7,6,16,0,1,0,1,1,1,14,19,6,9,1,3,11,13,1,4,41,37,34.0,34.0,7.0,3.0,4.0,9.0,713,393,653.0,331.0,282,238,371,93,17.0,19.0,0.0,0.0,2.85,0.18,2.81,0.13,0.03,0.05,2.85,0.18,2.14,0.21,1,0,8,1,1,2,3,2,1,2,0.3865,0.0,2.2377,0.0065,0.051,0.0205,0.1477,0.13,0.0259,0.0204,11,3,2,0,1,3,0,1,0,0,2.1041,0.1279,0.7107,0.0,0.034,0.043,0.0,0.0065,0.0,0.0,14,7,14.99,22.87
4219321,2023-10-08,fra,2023/2024,Ligue 1,8,Thomas Léonard,9746,Le Havre,8592,Marseille,0,0,3,36,64,7,14,1,6,5,5,1,3,0,0,3,10,4,4,3,4,0,3,0,1,7,28,16,6,1,0,1,0,1,1,19,14,9,6,3,1,13,11,4,1,37,41,34.0,34.0,3.0,7.0,9.0,4.0,393,713,331.0,653.0,238,282,93,371,19.0,17.0,0.0,0.0,0.18,2.85,0.13,2.81,0.05,0.03,0.18,2.85,0.21,2.14,0,1,1,8,2,1,2,3,2,1,0.0,0.3865,0.0065,2.2377,0.0205,0.051,0.13,0.1477,0.0204,0.0259,3,11,0,2,3,1,1,0,0,0,0.1279,2.1041,0.0,0.7107,0.043,0.034,0.0065,0.0,0.0,0.0,7,14,22.87,14.99
4219322,2023-10-08,fra,2023/2024,Ligue 1,8,Clément Turpin,9748,Lyon,8689,Lorient,1,3,3,49,51,9,6,6,5,1,1,2,0,0,0,5,4,4,2,5,2,3,2,1,1,12,14,22,10,0,0,0,0,1,0,17,11,10,15,0,2,11,26,2,3,48,63,37.0,49.0,11.0,14.0,10.0,16.0,440,456,352.0,371.0,200,230,152,141,21.0,24.0,1.0,2.0,1.39,1.08,0.58,1.08,0.02,0.0,0.6,1.08,2.38,2.26,0,2,2,2,3,0,4,1,0,1,0.0,0.4882,0.8717,0.5019,0.3621,0.0,0.1565,0.0396,0.0,0.0528,6,6,0,0,0,0,2,0,1,0,0.5788,1.0824,0.0,0.0,0.0,0.0,0.0232,0.0,0.7884,0.0,9,6,17.41,12.15
4219322,2023-10-08,fra,2023/2024,Ligue 1,8,Clément Turpin,8689,Lorient,9748,Lyon,0,3,3,51,49,6,9,5,6,1,1,0,2,0,0,4,5,2,4,2,5,2,3,1,1,14,12,10,22,0,0,0,0,0,1,11,17,15,10,2,0,26,11,3,2,63,48,49.0,37.0,14.0,11.0,16.0,10.0,456,440,371.0,352.0,230,200,141,152,24.0,21.0,2.0,1.0,1.08,1.39,1.08,0.58,0.0,0.02,1.08,0.6,2.26,2.38,2,0,2,2,0,3,1,4,1,0,0.4882,0.0,0.5019,0.8717,0.0,0.3621,0.0396,0.1565,0.0528,0.0,6,6,0,0,0,0,0,2,0,1,1.0824,0.5788,0.0,0.0,0.0,0.0,0.0,0.0232,0.0,0.7884,6,9,12.15,17.41
4219324,2023-10-08,fra,2023/2024,Ligue 1,8,Benoît Millot,8588,Lens,8639,Lille,1,1,1,44,56,14,8,5,3,5,3,4,2,0,0,11,5,3,3,8,5,4,4,3,3,35,12,14,16,2,4,0,0,3,0,6,18,10,10,2,4,11,27,2,4,38,55,30.0,42.0,8.0,13.0,10.0,11.0,386,502,310.0,411.0,182,282,128,129,25.0,20.0,5.0,3.0,1.96,1.7,1.74,0.91,0.22,0.8,1.96,1.7,0.91,0.66,1,1,8,4,2,0,1,1,2,2,0.0897,0.5245,1.6465,1.0602,0.035,0.0,0.1088,0.0541,0.0779,0.0653,8,5,2,0,2,1,2,2,0,0,0.8918,0.9084,0.8434,0.0,0.103,0.5245,0.1197,0.2711,0.0,0.0,14,8,13.92,14.43
4219324,2023-10-08,fra,2023/2024,Ligue 1,8,Benoît Millot,8639,Lille,8588,Lens,0,1,1,56,44,8,14,3,5,3,5,2,4,0,0,5,11,3,3,5,8,4,4,3,3,12,35,16,14,4,2,0,0,0,3,18,6,10,10,4,2,27,11,4,2,55,38,42.0,30.0,13.0,8.0,11.0,10.0,502,386,411.0,310.0,282,182,129,128,20.0,25.0,3.0,5.0,1.7,1.96,0.91,1.74,0.8,0.22,1.7,1.96,0.66,0.91,1,1,4,8,0,2,1,1,2,2,0.5245,0.0897,1.0602,1.6465,0.0,0.035,0.0541,0.1088,0.0653,0.0779,5,8,0,2,1,2,2,2,0,0,0.9084,0.8918,0.0,0.8434,0.5245,0.103,0.2711,0.1197,0.0,0.0,8,14,14.43,13.92
4219327,2023-10-08,fra,2023/2024,Ligue 1,8,Pierre Gaillouste,8521,Brest,9941,Toulouse,1,1,1,55,45,13,9,2,3,7,1,4,5,1,0,9,5,4,4,3,5,2,3,1,2,21,14,18,18,2,2,0,0,0,1,15,12,9,4,5,2,14,21,2,1,66,51,43.0,37.0,23.0,14.0,10.0,10.0,455,378,359.0,292.0,183,162,176,130,40.0,24.0,5.0,2.0,1.47,1.17,0.85,0.8,0.63,0.37,1.47,1.17,0.92,1.01,2,0,6,4,1,1,4,3,0,1,0.428,0.0,0.9624,1.0006,0.0065,0.0281,0.0834,0.1029,0.0,0.0338,7,6,0,1,2,1,4,1,0,0,0.8539,0.7202,0.0,0.0779,0.2271,0.3466,0.3994,0.0207,0.0,0.0,13,9,14.81,15.45
4219327,2023-10-08,fra,2023/2024,Ligue 1,8,Pierre Gaillouste,9941,Toulouse,8521,Brest,0,1,1,45,55,9,13,3,2,1,7,5,4,0,1,5,9,4,4,5,3,3,2,2,1,14,21,18,18,2,2,0,0,1,0,12,15,4,9,2,5,21,14,1,2,51,66,37.0,43.0,14.0,23.0,10.0,10.0,378,455,292.0,359.0,162,183,130,176,24.0,40.0,2.0,5.0,1.17,1.47,0.8,0.85,0.37,0.63,1.17,1.47,1.01,0.92,0,2,4,6,1,1,3,4,1,0,0.0,0.428,1.0006,0.9624,0.0281,0.0065,0.1029,0.0834,0.0338,0.0,6,7,1,0,1,2,1,4,0,0,0.7202,0.8539,0.0779,0.0,0.3466,0.2271,0.0207,0.3994,0.0,0.0,9,13,15.45,14.81
4219336,2023-10-20,fra,2023/2024,Ligue 1,9,François Letexier,9746,Le Havre,8588,Lens,1,0,0,39,61,14,13,5,7,7,3,2,3,0,0,10,9,4,4,3,3,5,3,5,3,23,20,16,9,2,3,0,0,1,4,13,24,13,6,3,3,16,16,7,4,47,56,30.0,43.0,17.0,13.0,8.0,4.0,373,582,286.0,487.0,146,217,140,270,24.0,18.0,4.0,8.0,1.64,1.64,1.59,1.08,0.05,0.56,1.64,1.64,1.82,1.03,2,3,4,6,4,0,2,3,2,1,0.8029,0.7572,0.4845,0.6809,0.2688,0.0,0.0626,0.1878,0.0419,0.0117,12,10,1,0,1,2,0,1,0,0,1.5716,1.0811,0.0371,0.0,0.0519,0.3153,0.0,0.2412,0.0,0.0,14,13,15.85,13.93
4219336,2023-10-20,fra,2023/2024,Ligue 1,9,François Letexier,8588,Lens,9746,Le Havre,0,0,0,61,39,13,14,7,5,3,7,3,2,0,0,9,10,4,4,3,3,3,5,3,5,20,23,9,16,3,2,0,0,4,1,24,13,6,13,3,3,16,16,4,7,56,47,43.0,30.0,13.0,17.0,4.0,8.0,582,373,487.0,286.0,217,146,270,140,18.0,24.0,8.0,4.0,1.64,1.64,1.08,1.59,0.56,0.05,1.64,1.64,1.03,1.82,3,2,6,4,0,4,3,2,1,2,0.7572,0.8029,0.6809,0.4845,0.0,0.2688,0.1878,0.0626,0.0117,0.0419,10,12,0,1,2,1,1,0,0,0,1.0811,1.5716,0.0,0.0371,0.3153,0.0519,0.2412,0.0,0.0,0.0,13,14,13.93,15.85
4219328,2023-10-21,fra,2023/2024,Ligue 1,9,Bastien Dechepy,9847,Paris Saint-Germain,9848,Strasbourg,1,3,0,78,22,8,7,4,1,3,4,1,2,0,0,7,4,1,3,1,6,4,0,1,0,33,14,11,10,2,0,0,0,4,1,23,18,9,16,2,1,16,12,1,1,42,48,38.0,39.0,4.0,9.0,6.0,11.0,842,226,784.0,170.0,455,83,329,87,24.0,25.0,0.0,4.0,2.07,0.38,1.24,0.29,0.04,0.1,1.28,0.38,1.85,0.0,1,0,3,3,3,1,1,3,0,0,0.256,0.0,1.5807,0.2368,0.1868,0.0224,0.0446,0.1238,0.0,0.0,6,4,0,0,0,2,1,1,1,0,1.2351,0.2865,0.0,0.0,0.0,0.0742,0.0446,0.0224,0.7884,0.0,8,7,12.75,16.91
4219328,2023-10-21,fra,2023/2024,Ligue 1,9,Bastien Dechepy,9848,Strasbourg,9847,Paris Saint-Germain,0,0,3,22,78,7,8,1,4,4,3,2,1,0,0,4,7,3,1,6,1,0,4,0,1,14,33,10,11,0,2,0,0,1,4,18,23,16,9,1,2,12,16,1,1,48,42,39.0,38.0,9.0,4.0,11.0,6.0,226,842,170.0,784.0,83,455,87,329,25.0,24.0,4.0,0.0,0.38,2.07,0.29,1.24,0.1,0.04,0.38,1.28,0.0,1.85,0,1,3,3,1,3,3,1,0,0,0.0,0.256,0.2368,1.5807,0.0224,0.1868,0.1238,0.0446,0.0,0.0,4,6,0,0,2,0,1,1,0,1,0.2865,1.2351,0.0,0.0,0.0742,0.0,0.0224,0.0446,0.0,0.7884,7,8,16.91,12.75
4219334,2023-10-21,fra,2023/2024,Ligue 1,9,Ruddy Buquet,9831,Nice,8592,Marseille,1,1,0,50,50,10,9,2,1,5,6,3,2,0,1,5,5,5,4,4,2,1,2,0,2,15,12,13,6,4,1,0,1,0,3,21,17,11,11,2,3,15,22,1,1,40,50,28.0,36.0,12.0,14.0,2.0,6.0,486,491,420.0,421.0,297,183,123,238,20.0,16.0,3.0,3.0,0.57,1.07,0.33,0.99,0.24,0.08,0.57,1.07,0.57,0.42,1,0,2,4,2,1,4,2,1,2,0.2314,0.0,0.0853,0.8904,0.029,0.0747,0.2068,0.0656,0.0155,0.0365,8,6,0,1,1,1,1,1,0,0,0.3251,0.4385,0.0,0.5516,0.0115,0.0695,0.2314,0.0076,0.0,0.0,10,9,18.52,17.23
4219334,2023-10-21,fra,2023/2024,Ligue 1,9,Ruddy Buquet,8592,Marseille,9831,Nice,0,0,1,50,50,9,10,1,2,6,5,2,3,1,0,5,5,4,5,2,4,2,1,2,0,12,15,6,13,1,4,1,0,3,0,17,21,11,11,3,2,22,15,1,1,50,40,36.0,28.0,14.0,12.0,6.0,2.0,491,486,421.0,420.0,183,297,238,123,16.0,20.0,3.0,3.0,1.07,0.57,0.99,0.33,0.08,0.24,1.07,0.57,0.42,0.57,0,1,4,2,1,2,2,4,2,1,0.0,0.2314,0.8904,0.0853,0.0747,0.029,0.0656,0.2068,0.0365,0.0155,6,8,1,0,1,1,1,1,0,0,0.4385,0.3251,0.5516,0.0,0.0695,0.0115,0.0076,0.2314,0.0,0.0,9,10,17.23,18.52
4219329,2023-10-22,fra,2023/2024,Ligue 1,9,Jeremy Stinat,9941,Toulouse,9837,Reims,1,1,1,49,51,11,15,5,4,4,6,2,5,0,2,5,11,6,4,5,7,2,0,1,0,23,26,18,15,2,0,0,0,1,2,15,32,12,9,6,2,20,22,2,4,48,70,34.0,58.0,14.0,12.0,6.0,10.0,434,441,350.0,346.0,183,225,167,121,24.0,21.0,4.0,8.0,0.81,1.29,0.64,0.53,0.17,0.75,0.81,1.29,1.64,0.37,0,3,4,5,1,3,2,4,4,0,0.0,0.7369,0.4951,0.3656,0.1075,0.0738,0.0655,0.1865,0.1412,0.0,7,8,0,0,2,7,2,0,0,0,0.638,0.533,0.0,0.0,0.0983,0.8299,0.073,0.0,0.0,0.0,11,15,19.37,14.86
4219329,2023-10-22,fra,2023/2024,Ligue 1,9,Jeremy Stinat,9837,Reims,9941,Toulouse,0,1,1,51,49,15,11,4,5,6,4,5,2,2,0,11,5,4,6,7,5,0,2,0,1,26,23,15,18,0,2,0,0,2,1,32,15,9,12,2,6,22,20,4,2,70,48,58.0,34.0,12.0,14.0,10.0,6.0,441,434,346.0,350.0,225,183,121,167,21.0,24.0,8.0,4.0,1.29,0.81,0.53,0.64,0.75,0.17,1.29,0.81,0.37,1.64,3,0,5,4,3,1,4,2,0,4,0.7369,0.0,0.3656,0.4951,0.0738,0.1075,0.1865,0.0655,0.0,0.1412,8,7,0,0,7,2,0,2,0,0,0.533,0.638,0.0,0.0,0.8299,0.0983,0.0,0.073,0.0,0.0,15,11,14.86,19.37
4219330,2023-10-22,fra,2023/2024,Ligue 1,9,Gaël Angoula,8689,Lorient,9851,Rennes,1,2,1,31,69,5,20,4,6,1,5,0,9,0,1,4,12,1,8,6,16,1,0,0,0,22,35,5,14,0,2,0,0,0,2,29,19,17,9,9,0,45,12,5,3,69,38,53.0,31.0,16.0,7.0,12.0,8.0,295,655,215.0,576.0,141,200,74,376,17.0,32.0,7.0,3.0,0.7,0.94,0.36,0.7,0.34,0.24,0.7,0.94,0.62,1.92,0,2,4,5,0,5,1,7,0,1,0.0,0.1614,0.604,0.3359,0.0,0.2026,0.0199,0.2129,0.0,0.0234,2,14,0,0,2,6,1,0,0,0,0.3497,0.7012,0.0,0.0,0.1913,0.2351,0.0829,0.0,0.0,0.0,5,20,13.06,18.63
4219330,2023-10-22,fra,2023/2024,Ligue 1,9,Gaël Angoula,9851,Rennes,8689,Lorient,0,1,2,69,31,20,5,6,4,5,1,9,0,1,0,12,4,8,1,16,6,0,1,0,0,35,22,14,5,2,0,0,0,2,0,19,29,9,17,0,9,12,45,3,5,38,69,31.0,53.0,7.0,16.0,8.0,12.0,655,295,576.0,215.0,200,141,376,74,32.0,17.0,3.0,7.0,0.94,0.7,0.7,0.36,0.24,0.34,0.94,0.7,1.92,0.62,2,0,5,4,5,0,7,1,1,0,0.1614,0.0,0.3359,0.604,0.2026,0.0,0.2129,0.0199,0.0234,0.0,14,2,0,0,6,2,0,1,0,0,0.7012,0.3497,0.0,0.0,0.2351,0.1913,0.0,0.0829,0.0,0.0,20,5,18.63,13.06
4219331,2023-10-22,fra,2023/2024,Ligue 1,9,Romain Lissorgue,9829,Monaco,8550,Metz,1,2,1,76,24,27,8,13,4,9,3,5,1,0,0,15,7,12,1,10,2,2,1,2,1,37,12,12,11,1,3,0,0,2,1,21,19,6,10,1,5,5,31,3,11,55,46,39.0,37.0,16.0,9.0,9.0,7.0,729,231,642.0,148.0,179,78,463,70,34.0,24.0,4.0,1.0,2.0,1.0,1.49,0.96,0.5,0.04,2.0,1.0,2.68,0.93,1,0,8,5,6,2,9,1,3,0,0.1612,0.0,1.1156,1.0543,0.2832,0.0474,0.3529,0.0089,0.0835,0.0,17,5,1,2,6,1,3,0,0,0,1.4452,0.3285,0.0482,0.7419,0.1493,0.0401,0.3537,0.0,0.0,0.0,27,8,19.23,21.67
4219331,2023-10-22,fra,2023/2024,Ligue 1,9,Romain Lissorgue,8550,Metz,9829,Monaco,0,1,2,24,76,8,27,4,13,3,9,1,5,0,0,7,15,1,12,2,10,1,2,1,2,12,37,11,12,3,1,0,0,1,2,19,21,10,6,5,1,31,5,11,3,46,55,37.0,39.0,9.0,16.0,7.0,9.0,231,729,148.0,642.0,78,179,70,463,24.0,34.0,1.0,4.0,1.0,2.0,0.96,1.49,0.04,0.5,1.0,2.0,0.93,2.68,0,1,5,8,2,6,1,9,0,3,0.0,0.1612,1.0543,1.1156,0.0474,0.2832,0.0089,0.3529,0.0,0.0835,5,17,2,1,1,6,0,3,0,0,0.3285,1.4452,0.7419,0.0482,0.0401,0.1493,0.0,0.3537,0.0,0.0,8,27,21.67,19.23
4219332,2023-10-22,fra,2023/2024,Ligue 1,9,Mathieu Vernice,8639,Lille,8521,Brest,1,1,0,43,57,6,9,4,1,1,6,1,2,0,0,5,7,1,2,3,5,4,1,3,1,18,17,12,13,2,3,0,0,0,1,30,28,16,11,2,1,23,12,1,3,78,63,56.0,52.0,22.0,11.0,14.0,12.0,385,489,279.0,401.0,142,227,137,174,21.0,46.0,1.0,5.0,1.64,0.78,1.39,0.61,0.25,0.17,1.64,0.78,1.59,0.17,2,0,2,6,1,1,1,2,0,0,0.9043,0.0,0.527,0.7026,0.1254,0.0189,0.0817,0.0551,0.0,0.0,4,6,1,0,1,1,0,2,0,0,0.9942,0.606,0.3951,0.0,0.2491,0.0525,0.0,0.1181,0.0,0.0,6,9,11.12,17.25
4219332,2023-10-22,fra,2023/2024,Ligue 1,9,Mathieu Vernice,8521,Brest,8639,Lille,0,0,1,57,43,9,6,1,4,6,1,2,1,0,0,7,5,2,1,5,3,1,4,1,3,17,18,13,12,3,2,0,0,1,0,28,30,11,16,1,2,12,23,3,1,63,78,52.0,56.0,11.0,22.0,12.0,14.0,489,385,401.0,279.0,227,142,174,137,46.0,21.0,5.0,1.0,0.78,1.64,0.61,1.39,0.17,0.25,0.78,1.64,0.17,1.59,0,2,6,2,1,1,2,1,0,0,0.0,0.9043,0.7026,0.527,0.0189,0.1254,0.0551,0.0817,0.0,0.0,6,4,0,1,1,1,2,0,0,0,0.606,0.9942,0.0,0.3951,0.0525,0.2491,0.1181,0.0,0.0,0.0,9,6,17.25,11.12
4219333,2023-10-22,fra,2023/2024,Ligue 1,9,Willy Delajod,9748,Lyon,8311,Clermont Foot,1,1,2,63,37,25,12,6,5,11,1,8,6,1,0,15,5,10,7,10,3,1,2,1,1,50,15,16,12,4,5,0,0,1,1,23,27,12,15,6,7,8,32,3,6,67,64,47.0,49.0,20.0,15.0,12.0,6.0,595,347,496.0,263.0,170,138,326,125,27.0,33.0,7.0,0.0,1.71,1.01,1.09,1.0,0.61,0.01,1.71,1.01,1.16,1.28,2,0,10,5,3,0,5,4,5,3,0.1324,0.0,0.8736,0.6901,0.1837,0.0,0.2876,0.2861,0.2034,0.0343,15,7,1,4,6,0,3,1,0,0,1.0674,0.5921,0.0258,0.407,0.3483,0.0,0.2393,0.0115,0.0,0.0,25,12,16.95,20.33
4219333,2023-10-22,fra,2023/2024,Ligue 1,9,Willy Delajod,8311,Clermont Foot,9748,Lyon,0,2,1,37,63,12,25,5,6,1,11,6,8,0,1,5,15,7,10,3,10,2,1,1,1,15,50,12,16,5,4,0,0,1,1,27,23,15,12,7,6,32,8,6,3,64,67,49.0,47.0,15.0,20.0,6.0,12.0,347,595,263.0,496.0,138,170,125,326,33.0,27.0,0.0,7.0,1.01,1.71,1.0,1.09,0.01,0.61,1.01,1.71,1.28,1.16,0,2,5,10,0,3,4,5,3,5,0.0,0.1324,0.6901,0.8736,0.0,0.1837,0.2861,0.2876,0.0343,0.2034,7,15,4,1,0,6,1,3,0,0,0.5921,1.0674,0.407,0.0258,0.0,0.3483,0.0115,0.2393,0.0,0.0,12,25,20.33,16.95
4219335,2023-10-22,fra,2023/2024,Ligue 1,9,Marc Bollengier,9830,Nantes,10249,Montpellier,1,2,0,57,43,14,11,5,6,7,2,2,3,1,0,8,8,6,3,4,3,2,0,0,0,19,28,16,13,2,1,0,0,1,0,17,16,10,8,3,2,14,9,6,3,45,50,35.0,39.0,10.0,11.0,7.0,7.0,604,452,514.0,359.0,277,216,237,143,26.0,35.0,2.0,5.0,1.5,0.53,1.42,0.36,0.09,0.17,1.5,0.53,2.06,0.81,0,0,4,6,4,2,3,2,3,1,0.0,0.0,0.9487,0.3922,0.3743,0.028,0.0943,0.0731,0.0873,0.0352,10,6,2,0,1,3,1,2,0,0,0.6849,0.3581,0.7341,0.0,0.0328,0.0969,0.0529,0.0735,0.0,0.0,14,11,19.39,18.07
4219335,2023-10-22,fra,2023/2024,Ligue 1,9,Marc Bollengier,10249,Montpellier,9830,Nantes,0,0,2,43,57,11,14,6,5,2,7,3,2,0,1,8,8,3,6,3,4,0,2,0,0,28,19,13,16,1,2,0,0,0,1,16,17,8,10,2,3,9,14,3,6,50,45,39.0,35.0,11.0,10.0,7.0,7.0,452,604,359.0,514.0,216,277,143,237,35.0,26.0,5.0,2.0,0.53,1.5,0.36,1.42,0.17,0.09,0.53,1.5,0.81,2.06,0,0,6,4,2,4,2,3,1,3,0.0,0.0,0.3922,0.9487,0.028,0.3743,0.0731,0.0943,0.0352,0.0873,6,10,0,2,3,1,2,1,0,0,0.3581,0.6849,0.0,0.7341,0.0969,0.0328,0.0735,0.0529,0.0,0.0,11,14,18.07,19.39
4219340,2023-10-27,fra,2023/2024,Ligue 1,10,Jérémie Pignard,8311,Clermont Foot,9831,Nice,1,0,1,45,55,8,12,3,5,4,4,1,3,1,1,3,9,5,3,2,2,0,3,0,2,8,20,14,12,0,2,0,0,2,2,19,11,10,5,4,1,10,9,3,3,45,52,32.0,37.0,13.0,15.0,2.0,14.0,446,552,347.0,475.0,234,286,113,189,28.0,23.0,2.0,2.0,0.47,2.17,0.44,1.27,0.04,0.11,0.47,1.38,0.1,1.05,0,2,2,4,1,3,3,1,2,2,0.0,0.2233,0.2824,1.6234,0.0155,0.2127,0.1345,0.0183,0.0407,0.0907,6,10,0,0,2,1,0,0,0,1,0.437,1.2659,0.0,0.0,0.0362,0.1141,0.0,0.0,0.0,0.7884,8,12,21.7,15.75
4219340,2023-10-27,fra,2023/2024,Ligue 1,10,Jérémie Pignard,9831,Nice,8311,Clermont Foot,0,1,0,55,45,12,8,5,3,4,4,3,1,1,1,9,3,3,5,2,2,3,0,2,0,20,8,12,14,2,0,0,0,2,2,11,19,5,10,1,4,9,10,3,3,52,45,37.0,32.0,15.0,13.0,14.0,2.0,552,446,475.0,347.0,286,234,189,113,23.0,28.0,2.0,2.0,2.17,0.47,1.27,0.44,0.11,0.04,1.38,0.47,1.05,0.1,2,0,4,2,3,1,1,3,2,2,0.2233,0.0,1.6234,0.2824,0.2127,0.0155,0.0183,0.1345,0.0907,0.0407,10,6,0,0,1,2,0,0,1,0,1.2659,0.437,0.0,0.0,0.1141,0.0362,0.0,0.0,0.7884,0.0,12,8,15.75,21.7
4219341,2023-10-28,fra,2023/2024,Ligue 1,10,Benoît Bastien,9837,Reims,8689,Lorient,1,1,0,56,44,12,9,5,1,4,4,3,4,0,0,9,3,3,6,4,4,1,0,1,0,26,12,16,7,1,3,0,0,2,0,19,12,11,12,4,3,16,17,1,4,47,46,36.0,36.0,11.0,10.0,10.0,9.0,554,436,475.0,347.0,220,224,255,123,31.0,29.0,5.0,1.0,0.78,0.42,0.78,0.4,0.0,0.02,0.78,0.42,1.19,0.11,0,0,7,2,2,1,2,2,1,4,0.0,0.0,0.6543,0.1572,0.0398,0.0794,0.0553,0.091,0.0284,0.0876,11,8,1,0,0,1,0,0,0,0,0.7494,0.3978,0.0284,0.0,0.0,0.0174,0.0,0.0,0.0,0.0,12,9,17.97,20.99
4219341,2023-10-28,fra,2023/2024,Ligue 1,10,Benoît Bastien,8689,Lorient,9837,Reims,0,0,1,44,56,9,12,1,5,4,4,4,3,0,0,3,9,6,3,4,4,0,1,0,1,12,26,7,16,3,1,0,0,0,2,12,19,12,11,3,4,17,16,4,1,46,47,36.0,36.0,10.0,11.0,9.0,10.0,436,554,347.0,475.0,224,220,123,255,29.0,31.0,1.0,5.0,0.42,0.78,0.4,0.78,0.02,0.0,0.42,0.78,0.11,1.19,0,0,2,7,1,2,2,2,4,1,0.0,0.0,0.1572,0.6543,0.0794,0.0398,0.091,0.0553,0.0876,0.0284,8,11,0,1,1,0,0,0,0,0,0.3978,0.7494,0.0,0.0284,0.0174,0.0,0.0,0.0,0.0,0.0,9,12,20.99,17.97
4219342,2023-10-28,fra,2023/2024,Ligue 1,10,Pierre Gaillouste,8588,Lens,9830,Nantes,1,4,0,54,46,11,11,7,1,3,7,1,3,0,0,9,5,2,6,4,1,7,2,4,2,19,22,12,17,1,2,0,0,3,0,16,14,5,13,3,1,20,12,1,3,48,35,38.0,27.0,10.0,8.0,7.0,2.0,530,454,446.0,382.0,256,192,190,190,20.0,22.0,3.0,4.0,3.91,1.01,2.02,0.97,0.32,0.04,2.33,1.01,4.22,0.07,2,0,7,4,0,1,2,3,0,3,1.2347,0.0,2.5055,0.7677,0.0,0.0631,0.1699,0.0998,0.0,0.0793,5,10,1,0,2,0,1,1,2,0,1.6008,0.9667,0.4149,0.0,0.2453,0.0,0.0723,0.0433,1.5768,0.0,11,11,11.85,19.92
4219342,2023-10-28,fra,2023/2024,Ligue 1,10,Pierre Gaillouste,9830,Nantes,8588,Lens,0,0,4,46,54,11,11,1,7,7,3,3,1,0,0,5,9,6,2,1,4,2,7,2,4,22,19,17,12,2,1,0,0,0,3,14,16,13,5,1,3,12,20,3,1,35,48,27.0,38.0,8.0,10.0,2.0,7.0,454,530,382.0,446.0,192,256,190,190,22.0,20.0,4.0,3.0,1.01,3.91,0.97,2.02,0.04,0.32,1.01,2.33,0.07,4.22,0,2,4,7,1,0,3,2,3,0,0.0,1.2347,0.7677,2.5055,0.0631,0.0,0.0998,0.1699,0.0793,0.0,10,5,0,1,0,2,1,1,0,2,0.9667,1.6008,0.0,0.4149,0.0,0.2453,0.0433,0.0723,0.0,1.5768,11,11,19.92,11.85
4219337,2023-10-29,fra,2023/2024,Ligue 1,10,Florent Batta,9851,Rennes,9848,Strasbourg,1,1,1,61,39,20,11,3,3,9,5,8,3,0,0,11,7,9,4,7,5,0,2,0,1,31,21,14,16,2,2,0,0,4,2,15,19,5,13,3,8,17,18,2,2,46,46,37.0,35.0,9.0,11.0,6.0,2.0,493,305,418.0,239.0,260,139,158,100,26.0,20.0,3.0,7.0,1.14,0.96,0.51,0.95,0.63,0.01,1.14,0.96,0.96,1.09,0,0,8,5,3,2,0,3,9,1,0.0,0.0,0.7639,0.8271,0.0704,0.0761,0.0,0.0601,0.3044,0.0061,12,9,0,0,3,1,5,1,0,0,0.5068,0.9597,0.0,0.0,0.3311,0.0061,0.3009,0.0036,0.0,0.0,20,11,18.41,18.09
4219337,2023-10-29,fra,2023/2024,Ligue 1,10,Florent Batta,9848,Strasbourg,9851,Rennes,0,1,1,39,61,11,20,3,3,5,9,3,8,0,0,7,11,4,9,5,7,2,0,1,0,21,31,16,14,2,2,0,0,2,4,19,15,13,5,8,3,18,17,2,2,46,46,35.0,37.0,11.0,9.0,2.0,6.0,305,493,239.0,418.0,139,260,100,158,20.0,26.0,7.0,3.0,0.96,1.14,0.95,0.51,0.01,0.63,0.96,1.14,1.09,0.96,0,0,5,8,2,3,3,0,1,9,0.0,0.0,0.8271,0.7639,0.0761,0.0704,0.0601,0.0,0.0061,0.3044,9,12,0,0,1,3,1,5,0,0,0.9597,0.5068,0.0,0.0,0.0061,0.3311,0.0036,0.3009,0.0,0.0,11,20,18.09,18.41
4219339,2023-10-29,fra,2023/2024,Ligue 1,10,Clément Turpin,8639,Lille,9829,Monaco,1,2,0,41,59,7,16,5,6,0,8,2,2,0,0,4,9,3,7,2,8,1,1,0,1,11,23,17,13,1,2,0,0,0,5,16,14,12,10,2,2,42,13,6,3,51,61,34.0,43.0,17.0,18.0,7.0,12.0,333,459,251.0,378.0,146,195,105,183,19.0,25.0,3.0,3.0,0.5,0.58,0.38,0.29,0.12,0.29,0.5,0.58,1.29,1.59,1,0,1,4,2,5,3,4,0,3,0.2051,0.0,0.1051,0.1897,0.0543,0.2087,0.1319,0.1198,0.0,0.0684,5,9,0,0,0,3,2,4,0,0,0.378,0.307,0.0,0.0,0.0,0.1299,0.1183,0.1496,0.0,0.0,7,16,20.79,19.67
4219339,2023-10-29,fra,2023/2024,Ligue 1,10,Clément Turpin,9829,Monaco,8639,Lille,0,0,2,59,41,16,7,6,5,8,0,2,2,0,0,9,4,7,3,8,2,1,1,1,0,23,11,13,17,2,1,0,0,5,0,14,16,10,12,2,2,13,42,3,6,61,51,43.0,34.0,18.0,17.0,12.0,7.0,459,333,378.0,251.0,195,146,183,105,25.0,19.0,3.0,3.0,0.58,0.5,0.29,0.38,0.29,0.12,0.58,0.5,1.59,1.29,0,1,4,1,5,2,4,3,3,0,0.0,0.2051,0.1897,0.1051,0.2087,0.0543,0.1198,0.1319,0.0684,0.0,9,5,0,0,3,0,4,2,0,0,0.307,0.378,0.0,0.0,0.1299,0.0,0.1496,0.1183,0.0,0.0,16,7,19.67,20.79
4219343,2023-10-29,fra,2023/2024,Ligue 1,10,Hakim Ben El Hadj Salem,8550,Metz,9746,Le Havre,1,0,0,41,59,9,12,3,2,4,5,2,5,0,0,4,8,5,4,5,6,1,1,1,1,8,22,13,15,2,2,0,0,3,2,12,17,6,10,5,2,19,20,2,3,51,57,37.0,38.0,14.0,19.0,12.0,10.0,331,487,252.0,406.0,154,213,98,193,32.0,25.0,3.0,4.0,0.55,0.68,0.4,0.55,0.15,0.14,0.55,0.68,1.39,0.8,2,0,3,4,0,4,3,0,1,4,0.2677,0.0,0.1947,0.3253,0.0,0.2473,0.0635,0.0,0.0245,0.112,6,10,1,0,1,1,1,1,0,0,0.3801,0.5477,0.0245,0.0,0.1121,0.0769,0.0338,0.0601,0.0,0.0,9,12,19.27,18.93
4219343,2023-10-29,fra,2023/2024,Ligue 1,10,Hakim Ben El Hadj Salem,9746,Le Havre,8550,Metz,0,0,0,59,41,12,9,2,3,5,4,5,2,0,0,8,4,4,5,6,5,1,1,1,1,22,8,15,13,2,2,0,0,2,3,17,12,10,6,2,5,20,19,3,2,57,51,38.0,37.0,19.0,14.0,10.0,12.0,487,331,406.0,252.0,213,154,193,98,25.0,32.0,4.0,3.0,0.68,0.55,0.55,0.4,0.14,0.15,0.68,0.55,0.8,1.39,0,2,4,3,4,0,0,3,4,1,0.0,0.2677,0.3253,0.1947,0.2473,0.0,0.0,0.0635,0.112,0.0245,10,6,0,1,1,1,1,1,0,0,0.5477,0.3801,0.0,0.0245,0.0769,0.1121,0.0601,0.0338,0.0,0.0,12,9,18.93,19.27
4219344,2023-10-29,fra,2023/2024,Ligue 1,10,Thomas Léonard,10249,Montpellier,9941,Toulouse,1,3,0,39,61,19,17,6,5,10,6,3,6,1,0,13,12,6,5,3,4,5,2,2,2,25,31,13,15,2,3,0,0,2,1,14,15,13,8,6,3,19,23,5,3,61,64,38.0,40.0,23.0,24.0,10.0,12.0,354,562,258.0,461.0,159,202,99,259,30.0,27.0,3.0,3.0,3.07,1.24,1.78,1.21,1.29,0.02,3.07,1.24,2.91,0.84,2,0,10,7,1,5,3,4,3,1,1.0634,0.0,1.6653,0.7728,0.168,0.3353,0.0592,0.0958,0.1144,0.0311,8,14,5,0,2,1,4,2,0,0,0.7076,1.2106,1.0683,0.0,0.9049,0.0067,0.3896,0.0177,0.0,0.0,19,17,19.04,18.09
4219344,2023-10-29,fra,2023/2024,Ligue 1,10,Thomas Léonard,9941,Toulouse,10249,Montpellier,0,0,3,61,39,17,19,5,6,6,10,6,3,0,1,12,13,5,6,4,3,2,5,2,2,31,25,15,13,3,2,0,0,1,2,15,14,8,13,3,6,23,19,3,5,64,61,40.0,38.0,24.0,23.0,12.0,10.0,562,354,461.0,258.0,202,159,259,99,27.0,30.0,3.0,3.0,1.24,3.07,1.21,1.78,0.02,1.29,1.24,3.07,0.84,2.91,0,2,7,10,5,1,4,3,1,3,0.0,1.0634,0.7728,1.6653,0.3353,0.168,0.0958,0.0592,0.0311,0.1144,14,8,0,5,1,2,2,4,0,0,1.2106,0.7076,0.0,1.0683,0.0067,0.9049,0.0177,0.3896,0.0,0.0,17,19,18.09,19.04
4219345,2023-10-29,fra,2023/2024,Ligue 1,10,Jérôme Brisard,8521,Brest,9847,Paris Saint-Germain,1,2,3,44,56,21,17,5,10,8,3,8,4,0,0,15,11,6,6,9,5,3,3,2,2,38,31,14,10,3,4,0,0,0,2,15,30,16,9,4,7,8,26,7,3,45,71,33.0,61.0,12.0,10.0,11.0,17.0,382,517,308.0,452.0,145,296,163,156,35.0,21.0,13.0,3.0,1.86,2.13,1.54,1.15,0.32,0.2,1.86,1.34,2.0,2.89,1,0,12,8,2,3,3,5,3,1,0.0915,0.0,1.4937,2.2273,0.0793,0.0982,0.1309,0.3564,0.068,0.0221,16,12,0,2,5,1,0,1,0,1,1.5454,0.992,0.0,0.1722,0.318,0.0463,0.0,0.7051,0.0,0.7884,21,17,15.52,16.53
4219345,2023-10-29,fra,2023/2024,Ligue 1,10,Jérôme Brisard,9847,Paris Saint-Germain,8521,Brest,0,3,2,56,44,17,21,10,5,3,8,4,8,0,0,11,15,6,6,5,9,3,3,2,2,31,38,10,14,4,3,0,0,2,0,30,15,9,16,7,4,26,8,3,7,71,45,61.0,33.0,10.0,12.0,17.0,11.0,517,382,452.0,308.0,296,145,156,163,21.0,35.0,3.0,13.0,2.13,1.86,1.15,1.54,0.2,0.32,1.34,1.86,2.89,2.0,0,1,8,12,3,2,5,3,1,3,0.0,0.0915,2.2273,1.4937,0.0982,0.0793,0.3564,0.1309,0.0221,0.068,12,16,2,0,1,5,1,0,1,0,0.992,1.5454,0.1722,0.0,0.0463,0.318,0.7051,0.0,0.7884,0.0,17,21,16.53,15.52
4219346,2023-11-03,fra,2023/2024,Ligue 1,11,Ruddy Buquet,9847,Paris Saint-Germain,10249,Montpellier,1,3,0,71,29,21,7,10,2,5,3,6,2,0,0,13,4,8,3,9,2,0,1,0,1,38,9,10,13,1,0,0,0,2,2,17,33,6,12,2,7,9,22,2,6,53,60,47.0,51.0,6.0,9.0,18.0,8.0,757,308,695.0,239.0,350,157,345,82,30.0,21.0,2.0,3.0,1.16,0.47,0.98,0.34,0.18,0.14,1.16,0.47,2.24,0.08,1,1,8,2,4,1,5,2,3,1,0.0266,0.0453,0.6767,0.294,0.2228,0.022,0.1572,0.0749,0.0757,0.0356,14,4,2,0,4,1,1,2,0,0,0.8594,0.3353,0.1197,0.0,0.1387,0.0453,0.0411,0.0912,0.0,0.0,21,7,18.51,20.85
4219346,2023-11-03,fra,2023/2024,Ligue 1,11,Ruddy Buquet,10249,Montpellier,9847,Paris Saint-Germain,0,0,3,29,71,7,21,2,10,3,5,2,6,0,0,4,13,3,8,2,9,1,0,1,0,9,38,13,10,0,1,0,0,2,2,33,17,12,6,7,2,22,9,6,2,60,53,51.0,47.0,9.0,6.0,8.0,18.0,308,757,239.0,695.0,157,350,82,345,21.0,30.0,3.0,2.0,0.47,1.16,0.34,0.98,0.14,0.18,0.47,1.16,0.08,2.24,1,1,2,8,1,4,2,5,1,3,0.0453,0.0266,0.294,0.6767,0.022,0.2228,0.0749,0.1572,0.0356,0.0757,4,14,0,2,1,4,2,1,0,0,0.3353,0.8594,0.0,0.1197,0.0453,0.1387,0.0912,0.0411,0.0,0.0,7,21,20.85,18.51
4219349,2023-11-04,fra,2023/2024,Ligue 1,11,Stéphanie Frappart,8592,Marseille,8639,Lille,1,0,0,46,54,8,10,3,1,5,1,0,8,0,1,4,5,4,5,2,8,1,0,1,0,11,17,10,12,2,3,0,0,3,2,16,13,5,10,7,0,17,21,1,3,47,40,38.0,30.0,9.0,10.0,10.0,8.0,423,503,364.0,444.0,194,281,170,163,20.0,19.0,4.0,2.0,0.8,0.3,0.69,0.25,0.11,0.05,0.8,0.3,0.3,0.22,0,0,3,2,1,3,4,1,0,4,0.0,0.0,0.5859,0.143,0.0414,0.0566,0.1687,0.0162,0.0,0.0889,5,8,0,0,2,2,1,0,0,0,0.687,0.2535,0.0,0.0,0.0795,0.0511,0.0295,0.0,0.0,0.0,8,10,18.03,23.05
4219349,2023-11-04,fra,2023/2024,Ligue 1,11,Stéphanie Frappart,8639,Lille,8592,Marseille,0,0,0,54,46,10,8,1,3,1,5,8,0,1,0,5,4,5,4,8,2,0,1,0,1,17,11,12,10,3,2,0,0,2,3,13,16,10,5,0,7,21,17,3,1,40,47,30.0,38.0,10.0,9.0,8.0,10.0,503,423,444.0,364.0,281,194,163,170,19.0,20.0,2.0,4.0,0.3,0.8,0.25,0.69,0.05,0.11,0.3,0.8,0.22,0.3,0,0,2,3,3,1,1,4,4,0,0.0,0.0,0.143,0.5859,0.0566,0.0414,0.0162,0.1687,0.0889,0.0,8,5,0,0,2,2,0,1,0,0,0.2535,0.687,0.0,0.0,0.0511,0.0795,0.0,0.0295,0.0,0.0,10,8,23.05,18.03
4219350,2023-11-04,fra,2023/2024,Ligue 1,11,Bastien Dechepy,8689,Lorient,8588,Lens,1,0,0,43,57,7,14,2,7,2,4,3,3,0,1,2,7,5,7,1,5,1,0,1,0,11,27,10,14,2,3,0,0,4,1,27,18,19,14,3,3,25,8,7,2,61,42,53.0,36.0,8.0,6.0,12.0,8.0,395,519,312.0,441.0,221,172,91,269,23.0,24.0,1.0,4.0,0.47,0.65,0.47,0.55,0.0,0.1,0.47,0.65,0.76,0.85,0,0,1,3,1,4,3,5,2,2,0.0,0.0,0.2836,0.1923,0.0438,0.2481,0.0986,0.1753,0.0415,0.0314,7,12,0,0,0,1,0,1,0,0,0.4677,0.5472,0.0,0.0,0.0,0.0295,0.0,0.0705,0.0,0.0,7,14,22.05,19.79
4219350,2023-11-04,fra,2023/2024,Ligue 1,11,Bastien Dechepy,8588,Lens,8689,Lorient,0,0,0,57,43,14,7,7,2,4,2,3,3,1,0,7,2,7,5,5,1,0,1,0,1,27,11,14,10,3,2,0,0,1,4,18,27,14,19,3,3,8,25,2,7,42,61,36.0,53.0,6.0,8.0,8.0,12.0,519,395,441.0,312.0,172,221,269,91,24.0,23.0,4.0,1.0,0.65,0.47,0.55,0.47,0.1,0.0,0.65,0.47,0.85,0.76,0,0,3,1,4,1,5,3,2,2,0.0,0.0,0.1923,0.2836,0.2481,0.0438,0.1753,0.0986,0.0314,0.0415,12,7,0,0,1,0,1,0,0,0,0.5472,0.4677,0.0,0.0,0.0295,0.0,0.0705,0.0,0.0,0.0,14,7,19.79,22.05
4219347,2023-11-05,fra,2023/2024,Ligue 1,11,Jeremy Stinat,9848,Strasbourg,8311,Clermont Foot,1,0,0,39,61,18,10,5,2,6,6,7,2,0,1,13,8,5,2,4,6,2,3,2,3,22,30,11,5,0,0,1,0,1,5,33,17,8,14,2,7,23,13,2,5,59,48,51.0,38.0,8.0,10.0,13.0,10.0,361,580,304.0,513.0,178,309,126,204,32.0,33.0,7.0,4.0,1.01,0.9,0.85,0.81,0.16,0.09,1.01,0.9,0.5,0.34,0,0,8,4,5,4,2,0,3,2,0.0,0.0,0.5531,0.6234,0.2611,0.2533,0.1201,0.0,0.0727,0.0281,13,7,1,0,4,1,0,2,0,0,0.7733,0.8111,0.0726,0.0,0.1611,0.0297,0.0,0.0641,0.0,0.0,18,10,16.46,16.83
4219347,2023-11-05,fra,2023/2024,Ligue 1,11,Jeremy Stinat,8311,Clermont Foot,9848,Strasbourg,0,0,0,61,39,10,18,2,5,6,6,2,7,1,0,8,13,2,5,6,4,3,2,3,2,30,22,5,11,0,0,0,1,5,1,17,33,14,8,7,2,13,23,5,2,48,59,38.0,51.0,10.0,8.0,10.0,13.0,580,361,513.0,304.0,309,178,204,126,33.0,32.0,4.0,7.0,0.9,1.01,0.81,0.85,0.09,0.16,0.9,1.01,0.34,0.5,0,0,4,8,4,5,0,2,2,3,0.0,0.0,0.6234,0.5531,0.2533,0.2611,0.0,0.1201,0.0281,0.0727,7,13,0,1,1,4,2,0,0,0,0.8111,0.7733,0.0,0.0726,0.0297,0.1611,0.0641,0.0,0.0,0.0,10,18,16.83,16.46
4219348,2023-11-05,fra,2023/2024,Ligue 1,11,Marc Bollengier,9941,Toulouse,9746,Le Havre,1,1,2,52,48,17,15,5,7,7,4,5,4,1,1,14,9,3,6,4,6,3,1,2,0,34,23,9,12,2,2,0,0,1,2,33,12,8,11,4,5,17,25,5,4,70,36,53.0,25.0,17.0,11.0,8.0,6.0,458,426,379.0,348.0,184,192,195,156,22.0,16.0,6.0,0.0,2.61,1.11,1.62,1.1,0.2,0.01,1.83,1.11,1.36,2.16,1,0,8,5,5,4,3,2,0,4,0.7502,0.0,1.6032,0.7532,0.2053,0.185,0.056,0.0801,0.0,0.0871,9,13,2,1,3,1,2,0,1,0,1.1005,1.0467,0.5227,0.0519,0.1566,0.0068,0.0465,0.0,0.7884,0.0,17,15,17.45,18.04
4219348,2023-11-05,fra,2023/2024,Ligue 1,11,Marc Bollengier,9746,Le Havre,9941,Toulouse,0,2,1,48,52,15,17,7,5,4,7,4,5,1,1,9,14,6,3,6,4,1,3,0,2,23,34,12,9,2,2,0,0,2,1,12,33,11,8,5,4,25,17,4,5,36,70,25.0,53.0,11.0,17.0,6.0,8.0,426,458,348.0,379.0,192,184,156,195,16.0,22.0,0.0,6.0,1.11,2.61,1.1,1.62,0.01,0.2,1.11,1.83,2.16,1.36,0,1,5,8,4,5,2,3,4,0,0.0,0.7502,0.7532,1.6032,0.185,0.2053,0.0801,0.056,0.0871,0.0,13,9,1,2,1,3,0,2,0,1,1.0467,1.1005,0.0519,0.5227,0.0068,0.1566,0.0,0.0465,0.0,0.7884,15,17,18.04,17.45
4219351,2023-11-05,fra,2023/2024,Ligue 1,11,Eric Wattellier,9829,Monaco,8521,Brest,1,2,0,46,54,12,15,6,1,3,10,3,4,0,2,9,10,3,5,6,4,1,0,0,0,17,23,15,11,2,2,0,1,1,2,20,17,16,7,4,3,25,10,1,4,52,55,40.0,44.0,12.0,11.0,10.0,12.0,388,449,315.0,359.0,179,200,136,159,20.0,43.0,1.0,7.0,0.79,0.85,0.55,0.33,0.24,0.52,0.79,0.85,0.82,0.08,1,0,6,9,2,1,2,2,1,3,0.2065,0.0,0.3359,0.6401,0.1339,0.0257,0.0711,0.1185,0.0389,0.0647,9,7,1,0,2,6,0,2,0,0,0.4944,0.3278,0.0537,0.0,0.2383,0.4171,0.0,0.1042,0.0,0.0,12,15,16.43,16.46
4219351,2023-11-05,fra,2023/2024,Ligue 1,11,Eric Wattellier,8521,Brest,9829,Monaco,0,0,2,54,46,15,12,1,6,10,3,4,3,2,0,10,9,5,3,4,6,0,1,0,0,23,17,11,15,2,2,1,0,2,1,17,20,7,16,3,4,10,25,4,1,55,52,44.0,40.0,11.0,12.0,12.0,10.0,449,388,359.0,315.0,200,179,159,136,43.0,20.0,7.0,1.0,0.85,0.79,0.33,0.55,0.52,0.24,0.85,0.79,0.08,0.82,0,1,9,6,1,2,2,2,3,1,0.0,0.2065,0.6401,0.3359,0.0257,0.1339,0.1185,0.0711,0.0647,0.0389,7,9,0,1,6,2,2,0,0,0,0.3278,0.4944,0.0,0.0537,0.4171,0.2383,0.1042,0.0,0.0,0.0,15,12,16.46,16.43
4219352,2023-11-05,fra,2023/2024,Ligue 1,11,Benoît Millot,9748,Lyon,8550,Metz,1,1,1,67,33,15,11,4,5,3,4,8,2,0,0,7,4,8,7,4,9,3,0,3,0,30,12,16,14,1,0,0,0,2,0,25,23,5,8,2,6,14,18,5,3,59,54,45.0,49.0,14.0,5.0,7.0,10.0,644,306,561.0,241.0,219,130,342,111,18.0,31.0,2.0,3.0,1.89,0.68,1.69,0.59,0.2,0.09,1.89,0.68,1.71,0.42,1,0,6,2,0,2,5,5,3,2,0.1732,0.0,1.56,0.2903,0.0,0.0318,0.1429,0.2229,0.073,0.1361,11,4,2,2,1,3,1,2,0,0,1.3668,0.3535,0.3844,0.2346,0.1732,0.044,0.0246,0.049,0.0,0.0,15,11,19.88,22.22
4219352,2023-11-05,fra,2023/2024,Ligue 1,11,Benoît Millot,8550,Metz,9748,Lyon,0,1,1,33,67,11,15,5,4,4,3,2,8,0,0,4,7,7,8,9,4,0,3,0,3,12,30,14,16,0,1,0,0,0,2,23,25,8,5,6,2,18,14,3,5,54,59,49.0,45.0,5.0,14.0,10.0,7.0,306,644,241.0,561.0,130,219,111,342,31.0,18.0,3.0,2.0,0.68,1.89,0.59,1.69,0.09,0.2,0.68,1.89,0.42,1.71,0,1,2,6,2,0,5,5,2,3,0.0,0.1732,0.2903,1.56,0.0318,0.0,0.2229,0.1429,0.1361,0.073,4,11,2,2,3,1,2,1,0,0,0.3535,1.3668,0.2346,0.3844,0.044,0.1732,0.049,0.0246,0.0,0.0,11,15,22.22,19.88
4219353,2023-11-05,fra,2023/2024,Ligue 1,11,Clément Turpin,9831,Nice,9851,Rennes,1,2,0,46,54,15,11,3,4,10,2,2,5,1,0,12,7,3,4,2,1,3,0,2,0,34,21,7,12,0,2,1,1,0,0,20,17,12,7,5,2,13,14,4,2,55,40,48.0,33.0,7.0,7.0,17.0,9.0,463,536,407.0,465.0,267,226,140,239,22.0,27.0,3.0,6.0,1.64,0.8,1.32,0.78,0.32,0.02,1.64,0.8,1.18,0.71,3,0,6,5,3,2,2,2,1,2,0.4469,0.0,0.732,0.5225,0.1591,0.0665,0.2903,0.1605,0.02,0.0463,13,10,0,0,1,1,1,0,0,0,1.3277,0.7787,0.0,0.0,0.0854,0.017,0.2352,0.0,0.0,0.0,15,11,14.48,17.23
4219353,2023-11-05,fra,2023/2024,Ligue 1,11,Clément Turpin,9851,Rennes,9831,Nice,0,0,2,54,46,11,15,4,3,2,10,5,2,0,1,7,12,4,3,1,2,0,3,0,2,21,34,12,7,2,0,1,1,0,0,17,20,7,12,2,5,14,13,2,4,40,55,33.0,48.0,7.0,7.0,9.0,17.0,536,463,465.0,407.0,226,267,239,140,27.0,22.0,6.0,3.0,0.8,1.64,0.78,1.32,0.02,0.32,0.8,1.64,0.71,1.18,0,3,5,6,2,3,2,2,2,1,0.0,0.4469,0.5225,0.732,0.0665,0.1591,0.1605,0.2903,0.0463,0.02,10,13,0,0,1,1,0,1,0,0,0.7787,1.3277,0.0,0.0,0.017,0.0854,0.0,0.2352,0.0,0.0,11,15,17.23,14.48
4219354,2023-11-05,fra,2023/2024,Ligue 1,11,Gael Angoula,9830,Nantes,9837,Reims,1,0,1,50,50,17,7,4,4,7,2,6,1,0,0,10,7,7,0,10,6,2,4,2,3,26,19,5,11,1,2,0,0,0,6,7,8,9,17,2,6,13,31,2,4,44,33,30.0,23.0,14.0,10.0,12.0,10.0,435,452,348.0,372.0,148,231,200,141,35.0,30.0,6.0,4.0,1.88,1.07,1.73,1.04,0.15,0.04,1.88,1.07,0.58,1.38,1,1,5,3,4,3,7,0,0,0,0.6894,0.4791,0.3913,0.2612,0.1683,0.3331,0.6302,0.0,0.0,0.0,14,6,0,0,1,1,2,0,0,0,1.7315,1.0383,0.0,0.0,0.0237,0.035,0.1241,0.0,0.0,0.0,17,7,17.5,12.89
4219354,2023-11-05,fra,2023/2024,Ligue 1,11,Gael Angoula,9837,Reims,9830,Nantes,0,1,0,50,50,7,17,4,4,2,7,1,6,0,0,7,10,0,7,6,10,4,2,3,2,19,26,11,5,2,1,0,0,6,0,8,7,17,9,6,2,31,13,4,2,33,44,23.0,30.0,10.0,14.0,10.0,12.0,452,435,372.0,348.0,231,148,141,200,30.0,35.0,4.0,6.0,1.07,1.88,1.04,1.73,0.04,0.15,1.07,1.88,1.38,0.58,1,1,3,5,3,4,0,7,0,0,0.4791,0.6894,0.2612,0.3913,0.3331,0.1683,0.0,0.6302,0.0,0.0,6,14,0,0,1,1,0,2,0,0,1.0383,1.7315,0.0,0.0,0.035,0.0237,0.0,0.1241,0.0,0.0,7,17,12.89,17.5
4219362,2023-11-10,fra,2023/2024,Ligue 1,12,Hakim Ben El Hadj Salem,10249,Montpellier,9831,Nice,1,0,0,41,59,9,15,1,4,5,8,3,3,2,0,6,9,3,6,3,7,1,0,1,0,10,29,11,15,0,4,0,0,3,1,11,9,6,6,4,3,30,13,3,1,43,43,31.0,25.0,12.0,18.0,5.0,6.0,398,565,320.0,501.0,200,251,120,250,18.0,18.0,2.0,6.0,0.47,0.73,0.2,0.45,0.26,0.28,0.47,0.73,0.15,0.34,0,1,4,6,2,2,3,4,0,2,0.0,0.0676,0.3267,0.4435,0.0669,0.0485,0.0716,0.1403,0.0,0.0291,4,11,1,0,3,4,1,0,0,0,0.1531,0.4463,0.0515,0.0,0.2452,0.2828,0.0155,0.0,0.0,0.0,9,15,18.43,17.55
4219362,2023-11-10,fra,2023/2024,Ligue 1,12,Hakim Ben El Hadj Salem,9831,Nice,10249,Montpellier,0,0,0,59,41,15,9,4,1,8,5,3,3,0,2,9,6,6,3,7,3,0,1,0,1,29,10,15,11,4,0,0,0,1,3,9,11,6,6,3,4,13,30,1,3,43,43,25.0,31.0,18.0,12.0,6.0,5.0,565,398,501.0,320.0,251,200,250,120,18.0,18.0,6.0,2.0,0.73,0.47,0.45,0.2,0.28,0.26,0.73,0.47,0.34,0.15,1,0,6,4,2,2,4,3,2,0,0.0676,0.0,0.4435,0.3267,0.0485,0.0669,0.1403,0.0716,0.0291,0.0,11,4,0,1,4,3,0,1,0,0,0.4463,0.1531,0.0,0.0515,0.2828,0.2452,0.0,0.0155,0.0,0.0,15,9,17.55,18.43
4219358,2023-11-11,fra,2023/2024,Ligue 1,12,Willy Delajod,9837,Reims,9847,Paris Saint-Germain,1,0,3,38,62,19,14,6,6,6,5,7,3,0,1,16,11,3,3,8,3,1,4,1,2,42,29,14,6,1,0,0,0,4,1,16,24,7,7,3,7,9,26,3,6,42,55,34.0,49.0,8.0,6.0,12.0,12.0,343,600,277.0,536.0,136,318,141,218,22.0,35.0,6.0,2.0,1.4,2.27,0.73,2.27,0.67,0.0,1.4,2.27,0.93,2.48,1,1,12,5,3,5,2,1,1,2,0.1304,0.7785,1.0028,1.2263,0.1029,0.1606,0.1297,0.0562,0.0421,0.0465,10,12,0,2,8,0,1,0,0,0,0.7282,1.6035,0.0,0.6645,0.6376,0.0,0.0421,0.0,0.0,0.0,19,14,13.56,16.42
4219358,2023-11-11,fra,2023/2024,Ligue 1,12,Willy Delajod,9847,Paris Saint-Germain,9837,Reims,0,3,0,62,38,14,19,6,6,5,6,3,7,1,0,11,16,3,3,3,8,4,1,2,1,29,42,6,14,0,1,0,0,1,4,24,16,7,7,7,3,26,9,6,3,55,42,49.0,34.0,6.0,8.0,12.0,12.0,600,343,536.0,277.0,318,136,218,141,35.0,22.0,2.0,6.0,2.27,1.4,2.27,0.73,0.0,0.67,2.27,1.4,2.48,0.93,1,1,5,12,5,3,1,2,2,1,0.7785,0.1304,1.2263,1.0028,0.1606,0.1029,0.0562,0.1297,0.0465,0.0421,12,10,2,0,0,8,0,1,0,0,1.6035,0.7282,0.6645,0.0,0.0,0.6376,0.0,0.0421,0.0,0.0,14,19,16.42,13.56
4219360,2023-11-11,fra,2023/2024,Ligue 1,12,Thomas Léonard,9746,Le Havre,9829,Monaco,1,0,0,37,63,9,10,5,4,1,4,3,2,0,0,4,4,5,6,2,4,2,1,2,1,13,13,10,18,2,3,0,0,2,2,16,22,13,10,2,3,18,20,4,5,53,53,42.0,40.0,11.0,13.0,10.0,8.0,320,553,227.0,472.0,106,201,121,271,20.0,21.0,2.0,0.0,1.44,0.59,0.64,0.56,0.02,0.04,0.65,0.59,2.01,1.38,0,1,3,1,1,2,3,5,2,1,0.0,0.3225,1.2655,0.0481,0.0494,0.0782,0.0869,0.0986,0.0392,0.0451,7,7,0,1,0,2,1,0,1,0,0.6374,0.5108,0.0,0.0451,0.0,0.0366,0.0153,0.0,0.7884,0.0,9,10,19.16,21.35
4219360,2023-11-11,fra,2023/2024,Ligue 1,12,Thomas Léonard,9829,Monaco,9746,Le Havre,0,0,0,63,37,10,9,4,5,4,1,2,3,0,0,4,4,6,5,4,2,1,2,1,2,13,13,18,10,3,2,0,0,2,2,22,16,10,13,3,2,20,18,5,4,53,53,40.0,42.0,13.0,11.0,8.0,10.0,553,320,472.0,227.0,201,106,271,121,21.0,20.0,0.0,2.0,0.59,1.44,0.56,0.64,0.04,0.02,0.59,0.65,1.38,2.01,1,0,1,3,2,1,5,3,1,2,0.3225,0.0,0.0481,1.2655,0.0782,0.0494,0.0986,0.0869,0.0451,0.0392,7,7,1,0,2,0,0,1,0,1,0.5108,0.6374,0.0451,0.0,0.0366,0.0,0.0,0.0153,0.0,0.7884,10,9,21.35,19.16
4219355,2023-11-12,fra,2023/2024,Ligue 1,12,Stéphanie Frappart,9851,Rennes,9748,Lyon,1,0,1,42,58,8,12,2,5,4,6,2,1,0,0,4,9,4,3,6,9,1,3,1,2,10,33,5,18,3,1,1,0,0,3,22,14,16,7,1,2,28,16,4,2,57,40,46.0,24.0,11.0,16.0,8.0,6.0,394,542,317.0,484.0,179,169,138,315,16.0,31.0,3.0,5.0,0.92,1.49,0.19,0.41,0.72,1.09,0.92,1.49,0.55,1.23,1,3,2,5,1,1,3,2,1,1,0.4644,0.9937,0.2543,0.3302,0.0383,0.0673,0.0843,0.0822,0.0754,0.0185,5,7,0,0,2,5,1,0,0,0,0.1943,0.4067,0.0,0.0,0.647,1.0852,0.0754,0.0,0.0,0.0,8,12,22.96,14.23
4219355,2023-11-12,fra,2023/2024,Ligue 1,12,Stéphanie Frappart,9748,Lyon,9851,Rennes,0,1,0,58,42,12,8,5,2,6,4,1,2,0,0,9,4,3,4,9,6,3,1,2,1,33,10,18,5,1,3,0,1,3,0,14,22,7,16,2,1,16,28,2,4,40,57,24.0,46.0,16.0,11.0,6.0,8.0,542,394,484.0,317.0,169,179,315,138,31.0,16.0,5.0,3.0,1.49,0.92,0.41,0.19,1.09,0.72,1.49,0.92,1.23,0.55,3,1,5,2,1,1,2,3,1,1,0.9937,0.4644,0.3302,0.2543,0.0673,0.0383,0.0822,0.0843,0.0185,0.0754,7,5,0,0,5,2,0,1,0,0,0.4067,0.1943,0.0,0.0,1.0852,0.647,0.0,0.0754,0.0,0.0,12,8,14.23,22.96
4219356,2023-11-12,fra,2023/2024,Ligue 1,12,Mathieu Vernice,8639,Lille,9941,Toulouse,1,1,1,60,40,14,2,6,1,3,1,5,0,2,0,11,1,3,1,11,1,4,1,4,0,27,11,12,16,3,4,0,0,2,2,18,23,11,9,0,6,8,34,0,4,59,54,46.0,43.0,13.0,11.0,14.0,8.0,527,353,445.0,272.0,232,164,213,108,22.0,20.0,2.0,1.0,2.5,0.1,1.91,0.0,0.59,0.1,2.5,0.1,1.79,0.68,4,0,6,1,1,0,1,1,2,0,2.0915,0.0,1.0392,0.0875,0.035,0.0,0.047,0.0143,0.0488,0.0,6,0,1,0,5,0,2,2,0,0,2.6099,0.0,0.0605,0.0,0.4727,0.0,0.1184,0.1018,0.0,0.0,14,2,13.28,18.52
4219356,2023-11-12,fra,2023/2024,Ligue 1,12,Mathieu Vernice,9941,Toulouse,8639,Lille,0,1,1,40,60,2,14,1,6,1,3,0,5,0,2,1,11,1,3,1,11,1,4,0,4,11,27,16,12,4,3,0,0,2,2,23,18,9,11,6,0,34,8,4,0,54,59,43.0,46.0,11.0,13.0,8.0,14.0,353,527,272.0,445.0,164,232,108,213,20.0,22.0,1.0,2.0,0.1,2.5,0.0,1.91,0.1,0.59,0.1,2.5,0.68,1.79,0,4,1,6,0,1,1,1,0,2,0.0,2.0915,0.0875,1.0392,0.0,0.035,0.0143,0.047,0.0,0.0488,0,6,0,1,0,5,2,2,0,0,0.0,2.6099,0.0,0.0605,0.0,0.4727,0.1018,0.1184,0.0,0.0,2,14,18.52,13.28
4219357,2023-11-12,fra,2023/2024,Ligue 1,12,Romain Lissorgue,8311,Clermont Foot,8689,Lorient,1,1,0,56,44,17,10,6,3,9,6,2,1,1,0,10,3,7,7,5,4,1,0,0,0,24,13,15,10,3,2,0,0,1,1,33,17,6,17,1,2,16,17,3,5,60,49,51.0,42.0,9.0,7.0,8.0,10.0,534,418,464.0,361.0,262,176,202,185,32.0,11.0,3.0,2.0,1.52,0.52,0.43,0.28,0.3,0.24,0.74,0.52,1.95,0.96,0,0,7,2,3,1,5,5,2,2,0.0,0.0,1.1867,0.2143,0.1152,0.0682,0.1567,0.2034,0.065,0.0348,8,5,1,0,4,2,3,3,1,0,0.3503,0.2795,0.0816,0.0,0.1821,0.0356,0.1213,0.2056,0.7884,0.0,17,10,19.26,22.4
4219357,2023-11-12,fra,2023/2024,Ligue 1,12,Romain Lissorgue,8689,Lorient,8311,Clermont Foot,0,0,1,44,56,10,17,3,6,6,9,1,2,0,1,3,10,7,7,4,5,0,1,0,0,13,24,10,15,2,3,0,0,1,1,17,33,17,6,2,1,17,16,5,3,49,60,42.0,51.0,7.0,9.0,10.0,8.0,418,534,361.0,464.0,176,262,185,202,11.0,32.0,2.0,3.0,0.52,1.52,0.28,0.43,0.24,0.3,0.52,0.74,0.96,1.95,0,0,2,7,1,3,5,5,2,2,0.0,0.0,0.2143,1.1867,0.0682,0.1152,0.2034,0.1567,0.0348,0.065,5,8,0,1,2,4,3,3,0,1,0.2795,0.3503,0.0,0.0816,0.0356,0.1821,0.2056,0.1213,0.0,0.7884,10,17,22.4,19.26
4219359,2023-11-12,fra,2023/2024,Ligue 1,12,Benoît Bastien,8588,Lens,8592,Marseille,1,1,0,47,53,14,8,3,2,7,4,4,2,0,0,10,5,4,3,4,5,3,1,3,1,28,21,19,15,2,2,0,0,0,1,12,22,13,13,0,4,15,29,2,1,50,63,36.0,55.0,14.0,8.0,10.0,14.0,388,447,322.0,365.0,113,237,209,128,20.0,22.0,6.0,8.0,1.08,1.13,0.62,0.75,0.45,0.37,1.08,1.13,0.34,0.6,3,1,6,4,1,0,3,1,1,2,0.3743,0.24,0.5652,0.7037,0.0352,0.0,0.0823,0.0684,0.0225,0.0286,9,4,0,0,4,3,1,1,0,0,0.6247,0.6673,0.0,0.0,0.3123,0.3411,0.1425,0.0323,0.0,0.0,14,8,14.71,15.43
4219359,2023-11-12,fra,2023/2024,Ligue 1,12,Benoît Bastien,8592,Marseille,8588,Lens,0,0,1,53,47,8,14,2,3,4,7,2,4,0,0,5,10,3,4,5,4,1,3,1,3,21,28,15,19,2,2,0,0,1,0,22,12,13,13,4,0,29,15,1,2,63,50,55.0,36.0,8.0,14.0,14.0,10.0,447,388,365.0,322.0,237,113,128,209,22.0,20.0,8.0,6.0,1.13,1.08,0.75,0.62,0.37,0.45,1.13,1.08,0.6,0.34,1,3,4,6,0,1,1,3,2,1,0.24,0.3743,0.7037,0.5652,0.0,0.0352,0.0684,0.0823,0.0286,0.0225,4,9,0,0,3,4,1,1,0,0,0.6673,0.6247,0.0,0.0,0.3411,0.3123,0.0323,0.1425,0.0,0.0,8,14,15.43,14.71
4219361,2023-11-12,fra,2023/2024,Ligue 1,12,Florent Batta,8550,Metz,9830,Nantes,1,3,1,33,67,9,16,4,3,4,7,1,6,1,0,6,11,3,5,2,5,2,3,0,2,12,24,7,9,0,0,0,0,1,1,11,14,11,9,6,1,33,9,2,1,47,42,28.0,28.0,19.0,14.0,9.0,7.0,308,615,218.0,519.0,126,277,92,242,32.0,25.0,4.0,5.0,1.19,1.38,1.09,0.93,0.1,0.44,1.19,1.38,,,1,2,5,7,0,2,1,4,2,1,0.2022,0.3367,0.9335,0.8204,0.0,0.0826,0.0331,0.1073,0.0195,0.0282,6,12,1,0,2,2,0,2,0,0,0.9655,0.9318,0.1207,0.0,0.1022,0.1309,0.0,0.3125,0.0,0.0,9,16,18.1,15.69
4219361,2023-11-12,fra,2023/2024,Ligue 1,12,Florent Batta,9830,Nantes,8550,Metz,0,1,3,67,33,16,9,3,4,7,4,6,1,0,1,11,6,5,3,5,2,3,2,2,0,24,12,9,7,0,0,0,0,1,1,14,11,9,11,1,6,9,33,1,2,42,47,28.0,28.0,14.0,19.0,7.0,9.0,615,308,519.0,218.0,277,126,242,92,25.0,32.0,5.0,4.0,1.38,1.19,0.93,1.09,0.44,0.1,1.38,1.19,,,2,1,7,5,2,0,4,1,1,2,0.3367,0.2022,0.8204,0.9335,0.0826,0.0,0.1073,0.0331,0.0282,0.0195,12,6,0,1,2,2,2,0,0,0,0.9318,0.9655,0.0,0.1207,0.1309,0.1022,0.3125,0.0,0.0,0.0,16,9,15.69,18.1
4219364,2023-11-24,fra,2023/2024,Ligue 1,13,Benoît Bastien,9847,Paris Saint-Germain,9829,Monaco,1,5,2,54,46,16,14,11,7,2,3,3,4,0,0,14,11,2,3,2,10,3,3,1,2,34,26,9,19,0,1,0,0,1,5,18,27,8,9,4,3,20,21,5,7,59,52,47.0,49.0,12.0,3.0,10.0,13.0,548,456,464.0,376.0,245,183,219,193,26.0,22.0,2.0,5.0,2.59,1.56,1.28,1.33,0.52,0.23,1.8,1.56,3.48,2.35,2,0,8,7,4,4,1,3,1,0,0.5458,0.0,1.8075,1.0926,0.1514,0.3756,0.0335,0.0889,0.0557,0.0,9,10,1,0,3,3,2,1,1,0,1.0206,1.3298,0.2583,0.0,0.4215,0.2147,0.1051,0.0125,0.7884,0.0,16,14,15.01,15.96
4219364,2023-11-24,fra,2023/2024,Ligue 1,13,Benoît Bastien,9829,Monaco,9847,Paris Saint-Germain,0,2,5,46,54,14,16,7,11,3,2,4,3,0,0,11,14,3,2,10,2,3,3,2,1,26,34,19,9,1,0,0,0,5,1,27,18,9,8,3,4,21,20,7,5,52,59,49.0,47.0,3.0,12.0,13.0,10.0,456,548,376.0,464.0,183,245,193,219,22.0,26.0,5.0,2.0,1.56,2.59,1.33,1.28,0.23,0.52,1.56,1.8,2.35,3.48,0,2,7,8,4,4,3,1,0,1,0.0,0.5458,1.0926,1.8075,0.3756,0.1514,0.0889,0.0335,0.0,0.0557,10,9,0,1,3,3,1,2,0,1,1.3298,1.0206,0.0,0.2583,0.2147,0.4215,0.0125,0.1051,0.0,0.7884,14,16,15.96,15.01
4219365,2023-11-25,fra,2023/2024,Ligue 1,13,Jérôme Brisard,9848,Strasbourg,8592,Marseille,1,1,1,40,60,15,16,7,3,6,8,2,5,1,0,9,12,6,4,7,11,1,1,0,1,23,35,14,16,1,2,0,0,0,3,21,15,14,11,5,2,27,21,2,7,60,43,47.0,34.0,13.0,9.0,12.0,7.0,330,511,261.0,449.0,153,215,108,234,21.0,16.0,3.0,8.0,1.13,1.41,0.75,1.09,0.38,0.32,1.13,1.41,0.86,1.26,1,0,5,9,3,3,4,4,2,0,0.4304,0.0,0.4152,1.0179,0.0902,0.178,0.1834,0.2152,0.0251,0.0,10,11,0,0,3,4,2,1,0,0,0.8036,1.0911,0.0,0.0,0.2105,0.2843,0.1302,0.0357,0.0,0.0,15,16,18.26,14.18
4219365,2023-11-25,fra,2023/2024,Ligue 1,13,Jérôme Brisard,8592,Marseille,9848,Strasbourg,0,1,1,60,40,16,15,3,7,8,6,5,2,0,1,12,9,4,6,11,7,1,1,1,0,35,23,16,14,2,1,0,0,3,0,15,21,11,14,2,5,21,27,7,2,43,60,34.0,47.0,9.0,13.0,7.0,12.0,511,330,449.0,261.0,215,153,234,108,16.0,21.0,8.0,3.0,1.41,1.13,1.09,0.75,0.32,0.38,1.41,1.13,1.26,0.86,0,1,9,5,3,3,4,4,0,2,0.0,0.4304,1.0179,0.4152,0.178,0.0902,0.2152,0.1834,0.0,0.0251,11,10,0,0,4,3,1,2,0,0,1.0911,0.8036,0.0,0.0,0.2843,0.2105,0.0357,0.1302,0.0,0.0,16,15,14.18,18.26
4219370,2023-11-25,fra,2023/2024,Ligue 1,13,Benoît Millot,8311,Clermont Foot,8588,Lens,1,0,3,48,52,13,16,4,10,6,3,3,3,0,0,9,8,4,8,2,4,3,5,3,3,21,20,16,17,2,1,1,1,0,0,8,16,12,7,3,3,16,15,7,4,39,40,31.0,35.0,8.0,5.0,7.0,5.0,514,551,448.0,481.0,225,285,223,196,21.0,24.0,5.0,2.0,1.91,2.28,1.56,1.98,0.35,0.3,1.91,2.28,0.57,2.64,1,4,7,2,1,2,3,6,1,2,0.8262,1.1288,0.8995,0.1493,0.0219,0.1241,0.1235,0.8379,0.0406,0.0349,8,12,0,1,1,3,4,0,0,0,1.5578,1.9174,0.0,0.0577,0.0135,0.3,0.3404,0.0,0.0,0.0,13,16,15.01,18.56
4219370,2023-11-25,fra,2023/2024,Ligue 1,13,Benoît Millot,8588,Lens,8311,Clermont Foot,0,3,0,52,48,16,13,10,4,3,6,3,3,0,0,8,9,8,4,4,2,5,3,3,3,20,21,17,16,1,2,1,1,0,0,16,8,7,12,3,3,15,16,4,7,40,39,35.0,31.0,5.0,8.0,5.0,7.0,551,514,481.0,448.0,285,225,196,223,24.0,21.0,2.0,5.0,2.28,1.91,1.98,1.56,0.3,0.35,2.28,1.91,2.64,0.57,4,1,2,7,2,1,6,3,2,1,1.1288,0.8262,0.1493,0.8995,0.1241,0.0219,0.8379,0.1235,0.0349,0.0406,12,8,1,0,3,1,0,4,0,0,1.9174,1.5578,0.0577,0.0,0.3,0.0135,0.0,0.3404,0.0,0.0,16,13,18.56,15.01
4219366,2023-11-26,fra,2023/2024,Ligue 1,13,Ruddy Buquet,9851,Rennes,9837,Reims,1,3,1,38,62,10,15,5,5,2,5,3,5,0,0,7,14,3,1,1,8,4,4,1,3,12,30,10,18,2,2,0,0,1,4,16,14,18,7,6,2,20,10,3,2,47,46,39.0,31.0,8.0,15.0,6.0,7.0,316,528,237.0,446.0,126,195,111,251,26.0,27.0,4.0,9.0,1.93,1.57,0.86,0.84,1.07,0.73,1.93,1.57,2.15,1.23,2,2,4,7,1,5,2,1,1,0,0.6126,0.6305,0.7707,0.6001,0.012,0.3205,0.5073,0.0199,0.0288,0.0,3,8,1,0,4,7,2,0,0,0,0.362,0.8448,0.495,0.0,0.6441,0.7261,0.4302,0.0,0.0,0.0,10,15,12.97,12.71
4219366,2023-11-26,fra,2023/2024,Ligue 1,13,Ruddy Buquet,9837,Reims,9851,Rennes,0,1,3,62,38,15,10,5,5,5,2,5,3,0,0,14,7,1,3,8,1,4,4,3,1,30,12,18,10,2,2,0,0,4,1,14,16,7,18,2,6,10,20,2,3,46,47,31.0,39.0,15.0,8.0,7.0,6.0,528,316,446.0,237.0,195,126,251,111,27.0,26.0,9.0,4.0,1.57,1.93,0.84,0.86,0.73,1.07,1.57,1.93,1.23,2.15,2,2,7,4,5,1,1,2,0,1,0.6305,0.6126,0.6001,0.7707,0.3205,0.012,0.0199,0.5073,0.0,0.0288,8,3,0,1,7,4,0,2,0,0,0.8448,0.362,0.0,0.495,0.7261,0.6441,0.0,0.4302,0.0,0.0,15,10,12.71,12.97
4219367,2023-11-26,fra,2023/2024,Ligue 1,13,Jérémie Pignard,8689,Lorient,8550,Metz,1,2,3,68,32,11,14,5,5,4,6,2,3,0,1,8,9,3,5,5,6,1,3,0,0,16,20,10,17,2,1,0,0,1,0,14,21,10,13,3,2,13,21,2,3,59,55,41.0,37.0,18.0,18.0,11.0,6.0,565,250,512.0,188.0,263,96,249,92,22.0,23.0,4.0,11.0,1.21,1.87,0.96,0.68,0.25,0.4,1.21,1.08,1.83,2.24,0,2,6,7,2,0,2,3,1,2,0.0,0.6847,1.0644,1.0806,0.0533,0.0,0.0759,0.0759,0.0124,0.0293,7,8,0,0,0,4,4,1,0,1,0.961,0.6789,0.0,0.0,0.0,0.3519,0.245,0.0512,0.0,0.7884,11,14,16.35,17.24
4219367,2023-11-26,fra,2023/2024,Ligue 1,13,Jérémie Pignard,8550,Metz,8689,Lorient,0,3,2,32,68,14,11,5,5,6,4,3,2,1,0,9,8,5,3,6,5,3,1,0,0,20,16,17,10,1,2,0,0,0,1,21,14,13,10,2,3,21,13,3,2,55,59,37.0,41.0,18.0,18.0,6.0,11.0,250,565,188.0,512.0,96,263,92,249,23.0,22.0,11.0,4.0,1.87,1.21,0.68,0.96,0.4,0.25,1.08,1.21,2.24,1.83,2,0,7,6,0,2,3,2,2,1,0.6847,0.0,1.0806,1.0644,0.0,0.0533,0.0759,0.0759,0.0293,0.0124,8,7,0,0,4,0,1,4,1,0,0.6789,0.961,0.0,0.0,0.3519,0.0,0.0512,0.245,0.7884,0.0,14,11,17.24,16.35
4219368,2023-11-26,fra,2023/2024,Ligue 1,13,Eric Wattellier,9748,Lyon,8639,Lille,1,0,2,48,52,11,15,5,8,4,3,2,4,0,0,9,10,2,5,3,5,5,2,5,1,16,18,17,5,2,2,0,0,3,1,14,15,17,13,4,2,12,14,6,5,35,40,24.0,36.0,11.0,4.0,5.0,5.0,542,589,460.0,512.0,242,322,218,190,24.0,11.0,5.0,1.0,1.92,1.48,1.22,1.27,0.7,0.21,1.92,1.48,0.91,1.79,3,1,3,4,3,5,1,3,1,2,0.8147,0.0984,0.5954,0.9338,0.4553,0.1835,0.0275,0.184,0.0245,0.0828,7,12,0,0,4,2,0,1,0,0,1.2206,1.2737,0.0,0.0,0.6969,0.139,0.0,0.0699,0.0,0.0,11,15,13.74,17.05
4219368,2023-11-26,fra,2023/2024,Ligue 1,13,Eric Wattellier,8639,Lille,9748,Lyon,0,2,0,52,48,15,11,8,5,3,4,4,2,0,0,10,9,5,2,5,3,2,5,1,5,18,16,5,17,2,2,0,0,1,3,15,14,13,17,2,4,14,12,5,6,40,35,36.0,24.0,4.0,11.0,5.0,5.0,589,542,512.0,460.0,322,242,190,218,11.0,24.0,1.0,5.0,1.48,1.92,1.27,1.22,0.21,0.7,1.48,1.92,1.79,0.91,1,3,4,3,5,3,3,1,2,1,0.0984,0.8147,0.9338,0.5954,0.1835,0.4553,0.184,0.0275,0.0828,0.0245,12,7,0,0,2,4,1,0,0,0,1.2737,1.2206,0.0,0.0,0.139,0.6969,0.0699,0.0,0.0,0.0,15,11,17.05,13.74
4219369,2023-11-26,fra,2023/2024,Ligue 1,13,François Letexier,9831,Nice,9941,Toulouse,1,1,0,53,47,8,19,3,3,3,8,2,8,0,0,6,14,2,5,4,2,2,0,1,0,17,33,9,19,0,4,0,0,0,1,15,17,8,8,9,3,26,15,2,1,50,42,42.0,33.0,8.0,9.0,8.0,7.0,538,465,485.0,391.0,316,166,169,225,12.0,21.0,4.0,7.0,0.95,1.32,0.95,1.11,0.0,0.21,0.95,1.32,0.63,0.6,0,0,3,11,3,3,1,4,1,1,0.0,0.0,0.6905,0.9183,0.2251,0.1052,0.0208,0.2746,0.0154,0.0208,8,16,0,0,0,1,0,2,0,0,0.9518,1.1126,0.0,0.0,0.0,0.0363,0.0,0.17,0.0,0.0,8,19,17.26,15.95
4219369,2023-11-26,fra,2023/2024,Ligue 1,13,François Letexier,9941,Toulouse,9831,Nice,0,0,1,47,53,19,8,3,3,8,3,8,2,0,0,14,6,5,2,2,4,0,2,0,1,33,17,19,9,4,0,0,0,1,0,17,15,8,8,3,9,15,26,1,2,42,50,33.0,42.0,9.0,8.0,7.0,8.0,465,538,391.0,485.0,166,316,225,169,21.0,12.0,7.0,4.0,1.32,0.95,1.11,0.95,0.21,0.0,1.32,0.95,0.6,0.63,0,0,11,3,3,3,4,1,1,1,0.0,0.0,0.9183,0.6905,0.1052,0.2251,0.2746,0.0208,0.0208,0.0154,16,8,0,0,1,0,2,0,0,0,1.1126,0.9518,0.0,0.0,0.0363,0.0,0.17,0.0,0.0,0.0,19,8,15.95,17.26
4219371,2023-11-26,fra,2023/2024,Ligue 1,13,Miguel Bertolo Nogueira,9830,Nantes,9746,Le Havre,1,0,0,61,39,19,6,3,0,9,4,7,2,0,0,11,3,8,3,10,5,3,0,3,0,29,16,10,17,1,2,0,1,2,1,12,12,14,10,2,7,11,24,0,3,49,40,40.0,29.0,9.0,11.0,11.0,8.0,572,368,487.0,266.0,241,187,246,79,23.0,17.0,6.0,5.0,1.34,0.24,0.98,0.12,0.36,0.12,1.34,0.24,0.43,0.0,2,0,5,2,4,1,5,2,3,1,0.1611,0.0,0.573,0.1033,0.388,0.02,0.1581,0.0934,0.062,0.025,13,3,1,0,5,2,0,1,0,0,0.8033,0.1184,0.1761,0.0,0.3628,0.1116,0.0,0.0117,0.0,0.0,19,6,18.35,16.99
4219371,2023-11-26,fra,2023/2024,Ligue 1,13,Miguel Bertolo Nogueira,9746,Le Havre,9830,Nantes,0,0,0,39,61,6,19,0,3,4,9,2,7,0,0,3,11,3,8,5,10,0,3,0,3,16,29,17,10,2,1,1,0,1,2,12,12,10,14,7,2,24,11,3,0,40,49,29.0,40.0,11.0,9.0,8.0,11.0,368,572,266.0,487.0,187,241,79,246,17.0,23.0,5.0,6.0,0.24,1.34,0.12,0.98,0.12,0.36,0.24,1.34,0.0,0.43,0,2,2,5,1,4,2,5,1,3,0.0,0.1611,0.1033,0.573,0.02,0.388,0.0934,0.1581,0.025,0.062,3,13,0,1,2,5,1,0,0,0,0.1184,0.8033,0.0,0.1761,0.1116,0.3628,0.0117,0.0,0.0,0.0,6,19,16.99,18.35
4219372,2023-11-26,fra,2023/2024,Ligue 1,13,Pierre Gaillouste,10249,Montpellier,8521,Brest,1,1,3,52,48,16,17,5,5,6,9,5,3,0,0,9,10,7,7,9,1,5,3,4,1,27,23,11,18,2,2,0,0,1,2,19,22,8,12,3,4,15,38,3,4,60,74,42.0,47.0,18.0,27.0,8.0,14.0,418,398,315.0,290.0,156,132,159,158,27.0,38.0,6.0,4.0,1.75,1.53,0.39,1.43,0.57,0.11,0.96,1.53,0.0,1.51,1,2,7,5,1,3,4,3,3,4,0.1132,0.4158,1.3853,0.87,0.0736,0.0907,0.103,0.2041,0.0728,0.1369,6,15,0,1,5,0,4,1,1,0,0.3883,1.3987,0.0,0.0431,0.3366,0.0,0.2346,0.2756,0.7884,0.0,16,17,18.85,16.25
4219372,2023-11-26,fra,2023/2024,Ligue 1,13,Pierre Gaillouste,8521,Brest,10249,Montpellier,0,3,1,48,52,17,16,5,5,9,6,3,5,0,0,10,9,7,7,1,9,3,5,1,4,23,27,18,11,2,2,0,0,2,1,22,19,12,8,4,3,38,15,4,3,74,60,47.0,42.0,27.0,18.0,14.0,8.0,398,418,290.0,315.0,132,156,158,159,38.0,27.0,4.0,6.0,1.53,1.75,1.43,0.39,0.11,0.57,1.53,0.96,1.51,0.0,2,1,5,7,3,1,3,4,4,3,0.4158,0.1132,0.87,1.3853,0.0907,0.0736,0.2041,0.103,0.1369,0.0728,15,6,1,0,0,5,1,4,0,1,1.3987,0.3883,0.0431,0.0,0.0,0.3366,0.2756,0.2346,0.0,0.7884,17,16,16.25,18.85
4356379,2023-11-29,fra,2023/2024,Ligue 1,8,Mathieu Vernice,10249,Montpellier,8311,Clermont Foot,1,1,1,62,38,32,5,10,1,10,3,12,1,0,0,19,3,13,2,8,0,2,1,1,1,43,14,23,14,4,6,1,1,1,0,15,18,9,9,1,13,8,40,0,7,54,77,39.0,57.0,15.0,20.0,12.0,16.0,565,362,454.0,252.0,158,155,296,97,42.0,28.0,12.0,2.0,2.57,0.45,1.36,0.44,0.42,0.01,1.78,0.45,2.0,0.24,0,0,0,0,0,0,0,0,0,0,0.0,0.0,0.0,0.0,0.0,0.0,0.0,0.0,0.0,0.0,0,0,0,0,0,0,0,0,0,0,0.0,0.0,0.0,0.0,0.0,0.0,0.0,0.0,0.0,0.0,0,0,,
4356379,2023-11-29,fra,2023/2024,Ligue 1,8,Mathieu Vernice,8311,Clermont Foot,10249,Montpellier,0,1,1,38,62,5,32,1,10,3,10,1,12,0,0,3,19,2,13,0,8,1,2,1,1,14,43,14,23,6,4,1,1,0,1,18,15,9,9,13,1,40,8,7,0,77,54,57.0,39.0,20.0,15.0,16.0,12.0,362,565,252.0,454.0,155,158,97,296,28.0,42.0,2.0,12.0,0.45,2.57,0.44,1.36,0.01,0.42,0.45,1.78,0.24,2.0,0,0,0,0,0,0,0,0,0,0,0.0,0.0,0.0,0.0,0.0,0.0,0.0,0.0,0.0,0.0,0,0,0,0,0,0,0,0,0,0,0.0,0.0,0.0,0.0,0.0,0.0,0.0,0.0,0.0,0.0,0,0,,
4219377,2023-12-01,fra,2023/2024,Ligue 1,14,Hakim Ben El Hadj Salem,9837,Reims,9848,Strasbourg,1,2,1,51,49,12,10,3,3,5,5,4,2,0,0,9,8,3,2,4,5,2,2,1,1,21,21,7,7,1,1,0,0,2,1,22,16,13,11,2,4,24,15,2,2,55,44,38.0,30.0,17.0,14.0,11.0,8.0,505,473,398.0,388.0,190,207,208,181,23.0,31.0,3.0,3.0,1.27,1.72,1.06,0.88,0.21,0.05,1.27,0.93,0.65,1.64,2,0,3,6,4,2,2,2,1,0,0.338,0.0,0.4812,1.6167,0.2417,0.074,0.1901,0.0322,0.0197,0.0,10,5,1,1,1,2,0,1,0,1,0.9211,0.3487,0.1412,0.5346,0.2083,0.0382,0.0,0.013,0.0,0.7884,12,10,15.1,15.97
4219377,2023-12-01,fra,2023/2024,Ligue 1,14,Hakim Ben El Hadj Salem,9848,Strasbourg,9837,Reims,0,1,2,49,51,10,12,3,3,5,5,2,4,0,0,8,9,2,3,5,4,2,2,1,1,21,21,7,7,1,1,0,0,1,2,16,22,11,13,4,2,15,24,2,2,44,55,30.0,38.0,14.0,17.0,8.0,11.0,473,505,388.0,398.0,207,190,181,208,31.0,23.0,3.0,3.0,1.72,1.27,0.88,1.06,0.05,0.21,0.93,1.27,1.64,0.65,0,2,6,3,2,4,2,2,0,1,0.0,0.338,1.6167,0.4812,0.074,0.2417,0.0322,0.1901,0.0,0.0197,5,10,1,1,2,1,1,0,1,0,0.3487,0.9211,0.5346,0.1412,0.0382,0.2083,0.013,0.0,0.7884,0.0,10,12,15.97,15.1
4219378,2023-12-02,fra,2023/2024,Ligue 1,14,Clément Turpin,8588,Lens,9748,Lyon,1,3,2,52,48,10,12,7,7,2,1,1,4,0,0,7,10,3,2,3,6,5,7,3,5,22,25,11,14,2,0,1,0,0,0,12,14,6,8,4,1,23,15,5,4,39,42,30.0,36.0,9.0,6.0,4.0,11.0,484,446,420.0,377.0,127,209,293,168,15.0,22.0,3.0,6.0,2.1,2.73,0.87,0.96,0.45,1.78,1.31,2.73,2.06,3.15,2,4,4,5,1,1,2,0,1,2,0.5588,1.8789,1.3206,0.7379,0.0642,0.0292,0.119,0.0,0.072,0.0883,6,7,0,0,0,3,3,2,1,0,0.8687,0.9559,0.0,0.0,0.0,1.7113,0.4775,0.0672,0.7884,0.0,10,12,14.17,11.55
4219378,2023-12-02,fra,2023/2024,Ligue 1,14,Clément Turpin,9748,Lyon,8588,Lens,0,2,3,48,52,12,10,7,7,1,2,4,1,0,0,10,7,2,3,6,3,7,5,5,3,25,22,14,11,0,2,0,1,0,0,14,12,8,6,1,4,15,23,4,5,42,39,36.0,30.0,6.0,9.0,11.0,4.0,446,484,377.0,420.0,209,127,168,293,22.0,15.0,6.0,3.0,2.73,2.1,0.96,0.87,1.78,0.45,2.73,1.31,3.15,2.06,4,2,5,4,1,1,0,2,2,1,1.8789,0.5588,0.7379,1.3206,0.0292,0.0642,0.0,0.119,0.0883,0.072,7,6,0,0,3,0,2,3,0,1,0.9559,0.8687,0.0,0.0,1.7113,0.0,0.0672,0.4775,0.0,0.7884,12,10,11.55,14.17
4219379,2023-12-02,fra,2023/2024,Ligue 1,14,Ruddy Buquet,9830,Nantes,9831,Nice,1,1,0,38,62,13,13,4,6,7,4,2,3,2,0,8,11,5,2,5,6,1,2,0,2,19,19,15,18,3,0,0,0,1,4,17,10,4,5,3,2,15,14,6,3,47,52,38.0,39.0,9.0,13.0,4.0,14.0,374,620,307.0,563.0,156,354,151,209,20.0,20.0,3.0,8.0,1.42,1.39,0.88,1.09,0.54,0.31,1.42,1.39,1.02,2.8,2,2,4,6,2,3,4,1,1,1,0.9129,0.3181,0.3743,0.6277,0.0473,0.4188,0.1221,0.016,0.0223,0.0143,6,10,1,0,3,3,3,0,0,0,0.9124,1.0865,0.0283,0.0,0.0584,0.3085,0.4798,0.0,0.0,0.0,13,13,17.62,13.89
4219379,2023-12-02,fra,2023/2024,Ligue 1,14,Ruddy Buquet,9831,Nice,9830,Nantes,0,0,1,62,38,13,13,6,4,4,7,3,2,0,2,11,8,2,5,6,5,2,1,2,0,19,19,18,15,0,3,0,0,4,1,10,17,5,4,2,3,14,15,3,6,52,47,39.0,38.0,13.0,9.0,14.0,4.0,620,374,563.0,307.0,354,156,209,151,20.0,20.0,8.0,3.0,1.39,1.42,1.09,0.88,0.31,0.54,1.39,1.42,2.8,1.02,2,2,6,4,3,2,1,4,1,1,0.3181,0.9129,0.6277,0.3743,0.4188,0.0473,0.016,0.1221,0.0143,0.0223,10,6,0,1,3,3,0,3,0,0,1.0865,0.9124,0.0,0.0283,0.3085,0.0584,0.0,0.4798,0.0,0.0,13,13,13.89,17.62
4219373,2023-12-03,fra,2023/2024,Ligue 1,14,Thomas Léonard,9941,Toulouse,8689,Lorient,1,1,1,52,48,11,11,6,5,2,4,3,2,0,0,5,7,6,4,3,4,1,0,0,0,27,18,16,10,2,4,0,0,1,0,23,14,15,14,2,3,25,22,4,5,57,49,43.0,40.0,14.0,9.0,10.0,10.0,482,431,403.0,367.0,183,201,220,166,30.0,20.0,3.0,3.0,1.02,0.8,1.02,0.57,0.0,0.22,1.02,0.8,1.38,0.9,1,0,2,4,2,3,6,3,0,1,0.5225,0.0,0.117,0.51,0.0693,0.0916,0.3139,0.1205,0.0,0.0765,11,6,0,1,0,2,0,2,0,0,1.0227,0.5215,0.0,0.0529,0.0,0.0972,0.0,0.1271,0.0,0.0,11,11,17.76,17.93
4219373,2023-12-03,fra,2023/2024,Ligue 1,14,Thomas Léonard,8689,Lorient,9941,Toulouse,0,1,1,48,52,11,11,5,6,4,2,2,3,0,0,7,5,4,6,4,3,0,1,0,0,18,27,10,16,4,2,0,0,0,1,14,23,14,15,3,2,22,25,5,4,49,57,40.0,43.0,9.0,14.0,10.0,10.0,431,482,367.0,403.0,201,183,166,220,20.0,30.0,3.0,3.0,0.8,1.02,0.57,1.02,0.22,0.0,0.8,1.02,0.9,1.38,0,1,4,2,3,2,3,6,1,0,0.0,0.5225,0.51,0.117,0.0916,0.0693,0.1205,0.3139,0.0765,0.0,6,11,1,0,2,0,2,0,0,0,0.5215,1.0227,0.0529,0.0,0.0972,0.0,0.1271,0.0,0.0,0.0,11,11,17.93,17.76
4219374,2023-12-03,fra,2023/2024,Ligue 1,14,Willy Delajod,8592,Marseille,9851,Rennes,1,2,0,43,57,5,10,2,0,1,8,2,2,0,0,2,7,3,3,1,6,1,0,0,0,19,22,9,15,1,3,1,1,2,1,13,14,15,10,2,2,22,13,1,0,40,44,33.0,33.0,7.0,11.0,5.0,11.0,414,536,342.0,467.0,202,191,140,276,17.0,37.0,2.0,4.0,0.94,0.62,0.09,0.39,0.06,0.24,0.15,0.62,1.29,0.0,0,0,1,4,1,3,3,2,0,1,0.0,0.0,0.7884,0.4311,0.065,0.1156,0.0894,0.0499,0.0,0.0271,2,8,0,0,1,2,1,0,1,0,0.0932,0.386,0.0,0.0,0.0369,0.2376,0.0243,0.0,0.7884,0.0,5,10,18.14,17.67
4219374,2023-12-03,fra,2023/2024,Ligue 1,14,Willy Delajod,9851,Rennes,8592,Marseille,0,0,2,57,43,10,5,0,2,8,1,2,2,0,0,7,2,3,3,6,1,0,1,0,0,22,19,15,9,3,1,1,1,1,2,14,13,10,15,2,2,13,22,0,1,44,40,33.0,33.0,11.0,7.0,11.0,5.0,536,414,467.0,342.0,191,202,276,140,37.0,17.0,4.0,2.0,0.62,0.94,0.39,0.09,0.24,0.06,0.62,0.15,0.0,1.29,0,0,4,1,3,1,2,3,1,0,0.0,0.0,0.4311,0.7884,0.1156,0.065,0.0499,0.0894,0.0271,0.0,8,2,0,0,2,1,0,1,0,1,0.386,0.0932,0.0,0.0,0.2376,0.0369,0.0,0.0243,0.0,0.7884,10,5,17.67,18.14
4219375,2023-12-03,fra,2023/2024,Ligue 1,14,Jeremy Stinat,9829,Monaco,10249,Montpellier,1,2,0,64,36,27,9,9,4,9,2,9,3,1,0,18,6,9,3,8,2,2,2,0,2,42,19,15,13,2,3,0,1,1,1,29,19,13,9,3,9,21,23,3,7,66,55,55.0,45.0,11.0,10.0,14.0,12.0,578,316,502.0,222.0,231,131,271,91,33.0,30.0,4.0,1.0,2.27,0.86,2.07,0.79,0.2,0.06,2.27,0.86,2.31,0.46,1,0,11,4,6,2,8,1,1,2,0.4195,0.0,1.2231,0.7225,0.4073,0.0934,0.2398,0.0187,0.0251,0.0216,17,5,3,2,6,1,1,1,0,0,1.6057,0.3349,0.5083,0.4592,0.1789,0.0187,0.0218,0.0433,0.0,0.0,27,9,17.27,22.18
4219375,2023-12-03,fra,2023/2024,Ligue 1,14,Jeremy Stinat,10249,Montpellier,9829,Monaco,0,0,2,36,64,9,27,4,9,2,9,3,9,0,1,6,18,3,9,2,8,2,2,2,0,19,42,13,15,3,2,1,0,1,1,19,29,9,13,9,3,23,21,7,3,55,66,45.0,55.0,10.0,11.0,12.0,14.0,316,578,222.0,502.0,131,231,91,271,30.0,33.0,1.0,4.0,0.86,2.27,0.79,2.07,0.06,0.2,0.86,2.27,0.46,2.31,0,1,4,11,2,6,1,8,2,1,0.0,0.4195,0.7225,1.2231,0.0934,0.4073,0.0187,0.2398,0.0216,0.0251,5,17,2,3,1,6,1,1,0,0,0.3349,1.6057,0.4592,0.5083,0.0187,0.1789,0.0433,0.0218,0.0,0.0,9,27,22.18,17.27
4219376,2023-12-03,fra,2023/2024,Ligue 1,14,Gaël Angoula,8639,Lille,8550,Metz,1,2,0,66,34,16,7,6,4,8,3,2,0,1,0,12,4,4,3,6,1,6,3,4,3,39,11,8,11,0,0,0,0,2,3,15,16,6,11,0,2,8,16,4,4,44,34,35.0,29.0,9.0,5.0,10.0,5.0,667,354,588.0,285.0,322,205,266,80,20.0,25.0,6.0,2.0,3.03,1.86,1.4,0.28,0.84,0.0,2.25,0.29,2.08,2.83,2,0,6,3,4,1,2,3,2,0,1.0306,0.0,1.589,1.7942,0.1655,0.0101,0.2467,0.0658,0.0489,0.0,10,4,1,0,3,0,1,1,1,2,1.321,0.2832,0.1138,0.0,0.6299,0.0,0.2276,0.0101,0.7884,1.5768,16,7,15.1,20.93
4219376,2023-12-03,fra,2023/2024,Ligue 1,14,Gaël Angoula,8550,Metz,8639,Lille,0,0,2,34,66,7,16,4,6,3,8,0,2,0,1,4,12,3,4,1,6,3,6,3,4,11,39,11,8,0,0,0,0,3,2,16,15,11,6,2,0,16,8,4,4,34,44,29.0,35.0,5.0,9.0,5.0,10.0,354,667,285.0,588.0,205,322,80,266,25.0,20.0,2.0,6.0,1.86,3.03,0.28,1.4,0.0,0.84,0.29,2.25,2.83,2.08,0,2,3,6,1,4,3,2,0,2,0.0,1.0306,1.7942,1.589,0.0101,0.1655,0.0658,0.2467,0.0,0.0489,4,10,0,1,0,3,1,1,2,1,0.2832,1.321,0.0,0.1138,0.0,0.6299,0.0101,0.2276,1.5768,0.7884,7,16,20.93,15.1
4219380,2023-12-03,fra,2023/2024,Ligue 1,14,Bastien Dechepy,9746,Le Havre,9847,Paris Saint-Germain,1,0,2,61,39,22,9,7,5,8,3,7,1,0,1,13,6,9,3,9,2,3,3,3,3,42,13,11,9,2,1,0,1,0,1,17,15,11,14,1,8,9,31,3,7,38,40,33.0,36.0,5.0,4.0,7.0,10.0,624,415,566.0,339.0,162,233,404,106,22.0,24.0,7.0,1.0,2.04,1.18,1.54,1.18,0.49,0.0,2.04,1.18,1.31,1.68,1,0,10,1,2,5,5,2,4,1,0.2442,0.0,1.3846,0.2788,0.1576,0.7597,0.1429,0.134,0.1144,0.0104,15,6,0,3,5,0,2,0,0,0,1.5508,0.5334,0.0,0.6494,0.3703,0.0,0.1225,0.0,0.0,0.0,22,9,16.6,18.19
4219380,2023-12-03,fra,2023/2024,Ligue 1,14,Bastien Dechepy,9847,Paris Saint-Germain,9746,Le Havre,0,2,0,39,61,9,22,5,7,3,8,1,7,1,0,6,13,3,9,2,9,3,3,3,3,13,42,9,11,1,2,1,0,1,0,15,17,14,11,8,1,31,9,7,3,40,38,36.0,33.0,4.0,5.0,10.0,7.0,415,624,339.0,566.0,233,162,106,404,24.0,22.0,1.0,7.0,1.18,2.04,1.18,1.54,0.0,0.49,1.18,2.04,1.68,1.31,0,1,1,10,5,2,2,5,1,4,0.0,0.2442,0.2788,1.3846,0.7597,0.1576,0.134,0.1429,0.0104,0.1144,6,15,3,0,0,5,0,2,0,0,0.5334,1.5508,0.6494,0.0,0.0,0.3703,0.0,0.1225,0.0,0.0,9,22,18.19,16.6
4219381,2023-12-03,fra,2023/2024,Ligue 1,14,Marc Bollengier,8521,Brest,8311,Clermont Foot,1,3,0,58,42,12,10,7,1,3,4,2,5,1,1,6,5,6,5,4,2,1,0,0,0,25,16,11,17,1,2,0,0,2,1,14,23,12,8,5,1,17,22,1,4,56,59,42.0,46.0,14.0,13.0,13.0,13.0,578,423,485.0,329.0,288,184,197,145,61.0,25.0,3.0,3.0,1.42,0.79,0.62,0.49,0.01,0.3,0.63,0.79,2.39,0.05,0,0,5,3,1,2,5,4,1,1,0.0,0.0,1.1151,0.3762,0.0706,0.0618,0.2045,0.3479,0.03,0.026,10,7,0,0,1,0,0,3,1,0,0.6212,0.511,0.0,0.0,0.0107,0.0,0.0,0.3008,0.7884,0.0,12,10,19.18,18.65
4219381,2023-12-03,fra,2023/2024,Ligue 1,14,Marc Bollengier,8311,Clermont Foot,8521,Brest,0,0,3,42,58,10,12,1,7,4,3,5,2,1,1,5,6,5,6,2,4,0,1,0,0,16,25,17,11,2,1,0,0,1,2,23,14,8,12,1,5,22,17,4,1,59,56,46.0,42.0,13.0,14.0,13.0,13.0,423,578,329.0,485.0,184,288,145,197,25.0,61.0,3.0,3.0,0.79,1.42,0.49,0.62,0.3,0.01,0.79,0.63,0.05,2.39,0,0,3,5,2,1,4,5,1,1,0.0,0.0,0.3762,1.1151,0.0618,0.0706,0.3479,0.2045,0.026,0.03,7,10,0,0,0,1,3,0,0,1,0.511,0.6212,0.0,0.0,0.0,0.0107,0.3008,0.0,0.0,0.7884,10,12,18.65,19.18
4219338,2023-12-06,fra,2023/2024,Ligue 1,10,François Letexier,8592,Marseille,9748,Lyon,1,3,0,49,51,12,6,5,1,5,3,2,2,1,0,9,3,3,3,10,3,2,0,0,0,23,17,14,11,1,2,0,0,3,1,37,15,8,10,2,2,16,26,1,2,62,55,56.0,42.0,6.0,13.0,8.0,15.0,471,507,388.0,429.0,167,245,221,184,17.0,24.0,2.0,1.0,2.24,0.18,2.08,0.14,0.16,0.04,2.24,0.18,1.52,0.02,1,0,5,3,3,0,2,3,1,0,0.3533,0.0,1.6941,0.1156,0.0928,0.0,0.0813,0.0634,0.0218,0.0,9,4,0,0,2,2,1,0,0,0,2.0832,0.1352,0.0,0.0,0.1214,0.0438,0.0387,0.0,0.0,0.0,12,6,15.63,21.11
4219338,2023-12-06,fra,2023/2024,Ligue 1,10,François Letexier,9748,Lyon,8592,Marseille,0,0,3,51,49,6,12,1,5,3,5,2,2,0,1,3,9,3,3,3,10,0,2,0,0,17,23,11,14,2,1,0,0,1,3,15,37,10,8,2,2,26,16,2,1,55,62,42.0,56.0,13.0,6.0,15.0,8.0,507,471,429.0,388.0,245,167,184,221,24.0,17.0,1.0,2.0,0.18,2.24,0.14,2.08,0.04,0.16,0.18,2.24,0.02,1.52,0,1,3,5,0,3,3,2,0,1,0.0,0.3533,0.1156,1.6941,0.0,0.0928,0.0634,0.0813,0.0,0.0218,4,9,0,0,2,2,0,1,0,0,0.1352,2.0832,0.0,0.0,0.0438,0.1214,0.0,0.0387,0.0,0.0,6,12,21.11,15.63
4219363,2023-12-07,fra,2023/2024,Ligue 1,12,Jérémie Pignard,8521,Brest,9848,Strasbourg,1,1,1,62,38,13,9,3,5,7,2,3,2,0,0,8,8,5,1,6,0,2,3,2,2,28,25,11,18,1,0,0,0,0,1,12,16,10,10,2,3,13,27,4,2,67,58,43.0,36.0,24.0,22.0,13.0,11.0,551,364,463.0,288.0,244,172,219,116,35.0,28.0,12.0,2.0,1.08,1.46,0.47,1.31,0.6,0.14,1.08,1.46,0.17,1.35,1,1,6,6,1,1,3,0,2,1,0.2678,0.7074,0.5924,0.6605,0.0838,0.0546,0.1101,0.0,0.0222,0.0342,6,7,0,0,5,0,2,2,0,0,0.4734,1.3141,0.0,0.0,0.4814,0.0,0.1216,0.1426,0.0,0.0,13,9,16.0,14.28
4219363,2023-12-07,fra,2023/2024,Ligue 1,12,Jérémie Pignard,9848,Strasbourg,8521,Brest,0,1,1,38,62,9,13,5,3,2,7,2,3,0,0,8,8,1,5,0,6,3,2,2,2,25,28,18,11,0,1,0,0,1,0,16,12,10,10,3,2,27,13,2,4,58,67,36.0,43.0,22.0,24.0,11.0,13.0,364,551,288.0,463.0,172,244,116,219,28.0,35.0,2.0,12.0,1.46,1.08,1.31,0.47,0.14,0.6,1.46,1.08,1.35,0.17,1,1,6,6,1,1,0,3,1,2,0.7074,0.2678,0.6605,0.5924,0.0546,0.0838,0.0,0.1101,0.0342,0.0222,7,6,0,0,0,5,2,2,0,0,1.3141,0.4734,0.0,0.0,0.0,0.4814,0.1426,0.1216,0.0,0.0,9,13,14.28,16.0
4219390,2023-12-08,fra,2023/2024,Ligue 1,15,Stéphanie Frappart,10249,Montpellier,8588,Lens,1,0,0,35,65,18,13,4,5,6,4,8,4,0,0,9,10,9,3,4,3,2,3,2,3,23,31,16,11,2,3,0,0,0,1,16,11,18,7,4,7,25,19,5,4,44,40,31.0,30.0,13.0,10.0,6.0,4.0,291,567,187.0,479.0,114,196,73,283,26.0,19.0,4.0,4.0,1.29,1.15,0.99,0.84,0.3,0.31,1.29,1.15,0.55,1.02,0,2,8,4,1,4,7,3,2,0,0.0,0.4416,0.8526,0.391,0.0315,0.2108,0.3662,0.1102,0.0686,0.0,9,10,3,0,4,3,2,0,0,0,0.747,0.8394,0.2672,0.0,0.2515,0.3142,0.0532,0.0,0.0,0.0,18,13,18.89,14.54
4219390,2023-12-08,fra,2023/2024,Ligue 1,15,Stéphanie Frappart,8588,Lens,10249,Montpellier,0,0,0,65,35,13,18,5,4,4,6,4,8,0,0,10,9,3,9,3,4,3,2,3,2,31,23,11,16,3,2,0,0,1,0,11,16,7,18,7,4,19,25,4,5,40,44,30.0,31.0,10.0,13.0,4.0,6.0,567,291,479.0,187.0,196,114,283,73,19.0,26.0,4.0,4.0,1.15,1.29,0.84,0.99,0.31,0.3,1.15,1.29,1.02,0.55,2,0,4,8,4,1,3,7,0,2,0.4416,0.0,0.391,0.8526,0.2108,0.0315,0.1102,0.3662,0.0,0.0686,10,9,0,3,3,4,0,2,0,0,0.8394,0.747,0.0,0.2672,0.3142,0.2515,0.0,0.0532,0.0,0.0,13,18,14.54,18.89
4219382,2023-12-09,fra,2023/2024,Ligue 1,15,Jérôme Brisard,9847,Paris Saint-Germain,9830,Nantes,1,2,1,65,35,16,10,6,4,4,2,6,4,1,0,13,4,3,6,5,3,3,0,2,0,29,14,9,12,1,3,0,0,1,1,13,18,5,13,3,6,8,24,3,4,43,46,34.0,36.0,9.0,10.0,10.0,9.0,739,387,667.0,316.0,308,209,359,107,31.0,14.0,2.0,2.0,2.02,0.56,1.13,0.46,0.89,0.1,2.02,0.56,2.13,0.3,2,1,4,2,7,1,3,4,0,2,1.0972,0.0723,0.4504,0.2139,0.6079,0.0233,0.1202,0.1882,0.0,0.0578,10,7,2,1,1,1,3,1,0,0,0.9709,0.4023,0.1578,0.055,0.0344,0.0723,1.1125,0.0258,0.0,0.0,16,10,15.54,19.17
4219382,2023-12-09,fra,2023/2024,Ligue 1,15,Jérôme Brisard,9830,Nantes,9847,Paris Saint-Germain,0,1,2,35,65,10,16,4,6,2,4,4,6,0,1,4,13,6,3,3,5,0,3,0,2,14,29,12,9,3,1,0,0,1,1,18,13,13,5,6,3,24,8,4,3,46,43,36.0,34.0,10.0,9.0,9.0,10.0,387,739,316.0,667.0,209,308,107,359,14.0,31.0,2.0,2.0,0.56,2.02,0.46,1.13,0.1,0.89,0.56,2.02,0.3,2.13,1,2,2,4,1,7,4,3,2,0,0.0723,1.0972,0.2139,0.4504,0.0233,0.6079,0.1882,0.1202,0.0578,0.0,7,10,1,2,1,1,1,3,0,0,0.4023,0.9709,0.055,0.1578,0.0723,0.0344,0.0258,1.1125,0.0,0.0,10,16,19.17,15.54
4219384,2023-12-09,fra,2023/2024,Ligue 1,15,Clément Turpin,9851,Rennes,9829,Monaco,1,1,2,46,54,15,12,5,5,7,5,3,2,0,0,10,8,5,4,5,5,4,1,3,0,23,20,9,22,2,4,0,1,1,2,15,9,13,16,2,3,11,19,3,4,57,36,49.0,21.0,8.0,15.0,13.0,3.0,358,419,278.0,347.0,152,162,126,185,30.0,30.0,6.0,6.0,1.7,0.89,0.37,0.57,0.55,0.32,0.91,0.89,1.96,1.05,0,0,7,6,3,2,3,3,2,1,0.0,0.0,1.4864,0.6005,0.0907,0.0951,0.051,0.1683,0.0748,0.0232,7,8,0,0,3,2,4,2,1,0,0.3671,0.5663,0.0,0.0,0.3724,0.1554,0.175,0.1653,0.7884,0.0,15,12,16.41,16.41
4219384,2023-12-09,fra,2023/2024,Ligue 1,15,Clément Turpin,9829,Monaco,9851,Rennes,0,2,1,54,46,12,15,5,5,5,7,2,3,0,0,8,10,4,5,5,5,1,4,0,3,20,23,22,9,4,2,1,0,2,1,9,15,16,13,3,2,19,11,4,3,36,57,21.0,49.0,15.0,8.0,3.0,13.0,419,358,347.0,278.0,162,152,185,126,30.0,30.0,6.0,6.0,0.89,1.7,0.57,0.37,0.32,0.55,0.89,0.91,1.05,1.96,0,0,6,7,2,3,3,3,1,2,0.0,0.0,0.6005,1.4864,0.0951,0.0907,0.1683,0.051,0.0232,0.0748,8,7,0,0,2,3,2,4,0,1,0.5663,0.3671,0.0,0.0,0.1554,0.3724,0.1653,0.175,0.0,0.7884,12,15,16.41,16.41
4219383,2023-12-10,fra,2023/2024,Ligue 1,15,Benoît Millot,9848,Strasbourg,9746,Le Havre,1,2,1,44,56,12,14,3,3,4,7,5,4,0,1,6,9,6,5,4,3,3,2,1,1,21,29,14,15,3,1,0,0,3,2,24,19,20,11,4,5,18,23,2,1,65,50,44.0,37.0,21.0,13.0,7.0,5.0,378,497,289.0,394.0,181,229,108,165,40.0,18.0,8.0,5.0,1.6,1.3,0.88,0.77,0.71,0.53,1.6,1.3,1.21,0.93,1,1,5,5,0,3,5,3,1,2,0.2512,0.3349,0.9324,0.7559,0.0,0.0662,0.3985,0.1115,0.0144,0.0606,6,9,1,0,2,0,3,5,0,0,0.5709,0.8011,0.3136,0.0,0.2942,0.0,0.4177,0.5281,0.0,0.0,12,14,17.42,17.81
4219383,2023-12-10,fra,2023/2024,Ligue 1,15,Benoît Millot,9746,Le Havre,9848,Strasbourg,0,1,2,56,44,14,12,3,3,7,4,4,5,1,0,9,6,5,6,3,4,2,3,1,1,29,21,15,14,1,3,0,0,2,3,19,24,11,20,5,4,23,18,1,2,50,65,37.0,44.0,13.0,21.0,5.0,7.0,497,378,394.0,289.0,229,181,165,108,18.0,40.0,5.0,8.0,1.3,1.6,0.77,0.88,0.53,0.71,1.3,1.6,0.93,1.21,1,1,5,5,3,0,3,5,2,1,0.3349,0.2512,0.7559,0.9324,0.0662,0.0,0.1115,0.3985,0.0606,0.0144,9,6,0,1,0,2,5,3,0,0,0.8011,0.5709,0.0,0.3136,0.0,0.2942,0.5281,0.4177,0.0,0.0,14,12,17.81,17.42
4219385,2023-12-10,fra,2023/2024,Ligue 1,15,Eric Wattellier,8689,Lorient,8592,Marseille,1,2,4,50,50,15,18,9,8,4,5,2,5,0,0,13,15,2,3,4,6,4,4,4,1,28,31,17,17,5,3,0,1,0,0,9,16,4,7,5,3,17,17,4,6,49,51,34.0,38.0,15.0,13.0,8.0,5.0,428,438,361.0,359.0,181,228,180,131,45.0,24.0,2.0,4.0,2.26,2.35,1.72,1.79,0.55,0.56,2.26,2.35,1.49,2.37,2,2,9,12,2,1,1,1,1,2,0.4256,0.5233,1.7964,1.7061,0.0416,0.0223,0.0156,0.0496,0.019,0.0485,10,12,0,2,2,4,3,0,0,0,1.7327,1.2311,0.0,0.5564,0.1846,0.5622,0.3808,0.0,0.0,0.0,15,18,13.21,13.21
4219385,2023-12-10,fra,2023/2024,Ligue 1,15,Eric Wattellier,8592,Marseille,8689,Lorient,0,4,2,50,50,18,15,8,9,5,4,5,2,0,0,15,13,3,2,6,4,4,4,1,4,31,28,17,17,3,5,1,0,0,0,16,9,7,4,3,5,17,17,6,4,51,49,38.0,34.0,13.0,15.0,5.0,8.0,438,428,359.0,361.0,228,181,131,180,24.0,45.0,4.0,2.0,2.35,2.26,1.79,1.72,0.56,0.55,2.35,2.26,2.37,1.49,2,2,12,9,1,2,1,1,2,1,0.5233,0.4256,1.7061,1.7964,0.0223,0.0416,0.0496,0.0156,0.0485,0.019,12,10,2,0,4,2,0,3,0,0,1.2311,1.7327,0.5564,0.0,0.5622,0.1846,0.0,0.3808,0.0,0.0,18,15,13.21,13.21
4219386,2023-12-10,fra,2023/2024,Ligue 1,15,Pierre Gaillouste,9748,Lyon,9941,Toulouse,1,3,0,49,51,15,16,7,6,7,4,1,6,1,0,14,8,1,8,2,1,4,2,1,2,30,20,15,15,2,4,0,0,0,4,7,18,12,7,6,1,16,12,6,4,41,59,28.0,41.0,13.0,18.0,8.0,8.0,486,502,414.0,432.0,254,176,160,256,26.0,24.0,5.0,4.0,1.83,1.55,0.52,0.65,1.31,0.12,1.83,0.77,2.85,1.82,4,0,8,5,2,3,1,4,0,4,0.7546,0.0,0.9804,1.1927,0.0871,0.1279,0.0208,0.1559,0.0,0.0782,5,12,1,1,3,0,6,2,0,1,0.4652,0.6224,0.0591,0.0282,0.7183,0.0,0.6003,0.1156,0.0,0.7884,15,16,11.97,19.8
4219386,2023-12-10,fra,2023/2024,Ligue 1,15,Pierre Gaillouste,9941,Toulouse,9748,Lyon,0,0,3,51,49,16,15,6,7,4,7,6,1,0,1,8,14,8,1,1,2,2,4,2,1,20,30,15,15,4,2,0,0,4,0,18,7,7,12,1,6,12,16,4,6,59,41,41.0,28.0,18.0,13.0,8.0,8.0,502,486,432.0,414.0,176,254,256,160,24.0,26.0,4.0,5.0,1.55,1.83,0.65,0.52,0.12,1.31,0.77,1.83,1.82,2.85,0,4,5,8,3,2,4,1,4,0,0.0,0.7546,1.1927,0.9804,0.1279,0.0871,0.1559,0.0208,0.0782,0.0,12,5,1,1,0,3,2,6,1,0,0.6224,0.4652,0.0282,0.0591,0.0,0.7183,0.1156,0.6003,0.7884,0.0,16,15,19.8,11.97
4219387,2023-12-10,fra,2023/2024,Ligue 1,15,Benoît Bastien,9831,Nice,9837,Reims,1,2,1,52,48,15,9,5,2,8,4,2,3,0,1,10,6,5,3,9,0,1,2,1,2,24,19,14,6,2,3,0,0,6,1,17,23,8,13,3,2,12,15,1,3,48,49,39.0,40.0,9.0,9.0,16.0,4.0,460,441,389.0,353.0,245,201,144,152,14.0,21.0,3.0,1.0,0.93,1.33,0.47,0.7,0.45,0.63,0.93,1.33,0.84,0.36,1,0,4,4,5,2,3,3,2,0,0.0927,0.0,0.3561,1.0206,0.2819,0.1269,0.1421,0.1827,0.0584,0.0,8,7,1,0,6,0,0,2,0,0,0.3654,0.696,0.109,0.0,0.4568,0.0,0.0,0.6341,0.0,0.0,15,9,16.86,16.41
4219387,2023-12-10,fra,2023/2024,Ligue 1,15,Benoît Bastien,9837,Reims,9831,Nice,0,1,2,48,52,9,15,2,5,4,8,3,2,1,0,6,10,3,5,0,9,2,1,2,1,19,24,6,14,3,2,0,0,1,6,23,17,13,8,2,3,15,12,3,1,49,48,40.0,39.0,9.0,9.0,4.0,16.0,441,460,353.0,389.0,201,245,152,144,21.0,14.0,1.0,3.0,1.33,0.93,0.7,0.47,0.63,0.45,1.33,0.93,0.36,0.84,0,1,4,4,2,5,3,3,0,2,0.0,0.0927,1.0206,0.3561,0.1269,0.2819,0.1827,0.1421,0.0,0.0584,7,8,0,1,0,6,2,0,0,0,0.696,0.3654,0.0,0.109,0.0,0.4568,0.6341,0.0,0.0,0.0,9,15,16.41,16.86
4219388,2023-12-10,fra,2023/2024,Ligue 1,15,Florent Batta,8311,Clermont Foot,8639,Lille,1,0,0,47,53,16,12,5,3,8,5,3,4,1,0,8,7,8,5,3,5,1,0,1,0,20,19,18,9,2,2,0,0,1,0,14,18,16,8,4,3,10,9,3,5,46,52,36.0,44.0,10.0,8.0,13.0,8.0,451,503,371.0,418.0,220,253,151,165,37.0,29.0,4.0,2.0,1.35,0.99,0.71,0.68,0.64,0.31,1.35,0.99,0.67,0.31,1,2,3,3,4,2,6,3,2,2,0.1109,0.3388,0.7261,0.3917,0.1234,0.0911,0.2887,0.129,0.0969,0.0378,12,9,0,0,3,2,1,1,0,0,0.7098,0.6778,0.0,0.0,0.1511,0.2766,0.4851,0.0341,0.0,0.0,16,12,17.25,18.49
4219388,2023-12-10,fra,2023/2024,Ligue 1,15,Florent Batta,8639,Lille,8311,Clermont Foot,0,0,0,53,47,12,16,3,5,5,8,4,3,0,1,7,8,5,8,5,3,0,1,0,1,19,20,9,18,2,2,0,0,0,1,18,14,8,16,3,4,9,10,5,3,52,46,44.0,36.0,8.0,10.0,8.0,13.0,503,451,418.0,371.0,253,220,165,151,29.0,37.0,2.0,4.0,0.99,1.35,0.68,0.71,0.31,0.64,0.99,1.35,0.31,0.67,2,1,3,3,2,4,3,6,2,2,0.3388,0.1109,0.3917,0.7261,0.0911,0.1234,0.129,0.2887,0.0378,0.0969,9,12,0,0,2,3,1,1,0,0,0.6778,0.7098,0.0,0.0,0.2766,0.1511,0.0341,0.4851,0.0,0.0,12,16,18.49,17.25
4219389,2023-12-10,fra,2023/2024,Ligue 1,15,Romain Lissorgue,8550,Metz,8521,Brest,1,0,1,32,68,6,4,3,3,2,1,1,0,1,0,2,2,4,2,3,2,1,0,1,0,10,13,14,16,3,2,0,0,3,2,19,36,13,12,0,1,35,17,2,3,63,79,46.0,53.0,17.0,26.0,12.0,4.0,295,622,204.0,518.0,104,263,100,255,29.0,53.0,2.0,5.0,0.22,0.32,0.15,0.32,0.07,0.0,0.22,0.32,0.54,0.35,0,0,1,2,1,0,4,2,0,0,0.0,0.0,0.1013,0.1509,0.0114,0.0,0.103,0.1696,0.0,0.0,3,4,0,0,2,0,1,0,0,0,0.1502,0.3206,0.0,0.0,0.0556,0.0,0.0098,0.0,0.0,0.0,6,4,21.04,14.66
4219389,2023-12-10,fra,2023/2024,Ligue 1,15,Romain Lissorgue,8521,Brest,8550,Metz,0,1,0,68,32,4,6,3,3,1,2,0,1,0,1,2,2,2,4,2,3,0,1,0,1,13,10,16,14,2,3,0,0,2,3,36,19,12,13,1,0,17,35,3,2,79,63,53.0,46.0,26.0,17.0,4.0,12.0,622,295,518.0,204.0,263,104,255,100,53.0,29.0,5.0,2.0,0.32,0.22,0.32,0.15,0.0,0.07,0.32,0.22,0.35,0.54,0,0,2,1,0,1,2,4,0,0,0.0,0.0,0.1509,0.1013,0.0,0.0114,0.1696,0.103,0.0,0.0,4,3,0,0,0,2,0,1,0,0,0.3206,0.1502,0.0,0.0,0.0,0.0556,0.0,0.0098,0.0,0.0,4,6,14.66,21.04
4219394,2023-12-15,fra,2023/2024,Ligue 1,16,Ruddy Buquet,9829,Monaco,9748,Lyon,1,0,1,59,41,19,5,4,2,12,2,3,1,1,0,11,2,8,3,6,1,2,1,2,0,33,9,13,12,1,2,0,0,2,1,21,18,14,11,1,3,5,27,1,4,63,54,47.0,41.0,16.0,13.0,16.0,11.0,579,408,482.0,312.0,173,195,309,117,16.0,20.0,6.0,0.0,1.29,0.73,0.98,0.62,0.32,0.12,1.29,0.73,0.75,0.6,0,0,9,2,2,0,6,0,2,3,0.0,0.0,0.8464,0.5783,0.1084,0.0,0.2923,0.0,0.0565,0.154,13,3,0,0,3,0,3,2,0,0,0.9867,0.6156,0.0,0.0,0.0812,0.0,0.2356,0.1167,0.0,0.0,19,5,17.14,19.24
4219394,2023-12-15,fra,2023/2024,Ligue 1,16,Ruddy Buquet,9748,Lyon,9829,Monaco,0,1,0,41,59,5,19,2,4,2,12,1,3,0,1,2,11,3,8,1,6,1,2,0,2,9,33,12,13,2,1,0,0,1,2,18,21,11,14,3,1,27,5,4,1,54,63,41.0,47.0,13.0,16.0,11.0,16.0,408,579,312.0,482.0,195,173,117,309,20.0,16.0,0.0,6.0,0.73,1.29,0.62,0.98,0.12,0.32,0.73,1.29,0.6,0.75,0,0,2,9,0,2,0,6,3,2,0.0,0.0,0.5783,0.8464,0.0,0.1084,0.0,0.2923,0.154,0.0565,3,13,0,0,0,3,2,3,0,0,0.6156,0.9867,0.0,0.0,0.0,0.0812,0.1167,0.2356,0.0,0.0,5,19,19.24,17.14
4219396,2023-12-16,fra,2023/2024,Ligue 1,16,François Letexier,8588,Lens,9837,Reims,1,2,0,46,54,7,14,2,3,3,8,2,3,0,1,5,10,2,4,4,7,3,0,1,0,15,25,9,10,0,1,0,0,1,1,17,15,11,14,3,2,22,20,3,0,35,46,31.0,36.0,4.0,10.0,5.0,13.0,420,501,330.0,403.0,210,205,120,198,26.0,23.0,7.0,6.0,1.31,1.09,1.14,0.75,0.17,0.34,1.31,1.09,0.76,0.36,1,1,3,7,1,2,2,3,0,1,0.1184,0.0859,1.0665,0.7207,0.014,0.1365,0.1148,0.1332,0.0,0.0139,3,8,1,2,2,3,1,1,0,0,1.0717,0.5353,0.0701,0.2132,0.1579,0.2213,0.014,0.1205,0.0,0.0,7,14,14.16,15.98
4219396,2023-12-16,fra,2023/2024,Ligue 1,16,François Letexier,9837,Reims,8588,Lens,0,0,2,54,46,14,7,3,2,8,3,3,2,1,0,10,5,4,2,7,4,0,3,0,1,25,15,10,9,1,0,0,0,1,1,15,17,14,11,2,3,20,22,0,3,46,35,36.0,31.0,10.0,4.0,13.0,5.0,501,420,403.0,330.0,205,210,198,120,23.0,26.0,6.0,7.0,1.09,1.31,0.75,1.14,0.34,0.17,1.09,1.31,0.36,0.76,1,1,7,3,2,1,3,2,1,0,0.0859,0.1184,0.7207,1.0665,0.1365,0.014,0.1332,0.1148,0.0139,0.0,8,3,2,1,3,2,1,1,0,0,0.5353,1.0717,0.2132,0.0701,0.2213,0.1579,0.1205,0.014,0.0,0.0,14,7,15.98,14.16
4219398,2023-12-16,fra,2023/2024,Ligue 1,16,Jérémie Pignard,9746,Le Havre,9831,Nice,1,3,1,38,62,9,13,5,6,1,4,3,3,0,0,7,11,2,2,2,9,2,3,0,2,15,25,13,9,3,2,1,1,1,0,19,17,9,5,4,3,26,10,4,2,40,61,29.0,42.0,11.0,19.0,3.0,12.0,368,595,290.0,523.0,181,295,109,228,17.0,18.0,2.0,8.0,2.05,1.88,1.08,1.82,0.18,0.06,1.26,1.88,2.59,2.08,0,4,7,6,1,1,0,2,1,0,0.0,2.0703,2.0183,0.2873,0.0255,0.0548,0.0,0.0563,0.0157,0.0,6,10,1,0,0,3,1,0,1,0,0.6063,2.4039,0.4822,0.0,0.0,0.0648,0.1826,0.0,0.7884,0.0,9,13,13.33,10.44
4219398,2023-12-16,fra,2023/2024,Ligue 1,16,Jérémie Pignard,9831,Nice,9746,Le Havre,0,1,3,62,38,13,9,6,5,4,1,3,3,0,0,11,7,2,2,9,2,3,2,2,0,25,15,9,13,2,3,1,1,0,1,17,19,5,9,3,4,10,26,2,4,61,40,42.0,29.0,19.0,11.0,12.0,3.0,595,368,523.0,290.0,295,181,228,109,18.0,17.0,8.0,2.0,1.88,2.05,1.82,1.08,0.06,0.18,1.88,1.26,2.08,2.59,4,0,6,7,1,1,2,0,0,1,2.0703,0.0,0.2873,2.0183,0.0548,0.0255,0.0563,0.0,0.0,0.0157,10,6,0,1,3,0,0,1,0,1,2.4039,0.6063,0.0,0.4822,0.0648,0.0,0.0,0.1826,0.0,0.7884,13,9,10.44,13.33
4219391,2023-12-17,fra,2023/2024,Ligue 1,16,Jeremy Stinat,9941,Toulouse,9851,Rennes,1,0,0,49,51,15,11,6,4,3,1,6,6,0,0,9,9,6,2,4,4,1,2,1,2,34,30,17,14,3,2,0,0,1,0,13,16,11,15,6,8,16,19,4,4,48,56,33.0,45.0,15.0,11.0,7.0,12.0,432,455,348.0,368.0,169,187,179,181,23.0,22.0,3.0,6.0,0.95,0.73,0.82,0.38,0.13,0.35,0.95,0.73,1.42,0.87,0,1,6,4,3,4,3,1,3,1,0.0,0.1976,0.5549,0.3586,0.0703,0.11,0.1557,0.0686,0.1667,0.0207,11,6,1,1,2,3,1,1,0,0,0.7355,0.3152,0.0867,0.0633,0.0871,0.3706,0.0382,0.0064,0.0,0.0,15,11,20.19,16.42
4219391,2023-12-17,fra,2023/2024,Ligue 1,16,Jeremy Stinat,9851,Rennes,9941,Toulouse,0,0,0,51,49,11,15,4,6,1,3,6,6,0,0,9,9,2,6,4,4,2,1,2,1,30,34,14,17,2,3,0,0,0,1,16,13,15,11,8,6,19,16,4,4,56,48,45.0,33.0,11.0,15.0,12.0,7.0,455,432,368.0,348.0,187,169,181,179,22.0,23.0,6.0,3.0,0.73,0.95,0.38,0.82,0.35,0.13,0.73,0.95,0.87,1.42,1,0,4,6,4,3,1,3,1,3,0.1976,0.0,0.3586,0.5549,0.11,0.0703,0.0686,0.1557,0.0207,0.1667,6,11,1,1,3,2,1,1,0,0,0.3152,0.7355,0.0633,0.0867,0.3706,0.0871,0.0064,0.0382,0.0,0.0,11,15,16.42,20.19
4219392,2023-12-17,fra,2023/2024,Ligue 1,16,Gaël Angoula,8592,Marseille,8311,Clermont Foot,1,2,1,55,45,15,5,6,2,8,2,1,1,1,0,13,2,2,3,4,1,6,0,4,0,30,6,12,14,0,2,0,0,0,0,20,17,14,15,1,1,8,15,1,4,51,45,38.0,33.0,13.0,12.0,4.0,4.0,551,461,475.0,390.0,276,286,199,104,30.0,37.0,6.0,1.0,2.43,0.18,2.28,0.15,0.15,0.03,2.43,0.18,2.47,0.55,2,0,11,1,0,1,1,3,1,0,0.6663,0.0,1.7422,0.0306,0.0,0.0371,0.0208,0.1136,0.0388,0.0,11,4,1,0,2,1,1,0,0,0,1.7499,0.1507,0.5697,0.0,0.1098,0.0306,0.0388,0.0,0.0,0.0,15,5,13.69,21.91
4219392,2023-12-17,fra,2023/2024,Ligue 1,16,Gaël Angoula,8311,Clermont Foot,8592,Marseille,0,1,2,45,55,5,15,2,6,2,8,1,1,0,1,2,13,3,2,1,4,0,6,0,4,6,30,14,12,2,0,0,0,0,0,17,20,15,14,1,1,15,8,4,1,45,51,33.0,38.0,12.0,13.0,4.0,4.0,461,551,390.0,475.0,286,276,104,199,37.0,30.0,1.0,6.0,0.18,2.43,0.15,2.28,0.03,0.15,0.18,2.43,0.55,2.47,0,2,1,11,1,0,3,1,0,1,0.0,0.6663,0.0306,1.7422,0.0371,0.0,0.1136,0.0208,0.0,0.0388,4,11,0,1,1,2,0,1,0,0,0.1507,1.7499,0.0,0.5697,0.0306,0.1098,0.0,0.0388,0.0,0.0,5,15,21.91,13.69
4219393,2023-12-17,fra,2023/2024,Ligue 1,16,Bastien Dechepy,8689,Lorient,9848,Strasbourg,1,1,2,52,48,7,12,1,9,3,0,3,3,0,0,5,6,2,6,6,1,2,3,1,3,23,17,14,12,3,2,0,0,0,1,13,17,7,10,3,2,9,32,7,0,50,50,36.0,44.0,14.0,6.0,12.0,14.0,462,454,380.0,373.0,219,243,161,130,25.0,26.0,5.0,1.0,0.79,0.92,0.68,0.65,0.11,0.27,0.79,0.92,0.81,2.43,1,2,4,2,1,2,1,5,0,1,0.311,0.2651,0.4295,0.3303,0.0247,0.0346,0.0225,0.2694,0.0,0.0193,5,8,0,1,1,0,1,3,0,0,0.6811,0.3559,0.0,0.2931,0.0728,0.0,0.0338,0.2697,0.0,0.0,7,12,13.17,18.04
4219393,2023-12-17,fra,2023/2024,Ligue 1,16,Bastien Dechepy,9848,Strasbourg,8689,Lorient,0,2,1,48,52,12,7,9,1,0,3,3,3,0,0,6,5,6,2,1,6,3,2,3,1,17,23,12,14,2,3,0,0,1,0,17,13,10,7,2,3,32,9,0,7,50,50,44.0,36.0,6.0,14.0,14.0,12.0,454,462,373.0,380.0,243,219,130,161,26.0,25.0,1.0,5.0,0.92,0.79,0.65,0.68,0.27,0.11,0.92,0.79,2.43,0.81,2,1,2,4,2,1,5,1,1,0,0.2651,0.311,0.3303,0.4295,0.0346,0.0247,0.2694,0.0225,0.0193,0.0,8,5,1,0,0,1,3,1,0,0,0.3559,0.6811,0.2931,0.0,0.0,0.0728,0.2697,0.0338,0.0,0.0,12,7,18.04,13.17
4219395,2023-12-17,fra,2023/2024,Ligue 1,16,Willy Delajod,8639,Lille,9847,Paris Saint-Germain,1,1,1,41,59,15,10,3,2,3,2,9,6,0,0,10,7,5,3,8,8,3,1,2,0,23,36,9,19,1,1,0,0,4,3,25,13,13,12,6,9,27,14,1,2,59,43,54.0,35.0,5.0,8.0,10.0,13.0,364,523,293.0,463.0,171,266,122,197,18.0,26.0,2.0,5.0,1.42,1.4,1.1,0.53,0.32,0.09,1.42,0.61,0.75,1.18,2,0,7,5,2,2,3,2,1,1,0.3113,0.0,0.9295,1.1527,0.064,0.1442,0.1051,0.0956,0.0308,0.0082,11,6,0,1,2,2,2,0,0,1,1.1208,0.4559,0.0,0.0691,0.2437,0.0872,0.0762,0.0,0.0,0.7884,15,10,15.85,16.02
4219395,2023-12-17,fra,2023/2024,Ligue 1,16,Willy Delajod,9847,Paris Saint-Germain,8639,Lille,0,1,1,59,41,10,15,2,3,2,3,6,9,0,0,7,10,3,5,8,8,1,3,0,2,36,23,19,9,1,1,0,0,3,4,13,25,12,13,9,6,14,27,2,1,43,59,35.0,54.0,8.0,5.0,13.0,10.0,523,364,463.0,293.0,266,171,197,122,26.0,18.0,5.0,2.0,1.4,1.42,0.53,1.1,0.09,0.32,0.61,1.42,1.18,0.75,0,2,5,7,2,2,2,3,1,1,0.0,0.3113,1.1527,0.9295,0.1442,0.064,0.0956,0.1051,0.0082,0.0308,6,11,1,0,2,2,0,2,1,0,0.4559,1.1208,0.0691,0.0,0.0872,0.2437,0.0,0.0762,0.7884,0.0,10,15,16.02,15.85
4219397,2023-12-17,fra,2023/2024,Ligue 1,16,Benoît Millot,9830,Nantes,8521,Brest,1,0,2,51,49,12,14,4,8,6,3,2,3,1,0,9,11,3,3,4,3,2,2,2,1,40,24,15,8,1,3,0,0,1,0,25,25,7,7,3,2,16,24,5,4,54,69,42.0,54.0,12.0,15.0,9.0,16.0,502,494,427.0,404.0,217,246,210,158,22.0,58.0,9.0,3.0,0.99,1.96,0.99,1.04,0.0,0.93,0.99,1.96,0.82,1.87,1,3,3,4,5,4,3,2,0,1,0.0795,1.396,0.3093,0.3435,0.3879,0.2477,0.2087,0.102,0.0,0.0209,11,10,1,1,0,3,0,0,0,0,0.8984,0.9686,0.087,0.0976,0.0,1.0438,0.0,0.0,0.0,0.0,12,14,15.91,14.27
4219397,2023-12-17,fra,2023/2024,Ligue 1,16,Benoît Millot,8521,Brest,9830,Nantes,0,2,0,49,51,14,12,8,4,3,6,3,2,0,1,11,9,3,3,3,4,2,2,1,2,24,40,8,15,3,1,0,0,0,1,25,25,7,7,2,3,24,16,4,5,69,54,54.0,42.0,15.0,12.0,16.0,9.0,494,502,404.0,427.0,246,217,158,210,58.0,22.0,3.0,9.0,1.96,0.99,1.04,0.99,0.93,0.0,1.96,0.99,1.87,0.82,3,1,4,3,4,5,2,3,1,0,1.396,0.0795,0.3435,0.3093,0.2477,0.3879,0.102,0.2087,0.0209,0.0,10,11,1,1,3,0,0,0,0,0,0.9686,0.8984,0.0976,0.087,1.0438,0.0,0.0,0.0,0.0,0.0,14,12,14.27,15.91
4219399,2023-12-17,fra,2023/2024,Ligue 1,16,Marc Bollengier,8550,Metz,10249,Montpellier,1,0,1,51,49,19,6,4,3,4,0,11,3,0,0,9,2,10,4,12,5,0,2,0,1,29,8,15,14,2,2,0,0,2,0,18,21,8,6,3,11,14,40,2,4,53,61,36.0,39.0,17.0,22.0,7.0,4.0,399,412,316.0,315.0,147,185,169,130,20.0,37.0,9.0,1.0,0.84,0.51,0.42,0.33,0.42,0.18,0.84,0.51,0.43,0.75,0,1,7,1,2,0,5,2,5,2,0.0,0.1178,0.5015,0.0798,0.0502,0.0,0.1862,0.2486,0.1029,0.0664,11,2,0,1,7,1,1,2,0,0,0.4167,0.1044,0.0,0.224,0.4004,0.1178,0.0237,0.0664,0.0,0.0,19,6,19.08,20.81
4219399,2023-12-17,fra,2023/2024,Ligue 1,16,Marc Bollengier,10249,Montpellier,8550,Metz,0,1,0,49,51,6,19,3,4,0,4,3,11,0,0,2,9,4,10,5,12,2,0,1,0,8,29,14,15,2,2,0,0,0,2,21,18,6,8,11,3,40,14,4,2,61,53,39.0,36.0,22.0,17.0,4.0,7.0,412,399,315.0,316.0,185,147,130,169,37.0,20.0,1.0,9.0,0.51,0.84,0.33,0.42,0.18,0.42,0.51,0.84,0.75,0.43,1,0,1,7,0,2,2,5,2,5,0.1178,0.0,0.0798,0.5015,0.0,0.0502,0.2486,0.1862,0.0664,0.1029,2,11,1,0,1,7,2,1,0,0,0.1044,0.4167,0.224,0.0,0.1178,0.4004,0.0664,0.0237,0.0,0.0,6,19,20.81,19.08
4219400,2023-12-20,fra,2023/2024,Ligue 1,17,Ruddy Buquet,9847,Paris Saint-Germain,8550,Metz,1,3,1,75,25,13,3,5,1,4,2,4,0,1,0,7,1,6,2,5,5,3,0,1,0,31,8,6,9,0,1,0,0,5,0,6,17,5,7,0,4,18,15,0,2,35,38,28.0,33.0,7.0,5.0,13.0,11.0,826,270,766.0,203.0,224,127,542,76,20.0,20.0,3.0,2.0,2.37,0.14,2.26,0.04,0.11,0.1,2.37,0.14,2.49,0.7,1,1,4,0,2,0,4,2,2,0,0.9715,0.0992,1.0127,0.0,0.0813,0.0,0.2568,0.0382,0.0471,0.0,11,2,1,0,0,1,1,0,0,0,2.1975,0.0382,0.059,0.0,0.0,0.0992,0.1129,0.0,0.0,0.0,13,3,16.61,21.69
4219400,2023-12-20,fra,2023/2024,Ligue 1,17,Ruddy Buquet,8550,Metz,9847,Paris Saint-Germain,0,1,3,25,75,3,13,1,5,2,4,0,4,0,1,1,7,2,6,5,5,0,3,0,1,8,31,9,6,1,0,0,0,0,5,17,6,7,5,4,0,15,18,2,0,38,35,33.0,28.0,5.0,7.0,11.0,13.0,270,826,203.0,766.0,127,224,76,542,20.0,20.0,2.0,3.0,0.14,2.37,0.04,2.26,0.1,0.11,0.14,2.37,0.7,2.49,1,1,0,4,0,2,2,4,0,2,0.0992,0.9715,0.0,1.0127,0.0,0.0813,0.0382,0.2568,0.0,0.0471,2,11,0,1,1,0,0,1,0,0,0.0382,2.1975,0.0,0.059,0.0992,0.0,0.0,0.1129,0.0,0.0,3,13,21.69,16.61
4219401,2023-12-20,fra,2023/2024,Ligue 1,17,Clément Turpin,9848,Strasbourg,8639,Lille,1,2,1,32,68,9,9,2,2,3,3,4,4,0,0,5,5,4,4,6,5,2,1,2,1,14,20,19,10,1,2,0,0,3,2,25,28,11,5,4,4,14,24,2,1,45,58,41.0,54.0,4.0,4.0,6.0,9.0,260,582,198.0,511.0,116,335,82,176,18.0,22.0,3.0,3.0,0.82,0.53,0.76,0.39,0.06,0.14,0.82,0.53,0.29,0.16,2,0,1,2,2,3,3,3,1,1,0.4174,0.0,0.0984,0.1431,0.1382,0.2239,0.1575,0.1178,0.008,0.0495,8,5,0,1,1,1,0,2,0,0,0.7636,0.3462,0.0,0.0516,0.056,0.0755,0.0,0.061,0.0,0.0,9,9,17.28,17.81
4219401,2023-12-20,fra,2023/2024,Ligue 1,17,Clément Turpin,8639,Lille,9848,Strasbourg,0,1,2,68,32,9,9,2,2,3,3,4,4,0,0,5,5,4,4,5,6,1,2,1,2,20,14,10,19,2,1,0,0,2,3,28,25,5,11,4,4,24,14,1,2,58,45,54.0,41.0,4.0,4.0,9.0,6.0,582,260,511.0,198.0,335,116,176,82,22.0,18.0,3.0,3.0,0.53,0.82,0.39,0.76,0.14,0.06,0.53,0.82,0.16,0.29,0,2,2,1,3,2,3,3,1,1,0.0,0.4174,0.1431,0.0984,0.2239,0.1382,0.1178,0.1575,0.0495,0.008,5,8,1,0,1,1,2,0,0,0,0.3462,0.7636,0.0516,0.0,0.0755,0.056,0.061,0.0,0.0,0.0,9,9,17.81,17.28
4219402,2023-12-20,fra,2023/2024,Ligue 1,17,Jérôme Brisard,9941,Toulouse,9829,Monaco,1,1,2,55,45,20,12,5,4,9,4,6,4,0,0,15,8,5,4,4,5,2,3,1,1,34,28,17,10,2,3,0,1,1,1,13,17,9,7,4,6,23,30,2,4,51,55,33.0,41.0,18.0,14.0,10.0,7.0,536,451,447.0,343.0,195,144,252,199,18.0,16.0,13.0,2.0,1.36,1.9,1.07,0.89,0.29,0.21,1.36,1.11,1.39,2.55,2,1,11,6,2,1,3,3,2,1,0.2806,0.2158,0.8515,1.3246,0.0674,0.0658,0.101,0.2553,0.0598,0.0354,13,8,1,0,4,1,2,2,0,1,0.8509,0.894,0.2173,0.0,0.1927,0.0354,0.0993,0.1791,0.0,0.7884,20,12,14.22,16.88
4219402,2023-12-20,fra,2023/2024,Ligue 1,17,Jérôme Brisard,9829,Monaco,9941,Toulouse,0,2,1,45,55,12,20,4,5,4,9,4,6,0,0,8,15,4,5,5,4,3,2,1,1,28,34,10,17,3,2,1,0,1,1,17,13,7,9,6,4,30,23,4,2,55,51,41.0,33.0,14.0,18.0,7.0,10.0,451,536,343.0,447.0,144,195,199,252,16.0,18.0,2.0,13.0,1.9,1.36,0.89,1.07,0.21,0.29,1.11,1.36,2.55,1.39,1,2,6,11,1,2,3,3,1,2,0.2158,0.2806,1.3246,0.8515,0.0658,0.0674,0.2553,0.101,0.0354,0.0598,8,13,0,1,1,4,2,2,1,0,0.894,0.8509,0.0,0.2173,0.0354,0.1927,0.1791,0.0993,0.7884,0.0,12,20,16.88,14.22
4219403,2023-12-20,fra,2023/2024,Ligue 1,17,Benoît Bastien,9748,Lyon,9830,Nantes,1,1,0,39,61,8,7,7,0,1,4,0,3,0,0,8,6,0,1,7,7,3,0,2,0,22,21,8,14,1,2,1,0,3,1,14,17,10,9,3,0,22,14,0,6,56,41,38.0,32.0,18.0,9.0,11.0,8.0,352,551,270.0,474.0,167,180,103,294,16.0,22.0,3.0,6.0,1.71,0.46,1.39,0.23,0.32,0.23,1.71,0.46,1.96,0.0,1,1,4,3,3,2,0,1,0,0,0.1831,0.2313,1.2554,0.1745,0.2777,0.0397,0.0,0.0164,0.0,0.0,2,6,2,0,4,1,0,0,0,0,0.4201,0.2307,0.9729,0.0,0.3233,0.2313,0.0,0.0,0.0,0.0,8,7,11.16,17.27
4219403,2023-12-20,fra,2023/2024,Ligue 1,17,Benoît Bastien,9830,Nantes,9748,Lyon,0,0,1,61,39,7,8,0,7,4,1,3,0,0,0,6,8,1,0,7,7,0,3,0,2,21,22,14,8,2,1,0,1,1,3,17,14,9,10,0,3,14,22,6,0,41,56,32.0,38.0,9.0,18.0,8.0,11.0,551,352,474.0,270.0,180,167,294,103,22.0,16.0,6.0,3.0,0.46,1.71,0.23,1.39,0.23,0.32,0.46,1.71,0.0,1.96,1,1,3,4,2,3,1,0,0,0,0.2313,0.1831,0.1745,1.2554,0.0397,0.2777,0.0164,0.0,0.0,0.0,6,2,0,2,1,4,0,0,0,0,0.2307,0.4201,0.0,0.9729,0.2313,0.3233,0.0,0.0,0.0,0.0,7,8,17.27,11.16
4219404,2023-12-20,fra,2023/2024,Ligue 1,17,Hakim Ben El Hadj Salem,9831,Nice,8588,Lens,1,2,0,41,59,14,10,5,3,5,4,4,3,1,1,11,6,3,4,5,6,3,0,1,0,27,20,14,11,2,2,0,0,1,3,6,16,14,6,3,4,16,18,3,3,43,42,31.0,29.0,12.0,13.0,14.0,0.0,359,535,303.0,463.0,192,235,111,228,16.0,15.0,4.0,3.0,2.52,0.5,1.59,0.34,0.14,0.16,1.73,0.5,1.9,0.47,1,0,7,4,3,2,2,2,1,2,0.6456,0.0,1.4589,0.2223,0.1408,0.0474,0.2294,0.2,0.0415,0.037,10,6,1,1,2,1,0,2,1,0,1.4653,0.2503,0.1274,0.092,0.135,0.0636,0.0,0.1009,0.7884,0.0,14,10,13.0,17.3
4219404,2023-12-20,fra,2023/2024,Ligue 1,17,Hakim Ben El Hadj Salem,8588,Lens,9831,Nice,0,0,2,59,41,10,14,3,5,4,5,3,4,1,1,6,11,4,3,6,5,0,3,0,1,20,27,11,14,2,2,0,0,3,1,16,6,6,14,4,3,18,16,3,3,42,43,29.0,31.0,13.0,12.0,0.0,14.0,535,359,463.0,303.0,235,192,228,111,15.0,16.0,3.0,4.0,0.5,2.52,0.34,1.59,0.16,0.14,0.5,1.73,0.47,1.9,0,1,4,7,2,3,2,2,2,1,0.0,0.6456,0.2223,1.4589,0.0474,0.1408,0.2,0.2294,0.037,0.0415,6,10,1,1,1,2,2,0,0,1,0.2503,1.4653,0.092,0.1274,0.0636,0.135,0.1009,0.0,0.0,0.7884,10,14,17.3,13.0
4219405,2023-12-20,fra,2023/2024,Ligue 1,17,Eric Wattellier,8311,Clermont Foot,9851,Rennes,1,1,3,44,56,14,25,6,11,2,10,6,4,0,0,7,16,7,9,4,5,0,2,0,0,17,42,8,11,0,3,1,0,1,1,13,13,7,7,4,6,19,14,8,5,46,42,29.0,29.0,17.0,13.0,7.0,9.0,369,470,278.0,378.0,135,189,143,189,29.0,31.0,6.0,14.0,0.59,2.54,0.49,1.31,0.1,0.44,0.59,1.75,1.12,2.73,1,0,4,12,2,4,5,8,2,1,0.0875,0.0,0.2402,2.0421,0.1026,0.2164,0.1217,0.2751,0.042,0.0319,10,17,1,0,1,6,2,1,0,1,0.4619,1.3369,0.0325,0.0,0.0505,0.4253,0.0491,0.0148,0.0,0.7884,14,25,19.7,16.34
4219405,2023-12-20,fra,2023/2024,Ligue 1,17,Eric Wattellier,9851,Rennes,8311,Clermont Foot,0,3,1,56,44,25,14,11,6,10,2,4,6,0,0,16,7,9,7,5,4,2,0,0,0,42,17,11,8,3,0,0,1,1,1,13,13,7,7,6,4,14,19,5,8,42,46,29.0,29.0,13.0,17.0,9.0,7.0,470,369,378.0,278.0,189,135,189,143,31.0,29.0,14.0,6.0,2.54,0.59,1.31,0.49,0.44,0.1,1.75,0.59,2.73,1.12,0,1,12,4,4,2,8,5,1,2,0.0,0.0875,2.0421,0.2402,0.2164,0.1026,0.2751,0.1217,0.0319,0.042,17,10,0,1,6,1,1,2,1,0,1.3369,0.4619,0.0,0.0325,0.4253,0.0505,0.0148,0.0491,0.7884,0.0,25,14,16.34,19.7
4219406,2023-12-20,fra,2023/2024,Ligue 1,17,Stéphanie Frappart,9837,Reims,9746,Le Havre,1,1,0,65,35,22,4,7,1,8,3,7,0,0,0,12,2,10,2,6,2,1,1,1,1,33,10,7,6,1,1,0,1,4,1,18,15,8,12,0,7,13,26,1,6,40,46,31.0,29.0,9.0,17.0,9.0,7.0,691,365,616.0,278.0,235,181,381,97,59.0,28.0,5.0,1.0,1.2,0.25,1.03,0.25,0.17,0.0,1.2,0.25,1.32,0.06,0,0,7,1,5,1,7,1,3,1,0.0,0.0,0.5356,0.1747,0.2846,0.031,0.2925,0.016,0.0863,0.027,17,4,1,0,3,0,1,0,0,0,0.9613,0.2487,0.0652,0.0,0.1381,0.0,0.0344,0.0,0.0,0.0,22,4,19.33,21.78
4219406,2023-12-20,fra,2023/2024,Ligue 1,17,Stéphanie Frappart,9746,Le Havre,9837,Reims,0,0,1,35,65,4,22,1,7,3,8,0,7,0,0,2,12,2,10,2,6,1,1,1,1,10,33,6,7,1,1,1,0,1,4,15,18,12,8,7,0,26,13,6,1,46,40,29.0,31.0,17.0,9.0,7.0,9.0,365,691,278.0,616.0,181,235,97,381,28.0,59.0,1.0,5.0,0.25,1.2,0.25,1.03,0.0,0.17,0.25,1.2,0.06,1.32,0,0,1,7,1,5,1,7,1,3,0.0,0.0,0.1747,0.5356,0.031,0.2846,0.016,0.2925,0.027,0.0863,4,17,0,1,0,3,0,1,0,0,0.2487,0.9613,0.0,0.0652,0.0,0.1381,0.0,0.0344,0.0,0.0,4,22,21.78,19.33
4219407,2023-12-20,fra,2023/2024,Ligue 1,17,Thomas Léonard,10249,Montpellier,8592,Marseille,1,1,1,32,68,12,17,6,4,5,8,1,5,0,1,8,12,4,5,5,10,3,2,2,2,21,32,21,13,2,1,0,0,0,1,14,14,16,5,5,1,30,21,3,5,53,53,38.0,42.0,15.0,11.0,11.0,9.0,266,563,193.0,491.0,117,185,76,306,27.0,25.0,3.0,9.0,0.9,1.35,0.66,0.75,0.25,0.59,0.9,1.35,1.88,0.59,3,2,1,5,4,5,2,3,2,2,0.4838,0.2503,0.0658,0.5693,0.2364,0.2397,0.075,0.2514,0.0406,0.035,4,8,4,1,3,5,1,3,0,0,0.3682,0.6856,0.2875,0.0691,0.2139,0.2419,0.0321,0.349,0.0,0.0,12,17,15.41,15.12
4219407,2023-12-20,fra,2023/2024,Ligue 1,17,Thomas Léonard,8592,Marseille,10249,Montpellier,0,1,1,68,32,17,12,4,6,8,5,5,1,1,0,12,8,5,4,10,5,2,3,2,2,32,21,13,21,1,2,0,0,1,0,14,14,5,16,1,5,21,30,5,3,53,53,42.0,38.0,11.0,15.0,9.0,11.0,563,266,491.0,193.0,185,117,306,76,25.0,27.0,9.0,3.0,1.35,0.9,0.75,0.66,0.59,0.25,1.35,0.9,0.59,1.88,2,3,5,1,5,4,3,2,2,2,0.2503,0.4838,0.5693,0.0658,0.2397,0.2364,0.2514,0.075,0.035,0.0406,8,4,1,4,5,3,3,1,0,0,0.6856,0.3682,0.0691,0.2875,0.2419,0.2139,0.349,0.0321,0.0,0.0,17,12,15.12,15.41
4219408,2023-12-20,fra,2023/2024,Ligue 1,17,Mathieu Vernice,8521,Brest,8689,Lorient,1,4,0,60,40,11,7,7,3,2,3,2,1,0,0,6,3,5,4,1,0,2,1,0,1,15,12,8,17,1,2,0,0,1,4,17,13,5,7,1,2,11,14,3,3,52,50,38.0,35.0,14.0,15.0,6.0,14.0,614,418,514.0,342.0,319,190,195,152,31.0,26.0,3.0,1.0,2.02,0.51,1.93,0.51,0.09,0.0,2.02,0.51,2.39,0.57,0,0,6,1,0,2,3,4,2,0,0.0,0.0,1.7751,0.0983,0.0,0.0689,0.1426,0.3403,0.0516,0.0,9,7,0,0,0,0,2,0,0,0,1.876,0.5075,0.0,0.0,0.0,0.0,0.0933,0.0,0.0,0.0,11,7,16.58,20.63
4219408,2023-12-20,fra,2023/2024,Ligue 1,17,Mathieu Vernice,8689,Lorient,8521,Brest,0,0,4,40,60,7,11,3,7,3,2,1,2,0,0,3,6,4,5,0,1,1,2,1,0,12,15,17,8,2,1,0,0,4,1,13,17,7,5,2,1,14,11,3,3,50,52,35.0,38.0,15.0,14.0,14.0,6.0,418,614,342.0,514.0,190,319,152,195,26.0,31.0,1.0,3.0,0.51,2.02,0.51,1.93,0.0,0.09,0.51,2.02,0.57,2.39,0,0,1,6,2,0,4,3,0,2,0.0,0.0,0.0983,1.7751,0.0689,0.0,0.3403,0.1426,0.0,0.0516,7,9,0,0,0,0,0,2,0,0,0.5075,1.876,0.0,0.0,0.0,0.0,0.0,0.0933,0.0,0.0,7,11,20.63,16.58
4219192,2024-01-12,fra,2023/2024,Ligue 1,18,Marc Bollengier,8592,Marseille,9848,Strasbourg,1,1,1,47,53,8,18,2,4,5,6,1,8,0,1,5,12,3,6,6,4,4,1,3,1,17,31,11,10,3,2,0,0,1,2,12,15,10,14,7,2,20,11,3,0,40,38,28.0,32.0,12.0,6.0,8.0,6.0,429,485,344.0,409.0,199,230,145,179,21.0,14.0,5.0,3.0,1.36,1.19,0.73,0.95,0.64,0.24,1.36,1.19,,,2,0,3,7,0,5,1,3,2,3,0.5443,0.0,0.6949,0.542,0.0,0.4569,0.0918,0.1362,0.0339,0.0563,5,14,0,1,2,0,1,3,0,0,0.7288,0.7427,0.0,0.2067,0.5443,0.0,0.0918,0.2421,0.0,0.0,8,18,15.1,19.19
4219192,2024-01-12,fra,2023/2024,Ligue 1,18,Marc Bollengier,9848,Strasbourg,8592,Marseille,0,1,1,53,47,18,8,4,2,6,5,8,1,1,0,12,5,6,3,4,6,1,4,1,3,31,17,10,11,2,3,0,0,2,1,15,12,14,10,2,7,11,20,0,3,38,40,32.0,28.0,6.0,12.0,6.0,8.0,485,429,409.0,344.0,230,199,179,145,14.0,21.0,3.0,5.0,1.19,1.36,0.95,0.73,0.24,0.64,1.19,1.36,,,0,2,7,3,5,0,3,1,3,2,0.0,0.5443,0.542,0.6949,0.4569,0.0,0.1362,0.0918,0.0563,0.0339,14,5,1,0,0,2,3,1,0,0,0.7427,0.7288,0.2067,0.0,0.0,0.5443,0.2421,0.0918,0.0,0.0,18,8,19.19,15.1
4219191,2024-01-13,fra,2023/2024,Ligue 1,18,Bastien Dechepy,9851,Rennes,9831,Nice,1,2,0,43,57,15,9,5,2,4,3,6,4,0,0,11,7,4,2,6,6,2,1,1,1,22,20,13,11,1,0,0,0,0,0,20,19,7,11,4,5,19,15,2,3,49,51,34.0,41.0,15.0,10.0,7.0,10.0,414,543,335.0,464.0,180,289,155,175,23.0,14.0,6.0,3.0,2.06,0.66,0.74,0.5,0.53,0.16,1.27,0.66,1.8,0.26,0,0,10,5,1,2,1,2,3,0,0.0,0.0,1.9465,0.444,0.023,0.1578,0.0351,0.0587,0.0528,0.0,6,6,1,0,3,1,4,2,1,0,0.5618,0.5047,0.1758,0.0,0.3064,0.0991,0.2251,0.0568,0.7884,0.0,15,9,17.23,14.98
4219191,2024-01-13,fra,2023/2024,Ligue 1,18,Bastien Dechepy,9831,Nice,9851,Rennes,0,0,2,57,43,9,15,2,5,3,4,4,6,0,0,7,11,2,4,6,6,1,2,1,1,20,22,11,13,0,1,0,0,0,0,19,20,11,7,5,4,15,19,3,2,51,49,41.0,34.0,10.0,15.0,10.0,7.0,543,414,464.0,335.0,289,180,175,155,14.0,23.0,3.0,6.0,0.66,2.06,0.5,0.74,0.16,0.53,0.66,1.27,0.26,1.8,0,0,5,10,2,1,2,1,0,3,0.0,0.0,0.444,1.9465,0.1578,0.023,0.0587,0.0351,0.0,0.0528,6,6,0,1,1,3,2,4,0,1,0.5047,0.5618,0.0,0.1758,0.0991,0.3064,0.0568,0.2251,0.0,0.7884,9,15,14.98,17.23
4219193,2024-01-13,fra,2023/2024,Ligue 1,18,François Letexier,9829,Monaco,9837,Reims,1,1,3,57,43,9,12,5,5,4,5,0,2,0,0,6,5,3,7,6,6,3,3,2,2,28,22,11,9,3,2,0,0,0,1,18,16,12,11,2,0,14,22,2,4,40,58,34.0,45.0,6.0,13.0,9.0,18.0,529,402,439.0,305.0,213,160,226,145,28.0,29.0,5.0,0.0,1.18,1.54,1.13,1.38,0.05,0.16,1.18,1.54,1.21,2.47,0,1,6,3,0,1,2,5,1,2,0.0,0.4118,1.0954,0.3909,0.0,0.0354,0.0558,0.6503,0.0298,0.0504,7,9,0,1,1,2,1,0,0,0,1.132,0.9159,0.0,0.4613,0.0193,0.1616,0.0298,0.0,0.0,0.0,9,12,17.12,18.97
4219193,2024-01-13,fra,2023/2024,Ligue 1,18,François Letexier,9837,Reims,9829,Monaco,0,3,1,43,57,12,9,5,5,5,4,2,0,0,0,5,6,7,3,6,6,3,3,2,2,22,28,9,11,2,3,0,0,1,0,16,18,11,12,0,2,22,14,4,2,58,40,45.0,34.0,13.0,6.0,18.0,9.0,402,529,305.0,439.0,160,213,145,226,29.0,28.0,0.0,5.0,1.54,1.18,1.38,1.13,0.16,0.05,1.54,1.18,2.47,1.21,1,0,3,6,1,0,5,2,2,1,0.4118,0.0,0.3909,1.0954,0.0354,0.0,0.6503,0.0558,0.0504,0.0298,9,7,1,0,2,1,0,1,0,0,0.9159,1.132,0.4613,0.0,0.1616,0.0193,0.0,0.0298,0.0,0.0,12,9,18.97,17.12
4219194,2024-01-14,fra,2023/2024,Ligue 1,18,Pierre Gaillouste,8639,Lille,8689,Lorient,1,3,0,62,38,24,1,10,0,6,1,8,0,0,0,9,1,15,0,7,1,4,0,2,0,34,6,10,22,1,4,0,0,3,2,14,20,11,4,0,8,3,25,0,7,49,42,40.0,35.0,9.0,7.0,7.0,7.0,625,379,562.0,298.0,226,222,336,76,31.0,13.0,6.0,1.0,2.29,0.12,1.82,0.12,0.47,0.0,2.29,0.12,4.3,0.0,1,0,7,1,1,0,8,0,7,0,0.8549,0.0,1.256,0.1171,0.1039,0.0,0.266,0.0,0.1745,0.0,14,1,0,0,4,0,6,0,0,0,2.1903,0.1171,0.0,0.0,0.1009,0.0,0.364,0.0,0.0,0.0,24,1,18.78,16.82
4219194,2024-01-14,fra,2023/2024,Ligue 1,18,Pierre Gaillouste,8689,Lorient,8639,Lille,0,0,3,38,62,1,24,0,10,1,6,0,8,0,0,1,9,0,15,1,7,0,4,0,2,6,34,22,10,4,1,0,0,2,3,20,14,4,11,8,0,25,3,7,0,42,49,35.0,40.0,7.0,9.0,7.0,7.0,379,625,298.0,562.0,222,226,76,336,13.0,31.0,1.0,6.0,0.12,2.29,0.12,1.82,0.0,0.47,0.12,2.29,0.0,4.3,0,1,1,7,0,1,0,8,0,7,0.0,0.8549,0.1171,1.256,0.0,0.1039,0.0,0.266,0.0,0.1745,1,14,0,0,0,4,0,6,0,0,0.1171,2.1903,0.0,0.0,0.0,0.1009,0.0,0.364,0.0,0.0,1,24,16.82,18.78
4219195,2024-01-14,fra,2023/2024,Ligue 1,18,Jérôme Brisard,8588,Lens,9847,Paris Saint-Germain,1,0,2,34,66,17,15,5,7,5,3,7,5,0,0,12,9,5,6,5,6,4,3,4,1,30,37,10,8,0,1,1,0,1,2,16,23,5,6,5,6,15,16,5,5,44,53,35.0,49.0,9.0,4.0,11.0,16.0,341,692,279.0,630.0,153,290,126,340,23.0,35.0,5.0,2.0,2.18,1.83,1.13,1.49,0.25,0.33,1.39,1.83,1.88,2.0,2,1,6,5,4,3,4,3,1,3,0.7582,0.1647,1.2387,0.8692,0.1517,0.4348,0.1748,0.1289,0.0247,0.1194,10,7,2,4,3,0,1,4,1,0,1.2093,0.879,0.1148,0.4828,0.2016,0.0,0.0341,0.3552,0.7884,0.0,17,15,15.78,16.7
4219195,2024-01-14,fra,2023/2024,Ligue 1,18,Jérôme Brisard,9847,Paris Saint-Germain,8588,Lens,0,2,0,66,34,15,17,7,5,3,5,5,7,0,0,9,12,6,5,6,5,3,4,1,4,37,30,8,10,1,0,0,1,2,1,23,16,6,5,6,5,16,15,5,5,53,44,49.0,35.0,4.0,9.0,16.0,11.0,692,341,630.0,279.0,290,153,340,126,35.0,23.0,2.0,5.0,1.83,2.18,1.49,1.13,0.33,0.25,1.83,1.39,2.0,1.88,1,2,5,6,3,4,3,4,3,1,0.1647,0.7582,0.8692,1.2387,0.4348,0.1517,0.1289,0.1748,0.1194,0.0247,7,10,4,2,0,3,4,1,0,1,0.879,1.2093,0.4828,0.1148,0.0,0.2016,0.3552,0.0341,0.0,0.7884,15,17,16.7,15.78
4219196,2024-01-14,fra,2023/2024,Ligue 1,18,Romain Lissorgue,9830,Nantes,8311,Clermont Foot,1,1,2,52,48,21,15,10,6,5,6,6,3,0,0,12,7,9,8,11,5,1,2,0,1,42,15,10,5,1,1,1,0,2,1,19,16,12,12,3,6,23,24,4,9,42,43,30.0,34.0,12.0,9.0,6.0,8.0,425,409,348.0,319.0,166,192,182,127,24.0,42.0,8.0,2.0,1.95,1.05,1.76,0.94,0.19,0.12,1.95,1.05,2.52,1.72,1,0,8,4,3,3,6,4,3,4,0.4254,0.0,0.936,0.6238,0.1372,0.1931,0.3397,0.1119,0.1166,0.1257,15,10,1,2,4,2,1,1,0,0,1.7421,0.675,0.0186,0.2626,0.1291,0.0817,0.0651,0.0352,0.0,0.0,21,15,17.2,21.55
4219196,2024-01-14,fra,2023/2024,Ligue 1,18,Romain Lissorgue,8311,Clermont Foot,9830,Nantes,0,2,1,48,52,15,21,6,10,6,5,3,6,0,0,7,12,8,9,5,11,2,1,1,0,15,42,5,10,1,1,0,1,1,2,16,19,12,12,6,3,24,23,9,4,43,42,34.0,30.0,9.0,12.0,8.0,6.0,409,425,319.0,348.0,192,166,127,182,42.0,24.0,2.0,8.0,1.05,1.95,0.94,1.76,0.12,0.19,1.05,1.95,1.72,2.52,0,1,4,8,3,3,4,6,4,3,0.0,0.4254,0.6238,0.936,0.1931,0.1372,0.1119,0.3397,0.1257,0.1166,10,15,2,1,2,4,1,1,0,0,0.675,1.7421,0.2626,0.0186,0.0817,0.1291,0.0352,0.0651,0.0,0.0,15,21,21.55,17.2
4219197,2024-01-14,fra,2023/2024,Ligue 1,18,Gaël Angoula,9746,Le Havre,9748,Lyon,1,3,1,42,58,14,9,7,2,4,3,3,4,0,0,8,7,6,2,3,7,3,1,1,0,25,24,15,4,1,0,0,2,3,1,21,13,9,6,4,3,26,9,1,5,43,48,32.0,41.0,11.0,7.0,7.0,13.0,432,589,369.0,518.0,182,310,187,208,19.0,20.0,6.0,8.0,1.18,0.77,0.79,0.44,0.38,0.33,1.18,0.77,2.37,0.88,1,1,5,6,2,0,2,2,4,0,0.3311,0.0541,0.6228,0.5446,0.0385,0.0,0.0847,0.1671,0.1009,0.0,10,4,2,0,2,3,0,2,0,0,0.5422,0.4401,0.2515,0.0,0.3842,0.1802,0.0,0.1454,0.0,0.0,14,9,18.6,13.22
4219197,2024-01-14,fra,2023/2024,Ligue 1,18,Gaël Angoula,9748,Lyon,9746,Le Havre,0,1,3,58,42,9,14,2,7,3,4,4,3,0,0,7,8,2,6,7,3,1,3,0,1,24,25,4,15,0,1,2,0,1,3,13,21,6,9,3,4,9,26,5,1,48,43,41.0,32.0,7.0,11.0,13.0,7.0,589,432,518.0,369.0,310,182,208,187,20.0,19.0,8.0,6.0,0.77,1.18,0.44,0.79,0.33,0.38,0.77,1.18,0.88,2.37,1,1,6,5,0,2,2,2,0,4,0.0541,0.3311,0.5446,0.6228,0.0,0.0385,0.1671,0.0847,0.0,0.1009,4,10,0,2,3,2,2,0,0,0,0.4401,0.5422,0.0,0.2515,0.1802,0.3842,0.1454,0.0,0.0,0.0,9,14,13.22,18.6
4219198,2024-01-14,fra,2023/2024,Ligue 1,18,Florent Batta,8550,Metz,9941,Toulouse,1,0,1,39,61,14,4,2,2,8,2,4,0,1,0,8,3,6,1,5,2,0,1,0,0,25,17,20,18,3,2,1,0,0,0,17,28,9,7,0,4,8,28,1,2,63,79,51.0,61.0,12.0,18.0,17.0,15.0,316,528,245.0,442.0,120,261,125,181,18.0,20.0,8.0,3.0,0.71,0.96,0.4,0.1,0.31,0.07,0.71,0.17,0.61,1.03,1,0,5,2,2,1,6,1,0,0,0.0821,0.0,0.3418,0.8399,0.0945,0.0486,0.1937,0.0731,0.0,0.0,6,2,0,0,2,0,6,1,0,1,0.4005,0.1001,0.0,0.0,0.0802,0.0,0.2314,0.0731,0.0,0.7884,14,4,17.93,16.91
4219198,2024-01-14,fra,2023/2024,Ligue 1,18,Florent Batta,9941,Toulouse,8550,Metz,0,1,0,61,39,4,14,2,2,2,8,0,4,0,1,3,8,1,6,2,5,1,0,0,0,17,25,18,20,2,3,0,1,0,0,28,17,7,9,4,0,28,8,2,1,79,63,61.0,51.0,18.0,12.0,15.0,17.0,528,316,442.0,245.0,261,120,181,125,20.0,18.0,3.0,8.0,0.96,0.71,0.1,0.4,0.07,0.31,0.17,0.71,1.03,0.61,0,1,2,5,1,2,1,6,0,0,0.0,0.0821,0.8399,0.3418,0.0486,0.0945,0.0731,0.1937,0.0,0.0,2,6,0,0,0,2,1,6,1,0,0.1001,0.4005,0.0,0.0,0.0,0.0802,0.0731,0.2314,0.7884,0.0,4,14,16.91,17.93
4219199,2024-01-14,fra,2023/2024,Ligue 1,18,Jérémie Pignard,8521,Brest,10249,Montpellier,1,2,0,65,35,26,9,9,4,8,2,9,3,0,0,17,3,9,6,3,3,6,0,4,0,29,7,6,7,1,2,0,0,1,2,18,28,7,13,3,9,23,30,4,7,63,57,45.0,45.0,18.0,12.0,20.0,11.0,567,316,490.0,227.0,216,123,274,104,42.0,29.0,13.0,1.0,3.35,0.39,2.93,0.34,0.42,0.05,3.35,0.39,2.6,1.03,2,0,13,2,2,1,5,2,4,4,1.0491,0.0,1.8237,0.1623,0.2216,0.0587,0.1689,0.0796,0.1078,0.0909,17,7,4,1,1,1,4,0,0,0,2.4745,0.2292,0.4752,0.1127,0.0098,0.0495,0.4117,0.0,0.0,0.0,26,9,15.91,19.9
4219199,2024-01-14,fra,2023/2024,Ligue 1,18,Jérémie Pignard,10249,Montpellier,8521,Brest,0,0,2,35,65,9,26,4,9,2,8,3,9,0,0,3,17,6,9,3,3,0,6,0,4,7,29,7,6,2,1,0,0,2,1,28,18,13,7,9,3,30,23,7,4,57,63,45.0,45.0,12.0,18.0,11.0,20.0,316,567,227.0,490.0,123,216,104,274,29.0,42.0,1.0,13.0,0.39,3.35,0.34,2.93,0.05,0.42,0.39,3.35,1.03,2.6,0,2,2,13,1,2,2,5,4,4,0.0,1.0491,0.1623,1.8237,0.0587,0.2216,0.0796,0.1689,0.0909,0.1078,7,17,1,4,1,1,0,4,0,0,0.2292,2.4745,0.1127,0.4752,0.0495,0.0098,0.0,0.4117,0.0,0.0,9,26,19.9,15.91
4219204,2024-01-26,fra,2023/2024,Ligue 1,19,Thomas Léonard,9748,Lyon,9851,Rennes,1,2,3,63,37,12,11,6,5,3,4,3,2,0,0,8,8,4,3,3,2,0,1,0,0,30,13,15,12,2,2,0,0,0,0,14,19,6,17,2,3,8,29,2,4,59,48,40.0,38.0,19.0,10.0,14.0,4.0,611,356,524.0,281.0,295,162,229,119,33.0,20.0,2.0,2.0,0.93,0.85,0.55,0.39,0.39,0.46,0.93,0.85,0.59,1.22,2,1,6,3,1,4,3,1,0,2,0.3196,0.269,0.486,0.2623,0.0302,0.1901,0.0963,0.0567,0.0,0.068,7,7,0,0,4,4,1,0,0,0,0.547,0.3852,0.0,0.0,0.3623,0.4609,0.0227,0.0,0.0,0.0,12,11,15.62,15.92
4219204,2024-01-26,fra,2023/2024,Ligue 1,19,Thomas Léonard,9851,Rennes,9748,Lyon,0,3,2,37,63,11,12,5,6,4,3,2,3,0,0,8,8,3,4,2,3,1,0,0,0,13,30,12,15,2,2,0,0,0,0,19,14,17,6,3,2,29,8,4,2,48,59,38.0,40.0,10.0,19.0,4.0,14.0,356,611,281.0,524.0,162,295,119,229,20.0,33.0,2.0,2.0,0.85,0.93,0.39,0.55,0.46,0.39,0.85,0.93,1.22,0.59,1,2,3,6,4,1,1,3,2,0,0.269,0.3196,0.2623,0.486,0.1901,0.0302,0.0567,0.0963,0.068,0.0,7,7,0,0,4,4,0,1,0,0,0.3852,0.547,0.0,0.0,0.4609,0.3623,0.0,0.0227,0.0,0.0,11,12,15.92,15.62
4219202,2024-01-27,fra,2023/2024,Ligue 1,19,Willy Delajod,8592,Marseille,9829,Monaco,1,2,2,69,31,22,6,9,5,7,1,6,0,1,0,14,4,8,2,10,1,4,0,3,0,35,8,11,12,1,1,0,2,3,1,22,19,19,13,0,6,20,23,3,7,52,51,43.0,42.0,9.0,9.0,11.0,12.0,590,266,517.0,176.0,221,84,296,92,22.0,13.0,5.0,0.0,2.49,0.47,2.21,0.47,0.28,0.0,2.49,0.47,3.75,0.94,4,0,8,3,2,1,5,1,3,1,1.4249,0.0,0.8797,0.3345,0.091,0.0346,0.2013,0.0733,0.07,0.0298,15,5,0,1,6,0,1,0,0,0,2.3875,0.2999,0.0,0.1724,0.254,0.0,0.0256,0.0,0.0,0.0,22,6,15.67,19.55
4219202,2024-01-27,fra,2023/2024,Ligue 1,19,Willy Delajod,9829,Monaco,8592,Marseille,0,2,2,31,69,6,22,5,9,1,7,0,6,0,1,4,14,2,8,1,10,0,4,0,3,8,35,12,11,1,1,2,0,1,3,19,22,13,19,6,0,23,20,7,3,51,52,42.0,43.0,9.0,9.0,12.0,11.0,266,590,176.0,517.0,84,221,92,296,13.0,22.0,0.0,5.0,0.47,2.49,0.47,2.21,0.0,0.28,0.47,2.49,0.94,3.75,0,4,3,8,1,2,1,5,1,3,0.0,1.4249,0.3345,0.8797,0.0346,0.091,0.0733,0.2013,0.0298,0.07,5,15,1,0,0,6,0,1,0,0,0.2999,2.3875,0.1724,0.0,0.0,0.254,0.0,0.0256,0.0,0.0,6,22,19.55,15.67
4219205,2024-01-27,fra,2023/2024,Ligue 1,19,Stéphanie Frappart,9831,Nice,8550,Metz,1,1,0,66,34,15,2,9,1,3,1,3,0,0,0,11,1,4,1,5,2,3,0,2,0,30,7,10,13,1,1,0,0,2,2,19,22,5,8,0,3,8,32,1,8,52,46,40.0,39.0,12.0,7.0,9.0,8.0,566,287,506.0,213.0,266,106,240,107,14.0,27.0,3.0,1.0,2.21,0.09,1.15,0.03,0.27,0.06,1.42,0.09,1.62,0.01,1,0,8,1,2,0,4,1,0,0,0.0772,0.0,1.965,0.0332,0.0529,0.0,0.1169,0.0611,0.0,0.0,10,1,0,0,2,0,2,1,1,0,1.1534,0.0332,0.0,0.0,0.119,0.0,0.1513,0.0611,0.7884,0.0,15,2,17.5,20.76
4219205,2024-01-27,fra,2023/2024,Ligue 1,19,Stéphanie Frappart,8550,Metz,9831,Nice,0,0,1,34,66,2,15,1,9,1,3,0,3,0,0,1,11,1,4,2,5,0,3,0,2,7,30,13,10,1,1,0,0,2,2,22,19,8,5,3,0,32,8,8,1,46,52,39.0,40.0,7.0,12.0,8.0,9.0,287,566,213.0,506.0,106,266,107,240,27.0,14.0,1.0,3.0,0.09,2.21,0.03,1.15,0.06,0.27,0.09,1.42,0.01,1.62,0,1,1,8,0,2,1,4,0,0,0.0,0.0772,0.0332,1.965,0.0,0.0529,0.0611,0.1169,0.0,0.0,1,10,0,0,0,2,1,2,0,1,0.0332,1.1534,0.0,0.0,0.0,0.119,0.0611,0.1513,0.0,0.7884,2,15,20.76,17.5
4219200,2024-01-28,fra,2023/2024,Ligue 1,19,Clément Turpin,9847,Paris Saint-Germain,8521,Brest,1,2,2,54,46,10,9,4,6,3,2,3,1,0,0,9,5,1,4,7,0,3,1,1,0,27,11,12,10,3,3,1,0,1,1,21,25,6,8,1,3,14,12,4,2,66,60,50.0,47.0,16.0,13.0,20.0,10.0,510,436,435.0,364.0,221,164,214,200,23.0,39.0,1.0,1.0,2.08,0.71,2.08,0.67,0.0,0.04,2.08,0.71,2.33,1.56,1,1,6,3,2,1,1,2,0,2,0.7144,0.2942,1.3089,0.248,0.2328,0.037,0.024,0.062,0.0,0.0735,8,8,2,0,0,0,0,1,0,0,1.9187,0.6707,0.3614,0.0,0.0,0.0,0.0,0.044,0.0,0.0,10,9,13.72,18.14
4219200,2024-01-28,fra,2023/2024,Ligue 1,19,Clément Turpin,8521,Brest,9847,Paris Saint-Germain,0,2,2,46,54,9,10,6,4,2,3,1,3,0,0,5,9,4,1,0,7,1,3,0,1,11,27,10,12,3,3,0,1,1,1,25,21,8,6,3,1,12,14,2,4,60,66,47.0,50.0,13.0,16.0,10.0,20.0,436,510,364.0,435.0,164,221,200,214,39.0,23.0,1.0,1.0,0.71,2.08,0.67,2.08,0.04,0.0,0.71,2.08,1.56,2.33,1,1,3,6,1,2,2,1,2,0,0.2942,0.7144,0.248,1.3089,0.037,0.2328,0.062,0.024,0.0735,0.0,8,8,0,2,0,0,1,0,0,0,0.6707,1.9187,0.0,0.3614,0.0,0.0,0.044,0.0,0.0,0.0,9,10,18.14,13.72
4219201,2024-01-28,fra,2023/2024,Ligue 1,19,Mathieu Vernice,9941,Toulouse,8588,Lens,1,0,2,53,47,13,13,4,5,4,6,5,2,1,0,9,8,4,5,10,7,3,2,3,1,32,16,11,14,3,3,0,0,1,3,13,19,4,8,2,5,12,21,3,4,46,54,36.0,35.0,10.0,19.0,10.0,6.0,454,396,368.0,327.0,208,185,160,142,23.0,22.0,7.0,6.0,1.78,0.79,0.77,0.63,0.23,0.16,0.99,0.79,0.91,1.29,3,2,5,3,1,3,3,5,1,0,0.7697,0.2926,1.1232,0.1817,0.0274,0.1827,0.1052,0.1282,0.011,0.0,7,8,0,0,3,5,2,0,1,0,0.7773,0.6283,0.0,0.0,0.1611,0.1569,0.3097,0.0,0.7884,0.0,13,13,14.15,15.86
4219201,2024-01-28,fra,2023/2024,Ligue 1,19,Mathieu Vernice,8588,Lens,9941,Toulouse,0,2,0,47,53,13,13,5,4,6,4,2,5,0,1,8,9,5,4,7,10,2,3,1,3,16,32,14,11,3,3,0,0,3,1,19,13,8,4,5,2,21,12,4,3,54,46,35.0,36.0,19.0,10.0,6.0,10.0,396,454,327.0,368.0,185,208,142,160,22.0,23.0,6.0,7.0,0.79,1.78,0.63,0.77,0.16,0.23,0.79,0.99,1.29,0.91,2,3,3,5,3,1,5,3,0,1,0.2926,0.7697,0.1817,1.1232,0.1827,0.0274,0.1282,0.1052,0.0,0.011,8,7,0,0,5,3,0,2,0,1,0.6283,0.7773,0.0,0.0,0.1569,0.1611,0.0,0.3097,0.0,0.7884,13,13,15.86,14.15
4219203,2024-01-28,fra,2023/2024,Ligue 1,19,Jeremy Stinat,8689,Lorient,9746,Le Havre,1,3,3,43,57,13,14,6,4,6,3,1,7,1,0,10,11,3,3,1,4,1,1,0,0,21,24,15,21,4,4,0,0,1,1,15,13,4,4,6,1,22,12,1,3,63,57,42.0,35.0,21.0,22.0,9.0,9.0,367,475,298.0,395.0,150,180,148,215,17.0,24.0,5.0,6.0,1.03,1.67,0.48,0.33,0.55,0.56,1.03,0.88,1.47,1.8,1,1,7,7,2,3,3,2,0,1,0.319,0.2228,0.4687,1.2351,0.0817,0.1103,0.163,0.0683,0.0,0.0362,7,7,1,0,1,2,4,4,0,1,0.4445,0.3262,0.0403,0.0,0.0495,0.4009,0.4982,0.1571,0.0,0.7884,13,14,15.02,16.55
4219203,2024-01-28,fra,2023/2024,Ligue 1,19,Jeremy Stinat,9746,Le Havre,8689,Lorient,0,3,3,57,43,14,13,4,6,3,6,7,1,0,1,11,10,3,3,4,1,1,1,0,0,24,21,21,15,4,4,0,0,1,1,13,15,4,4,1,6,12,22,3,1,57,63,35.0,42.0,22.0,21.0,9.0,9.0,475,367,395.0,298.0,180,150,215,148,24.0,17.0,6.0,5.0,1.67,1.03,0.33,0.48,0.56,0.55,0.88,1.03,1.8,1.47,1,1,7,7,3,2,2,3,1,0,0.2228,0.319,1.2351,0.4687,0.1103,0.0817,0.0683,0.163,0.0362,0.0,7,7,0,1,2,1,4,4,1,0,0.3262,0.4445,0.0,0.0403,0.4009,0.0495,0.1571,0.4982,0.7884,0.0,14,13,16.55,15.02
4219206,2024-01-28,fra,2023/2024,Ligue 1,19,Benoît Millot,8311,Clermont Foot,9848,Strasbourg,1,1,1,53,47,14,6,6,2,3,4,5,0,0,0,10,3,4,3,5,2,3,2,2,1,18,14,12,16,1,3,0,0,1,2,15,16,6,10,0,6,15,21,1,5,51,51,37.0,37.0,14.0,14.0,7.0,9.0,474,437,379.0,355.0,244,237,135,118,27.0,18.0,4.0,2.0,1.55,1.04,1.43,0.48,0.12,0.57,1.55,1.04,2.1,0.78,1,1,5,2,4,0,3,2,1,1,0.0751,0.5333,1.1133,0.4597,0.2315,0.0,0.1051,0.0314,0.0312,0.0192,12,3,0,0,1,2,1,1,0,0,1.4358,0.4768,0.0,0.0,0.0751,0.561,0.0453,0.0058,0.0,0.0,14,6,17.53,17.82
4219206,2024-01-28,fra,2023/2024,Ligue 1,19,Benoît Millot,9848,Strasbourg,8311,Clermont Foot,0,1,1,47,53,6,14,2,6,4,3,0,5,0,0,3,10,3,4,2,5,2,3,1,2,14,18,16,12,3,1,0,0,2,1,16,15,10,6,6,0,21,15,5,1,51,51,37.0,37.0,14.0,14.0,9.0,7.0,437,474,355.0,379.0,237,244,118,135,18.0,27.0,2.0,4.0,1.04,1.55,0.48,1.43,0.57,0.12,1.04,1.55,0.78,2.1,1,1,2,5,0,4,2,3,1,1,0.5333,0.0751,0.4597,1.1133,0.0,0.2315,0.0314,0.1051,0.0192,0.0312,3,12,0,0,2,1,1,1,0,0,0.4768,1.4358,0.0,0.0,0.561,0.0751,0.0058,0.0453,0.0,0.0,6,14,17.82,17.53
4219207,2024-01-28,fra,2023/2024,Ligue 1,19,Jérémie Pignard,9837,Reims,9830,Nantes,1,0,0,49,51,10,7,1,5,9,1,0,1,0,0,8,4,2,3,6,2,2,2,2,2,19,9,8,16,3,2,0,0,2,0,19,31,7,14,1,0,16,15,5,1,52,56,43.0,41.0,9.0,15.0,9.0,2.0,446,468,371.0,386.0,193,218,178,168,25.0,27.0,5.0,2.0,0.93,1.23,0.27,0.29,0.66,0.15,0.93,0.44,0.09,1.4,1,1,7,3,0,0,1,0,1,3,0.2225,0.1057,0.6005,1.0373,0.0,0.0,0.0343,0.0,0.0682,0.0885,4,4,0,0,4,1,2,1,0,1,0.2653,0.2936,0.0,0.0,0.3695,0.1057,0.2907,0.0438,0.0,0.7884,10,7,13.66,19.07
4219207,2024-01-28,fra,2023/2024,Ligue 1,19,Jérémie Pignard,9830,Nantes,9837,Reims,0,0,0,51,49,7,10,5,1,1,9,1,0,0,0,4,8,3,2,2,6,2,2,2,2,9,19,16,8,2,3,0,0,0,2,31,19,14,7,0,1,15,16,1,5,56,52,41.0,43.0,15.0,9.0,2.0,9.0,468,446,386.0,371.0,218,193,168,178,27.0,25.0,2.0,5.0,1.23,0.93,0.29,0.27,0.15,0.66,0.44,0.93,1.4,0.09,1,1,3,7,0,0,0,1,3,1,0.1057,0.2225,1.0373,0.6005,0.0,0.0,0.0,0.0343,0.0885,0.0682,4,4,0,0,1,4,1,2,1,0,0.2936,0.2653,0.0,0.0,0.1057,0.3695,0.0438,0.2907,0.7884,0.0,7,10,19.07,13.66
4219208,2024-01-28,fra,2023/2024,Ligue 1,19,Hakim Ben El Hadj Salem,10249,Montpellier,8639,Lille,1,0,0,39,61,12,12,7,0,3,7,2,5,0,0,6,6,6,6,5,2,1,1,1,1,18,17,13,16,4,1,0,1,2,4,22,23,5,8,5,2,16,17,0,7,51,53,44.0,47.0,7.0,6.0,6.0,12.0,336,537,273.0,481.0,148,238,125,243,29.0,27.0,3.0,6.0,0.67,0.53,0.61,0.53,0.06,0.0,0.67,0.53,1.97,0.0,0,1,2,2,4,3,6,4,0,2,0.0,0.0988,0.2597,0.1238,0.2276,0.0988,0.1802,0.1633,0.0,0.0432,9,12,1,0,1,0,1,0,0,0,0.5674,0.5279,0.0414,0.0,0.032,0.0,0.0268,0.0,0.0,0.0,12,12,19.25,20.61
4219208,2024-01-28,fra,2023/2024,Ligue 1,19,Hakim Ben El Hadj Salem,8639,Lille,10249,Montpellier,0,0,0,61,39,12,12,0,7,7,3,5,2,0,0,6,6,6,6,2,5,1,1,1,1,17,18,16,13,1,4,1,0,4,2,23,22,8,5,2,5,17,16,7,0,53,51,47.0,44.0,6.0,7.0,12.0,6.0,537,336,481.0,273.0,238,148,243,125,27.0,29.0,6.0,3.0,0.53,0.67,0.53,0.61,0.0,0.06,0.53,0.67,0.0,1.97,1,0,2,2,3,4,4,6,2,0,0.0988,0.0,0.1238,0.2597,0.0988,0.2276,0.1633,0.1802,0.0432,0.0,12,9,0,1,0,1,0,1,0,0,0.5279,0.5674,0.0,0.0414,0.0,0.032,0.0,0.0268,0.0,0.0,12,12,20.61,19.25
4219209,2024-02-02,fra,2023/2024,Ligue 1,20,Ruddy Buquet,9848,Strasbourg,9847,Paris Saint-Germain,1,1,2,37,63,20,9,8,5,8,2,4,2,1,0,13,3,7,6,3,4,5,3,4,1,32,15,12,13,3,1,0,0,1,2,20,13,9,13,1,3,23,21,3,7,53,48,42.0,34.0,11.0,14.0,10.0,10.0,345,593,274.0,508.0,117,330,157,178,17.0,30.0,6.0,1.0,2.79,2.02,1.95,1.15,0.84,0.09,2.79,1.23,2.42,1.8,2,0,7,3,4,0,6,3,1,3,1.1482,0.0,1.0002,1.1522,0.2464,0.0,0.3704,0.7819,0.0331,0.0872,16,3,0,2,1,2,3,1,0,1,1.9575,0.7338,0.0,0.4125,0.0805,0.047,0.7602,0.0396,0.0,0.7884,20,9,15.67,19.41
4219209,2024-02-02,fra,2023/2024,Ligue 1,20,Ruddy Buquet,9847,Paris Saint-Germain,9848,Strasbourg,0,2,1,63,37,9,20,5,8,2,8,2,4,0,1,3,13,6,7,4,3,3,5,1,4,15,32,13,12,1,3,0,0,2,1,13,20,13,9,3,1,21,23,7,3,48,53,34.0,42.0,14.0,11.0,10.0,10.0,593,345,508.0,274.0,330,117,178,157,30.0,17.0,1.0,6.0,2.02,2.79,1.15,1.95,0.09,0.84,1.23,2.79,1.8,2.42,0,2,3,7,0,4,3,6,3,1,0.0,1.1482,1.1522,1.0002,0.0,0.2464,0.7819,0.3704,0.0872,0.0331,3,16,2,0,2,1,1,3,1,0,0.7338,1.9575,0.4125,0.0,0.047,0.0805,0.0396,0.7602,0.7884,0.0,9,20,19.41,15.67
4219210,2024-02-03,fra,2023/2024,Ligue 1,20,Mathieu Vernice,9851,Rennes,10249,Montpellier,1,2,1,48,52,9,17,3,9,3,3,3,5,1,0,6,9,3,8,5,3,3,0,1,0,23,21,17,12,4,3,0,0,2,1,15,17,8,8,6,3,24,12,7,1,53,57,35.0,41.0,18.0,16.0,10.0,8.0,393,406,316.0,324.0,152,160,164,164,23.0,29.0,2.0,4.0,1.97,1.27,0.91,0.79,0.27,0.49,1.18,1.27,1.81,1.01,1,3,3,5,2,1,2,3,1,5,0.4515,0.3029,1.1475,0.544,0.1469,0.1046,0.1985,0.1776,0.0245,0.1456,4,9,2,1,1,2,1,5,1,0,0.654,0.6831,0.2522,0.1046,0.2288,0.159,0.0455,0.3281,0.7884,0.0,9,17,15.71,18.1
4219210,2024-02-03,fra,2023/2024,Ligue 1,20,Mathieu Vernice,10249,Montpellier,9851,Rennes,0,1,2,52,48,17,9,9,3,3,3,5,3,0,1,9,6,8,3,3,5,0,3,0,1,21,23,12,17,3,4,0,0,1,2,17,15,8,8,3,6,12,24,1,7,57,53,41.0,35.0,16.0,18.0,8.0,10.0,406,393,324.0,316.0,160,152,164,164,29.0,23.0,4.0,2.0,1.27,1.97,0.79,0.91,0.49,0.27,1.27,1.18,1.01,1.81,3,1,5,3,1,2,3,2,5,1,0.3029,0.4515,0.544,1.1475,0.1046,0.1469,0.1776,0.1985,0.1456,0.0245,9,4,1,2,2,1,5,1,0,1,0.6831,0.654,0.1046,0.2522,0.159,0.2288,0.3281,0.0455,0.0,0.7884,17,9,18.1,15.71
4219215,2024-02-03,fra,2023/2024,Ligue 1,20,Florent Batta,9830,Nantes,8588,Lens,1,0,1,42,58,7,12,2,4,4,6,1,2,0,1,5,9,2,3,2,3,1,2,1,1,10,26,16,11,2,2,0,0,3,0,14,8,9,7,2,1,14,10,3,3,42,44,29.0,34.0,13.0,10.0,5.0,10.0,378,523,309.0,446.0,211,235,98,211,26.0,33.0,1.0,5.0,0.62,1.62,0.43,1.45,0.18,0.17,0.62,1.62,0.52,0.24,1,1,2,5,2,3,1,2,1,1,0.089,0.6276,0.4215,0.7018,0.0853,0.2028,0.0443,0.0319,0.0206,0.038,3,10,2,0,1,0,1,2,0,0,0.3332,1.4358,0.1428,0.0,0.1403,0.0,0.0443,0.1663,0.0,0.0,7,12,17.22,17.18
4219215,2024-02-03,fra,2023/2024,Ligue 1,20,Florent Batta,8588,Lens,9830,Nantes,0,1,0,58,42,12,7,4,2,6,4,2,1,1,0,9,5,3,2,3,2,2,1,1,1,26,10,11,16,2,2,0,0,0,3,8,14,7,9,1,2,10,14,3,3,44,42,34.0,29.0,10.0,13.0,10.0,5.0,523,378,446.0,309.0,235,211,211,98,33.0,26.0,5.0,1.0,1.62,0.62,1.45,0.43,0.17,0.18,1.62,0.62,0.24,0.52,1,1,5,2,3,2,2,1,1,1,0.6276,0.089,0.7018,0.4215,0.2028,0.0853,0.0319,0.0443,0.038,0.0206,10,3,0,2,0,1,2,1,0,0,1.4358,0.3332,0.0,0.1428,0.0,0.1403,0.1663,0.0443,0.0,0.0,12,7,17.18,17.22
4219211,2024-02-04,fra,2023/2024,Ligue 1,20,Jérôme Brisard,9829,Monaco,9746,Le Havre,1,1,1,61,39,17,3,5,0,8,2,4,1,0,0,14,1,3,2,9,4,2,0,1,0,36,9,16,11,3,2,0,0,3,1,25,14,18,14,1,4,10,41,0,4,65,54,44.0,37.0,21.0,17.0,8.0,10.0,596,379,479.0,263.0,209,135,270,128,23.0,23.0,10.0,3.0,1.4,0.1,1.1,0.06,0.3,0.04,1.4,0.1,,,1,0,12,0,1,1,2,2,1,0,0.0681,0.0,1.2104,0.0,0.0611,0.0365,0.0475,0.0614,0.0127,0.0,9,2,0,0,6,1,2,0,0,0,1.1002,0.0614,0.0,0.0,0.2582,0.0365,0.0414,0.0,0.0,0.0,17,3,14.38,20.41
4219211,2024-02-04,fra,2023/2024,Ligue 1,20,Jérôme Brisard,9746,Le Havre,9829,Monaco,0,1,1,39,61,3,17,0,5,2,8,1,4,0,0,1,14,2,3,4,9,0,2,0,1,9,36,11,16,2,3,0,0,1,3,14,25,14,18,4,1,41,10,4,0,54,65,37.0,44.0,17.0,21.0,10.0,8.0,379,596,263.0,479.0,135,209,128,270,23.0,23.0,3.0,10.0,0.1,1.4,0.06,1.1,0.04,0.3,0.1,1.4,,,0,1,0,12,1,1,2,2,0,1,0.0,0.0681,0.0,1.2104,0.0365,0.0611,0.0614,0.0475,0.0,0.0127,2,9,0,0,1,6,0,2,0,0,0.0614,1.1002,0.0,0.0,0.0365,0.2582,0.0,0.0414,0.0,0.0,3,17,20.41,14.38
4219212,2024-02-04,fra,2023/2024,Ligue 1,20,Bastien Dechepy,8639,Lille,8311,Clermont Foot,1,4,0,60,40,23,4,13,3,7,0,3,1,1,0,10,3,13,1,12,1,4,2,1,2,26,10,8,10,0,1,0,0,0,1,21,25,16,10,1,3,9,22,3,9,52,42,43.0,35.0,9.0,7.0,12.0,3.0,660,440,586.0,361.0,264,244,322,117,27.0,27.0,7.0,1.0,2.85,0.39,2.18,0.39,0.67,0.0,2.85,0.39,3.35,1.54,2,2,7,0,1,1,12,0,1,1,0.5375,0.3892,1.5413,0.0,0.1016,0.0173,0.6375,0.0,0.0333,0.0218,14,4,2,0,6,0,1,0,0,0,1.9466,0.4283,0.2333,0.0,0.654,0.0,0.0174,0.0,0.0,0.0,23,4,18.14,15.29
4219212,2024-02-04,fra,2023/2024,Ligue 1,20,Bastien Dechepy,8311,Clermont Foot,8639,Lille,0,0,4,40,60,4,23,3,13,0,7,1,3,0,1,3,10,1,13,1,12,2,4,2,1,10,26,10,8,1,0,0,0,1,0,25,21,10,16,3,1,22,9,9,3,42,52,35.0,43.0,7.0,9.0,3.0,12.0,440,660,361.0,586.0,244,264,117,322,27.0,27.0,1.0,7.0,0.39,2.85,0.39,2.18,0.0,0.67,0.39,2.85,1.54,3.35,2,2,0,7,1,1,0,12,1,1,0.3892,0.5375,0.0,1.5413,0.0173,0.1016,0.0,0.6375,0.0218,0.0333,4,14,0,2,0,6,0,1,0,0,0.4283,1.9466,0.0,0.2333,0.0,0.654,0.0,0.0174,0.0,0.0,4,23,15.29,18.14
4219213,2024-02-04,fra,2023/2024,Ligue 1,20,Benoît Bastien,9748,Lyon,8592,Marseille,1,1,0,37,63,12,8,7,1,2,5,3,2,1,2,8,4,4,4,3,2,4,1,3,1,23,13,14,10,2,1,0,0,0,5,12,20,11,8,3,4,22,14,0,5,44,50,43.0,39.0,1.0,11.0,21.0,6.0,378,632,298.0,553.0,167,232,131,321,26.0,25.0,3.0,3.0,1.43,0.33,1.32,0.33,0.11,0.0,1.43,0.33,1.41,0.25,2,0,4,3,2,1,1,4,3,0,0.5839,0.0,0.7068,0.1506,0.1214,0.0755,0.0481,0.0998,0.1011,0.0,9,8,1,0,1,0,1,0,0,0,1.3781,0.3259,0.0733,0.0,0.0641,0.0,0.0457,0.0,0.0,0.0,12,8,14.8,23.29
4219213,2024-02-04,fra,2023/2024,Ligue 1,20,Benoît Bastien,8592,Marseille,9748,Lyon,0,0,1,63,37,8,12,1,7,5,2,2,3,2,1,4,8,4,4,2,3,1,4,1,3,13,23,10,14,1,2,0,0,5,0,20,12,8,11,4,3,14,22,5,0,50,44,39.0,43.0,11.0,1.0,6.0,21.0,632,378,553.0,298.0,232,167,321,131,25.0,26.0,3.0,3.0,0.33,1.43,0.33,1.32,0.0,0.11,0.33,1.43,0.25,1.41,0,2,3,4,1,2,4,1,0,3,0.0,0.5839,0.1506,0.7068,0.0755,0.1214,0.0998,0.0481,0.0,0.1011,8,9,0,1,0,1,0,1,0,0,0.3259,1.3781,0.0,0.0733,0.0,0.0641,0.0,0.0457,0.0,0.0,8,12,23.29,14.8
4219214,2024-02-04,fra,2023/2024,Ligue 1,20,Pierre Gaillouste,9837,Reims,9941,Toulouse,1,2,3,62,38,17,9,5,4,8,1,4,4,0,1,11,6,6,3,10,6,2,2,1,0,27,19,13,16,2,3,0,0,0,0,27,32,4,15,4,5,17,29,1,2,72,67,56.0,51.0,16.0,16.0,13.0,6.0,490,310,408.0,231.0,222,139,186,92,22.0,17.0,13.0,0.0,2.79,1.51,2.1,0.36,0.69,0.37,2.79,0.72,1.89,2.32,4,1,6,4,1,1,6,0,0,3,1.9745,0.3234,0.4977,0.9361,0.0221,0.0855,0.3263,0.0,0.0,0.1649,9,4,0,2,5,1,3,1,0,1,2.0997,0.1529,0.0,0.203,0.5492,0.3234,0.1717,0.0421,0.0,0.7884,17,9,13.51,15.33
4219214,2024-02-04,fra,2023/2024,Ligue 1,20,Pierre Gaillouste,9941,Toulouse,9837,Reims,0,3,2,38,62,9,17,4,5,1,8,4,4,1,0,6,11,3,6,6,10,2,2,0,1,19,27,16,13,3,2,0,0,0,0,32,27,15,4,5,4,29,17,2,1,67,72,51.0,56.0,16.0,16.0,6.0,13.0,310,490,231.0,408.0,139,222,92,186,17.0,22.0,0.0,13.0,1.51,2.79,0.36,2.1,0.37,0.69,0.72,2.79,2.32,1.89,1,4,4,6,1,1,0,6,3,0,0.3234,1.9745,0.9361,0.4977,0.0855,0.0221,0.0,0.3263,0.1649,0.0,4,9,2,0,1,5,1,3,1,0,0.1529,2.0997,0.203,0.0,0.3234,0.5492,0.0421,0.1717,0.7884,0.0,9,17,15.33,13.51
4219216,2024-02-04,fra,2023/2024,Ligue 1,20,Romain Lissorgue,8550,Metz,8689,Lorient,1,1,2,43,57,10,12,3,4,5,4,2,4,0,0,8,7,2,5,4,3,1,3,0,1,20,21,12,13,3,1,0,0,2,2,15,24,14,13,4,2,13,34,2,2,45,63,30.0,46.0,15.0,17.0,5.0,10.0,386,540,292.0,457.0,149,205,143,252,18.0,25.0,3.0,4.0,1.09,1.43,0.85,1.29,0.24,0.14,1.09,1.43,0.84,0.89,1,1,7,4,0,2,1,4,1,1,0.077,0.1489,0.9482,0.8014,0.0,0.3242,0.029,0.172,0.0341,0.0134,5,10,1,0,2,1,2,1,0,0,0.8137,1.3181,0.0341,0.0,0.0897,0.133,0.1508,0.0089,0.0,0.0,10,12,14.21,16.79
4219216,2024-02-04,fra,2023/2024,Ligue 1,20,Romain Lissorgue,8689,Lorient,8550,Metz,0,2,1,57,43,12,10,4,3,4,5,4,2,0,0,7,8,5,2,3,4,3,1,1,0,21,20,13,12,1,3,0,0,2,2,24,15,13,14,2,4,34,13,2,2,63,45,46.0,30.0,17.0,15.0,10.0,5.0,540,386,457.0,292.0,205,149,252,143,25.0,18.0,4.0,3.0,1.43,1.09,1.29,0.85,0.14,0.24,1.43,1.09,0.89,0.84,1,1,4,7,2,0,4,1,1,1,0.1489,0.077,0.8014,0.9482,0.3242,0.0,0.172,0.029,0.0134,0.0341,10,5,0,1,1,2,1,2,0,0,1.3181,0.8137,0.0,0.0341,0.133,0.0897,0.0089,0.1508,0.0,0.0,12,10,16.79,14.21
4219217,2024-02-04,fra,2023/2024,Ligue 1,20,Jeremy Stinat,8521,Brest,9831,Nice,1,0,0,53,47,17,13,2,1,7,3,8,9,0,0,6,9,11,4,3,5,1,1,1,1,21,19,12,12,3,1,0,0,1,3,23,16,16,7,8,7,19,25,1,2,70,52,43.0,34.0,27.0,18.0,8.0,6.0,487,435,398.0,349.0,183,234,215,115,29.0,16.0,8.0,6.0,1.06,0.74,0.82,0.45,0.24,0.29,1.06,0.74,,,0,1,3,7,3,1,7,3,4,1,0.0,0.0718,0.5684,0.5096,0.1263,0.0441,0.2653,0.0776,0.1174,0.0347,11,8,1,0,2,2,3,3,0,0,0.7754,0.4504,0.0746,0.0,0.1281,0.1237,0.0993,0.1637,0.0,0.0,17,13,20.52,16.31
4219217,2024-02-04,fra,2023/2024,Ligue 1,20,Jeremy Stinat,9831,Nice,8521,Brest,0,0,0,47,53,13,17,1,2,3,7,9,8,0,0,9,6,4,11,5,3,1,1,1,1,19,21,12,12,1,3,0,0,3,1,16,23,7,16,7,8,25,19,2,1,52,70,34.0,43.0,18.0,27.0,6.0,8.0,435,487,349.0,398.0,234,183,115,215,16.0,29.0,6.0,8.0,0.74,1.06,0.45,0.82,0.29,0.24,0.74,1.06,,,1,0,7,3,1,3,3,7,1,4,0.0718,0.0,0.5096,0.5684,0.0441,0.1263,0.0776,0.2653,0.0347,0.1174,8,11,0,1,2,2,3,3,0,0,0.4504,0.7754,0.0,0.0746,0.1237,0.1281,0.1637,0.0993,0.0,0.0,13,17,16.31,20.52
4219221,2024-02-09,fra,2023/2024,Ligue 1,21,Hakim Ben El Hadj Salem,8592,Marseille,8550,Metz,1,1,1,66,34,18,7,6,3,8,1,4,3,0,0,11,4,7,3,6,3,4,2,3,1,28,12,12,16,2,0,1,0,3,1,18,14,4,12,3,4,7,31,2,5,57,46,35.0,29.0,22.0,17.0,4.0,4.0,556,283,494.0,218.0,234,133,260,85,13.0,26.0,7.0,1.0,1.78,0.84,1.51,0.54,0.28,0.29,1.78,0.84,0.73,0.75,1,1,8,2,2,1,6,3,1,0,0.2612,0.1468,1.0912,0.5429,0.0829,0.0271,0.3356,0.1193,0.019,0.0,13,1,1,1,2,4,2,1,0,0,1.4115,0.0717,0.0997,0.4712,0.0723,0.2168,0.2064,0.0765,0.0,0.0,18,7,17.0,18.1
4219221,2024-02-09,fra,2023/2024,Ligue 1,21,Hakim Ben El Hadj Salem,8550,Metz,8592,Marseille,0,1,1,34,66,7,18,3,6,1,8,3,4,0,0,4,11,3,7,3,6,2,4,1,3,12,28,16,12,0,2,0,1,1,3,14,18,12,4,4,3,31,7,5,2,46,57,29.0,35.0,17.0,22.0,4.0,4.0,283,556,218.0,494.0,133,234,85,260,26.0,13.0,1.0,7.0,0.84,1.78,0.54,1.51,0.29,0.28,0.84,1.78,0.75,0.73,1,1,2,8,1,2,3,6,0,1,0.1468,0.2612,0.5429,1.0912,0.0271,0.0829,0.1193,0.3356,0.0,0.019,1,13,1,1,4,2,1,2,0,0,0.0717,1.4115,0.4712,0.0997,0.2168,0.0723,0.0765,0.2064,0.0,0.0,7,18,18.1,17.0
4219219,2024-02-10,fra,2023/2024,Ligue 1,21,François Letexier,9847,Paris Saint-Germain,8639,Lille,1,3,1,52,48,16,10,8,3,5,3,3,4,0,0,9,8,7,2,6,8,3,2,1,1,29,21,12,10,2,3,0,0,2,3,19,18,11,7,4,3,10,14,2,6,49,49,40.0,43.0,9.0,6.0,11.0,13.0,472,434,407.0,367.0,274,230,133,137,30.0,31.0,5.0,4.0,2.83,1.2,2.63,0.85,0.21,0.35,2.83,1.2,2.42,0.63,2,1,3,5,4,2,6,0,1,2,1.0658,0.1239,1.2026,0.9546,0.2111,0.0893,0.3288,0.0,0.0252,0.0346,13,8,1,0,1,2,1,0,0,0,2.5596,0.8491,0.0666,0.0,0.14,0.3532,0.0672,0.0,0.0,0.0,16,10,17.15,15.54
4219219,2024-02-10,fra,2023/2024,Ligue 1,21,François Letexier,8639,Lille,9847,Paris Saint-Germain,0,1,3,48,52,10,16,3,8,3,5,4,3,0,0,8,9,2,7,8,6,2,3,1,1,21,29,10,12,3,2,0,0,3,2,18,19,7,11,3,4,14,10,6,2,49,49,43.0,40.0,6.0,9.0,13.0,11.0,434,472,367.0,407.0,230,274,137,133,31.0,30.0,4.0,5.0,1.2,2.83,0.85,2.63,0.35,0.21,1.2,2.83,0.63,2.42,1,2,5,3,2,4,0,6,2,1,0.1239,1.0658,0.9546,1.2026,0.0893,0.2111,0.0,0.3288,0.0346,0.0252,8,13,0,1,2,1,0,1,0,0,0.8491,2.5596,0.0,0.0666,0.3532,0.14,0.0,0.0672,0.0,0.0,10,16,15.54,17.15
4219225,2024-02-10,fra,2023/2024,Ligue 1,21,Willy Delajod,8588,Lens,9848,Strasbourg,1,3,1,50,50,10,19,6,5,2,8,2,6,0,1,7,11,3,8,4,5,3,2,0,1,16,25,14,14,2,1,0,0,1,0,18,24,12,7,6,2,20,16,5,3,51,51,37.0,46.0,14.0,5.0,6.0,8.0,462,454,383.0,384.0,201,215,182,169,20.0,20.0,4.0,6.0,1.57,1.89,1.4,1.67,0.17,0.22,1.57,1.89,2.76,2.04,1,2,6,8,0,1,3,6,0,2,0.8464,0.5941,0.6451,0.9538,0.0,0.0912,0.0793,0.2298,0.0,0.0335,7,15,0,0,2,2,1,2,0,0,1.4044,1.679,0.0,0.0,0.1144,0.134,0.0521,0.0895,0.0,0.0,10,19,15.87,16.77
4219225,2024-02-10,fra,2023/2024,Ligue 1,21,Willy Delajod,9848,Strasbourg,8588,Lens,0,1,3,50,50,19,10,5,6,8,2,6,2,1,0,11,7,8,3,5,4,2,3,1,0,25,16,14,14,1,2,0,0,0,1,24,18,7,12,2,6,16,20,3,5,51,51,46.0,37.0,5.0,14.0,8.0,6.0,454,462,384.0,383.0,215,201,169,182,20.0,20.0,6.0,4.0,1.89,1.57,1.67,1.4,0.22,0.17,1.89,1.57,2.04,2.76,2,1,8,6,1,0,6,3,2,0,0.5941,0.8464,0.9538,0.6451,0.0912,0.0,0.2298,0.0793,0.0335,0.0,15,7,0,0,2,2,2,1,0,0,1.679,1.4044,0.0,0.0,0.134,0.1144,0.0895,0.0521,0.0,0.0,19,10,16.77,15.87
4219220,2024-02-11,fra,2023/2024,Ligue 1,21,Gaël Angoula,9941,Toulouse,9830,Nantes,1,1,2,74,26,16,5,3,2,5,2,8,1,0,1,10,2,6,3,12,0,0,1,0,0,29,6,10,13,2,1,0,0,2,0,13,19,5,14,1,7,2,32,0,2,60,51,36.0,35.0,24.0,16.0,11.0,7.0,625,225,523.0,137.0,223,80,300,57,27.0,13.0,9.0,2.0,1.02,0.38,0.59,0.32,0.43,0.05,1.02,0.38,0.22,0.95,0,0,8,2,2,0,5,2,1,1,0.0,0.0,0.6611,0.2893,0.0535,0.0,0.1809,0.0354,0.1247,0.0534,9,3,0,1,5,0,2,1,0,0,0.5882,0.3168,0.0,0.0079,0.235,0.0,0.197,0.0534,0.0,0.0,16,5,16.47,27.83
4219220,2024-02-11,fra,2023/2024,Ligue 1,21,Gaël Angoula,9830,Nantes,9941,Toulouse,0,2,1,26,74,5,16,2,3,2,5,1,8,1,0,2,10,3,6,0,12,1,0,0,0,6,29,13,10,1,2,0,0,0,2,19,13,14,5,7,1,32,2,2,0,51,60,35.0,36.0,16.0,24.0,7.0,11.0,225,625,137.0,523.0,80,223,57,300,13.0,27.0,2.0,9.0,0.38,1.02,0.32,0.59,0.05,0.43,0.38,1.02,0.95,0.22,0,0,2,8,0,2,2,5,1,1,0.0,0.0,0.2893,0.6611,0.0,0.0535,0.0354,0.1809,0.0534,0.1247,3,9,1,0,0,5,1,2,0,0,0.3168,0.5882,0.0079,0.0,0.0,0.235,0.0534,0.197,0.0,0.0,5,16,27.83,16.47
4219222,2024-02-11,fra,2023/2024,Ligue 1,21,Marc Bollengier,8689,Lorient,9837,Reims,1,2,0,39,61,17,23,5,6,6,8,6,9,0,0,11,14,6,9,1,7,4,0,2,0,20,37,9,14,1,1,0,0,1,2,14,15,13,16,10,6,42,8,5,3,49,41,40.0,28.0,9.0,13.0,12.0,7.0,370,556,293.0,472.0,177,225,116,247,18.0,36.0,2.0,7.0,1.92,1.21,1.88,1.17,0.04,0.04,1.92,1.21,1.18,0.8,1,1,4,10,6,3,3,7,3,2,0.0683,0.1416,1.3014,0.6163,0.3921,0.1618,0.0593,0.261,0.0992,0.0271,13,22,2,0,1,1,1,0,0,0,0.862,1.1675,1.0146,0.0,0.0279,0.0404,0.0158,0.0,0.0,0.0,17,23,17.74,17.77
4219222,2024-02-11,fra,2023/2024,Ligue 1,21,Marc Bollengier,9837,Reims,8689,Lorient,0,0,2,61,39,23,17,6,5,8,6,9,6,0,0,14,11,9,6,7,1,0,4,0,2,37,20,14,9,1,1,0,0,2,1,15,14,16,13,6,10,8,42,3,5,41,49,28.0,40.0,13.0,9.0,7.0,12.0,556,370,472.0,293.0,225,177,247,116,36.0,18.0,7.0,2.0,1.21,1.92,1.17,1.88,0.04,0.04,1.21,1.92,0.8,1.18,1,1,10,4,3,6,7,3,2,3,0.1416,0.0683,0.6163,1.3014,0.1618,0.3921,0.261,0.0593,0.0271,0.0992,22,13,0,2,1,1,0,1,0,0,1.1675,0.862,0.0,1.0146,0.0404,0.0279,0.0,0.0158,0.0,0.0,23,17,17.77,17.74
4219223,2024-02-11,fra,2023/2024,Ligue 1,21,Eric Wattellier,9831,Nice,9829,Monaco,1,2,3,47,53,15,9,5,5,7,3,3,1,0,0,11,7,4,2,8,2,3,3,2,1,31,16,17,14,5,4,1,0,0,2,28,26,7,7,1,2,8,28,2,3,66,60,56.0,50.0,10.0,10.0,16.0,7.0,403,482,340.0,407.0,198,190,142,217,25.0,15.0,5.0,1.0,2.14,1.73,0.94,1.73,0.42,0.0,1.36,1.73,2.21,2.07,1,1,9,5,1,1,4,2,0,0,0.0887,0.6783,1.9718,0.8806,0.011,0.1137,0.1953,0.0983,0.0,0.0,8,8,0,1,5,0,1,0,1,0,1.0588,1.6988,0.0,0.0721,0.4086,0.0,0.011,0.0,0.7884,0.0,15,9,14.73,14.55
4219223,2024-02-11,fra,2023/2024,Ligue 1,21,Eric Wattellier,9829,Monaco,9831,Nice,0,3,2,53,47,9,15,5,5,3,7,1,3,0,0,7,11,2,4,2,8,3,3,1,2,16,31,14,17,4,5,0,1,2,0,26,28,7,7,2,1,28,8,3,2,60,66,50.0,56.0,10.0,10.0,7.0,16.0,482,403,407.0,340.0,190,198,217,142,15.0,25.0,1.0,5.0,1.73,2.14,1.73,0.94,0.0,0.42,1.73,1.36,2.07,2.21,1,1,5,9,1,1,2,4,0,0,0.6783,0.0887,0.8806,1.9718,0.1137,0.011,0.0983,0.1953,0.0,0.0,8,8,1,0,0,5,0,1,0,1,1.6988,1.0588,0.0721,0.0,0.0,0.4086,0.0,0.011,0.0,0.7884,9,15,14.55,14.73
4219224,2024-02-11,fra,2023/2024,Ligue 1,21,Stéphanie Frappart,8311,Clermont Foot,8521,Brest,1,1,1,46,54,7,16,2,9,4,7,1,0,0,0,6,11,1,5,2,4,2,3,1,3,19,23,12,13,2,4,1,1,0,1,10,17,16,13,0,1,13,19,8,1,47,57,33.0,35.0,14.0,22.0,10.0,7.0,384,452,295.0,364.0,147,205,148,159,17.0,45.0,5.0,8.0,1.2,1.54,1.16,1.22,0.04,0.31,1.2,1.54,1.52,1.47,1,1,5,5,0,5,0,3,1,2,0.1925,0.0765,0.9844,1.0253,0.0,0.2328,0.0,0.1251,0.0212,0.0763,6,10,0,1,1,3,0,2,0,0,1.1616,1.1823,0.0,0.0425,0.0364,0.1913,0.0,0.1199,0.0,0.0,7,16,12.36,16.17
4219224,2024-02-11,fra,2023/2024,Ligue 1,21,Stéphanie Frappart,8521,Brest,8311,Clermont Foot,0,1,1,54,46,16,7,9,2,7,4,0,1,0,0,11,6,5,1,4,2,3,2,3,1,23,19,13,12,4,2,1,1,1,0,17,10,13,16,1,0,19,13,1,8,57,47,35.0,33.0,22.0,14.0,7.0,10.0,452,384,364.0,295.0,205,147,159,148,45.0,17.0,8.0,5.0,1.54,1.2,1.22,1.16,0.31,0.04,1.54,1.2,1.47,1.52,1,1,5,5,5,0,3,0,2,1,0.0765,0.1925,1.0253,0.9844,0.2328,0.0,0.1251,0.0,0.0763,0.0212,10,6,1,0,3,1,2,0,0,0,1.1823,1.1616,0.0425,0.0,0.1913,0.0364,0.1199,0.0,0.0,0.0,16,7,16.17,12.36
4219226,2024-02-11,fra,2023/2024,Ligue 1,21,Benoît Millot,9746,Le Havre,9851,Rennes,1,0,1,49,51,13,11,5,2,4,5,4,4,1,1,10,7,3,4,5,1,2,2,2,1,25,18,14,7,2,1,0,0,2,2,15,22,9,9,4,4,19,20,1,5,47,56,28.0,43.0,19.0,13.0,8.0,8.0,456,501,363.0,414.0,167,216,196,198,24.0,27.0,8.0,1.0,1.11,0.94,0.82,0.94,0.29,0.0,1.11,0.94,0.93,0.88,2,0,5,2,3,5,2,0,1,4,0.2894,0.0,0.4423,0.4755,0.2602,0.3574,0.1023,0.0,0.0197,0.1069,10,11,1,0,1,0,1,0,0,0,0.7935,0.9398,0.031,0.0,0.1269,0.0,0.1624,0.0,0.0,0.0,13,11,14.72,19.06
4219226,2024-02-11,fra,2023/2024,Ligue 1,21,Benoît Millot,9851,Rennes,9746,Le Havre,0,1,0,51,49,11,13,2,5,5,4,4,4,1,1,7,10,4,3,1,5,2,2,1,2,18,25,7,14,1,2,0,0,2,2,22,15,9,9,4,4,20,19,5,1,56,47,43.0,28.0,13.0,19.0,8.0,8.0,501,456,414.0,363.0,216,167,198,196,27.0,24.0,1.0,8.0,0.94,1.11,0.94,0.82,0.0,0.29,0.94,1.11,0.88,0.93,0,2,2,5,5,3,0,2,4,1,0.0,0.2894,0.4755,0.4423,0.3574,0.2602,0.0,0.1023,0.1069,0.0197,11,10,0,1,0,1,0,1,0,0,0.9398,0.7935,0.0,0.031,0.0,0.1269,0.0,0.1624,0.0,0.0,11,13,19.06,14.72
4219227,2024-02-11,fra,2023/2024,Ligue 1,21,Pierre Gaillouste,10249,Montpellier,9748,Lyon,1,1,2,46,54,15,19,8,5,4,10,3,4,0,0,9,12,6,7,1,5,2,1,2,1,31,31,11,11,1,2,0,0,1,1,16,19,12,6,4,3,27,16,3,7,43,48,32.0,40.0,11.0,8.0,6.0,10.0,426,516,348.0,428.0,181,176,167,252,28.0,21.0,6.0,6.0,1.54,1.16,1.29,0.75,0.24,0.42,1.54,1.16,1.8,1.0,1,1,5,8,3,3,4,4,2,3,0.7764,0.1049,0.3444,0.6556,0.1548,0.1069,0.2007,0.2254,0.0593,0.0718,9,11,2,0,1,6,3,2,0,0,1.1571,0.7456,0.1337,0.0,0.1112,0.2723,0.1336,0.1467,0.0,0.0,15,19,17.05,17.29
4219227,2024-02-11,fra,2023/2024,Ligue 1,21,Pierre Gaillouste,9748,Lyon,10249,Montpellier,0,2,1,54,46,19,15,5,8,10,4,4,3,0,0,12,9,7,6,5,1,1,2,1,2,31,31,11,11,2,1,0,0,1,1,19,16,6,12,3,4,16,27,7,3,48,43,40.0,32.0,8.0,11.0,10.0,6.0,516,426,428.0,348.0,176,181,252,167,21.0,28.0,6.0,6.0,1.16,1.54,0.75,1.29,0.42,0.24,1.16,1.54,1.0,1.8,1,1,8,5,3,3,4,4,3,2,0.1049,0.7764,0.6556,0.3444,0.1069,0.1548,0.2254,0.2007,0.0718,0.0593,11,9,0,2,6,1,2,3,0,0,0.7456,1.1571,0.0,0.1337,0.2723,0.1112,0.1467,0.1336,0.0,0.0,19,15,17.29,17.05
4219232,2024-02-16,fra,2023/2024,Ligue 1,22,Clément Turpin,9748,Lyon,9831,Nice,1,1,0,48,52,9,20,1,6,4,6,4,8,0,1,5,10,4,10,4,9,1,0,1,0,15,34,8,12,0,1,0,0,1,1,18,20,7,15,8,4,24,12,6,0,48,52,38.0,39.0,10.0,13.0,8.0,12.0,428,444,356.0,381.0,189,174,167,207,33.0,7.0,3.0,9.0,1.08,0.8,1.07,0.52,0.01,0.28,1.08,0.8,0.24,0.95,0,0,5,6,0,4,4,7,0,3,0.0,0.0,0.8379,0.4683,0.0,0.1076,0.1069,0.1648,0.0,0.0484,7,14,1,0,1,6,0,0,0,0,0.8036,0.5204,0.1325,0.0,0.0087,0.2687,0.0,0.0,0.0,0.0,9,20,17.07,20.21
4219232,2024-02-16,fra,2023/2024,Ligue 1,22,Clément Turpin,9831,Nice,9748,Lyon,0,0,1,52,48,20,9,6,1,6,4,8,4,1,0,10,5,10,4,9,4,0,1,0,1,34,15,12,8,1,0,0,0,1,1,20,18,15,7,4,8,12,24,0,6,52,48,39.0,38.0,13.0,10.0,12.0,8.0,444,428,381.0,356.0,174,189,207,167,7.0,33.0,9.0,3.0,0.8,1.08,0.52,1.07,0.28,0.01,0.8,1.08,0.95,0.24,0,0,6,5,4,0,7,4,3,0,0.0,0.0,0.4683,0.8379,0.1076,0.0,0.1648,0.1069,0.0484,0.0,14,7,0,1,6,1,0,0,0,0,0.5204,0.8036,0.0,0.1325,0.2687,0.0087,0.0,0.0,0.0,0.0,20,9,20.21,17.07
4219231,2024-02-17,fra,2023/2024,Ligue 1,22,Jérémie Pignard,8639,Lille,9746,Le Havre,1,3,0,62,38,17,6,8,2,6,1,3,3,0,0,15,2,2,4,1,3,9,1,6,1,30,8,11,17,2,3,0,0,2,1,18,17,8,12,3,3,15,11,2,5,51,48,44.0,36.0,7.0,12.0,11.0,8.0,551,327,479.0,254.0,323,152,156,102,26.0,25.0,1.0,1.0,3.78,0.61,2.45,0.57,0.54,0.04,2.99,0.61,3.83,0.54,4,0,9,2,2,0,0,3,2,1,1.862,0.0,2.4398,0.4238,0.0582,0.0,0.0,0.1492,0.0498,0.0383,12,5,0,0,0,0,4,1,1,0,2.7125,0.5737,0.0,0.0,0.0,0.0,0.9089,0.0376,0.7884,0.0,17,6,12.48,19.71
4219231,2024-02-17,fra,2023/2024,Ligue 1,22,Jérémie Pignard,9746,Le Havre,8639,Lille,0,0,3,38,62,6,17,2,8,1,6,3,3,0,0,2,15,4,2,3,1,1,9,1,6,8,30,17,11,3,2,0,0,1,2,17,18,12,8,3,3,11,15,5,2,48,51,36.0,44.0,12.0,7.0,8.0,11.0,327,551,254.0,479.0,152,323,102,156,25.0,26.0,1.0,1.0,0.61,3.78,0.57,2.45,0.04,0.54,0.61,2.99,0.54,3.83,0,4,2,9,0,2,3,0,1,2,0.0,1.862,0.4238,2.4398,0.0,0.0582,0.1492,0.0,0.0383,0.0498,5,12,0,0,0,0,1,4,0,1,0.5737,2.7125,0.0,0.0,0.0,0.0,0.0376,0.9089,0.0,0.7884,6,17,19.71,12.48
4219234,2024-02-17,fra,2023/2024,Ligue 1,22,Jérôme Brisard,9830,Nantes,9847,Paris Saint-Germain,1,0,2,23,77,12,12,7,2,2,6,3,4,1,0,10,7,2,5,3,8,4,2,4,1,29,28,10,12,1,0,0,0,1,0,23,12,10,6,4,4,30,15,0,6,51,39,44.0,31.0,7.0,8.0,9.0,9.0,252,870,185.0,808.0,94,217,91,591,27.0,23.0,2.0,7.0,1.35,1.55,1.35,0.73,0.04,0.03,1.35,0.76,2.0,1.28,1,0,4,7,5,0,2,3,0,2,0.3553,0.0,0.5824,1.5217,0.4715,0.0,0.0422,0.1185,0.0,0.0673,9,10,3,0,0,1,0,0,0,1,0.6462,0.8873,0.8051,0.0,0.0,0.0319,0.0,0.0,0.0,0.7884,12,12,16.72,17.02
4219234,2024-02-17,fra,2023/2024,Ligue 1,22,Jérôme Brisard,9847,Paris Saint-Germain,9830,Nantes,0,2,0,77,23,12,12,2,7,6,2,4,3,0,1,7,10,5,2,8,3,2,4,1,4,28,29,12,10,0,1,0,0,0,1,12,23,6,10,4,4,15,30,6,0,39,51,31.0,44.0,8.0,7.0,9.0,9.0,870,252,808.0,185.0,217,94,591,91,23.0,27.0,7.0,2.0,1.55,1.35,0.73,1.35,0.03,0.04,0.76,1.35,1.28,2.0,0,1,7,4,0,5,3,2,2,0,0.0,0.3553,1.5217,0.5824,0.0,0.4715,0.1185,0.0422,0.0673,0.0,10,9,0,3,1,0,0,0,1,0,0.8873,0.6462,0.0,0.8051,0.0319,0.0,0.0,0.0,0.7884,0.0,12,12,17.02,16.72
4219228,2024-02-18,fra,2023/2024,Ligue 1,22,Thomas Léonard,9848,Strasbourg,8689,Lorient,1,1,3,62,38,18,13,4,6,10,3,4,4,0,0,12,11,6,2,9,4,4,3,3,0,32,19,13,12,3,1,1,0,0,1,19,16,14,4,4,3,7,47,3,4,53,43,41.0,34.0,12.0,9.0,10.0,5.0,599,377,523.0,302.0,205,188,318,114,26.0,23.0,7.0,2.0,1.61,2.03,1.02,1.95,0.6,0.08,1.61,2.03,0.09,0.0,3,2,6,6,3,3,5,2,1,0,0.4152,0.8401,0.9046,1.0395,0.0978,0.1144,0.1773,0.0392,0.0189,0.0,11,12,1,0,5,1,1,0,0,0,0.9916,1.953,0.0249,0.0,0.577,0.0802,0.0203,0.0,0.0,0.0,18,13,15.52,14.84
4219228,2024-02-18,fra,2023/2024,Ligue 1,22,Thomas Léonard,8689,Lorient,9848,Strasbourg,0,3,1,38,62,13,18,6,4,3,10,4,4,0,0,11,12,2,6,4,9,3,4,0,3,19,32,12,13,1,3,0,1,1,0,16,19,4,14,3,4,47,7,4,3,43,53,34.0,41.0,9.0,12.0,5.0,10.0,377,599,302.0,523.0,188,205,114,318,23.0,26.0,2.0,7.0,2.03,1.61,1.95,1.02,0.08,0.6,2.03,1.61,0.0,0.09,2,3,6,6,3,3,2,5,0,1,0.8401,0.4152,1.0395,0.9046,0.1144,0.0978,0.0392,0.1773,0.0,0.0189,12,11,0,1,1,5,0,1,0,0,1.953,0.9916,0.0,0.0249,0.0802,0.577,0.0,0.0203,0.0,0.0,13,18,14.84,15.52
4219229,2024-02-18,fra,2023/2024,Ligue 1,22,Romain Lissorgue,9851,Rennes,8311,Clermont Foot,1,3,1,52,48,16,14,8,5,6,8,2,1,0,0,12,9,4,5,4,4,7,0,4,0,30,27,9,10,1,0,0,1,2,1,13,19,4,6,1,2,15,13,4,5,44,36,31.0,31.0,13.0,5.0,11.0,3.0,544,484,479.0,420.0,266,248,213,172,34.0,34.0,3.0,6.0,3.74,0.85,2.55,0.68,0.4,0.17,2.95,0.85,3.6,0.81,4,0,6,5,2,4,4,5,0,0,1.4165,0.0,2.1157,0.4532,0.0651,0.1391,0.1764,0.2569,0.0,0.0,12,9,0,1,1,4,2,0,1,0,2.5682,0.5336,0.0,0.1479,0.3054,0.1676,0.1119,0.0,0.7884,0.0,16,14,13.52,16.58
4219229,2024-02-18,fra,2023/2024,Ligue 1,22,Romain Lissorgue,8311,Clermont Foot,9851,Rennes,0,1,3,48,52,14,16,5,8,8,6,1,2,0,0,9,12,5,4,4,4,0,7,0,4,27,30,10,9,0,1,1,0,1,2,19,13,6,4,2,1,13,15,5,4,36,44,31.0,31.0,5.0,13.0,3.0,11.0,484,544,420.0,479.0,248,266,172,213,34.0,34.0,6.0,3.0,0.85,3.74,0.68,2.55,0.17,0.4,0.85,2.95,0.81,3.6,0,4,5,6,4,2,5,4,0,0,0.0,1.4165,0.4532,2.1157,0.1391,0.0651,0.2569,0.1764,0.0,0.0,9,12,1,0,4,1,0,2,0,1,0.5336,2.5682,0.1479,0.0,0.1676,0.3054,0.0,0.1119,0.0,0.7884,14,16,16.58,13.52
4219230,2024-02-18,fra,2023/2024,Ligue 1,22,Benoît Bastien,9829,Monaco,9941,Toulouse,1,1,2,65,35,22,14,5,7,5,4,12,3,0,1,14,9,8,5,4,6,2,3,1,3,39,19,18,12,1,3,0,0,1,0,19,26,8,17,3,12,8,33,5,4,52,74,38.0,57.0,14.0,17.0,7.0,13.0,583,308,489.0,216.0,198,120,291,96,17.0,24.0,3.0,3.0,1.67,1.48,1.53,0.58,0.14,0.91,1.67,1.48,1.69,2.39,0,1,11,6,3,2,6,2,2,3,0.0,0.3326,1.2829,0.8693,0.1293,0.0774,0.2086,0.067,0.0516,0.1383,17,7,0,1,2,2,3,4,0,0,1.5274,0.5303,0.0,0.0486,0.054,0.2888,0.0909,0.617,0.0,0.0,22,14,17.33,16.97
4219230,2024-02-18,fra,2023/2024,Ligue 1,22,Benoît Bastien,9941,Toulouse,9829,Monaco,0,2,1,35,65,14,22,7,5,4,5,3,12,1,0,9,14,5,8,6,4,3,2,3,1,19,39,12,18,3,1,0,0,0,1,26,19,17,8,12,3,33,8,4,5,74,52,57.0,38.0,17.0,14.0,13.0,7.0,308,583,216.0,489.0,120,198,96,291,24.0,17.0,3.0,3.0,1.48,1.67,0.58,1.53,0.91,0.14,1.48,1.67,2.39,1.69,1,0,6,11,2,3,2,6,3,2,0.3326,0.0,0.8693,1.2829,0.0774,0.1293,0.067,0.2086,0.1383,0.0516,7,17,1,0,2,2,4,3,0,0,0.5303,1.5274,0.0486,0.0,0.2888,0.054,0.617,0.0909,0.0,0.0,14,22,16.97,17.33
4219233,2024-02-18,fra,2023/2024,Ligue 1,22,Benoît Millot,9837,Reims,8588,Lens,1,1,1,54,46,11,9,2,1,4,5,5,3,0,0,4,6,7,3,3,2,1,3,0,2,14,15,15,9,2,2,0,0,3,4,15,13,10,7,3,5,8,17,0,1,38,34,27.0,29.0,11.0,5.0,4.0,4.0,492,430,406.0,327.0,268,233,138,94,33.0,25.0,5.0,5.0,1.13,1.24,1.05,0.88,0.08,0.36,1.13,1.24,0.99,0.67,1,1,3,5,0,1,6,1,1,1,0.5145,0.2548,0.1239,0.8947,0.0,0.0436,0.4741,0.0304,0.0168,0.0192,8,4,0,1,1,1,2,3,0,0,1.0476,0.6044,0.0,0.2763,0.01,0.0304,0.0717,0.3315,0.0,0.0,11,9,19.74,13.84
4219233,2024-02-18,fra,2023/2024,Ligue 1,22,Benoît Millot,8588,Lens,9837,Reims,0,1,1,46,54,9,11,1,2,5,4,3,5,0,0,6,4,3,7,2,3,3,1,2,0,15,14,9,15,2,2,0,0,4,3,13,15,7,10,5,3,17,8,1,0,34,38,29.0,27.0,5.0,11.0,4.0,4.0,430,492,327.0,406.0,233,268,94,138,25.0,33.0,5.0,5.0,1.24,1.13,0.88,1.05,0.36,0.08,1.24,1.13,0.67,0.99,1,1,5,3,1,0,1,6,1,1,0.2548,0.5145,0.8947,0.1239,0.0436,0.0,0.0304,0.4741,0.0192,0.0168,4,8,1,0,1,1,3,2,0,0,0.6044,1.0476,0.2763,0.0,0.0304,0.01,0.3315,0.0717,0.0,0.0,9,11,13.84,19.74
4219235,2024-02-18,fra,2023/2024,Ligue 1,22,Jeremy Stinat,10249,Montpellier,8550,Metz,1,3,0,54,46,21,14,7,4,7,4,7,6,0,0,14,8,7,6,7,4,6,0,3,0,29,17,17,13,3,3,0,0,4,2,15,22,8,10,7,5,12,25,3,4,47,52,36.0,45.0,11.0,7.0,9.0,6.0,395,340,319.0,275.0,160,126,159,149,22.0,35.0,5.0,5.0,3.01,1.29,1.13,1.05,1.09,0.24,2.22,1.29,2.55,0.45,1,1,8,7,5,0,4,5,3,1,0.6165,0.0916,1.9205,0.969,0.2329,0.0,0.1465,0.2081,0.0914,0.0232,12,7,1,3,4,1,3,3,1,0,1.0783,0.4351,0.0488,0.6144,0.9685,0.0498,0.1238,0.1927,0.7884,0.0,21,14,17.17,17.57
4219235,2024-02-18,fra,2023/2024,Ligue 1,22,Jeremy Stinat,8550,Metz,10249,Montpellier,0,0,3,46,54,14,21,4,7,4,7,6,7,0,0,8,14,6,7,4,7,0,6,0,3,17,29,13,17,3,3,0,0,2,4,22,15,10,8,5,7,25,12,4,3,52,47,45.0,36.0,7.0,11.0,6.0,9.0,340,395,275.0,319.0,126,160,149,159,35.0,22.0,5.0,5.0,1.29,3.01,1.05,1.13,0.24,1.09,1.29,2.22,0.45,2.55,1,1,7,8,0,5,5,4,1,3,0.0916,0.6165,0.969,1.9205,0.0,0.2329,0.2081,0.1465,0.0232,0.0914,7,12,3,1,1,4,3,3,0,1,0.4351,1.0783,0.6144,0.0488,0.0498,0.9685,0.1927,0.1238,0.0,0.7884,14,21,17.57,17.17
4219236,2024-02-18,fra,2023/2024,Ligue 1,22,Ruddy Buquet,8521,Brest,8592,Marseille,1,1,0,42,58,15,9,5,2,9,4,1,3,0,0,11,6,4,3,6,4,3,0,2,0,24,25,14,9,3,1,1,0,2,3,23,19,11,9,3,1,34,20,2,4,49,58,37.0,46.0,12.0,12.0,7.0,14.0,353,507,277.0,416.0,147,203,130,213,43.0,24.0,6.0,5.0,1.76,0.56,1.62,0.38,0.14,0.18,1.76,0.56,0.77,0.22,1,0,6,5,4,1,4,2,0,1,0.3864,0.0,0.8769,0.4096,0.2899,0.0527,0.1317,0.0612,0.0,0.0323,12,5,1,1,1,1,1,2,0,0,1.4304,0.2381,0.1525,0.1064,0.0156,0.1024,0.0864,0.109,0.0,0.0,15,9,15.32,16.98
4219236,2024-02-18,fra,2023/2024,Ligue 1,22,Ruddy Buquet,8592,Marseille,8521,Brest,0,0,1,58,42,9,15,2,5,4,9,3,1,0,0,6,11,3,4,4,6,0,3,0,2,25,24,9,14,1,3,0,1,3,2,19,23,9,11,1,3,20,34,4,2,58,49,46.0,37.0,12.0,12.0,14.0,7.0,507,353,416.0,277.0,203,147,213,130,24.0,43.0,5.0,6.0,0.56,1.76,0.38,1.62,0.18,0.14,0.56,1.76,0.22,0.77,0,1,5,6,1,4,2,4,1,0,0.0,0.3864,0.4096,0.8769,0.0527,0.2899,0.0612,0.1317,0.0323,0.0,5,12,1,1,1,1,2,1,0,0,0.2381,1.4304,0.1064,0.1525,0.1024,0.0156,0.109,0.0864,0.0,0.0,9,15,16.98,15.32
4219245,2024-02-23,fra,2023/2024,Ligue 1,23,Marc Bollengier,8550,Metz,9748,Lyon,1,1,2,38,62,15,11,4,5,8,3,3,3,0,0,8,7,7,4,4,3,3,2,2,1,20,29,13,12,1,2,0,0,0,1,23,23,11,9,2,3,30,19,3,3,53,58,41.0,40.0,12.0,18.0,6.0,8.0,322,543,247.0,430.0,100,241,147,189,17.0,26.0,4.0,3.0,1.65,1.63,1.43,1.63,0.22,0.0,1.65,1.63,1.07,1.09,0,0,7,6,1,1,7,2,0,2,0.0,0.0,1.3664,1.4106,0.0371,0.0602,0.189,0.0826,0.0,0.0394,10,11,1,0,2,0,2,0,0,0,0.8409,1.5928,0.4879,0.0,0.0338,0.0,0.2299,0.0,0.0,0.0,15,11,18.02,16.46
4219245,2024-02-23,fra,2023/2024,Ligue 1,23,Marc Bollengier,9748,Lyon,8550,Metz,0,2,1,62,38,11,15,5,4,3,8,3,3,0,0,7,8,4,7,3,4,2,3,1,2,29,20,12,13,2,1,0,0,1,0,23,23,9,11,3,2,19,30,3,3,58,53,40.0,41.0,18.0,12.0,8.0,6.0,543,322,430.0,247.0,241,100,189,147,26.0,17.0,3.0,4.0,1.63,1.65,1.63,1.43,0.0,0.22,1.63,1.65,1.09,1.07,0,0,6,7,1,1,2,7,2,0,0.0,0.0,1.4106,1.3664,0.0602,0.0371,0.0826,0.189,0.0394,0.0,11,10,0,1,0,2,0,2,0,0,1.5928,0.8409,0.0,0.4879,0.0,0.0338,0.0,0.2299,0.0,0.0,11,15,16.46,18.02
4219238,2024-02-24,fra,2023/2024,Ligue 1,23,Jérôme Brisard,9848,Strasbourg,8521,Brest,1,0,3,48,52,6,15,2,8,2,3,2,4,0,0,1,8,5,7,0,4,0,2,0,0,7,21,21,10,3,0,0,0,1,2,13,24,13,6,4,2,24,14,5,2,48,63,38.0,52.0,10.0,11.0,15.0,8.0,422,439,357.0,367.0,202,225,155,142,20.0,44.0,1.0,2.0,0.16,1.82,0.16,1.0,0.0,0.03,0.16,1.04,0.04,2.49,0,0,0,6,1,2,2,5,3,2,0.0,0.0,0.0,1.4069,0.0511,0.2163,0.0326,0.1432,0.0713,0.0562,6,11,0,1,0,1,0,1,0,1,0.155,0.9293,0.0,0.0733,0.0,0.0205,0.0,0.0111,0.0,0.7884,6,15,27.34,18.07
4219238,2024-02-24,fra,2023/2024,Ligue 1,23,Jérôme Brisard,8521,Brest,9848,Strasbourg,0,3,0,52,48,15,6,8,2,3,2,4,2,0,0,8,1,7,5,4,0,2,0,0,0,21,7,10,21,0,3,0,0,2,1,24,13,6,13,2,4,14,24,2,5,63,48,52.0,38.0,11.0,10.0,8.0,15.0,439,422,367.0,357.0,225,202,142,155,44.0,20.0,2.0,1.0,1.82,0.16,1.0,0.16,0.03,0.0,1.04,0.16,2.49,0.04,0,0,6,0,2,1,5,2,2,3,0.0,0.0,1.4069,0.0,0.2163,0.0511,0.1432,0.0326,0.0562,0.0713,11,6,1,0,1,0,1,0,1,0,0.9293,0.155,0.0733,0.0,0.0205,0.0,0.0111,0.0,0.7884,0.0,15,6,18.07,27.34
4219241,2024-02-24,fra,2023/2024,Ligue 1,23,Willy Delajod,8689,Lorient,9830,Nantes,1,0,1,64,36,6,7,1,6,2,1,3,0,0,0,4,4,2,3,3,8,1,1,1,1,16,11,11,11,0,2,0,0,3,3,19,24,6,13,0,3,11,26,5,1,46,49,37.0,36.0,9.0,13.0,7.0,2.0,630,345,552.0,276.0,291,177,261,99,30.0,27.0,3.0,4.0,0.54,0.45,0.28,0.4,0.26,0.05,0.54,0.45,0.19,1.8,0,0,4,2,0,2,2,3,0,0,0.0,0.0,0.4518,0.1682,0.0,0.1408,0.087,0.157,0.0,0.0,3,6,0,0,1,1,2,0,0,0,0.2807,0.4177,0.0,0.0,0.0936,0.0482,0.1645,0.0,0.0,0.0,6,7,17.12,16.26
4219241,2024-02-24,fra,2023/2024,Ligue 1,23,Willy Delajod,9830,Nantes,8689,Lorient,0,1,0,36,64,7,6,6,1,1,2,0,3,0,0,4,4,3,2,8,3,1,1,1,1,11,16,11,11,2,0,0,0,3,3,24,19,13,6,3,0,26,11,1,5,49,46,36.0,37.0,13.0,9.0,2.0,7.0,345,630,276.0,552.0,177,291,99,261,27.0,30.0,4.0,3.0,0.45,0.54,0.4,0.28,0.05,0.26,0.45,0.54,1.8,0.19,0,0,2,4,2,0,3,2,0,0,0.0,0.0,0.1682,0.4518,0.1408,0.0,0.157,0.087,0.0,0.0,6,3,0,0,1,1,0,2,0,0,0.4177,0.2807,0.0,0.0,0.0482,0.0936,0.0,0.1645,0.0,0.0,7,6,16.26,17.12
4219237,2024-02-25,fra,2023/2024,Ligue 1,23,Bastien Dechepy,9847,Paris Saint-Germain,9851,Rennes,1,1,1,66,34,15,3,3,1,8,2,4,0,0,0,8,3,7,0,4,0,2,1,1,1,31,7,13,16,5,3,0,0,2,0,20,26,13,16,0,4,4,23,0,2,55,61,45.0,51.0,10.0,10.0,9.0,15.0,698,367,618.0,278.0,235,164,383,114,19.0,24.0,1.0,0.0,1.87,0.81,0.74,0.81,0.34,0.0,1.08,0.81,1.43,0.61,1,0,5,3,3,0,4,0,2,0,0.2684,0.0,1.2747,0.8063,0.0918,0.0,0.1802,0.0,0.0942,0.0,11,2,0,1,2,0,1,0,1,0,0.7855,0.1411,0.0,0.6652,0.2898,0.0,0.0456,0.0,0.7884,0.0,15,3,18.38,11.81
4219237,2024-02-25,fra,2023/2024,Ligue 1,23,Bastien Dechepy,9851,Rennes,9847,Paris Saint-Germain,0,1,1,34,66,3,15,1,3,2,8,0,4,0,0,3,8,0,7,0,4,1,2,1,1,7,31,16,13,3,5,0,0,0,2,26,20,16,13,4,0,23,4,2,0,61,55,51.0,45.0,10.0,10.0,15.0,9.0,367,698,278.0,618.0,164,235,114,383,24.0,19.0,0.0,1.0,0.81,1.87,0.81,0.74,0.0,0.34,0.81,1.08,0.61,1.43,0,1,3,5,0,3,0,4,0,2,0.0,0.2684,0.8063,1.2747,0.0,0.0918,0.0,0.1802,0.0,0.0942,2,11,1,0,0,2,0,1,0,1,0.1411,0.7855,0.6652,0.0,0.0,0.2898,0.0,0.0456,0.0,0.7884,3,15,11.81,18.38
4219239,2024-02-25,fra,2023/2024,Ligue 1,23,Mathieu Vernice,9941,Toulouse,8639,Lille,1,3,1,32,68,14,12,4,2,3,6,7,4,1,0,13,9,1,3,6,8,2,0,0,0,25,28,20,10,2,0,0,0,0,1,24,9,7,4,4,7,19,14,2,1,49,52,39.0,37.0,10.0,15.0,6.0,11.0,286,628,217.0,562.0,140,306,77,256,19.0,20.0,7.0,2.0,2.16,0.59,0.6,0.44,0.76,0.15,1.37,0.59,2.82,0.54,0,0,11,5,2,4,1,2,0,1,0.0,0.0,1.9603,0.3618,0.1369,0.1788,0.0592,0.0335,0.0,0.015,8,10,0,0,5,2,0,0,1,0,0.6049,0.4437,0.0,0.0,0.7631,0.1453,0.0,0.0,0.7884,0.0,14,12,12.41,18.87
4219239,2024-02-25,fra,2023/2024,Ligue 1,23,Mathieu Vernice,8639,Lille,9941,Toulouse,0,1,3,68,32,12,14,2,4,6,3,4,7,0,1,9,13,3,1,8,6,0,2,0,0,28,25,10,20,0,2,0,0,1,0,9,24,4,7,7,4,14,19,1,2,52,49,37.0,39.0,15.0,10.0,11.0,6.0,628,286,562.0,217.0,306,140,256,77,20.0,19.0,2.0,7.0,0.59,2.16,0.44,0.6,0.15,0.76,0.59,1.37,0.54,2.82,0,0,5,11,4,2,2,1,1,0,0.0,0.0,0.3618,1.9603,0.1788,0.1369,0.0335,0.0592,0.015,0.0,10,8,0,0,2,5,0,0,0,1,0.4437,0.6049,0.0,0.0,0.1453,0.7631,0.0,0.0,0.0,0.7884,12,14,18.87,12.41
4219240,2024-02-25,fra,2023/2024,Ligue 1,23,Jérémie Pignard,8592,Marseille,10249,Montpellier,1,4,1,58,42,16,9,6,4,8,3,2,2,0,2,9,5,7,4,7,4,5,2,2,1,28,21,8,12,2,4,0,0,0,0,15,22,8,5,2,2,19,30,3,3,43,46,40.0,37.0,3.0,9.0,13.0,8.0,463,344,396.0,267.0,168,151,228,116,20.0,24.0,5.0,1.0,2.66,0.6,1.36,0.4,0.51,0.2,1.87,0.6,3.03,0.49,1,0,7,5,1,0,6,1,1,3,0.7002,0.0,1.5684,0.4891,0.0705,0.0,0.2775,0.0176,0.0397,0.0926,10,5,1,0,1,3,3,1,1,0,1.2866,0.4021,0.0705,0.0,0.0293,0.1519,0.4815,0.0454,0.7884,0.0,16,9,15.74,18.74
4219240,2024-02-25,fra,2023/2024,Ligue 1,23,Jérémie Pignard,10249,Montpellier,8592,Marseille,0,1,4,42,58,9,16,4,6,3,8,2,2,2,0,5,9,4,7,4,7,2,5,1,2,21,28,12,8,4,2,0,0,0,0,22,15,5,8,2,2,30,19,3,3,46,43,37.0,40.0,9.0,3.0,8.0,13.0,344,463,267.0,396.0,151,168,116,228,24.0,20.0,1.0,5.0,0.6,2.66,0.4,1.36,0.2,0.51,0.6,1.87,0.49,3.03,0,1,5,7,0,1,1,6,3,1,0.0,0.7002,0.4891,1.5684,0.0,0.0705,0.0176,0.2775,0.0926,0.0397,5,10,0,1,3,1,1,3,0,1,0.4021,1.2866,0.0,0.0705,0.1519,0.0293,0.0454,0.4815,0.0,0.7884,9,16,18.74,15.74
4219242,2024-02-25,fra,2023/2024,Ligue 1,23,Hakim Ben El Hadj Salem,9831,Nice,8311,Clermont Foot,1,0,0,58,42,23,13,4,5,13,3,6,5,0,0,12,10,11,3,8,1,2,4,2,4,39,20,8,12,2,1,0,0,1,0,15,15,11,10,4,6,11,25,5,4,57,33,41.0,25.0,16.0,8.0,14.0,2.0,549,418,475.0,330.0,265,187,210,143,16.0,22.0,12.0,2.0,1.58,1.98,1.11,1.15,0.47,0.04,1.58,1.19,0.97,2.55,4,1,6,8,2,1,9,2,2,1,0.7667,0.3082,0.4062,1.558,0.0846,0.0382,0.2718,0.0547,0.0519,0.0169,17,9,0,1,5,0,1,2,0,1,1.1104,0.8111,0.0,0.3369,0.4118,0.0,0.0591,0.0396,0.0,0.7884,23,13,17.94,15.8
4219242,2024-02-25,fra,2023/2024,Ligue 1,23,Hakim Ben El Hadj Salem,8311,Clermont Foot,9831,Nice,0,0,0,42,58,13,23,5,4,3,13,5,6,0,0,10,12,3,11,1,8,4,2,4,2,20,39,12,8,1,2,0,0,0,1,15,15,10,11,6,4,25,11,4,5,33,57,25.0,41.0,8.0,16.0,2.0,14.0,418,549,330.0,475.0,187,265,143,210,22.0,16.0,2.0,12.0,1.98,1.58,1.15,1.11,0.04,0.47,1.19,1.58,2.55,0.97,1,4,8,6,1,2,2,9,1,2,0.3082,0.7667,1.558,0.4062,0.0382,0.0846,0.0547,0.2718,0.0169,0.0519,9,17,1,0,0,5,2,1,1,0,0.8111,1.1104,0.3369,0.0,0.0,0.4118,0.0396,0.0591,0.7884,0.0,13,23,15.8,17.94
4219243,2024-02-25,fra,2023/2024,Ligue 1,23,François Letexier,8588,Lens,9829,Monaco,1,2,3,59,41,20,15,11,8,7,3,2,4,1,0,16,12,4,3,9,3,7,5,5,4,43,22,10,13,5,3,0,0,2,2,18,14,12,13,4,3,8,26,6,8,51,51,42.0,34.0,9.0,17.0,11.0,10.0,527,374,436.0,273.0,230,145,206,128,23.0,29.0,6.0,1.0,2.92,2.29,2.73,1.35,0.19,0.15,2.92,1.5,3.73,3.62,4,3,10,6,2,3,3,3,1,0,0.7417,0.369,1.7698,2.2799,0.2601,0.1058,0.2001,0.0807,0.0301,0.0,15,13,2,0,3,0,0,1,0,1,2.498,1.3278,0.3165,0.0,0.1873,0.0,0.0,0.7192,0.0,0.7884,20,15,12.47,16.73
4219243,2024-02-25,fra,2023/2024,Ligue 1,23,François Letexier,9829,Monaco,8588,Lens,0,3,2,41,59,15,20,8,11,3,7,4,2,0,1,12,16,3,4,3,9,5,7,4,5,22,43,13,10,3,5,0,0,2,2,14,18,13,12,3,4,26,8,8,6,51,51,34.0,42.0,17.0,9.0,10.0,11.0,374,527,273.0,436.0,145,230,128,206,29.0,23.0,1.0,6.0,2.29,2.92,1.35,2.73,0.15,0.19,1.5,2.92,3.62,3.73,3,4,6,10,3,2,3,3,0,1,0.369,0.7417,2.2799,1.7698,0.1058,0.2601,0.0807,0.2001,0.0,0.0301,13,15,0,2,0,3,1,0,1,0,1.3278,2.498,0.0,0.3165,0.0,0.1873,0.7192,0.0,0.7884,0.0,15,20,16.73,12.47
4219244,2024-02-25,fra,2023/2024,Ligue 1,23,Florent Batta,9746,Le Havre,9837,Reims,1,1,2,51,49,17,16,5,5,7,5,5,6,0,1,12,13,5,3,5,5,2,7,1,5,25,27,11,13,3,1,0,1,1,2,16,10,7,6,5,6,15,26,3,3,45,32,34.0,28.0,11.0,4.0,6.0,7.0,381,383,318.0,316.0,175,199,143,117,23.0,25.0,12.0,5.0,1.75,3.36,0.41,2.41,0.54,0.17,0.96,2.58,1.1,2.92,3,1,5,11,4,1,4,2,1,1,0.2584,0.3573,1.2141,2.7949,0.1688,0.0516,0.093,0.1113,0.0313,0.0485,9,12,0,1,5,1,2,1,1,1,0.415,2.3572,0.0,0.0516,0.5121,0.118,0.0501,0.0485,0.7884,0.7884,17,16,15.66,12.63
4219244,2024-02-25,fra,2023/2024,Ligue 1,23,Florent Batta,9837,Reims,9746,Le Havre,0,2,1,49,51,16,17,5,5,5,7,6,5,1,0,13,12,3,5,5,5,7,2,5,1,27,25,13,11,1,3,1,0,2,1,10,16,6,7,6,5,26,15,3,3,32,45,28.0,34.0,4.0,11.0,7.0,6.0,383,381,316.0,318.0,199,175,117,143,25.0,23.0,5.0,12.0,3.36,1.75,2.41,0.41,0.17,0.54,2.58,0.96,2.92,1.1,1,3,11,5,1,4,2,4,1,1,0.3573,0.2584,2.7949,1.2141,0.0516,0.1688,0.1113,0.093,0.0485,0.0313,12,9,1,0,1,5,1,2,1,1,2.3572,0.415,0.0516,0.0,0.118,0.5121,0.0485,0.0501,0.7884,0.7884,16,17,12.63,15.66
4219248,2024-03-01,fra,2023/2024,Ligue 1,24,Ruddy Buquet,9829,Monaco,9847,Paris Saint-Germain,1,0,0,32,68,14,14,6,7,3,7,5,0,0,0,12,7,2,7,5,6,5,3,5,3,30,21,10,13,0,0,0,0,3,1,19,13,14,2,0,5,19,13,7,6,48,48,41.0,40.0,7.0,8.0,9.0,19.0,288,624,216.0,533.0,100,314,116,219,16.0,25.0,2.0,4.0,1.61,1.5,1.5,0.79,0.11,0.7,1.61,1.5,1.61,1.83,1,2,6,3,5,3,2,4,0,2,0.1421,0.6216,1.0849,0.4747,0.4024,0.1434,0.0747,0.1987,0.0,0.0482,8,9,3,0,2,3,1,2,0,0,1.2501,0.7832,0.346,0.0,0.0747,0.6351,0.0334,0.0682,0.0,0.0,14,14,13.99,17.21
4219248,2024-03-01,fra,2023/2024,Ligue 1,24,Ruddy Buquet,9847,Paris Saint-Germain,9829,Monaco,0,0,0,68,32,14,14,7,6,7,3,0,5,0,0,7,12,7,2,6,5,3,5,3,5,21,30,13,10,0,0,0,0,1,3,13,19,2,14,5,0,13,19,6,7,48,48,40.0,41.0,8.0,7.0,19.0,9.0,624,288,533.0,216.0,314,100,219,116,25.0,16.0,4.0,2.0,1.5,1.61,0.79,1.5,0.7,0.11,1.5,1.61,1.83,1.61,2,1,3,6,3,5,4,2,2,0,0.6216,0.1421,0.4747,1.0849,0.1434,0.4024,0.1987,0.0747,0.0482,0.0,9,8,0,3,3,2,2,1,0,0,0.7832,1.2501,0.0,0.346,0.6351,0.0747,0.0682,0.0334,0.0,0.0,14,14,17.21,13.99
4219250,2024-03-02,fra,2023/2024,Ligue 1,24,Thomas Léonard,8311,Clermont Foot,8592,Marseille,1,1,5,44,56,7,17,2,11,3,3,2,3,0,0,5,12,2,5,7,4,1,6,0,3,12,29,9,13,2,1,0,0,1,1,13,17,10,8,3,2,17,19,6,1,44,52,28.0,39.0,16.0,13.0,2.0,13.0,467,595,374.0,505.0,272,226,102,279,32.0,30.0,3.0,5.0,0.68,2.44,0.13,2.36,0.55,0.08,0.68,2.44,,,1,3,4,7,0,2,1,4,1,1,0.4945,0.6253,0.1505,1.4976,0.0,0.2615,0.0229,0.0958,0.0114,0.0202,4,13,0,2,3,2,0,0,0,0,0.1293,1.8086,0.0,0.6104,0.55,0.0815,0.0,0.0,0.0,0.0,7,17,18.14,14.03
4219250,2024-03-02,fra,2023/2024,Ligue 1,24,Thomas Léonard,8592,Marseille,8311,Clermont Foot,0,5,1,56,44,17,7,11,2,3,3,3,2,0,0,12,5,5,2,4,7,6,1,3,0,29,12,13,9,1,2,0,0,1,1,17,13,8,10,2,3,19,17,1,6,52,44,39.0,28.0,13.0,16.0,13.0,2.0,595,467,505.0,374.0,226,272,279,102,30.0,32.0,5.0,3.0,2.44,0.68,2.36,0.13,0.08,0.55,2.44,0.68,,,3,1,7,4,2,0,4,1,1,1,0.6253,0.4945,1.4976,0.1505,0.2615,0.0,0.0958,0.0229,0.0202,0.0114,13,4,2,0,2,3,0,0,0,0,1.8086,0.1293,0.6104,0.0,0.0815,0.55,0.0,0.0,0.0,0.0,17,7,14.03,18.14
4219251,2024-03-02,fra,2023/2024,Ligue 1,24,Jeremy Stinat,9837,Reims,8639,Lille,1,0,1,57,43,8,8,3,3,2,3,3,2,0,0,7,4,1,4,4,4,0,2,0,1,13,13,12,14,4,2,0,0,0,2,13,23,5,9,2,3,14,19,2,3,47,53,38.0,41.0,9.0,12.0,13.0,7.0,457,348,384.0,273.0,240,153,144,120,37.0,30.0,5.0,0.0,0.62,1.13,0.62,1.11,0.0,0.02,0.62,1.13,0.17,1.28,1,0,4,1,2,3,1,3,0,1,0.1086,0.0,0.3755,0.4998,0.1089,0.1141,0.0264,0.4828,0.0,0.0526,8,7,0,0,0,1,0,0,0,0,0.6194,1.1317,0.0,0.0,0.0,0.0175,0.0,0.0,0.0,0.0,8,8,14.09,18.92
4219251,2024-03-02,fra,2023/2024,Ligue 1,24,Jeremy Stinat,8639,Lille,9837,Reims,0,1,0,43,57,8,8,3,3,3,2,2,3,0,0,4,7,4,1,4,4,2,0,1,0,13,13,14,12,2,4,0,0,2,0,23,13,9,5,3,2,19,14,3,2,53,47,41.0,38.0,12.0,9.0,7.0,13.0,348,457,273.0,384.0,153,240,120,144,30.0,37.0,0.0,5.0,1.13,0.62,1.11,0.62,0.02,0.0,1.13,0.62,1.28,0.17,0,1,1,4,3,2,3,1,1,0,0.0,0.1086,0.4998,0.3755,0.1141,0.1089,0.4828,0.0264,0.0526,0.0,7,8,0,0,1,0,0,0,0,0,1.1317,0.6194,0.0,0.0,0.0175,0.0,0.0,0.0,0.0,0.0,8,8,18.92,14.09
4219246,2024-03-03,fra,2023/2024,Ligue 1,24,Benoît Bastien,9851,Rennes,8689,Lorient,1,1,2,56,44,22,12,6,6,10,4,6,2,0,0,13,7,9,5,6,3,2,2,2,0,38,15,12,9,1,2,0,0,0,4,14,16,6,11,2,5,9,28,4,5,47,46,35.0,38.0,12.0,8.0,12.0,11.0,499,405,437.0,341.0,138,237,299,104,28.0,21.0,8.0,2.0,1.39,1.97,1.11,1.85,0.28,0.12,1.39,1.97,0.95,2.01,2,2,9,3,2,2,4,4,5,1,0.4514,1.3886,0.7116,0.261,0.0704,0.0797,0.1527,0.2159,0.0759,0.0293,18,10,0,0,2,2,2,0,0,0,1.2066,1.8853,0.0,0.0,0.1836,0.0892,0.0718,0.0,0.0,0.0,22,12,17.65,15.04
4219246,2024-03-03,fra,2023/2024,Ligue 1,24,Benoît Bastien,8689,Lorient,9851,Rennes,0,2,1,44,56,12,22,6,6,4,10,2,6,0,0,7,13,5,9,3,6,2,2,0,2,15,38,9,12,2,1,0,0,4,0,16,14,11,6,5,2,28,9,5,4,46,47,38.0,35.0,8.0,12.0,11.0,12.0,405,499,341.0,437.0,237,138,104,299,21.0,28.0,2.0,8.0,1.97,1.39,1.85,1.11,0.12,0.28,1.97,1.39,2.01,0.95,2,2,3,9,2,2,4,4,1,5,1.3886,0.4514,0.261,0.7116,0.0797,0.0704,0.2159,0.1527,0.0293,0.0759,10,18,0,0,2,2,0,2,0,0,1.8853,1.2066,0.0,0.0,0.0892,0.1836,0.0,0.0718,0.0,0.0,12,22,15.04,17.65
4219247,2024-03-03,fra,2023/2024,Ligue 1,24,Jérémie Pignard,9941,Toulouse,9831,Nice,1,2,1,44,56,17,9,6,6,5,0,6,3,0,0,14,5,3,4,7,6,1,3,0,2,33,19,14,10,2,2,0,0,0,2,19,14,10,4,3,6,21,16,5,4,44,42,35.0,34.0,9.0,8.0,7.0,7.0,411,522,335.0,447.0,157,301,178,146,21.0,17.0,4.0,1.0,1.79,1.44,1.52,1.16,0.27,0.28,1.79,1.44,1.75,2.91,4,2,6,2,4,1,3,4,0,0,0.8409,0.6197,0.5949,0.4397,0.1341,0.028,0.2203,0.3529,0.0,0.0,13,5,0,0,4,1,0,3,0,0,1.5228,1.1591,0.0,0.0,0.2674,0.028,0.0,0.2532,0.0,0.0,17,9,13.92,16.46
4219247,2024-03-03,fra,2023/2024,Ligue 1,24,Jérémie Pignard,9831,Nice,9941,Toulouse,0,1,2,56,44,9,17,6,6,0,5,3,6,0,0,5,14,4,3,6,7,3,1,2,0,19,33,10,14,2,2,0,0,2,0,14,19,4,10,6,3,16,21,4,5,42,44,34.0,35.0,8.0,9.0,7.0,7.0,522,411,447.0,335.0,301,157,146,178,17.0,21.0,1.0,4.0,1.44,1.79,1.16,1.52,0.28,0.27,1.44,1.79,2.91,1.75,2,4,2,6,1,4,4,3,0,0,0.6197,0.8409,0.4397,0.5949,0.028,0.1341,0.3529,0.2203,0.0,0.0,5,13,0,0,1,4,3,0,0,0,1.1591,1.5228,0.0,0.0,0.028,0.2674,0.2532,0.0,0.0,0.0,9,17,16.46,13.92
4219249,2024-03-03,fra,2023/2024,Ligue 1,24,Jérôme Brisard,9748,Lyon,8588,Lens,1,0,3,46,54,13,18,4,8,5,4,4,6,1,0,11,12,2,6,2,4,3,5,3,2,24,27,5,15,0,2,1,0,2,1,8,18,7,17,5,3,17,9,5,4,37,45,29.0,26.0,8.0,19.0,8.0,4.0,444,505,368.0,439.0,225,213,143,226,23.0,22.0,5.0,8.0,2.4,3.57,0.87,1.22,1.53,1.56,2.4,2.78,2.22,4.19,6,2,4,7,1,3,1,4,1,2,2.1553,1.4847,0.5024,1.4911,0.0864,0.1514,0.1678,0.2314,0.0318,0.0323,4,10,3,2,3,4,3,1,0,1,0.4395,0.9473,0.4246,0.2451,1.5986,1.3418,0.4811,0.0683,0.0,0.7884,13,18,11.63,15.76
4219249,2024-03-03,fra,2023/2024,Ligue 1,24,Jérôme Brisard,8588,Lens,9748,Lyon,0,3,0,54,46,18,13,8,4,4,5,6,4,0,1,12,11,6,2,4,2,5,3,2,3,27,24,15,5,2,0,0,1,1,2,18,8,17,7,3,5,9,17,4,5,45,37,26.0,29.0,19.0,8.0,4.0,8.0,505,444,439.0,368.0,213,225,226,143,22.0,23.0,8.0,5.0,3.57,2.4,1.22,0.87,1.56,1.53,2.78,2.4,4.19,2.22,2,6,7,4,3,1,4,1,2,1,1.4847,2.1553,1.4911,0.5024,0.1514,0.0864,0.2314,0.1678,0.0323,0.0318,10,4,2,3,4,3,1,3,1,0,0.9473,0.4395,0.2451,0.4246,1.3418,1.5986,0.0683,0.4811,0.7884,0.0,18,13,15.76,11.63
4219252,2024-03-03,fra,2023/2024,Ligue 1,24,Eric Wattellier,9830,Nantes,8550,Metz,1,0,2,47,53,9,13,2,4,6,6,1,3,0,1,6,9,3,4,10,3,1,4,1,3,21,18,7,11,3,2,0,0,0,1,15,17,6,12,3,1,13,35,2,2,51,47,33.0,33.0,18.0,14.0,7.0,10.0,416,486,324.0,404.0,164,268,160,136,35.0,30.0,9.0,9.0,0.9,2.33,0.9,1.16,0.0,0.38,0.9,1.54,0.05,1.52,1,1,3,8,2,0,2,2,1,2,0.4739,0.0631,0.2443,2.1561,0.0766,0.0,0.0654,0.0283,0.0294,0.0507,9,6,0,3,0,3,0,0,0,1,0.8896,0.3418,0.0,0.8535,0.0,0.3146,0.0,0.0,0.0,0.7884,9,13,16.7,15.51
4219252,2024-03-03,fra,2023/2024,Ligue 1,24,Eric Wattellier,8550,Metz,9830,Nantes,0,2,0,53,47,13,9,4,2,6,6,3,1,1,0,9,6,4,3,3,10,4,1,3,1,18,21,11,7,2,3,0,0,1,0,17,15,12,6,1,3,35,13,2,2,47,51,33.0,33.0,14.0,18.0,10.0,7.0,486,416,404.0,324.0,268,164,136,160,30.0,35.0,9.0,9.0,2.33,0.9,1.16,0.9,0.38,0.0,1.54,0.9,1.52,0.05,1,1,8,3,0,2,2,2,2,1,0.0631,0.4739,2.1561,0.2443,0.0,0.0766,0.0283,0.0654,0.0507,0.0294,6,9,3,0,3,0,0,0,1,0,0.3418,0.8896,0.8535,0.0,0.3146,0.0,0.0,0.0,0.7884,0.0,13,9,15.51,16.7
4219253,2024-03-03,fra,2023/2024,Ligue 1,24,Stéphanie Frappart,10249,Montpellier,9848,Strasbourg,1,2,2,60,40,21,12,6,4,7,5,8,3,1,0,13,7,8,5,8,4,2,3,2,1,35,22,12,17,1,3,0,0,3,2,11,13,9,9,3,8,20,43,2,5,55,44,33.0,32.0,22.0,12.0,9.0,8.0,515,351,427.0,260.0,223,142,204,118,41.0,30.0,9.0,5.0,1.76,1.69,1.54,0.75,0.22,0.14,1.76,0.9,0.56,1.95,4,1,6,2,4,4,5,4,3,1,0.66,0.122,0.5976,1.1717,0.196,0.1687,0.214,0.2037,0.0937,0.0202,15,6,2,2,5,3,0,0,0,1,1.1746,0.6243,0.3653,0.1291,0.2213,0.1445,0.0,0.0,0.0,0.7884,22,12,16.45,17.61
4219253,2024-03-03,fra,2023/2024,Ligue 1,24,Stéphanie Frappart,9848,Strasbourg,10249,Montpellier,0,2,2,40,60,12,21,4,6,5,7,3,8,0,1,7,13,5,8,4,8,3,2,1,2,22,35,17,12,3,1,0,0,2,3,13,11,9,9,8,3,43,20,5,2,44,55,32.0,33.0,12.0,22.0,8.0,9.0,351,515,260.0,427.0,142,223,118,204,30.0,41.0,5.0,9.0,1.69,1.76,0.75,1.54,0.14,0.22,0.9,1.76,1.95,0.56,1,4,2,6,4,4,4,5,1,3,0.122,0.66,1.1717,0.5976,0.1687,0.196,0.2037,0.214,0.0202,0.0937,6,15,2,2,3,5,0,0,1,0,0.6243,1.1746,0.1291,0.3653,0.1445,0.2213,0.0,0.0,0.7884,0.0,12,22,17.61,16.45
4219254,2024-03-03,fra,2023/2024,Ligue 1,24,Pierre Gaillouste,8521,Brest,9746,Le Havre,1,1,0,60,40,9,11,4,2,4,6,1,3,0,0,4,3,5,8,0,2,2,0,1,0,11,18,21,15,4,1,0,0,0,3,18,9,6,10,2,1,19,6,2,3,60,61,39.0,37.0,21.0,24.0,8.0,7.0,554,345,448.0,251.0,296,110,152,141,40.0,36.0,1.0,4.0,0.97,0.59,0.83,0.48,0.14,0.1,0.97,0.59,1.04,0.25,0,0,4,3,0,0,1,4,4,4,0.0,0.0,0.6992,0.4432,0.0,0.0,0.0674,0.0695,0.2023,0.0726,7,7,0,1,0,0,2,3,0,0,0.8269,0.4602,0.0,0.0208,0.0,0.0,0.1419,0.1044,0.0,0.0,9,11,20.08,22.85
4219254,2024-03-03,fra,2023/2024,Ligue 1,24,Pierre Gaillouste,9746,Le Havre,8521,Brest,0,0,1,40,60,11,9,2,4,6,4,3,1,0,0,3,4,8,5,2,0,0,2,0,1,18,11,15,21,1,4,0,0,3,0,9,18,10,6,1,2,6,19,3,2,61,60,37.0,39.0,24.0,21.0,7.0,8.0,345,554,251.0,448.0,110,296,141,152,36.0,40.0,4.0,1.0,0.59,0.97,0.48,0.83,0.1,0.14,0.59,0.97,0.25,1.04,0,0,3,4,0,0,4,1,4,4,0.0,0.0,0.4432,0.6992,0.0,0.0,0.0695,0.0674,0.0726,0.2023,7,7,1,0,0,0,3,2,0,0,0.4602,0.8269,0.0208,0.0,0.0,0.0,0.1044,0.1419,0.0,0.0,11,9,22.85,20.08
4219414,2024-03-08,fra,2023/2024,Ligue 1,25,Ruddy Buquet,9831,Nice,10249,Montpellier,1,1,2,65,35,19,7,5,2,7,3,7,2,0,0,12,5,7,2,8,5,2,2,1,1,30,10,13,11,1,2,0,0,1,0,14,21,7,9,2,7,19,45,1,4,47,47,40.0,40.0,7.0,7.0,15.0,9.0,548,288,477.0,215.0,244,127,233,88,16.0,14.0,6.0,2.0,1.15,1.25,0.76,0.42,0.4,0.04,1.15,0.46,0.68,1.09,2,0,9,4,1,1,5,2,2,0,0.3555,0.0,0.4718,1.1442,0.032,0.0582,0.1445,0.0463,0.1491,0.0,11,3,0,2,6,0,2,1,0,1,0.7573,0.1196,0.0,0.296,0.2478,0.0,0.1478,0.0447,0.0,0.7884,19,7,15.83,16.76
4219414,2024-03-08,fra,2023/2024,Ligue 1,25,Ruddy Buquet,10249,Montpellier,9831,Nice,0,2,1,35,65,7,19,2,5,3,7,2,7,0,0,5,12,2,7,5,8,2,2,1,1,10,30,11,13,2,1,0,0,0,1,21,14,9,7,7,2,45,19,4,1,47,47,40.0,40.0,7.0,7.0,9.0,15.0,288,548,215.0,477.0,127,244,88,233,14.0,16.0,2.0,6.0,1.25,1.15,0.42,0.76,0.04,0.4,0.46,1.15,1.09,0.68,0,2,4,9,1,1,2,5,0,2,0.0,0.3555,1.1442,0.4718,0.0582,0.032,0.0463,0.1445,0.0,0.1491,3,11,2,0,0,6,1,2,1,0,0.1196,0.7573,0.296,0.0,0.0,0.2478,0.0447,0.1478,0.7884,0.0,7,19,16.76,15.83
4219412,2024-03-09,fra,2023/2024,Ligue 1,25,Mathieu Vernice,8689,Lorient,9748,Lyon,1,0,2,48,52,9,13,0,6,7,3,2,4,0,0,3,8,6,5,4,7,0,3,0,1,13,27,10,7,0,0,0,0,1,0,16,18,6,10,4,2,23,11,4,0,41,39,36.0,33.0,5.0,6.0,14.0,6.0,494,536,426.0,471.0,221,254,205,217,13.0,36.0,3.0,6.0,0.52,1.91,0.36,1.89,0.16,0.02,0.52,1.91,0.0,2.37,0,1,3,6,0,1,4,3,2,2,0.0,0.2607,0.2397,1.4519,0.0,0.0471,0.2287,0.1166,0.048,0.0431,6,10,1,2,2,0,0,1,0,0,0.2803,0.9246,0.0811,0.9726,0.155,0.0,0.0,0.0223,0.0,0.0,9,13,17.6,17.53
4219412,2024-03-09,fra,2023/2024,Ligue 1,25,Mathieu Vernice,9748,Lyon,8689,Lorient,0,2,0,52,48,13,9,6,0,3,7,4,2,0,0,8,3,5,6,7,4,3,0,1,0,27,13,7,10,0,0,0,0,0,1,18,16,10,6,2,4,11,23,0,4,39,41,33.0,36.0,6.0,5.0,6.0,14.0,536,494,471.0,426.0,254,221,217,205,36.0,13.0,6.0,3.0,1.91,0.52,1.89,0.36,0.02,0.16,1.91,0.52,2.37,0.0,1,0,6,3,1,0,3,4,2,2,0.2607,0.0,1.4519,0.2397,0.0471,0.0,0.1166,0.2287,0.0431,0.048,10,6,2,1,0,2,1,0,0,0,0.9246,0.2803,0.9726,0.0811,0.0,0.155,0.0223,0.0,0.0,0.0,13,9,17.53,17.6
4219415,2024-03-09,fra,2023/2024,Ligue 1,25,Stéphanie Frappart,8588,Lens,8521,Brest,1,1,0,40,60,6,9,2,3,2,3,2,3,1,1,6,8,0,1,2,4,1,0,0,0,19,22,13,10,1,2,0,0,1,0,12,14,8,12,3,2,26,10,3,1,51,49,30.0,36.0,21.0,13.0,8.0,9.0,368,540,295.0,457.0,186,239,109,218,30.0,37.0,5.0,3.0,0.9,0.74,0.89,0.53,0.01,0.21,0.9,0.74,0.62,0.4,1,0,3,6,2,2,0,1,0,0,0.5006,0.0,0.3315,0.6952,0.0617,0.0512,0.0,0.0143,0.0,0.0,5,7,0,0,1,0,0,2,0,0,0.8809,0.5521,0.0,0.0,0.0129,0.0,0.0,0.2087,0.0,0.0,6,9,12.74,15.23
4219415,2024-03-09,fra,2023/2024,Ligue 1,25,Stéphanie Frappart,8521,Brest,8588,Lens,0,0,1,60,40,9,6,3,2,3,2,3,2,1,1,8,6,1,0,4,2,0,1,0,0,22,19,10,13,2,1,0,0,0,1,14,12,12,8,2,3,10,26,1,3,49,51,36.0,30.0,13.0,21.0,9.0,8.0,540,368,457.0,295.0,239,186,218,109,37.0,30.0,3.0,5.0,0.74,0.9,0.53,0.89,0.21,0.01,0.74,0.9,0.4,0.62,0,1,6,3,2,2,1,0,0,0,0.0,0.5006,0.6952,0.3315,0.0512,0.0617,0.0143,0.0,0.0,0.0,7,5,0,0,0,1,2,0,0,0,0.5521,0.8809,0.0,0.0,0.0,0.0129,0.2087,0.0,0.0,0.0,9,6,15.23,12.74
4219409,2024-03-10,fra,2023/2024,Ligue 1,25,Willy Delajod,9847,Paris Saint-Germain,9837,Reims,1,2,2,64,36,19,8,6,3,5,4,8,1,0,0,15,4,4,4,7,2,1,3,1,1,42,16,10,13,2,2,0,0,1,4,15,21,12,10,1,8,11,17,1,5,47,51,37.0,39.0,10.0,12.0,9.0,9.0,596,331,518.0,258.0,271,159,247,99,22.0,26.0,10.0,3.0,1.26,1.26,1.1,0.92,0.17,0.35,1.26,1.26,1.04,1.3,3,1,6,3,6,0,2,3,2,1,0.2467,0.3232,0.6115,0.7835,0.1871,0.0,0.1707,0.1369,0.05,0.0187,16,6,0,0,2,1,1,1,0,0,1.101,0.9171,0.0,0.0,0.1292,0.3232,0.0358,0.0219,0.0,0.0,19,8,15.48,16.37
4219409,2024-03-10,fra,2023/2024,Ligue 1,25,Willy Delajod,9837,Reims,9847,Paris Saint-Germain,0,2,2,36,64,8,19,3,6,4,5,1,8,0,0,4,15,4,4,2,7,3,1,1,1,16,42,13,10,2,2,0,0,4,1,21,15,10,12,8,1,17,11,5,1,51,47,39.0,37.0,12.0,10.0,9.0,9.0,331,596,258.0,518.0,159,271,99,247,26.0,22.0,3.0,10.0,1.26,1.26,0.92,1.1,0.35,0.17,1.26,1.26,1.3,1.04,1,3,3,6,0,6,3,2,1,2,0.3232,0.2467,0.7835,0.6115,0.0,0.1871,0.1369,0.1707,0.0187,0.05,6,16,0,0,1,2,1,1,0,0,0.9171,1.101,0.0,0.0,0.3232,0.1292,0.0219,0.0358,0.0,0.0,8,19,16.37,15.48
4219410,2024-03-10,fra,2023/2024,Ligue 1,25,Clément Turpin,9848,Strasbourg,9829,Monaco,1,0,1,34,66,8,17,1,6,6,4,1,7,0,0,6,15,2,2,5,8,0,1,0,1,14,36,9,15,1,3,0,0,4,2,17,10,11,6,6,1,28,32,5,1,51,43,36.0,20.0,15.0,23.0,4.0,2.0,267,553,193.0,464.0,117,219,76,245,14.0,24.0,4.0,7.0,0.38,1.31,0.23,1.21,0.15,0.1,0.38,1.31,0.09,0.87,0,0,5,12,1,3,1,1,1,1,0.0,0.0,0.2985,1.0988,0.0439,0.1181,0.0204,0.0577,0.0167,0.0357,5,12,0,0,3,4,0,1,0,0,0.2328,1.2054,0.0,0.0,0.1468,0.0692,0.0,0.0357,0.0,0.0,8,17,15.73,15.16
4219410,2024-03-10,fra,2023/2024,Ligue 1,25,Clément Turpin,9829,Monaco,9848,Strasbourg,0,1,0,66,34,17,8,6,1,4,6,7,1,0,0,15,6,2,2,8,5,1,0,1,0,36,14,15,9,3,1,0,0,2,4,10,17,6,11,1,6,32,28,1,5,43,51,20.0,36.0,23.0,15.0,2.0,4.0,553,267,464.0,193.0,219,117,245,76,24.0,14.0,7.0,4.0,1.31,0.38,1.21,0.23,0.1,0.15,1.31,0.38,0.87,0.09,0,0,12,5,3,1,1,1,1,1,0.0,0.0,1.0988,0.2985,0.1181,0.0439,0.0577,0.0204,0.0357,0.0167,12,5,0,0,4,3,1,0,0,0,1.2054,0.2328,0.0,0.0,0.0692,0.1468,0.0357,0.0,0.0,0.0,17,8,15.16,15.73
4219411,2024-03-10,fra,2023/2024,Ligue 1,25,François Letexier,8592,Marseille,9830,Nantes,1,2,0,54,46,12,10,4,3,4,1,4,6,0,0,7,8,5,2,2,8,4,0,2,0,21,28,11,16,2,3,0,0,0,2,14,15,11,9,6,3,27,20,3,2,41,40,33.0,32.0,8.0,8.0,4.0,7.0,462,381,396.0,325.0,225,185,171,140,29.0,24.0,1.0,5.0,1.46,1.07,1.37,0.61,0.08,0.47,1.46,1.07,2.43,0.29,1,1,4,6,2,1,5,2,0,0,0.4825,0.147,0.485,0.7988,0.2993,0.05,0.2116,0.079,0.0,0.0,8,5,2,0,0,2,2,3,0,0,1.0434,0.6088,0.351,0.0,0.0,0.1132,0.0839,0.3527,0.0,0.0,12,10,16.65,12.14
4219411,2024-03-10,fra,2023/2024,Ligue 1,25,François Letexier,9830,Nantes,8592,Marseille,0,0,2,46,54,10,12,3,4,1,4,6,4,0,0,8,7,2,5,8,2,0,4,0,2,28,21,16,11,3,2,0,0,2,0,15,14,9,11,3,6,20,27,2,3,40,41,32.0,33.0,8.0,8.0,7.0,4.0,381,462,325.0,396.0,185,225,140,171,24.0,29.0,5.0,1.0,1.07,1.46,0.61,1.37,0.47,0.08,1.07,1.46,0.29,2.43,1,1,6,4,1,2,2,5,0,0,0.147,0.4825,0.7988,0.485,0.05,0.2993,0.079,0.2116,0.0,0.0,5,8,0,2,2,0,3,2,0,0,0.6088,1.0434,0.0,0.351,0.1132,0.0,0.3527,0.0839,0.0,0.0,10,12,12.14,16.65
4219413,2024-03-10,fra,2023/2024,Ligue 1,25,Benoît Millot,8639,Lille,9851,Rennes,1,2,2,60,40,15,11,8,3,5,5,2,3,1,0,11,4,4,7,6,3,5,1,3,0,27,9,17,20,5,2,0,0,5,1,7,10,10,5,3,2,7,21,1,6,51,38,32.0,31.0,19.0,7.0,8.0,7.0,538,357,473.0,282.0,235,179,238,103,35.0,33.0,2.0,4.0,2.35,1.09,2.25,1.0,0.11,0.09,2.35,1.09,2.16,0.68,2,2,8,1,1,1,4,6,0,1,1.3667,0.7649,1.2735,0.023,0.0882,0.0598,0.1485,0.2557,0.0,0.0066,9,7,2,1,2,1,2,2,0,0,2.661,0.9821,0.1097,0.0342,0.0533,0.0113,0.053,0.0823,0.0,0.0,15,11,14.13,19.34
4219413,2024-03-10,fra,2023/2024,Ligue 1,25,Benoît Millot,9851,Rennes,8639,Lille,0,2,2,40,60,11,15,3,8,5,5,3,2,0,1,4,11,7,4,3,6,1,5,0,3,9,27,20,17,2,5,0,0,1,5,10,7,5,10,2,3,21,7,6,1,38,51,31.0,32.0,7.0,19.0,7.0,8.0,357,538,282.0,473.0,179,235,103,238,33.0,35.0,4.0,2.0,1.09,2.35,1.0,2.25,0.09,0.11,1.09,2.35,0.68,2.16,2,2,1,8,1,1,6,4,1,0,0.7649,1.3667,0.023,1.2735,0.0598,0.0882,0.2557,0.1485,0.0066,0.0,7,9,1,2,1,2,2,2,0,0,0.9821,2.661,0.0342,0.1097,0.0113,0.0533,0.0823,0.053,0.0,0.0,11,15,19.34,14.13
4219416,2024-03-10,fra,2023/2024,Ligue 1,25,Romain Lissorgue,9746,Le Havre,9941,Toulouse,1,1,0,50,50,12,5,4,0,4,3,4,2,1,0,7,4,5,1,3,3,1,0,1,0,15,16,12,17,2,1,0,0,1,3,15,8,7,3,2,4,20,10,0,3,54,41,34.0,22.0,20.0,19.0,6.0,5.0,414,402,331.0,326.0,175,176,156,150,28.0,27.0,5.0,4.0,1.01,0.27,0.86,0.2,0.15,0.08,1.01,0.27,1.0,0.05,2,0,3,3,2,1,1,1,4,0,0.2628,0.0,0.312,0.2203,0.2968,0.0263,0.0265,0.0275,0.112,0.0,9,2,0,0,1,1,2,2,0,0,0.8603,0.1982,0.0,0.0,0.1127,0.0138,0.037,0.0619,0.0,0.0,12,5,16.87,14.41
4219416,2024-03-10,fra,2023/2024,Ligue 1,25,Romain Lissorgue,9941,Toulouse,9746,Le Havre,0,0,1,50,50,5,12,0,4,3,4,2,4,0,1,4,7,1,5,3,3,0,1,0,1,16,15,17,12,1,2,0,0,3,1,8,15,3,7,4,2,10,20,3,0,41,54,22.0,34.0,19.0,20.0,5.0,6.0,402,414,326.0,331.0,176,175,150,156,27.0,28.0,4.0,5.0,0.27,1.01,0.2,0.86,0.08,0.15,0.27,1.01,0.05,1.0,0,2,3,3,1,2,1,1,0,4,0.0,0.2628,0.2203,0.312,0.0263,0.2968,0.0275,0.0265,0.0,0.112,2,9,0,0,1,1,2,2,0,0,0.1982,0.8603,0.0,0.0,0.0138,0.1127,0.0619,0.037,0.0,0.0,5,12,14.41,16.87
4219417,2024-03-10,fra,2023/2024,Ligue 1,25,Gaël Angoula,8550,Metz,8311,Clermont Foot,1,1,0,34,66,11,14,2,6,6,3,3,5,0,0,8,8,3,6,5,7,1,0,0,0,16,24,10,10,1,3,0,0,3,3,19,12,6,5,5,3,21,19,6,1,53,43,36.0,29.0,17.0,14.0,8.0,7.0,275,553,195.0,479.0,113,194,82,285,25.0,22.0,3.0,5.0,1.68,0.83,0.75,0.45,0.15,0.38,0.9,0.83,,,0,0,6,6,2,2,3,2,0,4,0.0,0.0,1.4782,0.6234,0.05,0.1,0.1559,0.0347,0.0,0.0736,5,9,1,0,2,4,2,1,1,0,0.3624,0.4502,0.3827,0.0,0.1054,0.3365,0.0452,0.045,0.7884,0.0,11,14,16.49,18.8
4219417,2024-03-10,fra,2023/2024,Ligue 1,25,Gaël Angoula,8311,Clermont Foot,8550,Metz,0,0,1,66,34,14,11,6,2,3,6,5,3,0,0,8,8,6,3,7,5,0,1,0,0,24,16,10,10,3,1,0,0,3,3,12,19,5,6,3,5,19,21,1,6,43,53,29.0,36.0,14.0,17.0,7.0,8.0,553,275,479.0,195.0,194,113,285,82,22.0,25.0,5.0,3.0,0.83,1.68,0.45,0.75,0.38,0.15,0.83,0.9,,,0,0,6,6,2,2,2,3,4,0,0.0,0.0,0.6234,1.4782,0.1,0.05,0.0347,0.1559,0.0736,0.0,9,5,0,1,4,2,1,2,0,1,0.4502,0.3624,0.0,0.3827,0.3365,0.1054,0.045,0.0452,0.0,0.7884,14,11,18.8,16.49
4219419,2024-03-15,fra,2023/2024,Ligue 1,26,Jeremy Stinat,9941,Toulouse,9748,Lyon,1,2,3,50,50,13,18,5,6,2,6,6,6,0,1,8,16,5,2,5,3,2,1,0,1,30,33,18,12,2,2,0,0,2,0,16,16,9,5,5,6,22,18,3,3,50,65,39.0,49.0,11.0,16.0,11.0,16.0,448,463,388.0,383.0,160,219,228,164,26.0,25.0,4.0,5.0,2.4,1.45,1.33,0.92,0.28,0.53,1.61,1.45,2.03,1.04,1,2,7,7,0,7,2,2,3,0,0.8792,0.2437,1.3766,0.7416,0.0,0.2875,0.0637,0.1319,0.106,0.0,9,11,0,1,2,3,1,3,1,0,1.375,0.7694,0.0,0.1039,0.2202,0.3807,0.042,0.1506,0.7884,0.0,13,18,15.92,15.12
4219419,2024-03-15,fra,2023/2024,Ligue 1,26,Jeremy Stinat,9748,Lyon,9941,Toulouse,0,3,2,50,50,18,13,6,5,6,2,6,6,1,0,16,8,2,5,3,5,1,2,1,0,33,30,12,18,2,2,0,0,0,2,16,16,5,9,6,5,18,22,3,3,65,50,49.0,39.0,16.0,11.0,16.0,11.0,463,448,383.0,388.0,219,160,164,228,25.0,26.0,5.0,4.0,1.45,2.4,0.92,1.33,0.53,0.28,1.45,1.61,1.04,2.03,2,1,7,7,7,0,2,2,0,3,0.2437,0.8792,0.7416,1.3766,0.2875,0.0,0.1319,0.0637,0.0,0.106,11,9,1,0,3,2,3,1,0,1,0.7694,1.375,0.1039,0.0,0.3807,0.2202,0.1506,0.042,0.0,0.7884,18,13,15.12,15.92
4219423,2024-03-16,fra,2023/2024,Ligue 1,26,Benoît Bastien,8588,Lens,9831,Nice,1,1,3,60,40,20,7,4,3,6,2,10,2,0,0,14,4,6,3,11,3,2,3,2,0,36,15,9,12,4,3,0,0,3,2,26,13,9,10,2,10,13,35,0,3,55,37,43.0,27.0,12.0,10.0,5.0,6.0,535,360,464.0,270.0,175,214,289,56,24.0,15.0,8.0,2.0,1.26,2.2,1.07,1.41,0.19,0.0,1.26,1.41,0.71,1.99,0,0,6,4,8,0,2,3,4,0,0.0,0.0,0.5978,2.1048,0.4683,0.0,0.0847,0.0752,0.1037,0.0,15,5,1,1,4,0,0,0,0,1,1.008,1.3715,0.0547,0.0201,0.1917,0.0,0.0,0.0,0.0,0.7884,20,7,17.7,19.48
4219423,2024-03-16,fra,2023/2024,Ligue 1,26,Benoît Bastien,9831,Nice,8588,Lens,0,3,1,40,60,7,20,3,4,2,6,2,10,0,0,4,14,3,6,3,11,3,2,0,2,15,36,12,9,3,4,0,0,2,3,13,26,10,9,10,2,35,13,3,0,37,55,27.0,43.0,10.0,12.0,6.0,5.0,360,535,270.0,464.0,214,175,56,289,15.0,24.0,2.0,8.0,2.2,1.26,1.41,1.07,0.0,0.19,1.41,1.26,1.99,0.71,0,0,4,6,0,8,3,2,0,4,0.0,0.0,2.1048,0.5978,0.0,0.4683,0.0752,0.0847,0.0,0.1037,5,15,1,1,0,4,0,0,1,0,1.3715,1.008,0.0201,0.0547,0.0,0.1917,0.0,0.0,0.7884,0.0,7,20,19.48,17.7
4219424,2024-03-16,fra,2023/2024,Ligue 1,26,Jérémie Pignard,9830,Nantes,9848,Strasbourg,1,1,3,64,36,11,11,2,6,6,4,3,1,0,0,10,6,1,5,4,5,1,3,1,0,29,16,16,15,2,3,0,0,1,0,9,19,11,7,1,2,13,43,3,1,48,56,28.0,45.0,20.0,11.0,5.0,11.0,465,272,402.0,199.0,204,120,198,79,23.0,16.0,6.0,3.0,1.12,1.95,0.73,1.8,0.39,0.14,1.12,1.95,1.09,2.94,2,1,5,3,3,2,1,3,0,2,0.3421,0.5223,0.5387,1.1478,0.1764,0.086,0.0624,0.1309,0.0,0.0596,8,8,0,1,0,2,3,0,0,0,0.7256,1.7086,0.0,0.0949,0.0,0.1431,0.394,0.0,0.0,0.0,11,11,11.62,17.82
4219424,2024-03-16,fra,2023/2024,Ligue 1,26,Jérémie Pignard,9848,Strasbourg,9830,Nantes,0,3,1,36,64,11,11,6,2,4,6,1,3,0,0,6,10,5,1,5,4,3,1,0,1,16,29,15,16,3,2,0,0,0,1,19,9,7,11,2,1,43,13,1,3,56,48,45.0,28.0,11.0,20.0,11.0,5.0,272,465,199.0,402.0,120,204,79,198,16.0,23.0,3.0,6.0,1.95,1.12,1.8,0.73,0.14,0.39,1.95,1.12,2.94,1.09,1,2,3,5,2,3,3,1,2,0,0.5223,0.3421,1.1478,0.5387,0.086,0.1764,0.1309,0.0624,0.0596,0.0,8,8,1,0,2,0,0,3,0,0,1.7086,0.7256,0.0949,0.0,0.1431,0.0,0.0,0.394,0.0,0.0,11,11,17.82,11.62
4219418,2024-03-17,fra,2023/2024,Ligue 1,26,Eric Wattellier,9851,Rennes,8592,Marseille,1,2,0,43,57,7,8,4,1,1,4,2,3,0,1,4,5,3,3,4,5,3,1,1,1,14,18,9,12,1,3,0,0,1,2,13,22,15,12,3,2,22,12,1,2,33,48,29.0,36.0,4.0,12.0,5.0,5.0,387,519,320.0,442.0,158,209,162,233,34.0,27.0,3.0,2.0,1.36,0.74,0.57,0.2,0.0,0.54,0.57,0.74,1.62,0.14,0,1,3,2,1,2,2,2,1,1,0.0,0.1001,1.2422,0.309,0.0248,0.0879,0.0699,0.2297,0.0262,0.0166,6,4,0,0,0,2,0,2,1,0,0.5747,0.2049,0.0,0.0,0.0,0.1167,0.0,0.4218,0.7884,0.0,7,8,18.91,16.9
4219418,2024-03-17,fra,2023/2024,Ligue 1,26,Eric Wattellier,8592,Marseille,9851,Rennes,0,0,2,57,43,8,7,1,4,4,1,3,2,1,0,5,4,3,3,5,4,1,3,1,1,18,14,12,9,3,1,0,0,2,1,22,13,12,15,2,3,12,22,2,1,48,33,36.0,29.0,12.0,4.0,5.0,5.0,519,387,442.0,320.0,209,158,233,162,27.0,34.0,2.0,3.0,0.74,1.36,0.2,0.57,0.54,0.0,0.74,0.57,0.14,1.62,1,0,2,3,2,1,2,2,1,1,0.1001,0.0,0.309,1.2422,0.0879,0.0248,0.2297,0.0699,0.0166,0.0262,4,6,0,0,2,0,2,0,0,1,0.2049,0.5747,0.0,0.0,0.1167,0.0,0.4218,0.0,0.0,0.7884,8,7,16.9,18.91
4219420,2024-03-17,fra,2023/2024,Ligue 1,26,Bastien Dechepy,9829,Monaco,8689,Lorient,1,2,2,52,48,22,11,8,6,10,3,4,2,1,1,17,9,5,2,10,8,5,1,4,1,47,37,21,8,1,1,1,1,3,1,26,15,10,5,2,4,21,31,6,7,50,56,40.0,38.0,10.0,18.0,6.0,2.0,448,416,386.0,331.0,116,176,270,155,29.0,21.0,9.0,7.0,2.65,0.79,1.39,0.7,1.26,0.09,2.65,0.79,1.5,0.71,2,0,13,5,3,4,4,2,0,0,0.8604,0.0,1.5123,0.508,0.1066,0.2428,0.1756,0.0394,0.0,0.0,13,9,1,0,6,2,2,0,0,0,1.3321,0.6983,0.0586,0.0,1.11,0.0918,0.1544,0.0,0.0,0.0,22,11,13.73,15.86
4219420,2024-03-17,fra,2023/2024,Ligue 1,26,Bastien Dechepy,8689,Lorient,9829,Monaco,0,2,2,48,52,11,22,6,8,3,10,2,4,1,1,9,17,2,5,8,10,1,5,1,4,37,47,8,21,1,1,1,1,1,3,15,26,5,10,4,2,31,21,7,6,56,50,38.0,40.0,18.0,10.0,2.0,6.0,416,448,331.0,386.0,176,116,155,270,21.0,29.0,7.0,9.0,0.79,2.65,0.7,1.39,0.09,1.26,0.79,2.65,0.71,1.5,0,2,5,13,4,3,2,4,0,0,0.0,0.8604,0.508,1.5123,0.2428,0.1066,0.0394,0.1756,0.0,0.0,9,13,0,1,2,6,0,2,0,0,0.6983,1.3321,0.0,0.0586,0.0918,1.11,0.0,0.1544,0.0,0.0,11,22,15.86,13.73
4219421,2024-03-17,fra,2023/2024,Ligue 1,26,Marc Bollengier,8311,Clermont Foot,9746,Le Havre,1,2,1,40,60,9,14,4,5,3,5,2,4,1,2,4,11,5,3,3,5,2,1,1,1,13,21,13,17,3,3,1,1,1,0,18,5,12,8,4,2,20,6,4,2,46,40,35.0,23.0,11.0,17.0,2.0,6.0,322,469,242.0,392.0,144,183,98,209,23.0,28.0,3.0,6.0,1.14,1.2,0.12,0.96,0.23,0.24,0.36,1.2,1.8,1.2,0,1,3,5,1,5,2,2,3,1,0.0,0.1473,0.9648,0.7698,0.0414,0.1762,0.0585,0.0612,0.0802,0.0461,3,10,1,0,3,2,1,2,1,0,0.1008,0.9587,0.0225,0.0,0.191,0.0499,0.0422,0.192,0.7884,0.0,9,14,19.42,15.86
4219421,2024-03-17,fra,2023/2024,Ligue 1,26,Marc Bollengier,9746,Le Havre,8311,Clermont Foot,0,1,2,60,40,14,9,5,4,5,3,4,2,2,1,11,4,3,5,5,3,1,2,1,1,21,13,17,13,3,3,1,1,0,1,5,18,8,12,2,4,6,20,2,4,40,46,23.0,35.0,17.0,11.0,6.0,2.0,469,322,392.0,242.0,183,144,209,98,28.0,23.0,6.0,3.0,1.2,1.14,0.96,0.12,0.24,0.23,1.2,0.36,1.2,1.8,1,0,5,3,5,1,2,2,1,3,0.1473,0.0,0.7698,0.9648,0.1762,0.0414,0.0612,0.0585,0.0461,0.0802,10,3,0,1,2,3,2,1,0,1,0.9587,0.1008,0.0,0.0225,0.0499,0.191,0.192,0.0422,0.0,0.7884,14,9,15.86,19.42
4219422,2024-03-17,fra,2023/2024,Ligue 1,26,Hakim Ben El Hadj Salem,9837,Reims,8550,Metz,1,2,1,66,34,17,12,7,4,6,5,4,3,0,0,14,7,3,5,7,7,2,2,0,1,31,19,17,10,4,4,0,0,1,1,13,18,7,7,3,4,19,23,3,5,49,43,29.0,35.0,20.0,8.0,7.0,3.0,454,224,398.0,172.0,175,97,223,75,28.0,26.0,7.0,8.0,2.17,0.86,1.83,0.67,0.34,0.19,2.17,0.86,2.47,1.32,2,2,9,4,3,1,1,2,2,3,0.3317,0.2918,1.3444,0.3383,0.3057,0.0292,0.1308,0.1074,0.0581,0.092,13,6,1,1,2,3,1,2,0,0,1.726,0.5835,0.108,0.0837,0.1167,0.0959,0.2199,0.0956,0.0,0.0,17,12,14.22,18.24
4219422,2024-03-17,fra,2023/2024,Ligue 1,26,Hakim Ben El Hadj Salem,8550,Metz,9837,Reims,0,1,2,34,66,12,17,4,7,5,6,3,4,0,0,7,14,5,3,7,7,2,2,1,0,19,31,10,17,4,4,0,0,1,1,18,13,7,7,4,3,23,19,5,3,43,49,35.0,29.0,8.0,20.0,3.0,7.0,224,454,172.0,398.0,97,175,75,223,26.0,28.0,8.0,7.0,0.86,2.17,0.67,1.83,0.19,0.34,0.86,2.17,1.32,2.47,2,2,4,9,1,3,2,1,3,2,0.2918,0.3317,0.3383,1.3444,0.0292,0.3057,0.1074,0.1308,0.092,0.0581,6,13,1,1,3,2,2,1,0,0,0.5835,1.726,0.0837,0.108,0.0959,0.1167,0.0956,0.2199,0.0,0.0,12,17,18.24,14.22
4219425,2024-03-17,fra,2023/2024,Ligue 1,26,Florent Batta,10249,Montpellier,9847,Paris Saint-Germain,1,2,6,32,68,12,16,6,9,4,3,2,4,0,1,7,8,5,8,7,4,4,5,2,3,21,23,10,13,0,3,0,0,1,1,11,11,7,8,4,3,12,15,3,4,36,47,31.0,36.0,5.0,11.0,7.0,16.0,306,666,248.0,614.0,152,296,96,318,18.0,18.0,4.0,0.0,2.48,1.56,1.7,1.4,0.0,0.17,1.7,1.56,2.69,2.86,1,0,4,6,2,2,3,5,2,3,0.6156,0.0,1.5342,1.0777,0.1031,0.344,0.1169,0.2243,0.2147,0.0795,7,11,4,2,0,1,0,2,1,0,1.0597,1.2928,0.7364,0.2665,0.0,0.0207,0.0,0.1455,0.7884,0.0,12,16,19.52,18.23
4219425,2024-03-17,fra,2023/2024,Ligue 1,26,Florent Batta,9847,Paris Saint-Germain,10249,Montpellier,0,6,2,68,32,16,12,9,6,3,4,4,2,1,0,8,7,8,5,4,7,5,4,3,2,23,21,13,10,3,0,0,0,1,1,11,11,8,7,3,4,15,12,4,3,47,36,36.0,31.0,11.0,5.0,16.0,7.0,666,306,614.0,248.0,296,152,318,96,18.0,18.0,0.0,4.0,1.56,2.48,1.4,1.7,0.17,0.0,1.56,1.7,2.86,2.69,0,1,6,4,2,2,5,3,3,2,0.0,0.6156,1.0777,1.5342,0.344,0.1031,0.2243,0.1169,0.0795,0.2147,11,7,2,4,1,0,2,0,0,1,1.2928,1.0597,0.2665,0.7364,0.0207,0.0,0.1455,0.0,0.0,0.7884,16,12,18.23,19.52
4219426,2024-03-17,fra,2023/2024,Ligue 1,26,Clément Turpin,8521,Brest,8639,Lille,1,1,1,51,49,16,13,4,8,6,4,6,1,1,0,9,5,7,8,3,3,2,1,1,1,19,19,9,12,3,0,0,0,2,0,21,12,8,9,1,6,17,20,7,3,58,44,37.0,30.0,21.0,14.0,6.0,9.0,466,454,398.0,377.0,242,195,156,182,41.0,24.0,1.0,1.0,1.03,0.82,0.93,0.78,0.09,0.05,1.03,0.82,1.31,1.77,1,0,9,2,0,3,4,5,2,3,0.1235,0.0,0.5689,0.3161,0.0,0.2614,0.1361,0.1761,0.0559,0.0673,14,10,0,1,0,1,2,1,0,0,0.8015,0.7357,0.0,0.0401,0.0,0.0124,0.0828,0.0328,0.0,0.0,16,13,17.3,22.98
4219426,2024-03-17,fra,2023/2024,Ligue 1,26,Clément Turpin,8639,Lille,8521,Brest,0,1,1,49,51,13,16,8,4,4,6,1,6,0,1,5,9,8,7,3,3,1,2,1,1,19,19,12,9,0,3,0,0,0,2,12,21,9,8,6,1,20,17,3,7,44,58,30.0,37.0,14.0,21.0,9.0,6.0,454,466,377.0,398.0,195,242,182,156,24.0,41.0,1.0,1.0,0.82,1.03,0.78,0.93,0.05,0.09,0.82,1.03,1.77,1.31,0,1,2,9,3,0,5,4,3,2,0.0,0.1235,0.3161,0.5689,0.2614,0.0,0.1761,0.1361,0.0673,0.0559,10,14,1,0,1,0,1,2,0,0,0.7357,0.8015,0.0401,0.0,0.0124,0.0,0.0328,0.0828,0.0,0.0,13,16,22.98,17.3
4219430,2024-03-29,fra,2023/2024,Ligue 1,27,Willy Delajod,8639,Lille,8588,Lens,1,2,1,49,51,15,9,6,3,2,3,7,3,0,0,9,8,6,1,5,5,2,1,1,0,19,20,13,17,3,3,0,0,2,4,21,23,9,10,3,7,22,11,2,4,57,64,47.0,42.0,10.0,22.0,11.0,7.0,435,435,356.0,353.0,238,193,118,160,20.0,22.0,2.0,6.0,1.59,0.61,1.48,0.47,0.11,0.14,1.59,0.61,0.91,0.42,0,1,6,5,3,2,4,1,2,0,0.0,0.0435,1.1897,0.3375,0.1535,0.1853,0.2496,0.0423,0.0534,0.0,9,6,4,0,1,2,1,1,0,0,1.2762,0.465,0.2608,0.0,0.0356,0.0665,0.0736,0.0773,0.0,0.0,15,9,17.64,14.04
4219430,2024-03-29,fra,2023/2024,Ligue 1,27,Willy Delajod,8588,Lens,8639,Lille,0,1,2,51,49,9,15,3,6,3,2,3,7,0,0,8,9,1,6,5,5,1,2,0,1,20,19,17,13,3,3,0,0,4,2,23,21,10,9,7,3,11,22,4,2,64,57,42.0,47.0,22.0,10.0,7.0,11.0,435,435,353.0,356.0,193,238,160,118,22.0,20.0,6.0,2.0,0.61,1.59,0.47,1.48,0.14,0.11,0.61,1.59,0.42,0.91,1,0,5,6,2,3,1,4,0,2,0.0435,0.0,0.3375,1.1897,0.1853,0.1535,0.0423,0.2496,0.0,0.0534,6,9,0,4,2,1,1,1,0,0,0.465,1.2762,0.0,0.2608,0.0665,0.0356,0.0773,0.0736,0.0,0.0,9,15,14.04,17.64
4219431,2024-03-30,fra,2023/2024,Ligue 1,27,Thomas Léonard,9748,Lyon,9837,Reims,1,1,1,64,36,16,17,3,5,7,7,6,5,0,1,12,11,4,6,7,8,3,1,2,0,43,22,7,10,2,3,0,0,4,1,14,27,8,11,5,6,12,22,4,2,50,52,36.0,41.0,14.0,11.0,12.0,8.0,592,323,511.0,238.0,220,133,291,105,36.0,11.0,5.0,3.0,1.92,1.45,1.12,0.68,0.8,0.77,1.92,1.45,0.87,1.28,2,2,6,6,4,3,2,3,2,3,0.9046,0.7965,0.4749,0.5619,0.1783,0.082,0.081,0.063,0.0406,0.0757,12,13,0,0,3,4,1,0,0,0,1.1284,0.6748,0.0,0.0,0.2035,0.9044,0.3475,0.0,0.0,0.0,16,17,15.32,16.98
4219431,2024-03-30,fra,2023/2024,Ligue 1,27,Thomas Léonard,9837,Reims,9748,Lyon,0,1,1,36,64,17,16,5,3,7,7,5,6,1,0,11,12,6,4,8,7,1,3,0,2,22,43,10,7,3,2,0,0,1,4,27,14,11,8,6,5,22,12,2,4,52,50,41.0,36.0,11.0,14.0,8.0,12.0,323,592,238.0,511.0,133,220,105,291,11.0,36.0,3.0,5.0,1.45,1.92,0.68,1.12,0.77,0.8,1.45,1.92,1.28,0.87,2,2,6,6,3,4,3,2,3,2,0.7965,0.9046,0.5619,0.4749,0.082,0.1783,0.063,0.081,0.0757,0.0406,13,12,0,0,4,3,0,1,0,0,0.6748,1.1284,0.0,0.0,0.9044,0.2035,0.0,0.3475,0.0,0.0,17,16,16.98,15.32
4219435,2024-03-30,fra,2023/2024,Ligue 1,27,Eric Wattellier,8550,Metz,9829,Monaco,1,2,5,36,64,13,17,7,7,3,7,3,3,0,0,10,14,3,3,5,5,3,6,1,2,21,39,8,8,0,0,0,0,1,0,14,24,12,10,3,3,18,9,2,5,51,47,41.0,36.0,10.0,11.0,20.0,4.0,410,750,325.0,658.0,204,315,121,343,29.0,36.0,2.0,4.0,2.17,2.42,2.06,1.72,0.11,0.7,2.17,2.42,3.27,3.21,1,2,4,9,5,3,2,2,1,1,0.6989,0.754,1.236,1.5109,0.1309,0.0937,0.0578,0.0481,0.0425,0.0129,9,14,2,0,2,3,0,0,0,0,1.5832,1.7221,0.4732,0.0,0.1098,0.6975,0.0,0.0,0.0,0.0,13,17,15.15,15.24
4219435,2024-03-30,fra,2023/2024,Ligue 1,27,Eric Wattellier,9829,Monaco,8550,Metz,0,5,2,64,36,17,13,7,7,7,3,3,3,0,0,14,10,3,3,5,5,6,3,2,1,39,21,8,8,0,0,0,0,0,1,24,14,10,12,3,3,9,18,5,2,47,51,36.0,41.0,11.0,10.0,4.0,20.0,750,410,658.0,325.0,315,204,343,121,36.0,29.0,4.0,2.0,2.42,2.17,1.72,2.06,0.7,0.11,2.42,2.17,3.21,3.27,2,1,9,4,3,5,2,2,1,1,0.754,0.6989,1.5109,1.236,0.0937,0.1309,0.0481,0.0578,0.0129,0.0425,14,9,0,2,3,2,0,0,0,0,1.7221,1.5832,0.0,0.4732,0.6975,0.1098,0.0,0.0,0.0,0.0,17,13,15.24,15.15
4219427,2024-03-31,fra,2023/2024,Ligue 1,27,Hakim Ben El Hadj Salem,9848,Strasbourg,9851,Rennes,1,2,0,40,60,14,12,7,0,3,7,4,5,0,0,12,8,2,4,4,5,3,1,1,1,29,32,10,17,1,2,0,0,1,1,23,21,7,3,5,4,22,17,0,5,51,48,49.0,36.0,2.0,12.0,9.0,6.0,325,482,266.0,419.0,210,175,56,244,17.0,27.0,2.0,7.0,2.64,1.09,2.54,0.55,0.1,0.55,2.64,1.09,2.99,0.1,1,0,8,6,3,2,2,2,0,2,0.5825,0.0,1.289,0.8546,0.7097,0.0529,0.0566,0.1289,0.0,0.0572,8,5,2,0,3,3,1,4,0,0,1.843,0.5455,0.6977,0.0,0.0685,0.2905,0.0285,0.2577,0.0,0.0,14,12,13.96,16.54
4219427,2024-03-31,fra,2023/2024,Ligue 1,27,Hakim Ben El Hadj Salem,9851,Rennes,9848,Strasbourg,0,0,2,60,40,12,14,0,7,7,3,5,4,0,0,8,12,4,2,5,4,1,3,1,1,32,29,17,10,2,1,0,0,1,1,21,23,3,7,4,5,17,22,5,0,48,51,36.0,49.0,12.0,2.0,6.0,9.0,482,325,419.0,266.0,175,210,244,56,27.0,17.0,7.0,2.0,1.09,2.64,0.55,2.54,0.55,0.1,1.09,2.64,0.1,2.99,0,1,6,8,2,3,2,2,2,0,0.0,0.5825,0.8546,1.289,0.0529,0.7097,0.1289,0.0566,0.0572,0.0,5,8,0,2,3,3,4,1,0,0,0.5455,1.843,0.0,0.6977,0.2905,0.0685,0.2577,0.0285,0.0,0.0,12,14,16.54,13.96
4219428,2024-03-31,fra,2023/2024,Ligue 1,27,Benoît Bastien,8592,Marseille,9847,Paris Saint-Germain,1,0,2,47,53,22,8,10,3,7,3,5,2,1,0,10,8,12,0,5,3,0,3,0,2,31,16,10,8,0,4,0,1,1,0,25,20,7,7,2,5,6,28,1,10,51,48,44.0,43.0,7.0,5.0,11.0,13.0,453,534,388.0,458.0,159,294,229,164,20.0,20.0,5.0,2.0,1.39,2.16,1.24,2.16,0.15,0.0,1.39,2.16,0.62,1.57,1,0,7,6,3,2,9,0,2,0,0.1887,0.0,0.6781,1.8485,0.1187,0.3159,0.3439,0.0,0.0615,0.0,16,7,1,1,4,0,1,0,0,0,1.1727,1.344,0.0714,0.8204,0.1249,0.0,0.0219,0.0,0.0,0.0,22,8,18.45,13.34
4219428,2024-03-31,fra,2023/2024,Ligue 1,27,Benoît Bastien,9847,Paris Saint-Germain,8592,Marseille,0,2,0,53,47,8,22,3,10,3,7,2,5,0,1,8,10,0,12,3,5,3,0,2,0,16,31,8,10,4,0,1,0,0,1,20,25,7,7,5,2,28,6,10,1,48,51,43.0,44.0,5.0,7.0,13.0,11.0,534,453,458.0,388.0,294,159,164,229,20.0,20.0,2.0,5.0,2.16,1.39,2.16,1.24,0.0,0.15,2.16,1.39,1.57,0.62,0,1,6,7,2,3,0,9,0,2,0.0,0.1887,1.8485,0.6781,0.3159,0.1187,0.0,0.3439,0.0,0.0615,7,16,1,1,0,4,0,1,0,0,1.344,1.1727,0.8204,0.0714,0.0,0.1249,0.0,0.0219,0.0,0.0,8,22,13.34,18.45
4219429,2024-03-31,fra,2023/2024,Ligue 1,27,Jérôme Brisard,8689,Lorient,8521,Brest,1,0,1,55,45,11,10,5,2,5,5,1,3,1,0,7,6,4,4,6,4,2,0,2,0,31,12,10,18,1,3,0,1,5,0,7,13,9,8,3,1,19,29,0,5,56,38,37.0,29.0,19.0,9.0,16.0,6.0,490,408,403.0,327.0,219,219,184,108,25.0,29.0,11.0,3.0,1.04,0.49,0.75,0.36,0.29,0.14,1.04,0.49,0.86,0.67,1,0,4,4,2,2,3,4,1,0,0.176,0.0,0.584,0.1786,0.0723,0.1779,0.1929,0.1351,0.015,0.0,9,6,0,0,1,3,1,1,0,0,0.7533,0.3553,0.0,0.0,0.0806,0.1195,0.2063,0.0167,0.0,0.0,11,10,15.58,17.15
4219429,2024-03-31,fra,2023/2024,Ligue 1,27,Jérôme Brisard,8521,Brest,8689,Lorient,0,1,0,45,55,10,11,2,5,5,5,3,1,0,1,6,7,4,4,4,6,0,2,0,2,12,31,18,10,3,1,1,0,0,5,13,7,8,9,1,3,29,19,5,0,38,56,29.0,37.0,9.0,19.0,6.0,16.0,408,490,327.0,403.0,219,219,108,184,29.0,25.0,3.0,11.0,0.49,1.04,0.36,0.75,0.14,0.29,0.49,1.04,0.67,0.86,0,1,4,4,2,2,4,3,0,1,0.0,0.176,0.1786,0.584,0.1779,0.0723,0.1351,0.1929,0.0,0.015,6,9,0,0,3,1,1,1,0,0,0.3553,0.7533,0.0,0.0,0.1195,0.0806,0.0167,0.2063,0.0,0.0,10,11,17.15,15.58
4219432,2024-03-31,fra,2023/2024,Ligue 1,27,Bastien Dechepy,9831,Nice,9830,Nantes,1,1,2,57,43,12,13,3,4,3,6,6,3,0,0,7,9,5,4,9,3,1,3,0,1,20,17,7,19,2,5,0,0,0,3,12,12,8,4,3,5,12,27,2,2,53,37,41.0,26.0,12.0,11.0,11.0,8.0,490,379,445.0,319.0,257,171,188,148,12.0,21.0,6.0,4.0,1.31,1.69,0.15,0.9,0.38,0.0,0.52,0.9,1.44,2.46,0,0,5,7,2,2,4,1,1,3,0.0,0.0,1.1543,1.2891,0.0579,0.2851,0.0729,0.0212,0.0275,0.0974,6,10,0,2,1,0,4,0,1,1,0.1472,0.5786,0.0,0.3259,0.1308,0.0,0.2461,0.0,0.7884,0.7884,12,13,17.79,18.37
4219432,2024-03-31,fra,2023/2024,Ligue 1,27,Bastien Dechepy,9830,Nantes,9831,Nice,0,2,1,43,57,13,12,4,3,6,3,3,6,0,0,9,7,4,5,3,9,3,1,1,0,17,20,19,7,5,2,0,0,3,0,12,12,4,8,5,3,27,12,2,2,37,53,26.0,41.0,11.0,12.0,8.0,11.0,379,490,319.0,445.0,171,257,148,188,21.0,12.0,4.0,6.0,1.69,1.31,0.9,0.15,0.0,0.38,0.9,0.52,2.46,1.44,0,0,7,5,2,2,1,4,3,1,0.0,0.0,1.2891,1.1543,0.2851,0.0579,0.0212,0.0729,0.0974,0.0275,10,6,2,0,0,1,0,4,1,1,0.5786,0.1472,0.3259,0.0,0.0,0.1308,0.0,0.2461,0.7884,0.7884,13,12,18.37,17.79
4219433,2024-03-31,fra,2023/2024,Ligue 1,27,Pierre Gaillouste,8311,Clermont Foot,9941,Toulouse,1,0,3,56,44,15,11,5,5,3,3,7,3,1,0,5,10,10,1,12,3,2,3,2,1,12,20,15,12,3,1,0,0,0,0,15,11,6,10,3,7,19,22,2,5,42,52,35.0,35.0,7.0,17.0,8.0,10.0,542,437,444.0,352.0,262,194,182,158,25.0,29.0,3.0,3.0,0.81,1.91,0.72,1.04,0.1,0.08,0.81,1.12,0.93,2.64,0,0,3,7,2,3,7,1,3,0,0.0,0.0,0.2873,1.7083,0.2891,0.1823,0.1856,0.0158,0.0577,0.0,9,5,0,4,4,1,2,0,0,1,0.7212,0.574,0.0,0.4689,0.0778,0.0752,0.0208,0.0,0.0,0.7884,15,11,20.9,14.66
4219433,2024-03-31,fra,2023/2024,Ligue 1,27,Pierre Gaillouste,9941,Toulouse,8311,Clermont Foot,0,3,0,44,56,11,15,5,5,3,3,3,7,0,1,10,5,1,10,3,12,3,2,1,2,20,12,12,15,1,3,0,0,0,0,11,15,10,6,7,3,22,19,5,2,52,42,35.0,35.0,17.0,7.0,10.0,8.0,437,542,352.0,444.0,194,262,158,182,29.0,25.0,3.0,3.0,1.91,0.81,1.04,0.72,0.08,0.1,1.12,0.81,2.64,0.93,0,0,7,3,3,2,1,7,0,3,0.0,0.0,1.7083,0.2873,0.1823,0.2891,0.0158,0.1856,0.0,0.0577,5,9,4,0,1,4,0,2,1,0,0.574,0.7212,0.4689,0.0,0.0752,0.0778,0.0,0.0208,0.7884,0.0,11,15,14.66,20.9
4219434,2024-03-31,fra,2023/2024,Ligue 1,27,Mathieu Vernice,9746,Le Havre,10249,Montpellier,1,0,2,53,47,14,14,3,5,6,5,5,4,1,0,9,10,5,4,6,6,0,2,0,0,39,20,10,12,2,2,0,0,1,2,20,24,15,7,4,5,16,23,3,3,58,62,41.0,44.0,17.0,18.0,10.0,11.0,420,378,335.0,285.0,158,171,177,114,22.0,28.0,3.0,7.0,0.76,1.62,0.61,0.82,0.15,0.8,0.76,1.62,0.52,1.72,0,2,4,5,5,3,2,3,3,1,0.0,0.7092,0.4549,0.6678,0.1297,0.0984,0.1079,0.1242,0.0702,0.0213,9,7,2,3,2,3,1,1,0,0,0.4111,0.3002,0.1989,0.5242,0.031,0.776,0.1219,0.0206,0.0,0.0,14,14,18.68,16.39
4219434,2024-03-31,fra,2023/2024,Ligue 1,27,Mathieu Vernice,10249,Montpellier,9746,Le Havre,0,2,0,47,53,14,14,5,3,5,6,4,5,0,1,10,9,4,5,6,6,2,0,0,0,20,39,12,10,2,2,0,0,2,1,24,20,7,15,5,4,23,16,3,3,62,58,44.0,41.0,18.0,17.0,11.0,10.0,378,420,285.0,335.0,171,158,114,177,28.0,22.0,7.0,3.0,1.62,0.76,0.82,0.61,0.8,0.15,1.62,0.76,1.72,0.52,2,0,5,4,3,5,3,2,1,3,0.7092,0.0,0.6678,0.4549,0.0984,0.1297,0.1242,0.1079,0.0213,0.0702,7,9,3,2,3,2,1,1,0,0,0.3002,0.4111,0.5242,0.1989,0.776,0.031,0.0206,0.1219,0.0,0.0,14,14,16.39,18.68
4219439,2024-04-05,fra,2023/2024,Ligue 1,28,Bastien Dechepy,8639,Lille,8592,Marseille,1,3,1,54,46,14,14,6,5,6,7,2,2,1,0,10,7,4,7,4,2,3,1,1,1,19,18,13,18,1,6,0,0,1,3,8,17,3,12,2,2,17,9,4,3,41,45,31.0,36.0,10.0,9.0,5.0,8.0,424,366,357.0,291.0,211,155,146,136,25.0,21.0,4.0,4.0,1.77,1.17,0.73,0.95,0.25,0.22,0.98,1.17,2.55,0.64,0,0,8,6,2,1,3,3,1,4,0.0,0.0,1.4552,0.9251,0.2544,0.0322,0.0435,0.1233,0.0192,0.0902,7,9,1,1,2,1,3,3,1,0,0.5694,0.3383,0.1651,0.6158,0.1658,0.0576,0.0835,0.1591,0.7884,0.0,14,14,17.42,20.9
4219439,2024-04-05,fra,2023/2024,Ligue 1,28,Bastien Dechepy,8592,Marseille,8639,Lille,0,1,3,46,54,14,14,5,6,7,6,2,2,0,1,7,10,7,4,2,4,1,3,1,1,18,19,18,13,6,1,0,0,3,1,17,8,12,3,2,2,9,17,3,4,45,41,36.0,31.0,9.0,10.0,8.0,5.0,366,424,291.0,357.0,155,211,136,146,21.0,25.0,4.0,4.0,1.17,1.77,0.95,0.73,0.22,0.25,1.17,0.98,0.64,2.55,0,0,6,8,1,2,3,3,4,1,0.0,0.0,0.9251,1.4552,0.0322,0.2544,0.1233,0.0435,0.0902,0.0192,9,7,1,1,1,2,3,3,0,1,0.3383,0.5694,0.6158,0.1651,0.0576,0.1658,0.1591,0.0835,0.0,0.7884,14,14,20.9,17.42
4219436,2024-04-06,fra,2023/2024,Ligue 1,28,Gaël Angoula,9847,Paris Saint-Germain,8311,Clermont Foot,1,1,1,73,27,23,6,7,3,5,2,11,1,2,0,17,4,6,2,17,2,4,0,3,0,53,7,11,7,1,0,0,0,2,1,18,14,5,13,1,10,8,43,2,6,40,38,33.0,27.0,7.0,11.0,9.0,3.0,744,288,666.0,212.0,176,147,490,65,27.0,22.0,11.0,3.0,2.74,0.27,1.67,0.13,1.07,0.14,2.74,0.27,1.94,0.52,4,0,9,2,4,2,3,1,3,1,0.9925,0.0,1.3802,0.1846,0.2532,0.0271,0.147,0.0265,0.0656,0.0367,13,2,1,0,8,3,1,1,0,0,1.4565,0.1472,0.1392,0.0,1.103,0.0909,0.1396,0.0367,0.0,0.0,23,6,14.17,16.85
4219436,2024-04-06,fra,2023/2024,Ligue 1,28,Gaël Angoula,8311,Clermont Foot,9847,Paris Saint-Germain,0,1,1,27,73,6,23,3,7,2,5,1,11,0,2,4,17,2,6,2,17,0,4,0,3,7,53,7,11,0,1,0,0,1,2,14,18,13,5,10,1,43,8,6,2,38,40,27.0,33.0,11.0,7.0,3.0,9.0,288,744,212.0,666.0,147,176,65,490,22.0,27.0,3.0,11.0,0.27,2.74,0.13,1.67,0.14,1.07,0.27,2.74,0.52,1.94,0,4,2,9,2,4,1,3,1,3,0.0,0.9925,0.1846,1.3802,0.0271,0.2532,0.0265,0.147,0.0367,0.0656,2,13,0,1,3,8,1,1,0,0,0.1472,1.4565,0.0,0.1392,0.0909,1.103,0.0367,0.1396,0.0,0.0,6,23,16.85,14.17
4219441,2024-04-06,fra,2023/2024,Ligue 1,28,François Letexier,8588,Lens,9746,Le Havre,1,1,1,58,42,18,11,8,3,5,5,5,3,1,0,11,9,7,2,7,4,1,2,1,1,26,22,13,10,2,5,0,0,4,2,16,17,9,19,3,5,19,36,2,7,66,57,33.0,39.0,33.0,18.0,8.0,9.0,507,386,409.0,278.0,182,144,227,134,10.0,11.0,8.0,5.0,0.98,1.93,0.56,0.73,0.42,0.41,0.98,1.14,1.4,1.52,1,1,7,7,3,1,5,1,2,1,0.2058,0.0853,0.4365,1.6985,0.166,0.0854,0.1249,0.038,0.0456,0.0253,13,6,1,0,4,0,0,4,0,1,0.4971,0.7293,0.064,0.0,0.4177,0.0,0.0,0.4148,0.0,0.7884,18,11,17.72,13.76
4219441,2024-04-06,fra,2023/2024,Ligue 1,28,François Letexier,9746,Le Havre,8588,Lens,0,1,1,42,58,11,18,3,8,5,5,3,5,0,1,9,11,2,7,4,7,2,1,1,1,22,26,10,13,5,2,0,0,2,4,17,16,19,9,5,3,36,19,7,2,57,66,39.0,33.0,18.0,33.0,9.0,8.0,386,507,278.0,409.0,144,182,134,227,11.0,10.0,5.0,8.0,1.93,0.98,0.73,0.56,0.41,0.42,1.14,0.98,1.52,1.4,1,1,7,7,1,3,1,5,1,2,0.0853,0.2058,1.6985,0.4365,0.0854,0.166,0.038,0.1249,0.0253,0.0456,6,13,0,1,0,4,4,0,1,0,0.7293,0.4971,0.0,0.064,0.0,0.4177,0.4148,0.0,0.7884,0.0,11,18,13.76,17.72
4219437,2024-04-07,fra,2023/2024,Ligue 1,28,Ruddy Buquet,9941,Toulouse,9848,Strasbourg,1,0,0,48,52,11,8,2,1,7,4,2,3,0,0,7,3,4,5,4,3,1,0,1,0,25,7,16,17,2,0,0,0,2,1,19,13,8,10,3,2,14,12,1,2,53,46,39.0,41.0,14.0,5.0,4.0,12.0,496,532,421.0,456.0,245,311,176,145,18.0,19.0,6.0,1.0,0.99,0.47,0.43,0.4,0.55,0.07,0.99,0.47,0.14,0.11,0,0,6,3,1,0,2,5,2,0,0.0,0.0,0.8036,0.3267,0.0202,0.0,0.1087,0.1395,0.0553,0.0,7,6,0,0,2,0,2,2,0,0,0.4349,0.4007,0.0,0.0,0.1193,0.0,0.4336,0.0655,0.0,0.0,11,8,16.22,21.57
4219437,2024-04-07,fra,2023/2024,Ligue 1,28,Ruddy Buquet,9848,Strasbourg,9941,Toulouse,0,0,0,52,48,8,11,1,2,4,7,3,2,0,0,3,7,5,4,3,4,0,1,0,1,7,25,17,16,0,2,0,0,1,2,13,19,10,8,2,3,12,14,2,1,46,53,41.0,39.0,5.0,14.0,12.0,4.0,532,496,456.0,421.0,311,245,145,176,19.0,18.0,1.0,6.0,0.47,0.99,0.4,0.43,0.07,0.55,0.47,0.99,0.11,0.14,0,0,3,6,0,1,5,2,0,2,0.0,0.0,0.3267,0.8036,0.0,0.0202,0.1395,0.1087,0.0,0.0553,6,7,0,0,0,2,2,2,0,0,0.4007,0.4349,0.0,0.0,0.0,0.1193,0.0655,0.4336,0.0,0.0,8,11,21.57,16.22
4219438,2024-04-07,fra,2023/2024,Ligue 1,28,Stéphanie Frappart,9829,Monaco,9851,Rennes,1,1,0,52,48,16,12,5,7,6,3,5,2,0,1,10,5,6,7,6,3,2,2,2,2,30,23,16,17,1,1,1,1,0,1,13,8,9,10,2,5,19,19,7,4,50,42,36.0,32.0,14.0,10.0,7.0,8.0,436,410,352.0,333.0,158,166,194,167,25.0,28.0,4.0,2.0,2.05,1.35,1.52,1.29,0.53,0.05,2.05,1.35,1.07,2.27,1,2,8,2,1,1,4,3,2,4,0.3052,0.5711,1.4975,0.2713,0.0666,0.077,0.1013,0.1302,0.1007,0.3052,10,10,1,1,4,0,1,1,0,0,1.2179,1.1168,0.307,0.185,0.4932,0.0,0.0532,0.053,0.0,0.0,16,12,17.1,18.5
4219438,2024-04-07,fra,2023/2024,Ligue 1,28,Stéphanie Frappart,9851,Rennes,9829,Monaco,0,0,1,48,52,12,16,7,5,3,6,2,5,1,0,5,10,7,6,3,6,2,2,2,2,23,30,17,16,1,1,1,1,1,0,8,13,10,9,5,2,19,19,4,7,42,50,32.0,36.0,10.0,14.0,8.0,7.0,410,436,333.0,352.0,166,158,167,194,28.0,25.0,2.0,4.0,1.35,2.05,1.29,1.52,0.05,0.53,1.35,2.05,2.27,1.07,2,1,2,8,1,1,3,4,4,2,0.5711,0.3052,0.2713,1.4975,0.077,0.0666,0.1302,0.1013,0.3052,0.1007,10,10,1,1,0,4,1,1,0,0,1.1168,1.2179,0.185,0.307,0.0,0.4932,0.053,0.0532,0.0,0.0,12,16,18.5,17.1
4219440,2024-04-07,fra,2023/2024,Ligue 1,28,Eric Wattellier,9837,Reims,9831,Nice,1,0,0,53,47,10,18,3,3,4,7,3,8,0,0,4,11,6,7,2,5,1,2,1,2,21,30,15,15,2,1,0,0,0,1,24,26,10,11,8,3,9,8,3,3,52,57,41.0,46.0,11.0,11.0,5.0,5.0,488,429,405.0,364.0,204,224,201,140,38.0,18.0,2.0,5.0,0.47,2.07,0.45,1.85,0.02,0.22,0.47,2.07,0.28,0.2,0,3,1,8,3,0,4,5,2,2,0.0,0.7934,0.0424,1.025,0.2018,0.0,0.158,0.1699,0.0659,0.0793,8,13,1,0,1,4,0,1,0,0,0.4254,1.8514,0.0255,0.0,0.0172,0.1713,0.0,0.0449,0.0,0.0,10,18,19.93,15.65
4219440,2024-04-07,fra,2023/2024,Ligue 1,28,Eric Wattellier,9831,Nice,9837,Reims,0,0,0,47,53,18,10,3,3,7,4,8,3,0,0,11,4,7,6,5,2,2,1,2,1,30,21,15,15,1,2,0,0,1,0,26,24,11,10,3,8,8,9,3,3,57,52,46.0,41.0,11.0,11.0,5.0,5.0,429,488,364.0,405.0,224,204,140,201,18.0,38.0,5.0,2.0,2.07,0.47,1.85,0.45,0.22,0.02,2.07,0.47,0.2,0.28,3,0,8,1,0,3,5,4,2,2,0.7934,0.0,1.025,0.0424,0.0,0.2018,0.1699,0.158,0.0793,0.0659,13,8,0,1,4,1,1,0,0,0,1.8514,0.4254,0.0,0.0255,0.1713,0.0172,0.0449,0.0,0.0,0.0,18,10,15.65,19.93
4219442,2024-04-07,fra,2023/2024,Ligue 1,28,Jérôme Brisard,9830,Nantes,9748,Lyon,1,1,3,41,59,14,19,6,10,5,4,3,5,1,0,10,13,4,6,5,5,2,5,2,3,20,44,8,14,2,2,0,0,0,1,16,10,11,14,5,3,25,14,7,5,49,53,35.0,36.0,14.0,17.0,6.0,18.0,391,557,311.0,480.0,147,216,164,264,23.0,32.0,5.0,7.0,1.25,2.57,1.04,2.54,0.2,0.03,1.25,2.57,1.31,3.64,0,2,7,7,3,4,1,4,3,2,0.0,0.623,0.9518,1.4579,0.2004,0.2279,0.0402,0.2547,0.0768,0.0484,7,15,3,3,3,1,1,0,0,0,0.7892,2.0421,0.1944,0.5299,0.2689,0.0399,0.0168,0.0,0.0,0.0,14,19,15.8,15.97
4219442,2024-04-07,fra,2023/2024,Ligue 1,28,Jérôme Brisard,9748,Lyon,9830,Nantes,0,3,1,59,41,19,14,10,6,4,5,5,3,0,1,13,10,6,4,5,5,5,2,3,2,44,20,14,8,2,2,0,0,1,0,10,16,14,11,3,5,14,25,5,7,53,49,36.0,35.0,17.0,14.0,18.0,6.0,557,391,480.0,311.0,216,147,264,164,32.0,23.0,7.0,5.0,2.57,1.25,2.54,1.04,0.03,0.2,2.57,1.25,3.64,1.31,2,0,7,7,4,3,4,1,2,3,0.623,0.0,1.4579,0.9518,0.2279,0.2004,0.2547,0.0402,0.0484,0.0768,15,7,3,3,1,3,0,1,0,0,2.0421,0.7892,0.5299,0.1944,0.0399,0.2689,0.0,0.0168,0.0,0.0,19,14,15.97,15.8
4219443,2024-04-07,fra,2023/2024,Ligue 1,28,Romain Lissorgue,10249,Montpellier,8689,Lorient,1,2,0,45,55,12,19,5,5,6,6,1,8,1,1,9,11,3,8,5,7,4,3,2,3,22,33,11,18,3,6,0,0,0,3,20,6,4,6,9,1,23,15,4,3,57,41,46.0,29.0,11.0,12.0,8.0,12.0,379,469,317.0,408.0,149,177,168,231,25.0,23.0,3.0,7.0,2.35,1.46,1.13,0.92,0.43,0.54,1.56,1.46,2.23,1.05,1,1,5,10,3,0,2,5,1,3,0.2044,0.0767,1.8648,1.1011,0.1934,0.0,0.0691,0.2057,0.0198,0.0757,8,11,1,0,1,7,1,1,1,0,0.4675,0.9223,0.6613,0.0,0.2044,0.4613,0.23,0.0757,0.7884,0.0,12,19,15.01,15.6
4219443,2024-04-07,fra,2023/2024,Ligue 1,28,Romain Lissorgue,8689,Lorient,10249,Montpellier,0,0,2,55,45,19,12,5,5,6,6,8,1,1,1,11,9,8,3,7,5,3,4,3,2,33,22,18,11,6,3,0,0,3,0,6,20,6,4,1,9,15,23,3,4,41,57,29.0,46.0,12.0,11.0,12.0,8.0,469,379,408.0,317.0,177,149,231,168,23.0,25.0,7.0,3.0,1.46,2.35,0.92,1.13,0.54,0.43,1.46,1.56,1.05,2.23,1,1,10,5,0,3,5,2,3,1,0.0767,0.2044,1.1011,1.8648,0.0,0.1934,0.2057,0.0691,0.0757,0.0198,11,8,0,1,7,1,1,1,0,1,0.9223,0.4675,0.0,0.6613,0.4613,0.2044,0.0757,0.23,0.0,0.7884,19,12,15.6,15.01
4219444,2024-04-07,fra,2023/2024,Ligue 1,28,Benoît Millot,8521,Brest,8550,Metz,1,4,3,66,34,25,8,11,6,7,1,7,1,0,0,16,7,9,1,8,5,7,6,3,3,29,15,11,17,0,1,0,0,0,0,21,8,9,4,2,6,12,28,2,7,65,48,44.0,37.0,21.0,11.0,8.0,19.0,634,313,546.0,234.0,283,132,263,102,35.0,18.0,9.0,4.0,3.75,2.25,2.88,2.03,0.87,0.22,3.75,2.25,4.56,1.93,6,0,6,6,4,1,7,1,2,0,2.4455,0.0,0.912,2.2909,0.2046,0.2769,0.159,0.0127,0.0314,0.0,19,3,1,3,3,2,2,0,0,0,2.7402,1.347,0.1381,1.0153,0.8245,0.2183,0.0496,0.0,0.0,0.0,25,8,16.23,13.06
4219444,2024-04-07,fra,2023/2024,Ligue 1,28,Benoît Millot,8550,Metz,8521,Brest,0,3,4,34,66,8,25,6,11,1,7,1,7,0,0,7,16,1,9,5,8,6,7,3,3,15,29,17,11,1,0,0,0,0,0,8,21,4,9,6,2,28,12,7,2,48,65,37.0,44.0,11.0,21.0,19.0,8.0,313,634,234.0,546.0,132,283,102,263,18.0,35.0,4.0,9.0,2.25,3.75,2.03,2.88,0.22,0.87,2.25,3.75,1.93,4.56,0,6,6,6,1,4,1,7,0,2,0.0,2.4455,2.2909,0.912,0.2769,0.2046,0.0127,0.159,0.0,0.0314,3,19,3,1,2,3,0,2,0,0,1.347,2.7402,1.0153,0.1381,0.2183,0.8245,0.0,0.0496,0.0,0.0,8,25,13.06,16.23
4219503,2024-04-12,fra,2023/2024,Ligue 1,29,Romain Lissorgue,8550,Metz,8588,Lens,1,2,1,30,70,11,17,5,2,3,11,3,4,0,0,8,8,3,9,5,2,1,3,0,2,13,25,11,17,2,5,0,0,0,2,10,11,5,7,4,3,34,11,1,3,55,41,34.0,25.0,21.0,16.0,9.0,3.0,276,648,184.0,570.0,105,234,79,336,24.0,22.0,8.0,9.0,0.82,1.54,0.7,0.62,0.13,0.13,0.82,0.75,1.01,1.5,0,0,7,5,1,3,2,7,1,2,0.0,0.0,0.6736,1.1112,0.033,0.1609,0.0993,0.2396,0.0189,0.0255,7,13,1,1,3,0,0,2,0,1,0.632,0.5505,0.0652,0.069,0.1277,0.0,0.0,0.1292,0.0,0.7884,11,17,16.23,20.39
4219503,2024-04-12,fra,2023/2024,Ligue 1,29,Romain Lissorgue,8588,Lens,8550,Metz,0,1,2,70,30,17,11,2,5,11,3,4,3,0,0,8,8,9,3,2,5,3,1,2,0,25,13,17,11,5,2,0,0,2,0,11,10,7,5,3,4,11,34,3,1,41,55,25.0,34.0,16.0,21.0,3.0,9.0,648,276,570.0,184.0,234,105,336,79,22.0,24.0,9.0,8.0,1.54,0.82,0.62,0.7,0.13,0.13,0.75,0.82,1.5,1.01,0,0,5,7,3,1,7,2,2,1,0.0,0.0,1.1112,0.6736,0.1609,0.033,0.2396,0.0993,0.0255,0.0189,13,7,1,1,0,3,2,0,1,0,0.5505,0.632,0.069,0.0652,0.0,0.1277,0.1292,0.0,0.7884,0.0,17,11,20.39,16.23
4219495,2024-04-13,fra,2023/2024,Ligue 1,29,Willy Delajod,9848,Strasbourg,9837,Reims,1,3,1,48,52,13,8,6,2,3,3,4,3,0,0,10,6,3,2,5,4,2,1,0,0,22,10,9,18,1,1,0,1,1,3,19,15,7,6,3,4,14,19,1,4,63,35,53.0,27.0,10.0,8.0,18.0,3.0,448,492,394.0,442.0,167,234,227,208,16.0,20.0,4.0,4.0,2.22,0.53,0.71,0.27,0.72,0.26,1.43,0.53,2.25,0.78,2,1,4,2,4,3,2,2,1,0,0.6318,0.0473,1.2342,0.2784,0.2578,0.1001,0.0624,0.1045,0.0318,0.0,7,5,1,0,0,2,4,1,1,0,0.6709,0.2721,0.0354,0.0,0.0,0.0811,0.7233,0.177,0.7884,0.0,13,8,15.61,17.11
4219495,2024-04-13,fra,2023/2024,Ligue 1,29,Willy Delajod,9837,Reims,9848,Strasbourg,0,1,3,52,48,8,13,2,6,3,3,3,4,0,0,6,10,2,3,4,5,1,2,0,0,10,22,18,9,1,1,1,0,3,1,15,19,6,7,4,3,19,14,4,1,35,63,27.0,53.0,8.0,10.0,3.0,18.0,492,448,442.0,394.0,234,167,208,227,20.0,16.0,4.0,4.0,0.53,2.22,0.27,0.71,0.26,0.72,0.53,1.43,0.78,2.25,1,2,2,4,3,4,2,2,0,1,0.0473,0.6318,0.2784,1.2342,0.1001,0.2578,0.1045,0.0624,0.0,0.0318,5,7,0,1,2,0,1,4,0,1,0.2721,0.6709,0.0,0.0354,0.0811,0.0,0.177,0.7233,0.0,0.7884,8,13,17.11,15.61
4219496,2024-04-13,fra,2023/2024,Ligue 1,29,Florent Batta,9851,Rennes,9941,Toulouse,1,1,2,55,45,19,10,4,3,8,5,7,2,0,0,14,8,5,2,8,4,0,1,0,1,31,18,20,18,3,3,0,0,0,2,9,20,4,8,2,7,15,20,1,3,63,57,47.0,47.0,16.0,10.0,20.0,9.0,483,395,409.0,307.0,171,180,238,127,26.0,21.0,3.0,3.0,0.96,0.54,0.77,0.44,0.19,0.1,0.96,0.54,,,1,1,6,4,7,3,1,2,4,0,0.0583,0.0234,0.3828,0.3695,0.3584,0.0915,0.0491,0.0528,0.1076,0.0,15,6,1,1,2,3,1,0,0,0,0.7086,0.3881,0.0588,0.049,0.0997,0.1001,0.0893,0.0,0.0,0.0,19,10,17.36,15.04
4219496,2024-04-13,fra,2023/2024,Ligue 1,29,Florent Batta,9941,Toulouse,9851,Rennes,0,2,1,45,55,10,19,3,4,5,8,2,7,0,0,8,14,2,5,4,8,1,0,1,0,18,31,18,20,3,3,0,0,2,0,20,9,8,4,7,2,20,15,3,1,57,63,47.0,47.0,10.0,16.0,9.0,20.0,395,483,307.0,409.0,180,171,127,238,21.0,26.0,3.0,3.0,0.54,0.96,0.44,0.77,0.1,0.19,0.54,0.96,,,1,1,4,6,3,7,2,1,0,4,0.0234,0.0583,0.3695,0.3828,0.0915,0.3584,0.0528,0.0491,0.0,0.1076,6,15,1,1,3,2,0,1,0,0,0.3881,0.7086,0.049,0.0588,0.1001,0.0997,0.0,0.0893,0.0,0.0,10,19,15.04,17.36
4219500,2024-04-14,fra,2023/2024,Ligue 1,29,Mathieu Vernice,9748,Lyon,8521,Brest,1,4,3,52,48,16,22,8,7,5,5,3,10,0,2,11,10,5,12,10,7,2,2,1,0,31,29,12,7,3,3,1,1,3,0,13,24,8,12,9,3,14,24,4,4,53,62,37.0,51.0,16.0,11.0,17.0,16.0,380,360,321.0,313.0,176,153,145,160,30.0,32.0,7.0,5.0,2.22,1.72,1.12,0.99,0.31,0.73,1.43,1.72,2.83,1.25,3,0,4,6,5,4,2,10,2,2,1.0365,0.0,1.0207,0.8692,0.1216,0.2783,0.0646,0.3747,0.0528,0.0419,10,17,0,1,4,2,1,2,1,0,1.1261,0.7401,0.0,0.2355,0.3385,0.1201,0.043,0.4683,0.7884,0.0,16,22,15.55,20.17
4219500,2024-04-14,fra,2023/2024,Ligue 1,29,Mathieu Vernice,8521,Brest,9748,Lyon,0,3,4,48,52,22,16,7,8,5,5,10,3,2,0,10,11,12,5,7,10,2,2,0,1,29,31,7,12,3,3,1,1,0,3,24,13,12,8,3,9,24,14,4,4,62,53,51.0,37.0,11.0,16.0,16.0,17.0,360,380,313.0,321.0,153,176,160,145,32.0,30.0,5.0,7.0,1.72,2.22,0.99,1.12,0.73,0.31,1.72,1.43,1.25,2.83,0,3,6,4,4,5,10,2,2,2,0.0,1.0365,0.8692,1.0207,0.2783,0.1216,0.3747,0.0646,0.0419,0.0528,17,10,1,0,2,4,2,1,0,1,0.7401,1.1261,0.2355,0.0,0.1201,0.3385,0.4683,0.043,0.0,0.7884,22,16,20.17,15.55
4219501,2024-04-14,fra,2023/2024,Ligue 1,29,Thomas Léonard,8311,Clermont Foot,10249,Montpellier,1,1,1,51,49,10,14,2,6,4,5,4,3,0,0,8,11,2,3,3,4,1,2,0,1,22,26,12,14,1,1,0,0,2,2,20,18,13,2,3,3,23,19,5,1,48,47,38.0,38.0,10.0,9.0,5.0,8.0,466,444,400.0,374.0,216,221,184,153,20.0,37.0,5.0,8.0,1.49,1.42,0.46,1.08,0.25,0.34,0.71,1.42,1.02,1.69,1,2,5,7,2,2,2,2,0,1,0.1154,0.7376,1.2596,0.4598,0.0523,0.0648,0.0672,0.119,0.0,0.0426,4,8,1,1,2,2,2,3,1,0,0.2655,1.0211,0.19,0.0594,0.1345,0.1392,0.1161,0.2043,0.7884,0.0,10,14,14.24,13.22
4219501,2024-04-14,fra,2023/2024,Ligue 1,29,Thomas Léonard,10249,Montpellier,8311,Clermont Foot,0,1,1,49,51,14,10,6,2,5,4,3,4,0,0,11,8,3,2,4,3,2,1,1,0,26,22,14,12,1,1,0,0,2,2,18,20,2,13,3,3,19,23,1,5,47,48,38.0,38.0,9.0,10.0,8.0,5.0,444,466,374.0,400.0,221,216,153,184,37.0,20.0,8.0,5.0,1.42,1.49,1.08,0.46,0.34,0.25,1.42,0.71,1.69,1.02,2,1,7,5,2,2,2,2,1,0,0.7376,0.1154,0.4598,1.2596,0.0648,0.0523,0.119,0.0672,0.0426,0.0,8,4,1,1,2,2,3,2,0,1,1.0211,0.2655,0.0594,0.19,0.1392,0.1345,0.2043,0.1161,0.0,0.7884,14,10,13.22,14.24
4219502,2024-04-14,fra,2023/2024,Ligue 1,29,Hakim Ben El Hadj Salem,9746,Le Havre,9830,Nantes,1,0,1,44,56,10,12,1,4,5,4,4,4,0,0,7,6,3,6,6,7,3,1,3,1,25,18,14,12,3,2,0,0,1,2,14,17,5,8,4,4,16,23,3,2,49,46,38.0,32.0,11.0,14.0,12.0,2.0,367,485,295.0,410.0,129,221,166,189,23.0,28.0,5.0,5.0,1.43,0.79,1.23,0.55,0.21,0.24,1.43,0.79,0.02,0.68,2,0,4,4,1,2,3,4,0,2,0.7056,0.0,0.4767,0.3118,0.029,0.2004,0.2207,0.2213,0.0,0.056,4,7,2,1,2,2,2,2,0,0,0.3529,0.5186,0.8722,0.0345,0.1119,0.1301,0.0949,0.1064,0.0,0.0,10,12,14.64,19.27
4219502,2024-04-14,fra,2023/2024,Ligue 1,29,Hakim Ben El Hadj Salem,9830,Nantes,9746,Le Havre,0,1,0,56,44,12,10,4,1,4,5,4,4,0,0,6,7,6,3,7,6,1,3,1,3,18,25,12,14,2,3,0,0,2,1,17,14,8,5,4,4,23,16,2,3,46,49,32.0,38.0,14.0,11.0,2.0,12.0,485,367,410.0,295.0,221,129,189,166,28.0,23.0,5.0,5.0,0.79,1.43,0.55,1.23,0.24,0.21,0.79,1.43,0.68,0.02,0,2,4,4,2,1,4,3,2,0,0.0,0.7056,0.3118,0.4767,0.2004,0.029,0.2213,0.2207,0.056,0.0,7,4,1,2,2,2,2,2,0,0,0.5186,0.3529,0.0345,0.8722,0.1301,0.1119,0.1064,0.0949,0.0,0.0,12,10,19.27,14.64
4219507,2024-04-19,fra,2023/2024,Ligue 1,30,Jeremy Stinat,9831,Nice,8689,Lorient,1,3,0,51,49,19,9,10,4,8,4,1,1,0,0,14,6,5,3,2,3,4,0,3,0,26,24,11,7,0,2,0,0,0,4,24,22,6,10,1,1,11,22,4,7,47,50,38.0,37.0,9.0,13.0,8.0,4.0,535,517,463.0,453.0,250,231,213,222,16.0,29.0,1.0,2.0,2.51,0.5,2.51,0.5,0.0,0.02,2.51,0.5,2.7,0.53,0,0,8,5,6,1,3,2,2,1,0.0,0.0,1.7592,0.3442,0.6268,0.054,0.1442,0.0815,0.0761,0.0167,16,8,3,1,0,0,0,0,0,0,2.1439,0.4424,0.4623,0.054,0.0,0.0,0.0,0.0,0.0,0.0,19,9,16.9,17.63
4219507,2024-04-19,fra,2023/2024,Ligue 1,30,Jeremy Stinat,8689,Lorient,9831,Nice,0,0,3,49,51,9,19,4,10,4,8,1,1,0,0,6,14,3,5,3,2,0,4,0,3,24,26,7,11,2,0,0,0,4,0,22,24,10,6,1,1,22,11,7,4,50,47,37.0,38.0,13.0,9.0,4.0,8.0,517,535,453.0,463.0,231,250,222,213,29.0,16.0,2.0,1.0,0.5,2.51,0.5,2.51,0.02,0.0,0.5,2.51,0.53,2.7,0,0,5,8,1,6,2,3,1,2,0.0,0.0,0.3442,1.7592,0.054,0.6268,0.0815,0.1442,0.0167,0.0761,8,16,1,3,0,0,0,0,0,0,0.4424,2.1439,0.054,0.4623,0.0,0.0,0.0,0.0,0.0,0.0,9,19,17.63,16.9
4219509,2024-04-20,fra,2023/2024,Ligue 1,30,Benoît Bastien,8588,Lens,8311,Clermont Foot,1,1,0,48,52,17,8,4,1,9,4,4,3,2,0,9,6,8,2,4,3,5,1,4,1,20,17,17,17,1,4,0,0,1,1,11,23,15,9,3,4,18,13,1,3,49,64,31.0,45.0,18.0,19.0,5.0,7.0,432,472,350.0,371.0,160,213,190,158,28.0,26.0,2.0,2.0,1.91,0.67,1.05,0.66,0.08,0.02,1.12,0.67,1.77,0.17,0,1,9,1,0,4,3,2,5,0,0.0,0.0994,1.6273,0.0354,0.0,0.462,0.133,0.0776,0.1528,0.0,13,7,0,0,1,1,2,0,1,0,1.0456,0.6589,0.0,0.0,0.0046,0.0155,0.0743,0.0,0.7884,0.0,17,8,18.52,17.59
4219509,2024-04-20,fra,2023/2024,Ligue 1,30,Benoît Bastien,8311,Clermont Foot,8588,Lens,0,0,1,52,48,8,17,1,4,4,9,3,4,0,2,6,9,2,8,3,4,1,5,1,4,17,20,17,17,4,1,0,0,1,1,23,11,9,15,4,3,13,18,3,1,64,49,45.0,31.0,19.0,18.0,7.0,5.0,472,432,371.0,350.0,213,160,158,190,26.0,28.0,2.0,2.0,0.67,1.91,0.66,1.05,0.02,0.08,0.67,1.12,0.17,1.77,1,0,1,9,4,0,2,3,0,5,0.0994,0.0,0.0354,1.6273,0.462,0.0,0.0776,0.133,0.0,0.1528,7,13,0,0,1,1,0,2,0,1,0.6589,1.0456,0.0,0.0,0.0155,0.0046,0.0,0.0743,0.0,0.7884,8,17,17.59,18.52
4219510,2024-04-20,fra,2023/2024,Ligue 1,30,Willy Delajod,9830,Nantes,9851,Rennes,1,0,3,44,56,6,14,4,5,1,4,1,5,0,1,2,11,4,3,3,7,0,4,0,1,2,24,16,11,1,4,0,0,1,0,23,5,9,11,5,1,27,17,2,4,53,53,37.0,37.0,16.0,16.0,3.0,17.0,368,468,298.0,395.0,196,173,102,222,26.0,30.0,2.0,4.0,0.18,2.37,0.16,1.43,0.01,0.15,0.18,1.58,0.66,2.65,0,0,2,7,0,4,0,2,4,1,0.0,0.0,0.0791,2.101,0.0,0.2144,0.0,0.0433,0.0978,0.0114,5,10,0,0,1,3,0,0,0,1,0.1633,1.4337,0.0,0.0,0.0137,0.1479,0.0,0.0,0.0,0.7884,6,14,19.76,16.23
4219510,2024-04-20,fra,2023/2024,Ligue 1,30,Willy Delajod,9851,Rennes,9830,Nantes,0,3,0,56,44,14,6,5,4,4,1,5,1,1,0,11,2,3,4,7,3,4,0,1,0,24,2,11,16,4,1,0,0,0,1,5,23,11,9,1,5,17,27,4,2,53,53,37.0,37.0,16.0,16.0,17.0,3.0,468,368,395.0,298.0,173,196,222,102,30.0,26.0,4.0,2.0,2.37,0.18,1.43,0.16,0.15,0.01,1.58,0.18,2.65,0.66,0,0,7,2,4,0,2,0,1,4,0.0,0.0,2.101,0.0791,0.2144,0.0,0.0433,0.0,0.0114,0.0978,10,5,0,0,3,1,0,0,1,0,1.4337,0.1633,0.0,0.0,0.1479,0.0137,0.0,0.0,0.7884,0.0,14,6,16.23,19.76
4219504,2024-04-21,fra,2023/2024,Ligue 1,30,François Letexier,9847,Paris Saint-Germain,9748,Lyon,1,4,1,63,37,14,16,6,6,5,6,3,4,1,1,12,8,2,8,4,10,6,0,3,0,35,39,9,10,0,0,0,0,0,3,16,16,6,7,4,3,22,11,6,3,39,46,34.0,38.0,5.0,8.0,10.0,13.0,741,425,692.0,372.0,294,185,398,187,21.0,21.0,3.0,3.0,2.44,1.05,1.65,0.91,0.79,0.14,2.44,1.05,2.36,1.04,2,0,5,7,5,1,2,4,0,4,0.8533,0.0,1.2454,0.6808,0.2995,0.0709,0.0437,0.2277,0.0,0.0727,9,13,2,0,2,3,1,0,0,0,1.353,0.9076,0.2949,0.0,0.7679,0.1445,0.0261,0.0,0.0,0.0,14,16,13.64,18.59
4219504,2024-04-21,fra,2023/2024,Ligue 1,30,François Letexier,9748,Lyon,9847,Paris Saint-Germain,0,1,4,37,63,16,14,6,6,6,5,4,3,1,1,8,12,8,2,10,4,0,6,0,3,39,35,10,9,0,0,0,0,3,0,16,16,7,6,3,4,11,22,3,6,46,39,38.0,34.0,8.0,5.0,13.0,10.0,425,741,372.0,692.0,185,294,187,398,21.0,21.0,3.0,3.0,1.05,2.44,0.91,1.65,0.14,0.79,1.05,2.44,1.04,2.36,0,2,7,5,1,5,4,2,4,0,0.0,0.8533,0.6808,1.2454,0.0709,0.2995,0.2277,0.0437,0.0727,0.0,13,9,0,2,3,2,0,1,0,0,0.9076,1.353,0.0,0.2949,0.1445,0.7679,0.0,0.0261,0.0,0.0,16,14,18.59,13.64
4219505,2024-04-21,fra,2023/2024,Ligue 1,30,Clément Turpin,9941,Toulouse,8592,Marseille,1,2,2,45,55,10,11,3,3,4,5,3,3,0,1,5,8,5,3,7,4,1,1,0,1,22,20,11,13,1,2,0,0,4,4,22,25,11,7,3,3,20,17,1,1,63,47,51.0,40.0,12.0,7.0,16.0,4.0,427,516,351.0,442.0,181,258,170,184,20.0,12.0,4.0,1.0,0.51,1.1,0.42,0.35,0.1,0.75,0.51,1.1,0.46,1.07,1,0,2,6,2,2,2,3,3,0,0.0752,0.0,0.1188,0.9755,0.2187,0.0759,0.0519,0.0677,0.0487,0.0,8,6,0,0,2,3,0,2,0,0,0.4155,0.3477,0.0,0.0,0.0979,0.1451,0.0,0.6262,0.0,0.0,10,11,19.42,17.36
4219505,2024-04-21,fra,2023/2024,Ligue 1,30,Clément Turpin,8592,Marseille,9941,Toulouse,0,2,2,55,45,11,10,3,3,5,4,3,3,1,0,8,5,3,5,4,7,1,1,1,0,20,22,13,11,2,1,0,0,4,4,25,22,7,11,3,3,17,20,1,1,47,63,40.0,51.0,7.0,12.0,4.0,16.0,516,427,442.0,351.0,258,181,184,170,12.0,20.0,1.0,4.0,1.1,0.51,0.35,0.42,0.75,0.1,1.1,0.51,1.07,0.46,0,1,6,2,2,2,3,2,0,3,0.0,0.0752,0.9755,0.1188,0.0759,0.2187,0.0677,0.0519,0.0,0.0487,6,8,0,0,3,2,2,0,0,0,0.3477,0.4155,0.0,0.0,0.1451,0.0979,0.6262,0.0,0.0,0.0,11,10,17.36,19.42
4219506,2024-04-21,fra,2023/2024,Ligue 1,30,Benoît Millot,8639,Lille,9848,Strasbourg,1,1,0,53,47,6,8,2,2,3,5,1,1,0,0,4,4,2,4,4,4,3,3,2,3,19,11,11,19,2,3,0,0,3,0,14,13,5,9,1,1,15,13,2,1,56,46,43.0,31.0,13.0,15.0,11.0,7.0,498,440,419.0,366.0,223,258,196,108,24.0,28.0,1.0,3.0,0.79,1.27,0.59,1.26,0.2,0.01,0.79,1.27,0.9,0.35,0,1,5,3,0,1,1,1,0,2,0.0,0.2025,0.7519,0.9662,0.0,0.0475,0.0415,0.0052,0.0,0.0471,5,7,0,0,0,0,1,1,0,0,0.5921,1.2633,0.0,0.0,0.0,0.0,0.2013,0.0052,0.0,0.0,6,8,13.58,18.73
4219506,2024-04-21,fra,2023/2024,Ligue 1,30,Benoît Millot,9848,Strasbourg,8639,Lille,0,0,1,47,53,8,6,2,2,5,3,1,1,0,0,4,4,4,2,4,4,3,3,3,2,11,19,19,11,3,2,0,0,0,3,13,14,9,5,1,1,13,15,1,2,46,56,31.0,43.0,15.0,13.0,7.0,11.0,440,498,366.0,419.0,258,223,108,196,28.0,24.0,3.0,1.0,1.27,0.79,1.26,0.59,0.01,0.2,1.27,0.79,0.35,0.9,1,0,3,5,1,0,1,1,2,0,0.2025,0.0,0.9662,0.7519,0.0475,0.0,0.0052,0.0415,0.0471,0.0,7,5,0,0,0,0,1,1,0,0,1.2633,0.5921,0.0,0.0,0.0,0.0,0.0052,0.2013,0.0,0.0,8,6,18.73,13.58
4219508,2024-04-21,fra,2023/2024,Ligue 1,30,Pierre Gaillouste,9837,Reims,10249,Montpellier,1,1,2,53,47,21,12,4,5,10,4,7,3,1,0,12,7,9,5,8,4,1,2,1,1,29,20,15,10,3,3,0,0,3,4,11,18,6,11,4,6,14,27,2,3,41,50,29.0,39.0,12.0,11.0,9.0,6.0,345,325,280.0,253.0,124,142,156,111,19.0,30.0,9.0,4.0,1.46,1.61,1.08,1.01,0.38,0.6,1.46,1.61,1.31,1.85,0,2,8,3,4,2,4,3,5,2,0.0,0.4933,0.9046,0.3124,0.1743,0.0666,0.2375,0.704,0.1445,0.0369,15,6,0,1,3,4,3,1,0,0,1.0833,0.8732,0.0,0.1389,0.1348,0.5736,0.2428,0.0276,0.0,0.0,21,12,17.15,17.78
4219508,2024-04-21,fra,2023/2024,Ligue 1,30,Pierre Gaillouste,10249,Montpellier,9837,Reims,0,2,1,47,53,12,21,5,4,4,10,3,7,0,1,7,12,5,9,4,8,2,1,1,1,20,29,10,15,3,3,0,0,4,3,18,11,11,6,6,4,27,14,3,2,50,41,39.0,29.0,11.0,12.0,6.0,9.0,325,345,253.0,280.0,142,124,111,156,30.0,19.0,4.0,9.0,1.61,1.46,1.01,1.08,0.6,0.38,1.61,1.46,1.85,1.31,2,0,3,8,2,4,3,4,2,5,0.4933,0.0,0.3124,0.9046,0.0666,0.1743,0.704,0.2375,0.0369,0.1445,6,15,1,0,4,3,1,3,0,0,0.8732,1.0833,0.1389,0.0,0.5736,0.1348,0.0276,0.2428,0.0,0.0,12,21,17.78,17.15
4219511,2024-04-21,fra,2023/2024,Ligue 1,30,Marc Bollengier,9746,Le Havre,8550,Metz,1,0,1,64,36,16,9,4,2,9,5,3,2,1,1,7,7,9,2,4,2,0,3,0,2,18,13,9,19,2,3,0,0,2,2,18,13,6,12,2,3,10,36,1,4,63,43,43.0,27.0,20.0,16.0,6.0,7.0,506,284,401.0,196.0,161,111,240,85,17.0,22.0,5.0,2.0,0.68,1.34,0.46,1.22,0.23,0.11,0.68,1.34,0.84,0.81,0,2,4,2,3,3,7,2,2,0,0.0,0.7064,0.2735,0.0668,0.0802,0.4717,0.2842,0.1108,0.0472,0.0,11,6,0,0,1,1,4,2,0,0,0.4579,1.2422,0.0,0.0,0.0966,0.0551,0.1306,0.0584,0.0,0.0,16,9,20.48,14.13
4219511,2024-04-21,fra,2023/2024,Ligue 1,30,Marc Bollengier,8550,Metz,9746,Le Havre,0,1,0,36,64,9,16,2,4,5,9,2,3,1,1,7,7,2,9,2,4,3,0,2,0,13,18,19,9,3,2,0,0,2,2,13,18,12,6,3,2,36,10,4,1,43,63,27.0,43.0,16.0,20.0,7.0,6.0,284,506,196.0,401.0,111,161,85,240,22.0,17.0,2.0,5.0,1.34,0.68,1.22,0.46,0.11,0.23,1.34,0.68,0.81,0.84,2,0,2,4,3,3,2,7,0,2,0.7064,0.0,0.0668,0.2735,0.4717,0.0802,0.1108,0.2842,0.0,0.0472,6,11,0,0,1,1,2,4,0,0,1.2422,0.4579,0.0,0.0,0.0551,0.0966,0.0584,0.1306,0.0,0.0,9,16,14.13,20.48
4219512,2024-04-21,fra,2023/2024,Ligue 1,30,Ruddy Buquet,8521,Brest,9829,Monaco,1,0,2,56,44,12,8,2,3,7,2,3,3,0,0,6,5,6,3,7,4,0,2,0,1,22,19,8,9,5,2,0,2,3,1,23,20,11,9,3,3,17,17,1,2,61,54,44.0,38.0,17.0,16.0,12.0,11.0,502,394,387.0,268.0,232,135,155,133,35.0,22.0,6.0,1.0,0.65,0.9,0.27,0.79,0.38,0.11,0.65,0.9,0.26,1.44,3,1,3,3,0,1,5,2,1,1,0.335,0.2256,0.1573,0.5184,0.0,0.0419,0.1107,0.0867,0.0421,0.0323,6,4,0,2,3,1,3,1,0,0,0.2668,0.6511,0.0,0.1391,0.2528,0.0824,0.1255,0.0323,0.0,0.0,12,8,17.09,17.17
4219512,2024-04-21,fra,2023/2024,Ligue 1,30,Ruddy Buquet,9829,Monaco,8521,Brest,0,2,0,44,56,8,12,3,2,2,7,3,3,0,0,5,6,3,6,4,7,2,0,1,0,19,22,9,8,2,5,2,0,1,3,20,23,9,11,3,3,17,17,2,1,54,61,38.0,44.0,16.0,17.0,11.0,12.0,394,502,268.0,387.0,135,232,133,155,22.0,35.0,1.0,6.0,0.9,0.65,0.79,0.27,0.11,0.38,0.9,0.65,1.44,0.26,1,3,3,3,1,0,2,5,1,1,0.2256,0.335,0.5184,0.1573,0.0419,0.0,0.0867,0.1107,0.0323,0.0421,4,6,2,0,1,3,1,3,0,0,0.6511,0.2668,0.1391,0.0,0.0824,0.2528,0.0323,0.1255,0.0,0.0,8,12,17.17,17.09
4219497,2024-04-24,fra,2023/2024,Ligue 1,29,Jérémie Pignard,8592,Marseille,9831,Nice,1,2,2,48,52,11,10,4,4,4,3,3,3,1,0,8,7,3,3,3,2,3,2,2,1,20,22,10,14,0,3,1,0,1,2,23,11,13,12,3,3,13,15,2,2,49,41,43.0,29.0,6.0,12.0,6.0,8.0,433,461,344.0,396.0,167,205,177,191,28.0,16.0,1.0,5.0,2.24,1.43,1.33,1.16,0.12,0.27,1.45,1.43,1.66,1.06,0,1,6,6,2,0,1,1,2,2,0.0,0.1995,1.6519,1.0986,0.2247,0.0,0.0305,0.0363,0.0388,0.0549,6,5,2,2,0,1,2,2,1,0,0.5134,0.8482,0.5662,0.254,0.0,0.1995,0.078,0.0877,0.7884,0.0,11,10,17.3,16.73
4219497,2024-04-24,fra,2023/2024,Ligue 1,29,Jérémie Pignard,9831,Nice,8592,Marseille,0,2,2,52,48,10,11,4,4,3,4,3,3,0,1,7,8,3,3,2,3,2,3,1,2,22,20,14,10,3,0,0,1,2,1,11,23,12,13,3,3,15,13,2,2,41,49,29.0,43.0,12.0,6.0,8.0,6.0,461,433,396.0,344.0,205,167,191,177,16.0,28.0,5.0,1.0,1.43,2.24,1.16,1.33,0.27,0.12,1.43,1.45,1.06,1.66,1,0,6,6,0,2,1,1,2,2,0.1995,0.0,1.0986,1.6519,0.0,0.2247,0.0363,0.0305,0.0549,0.0388,5,6,2,2,1,0,2,2,0,1,0.8482,0.5134,0.254,0.5662,0.1995,0.0,0.0877,0.078,0.0,0.7884,10,11,16.73,17.3
4219498,2024-04-24,fra,2023/2024,Ligue 1,29,Marc Bollengier,8689,Lorient,9847,Paris Saint-Germain,1,1,4,40,60,11,15,6,7,4,5,1,3,0,0,7,8,4,7,3,6,4,2,4,0,33,22,8,7,1,1,0,0,1,3,16,25,10,7,3,1,8,14,3,5,45,51,39.0,43.0,6.0,8.0,16.0,10.0,467,698,383.0,617.0,197,342,186,275,32.0,32.0,5.0,0.0,0.91,1.58,0.55,1.56,0.36,0.02,0.91,1.58,1.39,2.97,1,1,4,4,2,3,2,6,2,1,0.2729,0.4972,0.2904,0.7249,0.2351,0.1217,0.0567,0.2152,0.053,0.0193,7,12,0,2,2,1,2,0,0,0,0.5518,1.3723,0.0,0.1831,0.2956,0.0229,0.0607,0.0,0.0,0.0,11,15,16.77,19.59
4219498,2024-04-24,fra,2023/2024,Ligue 1,29,Marc Bollengier,9847,Paris Saint-Germain,8689,Lorient,0,4,1,60,40,15,11,7,6,5,4,3,1,0,0,8,7,7,4,6,3,2,4,0,4,22,33,7,8,1,1,0,0,3,1,25,16,7,10,1,3,14,8,5,3,51,45,43.0,39.0,8.0,6.0,10.0,16.0,698,467,617.0,383.0,342,197,275,186,32.0,32.0,0.0,5.0,1.58,0.91,1.56,0.55,0.02,0.36,1.58,0.91,2.97,1.39,1,1,4,4,3,2,6,2,1,2,0.4972,0.2729,0.7249,0.2904,0.1217,0.2351,0.2152,0.0567,0.0193,0.053,12,7,2,0,1,2,0,2,0,0,1.3723,0.5518,0.1831,0.0,0.0229,0.2956,0.0,0.0607,0.0,0.0,15,11,19.59,16.77
4219499,2024-04-24,fra,2023/2024,Ligue 1,29,Clément Turpin,9829,Monaco,8639,Lille,1,1,0,43,57,19,13,7,4,6,7,6,2,0,1,13,10,6,3,7,5,2,2,2,2,36,31,9,9,1,2,0,0,6,0,19,21,20,7,2,6,14,17,5,6,37,46,34.0,38.0,3.0,8.0,7.0,8.0,382,522,327.0,438.0,142,273,185,165,23.0,31.0,1.0,6.0,1.59,1.31,1.1,0.92,0.48,0.39,1.59,1.31,1.59,0.44,2,0,7,8,4,2,5,2,1,1,0.3094,0.0,0.785,1.0574,0.1453,0.1137,0.2406,0.032,0.0154,0.0258,12,9,2,0,5,3,0,1,0,0,0.8648,0.8908,0.1793,0.0,0.4517,0.1382,0.0,0.2,0.0,0.0,19,13,16.62,16.18
4219499,2024-04-24,fra,2023/2024,Ligue 1,29,Clément Turpin,8639,Lille,9829,Monaco,0,0,1,57,43,13,19,4,7,7,6,2,6,1,0,10,13,3,6,5,7,2,2,2,2,31,36,9,9,2,1,0,0,0,6,21,19,7,20,6,2,17,14,6,5,46,37,38.0,34.0,8.0,3.0,8.0,7.0,522,382,438.0,327.0,273,142,165,185,31.0,23.0,6.0,1.0,1.31,1.59,0.92,1.1,0.39,0.48,1.31,1.59,0.44,1.59,0,2,8,7,2,4,2,5,1,1,0.0,0.3094,1.0574,0.785,0.1137,0.1453,0.032,0.2406,0.0258,0.0154,9,12,0,2,3,5,1,0,0,0,0.8908,0.8648,0.0,0.1793,0.1382,0.4517,0.2,0.0,0.0,0.0,13,19,16.18,16.62
4219521,2024-04-26,fra,2023/2024,Ligue 1,31,Jeremy Stinat,10249,Montpellier,9830,Nantes,1,1,1,54,46,8,15,1,5,5,4,2,6,0,0,5,11,3,4,3,6,1,3,0,2,12,21,11,14,2,1,2,0,0,1,10,12,8,10,6,2,24,22,4,0,42,47,28.0,29.0,14.0,18.0,6.0,7.0,495,429,430.0,342.0,239,186,191,156,38.0,19.0,2.0,3.0,0.81,1.35,0.69,0.94,0.12,0.41,0.81,1.35,0.42,1.35,1,1,3,5,1,5,2,2,1,2,0.0393,0.2415,0.587,0.5394,0.0139,0.4651,0.078,0.0859,0.0194,0.0226,2,9,4,1,1,3,1,2,0,0,0.078,0.8918,0.5736,0.0727,0.0393,0.1175,0.0467,0.2725,0.0,0.0,8,15,19.98,15.94
4219521,2024-04-26,fra,2023/2024,Ligue 1,31,Jeremy Stinat,9830,Nantes,10249,Montpellier,0,1,1,46,54,15,8,5,1,4,5,6,2,0,0,11,5,4,3,6,3,3,1,2,0,21,12,14,11,1,2,0,2,1,0,12,10,10,8,2,6,22,24,0,4,47,42,29.0,28.0,18.0,14.0,7.0,6.0,429,495,342.0,430.0,186,239,156,191,19.0,38.0,3.0,2.0,1.35,0.81,0.94,0.69,0.41,0.12,1.35,0.81,1.35,0.42,1,1,5,3,5,1,2,2,2,1,0.2415,0.0393,0.5394,0.587,0.4651,0.0139,0.0859,0.078,0.0226,0.0194,9,2,1,4,3,1,2,1,0,0,0.8918,0.078,0.0727,0.5736,0.1175,0.0393,0.2725,0.0467,0.0,0.0,15,8,15.94,19.98
4219513,2024-04-27,fra,2023/2024,Ligue 1,31,Willy Delajod,9847,Paris Saint-Germain,9746,Le Havre,1,3,3,77,23,17,6,4,4,8,1,5,1,0,0,7,5,10,1,11,2,3,2,1,0,24,7,10,8,2,1,0,0,5,0,13,22,3,17,1,4,3,33,1,1,41,42,29.0,36.0,12.0,6.0,8.0,6.0,742,221,659.0,145.0,177,79,482,66,22.0,17.0,4.0,1.0,2.64,1.02,2.54,0.19,0.09,0.04,2.64,0.23,2.54,2.06,1,0,5,3,2,2,4,1,5,0,0.8321,0.0,1.432,0.8698,0.0769,0.1085,0.2046,0.0397,0.0913,0.0,13,3,1,1,3,1,0,0,0,1,2.512,0.1592,0.031,0.028,0.0938,0.0424,0.0,0.0,0.0,0.7884,17,6,18.47,16.85
4219513,2024-04-27,fra,2023/2024,Ligue 1,31,Willy Delajod,9746,Le Havre,9847,Paris Saint-Germain,0,3,3,23,77,6,17,4,4,1,8,1,5,0,0,5,7,1,10,2,11,2,3,0,1,7,24,8,10,1,2,0,0,0,5,22,13,17,3,4,1,33,3,1,1,42,41,36.0,29.0,6.0,12.0,6.0,8.0,221,742,145.0,659.0,79,177,66,482,17.0,22.0,1.0,4.0,1.02,2.64,0.19,2.54,0.04,0.09,0.23,2.64,2.06,2.54,0,1,3,5,2,2,1,4,0,5,0.0,0.8321,0.8698,1.432,0.1085,0.0769,0.0397,0.2046,0.0,0.0913,3,13,1,1,1,3,0,0,1,0,0.1592,2.512,0.028,0.031,0.0424,0.0938,0.0,0.0,0.7884,0.0,6,17,16.85,18.47
4219514,2024-04-28,fra,2023/2024,Ligue 1,31,Thomas Léonard,9848,Strasbourg,9831,Nice,1,1,3,47,53,13,8,5,4,6,3,2,1,1,0,10,7,3,1,2,3,1,3,0,1,17,18,11,14,2,3,0,0,0,1,18,18,7,6,1,2,10,10,1,4,52,46,36.0,40.0,16.0,6.0,7.0,11.0,476,539,409.0,474.0,247,332,162,142,26.0,14.0,6.0,5.0,0.6,1.56,0.54,0.7,0.06,0.08,0.6,0.78,1.16,1.52,0,0,7,7,3,0,2,0,1,1,0.0,0.0,0.4172,1.5323,0.0973,0.0,0.0624,0.0,0.0356,0.0315,9,6,2,0,1,1,1,0,0,1,0.2915,0.7001,0.261,0.0,0.0232,0.0753,0.0367,0.0,0.0,0.7884,13,8,17.28,13.78
4219514,2024-04-28,fra,2023/2024,Ligue 1,31,Thomas Léonard,9831,Nice,9848,Strasbourg,0,3,1,53,47,8,13,4,5,3,6,1,2,0,1,7,10,1,3,3,2,3,1,1,0,18,17,14,11,3,2,0,0,1,0,18,18,6,7,2,1,10,10,4,1,46,52,40.0,36.0,6.0,16.0,11.0,7.0,539,476,474.0,409.0,332,247,142,162,14.0,26.0,5.0,6.0,1.56,0.6,0.7,0.54,0.08,0.06,0.78,0.6,1.52,1.16,0,0,7,7,0,3,0,2,1,1,0.0,0.0,1.5323,0.4172,0.0,0.0973,0.0,0.0624,0.0315,0.0356,6,9,0,2,1,1,0,1,1,0,0.7001,0.2915,0.0,0.261,0.0753,0.0232,0.0,0.0367,0.7884,0.0,8,13,13.78,17.28
4219515,2024-04-28,fra,2023/2024,Ligue 1,31,Benoît Bastien,9851,Rennes,8521,Brest,1,4,5,47,53,21,10,7,5,3,4,11,1,0,0,11,10,10,0,7,4,2,4,0,1,32,24,14,15,4,1,0,0,1,2,16,24,8,5,1,10,24,26,1,3,58,59,47.0,39.0,11.0,20.0,17.0,3.0,363,419,310.0,342.0,104,195,206,147,27.0,37.0,3.0,7.0,2.67,2.04,1.98,1.12,0.69,0.92,2.67,2.04,2.62,2.86,2,5,6,4,3,1,7,0,3,0,1.3096,1.9957,1.0004,0.2716,0.1122,0.039,0.1915,0.0,0.0658,0.0,13,6,1,0,2,1,5,3,0,0,1.9284,1.4457,0.0659,0.0,0.0175,0.1883,0.6676,0.6722,0.0,0.0,21,10,18.32,9.6
4219515,2024-04-28,fra,2023/2024,Ligue 1,31,Benoît Bastien,8521,Brest,9851,Rennes,0,5,4,53,47,10,21,5,7,4,3,1,11,0,0,10,11,0,10,4,7,4,2,1,0,24,32,15,14,1,4,0,0,2,1,24,16,5,8,10,1,26,24,3,1,59,58,39.0,47.0,20.0,11.0,3.0,17.0,419,363,342.0,310.0,195,104,147,206,37.0,27.0,7.0,3.0,2.04,2.67,1.12,1.98,0.92,0.69,2.04,2.67,2.86,2.62,5,2,4,6,1,3,0,7,0,3,1.9957,1.3096,0.2716,1.0004,0.039,0.1122,0.0,0.1915,0.0,0.0658,6,13,0,1,1,2,3,5,0,0,1.4457,1.9284,0.0,0.0659,0.1883,0.0175,0.6722,0.6676,0.0,0.0,10,21,9.6,18.32
4219516,2024-04-28,fra,2023/2024,Ligue 1,31,Eric Wattellier,8592,Marseille,8588,Lens,1,2,1,43,57,13,18,6,5,4,9,3,4,0,1,11,11,2,7,3,11,3,4,1,3,16,19,8,12,2,2,0,0,3,1,14,13,6,5,4,3,18,10,4,4,47,39,30.0,28.0,17.0,11.0,4.0,7.0,346,444,273.0,381.0,208,200,65,181,24.0,19.0,5.0,8.0,1.7,1.2,1.62,0.93,0.08,0.27,1.7,1.2,2.0,1.1,0,1,10,8,1,2,1,5,1,2,0.0,0.0965,1.6089,0.7982,0.028,0.2075,0.0295,0.0904,0.0367,0.0201,8,13,2,0,1,4,2,1,0,0,1.3415,0.9295,0.2819,0.0,0.0061,0.2537,0.0736,0.0294,0.0,0.0,13,18,15.69,17.84
4219516,2024-04-28,fra,2023/2024,Ligue 1,31,Eric Wattellier,8588,Lens,8592,Marseille,0,1,2,57,43,18,13,5,6,9,4,4,3,1,0,11,11,7,2,11,3,4,3,3,1,19,16,12,8,2,2,0,0,1,3,13,14,5,6,3,4,10,18,4,4,39,47,28.0,30.0,11.0,17.0,7.0,4.0,444,346,381.0,273.0,200,208,181,65,19.0,24.0,8.0,5.0,1.2,1.7,0.93,1.62,0.27,0.08,1.2,1.7,1.1,2.0,1,0,8,10,2,1,5,1,2,1,0.0965,0.0,0.7982,1.6089,0.2075,0.028,0.0904,0.0295,0.0201,0.0367,13,8,0,2,4,1,1,2,0,0,0.9295,1.3415,0.0,0.2819,0.2537,0.0061,0.0294,0.0736,0.0,0.0,18,13,17.84,15.69
4219517,2024-04-28,fra,2023/2024,Ligue 1,31,Gaël Angoula,8689,Lorient,9941,Toulouse,1,1,2,50,50,15,14,5,5,6,7,4,2,2,1,8,8,7,6,5,1,2,3,1,1,28,19,14,17,1,3,0,0,2,1,12,22,11,7,2,4,8,22,3,4,47,45,36.0,37.0,11.0,8.0,9.0,2.0,418,429,350.0,356.0,169,198,181,158,30.0,17.0,4.0,3.0,1.47,1.88,1.39,0.9,0.08,0.98,1.47,1.88,1.47,1.99,1,2,5,4,2,2,5,3,2,3,0.977,1.0322,0.4787,0.721,0.0651,0.0541,0.1946,0.2581,0.0295,0.0605,12,11,0,1,2,0,1,2,0,0,1.6627,0.7148,0.0,0.1814,0.0731,0.0,0.0091,1.2297,0.0,0.0,15,14,18.17,17.64
4219517,2024-04-28,fra,2023/2024,Ligue 1,31,Gaël Angoula,9941,Toulouse,8689,Lorient,0,2,1,50,50,14,15,5,5,7,6,2,4,1,2,8,8,6,7,1,5,3,2,1,1,19,28,17,14,3,1,0,0,1,2,22,12,7,11,4,2,22,8,4,3,45,47,37.0,36.0,8.0,11.0,2.0,9.0,429,418,356.0,350.0,198,169,158,181,17.0,30.0,3.0,4.0,1.88,1.47,0.9,1.39,0.98,0.08,1.88,1.47,1.99,1.47,2,1,4,5,2,2,3,5,3,2,1.0322,0.977,0.721,0.4787,0.0541,0.0651,0.2581,0.1946,0.0605,0.0295,11,12,1,0,0,2,2,1,0,0,0.7148,1.6627,0.1814,0.0,0.0,0.0731,1.2297,0.0091,0.0,0.0,14,15,17.64,18.17
4219518,2024-04-28,fra,2023/2024,Ligue 1,31,Bastien Dechepy,9748,Lyon,9829,Monaco,1,3,2,47,53,15,13,4,5,5,5,6,3,1,0,13,10,2,3,3,3,4,4,2,2,40,30,15,14,1,3,0,0,5,3,19,18,11,14,3,6,25,16,3,1,53,53,40.0,38.0,13.0,15.0,7.0,6.0,426,476,332.0,385.0,186,167,146,218,21.0,26.0,6.0,7.0,2.26,2.03,2.08,2.0,0.18,0.03,2.26,2.03,1.27,1.52,2,1,5,7,6,2,2,2,0,1,0.2915,0.5118,1.352,1.3863,0.3294,0.0578,0.2888,0.057,0.0,0.0159,11,10,2,2,2,1,0,0,0,0,1.7403,0.8187,0.3422,1.1763,0.179,0.0338,0.0,0.0,0.0,0.0,15,13,13.15,15.28
4219518,2024-04-28,fra,2023/2024,Ligue 1,31,Bastien Dechepy,9829,Monaco,9748,Lyon,0,2,3,53,47,13,15,5,4,5,5,3,6,0,1,10,13,3,2,3,3,4,4,2,2,30,40,14,15,3,1,0,0,3,5,18,19,14,11,6,3,16,25,1,3,53,53,38.0,40.0,15.0,13.0,6.0,7.0,476,426,385.0,332.0,167,186,218,146,26.0,21.0,7.0,6.0,2.03,2.26,2.0,2.08,0.03,0.18,2.03,2.26,1.52,1.27,1,2,7,5,2,6,2,2,1,0,0.5118,0.2915,1.3863,1.352,0.0578,0.3294,0.057,0.2888,0.0159,0.0,10,11,2,2,1,2,0,0,0,0,0.8187,1.7403,1.1763,0.3422,0.0338,0.179,0.0,0.0,0.0,0.0,13,15,15.28,13.15
4219519,2024-04-28,fra,2023/2024,Ligue 1,31,Florent Batta,8311,Clermont Foot,9837,Reims,1,4,1,50,50,12,10,6,3,2,6,4,1,0,0,9,7,3,3,5,5,5,3,2,2,26,19,9,12,0,3,0,1,4,1,21,18,13,12,1,4,12,17,2,2,49,44,39.0,36.0,10.0,8.0,7.0,10.0,389,398,312.0,325.0,180,171,132,154,26.0,30.0,4.0,4.0,2.96,0.95,1.38,0.86,0.0,0.09,1.38,0.95,3.55,1.92,0,0,7,5,2,2,1,2,2,1,0.0,0.0,2.7374,0.7096,0.1619,0.1497,0.0234,0.0565,0.0365,0.034,10,6,0,2,0,1,0,1,2,0,1.3824,0.6594,0.0,0.2031,0.0,0.0533,0.0,0.034,1.5768,0.0,12,10,16.28,16.79
4219519,2024-04-28,fra,2023/2024,Ligue 1,31,Florent Batta,9837,Reims,8311,Clermont Foot,0,1,4,50,50,10,12,3,6,6,2,1,4,0,0,7,9,3,3,5,5,3,5,2,2,19,26,12,9,3,0,1,0,1,4,18,21,12,13,4,1,17,12,2,2,44,49,36.0,39.0,8.0,10.0,10.0,7.0,398,389,325.0,312.0,171,180,154,132,30.0,26.0,4.0,4.0,0.95,2.96,0.86,1.38,0.09,0.0,0.95,1.38,1.92,3.55,0,0,5,7,2,2,2,1,1,2,0.0,0.0,0.7096,2.7374,0.1497,0.1619,0.0565,0.0234,0.034,0.0365,6,10,2,0,1,0,1,0,0,2,0.6594,1.3824,0.2031,0.0,0.0533,0.0,0.034,0.0,0.0,1.5768,10,12,16.79,16.28
4219520,2024-04-28,fra,2023/2024,Ligue 1,31,Stéphanie Frappart,8550,Metz,8639,Lille,1,1,2,29,71,5,14,2,4,2,6,1,4,0,0,3,6,2,8,2,4,2,2,1,1,9,35,15,12,1,2,0,0,4,0,17,16,13,7,4,1,17,8,2,1,45,50,37.0,39.0,8.0,11.0,10.0,9.0,288,706,211.0,635.0,137,311,74,324,20.0,29.0,1.0,3.0,1.13,0.78,0.25,0.43,0.09,0.35,0.34,0.78,1.23,1.51,0,1,3,3,0,2,0,6,2,2,0.0,0.1318,1.0582,0.336,0.0,0.0773,0.0,0.1977,0.067,0.0378,2,11,1,0,0,1,1,2,1,0,0.2003,0.4262,0.0476,0.0,0.0,0.1318,0.089,0.2226,0.7884,0.0,5,14,17.95,18.39
4219520,2024-04-28,fra,2023/2024,Ligue 1,31,Stéphanie Frappart,8639,Lille,8550,Metz,0,2,1,71,29,14,5,4,2,6,2,4,1,0,0,6,3,8,2,4,2,2,2,1,1,35,9,12,15,2,1,0,0,0,4,16,17,7,13,1,4,8,17,1,2,50,45,39.0,37.0,11.0,8.0,9.0,10.0,706,288,635.0,211.0,311,137,324,74,29.0,20.0,3.0,1.0,0.78,1.13,0.43,0.25,0.35,0.09,0.78,0.34,1.51,1.23,1,0,3,3,2,0,6,0,2,2,0.1318,0.0,0.336,1.0582,0.0773,0.0,0.1977,0.0,0.0378,0.067,11,2,0,1,1,0,2,1,0,1,0.4262,0.2003,0.0,0.0476,0.1318,0.0,0.2226,0.089,0.0,0.7884,14,5,18.39,17.95
4219522,2024-05-03,fra,2023/2024,Ligue 1,32,Marc Bollengier,9941,Toulouse,10249,Montpellier,1,1,2,63,37,15,5,5,3,5,1,5,1,2,0,8,3,7,2,8,0,4,1,3,0,27,14,17,14,1,3,1,1,3,0,20,19,5,18,1,5,4,24,1,4,59,57,43.0,47.0,16.0,10.0,9.0,11.0,521,313,443.0,238.0,154,142,289,96,24.0,17.0,9.0,2.0,1.28,0.47,0.42,0.42,0.86,0.05,1.28,0.47,1.31,1.17,3,0,4,2,1,1,6,1,1,1,0.6645,0.0,0.2995,0.3607,0.027,0.0491,0.2948,0.0145,0.0289,0.0506,8,3,0,1,5,0,2,1,0,0,0.4216,0.3751,0.0,0.0491,0.7511,0.0,0.1419,0.0506,0.0,0.0,15,5,16.33,18.76
4219522,2024-05-03,fra,2023/2024,Ligue 1,32,Marc Bollengier,10249,Montpellier,9941,Toulouse,0,2,1,37,63,5,15,3,5,1,5,1,5,0,2,3,8,2,7,0,8,1,4,0,3,14,27,14,17,3,1,1,1,0,3,19,20,18,5,5,1,24,4,4,1,57,59,47.0,43.0,10.0,16.0,11.0,9.0,313,521,238.0,443.0,142,154,96,289,17.0,24.0,2.0,9.0,0.47,1.28,0.42,0.42,0.05,0.86,0.47,1.28,1.17,1.31,0,3,2,4,1,1,1,6,1,1,0.0,0.6645,0.3607,0.2995,0.0491,0.027,0.0145,0.2948,0.0506,0.0289,3,8,1,0,0,5,1,2,0,0,0.3751,0.4216,0.0491,0.0,0.0,0.7511,0.0506,0.1419,0.0,0.0,5,15,18.76,16.33
4219527,2024-05-03,fra,2023/2024,Ligue 1,32,Jérémie Pignard,8588,Lens,8689,Lorient,1,2,0,57,43,19,11,6,5,10,2,3,4,1,0,16,8,3,3,4,4,3,1,1,1,36,22,10,14,1,2,0,0,1,2,23,10,6,9,4,3,29,35,5,4,76,39,44.0,26.0,32.0,13.0,9.0,6.0,535,410,459.0,327.0,210,160,249,167,21.0,23.0,6.0,2.0,2.12,0.56,1.8,0.44,0.32,0.13,2.12,0.56,,,1,0,9,3,6,5,0,1,3,2,0.5497,0.0,1.2744,0.3288,0.2338,0.1371,0.0,0.0635,0.0604,0.0352,14,8,1,1,3,2,1,0,0,0,1.2463,0.3194,0.5497,0.1184,0.3147,0.1268,0.0077,0.0,0.0,0.0,19,11,16.42,18.97
4219527,2024-05-03,fra,2023/2024,Ligue 1,32,Jérémie Pignard,8689,Lorient,8588,Lens,0,0,2,43,57,11,19,5,6,2,10,4,3,0,1,8,16,3,3,4,4,1,3,1,1,22,36,14,10,2,1,0,0,2,1,10,23,9,6,3,4,35,29,4,5,39,76,26.0,44.0,13.0,32.0,6.0,9.0,410,535,327.0,459.0,160,210,167,249,23.0,21.0,2.0,6.0,0.56,2.12,0.44,1.8,0.13,0.32,0.56,2.12,,,0,1,3,9,5,6,1,0,2,3,0.0,0.5497,0.3288,1.2744,0.1371,0.2338,0.0635,0.0,0.0352,0.0604,8,14,1,1,2,3,0,1,0,0,0.3194,1.2463,0.1184,0.5497,0.1268,0.3147,0.0,0.0077,0.0,0.0,11,19,18.97,16.42
4219523,2024-05-04,fra,2023/2024,Ligue 1,32,Hakim Ben El Hadj Salem,9829,Monaco,8311,Clermont Foot,1,4,1,62,38,23,9,8,1,5,7,10,1,1,0,19,5,4,4,4,4,4,1,1,0,40,13,13,12,3,1,0,0,2,6,19,15,10,11,1,10,14,16,0,4,47,46,38.0,40.0,9.0,6.0,7.0,13.0,566,336,486.0,269.0,235,151,251,118,25.0,20.0,5.0,2.0,3.67,1.43,3.27,1.24,0.4,0.18,3.67,1.43,3.89,0.94,0,2,18,3,1,0,3,2,1,2,0.0,0.8898,3.4097,0.4195,0.0499,0.0,0.2191,0.0534,0.0162,0.0706,13,5,1,0,9,3,0,1,0,0,2.6418,1.2428,0.6292,0.0,0.424,0.143,0.0,0.0475,0.0,0.0,23,9,13.8,15.79
4219523,2024-05-04,fra,2023/2024,Ligue 1,32,Hakim Ben El Hadj Salem,8311,Clermont Foot,9829,Monaco,0,1,4,38,62,9,23,1,8,7,5,1,10,0,1,5,19,4,4,4,4,1,4,0,1,13,40,12,13,1,3,0,0,6,2,15,19,11,10,10,1,16,14,4,0,46,47,40.0,38.0,6.0,9.0,13.0,7.0,336,566,269.0,486.0,151,235,118,251,20.0,25.0,2.0,5.0,1.43,3.67,1.24,3.27,0.18,0.4,1.43,3.67,0.94,3.89,2,0,3,18,0,1,2,3,2,1,0.8898,0.0,0.4195,3.4097,0.0,0.0499,0.0534,0.2191,0.0706,0.0162,5,13,0,1,3,9,1,0,0,0,1.2428,2.6418,0.0,0.6292,0.143,0.424,0.0475,0.0,0.0,0.0,9,23,15.79,13.8
4219528,2024-05-04,fra,2023/2024,Ligue 1,32,Jérôme Brisard,9746,Le Havre,9848,Strasbourg,1,3,1,39,61,15,5,7,3,4,2,4,0,1,0,10,3,5,2,3,2,5,3,2,2,24,15,6,13,3,1,0,0,2,0,24,10,10,5,1,5,11,15,1,3,56,41,41.0,21.0,15.0,20.0,5.0,5.0,354,563,253.0,486.0,139,227,114,259,24.0,35.0,7.0,3.0,1.84,1.02,1.52,0.9,0.32,0.12,1.84,1.02,2.34,0.58,4,1,6,2,1,0,3,2,1,0,1.142,0.1157,0.5265,0.6873,0.0557,0.0,0.1019,0.1677,0.0176,0.0,10,3,1,1,2,1,2,0,0,0,1.4909,0.7351,0.0654,0.1199,0.2229,0.1157,0.0645,0.0,0.0,0.0,15,5,14.01,13.69
4219528,2024-05-04,fra,2023/2024,Ligue 1,32,Jérôme Brisard,9848,Strasbourg,9746,Le Havre,0,1,3,61,39,5,15,3,7,2,4,0,4,0,1,3,10,2,5,2,3,3,5,2,2,15,24,13,6,1,3,0,0,0,2,10,24,5,10,5,1,15,11,3,1,41,56,21.0,41.0,20.0,15.0,5.0,5.0,563,354,486.0,253.0,227,139,259,114,35.0,24.0,3.0,7.0,1.02,1.84,0.9,1.52,0.12,0.32,1.02,1.84,0.58,2.34,1,4,2,6,0,1,2,3,0,1,0.1157,1.142,0.6873,0.5265,0.0,0.0557,0.1677,0.1019,0.0,0.0176,3,10,1,1,1,2,0,2,0,0,0.7351,1.4909,0.1199,0.0654,0.1157,0.2229,0.0,0.0645,0.0,0.0,5,15,13.69,14.01
4219529,2024-05-04,fra,2023/2024,Ligue 1,32,Ruddy Buquet,8550,Metz,9851,Rennes,1,2,3,35,65,7,21,4,9,3,5,0,7,0,0,3,13,4,8,2,5,2,2,1,0,4,40,15,14,3,3,0,0,0,1,19,17,11,10,6,1,24,14,6,1,54,58,36.0,38.0,18.0,20.0,5.0,6.0,299,564,209.0,478.0,125,188,84,290,24.0,19.0,3.0,5.0,0.61,2.18,0.59,0.97,0.02,0.43,0.61,1.39,0.9,2.91,0,0,1,8,2,5,1,5,3,3,0.0,0.0,0.2703,1.6503,0.22,0.2344,0.0336,0.2213,0.0835,0.0742,5,10,1,1,1,6,0,3,0,1,0.3873,0.5245,0.201,0.442,0.019,0.2829,0.0,0.1424,0.0,0.7884,7,21,21.03,17.97
4219529,2024-05-04,fra,2023/2024,Ligue 1,32,Ruddy Buquet,9851,Rennes,8550,Metz,0,3,2,65,35,21,7,9,4,5,3,7,0,0,0,13,3,8,4,5,2,2,2,0,1,40,4,14,15,3,3,0,0,1,0,17,19,10,11,1,6,14,24,1,6,58,54,38.0,36.0,20.0,18.0,6.0,5.0,564,299,478.0,209.0,188,125,290,84,19.0,24.0,5.0,3.0,2.18,0.61,0.97,0.59,0.43,0.02,1.39,0.61,2.91,0.9,0,0,8,1,5,2,5,1,3,3,0.0,0.0,1.6503,0.2703,0.2344,0.22,0.2213,0.0336,0.0742,0.0835,10,5,1,1,6,1,3,0,1,0,0.5245,0.3873,0.442,0.201,0.2829,0.019,0.1424,0.0,0.7884,0.0,21,7,17.97,21.03
4219530,2024-05-04,fra,2023/2024,Ligue 1,32,Clément Turpin,8521,Brest,9830,Nantes,1,0,0,72,28,9,9,2,1,5,6,2,2,0,0,5,7,4,2,6,0,1,3,1,3,17,10,7,14,3,2,0,0,0,2,14,20,5,6,2,1,15,28,1,2,54,46,32.0,31.0,22.0,15.0,4.0,4.0,705,262,617.0,181.0,325,107,292,74,36.0,20.0,4.0,6.0,0.49,1.6,0.26,1.56,0.23,0.03,0.49,1.6,0.34,0.16,0,0,5,3,0,4,3,2,1,0,0.0,0.0,0.3969,0.5181,0.0,0.9001,0.1096,0.0962,0.0045,0.0,6,6,1,1,1,0,1,2,0,0,0.235,0.8015,0.0045,0.6794,0.0766,0.0,0.1949,0.0335,0.0,0.0,9,9,17.17,15.79
4219530,2024-05-04,fra,2023/2024,Ligue 1,32,Clément Turpin,9830,Nantes,8521,Brest,0,0,0,28,72,9,9,1,2,6,5,2,2,0,0,7,5,2,4,0,6,3,1,3,1,10,17,14,7,2,3,0,0,2,0,20,14,6,5,1,2,28,15,2,1,46,54,31.0,32.0,15.0,22.0,4.0,4.0,262,705,181.0,617.0,107,325,74,292,20.0,36.0,6.0,4.0,1.6,0.49,1.56,0.26,0.03,0.23,1.6,0.49,0.16,0.34,0,0,3,5,4,0,2,3,0,1,0.0,0.0,0.5181,0.3969,0.9001,0.0,0.0962,0.1096,0.0,0.0045,6,6,1,1,0,1,2,1,0,0,0.8015,0.235,0.6794,0.0045,0.0,0.0766,0.0335,0.1949,0.0,0.0,9,9,15.79,17.17
4219524,2024-05-06,fra,2023/2024,Ligue 1,32,Benoît Bastien,8639,Lille,9748,Lyon,1,3,4,44,56,8,11,5,7,2,3,1,1,0,0,6,9,2,2,4,4,2,4,0,1,22,23,14,14,3,1,0,0,0,2,17,14,8,11,1,1,19,14,3,2,46,52,36.0,38.0,10.0,14.0,6.0,11.0,431,541,354.0,463.0,177,239,177,224,29.0,34.0,4.0,7.0,0.88,2.45,0.4,2.45,0.48,0.0,0.88,2.45,1.18,3.66,0,2,5,4,1,3,1,2,1,0,0.0,1.5008,0.769,0.4489,0.0332,0.3818,0.0569,0.114,0.0166,0.0,5,11,0,0,2,0,1,0,0,0,0.4006,2.4456,0.0,0.0,0.2996,0.0,0.1756,0.0,0.0,0.0,8,11,15.19,11.81
4219524,2024-05-06,fra,2023/2024,Ligue 1,32,Benoît Bastien,9748,Lyon,8639,Lille,0,4,3,56,44,11,8,7,5,3,2,1,1,0,0,9,6,2,2,4,4,4,2,1,0,23,22,14,14,1,3,0,0,2,0,14,17,11,8,1,1,14,19,2,3,52,46,38.0,36.0,14.0,10.0,11.0,6.0,541,431,463.0,354.0,239,177,224,177,34.0,29.0,7.0,4.0,2.45,0.88,2.45,0.4,0.0,0.48,2.45,0.88,3.66,1.18,2,0,4,5,3,1,2,1,0,1,1.5008,0.0,0.4489,0.769,0.3818,0.0332,0.114,0.0569,0.0,0.0166,11,5,0,0,0,2,0,1,0,0,2.4456,0.4006,0.0,0.0,0.0,0.2996,0.0,0.1756,0.0,0.0,11,8,11.81,15.19
4219548,2024-05-10,fra,2023/2024,Ligue 1,33,Benoît Bastien,9831,Nice,9746,Le Havre,1,1,0,58,42,13,12,6,3,5,7,2,2,0,0,9,6,4,6,6,1,4,0,3,0,22,17,10,9,2,0,0,0,2,2,10,22,4,6,2,2,14,13,3,5,42,55,27.0,39.0,15.0,16.0,9.0,9.0,525,388,465.0,317.0,301,171,164,146,14.0,25.0,2.0,4.0,1.81,0.51,1.31,0.42,0.5,0.1,1.81,0.51,1.14,0.19,1,0,6,3,2,3,4,3,0,3,0.3957,0.0,1.1246,0.1473,0.0547,0.0977,0.1317,0.0744,0.0,0.081,8,10,2,1,2,1,1,0,0,0,0.872,0.3063,0.2204,0.0543,0.4672,0.0398,0.147,0.0,0.0,0.0,13,12,16.74,21.29
4219548,2024-05-10,fra,2023/2024,Ligue 1,33,Benoît Bastien,9746,Le Havre,9831,Nice,0,0,1,42,58,12,13,3,6,7,5,2,2,0,0,6,9,6,4,1,6,0,4,0,3,17,22,9,10,0,2,0,0,2,2,22,10,6,4,2,2,13,14,5,3,55,42,39.0,27.0,16.0,15.0,9.0,9.0,388,525,317.0,465.0,171,301,146,164,25.0,14.0,4.0,2.0,0.51,1.81,0.42,1.31,0.1,0.5,0.51,1.81,0.19,1.14,0,1,3,6,3,2,3,4,3,0,0.0,0.3957,0.1473,1.1246,0.0977,0.0547,0.0744,0.1317,0.081,0.0,10,8,1,2,1,2,0,1,0,0,0.3063,0.872,0.0543,0.2204,0.0398,0.4672,0.0,0.147,0.0,0.0,12,13,21.29,16.74
4219564,2024-05-10,fra,2023/2024,Ligue 1,33,Jérôme Brisard,8521,Brest,9837,Reims,1,1,1,60,40,16,8,5,2,8,3,3,3,0,0,13,4,3,4,3,4,2,1,1,0,33,13,12,12,2,3,0,0,3,4,15,19,9,9,3,3,14,38,2,4,60,61,33.0,39.0,27.0,22.0,7.0,12.0,485,329,402.0,236.0,204,130,198,106,44.0,26.0,13.0,3.0,1.28,0.63,0.5,0.44,0.78,0.2,1.28,0.63,1.27,0.39,0,1,10,2,3,1,3,3,0,1,0.0,0.049,1.0193,0.3306,0.0656,0.0314,0.1263,0.1058,0.0,0.0427,10,3,0,2,2,2,4,1,0,0,0.6174,0.1308,0.0,0.2953,0.081,0.0858,0.5128,0.0476,0.0,0.0,16,8,14.84,19.29
4219564,2024-05-10,fra,2023/2024,Ligue 1,33,Jérôme Brisard,9837,Reims,8521,Brest,0,1,1,40,60,8,16,2,5,3,8,3,3,0,0,4,13,4,3,4,3,1,2,0,1,13,33,12,12,3,2,0,0,4,3,19,15,9,9,3,3,38,14,4,2,61,60,39.0,33.0,22.0,27.0,12.0,7.0,329,485,236.0,402.0,130,204,106,198,26.0,44.0,3.0,13.0,0.63,1.28,0.44,0.5,0.2,0.78,0.63,1.28,0.39,1.27,1,0,2,10,1,3,3,3,1,0,0.049,0.0,0.3306,1.0193,0.0314,0.0656,0.1058,0.1263,0.0427,0.0,3,10,2,0,2,2,1,4,0,0,0.1308,0.6174,0.2953,0.0,0.0858,0.081,0.0476,0.5128,0.0,0.0,8,16,19.29,14.84
4219533,2024-05-12,fra,2023/2024,Ligue 1,33,Florent Batta,9847,Paris Saint-Germain,9941,Toulouse,1,1,3,64,36,15,18,3,5,8,11,4,2,1,0,11,12,4,6,4,6,4,2,3,0,19,34,12,8,0,0,0,0,1,0,23,17,8,8,2,4,12,11,2,2,51,42,42.0,34.0,9.0,8.0,11.0,8.0,653,354,577.0,289.0,282,111,295,178,25.0,20.0,3.0,2.0,2.18,1.56,2.08,0.87,0.09,0.68,2.18,1.56,1.53,1.53,3,2,5,5,3,5,4,4,0,2,1.372,0.5924,0.5443,0.5685,0.1087,0.1552,0.1515,0.1779,0.0,0.0638,11,11,1,1,3,4,0,2,0,0,1.9901,0.8601,0.0917,0.0328,0.0948,0.4813,0.0,0.1837,0.0,0.0,15,18,16.14,17.39
4219533,2024-05-12,fra,2023/2024,Ligue 1,33,Florent Batta,9941,Toulouse,9847,Paris Saint-Germain,0,3,1,36,64,18,15,5,3,11,8,2,4,0,1,12,11,6,4,6,4,2,4,0,3,34,19,8,12,0,0,0,0,0,1,17,23,8,8,4,2,11,12,2,2,42,51,34.0,42.0,8.0,9.0,8.0,11.0,354,653,289.0,577.0,111,282,178,295,20.0,25.0,2.0,3.0,1.56,2.18,0.87,2.08,0.68,0.09,1.56,2.18,1.53,1.53,2,3,5,5,5,3,4,4,2,0,0.5924,1.372,0.5685,0.5443,0.1552,0.1087,0.1779,0.1515,0.0638,0.0,11,11,1,1,4,3,2,0,0,0,0.8601,1.9901,0.0328,0.0917,0.4813,0.0948,0.1837,0.0,0.0,0.0,18,15,17.39,16.14
4219536,2024-05-12,fra,2023/2024,Ligue 1,33,François Letexier,9848,Strasbourg,8550,Metz,1,2,1,71,29,11,11,2,2,5,7,4,2,0,1,7,6,4,5,3,6,2,0,1,0,20,14,10,10,2,2,0,0,0,1,15,21,9,11,2,4,17,22,1,0,49,45,35.0,32.0,14.0,13.0,10.0,3.0,655,252,588.0,178.0,270,91,318,87,25.0,20.0,2.0,5.0,1.32,1.12,1.19,0.66,0.13,0.46,1.32,1.12,1.31,0.34,2,0,5,4,0,2,3,5,1,0,0.6945,0.0,0.498,0.7636,0.0,0.1295,0.1079,0.2268,0.0224,0.0,10,3,0,3,1,3,0,2,0,0,1.1886,0.2677,0.0,0.3906,0.1342,0.061,0.0,0.4008,0.0,0.0,11,11,14.38,17.99
4219536,2024-05-12,fra,2023/2024,Ligue 1,33,François Letexier,8550,Metz,9848,Strasbourg,0,1,2,29,71,11,11,2,2,7,5,2,4,1,0,6,7,5,4,6,3,0,2,0,1,14,20,10,10,2,2,0,0,1,0,21,15,11,9,4,2,22,17,0,1,45,49,32.0,35.0,13.0,14.0,3.0,10.0,252,655,178.0,588.0,91,270,87,318,20.0,25.0,5.0,2.0,1.12,1.32,0.66,1.19,0.46,0.13,1.12,1.32,0.34,1.31,0,2,4,5,2,0,5,3,0,1,0.0,0.6945,0.7636,0.498,0.1295,0.0,0.2268,0.1079,0.0,0.0224,3,10,3,0,3,1,2,0,0,0,0.2677,1.1886,0.3906,0.0,0.061,0.1342,0.4008,0.0,0.0,0.0,11,11,17.99,14.38
4219540,2024-05-12,fra,2023/2024,Ligue 1,33,Benoît Millot,9851,Rennes,8588,Lens,1,1,1,57,43,16,8,6,4,6,2,4,2,0,0,12,5,4,3,4,3,4,0,3,0,30,14,12,14,2,3,0,0,0,4,24,23,7,18,2,4,9,18,3,5,59,62,42.0,40.0,17.0,22.0,5.0,6.0,546,411,474.0,324.0,230,195,244,129,22.0,21.0,5.0,2.0,1.9,0.58,1.73,0.45,0.18,0.13,1.9,0.58,,,1,0,8,4,3,1,4,1,0,2,0.1157,0.0,1.7267,0.4134,0.0923,0.0582,0.1031,0.0501,0.0,0.0543,12,5,0,0,4,2,0,1,0,0,1.8625,0.4474,0.0,0.0,0.1754,0.0612,0.0,0.0674,0.0,0.0,16,8,15.83,15.25
4219540,2024-05-12,fra,2023/2024,Ligue 1,33,Benoît Millot,8588,Lens,9851,Rennes,0,1,1,43,57,8,16,4,6,2,6,2,4,0,0,5,12,3,4,3,4,0,4,0,3,14,30,14,12,3,2,0,0,4,0,23,24,18,7,4,2,18,9,5,3,62,59,40.0,42.0,22.0,17.0,6.0,5.0,411,546,324.0,474.0,195,230,129,244,21.0,22.0,2.0,5.0,0.58,1.9,0.45,1.73,0.13,0.18,0.58,1.9,,,0,1,4,8,1,3,1,4,2,0,0.0,0.1157,0.4134,1.7267,0.0582,0.0923,0.0501,0.1031,0.0543,0.0,5,12,0,0,2,4,1,0,0,0,0.4474,1.8625,0.0,0.0,0.0612,0.1754,0.0674,0.0,0.0,0.0,8,16,15.25,15.83
4219544,2024-05-12,fra,2023/2024,Ligue 1,33,Bastien Dechepy,8592,Marseille,8689,Lorient,1,3,1,58,42,13,14,4,3,6,9,3,2,0,1,8,8,5,6,9,5,4,3,1,3,31,19,9,6,3,4,0,0,3,0,17,18,7,14,2,3,20,22,2,2,47,45,30.0,31.0,17.0,14.0,8.0,5.0,479,349,395.0,278.0,190,131,205,147,22.0,26.0,4.0,7.0,2.68,1.46,1.04,1.28,0.85,0.18,1.89,1.46,2.65,0.39,4,2,3,3,1,3,5,4,0,2,1.268,0.6599,0.9145,0.4379,0.0552,0.266,0.4398,0.0666,0.0,0.0316,6,8,1,2,4,3,1,1,1,0,0.8993,1.2214,0.1375,0.0583,0.6648,0.0465,0.1875,0.1358,0.7884,0.0,13,14,12.58,19.82
4219544,2024-05-12,fra,2023/2024,Ligue 1,33,Bastien Dechepy,8689,Lorient,8592,Marseille,0,1,3,42,58,14,13,3,4,9,6,2,3,1,0,8,8,6,5,5,9,3,4,3,1,19,31,6,9,4,3,0,0,0,3,18,17,14,7,3,2,22,20,2,2,45,47,31.0,30.0,14.0,17.0,5.0,8.0,349,479,278.0,395.0,131,190,147,205,26.0,22.0,7.0,4.0,1.46,2.68,1.28,1.04,0.18,0.85,1.46,1.89,0.39,2.65,2,4,3,3,3,1,4,5,2,0,0.6599,1.268,0.4379,0.9145,0.266,0.0552,0.0666,0.4398,0.0316,0.0,8,6,2,1,3,4,1,1,0,1,1.2214,0.8993,0.0583,0.1375,0.0465,0.6648,0.1358,0.1875,0.0,0.7884,14,13,19.82,12.58
4219552,2024-05-12,fra,2023/2024,Ligue 1,33,Pierre Gaillouste,8311,Clermont Foot,9748,Lyon,1,0,1,51,49,18,6,5,2,9,3,4,1,0,1,10,4,8,2,7,2,0,0,0,0,35,11,8,12,1,2,0,0,1,1,10,15,8,8,1,4,16,27,1,6,39,42,33.0,35.0,6.0,7.0,12.0,12.0,463,454,395.0,386.0,166,220,229,166,24.0,26.0,5.0,1.0,1.06,0.4,0.82,0.34,0.24,0.06,1.06,0.4,0.55,0.44,1,0,5,2,4,2,6,2,2,0,0.3216,0.0,0.395,0.1322,0.1516,0.089,0.2351,0.1143,0.0609,0.0,13,5,2,0,0,1,3,0,0,0,0.7595,0.296,0.1719,0.0,0.0,0.0395,0.2329,0.0,0.0,0.0,18,6,19.68,17.29
4219552,2024-05-12,fra,2023/2024,Ligue 1,33,Pierre Gaillouste,9748,Lyon,8311,Clermont Foot,0,1,0,49,51,6,18,2,5,3,9,1,4,1,0,4,10,2,8,2,7,0,0,0,0,11,35,12,8,2,1,0,0,1,1,15,10,8,8,4,1,27,16,6,1,42,39,35.0,33.0,7.0,6.0,12.0,12.0,454,463,386.0,395.0,220,166,166,229,26.0,24.0,1.0,5.0,0.4,1.06,0.34,0.82,0.06,0.24,0.4,1.06,0.44,0.55,0,1,2,5,2,4,2,6,0,2,0.0,0.3216,0.1322,0.395,0.089,0.1516,0.1143,0.2351,0.0,0.0609,5,13,0,2,1,0,0,3,0,0,0.296,0.7595,0.0,0.1719,0.0395,0.0,0.0,0.2329,0.0,0.0,6,18,17.29,19.68
4219556,2024-05-12,fra,2023/2024,Ligue 1,33,Eric Wattellier,9830,Nantes,8639,Lille,1,1,2,29,71,9,11,5,3,3,5,1,3,1,0,7,6,2,5,5,4,1,2,1,0,26,30,17,7,4,2,0,0,2,1,22,15,10,7,3,1,12,22,1,4,48,55,37.0,41.0,11.0,14.0,8.0,11.0,235,618,168.0,546.0,88,318,80,228,25.0,32.0,4.0,3.0,0.71,1.57,0.69,0.83,0.02,0.74,0.71,1.57,0.85,1.81,1,1,5,3,1,2,0,4,2,1,0.1508,0.5351,0.51,0.7738,0.0218,0.081,0.0,0.1382,0.0309,0.0431,7,5,1,0,1,3,0,3,0,0,0.5821,0.8275,0.1095,0.0,0.0218,0.6544,0.0,0.0892,0.0,0.0,9,11,16.55,17.48
4219556,2024-05-12,fra,2023/2024,Ligue 1,33,Eric Wattellier,8639,Lille,9830,Nantes,0,2,1,71,29,11,9,3,5,5,3,3,1,0,1,6,7,5,2,4,5,2,1,0,1,30,26,7,17,2,4,0,0,1,2,15,22,7,10,1,3,22,12,4,1,55,48,41.0,37.0,14.0,11.0,11.0,8.0,618,235,546.0,168.0,318,88,228,80,32.0,25.0,3.0,4.0,1.57,0.71,0.83,0.69,0.74,0.02,1.57,0.71,1.81,0.85,1,1,3,5,2,1,4,0,1,2,0.5351,0.1508,0.7738,0.51,0.081,0.0218,0.1382,0.0,0.0431,0.0309,5,7,0,1,3,1,3,0,0,0,0.8275,0.5821,0.0,0.1095,0.6544,0.0218,0.0892,0.0,0.0,0.0,11,9,17.48,16.55
4219560,2024-05-12,fra,2023/2024,Ligue 1,33,Stéphanie Frappart,10249,Montpellier,9829,Monaco,1,0,2,45,55,14,19,3,9,8,5,3,5,1,0,6,11,8,8,3,3,1,4,1,2,15,32,20,10,1,1,0,0,2,1,18,21,8,16,6,3,23,22,6,3,51,58,39.0,46.0,12.0,12.0,12.0,7.0,400,504,321.0,431.0,170,223,151,208,28.0,24.0,4.0,1.0,1.1,2.31,1.08,2.27,0.02,0.05,1.1,2.31,0.58,2.9,0,2,2,5,4,4,6,3,2,5,0.0,0.8214,0.5868,1.1252,0.1002,0.1293,0.2895,0.118,0.123,0.1808,11,13,2,4,1,1,0,1,0,0,0.8558,1.703,0.2229,0.6287,0.0209,0.0113,0.0,0.0318,0.0,0.0,14,19,22.85,18.31
4219560,2024-05-12,fra,2023/2024,Ligue 1,33,Stéphanie Frappart,9829,Monaco,10249,Montpellier,0,2,0,55,45,19,14,9,3,5,8,5,3,0,1,11,6,8,8,3,3,4,1,2,1,32,15,10,20,1,1,0,0,1,2,21,18,16,8,3,6,22,23,3,6,58,51,46.0,39.0,12.0,12.0,7.0,12.0,504,400,431.0,321.0,223,170,208,151,24.0,28.0,1.0,4.0,2.31,1.1,2.27,1.08,0.05,0.02,2.31,1.1,2.9,0.58,2,0,5,2,4,4,3,6,5,2,0.8214,0.0,1.1252,0.5868,0.1293,0.1002,0.118,0.2895,0.1808,0.123,13,11,4,2,1,1,1,0,0,0,1.703,0.8558,0.6287,0.2229,0.0113,0.0209,0.0318,0.0,0.0,0.0,19,14,18.31,22.85
4219525,2024-05-15,fra,2023/2024,Ligue 1,32,Ruddy Buquet,9831,Nice,9847,Paris Saint-Germain,1,1,2,36,64,12,11,4,4,6,4,2,3,1,1,8,5,4,6,7,2,5,4,5,2,17,12,13,10,1,3,1,0,0,0,13,19,18,8,3,2,5,21,2,3,35,42,28.0,38.0,7.0,4.0,6.0,7.0,392,714,344.0,644.0,235,382,109,262,20.0,25.0,3.0,1.0,1.38,0.97,1.28,0.97,0.1,0.0,1.38,0.97,1.6,0.71,2,2,6,1,0,2,4,4,0,2,0.4798,0.7009,0.8612,0.0671,0.0,0.0569,0.185,0.0964,0.0,0.0275,8,11,1,0,3,0,0,0,0,0,1.2697,0.9488,0.1126,0.0,0.1437,0.0,0.0,0.0,0.0,0.0,12,11,15.22,19.64
4219525,2024-05-15,fra,2023/2024,Ligue 1,32,Ruddy Buquet,9847,Paris Saint-Germain,9831,Nice,0,2,1,64,36,11,12,4,4,4,6,3,2,1,1,5,8,6,4,2,7,4,5,2,5,12,17,10,13,3,1,0,1,0,0,19,13,8,18,2,3,21,5,3,2,42,35,38.0,28.0,4.0,7.0,7.0,6.0,714,392,644.0,344.0,382,235,262,109,25.0,20.0,1.0,3.0,0.97,1.38,0.97,1.28,0.0,0.1,0.97,1.38,0.71,1.6,2,2,1,6,2,0,4,4,2,0,0.7009,0.4798,0.0671,0.8612,0.0569,0.0,0.0964,0.185,0.0275,0.0,11,8,0,1,0,3,0,0,0,0,0.9488,1.2697,0.0,0.1126,0.0,0.1437,0.0,0.0,0.0,0.0,11,12,19.64,15.22
4219526,2024-05-15,fra,2023/2024,Ligue 1,32,Hakim Ben El Hadj Salem,9837,Reims,8592,Marseille,1,1,0,38,62,9,20,2,3,4,9,3,8,1,0,8,14,1,6,3,10,1,3,1,3,28,33,17,9,3,1,0,0,3,2,24,16,13,10,8,3,29,9,3,2,56,49,45.0,39.0,11.0,10.0,13.0,7.0,322,508,255.0,429.0,126,232,129,197,28.0,32.0,1.0,14.0,1.12,1.74,1.12,0.93,0.0,0.81,1.12,1.74,0.12,0.54,0,1,5,11,3,2,0,4,1,2,0.0,0.1,0.9757,1.1964,0.1196,0.2883,0.0,0.1226,0.0295,0.0346,9,8,0,1,0,10,0,1,0,0,1.1247,0.8932,0.0,0.0396,0.0,0.5902,0.0,0.2188,0.0,0.0,9,20,16.64,15.75
4219526,2024-05-15,fra,2023/2024,Ligue 1,32,Hakim Ben El Hadj Salem,8592,Marseille,9837,Reims,0,0,1,62,38,20,9,3,2,9,4,8,3,0,1,14,8,6,1,10,3,3,1,3,1,33,28,9,17,1,3,0,0,2,3,16,24,10,13,3,8,9,29,2,3,49,56,39.0,45.0,10.0,11.0,7.0,13.0,508,322,429.0,255.0,232,126,197,129,32.0,28.0,14.0,1.0,1.74,1.12,0.93,1.12,0.81,0.0,1.74,1.12,0.54,0.12,1,0,11,5,2,3,4,0,2,1,0.1,0.0,1.1964,0.9757,0.2883,0.1196,0.1226,0.0,0.0346,0.0295,8,9,1,0,10,0,1,0,0,0,0.8932,1.1247,0.0396,0.0,0.5902,0.0,0.2188,0.0,0.0,0.0,20,9,15.75,16.64
4219170,2024-05-19,fra,2023/2024,Ligue 1,34,Jérémie Pignard,9941,Toulouse,8521,Brest,1,0,3,52,48,8,12,2,6,2,5,4,1,1,0,6,7,2,5,6,2,2,1,2,1,22,15,12,17,1,2,0,0,4,0,12,19,8,12,1,4,17,13,4,2,50,57,37.0,38.0,13.0,19.0,9.0,7.0,492,454,409.0,380.0,244,210,165,170,33.0,37.0,3.0,5.0,0.88,1.63,0.68,1.51,0.2,0.12,0.88,1.63,0.46,1.83,0,1,4,5,2,1,2,4,0,1,0.0,0.5273,0.6052,0.7875,0.1551,0.0357,0.1159,0.2791,0.0,0.0049,6,7,0,3,2,0,0,2,0,0,0.6795,0.5526,0.0,0.9595,0.1968,0.0,0.0,0.1224,0.0,0.0,8,12,16.0,17.93
4219170,2024-05-19,fra,2023/2024,Ligue 1,34,Jérémie Pignard,8521,Brest,9941,Toulouse,0,3,0,48,52,12,8,6,2,5,2,1,4,0,1,7,6,5,2,2,6,1,2,1,2,15,22,17,12,2,1,0,0,0,4,19,12,12,8,4,1,13,17,2,4,57,50,38.0,37.0,19.0,13.0,7.0,9.0,454,492,380.0,409.0,210,244,170,165,37.0,33.0,5.0,3.0,1.63,0.88,1.51,0.68,0.12,0.2,1.63,0.88,1.83,0.46,1,0,5,4,1,2,4,2,1,0,0.5273,0.0,0.7875,0.6052,0.0357,0.1551,0.2791,0.1159,0.0049,0.0,7,6,3,0,0,2,2,0,0,0,0.5526,0.6795,0.9595,0.0,0.0,0.1968,0.1224,0.0,0.0,0.0,12,8,17.93,16.0
4219171,2024-05-19,fra,2023/2024,Ligue 1,34,Clément Turpin,8689,Lorient,8311,Clermont Foot,1,5,0,44,56,32,9,10,4,13,3,9,2,1,0,20,3,12,6,9,2,6,1,2,1,48,13,20,8,3,3,0,0,3,2,21,18,10,8,2,8,15,46,4,5,56,60,39.0,44.0,17.0,16.0,10.0,7.0,368,502,287.0,406.0,105,250,182,156,31.0,32.0,9.0,2.0,4.3,0.83,3.25,0.83,0.26,0.0,3.51,0.83,5.26,0.9,5,0,6,3,9,0,12,5,0,1,2.5008,0.0,1.1352,0.4731,0.3118,0.0,0.3917,0.321,0.0,0.0349,21,8,2,1,6,0,2,0,1,0,2.7037,0.7494,0.5851,0.0797,0.1871,0.0,0.0753,0.0,0.7884,0.0,32,9,18.14,18.57
4219171,2024-05-19,fra,2023/2024,Ligue 1,34,Clément Turpin,8311,Clermont Foot,8689,Lorient,0,0,5,56,44,9,32,4,10,3,13,2,9,0,1,3,20,6,12,2,9,1,6,1,2,13,48,8,20,3,3,0,0,2,3,18,21,8,10,8,2,46,15,5,4,60,56,44.0,39.0,16.0,17.0,7.0,10.0,502,368,406.0,287.0,250,105,156,182,32.0,31.0,2.0,9.0,0.83,4.3,0.83,3.25,0.0,0.26,0.83,3.51,0.9,5.26,0,5,3,6,0,9,5,12,1,0,0.0,2.5008,0.4731,1.1352,0.0,0.3118,0.321,0.3917,0.0349,0.0,8,21,1,2,0,6,0,2,0,1,0.7494,2.7037,0.0797,0.5851,0.0,0.1871,0.0,0.0753,0.0,0.7884,9,32,18.57,18.14
4219172,2024-05-19,fra,2023/2024,Ligue 1,34,Romain Lissorgue,9829,Monaco,9830,Nantes,1,4,0,62,38,10,6,6,3,3,1,1,2,1,0,8,3,2,3,2,2,3,1,0,1,19,15,14,23,1,2,0,0,2,2,24,23,10,11,3,1,1,18,2,2,61,52,54.0,48.0,7.0,4.0,9.0,12.0,608,373,537.0,301.0,320,185,217,116,27.0,23.0,3.0,0.0,1.46,0.96,0.55,0.73,0.12,0.23,0.67,0.96,3.13,0.15,1,0,5,3,2,0,1,2,1,1,0.2542,0.0,1.0323,0.7306,0.1018,0.0,0.0683,0.1701,0.0057,0.0569,7,1,0,2,1,1,1,2,1,0,0.5522,0.2523,0.0,0.4783,0.0336,0.0356,0.0882,0.1914,0.7884,0.0,10,6,18.54,16.83
4219172,2024-05-19,fra,2023/2024,Ligue 1,34,Romain Lissorgue,9830,Nantes,9829,Monaco,0,0,4,38,62,6,10,3,6,1,3,2,1,0,1,3,8,3,2,2,2,1,3,1,0,15,19,23,14,2,1,0,0,2,2,23,24,11,10,1,3,18,1,2,2,52,61,48.0,54.0,4.0,7.0,12.0,9.0,373,608,301.0,537.0,185,320,116,217,23.0,27.0,0.0,3.0,0.96,1.46,0.73,0.55,0.23,0.12,0.96,0.67,0.15,3.13,0,1,3,5,0,2,2,1,1,1,0.0,0.2542,0.7306,1.0323,0.0,0.1018,0.1701,0.0683,0.0569,0.0057,1,7,2,0,1,1,2,1,0,1,0.2523,0.5522,0.4783,0.0,0.0356,0.0336,0.1914,0.0882,0.0,0.7884,6,10,16.83,18.54
4219173,2024-05-19,fra,2023/2024,Ligue 1,34,Willy Delajod,8639,Lille,9831,Nice,1,2,2,55,45,11,10,3,4,7,3,1,3,0,0,7,7,4,3,3,5,5,2,3,0,24,23,9,9,3,3,1,0,0,2,20,12,10,12,3,1,11,12,2,1,52,43,34.0,33.0,18.0,10.0,5.0,12.0,543,441,479.0,380.0,227,229,252,151,21.0,30.0,7.0,2.0,1.22,0.86,0.57,0.8,0.65,0.06,1.22,0.86,0.61,1.67,4,2,4,2,0,3,2,1,2,2,0.8433,0.6006,0.4144,0.1054,0.0,0.1324,0.0428,0.0155,0.0425,0.0098,7,8,0,0,3,2,2,0,0,0,0.5683,0.8023,0.0,0.0,0.4493,0.0613,0.3255,0.0,0.0,0.0,12,10,13.73,17.75
4219173,2024-05-19,fra,2023/2024,Ligue 1,34,Willy Delajod,9831,Nice,8639,Lille,0,2,2,45,55,10,11,4,3,3,7,3,1,0,0,7,7,3,4,5,3,2,5,0,3,23,24,9,9,3,3,0,1,2,0,12,20,12,10,1,3,12,11,1,2,43,52,33.0,34.0,10.0,18.0,12.0,5.0,441,543,380.0,479.0,229,227,151,252,30.0,21.0,2.0,7.0,0.86,1.22,0.8,0.57,0.06,0.65,0.86,1.22,1.67,0.61,2,4,2,4,3,0,1,2,2,2,0.6006,0.8433,0.1054,0.4144,0.1324,0.0,0.0155,0.0428,0.0098,0.0425,8,7,0,0,2,3,0,2,0,0,0.8023,0.5683,0.0,0.0,0.0613,0.4493,0.0,0.3255,0.0,0.0,10,12,17.75,13.73
4219174,2024-05-19,fra,2023/2024,Ligue 1,34,Eric Wattellier,9748,Lyon,9848,Strasbourg,1,2,1,63,37,15,10,6,4,7,4,2,2,0,1,13,4,2,6,7,2,5,1,3,1,34,11,7,10,1,1,0,0,2,1,14,21,7,10,2,2,15,22,3,4,42,38,28.0,35.0,14.0,3.0,6.0,8.0,573,333,509.0,266.0,274,144,235,122,27.0,16.0,5.0,1.0,2.85,1.15,1.58,0.3,0.48,0.06,2.06,0.36,2.77,0.94,1,0,12,2,0,2,2,5,0,1,0.3892,0.0,2.4392,0.8581,0.0,0.0784,0.0781,0.1965,0.0,0.0171,9,5,1,2,4,0,0,2,1,1,1.23,0.1973,0.382,0.1049,0.5061,0.0,0.0,0.0594,0.7884,0.7884,15,10,13.29,21.68
4219174,2024-05-19,fra,2023/2024,Ligue 1,34,Eric Wattellier,9848,Strasbourg,9748,Lyon,0,1,2,37,63,10,15,4,6,4,7,2,2,1,0,4,13,6,2,2,7,1,5,1,3,11,34,10,7,1,1,0,0,1,2,21,14,10,7,2,2,22,15,4,3,38,42,35.0,28.0,3.0,14.0,8.0,6.0,333,573,266.0,509.0,144,274,122,235,16.0,27.0,1.0,5.0,1.15,2.85,0.3,1.58,0.06,0.48,0.36,2.06,0.94,2.77,0,1,2,12,2,0,5,2,1,0,0.0,0.3892,0.8581,2.4392,0.0784,0.0,0.1965,0.0781,0.0171,0.0,5,9,2,1,0,4,2,0,1,1,0.1973,1.23,0.1049,0.382,0.0,0.5061,0.0594,0.0,0.7884,0.7884,10,15,21.68,13.29
4219175,2024-05-19,fra,2023/2024,Ligue 1,34,Mathieu Vernice,9837,Reims,9851,Rennes,1,2,1,35,65,6,15,4,5,1,2,1,8,0,0,2,11,4,4,2,4,2,1,1,1,11,30,11,17,1,1,0,0,3,4,26,17,12,10,7,1,23,8,4,2,55,55,51.0,46.0,4.0,9.0,8.0,18.0,320,594,242.0,528.0,182,238,60,290,14.0,38.0,1.0,2.0,1.33,1.49,0.51,1.35,0.04,0.14,0.54,1.49,1.98,0.96,0,0,2,6,0,5,3,3,1,1,0.0,0.0,1.2211,1.0577,0.0,0.2957,0.0907,0.1212,0.0191,0.0179,4,11,0,0,1,2,0,2,1,0,0.5075,1.3511,0.0,0.0,0.0351,0.0669,0.0,0.0745,0.7884,0.0,6,15,18.8,17.55
4219175,2024-05-19,fra,2023/2024,Ligue 1,34,Mathieu Vernice,9851,Rennes,9837,Reims,0,1,2,65,35,15,6,5,4,2,1,8,1,0,0,11,2,4,4,4,2,1,2,1,1,30,11,17,11,1,1,0,0,4,3,17,26,10,12,1,7,8,23,2,4,55,55,46.0,51.0,9.0,4.0,18.0,8.0,594,320,528.0,242.0,238,182,290,60,38.0,14.0,2.0,1.0,1.49,1.33,1.35,0.51,0.14,0.04,1.49,0.54,0.96,1.98,0,0,6,2,5,0,3,3,1,1,0.0,0.0,1.0577,1.2211,0.2957,0.0,0.1212,0.0907,0.0179,0.0191,11,4,0,0,2,1,2,0,0,1,1.3511,0.5075,0.0,0.0,0.0669,0.0351,0.0745,0.0,0.0,0.7884,15,6,17.55,18.8
4219176,2024-05-19,fra,2023/2024,Ligue 1,34,Thomas Léonard,8588,Lens,10249,Montpellier,1,2,2,55,45,27,11,13,2,9,2,5,7,3,0,23,5,4,6,1,0,9,2,7,0,49,20,10,13,0,1,0,0,4,0,27,22,8,9,5,5,20,15,1,10,63,46,52.0,38.0,11.0,8.0,12.0,6.0,553,454,482.0,373.0,219,239,263,134,34.0,26.0,3.0,3.0,5.24,0.82,5.17,0.65,0.08,0.17,5.24,0.82,3.9,0.97,5,0,10,5,9,0,3,4,0,2,2.4294,0.0,2.3703,0.5461,0.6435,0.0,0.0899,0.2138,0.0,0.0614,24,9,1,0,1,0,1,2,0,0,4.7616,0.6544,0.6956,0.0,0.0171,0.0,0.0587,0.167,0.0,0.0,27,11,13.22,19.38
4219176,2024-05-19,fra,2023/2024,Ligue 1,34,Thomas Léonard,10249,Montpellier,8588,Lens,0,2,2,45,55,11,27,2,13,2,9,7,5,0,3,5,23,6,4,0,1,2,9,0,7,20,49,13,10,1,0,0,0,0,4,22,27,9,8,5,5,15,20,10,1,46,63,38.0,52.0,8.0,11.0,6.0,12.0,454,553,373.0,482.0,239,219,134,263,26.0,34.0,3.0,3.0,0.82,5.24,0.65,5.17,0.17,0.08,0.82,5.24,0.97,3.9,0,5,5,10,0,9,4,3,2,0,0.0,2.4294,0.5461,2.3703,0.0,0.6435,0.2138,0.0899,0.0614,0.0,9,24,0,1,0,1,2,1,0,0,0.6544,4.7616,0.0,0.6956,0.0,0.0171,0.167,0.0587,0.0,0.0,11,27,19.38,13.22
4219177,2024-05-19,fra,2023/2024,Ligue 1,34,Jeremy Stinat,9746,Le Havre,8592,Marseille,1,1,2,44,56,13,22,6,7,6,11,1,4,1,1,10,11,3,11,5,3,4,4,3,3,17,35,11,11,1,0,0,0,1,2,14,17,17,12,4,1,17,9,5,5,45,44,31.0,32.0,14.0,12.0,9.0,5.0,428,538,339.0,457.0,213,214,126,243,18.0,34.0,4.0,5.0,1.8,1.53,0.83,1.37,0.18,0.16,1.01,1.53,2.71,2.67,1,2,6,7,3,2,1,5,2,6,0.1034,0.2453,1.3842,0.7695,0.2107,0.1154,0.019,0.2746,0.0852,0.1358,5,17,1,2,4,2,2,1,1,0,0.68,1.1449,0.1501,0.2391,0.1365,0.1164,0.0475,0.0403,0.7884,0.0,13,22,16.71,18.1
4219177,2024-05-19,fra,2023/2024,Ligue 1,34,Jeremy Stinat,8592,Marseille,9746,Le Havre,0,2,1,56,44,22,13,7,6,11,6,4,1,1,1,11,10,11,3,3,5,4,4,3,3,35,17,11,11,0,1,0,0,2,1,17,14,12,17,1,4,9,17,5,5,44,45,32.0,31.0,12.0,14.0,5.0,9.0,538,428,457.0,339.0,214,213,243,126,34.0,18.0,5.0,4.0,1.53,1.8,1.37,0.83,0.16,0.18,1.53,1.01,2.67,2.71,2,1,7,6,2,3,5,1,6,2,0.2453,0.1034,0.7695,1.3842,0.1154,0.2107,0.2746,0.019,0.1358,0.0852,17,5,2,1,2,4,1,2,0,1,1.1449,0.68,0.2391,0.1501,0.1164,0.1365,0.0403,0.0475,0.0,0.7884,22,13,18.1,16.71
4219178,2024-05-19,fra,2023/2024,Ligue 1,34,Gaël Angoula,8550,Metz,9847,Paris Saint-Germain,1,0,2,24,76,10,20,2,8,6,9,2,3,1,2,8,14,2,6,1,10,2,5,2,4,15,35,6,9,2,1,0,0,0,1,10,11,11,8,4,2,21,12,5,2,32,46,25.0,26.0,7.0,20.0,6.0,9.0,239,789,172.0,721.0,91,217,81,504,23.0,24.0,3.0,6.0,0.87,2.04,0.78,1.93,0.09,0.11,0.87,2.04,0.7,3.22,0,1,5,9,3,4,1,3,1,3,0.0,0.4182,0.6725,1.271,0.1066,0.1886,0.0371,0.1088,0.0532,0.0501,6,15,2,1,0,3,2,1,0,0,0.5938,1.8162,0.1842,0.115,0.0,0.0784,0.0914,0.027,0.0,0.0,10,20,15.35,16.97
4219178,2024-05-19,fra,2023/2024,Ligue 1,34,Gaël Angoula,9847,Paris Saint-Germain,8550,Metz,0,2,0,76,24,20,10,8,2,9,6,3,2,2,1,14,8,6,2,10,1,5,2,4,2,35,15,9,6,1,2,0,0,1,0,11,10,8,11,2,4,12,21,2,5,46,32,26.0,25.0,20.0,7.0,9.0,6.0,789,239,721.0,172.0,217,91,504,81,24.0,23.0,6.0,3.0,2.04,0.87,1.93,0.78,0.11,0.09,2.04,0.87,3.22,0.7,1,0,9,5,4,3,3,1,3,1,0.4182,0.0,1.271,0.6725,0.1886,0.1066,0.1088,0.0371,0.0501,0.0532,15,6,1,2,3,0,1,2,0,0,1.8162,0.5938,0.115,0.1842,0.0784,0.0,0.027,0.0914,0.0,0.0,20,10,16.97,15.35
