match_id,date,league,season,competition,round,referee,team_id,team,opp_id,opp,is_home,gf,ga,poss,poss_ag,shots,shots_ag,sot,sot_ag,shots_off,shots_off_ag,shots_blocked,shots_blocked_ag,woodwork,woodwork_ag,shots_box,shots_box_ag,shots_obox,shots_obox_ag,corners,corners_ag,bigchance,bigchance_ag,bigchance_missed,bigchance_missed_ag,touches_box,touches_box_ag,fouls,fouls_ag,yellow,yellow_ag,red,red_ag,offsides,offsides_ag,tackles,tackles_ag,interceptions,interceptions_ag,blocks,blocks_ag,clearances,clearances_ag,saves,saves_ag,duels_won,duels_won_ag,ground_duels_won,ground_duels_won_ag,aerials_won,aerials_won_ag,dribbles,dribbles_ag,passes,passes_ag,passes_acc,passes_acc_ag,passes_own_half,passes_own_half_ag,passes_opp_half,passes_opp_half_ag,long_balls_acc,long_balls_acc_ag,crosses_acc,crosses_acc_ag,xg,xg_ag,xg_op,xg_op_ag,xg_sp,xg_sp_ag,xg_np,xg_np_ag,xgot,xgot_ag,z_sixyard,z_sixyard_ag,z_box_c,z_box_c_ag,z_box_w,z_box_w_ag,z_out_c,z_out_c_ag,z_out_w,z_out_w_ag,z_sixyard_xg,z_sixyard_xg_ag,z_box_c_xg,z_box_c_xg_ag,z_box_w_xg,z_box_w_xg_ag,z_out_c_xg,z_out_c_xg_ag,z_out_w_xg,z_out_w_xg_ag,s_open,s_open_ag,s_fastbreak,s_fastbreak_ag,s_corner,s_corner_ag,s_freekick,s_freekick_ag,s_penalty,s_penalty_ag,s_open_xg,s_open_xg_ag,s_fastbreak_xg,s_fastbreak_xg_ag,s_corner_xg,s_corner_xg_ag,s_freekick_xg,s_freekick_xg_ag,s_penalty_xg,s_penalty_xg_ag,shotmap_n,shotmap_n_ag,shot_dist_avg,shot_dist_avg_ag
4535246,2024-08-17,ita,2024/2025,Serie A,1,Michael Fabbri,8534,Empoli,6504,Monza,1,0,0,38,62,11,6,2,1,3,2,6,3,0,0,8,4,3,2,7,3,0,0,0,0,14,12,16,19,1,1,0,0,4,1,17,14,4,8,3,6,21,17,1,2,57,56,41.0,33.0,16.0,23.0,6.0,4.0,260,442,180.0,341.0,61,254,119,87,14.0,25.0,3.0,1.0,0.47,0.34,0.33,0.1,0.14,0.24,0.47,0.34,0.17,0.14,0,0,5,2,3,2,2,2,1,0,0.0,0.0,0.2646,0.2059,0.1238,0.0692,0.064,0.0607,0.0138,0.0,5,3,1,0,2,3,3,0,0,0,0.2984,0.1003,0.0327,0.0,0.0596,0.2355,0.0756,0.0,0.0,0.0,11,6,17.4,16.56
4535246,2024-08-17,ita,2024/2025,Serie A,1,Michael Fabbri,6504,Monza,8534,Empoli,0,0,0,62,38,6,11,1,2,2,3,3,6,0,0,4,8,2,3,3,7,0,0,0,0,12,14,19,16,1,1,0,0,1,4,14,17,8,4,6,3,17,21,2,1,56,57,33.0,41.0,23.0,16.0,4.0,6.0,442,260,341.0,180.0,254,61,87,119,25.0,14.0,1.0,3.0,0.34,0.47,0.1,0.33,0.24,0.14,0.34,0.47,0.14,0.17,0,0,2,5,2,3,2,2,0,1,0.0,0.0,0.2059,0.2646,0.0692,0.1238,0.0607,0.064,0.0,0.0138,3,5,0,1,3,2,0,3,0,0,0.1003,0.2984,0.0,0.0327,0.2355,0.0596,0.0,0.0756,0.0,0.0,6,11,16.56,17.4
4535247,2024-08-17,ita,2024/2025,Serie A,1,Ermanno Feliciani,10233,Genoa,8636,Inter,1,2,2,33,67,13,17,7,8,5,6,1,3,0,0,9,13,4,4,1,4,4,3,2,2,14,26,16,16,1,2,0,0,0,6,10,11,12,3,3,1,22,18,5,5,45,51,33.0,26.0,12.0,25.0,9.0,4.0,233,489,174.0,429.0,97,191,77,238,22.0,11.0,3.0,6.0,2.11,1.96,0.41,1.73,0.91,0.23,1.32,1.96,2.71,2.89,1,1,6,9,2,3,2,1,2,3,0.6936,0.279,1.8396,1.3193,0.0633,0.2336,0.0336,0.0746,0.0628,0.1051,6,11,0,2,0,3,6,1,1,0,0.409,1.4207,0.0,0.3633,0.0,0.1571,1.4955,0.0706,0.7884,0.0,13,17,16.76,13.74
4535247,2024-08-17,ita,2024/2025,Serie A,1,Ermanno Feliciani,8636,Inter,10233,Genoa,0,2,2,67,33,17,13,8,7,6,5,3,1,0,0,13,9,4,4,4,1,3,4,2,2,26,14,16,16,2,1,0,0,6,0,11,10,3,12,1,3,18,22,5,5,51,45,26.0,33.0,25.0,12.0,4.0,9.0,489,233,429.0,174.0,191,97,238,77,11.0,22.0,6.0,3.0,1.96,2.11,1.73,0.41,0.23,0.91,1.96,1.32,2.89,2.71,1,1,9,6,3,2,1,2,3,2,0.279,0.6936,1.3193,1.8396,0.2336,0.0633,0.0746,0.0336,0.1051,0.0628,11,6,2,0,3,0,1,6,0,1,1.4207,0.409,0.3633,0.0,0.1571,0.0,0.0706,1.4955,0.0,0.7884,17,13,13.74,16.76
4535252,2024-08-17,ita,2024/2025,Serie A,1,Fabio Maresca,8564,Milan,9804,Torino,1,2,2,56,44,26,7,6,3,10,3,10,1,0,1,15,3,11,4,9,2,4,2,3,1,41,8,10,7,3,5,0,0,2,1,8,8,4,2,1,11,8,30,2,3,43,30,22.0,21.0,21.0,9.0,8.0,4.0,493,411,453.0,358.0,155,247,298,111,21.0,30.0,12.0,2.0,2.13,0.99,1.53,0.93,0.6,0.06,2.13,0.99,0.85,1.32,2,1,9,2,4,0,5,2,6,2,0.5244,0.7244,0.9538,0.0904,0.4087,0.0,0.1319,0.1194,0.1505,0.0535,19,6,1,0,5,1,1,0,0,0,1.1741,0.9305,0.3583,0.0,0.5921,0.0572,0.0448,0.0,0.0,0.0,26,7,17.93,16.16
4535252,2024-08-17,ita,2024/2025,Serie A,1,Fabio Maresca,9804,Torino,8564,Milan,0,2,2,44,56,7,26,3,6,3,10,1,10,1,0,3,15,4,11,2,9,2,4,1,3,8,41,7,10,5,3,0,0,1,2,8,8,2,4,11,1,30,8,3,2,30,43,21.0,22.0,9.0,21.0,4.0,8.0,411,493,358.0,453.0,247,155,111,298,30.0,21.0,2.0,12.0,0.99,2.13,0.93,1.53,0.06,0.6,0.99,2.13,1.32,0.85,1,2,2,9,0,4,2,5,2,6,0.7244,0.5244,0.0904,0.9538,0.0,0.4087,0.1194,0.1319,0.0535,0.1505,6,19,0,1,1,5,0,1,0,0,0.9305,1.1741,0.0,0.3583,0.0572,0.5921,0.0,0.0448,0.0,0.0,7,26,16.16,17.93
4535253,2024-08-17,ita,2024/2025,Serie A,1,Giovanni Ayroldi,10167,Parma,8535,Fiorentina,1,1,1,39,61,14,15,6,7,4,3,4,5,1,0,12,6,2,9,4,9,3,1,3,1,23,19,15,9,3,0,0,1,1,5,16,7,8,5,5,4,28,25,6,5,39,38,30.0,27.0,9.0,11.0,6.0,9.0,265,416,199.0,353.0,103,176,96,177,19.0,21.0,1.0,2.0,1.82,0.75,1.54,0.65,0.29,0.11,1.82,0.75,1.57,1.49,0,0,7,2,5,4,2,3,0,6,0.0,0.0,1.3578,0.3691,0.4371,0.2111,0.0511,0.0586,0.0,0.1159,11,12,0,0,1,2,2,1,0,0,1.5602,0.6489,0.0,0.0,0.0675,0.066,0.2183,0.0397,0.0,0.0,14,15,16.44,21.86
4535253,2024-08-17,ita,2024/2025,Serie A,1,Giovanni Ayroldi,8535,Fiorentina,10167,Parma,0,1,1,61,39,15,14,7,6,3,4,5,4,0,1,6,12,9,2,9,4,1,3,1,3,19,23,9,15,0,3,1,0,5,1,7,16,5,8,4,5,25,28,5,6,38,39,27.0,30.0,11.0,9.0,9.0,6.0,416,265,353.0,199.0,176,103,177,96,21.0,19.0,2.0,1.0,0.75,1.82,0.65,1.54,0.11,0.29,0.75,1.82,1.49,1.57,0,0,2,7,4,5,3,2,6,0,0.0,0.0,0.3691,1.3578,0.2111,0.4371,0.0586,0.0511,0.1159,0.0,12,11,0,0,2,1,1,2,0,0,0.6489,1.5602,0.0,0.0,0.066,0.0675,0.0397,0.2183,0.0,0.0,15,14,21.86,16.44
4535244,2024-08-18,ita,2024/2025,Serie A,1,Maria Sole Ferrieri Caputi,9857,Bologna,8600,Udinese,1,1,1,74,26,22,4,7,2,8,0,7,2,0,0,17,3,5,1,9,5,5,1,4,1,40,11,17,17,0,4,0,0,1,1,16,15,3,10,2,8,15,24,1,5,54,48,36.0,38.0,18.0,10.0,6.0,7.0,562,200,493.0,131.0,266,79,227,52,37.0,18.0,8.0,2.0,3.25,0.99,2.18,0.01,0.28,0.18,2.46,0.2,2.16,1.37,1,1,10,2,6,0,3,0,2,1,0.2493,0.0708,2.5085,0.9025,0.428,0.0,0.0945,0.0,0.0577,0.012,14,1,1,0,4,2,2,0,1,1,1.5973,0.012,0.6766,0.0,0.2143,0.1849,0.0614,0.0,0.7884,0.7884,22,4,15.52,13.32
4535244,2024-08-18,ita,2024/2025,Serie A,1,Maria Sole Ferrieri Caputi,8600,Udinese,9857,Bologna,0,1,1,26,74,4,22,2,7,0,8,2,7,0,0,3,17,1,5,5,9,1,5,1,4,11,40,17,17,4,0,0,0,1,1,15,16,10,3,8,2,24,15,5,1,48,54,38.0,36.0,10.0,18.0,7.0,6.0,200,562,131.0,493.0,79,266,52,227,18.0,37.0,2.0,8.0,0.99,3.25,0.01,2.18,0.18,0.28,0.2,2.46,1.37,2.16,1,1,2,10,0,6,0,3,1,2,0.0708,0.2493,0.9025,2.5085,0.0,0.428,0.0,0.0945,0.012,0.0577,1,14,0,1,2,4,0,2,1,1,0.012,1.5973,0.0,0.6766,0.1849,0.2143,0.0,0.0614,0.7884,0.7884,4,22,13.32,15.52
4535245,2024-08-18,ita,2024/2025,Serie A,1,Livio Marinelli,8529,Cagliari,8686,Roma,1,0,0,43,57,13,15,2,3,8,7,3,5,1,1,8,6,5,9,5,3,2,1,2,1,13,26,15,7,2,0,0,0,3,2,13,9,15,8,5,3,26,15,3,2,39,39,28.0,28.0,11.0,11.0,8.0,5.0,333,446,258.0,364.0,155,185,103,179,33.0,25.0,3.0,7.0,0.98,0.94,0.76,0.85,0.22,0.1,0.98,0.94,0.23,0.49,0,1,5,4,3,1,5,4,0,5,0.0,0.2791,0.6601,0.2924,0.0698,0.0391,0.2561,0.1544,0.0,0.1903,8,12,3,0,1,0,1,3,0,0,0.6181,0.8564,0.1471,0.0,0.2127,0.0,0.0082,0.0989,0.0,0.0,13,15,17.46,18.88
4535245,2024-08-18,ita,2024/2025,Serie A,1,Livio Marinelli,8686,Roma,8529,Cagliari,0,0,0,57,43,15,13,3,2,7,8,5,3,1,1,6,8,9,5,3,5,1,2,1,2,26,13,7,15,0,2,0,0,2,3,9,13,8,15,3,5,15,26,2,3,39,39,28.0,28.0,11.0,11.0,5.0,8.0,446,333,364.0,258.0,185,155,179,103,25.0,33.0,7.0,3.0,0.94,0.98,0.85,0.76,0.1,0.22,0.94,0.98,0.49,0.23,1,0,4,5,1,3,4,5,5,0,0.2791,0.0,0.2924,0.6601,0.0391,0.0698,0.1544,0.2561,0.1903,0.0,12,8,0,3,0,1,3,1,0,0,0.8564,0.6181,0.0,0.1471,0.0,0.2127,0.0989,0.0082,0.0,0.0,15,13,18.88,17.46
4535248,2024-08-18,ita,2024/2025,Serie A,1,Matteo Marchetti,9876,Hellas Verona,9875,Napoli,1,3,0,33,67,9,14,4,4,5,8,0,2,0,1,6,9,3,5,1,5,3,1,0,1,10,18,15,13,4,1,0,0,2,0,18,8,10,5,2,0,23,7,4,1,50,54,36.0,29.0,14.0,25.0,6.0,8.0,275,546,185.0,460.0,103,213,82,247,19.0,12.0,3.0,6.0,1.85,0.96,1.82,0.77,0.03,0.19,1.85,0.96,3.01,0.66,1,1,3,6,2,2,2,4,1,1,0.7089,0.107,0.5763,0.4324,0.1346,0.1429,0.4047,0.2073,0.0255,0.0802,7,11,1,0,1,2,0,1,0,0,1.4592,0.7762,0.3633,0.0,0.0275,0.1632,0.0,0.0303,0.0,0.0,9,14,15.83,17.23
4535248,2024-08-18,ita,2024/2025,Serie A,1,Matteo Marchetti,9875,Napoli,9876,Hellas Verona,0,0,3,67,33,14,9,4,4,8,5,2,0,1,0,9,6,5,3,5,1,1,3,1,0,18,10,13,15,1,4,0,0,0,2,8,18,5,10,0,2,7,23,1,4,54,50,29.0,36.0,25.0,14.0,8.0,6.0,546,275,460.0,185.0,213,103,247,82,12.0,19.0,6.0,3.0,0.96,1.85,0.77,1.82,0.19,0.03,0.96,1.85,0.66,3.01,1,1,6,3,2,2,4,2,1,1,0.107,0.7089,0.4324,0.5763,0.1429,0.1346,0.2073,0.4047,0.0802,0.0255,11,7,0,1,2,1,1,0,0,0,0.7762,1.4592,0.0,0.3633,0.1632,0.0275,0.0303,0.0,0.0,0.0,14,9,17.23,15.83
4535250,2024-08-18,ita,2024/2025,Serie A,1,Paride Tremolada,8543,Lazio,7881,Venezia,1,3,1,67,33,13,11,6,2,5,6,2,3,2,0,9,6,4,5,6,3,5,2,3,2,28,18,14,11,1,2,0,0,0,1,13,16,7,12,3,2,13,20,2,4,43,43,30.0,33.0,13.0,10.0,8.0,4.0,596,287,542.0,232.0,279,129,263,103,41.0,10.0,7.0,3.0,2.39,0.62,1.56,0.49,0.04,0.13,1.6,0.62,1.51,0.23,1,1,7,3,1,2,1,5,3,0,0.6875,0.072,1.5082,0.3085,0.039,0.0695,0.0441,0.1714,0.1068,0.0,9,8,2,0,1,1,0,2,1,0,1.3079,0.4883,0.2514,0.0,0.0379,0.0567,0.0,0.0764,0.7884,0.0,13,11,15.07,18.76
4535250,2024-08-18,ita,2024/2025,Serie A,1,Paride Tremolada,7881,Venezia,8543,Lazio,0,1,3,33,67,11,13,2,6,6,5,3,2,0,2,6,9,5,4,3,6,2,5,2,3,18,28,11,14,2,1,0,0,1,0,16,13,12,7,2,3,20,13,4,2,43,43,33.0,30.0,10.0,13.0,4.0,8.0,287,596,232.0,542.0,129,279,103,263,10.0,41.0,3.0,7.0,0.62,2.39,0.49,1.56,0.13,0.04,0.62,1.6,0.23,1.51,1,1,3,7,2,1,5,1,0,3,0.072,0.6875,0.3085,1.5082,0.0695,0.039,0.1714,0.0441,0.0,0.1068,8,9,0,2,1,1,2,0,0,1,0.4883,1.3079,0.0,0.2514,0.0567,0.0379,0.0764,0.0,0.0,0.7884,11,13,18.76,15.07
4535249,2024-08-19,ita,2024/2025,Serie A,1,Matteo Marcenaro,9885,Juventus,10171,Como,1,3,0,58,42,13,3,7,0,6,1,0,2,2,0,9,1,4,2,3,0,3,0,3,0,18,6,11,12,2,4,0,0,4,1,15,7,4,4,2,1,10,9,0,3,46,23,33.0,20.0,13.0,3.0,7.0,2.0,525,382,484.0,338.0,311,207,173,131,39.0,12.0,5.0,1.0,1.2,0.17,1.11,0.17,0.09,0.0,1.2,0.17,2.29,0.0,0,0,6,1,3,0,2,2,2,0,0.0,0.0,0.9667,0.1055,0.1069,0.0,0.0565,0.0666,0.0863,0.0,9,3,2,0,1,0,1,0,0,0,1.0385,0.1721,0.0863,0.0,0.0589,0.0,0.0327,0.0,0.0,0.0,13,3,19.58,17.91
4535249,2024-08-19,ita,2024/2025,Serie A,1,Matteo Marcenaro,10171,Como,9885,Juventus,0,0,3,42,58,3,13,0,7,1,6,2,0,0,2,1,9,2,4,0,3,0,3,0,3,6,18,12,11,4,2,0,0,1,4,7,15,4,4,1,2,9,10,3,0,23,46,20.0,33.0,3.0,13.0,2.0,7.0,382,525,338.0,484.0,207,311,131,173,12.0,39.0,1.0,5.0,0.17,1.2,0.17,1.11,0.0,0.09,0.17,1.2,0.0,2.29,0,0,1,6,0,3,2,2,0,2,0.0,0.0,0.1055,0.9667,0.0,0.1069,0.0666,0.0565,0.0,0.0863,3,9,0,2,0,1,0,1,0,0,0.1721,1.0385,0.0,0.0863,0.0,0.0589,0.0,0.0327,0.0,0.0,3,13,17.91,19.58
4535251,2024-08-19,ita,2024/2025,Serie A,1,Davide Massa,9888,Lecce,8524,Atalanta,1,0,4,47,53,21,11,4,6,13,4,4,1,0,0,14,10,7,1,5,3,4,5,4,2,25,20,10,24,0,2,0,0,1,1,19,10,9,12,1,4,7,16,2,4,70,46,46.0,24.0,24.0,22.0,4.0,6.0,411,465,336.0,388.0,176,179,160,209,23.0,31.0,9.0,6.0,1.58,1.74,1.3,0.95,0.28,0.01,1.58,0.95,0.74,2.38,3,1,8,9,3,0,4,0,3,1,0.4634,0.1324,0.7401,1.6252,0.2504,0.0,0.0722,0.0,0.057,0.0073,13,9,2,0,4,1,2,0,0,1,1.1098,0.9692,0.2029,0.0,0.2095,0.0073,0.0609,0.0,0.0,0.7884,21,11,16.87,11.58
4535251,2024-08-19,ita,2024/2025,Serie A,1,Davide Massa,8524,Atalanta,9888,Lecce,0,4,0,53,47,11,21,6,4,4,13,1,4,0,0,10,14,1,7,3,5,5,4,2,4,20,25,24,10,2,0,0,0,1,1,10,19,12,9,4,1,16,7,4,2,46,70,24.0,46.0,22.0,24.0,6.0,4.0,465,411,388.0,336.0,179,176,209,160,31.0,23.0,6.0,9.0,1.74,1.58,0.95,1.3,0.01,0.28,0.95,1.58,2.38,0.74,1,3,9,8,0,3,0,4,1,3,0.1324,0.4634,1.6252,0.7401,0.0,0.2504,0.0,0.0722,0.0073,0.057,9,13,0,2,1,4,0,2,1,0,0.9692,1.1098,0.0,0.2029,0.0073,0.2095,0.0,0.0609,0.7884,0.0,11,21,11.58,16.87
4535263,2024-08-24,ita,2024/2025,Serie A,2,Davide Di Marco,8636,Inter,9888,Lecce,1,2,0,61,39,11,10,3,4,5,4,3,2,0,0,9,6,2,4,10,6,5,0,3,0,27,13,9,12,0,2,0,0,4,0,14,11,6,3,2,3,16,23,4,1,41,29,26.0,22.0,15.0,7.0,0.0,2.0,582,366,522.0,316.0,267,167,255,149,24.0,15.0,4.0,3.0,2.42,0.27,1.23,0.19,0.41,0.09,1.64,0.27,1.78,0.43,2,0,5,3,2,3,0,2,2,2,0.8159,0.0,1.3892,0.0853,0.183,0.0985,0.0,0.0517,0.0367,0.0359,8,6,0,1,0,2,2,1,1,0,1.2301,0.1622,0.0,0.0238,0.0,0.0531,0.4062,0.0323,0.7884,0.0,11,10,14.02,19.22
4535263,2024-08-24,ita,2024/2025,Serie A,2,Davide Di Marco,9888,Lecce,8636,Inter,0,0,2,39,61,10,11,4,3,4,5,2,3,0,0,6,9,4,2,6,10,0,5,0,3,13,27,12,9,2,0,0,0,0,4,11,14,3,6,3,2,23,16,1,4,29,41,22.0,26.0,7.0,15.0,2.0,0.0,366,582,316.0,522.0,167,267,149,255,15.0,24.0,3.0,4.0,0.27,2.42,0.19,1.23,0.09,0.41,0.27,1.64,0.43,1.78,0,2,3,5,3,2,2,0,2,2,0.0,0.8159,0.0853,1.3892,0.0985,0.183,0.0517,0.0,0.0359,0.0367,6,8,1,0,2,0,1,2,0,1,0.1622,1.2301,0.0238,0.0,0.0531,0.0,0.0323,0.4062,0.0,0.7884,10,11,19.22,14.02
4535264,2024-08-24,ita,2024/2025,Serie A,2,Maurizio Mariani,6504,Monza,10233,Genoa,1,0,1,70,30,9,11,2,1,5,7,2,3,1,0,6,5,3,6,8,3,0,1,0,1,20,13,6,17,2,3,0,0,1,1,11,12,6,3,3,2,16,22,0,2,58,34,34.0,19.0,24.0,15.0,6.0,3.0,629,265,563.0,213.0,287,124,276,89,45.0,25.0,8.0,3.0,0.44,0.69,0.26,0.66,0.18,0.03,0.44,0.69,0.06,0.36,0,0,6,3,0,2,3,3,0,3,0.0,0.0,0.3208,0.5075,0.0,0.0257,0.1182,0.0983,0.0,0.0562,6,8,0,1,3,1,0,1,0,0,0.2576,0.624,0.0,0.0331,0.1813,0.0174,0.0,0.0131,0.0,0.0,9,11,15.12,21.83
4535264,2024-08-24,ita,2024/2025,Serie A,2,Maurizio Mariani,10233,Genoa,6504,Monza,0,1,0,30,70,11,9,1,2,7,5,3,2,0,1,5,6,6,3,3,8,1,0,1,0,13,20,17,6,3,2,0,0,1,1,12,11,3,6,2,3,22,16,2,0,34,58,19.0,34.0,15.0,24.0,3.0,6.0,265,629,213.0,563.0,124,287,89,276,25.0,45.0,3.0,8.0,0.69,0.44,0.66,0.26,0.03,0.18,0.69,0.44,0.36,0.06,0,0,3,6,2,0,3,3,3,0,0.0,0.0,0.5075,0.3208,0.0257,0.0,0.0983,0.1182,0.0562,0.0,8,6,1,0,1,3,1,0,0,0,0.624,0.2576,0.0331,0.0,0.0174,0.1813,0.0131,0.0,0.0,0.0,11,9,21.83,15.12
4535266,2024-08-24,ita,2024/2025,Serie A,2,Juan Luca Sacchi,10167,Parma,8564,Milan,1,2,1,39,61,9,17,5,5,3,9,1,3,0,1,7,10,2,7,3,9,4,3,2,2,15,41,9,13,0,3,0,0,2,0,17,19,8,11,3,1,29,6,4,3,48,41,39.0,38.0,9.0,3.0,10.0,10.0,371,551,310.0,487.0,196,185,114,302,23.0,11.0,0.0,5.0,1.73,1.95,1.59,1.56,0.14,0.39,1.73,1.95,1.4,1.62,1,1,4,7,2,2,1,7,1,0,0.1399,0.8904,1.3518,0.7534,0.1799,0.0833,0.0422,0.2289,0.0154,0.0,4,11,4,1,1,4,0,1,0,0,0.5967,1.5025,0.9925,0.0633,0.1399,0.2955,0.0,0.0947,0.0,0.0,9,17,15.48,17.37
4535266,2024-08-24,ita,2024/2025,Serie A,2,Juan Luca Sacchi,8564,Milan,10167,Parma,0,1,2,61,39,17,9,5,5,9,3,3,1,1,0,10,7,7,2,9,3,3,4,2,2,41,15,13,9,3,0,0,0,0,2,19,17,11,8,1,3,6,29,3,4,41,48,38.0,39.0,3.0,9.0,10.0,10.0,551,371,487.0,310.0,185,196,302,114,11.0,23.0,5.0,0.0,1.95,1.73,1.56,1.59,0.39,0.14,1.95,1.73,1.62,1.4,1,1,7,4,2,2,7,1,0,1,0.8904,0.1399,0.7534,1.3518,0.0833,0.1799,0.2289,0.0422,0.0,0.0154,11,4,1,4,4,1,1,0,0,0,1.5025,0.5967,0.0633,0.9925,0.2955,0.1399,0.0947,0.0,0.0,0.0,17,9,17.37,15.48
4535269,2024-08-24,ita,2024/2025,Serie A,2,Daniele Doveri,8600,Udinese,8543,Lazio,1,2,1,34,66,8,17,3,5,4,10,1,2,0,1,5,14,3,3,4,13,2,2,0,1,10,29,15,10,2,1,1,0,2,2,18,11,9,6,3,1,35,8,3,1,51,49,34.0,35.0,17.0,14.0,7.0,9.0,260,469,190.0,401.0,102,210,88,191,26.0,23.0,2.0,11.0,0.85,1.31,0.85,0.98,0.0,0.33,0.85,1.31,1.61,1.82,0,2,3,10,2,2,2,1,1,2,0.0,0.6248,0.7254,0.6236,0.0553,0.0603,0.0521,0.021,0.0154,0.0306,7,12,1,0,0,3,0,2,0,0,0.8248,1.0511,0.0233,0.0,0.0,0.2652,0.0,0.044,0.0,0.0,8,17,18.72,14.95
4535269,2024-08-24,ita,2024/2025,Serie A,2,Daniele Doveri,8543,Lazio,8600,Udinese,0,1,2,66,34,17,8,5,3,10,4,2,1,1,0,14,5,3,3,13,4,2,2,1,0,29,10,10,15,1,2,0,1,2,2,11,18,6,9,1,3,8,35,1,3,49,51,35.0,34.0,14.0,17.0,9.0,7.0,469,260,401.0,190.0,210,102,191,88,23.0,26.0,11.0,2.0,1.31,0.85,0.98,0.85,0.33,0.0,1.31,0.85,1.82,1.61,2,0,10,3,2,2,1,2,2,1,0.6248,0.0,0.6236,0.7254,0.0603,0.0553,0.021,0.0521,0.0306,0.0154,12,7,0,1,3,0,2,0,0,0,1.0511,0.8248,0.0,0.0233,0.2652,0.0,0.044,0.0,0.0,0.0,17,8,14.95,18.72
4535261,2024-08-25,ita,2024/2025,Serie A,2,Simone Sozza,8535,Fiorentina,7881,Venezia,1,0,0,55,45,14,8,8,4,4,2,2,2,0,0,8,5,6,3,7,3,0,2,0,2,24,16,13,21,1,2,0,0,1,2,19,16,6,3,2,2,10,17,5,8,62,52,45.0,35.0,17.0,17.0,7.0,9.0,437,360,364.0,291.0,236,198,128,93,22.0,11.0,1.0,5.0,0.89,0.63,0.51,0.45,0.39,0.17,0.89,0.63,1.91,0.82,0,2,3,2,5,1,4,2,2,1,0.0,0.3534,0.4989,0.1331,0.2068,0.0327,0.1295,0.1003,0.0603,0.0087,10,4,0,0,0,1,4,3,0,0,0.5053,0.4543,0.0,0.0,0.0,0.1081,0.3903,0.0656,0.0,0.0,14,8,19.49,15.07
4535261,2024-08-25,ita,2024/2025,Serie A,2,Simone Sozza,7881,Venezia,8535,Fiorentina,0,0,0,45,55,8,14,4,8,2,4,2,2,0,0,5,8,3,6,3,7,2,0,2,0,16,24,21,13,2,1,0,0,2,1,16,19,3,6,2,2,17,10,8,5,52,62,35.0,45.0,17.0,17.0,9.0,7.0,360,437,291.0,364.0,198,236,93,128,11.0,22.0,5.0,1.0,0.63,0.89,0.45,0.51,0.17,0.39,0.63,0.89,0.82,1.91,2,0,2,3,1,5,2,4,1,2,0.3534,0.0,0.1331,0.4989,0.0327,0.2068,0.1003,0.1295,0.0087,0.0603,4,10,0,0,1,0,3,4,0,0,0.4543,0.5053,0.0,0.0,0.1081,0.0,0.0656,0.3903,0.0,0.0,8,14,15.07,19.49
4535265,2024-08-25,ita,2024/2025,Serie A,2,Luca Pairetto,9875,Napoli,9857,Bologna,1,3,0,39,61,16,8,5,2,4,4,7,2,1,0,9,3,7,5,7,5,2,1,0,1,25,12,11,17,2,2,0,0,1,1,22,19,6,10,2,7,19,7,2,2,50,44,47.0,31.0,3.0,13.0,10.0,3.0,339,536,263.0,458.0,154,218,109,240,13.0,24.0,3.0,2.0,2.46,0.64,2.35,0.61,0.11,0.04,2.46,0.64,2.43,0.4,0,0,8,2,1,1,6,3,1,2,0.0,0.0,1.9487,0.4597,0.0375,0.0349,0.46,0.1121,0.0154,0.0354,13,6,1,0,2,2,0,0,0,0,2.2486,0.6067,0.0991,0.0,0.1139,0.0354,0.0,0.0,0.0,0.0,16,8,16.27,20.31
4535265,2024-08-25,ita,2024/2025,Serie A,2,Luca Pairetto,9857,Bologna,9875,Napoli,0,0,3,61,39,8,16,2,5,4,4,2,7,0,1,3,9,5,7,5,7,1,2,1,0,12,25,17,11,2,2,0,0,1,1,19,22,10,6,7,2,7,19,2,2,44,50,31.0,47.0,13.0,3.0,3.0,10.0,536,339,458.0,263.0,218,154,240,109,24.0,13.0,2.0,3.0,0.64,2.46,0.61,2.35,0.04,0.11,0.64,2.46,0.4,2.43,0,0,2,8,1,1,3,6,2,1,0.0,0.0,0.4597,1.9487,0.0349,0.0375,0.1121,0.46,0.0354,0.0154,6,13,0,1,2,2,0,0,0,0,0.6067,2.2486,0.0,0.0991,0.0354,0.1139,0.0,0.0,0.0,0.0,8,16,20.31,16.27
4535267,2024-08-25,ita,2024/2025,Serie A,2,Luca Zufferli,8686,Roma,8534,Empoli,1,1,2,73,27,27,14,7,4,10,6,10,4,3,1,19,12,8,2,8,5,2,5,2,3,48,20,10,11,0,3,0,0,0,0,12,21,6,6,4,10,4,34,2,6,46,49,28.0,35.0,18.0,14.0,5.0,4.0,614,230,547.0,171.0,268,99,279,72,11.0,16.0,13.0,5.0,2.19,2.87,1.9,1.48,0.29,0.6,2.19,2.08,1.58,1.96,2,4,13,6,4,2,6,0,2,2,0.6476,1.6989,1.1933,1.1226,0.0857,0.0726,0.2287,0.0,0.0467,0.0411,20,7,1,4,6,2,0,0,0,1,1.8912,0.6893,0.018,0.8547,0.2928,0.6028,0.0,0.0,0.0,0.7884,27,14,15.71,12.8
4535267,2024-08-25,ita,2024/2025,Serie A,2,Luca Zufferli,8534,Empoli,8686,Roma,0,2,1,27,73,14,27,4,7,6,10,4,10,1,3,12,19,2,8,5,8,5,2,3,2,20,48,11,10,3,0,0,0,0,0,21,12,6,6,10,4,34,4,6,2,49,46,35.0,28.0,14.0,18.0,4.0,5.0,230,614,171.0,547.0,99,268,72,279,16.0,11.0,5.0,13.0,2.87,2.19,1.48,1.9,0.6,0.29,2.08,2.19,1.96,1.58,4,2,6,13,2,4,0,6,2,2,1.6989,0.6476,1.1226,1.1933,0.0726,0.0857,0.0,0.2287,0.0411,0.0467,7,20,4,1,2,6,0,0,1,0,0.6893,1.8912,0.8547,0.018,0.6028,0.2928,0.0,0.0,0.7884,0.0,14,27,12.8,15.71
4535268,2024-08-25,ita,2024/2025,Serie A,2,Antonio Rapuano,9804,Torino,8524,Atalanta,1,2,1,42,58,13,25,7,9,4,12,2,4,0,2,10,18,3,7,4,6,6,5,4,5,18,45,11,14,3,4,0,0,1,0,13,8,11,6,2,3,23,10,8,4,39,38,29.0,21.0,10.0,17.0,3.0,2.0,342,461,274.0,398.0,173,166,101,232,32.0,19.0,2.0,10.0,2.38,3.14,2.27,1.52,0.11,0.83,2.38,2.35,2.4,4.41,0,2,9,12,1,4,3,4,0,3,0.0,0.6847,2.3976,1.898,0.0653,0.31,0.1345,0.2673,0.0,0.1019,11,14,0,2,1,6,1,2,0,1,2.4842,1.1047,0.0,0.4242,0.0432,0.8049,0.0701,0.1397,0.0,0.7884,13,25,14.58,14.76
4535268,2024-08-25,ita,2024/2025,Serie A,2,Antonio Rapuano,8524,Atalanta,9804,Torino,0,1,2,58,42,25,13,9,7,12,4,4,2,2,0,18,10,7,3,6,4,5,6,5,4,45,18,14,11,4,3,0,0,0,1,8,13,6,11,3,2,10,23,4,8,38,39,21.0,29.0,17.0,10.0,2.0,3.0,461,342,398.0,274.0,166,173,232,101,19.0,32.0,10.0,2.0,3.14,2.38,1.52,2.27,0.83,0.11,2.35,2.38,4.41,2.4,2,0,12,9,4,1,4,3,3,0,0.6847,0.0,1.898,2.3976,0.31,0.0653,0.2673,0.1345,0.1019,0.0,14,11,2,0,6,1,2,1,1,0,1.1047,2.4842,0.4242,0.0,0.8049,0.0432,0.1397,0.0701,0.7884,0.0,25,13,14.76,14.58
4535260,2024-08-26,ita,2024/2025,Serie A,2,Marco Di Bello,8529,Cagliari,10171,Como,1,1,1,47,53,11,14,5,4,4,4,2,6,1,0,9,8,2,6,5,6,1,3,0,2,18,26,12,10,2,2,0,0,1,3,14,12,3,9,6,2,33,32,3,5,51,51,28.0,28.0,23.0,23.0,5.0,7.0,362,422,273.0,333.0,183,184,90,149,26.0,36.0,4.0,4.0,0.81,1.53,0.68,0.97,0.13,0.56,0.81,1.53,1.39,1.06,2,2,6,3,1,3,2,3,0,3,0.4311,0.8705,0.285,0.4071,0.0305,0.0758,0.0641,0.0907,0.0,0.0863,9,11,0,0,1,3,1,0,0,0,0.7337,0.9918,0.0,0.0,0.0493,0.5386,0.0278,0.0,0.0,0.0,11,14,15.05,17.09
4535260,2024-08-26,ita,2024/2025,Serie A,2,Marco Di Bello,10171,Como,8529,Cagliari,0,1,1,53,47,14,11,4,5,4,4,6,2,0,1,8,9,6,2,6,5,3,1,2,0,26,18,10,12,2,2,0,0,3,1,12,14,9,3,2,6,32,33,5,3,51,51,28.0,28.0,23.0,23.0,7.0,5.0,422,362,333.0,273.0,184,183,149,90,36.0,26.0,4.0,4.0,1.53,0.81,0.97,0.68,0.56,0.13,1.53,0.81,1.06,1.39,2,2,3,6,3,1,3,2,3,0,0.8705,0.4311,0.4071,0.285,0.0758,0.0305,0.0907,0.0641,0.0863,0.0,11,9,0,0,3,1,0,1,0,0,0.9918,0.7337,0.0,0.0,0.5386,0.0493,0.0,0.0278,0.0,0.0,14,11,17.09,15.05
4535262,2024-08-26,ita,2024/2025,Serie A,2,Antonio Giua,9876,Hellas Verona,9885,Juventus,1,0,3,40,60,7,8,1,5,1,1,5,2,0,0,5,7,2,1,4,1,1,1,1,0,15,17,8,8,1,0,0,0,1,1,14,22,8,6,2,4,9,16,2,1,33,45,31.0,36.0,2.0,9.0,9.0,6.0,387,618,331.0,546.0,127,389,204,157,20.0,27.0,0.0,2.0,0.52,1.23,0.37,0.44,0.15,0.01,0.52,0.44,0.2,1.55,1,0,3,5,1,2,1,0,1,1,0.1258,0.0,0.2147,1.1692,0.0266,0.0463,0.1126,0.0,0.0374,0.015,3,6,2,1,0,0,2,0,0,1,0.2168,0.2952,0.1503,0.1469,0.0,0.0,0.15,0.0,0.0,0.7884,7,8,17.27,15.71
4535262,2024-08-26,ita,2024/2025,Serie A,2,Antonio Giua,9885,Juventus,9876,Hellas Verona,0,3,0,60,40,8,7,5,1,1,1,2,5,0,0,7,5,1,2,1,4,1,1,0,1,17,15,8,8,0,1,0,0,1,1,22,14,6,8,4,2,16,9,1,2,45,33,36.0,31.0,9.0,2.0,6.0,9.0,618,387,546.0,331.0,389,127,157,204,27.0,20.0,2.0,0.0,1.23,0.52,0.44,0.37,0.01,0.15,0.44,0.52,1.55,0.2,0,1,5,3,2,1,0,1,1,1,0.0,0.1258,1.1692,0.2147,0.0463,0.0266,0.0,0.1126,0.015,0.0374,6,3,1,2,0,0,0,2,1,0,0.2952,0.2168,0.1469,0.1503,0.0,0.0,0.0,0.15,0.7884,0.0,8,7,15.71,17.27
4535273,2024-08-30,ita,2024/2025,Serie A,3,Matteo Marchetti,8636,Inter,8524,Atalanta,1,4,0,55,45,13,11,4,1,5,6,4,4,1,0,8,6,5,5,3,4,3,1,1,1,25,19,6,15,0,2,0,0,5,1,17,13,3,5,4,4,20,10,1,1,43,32,35.0,24.0,8.0,8.0,4.0,5.0,510,413,461.0,369.0,326,137,135,232,17.0,9.0,6.0,4.0,1.31,1.36,0.38,1.36,0.92,0.0,1.31,1.36,1.95,0.12,1,1,6,4,1,1,4,3,1,2,0.4951,0.738,0.632,0.3984,0.0223,0.023,0.1418,0.1807,0.0151,0.0322,5,11,2,0,3,0,3,0,0,0,0.2762,1.3722,0.1065,0.0,0.714,0.0,0.2096,0.0,0.0,0.0,13,11,17.13,16.7
4535273,2024-08-30,ita,2024/2025,Serie A,3,Matteo Marchetti,8524,Atalanta,8636,Inter,0,0,4,45,55,11,13,1,4,6,5,4,4,0,1,6,8,5,5,4,3,1,3,1,1,19,25,15,6,2,0,0,0,1,5,13,17,5,3,4,4,10,20,1,1,32,43,24.0,35.0,8.0,8.0,5.0,4.0,413,510,369.0,461.0,137,326,232,135,9.0,17.0,4.0,6.0,1.36,1.31,1.36,0.38,0.0,0.92,1.36,1.31,0.12,1.95,1,1,4,6,1,1,3,4,2,1,0.738,0.4951,0.3984,0.632,0.023,0.0223,0.1807,0.1418,0.0322,0.0151,11,5,0,2,0,3,0,3,0,0,1.3722,0.2762,0.0,0.1065,0.0,0.714,0.0,0.2096,0.0,0.0,11,13,16.7,17.13
4535279,2024-08-30,ita,2024/2025,Serie A,3,Matteo Marcenaro,7881,Venezia,9804,Torino,1,0,1,42,58,13,12,4,6,6,4,3,2,0,0,7,7,6,5,3,3,0,3,0,2,23,18,7,15,2,4,0,0,3,3,17,17,12,7,3,3,14,18,4,4,60,44,38.0,26.0,22.0,18.0,8.0,2.0,366,515,290.0,432.0,178,174,112,258,15.0,22.0,4.0,6.0,0.84,1.04,0.56,0.89,0.28,0.15,0.84,1.04,0.85,1.56,1,1,2,4,4,2,4,5,2,0,0.0389,0.3551,0.2438,0.4486,0.2907,0.1364,0.2032,0.1574,0.0627,0.0,5,11,2,0,2,1,4,0,0,0,0.3828,0.9501,0.18,0.0,0.0843,0.1474,0.1922,0.0,0.0,0.0,13,12,18.98,15.59
4535279,2024-08-30,ita,2024/2025,Serie A,3,Matteo Marcenaro,9804,Torino,7881,Venezia,0,1,0,58,42,12,13,6,4,4,6,2,3,0,0,7,7,5,6,3,3,3,0,2,0,18,23,15,7,4,2,0,0,3,3,17,17,7,12,3,3,18,14,4,4,44,60,26.0,38.0,18.0,22.0,2.0,8.0,515,366,432.0,290.0,174,178,258,112,22.0,15.0,6.0,4.0,1.04,0.84,0.89,0.56,0.15,0.28,1.04,0.84,1.56,0.85,1,1,4,2,2,4,5,4,0,2,0.3551,0.0389,0.4486,0.2438,0.1364,0.2907,0.1574,0.2032,0.0,0.0627,11,5,0,2,1,2,0,4,0,0,0.9501,0.3828,0.0,0.18,0.1474,0.0843,0.0,0.1922,0.0,0.0,12,13,15.59,18.98
4535270,2024-08-31,ita,2024/2025,Serie A,3,Livio Marinelli,9857,Bologna,8534,Empoli,1,1,1,68,32,14,3,3,2,9,1,2,0,0,0,10,3,4,0,6,3,2,2,1,1,25,7,15,18,0,3,0,0,2,1,15,18,5,12,0,2,8,45,1,3,53,61,34.0,45.0,19.0,16.0,4.0,13.0,601,282,509.0,199.0,251,128,258,71,42.0,20.0,8.0,2.0,1.36,0.97,0.76,0.93,0.6,0.04,1.36,0.97,0.35,1.55,3,1,6,2,1,0,2,0,2,0,0.438,0.2691,0.8125,0.7045,0.0253,0.0,0.0482,0.0,0.0339,0.0,7,1,0,1,5,1,2,0,0,0,0.7603,0.2691,0.0,0.6652,0.5256,0.0393,0.0719,0.0,0.0,0.0,14,3,14.68,6.96
4535270,2024-08-31,ita,2024/2025,Serie A,3,Livio Marinelli,8534,Empoli,9857,Bologna,0,1,1,32,68,3,14,2,3,1,9,0,2,0,0,3,10,0,4,3,6,2,2,1,1,7,25,18,15,3,0,0,0,1,2,18,15,12,5,2,0,45,8,3,1,61,53,45.0,34.0,16.0,19.0,13.0,4.0,282,601,199.0,509.0,128,251,71,258,20.0,42.0,2.0,8.0,0.97,1.36,0.93,0.76,0.04,0.6,0.97,1.36,1.55,0.35,1,3,2,6,0,1,0,2,0,2,0.2691,0.438,0.7045,0.8125,0.0,0.0253,0.0,0.0482,0.0,0.0339,1,7,1,0,1,5,0,2,0,0,0.2691,0.7603,0.6652,0.0,0.0393,0.5256,0.0,0.0719,0.0,0.0,3,14,6.96,14.68
4535275,2024-08-31,ita,2024/2025,Serie A,3,Davide Massa,8543,Lazio,8564,Milan,1,2,2,42,58,7,10,5,4,0,3,2,3,0,0,7,7,0,3,5,7,5,2,3,1,17,21,12,9,4,2,0,0,5,0,15,13,9,8,2,3,11,19,2,2,38,36,31.0,31.0,7.0,5.0,7.0,6.0,357,517,314.0,458.0,201,332,113,126,18.0,9.0,3.0,3.0,2.07,1.29,2.07,0.51,0.0,0.79,2.07,1.29,1.89,2.09,2,1,4,6,1,0,0,3,0,0,1.219,0.6592,0.8157,0.5546,0.035,0.0,0.0,0.0784,0.0,0.0,7,5,0,0,0,4,0,1,0,0,2.0698,0.5056,0.0,0.0,0.0,0.7534,0.0,0.0332,0.0,0.0,7,10,9.24,16.33
4535275,2024-08-31,ita,2024/2025,Serie A,3,Davide Massa,8564,Milan,8543,Lazio,0,2,2,58,42,10,7,4,5,3,0,3,2,0,0,7,7,3,0,7,5,2,5,1,3,21,17,9,12,2,4,0,0,0,5,13,15,8,9,3,2,19,11,2,2,36,38,31.0,31.0,5.0,7.0,6.0,7.0,517,357,458.0,314.0,332,201,126,113,9.0,18.0,3.0,3.0,1.29,2.07,0.51,2.07,0.79,0.0,1.29,2.07,2.09,1.89,1,2,6,4,0,1,3,0,0,0,0.6592,1.219,0.5546,0.8157,0.0,0.035,0.0784,0.0,0.0,0.0,5,7,0,0,4,0,1,0,0,0,0.5056,2.0698,0.0,0.0,0.7534,0.0,0.0332,0.0,0.0,0.0,10,7,16.33,9.24
4535276,2024-08-31,ita,2024/2025,Serie A,3,Michael Fabbri,9888,Lecce,8529,Cagliari,1,1,0,35,65,17,21,4,2,8,7,5,12,0,2,12,16,5,5,7,10,4,4,3,4,21,42,10,13,1,3,1,0,2,0,24,15,15,8,11,6,36,19,2,2,63,60,41.0,36.0,22.0,24.0,7.0,12.0,253,463,180.0,379.0,76,147,104,232,21.0,12.0,6.0,6.0,1.7,1.88,1.27,1.51,0.43,0.37,1.7,1.88,1.05,0.42,2,2,6,11,4,3,3,4,2,1,0.8476,0.3746,0.5636,1.1896,0.1902,0.1643,0.0654,0.1368,0.0517,0.0142,11,14,1,0,4,6,1,1,0,0,1.2343,1.5101,0.0539,0.0,0.3952,0.3318,0.0352,0.0376,0.0,0.0,17,21,17.79,14.6
4535276,2024-08-31,ita,2024/2025,Serie A,3,Michael Fabbri,8529,Cagliari,9888,Lecce,0,0,1,65,35,21,17,2,4,7,8,12,5,2,0,16,12,5,5,10,7,4,4,4,3,42,21,13,10,3,1,0,1,0,2,15,24,8,15,6,11,19,36,2,2,60,63,36.0,41.0,24.0,22.0,12.0,7.0,463,253,379.0,180.0,147,76,232,104,12.0,21.0,6.0,6.0,1.88,1.7,1.51,1.27,0.37,0.43,1.88,1.7,0.42,1.05,2,2,11,6,3,4,4,3,1,2,0.3746,0.8476,1.1896,0.5636,0.1643,0.1902,0.1368,0.0654,0.0142,0.0517,14,11,0,1,6,4,1,1,0,0,1.5101,1.2343,0.0,0.0539,0.3318,0.3952,0.0376,0.0352,0.0,0.0,21,17,14.6,17.79
4535277,2024-08-31,ita,2024/2025,Serie A,3,Paride Tremolada,9875,Napoli,10167,Parma,1,2,1,54,46,29,13,7,2,10,6,12,5,1,2,18,7,11,6,6,4,3,2,1,1,58,22,12,6,2,2,0,1,4,0,14,19,5,8,5,12,10,37,1,5,41,40,26.0,34.0,15.0,6.0,6.0,3.0,460,398,396.0,334.0,93,213,303,121,23.0,22.0,7.0,2.0,2.19,1.76,1.62,0.94,0.57,0.03,2.19,0.97,1.28,1.15,1,1,12,3,5,3,7,5,4,1,0.3199,0.4306,1.2087,0.9602,0.2191,0.1884,0.355,0.1451,0.0862,0.0362,24,10,0,1,3,0,2,1,0,1,1.6216,0.8213,0.0,0.1234,0.1805,0.0,0.3867,0.0274,0.0,0.7884,29,13,16.71,20.03
4535277,2024-08-31,ita,2024/2025,Serie A,3,Paride Tremolada,10167,Parma,9875,Napoli,0,1,2,46,54,13,29,2,7,6,10,5,12,2,1,7,18,6,11,4,6,2,3,1,1,22,58,6,12,2,2,1,0,0,4,19,14,8,5,12,5,37,10,5,1,40,41,34.0,26.0,6.0,15.0,3.0,6.0,398,460,334.0,396.0,213,93,121,303,22.0,23.0,2.0,7.0,1.76,2.19,0.94,1.62,0.03,0.57,0.97,2.19,1.15,1.28,1,1,3,12,3,5,5,7,1,4,0.4306,0.3199,0.9602,1.2087,0.1884,0.2191,0.1451,0.355,0.0362,0.0862,10,24,1,0,0,3,1,2,1,0,0.8213,1.6216,0.1234,0.0,0.0,0.1805,0.0274,0.3867,0.7884,0.0,13,29,20.03,16.71
4535271,2024-09-01,ita,2024/2025,Serie A,3,Andrea Colombo,8535,Fiorentina,6504,Monza,1,2,2,68,32,18,4,6,3,5,0,7,1,0,1,16,1,2,3,7,0,4,1,2,0,34,6,11,22,2,4,0,0,1,0,20,16,5,8,1,7,7,37,1,4,70,51,49.0,26.0,21.0,25.0,8.0,2.0,594,282,511.0,211.0,252,151,259,60,35.0,19.0,9.0,1.0,2.07,0.3,1.15,0.3,0.92,0.0,2.07,0.3,2.7,0.79,3,0,7,1,6,0,2,2,0,1,1.2278,0.0,0.5792,0.1224,0.2059,0.0,0.0855,0.1551,0.0,0.0186,11,4,1,0,4,0,2,0,0,0,1.1145,0.2961,0.0609,0.0,0.9054,0.0,0.0177,0.0,0.0,0.0,18,4,12.27,20.26
4535271,2024-09-01,ita,2024/2025,Serie A,3,Andrea Colombo,6504,Monza,8535,Fiorentina,0,2,2,32,68,4,18,3,6,0,5,1,7,1,0,1,16,3,2,0,7,1,4,0,2,6,34,22,11,4,2,0,0,0,1,16,20,8,5,7,1,37,7,4,1,51,70,26.0,49.0,25.0,21.0,2.0,8.0,282,594,211.0,511.0,151,252,60,259,19.0,35.0,1.0,9.0,0.3,2.07,0.3,1.15,0.0,0.92,0.3,2.07,0.79,2.7,0,3,1,7,0,6,2,2,1,0,0.0,1.2278,0.1224,0.5792,0.0,0.2059,0.1551,0.0855,0.0186,0.0,4,11,0,1,0,4,0,2,0,0,0.2961,1.1145,0.0,0.0609,0.0,0.9054,0.0,0.0177,0.0,0.0,4,18,20.26,12.27
4535272,2024-09-01,ita,2024/2025,Serie A,3,Giovanni Ayroldi,10233,Genoa,9876,Hellas Verona,1,0,2,58,42,11,10,1,3,7,5,3,2,1,0,7,6,4,4,3,1,2,4,2,2,17,19,8,16,2,6,0,0,1,1,14,19,4,6,2,3,17,26,1,1,65,49,33.0,29.0,32.0,20.0,4.0,6.0,462,330,370.0,244.0,210,122,160,122,22.0,18.0,6.0,2.0,1.5,1.53,1.31,0.7,0.19,0.04,1.5,0.75,0.05,1.27,0,0,6,5,1,1,1,2,3,2,0.0,0.0,1.3155,1.3754,0.0887,0.0216,0.0092,0.11,0.0895,0.028,6,8,2,0,0,0,3,1,0,1,0.2351,0.7318,1.0796,0.0,0.0,0.0,0.1882,0.0149,0.0,0.7884,11,10,18.71,17.75
4535272,2024-09-01,ita,2024/2025,Serie A,3,Giovanni Ayroldi,9876,Hellas Verona,10233,Genoa,0,2,0,42,58,10,11,3,1,5,7,2,3,0,1,6,7,4,4,1,3,4,2,2,2,19,17,16,8,6,2,0,0,1,1,19,14,6,4,3,2,26,17,1,1,49,65,29.0,33.0,20.0,32.0,6.0,4.0,330,462,244.0,370.0,122,210,122,160,18.0,22.0,2.0,6.0,1.53,1.5,0.7,1.31,0.04,0.19,0.75,1.5,1.27,0.05,0,0,5,6,1,1,2,1,2,3,0.0,0.0,1.3754,1.3155,0.0216,0.0887,0.11,0.0092,0.028,0.0895,8,6,0,2,0,0,1,3,1,0,0.7318,0.2351,0.0,1.0796,0.0,0.0,0.0149,0.1882,0.7884,0.0,10,11,17.75,18.71
4535274,2024-09-01,ita,2024/2025,Serie A,3,Marco Guida,9885,Juventus,8686,Roma,1,0,0,50,50,8,7,1,1,4,2,3,4,0,0,7,3,1,4,6,4,0,0,0,0,18,11,11,12,1,2,0,0,3,0,12,14,6,5,4,3,20,20,1,1,36,37,30.0,27.0,6.0,10.0,7.0,3.0,475,487,426.0,429.0,228,202,198,227,12.0,13.0,4.0,2.0,0.5,0.33,0.34,0.26,0.16,0.06,0.5,0.33,0.55,0.21,0,0,4,3,3,0,1,4,0,0,0.0,0.0,0.3372,0.2052,0.1273,0.0,0.0348,0.1208,0.0,0.0,5,5,0,0,2,1,1,1,0,0,0.339,0.2641,0.0,0.0,0.1256,0.0139,0.0348,0.048,0.0,0.0,8,7,15.95,19.3
4535274,2024-09-01,ita,2024/2025,Serie A,3,Marco Guida,8686,Roma,9885,Juventus,0,0,0,50,50,7,8,1,1,2,4,4,3,0,0,3,7,4,1,4,6,0,0,0,0,11,18,12,11,2,1,0,0,0,3,14,12,5,6,3,4,20,20,1,1,37,36,27.0,30.0,10.0,6.0,3.0,7.0,487,475,429.0,426.0,202,228,227,198,13.0,12.0,2.0,4.0,0.33,0.5,0.26,0.34,0.06,0.16,0.33,0.5,0.21,0.55,0,0,3,4,0,3,4,1,0,0,0.0,0.0,0.2052,0.3372,0.0,0.1273,0.1208,0.0348,0.0,0.0,5,5,0,0,1,2,1,1,0,0,0.2641,0.339,0.0,0.0,0.0139,0.1256,0.048,0.0348,0.0,0.0,7,8,19.3,15.95
4535278,2024-09-01,ita,2024/2025,Serie A,3,Alessandro Prontera,8600,Udinese,10171,Como,1,1,0,44,56,10,21,3,4,5,10,2,7,0,0,7,15,3,6,4,6,1,1,1,1,20,30,16,9,3,0,0,0,2,1,22,26,11,11,6,3,21,20,4,1,61,65,43.0,48.0,18.0,17.0,14.0,11.0,390,491,321.0,417.0,211,202,110,215,23.0,20.0,6.0,8.0,0.98,1.68,0.78,0.5,0.19,0.39,0.98,0.89,0.62,0.31,0,1,7,10,0,4,1,4,2,2,0.0,0.0951,0.8984,1.3805,0.0,0.1032,0.0464,0.0689,0.0312,0.0293,6,15,1,0,2,3,1,2,0,1,0.6485,0.4962,0.1346,0.0,0.0715,0.2126,0.1215,0.1798,0.0,0.7884,10,21,14.02,16.47
4535278,2024-09-01,ita,2024/2025,Serie A,3,Alessandro Prontera,10171,Como,8600,Udinese,0,0,1,56,44,21,10,4,3,10,5,7,2,0,0,15,7,6,3,6,4,1,1,1,1,30,20,9,16,0,3,0,0,1,2,26,22,11,11,3,6,20,21,1,4,65,61,48.0,43.0,17.0,18.0,11.0,14.0,491,390,417.0,321.0,202,211,215,110,20.0,23.0,8.0,6.0,1.68,0.98,0.5,0.78,0.39,0.19,0.89,0.98,0.31,0.62,1,0,10,7,4,0,4,1,2,2,0.0951,0.0,1.3805,0.8984,0.1032,0.0,0.0689,0.0464,0.0293,0.0312,15,6,0,1,3,2,2,1,1,0,0.4962,0.6485,0.0,0.1346,0.2126,0.0715,0.1798,0.1215,0.7884,0.0,21,10,16.47,14.02
4535282,2024-09-14,ita,2024/2025,Serie A,4,Marco Piccinini,10171,Como,9857,Bologna,1,2,2,44,56,14,14,4,4,6,5,4,5,0,1,10,8,4,6,4,3,2,1,2,0,24,22,17,12,2,1,0,0,2,4,23,21,8,5,5,4,21,7,2,3,51,57,44.0,46.0,7.0,11.0,9.0,10.0,375,470,305.0,398.0,208,242,97,156,19.0,33.0,4.0,5.0,1.17,1.2,0.81,0.81,0.37,0.38,1.17,1.2,0.95,1.32,0,0,6,6,4,2,3,3,1,3,0.0,0.0,0.7129,0.7518,0.2685,0.0963,0.0616,0.2475,0.1312,0.1021,8,9,2,0,3,1,1,4,0,0,0.5721,0.8128,0.2353,0.0,0.1028,0.0667,0.264,0.3182,0.0,0.0,14,14,17.66,16.46
4535282,2024-09-14,ita,2024/2025,Serie A,4,Marco Piccinini,9857,Bologna,10171,Como,0,2,2,56,44,14,14,4,4,5,6,5,4,1,0,8,10,6,4,3,4,1,2,0,2,22,24,12,17,1,2,0,0,4,2,21,23,5,8,4,5,7,21,3,2,57,51,46.0,44.0,11.0,7.0,10.0,9.0,470,375,398.0,305.0,242,208,156,97,33.0,19.0,5.0,4.0,1.2,1.17,0.81,0.81,0.38,0.37,1.2,1.17,1.32,0.95,0,0,6,6,2,4,3,3,3,1,0.0,0.0,0.7518,0.7129,0.0963,0.2685,0.2475,0.0616,0.1021,0.1312,9,8,0,2,1,3,4,1,0,0,0.8128,0.5721,0.0,0.2353,0.0667,0.1028,0.3182,0.264,0.0,0.0,14,14,16.46,17.66
4535283,2024-09-14,ita,2024/2025,Serie A,4,Marco Di Bello,8534,Empoli,9885,Juventus,1,0,0,34,66,8,15,3,3,3,6,2,6,0,0,4,9,4,6,4,8,1,1,1,1,15,16,11,10,1,2,0,0,0,0,24,16,5,4,6,2,21,5,3,3,42,49,36.0,36.0,6.0,13.0,3.0,9.0,340,653,265.0,593.0,158,336,107,257,14.0,20.0,3.0,5.0,0.49,0.89,0.4,0.54,0.1,0.35,0.49,0.89,0.77,0.86,1,1,2,3,1,5,3,6,1,0,0.0666,0.1064,0.2264,0.3541,0.1231,0.234,0.0686,0.1991,0.01,0.0,5,12,1,0,2,3,0,0,0,0,0.2845,0.5394,0.1231,0.0,0.0872,0.3541,0.0,0.0,0.0,0.0,8,15,21.04,17.98
4535283,2024-09-14,ita,2024/2025,Serie A,4,Marco Di Bello,9885,Juventus,8534,Empoli,0,0,0,66,34,15,8,3,3,6,3,6,2,0,0,9,4,6,4,8,4,1,1,1,1,16,15,10,11,2,1,0,0,0,0,16,24,4,5,2,6,5,21,3,3,49,42,36.0,36.0,13.0,6.0,9.0,3.0,653,340,593.0,265.0,336,158,257,107,20.0,14.0,5.0,3.0,0.89,0.49,0.54,0.4,0.35,0.1,0.89,0.49,0.86,0.77,1,1,3,2,5,1,6,3,0,1,0.1064,0.0666,0.3541,0.2264,0.234,0.1231,0.1991,0.0686,0.0,0.01,12,5,0,1,3,2,0,0,0,0,0.5394,0.2845,0.0,0.1231,0.3541,0.0872,0.0,0.0,0.0,0.0,15,8,17.98,21.04
4535286,2024-09-14,ita,2024/2025,Serie A,4,Davide Di Marco,8564,Milan,7881,Venezia,1,4,0,62,38,12,6,8,1,2,4,2,1,0,0,7,0,5,6,6,1,3,0,1,0,30,11,12,12,1,1,0,1,0,2,16,16,6,5,1,2,18,18,1,4,41,41,32.0,34.0,9.0,7.0,5.0,8.0,571,338,523.0,285.0,307,213,216,72,28.0,15.0,3.0,2.0,2.25,0.25,0.54,0.24,0.13,0.01,0.67,0.25,2.86,0.03,1,0,4,0,2,0,3,5,2,1,0.0864,0.0,1.8321,0.0,0.0946,0.0,0.182,0.24,0.0535,0.0115,8,6,0,0,1,0,1,0,2,0,0.537,0.2515,0.0,0.0,0.0864,0.0,0.0484,0.0,1.5768,0.0,12,6,16.15,22.5
4535286,2024-09-14,ita,2024/2025,Serie A,4,Davide Di Marco,7881,Venezia,8564,Milan,0,0,4,38,62,6,12,1,8,4,2,1,2,0,0,0,7,6,5,1,6,0,3,0,1,11,30,12,12,1,1,1,0,2,0,16,16,5,6,2,1,18,18,4,1,41,41,34.0,32.0,7.0,9.0,8.0,5.0,338,571,285.0,523.0,213,307,72,216,15.0,28.0,2.0,3.0,0.25,2.25,0.24,0.54,0.01,0.13,0.25,0.67,0.03,2.86,0,1,0,4,0,2,5,3,1,2,0.0,0.0864,0.0,1.8321,0.0,0.0946,0.24,0.182,0.0115,0.0535,6,8,0,0,0,1,0,1,0,2,0.2515,0.537,0.0,0.0,0.0,0.0864,0.0,0.0484,0.0,1.5768,6,12,22.5,16.15
4535280,2024-09-15,ita,2024/2025,Serie A,4,Juan Luca Sacchi,8524,Atalanta,8535,Fiorentina,1,3,2,51,49,13,13,7,5,5,5,1,3,0,1,11,9,2,4,5,2,4,4,2,2,24,14,16,15,2,3,0,0,2,4,14,17,5,7,3,1,15,20,4,4,57,55,34.0,37.0,23.0,18.0,6.0,7.0,418,397,337.0,308.0,174,201,163,107,26.0,26.0,6.0,3.0,1.65,1.95,1.39,1.29,0.26,0.66,1.65,1.95,1.86,2.04,2,3,6,2,3,4,2,4,0,0,0.4101,1.3937,0.7793,0.3552,0.354,0.1875,0.1066,0.126,0.0,0.0,10,10,1,0,1,2,1,1,0,0,1.332,1.2909,0.0599,0.0,0.0282,0.7436,0.2299,0.0278,0.0,0.0,13,13,13.17,15.38
4535280,2024-09-15,ita,2024/2025,Serie A,4,Juan Luca Sacchi,8535,Fiorentina,8524,Atalanta,0,2,3,49,51,13,13,5,7,5,5,3,1,1,0,9,11,4,2,2,5,4,4,2,2,14,24,15,16,3,2,0,0,4,2,17,14,7,5,1,3,20,15,4,4,55,57,37.0,34.0,18.0,23.0,7.0,6.0,397,418,308.0,337.0,201,174,107,163,26.0,26.0,3.0,6.0,1.95,1.65,1.29,1.39,0.66,0.26,1.95,1.65,2.04,1.86,3,2,2,6,4,3,4,2,0,0,1.3937,0.4101,0.3552,0.7793,0.1875,0.354,0.126,0.1066,0.0,0.0,10,10,0,1,2,1,1,1,0,0,1.2909,1.332,0.0,0.0599,0.7436,0.0282,0.0278,0.2299,0.0,0.0,13,13,15.38,13.17
4535281,2024-09-15,ita,2024/2025,Serie A,4,Federico La Penna,8529,Cagliari,9875,Napoli,1,0,4,52,48,19,13,5,5,10,3,4,5,1,0,13,8,6,5,7,4,1,2,1,1,25,27,22,11,1,2,0,0,2,4,19,24,5,10,5,4,18,34,1,5,55,66,35.0,51.0,20.0,15.0,7.0,6.0,423,415,341.0,336.0,214,163,127,173,21.0,12.0,9.0,3.0,1.02,1.93,0.66,1.39,0.36,0.54,1.02,1.93,1.11,2.56,2,3,9,3,2,2,1,5,5,0,0.1006,0.8602,0.7287,0.8034,0.05,0.0781,0.0173,0.189,0.1273,0.0,11,9,1,0,5,2,2,2,0,0,0.5705,1.3927,0.0893,0.0,0.3195,0.4677,0.0446,0.0702,0.0,0.0,19,13,15.29,14.97
4535281,2024-09-15,ita,2024/2025,Serie A,4,Federico La Penna,9875,Napoli,8529,Cagliari,0,4,0,48,52,13,19,5,5,3,10,5,4,0,1,8,13,5,6,4,7,2,1,1,1,27,25,11,22,2,1,0,0,4,2,24,19,10,5,4,5,34,18,5,1,66,55,51.0,35.0,15.0,20.0,6.0,7.0,415,423,336.0,341.0,163,214,173,127,12.0,21.0,3.0,9.0,1.93,1.02,1.39,0.66,0.54,0.36,1.93,1.02,2.56,1.11,3,2,3,9,2,2,5,1,0,5,0.8602,0.1006,0.8034,0.7287,0.0781,0.05,0.189,0.0173,0.0,0.1273,9,11,0,1,2,5,2,2,0,0,1.3927,0.5705,0.0,0.0893,0.4677,0.3195,0.0702,0.0446,0.0,0.0,13,19,14.97,15.29
4535284,2024-09-15,ita,2024/2025,Serie A,4,Antonio Giua,10233,Genoa,8686,Roma,1,1,1,49,51,20,16,8,6,6,8,6,2,0,0,13,14,7,2,4,5,2,4,1,3,28,30,9,12,1,3,0,0,1,1,25,19,10,10,3,6,13,27,4,6,57,49,40.0,37.0,17.0,12.0,4.0,9.0,382,421,320.0,350.0,168,186,152,164,14.0,24.0,9.0,6.0,1.25,2.19,0.67,1.19,0.58,1.0,1.25,2.19,0.74,1.59,1,0,8,11,4,3,5,1,2,1,0.0769,0.0,0.7765,1.9268,0.1728,0.2372,0.175,0.0244,0.0522,0.0295,12,6,0,2,3,3,5,5,0,0,0.668,0.9959,0.0,0.1971,0.2474,0.1952,0.3379,0.8298,0.0,0.0,20,16,16.36,13.41
4535284,2024-09-15,ita,2024/2025,Serie A,4,Antonio Giua,8686,Roma,10233,Genoa,0,1,1,51,49,16,20,6,8,8,6,2,6,0,0,14,13,2,7,5,4,4,2,3,1,30,28,12,9,3,1,0,0,1,1,19,25,10,10,6,3,27,13,6,4,49,57,37.0,40.0,12.0,17.0,9.0,4.0,421,382,350.0,320.0,186,168,164,152,24.0,14.0,6.0,9.0,2.19,1.25,1.19,0.67,1.0,0.58,2.19,1.25,1.59,0.74,0,1,11,8,3,4,1,5,1,2,0.0,0.0769,1.9268,0.7765,0.2372,0.1728,0.0244,0.175,0.0295,0.0522,6,12,2,0,3,3,5,5,0,0,0.9959,0.668,0.1971,0.0,0.1952,0.2474,0.8298,0.3379,0.0,0.0,16,20,13.41,16.36
4535287,2024-09-15,ita,2024/2025,Serie A,4,Luca Pairetto,6504,Monza,8636,Inter,1,1,1,40,60,5,16,2,2,2,10,1,4,0,0,2,11,3,5,1,8,0,3,0,2,4,28,11,19,1,2,0,0,1,2,13,15,12,4,4,1,28,8,1,1,66,41,41.0,25.0,25.0,16.0,11.0,1.0,402,594,338.0,531.0,209,172,129,359,25.0,12.0,3.0,8.0,0.24,1.66,0.16,1.26,0.08,0.39,0.24,1.66,0.63,0.88,0,2,2,9,0,0,2,4,1,1,0.0,0.7356,0.1377,0.7406,0.0,0.0,0.0594,0.1244,0.0475,0.0552,3,9,0,0,0,3,2,4,0,0,0.1641,1.2638,0.0,0.0,0.0,0.1606,0.0805,0.2315,0.0,0.0,5,16,18.1,14.12
4535287,2024-09-15,ita,2024/2025,Serie A,4,Luca Pairetto,8636,Inter,6504,Monza,0,1,1,60,40,16,5,2,2,10,2,4,1,0,0,11,2,5,3,8,1,3,0,2,0,28,4,19,11,2,1,0,0,2,1,15,13,4,12,1,4,8,28,1,1,41,66,25.0,41.0,16.0,25.0,1.0,11.0,594,402,531.0,338.0,172,209,359,129,12.0,25.0,8.0,3.0,1.66,0.24,1.26,0.16,0.39,0.08,1.66,0.24,0.88,0.63,2,0,9,2,0,0,4,2,1,1,0.7356,0.0,0.7406,0.1377,0.0,0.0,0.1244,0.0594,0.0552,0.0475,9,3,0,0,3,0,4,2,0,0,1.2638,0.1641,0.0,0.0,0.1606,0.0,0.2315,0.0805,0.0,0.0,16,5,14.12,18.1
4535289,2024-09-15,ita,2024/2025,Serie A,4,Andrea Colombo,9804,Torino,9888,Lecce,1,0,0,53,47,5,20,0,6,4,12,1,2,0,0,3,9,2,11,2,7,1,2,1,2,14,20,13,13,1,3,0,0,1,0,8,7,10,8,2,1,19,18,6,0,43,44,23.0,28.0,20.0,16.0,2.0,9.0,453,397,378.0,321.0,224,179,154,142,18.0,31.0,1.0,8.0,0.45,1.6,0.28,1.48,0.16,0.11,0.45,1.6,0.0,1.64,0,1,3,6,0,2,1,7,1,4,0.0,0.5507,0.364,0.549,0.0,0.1299,0.0319,0.2844,0.0498,0.0846,2,15,0,1,0,2,3,2,0,0,0.2818,1.4262,0.0,0.0579,0.0,0.062,0.1639,0.0526,0.0,0.0,5,20,16.89,18.47
4535289,2024-09-15,ita,2024/2025,Serie A,4,Andrea Colombo,9888,Lecce,9804,Torino,0,0,0,47,53,20,5,6,0,12,4,2,1,0,0,9,3,11,2,7,2,2,1,2,1,20,14,13,13,3,1,0,0,0,1,7,8,8,10,1,2,18,19,0,6,44,43,28.0,23.0,16.0,20.0,9.0,2.0,397,453,321.0,378.0,179,224,142,154,31.0,18.0,8.0,1.0,1.6,0.45,1.48,0.28,0.11,0.16,1.6,0.45,1.64,0.0,1,0,6,3,2,0,7,1,4,1,0.5507,0.0,0.549,0.364,0.1299,0.0,0.2844,0.0319,0.0846,0.0498,15,2,1,0,2,0,2,3,0,0,1.4262,0.2818,0.0579,0.0,0.062,0.0,0.0526,0.1639,0.0,0.0,20,5,18.47,16.89
4535285,2024-09-16,ita,2024/2025,Serie A,4,Luca Zufferli,8543,Lazio,9876,Hellas Verona,1,2,1,55,45,14,7,7,2,4,4,3,1,0,0,7,4,7,3,9,6,3,1,2,0,25,8,13,10,2,2,0,0,0,3,15,11,5,10,1,3,9,19,1,5,47,49,32.0,30.0,15.0,19.0,8.0,7.0,505,415,438.0,347.0,241,226,197,121,27.0,18.0,4.0,2.0,1.22,0.83,0.98,0.78,0.25,0.05,1.22,0.83,2.29,0.54,2,0,3,4,2,0,4,1,3,2,0.5161,0.0,0.5603,0.767,0.0345,0.0,0.0621,0.0355,0.0657,0.0288,13,6,0,0,1,1,0,0,0,0,0.9918,0.7808,0.0,0.0,0.2469,0.0505,0.0,0.0,0.0,0.0,14,7,21.07,18.61
4535285,2024-09-16,ita,2024/2025,Serie A,4,Luca Zufferli,9876,Hellas Verona,8543,Lazio,0,1,2,45,55,7,14,2,7,4,4,1,3,0,0,4,7,3,7,6,9,1,3,0,2,8,25,10,13,2,2,0,0,3,0,11,15,10,5,3,1,19,9,5,1,49,47,30.0,32.0,19.0,15.0,7.0,8.0,415,505,347.0,438.0,226,241,121,197,18.0,27.0,2.0,4.0,0.83,1.22,0.78,0.98,0.05,0.25,0.83,1.22,0.54,2.29,0,2,4,3,0,2,1,4,2,3,0.0,0.5161,0.767,0.5603,0.0,0.0345,0.0355,0.0621,0.0288,0.0657,6,13,0,0,1,1,0,0,0,0,0.7808,0.9918,0.0,0.0,0.0505,0.2469,0.0,0.0,0.0,0.0,7,14,18.61,21.07
4535288,2024-09-16,ita,2024/2025,Serie A,4,Rosario Abisso,10167,Parma,8600,Udinese,1,2,3,47,53,9,18,3,6,5,8,1,4,0,1,7,13,2,5,5,6,1,4,0,1,19,27,8,18,0,3,1,0,2,4,8,14,4,15,3,1,24,12,4,1,39,39,30.0,27.0,9.0,12.0,7.0,6.0,423,453,345.0,394.0,217,220,128,174,22.0,36.0,2.0,8.0,0.8,2.66,0.68,2.63,0.13,0.03,0.8,2.66,1.11,2.61,0,3,5,8,2,2,0,4,2,1,0.0,1.4778,0.7059,1.003,0.0386,0.1013,0.0,0.1445,0.0594,0.0155,6,17,1,0,2,1,0,0,0,0,0.5038,2.7133,0.1744,0.0,0.1258,0.0288,0.0,0.0,0.0,0.0,9,18,16.93,14.6
4535288,2024-09-16,ita,2024/2025,Serie A,4,Rosario Abisso,8600,Udinese,10167,Parma,0,3,2,53,47,18,9,6,3,8,5,4,1,1,0,13,7,5,2,6,5,4,1,1,0,27,19,18,8,3,0,0,1,4,2,14,8,15,4,1,3,12,24,1,4,39,39,27.0,30.0,12.0,9.0,6.0,7.0,453,423,394.0,345.0,220,217,174,128,36.0,22.0,8.0,2.0,2.66,0.8,2.63,0.68,0.03,0.13,2.66,0.8,2.61,1.11,3,0,8,5,2,2,4,0,1,2,1.4778,0.0,1.003,0.7059,0.1013,0.0386,0.1445,0.0,0.0155,0.0594,17,6,0,1,1,2,0,0,0,0,2.7133,0.5038,0.0,0.1744,0.0288,0.1258,0.0,0.0,0.0,0.0,18,9,14.6,16.93
4535291,2024-09-20,ita,2024/2025,Serie A,5,Simone Sozza,8529,Cagliari,8534,Empoli,1,0,2,61,39,21,9,4,4,12,3,5,2,1,0,15,8,6,1,10,4,5,2,5,0,32,13,15,21,1,2,0,0,0,2,16,12,8,8,2,7,21,49,2,2,76,59,42.0,31.0,34.0,28.0,6.0,5.0,454,293,354.0,198.0,194,119,160,79,43.0,16.0,8.0,3.0,2.3,0.84,1.72,0.8,0.58,0.04,2.3,0.84,0.16,0.48,6,0,9,3,0,5,4,1,2,0,1.7132,0.0,0.4752,0.5874,0.0,0.1676,0.1297,0.0923,0.0149,0.0,10,5,0,2,10,2,1,0,0,0,1.7175,0.385,0.0,0.419,0.6085,0.0432,0.0071,0.0,0.0,0.0,21,9,13.75,15.21
4535291,2024-09-20,ita,2024/2025,Serie A,5,Simone Sozza,8534,Empoli,8529,Cagliari,0,2,0,39,61,9,21,4,4,3,12,2,5,0,1,8,15,1,6,4,10,2,5,0,5,13,32,21,15,2,1,0,0,2,0,12,16,8,8,7,2,49,21,2,2,59,76,31.0,42.0,28.0,34.0,5.0,6.0,293,454,198.0,354.0,119,194,79,160,16.0,43.0,3.0,8.0,0.84,2.3,0.8,1.72,0.04,0.58,0.84,2.3,0.48,0.16,0,6,3,9,5,0,1,4,0,2,0.0,1.7132,0.5874,0.4752,0.1676,0.0,0.0923,0.1297,0.0,0.0149,5,10,2,0,2,10,0,1,0,0,0.385,1.7175,0.419,0.0,0.0432,0.6085,0.0,0.0071,0.0,0.0,9,21,15.21,13.75
4535293,2024-09-20,ita,2024/2025,Serie A,5,Livio Marinelli,9876,Hellas Verona,9804,Torino,1,2,3,30,70,8,16,2,3,4,6,2,7,0,1,4,10,4,6,5,6,1,2,0,1,11,25,10,8,3,0,1,0,0,3,13,14,12,8,7,2,16,13,0,0,42,52,25.0,27.0,17.0,25.0,6.0,3.0,312,751,228.0,671.0,131,295,97,376,15.0,31.0,1.0,7.0,0.5,2.29,0.38,1.17,0.13,0.32,0.5,1.5,1.47,1.32,0,1,3,8,1,1,3,6,1,0,0.0,0.2018,0.3264,1.799,0.0647,0.0406,0.0917,0.2438,0.0202,0.0,5,11,0,0,2,1,1,3,0,1,0.3779,1.1722,0.0,0.0,0.0604,0.0183,0.0647,0.3064,0.0,0.7884,8,16,18.56,16.19
4535293,2024-09-20,ita,2024/2025,Serie A,5,Livio Marinelli,9804,Torino,9876,Hellas Verona,0,3,2,70,30,16,8,3,2,6,4,7,2,1,0,10,4,6,4,6,5,2,1,1,0,25,11,8,10,0,3,0,1,3,0,14,13,8,12,2,7,13,16,0,0,52,42,27.0,25.0,25.0,17.0,3.0,6.0,751,312,671.0,228.0,295,131,376,97,31.0,15.0,7.0,1.0,2.29,0.5,1.17,0.38,0.32,0.13,1.5,0.5,1.32,1.47,1,0,8,3,1,1,6,3,0,1,0.2018,0.0,1.799,0.3264,0.0406,0.0647,0.2438,0.0917,0.0,0.0202,11,5,0,0,1,2,3,1,1,0,1.1722,0.3779,0.0,0.0,0.0183,0.0604,0.3064,0.0647,0.7884,0.0,16,8,16.19,18.56
4535295,2024-09-21,ita,2024/2025,Serie A,5,Daniele Doveri,9885,Juventus,9875,Napoli,1,0,0,65,35,9,8,1,1,4,2,4,5,0,0,6,3,3,5,4,3,0,0,0,0,12,8,10,13,1,0,0,0,0,2,14,17,8,7,5,4,4,16,2,1,42,43,35.0,33.0,7.0,10.0,8.0,6.0,667,361,621.0,313.0,357,161,264,152,20.0,20.0,3.0,4.0,0.31,0.31,0.31,0.27,0.0,0.04,0.31,0.31,0.01,0.06,0,1,3,2,3,0,2,4,1,1,0.0,0.0788,0.1601,0.0891,0.0955,0.0,0.0237,0.1166,0.0308,0.0242,9,7,0,0,0,1,0,0,0,0,0.3101,0.2699,0.0,0.0,0.0,0.0388,0.0,0.0,0.0,0.0,9,8,20.29,22.51
4535295,2024-09-21,ita,2024/2025,Serie A,5,Daniele Doveri,9875,Napoli,9885,Juventus,0,0,0,35,65,8,9,1,1,2,4,5,4,0,0,3,6,5,3,3,4,0,0,0,0,8,12,13,10,0,1,0,0,2,0,17,14,7,8,4,5,16,4,1,2,43,42,33.0,35.0,10.0,7.0,6.0,8.0,361,667,313.0,621.0,161,357,152,264,20.0,20.0,4.0,3.0,0.31,0.31,0.27,0.31,0.04,0.0,0.31,0.31,0.06,0.01,1,0,2,3,0,3,4,2,1,1,0.0788,0.0,0.0891,0.1601,0.0,0.0955,0.1166,0.0237,0.0242,0.0308,7,9,0,0,1,0,0,0,0,0,0.2699,0.3101,0.0,0.0,0.0388,0.0,0.0,0.0,0.0,0.0,8,9,22.51,20.29
4535296,2024-09-21,ita,2024/2025,Serie A,5,Marco Guida,9888,Lecce,10167,Parma,1,2,2,38,62,14,25,3,10,6,3,5,12,0,0,7,16,7,9,2,12,1,2,0,1,16,40,12,11,4,0,1,1,4,1,23,18,11,10,12,5,21,7,8,1,50,46,36.0,39.0,14.0,7.0,3.0,11.0,323,533,259.0,457.0,128,168,131,289,21.0,18.0,0.0,3.0,1.51,2.11,1.44,1.43,0.06,0.68,1.51,2.11,1.18,2.26,0,1,6,9,1,6,5,9,2,0,0.0,0.1982,1.2165,1.2976,0.0313,0.2507,0.1805,0.362,0.0776,0.0,9,16,4,0,0,4,1,5,0,0,0.9607,1.4332,0.4842,0.0,0.0,0.5054,0.0611,0.17,0.0,0.0,14,25,19.77,17.44
4535296,2024-09-21,ita,2024/2025,Serie A,5,Marco Guida,10167,Parma,9888,Lecce,0,2,2,62,38,25,14,10,3,3,6,12,5,0,0,16,7,9,7,12,2,2,1,1,0,40,16,11,12,0,4,1,1,1,4,18,23,10,11,5,12,7,21,1,8,46,50,39.0,36.0,7.0,14.0,11.0,3.0,533,323,457.0,259.0,168,128,289,131,18.0,21.0,3.0,0.0,2.11,1.51,1.43,1.44,0.68,0.06,2.11,1.51,2.26,1.18,1,0,9,6,6,1,9,5,0,2,0.1982,0.0,1.2976,1.2165,0.2507,0.0313,0.362,0.1805,0.0,0.0776,16,9,0,4,4,0,5,1,0,0,1.4332,0.9607,0.0,0.4842,0.5054,0.0,0.17,0.0611,0.0,0.0,25,14,17.44,19.77
4535299,2024-09-21,ita,2024/2025,Serie A,5,Matteo Marchetti,7881,Venezia,10233,Genoa,1,2,0,49,51,12,9,4,0,5,3,3,6,0,0,6,7,6,2,3,4,4,0,3,0,19,14,9,12,2,3,0,0,0,7,12,16,4,15,6,3,13,19,0,2,45,43,30.0,26.0,15.0,17.0,8.0,3.0,374,398,290.0,323.0,152,197,138,126,24.0,19.0,3.0,6.0,1.66,0.5,0.83,0.28,0.04,0.22,0.87,0.5,2.01,0.0,0,0,5,5,1,2,5,0,1,2,0.0,0.0,1.4579,0.3619,0.0358,0.1061,0.1507,0.0,0.0176,0.0276,10,4,0,2,1,3,0,0,1,0,0.8331,0.1356,0.0,0.1394,0.0405,0.2206,0.0,0.0,0.7884,0.0,12,9,19.04,15.44
4535299,2024-09-21,ita,2024/2025,Serie A,5,Matteo Marchetti,10233,Genoa,7881,Venezia,0,0,2,51,49,9,12,0,4,3,5,6,3,0,0,7,6,2,6,4,3,0,4,0,3,14,19,12,9,3,2,0,0,7,0,16,12,15,4,3,6,19,13,2,0,43,45,26.0,30.0,17.0,15.0,3.0,8.0,398,374,323.0,290.0,197,152,126,138,19.0,24.0,6.0,3.0,0.5,1.66,0.28,0.83,0.22,0.04,0.5,0.87,0.0,2.01,0,0,5,5,2,1,0,5,2,1,0.0,0.0,0.3619,1.4579,0.1061,0.0358,0.0,0.1507,0.0276,0.0176,4,10,2,0,3,1,0,0,0,1,0.1356,0.8331,0.1394,0.0,0.2206,0.0405,0.0,0.0,0.0,0.7884,9,12,15.44,19.04
4535292,2024-09-22,ita,2024/2025,Serie A,5,Matteo Marcenaro,8535,Fiorentina,8543,Lazio,1,2,1,46,54,14,20,5,6,9,7,0,7,1,1,11,9,3,11,3,10,4,1,2,0,27,25,11,15,3,4,0,0,0,1,11,12,6,5,7,0,29,12,5,3,55,39,36.0,29.0,19.0,10.0,11.0,6.0,355,404,303.0,360.0,189,176,114,184,26.0,31.0,10.0,7.0,2.78,1.05,1.17,0.44,0.04,0.61,1.21,1.05,2.46,0.69,0,1,10,5,1,3,1,7,2,4,0.0,0.0482,2.7128,0.5231,0.0211,0.143,0.0123,0.2111,0.0386,0.1286,10,14,0,0,2,3,0,3,2,0,1.17,0.4408,0.0,0.0,0.038,0.1442,0.0,0.4689,1.5768,0.0,14,20,14.74,19.0
4535292,2024-09-22,ita,2024/2025,Serie A,5,Matteo Marcenaro,8543,Lazio,8535,Fiorentina,0,1,2,54,46,20,14,6,5,7,9,7,0,1,1,9,11,11,3,10,3,1,4,0,2,25,27,15,11,4,3,0,0,1,0,12,11,5,6,0,7,12,29,3,5,39,55,29.0,36.0,10.0,19.0,6.0,11.0,404,355,360.0,303.0,176,189,184,114,31.0,26.0,7.0,10.0,1.05,2.78,0.44,1.17,0.61,0.04,1.05,1.21,0.69,2.46,1,0,5,10,3,1,7,1,4,2,0.0482,0.0,0.5231,2.7128,0.143,0.0211,0.2111,0.0123,0.1286,0.0386,14,10,0,0,3,2,3,0,0,2,0.4408,1.17,0.0,0.0,0.1442,0.038,0.4689,0.0,0.0,1.5768,20,14,19.0,14.74
4535294,2024-09-22,ita,2024/2025,Serie A,5,Maurizio Mariani,8636,Inter,8564,Milan,1,1,2,56,44,13,16,4,8,4,5,5,3,0,0,9,13,4,3,6,2,2,6,2,4,27,28,13,4,4,1,0,0,2,0,11,10,7,10,3,5,16,17,6,3,31,42,17.0,31.0,14.0,11.0,3.0,9.0,504,398,448.0,338.0,240,234,208,104,20.0,19.0,10.0,5.0,0.73,1.7,0.55,1.59,0.17,0.11,0.73,1.7,1.04,2.39,0,0,5,10,4,3,3,3,1,0,0.0,0.0,0.4528,1.325,0.1859,0.2408,0.0749,0.1352,0.0128,0.0,11,9,0,5,2,1,0,1,0,0,0.5531,0.9049,0.0,0.6858,0.1733,0.0652,0.0,0.0449,0.0,0.0,13,16,17.12,15.42
4535294,2024-09-22,ita,2024/2025,Serie A,5,Maurizio Mariani,8564,Milan,8636,Inter,0,2,1,44,56,16,13,8,4,5,4,3,5,0,0,13,9,3,4,2,6,6,2,4,2,28,27,4,13,1,4,0,0,0,2,10,11,10,7,5,3,17,16,3,6,42,31,31.0,17.0,11.0,14.0,9.0,3.0,398,504,338.0,448.0,234,240,104,208,19.0,20.0,5.0,10.0,1.7,0.73,1.59,0.55,0.11,0.17,1.7,0.73,2.39,1.04,0,0,10,5,3,4,3,3,0,1,0.0,0.0,1.325,0.4528,0.2408,0.1859,0.1352,0.0749,0.0,0.0128,9,11,5,0,1,2,1,0,0,0,0.9049,0.5531,0.6858,0.0,0.0652,0.1733,0.0449,0.0,0.0,0.0,16,13,15.42,17.12
4535297,2024-09-22,ita,2024/2025,Serie A,5,Davide Massa,6504,Monza,9857,Bologna,1,1,2,42,58,6,15,3,8,3,3,0,4,0,0,3,10,3,5,2,2,2,2,1,1,7,21,20,16,3,2,0,0,1,1,20,17,13,4,4,0,10,14,6,2,55,54,40.0,42.0,15.0,12.0,6.0,6.0,391,539,311.0,466.0,202,230,109,236,23.0,21.0,2.0,3.0,0.57,0.76,0.53,0.7,0.05,0.06,0.57,0.76,0.77,1.44,1,0,1,3,1,7,2,1,1,4,0.4291,0.0,0.0464,0.2091,0.0526,0.4001,0.0412,0.0642,0.0165,0.0871,5,11,0,3,1,0,0,1,0,0,0.5395,0.4324,0.0,0.2638,0.0464,0.0,0.0,0.0642,0.0,0.0,6,15,17.81,18.09
4535297,2024-09-22,ita,2024/2025,Serie A,5,Davide Massa,9857,Bologna,6504,Monza,0,2,1,58,42,15,6,8,3,3,3,4,0,0,0,10,3,5,3,2,2,2,2,1,1,21,7,16,20,2,3,0,0,1,1,17,20,4,13,0,4,14,10,2,6,54,55,42.0,40.0,12.0,15.0,6.0,6.0,539,391,466.0,311.0,230,202,236,109,21.0,23.0,3.0,2.0,0.76,0.57,0.7,0.53,0.06,0.05,0.76,0.57,1.44,0.77,0,1,3,1,7,1,1,2,4,1,0.0,0.4291,0.2091,0.0464,0.4001,0.0526,0.0642,0.0412,0.0871,0.0165,11,5,3,0,0,1,1,0,0,0,0.4324,0.5395,0.2638,0.0,0.0,0.0464,0.0642,0.0,0.0,0.0,15,6,18.09,17.81
4535298,2024-09-22,ita,2024/2025,Serie A,5,Ermanno Feliciani,8686,Roma,8600,Udinese,1,3,0,62,38,16,9,8,2,4,4,4,3,0,1,12,5,4,4,2,1,3,0,1,0,37,22,15,11,2,2,0,0,4,1,10,13,7,11,3,4,11,15,2,5,33,44,25.0,29.0,8.0,15.0,5.0,1.0,570,349,495.0,277.0,231,183,264,94,16.0,19.0,5.0,2.0,1.9,0.73,0.91,0.71,0.2,0.02,1.11,0.73,2.6,0.88,0,1,7,3,5,1,3,3,1,1,0.0,0.1547,1.5268,0.3423,0.2514,0.0155,0.071,0.2002,0.0463,0.0171,13,7,1,1,0,1,1,0,1,0,0.8648,0.5765,0.0463,0.1378,0.0,0.0155,0.1959,0.0,0.7884,0.0,16,9,16.92,16.92
4535298,2024-09-22,ita,2024/2025,Serie A,5,Ermanno Feliciani,8600,Udinese,8686,Roma,0,0,3,38,62,9,16,2,8,4,4,3,4,1,0,5,12,4,4,1,2,0,3,0,1,22,37,11,15,2,2,0,0,1,4,13,10,11,7,4,3,15,11,5,2,44,33,29.0,25.0,15.0,8.0,1.0,5.0,349,570,277.0,495.0,183,231,94,264,19.0,16.0,2.0,5.0,0.73,1.9,0.71,0.91,0.02,0.2,0.73,1.11,0.88,2.6,1,0,3,7,1,5,3,3,1,1,0.1547,0.0,0.3423,1.5268,0.0155,0.2514,0.2002,0.071,0.0171,0.0463,7,13,1,1,1,0,0,1,0,1,0.5765,0.8648,0.1378,0.0463,0.0155,0.0,0.0,0.1959,0.0,0.7884,9,16,16.92,16.92
4535290,2024-09-24,ita,2024/2025,Serie A,5,Paride Tremolada,8524,Atalanta,10171,Como,1,2,3,59,41,8,14,5,7,3,4,0,3,0,0,6,7,2,7,6,2,2,1,1,0,29,12,12,17,1,3,0,0,0,0,14,29,6,13,3,0,9,31,5,3,62,58,40.0,45.0,22.0,13.0,10.0,4.0,533,386,462.0,311.0,170,183,292,128,26.0,13.0,5.0,1.0,1.59,0.88,0.73,0.78,0.07,0.1,0.8,0.88,1.54,2.12,0,0,5,6,1,1,2,3,0,4,0.0,0.0,1.5043,0.8738,0.0353,0.0447,0.0495,0.0841,0.0,0.0684,5,11,0,1,2,2,0,0,1,0,0.7293,0.6716,0.0,0.3848,0.0714,0.0147,0.0,0.0,0.7884,0.0,8,14,16.51,20.18
4535290,2024-09-24,ita,2024/2025,Serie A,5,Paride Tremolada,10171,Como,8524,Atalanta,0,3,2,41,59,14,8,7,5,4,3,3,0,0,0,7,6,7,2,2,6,1,2,0,1,12,29,17,12,3,1,0,0,0,0,29,14,13,6,0,3,31,9,3,5,58,62,45.0,40.0,13.0,22.0,4.0,10.0,386,533,311.0,462.0,183,170,128,292,13.0,26.0,1.0,5.0,0.88,1.59,0.78,0.73,0.1,0.07,0.88,0.8,2.12,1.54,0,0,6,5,1,1,3,2,4,0,0.0,0.0,0.8738,1.5043,0.0447,0.0353,0.0841,0.0495,0.0684,0.0,11,5,1,0,2,2,0,0,0,1,0.6716,0.7293,0.3848,0.0,0.0147,0.0714,0.0,0.0,0.0,0.7884,14,8,20.18,16.51
4535304,2024-09-27,ita,2024/2025,Serie A,6,Luca Zufferli,8564,Milan,9888,Lecce,1,3,0,57,43,15,16,6,7,7,6,2,3,2,0,11,7,4,9,4,7,6,0,4,0,20,16,5,8,1,1,1,0,0,4,16,14,3,2,3,2,10,11,7,3,47,29,37.0,22.0,10.0,7.0,13.0,5.0,498,372,457.0,331.0,187,207,270,124,24.0,25.0,3.0,7.0,1.65,0.49,1.5,0.23,0.15,0.26,1.65,0.49,1.87,0.46,2,1,5,4,4,2,4,2,0,7,0.4138,0.0302,0.9073,0.1548,0.2596,0.0631,0.1285,0.0759,0.0,0.1687,14,9,0,0,0,6,1,1,0,0,1.555,0.2318,0.0,0.0,0.0,0.2039,0.1541,0.0569,0.0,0.0,15,16,15.79,19.57
4535304,2024-09-27,ita,2024/2025,Serie A,6,Luca Zufferli,9888,Lecce,8564,Milan,0,0,3,43,57,16,15,7,6,6,7,3,2,0,2,7,11,9,4,7,4,0,6,0,4,16,20,8,5,1,1,0,1,4,0,14,16,2,3,2,3,11,10,3,7,29,47,22.0,37.0,7.0,10.0,5.0,13.0,372,498,331.0,457.0,207,187,124,270,25.0,24.0,7.0,3.0,0.49,1.65,0.23,1.5,0.26,0.15,0.49,1.65,0.46,1.87,1,2,4,5,2,4,2,4,7,0,0.0302,0.4138,0.1548,0.9073,0.0631,0.2596,0.0759,0.1285,0.1687,0.0,9,14,0,0,6,0,1,1,0,0,0.2318,1.555,0.0,0.0,0.2039,0.0,0.0569,0.1541,0.0,0.0,16,15,19.57,15.79
4535300,2024-09-28,ita,2024/2025,Serie A,6,Antonio Rapuano,9857,Bologna,8524,Atalanta,1,1,1,36,64,5,23,1,5,1,11,3,7,0,2,3,16,2,7,2,9,0,4,0,4,10,48,16,12,3,3,1,0,3,1,17,18,7,10,8,3,32,14,3,0,48,64,33.0,41.0,15.0,23.0,6.0,8.0,297,524,224.0,453.0,164,191,60,262,27.0,15.0,1.0,4.0,0.1,2.0,0.07,1.49,0.03,0.51,0.1,2.0,0.16,1.24,0,2,1,10,2,4,2,7,0,0,0.0,0.2769,0.0194,1.3739,0.0459,0.1091,0.0389,0.2449,0.0,0.0,3,15,0,0,1,4,1,4,0,0,0.0697,1.4918,0.0,0.0,0.0151,0.1661,0.0194,0.347,0.0,0.0,5,23,19.31,16.03
4535300,2024-09-28,ita,2024/2025,Serie A,6,Antonio Rapuano,8524,Atalanta,9857,Bologna,0,1,1,64,36,23,5,5,1,11,1,7,3,2,0,16,3,7,2,9,2,4,0,4,0,48,10,12,16,3,3,0,1,1,3,18,17,10,7,3,8,14,32,0,3,64,48,41.0,33.0,23.0,15.0,8.0,6.0,524,297,453.0,224.0,191,164,262,60,15.0,27.0,4.0,1.0,2.0,0.1,1.49,0.07,0.51,0.03,2.0,0.1,1.24,0.16,2,0,10,1,4,2,7,2,0,0,0.2769,0.0,1.3739,0.0194,0.1091,0.0459,0.2449,0.0389,0.0,0.0,15,3,0,0,4,1,4,1,0,0,1.4918,0.0697,0.0,0.0,0.1661,0.0151,0.347,0.0194,0.0,0.0,23,5,16.03,19.31
4535303,2024-09-28,ita,2024/2025,Serie A,6,Andrea Colombo,10233,Genoa,9885,Juventus,1,0,3,34,66,7,12,2,3,1,7,4,2,0,1,2,8,5,4,5,3,0,5,0,3,11,21,8,14,2,1,0,0,0,0,12,16,13,3,2,4,19,11,1,2,39,42,26.0,34.0,13.0,8.0,0.0,11.0,326,633,264.0,575.0,176,278,88,297,23.0,14.0,4.0,5.0,0.44,2.6,0.23,1.66,0.2,0.16,0.44,1.82,0.51,1.7,0,3,2,3,0,2,4,2,1,2,0.0,1.2804,0.1701,1.1107,0.0,0.0693,0.2433,0.0812,0.0221,0.0627,4,9,0,0,1,1,2,1,0,1,0.233,1.6576,0.0,0.0,0.0345,0.1044,0.168,0.054,0.0,0.7884,7,12,19.64,15.02
4535303,2024-09-28,ita,2024/2025,Serie A,6,Andrea Colombo,9885,Juventus,10233,Genoa,0,3,0,66,34,12,7,3,2,7,1,2,4,1,0,8,2,4,5,3,5,5,0,3,0,21,11,14,8,1,2,0,0,0,0,16,12,3,13,4,2,11,19,2,1,42,39,34.0,26.0,8.0,13.0,11.0,0.0,633,326,575.0,264.0,278,176,297,88,14.0,23.0,5.0,4.0,2.6,0.44,1.66,0.23,0.16,0.2,1.82,0.44,1.7,0.51,3,0,3,2,2,0,2,4,2,1,1.2804,0.0,1.1107,0.1701,0.0693,0.0,0.0812,0.2433,0.0627,0.0221,9,4,0,0,1,1,1,2,1,0,1.6576,0.233,0.0,0.0,0.1044,0.0345,0.054,0.168,0.7884,0.0,12,7,15.02,19.64
4535309,2024-09-28,ita,2024/2025,Serie A,6,Juan Luca Sacchi,8600,Udinese,8636,Inter,1,2,3,40,60,9,16,3,7,1,6,5,3,0,0,7,12,2,4,7,3,2,4,1,2,24,22,13,6,1,0,0,0,0,3,10,15,4,6,3,5,14,24,4,1,35,41,25.0,28.0,10.0,13.0,10.0,2.0,383,600,327.0,538.0,183,349,144,189,30.0,45.0,7.0,11.0,0.77,2.22,0.48,2.16,0.29,0.06,0.77,2.22,1.16,2.15,1,1,5,10,1,1,0,3,2,1,0.2111,0.059,0.4773,1.8578,0.0204,0.0351,0.0,0.2442,0.0631,0.0246,5,11,0,4,3,1,1,0,0,0,0.4823,1.4031,0.0,0.7585,0.2658,0.059,0.0238,0.0,0.0,0.0,9,16,14.89,14.27
4535309,2024-09-28,ita,2024/2025,Serie A,6,Juan Luca Sacchi,8636,Inter,8600,Udinese,0,3,2,60,40,16,9,7,3,6,1,3,5,0,0,12,7,4,2,3,7,4,2,2,1,22,24,6,13,0,1,0,0,3,0,15,10,6,4,5,3,24,14,1,4,41,35,28.0,25.0,13.0,10.0,2.0,10.0,600,383,538.0,327.0,349,183,189,144,45.0,30.0,11.0,7.0,2.22,0.77,2.16,0.48,0.06,0.29,2.22,0.77,2.15,1.16,1,1,10,5,1,1,3,0,1,2,0.059,0.2111,1.8578,0.4773,0.0351,0.0204,0.2442,0.0,0.0246,0.0631,11,5,4,0,1,3,0,1,0,0,1.4031,0.4823,0.7585,0.0,0.059,0.2658,0.0,0.0238,0.0,0.0,16,9,14.27,14.89
4535301,2024-09-29,ita,2024/2025,Serie A,6,Antonio Giua,10171,Como,9876,Hellas Verona,1,3,2,72,28,24,6,11,3,7,2,6,1,0,0,13,5,11,1,9,1,4,2,3,1,38,7,10,19,2,3,0,1,2,1,15,17,7,10,1,6,7,18,1,8,53,49,37.0,33.0,16.0,16.0,6.0,7.0,577,233,512.0,168.0,274,108,238,60,20.0,8.0,8.0,0.0,2.25,1.14,2.1,0.29,0.15,0.06,2.25,0.35,1.71,1.34,1,0,8,4,4,1,8,0,3,1,0.4059,0.0,1.2447,1.0826,0.2221,0.0251,0.2655,0.0,0.107,0.0323,18,2,0,1,5,0,1,2,0,1,2.0993,0.1559,0.0,0.1383,0.1255,0.0,0.0205,0.0574,0.0,0.7884,24,6,18.23,16.71
4535301,2024-09-29,ita,2024/2025,Serie A,6,Antonio Giua,9876,Hellas Verona,10171,Como,0,2,3,28,72,6,24,3,11,2,7,1,6,0,0,5,13,1,11,1,9,2,4,1,3,7,38,19,10,3,2,1,0,1,2,17,15,10,7,6,1,18,7,8,1,49,53,33.0,37.0,16.0,16.0,7.0,6.0,233,577,168.0,512.0,108,274,60,238,8.0,20.0,0.0,8.0,1.14,2.25,0.29,2.1,0.06,0.15,0.35,2.25,1.34,1.71,0,1,4,8,1,4,0,8,1,3,0.0,0.4059,1.0826,1.2447,0.0251,0.2221,0.0,0.2655,0.0323,0.107,2,18,1,0,0,5,2,1,1,0,0.1559,2.0993,0.1383,0.0,0.0,0.1255,0.0574,0.0205,0.7884,0.0,6,24,16.71,18.23
4535302,2024-09-29,ita,2024/2025,Serie A,6,Gianluca Aureliano,8534,Empoli,8535,Fiorentina,1,0,0,37,63,8,13,1,0,4,6,3,7,0,0,4,9,4,4,2,4,0,2,0,2,10,27,15,12,0,1,0,0,1,1,24,16,10,10,7,3,19,11,0,1,58,56,48.0,39.0,10.0,17.0,12.0,9.0,311,534,235.0,455.0,132,271,103,184,20.0,52.0,1.0,5.0,0.36,0.68,0.36,0.51,0.0,0.17,0.36,0.68,0.02,0.0,0,0,2,4,2,5,4,3,0,1,0.0,0.0,0.11,0.3049,0.0921,0.2047,0.1544,0.1428,0.0,0.0281,5,8,3,2,0,1,0,2,0,0,0.1566,0.404,0.1999,0.1025,0.0,0.0432,0.0,0.1309,0.0,0.0,8,13,20.63,18.16
4535302,2024-09-29,ita,2024/2025,Serie A,6,Gianluca Aureliano,8535,Fiorentina,8534,Empoli,0,0,0,63,37,13,8,0,1,6,4,7,3,0,0,9,4,4,4,4,2,2,0,2,0,27,10,12,15,1,0,0,0,1,1,16,24,10,10,3,7,11,19,1,0,56,58,39.0,48.0,17.0,10.0,9.0,12.0,534,311,455.0,235.0,271,132,184,103,52.0,20.0,5.0,1.0,0.68,0.36,0.51,0.36,0.17,0.0,0.68,0.36,0.0,0.02,0,0,4,2,5,2,3,4,1,0,0.0,0.0,0.3049,0.11,0.2047,0.0921,0.1428,0.1544,0.0281,0.0,8,5,2,3,1,0,2,0,0,0,0.404,0.1566,0.1025,0.1999,0.0432,0.0,0.1309,0.0,0.0,0.0,13,8,18.16,20.63
4535305,2024-09-29,ita,2024/2025,Serie A,6,Gianluca Manganiello,9875,Napoli,6504,Monza,1,2,0,49,51,11,5,2,1,6,2,3,2,0,0,9,1,2,4,1,3,3,0,1,0,22,2,16,8,1,2,0,0,0,0,8,15,5,11,2,3,13,11,1,0,26,44,18.0,37.0,8.0,7.0,4.0,6.0,529,548,477.0,500.0,184,274,293,226,20.0,25.0,2.0,1.0,1.17,0.3,0.86,0.07,0.31,0.23,1.17,0.3,0.57,0.81,0,0,6,1,3,0,1,4,1,0,0.0,0.0,1.012,0.1028,0.1088,0.0,0.0181,0.2013,0.0355,0.0,7,2,1,0,1,1,2,2,0,0,0.7899,0.0702,0.0723,0.0,0.1829,0.1028,0.1293,0.1311,0.0,0.0,11,5,13.83,22.02
4535305,2024-09-29,ita,2024/2025,Serie A,6,Gianluca Manganiello,6504,Monza,9875,Napoli,0,0,2,51,49,5,11,1,2,2,6,2,3,0,0,1,9,4,2,3,1,0,3,0,1,2,22,8,16,2,1,0,0,0,0,15,8,11,5,3,2,11,13,0,1,44,26,37.0,18.0,7.0,8.0,6.0,4.0,548,529,500.0,477.0,274,184,226,293,25.0,20.0,1.0,2.0,0.3,1.17,0.07,0.86,0.23,0.31,0.3,1.17,0.81,0.57,0,0,1,6,0,3,4,1,0,1,0.0,0.0,0.1028,1.012,0.0,0.1088,0.2013,0.0181,0.0,0.0355,2,7,0,1,1,1,2,2,0,0,0.0702,0.7899,0.0,0.0723,0.1028,0.1829,0.1311,0.1293,0.0,0.0,5,11,22.02,13.83
4535307,2024-09-29,ita,2024/2025,Serie A,6,Rosario Abisso,8686,Roma,7881,Venezia,1,2,1,69,31,22,18,5,7,10,5,7,6,0,1,11,11,11,7,6,3,2,4,1,3,32,19,8,13,1,2,0,0,2,1,12,18,5,4,7,7,22,35,5,3,43,37,30.0,27.0,13.0,10.0,7.0,2.0,579,251,496.0,186.0,192,107,304,79,21.0,20.0,12.0,2.0,1.68,1.7,0.66,1.37,1.02,0.34,1.68,1.7,1.02,2.13,2,1,6,8,3,2,7,5,4,2,0.2455,0.0512,0.9317,1.3614,0.1697,0.075,0.2578,0.2817,0.0715,0.0353,13,11,1,0,6,2,2,5,0,0,0.6314,1.4616,0.0286,0.0,0.9156,0.0602,0.1007,0.2826,0.0,0.0,22,18,17.79,16.79
4535307,2024-09-29,ita,2024/2025,Serie A,6,Rosario Abisso,7881,Venezia,8686,Roma,0,1,2,31,69,18,22,7,5,5,10,6,7,1,0,11,11,7,11,3,6,4,2,3,1,19,32,13,8,2,1,0,0,1,2,18,12,4,5,7,7,35,22,3,5,37,43,27.0,30.0,10.0,13.0,2.0,7.0,251,579,186.0,496.0,107,192,79,304,20.0,21.0,2.0,12.0,1.7,1.68,1.37,0.66,0.34,1.02,1.7,1.68,2.13,1.02,1,2,8,6,2,3,5,7,2,4,0.0512,0.2455,1.3614,0.9317,0.075,0.1697,0.2817,0.2578,0.0353,0.0715,11,13,0,1,2,6,5,2,0,0,1.4616,0.6314,0.0,0.0286,0.0602,0.9156,0.2826,0.1007,0.0,0.0,18,22,16.79,17.79
4535308,2024-09-29,ita,2024/2025,Serie A,6,Simone Sozza,9804,Torino,8543,Lazio,1,2,3,58,42,12,13,7,7,4,5,1,1,0,0,6,10,6,3,3,1,0,3,0,2,22,24,10,13,2,3,0,0,0,1,21,15,7,10,1,1,20,22,4,5,56,49,37.0,38.0,19.0,11.0,5.0,15.0,483,357,409.0,276.0,259,144,150,132,31.0,20.0,7.0,5.0,0.68,2.07,0.52,1.61,0.16,0.46,0.68,2.07,1.71,2.24,0,1,6,7,0,2,3,1,3,2,0.0,0.3797,0.4228,1.2346,0.0,0.4427,0.1864,0.027,0.0719,0.032,9,7,0,2,1,2,2,2,0,0,0.5201,1.1267,0.0,0.533,0.0492,0.4134,0.1118,0.0431,0.0,0.0,12,13,18.19,14.89
4535308,2024-09-29,ita,2024/2025,Serie A,6,Simone Sozza,8543,Lazio,9804,Torino,0,3,2,42,58,13,12,7,7,5,4,1,1,0,0,10,6,3,6,1,3,3,0,2,0,24,22,13,10,3,2,0,0,1,0,15,21,10,7,1,1,22,20,5,4,49,56,38.0,37.0,11.0,19.0,15.0,5.0,357,483,276.0,409.0,144,259,132,150,20.0,31.0,5.0,7.0,2.07,0.68,1.61,0.52,0.46,0.16,2.07,0.68,2.24,1.71,1,0,7,6,2,0,1,3,2,3,0.3797,0.0,1.2346,0.4228,0.4427,0.0,0.027,0.1864,0.032,0.0719,7,9,2,0,2,1,2,2,0,0,1.1267,0.5201,0.533,0.0,0.4134,0.0492,0.0431,0.1118,0.0,0.0,13,12,14.89,18.19
4535306,2024-09-30,ita,2024/2025,Serie A,6,Francesco Fourneau,10167,Parma,8529,Cagliari,1,2,3,61,39,18,12,4,4,10,7,4,1,0,2,10,7,8,5,5,3,6,7,4,5,33,16,10,16,3,2,0,0,1,4,10,13,4,11,1,3,16,18,1,2,38,39,26.0,30.0,12.0,9.0,3.0,8.0,566,351,483.0,266.0,261,157,222,109,19.0,18.0,5.0,4.0,2.38,2.38,1.29,1.93,0.3,0.45,1.59,2.38,2.45,2.96,0,3,7,4,3,0,5,4,3,1,0.0,1.0247,1.8689,1.1849,0.2469,0.0,0.1528,0.149,0.1107,0.0211,11,8,1,1,4,3,1,0,1,0,1.0603,1.2501,0.2911,0.6786,0.199,0.4511,0.0406,0.0,0.7884,0.0,18,12,18.2,15.92
4535306,2024-09-30,ita,2024/2025,Serie A,6,Francesco Fourneau,8529,Cagliari,10167,Parma,0,3,2,39,61,12,18,4,4,7,10,1,4,2,0,7,10,5,8,3,5,7,6,5,4,16,33,16,10,2,3,0,0,4,1,13,10,11,4,3,1,18,16,2,1,39,38,30.0,26.0,9.0,12.0,8.0,3.0,351,566,266.0,483.0,157,261,109,222,18.0,19.0,4.0,5.0,2.38,2.38,1.93,1.29,0.45,0.3,2.38,1.59,2.96,2.45,3,0,4,7,0,3,4,5,1,3,1.0247,0.0,1.1849,1.8689,0.0,0.2469,0.149,0.1528,0.0211,0.1107,8,11,1,1,3,4,0,1,0,1,1.2501,1.0603,0.6786,0.2911,0.4511,0.199,0.0,0.0406,0.0,0.7884,12,18,15.92,18.2
4535353,2024-10-04,ita,2024/2025,Serie A,7,Marco Guida,9876,Hellas Verona,7881,Venezia,1,2,1,50,50,20,14,3,2,10,8,7,4,0,0,15,6,5,8,13,6,2,3,1,2,27,20,10,5,3,0,0,0,1,0,16,16,7,5,4,7,28,20,2,2,50,45,27.0,29.0,23.0,16.0,6.0,4.0,361,366,280.0,289.0,112,157,168,132,28.0,15.0,11.0,5.0,2.4,0.9,1.45,0.61,0.95,0.28,2.4,0.9,1.31,0.93,7,1,8,3,0,2,4,5,1,3,1.0777,0.1376,1.0715,0.4769,0.0,0.0567,0.2061,0.1157,0.0416,0.1114,14,9,0,0,6,2,0,3,0,0,1.4482,0.6145,0.0,0.0,0.9487,0.1948,0.0,0.0889,0.0,0.0,20,14,11.8,20.17
4535353,2024-10-04,ita,2024/2025,Serie A,7,Marco Guida,7881,Venezia,9876,Hellas Verona,0,1,2,50,50,14,20,2,3,8,10,4,7,0,0,6,15,8,5,6,13,3,2,2,1,20,27,5,10,0,3,0,0,0,1,16,16,5,7,7,4,20,28,2,2,45,50,29.0,27.0,16.0,23.0,4.0,6.0,366,361,289.0,280.0,157,112,132,168,15.0,28.0,5.0,11.0,0.9,2.4,0.61,1.45,0.28,0.95,0.9,2.4,0.93,1.31,1,7,3,8,2,0,5,4,3,1,0.1376,1.0777,0.4769,1.0715,0.0567,0.0,0.1157,0.2061,0.1114,0.0416,9,14,0,0,2,6,3,0,0,0,0.6145,1.4482,0.0,0.0,0.1948,0.9487,0.0889,0.0,0.0,0.0,14,20,20.17,11.8
4535358,2024-10-04,ita,2024/2025,Serie A,7,Ermanno Feliciani,9875,Napoli,10171,Como,1,3,1,40,60,9,11,6,2,0,8,3,1,0,1,8,3,1,8,4,1,3,0,0,0,23,13,7,10,1,1,0,0,2,0,12,17,8,10,1,3,11,15,1,3,37,42,30.0,29.0,7.0,13.0,10.0,5.0,424,632,364.0,572.0,239,252,125,320,22.0,32.0,1.0,0.0,1.91,0.37,1.08,0.37,0.04,0.0,1.13,0.37,2.62,0.42,0,0,5,1,3,2,1,1,0,7,0.0,0.0,1.7721,0.1202,0.1339,0.0858,0.0085,0.0288,0.0,0.1341,5,10,2,1,0,0,1,0,1,0,0.7363,0.3075,0.3465,0.0613,0.0,0.0,0.0435,0.0,0.7884,0.0,9,11,15.26,24.39
4535358,2024-10-04,ita,2024/2025,Serie A,7,Ermanno Feliciani,10171,Como,9875,Napoli,0,1,3,60,40,11,9,2,6,8,0,1,3,1,0,3,8,8,1,1,4,0,3,0,0,13,23,10,7,1,1,0,0,0,2,17,12,10,8,3,1,15,11,3,1,42,37,29.0,30.0,13.0,7.0,5.0,10.0,632,424,572.0,364.0,252,239,320,125,32.0,22.0,0.0,1.0,0.37,1.91,0.37,1.08,0.0,0.04,0.37,1.13,0.42,2.62,0,0,1,5,2,3,1,1,7,0,0.0,0.0,0.1202,1.7721,0.0858,0.1339,0.0288,0.0085,0.1341,0.0,10,5,1,2,0,0,0,1,0,1,0.3075,0.7363,0.0613,0.3465,0.0,0.0,0.0,0.0435,0.0,0.7884,11,9,24.39,15.26
4535350,2024-10-05,ita,2024/2025,Serie A,7,Daniele Chiffi,8524,Atalanta,10233,Genoa,1,5,1,63,37,23,7,8,2,9,2,6,3,1,0,18,5,5,2,4,2,8,1,5,0,41,12,9,15,0,0,0,0,1,1,10,17,15,8,2,5,12,30,1,3,38,41,31.0,28.0,7.0,13.0,8.0,3.0,579,342,518.0,277.0,191,202,327,75,26.0,16.0,6.0,6.0,3.65,0.73,2.11,0.63,0.76,0.1,2.87,0.73,2.83,1.3,3,0,10,3,5,2,4,1,1,1,0.8436,0.0,2.3693,0.6681,0.3404,0.0291,0.1066,0.0188,0.0129,0.0112,14,5,2,0,4,1,2,1,1,0,1.6207,0.6261,0.5086,0.0,0.2657,0.0886,0.4894,0.0124,0.7884,0.0,23,7,14.26,18.64
4535350,2024-10-05,ita,2024/2025,Serie A,7,Daniele Chiffi,10233,Genoa,8524,Atalanta,0,1,5,37,63,7,23,2,8,2,9,3,6,0,1,5,18,2,5,2,4,1,8,0,5,12,41,15,9,0,0,0,0,1,1,17,10,8,15,5,2,30,12,3,1,41,38,28.0,31.0,13.0,7.0,3.0,8.0,342,579,277.0,518.0,202,191,75,327,16.0,26.0,6.0,6.0,0.73,3.65,0.63,2.11,0.1,0.76,0.73,2.87,1.3,2.83,0,3,3,10,2,5,1,4,1,1,0.0,0.8436,0.6681,2.3693,0.0291,0.3404,0.0188,0.1066,0.0112,0.0129,5,14,0,2,1,4,1,2,0,1,0.6261,1.6207,0.0,0.5086,0.0886,0.2657,0.0124,0.4894,0.0,0.7884,7,23,18.64,14.26
4535354,2024-10-05,ita,2024/2025,Serie A,7,Matteo Marcenaro,8636,Inter,9804,Torino,1,3,2,80,20,29,7,8,5,13,1,8,1,0,0,16,4,13,3,14,0,8,2,5,0,48,7,6,9,1,2,0,1,2,1,15,8,8,6,1,8,9,44,3,5,42,32,29.0,17.0,13.0,15.0,5.0,3.0,737,188,687.0,127.0,199,83,488,44,28.0,16.0,10.0,1.0,2.44,1.61,1.99,0.82,0.44,0.0,2.44,0.82,3.26,1.88,2,1,9,2,5,1,10,3,3,0,0.4075,0.071,1.3839,1.4354,0.231,0.0249,0.4072,0.0775,0.0577,0.0,20,6,1,0,7,0,1,0,0,1,2.1179,0.8205,0.0266,0.0,0.3233,0.0,0.0197,0.0,0.0,0.7884,29,7,17.62,17.85
4535354,2024-10-05,ita,2024/2025,Serie A,7,Matteo Marcenaro,9804,Torino,8636,Inter,0,2,3,20,80,7,29,5,8,1,13,1,8,0,0,4,16,3,13,0,14,2,8,0,5,7,48,9,6,2,1,1,0,1,2,8,15,6,8,8,1,44,9,5,3,32,42,17.0,29.0,15.0,13.0,3.0,5.0,188,737,127.0,687.0,83,199,44,488,16.0,28.0,1.0,10.0,1.61,2.44,0.82,1.99,0.0,0.44,0.82,2.44,1.88,3.26,1,2,2,9,1,5,3,10,0,3,0.071,0.4075,1.4354,1.3839,0.0249,0.231,0.0775,0.4072,0.0,0.0577,6,20,0,1,0,7,0,1,1,0,0.8205,2.1179,0.0,0.0266,0.0,0.3233,0.0,0.0197,0.7884,0.0,7,29,17.85,17.62
4535359,2024-10-05,ita,2024/2025,Serie A,7,Maurizio Mariani,8600,Udinese,9888,Lecce,1,1,0,56,44,12,9,4,3,4,5,4,1,2,0,9,5,3,4,5,0,2,1,2,1,22,17,12,16,2,2,0,0,0,3,19,22,12,14,1,3,9,19,3,3,54,58,41.0,44.0,13.0,14.0,7.0,10.0,439,349,351.0,270.0,183,167,168,103,18.0,36.0,9.0,0.0,0.87,0.51,0.23,0.47,0.64,0.03,0.87,0.51,0.9,0.21,4,1,2,2,3,2,2,3,1,1,0.579,0.1156,0.0325,0.2324,0.0694,0.0735,0.1639,0.066,0.055,0.0191,2,8,1,1,7,0,2,0,0,0,0.176,0.3132,0.055,0.1934,0.488,0.0,0.1808,0.0,0.0,0.0,12,9,13.27,21.5
4535359,2024-10-05,ita,2024/2025,Serie A,7,Maurizio Mariani,9888,Lecce,8600,Udinese,0,0,1,44,56,9,12,3,4,5,4,1,4,0,2,5,9,4,3,0,5,1,2,1,2,17,22,16,12,2,2,0,0,3,0,22,19,14,12,3,1,19,9,3,3,58,54,44.0,41.0,14.0,13.0,10.0,7.0,349,439,270.0,351.0,167,183,103,168,36.0,18.0,0.0,9.0,0.51,0.87,0.47,0.23,0.03,0.64,0.51,0.87,0.21,0.9,1,4,2,2,2,3,3,2,1,1,0.1156,0.579,0.2324,0.0325,0.0735,0.0694,0.066,0.1639,0.0191,0.055,8,2,1,1,0,7,0,2,0,0,0.3132,0.176,0.1934,0.055,0.0,0.488,0.0,0.1808,0.0,0.0,9,12,21.5,13.27
4535351,2024-10-06,ita,2024/2025,Serie A,7,Marco Di Bello,9857,Bologna,10167,Parma,1,0,0,71,29,19,13,3,2,9,5,7,6,0,0,14,9,5,4,13,6,0,1,0,1,29,19,15,16,1,0,0,1,3,0,18,13,4,10,6,7,8,26,2,3,56,49,40.0,32.0,16.0,17.0,6.0,6.0,570,235,493.0,161.0,205,89,288,72,22.0,13.0,9.0,4.0,0.8,0.77,0.6,0.7,0.19,0.07,0.8,0.77,0.31,0.24,1,1,7,4,6,4,2,4,3,0,0.0936,0.3551,0.301,0.1846,0.3246,0.1142,0.0255,0.1209,0.0503,0.0,11,8,2,1,6,2,0,2,0,0,0.4459,0.668,0.1548,0.0358,0.1943,0.0369,0.0,0.034,0.0,0.0,19,13,17.34,18.96
4535351,2024-10-06,ita,2024/2025,Serie A,7,Marco Di Bello,10167,Parma,9857,Bologna,0,0,0,29,71,13,19,2,3,5,9,6,7,0,0,9,14,4,5,6,13,1,0,1,0,19,29,16,15,0,1,1,0,0,3,13,18,10,4,7,6,26,8,3,2,49,56,32.0,40.0,17.0,16.0,6.0,6.0,235,570,161.0,493.0,89,205,72,288,13.0,22.0,4.0,9.0,0.77,0.8,0.7,0.6,0.07,0.19,0.77,0.8,0.24,0.31,1,1,4,7,4,6,4,2,0,3,0.3551,0.0936,0.1846,0.301,0.1142,0.3246,0.1209,0.0255,0.0,0.0503,8,11,1,2,2,6,2,0,0,0,0.668,0.4459,0.0358,0.1548,0.0369,0.1943,0.034,0.0,0.0,0.0,13,19,18.96,17.34
4535352,2024-10-06,ita,2024/2025,Serie A,7,Luca Pairetto,8535,Fiorentina,8564,Milan,1,2,1,40,60,12,16,3,8,8,5,1,3,1,0,7,12,5,4,0,7,2,3,2,3,16,34,11,21,2,3,0,1,4,0,16,10,8,10,3,0,28,13,7,1,52,48,40.0,31.0,12.0,17.0,4.0,10.0,297,440,236.0,379.0,124,181,112,198,15.0,18.0,1.0,9.0,1.47,2.67,0.58,0.65,0.1,0.44,0.68,1.09,1.4,3.24,0,1,5,9,2,3,2,2,3,1,0.0,0.2355,1.2169,2.2009,0.0432,0.1308,0.0909,0.0783,0.1153,0.0216,10,8,0,1,0,2,1,3,1,2,0.6295,0.6119,0.0,0.0343,0.0,0.1275,0.0485,0.3167,0.7884,1.5768,12,16,18.32,14.27
4535352,2024-10-06,ita,2024/2025,Serie A,7,Luca Pairetto,8564,Milan,8535,Fiorentina,0,1,2,60,40,16,12,8,3,5,8,3,1,0,1,12,7,4,5,7,0,3,2,3,2,34,16,21,11,3,2,1,0,0,4,10,16,10,8,0,3,13,28,1,7,48,52,31.0,40.0,17.0,12.0,10.0,4.0,440,297,379.0,236.0,181,124,198,112,18.0,15.0,9.0,1.0,2.67,1.47,0.65,0.58,0.44,0.1,1.09,0.68,3.24,1.4,1,0,9,5,3,2,2,2,1,3,0.2355,0.0,2.2009,1.2169,0.1308,0.0432,0.0783,0.0909,0.0216,0.1153,8,10,1,0,2,0,3,1,2,1,0.6119,0.6295,0.0343,0.0,0.1275,0.0,0.3167,0.0485,1.5768,0.7884,16,12,14.27,18.32
4535355,2024-10-06,ita,2024/2025,Serie A,7,Livio Marinelli,9885,Juventus,8529,Cagliari,1,1,1,73,27,21,9,9,2,7,4,5,3,1,1,16,5,5,4,8,3,5,1,4,0,36,17,13,10,3,2,1,0,1,1,18,8,4,8,3,4,8,27,1,8,50,34,37.0,23.0,13.0,11.0,11.0,4.0,704,240,654.0,190.0,362,105,292,85,19.0,13.0,4.0,4.0,2.46,1.12,1.56,0.33,0.12,0.0,1.67,0.33,1.82,0.99,1,0,8,2,7,3,4,2,1,2,0.2484,0.0,1.7876,0.8508,0.1895,0.1463,0.2231,0.0588,0.0287,0.0592,17,7,0,1,3,0,0,0,1,1,1.5738,0.2768,0.0,0.0499,0.1151,0.0,0.0,0.0,0.7884,0.7884,21,9,15.94,21.32
4535355,2024-10-06,ita,2024/2025,Serie A,7,Livio Marinelli,8529,Cagliari,9885,Juventus,0,1,1,27,73,9,21,2,9,4,7,3,5,1,1,5,16,4,5,3,8,1,5,0,4,17,36,10,13,2,3,0,1,1,1,8,18,8,4,4,3,27,8,8,1,34,50,23.0,37.0,11.0,13.0,4.0,11.0,240,704,190.0,654.0,105,362,85,292,13.0,19.0,4.0,4.0,1.12,2.46,0.33,1.56,0.0,0.12,0.33,1.67,0.99,1.82,0,1,2,8,3,7,2,4,2,1,0.0,0.2484,0.8508,1.7876,0.1463,0.1895,0.0588,0.2231,0.0592,0.0287,7,17,1,0,0,3,0,0,1,1,0.2768,1.5738,0.0499,0.0,0.0,0.1151,0.0,0.0,0.7884,0.7884,9,21,21.32,15.94
4535356,2024-10-06,ita,2024/2025,Serie A,7,Giovanni Ayroldi,8543,Lazio,8534,Empoli,1,2,1,59,41,16,7,6,2,8,3,2,2,0,0,9,5,7,2,5,3,3,1,3,0,29,9,10,17,2,4,0,0,1,1,30,15,5,5,2,2,18,27,1,4,64,58,50.0,37.0,14.0,21.0,4.0,13.0,419,297,360.0,220.0,159,139,201,81,20.0,13.0,8.0,6.0,2.1,0.55,1.24,0.47,0.08,0.08,1.31,0.55,1.98,0.97,0,1,8,3,1,1,6,2,1,0,0.0,0.2648,2.0541,0.1379,0.0294,0.0175,0.2823,0.1287,0.0284,0.0,13,4,1,1,0,2,1,0,1,0,1.1585,0.3823,0.0777,0.0904,0.0,0.0762,0.3697,0.0,0.7884,0.0,16,7,16.55,13.86
4535356,2024-10-06,ita,2024/2025,Serie A,7,Giovanni Ayroldi,8534,Empoli,8543,Lazio,0,1,2,41,59,7,16,2,6,3,8,2,2,0,0,5,9,2,7,3,5,1,3,0,3,9,29,17,10,4,2,0,0,1,1,15,30,5,5,2,2,27,18,4,1,58,64,37.0,50.0,21.0,14.0,13.0,4.0,297,419,220.0,360.0,139,159,81,201,13.0,20.0,6.0,8.0,0.55,2.1,0.47,1.24,0.08,0.08,0.55,1.31,0.97,1.98,1,0,3,8,1,1,2,6,0,1,0.2648,0.0,0.1379,2.0541,0.0175,0.0294,0.1287,0.2823,0.0,0.0284,4,13,1,1,2,0,0,1,0,1,0.3823,1.1585,0.0904,0.0777,0.0762,0.0,0.0,0.3697,0.0,0.7884,7,16,13.86,16.55
4535357,2024-10-06,ita,2024/2025,Serie A,7,Federico La Penna,6504,Monza,8686,Roma,1,1,1,34,66,3,15,3,4,0,7,0,4,0,1,2,8,1,7,1,3,2,2,1,1,11,23,16,13,3,1,0,0,1,1,17,21,11,5,4,0,23,18,4,2,55,53,32.0,44.0,23.0,9.0,2.0,7.0,310,595,234.0,519.0,146,260,88,259,31.0,16.0,3.0,3.0,1.12,1.07,1.12,1.04,0.0,0.03,1.12,1.07,1.19,1.09,1,0,1,4,0,4,0,6,1,1,0.8172,0.0,0.2914,0.5949,0.0,0.1573,0.0,0.3008,0.0096,0.0191,3,13,0,1,0,1,0,0,0,0,1.1182,0.9399,0.0,0.101,0.0,0.0312,0.0,0.0,0.0,0.0,3,15,16.26,17.81
4535357,2024-10-06,ita,2024/2025,Serie A,7,Federico La Penna,8686,Roma,6504,Monza,0,1,1,66,34,15,3,4,3,7,0,4,0,1,0,8,2,7,1,3,1,2,2,1,1,23,11,13,16,1,3,0,0,1,1,21,17,5,11,0,4,18,23,2,4,53,55,44.0,32.0,9.0,23.0,7.0,2.0,595,310,519.0,234.0,260,146,259,88,16.0,31.0,3.0,3.0,1.07,1.12,1.04,1.12,0.03,0.0,1.07,1.12,1.09,1.19,0,1,4,1,4,0,6,0,1,1,0.0,0.8172,0.5949,0.2914,0.1573,0.0,0.3008,0.0,0.0191,0.0096,13,3,1,0,1,0,0,0,0,0,0.9399,1.1182,0.101,0.0,0.0312,0.0,0.0,0.0,0.0,0.0,15,3,17.81,16.26
4535361,2024-10-19,ita,2024/2025,Serie A,8,Michael Fabbri,10171,Como,10167,Parma,1,1,1,61,39,12,9,3,3,4,6,5,0,1,2,10,2,2,7,7,4,2,1,1,0,26,15,14,10,1,2,0,0,7,2,18,9,10,10,0,5,17,15,2,2,37,36,31.0,32.0,6.0,4.0,4.0,9.0,585,367,510.0,300.0,274,150,236,150,24.0,25.0,4.0,0.0,1.28,0.51,1.12,0.42,0.16,0.08,1.28,0.51,1.02,0.91,0,0,7,2,3,0,0,4,2,3,0.0,0.0,1.2074,0.2416,0.0746,0.0,0.0,0.1569,0.0203,0.0792,8,6,1,1,3,0,0,2,0,0,0.4863,0.2198,0.6583,0.1914,0.1577,0.0,0.0,0.0665,0.0,0.0,12,9,15.88,22.96
4535361,2024-10-19,ita,2024/2025,Serie A,8,Michael Fabbri,10167,Parma,10171,Como,0,1,1,39,61,9,12,3,3,6,4,0,5,2,1,2,10,7,2,4,7,1,2,0,1,15,26,10,14,2,1,0,0,2,7,9,18,10,10,5,0,15,17,2,2,36,37,32.0,31.0,4.0,6.0,9.0,4.0,367,585,300.0,510.0,150,274,150,236,25.0,24.0,0.0,4.0,0.51,1.28,0.42,1.12,0.08,0.16,0.51,1.28,0.91,1.02,0,0,2,7,0,3,4,0,3,2,0.0,0.0,0.2416,1.2074,0.0,0.0746,0.1569,0.0,0.0792,0.0203,6,8,1,1,0,3,2,0,0,0,0.2198,0.4863,0.1914,0.6583,0.0,0.1577,0.0665,0.0,0.0,0.0,9,12,22.96,15.88
4535363,2024-10-19,ita,2024/2025,Serie A,8,Daniele Doveri,10233,Genoa,9857,Bologna,1,2,2,38,62,10,12,4,7,2,1,4,4,0,0,5,5,5,7,1,7,0,1,0,1,18,26,20,12,2,0,0,0,3,3,17,11,5,5,4,4,20,14,5,2,44,55,26.0,36.0,18.0,19.0,3.0,5.0,271,450,187.0,367.0,107,209,80,158,13.0,23.0,3.0,4.0,0.42,0.67,0.38,0.57,0.04,0.1,0.42,0.67,0.77,1.74,0,1,4,1,1,5,4,2,1,3,0.0,0.3166,0.2282,0.0978,0.0289,0.1258,0.1499,0.0823,0.011,0.0475,6,9,2,0,0,3,2,0,0,0,0.2618,0.5677,0.1146,0.0,0.0,0.1024,0.0416,0.0,0.0,0.0,10,12,19.63,21.9
4535363,2024-10-19,ita,2024/2025,Serie A,8,Daniele Doveri,9857,Bologna,10233,Genoa,0,2,2,62,38,12,10,7,4,1,2,4,4,0,0,5,5,7,5,7,1,1,0,1,0,26,18,12,20,0,2,0,0,3,3,11,17,5,5,4,4,14,20,2,5,55,44,36.0,26.0,19.0,18.0,5.0,3.0,450,271,367.0,187.0,209,107,158,80,23.0,13.0,4.0,3.0,0.67,0.42,0.57,0.38,0.1,0.04,0.67,0.42,1.74,0.77,1,0,1,4,5,1,2,4,3,1,0.3166,0.0,0.0978,0.2282,0.1258,0.0289,0.0823,0.1499,0.0475,0.011,9,6,0,2,3,0,0,2,0,0,0.5677,0.2618,0.0,0.1146,0.1024,0.0,0.0,0.0416,0.0,0.0,12,10,21.9,19.63
4535365,2024-10-19,ita,2024/2025,Serie A,8,Juan Luca Sacchi,9885,Juventus,8543,Lazio,1,1,0,69,31,16,2,3,1,10,0,3,1,1,0,9,1,7,1,7,1,2,0,2,0,30,6,16,9,4,2,0,1,2,0,16,7,4,6,1,2,9,25,1,3,43,44,33.0,27.0,10.0,17.0,9.0,5.0,604,268,546.0,209.0,253,123,293,86,39.0,20.0,11.0,2.0,1.35,0.07,0.82,0.07,0.54,0.0,1.35,0.07,0.39,0.05,0,0,9,1,0,0,6,1,1,0,0.0,0.0,1.095,0.0407,0.0,0.0,0.2166,0.0114,0.0415,0.0,11,2,0,0,4,0,1,0,0,0,0.8152,0.0521,0.0,0.0,0.4313,0.0,0.1067,0.0,0.0,0.0,16,2,16.43,23.55
4535365,2024-10-19,ita,2024/2025,Serie A,8,Juan Luca Sacchi,8543,Lazio,9885,Juventus,0,0,1,31,69,2,16,1,3,0,10,1,3,0,1,1,9,1,7,1,7,0,2,0,2,6,30,9,16,2,4,1,0,0,2,7,16,6,4,2,1,25,9,3,1,44,43,27.0,33.0,17.0,10.0,5.0,9.0,268,604,209.0,546.0,123,253,86,293,20.0,39.0,2.0,11.0,0.07,1.35,0.07,0.82,0.0,0.54,0.07,1.35,0.05,0.39,0,0,1,9,0,0,1,6,0,1,0.0,0.0,0.0407,1.095,0.0,0.0,0.0114,0.2166,0.0,0.0415,2,11,0,0,0,4,0,1,0,0,0.0521,0.8152,0.0,0.0,0.0,0.4313,0.0,0.1067,0.0,0.0,2,16,23.55,16.43
4535367,2024-10-19,ita,2024/2025,Serie A,8,Daniele Chiffi,8564,Milan,8600,Udinese,1,1,0,44,56,10,13,5,1,1,11,4,1,0,0,10,7,0,6,8,4,1,1,1,1,22,20,3,14,2,3,1,0,3,3,8,12,3,5,0,4,30,18,1,4,46,39,31.0,23.0,15.0,16.0,9.0,8.0,335,406,278.0,362.0,187,153,91,209,19.0,20.0,3.0,11.0,1.18,0.44,1.12,0.27,0.07,0.18,1.18,0.44,1.75,0.12,3,1,4,5,3,1,0,5,0,1,0.6097,0.071,0.4833,0.1817,0.1307,0.0439,0.0,0.129,0.0,0.0158,7,8,2,0,1,4,0,1,0,0,0.9348,0.2651,0.2204,0.0,0.0685,0.1198,0.0,0.0564,0.0,0.0,10,13,13.01,19.24
4535367,2024-10-19,ita,2024/2025,Serie A,8,Daniele Chiffi,8600,Udinese,8564,Milan,0,0,1,56,44,13,10,1,5,11,1,1,4,0,0,7,10,6,0,4,8,1,1,1,1,20,22,14,3,3,2,0,1,3,3,12,8,5,3,4,0,18,30,4,1,39,46,23.0,31.0,16.0,15.0,8.0,9.0,406,335,362.0,278.0,153,187,209,91,20.0,19.0,11.0,3.0,0.44,1.18,0.27,1.12,0.18,0.07,0.44,1.18,0.12,1.75,1,3,5,4,1,3,5,0,1,0,0.071,0.6097,0.1817,0.4833,0.0439,0.1307,0.129,0.0,0.0158,0.0,8,7,0,2,4,1,1,0,0,0,0.2651,0.9348,0.0,0.2204,0.1198,0.0685,0.0564,0.0,0.0,0.0,13,10,19.24,13.01
4535360,2024-10-20,ita,2024/2025,Serie A,8,Gianluca Aureliano,8529,Cagliari,9804,Torino,1,3,2,42,58,17,17,4,5,7,8,6,4,0,0,13,5,4,12,9,12,4,4,3,3,23,20,9,8,1,3,0,0,0,2,13,11,8,2,4,5,35,23,3,2,39,36,24.0,25.0,15.0,11.0,3.0,5.0,335,471,284.0,413.0,179,217,105,196,25.0,18.0,9.0,7.0,1.66,1.44,0.49,0.62,1.18,0.82,1.66,1.44,1.26,1.67,2,2,9,2,2,1,2,10,2,2,0.5716,0.6396,0.7798,0.3288,0.0617,0.0553,0.1837,0.3611,0.0681,0.0542,6,11,0,0,8,2,3,4,0,0,0.4868,0.6051,0.0,0.0,0.918,0.2387,0.2602,0.5953,0.0,0.0,17,17,14.0,20.15
4535360,2024-10-20,ita,2024/2025,Serie A,8,Gianluca Aureliano,9804,Torino,8529,Cagliari,0,2,3,58,42,17,17,5,4,8,7,4,6,0,0,5,13,12,4,12,9,4,4,3,3,20,23,8,9,3,1,0,0,2,0,11,13,2,8,5,4,23,35,2,3,36,39,25.0,24.0,11.0,15.0,5.0,3.0,471,335,413.0,284.0,217,179,196,105,18.0,25.0,7.0,9.0,1.44,1.66,0.62,0.49,0.82,1.18,1.44,1.66,1.67,1.26,2,2,2,9,1,2,10,2,2,2,0.6396,0.5716,0.3288,0.7798,0.0553,0.0617,0.3611,0.1837,0.0542,0.0681,11,6,0,0,2,8,4,3,0,0,0.6051,0.4868,0.0,0.0,0.2387,0.918,0.5953,0.2602,0.0,0.0,17,17,20.15,14.0
4535362,2024-10-20,ita,2024/2025,Serie A,8,Rosario Abisso,8534,Empoli,9875,Napoli,1,0,1,50,50,11,9,4,1,2,4,5,4,0,0,6,7,5,2,7,7,1,1,1,0,21,18,14,13,2,2,0,0,1,0,20,18,10,6,3,4,11,21,0,4,47,47,41.0,40.0,6.0,7.0,8.0,8.0,393,400,330.0,339.0,208,216,122,123,23.0,25.0,2.0,3.0,0.69,1.41,0.62,0.33,0.07,0.3,0.69,0.63,0.93,0.79,0,1,2,6,4,0,4,2,1,0,0.0,0.2145,0.3838,1.1527,0.1356,0.0,0.1597,0.0468,0.0323,0.0,5,5,3,0,1,3,2,0,0,1,0.1881,0.3304,0.4555,0.0,0.0285,0.2952,0.0393,0.0,0.0,0.7884,11,9,20.5,13.95
4535362,2024-10-20,ita,2024/2025,Serie A,8,Rosario Abisso,9875,Napoli,8534,Empoli,0,1,0,50,50,9,11,1,4,4,2,4,5,0,0,7,6,2,5,7,7,1,1,0,1,18,21,13,14,2,2,0,0,0,1,18,20,6,10,4,3,21,11,4,0,47,47,40.0,41.0,7.0,6.0,8.0,8.0,400,393,339.0,330.0,216,208,123,122,25.0,23.0,3.0,2.0,1.41,0.69,0.33,0.62,0.3,0.07,0.63,0.69,0.79,0.93,1,0,6,2,0,4,2,4,0,1,0.2145,0.0,1.1527,0.3838,0.0,0.1356,0.0468,0.1597,0.0,0.0323,5,5,0,3,3,1,0,2,1,0,0.3304,0.1881,0.0,0.4555,0.2952,0.0285,0.0,0.0393,0.7884,0.0,9,11,13.95,20.5
4535366,2024-10-20,ita,2024/2025,Serie A,8,Francesco Fourneau,9888,Lecce,8535,Fiorentina,1,0,6,39,61,5,19,2,11,2,4,1,4,0,0,2,11,3,8,1,3,0,2,0,1,9,23,8,14,0,5,1,0,0,2,16,14,5,5,4,1,15,17,5,2,42,42,33.0,29.0,9.0,13.0,5.0,8.0,353,567,279.0,509.0,210,243,69,266,27.0,24.0,4.0,3.0,0.2,2.24,0.11,2.18,0.08,0.07,0.2,2.24,0.08,3.83,0,2,2,6,0,3,3,5,0,3,0.0,1.2249,0.1469,0.6462,0.0,0.1226,0.0849,0.1646,0.0,0.0971,3,17,0,1,0,0,2,1,0,0,0.1365,2.11,0.0,0.0804,0.0,0.0,0.0954,0.0651,0.0,0.0,5,19,19.33,18.22
4535366,2024-10-20,ita,2024/2025,Serie A,8,Francesco Fourneau,8535,Fiorentina,9888,Lecce,0,6,0,61,39,19,5,11,2,4,2,4,1,0,0,11,2,8,3,3,1,2,0,1,0,23,9,14,8,5,0,0,1,2,0,14,16,5,5,1,4,17,15,2,5,42,42,29.0,33.0,13.0,9.0,8.0,5.0,567,353,509.0,279.0,243,210,266,69,24.0,27.0,3.0,4.0,2.24,0.2,2.18,0.11,0.07,0.08,2.24,0.2,3.83,0.08,2,0,6,2,3,0,5,3,3,0,1.2249,0.0,0.6462,0.1469,0.1226,0.0,0.1646,0.0849,0.0971,0.0,17,3,1,0,0,0,1,2,0,0,2.11,0.1365,0.0804,0.0,0.0,0.0,0.0651,0.0954,0.0,0.0,19,5,18.22,19.33
4535368,2024-10-20,ita,2024/2025,Serie A,8,Davide Massa,8686,Roma,8636,Inter,1,0,1,55,45,14,11,3,6,5,4,6,1,1,1,9,6,5,5,3,3,0,1,0,1,27,16,12,13,2,3,0,0,0,1,14,14,5,8,1,5,10,15,5,3,38,42,28.0,26.0,10.0,16.0,2.0,1.0,487,400,422.0,334.0,208,217,214,117,21.0,31.0,9.0,3.0,1.04,1.04,0.53,1.0,0.51,0.04,1.04,1.04,0.69,1.11,2,1,6,4,1,2,4,4,1,0,0.3894,0.1587,0.4039,0.2536,0.0234,0.3482,0.2012,0.2049,0.0217,0.0,9,6,0,4,2,0,3,1,0,0,0.5274,0.2626,0.0,0.6667,0.2925,0.0,0.2196,0.0361,0.0,0.0,14,11,15.91,17.59
4535368,2024-10-20,ita,2024/2025,Serie A,8,Davide Massa,8636,Inter,8686,Roma,0,1,0,45,55,11,14,6,3,4,5,1,6,1,1,6,9,5,5,3,3,1,0,1,0,16,27,13,12,3,2,0,0,1,0,14,14,8,5,5,1,15,10,3,5,42,38,26.0,28.0,16.0,10.0,1.0,2.0,400,487,334.0,422.0,217,208,117,214,31.0,21.0,3.0,9.0,1.04,1.04,1.0,0.53,0.04,0.51,1.04,1.04,1.11,0.69,1,2,4,6,2,1,4,4,0,1,0.1587,0.3894,0.2536,0.4039,0.3482,0.0234,0.2049,0.2012,0.0,0.0217,6,9,4,0,0,2,1,3,0,0,0.2626,0.5274,0.6667,0.0,0.0,0.2925,0.0361,0.2196,0.0,0.0,11,14,17.59,15.91
4535369,2024-10-20,ita,2024/2025,Serie A,8,Luca Zufferli,7881,Venezia,8524,Atalanta,1,0,2,42,58,12,16,4,7,7,8,1,1,0,1,6,13,6,3,2,5,1,2,1,0,15,26,12,6,1,1,0,0,2,2,15,12,7,8,1,1,19,17,5,4,45,45,32.0,29.0,13.0,16.0,11.0,6.0,370,503,291.0,412.0,158,220,133,192,17.0,33.0,1.0,3.0,0.79,1.4,0.5,0.74,0.28,0.66,0.79,1.4,0.12,2.07,1,1,1,6,4,6,2,2,4,1,0.1561,0.5072,0.1583,0.5185,0.2418,0.2192,0.1375,0.1206,0.1109,0.0324,9,11,0,1,2,3,1,1,0,0,0.5225,0.6726,0.0,0.069,0.169,0.5558,0.1131,0.1005,0.0,0.0,12,16,18.63,15.89
4535369,2024-10-20,ita,2024/2025,Serie A,8,Luca Zufferli,8524,Atalanta,7881,Venezia,0,2,0,58,42,16,12,7,4,8,7,1,1,1,0,13,6,3,6,5,2,2,1,0,1,26,15,6,12,1,1,0,0,2,2,12,15,8,7,1,1,17,19,4,5,45,45,29.0,32.0,16.0,13.0,6.0,11.0,503,370,412.0,291.0,220,158,192,133,33.0,17.0,3.0,1.0,1.4,0.79,0.74,0.5,0.66,0.28,1.4,0.79,2.07,0.12,1,1,6,1,6,4,2,2,1,4,0.5072,0.1561,0.5185,0.1583,0.2192,0.2418,0.1206,0.1375,0.0324,0.1109,11,9,1,0,3,2,1,1,0,0,0.6726,0.5225,0.069,0.0,0.5558,0.169,0.1005,0.1131,0.0,0.0,16,12,15.89,18.63
4535364,2024-10-21,ita,2024/2025,Serie A,8,Federico Dionisi,9876,Hellas Verona,6504,Monza,1,0,3,59,41,16,10,4,4,8,3,4,3,0,1,10,7,6,3,9,6,0,3,0,1,21,10,8,13,3,2,0,0,1,1,18,16,6,7,2,4,10,32,1,4,51,54,38.0,27.0,13.0,27.0,7.0,4.0,479,348,398.0,279.0,142,191,256,88,15.0,29.0,7.0,2.0,0.93,1.39,0.43,1.24,0.5,0.16,0.93,1.39,0.66,1.72,2,0,6,4,2,3,2,2,4,1,0.3183,0.0,0.3921,1.16,0.0984,0.0948,0.0398,0.1181,0.0809,0.0206,9,6,0,2,4,2,3,0,0,0,0.4297,1.1174,0.0,0.1181,0.1415,0.1581,0.3583,0.0,0.0,0.0,16,10,16.93,18.48
4535364,2024-10-21,ita,2024/2025,Serie A,8,Federico Dionisi,6504,Monza,9876,Hellas Verona,0,3,0,41,59,10,16,4,4,3,8,3,4,1,0,7,10,3,6,6,9,3,0,1,0,10,21,13,8,2,3,0,0,1,1,16,18,7,6,4,2,32,10,4,1,54,51,27.0,38.0,27.0,13.0,4.0,7.0,348,479,279.0,398.0,191,142,88,256,29.0,15.0,2.0,7.0,1.39,0.93,1.24,0.43,0.16,0.5,1.39,0.93,1.72,0.66,0,2,4,6,3,2,2,2,1,4,0.0,0.3183,1.16,0.3921,0.0948,0.0984,0.1181,0.0398,0.0206,0.0809,6,9,2,0,2,4,0,3,0,0,1.1174,0.4297,0.1181,0.0,0.1581,0.1415,0.0,0.3583,0.0,0.0,10,16,18.48,16.93
4535418,2024-10-25,ita,2024/2025,Serie A,9,Giovanni Ayroldi,9804,Torino,10171,Como,1,1,0,31,69,8,20,2,6,3,6,3,8,0,1,5,13,3,7,1,3,2,2,1,2,13,30,13,12,3,3,0,0,3,1,16,18,10,6,6,3,24,19,6,1,43,59,34.0,39.0,9.0,20.0,6.0,8.0,281,626,212.0,551.0,135,293,77,258,18.0,26.0,2.0,2.0,1.38,1.48,1.36,1.29,0.02,0.2,1.38,1.48,1.09,0.62,1,1,3,5,1,8,2,4,1,2,0.9361,0.5234,0.2759,0.3798,0.048,0.4213,0.0242,0.1316,0.0109,0.0276,8,14,0,1,0,5,0,0,0,0,1.2951,1.1725,0.0,0.1153,0.0,0.1958,0.0,0.0,0.0,0.0,8,20,18.72,18.14
4535418,2024-10-25,ita,2024/2025,Serie A,9,Giovanni Ayroldi,10171,Como,9804,Torino,0,0,1,69,31,20,8,6,2,6,3,8,3,1,0,13,5,7,3,3,1,2,2,2,1,30,13,12,13,3,3,0,0,1,3,18,16,6,10,3,6,19,24,1,6,59,43,39.0,34.0,20.0,9.0,8.0,6.0,626,281,551.0,212.0,293,135,258,77,26.0,18.0,2.0,2.0,1.48,1.38,1.29,1.36,0.2,0.02,1.48,1.38,0.62,1.09,1,1,5,3,8,1,4,2,2,1,0.5234,0.9361,0.3798,0.2759,0.4213,0.048,0.1316,0.0242,0.0276,0.0109,14,8,1,0,5,0,0,0,0,0,1.1725,1.2951,0.1153,0.0,0.1958,0.0,0.0,0.0,0.0,0.0,20,8,18.14,18.72
4535419,2024-10-25,ita,2024/2025,Serie A,9,Gianluca Manganiello,8600,Udinese,8529,Cagliari,1,2,0,64,36,13,3,4,0,7,3,2,0,0,0,6,2,7,1,2,4,1,0,0,0,29,3,14,9,2,1,0,1,2,1,15,15,8,3,0,2,13,21,0,2,40,43,30.0,33.0,10.0,10.0,6.0,5.0,531,294,484.0,235.0,230,179,254,56,30.0,14.0,5.0,2.0,1.03,0.43,0.54,0.01,0.49,0.42,1.03,0.43,1.79,0.0,0,1,5,1,1,0,4,1,3,0,0.0,0.2034,0.7118,0.22,0.0296,0.0,0.2025,0.0079,0.0824,0.0,10,1,0,0,1,1,2,1,0,0,0.5406,0.0079,0.0,0.0,0.3579,0.2034,0.1279,0.22,0.0,0.0,13,3,19.36,21.25
4535419,2024-10-25,ita,2024/2025,Serie A,9,Gianluca Manganiello,8529,Cagliari,8600,Udinese,0,0,2,36,64,3,13,0,4,3,7,0,2,0,0,2,6,1,7,4,2,0,1,0,0,3,29,9,14,1,2,1,0,1,2,15,15,3,8,2,0,21,13,2,0,43,40,33.0,30.0,10.0,10.0,5.0,6.0,294,531,235.0,484.0,179,230,56,254,14.0,30.0,2.0,5.0,0.43,1.03,0.01,0.54,0.42,0.49,0.43,1.03,0.0,1.79,1,0,1,5,0,1,1,4,0,3,0.2034,0.0,0.22,0.7118,0.0,0.0296,0.0079,0.2025,0.0,0.0824,1,10,0,0,1,1,1,2,0,0,0.0079,0.5406,0.0,0.0,0.2034,0.3579,0.22,0.1279,0.0,0.0,3,13,21.25,19.36
4535410,2024-10-26,ita,2024/2025,Serie A,9,Ermanno Feliciani,8524,Atalanta,9876,Hellas Verona,1,6,1,69,31,19,4,10,2,6,2,3,0,1,0,13,2,6,2,4,2,5,0,2,0,31,5,3,15,0,1,0,0,1,2,15,26,6,10,0,3,8,15,1,4,50,49,38.0,36.0,12.0,13.0,8.0,7.0,784,351,713.0,273.0,268,156,445,117,13.0,20.0,3.0,2.0,2.44,0.28,2.44,0.28,,,2.44,0.28,4.7,0.68,3,0,6,2,4,0,4,2,2,0,1.2575,0.0,0.7982,0.1444,0.1026,0.0,0.2474,0.066,0.0372,0.0,19,4,0,0,0,0,0,0,0,0,2.4428,0.2103,0.0,0.0,0.0,0.0,0.0,0.0,0.0,0.0,19,4,15.21,19.24
4535410,2024-10-26,ita,2024/2025,Serie A,9,Ermanno Feliciani,9876,Hellas Verona,8524,Atalanta,0,1,6,31,69,4,19,2,10,2,6,0,3,0,1,2,13,2,6,2,4,0,5,0,2,5,31,15,3,1,0,0,0,2,1,26,15,10,6,3,0,15,8,4,1,49,50,36.0,38.0,13.0,12.0,7.0,8.0,351,784,273.0,713.0,156,268,117,445,20.0,13.0,2.0,3.0,0.28,2.44,0.28,2.44,,,0.28,2.44,0.68,4.7,0,3,2,6,0,4,2,4,0,2,0.0,1.2575,0.1444,0.7982,0.0,0.1026,0.066,0.2474,0.0,0.0372,4,19,0,0,0,0,0,0,0,0,0.2103,2.4428,0.0,0.0,0.0,0.0,0.0,0.0,0.0,0.0,4,19,19.24,15.21
4535416,2024-10-26,ita,2024/2025,Serie A,9,Paride Tremolada,9875,Napoli,9888,Lecce,1,1,0,65,35,24,11,8,2,7,4,9,5,0,0,17,3,7,8,16,5,4,0,3,0,32,11,13,7,3,2,0,0,1,0,11,19,8,10,6,9,16,29,1,7,54,57,24.0,38.0,30.0,19.0,8.0,6.0,495,272,425.0,198.0,143,105,282,93,17.0,16.0,8.0,2.0,2.69,0.62,1.08,0.15,1.61,0.46,2.69,0.62,2.03,0.04,4,1,12,1,1,1,5,6,2,2,1.6191,0.3271,1.0813,0.061,0.1195,0.0127,0.1818,0.2599,0.045,0.04,11,4,1,2,12,3,0,2,0,0,1.0723,0.1519,0.0408,0.0651,1.9335,0.3981,0.0,0.0856,0.0,0.0,24,11,13.93,20.95
4535416,2024-10-26,ita,2024/2025,Serie A,9,Paride Tremolada,9888,Lecce,9875,Napoli,0,0,1,35,65,11,24,2,8,4,7,5,9,0,0,3,17,8,7,5,16,0,4,0,3,11,32,7,13,2,3,0,0,0,1,19,11,10,8,9,6,29,16,7,1,57,54,38.0,24.0,19.0,30.0,6.0,8.0,272,495,198.0,425.0,105,143,93,282,16.0,17.0,2.0,8.0,0.62,2.69,0.15,1.08,0.46,1.61,0.62,2.69,0.04,2.03,1,4,1,12,1,1,6,5,2,2,0.3271,1.6191,0.061,1.0813,0.0127,0.1195,0.2599,0.1818,0.04,0.045,4,11,2,1,3,12,2,0,0,0,0.1519,1.0723,0.0651,0.0408,0.3981,1.9335,0.0856,0.0,0.0,0.0,11,24,20.95,13.93
4535412,2024-10-27,ita,2024/2025,Serie A,9,Simone Sozza,8535,Fiorentina,8686,Roma,1,5,1,39,61,21,14,10,5,8,1,3,8,0,1,17,6,4,8,6,2,5,0,1,0,29,23,13,11,2,3,0,1,2,2,18,8,4,4,7,3,21,11,4,6,47,31,41.0,26.0,6.0,5.0,12.0,5.0,344,547,303.0,503.0,161,275,142,228,22.0,24.0,6.0,2.0,3.73,0.65,2.9,0.45,0.04,0.2,2.95,0.65,4.56,0.71,2,0,8,4,7,2,2,6,2,2,1.4053,0.0,1.946,0.4889,0.2991,0.0973,0.0553,0.1964,0.031,0.0288,11,9,6,0,2,2,1,3,1,0,0.9772,0.541,1.9272,0.0,0.0212,0.0378,0.0227,0.2326,0.7884,0.0,21,14,15.56,21.32
4535412,2024-10-27,ita,2024/2025,Serie A,9,Simone Sozza,8686,Roma,8535,Fiorentina,0,1,5,61,39,14,21,5,10,1,8,8,3,1,0,6,17,8,4,2,6,0,5,0,1,23,29,11,13,3,2,1,0,2,2,8,18,4,4,3,7,11,21,6,4,31,47,26.0,41.0,5.0,6.0,5.0,12.0,547,344,503.0,303.0,275,161,228,142,24.0,22.0,2.0,6.0,0.65,3.73,0.45,2.9,0.2,0.04,0.65,2.95,0.71,4.56,0,2,4,8,2,7,6,2,2,2,0.0,1.4053,0.4889,1.946,0.0973,0.2991,0.1964,0.0553,0.0288,0.031,9,11,0,6,2,2,3,1,0,1,0.541,0.9772,0.0,1.9272,0.0378,0.0212,0.2326,0.0227,0.0,0.7884,14,21,21.32,15.56
4535413,2024-10-27,ita,2024/2025,Serie A,9,Marco Guida,8636,Inter,9885,Juventus,1,4,4,47,53,18,10,9,5,4,3,5,2,0,0,16,8,2,2,13,5,3,3,1,1,28,21,11,16,2,2,0,0,0,0,7,6,6,5,2,5,13,17,1,5,42,29,26.0,19.0,16.0,10.0,3.0,4.0,384,444,328.0,391.0,182,219,146,172,18.0,47.0,5.0,2.0,2.99,2.17,0.68,2.15,0.74,0.02,1.42,2.17,3.55,2.45,2,2,12,4,2,2,1,0,1,2,0.2982,1.4975,2.5693,0.4847,0.1116,0.0565,0.0123,0.0,0.0143,0.0292,4,9,2,0,8,1,2,0,2,0,0.3675,2.0239,0.3075,0.0,0.6376,0.0439,0.1163,0.0,1.5768,0.0,18,10,12.11,14.08
4535413,2024-10-27,ita,2024/2025,Serie A,9,Marco Guida,9885,Juventus,8636,Inter,0,4,4,53,47,10,18,5,9,3,4,2,5,0,0,8,16,2,2,5,13,3,3,1,1,21,28,16,11,2,2,0,0,0,0,6,7,5,6,5,2,17,13,5,1,29,42,19.0,26.0,10.0,16.0,4.0,3.0,444,384,391.0,328.0,219,182,172,146,47.0,18.0,2.0,5.0,2.17,2.99,2.15,0.68,0.02,0.74,2.17,1.42,2.45,3.55,2,2,4,12,2,2,0,1,2,1,1.4975,0.2982,0.4847,2.5693,0.0565,0.1116,0.0,0.0123,0.0292,0.0143,9,4,0,2,1,8,0,2,0,2,2.0239,0.3675,0.0,0.3075,0.0439,0.6376,0.0,0.1163,0.0,1.5768,10,18,14.08,12.11
4535414,2024-10-27,ita,2024/2025,Serie A,9,Marco Piccinini,8543,Lazio,10233,Genoa,1,3,0,61,39,18,6,4,2,10,4,4,0,0,0,14,2,4,4,7,4,5,0,2,0,39,15,12,6,3,1,0,0,1,0,13,19,8,4,0,3,21,26,2,2,47,53,29.0,37.0,18.0,16.0,10.0,7.0,552,353,487.0,277.0,256,188,231,89,26.0,27.0,9.0,3.0,2.18,0.27,1.57,0.11,0.61,0.16,2.18,0.27,2.78,0.13,2,1,10,0,2,1,3,4,1,0,0.8327,0.1249,1.1311,0.0,0.0899,0.0508,0.0989,0.1079,0.0265,0.0,10,2,1,1,7,3,0,0,0,0,0.9091,0.0748,0.6635,0.0468,0.6065,0.1619,0.0,0.0,0.0,0.0,18,6,13.23,20.61
4535414,2024-10-27,ita,2024/2025,Serie A,9,Marco Piccinini,10233,Genoa,8543,Lazio,0,0,3,39,61,6,18,2,4,4,10,0,4,0,0,2,14,4,4,4,7,0,5,0,2,15,39,6,12,1,3,0,0,0,1,19,13,4,8,3,0,26,21,2,2,53,47,37.0,29.0,16.0,18.0,7.0,10.0,353,552,277.0,487.0,188,256,89,231,27.0,26.0,3.0,9.0,0.27,2.18,0.11,1.57,0.16,0.61,0.27,2.18,0.13,2.78,1,2,0,10,1,2,4,3,0,1,0.1249,0.8327,0.0,1.1311,0.0508,0.0899,0.1079,0.0989,0.0,0.0265,2,10,1,1,3,7,0,0,0,0,0.0748,0.9091,0.0468,0.6635,0.1619,0.6065,0.0,0.0,0.0,0.0,6,18,20.61,13.23
4535415,2024-10-27,ita,2024/2025,Serie A,9,Antonio Rapuano,6504,Monza,7881,Venezia,1,2,2,46,54,13,6,2,2,8,2,3,2,0,0,10,5,3,1,4,3,1,1,0,1,22,13,17,16,2,2,1,0,0,1,20,10,11,4,2,3,18,24,0,0,65,57,43.0,34.0,22.0,23.0,8.0,7.0,347,415,273.0,335.0,160,169,113,166,28.0,23.0,9.0,5.0,1.14,0.48,1.01,0.35,0.13,0.12,1.14,0.48,0.54,1.0,1,0,6,4,3,1,1,1,2,0,0.0836,0.0,0.8924,0.3632,0.1159,0.0355,0.0203,0.0503,0.0303,0.0,10,4,0,0,0,1,3,1,0,0,1.0146,0.355,0.0,0.0,0.0,0.0324,0.128,0.0616,0.0,0.0,13,6,15.99,12.88
4535415,2024-10-27,ita,2024/2025,Serie A,9,Antonio Rapuano,7881,Venezia,6504,Monza,0,2,2,54,46,6,13,2,2,2,8,2,3,0,0,5,10,1,3,3,4,1,1,1,0,13,22,16,17,2,2,0,1,1,0,10,20,4,11,3,2,24,18,0,0,57,65,34.0,43.0,23.0,22.0,7.0,8.0,415,347,335.0,273.0,169,160,166,113,23.0,28.0,5.0,9.0,0.48,1.14,0.35,1.01,0.12,0.13,0.48,1.14,1.0,0.54,0,1,4,6,1,3,1,1,0,2,0.0,0.0836,0.3632,0.8924,0.0355,0.1159,0.0503,0.0203,0.0,0.0303,4,10,0,0,1,0,1,3,0,0,0.355,1.0146,0.0,0.0,0.0324,0.0,0.0616,0.128,0.0,0.0,6,13,12.88,15.99
4535417,2024-10-27,ita,2024/2025,Serie A,9,Federico La Penna,10167,Parma,8534,Empoli,1,1,1,60,40,17,5,4,1,8,4,5,0,2,0,9,3,8,2,9,3,1,1,1,1,22,14,12,17,4,5,0,0,1,2,15,15,8,8,0,5,13,27,1,3,51,36,37.0,32.0,14.0,4.0,6.0,6.0,528,350,455.0,279.0,227,197,228,82,22.0,19.0,4.0,1.0,1.74,0.13,0.67,0.09,0.27,0.04,0.95,0.13,0.96,0.01,0,1,7,0,2,2,5,1,3,1,0.0,0.0257,1.4369,0.0,0.0932,0.1052,0.1436,0.0461,0.0619,0.0272,10,3,0,0,5,1,1,1,1,0,0.6731,0.1102,0.0,0.0,0.221,0.0257,0.0531,0.0682,0.7884,0.0,17,5,20.08,19.0
4535417,2024-10-27,ita,2024/2025,Serie A,9,Federico La Penna,8534,Empoli,10167,Parma,0,1,1,40,60,5,17,1,4,4,8,0,5,0,2,3,9,2,8,3,9,1,1,1,1,14,22,17,12,5,4,0,0,2,1,15,15,8,8,5,0,27,13,3,1,36,51,32.0,37.0,4.0,14.0,6.0,6.0,350,528,279.0,455.0,197,227,82,228,19.0,22.0,1.0,4.0,0.13,1.74,0.09,0.67,0.04,0.27,0.13,0.95,0.01,0.96,1,0,0,7,2,2,1,5,1,3,0.0257,0.0,0.0,1.4369,0.1052,0.0932,0.0461,0.1436,0.0272,0.0619,3,10,0,0,1,5,1,1,0,1,0.1102,0.6731,0.0,0.0,0.0257,0.221,0.0682,0.0531,0.0,0.7884,5,17,19.0,20.08
4535421,2024-10-29,ita,2024/2025,Serie A,10,Francesco Fourneau,8529,Cagliari,9857,Bologna,1,0,2,42,58,14,11,2,4,7,4,5,3,0,0,11,8,3,3,7,2,2,1,2,1,17,19,17,18,2,2,0,0,1,1,16,12,8,5,3,5,18,23,2,3,61,48,40.0,33.0,21.0,15.0,6.0,6.0,365,513,273.0,436.0,189,246,84,190,20.0,34.0,5.0,2.0,0.81,0.7,0.35,0.61,0.46,0.1,0.81,0.7,0.43,1.12,1,1,6,3,4,4,2,2,1,1,0.0233,0.085,0.5544,0.5362,0.1397,0.1673,0.074,0.066,0.0139,0.0203,7,8,0,1,3,1,4,1,0,0,0.3452,0.6466,0.0,0.1312,0.2125,0.012,0.2477,0.085,0.0,0.0,14,11,15.33,17.3
4535421,2024-10-29,ita,2024/2025,Serie A,10,Francesco Fourneau,9857,Bologna,8529,Cagliari,0,2,0,58,42,11,14,4,2,4,7,3,5,0,0,8,11,3,3,2,7,1,2,1,2,19,17,18,17,2,2,0,0,1,1,12,16,5,8,5,3,23,18,3,2,48,61,33.0,40.0,15.0,21.0,6.0,6.0,513,365,436.0,273.0,246,189,190,84,34.0,20.0,2.0,5.0,0.7,0.81,0.61,0.35,0.1,0.46,0.7,0.81,1.12,0.43,1,1,3,6,4,4,2,2,1,1,0.085,0.0233,0.5362,0.5544,0.1673,0.1397,0.066,0.074,0.0203,0.0139,8,7,1,0,1,3,1,4,0,0,0.6466,0.3452,0.1312,0.0,0.012,0.2125,0.085,0.2477,0.0,0.0,11,14,17.3,15.33
4535426,2024-10-29,ita,2024/2025,Serie A,10,Maurizio Mariani,9888,Lecce,9876,Hellas Verona,1,1,0,58,42,14,7,6,1,4,4,4,2,1,0,8,1,6,6,3,4,2,0,1,0,21,3,14,21,1,1,0,2,2,0,15,19,7,5,2,2,18,23,1,5,59,52,44.0,39.0,15.0,13.0,9.0,7.0,442,335,383.0,253.0,258,140,125,113,33.0,21.0,5.0,0.0,1.68,0.3,1.16,0.15,0.51,0.14,1.68,0.3,2.04,0.04,2,0,3,1,3,0,4,5,2,1,0.6379,0.0,0.2352,0.0504,0.4625,0.0,0.2316,0.2347,0.1154,0.0073,10,4,0,0,1,0,3,3,0,0,1.1677,0.1562,0.0,0.0,0.0488,0.0,0.466,0.1363,0.0,0.0,14,7,20.5,22.66
4535426,2024-10-29,ita,2024/2025,Serie A,10,Maurizio Mariani,9876,Hellas Verona,9888,Lecce,0,0,1,42,58,7,14,1,6,4,4,2,4,0,1,1,8,6,6,4,3,0,2,0,1,3,21,21,14,1,1,2,0,0,2,19,15,5,7,2,2,23,18,5,1,52,59,39.0,44.0,13.0,15.0,7.0,9.0,335,442,253.0,383.0,140,258,113,125,21.0,33.0,0.0,5.0,0.3,1.68,0.15,1.16,0.14,0.51,0.3,1.68,0.04,2.04,0,2,1,3,0,3,5,4,1,2,0.0,0.6379,0.0504,0.2352,0.0,0.4625,0.2347,0.2316,0.0073,0.1154,4,10,0,0,0,1,3,3,0,0,0.1562,1.1677,0.0,0.0,0.0,0.0488,0.1363,0.466,0.0,0.0,7,14,22.66,20.5
4535427,2024-10-29,ita,2024/2025,Serie A,10,Andrea Colombo,8564,Milan,9875,Napoli,1,0,2,61,39,13,9,5,4,6,4,2,1,0,0,9,7,4,2,5,1,1,1,1,0,30,16,14,6,0,1,0,0,3,2,25,19,6,10,0,2,8,31,2,5,48,50,40.0,38.0,8.0,12.0,9.0,5.0,560,359,501.0,308.0,213,200,288,108,24.0,24.0,5.0,0.0,0.69,1.13,0.61,0.81,0.08,0.32,0.69,1.13,0.83,1.38,0,0,6,6,3,1,3,1,1,1,0.0,0.0,0.493,1.026,0.122,0.0539,0.0651,0.0296,0.0107,0.0166,12,8,0,0,0,0,1,1,0,0,0.6145,0.8104,0.0,0.0,0.0,0.0,0.0763,0.3157,0.0,0.0,13,9,18.76,17.44
4535427,2024-10-29,ita,2024/2025,Serie A,10,Andrea Colombo,9875,Napoli,8564,Milan,0,2,0,39,61,9,13,4,5,4,6,1,2,0,0,7,9,2,4,1,5,1,1,0,1,16,30,6,14,1,0,0,0,2,3,19,25,10,6,2,0,31,8,5,2,50,48,38.0,40.0,12.0,8.0,5.0,9.0,359,560,308.0,501.0,200,213,108,288,24.0,24.0,0.0,5.0,1.13,0.69,0.81,0.61,0.32,0.08,1.13,0.69,1.38,0.83,0,0,6,6,1,3,1,3,1,1,0.0,0.0,1.026,0.493,0.0539,0.122,0.0296,0.0651,0.0166,0.0107,8,12,0,0,0,0,1,1,0,0,0.8104,0.6145,0.0,0.0,0.0,0.0,0.3157,0.0763,0.0,0.0,9,13,17.44,18.76
4535420,2024-10-30,ita,2024/2025,Serie A,10,Marco Piccinini,8524,Atalanta,6504,Monza,1,2,0,54,46,16,4,6,3,3,1,7,0,0,0,8,0,8,4,5,1,3,0,3,0,33,4,14,11,2,3,0,0,0,1,17,20,6,11,0,8,14,24,3,3,53,52,38.0,39.0,15.0,13.0,10.0,6.0,524,464,450.0,379.0,137,289,313,90,29.0,27.0,3.0,0.0,1.23,0.1,0.98,0.06,0.25,0.04,1.23,0.1,1.33,0.13,1,0,4,0,3,0,7,1,1,3,0.1283,0.0,0.7062,0.0,0.1307,0.0,0.2434,0.0247,0.0214,0.0834,11,3,0,0,3,0,2,1,0,0,0.9828,0.0649,0.0,0.0,0.1626,0.0,0.0847,0.0432,0.0,0.0,16,4,18.24,28.29
4535420,2024-10-30,ita,2024/2025,Serie A,10,Marco Piccinini,6504,Monza,8524,Atalanta,0,0,2,46,54,4,16,3,6,1,3,0,7,0,0,0,8,4,8,1,5,0,3,0,3,4,33,11,14,3,2,0,0,1,0,20,17,11,6,8,0,24,14,3,3,52,53,39.0,38.0,13.0,15.0,6.0,10.0,464,524,379.0,450.0,289,137,90,313,27.0,29.0,0.0,3.0,0.1,1.23,0.06,0.98,0.04,0.25,0.1,1.23,0.13,1.33,0,1,0,4,0,3,1,7,3,1,0.0,0.1283,0.0,0.7062,0.0,0.1307,0.0247,0.2434,0.0834,0.0214,3,11,0,0,0,3,1,2,0,0,0.0649,0.9828,0.0,0.0,0.0,0.1626,0.0432,0.0847,0.0,0.0,4,16,28.29,18.24
4535423,2024-10-30,ita,2024/2025,Serie A,10,Matteo Marchetti,8534,Empoli,8636,Inter,1,0,3,22,78,6,15,1,5,1,6,4,4,0,0,4,10,2,5,1,4,0,4,0,3,10,37,12,13,1,1,1,0,3,1,10,14,9,3,4,4,33,5,3,1,35,43,25.0,27.0,10.0,16.0,3.0,3.0,213,758,162.0,686.0,107,235,55,451,16.0,29.0,4.0,7.0,0.26,1.1,0.15,0.45,0.12,0.65,0.26,1.1,0.08,2.08,0,1,3,7,1,2,2,3,0,2,0.0,0.1806,0.1422,0.6842,0.0398,0.1142,0.0805,0.0985,0.0,0.0441,3,9,0,0,0,2,3,4,0,0,0.145,0.4541,0.0,0.0,0.0,0.2734,0.1175,0.3941,0.0,0.0,6,15,17.16,16.32
4535423,2024-10-30,ita,2024/2025,Serie A,10,Matteo Marchetti,8636,Inter,8534,Empoli,0,3,0,78,22,15,6,5,1,6,1,4,4,0,0,10,4,5,2,4,1,4,0,3,0,37,10,13,12,1,1,0,1,1,3,14,10,3,9,4,4,5,33,1,3,43,35,27.0,25.0,16.0,10.0,3.0,3.0,758,213,686.0,162.0,235,107,451,55,29.0,16.0,7.0,4.0,1.1,0.26,0.45,0.15,0.65,0.12,1.1,0.26,2.08,0.08,1,0,7,3,2,1,3,2,2,0,0.1806,0.0,0.6842,0.1422,0.1142,0.0398,0.0985,0.0805,0.0441,0.0,9,3,0,0,2,0,4,3,0,0,0.4541,0.145,0.0,0.0,0.2734,0.0,0.3941,0.1175,0.0,0.0,15,6,16.32,17.16
4535425,2024-10-30,ita,2024/2025,Serie A,10,Luca Zufferli,9885,Juventus,10167,Parma,1,2,2,61,39,24,13,6,5,10,3,8,5,0,0,17,7,7,6,10,6,5,3,3,2,39,24,7,5,2,0,0,0,3,2,17,11,7,10,4,9,11,26,3,2,48,35,36.0,24.0,12.0,11.0,15.0,6.0,596,380,538.0,317.0,233,207,305,110,15.0,26.0,8.0,4.0,2.43,1.17,1.99,0.95,0.44,0.22,2.43,1.17,2.23,0.87,3,1,12,4,2,2,3,5,4,1,1.4292,0.1459,0.8363,0.7495,0.0888,0.1066,0.0825,0.1893,0.109,0.0173,16,6,2,4,6,3,0,0,0,0,1.4193,0.288,0.6887,0.698,0.4378,0.2226,0.0,0.0,0.0,0.0,24,13,15.42,17.57
4535425,2024-10-30,ita,2024/2025,Serie A,10,Luca Zufferli,10167,Parma,9885,Juventus,0,2,2,39,61,13,24,5,6,3,10,5,8,0,0,7,17,6,7,6,10,3,5,2,3,24,39,5,7,0,2,0,0,2,3,11,17,10,7,9,4,26,11,2,3,35,48,24.0,36.0,11.0,12.0,6.0,15.0,380,596,317.0,538.0,207,233,110,305,26.0,15.0,4.0,8.0,1.17,2.43,0.95,1.99,0.22,0.44,1.17,2.43,0.87,2.23,1,3,4,12,2,2,5,3,1,4,0.1459,1.4292,0.7495,0.8363,0.1066,0.0888,0.1893,0.0825,0.0173,0.109,6,16,4,2,3,6,0,0,0,0,0.288,1.4193,0.698,0.6887,0.2226,0.4378,0.0,0.0,0.0,0.0,13,24,17.57,15.42
4535429,2024-10-30,ita,2024/2025,Serie A,10,Davide Massa,7881,Venezia,8600,Udinese,1,3,2,57,43,18,15,7,5,5,8,6,2,0,0,9,10,9,5,2,6,2,1,0,1,22,22,9,13,3,4,0,1,3,0,17,17,9,6,2,4,18,26,3,4,51,49,36.0,36.0,15.0,13.0,9.0,10.0,466,342,384.0,263.0,171,180,213,83,9.0,23.0,2.0,5.0,2.39,0.86,0.62,0.58,0.19,0.28,0.81,0.86,3.65,1.08,0,2,8,5,1,3,8,4,1,1,0.0,0.1879,2.0224,0.4069,0.0224,0.0952,0.2988,0.1771,0.0456,0.0264,12,9,0,2,3,3,1,1,2,0,0.6196,0.4357,0.0,0.2066,0.0965,0.1118,0.0964,0.1395,1.5768,0.0,18,15,18.89,16.0
4535429,2024-10-30,ita,2024/2025,Serie A,10,Davide Massa,8600,Udinese,7881,Venezia,0,2,3,43,57,15,18,5,7,8,5,2,6,0,0,10,9,5,9,6,2,1,2,1,0,22,22,13,9,4,3,1,0,0,3,17,17,6,9,4,2,26,18,4,3,49,51,36.0,36.0,13.0,15.0,10.0,9.0,342,466,263.0,384.0,180,171,83,213,23.0,9.0,5.0,2.0,0.86,2.39,0.58,0.62,0.28,0.19,0.86,0.81,1.08,3.65,2,0,5,8,3,1,4,8,1,1,0.1879,0.0,0.4069,2.0224,0.0952,0.0224,0.1771,0.2988,0.0264,0.0456,9,12,2,0,3,3,1,1,0,2,0.4357,0.6196,0.2066,0.0,0.1118,0.0965,0.1395,0.0964,0.0,1.5768,15,18,16.0,18.89
4535422,2024-10-31,ita,2024/2025,Serie A,10,Luca Pairetto,10171,Como,8543,Lazio,1,1,5,51,49,14,14,2,7,7,4,5,3,0,0,9,8,5,6,3,5,2,4,2,0,19,21,14,18,0,3,1,1,1,2,17,8,6,8,3,5,19,12,3,1,53,47,41.0,29.0,12.0,18.0,6.0,10.0,418,408,352.0,341.0,178,204,174,137,17.0,34.0,5.0,6.0,1.07,3.2,0.72,1.21,0.35,1.2,1.07,2.41,1.18,2.91,0,2,6,5,3,1,4,5,1,1,0.0,1.0908,0.7853,1.7488,0.1128,0.0771,0.1499,0.2451,0.0192,0.0358,9,7,0,2,3,2,2,2,0,1,0.7524,0.9255,0.0,0.287,0.1883,1.0908,0.1264,0.1058,0.0,0.7884,14,14,17.85,15.65
4535422,2024-10-31,ita,2024/2025,Serie A,10,Luca Pairetto,8543,Lazio,10171,Como,0,5,1,49,51,14,14,7,2,4,7,3,5,0,0,8,9,6,5,5,3,4,2,0,2,21,19,18,14,3,0,1,1,2,1,8,17,8,6,5,3,12,19,1,3,47,53,29.0,41.0,18.0,12.0,10.0,6.0,408,418,341.0,352.0,204,178,137,174,34.0,17.0,6.0,5.0,3.2,1.07,1.21,0.72,1.2,0.35,2.41,1.07,2.91,1.18,2,0,5,6,1,3,5,4,1,1,1.0908,0.0,1.7488,0.7853,0.0771,0.1128,0.2451,0.1499,0.0358,0.0192,7,9,2,0,2,3,2,2,1,0,0.9255,0.7524,0.287,0.0,1.0908,0.1883,0.1058,0.1264,0.7884,0.0,14,14,15.65,17.85
4535424,2024-10-31,ita,2024/2025,Serie A,10,Daniele Chiffi,10233,Genoa,8535,Fiorentina,1,0,1,32,68,14,12,4,4,6,2,4,6,0,0,9,6,5,6,4,4,0,1,0,0,19,20,13,10,4,2,0,0,1,2,20,3,2,6,6,4,18,30,3,4,48,41,32.0,23.0,16.0,18.0,3.0,8.0,229,520,161.0,455.0,77,230,84,225,19.0,27.0,3.0,5.0,0.94,0.46,0.61,0.4,0.32,0.06,0.94,0.46,1.66,0.88,0,0,6,2,3,4,4,3,1,3,0.0,0.0,0.5521,0.1925,0.1523,0.1047,0.2241,0.105,0.0088,0.0645,10,9,0,1,0,1,4,1,0,0,0.6148,0.3555,0.0,0.0468,0.0,0.0486,0.3225,0.0157,0.0,0.0,14,12,17.18,22.1
4535424,2024-10-31,ita,2024/2025,Serie A,10,Daniele Chiffi,8535,Fiorentina,10233,Genoa,0,1,0,68,32,12,14,4,4,2,6,6,4,0,0,6,9,6,5,4,4,1,0,0,0,20,19,10,13,2,4,0,0,2,1,3,20,6,2,4,6,30,18,4,3,41,48,23.0,32.0,18.0,16.0,8.0,3.0,520,229,455.0,161.0,230,77,225,84,27.0,19.0,5.0,3.0,0.46,0.94,0.4,0.61,0.06,0.32,0.46,0.94,0.88,1.66,0,0,2,6,4,3,3,4,3,1,0.0,0.0,0.1925,0.5521,0.1047,0.1523,0.105,0.2241,0.0645,0.0088,9,10,1,0,1,0,1,4,0,0,0.3555,0.6148,0.0468,0.0,0.0486,0.0,0.0157,0.3225,0.0,0.0,12,14,22.1,17.18
4535428,2024-10-31,ita,2024/2025,Serie A,10,Michael Fabbri,8686,Roma,9804,Torino,1,1,0,57,43,9,4,3,2,1,0,5,2,0,0,4,3,5,1,3,5,0,0,0,0,27,11,11,15,2,2,0,0,2,0,13,9,10,8,2,5,14,17,2,2,42,41,29.0,23.0,13.0,18.0,3.0,3.0,578,427,507.0,343.0,206,225,301,118,16.0,19.0,5.0,3.0,0.63,0.21,0.58,0.05,0.05,0.16,0.63,0.21,0.74,0.16,0,0,2,2,2,1,4,1,1,0,0.0,0.0,0.1004,0.1581,0.0625,0.0296,0.1858,0.0217,0.2841,0.0,8,2,0,0,1,2,0,0,0,0,0.5821,0.0513,0.0,0.0,0.0508,0.1581,0.0,0.0,0.0,0.0,9,4,19.4,16.06
4535428,2024-10-31,ita,2024/2025,Serie A,10,Michael Fabbri,9804,Torino,8686,Roma,0,0,1,43,57,4,9,2,3,0,1,2,5,0,0,3,4,1,5,5,3,0,0,0,0,11,27,15,11,2,2,0,0,0,2,9,13,8,10,5,2,17,14,2,2,41,42,23.0,29.0,18.0,13.0,3.0,3.0,427,578,343.0,507.0,225,206,118,301,19.0,16.0,3.0,5.0,0.21,0.63,0.05,0.58,0.16,0.05,0.21,0.63,0.16,0.74,0,0,2,2,1,2,1,4,0,1,0.0,0.0,0.1581,0.1004,0.0296,0.0625,0.0217,0.1858,0.0,0.2841,2,8,0,0,2,1,0,0,0,0,0.0513,0.5821,0.0,0.0,0.1581,0.0508,0.0,0.0,0.0,0.0,4,9,16.06,19.4
4535370,2024-11-02,ita,2024/2025,Serie A,11,Giuseppe Collu,9857,Bologna,9888,Lecce,1,1,0,72,28,20,6,4,0,10,4,6,2,0,0,13,1,7,5,9,1,3,1,2,1,31,3,9,14,2,2,0,0,1,0,17,34,4,3,2,6,11,33,0,4,51,67,32.0,45.0,19.0,22.0,2.0,5.0,553,219,493.0,148.0,150,79,343,69,26.0,27.0,13.0,2.0,1.45,0.63,1.16,0.59,0.3,0.04,1.45,0.63,1.11,0.0,1,0,11,1,1,0,5,4,2,1,0.1084,0.0,1.1468,0.5404,0.0226,0.0,0.1442,0.1729,0.0312,0.0297,10,3,0,2,4,0,6,1,0,0,1.1571,0.134,0.0,0.5701,0.0905,0.0,0.2055,0.0389,0.0,0.0,20,6,16.01,21.75
4535370,2024-11-02,ita,2024/2025,Serie A,11,Giuseppe Collu,9888,Lecce,9857,Bologna,0,0,1,28,72,6,20,0,4,4,10,2,6,0,0,1,13,5,7,1,9,1,3,1,2,3,31,14,9,2,2,0,0,0,1,34,17,3,4,6,2,33,11,4,0,67,51,45.0,32.0,22.0,19.0,5.0,2.0,219,553,148.0,493.0,79,150,69,343,27.0,26.0,2.0,13.0,0.63,1.45,0.59,1.16,0.04,0.3,0.63,1.45,0.0,1.11,0,1,1,11,0,1,4,5,1,2,0.0,0.1084,0.5404,1.1468,0.0,0.0226,0.1729,0.1442,0.0297,0.0312,3,10,2,0,0,4,1,6,0,0,0.134,1.1571,0.5701,0.0,0.0,0.0905,0.0389,0.2055,0.0,0.0,6,20,21.75,16.01
4535375,2024-11-02,ita,2024/2025,Serie A,11,Ermanno Feliciani,6504,Monza,8564,Milan,1,0,1,44,56,12,18,2,7,7,6,3,5,0,0,5,14,7,4,3,5,2,6,2,5,10,34,18,15,2,1,0,0,2,1,15,7,4,9,4,3,15,11,6,2,43,48,33.0,35.0,10.0,13.0,5.0,11.0,359,472,309.0,425.0,198,270,111,155,30.0,19.0,5.0,6.0,1.21,2.56,0.95,2.04,0.26,0.52,1.21,2.56,0.22,2.11,0,1,4,11,1,2,4,4,3,0,0.0,0.7118,0.7723,1.6703,0.0381,0.0863,0.2944,0.0911,0.1073,0.0,8,10,0,3,1,2,3,3,0,0,0.949,1.1632,0.0,0.8759,0.0151,0.1089,0.248,0.4116,0.0,0.0,12,18,18.91,16.23
4535375,2024-11-02,ita,2024/2025,Serie A,11,Ermanno Feliciani,8564,Milan,6504,Monza,0,1,0,56,44,18,12,7,2,6,7,5,3,0,0,14,5,4,7,5,3,6,2,5,2,34,10,15,18,1,2,0,0,1,2,7,15,9,4,3,4,11,15,2,6,48,43,35.0,33.0,13.0,10.0,11.0,5.0,472,359,425.0,309.0,270,198,155,111,19.0,30.0,6.0,5.0,2.56,1.21,2.04,0.95,0.52,0.26,2.56,1.21,2.11,0.22,1,0,11,4,2,1,4,4,0,3,0.7118,0.0,1.6703,0.7723,0.0863,0.0381,0.0911,0.2944,0.0,0.1073,10,8,3,0,2,1,3,3,0,0,1.1632,0.949,0.8759,0.0,0.1089,0.0151,0.4116,0.248,0.0,0.0,18,12,16.23,18.91
4535379,2024-11-02,ita,2024/2025,Serie A,11,Rosario Abisso,8600,Udinese,9885,Juventus,1,0,2,38,62,11,11,2,5,3,3,6,3,1,2,8,9,3,2,10,3,0,2,0,2,17,16,12,14,2,2,0,0,1,3,9,21,5,9,3,6,12,22,4,2,41,50,28.0,40.0,13.0,10.0,5.0,7.0,318,537,264.0,472.0,132,335,132,137,24.0,21.0,4.0,2.0,0.6,1.29,0.41,1.22,0.19,0.06,0.6,1.29,0.44,2.4,0,0,6,5,2,4,3,0,0,2,0.0,0.0,0.4446,0.889,0.0502,0.3346,0.1075,0.0,0.0,0.0647,6,7,1,2,3,1,1,1,0,0,0.3334,0.7917,0.0746,0.4319,0.1418,0.0075,0.0525,0.0572,0.0,0.0,11,11,15.81,15.88
4535379,2024-11-02,ita,2024/2025,Serie A,11,Rosario Abisso,9885,Juventus,8600,Udinese,0,2,0,62,38,11,11,5,2,3,3,3,6,2,1,9,8,2,3,3,10,2,0,2,0,16,17,14,12,2,2,0,0,3,1,21,9,9,5,6,3,22,12,2,4,50,41,40.0,28.0,10.0,13.0,7.0,5.0,537,318,472.0,264.0,335,132,137,132,21.0,24.0,2.0,4.0,1.29,0.6,1.22,0.41,0.06,0.19,1.29,0.6,2.4,0.44,0,0,5,6,4,2,0,3,2,0,0.0,0.0,0.889,0.4446,0.3346,0.0502,0.0,0.1075,0.0647,0.0,7,6,2,1,1,3,1,1,0,0,0.7917,0.3334,0.4319,0.0746,0.0075,0.1418,0.0572,0.0525,0.0,0.0,11,11,15.88,15.81
4535372,2024-11-03,ita,2024/2025,Serie A,11,Matteo Marcenaro,9876,Hellas Verona,8686,Roma,1,3,2,34,66,7,14,3,3,2,6,2,5,0,0,3,8,4,6,2,2,3,3,0,1,8,25,16,11,2,2,1,0,1,7,15,16,11,7,5,2,28,11,1,0,50,52,34.0,37.0,16.0,15.0,10.0,6.0,314,605,218.0,504.0,106,222,112,282,23.0,19.0,1.0,3.0,1.08,1.8,0.76,1.67,0.32,0.13,1.08,1.8,1.58,1.2,1,1,2,5,0,2,2,5,2,1,0.3224,0.5964,0.6517,0.7087,0.0,0.2151,0.108,0.2585,0.0416,0.0184,4,8,2,3,1,1,0,2,0,0,0.4558,1.1222,0.3455,0.5489,0.3224,0.0184,0.0,0.1076,0.0,0.0,7,14,20.49,15.21
4535372,2024-11-03,ita,2024/2025,Serie A,11,Matteo Marcenaro,8686,Roma,9876,Hellas Verona,0,2,3,66,34,14,7,3,3,6,2,5,2,0,0,8,3,6,4,2,2,3,3,1,0,25,8,11,16,2,2,0,1,7,1,16,15,7,11,2,5,11,28,0,1,52,50,37.0,34.0,15.0,16.0,6.0,10.0,605,314,504.0,218.0,222,106,282,112,19.0,23.0,3.0,1.0,1.8,1.08,1.67,0.76,0.13,0.32,1.8,1.08,1.2,1.58,1,1,5,2,2,0,5,2,1,2,0.5964,0.3224,0.7087,0.6517,0.2151,0.0,0.2585,0.108,0.0184,0.0416,8,4,3,2,1,1,2,0,0,0,1.1222,0.4558,0.5489,0.3455,0.0184,0.3224,0.1076,0.0,0.0,0.0,14,7,15.21,20.49
4535373,2024-11-03,ita,2024/2025,Serie A,11,Maria Sole Ferrieri Caputi,8636,Inter,7881,Venezia,1,1,0,57,43,19,7,8,2,5,3,6,2,0,0,13,4,6,3,9,3,7,3,6,3,35,12,15,15,2,1,0,0,3,1,13,8,7,7,2,6,12,26,2,7,47,38,29.0,26.0,18.0,12.0,3.0,5.0,489,370,418.0,299.0,201,181,217,118,25.0,22.0,9.0,2.0,2.38,1.07,2.0,1.07,0.38,0.0,2.38,1.07,1.58,0.96,2,0,9,3,2,1,5,2,1,1,0.7105,0.0,1.477,0.8408,0.0613,0.0967,0.0988,0.0982,0.0299,0.0309,13,6,1,1,3,0,2,0,0,0,1.684,0.9923,0.313,0.0742,0.2655,0.0,0.1149,0.0,0.0,0.0,19,7,15.37,16.43
4535373,2024-11-03,ita,2024/2025,Serie A,11,Maria Sole Ferrieri Caputi,7881,Venezia,8636,Inter,0,0,1,43,57,7,19,2,8,3,5,2,6,0,0,4,13,3,6,3,9,3,7,3,6,12,35,15,15,1,2,0,0,1,3,8,13,7,7,6,2,26,12,7,2,38,47,26.0,29.0,12.0,18.0,5.0,3.0,370,489,299.0,418.0,181,201,118,217,22.0,25.0,2.0,9.0,1.07,2.38,1.07,2.0,0.0,0.38,1.07,2.38,0.96,1.58,0,2,3,9,1,2,2,5,1,1,0.0,0.7105,0.8408,1.477,0.0967,0.0613,0.0982,0.0988,0.0309,0.0299,6,13,1,1,0,3,0,2,0,0,0.9923,1.684,0.0742,0.313,0.0,0.2655,0.0,0.1149,0.0,0.0,7,19,16.43,15.37
4535376,2024-11-03,ita,2024/2025,Serie A,11,Daniele Doveri,9875,Napoli,8524,Atalanta,1,0,3,50,50,13,12,3,3,5,7,5,2,1,0,8,11,5,1,4,3,0,2,0,1,24,24,10,8,2,2,0,0,1,3,17,25,10,8,2,5,9,18,0,3,35,47,27.0,39.0,8.0,8.0,2.0,5.0,540,545,478.0,469.0,267,260,211,209,23.0,18.0,5.0,3.0,0.77,1.3,0.5,1.18,0.27,0.12,0.77,1.3,0.58,0.89,2,3,5,6,1,2,3,1,2,0,0.2425,0.5838,0.3214,0.3681,0.0405,0.1901,0.1249,0.0436,0.0385,0.0,10,6,0,3,1,3,2,0,0,0,0.5001,0.8353,0.0,0.2337,0.1257,0.1166,0.142,0.0,0.0,0.0,13,12,16.5,13.28
4535376,2024-11-03,ita,2024/2025,Serie A,11,Daniele Doveri,8524,Atalanta,9875,Napoli,0,3,0,50,50,12,13,3,3,7,5,2,5,0,1,11,8,1,5,3,4,2,0,1,0,24,24,8,10,2,2,0,0,3,1,25,17,8,10,5,2,18,9,3,0,47,35,39.0,27.0,8.0,8.0,5.0,2.0,545,540,469.0,478.0,260,267,209,211,18.0,23.0,3.0,5.0,1.3,0.77,1.18,0.5,0.12,0.27,1.3,0.77,0.89,0.58,3,2,6,5,2,1,1,3,0,2,0.5838,0.2425,0.3681,0.3214,0.1901,0.0405,0.0436,0.1249,0.0,0.0385,6,10,3,0,3,1,0,2,0,0,0.8353,0.5001,0.2337,0.0,0.1166,0.1257,0.0,0.142,0.0,0.0,12,13,13.28,16.5
4535378,2024-11-03,ita,2024/2025,Serie A,11,Federico La Penna,9804,Torino,8535,Fiorentina,1,0,1,53,47,9,8,1,3,6,3,2,2,1,1,4,4,5,4,1,3,1,1,1,0,12,8,16,12,2,1,0,0,3,2,9,17,7,7,2,1,10,17,2,1,31,48,21.0,34.0,10.0,14.0,2.0,2.0,497,442,434.0,378.0,232,169,202,209,25.0,27.0,4.0,3.0,0.58,0.6,0.48,0.52,0.1,0.07,0.58,0.6,0.08,0.29,0,0,3,2,1,2,5,2,0,2,0.0,0.0,0.3228,0.4003,0.0353,0.0875,0.224,0.0511,0.0,0.0564,4,4,2,1,1,1,2,2,0,0,0.3643,0.4625,0.1188,0.0601,0.0567,0.0078,0.0422,0.065,0.0,0.0,9,8,19.19,22.5
4535378,2024-11-03,ita,2024/2025,Serie A,11,Federico La Penna,8535,Fiorentina,9804,Torino,0,1,0,47,53,8,9,3,1,3,6,2,2,1,1,4,4,4,5,3,1,1,1,0,1,8,12,12,16,1,2,0,0,2,3,17,9,7,7,1,2,17,10,1,2,48,31,34.0,21.0,14.0,10.0,2.0,2.0,442,497,378.0,434.0,169,232,209,202,27.0,25.0,3.0,4.0,0.6,0.58,0.52,0.48,0.07,0.1,0.6,0.58,0.29,0.08,0,0,2,3,2,1,2,5,2,0,0.0,0.0,0.4003,0.3228,0.0875,0.0353,0.0511,0.224,0.0564,0.0,4,4,1,2,1,1,2,2,0,0,0.4625,0.3643,0.0601,0.1188,0.0078,0.0567,0.065,0.0422,0.0,0.0,8,9,22.5,19.19
4535371,2024-11-04,ita,2024/2025,Serie A,11,Marco Di Bello,8534,Empoli,10171,Como,1,1,0,41,59,9,12,4,2,4,6,1,4,0,0,5,9,4,3,3,6,1,0,1,0,15,18,17,9,1,0,0,0,1,1,12,19,12,10,4,1,24,16,2,3,36,60,23.0,44.0,13.0,16.0,3.0,10.0,320,464,244.0,388.0,146,239,98,149,22.0,22.0,3.0,4.0,0.62,0.4,0.57,0.28,0.05,0.12,0.62,0.4,0.52,0.65,0,0,4,5,1,4,0,2,4,1,0.0,0.0,0.5128,0.1713,0.0205,0.1292,0.0,0.0844,0.079,0.0124,6,7,1,0,2,2,0,3,0,0,0.4661,0.2924,0.0937,0.0,0.0525,0.0556,0.0,0.0493,0.0,0.0,9,12,19.06,16.12
4535371,2024-11-04,ita,2024/2025,Serie A,11,Marco Di Bello,10171,Como,8534,Empoli,0,0,1,59,41,12,9,2,4,6,4,4,1,0,0,9,5,3,4,6,3,0,1,0,1,18,15,9,17,0,1,0,0,1,1,19,12,10,12,1,4,16,24,3,2,60,36,44.0,23.0,16.0,13.0,10.0,3.0,464,320,388.0,244.0,239,146,149,98,22.0,22.0,4.0,3.0,0.4,0.62,0.28,0.57,0.12,0.05,0.4,0.62,0.65,0.52,0,0,5,4,4,1,2,0,1,4,0.0,0.0,0.1713,0.5128,0.1292,0.0205,0.0844,0.0,0.0124,0.079,7,6,0,1,2,2,3,0,0,0,0.2924,0.4661,0.0,0.0937,0.0556,0.0525,0.0493,0.0,0.0,0.0,12,9,16.12,19.06
4535374,2024-11-04,ita,2024/2025,Serie A,11,Giovanni Ayroldi,8543,Lazio,8529,Cagliari,1,2,1,54,46,20,6,5,1,10,1,5,4,1,0,14,2,6,4,2,3,4,0,2,0,29,8,12,17,3,4,0,2,0,1,20,12,2,2,3,6,15,21,0,2,55,42,41.0,28.0,14.0,14.0,6.0,4.0,466,388,415.0,330.0,233,190,182,140,14.0,22.0,4.0,2.0,2.91,0.24,1.42,0.12,0.7,0.13,2.12,0.24,2.03,0.47,3,0,7,1,4,1,5,2,1,2,1.1317,0.0,1.588,0.0477,0.0706,0.0152,0.1386,0.1396,0.0311,0.0586,12,5,2,0,1,0,4,1,1,0,1.0237,0.1358,0.4264,0.0,0.0101,0.0,0.7112,0.1253,0.7884,0.0,20,6,16.82,22.33
4535374,2024-11-04,ita,2024/2025,Serie A,11,Giovanni Ayroldi,8529,Cagliari,8543,Lazio,0,1,2,46,54,6,20,1,5,1,10,4,5,0,1,2,14,4,6,3,2,0,4,0,2,8,29,17,12,4,3,2,0,1,0,12,20,2,2,6,3,21,15,2,0,42,55,28.0,41.0,14.0,14.0,4.0,6.0,388,466,330.0,415.0,190,233,140,182,22.0,14.0,2.0,4.0,0.24,2.91,0.12,1.42,0.13,0.7,0.24,2.12,0.47,2.03,0,3,1,7,1,4,2,5,2,1,0.0,1.1317,0.0477,1.588,0.0152,0.0706,0.1396,0.1386,0.0586,0.0311,5,12,0,2,0,1,1,4,0,1,0.1358,1.0237,0.0,0.4264,0.0,0.0101,0.1253,0.7112,0.0,0.7884,6,20,22.33,16.82
4535377,2024-11-04,ita,2024/2025,Serie A,11,Marco Guida,10167,Parma,10233,Genoa,1,0,1,55,45,13,15,0,7,9,7,4,1,0,1,8,12,5,3,3,7,0,2,0,1,22,22,5,18,2,5,0,0,0,2,21,17,2,10,2,4,22,20,6,0,59,45,35.0,23.0,24.0,22.0,1.0,1.0,456,354,355.0,271.0,172,124,183,147,20.0,25.0,2.0,10.0,1.11,1.39,0.8,1.22,0.32,0.17,1.11,1.39,0.0,1.46,1,1,5,8,2,3,4,2,1,1,0.3321,0.101,0.5813,0.8414,0.0845,0.1603,0.1065,0.3335,0.0103,0.0133,10,7,0,4,1,2,2,2,0,0,0.7983,0.7907,0.0,0.49,0.094,0.1109,0.2225,0.0577,0.0,0.0,13,15,17.27,16.11
4535377,2024-11-04,ita,2024/2025,Serie A,11,Marco Guida,10233,Genoa,10167,Parma,0,1,0,45,55,15,13,7,0,7,9,1,4,1,0,12,8,3,5,7,3,2,0,1,0,22,22,18,5,5,2,0,0,2,0,17,21,10,2,4,2,20,22,0,6,45,59,23.0,35.0,22.0,24.0,1.0,1.0,354,456,271.0,355.0,124,172,147,183,25.0,20.0,10.0,2.0,1.39,1.11,1.22,0.8,0.17,0.32,1.39,1.11,1.46,0.0,1,1,8,5,3,2,2,4,1,1,0.101,0.3321,0.8414,0.5813,0.1603,0.0845,0.3335,0.1065,0.0133,0.0103,7,10,4,0,2,1,2,2,0,0,0.7907,0.7983,0.49,0.0,0.1109,0.094,0.0577,0.2225,0.0,0.0,15,13,16.11,17.27
4535383,2024-11-07,ita,2024/2025,Serie A,12,Antonio Rapuano,10233,Genoa,10171,Como,1,1,1,42,58,8,18,4,8,3,5,1,5,0,0,4,10,4,8,8,5,2,1,1,1,15,21,17,15,4,3,0,0,4,4,17,8,11,10,5,1,25,29,7,3,56,65,33.0,38.0,23.0,27.0,3.0,15.0,301,448,218.0,374.0,115,209,103,165,31.0,29.0,6.0,1.0,0.86,1.39,0.45,1.24,0.41,0.15,0.86,1.39,1.23,1.74,0,0,3,7,1,3,3,4,1,4,0.0,0.0,0.4664,0.8811,0.3004,0.1451,0.1297,0.2123,0.0212,0.1476,4,12,1,3,3,0,0,3,0,0,0.1934,0.7622,0.3004,0.4735,0.4238,0.0,0.0,0.1504,0.0,0.0,8,18,16.25,18.68
4535383,2024-11-07,ita,2024/2025,Serie A,12,Antonio Rapuano,10171,Como,10233,Genoa,0,1,1,58,42,18,8,8,4,5,3,5,1,0,0,10,4,8,4,5,8,1,2,1,1,21,15,15,17,3,4,0,0,4,4,8,17,10,11,1,5,29,25,3,7,65,56,38.0,33.0,27.0,23.0,15.0,3.0,448,301,374.0,218.0,209,115,165,103,29.0,31.0,1.0,6.0,1.39,0.86,1.24,0.45,0.15,0.41,1.39,0.86,1.74,1.23,0,0,7,3,3,1,4,3,4,1,0.0,0.0,0.8811,0.4664,0.1451,0.3004,0.2123,0.1297,0.1476,0.0212,12,4,3,1,0,3,3,0,0,0,0.7622,0.1934,0.4735,0.3004,0.0,0.4238,0.1504,0.0,0.0,0.0,18,8,18.68,16.25
4535386,2024-11-08,ita,2024/2025,Serie A,12,Juan Luca Sacchi,9888,Lecce,8534,Empoli,1,1,1,59,41,18,11,3,6,13,2,2,3,2,1,13,5,5,6,4,3,2,0,1,0,31,13,7,24,0,3,0,0,1,1,13,28,6,8,3,2,15,26,5,2,72,60,43.0,42.0,29.0,18.0,9.0,7.0,444,319,365.0,231.0,160,121,205,110,25.0,8.0,9.0,2.0,1.58,0.58,1.25,0.5,0.33,0.08,1.58,0.58,1.07,0.57,2,0,10,3,1,2,4,5,1,1,0.3056,0.0,1.1204,0.2285,0.0541,0.0919,0.0859,0.2591,0.014,0.0092,12,6,0,2,3,2,3,1,0,0,1.2457,0.32,0.0,0.1868,0.1045,0.0188,0.2297,0.0632,0.0,0.0,18,11,15.21,20.44
4535386,2024-11-08,ita,2024/2025,Serie A,12,Juan Luca Sacchi,8534,Empoli,9888,Lecce,0,1,1,41,59,11,18,6,3,2,13,3,2,1,2,5,13,6,5,3,4,0,2,0,1,13,31,24,7,3,0,0,0,1,1,28,13,8,6,2,3,26,15,2,5,60,72,42.0,43.0,18.0,29.0,7.0,9.0,319,444,231.0,365.0,121,160,110,205,8.0,25.0,2.0,9.0,0.58,1.58,0.5,1.25,0.08,0.33,0.58,1.58,0.57,1.07,0,2,3,10,2,1,5,4,1,1,0.0,0.3056,0.2285,1.1204,0.0919,0.0541,0.2591,0.0859,0.0092,0.014,6,12,2,0,2,3,1,3,0,0,0.32,1.2457,0.1868,0.0,0.0188,0.1045,0.0632,0.2297,0.0,0.0,11,18,20.44,15.21
4535381,2024-11-09,ita,2024/2025,Serie A,12,Michael Fabbri,8529,Cagliari,8564,Milan,1,3,3,45,55,16,13,7,6,5,5,4,2,0,0,11,10,5,3,6,3,4,4,3,1,25,28,7,11,0,2,0,0,8,3,9,10,7,3,2,4,16,19,3,3,43,32,25.0,24.0,18.0,8.0,6.0,8.0,400,507,350.0,454.0,221,276,129,178,21.0,20.0,7.0,4.0,1.7,3.2,1.48,3.12,0.21,0.08,1.7,3.2,1.45,2.68,3,1,6,7,2,2,3,3,2,0,0.871,0.9285,0.4073,2.2413,0.3137,0.1216,0.055,0.0854,0.0566,0.0,13,12,0,1,3,0,0,0,0,0,1.4902,2.4519,0.0,0.925,0.2133,0.0,0.0,0.0,0.0,0.0,16,13,15.52,14.42
4535381,2024-11-09,ita,2024/2025,Serie A,12,Michael Fabbri,8564,Milan,8529,Cagliari,0,3,3,55,45,13,16,6,7,5,5,2,4,0,0,10,11,3,5,3,6,4,4,1,3,28,25,11,7,2,0,0,0,3,8,10,9,3,7,4,2,19,16,3,3,32,43,24.0,25.0,8.0,18.0,8.0,6.0,507,400,454.0,350.0,276,221,178,129,20.0,21.0,4.0,7.0,3.2,1.7,3.12,1.48,0.08,0.21,3.2,1.7,2.68,1.45,1,3,7,6,2,2,3,3,0,2,0.9285,0.871,2.2413,0.4073,0.1216,0.3137,0.0854,0.055,0.0,0.0566,12,13,1,0,0,3,0,0,0,0,2.4519,1.4902,0.925,0.0,0.0,0.2133,0.0,0.0,0.0,0.0,13,16,14.42,15.52
4535385,2024-11-09,ita,2024/2025,Serie A,12,Simone Sozza,9885,Juventus,9804,Torino,1,2,0,55,45,13,6,4,1,3,2,6,3,0,0,6,4,7,2,5,5,2,0,0,0,17,7,7,14,1,3,0,0,0,1,16,12,9,8,3,6,15,13,1,2,42,38,34.0,22.0,8.0,16.0,4.0,4.0,476,389,416.0,320.0,283,184,133,136,24.0,31.0,3.0,3.0,1.74,0.41,1.55,0.31,0.19,0.1,1.74,0.41,1.64,0.1,2,0,2,3,2,1,4,2,3,0,1.1424,0.0,0.3399,0.3055,0.0869,0.0282,0.1355,0.0913,0.072,0.0,9,4,1,0,1,1,2,1,0,0,1.3802,0.322,0.2066,0.0,0.0097,0.0874,0.1801,0.0156,0.0,0.0,13,6,17.67,17.49
4535385,2024-11-09,ita,2024/2025,Serie A,12,Simone Sozza,9804,Torino,9885,Juventus,0,0,2,45,55,6,13,1,4,2,3,3,6,0,0,4,6,2,7,5,5,0,2,0,0,7,17,14,7,3,1,0,0,1,0,12,16,8,9,6,3,13,15,2,1,38,42,22.0,34.0,16.0,8.0,4.0,4.0,389,476,320.0,416.0,184,283,136,133,31.0,24.0,3.0,3.0,0.41,1.74,0.31,1.55,0.1,0.19,0.41,1.74,0.1,1.64,0,2,3,2,1,2,2,4,0,3,0.0,1.1424,0.3055,0.3399,0.0282,0.0869,0.0913,0.1355,0.0,0.072,4,9,0,1,1,1,1,2,0,0,0.322,1.3802,0.0,0.2066,0.0874,0.0097,0.0156,0.1801,0.0,0.0,6,13,17.49,17.67
4535389,2024-11-09,ita,2024/2025,Serie A,12,Daniele Chiffi,7881,Venezia,10167,Parma,1,1,2,67,33,12,10,6,3,4,4,2,3,0,0,7,5,5,5,6,6,2,1,2,0,26,11,9,10,1,2,0,0,5,1,17,14,12,10,3,2,13,25,1,5,44,38,30.0,28.0,14.0,10.0,4.0,5.0,577,288,496.0,207.0,224,97,272,110,22.0,17.0,8.0,1.0,0.93,0.98,0.66,0.95,0.26,0.03,0.93,0.98,1.54,1.25,0,0,5,2,3,3,3,3,1,2,0.0,0.0,0.4118,0.7397,0.2484,0.1124,0.1214,0.1346,0.0148,0.0323,7,6,1,2,2,2,2,0,0,0,0.4182,0.2471,0.0944,0.7417,0.2037,0.0301,0.0802,0.0,0.0,0.0,12,10,17.84,20.51
4535389,2024-11-09,ita,2024/2025,Serie A,12,Daniele Chiffi,10167,Parma,7881,Venezia,0,2,1,33,67,10,12,3,6,4,4,3,2,0,0,5,7,5,5,6,6,1,2,0,2,11,26,10,9,2,1,0,0,1,5,14,17,10,12,2,3,25,13,5,1,38,44,28.0,30.0,10.0,14.0,5.0,4.0,288,577,207.0,496.0,97,224,110,272,17.0,22.0,1.0,8.0,0.98,0.93,0.95,0.66,0.03,0.26,0.98,0.93,1.25,1.54,0,0,2,5,3,3,3,3,2,1,0.0,0.0,0.7397,0.4118,0.1124,0.2484,0.1346,0.1214,0.0323,0.0148,6,7,2,1,2,2,0,2,0,0,0.2471,0.4182,0.7417,0.0944,0.0301,0.2037,0.0,0.0802,0.0,0.0,10,12,20.51,17.84
4535380,2024-11-10,ita,2024/2025,Serie A,12,Marco Di Bello,8524,Atalanta,8600,Udinese,1,2,1,54,46,10,11,3,6,4,3,3,2,0,1,9,7,1,4,4,5,3,1,2,1,23,20,10,13,1,1,0,0,2,0,14,17,7,12,1,2,22,23,5,2,46,45,26.0,34.0,20.0,11.0,2.0,7.0,425,365,327.0,271.0,198,146,129,125,22.0,23.0,5.0,3.0,0.91,0.84,0.64,0.8,0.27,0.03,0.91,0.84,1.07,2.49,1,0,7,5,1,2,1,3,0,1,0.1067,0.0,0.6971,0.6128,0.0297,0.0339,0.0793,0.1593,0.0,0.0295,6,7,1,2,3,2,0,0,0,0,0.5643,0.2803,0.0793,0.5212,0.2692,0.0339,0.0,0.0,0.0,0.0,10,11,11.83,17.57
4535380,2024-11-10,ita,2024/2025,Serie A,12,Marco Di Bello,8600,Udinese,8524,Atalanta,0,1,2,46,54,11,10,6,3,3,4,2,3,1,0,7,9,4,1,5,4,1,3,1,2,20,23,13,10,1,1,0,0,0,2,17,14,12,7,2,1,23,22,2,5,45,46,34.0,26.0,11.0,20.0,7.0,2.0,365,425,271.0,327.0,146,198,125,129,23.0,22.0,3.0,5.0,0.84,0.91,0.8,0.64,0.03,0.27,0.84,0.91,2.49,1.07,0,1,5,7,2,1,3,1,1,0,0.0,0.1067,0.6128,0.6971,0.0339,0.0297,0.1593,0.0793,0.0295,0.0,7,6,2,1,2,3,0,0,0,0,0.2803,0.5643,0.5212,0.0793,0.0339,0.2692,0.0,0.0,0.0,0.0,11,10,17.57,11.83
4535382,2024-11-10,ita,2024/2025,Serie A,12,Luca Zufferli,8535,Fiorentina,9876,Hellas Verona,1,3,1,61,39,11,8,6,2,4,3,1,3,0,0,9,6,2,2,8,3,5,0,2,0,26,12,1,19,1,2,0,0,6,3,18,21,3,8,3,1,12,32,1,3,58,42,42.0,28.0,16.0,14.0,8.0,6.0,415,268,347.0,192.0,169,124,178,68,33.0,14.0,2.0,5.0,1.96,0.44,1.4,0.38,0.56,0.05,1.96,0.44,2.06,0.61,2,0,5,3,2,3,1,2,1,0,0.5321,0.0,1.2015,0.1933,0.1346,0.1635,0.0347,0.0788,0.0347,0.0,7,6,2,1,2,1,0,0,0,0,0.8995,0.2884,0.5059,0.0954,0.5321,0.0519,0.0,0.0,0.0,0.0,11,8,14.02,15.87
4535382,2024-11-10,ita,2024/2025,Serie A,12,Luca Zufferli,9876,Hellas Verona,8535,Fiorentina,0,1,3,39,61,8,11,2,6,3,4,3,1,0,0,6,9,2,2,3,8,0,5,0,2,12,26,19,1,2,1,0,0,3,6,21,18,8,3,1,3,32,12,3,1,42,58,28.0,42.0,14.0,16.0,6.0,8.0,268,415,192.0,347.0,124,169,68,178,14.0,33.0,5.0,2.0,0.44,1.96,0.38,1.4,0.05,0.56,0.44,1.96,0.61,2.06,0,2,3,5,3,2,2,1,0,1,0.0,0.5321,0.1933,1.2015,0.1635,0.1346,0.0788,0.0347,0.0,0.0347,6,7,1,2,1,2,0,0,0,0,0.2884,0.8995,0.0954,0.5059,0.0519,0.5321,0.0,0.0,0.0,0.0,8,11,15.87,14.02
4535384,2024-11-10,ita,2024/2025,Serie A,12,Maurizio Mariani,8636,Inter,9875,Napoli,1,1,1,53,47,13,5,4,2,4,2,5,1,2,0,7,5,6,0,4,2,1,1,1,0,29,13,15,12,1,0,0,0,3,1,16,14,13,8,0,5,9,21,1,3,44,41,32.0,32.0,12.0,9.0,4.0,4.0,494,439,420.0,353.0,225,193,195,160,32.0,35.0,3.0,3.0,1.55,0.69,0.57,0.11,0.19,0.58,0.76,0.69,0.33,1.14,1,1,4,3,2,1,5,0,1,0,0.1258,0.2928,1.1215,0.3608,0.0786,0.0338,0.2102,0.0,0.0159,0.0,7,2,1,0,2,2,2,1,1,0,0.4468,0.1103,0.1258,0.0,0.0853,0.3886,0.1057,0.1885,0.7884,0.0,13,5,18.82,9.85
4535384,2024-11-10,ita,2024/2025,Serie A,12,Maurizio Mariani,9875,Napoli,8636,Inter,0,1,1,47,53,5,13,2,4,2,4,1,5,0,2,5,7,0,6,2,4,1,1,0,1,13,29,12,15,0,1,0,0,1,3,14,16,8,13,5,0,21,9,3,1,41,44,32.0,32.0,9.0,12.0,4.0,4.0,439,494,353.0,420.0,193,225,160,195,35.0,32.0,3.0,3.0,0.69,1.55,0.11,0.57,0.58,0.19,0.69,0.76,1.14,0.33,1,1,3,4,1,2,0,5,0,1,0.2928,0.1258,0.3608,1.1215,0.0338,0.0786,0.0,0.2102,0.0,0.0159,2,7,0,1,2,2,1,2,0,1,0.1103,0.4468,0.0,0.1258,0.3886,0.0853,0.1885,0.1057,0.0,0.7884,5,13,9.85,18.82
4535387,2024-11-10,ita,2024/2025,Serie A,12,Andrea Colombo,6504,Monza,8543,Lazio,1,0,1,51,49,12,14,2,6,7,7,3,1,0,1,9,9,3,5,6,6,2,3,2,3,23,22,13,10,5,1,0,0,1,0,10,18,10,8,2,3,16,20,4,2,38,44,25.0,35.0,13.0,9.0,6.0,6.0,476,461,426.0,402.0,253,209,173,193,22.0,20.0,10.0,1.0,0.96,1.61,0.72,1.5,0.23,0.11,0.96,1.61,0.32,2.4,1,1,7,5,1,3,3,2,0,3,0.0753,0.079,0.6634,1.2554,0.0408,0.1405,0.1785,0.0778,0.0,0.0614,7,11,1,1,3,2,1,0,0,0,0.6793,1.3285,0.0438,0.1773,0.1336,0.1084,0.1014,0.0,0.0,0.0,12,14,14.79,18.43
4535387,2024-11-10,ita,2024/2025,Serie A,12,Andrea Colombo,8543,Lazio,6504,Monza,0,1,0,49,51,14,12,6,2,7,7,1,3,1,0,9,9,5,3,6,6,3,2,3,2,22,23,10,13,1,5,0,0,0,1,18,10,8,10,3,2,20,16,2,4,44,38,35.0,25.0,9.0,13.0,6.0,6.0,461,476,402.0,426.0,209,253,193,173,20.0,22.0,1.0,10.0,1.61,0.96,1.5,0.72,0.11,0.23,1.61,0.96,2.4,0.32,1,1,5,7,3,1,2,3,3,0,0.079,0.0753,1.2554,0.6634,0.1405,0.0408,0.0778,0.1785,0.0614,0.0,11,7,1,1,2,3,0,1,0,0,1.3285,0.6793,0.1773,0.0438,0.1084,0.1336,0.0,0.1014,0.0,0.0,14,12,18.43,14.79
4535388,2024-11-10,ita,2024/2025,Serie A,12,Gianluca Manganiello,8686,Roma,9857,Bologna,1,2,3,54,46,15,15,5,4,5,3,5,8,1,0,10,12,5,3,4,3,1,2,1,0,23,18,16,21,2,3,0,0,1,0,16,5,10,10,8,5,8,16,1,3,57,38,40.0,24.0,17.0,14.0,4.0,3.0,416,359,323.0,280.0,172,166,151,114,25.0,25.0,4.0,2.0,1.32,1.68,1.07,0.91,0.25,0.78,1.32,1.68,1.46,2.21,0,1,7,7,3,4,5,3,0,0,0.0,0.5532,1.0003,0.6436,0.1143,0.4205,0.2093,0.0665,0.0,0.0,9,9,0,1,3,2,3,3,0,0,1.0733,0.791,0.0,0.1155,0.1425,0.5709,0.1081,0.2064,0.0,0.0,15,15,15.75,15.0
4535388,2024-11-10,ita,2024/2025,Serie A,12,Gianluca Manganiello,9857,Bologna,8686,Roma,0,3,2,46,54,15,15,4,5,3,5,8,5,0,1,12,10,3,5,3,4,2,1,0,1,18,23,21,16,3,2,0,0,0,1,5,16,10,10,5,8,16,8,3,1,38,57,24.0,40.0,14.0,17.0,3.0,4.0,359,416,280.0,323.0,166,172,114,151,25.0,25.0,2.0,4.0,1.68,1.32,0.91,1.07,0.78,0.25,1.68,1.32,2.21,1.46,1,0,7,7,4,3,3,5,0,0,0.5532,0.0,0.6436,1.0003,0.4205,0.1143,0.0665,0.2093,0.0,0.0,9,9,1,0,2,3,3,3,0,0,0.791,1.0733,0.1155,0.0,0.5709,0.1425,0.2064,0.1081,0.0,0.0,15,15,15.0,15.75
4535393,2024-11-23,ita,2024/2025,Serie A,13,Andrea Colombo,9876,Hellas Verona,8636,Inter,1,0,5,30,70,9,12,2,7,2,5,5,0,1,2,5,10,4,2,4,2,0,5,0,1,12,21,14,5,2,1,0,0,2,0,13,13,3,3,0,5,22,11,2,2,32,44,24.0,32.0,8.0,12.0,7.0,5.0,343,795,295.0,747.0,167,435,128,312,17.0,40.0,3.0,3.0,0.51,3.23,0.38,2.89,0.13,0.34,0.51,3.23,0.15,3.63,0,1,4,7,1,2,3,2,1,0,0.0,0.2235,0.3645,2.8426,0.0233,0.0636,0.1042,0.1037,0.0127,0.0,7,9,0,0,1,1,1,2,0,0,0.3819,2.892,0.0,0.0,0.0762,0.0544,0.0465,0.2871,0.0,0.0,9,12,17.62,13.55
4535393,2024-11-23,ita,2024/2025,Serie A,13,Andrea Colombo,8636,Inter,9876,Hellas Verona,0,5,0,70,30,12,9,7,2,5,2,0,5,2,1,10,5,2,4,2,4,5,0,1,0,21,12,5,14,1,2,0,0,0,2,13,13,3,3,5,0,11,22,2,2,44,32,32.0,24.0,12.0,8.0,5.0,7.0,795,343,747.0,295.0,435,167,312,128,40.0,17.0,3.0,3.0,3.23,0.51,2.89,0.38,0.34,0.13,3.23,0.51,3.63,0.15,1,0,7,4,2,1,2,3,0,1,0.2235,0.0,2.8426,0.3645,0.0636,0.0233,0.1037,0.1042,0.0,0.0127,9,7,0,0,1,1,2,1,0,0,2.892,0.3819,0.0,0.0,0.0544,0.0762,0.2871,0.0465,0.0,0.0,12,9,13.55,17.62
4535395,2024-11-23,ita,2024/2025,Serie A,13,Daniele Chiffi,8564,Milan,9885,Juventus,1,0,0,44,56,6,7,1,2,4,2,1,3,0,0,3,5,3,2,2,4,0,2,0,2,9,9,9,12,3,2,0,0,0,0,24,22,5,1,3,1,6,11,2,1,55,44,43.0,42.0,12.0,2.0,7.0,11.0,388,514,338.0,456.0,181,286,157,170,27.0,22.0,3.0,1.0,0.31,0.4,0.06,0.4,0.25,0.0,0.31,0.4,0.08,0.1,1,0,1,1,1,4,2,2,1,0,0.0934,0.0,0.0816,0.1176,0.0159,0.2163,0.0849,0.0664,0.0278,0.0,3,7,0,0,1,0,2,0,0,0,0.0552,0.4003,0.0,0.0,0.0816,0.0,0.1669,0.0,0.0,0.0,6,7,17.76,19.23
4535395,2024-11-23,ita,2024/2025,Serie A,13,Daniele Chiffi,9885,Juventus,8564,Milan,0,0,0,56,44,7,6,2,1,2,4,3,1,0,0,5,3,2,3,4,2,2,0,2,0,9,9,12,9,2,3,0,0,0,0,22,24,1,5,1,3,11,6,1,2,44,55,42.0,43.0,2.0,12.0,11.0,7.0,514,388,456.0,338.0,286,181,170,157,22.0,27.0,1.0,3.0,0.4,0.31,0.4,0.06,0.0,0.25,0.4,0.31,0.1,0.08,0,1,1,1,4,1,2,2,0,1,0.0,0.0934,0.1176,0.0816,0.2163,0.0159,0.0664,0.0849,0.0,0.0278,7,3,0,0,0,1,0,2,0,0,0.4003,0.0552,0.0,0.0,0.0,0.0816,0.0,0.1669,0.0,0.0,7,6,19.23,17.76
4535397,2024-11-23,ita,2024/2025,Serie A,13,Gianluca Manganiello,10167,Parma,8524,Atalanta,1,1,3,45,55,9,15,3,6,3,5,3,4,0,0,4,12,5,3,2,5,2,7,1,4,13,28,6,8,0,2,0,0,0,6,9,19,10,10,4,2,16,10,3,2,33,45,25.0,31.0,8.0,14.0,8.0,7.0,513,609,428.0,519.0,226,230,202,289,27.0,22.0,0.0,10.0,0.75,2.75,0.71,2.57,0.04,0.19,0.75,2.75,0.55,3.36,0,1,3,9,1,2,2,2,3,1,0.0,0.7731,0.6249,1.6483,0.0146,0.2008,0.0365,0.0919,0.0696,0.0367,6,11,1,1,2,3,0,0,0,0,0.4853,2.5153,0.2237,0.0501,0.0366,0.1854,0.0,0.0,0.0,0.0,9,15,21.83,12.47
4535397,2024-11-23,ita,2024/2025,Serie A,13,Gianluca Manganiello,8524,Atalanta,10167,Parma,0,3,1,55,45,15,9,6,3,5,3,4,3,0,0,12,4,3,5,5,2,7,2,4,1,28,13,8,6,2,0,0,0,6,0,19,9,10,10,2,4,10,16,2,3,45,33,31.0,25.0,14.0,8.0,7.0,8.0,609,513,519.0,428.0,230,226,289,202,22.0,27.0,10.0,0.0,2.75,0.75,2.57,0.71,0.19,0.04,2.75,0.75,3.36,0.55,1,0,9,3,2,1,2,2,1,3,0.7731,0.0,1.6483,0.6249,0.2008,0.0146,0.0919,0.0365,0.0367,0.0696,11,6,1,1,3,2,0,0,0,0,2.5153,0.4853,0.0501,0.2237,0.1854,0.0366,0.0,0.0,0.0,0.0,15,9,12.47,21.83
4535390,2024-11-24,ita,2024/2025,Serie A,13,Matteo Marchetti,10171,Como,8535,Fiorentina,1,0,2,57,43,10,8,4,4,5,2,1,2,0,0,9,7,1,1,3,4,2,2,2,2,22,21,11,15,2,1,1,0,0,3,17,12,4,9,2,1,18,24,2,4,50,38,38.0,27.0,12.0,11.0,6.0,7.0,509,382,433.0,312.0,284,177,149,135,20.0,32.0,5.0,2.0,1.14,0.96,0.4,0.96,0.75,0.0,1.14,0.96,1.01,1.09,0,1,7,3,2,3,1,1,0,0,0.0,0.1578,1.0922,0.3612,0.0976,0.2627,0.0257,0.0287,0.0,0.0,6,7,0,1,1,0,3,0,0,0,0.3965,0.7777,0.0,0.0327,0.0643,0.0,0.7546,0.0,0.0,0.0,10,8,12.79,13.09
4535390,2024-11-24,ita,2024/2025,Serie A,13,Matteo Marchetti,8535,Fiorentina,10171,Como,0,2,0,43,57,8,10,4,4,2,5,2,1,0,0,7,9,1,1,4,3,2,2,2,2,21,22,15,11,1,2,0,1,3,0,12,17,9,4,1,2,24,18,4,2,38,50,27.0,38.0,11.0,12.0,7.0,6.0,382,509,312.0,433.0,177,284,135,149,32.0,20.0,2.0,5.0,0.96,1.14,0.96,0.4,0.0,0.75,0.96,1.14,1.09,1.01,1,0,3,7,3,2,1,1,0,0,0.1578,0.0,0.3612,1.0922,0.2627,0.0976,0.0287,0.0257,0.0,0.0,7,6,1,0,0,1,0,3,0,0,0.7777,0.3965,0.0327,0.0,0.0,0.0643,0.0,0.7546,0.0,0.0,8,10,13.09,12.79
4535392,2024-11-24,ita,2024/2025,Serie A,13,Simone Sozza,10233,Genoa,8529,Cagliari,1,2,2,52,48,20,17,6,6,8,8,6,3,0,0,17,11,3,6,6,8,3,4,1,2,34,28,11,7,2,2,0,0,2,1,22,10,10,8,1,6,22,26,4,4,61,48,35.0,29.0,26.0,19.0,6.0,9.0,439,404,365.0,324.0,234,196,131,128,22.0,12.0,6.0,6.0,1.76,3.01,1.38,1.26,0.38,0.17,1.76,1.43,2.06,3.14,0,1,14,10,3,0,3,4,0,2,0.0,0.2378,1.5232,2.6566,0.1605,0.0,0.0755,0.0866,0.0,0.0306,14,9,0,0,4,6,2,0,0,2,1.3808,1.2642,0.0,0.0,0.1336,0.1706,0.2447,0.0,0.0,1.5768,20,17,15.03,14.21
4535392,2024-11-24,ita,2024/2025,Serie A,13,Simone Sozza,8529,Cagliari,10233,Genoa,0,2,2,48,52,17,20,6,6,8,8,3,6,0,0,11,17,6,3,8,6,4,3,2,1,28,34,7,11,2,2,0,0,1,2,10,22,8,10,6,1,26,22,4,4,48,61,29.0,35.0,19.0,26.0,9.0,6.0,404,439,324.0,365.0,196,234,128,131,12.0,22.0,6.0,6.0,3.01,1.76,1.26,1.38,0.17,0.38,1.43,1.76,3.14,2.06,1,0,10,14,0,3,4,3,2,0,0.2378,0.0,2.6566,1.5232,0.0,0.1605,0.0866,0.0755,0.0306,0.0,9,14,0,0,6,4,0,2,2,0,1.2642,1.3808,0.0,0.0,0.1706,0.1336,0.0,0.2447,1.5768,0.0,17,20,14.21,15.03
4535394,2024-11-24,ita,2024/2025,Serie A,13,Antonio Rapuano,8543,Lazio,9857,Bologna,1,3,0,70,30,13,3,4,1,5,2,4,0,0,0,9,0,4,3,3,0,4,0,2,0,27,4,14,14,3,1,0,1,2,0,9,7,14,10,0,4,7,34,1,1,46,38,30.0,27.0,16.0,11.0,7.0,8.0,616,265,541.0,197.0,274,134,267,63,32.0,13.0,2.0,1.0,1.96,0.07,1.09,0.07,0.87,0.0,1.96,0.07,3.27,0.03,2,0,4,0,3,0,0,2,4,1,1.1878,0.0,0.453,0.0,0.202,0.0,0.0,0.0459,0.1201,0.0265,10,2,2,1,1,0,0,0,0,0,0.981,0.0607,0.1125,0.0118,0.8696,0.0,0.0,0.0,0.0,0.0,13,3,16.06,32.96
4535394,2024-11-24,ita,2024/2025,Serie A,13,Antonio Rapuano,9857,Bologna,8543,Lazio,0,0,3,30,70,3,13,1,4,2,5,0,4,0,0,0,9,3,4,0,3,0,4,0,2,4,27,14,14,1,3,1,0,0,2,7,9,10,14,4,0,34,7,1,1,38,46,27.0,30.0,11.0,16.0,8.0,7.0,265,616,197.0,541.0,134,274,63,267,13.0,32.0,1.0,2.0,0.07,1.96,0.07,1.09,0.0,0.87,0.07,1.96,0.03,3.27,0,2,0,4,0,3,2,0,1,4,0.0,1.1878,0.0,0.453,0.0,0.202,0.0459,0.0,0.0265,0.1201,2,10,1,2,0,1,0,0,0,0,0.0607,0.981,0.0118,0.1125,0.0,0.8696,0.0,0.0,0.0,0.0,3,13,32.96,16.06
4535396,2024-11-24,ita,2024/2025,Serie A,13,Davide Massa,9875,Napoli,8686,Roma,1,1,0,63,37,14,6,2,1,9,4,3,1,0,1,8,4,6,2,8,2,3,1,2,1,24,14,8,9,0,3,0,0,1,2,8,21,9,7,0,3,19,24,1,1,36,45,21.0,32.0,15.0,13.0,4.0,4.0,626,367,564.0,290.0,307,124,257,166,34.0,15.0,5.0,2.0,1.39,0.57,1.27,0.3,0.12,0.28,1.39,0.57,0.92,0.01,3,0,3,3,2,1,4,2,2,0,0.7303,0.0,0.2921,0.4733,0.0955,0.0301,0.2318,0.0767,0.0386,0.0,11,4,0,0,2,1,1,1,0,0,1.2676,0.3024,0.0,0.0,0.0819,0.0178,0.0387,0.2598,0.0,0.0,14,6,16.58,16.68
4535396,2024-11-24,ita,2024/2025,Serie A,13,Davide Massa,8686,Roma,9875,Napoli,0,0,1,37,63,6,14,1,2,4,9,1,3,1,0,4,8,2,6,2,8,1,3,1,2,14,24,9,8,3,0,0,0,2,1,21,8,7,9,3,0,24,19,1,1,45,36,32.0,21.0,13.0,15.0,4.0,4.0,367,626,290.0,564.0,124,307,166,257,15.0,34.0,2.0,5.0,0.57,1.39,0.3,1.27,0.28,0.12,0.57,1.39,0.01,0.92,0,3,3,3,1,2,2,4,0,2,0.0,0.7303,0.4733,0.2921,0.0301,0.0955,0.0767,0.2318,0.0,0.0386,4,11,0,0,1,2,1,1,0,0,0.3024,1.2676,0.0,0.0,0.0178,0.0819,0.2598,0.0387,0.0,0.0,6,14,16.68,16.58
4535398,2024-11-24,ita,2024/2025,Serie A,13,Rosario Abisso,9804,Torino,6504,Monza,1,1,1,55,45,12,9,5,6,2,3,5,0,0,0,9,7,3,2,7,3,2,3,1,2,19,13,17,13,1,2,0,0,2,0,12,14,5,9,0,6,9,24,5,3,48,56,27.0,36.0,21.0,20.0,4.0,6.0,484,408,406.0,327.0,206,220,200,107,22.0,21.0,5.0,5.0,1.02,0.91,0.66,0.65,0.36,0.25,1.02,0.91,1.03,1.79,1,1,8,4,0,2,2,1,1,1,0.1555,0.1531,0.7696,0.2863,0.0,0.328,0.0977,0.0962,0.0265,0.0168,8,7,1,0,3,2,0,0,0,0,0.6202,0.6954,0.0649,0.0,0.3641,0.185,0.0,0.0,0.0,0.0,12,9,13.92,14.87
4535398,2024-11-24,ita,2024/2025,Serie A,13,Rosario Abisso,6504,Monza,9804,Torino,0,1,1,45,55,9,12,6,5,3,2,0,5,0,0,7,9,2,3,3,7,3,2,2,1,13,19,13,17,2,1,0,0,0,2,14,12,9,5,6,0,24,9,3,5,56,48,36.0,27.0,20.0,21.0,6.0,4.0,408,484,327.0,406.0,220,206,107,200,21.0,22.0,5.0,5.0,0.91,1.02,0.65,0.66,0.25,0.36,0.91,1.02,1.79,1.03,1,1,4,8,2,0,1,2,1,1,0.1531,0.1555,0.2863,0.7696,0.328,0.0,0.0962,0.0977,0.0168,0.0265,7,8,0,1,2,3,0,0,0,0,0.6954,0.6202,0.0,0.0649,0.185,0.3641,0.0,0.0,0.0,0.0,9,12,14.87,13.92
4535391,2024-11-25,ita,2024/2025,Serie A,13,Livio Marinelli,8534,Empoli,8600,Udinese,1,1,1,30,70,4,16,2,3,1,7,1,6,1,0,0,13,4,3,1,8,0,1,0,0,2,36,8,13,3,2,0,0,1,0,20,12,9,5,5,1,48,5,2,1,52,52,34.0,28.0,18.0,24.0,3.0,8.0,280,640,194.0,549.0,136,293,58,256,20.0,42.0,0.0,7.0,0.13,0.83,0.11,0.43,0.02,0.4,0.13,0.83,0.09,1.16,0,2,0,9,0,2,3,2,1,1,0.0,0.1714,0.0,0.5285,0.0,0.0672,0.0956,0.0539,0.0293,0.0102,3,10,0,0,1,4,0,2,0,0,0.1098,0.4332,0.0,0.0,0.0151,0.2763,0.0,0.1217,0.0,0.0,4,16,22.55,15.31
4535391,2024-11-25,ita,2024/2025,Serie A,13,Livio Marinelli,8600,Udinese,8534,Empoli,0,1,1,70,30,16,4,3,2,7,1,6,1,0,1,13,0,3,4,8,1,1,0,0,0,36,2,13,8,2,3,0,0,0,1,12,20,5,9,1,5,5,48,1,2,52,52,28.0,34.0,24.0,18.0,8.0,3.0,640,280,549.0,194.0,293,136,256,58,42.0,20.0,7.0,0.0,0.83,0.13,0.43,0.11,0.4,0.02,0.83,0.13,1.16,0.09,2,0,9,0,2,0,2,3,1,1,0.1714,0.0,0.5285,0.0,0.0672,0.0,0.0539,0.0956,0.0102,0.0293,10,3,0,0,4,1,2,0,0,0,0.4332,0.1098,0.0,0.0,0.2763,0.0151,0.1217,0.0,0.0,0.0,16,4,15.31,22.55
4535399,2024-11-25,ita,2024/2025,Serie A,13,Luca Pairetto,7881,Venezia,9888,Lecce,1,0,1,61,39,16,7,6,2,7,4,3,1,2,0,12,5,4,2,6,2,7,1,7,0,36,10,12,16,1,4,0,0,2,1,10,26,9,5,1,3,10,43,1,6,43,58,27.0,43.0,16.0,15.0,4.0,7.0,528,340,438.0,265.0,193,162,245,103,19.0,30.0,4.0,3.0,2.73,0.66,2.23,0.59,0.51,0.06,2.73,0.66,0.82,1.4,1,0,8,5,3,0,4,0,0,2,0.852,0.0,1.2722,0.645,0.439,0.0,0.1702,0.0,0.0,0.0565,12,5,0,0,2,1,2,1,0,0,2.3489,0.6378,0.0,0.0,0.1301,0.027,0.2544,0.0367,0.0,0.0,16,7,14.43,16.37
4535399,2024-11-25,ita,2024/2025,Serie A,13,Luca Pairetto,9888,Lecce,7881,Venezia,0,1,0,39,61,7,16,2,6,4,7,1,3,0,2,5,12,2,4,2,6,1,7,0,7,10,36,16,12,4,1,0,0,1,2,26,10,5,9,3,1,43,10,6,1,58,43,43.0,27.0,15.0,16.0,7.0,4.0,340,528,265.0,438.0,162,193,103,245,30.0,19.0,3.0,4.0,0.66,2.73,0.59,2.23,0.06,0.51,0.66,2.73,1.4,0.82,0,1,5,8,0,3,0,4,2,0,0.0,0.852,0.645,1.2722,0.0,0.439,0.0,0.1702,0.0565,0.0,5,12,0,0,1,2,1,2,0,0,0.6378,2.3489,0.0,0.0,0.027,0.1301,0.0367,0.2544,0.0,0.0,7,16,16.37,14.43
4535401,2024-11-29,ita,2024/2025,Serie A,14,Maurizio Mariani,8529,Cagliari,9876,Hellas Verona,1,1,0,64,36,19,11,5,2,8,6,6,3,1,1,13,6,6,5,7,1,6,1,5,1,39,17,10,12,1,2,0,0,2,3,18,26,3,4,3,5,13,41,2,4,65,66,37.0,41.0,28.0,25.0,9.0,6.0,497,287,411.0,195.0,221,78,190,117,24.0,15.0,8.0,3.0,1.83,0.7,1.43,0.7,0.4,0.0,1.83,0.7,1.17,0.09,3,0,7,4,3,2,3,1,3,4,0.6515,0.0,0.9709,0.5197,0.1438,0.0917,0.0838,0.0126,0.0634,0.075,14,11,0,0,3,0,2,0,0,0,1.5171,0.6989,0.0,0.0,0.3698,0.0,0.0266,0.0,0.0,0.0,19,11,15.21,19.41
4535401,2024-11-29,ita,2024/2025,Serie A,14,Maurizio Mariani,9876,Hellas Verona,8529,Cagliari,0,0,1,36,64,11,19,2,5,6,8,3,6,1,1,6,13,5,6,1,7,1,6,1,5,17,39,12,10,2,1,0,0,3,2,26,18,4,3,5,3,41,13,4,2,66,65,41.0,37.0,25.0,28.0,6.0,9.0,287,497,195.0,411.0,78,221,117,190,15.0,24.0,3.0,8.0,0.7,1.83,0.7,1.43,0.0,0.4,0.7,1.83,0.09,1.17,0,3,4,7,2,3,1,3,4,3,0.0,0.6515,0.5197,0.9709,0.0917,0.1438,0.0126,0.0838,0.075,0.0634,11,14,0,0,0,3,0,2,0,0,0.6989,1.5171,0.0,0.0,0.0,0.3698,0.0,0.0266,0.0,0.0,11,19,19.41,15.21
4535400,2024-11-30,ita,2024/2025,Serie A,14,Luca Massimi,9857,Bologna,7881,Venezia,1,3,0,61,39,16,5,9,1,5,2,2,2,0,0,9,4,7,1,1,0,7,1,4,1,30,9,14,15,0,2,0,0,2,0,23,14,7,11,2,2,10,20,1,6,54,46,44.0,34.0,10.0,12.0,7.0,7.0,491,313,423.0,247.0,199,162,224,85,31.0,18.0,4.0,3.0,3.22,0.44,1.62,0.44,0.03,0.0,1.64,0.44,2.86,0.4,2,0,5,3,2,1,4,1,3,0,0.7083,0.0,2.2266,0.2882,0.1059,0.0221,0.1101,0.1346,0.0709,0.0,11,5,2,0,0,0,1,0,2,0,1.4145,0.4449,0.2026,0.0,0.0,0.0,0.0278,0.0,1.5768,0.0,16,5,16.96,13.8
4535400,2024-11-30,ita,2024/2025,Serie A,14,Luca Massimi,7881,Venezia,9857,Bologna,0,0,3,39,61,5,16,1,9,2,5,2,2,0,0,4,9,1,7,0,1,1,7,1,4,9,30,15,14,2,0,0,0,0,2,14,23,11,7,2,2,20,10,6,1,46,54,34.0,44.0,12.0,10.0,7.0,7.0,313,491,247.0,423.0,162,199,85,224,18.0,31.0,3.0,4.0,0.44,3.22,0.44,1.62,0.0,0.03,0.44,1.64,0.4,2.86,0,2,3,5,1,2,1,4,0,3,0.0,0.7083,0.2882,2.2266,0.0221,0.1059,0.1346,0.1101,0.0,0.0709,5,11,0,2,0,0,0,1,0,2,0.4449,1.4145,0.0,0.2026,0.0,0.0,0.0,0.0278,0.0,1.5768,5,16,13.8,16.96
4535402,2024-11-30,ita,2024/2025,Serie A,14,Juan Luca Sacchi,10171,Como,6504,Monza,1,1,1,54,46,17,9,3,3,7,6,7,0,0,1,13,7,4,2,11,4,2,3,1,2,20,13,16,11,3,0,0,0,0,0,19,10,3,6,0,6,15,22,2,2,51,48,39.0,26.0,12.0,22.0,9.0,2.0,449,371,376.0,301.0,201,214,175,87,16.0,31.0,6.0,5.0,1.29,1.38,0.81,0.44,0.48,0.15,1.29,0.59,1.36,0.78,3,0,7,5,3,2,3,2,1,0,0.608,0.0,0.4475,1.2531,0.0776,0.0316,0.1421,0.051,0.0172,0.0,8,5,0,0,7,1,2,2,0,1,0.8131,0.4343,0.0,0.0,0.4001,0.07,0.0793,0.0429,0.0,0.7884,17,9,13.27,15.25
4535402,2024-11-30,ita,2024/2025,Serie A,14,Juan Luca Sacchi,6504,Monza,10171,Como,0,1,1,46,54,9,17,3,3,6,7,0,7,1,0,7,13,2,4,4,11,3,2,2,1,13,20,11,16,0,3,0,0,0,0,10,19,6,3,6,0,22,15,2,2,48,51,26.0,39.0,22.0,12.0,2.0,9.0,371,449,301.0,376.0,214,201,87,175,31.0,16.0,5.0,6.0,1.38,1.29,0.44,0.81,0.15,0.48,0.59,1.29,0.78,1.36,0,3,5,7,2,3,2,3,0,1,0.0,0.608,1.2531,0.4475,0.0316,0.0776,0.051,0.1421,0.0,0.0172,5,8,0,0,1,7,2,2,1,0,0.4343,0.8131,0.0,0.0,0.07,0.4001,0.0429,0.0793,0.7884,0.0,9,17,15.25,13.27
4535405,2024-11-30,ita,2024/2025,Serie A,14,Federico Dionisi,8564,Milan,8534,Empoli,1,3,0,56,44,20,9,4,0,5,5,11,4,0,1,14,3,6,6,7,3,1,0,1,0,42,11,12,16,2,2,0,0,0,3,18,21,4,12,4,11,16,18,0,1,62,47,43.0,41.0,19.0,6.0,9.0,8.0,470,371,419.0,326.0,212,217,207,109,27.0,13.0,3.0,3.0,2.29,0.54,2.29,0.54,,,2.29,0.54,1.66,0.0,1,1,10,2,3,0,4,4,2,2,0.7329,0.1526,1.1243,0.1742,0.0819,0.0,0.3107,0.1276,0.0424,0.0901,19,9,1,0,0,0,0,0,0,0,2.1705,0.5445,0.1217,0.0,0.0,0.0,0.0,0.0,0.0,0.0,20,9,17.25,22.09
4535405,2024-11-30,ita,2024/2025,Serie A,14,Federico Dionisi,8534,Empoli,8564,Milan,0,0,3,44,56,9,20,0,4,5,5,4,11,1,0,3,14,6,6,3,7,0,1,0,1,11,42,16,12,2,2,0,0,3,0,21,18,12,4,11,4,18,16,1,0,47,62,41.0,43.0,6.0,19.0,8.0,9.0,371,470,326.0,419.0,217,212,109,207,13.0,27.0,3.0,3.0,0.54,2.29,0.54,2.29,,,0.54,2.29,0.0,1.66,1,1,2,10,0,3,4,4,2,2,0.1526,0.7329,0.1742,1.1243,0.0,0.0819,0.1276,0.3107,0.0901,0.0424,9,19,0,1,0,0,0,0,0,0,0.5445,2.1705,0.0,0.1217,0.0,0.0,0.0,0.0,0.0,0.0,9,20,22.09,17.25
4535404,2024-12-01,ita,2024/2025,Serie A,14,Antonio Rapuano,9888,Lecce,9885,Juventus,1,1,1,38,62,10,14,6,3,2,2,2,9,0,2,8,4,2,10,2,7,1,1,0,1,15,21,8,9,1,4,0,0,1,1,15,15,7,4,8,2,21,13,2,5,40,40,29.0,32.0,11.0,8.0,6.0,11.0,357,588,306.0,527.0,189,313,117,214,31.0,18.0,6.0,3.0,1.56,1.3,1.53,1.24,0.03,0.06,1.56,1.3,1.25,0.25,1,1,5,2,2,1,0,4,2,6,0.797,0.8778,0.6194,0.099,0.0525,0.0148,0.0,0.1861,0.038,0.1255,8,11,1,1,1,2,0,0,0,0,0.5961,1.1948,0.797,0.0456,0.1138,0.0629,0.0,0.0,0.0,0.0,10,14,15.2,21.6
4535404,2024-12-01,ita,2024/2025,Serie A,14,Antonio Rapuano,9885,Juventus,9888,Lecce,0,1,1,62,38,14,10,3,6,2,2,9,2,2,0,4,8,10,2,7,2,1,1,1,0,21,15,9,8,4,1,0,0,1,1,15,15,4,7,2,8,13,21,5,2,40,40,32.0,29.0,8.0,11.0,11.0,6.0,588,357,527.0,306.0,313,189,214,117,18.0,31.0,3.0,6.0,1.3,1.56,1.24,1.53,0.06,0.03,1.3,1.56,0.25,1.25,1,1,2,5,1,2,4,0,6,2,0.8778,0.797,0.099,0.6194,0.0148,0.0525,0.1861,0.0,0.1255,0.038,11,8,1,1,2,1,0,0,0,0,1.1948,0.5961,0.0456,0.797,0.0629,0.1138,0.0,0.0,0.0,0.0,14,10,21.6,15.2
4535406,2024-12-01,ita,2024/2025,Serie A,14,Luca Zufferli,10167,Parma,8543,Lazio,1,3,1,28,72,12,23,4,8,6,9,2,6,0,0,7,15,5,8,4,10,2,5,0,4,16,39,17,13,4,3,0,0,0,2,20,18,13,9,8,2,41,3,5,1,60,52,39.0,37.0,21.0,15.0,6.0,4.0,232,560,157.0,489.0,76,227,81,262,15.0,32.0,1.0,11.0,1.55,2.6,1.4,2.05,0.14,0.55,1.55,2.6,1.64,2.1,1,1,6,11,0,3,2,4,3,4,0.0556,0.8054,1.2534,1.4689,0.0,0.1403,0.095,0.0834,0.0805,0.1012,7,15,2,0,3,6,0,2,0,0,0.7691,2.0502,0.599,0.0,0.1164,0.4407,0.0,0.1083,0.0,0.0,12,23,18.38,15.4
4535406,2024-12-01,ita,2024/2025,Serie A,14,Luca Zufferli,8543,Lazio,10167,Parma,0,1,3,72,28,23,12,8,4,9,6,6,2,0,0,15,7,8,5,10,4,5,2,4,0,39,16,13,17,3,4,0,0,2,0,18,20,9,13,2,8,3,41,1,5,52,60,37.0,39.0,15.0,21.0,4.0,6.0,560,232,489.0,157.0,227,76,262,81,32.0,15.0,11.0,1.0,2.6,1.55,2.05,1.4,0.55,0.14,2.6,1.55,2.1,1.64,1,1,11,6,3,0,4,2,4,3,0.8054,0.0556,1.4689,1.2534,0.1403,0.0,0.0834,0.095,0.1012,0.0805,15,7,0,2,6,3,2,0,0,0,2.0502,0.7691,0.0,0.599,0.4407,0.1164,0.1083,0.0,0.0,0.0,23,12,15.4,18.38
4535408,2024-12-01,ita,2024/2025,Serie A,14,Michael Fabbri,9804,Torino,9875,Napoli,1,0,1,48,52,5,16,1,6,2,6,2,4,0,0,3,13,2,3,4,7,2,2,2,2,9,29,15,9,4,1,0,0,1,4,16,8,13,9,3,2,14,23,5,1,34,47,30.0,29.0,4.0,18.0,7.0,7.0,450,486,372.0,423.0,189,253,183,170,20.0,23.0,3.0,7.0,0.26,1.41,0.25,0.94,0.02,0.47,0.26,1.41,0.37,1.27,0,1,2,10,1,2,1,3,1,0,0.0,0.241,0.1741,0.8762,0.0512,0.1509,0.0116,0.1439,0.021,0.0,4,12,0,0,1,3,0,1,0,0,0.2463,0.9422,0.0,0.0,0.0116,0.4407,0.0,0.029,0.0,0.0,5,16,17.84,12.99
4535408,2024-12-01,ita,2024/2025,Serie A,14,Michael Fabbri,9875,Napoli,9804,Torino,0,1,0,52,48,16,5,6,1,6,2,4,2,0,0,13,3,3,2,7,4,2,2,2,2,29,9,9,15,1,4,0,0,4,1,8,16,9,13,2,3,23,14,1,5,47,34,29.0,30.0,18.0,4.0,7.0,7.0,486,450,423.0,372.0,253,189,170,183,23.0,20.0,7.0,3.0,1.41,0.26,0.94,0.25,0.47,0.02,1.41,0.26,1.27,0.37,1,0,10,2,2,1,3,1,0,1,0.241,0.0,0.8762,0.1741,0.1509,0.0512,0.1439,0.0116,0.0,0.021,12,4,0,0,3,1,1,0,0,0,0.9422,0.2463,0.0,0.0,0.4407,0.0116,0.029,0.0,0.0,0.0,16,5,12.99,17.84
4535409,2024-12-01,ita,2024/2025,Serie A,14,Gianluca Aureliano,8600,Udinese,10233,Genoa,1,0,2,46,54,4,14,2,4,0,5,2,5,0,0,1,8,3,6,6,4,0,2,0,1,7,30,13,11,2,3,1,0,0,4,16,27,9,8,5,2,17,21,2,2,49,54,35.0,45.0,14.0,9.0,9.0,5.0,402,469,337.0,414.0,200,236,137,178,28.0,38.0,0.0,5.0,0.17,1.64,0.17,1.38,0.0,0.26,0.17,1.64,0.12,1.43,0,1,0,4,1,3,3,4,0,2,0.0,0.7316,0.0,0.4266,0.0203,0.1527,0.1462,0.2742,0.0,0.0537,4,9,0,1,0,0,0,4,0,0,0.1665,1.3297,0.0,0.0508,0.0,0.0,0.0,0.2584,0.0,0.0,4,14,20.94,17.85
4535409,2024-12-01,ita,2024/2025,Serie A,14,Gianluca Aureliano,10233,Genoa,8600,Udinese,0,2,0,54,46,14,4,4,2,5,0,5,2,0,0,8,1,6,3,4,6,2,0,1,0,30,7,11,13,3,2,0,1,4,0,27,16,8,9,2,5,21,17,2,2,54,49,45.0,35.0,9.0,14.0,5.0,9.0,469,402,414.0,337.0,236,200,178,137,38.0,28.0,5.0,0.0,1.64,0.17,1.38,0.17,0.26,0.0,1.64,0.17,1.43,0.12,1,0,4,0,3,1,4,3,2,0,0.7316,0.0,0.4266,0.0,0.1527,0.0203,0.2742,0.1462,0.0537,0.0,9,4,1,0,0,0,4,0,0,0,1.3297,0.1665,0.0508,0.0,0.0,0.0,0.2584,0.0,0.0,0.0,14,4,17.85,20.94
4535407,2024-12-02,ita,2024/2025,Serie A,14,Marco Guida,8686,Roma,8524,Atalanta,1,0,2,48,52,5,18,1,7,4,9,0,2,0,0,2,13,3,5,2,4,2,3,2,3,7,29,17,13,2,3,0,0,1,1,15,9,13,4,2,0,19,13,5,1,45,46,28.0,31.0,17.0,15.0,2.0,6.0,450,469,370.0,390.0,199,206,171,184,21.0,33.0,4.0,9.0,0.34,1.3,0.06,1.04,0.28,0.26,0.34,1.3,0.02,1.51,1,1,1,11,0,2,0,1,3,3,0.2789,0.0273,0.0844,1.0807,0.0,0.0465,0.0,0.0598,0.0612,0.09,4,14,0,0,0,2,1,2,0,0,0.1457,1.1023,0.0,0.0,0.0,0.0448,0.2789,0.1572,0.0,0.0,5,18,21.13,14.72
4535407,2024-12-02,ita,2024/2025,Serie A,14,Marco Guida,8524,Atalanta,8686,Roma,0,2,0,52,48,18,5,7,1,9,4,2,0,0,0,13,2,5,3,4,2,3,2,3,2,29,7,13,17,3,2,0,0,1,1,9,15,4,13,0,2,13,19,1,5,46,45,31.0,28.0,15.0,17.0,6.0,2.0,469,450,390.0,370.0,206,199,184,171,33.0,21.0,9.0,4.0,1.3,0.34,1.04,0.06,0.26,0.28,1.3,0.34,1.51,0.02,1,1,11,1,2,0,1,0,3,3,0.0273,0.2789,1.0807,0.0844,0.0465,0.0,0.0598,0.0,0.09,0.0612,14,4,0,0,2,0,2,1,0,0,1.1023,0.1457,0.0,0.0,0.0448,0.0,0.1572,0.2789,0.0,0.0,18,5,14.72,21.13
4535532,2024-12-06,ita,2024/2025,Serie A,15,Federico La Penna,8524,Atalanta,8564,Milan,1,2,1,52,48,17,6,8,2,4,3,5,1,0,0,14,5,3,1,7,0,4,1,2,0,27,10,14,13,2,0,0,0,0,2,11,11,11,9,1,4,4,21,1,6,33,42,28.0,35.0,5.0,7.0,4.0,10.0,486,476,430.0,419.0,181,279,249,140,21.0,17.0,4.0,0.0,2.11,0.62,1.26,0.61,0.85,0.01,2.11,0.62,1.99,0.28,5,2,6,1,3,2,2,1,1,0,0.9491,0.5457,0.9256,0.0658,0.1928,0.0986,0.0284,0.0109,0.0133,0.0,8,5,2,0,5,0,2,1,0,0,0.6959,0.7101,0.56,0.0,0.3515,0.0,0.5015,0.0109,0.0,0.0,17,6,14.21,15.51
4535532,2024-12-06,ita,2024/2025,Serie A,15,Federico La Penna,8564,Milan,8524,Atalanta,0,1,2,48,52,6,17,2,8,3,4,1,5,0,0,5,14,1,3,0,7,1,4,0,2,10,27,13,14,0,2,0,0,2,0,11,11,9,11,4,1,21,4,6,1,42,33,35.0,28.0,7.0,5.0,10.0,4.0,476,486,419.0,430.0,279,181,140,249,17.0,21.0,0.0,4.0,0.62,2.11,0.61,1.26,0.01,0.85,0.62,2.11,0.28,1.99,2,5,1,6,2,3,1,2,0,1,0.5457,0.9491,0.0658,0.9256,0.0986,0.1928,0.0109,0.0284,0.0,0.0133,5,8,0,2,0,5,1,2,0,0,0.7101,0.6959,0.0,0.56,0.0,0.3515,0.0109,0.5015,0.0,0.0,6,17,15.51,14.21
4535536,2024-12-06,ita,2024/2025,Serie A,15,Rosario Abisso,8636,Inter,10167,Parma,1,3,1,57,43,18,4,5,1,7,3,6,0,1,0,15,3,3,1,10,1,6,0,3,0,32,6,8,3,1,1,0,0,4,2,18,10,6,4,0,6,5,25,1,2,36,28,22.0,23.0,14.0,5.0,1.0,6.0,505,396,443.0,334.0,262,174,181,160,14.0,19.0,6.0,1.0,1.77,0.38,1.19,0.34,0.58,0.04,1.77,0.38,1.67,0.05,1,0,10,2,4,1,0,1,3,0,0.2387,0.0,1.3214,0.3132,0.1453,0.0278,0.0,0.0411,0.0646,0.0,11,1,0,2,6,0,1,1,0,0,1.1875,0.0278,0.0,0.3132,0.5397,0.0,0.0428,0.0411,0.0,0.0,18,4,14.49,18.88
4535536,2024-12-06,ita,2024/2025,Serie A,15,Rosario Abisso,10167,Parma,8636,Inter,0,1,3,43,57,4,18,1,5,3,7,0,6,0,1,3,15,1,3,1,10,0,6,0,3,6,32,3,8,1,1,0,0,2,4,10,18,4,6,6,0,25,5,2,1,28,36,23.0,22.0,5.0,14.0,6.0,1.0,396,505,334.0,443.0,174,262,160,181,19.0,14.0,1.0,6.0,0.38,1.77,0.34,1.19,0.04,0.58,0.38,1.77,0.05,1.67,0,1,2,10,1,4,1,0,0,3,0.0,0.2387,0.3132,1.3214,0.0278,0.1453,0.0411,0.0,0.0,0.0646,1,11,2,0,0,6,1,1,0,0,0.0278,1.1875,0.3132,0.0,0.0,0.5397,0.0411,0.0428,0.0,0.0,4,18,18.88,14.49
4535534,2024-12-07,ita,2024/2025,Serie A,15,Livio Marinelli,10233,Genoa,9804,Torino,1,0,0,52,48,5,10,1,3,3,4,1,3,0,1,2,5,3,5,4,4,0,1,0,1,19,16,12,15,2,1,0,0,1,0,20,19,7,5,3,1,38,17,3,1,60,47,39.0,32.0,21.0,15.0,6.0,3.0,433,393,346.0,299.0,257,155,89,144,19.0,22.0,3.0,5.0,0.57,0.59,0.57,0.55,0.0,0.03,0.57,0.59,0.19,0.08,0,1,2,2,0,2,3,4,0,1,0.0,0.2745,0.3878,0.1178,0.0,0.0674,0.1017,0.1079,0.0,0.0179,3,8,2,0,0,1,0,1,0,0,0.2696,0.5511,0.2198,0.0,0.0,0.0179,0.0,0.0165,0.0,0.0,5,10,20.22,18.65
4535534,2024-12-07,ita,2024/2025,Serie A,15,Livio Marinelli,9804,Torino,10233,Genoa,0,0,0,48,52,10,5,3,1,4,3,3,1,1,0,5,2,5,3,4,4,1,0,1,0,16,19,15,12,1,2,0,0,0,1,19,20,5,7,1,3,17,38,1,3,47,60,32.0,39.0,15.0,21.0,3.0,6.0,393,433,299.0,346.0,155,257,144,89,22.0,19.0,5.0,3.0,0.59,0.57,0.55,0.57,0.03,0.0,0.59,0.57,0.08,0.19,1,0,2,2,2,0,4,3,1,0,0.2745,0.0,0.1178,0.3878,0.0674,0.0,0.1079,0.1017,0.0179,0.0,8,3,0,2,1,0,1,0,0,0,0.5511,0.2696,0.0,0.2198,0.0179,0.0,0.0165,0.0,0.0,0.0,10,5,18.65,20.22
4535537,2024-12-07,ita,2024/2025,Serie A,15,Matteo Marchetti,9885,Juventus,9857,Bologna,1,2,2,54,46,10,10,3,4,3,4,4,2,0,1,7,5,3,5,1,4,1,1,0,0,22,18,18,14,3,4,0,0,0,0,21,19,6,16,2,3,12,18,2,1,54,57,43.0,44.0,11.0,13.0,8.0,8.0,439,368,354.0,285.0,209,137,145,148,18.0,29.0,1.0,3.0,1.01,0.93,0.91,0.81,0.1,0.12,1.01,0.93,1.79,0.7,0,0,3,2,4,3,2,4,1,1,0.0,0.0,0.5921,0.6365,0.2519,0.1524,0.1567,0.1007,0.0188,0.0394,8,6,1,0,0,3,1,1,0,0,0.805,0.8114,0.1153,0.0,0.0,0.0782,0.0992,0.0394,0.0,0.0,10,10,16.59,20.47
4535537,2024-12-07,ita,2024/2025,Serie A,15,Matteo Marchetti,9857,Bologna,9885,Juventus,0,2,2,46,54,10,10,4,3,4,3,2,4,1,0,5,7,5,3,4,1,1,1,0,0,18,22,14,18,4,3,0,0,0,0,19,21,16,6,3,2,18,12,1,2,57,54,44.0,43.0,13.0,11.0,8.0,8.0,368,439,285.0,354.0,137,209,148,145,29.0,18.0,3.0,1.0,0.93,1.01,0.81,0.91,0.12,0.1,0.93,1.01,0.7,1.79,0,0,2,3,3,4,4,2,1,1,0.0,0.0,0.6365,0.5921,0.1524,0.2519,0.1007,0.1567,0.0394,0.0188,6,8,0,1,3,0,1,1,0,0,0.8114,0.805,0.0,0.1153,0.0782,0.0,0.0394,0.0992,0.0,0.0,10,10,20.47,16.59
4535540,2024-12-07,ita,2024/2025,Serie A,15,Daniele Chiffi,8686,Roma,9888,Lecce,1,4,1,60,40,23,3,9,1,5,2,9,0,0,1,17,2,6,1,8,1,4,1,4,0,33,10,5,14,2,3,0,0,3,0,24,14,8,5,0,9,9,21,0,4,60,37,46.0,27.0,14.0,10.0,8.0,8.0,535,365,468.0,294.0,220,186,248,108,27.0,20.0,6.0,1.0,1.9,0.92,1.19,0.13,0.71,0.0,1.9,0.13,3.25,0.99,2,0,10,2,5,0,2,1,4,0,0.4854,0.0,1.1014,0.8629,0.2106,0.0,0.0287,0.0187,0.0721,0.0,12,2,1,0,7,0,3,0,0,1,1.0758,0.0932,0.1119,0.0,0.6481,0.0,0.0624,0.0,0.0,0.7884,23,3,16.78,17.91
4535540,2024-12-07,ita,2024/2025,Serie A,15,Daniele Chiffi,9888,Lecce,8686,Roma,0,1,4,40,60,3,23,1,9,2,5,0,9,1,0,2,17,1,6,1,8,1,4,0,4,10,33,14,5,3,2,0,0,0,3,14,24,5,8,9,0,21,9,4,0,37,60,27.0,46.0,10.0,14.0,8.0,8.0,365,535,294.0,468.0,186,220,108,248,20.0,27.0,1.0,6.0,0.92,1.9,0.13,1.19,0.0,0.71,0.13,1.9,0.99,3.25,0,2,2,10,0,5,1,2,0,4,0.0,0.4854,0.8629,1.1014,0.0,0.2106,0.0187,0.0287,0.0,0.0721,2,12,0,1,0,7,0,3,1,0,0.0932,1.0758,0.0,0.1119,0.0,0.6481,0.0,0.0624,0.7884,0.0,3,23,17.91,16.78
4535533,2024-12-08,ita,2024/2025,Serie A,15,Marco Piccinini,8535,Fiorentina,8529,Cagliari,1,1,0,49,51,8,8,3,1,3,3,2,4,0,0,4,7,4,1,6,4,0,1,0,1,24,17,9,20,3,2,0,0,1,3,16,15,13,10,3,2,23,24,1,2,50,53,43.0,36.0,7.0,17.0,7.0,12.0,429,435,339.0,361.0,192,242,147,119,18.0,14.0,4.0,6.0,0.32,0.8,0.28,0.67,0.05,0.13,0.32,0.8,0.87,0.32,0,1,0,6,4,0,3,1,1,0,0.0,0.2788,0.0,0.5485,0.1488,0.0,0.1376,0.0153,0.0384,0.0,6,5,0,0,1,1,1,2,0,0,0.2781,0.7078,0.0,0.0,0.0082,0.0818,0.0384,0.053,0.0,0.0,8,8,19.76,11.89
4535533,2024-12-08,ita,2024/2025,Serie A,15,Marco Piccinini,8529,Cagliari,8535,Fiorentina,0,0,1,51,49,8,8,1,3,3,3,4,2,0,0,7,4,1,4,4,6,1,0,1,0,17,24,20,9,2,3,0,0,3,1,15,16,10,13,2,3,24,23,2,1,53,50,36.0,43.0,17.0,7.0,12.0,7.0,435,429,361.0,339.0,242,192,119,147,14.0,18.0,6.0,4.0,0.8,0.32,0.67,0.28,0.13,0.05,0.8,0.32,0.32,0.87,1,0,6,0,0,4,1,3,0,1,0.2788,0.0,0.5485,0.0,0.0,0.1488,0.0153,0.1376,0.0,0.0384,5,6,0,0,1,1,2,1,0,0,0.7078,0.2781,0.0,0.0,0.0818,0.0082,0.053,0.0384,0.0,0.0,8,8,11.89,19.76
4535535,2024-12-08,ita,2024/2025,Serie A,15,Marco Di Bello,9876,Hellas Verona,8534,Empoli,1,1,4,50,50,12,15,3,5,8,8,1,2,0,0,9,9,3,6,5,8,1,1,1,1,21,18,15,16,2,2,0,0,0,0,13,13,7,8,2,1,23,22,1,2,54,45,33.0,30.0,21.0,15.0,5.0,5.0,442,442,363.0,344.0,208,201,155,143,24.0,24.0,6.0,3.0,0.94,1.31,0.62,1.07,0.32,0.24,0.94,1.31,0.81,1.12,1,1,6,4,2,4,2,6,1,0,0.1423,0.156,0.6537,0.769,0.1033,0.1755,0.0207,0.2054,0.0207,0.0,8,9,1,2,3,2,0,2,0,0,0.5961,0.9592,0.0207,0.109,0.3239,0.1844,0.0,0.0535,0.0,0.0,12,15,16.29,19.77
4535535,2024-12-08,ita,2024/2025,Serie A,15,Marco Di Bello,8534,Empoli,9876,Hellas Verona,0,4,1,50,50,15,12,5,3,8,8,2,1,0,0,9,9,6,3,8,5,1,1,1,1,18,21,16,15,2,2,0,0,0,0,13,13,8,7,1,2,22,23,2,1,45,54,30.0,33.0,15.0,21.0,5.0,5.0,442,442,344.0,363.0,201,208,143,155,24.0,24.0,3.0,6.0,1.31,0.94,1.07,0.62,0.24,0.32,1.31,0.94,1.12,0.81,1,1,4,6,4,2,6,2,0,1,0.156,0.1423,0.769,0.6537,0.1755,0.1033,0.2054,0.0207,0.0,0.0207,9,8,2,1,2,3,2,0,0,0,0.9592,0.5961,0.109,0.0207,0.1844,0.3239,0.0535,0.0,0.0,0.0,15,12,19.77,16.29
4535539,2024-12-08,ita,2024/2025,Serie A,15,Andrea Colombo,9875,Napoli,8543,Lazio,1,0,1,57,43,12,7,1,3,5,4,6,0,1,1,5,2,7,5,6,2,2,0,2,0,18,6,16,12,2,3,0,0,1,0,21,13,9,8,0,6,9,18,2,1,53,47,41.0,39.0,12.0,8.0,9.0,11.0,518,408,469.0,342.0,239,209,230,133,11.0,25.0,4.0,1.0,0.56,0.29,0.35,0.29,0.21,0.01,0.56,0.29,0.14,0.85,0,0,4,2,1,0,5,2,2,3,0.0,0.0,0.3303,0.1702,0.0202,0.0,0.175,0.0278,0.0333,0.0959,8,5,0,1,3,1,1,0,0,0,0.3452,0.1543,0.0,0.1345,0.1673,0.0051,0.0464,0.0,0.0,0.0,12,7,19.49,23.48
4535539,2024-12-08,ita,2024/2025,Serie A,15,Andrea Colombo,8543,Lazio,9875,Napoli,0,1,0,43,57,7,12,3,1,4,5,0,6,1,1,2,5,5,7,2,6,0,2,0,2,6,18,12,16,3,2,0,0,0,1,13,21,8,9,6,0,18,9,1,2,47,53,39.0,41.0,8.0,12.0,11.0,9.0,408,518,342.0,469.0,209,239,133,230,25.0,11.0,1.0,4.0,0.29,0.56,0.29,0.35,0.01,0.21,0.29,0.56,0.85,0.14,0,0,2,4,0,1,2,5,3,2,0.0,0.0,0.1702,0.3303,0.0,0.0202,0.0278,0.175,0.0959,0.0333,5,8,1,0,1,3,0,1,0,0,0.1543,0.3452,0.1345,0.0,0.0051,0.1673,0.0,0.0464,0.0,0.0,7,12,23.48,19.49
4535541,2024-12-08,ita,2024/2025,Serie A,15,Daniele Doveri,7881,Venezia,10171,Como,1,2,2,34,66,8,10,4,4,1,4,3,2,0,0,2,5,6,5,5,9,0,1,0,1,12,11,12,10,1,1,0,0,2,0,21,25,8,3,2,2,24,29,3,2,44,51,35.0,47.0,9.0,4.0,4.0,11.0,233,457,142.0,378.0,91,121,51,257,15.0,17.0,2.0,1.0,0.32,1.05,0.16,0.91,0.16,0.14,0.32,1.05,1.03,1.07,0,1,1,3,1,1,5,2,1,3,0.0,0.0374,0.1084,0.812,0.0476,0.068,0.1649,0.0675,0.0062,0.0612,3,5,1,2,1,2,3,1,0,0,0.1722,0.2369,0.0476,0.669,0.0062,0.1001,0.1011,0.0402,0.0,0.0,8,10,25.59,18.41
4535541,2024-12-08,ita,2024/2025,Serie A,15,Daniele Doveri,10171,Como,7881,Venezia,0,2,2,66,34,10,8,4,4,4,1,2,3,0,0,5,2,5,6,9,5,1,0,1,0,11,12,10,12,1,1,0,0,0,2,25,21,3,8,2,2,29,24,2,3,51,44,47.0,35.0,4.0,9.0,11.0,4.0,457,233,378.0,142.0,121,91,257,51,17.0,15.0,1.0,2.0,1.05,0.32,0.91,0.16,0.14,0.16,1.05,0.32,1.07,1.03,1,0,3,1,1,1,2,5,3,1,0.0374,0.0,0.812,0.1084,0.068,0.0476,0.0675,0.1649,0.0612,0.0062,5,3,2,1,2,1,1,3,0,0,0.2369,0.1722,0.669,0.0476,0.1001,0.0062,0.0402,0.1011,0.0,0.0,10,8,18.41,25.59
4535538,2024-12-09,ita,2024/2025,Serie A,15,Gianluca Manganiello,6504,Monza,8600,Udinese,1,1,2,67,33,27,10,4,3,11,5,12,2,1,0,19,10,8,0,10,1,2,1,2,0,41,23,12,16,1,2,0,0,2,1,21,23,6,9,2,12,7,47,1,3,59,69,41.0,39.0,18.0,30.0,6.0,5.0,537,281,460.0,197.0,192,130,268,67,28.0,17.0,8.0,4.0,1.32,1.22,1.15,1.06,0.16,0.16,1.32,1.22,0.71,1.16,0,1,13,7,6,2,7,0,1,0,0.0,0.2273,0.8514,0.7925,0.2231,0.1982,0.2187,0.0,0.0233,0.0,22,3,0,5,3,0,2,2,0,0,1.2168,0.3181,0.0,0.7447,0.0541,0.0,0.0456,0.1552,0.0,0.0,27,10,17.11,13.1
4535538,2024-12-09,ita,2024/2025,Serie A,15,Gianluca Manganiello,8600,Udinese,6504,Monza,0,2,1,33,67,10,27,3,4,5,11,2,12,0,1,10,19,0,8,1,10,1,2,0,2,23,41,16,12,2,1,0,0,1,2,23,21,9,6,12,2,47,7,3,1,69,59,39.0,41.0,30.0,18.0,5.0,6.0,281,537,197.0,460.0,130,192,67,268,17.0,28.0,4.0,8.0,1.22,1.32,1.06,1.15,0.16,0.16,1.22,1.32,1.16,0.71,1,0,7,13,2,6,0,7,0,1,0.2273,0.0,0.7925,0.8514,0.1982,0.2231,0.0,0.2187,0.0,0.0233,3,22,5,0,0,3,2,2,0,0,0.3181,1.2168,0.7447,0.0,0.0,0.0541,0.1552,0.0456,0.0,0.0,10,27,13.1,17.11
4535545,2024-12-13,ita,2024/2025,Serie A,16,Kevin Bonacina,8534,Empoli,9804,Torino,1,0,1,59,41,10,14,4,4,3,8,3,2,0,0,6,9,4,5,12,3,1,2,1,2,27,15,7,15,2,3,1,0,1,2,20,12,9,12,2,3,19,36,3,4,46,41,36.0,22.0,10.0,19.0,3.0,5.0,453,322,349.0,243.0,193,126,156,117,31.0,22.0,0.0,5.0,0.57,1.0,0.53,0.71,0.04,0.29,0.57,1.0,0.14,0.52,1,1,1,7,4,1,4,2,0,3,0.2118,0.2193,0.0679,0.6289,0.1564,0.0375,0.1296,0.0655,0.0,0.0466,8,11,1,1,0,2,1,0,0,0,0.5029,0.6831,0.0239,0.0288,0.0,0.2858,0.0389,0.0,0.0,0.0,10,14,19.48,19.07
4535545,2024-12-13,ita,2024/2025,Serie A,16,Kevin Bonacina,9804,Torino,8534,Empoli,0,1,0,41,59,14,10,4,4,8,3,2,3,0,0,9,6,5,4,3,12,2,1,2,1,15,27,15,7,3,2,0,1,2,1,12,20,12,9,3,2,36,19,4,3,41,46,22.0,36.0,19.0,10.0,5.0,3.0,322,453,243.0,349.0,126,193,117,156,22.0,31.0,5.0,0.0,1.0,0.57,0.71,0.53,0.29,0.04,1.0,0.57,0.52,0.14,1,1,7,1,1,4,2,4,3,0,0.2193,0.2118,0.6289,0.0679,0.0375,0.1564,0.0655,0.1296,0.0466,0.0,11,8,1,1,2,0,0,1,0,0,0.6831,0.5029,0.0288,0.0239,0.2858,0.0,0.0,0.0389,0.0,0.0,14,10,19.07,19.48
4535543,2024-12-14,ita,2024/2025,Serie A,16,Luca Pairetto,8529,Cagliari,8524,Atalanta,1,0,1,44,56,12,12,8,2,2,8,2,2,0,1,9,10,3,2,2,5,4,6,4,5,18,27,16,10,3,3,0,0,1,4,19,20,6,11,2,2,15,30,1,8,45,61,30.0,40.0,15.0,21.0,3.0,5.0,393,511,309.0,436.0,166,205,143,231,21.0,19.0,5.0,4.0,1.51,1.46,1.15,1.29,0.37,0.17,1.51,1.46,3.03,0.94,0,1,9,8,0,1,3,1,0,1,0.0,0.3344,1.5097,1.0858,0.0,0.0133,0.0833,0.0185,0.0,0.012,8,10,1,0,1,1,2,1,0,0,0.9771,1.2966,0.2508,0.0,0.0397,0.0828,0.3254,0.0847,0.0,0.0,12,12,13.0,13.46
4535543,2024-12-14,ita,2024/2025,Serie A,16,Luca Pairetto,8524,Atalanta,8529,Cagliari,0,1,0,56,44,12,12,2,8,8,2,2,2,1,0,10,9,2,3,5,2,6,4,5,4,27,18,10,16,3,3,0,0,4,1,20,19,11,6,2,2,30,15,8,1,61,45,40.0,30.0,21.0,15.0,5.0,3.0,511,393,436.0,309.0,205,166,231,143,19.0,21.0,4.0,5.0,1.46,1.51,1.29,1.15,0.17,0.37,1.46,1.51,0.94,3.03,1,0,8,9,1,0,1,3,1,0,0.3344,0.0,1.0858,1.5097,0.0133,0.0,0.0185,0.0833,0.012,0.0,10,8,0,1,1,1,1,2,0,0,1.2966,0.9771,0.0,0.2508,0.0828,0.0397,0.0847,0.3254,0.0,0.0,12,12,13.46,13.0
4535546,2024-12-14,ita,2024/2025,Serie A,16,Antonio Giua,9885,Juventus,7881,Venezia,1,2,2,69,31,12,8,4,2,6,2,2,4,0,1,9,6,3,2,7,4,2,1,0,0,26,13,9,8,1,3,0,0,2,0,6,12,5,4,4,2,12,21,0,3,30,28,20.0,25.0,10.0,3.0,7.0,6.0,681,305,620.0,256.0,304,165,316,91,32.0,16.0,3.0,3.0,2.19,0.59,0.29,0.45,1.11,0.14,1.4,0.59,1.96,0.33,2,0,3,5,4,1,3,1,0,1,1.0039,0.0,0.9135,0.3398,0.1595,0.0514,0.1138,0.0273,0.0,0.0287,7,6,0,0,3,1,1,1,1,0,0.2937,0.3692,0.0,0.0,1.0631,0.0658,0.0455,0.0123,0.7884,0.0,12,8,15.98,15.71
4535546,2024-12-14,ita,2024/2025,Serie A,16,Antonio Giua,7881,Venezia,9885,Juventus,0,2,2,31,69,8,12,2,4,2,6,4,2,1,0,6,9,2,3,4,7,1,2,0,0,13,26,8,9,3,1,0,0,0,2,12,6,4,5,2,4,21,12,3,0,28,30,25.0,20.0,3.0,10.0,6.0,7.0,305,681,256.0,620.0,165,304,91,316,16.0,32.0,3.0,3.0,0.59,2.19,0.45,0.29,0.14,1.11,0.59,1.4,0.33,1.96,0,2,5,3,1,4,1,3,1,0,0.0,1.0039,0.3398,0.9135,0.0514,0.1595,0.0273,0.1138,0.0287,0.0,6,7,0,0,1,3,1,1,0,1,0.3692,0.2937,0.0,0.0,0.0658,1.0631,0.0123,0.0455,0.0,0.7884,8,12,15.71,15.98
4535551,2024-12-14,ita,2024/2025,Serie A,16,Daniele Doveri,8600,Udinese,9875,Napoli,1,1,3,30,70,7,17,3,4,2,10,2,3,0,0,6,15,1,2,3,9,3,4,2,2,12,32,14,8,1,1,0,0,0,2,21,17,12,5,2,1,34,12,3,2,47,49,31.0,39.0,16.0,10.0,4.0,11.0,246,571,169.0,512.0,106,336,63,176,16.0,18.0,3.0,7.0,1.84,2.19,0.42,1.72,0.63,0.47,1.05,2.19,1.61,1.59,0,1,6,11,0,3,1,2,0,0,0.0,0.1807,1.6583,1.7853,0.0,0.1594,0.1811,0.0622,0.0,0.0,2,12,0,0,0,4,4,1,1,0,0.4214,1.7182,0.0,0.0,0.0,0.4412,0.6295,0.0283,0.7884,0.0,7,17,13.07,12.74
4535551,2024-12-14,ita,2024/2025,Serie A,16,Daniele Doveri,9875,Napoli,8600,Udinese,0,3,1,70,30,17,7,4,3,10,2,3,2,0,0,15,6,2,1,9,3,4,3,2,2,32,12,8,14,1,1,0,0,2,0,17,21,5,12,1,2,12,34,2,3,49,47,39.0,31.0,10.0,16.0,11.0,4.0,571,246,512.0,169.0,336,106,176,63,18.0,16.0,7.0,3.0,2.19,1.84,1.72,0.42,0.47,0.63,2.19,1.05,1.59,1.61,1,0,11,6,3,0,2,1,0,0,0.1807,0.0,1.7853,1.6583,0.1594,0.0,0.0622,0.1811,0.0,0.0,12,2,0,0,4,0,1,4,0,1,1.7182,0.4214,0.0,0.0,0.4412,0.0,0.0283,0.6295,0.0,0.7884,17,7,12.74,13.07
4535542,2024-12-15,ita,2024/2025,Serie A,16,Michael Fabbri,9857,Bologna,8535,Fiorentina,1,1,0,51,49,16,10,6,4,6,2,4,4,1,0,6,6,10,4,1,3,5,2,4,2,19,26,16,10,2,2,0,0,2,2,18,24,10,7,4,3,26,9,4,5,50,71,37.0,54.0,13.0,17.0,10.0,16.0,358,340,276.0,236.0,115,121,161,115,21.0,31.0,2.0,3.0,1.2,0.77,1.16,0.45,0.03,0.32,1.2,0.77,0.83,0.5,0,1,6,4,0,1,6,2,4,2,0.0,0.1411,0.9008,0.3336,0.0,0.1785,0.2031,0.2907,0.0935,0.0767,13,4,2,1,0,1,1,4,0,0,1.093,0.4292,0.0709,0.2692,0.0,0.1411,0.0335,0.181,0.0,0.0,16,10,19.9,17.01
4535542,2024-12-15,ita,2024/2025,Serie A,16,Michael Fabbri,8535,Fiorentina,9857,Bologna,0,0,1,49,51,10,16,4,6,2,6,4,4,0,1,6,6,4,10,3,1,2,5,2,4,26,19,10,16,2,2,0,0,2,2,24,18,7,10,3,4,9,26,5,4,71,50,54.0,37.0,17.0,13.0,16.0,10.0,340,358,236.0,276.0,121,115,115,161,31.0,21.0,3.0,2.0,0.77,1.2,0.45,1.16,0.32,0.03,0.77,1.2,0.5,0.83,1,0,4,6,1,0,2,6,2,4,0.1411,0.0,0.3336,0.9008,0.1785,0.0,0.2907,0.2031,0.0767,0.0935,4,13,1,2,1,0,4,1,0,0,0.4292,1.093,0.2692,0.0709,0.1411,0.0,0.181,0.0335,0.0,0.0,10,16,17.01,19.9
4535544,2024-12-15,ita,2024/2025,Serie A,16,Antonio Rapuano,10171,Como,8686,Roma,1,2,0,38,62,18,6,7,1,9,4,2,1,1,0,7,4,11,2,6,5,1,1,0,1,21,13,18,17,6,1,0,0,2,3,15,10,8,9,1,1,26,19,1,5,43,47,35.0,35.0,8.0,12.0,3.0,7.0,332,532,259.0,448.0,129,321,130,127,16.0,30.0,2.0,4.0,1.23,0.34,0.85,0.12,0.38,0.22,1.23,0.34,1.9,0.09,2,0,2,4,3,0,7,1,4,1,0.1628,0.0,0.6388,0.2742,0.1113,0.0,0.2317,0.0358,0.0864,0.0277,8,2,1,0,5,3,4,1,0,0,0.2465,0.1175,0.6077,0.0,0.1355,0.1844,0.2413,0.0358,0.0,0.0,18,6,21.2,16.89
4535544,2024-12-15,ita,2024/2025,Serie A,16,Antonio Rapuano,8686,Roma,10171,Como,0,0,2,62,38,6,18,1,7,4,9,1,2,0,1,4,7,2,11,5,6,1,1,1,0,13,21,17,18,1,6,0,0,3,2,10,15,9,8,1,1,19,26,5,1,47,43,35.0,35.0,12.0,8.0,7.0,3.0,532,332,448.0,259.0,321,129,127,130,30.0,16.0,4.0,2.0,0.34,1.23,0.12,0.85,0.22,0.38,0.34,1.23,0.09,1.9,0,2,4,2,0,3,1,7,1,4,0.0,0.1628,0.2742,0.6388,0.0,0.1113,0.0358,0.2317,0.0277,0.0864,2,8,0,1,3,5,1,4,0,0,0.1175,0.2465,0.0,0.6077,0.1844,0.1355,0.0358,0.2413,0.0,0.0,6,18,16.89,21.2
4535548,2024-12-15,ita,2024/2025,Serie A,16,Maurizio Mariani,9888,Lecce,6504,Monza,1,2,1,45,55,11,9,4,0,5,7,2,2,0,0,7,5,4,4,2,7,2,1,1,1,21,19,16,16,1,5,0,0,4,4,14,12,5,9,2,2,24,15,0,2,65,52,34.0,38.0,31.0,14.0,6.0,12.0,327,388,251.0,314.0,130,150,121,164,33.0,14.0,0.0,5.0,1.46,0.61,0.5,0.44,0.17,0.18,0.67,0.61,2.02,0.0,0,1,7,3,0,1,3,2,1,2,0.0,0.132,1.3201,0.3112,0.0,0.0739,0.0891,0.0406,0.0466,0.0569,7,3,0,2,0,2,3,2,1,0,0.4959,0.1726,0.0,0.264,0.0,0.1164,0.1715,0.0616,0.7884,0.0,11,9,17.19,18.8
4535548,2024-12-15,ita,2024/2025,Serie A,16,Maurizio Mariani,6504,Monza,9888,Lecce,0,1,2,55,45,9,11,0,4,7,5,2,2,0,0,5,7,4,4,7,2,1,2,1,1,19,21,16,16,5,1,0,0,4,4,12,14,9,5,2,2,15,24,2,0,52,65,38.0,34.0,14.0,31.0,12.0,6.0,388,327,314.0,251.0,150,130,164,121,14.0,33.0,5.0,0.0,0.61,1.46,0.44,0.5,0.18,0.17,0.61,0.67,0.0,2.02,1,0,3,7,1,0,2,3,2,1,0.132,0.0,0.3112,1.3201,0.0739,0.0,0.0406,0.0891,0.0569,0.0466,3,7,2,0,2,0,2,3,0,1,0.1726,0.4959,0.264,0.0,0.1164,0.0,0.0616,0.1715,0.0,0.7884,9,11,18.8,17.19
4535549,2024-12-15,ita,2024/2025,Serie A,16,Marco Guida,8564,Milan,10233,Genoa,1,0,0,57,43,22,5,4,0,8,3,10,2,1,0,14,0,8,5,9,2,1,0,1,0,31,10,11,12,0,2,0,0,3,2,12,29,4,8,1,10,19,31,0,5,50,62,35.0,45.0,15.0,17.0,13.0,6.0,528,412,480.0,341.0,227,221,253,120,20.0,14.0,8.0,2.0,1.11,0.28,1.01,0.14,0.11,0.14,1.11,0.28,0.95,0.0,0,0,8,0,6,0,4,5,4,0,0.0,0.0,0.8275,0.0,0.1162,0.0,0.1108,0.2789,0.0589,0.0,16,3,2,1,2,0,2,1,0,0,0.7755,0.1323,0.2299,0.0115,0.0711,0.0,0.0369,0.1351,0.0,0.0,22,5,19.59,30.23
4535549,2024-12-15,ita,2024/2025,Serie A,16,Marco Guida,10233,Genoa,8564,Milan,0,0,0,43,57,5,22,0,4,3,8,2,10,0,1,0,14,5,8,2,9,0,1,0,1,10,31,12,11,2,0,0,0,2,3,29,12,8,4,10,1,31,19,5,0,62,50,45.0,35.0,17.0,15.0,6.0,13.0,412,528,341.0,480.0,221,227,120,253,14.0,20.0,2.0,8.0,0.28,1.11,0.14,1.01,0.14,0.11,0.28,1.11,0.0,0.95,0,0,0,8,0,6,5,4,0,4,0.0,0.0,0.0,0.8275,0.0,0.1162,0.2789,0.1108,0.0,0.0589,3,16,1,2,0,2,1,2,0,0,0.1323,0.7755,0.0115,0.2299,0.0,0.0711,0.1351,0.0369,0.0,0.0,5,22,30.23,19.59
4535550,2024-12-15,ita,2024/2025,Serie A,16,Simone Sozza,10167,Parma,9876,Hellas Verona,1,2,3,55,45,19,17,8,6,6,9,5,2,0,0,11,13,8,4,5,2,3,8,2,5,25,21,5,16,1,3,0,0,1,1,14,19,6,9,2,6,11,23,3,5,56,54,37.0,30.0,19.0,24.0,8.0,6.0,466,385,378.0,291.0,195,135,183,156,20.0,27.0,3.0,3.0,1.92,2.57,1.27,2.39,0.65,0.18,1.92,2.57,1.61,2.15,2,1,6,11,3,1,6,0,2,4,0.6292,0.5606,0.8209,1.8892,0.2216,0.0365,0.2262,0.0,0.0357,0.1323,13,11,0,2,4,2,2,2,0,0,1.2656,1.6075,0.0,0.83,0.5237,0.1088,0.1443,0.0723,0.0,0.0,19,17,16.49,15.07
4535550,2024-12-15,ita,2024/2025,Serie A,16,Simone Sozza,9876,Hellas Verona,10167,Parma,0,3,2,45,55,17,19,6,8,9,6,2,5,0,0,13,11,4,8,2,5,8,3,5,2,21,25,16,5,3,1,0,0,1,1,19,14,9,6,6,2,23,11,5,3,54,56,30.0,37.0,24.0,19.0,6.0,8.0,385,466,291.0,378.0,135,195,156,183,27.0,20.0,3.0,3.0,2.57,1.92,2.39,1.27,0.18,0.65,2.57,1.92,2.15,1.61,1,2,11,6,1,3,0,6,4,2,0.5606,0.6292,1.8892,0.8209,0.0365,0.2216,0.0,0.2262,0.1323,0.0357,11,13,2,0,2,4,2,2,0,0,1.6075,1.2656,0.83,0.0,0.1088,0.5237,0.0723,0.1443,0.0,0.0,17,19,15.07,16.49
4535547,2024-12-16,ita,2024/2025,Serie A,16,Daniele Chiffi,8543,Lazio,8636,Inter,1,0,6,52,48,9,12,2,7,4,1,3,4,0,0,5,8,4,4,4,2,1,5,1,0,18,16,7,14,2,4,0,0,1,0,10,9,8,8,3,3,4,19,1,2,43,36,36.0,24.0,7.0,12.0,14.0,9.0,482,459,419.0,398.0,210,283,209,115,25.0,32.0,2.0,5.0,0.41,2.14,0.41,1.21,0.0,0.14,0.41,1.35,0.17,2.72,0,1,3,6,2,1,3,1,1,3,0.0,0.2675,0.2511,1.7363,0.0424,0.0243,0.1046,0.0486,0.0116,0.064,9,9,0,0,0,1,0,1,0,1,0.4096,1.2085,0.0,0.0,0.0,0.1076,0.0,0.0362,0.0,0.7884,9,12,19.0,16.72
4535547,2024-12-16,ita,2024/2025,Serie A,16,Daniele Chiffi,8636,Inter,8543,Lazio,0,6,0,48,52,12,9,7,2,1,4,4,3,0,0,8,5,4,4,2,4,5,1,0,1,16,18,14,7,4,2,0,0,0,1,9,10,8,8,3,3,19,4,2,1,36,43,24.0,36.0,12.0,7.0,9.0,14.0,459,482,398.0,419.0,283,210,115,209,32.0,25.0,5.0,2.0,2.14,0.41,1.21,0.41,0.14,0.0,1.35,0.41,2.72,0.17,1,0,6,3,1,2,1,3,3,1,0.2675,0.0,1.7363,0.2511,0.0243,0.0424,0.0486,0.1046,0.064,0.0116,9,9,0,0,1,0,1,0,1,0,1.2085,0.4096,0.0,0.0,0.1076,0.0,0.0362,0.0,0.7884,0.0,12,9,16.72,19.0
4535555,2024-12-20,ita,2024/2025,Serie A,17,Livio Marinelli,9876,Hellas Verona,8564,Milan,1,0,1,35,65,10,14,2,6,7,1,1,7,0,0,6,5,4,9,3,8,1,2,1,1,12,15,21,9,1,1,0,0,0,2,15,11,11,6,7,1,21,22,5,2,38,57,28.0,43.0,10.0,14.0,4.0,12.0,290,552,224.0,489.0,89,285,135,204,19.0,15.0,4.0,1.0,0.68,0.81,0.68,0.55,0.0,0.26,0.68,0.81,0.36,1.3,2,1,1,2,3,2,2,7,2,2,0.2649,0.1304,0.1449,0.2056,0.1492,0.0468,0.0832,0.3901,0.0372,0.0358,9,10,1,0,0,4,0,0,0,0,0.613,0.5489,0.0664,0.0,0.0,0.2598,0.0,0.0,0.0,0.0,10,14,19.5,19.68
4535555,2024-12-20,ita,2024/2025,Serie A,17,Livio Marinelli,8564,Milan,9876,Hellas Verona,0,1,0,65,35,14,10,6,2,1,7,7,1,0,0,5,6,9,4,8,3,2,1,1,1,15,12,9,21,1,1,0,0,2,0,11,15,6,11,1,7,22,21,2,5,57,38,43.0,28.0,14.0,10.0,12.0,4.0,552,290,489.0,224.0,285,89,204,135,15.0,19.0,1.0,4.0,0.81,0.68,0.55,0.68,0.26,0.0,0.81,0.68,1.3,0.36,1,2,2,1,2,3,7,2,2,2,0.1304,0.2649,0.2056,0.1449,0.0468,0.1492,0.3901,0.0832,0.0358,0.0372,10,9,0,1,4,0,0,0,0,0,0.5489,0.613,0.0,0.0664,0.2598,0.0,0.0,0.0,0.0,0.0,14,10,19.68,19.5
4535554,2024-12-21,ita,2024/2025,Serie A,17,Federico La Penna,10233,Genoa,9875,Napoli,1,1,2,39,61,11,12,3,2,6,7,2,3,1,1,9,9,2,3,5,6,0,2,0,2,18,25,8,8,2,1,0,0,0,2,21,12,15,8,3,2,15,21,0,2,49,46,31.0,28.0,18.0,18.0,4.0,8.0,369,594,297.0,524.0,192,310,105,214,12.0,27.0,7.0,4.0,0.96,1.29,0.65,1.04,0.31,0.25,0.96,1.29,0.68,1.74,1,3,7,1,1,5,2,1,0,2,0.085,0.8075,0.8359,0.1166,0.0402,0.2896,0.0916,0.0246,0.0,0.051,6,8,1,1,3,2,1,1,0,0,0.644,0.9638,0.0964,0.0738,0.2541,0.0466,0.0581,0.2051,0.0,0.0,11,12,12.15,15.39
4535554,2024-12-21,ita,2024/2025,Serie A,17,Federico La Penna,9875,Napoli,10233,Genoa,0,2,1,61,39,12,11,2,3,7,6,3,2,1,1,9,9,3,2,6,5,2,0,2,0,25,18,8,8,1,2,0,0,2,0,12,21,8,15,2,3,21,15,2,0,46,49,28.0,31.0,18.0,18.0,8.0,4.0,594,369,524.0,297.0,310,192,214,105,27.0,12.0,4.0,7.0,1.29,0.96,1.04,0.65,0.25,0.31,1.29,0.96,1.74,0.68,3,1,1,7,5,1,1,2,2,0,0.8075,0.085,0.1166,0.8359,0.2896,0.0402,0.0246,0.0916,0.051,0.0,8,6,1,1,2,3,1,1,0,0,0.9638,0.644,0.0738,0.0964,0.0466,0.2541,0.2051,0.0581,0.0,0.0,12,11,15.39,12.15
4535557,2024-12-21,ita,2024/2025,Serie A,17,Gianluca Manganiello,9888,Lecce,8543,Lazio,1,1,2,40,60,11,13,2,7,4,3,5,3,1,0,5,8,6,5,6,6,2,3,2,2,12,28,13,12,3,2,1,0,1,1,20,17,6,13,3,5,29,22,4,1,46,56,37.0,39.0,9.0,17.0,6.0,11.0,355,523,273.0,458.0,154,162,119,296,22.0,22.0,3.0,3.0,0.71,1.85,0.09,0.95,0.62,0.12,0.71,1.07,0.09,2.3,1,1,3,6,1,1,6,4,0,1,0.2645,0.2764,0.3377,1.2923,0.0503,0.1125,0.1195,0.1857,0.0,0.0181,3,8,0,2,3,1,5,1,0,1,0.0863,0.7867,0.0,0.194,0.0872,0.0497,0.5984,0.0662,0.0,0.7884,11,13,18.77,16.75
4535557,2024-12-21,ita,2024/2025,Serie A,17,Gianluca Manganiello,8543,Lazio,9888,Lecce,0,2,1,60,40,13,11,7,2,3,4,3,5,0,1,8,5,5,6,6,6,3,2,2,2,28,12,12,13,2,3,0,1,1,1,17,20,13,6,5,3,22,29,1,4,56,46,39.0,37.0,17.0,9.0,11.0,6.0,523,355,458.0,273.0,162,154,296,119,22.0,22.0,3.0,3.0,1.85,0.71,0.95,0.09,0.12,0.62,1.07,0.71,2.3,0.09,1,1,6,3,1,1,4,6,1,0,0.2764,0.2645,1.2923,0.3377,0.1125,0.0503,0.1857,0.1195,0.0181,0.0,8,3,2,0,1,3,1,5,1,0,0.7867,0.0863,0.194,0.0,0.0497,0.0872,0.0662,0.5984,0.7884,0.0,13,11,16.75,18.77
4535560,2024-12-21,ita,2024/2025,Serie A,17,Marco Piccinini,9804,Torino,9857,Bologna,1,0,2,42,58,6,8,0,5,2,2,4,1,0,1,4,6,2,2,4,0,0,3,0,2,18,18,11,17,0,2,0,0,1,1,15,13,9,6,1,4,17,23,3,0,48,42,36.0,28.0,12.0,14.0,7.0,4.0,366,520,278.0,448.0,175,240,103,208,21.0,24.0,5.0,4.0,0.27,1.75,0.17,0.81,0.09,0.15,0.27,0.96,0.0,2.39,2,1,2,4,0,1,1,1,1,1,0.0791,0.7242,0.1409,1.0041,0.0,0.0417,0.0124,0.0599,0.0339,0.0108,2,3,1,1,2,0,1,3,0,1,0.1409,0.7705,0.0339,0.0417,0.0605,0.0,0.031,0.2401,0.0,0.7884,6,8,16.96,15.51
4535560,2024-12-21,ita,2024/2025,Serie A,17,Marco Piccinini,9857,Bologna,9804,Torino,0,2,0,58,42,8,6,5,0,2,2,1,4,1,0,6,4,2,2,0,4,3,0,2,0,18,18,17,11,2,0,0,0,1,1,13,15,6,9,4,1,23,17,0,3,42,48,28.0,36.0,14.0,12.0,4.0,7.0,520,366,448.0,278.0,240,175,208,103,24.0,21.0,4.0,5.0,1.75,0.27,0.81,0.17,0.15,0.09,0.96,0.27,2.39,0.0,1,2,4,2,1,0,1,1,1,1,0.7242,0.0791,1.0041,0.1409,0.0417,0.0,0.0599,0.0124,0.0108,0.0339,3,2,1,1,0,2,3,1,1,0,0.7705,0.1409,0.0417,0.0339,0.0,0.0605,0.2401,0.031,0.7884,0.0,8,6,15.51,16.96
4535552,2024-12-22,ita,2024/2025,Serie A,17,Ermanno Feliciani,8524,Atalanta,8534,Empoli,1,3,2,65,35,16,7,7,3,6,2,3,2,2,0,14,4,2,3,6,3,3,2,2,1,26,13,11,15,1,1,0,0,1,1,13,20,6,4,2,4,9,29,1,3,50,40,35.0,30.0,15.0,10.0,8.0,2.0,572,318,504.0,240.0,252,134,252,106,17.0,21.0,9.0,1.0,1.35,1.32,0.62,0.16,0.73,0.37,1.35,0.53,3.43,1.84,2,0,9,4,3,0,2,3,0,0,0.112,0.0,1.0404,1.1875,0.1462,0.0,0.0644,0.0974,0.0,0.0,8,4,0,0,4,1,4,1,0,1,0.6212,0.1584,0.0,0.0,0.4107,0.0289,0.3312,0.3091,0.0,0.7884,16,7,11.65,18.18
4535552,2024-12-22,ita,2024/2025,Serie A,17,Ermanno Feliciani,8534,Empoli,8524,Atalanta,0,2,3,35,65,7,16,3,7,2,6,2,3,0,2,4,14,3,2,3,6,2,3,1,2,13,26,15,11,1,1,0,0,1,1,20,13,4,6,4,2,29,9,3,1,40,50,30.0,35.0,10.0,15.0,2.0,8.0,318,572,240.0,504.0,134,252,106,252,21.0,17.0,1.0,9.0,1.32,1.35,0.16,0.62,0.37,0.73,0.53,1.35,1.84,3.43,0,2,4,9,0,3,3,2,0,0,0.0,0.112,1.1875,1.0404,0.0,0.1462,0.0974,0.0644,0.0,0.0,4,8,0,0,1,4,1,4,1,0,0.1584,0.6212,0.0,0.0,0.0289,0.4107,0.3091,0.3312,0.7884,0.0,7,16,18.18,11.65
4535558,2024-12-22,ita,2024/2025,Serie A,17,Davide Massa,6504,Monza,9885,Juventus,1,1,2,45,55,17,16,5,9,7,4,5,3,0,0,11,12,6,4,3,7,1,4,0,2,24,28,7,13,1,1,0,0,0,0,18,7,5,6,3,5,25,19,7,4,59,31,41.0,19.0,18.0,12.0,12.0,5.0,436,531,369.0,469.0,187,189,182,280,22.0,30.0,2.0,5.0,1.34,1.81,1.31,0.87,0.03,0.94,1.34,1.81,1.05,2.63,0,5,6,2,5,5,5,3,1,1,0.0,1.2723,0.8736,0.2843,0.1776,0.1323,0.2666,0.1099,0.0208,0.0151,14,10,1,2,2,3,0,1,0,0,1.2173,0.8014,0.0895,0.0682,0.0318,0.9363,0.0,0.008,0.0,0.0,17,16,17.27,14.87
4535558,2024-12-22,ita,2024/2025,Serie A,17,Davide Massa,9885,Juventus,6504,Monza,0,2,1,55,45,16,17,9,5,4,7,3,5,0,0,12,11,4,6,7,3,4,1,2,0,28,24,13,7,1,1,0,0,0,0,7,18,6,5,5,3,19,25,4,7,31,59,19.0,41.0,12.0,18.0,5.0,12.0,531,436,469.0,369.0,189,187,280,182,30.0,22.0,5.0,2.0,1.81,1.34,0.87,1.31,0.94,0.03,1.81,1.34,2.63,1.05,5,0,2,6,5,5,3,5,1,1,1.2723,0.0,0.2843,0.8736,0.1323,0.1776,0.1099,0.2666,0.0151,0.0208,10,14,2,1,3,2,1,0,0,0,0.8014,1.2173,0.0682,0.0895,0.9363,0.0318,0.008,0.0,0.0,0.0,16,17,14.87,17.27
4535559,2024-12-22,ita,2024/2025,Serie A,17,Marco Di Bello,8686,Roma,10167,Parma,1,5,0,59,41,19,9,9,3,7,5,3,1,0,2,18,1,1,8,5,2,7,1,3,1,46,10,10,9,1,2,0,0,4,0,13,8,9,4,1,2,10,20,3,4,34,28,29.0,23.0,5.0,5.0,7.0,6.0,552,383,494.0,324.0,250,167,244,157,25.0,19.0,5.0,0.0,5.44,0.39,3.76,0.38,0.1,0.01,3.87,0.39,4.21,0.95,2,1,13,0,3,0,1,6,0,2,1.8221,0.1507,3.4346,0.0,0.1464,0.0,0.0393,0.2063,0.0,0.0322,14,7,1,1,1,0,1,1,2,0,3.6956,0.3352,0.0682,0.0406,0.0624,0.0,0.0393,0.0135,1.5768,0.0,19,9,11.86,24.63
4535559,2024-12-22,ita,2024/2025,Serie A,17,Marco Di Bello,10167,Parma,8686,Roma,0,0,5,41,59,9,19,3,9,5,7,1,3,2,0,1,18,8,1,2,5,1,7,1,3,10,46,9,10,2,1,0,0,0,4,8,13,4,9,2,1,20,10,4,3,28,34,23.0,29.0,5.0,5.0,6.0,7.0,383,552,324.0,494.0,167,250,157,244,19.0,25.0,0.0,5.0,0.39,5.44,0.38,3.76,0.01,0.1,0.39,3.87,0.95,4.21,1,2,0,13,0,3,6,1,2,0,0.1507,1.8221,0.0,3.4346,0.0,0.1464,0.2063,0.0393,0.0322,0.0,7,14,1,1,0,1,1,1,0,2,0.3352,3.6956,0.0406,0.0682,0.0,0.0624,0.0135,0.0393,0.0,1.5768,9,19,24.63,11.86
4535561,2024-12-22,ita,2024/2025,Serie A,17,Marco Guida,7881,Venezia,8529,Cagliari,1,2,1,32,68,12,14,6,7,4,6,2,1,0,0,6,11,6,3,4,8,3,5,1,4,15,21,6,11,1,2,0,0,4,3,12,18,9,6,1,2,33,17,6,4,38,50,23.0,31.0,15.0,19.0,2.0,7.0,263,557,181.0,454.0,108,227,73,227,16.0,23.0,1.0,6.0,1.74,2.06,1.32,1.29,0.41,0.77,1.74,2.06,2.13,3.04,0,3,4,7,2,1,5,1,1,2,0.0,1.1251,1.2701,0.8782,0.0587,0.016,0.156,0.0707,0.0203,0.0317,11,7,0,0,0,4,1,3,0,0,1.1759,1.2947,0.0,0.0,0.0,0.1073,0.3292,0.7196,0.0,0.0,12,14,19.35,12.34
4535561,2024-12-22,ita,2024/2025,Serie A,17,Marco Guida,8529,Cagliari,7881,Venezia,0,1,2,68,32,14,12,7,6,6,4,1,2,0,0,11,6,3,6,8,4,5,3,4,1,21,15,11,6,2,1,0,0,3,4,18,12,6,9,2,1,17,33,4,6,50,38,31.0,23.0,19.0,15.0,7.0,2.0,557,263,454.0,181.0,227,108,227,73,23.0,16.0,6.0,1.0,2.06,1.74,1.29,1.32,0.77,0.41,2.06,1.74,3.04,2.13,3,0,7,4,1,2,1,5,2,1,1.1251,0.0,0.8782,1.2701,0.016,0.0587,0.0707,0.156,0.0317,0.0203,7,11,0,0,4,0,3,1,0,0,1.2947,1.1759,0.0,0.0,0.1073,0.0,0.7196,0.3292,0.0,0.0,14,12,12.34,19.35
4535553,2024-12-23,ita,2024/2025,Serie A,17,Matteo Marcenaro,8535,Fiorentina,8600,Udinese,1,1,2,51,49,15,11,3,4,7,6,5,1,1,1,12,6,3,5,10,2,1,1,0,1,20,21,10,14,2,5,0,0,5,1,9,14,8,2,1,4,25,35,2,2,40,42,30.0,28.0,10.0,14.0,7.0,4.0,376,391,306.0,312.0,173,166,133,146,21.0,28.0,2.0,3.0,2.15,0.88,0.91,0.55,0.45,0.34,1.37,0.88,1.19,1.29,2,1,7,4,3,1,2,2,1,3,0.3004,0.2107,1.666,0.4005,0.1014,0.0823,0.0665,0.067,0.0208,0.123,7,6,3,0,4,2,0,3,1,0,0.5275,0.5477,0.3863,0.0,0.4528,0.1251,0.0,0.2107,0.7884,0.0,15,11,15.27,17.18
4535553,2024-12-23,ita,2024/2025,Serie A,17,Matteo Marcenaro,8600,Udinese,8535,Fiorentina,0,2,1,49,51,11,15,4,3,6,7,1,5,1,1,6,12,5,3,2,10,1,1,1,0,21,20,14,10,5,2,0,0,1,5,14,9,2,8,4,1,35,25,2,2,42,40,28.0,30.0,14.0,10.0,4.0,7.0,391,376,312.0,306.0,166,173,146,133,28.0,21.0,3.0,2.0,0.88,2.15,0.55,0.91,0.34,0.45,0.88,1.37,1.29,1.19,1,2,4,7,1,3,2,2,3,1,0.2107,0.3004,0.4005,1.666,0.0823,0.1014,0.067,0.0665,0.123,0.0208,6,7,0,3,2,4,3,0,0,1,0.5477,0.5275,0.0,0.3863,0.1251,0.4528,0.2107,0.0,0.0,0.7884,11,15,17.18,15.27
4535556,2024-12-23,ita,2024/2025,Serie A,17,Antonio Giua,8636,Inter,10171,Como,1,2,0,62,38,17,8,5,4,6,2,6,2,0,0,14,5,3,3,7,1,3,0,2,0,33,17,13,15,2,2,0,0,2,5,19,18,6,8,2,5,11,28,4,3,49,52,35.0,36.0,14.0,16.0,2.0,5.0,514,308,452.0,248.0,265,136,187,112,20.0,10.0,6.0,4.0,1.56,0.33,1.2,0.23,0.36,0.1,1.56,0.33,1.73,0.42,1,0,12,4,1,1,3,2,0,1,0.1496,0.0,1.3062,0.1961,0.0539,0.0307,0.122,0.0467,0.0,0.0594,12,3,2,2,3,1,0,2,0,0,1.181,0.1399,0.0902,0.0901,0.3604,0.0436,0.0,0.0593,0.0,0.0,17,8,13.97,18.5
4535556,2024-12-23,ita,2024/2025,Serie A,17,Antonio Giua,10171,Como,8636,Inter,0,0,2,38,62,8,17,4,5,2,6,2,6,0,0,5,14,3,3,1,7,0,3,0,2,17,33,15,13,2,2,0,0,5,2,18,19,8,6,5,2,28,11,3,4,52,49,36.0,35.0,16.0,14.0,5.0,2.0,308,514,248.0,452.0,136,265,112,187,10.0,20.0,4.0,6.0,0.33,1.56,0.23,1.2,0.1,0.36,0.33,1.56,0.42,1.73,0,1,4,12,1,1,2,3,1,0,0.0,0.1496,0.1961,1.3062,0.0307,0.0539,0.0467,0.122,0.0594,0.0,3,12,2,2,1,3,2,0,0,0,0.1399,1.181,0.0901,0.0902,0.0436,0.3604,0.0593,0.0,0.0,0.0,8,17,18.5,13.97
4535563,2024-12-28,ita,2024/2025,Serie A,18,Daniele Doveri,8529,Cagliari,8636,Inter,1,0,3,34,66,5,20,1,5,2,9,2,6,0,0,3,13,2,7,5,7,0,3,0,1,9,30,14,5,0,0,0,0,3,6,9,8,5,7,4,2,21,14,2,1,35,46,21.0,20.0,14.0,26.0,7.0,1.0,291,574,212.0,502.0,112,289,100,213,19.0,29.0,3.0,9.0,0.31,3.52,0.1,0.57,0.21,2.16,0.31,2.73,0.08,2.12,1,5,1,8,1,0,1,7,1,0,0.1996,1.6461,0.0289,1.5628,0.0515,0.0,0.0196,0.3064,0.0088,0.0,2,6,1,1,2,9,0,3,0,1,0.0486,0.5118,0.0515,0.0552,0.2083,1.2328,0.0,0.927,0.0,0.7884,5,20,16.43,13.78
4535563,2024-12-28,ita,2024/2025,Serie A,18,Daniele Doveri,8636,Inter,8529,Cagliari,0,3,0,66,34,20,5,5,1,9,2,6,2,0,0,13,3,7,2,7,5,3,0,1,0,30,9,5,14,0,0,0,0,6,3,8,9,7,5,2,4,14,21,1,2,46,35,20.0,21.0,26.0,14.0,1.0,7.0,574,291,502.0,212.0,289,112,213,100,29.0,19.0,9.0,3.0,3.52,0.31,0.57,0.1,2.16,0.21,2.73,0.31,2.12,0.08,5,1,8,1,0,1,7,1,0,1,1.6461,0.1996,1.5628,0.0289,0.0,0.0515,0.3064,0.0196,0.0,0.0088,6,2,1,1,9,2,3,0,1,0,0.5118,0.0486,0.0552,0.0515,1.2328,0.2083,0.927,0.0,0.7884,0.0,20,5,13.78,16.43
4535565,2024-12-28,ita,2024/2025,Serie A,18,Antonio Rapuano,8534,Empoli,10233,Genoa,1,1,2,59,41,12,14,8,5,3,5,1,4,1,0,5,9,7,5,7,4,2,3,1,1,31,18,16,13,1,2,0,0,2,1,23,15,10,13,4,1,27,33,3,7,58,60,42.0,36.0,16.0,24.0,7.0,6.0,451,316,362.0,228.0,225,132,137,96,34.0,30.0,4.0,4.0,1.34,1.77,0.46,1.61,0.09,0.17,0.55,1.77,2.25,2.23,0,1,5,8,0,0,5,5,2,0,0.0,0.8213,1.0531,0.7528,0.0,0.0,0.2288,0.199,0.0566,0.0,7,6,2,2,1,1,1,5,1,0,0.3407,1.4004,0.1188,0.2076,0.0523,0.0088,0.0383,0.1563,0.7884,0.0,12,14,20.1,16.08
4535565,2024-12-28,ita,2024/2025,Serie A,18,Antonio Rapuano,10233,Genoa,8534,Empoli,0,2,1,41,59,14,12,5,8,5,3,4,1,0,1,9,5,5,7,4,7,3,2,1,1,18,31,13,16,2,1,0,0,1,2,15,23,13,10,1,4,33,27,7,3,60,58,36.0,42.0,24.0,16.0,6.0,7.0,316,451,228.0,362.0,132,225,96,137,30.0,34.0,4.0,4.0,1.77,1.34,1.61,0.46,0.17,0.09,1.77,0.55,2.23,2.25,1,0,8,5,0,0,5,5,0,2,0.8213,0.0,0.7528,1.0531,0.0,0.0,0.199,0.2288,0.0,0.0566,6,7,2,2,1,1,5,1,0,1,1.4004,0.3407,0.2076,0.1188,0.0088,0.0523,0.1563,0.0383,0.0,0.7884,14,12,16.08,20.1
4535567,2024-12-28,ita,2024/2025,Serie A,18,Davide Massa,8543,Lazio,8524,Atalanta,1,1,1,40,60,11,14,5,4,5,9,1,1,1,2,2,13,9,1,2,7,2,6,1,5,9,24,6,11,2,3,0,0,0,3,16,14,13,8,2,1,24,12,2,4,40,39,32.0,27.0,8.0,12.0,5.0,7.0,368,539,293.0,461.0,166,239,127,222,30.0,25.0,2.0,6.0,0.62,2.81,0.58,2.17,0.05,0.65,0.62,2.81,0.74,1.45,0,6,1,4,1,3,8,1,1,0,0.0,2.5554,0.2947,0.2016,0.0356,0.0868,0.2843,0.0326,0.0073,0.0,9,10,0,0,0,4,2,0,0,0,0.5762,2.1677,0.0,0.0,0.0,0.7087,0.0457,0.0,0.0,0.0,11,14,25.23,11.07
4535567,2024-12-28,ita,2024/2025,Serie A,18,Davide Massa,8524,Atalanta,8543,Lazio,0,1,1,60,40,14,11,4,5,9,5,1,1,2,1,13,2,1,9,7,2,6,2,5,1,24,9,11,6,3,2,0,0,3,0,14,16,8,13,1,2,12,24,4,2,39,40,27.0,32.0,12.0,8.0,7.0,5.0,539,368,461.0,293.0,239,166,222,127,25.0,30.0,6.0,2.0,2.81,0.62,2.17,0.58,0.65,0.05,2.81,0.62,1.45,0.74,6,0,4,1,3,1,1,8,0,1,2.5554,0.0,0.2016,0.2947,0.0868,0.0356,0.0326,0.2843,0.0,0.0073,10,9,0,0,4,0,0,2,0,0,2.1677,0.5762,0.0,0.0,0.7087,0.0,0.0,0.0457,0.0,0.0,14,11,11.07,25.23
4535570,2024-12-28,ita,2024/2025,Serie A,18,Federico La Penna,10167,Parma,6504,Monza,1,2,1,44,56,9,10,3,4,1,6,5,0,0,1,6,9,3,1,4,6,1,5,0,4,21,22,16,21,3,5,0,1,0,5,7,15,7,7,1,5,22,14,2,1,41,53,28.0,36.0,13.0,17.0,2.0,5.0,329,407,254.0,334.0,124,193,130,141,19.0,14.0,3.0,4.0,1.36,2.63,0.39,2.39,0.18,0.23,0.57,2.63,1.2,1.41,1,3,4,3,1,3,1,1,2,0,0.0956,1.3718,1.1579,0.8459,0.0351,0.3004,0.0218,0.1072,0.0485,0.0,3,6,1,1,1,2,3,1,1,0,0.15,2.2491,0.2358,0.1442,0.0956,0.1193,0.0891,0.1126,0.7884,0.0,9,10,15.65,11.01
4535570,2024-12-28,ita,2024/2025,Serie A,18,Federico La Penna,6504,Monza,10167,Parma,0,1,2,56,44,10,9,4,3,6,1,0,5,1,0,9,6,1,3,6,4,5,1,4,0,22,21,21,16,5,3,1,0,5,0,15,7,7,7,5,1,14,22,1,2,53,41,36.0,28.0,17.0,13.0,5.0,2.0,407,329,334.0,254.0,193,124,141,130,14.0,19.0,4.0,3.0,2.63,1.36,2.39,0.39,0.23,0.18,2.63,0.57,1.41,1.2,3,1,3,4,3,1,1,1,0,2,1.3718,0.0956,0.8459,1.1579,0.3004,0.0351,0.1072,0.0218,0.0,0.0485,6,3,1,1,2,1,1,3,0,1,2.2491,0.15,0.1442,0.2358,0.1193,0.0956,0.1126,0.0891,0.0,0.7884,10,9,11.01,15.65
4535566,2024-12-29,ita,2024/2025,Serie A,18,Maurizio Mariani,9885,Juventus,8535,Fiorentina,1,2,2,62,38,15,11,5,4,7,3,3,4,0,0,13,4,2,7,7,2,2,1,1,0,35,15,14,9,3,1,0,0,0,1,16,18,3,10,4,3,11,33,2,3,53,58,37.0,38.0,16.0,20.0,12.0,8.0,509,316,435.0,246.0,266,108,169,138,20.0,22.0,5.0,2.0,1.49,1.0,1.03,0.89,0.46,0.11,1.49,1.0,2.01,1.3,0,1,8,2,5,1,2,4,0,3,0.0,0.504,1.185,0.2085,0.243,0.0534,0.0653,0.1352,0.0,0.1023,9,6,1,2,4,0,1,3,0,0,0.9052,0.7719,0.1209,0.1212,0.2653,0.0,0.2019,0.1103,0.0,0.0,15,11,14.05,17.47
4535566,2024-12-29,ita,2024/2025,Serie A,18,Maurizio Mariani,8535,Fiorentina,9885,Juventus,0,2,2,38,62,11,15,4,5,3,7,4,3,0,0,4,13,7,2,2,7,1,2,0,1,15,35,9,14,1,3,0,0,1,0,18,16,10,3,3,4,33,11,3,2,58,53,38.0,37.0,20.0,16.0,8.0,12.0,316,509,246.0,435.0,108,266,138,169,22.0,20.0,2.0,5.0,1.0,1.49,0.89,1.03,0.11,0.46,1.0,1.49,1.3,2.01,1,0,2,8,1,5,4,2,3,0,0.504,0.0,0.2085,1.185,0.0534,0.243,0.1352,0.0653,0.1023,0.0,6,9,2,1,0,4,3,1,0,0,0.7719,0.9052,0.1212,0.1209,0.0,0.2653,0.1103,0.2019,0.0,0.0,11,15,17.47,14.05
4535568,2024-12-29,ita,2024/2025,Serie A,18,Michael Fabbri,8564,Milan,8686,Roma,1,1,1,45,55,21,12,7,5,8,6,6,1,0,1,11,8,10,4,6,5,2,4,1,3,42,18,17,8,4,4,0,0,1,6,10,17,6,5,1,6,21,28,4,6,36,49,25.0,37.0,11.0,12.0,8.0,3.0,354,426,308.0,379.0,158,206,150,173,15.0,28.0,4.0,2.0,1.88,1.38,1.37,1.12,0.51,0.26,1.88,1.38,0.71,1.16,3,0,7,6,1,2,8,4,2,0,0.7334,0.0,0.8353,0.9956,0.0361,0.0747,0.2355,0.1889,0.0369,0.0,13,6,2,3,4,2,2,1,0,0,0.6269,0.5454,0.7428,0.4485,0.3371,0.0551,0.1703,0.2102,0.0,0.0,21,12,18.63,18.34
4535568,2024-12-29,ita,2024/2025,Serie A,18,Michael Fabbri,8686,Roma,8564,Milan,0,1,1,55,45,12,21,5,7,6,8,1,6,1,0,8,11,4,10,5,6,4,2,3,1,18,42,8,17,4,4,0,0,6,1,17,10,5,6,6,1,28,21,6,4,49,36,37.0,25.0,12.0,11.0,3.0,8.0,426,354,379.0,308.0,206,158,173,150,28.0,15.0,2.0,4.0,1.38,1.88,1.12,1.37,0.26,0.51,1.38,1.88,1.16,0.71,0,3,6,7,2,1,4,8,0,2,0.0,0.7334,0.9956,0.8353,0.0747,0.0361,0.1889,0.2355,0.0,0.0369,6,13,3,2,2,4,1,2,0,0,0.5454,0.6269,0.4485,0.7428,0.0551,0.3371,0.2102,0.1703,0.0,0.0,12,21,18.34,18.63
4535569,2024-12-29,ita,2024/2025,Serie A,18,Matteo Marchetti,9875,Napoli,7881,Venezia,1,1,0,67,33,25,4,8,2,11,1,6,1,1,0,18,1,7,3,14,4,4,1,3,1,47,10,10,12,0,3,0,0,1,1,12,23,15,12,1,5,21,43,2,7,48,48,31.0,39.0,17.0,9.0,8.0,7.0,562,290,496.0,215.0,224,99,272,116,23.0,18.0,3.0,2.0,1.97,0.21,0.97,0.18,0.21,0.03,1.18,0.21,2.04,0.44,0,0,9,1,9,0,4,1,3,2,0.0,0.0,1.3865,0.1676,0.389,0.0,0.148,0.0091,0.0464,0.03,17,2,1,0,6,1,0,1,1,0,0.9043,0.1823,0.0671,0.0,0.2101,0.0091,0.0,0.0153,0.7884,0.0,25,4,17.88,25.12
4535569,2024-12-29,ita,2024/2025,Serie A,18,Matteo Marchetti,7881,Venezia,9875,Napoli,0,0,1,33,67,4,25,2,8,1,11,1,6,0,1,1,18,3,7,4,14,1,4,1,3,10,47,12,10,3,0,0,0,1,1,23,12,12,15,5,1,43,21,7,2,48,48,39.0,31.0,9.0,17.0,7.0,8.0,290,562,215.0,496.0,99,224,116,272,18.0,23.0,2.0,3.0,0.21,1.97,0.18,0.97,0.03,0.21,0.21,1.18,0.44,2.04,0,0,1,9,0,9,1,4,2,3,0.0,0.0,0.1676,1.3865,0.0,0.389,0.0091,0.148,0.03,0.0464,2,17,0,1,1,6,1,0,0,1,0.1823,0.9043,0.0,0.0671,0.0091,0.2101,0.0153,0.0,0.0,0.7884,4,25,25.12,17.88
4535571,2024-12-29,ita,2024/2025,Serie A,18,Francesco Fourneau,8600,Udinese,9804,Torino,1,2,2,44,56,10,12,3,6,5,5,2,1,0,0,7,8,3,4,4,3,2,0,0,0,13,19,17,12,1,0,0,0,2,0,12,5,9,8,1,2,19,18,4,1,32,25,25.0,20.0,7.0,5.0,1.0,1.0,347,453,280.0,388.0,170,225,110,163,15.0,30.0,4.0,2.0,0.68,0.58,0.24,0.37,0.44,0.22,0.68,0.58,1.76,1.66,1,1,4,2,2,5,3,3,0,1,0.2037,0.1335,0.3104,0.1976,0.0716,0.1783,0.0937,0.0574,0.0,0.0294,5,9,0,1,4,2,1,0,0,0,0.2416,0.3243,0.0,0.0412,0.4235,0.2307,0.0143,0.0,0.0,0.0,10,12,15.57,20.08
4535571,2024-12-29,ita,2024/2025,Serie A,18,Francesco Fourneau,9804,Torino,8600,Udinese,0,2,2,56,44,12,10,6,3,5,5,1,2,0,0,8,7,4,3,3,4,0,2,0,0,19,13,12,17,0,1,0,0,0,2,5,12,8,9,2,1,18,19,1,4,25,32,20.0,25.0,5.0,7.0,1.0,1.0,453,347,388.0,280.0,225,170,163,110,30.0,15.0,2.0,4.0,0.58,0.68,0.37,0.24,0.22,0.44,0.58,0.68,1.66,1.76,1,1,2,4,5,2,3,3,1,0,0.1335,0.2037,0.1976,0.3104,0.1783,0.0716,0.0574,0.0937,0.0294,0.0,9,5,1,0,2,4,0,1,0,0,0.3243,0.2416,0.0412,0.0,0.2307,0.4235,0.0,0.0143,0.0,0.0,12,10,20.08,15.57
4535562,2024-12-30,ita,2024/2025,Serie A,18,Giovanni Ayroldi,9857,Bologna,9876,Hellas Verona,1,2,3,67,33,23,7,8,3,6,2,9,2,2,0,14,7,9,0,11,5,4,2,3,1,31,15,9,24,2,5,1,0,1,1,17,20,4,4,2,10,10,40,1,5,62,64,45.0,35.0,17.0,29.0,6.0,6.0,448,224,379.0,150.0,195,83,184,67,41.0,29.0,8.0,2.0,2.29,0.8,0.92,0.73,1.37,0.07,2.29,0.8,2.8,0.63,3,1,9,4,2,2,6,0,3,0,0.5831,0.1551,1.325,0.5822,0.0673,0.0998,0.2734,0.0,0.069,0.0,13,5,0,1,3,1,7,0,0,0,0.9232,0.7176,0.0,0.0625,0.2516,0.057,1.1431,0.0,0.0,0.0,23,7,15.94,12.88
4535562,2024-12-30,ita,2024/2025,Serie A,18,Giovanni Ayroldi,9876,Hellas Verona,9857,Bologna,0,3,2,33,67,7,23,3,8,2,6,2,9,0,2,7,14,0,9,5,11,2,4,1,3,15,31,24,9,5,2,0,1,1,1,20,17,4,4,10,2,40,10,5,1,64,62,35.0,45.0,29.0,17.0,6.0,6.0,224,448,150.0,379.0,83,195,67,184,29.0,41.0,2.0,8.0,0.8,2.29,0.73,0.92,0.07,1.37,0.8,2.29,0.63,2.8,1,3,4,9,2,2,0,6,0,3,0.1551,0.5831,0.5822,1.325,0.0998,0.0673,0.0,0.2734,0.0,0.069,5,13,1,0,1,3,0,7,0,0,0.7176,0.9232,0.0625,0.0,0.057,0.2516,0.0,1.1431,0.0,0.0,7,23,12.88,15.94
4535564,2024-12-30,ita,2024/2025,Serie A,18,Marco Piccinini,10171,Como,9888,Lecce,1,2,0,57,43,15,11,8,1,3,7,4,3,1,0,9,6,6,5,4,4,3,0,2,0,24,14,12,15,3,2,0,0,5,1,11,18,8,6,3,5,21,25,1,5,43,48,30.0,34.0,13.0,14.0,4.0,6.0,490,365,421.0,289.0,207,188,214,101,20.0,18.0,5.0,6.0,2.01,0.44,1.08,0.27,0.14,0.17,1.23,0.44,3.11,0.17,1,0,5,5,3,1,4,2,2,3,0.2834,0.0,1.3666,0.2761,0.1354,0.0593,0.1679,0.0298,0.0726,0.063,10,5,0,1,3,3,1,2,1,0,1.093,0.1975,0.0,0.0325,0.0918,0.1209,0.0526,0.0772,0.7884,0.0,15,11,16.94,18.75
4535564,2024-12-30,ita,2024/2025,Serie A,18,Marco Piccinini,9888,Lecce,10171,Como,0,0,2,43,57,11,15,1,8,7,3,3,4,0,1,6,9,5,6,4,4,0,3,0,2,14,24,15,12,2,3,0,0,1,5,18,11,6,8,5,3,25,21,5,1,48,43,34.0,30.0,14.0,13.0,6.0,4.0,365,490,289.0,421.0,188,207,101,214,18.0,20.0,6.0,5.0,0.44,2.01,0.27,1.08,0.17,0.14,0.44,1.23,0.17,3.11,0,1,5,5,1,3,2,4,3,2,0.0,0.2834,0.2761,1.3666,0.0593,0.1354,0.0298,0.1679,0.063,0.0726,5,10,1,0,3,3,2,1,0,1,0.1975,1.093,0.0325,0.0,0.1209,0.0918,0.0772,0.0526,0.0,0.7884,11,15,18.75,16.94
4535574,2025-01-04,ita,2024/2025,Serie A,19,Gianluca Manganiello,8535,Fiorentina,9875,Napoli,1,0,3,48,52,14,10,2,4,6,6,6,0,0,0,8,9,6,1,4,2,1,2,1,1,22,16,17,15,0,1,0,0,3,2,24,12,6,4,0,6,13,20,1,2,54,55,42.0,34.0,12.0,21.0,5.0,10.0,407,447,335.0,370.0,149,204,186,166,21.0,19.0,6.0,3.0,1.13,1.56,1.05,0.71,0.08,0.06,1.13,0.77,0.47,2.33,1,0,5,6,2,3,3,1,3,0,0.2829,0.0,0.6363,1.3471,0.069,0.196,0.1076,0.0185,0.0933,0.0,12,7,0,0,2,0,0,2,0,1,1.1089,0.7122,0.0,0.0,0.0801,0.0,0.0,0.0609,0.0,0.7884,14,10,16.74,14.12
4535574,2025-01-04,ita,2024/2025,Serie A,19,Gianluca Manganiello,9875,Napoli,8535,Fiorentina,0,3,0,52,48,10,14,4,2,6,6,0,6,0,0,9,8,1,6,2,4,2,1,1,1,16,22,15,17,1,0,0,0,2,3,12,24,4,6,6,0,20,13,2,1,55,54,34.0,42.0,21.0,12.0,10.0,5.0,447,407,370.0,335.0,204,149,166,186,19.0,21.0,3.0,6.0,1.56,1.13,0.71,1.05,0.06,0.08,0.77,1.13,2.33,0.47,0,1,6,5,3,2,1,3,0,3,0.0,0.2829,1.3471,0.6363,0.196,0.069,0.0185,0.1076,0.0,0.0933,7,12,0,0,0,2,2,0,1,0,0.7122,1.1089,0.0,0.0,0.0,0.0801,0.0609,0.0,0.7884,0.0,10,14,14.12,16.74
4535575,2025-01-04,ita,2024/2025,Serie A,19,Federico Dionisi,9876,Hellas Verona,8600,Udinese,1,0,0,37,63,13,15,3,6,6,7,4,2,0,1,7,6,6,9,7,3,0,0,0,0,17,18,14,16,1,2,1,0,3,1,23,14,12,5,2,3,19,19,6,3,58,68,46.0,38.0,12.0,30.0,8.0,12.0,273,467,197.0,394.0,141,205,56,189,21.0,39.0,3.0,7.0,1.02,0.8,0.81,0.59,0.21,0.21,1.02,0.8,0.33,1.33,1,0,5,5,1,1,6,5,0,4,0.0393,0.0,0.643,0.4829,0.0467,0.0386,0.2882,0.193,0.0,0.0967,8,12,0,0,4,0,1,3,0,0,0.8114,0.5969,0.0,0.0,0.1698,0.0,0.0359,0.2142,0.0,0.0,13,15,16.88,19.84
4535575,2025-01-04,ita,2024/2025,Serie A,19,Federico Dionisi,8600,Udinese,9876,Hellas Verona,0,0,0,63,37,15,13,6,3,7,6,2,4,1,0,6,7,9,6,3,7,0,0,0,0,18,17,16,14,2,1,0,1,1,3,14,23,5,12,3,2,19,19,3,6,68,58,38.0,46.0,30.0,12.0,12.0,8.0,467,273,394.0,197.0,205,141,189,56,39.0,21.0,7.0,3.0,0.8,1.02,0.59,0.81,0.21,0.21,0.8,1.02,1.33,0.33,0,1,5,5,1,1,5,6,4,0,0.0,0.0393,0.4829,0.643,0.0386,0.0467,0.193,0.2882,0.0967,0.0,12,8,0,0,0,4,3,1,0,0,0.5969,0.8114,0.0,0.0,0.0,0.1698,0.2142,0.0359,0.0,0.0,15,13,19.84,16.88
4535581,2025-01-04,ita,2024/2025,Serie A,19,Juan Luca Sacchi,7881,Venezia,8534,Empoli,1,1,1,50,50,8,18,3,6,2,5,3,7,0,0,4,10,4,8,2,8,0,2,0,1,12,23,15,14,1,2,0,0,2,1,14,31,9,7,8,3,37,17,4,2,55,75,32.0,51.0,23.0,24.0,5.0,7.0,423,408,318.0,300.0,174,158,144,142,23.0,31.0,1.0,5.0,0.94,1.78,0.92,1.6,0.02,0.18,0.94,1.78,0.56,1.8,0,1,4,7,0,2,4,7,0,1,0.0,0.0912,0.7337,1.2655,0.0,0.1227,0.0967,0.2791,0.0,0.0197,7,15,0,1,1,1,0,1,0,0,0.8188,1.0564,0.0,0.54,0.0116,0.0912,0.0,0.0906,0.0,0.0,8,18,18.33,17.12
4535581,2025-01-04,ita,2024/2025,Serie A,19,Juan Luca Sacchi,8534,Empoli,7881,Venezia,0,1,1,50,50,18,8,6,3,5,2,7,3,0,0,10,4,8,4,8,2,2,0,1,0,23,12,14,15,2,1,0,0,1,2,31,14,7,9,3,8,17,37,2,4,75,55,51.0,32.0,24.0,23.0,7.0,5.0,408,423,300.0,318.0,158,174,142,144,31.0,23.0,5.0,1.0,1.78,0.94,1.6,0.92,0.18,0.02,1.78,0.94,1.8,0.56,1,0,7,4,2,0,7,4,1,0,0.0912,0.0,1.2655,0.7337,0.1227,0.0,0.2791,0.0967,0.0197,0.0,15,7,1,0,1,1,1,0,0,0,1.0564,0.8188,0.54,0.0,0.0912,0.0116,0.0906,0.0,0.0,0.0,18,8,17.12,18.33
4535577,2025-01-05,ita,2024/2025,Serie A,19,Livio Marinelli,9888,Lecce,10233,Genoa,1,0,0,63,37,10,4,3,1,4,2,3,1,1,2,7,3,3,1,9,4,0,1,0,1,32,16,11,15,0,1,0,0,1,1,17,20,8,9,1,3,12,41,1,3,61,55,39.0,35.0,22.0,20.0,10.0,6.0,532,315,442.0,235.0,229,169,213,66,19.0,20.0,7.0,1.0,0.56,1.08,0.42,1.08,0.14,0.0,0.56,1.08,0.86,0.24,0,1,5,1,2,1,1,1,2,0,0.0,0.9807,0.4002,0.1187,0.0564,0.0301,0.0369,0.0702,0.0633,0.0,7,4,0,0,1,0,2,0,0,0,0.4212,1.1998,0.0,0.0,0.0611,0.0,0.0745,0.0,0.0,0.0,10,4,16.14,12.12
4535577,2025-01-05,ita,2024/2025,Serie A,19,Livio Marinelli,10233,Genoa,9888,Lecce,0,0,0,37,63,4,10,1,3,2,4,1,3,2,1,3,7,1,3,4,9,1,0,1,0,16,32,15,11,1,0,0,0,1,1,20,17,9,8,3,1,41,12,3,1,55,61,35.0,39.0,20.0,22.0,6.0,10.0,315,532,235.0,442.0,169,229,66,213,20.0,19.0,1.0,7.0,1.08,0.56,1.08,0.42,0.0,0.14,1.08,0.56,0.24,0.86,1,0,1,5,1,2,1,1,0,2,0.9807,0.0,0.1187,0.4002,0.0301,0.0564,0.0702,0.0369,0.0,0.0633,4,7,0,0,0,1,0,2,0,0,1.1998,0.4212,0.0,0.0,0.0,0.0611,0.0,0.0745,0.0,0.0,4,10,12.12,16.14
4535578,2025-01-05,ita,2024/2025,Serie A,19,Marco Di Bello,6504,Monza,8529,Cagliari,1,1,2,53,47,6,13,2,4,4,5,0,4,0,2,4,11,2,2,1,3,2,0,1,0,16,25,16,19,2,2,1,0,2,2,17,16,11,4,4,0,16,24,2,1,49,66,38.0,38.0,11.0,28.0,5.0,7.0,406,358,311.0,259.0,165,135,146,124,21.0,33.0,1.0,3.0,1.58,0.85,0.8,0.53,0.0,0.32,0.8,0.85,1.76,1.62,0,1,4,7,0,3,2,1,0,1,0.0,0.0567,1.4504,0.5803,0.0,0.1315,0.1342,0.0597,0.0,0.0223,5,5,0,2,0,2,0,4,1,0,0.7962,0.4293,0.0,0.0994,0.0,0.1667,0.0,0.155,0.7884,0.0,6,13,14.17,15.29
4535578,2025-01-05,ita,2024/2025,Serie A,19,Marco Di Bello,8529,Cagliari,6504,Monza,0,2,1,47,53,13,6,4,2,5,4,4,0,2,0,11,4,2,2,3,1,0,2,0,1,25,16,19,16,2,2,0,1,2,2,16,17,4,11,0,4,24,16,1,2,66,49,38.0,38.0,28.0,11.0,7.0,5.0,358,406,259.0,311.0,135,165,124,146,33.0,21.0,3.0,1.0,0.85,1.58,0.53,0.8,0.32,0.0,0.85,0.8,1.62,1.76,1,0,7,4,3,0,1,2,1,0,0.0567,0.0,0.5803,1.4504,0.1315,0.0,0.0597,0.1342,0.0223,0.0,5,5,2,0,2,0,4,0,0,1,0.4293,0.7962,0.0994,0.0,0.1667,0.0,0.155,0.0,0.0,0.7884,13,6,15.29,14.17
4535579,2025-01-05,ita,2024/2025,Serie A,19,Luca Pairetto,8686,Roma,8543,Lazio,1,2,0,33,67,7,16,5,6,1,3,1,7,0,1,6,10,1,6,3,10,2,2,1,2,10,25,12,19,4,5,0,1,0,2,10,7,9,5,7,1,34,6,6,3,40,37,30.0,29.0,10.0,8.0,3.0,10.0,272,541,222.0,503.0,167,164,55,339,22.0,33.0,1.0,7.0,1.13,0.87,1.09,0.75,0.04,0.12,1.13,0.87,1.71,0.83,1,0,3,6,2,4,1,4,0,2,0.7398,0.0,0.2118,0.4936,0.1977,0.1709,0.0274,0.1357,0.0,0.0709,6,14,0,0,0,2,1,0,0,0,1.1358,0.75,0.0,0.0,0.0,0.121,0.0409,0.0,0.0,0.0,7,16,14.07,18.6
4535579,2025-01-05,ita,2024/2025,Serie A,19,Luca Pairetto,8543,Lazio,8686,Roma,0,0,2,67,33,16,7,6,5,3,1,7,1,1,0,10,6,6,1,10,3,2,2,2,1,25,10,19,12,5,4,1,0,2,0,7,10,5,9,1,7,6,34,3,6,37,40,29.0,30.0,8.0,10.0,10.0,3.0,541,272,503.0,222.0,164,167,339,55,33.0,22.0,7.0,1.0,0.87,1.13,0.75,1.09,0.12,0.04,0.87,1.13,0.83,1.71,0,1,6,3,4,2,4,1,2,0,0.0,0.7398,0.4936,0.2118,0.1709,0.1977,0.1357,0.0274,0.0709,0.0,14,6,0,0,2,0,0,1,0,0,0.75,1.1358,0.0,0.0,0.121,0.0,0.0,0.0409,0.0,0.0,16,7,18.6,14.07
4535580,2025-01-05,ita,2024/2025,Serie A,19,Ermanno Feliciani,9804,Torino,10167,Parma,1,0,0,62,38,12,10,4,3,3,6,5,1,0,1,9,1,3,9,8,7,1,0,1,0,31,10,9,9,2,1,0,0,4,1,15,10,2,9,1,5,16,47,3,4,41,39,29.0,24.0,12.0,15.0,6.0,6.0,562,358,474.0,284.0,257,170,217,114,23.0,18.0,3.0,2.0,1.08,0.38,1.07,0.24,0.02,0.14,1.08,0.38,1.8,0.08,0,0,8,1,1,0,1,8,2,1,0.0,0.0,0.9869,0.0663,0.0382,0.0,0.0275,0.2691,0.0322,0.0437,10,6,1,1,0,3,1,0,0,0,0.9445,0.1812,0.1208,0.0617,0.0,0.1362,0.0196,0.0,0.0,0.0,12,10,16.55,23.09
4535580,2025-01-05,ita,2024/2025,Serie A,19,Ermanno Feliciani,10167,Parma,9804,Torino,0,0,0,38,62,10,12,3,4,6,3,1,5,1,0,1,9,9,3,7,8,0,1,0,1,10,31,9,9,1,2,0,0,1,4,10,15,9,2,5,1,47,16,4,3,39,41,24.0,29.0,15.0,12.0,6.0,6.0,358,562,284.0,474.0,170,257,114,217,18.0,23.0,2.0,3.0,0.38,1.08,0.24,1.07,0.14,0.02,0.38,1.08,0.08,1.8,0,0,1,8,0,1,8,1,1,2,0.0,0.0,0.0663,0.9869,0.0,0.0382,0.2691,0.0275,0.0437,0.0322,6,10,1,1,3,0,0,1,0,0,0.1812,0.9445,0.0617,0.1208,0.1362,0.0,0.0,0.0196,0.0,0.0,10,12,23.09,16.55
4535313,2025-01-10,ita,2024/2025,Serie A,20,Paride Tremolada,8543,Lazio,10171,Como,1,1,1,36,64,12,17,4,4,3,12,5,1,0,1,8,12,4,5,7,7,1,2,1,1,30,22,14,15,2,3,1,0,1,0,16,21,18,9,2,5,19,19,2,3,47,64,40.0,39.0,7.0,25.0,10.0,7.0,268,475,199.0,407.0,105,209,94,198,19.0,19.0,3.0,9.0,0.53,1.91,0.37,1.38,0.15,0.53,0.53,1.91,0.94,1.57,0,3,3,8,5,1,2,3,2,2,0.0,0.8651,0.2522,0.8304,0.1744,0.0971,0.0209,0.1457,0.0775,0.0385,6,9,1,2,2,3,3,3,0,0,0.331,1.0127,0.0417,0.4331,0.0209,0.2787,0.1314,0.2523,0.0,0.0,12,17,19.12,14.6
4535313,2025-01-10,ita,2024/2025,Serie A,20,Paride Tremolada,10171,Como,8543,Lazio,0,1,1,64,36,17,12,4,4,12,3,1,5,1,0,12,8,5,4,7,7,2,1,1,1,22,30,15,14,3,2,0,1,0,1,21,16,9,18,5,2,19,19,3,2,64,47,39.0,40.0,25.0,7.0,7.0,10.0,475,268,407.0,199.0,209,105,198,94,19.0,19.0,9.0,3.0,1.91,0.53,1.38,0.37,0.53,0.15,1.91,0.53,1.57,0.94,3,0,8,3,1,5,3,2,2,2,0.8651,0.0,0.8304,0.2522,0.0971,0.1744,0.1457,0.0209,0.0385,0.0775,9,6,2,1,3,2,3,3,0,0,1.0127,0.331,0.4331,0.0417,0.2787,0.0209,0.2523,0.1314,0.0,0.0,17,12,14.6,19.12
4535311,2025-01-11,ita,2024/2025,Serie A,20,Daniele Chiffi,8534,Empoli,9888,Lecce,1,1,3,50,50,15,14,5,6,6,5,4,3,0,0,12,9,3,5,9,2,5,3,4,2,37,16,11,21,0,3,0,0,2,3,26,25,13,13,3,4,16,49,3,4,73,58,53.0,39.0,20.0,19.0,9.0,3.0,375,405,251.0,283.0,112,154,139,129,25.0,27.0,5.0,1.0,1.43,1.43,0.99,1.23,0.44,0.2,1.43,1.43,1.78,1.91,1,0,6,5,5,4,3,5,0,0,0.2978,0.0,0.8535,0.4318,0.2185,0.2358,0.0585,0.7944,0.0,0.0,10,8,0,3,2,0,3,3,0,0,1.0932,0.6132,0.0,0.6497,0.1122,0.0,0.223,0.1991,0.0,0.0,15,14,16.75,17.12
4535311,2025-01-11,ita,2024/2025,Serie A,20,Daniele Chiffi,9888,Lecce,8534,Empoli,0,3,1,50,50,14,15,6,5,5,6,3,4,0,0,9,12,5,3,2,9,3,5,2,4,16,37,21,11,3,0,0,0,3,2,25,26,13,13,4,3,49,16,4,3,58,73,39.0,53.0,19.0,20.0,3.0,9.0,405,375,283.0,251.0,154,112,129,139,27.0,25.0,1.0,5.0,1.43,1.43,1.23,0.99,0.2,0.44,1.43,1.43,1.91,1.78,0,1,5,6,4,5,5,3,0,0,0.0,0.2978,0.4318,0.8535,0.2358,0.2185,0.7944,0.0585,0.0,0.0,8,10,3,0,0,2,3,3,0,0,0.6132,1.0932,0.6497,0.0,0.0,0.1122,0.1991,0.223,0.0,0.0,14,15,17.12,16.75
4535314,2025-01-11,ita,2024/2025,Serie A,20,Francesco Fourneau,8564,Milan,8529,Cagliari,1,1,1,68,32,24,6,11,2,10,2,3,2,2,0,13,3,11,3,9,1,5,1,4,1,46,9,9,11,1,2,0,0,3,5,16,16,4,7,2,3,11,31,1,11,40,48,31.0,30.0,9.0,18.0,5.0,6.0,535,254,476.0,183.0,156,114,320,69,21.0,21.0,3.0,1.0,2.75,0.37,2.48,0.37,0.28,0.0,2.75,0.37,2.04,0.35,3,0,6,2,4,1,9,0,2,3,1.0272,0.0,1.378,0.2987,0.0941,0.0239,0.3131,0.0,0.0417,0.1101,15,5,3,1,3,0,3,0,0,0,1.6184,0.376,0.9588,0.0566,0.1236,0.0,0.1533,0.0,0.0,0.0,24,6,19.22,18.88
4535314,2025-01-11,ita,2024/2025,Serie A,20,Francesco Fourneau,8529,Cagliari,8564,Milan,0,1,1,32,68,6,24,2,11,2,10,2,3,0,2,3,13,3,11,1,9,1,5,1,4,9,46,11,9,2,1,0,0,5,3,16,16,7,4,3,2,31,11,11,1,48,40,30.0,31.0,18.0,9.0,6.0,5.0,254,535,183.0,476.0,114,156,69,320,21.0,21.0,1.0,3.0,0.37,2.75,0.37,2.48,0.0,0.28,0.37,2.75,0.35,2.04,0,3,2,6,1,4,0,9,3,2,0.0,1.0272,0.2987,1.378,0.0239,0.0941,0.0,0.3131,0.1101,0.0417,5,15,1,3,0,3,0,3,0,0,0.376,1.6184,0.0566,0.9588,0.0,0.1236,0.0,0.1533,0.0,0.0,6,24,18.88,19.22
4535317,2025-01-11,ita,2024/2025,Serie A,20,Michael Fabbri,9804,Torino,9885,Juventus,1,1,1,42,58,11,15,2,9,6,2,3,4,0,0,8,8,3,7,9,1,1,1,1,1,22,18,18,9,4,1,0,0,1,2,15,11,5,3,4,3,19,31,8,1,39,47,26.0,34.0,13.0,13.0,4.0,6.0,360,533,310.0,489.0,173,271,137,218,18.0,29.0,6.0,3.0,0.59,0.9,0.31,0.84,0.28,0.07,0.59,0.9,0.33,1.02,1,0,7,8,0,0,2,5,1,2,0.1068,0.0,0.3976,0.6932,0.0,0.0,0.0776,0.1638,0.0091,0.0464,5,13,1,0,5,0,0,2,0,0,0.2604,0.8382,0.0478,0.0,0.2829,0.0,0.0,0.0652,0.0,0.0,11,15,15.17,17.56
4535317,2025-01-11,ita,2024/2025,Serie A,20,Michael Fabbri,9885,Juventus,9804,Torino,0,1,1,58,42,15,11,9,2,2,6,4,3,0,0,8,8,7,3,1,9,1,1,1,1,18,22,9,18,1,4,0,0,2,1,11,15,3,5,3,4,31,19,1,8,47,39,34.0,26.0,13.0,13.0,6.0,4.0,533,360,489.0,310.0,271,173,218,137,29.0,18.0,3.0,6.0,0.9,0.59,0.84,0.31,0.07,0.28,0.9,0.59,1.02,0.33,0,1,8,7,0,0,5,2,2,1,0.0,0.1068,0.6932,0.3976,0.0,0.0,0.1638,0.0776,0.0464,0.0091,13,5,0,1,0,5,2,0,0,0,0.8382,0.2604,0.0,0.0478,0.0,0.2829,0.0652,0.0,0.0,0.0,15,11,17.56,15.17
4535318,2025-01-11,ita,2024/2025,Serie A,20,Maurizio Mariani,8600,Udinese,8524,Atalanta,1,0,0,46,54,12,4,3,2,4,1,5,1,2,0,8,3,4,1,5,3,3,0,3,0,15,16,4,16,1,2,0,0,0,2,23,22,11,9,1,4,16,26,2,3,55,63,44.0,34.0,11.0,29.0,5.0,8.0,418,493,326.0,406.0,193,208,133,198,15.0,20.0,3.0,4.0,1.76,0.31,1.23,0.29,0.53,0.02,1.76,0.31,0.92,0.6,2,0,4,3,2,0,3,1,1,0,1.0515,0.0,0.5339,0.1882,0.071,0.0,0.1485,0.0393,0.0228,0.0,9,3,0,0,1,1,2,0,0,0,1.2941,0.2075,0.0,0.0,0.4316,0.02,0.102,0.0,0.0,0.0,12,4,14.21,14.43
4535318,2025-01-11,ita,2024/2025,Serie A,20,Maurizio Mariani,8524,Atalanta,8600,Udinese,0,0,0,54,46,4,12,2,3,1,4,1,5,0,2,3,8,1,4,3,5,0,3,0,3,16,15,16,4,2,1,0,0,2,0,22,23,9,11,4,1,26,16,3,2,63,55,34.0,44.0,29.0,11.0,8.0,5.0,493,418,406.0,326.0,208,193,198,133,20.0,15.0,4.0,3.0,0.31,1.76,0.29,1.23,0.02,0.53,0.31,1.76,0.6,0.92,0,2,3,4,0,2,1,3,0,1,0.0,1.0515,0.1882,0.5339,0.0,0.071,0.0393,0.1485,0.0,0.0228,3,9,0,0,1,1,0,2,0,0,0.2075,1.2941,0.0,0.0,0.02,0.4316,0.0,0.102,0.0,0.0,4,12,14.43,14.21
4535310,2025-01-12,ita,2024/2025,Serie A,20,Rosario Abisso,9857,Bologna,8686,Roma,1,2,2,54,46,14,11,8,4,2,4,4,3,0,0,9,6,5,5,5,4,3,3,1,2,30,11,18,10,4,1,0,0,2,2,10,16,7,12,2,3,18,23,2,6,31,44,20.0,34.0,11.0,10.0,3.0,3.0,469,392,393.0,326.0,161,231,232,95,17.0,21.0,4.0,2.0,2.06,1.45,1.2,0.33,0.06,0.33,1.27,0.66,2.16,1.43,0,0,5,4,4,2,4,4,1,1,0.0,0.0,1.7117,1.1144,0.1335,0.1433,0.1895,0.1282,0.0215,0.0142,9,5,2,0,1,4,1,1,1,1,0.5677,0.2997,0.6365,0.0,0.0359,0.2895,0.0276,0.0225,0.7884,0.7884,14,11,16.89,17.53
4535310,2025-01-12,ita,2024/2025,Serie A,20,Rosario Abisso,8686,Roma,9857,Bologna,0,2,2,46,54,11,14,4,8,4,2,3,4,0,0,6,9,5,5,4,5,3,3,2,1,11,30,10,18,1,4,0,0,2,2,16,10,12,7,3,2,23,18,6,2,44,31,34.0,20.0,10.0,11.0,3.0,3.0,392,469,326.0,393.0,231,161,95,232,21.0,17.0,2.0,4.0,1.45,2.06,0.33,1.2,0.33,0.06,0.66,1.27,1.43,2.16,0,0,4,5,2,4,4,4,1,1,0.0,0.0,1.1144,1.7117,0.1433,0.1335,0.1282,0.1895,0.0142,0.0215,5,9,0,2,4,1,1,1,1,1,0.2997,0.5677,0.0,0.6365,0.2895,0.0359,0.0225,0.0276,0.7884,0.7884,11,14,17.53,16.89
4535312,2025-01-12,ita,2024/2025,Serie A,20,Andrea Colombo,10233,Genoa,10167,Parma,1,1,0,61,39,14,9,4,3,5,3,5,3,1,0,10,7,4,2,6,9,3,0,3,0,26,13,10,10,2,3,0,0,2,3,19,27,8,11,3,5,20,26,3,3,52,67,37.0,50.0,15.0,17.0,9.0,13.0,547,346,473.0,274.0,290,131,183,143,28.0,18.0,6.0,3.0,1.19,0.46,0.56,0.33,0.63,0.12,1.19,0.46,0.66,1.39,1,0,7,4,2,3,3,2,1,0,0.1003,0.0,0.8597,0.2618,0.0694,0.1388,0.1452,0.0549,0.017,0.0,8,3,0,2,5,4,1,0,0,0,0.5585,0.1037,0.0,0.2297,0.6205,0.1222,0.0127,0.0,0.0,0.0,14,9,14.76,16.61
4535312,2025-01-12,ita,2024/2025,Serie A,20,Andrea Colombo,10167,Parma,10233,Genoa,0,0,1,39,61,9,14,3,4,3,5,3,5,0,1,7,10,2,4,9,6,0,3,0,3,13,26,10,10,3,2,0,0,3,2,27,19,11,8,5,3,26,20,3,3,67,52,50.0,37.0,17.0,15.0,13.0,9.0,346,547,274.0,473.0,131,290,143,183,18.0,28.0,3.0,6.0,0.46,1.19,0.33,0.56,0.12,0.63,0.46,1.19,1.39,0.66,0,1,4,7,3,2,2,3,0,1,0.0,0.1003,0.2618,0.8597,0.1388,0.0694,0.0549,0.1452,0.0,0.017,3,8,2,0,4,5,0,1,0,0,0.1037,0.5585,0.2297,0.0,0.1222,0.6205,0.0,0.0127,0.0,0.0,9,14,16.61,14.76
4535316,2025-01-12,ita,2024/2025,Serie A,20,Luca Zufferli,9875,Napoli,9876,Hellas Verona,1,2,0,69,31,14,6,3,2,9,2,2,2,1,0,5,3,9,3,8,1,2,1,2,1,38,8,6,5,0,0,0,0,0,1,15,18,9,14,2,3,8,31,2,1,35,54,25.0,35.0,10.0,19.0,6.0,11.0,703,318,642.0,255.0,236,134,406,121,31.0,20.0,5.0,1.0,1.18,0.23,0.8,0.23,0.38,0.0,1.18,0.23,0.25,0.15,1,0,4,1,0,2,5,1,4,2,0.223,0.0,0.6383,0.0777,0.0,0.1285,0.2293,0.0154,0.0927,0.0472,9,6,1,0,3,0,1,0,0,0,0.78,0.2687,0.0211,0.0,0.315,0.0,0.0673,0.0,0.0,0.0,14,6,18.32,22.09
4535316,2025-01-12,ita,2024/2025,Serie A,20,Luca Zufferli,9876,Hellas Verona,9875,Napoli,0,0,2,31,69,6,14,2,3,2,9,2,2,0,1,3,5,3,9,1,8,1,2,1,2,8,38,5,6,0,0,0,0,1,0,18,15,14,9,3,2,31,8,1,2,54,35,35.0,25.0,19.0,10.0,11.0,6.0,318,703,255.0,642.0,134,236,121,406,20.0,31.0,1.0,5.0,0.23,1.18,0.23,0.8,0.0,0.38,0.23,1.18,0.15,0.25,0,1,1,4,2,0,1,5,2,4,0.0,0.223,0.0777,0.6383,0.1285,0.0,0.0154,0.2293,0.0472,0.0927,6,9,0,1,0,3,0,1,0,0,0.2687,0.78,0.0,0.0211,0.0,0.315,0.0,0.0673,0.0,0.0,6,14,22.09,18.32
4535319,2025-01-12,ita,2024/2025,Serie A,20,Marco Piccinini,7881,Venezia,8636,Inter,1,0,1,41,59,7,17,2,6,3,6,2,5,1,0,4,12,3,5,4,5,1,4,1,3,14,22,12,11,3,1,0,0,2,4,12,14,7,7,5,2,20,15,5,2,37,48,27.0,34.0,10.0,14.0,4.0,9.0,379,550,309.0,475.0,189,263,120,212,16.0,29.0,1.0,3.0,0.41,1.9,0.27,1.5,0.14,0.4,0.41,1.9,0.13,2.07,0,0,3,8,1,4,1,4,2,1,0.0,0.0,0.2559,1.3555,0.066,0.2457,0.0269,0.296,0.0628,0.0352,3,11,2,0,1,1,1,5,0,0,0.1585,1.5366,0.1115,0.0,0.1048,0.0352,0.0367,0.3607,0.0,0.0,7,17,18.39,16.06
4535319,2025-01-12,ita,2024/2025,Serie A,20,Marco Piccinini,8636,Inter,7881,Venezia,0,1,0,59,41,17,7,6,2,6,3,5,2,0,1,12,4,5,3,5,4,4,1,3,1,22,14,11,12,1,3,0,0,4,2,14,12,7,7,2,5,15,20,2,5,48,37,34.0,27.0,14.0,10.0,9.0,4.0,550,379,475.0,309.0,263,189,212,120,29.0,16.0,3.0,1.0,1.9,0.41,1.5,0.27,0.4,0.14,1.9,0.41,2.07,0.13,0,0,8,3,4,1,4,1,1,2,0.0,0.0,1.3555,0.2559,0.2457,0.066,0.296,0.0269,0.0352,0.0628,11,3,0,2,1,1,5,1,0,0,1.5366,0.1585,0.0,0.1115,0.0352,0.1048,0.3607,0.0367,0.0,0.0,17,7,16.06,18.39
4535315,2025-01-13,ita,2024/2025,Serie A,20,Federico Dionisi,6504,Monza,8535,Fiorentina,1,2,1,34,66,10,11,3,2,5,6,2,3,0,0,5,7,5,4,2,4,1,2,0,1,10,35,26,9,4,1,0,0,0,1,15,16,4,6,4,2,29,13,0,1,46,56,33.0,46.0,13.0,10.0,9.0,6.0,310,587,241.0,521.0,139,277,102,244,26.0,35.0,3.0,4.0,0.67,1.36,0.45,0.44,0.21,0.14,0.67,0.58,1.41,0.99,1,1,1,4,3,2,4,3,1,1,0.2145,0.078,0.0634,1.0555,0.2257,0.1185,0.1327,0.0765,0.0326,0.035,7,7,2,1,1,1,0,1,0,1,0.2957,0.3644,0.1588,0.0719,0.2145,0.1038,0.0,0.035,0.0,0.7884,10,11,18.66,15.81
4535315,2025-01-13,ita,2024/2025,Serie A,20,Federico Dionisi,8535,Fiorentina,6504,Monza,0,1,2,66,34,11,10,2,3,6,5,3,2,0,0,7,5,4,5,4,2,2,1,1,0,35,10,9,26,1,4,0,0,1,0,16,15,6,4,2,4,13,29,1,0,56,46,46.0,33.0,10.0,13.0,6.0,9.0,587,310,521.0,241.0,277,139,244,102,35.0,26.0,4.0,3.0,1.36,0.67,0.44,0.45,0.14,0.21,0.58,0.67,0.99,1.41,1,1,4,1,2,3,3,4,1,1,0.078,0.2145,1.0555,0.0634,0.1185,0.2257,0.0765,0.1327,0.035,0.0326,7,7,1,2,1,1,1,0,1,0,0.3644,0.2957,0.0719,0.1588,0.1038,0.2145,0.035,0.0,0.7884,0.0,11,10,15.81,18.66
4535572,2025-01-14,ita,2024/2025,Serie A,19,Daniele Doveri,8524,Atalanta,9885,Juventus,1,1,1,60,40,17,17,6,9,7,4,4,4,0,2,11,13,6,4,3,3,2,3,2,2,38,22,10,7,1,1,0,0,2,2,15,27,7,9,5,5,15,29,7,4,53,62,36.0,49.0,17.0,13.0,14.0,12.0,643,424,586.0,365.0,273,223,313,142,26.0,11.0,4.0,2.0,1.43,1.54,1.35,1.11,0.08,0.42,1.43,1.54,0.94,1.4,0,1,10,7,1,5,4,3,2,1,0.0,0.3257,1.0696,0.5111,0.0607,0.4578,0.2559,0.2219,0.045,0.0465,14,10,1,1,1,5,1,1,0,0,1.262,0.9314,0.0848,0.1897,0.0263,0.4218,0.0582,0.0201,0.0,0.0,17,17,15.27,14.07
4535572,2025-01-14,ita,2024/2025,Serie A,19,Daniele Doveri,9885,Juventus,8524,Atalanta,0,1,1,40,60,17,17,9,6,4,7,4,4,2,0,13,11,4,6,3,3,3,2,2,2,22,38,7,10,1,1,0,0,2,2,27,15,9,7,5,5,29,15,4,7,62,53,49.0,36.0,13.0,17.0,12.0,14.0,424,643,365.0,586.0,223,273,142,313,11.0,26.0,2.0,4.0,1.54,1.43,1.11,1.35,0.42,0.08,1.54,1.43,1.4,0.94,1,0,7,10,5,1,3,4,1,2,0.3257,0.0,0.5111,1.0696,0.4578,0.0607,0.2219,0.2559,0.0465,0.045,10,14,1,1,5,1,1,1,0,0,0.9314,1.262,0.1897,0.0848,0.4218,0.0263,0.0201,0.0582,0.0,0.0,17,17,14.07,15.27
4535573,2025-01-14,ita,2024/2025,Serie A,19,Gianluca Manganiello,10171,Como,8564,Milan,1,1,2,51,49,12,12,4,6,6,3,2,3,0,0,9,10,3,2,2,4,2,2,2,1,23,24,11,17,1,6,0,0,3,1,18,29,9,4,3,2,18,17,4,3,52,63,43.0,55.0,9.0,8.0,8.0,16.0,389,378,322.0,308.0,161,197,161,111,25.0,19.0,6.0,3.0,1.27,1.3,0.87,1.13,0.4,0.17,1.27,1.3,0.44,1.77,2,2,4,7,3,1,0,2,3,0,0.5738,0.1566,0.6954,1.0625,0.0741,0.0516,0.0,0.0808,0.0858,0.0,7,5,1,4,1,2,3,1,0,0,0.5659,0.5032,0.4532,0.6798,0.1784,0.1008,0.2317,0.0676,0.0,0.0,12,12,15.44,14.46
4535573,2025-01-14,ita,2024/2025,Serie A,19,Gianluca Manganiello,8564,Milan,10171,Como,0,2,1,49,51,12,12,6,4,3,6,3,2,0,0,10,9,2,3,4,2,2,2,1,2,24,23,17,11,6,1,0,0,1,3,29,18,4,9,2,3,17,18,3,4,63,52,55.0,43.0,8.0,9.0,16.0,8.0,378,389,308.0,322.0,197,161,111,161,19.0,25.0,3.0,6.0,1.3,1.27,1.13,0.87,0.17,0.4,1.3,1.27,1.77,0.44,2,2,7,4,1,3,2,0,0,3,0.1566,0.5738,1.0625,0.6954,0.0516,0.0741,0.0808,0.0,0.0,0.0858,5,7,4,1,2,1,1,3,0,0,0.5032,0.5659,0.6798,0.4532,0.1008,0.1784,0.0676,0.2317,0.0,0.0,12,12,14.46,15.44
4535576,2025-01-15,ita,2024/2025,Serie A,19,Luca Pairetto,8636,Inter,9857,Bologna,1,2,2,48,52,12,14,6,6,5,7,1,1,0,1,9,7,3,7,3,3,3,1,1,1,20,18,19,13,0,0,0,0,2,3,9,14,5,4,0,1,24,14,4,4,48,49,27.0,39.0,21.0,10.0,8.0,6.0,398,427,328.0,357.0,214,191,114,166,31.0,44.0,3.0,2.0,1.74,0.64,1.63,0.46,0.11,0.18,1.74,0.64,1.61,1.12,1,0,5,4,3,3,2,3,1,4,0.9681,0.0,0.605,0.3677,0.1293,0.1036,0.1304,0.0994,0.0073,0.0735,6,10,5,1,0,1,1,2,0,0,0.4638,0.424,1.2675,0.0361,0.0,0.0743,0.1088,0.1098,0.0,0.0,12,14,18.23,20.68
4535576,2025-01-15,ita,2024/2025,Serie A,19,Luca Pairetto,9857,Bologna,8636,Inter,0,2,2,52,48,14,12,6,6,7,5,1,1,1,0,7,9,7,3,3,3,1,3,1,1,18,20,13,19,0,0,0,0,3,2,14,9,4,5,1,0,14,24,4,4,49,48,39.0,27.0,10.0,21.0,6.0,8.0,427,398,357.0,328.0,191,214,166,114,44.0,31.0,2.0,3.0,0.64,1.74,0.46,1.63,0.18,0.11,0.64,1.74,1.12,1.61,0,1,4,5,3,3,3,2,4,1,0.0,0.9681,0.3677,0.605,0.1036,0.1293,0.0994,0.1304,0.0735,0.0073,10,6,1,5,1,0,2,1,0,0,0.424,0.4638,0.0361,1.2675,0.0743,0.0,0.1098,0.1088,0.0,0.0,14,12,20.68,18.23
4535329,2025-01-17,ita,2024/2025,Serie A,21,Luca Zufferli,8686,Roma,10233,Genoa,1,3,1,53,47,16,7,7,3,7,3,2,1,1,0,10,5,6,2,3,2,2,1,1,0,22,12,12,12,1,1,0,0,0,1,14,14,9,5,1,2,10,18,2,5,43,39,34.0,28.0,9.0,11.0,8.0,4.0,513,460,453.0,384.0,264,290,189,94,28.0,17.0,5.0,4.0,1.57,0.5,1.45,0.39,0.12,0.11,1.57,0.5,2.88,0.33,3,0,3,5,4,0,6,2,0,0,1.2817,0.0,0.2714,0.4174,0.1226,0.0,0.2132,0.0821,0.0,0.0,11,5,1,0,1,2,3,0,0,0,1.7043,0.3874,0.0602,0.0,0.0221,0.1121,0.1024,0.0,0.0,0.0,16,7,17.78,15.61
4535329,2025-01-17,ita,2024/2025,Serie A,21,Luca Zufferli,10233,Genoa,8686,Roma,0,1,3,47,53,7,16,3,7,3,7,1,2,0,1,5,10,2,6,2,3,1,2,0,1,12,22,12,12,1,1,0,0,1,0,14,14,5,9,2,1,18,10,5,2,39,43,28.0,34.0,11.0,9.0,4.0,8.0,460,513,384.0,453.0,290,264,94,189,17.0,28.0,4.0,5.0,0.5,1.57,0.39,1.45,0.11,0.12,0.5,1.57,0.33,2.88,0,3,5,3,0,4,2,6,0,0,0.0,1.2817,0.4174,0.2714,0.0,0.1226,0.0821,0.2132,0.0,0.0,5,11,0,1,2,1,0,3,0,0,0.3874,1.7043,0.0,0.0602,0.1121,0.0221,0.0,0.1024,0.0,0.0,7,16,15.61,17.78
4535320,2025-01-18,ita,2024/2025,Serie A,21,Andrea Colombo,8524,Atalanta,9875,Napoli,1,2,3,57,43,15,6,6,3,7,2,2,1,0,0,11,4,4,2,3,1,0,2,0,0,32,12,18,9,4,2,0,0,1,1,22,18,7,7,1,2,12,20,0,4,48,56,34.0,41.0,14.0,15.0,5.0,6.0,545,428,474.0,351.0,240,217,234,134,22.0,19.0,8.0,3.0,0.7,0.8,0.58,0.8,0.12,0.0,0.7,0.8,2.64,1.09,0,1,5,1,6,2,2,1,2,1,0.0,0.3713,0.3152,0.237,0.2829,0.1333,0.0526,0.0294,0.0536,0.0195,11,6,1,0,3,0,0,0,0,0,0.5312,0.7904,0.0537,0.0,0.1194,0.0,0.0,0.0,0.0,0.0,15,6,17.41,17.38
4535320,2025-01-18,ita,2024/2025,Serie A,21,Andrea Colombo,9875,Napoli,8524,Atalanta,0,3,2,43,57,6,15,3,6,2,7,1,2,0,0,4,11,2,4,1,3,2,0,0,0,12,32,9,18,2,4,0,0,1,1,18,22,7,7,2,1,20,12,4,0,56,48,41.0,34.0,15.0,14.0,6.0,5.0,428,545,351.0,474.0,217,240,134,234,19.0,22.0,3.0,8.0,0.8,0.7,0.8,0.58,0.0,0.12,0.8,0.7,1.09,2.64,1,0,1,5,2,6,1,2,1,2,0.3713,0.0,0.237,0.3152,0.1333,0.2829,0.0294,0.0526,0.0195,0.0536,6,11,0,1,0,3,0,0,0,0,0.7904,0.5312,0.0,0.0537,0.0,0.1194,0.0,0.0,0.0,0.0,6,15,17.38,17.41
4535321,2025-01-18,ita,2024/2025,Serie A,21,Maurizio Mariani,9857,Bologna,6504,Monza,1,3,1,59,41,18,3,7,1,5,2,6,0,1,0,13,1,5,2,4,0,5,1,3,0,24,3,16,18,1,3,0,0,0,1,24,17,0,6,0,6,14,19,0,4,77,64,50.0,44.0,27.0,20.0,9.0,11.0,568,404,475.0,316.0,222,205,253,111,47.0,31.0,9.0,0.0,1.85,0.6,1.42,0.6,0.43,0.0,1.85,0.6,2.19,0.65,4,0,7,1,3,0,2,2,2,0,0.8831,0.0,0.6845,0.4299,0.1689,0.0,0.096,0.0537,0.0572,0.0,12,2,0,1,5,0,1,0,0,0,1.452,0.0537,0.0,0.4299,0.3903,0.0,0.0473,0.0,0.0,0.0,18,3,13.21,20.45
4535321,2025-01-18,ita,2024/2025,Serie A,21,Maurizio Mariani,6504,Monza,9857,Bologna,0,1,3,41,59,3,18,1,7,2,5,0,6,0,1,1,13,2,5,0,4,1,5,0,3,3,24,18,16,3,1,0,0,1,0,17,24,6,0,6,0,19,14,4,0,64,77,44.0,50.0,20.0,27.0,11.0,9.0,404,568,316.0,475.0,205,222,111,253,31.0,47.0,0.0,9.0,0.6,1.85,0.6,1.42,0.0,0.43,0.6,1.85,0.65,2.19,0,4,1,7,0,3,2,2,0,2,0.0,0.8831,0.4299,0.6845,0.0,0.1689,0.0537,0.096,0.0,0.0572,2,12,1,0,0,5,0,1,0,0,0.0537,1.452,0.4299,0.0,0.0,0.3903,0.0,0.0473,0.0,0.0,3,18,20.45,13.21
4535327,2025-01-18,ita,2024/2025,Serie A,21,Davide Massa,9885,Juventus,8564,Milan,1,2,0,60,40,15,13,6,3,7,5,2,5,0,0,10,9,5,4,5,5,2,2,1,2,19,28,19,11,0,2,0,0,1,1,14,19,11,7,6,2,8,21,1,4,40,50,30.0,44.0,10.0,6.0,6.0,7.0,558,368,510.0,312.0,232,189,278,123,28.0,17.0,4.0,5.0,1.08,0.97,0.95,0.69,0.13,0.28,1.08,0.97,0.78,0.4,1,0,5,6,4,3,2,3,3,1,0.1143,0.0,0.5301,0.6715,0.2384,0.1731,0.1166,0.1074,0.0818,0.0164,11,9,2,0,1,3,1,1,0,0,0.6321,0.6923,0.3215,0.0,0.1143,0.2596,0.0134,0.0164,0.0,0.0,15,13,18.08,16.76
4535327,2025-01-18,ita,2024/2025,Serie A,21,Davide Massa,8564,Milan,9885,Juventus,0,0,2,40,60,13,15,3,6,5,7,5,2,0,0,9,10,4,5,5,5,2,2,2,1,28,19,11,19,2,0,0,0,1,1,19,14,7,11,2,6,21,8,4,1,50,40,44.0,30.0,6.0,10.0,7.0,6.0,368,558,312.0,510.0,189,232,123,278,17.0,28.0,5.0,4.0,0.97,1.08,0.69,0.95,0.28,0.13,0.97,1.08,0.4,0.78,0,1,6,5,3,4,3,2,1,3,0.0,0.1143,0.6715,0.5301,0.1731,0.2384,0.1074,0.1166,0.0164,0.0818,9,11,0,2,3,1,1,1,0,0,0.6923,0.6321,0.0,0.3215,0.2596,0.1143,0.0164,0.0134,0.0,0.0,13,15,16.76,18.08
4535322,2025-01-19,ita,2024/2025,Serie A,21,Juan Luca Sacchi,8529,Cagliari,9888,Lecce,1,4,1,50,50,19,7,7,2,7,4,5,1,0,0,16,5,3,2,6,1,5,0,2,0,33,15,11,10,3,1,0,1,2,2,15,10,8,6,1,6,13,21,1,2,52,47,35.0,24.0,17.0,23.0,10.0,5.0,412,430,333.0,344.0,198,230,135,114,16.0,20.0,10.0,3.0,2.62,0.5,1.5,0.5,1.12,0.0,2.62,0.5,3.09,1.16,4,0,10,5,2,0,1,2,2,0,1.3015,0.0,1.0955,0.3514,0.151,0.0,0.0205,0.0936,0.0532,0.0,12,7,0,0,6,0,1,0,0,0,1.4997,0.4451,0.0,0.0,0.9201,0.0,0.2019,0.0,0.0,0.0,19,7,12.93,15.28
4535322,2025-01-19,ita,2024/2025,Serie A,21,Juan Luca Sacchi,9888,Lecce,8529,Cagliari,0,1,4,50,50,7,19,2,7,4,7,1,5,0,0,5,16,2,3,1,6,0,5,0,2,15,33,10,11,1,3,1,0,2,2,10,15,6,8,6,1,21,13,2,1,47,52,24.0,35.0,23.0,17.0,5.0,10.0,430,412,344.0,333.0,230,198,114,135,20.0,16.0,3.0,10.0,0.5,2.62,0.5,1.5,0.0,1.12,0.5,2.62,1.16,3.09,0,4,5,10,0,2,2,1,0,2,0.0,1.3015,0.3514,1.0955,0.0,0.151,0.0936,0.0205,0.0,0.0532,7,12,0,0,0,6,0,1,0,0,0.4451,1.4997,0.0,0.0,0.0,0.9201,0.0,0.2019,0.0,0.0,7,19,15.28,12.93
4535324,2025-01-19,ita,2024/2025,Serie A,21,Livio Marinelli,8535,Fiorentina,9804,Torino,1,1,1,54,46,20,6,6,3,7,2,7,1,0,1,13,4,7,2,9,2,2,1,1,0,33,11,16,11,3,1,0,1,0,3,18,13,6,6,1,7,20,26,2,6,51,43,37.0,33.0,14.0,10.0,9.0,5.0,447,395,394.0,327.0,186,205,208,122,30.0,16.0,7.0,2.0,1.52,0.4,1.07,0.34,0.45,0.07,1.52,0.4,1.32,0.36,0,0,9,3,4,1,6,2,1,0,0.0,0.0,1.0984,0.3312,0.1284,0.0369,0.3162,0.0796,0.0117,0.0,14,4,0,0,4,0,2,2,0,0,1.1017,0.368,0.0,0.0,0.1063,0.0,0.3467,0.0796,0.0,0.0,20,6,15.27,17.48
4535324,2025-01-19,ita,2024/2025,Serie A,21,Livio Marinelli,9804,Torino,8535,Fiorentina,0,1,1,46,54,6,20,3,6,2,7,1,7,1,0,4,13,2,7,2,9,1,2,0,1,11,33,11,16,1,3,1,0,3,0,13,18,6,6,7,1,26,20,6,2,43,51,33.0,37.0,10.0,14.0,5.0,9.0,395,447,327.0,394.0,205,186,122,208,16.0,30.0,2.0,7.0,0.4,1.52,0.34,1.07,0.07,0.45,0.4,1.52,0.36,1.32,0,0,3,9,1,4,2,6,0,1,0.0,0.0,0.3312,1.0984,0.0369,0.1284,0.0796,0.3162,0.0,0.0117,4,14,0,0,0,4,2,2,0,0,0.368,1.1017,0.0,0.0,0.0,0.1063,0.0796,0.3467,0.0,0.0,6,20,17.48,15.27
4535325,2025-01-19,ita,2024/2025,Serie A,21,Michael Fabbri,9876,Hellas Verona,8543,Lazio,1,0,3,35,65,16,14,3,5,9,4,4,5,1,0,11,9,5,5,5,6,3,2,3,1,25,23,10,8,4,2,1,0,2,0,14,15,10,8,5,4,15,22,2,3,38,54,22.0,34.0,16.0,20.0,3.0,9.0,308,599,234.0,536.0,128,364,106,172,17.0,28.0,7.0,6.0,1.33,1.45,1.14,1.1,0.19,0.34,1.33,1.45,0.57,1.52,1,3,6,3,4,3,5,5,0,0,0.1173,0.7545,0.9834,0.3941,0.1048,0.1335,0.1274,0.203,0.0,0.0,12,10,0,1,4,2,0,1,0,0,1.1394,0.8839,0.0,0.2131,0.1937,0.3309,0.0,0.0573,0.0,0.0,16,14,15.57,15.89
4535325,2025-01-19,ita,2024/2025,Serie A,21,Michael Fabbri,8543,Lazio,9876,Hellas Verona,0,3,0,65,35,14,16,5,3,4,9,5,4,0,1,9,11,5,5,6,5,2,3,1,3,23,25,8,10,2,4,0,1,0,2,15,14,8,10,4,5,22,15,3,2,54,38,34.0,22.0,20.0,16.0,9.0,3.0,599,308,536.0,234.0,364,128,172,106,28.0,17.0,6.0,7.0,1.45,1.33,1.1,1.14,0.34,0.19,1.45,1.33,1.52,0.57,3,1,3,6,3,4,5,5,0,0,0.7545,0.1173,0.3941,0.9834,0.1335,0.1048,0.203,0.1274,0.0,0.0,10,12,1,0,2,4,1,0,0,0,0.8839,1.1394,0.2131,0.0,0.3309,0.1937,0.0573,0.0,0.0,0.0,14,16,15.89,15.57
4535326,2025-01-19,ita,2024/2025,Serie A,21,Ermanno Feliciani,8636,Inter,8534,Empoli,1,3,1,68,32,19,5,7,1,7,4,5,0,1,0,11,1,8,4,7,3,4,1,3,0,34,6,10,9,0,0,0,0,2,0,19,13,7,16,0,4,10,31,0,5,47,39,29.0,24.0,18.0,15.0,2.0,3.0,672,304,584.0,227.0,270,131,314,96,30.0,24.0,6.0,1.0,2.11,0.28,1.8,0.21,0.31,0.07,2.11,0.28,1.91,0.6,1,1,6,0,4,0,8,3,0,1,0.5202,0.2029,1.1161,0.0,0.1762,0.0,0.2976,0.1306,0.0,0.0299,12,3,0,0,5,1,2,1,0,0,1.8435,0.2759,0.0,0.0,0.1633,0.0486,0.1033,0.039,0.0,0.0,19,5,16.12,22.13
4535326,2025-01-19,ita,2024/2025,Serie A,21,Ermanno Feliciani,8534,Empoli,8636,Inter,0,1,3,32,68,5,19,1,7,4,7,0,5,0,1,1,11,4,8,3,7,1,4,0,3,6,34,9,10,0,0,0,0,0,2,13,19,16,7,4,0,31,10,5,0,39,47,24.0,29.0,15.0,18.0,3.0,2.0,304,672,227.0,584.0,131,270,96,314,24.0,30.0,1.0,6.0,0.28,2.11,0.21,1.8,0.07,0.31,0.28,2.11,0.6,1.91,1,1,0,6,0,4,3,8,1,0,0.2029,0.5202,0.0,1.1161,0.0,0.1762,0.1306,0.2976,0.0299,0.0,3,12,0,0,1,5,1,2,0,0,0.2759,1.8435,0.0,0.0,0.0486,0.1633,0.039,0.1033,0.0,0.0,5,19,22.13,16.12
4535328,2025-01-19,ita,2024/2025,Serie A,21,Francesco Fourneau,10167,Parma,7881,Venezia,1,1,1,60,40,19,7,8,2,8,2,3,3,0,0,8,5,11,2,8,2,1,1,0,0,31,23,13,16,2,3,0,0,0,1,17,23,11,5,3,2,12,32,1,7,68,53,47.0,39.0,21.0,14.0,15.0,5.0,496,327,414.0,254.0,200,151,214,103,21.0,21.0,4.0,6.0,1.63,1.2,0.63,0.41,0.22,0.0,0.84,0.41,1.78,0.77,0,0,6,4,2,1,6,2,5,0,0.0,0.0,1.2734,0.9992,0.0694,0.0324,0.1722,0.1051,0.1181,0.0,10,6,2,0,2,0,4,0,1,1,0.543,0.3483,0.0846,0.0,0.0579,0.0,0.1593,0.0,0.7884,0.7884,19,7,21.06,14.43
4535328,2025-01-19,ita,2024/2025,Serie A,21,Francesco Fourneau,7881,Venezia,10167,Parma,0,1,1,40,60,7,19,2,8,2,8,3,3,0,0,5,8,2,11,2,8,1,1,0,0,23,31,16,13,3,2,0,0,1,0,23,17,5,11,2,3,32,12,7,1,53,68,39.0,47.0,14.0,21.0,5.0,15.0,327,496,254.0,414.0,151,200,103,214,21.0,21.0,6.0,4.0,1.2,1.63,0.41,0.63,0.0,0.22,0.41,0.84,0.77,1.78,0,0,4,6,1,2,2,6,0,5,0.0,0.0,0.9992,1.2734,0.0324,0.0694,0.1051,0.1722,0.0,0.1181,6,10,0,2,0,2,0,4,1,1,0.3483,0.543,0.0,0.0846,0.0,0.0579,0.0,0.1593,0.7884,0.7884,7,19,14.43,21.06
4535323,2025-01-20,ita,2024/2025,Serie A,21,Francesco Cosso,10171,Como,8600,Udinese,1,4,1,51,49,11,6,8,2,2,3,1,1,0,1,7,3,4,3,3,2,2,1,0,1,21,8,10,16,0,2,1,1,2,4,15,19,5,13,1,1,14,12,2,5,49,52,37.0,39.0,12.0,13.0,9.0,10.0,403,379,335.0,324.0,235,182,100,142,31.0,22.0,6.0,4.0,1.44,0.59,1.27,0.59,0.18,0.0,1.44,0.59,2.15,0.48,1,1,4,1,2,1,2,3,2,0,0.8567,0.2655,0.3177,0.1497,0.1634,0.0662,0.034,0.1033,0.0705,0.0,3,5,4,1,4,0,0,0,0,0,0.1831,0.435,1.0821,0.1497,0.177,0.0,0.0,0.0,0.0,0.0,11,6,16.83,17.92
4535323,2025-01-20,ita,2024/2025,Serie A,21,Francesco Cosso,8600,Udinese,10171,Como,0,1,4,49,51,6,11,2,8,3,2,1,1,1,0,3,7,3,4,2,3,1,2,1,0,8,21,16,10,2,0,1,1,4,2,19,15,13,5,1,1,12,14,5,2,52,49,39.0,37.0,13.0,12.0,10.0,9.0,379,403,324.0,335.0,182,235,142,100,22.0,31.0,4.0,6.0,0.59,1.44,0.59,1.27,0.0,0.18,0.59,1.44,0.48,2.15,1,1,1,4,1,2,3,2,0,2,0.2655,0.8567,0.1497,0.3177,0.0662,0.1634,0.1033,0.034,0.0,0.0705,5,3,1,4,0,4,0,0,0,0,0.435,0.1831,0.1497,1.0821,0.0,0.177,0.0,0.0,0.0,0.0,6,11,17.92,16.83
4535337,2025-01-24,ita,2024/2025,Serie A,22,Kevin Bonacina,9804,Torino,8529,Cagliari,1,2,0,50,50,19,6,6,1,6,4,7,1,2,0,13,6,6,0,6,3,5,0,5,0,26,11,11,10,0,1,0,0,4,1,10,12,9,8,1,7,13,20,1,4,39,33,24.0,25.0,15.0,8.0,5.0,4.0,422,420,352.0,342.0,174,194,178,148,22.0,25.0,7.0,6.0,1.57,0.36,0.83,0.23,0.74,0.13,1.57,0.36,2.17,0.03,2,0,7,6,4,0,5,0,1,0,0.4314,0.0,0.5824,0.3424,0.2549,0.0,0.2898,0.0,0.0143,0.0,9,4,2,0,7,1,1,1,0,0,0.65,0.2304,0.1826,0.0,0.5893,0.04,0.1509,0.072,0.0,0.0,19,6,15.45,10.4
4535337,2025-01-24,ita,2024/2025,Serie A,22,Kevin Bonacina,8529,Cagliari,9804,Torino,0,0,2,50,50,6,19,1,6,4,6,1,7,0,2,6,13,0,6,3,6,0,5,0,5,11,26,10,11,1,0,0,0,1,4,12,10,8,9,7,1,20,13,4,1,33,39,25.0,24.0,8.0,15.0,4.0,5.0,420,422,342.0,352.0,194,174,148,178,25.0,22.0,6.0,7.0,0.36,1.57,0.23,0.83,0.13,0.74,0.36,1.57,0.03,2.17,0,2,6,7,0,4,0,5,0,1,0.0,0.4314,0.3424,0.5824,0.0,0.2549,0.0,0.2898,0.0,0.0143,4,9,0,2,1,7,1,1,0,0,0.2304,0.65,0.0,0.1826,0.04,0.5893,0.072,0.1509,0.0,0.0,6,19,10.4,15.45
4535330,2025-01-25,ita,2024/2025,Serie A,22,Luca Pairetto,10171,Como,8524,Atalanta,1,1,2,54,46,15,5,5,3,5,1,5,1,0,0,9,4,6,1,4,5,0,2,0,1,22,18,15,10,2,3,0,0,1,3,22,24,7,11,1,5,10,11,1,4,50,59,42.0,45.0,8.0,14.0,11.0,8.0,480,402,398.0,327.0,227,208,171,119,27.0,17.0,1.0,2.0,0.77,1.0,0.71,0.99,0.05,0.01,0.77,1.0,0.93,1.93,0,0,7,4,2,0,3,0,3,1,0.0,0.0,0.5557,0.9392,0.0667,0.0,0.0741,0.0,0.071,0.0198,13,3,0,1,1,1,1,0,0,0,0.7129,0.1985,0.0,0.7068,0.0182,0.0537,0.0363,0.0,0.0,0.0,15,5,18.25,14.04
4535330,2025-01-25,ita,2024/2025,Serie A,22,Luca Pairetto,8524,Atalanta,10171,Como,0,2,1,46,54,5,15,3,5,1,5,1,5,0,0,4,9,1,6,5,4,2,0,1,0,18,22,10,15,3,2,0,0,3,1,24,22,11,7,5,1,11,10,4,1,59,50,45.0,42.0,14.0,8.0,8.0,11.0,402,480,327.0,398.0,208,227,119,171,17.0,27.0,2.0,1.0,1.0,0.77,0.99,0.71,0.01,0.05,1.0,0.77,1.93,0.93,0,0,4,7,0,2,0,3,1,3,0.0,0.0,0.9392,0.5557,0.0,0.0667,0.0,0.0741,0.0198,0.071,3,13,1,0,1,1,0,1,0,0,0.1985,0.7129,0.7068,0.0,0.0537,0.0182,0.0,0.0363,0.0,0.0,5,15,14.04,18.25
4535331,2025-01-25,ita,2024/2025,Serie A,22,Federico La Penna,8534,Empoli,9857,Bologna,1,1,1,36,64,5,9,1,8,2,0,2,1,0,0,4,8,1,1,2,4,1,1,0,1,17,20,25,13,3,0,0,0,2,0,18,17,6,4,1,2,43,22,7,0,50,64,35.0,42.0,15.0,22.0,5.0,2.0,245,432,156.0,337.0,85,167,71,170,20.0,36.0,3.0,7.0,0.68,0.67,0.54,0.24,0.14,0.43,0.68,0.67,0.6,1.55,1,1,3,5,0,2,1,0,0,1,0.3952,0.2248,0.1625,0.3045,0.0,0.0991,0.0105,0.0,0.0,0.0397,2,3,0,0,1,3,2,3,0,0,0.4057,0.2376,0.0,0.0,0.0589,0.3331,0.1037,0.0974,0.0,0.0,5,9,15.68,11.81
4535331,2025-01-25,ita,2024/2025,Serie A,22,Federico La Penna,9857,Bologna,8534,Empoli,0,1,1,64,36,9,5,8,1,0,2,1,2,0,0,8,4,1,1,4,2,1,1,1,0,20,17,13,25,0,3,0,0,0,2,17,18,4,6,2,1,22,43,0,7,64,50,42.0,35.0,22.0,15.0,2.0,5.0,432,245,337.0,156.0,167,85,170,71,36.0,20.0,7.0,3.0,0.67,0.68,0.24,0.54,0.43,0.14,0.67,0.68,1.55,0.6,1,1,5,3,2,0,0,1,1,0,0.2248,0.3952,0.3045,0.1625,0.0991,0.0,0.0,0.0105,0.0397,0.0,3,2,0,0,3,1,3,2,0,0,0.2376,0.4057,0.0,0.0,0.3331,0.0589,0.0974,0.1037,0.0,0.0,9,5,11.81,15.68
4535336,2025-01-25,ita,2024/2025,Serie A,22,Daniele Chiffi,9875,Napoli,9885,Juventus,1,2,1,49,51,14,5,3,2,5,3,6,0,0,0,10,3,4,2,9,1,3,2,1,1,26,12,9,15,2,2,0,0,1,1,14,16,8,7,0,6,17,20,1,1,54,39,37.0,31.0,17.0,8.0,8.0,6.0,396,429,353.0,376.0,198,239,155,137,24.0,22.0,6.0,0.0,2.37,0.78,1.02,0.78,0.56,0.0,1.58,0.78,2.04,1.12,3,0,6,3,1,0,1,2,3,0,0.8948,0.0,1.3296,0.7587,0.0243,0.0,0.0332,0.0487,0.0895,0.0,8,4,0,1,3,0,2,0,1,0,1.0239,0.7858,0.0,0.0217,0.4829,0.0,0.0762,0.0,0.7884,0.0,14,5,14.03,16.94
4535336,2025-01-25,ita,2024/2025,Serie A,22,Daniele Chiffi,9885,Juventus,9875,Napoli,0,1,2,51,49,5,14,2,3,3,5,0,6,0,0,3,10,2,4,1,9,2,3,1,1,12,26,15,9,2,2,0,0,1,1,16,14,7,8,6,0,20,17,1,1,39,54,31.0,37.0,8.0,17.0,6.0,8.0,429,396,376.0,353.0,239,198,137,155,22.0,24.0,0.0,6.0,0.78,2.37,0.78,1.02,0.0,0.56,0.78,1.58,1.12,2.04,0,3,3,6,0,1,2,1,0,3,0.0,0.8948,0.7587,1.3296,0.0,0.0243,0.0487,0.0332,0.0,0.0895,4,8,1,0,0,3,0,2,0,1,0.7858,1.0239,0.0217,0.0,0.0,0.4829,0.0,0.0762,0.0,0.7884,5,14,16.94,14.03
4535333,2025-01-26,ita,2024/2025,Serie A,22,Antonio Rapuano,8543,Lazio,8535,Fiorentina,1,1,2,70,30,22,7,3,3,11,3,8,1,1,1,12,5,10,2,14,2,1,2,0,1,47,11,9,12,1,2,0,1,0,2,18,20,4,7,1,8,10,45,1,2,55,53,39.0,35.0,16.0,18.0,10.0,6.0,571,250,510.0,192.0,182,135,328,57,17.0,22.0,7.0,2.0,1.41,0.73,0.57,0.66,0.84,0.07,1.41,0.73,1.03,1.15,3,0,8,5,1,0,8,2,2,0,0.5246,0.0,0.5177,0.7039,0.0481,0.0,0.2756,0.0276,0.0401,0.0,12,5,0,0,6,0,4,2,0,0,0.569,0.6643,0.0,0.0,0.3607,0.0,0.4765,0.0672,0.0,0.0,22,7,16.53,15.25
4535333,2025-01-26,ita,2024/2025,Serie A,22,Antonio Rapuano,8535,Fiorentina,8543,Lazio,0,2,1,30,70,7,22,3,3,3,11,1,8,1,1,5,12,2,10,2,14,2,1,1,0,11,47,12,9,2,1,1,0,2,0,20,18,7,4,8,1,45,10,2,1,53,55,35.0,39.0,18.0,16.0,6.0,10.0,250,571,192.0,510.0,135,182,57,328,22.0,17.0,2.0,7.0,0.73,1.41,0.66,0.57,0.07,0.84,0.73,1.41,1.15,1.03,0,3,5,8,0,1,2,8,0,2,0.0,0.5246,0.7039,0.5177,0.0,0.0481,0.0276,0.2756,0.0,0.0401,5,12,0,0,0,6,2,4,0,0,0.6643,0.569,0.0,0.0,0.0,0.3607,0.0672,0.4765,0.0,0.0,7,22,15.25,16.53
4535334,2025-01-26,ita,2024/2025,Serie A,22,Livio Marinelli,9888,Lecce,8636,Inter,1,0,4,50,50,17,9,4,5,8,1,5,3,0,0,12,7,5,2,7,0,0,4,0,1,16,23,13,12,0,2,0,0,1,4,20,10,9,6,3,5,11,20,1,4,43,39,37.0,30.0,6.0,9.0,5.0,8.0,438,462,377.0,407.0,224,274,153,133,22.0,18.0,8.0,1.0,0.88,2.03,0.59,1.24,0.29,0.01,0.88,1.25,1.25,2.97,1,1,8,5,3,1,3,1,2,1,0.0686,0.3951,0.5682,1.6082,0.0893,0.0844,0.1138,0.0228,0.0381,0.011,11,7,1,0,4,0,1,1,0,1,0.5623,1.3221,0.0278,0.0,0.2074,0.0,0.0805,0.011,0.0,0.7884,17,9,17.28,13.74
4535334,2025-01-26,ita,2024/2025,Serie A,22,Livio Marinelli,8636,Inter,9888,Lecce,0,4,0,50,50,9,17,5,4,1,8,3,5,0,0,7,12,2,5,0,7,4,0,1,0,23,16,12,13,2,0,0,0,4,1,10,20,6,9,5,3,20,11,4,1,39,43,30.0,37.0,9.0,6.0,8.0,5.0,462,438,407.0,377.0,274,224,133,153,18.0,22.0,1.0,8.0,2.03,0.88,1.24,0.59,0.01,0.29,1.25,0.88,2.97,1.25,1,1,5,8,1,3,1,3,1,2,0.3951,0.0686,1.6082,0.5682,0.0844,0.0893,0.0228,0.1138,0.011,0.0381,7,11,0,1,0,4,1,1,1,0,1.3221,0.5623,0.0,0.0278,0.0,0.2074,0.011,0.0805,0.7884,0.0,9,17,13.74,17.28
4535335,2025-01-26,ita,2024/2025,Serie A,22,Rosario Abisso,8564,Milan,10167,Parma,1,3,2,61,39,14,12,5,5,3,3,6,4,0,0,8,6,6,6,7,4,4,3,1,2,39,19,14,7,2,5,0,0,5,0,11,20,8,9,4,5,14,29,3,2,45,57,28.0,36.0,17.0,21.0,11.0,6.0,475,312,420.0,251.0,163,153,257,98,28.0,20.0,3.0,3.0,2.32,1.66,1.43,1.61,0.09,0.05,1.53,1.66,2.78,2.15,1,0,6,5,1,1,2,3,4,3,0.6514,0.0,1.3958,2.0796,0.0973,0.0849,0.1023,0.1035,0.0691,0.0625,11,5,0,5,0,1,2,1,1,0,1.4333,0.2655,0.0,2.0163,0.0,0.0151,0.0941,0.0337,0.7884,0.0,14,12,17.32,20.85
4535335,2025-01-26,ita,2024/2025,Serie A,22,Rosario Abisso,10167,Parma,8564,Milan,0,2,3,39,61,12,14,5,5,3,3,4,6,0,0,6,8,6,6,4,7,3,4,2,1,19,39,7,14,5,2,0,0,0,5,20,11,9,8,5,4,29,14,2,3,57,45,36.0,28.0,21.0,17.0,6.0,11.0,312,475,251.0,420.0,153,163,98,257,20.0,28.0,3.0,3.0,1.66,2.32,1.61,1.43,0.05,0.09,1.66,1.53,2.15,2.78,0,1,5,6,1,1,3,2,3,4,0.0,0.6514,2.0796,1.3958,0.0849,0.0973,0.1035,0.1023,0.0625,0.0691,5,11,5,0,1,0,1,2,0,1,0.2655,1.4333,2.0163,0.0,0.0151,0.0,0.0337,0.0941,0.0,0.7884,12,14,20.85,17.32
4535338,2025-01-26,ita,2024/2025,Serie A,22,Simone Sozza,8600,Udinese,8686,Roma,1,1,2,49,51,10,16,3,10,3,3,4,3,0,0,5,10,5,6,1,5,1,2,0,0,12,19,15,12,2,2,0,0,1,4,18,8,5,7,2,4,35,34,7,2,43,36,35.0,24.0,8.0,12.0,6.0,2.0,425,449,353.0,385.0,190,239,163,146,25.0,20.0,3.0,4.0,0.8,2.73,0.19,0.46,0.61,0.69,0.8,1.15,0.88,3.51,1,3,2,5,2,2,4,6,1,0,0.0564,0.6555,0.5084,1.7954,0.0919,0.0432,0.1186,0.36,0.0252,0.0,7,7,0,2,0,1,3,4,0,2,0.2358,0.3013,0.0,0.1572,0.0,0.0852,0.5648,0.7335,0.0,1.5768,10,16,19.12,14.42
4535338,2025-01-26,ita,2024/2025,Serie A,22,Simone Sozza,8686,Roma,8600,Udinese,0,2,1,51,49,16,10,10,3,3,3,3,4,0,0,10,5,6,5,5,1,2,1,0,0,19,12,12,15,2,2,0,0,4,1,8,18,7,5,4,2,34,35,2,7,36,43,24.0,35.0,12.0,8.0,2.0,6.0,449,425,385.0,353.0,239,190,146,163,20.0,25.0,4.0,3.0,2.73,0.8,0.46,0.19,0.69,0.61,1.15,0.8,3.51,0.88,3,1,5,2,2,2,6,4,0,1,0.6555,0.0564,1.7954,0.5084,0.0432,0.0919,0.36,0.1186,0.0,0.0252,7,7,2,0,1,0,4,3,2,0,0.3013,0.2358,0.1572,0.0,0.0852,0.0,0.7335,0.5648,1.5768,0.0,16,10,14.42,19.12
4535332,2025-01-27,ita,2024/2025,Serie A,22,Daniele Doveri,10233,Genoa,6504,Monza,1,2,0,50,50,18,5,6,1,4,1,8,3,1,0,16,4,2,1,9,6,5,0,3,0,30,12,13,19,0,4,0,0,4,1,21,9,7,8,3,6,11,30,1,4,66,47,43.0,26.0,23.0,21.0,4.0,4.0,304,327,227.0,238.0,107,140,120,98,19.0,25.0,9.0,3.0,2.66,0.43,0.94,0.39,0.93,0.04,1.87,0.43,3.27,0.02,1,0,13,3,2,1,2,1,0,0,0.3875,0.0,1.9543,0.2891,0.0526,0.1099,0.2652,0.0285,0.0,0.0,8,4,2,0,3,1,4,0,1,0,0.6778,0.366,0.2652,0.0,0.2688,0.0615,0.6594,0.0,0.7884,0.0,18,5,12.43,14.48
4535332,2025-01-27,ita,2024/2025,Serie A,22,Daniele Doveri,6504,Monza,10233,Genoa,0,0,2,50,50,5,18,1,6,1,4,3,8,0,1,4,16,1,2,6,9,0,5,0,3,12,30,19,13,4,0,0,0,1,4,9,21,8,7,6,3,30,11,4,1,47,66,26.0,43.0,21.0,23.0,4.0,4.0,327,304,238.0,227.0,140,107,98,120,25.0,19.0,3.0,9.0,0.43,2.66,0.39,0.94,0.04,0.93,0.43,1.87,0.02,3.27,0,1,3,13,1,2,1,2,0,0,0.0,0.3875,0.2891,1.9543,0.1099,0.0526,0.0285,0.2652,0.0,0.0,4,8,0,2,1,3,0,4,0,1,0.366,0.6778,0.0,0.2652,0.0615,0.2688,0.0,0.6594,0.0,0.7884,5,18,14.48,12.43
4535339,2025-01-27,ita,2024/2025,Serie A,22,Gianluca Manganiello,7881,Venezia,9876,Hellas Verona,1,1,1,49,51,9,21,1,5,2,8,6,8,0,0,7,15,2,6,7,9,1,2,0,1,17,30,16,14,1,1,0,0,0,3,9,21,4,8,8,5,31,22,4,1,47,62,34.0,46.0,13.0,16.0,11.0,11.0,338,338,264.0,259.0,153,119,111,140,19.0,21.0,3.0,10.0,0.58,1.76,0.49,1.47,0.09,0.29,0.58,1.76,0.27,1.46,0,1,5,10,2,4,2,4,0,2,0.0,0.4455,0.4149,1.0017,0.0561,0.161,0.1115,0.097,0.0,0.0562,6,12,0,3,3,2,0,4,0,0,0.4924,0.6544,0.0,0.817,0.0901,0.1931,0.0,0.097,0.0,0.0,9,21,14.77,16.66
4535339,2025-01-27,ita,2024/2025,Serie A,22,Gianluca Manganiello,9876,Hellas Verona,7881,Venezia,0,1,1,51,49,21,9,5,1,8,2,8,6,0,0,15,7,6,2,9,7,2,1,1,0,30,17,14,16,1,1,0,0,3,0,21,9,8,4,5,8,22,31,1,4,62,47,46.0,34.0,16.0,13.0,11.0,11.0,338,338,259.0,264.0,119,153,140,111,21.0,19.0,10.0,3.0,1.76,0.58,1.47,0.49,0.29,0.09,1.76,0.58,1.46,0.27,1,0,10,5,4,2,4,2,2,0,0.4455,0.0,1.0017,0.4149,0.161,0.0561,0.097,0.1115,0.0562,0.0,12,6,3,0,2,3,4,0,0,0,0.6544,0.4924,0.817,0.0,0.1931,0.0901,0.097,0.0,0.0,0.0,21,9,16.66,14.77
4535347,2025-01-31,ita,2024/2025,Serie A,23,Simone Sozza,10167,Parma,9888,Lecce,1,1,3,47,53,19,6,7,3,3,2,9,1,1,0,13,4,6,2,3,2,3,3,2,1,33,12,8,14,1,2,0,0,1,4,10,14,11,6,1,8,9,37,0,6,62,38,41.0,26.0,21.0,12.0,18.0,6.0,407,472,340.0,399.0,161,279,179,120,20.0,30.0,4.0,5.0,1.96,0.71,1.03,0.71,0.14,0.0,1.17,0.71,1.48,1.14,0,0,9,3,4,1,4,0,2,2,0.0,0.0,1.6905,0.4647,0.1517,0.1026,0.0925,0.0,0.0255,0.0896,11,4,1,2,1,0,5,0,1,0,0.6758,0.4504,0.3525,0.2065,0.0177,0.0,0.1258,0.0,0.7884,0.0,19,6,19.03,17.26
4535347,2025-01-31,ita,2024/2025,Serie A,23,Simone Sozza,9888,Lecce,10167,Parma,0,3,1,53,47,6,19,3,7,2,3,1,9,0,1,4,13,2,6,2,3,3,3,1,2,12,33,14,8,2,1,0,0,4,1,14,10,6,11,8,1,37,9,6,0,38,62,26.0,41.0,12.0,21.0,6.0,18.0,472,407,399.0,340.0,279,161,120,179,30.0,20.0,5.0,4.0,0.71,1.96,0.71,1.03,0.0,0.14,0.71,1.17,1.14,1.48,0,0,3,9,1,4,0,4,2,2,0.0,0.0,0.4647,1.6905,0.1026,0.1517,0.0,0.0925,0.0896,0.0255,4,11,2,1,0,1,0,5,0,1,0.4504,0.6758,0.2065,0.3525,0.0,0.0177,0.0,0.1258,0.0,0.7884,6,19,17.26,19.03
4535340,2025-02-01,ita,2024/2025,Serie A,23,Marco Piccinini,8524,Atalanta,9804,Torino,1,1,1,65,35,22,5,10,3,3,0,9,2,0,0,17,2,5,3,8,0,4,1,4,0,45,3,6,11,0,3,0,0,1,0,11,16,10,9,2,9,12,21,2,9,49,37,27.0,27.0,22.0,10.0,7.0,7.0,661,359,585.0,268.0,238,175,347,93,24.0,13.0,11.0,0.0,2.97,0.58,1.92,0.14,0.26,0.44,2.19,0.58,3.02,1.3,2,1,11,1,4,0,5,2,0,1,0.9015,0.4443,1.7956,0.0701,0.0879,0.0,0.1891,0.1173,0.0,0.0112,16,4,1,0,3,0,1,1,1,0,1.6612,0.1987,0.2601,0.0,0.1492,0.0,0.1153,0.4443,0.7884,0.0,22,5,14.41,19.47
4535340,2025-02-01,ita,2024/2025,Serie A,23,Marco Piccinini,9804,Torino,8524,Atalanta,0,1,1,35,65,5,22,3,10,0,3,2,9,0,0,2,17,3,5,0,8,1,4,0,4,3,45,11,6,3,0,0,0,0,1,16,11,9,10,9,2,21,12,9,2,37,49,27.0,27.0,10.0,22.0,7.0,7.0,359,661,268.0,585.0,175,238,93,347,13.0,24.0,0.0,11.0,0.58,2.97,0.14,1.92,0.44,0.26,0.58,2.19,1.3,3.02,1,2,1,11,0,4,2,5,1,0,0.4443,0.9015,0.0701,1.7956,0.0,0.0879,0.1173,0.1891,0.0112,0.0,4,16,0,1,0,3,1,1,0,1,0.1987,1.6612,0.0,0.2601,0.0,0.1492,0.4443,0.1153,0.0,0.7884,5,22,19.47,14.41
4535341,2025-02-01,ita,2024/2025,Serie A,23,Luca Massimi,9857,Bologna,10171,Como,1,2,0,50,50,15,8,4,1,6,5,5,2,2,0,7,6,8,2,4,2,5,0,3,0,15,23,16,18,3,4,0,1,3,3,29,22,17,8,2,5,14,14,1,2,64,58,57.0,51.0,7.0,7.0,11.0,14.0,393,391,338.0,320.0,198,240,140,80,23.0,15.0,6.0,1.0,1.53,0.53,0.89,0.18,0.65,0.35,1.53,0.53,1.81,0.38,1,0,6,4,0,2,5,2,3,0,0.1144,0.0,1.1636,0.2339,0.0,0.0864,0.1701,0.2079,0.0988,0.0,7,4,1,0,3,3,4,1,0,0,0.8698,0.1791,0.0299,0.0,0.2349,0.181,0.4124,0.1681,0.0,0.0,15,8,17.76,15.13
4535341,2025-02-01,ita,2024/2025,Serie A,23,Luca Massimi,10171,Como,9857,Bologna,0,0,2,50,50,8,15,1,4,5,6,2,5,0,2,6,7,2,8,2,4,0,5,0,3,23,15,18,16,4,3,1,0,3,3,22,29,8,17,5,2,14,14,2,1,58,64,51.0,57.0,7.0,7.0,14.0,11.0,391,393,320.0,338.0,240,198,80,140,15.0,23.0,1.0,6.0,0.53,1.53,0.18,0.89,0.35,0.65,0.53,1.53,0.38,1.81,0,1,4,6,2,0,2,5,0,3,0.0,0.1144,0.2339,1.1636,0.0864,0.0,0.2079,0.1701,0.0,0.0988,4,7,0,1,3,3,1,4,0,0,0.1791,0.8698,0.0,0.0299,0.181,0.2349,0.1681,0.4124,0.0,0.0,8,15,15.13,17.76
4535346,2025-02-01,ita,2024/2025,Serie A,23,Davide Massa,6504,Monza,9876,Hellas Verona,1,0,1,66,34,9,12,2,4,5,6,2,2,0,0,3,7,6,5,7,3,0,1,0,1,19,16,12,23,2,3,0,0,0,0,11,30,6,12,2,2,13,43,4,2,69,84,42.0,53.0,27.0,31.0,13.0,13.0,521,276,438.0,200.0,223,93,215,107,23.0,13.0,5.0,2.0,0.38,0.92,0.22,0.75,0.16,0.17,0.38,0.92,0.05,1.04,0,1,3,4,0,2,5,2,1,3,0.0,0.1095,0.2312,0.567,0.0,0.0587,0.1033,0.0697,0.0458,0.1105,4,8,0,2,2,2,3,0,0,0,0.2214,0.346,0.0,0.4021,0.0833,0.1672,0.0755,0.0,0.0,0.0,9,12,22.01,20.91
4535346,2025-02-01,ita,2024/2025,Serie A,23,Davide Massa,9876,Hellas Verona,6504,Monza,0,1,0,34,66,12,9,4,2,6,5,2,2,0,0,7,3,5,6,3,7,1,0,1,0,16,19,23,12,3,2,0,0,0,0,30,11,12,6,2,2,43,13,2,4,84,69,53.0,42.0,31.0,27.0,13.0,13.0,276,521,200.0,438.0,93,223,107,215,13.0,23.0,2.0,5.0,0.92,0.38,0.75,0.22,0.17,0.16,0.92,0.38,1.04,0.05,1,0,4,3,2,0,2,5,3,1,0.1095,0.0,0.567,0.2312,0.0587,0.0,0.0697,0.1033,0.1105,0.0458,8,4,2,0,2,2,0,3,0,0,0.346,0.2214,0.4021,0.0,0.1672,0.0833,0.0,0.0755,0.0,0.0,12,9,20.91,22.01
4535349,2025-02-01,ita,2024/2025,Serie A,23,Maurizio Mariani,8600,Udinese,7881,Venezia,1,3,2,52,48,13,14,5,3,7,7,1,4,0,0,6,7,7,7,4,6,1,1,0,0,20,12,20,9,3,3,0,0,3,1,16,16,11,6,3,1,21,18,1,2,45,53,39.0,40.0,6.0,13.0,15.0,9.0,343,311,271.0,229.0,143,133,128,96,21.0,21.0,3.0,7.0,0.74,1.31,0.66,0.37,0.08,0.94,0.74,1.31,2.84,1.02,1,3,3,3,2,1,4,6,3,1,0.134,0.8054,0.1751,0.2412,0.0836,0.0726,0.1573,0.1554,0.0483,0.0367,10,6,1,0,2,6,0,2,0,0,0.5163,0.3698,0.0427,0.0,0.0392,0.8703,0.0,0.0713,0.0,0.0,13,14,20.0,16.72
4535349,2025-02-01,ita,2024/2025,Serie A,23,Maurizio Mariani,7881,Venezia,8600,Udinese,0,2,3,48,52,14,13,3,5,7,7,4,1,0,0,7,6,7,7,6,4,1,1,0,0,12,20,9,20,3,3,0,0,1,3,16,16,6,11,1,3,18,21,2,1,53,45,40.0,39.0,13.0,6.0,9.0,15.0,311,343,229.0,271.0,133,143,96,128,21.0,21.0,7.0,3.0,1.31,0.74,0.37,0.66,0.94,0.08,1.31,0.74,1.02,2.84,3,1,3,3,1,2,6,4,1,3,0.8054,0.134,0.2412,0.1751,0.0726,0.0836,0.1554,0.1573,0.0367,0.0483,6,10,0,1,6,2,2,0,0,0,0.3698,0.5163,0.0,0.0427,0.8703,0.0392,0.0713,0.0,0.0,0.0,14,13,16.72,20.0
4535343,2025-02-02,ita,2024/2025,Serie A,23,Giuseppe Collu,8535,Fiorentina,10233,Genoa,1,2,1,40,60,7,17,6,3,0,11,1,3,0,0,6,11,1,6,1,8,2,4,1,3,12,33,17,14,3,1,0,0,3,0,17,10,7,2,3,2,37,6,2,3,52,37,33.0,28.0,19.0,9.0,5.0,5.0,302,422,227.0,330.0,135,179,92,151,22.0,13.0,1.0,13.0,0.64,1.57,0.41,0.88,0.23,0.7,0.64,1.57,1.5,1.33,1,0,5,9,0,2,0,2,1,4,0.1471,0.0,0.559,1.2613,0.0,0.0692,0.0,0.1471,0.0232,0.0964,3,10,2,0,1,6,1,1,0,0,0.1975,0.8903,0.1693,0.0,0.1471,0.6396,0.2154,0.044,0.0,0.0,7,17,14.48,15.6
4535343,2025-02-02,ita,2024/2025,Serie A,23,Giuseppe Collu,10233,Genoa,8535,Fiorentina,0,1,2,60,40,17,7,3,6,11,0,3,1,0,0,11,6,6,1,8,1,4,2,3,1,33,12,14,17,1,3,0,0,0,3,10,17,2,7,2,3,6,37,3,2,37,52,28.0,33.0,9.0,19.0,5.0,5.0,422,302,330.0,227.0,179,135,151,92,13.0,22.0,13.0,1.0,1.57,0.64,0.88,0.41,0.7,0.23,1.57,0.64,1.33,1.5,0,1,9,5,2,0,2,0,4,1,0.0,0.1471,1.2613,0.559,0.0692,0.0,0.1471,0.0,0.0964,0.0232,10,3,0,2,6,1,1,1,0,0,0.8903,0.1975,0.0,0.1693,0.6396,0.1471,0.044,0.2154,0.0,0.0,17,7,15.6,14.48
4535344,2025-02-02,ita,2024/2025,Serie A,23,Luca Zufferli,9885,Juventus,8534,Empoli,1,4,1,56,44,23,10,8,3,7,3,8,4,0,0,14,5,9,5,8,6,3,1,1,0,27,11,14,13,0,1,0,1,0,1,22,21,5,8,4,6,18,24,2,4,67,50,43.0,41.0,24.0,9.0,10.0,8.0,382,306,304.0,217.0,172,128,132,89,22.0,19.0,9.0,2.0,1.86,0.78,1.46,0.26,0.4,0.52,1.86,0.78,2.77,0.6,0,1,10,1,4,3,6,2,3,3,0.0,0.4303,1.1528,0.058,0.4402,0.1229,0.192,0.0876,0.0751,0.0575,11,6,2,1,6,2,4,1,0,0,0.8509,0.1652,0.6085,0.0619,0.1933,0.4883,0.2074,0.0408,0.0,0.0,23,10,18.4,20.53
4535344,2025-02-02,ita,2024/2025,Serie A,23,Luca Zufferli,8534,Empoli,9885,Juventus,0,1,4,44,56,10,23,3,8,3,7,4,8,0,0,5,14,5,9,6,8,1,3,0,1,11,27,13,14,1,0,1,0,1,0,21,22,8,5,6,4,24,18,4,2,50,67,41.0,43.0,9.0,24.0,8.0,10.0,306,382,217.0,304.0,128,172,89,132,19.0,22.0,2.0,9.0,0.78,1.86,0.26,1.46,0.52,0.4,0.78,1.86,0.6,2.77,1,0,1,10,3,4,2,6,3,3,0.4303,0.0,0.058,1.1528,0.1229,0.4402,0.0876,0.192,0.0575,0.0751,6,11,1,2,2,6,1,4,0,0,0.1652,0.8509,0.0619,0.6085,0.4883,0.1933,0.0408,0.2074,0.0,0.0,10,23,20.53,18.4
4535345,2025-02-02,ita,2024/2025,Serie A,23,Daniele Chiffi,8564,Milan,8636,Inter,1,1,1,38,62,10,16,4,6,1,7,5,3,0,3,5,12,5,4,8,11,1,2,0,1,18,44,5,9,0,2,0,0,2,5,20,8,13,6,3,5,15,15,5,3,47,31,32.0,18.0,15.0,13.0,5.0,6.0,360,595,305.0,544.0,146,254,159,290,17.0,17.0,3.0,13.0,0.6,1.35,0.57,1.06,0.03,0.29,0.6,1.35,1.04,1.7,0,3,3,9,2,0,3,3,2,1,0.0,0.4546,0.3445,0.7335,0.0442,0.0,0.2039,0.1533,0.0222,0.007,6,12,2,0,2,4,0,0,0,0,0.3091,1.0595,0.2804,0.0,0.0254,0.2889,0.0,0.0,0.0,0.0,10,16,19.1,13.02
4535345,2025-02-02,ita,2024/2025,Serie A,23,Daniele Chiffi,8636,Inter,8564,Milan,0,1,1,62,38,16,10,6,4,7,1,3,5,3,0,12,5,4,5,11,8,2,1,1,0,44,18,9,5,2,0,0,0,5,2,8,20,6,13,5,3,15,15,3,5,31,47,18.0,32.0,13.0,15.0,6.0,5.0,595,360,544.0,305.0,254,146,290,159,17.0,17.0,13.0,3.0,1.35,0.6,1.06,0.57,0.29,0.03,1.35,0.6,1.7,1.04,3,0,9,3,0,2,3,3,1,2,0.4546,0.0,0.7335,0.3445,0.0,0.0442,0.1533,0.2039,0.007,0.0222,12,6,0,2,4,2,0,0,0,0,1.0595,0.3091,0.0,0.2804,0.2889,0.0254,0.0,0.0,0.0,0.0,16,10,13.02,19.1
4535348,2025-02-02,ita,2024/2025,Serie A,23,Michael Fabbri,8686,Roma,9875,Napoli,1,1,1,51,49,12,5,2,2,5,2,5,1,1,0,5,4,7,1,2,3,0,0,0,0,20,18,9,13,2,1,0,0,1,2,9,15,4,6,1,5,16,29,1,1,36,42,22.0,27.0,14.0,15.0,3.0,5.0,483,469,415.0,402.0,230,206,185,196,15.0,24.0,3.0,3.0,0.52,0.3,0.31,0.3,0.2,0.0,0.52,0.3,0.68,0.2,0,0,2,3,3,1,4,1,3,0,0.0,0.0,0.0887,0.2898,0.1863,0.036,0.1497,0.0245,0.0936,0.0,7,5,0,0,3,0,2,0,0,0,0.3148,0.3503,0.0,0.0,0.1304,0.0,0.0731,0.0,0.0,0.0,12,5,21.91,17.19
4535348,2025-02-02,ita,2024/2025,Serie A,23,Michael Fabbri,9875,Napoli,8686,Roma,0,1,1,49,51,5,12,2,2,2,5,1,5,0,1,4,5,1,7,3,2,0,0,0,0,18,20,13,9,1,2,0,0,2,1,15,9,6,4,5,1,29,16,1,1,42,36,27.0,22.0,15.0,14.0,5.0,3.0,469,483,402.0,415.0,206,230,196,185,24.0,15.0,3.0,3.0,0.3,0.52,0.3,0.31,0.0,0.2,0.3,0.52,0.2,0.68,0,0,3,2,1,3,1,4,0,3,0.0,0.0,0.2898,0.0887,0.036,0.1863,0.0245,0.1497,0.0,0.0936,5,7,0,0,0,3,0,2,0,0,0.3503,0.3148,0.0,0.0,0.0,0.1304,0.0,0.0731,0.0,0.0,5,12,17.19,21.91
4535342,2025-02-03,ita,2024/2025,Serie A,23,Gianluca Manganiello,8529,Cagliari,8543,Lazio,1,1,2,39,61,15,11,5,6,6,2,4,3,0,0,10,9,5,2,7,7,2,4,1,2,23,27,14,9,0,0,0,0,1,2,13,16,2,5,3,4,25,35,4,4,30,52,24.0,34.0,6.0,18.0,4.0,6.0,336,557,282.0,503.0,148,260,134,243,10.0,26.0,6.0,8.0,1.58,1.29,1.18,1.03,0.4,0.26,1.58,1.29,1.61,3.05,2,0,5,8,3,1,5,2,0,0,0.8442,0.0,0.4197,1.1975,0.1241,0.0447,0.1909,0.2734,0.0,0.0,10,4,0,2,4,5,1,0,0,0,1.183,1.0845,0.0,0.1428,0.3199,0.2883,0.0761,0.0,0.0,0.0,15,11,15.95,13.04
4535342,2025-02-03,ita,2024/2025,Serie A,23,Gianluca Manganiello,8543,Lazio,8529,Cagliari,0,2,1,61,39,11,15,6,5,2,6,3,4,0,0,9,10,2,5,7,7,4,2,2,1,27,23,9,14,0,0,0,0,2,1,16,13,5,2,4,3,35,25,4,4,52,30,34.0,24.0,18.0,6.0,6.0,4.0,557,336,503.0,282.0,260,148,243,134,26.0,10.0,8.0,6.0,1.29,1.58,1.03,1.18,0.26,0.4,1.29,1.58,3.05,1.61,0,2,8,5,1,3,2,5,0,0,0.0,0.8442,1.1975,0.4197,0.0447,0.1241,0.2734,0.1909,0.0,0.0,4,10,2,0,5,4,0,1,0,0,1.0845,1.183,0.1428,0.0,0.2883,0.3199,0.0,0.0761,0.0,0.0,11,15,13.04,15.95
4535403,2025-02-06,ita,2024/2025,Serie A,14,Daniele Doveri,8535,Fiorentina,8636,Inter,1,3,0,28,72,10,11,6,2,2,5,2,4,0,0,6,8,4,3,1,8,3,1,2,1,10,20,11,10,1,0,0,0,3,2,4,16,6,4,4,2,26,12,2,3,34,52,19.0,30.0,15.0,22.0,6.0,3.0,248,627,180.0,542.0,120,215,60,327,31.0,30.0,5.0,6.0,0.8,0.42,0.77,0.31,0.03,0.11,0.8,0.42,1.52,0.18,0,0,4,6,2,2,3,1,1,2,0.0,0.0,0.28,0.2594,0.2116,0.0858,0.4754,0.019,0.011,0.0579,9,7,0,1,1,0,0,3,0,0,0.9479,0.2931,0.0,0.0182,0.0301,0.0,0.0,0.1108,0.0,0.0,10,11,18.84,19.58
4535403,2025-02-06,ita,2024/2025,Serie A,14,Daniele Doveri,8636,Inter,8535,Fiorentina,0,0,3,72,28,11,10,2,6,5,2,4,2,0,0,8,6,3,4,8,1,1,3,1,2,20,10,10,11,0,1,0,0,2,3,16,4,4,6,2,4,12,26,3,2,52,34,30.0,19.0,22.0,15.0,3.0,6.0,627,248,542.0,180.0,215,120,327,60,30.0,31.0,6.0,5.0,0.42,0.8,0.31,0.77,0.11,0.03,0.42,0.8,0.18,1.52,0,0,6,4,2,2,1,3,2,1,0.0,0.0,0.2594,0.28,0.0858,0.2116,0.019,0.4754,0.0579,0.011,7,9,1,0,0,1,3,0,0,0,0.2931,0.9479,0.0182,0.0,0.0,0.0301,0.1108,0.0,0.0,0.0,11,10,19.58,18.84
4535431,2025-02-07,ita,2024/2025,Serie A,24,Rosario Abisso,10171,Como,9885,Juventus,1,1,2,52,48,16,8,6,3,5,3,5,2,1,0,12,7,4,1,9,1,1,2,0,0,25,17,15,15,3,1,0,0,1,3,16,21,8,10,2,5,19,25,1,5,54,61,36.0,44.0,18.0,17.0,6.0,9.0,409,386,342.0,317.0,190,163,152,154,25.0,24.0,7.0,1.0,0.95,1.14,0.6,0.25,0.35,0.1,0.95,0.36,1.8,1.43,1,0,5,3,6,4,3,0,1,1,0.2363,0.0,0.4821,0.936,0.1429,0.1932,0.0589,0.0,0.0294,0.015,10,4,0,1,5,1,1,1,0,1,0.5955,0.1554,0.0,0.0957,0.3356,0.0764,0.0183,0.0283,0.0,0.7884,16,8,16.83,16.15
4535431,2025-02-07,ita,2024/2025,Serie A,24,Rosario Abisso,9885,Juventus,10171,Como,0,2,1,48,52,8,16,3,6,3,5,2,5,0,1,7,12,1,4,1,9,2,1,0,0,17,25,15,15,1,3,0,0,3,1,21,16,10,8,5,2,25,19,5,1,61,54,44.0,36.0,17.0,18.0,9.0,6.0,386,409,317.0,342.0,163,190,154,152,24.0,25.0,1.0,7.0,1.14,0.95,0.25,0.6,0.1,0.35,0.36,0.95,1.43,1.8,0,1,3,5,4,6,0,3,1,1,0.0,0.2363,0.936,0.4821,0.1932,0.1429,0.0,0.0589,0.015,0.0294,4,10,1,0,1,5,1,1,1,0,0.1554,0.5955,0.0957,0.0,0.0764,0.3356,0.0283,0.0183,0.7884,0.0,8,16,16.15,16.83
4535432,2025-02-08,ita,2024/2025,Serie A,24,Luca Pairetto,8534,Empoli,8564,Milan,1,0,2,38,62,8,16,0,5,4,7,4,4,1,0,7,11,1,5,2,6,0,3,0,2,17,33,17,10,2,2,1,1,5,2,21,18,13,7,4,4,19,25,3,0,46,53,36.0,47.0,10.0,6.0,6.0,12.0,284,476,208.0,410.0,128,213,80,197,23.0,27.0,4.0,2.0,0.58,1.32,0.4,1.07,0.18,0.24,0.58,1.32,0.0,1.3,1,1,6,6,0,4,1,3,0,2,0.0947,0.1122,0.6002,0.8844,0.0,0.1246,0.0243,0.123,0.0,0.0724,5,10,0,2,1,3,2,1,0,0,0.3973,0.8684,0.0,0.2044,0.0557,0.1921,0.2663,0.0517,0.0,0.0,8,16,12.77,16.69
4535432,2025-02-08,ita,2024/2025,Serie A,24,Luca Pairetto,8564,Milan,8534,Empoli,0,2,0,62,38,16,8,5,0,7,4,4,4,0,1,11,7,5,1,6,2,3,0,2,0,33,17,10,17,2,2,1,1,2,5,18,21,7,13,4,4,25,19,0,3,53,46,47.0,36.0,6.0,10.0,12.0,6.0,476,284,410.0,208.0,213,128,197,80,27.0,23.0,2.0,4.0,1.32,0.58,1.07,0.4,0.24,0.18,1.32,0.58,1.3,0.0,1,1,6,6,4,0,3,1,2,0,0.1122,0.0947,0.8844,0.6002,0.1246,0.0,0.123,0.0243,0.0724,0.0,10,5,2,0,3,1,1,2,0,0,0.8684,0.3973,0.2044,0.0,0.1921,0.0557,0.0517,0.2663,0.0,0.0,16,8,16.69,12.77
4535433,2025-02-08,ita,2024/2025,Serie A,24,Simone Sozza,9876,Hellas Verona,8524,Atalanta,1,0,5,38,62,19,17,8,7,8,9,3,1,1,2,11,15,8,2,7,2,2,2,2,0,20,27,10,6,2,1,0,0,3,0,13,12,12,5,1,4,22,13,2,7,36,43,21.0,32.0,15.0,11.0,2.0,10.0,368,602,305.0,524.0,143,301,162,223,24.0,18.0,5.0,7.0,1.69,2.21,1.24,1.79,0.44,0.42,1.69,2.21,2.03,3.16,1,1,7,11,3,3,5,2,3,0,0.1622,0.2702,1.1636,1.662,0.0901,0.2253,0.2097,0.0938,0.0954,0.0,6,11,5,1,7,2,1,3,0,0,0.4382,1.6116,0.806,0.2071,0.4413,0.0931,0.0356,0.3394,0.0,0.0,19,17,17.64,12.05
4535433,2025-02-08,ita,2024/2025,Serie A,24,Simone Sozza,8524,Atalanta,9876,Hellas Verona,0,5,0,62,38,17,19,7,8,9,8,1,3,2,1,15,11,2,8,2,7,2,2,0,2,27,20,6,10,1,2,0,0,0,3,12,13,5,12,4,1,13,22,7,2,43,36,32.0,21.0,11.0,15.0,10.0,2.0,602,368,524.0,305.0,301,143,223,162,18.0,24.0,7.0,5.0,2.21,1.69,1.79,1.24,0.42,0.44,2.21,1.69,3.16,2.03,1,1,11,7,3,3,2,5,0,3,0.2702,0.1622,1.662,1.1636,0.2253,0.0901,0.0938,0.2097,0.0,0.0954,11,6,1,5,2,7,3,1,0,0,1.6116,0.4382,0.2071,0.806,0.0931,0.4413,0.3394,0.0356,0.0,0.0,17,19,12.05,17.64
4535437,2025-02-08,ita,2024/2025,Serie A,24,Ermanno Feliciani,9804,Torino,10233,Genoa,1,1,1,56,44,10,6,3,2,4,2,3,2,0,0,5,5,5,1,4,2,0,0,0,0,23,10,11,10,2,2,0,0,2,1,15,20,7,8,2,3,16,27,1,3,48,56,32.0,34.0,16.0,22.0,7.0,5.0,489,383,391.0,297.0,215,192,176,105,21.0,23.0,3.0,0.0,0.71,0.37,0.49,0.21,0.22,0.16,0.71,0.37,0.49,0.56,1,0,1,3,3,2,3,1,2,0,0.1505,0.0,0.1927,0.2339,0.1612,0.0542,0.1661,0.0205,0.0384,0.0,6,3,1,1,3,1,0,1,0,0,0.4161,0.1344,0.0752,0.0184,0.2176,0.0815,0.0,0.0743,0.0,0.0,10,6,17.93,16.9
4535437,2025-02-08,ita,2024/2025,Serie A,24,Ermanno Feliciani,10233,Genoa,9804,Torino,0,1,1,44,56,6,10,2,3,2,4,2,3,0,0,5,5,1,5,2,4,0,0,0,0,10,23,10,11,2,2,0,0,1,2,20,15,8,7,3,2,27,16,3,1,56,48,34.0,32.0,22.0,16.0,5.0,7.0,383,489,297.0,391.0,192,215,105,176,23.0,21.0,0.0,3.0,0.37,0.71,0.21,0.49,0.16,0.22,0.37,0.71,0.56,0.49,0,1,3,1,2,3,1,3,0,2,0.0,0.1505,0.2339,0.1927,0.0542,0.1612,0.0205,0.1661,0.0,0.0384,3,6,1,1,1,3,1,0,0,0,0.1344,0.4161,0.0184,0.0752,0.0815,0.2176,0.0743,0.0,0.0,0.0,6,10,16.9,17.93
4535430,2025-02-09,ita,2024/2025,Serie A,24,Marco Di Bello,8529,Cagliari,10167,Parma,1,2,1,38,62,14,9,3,1,8,5,3,3,1,1,10,6,4,3,7,6,3,2,3,1,19,18,14,12,0,2,0,0,1,1,18,16,7,3,3,3,21,19,0,2,50,51,37.0,31.0,13.0,20.0,7.0,3.0,327,534,260.0,452.0,158,223,102,229,26.0,13.0,8.0,3.0,1.17,0.83,0.87,0.67,0.3,0.15,1.17,0.83,0.42,0.75,2,0,5,4,3,2,2,2,2,1,0.4115,0.0,0.358,0.6178,0.1583,0.0808,0.169,0.1025,0.0744,0.0242,13,6,0,0,1,1,0,2,0,0,0.8724,0.6723,0.0,0.0,0.2988,0.0802,0.0,0.0728,0.0,0.0,14,9,14.16,16.3
4535430,2025-02-09,ita,2024/2025,Serie A,24,Marco Di Bello,10167,Parma,8529,Cagliari,0,1,2,62,38,9,14,1,3,5,8,3,3,1,1,6,10,3,4,6,7,2,3,1,3,18,19,12,14,2,0,0,0,1,1,16,18,3,7,3,3,19,21,2,0,51,50,31.0,37.0,20.0,13.0,3.0,7.0,534,327,452.0,260.0,223,158,229,102,13.0,26.0,3.0,8.0,0.83,1.17,0.67,0.87,0.15,0.3,0.83,1.17,0.75,0.42,0,2,4,5,2,3,2,2,1,2,0.0,0.4115,0.6178,0.358,0.0808,0.1583,0.1025,0.169,0.0242,0.0744,6,13,0,0,1,1,2,0,0,0,0.6723,0.8724,0.0,0.0,0.0802,0.2988,0.0728,0.0,0.0,0.0,9,14,16.3,14.16
4535435,2025-02-09,ita,2024/2025,Serie A,24,Francesco Fourneau,9888,Lecce,9857,Bologna,1,0,0,41,59,6,8,1,2,3,5,2,1,0,0,4,6,2,2,6,5,2,1,2,1,12,15,14,16,0,2,0,0,0,2,9,12,8,12,1,2,24,26,2,1,57,57,29.0,33.0,28.0,24.0,5.0,11.0,317,459,217.0,363.0,134,216,83,147,31.0,18.0,3.0,7.0,0.43,0.85,0.35,0.48,0.08,0.37,0.43,0.85,0.21,0.31,0,0,3,6,1,0,2,2,0,0,0.0,0.0,0.367,0.7636,0.0307,0.0,0.031,0.0425,0.0,0.0,3,5,0,0,2,2,1,1,0,0,0.351,0.5156,0.0,0.0,0.0568,0.1196,0.021,0.1709,0.0,0.0,6,8,17.9,12.92
4535435,2025-02-09,ita,2024/2025,Serie A,24,Francesco Fourneau,9857,Bologna,9888,Lecce,0,0,0,59,41,8,6,2,1,5,3,1,2,0,0,6,4,2,2,5,6,1,2,1,2,15,12,16,14,2,0,0,0,2,0,12,9,12,8,2,1,26,24,1,2,57,57,33.0,29.0,24.0,28.0,11.0,5.0,459,317,363.0,217.0,216,134,147,83,18.0,31.0,7.0,3.0,0.85,0.43,0.48,0.35,0.37,0.08,0.85,0.43,0.31,0.21,0,0,6,3,0,1,2,2,0,0,0.0,0.0,0.7636,0.367,0.0,0.0307,0.0425,0.031,0.0,0.0,5,3,0,0,2,2,1,1,0,0,0.5156,0.351,0.0,0.0,0.1196,0.0568,0.1709,0.021,0.0,0.0,8,6,12.92,17.9
4535436,2025-02-09,ita,2024/2025,Serie A,24,Livio Marinelli,9875,Napoli,8600,Udinese,1,1,1,62,38,18,8,4,4,4,3,10,1,0,0,11,5,7,3,6,6,3,2,2,2,25,15,11,10,0,1,0,0,1,2,5,13,4,6,1,10,13,25,3,3,27,38,16.0,31.0,11.0,7.0,2.0,7.0,539,333,470.0,269.0,257,153,213,116,33.0,18.0,7.0,4.0,1.14,0.79,0.64,0.41,0.5,0.39,1.14,0.79,0.83,0.47,3,2,5,1,3,2,3,1,4,2,0.5514,0.5534,0.2483,0.062,0.2216,0.0855,0.0744,0.0397,0.0437,0.0532,10,4,1,1,5,3,2,0,0,0,0.6273,0.3679,0.0163,0.0397,0.4556,0.3861,0.0402,0.0,0.0,0.0,18,8,17.18,15.23
4535436,2025-02-09,ita,2024/2025,Serie A,24,Livio Marinelli,8600,Udinese,9875,Napoli,0,1,1,38,62,8,18,4,4,3,4,1,10,0,0,5,11,3,7,6,6,2,3,2,2,15,25,10,11,1,0,0,0,2,1,13,5,6,4,10,1,25,13,3,3,38,27,31.0,16.0,7.0,11.0,7.0,2.0,333,539,269.0,470.0,153,257,116,213,18.0,33.0,4.0,7.0,0.79,1.14,0.41,0.64,0.39,0.5,0.79,1.14,0.47,0.83,2,3,1,5,2,3,1,3,2,4,0.5534,0.5514,0.062,0.2483,0.0855,0.2216,0.0397,0.0744,0.0532,0.0437,4,10,1,1,3,5,0,2,0,0,0.3679,0.6273,0.0397,0.0163,0.3861,0.4556,0.0,0.0402,0.0,0.0,8,18,15.23,17.18
4535438,2025-02-09,ita,2024/2025,Serie A,24,Luca Zufferli,7881,Venezia,8686,Roma,1,0,1,63,37,12,13,3,5,2,2,7,6,0,0,7,12,5,1,4,6,1,2,1,1,19,30,13,21,2,3,0,0,1,0,11,28,10,9,7,7,23,19,3,3,58,55,41.0,45.0,17.0,10.0,9.0,4.0,552,315,461.0,226.0,267,108,194,118,16.0,19.0,5.0,4.0,0.71,1.63,0.46,0.31,0.25,0.54,0.71,0.85,0.42,1.21,2,0,3,9,2,3,4,1,1,0,0.1709,0.0,0.2881,1.4864,0.0758,0.0974,0.1581,0.0509,0.0182,0.0,8,6,0,0,3,4,1,2,0,1,0.4644,0.3082,0.0,0.0,0.2017,0.2965,0.045,0.2415,0.0,0.7884,12,13,16.31,13.03
4535438,2025-02-09,ita,2024/2025,Serie A,24,Luca Zufferli,8686,Roma,7881,Venezia,0,1,0,37,63,13,12,5,3,2,2,6,7,0,0,12,7,1,5,6,4,2,1,1,1,30,19,21,13,3,2,0,0,0,1,28,11,9,10,7,7,19,23,3,3,55,58,45.0,41.0,10.0,17.0,4.0,9.0,315,552,226.0,461.0,108,267,118,194,19.0,16.0,4.0,5.0,1.63,0.71,0.31,0.46,0.54,0.25,0.85,0.71,1.21,0.42,0,2,9,3,3,2,1,4,0,1,0.0,0.1709,1.4864,0.2881,0.0974,0.0758,0.0509,0.1581,0.0,0.0182,6,8,0,0,4,3,2,1,1,0,0.3082,0.4644,0.0,0.0,0.2965,0.2017,0.2415,0.045,0.7884,0.0,13,12,13.03,16.31
4535439,2025-02-09,ita,2024/2025,Serie A,24,Gianluca Aureliano,8543,Lazio,6504,Monza,1,5,1,61,39,26,3,10,1,7,2,9,0,0,0,17,2,9,1,8,1,8,1,3,0,52,2,10,12,0,1,0,0,2,1,10,10,6,9,0,8,8,20,0,4,43,31,30.0,26.0,13.0,5.0,9.0,8.0,565,365,521.0,313.0,271,208,250,105,15.0,19.0,6.0,1.0,3.19,0.89,2.94,0.06,0.25,0.04,3.19,0.1,4.04,0.71,2,0,11,1,4,1,7,0,2,1,1.0374,0.0,1.5993,0.7884,0.1507,0.0643,0.3628,0.0,0.0375,0.0355,20,1,1,0,5,0,0,1,0,1,2.8299,0.0643,0.11,0.0,0.2477,0.0,0.0,0.0355,0.0,0.7884,26,3,16.55,19.16
4535439,2025-02-09,ita,2024/2025,Serie A,24,Gianluca Aureliano,6504,Monza,8543,Lazio,0,1,5,39,61,3,26,1,10,2,7,0,9,0,0,2,17,1,9,1,8,1,8,0,3,2,52,12,10,1,0,0,0,1,2,10,10,9,6,8,0,20,8,4,0,31,43,26.0,30.0,5.0,13.0,8.0,9.0,365,565,313.0,521.0,208,271,105,250,19.0,15.0,1.0,6.0,0.89,3.19,0.06,2.94,0.04,0.25,0.1,3.19,0.71,4.04,0,2,1,11,1,4,0,7,1,2,0.0,1.0374,0.7884,1.5993,0.0643,0.1507,0.0,0.3628,0.0355,0.0375,1,20,0,1,0,5,1,0,1,0,0.0643,2.8299,0.0,0.11,0.0,0.2477,0.0355,0.0,0.7884,0.0,3,26,19.16,16.55
4535434,2025-02-10,ita,2024/2025,Serie A,24,Federico La Penna,8636,Inter,8535,Fiorentina,1,2,1,62,38,22,7,8,2,9,3,5,2,2,0,14,3,8,4,8,1,2,1,1,0,31,8,16,15,4,3,0,0,1,1,17,10,5,4,1,5,15,25,1,7,58,36,36.0,27.0,22.0,9.0,5.0,2.0,568,346,509.0,288.0,148,145,361,143,36.0,16.0,12.0,2.0,2.24,1.04,1.28,0.11,0.96,0.14,2.24,0.25,2.16,1.01,6,0,6,2,2,1,6,4,2,0,1.1059,0.0,0.6357,0.8572,0.1229,0.0142,0.3451,0.127,0.0402,0.0,12,4,1,0,8,1,1,1,0,1,1.2321,0.1001,0.0433,0.0,0.8664,0.0688,0.1082,0.0412,0.0,0.7884,22,7,14.49,18.99
4535434,2025-02-10,ita,2024/2025,Serie A,24,Federico La Penna,8535,Fiorentina,8636,Inter,0,1,2,38,62,7,22,2,8,3,9,2,5,0,2,3,14,4,8,1,8,1,2,0,1,8,31,15,16,3,4,0,0,1,1,10,17,4,5,5,1,25,15,7,1,36,58,27.0,36.0,9.0,22.0,2.0,5.0,346,568,288.0,509.0,145,148,143,361,16.0,36.0,2.0,12.0,1.04,2.24,0.11,1.28,0.14,0.96,0.25,2.24,1.01,2.16,0,6,2,6,1,2,4,6,0,2,0.0,1.1059,0.8572,0.6357,0.0142,0.1229,0.127,0.3451,0.0,0.0402,4,12,0,1,1,8,1,1,1,0,0.1001,1.2321,0.0,0.0433,0.0688,0.8664,0.0412,0.1082,0.7884,0.0,7,22,18.99,14.49
4535440,2025-02-14,ita,2024/2025,Serie A,25,Michael Fabbri,9857,Bologna,9804,Torino,1,3,2,66,34,22,8,6,5,10,2,6,1,0,0,15,7,7,1,8,2,6,4,5,2,35,15,7,17,0,4,0,0,3,1,8,10,4,12,1,6,28,35,3,4,51,43,30.0,21.0,21.0,22.0,6.0,5.0,432,236,363.0,154.0,169,79,194,75,36.0,23.0,10.0,4.0,2.29,1.21,1.11,1.16,0.4,0.05,1.5,1.21,1.27,1.99,3,0,7,5,5,2,3,1,4,0,0.4493,0.0,1.1994,0.5607,0.4799,0.3912,0.0792,0.0194,0.0823,0.0,14,6,1,1,5,1,1,0,1,0,1.0257,0.7025,0.0796,0.232,0.2706,0.0367,0.1258,0.0,0.7884,0.0,22,8,16.0,11.95
4535440,2025-02-14,ita,2024/2025,Serie A,25,Michael Fabbri,9804,Torino,9857,Bologna,0,2,3,34,66,8,22,5,6,2,10,1,6,0,0,7,15,1,7,2,8,4,6,2,5,15,35,17,7,4,0,0,0,1,3,10,8,12,4,6,1,35,28,4,3,43,51,21.0,30.0,22.0,21.0,5.0,6.0,236,432,154.0,363.0,79,169,75,194,23.0,36.0,4.0,10.0,1.21,2.29,1.16,1.11,0.05,0.4,1.21,1.5,1.99,1.27,0,3,5,7,2,5,1,3,0,4,0.0,0.4493,0.5607,1.1994,0.3912,0.4799,0.0194,0.0792,0.0,0.0823,6,14,1,1,1,5,0,1,0,1,0.7025,1.0257,0.232,0.0796,0.0367,0.2706,0.0,0.1258,0.0,0.7884,8,22,11.95,16.0
4535444,2025-02-15,ita,2024/2025,Serie A,25,Davide Massa,8543,Lazio,9875,Napoli,1,2,2,53,47,12,5,5,2,6,1,1,2,0,0,6,3,6,2,7,1,1,1,1,0,18,16,9,19,2,2,0,0,1,1,7,18,13,7,2,1,10,26,1,3,46,38,34.0,27.0,12.0,11.0,10.0,1.0,460,426,407.0,368.0,218,238,189,130,18.0,23.0,1.0,3.0,0.69,0.35,0.61,0.24,0.07,0.11,0.69,0.35,1.46,0.14,0,0,4,2,2,1,4,1,2,1,0.0,0.0,0.468,0.1863,0.0472,0.0263,0.1065,0.0354,0.0639,0.0481,8,3,2,0,0,1,2,1,0,0,0.3512,0.1841,0.2601,0.0,0.0,0.0639,0.0742,0.0481,0.0,0.0,12,5,21.18,15.6
4535444,2025-02-15,ita,2024/2025,Serie A,25,Davide Massa,9875,Napoli,8543,Lazio,0,2,2,47,53,5,12,2,5,1,6,2,1,0,0,3,6,2,6,1,7,1,1,0,1,16,18,19,9,2,2,0,0,1,1,18,7,7,13,1,2,26,10,3,1,38,46,27.0,34.0,11.0,12.0,1.0,10.0,426,460,368.0,407.0,238,218,130,189,23.0,18.0,3.0,1.0,0.35,0.69,0.24,0.61,0.11,0.07,0.35,0.69,0.14,1.46,0,0,2,4,1,2,1,4,1,2,0.0,0.0,0.1863,0.468,0.0263,0.0472,0.0354,0.1065,0.0481,0.0639,3,8,0,2,1,0,1,2,0,0,0.1841,0.3512,0.0,0.2601,0.0639,0.0,0.0481,0.0742,0.0,0.0,5,12,15.6,21.18
4535445,2025-02-15,ita,2024/2025,Serie A,25,Francesco Fourneau,8564,Milan,9876,Hellas Verona,1,1,0,74,26,18,7,3,2,8,3,7,2,0,0,9,4,9,3,10,7,2,0,1,0,28,9,11,18,3,4,0,0,3,2,9,14,4,11,2,7,17,29,2,2,62,48,40.0,29.0,22.0,19.0,13.0,5.0,532,185,467.0,120.0,171,48,296,72,19.0,18.0,3.0,1.0,2.15,0.37,1.67,0.19,0.48,0.19,2.15,0.37,1.4,0.68,2,0,7,4,0,0,6,1,3,2,1.0458,0.0,0.7735,0.2226,0.0,0.0,0.2583,0.0796,0.0708,0.065,10,1,1,1,5,3,2,2,0,0,1.5181,0.0796,0.1523,0.1047,0.4237,0.0905,0.0543,0.0924,0.0,0.0,18,7,16.71,17.17
4535445,2025-02-15,ita,2024/2025,Serie A,25,Francesco Fourneau,9876,Hellas Verona,8564,Milan,0,0,1,26,74,7,18,2,3,3,8,2,7,0,0,4,9,3,9,7,10,0,2,0,1,9,28,18,11,4,3,0,0,2,3,14,9,11,4,7,2,29,17,2,2,48,62,29.0,40.0,19.0,22.0,5.0,13.0,185,532,120.0,467.0,48,171,72,296,18.0,19.0,1.0,3.0,0.37,2.15,0.19,1.67,0.19,0.48,0.37,2.15,0.68,1.4,0,2,4,7,0,0,1,6,2,3,0.0,1.0458,0.2226,0.7735,0.0,0.0,0.0796,0.2583,0.065,0.0708,1,10,1,1,3,5,2,2,0,0,0.0796,1.5181,0.1047,0.1523,0.0905,0.4237,0.0924,0.0543,0.0,0.0,7,18,17.17,16.71
4535449,2025-02-15,ita,2024/2025,Serie A,25,Matteo Marchetti,8524,Atalanta,8529,Cagliari,1,0,0,59,41,9,3,2,0,4,1,3,2,0,0,4,1,5,2,8,2,0,0,0,0,25,8,7,11,1,1,0,0,0,0,22,22,8,9,2,3,13,22,0,2,51,47,37.0,37.0,14.0,10.0,4.0,9.0,606,429,536.0,355.0,172,244,364,111,13.0,20.0,7.0,3.0,0.44,0.18,0.38,0.11,0.06,0.07,0.44,0.18,0.73,0.0,0,0,3,0,1,1,3,2,2,0,0.0,0.0,0.2439,0.0,0.0425,0.0652,0.0934,0.1136,0.0624,0.0,7,2,0,0,1,1,1,0,0,0,0.3797,0.1136,0.0,0.0,0.0167,0.0652,0.0457,0.0,0.0,0.0,9,3,18.92,19.15
4535449,2025-02-15,ita,2024/2025,Serie A,25,Matteo Marchetti,8529,Cagliari,8524,Atalanta,0,0,0,41,59,3,9,0,2,1,4,2,3,0,0,1,4,2,5,2,8,0,0,0,0,8,25,11,7,1,1,0,0,0,0,22,22,9,8,3,2,22,13,2,0,47,51,37.0,37.0,10.0,14.0,9.0,4.0,429,606,355.0,536.0,244,172,111,364,20.0,13.0,3.0,7.0,0.18,0.44,0.11,0.38,0.07,0.06,0.18,0.44,0.0,0.73,0,0,0,3,1,1,2,3,0,2,0.0,0.0,0.0,0.2439,0.0652,0.0425,0.1136,0.0934,0.0,0.0624,2,7,0,0,1,1,0,1,0,0,0.1136,0.3797,0.0,0.0,0.0652,0.0167,0.0,0.0457,0.0,0.0,3,9,19.15,18.92
4535441,2025-02-16,ita,2024/2025,Serie A,25,Marco Piccinini,8535,Fiorentina,10171,Como,1,0,2,50,50,5,8,3,4,1,2,1,2,0,0,2,6,3,2,2,1,1,1,1,0,12,21,14,24,3,2,0,0,1,3,17,21,5,16,2,1,16,21,2,3,61,51,49.0,37.0,12.0,14.0,8.0,3.0,440,442,356.0,362.0,244,242,112,120,21.0,15.0,1.0,2.0,0.25,0.78,0.19,0.72,0.06,0.05,0.25,0.78,0.2,1.14,0,0,2,3,0,3,2,2,1,0,0.0,0.0,0.0866,0.494,0.0,0.1834,0.1455,0.1017,0.0308,0.0,4,4,0,3,0,1,1,0,0,0,0.201,0.231,0.0,0.4932,0.0,0.0549,0.0618,0.0,0.0,0.0,5,8,17.4,16.54
4535441,2025-02-16,ita,2024/2025,Serie A,25,Marco Piccinini,10171,Como,8535,Fiorentina,0,2,0,50,50,8,5,4,3,2,1,2,1,0,0,6,2,2,3,1,2,1,1,0,1,21,12,24,14,2,3,0,0,3,1,21,17,16,5,1,2,21,16,3,2,51,61,37.0,49.0,14.0,12.0,3.0,8.0,442,440,362.0,356.0,242,244,120,112,15.0,21.0,2.0,1.0,0.78,0.25,0.72,0.19,0.05,0.06,0.78,0.25,1.14,0.2,0,0,3,2,3,0,2,2,0,1,0.0,0.0,0.494,0.0866,0.1834,0.0,0.1017,0.1455,0.0,0.0308,4,4,3,0,1,0,0,1,0,0,0.231,0.201,0.4932,0.0,0.0549,0.0,0.0,0.0618,0.0,0.0,8,5,16.54,17.4
4535443,2025-02-16,ita,2024/2025,Serie A,25,Maurizio Mariani,9885,Juventus,8636,Inter,1,1,0,42,58,16,17,8,2,3,9,5,6,0,1,14,12,2,5,7,5,2,3,1,3,27,24,17,10,1,1,0,0,1,3,12,22,7,10,6,6,28,18,2,6,42,60,29.0,44.0,13.0,16.0,7.0,6.0,334,471,274.0,402.0,160,259,114,143,12.0,30.0,3.0,6.0,1.25,1.95,0.92,1.65,0.33,0.3,1.25,1.95,1.08,0.97,1,2,10,7,3,3,1,2,1,3,0.0451,0.606,1.0593,0.9078,0.0916,0.2561,0.0404,0.0831,0.0146,0.0939,11,11,0,0,2,4,3,2,0,0,0.9186,1.6499,0.0,0.0,0.1066,0.2387,0.2257,0.0585,0.0,0.0,16,17,15.02,15.62
4535443,2025-02-16,ita,2024/2025,Serie A,25,Maurizio Mariani,8636,Inter,9885,Juventus,0,0,1,58,42,17,16,2,8,9,3,6,5,1,0,12,14,5,2,5,7,3,2,3,1,24,27,10,17,1,1,0,0,3,1,22,12,10,7,6,6,18,28,6,2,60,42,44.0,29.0,16.0,13.0,6.0,7.0,471,334,402.0,274.0,259,160,143,114,30.0,12.0,6.0,3.0,1.95,1.25,1.65,0.92,0.3,0.33,1.95,1.25,0.97,1.08,2,1,7,10,3,3,2,1,3,1,0.606,0.0451,0.9078,1.0593,0.2561,0.0916,0.0831,0.0404,0.0939,0.0146,11,11,0,0,4,2,2,3,0,0,1.6499,0.9186,0.0,0.0,0.2387,0.1066,0.0585,0.2257,0.0,0.0,17,16,15.62,15.02
4535446,2025-02-16,ita,2024/2025,Serie A,25,Giuseppe Collu,6504,Monza,9888,Lecce,1,0,0,56,44,8,19,3,5,5,11,0,3,0,1,4,11,4,8,3,7,0,1,0,1,8,17,10,18,2,2,0,0,2,0,10,12,7,10,3,0,29,32,5,3,45,50,24.0,23.0,21.0,27.0,2.0,4.0,487,377,410.0,305.0,216,173,194,132,27.0,36.0,4.0,7.0,0.23,0.93,0.14,0.68,0.09,0.24,0.23,0.93,0.32,0.55,0,0,3,6,1,5,1,7,3,1,0.0,0.0,0.1299,0.3281,0.0405,0.2353,0.0135,0.3472,0.0468,0.0174,5,13,0,2,1,0,2,4,0,0,0.1441,0.6177,0.0,0.067,0.0313,0.0,0.0553,0.2432,0.0,0.0,8,19,25.2,19.78
4535446,2025-02-16,ita,2024/2025,Serie A,25,Giuseppe Collu,9888,Lecce,6504,Monza,0,0,0,44,56,19,8,5,3,11,5,3,0,1,0,11,4,8,4,7,3,1,0,1,0,17,8,18,10,2,2,0,0,0,2,12,10,10,7,0,3,32,29,3,5,50,45,23.0,24.0,27.0,21.0,4.0,2.0,377,487,305.0,410.0,173,216,132,194,36.0,27.0,7.0,4.0,0.93,0.23,0.68,0.14,0.24,0.09,0.93,0.23,0.55,0.32,0,0,6,3,5,1,7,1,1,3,0.0,0.0,0.3281,0.1299,0.2353,0.0405,0.3472,0.0135,0.0174,0.0468,13,5,2,0,0,1,4,2,0,0,0.6177,0.1441,0.067,0.0,0.0,0.0313,0.2432,0.0553,0.0,0.0,19,8,19.78,25.2
4535447,2025-02-16,ita,2024/2025,Serie A,25,Daniele Chiffi,10167,Parma,8686,Roma,1,0,1,28,72,5,16,1,4,4,5,0,7,0,1,3,9,2,7,1,10,0,2,0,2,11,22,11,5,2,3,1,0,1,3,12,14,10,5,7,0,19,24,3,1,31,50,25.0,32.0,6.0,18.0,8.0,8.0,278,713,203.0,658.0,112,284,91,374,14.0,18.0,1.0,3.0,0.26,1.12,0.23,0.88,0.03,0.24,0.26,1.12,0.08,2.03,0,1,1,4,2,4,1,6,1,1,0.0,0.2957,0.0741,0.2,0.0733,0.266,0.0433,0.3854,0.0412,0.0153,4,11,0,1,0,3,1,1,0,0,0.1991,0.8738,0.0,0.0492,0.0,0.0689,0.0329,0.1703,0.0,0.0,5,16,17.9,18.12
4535447,2025-02-16,ita,2024/2025,Serie A,25,Daniele Chiffi,8686,Roma,10167,Parma,0,1,0,72,28,16,5,4,1,5,4,7,0,1,0,9,3,7,2,10,1,2,0,2,0,22,11,5,11,3,2,0,1,3,1,14,12,5,10,0,7,24,19,1,3,50,31,32.0,25.0,18.0,6.0,8.0,8.0,713,278,658.0,203.0,284,112,374,91,18.0,14.0,3.0,1.0,1.12,0.26,0.88,0.23,0.24,0.03,1.12,0.26,2.03,0.08,1,0,4,1,4,2,6,1,1,1,0.2957,0.0,0.2,0.0741,0.266,0.0733,0.3854,0.0433,0.0153,0.0412,11,4,1,0,3,0,1,1,0,0,0.8738,0.1991,0.0492,0.0,0.0689,0.0,0.1703,0.0329,0.0,0.0,16,5,18.12,17.9
4535448,2025-02-16,ita,2024/2025,Serie A,25,Daniele Doveri,8600,Udinese,8534,Empoli,1,3,0,57,43,17,16,9,4,5,5,3,7,1,0,13,14,4,2,9,5,5,5,3,5,33,25,12,17,0,0,0,0,0,3,14,21,9,6,7,4,24,31,4,5,60,53,42.0,40.0,18.0,13.0,11.0,7.0,466,344,390.0,266.0,219,158,171,108,24.0,25.0,5.0,4.0,2.27,2.18,1.81,1.82,0.46,0.36,2.27,2.18,2.79,1.07,3,3,6,7,4,4,3,2,1,0,1.2967,0.8843,0.7425,1.0623,0.1866,0.2307,0.0744,0.0557,0.015,0.0,8,12,4,1,4,1,1,2,0,0,1.0647,1.6397,0.794,0.2339,0.3903,0.3037,0.0661,0.0557,0.0,0.0,17,16,15.17,14.85
4535448,2025-02-16,ita,2024/2025,Serie A,25,Daniele Doveri,8534,Empoli,8600,Udinese,0,0,3,43,57,16,17,4,9,5,5,7,3,0,1,14,13,2,4,5,9,5,5,5,3,25,33,17,12,0,0,0,0,3,0,21,14,6,9,4,7,31,24,5,4,53,60,40.0,42.0,13.0,18.0,7.0,11.0,344,466,266.0,390.0,158,219,108,171,25.0,24.0,4.0,5.0,2.18,2.27,1.82,1.81,0.36,0.46,2.18,2.27,1.07,2.79,3,3,7,6,4,4,2,3,0,1,0.8843,1.2967,1.0623,0.7425,0.2307,0.1866,0.0557,0.0744,0.0,0.015,12,8,1,4,1,4,2,1,0,0,1.6397,1.0647,0.2339,0.794,0.3037,0.3903,0.0557,0.0661,0.0,0.0,16,17,14.85,15.17
4535442,2025-02-17,ita,2024/2025,Serie A,25,Livio Marinelli,10233,Genoa,7881,Venezia,1,2,0,50,50,14,7,5,3,4,3,5,1,0,0,11,3,3,4,4,5,2,0,2,0,24,15,14,15,1,1,0,0,3,1,32,20,9,6,1,5,17,19,3,3,87,55,56.0,39.0,31.0,16.0,9.0,7.0,355,350,260.0,251.0,154,130,106,121,26.0,15.0,5.0,3.0,1.47,0.45,0.85,0.3,0.63,0.15,1.47,0.45,1.94,0.28,1,0,7,1,3,2,3,3,0,1,0.3156,0.0,0.8259,0.2407,0.1396,0.0886,0.1937,0.1068,0.0,0.0198,10,3,0,1,3,0,1,3,0,0,0.8487,0.0664,0.0,0.2407,0.5127,0.0,0.1135,0.1488,0.0,0.0,14,7,14.44,21.91
4535442,2025-02-17,ita,2024/2025,Serie A,25,Livio Marinelli,7881,Venezia,10233,Genoa,0,0,2,50,50,7,14,3,5,3,4,1,5,0,0,3,11,4,3,5,4,0,2,0,2,15,24,15,14,1,1,0,0,1,3,20,32,6,9,5,1,19,17,3,3,55,87,39.0,56.0,16.0,31.0,7.0,9.0,350,355,251.0,260.0,130,154,121,106,15.0,26.0,3.0,5.0,0.45,1.47,0.3,0.85,0.15,0.63,0.45,1.47,0.28,1.94,0,1,1,7,2,3,3,3,1,0,0.0,0.3156,0.2407,0.8259,0.0886,0.1396,0.1068,0.1937,0.0198,0.0,3,10,1,0,0,3,3,1,0,0,0.0664,0.8487,0.2407,0.0,0.0,0.5127,0.1488,0.1135,0.0,0.0,7,14,21.91,14.44
4535455,2025-02-21,ita,2024/2025,Serie A,26,Kevin Bonacina,9888,Lecce,8600,Udinese,1,0,1,45,55,10,12,1,5,5,3,4,4,0,0,5,7,5,5,11,8,1,2,1,1,21,23,15,11,1,3,0,0,2,2,20,12,14,9,4,4,38,32,4,1,54,54,36.0,39.0,18.0,15.0,6.0,13.0,376,458,285.0,370.0,166,191,119,179,22.0,29.0,4.0,5.0,0.32,1.61,0.13,0.72,0.2,0.1,0.32,0.82,0.45,1.97,0,1,3,6,2,0,3,5,2,0,0.0,0.0423,0.2384,1.3964,0.0504,0.0,0.0594,0.173,0.0495,0.0,2,6,1,2,7,3,0,0,0,1,0.1365,0.5471,0.033,0.1771,0.2281,0.0989,0.0,0.0,0.0,0.7884,10,12,19.92,17.27
4535455,2025-02-21,ita,2024/2025,Serie A,26,Kevin Bonacina,8600,Udinese,9888,Lecce,0,1,0,55,45,12,10,5,1,3,5,4,4,0,0,7,5,5,5,8,11,2,1,1,1,23,21,11,15,3,1,0,0,2,2,12,20,9,14,4,4,32,38,1,4,54,54,39.0,36.0,15.0,18.0,13.0,6.0,458,376,370.0,285.0,191,166,179,119,29.0,22.0,5.0,4.0,1.61,0.32,0.72,0.13,0.1,0.2,0.82,0.32,1.97,0.45,1,0,6,3,0,2,5,3,0,2,0.0423,0.0,1.3964,0.2384,0.0,0.0504,0.173,0.0594,0.0,0.0495,6,2,2,1,3,7,0,0,1,0,0.5471,0.1365,0.1771,0.033,0.0989,0.2281,0.0,0.0,0.7884,0.0,12,10,17.27,19.92
4535454,2025-02-22,ita,2024/2025,Serie A,26,Marco Piccinini,8636,Inter,10233,Genoa,1,1,0,62,38,18,11,5,2,5,4,8,5,1,0,10,8,8,3,6,7,3,2,2,2,45,15,7,14,0,2,0,0,2,0,8,13,7,8,5,8,25,40,2,3,62,42,27.0,25.0,35.0,17.0,5.0,6.0,595,349,501.0,267.0,251,178,250,89,31.0,14.0,6.0,5.0,1.52,1.11,0.9,0.77,0.62,0.33,1.52,1.11,1.82,0.52,2,1,5,6,3,1,5,2,3,1,0.3581,0.4873,0.8354,0.7409,0.1581,0.0241,0.1362,0.0404,0.0459,0.0215,11,6,1,1,5,4,1,0,0,0,0.6675,0.693,0.2347,0.024,0.5018,0.5972,0.1298,0.0,0.0,0.0,18,11,17.39,16.53
4535454,2025-02-22,ita,2024/2025,Serie A,26,Marco Piccinini,10233,Genoa,8636,Inter,0,0,1,38,62,11,18,2,5,4,5,5,8,0,1,8,10,3,8,7,6,2,3,2,2,15,45,14,7,2,0,0,0,0,2,13,8,8,7,8,5,40,25,3,2,42,62,25.0,27.0,17.0,35.0,6.0,5.0,349,595,267.0,501.0,178,251,89,250,14.0,31.0,5.0,6.0,1.11,1.52,0.77,0.9,0.33,0.62,1.11,1.52,0.52,1.82,1,2,6,5,1,3,2,5,1,3,0.4873,0.3581,0.7409,0.8354,0.0241,0.1581,0.0404,0.1362,0.0215,0.0459,6,11,1,1,4,5,0,1,0,0,0.693,0.6675,0.024,0.2347,0.5972,0.5018,0.0,0.1298,0.0,0.0,11,18,16.53,17.39
4535456,2025-02-22,ita,2024/2025,Serie A,26,Rosario Abisso,10167,Parma,9857,Bologna,1,2,0,26,74,4,16,3,1,1,12,0,3,0,0,3,11,1,5,0,4,2,0,1,0,10,30,14,13,2,1,0,0,1,3,10,13,6,7,3,0,45,9,1,1,47,44,27.0,30.0,20.0,14.0,5.0,5.0,202,562,131.0,485.0,89,213,42,272,14.0,22.0,1.0,7.0,1.23,0.67,0.44,0.47,0.0,0.2,0.44,0.67,1.47,0.01,0,0,1,8,2,3,0,4,1,1,0.0,0.0,0.7884,0.4304,0.3096,0.1159,0.0,0.0873,0.0165,0.0313,1,10,2,0,0,4,0,2,1,0,0.0165,0.4652,0.3096,0.0,0.0,0.1058,0.0,0.0939,0.7884,0.0,4,16,16.83,17.99
4535456,2025-02-22,ita,2024/2025,Serie A,26,Rosario Abisso,9857,Bologna,10167,Parma,0,0,2,74,26,16,4,1,3,12,1,3,0,0,0,11,3,5,1,4,0,0,2,0,1,30,10,13,14,1,2,0,0,3,1,13,10,7,6,0,3,9,45,1,1,44,47,30.0,27.0,14.0,20.0,5.0,5.0,562,202,485.0,131.0,213,89,272,42,22.0,14.0,7.0,1.0,0.67,1.23,0.47,0.44,0.2,0.0,0.67,0.44,0.01,1.47,0,0,8,1,3,2,4,0,1,1,0.0,0.0,0.4304,0.7884,0.1159,0.3096,0.0873,0.0,0.0313,0.0165,10,1,0,2,4,0,2,0,0,1,0.4652,0.0165,0.0,0.3096,0.1058,0.0,0.0939,0.0,0.0,0.7884,16,4,17.99,16.83
4535458,2025-02-22,ita,2024/2025,Serie A,26,Simone Sozza,9804,Torino,8564,Milan,1,2,1,35,65,9,26,3,8,4,11,2,7,0,1,7,14,2,12,4,11,0,2,0,2,15,33,14,5,1,1,0,0,2,2,10,11,10,4,6,2,31,25,7,2,27,42,18.0,26.0,9.0,16.0,4.0,4.0,279,506,222.0,442.0,110,161,112,281,26.0,25.0,2.0,10.0,0.36,2.45,0.19,1.29,0.17,0.37,0.36,1.66,1.08,3.07,0,2,4,9,3,3,2,9,0,3,0.0,0.3356,0.1898,1.5854,0.0578,0.1559,0.0521,0.3305,0.0,0.045,4,15,0,1,2,7,3,2,0,1,0.1646,1.1621,0.0,0.1275,0.0822,0.1649,0.0529,0.2095,0.0,0.7884,9,26,16.9,17.03
4535458,2025-02-22,ita,2024/2025,Serie A,26,Simone Sozza,8564,Milan,9804,Torino,0,1,2,65,35,26,9,8,3,11,4,7,2,1,0,14,7,12,2,11,4,2,0,2,0,33,15,5,14,1,1,0,0,2,2,11,10,4,10,2,6,25,31,2,7,42,27,26.0,18.0,16.0,9.0,4.0,4.0,506,279,442.0,222.0,161,110,281,112,25.0,26.0,10.0,2.0,2.45,0.36,1.29,0.19,0.37,0.17,1.66,0.36,3.07,1.08,2,0,9,4,3,3,9,2,3,0,0.3356,0.0,1.5854,0.1898,0.1559,0.0578,0.3305,0.0521,0.045,0.0,15,4,1,0,7,2,2,3,1,0,1.1621,0.1646,0.1275,0.0,0.1649,0.0822,0.2095,0.0529,0.7884,0.0,26,9,17.03,16.9
4535459,2025-02-22,ita,2024/2025,Serie A,26,Matteo Marchetti,7881,Venezia,8543,Lazio,1,0,0,37,63,9,9,2,3,4,4,3,2,1,0,7,5,2,4,6,6,1,1,1,1,24,29,21,12,4,2,0,0,0,1,24,11,8,4,2,2,26,20,3,2,47,63,40.0,44.0,7.0,19.0,8.0,14.0,319,560,253.0,493.0,134,304,119,189,16.0,39.0,4.0,4.0,0.98,1.1,0.51,0.97,0.47,0.13,0.98,1.1,0.77,0.41,0,0,4,4,3,1,2,1,0,3,0.0,0.0,0.5134,0.968,0.0838,0.0413,0.2163,0.0297,0.0,0.0627,5,5,2,2,0,1,2,1,0,0,0.2741,0.7704,0.1881,0.197,0.0,0.0717,0.3513,0.0625,0.0,0.0,9,9,15.05,18.64
4535459,2025-02-22,ita,2024/2025,Serie A,26,Matteo Marchetti,8543,Lazio,7881,Venezia,0,0,0,63,37,9,9,3,2,4,4,2,3,0,1,5,7,4,2,6,6,1,1,1,1,29,24,12,21,2,4,0,0,1,0,11,24,4,8,2,2,20,26,2,3,63,47,44.0,40.0,19.0,7.0,14.0,8.0,560,319,493.0,253.0,304,134,189,119,39.0,16.0,4.0,4.0,1.1,0.98,0.97,0.51,0.13,0.47,1.1,0.98,0.41,0.77,0,0,4,4,1,3,1,2,3,0,0.0,0.0,0.968,0.5134,0.0413,0.0838,0.0297,0.2163,0.0627,0.0,5,5,2,2,1,0,1,2,0,0,0.7704,0.2741,0.197,0.1881,0.0717,0.0,0.0625,0.3513,0.0,0.0,9,9,18.64,15.05
4535450,2025-02-23,ita,2024/2025,Serie A,26,Andrea Colombo,8529,Cagliari,9885,Juventus,1,0,1,39,61,8,14,2,7,4,6,2,1,0,0,3,9,5,5,3,4,0,4,0,3,11,22,9,15,0,1,0,0,0,1,17,14,4,3,1,2,22,23,6,2,44,42,34.0,28.0,10.0,14.0,4.0,7.0,367,606,291.0,540.0,154,242,137,298,23.0,22.0,8.0,3.0,0.35,2.13,0.16,2.04,0.19,0.08,0.35,2.13,0.05,2.9,0,2,2,5,1,2,1,4,4,1,0.0,0.3279,0.0567,1.0289,0.0559,0.6244,0.1105,0.1324,0.0837,0.0118,6,11,0,2,1,1,1,0,0,0,0.1768,1.6265,0.0,0.4148,0.0196,0.0841,0.1105,0.0,0.0,0.0,8,14,21.79,16.24
4535450,2025-02-23,ita,2024/2025,Serie A,26,Andrea Colombo,9885,Juventus,8529,Cagliari,0,1,0,61,39,14,8,7,2,6,4,1,2,0,0,9,3,5,5,4,3,4,0,3,0,22,11,15,9,1,0,0,0,1,0,14,17,3,4,2,1,23,22,2,6,42,44,28.0,34.0,14.0,10.0,7.0,4.0,606,367,540.0,291.0,242,154,298,137,22.0,23.0,3.0,8.0,2.13,0.35,2.04,0.16,0.08,0.19,2.13,0.35,2.9,0.05,2,0,5,2,2,1,4,1,1,4,0.3279,0.0,1.0289,0.0567,0.6244,0.0559,0.1324,0.1105,0.0118,0.0837,11,6,2,0,1,1,0,1,0,0,1.6265,0.1768,0.4148,0.0,0.0841,0.0196,0.0,0.1105,0.0,0.0,14,8,16.24,21.79
4535451,2025-02-23,ita,2024/2025,Serie A,26,Gianluca Manganiello,10171,Como,9875,Napoli,1,2,1,43,57,8,13,3,4,1,5,4,4,0,0,6,8,2,5,4,6,1,2,0,1,17,21,17,14,1,3,0,0,1,3,26,18,5,7,4,4,36,16,3,2,65,57,48.0,43.0,17.0,14.0,8.0,9.0,346,455,270.0,381.0,147,237,123,144,18.0,22.0,1.0,5.0,0.61,1.26,0.49,1.06,0.12,0.2,0.61,1.26,1.29,0.63,0,2,4,2,2,4,1,4,1,1,0.0,0.3886,0.5712,0.1115,0.0826,0.3714,0.0598,0.3485,0.0087,0.0377,4,6,1,2,1,4,2,1,0,0,0.2438,0.597,0.3632,0.4612,0.0657,0.1258,0.0496,0.0737,0.0,0.0,8,13,18.13,16.46
4535451,2025-02-23,ita,2024/2025,Serie A,26,Gianluca Manganiello,9875,Napoli,10171,Como,0,1,2,57,43,13,8,4,3,5,1,4,4,0,0,8,6,5,2,6,4,2,1,1,0,21,17,14,17,3,1,0,0,3,1,18,26,7,5,4,4,16,36,2,3,57,65,43.0,48.0,14.0,17.0,9.0,8.0,455,346,381.0,270.0,237,147,144,123,22.0,18.0,5.0,1.0,1.26,0.61,1.06,0.49,0.2,0.12,1.26,0.61,0.63,1.29,2,0,2,4,4,2,4,1,1,1,0.3886,0.0,0.1115,0.5712,0.3714,0.0826,0.3485,0.0598,0.0377,0.0087,6,4,2,1,4,1,1,2,0,0,0.597,0.2438,0.4612,0.3632,0.1258,0.0657,0.0737,0.0496,0.0,0.0,13,8,16.46,18.13
4535452,2025-02-23,ita,2024/2025,Serie A,26,Maurizio Mariani,8534,Empoli,8524,Atalanta,1,0,5,46,54,10,14,1,8,8,5,1,1,0,0,6,11,4,3,3,4,1,2,1,0,15,35,4,17,0,1,0,0,0,1,16,17,6,7,1,1,20,36,4,1,51,43,30.0,30.0,21.0,13.0,1.0,10.0,395,450,303.0,370.0,138,157,165,213,25.0,31.0,4.0,6.0,1.05,2.19,0.95,1.35,0.1,0.84,1.05,2.19,0.08,3.45,0,2,4,9,2,0,2,3,2,0,0.0,1.302,0.7111,0.762,0.088,0.0,0.049,0.1302,0.0705,0.0,7,8,0,0,1,6,2,0,0,0,0.8077,1.3502,0.0,0.0,0.0617,0.8439,0.049,0.0,0.0,0.0,10,14,18.26,11.15
4535452,2025-02-23,ita,2024/2025,Serie A,26,Maurizio Mariani,8524,Atalanta,8534,Empoli,0,5,0,54,46,14,10,8,1,5,8,1,1,0,0,11,6,3,4,4,3,2,1,0,1,35,15,17,4,1,0,0,0,1,0,17,16,7,6,1,1,36,20,1,4,43,51,30.0,30.0,13.0,21.0,10.0,1.0,450,395,370.0,303.0,157,138,213,165,31.0,25.0,6.0,4.0,2.19,1.05,1.35,0.95,0.84,0.1,2.19,1.05,3.45,0.08,2,0,9,4,0,2,3,2,0,2,1.302,0.0,0.762,0.7111,0.0,0.088,0.1302,0.049,0.0,0.0705,8,7,0,0,6,1,0,2,0,0,1.3502,0.8077,0.0,0.0,0.8439,0.0617,0.0,0.049,0.0,0.0,14,10,11.15,18.26
4535453,2025-02-23,ita,2024/2025,Serie A,26,Marco Di Bello,9876,Hellas Verona,8535,Fiorentina,1,1,0,43,57,7,8,3,3,2,4,2,1,0,0,5,4,2,4,4,1,2,3,1,3,15,13,19,8,2,3,0,0,0,1,20,8,12,9,1,2,18,21,3,2,47,47,34.0,33.0,13.0,14.0,6.0,6.0,335,452,252.0,377.0,148,249,104,128,23.0,13.0,3.0,2.0,1.16,1.37,1.07,1.19,0.09,0.18,1.16,1.37,0.99,1.37,0,0,4,4,1,0,2,3,0,1,0.0,0.0,1.0881,1.1446,0.0287,0.0,0.0444,0.1666,0.0,0.0558,5,5,0,0,1,0,1,3,0,0,1.0734,1.1861,0.0,0.0,0.0559,0.0,0.0318,0.1809,0.0,0.0,7,8,14.81,15.83
4535453,2025-02-23,ita,2024/2025,Serie A,26,Marco Di Bello,8535,Fiorentina,9876,Hellas Verona,0,0,1,57,43,8,7,3,3,4,2,1,2,0,0,4,5,4,2,1,4,3,2,3,1,13,15,8,19,3,2,0,0,1,0,8,20,9,12,2,1,21,18,2,3,47,47,33.0,34.0,14.0,13.0,6.0,6.0,452,335,377.0,252.0,249,148,128,104,13.0,23.0,2.0,3.0,1.37,1.16,1.19,1.07,0.18,0.09,1.37,1.16,1.37,0.99,0,0,4,4,0,1,3,2,1,0,0.0,0.0,1.1446,1.0881,0.0,0.0287,0.1666,0.0444,0.0558,0.0,5,5,0,0,0,1,3,1,0,0,1.1861,1.0734,0.0,0.0,0.0,0.0559,0.1809,0.0318,0.0,0.0,8,7,15.83,14.81
4535457,2025-02-24,ita,2024/2025,Serie A,26,Fabio Maresca,8686,Roma,6504,Monza,1,4,0,65,35,23,5,6,2,9,2,8,1,0,0,12,3,11,2,6,3,3,0,2,0,26,3,6,7,0,1,0,0,0,0,18,17,8,6,1,8,5,26,2,2,39,37,32.0,28.0,7.0,9.0,7.0,5.0,723,391,661.0,336.0,256,216,405,120,21.0,15.0,10.0,1.0,1.47,0.22,1.22,0.15,0.25,0.07,1.47,0.22,1.37,0.29,1,0,7,3,4,0,6,1,5,1,0.3531,0.0,0.6772,0.2237,0.1789,0.0,0.1451,0.0415,0.1171,0.0399,18,2,0,1,3,1,2,1,0,0,1.2246,0.1908,0.0,0.0415,0.1458,0.0328,0.1011,0.0399,0.0,0.0,23,5,18.76,18.41
4535457,2025-02-24,ita,2024/2025,Serie A,26,Fabio Maresca,6504,Monza,8686,Roma,0,0,4,35,65,5,23,2,6,2,9,1,8,0,0,3,12,2,11,3,6,0,3,0,2,3,26,7,6,1,0,0,0,0,0,17,18,6,8,8,1,26,5,2,2,37,39,28.0,32.0,9.0,7.0,5.0,7.0,391,723,336.0,661.0,216,256,120,405,15.0,21.0,1.0,10.0,0.22,1.47,0.15,1.22,0.07,0.25,0.22,1.47,0.29,1.37,0,1,3,7,0,4,1,6,1,5,0.0,0.3531,0.2237,0.6772,0.0,0.1789,0.0415,0.1451,0.0399,0.1171,2,18,1,0,1,3,1,2,0,0,0.1908,1.2246,0.0415,0.0,0.0328,0.1458,0.0399,0.1011,0.0,0.0,5,23,18.41,18.76
4535411,2025-02-27,ita,2024/2025,Serie A,9,Maurizio Mariani,9857,Bologna,8564,Milan,1,2,1,57,43,14,8,4,4,7,2,3,2,1,0,9,7,5,1,4,5,4,2,2,1,22,20,13,15,1,2,0,0,2,2,11,20,10,13,2,3,30,26,3,2,49,58,30.0,41.0,19.0,17.0,7.0,8.0,450,335,365.0,246.0,209,159,156,87,29.0,26.0,4.0,3.0,2.08,0.61,0.71,0.59,1.37,0.02,2.08,0.61,1.7,0.79,4,0,3,4,2,3,1,1,4,0,1.5289,0.0,0.4056,0.5932,0.0672,0.082,0.0188,0.1055,0.0565,0.0,7,5,2,2,2,1,3,0,0,0,0.3768,0.4917,0.3312,0.2705,0.0948,0.0187,1.2742,0.0,0.0,0.0,14,8,17.45,13.9
4535411,2025-02-27,ita,2024/2025,Serie A,9,Maurizio Mariani,8564,Milan,9857,Bologna,0,1,2,43,57,8,14,4,4,2,7,2,3,0,1,7,9,1,5,5,4,2,4,1,2,20,22,15,13,2,1,0,0,2,2,20,11,13,10,3,2,26,30,2,3,58,49,41.0,30.0,17.0,19.0,8.0,7.0,335,450,246.0,365.0,159,209,87,156,26.0,29.0,3.0,4.0,0.61,2.08,0.59,0.71,0.02,1.37,0.61,2.08,0.79,1.7,0,4,4,3,3,2,1,1,0,4,0.0,1.5289,0.5932,0.4056,0.082,0.0672,0.1055,0.0188,0.0,0.0565,5,7,2,2,1,2,0,3,0,0,0.4917,0.3768,0.2705,0.3312,0.0187,0.0948,0.0,1.2742,0.0,0.0,8,14,13.9,17.45
4535462,2025-02-28,ita,2024/2025,Serie A,27,Livio Marinelli,8535,Fiorentina,9888,Lecce,1,1,0,47,53,10,8,3,3,5,2,2,3,2,0,8,5,2,3,5,2,2,2,2,2,12,18,10,12,3,2,0,0,5,0,8,11,8,11,2,1,37,24,3,2,47,47,23.0,26.0,24.0,21.0,4.0,5.0,411,454,317.0,362.0,181,203,136,159,31.0,19.0,6.0,6.0,1.69,0.77,0.76,0.72,0.14,0.05,0.91,0.77,0.55,0.34,0,1,8,3,0,1,1,1,1,2,0.0,0.2737,1.6376,0.5351,0.0,0.0305,0.0412,0.0084,0.015,0.0335,6,6,0,1,1,1,2,0,1,0,0.7616,0.3724,0.0,0.4222,0.017,0.0865,0.1268,0.0,0.7884,0.0,10,8,14.85,17.42
4535462,2025-02-28,ita,2024/2025,Serie A,27,Livio Marinelli,9888,Lecce,8535,Fiorentina,0,0,1,53,47,8,10,3,3,2,5,3,2,0,2,5,8,3,2,2,5,2,2,2,2,18,12,12,10,2,3,0,0,0,5,11,8,11,8,1,2,24,37,2,3,47,47,26.0,23.0,21.0,24.0,5.0,4.0,454,411,362.0,317.0,203,181,159,136,19.0,31.0,6.0,6.0,0.77,1.69,0.72,0.76,0.05,0.14,0.77,0.91,0.34,0.55,1,0,3,8,1,0,1,1,2,1,0.2737,0.0,0.5351,1.6376,0.0305,0.0,0.0084,0.0412,0.0335,0.015,6,6,1,0,1,1,0,2,0,1,0.3724,0.7616,0.4222,0.0,0.0865,0.017,0.0,0.1268,0.0,0.7884,8,10,17.42,14.85
4535460,2025-03-01,ita,2024/2025,Serie A,27,Giuseppe Collu,8524,Atalanta,7881,Venezia,1,0,0,59,41,18,8,3,2,11,3,4,3,2,0,16,5,2,3,3,2,6,2,6,2,45,17,12,14,1,2,0,0,3,3,19,32,5,8,3,4,30,29,2,4,55,65,38.0,53.0,17.0,12.0,7.0,10.0,504,356,418.0,257.0,161,138,257,119,22.0,22.0,7.0,2.0,1.94,0.89,1.61,0.86,0.33,0.03,1.94,0.89,0.19,1.02,2,1,10,2,4,2,2,2,0,1,0.4818,0.2196,1.2613,0.4188,0.137,0.1048,0.0586,0.0585,0.0,0.0161,14,4,1,2,2,0,1,2,0,0,1.3264,0.655,0.2827,0.1048,0.3155,0.0,0.014,0.0581,0.0,0.0,18,8,13.24,18.13
4535460,2025-03-01,ita,2024/2025,Serie A,27,Giuseppe Collu,7881,Venezia,8524,Atalanta,0,0,0,41,59,8,18,2,3,3,11,3,4,0,2,5,16,3,2,2,3,2,6,2,6,17,45,14,12,2,1,0,0,3,3,32,19,8,5,4,3,29,30,4,2,65,55,53.0,38.0,12.0,17.0,10.0,7.0,356,504,257.0,418.0,138,161,119,257,22.0,22.0,2.0,7.0,0.89,1.94,0.86,1.61,0.03,0.33,0.89,1.94,1.02,0.19,1,2,2,10,2,4,2,2,1,0,0.2196,0.4818,0.4188,1.2613,0.1048,0.137,0.0585,0.0586,0.0161,0.0,4,14,2,1,0,2,2,1,0,0,0.655,1.3264,0.1048,0.2827,0.0,0.3155,0.0581,0.014,0.0,0.0,8,18,18.13,13.24
4535467,2025-03-01,ita,2024/2025,Serie A,27,Daniele Doveri,9875,Napoli,8636,Inter,1,1,1,62,38,19,6,4,1,2,2,13,3,0,0,13,3,6,3,12,3,2,0,1,0,39,12,7,15,1,0,0,0,1,0,14,10,2,10,3,13,35,37,0,4,49,37,32.0,19.0,17.0,18.0,5.0,2.0,483,300,417.0,244.0,212,170,205,74,19.0,32.0,3.0,4.0,1.81,0.32,1.72,0.13,0.09,0.19,1.81,0.32,1.4,0.63,0,0,8,2,5,1,6,3,0,0,0.0,0.0,1.3935,0.1522,0.3538,0.0581,0.1722,0.1011,0.0,0.0,16,3,0,1,3,0,0,2,0,0,1.8297,0.0906,0.0,0.0358,0.0897,0.0,0.0,0.185,0.0,0.0,19,6,15.88,19.0
4535467,2025-03-01,ita,2024/2025,Serie A,27,Daniele Doveri,8636,Inter,9875,Napoli,0,1,1,38,62,6,19,1,4,2,2,3,13,0,0,3,13,3,6,3,12,0,2,0,1,12,39,15,7,0,1,0,0,0,1,10,14,10,2,13,3,37,35,4,0,37,49,19.0,32.0,18.0,17.0,2.0,5.0,300,483,244.0,417.0,170,212,74,205,32.0,19.0,4.0,3.0,0.32,1.81,0.13,1.72,0.19,0.09,0.32,1.81,0.63,1.4,0,0,2,8,1,5,3,6,0,0,0.0,0.0,0.1522,1.3935,0.0581,0.3538,0.1011,0.1722,0.0,0.0,3,16,1,0,0,3,2,0,0,0,0.0906,1.8297,0.0358,0.0,0.0,0.0897,0.185,0.0,0.0,0.0,6,19,19.0,15.88
4535469,2025-03-01,ita,2024/2025,Serie A,27,Fabio Maresca,8600,Udinese,10167,Parma,1,1,0,43,57,20,9,6,4,9,3,5,2,0,0,12,5,8,4,7,7,3,2,2,2,22,10,15,7,1,1,0,0,3,1,15,11,5,2,3,4,20,18,3,5,39,38,26.0,30.0,13.0,8.0,6.0,4.0,398,539,346.0,475.0,191,312,155,163,28.0,19.0,7.0,4.0,2.37,0.78,1.13,0.68,0.45,0.1,1.58,0.78,1.21,0.74,1,0,8,4,3,1,4,3,4,1,0.0967,0.0,1.8385,0.5157,0.1516,0.2329,0.1777,0.0933,0.1022,0.017,12,6,0,0,4,2,3,1,1,0,1.1294,0.7699,0.0,0.0,0.1996,0.0672,0.2493,0.0217,0.7884,0.0,20,9,17.28,16.14
4535469,2025-03-01,ita,2024/2025,Serie A,27,Fabio Maresca,10167,Parma,8600,Udinese,0,0,1,57,43,9,20,4,6,3,9,2,5,0,0,5,12,4,8,7,7,2,3,2,2,10,22,7,15,1,1,0,0,1,3,11,15,2,5,4,3,18,20,5,3,38,39,30.0,26.0,8.0,13.0,4.0,6.0,539,398,475.0,346.0,312,191,163,155,19.0,28.0,4.0,7.0,0.78,2.37,0.68,1.13,0.1,0.45,0.78,1.58,0.74,1.21,0,1,4,8,1,3,3,4,1,4,0.0,0.0967,0.5157,1.8385,0.2329,0.1516,0.0933,0.1777,0.017,0.1022,6,12,0,0,2,4,1,3,0,1,0.7699,1.1294,0.0,0.0,0.0672,0.1996,0.0217,0.2493,0.0,0.7884,9,20,16.14,17.28
4535461,2025-03-02,ita,2024/2025,Serie A,27,Luca Zufferli,9857,Bologna,8529,Cagliari,1,2,1,63,37,15,2,5,1,6,0,4,1,0,0,11,1,4,1,4,1,2,1,0,0,23,6,15,24,1,2,0,0,1,1,15,19,6,6,1,4,12,21,0,4,60,52,42.0,36.0,18.0,16.0,6.0,3.0,507,296,419.0,197.0,229,127,190,70,33.0,19.0,8.0,1.0,2.15,0.55,1.12,0.55,0.24,0.0,1.36,0.55,2.16,0.48,1,1,6,0,4,0,3,1,1,0,0.7681,0.5189,1.123,0.0,0.1643,0.0,0.0777,0.0299,0.0197,0.0,8,1,1,1,2,0,3,0,1,0,1.082,0.0299,0.0622,0.5189,0.0475,0.0,0.1727,0.0,0.7884,0.0,15,2,15.72,12.16
4535461,2025-03-02,ita,2024/2025,Serie A,27,Luca Zufferli,8529,Cagliari,9857,Bologna,0,1,2,37,63,2,15,1,5,0,6,1,4,0,0,1,11,1,4,1,4,1,2,0,0,6,23,24,15,2,1,0,0,1,1,19,15,6,6,4,1,21,12,4,0,52,60,36.0,42.0,16.0,18.0,3.0,6.0,296,507,197.0,419.0,127,229,70,190,19.0,33.0,1.0,8.0,0.55,2.15,0.55,1.12,0.0,0.24,0.55,1.36,0.48,2.16,1,1,0,6,0,4,1,3,0,1,0.5189,0.7681,0.0,1.123,0.0,0.1643,0.0299,0.0777,0.0,0.0197,1,8,1,1,0,2,0,3,0,1,0.0299,1.082,0.5189,0.0622,0.0,0.0475,0.0,0.1727,0.0,0.7884,2,15,12.16,15.72
4535463,2025-03-02,ita,2024/2025,Serie A,27,Davide Massa,10233,Genoa,8534,Empoli,1,1,1,61,39,4,7,1,1,3,4,0,2,0,0,3,4,1,3,3,6,0,1,0,1,13,17,12,18,1,3,0,0,0,3,15,20,7,10,2,0,48,31,0,0,61,67,37.0,37.0,24.0,30.0,6.0,5.0,412,259,307.0,151.0,208,61,99,90,24.0,17.0,5.0,4.0,0.36,0.91,0.19,0.75,0.17,0.16,0.36,0.91,0.51,0.19,0,1,3,2,0,1,1,1,0,2,0.0,0.4399,0.2832,0.2989,0.0,0.0366,0.0156,0.0311,0.0,0.1005,2,3,0,1,2,2,0,1,0,0,0.1498,0.7119,0.0,0.0337,0.149,0.0946,0.0,0.0668,0.0,0.0,4,7,15.05,16.74
4535463,2025-03-02,ita,2024/2025,Serie A,27,Davide Massa,8534,Empoli,10233,Genoa,0,1,1,39,61,7,4,1,1,4,3,2,0,0,0,4,3,3,1,6,3,1,0,1,0,17,13,18,12,3,1,0,0,3,0,20,15,10,7,0,2,31,48,0,0,67,61,37.0,37.0,30.0,24.0,5.0,6.0,259,412,151.0,307.0,61,208,90,99,17.0,24.0,4.0,5.0,0.91,0.36,0.75,0.19,0.16,0.17,0.91,0.36,0.19,0.51,1,0,2,3,1,0,1,1,2,0,0.4399,0.0,0.2989,0.2832,0.0366,0.0,0.0311,0.0156,0.1005,0.0,3,2,1,0,2,2,1,0,0,0,0.7119,0.1498,0.0337,0.0,0.0946,0.149,0.0668,0.0,0.0,0.0,7,4,16.74,15.05
4535465,2025-03-02,ita,2024/2025,Serie A,27,Gianluca Manganiello,8564,Milan,8543,Lazio,1,1,2,60,40,15,21,4,8,7,9,4,4,0,0,10,15,5,6,3,5,1,3,1,1,39,34,14,6,3,1,1,0,0,1,16,15,4,11,4,4,15,33,6,3,46,47,35.0,40.0,11.0,7.0,14.0,11.0,534,346,472.0,292.0,205,194,267,98,16.0,28.0,6.0,5.0,1.45,3.08,1.37,1.81,0.08,0.48,1.45,2.3,1.0,2.78,1,1,8,10,1,4,4,5,1,1,0.3535,0.6291,0.7562,1.9514,0.1226,0.16,0.144,0.322,0.0164,0.041,13,11,0,3,2,4,0,2,0,1,1.3178,1.4883,0.0,0.3454,0.0749,0.3524,0.0,0.1292,0.0,0.7884,15,21,16.69,16.28
4535465,2025-03-02,ita,2024/2025,Serie A,27,Gianluca Manganiello,8543,Lazio,8564,Milan,0,2,1,40,60,21,15,8,4,9,7,4,4,0,0,15,10,6,5,5,3,3,1,1,1,34,39,6,14,1,3,0,1,1,0,15,16,11,4,4,4,33,15,3,6,47,46,40.0,35.0,7.0,11.0,11.0,14.0,346,534,292.0,472.0,194,205,98,267,28.0,16.0,5.0,6.0,3.08,1.45,1.81,1.37,0.48,0.08,2.3,1.45,2.78,1.0,1,1,10,8,4,1,5,4,1,1,0.6291,0.3535,1.9514,0.7562,0.16,0.1226,0.322,0.144,0.041,0.0164,11,13,3,0,4,2,2,0,1,0,1.4883,1.3178,0.3454,0.0,0.3524,0.0749,0.1292,0.0,0.7884,0.0,21,15,16.28,16.69
4535466,2025-03-02,ita,2024/2025,Serie A,27,Antonio Rapuano,6504,Monza,9804,Torino,1,0,2,53,47,9,13,2,7,4,5,3,1,0,0,6,11,3,2,1,4,0,1,0,0,13,24,10,20,2,2,0,0,3,1,7,8,5,12,1,3,23,14,5,2,45,27,29.0,20.0,16.0,7.0,4.0,4.0,478,434,416.0,370.0,270,167,146,203,30.0,40.0,8.0,7.0,1.11,1.2,0.87,1.2,0.24,0.0,1.11,1.2,0.14,1.67,2,2,3,7,1,2,1,2,2,0,0.3966,0.4045,0.5293,0.6776,0.0615,0.0893,0.0304,0.0275,0.0891,0.0,8,11,0,2,1,0,0,0,0,0,0.8674,0.9141,0.0,0.2848,0.2396,0.0,0.0,0.0,0.0,0.0,9,13,14.08,14.78
4535466,2025-03-02,ita,2024/2025,Serie A,27,Antonio Rapuano,9804,Torino,6504,Monza,0,2,0,47,53,13,9,7,2,5,4,1,3,0,0,11,6,2,3,4,1,1,0,0,0,24,13,20,10,2,2,0,0,1,3,8,7,12,5,3,1,14,23,2,5,27,45,20.0,29.0,7.0,16.0,4.0,4.0,434,478,370.0,416.0,167,270,203,146,40.0,30.0,7.0,8.0,1.2,1.11,1.2,0.87,0.0,0.24,1.2,1.11,1.67,0.14,2,2,7,3,2,1,2,1,0,2,0.4045,0.3966,0.6776,0.5293,0.0893,0.0615,0.0275,0.0304,0.0,0.0891,11,8,2,0,0,1,0,0,0,0,0.9141,0.8674,0.2848,0.0,0.0,0.2396,0.0,0.0,0.0,0.0,13,9,14.78,14.08
4535468,2025-03-02,ita,2024/2025,Serie A,27,Luca Pairetto,8686,Roma,10171,Como,1,2,1,48,52,11,10,4,3,3,3,4,4,0,1,8,8,3,2,1,2,3,3,2,2,27,17,6,18,2,5,0,1,1,3,18,18,12,8,4,4,14,21,2,2,54,47,43.0,33.0,11.0,14.0,8.0,10.0,512,553,441.0,478.0,244,299,197,179,21.0,16.0,3.0,2.0,1.36,1.2,1.28,1.09,0.08,0.11,1.36,1.2,1.41,1.2,1,0,6,6,1,2,3,2,0,0,0.668,0.0,0.8248,1.0485,0.0202,0.1111,0.0592,0.0591,0.0,0.0,9,9,0,0,1,1,1,0,0,0,1.4903,1.1103,0.0,0.0,0.0618,0.1084,0.0202,0.0,0.0,0.0,11,10,16.78,15.98
4535468,2025-03-02,ita,2024/2025,Serie A,27,Luca Pairetto,10171,Como,8686,Roma,0,1,2,52,48,10,11,3,4,3,3,4,4,1,0,8,8,2,3,2,1,3,3,2,2,17,27,18,6,5,2,1,0,3,1,18,18,8,12,4,4,21,14,2,2,47,54,33.0,43.0,14.0,11.0,10.0,8.0,553,512,478.0,441.0,299,244,179,197,16.0,21.0,2.0,3.0,1.2,1.36,1.09,1.28,0.11,0.08,1.2,1.36,1.2,1.41,0,1,6,6,2,1,2,3,0,0,0.0,0.668,1.0485,0.8248,0.1111,0.0202,0.0591,0.0592,0.0,0.0,9,9,0,0,1,1,0,1,0,0,1.1103,1.4903,0.0,0.0,0.1084,0.0618,0.0,0.0202,0.0,0.0,10,11,15.98,16.78
4535464,2025-03-03,ita,2024/2025,Serie A,27,Matteo Marchetti,9885,Juventus,9876,Hellas Verona,1,2,0,76,24,27,5,9,2,10,1,8,2,0,0,18,3,9,2,6,0,2,0,2,0,58,7,14,8,1,0,0,0,1,3,9,16,1,12,2,8,8,42,2,7,46,51,28.0,30.0,18.0,21.0,11.0,2.0,672,213,596.0,140.0,185,87,411,53,21.0,16.0,6.0,1.0,1.99,0.28,1.35,0.28,0.64,0.0,1.99,0.28,2.41,0.12,1,0,12,1,5,2,7,2,2,0,0.1572,0.0,1.3397,0.0663,0.258,0.053,0.1935,0.1208,0.0447,0.0,19,4,1,1,6,0,1,0,0,0,1.2661,0.1677,0.0854,0.0724,0.5993,0.0,0.0422,0.0,0.0,0.0,27,5,16.38,16.94
4535464,2025-03-03,ita,2024/2025,Serie A,27,Matteo Marchetti,9876,Hellas Verona,9885,Juventus,0,0,2,24,76,5,27,2,9,1,10,2,8,0,0,3,18,2,9,0,6,0,2,0,2,7,58,8,14,0,1,0,0,3,1,16,9,12,1,8,2,42,8,7,2,51,46,30.0,28.0,21.0,18.0,2.0,11.0,213,672,140.0,596.0,87,185,53,411,16.0,21.0,1.0,6.0,0.28,1.99,0.28,1.35,0.0,0.64,0.28,1.99,0.12,2.41,0,1,1,12,2,5,2,7,0,2,0.0,0.1572,0.0663,1.3397,0.053,0.258,0.1208,0.1935,0.0,0.0447,4,19,1,1,0,6,0,1,0,0,0.1677,1.2661,0.0724,0.0854,0.0,0.5993,0.0,0.0422,0.0,0.0,5,27,16.94,16.38
4535470,2025-03-07,ita,2024/2025,Serie A,28,Michael Fabbri,8529,Cagliari,10233,Genoa,1,1,1,47,53,9,8,1,2,6,5,2,1,1,0,6,7,3,1,2,5,1,4,0,3,12,24,16,15,2,2,0,0,1,2,10,14,10,6,1,2,22,26,1,0,53,60,29.0,30.0,24.0,30.0,5.0,1.0,379,428,268.0,328.0,144,179,124,149,21.0,27.0,5.0,7.0,0.68,0.95,0.64,0.59,0.04,0.35,0.68,0.95,0.76,0.53,0,1,5,6,1,0,1,1,2,0,0.0,0.231,0.605,0.6963,0.0256,0.0,0.0102,0.0195,0.0437,0.0,6,3,1,0,1,3,1,2,0,0,0.332,0.5922,0.312,0.0,0.0102,0.1042,0.0302,0.2505,0.0,0.0,9,8,17.5,16.37
4535470,2025-03-07,ita,2024/2025,Serie A,28,Michael Fabbri,10233,Genoa,8529,Cagliari,0,1,1,53,47,8,9,2,1,5,6,1,2,0,1,7,6,1,3,5,2,4,1,3,0,24,12,15,16,2,2,0,0,2,1,14,10,6,10,2,1,26,22,0,1,60,53,30.0,29.0,30.0,24.0,1.0,5.0,428,379,328.0,268.0,179,144,149,124,27.0,21.0,7.0,5.0,0.95,0.68,0.59,0.64,0.35,0.04,0.95,0.68,0.53,0.76,1,0,6,5,0,1,1,1,0,2,0.231,0.0,0.6963,0.605,0.0,0.0256,0.0195,0.0102,0.0,0.0437,3,6,0,1,3,1,2,1,0,0,0.5922,0.332,0.0,0.312,0.1042,0.0102,0.2505,0.0302,0.0,0.0,8,9,16.37,17.5
4535471,2025-03-08,ita,2024/2025,Serie A,28,Giovanni Ayroldi,10171,Como,7881,Venezia,1,1,1,56,44,12,10,7,5,3,3,2,2,1,0,10,7,2,3,3,5,2,3,2,2,30,15,11,14,2,3,0,0,0,3,25,20,4,9,3,2,11,19,3,6,50,51,44.0,39.0,6.0,12.0,7.0,9.0,448,350,375.0,286.0,223,163,152,123,21.0,22.0,4.0,3.0,1.01,1.33,0.28,0.46,0.73,0.08,1.01,0.55,2.17,1.43,1,0,6,6,3,1,2,1,0,2,0.8223,0.0,0.4146,1.239,0.1086,0.0384,0.1022,0.0184,0.0,0.0377,5,6,0,0,1,3,6,0,0,1,0.309,0.4615,0.0,0.0,0.0159,0.0835,1.1228,0.0,0.0,0.7884,12,10,15.23,15.76
4535471,2025-03-08,ita,2024/2025,Serie A,28,Giovanni Ayroldi,7881,Venezia,10171,Como,0,1,1,44,56,10,12,5,7,3,3,2,2,0,1,7,10,3,2,5,3,3,2,2,2,15,30,14,11,3,2,0,0,3,0,20,25,9,4,2,3,19,11,6,3,51,50,39.0,44.0,12.0,6.0,9.0,7.0,350,448,286.0,375.0,163,223,123,152,22.0,21.0,3.0,4.0,1.33,1.01,0.46,0.28,0.08,0.73,0.55,1.01,1.43,2.17,0,1,6,6,1,3,1,2,2,0,0.0,0.8223,1.239,0.4146,0.0384,0.1086,0.0184,0.1022,0.0377,0.0,6,5,0,0,3,1,0,6,1,0,0.4615,0.309,0.0,0.0,0.0835,0.0159,0.0,1.1228,0.7884,0.0,10,12,15.76,15.23
4535474,2025-03-08,ita,2024/2025,Serie A,28,Luca Zufferli,8636,Inter,6504,Monza,1,3,2,69,31,30,8,9,4,12,2,9,2,1,0,22,3,8,5,13,1,3,1,2,0,67,5,8,7,0,1,0,0,1,0,16,12,4,8,2,9,9,34,2,7,52,31,25.0,23.0,27.0,8.0,4.0,6.0,632,293,575.0,242.0,175,171,400,71,22.0,22.0,15.0,0.0,3.16,0.65,1.94,0.65,1.21,0.0,3.16,0.65,2.33,1.28,5,0,11,0,6,4,6,2,2,2,1.0601,0.0,1.0909,0.0,0.2098,0.5405,0.2211,0.0679,0.0287,0.0384,18,7,3,1,8,0,1,0,0,0,1.4593,0.6165,0.4674,0.0304,0.6649,0.0,0.019,0.0,0.0,0.0,30,8,14.84,22.64
4535474,2025-03-08,ita,2024/2025,Serie A,28,Luca Zufferli,6504,Monza,8636,Inter,0,2,3,31,69,8,30,4,9,2,12,2,9,0,1,3,22,5,8,1,13,1,3,0,2,5,67,7,8,1,0,0,0,0,1,12,16,8,4,9,2,34,9,7,2,31,52,23.0,25.0,8.0,27.0,6.0,4.0,293,632,242.0,575.0,171,175,71,400,22.0,22.0,0.0,15.0,0.65,3.16,0.65,1.94,0.0,1.21,0.65,3.16,1.28,2.33,0,5,0,11,4,6,2,6,2,2,0.0,1.0601,0.0,1.0909,0.5405,0.2098,0.0679,0.2211,0.0384,0.0287,7,18,1,3,0,8,0,1,0,0,0.6165,1.4593,0.0304,0.4674,0.0,0.6649,0.0,0.019,0.0,0.0,8,30,22.64,14.84
4535477,2025-03-08,ita,2024/2025,Serie A,28,Daniele Doveri,9888,Lecce,8564,Milan,1,2,3,30,70,11,16,3,9,6,6,2,1,1,1,8,13,3,3,2,7,1,5,1,3,14,33,13,7,2,1,0,0,2,7,22,6,7,3,1,2,38,14,7,1,41,44,31.0,29.0,10.0,15.0,3.0,10.0,243,581,164.0,518.0,98,232,66,286,15.0,17.0,2.0,9.0,0.87,3.6,0.78,2.63,0.08,0.18,0.87,2.81,1.66,3.06,1,3,6,7,1,3,2,3,1,0,0.1992,1.3625,0.6168,1.9872,0.0326,0.1466,0.0984,0.1017,0.0096,0.0,5,12,3,0,2,2,1,1,0,1,0.6398,2.627,0.2282,0.0,0.0297,0.177,0.0588,0.0056,0.0,0.7884,11,16,17.37,12.19
4535477,2025-03-08,ita,2024/2025,Serie A,28,Daniele Doveri,8564,Milan,9888,Lecce,0,3,2,70,30,16,11,9,3,6,6,1,2,1,1,13,8,3,3,7,2,5,1,3,1,33,14,7,13,1,2,0,0,7,2,6,22,3,7,2,1,14,38,1,7,44,41,29.0,31.0,15.0,10.0,10.0,3.0,581,243,518.0,164.0,232,98,286,66,17.0,15.0,9.0,2.0,3.6,0.87,2.63,0.78,0.18,0.08,2.81,0.87,3.06,1.66,3,1,7,6,3,1,3,2,0,1,1.3625,0.1992,1.9872,0.6168,0.1466,0.0326,0.1017,0.0984,0.0,0.0096,12,5,0,3,2,2,1,1,1,0,2.627,0.6398,0.0,0.2282,0.177,0.0297,0.0056,0.0588,0.7884,0.0,16,11,12.19,17.37
4535479,2025-03-08,ita,2024/2025,Serie A,28,Francesco Fourneau,10167,Parma,9804,Torino,1,2,2,52,48,12,6,4,2,5,2,3,2,1,0,8,4,4,2,7,4,3,1,2,0,18,17,16,15,4,2,0,0,1,0,14,9,4,6,2,3,23,37,0,2,48,44,35.0,29.0,13.0,15.0,7.0,5.0,349,330,283.0,268.0,151,166,132,102,28.0,15.0,7.0,4.0,1.75,0.56,0.58,0.21,1.17,0.35,1.75,0.56,2.3,0.69,4,0,4,3,0,1,3,2,1,0,1.1473,0.0,0.5044,0.462,0.0,0.0425,0.1284,0.1724,0.0304,0.0,3,3,2,1,5,0,2,2,0,0,0.4296,0.1647,0.1474,0.0894,1.1793,0.0,0.0542,0.4227,0.0,0.0,12,6,13.14,18.49
4535479,2025-03-08,ita,2024/2025,Serie A,28,Francesco Fourneau,9804,Torino,10167,Parma,0,2,2,48,52,6,12,2,4,2,5,2,3,0,1,4,8,2,4,4,7,1,3,0,2,17,18,15,16,2,4,0,0,0,1,9,14,6,4,3,2,37,23,2,0,44,48,29.0,35.0,15.0,13.0,5.0,7.0,330,349,268.0,283.0,166,151,102,132,15.0,28.0,4.0,7.0,0.56,1.75,0.21,0.58,0.35,1.17,0.56,1.75,0.69,2.3,0,4,3,4,1,0,2,3,0,1,0.0,1.1473,0.462,0.5044,0.0425,0.0,0.1724,0.1284,0.0,0.0304,3,3,1,2,0,5,2,2,0,0,0.1647,0.4296,0.0894,0.1474,0.0,1.1793,0.4227,0.0542,0.0,0.0,6,12,18.49,13.14
4535472,2025-03-09,ita,2024/2025,Serie A,28,Marco Di Bello,8534,Empoli,8686,Roma,1,0,1,36,64,3,15,1,6,1,6,1,3,0,2,1,10,2,5,1,9,0,6,0,6,4,27,12,11,0,0,0,0,1,1,22,10,7,10,3,1,29,17,5,1,45,43,33.0,30.0,12.0,13.0,2.0,10.0,359,643,280.0,566.0,182,262,98,304,27.0,36.0,2.0,6.0,0.11,2.0,0.11,1.81,0.0,0.18,0.11,2.0,0.15,1.2,0,0,1,10,0,0,2,4,0,1,0.0,0.0,0.0174,1.7533,0.0,0.0,0.0964,0.1965,0.0,0.0269,3,9,0,2,0,1,0,3,0,0,0.1138,1.5495,0.0,0.2641,0.0,0.021,0.0,0.1421,0.0,0.0,3,15,19.44,16.86
4535472,2025-03-09,ita,2024/2025,Serie A,28,Marco Di Bello,8686,Roma,8534,Empoli,0,1,0,64,36,15,3,6,1,6,1,3,1,2,0,10,1,5,2,9,1,6,0,6,0,27,4,11,12,0,0,0,0,1,1,10,22,10,7,1,3,17,29,1,5,43,45,30.0,33.0,13.0,12.0,10.0,2.0,643,359,566.0,280.0,262,182,304,98,36.0,27.0,6.0,2.0,2.0,0.11,1.81,0.11,0.18,0.0,2.0,0.11,1.2,0.15,0,0,10,1,0,0,4,2,1,0,0.0,0.0,1.7533,0.0174,0.0,0.0,0.1965,0.0964,0.0269,0.0,9,3,2,0,1,0,3,0,0,0,1.5495,0.1138,0.2641,0.0,0.021,0.0,0.1421,0.0,0.0,0.0,15,3,16.86,19.44
4535473,2025-03-09,ita,2024/2025,Serie A,28,Antonio Rapuano,9876,Hellas Verona,9857,Bologna,1,1,2,32,68,7,12,2,6,3,4,2,2,0,0,5,7,2,5,1,3,2,3,1,2,17,20,23,11,1,1,1,0,1,2,21,22,6,5,2,1,29,23,4,1,61,59,36.0,47.0,25.0,12.0,5.0,4.0,277,577,177.0,481.0,100,239,77,242,15.0,22.0,2.0,2.0,1.16,1.32,1.11,1.18,0.05,0.14,1.16,1.32,1.29,1.0,2,0,2,5,1,2,2,4,0,1,1.0622,0.0,0.1839,0.9855,0.049,0.1543,0.0426,0.1572,0.0,0.022,6,8,0,1,1,1,0,2,0,0,1.2914,0.8033,0.0,0.3758,0.0462,0.0453,0.0,0.0946,0.0,0.0,7,12,13.73,17.42
4535473,2025-03-09,ita,2024/2025,Serie A,28,Antonio Rapuano,9857,Bologna,9876,Hellas Verona,0,2,1,68,32,12,7,6,2,4,3,2,2,0,0,7,5,5,2,3,1,3,2,2,1,20,17,11,23,1,1,0,1,2,1,22,21,5,6,1,2,23,29,1,4,59,61,47.0,36.0,12.0,25.0,4.0,5.0,577,277,481.0,177.0,239,100,242,77,22.0,15.0,2.0,2.0,1.32,1.16,1.18,1.11,0.14,0.05,1.32,1.16,1.0,1.29,0,2,5,2,2,1,4,2,1,0,0.0,1.0622,0.9855,0.1839,0.1543,0.049,0.1572,0.0426,0.022,0.0,8,6,1,0,1,1,2,0,0,0,0.8033,1.2914,0.3758,0.0,0.0453,0.0462,0.0946,0.0,0.0,0.0,12,7,17.42,13.73
4535475,2025-03-09,ita,2024/2025,Serie A,28,Simone Sozza,9885,Juventus,8524,Atalanta,1,0,4,63,37,9,19,2,9,3,4,4,6,0,1,6,16,3,3,2,5,2,7,2,4,21,35,12,11,1,1,0,0,0,1,22,21,7,11,6,4,12,21,5,2,52,43,40.0,34.0,12.0,9.0,7.0,4.0,601,343,530.0,279.0,290,155,240,124,17.0,22.0,2.0,3.0,0.76,3.77,0.7,2.74,0.05,0.25,0.76,2.99,0.87,3.86,0,2,4,12,2,2,2,3,1,0,0.0,0.7678,0.7081,2.6238,0.079,0.1517,0.0896,0.2304,0.0295,0.0,7,7,0,8,0,3,2,0,0,1,0.8511,0.6095,0.0,2.1278,0.0,0.248,0.055,0.0,0.0,0.7884,9,19,16.31,12.61
4535475,2025-03-09,ita,2024/2025,Serie A,28,Simone Sozza,8524,Atalanta,9885,Juventus,0,4,0,37,63,19,9,9,2,4,3,6,4,1,0,16,6,3,3,5,2,7,2,4,2,35,21,11,12,1,1,0,0,1,0,21,22,11,7,4,6,21,12,2,5,43,52,34.0,40.0,9.0,12.0,4.0,7.0,343,601,279.0,530.0,155,290,124,240,22.0,17.0,3.0,2.0,3.77,0.76,2.74,0.7,0.25,0.05,2.99,0.76,3.86,0.87,2,0,12,4,2,2,3,2,0,1,0.7678,0.0,2.6238,0.7081,0.1517,0.079,0.2304,0.0896,0.0,0.0295,7,7,8,0,3,0,0,2,1,0,0.6095,0.8511,2.1278,0.0,0.248,0.0,0.0,0.055,0.7884,0.0,19,9,12.61,16.31
4535478,2025-03-09,ita,2024/2025,Serie A,28,Andrea Colombo,9875,Napoli,8535,Fiorentina,1,2,1,49,51,19,7,11,2,4,4,4,1,1,0,14,4,5,3,4,4,6,2,4,2,30,16,10,5,1,2,0,0,0,1,16,7,7,8,1,4,23,22,1,9,41,27,29.0,18.0,12.0,9.0,8.0,2.0,485,513,417.0,430.0,199,258,218,172,18.0,31.0,3.0,3.0,2.85,1.13,2.64,0.47,0.21,0.66,2.85,1.13,3.51,0.4,1,1,5,2,8,1,3,2,2,1,0.167,0.2557,1.6744,0.3369,0.382,0.0393,0.591,0.0608,0.0485,0.0308,16,5,1,0,1,2,1,0,0,0,2.145,0.4285,0.5119,0.0,0.167,0.295,0.0389,0.0,0.0,0.0,19,7,15.53,15.92
4535478,2025-03-09,ita,2024/2025,Serie A,28,Andrea Colombo,8535,Fiorentina,9875,Napoli,0,1,2,51,49,7,19,2,11,4,4,1,4,0,1,4,14,3,5,4,4,2,6,2,4,16,30,5,10,2,1,0,0,1,0,7,16,8,7,4,1,22,23,9,1,27,41,18.0,29.0,9.0,12.0,2.0,8.0,513,485,430.0,417.0,258,199,172,218,31.0,18.0,3.0,3.0,1.13,2.85,0.47,2.64,0.66,0.21,1.13,2.85,0.4,3.51,1,1,2,5,1,8,2,3,1,2,0.2557,0.167,0.3369,1.6744,0.0393,0.382,0.0608,0.591,0.0308,0.0485,5,16,0,1,2,1,0,1,0,0,0.4285,2.145,0.0,0.5119,0.295,0.167,0.0,0.0389,0.0,0.0,7,19,15.92,15.53
4535476,2025-03-10,ita,2024/2025,Serie A,28,Marco Piccinini,8543,Lazio,8600,Udinese,1,1,1,49,51,10,15,5,4,1,6,4,5,0,0,7,10,3,5,4,9,1,1,0,0,24,26,9,11,2,4,0,0,1,2,11,13,3,6,5,4,24,20,3,4,40,37,26.0,28.0,14.0,9.0,6.0,9.0,441,453,385.0,387.0,221,249,164,138,35.0,23.0,3.0,4.0,0.84,1.43,0.6,1.14,0.24,0.29,0.84,1.43,1.63,1.88,2,1,2,5,3,4,1,2,2,3,0.9822,0.6944,0.0508,0.4995,0.1564,0.0966,0.018,0.1124,0.037,0.0518,8,8,0,0,2,5,0,2,0,0,0.5619,1.1802,0.0,0.0,0.6825,0.1625,0.0,0.1119,0.0,0.0,10,15,17.14,17.52
4535476,2025-03-10,ita,2024/2025,Serie A,28,Marco Piccinini,8600,Udinese,8543,Lazio,0,1,1,51,49,15,10,4,5,6,1,5,4,0,0,10,7,5,3,9,4,1,1,0,0,26,24,11,9,4,2,0,0,2,1,13,11,6,3,4,5,20,24,4,3,37,40,28.0,26.0,9.0,14.0,9.0,6.0,453,441,387.0,385.0,249,221,138,164,23.0,35.0,4.0,3.0,1.43,0.84,1.14,0.6,0.29,0.24,1.43,0.84,1.88,1.63,1,2,5,2,4,3,2,1,3,2,0.6944,0.9822,0.4995,0.0508,0.0966,0.1564,0.1124,0.018,0.0518,0.037,8,8,0,0,5,2,2,0,0,0,1.1802,0.5619,0.0,0.0,0.1625,0.6825,0.1119,0.0,0.0,0.0,15,10,17.52,17.14
4535485,2025-03-14,ita,2024/2025,Serie A,29,Fabio Maresca,10233,Genoa,9888,Lecce,1,2,1,44,56,8,15,2,2,4,5,2,8,0,0,3,5,5,10,3,3,2,1,0,0,11,12,12,10,3,2,0,0,1,0,13,20,10,5,7,1,22,19,1,0,46,68,30.0,40.0,16.0,28.0,7.0,9.0,344,445,250.0,344.0,132,203,118,141,13.0,32.0,3.0,1.0,1.04,1.36,1.04,0.43,0.0,0.14,1.04,0.57,1.33,1.17,0,0,2,4,1,1,4,7,1,3,0.0,0.0,0.8194,1.0734,0.0631,0.0246,0.1208,0.1863,0.0217,0.0748,6,8,2,0,0,3,0,3,0,1,0.9437,0.4343,0.0813,0.0,0.0,0.0577,0.0,0.0787,0.0,0.7884,8,15,24.59,21.87
4535485,2025-03-14,ita,2024/2025,Serie A,29,Fabio Maresca,9888,Lecce,10233,Genoa,0,1,2,56,44,15,8,2,2,5,4,8,2,0,0,5,3,10,5,3,3,1,2,0,0,12,11,10,12,2,3,0,0,0,1,20,13,5,10,1,7,19,22,0,1,68,46,40.0,30.0,28.0,16.0,9.0,7.0,445,344,344.0,250.0,203,132,141,118,32.0,13.0,1.0,3.0,1.36,1.04,0.43,1.04,0.14,0.0,0.57,1.04,1.17,1.33,0,0,4,2,1,1,7,4,3,1,0.0,0.0,1.0734,0.8194,0.0246,0.0631,0.1863,0.1208,0.0748,0.0217,8,6,0,2,3,0,3,0,1,0,0.4343,0.9437,0.0,0.0813,0.0577,0.0,0.0787,0.0,0.7884,0.0,15,8,21.87,24.59
4535486,2025-03-15,ita,2024/2025,Serie A,29,Matteo Marchetti,8564,Milan,10171,Como,1,2,1,42,58,9,15,3,6,4,3,2,6,1,0,8,7,1,8,0,5,3,2,2,2,17,22,21,7,3,3,0,1,0,2,25,18,4,8,6,2,23,7,5,1,49,52,40.0,44.0,9.0,8.0,8.0,5.0,321,437,263.0,385.0,183,189,80,196,19.0,21.0,0.0,1.0,0.92,0.99,0.86,0.65,0.06,0.34,0.92,0.99,0.79,1.2,0,0,3,4,5,3,0,6,1,2,0.0,0.0,0.7361,0.5658,0.5455,0.1183,0.0,0.2671,0.0153,0.039,5,12,4,0,0,1,0,2,0,0,0.6551,0.6488,0.6418,0.0,0.0,0.0294,0.0,0.312,0.0,0.0,9,15,17.78,20.0
4535486,2025-03-15,ita,2024/2025,Serie A,29,Matteo Marchetti,10171,Como,8564,Milan,0,1,2,58,42,15,9,6,3,3,4,6,2,0,1,7,8,8,1,5,0,2,3,2,2,22,17,7,21,3,3,1,0,2,0,18,25,8,4,2,6,7,23,1,5,52,49,44.0,40.0,8.0,9.0,5.0,8.0,437,321,385.0,263.0,189,183,196,80,21.0,19.0,1.0,0.0,0.99,0.92,0.65,0.86,0.34,0.06,0.99,0.92,1.2,0.79,0,0,4,3,3,5,6,0,2,1,0.0,0.0,0.5658,0.7361,0.1183,0.5455,0.2671,0.0,0.039,0.0153,12,5,0,4,1,0,2,0,0,0,0.6488,0.6551,0.0,0.6418,0.0294,0.0,0.312,0.0,0.0,0.0,15,9,20.0,17.78
4535487,2025-03-15,ita,2024/2025,Serie A,29,Gianluca Manganiello,6504,Monza,10167,Parma,1,1,1,45,55,12,14,4,6,6,5,2,3,0,0,9,7,3,7,6,3,1,0,0,0,20,17,14,16,0,3,0,0,2,0,21,13,6,4,3,2,24,18,5,3,50,45,41.0,37.0,9.0,8.0,7.0,10.0,393,505,329.0,442.0,241,205,88,237,23.0,19.0,11.0,3.0,0.69,0.63,0.4,0.61,0.29,0.02,0.69,0.63,0.99,1.58,0,0,6,4,3,3,0,5,3,2,0.0,0.0,0.5195,0.2888,0.0846,0.15,0.0,0.1897,0.0886,0.0337,6,13,0,0,4,0,2,1,0,0,0.4028,0.6465,0.0,0.0,0.2257,0.0,0.0641,0.0157,0.0,0.0,12,14,16.14,19.69
4535487,2025-03-15,ita,2024/2025,Serie A,29,Gianluca Manganiello,10167,Parma,6504,Monza,0,1,1,55,45,14,12,6,4,5,6,3,2,0,0,7,9,7,3,3,6,0,1,0,0,17,20,16,14,3,0,0,0,0,2,13,21,4,6,2,3,18,24,3,5,45,50,37.0,41.0,8.0,9.0,10.0,7.0,505,393,442.0,329.0,205,241,237,88,19.0,23.0,3.0,11.0,0.63,0.69,0.61,0.4,0.02,0.29,0.63,0.69,1.58,0.99,0,0,4,6,3,3,5,0,2,3,0.0,0.0,0.2888,0.5195,0.15,0.0846,0.1897,0.0,0.0337,0.0886,13,6,0,0,0,4,1,2,0,0,0.6465,0.4028,0.0,0.0,0.0,0.2257,0.0157,0.0641,0.0,0.0,14,12,19.69,16.14
4535489,2025-03-15,ita,2024/2025,Serie A,29,Daniele Chiffi,9804,Torino,8534,Empoli,1,1,0,51,49,13,16,3,2,7,7,3,7,0,0,5,10,8,6,5,5,2,2,2,2,10,20,9,12,1,0,0,0,4,2,14,14,2,9,6,3,38,22,2,2,48,51,26.0,23.0,22.0,28.0,2.0,0.0,330,317,253.0,234.0,165,118,88,116,12.0,39.0,6.0,9.0,0.65,0.97,0.27,0.66,0.39,0.31,0.65,0.97,0.69,0.14,2,2,2,5,1,3,8,5,0,1,0.2316,0.2667,0.0541,0.3773,0.0188,0.1407,0.3272,0.1604,0.0,0.0217,7,12,0,1,3,3,3,0,0,0,0.2525,0.5784,0.0,0.0783,0.2627,0.31,0.1166,0.0,0.0,0.0,13,16,19.77,16.5
4535489,2025-03-15,ita,2024/2025,Serie A,29,Daniele Chiffi,8534,Empoli,9804,Torino,0,0,1,49,51,16,13,2,3,7,7,7,3,0,0,10,5,6,8,5,5,2,2,2,2,20,10,12,9,0,1,0,0,2,4,14,14,9,2,3,6,22,38,2,2,51,48,23.0,26.0,28.0,22.0,0.0,2.0,317,330,234.0,253.0,118,165,116,88,39.0,12.0,9.0,6.0,0.97,0.65,0.66,0.27,0.31,0.39,0.97,0.65,0.14,0.69,2,2,5,2,3,1,5,8,1,0,0.2667,0.2316,0.3773,0.0541,0.1407,0.0188,0.1604,0.3272,0.0217,0.0,12,7,1,0,3,3,0,3,0,0,0.5784,0.2525,0.0783,0.0,0.31,0.2627,0.0,0.1166,0.0,0.0,16,13,16.5,19.77
4535490,2025-03-15,ita,2024/2025,Serie A,29,Giovanni Ayroldi,8600,Udinese,9876,Hellas Verona,1,0,1,64,36,11,7,3,2,7,2,1,3,0,0,3,2,8,5,2,1,1,1,1,1,20,8,21,16,5,2,0,0,3,3,15,21,6,10,3,1,22,29,1,3,60,63,37.0,42.0,23.0,21.0,8.0,2.0,525,289,446.0,197.0,231,115,215,82,37.0,27.0,5.0,6.0,0.53,0.27,0.41,0.23,0.12,0.04,0.53,0.27,0.39,0.21,0,0,3,2,0,0,6,4,2,1,0.0,0.0,0.2266,0.1272,0.0,0.0,0.223,0.21,0.0795,0.0159,8,4,0,2,1,0,2,1,0,0,0.4066,0.1723,0.0,0.1272,0.0193,0.0,0.1032,0.0536,0.0,0.0,11,7,20.74,20.02
4535490,2025-03-15,ita,2024/2025,Serie A,29,Giovanni Ayroldi,9876,Hellas Verona,8600,Udinese,0,1,0,36,64,7,11,2,3,2,7,3,1,0,0,2,3,5,8,1,2,1,1,1,1,8,20,16,21,2,5,0,0,3,3,21,15,10,6,1,3,29,22,3,1,63,60,42.0,37.0,21.0,23.0,2.0,8.0,289,525,197.0,446.0,115,231,82,215,27.0,37.0,6.0,5.0,0.27,0.53,0.23,0.41,0.04,0.12,0.27,0.53,0.21,0.39,0,0,2,3,0,0,4,6,1,2,0.0,0.0,0.1272,0.2266,0.0,0.0,0.21,0.223,0.0159,0.0795,4,8,2,0,0,1,1,2,0,0,0.1723,0.4066,0.1272,0.0,0.0,0.0193,0.0536,0.1032,0.0,0.0,7,11,20.02,20.74
4535482,2025-03-16,ita,2024/2025,Serie A,29,Davide Massa,8524,Atalanta,8636,Inter,1,0,2,49,51,16,14,3,5,7,6,6,3,0,1,9,11,7,3,2,6,0,4,0,2,24,21,11,14,1,1,1,1,0,3,19,14,6,4,4,5,21,25,2,3,59,44,39.0,28.0,20.0,16.0,8.0,3.0,444,461,365.0,383.0,170,222,195,161,24.0,27.0,3.0,2.0,0.64,2.45,0.53,1.88,0.11,0.56,0.64,2.45,0.23,1.87,0,1,7,7,2,3,2,3,5,0,0.0,0.4888,0.3538,1.6243,0.0757,0.2094,0.0868,0.0616,0.1245,0.0,13,10,1,1,2,2,0,1,0,0,0.4852,1.4985,0.048,0.3233,0.1076,0.5432,0.0,0.0189,0.0,0.0,16,14,19.18,15.7
4535482,2025-03-16,ita,2024/2025,Serie A,29,Davide Massa,8636,Inter,8524,Atalanta,0,2,0,51,49,14,16,5,3,6,7,3,6,1,0,11,9,3,7,6,2,4,0,2,0,21,24,14,11,1,1,1,1,3,0,14,19,4,6,5,4,25,21,3,2,44,59,28.0,39.0,16.0,20.0,3.0,8.0,461,444,383.0,365.0,222,170,161,195,27.0,24.0,2.0,3.0,2.45,0.64,1.88,0.53,0.56,0.11,2.45,0.64,1.87,0.23,1,0,7,7,3,2,3,2,0,5,0.4888,0.0,1.6243,0.3538,0.2094,0.0757,0.0616,0.0868,0.0,0.1245,10,13,1,1,2,2,1,0,0,0,1.4985,0.4852,0.3233,0.048,0.5432,0.1076,0.0189,0.0,0.0,0.0,14,16,15.7,19.18
4535483,2025-03-16,ita,2024/2025,Serie A,29,Andrea Colombo,9857,Bologna,8543,Lazio,1,5,0,52,48,13,7,7,2,3,2,3,3,0,1,10,4,3,3,7,1,4,1,0,1,26,8,18,16,2,3,0,0,0,2,18,9,8,4,3,3,16,21,2,2,56,45,42.0,30.0,14.0,15.0,9.0,3.0,468,445,400.0,374.0,246,258,154,116,18.0,23.0,3.0,0.0,2.25,0.49,2.15,0.49,0.1,0.0,2.25,0.49,3.57,0.6,1,0,5,2,4,2,1,3,2,0,0.9464,0.0,1.0787,0.2857,0.1448,0.0774,0.0538,0.127,0.025,0.0,10,6,1,1,1,0,1,0,0,0,1.9663,0.3994,0.184,0.0907,0.0447,0.0,0.0538,0.0,0.0,0.0,13,7,15.61,17.12
4535483,2025-03-16,ita,2024/2025,Serie A,29,Andrea Colombo,8543,Lazio,9857,Bologna,0,0,5,48,52,7,13,2,7,2,3,3,3,1,0,4,10,3,3,1,7,1,4,1,0,8,26,16,18,3,2,0,0,2,0,9,18,4,8,3,3,21,16,2,2,45,56,30.0,42.0,15.0,14.0,3.0,9.0,445,468,374.0,400.0,258,246,116,154,23.0,18.0,0.0,3.0,0.49,2.25,0.49,2.15,0.0,0.1,0.49,2.25,0.6,3.57,0,1,2,5,2,4,3,1,0,2,0.0,0.9464,0.2857,1.0787,0.0774,0.1448,0.127,0.0538,0.0,0.025,6,10,1,1,0,1,0,1,0,0,0.3994,1.9663,0.0907,0.184,0.0,0.0447,0.0,0.0538,0.0,0.0,7,13,17.12,15.61
4535484,2025-03-16,ita,2024/2025,Serie A,29,Michael Fabbri,8535,Fiorentina,9885,Juventus,1,3,0,37,63,9,11,3,2,3,3,3,6,0,0,2,6,7,5,1,6,0,0,0,0,8,19,9,13,2,3,0,0,3,0,10,10,10,2,6,3,23,10,2,0,39,35,26.0,27.0,13.0,8.0,5.0,8.0,348,596,279.0,530.0,169,250,110,280,23.0,18.0,3.0,3.0,0.39,0.85,0.23,0.47,0.17,0.38,0.39,0.85,1.21,0.21,0,0,2,6,0,0,6,3,1,2,0.0,0.0,0.1034,0.7203,0.0,0.0,0.2938,0.0985,0.0125,0.029,3,8,2,0,2,1,2,2,0,0,0.0751,0.4673,0.1685,0.0,0.1034,0.119,0.0627,0.2615,0.0,0.0,9,11,21.32,16.9
4535484,2025-03-16,ita,2024/2025,Serie A,29,Michael Fabbri,9885,Juventus,8535,Fiorentina,0,0,3,63,37,11,9,2,3,3,3,6,3,0,0,6,2,5,7,6,1,0,0,0,0,19,8,13,9,3,2,0,0,0,3,10,10,2,10,3,6,10,23,0,2,35,39,27.0,26.0,8.0,13.0,8.0,5.0,596,348,530.0,279.0,250,169,280,110,18.0,23.0,3.0,3.0,0.85,0.39,0.47,0.23,0.38,0.17,0.85,0.39,0.21,1.21,0,0,6,2,0,0,3,6,2,1,0.0,0.0,0.7203,0.1034,0.0,0.0,0.0985,0.2938,0.029,0.0125,8,3,0,2,1,2,2,2,0,0,0.4673,0.0751,0.0,0.1685,0.119,0.1034,0.2615,0.0627,0.0,0.0,11,9,16.9,21.32
4535488,2025-03-16,ita,2024/2025,Serie A,29,Marco Piccinini,8686,Roma,8529,Cagliari,1,1,0,61,39,13,11,1,5,7,4,5,2,0,0,8,8,5,3,8,3,2,3,1,3,24,11,4,12,0,2,0,0,0,1,8,11,4,7,2,5,13,26,5,0,43,28,25.0,20.0,18.0,8.0,6.0,5.0,636,404,553.0,318.0,292,195,261,123,30.0,18.0,6.0,6.0,1.56,0.79,0.68,0.58,0.88,0.21,1.56,0.79,0.8,1.1,1,1,6,4,1,3,5,3,0,0,0.6969,0.1868,0.7359,0.2938,0.0401,0.2146,0.1161,0.102,0.0,0.0,6,8,1,1,4,1,2,1,0,0,0.2798,0.5626,0.4446,0.0269,0.8201,0.0527,0.0444,0.1549,0.0,0.0,13,11,18.03,15.74
4535488,2025-03-16,ita,2024/2025,Serie A,29,Marco Piccinini,8529,Cagliari,8686,Roma,0,0,1,39,61,11,13,5,1,4,7,2,5,0,0,8,8,3,5,3,8,3,2,3,1,11,24,12,4,2,0,0,0,1,0,11,8,7,4,5,2,26,13,0,5,28,43,20.0,25.0,8.0,18.0,5.0,6.0,404,636,318.0,553.0,195,292,123,261,18.0,30.0,6.0,6.0,0.79,1.56,0.58,0.68,0.21,0.88,0.79,1.56,1.1,0.8,1,1,4,6,3,1,3,5,0,0,0.1868,0.6969,0.2938,0.7359,0.2146,0.0401,0.102,0.1161,0.0,0.0,8,6,1,1,1,4,1,2,0,0,0.5626,0.2798,0.0269,0.4446,0.0527,0.8201,0.1549,0.0444,0.0,0.0,11,13,15.74,18.03
4535491,2025-03-16,ita,2024/2025,Serie A,29,Maurizio Mariani,7881,Venezia,9875,Napoli,1,0,0,42,58,12,15,4,7,6,4,2,4,0,1,7,14,5,1,3,8,2,1,2,1,25,29,19,8,2,1,0,0,1,2,15,14,10,10,4,3,31,33,7,3,37,66,31.0,41.0,6.0,25.0,8.0,8.0,305,403,230.0,331.0,96,190,134,141,20.0,29.0,2.0,8.0,0.74,1.67,0.64,1.15,0.09,0.52,0.74,1.67,0.27,2.58,0,2,2,8,5,4,4,0,1,1,0.0,0.3576,0.2634,1.0317,0.2178,0.2316,0.2239,0.0,0.03,0.0464,8,11,1,0,1,3,2,1,0,0,0.5338,1.1452,0.1099,0.0,0.0379,0.3875,0.0535,0.1347,0.0,0.0,12,15,18.73,12.17
4535491,2025-03-16,ita,2024/2025,Serie A,29,Maurizio Mariani,9875,Napoli,7881,Venezia,0,0,0,58,42,15,12,7,4,4,6,4,2,1,0,14,7,1,5,8,3,1,2,1,2,29,25,8,19,1,2,0,0,2,1,14,15,10,10,3,4,33,31,3,7,66,37,41.0,31.0,25.0,6.0,8.0,8.0,403,305,331.0,230.0,190,96,141,134,29.0,20.0,8.0,2.0,1.67,0.74,1.15,0.64,0.52,0.09,1.67,0.74,2.58,0.27,2,0,8,2,4,5,0,4,1,1,0.3576,0.0,1.0317,0.2634,0.2316,0.2178,0.0,0.2239,0.0464,0.03,11,8,0,1,3,1,1,2,0,0,1.1452,0.5338,0.0,0.1099,0.3875,0.0379,0.1347,0.0535,0.0,0.0,15,12,12.17,18.73
4535493,2025-03-29,ita,2024/2025,Serie A,30,Maurizio Mariani,10171,Como,8534,Empoli,1,1,1,71,29,16,14,5,4,6,8,5,2,0,2,9,8,7,6,4,1,2,4,1,3,30,16,5,22,2,5,0,1,1,2,5,12,2,7,2,4,15,36,3,4,44,49,31.0,26.0,13.0,23.0,5.0,9.0,581,227,501.0,148.0,274,84,227,64,31.0,15.0,7.0,5.0,1.94,1.68,1.56,1.57,0.38,0.11,1.94,1.68,1.93,1.18,3,2,4,5,2,1,5,4,2,2,1.2852,0.5197,0.2798,0.3681,0.0802,0.0315,0.2212,0.3983,0.0709,0.6476,13,11,0,1,2,1,1,1,0,0,1.5602,1.2605,0.0,0.6049,0.3336,0.0651,0.0435,0.0346,0.0,0.0,16,14,16.69,16.58
4535493,2025-03-29,ita,2024/2025,Serie A,30,Maurizio Mariani,8534,Empoli,10171,Como,0,1,1,29,71,14,16,4,5,8,6,2,5,2,0,8,9,6,7,1,4,4,2,3,1,16,30,22,5,5,2,1,0,2,1,12,5,7,2,4,2,36,15,4,3,49,44,26.0,31.0,23.0,13.0,9.0,5.0,227,581,148.0,501.0,84,274,64,227,15.0,31.0,5.0,7.0,1.68,1.94,1.57,1.56,0.11,0.38,1.68,1.94,1.18,1.93,2,3,5,4,1,2,4,5,2,2,0.5197,1.2852,0.3681,0.2798,0.0315,0.0802,0.3983,0.2212,0.6476,0.0709,11,13,1,0,1,2,1,1,0,0,1.2605,1.5602,0.6049,0.0,0.0651,0.3336,0.0346,0.0435,0.0,0.0,14,16,16.58,16.69
4535497,2025-03-29,ita,2024/2025,Serie A,30,Antonio Rapuano,9885,Juventus,10233,Genoa,1,1,0,49,51,9,9,6,3,3,5,0,1,0,0,6,4,3,5,4,3,3,0,2,0,18,11,13,11,2,2,0,0,3,2,23,24,6,8,1,0,17,22,3,5,70,57,46.0,41.0,24.0,16.0,12.0,5.0,418,424,336.0,347.0,191,206,145,141,22.0,24.0,2.0,6.0,0.94,0.36,0.51,0.2,0.43,0.16,0.94,0.36,1.55,0.21,3,0,3,4,0,0,3,5,0,0,0.3891,0.0,0.4155,0.22,0.0,0.0,0.1358,0.1427,0.0,0.0,5,5,1,0,3,2,0,2,0,0,0.3275,0.2028,0.3095,0.0,0.3033,0.0758,0.0,0.0841,0.0,0.0,9,9,14.44,18.14
4535497,2025-03-29,ita,2024/2025,Serie A,30,Antonio Rapuano,10233,Genoa,9885,Juventus,0,0,1,51,49,9,9,3,6,5,3,1,0,0,0,4,6,5,3,3,4,0,3,0,2,11,18,11,13,2,2,0,0,2,3,24,23,8,6,0,1,22,17,5,3,57,70,41.0,46.0,16.0,24.0,5.0,12.0,424,418,347.0,336.0,206,191,141,145,24.0,22.0,6.0,2.0,0.36,0.94,0.2,0.51,0.16,0.43,0.36,0.94,0.21,1.55,0,3,4,3,0,0,5,3,0,0,0.0,0.3891,0.22,0.4155,0.0,0.0,0.1427,0.1358,0.0,0.0,5,5,0,1,2,3,2,0,0,0,0.2028,0.3275,0.0,0.3095,0.0758,0.3033,0.0841,0.0,0.0,0.0,9,9,18.14,14.44
4535499,2025-03-29,ita,2024/2025,Serie A,30,Gianluca Manganiello,9888,Lecce,8686,Roma,1,0,1,45,55,17,16,4,6,11,6,2,4,0,0,9,11,8,5,6,6,0,3,0,3,19,38,6,11,1,2,0,0,1,3,20,13,6,4,4,2,23,26,5,4,52,42,37.0,24.0,15.0,18.0,6.0,5.0,359,451,282.0,369.0,153,144,129,225,17.0,19.0,7.0,4.0,0.67,2.11,0.55,1.8,0.12,0.31,0.67,2.11,0.33,1.6,0,1,4,5,5,5,5,4,3,1,0.0,0.2035,0.3184,1.2564,0.1628,0.762,0.1212,0.2068,0.0691,0.0243,10,11,2,1,3,4,2,0,0,0,0.3897,2.0179,0.1603,0.1336,0.0666,0.3015,0.0549,0.0,0.0,0.0,17,16,19.66,16.34
4535499,2025-03-29,ita,2024/2025,Serie A,30,Gianluca Manganiello,8686,Roma,9888,Lecce,0,1,0,55,45,16,17,6,4,6,11,4,2,0,0,11,9,5,8,6,6,3,0,3,0,38,19,11,6,2,1,0,0,3,1,13,20,4,6,2,4,26,23,4,5,42,52,24.0,37.0,18.0,15.0,5.0,6.0,451,359,369.0,282.0,144,153,225,129,19.0,17.0,4.0,7.0,2.11,0.67,1.8,0.55,0.31,0.12,2.11,0.67,1.6,0.33,1,0,5,4,5,5,4,5,1,3,0.2035,0.0,1.2564,0.3184,0.762,0.1628,0.2068,0.1212,0.0243,0.0691,11,10,1,2,4,3,0,2,0,0,2.0179,0.3897,0.1336,0.1603,0.3015,0.0666,0.0,0.0549,0.0,0.0,16,17,16.34,19.66
4535501,2025-03-29,ita,2024/2025,Serie A,30,Marco Di Bello,7881,Venezia,9857,Bologna,1,0,1,40,60,6,13,3,4,2,4,1,5,0,0,6,9,0,4,2,3,3,2,3,2,15,34,14,21,4,1,0,0,0,0,13,18,5,8,5,1,19,15,3,3,50,53,36.0,34.0,14.0,19.0,7.0,5.0,317,486,233.0,398.0,151,209,82,189,22.0,35.0,3.0,5.0,0.72,1.01,0.58,0.59,0.14,0.42,0.72,1.01,0.42,1.1,0,1,4,5,2,3,0,3,0,1,0.0,0.3594,0.5048,0.4462,0.2913,0.0987,0.0,0.0823,0.0,0.0212,3,11,0,0,0,1,3,1,0,0,0.4649,0.6134,0.0,0.0,0.0,0.3594,0.3311,0.0351,0.0,0.0,6,13,13.62,17.04
4535501,2025-03-29,ita,2024/2025,Serie A,30,Marco Di Bello,9857,Bologna,7881,Venezia,0,1,0,60,40,13,6,4,3,4,2,5,1,0,0,9,6,4,0,3,2,2,3,2,3,34,15,21,14,1,4,0,0,0,0,18,13,8,5,1,5,15,19,3,3,53,50,34.0,36.0,19.0,14.0,5.0,7.0,486,317,398.0,233.0,209,151,189,82,35.0,22.0,5.0,3.0,1.01,0.72,0.59,0.58,0.42,0.14,1.01,0.72,1.1,0.42,1,0,5,4,3,2,3,0,1,0,0.3594,0.0,0.4462,0.5048,0.0987,0.2913,0.0823,0.0,0.0212,0.0,11,3,0,0,1,0,1,3,0,0,0.6134,0.4649,0.0,0.0,0.3594,0.0,0.0351,0.3311,0.0,0.0,13,6,17.04,13.62
4535492,2025-03-30,ita,2024/2025,Serie A,30,Francesco Fourneau,8529,Cagliari,6504,Monza,1,3,0,41,59,11,12,4,3,3,4,4,5,1,0,8,6,3,6,4,6,3,0,3,0,23,18,17,11,2,2,0,0,3,3,16,20,8,10,5,4,29,18,3,1,62,51,34.0,38.0,28.0,13.0,9.0,5.0,323,463,249.0,399.0,122,194,127,205,25.0,25.0,5.0,3.0,1.8,0.44,1.58,0.23,0.22,0.2,1.8,0.44,1.42,0.38,1,1,6,2,1,3,3,5,0,1,0.119,0.1091,1.5614,0.0566,0.0526,0.1,0.2199,0.1459,0.0,0.0241,6,8,3,0,1,2,1,2,0,0,1.2596,0.2339,0.4775,0.0,0.119,0.1289,0.0968,0.0728,0.0,0.0,11,12,13.51,20.41
4535492,2025-03-30,ita,2024/2025,Serie A,30,Francesco Fourneau,6504,Monza,8529,Cagliari,0,0,3,59,41,12,11,3,4,4,3,5,4,0,1,6,8,6,3,6,4,0,3,0,3,18,23,11,17,2,2,0,0,3,3,20,16,10,8,4,5,18,29,1,3,51,62,38.0,34.0,13.0,28.0,5.0,9.0,463,323,399.0,249.0,194,122,205,127,25.0,25.0,3.0,5.0,0.44,1.8,0.23,1.58,0.2,0.22,0.44,1.8,0.38,1.42,1,1,2,6,3,1,5,3,1,0,0.1091,0.119,0.0566,1.5614,0.1,0.0526,0.1459,0.2199,0.0241,0.0,8,6,0,3,2,1,2,1,0,0,0.2339,1.2596,0.0,0.4775,0.1289,0.119,0.0728,0.0968,0.0,0.0,12,11,20.41,13.51
4535494,2025-03-30,ita,2024/2025,Serie A,30,Daniele Doveri,8535,Fiorentina,8524,Atalanta,1,1,0,45,55,12,9,4,0,7,3,1,6,1,0,7,6,5,3,2,4,4,1,3,1,12,28,7,16,0,3,0,0,2,2,15,11,13,5,6,1,29,19,0,3,49,32,42.0,23.0,7.0,9.0,12.0,5.0,392,464,309.0,363.0,188,190,121,173,24.0,15.0,0.0,6.0,1.62,1.22,1.57,1.22,0.05,0.0,1.62,1.22,1.67,0.0,1,0,4,6,2,0,3,0,2,3,0.0847,0.0,1.4505,0.9464,0.0618,0.0,0.136,0.0,0.0607,0.1147,8,9,2,0,0,0,2,0,0,0,1.3313,1.0611,0.4125,0.0,0.0,0.0,0.0498,0.0,0.0,0.0,12,9,17.31,15.66
4535494,2025-03-30,ita,2024/2025,Serie A,30,Daniele Doveri,8524,Atalanta,8535,Fiorentina,0,0,1,55,45,9,12,0,4,3,7,6,1,0,1,6,7,3,5,4,2,1,4,1,3,28,12,16,7,3,0,0,0,2,2,11,15,5,13,1,6,19,29,3,0,32,49,23.0,42.0,9.0,7.0,5.0,12.0,464,392,363.0,309.0,190,188,173,121,15.0,24.0,6.0,0.0,1.22,1.62,1.22,1.57,0.0,0.05,1.22,1.62,0.0,1.67,0,1,6,4,0,2,0,3,3,2,0.0,0.0847,0.9464,1.4505,0.0,0.0618,0.0,0.136,0.1147,0.0607,9,8,0,2,0,0,0,2,0,0,1.0611,1.3313,0.0,0.4125,0.0,0.0,0.0,0.0498,0.0,0.0,9,12,15.66,17.31
4535496,2025-03-30,ita,2024/2025,Serie A,30,Daniele Chiffi,8636,Inter,8600,Udinese,1,2,1,60,40,13,11,3,4,6,2,4,5,1,0,10,8,3,3,2,4,4,3,2,3,34,12,8,14,2,0,0,0,2,0,14,5,5,5,5,5,23,24,3,0,48,35,34.0,22.0,14.0,13.0,8.0,10.0,544,353,473.0,299.0,310,163,163,136,16.0,19.0,2.0,5.0,1.66,0.74,1.6,0.42,0.06,0.32,1.66,0.74,1.38,1.67,3,1,3,5,4,2,3,1,0,2,0.767,0.1851,0.7215,0.3918,0.105,0.0526,0.1627,0.0244,0.0,0.0271,10,8,1,0,1,2,1,1,0,0,1.3099,0.4356,0.3862,0.0,0.0157,0.2373,0.0444,0.0081,0.0,0.0,13,11,13.01,15.87
4535496,2025-03-30,ita,2024/2025,Serie A,30,Daniele Chiffi,8600,Udinese,8636,Inter,0,1,2,40,60,11,13,4,3,2,6,5,4,0,1,8,10,3,3,4,2,3,4,3,2,12,34,14,8,0,2,0,0,0,2,5,14,5,5,5,5,24,23,0,3,35,48,22.0,34.0,13.0,14.0,10.0,8.0,353,544,299.0,473.0,163,310,136,163,19.0,16.0,5.0,2.0,0.74,1.66,0.42,1.6,0.32,0.06,0.74,1.66,1.67,1.38,1,3,5,3,2,4,1,3,2,0,0.1851,0.767,0.3918,0.7215,0.0526,0.105,0.0244,0.1627,0.0271,0.0,8,10,0,1,2,1,1,1,0,0,0.4356,1.3099,0.0,0.3862,0.2373,0.0157,0.0081,0.0444,0.0,0.0,11,13,15.87,13.01
4535500,2025-03-30,ita,2024/2025,Serie A,30,Simone Sozza,9875,Napoli,8564,Milan,1,2,1,52,48,8,17,3,4,2,7,3,6,0,0,6,7,2,10,2,6,1,2,0,1,15,30,10,5,1,1,0,0,1,3,17,11,6,5,6,3,21,13,3,1,40,40,28.0,27.0,12.0,13.0,6.0,7.0,491,452,428.0,393.0,290,183,138,210,14.0,14.0,1.0,4.0,0.96,2.61,0.78,1.61,0.18,0.21,0.96,1.83,1.36,1.88,0,1,5,6,1,0,1,8,1,2,0.0,0.9006,0.9198,1.2377,0.0381,0.0,0.0116,0.4407,0.0109,0.0352,6,12,0,1,1,0,1,3,0,1,0.7775,1.5548,0.0,0.0571,0.0428,0.0,0.1602,0.2139,0.0,0.7884,8,17,17.24,18.26
4535500,2025-03-30,ita,2024/2025,Serie A,30,Simone Sozza,8564,Milan,9875,Napoli,0,1,2,48,52,17,8,4,3,7,2,6,3,0,0,7,6,10,2,6,2,2,1,1,0,30,15,5,10,1,1,0,0,3,1,11,17,5,6,3,6,13,21,1,3,40,40,27.0,28.0,13.0,12.0,7.0,6.0,452,491,393.0,428.0,183,290,210,138,14.0,14.0,4.0,1.0,2.61,0.96,1.61,0.78,0.21,0.18,1.83,0.96,1.88,1.36,1,0,6,5,0,1,8,1,2,1,0.9006,0.0,1.2377,0.9198,0.0,0.0381,0.4407,0.0116,0.0352,0.0109,12,6,1,0,0,1,3,1,1,0,1.5548,0.7775,0.0571,0.0,0.0,0.0428,0.2139,0.1602,0.7884,0.0,17,8,18.26,17.24
4535495,2025-03-31,ita,2024/2025,Serie A,30,Juan Luca Sacchi,9876,Hellas Verona,10167,Parma,1,0,0,42,58,6,10,0,1,4,6,2,3,1,0,5,5,1,5,5,5,2,0,2,0,15,21,11,9,2,1,0,0,2,1,16,9,8,4,3,2,26,23,1,0,47,39,30.0,25.0,17.0,14.0,6.0,9.0,336,475,256.0,409.0,127,240,129,169,22.0,23.0,3.0,4.0,0.42,0.54,0.19,0.3,0.22,0.24,0.42,0.54,0.0,0.07,2,1,2,2,1,2,0,4,1,1,0.2212,0.0883,0.1551,0.1618,0.024,0.0535,0.0,0.2073,0.0154,0.0262,4,5,0,0,2,2,0,3,0,0,0.1944,0.2956,0.0,0.0,0.2212,0.1115,0.0,0.13,0.0,0.0,6,10,15.11,18.7
4535495,2025-03-31,ita,2024/2025,Serie A,30,Juan Luca Sacchi,10167,Parma,9876,Hellas Verona,0,0,0,58,42,10,6,1,0,6,4,3,2,0,1,5,5,5,1,5,5,0,2,0,2,21,15,9,11,1,2,0,0,1,2,9,16,4,8,2,3,23,26,0,1,39,47,25.0,30.0,14.0,17.0,9.0,6.0,475,336,409.0,256.0,240,127,169,129,23.0,22.0,4.0,3.0,0.54,0.42,0.3,0.19,0.24,0.22,0.54,0.42,0.07,0.0,1,2,2,2,2,1,4,0,1,1,0.0883,0.2212,0.1618,0.1551,0.0535,0.024,0.2073,0.0,0.0262,0.0154,5,4,0,0,2,2,3,0,0,0,0.2956,0.1944,0.0,0.0,0.1115,0.2212,0.13,0.0,0.0,0.0,10,6,18.7,15.11
4535498,2025-03-31,ita,2024/2025,Serie A,30,Davide Massa,8543,Lazio,9804,Torino,1,1,1,59,41,16,7,6,2,7,1,3,4,0,0,11,6,5,1,5,3,3,2,3,1,32,17,9,20,3,4,0,0,0,1,16,13,15,10,4,3,24,29,1,5,51,42,41.0,28.0,10.0,14.0,6.0,6.0,474,329,408.0,265.0,202,158,206,107,30.0,15.0,4.0,5.0,1.2,0.39,1.02,0.25,0.18,0.14,1.2,0.39,1.83,0.51,1,0,7,5,3,1,3,0,2,1,0.1429,0.0,0.6691,0.3588,0.2201,0.027,0.094,0.0,0.0731,0.0162,9,4,4,0,2,2,1,1,0,0,0.7187,0.2555,0.3008,0.0,0.1619,0.0624,0.0179,0.0842,0.0,0.0,16,7,15.24,15.27
4535498,2025-03-31,ita,2024/2025,Serie A,30,Davide Massa,9804,Torino,8543,Lazio,0,1,1,41,59,7,16,2,6,1,7,4,3,0,0,6,11,1,5,3,5,2,3,1,3,17,32,20,9,4,3,0,0,1,0,13,16,10,15,3,4,29,24,5,1,42,51,28.0,41.0,14.0,10.0,6.0,6.0,329,474,265.0,408.0,158,202,107,206,15.0,30.0,5.0,4.0,0.39,1.2,0.25,1.02,0.14,0.18,0.39,1.2,0.51,1.83,0,1,5,7,1,3,0,3,1,2,0.0,0.1429,0.3588,0.6691,0.027,0.2201,0.0,0.094,0.0162,0.0731,4,9,0,4,2,2,1,1,0,0,0.2555,0.7187,0.0,0.3008,0.0624,0.1619,0.0842,0.0179,0.0,0.0,7,16,15.27,15.24
4535505,2025-04-04,ita,2024/2025,Serie A,31,Daniele Perenzoni,10233,Genoa,8600,Udinese,1,1,0,53,47,13,5,7,2,4,2,2,1,0,0,10,5,3,0,1,2,3,2,2,2,28,14,16,14,2,2,0,0,3,1,17,11,8,9,1,2,20,23,2,6,49,58,39.0,32.0,10.0,26.0,8.0,5.0,459,405,361.0,313.0,227,207,134,106,11.0,35.0,4.0,3.0,1.32,1.03,1.25,1.02,0.07,0.01,1.32,1.03,1.5,0.35,1,1,6,4,3,0,3,0,0,0,0.3034,0.205,0.7173,0.8458,0.2152,0.0,0.0903,0.0,0.0,0.0,10,4,2,0,1,0,0,1,0,0,1.1931,1.0397,0.0676,0.0,0.0654,0.0,0.0,0.011,0.0,0.0,13,5,15.41,8.96
4535505,2025-04-04,ita,2024/2025,Serie A,31,Daniele Perenzoni,8600,Udinese,10233,Genoa,0,0,1,47,53,5,13,2,7,2,4,1,2,0,0,5,10,0,3,2,1,2,3,2,2,14,28,14,16,2,2,0,0,1,3,11,17,9,8,2,1,23,20,6,2,58,49,32.0,39.0,26.0,10.0,5.0,8.0,405,459,313.0,361.0,207,227,106,134,35.0,11.0,3.0,4.0,1.03,1.32,1.02,1.25,0.01,0.07,1.03,1.32,0.35,1.5,1,1,4,6,0,3,0,3,0,0,0.205,0.3034,0.8458,0.7173,0.0,0.2152,0.0,0.0903,0.0,0.0,4,10,0,2,0,1,1,0,0,0,1.0397,1.1931,0.0,0.0676,0.0,0.0654,0.011,0.0,0.0,0.0,5,13,8.96,15.41
4535507,2025-04-05,ita,2024/2025,Serie A,31,Giovanni Ayroldi,8564,Milan,8535,Fiorentina,1,2,2,52,48,19,15,6,8,5,5,8,2,0,0,15,10,4,5,7,4,3,6,1,5,30,30,12,12,4,3,0,0,2,5,14,16,8,7,2,8,15,22,7,4,40,38,34.0,33.0,6.0,5.0,8.0,7.0,410,372,355.0,326.0,217,201,138,125,15.0,32.0,3.0,6.0,2.65,1.96,2.48,1.9,0.17,0.06,2.65,1.96,2.09,2.89,1,3,11,4,3,3,2,5,2,0,0.7853,0.823,1.5914,1.1036,0.2472,0.2344,0.0841,0.1906,0.0398,0.0,15,10,1,3,3,1,0,1,0,0,2.4981,1.2084,0.0821,1.0852,0.1675,0.0497,0.0,0.0082,0.0,0.0,19,15,15.62,15.84
4535507,2025-04-05,ita,2024/2025,Serie A,31,Giovanni Ayroldi,8535,Fiorentina,8564,Milan,0,2,2,48,52,15,19,8,6,5,5,2,8,0,0,10,15,5,4,4,7,6,3,5,1,30,30,12,12,3,4,0,0,5,2,16,14,7,8,8,2,22,15,4,7,38,40,33.0,34.0,5.0,6.0,7.0,8.0,372,410,326.0,355.0,201,217,125,138,32.0,15.0,6.0,3.0,1.96,2.65,1.9,2.48,0.06,0.17,1.96,2.65,2.89,2.09,3,1,4,11,3,3,5,2,0,2,0.823,0.7853,1.1036,1.5914,0.2344,0.2472,0.1906,0.0841,0.0,0.0398,10,15,3,1,1,3,1,0,0,0,1.2084,2.4981,1.0852,0.0821,0.0497,0.1675,0.0082,0.0,0.0,0.0,15,19,15.84,15.62
4535508,2025-04-05,ita,2024/2025,Serie A,31,Giuseppe Collu,6504,Monza,10171,Como,1,1,3,42,58,8,17,4,7,1,6,3,4,2,0,7,12,1,5,2,2,2,4,2,3,13,20,19,21,2,1,0,0,4,0,14,14,10,1,4,3,10,16,4,3,44,43,37.0,37.0,7.0,6.0,4.0,6.0,414,593,363.0,551.0,271,274,92,277,19.0,16.0,2.0,0.0,0.9,2.17,0.79,2.0,0.11,0.17,0.9,2.17,1.67,2.13,1,0,4,9,2,3,1,4,0,1,0.3886,0.0,0.381,1.8446,0.0651,0.1149,0.0274,0.231,0.0,0.023,7,14,0,1,0,0,1,2,0,0,0.81,1.8436,0.0,0.2008,0.0,0.0,0.0522,0.1691,0.0,0.0,8,17,14.12,15.92
4535508,2025-04-05,ita,2024/2025,Serie A,31,Giuseppe Collu,10171,Como,6504,Monza,0,3,1,58,42,17,8,7,4,6,1,4,3,0,2,12,7,5,1,2,2,4,2,3,2,20,13,21,19,1,2,0,0,0,4,14,14,1,10,3,4,16,10,3,4,43,44,37.0,37.0,6.0,7.0,6.0,4.0,593,414,551.0,363.0,274,271,277,92,16.0,19.0,0.0,2.0,2.17,0.9,2.0,0.79,0.17,0.11,2.17,0.9,2.13,1.67,0,1,9,4,3,2,4,1,1,0,0.0,0.3886,1.8446,0.381,0.1149,0.0651,0.231,0.0274,0.023,0.0,14,7,1,0,0,0,2,1,0,0,1.8436,0.81,0.2008,0.0,0.0,0.0,0.1691,0.0522,0.0,0.0,17,8,15.92,14.12
4535509,2025-04-05,ita,2024/2025,Serie A,31,Daniele Doveri,10167,Parma,8636,Inter,1,2,2,37,63,8,20,4,4,2,13,2,3,0,0,6,14,2,6,2,4,3,4,3,2,15,33,9,7,2,3,0,0,0,3,6,9,7,7,3,2,27,14,2,2,24,32,16.0,22.0,8.0,10.0,4.0,4.0,371,610,314.0,544.0,200,294,114,250,24.0,20.0,1.0,12.0,1.49,2.07,1.49,1.8,0.0,0.28,1.49,2.07,1.11,1.7,0,0,5,11,1,3,2,3,0,3,0.0,0.0,1.3123,1.8095,0.0351,0.1411,0.1443,0.0375,0.0,0.0861,6,12,2,1,0,4,0,3,0,0,0.9552,1.771,0.5364,0.0243,0.0,0.1149,0.0,0.164,0.0,0.0,8,20,15.09,16.82
4535509,2025-04-05,ita,2024/2025,Serie A,31,Daniele Doveri,8636,Inter,10167,Parma,0,2,2,63,37,20,8,4,4,13,2,3,2,0,0,14,6,6,2,4,2,4,3,2,3,33,15,7,9,3,2,0,0,3,0,9,6,7,7,2,3,14,27,2,2,32,24,22.0,16.0,10.0,8.0,4.0,4.0,610,371,544.0,314.0,294,200,250,114,20.0,24.0,12.0,1.0,2.07,1.49,1.8,1.49,0.28,0.0,2.07,1.49,1.7,1.11,0,0,11,5,3,1,3,2,3,0,0.0,0.0,1.8095,1.3123,0.1411,0.0351,0.0375,0.1443,0.0861,0.0,12,6,1,2,4,0,3,0,0,0,1.771,0.9552,0.0243,0.5364,0.1149,0.0,0.164,0.0,0.0,0.0,20,8,16.82,15.09
4535502,2025-04-06,ita,2024/2025,Serie A,31,Daniele Chiffi,8524,Atalanta,8543,Lazio,1,0,1,58,42,10,8,2,3,3,3,5,2,0,0,8,5,2,3,11,4,1,1,1,0,42,12,6,6,1,2,0,0,1,1,19,25,7,12,2,5,13,32,2,2,38,50,31.0,41.0,7.0,9.0,6.0,10.0,499,377,421.0,294.0,190,193,231,101,24.0,16.0,7.0,3.0,0.53,0.52,0.22,0.48,0.31,0.04,0.53,0.52,0.83,0.57,0,0,6,1,2,4,2,3,0,0,0.0,0.0,0.4433,0.3603,0.0425,0.0845,0.047,0.074,0.0,0.0,4,6,0,0,5,2,1,0,0,0,0.2245,0.476,0.0,0.0,0.1247,0.0427,0.1836,0.0,0.0,0.0,10,8,14.76,20.65
4535502,2025-04-06,ita,2024/2025,Serie A,31,Daniele Chiffi,8543,Lazio,8524,Atalanta,0,1,0,42,58,8,10,3,2,3,3,2,5,0,0,5,8,3,2,4,11,1,1,0,1,12,42,6,6,2,1,0,0,1,1,25,19,12,7,5,2,32,13,2,2,50,38,41.0,31.0,9.0,7.0,10.0,6.0,377,499,294.0,421.0,193,190,101,231,16.0,24.0,3.0,7.0,0.52,0.53,0.48,0.22,0.04,0.31,0.52,0.53,0.57,0.83,0,0,1,6,4,2,3,2,0,0,0.0,0.0,0.3603,0.4433,0.0845,0.0425,0.074,0.047,0.0,0.0,6,4,0,0,2,5,0,1,0,0,0.476,0.2245,0.0,0.0,0.0427,0.1247,0.0,0.1836,0.0,0.0,8,10,20.65,14.76
4535504,2025-04-06,ita,2024/2025,Serie A,31,Federico La Penna,8534,Empoli,8529,Cagliari,1,0,0,45,55,7,7,1,1,4,4,2,2,0,0,1,1,6,6,2,3,1,0,1,0,15,13,9,15,0,4,0,0,1,0,16,17,12,12,2,2,40,23,1,1,62,49,35.0,28.0,27.0,21.0,6.0,2.0,287,343,187.0,234.0,74,153,113,81,19.0,21.0,2.0,3.0,0.33,0.26,0.3,0.1,0.03,0.16,0.33,0.26,0.15,0.04,0,0,1,1,0,0,4,4,2,2,0.0,0.0,0.0769,0.1077,0.0,0.0,0.2196,0.0946,0.0374,0.0586,3,4,3,0,0,2,1,1,0,0,0.1192,0.1024,0.1839,0.0,0.0,0.1217,0.0307,0.0367,0.0,0.0,7,7,24.78,22.81
4535504,2025-04-06,ita,2024/2025,Serie A,31,Federico La Penna,8529,Cagliari,8534,Empoli,0,0,0,55,45,7,7,1,1,4,4,2,2,0,0,1,1,6,6,3,2,0,1,0,1,13,15,15,9,4,0,0,0,0,1,17,16,12,12,2,2,23,40,1,1,49,62,28.0,35.0,21.0,27.0,2.0,6.0,343,287,234.0,187.0,153,74,81,113,21.0,19.0,3.0,2.0,0.26,0.33,0.1,0.3,0.16,0.03,0.26,0.33,0.04,0.15,0,0,1,1,0,0,4,4,2,2,0.0,0.0,0.1077,0.0769,0.0,0.0,0.0946,0.2196,0.0586,0.0374,4,3,0,3,2,0,1,1,0,0,0.1024,0.1192,0.0,0.1839,0.1217,0.0,0.0367,0.0307,0.0,0.0,7,7,22.81,24.78
4535506,2025-04-06,ita,2024/2025,Serie A,31,Marco Piccinini,9888,Lecce,7881,Venezia,1,1,1,50,50,23,13,4,3,14,6,5,4,1,0,9,6,14,7,8,3,1,1,1,1,37,22,10,14,2,4,0,0,4,4,23,13,8,3,3,5,21,32,3,3,87,43,46.0,26.0,41.0,17.0,10.0,5.0,293,311,208.0,214.0,80,120,128,94,33.0,20.0,10.0,2.0,1.08,0.56,0.51,0.46,0.57,0.1,1.08,0.56,0.83,0.17,2,0,6,5,1,1,9,6,5,1,0.1169,0.0,0.3802,0.1875,0.2223,0.0238,0.375,0.3178,0.143,0.0346,12,9,3,1,2,1,6,2,0,0,0.4055,0.3263,0.3578,0.1326,0.1385,0.0346,0.3356,0.0702,0.0,0.0,23,13,19.73,17.73
4535506,2025-04-06,ita,2024/2025,Serie A,31,Marco Piccinini,7881,Venezia,9888,Lecce,0,1,1,50,50,13,23,3,4,6,14,4,5,0,1,6,9,7,14,3,8,1,1,1,1,22,37,14,10,4,2,0,0,4,4,13,23,3,8,5,3,32,21,3,3,43,87,26.0,46.0,17.0,41.0,5.0,10.0,311,293,214.0,208.0,120,80,94,128,20.0,33.0,2.0,10.0,0.56,1.08,0.46,0.51,0.1,0.57,0.56,1.08,0.17,0.83,0,2,5,6,1,1,6,9,1,5,0.0,0.1169,0.1875,0.3802,0.0238,0.2223,0.3178,0.375,0.0346,0.143,9,12,1,3,1,2,2,6,0,0,0.3263,0.4055,0.1326,0.3578,0.0346,0.1385,0.0702,0.3356,0.0,0.0,13,23,17.73,19.73
4535510,2025-04-06,ita,2024/2025,Serie A,31,Andrea Colombo,8686,Roma,9885,Juventus,1,1,1,41,59,11,11,4,7,3,1,4,3,1,1,8,6,3,5,4,4,3,2,2,2,15,23,11,15,1,1,0,0,0,1,19,21,15,4,3,4,25,22,6,3,44,61,37.0,45.0,7.0,16.0,4.0,14.0,417,612,353.0,544.0,211,231,142,313,24.0,28.0,7.0,5.0,1.09,0.78,0.43,0.55,0.66,0.23,1.09,0.78,1.01,1.87,1,0,5,4,2,2,3,4,0,1,0.6213,0.0,0.392,0.5279,0.0437,0.0609,0.0585,0.1773,0.0,0.0108,8,9,0,0,3,0,0,2,0,0,0.4337,0.5511,0.0,0.0,0.6819,0.0,0.0,0.2258,0.0,0.0,11,11,16.62,18.63
4535510,2025-04-06,ita,2024/2025,Serie A,31,Andrea Colombo,9885,Juventus,8686,Roma,0,1,1,59,41,11,11,7,4,1,3,3,4,1,1,6,8,5,3,4,4,2,3,2,2,23,15,15,11,1,1,0,0,1,0,21,19,4,15,4,3,22,25,3,6,61,44,45.0,37.0,16.0,7.0,14.0,4.0,612,417,544.0,353.0,231,211,313,142,28.0,24.0,5.0,7.0,0.78,1.09,0.55,0.43,0.23,0.66,0.78,1.09,1.87,1.01,0,1,4,5,2,2,4,3,1,0,0.0,0.6213,0.5279,0.392,0.0609,0.0437,0.1773,0.0585,0.0108,0.0,9,8,0,0,0,3,2,0,0,0,0.5511,0.4337,0.0,0.0,0.0,0.6819,0.2258,0.0,0.0,0.0,11,11,18.63,16.62
4535511,2025-04-06,ita,2024/2025,Serie A,31,Kevin Bonacina,9804,Torino,9876,Hellas Verona,1,1,1,61,39,7,13,3,1,3,7,1,5,0,0,3,10,4,3,1,5,1,1,1,0,8,26,9,19,1,1,1,0,0,0,6,17,7,9,5,1,26,21,0,2,40,47,22.0,28.0,18.0,19.0,1.0,2.0,463,283,385.0,205.0,193,88,192,117,27.0,37.0,1.0,7.0,1.08,0.94,0.26,0.73,0.03,0.21,0.29,0.94,1.64,0.68,0,2,3,4,0,4,2,1,2,2,0.0,0.4371,1.0154,0.2554,0.0,0.1381,0.065,0.0489,0.028,0.0557,5,9,0,2,0,2,1,0,1,0,0.2853,0.6109,0.0,0.1192,0.0,0.2051,0.0347,0.0,0.7884,0.0,7,13,26.62,15.22
4535511,2025-04-06,ita,2024/2025,Serie A,31,Kevin Bonacina,9876,Hellas Verona,9804,Torino,0,1,1,39,61,13,7,1,3,7,3,5,1,0,0,10,3,3,4,5,1,1,1,0,1,26,8,19,9,1,1,0,1,0,0,17,6,9,7,1,5,21,26,2,0,47,40,28.0,22.0,19.0,18.0,2.0,1.0,283,463,205.0,385.0,88,193,117,192,37.0,27.0,7.0,1.0,0.94,1.08,0.73,0.26,0.21,0.03,0.94,0.29,0.68,1.64,2,0,4,3,4,0,1,2,2,2,0.4371,0.0,0.2554,1.0154,0.1381,0.0,0.0489,0.065,0.0557,0.028,9,5,2,0,2,0,0,1,0,1,0.6109,0.2853,0.1192,0.0,0.2051,0.0,0.0,0.0347,0.0,0.7884,13,7,15.22,26.62
4535503,2025-04-07,ita,2024/2025,Serie A,31,Davide Massa,9857,Bologna,9875,Napoli,1,1,1,61,39,12,6,4,2,6,2,2,2,0,0,10,2,2,4,8,3,2,1,1,0,31,13,11,18,1,3,0,0,0,1,14,20,6,9,2,2,22,48,1,3,60,56,34.0,32.0,26.0,24.0,3.0,3.0,448,305,369.0,219.0,172,135,197,84,22.0,21.0,9.0,1.0,0.8,1.17,0.52,1.05,0.28,0.12,0.8,1.17,1.6,1.59,1,0,6,1,3,1,2,3,0,1,0.3004,0.0,0.3649,0.9431,0.0663,0.0388,0.07,0.1516,0.0,0.0376,7,3,0,0,3,1,2,2,0,0,0.5192,1.0536,0.0,0.0,0.2077,0.0376,0.0748,0.0799,0.0,0.0,12,6,14.17,19.4
4535503,2025-04-07,ita,2024/2025,Serie A,31,Davide Massa,9875,Napoli,9857,Bologna,0,1,1,39,61,6,12,2,4,2,6,2,2,0,0,2,10,4,2,3,8,1,2,0,1,13,31,18,11,3,1,0,0,1,0,20,14,9,6,2,2,48,22,3,1,56,60,32.0,34.0,24.0,26.0,3.0,3.0,305,448,219.0,369.0,135,172,84,197,21.0,22.0,1.0,9.0,1.17,0.8,1.05,0.52,0.12,0.28,1.17,0.8,1.59,1.6,0,1,1,6,1,3,3,2,1,0,0.0,0.3004,0.9431,0.3649,0.0388,0.0663,0.1516,0.07,0.0376,0.0,3,7,0,0,1,3,2,2,0,0,1.0536,0.5192,0.0,0.0,0.0376,0.2077,0.0799,0.0748,0.0,0.0,6,12,19.4,14.17
4535520,2025-04-11,ita,2024/2025,Serie A,32,Juan Luca Sacchi,8600,Udinese,8564,Milan,1,0,4,53,47,14,15,5,7,5,4,4,4,0,0,7,10,7,5,5,7,0,3,0,1,22,24,10,9,1,1,0,0,1,1,13,11,7,4,3,4,22,9,3,5,33,28,28.0,25.0,5.0,3.0,7.0,5.0,445,394,393.0,332.0,201,205,192,127,12.0,14.0,2.0,3.0,0.78,1.56,0.67,1.1,0.11,0.47,0.78,1.56,0.34,3.16,0,3,5,3,2,4,5,3,2,2,0.0,1.3112,0.5255,0.5046,0.1167,0.2222,0.113,0.0886,0.0312,0.0273,10,7,1,3,1,5,2,0,0,0,0.6081,0.6119,0.0675,1.0361,0.0656,0.5058,0.0452,0.0,0.0,0.0,14,15,20.13,16.16
4535520,2025-04-11,ita,2024/2025,Serie A,32,Juan Luca Sacchi,8564,Milan,8600,Udinese,0,4,0,47,53,15,14,7,5,4,5,4,4,0,0,10,7,5,7,7,5,3,0,1,0,24,22,9,10,1,1,0,0,1,1,11,13,4,7,4,3,9,22,5,3,28,33,25.0,28.0,3.0,5.0,5.0,7.0,394,445,332.0,393.0,205,201,127,192,14.0,12.0,3.0,2.0,1.56,0.78,1.1,0.67,0.47,0.11,1.56,0.78,3.16,0.34,3,0,3,5,4,2,3,5,2,2,1.3112,0.0,0.5046,0.5255,0.2222,0.1167,0.0886,0.113,0.0273,0.0312,7,10,3,1,5,1,0,2,0,0,0.6119,0.6081,1.0361,0.0675,0.5058,0.0656,0.0,0.0452,0.0,0.0,15,14,16.16,20.13
4535516,2025-04-12,ita,2024/2025,Serie A,32,Marco Di Bello,8636,Inter,8529,Cagliari,1,3,1,62,38,13,8,4,4,5,2,4,2,0,0,11,6,2,2,5,6,4,2,1,1,23,21,6,12,0,1,0,0,0,1,13,11,5,8,3,4,21,18,2,1,40,28,28.0,23.0,12.0,5.0,5.0,6.0,634,377,571.0,326.0,351,163,220,163,23.0,13.0,6.0,5.0,1.82,0.73,1.42,0.66,0.4,0.07,1.82,0.73,1.49,0.9,0,1,8,3,3,2,2,1,0,1,0.0,0.0522,1.3686,0.9689,0.3773,0.0609,0.0747,0.0154,0.0,0.0121,8,5,0,1,5,2,0,0,0,0,1.4224,0.5951,0.0,0.4501,0.3981,0.0643,0.0,0.0,0.0,0.0,13,8,13.64,17.17
4535516,2025-04-12,ita,2024/2025,Serie A,32,Marco Di Bello,8529,Cagliari,8636,Inter,0,1,3,38,62,8,13,4,4,2,5,2,4,0,0,6,11,2,2,6,5,2,4,1,1,21,23,12,6,1,0,0,0,1,0,11,13,8,5,4,3,18,21,1,2,28,40,23.0,28.0,5.0,12.0,6.0,5.0,377,634,326.0,571.0,163,351,163,220,13.0,23.0,5.0,6.0,0.73,1.82,0.66,1.42,0.07,0.4,0.73,1.82,0.9,1.49,1,0,3,8,2,3,1,2,1,0,0.0522,0.0,0.9689,1.3686,0.0609,0.3773,0.0154,0.0747,0.0121,0.0,5,8,1,0,2,5,0,0,0,0,0.5951,1.4224,0.4501,0.0,0.0643,0.3981,0.0,0.0,0.0,0.0,8,13,17.17,13.64
4535517,2025-04-12,ita,2024/2025,Serie A,32,Luca Zufferli,9885,Juventus,9888,Lecce,1,2,1,66,34,22,14,7,3,8,5,7,6,0,1,13,9,9,5,9,4,2,1,1,1,39,16,7,10,0,1,0,0,5,1,17,13,2,8,5,6,16,23,2,5,53,47,31.0,28.0,22.0,19.0,6.0,9.0,670,336,588.0,258.0,285,140,303,118,32.0,22.0,5.0,3.0,1.56,1.31,1.42,1.02,0.14,0.29,1.56,1.31,1.36,0.73,1,3,8,4,4,2,4,4,5,1,0.2675,0.4096,0.7689,0.5635,0.2739,0.0534,0.1525,0.1264,0.1074,0.0123,19,11,0,0,3,2,0,1,0,0,1.4271,0.8733,0.0,0.0,0.1431,0.2602,0.0,0.0319,0.0,0.0,22,14,17.93,15.96
4535517,2025-04-12,ita,2024/2025,Serie A,32,Luca Zufferli,9888,Lecce,9885,Juventus,0,1,2,34,66,14,22,3,7,5,8,6,7,1,0,9,13,5,9,4,9,1,2,1,1,16,39,10,7,1,0,0,0,1,5,13,17,8,2,6,5,23,16,5,2,47,53,28.0,31.0,19.0,22.0,9.0,6.0,336,670,258.0,588.0,140,285,118,303,22.0,32.0,3.0,5.0,1.31,1.56,1.02,1.42,0.29,0.14,1.31,1.56,0.73,1.36,3,1,4,8,2,4,4,4,1,5,0.4096,0.2675,0.5635,0.7689,0.0534,0.2739,0.1264,0.1525,0.0123,0.1074,11,19,0,0,2,3,1,0,0,0,0.8733,1.4271,0.0,0.0,0.2602,0.1431,0.0319,0.0,0.0,0.0,14,22,15.96,17.93
4535521,2025-04-12,ita,2024/2025,Serie A,32,Fabio Maresca,7881,Venezia,6504,Monza,1,1,0,44,56,8,11,4,3,2,6,2,2,1,0,3,7,5,4,3,4,2,0,1,0,9,13,20,20,3,3,1,0,2,0,16,21,11,9,2,2,32,18,3,3,52,62,36.0,42.0,16.0,20.0,3.0,2.0,310,391,242.0,307.0,108,177,134,130,30.0,28.0,1.0,6.0,1.25,0.46,0.73,0.33,0.52,0.13,1.25,0.46,2.25,0.26,1,0,1,4,1,3,3,4,2,0,0.6535,0.0,0.2254,0.245,0.0492,0.1001,0.2854,0.1184,0.0472,0.0,2,6,1,1,0,2,5,2,0,0,0.6805,0.2707,0.0492,0.0608,0.0,0.1097,0.531,0.0223,0.0,0.0,8,11,19.24,16.67
4535521,2025-04-12,ita,2024/2025,Serie A,32,Fabio Maresca,6504,Monza,7881,Venezia,0,0,1,56,44,11,8,3,4,6,2,2,2,0,1,7,3,4,5,4,3,0,2,0,1,13,9,20,20,3,3,0,1,0,2,21,16,9,11,2,2,18,32,3,3,62,52,42.0,36.0,20.0,16.0,2.0,3.0,391,310,307.0,242.0,177,108,130,134,28.0,30.0,6.0,1.0,0.46,1.25,0.33,0.73,0.13,0.52,0.46,1.25,0.26,2.25,0,1,4,1,3,1,4,3,0,2,0.0,0.6535,0.245,0.2254,0.1001,0.0492,0.1184,0.2854,0.0,0.0472,6,2,1,1,2,0,2,5,0,0,0.2707,0.6805,0.0608,0.0492,0.1097,0.0,0.0223,0.531,0.0,0.0,11,8,16.67,19.24
4535512,2025-04-13,ita,2024/2025,Serie A,32,Maurizio Mariani,8524,Atalanta,9857,Bologna,1,2,0,40,60,4,12,2,5,1,3,1,4,0,1,4,7,0,5,4,5,2,0,0,0,14,21,17,12,4,1,0,0,2,2,16,22,8,5,3,1,27,29,5,0,52,62,35.0,45.0,17.0,17.0,7.0,7.0,301,455,217.0,372.0,128,206,89,166,29.0,26.0,1.0,5.0,1.14,0.63,1.14,0.26,0.0,0.37,1.14,0.63,1.81,0.5,1,1,2,3,1,3,0,4,0,1,0.394,0.0549,0.5404,0.2165,0.0497,0.2126,0.0,0.1337,0.0,0.0167,3,5,1,0,0,4,0,3,0,0,0.9032,0.2596,0.081,0.0,0.0,0.1675,0.0,0.2074,0.0,0.0,4,12,11.23,18.45
4535512,2025-04-13,ita,2024/2025,Serie A,32,Maurizio Mariani,9857,Bologna,8524,Atalanta,0,0,2,60,40,12,4,5,2,3,1,4,1,1,0,7,4,5,0,5,4,0,2,0,0,21,14,12,17,1,4,0,0,2,2,22,16,5,8,1,3,29,27,0,5,62,52,45.0,35.0,17.0,17.0,7.0,7.0,455,301,372.0,217.0,206,128,166,89,26.0,29.0,5.0,1.0,0.63,1.14,0.26,1.14,0.37,0.0,0.63,1.14,0.5,1.81,1,1,3,2,3,1,4,0,1,0,0.0549,0.394,0.2165,0.5404,0.2126,0.0497,0.1337,0.0,0.0167,0.0,5,3,0,1,4,0,3,0,0,0,0.2596,0.9032,0.0,0.081,0.1675,0.0,0.2074,0.0,0.0,0.0,12,4,18.45,11.23
4535513,2025-04-13,ita,2024/2025,Serie A,32,Matteo Marcenaro,10171,Como,9804,Torino,1,1,0,58,42,15,10,7,4,3,2,5,4,0,0,9,6,6,4,7,4,1,2,0,2,38,19,9,16,1,3,0,0,1,1,14,19,6,6,5,5,22,29,3,6,50,51,37.0,33.0,13.0,18.0,8.0,6.0,484,344,408.0,276.0,206,144,202,132,26.0,26.0,4.0,6.0,1.37,1.22,0.78,1.16,0.58,0.06,1.37,1.22,2.33,0.87,2,1,3,4,4,1,4,4,2,0,0.642,0.2274,0.3534,0.8213,0.1623,0.0408,0.144,0.1182,0.065,0.0,9,8,1,0,3,0,2,2,0,0,0.7057,1.1579,0.0775,0.0,0.3694,0.0,0.2141,0.0499,0.0,0.0,15,10,17.61,15.89
4535513,2025-04-13,ita,2024/2025,Serie A,32,Matteo Marcenaro,9804,Torino,10171,Como,0,0,1,42,58,10,15,4,7,2,3,4,5,0,0,6,9,4,6,4,7,2,1,2,0,19,38,16,9,3,1,0,0,1,1,19,14,6,6,5,5,29,22,6,3,51,50,33.0,37.0,18.0,13.0,6.0,8.0,344,484,276.0,408.0,144,206,132,202,26.0,26.0,6.0,4.0,1.22,1.37,1.16,0.78,0.06,0.58,1.22,1.37,0.87,2.33,1,2,4,3,1,4,4,4,0,2,0.2274,0.642,0.8213,0.3534,0.0408,0.1623,0.1182,0.144,0.0,0.065,8,9,0,1,0,3,2,2,0,0,1.1579,0.7057,0.0,0.0775,0.0,0.3694,0.0499,0.2141,0.0,0.0,10,15,15.89,17.61
4535514,2025-04-13,ita,2024/2025,Serie A,32,Gianluca Manganiello,8535,Fiorentina,10167,Parma,1,0,0,57,43,9,7,3,3,4,2,2,2,1,0,4,5,5,2,2,2,1,1,1,1,12,15,10,19,0,5,0,0,2,1,8,7,11,8,2,2,24,23,3,3,46,29,33.0,19.0,13.0,10.0,6.0,2.0,521,389,453.0,307.0,248,158,205,149,21.0,22.0,3.0,2.0,0.82,0.59,0.7,0.56,0.12,0.03,0.82,0.59,0.39,0.53,0,0,3,4,1,1,2,2,3,0,0.0,0.0,0.5634,0.488,0.1228,0.0324,0.0339,0.0721,0.0962,0.0,5,6,1,0,1,0,2,1,0,0,0.5775,0.5601,0.1228,0.0,0.0549,0.0,0.0612,0.0324,0.0,0.0,9,7,21.5,16.63
4535514,2025-04-13,ita,2024/2025,Serie A,32,Gianluca Manganiello,10167,Parma,8535,Fiorentina,0,0,0,43,57,7,9,3,3,2,4,2,2,0,1,5,4,2,5,2,2,1,1,1,1,15,12,19,10,5,0,0,0,1,2,7,8,8,11,2,2,23,24,3,3,29,46,19.0,33.0,10.0,13.0,2.0,6.0,389,521,307.0,453.0,158,248,149,205,22.0,21.0,2.0,3.0,0.59,0.82,0.56,0.7,0.03,0.12,0.59,0.82,0.53,0.39,0,0,4,3,1,1,2,2,0,3,0.0,0.0,0.488,0.5634,0.0324,0.1228,0.0721,0.0339,0.0,0.0962,6,5,0,1,0,1,1,2,0,0,0.5601,0.5775,0.0,0.1228,0.0,0.0549,0.0324,0.0612,0.0,0.0,7,9,16.63,21.5
4535515,2025-04-13,ita,2024/2025,Serie A,32,Matteo Marchetti,9876,Hellas Verona,10233,Genoa,1,0,0,46,54,14,4,2,1,5,1,7,2,0,1,8,0,6,4,6,2,2,0,2,0,17,7,19,11,3,1,0,0,1,0,16,12,9,5,2,5,23,33,1,3,50,63,30.0,38.0,20.0,25.0,4.0,9.0,352,436,265.0,339.0,112,233,153,106,18.0,20.0,4.0,0.0,1.25,0.14,1.06,0.13,0.19,0.01,1.25,0.14,0.55,0.04,1,0,7,0,0,0,1,4,5,0,0.2392,0.0,0.8913,0.0,0.0,0.0,0.0181,0.168,0.1035,0.0,9,3,0,0,2,1,3,0,0,0,1.0613,0.1588,0.0,0.0,0.0552,0.0093,0.1356,0.0,0.0,0.0,14,4,18.8,25.27
4535515,2025-04-13,ita,2024/2025,Serie A,32,Matteo Marchetti,10233,Genoa,9876,Hellas Verona,0,0,0,54,46,4,14,1,2,1,5,2,7,1,0,0,8,4,6,2,6,0,2,0,2,7,17,11,19,1,3,0,0,0,1,12,16,5,9,5,2,33,23,3,1,63,50,38.0,30.0,25.0,20.0,9.0,4.0,436,352,339.0,265.0,233,112,106,153,20.0,18.0,0.0,4.0,0.14,1.25,0.13,1.06,0.01,0.19,0.14,1.25,0.04,0.55,0,1,0,7,0,0,4,1,0,5,0.0,0.2392,0.0,0.8913,0.0,0.0,0.168,0.0181,0.0,0.1035,3,9,0,0,1,2,0,3,0,0,0.1588,1.0613,0.0,0.0,0.0093,0.0552,0.0,0.1356,0.0,0.0,4,14,25.27,18.8
4535518,2025-04-13,ita,2024/2025,Serie A,32,Simone Sozza,8543,Lazio,8686,Roma,1,1,1,47,53,12,9,7,4,3,4,2,1,0,0,8,5,4,4,10,5,3,0,2,0,20,13,12,12,4,2,0,0,1,1,14,19,4,3,1,2,19,31,3,7,44,43,31.0,34.0,13.0,9.0,6.0,5.0,342,384,283.0,339.0,143,152,140,187,22.0,20.0,5.0,4.0,1.21,0.24,0.52,0.17,0.7,0.08,1.21,0.24,3.4,0.7,2,0,4,2,2,3,3,2,1,2,0.641,0.0,0.3612,0.0335,0.0833,0.1237,0.1012,0.0506,0.0281,0.0355,6,5,0,0,3,4,3,0,0,0,0.5187,0.1653,0.0,0.0,0.4586,0.078,0.2375,0.0,0.0,0.0,12,9,14.88,20.36
4535518,2025-04-13,ita,2024/2025,Serie A,32,Simone Sozza,8686,Roma,8543,Lazio,0,1,1,53,47,9,12,4,7,4,3,1,2,0,0,5,8,4,4,5,10,0,3,0,2,13,20,12,12,2,4,0,0,1,1,19,14,3,4,2,1,31,19,7,3,43,44,34.0,31.0,9.0,13.0,5.0,6.0,384,342,339.0,283.0,152,143,187,140,20.0,22.0,4.0,5.0,0.24,1.21,0.17,0.52,0.08,0.7,0.24,1.21,0.7,3.4,0,2,2,4,3,2,2,3,2,1,0.0,0.641,0.0335,0.3612,0.1237,0.0833,0.0506,0.1012,0.0355,0.0281,5,6,0,0,4,3,0,3,0,0,0.1653,0.5187,0.0,0.0,0.078,0.4586,0.0,0.2375,0.0,0.0,9,12,20.36,14.88
4535519,2025-04-14,ita,2024/2025,Serie A,32,Michael Fabbri,9875,Napoli,8534,Empoli,1,3,0,63,37,17,12,6,1,7,7,4,4,1,0,11,9,6,3,5,5,3,2,2,2,25,20,8,16,1,1,0,0,1,0,13,10,5,12,4,4,26,12,1,3,49,37,35.0,20.0,14.0,17.0,7.0,3.0,543,307,481.0,241.0,327,123,154,118,44.0,26.0,7.0,7.0,2.02,1.21,1.59,1.06,0.44,0.15,2.02,1.21,1.55,0.03,3,1,7,6,1,2,4,2,2,1,0.5097,0.5093,1.236,0.5612,0.0227,0.0482,0.2074,0.0652,0.0466,0.0064,13,9,1,1,2,0,1,2,0,0,1.4734,0.5545,0.113,0.5093,0.2135,0.0,0.2226,0.1265,0.0,0.0,17,12,14.55,15.03
4535519,2025-04-14,ita,2024/2025,Serie A,32,Michael Fabbri,8534,Empoli,9875,Napoli,0,0,3,37,63,12,17,1,6,7,7,4,4,0,1,9,11,3,6,5,5,2,3,2,2,20,25,16,8,1,1,0,0,0,1,10,13,12,5,4,4,12,26,3,1,37,49,20.0,35.0,17.0,14.0,3.0,7.0,307,543,241.0,481.0,123,327,118,154,26.0,44.0,7.0,7.0,1.21,2.02,1.06,1.59,0.15,0.44,1.21,2.02,0.03,1.55,1,3,6,7,2,1,2,4,1,2,0.5093,0.5097,0.5612,1.236,0.0482,0.0227,0.0652,0.2074,0.0064,0.0466,9,13,1,1,0,2,2,1,0,0,0.5545,1.4734,0.5093,0.113,0.0,0.2135,0.1265,0.2226,0.0,0.0,12,17,15.03,14.55
4535526,2025-04-19,ita,2024/2025,Serie A,33,Simone Sozza,9888,Lecce,10171,Como,1,0,3,44,56,14,10,7,5,3,4,4,1,0,0,7,7,7,3,9,4,0,4,0,1,16,15,18,14,3,5,0,0,2,3,15,22,6,5,1,4,20,38,2,7,52,60,34.0,43.0,18.0,17.0,6.0,6.0,277,380,204.0,301.0,107,140,97,161,15.0,26.0,6.0,1.0,0.67,1.34,0.56,1.04,0.11,0.3,0.67,1.34,0.96,2.19,0,1,3,3,4,3,5,2,2,1,0.0,0.2439,0.2414,0.828,0.1511,0.1959,0.2444,0.0539,0.0331,0.0223,10,6,1,1,1,2,2,1,0,0,0.4658,1.0127,0.0907,0.0278,0.0274,0.0595,0.0861,0.2439,0.0,0.0,14,10,19.44,17.84
4535526,2025-04-19,ita,2024/2025,Serie A,33,Simone Sozza,10171,Como,9888,Lecce,0,3,0,56,44,10,14,5,7,4,3,1,4,0,0,7,7,3,7,4,9,4,0,1,0,15,16,14,18,5,3,0,0,3,2,22,15,5,6,4,1,38,20,7,2,60,52,43.0,34.0,17.0,18.0,6.0,6.0,380,277,301.0,204.0,140,107,161,97,26.0,15.0,1.0,6.0,1.34,0.67,1.04,0.56,0.3,0.11,1.34,0.67,2.19,0.96,1,0,3,3,3,4,2,5,1,2,0.2439,0.0,0.828,0.2414,0.1959,0.1511,0.0539,0.2444,0.0223,0.0331,6,10,1,1,2,1,1,2,0,0,1.0127,0.4658,0.0278,0.0907,0.0595,0.0274,0.2439,0.0861,0.0,0.0,10,14,17.84,19.44
4535528,2025-04-19,ita,2024/2025,Serie A,33,Federico La Penna,6504,Monza,9875,Napoli,1,0,1,40,60,8,16,0,5,5,6,3,5,0,0,4,10,4,6,6,7,1,3,1,2,10,23,18,11,4,2,0,0,0,2,13,7,10,4,5,3,26,24,4,0,35,45,27.0,28.0,8.0,17.0,3.0,4.0,352,531,288.0,470.0,171,198,117,272,26.0,39.0,2.0,6.0,0.86,1.56,0.36,0.69,0.5,0.87,0.86,1.56,0.0,1.15,0,1,2,5,2,4,3,4,1,2,0.0,0.2011,0.6495,0.9438,0.1047,0.2007,0.0828,0.1835,0.0278,0.0294,5,11,0,0,2,3,1,2,0,0,0.3666,0.6859,0.0,0.0,0.4592,0.2835,0.0389,0.589,0.0,0.0,8,16,18.81,16.96
4535528,2025-04-19,ita,2024/2025,Serie A,33,Federico La Penna,9875,Napoli,6504,Monza,0,1,0,60,40,16,8,5,0,6,5,5,3,0,0,10,4,6,4,7,6,3,1,2,1,23,10,11,18,2,4,0,0,2,0,7,13,4,10,3,5,24,26,0,4,45,35,28.0,27.0,17.0,8.0,4.0,3.0,531,352,470.0,288.0,198,171,272,117,39.0,26.0,6.0,2.0,1.56,0.86,0.69,0.36,0.87,0.5,1.56,0.86,1.15,0.0,1,0,5,2,4,2,4,3,2,1,0.2011,0.0,0.9438,0.6495,0.2007,0.1047,0.1835,0.0828,0.0294,0.0278,11,5,0,0,3,2,2,1,0,0,0.6859,0.3666,0.0,0.0,0.2835,0.4592,0.589,0.0389,0.0,0.0,16,8,16.96,18.81
4535530,2025-04-19,ita,2024/2025,Serie A,33,Luca Pairetto,8686,Roma,9876,Hellas Verona,1,1,0,55,45,6,8,3,2,3,4,0,2,0,0,6,5,0,3,4,6,2,0,1,0,21,22,5,17,0,2,0,0,0,3,10,25,7,7,2,0,18,24,2,1,47,53,30.0,36.0,17.0,17.0,4.0,6.0,501,408,422.0,322.0,226,170,196,152,17.0,22.0,3.0,2.0,1.51,0.51,1.43,0.38,0.07,0.12,1.51,0.51,1.05,0.06,1,2,3,2,2,1,0,2,0,1,0.9876,0.143,0.2072,0.1997,0.3125,0.0458,0.0,0.0996,0.0,0.0181,5,6,0,0,1,2,0,0,0,0,1.4349,0.3818,0.0,0.0,0.0724,0.1245,0.0,0.0,0.0,0.0,6,8,12.41,16.8
4535530,2025-04-19,ita,2024/2025,Serie A,33,Luca Pairetto,9876,Hellas Verona,8686,Roma,0,0,1,45,55,8,6,2,3,4,3,2,0,0,0,5,6,3,0,6,4,0,2,0,1,22,21,17,5,2,0,0,0,3,0,25,10,7,7,0,2,24,18,1,2,53,47,36.0,30.0,17.0,17.0,6.0,4.0,408,501,322.0,422.0,170,226,152,196,22.0,17.0,2.0,3.0,0.51,1.51,0.38,1.43,0.12,0.07,0.51,1.51,0.06,1.05,2,1,2,3,1,2,2,0,1,0,0.143,0.9876,0.1997,0.2072,0.0458,0.3125,0.0996,0.0,0.0181,0.0,6,5,0,0,2,1,0,0,0,0,0.3818,1.4349,0.0,0.0,0.1245,0.0724,0.0,0.0,0.0,0.0,8,6,16.8,12.41
4535522,2025-04-20,ita,2024/2025,Serie A,33,Andrea Colombo,9857,Bologna,8636,Inter,1,1,0,48,52,12,8,3,1,7,7,2,0,0,0,9,7,3,1,5,6,3,0,3,0,24,15,12,21,3,4,0,0,1,3,10,17,9,5,0,2,16,41,1,2,51,57,34.0,29.0,17.0,28.0,5.0,1.0,340,381,274.0,301.0,139,189,135,112,30.0,17.0,4.0,6.0,0.82,0.62,0.66,0.12,0.16,0.5,0.82,0.62,0.85,0.17,0,0,6,6,3,1,2,0,1,1,0.0,0.0,0.639,0.4369,0.0866,0.0415,0.0485,0.0,0.0483,0.025,9,1,0,1,0,5,3,1,0,0,0.6601,0.0622,0.0,0.025,0.0,0.3747,0.1623,0.0415,0.0,0.0,12,8,16.48,17.77
4535522,2025-04-20,ita,2024/2025,Serie A,33,Andrea Colombo,8636,Inter,9857,Bologna,0,0,1,52,48,8,12,1,3,7,7,0,2,0,0,7,9,1,3,6,5,0,3,0,3,15,24,21,12,4,3,0,0,3,1,17,10,5,9,2,0,41,16,2,1,57,51,29.0,34.0,28.0,17.0,1.0,5.0,381,340,301.0,274.0,189,139,112,135,17.0,30.0,6.0,4.0,0.62,0.82,0.12,0.66,0.5,0.16,0.62,0.82,0.17,0.85,0,0,6,6,1,3,0,2,1,1,0.0,0.0,0.4369,0.639,0.0415,0.0866,0.0,0.0485,0.025,0.0483,1,9,1,0,5,0,1,3,0,0,0.0622,0.6601,0.025,0.0,0.3747,0.0,0.0415,0.1623,0.0,0.0,8,12,17.77,16.48
4535524,2025-04-20,ita,2024/2025,Serie A,33,Davide Massa,8534,Empoli,7881,Venezia,1,2,2,46,54,11,13,4,7,5,2,2,4,0,0,5,7,6,6,2,5,1,4,0,2,23,16,18,15,2,1,0,0,1,1,13,12,14,4,4,2,27,21,5,2,50,54,33.0,31.0,17.0,23.0,5.0,3.0,294,358,214.0,263.0,86,142,128,121,33.0,27.0,5.0,3.0,1.16,1.81,0.97,0.68,0.19,1.13,1.16,1.81,1.49,3.12,1,2,0,4,4,1,4,3,2,3,0.6846,1.0942,0.0,0.5809,0.1459,0.0293,0.2477,0.0823,0.0821,0.0686,7,9,3,1,0,1,1,2,0,0,0.8722,0.6938,0.1007,0.0355,0.0,0.6288,0.1875,0.4971,0.0,0.0,11,13,20.14,17.41
4535524,2025-04-20,ita,2024/2025,Serie A,33,Davide Massa,7881,Venezia,8534,Empoli,0,2,2,54,46,13,11,7,4,2,5,4,2,0,0,7,5,6,6,5,2,4,1,2,0,16,23,15,18,1,2,0,0,1,1,12,13,4,14,2,4,21,27,2,5,54,50,31.0,33.0,23.0,17.0,3.0,5.0,358,294,263.0,214.0,142,86,121,128,27.0,33.0,3.0,5.0,1.81,1.16,0.68,0.97,1.13,0.19,1.81,1.16,3.12,1.49,2,1,4,0,1,4,3,4,3,2,1.0942,0.6846,0.5809,0.0,0.0293,0.1459,0.0823,0.2477,0.0686,0.0821,9,7,1,3,1,0,2,1,0,0,0.6938,0.8722,0.0355,0.1007,0.6288,0.0,0.4971,0.1875,0.0,0.0,13,11,17.41,20.14
4535527,2025-04-20,ita,2024/2025,Serie A,33,Marco Piccinini,8564,Milan,8524,Atalanta,1,0,1,48,52,12,11,1,2,6,5,5,4,0,0,3,10,9,1,7,5,0,2,0,1,12,23,8,7,0,1,0,0,2,1,16,14,5,5,4,5,18,18,1,1,40,42,30.0,30.0,10.0,12.0,7.0,8.0,488,530,421.0,467.0,247,204,174,263,22.0,28.0,3.0,5.0,0.65,1.82,0.57,1.71,0.07,0.11,0.65,1.82,0.06,0.47,0,1,2,7,1,2,9,1,0,0,0.0,0.922,0.2572,0.817,0.0414,0.071,0.3467,0.0447,0.0,0.0,11,8,0,1,1,1,0,1,0,0,0.625,1.6279,0.0,0.0567,0.0202,0.0144,0.0,0.1558,0.0,0.0,12,11,21.98,11.45
4535527,2025-04-20,ita,2024/2025,Serie A,33,Marco Piccinini,8524,Atalanta,8564,Milan,0,1,0,52,48,11,12,2,1,5,6,4,5,0,0,10,3,1,9,5,7,2,0,1,0,23,12,7,8,1,0,0,0,1,2,14,16,5,5,5,4,18,18,1,1,42,40,30.0,30.0,12.0,10.0,8.0,7.0,530,488,467.0,421.0,204,247,263,174,28.0,22.0,5.0,3.0,1.82,0.65,1.71,0.57,0.11,0.07,1.82,0.65,0.47,0.06,1,0,7,2,2,1,1,9,0,0,0.922,0.0,0.817,0.2572,0.071,0.0414,0.0447,0.3467,0.0,0.0,8,11,1,0,1,1,1,0,0,0,1.6279,0.625,0.0567,0.0,0.0144,0.0202,0.1558,0.0,0.0,0.0,11,12,11.45,21.98
4535523,2025-04-23,ita,2024/2025,Serie A,33,Livio Marinelli,8529,Cagliari,8535,Fiorentina,1,1,2,48,52,8,8,2,4,2,1,4,3,1,1,5,5,3,3,4,4,0,1,0,0,22,14,15,15,2,2,0,0,2,1,8,14,7,4,3,4,12,52,2,1,34,45,30.0,35.0,4.0,10.0,7.0,7.0,356,419,282.0,351.0,174,204,108,147,31.0,44.0,4.0,1.0,0.29,0.74,0.2,0.7,0.09,0.04,0.29,0.74,0.37,1.88,0,0,3,4,2,1,1,2,2,1,0.0,0.0,0.1485,0.588,0.041,0.0306,0.0606,0.1294,0.0224,0.0128,4,4,0,2,4,1,0,1,0,0,0.1905,0.3896,0.0,0.3268,0.0821,0.0128,0.0,0.0316,0.0,0.0,8,8,17.76,16.63
4535523,2025-04-23,ita,2024/2025,Serie A,33,Livio Marinelli,8535,Fiorentina,8529,Cagliari,0,2,1,52,48,8,8,4,2,1,2,3,4,1,1,5,5,3,3,4,4,1,0,0,0,14,22,15,15,2,2,0,0,1,2,14,8,4,7,4,3,52,12,1,2,45,34,35.0,30.0,10.0,4.0,7.0,7.0,419,356,351.0,282.0,204,174,147,108,44.0,31.0,1.0,4.0,0.74,0.29,0.7,0.2,0.04,0.09,0.74,0.29,1.88,0.37,0,0,4,3,1,2,2,1,1,2,0.0,0.0,0.588,0.1485,0.0306,0.041,0.1294,0.0606,0.0128,0.0224,4,4,2,0,1,4,1,0,0,0,0.3896,0.1905,0.3268,0.0,0.0128,0.0821,0.0316,0.0,0.0,0.0,8,8,16.63,17.76
4535525,2025-04-23,ita,2024/2025,Serie A,33,Giovanni Ayroldi,10233,Genoa,8543,Lazio,1,0,2,38,62,8,15,4,6,4,6,0,3,0,0,6,9,2,6,6,8,0,1,0,1,21,29,16,10,3,1,1,1,0,2,14,11,3,6,2,0,24,23,4,4,42,39,27.0,30.0,15.0,9.0,3.0,4.0,315,525,255.0,469.0,134,185,121,284,20.0,25.0,6.0,8.0,0.65,1.1,0.52,0.81,0.12,0.29,0.65,1.1,1.13,1.67,0,1,4,6,2,2,2,3,0,3,0.0,0.2773,0.4981,0.5283,0.0589,0.0934,0.0836,0.156,0.0,0.0499,5,9,0,1,1,4,2,1,0,0,0.5237,0.8067,0.0,0.0082,0.0317,0.1948,0.0851,0.0953,0.0,0.0,8,15,16.18,18.32
4535525,2025-04-23,ita,2024/2025,Serie A,33,Giovanni Ayroldi,8543,Lazio,10233,Genoa,0,2,0,62,38,15,8,6,4,6,4,3,0,0,0,9,6,6,2,8,6,1,0,1,0,29,21,10,16,1,3,1,1,2,0,11,14,6,3,0,2,23,24,4,4,39,42,30.0,27.0,9.0,15.0,4.0,3.0,525,315,469.0,255.0,185,134,284,121,25.0,20.0,8.0,6.0,1.1,0.65,0.81,0.52,0.29,0.12,1.1,0.65,1.67,1.13,1,0,6,4,2,2,3,2,3,0,0.2773,0.0,0.5283,0.4981,0.0934,0.0589,0.156,0.0836,0.0499,0.0,9,5,1,0,4,1,1,2,0,0,0.8067,0.5237,0.0082,0.0,0.1948,0.0317,0.0953,0.0851,0.0,0.0,15,8,18.32,16.18
4535529,2025-04-23,ita,2024/2025,Serie A,33,Daniele Chiffi,10167,Parma,9885,Juventus,1,1,0,34,66,6,16,3,2,2,6,1,8,0,0,4,10,2,6,4,9,1,0,0,0,8,40,9,10,2,3,0,0,1,3,21,13,11,2,8,1,38,20,2,2,51,49,32.0,30.0,19.0,19.0,2.0,8.0,275,522,212.0,453.0,140,205,72,248,27.0,23.0,3.0,6.0,0.6,0.77,0.24,0.61,0.36,0.16,0.6,0.77,0.49,0.22,1,1,2,5,1,4,2,5,0,1,0.2778,0.0285,0.2259,0.3996,0.0415,0.1454,0.0561,0.1656,0.0,0.0342,3,11,0,0,1,4,2,1,0,0,0.2449,0.6437,0.0,0.0,0.2778,0.1061,0.0787,0.0234,0.0,0.0,6,16,17.2,17.74
4535529,2025-04-23,ita,2024/2025,Serie A,33,Daniele Chiffi,9885,Juventus,10167,Parma,0,0,1,66,34,16,6,2,3,6,2,8,1,0,0,10,4,6,2,9,4,0,1,0,0,40,8,10,9,3,2,0,0,3,1,13,21,2,11,1,8,20,38,2,2,49,51,30.0,32.0,19.0,19.0,8.0,2.0,522,275,453.0,212.0,205,140,248,72,23.0,27.0,6.0,3.0,0.77,0.6,0.61,0.24,0.16,0.36,0.77,0.6,0.22,0.49,1,1,5,2,4,1,5,2,1,0,0.0285,0.2778,0.3996,0.2259,0.1454,0.0415,0.1656,0.0561,0.0342,0.0,11,3,0,0,4,1,1,2,0,0,0.6437,0.2449,0.0,0.0,0.1061,0.2778,0.0234,0.0787,0.0,0.0,16,6,17.74,17.2
4535531,2025-04-23,ita,2024/2025,Serie A,33,Giuseppe Collu,9804,Torino,8600,Udinese,1,2,0,44,56,10,10,4,6,3,2,3,2,0,0,5,6,5,4,8,7,1,1,0,1,11,24,11,13,2,2,0,0,1,2,18,15,8,8,2,3,27,22,6,2,51,37,33.0,26.0,18.0,11.0,4.0,4.0,328,421,257.0,347.0,160,212,97,135,18.0,42.0,2.0,3.0,0.92,1.13,0.73,1.13,0.19,0.0,0.92,1.13,1.4,1.64,2,0,1,4,2,2,1,3,4,1,0.6172,0.0,0.0486,0.8409,0.1612,0.0739,0.0273,0.2023,0.0701,0.0114,7,8,1,2,2,0,0,0,0,0,0.7191,0.7999,0.0107,0.3287,0.1947,0.0,0.0,0.0,0.0,0.0,10,10,21.28,17.54
4535531,2025-04-23,ita,2024/2025,Serie A,33,Giuseppe Collu,8600,Udinese,9804,Torino,0,0,2,56,44,10,10,6,4,2,3,2,3,0,0,6,5,4,5,7,8,1,1,1,0,24,11,13,11,2,2,0,0,2,1,15,18,8,8,3,2,22,27,2,6,37,51,26.0,33.0,11.0,18.0,4.0,4.0,421,328,347.0,257.0,212,160,135,97,42.0,18.0,3.0,2.0,1.13,0.92,1.13,0.73,0.0,0.19,1.13,0.92,1.64,1.4,0,2,4,1,2,2,3,1,1,4,0.0,0.6172,0.8409,0.0486,0.0739,0.1612,0.2023,0.0273,0.0114,0.0701,8,7,2,1,0,2,0,0,0,0,0.7999,0.7191,0.3287,0.0107,0.0,0.1947,0.0,0.0,0.0,0.0,10,10,17.54,21.28
4535582,2025-04-27,ita,2024/2025,Serie A,34,Federico La Penna,8524,Atalanta,9888,Lecce,1,1,1,74,26,21,10,6,3,12,4,3,3,1,0,15,7,6,3,12,3,2,3,1,2,51,11,10,8,1,1,0,0,3,0,6,19,8,12,2,3,21,42,2,6,50,52,20.0,31.0,30.0,21.0,7.0,3.0,660,238,564.0,152.0,156,74,408,78,24.0,20.0,13.0,3.0,2.37,1.52,1.37,0.6,0.21,0.13,1.58,0.73,1.74,1.08,1,0,14,7,0,0,3,2,3,1,0.1907,0.0,1.9922,1.3809,0.0,0.0,0.1171,0.1253,0.0653,0.0165,14,4,1,1,5,1,0,3,1,1,1.1326,0.6033,0.2326,0.0165,0.2117,0.0094,0.0,0.1051,0.7884,0.7884,21,10,14.83,18.79
4535582,2025-04-27,ita,2024/2025,Serie A,34,Federico La Penna,9888,Lecce,8524,Atalanta,0,1,1,26,74,10,21,3,6,4,12,3,3,0,1,7,15,3,6,3,12,3,2,2,1,11,51,8,10,1,1,0,0,0,3,19,6,12,8,3,2,42,21,6,2,52,50,31.0,20.0,21.0,30.0,3.0,7.0,238,660,152.0,564.0,74,156,78,408,20.0,24.0,3.0,13.0,1.52,2.37,0.6,1.37,0.13,0.21,0.73,1.58,1.08,1.74,0,1,7,14,0,0,2,3,1,3,0.0,0.1907,1.3809,1.9922,0.0,0.0,0.1253,0.1171,0.0165,0.0653,4,14,1,1,1,5,3,0,1,1,0.6033,1.1326,0.0165,0.2326,0.0094,0.2117,0.1051,0.0,0.7884,0.7884,10,21,18.79,14.83
4535583,2025-04-27,ita,2024/2025,Serie A,34,Alberto Ruben Arena,10171,Como,10233,Genoa,1,1,0,53,47,14,4,3,1,8,3,3,0,0,1,7,2,7,2,6,3,3,1,2,1,25,10,19,15,2,1,0,0,1,1,20,24,7,14,0,3,21,16,1,2,52,54,39.0,43.0,13.0,11.0,4.0,4.0,461,411,383.0,337.0,144,226,239,111,15.0,25.0,3.0,2.0,1.31,1.28,0.82,1.24,0.49,0.04,1.31,1.28,0.94,0.41,2,1,3,0,2,1,6,1,1,1,0.5548,0.8379,0.4181,0.0,0.105,0.2886,0.2265,0.0955,0.0052,0.0434,8,3,2,0,3,0,1,1,0,0,0.5835,1.2219,0.2368,0.0,0.37,0.0,0.1194,0.0434,0.0,0.0,14,4,17.6,17.15
4535583,2025-04-27,ita,2024/2025,Serie A,34,Alberto Ruben Arena,10233,Genoa,10171,Como,0,0,1,47,53,4,14,1,3,3,8,0,3,1,0,2,7,2,7,3,6,1,3,1,2,10,25,15,19,1,2,0,0,1,1,24,20,14,7,3,0,16,21,2,1,54,52,43.0,39.0,11.0,13.0,4.0,4.0,411,461,337.0,383.0,226,144,111,239,25.0,15.0,2.0,3.0,1.28,1.31,1.24,0.82,0.04,0.49,1.28,1.31,0.41,0.94,1,2,0,3,1,2,1,6,1,1,0.8379,0.5548,0.0,0.4181,0.2886,0.105,0.0955,0.2265,0.0434,0.0052,3,8,0,2,0,3,1,1,0,0,1.2219,0.5835,0.0,0.2368,0.0,0.37,0.0434,0.1194,0.0,0.0,4,14,17.15,17.6
4535584,2025-04-27,ita,2024/2025,Serie A,34,Antonio Rapuano,8535,Fiorentina,8534,Empoli,1,2,1,53,47,6,8,3,5,2,2,1,1,0,0,4,2,2,6,1,6,1,1,0,0,13,11,16,18,3,2,0,1,3,1,9,27,7,4,1,1,42,11,4,1,52,55,33.0,44.0,19.0,11.0,7.0,2.0,405,336,315.0,246.0,181,131,134,115,19.0,22.0,3.0,5.0,0.79,0.38,0.74,0.29,0.05,0.09,0.79,0.38,1.71,0.71,0,0,2,1,2,1,1,4,1,2,0.0,0.0,0.6157,0.215,0.1171,0.0198,0.0536,0.089,0.023,0.0562,5,5,0,0,0,0,1,3,0,0,0.7558,0.2916,0.0,0.0,0.0,0.0,0.0536,0.0884,0.0,0.0,6,8,17.76,23.17
4535584,2025-04-27,ita,2024/2025,Serie A,34,Antonio Rapuano,8534,Empoli,8535,Fiorentina,0,1,2,47,53,8,6,5,3,2,2,1,1,0,0,2,4,6,2,6,1,1,1,0,0,11,13,18,16,2,3,1,0,1,3,27,9,4,7,1,1,11,42,1,4,55,52,44.0,33.0,11.0,19.0,2.0,7.0,336,405,246.0,315.0,131,181,115,134,22.0,19.0,5.0,3.0,0.38,0.79,0.29,0.74,0.09,0.05,0.38,0.79,0.71,1.71,0,0,1,2,1,2,4,1,2,1,0.0,0.0,0.215,0.6157,0.0198,0.1171,0.089,0.0536,0.0562,0.023,5,5,0,0,0,0,3,1,0,0,0.2916,0.7558,0.0,0.0,0.0,0.0,0.0884,0.0536,0.0,0.0,8,6,23.17,17.76
4535586,2025-04-27,ita,2024/2025,Serie A,34,Michael Fabbri,8636,Inter,8686,Roma,1,0,1,69,31,17,19,2,7,15,8,0,4,0,0,11,14,6,5,4,3,1,5,1,4,38,24,11,9,1,2,0,0,2,0,13,22,6,5,5,0,7,31,5,2,44,50,26.0,36.0,18.0,14.0,4.0,4.0,610,275,546.0,214.0,250,119,296,95,27.0,15.0,11.0,7.0,1.04,1.93,0.57,1.82,0.47,0.11,1.04,1.93,0.11,1.29,2,4,5,7,4,3,4,3,2,2,0.3168,0.6422,0.4081,0.9125,0.1496,0.1626,0.1398,0.1442,0.0658,0.0671,12,12,0,3,3,2,2,2,0,0,0.5599,1.312,0.0,0.5095,0.3631,0.0743,0.1572,0.0328,0.0,0.0,17,19,16.95,15.15
4535586,2025-04-27,ita,2024/2025,Serie A,34,Michael Fabbri,8686,Roma,8636,Inter,0,1,0,31,69,19,17,7,2,8,15,4,0,0,0,14,11,5,6,3,4,5,1,4,1,24,38,9,11,2,1,0,0,0,2,22,13,5,6,0,5,31,7,2,5,50,44,36.0,26.0,14.0,18.0,4.0,4.0,275,610,214.0,546.0,119,250,95,296,15.0,27.0,7.0,11.0,1.93,1.04,1.82,0.57,0.11,0.47,1.93,1.04,1.29,0.11,4,2,7,5,3,4,3,4,2,2,0.6422,0.3168,0.9125,0.4081,0.1626,0.1496,0.1442,0.1398,0.0671,0.0658,12,12,3,0,2,3,2,2,0,0,1.312,0.5599,0.5095,0.0,0.0743,0.3631,0.0328,0.1572,0.0,0.0,19,17,15.15,16.95
4535587,2025-04-27,ita,2024/2025,Serie A,34,Daniele Perenzoni,9885,Juventus,6504,Monza,1,2,0,34,66,10,12,5,3,4,4,1,5,0,0,6,6,4,6,0,5,3,0,2,0,14,17,17,5,3,3,1,0,0,1,16,19,4,5,5,1,43,17,3,3,36,46,24.0,37.0,12.0,9.0,3.0,2.0,313,558,257.0,497.0,83,194,174,303,23.0,32.0,0.0,3.0,1.4,0.67,1.3,0.65,0.09,0.02,1.4,0.67,1.61,0.19,0,0,4,5,2,1,3,3,1,3,0.0,0.0,1.1979,0.4053,0.0979,0.0344,0.0868,0.1572,0.0143,0.0739,9,10,1,1,0,0,0,1,0,0,1.1955,0.5029,0.2015,0.1512,0.0,0.0,0.0,0.0167,0.0,0.0,10,12,19.12,17.86
4535587,2025-04-27,ita,2024/2025,Serie A,34,Daniele Perenzoni,6504,Monza,9885,Juventus,0,0,2,66,34,12,10,3,5,4,4,5,1,0,0,6,6,6,4,5,0,0,3,0,2,17,14,5,17,3,3,0,1,1,0,19,16,5,4,1,5,17,43,3,3,46,36,37.0,24.0,9.0,12.0,2.0,3.0,558,313,497.0,257.0,194,83,303,174,32.0,23.0,3.0,0.0,0.67,1.4,0.65,1.3,0.02,0.09,0.67,1.4,0.19,1.61,0,0,5,4,1,2,3,3,3,1,0.0,0.0,0.4053,1.1979,0.0344,0.0979,0.1572,0.0868,0.0739,0.0143,10,9,1,1,0,0,1,0,0,0,0.5029,1.1955,0.1512,0.2015,0.0,0.0,0.0167,0.0,0.0,0.0,12,10,17.86,19.12
4535589,2025-04-27,ita,2024/2025,Serie A,34,Maurizio Mariani,9875,Napoli,9804,Torino,1,2,0,58,42,8,9,2,0,4,3,2,6,1,0,8,3,0,6,2,5,1,1,1,1,27,14,5,13,0,3,0,0,1,0,14,8,7,7,6,2,23,22,0,0,44,32,31.0,19.0,13.0,13.0,4.0,6.0,552,396,489.0,326.0,270,172,219,154,17.0,22.0,5.0,3.0,1.17,0.83,0.91,0.2,0.26,0.63,1.17,0.83,1.65,0.0,1,1,5,1,2,1,0,2,0,4,0.6307,0.6237,0.4885,0.0613,0.0477,0.0402,0.0,0.0338,0.0,0.0739,4,7,0,0,3,2,1,0,0,0,0.9052,0.2029,0.0,0.0,0.2476,0.63,0.0142,0.0,0.0,0.0,8,9,9.99,22.75
4535589,2025-04-27,ita,2024/2025,Serie A,34,Maurizio Mariani,9804,Torino,9875,Napoli,0,0,2,42,58,9,8,0,2,3,4,6,2,0,1,3,8,6,0,5,2,1,1,1,1,14,27,13,5,3,0,0,0,0,1,8,14,7,7,2,6,22,23,0,0,32,44,19.0,31.0,13.0,13.0,6.0,4.0,396,552,326.0,489.0,172,270,154,219,22.0,17.0,3.0,5.0,0.83,1.17,0.2,0.91,0.63,0.26,0.83,1.17,0.0,1.65,1,1,1,5,1,2,2,0,4,0,0.6237,0.6307,0.0613,0.4885,0.0402,0.0477,0.0338,0.0,0.0739,0.0,7,4,0,0,2,3,0,1,0,0,0.2029,0.9052,0.0,0.0,0.63,0.2476,0.0,0.0142,0.0,0.0,9,8,22.75,9.99
4535591,2025-04-27,ita,2024/2025,Serie A,34,Gianluca Manganiello,7881,Venezia,8564,Milan,1,0,2,50,50,15,11,2,2,8,5,5,4,0,0,10,8,5,3,7,2,0,3,0,1,31,20,14,13,1,0,0,0,2,2,21,24,11,6,4,5,8,33,0,2,51,69,46.0,53.0,5.0,16.0,13.0,16.0,404,417,345.0,350.0,171,240,174,110,11.0,30.0,7.0,2.0,1.22,1.61,0.71,1.16,0.51,0.45,1.22,1.61,0.41,1.39,2,0,8,7,0,1,2,2,3,1,0.2774,0.0,0.7381,1.3183,0.0,0.1161,0.0957,0.1353,0.1132,0.0408,9,4,0,2,4,3,2,2,0,0,0.7138,0.9446,0.0,0.2178,0.4146,0.1512,0.096,0.2968,0.0,0.0,15,11,15.26,14.32
4535591,2025-04-27,ita,2024/2025,Serie A,34,Gianluca Manganiello,8564,Milan,7881,Venezia,0,2,0,50,50,11,15,2,2,5,8,4,5,0,0,8,10,3,5,2,7,3,0,1,0,20,31,13,14,0,1,0,0,2,2,24,21,6,11,5,4,33,8,2,0,69,51,53.0,46.0,16.0,5.0,16.0,13.0,417,404,350.0,345.0,240,171,110,174,30.0,11.0,2.0,7.0,1.61,1.22,1.16,0.71,0.45,0.51,1.61,1.22,1.39,0.41,0,2,7,8,1,0,2,2,1,3,0.0,0.2774,1.3183,0.7381,0.1161,0.0,0.1353,0.0957,0.0408,0.1132,4,9,2,0,3,4,2,2,0,0,0.9446,0.7138,0.2178,0.0,0.1512,0.4146,0.2968,0.096,0.0,0.0,11,15,14.32,15.26
4535585,2025-04-28,ita,2024/2025,Serie A,34,Rosario Abisso,9876,Hellas Verona,8529,Cagliari,1,0,2,55,45,6,6,2,4,3,2,1,0,0,0,2,4,4,2,2,3,0,3,0,1,9,12,14,9,2,2,1,0,1,2,12,10,9,12,0,1,23,29,2,2,52,59,23.0,27.0,29.0,32.0,5.0,5.0,433,348,340.0,258.0,152,160,188,98,20.0,34.0,3.0,2.0,0.3,1.94,0.16,1.88,0.13,0.07,0.3,1.94,0.13,2.88,0,2,2,2,0,0,3,1,1,1,0.0,1.3313,0.1451,0.5351,0.0,0.0,0.1327,0.0442,0.0206,0.0318,4,3,0,1,1,1,1,1,0,0,0.1645,1.0299,0.0,0.8451,0.0955,0.0356,0.0383,0.0318,0.0,0.0,6,6,19.51,14.61
4535585,2025-04-28,ita,2024/2025,Serie A,34,Rosario Abisso,8529,Cagliari,9876,Hellas Verona,0,2,0,45,55,6,6,4,2,2,3,0,1,0,0,4,2,2,4,3,2,3,0,1,0,12,9,9,14,2,2,0,1,2,1,10,12,12,9,1,0,29,23,2,2,59,52,27.0,23.0,32.0,29.0,5.0,5.0,348,433,258.0,340.0,160,152,98,188,34.0,20.0,2.0,3.0,1.94,0.3,1.88,0.16,0.07,0.13,1.94,0.3,2.88,0.13,2,0,2,2,0,0,1,3,1,1,1.3313,0.0,0.5351,0.1451,0.0,0.0,0.0442,0.1327,0.0318,0.0206,3,4,1,0,1,1,1,1,0,0,1.0299,0.1645,0.8451,0.0,0.0356,0.0955,0.0318,0.0383,0.0,0.0,6,6,14.61,19.51
4535588,2025-04-28,ita,2024/2025,Serie A,34,Juan Luca Sacchi,8543,Lazio,10167,Parma,1,2,2,70,30,14,7,7,5,4,1,3,1,0,0,9,6,5,1,5,1,4,1,3,1,35,14,12,11,1,3,0,0,7,1,10,13,4,10,1,3,13,32,3,5,33,43,25.0,28.0,8.0,15.0,5.0,4.0,614,274,546.0,203.0,185,130,361,73,26.0,29.0,7.0,3.0,1.41,0.87,1.34,0.85,0.08,0.01,1.41,0.87,2.89,1.6,1,0,7,5,1,1,3,1,2,0,0.1753,0.0,1.0812,0.781,0.0218,0.0622,0.1064,0.0232,0.0376,0.0,13,5,0,1,1,0,0,1,0,0,1.3449,0.6622,0.0,0.181,0.0774,0.0,0.0,0.0232,0.0,0.0,14,7,17.04,15.75
4535588,2025-04-28,ita,2024/2025,Serie A,34,Juan Luca Sacchi,10167,Parma,8543,Lazio,0,2,2,30,70,7,14,5,7,1,4,1,3,0,0,6,9,1,5,1,5,1,4,1,3,14,35,11,12,3,1,0,0,1,7,13,10,10,4,3,1,32,13,5,3,43,33,28.0,25.0,15.0,8.0,4.0,5.0,274,614,203.0,546.0,130,185,73,361,29.0,26.0,3.0,7.0,0.87,1.41,0.85,1.34,0.01,0.08,0.87,1.41,1.6,2.89,0,1,5,7,1,1,1,3,0,2,0.0,0.1753,0.781,1.0812,0.0622,0.0218,0.0232,0.1064,0.0,0.0376,5,13,1,0,0,1,1,0,0,0,0.6622,1.3449,0.181,0.0,0.0,0.0774,0.0232,0.0,0.0,0.0,7,14,15.75,17.04
4535590,2025-04-28,ita,2024/2025,Serie A,34,Fabio Maresca,8600,Udinese,9857,Bologna,1,0,0,35,65,13,12,4,1,5,8,4,3,1,1,4,9,9,3,5,6,0,1,0,1,12,16,22,10,3,2,0,0,0,2,12,16,5,5,3,4,33,17,1,4,54,54,33.0,36.0,21.0,18.0,11.0,2.0,225,433,154.0,362.0,82,233,72,129,21.0,25.0,4.0,6.0,0.45,1.64,0.27,1.16,0.18,0.48,0.45,1.64,0.26,0.12,1,3,1,5,2,1,7,3,2,0,0.0603,0.8434,0.0573,0.5584,0.0386,0.0834,0.2784,0.154,0.063,0.0,5,8,2,0,2,3,4,1,0,0,0.2238,1.1577,0.113,0.0,0.069,0.4317,0.0918,0.0498,0.0,0.0,13,12,24.0,13.34
4535590,2025-04-28,ita,2024/2025,Serie A,34,Fabio Maresca,9857,Bologna,8600,Udinese,0,0,0,65,35,12,13,1,4,8,5,3,4,1,1,9,4,3,9,6,5,1,0,1,0,16,12,10,22,2,3,0,0,2,0,16,12,5,5,4,3,17,33,4,1,54,54,36.0,33.0,18.0,21.0,2.0,11.0,433,225,362.0,154.0,233,82,129,72,25.0,21.0,6.0,4.0,1.64,0.45,1.16,0.27,0.48,0.18,1.64,0.45,0.12,0.26,3,1,5,1,1,2,3,7,0,2,0.8434,0.0603,0.5584,0.0573,0.0834,0.0386,0.154,0.2784,0.0,0.063,8,5,0,2,3,2,1,4,0,0,1.1577,0.2238,0.0,0.113,0.4317,0.069,0.0498,0.0918,0.0,0.0,12,13,13.34,24.0
4535621,2025-05-02,ita,2024/2025,Serie A,35,Simone Sozza,9804,Torino,7881,Venezia,1,1,1,55,45,19,7,4,3,9,3,6,1,0,1,11,7,8,0,5,1,1,1,0,0,30,15,7,18,1,0,0,0,2,2,14,18,8,5,1,5,24,32,2,3,67,44,39.0,28.0,28.0,16.0,9.0,4.0,434,366,355.0,274.0,193,157,162,117,30.0,18.0,6.0,2.0,2.13,0.66,0.65,0.62,0.69,0.04,1.34,0.66,1.2,0.93,0,0,8,5,3,2,6,0,2,0,0.0,0.0,1.7797,0.4436,0.1578,0.2061,0.158,0.0,0.0302,0.0,9,5,3,1,1,1,5,0,1,0,0.4983,0.4514,0.1475,0.1586,0.0151,0.0397,0.6763,0.0,0.7884,0.0,19,7,18.04,13.31
4535621,2025-05-02,ita,2024/2025,Serie A,35,Simone Sozza,7881,Venezia,9804,Torino,0,1,1,45,55,7,19,3,4,3,9,1,6,1,0,7,11,0,8,1,5,1,1,0,0,15,30,18,7,0,1,0,0,2,2,18,14,5,8,5,1,32,24,3,2,44,67,28.0,39.0,16.0,28.0,4.0,9.0,366,434,274.0,355.0,157,193,117,162,18.0,30.0,2.0,6.0,0.66,2.13,0.62,0.65,0.04,0.69,0.66,1.34,0.93,1.2,0,0,5,8,2,3,0,6,0,2,0.0,0.0,0.4436,1.7797,0.2061,0.1578,0.0,0.158,0.0,0.0302,5,9,1,3,1,1,0,5,0,1,0.4514,0.4983,0.1586,0.1475,0.0397,0.0151,0.0,0.6763,0.0,0.7884,7,19,13.31,18.04
4535613,2025-05-03,ita,2024/2025,Serie A,35,Ermanno Feliciani,8529,Cagliari,8600,Udinese,1,1,2,44,56,8,11,2,3,5,5,1,3,0,0,8,9,0,2,5,4,2,2,1,1,10,26,5,15,1,2,0,0,4,2,17,19,7,11,3,1,38,20,1,1,47,48,33.0,31.0,14.0,17.0,2.0,7.0,365,452,278.0,370.0,205,156,73,214,22.0,23.0,3.0,3.0,0.93,1.46,0.8,0.61,0.13,0.85,0.93,1.46,0.73,1.88,3,2,3,4,2,3,0,2,0,0,0.2602,0.9541,0.7017,0.3397,0.095,0.0999,0.0,0.0621,0.0,0.0,1,10,4,0,2,1,1,0,0,0,0.4196,0.6095,0.4811,0.0,0.126,0.8463,0.0302,0.0,0.0,0.0,8,11,12.37,14.57
4535613,2025-05-03,ita,2024/2025,Serie A,35,Ermanno Feliciani,8600,Udinese,8529,Cagliari,0,2,1,56,44,11,8,3,2,5,5,3,1,0,0,9,8,2,0,4,5,2,2,1,1,26,10,15,5,2,1,0,0,2,4,19,17,11,7,1,3,20,38,1,1,48,47,31.0,33.0,17.0,14.0,7.0,2.0,452,365,370.0,278.0,156,205,214,73,23.0,22.0,3.0,3.0,1.46,0.93,0.61,0.8,0.85,0.13,1.46,0.93,1.88,0.73,2,3,4,3,3,2,2,0,0,0,0.9541,0.2602,0.3397,0.7017,0.0999,0.095,0.0621,0.0,0.0,0.0,10,1,0,4,1,2,0,1,0,0,0.6095,0.4196,0.0,0.4811,0.8463,0.126,0.0,0.0302,0.0,0.0,11,8,14.57,12.37
4535616,2025-05-03,ita,2024/2025,Serie A,35,Gianluca Manganiello,8636,Inter,9876,Hellas Verona,1,1,0,69,31,9,6,2,1,4,2,3,3,0,0,6,3,3,3,4,3,2,0,1,0,26,8,6,11,1,3,0,0,1,0,8,7,4,4,3,3,20,15,1,1,35,25,23.0,14.0,12.0,11.0,7.0,1.0,718,311,656.0,251.0,352,116,304,135,26.0,22.0,2.0,2.0,1.34,0.29,0.51,0.27,0.05,0.01,0.56,0.29,0.84,0.12,1,0,3,0,2,3,2,2,1,1,0.1443,0.0,1.0597,0.0,0.0577,0.0808,0.0694,0.1448,0.0126,0.0154,7,3,0,2,0,1,1,0,1,0,0.5052,0.1602,0.0,0.0698,0.0,0.0111,0.0501,0.0,0.7884,0.0,9,6,15.94,20.08
4535616,2025-05-03,ita,2024/2025,Serie A,35,Gianluca Manganiello,9876,Hellas Verona,8636,Inter,0,0,1,31,69,6,9,1,2,2,4,3,3,0,0,3,6,3,3,3,4,0,2,0,1,8,26,11,6,3,1,0,0,0,1,7,8,4,4,3,3,15,20,1,1,25,35,14.0,23.0,11.0,12.0,1.0,7.0,311,718,251.0,656.0,116,352,135,304,22.0,26.0,2.0,2.0,0.29,1.34,0.27,0.51,0.01,0.05,0.29,0.56,0.12,0.84,0,1,0,3,3,2,2,2,1,1,0.0,0.1443,0.0,1.0597,0.0808,0.0577,0.1448,0.0694,0.0154,0.0126,3,7,2,0,1,0,0,1,0,1,0.1602,0.5052,0.0698,0.0,0.0111,0.0,0.0,0.0501,0.0,0.7884,6,9,20.08,15.94
4535617,2025-05-03,ita,2024/2025,Serie A,35,Davide Massa,9888,Lecce,9875,Napoli,1,0,1,45,55,9,8,1,2,6,3,2,3,1,0,3,6,6,2,5,2,0,2,0,2,10,16,11,4,2,0,0,0,2,2,12,14,3,10,2,2,24,22,1,1,36,37,21.0,28.0,15.0,9.0,5.0,4.0,387,495,332.0,440.0,136,260,196,180,30.0,33.0,4.0,1.0,0.33,0.58,0.24,0.47,0.09,0.11,0.33,0.58,0.17,0.41,1,0,1,4,1,2,5,1,1,1,0.0375,0.0,0.1034,0.4005,0.0265,0.0592,0.1269,0.0964,0.0352,0.025,6,6,0,0,2,0,1,2,0,0,0.242,0.4652,0.0,0.0,0.0522,0.0,0.0352,0.1158,0.0,0.0,9,8,23.14,16.92
4535617,2025-05-03,ita,2024/2025,Serie A,35,Davide Massa,9875,Napoli,9888,Lecce,0,1,0,55,45,8,9,2,1,3,6,3,2,0,1,6,3,2,6,2,5,2,0,2,0,16,10,4,11,0,2,0,0,2,2,14,12,10,3,2,2,22,24,1,1,37,36,28.0,21.0,9.0,15.0,4.0,5.0,495,387,440.0,332.0,260,136,180,196,33.0,30.0,1.0,4.0,0.58,0.33,0.47,0.24,0.11,0.09,0.58,0.33,0.41,0.17,0,1,4,1,2,1,1,5,1,1,0.0,0.0375,0.4005,0.1034,0.0592,0.0265,0.0964,0.1269,0.025,0.0352,6,6,0,0,0,2,2,1,0,0,0.4652,0.242,0.0,0.0,0.0,0.0522,0.1158,0.0352,0.0,0.0,8,9,16.92,23.14
4535619,2025-05-03,ita,2024/2025,Serie A,35,Marco Di Bello,10167,Parma,10171,Como,1,0,1,39,61,13,13,3,4,6,5,4,4,1,0,9,9,4,4,5,5,4,2,4,1,27,22,16,14,1,1,0,0,0,2,22,14,6,5,4,3,31,21,3,3,56,49,45.0,36.0,11.0,13.0,9.0,6.0,311,493,250.0,424.0,172,238,78,186,26.0,14.0,6.0,2.0,2.71,0.77,1.79,0.69,0.92,0.08,2.71,0.77,0.24,1.12,2,1,7,7,0,1,1,2,3,2,0.7185,0.1408,1.0494,0.5188,0.0,0.0476,0.0377,0.0232,0.0919,0.0388,5,9,2,0,4,3,2,1,0,0,1.0908,0.692,0.4542,0.0,0.3071,0.0705,0.0453,0.0067,0.0,0.0,13,13,13.51,16.41
4535619,2025-05-03,ita,2024/2025,Serie A,35,Marco Di Bello,10171,Como,10167,Parma,0,1,0,61,39,13,13,4,3,5,6,4,4,0,1,9,9,4,4,5,5,2,4,1,4,22,27,14,16,1,1,0,0,2,0,14,22,5,6,3,4,21,31,3,3,49,56,36.0,45.0,13.0,11.0,6.0,9.0,493,311,424.0,250.0,238,172,186,78,14.0,26.0,2.0,6.0,0.77,2.71,0.69,1.79,0.08,0.92,0.77,2.71,1.12,0.24,1,2,7,7,1,0,2,1,2,3,0.1408,0.7185,0.5188,1.0494,0.0476,0.0,0.0232,0.0377,0.0388,0.0919,9,5,0,2,3,4,1,2,0,0,0.692,1.0908,0.0,0.4542,0.0705,0.3071,0.0067,0.0453,0.0,0.0,13,13,16.41,13.51
4535612,2025-05-04,ita,2024/2025,Serie A,35,Daniele Doveri,9857,Bologna,9885,Juventus,1,1,1,65,35,9,6,2,3,2,2,5,1,0,0,5,4,4,2,10,3,0,1,0,1,22,13,6,19,1,3,0,0,4,3,13,16,6,7,2,3,5,36,1,1,45,34,34.0,26.0,11.0,8.0,4.0,5.0,419,235,360.0,171.0,178,107,182,64,33.0,14.0,4.0,1.0,0.44,0.77,0.21,0.44,0.23,0.34,0.44,0.77,0.71,0.33,0,0,4,4,1,0,3,0,1,2,0.0,0.0,0.2663,0.7195,0.0529,0.0,0.0911,0.0,0.0312,0.0534,4,3,0,0,3,1,2,2,0,0,0.2148,0.4361,0.0,0.0,0.1682,0.0818,0.0585,0.255,0.0,0.0,9,6,16.34,16.29
4535612,2025-05-04,ita,2024/2025,Serie A,35,Daniele Doveri,9885,Juventus,9857,Bologna,0,1,1,35,65,6,9,3,2,2,2,1,5,0,0,4,5,2,4,3,10,1,0,1,0,13,22,19,6,3,1,0,0,3,4,16,13,7,6,3,2,36,5,1,1,34,45,26.0,34.0,8.0,11.0,5.0,4.0,235,419,171.0,360.0,107,178,64,182,14.0,33.0,1.0,4.0,0.77,0.44,0.44,0.21,0.34,0.23,0.77,0.44,0.33,0.71,0,0,4,4,0,1,0,3,2,1,0.0,0.0,0.7195,0.2663,0.0,0.0529,0.0,0.0911,0.0534,0.0312,3,4,0,0,1,3,2,2,0,0,0.4361,0.2148,0.0,0.0,0.0818,0.1682,0.255,0.0585,0.0,0.0,6,9,16.29,16.34
4535614,2025-05-04,ita,2024/2025,Serie A,35,Andrea Colombo,8534,Empoli,8543,Lazio,1,0,1,37,63,7,9,2,3,2,5,3,1,0,0,2,6,5,3,2,7,0,2,0,1,8,15,17,8,3,3,1,1,2,1,19,17,6,5,1,3,30,30,2,2,48,57,33.0,36.0,15.0,21.0,6.0,5.0,316,546,246.0,469.0,119,232,127,237,19.0,32.0,4.0,3.0,0.24,1.76,0.22,1.55,0.02,0.21,0.24,1.76,0.03,1.04,0,0,2,5,0,1,3,3,2,0,0.0,0.0,0.1003,1.6082,0.0,0.0485,0.0879,0.1502,0.0505,0.0,6,4,0,2,0,3,1,0,0,0,0.222,0.9459,0.0,0.6783,0.0,0.1827,0.0167,0.0,0.0,0.0,7,9,21.35,15.28
4535614,2025-05-04,ita,2024/2025,Serie A,35,Andrea Colombo,8543,Lazio,8534,Empoli,0,1,0,63,37,9,7,3,2,5,2,1,3,0,0,6,2,3,5,7,2,2,0,1,0,15,8,8,17,3,3,1,1,1,2,17,19,5,6,3,1,30,30,2,2,57,48,36.0,33.0,21.0,15.0,5.0,6.0,546,316,469.0,246.0,232,119,237,127,32.0,19.0,3.0,4.0,1.76,0.24,1.55,0.22,0.21,0.02,1.76,0.24,1.04,0.03,0,0,5,2,1,0,3,3,0,2,0.0,0.0,1.6082,0.1003,0.0485,0.0,0.1502,0.0879,0.0,0.0505,4,6,2,0,3,0,0,1,0,0,0.9459,0.222,0.6783,0.0,0.1827,0.0,0.0,0.0167,0.0,0.0,9,7,15.28,21.35
4535618,2025-05-04,ita,2024/2025,Serie A,35,Luca Pairetto,6504,Monza,8524,Atalanta,1,0,4,52,48,14,15,7,5,7,6,0,4,0,0,9,15,5,0,3,7,1,6,1,3,14,47,9,10,1,2,0,0,2,0,17,8,10,7,3,0,28,17,1,7,45,34,31.0,22.0,14.0,12.0,7.0,6.0,477,439,409.0,374.0,239,148,170,226,18.0,30.0,3.0,5.0,0.81,2.47,0.77,1.77,0.04,0.69,0.81,2.47,1.17,2.95,0,3,3,10,6,2,4,0,1,0,0.0,0.6146,0.2838,1.7966,0.2703,0.0541,0.2334,0.0,0.0295,0.0,10,8,2,2,1,5,1,0,0,0,0.6985,0.7022,0.0807,1.0689,0.0141,0.6942,0.0237,0.0,0.0,0.0,14,15,17.91,11.85
4535618,2025-05-04,ita,2024/2025,Serie A,35,Luca Pairetto,8524,Atalanta,6504,Monza,0,4,0,48,52,15,14,5,7,6,7,4,0,0,0,15,9,0,5,7,3,6,1,3,1,47,14,10,9,2,1,0,0,0,2,8,17,7,10,0,3,17,28,7,1,34,45,22.0,31.0,12.0,14.0,6.0,7.0,439,477,374.0,409.0,148,239,226,170,30.0,18.0,5.0,3.0,2.47,0.81,1.77,0.77,0.69,0.04,2.47,0.81,2.95,1.17,3,0,10,3,2,6,0,4,0,1,0.6146,0.0,1.7966,0.2838,0.0541,0.2703,0.0,0.2334,0.0,0.0295,8,10,2,2,5,1,0,1,0,0,0.7022,0.6985,1.0689,0.0807,0.6942,0.0141,0.0,0.0237,0.0,0.0,15,14,11.85,17.91
4535620,2025-05-04,ita,2024/2025,Serie A,35,Daniele Chiffi,8686,Roma,8535,Fiorentina,1,1,0,41,59,12,13,4,5,3,6,5,2,0,0,7,4,5,9,7,4,1,1,0,1,21,19,9,8,2,2,0,1,0,2,16,19,5,6,2,4,29,19,5,3,41,45,33.0,35.0,8.0,10.0,10.0,8.0,422,605,366.0,546.0,198,217,168,329,29.0,19.0,3.0,5.0,0.63,0.96,0.36,0.9,0.27,0.06,0.63,0.96,1.38,1.23,1,0,3,3,3,1,3,5,2,4,0.2405,0.0,0.1482,0.6846,0.0919,0.0306,0.1118,0.1361,0.0329,0.1235,9,11,1,0,1,1,1,1,0,0,0.2864,0.9109,0.0728,0.0,0.2405,0.0194,0.0256,0.0444,0.0,0.0,12,13,18.13,24.69
4535620,2025-05-04,ita,2024/2025,Serie A,35,Daniele Chiffi,8535,Fiorentina,8686,Roma,0,0,1,59,41,13,12,5,4,6,3,2,5,0,0,4,7,9,5,4,7,1,1,1,0,19,21,8,9,2,2,1,0,2,0,19,16,6,5,4,2,19,29,3,5,45,41,35.0,33.0,10.0,8.0,8.0,10.0,605,422,546.0,366.0,217,198,329,168,19.0,29.0,5.0,3.0,0.96,0.63,0.9,0.36,0.06,0.27,0.96,0.63,1.23,1.38,0,1,3,3,1,3,5,3,4,2,0.0,0.2405,0.6846,0.1482,0.0306,0.0919,0.1361,0.1118,0.1235,0.0329,11,9,0,1,1,1,1,1,0,0,0.9109,0.2864,0.0,0.0728,0.0194,0.2405,0.0444,0.0256,0.0,0.0,13,12,24.69,18.13
4535615,2025-05-05,ita,2024/2025,Serie A,35,Giuseppe Collu,10233,Genoa,8564,Milan,1,1,2,40,60,11,10,4,5,5,3,2,2,0,0,9,4,2,6,8,7,0,2,0,1,19,28,14,12,1,5,0,0,1,1,25,5,7,6,2,2,16,22,4,4,57,45,42.0,30.0,15.0,15.0,5.0,12.0,336,530,271.0,465.0,157,322,114,143,15.0,31.0,6.0,3.0,0.6,0.99,0.49,0.84,0.11,0.14,0.6,0.99,0.91,1.94,0,1,5,2,4,1,2,3,0,3,0.0,0.4801,0.3768,0.2355,0.1687,0.0368,0.0551,0.1314,0.0,0.1018,7,3,0,3,4,2,0,2,0,0,0.4931,0.7412,0.0,0.1018,0.1076,0.0395,0.0,0.1031,0.0,0.0,11,10,16.54,24.98
4535615,2025-05-05,ita,2024/2025,Serie A,35,Giuseppe Collu,8564,Milan,10233,Genoa,0,2,1,60,40,10,11,5,4,3,5,2,2,0,0,4,9,6,2,7,8,2,0,1,0,28,19,12,14,5,1,0,0,1,1,5,25,6,7,2,2,22,16,4,4,45,57,30.0,42.0,15.0,15.0,12.0,5.0,530,336,465.0,271.0,322,157,143,114,31.0,15.0,3.0,6.0,0.99,0.6,0.84,0.49,0.14,0.11,0.99,0.6,1.94,0.91,1,0,2,5,1,4,3,2,3,0,0.4801,0.0,0.2355,0.3768,0.0368,0.1687,0.1314,0.0551,0.1018,0.0,3,7,3,0,2,4,2,0,0,0,0.7412,0.4931,0.1018,0.0,0.0395,0.1076,0.1031,0.0,0.0,0.0,10,11,24.98,16.54
4535627,2025-05-09,ita,2024/2025,Serie A,36,Livio Marinelli,8564,Milan,9857,Bologna,1,3,1,47,53,10,10,5,4,1,5,4,1,0,0,9,5,1,5,3,4,4,0,1,0,23,16,5,14,2,2,0,0,1,2,15,14,8,5,1,4,19,14,3,2,52,37,37.0,23.0,15.0,14.0,8.0,4.0,434,475,368.0,410.0,256,207,112,203,26.0,33.0,2.0,7.0,1.68,0.63,1.47,0.63,0.21,0.0,1.68,0.63,2.21,1.11,1,0,5,4,3,1,1,1,0,4,0.2114,0.0,1.3141,0.4445,0.0956,0.0152,0.063,0.0742,0.0,0.0933,9,10,0,0,1,0,0,0,0,0,1.4727,0.6271,0.0,0.0,0.2114,0.0,0.0,0.0,0.0,0.0,10,10,14.75,18.49
4535627,2025-05-09,ita,2024/2025,Serie A,36,Livio Marinelli,9857,Bologna,8564,Milan,0,1,3,53,47,10,10,4,5,5,1,1,4,0,0,5,9,5,1,4,3,0,4,0,1,16,23,14,5,2,2,0,0,2,1,14,15,5,8,4,1,14,19,2,3,37,52,23.0,37.0,14.0,15.0,4.0,8.0,475,434,410.0,368.0,207,256,203,112,33.0,26.0,7.0,2.0,0.63,1.68,0.63,1.47,0.0,0.21,0.63,1.68,1.11,2.21,0,1,4,5,1,3,1,1,4,0,0.0,0.2114,0.4445,1.3141,0.0152,0.0956,0.0742,0.063,0.0933,0.0,10,9,0,0,0,1,0,0,0,0,0.6271,1.4727,0.0,0.0,0.0,0.2114,0.0,0.0,0.0,0.0,10,10,18.49,14.75
4535623,2025-05-10,ita,2024/2025,Serie A,36,Francesco Fourneau,10171,Como,8529,Cagliari,1,3,1,62,38,19,9,5,3,9,6,5,0,0,0,13,6,6,3,5,1,4,2,2,2,26,11,9,15,1,3,0,0,1,0,16,8,12,11,0,5,18,12,2,2,45,32,37.0,26.0,8.0,6.0,7.0,9.0,560,338,495.0,276.0,245,153,250,123,23.0,27.0,6.0,5.0,2.02,0.81,1.66,0.73,0.36,0.08,2.02,0.81,1.75,0.8,1,1,11,2,1,3,4,2,2,1,0.1358,0.2914,1.6022,0.3169,0.1606,0.1349,0.0791,0.1018,0.047,0.024,12,6,2,2,3,0,2,1,0,0,1.4192,0.6825,0.2415,0.1084,0.3213,0.0,0.0428,0.0781,0.0,0.0,19,9,16.92,17.08
4535623,2025-05-10,ita,2024/2025,Serie A,36,Francesco Fourneau,8529,Cagliari,10171,Como,0,1,3,38,62,9,19,3,5,6,9,0,5,0,0,6,13,3,6,1,5,2,4,2,2,11,26,15,9,3,1,0,0,0,1,8,16,11,12,5,0,12,18,2,2,32,45,26.0,37.0,6.0,8.0,9.0,7.0,338,560,276.0,495.0,153,245,123,250,27.0,23.0,5.0,6.0,0.81,2.02,0.73,1.66,0.08,0.36,0.81,2.02,0.8,1.75,1,1,2,11,3,1,2,4,1,2,0.2914,0.1358,0.3169,1.6022,0.1349,0.1606,0.1018,0.0791,0.024,0.047,6,12,2,2,0,3,1,2,0,0,0.6825,1.4192,0.1084,0.2415,0.0,0.3213,0.0781,0.0428,0.0,0.0,9,19,17.08,16.92
4535624,2025-05-10,ita,2024/2025,Serie A,36,Michael Fabbri,8534,Empoli,10167,Parma,1,2,1,46,54,15,3,4,1,4,2,7,0,0,0,6,2,9,1,4,0,0,1,0,1,14,11,21,16,2,0,0,1,3,0,15,17,8,4,0,7,36,22,0,2,62,73,37.0,40.0,25.0,33.0,8.0,4.0,315,379,213.0,267.0,108,175,105,92,22.0,28.0,4.0,2.0,0.61,0.27,0.44,0.22,0.17,0.04,0.61,0.27,1.13,0.11,0,0,3,2,3,0,3,1,6,0,0.0,0.0,0.1969,0.2335,0.141,0.0,0.082,0.0335,0.1897,0.0,8,1,3,0,2,0,2,2,0,0,0.2205,0.2244,0.2381,0.0,0.047,0.0,0.1039,0.0426,0.0,0.0,15,3,22.01,17.84
4535624,2025-05-10,ita,2024/2025,Serie A,36,Michael Fabbri,10167,Parma,8534,Empoli,0,1,2,54,46,3,15,1,4,2,4,0,7,0,0,2,6,1,9,0,4,1,0,1,0,11,14,16,21,0,2,1,0,0,3,17,15,4,8,7,0,22,36,2,0,73,62,40.0,37.0,33.0,25.0,4.0,8.0,379,315,267.0,213.0,175,108,92,105,28.0,22.0,2.0,4.0,0.27,0.61,0.22,0.44,0.04,0.17,0.27,0.61,0.11,1.13,0,0,2,3,0,3,1,3,0,6,0.0,0.0,0.2335,0.1969,0.0,0.141,0.0335,0.082,0.0,0.1897,1,8,0,3,0,2,2,2,0,0,0.2244,0.2205,0.0,0.2381,0.0,0.047,0.0426,0.1039,0.0,0.0,3,15,17.84,22.01
4535626,2025-05-10,ita,2024/2025,Serie A,36,Davide Massa,8543,Lazio,9885,Juventus,1,1,1,58,42,19,8,6,3,7,3,6,2,1,0,14,6,5,2,3,3,2,2,1,1,30,15,14,10,5,4,0,1,1,1,14,12,9,9,3,6,5,30,1,5,39,44,29.0,34.0,10.0,10.0,5.0,8.0,440,343,382.0,285.0,121,145,261,140,35.0,15.0,9.0,3.0,1.67,0.79,1.53,0.58,0.14,0.21,1.67,0.79,2.06,0.72,2,1,8,4,4,1,4,1,1,1,1.0185,0.4284,0.432,0.3216,0.1937,0.0138,0.0883,0.0348,0.0193,0.0165,12,4,3,0,2,3,2,1,0,0,1.3872,0.5612,0.2276,0.0,0.1034,0.2191,0.0334,0.0348,0.0,0.0,19,8,15.88,16.07
4535626,2025-05-10,ita,2024/2025,Serie A,36,Davide Massa,9885,Juventus,8543,Lazio,0,1,1,42,58,8,19,3,6,3,7,2,6,0,1,6,14,2,5,3,3,2,2,1,1,15,30,10,14,4,5,1,0,1,1,12,14,9,9,6,3,30,5,5,1,44,39,34.0,29.0,10.0,10.0,8.0,5.0,343,440,285.0,382.0,145,121,140,261,15.0,35.0,3.0,9.0,0.79,1.67,0.58,1.53,0.21,0.14,0.79,1.67,0.72,2.06,1,2,4,8,1,4,1,4,1,1,0.4284,1.0185,0.3216,0.432,0.0138,0.1937,0.0348,0.0883,0.0165,0.0193,4,12,0,3,3,2,1,2,0,0,0.5612,1.3872,0.0,0.2276,0.2191,0.1034,0.0348,0.0334,0.0,0.0,8,19,16.07,15.88
4535625,2025-05-11,ita,2024/2025,Serie A,36,Fabio Maresca,9876,Hellas Verona,9888,Lecce,1,1,1,51,49,6,11,2,3,3,7,1,1,0,0,4,3,2,8,3,6,1,2,1,1,14,12,17,15,4,0,0,0,2,0,15,7,9,4,1,1,37,37,2,1,63,62,34.0,32.0,29.0,30.0,7.0,11.0,327,315,234.0,234.0,99,123,135,111,23.0,22.0,5.0,0.0,0.32,1.11,0.08,0.98,0.24,0.13,0.32,1.11,0.82,0.93,1,1,2,1,1,1,0,7,2,1,0.1576,0.3467,0.1155,0.4867,0.0031,0.0185,0.0,0.2445,0.0561,0.0143,3,7,0,1,1,1,2,2,0,0,0.0909,0.6678,0.0,0.3467,0.1576,0.0252,0.0838,0.0709,0.0,0.0,6,11,17.01,20.6
4535625,2025-05-11,ita,2024/2025,Serie A,36,Fabio Maresca,9888,Lecce,9876,Hellas Verona,0,1,1,49,51,11,6,3,2,7,3,1,1,0,0,3,4,8,2,6,3,2,1,1,1,12,14,15,17,0,4,0,0,0,2,7,15,4,9,1,1,37,37,1,2,62,63,32.0,34.0,30.0,29.0,11.0,7.0,315,327,234.0,234.0,123,99,111,135,22.0,23.0,0.0,5.0,1.11,0.32,0.98,0.08,0.13,0.24,1.11,0.32,0.93,0.82,1,1,1,2,1,1,7,0,1,2,0.3467,0.1576,0.4867,0.1155,0.0185,0.0031,0.2445,0.0,0.0143,0.0561,7,3,1,0,1,1,2,2,0,0,0.6678,0.0909,0.3467,0.0,0.0252,0.1576,0.0709,0.0838,0.0,0.0,11,6,20.6,17.01
4535628,2025-05-11,ita,2024/2025,Serie A,36,Marco Piccinini,9875,Napoli,10233,Genoa,1,2,2,59,41,22,8,11,2,5,4,6,2,0,2,18,6,4,2,8,0,3,1,1,1,30,9,12,14,1,2,0,0,1,1,11,8,8,9,2,7,22,28,1,8,55,40,35.0,24.0,20.0,16.0,10.0,4.0,518,351,433.0,270.0,301,177,132,93,24.0,20.0,8.0,3.0,1.7,0.68,1.38,0.33,0.32,0.36,1.7,0.68,2.02,1.35,2,0,10,4,6,2,2,2,2,0,0.3359,0.0,1.0448,0.476,0.1755,0.066,0.1062,0.0436,0.0377,0.0,14,4,1,1,5,0,2,3,0,0,1.3017,0.2897,0.0826,0.0314,0.2423,0.0,0.0735,0.2645,0.0,0.0,22,8,14.04,15.69
4535628,2025-05-11,ita,2024/2025,Serie A,36,Marco Piccinini,10233,Genoa,9875,Napoli,0,2,2,41,59,8,22,2,11,4,5,2,6,2,0,6,18,2,4,0,8,1,3,1,1,9,30,14,12,2,1,0,0,1,1,8,11,9,8,7,2,28,22,8,1,40,55,24.0,35.0,16.0,20.0,4.0,10.0,351,518,270.0,433.0,177,301,93,132,20.0,24.0,3.0,8.0,0.68,1.7,0.33,1.38,0.36,0.32,0.68,1.7,1.35,2.02,0,2,4,10,2,6,2,2,0,2,0.0,0.3359,0.476,1.0448,0.066,0.1755,0.0436,0.1062,0.0,0.0377,4,14,1,1,0,5,3,2,0,0,0.2897,1.3017,0.0314,0.0826,0.0,0.2423,0.2645,0.0735,0.0,0.0,8,22,15.69,14.04
4535629,2025-05-11,ita,2024/2025,Serie A,36,Federico La Penna,9804,Torino,8636,Inter,1,0,2,42,58,17,12,3,7,6,5,8,0,0,0,16,9,1,3,9,3,4,4,4,3,39,24,14,7,1,3,0,0,1,2,6,13,5,9,0,7,16,32,5,3,29,40,19.0,31.0,10.0,9.0,6.0,6.0,367,542,308.0,480.0,98,328,210,152,15.0,31.0,12.0,3.0,1.57,2.6,1.23,1.67,0.35,0.14,1.57,1.81,0.52,2.26,2,0,8,8,6,1,1,1,0,2,0.4236,0.0,0.8929,2.2392,0.1962,0.2462,0.06,0.0355,0.0,0.0768,13,5,1,3,3,2,0,1,0,1,1.1931,0.65,0.033,1.023,0.3465,0.0534,0.0,0.0829,0.0,0.7884,17,12,13.54,14.54
4535629,2025-05-11,ita,2024/2025,Serie A,36,Federico La Penna,8636,Inter,9804,Torino,0,2,0,58,42,12,17,7,3,5,6,0,8,0,0,9,16,3,1,3,9,4,4,3,4,24,39,7,14,3,1,0,0,2,1,13,6,9,5,7,0,32,16,3,5,40,29,31.0,19.0,9.0,10.0,6.0,6.0,542,367,480.0,308.0,328,98,152,210,31.0,15.0,3.0,12.0,2.6,1.57,1.67,1.23,0.14,0.35,1.81,1.57,2.26,0.52,0,2,8,8,1,6,1,1,2,0,0.0,0.4236,2.2392,0.8929,0.2462,0.1962,0.0355,0.06,0.0768,0.0,5,13,3,1,2,3,1,0,1,0,0.65,1.1931,1.023,0.033,0.0534,0.3465,0.0829,0.0,0.7884,0.0,12,17,14.54,13.54
4535630,2025-05-11,ita,2024/2025,Serie A,36,Valerio Crezzini,8600,Udinese,6504,Monza,1,1,2,60,40,21,5,5,2,10,3,6,0,0,1,11,5,10,0,7,0,1,2,1,0,26,5,21,8,2,3,0,0,2,2,11,14,5,9,0,6,8,43,0,4,42,52,26.0,41.0,16.0,11.0,7.0,8.0,486,341,429.0,276.0,196,215,233,61,29.0,16.0,8.0,1.0,1.64,1.6,0.86,1.6,0.78,0.0,1.64,1.6,0.42,1.2,1,3,6,0,4,2,9,0,1,0,0.6184,1.5766,0.3607,0.0,0.2268,0.1039,0.3902,0.0,0.0409,0.0,15,5,1,0,2,0,3,0,0,0,0.8367,1.6805,0.0205,0.0,0.6577,0.0,0.1221,0.0,0.0,0.0,21,5,18.14,9.62
4535630,2025-05-11,ita,2024/2025,Serie A,36,Valerio Crezzini,6504,Monza,8600,Udinese,0,2,1,40,60,5,21,2,5,3,10,0,6,1,0,5,11,0,10,0,7,2,1,0,1,5,26,8,21,3,2,0,0,2,2,14,11,9,5,6,0,43,8,4,0,52,42,41.0,26.0,11.0,16.0,8.0,7.0,341,486,276.0,429.0,215,196,61,233,16.0,29.0,1.0,8.0,1.6,1.64,1.6,0.86,0.0,0.78,1.6,1.64,1.2,0.42,3,1,0,6,2,4,0,9,0,1,1.5766,0.6184,0.0,0.3607,0.1039,0.2268,0.0,0.3902,0.0,0.0409,5,15,0,1,0,2,0,3,0,0,1.6805,0.8367,0.0,0.0205,0.0,0.6577,0.0,0.1221,0.0,0.0,5,21,9.62,18.14
4535622,2025-05-12,ita,2024/2025,Serie A,36,Simone Sozza,8524,Atalanta,8686,Roma,1,2,1,57,43,16,10,3,4,8,3,5,3,0,0,12,5,4,5,8,7,4,1,4,1,29,13,14,14,1,0,0,0,0,1,10,13,7,10,4,4,30,27,2,1,61,58,29.0,35.0,32.0,23.0,5.0,9.0,463,351,378.0,260.0,193,116,185,144,23.0,17.0,7.0,4.0,2.41,0.78,1.57,0.24,0.84,0.54,2.41,0.78,1.18,1.03,2,1,7,4,3,0,4,4,0,1,0.891,0.2382,1.2007,0.358,0.0982,0.0,0.2156,0.1276,0.0,0.0579,9,4,5,1,2,4,0,1,0,0,0.911,0.1816,0.6545,0.0579,0.84,0.5219,0.0,0.0203,0.0,0.0,16,10,14.59,16.12
4535622,2025-05-12,ita,2024/2025,Serie A,36,Simone Sozza,8686,Roma,8524,Atalanta,0,1,2,43,57,10,16,4,3,3,8,3,5,0,0,5,12,5,4,7,8,1,4,1,4,13,29,14,14,0,1,0,0,1,0,13,10,10,7,4,4,27,30,1,2,58,61,35.0,29.0,23.0,32.0,9.0,5.0,351,463,260.0,378.0,116,193,144,185,17.0,23.0,4.0,7.0,0.78,2.41,0.24,1.57,0.54,0.84,0.78,2.41,1.03,1.18,1,2,4,7,0,3,4,4,1,0,0.2382,0.891,0.358,1.2007,0.0,0.0982,0.1276,0.2156,0.0579,0.0,4,9,1,5,4,2,1,0,0,0,0.1816,0.911,0.0579,0.6545,0.5219,0.84,0.0203,0.0,0.0,0.0,10,16,16.12,14.59
4535631,2025-05-12,ita,2024/2025,Serie A,36,Matteo Marchetti,7881,Venezia,8535,Fiorentina,1,2,1,34,66,9,16,4,5,5,8,0,3,0,1,8,9,1,7,1,5,5,1,3,1,20,20,21,17,1,4,0,0,1,0,15,12,7,11,3,0,21,13,4,2,47,53,33.0,41.0,14.0,12.0,4.0,8.0,290,560,221.0,487.0,133,263,88,224,29.0,32.0,3.0,8.0,1.87,1.14,1.83,1.03,0.04,0.11,1.87,1.14,1.31,0.82,2,1,3,8,3,0,1,6,0,1,0.9645,0.1919,0.8549,0.6026,0.1298,0.0,0.0273,0.3238,0.0,0.0227,6,12,2,0,0,3,1,1,0,0,1.177,1.0301,0.7723,0.0,0.0,0.0924,0.0273,0.0185,0.0,0.0,9,16,14.02,17.71
4535631,2025-05-12,ita,2024/2025,Serie A,36,Matteo Marchetti,8535,Fiorentina,7881,Venezia,0,1,2,66,34,16,9,5,4,8,5,3,0,1,0,9,8,7,1,5,1,1,5,1,3,20,20,17,21,4,1,0,0,0,1,12,15,11,7,0,3,13,21,2,4,53,47,41.0,33.0,12.0,14.0,8.0,4.0,560,290,487.0,221.0,263,133,224,88,32.0,29.0,8.0,3.0,1.14,1.87,1.03,1.83,0.11,0.04,1.14,1.87,0.82,1.31,1,2,8,3,0,3,6,1,1,0,0.1919,0.9645,0.6026,0.8549,0.0,0.1298,0.3238,0.0273,0.0227,0.0,12,6,0,2,3,0,1,1,0,0,1.0301,1.177,0.0,0.7723,0.0924,0.0,0.0185,0.0273,0.0,0.0,16,9,17.71,14.02
4535594,2025-05-17,ita,2024/2025,Serie A,37,Davide Ghersini,10233,Genoa,8524,Atalanta,1,2,3,56,44,12,13,5,6,3,5,4,2,0,0,9,8,3,5,7,0,2,2,1,1,21,21,10,14,0,0,0,0,0,0,13,13,5,14,2,4,11,22,3,3,51,39,31.0,27.0,20.0,12.0,6.0,6.0,463,377,375.0,304.0,258,182,117,122,30.0,19.0,9.0,1.0,1.22,1.96,0.54,1.96,0.68,0.0,1.22,1.96,1.4,1.49,1,1,7,5,1,2,3,5,0,0,0.4873,0.2349,0.6049,1.4137,0.0476,0.1209,0.0805,0.182,0.0,0.0,6,12,1,1,4,0,1,0,0,0,0.4189,1.8907,0.121,0.0608,0.6185,0.0,0.0619,0.0,0.0,0.0,12,13,14.02,16.27
4535594,2025-05-17,ita,2024/2025,Serie A,37,Davide Ghersini,8524,Atalanta,10233,Genoa,0,3,2,44,56,13,12,6,5,5,3,2,4,0,0,8,9,5,3,0,7,2,2,1,1,21,21,14,10,0,0,0,0,0,0,13,13,14,5,4,2,22,11,3,3,39,51,27.0,31.0,12.0,20.0,6.0,6.0,377,463,304.0,375.0,182,258,122,117,19.0,30.0,1.0,9.0,1.96,1.22,1.96,0.54,0.0,0.68,1.96,1.22,1.49,1.4,1,1,5,7,2,1,5,3,0,0,0.2349,0.4873,1.4137,0.6049,0.1209,0.0476,0.182,0.0805,0.0,0.0,12,6,1,1,0,4,0,1,0,0,1.8907,0.4189,0.0608,0.121,0.0,0.6185,0.0,0.0619,0.0,0.0,13,12,16.27,14.02
4535592,2025-05-18,ita,2024/2025,Serie A,37,Luca Pairetto,8529,Cagliari,7881,Venezia,1,3,0,42,58,20,10,5,1,6,7,9,2,0,0,14,7,6,3,8,8,5,1,3,1,22,15,7,9,1,1,0,0,2,1,18,9,10,6,2,9,24,15,1,2,45,32,29.0,23.0,16.0,9.0,2.0,7.0,352,484,270.0,402.0,144,166,126,236,26.0,22.0,8.0,5.0,1.6,0.68,1.0,0.41,0.6,0.27,1.6,0.68,1.84,0.21,3,0,7,5,4,2,2,2,4,1,0.5352,0.0,0.74,0.3699,0.1751,0.1071,0.0576,0.0307,0.0965,0.0099,10,6,2,1,5,3,3,0,0,0,0.6369,0.2681,0.3678,0.1446,0.3565,0.1049,0.2432,0.0,0.0,0.0,20,10,15.83,18.58
4535592,2025-05-18,ita,2024/2025,Serie A,37,Luca Pairetto,7881,Venezia,8529,Cagliari,0,0,3,58,42,10,20,1,5,7,6,2,9,0,0,7,14,3,6,8,8,1,5,1,3,15,22,9,7,1,1,0,0,1,2,9,18,6,10,9,2,15,24,2,1,32,45,23.0,29.0,9.0,16.0,7.0,2.0,484,352,402.0,270.0,166,144,236,126,22.0,26.0,5.0,8.0,0.68,1.6,0.41,1.0,0.27,0.6,0.68,1.6,0.21,1.84,0,3,5,7,2,4,2,2,1,4,0.0,0.5352,0.3699,0.74,0.1071,0.1751,0.0307,0.0576,0.0099,0.0965,6,10,1,2,3,5,0,3,0,0,0.2681,0.6369,0.1446,0.3678,0.1049,0.3565,0.0,0.2432,0.0,0.0,10,20,18.58,15.83
4535593,2025-05-18,ita,2024/2025,Serie A,37,Luca Zufferli,8535,Fiorentina,9857,Bologna,1,3,2,40,60,6,15,5,3,1,7,0,5,0,0,4,8,2,7,2,4,4,2,2,1,10,21,21,17,4,1,0,1,4,1,9,10,8,6,4,0,20,10,1,3,39,44,28.0,35.0,11.0,9.0,5.0,4.0,328,480,248.0,411.0,172,226,76,185,31.0,26.0,0.0,3.0,1.8,2.46,1.8,2.22,0.0,0.24,1.8,2.46,2.45,1.32,0,4,4,3,0,1,1,2,1,5,0.0,1.8076,2.0519,0.3718,0.0,0.0221,0.0943,0.118,0.0064,0.1439,3,11,3,3,0,0,0,1,0,0,0.8656,1.833,1.287,0.387,0.0,0.0,0.0,0.2433,0.0,0.0,6,15,15.51,16.93
4535593,2025-05-18,ita,2024/2025,Serie A,37,Luca Zufferli,9857,Bologna,8535,Fiorentina,0,2,3,60,40,15,6,3,5,7,1,5,0,0,0,8,4,7,2,4,2,2,4,1,2,21,10,17,21,1,4,1,0,1,4,10,9,6,8,0,4,10,20,3,1,44,39,35.0,28.0,9.0,11.0,4.0,5.0,480,328,411.0,248.0,226,172,185,76,26.0,31.0,3.0,0.0,2.46,1.8,2.22,1.8,0.24,0.0,2.46,1.8,1.32,2.45,4,0,3,4,1,0,2,1,5,1,1.8076,0.0,0.3718,2.0519,0.0221,0.0,0.118,0.0943,0.1439,0.0064,11,3,3,3,0,0,1,0,0,0,1.833,0.8656,0.387,1.287,0.0,0.0,0.2433,0.0,0.0,0.0,15,6,16.93,15.51
4535595,2025-05-18,ita,2024/2025,Serie A,37,Rosario Abisso,9876,Hellas Verona,10171,Como,1,1,1,32,68,16,12,3,6,7,5,6,1,1,0,10,6,6,6,5,5,5,2,4,2,19,19,13,10,1,3,0,0,1,2,20,8,9,13,2,5,18,26,4,2,50,44,33.0,23.0,17.0,21.0,6.0,5.0,242,550,153.0,477.0,56,243,97,234,11.0,12.0,5.0,2.0,1.8,0.68,1.67,0.59,0.13,0.1,1.8,0.68,1.4,1.07,3,0,6,6,1,0,4,4,2,2,1.3159,0.0,0.4438,0.6511,0.0479,0.0,0.1318,0.0931,0.0233,0.0284,9,9,1,0,3,2,3,1,0,0,1.7831,0.6728,0.0485,0.0,0.0361,0.0678,0.095,0.032,0.0,0.0,16,12,15.38,19.5
4535595,2025-05-18,ita,2024/2025,Serie A,37,Rosario Abisso,10171,Como,9876,Hellas Verona,0,1,1,68,32,12,16,6,3,5,7,1,6,0,1,6,10,6,6,5,5,2,5,2,4,19,19,10,13,3,1,0,0,2,1,8,20,13,9,5,2,26,18,2,4,44,50,23.0,33.0,21.0,17.0,5.0,6.0,550,242,477.0,153.0,243,56,234,97,12.0,11.0,2.0,5.0,0.68,1.8,0.59,1.67,0.1,0.13,0.68,1.8,1.07,1.4,0,3,6,6,0,1,4,4,2,2,0.0,1.3159,0.6511,0.4438,0.0,0.0479,0.0931,0.1318,0.0284,0.0233,9,9,0,1,2,3,1,3,0,0,0.6728,1.7831,0.0,0.0485,0.0678,0.0361,0.032,0.095,0.0,0.0,12,16,19.5,15.38
4535596,2025-05-18,ita,2024/2025,Serie A,37,Daniele Chiffi,8636,Inter,8543,Lazio,1,2,2,56,44,10,12,3,4,3,3,4,5,0,0,8,9,2,3,5,1,4,4,2,2,33,17,14,10,1,3,0,0,1,0,15,10,3,9,5,3,8,26,2,1,42,34,28.0,27.0,14.0,7.0,4.0,4.0,530,425,454.0,361.0,233,202,221,159,15.0,34.0,7.0,3.0,1.13,2.09,0.31,1.28,0.82,0.02,1.13,1.31,0.94,2.03,1,0,4,5,3,4,1,0,1,3,0.1841,0.0,0.7214,1.8267,0.1717,0.1805,0.0311,0.0,0.0205,0.087,6,7,0,3,3,1,1,0,0,1,0.312,1.1394,0.0,0.1447,0.6327,0.0218,0.1841,0.0,0.0,0.7884,10,12,14.45,16.42
4535596,2025-05-18,ita,2024/2025,Serie A,37,Daniele Chiffi,8543,Lazio,8636,Inter,0,2,2,44,56,12,10,4,3,3,3,5,4,0,0,9,8,3,2,1,5,4,4,2,2,17,33,10,14,3,1,0,0,0,1,10,15,9,3,3,5,26,8,1,2,34,42,27.0,28.0,7.0,14.0,4.0,4.0,425,530,361.0,454.0,202,233,159,221,34.0,15.0,3.0,7.0,2.09,1.13,1.28,0.31,0.02,0.82,1.31,1.13,2.03,0.94,0,1,5,4,4,3,0,1,3,1,0.0,0.1841,1.8267,0.7214,0.1805,0.1717,0.0,0.0311,0.087,0.0205,7,6,3,0,1,3,0,1,1,0,1.1394,0.312,0.1447,0.0,0.0218,0.6327,0.0,0.1841,0.7884,0.0,12,10,16.42,14.45
4535597,2025-05-18,ita,2024/2025,Serie A,37,Giovanni Ayroldi,9885,Juventus,8600,Udinese,1,2,0,64,36,24,7,7,2,11,3,6,2,2,0,17,4,7,3,12,3,5,0,3,0,46,10,9,13,0,3,0,0,1,1,12,14,13,6,2,6,29,40,2,5,45,39,30.0,27.0,15.0,12.0,6.0,4.0,474,262,417.0,204.0,209,110,208,94,20.0,13.0,7.0,1.0,1.78,0.34,1.21,0.17,0.57,0.17,1.78,0.34,2.31,0.09,2,1,9,2,6,1,4,3,3,0,0.4609,0.0477,0.8586,0.1693,0.2256,0.0427,0.1714,0.0727,0.059,0.0,13,4,3,1,5,1,3,1,0,0,0.6962,0.1355,0.5096,0.0356,0.3979,0.0477,0.1718,0.1136,0.0,0.0,24,7,17.07,19.6
4535597,2025-05-18,ita,2024/2025,Serie A,37,Giovanni Ayroldi,8600,Udinese,9885,Juventus,0,0,2,36,64,7,24,2,7,3,11,2,6,0,2,4,17,3,7,3,12,0,5,0,3,10,46,13,9,3,0,0,0,1,1,14,12,6,13,6,2,40,29,5,2,39,45,27.0,30.0,12.0,15.0,4.0,6.0,262,474,204.0,417.0,110,209,94,208,13.0,20.0,1.0,7.0,0.34,1.78,0.17,1.21,0.17,0.57,0.34,1.78,0.09,2.31,1,2,2,9,1,6,3,4,0,3,0.0477,0.4609,0.1693,0.8586,0.0427,0.2256,0.0727,0.1714,0.0,0.059,4,13,1,3,1,5,1,3,0,0,0.1355,0.6962,0.0356,0.5096,0.0477,0.3979,0.1136,0.1718,0.0,0.0,7,24,19.6,17.07
4535598,2025-05-18,ita,2024/2025,Serie A,37,Antonio Rapuano,9888,Lecce,9804,Torino,1,1,0,42,58,10,10,4,4,4,4,2,2,0,0,6,6,4,4,3,4,1,0,1,0,21,15,13,8,1,1,0,0,2,1,9,10,9,7,2,2,24,24,4,4,36,48,22.0,27.0,14.0,21.0,7.0,5.0,325,453,240.0,353.0,109,175,131,178,23.0,34.0,3.0,8.0,0.83,0.48,0.73,0.3,0.1,0.18,0.83,0.48,1.71,0.6,0,0,4,5,2,1,1,3,3,1,0.0,0.0,0.5212,0.3903,0.1713,0.0192,0.0248,0.0383,0.1081,0.0358,7,4,1,2,1,2,1,2,0,0,0.6868,0.2738,0.0418,0.0286,0.0536,0.1262,0.0432,0.055,0.0,0.0,10,10,18.81,21.49
4535598,2025-05-18,ita,2024/2025,Serie A,37,Antonio Rapuano,9804,Torino,9888,Lecce,0,0,1,58,42,10,10,4,4,4,4,2,2,0,0,6,6,4,4,4,3,0,1,0,1,15,21,8,13,1,1,0,0,1,2,10,9,7,9,2,2,24,24,4,4,48,36,27.0,22.0,21.0,14.0,5.0,7.0,453,325,353.0,240.0,175,109,178,131,34.0,23.0,8.0,3.0,0.48,0.83,0.3,0.73,0.18,0.1,0.48,0.83,0.6,1.71,0,0,5,4,1,2,3,1,1,3,0.0,0.0,0.3903,0.5212,0.0192,0.1713,0.0383,0.0248,0.0358,0.1081,4,7,2,1,2,1,2,1,0,0,0.2738,0.6868,0.0286,0.0418,0.1262,0.0536,0.055,0.0432,0.0,0.0,10,10,21.49,18.81
4535599,2025-05-18,ita,2024/2025,Serie A,37,Livio Marinelli,6504,Monza,8534,Empoli,1,1,3,68,32,12,9,4,4,4,3,4,2,0,2,5,5,7,4,2,6,1,4,0,2,14,18,8,16,0,1,0,0,3,1,11,13,5,7,2,4,27,20,2,3,43,29,31.0,21.0,12.0,8.0,5.0,1.0,653,294,588.0,230.0,327,117,261,113,31.0,14.0,4.0,3.0,1.15,1.27,1.0,0.92,0.15,0.35,1.15,1.27,1.06,1.6,1,1,4,3,0,1,6,4,1,0,0.0788,0.5826,0.8396,0.4475,0.0,0.0353,0.21,0.2004,0.0187,0.0,8,7,1,0,1,2,2,0,0,0,0.3942,0.9207,0.6028,0.0,0.0788,0.345,0.0713,0.0,0.0,0.0,12,9,20.74,14.75
4535599,2025-05-18,ita,2024/2025,Serie A,37,Livio Marinelli,8534,Empoli,6504,Monza,0,3,1,32,68,9,12,4,4,3,4,2,4,2,0,5,5,4,7,6,2,4,1,2,0,18,14,16,8,1,0,0,0,1,3,13,11,7,5,4,2,20,27,3,2,29,43,21.0,31.0,8.0,12.0,1.0,5.0,294,653,230.0,588.0,117,327,113,261,14.0,31.0,3.0,4.0,1.27,1.15,0.92,1.0,0.35,0.15,1.27,1.15,1.6,1.06,1,1,3,4,1,0,4,6,0,1,0.5826,0.0788,0.4475,0.8396,0.0353,0.0,0.2004,0.21,0.0,0.0187,7,8,0,1,2,1,0,2,0,0,0.9207,0.3942,0.0,0.6028,0.345,0.0788,0.0,0.0713,0.0,0.0,9,12,14.75,20.74
4535600,2025-05-18,ita,2024/2025,Serie A,37,Daniele Doveri,10167,Parma,9875,Napoli,1,0,0,28,72,6,7,4,2,1,2,1,3,0,3,3,4,3,3,3,2,0,0,0,0,8,19,13,16,2,2,0,0,0,2,16,8,7,5,3,1,35,22,2,4,52,45,33.0,27.0,19.0,18.0,5.0,7.0,206,528,129.0,458.0,67,247,62,211,18.0,24.0,2.0,4.0,0.37,0.38,0.12,0.32,0.25,0.06,0.37,0.38,0.61,0.48,1,0,0,2,2,2,2,3,1,0,0.2307,0.0,0.0,0.1505,0.0956,0.113,0.0559,0.1167,0.0157,0.0,3,6,1,0,1,0,1,1,0,0,0.0935,0.3184,0.0398,0.0,0.2307,0.0,0.0339,0.0619,0.0,0.0,6,7,21.99,17.43
4535600,2025-05-18,ita,2024/2025,Serie A,37,Daniele Doveri,9875,Napoli,10167,Parma,0,0,0,72,28,7,6,2,4,2,1,3,1,3,0,4,3,3,3,2,3,0,0,0,0,19,8,16,13,2,2,0,0,2,0,8,16,5,7,1,3,22,35,4,2,45,52,27.0,33.0,18.0,19.0,7.0,5.0,528,206,458.0,129.0,247,67,211,62,24.0,18.0,4.0,2.0,0.38,0.37,0.32,0.12,0.06,0.25,0.38,0.37,0.48,0.61,0,1,2,0,2,2,3,2,0,1,0.0,0.2307,0.1505,0.0,0.113,0.0956,0.1167,0.0559,0.0,0.0157,6,3,0,1,0,1,1,1,0,0,0.3184,0.0935,0.0,0.0398,0.0,0.2307,0.0619,0.0339,0.0,0.0,7,6,17.43,21.99
4535601,2025-05-18,ita,2024/2025,Serie A,37,Marco Piccinini,8686,Roma,8564,Milan,1,3,1,54,46,15,12,6,3,6,4,3,5,0,0,9,10,6,2,4,2,2,5,1,4,32,26,12,16,3,2,0,1,0,0,13,14,9,3,5,3,11,22,2,3,42,35,36.0,28.0,6.0,7.0,9.0,4.0,552,476,507.0,438.0,177,287,330,151,33.0,32.0,4.0,2.0,1.07,1.55,0.81,1.45,0.26,0.1,1.07,1.55,2.69,1.09,1,0,4,9,4,1,2,2,4,0,0.1988,0.0,0.4803,1.207,0.1326,0.1932,0.1638,0.0305,0.0975,0.0,12,9,0,0,1,1,2,2,0,0,0.8129,1.331,0.0,0.0,0.1988,0.0366,0.0613,0.0631,0.0,0.0,15,12,19.14,14.56
4535601,2025-05-18,ita,2024/2025,Serie A,37,Marco Piccinini,8564,Milan,8686,Roma,0,1,3,46,54,12,15,3,6,4,6,5,3,0,0,10,9,2,6,2,4,5,2,4,1,26,32,16,12,2,3,1,0,0,0,14,13,3,9,3,5,22,11,3,2,35,42,28.0,36.0,7.0,6.0,4.0,9.0,476,552,438.0,507.0,287,177,151,330,32.0,33.0,2.0,4.0,1.55,1.07,1.45,0.81,0.1,0.26,1.55,1.07,1.09,2.69,0,1,9,4,1,4,2,2,0,4,0.0,0.1988,1.207,0.4803,0.1932,0.1326,0.0305,0.1638,0.0,0.0975,9,12,0,0,1,1,2,2,0,0,1.331,0.8129,0.0,0.0,0.0366,0.1988,0.0631,0.0613,0.0,0.0,12,15,14.56,19.14
4535604,2025-05-23,ita,2024/2025,Serie A,38,Davide Massa,10171,Como,8636,Inter,1,0,2,40,60,18,11,4,7,8,3,6,1,0,0,11,7,7,4,1,4,2,4,2,2,21,23,10,9,1,2,1,0,0,3,14,11,3,4,2,6,11,16,4,4,31,37,27.0,26.0,4.0,11.0,4.0,7.0,435,677,383.0,614.0,182,415,201,199,16.0,32.0,1.0,4.0,1.25,1.39,0.67,1.1,0.57,0.29,1.25,1.39,0.76,1.96,2,3,6,4,3,0,4,3,3,1,0.3441,0.495,0.4724,0.7037,0.2161,0.0,0.1245,0.1478,0.1202,0.0438,13,6,0,1,0,2,5,2,0,0,0.6745,0.8795,0.0,0.2253,0.0,0.1428,0.6029,0.1428,0.0,0.0,18,11,17.54,14.81
4535604,2025-05-23,ita,2024/2025,Serie A,38,Davide Massa,8636,Inter,10171,Como,0,2,0,60,40,11,18,7,4,3,8,1,6,0,0,7,11,4,7,4,1,4,2,2,2,23,21,9,10,2,1,0,1,3,0,11,14,4,3,6,2,16,11,4,4,37,31,26.0,27.0,11.0,4.0,7.0,4.0,677,435,614.0,383.0,415,182,199,201,32.0,16.0,4.0,1.0,1.39,1.25,1.1,0.67,0.29,0.57,1.39,1.25,1.96,0.76,3,2,4,6,0,3,3,4,1,3,0.495,0.3441,0.7037,0.4724,0.0,0.2161,0.1478,0.1245,0.0438,0.1202,6,13,1,0,2,0,2,5,0,0,0.8795,0.6745,0.2253,0.0,0.1428,0.0,0.1428,0.6029,0.0,0.0,11,18,14.81,17.54
4535608,2025-05-23,ita,2024/2025,Serie A,38,Federico La Penna,9875,Napoli,8529,Cagliari,1,2,0,66,34,18,4,6,1,4,0,8,3,0,0,16,2,2,2,8,3,3,0,2,0,33,6,14,14,2,1,0,0,1,1,10,12,2,5,3,8,16,27,1,4,40,32,29.0,23.0,11.0,9.0,7.0,1.0,584,296,532.0,241.0,336,140,196,101,21.0,12.0,5.0,2.0,2.5,0.11,2.41,0.05,0.09,0.06,2.5,0.11,2.29,0.17,0,0,11,1,5,1,2,2,0,0,0.0,0.0,2.2305,0.0277,0.214,0.0314,0.0719,0.0524,0.0,0.0,13,2,2,0,2,0,1,2,0,0,2.1395,0.0524,0.2886,0.0,0.0424,0.0,0.0458,0.0591,0.0,0.0,18,4,13.56,18.64
4535608,2025-05-23,ita,2024/2025,Serie A,38,Federico La Penna,8529,Cagliari,9875,Napoli,0,0,2,34,66,4,18,1,6,0,4,3,8,0,0,2,16,2,2,3,8,0,3,0,2,6,33,14,14,1,2,0,0,1,1,12,10,5,2,8,3,27,16,4,1,32,40,23.0,29.0,9.0,11.0,1.0,7.0,296,584,241.0,532.0,140,336,101,196,12.0,21.0,2.0,5.0,0.11,2.5,0.05,2.41,0.06,0.09,0.11,2.5,0.17,2.29,0,0,1,11,1,5,2,2,0,0,0.0,0.0,0.0277,2.2305,0.0314,0.214,0.0524,0.0719,0.0,0.0,2,13,0,2,0,2,2,1,0,0,0.0524,2.1395,0.0,0.2886,0.0,0.0424,0.0591,0.0458,0.0,0.0,4,18,18.64,13.56
4535603,2025-05-24,ita,2024/2025,Serie A,38,Marco Monaldi,9857,Bologna,10233,Genoa,1,1,3,60,40,16,5,5,3,5,2,6,0,1,0,9,3,7,2,13,1,0,2,0,1,32,11,13,23,5,2,0,0,4,1,16,14,9,12,0,6,14,43,0,4,67,43,46.0,32.0,21.0,11.0,8.0,5.0,408,283,331.0,200.0,156,149,175,51,26.0,19.0,7.0,2.0,0.75,1.17,0.4,0.66,0.35,0.51,0.75,1.17,1.25,2.35,0,1,5,2,4,0,2,2,5,0,0.0,0.3519,0.4398,0.4175,0.1455,0.0,0.0691,0.1102,0.097,0.0,9,2,0,0,6,1,1,2,0,0,0.4026,0.3947,0.0,0.0,0.3225,0.0735,0.0263,0.4113,0.0,0.0,16,5,18.11,15.38
4535603,2025-05-24,ita,2024/2025,Serie A,38,Marco Monaldi,10233,Genoa,9857,Bologna,0,3,1,40,60,5,16,3,5,2,5,0,6,0,1,3,9,2,7,1,13,2,0,1,0,11,32,23,13,2,5,0,0,1,4,14,16,12,9,6,0,43,14,4,0,43,67,32.0,46.0,11.0,21.0,5.0,8.0,283,408,200.0,331.0,149,156,51,175,19.0,26.0,2.0,7.0,1.17,0.75,0.66,0.4,0.51,0.35,1.17,0.75,2.35,1.25,1,0,2,5,0,4,2,2,0,5,0.3519,0.0,0.4175,0.4398,0.0,0.1455,0.1102,0.0691,0.0,0.097,2,9,0,0,1,6,2,1,0,0,0.3947,0.4026,0.0,0.0,0.0735,0.3225,0.4113,0.0263,0.0,0.0,5,16,15.38,18.11
4535607,2025-05-24,ita,2024/2025,Serie A,38,Daniele Rutella,8564,Milan,6504,Monza,1,2,0,55,45,21,6,6,2,13,2,2,2,2,0,10,3,11,3,4,6,3,1,2,1,29,15,8,9,0,1,0,0,0,6,14,10,7,7,0,1,15,17,2,4,35,22,28.0,17.0,7.0,5.0,6.0,1.0,569,456,531.0,408.0,219,277,312,131,20.0,8.0,5.0,2.0,1.49,0.34,1.08,0.04,0.41,0.31,1.49,0.34,1.21,0.34,1,0,7,2,2,1,8,2,3,1,0.2071,0.0,0.7412,0.2666,0.0992,0.0214,0.3526,0.0395,0.0904,0.0167,13,2,2,0,3,4,3,0,0,0,0.9459,0.0382,0.1329,0.0,0.2344,0.3061,0.1775,0.0,0.0,0.0,21,6,18.57,17.82
4535607,2025-05-24,ita,2024/2025,Serie A,38,Daniele Rutella,6504,Monza,8564,Milan,0,0,2,45,55,6,21,2,6,2,13,2,2,0,2,3,10,3,11,6,4,1,3,1,2,15,29,9,8,1,0,0,0,6,0,10,14,7,7,1,0,17,15,4,2,22,35,17.0,28.0,5.0,7.0,1.0,6.0,456,569,408.0,531.0,277,219,131,312,8.0,20.0,2.0,5.0,0.34,1.49,0.04,1.08,0.31,0.41,0.34,1.49,0.34,1.21,0,1,2,7,1,2,2,8,1,3,0.0,0.2071,0.2666,0.7412,0.0214,0.0992,0.0395,0.3526,0.0167,0.0904,2,13,0,2,4,3,0,3,0,0,0.0382,0.9459,0.0,0.1329,0.3061,0.2344,0.0,0.1775,0.0,0.0,6,21,17.82,18.57
4535602,2025-05-25,ita,2024/2025,Serie A,38,Livio Marinelli,8524,Atalanta,10167,Parma,1,2,3,53,47,11,18,5,10,3,3,3,5,0,0,10,13,1,5,5,6,4,4,3,3,27,34,7,7,1,1,0,0,2,1,14,13,5,6,5,4,28,22,7,2,40,45,29.0,26.0,11.0,19.0,9.0,6.0,473,420,404.0,355.0,196,177,208,178,15.0,38.0,3.0,3.0,1.13,2.7,1.13,2.27,0.0,0.43,1.13,2.7,1.92,2.99,0,2,6,10,4,1,1,4,0,1,0.0,0.2974,1.0554,2.1568,0.1876,0.0319,0.029,0.1989,0.0,0.0148,11,10,0,3,0,2,0,3,0,0,1.272,1.6037,0.0,0.6818,0.0,0.1007,0.0,0.3136,0.0,0.0,11,18,15.18,14.72
4535602,2025-05-25,ita,2024/2025,Serie A,38,Livio Marinelli,10167,Parma,8524,Atalanta,0,3,2,47,53,18,11,10,5,3,3,5,3,0,0,13,10,5,1,6,5,4,4,3,3,34,27,7,7,1,1,0,0,1,2,13,14,6,5,4,5,22,28,2,7,45,40,26.0,29.0,19.0,11.0,6.0,9.0,420,473,355.0,404.0,177,196,178,208,38.0,15.0,3.0,3.0,2.7,1.13,2.27,1.13,0.43,0.0,2.7,1.13,2.99,1.92,2,0,10,6,1,4,4,1,1,0,0.2974,0.0,2.1568,1.0554,0.0319,0.1876,0.1989,0.029,0.0148,0.0,10,11,3,0,2,0,3,0,0,0,1.6037,1.272,0.6818,0.0,0.1007,0.0,0.3136,0.0,0.0,0.0,18,11,14.72,15.18
4535605,2025-05-25,ita,2024/2025,Serie A,38,Daniele Doveri,8534,Empoli,9876,Hellas Verona,1,1,2,70,30,15,5,5,2,6,1,4,2,0,0,4,3,11,2,13,1,1,1,0,0,18,10,10,29,2,2,0,1,1,1,8,20,3,5,2,4,25,58,0,4,59,60,40.0,34.0,19.0,26.0,8.0,5.0,433,202,340.0,115.0,181,47,159,68,34.0,16.0,6.0,1.0,0.9,0.82,0.25,0.77,0.65,0.05,0.9,0.82,1.22,1.39,2,1,2,1,0,1,5,2,6,0,0.451,0.5642,0.0887,0.0954,0.0,0.0305,0.195,0.0856,0.1889,0.0,7,5,0,0,2,0,6,0,0,0,0.2699,0.7758,0.0,0.0,0.0533,0.0,0.6003,0.0,0.0,0.0,15,5,21.75,17.32
4535605,2025-05-25,ita,2024/2025,Serie A,38,Daniele Doveri,9876,Hellas Verona,8534,Empoli,0,2,1,30,70,5,15,2,5,1,6,2,4,0,0,3,4,2,11,1,13,1,1,0,0,10,18,29,10,2,2,1,0,1,1,20,8,5,3,4,2,58,25,4,0,60,59,34.0,40.0,26.0,19.0,5.0,8.0,202,433,115.0,340.0,47,181,68,159,16.0,34.0,1.0,6.0,0.82,0.9,0.77,0.25,0.05,0.65,0.82,0.9,1.39,1.22,1,2,1,2,1,0,2,5,0,6,0.5642,0.451,0.0954,0.0887,0.0305,0.0,0.0856,0.195,0.0,0.1889,5,7,0,0,0,2,0,6,0,0,0.7758,0.2699,0.0,0.0,0.0,0.0533,0.0,0.6003,0.0,0.0,5,15,17.32,21.75
4535606,2025-05-25,ita,2024/2025,Serie A,38,Michael Fabbri,8543,Lazio,9888,Lecce,1,0,1,72,28,26,9,7,3,12,5,7,1,2,0,18,6,8,3,14,4,2,1,2,0,47,13,11,11,3,1,1,2,1,0,8,5,6,5,1,5,18,62,2,8,47,46,25.0,22.0,22.0,24.0,7.0,6.0,494,204,435.0,132.0,133,81,302,51,18.0,24.0,16.0,6.0,1.93,0.42,1.08,0.19,0.84,0.23,1.93,0.42,1.72,0.49,2,1,13,5,3,0,7,3,1,0,0.3973,0.0392,1.0266,0.2287,0.1122,0.0,0.3707,0.1215,0.0188,0.0,15,2,0,1,10,3,1,3,0,0,1.0826,0.1424,0.0,0.0378,0.8025,0.098,0.0405,0.1112,0.0,0.0,26,9,15.39,14.63
4535606,2025-05-25,ita,2024/2025,Serie A,38,Michael Fabbri,9888,Lecce,8543,Lazio,0,1,0,28,72,9,26,3,7,5,12,1,7,0,2,6,18,3,8,4,14,1,2,0,2,13,47,11,11,1,3,2,1,0,1,5,8,5,6,5,1,62,18,8,2,46,47,22.0,25.0,24.0,22.0,6.0,7.0,204,494,132.0,435.0,81,133,51,302,24.0,18.0,6.0,16.0,0.42,1.93,0.19,1.08,0.23,0.84,0.42,1.93,0.49,1.72,1,2,5,13,0,3,3,7,0,1,0.0392,0.3973,0.2287,1.0266,0.0,0.1122,0.1215,0.3707,0.0,0.0188,2,15,1,0,3,10,3,1,0,0,0.1424,1.0826,0.0378,0.0,0.098,0.8025,0.1112,0.0405,0.0,0.0,9,26,14.63,15.39
4535609,2025-05-25,ita,2024/2025,Serie A,38,Marco Di Bello,9804,Torino,8686,Roma,1,0,2,46,54,11,15,4,5,3,8,4,2,0,2,5,11,6,4,2,1,0,5,0,3,17,25,15,11,1,1,0,0,3,1,14,9,2,2,2,4,12,18,3,4,37,36,27.0,30.0,10.0,6.0,3.0,6.0,418,501,372.0,450.0,167,234,205,216,14.0,43.0,5.0,4.0,0.47,1.95,0.42,1.12,0.05,0.04,0.47,1.16,0.29,2.0,0,0,4,5,1,6,4,3,2,1,0.0,0.0,0.2272,1.3666,0.0309,0.378,0.1262,0.1849,0.0808,0.0161,10,13,0,0,0,1,1,0,0,1,0.4167,1.1173,0.0,0.0,0.0,0.0398,0.0484,0.0,0.0,0.7884,11,15,20.91,16.13
4535609,2025-05-25,ita,2024/2025,Serie A,38,Marco Di Bello,8686,Roma,9804,Torino,0,2,0,54,46,15,11,5,4,8,3,2,4,2,0,11,5,4,6,1,2,5,0,3,0,25,17,11,15,1,1,0,0,1,3,9,14,2,2,4,2,18,12,4,3,36,37,30.0,27.0,6.0,10.0,6.0,3.0,501,418,450.0,372.0,234,167,216,205,43.0,14.0,4.0,5.0,1.95,0.47,1.12,0.42,0.04,0.05,1.16,0.47,2.0,0.29,0,0,5,4,6,1,3,4,1,2,0.0,0.0,1.3666,0.2272,0.378,0.0309,0.1849,0.1262,0.0161,0.0808,13,10,0,0,1,0,0,1,1,0,1.1173,0.4167,0.0,0.0,0.0398,0.0,0.0,0.0484,0.7884,0.0,15,11,16.13,20.91
4535610,2025-05-25,ita,2024/2025,Serie A,38,Matteo Marcenaro,8600,Udinese,8535,Fiorentina,1,2,3,35,65,12,25,3,11,2,3,7,11,0,0,8,20,4,5,2,8,2,5,1,5,17,35,15,6,1,2,1,0,0,3,11,15,6,7,11,7,36,16,8,1,38,54,22.0,37.0,16.0,17.0,5.0,8.0,302,551,234.0,489.0,136,205,98,284,23.0,27.0,6.0,6.0,1.46,2.72,0.52,2.43,0.94,0.28,1.46,2.72,1.47,2.56,1,1,7,13,0,6,3,3,1,2,0.6821,0.1226,0.6158,2.0532,0.0,0.3383,0.1445,0.1551,0.0141,0.0639,7,15,1,5,3,5,1,0,0,0,0.3831,1.9244,0.134,0.5253,0.8092,0.2834,0.1303,0.0,0.0,0.0,12,25,14.23,14.49
4535610,2025-05-25,ita,2024/2025,Serie A,38,Matteo Marcenaro,8535,Fiorentina,8600,Udinese,0,3,2,65,35,25,12,11,3,3,2,11,7,0,0,20,8,5,4,8,2,5,2,5,1,35,17,6,15,2,1,0,1,3,0,15,11,7,6,7,11,16,36,1,8,54,38,37.0,22.0,17.0,16.0,8.0,5.0,551,302,489.0,234.0,205,136,284,98,27.0,23.0,6.0,6.0,2.72,1.46,2.43,0.52,0.28,0.94,2.72,1.46,2.56,1.47,1,1,13,7,6,0,3,3,2,1,0.1226,0.6821,2.0532,0.6158,0.3383,0.0,0.1551,0.1445,0.0639,0.0141,15,7,5,1,5,3,0,1,0,0,1.9244,0.3831,0.5253,0.134,0.2834,0.8092,0.0,0.1303,0.0,0.0,25,12,14.49,14.23
4535611,2025-05-25,ita,2024/2025,Serie A,38,Andrea Colombo,7881,Venezia,9885,Juventus,1,2,3,43,57,12,15,5,5,3,5,4,5,1,0,6,10,6,5,6,6,1,1,0,0,23,34,10,18,1,2,0,0,0,3,22,22,8,9,5,3,18,30,2,3,58,52,44.0,38.0,14.0,14.0,8.0,6.0,319,427,242.0,367.0,104,178,138,189,22.0,28.0,2.0,3.0,0.88,1.96,0.64,0.87,0.24,0.3,0.88,1.17,1.43,1.35,0,2,3,6,3,3,3,1,3,3,0.0,0.2343,0.4239,1.4538,0.169,0.1114,0.2023,0.043,0.0867,0.1152,6,10,2,2,2,2,2,0,0,1,0.5197,0.8381,0.124,0.0687,0.0421,0.2625,0.1961,0.0,0.0,0.7884,12,15,18.41,15.65
4535611,2025-05-25,ita,2024/2025,Serie A,38,Andrea Colombo,9885,Juventus,7881,Venezia,0,3,2,57,43,15,12,5,5,5,3,5,4,0,1,10,6,5,6,6,6,1,1,0,0,34,23,18,10,2,1,0,0,3,0,22,22,9,8,3,5,30,18,3,2,52,58,38.0,44.0,14.0,14.0,6.0,8.0,427,319,367.0,242.0,178,104,189,138,28.0,22.0,3.0,2.0,1.96,0.88,0.87,0.64,0.3,0.24,1.17,0.88,1.35,1.43,2,0,6,3,3,3,1,3,3,3,0.2343,0.0,1.4538,0.4239,0.1114,0.169,0.043,0.2023,0.1152,0.0867,10,6,2,2,2,2,0,2,1,0,0.8381,0.5197,0.0687,0.124,0.2625,0.0421,0.0,0.1961,0.7884,0.0,15,12,15.65,18.41
