match_id,date,league,season,competition,round,referee,team_id,team,opp_id,opp,is_home,gf,ga,poss,poss_ag,shots,shots_ag,sot,sot_ag,shots_off,shots_off_ag,shots_blocked,shots_blocked_ag,woodwork,woodwork_ag,shots_box,shots_box_ag,shots_obox,shots_obox_ag,corners,corners_ag,bigchance,bigchance_ag,bigchance_missed,bigchance_missed_ag,touches_box,touches_box_ag,fouls,fouls_ag,yellow,yellow_ag,red,red_ag,offsides,offsides_ag,tackles,tackles_ag,interceptions,interceptions_ag,blocks,blocks_ag,clearances,clearances_ag,saves,saves_ag,duels_won,duels_won_ag,ground_duels_won,ground_duels_won_ag,aerials_won,aerials_won_ag,dribbles,dribbles_ag,passes,passes_ag,passes_acc,passes_acc_ag,passes_own_half,passes_own_half_ag,passes_opp_half,passes_opp_half_ag,long_balls_acc,long_balls_acc_ag,crosses_acc,crosses_acc_ag,xg,xg_ag,xg_op,xg_op_ag,xg_sp,xg_sp_ag,xg_np,xg_np_ag,xgot,xgot_ag,z_sixyard,z_sixyard_ag,z_box_c,z_box_c_ag,z_box_w,z_box_w_ag,z_out_c,z_out_c_ag,z_out_w,z_out_w_ag,z_sixyard_xg,z_sixyard_xg_ag,z_box_c_xg,z_box_c_xg_ag,z_box_w_xg,z_box_w_xg_ag,z_out_c_xg,z_out_c_xg_ag,z_out_w_xg,z_out_w_xg_ag,s_open,s_open_ag,s_fastbreak,s_fastbreak_ag,s_corner,s_corner_ag,s_freekick,s_freekick_ag,s_penalty,s_penalty_ag,s_open_xg,s_open_xg_ag,s_fastbreak_xg,s_fastbreak_xg_ag,s_corner_xg,s_corner_xg_ag,s_freekick_xg,s_freekick_xg_ag,s_penalty_xg,s_penalty_xg_ag,shotmap_n,shotmap_n_ag,shot_dist_avg,shot_dist_avg_ag
3787286,2022-02-26,usa,2022,MLS,,Drew Fischer,6603,San Jose Earthquakes,6514,New York Red Bulls,1,1,3,69,31,12,18,2,7,3,7,7,4,0,0,9,16,3,2,4,6,1,6,1,4,22,32,6,22,0,3,0,0,0,0,11,25,11,19,4,7,10,25,4,1,65,47,47.0,36.0,18.0,11.0,14.0,5.0,562,258,453.0,147.0,221,87,232,60,50.0,18.0,6.0,3.0,1.15,3.03,0.75,2.69,0.4,0.35,1.15,3.03,0.15,2.56,2,2,5,11,2,3,2,1,1,1,0.5747,0.5496,0.3801,1.5932,0.0902,0.4557,0.0642,0.3806,0.0449,0.0542,8,13,0,1,1,2,3,2,0,0,0.7504,2.3498,0.0,0.1703,0.0187,0.2049,0.3849,0.3083,0.0,0.0,12,18,16.43,13.77
3787286,2022-02-26,usa,2022,MLS,,Drew Fischer,6514,New York Red Bulls,6603,San Jose Earthquakes,0,3,1,31,69,18,12,7,2,7,3,4,7,0,0,16,9,2,3,6,4,6,1,4,1,32,22,22,6,3,0,0,0,0,0,25,11,19,11,7,4,25,10,1,4,47,65,36.0,47.0,11.0,18.0,5.0,14.0,258,562,147.0,453.0,87,221,60,232,18.0,50.0,3.0,6.0,3.03,1.15,2.69,0.75,0.35,0.4,3.03,1.15,2.56,0.15,2,2,11,5,3,2,1,2,1,1,0.5496,0.5747,1.5932,0.3801,0.4557,0.0902,0.3806,0.0642,0.0542,0.0449,13,8,1,0,2,1,2,3,0,0,2.3498,0.7504,0.1703,0.0,0.2049,0.0187,0.3083,0.3849,0.0,0.0,18,12,13.77,16.43
3787287,2022-02-26,usa,2022,MLS,,Lukasz Szpala,960720,Inter Miami CF,6397,Chicago Fire FC,1,0,0,41,59,17,16,3,3,9,9,5,4,1,1,12,9,5,7,5,4,2,2,2,2,25,26,20,8,3,1,0,0,2,3,18,10,14,12,4,5,17,18,3,4,41,50,27.0,33.0,14.0,17.0,1.0,5.0,330,484,246.0,399.0,118,206,128,193,22.0,24.0,6.0,5.0,1.65,1.11,1.15,0.8,0.5,0.31,1.65,1.11,1.14,1.08,1,0,8,7,3,2,3,2,2,5,0.2489,0.0,0.9704,0.7467,0.1815,0.0613,0.1986,0.1258,0.0521,0.1756,12,10,1,0,4,4,0,2,0,0,1.1019,0.7958,0.0505,0.0,0.4992,0.2521,0.0,0.0615,0.0,0.0,17,16,17.08,19.28
3787287,2022-02-26,usa,2022,MLS,,Lukasz Szpala,6397,Chicago Fire FC,960720,Inter Miami CF,0,0,0,59,41,16,17,3,3,9,9,4,5,1,1,9,12,7,5,4,5,2,2,2,2,26,25,8,20,1,3,0,0,3,2,10,18,12,14,5,4,18,17,4,3,50,41,33.0,27.0,17.0,14.0,5.0,1.0,484,330,399.0,246.0,206,118,193,128,24.0,22.0,5.0,6.0,1.11,1.65,0.8,1.15,0.31,0.5,1.11,1.65,1.08,1.14,0,1,7,8,2,3,2,3,5,2,0.0,0.2489,0.7467,0.9704,0.0613,0.1815,0.1258,0.1986,0.1756,0.0521,10,12,0,1,4,4,2,0,0,0,0.7958,1.1019,0.0,0.0505,0.2521,0.4992,0.0615,0.0,0.0,0.0,16,17,19.28,17.08
3787288,2022-02-26,usa,2022,MLS,,Víctor Rivas,6602,DC United,1323940,Charlotte FC,1,3,0,47,53,11,11,4,5,4,4,3,2,0,1,8,9,3,2,3,6,1,2,0,2,23,20,13,15,4,1,0,0,2,2,11,10,8,13,2,2,24,15,5,1,50,41,32.0,26.0,18.0,15.0,10.0,3.0,383,427,273.0,314.0,139,199,134,115,21.0,28.0,3.0,7.0,1.65,1.16,0.58,0.89,0.28,0.27,0.86,1.16,1.25,0.54,1,2,4,6,3,1,2,1,1,1,0.2752,0.1727,1.171,0.6812,0.1103,0.203,0.0713,0.0695,0.019,0.0367,9,8,0,0,1,2,0,1,1,0,0.5832,0.8893,0.0,0.0,0.2752,0.192,0.0,0.0818,0.7884,0.0,11,11,17.77,12.53
3787288,2022-02-26,usa,2022,MLS,,Víctor Rivas,1323940,Charlotte FC,6602,DC United,0,0,3,53,47,11,11,5,4,4,4,2,3,1,0,9,8,2,3,6,3,2,1,2,0,20,23,15,13,1,4,0,0,2,2,10,11,13,8,2,2,15,24,1,5,41,50,26.0,32.0,15.0,18.0,3.0,10.0,427,383,314.0,273.0,199,139,115,134,28.0,21.0,7.0,3.0,1.16,1.65,0.89,0.58,0.27,0.28,1.16,0.86,0.54,1.25,2,1,6,4,1,3,1,2,1,1,0.1727,0.2752,0.6812,1.171,0.203,0.1103,0.0695,0.0713,0.0367,0.019,8,9,0,0,2,1,1,0,0,1,0.8893,0.5832,0.0,0.0,0.192,0.2752,0.0818,0.0,0.0,0.7884,11,11,12.53,17.77
3787289,2022-02-26,usa,2022,MLS,,Ismail Elfath,1218886,Austin FC,722265,FC Cincinnati,1,5,0,57,43,19,13,5,2,7,9,7,2,0,1,13,9,6,4,3,5,6,1,2,1,32,19,16,6,2,2,0,0,0,1,18,12,8,20,2,7,14,14,2,1,40,41,33.0,34.0,7.0,7.0,10.0,7.0,489,366,407.0,293.0,292,135,115,158,39.0,29.0,9.0,5.0,2.38,1.71,1.74,1.49,0.65,0.22,2.38,1.71,1.75,0.2,1,0,9,8,3,1,2,4,4,0,0.2311,0.0,1.6324,1.4014,0.2672,0.0498,0.0864,0.2575,0.1666,0.0,14,9,0,1,4,0,1,3,0,0,1.7364,1.3189,0.0,0.1736,0.4161,0.0,0.2311,0.2162,0.0,0.0,19,13,16.96,15.83
3787289,2022-02-26,usa,2022,MLS,,Ismail Elfath,722265,FC Cincinnati,1218886,Austin FC,0,0,5,43,57,13,19,2,5,9,7,2,7,1,0,9,13,4,6,5,3,1,6,1,2,19,32,6,16,2,2,0,0,1,0,12,18,20,8,7,2,14,14,1,2,41,40,34.0,33.0,7.0,7.0,7.0,10.0,366,489,293.0,407.0,135,292,158,115,29.0,39.0,5.0,9.0,1.71,2.38,1.49,1.74,0.22,0.65,1.71,2.38,0.2,1.75,0,1,8,9,1,3,4,2,0,4,0.0,0.2311,1.4014,1.6324,0.0498,0.2672,0.2575,0.0864,0.0,0.1666,9,14,1,0,0,4,3,1,0,0,1.3189,1.7364,0.1736,0.0,0.0,0.4161,0.2162,0.2311,0.0,0.0,13,19,15.83,16.96
3787290,2022-02-26,usa,2022,MLS,,Armando Villarreal,867280,Los Angeles FC,8314,Colorado Rapids,1,3,0,50,50,15,7,7,1,3,3,5,3,0,0,10,3,5,4,6,5,4,0,2,0,22,17,14,14,4,1,0,0,0,2,18,17,11,6,3,5,16,18,1,4,55,47,40.0,34.0,15.0,13.0,10.0,6.0,482,473,395.0,400.0,229,237,166,163,35.0,25.0,2.0,1.0,2.37,0.44,1.4,0.44,0.18,0.0,1.59,0.44,3.72,0.75,1,0,4,1,5,2,2,3,3,1,0.1057,0.0,1.6573,0.1193,0.3535,0.0904,0.138,0.1912,0.1192,0.039,8,7,3,0,2,0,1,0,1,0,0.5286,0.4399,0.8759,0.0,0.1163,0.0,0.0644,0.0,0.7884,0.0,15,7,18.46,19.62
3787290,2022-02-26,usa,2022,MLS,,Armando Villarreal,8314,Colorado Rapids,867280,Los Angeles FC,0,0,3,50,50,7,15,1,7,3,3,3,5,0,0,3,10,4,5,5,6,0,4,0,2,17,22,14,14,1,4,0,0,2,0,17,18,6,11,5,3,18,16,4,1,47,55,34.0,40.0,13.0,15.0,6.0,10.0,473,482,400.0,395.0,237,229,163,166,25.0,35.0,1.0,2.0,0.44,2.37,0.44,1.4,0.0,0.18,0.44,1.59,0.75,3.72,0,1,1,4,2,5,3,2,1,3,0.0,0.1057,0.1193,1.6573,0.0904,0.3535,0.1912,0.138,0.039,0.1192,7,8,0,3,0,2,0,1,0,1,0.4399,0.5286,0.0,0.8759,0.0,0.1163,0.0,0.0644,0.0,0.7884,7,15,19.62,18.46
3787303,2022-02-26,usa,2022,MLS,,,191716,Philadelphia Union,207242,Minnesota United,1,1,1,52,48,19,14,5,6,7,7,7,1,0,1,10,4,9,10,11,2,1,1,0,1,32,14,12,16,2,3,0,0,3,1,23,18,12,7,1,6,7,31,5,4,63,60,45.0,47.0,18.0,13.0,6.0,17.0,402,378,297.0,278.0,128,125,169,153,25.0,31.0,10.0,2.0,1.11,1.09,0.23,0.97,0.88,0.12,1.11,1.09,0.55,1.72,2,0,8,3,0,1,2,8,7,2,0.3107,0.0,0.4268,0.4737,0.0,0.0453,0.1587,0.4782,0.2165,0.0919,7,11,0,0,8,1,4,2,0,0,0.2341,0.9723,0.0,0.0,0.6933,0.0453,0.1853,0.0715,0.0,0.0,19,14,18.1,22.39
3787303,2022-02-26,usa,2022,MLS,,,207242,Minnesota United,191716,Philadelphia Union,0,1,1,48,52,14,19,6,5,7,7,1,7,1,0,4,10,10,9,2,11,1,1,1,0,14,32,16,12,3,2,0,0,1,3,18,23,7,12,6,1,31,7,4,5,60,63,47.0,45.0,13.0,18.0,17.0,6.0,378,402,278.0,297.0,125,128,153,169,31.0,25.0,2.0,10.0,1.09,1.11,0.97,0.23,0.12,0.88,1.09,1.11,1.72,0.55,0,2,3,8,1,0,8,2,2,7,0.0,0.3107,0.4737,0.4268,0.0453,0.0,0.4782,0.1587,0.0919,0.2165,11,7,0,0,1,8,2,4,0,0,0.9723,0.2341,0.0,0.0,0.0453,0.6933,0.0715,0.1853,0.0,0.0,14,19,22.39,18.1
3787425,2022-02-26,usa,2022,MLS,,,6399,FC Dallas,56453,Toronto FC,1,1,1,44,56,13,8,3,1,8,5,2,2,0,0,11,5,2,3,2,2,5,2,4,1,31,24,10,8,1,1,0,0,4,0,25,27,9,12,2,2,12,10,0,3,45,58,37.0,46.0,8.0,12.0,6.0,9.0,465,598,354.0,485.0,195,244,159,241,22.0,23.0,2.0,3.0,1.87,1.5,1.71,1.5,0.16,0.0,1.87,1.5,0.93,0.85,3,3,5,1,3,1,2,1,0,2,1.1636,1.309,0.2651,0.072,0.3526,0.0,0.0877,0.055,0.0,0.0626,11,8,0,0,1,0,1,0,0,0,1.7086,1.4986,0.0,0.0,0.1592,0.0,0.0013,0.0,0.0,0.0,13,8,13.62,14.51
3787425,2022-02-26,usa,2022,MLS,,,56453,Toronto FC,6399,FC Dallas,0,1,1,56,44,8,13,1,3,5,8,2,2,0,0,5,11,3,2,2,2,2,5,1,4,24,31,8,10,1,1,0,0,0,4,27,25,12,9,2,2,10,12,3,0,58,45,46.0,37.0,12.0,8.0,9.0,6.0,598,465,485.0,354.0,244,195,241,159,23.0,22.0,3.0,2.0,1.5,1.87,1.5,1.71,0.0,0.16,1.5,1.87,0.85,0.93,3,3,1,5,1,3,1,2,2,0,1.309,1.1636,0.072,0.2651,0.0,0.3526,0.055,0.0877,0.0626,0.0,8,11,0,0,0,1,0,1,0,0,1.4986,1.7086,0.0,0.0,0.0,0.1592,0.0,0.0013,0.0,0.0,8,13,14.51,13.62
3787426,2022-02-26,usa,2022,MLS,,Nima Saghafi,6001,Columbus Crew,307691,Vancouver Whitecaps,1,4,0,56,44,22,7,7,0,7,4,8,3,1,0,13,4,9,3,5,5,5,0,2,0,47,15,16,11,3,1,0,1,3,1,8,20,10,4,3,8,16,24,0,3,49,67,37.0,48.0,12.0,19.0,18.0,12.0,542,411,469.0,321.0,239,193,230,128,17.0,21.0,6.0,5.0,3.4,0.53,2.81,0.2,0.59,0.33,3.4,0.53,2.34,0.0,3,1,7,2,3,1,7,3,2,0,1.1959,0.1932,1.3192,0.1386,0.4006,0.07,0.4135,0.13,0.069,0.0,15,4,3,0,3,2,1,1,0,0,2.0694,0.2,0.7407,0.0,0.5692,0.2138,0.0189,0.1179,0.0,0.0,22,7,16.09,16.93
3787426,2022-02-26,usa,2022,MLS,,Nima Saghafi,307691,Vancouver Whitecaps,6001,Columbus Crew,0,0,4,44,56,7,22,0,7,4,7,3,8,0,1,4,13,3,9,5,5,0,5,0,2,15,47,11,16,1,3,1,0,1,3,20,8,4,10,8,3,24,16,3,0,67,49,48.0,37.0,19.0,12.0,12.0,18.0,411,542,321.0,469.0,193,239,128,230,21.0,17.0,5.0,6.0,0.53,3.4,0.2,2.81,0.33,0.59,0.53,3.4,0.0,2.34,1,3,2,7,1,3,3,7,0,2,0.1932,1.1959,0.1386,1.3192,0.07,0.4006,0.13,0.4135,0.0,0.069,4,15,0,3,2,3,1,1,0,0,0.2,2.0694,0.0,0.7407,0.2138,0.5692,0.1179,0.0189,0.0,0.0,7,22,16.93,16.09
3787283,2022-02-27,usa,2022,MLS,,,6637,LA Galaxy,546238,New York City FC,1,1,0,54,46,15,9,6,1,6,4,3,4,0,0,11,5,4,4,7,5,3,2,2,2,22,19,22,22,1,3,0,0,0,4,19,24,8,10,4,3,17,13,1,5,61,66,47.0,53.0,14.0,13.0,7.0,8.0,407,353,336.0,275.0,140,144,196,131,37.0,23.0,5.0,3.0,1.58,0.97,1.0,0.94,0.58,0.03,1.58,0.97,1.55,0.35,2,0,6,3,3,2,1,4,3,0,0.4606,0.0,0.8527,0.6839,0.1489,0.1831,0.0572,0.0992,0.0633,0.0,8,8,0,0,3,1,4,0,0,0,1.0012,0.9371,0.0,0.0,0.3196,0.0291,0.2619,0.0,0.0,0.0,15,9,15.65,21.98
3787283,2022-02-27,usa,2022,MLS,,,546238,New York City FC,6637,LA Galaxy,0,0,1,46,54,9,15,1,6,4,6,4,3,0,0,5,11,4,4,5,7,2,3,2,2,19,22,22,22,3,1,0,0,4,0,24,19,10,8,3,4,13,17,5,1,66,61,53.0,47.0,13.0,14.0,8.0,7.0,353,407,275.0,336.0,144,140,131,196,23.0,37.0,3.0,5.0,0.97,1.58,0.94,1.0,0.03,0.58,0.97,1.58,0.35,1.55,0,2,3,6,2,3,4,1,0,3,0.0,0.4606,0.6839,0.8527,0.1831,0.1489,0.0992,0.0572,0.0,0.0633,8,8,0,0,1,3,0,4,0,0,0.9371,1.0012,0.0,0.0,0.0291,0.3196,0.0,0.2619,0.0,0.0,9,15,21.98,15.65
3787284,2022-02-27,usa,2022,MLS,,Ted Unkel,773958,Atlanta United,6604,Sporting Kansas City,1,3,1,44,56,12,14,6,2,4,7,2,5,0,0,6,9,6,5,4,4,5,1,2,0,17,31,6,15,3,2,0,0,5,1,18,11,18,10,5,2,21,12,0,3,45,35,40.0,28.0,5.0,7.0,8.0,11.0,416,528,334.0,441.0,202,190,132,251,39.0,26.0,5.0,7.0,1.49,1.26,1.41,0.45,0.08,0.81,1.49,1.26,2.69,0.34,0,3,5,3,1,3,2,4,4,1,0.0,0.6691,1.0632,0.1608,0.2554,0.1896,0.0583,0.2073,0.1161,0.0355,6,7,3,0,1,6,2,1,0,0,0.6659,0.4482,0.7445,0.0,0.0232,0.7626,0.0595,0.0515,0.0,0.0,12,14,20.3,15.45
3787284,2022-02-27,usa,2022,MLS,,Ted Unkel,6604,Sporting Kansas City,773958,Atlanta United,0,1,3,56,44,14,12,2,6,7,4,5,2,0,0,9,6,5,6,4,4,1,5,0,2,31,17,15,6,2,3,0,0,1,5,11,18,10,18,2,5,12,21,3,0,35,45,28.0,40.0,7.0,5.0,11.0,8.0,528,416,441.0,334.0,190,202,251,132,26.0,39.0,7.0,5.0,1.26,1.49,0.45,1.41,0.81,0.08,1.26,1.49,0.34,2.69,3,0,3,5,3,1,4,2,1,4,0.6691,0.0,0.1608,1.0632,0.1896,0.2554,0.2073,0.0583,0.0355,0.1161,7,6,0,3,6,1,1,2,0,0,0.4482,0.6659,0.0,0.7445,0.7626,0.0232,0.0515,0.0595,0.0,0.0,14,12,15.45,20.3
3787285,2022-02-27,usa,2022,MLS,,Chris Penso,307690,Portland Timbers,6580,New England Revolution,1,2,2,55,45,17,16,5,7,6,6,6,3,0,0,11,9,6,7,4,9,3,1,1,0,33,24,6,8,4,2,0,0,2,1,13,20,12,10,2,6,23,29,5,3,43,54,30.0,32.0,13.0,22.0,9.0,6.0,496,390,395.0,296.0,166,144,229,152,32.0,21.0,2.0,9.0,2.72,1.18,2.72,0.73,0.0,0.45,2.72,1.18,2.09,1.6,0,0,10,8,1,1,6,5,0,2,0.0,0.0,2.6218,0.9045,0.0204,0.0174,0.184,0.2073,0.0,0.0523,17,8,0,0,0,7,0,1,0,0,2.8263,0.73,0.0,0.0,0.0,0.4251,0.0,0.0263,0.0,0.0,17,16,16.4,16.19
3787285,2022-02-27,usa,2022,MLS,,Chris Penso,6580,New England Revolution,307690,Portland Timbers,0,2,2,45,55,16,17,7,5,6,6,3,6,0,0,9,11,7,6,9,4,1,3,0,1,24,33,8,6,2,4,0,0,1,2,20,13,10,12,6,2,29,23,3,5,54,43,32.0,30.0,22.0,13.0,6.0,9.0,390,496,296.0,395.0,144,166,152,229,21.0,32.0,9.0,2.0,1.18,2.72,0.73,2.72,0.45,0.0,1.18,2.72,1.6,2.09,0,0,8,10,1,1,5,6,2,0,0.0,0.0,0.9045,2.6218,0.0174,0.0204,0.2073,0.184,0.0523,0.0,8,17,0,0,7,0,1,0,0,0,0.73,2.8263,0.0,0.0,0.4251,0.0,0.0263,0.0,0.0,0.0,16,17,16.19,16.4
3787424,2022-02-27,usa,2022,MLS,,,267810,Orlando City,161195,CF Montreal,1,2,0,49,51,8,8,3,2,2,5,3,1,0,0,4,2,4,6,3,7,3,1,1,1,19,16,16,15,2,3,1,1,1,4,7,5,5,7,1,3,20,19,2,1,33,33,27.0,28.0,6.0,5.0,7.0,7.0,416,425,356.0,383.0,192,218,164,165,23.0,30.0,2.0,0.0,1.42,0.59,1.35,0.49,0.07,0.1,1.42,0.59,1.71,0.24,1,1,3,1,0,0,2,5,2,1,0.66,0.2497,0.5325,0.0746,0.0,0.0,0.1546,0.2691,0.0691,0.0008,6,7,0,0,0,0,2,1,0,0,1.3471,0.4946,0.0,0.0,0.0,0.0,0.0691,0.0995,0.0,0.0,8,8,16.43,20.12
3787424,2022-02-27,usa,2022,MLS,,,161195,CF Montreal,267810,Orlando City,0,0,2,51,49,8,8,2,3,5,2,1,3,0,0,2,4,6,4,7,3,1,3,1,1,16,19,15,16,3,2,1,1,4,1,5,7,7,5,3,1,19,20,1,2,33,33,28.0,27.0,5.0,6.0,7.0,7.0,425,416,383.0,356.0,218,192,165,164,30.0,23.0,0.0,2.0,0.59,1.42,0.49,1.35,0.1,0.07,0.59,1.42,0.24,1.71,1,1,1,3,0,0,5,2,1,2,0.2497,0.66,0.0746,0.5325,0.0,0.0,0.2691,0.1546,0.0008,0.0691,7,6,0,0,0,0,1,2,0,0,0.4946,1.3471,0.0,0.0,0.0,0.0,0.0995,0.0691,0.0,0.0,8,8,20.12,16.43
3787281,2022-02-28,usa,2022,MLS,,Alex Chilowicz,130394,Seattle Sounders FC,915807,Nashville SC,1,0,1,58,42,10,10,2,4,6,2,2,4,0,0,8,5,2,5,8,1,0,1,0,0,18,11,13,11,2,0,0,0,1,2,11,11,9,6,4,2,13,28,3,3,47,55,31.0,31.0,16.0,24.0,9.0,9.0,550,411,437.0,319.0,248,140,189,179,21.0,29.0,5.0,3.0,0.55,0.98,0.43,0.92,0.12,0.07,0.55,0.98,0.23,1.12,0,1,5,3,3,1,1,4,1,1,0.0,0.5226,0.387,0.078,0.0681,0.2094,0.0367,0.139,0.0573,0.0354,6,7,0,0,2,1,2,2,0,0,0.4288,0.9187,0.0,0.0,0.0833,0.0123,0.0371,0.0534,0.0,0.0,10,10,15.52,18.23
3787281,2022-02-28,usa,2022,MLS,,Alex Chilowicz,915807,Nashville SC,130394,Seattle Sounders FC,0,1,0,42,58,10,10,4,2,2,6,4,2,0,0,5,8,5,2,1,8,1,0,0,0,11,18,11,13,0,2,0,0,2,1,11,11,6,9,2,4,28,13,3,3,55,47,31.0,31.0,24.0,16.0,9.0,9.0,411,550,319.0,437.0,140,248,179,189,29.0,21.0,3.0,5.0,0.98,0.55,0.92,0.43,0.07,0.12,0.98,0.55,1.12,0.23,1,0,3,5,1,3,4,1,1,1,0.5226,0.0,0.078,0.387,0.2094,0.0681,0.139,0.0367,0.0354,0.0573,7,6,0,0,1,2,2,2,0,0,0.9187,0.4288,0.0,0.0,0.0123,0.0833,0.0534,0.0371,0.0,0.0,10,10,18.23,15.52
3787282,2022-02-28,usa,2022,MLS,,Ramy Touchan,8259,Houston Dynamo FC,6606,Real Salt Lake,1,0,0,62,38,10,8,2,2,5,3,3,3,1,0,3,5,7,3,9,8,0,0,0,0,11,17,13,9,4,3,0,0,1,1,13,18,7,11,3,3,15,27,2,2,42,55,30.0,41.0,12.0,14.0,8.0,10.0,579,353,490.0,276.0,332,140,158,136,31.0,17.0,1.0,5.0,0.5,0.41,0.41,0.09,0.09,0.32,0.5,0.41,0.35,0.58,0,1,1,4,2,0,3,1,4,2,0.0,0.0514,0.0831,0.2302,0.1262,0.0,0.0972,0.0218,0.1998,0.1022,6,2,1,0,2,3,1,3,0,0,0.3313,0.0858,0.0854,0.0,0.0518,0.1191,0.0378,0.2006,0.0,0.0,10,8,23.55,16.55
3787282,2022-02-28,usa,2022,MLS,,Ramy Touchan,6606,Real Salt Lake,8259,Houston Dynamo FC,0,0,0,38,62,8,10,2,2,3,5,3,3,0,1,5,3,3,7,8,9,0,0,0,0,17,11,9,13,3,4,0,0,1,1,18,13,11,7,3,3,27,15,2,2,55,42,41.0,30.0,14.0,12.0,10.0,8.0,353,579,276.0,490.0,140,332,136,158,17.0,31.0,5.0,1.0,0.41,0.5,0.09,0.41,0.32,0.09,0.41,0.5,0.58,0.35,1,0,4,1,0,2,1,3,2,4,0.0514,0.0,0.2302,0.0831,0.0,0.1262,0.0218,0.0972,0.1022,0.1998,2,6,0,1,3,2,3,1,0,0,0.0858,0.3313,0.0,0.0854,0.1191,0.0518,0.2006,0.0378,0.0,0.0,8,10,16.55,23.55
3787291,2022-03-05,usa,2022,MLS,,,6580,New England Revolution,6399,FC Dallas,1,1,0,48,52,10,12,4,1,2,5,4,6,0,0,8,7,2,5,3,5,3,1,2,1,29,30,9,13,2,2,0,0,1,0,13,20,11,16,6,5,21,21,1,2,50,49,39.0,40.0,11.0,9.0,13.0,11.0,520,561,434.0,470.0,216,248,218,222,41.0,23.0,5.0,3.0,1.78,0.98,0.99,0.95,0.0,0.03,0.99,0.98,1.61,0.51,3,1,4,4,1,2,1,4,1,1,0.5495,0.1252,1.0731,0.4211,0.071,0.119,0.0656,0.1633,0.0339,0.149,9,11,0,0,0,1,0,0,1,0,1.0047,0.9523,0.0,0.0,0.0,0.0253,0.0,0.0,0.7884,0.0,10,12,14.03,17.43
3787291,2022-03-05,usa,2022,MLS,,,6399,FC Dallas,6580,New England Revolution,0,0,1,52,48,12,10,1,4,5,2,6,4,0,0,7,8,5,2,5,3,1,3,1,2,30,29,13,9,2,2,0,0,0,1,20,13,16,11,5,6,21,21,2,1,49,50,40.0,39.0,9.0,11.0,11.0,13.0,561,520,470.0,434.0,248,216,222,218,23.0,41.0,3.0,5.0,0.98,1.78,0.95,0.99,0.03,0.0,0.98,0.99,0.51,1.61,1,3,4,4,2,1,4,1,1,1,0.1252,0.5495,0.4211,1.0731,0.119,0.071,0.1633,0.0656,0.149,0.0339,11,9,0,0,1,0,0,0,0,1,0.9523,1.0047,0.0,0.0,0.0253,0.0,0.0,0.0,0.0,0.7884,12,10,17.43,14.03
3787292,2022-03-05,usa,2022,MLS,,Víctor Rivas,6604,Sporting Kansas City,8259,Houston Dynamo FC,1,1,0,58,42,15,5,5,3,6,1,4,1,0,0,9,1,6,4,4,2,2,2,2,2,22,13,9,17,1,3,0,0,0,1,14,14,7,14,1,4,10,18,3,4,47,40,37.0,29.0,10.0,11.0,7.0,6.0,553,396,483.0,324.0,200,211,283,113,35.0,24.0,1.0,0.0,1.56,0.17,0.92,0.17,0.65,0.0,1.56,0.17,1.1,0.6,2,0,4,0,3,1,4,2,2,2,0.4035,0.0,0.4943,0.0,0.424,0.0669,0.1668,0.0554,0.0748,0.0437,9,5,0,0,3,0,3,0,0,0,0.9161,0.166,0.0,0.0,0.3784,0.0,0.269,0.0,0.0,0.0,15,5,16.51,23.98
3787292,2022-03-05,usa,2022,MLS,,Víctor Rivas,8259,Houston Dynamo FC,6604,Sporting Kansas City,0,0,1,42,58,5,15,3,5,1,6,1,4,0,0,1,9,4,6,2,4,2,2,2,2,13,22,17,9,3,1,0,0,1,0,14,14,14,7,4,1,18,10,4,3,40,47,29.0,37.0,11.0,10.0,6.0,7.0,396,553,324.0,483.0,211,200,113,283,24.0,35.0,0.0,1.0,0.17,1.56,0.17,0.92,0.0,0.65,0.17,1.56,0.6,1.1,0,2,0,4,1,3,2,4,2,2,0.0,0.4035,0.0,0.4943,0.0669,0.424,0.0554,0.1668,0.0437,0.0748,5,9,0,0,0,3,0,3,0,0,0.166,0.9161,0.0,0.0,0.0,0.3784,0.0,0.269,0.0,0.0,5,15,23.98,16.51
3787297,2022-03-05,usa,2022,MLS,,Nima Saghafi,6606,Real Salt Lake,130394,Seattle Sounders FC,1,1,0,49,51,16,8,6,4,7,3,3,1,0,0,12,5,4,3,6,2,5,1,4,1,24,13,8,6,2,2,0,0,2,1,14,17,10,6,1,3,12,19,4,5,42,43,26.0,37.0,16.0,6.0,6.0,13.0,474,507,386.0,411.0,165,294,221,117,28.0,29.0,4.0,2.0,2.28,0.78,2.15,0.78,0.14,0.0,2.28,0.78,1.47,0.0,2,1,10,3,0,1,4,1,0,2,0.7987,0.2775,1.673,0.2656,0.0,0.0322,0.1603,0.0401,0.0,0.0287,12,8,0,0,4,0,0,0,0,0,2.4941,0.6441,0.0,0.0,0.1379,0.0,0.0,0.0,0.0,0.0,16,8,13.16,17.05
3787297,2022-03-05,usa,2022,MLS,,Nima Saghafi,130394,Seattle Sounders FC,6606,Real Salt Lake,0,0,1,51,49,8,16,4,6,3,7,1,3,0,0,5,12,3,4,2,6,1,5,1,4,13,24,6,8,2,2,0,0,1,2,17,14,6,10,3,1,19,12,5,4,43,42,37.0,26.0,6.0,16.0,13.0,6.0,507,474,411.0,386.0,294,165,117,221,29.0,28.0,2.0,4.0,0.78,2.28,0.78,2.15,0.0,0.14,0.78,2.28,0.0,1.47,1,2,3,10,1,0,1,4,2,0,0.2775,0.7987,0.2656,1.673,0.0322,0.0,0.0401,0.1603,0.0287,0.0,8,12,0,0,0,4,0,0,0,0,0.6441,2.4941,0.0,0.0,0.0,0.1379,0.0,0.0,0.0,0.0,8,16,17.05,13.16
3787298,2022-03-05,usa,2022,MLS,,Armando Villarreal,207242,Minnesota United,915807,Nashville SC,1,1,1,55,45,14,12,4,2,7,5,3,5,1,1,10,8,4,4,5,4,1,1,0,0,22,22,12,9,2,2,0,0,0,0,14,19,6,9,5,2,18,23,1,3,53,56,42.0,40.0,11.0,16.0,19.0,9.0,552,457,450.0,358.0,224,160,226,198,22.0,26.0,2.0,4.0,1.84,1.59,0.68,1.4,1.16,0.18,1.84,1.59,1.1,1.05,1,1,5,5,4,2,3,3,1,1,0.9652,0.7901,0.5849,0.4283,0.1418,0.1168,0.1251,0.2276,0.0206,0.0245,8,9,0,0,2,1,4,2,0,0,0.6802,1.4045,0.0,0.0,0.0539,0.0169,1.1036,0.1658,0.0,0.0,14,12,15.64,15.17
3787298,2022-03-05,usa,2022,MLS,,Armando Villarreal,915807,Nashville SC,207242,Minnesota United,0,1,1,45,55,12,14,2,4,5,7,5,3,1,1,8,10,4,4,4,5,1,1,0,0,22,22,9,12,2,2,0,0,0,0,19,14,9,6,2,5,23,18,3,1,56,53,40.0,42.0,16.0,11.0,9.0,19.0,457,552,358.0,450.0,160,224,198,226,26.0,22.0,4.0,2.0,1.59,1.84,1.4,0.68,0.18,1.16,1.59,1.84,1.05,1.1,1,1,5,5,2,4,3,3,1,1,0.7901,0.9652,0.4283,0.5849,0.1168,0.1418,0.2276,0.1251,0.0245,0.0206,9,8,0,0,1,2,2,4,0,0,1.4045,0.6802,0.0,0.0,0.0169,0.0539,0.1658,1.1036,0.0,0.0,12,14,15.17,15.64
3787299,2022-03-05,usa,2022,MLS,,Joe Dickerson,8314,Colorado Rapids,773958,Atlanta United,1,3,0,36,64,9,12,3,4,4,3,2,5,0,0,9,6,0,6,5,8,3,2,1,2,20,17,18,14,4,2,0,1,2,3,20,14,11,8,5,2,21,9,4,0,51,47,39.0,38.0,12.0,9.0,6.0,7.0,291,505,204.0,430.0,92,266,112,164,27.0,22.0,4.0,6.0,1.61,1.15,1.53,0.74,0.08,0.41,1.61,1.15,1.28,0.79,2,0,6,5,1,1,0,5,0,1,0.6109,0.0,0.9623,0.6812,0.0357,0.1502,0.0,0.2859,0.0,0.0283,6,7,0,1,3,3,0,1,0,0,1.5271,0.698,0.0,0.0393,0.0817,0.3425,0.0,0.0658,0.0,0.0,9,12,11.08,16.79
3787299,2022-03-05,usa,2022,MLS,,Joe Dickerson,773958,Atlanta United,8314,Colorado Rapids,0,0,3,64,36,12,9,4,3,3,4,5,2,0,0,6,9,6,0,8,5,2,3,2,1,17,20,14,18,2,4,1,0,3,2,14,20,8,11,2,5,9,21,0,4,47,51,38.0,39.0,9.0,12.0,7.0,6.0,505,291,430.0,204.0,266,92,164,112,22.0,27.0,6.0,4.0,1.15,1.61,0.74,1.53,0.41,0.08,1.15,1.61,0.79,1.28,0,2,5,6,1,1,5,0,1,0,0.0,0.6109,0.6812,0.9623,0.1502,0.0357,0.2859,0.0,0.0283,0.0,7,6,1,0,3,3,1,0,0,0,0.698,1.5271,0.0393,0.0,0.3425,0.0817,0.0658,0.0,0.0,0.0,12,9,16.79,11.08
3787300,2022-03-05,usa,2022,MLS,,Pierre Luce Lauziere,722265,FC Cincinnati,6602,DC United,1,0,1,51,49,16,10,6,4,6,2,4,4,0,0,12,5,4,5,7,4,1,4,1,3,24,18,16,13,1,1,0,1,3,2,19,20,7,9,5,4,13,26,2,6,54,51,37.0,42.0,17.0,9.0,7.0,9.0,358,366,269.0,275.0,104,165,165,110,30.0,32.0,6.0,1.0,2.39,1.67,2.01,0.85,0.38,0.04,2.39,0.88,0.68,1.25,2,0,7,3,3,2,1,3,3,2,0.3804,0.0,1.6575,1.1246,0.1745,0.4258,0.109,0.0841,0.0694,0.0554,11,7,3,0,2,1,0,1,0,1,1.3528,0.8634,0.6575,0.0,0.3804,0.0123,0.0,0.0259,0.0,0.7884,16,10,15.71,19.3
3787300,2022-03-05,usa,2022,MLS,,Pierre Luce Lauziere,6602,DC United,722265,FC Cincinnati,0,1,0,49,51,10,16,4,6,2,6,4,4,0,0,5,12,5,4,4,7,4,1,3,1,18,24,13,16,1,1,1,0,2,3,20,19,9,7,4,5,26,13,6,2,51,54,42.0,37.0,9.0,17.0,9.0,7.0,366,358,275.0,269.0,165,104,110,165,32.0,30.0,1.0,6.0,1.67,2.39,0.85,2.01,0.04,0.38,0.88,2.39,1.25,0.68,0,2,3,7,2,3,3,1,2,3,0.0,0.3804,1.1246,1.6575,0.4258,0.1745,0.0841,0.109,0.0554,0.0694,7,11,0,3,1,2,1,0,1,0,0.8634,1.3528,0.0,0.6575,0.0123,0.3804,0.0259,0.0,0.7884,0.0,10,16,19.3,15.71
3787301,2022-03-05,usa,2022,MLS,,Ismir Pekmic,6397,Chicago Fire FC,267810,Orlando City,1,0,0,51,49,9,5,4,0,2,3,3,2,0,0,3,1,6,4,5,3,0,0,0,0,13,7,21,14,5,2,0,0,3,1,18,10,16,13,2,3,17,15,0,4,45,44,34.0,36.0,11.0,8.0,4.0,5.0,393,370,284.0,269.0,159,158,125,111,21.0,12.0,6.0,2.0,0.49,0.19,0.36,0.11,0.13,0.08,0.49,0.19,0.37,0.12,0,0,3,1,0,0,2,3,4,1,0.0,0.0,0.2336,0.0475,0.0,0.0,0.0804,0.1153,0.174,0.0244,7,3,0,0,1,1,1,1,0,0,0.359,0.1067,0.0,0.0,0.0373,0.033,0.0917,0.0475,0.0,0.0,9,5,22.4,23.37
3787301,2022-03-05,usa,2022,MLS,,Ismir Pekmic,267810,Orlando City,6397,Chicago Fire FC,0,0,0,49,51,5,9,0,4,3,2,2,3,0,0,1,3,4,6,3,5,0,0,0,0,7,13,14,21,2,5,0,0,1,3,10,18,13,16,3,2,15,17,4,0,44,45,36.0,34.0,8.0,11.0,5.0,4.0,370,393,269.0,284.0,158,159,111,125,12.0,21.0,2.0,6.0,0.19,0.49,0.11,0.36,0.08,0.13,0.19,0.49,0.12,0.37,0,0,1,3,0,0,3,2,1,4,0.0,0.0,0.0475,0.2336,0.0,0.0,0.1153,0.0804,0.0244,0.174,3,7,0,0,1,1,1,1,0,0,0.1067,0.359,0.0,0.0,0.033,0.0373,0.0475,0.0917,0.0,0.0,5,9,23.37,22.4
3787302,2022-03-05,usa,2022,MLS,,Guido Gonzalez,6603,San Jose Earthquakes,6001,Columbus Crew,1,3,3,46,54,7,19,4,6,1,8,2,5,0,0,4,9,3,10,4,9,2,1,0,0,14,34,15,16,3,4,1,0,0,1,16,9,14,8,5,2,23,6,3,1,43,43,35.0,33.0,8.0,10.0,3.0,9.0,362,418,285.0,343.0,181,136,104,207,28.0,21.0,2.0,6.0,1.28,2.01,0.11,0.86,0.37,1.15,0.49,2.01,2.31,1.98,1,2,2,5,1,2,3,8,0,2,0.2556,0.8035,0.8843,0.6078,0.0414,0.0432,0.0953,0.4924,0.0,0.0628,3,13,0,0,1,5,2,1,1,0,0.1149,0.862,0.0,0.0,0.0959,1.0167,0.2774,0.1308,0.7884,0.0,7,19,17.28,17.15
3787302,2022-03-05,usa,2022,MLS,,Guido Gonzalez,6001,Columbus Crew,6603,San Jose Earthquakes,0,3,3,54,46,19,7,6,4,8,1,5,2,0,0,9,4,10,3,9,4,1,2,0,0,34,14,16,15,4,3,0,1,1,0,9,16,8,14,2,5,6,23,1,3,43,43,33.0,35.0,10.0,8.0,9.0,3.0,418,362,343.0,285.0,136,181,207,104,21.0,28.0,6.0,2.0,2.01,1.28,0.86,0.11,1.15,0.37,2.01,0.49,1.98,2.31,2,1,5,2,2,1,8,3,2,0,0.8035,0.2556,0.6078,0.8843,0.0432,0.0414,0.4924,0.0953,0.0628,0.0,13,3,0,0,5,1,1,2,0,1,0.862,0.1149,0.0,0.0,1.0167,0.0959,0.1308,0.2774,0.0,0.7884,19,7,17.15,17.28
3787421,2022-03-05,usa,2022,MLS,,Marcos de Oliveira,307691,Vancouver Whitecaps,546238,New York City FC,1,0,0,30,70,10,19,1,4,3,10,6,5,0,1,6,11,4,8,5,8,0,2,0,2,18,44,17,21,2,2,0,0,1,1,17,18,8,2,4,6,34,13,4,1,55,52,43.0,39.0,12.0,13.0,8.0,5.0,267,638,188.0,552.0,97,345,91,207,17.0,22.0,6.0,8.0,0.54,1.87,0.38,0.73,0.16,1.14,0.54,1.87,0.17,0.97,0,1,5,8,1,2,4,8,0,0,0.0,0.6408,0.3059,0.6731,0.0518,0.1832,0.1847,0.418,0.0,0.0,6,8,1,0,3,8,0,3,0,0,0.3319,0.7317,0.0491,0.0,0.1613,1.0337,0.0,0.1496,0.0,0.0,10,19,18.4,16.57
3787421,2022-03-05,usa,2022,MLS,,Marcos de Oliveira,546238,New York City FC,307691,Vancouver Whitecaps,0,0,0,70,30,19,10,4,1,10,3,5,6,1,0,11,6,8,4,8,5,2,0,2,0,44,18,21,17,2,2,0,0,1,1,18,17,2,8,6,4,13,34,1,4,52,55,39.0,43.0,13.0,12.0,5.0,8.0,638,267,552.0,188.0,345,97,207,91,22.0,17.0,8.0,6.0,1.87,0.54,0.73,0.38,1.14,0.16,1.87,0.54,0.97,0.17,1,0,8,5,2,1,8,4,0,0,0.6408,0.0,0.6731,0.3059,0.1832,0.0518,0.418,0.1847,0.0,0.0,8,6,0,1,8,3,3,0,0,0,0.7317,0.3319,0.0,0.0491,1.0337,0.1613,0.1496,0.0,0.0,0.0,19,10,16.57,18.4
3787422,2022-03-05,usa,2022,MLS,,Drew Fischer,161195,CF Montreal,191716,Philadelphia Union,1,1,2,65,35,10,7,5,4,,,,,,,,,,,6,1,,,,,,,,,,,,,,,,,,,,,,,,,,,,,,,,,,,,,,,,,,,,,,,,,,,,,,,0,1,3,3,3,2,3,1,3,1,0.0,0.1968,0.3155,0.4148,0.1891,0.4004,0.1507,0.0145,0.077,0.0297,7,6,0,1,2,0,3,1,0,0,0.4996,0.5114,0.0,0.3479,0.0955,0.0,0.1372,0.1968,0.0,0.0,12,8,18.97,18.1
3787422,2022-03-05,usa,2022,MLS,,Drew Fischer,191716,Philadelphia Union,161195,CF Montreal,0,2,1,35,65,7,10,4,5,,,,,,,,,,,1,6,,,,,,,,,,,,,,,,,,,,,,,,,,,,,,,,,,,,,,,,,,,,,,,,,,,,,,,1,0,3,3,2,3,1,3,1,3,0.1968,0.0,0.4148,0.3155,0.4004,0.1891,0.0145,0.1507,0.0297,0.077,6,7,1,0,0,2,1,3,0,0,0.5114,0.4996,0.3479,0.0,0.0,0.0955,0.1968,0.1372,0.0,0.0,8,12,18.1,18.97
3787423,2022-03-05,usa,2022,MLS,,Rubiel Vazquez,56453,Toronto FC,6514,New York Red Bulls,1,1,4,67,33,6,13,4,9,2,2,0,2,0,1,4,10,2,3,7,5,1,5,0,3,27,23,12,19,1,3,0,0,1,1,21,32,9,14,2,0,13,27,5,3,66,56,56.0,47.0,10.0,9.0,18.0,4.0,643,308,527.0,194.0,313,88,214,106,19.0,13.0,3.0,4.0,0.67,2.41,0.55,1.88,0.12,0.52,0.67,2.41,1.12,4.33,0,2,3,6,1,2,2,2,0,1,0.0,0.3355,0.5597,1.5727,0.0586,0.2967,0.0471,0.1821,0.0,0.0211,3,8,1,1,2,2,0,2,0,0,0.3219,1.3842,0.2283,0.4996,0.1153,0.3241,0.0,0.2002,0.0,0.0,6,13,16.73,14.1
3787423,2022-03-05,usa,2022,MLS,,Rubiel Vazquez,6514,New York Red Bulls,56453,Toronto FC,0,4,1,33,67,13,6,9,4,2,2,2,0,1,0,10,4,3,2,5,7,5,1,3,0,23,27,19,12,3,1,0,0,1,1,32,21,14,9,0,2,27,13,3,5,56,66,47.0,56.0,9.0,10.0,4.0,18.0,308,643,194.0,527.0,88,313,106,214,13.0,19.0,4.0,3.0,2.41,0.67,1.88,0.55,0.52,0.12,2.41,0.67,4.33,1.12,2,0,6,3,2,1,2,2,1,0,0.3355,0.0,1.5727,0.5597,0.2967,0.0586,0.1821,0.0471,0.0211,0.0,8,3,1,1,2,2,2,0,0,0,1.3842,0.3219,0.4996,0.2283,0.3241,0.1153,0.2002,0.0,0.0,0.0,13,6,14.1,16.73
3787295,2022-03-06,usa,2022,MLS,,Chris Penso,1218886,Austin FC,960720,Inter Miami CF,1,5,1,59,41,8,13,6,6,2,5,0,2,0,0,7,5,1,8,5,3,2,0,0,0,23,12,15,15,3,4,0,0,2,1,9,15,7,9,2,0,10,20,5,1,40,44,35.0,38.0,5.0,6.0,11.0,10.0,497,349,428.0,283.0,267,169,161,114,30.0,19.0,2.0,3.0,1.87,0.67,1.55,0.58,0.32,0.08,1.87,0.67,2.92,1.13,1,0,5,3,1,2,1,1,0,7,0.6454,0.0,1.0732,0.2492,0.129,0.1721,0.0185,0.0533,0.0,0.1927,6,11,1,0,0,1,1,1,0,0,1.4181,0.5828,0.129,0.0,0.0,0.0164,0.319,0.0682,0.0,0.0,8,13,13.78,23.12
3787295,2022-03-06,usa,2022,MLS,,Chris Penso,960720,Inter Miami CF,1218886,Austin FC,0,1,5,41,59,13,8,6,6,5,2,2,0,0,0,5,7,8,1,3,5,0,2,0,0,12,23,15,15,4,3,0,0,1,2,15,9,9,7,0,2,20,10,1,5,44,40,38.0,35.0,6.0,5.0,10.0,11.0,349,497,283.0,428.0,169,267,114,161,19.0,30.0,3.0,2.0,0.67,1.87,0.58,1.55,0.08,0.32,0.67,1.87,1.13,2.92,0,1,3,5,2,1,1,1,7,0,0.0,0.6454,0.2492,1.0732,0.1721,0.129,0.0533,0.0185,0.1927,0.0,11,6,0,1,1,0,1,1,0,0,0.5828,1.4181,0.0,0.129,0.0164,0.0,0.0682,0.319,0.0,0.0,13,8,23.12,13.78
3787296,2022-03-06,usa,2022,MLS,,Jair Marrufo,1323940,Charlotte FC,6637,LA Galaxy,1,0,1,49,51,5,21,3,6,1,7,1,8,1,1,3,13,2,8,3,7,1,2,1,2,11,33,11,9,1,1,0,0,2,1,18,11,10,4,8,1,13,20,5,3,41,37,34.0,31.0,7.0,6.0,7.0,9.0,467,478,382.0,401.0,239,196,143,205,27.0,28.0,3.0,7.0,0.52,2.17,0.37,1.93,0.15,0.24,0.52,2.17,0.4,1.25,0,2,2,7,1,4,1,4,1,4,0.0,0.4087,0.3055,0.9636,0.1273,0.5402,0.0394,0.1407,0.0464,0.1186,3,17,0,0,2,3,0,1,0,0,0.368,1.9325,0.0,0.0,0.1505,0.2275,0.0,0.0119,0.0,0.0,5,21,17.0,18.06
3787296,2022-03-06,usa,2022,MLS,,Jair Marrufo,6637,LA Galaxy,1323940,Charlotte FC,0,1,0,51,49,21,5,6,3,7,1,8,1,1,1,13,3,8,2,7,3,2,1,2,1,33,11,9,11,1,1,0,0,1,2,11,18,4,10,1,8,20,13,3,5,37,41,31.0,34.0,6.0,7.0,9.0,7.0,478,467,401.0,382.0,196,239,205,143,28.0,27.0,7.0,3.0,2.17,0.52,1.93,0.37,0.24,0.15,2.17,0.52,1.25,0.4,2,0,7,2,4,1,4,1,4,1,0.4087,0.0,0.9636,0.3055,0.5402,0.1273,0.1407,0.0394,0.1186,0.0464,17,3,0,0,3,2,1,0,0,0,1.9325,0.368,0.0,0.0,0.2275,0.1505,0.0119,0.0,0.0,0.0,21,5,18.06,17.0
3787294,2022-03-07,usa,2022,MLS,,Ismail Elfath,867280,Los Angeles FC,307690,Portland Timbers,1,1,1,68,32,25,10,6,4,9,3,10,3,1,1,11,5,14,5,12,1,1,0,0,0,42,11,13,20,2,4,0,1,1,3,22,33,9,25,3,10,6,45,3,5,73,76,67.0,52.0,6.0,24.0,25.0,10.0,584,289,492.0,195.0,171,126,321,69,28.0,20.0,9.0,0.0,2.18,0.57,1.71,0.54,0.47,0.03,2.18,0.57,1.61,0.66,1,0,5,3,5,2,9,3,5,2,0.816,0.0,0.3693,0.2708,0.276,0.1594,0.5855,0.1122,0.133,0.0281,16,7,0,1,6,1,3,1,0,0,1.7145,0.4261,0.0,0.117,0.2664,0.0271,0.199,0.0003,0.0,0.0,25,10,19.01,23.83
3787294,2022-03-07,usa,2022,MLS,,Ismail Elfath,307690,Portland Timbers,867280,Los Angeles FC,0,1,1,32,68,10,25,4,6,3,9,3,10,1,1,5,11,5,14,1,12,0,1,0,0,11,42,20,13,4,2,1,0,3,1,33,22,25,9,10,3,45,6,5,3,76,73,52.0,67.0,24.0,6.0,10.0,25.0,289,584,195.0,492.0,126,171,69,321,20.0,28.0,0.0,9.0,0.57,2.18,0.54,1.71,0.03,0.47,0.57,2.18,0.66,1.61,0,1,3,5,2,5,3,9,2,5,0.0,0.816,0.2708,0.3693,0.1594,0.276,0.1122,0.5855,0.0281,0.133,7,16,1,0,1,6,1,3,0,0,0.4261,1.7145,0.117,0.0,0.0271,0.2664,0.0003,0.199,0.0,0.0,10,25,23.83,19.01
3787280,2022-03-12,usa,2022,MLS,,Allen Chapman,130394,Seattle Sounders FC,6637,LA Galaxy,1,3,2,36,64,8,14,4,3,3,9,1,2,1,2,5,9,3,5,1,6,3,4,0,3,16,27,11,18,5,2,0,0,1,0,23,18,10,6,2,1,23,12,1,1,54,50,46.0,40.0,8.0,10.0,6.0,13.0,320,560,249.0,494.0,148,222,101,272,22.0,35.0,4.0,5.0,2.07,2.22,0.17,1.15,1.12,1.07,1.29,2.22,2.72,1.06,1,3,3,3,1,3,1,2,2,3,0.6169,1.4325,1.2372,0.4715,0.0698,0.1259,0.054,0.0582,0.097,0.1624,3,9,0,0,1,4,3,1,1,0,0.1668,1.1781,0.0,0.0,0.6169,1.0144,0.5029,0.058,0.7884,0.0,8,14,15.52,16.44
3787280,2022-03-12,usa,2022,MLS,,Allen Chapman,6637,LA Galaxy,130394,Seattle Sounders FC,0,2,3,64,36,14,8,3,4,9,3,2,1,2,1,9,5,5,3,6,1,4,3,3,0,27,16,18,11,2,5,0,0,0,1,18,23,6,10,1,2,12,23,1,1,50,54,40.0,46.0,10.0,8.0,13.0,6.0,560,320,494.0,249.0,222,148,272,101,35.0,22.0,5.0,4.0,2.22,2.07,1.15,0.17,1.07,1.12,2.22,1.29,1.06,2.72,3,1,3,3,3,1,2,1,3,2,1.4325,0.6169,0.4715,1.2372,0.1259,0.0698,0.0582,0.054,0.1624,0.097,9,3,0,0,4,1,1,3,0,1,1.1781,0.1668,0.0,0.0,1.0144,0.6169,0.058,0.5029,0.0,0.7884,14,8,16.44,15.52
3787293,2022-03-12,usa,2022,MLS,,Ted Unkel,960720,Inter Miami CF,867280,Los Angeles FC,1,0,2,47,53,7,6,2,2,4,2,1,2,0,1,5,2,2,4,3,3,0,1,0,0,18,13,12,15,3,4,1,0,2,0,32,10,12,10,2,1,3,5,0,2,63,35,59.0,30.0,4.0,5.0,12.0,8.0,404,455,317.0,368.0,209,205,108,163,23.0,9.0,2.0,1.0,0.37,0.5,0.36,0.47,0.01,0.03,0.37,0.5,0.11,1.63,0,0,2,2,3,0,2,1,0,3,0.0,0.0,0.1435,0.3327,0.1847,0.0,0.041,0.0342,0.0,0.1337,6,5,0,0,0,0,1,1,0,0,0.3572,0.4711,0.0,0.0,0.0,0.0,0.012,0.0294,0.0,0.0,7,6,18.55,22.11
3787293,2022-03-12,usa,2022,MLS,,Ted Unkel,867280,Los Angeles FC,960720,Inter Miami CF,0,2,0,53,47,6,7,2,2,2,4,2,1,1,0,2,5,4,2,3,3,1,0,0,0,13,18,15,12,4,3,0,1,0,2,10,32,10,12,1,2,5,3,2,0,35,63,30.0,59.0,5.0,4.0,8.0,12.0,455,404,368.0,317.0,205,209,163,108,9.0,23.0,1.0,2.0,0.5,0.37,0.47,0.36,0.03,0.01,0.5,0.37,1.63,0.11,0,0,2,2,0,3,1,2,3,0,0.0,0.0,0.3327,0.1435,0.0,0.1847,0.0342,0.041,0.1337,0.0,5,6,0,0,0,0,1,1,0,0,0.4711,0.3572,0.0,0.0,0.0,0.0,0.0294,0.012,0.0,0.0,6,7,22.11,18.55
3787409,2022-03-12,usa,2022,MLS,,Armando Villarreal,546238,New York City FC,161195,CF Montreal,1,4,1,51,49,13,13,7,3,4,7,2,3,0,1,10,12,3,1,7,11,2,2,1,1,33,29,9,8,1,1,0,0,3,4,18,17,10,11,3,2,22,20,2,3,51,53,42.0,42.0,9.0,11.0,16.0,16.0,460,419,360.0,329.0,184,155,176,174,26.0,28.0,4.0,6.0,1.92,2.4,1.51,1.32,0.41,1.08,1.92,2.4,2.65,1.62,2,3,6,4,2,5,3,1,0,0,0.5282,1.5332,0.961,0.5253,0.1559,0.3116,0.2725,0.0274,0.0,0.0,9,7,1,0,3,5,0,1,0,0,1.3354,1.3203,0.1733,0.0,0.4089,0.9593,0.0,0.1179,0.0,0.0,13,13,14.82,12.88
3787409,2022-03-12,usa,2022,MLS,,Armando Villarreal,161195,CF Montreal,546238,New York City FC,0,1,4,49,51,13,13,3,7,7,4,3,2,1,0,12,10,1,3,11,7,2,2,1,1,29,33,8,9,1,1,0,0,4,3,17,18,11,10,2,3,20,22,3,2,53,51,42.0,42.0,11.0,9.0,16.0,16.0,419,460,329.0,360.0,155,184,174,176,28.0,26.0,6.0,4.0,2.4,1.92,1.32,1.51,1.08,0.41,2.4,1.92,1.62,2.65,3,2,4,6,5,2,1,3,0,0,1.5332,0.5282,0.5253,0.961,0.3116,0.1559,0.0274,0.2725,0.0,0.0,7,9,0,1,5,3,1,0,0,0,1.3203,1.3354,0.0,0.1733,0.9593,0.4089,0.1179,0.0,0.0,0.0,13,13,12.88,14.82
3787451,2022-03-12,usa,2022,MLS,,Ismail Elfath,6001,Columbus Crew,56453,Toronto FC,1,2,1,48,52,13,8,7,6,5,2,1,0,0,0,8,7,5,1,8,5,3,2,3,1,37,18,9,8,3,2,0,0,3,1,21,29,18,12,0,0,6,21,5,5,53,62,44.0,51.0,9.0,11.0,15.0,13.0,460,513,376.0,411.0,163,235,213,176,29.0,12.0,7.0,3.0,1.52,0.89,1.13,0.51,0.39,0.39,1.52,0.89,1.18,1.66,1,1,4,3,3,3,3,1,2,0,0.2585,0.3288,0.6897,0.4052,0.3084,0.1346,0.191,0.0245,0.0763,0.0,10,6,0,0,1,2,2,0,0,0,1.1304,0.5052,0.0,0.0,0.1547,0.3879,0.2389,0.0,0.0,0.0,13,8,17.38,14.31
3787451,2022-03-12,usa,2022,MLS,,Ismail Elfath,56453,Toronto FC,6001,Columbus Crew,0,1,2,52,48,8,13,6,7,2,5,0,1,0,0,7,8,1,5,5,8,2,3,1,3,18,37,8,9,2,3,0,0,1,3,29,21,12,18,0,0,21,6,5,5,62,53,51.0,44.0,11.0,9.0,13.0,15.0,513,460,411.0,376.0,235,163,176,213,12.0,29.0,3.0,7.0,0.89,1.52,0.51,1.13,0.39,0.39,0.89,1.52,1.66,1.18,1,1,3,4,3,3,1,3,0,2,0.3288,0.2585,0.4052,0.6897,0.1346,0.3084,0.0245,0.191,0.0,0.0763,6,10,0,0,2,1,0,2,0,0,0.5052,1.1304,0.0,0.0,0.3879,0.1547,0.0,0.2389,0.0,0.0,8,13,14.31,17.38
3787452,2022-03-12,usa,2022,MLS,,Pierre Luce Lauziere,8259,Houston Dynamo FC,307691,Vancouver Whitecaps,1,2,1,59,41,16,17,4,2,5,10,7,5,1,1,8,12,8,5,9,10,1,2,0,1,24,25,12,9,1,2,0,0,1,2,10,12,6,12,6,7,12,27,0,2,38,54,26.0,32.0,12.0,22.0,8.0,10.0,558,382,493.0,326.0,308,147,185,179,43.0,26.0,2.0,10.0,2.21,1.51,1.43,0.47,0.77,1.05,2.21,1.51,1.71,0.91,1,4,6,7,1,1,4,3,4,2,0.9244,0.9941,0.7279,0.3807,0.0765,0.0588,0.2683,0.0886,0.2225,0.054,8,5,0,0,2,11,6,1,0,0,1.4336,0.465,0.0,0.0,0.1563,0.8561,0.6296,0.2552,0.0,0.0,16,17,16.29,14.65
3787452,2022-03-12,usa,2022,MLS,,Pierre Luce Lauziere,307691,Vancouver Whitecaps,8259,Houston Dynamo FC,0,1,2,41,59,17,16,2,4,10,5,5,7,1,1,12,8,5,8,10,9,2,1,1,0,25,24,9,12,2,1,0,0,2,1,12,10,12,6,7,6,27,12,2,0,54,38,32.0,26.0,22.0,12.0,10.0,8.0,382,558,326.0,493.0,147,308,179,185,26.0,43.0,10.0,2.0,1.51,2.21,0.47,1.43,1.05,0.77,1.51,2.21,0.91,1.71,4,1,7,6,1,1,3,4,2,4,0.9941,0.9244,0.3807,0.7279,0.0588,0.0765,0.0886,0.2683,0.054,0.2225,5,8,0,0,11,2,1,6,0,0,0.465,1.4336,0.0,0.0,0.8561,0.1563,0.2552,0.6296,0.0,0.0,17,16,14.65,16.29
3787259,2022-03-13,usa,2022,MLS,,Guido Gonzalez,773958,Atlanta United,1323940,Charlotte FC,1,2,1,61,39,14,12,8,7,1,5,5,0,0,0,10,7,4,5,11,5,2,2,1,2,26,10,8,16,2,4,0,0,6,2,10,19,7,10,0,5,12,20,6,6,44,48,34.0,35.0,10.0,13.0,9.0,9.0,473,297,397.0,214.0,213,101,184,113,25.0,24.0,7.0,8.0,1.99,0.99,0.83,0.71,0.37,0.28,1.2,0.99,2.34,1.92,0,0,6,7,4,0,2,3,2,2,0.0,0.0,1.4845,0.799,0.3253,0.0,0.0918,0.1451,0.0834,0.0409,8,7,0,0,4,5,1,0,1,0,0.8309,0.71,0.0,0.0,0.3005,0.2751,0.0652,0.0,0.7884,0.0,14,12,17.4,16.92
3787259,2022-03-13,usa,2022,MLS,,Guido Gonzalez,1323940,Charlotte FC,773958,Atlanta United,0,1,2,39,61,12,14,7,8,5,1,0,5,0,0,7,10,5,4,5,11,2,2,2,1,10,26,16,8,4,2,0,0,2,6,19,10,10,7,5,0,20,12,6,6,48,44,35.0,34.0,13.0,10.0,9.0,9.0,297,473,214.0,397.0,101,213,113,184,24.0,25.0,8.0,7.0,0.99,1.99,0.71,0.83,0.28,0.37,0.99,1.2,1.92,2.34,0,0,7,6,0,4,3,2,2,2,0.0,0.0,0.799,1.4845,0.0,0.3253,0.1451,0.0918,0.0409,0.0834,7,8,0,0,5,4,0,1,0,1,0.71,0.8309,0.0,0.0,0.2751,0.3005,0.0,0.0652,0.0,0.7884,12,14,16.92,17.4
3787260,2022-03-13,usa,2022,MLS,,Lukasz Szpala,6514,New York Red Bulls,207242,Minnesota United,1,0,1,48,52,19,5,8,2,4,2,7,1,0,0,13,3,6,2,6,4,4,1,4,1,41,11,22,19,2,2,0,0,1,2,35,23,9,5,1,7,13,29,1,8,91,78,66.0,61.0,25.0,17.0,13.0,17.0,391,437,289.0,312.0,114,162,175,150,15.0,23.0,5.0,3.0,2.32,0.68,1.31,0.63,0.23,0.04,1.53,0.68,3.87,1.07,2,0,10,2,1,1,4,2,2,0,0.4554,0.0,1.5422,0.4199,0.0694,0.2048,0.1973,0.0519,0.058,0.0,13,3,0,1,3,1,2,0,1,0,1.3052,0.2567,0.0,0.3762,0.104,0.0437,0.1247,0.0,0.7884,0.0,19,5,15.49,18.03
3787260,2022-03-13,usa,2022,MLS,,Lukasz Szpala,207242,Minnesota United,6514,New York Red Bulls,0,1,0,52,48,5,19,2,8,2,4,1,7,0,0,3,13,2,6,4,6,1,4,1,4,11,41,19,22,2,2,0,0,2,1,23,35,5,9,7,1,29,13,8,1,78,91,61.0,66.0,17.0,25.0,17.0,13.0,437,391,312.0,289.0,162,114,150,175,23.0,15.0,3.0,5.0,0.68,2.32,0.63,1.31,0.04,0.23,0.68,1.53,1.07,3.87,0,2,2,10,1,1,2,4,0,2,0.0,0.4554,0.4199,1.5422,0.2048,0.0694,0.0519,0.1973,0.0,0.058,3,13,1,0,1,3,0,2,0,1,0.2567,1.3052,0.3762,0.0,0.0437,0.104,0.0,0.1247,0.0,0.7884,5,19,18.03,15.49
3787261,2022-03-13,usa,2022,MLS,,Joe Dickerson,307690,Portland Timbers,1218886,Austin FC,1,1,0,39,61,14,16,1,0,4,10,9,6,1,0,10,11,4,5,2,9,1,0,0,0,24,31,16,15,3,5,0,0,0,2,15,12,14,7,6,8,36,14,0,0,56,39,39.0,30.0,17.0,9.0,10.0,4.0,366,564,283.0,478.0,178,256,105,222,27.0,26.0,6.0,5.0,1.29,0.92,0.92,0.58,0.37,0.34,1.29,0.92,0.72,0.0,1,2,8,4,1,5,2,3,2,2,0.0583,0.2106,1.0452,0.4483,0.058,0.2112,0.1153,0.1222,0.0688,0.091,11,12,0,0,1,4,2,0,0,0,0.9786,0.6971,0.0,0.0,0.0981,0.3862,0.2689,0.0,0.0,0.0,14,16,15.54,17.18
3787261,2022-03-13,usa,2022,MLS,,Joe Dickerson,1218886,Austin FC,307690,Portland Timbers,0,0,1,61,39,16,14,0,1,10,4,6,9,0,1,11,10,5,4,9,2,0,1,0,0,31,24,15,16,5,3,0,0,2,0,12,15,7,14,8,6,14,36,0,0,39,56,30.0,39.0,9.0,17.0,4.0,10.0,564,366,478.0,283.0,256,178,222,105,26.0,27.0,5.0,6.0,0.92,1.29,0.58,0.92,0.34,0.37,0.92,1.29,0.0,0.72,2,1,4,8,5,1,3,2,2,2,0.2106,0.0583,0.4483,1.0452,0.2112,0.058,0.1222,0.1153,0.091,0.0688,12,11,0,0,4,1,0,2,0,0,0.6971,0.9786,0.0,0.0,0.3862,0.0981,0.0,0.2689,0.0,0.0,16,14,17.18,15.54
3787262,2022-03-13,usa,2022,MLS,,Alex Chilowicz,8314,Colorado Rapids,6604,Sporting Kansas City,1,2,0,44,56,9,13,3,3,5,3,1,7,0,0,8,6,1,7,5,7,5,0,3,0,22,20,12,11,1,2,0,0,2,2,15,10,5,9,6,0,17,19,4,1,49,32,32.0,27.0,17.0,5.0,7.0,5.0,379,503,288.0,420.0,177,212,111,208,26.0,28.0,5.0,3.0,2.42,0.8,1.52,0.55,0.9,0.25,2.42,0.8,1.98,0.34,1,0,7,5,0,1,0,4,1,3,0.3842,0.0,1.9313,0.4508,0.0,0.0572,0.0,0.2272,0.1012,0.0665,4,9,0,0,4,1,1,3,0,0,1.5182,0.5543,0.0,0.0,0.6699,0.0738,0.2287,0.1737,0.0,0.0,9,13,11.1,21.62
3787262,2022-03-13,usa,2022,MLS,,Alex Chilowicz,6604,Sporting Kansas City,8314,Colorado Rapids,0,0,2,56,44,13,9,3,3,3,5,7,1,0,0,6,8,7,1,7,5,0,5,0,3,20,22,11,12,2,1,0,0,2,2,10,15,9,5,0,6,19,17,1,4,32,49,27.0,32.0,5.0,17.0,5.0,7.0,503,379,420.0,288.0,212,177,208,111,28.0,26.0,3.0,5.0,0.8,2.42,0.55,1.52,0.25,0.9,0.8,2.42,0.34,1.98,0,1,5,7,1,0,4,0,3,1,0.0,0.3842,0.4508,1.9313,0.0572,0.0,0.2272,0.0,0.0665,0.1012,9,4,0,0,1,4,3,1,0,0,0.5543,1.5182,0.0,0.0,0.0738,0.6699,0.1737,0.2287,0.0,0.0,13,9,21.62,11.1
3787263,2022-03-13,usa,2022,MLS,,Ramy Touchan,6399,FC Dallas,915807,Nashville SC,1,2,0,56,44,13,5,5,0,3,3,5,2,0,0,5,4,8,1,12,4,2,0,1,0,29,11,13,14,3,4,0,0,0,4,11,8,9,17,2,6,11,35,0,2,37,49,31.0,26.0,6.0,23.0,7.0,7.0,501,394,407.0,312.0,241,219,166,93,28.0,27.0,1.0,3.0,1.77,0.21,0.88,0.02,0.1,0.2,0.98,0.21,2.14,0.0,0,0,4,4,1,0,4,1,4,0,0.0,0.0,1.2678,0.1959,0.0792,0.0,0.1335,0.0165,0.287,0.0,7,1,1,0,2,2,2,2,1,0,0.7309,0.0165,0.1498,0.0,0.0487,0.0607,0.0498,0.1352,0.7884,0.0,13,5,21.91,16.58
3787263,2022-03-13,usa,2022,MLS,,Ramy Touchan,915807,Nashville SC,6399,FC Dallas,0,0,2,44,56,5,13,0,5,3,3,2,5,0,0,4,5,1,8,4,12,0,2,0,1,11,29,14,13,4,3,0,0,4,0,8,11,17,9,6,2,35,11,2,0,49,37,26.0,31.0,23.0,6.0,7.0,7.0,394,501,312.0,407.0,219,241,93,166,27.0,28.0,3.0,1.0,0.21,1.77,0.02,0.88,0.2,0.1,0.21,0.98,0.0,2.14,0,0,4,4,0,1,1,4,0,4,0.0,0.0,0.1959,1.2678,0.0,0.0792,0.0165,0.1335,0.0,0.287,1,7,0,1,2,2,2,2,0,1,0.0165,0.7309,0.0,0.1498,0.0607,0.0487,0.1352,0.0498,0.0,0.7884,5,13,16.58,21.91
3787264,2022-03-13,usa,2022,MLS,,Víctor Rivas,191716,Philadelphia Union,6603,San Jose Earthquakes,1,2,0,31,69,12,9,6,1,3,5,3,3,0,0,8,4,4,5,3,5,7,0,5,0,23,11,23,12,3,3,0,0,1,1,27,16,17,16,3,4,23,9,1,3,62,47,46.0,42.0,16.0,5.0,9.0,5.0,248,548,140.0,442.0,59,248,81,194,15.0,43.0,6.0,4.0,2.66,0.29,1.67,0.23,0.2,0.06,1.88,0.29,3.22,0.04,1,0,6,1,1,3,3,3,1,2,0.8388,0.0,1.5032,0.0001,0.0773,0.1658,0.1882,0.0803,0.0705,0.0481,8,6,0,1,2,2,1,0,1,0,1.6886,0.165,0.0,0.0644,0.1306,0.0648,0.0705,0.0,0.7884,0.0,12,9,14.61,21.95
3787264,2022-03-13,usa,2022,MLS,,Víctor Rivas,6603,San Jose Earthquakes,191716,Philadelphia Union,0,0,2,69,31,9,12,1,6,5,3,3,3,0,0,4,8,5,4,5,3,0,7,0,5,11,23,12,23,3,3,0,0,1,1,16,27,16,17,4,3,9,23,3,1,47,62,42.0,46.0,5.0,16.0,5.0,9.0,548,248,442.0,140.0,248,59,194,81,43.0,15.0,4.0,6.0,0.29,2.66,0.23,1.67,0.06,0.2,0.29,1.88,0.04,3.22,0,1,1,6,3,1,3,3,2,1,0.0,0.8388,0.0001,1.5032,0.1658,0.0773,0.0803,0.1882,0.0481,0.0705,6,8,1,0,2,2,0,1,0,1,0.165,1.6886,0.0644,0.0,0.0648,0.1306,0.0,0.0705,0.0,0.7884,9,12,21.95,14.61
3787265,2022-03-13,usa,2022,MLS,,Chris Penso,267810,Orlando City,722265,FC Cincinnati,1,1,2,70,30,18,9,6,3,8,4,4,2,0,0,14,7,4,2,7,2,2,2,1,1,45,10,16,19,3,4,0,0,0,1,17,18,4,9,2,4,9,32,1,5,56,53,45.0,40.0,11.0,13.0,10.0,7.0,594,270,499.0,170.0,187,92,312,78,22.0,23.0,11.0,3.0,1.41,1.17,1.1,1.03,0.31,0.14,1.41,1.17,0.99,0.67,1,0,9,5,4,2,3,2,1,0,0.0414,0.0,0.9534,0.7613,0.3075,0.1115,0.082,0.2945,0.0257,0.0,11,6,0,1,4,1,3,1,0,0,1.1008,0.8002,0.0,0.2311,0.152,0.0966,0.1573,0.0393,0.0,0.0,18,9,15.67,17.82
3787265,2022-03-13,usa,2022,MLS,,Chris Penso,722265,FC Cincinnati,267810,Orlando City,0,2,1,30,70,9,18,3,6,4,8,2,4,0,0,7,14,2,4,2,7,2,2,1,1,10,45,19,16,4,3,0,0,1,0,18,17,9,4,4,2,32,9,5,1,53,56,40.0,45.0,13.0,11.0,7.0,10.0,270,594,170.0,499.0,92,187,78,312,23.0,22.0,3.0,11.0,1.17,1.41,1.03,1.1,0.14,0.31,1.17,1.41,0.67,0.99,0,1,5,9,2,4,2,3,0,1,0.0,0.0414,0.7613,0.9534,0.1115,0.3075,0.2945,0.082,0.0,0.0257,6,11,1,0,1,4,1,3,0,0,0.8002,1.1008,0.2311,0.0,0.0966,0.152,0.0393,0.1573,0.0,0.0,9,18,17.82,15.67
3787266,2022-03-13,usa,2022,MLS,,Drew Fischer,6580,New England Revolution,6606,Real Salt Lake,1,2,3,50,50,13,19,5,6,6,6,2,7,1,1,9,15,4,4,6,8,3,4,1,2,17,41,9,9,3,3,0,0,0,2,20,12,10,12,7,1,33,23,3,3,56,45,33.0,29.0,23.0,16.0,6.0,9.0,416,406,261.0,268.0,113,86,148,182,26.0,32.0,7.0,7.0,1.21,2.24,0.94,1.69,0.27,0.55,1.21,2.24,1.47,2.65,1,1,4,12,4,2,1,3,3,1,0.5343,0.3856,0.3647,1.5201,0.2107,0.1645,0.024,0.1435,0.0723,0.0236,9,13,1,0,3,5,0,1,0,0,0.9076,1.6862,0.0325,0.0,0.2658,0.1655,0.0,0.3856,0.0,0.0,13,19,18.3,14.75
3787266,2022-03-13,usa,2022,MLS,,Drew Fischer,6606,Real Salt Lake,6580,New England Revolution,0,3,2,50,50,19,13,6,5,6,6,7,2,1,1,15,9,4,4,8,6,4,3,2,1,41,17,9,9,3,3,0,0,2,0,12,20,12,10,1,7,23,33,3,3,45,56,29.0,33.0,16.0,23.0,9.0,6.0,406,416,268.0,261.0,86,113,182,148,32.0,26.0,7.0,7.0,2.24,1.21,1.69,0.94,0.55,0.27,2.24,1.21,2.65,1.47,1,1,12,4,2,4,3,1,1,3,0.3856,0.5343,1.5201,0.3647,0.1645,0.2107,0.1435,0.024,0.0236,0.0723,13,9,0,1,5,3,1,0,0,0,1.6862,0.9076,0.0,0.0325,0.1655,0.2658,0.3856,0.0,0.0,0.0,19,13,14.75,18.3
3787279,2022-03-13,usa,2022,MLS,,Rubiel Vazquez,6602,DC United,6397,Chicago Fire FC,1,0,2,55,45,15,13,5,8,3,3,7,2,0,0,11,8,4,5,8,2,1,3,1,2,23,22,14,15,3,3,0,0,1,2,15,20,9,17,3,8,11,38,5,4,55,66,39.0,49.0,16.0,17.0,9.0,16.0,487,403,375.0,282.0,196,141,179,141,28.0,19.0,4.0,3.0,1.38,1.75,0.8,1.12,0.59,0.62,1.38,1.75,1.39,1.29,1,1,8,5,2,2,4,5,0,0,0.4158,0.4963,0.6408,0.6597,0.1865,0.292,0.1625,0.3005,0.0,0.0,6,8,0,2,5,3,4,0,0,0,0.7962,0.7456,0.0,0.3795,0.1638,0.6235,0.4457,0.0,0.0,0.0,15,13,15.83,16.16
3787279,2022-03-13,usa,2022,MLS,,Rubiel Vazquez,6397,Chicago Fire FC,6602,DC United,0,2,0,45,55,13,15,8,5,3,3,2,7,0,0,8,11,5,4,2,8,3,1,2,1,22,23,15,14,3,3,0,0,2,1,20,15,17,9,8,3,38,11,4,5,66,55,49.0,39.0,17.0,16.0,16.0,9.0,403,487,282.0,375.0,141,196,141,179,19.0,28.0,3.0,4.0,1.75,1.38,1.12,0.8,0.62,0.59,1.75,1.38,1.29,1.39,1,1,5,8,2,2,5,4,0,0,0.4963,0.4158,0.6597,0.6408,0.292,0.1865,0.3005,0.1625,0.0,0.0,8,6,2,0,3,5,0,4,0,0,0.7456,0.7962,0.3795,0.0,0.6235,0.1638,0.0,0.4457,0.0,0.0,13,15,16.16,15.83
3787257,2022-03-19,usa,2022,MLS,,Ted Unkel,546238,New York City FC,191716,Philadelphia Union,1,0,2,73,27,18,13,3,4,10,7,5,2,0,0,12,10,6,3,9,5,2,2,2,0,33,24,12,12,4,4,0,0,0,2,14,22,9,14,2,6,18,30,2,2,58,59,34.0,39.0,24.0,20.0,8.0,6.0,586,219,475.0,113.0,245,42,230,71,30.0,24.0,9.0,4.0,1.39,2.14,1.09,0.89,0.29,1.25,1.39,2.14,1.13,1.38,2,4,6,5,4,1,6,3,0,0,0.2546,1.1473,0.5231,0.7516,0.1955,0.0855,0.4147,0.1589,0.0,0.0,14,4,0,0,2,3,2,6,0,0,1.0946,0.8924,0.0,0.0,0.0549,0.1303,0.2384,1.1207,0.0,0.0,18,13,15.22,12.53
3787257,2022-03-19,usa,2022,MLS,,Ted Unkel,191716,Philadelphia Union,546238,New York City FC,0,2,0,27,73,13,18,4,3,7,10,2,5,0,0,10,12,3,6,5,9,2,2,0,2,24,33,12,12,4,4,0,0,2,0,22,14,14,9,6,2,30,18,2,2,59,58,39.0,34.0,20.0,24.0,6.0,8.0,219,586,113.0,475.0,42,245,71,230,24.0,30.0,4.0,9.0,2.14,1.39,0.89,1.09,1.25,0.29,2.14,1.39,1.38,1.13,4,2,5,6,1,4,3,6,0,0,1.1473,0.2546,0.7516,0.5231,0.0855,0.1955,0.1589,0.4147,0.0,0.0,4,14,0,0,3,2,6,2,0,0,0.8924,1.0946,0.0,0.0,0.1303,0.0549,1.1207,0.2384,0.0,0.0,13,18,12.53,15.22
3787258,2022-03-19,usa,2022,MLS,,Ismir Pekmic,722265,FC Cincinnati,960720,Inter Miami CF,1,3,1,50,50,15,13,6,2,7,5,2,6,0,0,9,6,6,7,0,3,5,2,4,1,16,15,12,19,3,3,0,0,3,2,16,24,0,7,6,2,11,11,1,3,67,55,53.0,40.0,14.0,15.0,19.0,5.0,412,420,337.0,340.0,137,208,200,132,28.0,19.0,5.0,5.0,2.46,1.44,1.52,0.3,0.15,0.35,1.67,0.65,1.86,1.11,4,1,5,4,0,1,3,6,3,1,0.8015,0.1617,1.4031,0.9542,0.0,0.0706,0.1549,0.2214,0.1012,0.0285,13,7,0,0,0,2,1,3,1,1,1.5208,0.2988,0.0,0.0,0.0,0.1814,0.1515,0.1677,0.7884,0.7884,15,13,14.99,18.2
3787258,2022-03-19,usa,2022,MLS,,Ismir Pekmic,960720,Inter Miami CF,722265,FC Cincinnati,0,1,3,50,50,13,15,2,6,5,7,6,2,0,0,6,9,7,6,3,0,2,5,1,4,15,16,19,12,3,3,0,0,2,3,24,16,7,0,2,6,11,11,3,1,55,67,40.0,53.0,15.0,14.0,5.0,19.0,420,412,340.0,337.0,208,137,132,200,19.0,28.0,5.0,5.0,1.44,2.46,0.3,1.52,0.35,0.15,0.65,1.67,1.11,1.86,1,4,4,5,1,0,6,3,1,3,0.1617,0.8015,0.9542,1.4031,0.0706,0.0,0.2214,0.1549,0.0285,0.1012,7,13,0,0,2,0,3,1,1,1,0.2988,1.5208,0.0,0.0,0.1814,0.0,0.1677,0.1515,0.7884,0.7884,13,15,18.2,14.99
3787267,2022-03-19,usa,2022,MLS,,Alex Chilowicz,6637,LA Galaxy,267810,Orlando City,1,0,1,63,37,20,6,3,2,10,2,7,2,0,0,13,4,7,2,12,2,3,1,3,0,35,9,12,13,0,3,0,0,1,3,12,14,8,11,2,7,7,28,1,3,43,34,32.0,29.0,11.0,5.0,8.0,3.0,572,349,508.0,286.0,225,152,283,134,28.0,31.0,5.0,3.0,2.26,0.51,1.64,0.44,0.62,0.07,2.26,0.51,,,1,0,10,3,2,1,6,1,1,1,0.2091,0.0,1.5935,0.3661,0.1919,0.08,0.3146,0.036,0.0205,0.0284,13,4,0,1,6,1,1,0,0,0,1.7102,0.3754,0.0,0.0614,0.5574,0.0736,0.062,0.0,0.0,0.0,20,6,17.13,16.76
3787267,2022-03-19,usa,2022,MLS,,Alex Chilowicz,267810,Orlando City,6637,LA Galaxy,0,1,0,37,63,6,20,2,3,2,10,2,7,0,0,4,13,2,7,2,12,1,3,0,3,9,35,13,12,3,0,0,0,3,1,14,12,11,8,7,2,28,7,3,1,34,43,29.0,32.0,5.0,11.0,3.0,8.0,349,572,286.0,508.0,152,225,134,283,31.0,28.0,3.0,5.0,0.51,2.26,0.44,1.64,0.07,0.62,0.51,2.26,,,0,1,3,10,1,2,1,6,1,1,0.0,0.2091,0.3661,1.5935,0.08,0.1919,0.036,0.3146,0.0284,0.0205,4,13,1,0,1,6,0,1,0,0,0.3754,1.7102,0.0614,0.0,0.0736,0.5574,0.0,0.062,0.0,0.0,6,20,16.76,17.13
3787268,2022-03-19,usa,2022,MLS,,Timothy Ford,6397,Chicago Fire FC,6604,Sporting Kansas City,1,3,1,54,46,10,7,3,2,4,1,3,4,0,0,6,4,4,3,4,1,1,0,0,0,17,16,14,17,2,2,0,0,6,2,7,11,12,16,4,3,19,18,1,0,57,42,29.0,28.0,28.0,14.0,7.0,4.0,481,391,372.0,290.0,231,117,141,173,30.0,27.0,3.0,2.0,1.66,0.51,0.8,0.48,0.07,0.03,0.87,0.51,1.18,0.19,0,0,5,4,1,0,3,2,1,1,0.0,0.0,1.4013,0.4154,0.0487,0.0,0.1195,0.0477,0.0923,0.0469,6,6,0,0,3,0,0,1,1,0,0.7992,0.4756,0.0,0.0,0.0742,0.0,0.0,0.0345,0.7884,0.0,10,7,20.19,18.92
3787268,2022-03-19,usa,2022,MLS,,Timothy Ford,6604,Sporting Kansas City,6397,Chicago Fire FC,0,1,3,46,54,7,10,2,3,1,4,4,3,0,0,4,6,3,4,1,4,0,1,0,0,16,17,17,14,2,2,0,0,2,6,11,7,16,12,3,4,18,19,0,1,42,57,28.0,29.0,14.0,28.0,4.0,7.0,391,481,290.0,372.0,117,231,173,141,27.0,30.0,2.0,3.0,0.51,1.66,0.48,0.8,0.03,0.07,0.51,0.87,0.19,1.18,0,0,4,5,0,1,2,3,1,1,0.0,0.0,0.4154,1.4013,0.0,0.0487,0.0477,0.1195,0.0469,0.0923,6,6,0,0,0,3,1,0,0,1,0.4756,0.7992,0.0,0.0,0.0,0.0742,0.0345,0.0,0.0,0.7884,7,10,18.92,20.19
3787278,2022-03-19,usa,2022,MLS,,Marcos de Oliveira,1323940,Charlotte FC,6580,New England Revolution,1,3,1,49,51,15,18,5,5,5,10,5,3,0,1,11,10,4,8,6,6,1,5,0,4,25,24,12,14,4,2,0,0,0,2,7,11,7,3,3,4,30,11,4,2,33,41,24.0,31.0,9.0,10.0,3.0,8.0,411,399,345.0,344.0,206,155,139,189,41.0,28.0,6.0,9.0,1.27,1.81,0.81,0.9,0.46,0.12,1.27,1.02,1.78,1.68,2,1,8,7,1,2,4,5,0,3,0.3325,0.1005,0.6992,1.3133,0.0292,0.0387,0.2077,0.2751,0.0,0.0852,10,13,0,0,4,2,1,2,0,1,0.812,0.9004,0.0,0.0,0.4277,0.0578,0.0291,0.0661,0.0,0.7884,15,18,14.26,17.25
3787278,2022-03-19,usa,2022,MLS,,Marcos de Oliveira,6580,New England Revolution,1323940,Charlotte FC,0,1,3,51,49,18,15,5,5,10,5,3,5,1,0,10,11,8,4,6,6,5,1,4,0,24,25,14,12,2,4,0,0,2,0,11,7,3,7,4,3,11,30,2,4,41,33,31.0,24.0,10.0,9.0,8.0,3.0,399,411,344.0,345.0,155,206,189,139,28.0,41.0,9.0,6.0,1.81,1.27,0.9,0.81,0.12,0.46,1.02,1.27,1.68,1.78,1,2,7,8,2,1,5,4,3,0,0.1005,0.3325,1.3133,0.6992,0.0387,0.0292,0.2751,0.2077,0.0852,0.0,13,10,0,0,2,4,2,1,1,0,0.9004,0.812,0.0,0.0,0.0578,0.4277,0.0661,0.0291,0.7884,0.0,18,15,17.25,14.26
3787453,2022-03-19,usa,2022,MLS,,Ramy Touchan,56453,Toronto FC,6602,DC United,1,2,1,50,50,9,12,6,5,2,5,1,2,0,0,9,7,0,5,5,3,2,2,1,2,23,23,11,20,4,3,0,0,2,0,9,9,13,17,2,1,19,11,4,4,60,46,42.0,24.0,18.0,22.0,14.0,4.0,426,414,311.0,301.0,166,145,145,156,27.0,35.0,3.0,6.0,1.38,1.11,0.53,0.94,0.85,0.17,1.38,1.11,1.87,1.12,2,0,5,6,2,1,0,4,0,1,0.8249,0.0,0.3446,0.7885,0.2055,0.067,0.0,0.2369,0.0,0.0211,6,9,0,0,1,0,2,3,0,0,0.5272,0.9399,0.0,0.0,0.7411,0.0,0.1067,0.1736,0.0,0.0,9,12,12.7,18.65
3787453,2022-03-19,usa,2022,MLS,,Ramy Touchan,6602,DC United,56453,Toronto FC,0,1,2,50,50,12,9,5,6,5,2,2,1,0,0,7,9,5,0,3,5,2,2,2,1,23,23,20,11,3,4,0,0,0,2,9,9,17,13,1,2,11,19,4,4,46,60,24.0,42.0,22.0,18.0,4.0,14.0,414,426,301.0,311.0,145,166,156,145,35.0,27.0,6.0,3.0,1.11,1.38,0.94,0.53,0.17,0.85,1.11,1.38,1.12,1.87,0,2,6,5,1,2,4,0,1,0,0.0,0.8249,0.7885,0.3446,0.067,0.2055,0.2369,0.0,0.0211,0.0,9,6,0,0,0,1,3,2,0,0,0.9399,0.5272,0.0,0.0,0.0,0.7411,0.1736,0.1067,0.0,0.0,12,9,18.65,12.7
3787454,2022-03-19,usa,2022,MLS,,Chris Penso,773958,Atlanta United,161195,CF Montreal,1,3,3,54,46,8,16,3,6,4,3,1,7,0,0,3,10,5,6,5,6,1,3,0,1,10,24,7,13,2,7,1,0,2,0,5,13,0,7,7,1,12,15,3,0,33,33,30.0,29.0,3.0,4.0,13.0,9.0,519,453,444.0,384.0,229,186,215,198,23.0,31.0,3.0,1.0,0.7,2.94,0.55,2.13,0.15,0.02,0.7,2.15,1.19,2.73,0,0,1,8,2,2,5,3,0,3,0.0,0.0,0.0727,2.1574,0.0833,0.6115,0.5395,0.0669,0.0,0.1023,5,12,0,1,2,2,1,0,0,1,0.5452,1.3223,0.0,0.8069,0.0958,0.0205,0.0546,0.0,0.0,0.7884,8,16,19.5,17.53
3787454,2022-03-19,usa,2022,MLS,,Chris Penso,161195,CF Montreal,773958,Atlanta United,0,3,3,46,54,16,8,6,3,3,4,7,1,0,0,10,3,6,5,6,5,3,1,1,0,24,10,13,7,7,2,0,1,0,2,13,5,7,0,1,7,15,12,0,3,33,33,29.0,30.0,4.0,3.0,9.0,13.0,453,519,384.0,444.0,186,229,198,215,31.0,23.0,1.0,3.0,2.94,0.7,2.13,0.55,0.02,0.15,2.15,0.7,2.73,1.19,0,0,8,1,2,2,3,5,3,0,0.0,0.0,2.1574,0.0727,0.6115,0.0833,0.0669,0.5395,0.1023,0.0,12,5,1,0,2,2,0,1,1,0,1.3223,0.5452,0.8069,0.0,0.0205,0.0958,0.0,0.0546,0.7884,0.0,16,8,17.53,19.5
3787272,2022-03-20,usa,2022,MLS,,Lukasz Szpala,1218886,Austin FC,130394,Seattle Sounders FC,1,1,1,61,39,21,14,8,4,10,7,3,3,1,1,16,11,5,3,9,4,3,2,2,1,38,22,12,6,0,2,0,0,1,3,9,10,5,14,3,3,12,34,3,7,35,37,25.0,29.0,10.0,8.0,10.0,7.0,539,352,470.0,280.0,196,183,274,97,34.0,24.0,5.0,6.0,2.07,1.7,1.2,1.59,0.88,0.11,2.07,1.7,1.94,1.08,1,2,13,7,2,2,4,3,1,0,0.2311,0.4682,1.6494,0.9883,0.0622,0.0596,0.1322,0.1867,0.0202,0.0,15,9,0,2,4,2,2,1,0,0,1.2959,1.0643,0.0,0.525,0.4245,0.0505,0.3747,0.063,0.0,0.0,21,14,14.54,15.06
3787272,2022-03-20,usa,2022,MLS,,Lukasz Szpala,130394,Seattle Sounders FC,1218886,Austin FC,0,1,1,39,61,14,21,4,8,7,10,3,3,1,1,11,16,3,5,4,9,2,3,1,2,22,38,6,12,2,0,0,0,3,1,10,9,14,5,3,3,34,12,7,3,37,35,29.0,25.0,8.0,10.0,7.0,10.0,352,539,280.0,470.0,183,196,97,274,24.0,34.0,6.0,5.0,1.7,2.07,1.59,1.2,0.11,0.88,1.7,2.07,1.08,1.94,2,1,7,13,2,2,3,4,0,1,0.4682,0.2311,0.9883,1.6494,0.0596,0.0622,0.1867,0.1322,0.0,0.0202,9,15,2,0,2,4,1,2,0,0,1.0643,1.2959,0.525,0.0,0.0505,0.4245,0.063,0.3747,0.0,0.0,14,21,15.06,14.54
3787273,2022-03-20,usa,2022,MLS,,Joe Dickerson,6514,New York Red Bulls,6001,Columbus Crew,1,1,1,44,56,12,9,4,2,5,5,3,2,0,0,8,7,4,2,6,2,2,5,1,4,25,17,26,10,3,2,0,0,0,5,19,19,5,8,2,3,8,16,1,3,54,73,32.0,54.0,22.0,19.0,5.0,12.0,364,472,265.0,375.0,122,254,143,121,23.0,28.0,6.0,2.0,1.41,2.83,0.45,2.8,0.96,0.03,1.41,2.83,1.34,1.75,1,3,5,4,2,0,4,1,0,1,0.5926,1.8921,0.4521,1.2882,0.2128,0.0,0.1981,0.0688,0.0,0.0502,6,6,0,2,3,1,3,0,0,0,0.4734,1.8824,0.0,1.3909,0.6997,0.0261,0.2825,0.0,0.0,0.0,12,9,14.55,10.58
3787273,2022-03-20,usa,2022,MLS,,Joe Dickerson,6001,Columbus Crew,6514,New York Red Bulls,0,1,1,56,44,9,12,2,4,5,5,2,3,0,0,7,8,2,4,2,6,5,2,4,1,17,25,10,26,2,3,0,0,5,0,19,19,8,5,3,2,16,8,3,1,73,54,54.0,32.0,19.0,22.0,12.0,5.0,472,364,375.0,265.0,254,122,121,143,28.0,23.0,2.0,6.0,2.83,1.41,2.8,0.45,0.03,0.96,2.83,1.41,1.75,1.34,3,1,4,5,0,2,1,4,1,0,1.8921,0.5926,1.2882,0.4521,0.0,0.2128,0.0688,0.1981,0.0502,0.0,6,6,2,0,1,3,0,3,0,0,1.8824,0.4734,1.3909,0.0,0.0261,0.6997,0.0,0.2825,0.0,0.0,9,12,10.58,14.55
3787274,2022-03-20,usa,2022,MLS,,Tori Penso,6606,Real Salt Lake,915807,Nashville SC,1,2,1,42,58,10,16,2,8,6,7,2,1,0,1,6,11,4,5,7,4,2,5,1,4,17,24,7,9,1,3,0,1,0,2,21,24,13,9,1,2,19,15,7,0,52,48,38.0,36.0,14.0,12.0,10.0,5.0,372,526,288.0,448.0,139,263,149,185,21.0,18.0,6.0,3.0,0.94,2.56,0.38,1.57,0.56,1.0,0.94,2.56,0.28,2.07,3,2,3,9,0,0,2,3,2,2,0.5751,0.8768,0.2675,1.5259,0.0,0.0,0.0446,0.0886,0.0534,0.0705,4,12,0,0,3,3,3,1,0,0,0.3812,1.5783,0.0,0.0,0.4505,0.7289,0.1088,0.2545,0.0,0.0,10,16,16.4,15.45
3787274,2022-03-20,usa,2022,MLS,,Tori Penso,915807,Nashville SC,6606,Real Salt Lake,0,1,2,58,42,16,10,8,2,7,6,1,2,1,0,11,6,5,4,4,7,5,2,4,1,24,17,9,7,3,1,1,0,2,0,24,21,9,13,2,1,15,19,0,7,48,52,36.0,38.0,12.0,14.0,5.0,10.0,526,372,448.0,288.0,263,139,185,149,18.0,21.0,3.0,6.0,2.56,0.94,1.57,0.38,1.0,0.56,2.56,0.94,2.07,0.28,2,3,9,3,0,0,3,2,2,2,0.8768,0.5751,1.5259,0.2675,0.0,0.0,0.0886,0.0446,0.0705,0.0534,12,4,0,0,3,3,1,3,0,0,1.5783,0.3812,0.0,0.0,0.7289,0.4505,0.2545,0.1088,0.0,0.0,16,10,15.45,16.4
3787275,2022-03-20,usa,2022,MLS,,Nima Saghafi,8259,Houston Dynamo FC,8314,Colorado Rapids,1,1,1,58,42,13,8,3,4,6,2,4,2,0,0,4,5,9,3,1,5,2,1,1,0,15,19,6,9,2,4,0,0,1,2,9,11,12,8,2,4,15,18,4,2,38,34,28.0,24.0,10.0,10.0,10.0,8.0,579,420,499.0,323.0,307,174,192,149,25.0,29.0,5.0,2.0,1.11,1.4,1.03,0.51,0.09,0.88,1.11,1.4,0.93,1.62,1,2,2,2,1,1,5,2,4,1,0.391,0.8812,0.0871,0.2951,0.0329,0.0414,0.4331,0.148,0.1705,0.0299,11,6,0,0,0,2,2,0,0,0,1.0261,0.5145,0.0,0.0,0.0,0.8812,0.0885,0.0,0.0,0.0,13,8,21.49,14.38
3787275,2022-03-20,usa,2022,MLS,,Nima Saghafi,8314,Colorado Rapids,8259,Houston Dynamo FC,0,1,1,42,58,8,13,4,3,2,6,2,4,0,0,5,4,3,9,5,1,1,2,0,1,19,15,9,6,4,2,0,0,2,1,11,9,8,12,4,2,18,15,2,4,34,38,24.0,28.0,10.0,10.0,8.0,10.0,420,579,323.0,499.0,174,307,149,192,29.0,25.0,2.0,5.0,1.4,1.11,0.51,1.03,0.88,0.09,1.4,1.11,1.62,0.93,2,1,2,2,1,1,2,5,1,4,0.8812,0.391,0.2951,0.0871,0.0414,0.0329,0.148,0.4331,0.0299,0.1705,6,11,0,0,2,0,0,2,0,0,0.5145,1.0261,0.0,0.0,0.8812,0.0,0.0,0.0885,0.0,0.0,8,13,14.38,21.49
3787276,2022-03-20,usa,2022,MLS,,Allen Chapman,6399,FC Dallas,307690,Portland Timbers,1,4,1,49,51,14,12,8,4,4,5,2,3,0,0,8,8,6,4,6,6,3,2,0,1,17,18,8,9,2,0,0,0,1,2,10,18,8,18,3,2,17,15,3,4,42,54,29.0,39.0,13.0,15.0,10.0,15.0,475,477,367.0,390.0,209,239,158,151,20.0,30.0,4.0,2.0,1.64,0.78,1.47,0.52,0.17,0.26,1.64,0.78,2.47,1.71,0,1,6,6,2,1,5,2,1,2,0.0,0.1415,1.1678,0.4681,0.0908,0.0363,0.3712,0.0945,0.014,0.0434,10,6,0,0,3,2,1,4,0,0,1.472,0.5223,0.0,0.0,0.1126,0.0637,0.0591,0.1978,0.0,0.0,14,12,16.63,16.87
3787276,2022-03-20,usa,2022,MLS,,Allen Chapman,307690,Portland Timbers,6399,FC Dallas,0,1,4,51,49,12,14,4,8,5,4,3,2,0,0,8,8,4,6,6,6,2,3,1,0,18,17,9,8,0,2,0,0,2,1,18,10,18,8,2,3,15,17,4,3,54,42,39.0,29.0,15.0,13.0,15.0,10.0,477,475,390.0,367.0,239,209,151,158,30.0,20.0,2.0,4.0,0.78,1.64,0.52,1.47,0.26,0.17,0.78,1.64,1.71,2.47,1,0,6,6,1,2,2,5,2,1,0.1415,0.0,0.4681,1.1678,0.0363,0.0908,0.0945,0.3712,0.0434,0.014,6,10,0,0,2,3,4,1,0,0,0.5223,1.472,0.0,0.0,0.0637,0.1126,0.1978,0.0591,0.0,0.0,12,14,16.87,16.63
3787277,2022-03-20,usa,2022,MLS,,Pierre Luce Lauziere,207242,Minnesota United,6603,San Jose Earthquakes,1,1,0,38,62,13,6,5,0,7,5,1,1,0,0,5,4,8,2,4,4,3,0,2,0,17,6,22,16,2,3,0,0,0,1,14,29,11,12,1,1,14,9,0,4,52,70,39.0,59.0,13.0,11.0,12.0,10.0,305,495,231.0,408.0,103,204,128,204,22.0,40.0,2.0,4.0,1.76,0.28,1.69,0.28,0.08,0.0,1.76,0.28,1.38,0.0,0,0,4,2,1,2,5,1,3,1,0.0,0.0,1.1631,0.1419,0.0244,0.0886,0.4869,0.027,0.0907,0.0259,9,6,1,0,1,0,2,0,0,0,1.3623,0.2833,0.3246,0.0,0.0184,0.0,0.0597,0.0,0.0,0.0,13,6,21.17,20.57
3787277,2022-03-20,usa,2022,MLS,,Pierre Luce Lauziere,6603,San Jose Earthquakes,207242,Minnesota United,0,0,1,62,38,6,13,0,5,5,7,1,1,0,0,4,5,2,8,4,4,0,3,0,2,6,17,16,22,3,2,0,0,1,0,29,14,12,11,1,1,9,14,4,0,70,52,59.0,39.0,11.0,13.0,10.0,12.0,495,305,408.0,231.0,204,103,204,128,40.0,22.0,4.0,2.0,0.28,1.76,0.28,1.69,0.0,0.08,0.28,1.76,0.0,1.38,0,0,2,4,2,1,1,5,1,3,0.0,0.0,0.1419,1.1631,0.0886,0.0244,0.027,0.4869,0.0259,0.0907,6,9,0,1,0,1,0,2,0,0,0.2833,1.3623,0.0,0.3246,0.0,0.0184,0.0,0.0597,0.0,0.0,6,13,20.57,21.17
3787455,2022-03-21,usa,2022,MLS,,Guido Gonzalez,867280,Los Angeles FC,307691,Vancouver Whitecaps,1,3,1,61,39,18,7,9,2,3,3,6,2,0,1,11,6,7,1,11,3,3,1,2,0,32,13,15,12,3,2,0,0,3,0,6,21,8,21,2,6,6,31,1,6,47,57,30.0,48.0,17.0,9.0,14.0,12.0,613,382,519.0,296.0,285,178,234,118,20.0,24.0,3.0,3.0,1.74,1.08,1.08,0.23,0.65,0.85,1.74,1.08,2.57,0.95,3,1,5,4,3,1,7,1,0,0,0.493,0.6736,0.5925,0.2837,0.2491,0.1095,0.4228,0.0321,0.0,0.0,11,1,0,1,6,1,1,4,0,0,1.1053,0.1237,0.0,0.1095,0.4541,0.0504,0.1981,0.8153,0.0,0.0,18,7,14.01,13.8
3787455,2022-03-21,usa,2022,MLS,,Guido Gonzalez,307691,Vancouver Whitecaps,867280,Los Angeles FC,0,1,3,39,61,7,18,2,9,3,3,2,6,1,0,6,11,1,7,3,11,1,3,0,2,13,32,12,15,2,3,0,0,0,3,21,6,21,8,6,2,31,6,6,1,57,47,48.0,30.0,9.0,17.0,12.0,14.0,382,613,296.0,519.0,178,285,118,234,24.0,20.0,3.0,3.0,1.08,1.74,0.23,1.08,0.85,0.65,1.08,1.74,0.95,2.57,1,3,4,5,1,3,1,7,0,0,0.6736,0.493,0.2837,0.5925,0.1095,0.2491,0.0321,0.4228,0.0,0.0,1,11,1,0,1,6,4,1,0,0,0.1237,1.1053,0.1095,0.0,0.0504,0.4541,0.8153,0.1981,0.0,0.0,7,18,13.8,14.01
3787270,2022-03-26,usa,2022,MLS,,Joe Dickerson,6604,Sporting Kansas City,6606,Real Salt Lake,1,1,0,61,39,11,9,4,2,4,5,3,2,0,0,7,5,4,4,4,6,1,3,0,3,16,18,14,8,4,2,0,0,2,5,12,19,6,10,2,3,19,18,2,3,57,52,34.0,38.0,23.0,14.0,14.0,6.0,517,318,406.0,207.0,241,105,165,102,33.0,24.0,0.0,6.0,0.97,1.0,0.87,0.52,0.1,0.48,0.97,1.0,1.31,1.24,1,0,2,3,4,2,3,1,1,3,0.1242,0.0,0.3766,0.5333,0.2874,0.2828,0.0809,0.0577,0.1003,0.1299,10,5,0,0,1,2,0,2,0,0,0.869,0.5168,0.0,0.0,0.1003,0.0764,0.0,0.4105,0.0,0.0,11,9,18.7,17.93
3787270,2022-03-26,usa,2022,MLS,,Joe Dickerson,6606,Real Salt Lake,6604,Sporting Kansas City,0,0,1,39,61,9,11,2,4,5,4,2,3,0,0,5,7,4,4,6,4,3,1,3,0,18,16,8,14,2,4,0,0,5,2,19,12,10,6,3,2,18,19,3,2,52,57,38.0,34.0,14.0,23.0,6.0,14.0,318,517,207.0,406.0,105,241,102,165,24.0,33.0,6.0,0.0,1.0,0.97,0.52,0.87,0.48,0.1,1.0,0.97,1.24,1.31,0,1,3,2,2,4,1,3,3,1,0.0,0.1242,0.5333,0.3766,0.2828,0.2874,0.0577,0.0809,0.1299,0.1003,5,10,0,0,2,1,2,0,0,0,0.5168,0.869,0.0,0.0,0.0764,0.1003,0.4105,0.0,0.0,0.0,9,11,17.93,18.7
3787271,2022-03-26,usa,2022,MLS,,Alex Chilowicz,1323940,Charlotte FC,722265,FC Cincinnati,1,2,0,59,41,10,14,6,5,4,6,0,3,0,0,4,7,6,7,3,3,2,3,1,3,10,21,14,10,0,2,0,0,1,1,17,28,10,7,3,0,17,9,5,4,47,61,40.0,49.0,7.0,12.0,13.0,9.0,519,358,412.0,255.0,300,75,112,180,25.0,29.0,2.0,5.0,1.0,1.61,0.96,1.61,0.04,0.0,1.0,1.61,2.52,1.32,1,1,3,5,0,1,5,2,1,5,0.3265,0.1321,0.3794,1.1288,0.0,0.0311,0.2708,0.1047,0.0402,0.2151,9,14,0,0,0,0,1,0,0,0,0.9766,1.6118,0.0,0.0,0.0,0.0,0.0402,0.0,0.0,0.0,10,14,19.88,18.96
3787271,2022-03-26,usa,2022,MLS,,Alex Chilowicz,722265,FC Cincinnati,1323940,Charlotte FC,0,0,2,41,59,14,10,5,6,6,4,3,0,0,0,7,4,7,6,3,3,3,2,3,1,21,10,10,14,2,0,0,0,1,1,28,17,7,10,0,3,9,17,4,5,61,47,49.0,40.0,12.0,7.0,9.0,13.0,358,519,255.0,412.0,75,300,180,112,29.0,25.0,5.0,2.0,1.61,1.0,1.61,0.96,0.0,0.04,1.61,1.0,1.32,2.52,1,1,5,3,1,0,2,5,5,1,0.1321,0.3265,1.1288,0.3794,0.0311,0.0,0.1047,0.2708,0.2151,0.0402,14,9,0,0,0,0,0,1,0,0,1.6118,0.9766,0.0,0.0,0.0,0.0,0.0,0.0402,0.0,0.0,14,10,18.96,19.88
3787269,2022-03-27,usa,2022,MLS,,Marcos de Oliveira,307690,Portland Timbers,267810,Orlando City,1,1,1,52,48,12,11,3,4,5,5,4,2,0,0,5,5,7,6,5,4,2,2,1,1,17,17,21,9,3,2,1,0,0,0,11,25,15,8,2,4,21,18,3,2,42,65,30.0,53.0,12.0,12.0,10.0,7.0,492,447,416.0,373.0,213,179,203,194,33.0,29.0,3.0,4.0,1.87,0.79,1.02,0.71,0.07,0.08,1.08,0.79,1.16,1.2,1,0,4,4,0,1,5,6,2,0,0.5562,0.0,0.9812,0.4598,0.0,0.0055,0.284,0.3253,0.051,0.0,8,8,1,0,2,2,0,1,1,0,0.9188,0.708,0.0996,0.0,0.0656,0.0437,0.0,0.0389,0.7884,0.0,12,11,18.33,19.28
3787269,2022-03-27,usa,2022,MLS,,Marcos de Oliveira,267810,Orlando City,307690,Portland Timbers,0,1,1,48,52,11,12,4,3,5,5,2,4,0,0,5,5,6,7,4,5,2,2,1,1,17,17,9,21,2,3,0,1,0,0,25,11,8,15,4,2,18,21,2,3,65,42,53.0,30.0,12.0,12.0,7.0,10.0,447,492,373.0,416.0,179,213,194,203,29.0,33.0,4.0,3.0,0.79,1.87,0.71,1.02,0.08,0.07,0.79,1.08,1.2,1.16,0,1,4,4,1,0,6,5,0,2,0.0,0.5562,0.4598,0.9812,0.0055,0.0,0.3253,0.284,0.0,0.051,8,8,0,1,2,2,1,0,0,1,0.708,0.9188,0.0,0.0996,0.0437,0.0656,0.0389,0.0,0.0,0.7884,11,12,19.28,18.33
3787256,2022-04-02,usa,2022,MLS,,Pierre Luce Lauziere,6397,Chicago Fire FC,6399,FC Dallas,1,0,0,50,50,9,5,1,1,6,3,2,1,0,0,7,4,2,1,2,1,0,0,0,0,23,12,15,18,4,2,0,0,4,4,15,18,17,10,1,2,6,6,1,1,57,54,43.0,47.0,14.0,7.0,11.0,14.0,486,491,402.0,393.0,264,239,138,154,29.0,32.0,7.0,1.0,0.68,0.33,0.41,0.22,0.26,0.11,0.68,0.33,0.02,0.07,0,0,6,2,1,2,2,1,0,0,0.0,0.0,0.572,0.1437,0.0555,0.1595,0.049,0.0304,0.0,0.0,7,3,0,0,1,1,1,1,0,0,0.4134,0.2246,0.0,0.0,0.2048,0.0304,0.0583,0.0786,0.0,0.0,9,5,15.79,18.54
3787256,2022-04-02,usa,2022,MLS,,Pierre Luce Lauziere,6399,FC Dallas,6397,Chicago Fire FC,0,0,0,50,50,5,9,1,1,3,6,1,2,0,0,4,7,1,2,1,2,0,0,0,0,12,23,18,15,2,4,0,0,4,4,18,15,10,17,2,1,6,6,1,1,54,57,47.0,43.0,7.0,14.0,14.0,11.0,491,486,393.0,402.0,239,264,154,138,32.0,29.0,1.0,7.0,0.33,0.68,0.22,0.41,0.11,0.26,0.33,0.68,0.07,0.02,0,0,2,6,2,1,1,2,0,0,0.0,0.0,0.1437,0.572,0.1595,0.0555,0.0304,0.049,0.0,0.0,3,7,0,0,1,1,1,1,0,0,0.2246,0.4134,0.0,0.0,0.0304,0.2048,0.0786,0.0583,0.0,0.0,5,9,18.54,15.79
3787304,2022-04-02,usa,2022,MLS,,Rubiel Vazquez,6001,Columbus Crew,915807,Nashville SC,1,0,1,67,33,19,6,4,3,9,2,6,1,0,1,9,4,10,2,8,1,3,2,3,1,36,11,9,13,3,3,0,0,2,1,22,11,8,20,1,6,13,30,2,4,56,45,36.0,24.0,20.0,21.0,2.0,4.0,659,335,566.0,248.0,195,176,371,72,12.0,32.0,5.0,3.0,1.66,0.88,1.4,0.88,0.26,0.0,1.66,0.88,1.1,1.41,1,0,7,2,1,2,9,1,1,1,0.1776,0.0,0.8556,0.6067,0.0619,0.2228,0.5402,0.0285,0.0249,0.0196,14,5,0,1,4,0,1,0,0,0,1.4027,0.77,0.0,0.1076,0.16,0.0,0.0975,0.0,0.0,0.0,19,6,16.61,17.3
3787304,2022-04-02,usa,2022,MLS,,Rubiel Vazquez,915807,Nashville SC,6001,Columbus Crew,0,1,0,33,67,6,19,3,4,2,9,1,6,1,0,4,9,2,10,1,8,2,3,1,3,11,36,13,9,3,3,0,0,1,2,11,22,20,8,6,1,30,13,4,2,45,56,24.0,36.0,21.0,20.0,4.0,2.0,335,659,248.0,566.0,176,195,72,371,32.0,12.0,3.0,5.0,0.88,1.66,0.88,1.4,0.0,0.26,0.88,1.66,1.41,1.1,0,1,2,7,2,1,1,9,1,1,0.0,0.1776,0.6067,0.8556,0.2228,0.0619,0.0285,0.5402,0.0196,0.0249,5,14,1,0,0,4,0,1,0,0,0.77,1.4027,0.1076,0.0,0.0,0.16,0.0,0.0975,0.0,0.0,6,19,17.3,16.61
3787305,2022-04-02,usa,2022,MLS,,Armando Villarreal,6602,DC United,773958,Atlanta United,1,0,1,43,57,10,14,2,3,7,8,1,3,0,0,8,9,2,5,10,4,1,0,1,0,25,19,20,12,2,3,0,0,4,1,17,17,7,10,2,1,13,15,2,2,56,69,39.0,49.0,17.0,20.0,10.0,15.0,341,479,247.0,386.0,119,209,128,177,32.0,30.0,7.0,6.0,0.48,1.02,0.25,0.51,0.23,0.51,0.48,1.02,0.31,1.17,1,0,5,8,2,1,0,3,2,2,0.0387,0.0,0.2482,0.7858,0.1537,0.0566,0.0,0.1288,0.0391,0.0462,6,7,0,1,4,3,0,3,0,0,0.246,0.4503,0.0,0.0566,0.2337,0.2414,0.0,0.2692,0.0,0.0,10,14,16.45,17.34
3787305,2022-04-02,usa,2022,MLS,,Armando Villarreal,773958,Atlanta United,6602,DC United,0,1,0,57,43,14,10,3,2,8,7,3,1,0,0,9,8,5,2,4,10,0,1,0,1,19,25,12,20,3,2,0,0,1,4,17,17,10,7,1,2,15,13,2,2,69,56,49.0,39.0,20.0,17.0,15.0,10.0,479,341,386.0,247.0,209,119,177,128,30.0,32.0,6.0,7.0,1.02,0.48,0.51,0.25,0.51,0.23,1.02,0.48,1.17,0.31,0,1,8,5,1,2,3,0,2,2,0.0,0.0387,0.7858,0.2482,0.0566,0.1537,0.1288,0.0,0.0462,0.0391,7,6,1,0,3,4,3,0,0,0,0.4503,0.246,0.0566,0.0,0.2414,0.2337,0.2692,0.0,0.0,0.0,14,10,17.34,16.45
3787306,2022-04-02,usa,2022,MLS,,Víctor Rivas,6580,New England Revolution,6514,New York Red Bulls,1,0,1,66,34,11,12,5,5,2,3,4,4,0,0,8,6,3,6,7,5,1,0,1,0,33,16,13,23,1,2,1,1,1,1,8,12,6,9,3,4,23,30,5,5,61,46,39.0,28.0,22.0,18.0,8.0,4.0,517,266,418.0,166.0,220,78,198,88,25.0,21.0,6.0,2.0,1.14,0.79,1.05,0.66,0.09,0.14,1.14,0.79,2.12,1.21,2,1,5,3,1,2,1,4,2,2,0.5976,0.0596,0.3391,0.3348,0.0433,0.2158,0.11,0.121,0.05,0.0636,9,9,0,2,2,0,0,1,0,0,1.0496,0.4999,0.0,0.2158,0.0905,0.0,0.0,0.0792,0.0,0.0,11,12,13.98,20.15
3787306,2022-04-02,usa,2022,MLS,,Víctor Rivas,6514,New York Red Bulls,6580,New England Revolution,0,1,0,34,66,12,11,5,5,3,2,4,4,0,0,6,8,6,3,5,7,0,1,0,1,16,33,23,13,2,1,1,1,1,1,12,8,9,6,4,3,30,23,5,5,46,61,28.0,39.0,18.0,22.0,4.0,8.0,266,517,166.0,418.0,78,220,88,198,21.0,25.0,2.0,6.0,0.79,1.14,0.66,1.05,0.14,0.09,0.79,1.14,1.21,2.12,1,2,3,5,2,1,4,1,2,2,0.0596,0.5976,0.3348,0.3391,0.2158,0.0433,0.121,0.11,0.0636,0.05,9,9,2,0,0,2,1,0,0,0,0.4999,1.0496,0.2158,0.0,0.0,0.0905,0.0792,0.0,0.0,0.0,12,11,20.15,13.98
3787322,2022-04-02,usa,2022,MLS,,Jair Marrufo,267810,Orlando City,867280,Los Angeles FC,1,2,4,61,39,13,11,5,4,7,5,1,2,0,0,10,6,3,5,7,2,0,4,0,1,28,17,13,19,1,5,0,0,2,1,16,13,11,5,2,1,10,24,0,3,55,40,45.0,30.0,10.0,10.0,10.0,4.0,522,329,432.0,249.0,200,134,232,115,25.0,21.0,6.0,2.0,1.46,3.18,0.67,2.88,0.79,0.3,1.46,3.18,1.82,2.83,3,3,5,1,2,2,1,4,2,1,0.6361,1.8371,0.5637,0.5523,0.1488,0.1284,0.0335,0.6463,0.0742,0.0181,6,8,0,2,3,0,4,1,0,0,0.6666,1.4234,0.0,1.4614,0.467,0.0,0.3226,0.2973,0.0,0.0,13,11,14.78,15.59
3787322,2022-04-02,usa,2022,MLS,,Jair Marrufo,867280,Los Angeles FC,267810,Orlando City,0,4,2,39,61,11,13,4,5,5,7,2,1,0,0,6,10,5,3,2,7,4,0,1,0,17,28,19,13,5,1,0,0,1,2,13,16,5,11,1,2,24,10,3,0,40,55,30.0,45.0,10.0,10.0,4.0,10.0,329,522,249.0,432.0,134,200,115,232,21.0,25.0,2.0,6.0,3.18,1.46,2.88,0.67,0.3,0.79,3.18,1.46,2.83,1.82,3,3,1,5,2,2,4,1,1,2,1.8371,0.6361,0.5523,0.5637,0.1284,0.1488,0.6463,0.0335,0.0181,0.0742,8,6,2,0,0,3,1,4,0,0,1.4234,0.6666,1.4614,0.0,0.0,0.467,0.2973,0.3226,0.0,0.0,11,13,15.59,14.78
3787323,2022-04-02,usa,2022,MLS,,Timothy Ford,191716,Philadelphia Union,1323940,Charlotte FC,1,2,0,41,59,9,10,6,1,2,4,1,5,0,0,6,4,3,6,5,6,3,0,1,0,22,8,14,8,2,0,0,0,2,3,14,10,9,10,5,1,26,30,1,4,43,48,28.0,28.0,15.0,20.0,6.0,4.0,352,505,274.0,429.0,118,272,156,157,28.0,30.0,2.0,2.0,1.0,0.66,0.72,0.25,0.28,0.41,1.0,0.66,2.01,0.02,1,1,4,3,1,0,3,4,0,2,0.1949,0.206,0.6609,0.2606,0.0675,0.0,0.0736,0.1467,0.0,0.0458,5,6,0,0,1,3,3,1,0,0,0.7201,0.2495,0.0,0.0,0.0314,0.3791,0.2455,0.0304,0.0,0.0,9,10,16.01,19.53
3787323,2022-04-02,usa,2022,MLS,,Timothy Ford,1323940,Charlotte FC,191716,Philadelphia Union,0,0,2,59,41,10,9,1,6,4,2,5,1,0,0,4,6,6,3,6,5,0,3,0,1,8,22,8,14,0,2,0,0,3,2,10,14,10,9,1,5,30,26,4,1,48,43,28.0,28.0,20.0,15.0,4.0,6.0,505,352,429.0,274.0,272,118,157,156,30.0,28.0,2.0,2.0,0.66,1.0,0.25,0.72,0.41,0.28,0.66,1.0,0.02,2.01,1,1,3,4,0,1,4,3,2,0,0.206,0.1949,0.2606,0.6609,0.0,0.0675,0.1467,0.0736,0.0458,0.0,6,5,0,0,3,1,1,3,0,0,0.2495,0.7201,0.0,0.0,0.3791,0.0314,0.0304,0.2455,0.0,0.0,10,9,19.53,16.01
3787324,2022-04-02,usa,2022,MLS,,Alex Chilowicz,6603,San Jose Earthquakes,1218886,Austin FC,1,2,2,64,36,17,9,11,4,4,4,2,1,1,1,12,7,5,2,9,0,4,4,2,3,39,13,15,20,3,3,0,0,3,3,13,15,6,13,1,2,6,33,2,9,52,47,40.0,37.0,12.0,10.0,11.0,8.0,492,290,407.0,221.0,190,145,217,76,45.0,21.0,5.0,0.0,2.85,2.3,1.17,1.51,0.89,0.0,2.06,1.51,2.96,1.18,2,1,8,5,2,1,3,2,2,0,0.5238,0.4709,2.0645,1.392,0.1675,0.3013,0.1514,0.1388,0.0851,0.0,10,8,0,0,4,0,2,0,1,1,1.3149,1.5146,0.0,0.0,0.6342,0.0,0.2549,0.0,0.7884,0.7884,17,9,14.72,14.58
3787324,2022-04-02,usa,2022,MLS,,Alex Chilowicz,1218886,Austin FC,6603,San Jose Earthquakes,0,2,2,36,64,9,17,4,11,4,4,1,2,1,1,7,12,2,5,0,9,4,4,3,2,13,39,20,15,3,3,0,0,3,3,15,13,13,6,2,1,33,6,9,2,47,52,37.0,40.0,10.0,12.0,8.0,11.0,290,492,221.0,407.0,145,190,76,217,21.0,45.0,0.0,5.0,2.3,2.85,1.51,1.17,0.0,0.89,1.51,2.06,1.18,2.96,1,2,5,8,1,2,2,3,0,2,0.4709,0.5238,1.392,2.0645,0.3013,0.1675,0.1388,0.1514,0.0,0.0851,8,10,0,0,0,4,0,2,1,1,1.5146,1.3149,0.0,0.0,0.0,0.6342,0.0,0.2549,0.7884,0.7884,9,17,14.58,14.72
3787456,2022-04-02,usa,2022,MLS,,Tori Penso,722265,FC Cincinnati,161195,CF Montreal,1,3,4,42,58,14,9,7,6,,,,,,,,,,,9,2,,,,,,,,,,,,,,,,,,,,,,,,,,,,,,,,,,,,,,,,,,,,,,,,,,,,,,,3,1,5,3,2,3,7,2,1,0,1.0257,0.8216,1.0898,0.4738,0.1002,0.3771,0.3508,0.0649,0.0302,0.0,11,8,0,1,5,0,1,0,1,0,1.5166,0.9158,0.0,0.8216,0.2616,0.0,0.0302,0.0,0.7884,0.0,18,9,16.04,16.84
3787456,2022-04-02,usa,2022,MLS,,Tori Penso,161195,CF Montreal,722265,FC Cincinnati,0,4,3,58,42,9,14,6,7,,,,,,,,,,,2,9,,,,,,,,,,,,,,,,,,,,,,,,,,,,,,,,,,,,,,,,,,,,,,,,,,,,,,,1,3,3,5,3,2,2,7,0,1,0.8216,1.0257,0.4738,1.0898,0.3771,0.1002,0.0649,0.3508,0.0,0.0302,8,11,1,0,0,5,0,1,0,1,0.9158,1.5166,0.8216,0.0,0.0,0.2616,0.0,0.0302,0.0,0.7884,9,18,16.84,16.04
3787474,2022-04-02,usa,2022,MLS,,Drew Fischer,56453,Toronto FC,546238,New York City FC,1,2,1,43,57,8,15,3,8,3,4,2,3,0,0,3,8,5,7,3,6,1,2,0,1,11,35,6,13,0,2,0,0,1,0,17,15,10,7,2,2,26,17,7,2,55,58,45.0,35.0,10.0,23.0,16.0,14.0,446,592,346.0,489.0,136,251,210,238,15.0,23.0,0.0,6.0,0.91,1.08,0.76,0.98,0.15,0.1,0.91,1.08,0.96,1.33,0,0,2,5,1,3,3,6,2,1,0.0,0.0,0.5884,0.6191,0.053,0.1543,0.1542,0.2612,0.1121,0.0418,6,13,1,0,0,2,1,0,0,0,0.7154,0.9808,0.0419,0.0,0.0,0.0955,0.1504,0.0,0.0,0.0,8,15,20.4,17.36
3787474,2022-04-02,usa,2022,MLS,,Drew Fischer,546238,New York City FC,56453,Toronto FC,0,1,2,57,43,15,8,8,3,4,3,3,2,0,0,8,3,7,5,6,3,2,1,1,0,35,11,13,6,2,0,0,0,0,1,15,17,7,10,2,2,17,26,2,7,58,55,35.0,45.0,23.0,10.0,14.0,16.0,592,446,489.0,346.0,251,136,238,210,23.0,15.0,6.0,0.0,1.08,0.91,0.98,0.76,0.1,0.15,1.08,0.91,1.33,0.96,0,0,5,2,3,1,6,3,1,2,0.0,0.0,0.6191,0.5884,0.1543,0.053,0.2612,0.1542,0.0418,0.1121,13,6,0,1,2,0,0,1,0,0,0.9808,0.7154,0.0,0.0419,0.0955,0.0,0.0,0.1504,0.0,0.0,15,8,17.36,20.4
3787325,2022-04-03,usa,2022,MLS,,Allen Chapman,960720,Inter Miami CF,8259,Houston Dynamo FC,1,1,3,54,46,22,11,5,5,9,5,8,1,0,0,6,9,16,2,7,3,2,5,1,2,23,18,7,15,3,4,0,0,1,0,14,10,10,13,1,8,5,24,2,4,43,31,36.0,22.0,7.0,9.0,7.0,5.0,439,381,384.0,316.0,218,199,166,117,27.0,20.0,2.0,4.0,1.81,2.47,0.84,1.23,0.19,0.46,1.03,1.68,1.36,3.09,1,0,3,8,2,1,9,2,7,0,0.0737,0.0,1.0522,2.1377,0.106,0.1716,0.4,0.1628,0.1829,0.0,15,6,2,0,2,3,2,1,1,1,0.6944,1.225,0.1456,0.0,0.0594,0.382,0.127,0.0767,0.7884,0.7884,22,11,21.2,13.3
3787325,2022-04-03,usa,2022,MLS,,Allen Chapman,8259,Houston Dynamo FC,960720,Inter Miami CF,0,3,1,46,54,11,22,5,5,5,9,1,8,0,0,9,6,2,16,3,7,5,2,2,1,18,23,15,7,4,3,0,0,0,1,10,14,13,10,8,1,24,5,4,2,31,43,22.0,36.0,9.0,7.0,5.0,7.0,381,439,316.0,384.0,199,218,117,166,20.0,27.0,4.0,2.0,2.47,1.81,1.23,0.84,0.46,0.19,1.68,1.03,3.09,1.36,0,1,8,3,1,2,2,9,0,7,0.0,0.0737,2.1377,1.0522,0.1716,0.106,0.1628,0.4,0.0,0.1829,6,15,0,2,3,2,1,2,1,1,1.225,0.6944,0.0,0.1456,0.382,0.0594,0.0767,0.127,0.7884,0.7884,11,22,13.3,21.2
3787326,2022-04-03,usa,2022,MLS,,Ismail Elfath,207242,Minnesota United,130394,Seattle Sounders FC,1,1,2,43,57,18,14,4,7,7,4,7,3,1,0,12,10,6,4,5,5,2,1,1,1,31,25,18,12,5,2,0,0,1,1,17,18,6,14,3,7,12,19,6,3,51,49,39.0,40.0,12.0,9.0,10.0,4.0,396,522,319.0,452.0,144,223,175,229,24.0,29.0,8.0,4.0,2.1,1.54,0.62,0.81,0.69,0.73,1.32,1.54,1.06,1.84,2,1,7,8,3,1,3,4,3,0,0.5624,0.3219,1.1299,0.8839,0.1963,0.0358,0.1344,0.3476,0.0807,0.0,8,8,1,0,4,3,4,3,1,0,0.5274,0.8115,0.0938,0.0,0.5344,0.1604,0.1596,0.6173,0.7884,0.0,18,14,16.21,14.89
3787326,2022-04-03,usa,2022,MLS,,Ismail Elfath,130394,Seattle Sounders FC,207242,Minnesota United,0,2,1,57,43,14,18,7,4,4,7,3,7,0,1,10,12,4,6,5,5,1,2,1,1,25,31,12,18,2,5,0,0,1,1,18,17,14,6,7,3,19,12,3,6,49,51,40.0,39.0,9.0,12.0,4.0,10.0,522,396,452.0,319.0,223,144,229,175,29.0,24.0,4.0,8.0,1.54,2.1,0.81,0.62,0.73,0.69,1.54,1.32,1.84,1.06,1,2,8,7,1,3,4,3,0,3,0.3219,0.5624,0.8839,1.1299,0.0358,0.1963,0.3476,0.1344,0.0,0.0807,8,8,0,1,3,4,3,4,0,1,0.8115,0.5274,0.0,0.0938,0.1604,0.5344,0.6173,0.1596,0.0,0.7884,14,18,14.89,16.21
3787327,2022-04-03,usa,2022,MLS,,Ted Unkel,8314,Colorado Rapids,6606,Real Salt Lake,1,1,1,63,37,16,5,6,2,7,0,3,3,0,0,8,4,8,1,5,4,2,1,1,0,24,12,10,8,1,3,0,0,2,1,12,9,11,28,3,3,9,12,1,5,49,41,31.0,29.0,18.0,12.0,11.0,10.0,536,321,438.0,236.0,261,134,177,102,34.0,16.0,2.0,2.0,1.75,1.14,0.56,0.35,1.19,0.0,1.75,0.35,2.09,1.04,2,0,3,2,3,2,3,0,5,1,0.7555,0.0,0.416,1.0195,0.1992,0.074,0.1447,0.0,0.2314,0.0419,9,4,0,0,3,0,4,0,0,1,0.5569,0.3469,0.0,0.0,0.4166,0.0,0.7733,0.0,0.0,0.7884,16,5,18.08,16.78
3787327,2022-04-03,usa,2022,MLS,,Ted Unkel,6606,Real Salt Lake,8314,Colorado Rapids,0,1,1,37,63,5,16,2,6,0,7,3,3,0,0,4,8,1,8,4,5,1,2,0,1,12,24,8,10,3,1,0,0,1,2,9,12,28,11,3,3,12,9,5,1,41,49,29.0,31.0,12.0,18.0,10.0,11.0,321,536,236.0,438.0,134,261,102,177,16.0,34.0,2.0,2.0,1.14,1.75,0.35,0.56,0.0,1.19,0.35,1.75,1.04,2.09,0,2,2,3,2,3,0,3,1,5,0.0,0.7555,1.0195,0.416,0.074,0.1992,0.0,0.1447,0.0419,0.2314,4,9,0,0,0,3,0,4,1,0,0.3469,0.5569,0.0,0.0,0.0,0.4166,0.0,0.7733,0.7884,0.0,5,16,16.78,18.08
3787328,2022-04-03,usa,2022,MLS,,Nima Saghafi,307690,Portland Timbers,6637,LA Galaxy,1,1,3,49,51,16,10,5,4,5,3,6,3,0,0,6,8,10,2,6,4,2,2,2,1,40,21,16,15,2,4,1,1,1,3,18,9,7,13,3,7,7,32,2,3,46,40,40.0,32.0,6.0,8.0,7.0,7.0,430,458,357.0,386.0,166,193,191,193,20.0,25.0,5.0,3.0,1.14,1.48,0.88,1.48,0.27,0.0,1.14,1.48,0.72,1.73,1,1,3,4,2,3,6,2,4,0,0.2855,0.6535,0.3752,0.5854,0.1231,0.1605,0.2633,0.0789,0.0966,0.0,11,10,0,0,1,0,4,0,0,0,0.8759,1.4783,0.0,0.0,0.0255,0.0,0.2422,0.0,0.0,0.0,16,10,21.17,14.51
3787328,2022-04-03,usa,2022,MLS,,Nima Saghafi,6637,LA Galaxy,307690,Portland Timbers,0,3,1,51,49,10,16,4,5,3,5,3,6,0,0,8,6,2,10,4,6,2,2,1,2,21,40,15,16,4,2,1,1,3,1,9,18,13,7,7,3,32,7,3,2,40,46,32.0,40.0,8.0,6.0,7.0,7.0,458,430,386.0,357.0,193,166,193,191,25.0,20.0,3.0,5.0,1.48,1.14,1.48,0.88,0.0,0.27,1.48,1.14,1.73,0.72,1,1,4,3,3,2,2,6,0,4,0.6535,0.2855,0.5854,0.3752,0.1605,0.1231,0.0789,0.2633,0.0,0.0966,10,11,0,0,0,1,0,4,0,0,1.4783,0.8759,0.0,0.0,0.0,0.0255,0.0,0.2422,0.0,0.0,10,16,14.51,21.17
3787475,2022-04-03,usa,2022,MLS,,Fotis Bazakos,307691,Vancouver Whitecaps,6604,Sporting Kansas City,1,1,0,48,52,12,11,3,4,7,3,2,4,0,0,10,8,2,3,1,3,1,1,0,1,24,22,12,11,4,0,0,0,1,0,14,9,11,6,4,2,24,22,4,2,50,51,29.0,29.0,21.0,22.0,6.0,8.0,475,534,374.0,427.0,226,251,148,176,36.0,26.0,7.0,4.0,0.95,0.64,0.89,0.36,0.06,0.28,0.95,0.64,1.03,0.62,1,0,7,5,2,3,2,3,0,0,0.2402,0.0,0.4069,0.5407,0.1736,0.0573,0.1342,0.0449,0.0,0.0,10,6,1,0,0,3,1,2,0,0,0.8119,0.3616,0.0783,0.0,0.0,0.199,0.0647,0.0823,0.0,0.0,12,11,13.1,18.98
3787475,2022-04-03,usa,2022,MLS,,Fotis Bazakos,6604,Sporting Kansas City,307691,Vancouver Whitecaps,0,0,1,52,48,11,12,4,3,3,7,4,2,0,0,8,10,3,2,3,1,1,1,1,0,22,24,11,12,0,4,0,0,0,1,9,14,6,11,2,4,22,24,2,4,51,50,29.0,29.0,22.0,21.0,8.0,6.0,534,475,427.0,374.0,251,226,176,148,26.0,36.0,4.0,7.0,0.64,0.95,0.36,0.89,0.28,0.06,0.64,0.95,0.62,1.03,0,1,5,7,3,2,3,2,0,0,0.0,0.2402,0.5407,0.4069,0.0573,0.1736,0.0449,0.1342,0.0,0.0,6,10,0,1,3,0,2,1,0,0,0.3616,0.8119,0.0,0.0783,0.199,0.0,0.0823,0.0647,0.0,0.0,11,12,18.98,13.1
3787329,2022-04-09,usa,2022,MLS,,Víctor Rivas,267810,Orlando City,6397,Chicago Fire FC,1,1,0,62,38,21,7,6,2,13,2,2,3,1,0,13,5,8,2,6,2,7,0,6,0,36,9,6,15,2,1,0,1,0,0,17,21,4,8,3,2,10,26,2,5,46,45,41.0,33.0,5.0,12.0,9.0,7.0,569,356,508.0,281.0,207,162,301,119,18.0,28.0,7.0,3.0,3.52,0.48,2.43,0.44,1.09,0.03,3.52,0.48,1.11,0.34,2,0,8,2,3,3,5,1,3,1,0.9745,0.0,1.8929,0.229,0.2062,0.1838,0.3621,0.0283,0.1161,0.0342,17,5,0,1,3,0,1,1,0,0,2.4639,0.3218,0.0,0.1209,0.3779,0.0,0.7099,0.0326,0.0,0.0,21,7,15.78,19.47
3787329,2022-04-09,usa,2022,MLS,,Víctor Rivas,6397,Chicago Fire FC,267810,Orlando City,0,0,1,38,62,7,21,2,6,2,13,3,2,0,1,5,13,2,8,2,6,0,7,0,6,9,36,15,6,1,2,1,0,0,0,21,17,8,4,2,3,26,10,5,2,45,46,33.0,41.0,12.0,5.0,7.0,9.0,356,569,281.0,508.0,162,207,119,301,28.0,18.0,3.0,7.0,0.48,3.52,0.44,2.43,0.03,1.09,0.48,3.52,0.34,1.11,0,2,2,8,3,3,1,5,1,3,0.0,0.9745,0.229,1.8929,0.1838,0.2062,0.0283,0.3621,0.0342,0.1161,5,17,1,0,0,3,1,1,0,0,0.3218,2.4639,0.1209,0.0,0.0,0.3779,0.0326,0.7099,0.0,0.0,7,21,19.47,15.78
3787331,2022-04-09,usa,2022,MLS,,Ramy Touchan,960720,Inter Miami CF,6580,New England Revolution,1,3,2,37,63,11,6,4,3,5,2,2,1,1,0,5,4,6,2,1,5,3,2,0,1,12,14,16,9,4,4,0,0,0,2,21,13,8,4,1,2,32,8,1,1,45,43,34.0,39.0,11.0,4.0,4.0,10.0,334,547,258.0,484.0,136,218,122,266,19.0,18.0,3.0,5.0,1.26,1.19,1.07,0.18,0.19,0.23,1.26,0.4,2.45,1.18,1,0,3,4,1,0,4,2,2,0,0.2128,0.0,0.7043,1.1247,0.0505,0.0,0.2231,0.0667,0.0659,0.0,9,2,0,0,0,2,2,1,0,1,1.0697,0.1771,0.0,0.0,0.0,0.1096,0.1868,0.1163,0.0,0.7884,11,6,19.16,14.32
3787331,2022-04-09,usa,2022,MLS,,Ramy Touchan,6580,New England Revolution,960720,Inter Miami CF,0,2,3,63,37,6,11,3,4,2,5,1,2,0,1,4,5,2,6,5,1,2,3,1,0,14,12,9,16,4,4,0,0,2,0,13,21,4,8,2,1,8,32,1,1,43,45,39.0,34.0,4.0,11.0,10.0,4.0,547,334,484.0,258.0,218,136,266,122,18.0,19.0,5.0,3.0,1.19,1.26,0.18,1.07,0.23,0.19,0.4,1.26,1.18,2.45,0,1,4,3,0,1,2,4,0,2,0.0,0.2128,1.1247,0.7043,0.0,0.0505,0.0667,0.2231,0.0,0.0659,2,9,0,0,2,0,1,2,1,0,0.1771,1.0697,0.0,0.0,0.1096,0.0,0.1163,0.1868,0.7884,0.0,6,11,14.32,19.16
3787333,2022-04-09,usa,2022,MLS,,Armando Villarreal,191716,Philadelphia Union,6001,Columbus Crew,1,1,0,31,69,10,19,5,4,3,11,2,4,0,0,7,12,3,7,4,8,3,0,3,0,19,31,12,8,1,1,0,0,0,4,17,7,9,5,4,2,25,7,4,5,51,54,27.0,35.0,24.0,19.0,2.0,16.0,275,590,179.0,506.0,90,226,89,280,31.0,37.0,3.0,5.0,1.87,1.44,1.6,1.05,0.27,0.39,1.87,1.44,1.41,0.47,0,0,6,7,1,5,3,4,0,3,0.0,0.0,1.5746,0.7385,0.1013,0.4233,0.1917,0.1893,0.0,0.0888,8,12,0,0,2,4,0,3,0,0,1.5995,1.0513,0.0,0.0,0.2681,0.1522,0.0,0.2365,0.0,0.0,10,19,14.49,18.83
3787333,2022-04-09,usa,2022,MLS,,Armando Villarreal,6001,Columbus Crew,191716,Philadelphia Union,0,0,1,69,31,19,10,4,5,11,3,4,2,0,0,12,7,7,3,8,4,0,3,0,3,31,19,8,12,1,1,0,0,4,0,7,17,5,9,2,4,7,25,5,4,54,51,35.0,27.0,19.0,24.0,16.0,2.0,590,275,506.0,179.0,226,90,280,89,37.0,31.0,5.0,3.0,1.44,1.87,1.05,1.6,0.39,0.27,1.44,1.87,0.47,1.41,0,0,7,6,5,1,4,3,3,0,0.0,0.0,0.7385,1.5746,0.4233,0.1013,0.1893,0.1917,0.0888,0.0,12,8,0,0,4,2,3,0,0,0,1.0513,1.5995,0.0,0.0,0.1522,0.2681,0.2365,0.0,0.0,0.0,19,10,18.83,14.49
3787334,2022-04-09,usa,2022,MLS,,Chris Penso,6637,LA Galaxy,867280,Los Angeles FC,1,2,1,43,57,9,17,2,7,3,5,4,5,0,1,7,9,2,8,5,4,4,4,2,3,22,33,17,12,7,3,0,0,2,9,19,18,12,11,5,4,30,10,6,0,47,53,43.0,44.0,4.0,9.0,13.0,11.0,322,405,253.0,346.0,134,157,119,189,31.0,24.0,2.0,4.0,1.01,2.02,0.54,1.26,0.47,0.76,1.01,2.02,1.42,1.61,1,2,5,5,1,2,0,4,2,4,0.3815,1.0477,0.5124,0.593,0.0074,0.1429,0.0,0.1661,0.1085,0.1343,6,12,0,0,2,1,1,4,0,0,0.5384,1.2672,0.0,0.0,0.3945,0.0311,0.0768,0.7858,0.0,0.0,9,17,15.65,18.33
3787334,2022-04-09,usa,2022,MLS,,Chris Penso,867280,Los Angeles FC,6637,LA Galaxy,0,1,2,57,43,17,9,7,2,5,3,5,4,1,0,9,7,8,2,4,5,4,4,3,2,33,22,12,17,3,7,0,0,9,2,18,19,11,12,4,5,10,30,0,6,53,47,44.0,43.0,9.0,4.0,11.0,13.0,405,322,346.0,253.0,157,134,189,119,24.0,31.0,4.0,2.0,2.02,1.01,1.26,0.54,0.76,0.47,2.02,1.01,1.61,1.42,2,1,5,5,2,1,4,0,4,2,1.0477,0.3815,0.593,0.5124,0.1429,0.0074,0.1661,0.0,0.1343,0.1085,12,6,0,0,1,2,4,1,0,0,1.2672,0.5384,0.0,0.0,0.0311,0.3945,0.7858,0.0768,0.0,0.0,17,9,18.33,15.65
3787476,2022-04-09,usa,2022,MLS,,Guido Gonzalez,6514,New York Red Bulls,161195,CF Montreal,1,1,2,50,50,15,10,5,4,8,3,2,3,0,1,10,5,5,5,5,3,2,3,2,1,31,17,13,11,4,4,0,0,2,2,25,15,13,7,3,3,15,25,2,3,55,69,40.0,45.0,15.0,24.0,5.0,18.0,393,402,293.0,305.0,153,179,140,126,15.0,35.0,5.0,3.0,1.42,1.74,1.22,1.27,0.2,0.47,1.42,1.74,0.82,1.14,1,0,4,3,5,2,1,2,4,3,0.6485,0.0,0.6175,0.4961,0.2218,0.1971,0.0252,0.1507,0.1381,0.8923,11,4,0,0,1,4,3,2,0,0,1.4495,1.2684,0.0,0.0,0.0576,0.3315,0.144,0.1361,0.0,0.0,15,10,18.91,18.47
3787476,2022-04-09,usa,2022,MLS,,Guido Gonzalez,161195,CF Montreal,6514,New York Red Bulls,0,2,1,50,50,10,15,4,5,3,8,3,2,1,0,5,10,5,5,3,5,3,2,1,2,17,31,11,13,4,4,0,0,2,2,15,25,7,13,3,3,25,15,3,2,69,55,45.0,40.0,24.0,15.0,18.0,5.0,402,393,305.0,293.0,179,153,126,140,35.0,15.0,3.0,5.0,1.74,1.42,1.27,1.22,0.47,0.2,1.74,1.42,1.14,0.82,0,1,3,4,2,5,2,1,3,4,0.0,0.6485,0.4961,0.6175,0.1971,0.2218,0.1507,0.0252,0.8923,0.1381,4,11,0,0,4,1,2,3,0,0,1.2684,1.4495,0.0,0.0,0.3315,0.0576,0.1361,0.144,0.0,0.0,10,15,18.47,18.91
3787307,2022-04-10,usa,2022,MLS,,Ismail Elfath,6604,Sporting Kansas City,915807,Nashville SC,1,1,2,52,48,18,19,5,6,8,5,5,8,1,0,9,15,9,4,5,5,2,4,2,2,22,25,12,16,3,1,0,0,1,3,8,8,8,7,7,5,18,13,4,4,51,40,31.0,27.0,20.0,13.0,8.0,8.0,471,434,404.0,359.0,213,238,191,121,34.0,36.0,6.0,8.0,1.16,2.84,0.93,0.79,0.23,1.26,1.16,2.05,1.34,2.3,1,1,7,9,1,5,2,2,7,2,0.1049,0.524,0.5531,1.9998,0.1394,0.1478,0.0737,0.1058,0.2871,0.0646,13,11,0,0,3,2,2,5,0,1,0.9281,0.7433,0.0,0.0,0.0559,0.069,0.1742,1.2413,0.0,0.7884,18,19,19.07,15.68
3787307,2022-04-10,usa,2022,MLS,,Ismail Elfath,915807,Nashville SC,6604,Sporting Kansas City,0,2,1,48,52,19,18,6,5,5,8,8,5,0,1,15,9,4,9,5,5,4,2,2,2,25,22,16,12,1,3,0,0,3,1,8,8,7,8,5,7,13,18,4,4,40,51,27.0,31.0,13.0,20.0,8.0,8.0,434,471,359.0,404.0,238,213,121,191,36.0,34.0,8.0,6.0,2.84,1.16,0.79,0.93,1.26,0.23,2.05,1.16,2.3,1.34,1,1,9,7,5,1,2,2,2,7,0.524,0.1049,1.9998,0.5531,0.1478,0.1394,0.1058,0.0737,0.0646,0.2871,11,13,0,0,2,3,5,2,1,0,0.7433,0.9281,0.0,0.0,0.069,0.0559,1.2413,0.1742,0.7884,0.0,19,18,15.68,19.07
3787309,2022-04-10,usa,2022,MLS,,Rosendo Mendoza,1218886,Austin FC,207242,Minnesota United,1,1,0,57,43,11,9,5,3,5,4,1,2,0,0,9,5,2,4,3,2,1,0,1,0,23,18,17,13,2,2,0,0,1,2,12,15,6,11,3,3,12,20,2,2,44,56,31.0,47.0,13.0,9.0,6.0,15.0,495,361,413.0,281.0,200,153,213,128,28.0,32.0,2.0,4.0,1.13,0.51,1.11,0.31,0.02,0.2,1.13,0.51,0.64,0.15,0,1,7,3,2,1,0,0,2,4,0.0,0.0821,1.0687,0.2504,0.067,0.063,0.0,0.0,0.0598,0.1234,10,6,0,0,0,3,1,0,0,0,1.1734,0.31,0.0,0.0,0.0,0.2089,0.0221,0.0,0.0,0.0,11,9,16.0,19.11
3787309,2022-04-10,usa,2022,MLS,,Rosendo Mendoza,207242,Minnesota United,1218886,Austin FC,0,0,1,43,57,9,11,3,5,4,5,2,1,0,0,5,9,4,2,2,3,0,1,0,1,18,23,13,17,2,2,0,0,2,1,15,12,11,6,3,3,20,12,2,2,56,44,47.0,31.0,9.0,13.0,15.0,6.0,361,495,281.0,413.0,153,200,128,213,32.0,28.0,4.0,2.0,0.51,1.13,0.31,1.11,0.2,0.02,0.51,1.13,0.15,0.64,1,0,3,7,1,2,0,0,4,2,0.0821,0.0,0.2504,1.0687,0.063,0.067,0.0,0.0,0.1234,0.0598,6,10,0,0,3,0,0,1,0,0,0.31,1.1734,0.0,0.0,0.2089,0.0,0.0,0.0221,0.0,0.0,9,11,19.11,16.0
3787320,2022-04-10,usa,2022,MLS,,Ismir Pekmic,8259,Houston Dynamo FC,6603,San Jose Earthquakes,1,4,3,33,67,12,18,7,6,4,7,1,5,0,0,6,9,6,9,3,2,1,2,0,0,11,26,15,10,6,3,0,0,1,0,11,13,9,9,5,1,8,4,3,3,33,48,26.0,39.0,7.0,9.0,6.0,10.0,282,584,199.0,513.0,130,249,69,264,21.0,51.0,1.0,5.0,1.43,1.43,1.03,1.24,0.41,0.19,1.43,1.43,1.63,2.88,0,0,4,6,2,3,5,5,1,4,0.0,0.0,0.8266,0.9443,0.151,0.1593,0.4211,0.2154,0.0336,0.1097,8,15,2,0,2,2,0,1,0,0,0.8794,1.2403,0.1476,0.0,0.4053,0.1265,0.0,0.0619,0.0,0.0,12,18,17.79,19.24
3787320,2022-04-10,usa,2022,MLS,,Ismir Pekmic,6603,San Jose Earthquakes,8259,Houston Dynamo FC,0,3,4,67,33,18,12,6,7,7,4,5,1,0,0,9,6,9,6,2,3,2,1,0,0,26,11,10,15,3,6,0,0,0,1,13,11,9,9,1,5,4,8,3,3,48,33,39.0,26.0,9.0,7.0,10.0,6.0,584,282,513.0,199.0,249,130,264,69,51.0,21.0,5.0,1.0,1.43,1.43,1.24,1.03,0.19,0.41,1.43,1.43,2.88,1.63,0,0,6,4,3,2,5,5,4,1,0.0,0.0,0.9443,0.8266,0.1593,0.151,0.2154,0.4211,0.1097,0.0336,15,8,0,2,2,2,1,0,0,0,1.2403,0.8794,0.0,0.1476,0.1265,0.4053,0.0619,0.0,0.0,0.0,18,12,19.24,17.79
3787321,2022-04-10,usa,2022,MLS,,Lukasz Szpala,6399,FC Dallas,8314,Colorado Rapids,1,3,1,35,65,7,16,6,6,1,7,0,3,0,1,4,10,3,6,0,8,1,4,0,3,11,36,15,12,3,3,0,0,1,0,21,12,8,3,2,0,21,2,5,4,43,55,39.0,38.0,4.0,17.0,6.0,13.0,324,579,235.0,486.0,165,296,70,190,9.0,45.0,0.0,5.0,1.39,2.11,1.31,1.73,0.09,0.38,1.39,2.11,1.53,1.63,1,0,2,6,1,4,2,6,1,0,0.9968,0.0,0.1849,1.2804,0.0869,0.2768,0.0853,0.5549,0.0386,0.0,3,10,2,1,0,4,2,1,0,0,0.2237,1.2471,1.0837,0.4835,0.0,0.1713,0.0851,0.2102,0.0,0.0,7,16,19.92,16.65
3787321,2022-04-10,usa,2022,MLS,,Lukasz Szpala,8314,Colorado Rapids,6399,FC Dallas,0,1,3,65,35,16,7,6,6,7,1,3,0,1,0,10,4,6,3,8,0,4,1,3,0,36,11,12,15,3,3,0,0,0,1,12,21,3,8,0,2,2,21,4,5,55,43,38.0,39.0,17.0,4.0,13.0,6.0,579,324,486.0,235.0,296,165,190,70,45.0,9.0,5.0,0.0,2.11,1.39,1.73,1.31,0.38,0.09,2.11,1.39,1.63,1.53,0,1,6,2,4,1,6,2,0,1,0.0,0.9968,1.2804,0.1849,0.2768,0.0869,0.5549,0.0853,0.0,0.0386,10,3,1,2,4,0,1,2,0,0,1.2471,0.2237,0.4835,1.0837,0.1713,0.0,0.2102,0.0851,0.0,0.0,16,7,16.65,19.92
3787330,2022-04-10,usa,2022,MLS,,Allen Chapman,1323940,Charlotte FC,773958,Atlanta United,1,1,0,51,49,15,16,4,6,7,8,4,2,0,0,9,10,6,6,6,5,0,1,0,1,21,14,17,9,3,1,0,0,0,0,19,18,12,10,2,4,14,19,6,3,46,51,33.0,43.0,13.0,8.0,6.0,9.0,460,451,378.0,383.0,205,216,173,167,24.0,24.0,9.0,4.0,0.9,1.34,0.59,0.91,0.3,0.43,0.9,1.34,1.35,0.75,1,1,6,5,2,4,3,4,3,2,0.0963,0.0496,0.5864,0.6322,0.0829,0.4552,0.0516,0.1649,0.0778,0.0409,9,11,0,0,5,1,1,4,0,0,0.5939,0.9143,0.0,0.0,0.2035,0.1234,0.0977,0.3051,0.0,0.0,15,16,18.42,18.26
3787330,2022-04-10,usa,2022,MLS,,Allen Chapman,773958,Atlanta United,1323940,Charlotte FC,0,0,1,49,51,16,15,6,4,8,7,2,4,0,0,10,9,6,6,5,6,1,0,1,0,14,21,9,17,1,3,0,0,0,0,18,19,10,12,4,2,19,14,3,6,51,46,43.0,33.0,8.0,13.0,9.0,6.0,451,460,383.0,378.0,216,205,167,173,24.0,24.0,4.0,9.0,1.34,0.9,0.91,0.59,0.43,0.3,1.34,0.9,0.75,1.35,1,1,5,6,4,2,4,3,2,3,0.0496,0.0963,0.6322,0.5864,0.4552,0.0829,0.1649,0.0516,0.0409,0.0778,11,9,0,0,1,5,4,1,0,0,0.9143,0.5939,0.0,0.0,0.1234,0.2035,0.3051,0.0977,0.0,0.0,16,15,18.26,18.42
3787477,2022-04-10,usa,2022,MLS,,Marcos de Oliveira,6606,Real Salt Lake,56453,Toronto FC,1,2,2,48,52,16,7,4,3,11,3,1,1,0,0,9,4,7,3,8,3,4,1,3,1,23,11,7,8,3,2,0,1,6,1,7,13,14,12,1,1,13,10,1,2,40,49,24.0,34.0,16.0,15.0,9.0,14.0,355,391,282.0,302.0,117,155,165,147,38.0,18.0,8.0,2.0,1.29,0.88,0.96,0.61,0.32,0.27,1.29,0.88,1.22,0.61,2,1,6,2,1,1,6,1,1,2,0.2825,0.2611,0.5927,0.4132,0.1407,0.0585,0.2182,0.01,0.0524,0.1335,10,5,0,0,5,2,1,0,0,0,0.9633,0.6052,0.0,0.0,0.2918,0.2711,0.0313,0.0,0.0,0.0,16,7,16.22,19.23
3787477,2022-04-10,usa,2022,MLS,,Marcos de Oliveira,56453,Toronto FC,6606,Real Salt Lake,0,2,2,52,48,7,16,3,4,3,11,1,1,0,0,4,9,3,7,3,8,1,4,1,3,11,23,8,7,2,3,1,0,1,6,13,7,12,14,1,1,10,13,2,1,49,40,34.0,24.0,15.0,16.0,14.0,9.0,391,355,302.0,282.0,155,117,147,165,18.0,38.0,2.0,8.0,0.88,1.29,0.61,0.96,0.27,0.32,0.88,1.29,0.61,1.22,1,2,2,6,1,1,1,6,2,1,0.2611,0.2825,0.4132,0.5927,0.0585,0.1407,0.01,0.2182,0.1335,0.0524,5,10,0,0,2,5,0,1,0,0,0.6052,0.9633,0.0,0.0,0.2711,0.2918,0.0,0.0313,0.0,0.0,7,16,19.23,16.22
3787478,2022-04-10,usa,2022,MLS,,Silviu Petrescu,307691,Vancouver Whitecaps,307690,Portland Timbers,1,2,3,50,50,17,5,7,4,7,1,3,0,0,0,15,3,2,2,5,0,2,2,1,0,35,11,10,12,0,4,0,0,1,1,11,7,8,13,0,3,8,34,1,5,41,42,33.0,32.0,8.0,10.0,11.0,17.0,491,514,414.0,430.0,177,291,237,139,34.0,25.0,4.0,0.0,2.51,1.3,0.57,0.51,0.36,0.0,0.93,0.51,3.44,2.09,1,0,12,3,2,0,2,2,0,0,0.2295,0.0,2.1693,1.1792,0.0445,0.0,0.0666,0.1208,0.0,0.0,11,4,0,0,1,0,3,0,2,1,0.5706,0.5116,0.0,0.0,0.0,0.0,0.3625,0.0,1.5768,0.7884,17,5,14.38,16.16
3787478,2022-04-10,usa,2022,MLS,,Silviu Petrescu,307690,Portland Timbers,307691,Vancouver Whitecaps,0,3,2,50,50,5,17,4,7,1,7,0,3,0,0,3,15,2,2,0,5,2,2,0,1,11,35,12,10,4,0,0,0,1,1,7,11,13,8,3,0,34,8,5,1,42,41,32.0,33.0,10.0,8.0,17.0,11.0,514,491,430.0,414.0,291,177,139,237,25.0,34.0,0.0,4.0,1.3,2.51,0.51,0.57,0.0,0.36,0.51,0.93,2.09,3.44,0,1,3,12,0,2,2,2,0,0,0.0,0.2295,1.1792,2.1693,0.0,0.0445,0.1208,0.0666,0.0,0.0,4,11,0,0,0,1,0,3,1,2,0.5116,0.5706,0.0,0.0,0.0,0.0,0.0,0.3625,0.7884,1.5768,5,17,16.16,14.38
3787310,2022-04-16,usa,2022,MLS,,Timothy Ford,6603,San Jose Earthquakes,915807,Nashville SC,1,2,2,66,34,17,8,5,5,6,2,6,1,0,0,6,5,11,3,8,1,3,4,2,2,23,9,11,15,1,2,0,0,0,1,15,20,12,6,2,6,9,17,2,3,46,54,34.0,40.0,12.0,14.0,7.0,10.0,589,305,515.0,211.0,231,102,284,109,34.0,18.0,2.0,2.0,1.34,1.79,0.84,1.32,0.5,0.47,1.34,1.79,2.05,1.66,4,1,1,3,1,1,4,2,7,1,0.6352,0.458,0.2755,1.1881,0.0464,0.0783,0.1191,0.0561,0.2634,0.0108,13,5,0,1,3,1,1,1,0,0,0.8354,1.2699,0.0,0.0525,0.4465,0.0108,0.0577,0.458,0.0,0.0,17,8,19.11,18.07
3787310,2022-04-16,usa,2022,MLS,,Timothy Ford,915807,Nashville SC,6603,San Jose Earthquakes,0,2,2,34,66,8,17,5,5,2,6,1,6,0,0,5,6,3,11,1,8,4,3,2,2,9,23,15,11,2,1,0,0,1,0,20,15,6,12,6,2,17,9,3,2,54,46,40.0,34.0,14.0,12.0,10.0,7.0,305,589,211.0,515.0,102,231,109,284,18.0,34.0,2.0,2.0,1.79,1.34,1.32,0.84,0.47,0.5,1.79,1.34,1.66,2.05,1,4,3,1,1,1,2,4,1,7,0.458,0.6352,1.1881,0.2755,0.0783,0.0464,0.0561,0.1191,0.0108,0.2634,5,13,1,0,1,3,1,1,0,0,1.2699,0.8354,0.0525,0.0,0.0108,0.4465,0.458,0.0577,0.0,0.0,8,17,18.07,19.11
3787311,2022-04-16,usa,2022,MLS,,Rubiel Vazquez,773958,Atlanta United,722265,FC Cincinnati,1,0,0,65,35,22,10,6,0,12,5,4,5,0,1,13,6,9,4,9,5,4,3,4,3,41,16,9,12,3,2,0,1,1,4,19,22,6,5,4,4,12,31,0,6,49,48,37.0,38.0,12.0,10.0,8.0,7.0,489,264,410.0,182.0,168,80,242,102,37.0,22.0,10.0,3.0,3.13,1.37,2.46,1.01,0.31,0.36,2.77,1.37,1.95,0.0,4,2,6,3,3,1,6,3,3,1,1.6212,0.7633,0.9349,0.3738,0.1657,0.0585,0.2373,0.1395,0.169,0.0394,17,8,0,0,2,1,2,1,1,0,2.461,1.01,0.0,0.0,0.1575,0.0344,0.1509,0.3301,0.3588,0.0,22,10,16.81,15.43
3787311,2022-04-16,usa,2022,MLS,,Rubiel Vazquez,722265,FC Cincinnati,773958,Atlanta United,0,0,0,35,65,10,22,0,6,5,12,5,4,1,0,6,13,4,9,5,9,3,4,3,4,16,41,12,9,2,3,1,0,4,1,22,19,5,6,4,4,31,12,6,0,48,49,38.0,37.0,10.0,12.0,7.0,8.0,264,489,182.0,410.0,80,168,102,242,22.0,37.0,3.0,10.0,1.37,3.13,1.01,2.46,0.36,0.31,1.37,2.77,0.0,1.95,2,4,3,6,1,3,3,6,1,3,0.7633,1.6212,0.3738,0.9349,0.0585,0.1657,0.1395,0.2373,0.0394,0.169,8,17,0,0,1,2,1,2,0,1,1.01,2.461,0.0,0.0,0.0344,0.1575,0.3301,0.1509,0.0,0.3588,10,22,15.43,16.81
3787312,2022-04-16,usa,2022,MLS,,Rosendo Mendoza,8259,Houston Dynamo FC,307690,Portland Timbers,1,0,0,45,55,14,14,4,2,4,7,6,5,1,0,11,8,3,6,4,12,1,1,1,1,28,25,11,12,0,4,1,0,3,0,9,24,9,9,5,6,27,21,2,4,37,55,27.0,46.0,10.0,9.0,7.0,11.0,397,483,335.0,409.0,185,203,150,206,36.0,25.0,7.0,7.0,1.53,1.57,1.24,1.13,0.28,0.44,1.53,1.57,1.51,0.36,1,1,5,6,5,1,3,3,0,3,0.104,0.5751,0.9948,0.6011,0.2832,0.0606,0.1734,0.2145,0.0,0.1184,9,9,0,0,3,5,2,0,0,0,1.2722,1.1298,0.0,0.0,0.1956,0.4399,0.0875,0.0,0.0,0.0,14,14,15.22,16.79
3787312,2022-04-16,usa,2022,MLS,,Rosendo Mendoza,307690,Portland Timbers,8259,Houston Dynamo FC,0,0,0,55,45,14,14,2,4,7,4,5,6,0,1,8,11,6,3,12,4,1,1,1,1,25,28,12,11,4,0,0,1,0,3,24,9,9,9,6,5,21,27,4,2,55,37,46.0,27.0,9.0,10.0,11.0,7.0,483,397,409.0,335.0,203,185,206,150,25.0,36.0,7.0,7.0,1.57,1.53,1.13,1.24,0.44,0.28,1.57,1.53,0.36,1.51,1,1,6,5,1,5,3,3,3,0,0.5751,0.104,0.6011,0.9948,0.0606,0.2832,0.2145,0.1734,0.1184,0.0,9,9,0,0,5,3,0,2,0,0,1.1298,1.2722,0.0,0.0,0.4399,0.1956,0.0,0.0875,0.0,0.0,14,14,16.79,15.22
3787313,2022-04-16,usa,2022,MLS,,Fotis Bazakos,6514,New York Red Bulls,6399,FC Dallas,1,0,0,56,44,20,5,7,2,7,2,6,1,1,0,14,4,6,1,9,0,2,0,2,0,37,8,15,7,3,1,0,0,1,0,17,17,14,10,1,6,4,38,2,6,55,52,35.0,41.0,20.0,11.0,11.0,9.0,468,391,374.0,286.0,198,200,176,86,14.0,23.0,6.0,0.0,1.69,0.54,1.29,0.54,0.39,0.0,1.69,0.54,0.66,0.24,1,0,10,1,3,3,5,1,1,0,0.3694,0.0,0.9041,0.2963,0.1737,0.1745,0.227,0.0647,0.0461,0.0,12,4,0,1,5,0,3,0,0,0,1.3256,0.4708,0.0,0.0647,0.1626,0.0,0.2319,0.0,0.0,0.0,20,5,16.17,17.47
3787313,2022-04-16,usa,2022,MLS,,Fotis Bazakos,6399,FC Dallas,6514,New York Red Bulls,0,0,0,44,56,5,20,2,7,2,7,1,6,0,1,4,14,1,6,0,9,0,2,0,2,8,37,7,15,1,3,0,0,0,1,17,17,10,14,6,1,38,4,6,2,52,55,41.0,35.0,11.0,20.0,9.0,11.0,391,468,286.0,374.0,200,198,86,176,23.0,14.0,0.0,6.0,0.54,1.69,0.54,1.29,0.0,0.39,0.54,1.69,0.24,0.66,0,1,1,10,3,3,1,5,0,1,0.0,0.3694,0.2963,0.9041,0.1745,0.1737,0.0647,0.227,0.0,0.0461,4,12,1,0,0,5,0,3,0,0,0.4708,1.3256,0.0647,0.0,0.0,0.1626,0.0,0.2319,0.0,0.0,5,20,17.47,16.17
3787314,2022-04-16,usa,2022,MLS,,Drew Fischer,6001,Columbus Crew,267810,Orlando City,1,0,2,60,40,18,8,3,3,8,4,7,1,1,0,11,4,7,4,5,6,1,2,1,1,40,13,11,13,2,3,0,0,0,1,15,24,6,14,1,7,11,27,1,3,60,48,39.0,40.0,21.0,8.0,12.0,6.0,536,368,459.0,290.0,216,148,243,142,25.0,21.0,8.0,4.0,1.35,1.54,0.9,0.37,0.45,1.17,1.35,1.54,0.36,1.78,1,1,6,3,4,0,5,2,2,2,0.1701,0.7125,0.5714,0.7352,0.3348,0.0,0.1776,0.0542,0.0924,0.0337,12,2,0,1,2,2,4,3,0,0,0.9005,0.3559,0.0,0.0117,0.1342,0.0441,0.3115,1.1239,0.0,0.0,18,8,17.69,20.61
3787314,2022-04-16,usa,2022,MLS,,Drew Fischer,267810,Orlando City,6001,Columbus Crew,0,2,0,40,60,8,18,3,3,4,8,1,7,0,1,4,11,4,7,6,5,2,1,1,1,13,40,13,11,3,2,0,0,1,0,24,15,14,6,7,1,27,11,3,1,48,60,40.0,39.0,8.0,21.0,6.0,12.0,368,536,290.0,459.0,148,216,142,243,21.0,25.0,4.0,8.0,1.54,1.35,0.37,0.9,1.17,0.45,1.54,1.35,1.78,0.36,1,1,3,6,0,4,2,5,2,2,0.7125,0.1701,0.7352,0.5714,0.0,0.3348,0.0542,0.1776,0.0337,0.0924,2,12,1,0,2,2,3,4,0,0,0.3559,0.9005,0.0117,0.0,0.0441,0.1342,1.1239,0.3115,0.0,0.0,8,18,20.61,17.69
3787315,2022-04-16,usa,2022,MLS,,Tori Penso,6602,DC United,1218886,Austin FC,1,2,3,41,59,11,15,2,4,6,7,3,4,0,3,10,11,1,4,4,9,1,5,1,3,38,29,18,15,4,3,1,0,1,3,11,11,10,7,4,3,25,18,2,0,46,39,29.0,29.0,17.0,10.0,3.0,0.0,291,415,205.0,328.0,114,164,91,164,33.0,26.0,5.0,7.0,1.47,2.85,0.84,1.67,0.63,1.18,1.47,2.85,0.36,2.23,1,5,9,3,0,3,1,2,0,2,0.3567,1.7627,1.0911,0.8728,0.0,0.2466,0.0242,0.1358,0.0,0.0659,8,9,0,0,2,5,1,1,0,0,0.8653,1.6816,0.0,0.0,0.4813,1.3577,0.1254,0.0445,0.0,0.0,11,15,13.67,12.79
3787315,2022-04-16,usa,2022,MLS,,Tori Penso,1218886,Austin FC,6602,DC United,0,3,2,59,41,15,11,4,2,7,6,4,3,3,0,11,10,4,1,9,4,5,1,3,1,29,38,15,18,3,4,0,1,3,1,11,11,7,10,3,4,18,25,0,2,39,46,29.0,29.0,10.0,17.0,0.0,3.0,415,291,328.0,205.0,164,114,164,91,26.0,33.0,7.0,5.0,2.85,1.47,1.67,0.84,1.18,0.63,2.85,1.47,2.23,0.36,5,1,3,9,3,0,2,1,2,0,1.7627,0.3567,0.8728,1.0911,0.2466,0.0,0.1358,0.0242,0.0659,0.0,9,8,0,0,5,2,1,1,0,0,1.6816,0.8653,0.0,0.0,1.3577,0.4813,0.0445,0.1254,0.0,0.0,15,11,12.79,13.67
3787316,2022-04-16,usa,2022,MLS,,Pierre Luce Lauziere,6580,New England Revolution,1323940,Charlotte FC,1,2,1,39,61,13,8,6,6,5,2,2,0,0,1,10,4,3,4,6,2,1,0,1,0,37,14,14,13,2,1,0,0,1,1,14,20,11,11,0,2,15,22,5,4,51,47,37.0,37.0,14.0,10.0,10.0,4.0,338,555,261.0,469.0,112,258,149,211,28.0,49.0,13.0,3.0,1.3,0.48,0.83,0.38,0.47,0.1,1.3,0.48,1.52,1.25,1,0,9,2,0,2,1,2,2,2,0.3269,0.0,0.8866,0.0702,0.0,0.1996,0.015,0.1455,0.0817,0.0693,7,6,1,0,3,0,2,2,0,0,0.72,0.3846,0.1069,0.0,0.1158,0.0,0.3675,0.1,0.0,0.0,13,8,13.93,20.47
3787316,2022-04-16,usa,2022,MLS,,Pierre Luce Lauziere,1323940,Charlotte FC,6580,New England Revolution,0,1,2,61,39,8,13,6,6,2,5,0,2,1,0,4,10,4,3,2,6,0,1,0,1,14,37,13,14,1,2,0,0,1,1,20,14,11,11,2,0,22,15,4,5,47,51,37.0,37.0,10.0,14.0,4.0,10.0,555,338,469.0,261.0,258,112,211,149,49.0,28.0,3.0,13.0,0.48,1.3,0.38,0.83,0.1,0.47,0.48,1.3,1.25,1.52,0,1,2,9,2,0,2,1,2,2,0.0,0.3269,0.0702,0.8866,0.1996,0.0,0.1455,0.015,0.0693,0.0817,6,7,0,1,0,3,2,2,0,0,0.3846,0.72,0.0,0.1069,0.0,0.1158,0.1,0.3675,0.0,0.0,8,13,20.47,13.93
3787479,2022-04-16,usa,2022,MLS,,Nima Saghafi,161195,CF Montreal,307691,Vancouver Whitecaps,1,2,1,54,46,12,6,5,3,5,3,2,0,0,0,6,3,6,3,1,7,2,0,0,0,22,14,13,20,3,4,0,0,0,3,12,14,7,11,0,2,25,6,2,3,54,38,41.0,32.0,13.0,6.0,9.0,5.0,488,389,412.0,318.0,234,187,178,131,19.0,31.0,0.0,4.0,1.48,0.33,1.46,0.18,0.02,0.16,1.48,0.33,1.83,0.5,0,0,3,2,3,1,4,1,2,2,0.0,0.0,0.921,0.1228,0.2543,0.0312,0.2443,0.0365,0.0641,0.144,11,2,0,1,0,2,1,1,0,0,1.4617,0.0658,0.0,0.1095,0.0,0.1228,0.0221,0.0365,0.0,0.0,12,6,18.95,23.21
3787479,2022-04-16,usa,2022,MLS,,Nima Saghafi,307691,Vancouver Whitecaps,161195,CF Montreal,0,1,2,46,54,6,12,3,5,3,5,0,2,0,0,3,6,3,6,7,1,0,2,0,0,14,22,20,13,4,3,0,0,3,0,14,12,11,7,2,0,6,25,3,2,38,54,32.0,41.0,6.0,13.0,5.0,9.0,389,488,318.0,412.0,187,234,131,178,31.0,19.0,4.0,0.0,0.33,1.48,0.18,1.46,0.16,0.02,0.33,1.48,0.5,1.83,0,0,2,3,1,3,1,4,2,2,0.0,0.0,0.1228,0.921,0.0312,0.2543,0.0365,0.2443,0.144,0.0641,2,11,1,0,2,0,1,1,0,0,0.0658,1.4617,0.1095,0.0,0.1228,0.0,0.0365,0.0221,0.0,0.0,6,12,23.21,18.95
3787480,2022-04-16,usa,2022,MLS,,Alex Chilowicz,56453,Toronto FC,191716,Philadelphia Union,1,2,1,54,46,7,15,4,5,1,6,2,4,0,0,5,13,2,2,4,10,0,3,0,2,12,37,9,16,4,1,0,0,0,2,13,28,8,16,3,2,29,15,4,2,59,67,45.0,41.0,14.0,26.0,18.0,4.0,448,368,331.0,245.0,145,106,186,139,17.0,30.0,0.0,7.0,0.43,1.68,0.43,0.78,0.0,0.9,0.43,1.68,1.48,1.32,0,2,4,7,1,4,0,2,2,0,0.0,0.68,0.2742,0.7428,0.0867,0.1863,0.0,0.073,0.0641,0.0,7,7,0,0,0,7,0,1,0,0,0.425,0.7838,0.0,0.0,0.0,0.7904,0.0,0.1079,0.0,0.0,7,15,18.33,13.78
3787480,2022-04-16,usa,2022,MLS,,Alex Chilowicz,191716,Philadelphia Union,56453,Toronto FC,0,1,2,46,54,15,7,5,4,6,1,4,2,0,0,13,5,2,2,10,4,3,0,2,0,37,12,16,9,1,4,0,0,2,0,28,13,16,8,2,3,15,29,2,4,67,59,41.0,45.0,26.0,14.0,4.0,18.0,368,448,245.0,331.0,106,145,139,186,30.0,17.0,7.0,0.0,1.68,0.43,0.78,0.43,0.9,0.0,1.68,0.43,1.32,1.48,2,0,7,4,4,1,2,0,0,2,0.68,0.0,0.7428,0.2742,0.1863,0.0867,0.073,0.0,0.0,0.0641,7,7,0,0,7,0,1,0,0,0,0.7838,0.425,0.0,0.0,0.7904,0.0,0.1079,0.0,0.0,0.0,15,7,13.78,18.33
3787317,2022-04-17,usa,2022,MLS,,Ted Unkel,6397,Chicago Fire FC,6637,LA Galaxy,1,0,0,44,56,9,7,0,0,6,5,3,2,0,0,6,5,3,2,6,4,2,0,2,0,10,11,10,12,4,2,0,0,0,2,20,16,13,10,2,2,14,25,0,0,50,51,38.0,37.0,12.0,14.0,8.0,10.0,377,495,280.0,406.0,152,265,128,141,29.0,22.0,4.0,4.0,0.44,0.4,0.06,0.34,0.38,0.06,0.44,0.4,0.0,0.83,0,0,5,3,1,2,0,2,3,0,0.0,0.0,0.3006,0.213,0.0338,0.0758,0.0,0.1077,0.1035,0.0,2,4,0,1,2,1,5,1,0,0,0.0624,0.2595,0.0,0.0773,0.069,0.0293,0.3065,0.0304,0.0,0.0,9,7,17.54,18.68
3787317,2022-04-17,usa,2022,MLS,,Ted Unkel,6637,LA Galaxy,6397,Chicago Fire FC,0,0,0,56,44,7,9,0,0,5,6,2,3,0,0,5,6,2,3,4,6,0,2,0,2,11,10,12,10,2,4,0,0,2,0,16,20,10,13,2,2,25,14,0,0,51,50,37.0,38.0,14.0,12.0,10.0,8.0,495,377,406.0,280.0,265,152,141,128,22.0,29.0,4.0,4.0,0.4,0.44,0.34,0.06,0.06,0.38,0.4,0.44,0.83,0.0,0,0,3,5,2,1,2,0,0,3,0.0,0.0,0.213,0.3006,0.0758,0.0338,0.1077,0.0,0.0,0.1035,4,2,1,0,1,2,1,5,0,0,0.2595,0.0624,0.0773,0.0,0.0293,0.069,0.0304,0.3065,0.0,0.0,7,9,18.68,17.54
3787318,2022-04-17,usa,2022,MLS,,Chris Penso,207242,Minnesota United,8314,Colorado Rapids,1,3,1,51,49,14,15,6,8,5,5,3,2,0,2,11,10,3,5,7,4,5,4,3,3,27,28,8,8,2,4,0,0,2,2,6,21,20,23,2,3,24,14,7,3,43,44,29.0,33.0,14.0,11.0,16.0,4.0,500,489,397.0,403.0,194,230,203,173,19.0,29.0,5.0,3.0,1.94,2.09,1.15,1.66,0.78,0.42,1.94,2.09,2.45,1.35,1,2,7,6,3,2,2,2,1,3,0.4889,0.2598,1.2033,1.6072,0.1944,0.0675,0.0267,0.1004,0.0237,0.0503,11,12,0,0,3,2,0,1,0,0,1.1532,1.6646,0.0,0.0,0.7839,0.26,0.0,0.1607,0.0,0.0,14,15,15.99,15.36
3787318,2022-04-17,usa,2022,MLS,,Chris Penso,8314,Colorado Rapids,207242,Minnesota United,0,1,3,49,51,15,14,8,6,5,5,2,3,2,0,10,11,5,3,4,7,4,5,3,3,28,27,8,8,4,2,0,0,2,2,21,6,23,20,3,2,14,24,3,7,44,43,33.0,29.0,11.0,14.0,4.0,16.0,489,500,403.0,397.0,230,194,173,203,29.0,19.0,3.0,5.0,2.09,1.94,1.66,1.15,0.42,0.78,2.09,1.94,1.35,2.45,2,1,6,7,2,3,2,2,3,1,0.2598,0.4889,1.6072,1.2033,0.0675,0.1944,0.1004,0.0267,0.0503,0.0237,12,11,0,0,2,3,1,0,0,0,1.6646,1.1532,0.0,0.0,0.26,0.7839,0.1607,0.0,0.0,0.0,15,14,15.36,15.99
3787319,2022-04-17,usa,2022,MLS,,Joe Dickerson,130394,Seattle Sounders FC,960720,Inter Miami CF,1,0,1,61,39,20,9,3,3,8,5,9,1,0,0,11,6,9,3,9,4,1,1,1,0,34,17,8,20,0,5,0,0,1,0,18,19,8,11,1,9,9,38,2,4,54,46,46.0,36.0,8.0,10.0,8.0,10.0,564,387,486.0,302.0,190,185,296,117,26.0,32.0,8.0,4.0,1.13,0.69,0.79,0.49,0.33,0.2,1.13,0.69,0.17,1.5,1,1,5,3,5,2,7,3,2,0,0.1112,0.1054,0.3769,0.3737,0.2928,0.0665,0.2923,0.1434,0.0524,0.0,14,5,0,2,3,2,3,0,0,0,0.7934,0.388,0.0,0.1001,0.1315,0.201,0.2006,0.0,0.0,0.0,20,9,20.72,17.15
3787319,2022-04-17,usa,2022,MLS,,Joe Dickerson,960720,Inter Miami CF,130394,Seattle Sounders FC,0,1,0,39,61,9,20,3,3,5,8,1,9,0,0,6,11,3,9,4,9,1,1,0,1,17,34,20,8,5,0,0,0,0,1,19,18,11,8,9,1,38,9,4,2,46,54,36.0,46.0,10.0,8.0,10.0,8.0,387,564,302.0,486.0,185,190,117,296,32.0,26.0,4.0,8.0,0.69,1.13,0.49,0.79,0.2,0.33,0.69,1.13,1.5,0.17,1,1,3,5,2,5,3,7,0,2,0.1054,0.1112,0.3737,0.3769,0.0665,0.2928,0.1434,0.2923,0.0,0.0524,5,14,2,0,2,3,0,3,0,0,0.388,0.7934,0.1001,0.0,0.201,0.1315,0.0,0.2006,0.0,0.0,9,20,17.15,20.72
3787335,2022-04-17,usa,2022,MLS,,Ismail Elfath,546238,New York City FC,6606,Real Salt Lake,1,6,0,56,44,22,12,12,5,5,3,5,4,0,0,16,8,6,4,6,6,9,1,3,1,45,23,16,11,2,3,0,0,0,2,8,27,4,8,3,5,19,19,5,6,44,56,31.0,47.0,13.0,9.0,12.0,6.0,514,388,427.0,289.0,275,145,152,144,17.0,26.0,4.0,3.0,3.41,1.23,2.39,0.82,0.47,0.41,2.86,1.23,5.3,1.24,5,1,9,5,2,2,6,3,0,1,1.2636,0.3429,1.4146,0.6607,0.1435,0.0637,0.5838,0.1356,0.0,0.026,15,9,0,0,2,3,3,0,2,0,2.3889,0.8222,0.0,0.0,0.1602,0.4066,0.3124,0.0,0.544,0.0,22,12,13.92,16.73
3787335,2022-04-17,usa,2022,MLS,,Ismail Elfath,6606,Real Salt Lake,546238,New York City FC,0,0,6,44,56,12,22,5,12,3,5,4,5,0,0,8,16,4,6,6,6,1,9,1,3,23,45,11,16,3,2,0,0,2,0,27,8,8,4,5,3,19,19,6,5,56,44,47.0,31.0,9.0,13.0,6.0,12.0,388,514,289.0,427.0,145,275,144,152,26.0,17.0,3.0,4.0,1.23,3.41,0.82,2.39,0.41,0.47,1.23,2.86,1.24,5.3,1,5,5,9,2,2,3,6,1,0,0.3429,1.2636,0.6607,1.4146,0.0637,0.1435,0.1356,0.5838,0.026,0.0,9,15,0,0,3,2,0,3,0,2,0.8222,2.3889,0.0,0.0,0.4066,0.1602,0.0,0.3124,0.0,0.544,12,22,16.73,13.92
3787336,2022-04-17,usa,2022,MLS,,Armando Villarreal,867280,Los Angeles FC,6604,Sporting Kansas City,1,3,1,52,48,15,10,3,2,8,6,4,2,1,0,9,6,6,4,7,1,1,0,0,0,24,18,19,17,3,3,0,0,2,0,25,15,10,9,2,4,11,21,2,0,64,55,49.0,45.0,15.0,10.0,8.0,12.0,494,457,410.0,378.0,234,257,176,121,17.0,37.0,5.0,4.0,2.1,1.04,0.84,0.94,1.26,0.1,2.1,1.04,1.51,0.45,1,1,8,1,0,4,3,2,3,2,0.8953,0.3717,0.9189,0.2215,0.0,0.2678,0.1907,0.0883,0.0996,0.0899,9,8,0,0,2,0,4,2,0,0,0.8419,0.9378,0.0,0.0,0.1781,0.0,1.0845,0.1014,0.0,0.0,15,10,17.04,17.74
3787336,2022-04-17,usa,2022,MLS,,Armando Villarreal,6604,Sporting Kansas City,867280,Los Angeles FC,0,1,3,48,52,10,15,2,3,6,8,2,4,0,1,6,9,4,6,1,7,0,1,0,0,18,24,17,19,3,3,0,0,0,2,15,25,9,10,4,2,21,11,0,2,55,64,45.0,49.0,10.0,15.0,12.0,8.0,457,494,378.0,410.0,257,234,121,176,37.0,17.0,4.0,5.0,1.04,2.1,0.94,0.84,0.1,1.26,1.04,2.1,0.45,1.51,1,1,1,8,4,0,2,3,2,3,0.3717,0.8953,0.2215,0.9189,0.2678,0.0,0.0883,0.1907,0.0899,0.0996,8,9,0,0,0,2,2,4,0,0,0.9378,0.8419,0.0,0.0,0.0,0.1781,0.1014,1.0845,0.0,0.0,10,15,17.74,17.04
3787347,2022-04-23,usa,2022,MLS,,Víctor Rivas,6399,FC Dallas,8259,Houston Dynamo FC,1,2,1,50,50,14,9,7,2,5,5,2,2,1,1,10,6,4,3,8,2,3,2,1,2,28,10,15,7,3,3,0,0,4,0,13,9,7,6,2,2,11,19,1,5,39,37,28.0,33.0,11.0,4.0,8.0,10.0,418,428,367.0,359.0,221,226,146,133,26.0,32.0,7.0,2.0,2.24,1.05,1.21,0.94,1.03,0.1,2.24,1.05,3.4,0.47,5,1,4,2,1,3,3,1,1,2,1.9498,0.4207,0.3588,0.1452,0.0327,0.3515,0.1084,0.0809,0.0248,0.0472,8,7,1,0,5,1,0,1,0,0,1.3582,0.9427,0.0793,0.0,1.037,0.0219,0.0,0.0809,0.0,0.0,14,9,13.23,18.02
3787347,2022-04-23,usa,2022,MLS,,Víctor Rivas,8259,Houston Dynamo FC,6399,FC Dallas,0,1,2,50,50,9,14,2,7,5,5,2,2,1,1,6,10,3,4,2,8,2,3,2,1,10,28,7,15,3,3,0,0,0,4,9,13,6,7,2,2,19,11,5,1,37,39,33.0,28.0,4.0,11.0,10.0,8.0,428,418,359.0,367.0,226,221,133,146,32.0,26.0,2.0,7.0,1.05,2.24,0.94,1.21,0.1,1.03,1.05,2.24,0.47,3.4,1,5,2,4,3,1,1,3,2,1,0.4207,1.9498,0.1452,0.3588,0.3515,0.0327,0.0809,0.1084,0.0472,0.0248,7,8,0,1,1,5,1,0,0,0,0.9427,1.3582,0.0,0.0793,0.0219,1.037,0.0809,0.0,0.0,0.0,9,14,18.02,13.23
3787348,2022-04-23,usa,2022,MLS,,Silviu Petrescu,207242,Minnesota United,6397,Chicago Fire FC,1,3,0,56,44,11,12,3,4,5,1,3,7,1,0,7,7,4,5,8,3,2,0,0,0,23,19,15,12,1,2,0,1,2,3,14,24,6,11,6,3,13,23,4,0,49,48,36.0,42.0,13.0,6.0,10.0,6.0,451,348,365.0,258.0,188,157,177,101,16.0,15.0,4.0,3.0,0.91,1.01,0.55,0.44,0.36,0.57,0.91,1.01,2.02,0.86,0,1,7,6,0,0,2,3,2,2,0.0,0.2276,0.7092,0.5586,0.0,0.0,0.1274,0.1014,0.0717,0.1185,6,6,0,0,2,2,3,4,0,0,0.5462,0.4401,0.0,0.0,0.2172,0.2607,0.1449,0.3052,0.0,0.0,11,12,17.29,18.21
3787348,2022-04-23,usa,2022,MLS,,Silviu Petrescu,6397,Chicago Fire FC,207242,Minnesota United,0,0,3,44,56,12,11,4,3,1,5,7,3,0,1,7,7,5,4,3,8,0,2,0,0,19,23,12,15,2,1,1,0,3,2,24,14,11,6,3,6,23,13,0,4,48,49,42.0,36.0,6.0,13.0,6.0,10.0,348,451,258.0,365.0,157,188,101,177,15.0,16.0,3.0,4.0,1.01,0.91,0.44,0.55,0.57,0.36,1.01,0.91,0.86,2.02,1,0,6,7,0,0,3,2,2,2,0.2276,0.0,0.5586,0.7092,0.0,0.0,0.1014,0.1274,0.1185,0.0717,6,6,0,0,2,2,4,3,0,0,0.4401,0.5462,0.0,0.0,0.2607,0.2172,0.3052,0.1449,0.0,0.0,12,11,18.21,17.29
3787349,2022-04-23,usa,2022,MLS,,Marcos de Oliveira,6602,DC United,6580,New England Revolution,1,3,2,32,68,11,20,5,8,2,9,4,3,0,0,8,16,3,4,0,5,1,0,0,0,18,25,11,9,1,3,0,0,1,3,7,14,10,8,3,4,26,9,6,2,34,60,20.0,38.0,14.0,22.0,4.0,13.0,258,524,162.0,442.0,76,217,86,225,24.0,37.0,1.0,15.0,1.57,2.05,1.52,1.53,0.06,0.53,1.57,2.05,2.01,1.88,1,1,6,14,1,1,2,3,1,1,0.5072,0.2502,0.7452,1.5743,0.2188,0.0034,0.0845,0.1874,0.0186,0.0392,8,15,2,1,0,2,1,2,0,0,1.193,1.4601,0.3256,0.0692,0.0,0.2621,0.0556,0.2631,0.0,0.0,11,20,17.36,13.53
3787349,2022-04-23,usa,2022,MLS,,Marcos de Oliveira,6580,New England Revolution,6602,DC United,0,2,3,68,32,20,11,8,5,9,2,3,4,0,0,16,8,4,3,5,0,0,1,0,0,25,18,9,11,3,1,0,0,3,1,14,7,8,10,4,3,9,26,2,6,60,34,38.0,20.0,22.0,14.0,13.0,4.0,524,258,442.0,162.0,217,76,225,86,37.0,24.0,15.0,1.0,2.05,1.57,1.53,1.52,0.53,0.06,2.05,1.57,1.88,2.01,1,1,14,6,1,1,3,2,1,1,0.2502,0.5072,1.5743,0.7452,0.0034,0.2188,0.1874,0.0845,0.0392,0.0186,15,8,1,2,2,0,2,1,0,0,1.4601,1.193,0.0692,0.3256,0.2621,0.0,0.2631,0.0556,0.0,0.0,20,11,13.53,17.36
3787481,2022-04-23,usa,2022,MLS,,Lukasz Szpala,191716,Philadelphia Union,161195,CF Montreal,1,1,1,46,54,4,8,2,3,2,4,0,1,0,0,3,3,1,5,1,1,1,1,0,0,11,5,17,10,3,3,0,0,1,1,21,12,9,10,1,0,10,10,2,1,43,53,35.0,38.0,8.0,15.0,4.0,9.0,380,444,266.0,357.0,151,194,115,163,21.0,40.0,1.0,2.0,1.21,0.47,0.31,0.26,0.11,0.2,0.42,0.47,1.36,0.56,0,0,2,2,1,1,0,1,1,4,0.0,0.0,1.0806,0.2253,0.0172,0.044,0.0,0.0337,0.1122,0.1638,2,5,0,0,0,1,1,2,1,0,0.3093,0.2625,0.0,0.0,0.0,0.0337,0.1122,0.1705,0.7884,0.0,4,8,14.43,20.26
3787481,2022-04-23,usa,2022,MLS,,Lukasz Szpala,161195,CF Montreal,191716,Philadelphia Union,0,1,1,54,46,8,4,3,2,4,2,1,0,0,0,3,3,5,1,1,1,1,1,0,0,5,11,10,17,3,3,0,0,1,1,12,21,10,9,0,1,10,10,1,2,53,43,38.0,35.0,15.0,8.0,9.0,4.0,444,380,357.0,266.0,194,151,163,115,40.0,21.0,2.0,1.0,0.47,1.21,0.26,0.31,0.2,0.11,0.47,0.42,0.56,1.36,0,0,2,2,1,1,1,0,4,1,0.0,0.0,0.2253,1.0806,0.044,0.0172,0.0337,0.0,0.1638,0.1122,5,2,0,0,1,0,2,1,0,1,0.2625,0.3093,0.0,0.0,0.0337,0.0,0.1705,0.1122,0.0,0.7884,8,4,20.26,14.43
3787337,2022-04-24,usa,2022,MLS,,Ismail Elfath,722265,FC Cincinnati,867280,Los Angeles FC,1,1,2,45,55,14,19,7,8,2,8,5,3,0,0,7,13,7,6,6,6,0,2,0,2,16,33,8,8,3,4,0,0,0,0,24,20,6,15,3,6,14,22,6,5,55,58,48.0,40.0,7.0,18.0,16.0,13.0,355,449,260.0,365.0,144,169,116,196,18.0,21.0,2.0,4.0,1.54,1.84,1.33,1.63,0.21,0.21,1.54,1.84,0.75,2.62,0,1,5,9,2,3,6,4,1,2,0.0,0.2108,0.8906,1.1211,0.2269,0.278,0.3626,0.1664,0.0629,0.0648,10,13,0,1,1,4,3,1,0,0,1.3289,1.4668,0.0,0.1684,0.0307,0.1833,0.1834,0.0227,0.0,0.0,14,19,16.48,16.34
3787337,2022-04-24,usa,2022,MLS,,Ismail Elfath,867280,Los Angeles FC,722265,FC Cincinnati,0,2,1,55,45,19,14,8,7,8,2,3,5,0,0,13,7,6,7,6,6,2,0,2,0,33,16,8,8,4,3,0,0,0,0,20,24,15,6,6,3,22,14,5,6,58,55,40.0,48.0,18.0,7.0,13.0,16.0,449,355,365.0,260.0,169,144,196,116,21.0,18.0,4.0,2.0,1.84,1.54,1.63,1.33,0.21,0.21,1.84,1.54,2.62,0.75,1,0,9,5,3,2,4,6,2,1,0.2108,0.0,1.1211,0.8906,0.278,0.2269,0.1664,0.3626,0.0648,0.0629,13,10,1,0,4,1,1,3,0,0,1.4668,1.3289,0.1684,0.0,0.1833,0.0307,0.0227,0.1834,0.0,0.0,19,14,16.34,16.48
3787345,2022-04-24,usa,2022,MLS,,Alex Chilowicz,267810,Orlando City,6514,New York Red Bulls,1,0,3,64,36,3,17,0,6,3,5,0,6,0,0,2,11,1,6,1,4,0,3,0,1,5,23,15,18,1,4,0,0,2,3,17,16,10,14,5,0,27,14,3,0,61,51,46.0,34.0,15.0,17.0,11.0,5.0,451,244,365.0,155.0,218,65,147,90,16.0,17.0,2.0,5.0,0.12,2.29,0.12,1.21,0.0,0.29,0.12,1.5,0.0,2.55,0,0,2,6,0,5,0,5,1,1,0.0,0.0,0.0918,2.0297,0.0,0.186,0.0,0.2674,0.0328,0.0385,3,10,0,0,0,0,0,6,0,1,0.1246,1.4461,0.0,0.0,0.0,0.0,0.0,0.2871,0.0,0.7884,3,17,17.83,16.88
3787345,2022-04-24,usa,2022,MLS,,Alex Chilowicz,6514,New York Red Bulls,267810,Orlando City,0,3,0,36,64,17,3,6,0,5,3,6,0,0,0,11,2,6,1,4,1,3,0,1,0,23,5,18,15,4,1,0,0,3,2,16,17,14,10,0,5,14,27,0,3,51,61,34.0,46.0,17.0,15.0,5.0,11.0,244,451,155.0,365.0,65,218,90,147,17.0,16.0,5.0,2.0,2.29,0.12,1.21,0.12,0.29,0.0,1.5,0.12,2.55,0.0,0,0,6,2,5,0,5,0,1,1,0.0,0.0,2.0297,0.0918,0.186,0.0,0.2674,0.0,0.0385,0.0328,10,3,0,0,0,0,6,0,1,0,1.4461,0.1246,0.0,0.0,0.0,0.0,0.2871,0.0,0.7884,0.0,17,3,16.88,17.83
3787346,2022-04-24,usa,2022,MLS,,Jair Marrufo,960720,Inter Miami CF,773958,Atlanta United,1,2,1,37,63,7,20,2,7,3,7,2,6,0,0,5,12,2,8,3,9,2,3,1,2,15,56,10,9,4,2,0,0,1,1,16,10,16,9,5,2,33,7,6,0,44,41,36.0,32.0,8.0,9.0,11.0,14.0,315,536,242.0,473.0,140,213,102,260,21.0,23.0,4.0,9.0,1.87,2.14,1.84,1.5,0.03,0.64,1.87,2.14,1.14,1.17,1,2,3,10,1,0,2,5,0,3,0.6966,0.3234,1.0595,1.5178,0.082,0.0,0.036,0.257,0.0,0.0917,5,14,1,0,1,4,0,2,0,0,0.9198,1.4071,0.9246,0.0,0.0299,0.6385,0.0,0.1442,0.0,0.0,7,20,14.46,15.96
3787346,2022-04-24,usa,2022,MLS,,Jair Marrufo,773958,Atlanta United,960720,Inter Miami CF,0,1,2,63,37,20,7,7,2,7,3,6,2,0,0,12,5,8,2,9,3,3,2,2,1,56,15,9,10,2,4,0,0,1,1,10,16,9,16,2,5,7,33,0,6,41,44,32.0,36.0,9.0,8.0,14.0,11.0,536,315,473.0,242.0,213,140,260,102,23.0,21.0,9.0,4.0,2.14,1.87,1.5,1.84,0.64,0.03,2.14,1.87,1.17,1.14,2,1,10,3,0,1,5,2,3,0,0.3234,0.6966,1.5178,1.0595,0.0,0.082,0.257,0.036,0.0917,0.0,14,5,0,1,4,1,2,0,0,0,1.4071,0.9198,0.0,0.9246,0.6385,0.0299,0.1442,0.0,0.0,0.0,20,7,15.96,14.46
3787350,2022-04-24,usa,2022,MLS,,Rosendo Mendoza,6604,Sporting Kansas City,6001,Columbus Crew,1,0,0,63,37,3,9,3,1,0,3,0,5,0,0,2,5,1,4,2,2,1,1,1,1,9,16,11,13,1,2,0,0,1,4,18,18,11,15,5,0,9,15,1,4,59,49,41.0,37.0,18.0,12.0,11.0,10.0,607,360,512.0,278.0,318,173,194,105,37.0,26.0,2.0,1.0,0.28,0.72,0.02,0.66,0.26,0.06,0.28,0.72,0.47,0.43,0,0,1,3,1,2,0,4,1,0,0.0,0.0,0.2129,0.3967,0.0487,0.1766,0.0,0.1421,0.0161,0.0,1,7,0,1,0,1,2,0,0,0,0.0161,0.606,0.0,0.0533,0.0,0.0561,0.2616,0.0,0.0,0.0,3,9,19.34,19.25
3787350,2022-04-24,usa,2022,MLS,,Rosendo Mendoza,6001,Columbus Crew,6604,Sporting Kansas City,0,0,0,37,63,9,3,1,3,3,0,5,0,0,0,5,2,4,1,2,2,1,1,1,1,16,9,13,11,2,1,0,0,4,1,18,18,15,11,0,5,15,9,4,1,49,59,37.0,41.0,12.0,18.0,10.0,11.0,360,607,278.0,512.0,173,318,105,194,26.0,37.0,1.0,2.0,0.72,0.28,0.66,0.02,0.06,0.26,0.72,0.28,0.43,0.47,0,0,3,1,2,1,4,0,0,1,0.0,0.0,0.3967,0.2129,0.1766,0.0487,0.1421,0.0,0.0,0.0161,7,1,1,0,1,0,0,2,0,0,0.606,0.0161,0.0533,0.0,0.0561,0.0,0.0,0.2616,0.0,0.0,9,3,19.25,19.34
3787351,2022-04-24,usa,2022,MLS,,Ismir Pekmic,8314,Colorado Rapids,1323940,Charlotte FC,1,0,0,45,55,11,16,0,5,7,5,4,6,2,0,9,9,2,7,5,8,1,1,1,1,23,22,8,13,1,3,0,0,2,0,16,8,11,7,6,4,21,22,5,0,47,38,34.0,27.0,13.0,11.0,5.0,12.0,348,434,274.0,361.0,162,226,112,135,31.0,34.0,6.0,5.0,0.65,1.24,0.49,1.05,0.16,0.18,0.65,1.24,0.0,0.71,1,0,3,7,5,2,1,6,1,1,0.1905,0.0,0.129,0.7728,0.2938,0.1431,0.0174,0.3517,0.0188,0.0068,7,12,0,0,4,3,0,1,0,0,0.4928,1.0897,0.0,0.0,0.1566,0.1779,0.0,0.0068,0.0,0.0,11,16,17.6,17.87
3787351,2022-04-24,usa,2022,MLS,,Ismir Pekmic,1323940,Charlotte FC,8314,Colorado Rapids,0,0,0,55,45,16,11,5,0,5,7,6,4,0,2,9,9,7,2,8,5,1,1,1,1,22,23,13,8,3,1,0,0,0,2,8,16,7,11,4,6,22,21,0,5,38,47,27.0,34.0,11.0,13.0,12.0,5.0,434,348,361.0,274.0,226,162,135,112,34.0,31.0,5.0,6.0,1.24,0.65,1.05,0.49,0.18,0.16,1.24,0.65,0.71,0.0,0,1,7,3,2,5,6,1,1,1,0.0,0.1905,0.7728,0.129,0.1431,0.2938,0.3517,0.0174,0.0068,0.0188,12,7,0,0,3,4,1,0,0,0,1.0897,0.4928,0.0,0.0,0.1779,0.1566,0.0068,0.0,0.0,0.0,16,11,17.87,17.6
3787352,2022-04-24,usa,2022,MLS,,Chris Penso,307690,Portland Timbers,6606,Real Salt Lake,1,0,0,66,34,15,5,5,2,5,1,5,2,0,1,4,5,11,0,3,1,0,2,0,2,15,10,15,11,3,0,0,0,2,0,17,25,7,9,2,5,17,30,2,5,59,61,39.0,47.0,20.0,14.0,13.0,7.0,626,329,519.0,221.0,232,107,287,114,26.0,38.0,4.0,2.0,0.49,0.9,0.38,0.9,0.11,0.0,0.49,0.9,0.73,1.11,0,1,3,4,1,0,6,0,5,0,0.0,0.2629,0.1509,0.6651,0.052,0.0,0.1605,0.0,0.1299,0.0,12,4,0,1,1,0,2,0,0,0,0.3815,0.7842,0.0,0.1438,0.0668,0.0,0.045,0.0,0.0,0.0,15,5,23.53,10.32
3787352,2022-04-24,usa,2022,MLS,,Chris Penso,6606,Real Salt Lake,307690,Portland Timbers,0,0,0,34,66,5,15,2,5,1,5,2,5,1,0,5,4,0,11,1,3,2,0,2,0,10,15,11,15,0,3,0,0,0,2,25,17,9,7,5,2,30,17,5,2,61,59,47.0,39.0,14.0,20.0,7.0,13.0,329,626,221.0,519.0,107,232,114,287,38.0,26.0,2.0,4.0,0.9,0.49,0.9,0.38,0.0,0.11,0.9,0.49,1.11,0.73,1,0,4,3,0,1,0,6,0,5,0.2629,0.0,0.6651,0.1509,0.0,0.052,0.0,0.1605,0.0,0.1299,4,12,1,0,0,1,0,2,0,0,0.7842,0.3815,0.1438,0.0,0.0,0.0668,0.0,0.045,0.0,0.0,5,15,10.32,23.53
3787353,2022-04-24,usa,2022,MLS,,Allen Chapman,6637,LA Galaxy,915807,Nashville SC,1,1,0,67,33,17,4,6,1,5,2,6,1,1,0,8,4,9,0,5,2,0,0,0,0,30,15,11,8,2,0,0,0,1,5,17,16,7,13,1,6,16,23,1,5,35,44,27.0,31.0,8.0,13.0,3.0,5.0,719,342,640.0,268.0,215,173,425,95,27.0,29.0,1.0,5.0,0.9,0.35,0.69,0.19,0.2,0.16,0.9,0.35,1.28,0.08,0,0,3,3,5,1,6,0,3,0,0.0,0.0,0.3047,0.2786,0.2714,0.072,0.2725,0.0,0.09,0.0,12,2,0,0,2,1,3,1,0,0,0.6946,0.1942,0.0,0.0,0.1091,0.0684,0.1349,0.088,0.0,0.0,17,4,21.05,13.12
3787353,2022-04-24,usa,2022,MLS,,Allen Chapman,915807,Nashville SC,6637,LA Galaxy,0,0,1,33,67,4,17,1,6,2,5,1,6,0,1,4,8,0,9,2,5,0,0,0,0,15,30,8,11,0,2,0,0,5,1,16,17,13,7,6,1,23,16,5,1,44,35,31.0,27.0,13.0,8.0,5.0,3.0,342,719,268.0,640.0,173,215,95,425,29.0,27.0,5.0,1.0,0.35,0.9,0.19,0.69,0.16,0.2,0.35,0.9,0.08,1.28,0,0,3,3,1,5,0,6,0,3,0.0,0.0,0.2786,0.3047,0.072,0.2714,0.0,0.2725,0.0,0.09,2,12,0,0,1,2,1,3,0,0,0.1942,0.6946,0.0,0.0,0.0684,0.1091,0.088,0.1349,0.0,0.0,4,17,13.12,21.05
3787354,2022-04-24,usa,2022,MLS,,Ted Unkel,6603,San Jose Earthquakes,130394,Seattle Sounders FC,1,4,3,55,45,23,10,7,7,8,0,8,3,0,0,12,8,11,2,6,2,4,3,1,0,30,23,10,11,3,1,0,0,1,0,20,21,17,11,3,8,9,15,4,3,52,51,44.0,41.0,8.0,10.0,12.0,10.0,550,443,463.0,350.0,196,220,267,130,26.0,23.0,2.0,4.0,2.7,2.51,1.81,0.97,0.1,0.75,1.91,1.72,3.76,2.48,0,3,11,4,1,1,6,2,5,0,0.0,1.1769,2.3359,1.2234,0.0291,0.0463,0.1684,0.1044,0.1684,0.0,20,5,0,0,2,2,0,2,1,1,1.8128,0.9712,0.0,0.0,0.1006,0.4906,0.0,0.3008,0.7884,0.7884,23,10,19.17,13.81
3787354,2022-04-24,usa,2022,MLS,,Ted Unkel,130394,Seattle Sounders FC,6603,San Jose Earthquakes,0,3,4,45,55,10,23,7,7,0,8,3,8,0,0,8,12,2,11,2,6,3,4,0,1,23,30,11,10,1,3,0,0,0,1,21,20,11,17,8,3,15,9,3,4,51,52,41.0,44.0,10.0,8.0,10.0,12.0,443,550,350.0,463.0,220,196,130,267,23.0,26.0,4.0,2.0,2.51,2.7,0.97,1.81,0.75,0.1,1.72,1.91,2.48,3.76,3,0,4,11,1,1,2,6,0,5,1.1769,0.0,1.2234,2.3359,0.0463,0.0291,0.1044,0.1684,0.0,0.1684,5,20,0,0,2,2,2,0,1,1,0.9712,1.8128,0.0,0.0,0.4906,0.1006,0.3008,0.0,0.7884,0.7884,10,23,13.81,19.17
3787482,2022-04-24,usa,2022,MLS,,Ramy Touchan,1218886,Austin FC,307691,Vancouver Whitecaps,1,3,0,68,32,10,12,4,1,5,5,1,6,0,0,6,9,4,3,2,4,3,1,1,1,16,17,17,16,3,3,0,0,0,1,10,10,4,9,6,1,11,13,1,1,41,45,36.0,34.0,5.0,11.0,10.0,8.0,658,302,577.0,235.0,434,129,143,106,37.0,34.0,3.0,7.0,0.9,0.72,0.59,0.35,0.31,0.37,0.9,0.72,1.66,0.03,1,0,4,8,1,1,4,2,0,1,0.07,0.0,0.6975,0.6368,0.0075,0.0285,0.1263,0.0318,0.0,0.0243,7,8,1,0,0,2,2,2,0,0,0.5633,0.3469,0.0282,0.0,0.0,0.0366,0.3096,0.3379,0.0,0.0,10,12,18.56,16.39
3787482,2022-04-24,usa,2022,MLS,,Ramy Touchan,307691,Vancouver Whitecaps,1218886,Austin FC,0,0,3,32,68,12,10,1,4,5,5,6,1,0,0,9,6,3,4,4,2,1,3,1,1,17,16,16,17,3,3,0,0,1,0,10,10,9,4,1,6,13,11,1,1,45,41,34.0,36.0,11.0,5.0,8.0,10.0,302,658,235.0,577.0,129,434,106,143,34.0,37.0,7.0,3.0,0.72,0.9,0.35,0.59,0.37,0.31,0.72,0.9,0.03,1.66,0,1,8,4,1,1,2,4,1,0,0.0,0.07,0.6368,0.6975,0.0285,0.0075,0.0318,0.1263,0.0243,0.0,8,7,0,1,2,0,2,2,0,0,0.3469,0.5633,0.0,0.0282,0.0366,0.0,0.3379,0.3096,0.0,0.0,12,10,16.39,18.56
3787483,2022-04-24,usa,2022,MLS,,Rubiel Vazquez,546238,New York City FC,56453,Toronto FC,1,5,4,58,42,22,8,11,5,7,2,4,1,1,0,20,7,2,1,5,3,6,3,3,0,45,16,17,7,1,1,1,0,3,1,21,13,12,12,1,4,15,29,1,6,40,46,34.0,34.0,6.0,12.0,7.0,4.0,541,399,457.0,307.0,246,158,211,149,20.0,15.0,7.0,2.0,4.28,1.23,4.02,0.78,0.26,0.46,4.28,1.23,5.1,3.21,2,2,15,3,3,2,2,1,0,0,1.1011,0.2891,2.6497,0.7995,0.4875,0.1382,0.0403,0.0081,0.0,0.0,17,3,2,1,2,2,1,2,0,0,3.2472,0.6748,0.776,0.1008,0.0638,0.2392,0.1916,0.2201,0.0,0.0,22,8,14.14,13.04
3787483,2022-04-24,usa,2022,MLS,,Rubiel Vazquez,56453,Toronto FC,546238,New York City FC,0,4,5,42,58,8,22,5,11,2,7,1,4,0,1,7,20,1,2,3,5,3,6,0,3,16,45,7,17,1,1,0,1,1,3,13,21,12,12,4,1,29,15,6,1,46,40,34.0,34.0,12.0,6.0,4.0,7.0,399,541,307.0,457.0,158,246,149,211,15.0,20.0,2.0,7.0,1.23,4.28,0.78,4.02,0.46,0.26,1.23,4.28,3.21,5.1,2,2,3,15,2,3,1,2,0,0,0.2891,1.1011,0.7995,2.6497,0.1382,0.4875,0.0081,0.0403,0.0,0.0,3,17,1,2,2,2,2,1,0,0,0.6748,3.2472,0.1008,0.776,0.2392,0.0638,0.2201,0.1916,0.0,0.0,8,22,13.04,14.14
3787338,2022-04-30,usa,2022,MLS,,Ismail Elfath,6580,New England Revolution,960720,Inter Miami CF,1,2,0,66,34,18,7,6,3,8,2,4,2,1,0,14,3,4,4,8,1,2,0,1,0,28,11,8,5,1,1,0,2,2,1,18,9,6,12,2,4,4,19,3,4,37,34,28.0,25.0,9.0,9.0,5.0,8.0,680,339,606.0,271.0,316,171,290,100,33.0,18.0,7.0,3.0,1.98,0.47,1.31,0.3,0.67,0.17,1.98,0.47,1.43,0.48,2,0,10,2,2,1,4,2,0,2,0.4227,0.0,1.2986,0.2887,0.1586,0.0625,0.1004,0.0699,0.0,0.045,13,4,0,0,4,1,1,2,0,0,1.3123,0.2955,0.0,0.0,0.5315,0.0625,0.1365,0.1081,0.0,0.0,18,7,14.08,20.58
3787338,2022-04-30,usa,2022,MLS,,Ismail Elfath,960720,Inter Miami CF,6580,New England Revolution,0,0,2,34,66,7,18,3,6,2,8,2,4,0,1,3,14,4,4,1,8,0,2,0,1,11,28,5,8,1,1,2,0,1,2,9,18,12,6,4,2,19,4,4,3,34,37,25.0,28.0,9.0,9.0,8.0,5.0,339,680,271.0,606.0,171,316,100,290,18.0,33.0,3.0,7.0,0.47,1.98,0.3,1.31,0.17,0.67,0.47,1.98,0.48,1.43,0,2,2,10,1,2,2,4,2,0,0.0,0.4227,0.2887,1.2986,0.0625,0.1586,0.0699,0.1004,0.045,0.0,4,13,0,0,1,4,2,1,0,0,0.2955,1.3123,0.0,0.0,0.0625,0.5315,0.1081,0.1365,0.0,0.0,7,18,20.58,14.08
3787339,2022-04-30,usa,2022,MLS,,Ted Unkel,8259,Houston Dynamo FC,1218886,Austin FC,1,1,2,39,61,8,9,5,5,2,3,1,1,0,0,4,5,4,4,4,5,3,1,3,0,,,10,6,3,3,0,0,5,4,17,12,10,4,1,1,20,9,3,4,41,34,35.0,30.0,6.0,4.0,12.0,8.0,328,506,272.0,442.0,185,263,87,179,19.0,30.0,3.0,3.0,1.83,0.75,1.83,0.67,0.0,0.08,1.83,0.75,0.56,0.99,1,0,3,3,0,2,2,2,2,2,0.5801,0.0,1.0191,0.4552,0.0,0.0856,0.1477,0.079,0.0856,0.1297,8,7,0,0,0,1,0,1,0,0,1.8325,0.6691,0.0,0.0,0.0,0.041,0.0,0.0394,0.0,0.0,8,9,21.54,18.83
3787339,2022-04-30,usa,2022,MLS,,Ted Unkel,1218886,Austin FC,8259,Houston Dynamo FC,0,2,1,61,39,9,8,5,5,3,2,1,1,0,0,5,4,4,4,5,4,1,3,0,3,,,6,10,3,3,0,0,4,5,12,17,4,10,1,1,9,20,4,3,34,41,30.0,35.0,4.0,6.0,8.0,12.0,506,328,442.0,272.0,263,185,179,87,30.0,19.0,3.0,3.0,0.75,1.83,0.67,1.83,0.08,0.0,0.75,1.83,0.99,0.56,0,1,3,3,2,0,2,2,2,2,0.0,0.5801,0.4552,1.0191,0.0856,0.0,0.079,0.1477,0.1297,0.0856,7,8,0,0,1,0,1,0,0,0,0.6691,1.8325,0.0,0.0,0.041,0.0,0.0394,0.0,0.0,0.0,9,8,18.83,21.54
3787340,2022-04-30,usa,2022,MLS,,Drew Fischer,6606,Real Salt Lake,6637,LA Galaxy,1,1,0,36,64,6,13,4,4,1,6,1,3,0,0,4,7,2,6,3,8,1,2,0,2,,,6,8,2,0,0,0,1,0,24,17,12,7,3,1,22,13,4,3,57,38,38.0,30.0,19.0,8.0,8.0,7.0,335,597,257.0,518.0,132,230,125,288,29.0,24.0,4.0,5.0,0.57,1.03,0.32,0.66,0.24,0.37,0.57,1.03,0.37,0.68,1,0,3,4,0,3,1,3,1,3,0.1111,0.0,0.3499,0.5093,0.0,0.2315,0.0641,0.1785,0.0403,0.1101,4,10,0,0,2,3,0,0,0,0,0.3244,0.7708,0.0,0.0,0.2412,0.2587,0.0,0.0,0.0,0.0,6,13,13.79,18.68
3787340,2022-04-30,usa,2022,MLS,,Drew Fischer,6637,LA Galaxy,6606,Real Salt Lake,0,0,1,64,36,13,6,4,4,6,1,3,1,0,0,7,4,6,2,8,3,2,1,2,0,,,8,6,0,2,0,0,0,1,17,24,7,12,1,3,13,22,3,4,38,57,30.0,38.0,8.0,19.0,7.0,8.0,597,335,518.0,257.0,230,132,288,125,24.0,29.0,5.0,4.0,1.03,0.57,0.66,0.32,0.37,0.24,1.03,0.57,0.68,0.37,0,1,4,3,3,0,3,1,3,1,0.0,0.1111,0.5093,0.3499,0.2315,0.0,0.1785,0.0641,0.1101,0.0403,10,4,0,0,3,2,0,0,0,0,0.7708,0.3244,0.0,0.0,0.2587,0.2412,0.0,0.0,0.0,0.0,13,6,18.68,13.79
3787341,2022-04-30,usa,2022,MLS,,Timothy Ford,6001,Columbus Crew,6602,DC United,1,3,0,43,57,13,11,3,3,2,8,8,0,0,1,5,8,8,3,2,1,3,4,2,4,,,12,22,0,2,0,0,3,3,16,11,14,11,1,8,19,16,2,0,57,51,47.0,31.0,10.0,20.0,9.0,8.0,387,510,298.0,425.0,168,204,130,221,26.0,34.0,2.0,2.0,1.49,1.44,1.3,1.19,0.18,0.25,1.49,1.44,1.55,0.73,0,1,2,6,3,1,4,3,4,0,0.0,0.136,0.4103,1.1979,0.2371,0.0308,0.6254,0.0759,0.2125,0.0,10,8,0,1,1,1,2,1,0,0,1.3019,1.0379,0.0,0.1545,0.0353,0.0946,0.1481,0.1536,0.0,0.0,13,11,20.1,14.27
3787341,2022-04-30,usa,2022,MLS,,Timothy Ford,6602,DC United,6001,Columbus Crew,0,0,3,57,43,11,13,3,3,8,2,0,8,1,0,8,5,3,8,1,2,4,3,4,2,,,22,12,2,0,0,0,3,3,11,16,11,14,8,1,16,19,0,2,51,57,31.0,47.0,20.0,10.0,8.0,9.0,510,387,425.0,298.0,204,168,221,130,34.0,26.0,2.0,2.0,1.44,1.49,1.19,1.3,0.25,0.18,1.44,1.49,0.73,1.55,1,0,6,2,1,3,3,4,0,4,0.136,0.0,1.1979,0.4103,0.0308,0.2371,0.0759,0.6254,0.0,0.2125,8,10,1,0,1,1,1,2,0,0,1.0379,1.3019,0.1545,0.0,0.0946,0.0353,0.1536,0.1481,0.0,0.0,11,13,14.27,20.1
3787342,2022-04-30,usa,2022,MLS,,Fotis Bazakos,267810,Orlando City,1323940,Charlotte FC,1,2,1,42,58,7,8,4,1,2,7,1,0,0,0,6,4,1,4,1,4,2,1,0,0,,,11,13,3,3,0,0,2,1,18,15,14,12,0,1,35,6,0,2,60,46,38.0,35.0,22.0,11.0,7.0,10.0,385,525,314.0,437.0,194,209,120,228,25.0,41.0,1.0,3.0,1.47,1.16,1.37,0.34,0.11,0.03,1.47,0.37,1.78,0.98,0,0,5,3,1,1,0,3,1,1,0.0,0.0,1.3884,0.9474,0.0557,0.0395,0.0,0.1474,0.0273,0.0233,3,6,2,0,1,1,1,0,0,1,0.5961,0.3368,0.7689,0.0,0.0696,0.0325,0.0368,0.0,0.0,0.7884,7,8,15.0,18.57
3787342,2022-04-30,usa,2022,MLS,,Fotis Bazakos,1323940,Charlotte FC,267810,Orlando City,0,1,2,58,42,8,7,1,4,7,2,0,1,0,0,4,6,4,1,4,1,1,2,0,0,,,13,11,3,3,0,0,1,2,15,18,12,14,1,0,6,35,2,0,46,60,35.0,38.0,11.0,22.0,10.0,7.0,525,385,437.0,314.0,209,194,228,120,41.0,25.0,3.0,1.0,1.16,1.47,0.34,1.37,0.03,0.11,0.37,1.47,0.98,1.78,0,0,3,5,1,1,3,0,1,1,0.0,0.0,0.9474,1.3884,0.0395,0.0557,0.1474,0.0,0.0233,0.0273,6,3,0,2,1,1,0,1,1,0,0.3368,0.5961,0.0,0.7689,0.0325,0.0696,0.0,0.0368,0.7884,0.0,8,7,18.57,15.0
3787484,2022-04-30,usa,2022,MLS,,Pierre Luce Lauziere,56453,Toronto FC,722265,FC Cincinnati,1,1,2,66,34,11,7,3,3,4,3,4,1,0,0,8,6,3,1,8,5,1,0,0,0,,,12,9,1,1,0,0,0,3,17,32,10,14,2,4,13,19,1,2,60,61,46.0,50.0,14.0,11.0,20.0,6.0,615,326,508.0,222.0,216,107,292,115,37.0,18.0,4.0,2.0,1.03,0.84,0.77,0.39,0.26,0.46,1.03,0.84,0.9,0.37,0,0,8,4,0,2,2,1,1,0,0.0,0.0,0.9244,0.5771,0.0,0.2138,0.0808,0.0532,0.0235,0.0,7,2,0,2,4,2,0,1,0,0,0.7728,0.0925,0.0,0.2943,0.2559,0.3437,0.0,0.1137,0.0,0.0,11,7,13.79,12.19
3787484,2022-04-30,usa,2022,MLS,,Pierre Luce Lauziere,722265,FC Cincinnati,56453,Toronto FC,0,2,1,34,66,7,11,3,3,3,4,1,4,0,0,6,8,1,3,5,8,0,1,0,0,,,9,12,1,1,0,0,3,0,32,17,14,10,4,2,19,13,2,1,61,60,50.0,46.0,11.0,14.0,6.0,20.0,326,615,222.0,508.0,107,216,115,292,18.0,37.0,2.0,4.0,0.84,1.03,0.39,0.77,0.46,0.26,0.84,1.03,0.37,0.9,0,0,4,8,2,0,1,2,0,1,0.0,0.0,0.5771,0.9244,0.2138,0.0,0.0532,0.0808,0.0,0.0235,2,7,2,0,2,4,1,0,0,0,0.0925,0.7728,0.2943,0.0,0.3437,0.2559,0.1137,0.0,0.0,0.0,7,11,12.19,13.79
3787485,2022-04-30,usa,2022,MLS,,Alex Chilowicz,161195,CF Montreal,773958,Atlanta United,1,2,1,38,62,15,12,5,5,4,5,6,2,0,0,12,6,3,6,7,8,3,1,2,1,,,13,12,3,3,0,0,2,2,16,19,7,12,2,6,20,11,4,3,44,50,36.0,39.0,8.0,11.0,9.0,9.0,323,532,249.0,459.0,128,217,121,242,19.0,37.0,6.0,4.0,2.03,0.78,0.49,0.55,1.55,0.23,2.03,0.78,2.53,0.94,6,1,5,2,1,3,2,4,1,2,1.3696,0.0897,0.4836,0.21,0.1477,0.1994,0.0672,0.2152,0.0463,0.0609,5,9,1,0,8,1,1,2,0,0,0.3855,0.5496,0.1017,0.0,1.3581,0.0897,0.2691,0.136,0.0,0.0,15,12,12.28,20.49
3787485,2022-04-30,usa,2022,MLS,,Alex Chilowicz,773958,Atlanta United,161195,CF Montreal,0,1,2,62,38,12,15,5,5,5,4,2,6,0,0,6,12,6,3,8,7,1,3,1,2,,,12,13,3,3,0,0,2,2,19,16,12,7,6,2,11,20,3,4,50,44,39.0,36.0,11.0,8.0,9.0,9.0,532,323,459.0,249.0,217,128,242,121,37.0,19.0,4.0,6.0,0.78,2.03,0.55,0.49,0.23,1.55,0.78,2.03,0.94,2.53,1,6,2,5,3,1,4,2,2,1,0.0897,1.3696,0.21,0.4836,0.1994,0.1477,0.2152,0.0672,0.0609,0.0463,9,5,0,1,1,8,2,1,0,0,0.5496,0.3855,0.0,0.1017,0.0897,1.3581,0.136,0.2691,0.0,0.0,12,15,20.49,12.28
3787343,2022-05-01,usa,2022,MLS,,Jon Freemon,6397,Chicago Fire FC,6514,New York Red Bulls,1,1,2,44,56,7,14,3,4,1,4,3,6,0,0,4,7,3,7,4,6,1,3,0,2,,,23,16,1,3,2,0,2,2,9,13,6,7,6,2,31,9,2,2,53,54,30.0,39.0,23.0,15.0,7.0,6.0,252,308,159.0,214.0,79,119,80,95,19.0,18.0,4.0,6.0,1.34,1.97,0.5,1.03,0.05,0.15,0.55,1.18,1.47,1.88,1,0,3,4,0,3,2,7,1,0,0.1592,0.0,1.0581,1.4974,0.0,0.1845,0.0851,0.2887,0.0372,0.0,4,8,0,1,1,1,1,3,1,1,0.5037,0.7536,0.0,0.2772,0.0389,0.0108,0.0085,0.1407,0.7884,0.7884,7,14,16.41,20.77
3787343,2022-05-01,usa,2022,MLS,,Jon Freemon,6514,New York Red Bulls,6397,Chicago Fire FC,0,2,1,56,44,14,7,4,3,4,1,6,3,0,0,7,4,7,3,6,4,3,1,2,0,,,16,23,3,1,0,2,2,2,13,9,7,6,2,6,9,31,2,2,54,53,39.0,30.0,15.0,23.0,6.0,7.0,308,252,214.0,159.0,119,79,95,80,18.0,19.0,6.0,4.0,1.97,1.34,1.03,0.5,0.15,0.05,1.18,0.55,1.88,1.47,0,1,4,3,3,0,7,2,0,1,0.0,0.1592,1.4974,1.0581,0.1845,0.0,0.2887,0.0851,0.0,0.0372,8,4,1,0,1,1,3,1,1,1,0.7536,0.5037,0.2772,0.0,0.0108,0.0389,0.1407,0.0085,0.7884,0.7884,14,7,20.77,16.41
3787344,2022-05-01,usa,2022,MLS,,Nima Saghafi,6604,Sporting Kansas City,6399,FC Dallas,1,2,2,56,44,15,9,5,4,8,4,2,1,0,0,9,6,6,3,1,0,2,2,1,2,,,15,16,3,5,0,1,0,2,15,23,16,10,1,3,5,22,2,2,60,63,45.0,53.0,15.0,10.0,14.0,15.0,510,408,424.0,298.0,179,221,245,77,38.0,23.0,2.0,1.0,1.8,1.0,0.86,0.73,0.16,0.27,1.01,1.0,1.71,1.67,1,0,7,4,1,2,2,2,4,1,0.1585,0.0,1.3366,0.5868,0.0566,0.3251,0.1218,0.0378,0.1292,0.0524,11,5,0,1,1,0,2,3,1,0,0.8592,0.4987,0.0,0.2354,0.0298,0.0,0.1253,0.2681,0.7884,0.0,15,9,18.48,19.93
3787344,2022-05-01,usa,2022,MLS,,Nima Saghafi,6399,FC Dallas,6604,Sporting Kansas City,0,2,2,44,56,9,15,4,5,4,8,1,2,0,0,6,9,3,6,0,1,2,2,2,1,,,16,15,5,3,1,0,2,0,23,15,10,16,3,1,22,5,2,2,63,60,53.0,45.0,10.0,15.0,15.0,14.0,408,510,298.0,424.0,221,179,77,245,23.0,38.0,1.0,2.0,1.0,1.8,0.73,0.86,0.27,0.16,1.0,1.01,1.67,1.71,0,1,4,7,2,1,2,2,1,4,0.0,0.1585,0.5868,1.3366,0.3251,0.0566,0.0378,0.1218,0.0524,0.1292,5,11,1,0,0,1,3,2,0,1,0.4987,0.8592,0.2354,0.0,0.0,0.0298,0.2681,0.1253,0.0,0.7884,9,15,19.93,18.48
3787355,2022-05-01,usa,2022,MLS,,Armando Villarreal,8314,Colorado Rapids,307690,Portland Timbers,1,2,0,52,48,17,11,6,3,7,7,4,1,1,0,10,8,7,3,4,5,1,2,1,2,,,15,6,4,4,1,0,2,0,16,11,13,11,1,4,18,17,3,4,44,32,32.0,27.0,12.0,5.0,10.0,2.0,402,380,343.0,302.0,193,165,150,137,31.0,22.0,2.0,3.0,1.6,1.02,1.29,0.81,0.31,0.21,1.6,1.02,1.33,0.48,0,0,6,5,4,3,5,2,2,1,0.0,0.0,0.9318,0.6501,0.194,0.2569,0.3543,0.0868,0.1151,0.0256,10,9,3,0,2,0,2,2,0,0,0.727,0.8129,0.5625,0.0,0.1464,0.0,0.1593,0.2066,0.0,0.0,17,11,17.51,17.45
3787355,2022-05-01,usa,2022,MLS,,Armando Villarreal,307690,Portland Timbers,8314,Colorado Rapids,0,0,2,48,52,11,17,3,6,7,7,1,4,0,1,8,10,3,7,5,4,2,1,2,1,,,6,15,4,4,0,1,0,2,11,16,11,13,4,1,17,18,4,3,32,44,27.0,32.0,5.0,12.0,2.0,10.0,380,402,302.0,343.0,165,193,137,150,22.0,31.0,3.0,2.0,1.02,1.6,0.81,1.29,0.21,0.31,1.02,1.6,0.48,1.33,0,0,5,6,3,4,2,5,1,2,0.0,0.0,0.6501,0.9318,0.2569,0.194,0.0868,0.3543,0.0256,0.1151,9,10,0,3,0,2,2,2,0,0,0.8129,0.727,0.0,0.5625,0.0,0.1464,0.2066,0.1593,0.0,0.0,11,17,17.45,17.51
3787356,2022-05-01,usa,2022,MLS,,Guido Gonzalez,546238,New York City FC,6603,San Jose Earthquakes,1,3,0,54,46,23,11,9,3,9,4,5,4,1,0,19,3,4,8,7,6,4,0,3,0,,,13,7,3,0,0,0,5,0,15,22,1,8,4,5,15,12,3,6,48,47,36.0,38.0,12.0,9.0,14.0,4.0,477,393,419.0,315.0,262,200,157,115,25.0,30.0,9.0,2.0,3.29,0.41,2.42,0.25,0.86,0.16,3.29,0.41,3.28,0.55,2,0,13,1,4,2,1,3,3,5,0.9352,0.0,1.9248,0.1029,0.3034,0.0856,0.0193,0.1076,0.1469,0.1182,17,8,0,0,5,3,1,0,0,0,2.4236,0.2496,0.0,0.0,0.8684,0.1647,0.0376,0.0,0.0,0.0,23,11,14.07,24.04
3787356,2022-05-01,usa,2022,MLS,,Guido Gonzalez,6603,San Jose Earthquakes,546238,New York City FC,0,0,3,46,54,11,23,3,9,4,9,4,5,0,1,3,19,8,4,6,7,0,4,0,3,,,7,13,0,3,0,0,0,5,22,15,8,1,5,4,12,15,6,3,47,48,38.0,36.0,9.0,12.0,4.0,14.0,393,477,315.0,419.0,200,262,115,157,30.0,25.0,2.0,9.0,0.41,3.29,0.25,2.42,0.16,0.86,0.41,3.29,0.55,3.28,0,2,1,13,2,4,3,1,5,3,0.0,0.9352,0.1029,1.9248,0.0856,0.3034,0.1076,0.0193,0.1182,0.1469,8,17,0,0,3,5,0,1,0,0,0.2496,2.4236,0.0,0.0,0.1647,0.8684,0.0,0.0376,0.0,0.0,11,23,24.04,14.07
3787366,2022-05-01,usa,2022,MLS,,Chris Penso,915807,Nashville SC,191716,Philadelphia Union,1,1,1,60,40,15,10,6,5,4,2,5,3,2,0,9,8,6,2,13,5,2,2,1,1,,,11,14,4,3,0,0,4,1,6,16,7,9,3,5,15,32,4,5,54,43,23.0,33.0,31.0,10.0,4.0,6.0,414,289,326.0,195.0,181,96,145,99,24.0,16.0,7.0,2.0,2.02,1.09,0.29,0.71,0.94,0.38,1.23,1.09,2.31,1.19,1,0,7,6,1,2,4,1,2,1,0.6476,0.0,1.1623,0.8602,0.0442,0.1282,0.1224,0.0659,0.0423,0.0401,6,4,0,2,8,1,0,3,1,0,0.3107,0.3192,0.0,0.3937,0.9198,0.0508,0.0,0.3307,0.7884,0.0,15,10,17.15,15.36
3787366,2022-05-01,usa,2022,MLS,,Chris Penso,191716,Philadelphia Union,915807,Nashville SC,0,1,1,40,60,10,15,5,6,2,4,3,5,0,2,8,9,2,6,5,13,2,2,1,1,,,14,11,3,4,0,0,1,4,16,6,9,7,5,3,32,15,5,4,43,54,33.0,23.0,10.0,31.0,6.0,4.0,289,414,195.0,326.0,96,181,99,145,16.0,24.0,2.0,7.0,1.09,2.02,0.71,0.29,0.38,0.94,1.09,1.23,1.19,2.31,0,1,6,7,2,1,1,4,1,2,0.0,0.6476,0.8602,1.1623,0.1282,0.0442,0.0659,0.1224,0.0401,0.0423,4,6,2,0,1,8,3,0,0,1,0.3192,0.3107,0.3937,0.0,0.0508,0.9198,0.3307,0.0,0.0,0.7884,10,15,15.36,17.15
3787367,2022-05-02,usa,2022,MLS,,Allen Chapman,867280,Los Angeles FC,207242,Minnesota United,1,2,0,53,47,23,8,6,1,13,4,4,3,1,0,12,5,11,3,6,6,3,1,2,1,,,11,12,0,2,0,0,2,0,17,16,18,21,3,3,11,21,1,4,62,53,44.0,40.0,18.0,13.0,15.0,15.0,431,387,338.0,285.0,118,174,220,111,24.0,29.0,9.0,5.0,2.39,0.72,1.65,0.6,0.74,0.11,2.39,0.72,1.77,0.07,1,0,11,4,0,1,4,2,7,1,0.2506,0.0,1.6528,0.5496,0.0,0.0365,0.1672,0.099,0.3182,0.0302,16,5,0,0,5,2,2,1,0,0,1.6457,0.602,0.0,0.0,0.6289,0.0792,0.1141,0.0341,0.0,0.0,23,8,16.88,16.38
3787367,2022-05-02,usa,2022,MLS,,Allen Chapman,207242,Minnesota United,867280,Los Angeles FC,0,0,2,47,53,8,23,1,6,4,13,3,4,0,1,5,12,3,11,6,6,1,3,1,2,,,12,11,2,0,0,0,0,2,16,17,21,18,3,3,21,11,4,1,53,62,40.0,44.0,13.0,18.0,15.0,15.0,387,431,285.0,338.0,174,118,111,220,29.0,24.0,5.0,9.0,0.72,2.39,0.6,1.65,0.11,0.74,0.72,2.39,0.07,1.77,0,1,4,11,1,0,2,4,1,7,0.0,0.2506,0.5496,1.6528,0.0365,0.0,0.099,0.1672,0.0302,0.3182,5,16,0,0,2,5,1,2,0,0,0.602,1.6457,0.0,0.0,0.0792,0.6289,0.0341,0.1141,0.0,0.0,8,23,16.38,16.88
3787458,2022-05-04,usa,2022,MLS,,Lukasz Szpala,722265,FC Cincinnati,56453,Toronto FC,1,2,0,60,40,16,14,6,4,7,5,3,5,0,0,13,5,3,9,2,6,8,0,6,0,,,16,10,3,1,0,1,4,1,16,14,15,14,5,3,14,9,4,4,47,43,31.0,36.0,16.0,7.0,5.0,6.0,542,345,464.0,259.0,256,123,208,136,43.0,20.0,2.0,3.0,4.41,0.52,3.62,0.44,0.0,0.08,3.62,0.52,3.85,0.37,3,0,7,3,3,2,1,6,2,3,1.8746,0.0,1.8479,0.1195,0.318,0.098,0.0157,0.2128,0.3565,0.0881,13,11,2,0,0,2,0,1,1,0,2.9653,0.4425,0.659,0.0,0.0,0.0649,0.0,0.011,0.7884,0.0,16,14,14.87,22.7
3787458,2022-05-04,usa,2022,MLS,,Lukasz Szpala,56453,Toronto FC,722265,FC Cincinnati,0,0,2,40,60,14,16,4,6,5,7,5,3,0,0,5,13,9,3,6,2,0,8,0,6,,,10,16,1,3,1,0,1,4,14,16,14,15,3,5,9,14,4,4,43,47,36.0,31.0,7.0,16.0,6.0,5.0,345,542,259.0,464.0,123,256,136,208,20.0,43.0,3.0,2.0,0.52,4.41,0.44,3.62,0.08,0.0,0.52,3.62,0.37,3.85,0,3,3,7,2,3,6,1,3,2,0.0,1.8746,0.1195,1.8479,0.098,0.318,0.2128,0.0157,0.0881,0.3565,11,13,0,2,2,0,1,0,0,1,0.4425,2.9653,0.0,0.659,0.0649,0.0,0.011,0.0,0.0,0.7884,14,16,22.7,14.87
3787363,2022-05-07,usa,2022,MLS,,Nima Saghafi,6580,New England Revolution,6001,Columbus Crew,1,2,2,64,36,9,7,2,3,3,3,4,1,2,0,7,6,2,1,4,3,2,3,0,1,,,9,12,1,2,0,0,0,0,12,17,4,12,1,4,11,17,1,0,59,38,40.0,29.0,19.0,9.0,16.0,3.0,636,357,562.0,279.0,308,163,254,116,30.0,27.0,10.0,4.0,1.03,1.12,0.75,1.09,0.29,0.03,1.03,1.12,0.94,1.78,1,1,5,3,1,2,2,0,0,1,0.1305,0.2869,0.76,0.6992,0.0629,0.1101,0.0807,0.0,0.0,0.0251,7,6,0,0,0,0,2,1,0,0,0.7486,1.0877,0.0,0.0,0.0,0.0,0.2855,0.0335,0.0,0.0,9,7,13.04,13.45
3787363,2022-05-07,usa,2022,MLS,,Nima Saghafi,6001,Columbus Crew,6580,New England Revolution,0,2,2,36,64,7,9,3,2,3,3,1,4,0,2,6,7,1,2,3,4,3,2,1,0,,,12,9,2,1,0,0,0,0,17,12,12,4,4,1,17,11,0,1,38,59,29.0,40.0,9.0,19.0,3.0,16.0,357,636,279.0,562.0,163,308,116,254,27.0,30.0,4.0,10.0,1.12,1.03,1.09,0.75,0.03,0.29,1.12,1.03,1.78,0.94,1,1,3,5,2,1,0,2,1,0,0.2869,0.1305,0.6992,0.76,0.1101,0.0629,0.0,0.0807,0.0251,0.0,6,7,0,0,0,0,1,2,0,0,1.0877,0.7486,0.0,0.0,0.0,0.0,0.0335,0.2855,0.0,0.0,7,9,13.45,13.04
3787364,2022-05-07,usa,2022,MLS,,Jon Freemon,6602,DC United,8259,Houston Dynamo FC,1,2,0,46,54,13,7,6,2,3,2,4,3,0,0,5,5,8,2,9,1,0,1,0,1,,,15,11,2,3,0,0,0,2,13,19,16,13,4,4,22,33,1,4,45,60,32.0,47.0,13.0,13.0,8.0,16.0,369,454,280.0,330.0,118,215,162,115,27.0,33.0,6.0,1.0,0.94,0.74,0.71,0.66,0.24,0.07,0.94,0.74,0.86,0.27,0,0,3,4,2,1,4,2,4,0,0.0,0.0,0.3486,0.6415,0.1729,0.032,0.3063,0.0634,0.1136,0.0,10,5,0,0,2,0,1,2,0,0,0.7053,0.6641,0.0,0.0,0.1748,0.0,0.0614,0.0728,0.0,0.0,13,7,20.78,17.17
3787364,2022-05-07,usa,2022,MLS,,Jon Freemon,8259,Houston Dynamo FC,6602,DC United,0,0,2,54,46,7,13,2,6,2,3,3,4,0,0,5,5,2,8,1,9,1,0,1,0,,,11,15,3,2,0,0,2,0,19,13,13,16,4,4,33,22,4,1,60,45,47.0,32.0,13.0,13.0,16.0,8.0,454,369,330.0,280.0,215,118,115,162,33.0,27.0,1.0,6.0,0.74,0.94,0.66,0.71,0.07,0.24,0.74,0.94,0.27,0.86,0,0,4,3,1,2,2,4,0,4,0.0,0.0,0.6415,0.3486,0.032,0.1729,0.0634,0.3063,0.0,0.1136,5,10,0,0,0,2,2,1,0,0,0.6641,0.7053,0.0,0.0,0.0,0.1748,0.0728,0.0614,0.0,0.0,7,13,17.17,20.78
3787365,2022-05-07,usa,2022,MLS,,Timothy Ford,546238,New York City FC,6604,Sporting Kansas City,1,0,0,74,26,11,5,3,3,5,2,3,0,0,1,8,2,3,3,4,1,3,0,3,0,,,12,16,1,2,0,0,3,2,14,17,10,16,0,3,8,17,3,3,50,50,33.0,34.0,17.0,16.0,6.0,5.0,729,260,620.0,160.0,396,88,224,72,48.0,23.0,5.0,2.0,1.41,0.3,1.11,0.22,0.3,0.08,1.41,0.3,1.43,0.29,1,1,7,1,0,0,3,3,0,0,0.1118,0.0779,1.0821,0.0791,0.0,0.0,0.2181,0.1454,0.0,0.0,9,4,0,0,1,1,1,0,0,0,1.1133,0.2245,0.0,0.0,0.2242,0.0779,0.0744,0.0,0.0,0.0,11,5,13.44,19.58
3787365,2022-05-07,usa,2022,MLS,,Timothy Ford,6604,Sporting Kansas City,546238,New York City FC,0,0,0,26,74,5,11,3,3,2,5,0,3,1,0,2,8,3,3,1,4,0,3,0,3,,,16,12,2,1,0,0,2,3,17,14,16,10,3,0,17,8,3,3,50,50,34.0,33.0,16.0,17.0,5.0,6.0,260,729,160.0,620.0,88,396,72,224,23.0,48.0,2.0,5.0,0.3,1.41,0.22,1.11,0.08,0.3,0.3,1.41,0.29,1.43,1,1,1,7,0,0,3,3,0,0,0.0779,0.1118,0.0791,1.0821,0.0,0.0,0.1454,0.2181,0.0,0.0,4,9,0,0,1,1,0,1,0,0,0.2245,1.1133,0.0,0.0,0.0779,0.2242,0.0,0.0744,0.0,0.0,5,11,19.58,13.44
3787369,2022-05-07,usa,2022,MLS,,Rubiel Vazquez,1323940,Charlotte FC,960720,Inter Miami CF,1,1,0,53,47,14,12,7,6,2,2,5,4,0,0,9,7,5,5,11,3,2,3,1,3,35,19,9,7,1,0,0,0,3,0,16,23,15,7,3,5,14,23,6,6,40,56,29.0,45.0,11.0,11.0,8.0,13.0,430,388,354.0,300.0,195,158,159,142,23.0,24.0,5.0,2.0,1.75,1.2,1.61,1.14,0.14,0.05,1.75,1.2,1.86,1.06,1,0,7,7,1,0,5,3,0,2,0.3645,0.0,0.942,1.0491,0.2595,0.0,0.1798,0.1171,0.0,0.0311,10,11,1,0,3,1,0,0,0,0,1.4762,1.1436,0.1297,0.0,0.1398,0.0536,0.0,0.0,0.0,0.0,14,12,15.87,17.96
3787369,2022-05-07,usa,2022,MLS,,Rubiel Vazquez,960720,Inter Miami CF,1323940,Charlotte FC,0,0,1,47,53,12,14,6,7,2,2,4,5,0,0,7,9,5,5,3,11,3,2,3,1,19,35,7,9,0,1,0,0,0,3,23,16,7,15,5,3,23,14,6,6,56,40,45.0,29.0,11.0,11.0,13.0,8.0,388,430,300.0,354.0,158,195,142,159,24.0,23.0,2.0,5.0,1.2,1.75,1.14,1.61,0.05,0.14,1.2,1.75,1.06,1.86,0,1,7,7,0,1,3,5,2,0,0.0,0.3645,1.0491,0.942,0.0,0.2595,0.1171,0.1798,0.0311,0.0,11,10,0,1,1,3,0,0,0,0,1.1436,1.4762,0.0,0.1297,0.0536,0.1398,0.0,0.0,0.0,0.0,12,14,17.96,15.87
3787370,2022-05-07,usa,2022,MLS,,,773958,Atlanta United,6397,Chicago Fire FC,1,4,1,61,39,16,14,7,2,5,8,4,4,0,0,13,7,3,7,3,4,2,2,0,1,,,9,7,1,3,0,0,1,1,17,12,5,8,4,4,23,14,1,3,37,40,32.0,30.0,5.0,10.0,10.0,9.0,625,381,563.0,317.0,364,143,199,174,18.0,23.0,6.0,3.0,2.54,1.76,2.45,0.75,0.1,1.01,2.54,1.76,2.82,0.94,2,2,6,4,5,1,3,5,0,2,1.0891,0.9926,0.9883,0.3753,0.3465,0.048,0.1633,0.2507,0.0,0.096,14,11,1,0,0,3,1,0,0,0,2.4254,0.7539,0.0662,0.0,0.0,1.0087,0.0955,0.0,0.0,0.0,16,14,15.47,17.16
3787370,2022-05-07,usa,2022,MLS,,,6397,Chicago Fire FC,773958,Atlanta United,0,1,4,39,61,14,16,2,7,8,5,4,4,0,0,7,13,7,3,4,3,2,2,1,0,,,7,9,3,1,0,0,1,1,12,17,8,5,4,4,14,23,3,1,40,37,30.0,32.0,10.0,5.0,9.0,10.0,381,625,317.0,563.0,143,364,174,199,23.0,18.0,3.0,6.0,1.76,2.54,0.75,2.45,1.01,0.1,1.76,2.54,0.94,2.82,2,2,4,6,1,5,5,3,2,0,0.9926,1.0891,0.3753,0.9883,0.048,0.3465,0.2507,0.1633,0.096,0.0,11,14,0,1,3,0,0,1,0,0,0.7539,2.4254,0.0,0.0662,1.0087,0.0,0.0,0.0955,0.0,0.0,14,16,17.16,15.47
3787371,2022-05-07,usa,2022,MLS,,Joe Dickerson,6514,New York Red Bulls,307690,Portland Timbers,1,1,1,50,50,13,7,4,1,6,3,3,3,0,1,7,4,6,3,6,1,1,2,1,1,,,11,12,1,1,0,0,2,0,20,16,15,10,3,3,10,25,0,3,72,58,39.0,42.0,33.0,16.0,7.0,15.0,416,421,304.0,294.0,136,150,168,144,28.0,18.0,12.0,4.0,1.18,0.52,0.7,0.49,0.48,0.03,1.18,0.52,0.53,0.74,2,0,3,2,2,2,5,2,1,1,0.1924,0.0,0.4201,0.2988,0.2446,0.0643,0.2996,0.118,0.0244,0.0357,6,6,1,0,3,1,3,0,0,0,0.5248,0.485,0.1789,0.0,0.2638,0.0317,0.2137,0.0,0.0,0.0,13,7,17.3,17.14
3787371,2022-05-07,usa,2022,MLS,,Joe Dickerson,307690,Portland Timbers,6514,New York Red Bulls,0,1,1,50,50,7,13,1,4,3,6,3,3,1,0,4,7,3,6,1,6,2,1,1,1,,,12,11,1,1,0,0,0,2,16,20,10,15,3,3,25,10,3,0,58,72,42.0,39.0,16.0,33.0,15.0,7.0,421,416,294.0,304.0,150,136,144,168,18.0,28.0,4.0,12.0,0.52,1.18,0.49,0.7,0.03,0.48,0.52,1.18,0.74,0.53,0,2,2,3,2,2,2,5,1,1,0.0,0.1924,0.2988,0.4201,0.0643,0.2446,0.118,0.2996,0.0357,0.0244,6,6,0,1,1,3,0,3,0,0,0.485,0.5248,0.0,0.1789,0.0317,0.2638,0.0,0.2137,0.0,0.0,7,13,17.14,17.3
3787487,2022-05-07,usa,2022,MLS,,Guido Gonzalez,161195,CF Montreal,267810,Orlando City,1,4,1,59,41,20,2,10,1,5,1,5,0,0,0,13,1,7,1,7,2,4,0,1,0,,,16,11,4,2,0,0,1,4,19,15,9,8,0,5,5,13,0,6,50,38,43.0,32.0,7.0,6.0,14.0,2.0,562,392,495.0,329.0,236,204,259,125,37.0,27.0,5.0,1.0,3.33,0.24,2.47,0.08,0.86,0.15,3.33,0.24,4.15,0.12,3,0,7,1,3,0,5,1,2,0,1.6736,0.0,0.9346,0.1546,0.3912,0.0,0.2235,0.0805,0.1023,0.0,13,1,2,0,3,1,2,0,0,0,1.6218,0.0805,0.8455,0.0,0.789,0.1546,0.0689,0.0,0.0,0.0,20,2,16.1,12.82
3787487,2022-05-07,usa,2022,MLS,,Guido Gonzalez,267810,Orlando City,161195,CF Montreal,0,1,4,41,59,2,20,1,10,1,5,0,5,0,0,1,13,1,7,2,7,0,4,0,1,,,11,16,2,4,0,0,4,1,15,19,8,9,5,0,13,5,6,0,38,50,32.0,43.0,6.0,7.0,2.0,14.0,392,562,329.0,495.0,204,236,125,259,27.0,37.0,1.0,5.0,0.24,3.33,0.08,2.47,0.15,0.86,0.24,3.33,0.12,4.15,0,3,1,7,0,3,1,5,0,2,0.0,1.6736,0.1546,0.9346,0.0,0.3912,0.0805,0.2235,0.0,0.1023,1,13,0,2,1,3,0,2,0,0,0.0805,1.6218,0.0,0.8455,0.1546,0.789,0.0,0.0689,0.0,0.0,2,20,12.82,16.1
3787358,2022-05-08,usa,2022,MLS,,Ismail Elfath,1218886,Austin FC,6637,LA Galaxy,1,0,1,55,45,13,9,2,3,10,4,1,2,1,0,8,4,5,5,3,3,2,2,2,2,23,16,11,14,1,5,0,0,7,4,13,14,6,11,2,1,9,10,2,2,49,43,35.0,30.0,14.0,13.0,9.0,6.0,464,382,380.0,285.0,234,162,146,123,16.0,29.0,5.0,1.0,1.2,1.32,0.96,1.21,0.24,0.11,1.2,1.32,0.32,0.38,1,1,6,2,1,1,3,4,2,1,0.2951,0.5984,0.6908,0.4429,0.0372,0.0483,0.0931,0.1833,0.088,0.0508,10,8,0,0,1,0,2,1,0,0,0.9632,1.2143,0.0,0.0,0.1251,0.0,0.1159,0.1092,0.0,0.0,13,9,16.29,25.03
3787358,2022-05-08,usa,2022,MLS,,Ismail Elfath,6637,LA Galaxy,1218886,Austin FC,0,1,0,45,55,9,13,3,2,4,10,2,1,0,1,4,8,5,5,3,3,2,2,2,2,16,23,14,11,5,1,0,0,4,7,14,13,11,6,1,2,10,9,2,2,43,49,30.0,35.0,13.0,14.0,6.0,9.0,382,464,285.0,380.0,162,234,123,146,29.0,16.0,1.0,5.0,1.32,1.2,1.21,0.96,0.11,0.24,1.32,1.2,0.38,0.32,1,1,2,6,1,1,4,3,1,2,0.5984,0.2951,0.4429,0.6908,0.0483,0.0372,0.1833,0.0931,0.0508,0.088,8,10,0,0,0,1,1,2,0,0,1.2143,0.9632,0.0,0.0,0.0,0.1251,0.1092,0.1159,0.0,0.0,9,13,25.03,16.29
3787359,2022-05-08,usa,2022,MLS,,Fotis Bazakos,915807,Nashville SC,6606,Real Salt Lake,1,2,0,54,46,21,6,10,2,7,3,4,1,0,0,16,5,5,1,6,4,4,0,3,0,33,14,8,16,0,2,0,0,2,1,9,8,6,5,1,5,14,29,2,7,47,43,32.0,19.0,15.0,24.0,7.0,3.0,464,407,388.0,317.0,220,161,168,156,30.0,23.0,4.0,1.0,2.82,0.32,1.14,0.07,1.69,0.25,2.82,0.32,1.76,0.18,5,0,8,4,3,1,5,1,0,0,1.8796,0.0,0.9262,0.1745,0.2106,0.1196,0.3158,0.0287,0.0,0.0,11,3,1,0,3,2,6,1,0,0,1.0612,0.1241,0.1246,0.0,0.798,0.1765,1.3484,0.0221,0.0,0.0,21,6,15.09,16.66
3787359,2022-05-08,usa,2022,MLS,,Fotis Bazakos,6606,Real Salt Lake,915807,Nashville SC,0,0,2,46,54,6,21,2,10,3,7,1,4,0,0,5,16,1,5,4,6,0,4,0,3,14,33,16,8,2,0,0,0,1,2,8,9,5,6,5,1,29,14,7,2,43,47,19.0,32.0,24.0,15.0,3.0,7.0,407,464,317.0,388.0,161,220,156,168,23.0,30.0,1.0,4.0,0.32,2.82,0.07,1.14,0.25,1.69,0.32,2.82,0.18,1.76,0,5,4,8,1,3,1,5,0,0,0.0,1.8796,0.1745,0.9262,0.1196,0.2106,0.0287,0.3158,0.0,0.0,3,11,0,1,2,3,1,6,0,0,0.1241,1.0612,0.0,0.1246,0.1765,0.798,0.0221,1.3484,0.0,0.0,6,21,16.66,15.09
3787360,2022-05-08,usa,2022,MLS,,Jair Marrufo,867280,Los Angeles FC,191716,Philadelphia Union,1,2,2,66,34,22,9,6,2,8,6,8,1,1,0,12,6,10,3,12,1,1,1,0,0,33,19,12,16,1,3,0,0,1,1,17,28,3,19,1,6,16,34,0,4,55,66,36.0,43.0,19.0,23.0,8.0,4.0,516,259,421.0,173.0,179,79,242,94,28.0,21.0,7.0,6.0,1.37,1.12,0.62,1.12,0.75,0.05,1.37,1.12,1.16,1.42,1,1,11,4,0,1,6,2,4,1,0.3084,0.5884,0.7017,0.4021,0.0,0.0805,0.2322,0.034,0.1479,0.0162,11,8,0,0,10,0,1,1,0,0,0.6193,1.0408,0.0,0.0,0.7336,0.0,0.0373,0.0804,0.0,0.0,22,9,16.06,16.98
3787360,2022-05-08,usa,2022,MLS,,Jair Marrufo,191716,Philadelphia Union,867280,Los Angeles FC,0,2,2,34,66,9,22,2,6,6,8,1,8,0,1,6,12,3,10,1,12,1,1,0,0,19,33,16,12,3,1,0,0,1,1,28,17,19,3,6,1,34,16,4,0,66,55,43.0,36.0,23.0,19.0,4.0,8.0,259,516,173.0,421.0,79,179,94,242,21.0,28.0,6.0,7.0,1.12,1.37,1.12,0.62,0.05,0.75,1.12,1.37,1.42,1.16,1,1,4,11,1,0,2,6,1,4,0.5884,0.3084,0.4021,0.7017,0.0805,0.0,0.034,0.2322,0.0162,0.1479,8,11,0,0,0,10,1,1,0,0,1.0408,0.6193,0.0,0.0,0.0,0.7336,0.0804,0.0373,0.0,0.0,9,22,16.98,16.06
3787361,2022-05-08,usa,2022,MLS,,Allen Chapman,6399,FC Dallas,130394,Seattle Sounders FC,1,2,0,57,43,22,4,6,0,10,3,6,1,1,0,13,1,9,3,9,4,4,1,3,1,32,8,8,12,1,1,0,0,2,1,15,17,8,10,1,6,11,11,0,4,43,44,34.0,30.0,9.0,14.0,7.0,5.0,510,377,435.0,310.0,218,185,217,125,17.0,34.0,7.0,6.0,2.68,0.71,2.36,0.7,0.32,0.01,2.68,0.71,1.11,0.0,3,0,7,0,3,1,7,3,2,0,0.4834,0.0,1.2254,0.0,0.489,0.0483,0.3723,0.6607,0.1097,0.0,18,2,0,1,3,1,1,0,0,0,2.3594,0.0753,0.0,0.6214,0.2651,0.0123,0.0553,0.0,0.0,0.0,22,4,16.7,24.75
3787361,2022-05-08,usa,2022,MLS,,Allen Chapman,130394,Seattle Sounders FC,6399,FC Dallas,0,0,2,43,57,4,22,0,6,3,10,1,6,0,1,1,13,3,9,4,9,1,4,1,3,8,32,12,8,1,1,0,0,1,2,17,15,10,8,6,1,11,11,4,0,44,43,30.0,34.0,14.0,9.0,5.0,7.0,377,510,310.0,435.0,185,218,125,217,34.0,17.0,6.0,7.0,0.71,2.68,0.7,2.36,0.01,0.32,0.71,2.68,0.0,1.11,0,3,0,7,1,3,3,7,0,2,0.0,0.4834,0.0,1.2254,0.0483,0.489,0.6607,0.3723,0.0,0.1097,2,18,1,0,1,3,0,1,0,0,0.0753,2.3594,0.6214,0.0,0.0123,0.2651,0.0,0.0553,0.0,0.0,4,22,24.75,16.7
3787362,2022-05-08,usa,2022,MLS,,Marcos de Oliveira,207242,Minnesota United,722265,FC Cincinnati,1,0,1,52,48,15,14,5,6,4,5,6,3,1,2,8,10,7,4,10,7,1,2,1,1,30,21,8,9,0,3,0,0,0,0,17,25,21,20,3,6,11,26,5,5,50,46,36.0,35.0,14.0,11.0,10.0,4.0,442,419,345.0,322.0,128,155,217,167,28.0,13.0,9.0,6.0,1.04,1.97,0.59,1.85,0.45,0.12,1.04,1.97,0.99,2.54,1,1,7,5,0,4,4,4,3,0,0.107,0.7003,0.6452,0.7262,0.0,0.2129,0.141,0.3266,0.1461,0.0,6,10,1,1,5,3,3,0,0,0,0.437,1.6665,0.1535,0.1831,0.2981,0.1164,0.1508,0.0,0.0,0.0,15,14,16.69,16.22
3787362,2022-05-08,usa,2022,MLS,,Marcos de Oliveira,722265,FC Cincinnati,207242,Minnesota United,0,1,0,48,52,14,15,6,5,5,4,3,6,2,1,10,8,4,7,7,10,2,1,1,1,21,30,9,8,3,0,0,0,0,0,25,17,20,21,6,3,26,11,5,5,46,50,35.0,36.0,11.0,14.0,4.0,10.0,419,442,322.0,345.0,155,128,167,217,13.0,28.0,6.0,9.0,1.97,1.04,1.85,0.59,0.12,0.45,1.97,1.04,2.54,0.99,1,1,5,7,4,0,4,4,0,3,0.7003,0.107,0.7262,0.6452,0.2129,0.0,0.3266,0.141,0.0,0.1461,10,6,1,1,3,5,0,3,0,0,1.6665,0.437,0.1831,0.1535,0.1164,0.2981,0.0,0.1508,0.0,0.0,14,15,16.22,16.69
3787368,2022-05-08,usa,2022,MLS,,Tori Penso,6603,San Jose Earthquakes,8314,Colorado Rapids,1,1,0,59,41,13,13,4,5,5,3,4,5,1,0,8,7,5,6,9,3,2,0,1,0,27,18,16,14,1,0,0,0,1,2,12,29,11,17,5,4,13,24,5,3,46,64,38.0,52.0,8.0,12.0,13.0,9.0,479,337,393.0,262.0,252,161,141,101,35.0,40.0,6.0,3.0,1.06,0.76,0.42,0.58,0.65,0.19,1.06,0.76,1.81,0.59,3,0,4,5,1,2,4,5,1,1,0.3678,0.0,0.4301,0.3552,0.0376,0.13,0.187,0.2185,0.0416,0.061,7,10,0,0,4,0,2,3,0,0,0.4168,0.6414,0.0,0.0,0.3918,0.0,0.2556,0.1234,0.0,0.0,13,13,15.86,18.9
3787368,2022-05-08,usa,2022,MLS,,Tori Penso,8314,Colorado Rapids,6603,San Jose Earthquakes,0,0,1,41,59,13,13,5,4,3,5,5,4,0,1,7,8,6,5,3,9,0,2,0,1,18,27,14,16,0,1,0,0,2,1,29,12,17,11,4,5,24,13,3,5,64,46,52.0,38.0,12.0,8.0,9.0,13.0,337,479,262.0,393.0,161,252,101,141,40.0,35.0,3.0,6.0,0.76,1.06,0.58,0.42,0.19,0.65,0.76,1.06,0.59,1.81,0,3,5,4,2,1,5,4,1,1,0.0,0.3678,0.3552,0.4301,0.13,0.0376,0.2185,0.187,0.061,0.0416,10,7,0,0,0,4,3,2,0,0,0.6414,0.4168,0.0,0.0,0.0,0.3918,0.1234,0.2556,0.0,0.0,13,13,18.9,15.86
3787473,2022-05-08,usa,2022,MLS,,Víctor Rivas,307691,Vancouver Whitecaps,56453,Toronto FC,1,1,0,45,55,15,9,6,4,6,3,3,2,0,0,12,6,3,3,5,3,4,2,3,2,37,40,11,8,1,3,0,0,3,0,24,16,11,7,2,3,25,21,4,5,55,58,41.0,32.0,14.0,26.0,9.0,8.0,397,497,314.0,399.0,154,180,160,219,42.0,32.0,9.0,3.0,2.32,1.78,2.32,0.88,0.0,0.11,2.32,0.99,2.58,1.8,1,0,8,6,3,0,1,2,2,1,0.9552,0.0,0.9431,1.6275,0.3003,0.0,0.0555,0.1289,0.0672,0.0269,15,7,0,0,0,0,0,1,0,1,2.3213,0.8846,0.0,0.0,0.0,0.0,0.0,0.1104,0.0,0.7884,15,9,14.73,15.28
3787473,2022-05-08,usa,2022,MLS,,Víctor Rivas,56453,Toronto FC,307691,Vancouver Whitecaps,0,0,1,55,45,9,15,4,6,3,6,2,3,0,0,6,12,3,3,3,5,2,4,2,3,40,37,8,11,3,1,0,0,0,3,16,24,7,11,3,2,21,25,5,4,58,55,32.0,41.0,26.0,14.0,8.0,9.0,497,397,399.0,314.0,180,154,219,160,32.0,42.0,3.0,9.0,1.78,2.32,0.88,2.32,0.11,0.0,0.99,2.32,1.8,2.58,0,1,6,8,0,3,2,1,1,2,0.0,0.9552,1.6275,0.9431,0.0,0.3003,0.1289,0.0555,0.0269,0.0672,7,15,0,0,0,0,1,0,1,0,0.8846,2.3213,0.0,0.0,0.0,0.0,0.1104,0.0,0.7884,0.0,9,15,15.28,14.73
3787357,2022-05-14,usa,2022,MLS,,Ted Unkel,8314,Colorado Rapids,867280,Los Angeles FC,1,2,0,38,62,14,13,6,2,7,6,1,5,2,0,12,6,2,7,5,6,5,2,3,2,,,13,13,2,3,0,0,2,0,17,9,9,3,5,1,18,11,2,4,49,34,37.0,28.0,12.0,6.0,9.0,6.0,241,385,179.0,318.0,84,179,95,139,33.0,13.0,5.0,6.0,3.16,1.36,1.19,1.03,0.4,0.33,1.59,1.36,2.39,0.17,2,0,8,5,2,1,2,5,0,2,0.5208,0.0,2.429,0.876,0.1173,0.0313,0.0965,0.352,0.0,0.1016,5,7,0,0,3,3,4,3,2,0,1.1911,1.03,0.0,0.0,0.1701,0.1956,0.2256,0.1354,1.5768,0.0,14,13,13.3,18.91
3787357,2022-05-14,usa,2022,MLS,,Ted Unkel,867280,Los Angeles FC,8314,Colorado Rapids,0,0,2,62,38,13,14,2,6,6,7,5,1,0,2,6,12,7,2,6,5,2,5,2,3,,,13,13,3,2,0,0,0,2,9,17,3,9,1,5,11,18,4,2,34,49,28.0,37.0,6.0,12.0,6.0,9.0,385,241,318.0,179.0,179,84,139,95,13.0,33.0,6.0,5.0,1.36,3.16,1.03,1.19,0.33,0.4,1.36,1.59,0.17,2.39,0,2,5,8,1,2,5,2,2,0,0.0,0.5208,0.876,2.429,0.0313,0.1173,0.352,0.0965,0.1016,0.0,7,5,0,0,3,3,3,4,0,2,1.03,1.1911,0.0,0.0,0.1956,0.1701,0.1354,0.2256,0.0,1.5768,13,14,18.91,13.3
3787390,2022-05-14,usa,2022,MLS,,Rubiel Vazquez,191716,Philadelphia Union,6514,New York Red Bulls,1,1,1,61,39,17,10,6,6,8,2,3,2,0,0,11,8,6,2,7,4,4,1,3,0,,,15,10,4,2,0,1,2,1,12,13,10,8,2,4,19,30,5,4,49,67,26.0,41.0,23.0,26.0,6.0,14.0,389,252,300.0,150.0,141,65,159,85,33.0,14.0,8.0,6.0,2.56,1.11,1.97,0.74,0.59,0.36,2.56,1.11,1.94,2.08,2,2,6,3,3,3,5,2,1,0,0.7792,0.3494,1.1218,0.491,0.4332,0.1756,0.283,0.0904,0.0208,0.0,11,5,0,0,3,2,3,3,0,0,2.0479,0.7426,0.0,0.0,0.3647,0.1525,0.2253,0.2112,0.0,0.0,17,10,14.95,14.31
3787390,2022-05-14,usa,2022,MLS,,Rubiel Vazquez,6514,New York Red Bulls,191716,Philadelphia Union,0,1,1,39,61,10,17,6,6,2,8,2,3,0,0,8,11,2,6,4,7,1,4,0,3,,,10,15,2,4,1,0,1,2,13,12,8,10,4,2,30,19,4,5,67,49,41.0,26.0,26.0,23.0,14.0,6.0,252,389,150.0,300.0,65,141,85,159,14.0,33.0,6.0,8.0,1.11,2.56,0.74,1.97,0.36,0.59,1.11,2.56,2.08,1.94,2,2,3,6,3,3,2,5,0,1,0.3494,0.7792,0.491,1.1218,0.1756,0.4332,0.0904,0.283,0.0,0.0208,5,11,0,0,2,3,3,3,0,0,0.7426,2.0479,0.0,0.0,0.1525,0.3647,0.2112,0.2253,0.0,0.0,10,17,14.31,14.95
3787405,2022-05-14,usa,2022,MLS,,Marcos de Oliveira,546238,New York City FC,6001,Columbus Crew,1,2,0,54,46,21,8,6,0,8,6,7,2,1,0,17,4,4,4,7,7,1,0,0,0,,,18,13,3,1,0,0,0,2,25,21,10,13,2,7,20,13,0,3,60,65,50.0,54.0,10.0,11.0,12.0,16.0,484,418,404.0,336.0,226,165,178,171,26.0,17.0,7.0,3.0,2.74,0.6,1.85,0.43,0.88,0.17,2.74,0.6,1.31,0.0,1,0,14,3,2,1,4,3,0,1,0.3967,0.0,2.0921,0.2716,0.1363,0.0709,0.1304,0.162,0.0,0.0425,11,7,2,0,5,0,3,1,0,0,1.1793,0.4311,0.6844,0.0,0.4207,0.0,0.4711,0.1159,0.0,0.0,21,8,15.3,19.33
3787405,2022-05-14,usa,2022,MLS,,Marcos de Oliveira,6001,Columbus Crew,546238,New York City FC,0,0,2,46,54,8,21,0,6,6,8,2,7,0,1,4,17,4,4,7,7,0,1,0,0,,,13,18,1,3,0,0,2,0,21,25,13,10,7,2,13,20,3,0,65,60,54.0,50.0,11.0,10.0,16.0,12.0,418,484,336.0,404.0,165,226,171,178,17.0,26.0,3.0,7.0,0.6,2.74,0.43,1.85,0.17,0.88,0.6,2.74,0.0,1.31,0,1,3,14,1,2,3,4,1,0,0.0,0.3967,0.2716,2.0921,0.0709,0.1363,0.162,0.1304,0.0425,0.0,7,11,0,2,0,5,1,3,0,0,0.4311,1.1793,0.0,0.6844,0.0,0.4207,0.1159,0.4711,0.0,0.0,8,21,19.33,15.3
3787457,2022-05-14,usa,2022,MLS,,Timothy Ford,307691,Vancouver Whitecaps,6603,San Jose Earthquakes,1,3,3,39,61,16,15,7,6,4,3,5,6,1,1,14,9,2,6,3,5,3,3,1,0,,,13,14,3,1,0,0,0,0,16,7,13,8,6,4,16,11,3,4,43,39,35.0,28.0,8.0,11.0,6.0,8.0,363,585,292.0,508.0,154,279,138,229,36.0,15.0,5.0,2.0,1.26,1.78,1.0,1.7,0.26,0.07,1.26,1.78,3.1,2.61,3,0,10,6,1,3,0,5,2,1,0.2526,0.0,0.8847,1.4676,0.0477,0.133,0.0,0.1492,0.0717,0.0265,11,12,1,1,3,1,1,1,0,0,0.8216,1.662,0.1778,0.042,0.2305,0.034,0.0267,0.0383,0.0,0.0,16,15,13.4,17.63
3787457,2022-05-14,usa,2022,MLS,,Timothy Ford,6603,San Jose Earthquakes,307691,Vancouver Whitecaps,0,3,3,61,39,15,16,6,7,3,4,6,5,1,1,9,14,6,2,5,3,3,3,0,1,,,14,13,1,3,0,0,0,0,7,16,8,13,4,6,11,16,4,3,39,43,28.0,35.0,11.0,8.0,8.0,6.0,585,363,508.0,292.0,279,154,229,138,15.0,36.0,2.0,5.0,1.78,1.26,1.7,1.0,0.07,0.26,1.78,1.26,2.61,3.1,0,3,6,10,3,1,5,0,1,2,0.0,0.2526,1.4676,0.8847,0.133,0.0477,0.1492,0.0,0.0265,0.0717,12,11,1,1,1,3,1,1,0,0,1.662,0.8216,0.042,0.1778,0.034,0.2305,0.0383,0.0267,0.0,0.0,15,16,17.63,13.4
3787471,2022-05-14,usa,2022,MLS,,Silviu Petrescu,1323940,Charlotte FC,161195,CF Montreal,1,0,2,56,44,15,13,4,3,8,5,3,5,1,0,11,9,4,4,5,5,2,2,2,1,,,7,13,3,2,0,0,0,1,24,16,10,9,5,4,10,15,1,3,52,43,42.0,30.0,10.0,13.0,5.0,7.0,500,407,414.0,325.0,273,168,141,157,31.0,29.0,5.0,5.0,1.32,1.78,1.21,1.7,0.1,0.09,1.32,1.78,0.35,1.07,0,2,9,4,2,3,3,2,1,2,0.0,0.3006,0.907,1.1295,0.2955,0.2281,0.0863,0.0685,0.0394,0.0579,12,10,0,0,3,2,0,1,0,0,1.224,1.6967,0.0,0.0,0.1042,0.0569,0.0,0.0311,0.0,0.0,15,13,16.55,17.42
3787471,2022-05-14,usa,2022,MLS,,Silviu Petrescu,161195,CF Montreal,1323940,Charlotte FC,0,2,0,44,56,13,15,3,4,5,8,5,3,0,1,9,11,4,4,5,5,2,2,1,2,,,13,7,2,3,0,0,1,0,16,24,9,10,4,5,15,10,3,1,43,52,30.0,42.0,13.0,10.0,7.0,5.0,407,500,325.0,414.0,168,273,157,141,29.0,31.0,5.0,5.0,1.78,1.32,1.7,1.21,0.09,0.1,1.78,1.32,1.07,0.35,2,0,4,9,3,2,2,3,2,1,0.3006,0.0,1.1295,0.907,0.2281,0.2955,0.0685,0.0863,0.0579,0.0394,10,12,0,0,2,3,1,0,0,0,1.6967,1.224,0.0,0.0,0.0569,0.1042,0.0311,0.0,0.0,0.0,13,15,17.42,16.55
3787472,2022-05-14,usa,2022,MLS,,Nima Saghafi,56453,Toronto FC,267810,Orlando City,1,0,1,48,52,8,17,2,6,3,7,3,4,0,0,4,8,4,9,3,9,0,2,0,1,,,11,14,1,3,0,0,3,0,21,28,12,11,4,3,15,12,5,2,50,55,43.0,45.0,7.0,10.0,10.0,7.0,414,453,335.0,380.0,163,181,172,199,14.0,36.0,1.0,5.0,0.73,1.53,0.73,0.98,0.0,0.55,0.73,1.53,0.38,2.2,0,2,4,3,0,3,3,6,1,3,0.0,0.8545,0.4707,0.2274,0.0,0.145,0.2436,0.2505,0.0144,0.0483,8,11,0,1,0,3,0,2,0,0,0.7287,0.8868,0.0,0.089,0.0,0.3909,0.0,0.159,0.0,0.0,8,17,20.22,20.89
3787472,2022-05-14,usa,2022,MLS,,Nima Saghafi,267810,Orlando City,56453,Toronto FC,0,1,0,52,48,17,8,6,2,7,3,4,3,0,0,8,4,9,4,9,3,2,0,1,0,,,14,11,3,1,0,0,0,3,28,21,11,12,3,4,12,15,2,5,55,50,45.0,43.0,10.0,7.0,7.0,10.0,453,414,380.0,335.0,181,163,199,172,36.0,14.0,5.0,1.0,1.53,0.73,0.98,0.73,0.55,0.0,1.53,0.73,2.2,0.38,2,0,3,4,3,0,6,3,3,1,0.8545,0.0,0.2274,0.4707,0.145,0.0,0.2505,0.2436,0.0483,0.0144,11,8,1,0,3,0,2,0,0,0,0.8868,0.7287,0.089,0.0,0.3909,0.0,0.159,0.0,0.0,0.0,17,8,20.89,20.22
3787391,2022-05-15,usa,2022,MLS,,Tori Penso,6397,Chicago Fire FC,722265,FC Cincinnati,1,1,2,60,40,18,9,5,3,8,5,5,1,0,0,9,5,9,4,14,2,0,0,0,0,,,13,13,0,2,0,0,2,3,13,18,12,11,0,4,9,32,2,4,51,56,31.0,41.0,20.0,15.0,5.0,10.0,492,332,394.0,240.0,171,149,223,91,27.0,23.0,8.0,2.0,1.48,1.02,0.78,0.33,0.7,0.69,1.48,1.02,0.55,0.67,3,1,4,2,2,2,6,4,3,0,0.6796,0.4734,0.24,0.2568,0.138,0.1069,0.3231,0.1824,0.0988,0.0,12,4,0,0,4,3,2,2,0,0,0.7836,0.3346,0.0,0.0,0.597,0.6337,0.0988,0.0514,0.0,0.0,18,9,17.11,17.63
3787391,2022-05-15,usa,2022,MLS,,Tori Penso,722265,FC Cincinnati,6397,Chicago Fire FC,0,2,1,40,60,9,18,3,5,5,8,1,5,0,0,5,9,4,9,2,14,0,0,0,0,,,13,13,2,0,0,0,3,2,18,13,11,12,4,0,32,9,4,2,56,51,41.0,31.0,15.0,20.0,10.0,5.0,332,492,240.0,394.0,149,171,91,223,23.0,27.0,2.0,8.0,1.02,1.48,0.33,0.78,0.69,0.7,1.02,1.48,0.67,0.55,1,3,2,4,2,2,4,6,0,3,0.4734,0.6796,0.2568,0.24,0.1069,0.138,0.1824,0.3231,0.0,0.0988,4,12,0,0,3,4,2,2,0,0,0.3346,0.7836,0.0,0.0,0.6337,0.597,0.0514,0.0988,0.0,0.0,9,18,17.63,17.11
3787392,2022-05-15,usa,2022,MLS,,Pierre Luce Lauziere,960720,Inter Miami CF,6602,DC United,1,2,2,58,42,10,9,7,5,3,1,0,3,0,0,7,6,3,3,4,4,1,2,0,0,16,18,7,12,1,1,0,1,2,1,15,18,14,7,3,0,14,15,3,5,46,45,35.0,30.0,11.0,15.0,9.0,5.0,454,328,368.0,247.0,169,108,199,139,34.0,34.0,1.0,4.0,0.79,1.14,0.69,0.96,0.1,0.18,0.79,1.14,2.18,1.92,1,0,2,5,4,1,2,2,1,1,0.3902,0.0,0.1064,0.8265,0.2039,0.1582,0.0614,0.1231,0.024,0.0288,9,6,0,1,1,0,0,2,0,0,0.6905,0.8568,0.0,0.1006,0.0954,0.0,0.0,0.1792,0.0,0.0,10,9,17.78,16.03
3787392,2022-05-15,usa,2022,MLS,,Pierre Luce Lauziere,6602,DC United,960720,Inter Miami CF,0,2,2,42,58,9,10,5,7,1,3,3,0,0,0,6,7,3,3,4,4,2,1,0,0,18,16,12,7,1,1,1,0,1,2,18,15,7,14,0,3,15,14,5,3,45,46,30.0,35.0,15.0,11.0,5.0,9.0,328,454,247.0,368.0,108,169,139,199,34.0,34.0,4.0,1.0,1.14,0.79,0.96,0.69,0.18,0.1,1.14,0.79,1.92,2.18,0,1,5,2,1,4,2,2,1,1,0.0,0.3902,0.8265,0.1064,0.1582,0.2039,0.1231,0.0614,0.0288,0.024,6,9,1,0,0,1,2,0,0,0,0.8568,0.6905,0.1006,0.0,0.0,0.0954,0.1792,0.0,0.0,0.0,9,10,16.03,17.78
3787393,2022-05-15,usa,2022,MLS,,Ramy Touchan,8259,Houston Dynamo FC,915807,Nashville SC,1,2,0,38,62,8,12,4,2,3,6,1,4,0,1,6,7,2,5,4,10,2,1,0,1,,,11,15,3,4,1,0,1,0,17,9,10,7,4,1,33,8,2,2,56,57,43.0,27.0,13.0,30.0,11.0,7.0,312,470,233.0,403.0,138,145,95,258,20.0,30.0,2.0,10.0,1.74,1.4,0.83,0.64,0.12,0.76,0.95,1.4,1.88,0.1,0,2,4,5,2,0,0,5,2,0,0.0,0.5196,1.5861,0.6996,0.1055,0.0,0.0,0.1765,0.0621,0.0,6,7,0,0,1,4,0,1,1,0,0.8485,0.638,0.0,0.0,0.1167,0.7203,0.0,0.0374,0.7884,0.0,8,12,14.51,15.63
3787393,2022-05-15,usa,2022,MLS,,Ramy Touchan,915807,Nashville SC,8259,Houston Dynamo FC,0,0,2,62,38,12,8,2,4,6,3,4,1,1,0,7,6,5,2,10,4,1,2,1,0,,,15,11,4,3,0,1,0,1,9,17,7,10,1,4,8,33,2,2,57,56,27.0,43.0,30.0,13.0,7.0,11.0,470,312,403.0,233.0,145,138,258,95,30.0,20.0,10.0,2.0,1.4,1.74,0.64,0.83,0.76,0.12,1.4,0.95,0.1,1.88,2,0,5,4,0,2,5,0,0,2,0.5196,0.0,0.6996,1.5861,0.0,0.1055,0.1765,0.0,0.0,0.0621,7,6,0,0,4,1,1,0,0,1,0.638,0.8485,0.0,0.0,0.7203,0.1167,0.0374,0.0,0.0,0.7884,12,8,15.63,14.51
3787394,2022-05-15,usa,2022,MLS,,Lukasz Szpala,6606,Real Salt Lake,1218886,Austin FC,1,2,1,45,55,14,9,7,3,2,3,5,3,0,0,9,4,5,5,7,4,1,1,1,1,,,10,6,2,4,0,1,2,0,16,11,11,9,3,5,15,23,2,5,43,33,28.0,23.0,15.0,10.0,6.0,2.0,392,495,314.0,415.0,127,242,187,173,28.0,28.0,8.0,2.0,1.84,0.93,1.29,0.87,0.55,0.06,1.84,0.93,1.26,0.81,0,0,8,3,1,1,5,3,0,2,0.0,0.0,1.2897,0.6931,0.1358,0.0781,0.4167,0.11,0.0,0.0524,10,8,0,0,3,1,1,0,0,0,1.2941,0.8727,0.0,0.0,0.4019,0.0609,0.1461,0.0,0.0,0.0,14,9,15.07,19.1
3787394,2022-05-15,usa,2022,MLS,,Lukasz Szpala,1218886,Austin FC,6606,Real Salt Lake,0,1,2,55,45,9,14,3,7,3,2,3,5,0,0,4,9,5,5,4,7,1,1,1,1,,,6,10,4,2,1,0,0,2,11,16,9,11,5,3,23,15,5,2,33,43,23.0,28.0,10.0,15.0,2.0,6.0,495,392,415.0,314.0,242,127,173,187,28.0,28.0,2.0,8.0,0.93,1.84,0.87,1.29,0.06,0.55,0.93,1.84,0.81,1.26,0,0,3,8,1,1,3,5,2,0,0.0,0.0,0.6931,1.2897,0.0781,0.1358,0.11,0.4167,0.0524,0.0,8,10,0,0,1,3,0,1,0,0,0.8727,1.2941,0.0,0.0,0.0609,0.4019,0.0,0.1461,0.0,0.0,9,14,19.1,15.07
3787395,2022-05-15,usa,2022,MLS,,Víctor Rivas,307690,Portland Timbers,6604,Sporting Kansas City,1,7,2,41,59,11,11,8,4,2,3,1,4,0,0,11,9,0,2,1,3,6,2,0,1,,,15,7,2,1,1,1,1,1,20,12,12,13,4,1,22,8,2,1,44,44,35.0,36.0,9.0,8.0,8.0,9.0,368,506,294.0,445.0,203,192,91,253,23.0,30.0,3.0,3.0,3.1,1.72,2.74,1.28,0.36,0.44,3.1,1.72,4.51,1.15,0,2,8,6,3,1,0,1,0,1,0.0,0.9091,2.3791,0.7056,0.7257,0.0318,0.0,0.0312,0.0,0.0419,5,7,4,0,1,1,1,3,0,0,1.5858,1.2846,1.1587,0.0,0.0281,0.0351,0.3322,0.4,0.0,0.0,11,11,11.82,13.72
3787395,2022-05-15,usa,2022,MLS,,Víctor Rivas,6604,Sporting Kansas City,307690,Portland Timbers,0,2,7,59,41,11,11,4,8,3,2,4,1,0,0,9,11,2,0,3,1,2,6,1,0,,,7,15,1,2,1,1,1,1,12,20,13,12,1,4,8,22,1,2,44,44,36.0,35.0,8.0,9.0,9.0,8.0,506,368,445.0,294.0,192,203,253,91,30.0,23.0,3.0,3.0,1.72,3.1,1.28,2.74,0.44,0.36,1.72,3.1,1.15,4.51,2,0,6,8,1,3,1,0,1,0,0.9091,0.0,0.7056,2.3791,0.0318,0.7257,0.0312,0.0,0.0419,0.0,7,5,0,4,1,1,3,1,0,0,1.2846,1.5858,0.0,1.1587,0.0351,0.0281,0.4,0.3322,0.0,0.0,11,11,13.72,11.82
3787396,2022-05-15,usa,2022,MLS,,Chris Penso,6637,LA Galaxy,6399,FC Dallas,1,1,3,60,40,13,9,5,4,6,2,2,3,2,0,7,7,6,2,6,5,1,3,1,1,,,13,9,2,3,0,0,1,7,11,15,9,14,3,2,6,24,1,4,36,43,26.0,36.0,10.0,7.0,6.0,9.0,540,370,465.0,290.0,201,174,264,116,43.0,24.0,5.0,0.0,1.58,3.15,1.03,3.15,0.54,0.0,1.58,3.15,0.63,2.44,1,1,6,5,0,1,4,2,2,0,0.2315,0.9698,1.052,1.889,0.0,0.1808,0.238,0.1057,0.0548,0.0,10,4,0,5,1,0,2,0,0,0,1.0338,1.0837,0.0,2.0617,0.2315,0.0,0.311,0.0,0.0,0.0,13,9,16.35,13.25
3787396,2022-05-15,usa,2022,MLS,,Chris Penso,6399,FC Dallas,6637,LA Galaxy,0,3,1,40,60,9,13,4,5,2,6,3,2,0,2,7,7,2,6,5,6,3,1,1,1,,,9,13,3,2,0,0,7,1,15,11,14,9,2,3,24,6,4,1,43,36,36.0,26.0,7.0,10.0,9.0,6.0,370,540,290.0,465.0,174,201,116,264,24.0,43.0,0.0,5.0,3.15,1.58,3.15,1.03,0.0,0.54,3.15,1.58,2.44,0.63,1,1,5,6,1,0,2,4,0,2,0.9698,0.2315,1.889,1.052,0.1808,0.0,0.1057,0.238,0.0,0.0548,4,10,5,0,0,1,0,2,0,0,1.0837,1.0338,2.0617,0.0,0.0,0.2315,0.0,0.311,0.0,0.0,9,13,13.25,16.35
3787397,2022-05-15,usa,2022,MLS,,Allen Chapman,773958,Atlanta United,6580,New England Revolution,1,2,2,56,44,26,14,5,4,11,5,10,5,0,1,17,10,9,4,10,5,1,1,0,0,,,7,10,1,2,0,0,2,0,19,19,6,7,3,10,15,32,2,3,53,51,41.0,38.0,12.0,13.0,13.0,13.0,526,408,457.0,341.0,213,215,244,126,14.0,27.0,6.0,2.0,2.31,1.35,1.81,1.05,0.5,0.31,2.31,1.35,1.91,1.46,1,2,8,4,8,4,6,3,3,1,0.0507,0.4581,1.3178,0.4643,0.4522,0.2585,0.3947,0.1589,0.091,0.0144,18,9,0,0,7,4,1,1,0,0,1.8111,1.0463,0.0,0.0,0.3942,0.273,0.1011,0.0349,0.0,0.0,26,14,17.45,16.64
3787397,2022-05-15,usa,2022,MLS,,Allen Chapman,6580,New England Revolution,773958,Atlanta United,0,2,2,44,56,14,26,4,5,5,11,5,10,1,0,10,17,4,9,5,10,1,1,0,0,,,10,7,2,1,0,0,0,2,19,19,7,6,10,3,32,15,3,2,51,53,38.0,41.0,13.0,12.0,13.0,13.0,408,526,341.0,457.0,215,213,126,244,27.0,14.0,2.0,6.0,1.35,2.31,1.05,1.81,0.31,0.5,1.35,2.31,1.46,1.91,2,1,4,8,4,8,3,6,1,3,0.4581,0.0507,0.4643,1.3178,0.2585,0.4522,0.1589,0.3947,0.0144,0.091,9,18,0,0,4,7,1,1,0,0,1.0463,1.8111,0.0,0.0,0.273,0.3942,0.0349,0.1011,0.0,0.0,14,26,16.64,17.45
3787398,2022-05-15,usa,2022,MLS,,Joe Dickerson,130394,Seattle Sounders FC,207242,Minnesota United,1,3,1,58,42,15,11,7,4,5,7,3,0,1,0,12,6,3,5,5,10,5,3,4,2,,,10,14,3,4,0,0,0,1,12,13,9,15,0,3,18,15,3,4,51,52,34.0,36.0,17.0,16.0,8.0,14.0,523,373,430.0,285.0,194,108,236,177,37.0,22.0,6.0,3.0,2.79,1.45,1.88,0.94,0.13,0.51,2.0,1.45,2.9,1.5,0,2,11,1,1,3,2,3,1,2,0.0,0.4783,2.4469,0.3015,0.1524,0.4405,0.2078,0.2006,0.0374,0.0312,11,8,1,0,1,2,1,1,1,0,1.7202,0.9417,0.2089,0.0,0.0374,0.4783,0.0896,0.0321,0.7884,0.0,15,11,14.56,19.11
3787398,2022-05-15,usa,2022,MLS,,Joe Dickerson,207242,Minnesota United,130394,Seattle Sounders FC,0,1,3,42,58,11,15,4,7,7,5,0,3,0,1,6,12,5,3,10,5,3,5,2,4,,,14,10,4,3,0,0,1,0,13,12,15,9,3,0,15,18,4,3,52,51,36.0,34.0,16.0,17.0,14.0,8.0,373,523,285.0,430.0,108,194,177,236,22.0,37.0,3.0,6.0,1.45,2.79,0.94,1.88,0.51,0.13,1.45,2.0,1.5,2.9,2,0,1,11,3,1,3,2,2,1,0.4783,0.0,0.3015,2.4469,0.4405,0.1524,0.2006,0.2078,0.0312,0.0374,8,11,0,1,2,1,1,1,0,1,0.9417,1.7202,0.0,0.2089,0.4783,0.0374,0.0321,0.0896,0.0,0.7884,11,15,19.11,14.56
3787399,2022-05-18,usa,2022,MLS,,Chris Penso,6602,DC United,546238,New York City FC,1,0,2,44,56,8,12,0,6,4,4,4,2,2,0,4,9,4,3,4,6,2,3,2,1,,,14,11,1,3,0,0,2,0,19,12,17,8,2,4,11,21,4,1,47,46,35.0,34.0,12.0,12.0,5.0,9.0,356,457,262.0,362.0,135,192,127,170,41.0,29.0,5.0,6.0,0.64,1.71,0.52,0.47,0.11,0.45,0.64,0.92,0.0,1.89,0,1,3,6,1,2,4,2,0,1,0.0,0.0839,0.2611,1.2143,0.1516,0.3397,0.223,0.0521,0.0,0.0172,5,5,1,0,1,6,1,0,0,1,0.3733,0.4722,0.1516,0.0,0.02,0.4467,0.0908,0.0,0.0,0.7884,8,12,16.44,16.4
3787399,2022-05-18,usa,2022,MLS,,Chris Penso,546238,New York City FC,6602,DC United,0,2,0,56,44,12,8,6,0,4,4,2,4,0,2,9,4,3,4,6,4,3,2,1,2,,,11,14,3,1,0,0,0,2,12,19,8,17,4,2,21,11,1,4,46,47,34.0,35.0,12.0,12.0,9.0,5.0,457,356,362.0,262.0,192,135,170,127,29.0,41.0,6.0,5.0,1.71,0.64,0.47,0.52,0.45,0.11,0.92,0.64,1.89,0.0,1,0,6,3,2,1,2,4,1,0,0.0839,0.0,1.2143,0.2611,0.3397,0.1516,0.0521,0.223,0.0172,0.0,5,5,0,1,6,1,0,1,1,0,0.4722,0.3733,0.0,0.1516,0.4467,0.02,0.0,0.0908,0.7884,0.0,12,8,16.4,16.44
3787400,2022-05-18,usa,2022,MLS,,Ted Unkel,6514,New York Red Bulls,6397,Chicago Fire FC,1,3,3,43,57,12,11,4,5,4,3,4,3,0,1,9,8,3,3,1,4,3,2,1,0,,,17,16,3,4,0,0,1,2,16,19,8,8,3,4,33,18,2,1,57,63,40.0,49.0,17.0,14.0,10.0,13.0,291,390,210.0,301.0,112,135,98,166,20.0,36.0,1.0,5.0,2.32,1.81,0.83,0.83,0.7,0.97,1.54,1.81,2.05,1.93,1,1,7,4,1,3,2,1,1,2,0.4444,0.7478,1.7457,0.4775,0.0307,0.3404,0.0892,0.1365,0.0139,0.104,7,7,1,0,0,1,3,3,1,0,0.7045,0.8323,0.1301,0.0,0.0,0.7478,0.701,0.2261,0.7884,0.0,12,11,14.73,14.99
3787400,2022-05-18,usa,2022,MLS,,Ted Unkel,6397,Chicago Fire FC,6514,New York Red Bulls,0,3,3,57,43,11,12,5,4,3,4,3,4,1,0,8,9,3,3,4,1,2,3,0,1,,,16,17,4,3,0,0,2,1,19,16,8,8,4,3,18,33,1,2,63,57,49.0,40.0,14.0,17.0,13.0,10.0,390,291,301.0,210.0,135,112,166,98,36.0,20.0,5.0,1.0,1.81,2.32,0.83,0.83,0.97,0.7,1.81,1.54,1.93,2.05,1,1,4,7,3,1,1,2,2,1,0.7478,0.4444,0.4775,1.7457,0.3404,0.0307,0.1365,0.0892,0.104,0.0139,7,7,0,1,1,0,3,3,0,1,0.8323,0.7045,0.0,0.1301,0.7478,0.0,0.2261,0.701,0.0,0.7884,11,12,14.99,14.73
3787401,2022-05-18,usa,2022,MLS,,Fotis Bazakos,191716,Philadelphia Union,960720,Inter Miami CF,1,0,0,44,56,20,9,8,2,9,5,3,2,1,1,13,6,7,3,6,2,3,1,3,1,38,23,9,9,1,1,0,0,1,3,9,16,14,7,2,4,13,21,2,8,43,48,25.0,35.0,18.0,13.0,8.0,10.0,419,539,326.0,445.0,134,257,192,188,31.0,37.0,7.0,3.0,1.56,0.95,1.31,0.72,0.24,0.23,1.56,0.95,2.03,0.28,2,1,8,4,3,1,6,1,1,2,0.3914,0.072,0.7441,0.5668,0.1551,0.1914,0.2647,0.0368,0.0248,0.0875,17,7,0,0,0,1,3,1,0,0,1.3364,0.7206,0.0,0.0,0.0,0.1619,0.2436,0.072,0.0,0.0,20,9,17.54,15.88
3787401,2022-05-18,usa,2022,MLS,,Fotis Bazakos,960720,Inter Miami CF,191716,Philadelphia Union,0,0,0,56,44,9,20,2,8,5,9,2,3,1,1,6,13,3,7,2,6,1,3,1,3,23,38,9,9,1,1,0,0,3,1,16,9,7,14,4,2,21,13,8,2,48,43,35.0,25.0,13.0,18.0,10.0,8.0,539,419,445.0,326.0,257,134,188,192,37.0,31.0,3.0,7.0,0.95,1.56,0.72,1.31,0.23,0.24,0.95,1.56,0.28,2.03,1,2,4,8,1,3,1,6,2,1,0.072,0.3914,0.5668,0.7441,0.1914,0.1551,0.0368,0.2647,0.0875,0.0248,7,17,0,0,1,0,1,3,0,0,0.7206,1.3364,0.0,0.0,0.1619,0.0,0.072,0.2436,0.0,0.0,9,20,15.88,17.54
3787388,2022-05-19,usa,2022,MLS,,Lukasz Szpala,6603,San Jose Earthquakes,307690,Portland Timbers,1,3,2,61,39,17,9,4,5,5,3,8,1,0,0,9,5,8,4,6,4,4,1,1,0,,,16,15,2,3,0,0,0,0,14,18,10,9,1,8,7,14,3,1,45,45,39.0,37.0,6.0,8.0,12.0,5.0,495,325,442.0,238.0,201,130,241,108,34.0,25.0,4.0,4.0,2.16,1.12,2.03,0.74,0.14,0.37,2.16,1.12,2.68,1.88,1,2,6,3,2,0,4,2,4,2,0.5415,0.3434,1.0763,0.6207,0.0867,0.0,0.3157,0.076,0.1411,0.0753,14,6,1,0,0,2,2,1,0,0,1.8273,0.741,0.1987,0.0,0.0,0.3434,0.1352,0.031,0.0,0.0,17,9,18.63,17.23
3787388,2022-05-19,usa,2022,MLS,,Lukasz Szpala,307690,Portland Timbers,6603,San Jose Earthquakes,0,2,3,39,61,9,17,5,4,3,5,1,8,0,0,5,9,4,8,4,6,1,4,0,1,,,15,16,3,2,0,0,0,0,18,14,9,10,8,1,14,7,1,3,45,45,37.0,39.0,8.0,6.0,5.0,12.0,325,495,238.0,442.0,130,201,108,241,25.0,34.0,4.0,4.0,1.12,2.16,0.74,2.03,0.37,0.14,1.12,2.16,1.88,2.68,2,1,3,6,0,2,2,4,2,4,0.3434,0.5415,0.6207,1.0763,0.0,0.0867,0.076,0.3157,0.0753,0.1411,6,14,0,1,2,0,1,2,0,0,0.741,1.8273,0.0,0.1987,0.3434,0.0,0.031,0.1352,0.0,0.0,9,17,17.23,18.63
3787389,2022-05-19,usa,2022,MLS,,Armando Villarreal,867280,Los Angeles FC,1218886,Austin FC,1,1,2,58,42,18,9,7,2,6,6,5,1,0,1,13,7,5,2,14,1,2,1,1,1,,,16,20,3,5,0,0,2,2,15,22,6,11,1,5,7,30,0,6,62,63,45.0,47.0,17.0,16.0,11.0,9.0,459,345,368.0,250.0,171,150,197,100,31.0,26.0,8.0,1.0,1.9,0.69,0.73,0.45,0.39,0.24,1.12,0.69,2.7,0.47,1,0,8,6,4,1,5,0,0,2,0.0352,0.0,1.4237,0.6475,0.2626,0.0069,0.2018,0.0,0.0,0.0406,10,3,1,1,5,2,1,3,1,0,0.7128,0.3905,0.0318,0.0611,0.3457,0.1654,0.0446,0.0781,0.7884,0.0,18,9,14.8,14.12
3787389,2022-05-19,usa,2022,MLS,,Armando Villarreal,1218886,Austin FC,867280,Los Angeles FC,0,2,1,42,58,9,18,2,7,6,6,1,5,1,0,7,13,2,5,1,14,1,2,1,1,,,20,16,5,3,0,0,2,2,22,15,11,6,5,1,30,7,6,0,63,62,47.0,45.0,16.0,17.0,9.0,11.0,345,459,250.0,368.0,150,171,100,197,26.0,31.0,1.0,8.0,0.69,1.9,0.45,0.73,0.24,0.39,0.69,1.12,0.47,2.7,0,1,6,8,1,4,0,5,2,0,0.0,0.0352,0.6475,1.4237,0.0069,0.2626,0.0,0.2018,0.0406,0.0,3,10,1,1,2,5,3,1,0,1,0.3905,0.7128,0.0611,0.0318,0.1654,0.3457,0.0781,0.0446,0.0,0.7884,9,18,14.12,14.8
3787402,2022-05-19,usa,2022,MLS,,Jair Marrufo,207242,Minnesota United,6637,LA Galaxy,1,1,1,43,57,17,12,8,4,6,4,3,4,0,0,14,7,3,5,5,8,3,3,3,2,,,10,6,2,1,0,0,4,2,13,21,10,7,4,4,25,18,3,6,49,64,36.0,46.0,13.0,18.0,17.0,17.0,383,517,310.0,427.0,138,195,172,232,22.0,23.0,7.0,5.0,2.69,2.42,2.35,1.58,0.34,0.06,2.69,1.64,1.4,1.46,2,1,9,4,3,2,2,4,1,1,0.7368,0.7532,1.8563,1.3727,0.1777,0.0816,0.0201,0.1947,0.0279,0.0228,12,10,2,0,3,1,0,0,0,1,2.074,1.5811,0.4092,0.0,0.3356,0.0555,0.0,0.0,0.0,0.7884,17,12,14.21,17.69
3787402,2022-05-19,usa,2022,MLS,,Jair Marrufo,6637,LA Galaxy,207242,Minnesota United,0,1,1,57,43,12,17,4,8,4,6,4,3,0,0,7,14,5,3,8,5,3,3,2,3,,,6,10,1,2,0,0,2,4,21,13,7,10,4,4,18,25,6,3,64,49,46.0,36.0,18.0,13.0,17.0,17.0,517,383,427.0,310.0,195,138,232,172,23.0,22.0,5.0,7.0,2.42,2.69,1.58,2.35,0.06,0.34,1.64,2.69,1.46,1.4,1,2,4,9,2,3,4,2,1,1,0.7532,0.7368,1.3727,1.8563,0.0816,0.1777,0.1947,0.0201,0.0228,0.0279,10,12,0,2,1,3,0,0,1,0,1.5811,2.074,0.0,0.4092,0.0555,0.3356,0.0,0.0,0.7884,0.0,12,17,17.69,14.21
3787403,2022-05-19,usa,2022,MLS,,Rubiel Vazquez,8259,Houston Dynamo FC,130394,Seattle Sounders FC,1,0,1,46,54,14,9,3,4,7,3,4,2,0,0,9,5,5,4,3,4,1,2,1,1,,,14,5,1,1,1,1,3,2,7,12,6,15,2,4,6,14,3,3,29,40,22.0,33.0,7.0,7.0,10.0,8.0,453,547,397.0,483.0,200,242,197,241,25.0,32.0,4.0,6.0,1.24,1.32,0.85,1.27,0.39,0.05,1.24,1.32,0.3,1.35,0,1,5,4,4,0,4,2,1,2,0.0,0.5927,0.7175,0.5551,0.282,0.0,0.2237,0.1067,0.0147,0.0702,11,8,0,0,1,1,2,0,0,0,0.8462,1.2747,0.0,0.0,0.0377,0.0499,0.3539,0.0,0.0,0.0,14,9,16.5,15.51
3787403,2022-05-19,usa,2022,MLS,,Rubiel Vazquez,130394,Seattle Sounders FC,8259,Houston Dynamo FC,0,1,0,54,46,9,14,4,3,3,7,2,4,0,0,5,9,4,5,4,3,2,1,1,1,,,5,14,1,1,1,1,2,3,12,7,15,6,4,2,14,6,3,3,40,29,33.0,22.0,7.0,7.0,8.0,10.0,547,453,483.0,397.0,242,200,241,197,32.0,25.0,6.0,4.0,1.32,1.24,1.27,0.85,0.05,0.39,1.32,1.24,1.35,0.3,1,0,4,5,0,4,2,4,2,1,0.5927,0.0,0.5551,0.7175,0.0,0.282,0.1067,0.2237,0.0702,0.0147,8,11,0,0,1,1,0,2,0,0,1.2747,0.8462,0.0,0.0,0.0499,0.0377,0.0,0.3539,0.0,0.0,9,14,15.51,16.5
3787404,2022-05-19,usa,2022,MLS,,Drew Fischer,6604,Sporting Kansas City,8314,Colorado Rapids,1,2,1,40,60,6,15,2,4,1,6,3,5,0,0,3,9,3,6,1,5,2,1,0,0,,,19,13,2,4,2,2,0,2,11,9,6,6,5,3,15,3,3,0,41,53,32.0,35.0,9.0,18.0,8.0,7.0,366,546,295.0,476.0,180,232,115,244,20.0,38.0,1.0,7.0,0.51,1.37,0.32,0.93,0.19,0.44,0.51,1.37,1.05,0.81,0,2,2,4,1,3,3,3,0,3,0.0,0.0718,0.1984,0.8788,0.1903,0.1463,0.1246,0.1295,0.0,0.1393,4,7,0,0,0,3,2,5,0,0,0.322,0.9284,0.0,0.0,0.0,0.2101,0.1913,0.2271,0.0,0.0,6,15,20.55,17.58
3787404,2022-05-19,usa,2022,MLS,,Drew Fischer,8314,Colorado Rapids,6604,Sporting Kansas City,0,1,2,60,40,15,6,4,2,6,1,5,3,0,0,9,3,6,3,5,1,1,2,0,0,,,13,19,4,2,2,2,2,0,9,11,6,6,3,5,3,15,0,3,53,41,35.0,32.0,18.0,9.0,7.0,8.0,546,366,476.0,295.0,232,180,244,115,38.0,20.0,7.0,1.0,1.37,0.51,0.93,0.32,0.44,0.19,1.37,0.51,0.81,1.05,2,0,4,2,3,1,3,3,3,0,0.0718,0.0,0.8788,0.1984,0.1463,0.1903,0.1295,0.1246,0.1393,0.0,7,4,0,0,3,0,5,2,0,0,0.9284,0.322,0.0,0.0,0.2101,0.0,0.2271,0.1913,0.0,0.0,15,6,17.58,20.55
3787459,2022-05-19,usa,2022,MLS,,Jon Freemon,915807,Nashville SC,161195,CF Montreal,1,2,1,44,56,8,11,5,4,2,5,1,2,0,0,7,6,1,5,3,3,1,0,0,0,,,15,6,2,0,0,0,5,0,12,13,14,7,1,1,13,6,3,3,38,44,25.0,32.0,13.0,12.0,7.0,5.0,453,566,392.0,496.0,264,218,128,278,21.0,13.0,2.0,3.0,0.64,0.77,0.49,0.74,0.15,0.03,0.64,0.77,1.71,0.35,0,1,5,3,2,2,1,1,0,4,0.0,0.0646,0.5568,0.44,0.0858,0.1191,0.0,0.0388,0.0,0.1102,4,9,0,0,3,1,1,1,0,0,0.4943,0.7424,0.0,0.0,0.0894,0.0111,0.0589,0.0193,0.0,0.0,8,11,13.98,19.25
3787459,2022-05-19,usa,2022,MLS,,Jon Freemon,161195,CF Montreal,915807,Nashville SC,0,1,2,56,44,11,8,4,5,5,2,2,1,0,0,6,7,5,1,3,3,0,1,0,0,,,6,15,0,2,0,0,0,5,13,12,7,14,1,1,6,13,3,3,44,38,32.0,25.0,12.0,13.0,5.0,7.0,566,453,496.0,392.0,218,264,278,128,13.0,21.0,3.0,2.0,0.77,0.64,0.74,0.49,0.03,0.15,0.77,0.64,0.35,1.71,1,0,3,5,2,2,1,1,4,0,0.0646,0.0,0.44,0.5568,0.1191,0.0858,0.0388,0.0,0.1102,0.0,9,4,0,0,1,3,1,1,0,0,0.7424,0.4943,0.0,0.0,0.0111,0.0894,0.0193,0.0589,0.0,0.0,11,8,19.25,13.98
3787460,2022-05-19,usa,2022,MLS,,Ismir Pekmic,307691,Vancouver Whitecaps,6399,FC Dallas,1,2,1,43,57,8,12,3,3,4,4,1,5,0,0,3,7,5,5,3,6,1,2,0,1,,,9,12,3,2,0,0,1,0,13,19,8,7,4,1,15,25,2,1,43,45,27.0,31.0,16.0,14.0,2.0,3.0,344,472,260.0,386.0,132,272,128,114,37.0,21.0,4.0,2.0,1.21,1.03,0.4,0.71,0.02,0.32,0.43,1.03,1.35,0.48,0,1,3,4,0,2,5,4,0,1,0.0,0.3131,1.0096,0.4449,0.0,0.1147,0.2041,0.1376,0.0,0.02,7,5,0,0,0,5,0,2,1,0,0.4253,0.711,0.0,0.0,0.0,0.2434,0.0,0.076,0.7884,0.0,8,12,20.63,18.99
3787460,2022-05-19,usa,2022,MLS,,Ismir Pekmic,6399,FC Dallas,307691,Vancouver Whitecaps,0,1,2,57,43,12,8,3,3,4,4,5,1,0,0,7,3,5,5,6,3,2,1,1,0,,,12,9,2,3,0,0,0,1,19,13,7,8,1,4,25,15,1,2,45,43,31.0,27.0,14.0,16.0,3.0,2.0,472,344,386.0,260.0,272,132,114,128,21.0,37.0,2.0,4.0,1.03,1.21,0.71,0.4,0.32,0.02,1.03,0.43,0.48,1.35,1,0,4,3,2,0,4,5,1,0,0.3131,0.0,0.4449,1.0096,0.1147,0.0,0.1376,0.2041,0.02,0.0,5,7,0,0,5,0,2,0,0,1,0.711,0.4253,0.0,0.0,0.2434,0.0,0.076,0.0,0.0,0.7884,12,8,18.99,20.63
3787376,2022-05-21,usa,2022,MLS,,Ted Unkel,915807,Nashville SC,773958,Atlanta United,1,2,2,44,56,13,14,5,4,6,7,2,3,0,0,10,8,3,6,5,2,2,2,0,0,,,11,8,4,1,0,0,4,1,12,13,6,6,2,2,8,22,2,3,42,44,25.0,30.0,17.0,14.0,6.0,7.0,348,455,266.0,379.0,115,179,151,200,33.0,31.0,8.0,4.0,1.53,1.9,1.33,1.71,0.2,0.19,1.53,1.9,2.13,1.65,1,1,5,6,4,1,3,5,0,1,0.4507,0.7866,0.8209,0.6836,0.1161,0.0775,0.1465,0.3295,0.0,0.0231,10,11,0,1,2,0,1,2,0,0,1.3341,1.6204,0.0,0.0939,0.176,0.0,0.024,0.186,0.0,0.0,13,14,16.11,15.74
3787376,2022-05-21,usa,2022,MLS,,Ted Unkel,773958,Atlanta United,915807,Nashville SC,0,2,2,56,44,14,13,4,5,7,6,3,2,0,0,8,10,6,3,2,5,2,2,0,0,,,8,11,1,4,0,0,1,4,13,12,6,6,2,2,22,8,3,2,44,42,30.0,25.0,14.0,17.0,7.0,6.0,455,348,379.0,266.0,179,115,200,151,31.0,33.0,4.0,8.0,1.9,1.53,1.71,1.33,0.19,0.2,1.9,1.53,1.65,2.13,1,1,6,5,1,4,5,3,1,0,0.7866,0.4507,0.6836,0.8209,0.0775,0.1161,0.3295,0.1465,0.0231,0.0,11,10,1,0,0,2,2,1,0,0,1.6204,1.3341,0.0939,0.0,0.0,0.176,0.186,0.024,0.0,0.0,14,13,15.74,16.11
3787377,2022-05-21,usa,2022,MLS,,Silviu Petrescu,722265,FC Cincinnati,6580,New England Revolution,1,2,3,53,47,10,10,2,4,3,4,5,2,0,2,5,9,5,1,6,4,1,0,0,0,,,9,7,1,2,0,0,1,0,14,18,5,10,2,5,13,14,1,0,36,50,26.0,42.0,10.0,8.0,5.0,15.0,510,449,441.0,378.0,205,202,236,176,19.0,29.0,3.0,5.0,0.93,0.81,0.91,0.75,0.02,0.07,0.93,0.81,0.89,0.27,1,0,2,6,2,3,3,0,2,1,0.4521,0.0,0.253,0.445,0.0798,0.3275,0.1039,0.0,0.0419,0.042,9,9,0,0,0,1,1,0,0,0,0.9091,0.7469,0.0,0.0,0.0,0.0675,0.0216,0.0,0.0,0.0,10,10,19.34,13.92
3787377,2022-05-21,usa,2022,MLS,,Silviu Petrescu,6580,New England Revolution,722265,FC Cincinnati,0,3,2,47,53,10,10,4,2,4,3,2,5,2,0,9,5,1,5,4,6,0,1,0,0,,,7,9,2,1,0,0,0,1,18,14,10,5,5,2,14,13,0,1,50,36,42.0,26.0,8.0,10.0,15.0,5.0,449,510,378.0,441.0,202,205,176,236,29.0,19.0,5.0,3.0,0.81,0.93,0.75,0.91,0.07,0.02,0.81,0.93,0.27,0.89,0,1,6,2,3,2,0,3,1,2,0.0,0.4521,0.445,0.253,0.3275,0.0798,0.0,0.1039,0.042,0.0419,9,9,0,0,1,0,0,1,0,0,0.7469,0.9091,0.0,0.0,0.0675,0.0,0.0,0.0216,0.0,0.0,10,10,13.92,19.34
3787378,2022-05-21,usa,2022,MLS,,Víctor Rivas,6001,Columbus Crew,867280,Los Angeles FC,1,0,2,65,35,10,14,3,4,3,5,4,5,0,0,6,9,4,5,5,8,1,4,1,2,,,7,19,0,6,0,0,4,0,20,24,12,13,5,4,16,22,2,3,67,60,54.0,40.0,13.0,20.0,16.0,9.0,502,271,419.0,202.0,204,112,215,90,30.0,21.0,7.0,6.0,0.91,1.77,0.81,1.14,0.1,0.63,0.91,1.77,1.29,1.96,1,2,5,7,0,0,3,2,1,3,0.4553,0.3438,0.2986,1.2262,0.0,0.0,0.1195,0.1012,0.0336,0.1003,7,8,0,0,0,6,3,0,0,0,0.8108,1.1434,0.0,0.0,0.0,0.6281,0.0962,0.0,0.0,0.0,10,14,16.67,14.89
3787378,2022-05-21,usa,2022,MLS,,Víctor Rivas,867280,Los Angeles FC,6001,Columbus Crew,0,2,0,35,65,14,10,4,3,5,3,5,4,0,0,9,6,5,4,8,5,4,1,2,1,,,19,7,6,0,0,0,0,4,24,20,13,12,4,5,22,16,3,2,60,67,40.0,54.0,20.0,13.0,9.0,16.0,271,502,202.0,419.0,112,204,90,215,21.0,30.0,6.0,7.0,1.77,0.91,1.14,0.81,0.63,0.1,1.77,0.91,1.96,1.29,2,1,7,5,0,0,2,3,3,1,0.3438,0.4553,1.2262,0.2986,0.0,0.0,0.1012,0.1195,0.1003,0.0336,8,7,0,0,6,0,0,3,0,0,1.1434,0.8108,0.0,0.0,0.6281,0.0,0.0,0.0962,0.0,0.0,14,10,14.89,16.67
3787461,2022-05-21,usa,2022,MLS,,Ismir Pekmic,6602,DC United,56453,Toronto FC,1,2,2,48,52,17,14,7,6,5,4,5,4,0,0,10,11,7,3,6,2,5,3,3,1,,,14,11,4,3,0,0,2,0,16,8,16,9,4,5,13,13,4,5,40,43,30.0,32.0,10.0,11.0,4.0,10.0,344,378,257.0,294.0,150,153,107,141,28.0,16.0,8.0,1.0,3.04,2.0,2.7,1.88,0.35,0.12,3.04,2.0,2.44,2.44,2,1,6,5,2,5,4,3,3,0,1.1885,0.2736,1.5203,1.1397,0.1479,0.4338,0.1651,0.1838,0.0963,0.0,13,12,0,0,4,0,0,2,0,0,2.7713,1.9123,0.0,0.0,0.3468,0.0,0.0,0.1185,0.0,0.0,17,14,15.79,15.87
3787461,2022-05-21,usa,2022,MLS,,Ismir Pekmic,56453,Toronto FC,6602,DC United,0,2,2,52,48,14,17,6,7,4,5,4,5,0,0,11,10,3,7,2,6,3,5,1,3,,,11,14,3,4,0,0,0,2,8,16,9,16,5,4,13,13,5,4,43,40,32.0,30.0,11.0,10.0,10.0,4.0,378,344,294.0,257.0,153,150,141,107,16.0,28.0,1.0,8.0,2.0,3.04,1.88,2.7,0.12,0.35,2.0,3.04,2.44,2.44,1,2,5,6,5,2,3,4,0,3,0.2736,1.1885,1.1397,1.5203,0.4338,0.1479,0.1838,0.1651,0.0,0.0963,12,13,0,0,0,4,2,0,0,0,1.9123,2.7713,0.0,0.0,0.0,0.3468,0.1185,0.0,0.0,0.0,14,17,15.87,15.79
3787372,2022-05-22,usa,2022,MLS,,Pierre Luce Lauziere,6603,San Jose Earthquakes,6604,Sporting Kansas City,1,1,1,64,36,18,6,5,2,9,2,4,2,0,0,9,4,9,2,4,4,2,2,1,1,,,11,6,1,2,0,0,3,0,19,21,9,19,2,4,12,10,1,4,52,48,36.0,42.0,16.0,6.0,11.0,10.0,544,307,472.0,221.0,229,110,243,111,23.0,22.0,6.0,1.0,0.99,1.3,0.77,1.3,0.22,0.0,0.99,1.3,1.41,1.64,0,2,8,2,1,0,5,1,4,1,0.0,0.7588,0.5683,0.5273,0.0388,0.0,0.1947,0.0002,0.1854,0.0171,14,5,1,1,3,0,0,0,0,0,0.7145,1.3032,0.0516,0.0002,0.2211,0.0,0.0,0.0,0.0,0.0,18,6,17.35,21.45
3787372,2022-05-22,usa,2022,MLS,,Pierre Luce Lauziere,6604,Sporting Kansas City,6603,San Jose Earthquakes,0,1,1,36,64,6,18,2,5,2,9,2,4,0,0,4,9,2,9,4,4,2,2,1,1,,,6,11,2,1,0,0,0,3,21,19,19,9,4,2,10,12,4,1,48,52,42.0,36.0,6.0,16.0,10.0,11.0,307,544,221.0,472.0,110,229,111,243,22.0,23.0,1.0,6.0,1.3,0.99,1.3,0.77,0.0,0.22,1.3,0.99,1.64,1.41,2,0,2,8,0,1,1,5,1,4,0.7588,0.0,0.5273,0.5683,0.0,0.0388,0.0002,0.1947,0.0171,0.1854,5,14,1,1,0,3,0,0,0,0,1.3032,0.7145,0.0002,0.0516,0.0,0.2211,0.0,0.0,0.0,0.0,6,18,21.45,17.35
3787373,2022-05-22,usa,2022,MLS,,Lukasz Szpala,6399,FC Dallas,207242,Minnesota United,1,1,2,68,32,19,7,3,6,14,0,2,1,0,0,13,2,6,5,6,6,1,1,1,0,,,18,12,1,5,0,0,0,1,17,16,4,13,1,2,10,27,4,2,53,56,35.0,39.0,18.0,17.0,7.0,6.0,598,292,519.0,212.0,259,92,260,120,23.0,25.0,8.0,3.0,1.3,0.79,1.18,0.06,0.12,0.73,1.3,0.79,0.45,2.85,1,1,9,1,3,0,4,1,2,4,0.1641,0.4916,0.7898,0.0951,0.1089,0.0,0.1659,0.1056,0.0713,0.1449,16,2,0,0,1,2,2,3,0,0,1.1789,0.0558,0.0,0.0,0.035,0.1325,0.0861,0.649,0.0,0.0,19,7,16.55,20.47
3787373,2022-05-22,usa,2022,MLS,,Lukasz Szpala,207242,Minnesota United,6399,FC Dallas,0,2,1,32,68,7,19,6,3,0,14,1,2,0,0,2,13,5,6,6,6,1,1,0,1,,,12,18,5,1,0,0,1,0,16,17,13,4,2,1,27,10,2,4,56,53,39.0,35.0,17.0,18.0,6.0,7.0,292,598,212.0,519.0,92,259,120,260,25.0,23.0,3.0,8.0,0.79,1.3,0.06,1.18,0.73,0.12,0.79,1.3,2.85,0.45,1,1,1,9,0,3,1,4,4,2,0.4916,0.1641,0.0951,0.7898,0.0,0.1089,0.1056,0.1659,0.1449,0.0713,2,16,0,0,2,1,3,2,0,0,0.0558,1.1789,0.0,0.0,0.1325,0.035,0.649,0.0861,0.0,0.0,7,19,20.47,16.55
3787374,2022-05-22,usa,2022,MLS,,Armando Villarreal,960720,Inter Miami CF,6514,New York Red Bulls,1,2,0,46,54,11,15,5,4,4,4,2,7,0,0,7,9,4,6,8,10,3,1,2,1,19,30,10,13,2,3,0,0,1,0,24,13,11,6,7,3,24,14,4,2,72,47,59.0,33.0,13.0,14.0,23.0,10.0,396,451,298.0,367.0,182,178,116,189,24.0,19.0,2.0,2.0,1.87,1.33,1.8,1.2,0.07,0.13,1.87,1.33,1.62,0.91,0,0,5,8,2,1,2,5,2,1,0.0,0.0,1.3069,1.0049,0.0478,0.0645,0.4513,0.2235,0.0649,0.0342,9,11,1,0,1,3,0,1,0,0,1.5215,1.1966,0.278,0.0,0.0715,0.0723,0.0,0.0581,0.0,0.0,11,15,17.76,17.02
3787374,2022-05-22,usa,2022,MLS,,Armando Villarreal,6514,New York Red Bulls,960720,Inter Miami CF,0,0,2,54,46,15,11,4,5,4,4,7,2,0,0,9,7,6,4,10,8,1,3,1,2,30,19,13,10,3,2,0,0,0,1,13,24,6,11,3,7,14,24,2,4,47,72,33.0,59.0,14.0,13.0,10.0,23.0,451,396,367.0,298.0,178,182,189,116,19.0,24.0,2.0,2.0,1.33,1.87,1.2,1.8,0.13,0.07,1.33,1.87,0.91,1.62,0,0,8,5,1,2,5,2,1,2,0.0,0.0,1.0049,1.3069,0.0645,0.0478,0.2235,0.4513,0.0342,0.0649,11,9,0,1,3,1,1,0,0,0,1.1966,1.5215,0.0,0.278,0.0723,0.0715,0.0581,0.0,0.0,0.0,15,11,17.02,17.76
3787375,2022-05-22,usa,2022,MLS,,Fotis Bazakos,546238,New York City FC,6397,Chicago Fire FC,1,1,0,61,39,15,10,5,1,4,7,6,2,0,0,12,5,3,5,5,5,2,2,1,2,,,13,12,3,1,0,0,4,4,18,17,12,9,2,6,27,13,1,3,58,47,40.0,37.0,18.0,10.0,12.0,7.0,489,299,404.0,212.0,233,83,171,129,25.0,23.0,6.0,5.0,2.17,1.34,1.26,1.14,0.12,0.2,1.38,1.34,1.2,0.12,1,1,6,4,5,0,2,5,1,0,0.0458,0.6035,1.2725,0.5211,0.7198,0.0,0.089,0.2141,0.0429,0.0,10,8,2,0,2,1,0,1,1,0,0.7689,1.263,0.49,0.0,0.1228,0.0652,0.0,0.0104,0.7884,0.0,15,10,16.36,16.86
3787375,2022-05-22,usa,2022,MLS,,Fotis Bazakos,6397,Chicago Fire FC,546238,New York City FC,0,0,1,39,61,10,15,1,5,7,4,2,6,0,0,5,12,5,3,5,5,2,2,2,1,,,12,13,1,3,0,0,4,4,17,18,9,12,6,2,13,27,3,1,47,58,37.0,40.0,10.0,18.0,7.0,12.0,299,489,212.0,404.0,83,233,129,171,23.0,25.0,5.0,6.0,1.34,2.17,1.14,1.26,0.2,0.12,1.34,1.38,0.12,1.2,1,1,4,6,0,5,5,2,0,1,0.6035,0.0458,0.5211,1.2725,0.0,0.7198,0.2141,0.089,0.0,0.0429,8,10,0,2,1,2,1,0,0,1,1.263,0.7689,0.0,0.49,0.0652,0.1228,0.0104,0.0,0.0,0.7884,10,15,16.86,16.36
3787462,2022-05-22,usa,2022,MLS,,Ramy Touchan,161195,CF Montreal,6606,Real Salt Lake,1,1,2,56,44,8,13,4,4,4,6,0,3,1,0,4,10,4,3,5,5,1,3,0,3,,,8,17,1,2,0,0,2,4,10,11,7,10,3,0,14,11,2,3,43,35,36.0,23.0,7.0,12.0,9.0,4.0,464,366,395.0,297.0,201,170,194,127,19.0,23.0,6.0,3.0,0.61,1.96,0.39,1.2,0.21,0.76,0.61,1.96,1.12,1.66,0,0,4,9,0,2,2,1,2,1,0.0,0.0,0.4837,1.6354,0.0,0.2587,0.0613,0.0266,0.0606,0.0349,5,6,0,2,2,3,1,2,0,0,0.3935,0.891,0.0,0.4105,0.1814,0.2125,0.0307,0.4416,0.0,0.0,8,13,19.49,14.7
3787462,2022-05-22,usa,2022,MLS,,Ramy Touchan,6606,Real Salt Lake,161195,CF Montreal,0,2,1,44,56,13,8,4,4,6,4,3,0,0,1,10,4,3,4,5,5,3,1,3,0,,,17,8,2,1,0,0,4,2,11,10,10,7,0,3,11,14,3,2,35,43,23.0,36.0,12.0,7.0,4.0,9.0,366,464,297.0,395.0,170,201,127,194,23.0,19.0,3.0,6.0,1.96,0.61,1.2,0.39,0.76,0.21,1.96,0.61,1.66,1.12,0,0,9,4,2,0,1,2,1,2,0.0,0.0,1.6354,0.4837,0.2587,0.0,0.0266,0.0613,0.0349,0.0606,6,5,2,0,3,2,2,1,0,0,0.891,0.3935,0.4105,0.0,0.2125,0.1814,0.4416,0.0307,0.0,0.0,13,8,14.7,19.49
3787463,2022-05-22,usa,2022,MLS,,Nima Saghafi,1323940,Charlotte FC,307691,Vancouver Whitecaps,1,2,1,63,37,18,11,6,5,12,4,0,2,0,0,12,6,6,5,8,1,3,1,1,0,,,16,3,1,0,0,0,1,1,12,15,5,2,2,0,14,25,4,4,33,58,20.0,39.0,13.0,19.0,5.0,9.0,481,274,405.0,187.0,236,96,169,91,33.0,26.0,4.0,1.0,2.05,1.01,1.03,0.95,1.03,0.06,2.05,1.01,2.47,0.64,4,0,3,5,5,1,2,4,4,1,1.0916,0.0,0.5405,0.7244,0.3068,0.0986,0.1186,0.157,0.148,0.0296,12,9,0,0,5,1,1,1,0,0,1.0251,0.9451,0.0,0.0,1.1362,0.0199,0.0443,0.0446,0.0,0.0,18,11,16.65,18.99
3787463,2022-05-22,usa,2022,MLS,,Nima Saghafi,307691,Vancouver Whitecaps,1323940,Charlotte FC,0,1,2,37,63,11,18,5,6,4,12,2,0,0,0,6,12,5,6,1,8,1,3,0,1,,,3,16,0,1,0,0,1,1,15,12,2,5,0,2,25,14,4,4,58,33,39.0,20.0,19.0,13.0,9.0,5.0,274,481,187.0,405.0,96,236,91,169,26.0,33.0,1.0,4.0,1.01,2.05,0.95,1.03,0.06,1.03,1.01,2.05,0.64,2.47,0,4,5,3,1,5,4,2,1,4,0.0,1.0916,0.7244,0.5405,0.0986,0.3068,0.157,0.1186,0.0296,0.148,9,12,0,0,1,5,1,1,0,0,0.9451,1.0251,0.0,0.0,0.0199,1.1362,0.0446,0.0443,0.0,0.0,11,18,18.99,16.65
3787379,2022-05-23,usa,2022,MLS,,Joe Dickerson,1218886,Austin FC,267810,Orlando City,1,2,2,71,29,22,12,5,7,10,4,7,1,2,0,14,8,8,4,10,2,5,3,3,2,,,16,10,0,2,0,2,0,1,8,12,12,9,1,4,4,27,5,3,35,39,23.0,29.0,12.0,10.0,8.0,2.0,566,235,508.0,171.0,229,79,279,92,29.0,18.0,10.0,1.0,3.28,1.76,1.51,1.76,0.98,0.0,2.49,1.76,2.06,2.13,2,1,10,7,2,0,7,4,1,0,0.7305,0.4197,2.0466,1.2586,0.1517,0.0,0.3275,0.1518,0.0246,0.0,15,12,0,0,5,0,1,0,1,0,1.5123,1.8301,0.0,0.0,0.8576,0.0,0.1227,0.0,0.7884,0.0,22,12,15.06,14.14
3787379,2022-05-23,usa,2022,MLS,,Joe Dickerson,267810,Orlando City,1218886,Austin FC,0,2,2,29,71,12,22,7,5,4,10,1,7,0,2,8,14,4,8,2,10,3,5,2,3,,,10,16,2,0,2,0,1,0,12,8,9,12,4,1,27,4,3,5,39,35,29.0,23.0,10.0,12.0,2.0,8.0,235,566,171.0,508.0,79,229,92,279,18.0,29.0,1.0,10.0,1.76,3.28,1.76,1.51,0.0,0.98,1.76,2.49,2.13,2.06,1,2,7,10,0,2,4,7,0,1,0.4197,0.7305,1.2586,2.0466,0.0,0.1517,0.1518,0.3275,0.0,0.0246,12,15,0,0,0,5,0,1,0,1,1.8301,1.5123,0.0,0.0,0.0,0.8576,0.0,0.1227,0.0,0.7884,12,22,14.14,15.06
3787380,2022-05-23,usa,2022,MLS,,Timothy Ford,8314,Colorado Rapids,130394,Seattle Sounders FC,1,1,0,40,60,16,9,4,3,7,2,5,4,0,0,10,5,6,4,4,2,1,1,0,1,,,12,10,2,2,0,0,2,0,13,11,2,7,5,5,23,15,2,3,41,42,30.0,28.0,11.0,14.0,7.0,6.0,338,503,275.0,433.0,151,228,124,205,34.0,25.0,7.0,3.0,1.72,0.74,1.32,0.55,0.41,0.19,1.72,0.74,1.59,0.21,2,0,7,4,1,1,5,2,1,2,1.0076,0.0,0.3942,0.4735,0.0463,0.0857,0.2221,0.0877,0.0535,0.0935,9,5,0,0,6,2,1,2,0,0,1.3166,0.5507,0.0,0.0,0.3535,0.102,0.0535,0.0877,0.0,0.0,16,9,15.19,19.01
3787380,2022-05-23,usa,2022,MLS,,Timothy Ford,130394,Seattle Sounders FC,8314,Colorado Rapids,0,0,1,60,40,9,16,3,4,2,7,4,5,0,0,5,10,4,6,2,4,1,1,1,0,,,10,12,2,2,0,0,0,2,11,13,7,2,5,5,15,23,3,2,42,41,28.0,30.0,14.0,11.0,6.0,7.0,503,338,433.0,275.0,228,151,205,124,25.0,34.0,3.0,7.0,0.74,1.72,0.55,1.32,0.19,0.41,0.74,1.72,0.21,1.59,0,2,4,7,1,1,2,5,2,1,0.0,1.0076,0.4735,0.3942,0.0857,0.0463,0.0877,0.2221,0.0935,0.0535,5,9,0,0,2,6,2,1,0,0,0.5507,1.3166,0.0,0.0,0.102,0.3535,0.0877,0.0535,0.0,0.0,9,16,19.01,15.19
3787381,2022-05-23,usa,2022,MLS,,Marcos de Oliveira,6637,LA Galaxy,8259,Houston Dynamo FC,1,0,3,73,27,16,14,6,8,4,5,6,1,0,1,7,7,9,7,11,0,2,3,2,2,,,9,13,1,4,0,0,1,0,10,23,4,22,1,6,6,28,5,6,48,48,37.0,41.0,11.0,7.0,14.0,10.0,696,263,612.0,194.0,203,132,409,62,18.0,24.0,3.0,2.0,1.34,1.47,1.05,1.47,0.29,0.0,1.34,1.47,1.12,1.85,1,1,4,4,2,2,7,5,2,2,0.0828,0.6456,0.7101,0.479,0.1892,0.1681,0.2609,0.1917,0.0947,0.0429,11,12,0,2,4,0,1,0,0,0,1.0503,1.4041,0.0,0.1233,0.227,0.0,0.0605,0.0,0.0,0.0,16,14,18.03,19.19
3787381,2022-05-23,usa,2022,MLS,,Marcos de Oliveira,8259,Houston Dynamo FC,6637,LA Galaxy,0,3,0,27,73,14,16,8,6,5,4,1,6,1,0,7,7,7,9,0,11,3,2,2,2,,,13,9,4,1,0,0,0,1,23,10,22,4,6,1,28,6,6,5,48,48,41.0,37.0,7.0,11.0,10.0,14.0,263,696,194.0,612.0,132,203,62,409,24.0,18.0,2.0,3.0,1.47,1.34,1.47,1.05,0.0,0.29,1.47,1.34,1.85,1.12,1,1,4,4,2,2,5,7,2,2,0.6456,0.0828,0.479,0.7101,0.1681,0.1892,0.1917,0.2609,0.0429,0.0947,12,11,2,0,0,4,0,1,0,0,1.4041,1.0503,0.1233,0.0,0.0,0.227,0.0,0.0605,0.0,0.0,14,16,19.19,18.03
3787382,2022-05-23,usa,2022,MLS,,Allen Chapman,307690,Portland Timbers,191716,Philadelphia Union,1,0,2,66,34,12,12,2,4,6,2,4,6,0,0,5,7,7,5,11,5,1,0,1,0,,,12,20,1,3,0,0,1,2,11,17,12,17,4,4,17,29,2,2,52,48,37.0,33.0,15.0,15.0,9.0,5.0,525,276,446.0,196.0,194,68,252,128,37.0,15.0,4.0,4.0,0.77,1.07,0.72,0.61,0.05,0.46,0.77,1.07,0.23,1.02,0,1,4,6,1,0,3,2,4,3,0.0,0.0771,0.465,0.7325,0.0746,0.0,0.1271,0.0809,0.102,0.181,9,6,0,0,2,0,1,6,0,0,0.7177,0.6754,0.0,0.0,0.0204,0.0,0.0307,0.396,0.0,0.0,12,12,21.57,15.04
3787382,2022-05-23,usa,2022,MLS,,Allen Chapman,191716,Philadelphia Union,307690,Portland Timbers,0,2,0,34,66,12,12,4,2,2,6,6,4,0,0,7,5,5,7,5,11,0,1,0,1,,,20,12,3,1,0,0,2,1,17,11,17,12,4,4,29,17,2,2,48,52,33.0,37.0,15.0,15.0,5.0,9.0,276,525,196.0,446.0,68,194,128,252,15.0,37.0,4.0,4.0,1.07,0.77,0.61,0.72,0.46,0.05,1.07,0.77,1.02,0.23,1,0,6,4,0,1,2,3,3,4,0.0771,0.0,0.7325,0.465,0.0,0.0746,0.0809,0.1271,0.181,0.102,6,9,0,0,0,2,6,1,0,0,0.6754,0.7177,0.0,0.0,0.0,0.0204,0.396,0.0307,0.0,0.0,12,12,15.04,21.57
3787383,2022-05-28,usa,2022,MLS,,Ismail Elfath,867280,Los Angeles FC,6603,San Jose Earthquakes,1,3,2,45,55,13,11,9,4,4,5,0,2,0,0,7,10,6,1,6,6,4,4,2,2,,,18,9,4,1,0,0,1,3,36,20,12,11,3,0,26,15,1,6,71,64,57.0,50.0,14.0,14.0,12.0,12.0,373,453,292.0,379.0,158,225,134,154,20.0,22.0,2.0,7.0,2.06,1.86,1.21,1.24,0.06,0.62,1.27,1.86,3.02,1.43,1,1,4,6,2,3,3,1,3,0,0.1939,0.7391,1.3022,0.8952,0.3438,0.1994,0.0857,0.0309,0.1331,0.0,9,6,1,0,1,4,1,1,1,0,0.9794,1.2412,0.2311,0.0,0.0204,0.5574,0.0393,0.0661,0.7884,0.0,13,11,18.01,13.28
3787383,2022-05-28,usa,2022,MLS,,Ismail Elfath,6603,San Jose Earthquakes,867280,Los Angeles FC,0,2,3,55,45,11,13,4,9,5,4,2,0,0,0,10,7,1,6,6,6,4,4,2,2,,,9,18,1,4,0,0,3,1,20,36,11,12,0,3,15,26,6,1,64,71,50.0,57.0,14.0,14.0,12.0,12.0,453,373,379.0,292.0,225,158,154,134,22.0,20.0,7.0,2.0,1.86,2.06,1.24,1.21,0.62,0.06,1.86,1.27,1.43,3.02,1,1,6,4,3,2,1,3,0,3,0.7391,0.1939,0.8952,1.3022,0.1994,0.3438,0.0309,0.0857,0.0,0.1331,6,9,0,1,4,1,1,1,0,1,1.2412,0.9794,0.0,0.2311,0.5574,0.0204,0.0661,0.0393,0.0,0.7884,11,13,13.28,18.01
3787384,2022-05-28,usa,2022,MLS,,Joe Dickerson,773958,Atlanta United,6001,Columbus Crew,1,1,2,69,31,22,9,9,3,7,3,6,3,0,0,16,5,6,4,9,7,2,1,2,0,,,18,7,4,1,1,0,1,2,16,22,3,8,2,5,10,31,1,8,68,62,41.0,47.0,27.0,15.0,18.0,8.0,531,235,459.0,165.0,185,82,274,83,22.0,25.0,11.0,6.0,2.07,0.8,1.38,0.44,0.69,0.36,2.07,0.8,3.2,1.03,3,1,7,1,6,3,5,3,1,1,0.8355,0.3361,0.5314,0.067,0.5198,0.2541,0.1566,0.1039,0.022,0.0368,14,5,1,1,7,2,0,1,0,0,1.1928,0.3577,0.1872,0.0792,0.6852,0.3555,0.0,0.0055,0.0,0.0,22,9,16.71,23.37
3787384,2022-05-28,usa,2022,MLS,,Joe Dickerson,6001,Columbus Crew,773958,Atlanta United,0,2,1,31,69,9,22,3,9,3,7,3,6,0,0,5,16,4,6,7,9,1,2,0,2,,,7,18,1,4,0,1,2,1,22,16,8,3,5,2,31,10,8,1,62,68,47.0,41.0,15.0,27.0,8.0,18.0,235,531,165.0,459.0,82,185,83,274,25.0,22.0,6.0,11.0,0.8,2.07,0.44,1.38,0.36,0.69,0.8,2.07,1.03,3.2,1,3,1,7,3,6,3,5,1,1,0.3361,0.8355,0.067,0.5314,0.2541,0.5198,0.1039,0.1566,0.0368,0.022,5,14,1,1,2,7,1,0,0,0,0.3577,1.1928,0.0792,0.1872,0.3555,0.6852,0.0055,0.0,0.0,0.0,9,22,23.37,16.71
3787385,2022-05-28,usa,2022,MLS,,Allen Chapman,6514,New York Red Bulls,6602,DC United,1,4,1,52,48,14,4,6,1,5,3,3,0,0,0,9,3,5,1,11,1,0,2,0,1,,,8,12,2,2,0,0,2,1,24,17,15,9,0,4,7,30,0,2,62,56,43.0,27.0,19.0,29.0,9.0,2.0,386,368,248.0,237.0,98,145,150,92,24.0,32.0,3.0,1.0,1.06,0.65,0.62,0.61,0.44,0.04,1.06,0.65,1.36,0.77,0,0,7,2,2,1,4,0,1,1,0.0,0.0,0.7912,0.3294,0.1283,0.2924,0.1267,0.0,0.0408,0.0329,6,3,1,0,7,1,0,0,0,0,0.59,0.6105,0.0525,0.0,0.4444,0.0442,0.0,0.0,0.0,0.0,14,4,17.91,15.25
3787385,2022-05-28,usa,2022,MLS,,Allen Chapman,6602,DC United,6514,New York Red Bulls,0,1,4,48,52,4,14,1,6,3,5,0,3,0,0,3,9,1,5,1,11,2,0,1,0,,,12,8,2,2,0,0,1,2,17,24,9,15,4,0,30,7,2,0,56,62,27.0,43.0,29.0,19.0,2.0,9.0,368,386,237.0,248.0,145,98,92,150,32.0,24.0,1.0,3.0,0.65,1.06,0.61,0.62,0.04,0.44,0.65,1.06,0.77,1.36,0,0,2,7,1,2,0,4,1,1,0.0,0.0,0.3294,0.7912,0.2924,0.1283,0.0,0.1267,0.0329,0.0408,3,6,0,1,1,7,0,0,0,0,0.6105,0.59,0.0,0.0525,0.0442,0.4444,0.0,0.0,0.0,0.0,4,14,15.25,17.91
3787386,2022-05-28,usa,2022,MLS,,Jon Freemon,6580,New England Revolution,191716,Philadelphia Union,1,1,1,60,40,22,5,4,2,11,1,7,2,0,0,16,3,6,2,11,5,3,2,2,1,,,5,13,1,3,0,0,1,0,12,19,3,7,2,7,17,19,1,3,59,43,40.0,30.0,19.0,13.0,16.0,6.0,462,329,401.0,250.0,228,120,173,130,45.0,34.0,12.0,3.0,2.95,0.75,1.52,0.41,0.64,0.33,2.16,0.75,1.89,1.44,2,1,11,1,3,1,2,2,4,0,0.5736,0.334,2.012,0.2758,0.1885,0.0426,0.1181,0.0926,0.1401,0.0,12,4,1,0,6,1,2,0,1,0,1.5379,0.411,0.0639,0.0,0.4307,0.334,0.2115,0.0,0.7884,0.0,22,5,15.25,17.93
3787386,2022-05-28,usa,2022,MLS,,Jon Freemon,191716,Philadelphia Union,6580,New England Revolution,0,1,1,40,60,5,22,2,4,1,11,2,7,0,0,3,16,2,6,5,11,2,3,1,2,,,13,5,3,1,0,0,0,1,19,12,7,3,7,2,19,17,3,1,43,59,30.0,40.0,13.0,19.0,6.0,16.0,329,462,250.0,401.0,120,228,130,173,34.0,45.0,3.0,12.0,0.75,2.95,0.41,1.52,0.33,0.64,0.75,2.16,1.44,1.89,1,2,1,11,1,3,2,2,0,4,0.334,0.5736,0.2758,2.012,0.0426,0.1885,0.0926,0.1181,0.0,0.1401,4,12,0,1,1,6,0,2,0,1,0.411,1.5379,0.0,0.0639,0.334,0.4307,0.0,0.2115,0.0,0.7884,5,22,17.93,15.25
3787387,2022-05-28,usa,2022,MLS,,Marcos de Oliveira,267810,Orlando City,6399,FC Dallas,1,1,3,49,51,15,13,4,6,4,5,7,2,0,0,11,9,4,4,7,3,1,3,1,1,21,24,7,24,1,4,0,0,1,1,15,13,5,10,1,6,14,22,3,2,54,44,42.0,31.0,12.0,13.0,5.0,11.0,407,430,343.0,368.0,162,187,181,181,20.0,14.0,7.0,4.0,1.21,1.52,0.33,1.49,0.88,0.03,1.21,1.52,0.56,2.89,1,2,8,4,2,3,3,3,1,1,0.3784,0.493,0.5603,0.7158,0.1145,0.1751,0.1281,0.1094,0.0363,0.0295,7,12,0,0,2,1,6,0,0,0,0.3319,1.4908,0.0,0.0,0.3948,0.032,0.4909,0.0,0.0,0.0,15,13,15.58,16.28
3787387,2022-05-28,usa,2022,MLS,,Marcos de Oliveira,6399,FC Dallas,267810,Orlando City,0,3,1,51,49,13,15,6,4,5,4,2,7,0,0,9,11,4,4,3,7,3,1,1,1,24,21,24,7,4,1,0,0,1,1,13,15,10,5,6,1,22,14,2,3,44,54,31.0,42.0,13.0,12.0,11.0,5.0,430,407,368.0,343.0,187,162,181,181,14.0,20.0,4.0,7.0,1.52,1.21,1.49,0.33,0.03,0.88,1.52,1.21,2.89,0.56,2,1,4,8,3,2,3,3,1,1,0.493,0.3784,0.7158,0.5603,0.1751,0.1145,0.1094,0.1281,0.0295,0.0363,12,7,0,0,1,2,0,6,0,0,1.4908,0.3319,0.0,0.0,0.032,0.3948,0.0,0.4909,0.0,0.0,13,15,16.28,15.58
3787464,2022-05-28,usa,2022,MLS,,Guido Gonzalez,56453,Toronto FC,6397,Chicago Fire FC,1,3,2,38,62,5,33,4,9,1,11,0,13,0,1,4,21,1,12,1,8,1,1,0,1,,,5,9,3,3,0,0,0,7,10,26,10,7,13,0,41,5,7,2,43,64,29.0,39.0,14.0,25.0,10.0,8.0,317,500,231.0,410.0,127,113,104,297,24.0,34.0,0.0,14.0,1.07,3.3,0.22,2.66,0.06,0.64,0.28,3.3,2.06,1.71,0,3,3,16,1,2,1,7,0,5,0.0,0.4509,0.9217,2.0707,0.0855,0.3813,0.0604,0.2596,0.0,0.16,3,26,0,1,1,5,0,1,1,0,0.2181,2.4569,0.0,0.2279,0.0611,0.573,0.0,0.0647,0.7884,0.0,5,33,13.52,16.72
3787464,2022-05-28,usa,2022,MLS,,Guido Gonzalez,6397,Chicago Fire FC,56453,Toronto FC,0,2,3,62,38,33,5,9,4,11,1,13,0,1,0,21,4,12,1,8,1,1,1,1,0,,,9,5,3,3,0,0,7,0,26,10,7,10,0,13,5,41,2,7,64,43,39.0,29.0,25.0,14.0,8.0,10.0,500,317,410.0,231.0,113,127,297,104,34.0,24.0,14.0,0.0,3.3,1.07,2.66,0.22,0.64,0.06,3.3,0.28,1.71,2.06,3,0,16,3,2,1,7,1,5,0,0.4509,0.0,2.0707,0.9217,0.3813,0.0855,0.2596,0.0604,0.16,0.0,26,3,1,0,5,1,1,0,0,1,2.4569,0.2181,0.2279,0.0,0.573,0.0611,0.0647,0.0,0.0,0.7884,33,5,16.72,13.52
3787465,2022-05-28,usa,2022,MLS,,Fotis Bazakos,161195,CF Montreal,722265,FC Cincinnati,1,4,3,51,49,10,13,5,6,5,6,0,1,0,0,10,8,0,5,5,7,5,2,1,1,,,12,13,3,2,0,0,0,2,17,27,6,2,1,0,22,18,3,1,60,53,36.0,45.0,24.0,8.0,9.0,7.0,427,402,342.0,309.0,157,166,185,143,21.0,25.0,5.0,4.0,2.8,0.86,1.26,0.54,0.75,0.32,2.01,0.86,3.83,1.25,1,1,9,6,0,1,0,5,0,0,0.5778,0.2214,2.2224,0.3452,0.0,0.1061,0.0,0.1911,0.0,0.0,3,7,1,0,4,5,1,1,1,0,0.5715,0.5414,0.6931,0.0,0.7152,0.2993,0.032,0.023,0.7884,0.0,10,13,9.29,17.02
3787465,2022-05-28,usa,2022,MLS,,Fotis Bazakos,722265,FC Cincinnati,161195,CF Montreal,0,3,4,49,51,13,10,6,5,6,5,1,0,0,0,8,10,5,0,7,5,2,5,1,1,,,13,12,2,3,0,0,2,0,27,17,2,6,0,1,18,22,1,3,53,60,45.0,36.0,8.0,24.0,7.0,9.0,402,427,309.0,342.0,166,157,143,185,25.0,21.0,4.0,5.0,0.86,2.8,0.54,1.26,0.32,0.75,0.86,2.01,1.25,3.83,1,1,6,9,1,0,5,0,0,0,0.2214,0.5778,0.3452,2.2224,0.1061,0.0,0.1911,0.0,0.0,0.0,7,3,0,1,5,4,1,1,0,1,0.5414,0.5715,0.0,0.6931,0.2993,0.7152,0.023,0.032,0.0,0.7884,13,10,17.02,9.29
3787406,2022-05-29,usa,2022,MLS,,Chris Penso,960720,Inter Miami CF,307690,Portland Timbers,1,2,1,53,47,15,16,6,5,6,8,3,3,1,1,7,12,8,4,9,8,3,2,1,1,23,27,6,10,3,4,0,0,3,0,13,13,15,6,3,3,22,19,4,4,37,35,29.0,28.0,8.0,7.0,6.0,9.0,468,410,411.0,351.0,238,158,173,193,25.0,28.0,2.0,7.0,1.76,1.3,1.57,0.9,0.19,0.4,1.76,1.3,2.37,0.59,0,1,5,8,2,3,4,3,4,1,0.0,0.1862,1.2621,0.889,0.0921,0.136,0.2433,0.0832,0.1923,0.0519,9,13,2,0,1,3,3,0,0,0,1.0067,0.9478,0.5912,0.0,0.0202,0.3985,0.1718,0.0,0.0,0.0,15,16,20.14,16.57
3787406,2022-05-29,usa,2022,MLS,,Chris Penso,307690,Portland Timbers,960720,Inter Miami CF,0,1,2,47,53,16,15,5,6,8,6,3,3,1,1,12,7,4,8,8,9,2,3,1,1,27,23,10,6,4,3,0,0,0,3,13,13,6,15,3,3,19,22,4,4,35,37,28.0,29.0,7.0,8.0,9.0,6.0,410,468,351.0,411.0,158,238,193,173,28.0,25.0,7.0,2.0,1.3,1.76,0.9,1.57,0.4,0.19,1.3,1.76,0.59,2.37,1,0,8,5,3,2,3,4,1,4,0.1862,0.0,0.889,1.2621,0.136,0.0921,0.0832,0.2433,0.0519,0.1923,13,9,0,2,3,1,0,3,0,0,0.9478,1.0067,0.0,0.5912,0.3985,0.0202,0.0,0.1718,0.0,0.0,16,15,16.57,20.14
3787407,2022-05-29,usa,2022,MLS,,Michael Radchuk,207242,Minnesota United,546238,New York City FC,1,0,1,46,54,12,14,4,5,5,7,3,2,1,1,10,10,2,4,9,8,1,1,1,1,,,12,10,4,1,0,0,2,0,17,20,10,9,2,2,20,22,4,5,45,56,34.0,44.0,11.0,12.0,9.0,13.0,401,476,316.0,393.0,131,201,185,192,31.0,30.0,6.0,7.0,1.17,0.61,0.9,0.41,0.27,0.2,1.17,0.61,0.93,0.72,2,2,6,4,2,4,0,3,2,1,0.1643,0.1901,0.8882,0.1922,0.055,0.152,0.0,0.0678,0.0639,0.0094,9,8,0,0,3,6,0,0,0,0,0.9046,0.4128,0.0,0.0,0.2668,0.1987,0.0,0.0,0.0,0.0,12,14,14.46,16.32
3787407,2022-05-29,usa,2022,MLS,,Michael Radchuk,546238,New York City FC,207242,Minnesota United,0,1,0,54,46,14,12,5,4,7,5,2,3,1,1,10,10,4,2,8,9,1,1,1,1,,,10,12,1,4,0,0,0,2,20,17,9,10,2,2,22,20,5,4,56,45,44.0,34.0,12.0,11.0,13.0,9.0,476,401,393.0,316.0,201,131,192,185,30.0,31.0,7.0,6.0,0.61,1.17,0.41,0.9,0.2,0.27,0.61,1.17,0.72,0.93,2,2,4,6,4,2,3,0,1,2,0.1901,0.1643,0.1922,0.8882,0.152,0.055,0.0678,0.0,0.0094,0.0639,8,9,0,0,6,3,0,0,0,0,0.4128,0.9046,0.0,0.0,0.1987,0.2668,0.0,0.0,0.0,0.0,14,12,16.32,14.46
3787408,2022-05-29,usa,2022,MLS,,Nima Saghafi,8314,Colorado Rapids,915807,Nashville SC,1,1,3,64,36,13,9,5,6,5,3,3,0,0,0,8,8,5,1,6,1,2,2,2,0,,,10,10,3,2,0,0,2,0,7,6,4,4,1,3,11,21,2,4,43,38,27.0,21.0,16.0,17.0,10.0,5.0,559,311,487.0,234.0,237,148,250,86,40.0,31.0,7.0,2.0,0.87,2.14,0.57,1.25,0.3,0.89,0.87,2.14,0.63,2.24,0,3,6,3,2,2,3,1,2,0,0.0,1.7157,0.481,0.1467,0.1272,0.2425,0.1674,0.0385,0.0971,0.0,9,6,0,2,1,0,3,1,0,0,0.5726,0.7336,0.0,0.5537,0.1165,0.0,0.1836,0.8561,0.0,0.0,13,9,16.46,11.61
3787408,2022-05-29,usa,2022,MLS,,Nima Saghafi,915807,Nashville SC,8314,Colorado Rapids,0,3,1,36,64,9,13,6,5,3,5,0,3,0,0,8,8,1,5,1,6,2,2,0,2,,,10,10,2,3,0,0,0,2,6,7,4,4,3,1,21,11,4,2,38,43,21.0,27.0,17.0,16.0,5.0,10.0,311,559,234.0,487.0,148,237,86,250,31.0,40.0,2.0,7.0,2.14,0.87,1.25,0.57,0.89,0.3,2.14,0.87,2.24,0.63,3,0,3,6,2,2,1,3,0,2,1.7157,0.0,0.1467,0.481,0.2425,0.1272,0.0385,0.1674,0.0,0.0971,6,9,2,0,0,1,1,3,0,0,0.7336,0.5726,0.5537,0.0,0.0,0.1165,0.8561,0.1836,0.0,0.0,9,13,11.61,16.46
3787438,2022-05-29,usa,2022,MLS,,Rubiel Vazquez,6637,LA Galaxy,1218886,Austin FC,1,4,1,44,56,18,12,10,3,6,7,2,2,0,0,16,7,2,5,7,4,6,0,3,0,,,10,7,2,0,0,0,0,4,14,12,14,13,2,2,23,13,2,6,41,36,28.0,25.0,13.0,11.0,7.0,4.0,409,519,332.0,429.0,169,216,163,213,24.0,30.0,6.0,3.0,3.71,0.87,2.78,0.74,0.15,0.13,2.92,0.87,4.98,0.91,4,0,6,4,6,3,0,5,2,0,1.2093,0.0,1.9661,0.4322,0.4604,0.2466,0.0,0.2012,0.0769,0.0,14,8,0,0,3,2,0,2,1,0,2.7791,0.6972,0.0,0.0,0.1452,0.0825,0.0,0.1004,0.7884,0.0,18,12,14.9,19.12
3787438,2022-05-29,usa,2022,MLS,,Rubiel Vazquez,1218886,Austin FC,6637,LA Galaxy,0,1,4,56,44,12,18,3,10,7,6,2,2,0,0,7,16,5,2,4,7,0,6,0,3,,,7,10,0,2,0,0,4,0,12,14,13,14,2,2,13,23,6,2,36,41,25.0,28.0,11.0,13.0,4.0,7.0,519,409,429.0,332.0,216,169,213,163,30.0,24.0,3.0,6.0,0.87,3.71,0.74,2.78,0.13,0.15,0.87,2.92,0.91,4.98,0,4,4,6,3,6,5,0,0,2,0.0,1.2093,0.4322,1.9661,0.2466,0.4604,0.2012,0.0,0.0,0.0769,8,14,0,0,2,3,2,0,0,1,0.6972,2.7791,0.0,0.0,0.0825,0.1452,0.1004,0.0,0.0,0.7884,12,18,19.12,14.9
3787450,2022-05-29,usa,2022,MLS,,Armando Villarreal,6606,Real Salt Lake,8259,Houston Dynamo FC,1,3,0,53,47,15,13,6,4,7,5,2,4,0,0,14,8,1,5,3,4,7,0,4,0,,,11,9,1,2,0,0,2,3,17,23,8,12,4,2,9,12,4,3,51,56,42.0,43.0,9.0,13.0,16.0,9.0,475,428,392.0,347.0,243,194,149,153,33.0,25.0,12.0,4.0,2.66,1.06,2.11,0.83,0.55,0.23,2.66,1.06,3.99,0.44,4,1,8,6,2,1,0,3,1,2,1.2784,0.0492,1.1826,0.6347,0.18,0.1427,0.0,0.1583,0.0199,0.0777,12,8,0,2,0,2,3,1,0,0,2.1103,0.6076,0.0,0.227,0.0,0.1853,0.5506,0.0427,0.0,0.0,15,13,11.13,17.81
3787450,2022-05-29,usa,2022,MLS,,Armando Villarreal,8259,Houston Dynamo FC,6606,Real Salt Lake,0,0,3,47,53,13,15,4,6,5,7,4,2,0,0,8,14,5,1,4,3,0,7,0,4,,,9,11,2,1,0,0,3,2,23,17,12,8,2,4,12,9,3,4,56,51,43.0,42.0,13.0,9.0,9.0,16.0,428,475,347.0,392.0,194,243,153,149,25.0,33.0,4.0,12.0,1.06,2.66,0.83,2.11,0.23,0.55,1.06,2.66,0.44,3.99,1,4,6,8,1,2,3,0,2,1,0.0492,1.2784,0.6347,1.1826,0.1427,0.18,0.1583,0.0,0.0777,0.0199,8,12,2,0,2,0,1,3,0,0,0.6076,2.1103,0.227,0.0,0.1853,0.0,0.0427,0.5506,0.0,0.0,13,15,17.81,11.13
3787466,2022-05-29,usa,2022,MLS,,Ted Unkel,6604,Sporting Kansas City,307691,Vancouver Whitecaps,1,0,1,59,41,15,9,2,1,7,4,6,4,0,0,6,6,9,3,4,5,2,2,2,1,,,11,13,4,2,0,0,2,1,20,16,6,5,4,7,16,27,0,1,55,49,39.0,34.0,16.0,15.0,6.0,7.0,515,366,446.0,285.0,180,190,266,95,24.0,20.0,7.0,3.0,1.09,1.36,0.46,0.39,0.63,0.17,1.09,0.57,0.03,0.97,2,1,3,4,1,1,6,1,3,2,0.4447,0.0952,0.2699,0.8325,0.0301,0.0354,0.2409,0.3176,0.107,0.0744,9,2,0,1,2,5,4,0,0,1,0.461,0.0744,0.0,0.3176,0.2131,0.1747,0.4186,0.0,0.0,0.7884,15,9,17.16,15.79
3787466,2022-05-29,usa,2022,MLS,,Ted Unkel,307691,Vancouver Whitecaps,6604,Sporting Kansas City,0,1,0,41,59,9,15,1,2,4,7,4,6,0,0,6,6,3,9,5,4,2,2,1,2,,,13,11,2,4,0,0,1,2,16,20,5,6,7,4,27,16,1,0,49,55,34.0,39.0,15.0,16.0,7.0,6.0,366,515,285.0,446.0,190,180,95,266,20.0,24.0,3.0,7.0,1.36,1.09,0.39,0.46,0.17,0.63,0.57,1.09,0.97,0.03,1,2,4,3,1,1,1,6,2,3,0.0952,0.4447,0.8325,0.2699,0.0354,0.0301,0.3176,0.2409,0.0744,0.107,2,9,1,0,5,2,0,4,1,0,0.0744,0.461,0.3176,0.0,0.1747,0.2131,0.0,0.4186,0.7884,0.0,9,15,15.79,17.16
3787437,2022-05-30,usa,2022,MLS,,Rosendo Mendoza,130394,Seattle Sounders FC,1323940,Charlotte FC,1,2,1,57,43,16,11,3,3,8,7,5,1,0,1,12,4,4,7,11,4,3,2,2,1,,,5,12,2,2,0,0,3,0,15,12,20,12,1,5,12,18,2,1,55,35,37.0,22.0,18.0,13.0,11.0,5.0,504,386,405.0,293.0,227,151,178,142,30.0,30.0,9.0,4.0,1.43,1.02,1.1,0.28,0.33,0.74,1.43,1.02,1.93,1.28,2,2,6,2,4,0,4,4,0,3,0.1364,0.7483,0.9614,0.0863,0.1828,0.0,0.1449,0.097,0.0,0.1445,9,7,0,0,5,1,2,3,0,0,1.0994,0.2785,0.0,0.0,0.1803,0.0298,0.1458,0.7678,0.0,0.0,16,11,14.72,19.45
3787437,2022-05-30,usa,2022,MLS,,Rosendo Mendoza,1323940,Charlotte FC,130394,Seattle Sounders FC,0,1,2,43,57,11,16,3,3,7,8,1,5,1,0,4,12,7,4,4,11,2,3,1,2,,,12,5,2,2,0,0,0,3,12,15,12,20,5,1,18,12,1,2,35,55,22.0,37.0,13.0,18.0,5.0,11.0,386,504,293.0,405.0,151,227,142,178,30.0,30.0,4.0,9.0,1.02,1.43,0.28,1.1,0.74,0.33,1.02,1.43,1.28,1.93,2,2,2,6,0,4,4,4,3,0,0.7483,0.1364,0.0863,0.9614,0.0,0.1828,0.097,0.1449,0.1445,0.0,7,9,0,0,1,5,3,2,0,0,0.2785,1.0994,0.0,0.0,0.0298,0.1803,0.7678,0.1458,0.0,0.0,11,16,19.45,14.72
3787467,2022-06-04,usa,2022,MLS,,Jon Freemon,307691,Vancouver Whitecaps,6606,Real Salt Lake,1,2,1,41,59,6,10,4,4,2,4,0,2,0,0,4,6,2,4,2,3,2,2,0,1,,,13,12,3,2,0,1,2,1,8,10,4,8,2,0,24,14,3,2,42,46,23.0,30.0,19.0,16.0,3.0,9.0,386,552,318.0,481.0,177,247,141,234,17.0,45.0,3.0,7.0,1.38,0.85,0.13,0.85,0.47,0.0,0.59,0.85,2.23,1.43,1,1,3,4,0,1,1,2,1,2,0.4347,0.1473,0.8968,0.2893,0.0,0.2605,0.02,0.109,0.0313,0.0446,3,10,0,0,0,0,2,0,1,0,0.1284,0.8508,0.0,0.0,0.0,0.0,0.4661,0.0,0.7884,0.0,6,10,15.79,17.04
3787467,2022-06-04,usa,2022,MLS,,Jon Freemon,6606,Real Salt Lake,307691,Vancouver Whitecaps,0,1,2,59,41,10,6,4,4,4,2,2,0,0,0,6,4,4,2,3,2,2,2,1,0,,,12,13,2,3,1,0,1,2,10,8,8,4,0,2,14,24,2,3,46,42,30.0,23.0,16.0,19.0,9.0,3.0,552,386,481.0,318.0,247,177,234,141,45.0,17.0,7.0,3.0,0.85,1.38,0.85,0.13,0.0,0.47,0.85,0.59,1.43,2.23,1,1,4,3,1,0,2,1,2,1,0.1473,0.4347,0.2893,0.8968,0.2605,0.0,0.109,0.02,0.0446,0.0313,10,3,0,0,0,0,0,2,0,1,0.8508,0.1284,0.0,0.0,0.0,0.0,0.0,0.4661,0.0,0.7884,10,6,17.04,15.79
3787436,2022-06-11,usa,2022,MLS,,Guido Gonzalez,1323940,Charlotte FC,6514,New York Red Bulls,1,2,0,61,39,11,7,5,1,4,1,2,5,0,0,7,4,4,3,5,4,3,0,2,0,,,6,10,2,3,0,0,1,2,17,20,12,13,5,2,20,15,1,3,54,49,38.0,32.0,16.0,17.0,11.0,6.0,497,305,391.0,210.0,218,81,173,129,27.0,19.0,3.0,1.0,2.07,0.58,1.96,0.55,0.11,0.03,2.07,0.58,2.11,0.06,1,0,5,3,1,1,3,1,1,2,0.8971,0.0,0.943,0.1955,0.0647,0.1778,0.1285,0.1758,0.0336,0.0307,7,5,1,0,2,2,1,0,0,0,1.6866,0.5464,0.2747,0.0,0.0719,0.0334,0.0336,0.0,0.0,0.0,11,7,16.33,18.99
3787436,2022-06-11,usa,2022,MLS,,Guido Gonzalez,6514,New York Red Bulls,1323940,Charlotte FC,0,0,2,39,61,7,11,1,5,1,4,5,2,0,0,4,7,3,4,4,5,0,3,0,2,,,10,6,3,2,0,0,2,1,20,17,13,12,2,5,15,20,3,1,49,54,32.0,38.0,17.0,16.0,6.0,11.0,305,497,210.0,391.0,81,218,129,173,19.0,27.0,1.0,3.0,0.58,2.07,0.55,1.96,0.03,0.11,0.58,2.07,0.06,2.11,0,1,3,5,1,1,1,3,2,1,0.0,0.8971,0.1955,0.943,0.1778,0.0647,0.1758,0.1285,0.0307,0.0336,5,7,0,1,2,2,0,1,0,0,0.5464,1.6866,0.0,0.2747,0.0334,0.0719,0.0,0.0336,0.0,0.0,7,11,18.99,16.33
3787434,2022-06-12,usa,2022,MLS,,Chris Penso,6604,Sporting Kansas City,6580,New England Revolution,1,1,2,40,60,9,12,2,5,4,6,3,1,0,0,5,7,4,5,6,5,1,2,1,0,,,9,10,1,4,1,0,1,2,9,9,9,4,1,3,14,13,3,1,30,31,25.0,25.0,5.0,6.0,6.0,7.0,368,561,305.0,500.0,152,278,153,222,30.0,30.0,1.0,3.0,1.04,1.32,0.91,1.27,0.12,0.05,1.04,1.32,0.53,1.8,0,1,4,3,1,3,3,2,1,3,0.0,0.2311,0.7455,0.7763,0.1336,0.1408,0.1089,0.0779,0.0484,0.1099,5,11,2,0,0,1,2,0,0,0,0.5643,1.2874,0.3494,0.0,0.0,0.0485,0.1226,0.0,0.0,0.0,9,12,19.31,19.22
3787434,2022-06-12,usa,2022,MLS,,Chris Penso,6580,New England Revolution,6604,Sporting Kansas City,0,2,1,60,40,12,9,5,2,6,4,1,3,0,0,7,5,5,4,5,6,2,1,0,1,,,10,9,4,1,0,1,2,1,9,9,4,9,3,1,13,14,1,3,31,30,25.0,25.0,6.0,5.0,7.0,6.0,561,368,500.0,305.0,278,152,222,153,30.0,30.0,3.0,1.0,1.32,1.04,1.27,0.91,0.05,0.12,1.32,1.04,1.8,0.53,1,0,3,4,3,1,2,3,3,1,0.2311,0.0,0.7763,0.7455,0.1408,0.1336,0.0779,0.1089,0.1099,0.0484,11,5,0,2,1,0,0,2,0,0,1.2874,0.5643,0.0,0.3494,0.0485,0.0,0.0,0.1226,0.0,0.0,12,9,19.22,19.31
3787435,2022-06-12,usa,2022,MLS,,Allen Chapman,915807,Nashville SC,6603,San Jose Earthquakes,1,0,0,45,55,14,11,6,6,4,4,4,1,0,0,12,3,2,8,7,2,4,0,4,0,,,17,7,1,3,0,0,3,0,19,11,10,10,1,5,8,27,6,5,47,37,35.0,30.0,12.0,7.0,10.0,6.0,394,516,329.0,445.0,193,177,136,268,26.0,23.0,7.0,0.0,1.35,0.55,1.25,0.52,0.09,0.03,1.35,0.55,0.76,0.52,0,0,9,0,3,3,0,6,2,2,0.0,0.0,1.085,0.0,0.1979,0.2402,0.0,0.2537,0.0649,0.0569,13,9,0,1,1,1,0,0,0,0,1.2549,0.4507,0.0,0.0725,0.0929,0.0276,0.0,0.0,0.0,0.0,14,11,14.18,21.99
3787435,2022-06-12,usa,2022,MLS,,Allen Chapman,6603,San Jose Earthquakes,915807,Nashville SC,0,0,0,55,45,11,14,6,6,4,4,1,4,0,0,3,12,8,2,2,7,0,4,0,4,,,7,17,3,1,0,0,0,3,11,19,10,10,5,1,27,8,5,6,37,47,30.0,35.0,7.0,12.0,6.0,10.0,516,394,445.0,329.0,177,193,268,136,23.0,26.0,0.0,7.0,0.55,1.35,0.52,1.25,0.03,0.09,0.55,1.35,0.52,0.76,0,0,0,9,3,3,6,0,2,2,0.0,0.0,0.0,1.085,0.2402,0.1979,0.2537,0.0,0.0569,0.0649,9,13,1,0,1,1,0,0,0,0,0.4507,1.2549,0.0725,0.0,0.0276,0.0929,0.0,0.0,0.0,0.0,11,14,21.99,14.18
3787428,2022-06-15,usa,2022,MLS,,Ramy Touchan,6580,New England Revolution,267810,Orlando City,1,1,1,53,47,9,13,3,5,5,2,1,6,0,0,5,7,4,6,10,6,1,0,1,0,,,21,12,4,4,0,0,2,1,12,17,11,4,5,0,18,26,4,2,42,53,35.0,43.0,7.0,10.0,12.0,6.0,469,415,395.0,350.0,222,122,173,228,20.0,26.0,6.0,2.0,1.07,0.77,0.67,0.27,0.4,0.5,1.07,0.77,1.8,0.96,0,0,4,4,1,3,1,5,3,1,0.0,0.0,0.8215,0.3287,0.056,0.1905,0.0511,0.2122,0.143,0.0351,5,6,1,1,1,3,2,3,0,0,0.6231,0.2311,0.0465,0.0351,0.1244,0.2241,0.2778,0.2762,0.0,0.0,9,13,16.1,19.75
3787428,2022-06-15,usa,2022,MLS,,Ramy Touchan,267810,Orlando City,6580,New England Revolution,0,1,1,47,53,13,9,5,3,2,5,6,1,0,0,7,5,6,4,6,10,0,1,0,1,,,12,21,4,4,0,0,1,2,17,12,4,11,0,5,26,18,2,4,53,42,43.0,35.0,10.0,7.0,6.0,12.0,415,469,350.0,395.0,122,222,228,173,26.0,20.0,2.0,6.0,0.77,1.07,0.27,0.67,0.5,0.4,0.77,1.07,0.96,1.8,0,0,4,4,3,1,5,1,1,3,0.0,0.0,0.3287,0.8215,0.1905,0.056,0.2122,0.0511,0.0351,0.143,6,5,1,1,3,1,3,2,0,0,0.2311,0.6231,0.0351,0.0465,0.2241,0.1244,0.2762,0.2778,0.0,0.0,13,9,19.75,16.1
3787486,2022-06-15,usa,2022,MLS,,,130394,Seattle Sounders FC,307691,Vancouver Whitecaps,1,4,0,56,44,16,10,8,0,7,7,1,3,1,0,8,6,8,4,4,3,5,1,2,1,,,5,9,0,2,0,0,2,4,10,10,6,6,3,2,15,14,0,3,47,33,34.0,23.0,13.0,10.0,15.0,8.0,550,431,477.0,363.0,281,192,196,171,31.0,15.0,5.0,3.0,2.7,0.92,1.68,0.43,0.23,0.49,1.91,0.92,3.45,0.0,1,1,6,2,1,3,5,4,3,0,0.434,0.3594,1.9322,0.1111,0.0652,0.2347,0.2073,0.2102,0.0602,0.0,10,7,0,0,3,1,2,2,1,0,1.6826,0.4278,0.0,0.0,0.0779,0.3594,0.15,0.1283,0.7884,0.0,16,10,17.52,19.64
3787486,2022-06-15,usa,2022,MLS,,,307691,Vancouver Whitecaps,130394,Seattle Sounders FC,0,0,4,44,56,10,16,0,8,7,7,3,1,0,1,6,8,4,8,3,4,1,5,1,2,,,9,5,2,0,0,0,4,2,10,10,6,6,2,3,14,15,3,0,33,47,23.0,34.0,10.0,13.0,8.0,15.0,431,550,363.0,477.0,192,281,171,196,15.0,31.0,3.0,5.0,0.92,2.7,0.43,1.68,0.49,0.23,0.92,1.91,0.0,3.45,1,1,2,6,3,1,4,5,0,3,0.3594,0.434,0.1111,1.9322,0.2347,0.0652,0.2102,0.2073,0.0,0.0602,7,10,0,0,1,3,2,2,0,1,0.4278,1.6826,0.0,0.0,0.3594,0.0779,0.1283,0.15,0.0,0.7884,10,16,19.64,17.52
3787431,2022-06-18,usa,2022,MLS,,Silviu Petrescu,6001,Columbus Crew,1323940,Charlotte FC,1,1,1,51,49,13,11,4,3,6,4,3,4,0,0,10,7,3,4,6,3,2,0,1,0,,,8,10,1,1,0,0,0,2,15,18,1,1,4,3,15,21,2,3,39,45,29.0,34.0,10.0,11.0,4.0,8.0,496,465,417.0,396.0,214,254,203,142,44.0,19.0,4.0,4.0,1.1,0.68,0.6,0.45,0.49,0.24,1.1,0.68,0.57,0.29,1,0,7,4,2,3,3,2,0,2,0.0311,0.0,0.8244,0.4073,0.0933,0.1308,0.1462,0.0485,0.0,0.1002,7,8,0,0,3,3,3,0,0,0,0.6009,0.4508,0.0,0.0,0.167,0.236,0.3271,0.0,0.0,0.0,13,11,14.92,19.18
3787431,2022-06-18,usa,2022,MLS,,Silviu Petrescu,1323940,Charlotte FC,6001,Columbus Crew,0,1,1,49,51,11,13,3,4,4,6,4,3,0,0,7,10,4,3,3,6,0,2,0,1,,,10,8,1,1,0,0,2,0,18,15,1,1,3,4,21,15,3,2,45,39,34.0,29.0,11.0,10.0,8.0,4.0,465,496,396.0,417.0,254,214,142,203,19.0,44.0,4.0,4.0,0.68,1.1,0.45,0.6,0.24,0.49,0.68,1.1,0.29,0.57,0,1,4,7,3,2,2,3,2,0,0.0,0.0311,0.4073,0.8244,0.1308,0.0933,0.0485,0.1462,0.1002,0.0,8,7,0,0,3,3,0,3,0,0,0.4508,0.6009,0.0,0.0,0.236,0.167,0.0,0.3271,0.0,0.0,11,13,19.18,14.92
3787432,2022-06-18,usa,2022,MLS,,Joe Dickerson,6637,LA Galaxy,307690,Portland Timbers,1,1,1,54,46,11,12,5,2,5,8,1,2,0,0,5,8,6,4,10,6,3,1,2,0,,,14,13,3,2,0,0,2,1,17,26,6,14,2,1,21,27,1,4,53,55,42.0,48.0,11.0,7.0,13.0,9.0,406,360,318.0,269.0,119,116,199,153,26.0,23.0,6.0,5.0,1.47,0.92,0.7,0.68,0.78,0.24,1.47,0.92,1.69,1.1,2,0,3,6,0,2,4,2,2,2,0.5776,0.0,0.5773,0.5736,0.0,0.2223,0.2583,0.0548,0.0606,0.0691,6,8,0,1,1,2,4,1,0,0,0.6977,0.4468,0.0,0.2296,0.2627,0.1348,0.5135,0.1087,0.0,0.0,11,12,17.61,17.03
3787432,2022-06-18,usa,2022,MLS,,Joe Dickerson,307690,Portland Timbers,6637,LA Galaxy,0,1,1,46,54,12,11,2,5,8,5,2,1,0,0,8,5,4,6,6,10,1,3,0,2,,,13,14,2,3,0,0,1,2,26,17,14,6,1,2,27,21,4,1,55,53,48.0,42.0,7.0,11.0,9.0,13.0,360,406,269.0,318.0,116,119,153,199,23.0,26.0,5.0,6.0,0.92,1.47,0.68,0.7,0.24,0.78,0.92,1.47,1.1,1.69,0,2,6,3,2,0,2,4,2,2,0.0,0.5776,0.5736,0.5773,0.2223,0.0,0.0548,0.2583,0.0691,0.0606,8,6,1,0,2,1,1,4,0,0,0.4468,0.6977,0.2296,0.0,0.1348,0.2627,0.1087,0.5135,0.0,0.0,12,11,17.03,17.61
3787433,2022-06-18,usa,2022,MLS,,Allen Chapman,130394,Seattle Sounders FC,867280,Los Angeles FC,1,1,1,53,47,13,11,5,7,6,3,2,1,0,0,7,8,6,3,5,3,3,4,2,4,,,9,16,2,1,0,0,1,2,26,12,12,11,1,2,17,15,6,4,56,44,46.0,31.0,10.0,13.0,6.0,11.0,491,441,410.0,362.0,207,177,203,185,31.0,23.0,2.0,2.0,1.23,1.29,1.1,1.25,0.13,0.04,1.23,1.29,0.66,2.04,0,0,4,5,3,3,2,1,4,2,0.0,0.0,0.6399,0.9317,0.4024,0.2814,0.0887,0.0527,0.0968,0.0551,10,10,1,0,2,1,0,0,0,0,0.931,1.2802,0.1693,0.0,0.1275,0.0407,0.0,0.0,0.0,0.0,13,11,20.37,17.16
3787433,2022-06-18,usa,2022,MLS,,Allen Chapman,867280,Los Angeles FC,130394,Seattle Sounders FC,0,1,1,47,53,11,13,7,5,3,6,1,2,0,0,8,7,3,6,3,5,4,3,4,2,,,16,9,1,2,0,0,2,1,12,26,11,12,2,1,15,17,4,6,44,56,31.0,46.0,13.0,10.0,11.0,6.0,441,491,362.0,410.0,177,207,185,203,23.0,31.0,2.0,2.0,1.29,1.23,1.25,1.1,0.04,0.13,1.29,1.23,2.04,0.66,0,0,5,4,3,3,1,2,2,4,0.0,0.0,0.9317,0.6399,0.2814,0.4024,0.0527,0.0887,0.0551,0.0968,10,10,0,1,1,2,0,0,0,0,1.2802,0.931,0.0,0.1693,0.0407,0.1275,0.0,0.0,0.0,0.0,11,13,17.16,20.37
3787440,2022-06-18,usa,2022,MLS,,Rosendo Mendoza,267810,Orlando City,8259,Houston Dynamo FC,1,2,1,46,54,18,13,6,5,6,5,6,3,0,2,12,5,6,8,4,4,6,0,4,0,,,11,16,3,6,0,0,1,1,18,15,8,7,3,5,17,21,4,4,52,44,38.0,32.0,14.0,12.0,7.0,6.0,369,430,309.0,378.0,136,194,173,184,30.0,27.0,3.0,3.0,3.21,0.72,2.73,0.61,0.48,0.1,3.21,0.72,2.24,0.77,3,0,8,4,1,1,4,6,2,2,1.6324,0.0,1.1729,0.3008,0.0627,0.0465,0.2435,0.2622,0.1009,0.1056,16,11,0,0,1,2,1,0,0,0,2.7339,0.6123,0.0,0.0,0.4246,0.1029,0.054,0.0,0.0,0.0,18,13,14.42,20.13
3787440,2022-06-18,usa,2022,MLS,,Rosendo Mendoza,8259,Houston Dynamo FC,267810,Orlando City,0,1,2,54,46,13,18,5,6,5,6,3,6,2,0,5,12,8,6,4,4,0,6,0,4,,,16,11,6,3,0,0,1,1,15,18,7,8,5,3,21,17,4,4,44,52,32.0,38.0,12.0,14.0,6.0,7.0,430,369,378.0,309.0,194,136,184,173,27.0,30.0,3.0,3.0,0.72,3.21,0.61,2.73,0.1,0.48,0.72,3.21,0.77,2.24,0,3,4,8,1,1,6,4,2,2,0.0,1.6324,0.3008,1.1729,0.0465,0.0627,0.2622,0.2435,0.1056,0.1009,11,16,0,0,2,1,0,1,0,0,0.6123,2.7339,0.0,0.0,0.1029,0.4246,0.0,0.054,0.0,0.0,13,18,20.13,14.42
3787441,2022-06-18,usa,2022,MLS,,Timothy Ford,191716,Philadelphia Union,722265,FC Cincinnati,1,1,1,45,55,13,17,5,5,3,4,5,8,0,0,11,10,2,7,3,8,0,1,0,0,,,10,12,1,4,0,0,3,2,20,16,8,7,8,3,28,17,4,4,47,52,36.0,35.0,11.0,17.0,5.0,11.0,368,453,282.0,362.0,165,117,117,245,22.0,37.0,5.0,5.0,1.25,1.05,0.99,0.51,0.26,0.54,1.25,1.05,0.75,0.95,1,1,7,3,3,6,1,4,1,3,0.2647,0.4091,0.7679,0.2133,0.1418,0.1904,0.0365,0.1483,0.0438,0.0907,12,11,0,0,1,4,0,2,0,0,0.99,0.512,0.0,0.0,0.2647,0.4792,0.0,0.0605,0.0,0.0,13,17,14.77,19.02
3787441,2022-06-18,usa,2022,MLS,,Timothy Ford,722265,FC Cincinnati,191716,Philadelphia Union,0,1,1,55,45,17,13,5,5,4,3,8,5,0,0,10,11,7,2,8,3,1,0,0,0,,,12,10,4,1,0,0,2,3,16,20,7,8,3,8,17,28,4,4,52,47,35.0,36.0,17.0,11.0,11.0,5.0,453,368,362.0,282.0,117,165,245,117,37.0,22.0,5.0,5.0,1.05,1.25,0.51,0.99,0.54,0.26,1.05,1.25,0.95,0.75,1,1,3,7,6,3,4,1,3,1,0.4091,0.2647,0.2133,0.7679,0.1904,0.1418,0.1483,0.0365,0.0907,0.0438,11,12,0,0,4,1,2,0,0,0,0.512,0.99,0.0,0.0,0.4792,0.2647,0.0605,0.0,0.0,0.0,17,13,19.02,14.77
3787468,2022-06-18,usa,2022,MLS,,Ramy Touchan,6514,New York Red Bulls,56453,Toronto FC,1,2,0,41,59,14,8,4,3,5,3,5,2,0,0,8,7,6,1,5,4,2,3,1,3,,,18,11,2,3,0,0,6,0,25,14,18,4,2,5,12,22,3,3,60,61,42.0,51.0,18.0,10.0,6.0,20.0,359,521,253.0,415.0,91,283,162,132,17.0,21.0,2.0,1.0,1.66,1.43,1.33,1.43,0.34,0.0,1.66,1.43,1.71,1.27,1,0,4,6,3,1,3,1,3,0,0.3367,0.0,0.6278,1.1321,0.2426,0.195,0.3573,0.0981,0.1003,0.0,12,8,1,0,1,0,0,0,0,0,1.2028,1.4252,0.1251,0.0,0.3367,0.0,0.0,0.0,0.0,0.0,14,8,18.17,12.8
3787468,2022-06-18,usa,2022,MLS,,Ramy Touchan,56453,Toronto FC,6514,New York Red Bulls,0,0,2,59,41,8,14,3,4,3,5,2,5,0,0,7,8,1,6,4,5,3,2,3,1,,,11,18,3,2,0,0,0,6,14,25,4,18,5,2,22,12,3,3,61,60,51.0,42.0,10.0,18.0,20.0,6.0,521,359,415.0,253.0,283,91,132,162,21.0,17.0,1.0,2.0,1.43,1.66,1.43,1.33,0.0,0.34,1.43,1.66,1.27,1.71,0,1,6,4,1,3,1,3,0,3,0.0,0.3367,1.1321,0.6278,0.195,0.2426,0.0981,0.3573,0.0,0.1003,8,12,0,1,0,1,0,0,0,0,1.4252,1.2028,0.0,0.1251,0.0,0.3367,0.0,0.0,0.0,0.0,8,14,12.8,18.17
3787469,2022-06-18,usa,2022,MLS,,Ted Unkel,161195,CF Montreal,1218886,Austin FC,1,0,1,62,38,11,5,2,2,7,3,2,0,0,1,11,4,0,1,5,1,2,2,2,1,,,9,17,0,3,0,1,2,3,7,21,3,7,0,2,12,21,1,3,52,37,36.0,32.0,16.0,5.0,12.0,4.0,542,329,466.0,246.0,265,144,201,102,34.0,26.0,6.0,1.0,1.42,1.47,0.81,1.47,0.61,0.0,1.42,1.47,1.32,1.01,1,1,7,3,3,0,0,1,0,0,0.5535,0.6251,0.7577,0.8088,0.1127,0.0,0.0,0.0391,0.0,0.0,8,5,0,0,3,0,0,0,0,0,0.8122,1.4729,0.0,0.0,0.6117,0.0,0.0,0.0,0.0,0.0,11,5,12.17,14.46
3787469,2022-06-18,usa,2022,MLS,,Ted Unkel,1218886,Austin FC,161195,CF Montreal,0,1,0,38,62,5,11,2,2,3,7,0,2,1,0,4,11,1,0,1,5,2,2,1,2,,,17,9,3,0,1,0,3,2,21,7,7,3,2,0,21,12,3,1,37,52,32.0,36.0,5.0,16.0,4.0,12.0,329,542,246.0,466.0,144,265,102,201,26.0,34.0,1.0,6.0,1.47,1.42,1.47,0.81,0.0,0.61,1.47,1.42,1.01,1.32,1,1,3,7,0,3,1,0,0,0,0.6251,0.5535,0.8088,0.7577,0.0,0.1127,0.0391,0.0,0.0,0.0,5,8,0,0,0,3,0,0,0,0,1.4729,0.8122,0.0,0.0,0.0,0.6117,0.0,0.0,0.0,0.0,5,11,14.46,12.17
3787439,2022-06-19,usa,2022,MLS,,Ismir Pekmic,6580,New England Revolution,207242,Minnesota United,1,2,1,54,46,11,13,2,6,4,4,5,3,0,1,3,5,8,8,3,4,0,1,0,0,,,11,14,2,6,0,0,1,0,20,15,7,11,3,5,12,19,5,0,55,44,41.0,32.0,14.0,12.0,8.0,6.0,481,404,393.0,314.0,220,136,173,178,34.0,29.0,0.0,3.0,0.48,1.32,0.37,0.49,0.12,0.04,0.48,0.54,0.5,1.69,0,0,1,2,2,3,4,4,4,4,0.0,0.0,0.0256,0.8629,0.09,0.2081,0.2266,0.1557,0.1391,0.0976,7,10,1,1,1,0,2,1,0,1,0.3195,0.3939,0.0457,0.0972,0.0256,0.0,0.0905,0.0449,0.0,0.7884,11,13,22.43,23.49
3787439,2022-06-19,usa,2022,MLS,,Ismir Pekmic,207242,Minnesota United,6580,New England Revolution,0,1,2,46,54,13,11,6,2,4,4,3,5,1,0,5,3,8,8,4,3,1,0,0,0,,,14,11,6,2,0,0,0,1,15,20,11,7,5,3,19,12,0,5,44,55,32.0,41.0,12.0,14.0,6.0,8.0,404,481,314.0,393.0,136,220,178,173,29.0,34.0,3.0,0.0,1.32,0.48,0.49,0.37,0.04,0.12,0.54,0.48,1.69,0.5,0,0,2,1,3,2,4,4,4,4,0.0,0.0,0.8629,0.0256,0.2081,0.09,0.1557,0.2266,0.0976,0.1391,10,7,1,1,0,1,1,2,1,0,0.3939,0.3195,0.0972,0.0457,0.0,0.0256,0.0449,0.0905,0.7884,0.0,13,11,23.49,22.43
3787445,2022-06-19,usa,2022,MLS,,Víctor Rivas,915807,Nashville SC,6604,Sporting Kansas City,1,1,2,61,39,9,8,2,4,6,3,1,1,0,0,6,3,3,5,4,4,1,0,0,0,,,9,14,2,3,0,0,4,1,21,7,4,11,1,1,16,35,2,1,56,36,43.0,23.0,13.0,13.0,8.0,8.0,534,347,447.0,280.0,284,123,163,157,24.0,23.0,5.0,1.0,0.91,0.45,0.62,0.32,0.29,0.13,0.91,0.45,0.84,1.04,0,0,4,3,2,0,2,2,1,3,0.0,0.0,0.6913,0.2744,0.161,0.0,0.0809,0.0824,0.0326,0.0886,6,6,0,0,2,1,1,1,0,0,0.7197,0.3165,0.0,0.0,0.1398,0.095,0.1063,0.0339,0.0,0.0,9,8,15.76,20.94
3787445,2022-06-19,usa,2022,MLS,,Víctor Rivas,6604,Sporting Kansas City,915807,Nashville SC,0,2,1,39,61,8,9,4,2,3,6,1,1,0,0,3,6,5,3,4,4,0,1,0,0,,,14,9,3,2,0,0,1,4,7,21,11,4,1,1,35,16,1,2,36,56,23.0,43.0,13.0,13.0,8.0,8.0,347,534,280.0,447.0,123,284,157,163,23.0,24.0,1.0,5.0,0.45,0.91,0.32,0.62,0.13,0.29,0.45,0.91,1.04,0.84,0,0,3,4,0,2,2,2,3,1,0.0,0.0,0.2744,0.6913,0.0,0.161,0.0824,0.0809,0.0886,0.0326,6,6,0,0,1,2,1,1,0,0,0.3165,0.7197,0.0,0.0,0.095,0.1398,0.0339,0.1063,0.0,0.0,8,9,20.94,15.76
3787446,2022-06-19,usa,2022,MLS,,Marcos de Oliveira,546238,New York City FC,8314,Colorado Rapids,1,1,1,66,34,16,6,4,1,8,3,4,2,1,0,10,2,6,4,5,1,2,0,1,0,,,15,21,2,4,0,0,2,4,7,16,6,11,2,4,14,18,0,3,42,55,34.0,41.0,8.0,14.0,7.0,10.0,528,270,453.0,170.0,240,73,213,97,29.0,23.0,6.0,2.0,1.28,0.3,1.05,0.3,0.23,0.0,1.28,0.3,1.09,0.2,1,1,8,1,1,0,4,2,2,2,0.0639,0.0,0.939,0.0871,0.0625,0.0,0.1704,0.1609,0.0483,0.0472,12,5,0,1,3,0,1,0,0,0,1.0549,0.1855,0.0,0.1097,0.1748,0.0,0.0544,0.0,0.0,0.0,16,6,16.67,19.12
3787446,2022-06-19,usa,2022,MLS,,Marcos de Oliveira,8314,Colorado Rapids,546238,New York City FC,0,1,1,34,66,6,16,1,4,3,8,2,4,0,1,2,10,4,6,1,5,0,2,0,1,,,21,15,4,2,0,0,4,2,16,7,11,6,4,2,18,14,3,0,55,42,41.0,34.0,14.0,8.0,10.0,7.0,270,528,170.0,453.0,73,240,97,213,23.0,29.0,2.0,6.0,0.3,1.28,0.3,1.05,0.0,0.23,0.3,1.28,0.2,1.09,1,1,1,8,0,1,2,4,2,2,0.0,0.0639,0.0871,0.939,0.0,0.0625,0.1609,0.1704,0.0472,0.0483,5,12,1,0,0,3,0,1,0,0,0.1855,1.0549,0.1097,0.0,0.0,0.1748,0.0,0.0544,0.0,0.0,6,16,19.12,16.67
3787447,2022-06-19,usa,2022,MLS,,Armando Villarreal,773958,Atlanta United,960720,Inter Miami CF,1,2,0,60,40,18,12,8,3,7,4,3,5,1,0,9,8,9,4,1,3,4,1,3,1,30,16,10,16,0,0,0,1,2,2,19,18,13,5,4,3,11,13,3,6,51,44,45.0,38.0,6.0,6.0,11.0,11.0,599,398,533.0,322.0,248,177,285,145,20.0,16.0,1.0,3.0,2.13,0.91,1.92,0.91,0.21,0.0,2.13,0.91,1.72,0.39,0,2,7,3,2,3,7,2,2,2,0.0,0.2333,1.3993,0.4083,0.3175,0.17,0.3718,0.0472,0.0887,0.0624,13,12,2,0,0,0,3,0,0,0,1.4954,0.9211,0.4752,0.0,0.0,0.0,0.2066,0.0,0.0,0.0,18,12,17.66,18.61
3787447,2022-06-19,usa,2022,MLS,,Armando Villarreal,960720,Inter Miami CF,773958,Atlanta United,0,0,2,40,60,12,18,3,8,4,7,5,3,0,1,8,9,4,9,3,1,1,4,1,3,16,30,16,10,0,0,1,0,2,2,18,19,5,13,3,4,13,11,6,3,44,51,38.0,45.0,6.0,6.0,11.0,11.0,398,599,322.0,533.0,177,248,145,285,16.0,20.0,3.0,1.0,0.91,2.13,0.91,1.92,0.0,0.21,0.91,2.13,0.39,1.72,2,0,3,7,3,2,2,7,2,2,0.2333,0.0,0.4083,1.3993,0.17,0.3175,0.0472,0.3718,0.0624,0.0887,12,13,0,2,0,0,0,3,0,0,0.9211,1.4954,0.0,0.4752,0.0,0.0,0.0,0.2066,0.0,0.0,12,18,18.61,17.66
3787448,2022-06-19,usa,2022,MLS,,Alex Chilowicz,6606,Real Salt Lake,6603,San Jose Earthquakes,1,2,0,34,66,16,7,6,1,7,5,3,1,0,1,13,5,3,2,10,3,4,1,3,1,,,9,12,2,2,0,0,3,1,13,19,9,8,1,3,12,13,1,4,37,48,31.0,36.0,6.0,12.0,6.0,8.0,254,524,200.0,456.0,102,272,98,184,26.0,28.0,7.0,4.0,2.7,0.55,1.75,0.4,0.95,0.16,2.7,0.55,2.68,0.06,3,0,8,4,2,1,2,1,1,1,1.2231,0.0,1.0283,0.4398,0.3795,0.0574,0.1131,0.0154,0.0288,0.0391,8,5,0,0,5,2,3,0,0,0,1.8192,0.3953,0.0,0.0,0.7368,0.1563,0.2169,0.0,0.0,0.0,16,7,13.09,16.94
3787448,2022-06-19,usa,2022,MLS,,Alex Chilowicz,6603,San Jose Earthquakes,6606,Real Salt Lake,0,0,2,66,34,7,16,1,6,5,7,1,3,1,0,5,13,2,3,3,10,1,4,1,3,,,12,9,2,2,0,0,1,3,19,13,8,9,3,1,13,12,4,1,48,37,36.0,31.0,12.0,6.0,8.0,6.0,524,254,456.0,200.0,272,102,184,98,28.0,26.0,4.0,7.0,0.55,2.7,0.4,1.75,0.16,0.95,0.55,2.7,0.06,2.68,0,3,4,8,1,2,1,2,1,1,0.0,1.2231,0.4398,1.0283,0.0574,0.3795,0.0154,0.1131,0.0391,0.0288,5,8,0,0,2,5,0,3,0,0,0.3953,1.8192,0.0,0.0,0.1563,0.7368,0.0,0.2169,0.0,0.0,7,16,16.94,13.09
3787449,2022-06-19,usa,2022,MLS,,Nima Saghafi,6397,Chicago Fire FC,6602,DC United,1,1,0,53,47,14,11,7,0,7,8,0,3,1,0,8,8,6,3,3,2,0,2,0,2,,,17,16,2,2,0,0,2,1,18,24,15,9,3,0,21,13,0,6,57,65,39.0,45.0,18.0,20.0,6.0,5.0,395,333,297.0,229.0,109,127,188,102,28.0,26.0,6.0,5.0,1.3,0.87,0.95,0.6,0.35,0.27,1.3,0.87,0.81,0.0,2,0,5,6,1,2,2,0,4,3,0.3654,0.0,0.3989,0.6847,0.2322,0.0913,0.0711,0.0,0.2296,0.0965,11,8,0,0,2,1,1,2,0,0,0.9497,0.6036,0.0,0.0,0.3336,0.0396,0.0139,0.2293,0.0,0.0,14,11,17.0,16.16
3787449,2022-06-19,usa,2022,MLS,,Nima Saghafi,6602,DC United,6397,Chicago Fire FC,0,0,1,47,53,11,14,0,7,8,7,3,0,0,1,8,8,3,6,2,3,2,0,2,0,,,16,17,2,2,0,0,1,2,24,18,9,15,0,3,13,21,6,0,65,57,45.0,39.0,20.0,18.0,5.0,6.0,333,395,229.0,297.0,127,109,102,188,26.0,28.0,5.0,6.0,0.87,1.3,0.6,0.95,0.27,0.35,0.87,1.3,0.0,0.81,0,2,6,5,2,1,0,2,3,4,0.0,0.3654,0.6847,0.3989,0.0913,0.2322,0.0,0.0711,0.0965,0.2296,8,11,0,0,1,2,2,1,0,0,0.6036,0.9497,0.0,0.0,0.0396,0.3336,0.2293,0.0139,0.0,0.0,11,14,16.16,17.0
3787470,2022-06-19,usa,2022,MLS,,Tori Penso,6399,FC Dallas,307691,Vancouver Whitecaps,1,0,2,67,33,16,4,1,2,9,2,6,0,0,1,9,1,7,3,5,2,2,1,2,0,,,15,9,3,1,0,0,0,2,23,10,4,10,0,6,6,23,0,1,52,42,40.0,29.0,12.0,13.0,8.0,4.0,568,290,505.0,215.0,283,93,222,122,24.0,19.0,10.0,2.0,1.03,0.49,0.76,0.43,0.27,0.06,1.03,0.49,0.17,1.18,0,0,5,1,4,0,6,1,1,2,0.0,0.0,0.6345,0.3624,0.1338,0.0,0.2316,0.0314,0.0293,0.1005,11,3,0,0,3,0,2,1,0,0,0.7591,0.4334,0.0,0.0,0.1875,0.0,0.0826,0.0609,0.0,0.0,16,4,19.26,19.62
3787470,2022-06-19,usa,2022,MLS,,Tori Penso,307691,Vancouver Whitecaps,6399,FC Dallas,0,2,0,33,67,4,16,2,1,2,9,0,6,1,0,1,9,3,7,2,5,1,2,0,2,,,9,15,1,3,0,0,2,0,10,23,10,4,6,0,23,6,1,0,42,52,29.0,40.0,13.0,12.0,4.0,8.0,290,568,215.0,505.0,93,283,122,222,19.0,24.0,2.0,10.0,0.49,1.03,0.43,0.76,0.06,0.27,0.49,1.03,1.18,0.17,0,0,1,5,0,4,1,6,2,1,0.0,0.0,0.3624,0.6345,0.0,0.1338,0.0314,0.2316,0.1005,0.0293,3,11,0,0,0,3,1,2,0,0,0.4334,0.7591,0.0,0.0,0.0,0.1875,0.0609,0.0826,0.0,0.0,4,16,19.62,19.26
3787444,2022-06-24,usa,2022,MLS,,Guido Gonzalez,722265,FC Cincinnati,267810,Orlando City,1,1,0,46,54,14,7,9,2,4,4,1,1,0,0,7,4,7,3,3,3,1,0,0,0,,,14,10,1,1,0,0,0,3,13,17,9,9,1,1,18,21,2,8,45,63,29.0,43.0,16.0,20.0,6.0,12.0,422,491,340.0,407.0,136,216,204,191,30.0,27.0,2.0,5.0,1.17,0.3,0.84,0.25,0.34,0.05,1.17,0.3,1.7,0.21,2,0,4,3,1,1,2,2,5,1,0.5447,0.0,0.3086,0.1745,0.109,0.0306,0.1013,0.0684,0.1338,0.028,10,6,0,0,2,0,2,1,0,0,0.8614,0.2538,0.0,0.0,0.1027,0.0,0.2333,0.0477,0.0,0.0,14,7,20.45,19.76
3787444,2022-06-24,usa,2022,MLS,,Guido Gonzalez,267810,Orlando City,722265,FC Cincinnati,0,0,1,54,46,7,14,2,9,4,4,1,1,0,0,4,7,3,7,3,3,0,1,0,0,,,10,14,1,1,0,0,3,0,17,13,9,9,1,1,21,18,8,2,63,45,43.0,29.0,20.0,16.0,12.0,6.0,491,422,407.0,340.0,216,136,191,204,27.0,30.0,5.0,2.0,0.3,1.17,0.25,0.84,0.05,0.34,0.3,1.17,0.21,1.7,0,2,3,4,1,1,2,2,1,5,0.0,0.5447,0.1745,0.3086,0.0306,0.109,0.0684,0.1013,0.028,0.1338,6,10,0,0,0,2,1,2,0,0,0.2538,0.8614,0.0,0.0,0.0,0.1027,0.0477,0.2333,0.0,0.0,7,14,19.76,20.45
3787442,2022-06-25,usa,2022,MLS,,Lukasz Szpala,6602,DC United,915807,Nashville SC,1,1,3,58,42,8,9,3,5,4,2,1,2,0,0,4,5,4,4,6,1,1,1,0,0,,,14,15,2,5,0,0,2,2,10,11,4,6,2,0,15,29,2,2,37,49,28.0,26.0,9.0,23.0,3.0,1.0,459,329,368.0,240.0,178,96,190,144,18.0,28.0,3.0,0.0,0.77,1.1,0.61,1.03,0.16,0.07,0.77,1.1,1.02,1.45,0,1,3,2,1,2,2,4,2,0,0.0,0.4405,0.5016,0.1915,0.1064,0.0721,0.0997,0.3968,0.0618,0.0,6,8,0,0,2,0,0,1,0,0,0.6107,1.0283,0.0,0.0,0.1586,0.0,0.0,0.0726,0.0,0.0,8,9,17.61,17.72
3787442,2022-06-25,usa,2022,MLS,,Lukasz Szpala,915807,Nashville SC,6602,DC United,0,3,1,42,58,9,8,5,3,2,4,2,1,0,0,5,4,4,4,1,6,1,1,0,0,,,15,14,5,2,0,0,2,2,11,10,6,4,0,2,29,15,2,2,49,37,26.0,28.0,23.0,9.0,1.0,3.0,329,459,240.0,368.0,96,178,144,190,28.0,18.0,0.0,3.0,1.1,0.77,1.03,0.61,0.07,0.16,1.1,0.77,1.45,1.02,1,0,2,3,2,1,4,2,0,2,0.4405,0.0,0.1915,0.5016,0.0721,0.1064,0.3968,0.0997,0.0,0.0618,8,6,0,0,0,2,1,0,0,0,1.0283,0.6107,0.0,0.0,0.0,0.1586,0.0726,0.0,0.0,0.0,9,8,17.72,17.61
3787443,2022-06-25,usa,2022,MLS,,Alex Chilowicz,130394,Seattle Sounders FC,6604,Sporting Kansas City,1,3,0,49,51,15,9,8,1,3,3,4,5,0,0,11,7,4,2,2,7,6,1,3,1,,,10,9,1,0,0,0,3,1,17,20,12,4,5,4,24,12,1,5,42,47,30.0,41.0,12.0,6.0,5.0,11.0,465,478,390.0,387.0,217,220,173,167,37.0,27.0,4.0,5.0,2.83,0.65,2.83,0.25,0.02,0.39,2.83,0.65,4.05,0.03,4,2,4,4,3,1,3,1,1,1,1.7313,0.2045,0.9016,0.3444,0.1888,0.0265,0.1037,0.0455,0.0267,0.0254,14,4,1,0,0,5,0,0,0,0,2.8902,0.2541,0.0618,0.0,0.0,0.3922,0.0,0.0,0.0,0.0,15,9,14.88,14.49
3787443,2022-06-25,usa,2022,MLS,,Alex Chilowicz,6604,Sporting Kansas City,130394,Seattle Sounders FC,0,0,3,51,49,9,15,1,8,3,3,5,4,0,0,7,11,2,4,7,2,1,6,1,3,,,9,10,0,1,0,0,1,3,20,17,4,12,4,5,12,24,5,1,47,42,41.0,30.0,6.0,12.0,11.0,5.0,478,465,387.0,390.0,220,217,167,173,27.0,37.0,5.0,4.0,0.65,2.83,0.25,2.83,0.39,0.02,0.65,2.83,0.03,4.05,2,4,4,4,1,3,1,3,1,1,0.2045,1.7313,0.3444,0.9016,0.0265,0.1888,0.0455,0.1037,0.0254,0.0267,4,14,0,1,5,0,0,0,0,0,0.2541,2.8902,0.0,0.0618,0.3922,0.0,0.0,0.0,0.0,0.0,9,15,14.49,14.88
3787488,2022-06-25,usa,2022,MLS,,Nima Saghafi,161195,CF Montreal,1323940,Charlotte FC,1,2,1,49,51,8,4,3,2,4,2,1,0,0,0,5,3,3,1,0,3,1,3,1,2,,,17,14,3,2,0,0,1,0,9,17,6,6,0,1,19,21,1,1,38,45,29.0,36.0,9.0,9.0,6.0,2.0,435,456,382.0,382.0,197,268,185,114,26.0,21.0,3.0,2.0,0.76,1.22,0.76,0.01,0.0,1.22,0.76,1.22,0.67,1.43,0,3,4,0,1,0,1,0,2,1,0.0,1.3997,0.5639,0.0,0.0879,0.0,0.0377,0.0,0.0666,0.0073,8,1,0,0,0,2,0,1,0,0,0.7561,0.0073,0.0,0.0,0.0,0.874,0.0,0.5257,0.0,0.0,8,4,17.59,12.81
3787488,2022-06-25,usa,2022,MLS,,Nima Saghafi,1323940,Charlotte FC,161195,CF Montreal,0,1,2,51,49,4,8,2,3,2,4,0,1,0,0,3,5,1,3,3,0,3,1,2,1,,,14,17,2,3,0,0,0,1,17,9,6,6,1,0,21,19,1,1,45,38,36.0,29.0,9.0,9.0,2.0,6.0,456,435,382.0,382.0,268,197,114,185,21.0,26.0,2.0,3.0,1.22,0.76,0.01,0.76,1.22,0.0,1.22,0.76,1.43,0.67,3,0,0,4,0,1,0,1,1,2,1.3997,0.0,0.0,0.5639,0.0,0.0879,0.0,0.0377,0.0073,0.0666,1,8,0,0,2,0,1,0,0,0,0.0073,0.7561,0.0,0.0,0.874,0.0,0.5257,0.0,0.0,0.0,4,8,12.81,17.59
3787489,2022-06-25,usa,2022,MLS,,Jon Freemon,56453,Toronto FC,773958,Atlanta United,1,2,1,44,56,15,15,4,2,7,8,4,5,0,0,12,7,3,8,7,6,1,1,1,0,,,12,13,2,2,0,0,2,3,18,15,5,16,5,4,17,17,1,2,53,50,38.0,40.0,15.0,10.0,7.0,13.0,366,466,283.0,384.0,113,225,170,159,22.0,33.0,2.0,4.0,2.06,1.43,1.76,1.16,0.3,0.27,2.06,1.43,0.56,1.07,1,0,6,5,5,2,2,3,1,5,0.2098,0.0,1.0516,0.9327,0.6255,0.105,0.1477,0.189,0.0265,0.2032,11,10,0,0,3,3,1,2,0,0,1.7588,1.1558,0.0,0.0,0.2758,0.1889,0.0265,0.0852,0.0,0.0,15,15,14.26,19.63
3787489,2022-06-25,usa,2022,MLS,,Jon Freemon,773958,Atlanta United,56453,Toronto FC,0,1,2,56,44,15,15,2,4,8,7,5,4,0,0,7,12,8,3,6,7,1,1,0,1,,,13,12,2,2,0,0,3,2,15,18,16,5,4,5,17,17,2,1,50,53,40.0,38.0,10.0,15.0,13.0,7.0,466,366,384.0,283.0,225,113,159,170,33.0,22.0,4.0,2.0,1.43,2.06,1.16,1.76,0.27,0.3,1.43,2.06,1.07,0.56,0,1,5,6,2,5,3,2,5,1,0.0,0.2098,0.9327,1.0516,0.105,0.6255,0.189,0.1477,0.2032,0.0265,10,11,0,0,3,3,2,1,0,0,1.1558,1.7588,0.0,0.0,0.1889,0.2758,0.0852,0.0265,0.0,0.0,15,15,19.63,14.26
3787412,2022-06-26,usa,2022,MLS,,Armando Villarreal,191716,Philadelphia Union,546238,New York City FC,1,2,1,41,59,12,10,6,5,3,3,3,2,0,0,9,6,3,4,4,6,4,1,4,0,,,21,12,1,4,0,0,2,1,14,8,15,14,2,2,18,14,4,4,49,56,33.0,39.0,16.0,17.0,7.0,13.0,332,475,228.0,389.0,130,193,98,196,22.0,31.0,4.0,4.0,1.92,1.39,1.61,0.56,0.3,0.04,1.92,0.6,3.19,1.24,1,0,7,2,1,4,3,2,0,2,0.4428,0.0,1.3273,0.8697,0.0274,0.3,0.1199,0.1109,0.0,0.1068,9,8,1,0,1,1,1,0,0,1,1.3325,0.5603,0.2824,0.0,0.0428,0.0387,0.2595,0.0,0.0,0.7884,12,10,13.95,19.08
3787412,2022-06-26,usa,2022,MLS,,Armando Villarreal,546238,New York City FC,191716,Philadelphia Union,0,1,2,59,41,10,12,5,6,3,3,2,3,0,0,6,9,4,3,6,4,1,4,0,4,,,12,21,4,1,0,0,1,2,8,14,14,15,2,2,14,18,4,4,56,49,39.0,33.0,17.0,16.0,13.0,7.0,475,332,389.0,228.0,193,130,196,98,31.0,22.0,4.0,4.0,1.39,1.92,0.56,1.61,0.04,0.3,0.6,1.92,1.24,3.19,0,1,2,7,4,1,2,3,2,0,0.0,0.4428,0.8697,1.3273,0.3,0.0274,0.1109,0.1199,0.1068,0.0,8,9,0,1,1,1,0,1,1,0,0.5603,1.3325,0.0,0.2824,0.0387,0.0428,0.0,0.2595,0.7884,0.0,10,12,19.08,13.95
3787413,2022-06-26,usa,2022,MLS,,Joe Dickerson,867280,Los Angeles FC,6514,New York Red Bulls,1,2,0,54,46,12,16,5,4,5,8,2,4,0,1,10,8,2,8,3,10,2,0,1,0,,,10,11,1,1,0,0,2,0,20,23,9,9,4,2,30,17,4,3,70,68,47.0,38.0,23.0,30.0,18.0,7.0,383,315,282.0,201.0,125,80,157,121,30.0,21.0,1.0,4.0,1.69,0.62,1.67,0.3,0.02,0.32,1.69,0.62,1.99,0.24,1,0,5,5,4,3,0,5,2,3,0.6004,0.0,0.8456,0.2625,0.1991,0.1174,0.0,0.1763,0.0436,0.0675,9,10,2,0,1,2,0,4,0,0,1.3396,0.3013,0.3304,0.0,0.0186,0.2111,0.0,0.1112,0.0,0.0,12,16,15.27,23.03
3787413,2022-06-26,usa,2022,MLS,,Joe Dickerson,6514,New York Red Bulls,867280,Los Angeles FC,0,0,2,46,54,16,12,4,5,8,5,4,2,1,0,8,10,8,2,10,3,0,2,0,1,,,11,10,1,1,0,0,0,2,23,20,9,9,2,4,17,30,3,4,68,70,38.0,47.0,30.0,23.0,7.0,18.0,315,383,201.0,282.0,80,125,121,157,21.0,30.0,4.0,1.0,0.62,1.69,0.3,1.67,0.32,0.02,0.62,1.69,0.24,1.99,0,1,5,5,3,4,5,0,3,2,0.0,0.6004,0.2625,0.8456,0.1174,0.1991,0.1763,0.0,0.0675,0.0436,10,9,0,2,2,1,4,0,0,0,0.3013,1.3396,0.0,0.3304,0.2111,0.0186,0.1112,0.0,0.0,0.0,16,12,23.03,15.27
3787414,2022-06-26,usa,2022,MLS,,Rosendo Mendoza,307690,Portland Timbers,8314,Colorado Rapids,1,3,0,54,46,19,19,7,5,8,12,4,2,1,0,14,14,5,5,2,10,4,2,1,2,,,16,9,1,3,0,0,1,1,9,11,11,8,3,4,22,18,4,4,42,50,27.0,36.0,15.0,14.0,9.0,9.0,443,350,380.0,292.0,201,150,179,142,30.0,25.0,3.0,6.0,3.12,1.46,2.26,1.03,0.07,0.44,2.33,1.46,3.4,0.94,1,4,10,5,3,5,4,4,1,1,0.8024,0.8086,2.0578,0.3003,0.1227,0.2815,0.1226,0.17,0.0144,0.0272,14,10,1,0,2,4,1,5,1,0,2.1565,1.1319,0.105,0.0,0.0432,0.1231,0.0268,0.3326,0.7884,0.0,19,19,16.19,15.84
3787414,2022-06-26,usa,2022,MLS,,Rosendo Mendoza,8314,Colorado Rapids,307690,Portland Timbers,0,0,3,46,54,19,19,5,7,12,8,2,4,0,1,14,14,5,5,10,2,2,4,2,1,,,9,16,3,1,0,0,1,1,11,9,8,11,4,3,18,22,4,4,50,42,36.0,27.0,14.0,15.0,9.0,9.0,350,443,292.0,380.0,150,201,142,179,25.0,30.0,6.0,3.0,1.46,3.12,1.03,2.26,0.44,0.07,1.46,2.33,0.94,3.4,4,1,5,10,5,3,4,4,1,1,0.8086,0.8024,0.3003,2.0578,0.2815,0.1227,0.17,0.1226,0.0272,0.0144,10,14,0,1,4,2,5,1,0,1,1.1319,2.1565,0.0,0.105,0.1231,0.0432,0.3326,0.0268,0.0,0.7884,19,19,15.84,16.19
3787416,2022-06-26,usa,2022,MLS,,Mark Allatin,6606,Real Salt Lake,6001,Columbus Crew,1,0,0,52,48,11,5,4,1,6,3,1,1,1,0,6,4,5,1,8,5,1,0,1,0,,,16,11,1,1,0,0,1,0,8,11,6,11,1,1,15,22,1,4,38,44,30.0,32.0,8.0,12.0,11.0,6.0,420,403,364.0,336.0,185,195,179,141,32.0,28.0,4.0,3.0,0.71,0.53,0.54,0.31,0.17,0.22,0.71,0.53,0.92,0.02,0,1,3,2,3,1,0,1,5,0,0.0,0.1814,0.2595,0.2217,0.3072,0.1018,0.0,0.0272,0.1465,0.0,9,3,0,0,1,2,1,0,0,0,0.5429,0.3104,0.0,0.0,0.0651,0.2217,0.1053,0.0,0.0,0.0,11,5,19.99,15.41
3787416,2022-06-26,usa,2022,MLS,,Mark Allatin,6001,Columbus Crew,6606,Real Salt Lake,0,0,0,48,52,5,11,1,4,3,6,1,1,0,1,4,6,1,5,5,8,0,1,0,1,,,11,16,1,1,0,0,0,1,11,8,11,6,1,1,22,15,4,1,44,38,32.0,30.0,12.0,8.0,6.0,11.0,403,420,336.0,364.0,195,185,141,179,28.0,32.0,3.0,4.0,0.53,0.71,0.31,0.54,0.22,0.17,0.53,0.71,0.02,0.92,1,0,2,3,1,3,1,0,0,5,0.1814,0.0,0.2217,0.2595,0.1018,0.3072,0.0272,0.0,0.0,0.1465,3,9,0,0,2,1,0,1,0,0,0.3104,0.5429,0.0,0.0,0.2217,0.0651,0.0,0.1053,0.0,0.0,5,11,15.41,19.99
3787417,2022-06-26,usa,2022,MLS,,Allen Chapman,1218886,Austin FC,6399,FC Dallas,1,2,2,63,37,18,12,4,6,8,5,6,1,0,0,12,10,6,2,4,4,1,4,0,2,,,11,11,3,1,0,0,0,1,9,22,10,7,1,6,10,28,4,2,37,46,26.0,36.0,11.0,10.0,6.0,4.0,483,287,412.0,207.0,188,126,224,81,37.0,29.0,7.0,4.0,1.63,1.99,1.08,1.73,0.55,0.27,1.63,1.99,0.62,2.05,1,2,10,5,1,3,4,1,2,1,0.4217,0.8967,0.913,0.7122,0.0827,0.3479,0.1639,0.0834,0.0491,0.029,9,8,1,1,0,3,8,0,0,0,0.9991,1.6217,0.0827,0.1818,0.0,0.2657,0.5486,0.0,0.0,0.0,18,12,16.21,13.66
3787417,2022-06-26,usa,2022,MLS,,Allen Chapman,6399,FC Dallas,1218886,Austin FC,0,2,2,37,63,12,18,6,4,5,8,1,6,0,0,10,12,2,6,4,4,4,1,2,0,,,11,11,1,3,0,0,1,0,22,9,7,10,6,1,28,10,2,4,46,37,36.0,26.0,10.0,11.0,4.0,6.0,287,483,207.0,412.0,126,188,81,224,29.0,37.0,4.0,7.0,1.99,1.63,1.73,1.08,0.27,0.55,1.99,1.63,2.05,0.62,2,1,5,10,3,1,1,4,1,2,0.8967,0.4217,0.7122,0.913,0.3479,0.0827,0.0834,0.1639,0.029,0.0491,8,9,1,1,3,0,0,8,0,0,1.6217,0.9991,0.1818,0.0827,0.2657,0.0,0.0,0.5486,0.0,0.0,12,18,13.66,16.21
3787429,2022-06-26,usa,2022,MLS,,Víctor Rivas,960720,Inter Miami CF,207242,Minnesota United,1,2,1,55,45,16,10,8,1,6,5,2,4,0,0,11,6,5,4,5,6,3,1,2,0,28,20,13,10,3,4,0,0,1,3,17,12,4,8,4,2,17,22,0,6,46,45,34.0,34.0,12.0,11.0,7.0,10.0,441,363,365.0,299.0,180,159,185,140,30.0,26.0,7.0,1.0,1.62,0.84,1.11,0.72,0.51,0.12,1.62,0.84,2.14,0.9,1,1,8,4,2,1,4,1,1,3,0.2958,0.3708,1.0286,0.2787,0.1217,0.031,0.135,0.0163,0.0421,0.1433,12,6,0,1,2,0,2,3,0,0,1.1443,0.6529,0.0,0.0652,0.3749,0.0,0.104,0.1221,0.0,0.0,16,10,16.23,17.35
3787429,2022-06-26,usa,2022,MLS,,Víctor Rivas,207242,Minnesota United,960720,Inter Miami CF,0,1,2,45,55,10,16,1,8,5,6,4,2,0,0,6,11,4,5,6,5,1,3,0,2,20,28,10,13,4,3,0,0,3,1,12,17,8,4,2,4,22,17,6,0,45,46,34.0,34.0,11.0,12.0,10.0,7.0,363,441,299.0,365.0,159,180,140,185,26.0,30.0,1.0,7.0,0.84,1.62,0.72,1.11,0.12,0.51,0.84,1.62,0.9,2.14,1,1,4,8,1,2,1,4,3,1,0.3708,0.2958,0.2787,1.0286,0.031,0.1217,0.0163,0.135,0.1433,0.0421,6,12,1,0,0,2,3,2,0,0,0.6529,1.1443,0.0652,0.0,0.0,0.3749,0.1221,0.104,0.0,0.0,10,16,17.35,16.23
3787430,2022-06-26,usa,2022,MLS,,Ismir Pekmic,8259,Houston Dynamo FC,6397,Chicago Fire FC,1,2,0,53,47,11,17,5,4,4,9,2,4,0,0,9,13,2,4,5,4,3,2,2,2,,,11,14,4,2,0,0,3,2,22,14,11,6,4,2,21,19,4,3,50,45,42.0,33.0,8.0,12.0,6.0,9.0,486,429,420.0,359.0,244,174,176,185,25.0,15.0,5.0,9.0,1.75,2.05,1.73,1.49,0.02,0.56,1.75,2.05,1.98,1.38,0,4,8,8,1,1,2,1,0,3,0.0,1.2405,1.6472,0.5413,0.0508,0.1046,0.0518,0.0619,0.0,0.1022,9,13,1,0,1,2,0,2,0,0,1.4952,1.5508,0.232,0.0,0.0225,0.0968,0.0,0.4029,0.0,0.0,11,17,14.54,15.01
3787430,2022-06-26,usa,2022,MLS,,Ismir Pekmic,6397,Chicago Fire FC,8259,Houston Dynamo FC,0,0,2,47,53,17,11,4,5,9,4,4,2,0,0,13,9,4,2,4,5,2,3,2,2,,,14,11,2,4,0,0,2,3,14,22,6,11,2,4,19,21,3,4,45,50,33.0,42.0,12.0,8.0,9.0,6.0,429,486,359.0,420.0,174,244,185,176,15.0,25.0,9.0,5.0,2.05,1.75,1.49,1.73,0.56,0.02,2.05,1.75,1.38,1.98,4,0,8,8,1,1,1,2,3,0,1.2405,0.0,0.5413,1.6472,0.1046,0.0508,0.0619,0.0518,0.1022,0.0,13,9,0,1,2,1,2,0,0,0,1.5508,1.4952,0.0,0.232,0.0968,0.0225,0.4029,0.0,0.0,0.0,17,11,15.01,14.54
3787504,2022-06-27,usa,2022,MLS,,Filip Dujic,307691,Vancouver Whitecaps,6580,New England Revolution,1,0,0,41,59,16,16,6,2,5,10,5,4,0,1,7,9,9,7,4,4,1,1,1,1,,,9,10,1,1,0,0,1,2,12,7,9,2,4,5,15,17,2,6,32,27,29.0,19.0,3.0,8.0,7.0,4.0,396,572,331.0,507.0,141,317,190,190,27.0,38.0,3.0,7.0,1.18,1.21,1.08,0.97,0.1,0.24,1.18,1.21,1.67,0.24,1,0,2,7,4,2,5,4,4,3,0.2546,0.0,0.1945,0.7377,0.3085,0.123,0.3054,0.2187,0.1143,0.1318,15,12,0,0,0,3,1,1,0,0,1.0798,0.9743,0.0,0.0,0.0,0.1494,0.0975,0.0874,0.0,0.0,16,16,20.6,18.24
3787504,2022-06-27,usa,2022,MLS,,Filip Dujic,6580,New England Revolution,307691,Vancouver Whitecaps,0,0,0,59,41,16,16,2,6,10,5,4,5,1,0,9,7,7,9,4,4,1,1,1,1,,,10,9,1,1,0,0,2,1,7,12,2,9,5,4,17,15,6,2,27,32,19.0,29.0,8.0,3.0,4.0,7.0,572,396,507.0,331.0,317,141,190,190,38.0,27.0,7.0,3.0,1.21,1.18,0.97,1.08,0.24,0.1,1.21,1.18,0.24,1.67,0,1,7,2,2,4,4,5,3,4,0.0,0.2546,0.7377,0.1945,0.123,0.3085,0.2187,0.3054,0.1318,0.1143,12,15,0,0,3,0,1,1,0,0,0.9743,1.0798,0.0,0.0,0.1494,0.0,0.0874,0.0975,0.0,0.0,16,16,18.24,20.6
3787411,2022-06-29,usa,2022,MLS,,Ismir Pekmic,722265,FC Cincinnati,546238,New York City FC,1,4,4,45,55,16,13,10,7,4,4,2,2,1,0,14,8,2,5,7,3,6,4,4,1,,,14,9,3,2,0,0,1,1,16,12,8,3,3,2,10,16,2,6,52,41,34.0,31.0,18.0,10.0,9.0,7.0,401,490,318.0,412.0,109,199,209,213,26.0,19.0,4.0,4.0,2.08,2.73,1.9,0.9,0.17,1.04,2.08,1.94,3.47,3.79,3,2,10,7,1,0,2,3,0,1,0.4642,0.7152,1.673,1.6439,0.0722,0.0,0.089,0.3304,0.0,0.0406,14,6,0,0,2,3,0,3,0,1,1.9131,0.8989,0.0,0.0,0.3853,0.5297,0.0,0.513,0.0,0.7884,16,13,11.77,14.25
3787411,2022-06-29,usa,2022,MLS,,Ismir Pekmic,546238,New York City FC,722265,FC Cincinnati,0,4,4,55,45,13,16,7,10,4,4,2,2,0,1,8,14,5,2,3,7,4,6,1,4,,,9,14,2,3,0,0,1,1,12,16,3,8,2,3,16,10,6,2,41,52,31.0,34.0,10.0,18.0,7.0,9.0,490,401,412.0,318.0,199,109,213,209,19.0,26.0,4.0,4.0,2.73,2.08,0.9,1.9,1.04,0.17,1.94,2.08,3.79,3.47,2,3,7,10,0,1,3,2,1,0,0.7152,0.4642,1.6439,1.673,0.0,0.0722,0.3304,0.089,0.0406,0.0,6,14,0,0,3,2,3,0,1,0,0.8989,1.9131,0.0,0.0,0.5297,0.3853,0.513,0.0,0.7884,0.0,13,16,14.25,11.77
3787503,2022-06-29,usa,2022,MLS,,Armando Villarreal,56453,Toronto FC,6001,Columbus Crew,1,1,2,64,36,19,10,7,3,7,5,5,2,0,0,14,5,5,5,6,4,5,1,4,0,,,8,6,2,2,0,0,1,0,20,23,13,17,2,5,7,22,1,6,53,50,45.0,42.0,8.0,8.0,19.0,11.0,716,406,636.0,330.0,218,172,418,158,14.0,25.0,1.0,3.0,1.69,0.77,1.53,0.64,0.16,0.13,1.69,0.77,2.12,1.14,0,0,9,2,5,3,4,3,1,2,0.0,0.0,1.2321,0.3924,0.2332,0.2309,0.1962,0.117,0.0274,0.0323,16,8,0,1,2,0,1,1,0,0,1.5269,0.3709,0.0,0.2719,0.0925,0.0,0.0696,0.1298,0.0,0.0,19,10,16.13,20.54
3787503,2022-06-29,usa,2022,MLS,,Armando Villarreal,6001,Columbus Crew,56453,Toronto FC,0,2,1,36,64,10,19,3,7,5,7,2,5,0,0,5,14,5,5,4,6,1,5,0,4,,,6,8,2,2,0,0,0,1,23,20,17,13,5,2,22,7,6,1,50,53,42.0,45.0,8.0,8.0,11.0,19.0,406,716,330.0,636.0,172,218,158,418,25.0,14.0,3.0,1.0,0.77,1.69,0.64,1.53,0.13,0.16,0.77,1.69,1.14,2.12,0,0,2,9,3,5,3,4,2,1,0.0,0.0,0.3924,1.2321,0.2309,0.2332,0.117,0.1962,0.0323,0.0274,8,16,1,0,0,2,1,1,0,0,0.3709,1.5269,0.2719,0.0,0.0,0.0925,0.1298,0.0696,0.0,0.0,10,19,20.54,16.13
3787410,2022-06-30,usa,2022,MLS,,Michael Radchuk,6397,Chicago Fire FC,191716,Philadelphia Union,1,1,0,57,43,14,8,3,2,7,6,4,0,1,0,6,3,8,5,7,4,1,1,1,1,,,12,13,1,3,0,1,2,1,12,18,10,11,0,4,22,24,2,2,45,62,28.0,37.0,17.0,25.0,3.0,7.0,455,345,352.0,244.0,158,127,194,117,43.0,28.0,6.0,7.0,0.71,0.48,0.46,0.38,0.25,0.1,0.71,0.48,0.85,0.15,0,0,5,3,1,0,6,4,2,1,0.0,0.0,0.3725,0.2925,0.0384,0.0,0.217,0.149,0.0808,0.0397,9,5,0,0,3,1,2,2,0,0,0.4585,0.3816,0.0,0.0,0.1915,0.0153,0.0587,0.0842,0.0,0.0,14,8,20.56,17.1
3787410,2022-06-30,usa,2022,MLS,,Michael Radchuk,191716,Philadelphia Union,6397,Chicago Fire FC,0,0,1,43,57,8,14,2,3,6,7,0,4,0,1,3,6,5,8,4,7,1,1,1,1,,,13,12,3,1,1,0,1,2,18,12,11,10,4,0,24,22,2,2,62,45,37.0,28.0,25.0,17.0,7.0,3.0,345,455,244.0,352.0,127,158,117,194,28.0,43.0,7.0,6.0,0.48,0.71,0.38,0.46,0.1,0.25,0.48,0.71,0.15,0.85,0,0,3,5,0,1,4,6,1,2,0.0,0.0,0.2925,0.3725,0.0,0.0384,0.149,0.217,0.0397,0.0808,5,9,0,0,1,3,2,2,0,0,0.3816,0.4585,0.0,0.0,0.0153,0.1915,0.0842,0.0587,0.0,0.0,8,14,17.1,20.56
3787418,2022-06-30,usa,2022,MLS,,Marcos de Oliveira,867280,Los Angeles FC,6399,FC Dallas,1,3,1,48,52,16,12,9,3,7,5,0,4,0,0,10,4,6,8,5,4,3,0,1,0,,,13,13,1,2,0,0,0,1,9,12,11,7,4,0,12,12,2,6,47,42,28.0,33.0,19.0,9.0,7.0,8.0,417,454,338.0,365.0,164,235,174,130,32.0,21.0,3.0,2.0,1.9,0.63,1.65,0.49,0.25,0.14,1.9,0.63,2.59,0.41,1,1,7,2,2,1,4,4,2,4,0.1621,0.0348,1.4555,0.1286,0.1331,0.1052,0.1612,0.2036,0.0401,0.153,13,7,1,0,1,3,1,2,0,0,1.2429,0.4871,0.4633,0.0,0.1621,0.0768,0.0837,0.0614,0.0,0.0,16,12,17.77,20.94
3787418,2022-06-30,usa,2022,MLS,,Marcos de Oliveira,6399,FC Dallas,867280,Los Angeles FC,0,1,3,52,48,12,16,3,9,5,7,4,0,0,0,4,10,8,6,4,5,0,3,0,1,,,13,13,2,1,0,0,1,0,12,9,7,11,0,4,12,12,6,2,42,47,33.0,28.0,9.0,19.0,8.0,7.0,454,417,365.0,338.0,235,164,130,174,21.0,32.0,2.0,3.0,0.63,1.9,0.49,1.65,0.14,0.25,0.63,1.9,0.41,2.59,1,1,2,7,1,2,4,4,4,2,0.0348,0.1621,0.1286,1.4555,0.1052,0.1331,0.2036,0.1612,0.153,0.0401,7,13,0,1,3,1,2,1,0,0,0.4871,1.2429,0.0,0.4633,0.0768,0.1621,0.0614,0.0837,0.0,0.0,12,16,20.94,17.77
3787419,2022-06-30,usa,2022,MLS,,Lukasz Szpala,307690,Portland Timbers,8259,Houston Dynamo FC,1,2,1,39,61,11,24,4,6,4,9,3,9,1,1,8,18,3,6,5,9,1,3,0,3,,,18,11,4,4,1,0,1,2,14,12,7,11,9,3,26,17,5,2,43,60,33.0,47.0,10.0,13.0,8.0,17.0,325,488,258.0,434.0,121,155,137,279,21.0,47.0,4.0,9.0,1.38,2.19,0.33,1.7,0.26,0.49,0.59,2.19,1.44,1.95,1,4,5,11,2,3,2,4,1,2,0.1401,0.7063,1.0555,1.1135,0.0838,0.146,0.0776,0.1771,0.0179,0.0454,5,17,1,0,2,2,2,5,1,0,0.2243,1.7026,0.1056,0.0,0.206,0.0506,0.0507,0.4351,0.7884,0.0,11,24,15.75,14.78
3787419,2022-06-30,usa,2022,MLS,,Lukasz Szpala,8259,Houston Dynamo FC,307690,Portland Timbers,0,1,2,61,39,24,11,6,4,9,4,9,3,1,1,18,8,6,3,9,5,3,1,3,0,,,11,18,4,4,0,1,2,1,12,14,11,7,3,9,17,26,2,5,60,43,47.0,33.0,13.0,10.0,17.0,8.0,488,325,434.0,258.0,155,121,279,137,47.0,21.0,9.0,4.0,2.19,1.38,1.7,0.33,0.49,0.26,2.19,0.59,1.95,1.44,4,1,11,5,3,2,4,2,2,1,0.7063,0.1401,1.1135,1.0555,0.146,0.0838,0.1771,0.0776,0.0454,0.0179,17,5,0,1,2,2,5,2,0,1,1.7026,0.2243,0.0,0.1056,0.0506,0.206,0.4351,0.0507,0.0,0.7884,24,11,14.78,15.75
3787420,2022-06-30,usa,2022,MLS,,Timothy Ford,1323940,Charlotte FC,1218886,Austin FC,1,0,1,64,36,9,5,2,2,4,2,3,1,0,0,2,2,7,3,3,2,0,0,0,0,,,5,13,0,0,0,0,2,0,18,9,10,6,1,3,8,21,1,2,56,37,42.0,27.0,14.0,10.0,10.0,14.0,532,309,444.0,221.0,244,125,200,96,29.0,24.0,0.0,1.0,0.53,0.38,0.41,0.23,0.13,0.15,0.53,0.38,0.26,0.36,0,0,2,1,0,1,6,3,1,0,0.0,0.0,0.2075,0.1169,0.0,0.1203,0.3009,0.1432,0.0259,0.0,6,4,1,0,1,1,1,0,0,0,0.356,0.2636,0.0504,0.0,0.0374,0.1169,0.0904,0.0,0.0,0.0,9,5,22.18,20.76
3787420,2022-06-30,usa,2022,MLS,,Timothy Ford,1218886,Austin FC,1323940,Charlotte FC,0,1,0,36,64,5,9,2,2,2,4,1,3,0,0,2,2,3,7,2,3,0,0,0,0,,,13,5,0,0,0,0,0,2,9,18,6,10,3,1,21,8,2,1,37,56,27.0,42.0,10.0,14.0,14.0,10.0,309,532,221.0,444.0,125,244,96,200,24.0,29.0,1.0,0.0,0.38,0.53,0.23,0.41,0.15,0.13,0.38,0.53,0.36,0.26,0,0,1,2,1,0,3,6,0,1,0.0,0.0,0.1169,0.2075,0.1203,0.0,0.1432,0.3009,0.0,0.0259,4,6,0,1,1,1,0,1,0,0,0.2636,0.356,0.0,0.0504,0.1169,0.0374,0.0,0.0904,0.0,0.0,5,9,20.76,22.18
3787502,2022-06-30,usa,2022,MLS,,Joe Dickerson,130394,Seattle Sounders FC,161195,CF Montreal,1,1,2,52,48,11,13,5,5,3,6,3,2,0,0,10,9,1,4,4,5,0,3,0,2,,,8,7,2,2,0,0,2,0,14,5,9,11,2,3,14,17,3,4,39,30,29.0,24.0,10.0,6.0,8.0,11.0,535,506,455.0,427.0,265,207,190,220,28.0,26.0,4.0,5.0,0.93,1.4,0.63,1.26,0.3,0.14,0.93,1.4,0.82,1.47,0,2,8,3,2,4,0,3,1,1,0.0,0.5637,0.8185,0.363,0.0672,0.2476,0.0,0.1982,0.0466,0.0281,6,10,1,1,3,2,1,0,0,0,0.3631,1.1422,0.2661,0.1166,0.24,0.1418,0.063,0.0,0.0,0.0,11,13,13.58,15.83
3787502,2022-06-30,usa,2022,MLS,,Joe Dickerson,161195,CF Montreal,130394,Seattle Sounders FC,0,2,1,48,52,13,11,5,5,6,3,2,3,0,0,9,10,4,1,5,4,3,0,2,0,,,7,8,2,2,0,0,0,2,5,14,11,9,3,2,17,14,4,3,30,39,24.0,29.0,6.0,10.0,11.0,8.0,506,535,427.0,455.0,207,265,220,190,26.0,28.0,5.0,4.0,1.4,0.93,1.26,0.63,0.14,0.3,1.4,0.93,1.47,0.82,2,0,3,8,4,2,3,0,1,1,0.5637,0.0,0.363,0.8185,0.2476,0.0672,0.1982,0.0,0.0281,0.0466,10,6,1,1,2,3,0,1,0,0,1.1422,0.3631,0.1166,0.2661,0.1418,0.24,0.0,0.063,0.0,0.0,13,11,15.83,13.58
3787561,2022-06-30,usa,2022,MLS,,Ted Unkel,6637,LA Galaxy,207242,Minnesota United,1,2,3,52,48,16,10,7,6,6,2,3,2,0,1,12,7,4,3,11,2,5,3,3,2,,,15,12,1,3,2,1,0,1,10,10,9,11,2,3,9,31,3,5,40,37,30.0,34.0,10.0,3.0,8.0,9.0,470,448,387.0,381.0,168,236,219,145,22.0,22.0,6.0,2.0,2.71,1.21,1.34,1.21,0.59,0.0,1.92,1.21,2.91,2.63,3,0,7,5,2,2,4,2,0,1,0.8147,0.0,1.5507,1.0256,0.1513,0.0807,0.1951,0.0618,0.0,0.0416,8,8,1,2,5,0,1,0,1,0,1.2949,0.8239,0.0427,0.3858,0.5242,0.0,0.0616,0.0,0.7884,0.0,16,10,13.54,17.6
3787561,2022-06-30,usa,2022,MLS,,Ted Unkel,207242,Minnesota United,6637,LA Galaxy,0,3,2,48,52,10,16,6,7,2,6,2,3,1,0,7,12,3,4,2,11,3,5,2,3,,,12,15,3,1,1,2,1,0,10,10,11,9,3,2,31,9,5,3,37,40,34.0,30.0,3.0,10.0,9.0,8.0,448,470,381.0,387.0,236,168,145,219,22.0,22.0,2.0,6.0,1.21,2.71,1.21,1.34,0.0,0.59,1.21,1.92,2.63,2.91,0,3,5,7,2,2,2,4,1,0,0.0,0.8147,1.0256,1.5507,0.0807,0.1513,0.0618,0.1951,0.0416,0.0,8,8,2,1,0,5,0,1,0,1,0.8239,1.2949,0.3858,0.0427,0.0,0.5242,0.0,0.0616,0.0,0.7884,10,16,17.6,13.54
3787427,2022-07-01,usa,2022,MLS,,Alex Chilowicz,6514,New York Red Bulls,773958,Atlanta United,1,2,1,42,58,16,8,3,4,8,3,5,1,0,0,8,5,8,3,7,2,2,3,0,2,,,7,13,3,3,0,0,3,1,24,21,9,7,2,5,8,29,2,1,63,52,48.0,43.0,15.0,9.0,12.0,15.0,350,501,255.0,409.0,105,302,150,107,23.0,33.0,3.0,4.0,1.83,1.28,0.98,1.28,0.06,0.0,1.04,1.28,1.54,1.35,0,2,5,2,3,1,7,1,1,2,0.0,1.1676,1.4847,0.253,0.1265,0.0632,0.1846,0.0817,0.0352,0.0505,11,7,0,1,3,0,1,0,1,0,0.9777,1.5307,0.0,0.0852,0.0458,0.0,0.0191,0.0,0.7884,0.0,16,8,19.11,15.07
3787427,2022-07-01,usa,2022,MLS,,Alex Chilowicz,773958,Atlanta United,6514,New York Red Bulls,0,1,2,58,42,8,16,4,3,3,8,1,5,0,0,5,8,3,8,2,7,3,2,2,0,,,13,7,3,3,0,0,1,3,21,24,7,9,5,2,29,8,1,2,52,63,43.0,48.0,9.0,15.0,15.0,12.0,501,350,409.0,255.0,302,105,107,150,33.0,23.0,4.0,3.0,1.28,1.83,1.28,0.98,0.0,0.06,1.28,1.04,1.35,1.54,2,0,2,5,1,3,1,7,2,1,1.1676,0.0,0.253,1.4847,0.0632,0.1265,0.0817,0.1846,0.0505,0.0352,7,11,1,0,0,3,0,1,0,1,1.5307,0.9777,0.0852,0.0,0.0,0.0458,0.0,0.0191,0.0,0.7884,8,16,15.07,19.11
3787501,2022-07-02,usa,2022,MLS,,Silviu Petrescu,56453,Toronto FC,130394,Seattle Sounders FC,1,0,2,62,38,13,11,6,4,6,5,1,2,0,1,8,7,5,4,6,3,2,3,2,1,,,9,16,1,4,0,0,3,1,23,25,10,9,1,1,15,16,2,6,53,52,47.0,46.0,6.0,6.0,10.0,12.0,624,379,554.0,301.0,219,166,335,135,23.0,26.0,4.0,2.0,1.23,1.88,0.81,1.88,0.43,0.0,1.23,1.88,1.06,1.63,0,0,6,6,2,1,4,2,1,2,0.0,0.0,0.8205,1.6822,0.1333,0.0614,0.2511,0.0633,0.0291,0.0746,8,11,0,0,3,0,2,0,0,0,0.8061,1.8816,0.0,0.0,0.2491,0.0,0.1788,0.0,0.0,0.0,13,11,17.43,18.39
3787501,2022-07-02,usa,2022,MLS,,Silviu Petrescu,130394,Seattle Sounders FC,56453,Toronto FC,0,2,0,38,62,11,13,4,6,5,6,2,1,1,0,7,8,4,5,3,6,3,2,1,2,,,16,9,4,1,0,0,1,3,25,23,9,10,1,1,16,15,6,2,52,53,46.0,47.0,6.0,6.0,12.0,10.0,379,624,301.0,554.0,166,219,135,335,26.0,23.0,2.0,4.0,1.88,1.23,1.88,0.81,0.0,0.43,1.88,1.23,1.63,1.06,0,0,6,6,1,2,2,4,2,1,0.0,0.0,1.6822,0.8205,0.0614,0.1333,0.0633,0.2511,0.0746,0.0291,11,8,0,0,0,3,0,2,0,0,1.8816,0.8061,0.0,0.0,0.0,0.2491,0.0,0.1788,0.0,0.0,11,13,18.39,17.43
3787497,2022-07-03,usa,2022,MLS,,Jon Freemon,6580,New England Revolution,722265,FC Cincinnati,1,2,2,55,45,17,12,7,3,6,3,4,6,0,0,10,10,7,2,3,4,1,2,1,1,23,28,7,13,1,2,0,0,5,0,9,17,13,11,6,4,16,24,3,5,43,38,29.0,27.0,14.0,11.0,9.0,4.0,505,414,426.0,319.0,234,128,192,191,33.0,18.0,2.0,4.0,2.12,1.69,1.72,1.69,0.4,0.0,2.12,1.69,2.7,1.13,1,1,6,6,3,3,1,2,6,0,0.3651,0.364,0.8861,0.554,0.3715,0.22,0.1167,0.2603,0.3803,0.0,14,12,1,0,0,0,2,0,0,0,1.4048,1.3983,0.3149,0.0,0.0,0.0,0.3999,0.0,0.0,0.0,17,12,18.94,15.1
3787497,2022-07-03,usa,2022,MLS,,Jon Freemon,722265,FC Cincinnati,6580,New England Revolution,0,2,2,45,55,12,17,3,7,3,6,6,4,0,0,10,10,2,7,4,3,2,1,1,1,28,23,13,7,2,1,0,0,0,5,17,9,11,13,4,6,24,16,5,3,38,43,27.0,29.0,11.0,14.0,4.0,9.0,414,505,319.0,426.0,128,234,191,192,18.0,33.0,4.0,2.0,1.69,2.12,1.69,1.72,0.0,0.4,1.69,2.12,1.13,2.7,1,1,6,6,3,3,2,1,0,6,0.364,0.3651,0.554,0.8861,0.22,0.3715,0.2603,0.1167,0.0,0.3803,12,14,0,1,0,0,0,2,0,0,1.3983,1.4048,0.0,0.3149,0.0,0.0,0.0,0.3999,0.0,0.0,12,17,15.1,18.94
3787498,2022-07-03,usa,2022,MLS,,Nima Saghafi,6001,Columbus Crew,191716,Philadelphia Union,1,0,0,65,35,16,4,5,2,8,2,3,0,0,0,7,2,9,2,6,5,1,0,1,0,,,8,23,5,2,0,0,3,1,21,20,6,12,0,3,12,12,2,5,62,53,48.0,31.0,14.0,22.0,6.0,3.0,530,277,457.0,196.0,219,88,238,108,25.0,23.0,5.0,5.0,1.51,0.27,0.42,0.27,0.3,0.0,0.72,0.27,1.86,0.12,1,0,3,2,3,0,3,2,6,0,0.1949,0.0,0.9093,0.2249,0.1517,0.0,0.0797,0.046,0.1703,0.0,10,3,1,1,2,0,2,0,1,0,0.3567,0.2553,0.0611,0.0156,0.241,0.0,0.0588,0.0,0.7884,0.0,16,4,21.48,21.26
3787498,2022-07-03,usa,2022,MLS,,Nima Saghafi,191716,Philadelphia Union,6001,Columbus Crew,0,0,0,35,65,4,16,2,5,2,8,0,3,0,0,2,7,2,9,5,6,0,1,0,1,,,23,8,2,5,0,0,1,3,20,21,12,6,3,0,12,12,5,2,53,62,31.0,48.0,22.0,14.0,3.0,6.0,277,530,196.0,457.0,88,219,108,238,23.0,25.0,5.0,5.0,0.27,1.51,0.27,0.42,0.0,0.3,0.27,0.72,0.12,1.86,0,1,2,3,0,3,2,3,0,6,0.0,0.1949,0.2249,0.9093,0.0,0.1517,0.046,0.0797,0.0,0.1703,3,10,1,1,0,2,0,2,0,1,0.2553,0.3567,0.0156,0.0611,0.0,0.241,0.0,0.0588,0.0,0.7884,4,16,21.26,21.48
3787499,2022-07-03,usa,2022,MLS,,Rosendo Mendoza,546238,New York City FC,773958,Atlanta United,1,2,2,50,50,13,13,3,8,7,4,3,1,1,0,12,10,1,3,6,3,6,2,4,1,,,14,7,4,2,0,0,1,1,20,25,6,11,1,4,6,25,6,0,36,54,30.0,49.0,6.0,5.0,4.0,10.0,451,472,369.0,393.0,146,225,223,168,32.0,28.0,5.0,2.0,2.21,1.54,2.12,1.25,0.09,0.28,2.21,1.54,0.74,2.5,0,1,9,4,3,5,0,2,1,1,0.0,0.2842,1.975,0.693,0.2074,0.4219,0.0,0.0955,0.0229,0.0409,12,11,0,1,1,1,0,0,0,0,2.1202,1.1367,0.0,0.1147,0.0852,0.2842,0.0,0.0,0.0,0.0,13,13,14.6,16.17
3787499,2022-07-03,usa,2022,MLS,,Rosendo Mendoza,773958,Atlanta United,546238,New York City FC,0,2,2,50,50,13,13,8,3,4,7,1,3,0,1,10,12,3,1,3,6,2,6,1,4,,,7,14,2,4,0,0,1,1,25,20,11,6,4,1,25,6,0,6,54,36,49.0,30.0,5.0,6.0,10.0,4.0,472,451,393.0,369.0,225,146,168,223,28.0,32.0,2.0,5.0,1.54,2.21,1.25,2.12,0.28,0.09,1.54,2.21,2.5,0.74,1,0,4,9,5,3,2,0,1,1,0.2842,0.0,0.693,1.975,0.4219,0.2074,0.0955,0.0,0.0409,0.0229,11,12,1,0,1,1,0,0,0,0,1.1367,2.1202,0.1147,0.0,0.2842,0.0852,0.0,0.0,0.0,0.0,13,13,16.17,14.6
3787664,2022-07-03,usa,2022,MLS,,Guido Gonzalez,307691,Vancouver Whitecaps,867280,Los Angeles FC,1,1,0,42,58,11,7,2,0,5,4,4,3,1,1,8,1,3,6,12,0,0,0,0,0,,,14,12,2,2,0,0,2,0,16,13,12,10,3,4,9,20,0,1,50,42,35.0,35.0,15.0,7.0,8.0,10.0,387,564,317.0,468.0,160,279,157,189,34.0,23.0,6.0,3.0,0.87,0.39,0.55,0.25,0.33,0.14,0.87,0.39,0.31,0.0,0,0,7,1,1,0,2,5,1,1,0.0,0.0,0.4029,0.0367,0.3707,0.0,0.0872,0.3349,0.0115,0.0168,4,4,0,0,6,0,1,3,0,0,0.5457,0.2511,0.0,0.0,0.2965,0.0,0.0301,0.1372,0.0,0.0,11,7,20.69,22.95
3787664,2022-07-03,usa,2022,MLS,,Guido Gonzalez,867280,Los Angeles FC,307691,Vancouver Whitecaps,0,0,1,58,42,7,11,0,2,4,5,3,4,1,1,1,8,6,3,0,12,0,0,0,0,,,12,14,2,2,0,0,0,2,13,16,10,12,4,3,20,9,1,0,42,50,35.0,35.0,7.0,15.0,10.0,8.0,564,387,468.0,317.0,279,160,189,157,23.0,34.0,3.0,6.0,0.39,0.87,0.25,0.55,0.14,0.33,0.39,0.87,0.0,0.31,0,0,1,7,0,1,5,2,1,1,0.0,0.0,0.0367,0.4029,0.0,0.3707,0.3349,0.0872,0.0168,0.0115,4,4,0,0,0,6,3,1,0,0,0.2511,0.5457,0.0,0.0,0.0,0.2965,0.1372,0.0301,0.0,0.0,7,11,22.95,20.69
3787492,2022-07-04,usa,2022,MLS,,Allen Chapman,267810,Orlando City,6602,DC United,1,3,5,73,27,18,9,7,6,7,3,4,0,1,0,12,7,6,2,9,2,3,2,1,0,,,11,14,1,1,0,0,0,0,11,17,10,11,0,3,8,37,1,4,44,50,34.0,30.0,10.0,20.0,11.0,4.0,585,221,514.0,137.0,201,73,313,64,34.0,13.0,2.0,2.0,2.41,1.45,1.46,1.18,0.16,0.28,1.62,1.45,2.7,2.84,0,3,6,3,6,1,5,1,1,1,0.0,0.5943,1.7774,0.6649,0.5043,0.0135,0.176,0.1498,0.0286,0.03,16,6,0,0,0,2,1,1,1,0,1.5425,1.1772,0.0,0.0,0.0,0.2453,0.1554,0.03,0.7884,0.0,18,9,17.84,13.86
3787492,2022-07-04,usa,2022,MLS,,Allen Chapman,6602,DC United,267810,Orlando City,0,5,3,27,73,9,18,6,7,3,7,0,4,0,1,7,12,2,6,2,9,2,3,0,1,,,14,11,1,1,0,0,0,0,17,11,11,10,3,0,37,8,4,1,50,44,30.0,34.0,20.0,10.0,4.0,11.0,221,585,137.0,514.0,73,201,64,313,13.0,34.0,2.0,2.0,1.45,2.41,1.18,1.46,0.28,0.16,1.45,1.62,2.84,2.7,3,0,3,6,1,6,1,5,1,1,0.5943,0.0,0.6649,1.7774,0.0135,0.5043,0.1498,0.176,0.03,0.0286,6,16,0,0,2,0,1,1,0,1,1.1772,1.5425,0.0,0.0,0.2453,0.0,0.03,0.1554,0.0,0.7884,9,18,13.86,17.84
3787493,2022-07-04,usa,2022,MLS,,Víctor Rivas,6603,San Jose Earthquakes,6397,Chicago Fire FC,1,2,1,56,44,22,18,8,6,9,6,5,6,3,0,14,12,8,6,4,5,6,3,4,2,,,11,17,3,2,0,0,2,0,13,28,10,6,6,5,15,14,5,6,48,52,41.0,42.0,7.0,10.0,12.0,4.0,381,299,310.0,215.0,151,112,159,103,31.0,21.0,6.0,4.0,2.59,1.66,2.55,1.52,0.04,0.14,2.59,1.66,2.8,3.19,1,0,10,9,3,3,7,5,1,1,0.4162,0.0,2.0255,1.2114,0.1576,0.1688,0.27,0.2402,0.0419,0.0383,20,15,0,0,1,1,1,2,0,0,2.8731,1.522,0.0,0.0,0.021,0.0412,0.0171,0.0956,0.0,0.0,22,18,17.13,16.6
3787493,2022-07-04,usa,2022,MLS,,Víctor Rivas,6397,Chicago Fire FC,6603,San Jose Earthquakes,0,1,2,44,56,18,22,6,8,6,9,6,5,0,3,12,14,6,8,5,4,3,6,2,4,,,17,11,2,3,0,0,0,2,28,13,6,10,5,6,14,15,6,5,52,48,42.0,41.0,10.0,7.0,4.0,12.0,299,381,215.0,310.0,112,151,103,159,21.0,31.0,4.0,6.0,1.66,2.59,1.52,2.55,0.14,0.04,1.66,2.59,3.19,2.8,0,1,9,10,3,3,5,7,1,1,0.0,0.4162,1.2114,2.0255,0.1688,0.1576,0.2402,0.27,0.0383,0.0419,15,20,0,0,1,1,2,1,0,0,1.522,2.8731,0.0,0.0,0.0412,0.021,0.0956,0.0171,0.0,0.0,18,22,16.6,17.13
3787494,2022-07-04,usa,2022,MLS,,Armando Villarreal,915807,Nashville SC,307690,Portland Timbers,1,2,2,47,53,13,16,9,5,2,6,2,5,0,1,8,6,5,10,1,6,2,3,1,1,,,8,13,1,2,0,0,3,0,22,4,9,12,5,2,16,13,3,7,50,30,39.0,19.0,11.0,11.0,4.0,7.0,415,478,352.0,422.0,174,154,178,268,43.0,30.0,6.0,4.0,1.21,1.93,1.06,1.1,0.14,0.04,1.21,1.14,2.21,2.5,0,0,5,3,3,3,1,8,4,2,0.0,0.0,0.6179,1.3742,0.3752,0.1864,0.0527,0.2983,0.1615,0.0705,9,12,0,1,0,1,4,1,0,1,1.0641,0.957,0.0,0.1401,0.0,0.0271,0.1431,0.0168,0.0,0.7884,13,16,17.26,21.25
3787494,2022-07-04,usa,2022,MLS,,Armando Villarreal,307690,Portland Timbers,915807,Nashville SC,0,2,2,53,47,16,13,5,9,6,2,5,2,1,0,6,8,10,5,6,1,3,2,1,1,,,13,8,2,1,0,0,0,3,4,22,12,9,2,5,13,16,7,3,30,50,19.0,39.0,11.0,11.0,7.0,4.0,478,415,422.0,352.0,154,174,268,178,30.0,43.0,4.0,6.0,1.93,1.21,1.1,1.06,0.04,0.14,1.14,1.21,2.5,2.21,0,0,3,5,3,3,8,1,2,4,0.0,0.0,1.3742,0.6179,0.1864,0.3752,0.2983,0.0527,0.0705,0.1615,12,9,1,0,1,0,1,4,1,0,0.957,1.0641,0.1401,0.0,0.0271,0.0,0.0168,0.1431,0.7884,0.0,16,13,21.25,17.26
3787495,2022-07-04,usa,2022,MLS,,Jair Marrufo,8259,Houston Dynamo FC,1323940,Charlotte FC,1,1,2,59,41,11,14,3,4,5,8,3,2,0,1,6,10,5,4,5,5,1,4,0,4,,,5,10,2,3,0,0,1,0,24,12,7,9,2,3,4,25,3,2,43,38,39.0,28.0,4.0,10.0,5.0,11.0,569,408,507.0,350.0,276,220,231,130,41.0,25.0,2.0,3.0,1.07,1.7,1.03,1.7,0.04,0.0,1.07,1.7,1.33,0.78,0,0,3,6,3,4,4,2,1,2,0.0,0.0,0.7098,1.2349,0.1469,0.2137,0.173,0.1487,0.0381,0.0981,10,11,0,3,0,0,1,0,0,0,1.0273,1.169,0.0,0.5264,0.0,0.0,0.0405,0.0,0.0,0.0,11,14,20.76,15.99
3787495,2022-07-04,usa,2022,MLS,,Jair Marrufo,1323940,Charlotte FC,8259,Houston Dynamo FC,0,2,1,41,59,14,11,4,3,8,5,2,3,1,0,10,6,4,5,5,5,4,1,4,0,,,10,5,3,2,0,0,0,1,12,24,9,7,3,2,25,4,2,3,38,43,28.0,39.0,10.0,4.0,11.0,5.0,408,569,350.0,507.0,220,276,130,231,25.0,41.0,3.0,2.0,1.7,1.07,1.7,1.03,0.0,0.04,1.7,1.07,0.78,1.33,0,0,6,3,4,3,2,4,2,1,0.0,0.0,1.2349,0.7098,0.2137,0.1469,0.1487,0.173,0.0981,0.0381,11,10,3,0,0,0,0,1,0,0,1.169,1.0273,0.5264,0.0,0.0,0.0,0.0,0.0405,0.0,0.0,14,11,15.99,20.76
3787496,2022-07-04,usa,2022,MLS,,Marcos de Oliveira,6604,Sporting Kansas City,6514,New York Red Bulls,1,0,1,63,37,16,7,4,2,8,3,4,2,0,0,10,3,6,4,9,1,0,3,0,2,,,10,20,1,3,0,1,0,3,10,13,3,13,2,5,5,33,1,3,50,39,36.0,25.0,14.0,14.0,7.0,3.0,383,244,312.0,172.0,151,75,161,97,22.0,23.0,10.0,1.0,0.7,0.66,0.29,0.38,0.42,0.28,0.7,0.66,0.49,0.74,1,0,4,2,5,1,2,4,4,0,0.0924,0.0,0.1336,0.3079,0.1848,0.1693,0.0735,0.1817,0.1557,0.0,7,4,0,0,5,1,4,2,0,0,0.2855,0.38,0.0,0.0,0.1988,0.1666,0.1557,0.1124,0.0,0.0,16,7,18.7,18.43
3787496,2022-07-04,usa,2022,MLS,,Marcos de Oliveira,6514,New York Red Bulls,6604,Sporting Kansas City,0,1,0,37,63,7,16,2,4,3,8,2,4,0,0,3,10,4,6,1,9,3,0,2,0,,,20,10,3,1,1,0,3,0,13,10,13,3,5,2,33,5,3,1,39,50,25.0,36.0,14.0,14.0,3.0,7.0,244,383,172.0,312.0,75,151,97,161,23.0,22.0,1.0,10.0,0.66,0.7,0.38,0.29,0.28,0.42,0.66,0.7,0.74,0.49,0,1,2,4,1,5,4,2,0,4,0.0,0.0924,0.3079,0.1336,0.1693,0.1848,0.1817,0.0735,0.0,0.1557,4,7,0,0,1,5,2,4,0,0,0.38,0.2855,0.0,0.0,0.1666,0.1988,0.1124,0.1557,0.0,0.0,7,16,18.43,18.7
3787500,2022-07-04,usa,2022,MLS,,Ramy Touchan,207242,Minnesota United,6606,Real Salt Lake,1,3,2,46,54,18,12,7,4,6,4,5,4,0,0,13,6,5,6,5,7,3,3,1,2,,,7,9,1,3,0,0,1,3,18,21,8,19,4,5,21,13,2,4,45,47,34.0,33.0,11.0,14.0,7.0,6.0,377,446,304.0,373.0,144,197,160,176,16.0,35.0,5.0,4.0,2.67,1.5,1.17,1.37,0.71,0.13,1.88,1.5,2.4,1.94,0,4,10,1,3,1,3,3,2,3,0.0,0.8348,2.2659,0.3855,0.3226,0.0566,0.5198,0.1173,0.0701,0.1099,8,11,0,0,5,1,4,0,1,0,1.1737,1.3722,0.0,0.0,0.423,0.132,0.7932,0.0,0.7884,0.0,18,12,15.74,18.47
3787500,2022-07-04,usa,2022,MLS,,Ramy Touchan,6606,Real Salt Lake,207242,Minnesota United,0,2,3,54,46,12,18,4,7,4,6,4,5,0,0,6,13,6,5,7,5,3,3,2,1,,,9,7,3,1,0,0,3,1,21,18,19,8,5,4,13,21,4,2,47,45,33.0,34.0,14.0,11.0,6.0,7.0,446,377,373.0,304.0,197,144,176,160,35.0,16.0,4.0,5.0,1.5,2.67,1.37,1.17,0.13,0.71,1.5,1.88,1.94,2.4,4,0,1,10,1,3,3,3,3,2,0.8348,0.0,0.3855,2.2659,0.0566,0.3226,0.1173,0.5198,0.1099,0.0701,11,8,0,0,1,5,0,4,0,1,1.3722,1.1737,0.0,0.0,0.132,0.423,0.0,0.7932,0.0,0.7884,12,18,18.47,15.74
3787490,2022-07-05,usa,2022,MLS,,Alex Chilowicz,6399,FC Dallas,960720,Inter Miami CF,1,1,1,57,43,11,15,5,6,5,6,1,3,0,0,8,10,3,5,6,9,1,4,1,3,23,22,7,6,0,1,0,0,1,3,15,15,11,9,3,1,17,17,5,4,41,37,32.0,29.0,9.0,8.0,11.0,7.0,522,386,440.0,313.0,274,177,166,136,23.0,29.0,3.0,6.0,1.15,2.66,0.8,1.37,0.35,1.29,1.15,2.66,0.91,3.02,0,4,7,4,1,2,3,4,0,1,0.0,1.7073,0.8316,0.5905,0.1191,0.0733,0.1988,0.2489,0.0,0.0384,7,9,0,0,3,4,1,2,0,0,0.7988,1.3668,0.0,0.0,0.2553,0.8543,0.0953,0.4374,0.0,0.0,11,15,14.29,13.3
3787490,2022-07-05,usa,2022,MLS,,Alex Chilowicz,960720,Inter Miami CF,6399,FC Dallas,0,1,1,43,57,15,11,6,5,6,5,3,1,0,0,10,8,5,3,9,6,4,1,3,1,22,23,6,7,1,0,0,0,3,1,15,15,9,11,1,3,17,17,4,5,37,41,29.0,32.0,8.0,9.0,7.0,11.0,386,522,313.0,440.0,177,274,136,166,29.0,23.0,6.0,3.0,2.66,1.15,1.37,0.8,1.29,0.35,2.66,1.15,3.02,0.91,4,0,4,7,2,1,4,3,1,0,1.7073,0.0,0.5905,0.8316,0.0733,0.1191,0.2489,0.1988,0.0384,0.0,9,7,0,0,4,3,2,1,0,0,1.3668,0.7988,0.0,0.0,0.8543,0.2553,0.4374,0.0953,0.0,0.0,15,11,13.3,14.29
3787491,2022-07-05,usa,2022,MLS,,Joe Dickerson,8314,Colorado Rapids,1218886,Austin FC,1,2,3,44,56,15,9,2,5,9,3,4,1,2,0,10,6,5,3,4,2,4,5,2,2,,,8,13,0,2,0,1,0,3,10,11,5,5,1,4,15,16,2,0,36,29,26.0,24.0,10.0,5.0,5.0,6.0,320,421,251.0,352.0,140,164,111,188,24.0,25.0,7.0,1.0,1.85,1.76,1.2,1.73,0.65,0.03,1.85,1.76,1.65,1.97,1,0,7,3,2,3,3,3,2,0,0.2017,0.0,1.4458,1.1318,0.0937,0.3618,0.0615,0.2647,0.0497,0.0,8,8,0,0,3,1,4,0,0,0,1.2008,1.732,0.0,0.0,0.1988,0.0263,0.4528,0.0,0.0,0.0,15,9,15.33,16.17
3787491,2022-07-05,usa,2022,MLS,,Joe Dickerson,1218886,Austin FC,8314,Colorado Rapids,0,3,2,56,44,9,15,5,2,3,9,1,4,0,2,6,10,3,5,2,4,5,4,2,2,,,13,8,2,0,1,0,3,0,11,10,5,5,4,1,16,15,0,2,29,36,24.0,26.0,5.0,10.0,6.0,5.0,421,320,352.0,251.0,164,140,188,111,25.0,24.0,1.0,7.0,1.76,1.85,1.73,1.2,0.03,0.65,1.76,1.85,1.97,1.65,0,1,3,7,3,2,3,3,0,2,0.0,0.2017,1.1318,1.4458,0.3618,0.0937,0.2647,0.0615,0.0,0.0497,8,8,0,0,1,3,0,4,0,0,1.732,1.2008,0.0,0.0,0.0263,0.1988,0.0,0.4528,0.0,0.0,9,15,16.17,15.33
3787665,2022-07-05,usa,2022,MLS,,Timothy Ford,6637,LA Galaxy,161195,CF Montreal,1,4,0,38,62,14,11,4,3,8,6,2,2,0,0,11,6,3,5,4,7,5,2,1,2,,,9,13,1,2,0,0,3,2,12,15,12,10,2,2,22,11,3,1,43,53,34.0,42.0,9.0,11.0,10.0,18.0,349,559,272.0,480.0,147,208,125,272,26.0,30.0,5.0,9.0,3.34,0.94,1.74,0.79,0.8,0.16,2.55,0.94,2.75,0.29,4,0,5,6,2,0,2,2,1,3,1.4773,0.0,1.5825,0.7695,0.1095,0.0,0.0785,0.0669,0.0874,0.1068,9,9,1,0,2,1,1,1,1,0,1.4891,0.7872,0.2546,0.0,0.7808,0.0176,0.0223,0.1383,0.7884,0.0,14,11,17.61,17.2
3787665,2022-07-05,usa,2022,MLS,,Timothy Ford,161195,CF Montreal,6637,LA Galaxy,0,0,4,62,38,11,14,3,4,6,8,2,2,0,0,6,11,5,3,7,4,2,5,2,1,,,13,9,2,1,0,0,2,3,15,12,10,12,2,2,11,22,1,3,53,43,42.0,34.0,11.0,9.0,18.0,10.0,559,349,480.0,272.0,208,147,272,125,30.0,26.0,9.0,5.0,0.94,3.34,0.79,1.74,0.16,0.8,0.94,2.55,0.29,2.75,0,4,6,5,0,2,2,2,3,1,0.0,1.4773,0.7695,1.5825,0.0,0.1095,0.0669,0.0785,0.1068,0.0874,9,9,0,1,1,2,1,1,0,1,0.7872,1.4891,0.0,0.2546,0.0176,0.7808,0.1383,0.0223,0.0,0.7884,11,14,17.2,17.61
3787505,2022-07-08,usa,2022,MLS,,Ted Unkel,191716,Philadelphia Union,6602,DC United,1,7,0,54,46,24,11,12,3,4,3,8,5,0,0,19,9,5,2,2,8,10,2,5,2,,,7,10,0,2,0,0,0,2,10,11,9,9,4,6,20,20,3,5,49,41,30.0,24.0,19.0,17.0,11.0,7.0,415,340,345.0,247.0,180,142,165,105,40.0,21.0,5.0,4.0,5.64,0.79,3.76,0.44,1.09,0.35,4.86,0.79,7.3,1.26,5,1,13,4,1,4,3,2,2,0,2.0829,0.2306,2.7699,0.1782,0.0402,0.3302,0.7299,0.0514,0.0574,0.0,15,5,2,0,2,6,4,0,1,0,3.2243,0.4384,0.5751,0.0,0.4151,0.3521,0.6775,0.0,0.7884,0.0,24,11,13.71,14.88
3787505,2022-07-08,usa,2022,MLS,,Ted Unkel,6602,DC United,191716,Philadelphia Union,0,0,7,46,54,11,24,3,12,3,4,5,8,0,0,9,19,2,5,8,2,2,10,2,5,,,10,7,2,0,0,0,2,0,11,10,9,9,6,4,20,20,5,3,41,49,24.0,30.0,17.0,19.0,7.0,11.0,340,415,247.0,345.0,142,180,105,165,21.0,40.0,4.0,5.0,0.79,5.64,0.44,3.76,0.35,1.09,0.79,4.86,1.26,7.3,1,5,4,13,4,1,2,3,0,2,0.2306,2.0829,0.1782,2.7699,0.3302,0.0402,0.0514,0.7299,0.0,0.0574,5,15,0,2,6,2,0,4,0,1,0.4384,3.2243,0.0,0.5751,0.3521,0.4151,0.0,0.6775,0.0,0.7884,11,24,14.88,13.71
3787506,2022-07-09,usa,2022,MLS,,Armando Villarreal,867280,Los Angeles FC,6637,LA Galaxy,1,3,2,44,56,11,15,5,6,4,7,2,2,0,0,9,10,2,5,4,6,3,1,1,1,,,13,12,1,4,0,0,4,4,26,22,9,11,2,2,10,12,4,2,55,70,48.0,48.0,7.0,22.0,11.0,13.0,357,445,264.0,359.0,102,156,162,203,24.0,16.0,5.0,14.0,1.54,1.78,1.21,0.71,0.32,1.07,1.54,1.78,1.48,1.25,1,1,6,8,2,1,1,3,1,2,0.4299,0.5435,0.6939,0.6639,0.16,0.0316,0.1904,0.5047,0.0626,0.036,8,7,1,1,2,5,0,2,0,0,1.0245,0.3432,0.1904,0.3696,0.3218,1.0157,0.0,0.0512,0.0,0.0,11,15,13.64,15.63
3787506,2022-07-09,usa,2022,MLS,,Armando Villarreal,6637,LA Galaxy,867280,Los Angeles FC,0,2,3,56,44,15,11,6,5,7,4,2,2,0,0,10,9,5,2,6,4,1,3,1,1,,,12,13,4,1,0,0,4,4,22,26,11,9,2,2,12,10,2,4,70,55,48.0,48.0,22.0,7.0,13.0,11.0,445,357,359.0,264.0,156,102,203,162,16.0,24.0,14.0,5.0,1.78,1.54,0.71,1.21,1.07,0.32,1.78,1.54,1.25,1.48,1,1,8,6,1,2,3,1,2,1,0.5435,0.4299,0.6639,0.6939,0.0316,0.16,0.5047,0.1904,0.036,0.0626,7,8,1,1,5,2,2,0,0,0,0.3432,1.0245,0.3696,0.1904,1.0157,0.3218,0.0512,0.0,0.0,0.0,15,11,15.63,13.64
3787519,2022-07-09,usa,2022,MLS,,Timothy Ford,546238,New York City FC,6580,New England Revolution,1,4,2,60,40,22,10,11,6,9,3,2,1,0,1,16,7,6,3,10,2,9,3,5,1,,,10,10,2,1,0,1,0,2,10,13,15,7,1,2,10,13,4,7,29,32,24.0,24.0,5.0,8.0,4.0,2.0,600,398,527.0,318.0,278,187,249,131,35.0,20.0,4.0,3.0,5.63,1.6,3.12,1.48,0.15,0.12,3.27,1.6,7.7,2.42,0,0,14,6,2,1,5,2,1,1,0.0,0.0,5.1405,1.4015,0.0792,0.0948,0.6,0.0675,0.0278,0.0382,13,9,2,0,4,0,0,1,3,0,2.4035,1.4804,0.9261,0.0,0.1527,0.0,0.0,0.1216,2.3652,0.0,22,10,15.46,15.8
3787519,2022-07-09,usa,2022,MLS,,Timothy Ford,6580,New England Revolution,546238,New York City FC,0,2,4,40,60,10,22,6,11,3,9,1,2,1,0,7,16,3,6,2,10,3,9,1,5,,,10,10,1,2,1,0,2,0,13,10,7,15,2,1,13,10,7,4,32,29,24.0,24.0,8.0,5.0,2.0,4.0,398,600,318.0,527.0,187,278,131,249,20.0,35.0,3.0,4.0,1.6,5.63,1.48,3.12,0.12,0.15,1.6,3.27,2.42,7.7,0,0,6,14,1,2,2,5,1,1,0.0,0.0,1.4015,5.1405,0.0948,0.0792,0.0675,0.6,0.0382,0.0278,9,13,0,2,0,4,1,0,0,3,1.4804,2.4035,0.0,0.9261,0.0,0.1527,0.1216,0.0,0.0,2.3652,10,22,15.8,15.46
3787520,2022-07-09,usa,2022,MLS,,Chris Penso,130394,Seattle Sounders FC,307690,Portland Timbers,1,0,3,57,43,16,11,3,8,7,1,6,2,1,0,11,6,5,5,8,0,1,5,1,2,,,12,10,2,4,1,0,5,0,9,21,10,8,1,7,7,31,5,2,41,43,29.0,39.0,12.0,4.0,10.0,7.0,503,398,437.0,329.0,190,164,247,165,37.0,25.0,5.0,2.0,1.4,2.87,0.53,2.08,0.87,0.0,1.4,2.08,0.37,3.8,1,1,9,4,1,1,3,4,2,1,0.3092,0.561,0.9108,2.023,0.0366,0.0867,0.0946,0.1699,0.0493,0.0341,9,8,0,2,5,0,2,0,0,1,0.5298,1.3456,0.0,0.7407,0.7917,0.0,0.0791,0.0,0.0,0.7884,16,11,15.74,16.3
3787520,2022-07-09,usa,2022,MLS,,Chris Penso,307690,Portland Timbers,130394,Seattle Sounders FC,0,3,0,43,57,11,16,8,3,1,7,2,6,0,1,6,11,5,5,0,8,5,1,2,1,,,10,12,4,2,0,1,0,5,21,9,8,10,7,1,31,7,2,5,43,41,39.0,29.0,4.0,12.0,7.0,10.0,398,503,329.0,437.0,164,190,165,247,25.0,37.0,2.0,5.0,2.87,1.4,2.08,0.53,0.0,0.87,2.08,1.4,3.8,0.37,1,1,4,9,1,1,4,3,1,2,0.561,0.3092,2.023,0.9108,0.0867,0.0366,0.1699,0.0946,0.0341,0.0493,8,9,2,0,0,5,0,2,1,0,1.3456,0.5298,0.7407,0.0,0.0,0.7917,0.0,0.0791,0.7884,0.0,11,16,16.3,15.74
3787521,2022-07-09,usa,2022,MLS,,Jair Marrufo,773958,Atlanta United,1218886,Austin FC,1,0,3,63,37,19,10,4,4,6,4,9,2,0,2,10,8,9,2,9,0,0,5,0,2,,,10,14,1,1,0,0,1,1,10,14,10,11,2,9,13,19,1,4,54,40,45.0,35.0,9.0,5.0,23.0,11.0,559,333,479.0,250.0,220,115,259,135,28.0,39.0,8.0,5.0,1.21,2.67,0.78,2.67,0.43,0.0,1.21,2.67,0.38,2.27,0,2,9,5,1,1,7,2,2,0,0.0,0.9341,0.7023,1.6064,0.0653,0.0487,0.3861,0.0779,0.0569,0.0,10,10,1,0,6,0,2,0,0,0,0.5602,2.667,0.1121,0.0,0.4125,0.0,0.1257,0.0,0.0,0.0,19,10,17.18,12.02
3787521,2022-07-09,usa,2022,MLS,,Jair Marrufo,1218886,Austin FC,773958,Atlanta United,0,3,0,37,63,10,19,4,4,4,6,2,9,2,0,8,10,2,9,0,9,5,0,2,0,,,14,10,1,1,0,0,1,1,14,10,11,10,9,2,19,13,4,1,40,54,35.0,45.0,5.0,9.0,11.0,23.0,333,559,250.0,479.0,115,220,135,259,39.0,28.0,5.0,8.0,2.67,1.21,2.67,0.78,0.0,0.43,2.67,1.21,2.27,0.38,2,0,5,9,1,1,2,7,0,2,0.9341,0.0,1.6064,0.7023,0.0487,0.0653,0.0779,0.3861,0.0,0.0569,10,10,0,1,0,6,0,2,0,0,2.667,0.5602,0.0,0.1121,0.0,0.4125,0.0,0.1257,0.0,0.0,10,19,12.02,17.18
3787522,2022-07-09,usa,2022,MLS,,Joe Dickerson,1323940,Charlotte FC,915807,Nashville SC,1,4,1,61,39,13,19,6,7,4,6,3,6,0,2,6,13,7,6,3,10,2,4,0,3,,,9,12,0,3,0,0,0,1,10,18,4,11,5,3,22,13,6,2,50,45,32.0,29.0,18.0,16.0,13.0,3.0,514,313,434.0,230.0,203,122,231,108,26.0,23.0,4.0,4.0,2.07,2.61,1.23,0.72,0.05,1.1,1.28,1.82,2.67,2.18,0,2,5,9,1,2,6,4,1,2,0.0,0.4489,1.7068,1.9123,0.054,0.0964,0.291,0.1219,0.0135,0.0295,10,10,1,0,0,5,1,3,1,1,1.2174,0.7165,0.0131,0.0,0.0,0.7601,0.0465,0.3438,0.7884,0.7884,13,19,20.88,17.53
3787522,2022-07-09,usa,2022,MLS,,Joe Dickerson,915807,Nashville SC,1323940,Charlotte FC,0,1,4,39,61,19,13,7,6,6,4,6,3,2,0,13,6,6,7,10,3,4,2,3,0,,,12,9,3,0,0,0,1,0,18,10,11,4,3,5,13,22,2,6,45,50,29.0,32.0,16.0,18.0,3.0,13.0,313,514,230.0,434.0,122,203,108,231,23.0,26.0,4.0,4.0,2.61,2.07,0.72,1.23,1.1,0.05,1.82,1.28,2.18,2.67,2,0,9,5,2,1,4,6,2,1,0.4489,0.0,1.9123,1.7068,0.0964,0.054,0.1219,0.291,0.0295,0.0135,10,10,0,1,5,0,3,1,1,1,0.7165,1.2174,0.0,0.0131,0.7601,0.0,0.3438,0.0465,0.7884,0.7884,19,13,17.53,20.88
3787523,2022-07-09,usa,2022,MLS,,Rosendo Mendoza,722265,FC Cincinnati,6514,New York Red Bulls,1,1,1,46,54,10,8,4,3,3,3,3,2,0,0,6,4,4,4,0,4,2,1,1,0,,,11,9,2,3,2,0,1,3,17,20,12,9,2,2,19,2,2,3,59,64,36.0,45.0,23.0,19.0,10.0,14.0,304,349,185.0,232.0,89,91,96,141,20.0,18.0,0.0,3.0,1.78,1.15,1.73,0.28,0.05,0.08,1.78,0.36,1.51,1.21,1,0,1,3,4,1,2,3,2,1,0.7548,0.0,0.1124,0.9327,0.7556,0.0637,0.065,0.1108,0.0914,0.0459,8,5,1,0,0,1,1,1,0,1,1.5067,0.2804,0.2273,0.0,0.0,0.0455,0.0452,0.0388,0.0,0.7884,10,8,18.67,19.11
3787523,2022-07-09,usa,2022,MLS,,Rosendo Mendoza,6514,New York Red Bulls,722265,FC Cincinnati,0,1,1,54,46,8,10,3,4,3,3,2,3,0,0,4,6,4,4,4,0,1,2,0,1,,,9,11,3,2,0,2,3,1,20,17,9,12,2,2,2,19,3,2,64,59,45.0,36.0,19.0,23.0,14.0,10.0,349,304,232.0,185.0,91,89,141,96,18.0,20.0,3.0,0.0,1.15,1.78,0.28,1.73,0.08,0.05,0.36,1.78,1.21,1.51,0,1,3,1,1,4,3,2,1,2,0.0,0.7548,0.9327,0.1124,0.0637,0.7556,0.1108,0.065,0.0459,0.0914,5,8,0,1,1,0,1,1,1,0,0.2804,1.5067,0.0,0.2273,0.0455,0.0,0.0388,0.0452,0.7884,0.0,8,10,19.11,18.67
3787666,2022-07-09,usa,2022,MLS,,Alex Chilowicz,307691,Vancouver Whitecaps,207242,Minnesota United,1,1,3,48,52,10,14,2,5,7,3,1,6,1,0,7,7,3,7,7,8,1,1,0,0,,,8,8,0,1,0,0,0,0,21,11,10,7,6,1,22,18,2,1,47,36,34.0,31.0,13.0,5.0,5.0,12.0,453,482,389.0,417.0,199,230,190,187,24.0,25.0,5.0,4.0,0.74,0.91,0.61,0.75,0.13,0.16,0.74,0.91,0.64,1.21,1,0,5,4,1,3,2,6,1,1,0.2194,0.0,0.374,0.5253,0.0546,0.1476,0.0724,0.1937,0.0235,0.0426,7,9,0,1,2,3,1,1,0,0,0.6113,0.6624,0.0,0.0831,0.0984,0.121,0.0341,0.0426,0.0,0.0,10,14,16.1,20.4
3787666,2022-07-09,usa,2022,MLS,,Alex Chilowicz,207242,Minnesota United,307691,Vancouver Whitecaps,0,3,1,52,48,14,10,5,2,3,7,6,1,0,1,7,7,7,3,8,7,1,1,0,0,,,8,8,1,0,0,0,0,0,11,21,7,10,1,6,18,22,1,2,36,47,31.0,34.0,5.0,13.0,12.0,5.0,482,453,417.0,389.0,230,199,187,190,25.0,24.0,4.0,5.0,0.91,0.74,0.75,0.61,0.16,0.13,0.91,0.74,1.21,0.64,0,1,4,5,3,1,6,2,1,1,0.0,0.2194,0.5253,0.374,0.1476,0.0546,0.1937,0.0724,0.0426,0.0235,9,7,1,0,3,2,1,1,0,0,0.6624,0.6113,0.0831,0.0,0.121,0.0984,0.0426,0.0341,0.0,0.0,14,10,20.4,16.1
3787667,2022-07-09,usa,2022,MLS,,Ismir Pekmic,161195,CF Montreal,6604,Sporting Kansas City,1,1,2,65,35,16,6,5,3,7,2,4,1,0,0,13,2,3,4,12,1,1,1,0,0,,,12,16,1,3,0,0,2,0,15,16,10,10,1,4,4,32,1,4,55,44,44.0,34.0,11.0,10.0,13.0,6.0,517,288,441.0,212.0,224,138,217,74,25.0,29.0,11.0,4.0,1.89,0.47,1.42,0.42,0.46,0.05,1.89,0.47,1.31,0.37,2,0,10,2,1,0,1,3,2,1,0.8015,0.0,0.787,0.1325,0.0565,0.0,0.0416,0.3043,0.1991,0.0353,9,5,0,0,7,0,0,1,0,0,1.4212,0.4227,0.0,0.0,0.4646,0.0,0.0,0.0493,0.0,0.0,16,6,14.03,23.4
3787667,2022-07-09,usa,2022,MLS,,Ismir Pekmic,6604,Sporting Kansas City,161195,CF Montreal,0,2,1,35,65,6,16,3,5,2,7,1,4,0,0,2,13,4,3,1,12,1,1,0,0,,,16,12,3,1,0,0,0,2,16,15,10,10,4,1,32,4,4,1,44,55,34.0,44.0,10.0,11.0,6.0,13.0,288,517,212.0,441.0,138,224,74,217,29.0,25.0,4.0,11.0,0.47,1.89,0.42,1.42,0.05,0.46,0.47,1.89,0.37,1.31,0,2,2,10,0,1,3,1,1,2,0.0,0.8015,0.1325,0.787,0.0,0.0565,0.3043,0.0416,0.0353,0.1991,5,9,0,0,0,7,1,0,0,0,0.4227,1.4212,0.0,0.0,0.0,0.4646,0.0493,0.0,0.0,0.0,6,16,23.4,14.03
3787668,2022-07-09,usa,2022,MLS,,Fotis Bazakos,56453,Toronto FC,6603,San Jose Earthquakes,1,2,2,56,44,16,9,6,3,7,4,3,2,1,0,9,8,7,1,7,3,3,3,2,2,,,15,13,1,1,0,0,0,2,17,17,8,18,2,3,7,21,1,4,49,55,39.0,40.0,10.0,15.0,10.0,8.0,521,400,432.0,313.0,218,182,214,131,28.0,34.0,2.0,5.0,1.98,1.3,1.56,1.03,0.41,0.27,1.98,1.3,1.07,2.1,2,0,6,7,1,1,4,1,3,0,0.3908,0.0,1.1478,1.105,0.1119,0.1017,0.2427,0.0902,0.0884,0.0,13,6,0,0,2,2,1,1,0,0,1.5668,1.0289,0.0,0.0,0.3908,0.2258,0.0241,0.0423,0.0,0.0,16,9,17.1,12.37
3787668,2022-07-09,usa,2022,MLS,,Fotis Bazakos,6603,San Jose Earthquakes,56453,Toronto FC,0,2,2,44,56,9,16,3,6,4,7,2,3,0,1,8,9,1,7,3,7,3,3,2,2,,,13,15,1,1,0,0,2,0,17,17,18,8,3,2,21,7,4,1,55,49,40.0,39.0,15.0,10.0,8.0,10.0,400,521,313.0,432.0,182,218,131,214,34.0,28.0,5.0,2.0,1.3,1.98,1.03,1.56,0.27,0.41,1.3,1.98,2.1,1.07,0,2,7,6,1,1,1,4,0,3,0.0,0.3908,1.105,1.1478,0.1017,0.1119,0.0902,0.2427,0.0,0.0884,6,13,0,0,2,2,1,1,0,0,1.0289,1.5668,0.0,0.0,0.2258,0.3908,0.0423,0.0241,0.0,0.0,9,16,12.37,17.1
3787524,2022-07-10,usa,2022,MLS,,Nima Saghafi,267810,Orlando City,960720,Inter Miami CF,1,1,0,55,45,8,10,1,1,5,6,2,3,0,0,4,6,4,4,2,6,1,1,1,1,22,21,12,19,1,1,0,0,2,1,21,11,9,6,3,1,13,14,1,1,52,45,44.0,33.0,8.0,12.0,5.0,10.0,491,397,425.0,329.0,199,168,226,161,26.0,27.0,3.0,8.0,0.86,0.84,0.82,0.73,0.04,0.11,0.86,0.84,0.7,0.34,1,0,2,6,1,0,3,3,1,1,0.5529,0.0,0.115,0.6709,0.036,0.0,0.1328,0.154,0.0257,0.0185,7,7,0,0,1,3,0,0,0,0,0.8218,0.7309,0.0,0.0,0.0406,0.1126,0.0,0.0,0.0,0.0,8,10,18.66,15.87
3787524,2022-07-10,usa,2022,MLS,,Nima Saghafi,960720,Inter Miami CF,267810,Orlando City,0,0,1,45,55,10,8,1,1,6,5,3,2,0,0,6,4,4,4,6,2,1,1,1,1,21,22,19,12,1,1,0,0,1,2,11,21,6,9,1,3,14,13,1,1,45,52,33.0,44.0,12.0,8.0,10.0,5.0,397,491,329.0,425.0,168,199,161,226,27.0,26.0,8.0,3.0,0.84,0.86,0.73,0.82,0.11,0.04,0.84,0.86,0.34,0.7,0,1,6,2,0,1,3,3,1,1,0.0,0.5529,0.6709,0.115,0.0,0.036,0.154,0.1328,0.0185,0.0257,7,7,0,0,3,1,0,0,0,0,0.7309,0.8218,0.0,0.0,0.1126,0.0406,0.0,0.0,0.0,0.0,10,8,15.87,18.66
3787525,2022-07-10,usa,2022,MLS,,Ramy Touchan,6397,Chicago Fire FC,6001,Columbus Crew,1,2,3,43,57,13,9,5,4,7,4,1,1,0,0,12,7,1,2,2,1,2,3,1,0,,,19,16,5,3,1,0,3,1,20,18,8,9,1,1,11,23,1,3,47,55,37.0,43.0,10.0,12.0,3.0,8.0,324,446,245.0,367.0,134,227,111,140,27.0,32.0,6.0,2.0,2.16,1.75,1.73,1.57,0.43,0.18,2.16,1.75,1.14,2.95,2,2,9,3,1,2,1,1,0,1,0.5381,0.8439,0.8773,0.3682,0.705,0.3827,0.0383,0.1102,0.0,0.0459,10,5,0,1,2,1,1,2,0,0,1.7281,1.3009,0.0,0.2706,0.3658,0.0233,0.0648,0.1561,0.0,0.0,13,9,12.9,14.97
3787525,2022-07-10,usa,2022,MLS,,Ramy Touchan,6001,Columbus Crew,6397,Chicago Fire FC,0,3,2,57,43,9,13,4,5,4,7,1,1,0,0,7,12,2,1,1,2,3,2,0,1,,,16,19,3,5,0,1,1,3,18,20,9,8,1,1,23,11,3,1,55,47,43.0,37.0,12.0,10.0,8.0,3.0,446,324,367.0,245.0,227,134,140,111,32.0,27.0,2.0,6.0,1.75,2.16,1.57,1.73,0.18,0.43,1.75,2.16,2.95,1.14,2,2,3,9,2,1,1,1,1,0,0.8439,0.5381,0.3682,0.8773,0.3827,0.705,0.1102,0.0383,0.0459,0.0,5,10,1,0,1,2,2,1,0,0,1.3009,1.7281,0.2706,0.0,0.0233,0.3658,0.1561,0.0648,0.0,0.0,9,13,14.97,12.9
3787526,2022-07-10,usa,2022,MLS,,Jon Freemon,8259,Houston Dynamo FC,6399,FC Dallas,1,2,2,59,41,19,13,8,6,4,5,7,2,0,0,10,8,9,5,8,2,5,2,3,2,,,11,10,3,4,0,1,2,1,13,17,5,5,2,8,1,26,4,5,27,33,26.0,31.0,1.0,2.0,3.0,4.0,539,382,489.0,324.0,246,231,243,93,33.0,21.0,7.0,4.0,2.54,1.4,1.66,1.26,0.88,0.15,2.54,1.4,3.51,1.09,2,1,6,5,2,2,5,3,4,2,0.691,0.3107,1.3205,0.6517,0.0804,0.2458,0.226,0.1653,0.2427,0.0666,13,11,1,1,3,1,2,0,0,0,1.4386,1.127,0.2311,0.1642,0.7332,0.1488,0.1576,0.0,0.0,0.0,19,13,16.87,17.09
3787526,2022-07-10,usa,2022,MLS,,Jon Freemon,6399,FC Dallas,8259,Houston Dynamo FC,0,2,2,41,59,13,19,6,8,5,4,2,7,0,0,8,10,5,9,2,8,2,5,2,3,,,10,11,4,3,1,0,1,2,17,13,5,5,8,2,26,1,5,4,33,27,31.0,26.0,2.0,1.0,4.0,3.0,382,539,324.0,489.0,231,246,93,243,21.0,33.0,4.0,7.0,1.4,2.54,1.26,1.66,0.15,0.88,1.4,2.54,1.09,3.51,1,2,5,6,2,2,3,5,2,4,0.3107,0.691,0.6517,1.3205,0.2458,0.0804,0.1653,0.226,0.0666,0.2427,11,13,1,1,1,3,0,2,0,0,1.127,1.4386,0.1642,0.2311,0.1488,0.7332,0.0,0.1576,0.0,0.0,13,19,17.09,16.87
3787527,2022-07-10,usa,2022,MLS,,Lukasz Szpala,6606,Real Salt Lake,8314,Colorado Rapids,1,2,2,50,50,14,15,2,4,9,5,3,6,2,0,6,13,8,2,2,6,2,6,1,4,,,8,11,4,3,0,0,1,2,9,11,3,7,6,3,13,28,2,0,32,37,23.0,21.0,9.0,16.0,3.0,2.0,326,322,254.0,252.0,116,166,138,86,17.0,34.0,5.0,8.0,1.33,3.14,0.74,1.45,0.58,0.9,1.33,2.35,0.47,2.83,2,4,4,8,0,1,7,2,1,0,0.2233,1.44,0.7502,1.5958,0.0,0.0644,0.3281,0.0705,0.0399,0.0,9,7,0,0,3,6,2,1,0,1,0.7449,1.4476,0.0,0.0,0.2982,0.8883,0.2983,0.0464,0.0,0.7884,14,15,18.26,11.9
3787527,2022-07-10,usa,2022,MLS,,Lukasz Szpala,8314,Colorado Rapids,6606,Real Salt Lake,0,2,2,50,50,15,14,4,2,5,9,6,3,0,2,13,6,2,8,6,2,6,2,4,1,,,11,8,3,4,0,0,2,1,11,9,7,3,3,6,28,13,0,2,37,32,21.0,23.0,16.0,9.0,2.0,3.0,322,326,252.0,254.0,166,116,86,138,34.0,17.0,8.0,5.0,3.14,1.33,1.45,0.74,0.9,0.58,2.35,1.33,2.83,0.47,4,2,8,4,1,0,2,7,0,1,1.44,0.2233,1.5958,0.7502,0.0644,0.0,0.0705,0.3281,0.0,0.0399,7,9,0,0,6,3,1,2,1,0,1.4476,0.7449,0.0,0.0,0.8883,0.2982,0.0464,0.2983,0.7884,0.0,15,14,11.9,18.26
3787518,2022-07-13,usa,2022,MLS,,Drew Fischer,773958,Atlanta United,6606,Real Salt Lake,1,2,1,54,46,14,10,7,4,6,3,1,3,1,0,7,6,7,4,5,4,1,1,0,0,,,11,7,1,2,0,0,1,2,21,7,2,14,2,1,43,16,3,5,45,31,34.0,21.0,11.0,10.0,6.0,5.0,535,448,465.0,375.0,260,177,205,198,19.0,29.0,3.0,5.0,1.32,0.78,1.12,0.27,0.19,0.5,1.32,0.78,2.12,1.21,0,0,5,5,2,1,5,4,2,0,0.0,0.0,0.8212,0.5731,0.1609,0.036,0.2649,0.1673,0.068,0.0,12,6,0,0,1,3,1,1,0,0,1.125,0.2728,0.0,0.0,0.1083,0.4258,0.0818,0.0778,0.0,0.0,14,10,19.38,18.86
3787518,2022-07-13,usa,2022,MLS,,Drew Fischer,6606,Real Salt Lake,773958,Atlanta United,0,1,2,46,54,10,14,4,7,3,6,3,1,0,1,6,7,4,7,4,5,1,1,0,0,,,7,11,2,1,0,0,2,1,7,21,14,2,1,2,16,43,5,3,31,45,21.0,34.0,10.0,11.0,5.0,6.0,448,535,375.0,465.0,177,260,198,205,29.0,19.0,5.0,3.0,0.78,1.32,0.27,1.12,0.5,0.19,0.78,1.32,1.21,2.12,0,0,5,5,1,2,4,5,0,2,0.0,0.0,0.5731,0.8212,0.036,0.1609,0.1673,0.2649,0.0,0.068,6,12,0,0,3,1,1,1,0,0,0.2728,1.125,0.0,0.0,0.4258,0.1083,0.0778,0.0818,0.0,0.0,10,14,18.86,19.38
3787528,2022-07-13,usa,2022,MLS,,Chris Penso,1218886,Austin FC,8259,Houston Dynamo FC,1,3,1,50,50,16,8,6,3,6,4,4,1,0,0,13,6,3,2,5,1,5,2,4,1,,,8,6,1,3,0,0,2,3,5,14,10,6,1,4,6,21,2,3,29,40,16.0,31.0,13.0,9.0,5.0,10.0,417,426,347.0,357.0,160,243,187,114,28.0,39.0,4.0,1.0,2.14,0.77,1.55,0.77,0.59,0.0,2.14,0.77,2.23,0.33,3,0,5,4,5,2,1,1,2,1,0.9033,0.0,0.6947,0.662,0.4076,0.1134,0.0499,0.038,0.1003,0.008,10,8,0,0,3,0,3,0,0,0,1.6157,0.8214,0.0,0.0,0.3805,0.0,0.1597,0.0,0.0,0.0,16,8,14.76,19.42
3787528,2022-07-13,usa,2022,MLS,,Chris Penso,8259,Houston Dynamo FC,1218886,Austin FC,0,1,3,50,50,8,16,3,6,4,6,1,4,0,0,6,13,2,3,1,5,2,5,1,4,,,6,8,3,1,0,0,3,2,14,5,6,10,4,1,21,6,3,2,40,29,31.0,16.0,9.0,13.0,10.0,5.0,426,417,357.0,347.0,243,160,114,187,39.0,28.0,1.0,4.0,0.77,2.14,0.77,1.55,0.0,0.59,0.77,2.14,0.33,2.23,0,3,4,5,2,5,1,1,1,2,0.0,0.9033,0.662,0.6947,0.1134,0.4076,0.038,0.0499,0.008,0.1003,8,10,0,0,0,3,0,3,0,0,0.8214,1.6157,0.0,0.0,0.0,0.3805,0.0,0.1597,0.0,0.0,8,16,19.42,14.76
3787507,2022-07-14,usa,2022,MLS,,Marcos de Oliveira,960720,Inter Miami CF,191716,Philadelphia Union,1,1,2,58,42,12,11,3,5,7,5,2,1,0,0,6,9,6,2,4,9,0,4,0,2,19,20,15,18,3,1,0,0,0,1,9,12,7,9,1,2,15,24,3,2,43,49,30.0,37.0,13.0,12.0,5.0,10.0,451,333,386.0,269.0,161,163,225,106,37.0,27.0,6.0,3.0,0.83,1.36,0.71,0.45,0.12,0.12,0.83,0.57,0.66,1.66,0,0,6,6,0,3,4,2,2,0,0.0,0.0,0.5838,1.1328,0.0,0.1135,0.1836,0.1123,0.0583,0.0,10,4,0,3,2,2,0,1,0,1,0.7082,0.3436,0.0,0.1018,0.1174,0.0251,0.0,0.0999,0.0,0.7884,12,11,18.45,13.86
3787507,2022-07-14,usa,2022,MLS,,Marcos de Oliveira,191716,Philadelphia Union,960720,Inter Miami CF,0,2,1,42,58,11,12,5,3,5,7,1,2,0,0,9,6,2,6,9,4,4,0,2,0,20,19,18,15,1,3,0,0,1,0,12,9,9,7,2,1,24,15,2,3,49,43,37.0,30.0,12.0,13.0,10.0,5.0,333,451,269.0,386.0,163,161,106,225,27.0,37.0,3.0,6.0,1.36,0.83,0.45,0.71,0.12,0.12,0.57,0.83,1.66,0.66,0,0,6,6,3,0,2,4,0,2,0.0,0.0,1.1328,0.5838,0.1135,0.0,0.1123,0.1836,0.0,0.0583,4,10,3,0,2,2,1,0,1,0,0.3436,0.7082,0.1018,0.0,0.0251,0.1174,0.0999,0.0,0.7884,0.0,11,12,13.86,18.45
3787508,2022-07-14,usa,2022,MLS,,Guido Gonzalez,207242,Minnesota United,6604,Sporting Kansas City,1,1,1,53,47,10,12,3,5,5,5,2,2,0,0,6,3,4,9,5,3,2,2,2,1,,,10,3,3,1,0,0,8,0,13,20,13,19,2,2,14,20,4,4,37,56,28.0,44.0,9.0,12.0,12.0,14.0,468,418,380.0,326.0,187,172,193,154,25.0,14.0,6.0,1.0,1.13,0.88,0.52,0.88,0.61,0.0,1.13,0.88,0.25,2.09,1,1,5,1,0,1,2,7,2,2,0.3684,0.3248,0.5354,0.1048,0.0,0.1133,0.1359,0.27,0.0875,0.0647,5,12,0,0,4,0,1,0,0,0,0.5207,0.8777,0.0,0.0,0.5245,0.0,0.0819,0.0,0.0,0.0,10,12,14.87,22.81
3787508,2022-07-14,usa,2022,MLS,,Guido Gonzalez,6604,Sporting Kansas City,207242,Minnesota United,0,1,1,47,53,12,10,5,3,5,5,2,2,0,0,3,6,9,4,3,5,2,2,1,2,,,3,10,1,3,0,0,0,8,20,13,19,13,2,2,20,14,4,4,56,37,44.0,28.0,12.0,9.0,14.0,12.0,418,468,326.0,380.0,172,187,154,193,14.0,25.0,1.0,6.0,0.88,1.13,0.88,0.52,0.0,0.61,0.88,1.13,2.09,0.25,1,1,1,5,1,0,7,2,2,2,0.3248,0.3684,0.1048,0.5354,0.1133,0.0,0.27,0.1359,0.0647,0.0875,12,5,0,0,0,4,0,1,0,0,0.8777,0.5207,0.0,0.0,0.0,0.5245,0.0,0.0819,0.0,0.0,12,10,22.81,14.87
3787509,2022-07-14,usa,2022,MLS,,Rubiel Vazquez,915807,Nashville SC,130394,Seattle Sounders FC,1,1,0,45,55,12,9,5,2,4,5,3,2,0,0,6,4,6,5,7,2,1,1,0,1,,,11,14,2,0,0,0,3,0,8,18,9,4,2,4,20,28,2,3,43,43,29.0,30.0,14.0,13.0,8.0,2.0,412,494,345.0,430.0,180,200,165,230,32.0,23.0,5.0,3.0,1.28,0.78,1.06,0.72,0.22,0.06,1.28,0.78,1.99,0.52,1,1,4,1,1,2,4,3,2,2,0.4479,0.0319,0.5813,0.3782,0.0355,0.1715,0.2002,0.1072,0.0472,0.0936,7,8,1,0,2,0,2,1,0,0,0.7247,0.7219,0.3624,0.0,0.1088,0.0,0.116,0.0607,0.0,0.0,12,9,18.45,19.53
3787509,2022-07-14,usa,2022,MLS,,Rubiel Vazquez,130394,Seattle Sounders FC,915807,Nashville SC,0,0,1,55,45,9,12,2,5,5,4,2,3,0,0,4,6,5,6,2,7,1,1,1,0,,,14,11,0,2,0,0,0,3,18,8,4,9,4,2,28,20,3,2,43,43,30.0,29.0,13.0,14.0,2.0,8.0,494,412,430.0,345.0,200,180,230,165,23.0,32.0,3.0,5.0,0.78,1.28,0.72,1.06,0.06,0.22,0.78,1.28,0.52,1.99,1,1,1,4,2,1,3,4,2,2,0.0319,0.4479,0.3782,0.5813,0.1715,0.0355,0.1072,0.2002,0.0936,0.0472,8,7,0,1,0,2,1,2,0,0,0.7219,0.7247,0.0,0.3624,0.0,0.1088,0.0607,0.116,0.0,0.0,9,12,19.53,18.45
3787510,2022-07-14,usa,2022,MLS,,Fotis Bazakos,8314,Colorado Rapids,267810,Orlando City,1,1,1,51,49,19,12,7,4,5,2,7,6,1,0,9,7,10,5,5,4,4,0,3,0,,,17,7,5,3,0,0,2,0,9,18,5,6,6,7,11,18,4,6,37,53,25.0,40.0,12.0,13.0,9.0,5.0,343,345,290.0,278.0,158,147,132,131,40.0,27.0,5.0,1.0,2.45,0.71,1.5,0.39,0.95,0.32,2.45,0.71,2.06,0.43,5,0,2,5,2,2,4,4,6,1,1.6968,0.0,0.2509,0.337,0.0884,0.0968,0.2421,0.2493,0.1738,0.0272,15,8,0,0,3,1,1,3,0,0,1.4983,0.3867,0.0,0.0,0.5732,0.0325,0.3805,0.2911,0.0,0.0,19,12,18.01,18.23
3787510,2022-07-14,usa,2022,MLS,,Fotis Bazakos,267810,Orlando City,8314,Colorado Rapids,0,1,1,49,51,12,19,4,7,2,5,6,7,0,1,7,9,5,10,4,5,0,4,0,3,,,7,17,3,5,0,0,0,2,18,9,6,5,7,6,18,11,6,4,53,37,40.0,25.0,13.0,12.0,5.0,9.0,345,343,278.0,290.0,147,158,131,132,27.0,40.0,1.0,5.0,0.71,2.45,0.39,1.5,0.32,0.95,0.71,2.45,0.43,2.06,0,5,5,2,2,2,4,4,1,6,0.0,1.6968,0.337,0.2509,0.0968,0.0884,0.2493,0.2421,0.0272,0.1738,8,15,0,0,1,3,3,1,0,0,0.3867,1.4983,0.0,0.0,0.0325,0.5732,0.2911,0.3805,0.0,0.0,12,19,18.23,18.01
3787511,2022-07-14,usa,2022,MLS,,Víctor Rivas,6399,FC Dallas,546238,New York City FC,1,0,1,49,51,12,4,1,1,6,2,5,1,0,0,9,2,3,2,7,1,3,1,3,0,28,9,13,11,2,2,0,0,3,0,14,13,6,11,1,5,4,24,0,1,37,44,35.0,37.0,2.0,7.0,10.0,12.0,460,508,398.0,431.0,183,277,215,154,22.0,28.0,8.0,0.0,1.25,0.94,0.83,0.94,0.43,0.0,1.25,0.94,0.6,0.86,1,1,8,1,0,0,3,1,0,1,0.2357,0.7998,0.8356,0.0596,0.0,0.0,0.1811,0.0404,0.0,0.0363,8,4,0,0,3,0,1,0,0,0,0.8266,0.9361,0.0,0.0,0.4057,0.0,0.0202,0.0,0.0,0.0,12,4,13.77,18.32
3787511,2022-07-14,usa,2022,MLS,,Víctor Rivas,546238,New York City FC,6399,FC Dallas,0,1,0,51,49,4,12,1,1,2,6,1,5,0,0,2,9,2,3,1,7,1,3,0,3,9,28,11,13,2,2,0,0,0,3,13,14,11,6,5,1,24,4,1,0,44,37,37.0,35.0,7.0,2.0,12.0,10.0,508,460,431.0,398.0,277,183,154,215,28.0,22.0,0.0,8.0,0.94,1.25,0.94,0.83,0.0,0.43,0.94,1.25,0.86,0.6,1,1,1,8,0,0,1,3,1,0,0.7998,0.2357,0.0596,0.8356,0.0,0.0,0.0404,0.1811,0.0363,0.0,4,8,0,0,0,3,0,1,0,0,0.9361,0.8266,0.0,0.0,0.0,0.4057,0.0,0.0202,0.0,0.0,4,12,18.32,13.77
3787512,2022-07-14,usa,2022,MLS,,Allen Chapman,6637,LA Galaxy,6603,San Jose Earthquakes,1,2,3,54,46,25,11,8,4,7,4,10,3,0,0,17,6,8,5,11,8,2,3,2,0,,,13,4,1,2,0,0,1,1,17,16,5,9,3,10,11,25,1,6,38,51,30.0,41.0,8.0,10.0,9.0,16.0,483,436,419.0,361.0,189,217,230,144,25.0,31.0,4.0,0.0,2.3,1.74,1.62,0.92,0.68,0.03,2.3,0.95,1.85,2.71,1,0,9,2,7,4,4,4,4,1,0.0975,0.0,1.1886,1.2984,0.5334,0.2516,0.3632,0.1567,0.1191,0.0326,18,9,0,0,5,1,2,0,0,1,1.6232,0.9182,0.0,0.0,0.4713,0.0326,0.2073,0.0,0.0,0.7884,25,11,16.88,21.47
3787512,2022-07-14,usa,2022,MLS,,Allen Chapman,6603,San Jose Earthquakes,6637,LA Galaxy,0,3,2,46,54,11,25,4,8,4,7,3,10,0,0,6,17,5,8,8,11,3,2,0,2,,,4,13,2,1,0,0,1,1,16,17,9,5,10,3,25,11,6,1,51,38,41.0,30.0,10.0,8.0,16.0,9.0,436,483,361.0,419.0,217,189,144,230,31.0,25.0,0.0,4.0,1.74,2.3,0.92,1.62,0.03,0.68,0.95,2.3,2.71,1.85,0,1,2,9,4,7,4,4,1,4,0.0,0.0975,1.2984,1.1886,0.2516,0.5334,0.1567,0.3632,0.0326,0.1191,9,18,0,0,1,5,0,2,1,0,0.9182,1.6232,0.0,0.0,0.0326,0.4713,0.0,0.2073,0.7884,0.0,11,25,21.47,16.88
3787517,2022-07-14,usa,2022,MLS,,Rosendo Mendoza,6602,DC United,6001,Columbus Crew,1,2,2,51,49,19,6,5,3,8,1,6,2,0,0,11,4,8,2,6,1,6,1,4,0,,,8,10,2,2,0,0,0,4,16,18,13,5,2,7,13,12,1,2,50,38,37.0,32.0,13.0,6.0,11.0,6.0,380,375,309.0,302.0,183,174,126,128,28.0,29.0,9.0,1.0,3.47,0.33,1.02,0.33,1.66,0.0,2.68,0.33,2.16,1.38,3,0,5,2,3,2,6,1,2,1,1.4156,0.0,1.6481,0.1351,0.0694,0.0934,0.2799,0.0613,0.0543,0.0376,12,6,0,0,5,0,1,0,1,0,1.0188,0.3274,0.0,0.0,1.5915,0.0,0.0687,0.0,0.7884,0.0,19,6,17.13,16.7
3787517,2022-07-14,usa,2022,MLS,,Rosendo Mendoza,6001,Columbus Crew,6602,DC United,0,2,2,49,51,6,19,3,5,1,8,2,6,0,0,4,11,2,8,1,6,1,6,0,4,,,10,8,2,2,0,0,4,0,18,16,5,13,7,2,12,13,2,1,38,50,32.0,37.0,6.0,13.0,6.0,11.0,375,380,302.0,309.0,174,183,128,126,29.0,28.0,1.0,9.0,0.33,3.47,0.33,1.02,0.0,1.66,0.33,2.68,1.38,2.16,0,3,2,5,2,3,1,6,1,2,0.0,1.4156,0.1351,1.6481,0.0934,0.0694,0.0613,0.2799,0.0376,0.0543,6,12,0,0,0,5,0,1,0,1,0.3274,1.0188,0.0,0.0,0.0,1.5915,0.0,0.0687,0.0,0.7884,6,19,16.7,17.13
3787669,2022-07-14,usa,2022,MLS,,Lukasz Szpala,6397,Chicago Fire FC,56453,Toronto FC,1,2,0,42,58,12,5,6,2,4,3,2,0,0,0,9,2,3,3,2,5,2,0,0,0,,,18,10,2,4,0,0,8,2,22,16,12,11,0,2,19,11,2,4,50,57,37.0,43.0,13.0,14.0,6.0,10.0,404,547,331.0,463.0,189,239,142,224,33.0,17.0,2.0,2.0,1.27,0.38,1.11,0.23,0.16,0.15,1.27,0.38,1.07,0.6,0,0,3,1,6,1,3,3,0,0,0.0,0.0,0.3081,0.1546,0.807,0.0819,0.1522,0.1475,0.0,0.0,8,4,2,0,1,1,1,0,0,0,0.7766,0.2295,0.3285,0.0,0.0686,0.1546,0.0936,0.0,0.0,0.0,12,5,17.37,20.04
3787669,2022-07-14,usa,2022,MLS,,Lukasz Szpala,56453,Toronto FC,6397,Chicago Fire FC,0,0,2,58,42,5,12,2,6,3,4,0,2,0,0,2,9,3,3,5,2,0,2,0,0,,,10,18,4,2,0,0,2,8,16,22,11,12,2,0,11,19,4,2,57,50,43.0,37.0,14.0,13.0,10.0,6.0,547,404,463.0,331.0,239,189,224,142,17.0,33.0,2.0,2.0,0.38,1.27,0.23,1.11,0.15,0.16,0.38,1.27,0.6,1.07,0,0,1,3,1,6,3,3,0,0,0.0,0.0,0.1546,0.3081,0.0819,0.807,0.1475,0.1522,0.0,0.0,4,8,0,2,1,1,0,1,0,0,0.2295,0.7766,0.0,0.3285,0.1546,0.0686,0.0,0.0936,0.0,0.0,5,12,20.04,17.37
3787670,2022-07-14,usa,2022,MLS,,Pierre Luce Lauziere,722265,FC Cincinnati,307691,Vancouver Whitecaps,1,2,2,61,39,15,11,7,4,5,3,3,4,0,0,9,7,6,4,7,4,3,3,2,1,,,11,6,2,2,0,0,1,2,15,14,10,12,3,4,11,17,2,4,49,46,27.0,29.0,22.0,17.0,7.0,4.0,565,356,482.0,258.0,276,155,206,103,29.0,16.0,8.0,5.0,1.73,1.57,1.31,1.28,0.42,0.29,1.73,1.57,1.5,2.11,1,1,8,4,0,2,3,4,3,0,0.3569,0.799,1.1692,0.4867,0.0,0.154,0.0728,0.1273,0.1356,0.0,12,7,0,2,2,2,1,0,0,0,1.3123,1.1274,0.0,0.154,0.3799,0.2855,0.0423,0.0,0.0,0.0,15,11,16.78,16.96
3787670,2022-07-14,usa,2022,MLS,,Pierre Luce Lauziere,307691,Vancouver Whitecaps,722265,FC Cincinnati,0,2,2,39,61,11,15,4,7,3,5,4,3,0,0,7,9,4,6,4,7,3,3,1,2,,,6,11,2,2,0,0,2,1,14,15,12,10,4,3,17,11,4,2,46,49,29.0,27.0,17.0,22.0,4.0,7.0,356,565,258.0,482.0,155,276,103,206,16.0,29.0,5.0,8.0,1.57,1.73,1.28,1.31,0.29,0.42,1.57,1.73,2.11,1.5,1,1,4,8,2,0,4,3,0,3,0.799,0.3569,0.4867,1.1692,0.154,0.0,0.1273,0.0728,0.0,0.1356,7,12,2,0,2,2,0,1,0,0,1.1274,1.3123,0.154,0.0,0.2855,0.3799,0.0,0.0423,0.0,0.0,11,15,16.96,16.78
3787513,2022-07-16,usa,2022,MLS,,Rubiel Vazquez,191716,Philadelphia Union,6580,New England Revolution,1,2,1,44,56,20,18,6,7,8,9,6,2,0,1,7,11,13,7,9,6,1,4,0,4,,,5,8,1,0,0,0,1,4,10,10,11,12,3,4,16,17,5,4,36,37,21.0,26.0,15.0,11.0,4.0,11.0,378,487,316.0,424.0,140,249,176,175,20.0,33.0,6.0,6.0,1.4,1.29,0.34,1.07,0.28,0.22,0.62,1.29,1.65,1.32,0,0,6,8,1,4,11,4,2,2,0.0,0.0,0.9794,0.8219,0.0737,0.2485,0.2662,0.1625,0.0845,0.0569,10,14,0,0,8,4,1,0,1,0,0.3356,1.0665,0.0,0.0,0.2532,0.2233,0.0267,0.0,0.7884,0.0,20,18,22.33,17.34
3787513,2022-07-16,usa,2022,MLS,,Rubiel Vazquez,6580,New England Revolution,191716,Philadelphia Union,0,1,2,56,44,18,20,7,6,9,8,2,6,1,0,11,7,7,13,6,9,4,1,4,0,,,8,5,0,1,0,0,4,1,10,10,12,11,4,3,17,16,4,5,37,36,26.0,21.0,11.0,15.0,11.0,4.0,487,378,424.0,316.0,249,140,175,176,33.0,20.0,6.0,6.0,1.29,1.4,1.07,0.34,0.22,0.28,1.29,0.62,1.32,1.65,0,0,8,6,4,1,4,11,2,2,0.0,0.0,0.8219,0.9794,0.2485,0.0737,0.1625,0.2662,0.0569,0.0845,14,10,0,0,4,8,0,1,0,1,1.0665,0.3356,0.0,0.0,0.2233,0.2532,0.0,0.0267,0.0,0.7884,18,20,17.34,22.33
3787671,2022-07-16,usa,2022,MLS,,Ted Unkel,161195,CF Montreal,56453,Toronto FC,1,1,0,64,36,19,7,5,4,9,3,5,0,2,0,14,6,5,1,9,7,3,0,3,0,,,10,10,1,1,1,0,1,2,15,19,5,10,0,4,4,27,4,5,41,48,32.0,35.0,9.0,13.0,8.0,6.0,545,313,467.0,238.0,183,154,284,84,35.0,13.0,9.0,5.0,2.21,0.33,1.51,0.14,0.7,0.2,2.21,0.33,1.59,0.46,1,0,9,4,4,2,3,1,2,0,0.4472,0.0,1.3407,0.1671,0.2669,0.1371,0.1307,0.0287,0.0682,0.0,12,2,1,0,4,5,2,0,0,0,1.4157,0.1371,0.1374,0.0,0.1741,0.1958,0.5264,0.0,0.0,0.0,19,7,16.43,15.01
3787671,2022-07-16,usa,2022,MLS,,Ted Unkel,56453,Toronto FC,161195,CF Montreal,0,0,1,36,64,7,19,4,5,3,9,0,5,0,2,6,14,1,5,7,9,0,3,0,3,,,10,10,1,1,0,1,2,1,19,15,10,5,4,0,27,4,5,4,48,41,35.0,32.0,13.0,9.0,6.0,8.0,313,545,238.0,467.0,154,183,84,284,13.0,35.0,5.0,9.0,0.33,2.21,0.14,1.51,0.2,0.7,0.33,2.21,0.46,1.59,0,1,4,9,2,4,1,3,0,2,0.0,0.4472,0.1671,1.3407,0.1371,0.2669,0.0287,0.1307,0.0,0.0682,2,12,0,1,5,4,0,2,0,0,0.1371,1.4157,0.0,0.1374,0.1958,0.1741,0.0,0.5264,0.0,0.0,7,19,15.01,16.43
3787514,2022-07-17,usa,2022,MLS,,Pierre Luce Lauziere,6397,Chicago Fire FC,130394,Seattle Sounders FC,1,1,0,50,50,9,15,5,2,1,6,3,7,0,0,7,10,2,5,6,10,2,0,1,0,,,11,9,0,1,0,0,1,3,20,16,8,18,7,3,22,14,2,4,46,47,34.0,34.0,12.0,13.0,5.0,7.0,466,458,381.0,389.0,192,185,189,204,33.0,43.0,0.0,7.0,1.02,0.87,1.02,0.57,0.0,0.3,1.02,0.87,1.1,0.46,0,1,5,4,2,5,2,3,0,2,0.0,0.0446,0.4135,0.1356,0.1231,0.505,0.4858,0.1161,0.0,0.0692,8,6,1,1,0,7,0,1,0,0,0.9612,0.3012,0.0611,0.2645,0.0,0.2574,0.0,0.0474,0.0,0.0,9,15,14.59,16.5
3787514,2022-07-17,usa,2022,MLS,,Pierre Luce Lauziere,130394,Seattle Sounders FC,6397,Chicago Fire FC,0,0,1,50,50,15,9,2,5,6,1,7,3,0,0,10,7,5,2,10,6,0,2,0,1,,,9,11,1,0,0,0,3,1,16,20,18,8,3,7,14,22,4,2,47,46,34.0,34.0,13.0,12.0,7.0,5.0,458,466,389.0,381.0,185,192,204,189,43.0,33.0,7.0,0.0,0.87,1.02,0.57,1.02,0.3,0.0,0.87,1.02,0.46,1.1,1,0,4,5,5,2,3,2,2,0,0.0446,0.0,0.1356,0.4135,0.505,0.1231,0.1161,0.4858,0.0692,0.0,6,8,1,1,7,0,1,0,0,0,0.3012,0.9612,0.2645,0.0611,0.2574,0.0,0.0474,0.0,0.0,0.0,15,9,16.5,14.59
3787515,2022-07-17,usa,2022,MLS,,Jon Freemon,960720,Inter Miami CF,1323940,Charlotte FC,1,3,2,59,41,15,4,7,3,2,1,6,0,0,0,10,2,5,2,7,4,3,0,2,0,33,6,13,12,2,5,0,0,5,0,11,22,10,6,0,7,15,21,1,3,55,51,39.0,42.0,16.0,9.0,19.0,9.0,546,386,473.0,307.0,233,206,240,101,30.0,27.0,5.0,1.0,1.39,0.46,1.36,0.46,0.03,0.0,1.39,0.46,2.88,1.72,0,0,7,1,3,1,1,1,4,1,0.0,0.0,0.9263,0.2263,0.2001,0.1337,0.1427,0.032,0.1251,0.0658,14,4,0,0,1,0,0,0,0,0,1.3636,0.4578,0.0,0.0,0.0306,0.0,0.0,0.0,0.0,0.0,15,4,16.5,19.49
3787515,2022-07-17,usa,2022,MLS,,Jon Freemon,1323940,Charlotte FC,960720,Inter Miami CF,0,2,3,41,59,4,15,3,7,1,2,0,6,0,0,2,10,2,5,4,7,0,3,0,2,6,33,12,13,5,2,0,0,0,5,22,11,6,10,7,0,21,15,3,1,51,55,42.0,39.0,9.0,16.0,9.0,19.0,386,546,307.0,473.0,206,233,101,240,27.0,30.0,1.0,5.0,0.46,1.39,0.46,1.36,0.0,0.03,0.46,1.39,1.72,2.88,0,0,1,7,1,3,1,1,1,4,0.0,0.0,0.2263,0.9263,0.1337,0.2001,0.032,0.1427,0.0658,0.1251,4,14,0,0,0,1,0,0,0,0,0.4578,1.3636,0.0,0.0,0.0,0.0306,0.0,0.0,0.0,0.0,4,15,19.49,16.5
3787516,2022-07-17,usa,2022,MLS,,Jair Marrufo,207242,Minnesota United,6602,DC United,1,2,0,47,53,17,5,6,0,6,2,5,3,0,0,10,3,7,2,6,4,1,1,1,1,,,3,8,0,1,0,0,2,1,16,11,6,4,3,6,17,24,0,3,41,36,34.0,22.0,7.0,14.0,10.0,8.0,424,497,356.0,423.0,191,266,165,157,22.0,20.0,5.0,3.0,1.92,0.29,1.33,0.12,0.59,0.17,1.92,0.29,0.86,0.0,1,1,5,2,4,0,7,2,0,0,0.3883,0.0781,0.6645,0.1761,0.2339,0.0,0.6306,0.0356,0.0,0.0,10,2,2,0,1,3,4,0,0,0,0.8566,0.1171,0.4752,0.0,0.0473,0.1727,0.5381,0.0,0.0,0.0,17,5,17.51,16.11
3787516,2022-07-17,usa,2022,MLS,,Jair Marrufo,6602,DC United,207242,Minnesota United,0,0,2,53,47,5,17,0,6,2,6,3,5,0,0,3,10,2,7,4,6,1,1,1,1,,,8,3,1,0,0,0,1,2,11,16,4,6,6,3,24,17,3,0,36,41,22.0,34.0,14.0,7.0,8.0,10.0,497,424,423.0,356.0,266,191,157,165,20.0,22.0,3.0,5.0,0.29,1.92,0.12,1.33,0.17,0.59,0.29,1.92,0.0,0.86,1,1,2,5,0,4,2,7,0,0,0.0781,0.3883,0.1761,0.6645,0.0,0.2339,0.0356,0.6306,0.0,0.0,2,10,0,2,3,1,0,4,0,0,0.1171,0.8566,0.0,0.4752,0.1727,0.0473,0.0,0.5381,0.0,0.0,5,17,16.11,17.51
3787529,2022-07-17,usa,2022,MLS,,Guido Gonzalez,8314,Colorado Rapids,6637,LA Galaxy,1,2,0,49,51,10,18,5,2,4,10,1,6,0,0,6,8,4,10,5,6,2,0,1,0,,,12,12,2,4,0,0,2,1,21,7,8,10,6,2,27,9,2,2,52,36,40.0,29.0,12.0,7.0,8.0,12.0,356,368,292.0,302.0,192,127,100,175,31.0,24.0,7.0,3.0,1.57,0.97,1.44,0.49,0.12,0.49,1.57,0.97,1.55,0.16,2,0,1,7,3,2,4,5,0,4,0.6202,0.0,0.4457,0.4801,0.2672,0.1984,0.236,0.1835,0.0,0.1118,7,11,1,0,1,5,1,2,0,0,1.3357,0.488,0.1089,0.0,0.0396,0.4355,0.085,0.0504,0.0,0.0,10,18,17.09,19.04
3787529,2022-07-17,usa,2022,MLS,,Guido Gonzalez,6637,LA Galaxy,8314,Colorado Rapids,0,0,2,51,49,18,10,2,5,10,4,6,1,0,0,8,6,10,4,6,5,0,2,0,1,,,12,12,4,2,0,0,1,2,7,21,10,8,2,6,9,27,2,2,36,52,29.0,40.0,7.0,12.0,12.0,8.0,368,356,302.0,292.0,127,192,175,100,24.0,31.0,3.0,7.0,0.97,1.57,0.49,1.44,0.49,0.12,0.97,1.57,0.16,1.55,0,2,7,1,2,3,5,4,4,0,0.0,0.6202,0.4801,0.4457,0.1984,0.2672,0.1835,0.236,0.1118,0.0,11,7,0,1,5,1,2,1,0,0,0.488,1.3357,0.0,0.1089,0.4355,0.0396,0.0504,0.085,0.0,0.0,18,10,19.04,17.09
3787530,2022-07-17,usa,2022,MLS,,Armando Villarreal,6399,FC Dallas,1218886,Austin FC,1,1,1,49,51,16,10,5,4,8,4,3,2,2,1,12,6,4,4,8,4,5,2,4,1,,,5,9,1,1,0,0,3,2,9,13,12,8,2,3,13,12,4,4,32,32,26.0,26.0,6.0,6.0,8.0,8.0,462,481,383.0,411.0,236,212,147,199,32.0,31.0,4.0,2.0,2.38,0.73,2.2,0.55,0.18,0.18,2.38,0.73,1.89,1.26,3,0,6,4,3,2,2,4,2,0,1.0912,0.0,1.0931,0.4098,0.2236,0.0943,0.0423,0.2306,0.0403,0.0,12,7,2,0,1,2,1,1,0,0,1.849,0.5499,0.4648,0.0,0.0171,0.0422,0.1597,0.1426,0.0,0.0,16,10,15.32,16.72
3787530,2022-07-17,usa,2022,MLS,,Armando Villarreal,1218886,Austin FC,6399,FC Dallas,0,1,1,51,49,10,16,4,5,4,8,2,3,1,2,6,12,4,4,4,8,2,5,1,4,,,9,5,1,1,0,0,2,3,13,9,8,12,3,2,12,13,4,4,32,32,26.0,26.0,6.0,6.0,8.0,8.0,481,462,411.0,383.0,212,236,199,147,31.0,32.0,2.0,4.0,0.73,2.38,0.55,2.2,0.18,0.18,0.73,2.38,1.26,1.89,0,3,4,6,2,3,4,2,0,2,0.0,1.0912,0.4098,1.0931,0.0943,0.2236,0.2306,0.0423,0.0,0.0403,7,12,0,2,2,1,1,1,0,0,0.5499,1.849,0.0,0.4648,0.0422,0.0171,0.1426,0.1597,0.0,0.0,10,16,16.72,15.32
3787544,2022-07-17,usa,2022,MLS,,Víctor Rivas,773958,Atlanta United,267810,Orlando City,1,1,1,62,38,18,3,4,1,10,1,4,1,1,1,11,0,7,3,10,2,3,0,2,0,,,8,12,3,4,0,0,1,2,15,29,6,5,1,4,11,29,0,3,53,50,47.0,46.0,6.0,4.0,20.0,9.0,518,321,456.0,258.0,167,147,289,111,14.0,26.0,6.0,2.0,2.19,0.24,1.64,0.09,0.55,0.15,2.19,0.24,1.35,0.61,1,0,8,0,2,0,3,2,4,1,0.4112,0.0,1.1944,0.0,0.3969,0.0,0.1445,0.1868,0.1486,0.0512,13,1,1,0,2,1,2,1,0,0,1.3887,0.0391,0.3566,0.0,0.0355,0.0512,0.5147,0.1476,0.0,0.0,18,3,17.69,21.18
3787544,2022-07-17,usa,2022,MLS,,Víctor Rivas,267810,Orlando City,773958,Atlanta United,0,1,1,38,62,3,18,1,4,1,10,1,4,1,1,0,11,3,7,2,10,0,3,0,2,,,12,8,4,3,0,0,2,1,29,15,5,6,4,1,29,11,3,0,50,53,46.0,47.0,4.0,6.0,9.0,20.0,321,518,258.0,456.0,147,167,111,289,26.0,14.0,2.0,6.0,0.24,2.19,0.09,1.64,0.15,0.55,0.24,2.19,0.61,1.35,0,1,0,8,0,2,2,3,1,4,0.0,0.4112,0.0,1.1944,0.0,0.3969,0.1868,0.1445,0.0512,0.1486,1,13,0,1,1,2,1,2,0,0,0.0391,1.3887,0.0,0.3566,0.0512,0.0355,0.1476,0.5147,0.0,0.0,3,18,21.18,17.69
3787545,2022-07-17,usa,2022,MLS,,Chris Penso,6514,New York Red Bulls,546238,New York City FC,1,0,1,35,65,14,19,4,9,5,9,5,1,0,0,10,12,4,7,8,0,1,4,1,3,,,19,11,3,3,0,0,1,1,14,17,7,5,3,5,9,22,6,4,47,70,31.0,49.0,16.0,21.0,7.0,13.0,246,487,157.0,397.0,57,258,100,139,21.0,32.0,6.0,4.0,0.89,1.41,0.64,1.14,0.24,0.27,0.89,1.41,0.55,1.9,1,2,4,7,5,3,2,4,2,3,0.2429,0.2847,0.1979,0.6974,0.3003,0.2066,0.0762,0.1468,0.0724,0.0831,12,12,0,2,2,0,0,5,0,0,0.6468,0.9928,0.0,0.147,0.2429,0.0,0.0,0.2787,0.0,0.0,14,19,17.67,18.96
3787545,2022-07-17,usa,2022,MLS,,Chris Penso,546238,New York City FC,6514,New York Red Bulls,0,1,0,65,35,19,14,9,4,9,5,1,5,0,0,12,10,7,4,0,8,4,1,3,1,,,11,19,3,3,0,0,1,1,17,14,5,7,5,3,22,9,4,6,70,47,49.0,31.0,21.0,16.0,13.0,7.0,487,246,397.0,157.0,258,57,139,100,32.0,21.0,4.0,6.0,1.41,0.89,1.14,0.64,0.27,0.24,1.41,0.89,1.9,0.55,2,1,7,4,3,5,4,2,3,2,0.2847,0.2429,0.6974,0.1979,0.2066,0.3003,0.1468,0.0762,0.0831,0.0724,12,12,2,0,0,2,5,0,0,0,0.9928,0.6468,0.147,0.0,0.0,0.2429,0.2787,0.0,0.0,0.0,19,14,18.96,17.67
3787546,2022-07-17,usa,2022,MLS,,Marcos de Oliveira,6001,Columbus Crew,722265,FC Cincinnati,1,2,0,58,42,17,9,4,2,7,2,6,5,0,0,11,7,6,2,9,3,3,1,1,1,,,8,17,1,2,0,0,0,2,14,13,8,10,5,5,10,18,2,2,52,41,43.0,29.0,9.0,12.0,13.0,8.0,458,323,389.0,263.0,173,123,216,140,29.0,19.0,7.0,6.0,2.26,1.05,0.98,0.93,0.49,0.12,1.47,1.05,2.0,1.0,0,2,6,4,5,1,4,1,2,1,0.0,0.5044,1.3057,0.3857,0.5257,0.0566,0.3194,0.0673,0.1112,0.0352,11,7,0,0,3,0,2,2,1,0,0.9825,0.9252,0.0,0.0,0.1251,0.0,0.366,0.1238,0.7884,0.0,17,9,15.95,15.12
3787546,2022-07-17,usa,2022,MLS,,Marcos de Oliveira,722265,FC Cincinnati,6001,Columbus Crew,0,0,2,42,58,9,17,2,4,2,7,5,6,0,0,7,11,2,6,3,9,1,3,1,1,,,17,8,2,1,0,0,2,0,13,14,10,8,5,5,18,10,2,2,41,52,29.0,43.0,12.0,9.0,8.0,13.0,323,458,263.0,389.0,123,173,140,216,19.0,29.0,6.0,7.0,1.05,2.26,0.93,0.98,0.12,0.49,1.05,1.47,1.0,2.0,2,0,4,6,1,5,1,4,1,2,0.5044,0.0,0.3857,1.3057,0.0566,0.5257,0.0673,0.3194,0.0352,0.1112,7,11,0,0,0,3,2,2,0,1,0.9252,0.9825,0.0,0.0,0.0,0.1251,0.1238,0.366,0.0,0.7884,9,17,15.12,15.95
3787547,2022-07-18,usa,2022,MLS,,Drew Fischer,915807,Nashville SC,867280,Los Angeles FC,1,1,2,50,50,13,13,3,5,6,6,4,2,0,1,9,5,4,8,4,2,2,3,1,1,,,12,10,3,2,0,0,0,0,12,8,6,8,2,4,15,19,3,2,46,39,24.0,30.0,22.0,9.0,3.0,11.0,470,481,396.0,412.0,227,177,169,235,43.0,30.0,5.0,0.0,2.01,1.58,0.38,1.51,0.84,0.07,1.22,1.58,1.15,1.87,0,3,8,1,1,1,1,6,3,2,0.0,0.9833,1.8336,0.3067,0.0358,0.0533,0.0446,0.2922,0.0955,0.0813,7,12,0,0,2,0,3,1,1,0,0.379,1.6463,0.0,0.0,0.3487,0.0,0.4934,0.0704,0.7884,0.0,13,13,14.52,18.57
3787547,2022-07-18,usa,2022,MLS,,Drew Fischer,867280,Los Angeles FC,915807,Nashville SC,0,2,1,50,50,13,13,5,3,6,6,2,4,1,0,5,9,8,4,2,4,3,2,1,1,,,10,12,2,3,0,0,0,0,8,12,8,6,4,2,19,15,2,3,39,46,30.0,24.0,9.0,22.0,11.0,3.0,481,470,412.0,396.0,177,227,235,169,30.0,43.0,0.0,5.0,1.58,2.01,1.51,0.38,0.07,0.84,1.58,1.22,1.87,1.15,3,0,1,8,1,1,6,1,2,3,0.9833,0.0,0.3067,1.8336,0.0533,0.0358,0.2922,0.0446,0.0813,0.0955,12,7,0,0,0,2,1,3,0,1,1.6463,0.379,0.0,0.0,0.0,0.3487,0.0704,0.4934,0.0,0.7884,13,13,18.57,14.52
3787548,2022-07-18,usa,2022,MLS,,Joe Dickerson,6606,Real Salt Lake,6604,Sporting Kansas City,1,3,0,56,44,19,6,10,1,5,3,4,2,0,0,13,4,6,2,5,4,5,0,3,0,,,13,8,3,2,0,1,6,0,14,9,6,6,2,4,6,11,1,7,33,36,26.0,31.0,7.0,5.0,4.0,11.0,456,361,407.0,308.0,248,191,159,117,30.0,12.0,9.0,4.0,2.04,0.33,1.74,0.33,0.3,0.0,2.04,0.33,2.43,0.15,2,0,5,3,6,1,4,1,2,1,0.8568,0.0,0.4346,0.2303,0.5548,0.0391,0.1574,0.0284,0.0406,0.0328,13,6,1,0,4,0,1,0,0,0,1.6506,0.3306,0.0953,0.0,0.2748,0.0,0.0236,0.0,0.0,0.0,19,6,17.2,18.57
3787548,2022-07-18,usa,2022,MLS,,Joe Dickerson,6604,Sporting Kansas City,6606,Real Salt Lake,0,0,3,44,56,6,19,1,10,3,5,2,4,0,0,4,13,2,6,4,5,0,5,0,3,,,8,13,2,3,1,0,0,6,9,14,6,6,4,2,11,6,7,1,36,33,31.0,26.0,5.0,7.0,11.0,4.0,361,456,308.0,407.0,191,248,117,159,12.0,30.0,4.0,9.0,0.33,2.04,0.33,1.74,0.0,0.3,0.33,2.04,0.15,2.43,0,2,3,5,1,6,1,4,1,2,0.0,0.8568,0.2303,0.4346,0.0391,0.5548,0.0284,0.1574,0.0328,0.0406,6,13,0,1,0,4,0,1,0,0,0.3306,1.6506,0.0,0.0953,0.0,0.2748,0.0,0.0236,0.0,0.0,6,19,18.57,17.2
3787549,2022-07-18,usa,2022,MLS,,Timothy Ford,6603,San Jose Earthquakes,8259,Houston Dynamo FC,1,1,2,51,49,16,13,6,4,8,5,2,4,1,1,11,9,5,4,8,7,2,3,2,2,,,6,12,1,3,0,0,2,0,22,18,10,15,4,3,13,23,2,4,49,44,42.0,33.0,7.0,11.0,9.0,9.0,447,441,381.0,365.0,176,197,205,168,20.0,30.0,5.0,4.0,2.18,1.34,1.56,1.16,0.62,0.18,2.18,1.34,0.7,1.79,3,0,6,7,2,2,4,4,1,0,1.033,0.0,0.8059,0.9231,0.1146,0.1885,0.1756,0.2249,0.0558,0.0,10,11,0,0,3,2,3,0,0,0,1.5576,1.1571,0.0,0.0,0.2813,0.1793,0.3459,0.0,0.0,0.0,16,13,15.74,15.32
3787549,2022-07-18,usa,2022,MLS,,Timothy Ford,8259,Houston Dynamo FC,6603,San Jose Earthquakes,0,2,1,49,51,13,16,4,6,5,8,4,2,1,1,9,11,4,5,7,8,3,2,2,2,,,12,6,3,1,0,0,0,2,18,22,15,10,3,4,23,13,4,2,44,49,33.0,42.0,11.0,7.0,9.0,9.0,441,447,365.0,381.0,197,176,168,205,30.0,20.0,4.0,5.0,1.34,2.18,1.16,1.56,0.18,0.62,1.34,2.18,1.79,0.7,0,3,7,6,2,2,4,4,0,1,0.0,1.033,0.9231,0.8059,0.1885,0.1146,0.2249,0.1756,0.0,0.0558,11,10,0,0,2,3,0,3,0,0,1.1571,1.5576,0.0,0.0,0.1793,0.2813,0.0,0.3459,0.0,0.0,13,16,15.32,15.74
3787672,2022-07-18,usa,2022,MLS,,Ramy Touchan,307690,Portland Timbers,307691,Vancouver Whitecaps,1,1,1,65,35,17,14,5,7,6,6,6,1,0,0,12,10,5,4,7,2,3,3,2,2,,,10,15,3,2,0,0,0,0,20,18,8,7,1,6,17,27,6,4,55,52,39.0,41.0,16.0,11.0,6.0,14.0,585,312,499.0,231.0,236,98,263,133,33.0,43.0,6.0,7.0,2.35,1.69,1.16,1.57,0.4,0.12,1.56,1.69,1.47,2.47,1,2,9,5,2,3,4,3,1,1,0.1849,0.8389,1.8137,0.4375,0.0872,0.2068,0.2432,0.2218,0.0242,0.0369,13,10,0,2,2,1,1,1,1,0,1.1614,1.5149,0.0,0.1061,0.2793,0.0725,0.1241,0.0484,0.7884,0.0,17,14,14.85,16.14
3787672,2022-07-18,usa,2022,MLS,,Ramy Touchan,307691,Vancouver Whitecaps,307690,Portland Timbers,0,1,1,35,65,14,17,7,5,6,6,1,6,0,0,10,12,4,5,2,7,3,3,2,2,,,15,10,2,3,0,0,0,0,18,20,7,8,6,1,27,17,4,6,52,55,41.0,39.0,11.0,16.0,14.0,6.0,312,585,231.0,499.0,98,236,133,263,43.0,33.0,7.0,6.0,1.69,2.35,1.57,1.16,0.12,0.4,1.69,1.56,2.47,1.47,2,1,5,9,3,2,3,4,1,1,0.8389,0.1849,0.4375,1.8137,0.2068,0.0872,0.2218,0.2432,0.0369,0.0242,10,13,2,0,1,2,1,1,0,1,1.5149,1.1614,0.1061,0.0,0.0725,0.2793,0.0484,0.1241,0.0,0.7884,14,17,16.14,14.85
3787550,2022-07-23,usa,2022,MLS,,Allen Chapman,546238,New York City FC,960720,Inter Miami CF,1,2,0,46,54,18,11,6,4,9,2,3,5,0,0,12,8,6,3,4,3,3,0,1,0,34,17,8,7,1,1,0,0,1,3,13,16,10,17,5,3,13,11,4,4,30,34,26.0,32.0,4.0,2.0,6.0,9.0,534,631,470.0,556.0,247,313,223,243,20.0,38.0,2.0,2.0,1.79,0.69,1.58,0.66,0.21,0.03,1.79,0.69,1.76,0.57,1,0,8,4,3,4,2,2,4,1,0.3988,0.0,0.7864,0.3358,0.4014,0.257,0.1095,0.0624,0.093,0.0328,14,10,1,0,3,0,0,1,0,0,1.5665,0.6552,0.0153,0.0,0.2072,0.0,0.0,0.0328,0.0,0.0,18,11,18.73,18.85
3787550,2022-07-23,usa,2022,MLS,,Allen Chapman,960720,Inter Miami CF,546238,New York City FC,0,0,2,54,46,11,18,4,6,2,9,5,3,0,0,8,12,3,6,3,4,0,3,0,1,17,34,7,8,1,1,0,0,3,1,16,13,17,10,3,5,11,13,4,4,34,30,32.0,26.0,2.0,4.0,9.0,6.0,631,534,556.0,470.0,313,247,243,223,38.0,20.0,2.0,2.0,0.69,1.79,0.66,1.58,0.03,0.21,0.69,1.79,0.57,1.76,0,1,4,8,4,3,2,2,1,4,0.0,0.3988,0.3358,0.7864,0.257,0.4014,0.0624,0.1095,0.0328,0.093,10,14,0,1,0,3,1,0,0,0,0.6552,1.5665,0.0,0.0153,0.0,0.2072,0.0328,0.0,0.0,0.0,11,18,18.85,18.73
3787551,2022-07-23,usa,2022,MLS,,Chris Penso,722265,FC Cincinnati,915807,Nashville SC,1,1,1,59,41,16,8,4,3,8,3,4,2,0,0,10,7,6,1,8,3,1,2,0,1,,,10,5,1,2,0,0,1,0,2,10,9,15,1,3,26,21,2,3,32,41,18.0,21.0,14.0,20.0,11.0,2.0,553,387,480.0,305.0,179,166,301,139,23.0,31.0,6.0,2.0,1.46,1.63,0.75,0.24,0.72,1.38,1.46,1.63,1.25,1.61,3,2,4,4,3,1,2,0,4,1,0.752,1.1246,0.3629,0.4304,0.1216,0.034,0.08,0.0,0.1462,0.0369,11,2,0,0,4,4,1,2,0,0,0.7464,0.244,0.0,0.0,0.6677,1.286,0.0486,0.0959,0.0,0.0,16,8,17.32,12.11
3787551,2022-07-23,usa,2022,MLS,,Chris Penso,915807,Nashville SC,722265,FC Cincinnati,0,1,1,41,59,8,16,3,4,3,8,2,4,0,0,7,10,1,6,3,8,2,1,1,0,,,5,10,2,1,0,0,0,1,10,2,15,9,3,1,21,26,3,2,41,32,21.0,18.0,20.0,14.0,2.0,11.0,387,553,305.0,480.0,166,179,139,301,31.0,23.0,2.0,6.0,1.63,1.46,0.24,0.75,1.38,0.72,1.63,1.46,1.61,1.25,2,3,4,4,1,3,0,2,1,4,1.1246,0.752,0.4304,0.3629,0.034,0.1216,0.0,0.08,0.0369,0.1462,2,11,0,0,4,4,2,1,0,0,0.244,0.7464,0.0,0.0,1.286,0.6677,0.0959,0.0486,0.0,0.0,8,16,12.11,17.32
3787552,2022-07-23,usa,2022,MLS,,Silviu Petrescu,6001,Columbus Crew,6580,New England Revolution,1,0,0,58,42,17,5,7,2,7,2,3,1,0,0,12,3,5,2,5,3,1,0,1,0,,,14,13,0,3,0,0,0,0,9,17,10,8,1,4,5,16,2,6,45,42,26.0,34.0,19.0,8.0,4.0,4.0,506,373,445.0,296.0,213,159,232,137,37.0,21.0,6.0,2.0,1.0,0.21,0.64,0.15,0.37,0.06,1.0,0.21,1.53,0.09,0,0,7,3,5,0,2,1,3,1,0.0,0.0,0.5681,0.1321,0.3142,0.0,0.0859,0.0648,0.0635,0.0121,8,3,1,0,5,1,3,1,0,0,0.6061,0.1469,0.0596,0.0,0.1775,0.0334,0.1886,0.0287,0.0,0.0,17,5,18.19,18.13
3787552,2022-07-23,usa,2022,MLS,,Silviu Petrescu,6580,New England Revolution,6001,Columbus Crew,0,0,0,42,58,5,17,2,7,2,7,1,3,0,0,3,12,2,5,3,5,0,1,0,1,,,13,14,3,0,0,0,0,0,17,9,8,10,4,1,16,5,6,2,42,45,34.0,26.0,8.0,19.0,4.0,4.0,373,506,296.0,445.0,159,213,137,232,21.0,37.0,2.0,6.0,0.21,1.0,0.15,0.64,0.06,0.37,0.21,1.0,0.09,1.53,0,0,3,7,0,5,1,2,1,3,0.0,0.0,0.1321,0.5681,0.0,0.3142,0.0648,0.0859,0.0121,0.0635,3,8,0,1,1,5,1,3,0,0,0.1469,0.6061,0.0,0.0596,0.0334,0.1775,0.0287,0.1886,0.0,0.0,5,17,18.13,18.19
3787553,2022-07-23,usa,2022,MLS,,Alex Chilowicz,267810,Orlando City,191716,Philadelphia Union,1,0,1,63,37,12,9,1,1,8,3,3,5,0,0,6,5,6,4,2,5,2,2,2,1,,,10,12,3,2,0,0,1,2,11,16,9,11,4,2,8,30,0,1,43,35,29.0,25.0,14.0,10.0,8.0,0.0,551,319,477.0,243.0,235,118,242,125,26.0,28.0,2.0,5.0,0.68,0.87,0.6,0.19,0.08,0.68,0.68,0.87,0.02,0.97,1,1,4,3,1,1,4,1,2,3,0.1422,0.6247,0.2988,0.1838,0.0628,0.0066,0.1261,0.0157,0.0525,0.0417,9,5,0,0,1,3,2,1,0,0,0.6008,0.1922,0.0,0.0,0.0259,0.6736,0.0556,0.0066,0.0,0.0,12,9,19.1,21.41
3787553,2022-07-23,usa,2022,MLS,,Alex Chilowicz,191716,Philadelphia Union,267810,Orlando City,0,1,0,37,63,9,12,1,1,3,8,5,3,0,0,5,6,4,6,5,2,2,2,1,2,,,12,10,2,3,0,0,2,1,16,11,11,9,2,4,30,8,1,0,35,43,25.0,29.0,10.0,14.0,0.0,8.0,319,551,243.0,477.0,118,235,125,242,28.0,26.0,5.0,2.0,0.87,0.68,0.19,0.6,0.68,0.08,0.87,0.68,0.97,0.02,1,1,3,4,1,1,1,4,3,2,0.6247,0.1422,0.1838,0.2988,0.0066,0.0628,0.0157,0.1261,0.0417,0.0525,5,9,0,0,3,1,1,2,0,0,0.1922,0.6008,0.0,0.0,0.6736,0.0259,0.0066,0.0556,0.0,0.0,9,12,21.41,19.1
3787673,2022-07-23,usa,2022,MLS,,Filip Dujic,56453,Toronto FC,1323940,Charlotte FC,1,4,0,48,52,14,10,4,5,7,3,3,2,0,0,11,7,3,3,5,8,3,2,2,2,,,8,13,1,0,0,1,3,0,14,22,14,10,2,3,26,9,5,0,49,47,41.0,38.0,8.0,9.0,14.0,8.0,474,500,389.0,409.0,240,232,149,177,22.0,26.0,4.0,6.0,1.28,0.69,0.93,0.6,0.35,0.09,1.28,0.69,2.03,0.51,2,0,7,5,2,2,1,2,2,1,0.2019,0.0,0.8358,0.5205,0.1392,0.0734,0.0495,0.0606,0.0544,0.0314,9,8,0,0,4,2,1,0,0,0,0.9319,0.5996,0.0,0.0,0.2563,0.0863,0.0926,0.0,0.0,0.0,14,10,14.72,17.5
3787673,2022-07-23,usa,2022,MLS,,Filip Dujic,1323940,Charlotte FC,56453,Toronto FC,0,0,4,52,48,10,14,5,4,3,7,2,3,0,0,7,11,3,3,8,5,2,3,2,2,,,13,8,0,1,1,0,0,3,22,14,10,14,3,2,9,26,0,5,47,49,38.0,41.0,9.0,8.0,8.0,14.0,500,474,409.0,389.0,232,240,177,149,26.0,22.0,6.0,4.0,0.69,1.28,0.6,0.93,0.09,0.35,0.69,1.28,0.51,2.03,0,2,5,7,2,2,2,1,1,2,0.0,0.2019,0.5205,0.8358,0.0734,0.1392,0.0606,0.0495,0.0314,0.0544,8,9,0,0,2,4,0,1,0,0,0.5996,0.9319,0.0,0.0,0.0863,0.2563,0.0,0.0926,0.0,0.0,10,14,17.5,14.72
3787531,2022-07-24,usa,2022,MLS,,Rosendo Mendoza,130394,Seattle Sounders FC,8314,Colorado Rapids,1,2,1,55,45,17,8,7,3,5,4,5,1,0,0,12,6,5,2,3,11,4,1,2,0,,,4,18,0,5,1,0,2,0,20,14,7,7,1,5,25,20,2,4,61,39,45.0,27.0,16.0,12.0,7.0,10.0,444,344,373.0,275.0,171,147,202,128,38.0,27.0,5.0,4.0,3.01,1.28,1.35,0.92,0.87,0.36,2.22,1.28,2.14,0.63,2,1,8,1,2,4,2,1,3,1,0.8154,0.1014,1.802,0.1191,0.2094,1.0516,0.0739,0.0014,0.1106,0.0077,12,5,0,0,3,3,1,0,1,0,1.3527,0.9179,0.0,0.0,0.8062,0.3634,0.064,0.0,0.7884,0.0,17,8,16.7,18.67
3787531,2022-07-24,usa,2022,MLS,,Rosendo Mendoza,8314,Colorado Rapids,130394,Seattle Sounders FC,0,1,2,45,55,8,17,3,7,4,5,1,5,0,0,6,12,2,5,11,3,1,4,0,2,,,18,4,5,0,0,1,0,2,14,20,7,7,5,1,20,25,4,2,39,61,27.0,45.0,12.0,16.0,10.0,7.0,344,444,275.0,373.0,147,171,128,202,27.0,38.0,4.0,5.0,1.28,3.01,0.92,1.35,0.36,0.87,1.28,2.22,0.63,2.14,1,2,1,8,4,2,1,2,1,3,0.1014,0.8154,0.1191,1.802,1.0516,0.2094,0.0014,0.0739,0.0077,0.1106,5,12,0,0,3,3,0,1,0,1,0.9179,1.3527,0.0,0.0,0.3634,0.8062,0.0,0.064,0.0,0.7884,8,17,18.67,16.7
3787532,2022-07-24,usa,2022,MLS,,Jon Freemon,307690,Portland Timbers,6603,San Jose Earthquakes,1,2,1,42,58,19,11,5,7,8,3,6,1,0,1,7,8,12,3,3,9,2,3,1,2,,,18,15,4,3,0,0,1,2,17,18,9,8,1,6,15,19,6,3,51,48,45.0,44.0,6.0,4.0,13.0,8.0,397,538,325.0,476.0,116,275,209,201,24.0,36.0,3.0,5.0,1.74,1.31,1.45,0.33,0.29,0.98,1.74,1.31,1.75,2.35,2,2,5,2,0,4,6,2,6,1,0.5297,0.8479,0.54,0.1997,0.0,0.1587,0.4789,0.0884,0.1959,0.0311,13,6,0,0,1,2,5,3,0,0,1.4505,0.3258,0.0,0.0,0.0286,0.4488,0.2654,0.5512,0.0,0.0,19,11,18.4,14.89
3787532,2022-07-24,usa,2022,MLS,,Jon Freemon,6603,San Jose Earthquakes,307690,Portland Timbers,0,1,2,58,42,11,19,7,5,3,8,1,6,1,0,8,7,3,12,9,3,3,2,2,1,,,15,18,3,4,0,0,2,1,18,17,8,9,6,1,19,15,3,6,48,51,44.0,45.0,4.0,6.0,8.0,13.0,538,397,476.0,325.0,275,116,201,209,36.0,24.0,5.0,3.0,1.31,1.74,0.33,1.45,0.98,0.29,1.31,1.74,2.35,1.75,2,2,2,5,4,0,2,6,1,6,0.8479,0.5297,0.1997,0.54,0.1587,0.0,0.0884,0.4789,0.0311,0.1959,6,13,0,0,2,1,3,5,0,0,0.3258,1.4505,0.0,0.0,0.4488,0.0286,0.5512,0.2654,0.0,0.0,11,19,14.89,18.4
3787542,2022-07-24,usa,2022,MLS,,Matthew Rowell Conger,6606,Real Salt Lake,6399,FC Dallas,1,0,1,69,31,25,7,5,2,11,3,9,2,0,0,10,4,15,3,7,2,4,1,4,0,,,6,13,4,5,0,0,1,1,12,12,5,9,2,8,3,30,1,5,54,27,45.0,21.0,9.0,6.0,20.0,3.0,577,268,513.0,198.0,227,125,286,73,39.0,14.0,9.0,0.0,2.09,0.7,1.6,0.66,0.49,0.04,2.09,0.7,0.53,1.25,3,0,5,1,2,3,13,3,2,0,0.646,0.0,0.6834,0.293,0.0773,0.2464,0.6484,0.1635,0.0322,0.0,17,5,0,1,4,0,4,1,0,0,1.5977,0.5247,0.0,0.1358,0.2258,0.0,0.2638,0.0423,0.0,0.0,25,7,19.26,20.5
3787542,2022-07-24,usa,2022,MLS,,Matthew Rowell Conger,6399,FC Dallas,6606,Real Salt Lake,0,1,0,31,69,7,25,2,5,3,11,2,9,0,0,4,10,3,15,2,7,1,4,0,4,,,13,6,5,4,0,0,1,1,12,12,9,5,8,2,30,3,5,1,27,54,21.0,45.0,6.0,9.0,3.0,20.0,268,577,198.0,513.0,125,227,73,286,14.0,39.0,0.0,9.0,0.7,2.09,0.66,1.6,0.04,0.49,0.7,2.09,1.25,0.53,0,3,1,5,3,2,3,13,0,2,0.0,0.646,0.293,0.6834,0.2464,0.0773,0.1635,0.6484,0.0,0.0322,5,17,1,0,0,4,1,4,0,0,0.5247,1.5977,0.1358,0.0,0.0,0.2258,0.0423,0.2638,0.0,0.0,7,25,20.5,19.26
3787543,2022-07-24,usa,2022,MLS,,Lukasz Szpala,6604,Sporting Kansas City,867280,Los Angeles FC,1,0,2,60,40,11,13,3,5,6,7,2,1,0,0,4,11,7,2,7,6,0,2,0,2,,,11,15,0,3,0,0,0,2,14,24,9,11,2,2,9,18,2,3,42,60,36.0,48.0,6.0,12.0,7.0,13.0,469,320,410.0,259.0,192,159,218,100,39.0,21.0,8.0,5.0,0.46,0.97,0.38,0.81,0.08,0.16,0.46,0.97,0.39,0.5,0,0,3,5,1,6,3,2,4,0,0.0,0.0,0.1965,0.5618,0.0428,0.3633,0.1368,0.0496,0.0816,0.0,8,7,0,3,1,3,2,0,0,0,0.3807,0.526,0.0,0.2841,0.0229,0.1646,0.0541,0.0,0.0,0.0,11,13,22.35,16.2
3787543,2022-07-24,usa,2022,MLS,,Lukasz Szpala,867280,Los Angeles FC,6604,Sporting Kansas City,0,2,0,40,60,13,11,5,3,7,6,1,2,0,0,11,4,2,7,6,7,2,0,2,0,,,15,11,3,0,0,0,2,0,24,14,11,9,2,2,18,9,3,2,60,42,48.0,36.0,12.0,6.0,13.0,7.0,320,469,259.0,410.0,159,192,100,218,21.0,39.0,5.0,8.0,0.97,0.46,0.81,0.38,0.16,0.08,0.97,0.46,0.5,0.39,0,0,5,3,6,1,2,3,0,4,0.0,0.0,0.5618,0.1965,0.3633,0.0428,0.0496,0.1368,0.0,0.0816,7,8,3,0,3,1,0,2,0,0,0.526,0.3807,0.2841,0.0,0.1646,0.0229,0.0,0.0541,0.0,0.0,13,11,16.2,22.35
3787554,2022-07-24,usa,2022,MLS,,Nima Saghafi,8259,Houston Dynamo FC,207242,Minnesota United,1,1,2,73,27,22,9,4,3,10,4,8,2,0,0,15,5,7,4,13,1,2,2,2,1,,,7,5,2,0,0,0,2,1,22,16,11,13,2,7,5,34,1,3,58,37,41.0,30.0,17.0,7.0,14.0,7.0,694,269,618.0,184.0,265,109,353,75,31.0,20.0,15.0,1.0,1.5,1.33,1.26,1.3,0.24,0.03,1.5,1.33,1.32,0.77,1,0,12,3,2,2,4,1,3,3,0.3839,0.0,0.7392,1.0524,0.2158,0.1525,0.0814,0.0359,0.0789,0.0926,15,8,0,0,7,0,0,1,0,0,1.2615,1.3027,0.0,0.0,0.2378,0.0,0.0,0.0308,0.0,0.0,22,9,16.24,20.45
3787554,2022-07-24,usa,2022,MLS,,Nima Saghafi,207242,Minnesota United,8259,Houston Dynamo FC,0,2,1,27,73,9,22,3,4,4,10,2,8,0,0,5,15,4,7,1,13,2,2,1,2,,,5,7,0,2,0,0,1,2,16,22,13,11,7,2,34,5,3,1,37,58,30.0,41.0,7.0,17.0,7.0,14.0,269,694,184.0,618.0,109,265,75,353,20.0,31.0,1.0,15.0,1.33,1.5,1.3,1.26,0.03,0.24,1.33,1.5,0.77,1.32,0,1,3,12,2,2,1,4,3,3,0.0,0.3839,1.0524,0.7392,0.1525,0.2158,0.0359,0.0814,0.0926,0.0789,8,15,0,0,0,7,1,0,0,0,1.3027,1.2615,0.0,0.0,0.0,0.2378,0.0308,0.0,0.0,0.0,9,22,20.45,16.24
3787656,2022-07-24,usa,2022,MLS,,Rubiel Vazquez,6602,DC United,161195,CF Montreal,1,1,2,43,57,13,10,5,3,3,5,5,2,0,1,11,5,2,5,6,4,2,3,2,1,,,19,7,3,2,0,0,2,5,20,12,14,6,1,5,21,10,1,4,40,62,30.0,47.0,10.0,15.0,3.0,16.0,372,487,288.0,403.0,199,205,89,198,18.0,35.0,4.0,0.0,1.56,1.49,0.86,1.38,0.7,0.11,1.56,1.49,1.27,1.77,1,0,9,2,1,3,0,4,2,1,0.1745,0.0,1.2186,0.5513,0.0882,0.5183,0.0,0.3683,0.083,0.0512,6,8,1,0,5,0,1,2,0,0,0.6166,1.3837,0.2476,0.0,0.585,0.0,0.1151,0.1055,0.0,0.0,13,10,13.48,20.84
3787656,2022-07-24,usa,2022,MLS,,Rubiel Vazquez,161195,CF Montreal,6602,DC United,0,2,1,57,43,10,13,3,5,5,3,2,5,1,0,5,11,5,2,4,6,3,2,1,2,,,7,19,2,3,0,0,5,2,12,20,6,14,5,1,10,21,4,1,62,40,47.0,30.0,15.0,10.0,16.0,3.0,487,372,403.0,288.0,205,199,198,89,35.0,18.0,0.0,4.0,1.49,1.56,1.38,0.86,0.11,0.7,1.49,1.56,1.77,1.27,0,1,2,9,3,1,4,0,1,2,0.0,0.1745,0.5513,1.2186,0.5183,0.0882,0.3683,0.0,0.0512,0.083,8,6,0,1,0,5,2,1,0,0,1.3837,0.6166,0.0,0.2476,0.0,0.585,0.1055,0.1151,0.0,0.0,10,13,20.84,13.48
3787704,2022-07-24,usa,2022,MLS,,Joe Dickerson,307691,Vancouver Whitecaps,6397,Chicago Fire FC,1,1,3,39,61,8,16,3,4,3,10,2,2,1,1,7,8,1,8,3,4,2,0,1,0,,,13,9,2,0,0,0,3,2,15,10,5,9,2,2,7,10,1,2,38,47,29.0,34.0,9.0,13.0,5.0,13.0,368,597,294.0,533.0,164,309,130,224,20.0,32.0,7.0,4.0,1.33,1.08,1.2,0.64,0.13,0.44,1.33,1.08,1.37,1.37,1,1,4,3,2,4,1,5,0,3,0.6008,0.1942,0.5947,0.3444,0.1082,0.2407,0.0288,0.184,0.0,0.117,6,11,0,1,1,3,1,1,0,0,1.2047,0.6221,0.0,0.0678,0.0288,0.3068,0.099,0.0836,0.0,0.0,8,16,12.81,18.93
3787704,2022-07-24,usa,2022,MLS,,Joe Dickerson,6397,Chicago Fire FC,307691,Vancouver Whitecaps,0,3,1,61,39,16,8,4,3,10,3,2,2,1,1,8,7,8,1,4,3,0,2,0,1,,,9,13,0,2,0,0,2,3,10,15,9,5,2,2,10,7,2,1,47,38,34.0,29.0,13.0,9.0,13.0,5.0,597,368,533.0,294.0,309,164,224,130,32.0,20.0,4.0,7.0,1.08,1.33,0.64,1.2,0.44,0.13,1.08,1.33,1.37,1.37,1,1,3,4,4,2,5,1,3,0,0.1942,0.6008,0.3444,0.5947,0.2407,0.1082,0.184,0.0288,0.117,0.0,11,6,1,0,3,1,1,1,0,0,0.6221,1.2047,0.0678,0.0,0.3068,0.0288,0.0836,0.099,0.0,0.0,16,8,18.93,12.81
3787533,2022-07-25,usa,2022,MLS,,Guido Gonzalez,1218886,Austin FC,6514,New York Red Bulls,1,3,4,78,22,14,13,6,8,6,3,2,2,1,0,10,5,4,8,8,1,2,2,1,0,,,13,16,2,3,0,0,0,2,16,17,5,23,1,2,12,17,4,3,65,51,46.0,37.0,19.0,14.0,15.0,7.0,528,151,439.0,79.0,299,25,140,54,30.0,11.0,8.0,0.0,1.71,0.95,1.01,0.86,0.7,0.08,1.71,0.95,1.48,2.19,2,0,7,5,1,0,4,7,0,1,0.7769,0.0,0.6614,0.6659,0.1307,0.0,0.1363,0.2658,0.0,0.0149,6,12,0,0,5,0,3,1,0,0,1.0052,0.8865,0.0,0.0,0.5093,0.0,0.1908,0.06,0.0,0.0,14,13,13.4,21.06
3787533,2022-07-25,usa,2022,MLS,,Guido Gonzalez,6514,New York Red Bulls,1218886,Austin FC,0,4,3,22,78,13,14,8,6,3,6,2,2,0,1,5,10,8,4,1,8,2,2,0,1,,,16,13,3,2,0,0,2,0,17,16,23,5,2,1,17,12,3,4,51,65,37.0,46.0,14.0,19.0,7.0,15.0,151,528,79.0,439.0,25,299,54,140,11.0,30.0,0.0,8.0,0.95,1.71,0.86,1.01,0.08,0.7,0.95,1.71,2.19,1.48,0,2,5,7,0,1,7,4,1,0,0.0,0.7769,0.6659,0.6614,0.0,0.1307,0.2658,0.1363,0.0149,0.0,12,6,0,0,0,5,1,3,0,0,0.8865,1.0052,0.0,0.0,0.0,0.5093,0.06,0.1908,0.0,0.0,13,14,21.06,13.4
3787534,2022-07-25,usa,2022,MLS,,Marcos de Oliveira,6637,LA Galaxy,773958,Atlanta United,1,2,0,49,51,10,12,6,3,3,6,1,3,0,0,8,8,2,4,2,3,3,2,2,2,,,15,16,2,4,0,0,0,2,16,21,10,6,3,1,27,10,3,4,41,51,36.0,42.0,5.0,9.0,6.0,6.0,459,474,391.0,406.0,163,184,228,222,30.0,24.0,4.0,3.0,1.91,1.31,1.91,0.81,0.0,0.5,1.91,1.31,2.25,0.65,1,1,4,5,3,2,0,4,2,0,0.9045,0.4463,0.8412,0.635,0.3895,0.0695,0.0,0.1605,0.0854,0.0,8,10,2,0,0,2,0,0,0,0,1.9315,0.8076,0.2891,0.0,0.0,0.5037,0.0,0.0,0.0,0.0,10,12,13.83,17.38
3787534,2022-07-25,usa,2022,MLS,,Marcos de Oliveira,773958,Atlanta United,6637,LA Galaxy,0,0,2,51,49,12,10,3,6,6,3,3,1,0,0,8,8,4,2,3,2,2,3,2,2,,,16,15,4,2,0,0,2,0,21,16,6,10,1,3,10,27,4,3,51,41,42.0,36.0,9.0,5.0,6.0,6.0,474,459,406.0,391.0,184,163,222,228,24.0,30.0,3.0,4.0,1.31,1.91,0.81,1.91,0.5,0.0,1.31,1.91,0.65,2.25,1,1,5,4,2,3,4,0,0,2,0.4463,0.9045,0.635,0.8412,0.0695,0.3895,0.1605,0.0,0.0,0.0854,10,8,0,2,2,0,0,0,0,0,0.8076,1.9315,0.0,0.2891,0.5037,0.0,0.0,0.0,0.0,0.0,12,10,17.38,13.83
3787535,2022-07-30,usa,2022,MLS,,Joe Dickerson,867280,Los Angeles FC,130394,Seattle Sounders FC,1,2,1,48,52,19,11,8,0,7,9,4,2,0,0,10,6,9,5,8,4,3,1,2,1,,,16,10,1,2,0,0,1,0,16,25,7,13,2,4,13,19,0,6,50,58,37.0,46.0,13.0,12.0,14.0,6.0,422,453,331.0,368.0,122,202,209,166,25.0,53.0,4.0,4.0,1.57,0.92,1.21,0.28,0.36,0.64,1.57,0.92,2.3,0.0,2,2,5,2,3,2,7,3,2,2,0.5179,0.4865,0.5626,0.155,0.209,0.0546,0.2337,0.1695,0.0427,0.0513,14,6,0,0,4,4,1,1,0,0,1.2073,0.2817,0.0,0.0,0.2942,0.6232,0.0644,0.012,0.0,0.0,19,11,18.08,15.31
3787535,2022-07-30,usa,2022,MLS,,Joe Dickerson,130394,Seattle Sounders FC,867280,Los Angeles FC,0,1,2,52,48,11,19,0,8,9,7,2,4,0,0,6,10,5,9,4,8,1,3,1,2,,,10,16,2,1,0,0,0,1,25,16,13,7,4,2,19,13,6,0,58,50,46.0,37.0,12.0,13.0,6.0,14.0,453,422,368.0,331.0,202,122,166,209,53.0,25.0,4.0,4.0,0.92,1.57,0.28,1.21,0.64,0.36,0.92,1.57,0.0,2.3,2,2,2,5,2,3,3,7,2,2,0.4865,0.5179,0.155,0.5626,0.0546,0.209,0.1695,0.2337,0.0513,0.0427,6,14,0,0,4,4,1,1,0,0,0.2817,1.2073,0.0,0.0,0.6232,0.2942,0.012,0.0644,0.0,0.0,11,19,15.31,18.08
3787537,2022-07-30,usa,2022,MLS,,Víctor Rivas,207242,Minnesota United,307690,Portland Timbers,1,4,4,48,52,13,17,6,7,5,7,2,3,1,0,10,9,3,8,5,3,4,2,1,1,,,17,16,5,4,0,0,2,1,21,16,10,9,3,2,18,6,4,2,60,49,50.0,41.0,10.0,8.0,14.0,9.0,344,381,286.0,303.0,134,134,152,169,25.0,18.0,5.0,1.0,2.46,1.35,2.16,1.01,0.3,0.34,2.46,1.35,2.77,2.79,3,1,6,7,1,1,3,5,0,3,0.8207,0.0516,1.2115,0.8891,0.3889,0.1031,0.1321,0.2244,0.0,0.077,7,9,2,0,3,3,1,5,0,0,1.8066,1.0057,0.4431,0.0,0.2863,0.152,0.0171,0.1876,0.0,0.0,13,17,13.09,18.09
3787537,2022-07-30,usa,2022,MLS,,Víctor Rivas,307690,Portland Timbers,207242,Minnesota United,0,4,4,52,48,17,13,7,6,7,5,3,2,0,1,9,10,8,3,3,5,2,4,1,1,,,16,17,4,5,0,0,1,2,16,21,9,10,2,3,6,18,2,4,49,60,41.0,50.0,8.0,10.0,9.0,14.0,381,344,303.0,286.0,134,134,169,152,18.0,25.0,1.0,5.0,1.35,2.46,1.01,2.16,0.34,0.3,1.35,2.46,2.79,2.77,1,3,7,6,1,1,5,3,3,0,0.0516,0.8207,0.8891,1.2115,0.1031,0.3889,0.2244,0.1321,0.077,0.0,9,7,0,2,3,3,5,1,0,0,1.0057,1.8066,0.0,0.4431,0.152,0.2863,0.1876,0.0171,0.0,0.0,17,13,18.09,13.09
3787538,2022-07-30,usa,2022,MLS,,Timothy Ford,6397,Chicago Fire FC,773958,Atlanta United,1,0,0,49,51,15,13,3,2,5,4,7,7,0,0,12,7,3,6,7,8,1,1,1,1,,,7,18,2,2,0,0,2,2,17,18,5,8,7,7,15,25,2,3,55,53,40.0,34.0,15.0,19.0,6.0,11.0,413,438,330.0,355.0,140,225,190,130,32.0,32.0,2.0,3.0,0.98,1.33,0.81,1.03,0.17,0.3,0.98,1.33,0.18,0.28,0,0,7,5,5,2,1,4,2,2,0.0,0.0,0.5887,0.9464,0.2848,0.1062,0.0375,0.223,0.0652,0.059,11,10,0,1,2,2,2,0,0,0,0.8084,0.9736,0.0,0.0608,0.0808,0.3001,0.087,0.0,0.0,0.0,15,13,16.33,18.12
3787538,2022-07-30,usa,2022,MLS,,Timothy Ford,773958,Atlanta United,6397,Chicago Fire FC,0,0,0,51,49,13,15,2,3,4,5,7,7,0,0,7,12,6,3,8,7,1,1,1,1,,,18,7,2,2,0,0,2,2,18,17,8,5,7,7,25,15,3,2,53,55,34.0,40.0,19.0,15.0,11.0,6.0,438,413,355.0,330.0,225,140,130,190,32.0,32.0,3.0,2.0,1.33,0.98,1.03,0.81,0.3,0.17,1.33,0.98,0.28,0.18,0,0,5,7,2,5,4,1,2,2,0.0,0.0,0.9464,0.5887,0.1062,0.2848,0.223,0.0375,0.059,0.0652,10,11,1,0,2,2,0,2,0,0,0.9736,0.8084,0.0608,0.0,0.3001,0.0808,0.0,0.087,0.0,0.0,13,15,18.12,16.33
3787541,2022-07-30,usa,2022,MLS,,Kevin Stott,191716,Philadelphia Union,8259,Houston Dynamo FC,1,6,0,50,50,16,11,8,1,3,5,5,5,0,0,13,4,3,7,5,4,5,0,1,0,,,11,13,1,3,0,0,0,2,17,14,15,6,5,5,11,18,1,2,48,47,35.0,35.0,13.0,12.0,5.0,10.0,427,429,358.0,367.0,201,194,157,173,31.0,36.0,7.0,6.0,2.64,0.63,2.49,0.47,0.15,0.15,2.64,0.63,4.84,0.02,1,0,9,4,3,0,3,2,0,5,0.0761,0.0,2.1983,0.3729,0.2187,0.0,0.1483,0.0946,0.0,0.1597,13,9,0,0,2,1,1,1,0,0,2.4941,0.4743,0.0,0.0,0.0988,0.0967,0.0485,0.0562,0.0,0.0,16,11,15.09,21.28
3787541,2022-07-30,usa,2022,MLS,,Kevin Stott,8259,Houston Dynamo FC,191716,Philadelphia Union,0,0,6,50,50,11,16,1,8,5,3,5,5,0,0,4,13,7,3,4,5,0,5,0,1,,,13,11,3,1,0,0,2,0,14,17,6,15,5,5,18,11,2,1,47,48,35.0,35.0,12.0,13.0,10.0,5.0,429,427,367.0,358.0,194,201,173,157,36.0,31.0,6.0,7.0,0.63,2.64,0.47,2.49,0.15,0.15,0.63,2.64,0.02,4.84,0,1,4,9,0,3,2,3,5,0,0.0,0.0761,0.3729,2.1983,0.0,0.2187,0.0946,0.1483,0.1597,0.0,9,13,0,0,1,2,1,1,0,0,0.4743,2.4941,0.0,0.0,0.0967,0.0988,0.0562,0.0485,0.0,0.0,11,16,21.28,15.09
3787703,2022-07-30,usa,2022,MLS,,Ramy Touchan,161195,CF Montreal,546238,New York City FC,1,0,0,59,41,13,2,1,0,5,1,7,1,0,0,8,0,5,2,8,2,1,0,1,0,,,14,6,2,0,0,0,1,0,21,19,7,7,1,6,7,23,0,1,43,49,34.0,44.0,9.0,5.0,7.0,12.0,518,368,446.0,296.0,159,188,287,108,31.0,21.0,4.0,0.0,0.8,0.07,0.68,0.07,0.12,0.0,0.8,0.07,0.04,0.0,2,0,4,0,2,0,1,1,4,1,0.1495,0.0,0.4896,0.0,0.0637,0.0,0.0196,0.0434,0.0791,0.0269,9,2,1,0,2,0,1,0,0,0,0.3415,0.0703,0.3429,0.0,0.0979,0.0,0.0191,0.0,0.0,0.0,13,2,17.91,27.78
3787703,2022-07-30,usa,2022,MLS,,Ramy Touchan,546238,New York City FC,161195,CF Montreal,0,0,0,41,59,2,13,0,1,1,5,1,7,0,0,0,8,2,5,2,8,0,1,0,1,,,6,14,0,2,0,0,0,1,19,21,7,7,6,1,23,7,1,0,49,43,44.0,34.0,5.0,9.0,12.0,7.0,368,518,296.0,446.0,188,159,108,287,21.0,31.0,0.0,4.0,0.07,0.8,0.07,0.68,0.0,0.12,0.07,0.8,0.0,0.04,0,2,0,4,0,2,1,1,1,4,0.0,0.1495,0.0,0.4896,0.0,0.0637,0.0434,0.0196,0.0269,0.0791,2,9,0,1,0,2,0,1,0,0,0.0703,0.3415,0.0,0.3429,0.0,0.0979,0.0,0.0191,0.0,0.0,2,13,27.78,17.91
3787536,2022-07-31,usa,2022,MLS,,Nima Saghafi,6603,San Jose Earthquakes,6606,Real Salt Lake,1,2,2,62,38,14,12,4,6,7,4,3,2,0,0,8,8,6,4,5,2,2,2,0,1,,,11,17,3,4,1,0,0,1,17,11,5,13,3,2,7,17,3,2,57,34,44.0,33.0,13.0,1.0,11.0,11.0,499,301,411.0,223.0,213,125,198,98,21.0,25.0,4.0,5.0,1.57,1.65,0.67,1.65,0.11,0.0,0.78,1.65,2.05,1.11,0,0,7,4,1,4,4,4,2,0,0.0,0.0,1.355,1.3814,0.0133,0.1331,0.1209,0.1358,0.0806,0.0,9,11,0,0,4,1,0,0,1,0,0.6741,1.6456,0.0,0.0,0.1073,0.0047,0.0,0.0,0.7884,0.0,14,12,17.73,17.7
3787536,2022-07-31,usa,2022,MLS,,Nima Saghafi,6606,Real Salt Lake,6603,San Jose Earthquakes,0,2,2,38,62,12,14,6,4,4,7,2,3,0,0,8,8,4,6,2,5,2,2,1,0,,,17,11,4,3,0,1,1,0,11,17,13,5,2,3,17,7,2,3,34,57,33.0,44.0,1.0,13.0,11.0,11.0,301,499,223.0,411.0,125,213,98,198,25.0,21.0,5.0,4.0,1.65,1.57,1.65,0.67,0.0,0.11,1.65,0.78,1.11,2.05,0,0,4,7,4,1,4,4,0,2,0.0,0.0,1.3814,1.355,0.1331,0.0133,0.1358,0.1209,0.0,0.0806,11,9,0,0,1,4,0,0,0,1,1.6456,0.6741,0.0,0.0,0.0047,0.1073,0.0,0.0,0.0,0.7884,12,14,17.7,17.73
3787555,2022-07-31,usa,2022,MLS,,Tori Penso,960720,Inter Miami CF,722265,FC Cincinnati,1,4,4,54,46,14,15,7,7,6,7,1,1,0,0,11,13,3,2,5,7,5,4,3,1,33,27,11,11,1,2,0,0,4,1,10,11,16,5,1,1,6,17,3,3,43,37,31.0,29.0,12.0,8.0,10.0,10.0,500,436,440.0,367.0,208,178,232,189,40.0,24.0,4.0,7.0,2.54,2.6,1.23,2.2,0.52,0.4,1.75,2.6,3.53,4.2,3,3,5,8,3,2,3,1,0,1,1.1406,1.3864,1.127,1.0255,0.1394,0.1481,0.1305,0.0117,0.0,0.0287,9,8,0,1,3,6,1,0,1,0,1.2251,1.5505,0.0,0.6528,0.4241,0.3971,0.1,0.0,0.7884,0.0,14,15,14.96,13.31
3787555,2022-07-31,usa,2022,MLS,,Tori Penso,722265,FC Cincinnati,960720,Inter Miami CF,0,4,4,46,54,15,14,7,7,7,6,1,1,0,0,13,11,2,3,7,5,4,5,1,3,27,33,11,11,2,1,0,0,1,4,11,10,5,16,1,1,17,6,3,3,37,43,29.0,31.0,8.0,12.0,10.0,10.0,436,500,367.0,440.0,178,208,189,232,24.0,40.0,7.0,4.0,2.6,2.54,2.2,1.23,0.4,0.52,2.6,1.75,4.2,3.53,3,3,8,5,2,3,1,3,1,0,1.3864,1.1406,1.0255,1.127,0.1481,0.1394,0.0117,0.1305,0.0287,0.0,8,9,1,0,6,3,0,1,0,1,1.5505,1.2251,0.6528,0.0,0.3971,0.4241,0.0,0.1,0.0,0.7884,15,14,13.31,14.96
3787556,2022-07-31,usa,2022,MLS,,Fotis Bazakos,6604,Sporting Kansas City,1218886,Austin FC,1,0,2,42,58,11,9,4,3,4,4,3,2,0,0,8,5,3,4,6,1,1,1,1,0,,,12,12,1,3,1,0,0,5,17,11,8,10,2,3,13,12,1,4,34,32,30.0,23.0,4.0,9.0,2.0,1.0,361,510,303.0,452.0,216,194,87,258,32.0,31.0,5.0,1.0,1.62,0.78,0.62,0.71,0.21,0.07,0.83,0.78,1.33,1.32,1,0,3,3,4,2,1,1,2,3,0.3946,0.0,0.9996,0.5833,0.1799,0.0704,0.0111,0.0268,0.0359,0.0992,7,8,1,0,2,1,0,0,1,0,0.2269,0.7458,0.3946,0.0,0.2112,0.0337,0.0,0.0,0.7884,0.0,11,9,16.79,18.24
3787556,2022-07-31,usa,2022,MLS,,Fotis Bazakos,1218886,Austin FC,6604,Sporting Kansas City,0,2,0,58,42,9,11,3,4,4,4,2,3,0,0,5,8,4,3,1,6,1,1,0,1,,,12,12,3,1,0,1,5,0,11,17,10,8,3,2,12,13,4,1,32,34,23.0,30.0,9.0,4.0,1.0,2.0,510,361,452.0,303.0,194,216,258,87,31.0,32.0,1.0,5.0,0.78,1.62,0.71,0.62,0.07,0.21,0.78,0.83,1.32,1.33,0,1,3,3,2,4,1,1,3,2,0.0,0.3946,0.5833,0.9996,0.0704,0.1799,0.0268,0.0111,0.0992,0.0359,8,7,0,1,1,2,0,0,0,1,0.7458,0.2269,0.0,0.3946,0.0337,0.2112,0.0,0.0,0.0,0.7884,9,11,18.24,16.79
3787564,2022-07-31,usa,2022,MLS,,Armando Villarreal,6602,DC United,267810,Orlando City,1,2,1,56,44,8,15,4,4,1,8,3,3,0,0,6,11,2,4,4,3,1,2,1,2,,,11,9,1,2,0,0,1,1,17,18,10,10,3,2,12,23,3,2,44,52,36.0,41.0,8.0,11.0,10.0,12.0,572,449,515.0,403.0,337,245,178,158,17.0,33.0,9.0,6.0,1.05,1.61,1.05,0.9,0.0,0.71,1.05,1.61,1.27,0.51,0,0,6,7,0,4,1,2,1,2,0.0,0.0,1.0075,1.1187,0.0,0.323,0.0639,0.1288,0.0271,0.0356,8,12,0,0,0,2,0,1,0,0,1.0985,0.8979,0.0,0.0,0.0,0.6821,0.0,0.0261,0.0,0.0,8,15,14.13,19.07
3787564,2022-07-31,usa,2022,MLS,,Armando Villarreal,267810,Orlando City,6602,DC United,0,1,2,44,56,15,8,4,4,8,1,3,3,0,0,11,6,4,2,3,4,2,1,2,1,,,9,11,2,1,0,0,1,1,18,17,10,10,2,3,23,12,2,3,52,44,41.0,36.0,11.0,8.0,12.0,10.0,449,572,403.0,515.0,245,337,158,178,33.0,17.0,6.0,9.0,1.61,1.05,0.9,1.05,0.71,0.0,1.61,1.05,0.51,1.27,0,0,7,6,4,0,2,1,2,1,0.0,0.0,1.1187,1.0075,0.323,0.0,0.1288,0.0639,0.0356,0.0271,12,8,0,0,2,0,1,0,0,0,0.8979,1.0985,0.0,0.0,0.6821,0.0,0.0261,0.0,0.0,0.0,15,8,19.07,14.13
3787565,2022-07-31,usa,2022,MLS,,Pierre Luce Lauziere,6399,FC Dallas,6637,LA Galaxy,1,1,0,38,62,15,10,7,3,6,5,2,2,1,0,13,6,2,4,4,4,4,1,3,1,25,30,14,12,3,4,0,0,2,4,9,11,5,11,2,2,17,7,3,6,29,40,24.0,32.0,5.0,8.0,3.0,8.0,393,639,325.0,572.0,209,251,116,321,31.0,31.0,1.0,7.0,1.16,1.44,1.07,0.55,0.08,0.11,1.16,0.65,1.84,1.09,1,1,4,5,8,0,2,4,0,0,0.0285,0.2351,0.518,1.0789,0.5489,0.0,0.0709,0.129,0.0,0.0,11,7,1,0,2,1,1,1,0,1,1.0048,0.5458,0.0769,0.0,0.0642,0.0493,0.0204,0.0596,0.0,0.7884,15,10,16.17,16.85
3787565,2022-07-31,usa,2022,MLS,,Pierre Luce Lauziere,6637,LA Galaxy,6399,FC Dallas,0,0,1,62,38,10,15,3,7,5,6,2,2,0,1,6,13,4,2,4,4,1,4,1,3,30,25,12,14,4,3,0,0,4,2,11,9,11,5,2,2,7,17,6,3,40,29,32.0,24.0,8.0,5.0,8.0,3.0,639,393,572.0,325.0,251,209,321,116,31.0,31.0,7.0,1.0,1.44,1.16,0.55,1.07,0.11,0.08,0.65,1.16,1.09,1.84,1,1,5,4,0,8,4,2,0,0,0.2351,0.0285,1.0789,0.518,0.0,0.5489,0.129,0.0709,0.0,0.0,7,11,0,1,1,2,1,1,1,0,0.5458,1.0048,0.0,0.0769,0.0493,0.0642,0.0596,0.0204,0.7884,0.0,10,15,16.85,16.17
3787701,2022-07-31,usa,2022,MLS,,Ismir Pekmic,6580,New England Revolution,56453,Toronto FC,1,0,0,54,46,13,14,2,3,6,8,5,3,0,1,3,8,10,6,3,9,1,2,1,2,,,12,10,0,0,0,0,1,1,9,10,8,14,3,4,16,22,3,2,27,41,20.0,25.0,7.0,16.0,2.0,5.0,509,428,417.0,345.0,216,160,201,185,27.0,14.0,3.0,4.0,0.6,1.74,0.56,0.61,0.04,0.34,0.6,0.95,0.11,1.86,0,1,3,4,0,3,8,3,2,3,0.0,0.0736,0.2551,1.1456,0.0,0.3147,0.2875,0.114,0.0547,0.0898,12,10,0,0,1,2,0,1,0,1,0.5571,0.6122,0.0,0.0,0.0402,0.1485,0.0,0.1885,0.0,0.7884,13,14,20.92,16.98
3787701,2022-07-31,usa,2022,MLS,,Ismir Pekmic,56453,Toronto FC,6580,New England Revolution,0,0,0,46,54,14,13,3,2,8,6,3,5,1,0,8,3,6,10,9,3,2,1,2,1,,,10,12,0,0,0,0,1,1,10,9,14,8,4,3,22,16,2,3,41,27,25.0,20.0,16.0,7.0,5.0,2.0,428,509,345.0,417.0,160,216,185,201,14.0,27.0,4.0,3.0,1.74,0.6,0.61,0.56,0.34,0.04,0.95,0.6,1.86,0.11,1,0,4,3,3,0,3,8,3,2,0.0736,0.0,1.1456,0.2551,0.3147,0.0,0.114,0.2875,0.0898,0.0547,10,12,0,0,2,1,1,0,1,0,0.6122,0.5571,0.0,0.0,0.1485,0.0402,0.1885,0.0,0.7884,0.0,14,13,16.98,20.92
3787702,2022-07-31,usa,2022,MLS,,Marcos de Oliveira,915807,Nashville SC,307691,Vancouver Whitecaps,1,1,1,50,50,18,21,3,6,8,9,7,6,0,0,15,10,3,11,7,7,2,1,1,0,,,5,12,1,4,0,0,0,0,7,14,11,6,6,7,18,18,5,2,41,34,25.0,23.0,16.0,11.0,6.0,4.0,468,470,396.0,407.0,252,160,144,247,34.0,30.0,11.0,7.0,2.01,1.33,1.59,0.77,0.42,0.56,2.01,1.33,0.76,1.13,1,1,10,7,4,2,1,9,2,2,0.3324,0.251,1.293,0.6553,0.2796,0.0926,0.0167,0.2902,0.0911,0.0437,12,16,0,0,4,4,2,1,0,0,1.5904,0.8059,0.0,0.0,0.1976,0.2759,0.2248,0.251,0.0,0.0,18,21,13.51,17.66
3787702,2022-07-31,usa,2022,MLS,,Marcos de Oliveira,307691,Vancouver Whitecaps,915807,Nashville SC,0,1,1,50,50,21,18,6,3,9,8,6,7,0,0,10,15,11,3,7,7,1,2,0,1,,,12,5,4,1,0,0,0,0,14,7,6,11,7,6,18,18,2,5,34,41,23.0,25.0,11.0,16.0,4.0,6.0,470,468,407.0,396.0,160,252,247,144,30.0,34.0,7.0,11.0,1.33,2.01,0.77,1.59,0.56,0.42,1.33,2.01,1.13,0.76,1,1,7,10,2,4,9,1,2,2,0.251,0.3324,0.6553,1.293,0.0926,0.2796,0.2902,0.0167,0.0437,0.0911,16,12,0,0,4,4,1,2,0,0,0.8059,1.5904,0.0,0.0,0.2759,0.1976,0.251,0.2248,0.0,0.0,21,18,17.66,13.51
3787540,2022-08-02,usa,2022,MLS,,Drew Fischer,6514,New York Red Bulls,8314,Colorado Rapids,1,4,5,49,51,17,13,6,8,8,2,3,3,0,0,9,7,8,6,4,3,2,3,0,1,,,13,15,0,4,0,0,2,1,13,15,6,6,4,3,15,26,2,2,62,69,36.0,40.0,26.0,29.0,9.0,12.0,292,308,196.0,208.0,87,115,109,93,19.0,33.0,5.0,3.0,2.46,1.72,0.51,0.78,0.37,0.94,0.89,1.72,2.58,3.0,0,2,9,2,0,3,7,3,1,3,0.0,0.7874,2.1867,0.3675,0.0,0.5511,0.24,0.0816,0.0359,0.0781,12,7,0,0,1,3,2,3,2,0,0.7274,0.7876,0.0,0.0,0.0697,0.8004,0.0887,0.2777,1.5768,0.0,17,13,18.5,17.74
3787540,2022-08-02,usa,2022,MLS,,Drew Fischer,8314,Colorado Rapids,6514,New York Red Bulls,0,5,4,51,49,13,17,8,6,2,8,3,3,0,0,7,9,6,8,3,4,3,2,1,0,,,15,13,4,0,0,0,1,2,15,13,6,6,3,4,26,15,2,2,69,62,40.0,36.0,29.0,26.0,12.0,9.0,308,292,208.0,196.0,115,87,93,109,33.0,19.0,3.0,5.0,1.72,2.46,0.78,0.51,0.94,0.37,1.72,0.89,3.0,2.58,2,0,2,9,3,0,3,7,3,1,0.7874,0.0,0.3675,2.1867,0.5511,0.0,0.0816,0.24,0.0781,0.0359,7,12,0,0,3,1,3,2,0,2,0.7876,0.7274,0.0,0.0,0.8004,0.0697,0.2777,0.0887,0.0,1.5768,13,17,17.74,18.5
3787562,2022-08-03,usa,2022,MLS,,Guido Gonzalez,1323940,Charlotte FC,6602,DC United,1,3,0,56,44,16,9,8,1,5,4,3,4,0,1,11,6,5,3,4,4,3,0,1,0,,,10,10,0,1,0,0,0,1,9,12,9,5,4,3,19,11,1,6,40,36,26.0,26.0,14.0,10.0,7.0,4.0,509,400,441.0,329.0,297,203,144,126,20.0,34.0,8.0,6.0,2.24,0.51,1.99,0.44,0.24,0.07,2.24,0.51,2.62,0.06,1,1,8,3,2,2,3,2,2,1,0.8625,0.0636,1.1428,0.2484,0.0895,0.1163,0.1215,0.0466,0.0491,0.0307,13,7,0,0,1,2,2,0,0,0,2.0225,0.4404,0.0,0.0,0.1195,0.0652,0.1234,0.0,0.0,0.0,16,9,16.71,17.34
3787562,2022-08-03,usa,2022,MLS,,Guido Gonzalez,6602,DC United,1323940,Charlotte FC,0,0,3,44,56,9,16,1,8,4,5,4,3,1,0,6,11,3,5,4,4,0,3,0,1,,,10,10,1,0,0,0,1,0,12,9,5,9,3,4,11,19,6,1,36,40,26.0,26.0,10.0,14.0,4.0,7.0,400,509,329.0,441.0,203,297,126,144,34.0,20.0,6.0,8.0,0.51,2.24,0.44,1.99,0.07,0.24,0.51,2.24,0.06,2.62,1,1,3,8,2,2,2,3,1,2,0.0636,0.8625,0.2484,1.1428,0.1163,0.0895,0.0466,0.1215,0.0307,0.0491,7,13,0,0,2,1,0,2,0,0,0.4404,2.0225,0.0,0.0,0.0652,0.1195,0.0,0.1234,0.0,0.0,9,16,17.34,16.71
3787563,2022-08-03,usa,2022,MLS,,,130394,Seattle Sounders FC,6399,FC Dallas,1,1,0,55,45,11,15,4,3,5,5,2,7,0,0,4,7,7,8,3,7,2,0,1,0,,,8,14,1,1,0,0,1,0,18,7,15,14,7,2,7,16,3,3,47,33,36.0,22.0,11.0,11.0,5.0,7.0,536,441,455.0,362.0,196,206,259,156,38.0,37.0,2.0,7.0,1.33,0.53,0.34,0.29,0.2,0.24,0.54,0.53,1.71,0.76,0,0,2,5,2,2,5,7,2,1,0.0,0.0,0.9346,0.3163,0.2073,0.0478,0.1287,0.1462,0.0567,0.0216,7,8,0,0,2,6,1,1,1,0,0.3406,0.2913,0.0,0.0,0.1633,0.2132,0.035,0.0274,0.7884,0.0,11,15,20.85,20.55
3787563,2022-08-03,usa,2022,MLS,,,6399,FC Dallas,130394,Seattle Sounders FC,0,0,1,45,55,15,11,3,4,5,5,7,2,0,0,7,4,8,7,7,3,0,2,0,1,,,14,8,1,1,0,0,0,1,7,18,14,15,2,7,16,7,3,3,33,47,22.0,36.0,11.0,11.0,7.0,5.0,441,536,362.0,455.0,206,196,156,259,37.0,38.0,7.0,2.0,0.53,1.33,0.29,0.34,0.24,0.2,0.53,0.54,0.76,1.71,0,0,5,2,2,2,7,5,1,2,0.0,0.0,0.3163,0.9346,0.0478,0.2073,0.1462,0.1287,0.0216,0.0567,8,7,0,0,6,2,1,1,0,1,0.2913,0.3406,0.0,0.0,0.2132,0.1633,0.0274,0.035,0.0,0.7884,15,11,20.55,20.85
3787700,2022-08-03,usa,2022,MLS,,Lukasz Szpala,6001,Columbus Crew,161195,CF Montreal,1,1,2,44,56,9,10,3,4,4,4,2,2,1,0,7,10,2,0,2,8,2,2,2,1,13,33,7,10,1,1,0,0,1,1,14,6,6,10,2,2,25,9,2,2,37,30,30.0,21.0,7.0,9.0,7.0,8.0,368,451,299.0,396.0,151,146,148,250,34.0,33.0,5.0,7.0,1.01,1.18,1.01,0.92,0.0,0.26,1.01,1.18,0.73,1.65,0,1,3,7,4,2,0,0,2,0,0.0,0.4789,0.7835,0.5813,0.203,0.1247,0.0,0.0,0.0334,0.0,7,5,2,1,0,3,0,1,0,0,0.5645,0.855,0.4555,0.0671,0.0,0.2214,0.0,0.0412,0.0,0.0,9,10,17.02,10.91
3787700,2022-08-03,usa,2022,MLS,,Lukasz Szpala,161195,CF Montreal,6001,Columbus Crew,0,2,1,56,44,10,9,4,3,4,4,2,2,0,1,10,7,0,2,8,2,2,2,1,2,33,13,10,7,1,1,0,0,1,1,6,14,10,6,2,2,9,25,2,2,30,37,21.0,30.0,9.0,7.0,8.0,7.0,451,368,396.0,299.0,146,151,250,148,33.0,34.0,7.0,5.0,1.18,1.01,0.92,1.01,0.26,0.0,1.18,1.01,1.65,0.73,1,0,7,3,2,4,0,0,0,2,0.4789,0.0,0.5813,0.7835,0.1247,0.203,0.0,0.0,0.0,0.0334,5,7,1,2,3,0,1,0,0,0,0.855,0.5645,0.0671,0.4555,0.2214,0.0,0.0412,0.0,0.0,0.0,10,9,10.91,17.02
3787559,2022-08-04,usa,2022,MLS,,Mark Allatin,6603,San Jose Earthquakes,960720,Inter Miami CF,1,0,1,62,38,22,11,5,6,9,2,8,3,0,0,13,9,9,2,13,7,0,6,0,6,32,29,3,13,0,1,0,0,2,3,19,20,7,9,4,8,12,25,4,5,47,34,37.0,29.0,10.0,5.0,6.0,6.0,537,340,459.0,257.0,171,137,288,120,29.0,23.0,13.0,0.0,1.35,1.37,0.55,1.35,0.8,0.02,1.35,1.37,1.04,2.1,1,1,10,6,2,2,6,2,3,0,0.2765,0.4145,0.7295,0.6819,0.1123,0.2453,0.1537,0.0275,0.0757,0.0,14,7,0,3,8,1,0,0,0,0,0.5469,1.0058,0.0,0.3468,0.8008,0.0165,0.0,0.0,0.0,0.0,22,11,17.71,14.39
3787559,2022-08-04,usa,2022,MLS,,Mark Allatin,960720,Inter Miami CF,6603,San Jose Earthquakes,0,1,0,38,62,11,22,6,5,2,9,3,8,0,0,9,13,2,9,7,13,6,0,6,0,29,32,13,3,1,0,0,0,3,2,20,19,9,7,8,4,25,12,5,4,34,47,29.0,37.0,5.0,10.0,6.0,6.0,340,537,257.0,459.0,137,171,120,288,23.0,29.0,0.0,13.0,1.37,1.35,1.35,0.55,0.02,0.8,1.37,1.35,2.1,1.04,1,1,6,10,2,2,2,6,0,3,0.4145,0.2765,0.6819,0.7295,0.2453,0.1123,0.0275,0.1537,0.0,0.0757,7,14,3,0,1,8,0,0,0,0,1.0058,0.5469,0.3468,0.0,0.0165,0.8008,0.0,0.0,0.0,0.0,11,22,14.39,17.71
3787560,2022-08-04,usa,2022,MLS,,Silviu Petrescu,307690,Portland Timbers,915807,Nashville SC,1,1,1,54,46,17,14,3,5,9,5,5,4,0,0,9,12,8,2,4,5,0,1,0,1,,,6,13,1,3,0,0,0,5,16,19,15,13,4,5,26,17,4,2,54,57,38.0,31.0,16.0,26.0,11.0,6.0,457,391,379.0,303.0,212,179,167,124,38.0,30.0,3.0,6.0,1.51,1.36,1.29,0.48,0.22,0.88,1.51,1.36,0.78,1.17,0,2,8,8,1,2,7,2,1,0,0.0,0.2928,1.1184,0.9183,0.0569,0.0619,0.3152,0.0829,0.024,0.0,13,6,0,0,3,6,1,2,0,0,1.2927,0.4769,0.0,0.0,0.1978,0.7123,0.024,0.1668,0.0,0.0,17,14,18.05,13.05
3787560,2022-08-04,usa,2022,MLS,,Silviu Petrescu,915807,Nashville SC,307690,Portland Timbers,0,1,1,46,54,14,17,5,3,5,9,4,5,0,0,12,9,2,8,5,4,1,0,1,0,,,13,6,3,1,0,0,5,0,19,16,13,15,5,4,17,26,2,4,57,54,31.0,38.0,26.0,16.0,6.0,11.0,391,457,303.0,379.0,179,212,124,167,30.0,38.0,6.0,3.0,1.36,1.51,0.48,1.29,0.88,0.22,1.36,1.51,1.17,0.78,2,0,8,8,2,1,2,7,0,1,0.2928,0.0,0.9183,1.1184,0.0619,0.0569,0.0829,0.3152,0.0,0.024,6,13,0,0,6,3,2,1,0,0,0.4769,1.2927,0.0,0.0,0.7123,0.1978,0.1668,0.024,0.0,0.0,14,17,13.05,18.05
3787557,2022-08-06,usa,2022,MLS,,Nima Saghafi,1323940,Charlotte FC,6397,Chicago Fire FC,1,2,3,60,40,12,14,5,8,2,3,5,3,0,1,8,10,4,4,3,3,4,5,2,4,,,20,19,2,3,0,0,0,1,11,25,8,11,3,5,16,21,5,3,54,65,42.0,53.0,12.0,12.0,12.0,9.0,491,333,423.0,252.0,229,120,194,132,30.0,33.0,5.0,1.0,1.34,2.45,1.23,1.45,0.12,1.0,1.34,2.45,2.7,2.83,1,2,4,6,3,2,3,3,1,1,0.439,1.0028,0.5566,1.0258,0.1697,0.2337,0.15,0.157,0.0291,0.032,9,11,0,1,2,2,1,0,0,0,1.2252,1.3617,0.0,0.0868,0.0957,1.0028,0.0234,0.0,0.0,0.0,12,14,14.93,15.75
3787557,2022-08-06,usa,2022,MLS,,Nima Saghafi,6397,Chicago Fire FC,1323940,Charlotte FC,0,3,2,40,60,14,12,8,5,3,2,3,5,1,0,10,8,4,4,3,3,5,4,4,2,,,19,20,3,2,0,0,1,0,25,11,11,8,5,3,21,16,3,5,65,54,53.0,42.0,12.0,12.0,9.0,12.0,333,491,252.0,423.0,120,229,132,194,33.0,30.0,1.0,5.0,2.45,1.34,1.45,1.23,1.0,0.12,2.45,1.34,2.83,2.7,2,1,6,4,2,3,3,3,1,1,1.0028,0.439,1.0258,0.5566,0.2337,0.1697,0.157,0.15,0.032,0.0291,11,9,1,0,2,2,0,1,0,0,1.3617,1.2252,0.0868,0.0,1.0028,0.0957,0.0,0.0234,0.0,0.0,14,12,15.75,14.93
3787558,2022-08-06,usa,2022,MLS,,Armando Villarreal,773958,Atlanta United,130394,Seattle Sounders FC,1,2,1,49,51,10,14,5,4,3,5,2,5,0,0,6,10,4,4,7,7,1,1,1,1,,,9,11,1,2,0,0,3,2,16,11,8,6,5,1,27,13,3,3,38,35,32.0,25.0,6.0,10.0,5.0,5.0,413,431,349.0,364.0,196,137,153,227,30.0,30.0,1.0,5.0,0.97,1.25,0.58,0.77,0.39,0.48,0.97,1.25,1.48,1.41,1,1,5,9,0,0,1,3,3,1,0.231,0.2184,0.5609,0.9163,0.0,0.0,0.0611,0.0913,0.1196,0.023,7,8,0,0,3,5,0,1,0,0,0.5837,0.7738,0.0,0.0,0.3888,0.4,0.0,0.0751,0.0,0.0,10,14,17.54,13.89
3787558,2022-08-06,usa,2022,MLS,,Armando Villarreal,130394,Seattle Sounders FC,773958,Atlanta United,0,1,2,51,49,14,10,4,5,5,3,5,2,0,0,10,6,4,4,7,7,1,1,1,1,,,11,9,2,1,0,0,2,3,11,16,6,8,1,5,13,27,3,3,35,38,25.0,32.0,10.0,6.0,5.0,5.0,431,413,364.0,349.0,137,196,227,153,30.0,30.0,5.0,1.0,1.25,0.97,0.77,0.58,0.48,0.39,1.25,0.97,1.41,1.48,1,1,9,5,0,0,3,1,1,3,0.2184,0.231,0.9163,0.5609,0.0,0.0,0.0913,0.0611,0.023,0.1196,8,7,0,0,5,3,1,0,0,0,0.7738,0.5837,0.0,0.0,0.4,0.3888,0.0751,0.0,0.0,0.0,14,10,13.89,17.54
3787566,2022-08-06,usa,2022,MLS,,Drew Fischer,722265,FC Cincinnati,191716,Philadelphia Union,1,3,1,48,52,13,15,7,2,4,11,2,2,1,0,9,8,4,7,3,7,4,1,2,1,,,10,10,3,0,0,0,1,2,5,21,11,10,1,2,25,12,1,4,33,42,20.0,35.0,13.0,7.0,6.0,6.0,386,401,314.0,316.0,131,165,183,151,37.0,27.0,3.0,6.0,1.67,1.25,1.46,0.75,0.21,0.5,1.67,1.25,2.75,0.55,0,3,8,3,1,2,1,7,3,0,0.0,0.6928,1.1403,0.1697,0.1836,0.0474,0.0956,0.3447,0.251,0.0,8,8,1,0,0,4,4,3,0,0,1.2765,0.7511,0.1836,0.0,0.0,0.3387,0.2104,0.1649,0.0,0.0,13,15,16.13,17.35
3787566,2022-08-06,usa,2022,MLS,,Drew Fischer,191716,Philadelphia Union,722265,FC Cincinnati,0,1,3,52,48,15,13,2,7,11,4,2,2,0,1,8,9,7,4,7,3,1,4,1,2,,,10,10,0,3,0,0,2,1,21,5,10,11,2,1,12,25,4,1,42,33,35.0,20.0,7.0,13.0,6.0,6.0,401,386,316.0,314.0,165,131,151,183,27.0,37.0,6.0,3.0,1.25,1.67,0.75,1.46,0.5,0.21,1.25,1.67,0.55,2.75,3,0,3,8,2,1,7,1,0,3,0.6928,0.0,0.1697,1.1403,0.0474,0.1836,0.3447,0.0956,0.0,0.251,8,8,0,1,4,0,3,4,0,0,0.7511,1.2765,0.0,0.1836,0.3387,0.0,0.1649,0.2104,0.0,0.0,15,13,17.35,16.13
3787567,2022-08-06,usa,2022,MLS,,Rubiel Vazquez,6001,Columbus Crew,546238,New York City FC,1,3,2,43,57,16,13,6,5,7,4,3,4,1,0,4,6,12,7,4,4,0,3,0,3,14,20,10,11,2,4,0,0,3,2,28,19,13,6,4,3,12,13,4,3,60,52,46.0,41.0,14.0,11.0,7.0,12.0,379,503,305.0,424.0,169,216,136,208,27.0,26.0,1.0,3.0,1.6,1.64,1.21,1.42,0.39,0.22,1.6,1.64,2.74,2.27,0,3,3,3,1,0,7,2,5,5,0.0,1.3521,0.3255,0.5718,0.0243,0.0,0.7952,0.2195,0.4536,0.4826,11,10,0,0,2,2,3,1,0,0,1.2065,2.408,0.0,0.0,0.1686,0.1728,0.2235,0.0452,0.0,0.0,16,13,21.51,16.98
3787567,2022-08-06,usa,2022,MLS,,Rubiel Vazquez,546238,New York City FC,6001,Columbus Crew,0,2,3,57,43,13,16,5,6,4,7,4,3,0,1,6,4,7,12,4,4,3,0,3,0,20,14,11,10,4,2,0,0,2,3,19,28,6,13,3,4,13,12,3,4,52,60,41.0,46.0,11.0,14.0,12.0,7.0,503,379,424.0,305.0,216,169,208,136,26.0,27.0,3.0,1.0,1.64,1.6,1.42,1.21,0.22,0.39,1.64,1.6,2.27,2.74,3,0,3,3,0,1,2,7,5,5,1.3521,0.0,0.5718,0.3255,0.0,0.0243,0.2195,0.7952,0.4826,0.4536,10,11,0,0,2,2,1,3,0,0,2.408,1.2065,0.0,0.0,0.1728,0.1686,0.0452,0.2235,0.0,0.0,13,16,16.98,21.51
3787588,2022-08-06,usa,2022,MLS,,Pierre Luce Lauziere,6602,DC United,6514,New York Red Bulls,1,0,0,63,37,4,13,2,1,2,5,0,7,0,0,1,8,3,5,4,4,0,0,0,0,,,13,17,1,1,0,0,2,1,6,20,8,10,7,0,19,16,1,2,46,55,28.0,38.0,18.0,17.0,5.0,5.0,454,261,358.0,172.0,219,75,139,97,36.0,30.0,4.0,5.0,0.34,0.75,0.34,0.74,0.0,0.01,0.34,0.75,0.27,0.04,0,1,1,3,0,4,2,3,1,2,0.0,0.0874,0.2323,0.1577,0.0,0.2837,0.0788,0.1925,0.024,0.0261,4,10,0,1,0,1,0,1,0,0,0.3352,0.5814,0.0,0.1579,0.0,0.0067,0.0,0.0013,0.0,0.0,4,13,19.92,21.13
3787588,2022-08-06,usa,2022,MLS,,Pierre Luce Lauziere,6514,New York Red Bulls,6602,DC United,0,0,0,37,63,13,4,1,2,5,2,7,0,0,0,8,1,5,3,4,4,0,0,0,0,,,17,13,1,1,0,0,1,2,20,6,10,8,0,7,16,19,2,1,55,46,38.0,28.0,17.0,18.0,5.0,5.0,261,454,172.0,358.0,75,219,97,139,30.0,36.0,5.0,4.0,0.75,0.34,0.74,0.34,0.01,0.0,0.75,0.34,0.04,0.27,1,0,3,1,4,0,3,2,2,1,0.0874,0.0,0.1577,0.2323,0.2837,0.0,0.1925,0.0788,0.0261,0.024,10,4,1,0,1,0,1,0,0,0,0.5814,0.3352,0.1579,0.0,0.0067,0.0,0.0013,0.0,0.0,0.0,13,4,21.13,19.92
3787589,2022-08-06,usa,2022,MLS,,Ramy Touchan,267810,Orlando City,6580,New England Revolution,1,0,3,53,47,18,11,3,5,10,3,5,3,1,0,10,5,8,6,4,3,1,1,1,0,,,10,8,3,0,0,0,1,1,9,7,10,13,2,5,5,22,2,3,33,29,20.0,21.0,13.0,8.0,3.0,4.0,521,460,461.0,389.0,167,239,294,150,22.0,20.0,6.0,5.0,1.22,0.96,0.98,0.8,0.25,0.16,1.22,0.96,0.53,1.86,0,0,8,5,2,0,6,4,2,2,0.0,0.0,0.6968,0.7066,0.2547,0.0,0.1948,0.2102,0.0785,0.0385,13,8,0,0,3,2,2,1,0,0,0.9784,0.795,0.0,0.0,0.0969,0.1054,0.1495,0.0549,0.0,0.0,18,11,18.82,18.42
3787589,2022-08-06,usa,2022,MLS,,Ramy Touchan,6580,New England Revolution,267810,Orlando City,0,3,0,47,53,11,18,5,3,3,10,3,5,0,1,5,10,6,8,3,4,1,1,0,1,,,8,10,0,3,0,0,1,1,7,9,13,10,5,2,22,5,3,2,29,33,21.0,20.0,8.0,13.0,4.0,3.0,460,521,389.0,461.0,239,167,150,294,20.0,22.0,5.0,6.0,0.96,1.22,0.8,0.98,0.16,0.25,0.96,1.22,1.86,0.53,0,0,5,8,0,2,4,6,2,2,0.0,0.0,0.7066,0.6968,0.0,0.2547,0.2102,0.1948,0.0385,0.0785,8,13,0,0,2,3,1,2,0,0,0.795,0.9784,0.0,0.0,0.1054,0.0969,0.0549,0.1495,0.0,0.0,11,18,18.42,18.82
3787698,2022-08-06,usa,2022,MLS,,Kevin Stott,161195,CF Montreal,960720,Inter Miami CF,1,2,2,51,49,13,8,5,4,4,2,4,2,0,0,11,4,2,4,6,4,4,1,2,0,33,10,9,8,1,0,0,0,1,3,12,12,7,16,2,3,5,14,2,3,34,35,27.0,30.0,7.0,5.0,8.0,9.0,515,511,449.0,439.0,192,282,257,157,28.0,36.0,11.0,1.0,1.82,0.61,0.78,0.59,0.26,0.02,1.03,0.61,2.18,0.88,2,0,8,3,1,1,1,4,1,0,0.4045,0.0,1.2809,0.4166,0.0453,0.1238,0.073,0.0854,0.0173,0.0,9,7,0,0,3,1,0,0,1,0,0.7766,0.6057,0.0,0.0,0.2561,0.0202,0.0,0.0,0.7884,0.0,13,8,12.17,20.31
3787698,2022-08-06,usa,2022,MLS,,Kevin Stott,960720,Inter Miami CF,161195,CF Montreal,0,2,2,49,51,8,13,4,5,2,4,2,4,0,0,4,11,4,2,4,6,1,4,0,2,10,33,8,9,0,1,0,0,3,1,12,12,16,7,3,2,14,5,3,2,35,34,30.0,27.0,5.0,7.0,9.0,8.0,511,515,439.0,449.0,282,192,157,257,36.0,28.0,1.0,11.0,0.61,1.82,0.59,0.78,0.02,0.26,0.61,1.03,0.88,2.18,0,2,3,8,1,1,4,1,0,1,0.0,0.4045,0.4166,1.2809,0.1238,0.0453,0.0854,0.073,0.0,0.0173,7,9,0,0,1,3,0,0,0,1,0.6057,0.7766,0.0,0.0,0.0202,0.2561,0.0,0.0,0.0,0.7884,8,13,20.31,12.17
3787699,2022-08-06,usa,2022,MLS,,Fotis Bazakos,307691,Vancouver Whitecaps,8259,Houston Dynamo FC,1,2,1,45,55,13,9,4,4,7,3,2,2,0,0,8,5,5,4,5,5,1,1,0,0,,,7,11,2,1,0,0,0,2,8,9,6,5,2,2,12,30,3,2,31,41,18.0,27.0,13.0,14.0,0.0,11.0,473,595,407.0,523.0,168,325,239,198,31.0,53.0,4.0,2.0,1.04,0.86,0.98,0.44,0.06,0.43,1.04,0.86,1.14,1.58,1,1,4,1,3,3,4,3,1,1,0.2695,0.4105,0.3399,0.0943,0.2237,0.2143,0.1752,0.111,0.028,0.034,12,7,0,0,1,1,0,1,0,0,0.9773,0.4358,0.0,0.0,0.059,0.4105,0.0,0.0177,0.0,0.0,13,9,17.26,18.19
3787699,2022-08-06,usa,2022,MLS,,Fotis Bazakos,8259,Houston Dynamo FC,307691,Vancouver Whitecaps,0,1,2,55,45,9,13,4,4,3,7,2,2,0,0,5,8,4,5,5,5,1,1,0,0,,,11,7,1,2,0,0,2,0,9,8,5,6,2,2,30,12,2,3,41,31,27.0,18.0,14.0,13.0,11.0,0.0,595,473,523.0,407.0,325,168,198,239,53.0,31.0,2.0,4.0,0.86,1.04,0.44,0.98,0.43,0.06,0.86,1.04,1.58,1.14,1,1,1,4,3,3,3,4,1,1,0.4105,0.2695,0.0943,0.3399,0.2143,0.2237,0.111,0.1752,0.034,0.028,7,12,0,0,1,1,1,0,0,0,0.4358,0.9773,0.0,0.0,0.4105,0.059,0.0177,0.0,0.0,0.0,9,13,18.19,17.26
3787590,2022-08-07,usa,2022,MLS,,Michael Radchuk,6604,Sporting Kansas City,6637,LA Galaxy,1,4,2,37,63,16,6,9,3,4,3,3,0,0,0,11,5,5,1,5,3,5,2,2,0,,,9,12,1,3,0,0,2,5,10,15,7,2,0,3,16,7,1,4,31,29,25.0,24.0,6.0,5.0,6.0,1.0,308,524,252.0,451.0,165,208,87,243,19.0,23.0,6.0,5.0,3.37,1.47,2.37,0.69,0.21,0.0,2.58,0.69,3.77,1.54,2,1,8,3,1,1,4,1,1,0,1.3772,0.2415,1.5337,0.9484,0.2461,0.2185,0.1977,0.0658,0.0123,0.0,9,5,1,0,3,0,2,0,1,1,2.1377,0.6859,0.231,0.0,0.1143,0.0,0.0957,0.0,0.7884,0.7884,16,6,16.76,11.38
3787590,2022-08-07,usa,2022,MLS,,Michael Radchuk,6637,LA Galaxy,6604,Sporting Kansas City,0,2,4,63,37,6,16,3,9,3,4,0,3,0,0,5,11,1,5,3,5,2,5,0,2,,,12,9,3,1,0,0,5,2,15,10,2,7,3,0,7,16,4,1,29,31,24.0,25.0,5.0,6.0,1.0,6.0,524,308,451.0,252.0,208,165,243,87,23.0,19.0,5.0,6.0,1.47,3.37,0.69,2.37,0.0,0.21,0.69,2.58,1.54,3.77,1,2,3,8,1,1,1,4,0,1,0.2415,1.3772,0.9484,1.5337,0.2185,0.2461,0.0658,0.1977,0.0,0.0123,5,9,0,1,0,3,0,2,1,1,0.6859,2.1377,0.0,0.231,0.0,0.1143,0.0,0.0957,0.7884,0.7884,6,16,11.38,16.76
3787591,2022-08-07,usa,2022,MLS,,Lukasz Szpala,1218886,Austin FC,6603,San Jose Earthquakes,1,3,3,43,57,16,12,6,5,7,4,3,3,1,0,11,5,5,7,6,5,6,1,3,0,,,7,11,2,2,0,0,0,3,16,14,10,14,3,2,21,19,2,3,49,40,44.0,30.0,5.0,10.0,17.0,10.0,309,423,242.0,348.0,125,211,117,137,22.0,38.0,4.0,7.0,2.68,0.84,2.39,0.68,0.29,0.15,2.68,0.84,2.75,1.55,4,0,4,5,3,0,5,6,0,1,2.0494,0.0,0.7087,0.6586,0.1464,0.0,0.2329,0.1381,0.0,0.0386,14,8,0,0,1,4,1,0,0,0,2.8487,0.6809,0.0,0.0,0.2583,0.1544,0.0303,0.0,0.0,0.0,16,12,13.82,18.91
3787591,2022-08-07,usa,2022,MLS,,Lukasz Szpala,6603,San Jose Earthquakes,1218886,Austin FC,0,3,3,57,43,12,16,5,6,4,7,3,3,0,1,5,11,7,5,5,6,1,6,0,3,,,11,7,2,2,0,0,3,0,14,16,14,10,2,3,19,21,3,2,40,49,30.0,44.0,10.0,5.0,10.0,17.0,423,309,348.0,242.0,211,125,137,117,38.0,22.0,7.0,4.0,0.84,2.68,0.68,2.39,0.15,0.29,0.84,2.68,1.55,2.75,0,4,5,4,0,3,6,5,1,0,0.0,2.0494,0.6586,0.7087,0.0,0.1464,0.1381,0.2329,0.0386,0.0,8,14,0,0,4,1,0,1,0,0,0.6809,2.8487,0.0,0.0,0.1544,0.2583,0.0,0.0303,0.0,0.0,12,16,18.91,13.82
3787592,2022-08-07,usa,2022,MLS,,Ismir Pekmic,8314,Colorado Rapids,207242,Minnesota United,1,4,3,56,44,18,14,9,7,6,5,3,2,0,0,12,10,6,4,6,3,7,3,3,1,,,9,9,1,3,0,0,1,1,7,10,4,12,2,3,17,23,4,5,29,35,19.0,25.0,10.0,10.0,4.0,6.0,369,299,290.0,224.0,176,95,114,129,34.0,28.0,1.0,4.0,3.24,1.38,2.09,0.42,1.14,0.96,3.24,1.38,4.67,2.95,5,2,4,6,3,2,5,4,1,0,1.8826,0.8313,0.6579,0.3449,0.4754,0.0572,0.1731,0.144,0.0573,0.0,13,8,1,2,0,3,4,1,0,0,1.8159,0.2203,0.2856,0.2008,0.0,0.8969,1.1447,0.0593,0.0,0.0,18,14,16.14,15.8
3787592,2022-08-07,usa,2022,MLS,,Ismir Pekmic,207242,Minnesota United,8314,Colorado Rapids,0,3,4,44,56,14,18,7,9,5,6,2,3,0,0,10,12,4,6,3,6,3,7,1,3,,,9,9,3,1,0,0,1,1,10,7,12,4,3,2,23,17,5,4,35,29,25.0,19.0,10.0,10.0,6.0,4.0,299,369,224.0,290.0,95,176,129,114,28.0,34.0,4.0,1.0,1.38,3.24,0.42,2.09,0.96,1.14,1.38,3.24,2.95,4.67,2,5,6,4,2,3,4,5,0,1,0.8313,1.8826,0.3449,0.6579,0.0572,0.4754,0.144,0.1731,0.0,0.0573,8,13,2,1,3,0,1,4,0,0,0.2203,1.8159,0.2008,0.2856,0.8969,0.0,0.0593,1.1447,0.0,0.0,14,18,15.8,16.14
3787593,2022-08-07,usa,2022,MLS,,Víctor Rivas,6606,Real Salt Lake,867280,Los Angeles FC,1,1,4,57,43,16,14,3,8,8,4,5,2,2,0,10,10,6,4,7,2,2,1,2,0,,,10,9,0,2,0,0,0,1,15,10,10,8,2,5,12,30,4,2,42,32,33.0,24.0,9.0,8.0,13.0,6.0,450,354,378.0,281.0,185,140,193,141,30.0,32.0,12.0,6.0,0.75,1.48,0.55,0.96,0.19,0.52,0.75,1.48,0.84,2.1,1,2,6,5,3,3,4,2,2,2,0.0383,0.7518,0.3305,0.4188,0.1849,0.1264,0.1433,0.1286,0.0504,0.0512,12,9,0,1,3,2,1,2,0,0,0.6287,0.9368,0.0,0.0237,0.0726,0.0823,0.0462,0.4341,0.0,0.0,16,14,19.22,18.06
3787593,2022-08-07,usa,2022,MLS,,Víctor Rivas,867280,Los Angeles FC,6606,Real Salt Lake,0,4,1,43,57,14,16,8,3,4,8,2,5,0,2,10,10,4,6,2,7,1,2,0,2,,,9,10,2,0,0,0,1,0,10,15,8,10,5,2,30,12,2,4,32,42,24.0,33.0,8.0,9.0,6.0,13.0,354,450,281.0,378.0,140,185,141,193,32.0,30.0,6.0,12.0,1.48,0.75,0.96,0.55,0.52,0.19,1.48,0.75,2.1,0.84,2,1,5,6,3,3,2,4,2,2,0.7518,0.0383,0.4188,0.3305,0.1264,0.1849,0.1286,0.1433,0.0512,0.0504,9,12,1,0,2,3,2,1,0,0,0.9368,0.6287,0.0237,0.0,0.0823,0.0726,0.4341,0.0462,0.0,0.0,14,16,18.06,19.22
3787594,2022-08-07,usa,2022,MLS,,Ted Unkel,307690,Portland Timbers,6399,FC Dallas,1,1,1,46,54,16,7,5,2,7,3,4,2,0,1,8,4,8,3,3,4,2,3,1,3,,,10,10,2,2,0,0,0,5,18,18,13,17,1,3,12,29,2,4,47,53,35.0,40.0,12.0,13.0,9.0,13.0,427,518,342.0,424.0,159,246,183,178,44.0,28.0,7.0,1.0,1.24,0.82,0.26,0.82,0.19,0.0,0.45,0.82,1.65,0.9,0,0,5,2,3,2,3,3,5,0,0.0,0.0,1.385,0.4736,0.0662,0.2096,0.0406,0.1405,0.0907,0.0,12,6,0,1,2,0,1,0,1,0,0.2571,0.6563,0.0,0.1673,0.0962,0.0,0.4408,0.0,0.7884,0.0,16,7,20.15,18.01
3787594,2022-08-07,usa,2022,MLS,,Ted Unkel,6399,FC Dallas,307690,Portland Timbers,0,1,1,54,46,7,16,2,5,3,7,2,4,1,0,4,8,3,8,4,3,3,2,3,1,,,10,10,2,2,0,0,5,0,18,18,17,13,3,1,29,12,4,2,53,47,40.0,35.0,13.0,12.0,13.0,9.0,518,427,424.0,342.0,246,159,178,183,28.0,44.0,1.0,7.0,0.82,1.24,0.82,0.26,0.0,0.19,0.82,0.45,0.9,1.65,0,0,2,5,2,3,3,3,0,5,0.0,0.0,0.4736,1.385,0.2096,0.0662,0.1405,0.0406,0.0,0.0907,6,12,1,0,0,2,0,1,0,1,0.6563,0.2571,0.1673,0.0,0.0,0.0962,0.0,0.4408,0.0,0.7884,7,16,18.01,20.15
3787697,2022-08-07,usa,2022,MLS,,Allen Chapman,915807,Nashville SC,56453,Toronto FC,1,3,4,50,50,21,10,6,8,11,1,4,1,0,0,17,3,4,7,6,2,3,2,1,0,,,11,5,3,2,0,0,0,1,20,11,13,10,1,4,5,17,4,3,48,43,30.0,31.0,18.0,12.0,5.0,9.0,430,458,366.0,382.0,159,196,207,186,28.0,29.0,11.0,2.0,2.43,1.84,0.59,1.05,1.05,0.0,1.65,1.05,2.5,2.82,2,1,10,1,5,1,3,3,1,4,0.6492,0.7062,1.3462,0.7884,0.3138,0.0754,0.1206,0.1681,0.0046,0.1033,11,9,1,0,6,0,2,0,1,1,0.5266,1.053,0.1003,0.0,0.9768,0.0,0.0422,0.0,0.7884,0.7884,21,10,14.0,19.45
3787697,2022-08-07,usa,2022,MLS,,Allen Chapman,56453,Toronto FC,915807,Nashville SC,0,4,3,50,50,10,21,8,6,1,11,1,4,0,0,3,17,7,4,2,6,2,3,0,1,,,5,11,2,3,0,0,1,0,11,20,10,13,4,1,17,5,3,4,43,48,31.0,30.0,12.0,18.0,9.0,5.0,458,430,382.0,366.0,196,159,186,207,29.0,28.0,2.0,11.0,1.84,2.43,1.05,0.59,0.0,1.05,1.05,1.65,2.82,2.5,1,2,1,10,1,5,3,3,4,1,0.7062,0.6492,0.7884,1.3462,0.0754,0.3138,0.1681,0.1206,0.1033,0.0046,9,11,0,1,0,6,0,2,1,1,1.053,0.5266,0.0,0.1003,0.0,0.9768,0.0,0.0422,0.7884,0.7884,10,21,19.45,14.0
3787595,2022-08-13,usa,2022,MLS,,,6514,New York Red Bulls,267810,Orlando City,1,0,1,48,52,15,2,1,1,11,0,3,1,0,0,6,2,9,0,4,4,0,0,0,0,,,12,8,2,1,0,0,0,3,22,17,5,9,1,3,15,29,0,1,63,54,41.0,33.0,22.0,21.0,11.0,6.0,354,395,249.0,290.0,94,160,155,130,15.0,28.0,3.0,1.0,0.55,0.17,0.29,0.17,0.26,0.0,0.55,0.17,0.04,0.13,1,0,3,1,2,1,6,0,3,0,0.0403,0.0,0.14,0.057,0.0936,0.1093,0.2175,0.0,0.0593,0.0,9,2,0,0,1,0,5,0,0,0,0.3455,0.1664,0.0,0.0,0.0219,0.0,0.1833,0.0,0.0,0.0,15,2,21.2,13.0
3787595,2022-08-13,usa,2022,MLS,,,267810,Orlando City,6514,New York Red Bulls,0,1,0,52,48,2,15,1,1,0,11,1,3,0,0,2,6,0,9,4,4,0,0,0,0,,,8,12,1,2,0,0,3,0,17,22,9,5,3,1,29,15,1,0,54,63,33.0,41.0,21.0,22.0,6.0,11.0,395,354,290.0,249.0,160,94,130,155,28.0,15.0,1.0,3.0,0.17,0.55,0.17,0.29,0.0,0.26,0.17,0.55,0.13,0.04,0,1,1,3,1,2,0,6,0,3,0.0,0.0403,0.057,0.14,0.1093,0.0936,0.0,0.2175,0.0,0.0593,2,9,0,0,0,1,0,5,0,0,0.1664,0.3455,0.0,0.0,0.0,0.0219,0.0,0.1833,0.0,0.0,2,15,13.0,21.2
3787596,2022-08-13,usa,2022,MLS,,Fotis Bazakos,722265,FC Cincinnati,773958,Atlanta United,1,2,2,39,61,16,19,8,6,5,7,3,6,1,2,11,8,5,11,6,9,3,2,1,1,,,16,12,3,1,0,0,1,2,14,12,6,7,6,2,31,17,4,6,40,43,29.0,36.0,11.0,7.0,5.0,9.0,307,473,239.0,421.0,107,197,132,224,19.0,31.0,2.0,2.0,1.41,1.31,0.72,1.2,0.69,0.11,1.41,1.31,2.95,2.8,1,1,6,4,4,3,3,7,2,4,0.4372,0.0679,0.5839,0.6686,0.2157,0.106,0.1325,0.3683,0.0406,0.1416,9,17,0,0,4,1,3,1,0,0,0.7209,1.2425,0.0,0.0,0.5329,0.0679,0.1561,0.0421,0.0,0.0,16,19,16.22,18.14
3787596,2022-08-13,usa,2022,MLS,,Fotis Bazakos,773958,Atlanta United,722265,FC Cincinnati,0,2,2,61,39,19,16,6,8,7,5,6,3,2,1,8,11,11,5,9,6,2,3,1,1,,,12,16,1,3,0,0,2,1,12,14,7,6,2,6,17,31,6,4,43,40,36.0,29.0,7.0,11.0,9.0,5.0,473,307,421.0,239.0,197,107,224,132,31.0,19.0,2.0,2.0,1.31,1.41,1.2,0.72,0.11,0.69,1.31,1.41,2.8,2.95,1,1,4,6,3,4,7,3,4,2,0.0679,0.4372,0.6686,0.5839,0.106,0.2157,0.3683,0.1325,0.1416,0.0406,17,9,0,0,1,4,1,3,0,0,1.2425,0.7209,0.0,0.0,0.0679,0.5329,0.0421,0.1561,0.0,0.0,19,16,18.14,16.22
3787597,2022-08-13,usa,2022,MLS,,Malik Badawi,6580,New England Revolution,6602,DC United,1,1,0,43,57,20,13,7,3,9,7,4,3,1,0,13,8,7,5,2,6,6,0,6,0,,,11,15,0,2,0,0,0,3,14,12,6,4,3,4,27,14,3,6,60,39,41.0,25.0,19.0,14.0,14.0,4.0,433,568,365.0,482.0,204,253,161,229,42.0,35.0,7.0,5.0,2.39,0.72,2.37,0.68,0.03,0.04,2.39,0.72,1.06,0.5,3,0,7,5,3,3,7,4,0,1,1.2907,0.0,0.6816,0.3927,0.1197,0.1628,0.3034,0.1377,0.0,0.0442,17,11,2,0,1,1,0,1,0,0,1.5165,0.6966,0.8533,0.0,0.0256,0.0134,0.0,0.0274,0.0,0.0,20,13,16.74,18.55
3787597,2022-08-13,usa,2022,MLS,,Malik Badawi,6602,DC United,6580,New England Revolution,0,0,1,57,43,13,20,3,7,7,9,3,4,0,1,8,13,5,7,6,2,0,6,0,6,,,15,11,2,0,0,0,3,0,12,14,4,6,4,3,14,27,6,3,39,60,25.0,41.0,14.0,19.0,4.0,14.0,568,433,482.0,365.0,253,204,229,161,35.0,42.0,5.0,7.0,0.72,2.39,0.68,2.37,0.04,0.03,0.72,2.39,0.5,1.06,0,3,5,7,3,3,4,7,1,0,0.0,1.2907,0.3927,0.6816,0.1628,0.1197,0.1377,0.3034,0.0442,0.0,11,17,0,2,1,1,1,0,0,0,0.6966,1.5165,0.0,0.8533,0.0134,0.0256,0.0274,0.0,0.0,0.0,13,20,18.55,16.74
3787598,2022-08-13,usa,2022,MLS,,Ismail Elfath,191716,Philadelphia Union,6397,Chicago Fire FC,1,4,1,44,56,17,13,7,7,5,4,5,2,0,0,12,11,5,2,5,6,4,2,2,1,,,21,8,3,3,0,0,2,1,15,17,8,11,2,5,14,11,6,3,43,52,33.0,42.0,10.0,10.0,10.0,5.0,359,462,277.0,389.0,128,177,149,212,18.0,32.0,3.0,7.0,2.65,1.32,1.71,0.94,0.94,0.38,2.65,1.32,3.04,1.33,4,2,8,7,0,2,3,1,2,1,1.1932,0.5617,1.0364,0.5719,0.0,0.106,0.382,0.0602,0.0626,0.0515,10,7,1,1,5,2,1,3,0,0,1.4069,0.8821,0.327,0.086,0.8644,0.2568,0.0758,0.1264,0.0,0.0,17,13,12.7,14.41
3787598,2022-08-13,usa,2022,MLS,,Ismail Elfath,6397,Chicago Fire FC,191716,Philadelphia Union,0,1,4,56,44,13,17,7,7,4,5,2,5,0,0,11,12,2,5,6,5,2,4,1,2,,,8,21,3,3,0,0,1,2,17,15,11,8,5,2,11,14,3,6,52,43,42.0,33.0,10.0,10.0,5.0,10.0,462,359,389.0,277.0,177,128,212,149,32.0,18.0,7.0,3.0,1.32,2.65,0.94,1.71,0.38,0.94,1.32,2.65,1.33,3.04,2,4,7,8,2,0,1,3,1,2,0.5617,1.1932,0.5719,1.0364,0.106,0.0,0.0602,0.382,0.0515,0.0626,7,10,1,1,2,5,3,1,0,0,0.8821,1.4069,0.086,0.327,0.2568,0.8644,0.1264,0.0758,0.0,0.0,13,17,14.41,12.7
3787696,2022-08-13,usa,2022,MLS,,Nima Saghafi,56453,Toronto FC,307690,Portland Timbers,1,3,1,56,44,23,3,12,2,5,1,6,0,0,0,14,3,9,0,4,1,4,2,3,1,,,11,19,4,0,0,0,2,3,13,27,9,11,0,6,9,14,1,9,56,58,47.0,48.0,9.0,10.0,17.0,10.0,559,426,481.0,338.0,220,178,261,160,36.0,29.0,2.0,1.0,2.5,0.52,2.4,0.44,0.1,0.08,2.5,0.52,3.7,1.41,2,0,8,3,4,0,6,0,3,0,0.5507,0.0,1.2801,0.521,0.2536,0.0,0.3322,0.0,0.0974,0.0,20,2,1,0,0,0,2,1,0,0,2.1281,0.4363,0.2787,0.0,0.0,0.0,0.1072,0.0847,0.0,0.0,23,3,15.76,11.13
3787696,2022-08-13,usa,2022,MLS,,Nima Saghafi,307690,Portland Timbers,56453,Toronto FC,0,1,3,44,56,3,23,2,12,1,5,0,6,0,0,3,14,0,9,1,4,2,4,1,3,,,19,11,0,4,0,0,3,2,27,13,11,9,6,0,14,9,9,1,58,56,48.0,47.0,10.0,9.0,10.0,17.0,426,559,338.0,481.0,178,220,160,261,29.0,36.0,1.0,2.0,0.52,2.5,0.44,2.4,0.08,0.1,0.52,2.5,1.41,3.7,0,2,3,8,0,4,0,6,0,3,0.0,0.5507,0.521,1.2801,0.0,0.2536,0.0,0.3322,0.0,0.0974,2,20,0,1,0,0,1,2,0,0,0.4363,2.1281,0.0,0.2787,0.0,0.0,0.0847,0.1072,0.0,0.0,3,23,11.13,15.76
3787599,2022-08-14,usa,2022,MLS,,Drew Fischer,960720,Inter Miami CF,546238,New York City FC,1,3,2,43,57,11,17,6,5,4,7,1,5,0,1,6,11,5,6,0,10,4,2,2,1,19,26,14,12,3,4,0,0,4,1,20,10,13,12,5,1,16,9,3,3,45,38,37.0,34.0,8.0,4.0,5.0,11.0,423,546,352.0,485.0,204,244,148,241,19.0,13.0,0.0,3.0,1.92,2.21,1.92,1.91,0.0,0.29,1.92,2.21,2.17,2.05,0,1,5,8,1,2,3,4,2,2,0.0,0.9616,1.1399,0.8045,0.3829,0.2251,0.3142,0.1945,0.0802,0.0551,11,10,0,0,0,5,0,2,0,0,1.9171,1.9463,0.0,0.0,0.0,0.1895,0.0,0.105,0.0,0.0,11,17,15.87,14.85
3787599,2022-08-14,usa,2022,MLS,,Drew Fischer,546238,New York City FC,960720,Inter Miami CF,0,2,3,57,43,17,11,5,6,7,4,5,1,1,0,11,6,6,5,10,0,2,4,1,2,26,19,12,14,4,3,0,0,1,4,10,20,12,13,1,5,9,16,3,3,38,45,34.0,37.0,4.0,8.0,11.0,5.0,546,423,485.0,352.0,244,204,241,148,13.0,19.0,3.0,0.0,2.21,1.92,1.91,1.92,0.29,0.0,2.21,1.92,2.05,2.17,1,0,8,5,2,1,4,3,2,2,0.9616,0.0,0.8045,1.1399,0.2251,0.3829,0.1945,0.3142,0.0551,0.0802,10,11,0,0,5,0,2,0,0,0,1.9463,1.9171,0.0,0.0,0.1895,0.0,0.105,0.0,0.0,0.0,17,11,14.85,15.87
3787600,2022-08-14,usa,2022,MLS,,Pierre Luce Lauziere,1218886,Austin FC,6604,Sporting Kansas City,1,4,3,62,38,14,14,9,7,3,2,2,5,0,0,10,9,4,5,5,2,4,4,2,2,,,8,9,2,2,0,0,2,0,8,12,3,11,5,3,5,30,4,4,34,36,18.0,29.0,16.0,7.0,3.0,9.0,477,291,404.0,219.0,168,156,236,63,25.0,29.0,5.0,1.0,1.34,2.57,1.01,1.07,0.32,0.71,1.34,1.78,3.04,3.81,0,1,7,6,3,2,3,3,1,2,0.0,0.6626,1.1581,1.6185,0.0917,0.1256,0.073,0.2116,0.0223,0.08,9,11,0,0,5,0,0,2,0,1,1.0132,1.0934,0.0,0.0,0.3319,0.0,0.0,0.8165,0.0,0.7884,14,14,16.55,16.67
3787600,2022-08-14,usa,2022,MLS,,Pierre Luce Lauziere,6604,Sporting Kansas City,1218886,Austin FC,0,3,4,38,62,14,14,7,9,2,3,5,2,0,0,9,10,5,4,2,5,4,4,2,2,,,9,8,2,2,0,0,0,2,12,8,11,3,3,5,30,5,4,4,36,34,29.0,18.0,7.0,16.0,9.0,3.0,291,477,219.0,404.0,156,168,63,236,29.0,25.0,1.0,5.0,2.57,1.34,1.07,1.01,0.71,0.32,1.78,1.34,3.81,3.04,1,0,6,7,2,3,3,3,2,1,0.6626,0.0,1.6185,1.1581,0.1256,0.0917,0.2116,0.073,0.08,0.0223,11,9,0,0,0,5,2,0,1,0,1.0934,1.0132,0.0,0.0,0.0,0.3319,0.8165,0.0,0.7884,0.0,14,14,16.67,16.55
3787601,2022-08-14,usa,2022,MLS,,Jon Freemon,8314,Colorado Rapids,6001,Columbus Crew,1,1,1,42,58,12,14,3,5,6,4,3,5,0,0,8,8,4,6,3,6,1,2,0,1,,,14,13,4,3,0,0,2,1,17,17,15,6,5,2,16,6,4,2,51,53,29.0,41.0,22.0,12.0,2.0,11.0,313,443,244.0,369.0,122,214,122,155,36.0,27.0,7.0,6.0,1.36,1.34,0.48,1.15,0.1,0.2,0.58,1.34,1.13,1.46,1,1,4,5,3,2,2,4,2,2,0.0836,0.4893,1.0759,0.4881,0.1217,0.1319,0.0432,0.1795,0.0403,0.0545,8,12,0,0,1,2,2,0,1,0,0.4545,1.1458,0.0,0.0,0.0836,0.1974,0.0381,0.0,0.7884,0.0,12,14,17.02,16.79
3787601,2022-08-14,usa,2022,MLS,,Jon Freemon,6001,Columbus Crew,8314,Colorado Rapids,0,1,1,58,42,14,12,5,3,4,6,5,3,0,0,8,8,6,4,6,3,2,1,1,0,,,13,14,3,4,0,0,1,2,17,17,6,15,2,5,6,16,2,4,53,51,41.0,29.0,12.0,22.0,11.0,2.0,443,313,369.0,244.0,214,122,155,122,27.0,36.0,6.0,7.0,1.34,1.36,1.15,0.48,0.2,0.1,1.34,0.58,1.46,1.13,1,1,5,4,2,3,4,2,2,2,0.4893,0.0836,0.4881,1.0759,0.1319,0.1217,0.1795,0.0432,0.0545,0.0403,12,8,0,0,2,1,0,2,0,1,1.1458,0.4545,0.0,0.0,0.1974,0.0836,0.0,0.0381,0.0,0.7884,14,12,16.79,17.02
3787602,2022-08-14,usa,2022,MLS,,Víctor Rivas,6399,FC Dallas,6603,San Jose Earthquakes,1,4,1,37,63,10,10,6,2,4,3,0,5,0,0,7,4,3,6,2,7,3,0,1,0,,,11,7,2,1,0,0,0,2,15,13,10,11,5,0,26,8,1,2,38,40,29.0,35.0,9.0,5.0,7.0,11.0,366,598,288.0,528.0,182,252,106,276,18.0,42.0,0.0,2.0,1.61,0.56,1.61,0.54,0.0,0.02,1.61,0.56,1.54,0.33,0,0,4,2,3,2,2,5,1,1,0.0,0.0,1.3796,0.1958,0.1163,0.2357,0.0846,0.0956,0.0333,0.0287,9,9,1,0,0,1,0,0,0,0,0.8126,0.5387,0.8012,0.0,0.0,0.0172,0.0,0.0,0.0,0.0,10,10,17.96,22.63
3787602,2022-08-14,usa,2022,MLS,,Víctor Rivas,6603,San Jose Earthquakes,6399,FC Dallas,0,1,4,63,37,10,10,2,6,3,4,5,0,0,0,4,7,6,3,7,2,0,3,0,1,,,7,11,1,2,0,0,2,0,13,15,11,10,0,5,8,26,2,1,40,38,35.0,29.0,5.0,9.0,11.0,7.0,598,366,528.0,288.0,252,182,276,106,42.0,18.0,2.0,0.0,0.56,1.61,0.54,1.61,0.02,0.0,0.56,1.61,0.33,1.54,0,0,2,4,2,3,5,2,1,1,0.0,0.0,0.1958,1.3796,0.2357,0.1163,0.0956,0.0846,0.0287,0.0333,9,9,0,1,1,0,0,0,0,0,0.5387,0.8126,0.0,0.8012,0.0172,0.0,0.0,0.0,0.0,0.0,10,10,22.63,17.96
3787603,2022-08-14,usa,2022,MLS,,Chris Penso,867280,Los Angeles FC,1323940,Charlotte FC,1,5,0,52,48,25,8,9,2,13,3,3,3,0,0,20,2,5,6,8,4,8,0,4,0,,,13,9,0,1,0,0,0,1,22,15,12,7,3,4,7,17,2,4,56,36,40.0,29.0,16.0,7.0,9.0,1.0,497,463,414.0,378.0,189,221,225,157,32.0,29.0,5.0,1.0,2.66,0.24,1.96,0.2,0.71,0.05,2.66,0.24,2.62,0.38,1,0,17,1,2,1,1,4,4,2,0.1189,0.0,2.2116,0.09,0.1146,0.043,0.0447,0.066,0.174,0.0459,17,6,0,0,6,2,2,0,0,0,1.9572,0.199,0.0,0.0,0.6451,0.0459,0.0615,0.0,0.0,0.0,25,8,13.97,24.44
3787603,2022-08-14,usa,2022,MLS,,Chris Penso,1323940,Charlotte FC,867280,Los Angeles FC,0,0,5,48,52,8,25,2,9,3,13,3,3,0,0,2,20,6,5,4,8,0,8,0,4,,,9,13,1,0,0,0,1,0,15,22,7,12,4,3,17,7,4,2,36,56,29.0,40.0,7.0,16.0,1.0,9.0,463,497,378.0,414.0,221,189,157,225,29.0,32.0,1.0,5.0,0.24,2.66,0.2,1.96,0.05,0.71,0.24,2.66,0.38,2.62,0,1,1,17,1,2,4,1,2,4,0.0,0.1189,0.09,2.2116,0.043,0.1146,0.066,0.0447,0.0459,0.174,6,17,0,0,2,6,0,2,0,0,0.199,1.9572,0.0,0.0,0.0459,0.6451,0.0,0.0615,0.0,0.0,8,25,24.44,13.97
3787695,2022-08-14,usa,2022,MLS,,Guido Gonzalez,8259,Houston Dynamo FC,161195,CF Montreal,1,2,3,51,49,7,15,4,7,2,5,1,3,1,0,4,9,3,6,5,4,2,3,1,2,,,13,14,2,3,0,0,4,1,14,15,7,5,2,1,28,13,4,2,44,48,32.0,34.0,12.0,14.0,6.0,7.0,459,434,382.0,360.0,237,153,145,207,26.0,21.0,3.0,3.0,0.76,2.32,0.45,0.61,0.31,0.13,0.76,0.74,1.27,2.05,1,0,3,4,0,5,2,3,1,3,0.231,0.0,0.4484,1.8187,0.0,0.2637,0.0717,0.1346,0.0138,0.1058,4,10,0,0,3,1,0,2,0,2,0.4516,0.6181,0.0,0.0,0.3132,0.024,0.0,0.1039,0.0,1.5768,7,15,17.72,17.85
3787695,2022-08-14,usa,2022,MLS,,Guido Gonzalez,161195,CF Montreal,8259,Houston Dynamo FC,0,3,2,49,51,15,7,7,4,5,2,3,1,0,1,9,4,6,3,4,5,3,2,2,1,,,14,13,3,2,0,0,1,4,15,14,5,7,1,2,13,28,2,4,48,44,34.0,32.0,14.0,12.0,7.0,6.0,434,459,360.0,382.0,153,237,207,145,21.0,26.0,3.0,3.0,2.32,0.76,0.61,0.45,0.13,0.31,0.74,0.76,2.05,1.27,0,1,4,3,5,0,3,2,3,1,0.0,0.231,1.8187,0.4484,0.2637,0.0,0.1346,0.0717,0.1058,0.0138,10,4,0,0,1,3,2,0,2,0,0.6181,0.4516,0.0,0.0,0.024,0.3132,0.1039,0.0,1.5768,0.0,15,7,17.85,17.72
3787705,2022-08-14,usa,2022,MLS,,Silviu Petrescu,6637,LA Galaxy,307691,Vancouver Whitecaps,1,5,2,62,38,13,11,7,4,2,4,4,3,0,0,8,8,5,3,3,5,5,1,2,0,,,12,13,4,1,0,1,1,1,12,15,10,13,3,4,16,10,2,2,43,43,34.0,32.0,9.0,11.0,10.0,6.0,612,355,530.0,288.0,319,166,211,122,43.0,23.0,3.0,4.0,2.89,1.04,1.51,0.68,0.59,0.36,2.1,1.04,3.01,1.52,2,1,5,4,1,3,4,3,1,0,0.9601,0.2271,1.6775,0.5787,0.0271,0.119,0.1832,0.1132,0.0403,0.0,8,8,1,0,1,2,2,1,1,0,0.9851,0.6767,0.5202,0.0,0.0091,0.3313,0.5855,0.03,0.7884,0.0,13,11,16.37,15.97
3787705,2022-08-14,usa,2022,MLS,,Silviu Petrescu,307691,Vancouver Whitecaps,6637,LA Galaxy,0,2,5,38,62,11,13,4,7,4,2,3,4,0,0,8,8,3,5,5,3,1,5,0,2,,,13,12,1,4,1,0,1,1,15,12,13,10,4,3,10,16,2,2,43,43,32.0,34.0,11.0,9.0,6.0,10.0,355,612,288.0,530.0,166,319,122,211,23.0,43.0,4.0,3.0,1.04,2.89,0.68,1.51,0.36,0.59,1.04,2.1,1.52,3.01,1,2,4,5,3,1,3,4,0,1,0.2271,0.9601,0.5787,1.6775,0.119,0.0271,0.1132,0.1832,0.0,0.0403,8,8,0,1,2,1,1,2,0,1,0.6767,0.9851,0.0,0.5202,0.3313,0.0091,0.03,0.5855,0.0,0.7884,11,13,15.97,16.37
3787587,2022-08-15,usa,2022,MLS,,Timothy Ford,130394,Seattle Sounders FC,6606,Real Salt Lake,1,1,2,69,31,16,8,3,4,11,4,2,0,0,0,10,4,6,4,7,0,2,3,2,1,,,7,10,2,2,0,0,3,1,8,16,8,14,0,3,5,49,2,1,45,47,23.0,30.0,22.0,17.0,6.0,8.0,621,294,532.0,205.0,182,105,350,100,34.0,31.0,9.0,2.0,1.81,1.19,1.47,1.17,0.34,0.01,1.81,1.19,0.47,2.06,1,1,7,2,2,1,4,3,2,1,0.8537,0.5092,0.6988,0.6355,0.0655,0.0455,0.1857,0.0822,0.0909,0.0136,10,7,0,0,3,0,3,1,0,0,1.4692,1.2724,0.0,0.0,0.1451,0.0,0.2804,0.0136,0.0,0.0,16,8,15.16,17.67
3787587,2022-08-15,usa,2022,MLS,,Timothy Ford,6606,Real Salt Lake,130394,Seattle Sounders FC,0,2,1,31,69,8,16,4,3,4,11,0,2,0,0,4,10,4,6,0,7,3,2,1,2,,,10,7,2,2,0,0,1,3,16,8,14,8,3,0,49,5,1,2,47,45,30.0,23.0,17.0,22.0,8.0,6.0,294,621,205.0,532.0,105,182,100,350,31.0,34.0,2.0,9.0,1.19,1.81,1.17,1.47,0.01,0.34,1.19,1.81,2.06,0.47,1,1,2,7,1,2,3,4,1,2,0.5092,0.8537,0.6355,0.6988,0.0455,0.0655,0.0822,0.1857,0.0136,0.0909,7,10,0,0,0,3,1,3,0,0,1.2724,1.4692,0.0,0.0,0.0,0.1451,0.0136,0.2804,0.0,0.0,8,16,17.67,15.16
3787604,2022-08-15,usa,2022,MLS,,Alex Chilowicz,915807,Nashville SC,207242,Minnesota United,1,1,2,63,37,21,10,8,4,7,6,6,0,0,1,15,4,6,6,7,2,2,2,1,0,,,10,14,1,3,0,0,2,1,18,11,8,5,0,6,12,30,2,7,62,44,42.0,26.0,20.0,18.0,10.0,6.0,442,269,372.0,191.0,172,88,200,103,26.0,15.0,9.0,1.0,1.54,0.99,0.93,0.99,0.61,0.0,1.54,0.99,2.36,1.25,3,0,6,2,6,2,3,5,3,1,0.6347,0.0,0.446,0.4764,0.2785,0.2693,0.1063,0.2101,0.0763,0.0348,17,9,0,1,1,0,3,0,0,0,0.9284,0.9178,0.0,0.0729,0.0738,0.0,0.5396,0.0,0.0,0.0,21,10,17.71,20.39
3787604,2022-08-15,usa,2022,MLS,,Alex Chilowicz,207242,Minnesota United,915807,Nashville SC,0,2,1,37,63,10,21,4,8,6,7,0,6,1,0,4,15,6,6,2,7,2,2,0,1,,,14,10,3,1,0,0,1,2,11,18,5,8,6,0,30,12,7,2,44,62,26.0,42.0,18.0,20.0,6.0,10.0,269,442,191.0,372.0,88,172,103,200,15.0,26.0,1.0,9.0,0.99,1.54,0.99,0.93,0.0,0.61,0.99,1.54,1.25,2.36,0,3,2,6,2,6,5,3,1,3,0.0,0.6347,0.4764,0.446,0.2693,0.2785,0.2101,0.1063,0.0348,0.0763,9,17,1,0,0,1,0,3,0,0,0.9178,0.9284,0.0729,0.0,0.0,0.0738,0.0,0.5396,0.0,0.0,10,21,20.39,17.71
3787569,2022-08-17,usa,2022,MLS,,Ramy Touchan,867280,Los Angeles FC,6602,DC United,1,1,0,62,38,19,12,5,3,8,6,6,3,0,1,13,7,6,5,8,5,2,0,1,0,,,12,17,1,4,0,1,1,1,19,11,3,12,2,6,6,22,3,4,59,39,45.0,29.0,14.0,10.0,10.0,9.0,503,310,410.0,226.0,192,115,218,111,23.0,23.0,4.0,4.0,2.01,0.58,1.84,0.22,0.18,0.36,2.01,0.58,1.86,0.43,0,1,9,3,4,3,4,4,2,1,0.0,0.1144,1.4388,0.1712,0.4014,0.1113,0.1261,0.1507,0.0536,0.0481,13,6,3,0,2,4,1,2,0,0,1.2213,0.2244,0.6231,0.0,0.1324,0.1505,0.0429,0.2209,0.0,0.0,19,12,18.49,20.78
3787569,2022-08-17,usa,2022,MLS,,Ramy Touchan,6602,DC United,867280,Los Angeles FC,0,0,1,38,62,12,19,3,5,6,8,3,6,1,0,7,13,5,6,5,8,0,2,0,1,,,17,12,4,1,1,0,1,1,11,19,12,3,6,2,22,6,4,3,39,59,29.0,45.0,10.0,14.0,9.0,10.0,310,503,226.0,410.0,115,192,111,218,23.0,23.0,4.0,4.0,0.58,2.01,0.22,1.84,0.36,0.18,0.58,2.01,0.43,1.86,1,0,3,9,3,4,4,4,1,2,0.1144,0.0,0.1712,1.4388,0.1113,0.4014,0.1507,0.1261,0.0481,0.0536,6,13,0,3,4,2,2,1,0,0,0.2244,1.2213,0.0,0.6231,0.1505,0.1324,0.2209,0.0429,0.0,0.0,12,19,20.78,18.49
3787585,2022-08-17,usa,2022,MLS,,Ted Unkel,773958,Atlanta United,6514,New York Red Bulls,1,1,2,73,27,12,13,5,5,7,6,0,2,0,0,7,9,5,4,5,6,2,0,1,0,,,11,15,1,3,0,0,2,2,24,26,12,20,2,0,14,20,3,4,66,63,49.0,48.0,17.0,15.0,12.0,11.0,563,203,469.0,121.0,252,36,217,85,40.0,22.0,7.0,2.0,0.9,0.95,0.75,0.89,0.15,0.06,0.9,0.95,1.19,1.22,0,0,5,6,2,3,1,2,4,2,0.0,0.0,0.6621,0.6587,0.1029,0.1953,0.0541,0.0458,0.0855,0.0536,10,10,0,1,2,2,0,0,0,0,0.7516,0.6924,0.0,0.2,0.153,0.0611,0.0,0.0,0.0,0.0,12,13,18.24,18.52
3787585,2022-08-17,usa,2022,MLS,,Ted Unkel,6514,New York Red Bulls,773958,Atlanta United,0,2,1,27,73,13,12,5,5,6,7,2,0,0,0,9,7,4,5,6,5,0,2,0,1,,,15,11,3,1,0,0,2,2,26,24,20,12,0,2,20,14,4,3,63,66,48.0,49.0,15.0,17.0,11.0,12.0,203,563,121.0,469.0,36,252,85,217,22.0,40.0,2.0,7.0,0.95,0.9,0.89,0.75,0.06,0.15,0.95,0.9,1.22,1.19,0,0,6,5,3,2,2,1,2,4,0.0,0.0,0.6587,0.6621,0.1953,0.1029,0.0458,0.0541,0.0536,0.0855,10,10,1,0,2,2,0,0,0,0,0.6924,0.7516,0.2,0.0,0.0611,0.153,0.0,0.0,0.0,0.0,13,12,18.52,18.24
3787721,2022-08-17,usa,2022,MLS,,Fotis Bazakos,56453,Toronto FC,6580,New England Revolution,1,2,2,67,33,19,6,7,4,5,2,7,0,0,0,7,4,12,2,17,0,1,3,0,2,,,7,6,2,2,0,0,2,2,14,14,3,7,0,7,8,39,2,5,28,30,25.0,25.0,3.0,5.0,6.0,4.0,602,301,519.0,220.0,188,121,331,99,29.0,19.0,2.0,3.0,1.66,1.12,0.7,1.1,0.17,0.02,0.87,1.12,2.08,2.83,1,3,4,1,2,0,2,2,10,0,0.1347,1.1627,1.0644,0.2542,0.096,0.0,0.0936,0.0498,0.2701,0.0,13,5,0,0,5,0,0,1,1,0,0.7019,1.4446,0.0,0.0,0.1684,0.0,0.0,0.0221,0.7884,0.0,19,6,20.44,14.72
3787721,2022-08-17,usa,2022,MLS,,Fotis Bazakos,6580,New England Revolution,56453,Toronto FC,0,2,2,33,67,6,19,4,7,2,5,0,7,0,0,4,7,2,12,0,17,3,1,2,0,,,6,7,2,2,0,0,2,2,14,14,7,3,7,0,39,8,5,2,30,28,25.0,25.0,5.0,3.0,4.0,6.0,301,602,220.0,519.0,121,188,99,331,19.0,29.0,3.0,2.0,1.12,1.66,1.1,0.7,0.02,0.17,1.12,0.87,2.83,2.08,3,1,1,4,0,2,2,2,0,10,1.1627,0.1347,0.2542,1.0644,0.0,0.096,0.0498,0.0936,0.0,0.2701,5,13,0,0,0,5,1,0,0,1,1.4446,0.7019,0.0,0.0,0.0,0.1684,0.0221,0.0,0.0,0.7884,6,19,14.72,20.44
3787568,2022-08-18,usa,2022,MLS,,Nima Saghafi,6399,FC Dallas,191716,Philadelphia Union,1,1,0,47,53,13,10,5,3,6,4,2,3,0,0,8,6,5,4,2,7,2,0,1,0,,,12,15,2,2,0,0,2,0,10,17,15,7,3,2,26,4,3,4,38,42,31.0,33.0,7.0,9.0,6.0,4.0,393,424,326.0,352.0,193,177,133,175,24.0,34.0,3.0,7.0,0.95,0.54,0.72,0.23,0.23,0.3,0.95,0.54,1.31,0.4,0,0,7,2,1,4,3,2,2,2,0.0,0.0,0.6803,0.1347,0.0658,0.1791,0.1309,0.156,0.0682,0.0696,10,5,0,0,2,2,1,3,0,0,0.7197,0.2346,0.0,0.0,0.1852,0.0641,0.0402,0.2408,0.0,0.0,13,10,17.3,19.01
3787568,2022-08-18,usa,2022,MLS,,Nima Saghafi,191716,Philadelphia Union,6399,FC Dallas,0,0,1,53,47,10,13,3,5,4,6,3,2,0,0,6,8,4,5,7,2,0,2,0,1,,,15,12,2,2,0,0,0,2,17,10,7,15,2,3,4,26,4,3,42,38,33.0,31.0,9.0,7.0,4.0,6.0,424,393,352.0,326.0,177,193,175,133,34.0,24.0,7.0,3.0,0.54,0.95,0.23,0.72,0.3,0.23,0.54,0.95,0.4,1.31,0,0,2,7,4,1,2,3,2,2,0.0,0.0,0.1347,0.6803,0.1791,0.0658,0.156,0.1309,0.0696,0.0682,5,10,0,0,2,2,3,1,0,0,0.2346,0.7197,0.0,0.0,0.0641,0.1852,0.2408,0.0402,0.0,0.0,10,13,19.01,17.3
3787586,2022-08-18,usa,2022,MLS,,Jon Freemon,546238,New York City FC,1323940,Charlotte FC,1,1,3,65,35,14,6,6,5,6,0,2,1,1,0,7,4,7,2,4,2,2,3,2,0,,,12,16,0,2,0,0,4,2,10,16,7,10,1,1,12,18,2,5,49,45,35.0,31.0,14.0,14.0,10.0,3.0,529,289,447.0,209.0,235,106,212,103,23.0,27.0,2.0,0.0,1.2,1.7,1.05,0.87,0.15,0.04,1.2,0.91,1.78,2.68,0,1,5,3,2,0,5,2,2,0,0.0,0.5456,0.7423,1.0558,0.1602,0.0,0.2306,0.0984,0.0666,0.0,10,4,1,0,1,1,2,0,0,1,0.6505,0.8691,0.3994,0.0,0.0684,0.0424,0.0814,0.0,0.0,0.7884,14,6,19.07,15.15
3787586,2022-08-18,usa,2022,MLS,,Jon Freemon,1323940,Charlotte FC,546238,New York City FC,0,3,1,35,65,6,14,5,6,0,6,1,2,0,1,4,7,2,7,2,4,3,2,0,2,,,16,12,2,0,0,0,2,4,16,10,10,7,1,1,18,12,5,2,45,49,31.0,35.0,14.0,14.0,3.0,10.0,289,529,209.0,447.0,106,235,103,212,27.0,23.0,0.0,2.0,1.7,1.2,0.87,1.05,0.04,0.15,0.91,1.2,2.68,1.78,1,0,3,5,0,2,2,5,0,2,0.5456,0.0,1.0558,0.7423,0.0,0.1602,0.0984,0.2306,0.0,0.0666,4,10,0,1,1,1,0,2,1,0,0.8691,0.6505,0.0,0.3994,0.0424,0.0684,0.0,0.0814,0.7884,0.0,6,14,15.15,19.07
3787722,2022-08-18,usa,2022,MLS,,Filip Dujic,307691,Vancouver Whitecaps,8314,Colorado Rapids,1,2,1,43,57,8,15,3,4,3,7,2,4,0,2,4,12,4,3,4,2,1,3,0,2,,,14,11,0,1,0,0,4,1,7,12,16,4,4,3,22,19,3,0,28,47,19.0,32.0,9.0,15.0,2.0,7.0,388,502,304.0,416.0,145,226,159,190,23.0,43.0,0.0,3.0,1.0,2.4,0.96,2.19,0.04,0.21,1.0,2.4,0.89,1.08,0,2,4,7,0,3,2,3,2,0,0.0,1.2934,0.8267,0.8051,0.0,0.2244,0.091,0.1251,0.0817,0.0,8,12,0,0,0,1,0,2,0,0,0.9994,2.2392,0.0,0.0,0.0,0.1235,0.0,0.0852,0.0,0.0,8,15,16.93,13.72
3787722,2022-08-18,usa,2022,MLS,,Filip Dujic,8314,Colorado Rapids,307691,Vancouver Whitecaps,0,1,2,57,43,15,8,4,3,7,3,4,2,2,0,12,4,3,4,2,4,3,1,2,0,,,11,14,1,0,0,0,1,4,12,7,4,16,3,4,19,22,0,3,47,28,32.0,19.0,15.0,9.0,7.0,2.0,502,388,416.0,304.0,226,145,190,159,43.0,23.0,3.0,0.0,2.4,1.0,2.19,0.96,0.21,0.04,2.4,1.0,1.08,0.89,2,0,7,4,3,0,3,2,0,2,1.2934,0.0,0.8051,0.8267,0.2244,0.0,0.1251,0.091,0.0,0.0817,12,8,0,0,1,0,2,0,0,0,2.2392,0.9994,0.0,0.0,0.1235,0.0,0.0852,0.0,0.0,0.0,15,8,13.72,16.93
3787570,2022-08-20,usa,2022,MLS,,Víctor Rivas,6637,LA Galaxy,130394,Seattle Sounders FC,1,3,3,52,48,11,16,4,6,3,9,4,1,0,2,5,9,6,7,6,5,2,3,0,2,,,10,12,2,3,0,0,2,4,10,16,9,7,2,3,15,15,2,1,33,35,24.0,31.0,9.0,4.0,5.0,5.0,499,458,438.0,393.0,184,168,254,225,22.0,24.0,3.0,4.0,1.59,2.55,0.43,2.55,0.37,0.0,0.8,2.55,2.26,2.26,0,3,5,5,0,1,2,5,4,2,0.0,1.5137,1.3508,0.9369,0.0,0.0481,0.1309,0.2577,0.1051,0.0525,4,16,0,0,3,0,3,0,1,0,0.4253,2.8089,0.0,0.0,0.1612,0.0,0.2119,0.0,0.7884,0.0,11,16,19.54,17.7
3787570,2022-08-20,usa,2022,MLS,,Víctor Rivas,130394,Seattle Sounders FC,6637,LA Galaxy,0,3,3,48,52,16,11,6,4,9,3,1,4,2,0,9,5,7,6,5,6,3,2,2,0,,,12,10,3,2,0,0,4,2,16,10,7,9,3,2,15,15,1,2,35,33,31.0,24.0,4.0,9.0,5.0,5.0,458,499,393.0,438.0,168,184,225,254,24.0,22.0,4.0,3.0,2.55,1.59,2.55,0.43,0.0,0.37,2.55,0.8,2.26,2.26,3,0,5,5,1,0,5,2,2,4,1.5137,0.0,0.9369,1.3508,0.0481,0.0,0.2577,0.1309,0.0525,0.1051,16,4,0,0,0,3,0,3,0,1,2.8089,0.4253,0.0,0.0,0.0,0.1612,0.0,0.2119,0.0,0.7884,16,11,17.7,19.54
3787571,2022-08-20,usa,2022,MLS,,,6514,New York Red Bulls,722265,FC Cincinnati,1,1,1,52,48,14,3,3,2,4,0,7,1,0,0,9,2,5,1,3,1,2,0,1,0,,,15,13,1,2,0,0,0,2,21,14,6,11,1,7,13,28,1,2,62,66,41.0,41.0,21.0,25.0,7.0,14.0,389,372,271.0,256.0,98,144,173,112,19.0,29.0,2.0,2.0,1.63,0.35,0.66,0.2,0.18,0.15,0.84,0.35,1.16,0.19,0,0,4,2,5,0,5,1,0,0,0.0,0.0,1.1292,0.2677,0.28,0.0,0.2203,0.083,0.0,0.0,7,2,2,0,1,0,3,1,1,0,0.5648,0.2025,0.0923,0.0,0.0024,0.0,0.1815,0.1482,0.7884,0.0,14,3,18.16,14.21
3787571,2022-08-20,usa,2022,MLS,,,722265,FC Cincinnati,6514,New York Red Bulls,0,1,1,48,52,3,14,2,3,0,4,1,7,0,0,2,9,1,5,1,3,0,2,0,1,,,13,15,2,1,0,0,2,0,14,21,11,6,7,1,28,13,2,1,66,62,41.0,41.0,25.0,21.0,14.0,7.0,372,389,256.0,271.0,144,98,112,173,29.0,19.0,2.0,2.0,0.35,1.63,0.2,0.66,0.15,0.18,0.35,0.84,0.19,1.16,0,0,2,4,0,5,1,5,0,0,0.0,0.0,0.2677,1.1292,0.0,0.28,0.083,0.2203,0.0,0.0,2,7,0,2,0,1,1,3,0,1,0.2025,0.5648,0.0,0.0923,0.0,0.0024,0.1482,0.1815,0.0,0.7884,3,14,14.21,18.16
3787572,2022-08-20,usa,2022,MLS,,Ted Unkel,6602,DC United,191716,Philadelphia Union,1,0,6,50,50,14,22,2,12,10,6,2,4,1,0,11,13,3,9,7,2,2,8,2,5,,,8,9,0,0,0,0,2,6,10,17,13,10,4,2,13,24,6,2,42,50,30.0,32.0,12.0,18.0,11.0,7.0,376,399,300.0,324.0,181,160,119,164,27.0,43.0,9.0,4.0,1.51,3.59,1.41,2.72,0.1,0.07,1.51,2.8,0.36,3.59,1,2,8,9,2,2,1,7,2,2,0.0727,0.331,1.0028,2.702,0.3885,0.2905,0.0266,0.2912,0.0445,0.0579,11,19,0,1,3,1,0,0,0,1,1.4377,2.3146,0.0,0.4978,0.0976,0.0719,0.0,0.0,0.0,0.7884,14,22,16.11,16.94
3787572,2022-08-20,usa,2022,MLS,,Ted Unkel,191716,Philadelphia Union,6602,DC United,0,6,0,50,50,22,14,12,2,6,10,4,2,0,1,13,11,9,3,2,7,8,2,5,2,,,9,8,0,0,0,0,6,2,17,10,10,13,2,4,24,13,2,6,50,42,32.0,30.0,18.0,12.0,7.0,11.0,399,376,324.0,300.0,160,181,164,119,43.0,27.0,4.0,9.0,3.59,1.51,2.72,1.41,0.07,0.1,2.8,1.51,3.59,0.36,2,1,9,8,2,2,7,1,2,2,0.331,0.0727,2.702,1.0028,0.2905,0.3885,0.2912,0.0266,0.0579,0.0445,19,11,1,0,1,3,0,0,1,0,2.3146,1.4377,0.4978,0.0,0.0719,0.0976,0.0,0.0,0.7884,0.0,22,14,16.94,16.11
3787723,2022-08-20,usa,2022,MLS,,Chris Penso,161195,CF Montreal,6580,New England Revolution,1,4,0,52,48,18,11,7,2,6,4,5,5,0,1,13,6,5,5,7,5,4,0,1,0,,,7,7,1,2,0,0,1,1,10,18,3,14,4,4,15,16,2,3,41,38,26.0,28.0,15.0,10.0,9.0,4.0,517,457,440.0,387.0,220,248,220,139,28.0,24.0,7.0,3.0,3.15,1.04,1.78,0.91,0.58,0.13,2.36,1.04,3.38,0.38,1,1,11,5,1,0,4,4,1,1,0.231,0.0743,2.6864,0.7974,0.0691,0.0,0.131,0.1416,0.032,0.0266,11,7,1,1,5,3,0,0,1,0,1.2305,0.8844,0.5505,0.0239,0.5801,0.1316,0.0,0.0,0.7884,0.0,18,11,13.85,17.16
3787723,2022-08-20,usa,2022,MLS,,Chris Penso,6580,New England Revolution,161195,CF Montreal,0,0,4,48,52,11,18,2,7,4,6,5,5,1,0,6,13,5,5,5,7,0,4,0,1,,,7,7,2,1,0,0,1,1,18,10,14,3,4,4,16,15,3,2,38,41,28.0,26.0,10.0,15.0,4.0,9.0,457,517,387.0,440.0,248,220,139,220,24.0,28.0,3.0,7.0,1.04,3.15,0.91,1.78,0.13,0.58,1.04,2.36,0.38,3.38,1,1,5,11,0,1,4,4,1,1,0.0743,0.231,0.7974,2.6864,0.0,0.0691,0.1416,0.131,0.0266,0.032,7,11,1,1,3,5,0,0,0,1,0.8844,1.2305,0.0239,0.5505,0.1316,0.5801,0.0,0.0,0.0,0.7884,11,18,17.16,13.85
3787573,2022-08-21,usa,2022,MLS,,Allen Chapman,207242,Minnesota United,1218886,Austin FC,1,2,1,36,64,15,13,6,2,8,4,1,7,0,0,8,5,7,8,3,6,3,1,1,0,,,9,9,0,1,0,0,2,2,16,12,11,14,7,1,38,13,1,4,48,40,33.0,24.0,15.0,16.0,8.0,4.0,288,503,216.0,425.0,95,225,121,200,18.0,25.0,3.0,2.0,2.1,1.41,1.19,0.38,0.12,0.24,1.31,0.62,2.05,1.2,0,0,7,1,1,4,3,5,4,3,0.0,0.0,1.7702,0.7884,0.0945,0.2975,0.1074,0.1992,0.1286,0.1203,10,7,1,0,1,3,2,2,1,1,1.1581,0.4299,0.031,0.0,0.0469,0.1004,0.0765,0.0866,0.7884,0.7884,15,13,19.98,20.08
3787573,2022-08-21,usa,2022,MLS,,Allen Chapman,1218886,Austin FC,207242,Minnesota United,0,1,2,64,36,13,15,2,6,4,8,7,1,0,0,5,8,8,7,6,3,1,3,0,1,,,9,9,1,0,0,0,2,2,12,16,14,11,1,7,13,38,4,1,40,48,24.0,33.0,16.0,15.0,4.0,8.0,503,288,425.0,216.0,225,95,200,121,25.0,18.0,2.0,3.0,1.41,2.1,0.38,1.19,0.24,0.12,0.62,1.31,1.2,2.05,0,0,1,7,4,1,5,3,3,4,0.0,0.0,0.7884,1.7702,0.2975,0.0945,0.1992,0.1074,0.1203,0.1286,7,10,0,1,3,1,2,2,1,1,0.4299,1.1581,0.0,0.031,0.1004,0.0469,0.0866,0.0765,0.7884,0.7884,13,15,20.08,19.98
3787574,2022-08-21,usa,2022,MLS,,Marcos de Oliveira,8314,Colorado Rapids,8259,Houston Dynamo FC,1,1,1,51,49,9,9,4,3,5,3,0,3,0,0,9,2,0,7,8,3,2,1,1,1,,,14,13,2,2,1,0,1,1,10,13,11,10,3,0,21,14,2,3,49,45,29.0,29.0,20.0,16.0,6.0,3.0,335,328,251.0,237.0,112,112,139,125,28.0,28.0,5.0,1.0,0.75,0.42,0.36,0.38,0.38,0.04,0.75,0.42,1.16,0.63,2,0,4,2,3,0,0,6,0,1,0.2245,0.0,0.3646,0.1555,0.1564,0.0,0.0,0.2437,0.0,0.0229,3,8,0,0,3,0,3,1,0,0,0.3614,0.3794,0.0,0.0,0.2525,0.0,0.1315,0.0427,0.0,0.0,9,9,11.87,22.88
3787574,2022-08-21,usa,2022,MLS,,Marcos de Oliveira,8259,Houston Dynamo FC,8314,Colorado Rapids,0,1,1,49,51,9,9,3,4,3,5,3,0,0,0,2,9,7,0,3,8,1,2,1,1,,,13,14,2,2,0,1,1,1,13,10,10,11,0,3,14,21,3,2,45,49,29.0,29.0,16.0,20.0,3.0,6.0,328,335,237.0,251.0,112,112,125,139,28.0,28.0,1.0,5.0,0.42,0.75,0.38,0.36,0.04,0.38,0.42,0.75,0.63,1.16,0,2,2,4,0,3,6,0,1,0,0.0,0.2245,0.1555,0.3646,0.0,0.1564,0.2437,0.0,0.0229,0.0,8,3,0,0,0,3,1,3,0,0,0.3794,0.3614,0.0,0.0,0.0,0.2525,0.0427,0.1315,0.0,0.0,9,9,22.88,11.87
3787575,2022-08-21,usa,2022,MLS,,Michael Radchuk,6603,San Jose Earthquakes,867280,Los Angeles FC,1,2,1,55,45,10,12,5,1,3,8,2,3,0,1,9,6,1,6,11,5,4,2,2,1,,,14,14,4,4,0,1,1,2,15,18,13,8,3,2,16,12,1,3,49,50,37.0,40.0,12.0,10.0,8.0,9.0,393,323,330.0,251.0,177,112,153,139,30.0,31.0,6.0,2.0,0.94,1.3,0.57,0.83,0.38,0.46,0.94,1.3,2.3,0.83,2,0,3,4,4,2,1,4,0,2,0.2555,0.0,0.4307,0.6487,0.24,0.1108,0.0186,0.4877,0.0,0.05,5,8,1,0,4,3,0,1,0,0,0.4542,0.833,0.1135,0.0,0.3772,0.1034,0.0,0.3609,0.0,0.0,10,12,14.29,17.87
3787575,2022-08-21,usa,2022,MLS,,Michael Radchuk,867280,Los Angeles FC,6603,San Jose Earthquakes,0,1,2,45,55,12,10,1,5,8,3,3,2,1,0,6,9,6,1,5,11,2,4,1,2,,,14,14,4,4,1,0,2,1,18,15,8,13,2,3,12,16,3,1,50,49,40.0,37.0,10.0,12.0,9.0,8.0,323,393,251.0,330.0,112,177,139,153,31.0,30.0,2.0,6.0,1.3,0.94,0.83,0.57,0.46,0.38,1.3,0.94,0.83,2.3,0,2,4,3,2,4,4,1,2,0,0.0,0.2555,0.6487,0.4307,0.1108,0.24,0.4877,0.0186,0.05,0.0,8,5,0,1,3,4,1,0,0,0,0.833,0.4542,0.0,0.1135,0.1034,0.3772,0.3609,0.0,0.0,0.0,12,10,17.87,14.29
3787576,2022-08-21,usa,2022,MLS,,Rosendo Mendoza,6397,Chicago Fire FC,546238,New York City FC,1,0,2,58,42,10,8,0,5,7,2,3,1,1,1,8,4,2,4,6,4,3,2,3,1,,,13,11,3,1,0,0,5,3,13,15,11,6,1,3,6,22,3,0,38,44,31.0,36.0,7.0,8.0,7.0,8.0,481,358,412.0,276.0,239,155,173,121,22.0,24.0,4.0,0.0,1.78,1.05,0.85,1.01,0.93,0.04,1.78,1.05,0.0,1.37,3,1,4,3,1,0,2,2,0,2,0.7714,0.1498,0.7004,0.6784,0.212,0.0,0.0947,0.0569,0.0,0.16,4,7,0,0,5,0,1,1,0,0,0.8493,1.007,0.0,0.0,0.891,0.0,0.0382,0.0381,0.0,0.0,10,8,11.55,17.1
3787576,2022-08-21,usa,2022,MLS,,Rosendo Mendoza,546238,New York City FC,6397,Chicago Fire FC,0,2,0,42,58,8,10,5,0,2,7,1,3,1,1,4,8,4,2,4,6,2,3,1,3,,,11,13,1,3,0,0,3,5,15,13,6,11,3,1,22,6,0,3,44,38,36.0,31.0,8.0,7.0,8.0,7.0,358,481,276.0,412.0,155,239,121,173,24.0,22.0,0.0,4.0,1.05,1.78,1.01,0.85,0.04,0.93,1.05,1.78,1.37,0.0,1,3,3,4,0,1,2,2,2,0,0.1498,0.7714,0.6784,0.7004,0.0,0.212,0.0569,0.0947,0.16,0.0,7,4,0,0,0,5,1,1,0,0,1.007,0.8493,0.0,0.0,0.0,0.891,0.0381,0.0382,0.0,0.0,8,10,17.1,11.55
3787577,2022-08-21,usa,2022,MLS,,Joe Dickerson,6001,Columbus Crew,773958,Atlanta United,1,2,2,49,51,12,24,8,10,2,7,2,7,0,1,6,14,6,10,4,10,1,2,0,2,,,9,19,3,2,0,0,1,4,15,12,6,10,7,2,18,14,8,6,53,41,46.0,32.0,7.0,9.0,13.0,11.0,367,379,300.0,310.0,139,145,161,165,34.0,22.0,4.0,10.0,0.74,2.08,0.65,1.71,0.09,0.37,0.74,2.08,1.25,2.72,1,3,4,7,1,4,4,6,2,4,0.0679,0.6454,0.3784,0.7812,0.0581,0.3684,0.1791,0.2523,0.0555,0.1013,9,19,1,0,0,4,2,1,0,0,0.5704,1.7813,0.0753,0.0,0.0,0.2996,0.0934,0.0676,0.0,0.0,12,24,18.55,17.12
3787577,2022-08-21,usa,2022,MLS,,Joe Dickerson,773958,Atlanta United,6001,Columbus Crew,0,2,2,51,49,24,12,10,8,7,2,7,2,1,0,14,6,10,6,10,4,2,1,2,0,,,19,9,2,3,0,0,4,1,12,15,10,6,2,7,14,18,6,8,41,53,32.0,46.0,9.0,7.0,11.0,13.0,379,367,310.0,300.0,145,139,165,161,22.0,34.0,10.0,4.0,2.08,0.74,1.71,0.65,0.37,0.09,2.08,0.74,2.72,1.25,3,1,7,4,4,1,6,4,4,2,0.6454,0.0679,0.7812,0.3784,0.3684,0.0581,0.2523,0.1791,0.1013,0.0555,19,9,0,1,4,0,1,2,0,0,1.7813,0.5704,0.0,0.0753,0.2996,0.0,0.0676,0.0934,0.0,0.0,24,12,17.12,18.55
3787578,2022-08-21,usa,2022,MLS,,Lukasz Szpala,1323940,Charlotte FC,267810,Orlando City,1,1,2,51,49,9,13,3,7,4,3,2,3,0,0,4,8,5,5,2,5,1,2,0,0,,,17,9,2,4,0,0,0,0,11,18,14,9,3,2,15,16,5,2,30,56,23.0,40.0,7.0,16.0,4.0,5.0,427,422,353.0,347.0,205,216,148,131,14.0,29.0,3.0,5.0,0.73,1.37,0.4,1.07,0.33,0.3,0.73,1.37,1.13,2.16,1,1,2,7,1,0,1,4,4,1,0.139,0.2511,0.3923,0.9613,0.0437,0.0,0.031,0.1445,0.126,0.0224,6,6,0,2,0,1,3,4,0,0,0.4012,0.7272,0.0,0.3541,0.0,0.0466,0.3307,0.2514,0.0,0.0,9,13,19.66,17.52
3787578,2022-08-21,usa,2022,MLS,,Lukasz Szpala,267810,Orlando City,1323940,Charlotte FC,0,2,1,49,51,13,9,7,3,3,4,3,2,0,0,8,4,5,5,5,2,2,1,0,0,,,9,17,4,2,0,0,0,0,18,11,9,14,2,3,16,15,2,5,56,30,40.0,23.0,16.0,7.0,5.0,4.0,422,427,347.0,353.0,216,205,131,148,29.0,14.0,5.0,3.0,1.37,0.73,1.07,0.4,0.3,0.33,1.37,0.73,2.16,1.13,1,1,7,2,0,1,4,1,1,4,0.2511,0.139,0.9613,0.3923,0.0,0.0437,0.1445,0.031,0.0224,0.126,6,6,2,0,1,0,4,3,0,0,0.7272,0.4012,0.3541,0.0,0.0466,0.0,0.2514,0.3307,0.0,0.0,13,9,17.52,19.66
3787579,2022-08-21,usa,2022,MLS,,Armando Villarreal,6604,Sporting Kansas City,307690,Portland Timbers,1,4,1,56,44,18,13,9,5,8,6,1,2,0,0,9,7,9,6,2,1,3,4,1,3,,,8,9,1,2,0,0,0,0,9,24,5,11,2,1,18,16,4,5,35,50,27.0,40.0,8.0,10.0,11.0,8.0,469,367,405.0,289.0,193,139,212,150,52.0,29.0,2.0,6.0,1.34,1.27,1.14,1.14,0.2,0.12,1.34,1.27,2.44,2.05,1,1,5,6,3,0,7,2,2,4,0.1184,0.3278,0.7281,0.6286,0.1701,0.0,0.2681,0.1245,0.0534,0.1849,15,11,0,0,3,0,0,2,0,0,1.1366,1.1425,0.0,0.0,0.2015,0.0,0.0,0.1233,0.0,0.0,18,13,19.54,16.52
3787579,2022-08-21,usa,2022,MLS,,Armando Villarreal,307690,Portland Timbers,6604,Sporting Kansas City,0,1,4,44,56,13,18,5,9,6,8,2,1,0,0,7,9,6,9,1,2,4,3,3,1,,,9,8,2,1,0,0,0,0,24,9,11,5,1,2,16,18,5,4,50,35,40.0,27.0,10.0,8.0,8.0,11.0,367,469,289.0,405.0,139,193,150,212,29.0,52.0,6.0,2.0,1.27,1.34,1.14,1.14,0.12,0.2,1.27,1.34,2.05,2.44,1,1,6,5,0,3,2,7,4,2,0.3278,0.1184,0.6286,0.7281,0.0,0.1701,0.1245,0.2681,0.1849,0.0534,11,15,0,0,0,3,2,0,0,0,1.1425,1.1366,0.0,0.0,0.0,0.2015,0.1233,0.0,0.0,0.0,13,18,16.52,19.54
3787724,2022-08-21,usa,2022,MLS,,Pierre Luce Lauziere,960720,Inter Miami CF,56453,Toronto FC,1,2,1,42,58,8,16,4,4,1,6,3,6,0,0,4,5,4,11,2,6,1,0,0,0,13,31,15,8,0,1,0,0,3,1,20,19,5,8,6,3,21,7,3,2,38,58,35.0,53.0,3.0,5.0,7.0,19.0,392,545,325.0,486.0,213,203,112,283,28.0,18.0,1.0,3.0,0.83,0.83,0.2,0.57,0.63,0.26,0.83,0.83,1.04,0.81,2,2,1,0,1,3,3,4,1,7,0.5925,0.4075,0.0668,0.0,0.0256,0.1528,0.106,0.1091,0.0391,0.1587,5,10,0,0,1,1,2,5,0,0,0.1984,0.5668,0.0,0.0,0.2081,0.1566,0.4235,0.1047,0.0,0.0,8,16,18.54,23.89
3787724,2022-08-21,usa,2022,MLS,,Pierre Luce Lauziere,56453,Toronto FC,960720,Inter Miami CF,0,1,2,58,42,16,8,4,4,6,1,6,3,0,0,5,4,11,4,6,2,0,1,0,0,31,13,8,15,1,0,0,0,1,3,19,20,8,5,3,6,7,21,2,3,58,38,53.0,35.0,5.0,3.0,19.0,7.0,545,392,486.0,325.0,203,213,283,112,18.0,28.0,3.0,1.0,0.83,0.83,0.57,0.2,0.26,0.63,0.83,0.83,0.81,1.04,2,2,0,1,3,1,4,3,7,1,0.4075,0.5925,0.0,0.0668,0.1528,0.0256,0.1091,0.106,0.1587,0.0391,10,5,0,0,1,1,5,2,0,0,0.5668,0.1984,0.0,0.0,0.1566,0.2081,0.1047,0.4235,0.0,0.0,16,8,23.89,18.54
3787725,2022-08-21,usa,2022,MLS,,Ismir Pekmic,6606,Real Salt Lake,307691,Vancouver Whitecaps,1,1,1,54,46,13,14,4,4,6,4,3,6,1,1,7,9,6,5,6,7,1,0,0,0,,,6,10,1,2,0,0,1,5,8,13,3,12,6,3,27,18,3,3,49,42,24.0,29.0,25.0,13.0,6.0,10.0,410,358,336.0,290.0,189,144,147,146,37.0,29.0,3.0,3.0,1.05,0.75,1.03,0.68,0.02,0.07,1.05,0.75,1.44,0.61,2,1,5,5,0,3,5,4,1,1,0.2171,0.1291,0.5921,0.3043,0.0,0.1179,0.2067,0.1475,0.03,0.0526,12,11,0,0,1,3,0,0,0,0,1.027,0.6848,0.0,0.0,0.0188,0.0665,0.0,0.0,0.0,0.0,13,14,17.62,17.3
3787725,2022-08-21,usa,2022,MLS,,Ismir Pekmic,307691,Vancouver Whitecaps,6606,Real Salt Lake,0,1,1,46,54,14,13,4,4,4,6,6,3,1,1,9,7,5,6,7,6,0,1,0,0,,,10,6,2,1,0,0,5,1,13,8,12,3,3,6,18,27,3,3,42,49,29.0,24.0,13.0,25.0,10.0,6.0,358,410,290.0,336.0,144,189,146,147,29.0,37.0,3.0,3.0,0.75,1.05,0.68,1.03,0.07,0.02,0.75,1.05,0.61,1.44,1,2,5,5,3,0,4,5,1,1,0.1291,0.2171,0.3043,0.5921,0.1179,0.0,0.1475,0.2067,0.0526,0.03,11,12,0,0,3,1,0,0,0,0,0.6848,1.027,0.0,0.0,0.0665,0.0188,0.0,0.0,0.0,0.0,14,13,17.3,17.62
3787580,2022-08-22,usa,2022,MLS,,Kevin Stott,915807,Nashville SC,6399,FC Dallas,1,4,0,44,56,18,4,8,0,6,1,4,3,1,0,13,2,5,2,5,1,2,0,2,0,,,10,6,0,3,0,0,2,0,12,16,5,3,3,4,9,21,0,4,38,43,22.0,32.0,16.0,11.0,4.0,6.0,407,523,335.0,450.0,180,251,155,199,21.0,16.0,3.0,0.0,1.87,0.19,1.48,0.14,0.4,0.05,1.87,0.19,1.68,0.0,1,0,8,0,4,2,4,2,1,0,0.1229,0.0,1.0247,0.0,0.4045,0.0875,0.2873,0.1021,0.0439,0.0,11,3,2,0,4,1,1,0,0,0,1.2837,0.141,0.2022,0.0,0.2808,0.0486,0.1167,0.0,0.0,0.0,18,4,16.12,19.81
3787580,2022-08-22,usa,2022,MLS,,Kevin Stott,6399,FC Dallas,915807,Nashville SC,0,0,4,56,44,4,18,0,8,1,6,3,4,0,1,2,13,2,5,1,5,0,2,0,2,,,6,10,3,0,0,0,0,2,16,12,3,5,4,3,21,9,4,0,43,38,32.0,22.0,11.0,16.0,6.0,4.0,523,407,450.0,335.0,251,180,199,155,16.0,21.0,0.0,3.0,0.19,1.87,0.14,1.48,0.05,0.4,0.19,1.87,0.0,1.68,0,1,0,8,2,4,2,4,0,1,0.0,0.1229,0.0,1.0247,0.0875,0.4045,0.1021,0.2873,0.0,0.0439,3,11,0,2,1,4,0,1,0,0,0.141,1.2837,0.0,0.2022,0.0486,0.2808,0.0,0.1167,0.0,0.0,4,18,19.81,16.12
3787581,2022-08-27,usa,2022,MLS,,Alex Chilowicz,1218886,Austin FC,867280,Los Angeles FC,1,4,1,48,52,11,15,9,5,2,9,0,1,0,1,5,11,6,4,3,4,4,3,1,3,,,10,10,2,3,0,0,1,0,15,15,19,9,0,0,12,14,4,5,45,41,30.0,34.0,15.0,7.0,5.0,9.0,352,390,273.0,311.0,161,175,112,136,35.0,15.0,5.0,4.0,0.63,1.53,0.51,1.24,0.12,0.29,0.63,1.53,3.99,1.11,2,1,2,9,1,1,3,3,3,1,0.1734,0.0899,0.1119,1.236,0.0893,0.0306,0.1419,0.1334,0.1111,0.041,7,10,1,1,0,4,3,0,0,0,0.451,0.8429,0.0586,0.4007,0.0,0.2871,0.1182,0.0,0.0,0.0,11,15,18.87,14.59
3787581,2022-08-27,usa,2022,MLS,,Alex Chilowicz,867280,Los Angeles FC,1218886,Austin FC,0,1,4,52,48,15,11,5,9,9,2,1,0,1,0,11,5,4,6,4,3,3,4,3,1,,,10,10,3,2,0,0,0,1,15,15,9,19,0,0,14,12,5,4,41,45,34.0,30.0,7.0,15.0,9.0,5.0,390,352,311.0,273.0,175,161,136,112,15.0,35.0,4.0,5.0,1.53,0.63,1.24,0.51,0.29,0.12,1.53,0.63,1.11,3.99,1,2,9,2,1,1,3,3,1,3,0.0899,0.1734,1.236,0.1119,0.0306,0.0893,0.1334,0.1419,0.041,0.1111,10,7,1,1,4,0,0,3,0,0,0.8429,0.451,0.4007,0.0586,0.2871,0.0,0.0,0.1182,0.0,0.0,15,11,14.59,18.87
3787582,2022-08-27,usa,2022,MLS,,Ismail Elfath,307690,Portland Timbers,130394,Seattle Sounders FC,1,2,1,50,50,17,9,6,2,8,5,3,2,0,1,11,6,6,3,7,6,2,2,0,1,,,17,15,3,2,0,0,1,3,14,17,14,10,2,3,17,23,1,4,53,65,31.0,43.0,22.0,22.0,3.0,10.0,401,404,304.0,313.0,115,150,189,163,21.0,46.0,5.0,5.0,2.63,0.68,0.68,0.45,1.15,0.23,1.84,0.68,2.78,0.97,1,2,8,2,2,2,5,2,1,1,0.8424,0.1662,1.4479,0.2672,0.1155,0.1059,0.1969,0.1264,0.0243,0.0117,10,6,0,0,2,2,4,1,1,0,0.6846,0.4512,0.0,0.0,0.0936,0.1662,1.0603,0.0601,0.7884,0.0,17,9,15.74,15.81
3787582,2022-08-27,usa,2022,MLS,,Ismail Elfath,130394,Seattle Sounders FC,307690,Portland Timbers,0,1,2,50,50,9,17,2,6,5,8,2,3,1,0,6,11,3,6,6,7,2,2,1,0,,,15,17,2,3,0,0,3,1,17,14,10,14,3,2,23,17,4,1,65,53,43.0,31.0,22.0,22.0,10.0,3.0,404,401,313.0,304.0,150,115,163,189,46.0,21.0,5.0,5.0,0.68,2.63,0.45,0.68,0.23,1.15,0.68,1.84,0.97,2.78,2,1,2,8,2,2,2,5,1,1,0.1662,0.8424,0.2672,1.4479,0.1059,0.1155,0.1264,0.1969,0.0117,0.0243,6,10,0,0,2,2,1,4,0,1,0.4512,0.6846,0.0,0.0,0.1662,0.0936,0.0601,1.0603,0.0,0.7884,9,17,15.81,15.74
3787583,2022-08-27,usa,2022,MLS,,Rosendo Mendoza,207242,Minnesota United,8259,Houston Dynamo FC,1,2,1,56,44,9,9,2,3,3,4,4,2,0,0,8,6,1,3,7,5,2,2,1,1,,,9,9,1,3,0,0,3,2,16,20,7,13,2,4,12,25,2,1,49,50,40.0,39.0,9.0,11.0,16.0,10.0,400,317,332.0,249.0,141,129,191,120,35.0,29.0,4.0,3.0,0.92,0.7,0.75,0.62,0.17,0.08,0.92,0.7,0.54,1.11,0,0,8,5,0,1,0,2,1,1,0.0,0.0,0.881,0.5428,0.0,0.0386,0.0,0.0603,0.0353,0.0575,6,6,1,1,0,2,2,0,0,0,0.7151,0.5758,0.0353,0.0424,0.0,0.081,0.1658,0.0,0.0,0.0,9,9,13.45,16.76
3787583,2022-08-27,usa,2022,MLS,,Rosendo Mendoza,8259,Houston Dynamo FC,207242,Minnesota United,0,1,2,44,56,9,9,3,2,4,3,2,4,0,0,6,8,3,1,5,7,2,2,1,1,,,9,9,3,1,0,0,2,3,20,16,13,7,4,2,25,12,1,2,50,49,39.0,40.0,11.0,9.0,10.0,16.0,317,400,249.0,332.0,129,141,120,191,29.0,35.0,3.0,4.0,0.7,0.92,0.62,0.75,0.08,0.17,0.7,0.92,1.11,0.54,0,0,5,8,1,0,2,0,1,1,0.0,0.0,0.5428,0.881,0.0386,0.0,0.0603,0.0,0.0575,0.0353,6,6,1,1,2,0,0,2,0,0,0.5758,0.7151,0.0424,0.0353,0.081,0.0,0.0,0.1658,0.0,0.0,9,9,16.76,13.45
3787584,2022-08-27,usa,2022,MLS,,Fotis Bazakos,6514,New York Red Bulls,960720,Inter Miami CF,1,3,1,45,55,20,11,8,5,6,2,6,4,0,0,14,9,6,2,2,5,1,3,0,3,28,16,16,8,2,1,1,1,1,0,17,18,3,6,3,6,13,22,4,5,56,48,29.0,39.0,27.0,9.0,4.0,6.0,337,422,253.0,329.0,67,201,186,128,14.0,35.0,2.0,3.0,1.21,1.92,1.14,1.8,0.07,0.12,1.21,1.92,1.84,1.69,0,1,10,6,4,2,5,2,1,0,0.0,0.5012,0.7807,1.2409,0.2465,0.0745,0.1406,0.1052,0.0424,0.0,17,8,0,0,2,2,1,1,0,0,1.1382,1.8012,0.0,0.0,0.0531,0.0453,0.0188,0.0753,0.0,0.0,20,11,17.87,13.89
3787584,2022-08-27,usa,2022,MLS,,Fotis Bazakos,960720,Inter Miami CF,6514,New York Red Bulls,0,1,3,55,45,11,20,5,8,2,6,4,6,0,0,9,14,2,6,5,2,3,1,3,0,16,28,8,16,1,2,1,1,0,1,18,17,6,3,6,3,22,13,5,4,48,56,39.0,29.0,9.0,27.0,6.0,4.0,422,337,329.0,253.0,201,67,128,186,35.0,14.0,3.0,2.0,1.92,1.21,1.8,1.14,0.12,0.07,1.92,1.21,1.69,1.84,1,0,6,10,2,4,2,5,0,1,0.5012,0.0,1.2409,0.7807,0.0745,0.2465,0.1052,0.1406,0.0,0.0424,8,17,0,0,2,2,1,1,0,0,1.8012,1.1382,0.0,0.0,0.0453,0.0531,0.0753,0.0188,0.0,0.0,11,20,13.89,17.87
3787605,2022-08-27,usa,2022,MLS,,Kevin Stott,722265,FC Cincinnati,6001,Columbus Crew,1,2,2,34,66,15,11,7,3,6,6,2,2,0,0,9,4,6,7,2,3,1,1,1,0,,,16,10,1,1,0,0,1,1,19,12,11,14,2,3,14,12,1,4,46,52,39.0,34.0,7.0,18.0,10.0,6.0,286,544,209.0,473.0,88,225,121,248,17.0,33.0,1.0,3.0,1.4,0.43,1.2,0.33,0.2,0.1,1.4,0.43,0.63,1.51,1,0,6,3,2,1,3,3,3,4,0.5192,0.0,0.5846,0.2765,0.1068,0.0231,0.1298,0.0608,0.057,0.0653,12,8,0,0,1,1,2,2,0,0,1.2666,0.3269,0.0,0.0,0.0437,0.0231,0.0871,0.0757,0.0,0.0,15,11,18.02,24.8
3787605,2022-08-27,usa,2022,MLS,,Kevin Stott,6001,Columbus Crew,722265,FC Cincinnati,0,2,2,66,34,11,15,3,7,6,6,2,2,0,0,4,9,7,6,3,2,1,1,0,1,,,10,16,1,1,0,0,1,1,12,19,14,11,3,2,12,14,4,1,52,46,34.0,39.0,18.0,7.0,6.0,10.0,544,286,473.0,209.0,225,88,248,121,33.0,17.0,3.0,1.0,0.43,1.4,0.33,1.2,0.1,0.2,0.43,1.4,1.51,0.63,0,1,3,6,1,2,3,3,4,3,0.0,0.5192,0.2765,0.5846,0.0231,0.1068,0.0608,0.1298,0.0653,0.057,8,12,0,0,1,1,2,2,0,0,0.3269,1.2666,0.0,0.0,0.0231,0.0437,0.0757,0.0871,0.0,0.0,11,15,24.8,18.02
3787606,2022-08-27,usa,2022,MLS,,Allen Chapman,191716,Philadelphia Union,8314,Colorado Rapids,1,6,0,59,41,26,6,14,2,7,1,5,3,1,0,17,5,9,1,3,6,11,0,6,0,,,11,15,0,2,0,1,2,2,14,12,10,17,3,5,10,9,2,8,40,39,35.0,28.0,5.0,11.0,8.0,6.0,530,354,469.0,291.0,263,206,206,85,34.0,20.0,3.0,5.0,5.68,0.85,3.47,0.53,0.64,0.32,4.11,0.85,5.97,0.47,2,3,13,1,2,1,8,0,1,1,0.4082,0.9181,4.4167,0.0484,0.6125,0.0245,0.4973,0.0,0.0163,0.0311,16,3,4,0,3,3,1,0,2,0,2.0223,0.5315,1.7116,0.0,0.5549,0.4906,0.0854,0.0,1.5768,0.0,26,6,15.31,11.71
3787606,2022-08-27,usa,2022,MLS,,Allen Chapman,8314,Colorado Rapids,191716,Philadelphia Union,0,0,6,41,59,6,26,2,14,1,7,3,5,0,1,5,17,1,9,6,3,0,11,0,6,,,15,11,2,0,1,0,2,2,12,14,17,10,5,3,9,10,8,2,39,40,28.0,35.0,11.0,5.0,6.0,8.0,354,530,291.0,469.0,206,263,85,206,20.0,34.0,5.0,3.0,0.85,5.68,0.53,3.47,0.32,0.64,0.85,4.11,0.47,5.97,3,2,1,13,1,2,0,8,1,1,0.9181,0.4082,0.0484,4.4167,0.0245,0.6125,0.0,0.4973,0.0311,0.0163,3,16,0,4,3,3,0,1,0,2,0.5315,2.0223,0.0,1.7116,0.4906,0.5549,0.0,0.0854,0.0,1.5768,6,26,11.71,15.31
3787728,2022-08-27,usa,2022,MLS,,Timothy Ford,1323940,Charlotte FC,56453,Toronto FC,1,0,2,58,42,19,11,4,3,10,4,5,4,0,0,11,6,8,5,7,3,0,0,0,0,,,15,11,1,0,0,0,0,5,20,22,6,9,5,5,5,19,1,4,38,60,32.0,44.0,6.0,16.0,3.0,7.0,496,355,428.0,281.0,251,135,177,146,37.0,28.0,9.0,3.0,1.09,0.74,0.97,0.46,0.12,0.28,1.09,0.74,0.41,0.99,0,1,7,2,4,3,6,3,2,2,0.0,0.2448,0.4187,0.1723,0.3343,0.1356,0.2843,0.109,0.0539,0.0763,15,9,0,0,2,1,2,1,0,0,0.9708,0.4575,0.0,0.0,0.0533,0.2448,0.0671,0.0357,0.0,0.0,19,11,17.78,18.85
3787728,2022-08-27,usa,2022,MLS,,Timothy Ford,56453,Toronto FC,1323940,Charlotte FC,0,2,0,42,58,11,19,3,4,4,10,4,5,0,0,6,11,5,8,3,7,0,0,0,0,,,11,15,0,1,0,0,5,0,22,20,9,6,5,5,19,5,4,1,60,38,44.0,32.0,16.0,6.0,7.0,3.0,355,496,281.0,428.0,135,251,146,177,28.0,37.0,3.0,9.0,0.74,1.09,0.46,0.97,0.28,0.12,0.74,1.09,0.99,0.41,1,0,2,7,3,4,3,6,2,2,0.2448,0.0,0.1723,0.4187,0.1356,0.3343,0.109,0.2843,0.0763,0.0539,9,15,0,0,1,2,1,2,0,0,0.4575,0.9708,0.0,0.0,0.2448,0.0533,0.0357,0.0671,0.0,0.0,11,19,18.85,17.78
3787607,2022-08-28,usa,2022,MLS,,Guido Gonzalez,6604,Sporting Kansas City,6603,San Jose Earthquakes,1,1,0,50,50,18,11,8,4,6,5,4,2,0,0,12,4,6,7,4,2,1,1,1,1,,,15,14,3,2,0,0,2,1,23,16,9,12,2,4,14,5,4,7,53,45,46.0,41.0,7.0,4.0,10.0,11.0,415,401,347.0,332.0,167,186,180,146,37.0,38.0,5.0,3.0,1.5,0.97,1.18,0.84,0.32,0.13,1.5,0.97,1.34,0.33,1,0,6,2,5,2,5,4,1,3,0.4106,0.0,0.6282,0.6433,0.3125,0.0809,0.1319,0.1285,0.0221,0.1135,13,7,0,1,5,1,0,2,0,0,1.1851,0.3355,0.0,0.5002,0.3202,0.0551,0.0,0.0755,0.0,0.0,18,11,17.3,24.19
3787607,2022-08-28,usa,2022,MLS,,Guido Gonzalez,6603,San Jose Earthquakes,6604,Sporting Kansas City,0,0,1,50,50,11,18,4,8,5,6,2,4,0,0,4,12,7,6,2,4,1,1,1,1,,,14,15,2,3,0,0,1,2,16,23,12,9,4,2,5,14,7,4,45,53,41.0,46.0,4.0,7.0,11.0,10.0,401,415,332.0,347.0,186,167,146,180,38.0,37.0,3.0,5.0,0.97,1.5,0.84,1.18,0.13,0.32,0.97,1.5,0.33,1.34,0,1,2,6,2,5,4,5,3,1,0.0,0.4106,0.6433,0.6282,0.0809,0.3125,0.1285,0.1319,0.1135,0.0221,7,13,1,0,1,5,2,0,0,0,0.3355,1.1851,0.5002,0.0,0.0551,0.3202,0.0755,0.0,0.0,0.0,11,18,24.19,17.3
3787608,2022-08-28,usa,2022,MLS,,Ramy Touchan,6399,FC Dallas,6606,Real Salt Lake,1,1,1,52,48,13,16,3,6,5,8,5,2,0,2,7,9,6,7,4,4,0,0,0,0,,,8,13,1,2,0,0,2,0,14,19,4,4,2,4,15,15,5,2,43,47,33.0,36.0,10.0,11.0,6.0,9.0,494,444,423.0,378.0,214,208,209,170,15.0,46.0,5.0,8.0,0.82,1.33,0.71,1.15,0.12,0.18,0.82,1.33,0.46,0.85,0,0,7,8,0,1,5,4,1,3,0.0,0.0,0.5167,1.0543,0.0,0.0673,0.2796,0.1296,0.0263,0.0741,10,13,0,0,2,2,1,1,0,0,0.7065,1.1484,0.0,0.0,0.0986,0.1429,0.0174,0.034,0.0,0.0,13,16,17.38,17.79
3787608,2022-08-28,usa,2022,MLS,,Ramy Touchan,6606,Real Salt Lake,6399,FC Dallas,0,1,1,48,52,16,13,6,3,8,5,2,5,2,0,9,7,7,6,4,4,0,0,0,0,,,13,8,2,1,0,0,0,2,19,14,4,4,4,2,15,15,2,5,47,43,36.0,33.0,11.0,10.0,9.0,6.0,444,494,378.0,423.0,208,214,170,209,46.0,15.0,8.0,5.0,1.33,0.82,1.15,0.71,0.18,0.12,1.33,0.82,0.85,0.46,0,0,8,7,1,0,4,5,3,1,0.0,0.0,1.0543,0.5167,0.0673,0.0,0.1296,0.2796,0.0741,0.0263,13,10,0,0,2,2,1,1,0,0,1.1484,0.7065,0.0,0.0,0.1429,0.0986,0.034,0.0174,0.0,0.0,16,13,17.79,17.38
3787609,2022-08-28,usa,2022,MLS,,Nima Saghafi,773958,Atlanta United,6602,DC United,1,3,2,59,41,25,10,9,3,7,7,9,0,0,0,16,4,9,6,8,4,2,2,0,1,,,12,10,1,0,0,0,1,3,10,18,9,8,0,9,16,20,1,6,42,39,32.0,32.0,10.0,7.0,12.0,2.0,457,306,368.0,224.0,150,117,218,107,31.0,28.0,5.0,3.0,2.09,1.1,1.63,0.99,0.45,0.11,2.09,1.1,2.19,1.51,2,2,11,2,3,0,5,3,4,3,0.6112,0.8642,1.0199,0.1114,0.1703,0.0,0.1859,0.0567,0.1058,0.0653,20,6,0,0,3,2,2,2,0,0,1.6383,0.9858,0.0,0.0,0.1758,0.052,0.279,0.0599,0.0,0.0,25,10,17.06,20.46
3787609,2022-08-28,usa,2022,MLS,,Nima Saghafi,6602,DC United,773958,Atlanta United,0,2,3,41,59,10,25,3,9,7,7,0,9,0,0,4,16,6,9,4,8,2,2,1,0,,,10,12,0,1,0,0,3,1,18,10,8,9,9,0,20,16,6,1,39,42,32.0,32.0,7.0,10.0,2.0,12.0,306,457,224.0,368.0,117,150,107,218,28.0,31.0,3.0,5.0,1.1,2.09,0.99,1.63,0.11,0.45,1.1,2.09,1.51,2.19,2,2,2,11,0,3,3,5,3,4,0.8642,0.6112,0.1114,1.0199,0.0,0.1703,0.0567,0.1859,0.0653,0.1058,6,20,0,0,2,3,2,2,0,0,0.9858,1.6383,0.0,0.0,0.052,0.1758,0.0599,0.279,0.0,0.0,10,25,20.46,17.06
3787655,2022-08-28,usa,2022,MLS,,Chris Penso,267810,Orlando City,546238,New York City FC,1,2,1,50,50,17,5,5,1,10,2,2,2,0,0,5,3,12,2,7,0,2,1,0,0,,,13,11,1,3,0,0,0,0,20,12,7,8,2,2,7,33,0,3,47,40,34.0,33.0,13.0,7.0,3.0,8.0,431,463,342.0,384.0,144,198,198,186,22.0,40.0,6.0,0.0,1.17,0.48,0.81,0.45,0.36,0.03,1.17,0.48,1.72,0.91,1,0,4,2,0,1,9,2,3,0,0.1803,0.0,0.6633,0.4046,0.0,0.017,0.2645,0.0558,0.0647,0.0,14,4,0,0,1,0,2,1,0,0,0.8575,0.4493,0.0,0.0,0.1803,0.0,0.135,0.0281,0.0,0.0,17,5,20.24,20.39
3787655,2022-08-28,usa,2022,MLS,,Chris Penso,546238,New York City FC,267810,Orlando City,0,1,2,50,50,5,17,1,5,2,10,2,2,0,0,3,5,2,12,0,7,1,2,0,0,,,11,13,3,1,0,0,0,0,12,20,8,7,2,2,33,7,3,0,40,47,33.0,34.0,7.0,13.0,8.0,3.0,463,431,384.0,342.0,198,144,186,198,40.0,22.0,0.0,6.0,0.48,1.17,0.45,0.81,0.03,0.36,0.48,1.17,0.91,1.72,0,1,2,4,1,0,2,9,0,3,0.0,0.1803,0.4046,0.6633,0.017,0.0,0.0558,0.2645,0.0,0.0647,4,14,0,0,0,1,1,2,0,0,0.4493,0.8575,0.0,0.0,0.0,0.1803,0.0281,0.135,0.0,0.0,5,17,20.39,20.24
3787726,2022-08-28,usa,2022,MLS,,Jon Freemon,307691,Vancouver Whitecaps,915807,Nashville SC,1,0,3,47,53,12,10,0,5,5,2,7,3,1,0,6,8,6,2,2,2,0,1,0,1,,,16,16,2,3,1,0,0,1,12,10,11,10,4,7,9,18,1,0,52,54,33.0,33.0,19.0,21.0,6.0,8.0,452,525,383.0,451.0,154,296,229,155,16.0,27.0,5.0,3.0,0.53,1.52,0.48,0.05,0.05,0.68,0.53,0.73,0.05,2.17,0,2,4,6,2,0,4,1,2,1,0.0,0.3874,0.2926,1.0677,0.0805,0.0,0.1222,0.0366,0.0389,0.026,10,3,0,0,1,3,1,3,0,1,0.4811,0.1889,0.0,0.0,0.0284,0.185,0.0246,0.3553,0.0,0.7884,12,10,18.97,12.58
3787726,2022-08-28,usa,2022,MLS,,Jon Freemon,915807,Nashville SC,307691,Vancouver Whitecaps,0,3,0,53,47,10,12,5,0,2,5,3,7,0,1,8,6,2,6,2,2,1,0,1,0,,,16,16,3,2,0,1,1,0,10,12,10,11,7,4,18,9,0,1,54,52,33.0,33.0,21.0,19.0,8.0,6.0,525,452,451.0,383.0,296,154,155,229,27.0,16.0,3.0,5.0,1.52,0.53,0.05,0.48,0.68,0.05,0.73,0.53,2.17,0.05,2,0,6,4,0,2,1,4,1,2,0.3874,0.0,1.0677,0.2926,0.0,0.0805,0.0366,0.1222,0.026,0.0389,3,10,0,0,3,1,3,1,1,0,0.1889,0.4811,0.0,0.0,0.185,0.0284,0.3553,0.0246,0.7884,0.0,10,12,12.58,18.97
3787727,2022-08-28,usa,2022,MLS,,Michael Radchuk,6397,Chicago Fire FC,161195,CF Montreal,1,0,2,58,42,12,10,4,6,4,4,4,0,1,0,5,6,7,4,6,5,3,0,3,0,,,15,13,2,3,0,1,4,1,18,22,16,7,0,4,10,21,4,4,45,51,34.0,41.0,11.0,10.0,3.0,8.0,446,323,364.0,240.0,147,100,217,140,25.0,25.0,3.0,2.0,0.86,1.14,0.79,1.01,0.07,0.13,0.86,1.14,1.56,1.39,0,0,2,5,3,1,3,3,4,1,0.0,0.0,0.2017,0.8254,0.4215,0.0292,0.1135,0.2327,0.1258,0.05,10,7,0,1,1,1,1,1,0,0,0.7908,0.9298,0.0,0.0754,0.0302,0.0821,0.0415,0.05,0.0,0.0,12,10,19.25,16.03
3787727,2022-08-28,usa,2022,MLS,,Michael Radchuk,161195,CF Montreal,6397,Chicago Fire FC,0,2,0,42,58,10,12,6,4,4,4,0,4,0,1,6,5,4,7,5,6,0,3,0,3,,,13,15,3,2,1,0,1,4,22,18,7,16,4,0,21,10,4,4,51,45,41.0,34.0,10.0,11.0,8.0,3.0,323,446,240.0,364.0,100,147,140,217,25.0,25.0,2.0,3.0,1.14,0.86,1.01,0.79,0.13,0.07,1.14,0.86,1.39,1.56,0,0,5,2,1,3,3,3,1,4,0.0,0.0,0.8254,0.2017,0.0292,0.4215,0.2327,0.1135,0.05,0.1258,7,10,1,0,1,1,1,1,0,0,0.9298,0.7908,0.0754,0.0,0.0821,0.0302,0.05,0.0415,0.0,0.0,10,12,16.03,19.25
3787642,2022-08-29,usa,2022,MLS,,Lukasz Szpala,6580,New England Revolution,6637,LA Galaxy,1,1,2,62,38,19,7,7,5,8,1,4,1,1,0,11,6,8,1,3,1,1,2,1,0,,,10,13,1,3,0,0,2,1,15,16,9,7,1,4,4,20,3,7,46,42,36.0,30.0,10.0,12.0,9.0,6.0,601,372,521.0,282.0,248,171,273,111,31.0,29.0,5.0,2.0,1.89,0.86,1.74,0.86,0.15,0.0,1.89,0.86,1.24,2.08,1,1,7,4,3,1,6,1,2,0,0.0875,0.0277,1.2998,0.6232,0.1948,0.1753,0.2375,0.0339,0.1086,0.0,15,7,1,0,0,0,3,0,0,0,1.5568,0.8601,0.2235,0.0,0.0,0.0,0.1479,0.0,0.0,0.0,19,7,17.13,14.77
3787642,2022-08-29,usa,2022,MLS,,Lukasz Szpala,6637,LA Galaxy,6580,New England Revolution,0,2,1,38,62,7,19,5,7,1,8,1,4,0,1,6,11,1,8,1,3,2,1,0,1,,,13,10,3,1,0,0,1,2,16,15,7,9,4,1,20,4,7,3,42,46,30.0,36.0,12.0,10.0,6.0,9.0,372,601,282.0,521.0,171,248,111,273,29.0,31.0,2.0,5.0,0.86,1.89,0.86,1.74,0.0,0.15,0.86,1.89,2.08,1.24,1,1,4,7,1,3,1,6,0,2,0.0277,0.0875,0.6232,1.2998,0.1753,0.1948,0.0339,0.2375,0.0,0.1086,7,15,0,1,0,0,0,3,0,0,0.8601,1.5568,0.0,0.2235,0.0,0.0,0.0,0.1479,0.0,0.0,7,19,14.77,17.13
3787638,2022-08-31,usa,2022,MLS,,Lukasz Szpala,191716,Philadelphia Union,773958,Atlanta United,1,4,1,44,56,22,18,8,5,10,8,4,5,1,1,13,11,9,7,4,6,3,1,1,0,,,12,16,4,2,0,0,2,0,9,20,11,7,5,4,10,18,4,4,50,63,35.0,45.0,15.0,18.0,11.0,13.0,308,397,232.0,312.0,83,157,149,155,13.0,42.0,6.0,3.0,3.06,1.6,2.56,1.48,0.5,0.12,3.06,1.6,3.57,1.31,3,2,7,5,3,4,5,5,4,2,1.6503,0.7739,0.9075,0.5442,0.2083,0.3176,0.1737,0.0935,0.1174,0.0552,14,15,1,0,3,3,4,0,0,0,2.2787,1.6624,0.2777,0.0,0.1739,0.1221,0.3269,0.0,0.0,0.0,22,18,16.49,18.11
3787638,2022-08-31,usa,2022,MLS,,Lukasz Szpala,773958,Atlanta United,191716,Philadelphia Union,0,1,4,56,44,18,22,5,8,8,10,5,4,1,1,11,13,7,9,6,4,1,3,0,1,,,16,12,2,4,0,0,0,2,20,9,7,11,4,5,18,10,4,4,63,50,45.0,35.0,18.0,15.0,13.0,11.0,397,308,312.0,232.0,157,83,155,149,42.0,13.0,3.0,6.0,1.6,3.06,1.48,2.56,0.12,0.5,1.6,3.06,1.31,3.57,2,3,5,7,4,3,5,5,2,4,0.7739,1.6503,0.5442,0.9075,0.3176,0.2083,0.0935,0.1737,0.0552,0.1174,15,14,0,1,3,3,0,4,0,0,1.6624,2.2787,0.0,0.2777,0.1221,0.1739,0.0,0.3269,0.0,0.0,18,22,18.11,16.49
3787639,2022-08-31,usa,2022,MLS,,Alex Chilowicz,267810,Orlando City,130394,Seattle Sounders FC,1,3,2,48,52,22,8,9,3,7,4,6,1,1,0,17,4,5,4,9,3,6,2,5,1,,,13,12,2,2,0,0,1,1,16,19,7,7,1,5,7,24,1,6,55,53,33.0,40.0,22.0,13.0,7.0,8.0,386,436,323.0,367.0,116,213,207,154,32.0,32.0,8.0,2.0,2.96,0.54,1.03,0.37,0.35,0.17,1.38,0.54,3.9,1.79,2,1,13,1,2,2,2,1,3,3,0.4193,0.2269,2.9648,0.1096,0.0641,0.0878,0.0733,0.0398,0.0708,0.0753,13,5,0,0,4,0,3,3,2,0,1.5146,0.3733,0.0,0.0,0.3127,0.0,0.1882,0.1661,1.5768,0.0,22,8,13.77,20.34
3787639,2022-08-31,usa,2022,MLS,,Alex Chilowicz,130394,Seattle Sounders FC,267810,Orlando City,0,2,3,52,48,8,22,3,9,4,7,1,6,0,1,4,17,4,5,3,9,2,6,1,5,,,12,13,2,2,0,0,1,1,19,16,7,7,5,1,24,7,6,1,53,55,40.0,33.0,13.0,22.0,8.0,7.0,436,386,367.0,323.0,213,116,154,207,32.0,32.0,2.0,8.0,0.54,2.96,0.37,1.03,0.17,0.35,0.54,1.38,1.79,3.9,1,2,1,13,2,2,1,2,3,3,0.2269,0.4193,0.1096,2.9648,0.0878,0.0641,0.0398,0.0733,0.0753,0.0708,5,13,0,0,0,4,3,3,0,2,0.3733,1.5146,0.0,0.0,0.0,0.3127,0.1661,0.1882,0.0,1.5768,8,22,20.34,13.77
3787640,2022-08-31,usa,2022,MLS,,Marcos de Oliveira,6580,New England Revolution,6397,Chicago Fire FC,1,0,0,64,36,14,10,5,2,8,4,1,4,0,0,9,6,5,4,6,3,2,1,2,1,,,14,12,1,2,0,0,4,1,13,22,9,16,3,1,7,24,2,5,50,59,40.0,45.0,10.0,14.0,15.0,11.0,581,338,514.0,259.0,233,103,281,156,29.0,33.0,6.0,3.0,1.3,1.59,0.76,0.8,0.54,0.0,1.3,0.8,1.16,0.94,1,1,5,3,3,2,4,3,1,1,0.3777,0.3002,0.5841,1.0037,0.1594,0.1481,0.1511,0.1126,0.0268,0.0269,8,9,1,0,3,0,2,0,0,1,0.6894,0.8031,0.0674,0.0,0.4211,0.0,0.1213,0.0,0.0,0.7884,14,10,17.11,16.58
3787640,2022-08-31,usa,2022,MLS,,Marcos de Oliveira,6397,Chicago Fire FC,6580,New England Revolution,0,0,0,36,64,10,14,2,5,4,8,4,1,0,0,6,9,4,5,3,6,1,2,1,2,,,12,14,2,1,0,0,1,4,22,13,16,9,1,3,24,7,5,2,59,50,45.0,40.0,14.0,10.0,11.0,15.0,338,581,259.0,514.0,103,233,156,281,33.0,29.0,3.0,6.0,1.59,1.3,0.8,0.76,0.0,0.54,0.8,1.3,0.94,1.16,1,1,3,5,2,3,3,4,1,1,0.3002,0.3777,1.0037,0.5841,0.1481,0.1594,0.1126,0.1511,0.0269,0.0268,9,8,0,1,0,3,0,2,1,0,0.8031,0.6894,0.0,0.0674,0.0,0.4211,0.0,0.1213,0.7884,0.0,10,14,16.58,17.11
3787641,2022-08-31,usa,2022,MLS,,Armando Villarreal,6001,Columbus Crew,960720,Inter Miami CF,1,1,0,50,50,14,4,3,1,6,3,5,0,0,0,7,2,7,2,4,2,1,0,0,0,27,14,13,13,2,2,0,0,1,1,12,9,9,10,0,5,16,10,1,2,50,39,41.0,27.0,9.0,12.0,17.0,7.0,452,446,372.0,343.0,222,202,150,141,22.0,27.0,4.0,2.0,0.81,0.27,0.76,0.22,0.05,0.06,0.81,0.27,0.37,0.07,0,0,4,2,3,0,4,2,3,0,0.0,0.0,0.4117,0.1783,0.0931,0.0,0.212,0.094,0.094,0.0,12,3,0,0,1,1,1,0,0,0,0.7607,0.2156,0.0,0.0,0.0133,0.0567,0.0368,0.0,0.0,0.0,14,4,20.84,14.93
3787641,2022-08-31,usa,2022,MLS,,Armando Villarreal,960720,Inter Miami CF,6001,Columbus Crew,0,0,1,50,50,4,14,1,3,3,6,0,5,0,0,2,7,2,7,2,4,0,1,0,0,14,27,13,13,2,2,0,0,1,1,9,12,10,9,5,0,10,16,2,1,39,50,27.0,41.0,12.0,9.0,7.0,17.0,446,452,343.0,372.0,202,222,141,150,27.0,22.0,2.0,4.0,0.27,0.81,0.22,0.76,0.06,0.05,0.27,0.81,0.07,0.37,0,0,2,4,0,3,2,4,0,3,0.0,0.0,0.1783,0.4117,0.0,0.0931,0.094,0.212,0.0,0.094,3,12,0,0,1,1,0,1,0,0,0.2156,0.7607,0.0,0.0,0.0567,0.0133,0.0,0.0368,0.0,0.0,4,14,14.93,20.84
3787729,2022-08-31,usa,2022,MLS,,Víctor Rivas,161195,CF Montreal,6514,New York Red Bulls,1,0,1,68,32,10,9,1,4,7,4,2,1,0,0,6,5,4,4,5,5,1,1,1,0,,,10,11,1,2,0,0,1,1,7,22,11,18,1,2,20,22,3,1,46,49,32.0,37.0,14.0,12.0,14.0,5.0,575,268,472.0,169.0,244,71,228,98,27.0,15.0,3.0,4.0,0.9,0.72,0.78,0.52,0.12,0.21,0.9,0.72,0.16,1.16,1,1,5,1,0,3,4,3,0,1,0.1206,0.2051,0.4747,0.0913,0.0,0.2838,0.3093,0.1094,0.0,0.031,7,7,0,1,2,1,1,0,0,0,0.7849,0.4621,0.0,0.0534,0.047,0.2051,0.0728,0.0,0.0,0.0,10,9,18.95,18.2
3787729,2022-08-31,usa,2022,MLS,,Víctor Rivas,6514,New York Red Bulls,161195,CF Montreal,0,1,0,32,68,9,10,4,1,4,7,1,2,0,0,5,6,4,4,5,5,1,1,0,1,,,11,10,2,1,0,0,1,1,22,7,18,11,2,1,22,20,1,3,49,46,37.0,32.0,12.0,14.0,5.0,14.0,268,575,169.0,472.0,71,244,98,228,15.0,27.0,4.0,3.0,0.72,0.9,0.52,0.78,0.21,0.12,0.72,0.9,1.16,0.16,1,1,1,5,3,0,3,4,1,0,0.2051,0.1206,0.0913,0.4747,0.2838,0.0,0.1094,0.3093,0.031,0.0,7,7,1,0,1,2,0,1,0,0,0.4621,0.7849,0.0534,0.0,0.2051,0.047,0.0,0.0728,0.0,0.0,9,10,18.2,18.95
3787730,2022-08-31,usa,2022,MLS,,Ted Unkel,56453,Toronto FC,6637,LA Galaxy,1,2,2,42,58,13,12,2,5,6,2,5,5,0,0,7,3,6,9,4,4,3,0,1,0,,,7,13,1,2,0,0,2,3,7,18,8,10,5,5,10,10,3,0,32,34,27.0,30.0,5.0,4.0,7.0,5.0,411,579,349.0,507.0,207,277,142,230,21.0,26.0,1.0,2.0,1.91,0.54,1.03,0.41,0.1,0.13,1.13,0.54,1.8,0.86,1,0,3,2,3,1,3,6,3,3,0.3982,0.0,1.1433,0.1266,0.1176,0.0462,0.1434,0.2587,0.1124,0.1079,10,9,0,0,1,2,1,1,1,0,1.0303,0.4135,0.0,0.0,0.0574,0.0631,0.0387,0.0628,0.7884,0.0,13,12,18.36,21.06
3787730,2022-08-31,usa,2022,MLS,,Ted Unkel,6637,LA Galaxy,56453,Toronto FC,0,2,2,58,42,12,13,5,2,2,6,5,5,0,0,3,7,9,6,4,4,0,3,0,1,,,13,7,2,1,0,0,3,2,18,7,10,8,5,5,10,10,0,3,34,32,30.0,27.0,4.0,5.0,5.0,7.0,579,411,507.0,349.0,277,207,230,142,26.0,21.0,2.0,1.0,0.54,1.91,0.41,1.03,0.13,0.1,0.54,1.13,0.86,1.8,0,1,2,3,1,3,6,3,3,3,0.0,0.3982,0.1266,1.1433,0.0462,0.1176,0.2587,0.1434,0.1079,0.1124,9,10,0,0,2,1,1,1,0,1,0.4135,1.0303,0.0,0.0,0.0631,0.0574,0.0628,0.0387,0.0,0.7884,12,13,21.06,18.36
3787332,2022-09-01,usa,2022,MLS,,Ismir Pekmic,546238,New York City FC,6602,DC United,1,1,2,61,39,10,6,3,5,6,1,1,0,0,0,5,6,5,0,4,3,1,1,0,0,,,10,19,3,3,0,0,1,1,20,13,3,12,0,1,7,20,3,2,65,39,49.0,27.0,16.0,12.0,11.0,5.0,528,330,435.0,251.0,228,143,207,108,37.0,26.0,4.0,3.0,0.4,1.16,0.33,1.11,0.07,0.05,0.4,1.16,0.9,1.63,0,1,4,4,1,1,4,0,1,0,0.0,0.8022,0.1888,0.2583,0.0237,0.0977,0.1664,0.0,0.025,0.0,7,4,0,0,2,1,1,1,0,0,0.3343,1.105,0.0,0.0,0.0648,0.043,0.0049,0.0101,0.0,0.0,10,6,20.9,11.1
3787332,2022-09-01,usa,2022,MLS,,Ismir Pekmic,6602,DC United,546238,New York City FC,0,2,1,39,61,6,10,5,3,1,6,0,1,0,0,6,5,0,5,3,4,1,1,0,0,,,19,10,3,3,0,0,1,1,13,20,12,3,1,0,20,7,2,3,39,65,27.0,49.0,12.0,16.0,5.0,11.0,330,528,251.0,435.0,143,228,108,207,26.0,37.0,3.0,4.0,1.16,0.4,1.11,0.33,0.05,0.07,1.16,0.4,1.63,0.9,1,0,4,4,1,1,0,4,0,1,0.8022,0.0,0.2583,0.1888,0.0977,0.0237,0.0,0.1664,0.0,0.025,4,7,0,0,1,2,1,1,0,0,1.105,0.3343,0.0,0.0,0.043,0.0648,0.0101,0.0049,0.0,0.0,6,10,11.1,20.9
3787634,2022-09-01,usa,2022,MLS,,Drew Fischer,6606,Real Salt Lake,207242,Minnesota United,1,3,0,52,48,12,4,7,0,2,4,3,0,0,0,7,2,5,2,3,1,3,0,0,0,,,10,12,2,1,0,0,1,1,11,19,17,7,0,3,7,9,0,4,42,37,36.0,32.0,6.0,5.0,13.0,3.0,519,467,453.0,395.0,244,145,209,250,45.0,31.0,3.0,2.0,1.66,0.33,1.55,0.16,0.1,0.17,1.66,0.33,3.56,0.0,1,0,1,2,5,0,2,2,3,0,0.5585,0.0,0.2472,0.2682,0.6233,0.0,0.1256,0.0616,0.1011,0.0,8,3,1,0,2,0,1,1,0,0,1.0647,0.1566,0.4899,0.0,0.0597,0.0,0.0414,0.1732,0.0,0.0,12,4,19.14,17.6
3787634,2022-09-01,usa,2022,MLS,,Drew Fischer,207242,Minnesota United,6606,Real Salt Lake,0,0,3,48,52,4,12,0,7,4,2,0,3,0,0,2,7,2,5,1,3,0,3,0,0,,,12,10,1,2,0,0,1,1,19,11,7,17,3,0,9,7,4,0,37,42,32.0,36.0,5.0,6.0,3.0,13.0,467,519,395.0,453.0,145,244,250,209,31.0,45.0,2.0,3.0,0.33,1.66,0.16,1.55,0.17,0.1,0.33,1.66,0.0,3.56,0,1,2,1,0,5,2,2,0,3,0.0,0.5585,0.2682,0.2472,0.0,0.6233,0.0616,0.1256,0.0,0.1011,3,8,0,1,0,2,1,1,0,0,0.1566,1.0647,0.0,0.4899,0.0,0.0597,0.1732,0.0414,0.0,0.0,4,12,17.6,19.14
3787635,2022-09-01,usa,2022,MLS,,Chris Penso,1218886,Austin FC,307690,Portland Timbers,1,1,2,71,29,26,14,5,6,16,5,5,3,2,0,19,11,7,3,15,4,2,4,2,2,,,7,11,3,2,0,0,2,2,10,15,9,6,3,4,11,44,5,4,56,33,30.0,27.0,26.0,6.0,10.0,6.0,506,212,442.0,144.0,178,48,264,96,48.0,14.0,9.0,3.0,2.27,2.03,1.65,0.35,0.62,1.68,2.27,2.03,0.7,1.93,2,3,12,4,5,4,4,3,3,0,0.5808,1.4984,1.1115,0.257,0.3689,0.1753,0.1471,0.141,0.0614,0.0,20,7,0,0,3,2,3,5,0,0,1.647,0.3533,0.0,0.0,0.3988,0.8016,0.224,0.9167,0.0,0.0,26,14,15.22,13.71
3787635,2022-09-01,usa,2022,MLS,,Chris Penso,307690,Portland Timbers,1218886,Austin FC,0,2,1,29,71,14,26,6,5,5,16,3,5,0,2,11,19,3,7,4,15,4,2,2,2,,,11,7,2,3,0,0,2,2,15,10,6,9,4,3,44,11,4,5,33,56,27.0,30.0,6.0,26.0,6.0,10.0,212,506,144.0,442.0,48,178,96,264,14.0,48.0,3.0,9.0,2.03,2.27,0.35,1.65,1.68,0.62,2.03,2.27,1.93,0.7,3,2,4,12,4,5,3,4,0,3,1.4984,0.5808,0.257,1.1115,0.1753,0.3689,0.141,0.1471,0.0,0.0614,7,20,0,0,2,3,5,3,0,0,0.3533,1.647,0.0,0.0,0.8016,0.3988,0.9167,0.224,0.0,0.0,14,26,13.71,15.22
3787636,2022-09-01,usa,2022,MLS,,Mark Allatin,915807,Nashville SC,8314,Colorado Rapids,1,4,1,42,58,17,10,10,2,3,5,4,3,0,0,12,2,5,8,1,5,4,1,1,0,,,12,13,3,2,0,0,1,1,6,7,10,5,3,4,10,11,1,6,31,39,20.0,27.0,11.0,12.0,3.0,8.0,330,440,261.0,370.0,165,212,96,158,18.0,36.0,2.0,5.0,2.71,0.82,1.89,0.82,0.03,0.0,1.92,0.82,4.37,0.85,2,1,7,1,3,0,3,5,2,3,0.5638,0.2795,1.5933,0.1594,0.3811,0.0,0.1687,0.2871,0.058,0.0975,11,10,4,0,0,0,1,0,1,0,1.3905,0.8235,0.5564,0.0,0.0,0.0,0.0295,0.0,0.7884,0.0,17,10,17.5,18.58
3787636,2022-09-01,usa,2022,MLS,,Mark Allatin,8314,Colorado Rapids,915807,Nashville SC,0,1,4,58,42,10,17,2,10,5,3,3,4,0,0,2,12,8,5,5,1,1,4,0,1,,,13,12,2,3,0,0,1,1,7,6,5,10,4,3,11,10,6,1,39,31,27.0,20.0,12.0,11.0,8.0,3.0,440,330,370.0,261.0,212,165,158,96,36.0,18.0,5.0,2.0,0.82,2.71,0.82,1.89,0.0,0.03,0.82,1.92,0.85,4.37,1,2,1,7,0,3,5,3,3,2,0.2795,0.5638,0.1594,1.5933,0.0,0.3811,0.2871,0.1687,0.0975,0.058,10,11,0,4,0,0,0,1,0,1,0.8235,1.3905,0.0,0.5564,0.0,0.0,0.0,0.0295,0.0,0.7884,10,17,18.58,17.5
3787637,2022-09-01,usa,2022,MLS,,Matthew Rowell Conger,8259,Houston Dynamo FC,867280,Los Angeles FC,1,2,1,45,55,10,19,3,8,3,9,4,2,0,2,8,17,2,2,3,10,2,5,1,5,,,8,10,1,2,1,0,1,1,15,16,5,10,3,4,32,7,6,0,46,45,33.0,28.0,13.0,17.0,11.0,5.0,357,419,294.0,353.0,170,112,124,241,27.0,29.0,2.0,12.0,1.44,2.73,0.38,2.38,0.28,0.35,0.65,2.73,1.49,2.43,1,3,5,10,2,4,0,2,2,0,0.1956,0.9001,1.0771,1.5781,0.1104,0.2882,0.0,0.1499,0.0593,0.0,7,16,0,0,2,3,0,0,1,0,0.3757,2.5568,0.0,0.0,0.2782,0.3594,0.0,0.0,0.7884,0.0,10,19,15.59,11.42
3787637,2022-09-01,usa,2022,MLS,,Matthew Rowell Conger,867280,Los Angeles FC,8259,Houston Dynamo FC,0,1,2,55,45,19,10,8,3,9,3,2,4,2,0,17,8,2,2,10,3,5,2,5,1,,,10,8,2,1,0,1,1,1,16,15,10,5,4,3,7,32,0,6,45,46,28.0,33.0,17.0,13.0,5.0,11.0,419,357,353.0,294.0,112,170,241,124,29.0,27.0,12.0,2.0,2.73,1.44,2.38,0.38,0.35,0.28,2.73,0.65,2.43,1.49,3,1,10,5,4,2,2,0,0,2,0.9001,0.1956,1.5781,1.0771,0.2882,0.1104,0.1499,0.0,0.0,0.0593,16,7,0,0,3,2,0,0,0,1,2.5568,0.3757,0.0,0.0,0.3594,0.2782,0.0,0.0,0.0,0.7884,19,10,11.42,15.59
3787643,2022-09-03,usa,2022,MLS,,Ismail Elfath,207242,Minnesota United,6399,FC Dallas,1,0,3,42,58,15,10,2,3,9,3,4,4,0,1,4,5,11,5,8,2,1,2,1,1,,,14,8,2,2,1,0,1,1,17,22,9,12,4,3,12,21,1,2,36,56,33.0,49.0,3.0,7.0,9.0,14.0,380,533,322.0,452.0,119,277,203,175,24.0,22.0,5.0,3.0,1.22,0.9,0.82,0.84,0.4,0.06,1.22,0.9,0.1,0.93,2,0,2,4,0,1,8,5,3,0,0.4007,0.0,0.3127,0.6396,0.0,0.009,0.417,0.2524,0.086,0.0,12,8,1,0,2,0,0,2,0,0,0.5508,0.8412,0.265,0.0,0.4007,0.0,0.0,0.0598,0.0,0.0,15,10,19.06,18.75
3787643,2022-09-03,usa,2022,MLS,,Ismail Elfath,6399,FC Dallas,207242,Minnesota United,0,3,0,58,42,10,15,3,2,3,9,4,4,1,0,5,4,5,11,2,8,2,1,1,1,,,8,14,2,2,0,1,1,1,22,17,12,9,3,4,21,12,2,1,56,36,49.0,33.0,7.0,3.0,14.0,9.0,533,380,452.0,322.0,277,119,175,203,22.0,24.0,3.0,5.0,0.9,1.22,0.84,0.82,0.06,0.4,0.9,1.22,0.93,0.1,0,2,4,2,1,0,5,8,0,3,0.0,0.4007,0.6396,0.3127,0.009,0.0,0.2524,0.417,0.0,0.086,8,12,0,1,0,2,2,0,0,0,0.8412,0.5508,0.0,0.265,0.0,0.4007,0.0598,0.0,0.0,0.0,10,15,18.75,19.06
3787644,2022-09-03,usa,2022,MLS,,Timothy Ford,6514,New York Red Bulls,191716,Philadelphia Union,1,0,2,55,45,8,5,3,3,1,1,4,1,0,0,3,4,5,1,3,0,2,2,2,1,,,12,17,0,4,1,0,2,2,16,24,17,12,1,4,18,15,1,3,63,70,37.0,38.0,26.0,32.0,4.0,2.0,394,320,274.0,188.0,134,95,140,93,33.0,16.0,1.0,2.0,1.25,0.79,0.42,0.79,0.83,0.0,1.25,0.79,2.08,1.75,3,0,0,3,0,1,3,0,2,1,1.2004,0.0,0.0,0.7493,0.0,0.0257,0.131,0.0,0.0858,0.0185,3,5,0,0,1,0,4,0,0,0,0.4866,0.7936,0.0,0.0,0.0424,0.0,0.8882,0.0,0.0,0.0,8,5,16.51,16.65
3787644,2022-09-03,usa,2022,MLS,,Timothy Ford,191716,Philadelphia Union,6514,New York Red Bulls,0,2,0,45,55,5,8,3,3,1,1,1,4,0,0,4,3,1,5,0,3,2,2,1,2,,,17,12,4,0,0,1,2,2,24,16,12,17,4,1,15,18,3,1,70,63,38.0,37.0,32.0,26.0,2.0,4.0,320,394,188.0,274.0,95,134,93,140,16.0,33.0,2.0,1.0,0.79,1.25,0.79,0.42,0.0,0.83,0.79,1.25,1.75,2.08,0,3,3,0,1,0,0,3,1,2,0.0,1.2004,0.7493,0.0,0.0257,0.0,0.0,0.131,0.0185,0.0858,5,3,0,0,0,1,0,4,0,0,0.7936,0.4866,0.0,0.0,0.0,0.0424,0.0,0.8882,0.0,0.0,5,8,16.65,16.51
3787645,2022-09-03,usa,2022,MLS,,Michael Radchuk,722265,FC Cincinnati,1323940,Charlotte FC,1,2,0,36,64,14,14,5,2,6,3,3,9,0,0,10,9,4,5,7,10,2,0,1,0,,,14,19,2,3,0,0,1,0,15,13,7,4,9,3,22,10,2,3,49,41,36.0,34.0,13.0,7.0,2.0,9.0,279,481,213.0,412.0,102,201,111,211,34.0,23.0,5.0,8.0,1.18,0.88,0.26,0.61,0.92,0.27,1.18,0.88,2.03,0.25,3,0,4,8,3,1,3,2,1,3,0.485,0.0,0.4109,0.5623,0.1212,0.0854,0.1286,0.1244,0.0312,0.1084,4,8,0,0,8,4,2,2,0,0,0.2553,0.6139,0.0,0.0,0.8305,0.1866,0.0912,0.08,0.0,0.0,14,14,15.05,16.09
3787645,2022-09-03,usa,2022,MLS,,Michael Radchuk,1323940,Charlotte FC,722265,FC Cincinnati,0,0,2,64,36,14,14,2,5,3,6,9,3,0,0,9,10,5,4,10,7,0,2,0,1,,,19,14,3,2,0,0,0,1,13,15,4,7,3,9,10,22,3,2,41,49,34.0,36.0,7.0,13.0,9.0,2.0,481,279,412.0,213.0,201,102,211,111,23.0,34.0,8.0,5.0,0.88,1.18,0.61,0.26,0.27,0.92,0.88,1.18,0.25,2.03,0,3,8,4,1,3,2,3,3,1,0.0,0.485,0.5623,0.4109,0.0854,0.1212,0.1244,0.1286,0.1084,0.0312,8,4,0,0,4,8,2,2,0,0,0.6139,0.2553,0.0,0.0,0.1866,0.8305,0.08,0.0912,0.0,0.0,14,14,16.09,15.05
3787654,2022-09-03,usa,2022,MLS,,Ismir Pekmic,6001,Columbus Crew,6397,Chicago Fire FC,1,0,0,62,38,25,6,9,1,10,3,6,2,0,0,12,2,13,4,10,0,0,0,0,0,,,11,13,1,2,0,0,0,0,13,17,6,16,2,6,8,20,1,9,44,43,35.0,33.0,9.0,10.0,9.0,4.0,545,342,487.0,279.0,219,129,268,150,24.0,25.0,5.0,0.0,1.06,0.23,0.58,0.23,0.48,0.0,1.06,0.23,1.78,0.04,1,0,7,1,4,1,6,3,7,1,0.0324,0.0,0.4839,0.1077,0.1019,0.0072,0.2145,0.0839,0.2292,0.0331,13,5,0,1,6,0,6,0,0,0,0.5778,0.1243,0.0,0.1077,0.2561,0.0,0.2279,0.0,0.0,0.0,25,6,19.53,24.11
3787654,2022-09-03,usa,2022,MLS,,Ismir Pekmic,6397,Chicago Fire FC,6001,Columbus Crew,0,0,0,38,62,6,25,1,9,3,10,2,6,0,0,2,12,4,13,0,10,0,0,0,0,,,13,11,2,1,0,0,0,0,17,13,16,6,6,2,20,8,9,1,43,44,33.0,35.0,10.0,9.0,4.0,9.0,342,545,279.0,487.0,129,219,150,268,25.0,24.0,0.0,5.0,0.23,1.06,0.23,0.58,0.0,0.48,0.23,1.06,0.04,1.78,0,1,1,7,1,4,3,6,1,7,0.0,0.0324,0.1077,0.4839,0.0072,0.1019,0.0839,0.2145,0.0331,0.2292,5,13,1,0,0,6,0,6,0,0,0.1243,0.5778,0.1077,0.0,0.0,0.2561,0.0,0.2279,0.0,0.0,6,25,24.11,19.53
3787651,2022-09-04,usa,2022,MLS,,Jon Freemon,307690,Portland Timbers,773958,Atlanta United,1,2,1,39,61,14,10,4,2,7,4,3,4,0,0,9,7,5,3,6,6,3,2,1,1,,,10,12,1,0,0,0,2,2,12,12,15,10,4,4,13,19,1,1,38,40,30.0,27.0,8.0,13.0,7.0,6.0,317,511,237.0,428.0,100,231,137,197,21.0,41.0,1.0,5.0,2.56,1.25,0.8,0.72,0.19,0.53,0.99,1.25,2.03,1.68,1,1,7,5,1,1,2,2,3,1,0.295,0.2238,1.9901,0.861,0.0804,0.1079,0.0756,0.0893,0.1225,0.0317,8,4,0,2,2,4,2,0,2,0,0.7974,0.2289,0.0,0.5513,0.0849,0.5335,0.1045,0.0,1.5768,0.0,14,10,15.71,15.69
3787651,2022-09-04,usa,2022,MLS,,Jon Freemon,773958,Atlanta United,307690,Portland Timbers,0,1,2,61,39,10,14,2,4,4,7,4,3,0,0,7,9,3,5,6,6,2,3,1,1,,,12,10,0,1,0,0,2,2,12,12,10,15,4,4,19,13,1,1,40,38,27.0,30.0,13.0,8.0,6.0,7.0,511,317,428.0,237.0,231,100,197,137,41.0,21.0,5.0,1.0,1.25,2.56,0.72,0.8,0.53,0.19,1.25,0.99,1.68,2.03,1,1,5,7,1,1,2,2,1,3,0.2238,0.295,0.861,1.9901,0.1079,0.0804,0.0893,0.0756,0.0317,0.1225,4,8,2,0,4,2,0,2,0,2,0.2289,0.7974,0.5513,0.0,0.5335,0.0849,0.0,0.1045,0.0,1.5768,10,14,15.69,15.71
3787652,2022-09-04,usa,2022,MLS,,Nima Saghafi,915807,Nashville SC,1218886,Austin FC,1,3,0,41,59,15,10,6,5,3,4,6,1,0,0,13,6,2,4,8,6,2,0,0,0,,,12,21,1,3,0,1,3,0,15,7,10,6,1,6,28,22,5,3,59,33,39.0,22.0,20.0,11.0,5.0,4.0,309,454,246.0,392.0,150,208,96,184,19.0,20.0,7.0,2.0,1.85,0.93,1.23,0.25,0.62,0.68,1.85,0.93,1.75,0.45,2,0,8,2,3,4,1,2,1,2,0.4423,0.0,1.0845,0.5526,0.242,0.1856,0.0271,0.0797,0.0538,0.1095,7,5,2,0,3,2,3,3,0,0,0.6485,0.2474,0.5821,0.0,0.4639,0.3788,0.1553,0.3012,0.0,0.0,15,10,13.79,19.07
3787652,2022-09-04,usa,2022,MLS,,Nima Saghafi,1218886,Austin FC,915807,Nashville SC,0,0,3,59,41,10,15,5,6,4,3,1,6,0,0,6,13,4,2,6,8,0,2,0,0,,,21,12,3,1,1,0,0,3,7,15,6,10,6,1,22,28,3,5,33,59,22.0,39.0,11.0,20.0,4.0,5.0,454,309,392.0,246.0,208,150,184,96,20.0,19.0,2.0,7.0,0.93,1.85,0.25,1.23,0.68,0.62,0.93,1.85,0.45,1.75,0,2,2,8,4,3,2,1,2,1,0.0,0.4423,0.5526,1.0845,0.1856,0.242,0.0797,0.0271,0.1095,0.0538,5,7,0,2,2,3,3,3,0,0,0.2474,0.6485,0.0,0.5821,0.3788,0.4639,0.3012,0.1553,0.0,0.0,10,15,19.07,13.79
3787653,2022-09-04,usa,2022,MLS,,Tori Penso,6602,DC United,8314,Colorado Rapids,1,0,0,51,49,16,13,4,3,4,5,8,5,0,0,11,9,5,4,7,6,2,1,2,1,,,12,11,1,3,0,0,0,3,10,13,12,14,4,9,22,23,3,3,60,44,30.0,31.0,30.0,13.0,10.0,6.0,347,354,264.0,281.0,134,135,130,146,28.0,33.0,10.0,2.0,1.92,1.0,0.61,0.96,0.52,0.05,1.13,1.0,1.24,0.54,1,0,9,6,1,3,5,2,0,2,0.1869,0.0,1.5007,0.7006,0.0387,0.1139,0.1904,0.1227,0.0,0.0635,7,12,0,0,8,0,0,1,1,0,0.612,0.9558,0.0,0.0,0.5163,0.0,0.0,0.045,0.7884,0.0,16,13,13.89,18.0
3787653,2022-09-04,usa,2022,MLS,,Tori Penso,8314,Colorado Rapids,6602,DC United,0,0,0,49,51,13,16,3,4,5,4,5,8,0,0,9,11,4,5,6,7,1,2,1,2,,,11,12,3,1,0,0,3,0,13,10,14,12,9,4,23,22,3,3,44,60,31.0,30.0,13.0,30.0,6.0,10.0,354,347,281.0,264.0,135,134,146,130,33.0,28.0,2.0,10.0,1.0,1.92,0.96,0.61,0.05,0.52,1.0,1.13,0.54,1.24,0,1,6,9,3,1,2,5,2,0,0.0,0.1869,0.7006,1.5007,0.1139,0.0387,0.1227,0.1904,0.0635,0.0,12,7,0,0,0,8,1,0,0,1,0.9558,0.612,0.0,0.0,0.0,0.5163,0.045,0.0,0.0,0.7884,13,16,18.0,13.89
3787731,2022-09-04,usa,2022,MLS,,Allen Chapman,56453,Toronto FC,161195,CF Montreal,1,3,4,42,58,11,9,4,6,6,3,1,0,1,0,6,7,5,2,3,4,3,4,1,1,,,17,17,3,3,0,0,2,0,18,18,18,13,0,1,4,4,2,1,50,58,42.0,48.0,8.0,10.0,7.0,14.0,423,575,348.0,491.0,204,283,144,208,16.0,35.0,1.0,6.0,1.75,2.35,0.89,1.34,0.07,1.01,0.96,2.35,2.1,3.26,1,3,4,3,1,1,3,2,2,0,0.1234,1.2403,1.3987,0.9839,0.0528,0.0118,0.1134,0.141,0.0573,0.0,8,6,0,0,0,1,2,2,1,0,0.8864,1.368,0.0,0.0,0.0,0.0118,0.0707,0.9973,0.7884,0.0,11,9,18.01,10.78
3787731,2022-09-04,usa,2022,MLS,,Allen Chapman,161195,CF Montreal,56453,Toronto FC,0,4,3,58,42,9,11,6,4,3,6,0,1,0,1,7,6,2,5,4,3,4,3,1,1,,,17,17,3,3,0,0,0,2,18,18,13,18,1,0,4,4,1,2,58,50,48.0,42.0,10.0,8.0,14.0,7.0,575,423,491.0,348.0,283,204,208,144,35.0,16.0,6.0,1.0,2.35,1.75,1.34,0.89,1.01,0.07,2.35,0.96,3.26,2.1,3,1,3,4,1,1,2,3,0,2,1.2403,0.1234,0.9839,1.3987,0.0118,0.0528,0.141,0.1134,0.0,0.0573,6,8,0,0,1,0,2,2,0,1,1.368,0.8864,0.0,0.0,0.0118,0.0,0.9973,0.0707,0.0,0.7884,9,11,10.78,18.01
3787646,2022-09-05,usa,2022,MLS,,Lukasz Szpala,867280,Los Angeles FC,6606,Real Salt Lake,1,2,0,55,45,20,8,7,5,10,0,3,3,0,0,17,4,3,4,9,6,5,0,4,0,,,14,10,3,1,0,0,1,1,15,12,7,15,3,4,18,23,5,4,49,40,34.0,31.0,15.0,9.0,10.0,5.0,472,386,398.0,317.0,162,166,236,151,21.0,27.0,6.0,3.0,3.16,0.29,2.03,0.21,0.34,0.07,2.37,0.29,2.14,0.73,2,0,10,3,5,1,3,1,0,3,0.2501,0.0,2.3532,0.1122,0.4306,0.1036,0.1311,0.0118,0.0,0.0613,14,5,1,0,3,1,1,2,1,0,1.8825,0.2143,0.1525,0.0,0.3144,0.0304,0.0272,0.0442,0.7884,0.0,20,8,14.08,20.41
3787646,2022-09-05,usa,2022,MLS,,Lukasz Szpala,6606,Real Salt Lake,867280,Los Angeles FC,0,0,2,45,55,8,20,5,7,0,10,3,3,0,0,4,17,4,3,6,9,0,5,0,4,,,10,14,1,3,0,0,1,1,12,15,15,7,4,3,23,18,4,5,40,49,31.0,34.0,9.0,15.0,5.0,10.0,386,472,317.0,398.0,166,162,151,236,27.0,21.0,3.0,6.0,0.29,3.16,0.21,2.03,0.07,0.34,0.29,2.37,0.73,2.14,0,2,3,10,1,5,1,3,3,0,0.0,0.2501,0.1122,2.3532,0.1036,0.4306,0.0118,0.1311,0.0613,0.0,5,14,0,1,1,3,2,1,0,1,0.2143,1.8825,0.0,0.1525,0.0304,0.3144,0.0442,0.0272,0.0,0.7884,8,20,20.41,14.08
3787647,2022-09-05,usa,2022,MLS,,Silviu Petrescu,130394,Seattle Sounders FC,8259,Houston Dynamo FC,1,2,1,63,37,20,4,4,3,8,1,8,0,0,0,14,3,6,1,10,5,3,1,2,0,,,6,15,2,1,0,0,1,0,17,14,11,11,0,8,13,18,2,2,55,38,42.0,26.0,13.0,12.0,10.0,7.0,564,339,480.0,248.0,174,146,306,102,37.0,23.0,6.0,1.0,2.3,0.46,1.24,0.09,0.28,0.37,1.51,0.46,2.02,0.64,2,0,11,2,1,1,4,0,2,1,0.1688,0.0,1.897,0.367,0.0162,0.0557,0.144,0.0,0.0755,0.0375,15,2,0,0,3,2,1,0,1,0,1.2365,0.0932,0.0,0.0,0.2346,0.367,0.042,0.0,0.7884,0.0,20,4,15.93,17.09
3787647,2022-09-05,usa,2022,MLS,,Silviu Petrescu,8259,Houston Dynamo FC,130394,Seattle Sounders FC,0,1,2,37,63,4,20,3,4,1,8,0,8,0,0,3,14,1,6,5,10,1,3,0,2,,,15,6,1,2,0,0,0,1,14,17,11,11,8,0,18,13,2,2,38,55,26.0,42.0,12.0,13.0,7.0,10.0,339,564,248.0,480.0,146,174,102,306,23.0,37.0,1.0,6.0,0.46,2.3,0.09,1.24,0.37,0.28,0.46,1.51,0.64,2.02,0,2,2,11,1,1,0,4,1,2,0.0,0.1688,0.367,1.897,0.0557,0.0162,0.0,0.144,0.0375,0.0755,2,15,0,0,2,3,0,1,0,1,0.0932,1.2365,0.0,0.0,0.367,0.2346,0.0,0.042,0.0,0.7884,4,20,17.09,15.93
3787648,2022-09-05,usa,2022,MLS,,Guido Gonzalez,6580,New England Revolution,546238,New York City FC,1,3,0,36,64,8,17,6,7,1,6,1,4,0,0,4,15,4,2,6,5,0,2,0,2,,,9,7,1,0,0,0,1,3,20,10,8,10,4,1,29,14,7,3,41,35,33.0,25.0,8.0,10.0,6.0,6.0,336,623,255.0,558.0,165,255,90,303,27.0,27.0,2.0,3.0,0.41,2.12,0.41,1.99,0.23,0.13,0.41,2.12,1.23,2.29,0,1,3,10,1,4,4,1,0,1,0.0,0.5359,0.1637,1.3555,0.0843,0.184,0.1668,0.0295,0.0,0.0177,8,13,0,1,0,3,0,0,0,0,0.4149,1.9056,0.0,0.0884,0.0,0.1287,0.0,0.0,0.0,0.0,8,17,20.18,14.32
3787648,2022-09-05,usa,2022,MLS,,Guido Gonzalez,546238,New York City FC,6580,New England Revolution,0,0,3,64,36,17,8,7,6,6,1,4,1,0,0,15,4,2,4,5,6,2,0,2,0,,,7,9,0,1,0,0,3,1,10,20,10,8,1,4,14,29,3,7,35,41,25.0,33.0,10.0,8.0,6.0,6.0,623,336,558.0,255.0,255,165,303,90,27.0,27.0,3.0,2.0,2.12,0.41,1.99,0.41,0.13,0.23,2.12,0.41,2.29,1.23,1,0,10,3,4,1,1,4,1,0,0.5359,0.0,1.3555,0.1637,0.184,0.0843,0.0295,0.1668,0.0177,0.0,13,8,1,0,3,0,0,0,0,0,1.9056,0.4149,0.0884,0.0,0.1287,0.0,0.0,0.0,0.0,0.0,17,8,14.32,20.18
3787650,2022-09-05,usa,2022,MLS,,Ramy Touchan,6637,LA Galaxy,6604,Sporting Kansas City,1,2,2,60,40,11,15,5,5,5,6,1,4,0,0,8,8,3,7,2,1,4,2,2,1,,,11,15,1,1,0,0,6,1,15,7,2,9,4,1,3,4,3,3,35,30,30.0,23.0,5.0,7.0,2.0,8.0,617,405,551.0,348.0,338,192,213,156,30.0,38.0,4.0,5.0,2.51,1.51,0.9,0.65,0.03,0.07,0.93,0.72,2.88,1.25,0,1,7,4,1,3,1,5,2,2,0.0,0.2145,2.3093,0.9767,0.0936,0.1185,0.0375,0.1565,0.0658,0.0453,8,12,0,0,0,0,1,2,2,1,0.902,0.6542,0.0,0.0,0.0,0.0,0.0274,0.0688,1.5768,0.7884,11,15,15.32,18.78
3787650,2022-09-05,usa,2022,MLS,,Ramy Touchan,6604,Sporting Kansas City,6637,LA Galaxy,0,2,2,40,60,15,11,5,5,6,5,4,1,0,0,8,8,7,3,1,2,2,4,1,2,,,15,11,1,1,0,0,1,6,7,15,9,2,1,4,4,3,3,3,30,35,23.0,30.0,7.0,5.0,8.0,2.0,405,617,348.0,551.0,192,338,156,213,38.0,30.0,5.0,4.0,1.51,2.51,0.65,0.9,0.07,0.03,0.72,0.93,1.25,2.88,1,0,4,7,3,1,5,1,2,2,0.2145,0.0,0.9767,2.3093,0.1185,0.0936,0.1565,0.0375,0.0453,0.0658,12,8,0,0,0,0,2,1,1,2,0.6542,0.902,0.0,0.0,0.0,0.0,0.0688,0.0274,0.7884,1.5768,15,11,18.78,15.32
3787732,2022-09-05,usa,2022,MLS,,Rosendo Mendoza,6603,San Jose Earthquakes,307691,Vancouver Whitecaps,1,2,0,48,52,9,15,5,6,3,4,1,5,0,0,7,10,2,5,3,9,1,1,1,1,,,9,11,2,3,0,0,0,1,15,20,6,19,5,1,27,11,6,3,50,46,39.0,34.0,11.0,12.0,13.0,6.0,431,454,338.0,364.0,185,153,153,211,24.0,25.0,2.0,5.0,0.69,1.39,0.67,1.26,0.02,0.12,0.69,1.39,1.09,1.2,1,2,4,5,2,3,1,3,1,2,0.2704,0.2219,0.298,0.8378,0.0695,0.18,0.0322,0.096,0.0151,0.0509,8,11,0,0,0,3,1,1,0,0,0.6701,1.2621,0.0,0.0,0.0,0.1204,0.0151,0.004,0.0,0.0,9,15,15.95,16.92
3787732,2022-09-05,usa,2022,MLS,,Rosendo Mendoza,307691,Vancouver Whitecaps,6603,San Jose Earthquakes,0,0,2,52,48,15,9,6,5,4,3,5,1,0,0,10,7,5,2,9,3,1,1,1,1,,,11,9,3,2,0,0,1,0,20,15,19,6,1,5,11,27,3,6,46,50,34.0,39.0,12.0,11.0,6.0,13.0,454,431,364.0,338.0,153,185,211,153,25.0,24.0,5.0,2.0,1.39,0.69,1.26,0.67,0.12,0.02,1.39,0.69,1.2,1.09,2,1,5,4,3,2,3,1,2,1,0.2219,0.2704,0.8378,0.298,0.18,0.0695,0.096,0.0322,0.0509,0.0151,11,8,0,0,3,0,1,1,0,0,1.2621,0.6701,0.0,0.0,0.1204,0.0,0.004,0.0151,0.0,0.0,15,9,16.92,15.95
3787633,2022-09-08,usa,2022,MLS,,Ted Unkel,546238,New York City FC,722265,FC Cincinnati,1,1,1,65,35,22,4,8,1,9,2,5,1,1,0,12,0,10,4,10,2,1,0,0,0,,,9,12,3,1,1,0,1,3,26,15,6,12,0,5,5,20,1,7,57,48,41.0,30.0,16.0,18.0,4.0,7.0,555,303,462.0,218.0,241,104,221,114,32.0,22.0,12.0,0.0,1.52,0.16,0.99,0.03,0.53,0.13,1.52,0.16,1.3,0.16,1,0,10,0,1,0,8,2,2,2,0.2556,0.0,0.8728,0.0,0.0575,0.0,0.2685,0.1156,0.0697,0.0514,15,2,0,0,7,0,0,2,0,0,0.9945,0.0338,0.0,0.0,0.5295,0.0,0.0,0.1332,0.0,0.0,22,4,16.89,26.69
3787633,2022-09-08,usa,2022,MLS,,Ted Unkel,722265,FC Cincinnati,546238,New York City FC,0,1,1,35,65,4,22,1,8,2,9,1,5,0,1,0,12,4,10,2,10,0,1,0,0,,,12,9,1,3,0,1,3,1,15,26,12,6,5,0,20,5,7,1,48,57,30.0,41.0,18.0,16.0,7.0,4.0,303,555,218.0,462.0,104,241,114,221,22.0,32.0,0.0,12.0,0.16,1.52,0.03,0.99,0.13,0.53,0.16,1.52,0.16,1.3,0,1,0,10,0,1,2,8,2,2,0.0,0.2556,0.0,0.8728,0.0,0.0575,0.1156,0.2685,0.0514,0.0697,2,15,0,0,0,7,2,0,0,0,0.0338,0.9945,0.0,0.0,0.0,0.5295,0.1332,0.0,0.0,0.0,4,22,26.69,16.89
3787720,2022-09-09,usa,2022,MLS,,Lukasz Szpala,161195,CF Montreal,6001,Columbus Crew,1,2,2,56,44,22,11,10,5,8,4,4,2,0,0,14,7,8,4,5,5,3,0,2,0,,,9,9,2,0,0,1,2,1,14,17,16,12,1,3,6,28,3,8,36,38,28.0,32.0,8.0,6.0,5.0,6.0,486,389,409.0,303.0,159,154,250,149,35.0,19.0,10.0,3.0,2.34,0.67,1.96,0.5,0.37,0.17,2.34,0.67,3.04,1.55,1,1,8,1,5,5,6,3,2,1,0.4861,0.1183,1.2399,0.0499,0.3272,0.2817,0.2066,0.1854,0.0787,0.0315,18,9,0,0,4,1,0,1,0,0,1.9665,0.4986,0.0,0.0,0.3721,0.1183,0.0,0.0499,0.0,0.0,22,11,15.94,16.98
3787720,2022-09-09,usa,2022,MLS,,Lukasz Szpala,6001,Columbus Crew,161195,CF Montreal,0,2,2,44,56,11,22,5,10,4,8,2,4,0,0,7,14,4,8,5,5,0,3,0,2,,,9,9,0,2,1,0,1,2,17,14,12,16,3,1,28,6,8,3,38,36,32.0,28.0,6.0,8.0,6.0,5.0,389,486,303.0,409.0,154,159,149,250,19.0,35.0,3.0,10.0,0.67,2.34,0.5,1.96,0.17,0.37,0.67,2.34,1.55,3.04,1,1,1,8,5,5,3,6,1,2,0.1183,0.4861,0.0499,1.2399,0.2817,0.3272,0.1854,0.2066,0.0315,0.0787,9,18,0,0,1,4,1,0,0,0,0.4986,1.9665,0.0,0.0,0.1183,0.3721,0.0499,0.0,0.0,0.0,11,22,16.98,15.94
3787616,2022-09-10,usa,2022,MLS,,Armando Villarreal,191716,Philadelphia Union,267810,Orlando City,1,5,1,48,52,18,9,11,2,5,5,2,2,0,0,12,4,6,5,2,1,5,0,1,0,18,16,13,10,1,1,0,0,4,1,16,20,12,11,2,2,16,22,1,7,35,55,32.0,40.0,3.0,15.0,7.0,7.0,401,430,322.0,341.0,125,178,197,163,27.0,23.0,3.0,2.0,2.81,0.44,1.26,0.33,0.77,0.11,2.03,0.44,4.08,0.0,2,0,6,3,4,1,3,4,3,1,0.7874,0.0,1.7373,0.1161,0.2127,0.1757,0.0829,0.1206,0.0616,0.0273,9,7,2,0,2,0,4,2,1,0,0.6186,0.3873,0.4171,0.0,0.4036,0.0,0.6542,0.0525,0.7884,0.0,18,9,17.5,18.39
3787616,2022-09-10,usa,2022,MLS,,Armando Villarreal,267810,Orlando City,191716,Philadelphia Union,0,1,5,52,48,9,18,2,11,5,5,2,2,0,0,4,12,5,6,1,2,0,5,0,1,16,18,10,13,1,1,0,0,1,4,20,16,11,12,2,2,22,16,7,1,55,35,40.0,32.0,15.0,3.0,7.0,7.0,430,401,341.0,322.0,178,125,163,197,23.0,27.0,2.0,3.0,0.44,2.81,0.33,1.26,0.11,0.77,0.44,2.03,0.0,4.08,0,2,3,6,1,4,4,3,1,3,0.0,0.7874,0.1161,1.7373,0.1757,0.2127,0.1206,0.0829,0.0273,0.0616,7,9,0,2,0,2,2,4,0,1,0.3873,0.6186,0.0,0.4171,0.0,0.4036,0.0525,0.6542,0.0,0.7884,9,18,18.39,17.5
3787617,2022-09-10,usa,2022,MLS,,Ismir Pekmic,722265,FC Cincinnati,6603,San Jose Earthquakes,1,6,0,48,52,20,9,10,5,5,2,5,2,0,0,14,3,6,6,4,3,5,1,1,1,,,14,11,2,2,0,0,1,0,9,10,11,11,2,5,17,12,5,4,41,33,29.0,31.0,12.0,2.0,9.0,9.0,357,388,295.0,315.0,117,190,178,125,13.0,22.0,5.0,2.0,3.84,0.92,1.55,0.34,0.71,0.58,2.26,0.92,5.16,0.98,2,1,10,0,2,2,4,4,2,2,0.5392,0.5409,2.4929,0.0,0.4242,0.1916,0.3419,0.1465,0.0675,0.0412,11,6,2,0,2,2,3,1,2,0,1.2235,0.3382,0.3534,0.0,0.1742,0.5555,0.5378,0.0266,1.5768,0.0,20,9,15.54,20.5
3787617,2022-09-10,usa,2022,MLS,,Ismir Pekmic,6603,San Jose Earthquakes,722265,FC Cincinnati,0,0,6,52,48,9,20,5,10,2,5,2,5,0,0,3,14,6,6,3,4,1,5,1,1,,,11,14,2,2,0,0,0,1,10,9,11,11,5,2,12,17,4,5,33,41,31.0,29.0,2.0,12.0,9.0,9.0,388,357,315.0,295.0,190,117,125,178,22.0,13.0,2.0,5.0,0.92,3.84,0.34,1.55,0.58,0.71,0.92,2.26,0.98,5.16,1,2,0,10,2,2,4,4,2,2,0.5409,0.5392,0.0,2.4929,0.1916,0.4242,0.1465,0.3419,0.0412,0.0675,6,11,0,2,2,2,1,3,0,2,0.3382,1.2235,0.0,0.3534,0.5555,0.1742,0.0266,0.5378,0.0,1.5768,9,20,20.5,15.54
3787618,2022-09-10,usa,2022,MLS,,Víctor Rivas,1323940,Charlotte FC,546238,New York City FC,1,1,0,48,52,8,12,1,1,5,6,2,5,2,0,7,8,1,4,6,3,2,0,2,0,,,12,14,3,3,1,0,3,2,12,14,7,14,5,2,18,16,1,0,41,41,29.0,30.0,12.0,11.0,5.0,4.0,423,458,343.0,405.0,190,203,153,202,27.0,34.0,4.0,3.0,0.74,0.83,0.57,0.5,0.17,0.33,0.74,0.83,0.44,0.17,0,0,5,6,2,2,1,3,0,1,0.0,0.0,0.5334,0.5992,0.1676,0.07,0.0369,0.1349,0.0,0.0264,5,9,0,0,1,2,2,1,0,0,0.5663,0.5002,0.0,0.0,0.073,0.2824,0.0985,0.0479,0.0,0.0,8,12,13.77,17.04
3787618,2022-09-10,usa,2022,MLS,,Víctor Rivas,546238,New York City FC,1323940,Charlotte FC,0,0,1,52,48,12,8,1,1,6,5,5,2,0,2,8,7,4,1,3,6,0,2,0,2,,,14,12,3,3,0,1,2,3,14,12,14,7,2,5,16,18,0,1,41,41,30.0,29.0,11.0,12.0,4.0,5.0,458,423,405.0,343.0,203,190,202,153,34.0,27.0,3.0,4.0,0.83,0.74,0.5,0.57,0.33,0.17,0.83,0.74,0.17,0.44,0,0,6,5,2,2,3,1,1,0,0.0,0.0,0.5992,0.5334,0.07,0.1676,0.1349,0.0369,0.0264,0.0,9,5,0,0,2,1,1,2,0,0,0.5002,0.5663,0.0,0.0,0.2824,0.073,0.0479,0.0985,0.0,0.0,12,8,17.04,13.77
3787619,2022-09-10,usa,2022,MLS,,Chris Penso,915807,Nashville SC,6637,LA Galaxy,1,1,1,32,68,10,22,2,8,4,7,4,7,0,0,5,12,5,10,3,5,2,3,1,2,,,16,12,4,5,1,0,2,1,14,14,14,7,6,3,12,12,7,1,31,41,27.0,36.0,4.0,5.0,2.0,7.0,290,633,221.0,560.0,129,212,92,348,18.0,10.0,2.0,9.0,1.5,2.74,0.6,0.88,0.11,0.29,0.71,1.16,1.1,2.86,0,0,5,7,1,5,3,4,1,6,0.0,0.0,1.2632,1.9788,0.0358,0.2968,0.1691,0.2172,0.0307,0.2461,7,13,1,2,0,3,1,2,1,2,0.3396,0.7047,0.2595,0.171,0.0,0.1126,0.1113,0.1738,0.7884,1.5768,10,22,17.44,18.6
3787619,2022-09-10,usa,2022,MLS,,Chris Penso,6637,LA Galaxy,915807,Nashville SC,0,1,1,68,32,22,10,8,2,7,4,7,4,0,0,12,5,10,5,5,3,3,2,2,1,,,12,16,5,4,0,1,1,2,14,14,7,14,3,6,12,12,1,7,41,31,36.0,27.0,5.0,4.0,7.0,2.0,633,290,560.0,221.0,212,129,348,92,10.0,18.0,9.0,2.0,2.74,1.5,0.88,0.6,0.29,0.11,1.16,0.71,2.86,1.1,0,0,7,5,5,1,4,3,6,1,0.0,0.0,1.9788,1.2632,0.2968,0.0358,0.2172,0.1691,0.2461,0.0307,13,7,2,1,3,0,2,1,2,1,0.7047,0.3396,0.171,0.2595,0.1126,0.0,0.1738,0.1113,1.5768,0.7884,22,10,18.6,17.44
3787632,2022-09-10,usa,2022,MLS,,Alex Chilowicz,6514,New York Red Bulls,6580,New England Revolution,1,2,1,58,42,12,4,5,1,5,1,2,2,0,0,8,4,4,0,8,2,1,1,0,0,,,14,7,1,1,0,0,2,0,15,9,7,12,2,2,6,28,0,3,48,44,24.0,26.0,24.0,18.0,2.0,5.0,499,377,385.0,258.0,168,163,217,95,27.0,26.0,4.0,1.0,1.61,0.48,0.32,0.35,0.51,0.13,0.83,0.48,1.68,0.49,0,0,8,4,0,0,3,0,1,0,0.0,0.0,1.4503,0.4786,0.0,0.0,0.1439,0.0,0.0207,0.0,6,2,0,0,4,1,1,1,1,0,0.3174,0.3508,0.0,0.0,0.3312,0.0231,0.1778,0.1047,0.7884,0.0,12,4,15.48,14.28
3787632,2022-09-10,usa,2022,MLS,,Alex Chilowicz,6580,New England Revolution,6514,New York Red Bulls,0,1,2,42,58,4,12,1,5,1,5,2,2,0,0,4,8,0,4,2,8,1,1,0,0,,,7,14,1,1,0,0,0,2,9,15,12,7,2,2,28,6,3,0,44,48,26.0,24.0,18.0,24.0,5.0,2.0,377,499,258.0,385.0,163,168,95,217,26.0,27.0,1.0,4.0,0.48,1.61,0.35,0.32,0.13,0.51,0.48,0.83,0.49,1.68,0,0,4,8,0,0,0,3,0,1,0.0,0.0,0.4786,1.4503,0.0,0.0,0.0,0.1439,0.0,0.0207,2,6,0,0,1,4,1,1,0,1,0.3508,0.3174,0.0,0.0,0.0231,0.3312,0.1047,0.1778,0.0,0.7884,4,12,14.28,15.48
3787719,2022-09-10,usa,2022,MLS,,Rosendo Mendoza,773958,Atlanta United,56453,Toronto FC,1,4,2,54,46,27,8,10,2,6,4,11,2,0,1,19,7,8,1,12,4,5,4,3,2,,,14,13,4,3,0,0,1,0,23,12,5,4,2,11,13,22,0,6,63,38,50.0,31.0,13.0,7.0,15.0,6.0,406,359,330.0,281.0,202,171,128,110,27.0,15.0,8.0,1.0,4.5,2.62,2.38,1.83,1.34,0.0,3.71,1.83,4.51,1.75,3,2,12,4,4,1,6,0,2,1,0.9478,0.6227,2.9873,1.874,0.2557,0.078,0.2452,0.0,0.0672,0.0476,17,7,1,0,8,0,0,0,1,1,2.3286,1.8339,0.0479,0.0,1.3384,0.0,0.0,0.0,0.7884,0.7884,27,8,15.22,13.22
3787719,2022-09-10,usa,2022,MLS,,Rosendo Mendoza,56453,Toronto FC,773958,Atlanta United,0,2,4,46,54,8,27,2,10,4,6,2,11,1,0,7,19,1,8,4,12,4,5,2,3,,,13,14,3,4,0,0,0,1,12,23,4,5,11,2,22,13,6,0,38,63,31.0,50.0,7.0,13.0,6.0,15.0,359,406,281.0,330.0,171,202,110,128,15.0,27.0,1.0,8.0,2.62,4.5,1.83,2.38,0.0,1.34,1.83,3.71,1.75,4.51,2,3,4,12,1,4,0,6,1,2,0.6227,0.9478,1.874,2.9873,0.078,0.2557,0.0,0.2452,0.0476,0.0672,7,17,0,1,0,8,0,0,1,1,1.8339,2.3286,0.0,0.0479,0.0,1.3384,0.0,0.0,0.7884,0.7884,8,27,13.22,15.22
3787610,2022-09-11,usa,2022,MLS,,Guido Gonzalez,307690,Portland Timbers,207242,Minnesota United,1,1,0,53,47,11,21,1,5,5,10,5,6,0,0,7,15,4,6,6,5,1,3,0,3,,,14,11,2,1,0,0,1,2,10,17,11,7,5,5,19,18,5,0,45,49,32.0,36.0,13.0,13.0,11.0,8.0,449,405,367.0,315.0,182,136,185,179,38.0,30.0,5.0,7.0,1.06,2.46,0.7,1.43,0.36,1.03,1.06,2.46,0.62,1.52,1,5,6,7,0,3,3,4,1,2,0.1743,1.2655,0.766,0.9168,0.0,0.1611,0.0933,0.1553,0.0294,0.0535,6,13,1,0,1,7,3,1,0,0,0.5518,1.5224,0.153,0.0,0.1743,1.0104,0.1839,0.0193,0.0,0.0,11,21,15.22,13.94
3787610,2022-09-11,usa,2022,MLS,,Guido Gonzalez,207242,Minnesota United,307690,Portland Timbers,0,0,1,47,53,21,11,5,1,10,5,6,5,0,0,15,7,6,4,5,6,3,1,3,0,,,11,14,1,2,0,0,2,1,17,10,7,11,5,5,18,19,0,5,49,45,36.0,32.0,13.0,13.0,8.0,11.0,405,449,315.0,367.0,136,182,179,185,30.0,38.0,7.0,5.0,2.46,1.06,1.43,0.7,1.03,0.36,2.46,1.06,1.52,0.62,5,1,7,6,3,0,4,3,2,1,1.2655,0.1743,0.9168,0.766,0.1611,0.0,0.1553,0.0933,0.0535,0.0294,13,6,0,1,7,1,1,3,0,0,1.5224,0.5518,0.0,0.153,1.0104,0.1743,0.0193,0.1839,0.0,0.0,21,11,13.94,15.22
3787611,2022-09-11,usa,2022,MLS,,Kevin Broadley,6606,Real Salt Lake,6602,DC United,1,0,0,55,45,16,8,8,3,5,3,3,2,0,0,9,6,7,2,10,3,1,1,1,1,,,11,12,2,3,0,0,4,0,10,8,7,15,2,4,13,26,3,7,50,44,32.0,25.0,18.0,19.0,10.0,6.0,389,334,302.0,249.0,149,130,153,119,33.0,30.0,5.0,4.0,0.55,0.59,0.39,0.55,0.16,0.04,0.55,0.59,1.64,0.57,0,0,6,3,3,3,4,2,3,0,0.0,0.0,0.2553,0.2388,0.0887,0.271,0.1118,0.0858,0.0955,0.0,10,7,0,0,3,0,3,1,0,0,0.3871,0.555,0.0,0.0,0.0945,0.0,0.0697,0.0407,0.0,0.0,16,8,18.33,14.34
3787611,2022-09-11,usa,2022,MLS,,Kevin Broadley,6602,DC United,6606,Real Salt Lake,0,0,0,45,55,8,16,3,8,3,5,2,3,0,0,6,9,2,7,3,10,1,1,1,1,,,12,11,3,2,0,0,0,4,8,10,15,7,4,2,26,13,7,3,44,50,25.0,32.0,19.0,18.0,6.0,10.0,334,389,249.0,302.0,130,149,119,153,30.0,33.0,4.0,5.0,0.59,0.55,0.55,0.39,0.04,0.16,0.59,0.55,0.57,1.64,0,0,3,6,3,3,2,4,0,3,0.0,0.0,0.2388,0.2553,0.271,0.0887,0.0858,0.1118,0.0,0.0955,7,10,0,0,0,3,1,3,0,0,0.555,0.3871,0.0,0.0,0.0,0.0945,0.0407,0.0697,0.0,0.0,8,16,14.34,18.33
3787612,2022-09-11,usa,2022,MLS,,Tori Penso,8259,Houston Dynamo FC,6604,Sporting Kansas City,1,0,0,37,63,11,20,3,6,4,10,4,4,1,1,10,11,1,9,5,5,2,2,2,2,,,13,8,2,2,1,0,0,1,17,11,13,6,4,3,27,15,6,3,41,41,31.0,29.0,10.0,12.0,7.0,6.0,305,520,243.0,464.0,157,156,86,308,33.0,28.0,3.0,4.0,1.39,1.27,0.79,1.19,0.6,0.07,1.39,1.27,0.8,0.78,0,0,7,6,3,5,0,5,1,4,0.0,0.0,1.076,0.6573,0.2997,0.2606,0.0,0.2266,0.0325,0.1265,7,18,1,0,3,1,0,1,0,0,0.5774,1.1971,0.231,0.0,0.5999,0.0298,0.0,0.0442,0.0,0.0,11,20,14.36,17.3
3787612,2022-09-11,usa,2022,MLS,,Tori Penso,6604,Sporting Kansas City,8259,Houston Dynamo FC,0,0,0,63,37,20,11,6,3,10,4,4,4,1,1,11,10,9,1,5,5,2,2,2,2,,,8,13,2,2,0,1,1,0,11,17,6,13,3,4,15,27,3,6,41,41,29.0,31.0,12.0,10.0,6.0,7.0,520,305,464.0,243.0,156,157,308,86,28.0,33.0,4.0,3.0,1.27,1.39,1.19,0.79,0.07,0.6,1.27,1.39,0.78,0.8,0,0,6,7,5,3,5,0,4,1,0.0,0.0,0.6573,1.076,0.2606,0.2997,0.2266,0.0,0.1265,0.0325,18,7,0,1,1,3,1,0,0,0,1.1971,0.5774,0.0,0.231,0.0298,0.5999,0.0442,0.0,0.0,0.0,20,11,17.3,14.36
3787613,2022-09-11,usa,2022,MLS,,Jon Freemon,6399,FC Dallas,867280,Los Angeles FC,1,2,1,67,33,13,9,8,2,2,4,3,3,0,0,6,4,7,5,6,2,2,3,1,2,,,12,16,0,3,0,1,2,0,16,12,3,9,3,3,6,20,1,6,50,46,39.0,29.0,11.0,17.0,7.0,6.0,544,275,461.0,193.0,161,90,300,103,26.0,28.0,4.0,2.0,0.9,1.17,0.48,0.99,0.41,0.17,0.9,1.17,2.24,1.11,0,0,5,3,1,1,5,4,2,1,0.0,0.0,0.5112,0.6112,0.0895,0.0262,0.2293,0.481,0.0658,0.0477,6,4,0,2,2,1,5,2,0,0,0.4846,0.4837,0.0,0.5103,0.0446,0.1009,0.3667,0.0713,0.0,0.0,13,9,18.23,22.82
3787613,2022-09-11,usa,2022,MLS,,Jon Freemon,867280,Los Angeles FC,6399,FC Dallas,0,1,2,33,67,9,13,2,8,4,2,3,3,0,0,4,6,5,7,2,6,3,2,2,1,,,16,12,3,0,1,0,0,2,12,16,9,3,3,3,20,6,6,1,46,50,29.0,39.0,17.0,11.0,6.0,7.0,275,544,193.0,461.0,90,161,103,300,28.0,26.0,2.0,4.0,1.17,0.9,0.99,0.48,0.17,0.41,1.17,0.9,1.11,2.24,0,0,3,5,1,1,4,5,1,2,0.0,0.0,0.6112,0.5112,0.0262,0.0895,0.481,0.2293,0.0477,0.0658,4,6,2,0,1,2,2,5,0,0,0.4837,0.4846,0.5103,0.0,0.1009,0.0446,0.0713,0.3667,0.0,0.0,9,13,22.82,18.23
3787614,2022-09-11,usa,2022,MLS,,Marcos de Oliveira,130394,Seattle Sounders FC,1218886,Austin FC,1,3,0,53,47,5,10,4,1,1,4,0,5,0,0,3,4,2,6,4,1,2,2,0,2,,,8,12,2,1,0,0,6,2,13,8,13,11,5,0,23,11,1,2,47,35,37.0,26.0,10.0,9.0,13.0,10.0,525,458,444.0,384.0,204,207,240,177,35.0,25.0,0.0,1.0,1.07,1.21,1.07,0.44,0.0,0.77,1.07,1.21,1.52,0.12,0,2,3,2,0,0,2,6,0,0,0.0,0.7231,0.949,0.2042,0.0,0.0,0.1231,0.2843,0.0,0.0,5,6,0,0,0,0,0,4,0,0,1.0721,0.5345,0.0,0.0,0.0,0.0,0.0,0.6771,0.0,0.0,5,10,13.31,18.06
3787614,2022-09-11,usa,2022,MLS,,Marcos de Oliveira,1218886,Austin FC,130394,Seattle Sounders FC,0,0,3,47,53,10,5,1,4,4,1,5,0,0,0,4,3,6,2,1,4,2,2,2,0,,,12,8,1,2,0,0,2,6,8,13,11,13,0,5,11,23,2,1,35,47,26.0,37.0,9.0,10.0,10.0,13.0,458,525,384.0,444.0,207,204,177,240,25.0,35.0,1.0,0.0,1.21,1.07,0.44,1.07,0.77,0.0,1.21,1.07,0.12,1.52,2,0,2,3,0,0,6,2,0,0,0.7231,0.0,0.2042,0.949,0.0,0.0,0.2843,0.1231,0.0,0.0,6,5,0,0,0,0,4,0,0,0,0.5345,1.0721,0.0,0.0,0.0,0.0,0.6771,0.0,0.0,0.0,10,5,18.06,13.31
3787615,2022-09-11,usa,2022,MLS,,Matthew Rowell Conger,6397,Chicago Fire FC,960720,Inter Miami CF,1,3,1,54,46,12,7,4,3,3,2,5,2,1,0,8,4,4,3,7,2,2,1,0,0,26,16,7,10,2,1,0,0,0,2,19,8,12,11,2,5,16,18,2,1,40,33,35.0,27.0,5.0,6.0,7.0,12.0,484,428,405.0,356.0,189,181,216,175,28.0,20.0,6.0,0.0,1.73,1.07,1.52,0.24,0.21,0.04,1.73,0.28,1.5,1.23,1,0,7,3,0,1,3,2,1,1,0.0671,0.0,1.4524,0.9019,0.0,0.0455,0.1634,0.0839,0.047,0.0354,8,5,1,0,2,0,1,1,0,1,0.9652,0.2429,0.5511,0.0,0.1666,0.0,0.047,0.0354,0.0,0.7884,12,7,15.44,18.87
3787615,2022-09-11,usa,2022,MLS,,Matthew Rowell Conger,960720,Inter Miami CF,6397,Chicago Fire FC,0,1,3,46,54,7,12,3,4,2,3,2,5,0,1,4,8,3,4,2,7,1,2,0,0,16,26,10,7,1,2,0,0,2,0,8,19,11,12,5,2,18,16,1,2,33,40,27.0,35.0,6.0,5.0,12.0,7.0,428,484,356.0,405.0,181,189,175,216,20.0,28.0,0.0,6.0,1.07,1.73,0.24,1.52,0.04,0.21,0.28,1.73,1.23,1.5,0,1,3,7,1,0,2,3,1,1,0.0,0.0671,0.9019,1.4524,0.0455,0.0,0.0839,0.1634,0.0354,0.047,5,8,0,1,0,2,1,1,1,0,0.2429,0.9652,0.0,0.5511,0.0,0.1666,0.0354,0.047,0.7884,0.0,7,12,18.87,15.44
3787718,2022-09-11,usa,2022,MLS,,Kevin Stott,8314,Colorado Rapids,307691,Vancouver Whitecaps,1,3,1,48,52,24,15,5,4,8,5,11,6,0,1,15,7,9,8,7,4,1,1,0,0,,,10,15,0,2,0,0,1,2,15,10,11,5,6,10,27,16,3,2,51,34,37.0,27.0,14.0,7.0,8.0,8.0,406,444,351.0,377.0,218,192,133,185,52.0,25.0,5.0,4.0,2.17,0.94,0.97,0.89,0.41,0.06,1.38,0.94,1.86,0.54,0,0,9,5,6,2,6,7,3,1,0.0,0.0,1.6315,0.4904,0.2309,0.0703,0.1562,0.3696,0.1503,0.0136,17,12,0,0,4,2,2,1,1,0,0.9737,0.8885,0.0,0.0,0.2284,0.034,0.1785,0.0213,0.7884,0.0,24,15,19.39,18.37
3787718,2022-09-11,usa,2022,MLS,,Kevin Stott,307691,Vancouver Whitecaps,8314,Colorado Rapids,0,1,3,52,48,15,24,4,5,5,8,6,11,1,0,7,15,8,9,4,7,1,1,0,0,,,15,10,2,0,0,0,2,1,10,15,5,11,10,6,16,27,2,3,34,51,27.0,37.0,7.0,14.0,8.0,8.0,444,406,377.0,351.0,192,218,185,133,25.0,52.0,4.0,5.0,0.94,2.17,0.89,0.97,0.06,0.41,0.94,1.38,0.54,1.86,0,0,5,9,2,6,7,6,1,3,0.0,0.0,0.4904,1.6315,0.0703,0.2309,0.3696,0.1562,0.0136,0.1503,12,17,0,0,2,4,1,2,0,1,0.8885,0.9737,0.0,0.0,0.034,0.2284,0.0213,0.1785,0.0,0.7884,15,24,18.37,19.39
3787707,2022-09-13,usa,2022,MLS,,Ted Unkel,161195,CF Montreal,6397,Chicago Fire FC,1,3,2,54,46,11,6,5,3,4,3,2,0,0,0,7,5,4,1,5,1,1,3,1,1,,,16,14,3,4,0,0,2,2,9,16,9,4,0,2,10,14,1,2,41,39,29.0,33.0,12.0,6.0,7.0,1.0,413,360,357.0,292.0,197,152,160,140,20.0,20.0,8.0,0.0,0.89,1.7,0.45,0.09,0.45,0.03,0.89,0.12,1.29,2.0,0,0,6,3,1,2,2,0,2,1,0.0,0.0,0.601,1.6359,0.093,0.0406,0.1498,0.0,0.0511,0.0226,6,2,0,0,3,0,2,2,0,2,0.4494,0.0937,0.0,0.0,0.346,0.0,0.0995,0.0286,0.0,1.5768,11,6,14.29,15.42
3787707,2022-09-13,usa,2022,MLS,,Ted Unkel,6397,Chicago Fire FC,161195,CF Montreal,0,2,3,46,54,6,11,3,5,3,4,0,2,0,0,5,7,1,4,1,5,3,1,1,1,,,14,16,4,3,0,0,2,2,16,9,4,9,2,0,14,10,2,1,39,41,33.0,29.0,6.0,12.0,1.0,7.0,360,413,292.0,357.0,152,197,140,160,20.0,20.0,0.0,8.0,1.7,0.89,0.09,0.45,0.03,0.45,0.12,0.89,2.0,1.29,0,0,3,6,2,1,0,2,1,2,0.0,0.0,1.6359,0.601,0.0406,0.093,0.0,0.1498,0.0226,0.0511,2,6,0,0,0,3,2,2,2,0,0.0937,0.4494,0.0,0.0,0.0,0.346,0.0286,0.0995,1.5768,0.0,6,11,15.42,14.29
3787620,2022-09-14,usa,2022,MLS,,Jon Freemon,960720,Inter Miami CF,6001,Columbus Crew,1,2,1,42,58,11,13,6,3,1,9,4,1,0,2,6,6,5,7,6,7,0,1,0,0,23,33,16,12,1,1,0,0,3,1,15,10,7,8,1,2,24,10,2,4,36,36,33.0,32.0,3.0,4.0,6.0,7.0,394,526,330.0,464.0,179,187,151,277,21.0,14.0,1.0,5.0,0.87,1.01,0.72,0.98,0.16,0.03,0.87,1.01,0.92,1.7,0,0,3,6,3,0,3,5,2,2,0.0,0.0,0.3889,0.694,0.3398,0.0,0.1024,0.2389,0.0423,0.0788,7,12,1,0,1,0,2,1,0,0,0.5887,0.9835,0.1273,0.0,0.1152,0.0,0.0423,0.0283,0.0,0.0,11,13,18.33,18.63
3787620,2022-09-14,usa,2022,MLS,,Jon Freemon,6001,Columbus Crew,960720,Inter Miami CF,0,1,2,58,42,13,11,3,6,9,1,1,4,2,0,6,6,7,5,7,6,1,0,0,0,33,23,12,16,1,1,0,0,1,3,10,15,8,7,2,1,10,24,4,2,36,36,32.0,33.0,4.0,3.0,7.0,6.0,526,394,464.0,330.0,187,179,277,151,14.0,21.0,5.0,1.0,1.01,0.87,0.98,0.72,0.03,0.16,1.01,0.87,1.7,0.92,0,0,6,3,0,3,5,3,2,2,0.0,0.0,0.694,0.3889,0.0,0.3398,0.2389,0.1024,0.0788,0.0423,12,7,0,1,0,1,1,2,0,0,0.9835,0.5887,0.0,0.1273,0.0,0.1152,0.0283,0.0423,0.0,0.0,13,11,18.63,18.33
3787621,2022-09-14,usa,2022,MLS,,Timothy Ford,207242,Minnesota United,867280,Los Angeles FC,1,1,1,46,54,12,10,2,3,7,3,3,4,1,0,10,7,2,3,10,8,2,1,2,1,,,16,15,2,1,0,0,0,1,18,23,12,14,4,3,19,25,2,1,52,64,40.0,46.0,12.0,18.0,8.0,8.0,349,420,274.0,328.0,134,130,140,198,22.0,29.0,8.0,4.0,1.56,1.14,0.88,0.94,0.68,0.2,1.56,1.14,0.53,0.62,2,0,6,4,2,3,2,2,0,1,0.5714,0.0,0.7469,0.6253,0.1295,0.402,0.1199,0.087,0.0,0.0229,7,6,1,2,3,2,1,0,0,0,0.771,0.6451,0.1165,0.2963,0.2889,0.1958,0.3914,0.0,0.0,0.0,12,10,11.91,16.77
3787621,2022-09-14,usa,2022,MLS,,Timothy Ford,867280,Los Angeles FC,207242,Minnesota United,0,1,1,54,46,10,12,3,2,3,7,4,3,0,1,7,10,3,2,8,10,1,2,1,2,,,15,16,1,2,0,0,1,0,23,18,14,12,3,4,25,19,1,2,64,52,46.0,40.0,18.0,12.0,8.0,8.0,420,349,328.0,274.0,130,134,198,140,29.0,22.0,4.0,8.0,1.14,1.56,0.94,0.88,0.2,0.68,1.14,1.56,0.62,0.53,0,2,4,6,3,2,2,2,1,0,0.0,0.5714,0.6253,0.7469,0.402,0.1295,0.087,0.1199,0.0229,0.0,6,7,2,1,2,3,0,1,0,0,0.6451,0.771,0.2963,0.1165,0.1958,0.2889,0.0,0.3914,0.0,0.0,10,12,16.77,11.91
3787628,2022-09-14,usa,2022,MLS,,,267810,Orlando City,773958,Atlanta United,1,0,1,56,44,20,10,3,5,13,3,4,2,0,0,14,7,6,3,4,4,1,3,1,2,,,10,16,1,3,0,0,1,1,17,12,9,13,3,4,10,26,3,3,56,49,38.0,35.0,18.0,14.0,6.0,13.0,480,389,400.0,312.0,164,146,236,166,44.0,22.0,8.0,3.0,1.34,2.03,1.17,1.9,0.17,0.13,1.34,2.03,0.48,1.69,0,0,10,5,4,2,4,2,2,1,0.0,0.0,0.9018,0.9455,0.2024,0.9496,0.178,0.104,0.0612,0.0338,16,8,0,0,3,2,1,0,0,0,1.1719,1.9038,0.0,0.0,0.1234,0.129,0.0481,0.0,0.0,0.0,20,10,16.85,15.91
3787628,2022-09-14,usa,2022,MLS,,,773958,Atlanta United,267810,Orlando City,0,1,0,44,56,10,20,5,3,3,13,2,4,0,0,7,14,3,6,4,4,3,1,2,1,,,16,10,3,1,0,0,1,1,12,17,13,9,4,3,26,10,3,3,49,56,35.0,38.0,14.0,18.0,13.0,6.0,389,480,312.0,400.0,146,164,166,236,22.0,44.0,3.0,8.0,2.03,1.34,1.9,1.17,0.13,0.17,2.03,1.34,1.69,0.48,0,0,5,10,2,4,2,4,1,2,0.0,0.0,0.9455,0.9018,0.9496,0.2024,0.104,0.178,0.0338,0.0612,8,16,0,0,2,3,0,1,0,0,1.9038,1.1719,0.0,0.0,0.129,0.1234,0.0,0.0481,0.0,0.0,10,20,15.91,16.85
3787629,2022-09-14,usa,2022,MLS,,Ismail Elfath,8259,Houston Dynamo FC,6580,New England Revolution,1,3,1,43,57,20,15,11,5,4,7,5,3,0,0,15,12,5,3,4,4,7,4,5,3,,,11,10,2,2,0,0,1,2,22,14,13,8,2,2,20,6,4,8,39,35,33.0,29.0,6.0,6.0,4.0,5.0,410,534,352.0,466.0,206,252,146,214,19.0,23.0,2.0,4.0,4.53,2.19,2.85,1.13,0.1,0.27,2.96,1.4,5.17,1.78,5,1,7,8,3,3,3,2,2,1,1.8678,0.3232,2.4295,1.519,0.1389,0.1491,0.1281,0.0654,0.0625,0.0243,13,12,3,0,2,2,0,0,2,1,2.3337,1.1373,0.6113,0.0,0.105,0.1553,0.0,0.0,1.5768,0.7884,20,15,14.79,16.4
3787629,2022-09-14,usa,2022,MLS,,Ismail Elfath,6580,New England Revolution,8259,Houston Dynamo FC,0,1,3,57,43,15,20,5,11,7,4,3,5,0,0,12,15,3,5,4,4,4,7,3,5,,,10,11,2,2,0,0,2,1,14,22,8,13,2,2,6,20,8,4,35,39,29.0,33.0,6.0,6.0,5.0,4.0,534,410,466.0,352.0,252,206,214,146,23.0,19.0,4.0,2.0,2.19,4.53,1.13,2.85,0.27,0.1,1.4,2.96,1.78,5.17,1,5,8,7,3,3,2,3,1,2,0.3232,1.8678,1.519,2.4295,0.1491,0.1389,0.0654,0.1281,0.0243,0.0625,12,13,0,3,2,2,0,0,1,2,1.1373,2.3337,0.0,0.6113,0.1553,0.105,0.0,0.0,0.7884,1.5768,15,20,16.4,14.79
3787631,2022-09-14,usa,2022,MLS,,Rosendo Mendoza,6604,Sporting Kansas City,6602,DC United,1,3,0,59,41,17,7,5,2,6,3,6,2,0,0,9,7,8,0,12,2,2,1,1,1,,,4,20,1,3,0,0,2,4,11,13,6,13,2,6,7,26,2,2,43,41,35.0,23.0,8.0,18.0,5.0,6.0,489,343,405.0,265.0,221,164,184,101,32.0,32.0,3.0,4.0,1.95,0.37,1.81,0.31,0.14,0.06,1.95,0.37,1.64,0.2,2,0,2,6,5,1,4,0,4,0,1.2943,0.0,0.0897,0.3646,0.3083,0.0088,0.1293,0.0,0.1262,0.0,12,5,0,0,3,2,2,0,0,0,1.8077,0.3143,0.0,0.0,0.0999,0.059,0.0402,0.0,0.0,0.0,17,7,19.6,13.06
3787631,2022-09-14,usa,2022,MLS,,Rosendo Mendoza,6602,DC United,6604,Sporting Kansas City,0,0,3,41,59,7,17,2,5,3,6,2,6,0,0,7,9,0,8,2,12,1,2,1,1,,,20,4,3,1,0,0,4,2,13,11,13,6,6,2,26,7,2,2,41,43,23.0,35.0,18.0,8.0,6.0,5.0,343,489,265.0,405.0,164,221,101,184,32.0,32.0,4.0,3.0,0.37,1.95,0.31,1.81,0.06,0.14,0.37,1.95,0.2,1.64,0,2,6,2,1,5,0,4,0,4,0.0,1.2943,0.3646,0.0897,0.0088,0.3083,0.0,0.1293,0.0,0.1262,5,12,0,0,2,3,0,2,0,0,0.3143,1.8077,0.0,0.0,0.059,0.0999,0.0,0.0402,0.0,0.0,7,17,13.06,19.6
3787627,2022-09-15,usa,2022,MLS,,Pierre Luce Lauziere,8314,Colorado Rapids,6603,San Jose Earthquakes,1,2,1,44,56,13,15,3,3,5,9,5,3,0,1,7,8,6,7,8,6,0,1,0,1,,,7,13,1,2,0,0,0,1,14,13,5,13,3,5,12,14,2,1,45,31,34.0,24.0,11.0,7.0,7.0,4.0,336,448,267.0,378.0,147,238,120,140,27.0,13.0,6.0,2.0,0.73,1.19,0.37,1.05,0.36,0.14,0.73,1.19,0.68,0.2,1,1,4,5,2,2,3,5,3,2,0.0408,0.1319,0.4268,0.6802,0.0695,0.1203,0.0989,0.1898,0.0949,0.0668,10,13,0,0,3,2,0,0,0,0,0.3681,1.0462,0.0,0.0,0.3629,0.1427,0.0,0.0,0.0,0.0,13,15,18.27,18.71
3787627,2022-09-15,usa,2022,MLS,,Pierre Luce Lauziere,6603,San Jose Earthquakes,8314,Colorado Rapids,0,1,2,56,44,15,13,3,3,9,5,3,5,1,0,8,7,7,6,6,8,1,0,1,0,,,13,7,2,1,0,0,1,0,13,14,13,5,5,3,14,12,1,2,31,45,24.0,34.0,7.0,11.0,4.0,7.0,448,336,378.0,267.0,238,147,140,120,13.0,27.0,2.0,6.0,1.19,0.73,1.05,0.37,0.14,0.36,1.19,0.73,0.2,0.68,1,1,5,4,2,2,5,3,2,3,0.1319,0.0408,0.6802,0.4268,0.1203,0.0695,0.1898,0.0989,0.0668,0.0949,13,10,0,0,2,3,0,0,0,0,1.0462,0.3681,0.0,0.0,0.1427,0.3629,0.0,0.0,0.0,0.0,15,13,18.71,18.27
3787630,2022-09-15,usa,2022,MLS,,Joe Dickerson,1218886,Austin FC,6606,Real Salt Lake,1,3,0,45,55,14,17,3,6,5,6,6,5,2,0,11,12,3,5,3,10,3,3,1,3,,,10,15,0,0,0,0,1,3,13,8,14,7,5,5,24,22,6,0,47,38,36.0,27.0,11.0,11.0,8.0,9.0,335,409,267.0,334.0,136,130,131,204,38.0,33.0,4.0,4.0,1.96,1.27,1.68,0.96,0.28,0.31,1.96,1.27,1.83,1.13,2,0,7,9,2,3,2,3,1,2,0.5807,0.0,1.1082,0.9077,0.1201,0.1377,0.1201,0.1495,0.0305,0.071,7,14,2,0,2,3,3,0,0,0,1.0697,0.9553,0.6081,0.0,0.0923,0.3106,0.1895,0.0,0.0,0.0,14,17,15.52,16.98
3787630,2022-09-15,usa,2022,MLS,,Joe Dickerson,6606,Real Salt Lake,1218886,Austin FC,0,0,3,55,45,17,14,6,3,6,5,5,6,0,2,12,11,5,3,10,3,3,3,3,1,,,15,10,0,0,0,0,3,1,8,13,7,14,5,5,22,24,0,6,38,47,27.0,36.0,11.0,11.0,9.0,8.0,409,335,334.0,267.0,130,136,204,131,33.0,38.0,4.0,4.0,1.27,1.96,0.96,1.68,0.31,0.28,1.27,1.96,1.13,1.83,0,2,9,7,3,2,3,2,2,1,0.0,0.5807,0.9077,1.1082,0.1377,0.1201,0.1495,0.1201,0.071,0.0305,14,7,0,2,3,2,0,3,0,0,0.9553,1.0697,0.0,0.6081,0.3106,0.0923,0.0,0.1895,0.0,0.0,17,14,16.98,15.52
3787708,2022-09-15,usa,2022,MLS,,Fotis Bazakos,307691,Vancouver Whitecaps,6637,LA Galaxy,1,3,0,32,68,11,12,6,2,3,7,2,3,0,0,6,5,5,7,3,9,2,0,0,0,,,7,9,4,1,0,0,0,1,18,12,20,6,3,2,18,16,2,3,42,35,36.0,30.0,6.0,5.0,9.0,11.0,325,699,265.0,632.0,140,308,125,324,19.0,38.0,3.0,1.0,1.61,0.74,1.08,0.65,0.53,0.09,1.61,0.74,2.08,0.18,2,0,4,4,0,1,3,6,2,1,0.6544,0.0,0.8909,0.4337,0.0,0.043,0.0681,0.2276,0.024,0.0326,4,9,0,0,3,3,4,0,0,0,1.0774,0.6496,0.0,0.0,0.3449,0.0872,0.215,0.0,0.0,0.0,11,12,17.42,18.86
3787708,2022-09-15,usa,2022,MLS,,Fotis Bazakos,6637,LA Galaxy,307691,Vancouver Whitecaps,0,0,3,68,32,12,11,2,6,7,3,3,2,0,0,5,6,7,5,9,3,0,2,0,0,,,9,7,1,4,0,0,1,0,12,18,6,20,2,3,16,18,3,2,35,42,30.0,36.0,5.0,6.0,11.0,9.0,699,325,632.0,265.0,308,140,324,125,38.0,19.0,1.0,3.0,0.74,1.61,0.65,1.08,0.09,0.53,0.74,1.61,0.18,2.08,0,2,4,4,1,0,6,3,1,2,0.0,0.6544,0.4337,0.8909,0.043,0.0,0.2276,0.0681,0.0326,0.024,9,4,0,0,3,3,0,4,0,0,0.6496,1.0774,0.0,0.0,0.0872,0.3449,0.0,0.215,0.0,0.0,12,11,18.86,17.42
3787624,2022-09-17,usa,2022,MLS,,Guido Gonzalez,773958,Atlanta United,191716,Philadelphia Union,1,0,0,60,40,16,5,6,0,7,3,3,2,2,0,9,3,7,2,9,2,2,0,2,0,,,13,17,2,3,0,0,4,2,9,24,11,11,2,3,15,18,0,5,51,59,35.0,37.0,16.0,22.0,12.0,3.0,484,325,415.0,234.0,179,115,236,119,49.0,38.0,5.0,2.0,1.3,0.16,1.23,0.1,0.07,0.06,1.3,0.16,1.14,0.0,1,0,6,2,2,1,5,0,2,2,0.2734,0.0,0.7693,0.0664,0.0835,0.0371,0.1738,0.0,0.0657,0.0546,14,3,0,0,2,0,0,2,0,0,1.2984,0.1006,0.0,0.0,0.0671,0.0,0.0,0.0575,0.0,0.0,16,5,18.76,19.0
3787624,2022-09-17,usa,2022,MLS,,Guido Gonzalez,191716,Philadelphia Union,773958,Atlanta United,0,0,0,40,60,5,16,0,6,3,7,2,3,0,2,3,9,2,7,2,9,0,2,0,2,,,17,13,3,2,0,0,2,4,24,9,11,11,3,2,18,15,5,0,59,51,37.0,35.0,22.0,16.0,3.0,12.0,325,484,234.0,415.0,115,179,119,236,38.0,49.0,2.0,5.0,0.16,1.3,0.1,1.23,0.06,0.07,0.16,1.3,0.0,1.14,0,1,2,6,1,2,0,5,2,2,0.0,0.2734,0.0664,0.7693,0.0371,0.0835,0.0,0.1738,0.0546,0.0657,3,14,0,0,0,2,2,0,0,0,0.1006,1.2984,0.0,0.0,0.0,0.0671,0.0575,0.0,0.0,0.0,5,16,19.0,18.76
3787626,2022-09-17,usa,2022,MLS,,Allen Chapman,546238,New York City FC,6514,New York Red Bulls,1,2,0,56,44,5,9,3,1,2,5,0,3,0,0,3,6,2,3,6,5,2,1,0,1,,,8,19,3,4,0,0,1,3,26,30,13,10,4,0,21,11,0,1,65,61,51.0,43.0,14.0,18.0,6.0,6.0,442,346,319.0,226.0,192,105,127,121,30.0,17.0,4.0,1.0,1.01,0.73,0.11,0.58,0.91,0.15,1.01,0.73,2.1,0.92,1,0,1,6,1,0,0,2,2,1,0.5673,0.0,0.2829,0.6007,0.0745,0.0,0.0,0.1007,0.0903,0.0353,2,7,0,0,2,1,1,1,0,0,0.1098,0.6179,0.0,0.0,0.8502,0.0749,0.0549,0.0438,0.0,0.0,5,9,15.46,15.76
3787626,2022-09-17,usa,2022,MLS,,Allen Chapman,6514,New York Red Bulls,546238,New York City FC,0,0,2,44,56,9,5,1,3,5,2,3,0,0,0,6,3,3,2,5,6,1,2,1,0,,,19,8,4,3,0,0,3,1,30,26,10,13,0,4,11,21,1,0,61,65,43.0,51.0,18.0,14.0,6.0,6.0,346,442,226.0,319.0,105,192,121,127,17.0,30.0,1.0,4.0,0.73,1.01,0.58,0.11,0.15,0.91,0.73,1.01,0.92,2.1,0,1,6,1,0,1,2,0,1,2,0.0,0.5673,0.6007,0.2829,0.0,0.0745,0.1007,0.0,0.0353,0.0903,7,2,0,0,1,2,1,1,0,0,0.6179,0.1098,0.0,0.0,0.0749,0.8502,0.0438,0.0549,0.0,0.0,9,5,15.76,15.46
3787709,2022-09-17,usa,2022,MLS,,Rosendo Mendoza,6580,New England Revolution,161195,CF Montreal,1,0,1,40,60,10,18,3,3,6,10,1,5,0,0,7,14,3,4,4,14,3,1,3,0,,,15,6,0,2,0,0,2,2,8,10,13,19,5,0,17,9,2,3,19,43,16.0,33.0,3.0,10.0,2.0,9.0,356,541,278.0,468.0,155,203,123,265,17.0,34.0,4.0,9.0,0.78,1.3,0.61,0.84,0.17,0.46,0.78,1.3,1.09,1.13,0,0,4,8,3,6,1,1,2,3,0.0,0.0,0.578,0.8385,0.1372,0.3618,0.0268,0.0416,0.0411,0.0617,8,8,0,3,2,6,0,1,0,0,0.6132,0.3308,0.0,0.5107,0.1698,0.2977,0.0,0.1644,0.0,0.0,10,18,18.63,16.94
3787709,2022-09-17,usa,2022,MLS,,Rosendo Mendoza,161195,CF Montreal,6580,New England Revolution,0,1,0,60,40,18,10,3,3,10,6,5,1,0,0,14,7,4,3,14,4,1,3,0,3,,,6,15,2,0,0,0,2,2,10,8,19,13,0,5,9,17,3,2,43,19,33.0,16.0,10.0,3.0,9.0,2.0,541,356,468.0,278.0,203,155,265,123,34.0,17.0,9.0,4.0,1.3,0.78,0.84,0.61,0.46,0.17,1.3,0.78,1.13,1.09,0,0,8,4,6,3,1,1,3,2,0.0,0.0,0.8385,0.578,0.3618,0.1372,0.0416,0.0268,0.0617,0.0411,8,8,3,0,6,2,1,0,0,0,0.3308,0.6132,0.5107,0.0,0.2977,0.1698,0.1644,0.0,0.0,0.0,18,10,16.94,18.63
3787710,2022-09-17,usa,2022,MLS,,Nima Saghafi,267810,Orlando City,56453,Toronto FC,1,4,0,44,56,18,11,7,3,7,6,4,2,1,0,6,6,12,5,4,4,1,2,0,2,,,11,16,1,3,0,0,1,0,15,11,15,9,2,4,14,16,3,4,42,34,37.0,27.0,5.0,7.0,6.0,6.0,422,549,361.0,486.0,194,212,167,274,26.0,33.0,4.0,0.0,0.96,0.67,0.86,0.62,0.1,0.05,0.96,0.67,1.88,0.49,0,1,1,3,5,2,6,1,6,4,0.0,0.0768,0.0347,0.396,0.4539,0.0546,0.2676,0.0356,0.2029,0.1079,14,9,1,0,2,1,1,1,0,0,0.6803,0.6193,0.1796,0.0,0.0506,0.0193,0.0486,0.0323,0.0,0.0,18,11,21.15,19.32
3787710,2022-09-17,usa,2022,MLS,,Nima Saghafi,56453,Toronto FC,267810,Orlando City,0,0,4,56,44,11,18,3,7,6,7,2,4,0,1,6,6,5,12,4,4,2,1,2,0,,,16,11,3,1,0,0,0,1,11,15,9,15,4,2,16,14,4,3,34,42,27.0,37.0,7.0,5.0,6.0,6.0,549,422,486.0,361.0,212,194,274,167,33.0,26.0,0.0,4.0,0.67,0.96,0.62,0.86,0.05,0.1,0.67,0.96,0.49,1.88,1,0,3,1,2,5,1,6,4,6,0.0768,0.0,0.396,0.0347,0.0546,0.4539,0.0356,0.2676,0.1079,0.2029,9,14,0,1,1,2,1,1,0,0,0.6193,0.6803,0.0,0.1796,0.0193,0.0506,0.0323,0.0486,0.0,0.0,11,18,19.32,21.15
3787622,2022-09-18,usa,2022,MLS,,Marcos de Oliveira,6604,Sporting Kansas City,207242,Minnesota United,1,4,1,57,43,14,7,8,2,4,3,2,2,1,0,11,7,3,0,5,4,4,0,2,0,,,9,12,1,1,0,0,0,3,19,16,13,10,2,2,17,18,1,5,49,37,40.0,28.0,9.0,9.0,9.0,4.0,476,368,406.0,294.0,235,141,171,153,18.0,24.0,8.0,5.0,1.64,0.37,1.33,0.29,0.31,0.07,1.64,0.37,2.8,0.1,1,2,6,2,4,3,2,0,1,0,0.2553,0.0996,1.0489,0.1178,0.2273,0.1485,0.0783,0.0,0.0374,0.0,12,5,0,0,0,2,2,0,0,0,1.3365,0.2923,0.0,0.0,0.0,0.0737,0.3106,0.0,0.0,0.0,14,7,15.05,12.09
3787622,2022-09-18,usa,2022,MLS,,Marcos de Oliveira,207242,Minnesota United,6604,Sporting Kansas City,0,1,4,43,57,7,14,2,8,3,4,2,2,0,1,7,11,0,3,4,5,0,4,0,2,,,12,9,1,1,0,0,3,0,16,19,10,13,2,2,18,17,5,1,37,49,28.0,40.0,9.0,9.0,4.0,9.0,368,476,294.0,406.0,141,235,153,171,24.0,18.0,5.0,8.0,0.37,1.64,0.29,1.33,0.07,0.31,0.37,1.64,0.1,2.8,2,1,2,6,3,4,0,2,0,1,0.0996,0.2553,0.1178,1.0489,0.1485,0.2273,0.0,0.0783,0.0,0.0374,5,12,0,0,2,0,0,2,0,0,0.2923,1.3365,0.0,0.0,0.0737,0.0,0.0,0.3106,0.0,0.0,7,14,12.09,15.05
3787623,2022-09-18,usa,2022,MLS,,Tori Penso,6397,Chicago Fire FC,1323940,Charlotte FC,1,2,3,40,60,14,14,4,6,4,6,6,2,0,2,8,12,6,2,4,4,2,5,2,3,,,23,13,2,4,0,0,1,4,18,14,12,8,2,5,19,11,3,2,51,55,35.0,44.0,16.0,11.0,5.0,8.0,341,514,271.0,428.0,121,267,150,161,29.0,21.0,2.0,5.0,1.66,2.22,1.28,1.3,0.38,0.91,1.66,2.22,1.11,3.26,2,3,5,7,1,2,6,2,0,0,0.4313,0.5336,0.8867,1.5537,0.0277,0.0812,0.3143,0.1091,0.0,0.0,9,5,0,0,2,3,3,6,0,0,1.2757,1.3263,0.0,0.0,0.2625,0.4013,0.1218,0.5501,0.0,0.0,14,14,17.4,12.02
3787623,2022-09-18,usa,2022,MLS,,Tori Penso,1323940,Charlotte FC,6397,Chicago Fire FC,0,3,2,60,40,14,14,6,4,6,4,2,6,2,0,12,8,2,6,4,4,5,2,3,2,,,13,23,4,2,0,0,4,1,14,18,8,12,5,2,11,19,2,3,55,51,44.0,35.0,11.0,16.0,8.0,5.0,514,341,428.0,271.0,267,121,161,150,21.0,29.0,5.0,2.0,2.22,1.66,1.3,1.28,0.91,0.38,2.22,1.66,3.26,1.11,3,2,7,5,2,1,2,6,0,0,0.5336,0.4313,1.5537,0.8867,0.0812,0.0277,0.1091,0.3143,0.0,0.0,5,9,0,0,3,2,6,3,0,0,1.3263,1.2757,0.0,0.0,0.4013,0.2625,0.5501,0.1218,0.0,0.0,14,14,12.02,17.4
3787625,2022-09-18,usa,2022,MLS,,Drew Fischer,6603,San Jose Earthquakes,6399,FC Dallas,1,1,1,55,45,19,9,3,3,13,4,3,2,1,0,10,6,9,3,5,5,1,1,0,1,,,13,18,1,4,0,1,2,0,14,20,20,11,3,3,13,19,1,2,52,46,40.0,41.0,12.0,5.0,9.0,8.0,477,397,408.0,317.0,222,188,186,129,23.0,23.0,5.0,0.0,1.79,1.06,0.66,0.97,0.34,0.09,1.0,1.06,1.19,0.55,0,1,9,4,1,1,7,3,2,0,0.0,0.2914,1.3331,0.6011,0.0647,0.0619,0.3114,0.1036,0.0762,0.0,11,7,0,0,4,2,3,0,1,0,0.6595,0.9706,0.0,0.0,0.1978,0.0875,0.1399,0.0,0.7884,0.0,19,9,18.76,16.09
3787625,2022-09-18,usa,2022,MLS,,Drew Fischer,6399,FC Dallas,6603,San Jose Earthquakes,0,1,1,45,55,9,19,3,3,4,13,2,3,0,1,6,10,3,9,5,5,1,1,1,0,,,18,13,4,1,1,0,0,2,20,14,11,20,3,3,19,13,2,1,46,52,41.0,40.0,5.0,12.0,8.0,9.0,397,477,317.0,408.0,188,222,129,186,23.0,23.0,0.0,5.0,1.06,1.79,0.97,0.66,0.09,0.34,1.06,1.0,0.55,1.19,1,0,4,9,1,1,3,7,0,2,0.2914,0.0,0.6011,1.3331,0.0619,0.0647,0.1036,0.3114,0.0,0.0762,7,11,0,0,2,4,0,3,0,1,0.9706,0.6595,0.0,0.0,0.0875,0.1978,0.0,0.1399,0.0,0.7884,9,19,16.09,18.76
3787680,2022-09-18,usa,2022,MLS,,Ismail Elfath,6602,DC United,960720,Inter Miami CF,1,2,3,42,58,17,8,5,5,6,2,6,1,0,0,9,5,8,3,5,5,1,3,0,0,26,21,11,9,2,3,0,0,0,3,14,22,12,4,1,5,11,18,2,3,40,53,29.0,39.0,11.0,14.0,7.0,6.0,351,486,282.0,404.0,122,236,160,168,20.0,30.0,3.0,4.0,0.82,1.19,0.67,0.79,0.16,0.4,0.82,1.19,1.72,1.98,0,1,7,3,2,1,5,3,3,0,0.0,0.413,0.4791,0.6246,0.1029,0.0441,0.1348,0.1078,0.1077,0.0,12,7,1,0,1,1,3,0,0,0,0.6021,0.793,0.0672,0.0,0.02,0.3965,0.1352,0.0,0.0,0.0,17,8,20.12,14.9
3787680,2022-09-18,usa,2022,MLS,,Ismail Elfath,960720,Inter Miami CF,6602,DC United,0,3,2,58,42,8,17,5,5,2,6,1,6,0,0,5,9,3,8,5,5,3,1,0,0,21,26,9,11,3,2,0,0,3,0,22,14,4,12,5,1,18,11,3,2,53,40,39.0,29.0,14.0,11.0,6.0,7.0,486,351,404.0,282.0,236,122,168,160,30.0,20.0,4.0,3.0,1.19,0.82,0.79,0.67,0.4,0.16,1.19,0.82,1.98,1.72,1,0,3,7,1,2,3,5,0,3,0.413,0.0,0.6246,0.4791,0.0441,0.1029,0.1078,0.1348,0.0,0.1077,7,12,0,1,1,1,0,3,0,0,0.793,0.6021,0.0,0.0672,0.3965,0.02,0.0,0.1352,0.0,0.0,8,17,14.9,20.12
3787681,2022-09-18,usa,2022,MLS,,Víctor Rivas,6001,Columbus Crew,307690,Portland Timbers,1,1,1,53,47,15,9,4,3,7,4,4,2,0,0,5,7,10,2,3,8,2,1,1,1,,,7,21,3,4,0,0,5,0,24,22,12,4,2,4,20,19,2,3,74,50,61.0,36.0,13.0,14.0,17.0,7.0,389,339,314.0,259.0,117,106,197,153,23.0,25.0,2.0,3.0,1.06,0.8,1.0,0.6,0.07,0.2,1.06,0.8,1.31,1.02,0,1,3,5,2,1,7,2,3,0,0.0,0.0324,0.425,0.6018,0.2844,0.052,0.2773,0.1099,0.0757,0.0,12,6,1,0,1,2,1,1,0,0,0.9344,0.5979,0.0613,0.0,0.0251,0.1658,0.0416,0.0324,0.0,0.0,15,9,20.77,14.18
3787681,2022-09-18,usa,2022,MLS,,Víctor Rivas,307690,Portland Timbers,6001,Columbus Crew,0,1,1,47,53,9,15,3,4,4,7,2,4,0,0,7,5,2,10,8,3,1,2,1,1,,,21,7,4,3,0,0,0,5,22,24,4,12,4,2,19,20,3,2,50,74,36.0,61.0,14.0,13.0,7.0,17.0,339,389,259.0,314.0,106,117,153,197,25.0,23.0,3.0,2.0,0.8,1.06,0.6,1.0,0.2,0.07,0.8,1.06,1.02,1.31,1,0,5,3,1,2,2,7,0,3,0.0324,0.0,0.6018,0.425,0.052,0.2844,0.1099,0.2773,0.0,0.0757,6,12,0,1,2,1,1,1,0,0,0.5979,0.9344,0.0,0.0613,0.1658,0.0251,0.0324,0.0416,0.0,0.0,9,15,14.18,20.77
3787682,2022-09-18,usa,2022,MLS,,Joe Dickerson,6637,LA Galaxy,8314,Colorado Rapids,1,4,1,51,49,20,15,12,6,4,8,4,1,0,0,11,9,9,6,3,8,4,3,2,2,,,12,15,1,5,1,0,1,1,16,11,10,13,1,4,19,8,5,8,42,36,34.0,29.0,8.0,7.0,4.0,8.0,434,389,374.0,344.0,229,164,145,180,22.0,24.0,3.0,4.0,1.87,1.14,1.68,1.09,0.18,0.06,1.87,1.14,3.3,1.27,1,0,5,7,5,2,7,5,2,1,0.4044,0.0,0.7148,0.7951,0.2656,0.1225,0.4798,0.2091,0.058,0.0162,16,12,1,0,1,2,2,1,0,0,1.5161,1.0861,0.2227,0.0,0.0259,0.0416,0.1579,0.0153,0.0,0.0,20,15,17.69,17.0
3787682,2022-09-18,usa,2022,MLS,,Joe Dickerson,8314,Colorado Rapids,6637,LA Galaxy,0,1,4,49,51,15,20,6,12,8,4,1,4,0,0,9,11,6,9,8,3,3,4,2,2,,,15,12,5,1,0,1,1,1,11,16,13,10,4,1,8,19,8,5,36,42,29.0,34.0,7.0,8.0,8.0,4.0,389,434,344.0,374.0,164,229,180,145,24.0,22.0,4.0,3.0,1.14,1.87,1.09,1.68,0.06,0.18,1.14,1.87,1.27,3.3,0,1,7,5,2,5,5,7,1,2,0.0,0.4044,0.7951,0.7148,0.1225,0.2656,0.2091,0.4798,0.0162,0.058,12,16,0,1,2,1,1,2,0,0,1.0861,1.5161,0.0,0.2227,0.0416,0.0259,0.0153,0.1579,0.0,0.0,15,20,17.0,17.69
3787683,2022-09-18,usa,2022,MLS,,Chris Penso,6606,Real Salt Lake,722265,FC Cincinnati,1,1,2,59,41,18,8,8,3,6,4,4,1,0,1,11,6,7,2,6,4,3,0,2,0,,,6,12,1,1,0,0,0,2,10,13,7,11,1,4,9,22,1,7,37,41,32.0,30.0,5.0,11.0,10.0,11.0,479,340,404.0,262.0,218,113,186,149,46.0,16.0,7.0,7.0,1.64,0.59,0.48,0.53,0.37,0.06,0.86,0.59,2.3,0.13,0,1,7,2,4,3,3,2,4,0,0.0,0.0606,1.2865,0.3671,0.1877,0.1174,0.0644,0.045,0.1063,0.0,12,7,0,0,4,1,1,0,1,0,0.4823,0.5296,0.0,0.0,0.2785,0.0606,0.0956,0.0,0.7884,0.0,18,8,18.34,17.03
3787683,2022-09-18,usa,2022,MLS,,Chris Penso,722265,FC Cincinnati,6606,Real Salt Lake,0,2,1,41,59,8,18,3,8,4,6,1,4,1,0,6,11,2,7,4,6,0,3,0,2,,,12,6,1,1,0,0,2,0,13,10,11,7,4,1,22,9,7,1,41,37,30.0,32.0,11.0,5.0,11.0,10.0,340,479,262.0,404.0,113,218,149,186,16.0,46.0,7.0,7.0,0.59,1.64,0.53,0.48,0.06,0.37,0.59,0.86,0.13,2.3,1,0,2,7,3,4,2,3,0,4,0.0606,0.0,0.3671,1.2865,0.1174,0.1877,0.045,0.0644,0.0,0.1063,7,12,0,0,1,4,0,1,0,1,0.5296,0.4823,0.0,0.0,0.0606,0.2785,0.0,0.0956,0.0,0.7884,8,18,17.03,18.34
3787684,2022-09-18,usa,2022,MLS,,Lukasz Szpala,1218886,Austin FC,915807,Nashville SC,1,1,1,53,47,9,14,3,1,4,4,2,9,1,1,5,6,4,8,5,3,1,1,0,0,,,9,8,0,0,0,0,0,1,10,15,11,7,9,2,18,19,0,1,40,46,22.0,28.0,18.0,18.0,4.0,4.0,359,313,289.0,238.0,151,129,138,109,36.0,29.0,6.0,8.0,0.87,1.4,0.33,0.47,0.54,0.14,0.87,0.61,0.69,0.99,1,0,3,2,1,4,3,6,1,2,0.3043,0.0,0.2352,0.8622,0.1152,0.3306,0.1872,0.1675,0.0295,0.0388,5,8,0,1,4,2,0,2,0,1,0.3319,0.3095,0.0,0.1601,0.5395,0.0881,0.0,0.053,0.0,0.7884,9,14,17.61,21.55
3787684,2022-09-18,usa,2022,MLS,,Lukasz Szpala,915807,Nashville SC,1218886,Austin FC,0,1,1,47,53,14,9,1,3,4,4,9,2,1,1,6,5,8,4,3,5,1,1,0,0,,,8,9,0,0,0,0,1,0,15,10,7,11,2,9,19,18,1,0,46,40,28.0,22.0,18.0,18.0,4.0,4.0,313,359,238.0,289.0,129,151,109,138,29.0,36.0,8.0,6.0,1.4,0.87,0.47,0.33,0.14,0.54,0.61,0.87,0.99,0.69,0,1,2,3,4,1,6,3,2,1,0.0,0.3043,0.8622,0.2352,0.3306,0.1152,0.1675,0.1872,0.0388,0.0295,8,5,1,0,2,4,2,0,1,0,0.3095,0.3319,0.1601,0.0,0.0881,0.5395,0.053,0.0,0.7884,0.0,14,9,21.55,17.61
3787711,2022-09-18,usa,2022,MLS,,Ramy Touchan,307691,Vancouver Whitecaps,130394,Seattle Sounders FC,1,2,1,34,66,11,15,5,4,4,7,2,4,1,0,5,10,6,5,4,9,2,0,1,0,,,11,11,1,2,0,0,2,3,22,6,13,13,3,2,20,17,2,3,54,44,40.0,22.0,14.0,22.0,8.0,5.0,306,597,227.0,516.0,119,232,108,284,12.0,31.0,3.0,13.0,1.21,0.66,0.96,0.38,0.25,0.27,1.21,0.66,1.9,0.62,3,0,1,10,1,0,5,3,1,2,0.8041,0.0,0.2349,0.556,0.0353,0.0,0.2033,0.058,0.0343,0.0413,9,8,0,0,1,6,1,1,0,0,1.1923,0.3804,0.0,0.0,0.0907,0.258,0.0289,0.0169,0.0,0.0,11,15,17.61,16.9
3787711,2022-09-18,usa,2022,MLS,,Ramy Touchan,130394,Seattle Sounders FC,307691,Vancouver Whitecaps,0,1,2,66,34,15,11,4,5,7,4,4,2,0,1,10,5,5,6,9,4,0,2,0,1,,,11,11,2,1,0,0,3,2,6,22,13,13,2,3,17,20,3,2,44,54,22.0,40.0,22.0,14.0,5.0,8.0,597,306,516.0,227.0,232,119,284,108,31.0,12.0,13.0,3.0,0.66,1.21,0.38,0.96,0.27,0.25,0.66,1.21,0.62,1.9,0,3,10,1,0,1,3,5,2,1,0.0,0.8041,0.556,0.2349,0.0,0.0353,0.058,0.2033,0.0413,0.0343,8,9,0,0,6,1,1,1,0,0,0.3804,1.1923,0.0,0.0,0.258,0.0907,0.0169,0.0289,0.0,0.0,15,11,16.9,17.61
3787679,2022-09-19,usa,2022,MLS,,Kevin Stott,867280,Los Angeles FC,8259,Houston Dynamo FC,1,3,1,49,51,19,10,7,1,6,7,6,2,1,2,9,6,10,4,4,7,3,2,1,1,,,15,14,0,1,0,0,5,1,13,20,14,10,2,5,19,8,0,4,43,62,38.0,54.0,5.0,8.0,12.0,19.0,447,455,366.0,371.0,189,229,177,142,25.0,43.0,2.0,2.0,3.05,0.88,1.33,0.56,0.14,0.31,1.47,0.88,2.59,0.46,0,0,8,5,1,1,8,3,2,1,0.0,0.0,2.2755,0.7347,0.2664,0.0256,0.4942,0.083,0.0595,0.0329,14,5,0,1,3,2,0,2,2,0,1.3782,0.5391,0.0,0.0256,0.1406,0.1358,0.0,0.1758,1.5768,0.0,19,10,17.75,19.03
3787679,2022-09-19,usa,2022,MLS,,Kevin Stott,8259,Houston Dynamo FC,867280,Los Angeles FC,0,1,3,51,49,10,19,1,7,7,6,2,6,2,1,6,9,4,10,7,4,2,3,1,1,,,14,15,1,0,0,0,1,5,20,13,10,14,5,2,8,19,4,0,62,43,54.0,38.0,8.0,5.0,19.0,12.0,455,447,371.0,366.0,229,189,142,177,43.0,25.0,2.0,2.0,0.88,3.05,0.56,1.33,0.31,0.14,0.88,1.47,0.46,2.59,0,0,5,8,1,1,3,8,1,2,0.0,0.0,0.7347,2.2755,0.0256,0.2664,0.083,0.4942,0.0329,0.0595,5,14,1,0,2,3,2,0,0,2,0.5391,1.3782,0.0256,0.0,0.1358,0.1406,0.1758,0.0,0.0,1.5768,10,19,19.03,17.75
3787415,2022-09-25,usa,2022,MLS,,,6603,San Jose Earthquakes,6637,LA Galaxy,1,2,3,45,55,13,11,3,4,9,7,1,0,0,0,8,6,5,5,4,6,1,3,0,2,20,19,13,9,3,3,0,0,1,1,13,22,11,8,0,1,10,12,1,1,42,55,34.0,47.0,8.0,8.0,12.0,13.0,474,581,413.0,526.0,233,288,180,238,19.0,40.0,5.0,2.0,1.83,1.48,0.77,1.43,0.27,0.06,1.04,1.48,1.11,1.24,2,0,5,5,1,1,3,4,2,1,0.3479,0.0,1.1732,0.9258,0.1021,0.2694,0.15,0.2545,0.0529,0.035,7,10,0,0,4,1,1,0,1,0,0.7687,1.4282,0.0,0.0,0.2417,0.0565,0.0273,0.0,0.7884,0.0,13,11,15.35,17.47
3787415,2022-09-25,usa,2022,MLS,,,6637,LA Galaxy,6603,San Jose Earthquakes,0,3,2,55,45,11,13,4,3,7,9,0,1,0,0,6,8,5,5,6,4,3,1,2,0,19,20,9,13,3,3,0,0,1,1,22,13,8,11,1,0,12,10,1,1,55,42,47.0,34.0,8.0,8.0,13.0,12.0,581,474,526.0,413.0,288,233,238,180,40.0,19.0,2.0,5.0,1.48,1.83,1.43,0.77,0.06,0.27,1.48,1.04,1.24,1.11,0,2,5,5,1,1,4,3,1,2,0.0,0.3479,0.9258,1.1732,0.2694,0.1021,0.2545,0.15,0.035,0.0529,10,7,0,0,1,4,0,1,0,1,1.4282,0.7687,0.0,0.0,0.0565,0.2417,0.0,0.0273,0.0,0.7884,11,13,17.47,15.35
3787308,2022-09-28,usa,2022,MLS,,Rubiel Vazquez,130394,Seattle Sounders FC,722265,FC Cincinnati,1,1,1,53,47,9,11,4,2,3,7,2,2,0,0,3,8,6,3,4,2,1,3,1,2,14,19,12,19,2,2,1,0,2,1,21,27,16,19,2,2,9,21,1,3,59,64,48.0,50.0,11.0,14.0,10.0,11.0,492,448,403.0,351.0,220,186,183,165,25.0,40.0,3.0,4.0,0.36,1.98,0.29,1.55,0.06,0.43,0.36,1.98,0.55,1.07,0,2,2,5,1,1,4,3,2,0,0.0,0.9459,0.1138,0.7431,0.0239,0.0357,0.1247,0.2559,0.096,0.0,7,8,0,0,0,1,2,2,0,0,0.2946,1.547,0.0,0.0,0.0,0.2384,0.0637,0.1952,0.0,0.0,9,11,21.99,14.26
3787308,2022-09-28,usa,2022,MLS,,Rubiel Vazquez,722265,FC Cincinnati,130394,Seattle Sounders FC,0,1,1,47,53,11,9,2,4,7,3,2,2,0,0,8,3,3,6,2,4,3,1,2,1,19,14,19,12,2,2,0,1,1,2,27,21,19,16,2,2,21,9,3,1,64,59,50.0,48.0,14.0,11.0,11.0,10.0,448,492,351.0,403.0,186,220,165,183,40.0,25.0,4.0,3.0,1.98,0.36,1.55,0.29,0.43,0.06,1.98,0.36,1.07,0.55,2,0,5,2,1,1,3,4,0,2,0.9459,0.0,0.7431,0.1138,0.0357,0.0239,0.2559,0.1247,0.0,0.096,8,7,0,0,1,0,2,2,0,0,1.547,0.2946,0.0,0.0,0.2384,0.0,0.1952,0.0637,0.0,0.0,11,9,14.26,21.99
3787712,2022-09-30,usa,2022,MLS,,Silviu Petrescu,56453,Toronto FC,960720,Inter Miami CF,1,0,1,41,59,11,14,3,5,5,5,3,4,0,1,6,8,5,6,3,3,2,3,2,2,17,21,6,15,3,2,0,0,0,3,15,17,13,8,4,3,16,12,4,3,44,33,38.0,27.0,6.0,6.0,8.0,4.0,374,539,297.0,462.0,145,221,152,241,33.0,30.0,1.0,4.0,0.94,1.13,0.94,1.07,0.0,0.06,0.94,1.13,0.69,1.56,0,0,3,4,3,4,3,4,2,2,0.0,0.0,0.4528,0.6892,0.2707,0.1934,0.1526,0.2015,0.0665,0.0776,10,13,1,0,0,0,0,1,0,0,0.8543,1.1012,0.0882,0.0,0.0,0.0,0.0,0.0606,0.0,0.0,11,14,18.7,19.4
3787712,2022-09-30,usa,2022,MLS,,Silviu Petrescu,960720,Inter Miami CF,56453,Toronto FC,0,1,0,59,41,14,11,5,3,5,5,4,3,1,0,8,6,6,5,3,3,3,2,2,2,21,17,15,6,2,3,0,0,3,0,17,15,8,13,3,4,12,16,3,4,33,44,27.0,38.0,6.0,6.0,4.0,8.0,539,374,462.0,297.0,221,145,241,152,30.0,33.0,4.0,1.0,1.13,0.94,1.07,0.94,0.06,0.0,1.13,0.94,1.56,0.69,0,0,4,3,4,3,4,3,2,2,0.0,0.0,0.6892,0.4528,0.1934,0.2707,0.2015,0.1526,0.0776,0.0665,13,10,0,1,0,0,1,0,0,0,1.1012,0.8543,0.0,0.0882,0.0,0.0,0.0606,0.0,0.0,0.0,14,11,19.4,18.7
3787677,2022-10-01,usa,2022,MLS,,Armando Villarreal,6580,New England Revolution,773958,Atlanta United,1,2,1,38,62,16,19,5,4,8,8,3,7,2,0,13,10,3,9,5,6,4,1,2,1,30,30,8,9,2,2,0,0,0,1,22,14,9,10,6,4,21,13,3,2,39,38,35.0,30.0,4.0,8.0,6.0,9.0,353,597,291.0,522.0,113,229,178,293,27.0,23.0,5.0,6.0,2.69,1.26,1.65,1.2,0.26,0.06,1.91,1.26,1.84,0.44,1,1,7,7,5,2,1,5,2,4,0.231,0.0434,1.8416,0.802,0.5491,0.0903,0.0195,0.2426,0.0534,0.0837,9,17,1,0,3,2,2,0,1,0,1.2942,1.2028,0.356,0.0,0.1466,0.0592,0.1093,0.0,0.7884,0.0,16,19,15.1,18.8
3787677,2022-10-01,usa,2022,MLS,,Armando Villarreal,773958,Atlanta United,6580,New England Revolution,0,1,2,62,38,19,16,4,5,8,8,7,3,0,2,10,13,9,3,6,5,1,4,1,2,30,30,9,8,2,2,0,0,1,0,14,22,10,9,4,6,13,21,2,3,38,39,30.0,35.0,8.0,4.0,9.0,6.0,597,353,522.0,291.0,229,113,293,178,23.0,27.0,6.0,5.0,1.26,2.69,1.2,1.65,0.06,0.26,1.26,1.91,0.44,1.84,1,1,7,7,2,5,5,1,4,2,0.0434,0.231,0.802,1.8416,0.0903,0.5491,0.2426,0.0195,0.0837,0.0534,17,9,0,1,2,3,0,2,0,1,1.2028,1.2942,0.0,0.356,0.0592,0.1466,0.0,0.1093,0.0,0.7884,19,16,18.8,15.1
3787685,2022-10-01,usa,2022,MLS,,Chris Penso,8314,Colorado Rapids,6399,FC Dallas,1,1,0,42,58,12,11,6,2,3,5,3,4,0,1,8,5,4,6,3,4,1,3,1,3,21,20,14,5,2,1,1,0,0,2,13,6,7,6,5,3,22,14,1,5,36,29,23.0,21.0,13.0,8.0,5.0,2.0,378,535,310.0,448.0,173,296,137,152,30.0,31.0,2.0,1.0,0.59,0.79,0.55,0.67,0.04,0.12,0.59,0.79,0.61,0.26,0,1,5,2,3,2,2,4,2,2,0.0,0.2299,0.423,0.2036,0.0866,0.2416,0.0474,0.0965,0.0303,0.0654,11,6,0,0,0,4,1,1,0,0,0.5467,0.7181,0.0,0.0,0.0,0.1017,0.0406,0.0172,0.0,0.0,12,11,19.05,20.86
3787685,2022-10-01,usa,2022,MLS,,Chris Penso,6399,FC Dallas,8314,Colorado Rapids,0,0,1,58,42,11,12,2,6,5,3,4,3,1,0,5,8,6,4,4,3,3,1,3,1,20,21,5,14,1,2,0,1,2,0,6,13,6,7,3,5,14,22,5,1,29,36,21.0,23.0,8.0,13.0,2.0,5.0,535,378,448.0,310.0,296,173,152,137,31.0,30.0,1.0,2.0,0.79,0.59,0.67,0.55,0.12,0.04,0.79,0.59,0.26,0.61,1,0,2,5,2,3,4,2,2,2,0.2299,0.0,0.2036,0.423,0.2416,0.0866,0.0965,0.0474,0.0654,0.0303,6,11,0,0,4,0,1,1,0,0,0.7181,0.5467,0.0,0.0,0.1017,0.0,0.0172,0.0406,0.0,0.0,11,12,20.86,19.05
3787686,2022-10-01,usa,2022,MLS,,Jon Freemon,1323940,Charlotte FC,191716,Philadelphia Union,1,4,0,52,48,10,12,4,1,2,6,4,5,0,0,7,10,3,2,6,5,3,0,0,0,35,25,19,18,1,1,0,1,2,2,9,18,11,11,4,3,17,15,1,0,48,61,33.0,42.0,15.0,19.0,7.0,6.0,422,376,338.0,283.0,152,148,186,135,29.0,27.0,3.0,5.0,2.95,0.85,2.16,0.62,0.0,0.23,2.16,0.85,3.0,0.03,2,0,5,8,0,2,3,2,0,0,1.4742,0.0,1.3132,0.6084,0.0,0.1531,0.1659,0.0318,0.0,0.0,9,7,0,0,0,4,0,1,1,0,2.1649,0.4953,0.0,0.0,0.0,0.2788,0.0,0.0192,0.7884,0.0,10,12,12.92,15.61
3787686,2022-10-01,usa,2022,MLS,,Jon Freemon,191716,Philadelphia Union,1323940,Charlotte FC,0,0,4,48,52,12,10,1,4,6,2,5,4,0,0,10,7,2,3,5,6,0,3,0,0,25,35,18,19,1,1,1,0,2,2,18,9,11,11,3,4,15,17,0,1,61,48,42.0,33.0,19.0,15.0,6.0,7.0,376,422,283.0,338.0,148,152,135,186,27.0,29.0,5.0,3.0,0.85,2.95,0.62,2.16,0.23,0.0,0.85,2.16,0.03,3.0,0,2,8,5,2,0,2,3,0,0,0.0,1.4742,0.6084,1.3132,0.1531,0.0,0.0318,0.1659,0.0,0.0,7,9,0,0,4,0,1,0,0,1,0.4953,2.1649,0.0,0.0,0.2788,0.0,0.0192,0.0,0.0,0.7884,12,10,15.61,12.92
3787692,2022-10-01,usa,2022,MLS,,Marcos de Oliveira,6001,Columbus Crew,6514,New York Red Bulls,1,2,1,69,31,9,10,4,3,3,5,2,2,0,1,6,3,3,7,4,4,3,0,2,0,11,11,12,22,2,2,0,0,1,0,12,24,3,14,2,2,22,8,3,2,70,62,35.0,38.0,35.0,24.0,4.0,2.0,494,215,383.0,110.0,213,45,170,65,40.0,13.0,1.0,3.0,1.11,0.48,1.07,0.11,0.04,0.37,1.11,0.48,1.97,0.32,1,0,2,2,3,1,1,6,2,1,0.5405,0.0,0.2753,0.2232,0.273,0.0151,0.0294,0.1737,0.0616,0.0667,8,6,0,0,0,2,1,2,0,0,1.1411,0.1754,0.0,0.0,0.0,0.1167,0.0388,0.1866,0.0,0.0,9,10,16.98,20.64
3787692,2022-10-01,usa,2022,MLS,,Marcos de Oliveira,6514,New York Red Bulls,6001,Columbus Crew,0,1,2,31,69,10,9,3,4,5,3,2,2,1,0,3,6,7,3,4,4,0,3,0,2,11,11,22,12,2,2,0,0,0,1,24,12,14,3,2,2,8,22,2,3,62,70,38.0,35.0,24.0,35.0,2.0,4.0,215,494,110.0,383.0,45,213,65,170,13.0,40.0,3.0,1.0,0.48,1.11,0.11,1.07,0.37,0.04,0.48,1.11,0.32,1.97,0,1,2,2,1,3,6,1,1,2,0.0,0.5405,0.2232,0.2753,0.0151,0.273,0.1737,0.0294,0.0667,0.0616,6,8,0,0,2,0,2,1,0,0,0.1754,1.1411,0.0,0.0,0.1167,0.0,0.1866,0.0388,0.0,0.0,10,9,20.64,16.98
3787693,2022-10-01,usa,2022,MLS,,Lukasz Szpala,722265,FC Cincinnati,6397,Chicago Fire FC,1,2,3,53,47,18,12,4,6,12,5,2,1,0,0,17,8,1,4,7,5,6,4,5,1,32,25,11,13,2,3,1,0,3,0,28,24,6,13,1,2,8,22,3,2,70,62,50.0,44.0,20.0,18.0,9.0,9.0,385,355,289.0,262.0,138,96,151,166,28.0,20.0,6.0,10.0,2.48,1.61,2.18,1.56,0.3,0.05,2.48,1.61,2.12,2.58,2,0,13,8,2,0,1,3,0,1,0.6123,0.0,1.811,1.2004,0.1385,0.0,0.0776,0.3702,0.0,0.0365,13,9,0,2,2,1,3,0,0,0,2.3365,1.0265,0.0,0.5353,0.1077,0.0453,0.1953,0.0,0.0,0.0,18,12,11.44,15.22
3787693,2022-10-01,usa,2022,MLS,,Lukasz Szpala,6397,Chicago Fire FC,722265,FC Cincinnati,0,3,2,47,53,12,18,6,4,5,12,1,2,0,0,8,17,4,1,5,7,4,6,1,5,25,32,13,11,3,2,0,1,0,3,24,28,13,6,2,1,22,8,2,3,62,70,44.0,50.0,18.0,20.0,9.0,9.0,355,385,262.0,289.0,96,138,166,151,20.0,28.0,10.0,6.0,1.61,2.48,1.56,2.18,0.05,0.3,1.61,2.48,2.58,2.12,0,2,8,13,0,2,3,1,1,0,0.0,0.6123,1.2004,1.811,0.0,0.1385,0.3702,0.0776,0.0365,0.0,9,13,2,0,1,2,0,3,0,0,1.0265,2.3365,0.5353,0.0,0.0453,0.1077,0.0,0.1953,0.0,0.0,12,18,15.22,11.44
3787713,2022-10-01,usa,2022,MLS,,Ramy Touchan,161195,CF Montreal,6602,DC United,1,1,0,65,35,12,6,3,3,,,,,,,,,,,2,3,,,,,,,,,,,,,,,,,,,,,,,,,,,,,,,,,,,,,,,,,,,,,,,,,,,,,,,0,1,8,4,0,1,4,0,1,0,0.0,0.0834,1.7598,0.3713,0.0,0.1153,0.224,0.0,0.0384,0.0,10,4,2,0,0,2,0,0,1,0,1.0725,0.4834,0.1614,0.0,0.0,0.0865,0.0,0.0,0.7884,0.0,13,6,16.43,11.82
3787713,2022-10-01,usa,2022,MLS,,Ramy Touchan,6602,DC United,161195,CF Montreal,0,0,1,35,65,6,12,3,3,,,,,,,,,,,3,2,,,,,,,,,,,,,,,,,,,,,,,,,,,,,,,,,,,,,,,,,,,,,,,,,,,,,,,1,0,4,8,1,0,0,4,0,1,0.0834,0.0,0.3713,1.7598,0.1153,0.0,0.0,0.224,0.0,0.0384,4,10,0,2,2,0,0,0,0,1,0.4834,1.0725,0.0,0.1614,0.0865,0.0,0.0,0.0,0.0,0.7884,6,13,11.82,16.43
3787678,2022-10-02,usa,2022,MLS,,Nima Saghafi,6603,San Jose Earthquakes,207242,Minnesota United,1,2,0,55,45,18,16,6,2,8,12,4,2,0,0,9,5,9,11,7,6,1,1,1,1,37,16,11,9,4,3,0,0,2,1,11,15,17,13,2,4,13,21,2,4,32,39,27.0,31.0,5.0,8.0,7.0,6.0,477,392,404.0,312.0,179,117,225,195,26.0,29.0,4.0,3.0,1.66,1.19,1.51,1.01,0.15,0.19,1.66,1.19,1.2,0.42,1,1,6,2,2,2,8,5,1,6,0.3107,0.6903,0.4854,0.088,0.4435,0.1388,0.3807,0.1582,0.0372,0.1853,16,11,0,0,1,3,1,2,0,0,1.5101,1.0364,0.0,0.0,0.0425,0.1487,0.1049,0.0756,0.0,0.0,18,16,19.1,21.41
3787678,2022-10-02,usa,2022,MLS,,Nima Saghafi,207242,Minnesota United,6603,San Jose Earthquakes,0,0,2,45,55,16,18,2,6,12,8,2,4,0,0,5,9,11,9,6,7,1,1,1,1,16,37,9,11,3,4,0,0,1,2,15,11,13,17,4,2,21,13,4,2,39,32,31.0,27.0,8.0,5.0,6.0,7.0,392,477,312.0,404.0,117,179,195,225,29.0,26.0,3.0,4.0,1.19,1.66,1.01,1.51,0.19,0.15,1.19,1.66,0.42,1.2,1,1,2,6,2,2,5,8,6,1,0.6903,0.3107,0.088,0.4854,0.1388,0.4435,0.1582,0.3807,0.1853,0.0372,11,16,0,0,3,1,2,1,0,0,1.0364,1.5101,0.0,0.0,0.1487,0.0425,0.0756,0.1049,0.0,0.0,16,18,21.41,19.1
3787689,2022-10-02,usa,2022,MLS,,Ted Unkel,6604,Sporting Kansas City,130394,Seattle Sounders FC,1,1,0,51,49,16,10,11,1,2,6,3,3,0,0,10,7,6,3,5,3,3,2,2,2,25,21,7,13,1,2,0,0,0,1,18,15,5,11,3,3,18,15,1,10,46,36,34.0,26.0,12.0,10.0,3.0,4.0,479,449,406.0,380.0,234,191,172,189,38.0,21.0,6.0,5.0,1.68,1.06,1.64,1.03,0.04,0.03,1.68,1.06,2.5,0.1,1,0,6,4,3,3,4,1,2,2,0.4122,0.0,0.8834,0.7723,0.2224,0.1956,0.1724,0.0294,0.0535,0.0641,13,9,2,0,1,1,0,0,0,0,1.5641,1.0299,0.1423,0.0,0.0375,0.0315,0.0,0.0,0.0,0.0,16,10,17.19,15.97
3787689,2022-10-02,usa,2022,MLS,,Ted Unkel,130394,Seattle Sounders FC,6604,Sporting Kansas City,0,0,1,49,51,10,16,1,11,6,2,3,3,0,0,7,10,3,6,3,5,2,3,2,2,21,25,13,7,2,1,0,0,1,0,15,18,11,5,3,3,15,18,10,1,36,46,26.0,34.0,10.0,12.0,4.0,3.0,449,479,380.0,406.0,191,234,189,172,21.0,38.0,5.0,6.0,1.06,1.68,1.03,1.64,0.03,0.04,1.06,1.68,0.1,2.5,0,1,4,6,3,3,1,4,2,2,0.0,0.4122,0.7723,0.8834,0.1956,0.2224,0.0294,0.1724,0.0641,0.0535,9,13,0,2,1,1,0,0,0,0,1.0299,1.5641,0.0,0.1423,0.0315,0.0375,0.0,0.0,0.0,0.0,10,16,15.97,17.19
3787690,2022-10-02,usa,2022,MLS,,Ismail Elfath,307690,Portland Timbers,867280,Los Angeles FC,1,1,2,52,48,14,9,7,8,5,0,2,1,1,0,7,8,7,1,6,5,1,3,0,2,36,28,15,14,2,2,0,0,0,3,20,19,4,16,1,2,18,36,5,6,59,66,46.0,38.0,13.0,28.0,12.0,5.0,390,368,293.0,286.0,109,127,184,159,28.0,33.0,7.0,2.0,1.17,1.05,0.91,0.99,0.26,0.06,1.17,1.05,1.07,2.35,0,2,7,2,0,4,5,0,2,1,0.0,0.6237,0.9932,0.1583,0.0,0.2331,0.1175,0.0,0.0585,0.0377,9,8,0,0,3,1,2,0,0,0,0.9089,0.9935,0.0,0.0,0.1323,0.0593,0.128,0.0,0.0,0.0,14,9,17.46,14.25
3787690,2022-10-02,usa,2022,MLS,,Ismail Elfath,867280,Los Angeles FC,307690,Portland Timbers,0,2,1,48,52,9,14,8,7,0,5,1,2,0,1,8,7,1,7,5,6,3,1,2,0,28,36,14,15,2,2,0,0,3,0,19,20,16,4,2,1,36,18,6,5,66,59,38.0,46.0,28.0,13.0,5.0,12.0,368,390,286.0,293.0,127,109,159,184,33.0,28.0,2.0,7.0,1.05,1.17,0.99,0.91,0.06,0.26,1.05,1.17,2.35,1.07,2,0,2,7,4,0,0,5,1,2,0.6237,0.0,0.1583,0.9932,0.2331,0.0,0.0,0.1175,0.0377,0.0585,8,9,0,0,1,3,0,2,0,0,0.9935,0.9089,0.0,0.0,0.0593,0.1323,0.0,0.128,0.0,0.0,9,14,14.25,17.46
3787691,2022-10-02,usa,2022,MLS,,Kevin Stott,6637,LA Galaxy,6606,Real Salt Lake,1,1,1,63,37,16,11,8,5,4,5,4,1,2,0,10,7,6,4,2,3,3,3,2,2,21,18,11,13,2,1,0,0,1,2,14,12,19,21,1,4,13,10,4,7,41,37,33.0,32.0,8.0,5.0,8.0,10.0,660,369,587.0,293.0,298,159,289,134,26.0,30.0,3.0,2.0,2.41,1.62,0.76,1.13,0.08,0.48,0.84,1.62,3.07,1.5,0,3,7,4,3,1,5,1,1,2,0.0,1.323,1.9839,0.2193,0.2477,0.0343,0.1465,0.0134,0.0388,0.0264,10,9,1,0,1,1,2,1,2,0,0.6204,1.1321,0.1447,0.0,0.0167,0.0626,0.0583,0.4218,1.5768,0.0,16,11,18.33,16.51
3787691,2022-10-02,usa,2022,MLS,,Kevin Stott,6606,Real Salt Lake,6637,LA Galaxy,0,1,1,37,63,11,16,5,8,5,4,1,4,0,2,7,10,4,6,3,2,3,3,2,2,18,21,13,11,1,2,0,0,2,1,12,14,21,19,4,1,10,13,7,4,37,41,32.0,33.0,5.0,8.0,10.0,8.0,369,660,293.0,587.0,159,298,134,289,30.0,26.0,2.0,3.0,1.62,2.41,1.13,0.76,0.48,0.08,1.62,0.84,1.5,3.07,3,0,4,7,1,3,1,5,2,1,1.323,0.0,0.2193,1.9839,0.0343,0.2477,0.0134,0.1465,0.0264,0.0388,9,10,0,1,1,1,1,2,0,2,1.1321,0.6204,0.0,0.1447,0.0626,0.0167,0.4218,0.0583,0.0,1.5768,11,16,16.51,18.33
3787694,2022-10-02,usa,2022,MLS,,Joe Dickerson,546238,New York City FC,267810,Orlando City,1,2,1,57,43,13,13,5,1,5,6,3,6,0,0,8,9,5,4,4,7,3,1,1,0,23,18,10,19,2,2,0,0,1,2,10,18,6,8,6,3,16,16,0,3,43,43,30.0,32.0,13.0,11.0,4.0,4.0,471,352,400.0,284.0,178,138,222,146,34.0,21.0,3.0,6.0,1.87,0.98,1.74,0.59,0.13,0.4,1.87,0.98,2.31,0.74,1,1,3,7,4,1,4,3,1,1,0.8865,0.2085,0.3236,0.5788,0.5154,0.0574,0.138,0.1171,0.0192,0.0229,11,8,0,1,2,2,0,2,0,0,1.7545,0.5406,0.0,0.0918,0.1283,0.093,0.0,0.2593,0.0,0.0,13,13,17.07,15.3
3787694,2022-10-02,usa,2022,MLS,,Joe Dickerson,267810,Orlando City,546238,New York City FC,0,1,2,43,57,13,13,1,5,6,5,6,3,0,0,9,8,4,5,7,4,1,3,0,1,18,23,19,10,2,2,0,0,2,1,18,10,8,6,3,6,16,16,3,0,43,43,32.0,30.0,11.0,13.0,4.0,4.0,352,471,284.0,400.0,138,178,146,222,21.0,34.0,6.0,3.0,0.98,1.87,0.59,1.74,0.4,0.13,0.98,1.87,0.74,2.31,1,1,7,3,1,4,3,4,1,1,0.2085,0.8865,0.5788,0.3236,0.0574,0.5154,0.1171,0.138,0.0229,0.0192,8,11,1,0,2,2,2,0,0,0,0.5406,1.7545,0.0918,0.0,0.093,0.1283,0.2593,0.0,0.0,0.0,13,13,15.3,17.07
3787714,2022-10-02,usa,2022,MLS,,Timothy Ford,307691,Vancouver Whitecaps,1218886,Austin FC,1,2,0,31,69,8,13,6,5,1,6,1,2,0,0,6,9,2,4,2,4,3,2,1,2,12,23,11,12,2,4,0,0,4,1,16,8,13,4,2,1,22,11,5,4,41,38,34.0,28.0,7.0,10.0,6.0,9.0,272,610,194.0,525.0,119,272,75,253,21.0,45.0,2.0,7.0,1.55,1.44,1.55,1.35,0.0,0.09,1.55,1.44,2.57,0.74,2,1,3,8,1,0,1,2,1,2,0.8194,0.1498,0.4594,1.1683,0.1453,0.0,0.0867,0.0612,0.0386,0.0593,8,11,0,0,0,1,0,1,0,0,1.5494,1.3482,0.0,0.0,0.0,0.0504,0.0,0.04,0.0,0.0,8,13,13.4,15.09
3787714,2022-10-02,usa,2022,MLS,,Timothy Ford,1218886,Austin FC,307691,Vancouver Whitecaps,0,0,2,69,31,13,8,5,6,6,1,2,1,0,0,9,6,4,2,4,2,2,3,2,1,23,12,12,11,4,2,0,0,1,4,8,16,4,13,1,2,11,22,4,5,38,41,28.0,34.0,10.0,7.0,9.0,6.0,610,272,525.0,194.0,272,119,253,75,45.0,21.0,7.0,2.0,1.44,1.55,1.35,1.55,0.09,0.0,1.44,1.55,0.74,2.57,1,2,8,3,0,1,2,1,2,1,0.1498,0.8194,1.1683,0.4594,0.0,0.1453,0.0612,0.0867,0.0593,0.0386,11,8,0,0,1,0,1,0,0,0,1.3482,1.5494,0.0,0.0,0.0504,0.0,0.04,0.0,0.0,0.0,13,8,15.09,13.4
3787688,2022-10-03,usa,2022,MLS,,Guido Gonzalez,915807,Nashville SC,8259,Houston Dynamo FC,1,1,2,53,47,21,9,3,3,10,2,8,4,0,0,14,6,7,3,12,3,0,3,0,1,34,13,8,8,1,0,0,1,1,2,22,17,9,9,4,8,4,34,1,2,52,38,35.0,28.0,17.0,10.0,5.0,5.0,413,413,340.0,330.0,133,186,207,144,24.0,22.0,6.0,0.0,1.28,1.9,1.04,1.08,0.24,0.03,1.28,1.11,0.64,2.42,0,0,9,5,5,1,3,3,4,0,0.0,0.0,0.6965,1.7509,0.3728,0.0305,0.1175,0.1173,0.0917,0.0,15,5,0,2,3,1,3,0,0,1,1.0407,0.2574,0.0,0.8224,0.1401,0.0305,0.0977,0.0,0.0,0.7884,21,9,17.73,17.16
3787688,2022-10-03,usa,2022,MLS,,Guido Gonzalez,8259,Houston Dynamo FC,915807,Nashville SC,0,2,1,47,53,9,21,3,3,2,10,4,8,0,0,6,14,3,7,3,12,3,0,1,0,13,34,8,8,0,1,1,0,2,1,17,22,9,9,8,4,34,4,2,1,38,52,28.0,35.0,10.0,17.0,5.0,5.0,413,413,330.0,340.0,186,133,144,207,22.0,24.0,0.0,6.0,1.9,1.28,1.08,1.04,0.03,0.24,1.11,1.28,2.42,0.64,0,0,5,9,1,5,3,3,0,4,0.0,0.0,1.7509,0.6965,0.0305,0.3728,0.1173,0.1175,0.0,0.0917,5,15,2,0,1,3,0,3,1,0,0.2574,1.0407,0.8224,0.0,0.0305,0.1401,0.0,0.0977,0.7884,0.0,9,21,17.16,17.73
3787539,2022-10-05,usa,2022,MLS,,Matthew Rowell Conger,1323940,Charlotte FC,6001,Columbus Crew,1,2,2,52,48,15,17,7,8,5,4,3,5,0,0,12,9,3,8,5,2,4,2,2,1,34,29,12,9,1,4,0,0,0,2,19,19,9,10,5,2,15,21,6,5,46,52,36.0,36.0,10.0,16.0,9.0,6.0,423,415,346.0,325.0,163,151,183,174,35.0,35.0,8.0,5.0,2.38,1.17,2.11,1.09,0.27,0.08,2.38,1.17,2.78,1.98,3,0,7,5,2,5,3,5,0,2,1.3616,0.0,0.8847,0.5145,0.095,0.2337,0.0843,0.3603,0.0,0.0617,12,10,0,4,2,0,1,3,0,0,2.1529,0.7029,0.0,0.3869,0.0823,0.0,0.1902,0.0804,0.0,0.0,15,17,14.38,19.83
3787539,2022-10-05,usa,2022,MLS,,Matthew Rowell Conger,6001,Columbus Crew,1323940,Charlotte FC,0,2,2,48,52,17,15,8,7,4,5,5,3,0,0,9,12,8,3,2,5,2,4,1,2,29,34,9,12,4,1,0,0,2,0,19,19,10,9,2,5,21,15,5,6,52,46,36.0,36.0,16.0,10.0,6.0,9.0,415,423,325.0,346.0,151,163,174,183,35.0,35.0,5.0,8.0,1.17,2.38,1.09,2.11,0.08,0.27,1.17,2.38,1.98,2.78,0,3,5,7,5,2,5,3,2,0,0.0,1.3616,0.5145,0.8847,0.2337,0.095,0.3603,0.0843,0.0617,0.0,10,12,4,0,0,2,3,1,0,0,0.7029,2.1529,0.3869,0.0,0.0,0.0823,0.0804,0.1902,0.0,0.0,17,15,19.83,14.38
3787649,2022-10-06,usa,2022,MLS,,Víctor Rivas,960720,Inter Miami CF,267810,Orlando City,1,4,1,40,60,6,16,4,1,2,7,0,8,0,0,4,10,2,6,1,8,3,0,1,0,11,29,10,12,0,2,0,0,1,1,13,18,7,6,8,0,19,1,0,0,33,39,30.0,31.0,3.0,8.0,7.0,4.0,335,488,280.0,435.0,157,147,123,288,20.0,33.0,3.0,11.0,1.95,0.83,0.65,0.58,0.52,0.24,1.16,0.83,2.36,0.49,1,2,3,5,0,3,2,6,0,0,0.5167,0.1078,1.3256,0.3637,0.0,0.1372,0.1109,0.217,0.0,0.0,1,11,3,0,0,4,1,1,1,0,0.0869,0.5833,0.5613,0.0,0.0,0.1837,0.5167,0.0588,0.7884,0.0,6,16,16.35,16.41
3787649,2022-10-06,usa,2022,MLS,,Víctor Rivas,267810,Orlando City,960720,Inter Miami CF,0,1,4,60,40,16,6,1,4,7,2,8,0,0,0,10,4,6,2,8,1,0,3,0,1,29,11,12,10,2,0,0,0,1,1,18,13,6,7,0,8,1,19,0,0,39,33,31.0,30.0,8.0,3.0,4.0,7.0,488,335,435.0,280.0,147,157,288,123,33.0,20.0,11.0,3.0,0.83,1.95,0.58,0.65,0.24,0.52,0.83,1.16,0.49,2.36,2,1,5,3,3,0,6,2,0,0,0.1078,0.5167,0.3637,1.3256,0.1372,0.0,0.217,0.1109,0.0,0.0,11,1,0,3,4,0,1,1,0,1,0.5833,0.0869,0.0,0.5613,0.1837,0.0,0.0588,0.5167,0.0,0.7884,16,6,16.41,16.35
3787657,2022-10-09,usa,2022,MLS,,Alex Chilowicz,267810,Orlando City,6001,Columbus Crew,1,2,1,46,54,8,13,4,6,2,5,2,2,0,1,5,8,3,5,3,7,1,0,0,0,15,14,18,13,6,3,0,0,2,1,16,11,4,9,2,1,9,12,5,2,36,45,29.0,37.0,7.0,8.0,1.0,9.0,384,463,333.0,414.0,161,152,172,262,12.0,29.0,4.0,3.0,1.21,0.93,0.28,0.75,0.15,0.17,0.43,0.93,1.81,1.43,0,0,5,5,0,3,3,4,0,1,0.0,0.0,1.0633,0.5934,0.0,0.1424,0.1506,0.1304,0.0,0.0617,5,8,0,1,1,1,1,3,1,0,0.2794,0.7206,0.0,0.0336,0.0906,0.0635,0.0556,0.1103,0.7884,0.0,8,13,16.36,18.88
3787657,2022-10-09,usa,2022,MLS,,Alex Chilowicz,6001,Columbus Crew,267810,Orlando City,0,1,2,54,46,13,8,6,4,5,2,2,2,1,0,8,5,5,3,7,3,0,1,0,0,14,15,13,18,3,6,0,0,1,2,11,16,9,4,1,2,12,9,2,5,45,36,37.0,29.0,8.0,7.0,9.0,1.0,463,384,414.0,333.0,152,161,262,172,29.0,12.0,3.0,4.0,0.93,1.21,0.75,0.28,0.17,0.15,0.93,0.43,1.43,1.81,0,0,5,5,3,0,4,3,1,0,0.0,0.0,0.5934,1.0633,0.1424,0.0,0.1304,0.1506,0.0617,0.0,8,5,1,0,1,1,3,1,0,1,0.7206,0.2794,0.0336,0.0,0.0635,0.0906,0.1103,0.0556,0.0,0.7884,13,8,18.88,16.36
3787658,2022-10-09,usa,2022,MLS,,Pierre Luce Lauziere,1218886,Austin FC,8314,Colorado Rapids,1,1,1,57,43,9,17,4,5,4,7,1,5,0,1,8,10,1,7,4,6,1,1,0,0,22,18,12,10,0,3,0,0,8,4,7,15,7,7,5,1,15,23,4,3,29,42,20.0,31.0,9.0,11.0,3.0,4.0,417,322,355.0,264.0,194,160,161,104,40.0,23.0,3.0,5.0,1.56,1.24,0.74,0.43,0.03,0.81,0.77,1.24,1.26,1.69,1,2,5,4,2,4,0,5,1,2,0.2804,0.4879,1.1889,0.3771,0.0957,0.1771,0.0,0.1546,0.0088,0.0386,7,9,0,0,0,4,1,4,1,0,0.753,0.4284,0.0,0.0,0.0,0.662,0.0323,0.1449,0.7884,0.0,9,17,15.78,18.98
3787658,2022-10-09,usa,2022,MLS,,Pierre Luce Lauziere,8314,Colorado Rapids,1218886,Austin FC,0,1,1,43,57,17,9,5,4,7,4,5,1,1,0,10,8,7,1,6,4,1,1,0,0,18,22,10,12,3,0,0,0,4,8,15,7,7,7,1,5,23,15,3,4,42,29,31.0,20.0,11.0,9.0,4.0,3.0,322,417,264.0,355.0,160,194,104,161,23.0,40.0,5.0,3.0,1.24,1.56,0.43,0.74,0.81,0.03,1.24,0.77,1.69,1.26,2,1,4,5,4,2,5,0,2,1,0.4879,0.2804,0.3771,1.1889,0.1771,0.0957,0.1546,0.0,0.0386,0.0088,9,7,0,0,4,0,4,1,0,1,0.4284,0.753,0.0,0.0,0.662,0.0,0.1449,0.0323,0.0,0.7884,17,9,18.98,15.78
3787659,2022-10-09,usa,2022,MLS,,Víctor Rivas,6399,FC Dallas,6604,Sporting Kansas City,1,2,1,42,58,16,19,8,7,2,6,6,6,1,0,10,7,6,12,7,8,1,0,0,0,28,34,11,8,2,2,0,0,2,1,16,4,10,5,6,6,24,15,6,6,37,34,30.0,22.0,7.0,12.0,6.0,9.0,388,534,323.0,470.0,172,207,151,263,16.0,21.0,5.0,3.0,1.34,0.95,0.99,0.81,0.35,0.14,1.34,0.95,1.14,1.42,0,0,6,6,4,1,4,8,2,4,0.0,0.0,0.8628,0.4552,0.1996,0.0593,0.2052,0.3323,0.0743,0.1005,11,15,0,0,5,3,0,1,0,0,0.9887,0.8067,0.0,0.0,0.3532,0.0701,0.0,0.0705,0.0,0.0,16,19,17.05,19.84
3787659,2022-10-09,usa,2022,MLS,,Víctor Rivas,6604,Sporting Kansas City,6399,FC Dallas,0,1,2,58,42,19,16,7,8,6,2,6,6,0,1,7,10,12,6,8,7,0,1,0,0,34,28,8,11,2,2,0,0,1,2,4,16,5,10,6,6,15,24,6,6,34,37,22.0,30.0,12.0,7.0,9.0,6.0,534,388,470.0,323.0,207,172,263,151,21.0,16.0,3.0,5.0,0.95,1.34,0.81,0.99,0.14,0.35,0.95,1.34,1.42,1.14,0,0,6,6,1,4,8,4,4,2,0.0,0.0,0.4552,0.8628,0.0593,0.1996,0.3323,0.2052,0.1005,0.0743,15,11,0,0,3,5,1,0,0,0,0.8067,0.9887,0.0,0.0,0.0701,0.3532,0.0705,0.0,0.0,0.0,19,16,19.84,17.05
3787660,2022-10-09,usa,2022,MLS,,Drew Fischer,8259,Houston Dynamo FC,6637,LA Galaxy,1,1,3,34,66,6,21,4,7,1,8,1,6,0,2,4,11,2,10,1,8,1,4,1,2,10,29,13,7,2,2,0,0,0,0,13,21,9,8,6,1,20,8,4,3,32,47,28.0,43.0,4.0,4.0,8.0,9.0,357,708,294.0,653.0,186,272,108,381,24.0,36.0,2.0,3.0,0.59,2.32,0.59,2.22,0.0,0.1,0.59,2.32,0.86,2.72,0,0,4,10,0,1,0,6,2,4,0.0,0.0,0.5307,1.6213,0.0,0.1173,0.0,0.3977,0.0788,0.1975,6,19,0,0,0,2,0,0,0,0,0.6095,2.2302,0.0,0.0,0.0,0.1036,0.0,0.0,0.0,0.0,6,21,15.63,16.95
3787660,2022-10-09,usa,2022,MLS,,Drew Fischer,6637,LA Galaxy,8259,Houston Dynamo FC,0,3,1,66,34,21,6,7,4,8,1,6,1,2,0,11,4,10,2,8,1,4,1,2,1,29,10,7,13,2,2,0,0,0,0,21,13,8,9,1,6,8,20,3,4,47,32,43.0,28.0,4.0,4.0,9.0,8.0,708,357,653.0,294.0,272,186,381,108,36.0,24.0,3.0,2.0,2.32,0.59,2.22,0.59,0.1,0.0,2.32,0.59,2.72,0.86,0,0,10,4,1,0,6,0,4,2,0.0,0.0,1.6213,0.5307,0.1173,0.0,0.3977,0.0,0.1975,0.0788,19,6,0,0,2,0,0,0,0,0,2.2302,0.6095,0.0,0.0,0.1036,0.0,0.0,0.0,0.0,0.0,21,6,16.95,15.63
3787661,2022-10-09,usa,2022,MLS,,Ted Unkel,867280,Los Angeles FC,915807,Nashville SC,1,0,1,66,34,30,12,14,2,11,5,5,5,1,0,19,10,11,2,10,2,6,3,6,2,45,18,12,13,0,3,0,0,0,1,13,18,5,9,5,5,6,23,1,14,44,45,31.0,35.0,13.0,10.0,5.0,5.0,655,334,578.0,263.0,226,159,352,104,23.0,20.0,4.0,2.0,4.54,1.21,3.54,1.0,0.21,0.21,3.75,1.21,3.64,1.29,2,1,12,7,5,2,7,1,4,1,0.474,0.1488,3.2604,0.8263,0.3675,0.1565,0.333,0.0678,0.109,0.011,25,9,2,1,2,1,0,1,1,0,2.9642,0.9274,0.5771,0.08,0.2141,0.1353,0.0,0.0678,0.7884,0.0,30,12,16.88,13.73
3787661,2022-10-09,usa,2022,MLS,,Ted Unkel,915807,Nashville SC,867280,Los Angeles FC,0,1,0,34,66,12,30,2,14,5,11,5,5,0,1,10,19,2,11,2,10,3,6,2,6,18,45,13,12,3,0,0,0,1,0,18,13,9,5,5,5,23,6,14,1,45,44,35.0,31.0,10.0,13.0,5.0,5.0,334,655,263.0,578.0,159,226,104,352,20.0,23.0,2.0,4.0,1.21,4.54,1.0,3.54,0.21,0.21,1.21,3.75,1.29,3.64,1,2,7,12,2,5,1,7,1,4,0.1488,0.474,0.8263,3.2604,0.1565,0.3675,0.0678,0.333,0.011,0.109,9,25,1,2,1,2,1,0,0,1,0.9274,2.9642,0.08,0.5771,0.1353,0.2141,0.0678,0.0,0.0,0.7884,12,30,13.73,16.88
3787662,2022-10-09,usa,2022,MLS,,Armando Villarreal,6606,Real Salt Lake,307690,Portland Timbers,1,3,1,49,51,18,9,4,3,9,5,5,1,0,1,13,6,5,3,8,2,4,2,3,2,38,18,12,7,1,2,0,0,4,1,11,16,14,6,1,5,20,20,2,1,45,51,31.0,32.0,14.0,19.0,13.0,5.0,370,400,294.0,324.0,119,153,175,171,41.0,38.0,6.0,3.0,1.25,0.76,0.98,0.72,0.28,0.05,1.25,0.76,1.44,0.27,2,1,7,1,4,4,3,2,2,1,0.6806,0.3651,0.6048,0.0425,0.2484,0.2023,0.1178,0.1241,0.053,0.0298,16,7,0,0,2,1,0,1,0,0,1.4262,0.7165,0.0,0.0,0.2784,0.0425,0.0,0.0048,0.0,0.0,18,9,16.07,16.63
3787662,2022-10-09,usa,2022,MLS,,Armando Villarreal,307690,Portland Timbers,6606,Real Salt Lake,0,1,3,51,49,9,18,3,4,5,9,1,5,1,0,6,13,3,5,2,8,2,4,2,3,18,38,7,12,2,1,0,0,1,4,16,11,6,14,5,1,20,20,1,2,51,45,32.0,31.0,19.0,14.0,5.0,13.0,400,370,324.0,294.0,153,119,171,175,38.0,41.0,3.0,6.0,0.76,1.25,0.72,0.98,0.05,0.28,0.76,1.25,0.27,1.44,1,2,1,7,4,4,2,3,1,2,0.3651,0.6806,0.0425,0.6048,0.2023,0.2484,0.1241,0.1178,0.0298,0.053,7,16,0,0,1,2,1,0,0,0,0.7165,1.4262,0.0,0.0,0.0425,0.2784,0.0048,0.0,0.0,0.0,9,18,16.63,16.07
3787663,2022-10-09,usa,2022,MLS,,Marcos de Oliveira,130394,Seattle Sounders FC,6603,San Jose Earthquakes,1,2,2,56,44,16,12,6,4,4,6,6,2,1,0,10,4,6,8,4,1,0,2,0,1,26,16,14,11,1,1,0,0,1,1,18,17,11,14,2,6,18,21,2,4,40,46,33.0,38.0,7.0,8.0,4.0,7.0,529,423,456.0,360.0,201,195,255,165,31.0,23.0,7.0,0.0,1.27,1.49,1.07,1.46,0.2,0.03,1.27,1.49,0.8,1.26,1,0,5,1,4,3,5,7,1,1,0.1384,0.0,0.6363,0.5383,0.2017,0.7435,0.2635,0.2258,0.0291,0.0272,14,9,0,2,2,0,0,1,0,0,1.0702,0.8818,0.0,0.6229,0.1986,0.0,0.0,0.0301,0.0,0.0,16,12,18.08,22.79
3787663,2022-10-09,usa,2022,MLS,,Marcos de Oliveira,6603,San Jose Earthquakes,130394,Seattle Sounders FC,0,2,2,44,56,12,16,4,6,6,4,2,6,0,1,4,10,8,6,1,4,2,0,1,0,16,26,11,14,1,1,0,0,1,1,17,18,14,11,6,2,21,18,4,2,46,40,38.0,33.0,8.0,7.0,7.0,4.0,423,529,360.0,456.0,195,201,165,255,23.0,31.0,0.0,7.0,1.49,1.27,1.46,1.07,0.03,0.2,1.49,1.27,1.26,0.8,0,1,1,5,3,4,7,5,1,1,0.0,0.1384,0.5383,0.6363,0.7435,0.2017,0.2258,0.2635,0.0272,0.0291,9,14,2,0,0,2,1,0,0,0,0.8818,1.0702,0.6229,0.0,0.0,0.1986,0.0301,0.0,0.0,0.0,12,16,22.79,18.08
3787674,2022-10-09,usa,2022,MLS,,Rubiel Vazquez,6514,New York Red Bulls,1323940,Charlotte FC,1,2,0,28,72,12,9,8,6,4,3,0,0,0,0,7,7,5,2,4,8,0,1,0,1,15,22,16,12,2,1,0,0,1,0,28,14,8,7,0,0,23,16,6,7,64,51,44.0,36.0,20.0,15.0,4.0,7.0,228,596,129.0,476.0,53,262,76,214,21.0,27.0,0.0,6.0,0.91,0.96,0.69,0.55,0.22,0.41,0.91,0.96,0.98,0.63,0,0,4,7,3,0,4,1,1,1,0.0,0.0,0.3576,0.8825,0.4026,0.0,0.1162,0.0592,0.0317,0.0177,7,4,1,0,1,3,3,2,0,0,0.5336,0.5513,0.1892,0.0,0.0317,0.2157,0.1536,0.1925,0.0,0.0,12,9,18.58,13.9
3787674,2022-10-09,usa,2022,MLS,,Rubiel Vazquez,1323940,Charlotte FC,6514,New York Red Bulls,0,0,2,72,28,9,12,6,8,3,4,0,0,0,0,7,7,2,5,8,4,1,0,1,0,22,15,12,16,1,2,0,0,0,1,14,28,7,8,0,0,16,23,7,6,51,64,36.0,44.0,15.0,20.0,7.0,4.0,596,228,476.0,129.0,262,53,214,76,27.0,21.0,6.0,0.0,0.96,0.91,0.55,0.69,0.41,0.22,0.96,0.91,0.63,0.98,0,0,7,4,0,3,1,4,1,1,0.0,0.0,0.8825,0.3576,0.0,0.4026,0.0592,0.1162,0.0177,0.0317,4,7,0,1,3,1,2,3,0,0,0.5513,0.5336,0.0,0.1892,0.2157,0.0317,0.1925,0.1536,0.0,0.0,9,12,13.9,18.58
3787675,2022-10-09,usa,2022,MLS,,Timothy Ford,6602,DC United,722265,FC Cincinnati,1,2,5,57,43,9,14,5,8,1,1,3,5,0,1,4,9,5,5,5,1,0,4,0,1,13,29,5,11,1,2,0,0,1,4,11,30,12,8,4,3,15,35,3,3,35,47,29.0,37.0,6.0,10.0,8.0,3.0,506,401,421.0,322.0,217,111,204,211,26.0,22.0,1.0,2.0,0.42,2.06,0.4,2.06,0.03,0.0,0.42,2.06,0.78,2.71,0,1,2,7,2,1,4,5,1,0,0.0,0.1061,0.1557,1.6365,0.0856,0.0766,0.1546,0.2445,0.026,0.0,8,13,0,1,0,0,1,0,0,0,0.3959,1.9871,0.0,0.0766,0.0,0.0,0.026,0.0,0.0,0.0,9,14,21.4,16.64
3787675,2022-10-09,usa,2022,MLS,,Timothy Ford,722265,FC Cincinnati,6602,DC United,0,5,2,43,57,14,9,8,5,1,1,5,3,1,0,9,4,5,5,1,5,4,0,1,0,29,13,11,5,2,1,0,0,4,1,30,11,8,12,3,4,35,15,3,3,47,35,37.0,29.0,10.0,6.0,3.0,8.0,401,506,322.0,421.0,111,217,211,204,22.0,26.0,2.0,1.0,2.06,0.42,2.06,0.4,0.0,0.03,2.06,0.42,2.71,0.78,1,0,7,2,1,2,5,4,0,1,0.1061,0.0,1.6365,0.1557,0.0766,0.0856,0.2445,0.1546,0.0,0.026,13,8,1,0,0,0,0,1,0,0,1.9871,0.3959,0.0766,0.0,0.0,0.0,0.0,0.026,0.0,0.0,14,9,16.64,21.4
3787676,2022-10-09,usa,2022,MLS,,Michael Radchuk,6397,Chicago Fire FC,6580,New England Revolution,1,1,1,55,45,14,12,5,5,6,5,3,2,0,0,10,10,4,2,8,0,2,2,1,2,26,23,17,11,2,2,0,0,1,0,10,13,11,13,2,3,9,26,4,4,34,46,29.0,36.0,5.0,10.0,8.0,8.0,455,378,373.0,299.0,184,154,189,145,21.0,18.0,4.0,2.0,2.15,1.49,0.74,1.39,1.41,0.1,2.15,1.49,1.3,2.04,3,2,5,5,2,3,2,2,2,0,1.1103,0.9059,0.6441,0.3336,0.2326,0.2075,0.0687,0.0405,0.0947,0.0,8,8,0,1,4,0,2,3,0,0,0.7388,1.2508,0.0,0.1412,0.7065,0.0,0.7051,0.0956,0.0,0.0,14,12,15.19,15.04
3787676,2022-10-09,usa,2022,MLS,,Michael Radchuk,6580,New England Revolution,6397,Chicago Fire FC,0,1,1,45,55,12,14,5,5,5,6,2,3,0,0,10,10,2,4,0,8,2,2,2,1,23,26,11,17,2,2,0,0,0,1,13,10,13,11,3,2,26,9,4,4,46,34,36.0,29.0,10.0,5.0,8.0,8.0,378,455,299.0,373.0,154,184,145,189,18.0,21.0,2.0,4.0,1.49,2.15,1.39,0.74,0.1,1.41,1.49,2.15,2.04,1.3,2,3,5,5,3,2,2,2,0,2,0.9059,1.1103,0.3336,0.6441,0.2075,0.2326,0.0405,0.0687,0.0,0.0947,8,8,1,0,0,4,3,2,0,0,1.2508,0.7388,0.1412,0.0,0.0,0.7065,0.0956,0.7051,0.0,0.0,12,14,15.04,15.19
3787687,2022-10-09,usa,2022,MLS,,Chris Penso,773958,Atlanta United,546238,New York City FC,1,1,2,55,45,12,15,4,4,5,7,3,4,0,2,7,10,5,5,5,4,2,2,1,0,19,20,10,13,3,4,0,0,3,4,10,20,10,8,4,3,8,23,1,3,45,39,33.0,33.0,12.0,6.0,12.0,4.0,535,449,459.0,370.0,260,155,199,215,26.0,16.0,6.0,2.0,1.51,1.41,1.44,0.72,0.07,0.69,1.51,1.41,1.66,1.17,1,1,4,5,2,4,4,5,1,0,0.716,0.4968,0.5112,0.4581,0.139,0.2988,0.1205,0.1536,0.0186,0.0,10,10,1,0,0,5,1,0,0,0,1.2879,0.7194,0.1494,0.0,0.0,0.6879,0.068,0.0,0.0,0.0,12,15,16.96,15.66
3787687,2022-10-09,usa,2022,MLS,,Chris Penso,546238,New York City FC,773958,Atlanta United,0,2,1,45,55,15,12,4,4,7,5,4,3,2,0,10,7,5,5,4,5,2,2,0,1,20,19,13,10,4,3,0,0,4,3,20,10,8,10,3,4,23,8,3,1,39,45,33.0,33.0,6.0,12.0,4.0,12.0,449,535,370.0,459.0,155,260,215,199,16.0,26.0,2.0,6.0,1.41,1.51,0.72,1.44,0.69,0.07,1.41,1.51,1.17,1.66,1,1,5,4,4,2,5,4,0,1,0.4968,0.716,0.4581,0.5112,0.2988,0.139,0.1536,0.1205,0.0,0.0186,10,10,0,1,5,0,0,1,0,0,0.7194,1.2879,0.0,0.1494,0.6879,0.0,0.0,0.068,0.0,0.0,15,12,15.66,16.96
3787715,2022-10-09,usa,2022,MLS,,Joe Dickerson,960720,Inter Miami CF,161195,CF Montreal,1,1,3,39,61,12,10,3,6,4,3,5,1,0,1,4,7,8,3,2,1,1,4,1,1,15,27,11,8,2,2,0,0,3,2,16,16,9,12,2,5,5,10,2,3,33,44,31.0,40.0,2.0,4.0,7.0,13.0,424,675,367.0,611.0,209,337,158,274,26.0,37.0,0.0,2.0,0.81,2.37,0.54,2.37,0.27,0.0,0.81,2.37,0.52,2.71,0,2,2,3,2,2,5,3,3,0,0.0,1.3637,0.3983,0.6659,0.1194,0.2058,0.1664,0.1372,0.1264,0.0,10,10,0,0,1,0,1,0,0,0,0.5418,2.3726,0.0,0.0,0.2338,0.0,0.035,0.0,0.0,0.0,12,10,21.97,15.32
3787715,2022-10-09,usa,2022,MLS,,Joe Dickerson,161195,CF Montreal,960720,Inter Miami CF,0,3,1,61,39,10,12,6,3,3,4,1,5,1,0,7,4,3,8,1,2,4,1,1,1,27,15,8,11,2,2,0,0,2,3,16,16,12,9,5,2,10,5,3,2,44,33,40.0,31.0,4.0,2.0,13.0,7.0,675,424,611.0,367.0,337,209,274,158,37.0,26.0,2.0,0.0,2.37,0.81,2.37,0.54,0.0,0.27,2.37,0.81,2.71,0.52,2,0,3,2,2,2,3,5,0,3,1.3637,0.0,0.6659,0.3983,0.2058,0.1194,0.1372,0.1664,0.0,0.1264,10,10,0,0,0,1,0,1,0,0,2.3726,0.5418,0.0,0.0,0.0,0.2338,0.0,0.035,0.0,0.0,10,12,15.32,21.97
3787716,2022-10-09,usa,2022,MLS,,Lukasz Szpala,191716,Philadelphia Union,56453,Toronto FC,1,4,0,51,49,18,6,9,1,3,3,6,2,1,0,14,3,4,3,4,4,3,1,1,1,25,12,16,13,0,3,0,0,2,1,14,14,11,11,3,6,12,21,0,5,36,43,31.0,36.0,5.0,7.0,6.0,7.0,403,385,323.0,308.0,187,134,136,174,35.0,20.0,3.0,5.0,2.14,0.38,1.04,0.29,0.31,0.09,1.35,0.38,2.73,0.0,1,1,10,1,3,1,4,2,0,1,0.0902,0.2098,1.567,0.0387,0.2828,0.0247,0.199,0.0816,0.0,0.025,9,2,1,1,4,2,3,1,1,0,0.8908,0.2425,0.1504,0.0488,0.2234,0.0496,0.0861,0.0387,0.7884,0.0,18,6,16.03,17.24
3787716,2022-10-09,usa,2022,MLS,,Lukasz Szpala,56453,Toronto FC,191716,Philadelphia Union,0,0,4,49,51,6,18,1,9,3,3,2,6,0,1,3,14,3,4,4,4,1,3,1,1,12,25,13,16,3,0,0,0,1,2,14,14,11,11,6,3,21,12,5,0,43,36,36.0,31.0,7.0,5.0,7.0,6.0,385,403,308.0,323.0,134,187,174,136,20.0,35.0,5.0,3.0,0.38,2.14,0.29,1.04,0.09,0.31,0.38,1.35,0.0,2.73,1,1,1,10,1,3,2,4,1,0,0.2098,0.0902,0.0387,1.567,0.0247,0.2828,0.0816,0.199,0.025,0.0,2,9,1,1,2,4,1,3,0,1,0.2425,0.8908,0.0488,0.1504,0.0496,0.2234,0.0387,0.0861,0.0,0.7884,6,18,17.24,16.03
3787717,2022-10-09,usa,2022,MLS,,Allen Chapman,207242,Minnesota United,307691,Vancouver Whitecaps,1,2,0,49,51,16,11,5,7,8,3,3,1,0,0,7,9,9,2,4,5,1,0,0,0,24,31,10,5,1,1,0,0,1,1,12,20,14,19,1,3,34,17,7,3,41,44,29.0,32.0,12.0,12.0,12.0,3.0,473,493,388.0,387.0,198,186,190,201,27.0,22.0,2.0,7.0,0.91,0.57,0.88,0.51,0.03,0.06,0.91,0.57,0.96,1.21,0,0,3,7,4,2,4,1,5,1,0.0,0.0,0.3791,0.4123,0.1658,0.1133,0.1987,0.0317,0.1655,0.0169,14,9,0,0,1,0,1,2,0,0,0.882,0.5133,0.0,0.0,0.0226,0.0,0.0045,0.0609,0.0,0.0,16,11,18.92,16.53
3787717,2022-10-09,usa,2022,MLS,,Allen Chapman,307691,Vancouver Whitecaps,207242,Minnesota United,0,0,2,51,49,11,16,7,5,3,8,1,3,0,0,9,7,2,9,5,4,0,1,0,0,31,24,5,10,1,1,0,0,1,1,20,12,19,14,3,1,17,34,3,7,44,41,32.0,29.0,12.0,12.0,3.0,12.0,493,473,387.0,388.0,186,198,201,190,22.0,27.0,7.0,2.0,0.57,0.91,0.51,0.88,0.06,0.03,0.57,0.91,1.21,0.96,0,0,7,3,2,4,1,4,1,5,0.0,0.0,0.4123,0.3791,0.1133,0.1658,0.0317,0.1987,0.0169,0.1655,9,14,0,0,0,1,2,1,0,0,0.5133,0.882,0.0,0.0,0.0,0.0226,0.0609,0.0045,0.0,0.0,11,16,16.53,18.92
4044407,2022-10-15,usa,2022,MLS,,Alex Chilowicz,6514,New York Red Bulls,722265,FC Cincinnati,1,1,2,51,49,16,12,7,6,6,4,3,2,0,0,9,8,7,4,6,7,0,3,0,1,19,30,12,16,1,4,0,0,0,2,16,21,5,4,1,3,26,23,4,6,61,69,34.0,40.0,27.0,29.0,3.0,7.0,287,281,174.0,167.0,68,77,106,90,19.0,29.0,5.0,6.0,1.14,2.11,0.6,0.72,0.54,0.6,1.14,1.32,1.73,2.69,1,1,6,7,2,0,5,3,2,1,0.2282,0.3452,0.4649,1.5963,0.1801,0.0,0.1922,0.1412,0.0718,0.0238,10,5,0,0,2,3,4,3,0,1,0.5986,0.7823,0.0,0.0,0.3413,0.1594,0.1972,0.3764,0.0,0.7884,16,12,17.38,15.06
4044407,2022-10-15,usa,2022,MLS,,Alex Chilowicz,722265,FC Cincinnati,6514,New York Red Bulls,0,2,1,49,51,12,16,6,7,4,6,2,3,0,0,8,9,4,7,7,6,3,0,1,0,30,19,16,12,4,1,0,0,2,0,21,16,4,5,3,1,23,26,6,4,69,61,40.0,34.0,29.0,27.0,7.0,3.0,281,287,167.0,174.0,77,68,90,106,29.0,19.0,6.0,5.0,2.11,1.14,0.72,0.6,0.6,0.54,1.32,1.14,2.69,1.73,1,1,7,6,0,2,3,5,1,2,0.3452,0.2282,1.5963,0.4649,0.0,0.1801,0.1412,0.1922,0.0238,0.0718,5,10,0,0,3,2,3,4,1,0,0.7823,0.5986,0.0,0.0,0.1594,0.3413,0.3764,0.1972,0.7884,0.0,12,16,15.06,17.38
4044408,2022-10-15,usa,2022,MLS,,Armando Villarreal,6637,LA Galaxy,915807,Nashville SC,1,1,0,57,43,7,9,4,5,2,4,1,0,1,0,3,6,4,3,1,5,2,1,1,1,13,16,19,13,2,2,0,0,1,0,19,24,10,16,0,1,26,12,5,3,45,64,37.0,48.0,8.0,16.0,5.0,6.0,527,376,450.0,288.0,255,163,195,125,30.0,30.0,5.0,7.0,1.25,0.8,1.15,0.59,0.1,0.21,1.25,0.8,1.12,0.49,2,0,1,5,0,1,3,2,1,1,0.7371,0.0,0.2385,0.3986,0.0,0.1709,0.2484,0.2051,0.0236,0.0257,5,7,1,0,0,1,1,1,0,0,1.0697,0.592,0.0759,0.0,0.0,0.1062,0.1021,0.1021,0.0,0.0,7,9,16.2,17.85
4044408,2022-10-15,usa,2022,MLS,,Armando Villarreal,915807,Nashville SC,6637,LA Galaxy,0,0,1,43,57,9,7,5,4,4,2,0,1,0,1,6,3,3,4,5,1,1,2,1,1,16,13,13,19,2,2,0,0,0,1,24,19,16,10,1,0,12,26,3,5,64,45,48.0,37.0,16.0,8.0,6.0,5.0,376,527,288.0,450.0,163,255,125,195,30.0,30.0,7.0,5.0,0.8,1.25,0.59,1.15,0.21,0.1,0.8,1.25,0.49,1.12,0,2,5,1,1,0,2,3,1,1,0.0,0.7371,0.3986,0.2385,0.1709,0.0,0.2051,0.2484,0.0257,0.0236,7,5,0,1,1,0,1,1,0,0,0.592,1.0697,0.0,0.0759,0.1062,0.0,0.1021,0.1021,0.0,0.0,9,7,17.85,16.2
4044409,2022-10-16,usa,2022,MLS,,Víctor Rivas,1218886,Austin FC,6606,Real Salt Lake,1,2,2,69,31,38,11,11,4,19,2,8,5,1,0,20,5,18,6,14,2,5,2,3,1,40,10,11,11,2,2,0,1,6,0,9,10,4,5,5,6,7,58,2,9,44,42,19.0,24.0,25.0,18.0,1.0,5.0,645,318,566.0,219.0,161,125,405,94,38.0,27.0,21.0,2.0,4.27,1.52,2.6,0.73,0.88,0.01,3.48,0.74,3.09,1.44,4,1,17,7,2,1,13,4,5,2,1.4781,0.2646,4.4976,4.2325,0.099,0.0094,0.4548,0.1177,0.1047,0.0528,30,8,0,1,6,1,1,0,4,5,2.6014,0.4947,0.0,0.231,0.7977,0.0094,0.0815,0.0,3.1536,3.942,41,15,16.77,16.74
4044409,2022-10-16,usa,2022,MLS,,Víctor Rivas,6606,Real Salt Lake,1218886,Austin FC,0,2,2,31,69,11,38,4,11,2,19,5,8,0,1,5,20,6,18,2,14,2,5,1,3,10,40,11,11,2,2,1,0,0,6,10,9,5,4,6,5,58,7,9,2,42,44,24.0,19.0,18.0,25.0,5.0,1.0,318,645,219.0,566.0,125,161,94,405,27.0,38.0,2.0,21.0,1.52,4.27,0.73,2.6,0.01,0.88,0.74,3.48,1.44,3.09,1,4,7,17,1,2,4,13,2,5,0.2646,1.4781,4.2325,4.4976,0.0094,0.099,0.1177,0.4548,0.0528,0.1047,8,30,1,0,1,6,0,1,5,4,0.4947,2.6014,0.231,0.0,0.0094,0.7977,0.0,0.0815,3.942,3.1536,15,41,16.74,16.77
4044410,2022-10-17,usa,2022,MLS,,Ismail Elfath,161195,CF Montreal,267810,Orlando City,1,2,0,59,41,11,5,2,0,3,5,6,0,0,0,9,2,2,3,2,1,2,2,0,2,22,6,16,12,2,4,0,0,0,2,8,15,5,13,0,6,15,9,0,0,39,40,25.0,33.0,14.0,7.0,5.0,3.0,510,354,447.0,291.0,171,190,276,101,24.0,24.0,4.0,1.0,1.67,0.71,0.72,0.43,0.17,0.28,0.88,0.71,1.23,0.0,0,0,6,2,3,0,1,1,1,2,0.0,0.0,1.4723,0.5974,0.1425,0.0,0.02,0.048,0.0361,0.0629,7,4,0,0,1,0,2,1,1,0,0.7174,0.4301,0.0,0.0,0.0941,0.0,0.071,0.2781,0.7884,0.0,11,5,17.25,18.23
4044410,2022-10-17,usa,2022,MLS,,Ismail Elfath,267810,Orlando City,161195,CF Montreal,0,0,2,41,59,5,11,0,2,5,3,0,6,0,0,2,9,3,2,1,2,2,2,2,0,6,22,12,16,4,2,0,0,2,0,15,8,13,5,6,0,9,15,0,0,40,39,33.0,25.0,7.0,14.0,3.0,5.0,354,510,291.0,447.0,190,171,101,276,24.0,24.0,1.0,4.0,0.71,1.67,0.43,0.72,0.28,0.17,0.71,0.88,0.0,1.23,0,0,2,6,0,3,1,1,2,1,0.0,0.0,0.5974,1.4723,0.0,0.1425,0.048,0.02,0.0629,0.0361,4,7,0,0,0,1,1,2,0,1,0.4301,0.7174,0.0,0.0,0.0,0.0941,0.2781,0.071,0.0,0.7884,5,11,18.23,17.25
4044411,2022-10-17,usa,2022,MLS,,Rubiel Vazquez,546238,New York City FC,960720,Inter Miami CF,1,3,0,52,48,27,12,9,4,7,5,11,3,2,1,20,4,7,8,8,6,6,1,3,1,42,15,11,12,1,3,0,0,2,4,18,11,6,8,3,12,20,12,4,5,46,40,32.0,31.0,14.0,9.0,3.0,9.0,469,428,400.0,345.0,168,179,232,166,21.0,14.0,6.0,2.0,2.88,0.65,2.17,0.5,0.71,0.15,2.88,0.65,2.59,0.51,3,1,13,1,4,2,7,5,0,3,0.6047,0.1176,1.9275,0.0184,0.2259,0.1399,0.2906,0.2256,0.0,0.1438,18,9,1,0,5,2,3,1,0,0,2.1158,0.4957,0.2207,0.0,0.5319,0.1361,0.1804,0.0137,0.0,0.0,27,12,15.95,20.32
4044411,2022-10-17,usa,2022,MLS,,Rubiel Vazquez,960720,Inter Miami CF,546238,New York City FC,0,0,3,48,52,12,27,4,9,5,7,3,11,1,2,4,20,8,7,6,8,1,6,1,3,15,42,12,11,3,1,0,0,4,2,11,18,8,6,12,3,12,20,5,4,40,46,31.0,32.0,9.0,14.0,9.0,3.0,428,469,345.0,400.0,179,168,166,232,14.0,21.0,2.0,6.0,0.65,2.88,0.5,2.17,0.15,0.71,0.65,2.88,0.51,2.59,1,3,1,13,2,4,5,7,3,0,0.1176,0.6047,0.0184,1.9275,0.1399,0.2259,0.2256,0.2906,0.1438,0.0,9,18,0,1,2,5,1,3,0,0,0.4957,2.1158,0.0,0.2207,0.1361,0.5319,0.0137,0.1804,0.0,0.0,12,27,20.32,15.95
4044412,2022-10-18,usa,2022,MLS,,Ted Unkel,6399,FC Dallas,207242,Minnesota United,1,1,1,60,40,19,7,9,3,6,2,4,2,0,0,8,1,11,6,6,5,4,0,3,0,23,11,16,19,1,2,0,0,2,1,23,19,7,14,2,3,22,28,2,8,58,55,46.0,43.0,12.0,12.0,6.0,9.0,733,478,601.0,379.0,370,182,231,197,22.0,27.0,6.0,4.0,1.69,0.36,1.13,0.32,0.56,0.04,1.69,0.36,,,4,0,8,6,1,0,7,4,4,2,0.7237,0.0,4.4913,4.0644,0.0083,0.0,0.2956,0.2026,0.1178,0.0306,12,5,0,0,3,2,4,0,5,5,1.131,0.3161,0.0,0.0,0.3824,0.0395,0.1813,0.0,3.942,3.942,24,12,16.97,18.75
4044412,2022-10-18,usa,2022,MLS,,Ted Unkel,207242,Minnesota United,6399,FC Dallas,0,1,1,40,60,7,19,3,9,2,6,2,4,0,0,1,8,6,11,5,6,0,4,0,3,11,23,19,16,2,1,0,0,1,2,19,23,14,7,3,2,28,22,8,2,55,58,43.0,46.0,12.0,12.0,9.0,6.0,478,733,379.0,601.0,182,370,197,231,27.0,22.0,4.0,6.0,0.36,1.69,0.32,1.13,0.04,0.56,0.36,1.69,,,0,4,6,8,0,1,4,7,2,4,0.0,0.7237,4.0644,4.4913,0.0,0.0083,0.2026,0.2956,0.0306,0.1178,5,12,0,0,2,3,0,4,5,5,0.3161,1.131,0.0,0.0,0.0395,0.3824,0.0,0.1813,3.942,3.942,12,24,18.75,16.97
4044413,2022-10-21,usa,2022,MLS,,Timothy Ford,191716,Philadelphia Union,722265,FC Cincinnati,1,1,0,46,54,16,15,6,5,8,4,2,6,1,0,12,8,4,7,4,8,2,0,2,0,26,35,12,11,3,2,0,0,2,0,11,12,7,14,6,2,27,22,5,5,40,51,25.0,32.0,15.0,19.0,3.0,8.0,356,415,250.0,313.0,114,102,136,211,25.0,31.0,5.0,6.0,1.92,0.82,0.86,0.72,1.06,0.1,1.92,0.82,0.97,0.55,5,0,6,6,1,2,4,6,0,1,1.3616,0.0,0.4269,0.441,0.0127,0.1284,0.1141,0.2323,0.0,0.0193,9,10,0,1,5,2,2,2,0,0,0.8571,0.6421,0.0,0.0802,0.9836,0.0682,0.0747,0.0305,0.0,0.0,16,15,13.55,19.92
4044413,2022-10-21,usa,2022,MLS,,Timothy Ford,722265,FC Cincinnati,191716,Philadelphia Union,0,0,1,54,46,15,16,5,6,4,8,6,2,0,1,8,12,7,4,8,4,0,2,0,2,35,26,11,12,2,3,0,0,0,2,12,11,14,7,2,6,22,27,5,5,51,40,32.0,25.0,19.0,15.0,8.0,3.0,415,356,313.0,250.0,102,114,211,136,31.0,25.0,6.0,5.0,0.82,1.92,0.72,0.86,0.1,1.06,0.82,1.92,0.55,0.97,0,5,6,6,2,1,6,4,1,0,0.0,1.3616,0.441,0.4269,0.1284,0.0127,0.2323,0.1141,0.0193,0.0,10,9,1,0,2,5,2,2,0,0,0.6421,0.8571,0.0802,0.0,0.0682,0.9836,0.0305,0.0747,0.0,0.0,15,16,19.92,13.55
4044415,2022-10-21,usa,2022,MLS,,,867280,Los Angeles FC,6637,LA Galaxy,1,3,2,39,61,14,11,5,4,7,4,2,3,0,1,10,3,4,8,7,2,5,0,2,0,24,9,18,11,3,2,0,0,2,1,20,21,14,9,3,2,14,12,2,2,47,48,34.0,43.0,13.0,5.0,4.0,6.0,335,536,257.0,449.0,139,209,118,240,23.0,34.0,4.0,1.0,2.61,0.39,1.32,0.36,1.29,0.03,2.61,0.39,2.66,1.21,3,0,4,2,3,1,2,3,2,5,1.3325,0.0,1.0666,0.1512,0.1245,0.0396,0.0471,0.0682,0.0736,0.1318,6,10,0,0,5,0,3,1,0,0,1.3215,0.3629,0.0,0.0,1.2269,0.0,0.0959,0.0279,0.0,0.0,14,11,14.65,25.25
4044415,2022-10-21,usa,2022,MLS,,,6637,LA Galaxy,867280,Los Angeles FC,0,2,3,61,39,11,14,4,5,4,7,3,2,1,0,3,10,8,4,2,7,0,5,0,2,9,24,11,18,2,3,0,0,1,2,21,20,9,14,2,3,12,14,2,2,48,47,43.0,34.0,5.0,13.0,6.0,4.0,536,335,449.0,257.0,209,139,240,118,34.0,23.0,1.0,4.0,0.39,2.61,0.36,1.32,0.03,1.29,0.39,2.61,1.21,2.66,0,3,2,4,1,3,3,2,5,2,0.0,1.3325,0.1512,1.0666,0.0396,0.1245,0.0682,0.0471,0.1318,0.0736,10,6,0,0,0,5,1,3,0,0,0.3629,1.3215,0.0,0.0,0.0,1.2269,0.0279,0.0959,0.0,0.0,11,14,25.25,14.65
4044414,2022-10-23,usa,2022,MLS,,Drew Fischer,161195,CF Montreal,546238,New York City FC,1,1,3,64,36,18,5,8,4,6,1,4,0,1,0,15,4,3,1,7,0,8,3,7,0,35,14,10,13,3,3,0,0,3,2,20,17,12,12,0,4,7,32,1,7,58,36,41.0,30.0,17.0,6.0,8.0,4.0,533,318,451.0,225.0,150,100,301,125,27.0,14.0,13.0,0.0,2.79,1.77,2.55,0.94,0.24,0.04,2.79,0.98,2.74,2.85,6,1,8,2,1,1,2,1,1,0,1.5397,0.4292,1.088,1.2364,0.0562,0.0656,0.0813,0.035,0.0248,0.0,16,2,0,1,2,0,0,1,0,1,2.554,0.4948,0.0,0.448,0.236,0.0,0.0,0.035,0.0,0.7884,18,5,11.24,14.12
4044414,2022-10-23,usa,2022,MLS,,Drew Fischer,546238,New York City FC,161195,CF Montreal,0,3,1,36,64,5,18,4,8,1,6,0,4,0,1,4,15,1,3,0,7,3,8,0,7,14,35,13,10,3,3,0,0,2,3,17,20,12,12,4,0,32,7,7,1,36,58,30.0,41.0,6.0,17.0,4.0,8.0,318,533,225.0,451.0,100,150,125,301,14.0,27.0,0.0,13.0,1.77,2.79,0.94,2.55,0.04,0.24,0.98,2.79,2.85,2.74,1,6,2,8,1,1,1,2,0,1,0.4292,1.5397,1.2364,1.088,0.0656,0.0562,0.035,0.0813,0.0,0.0248,2,16,1,0,0,2,1,0,1,0,0.4948,2.554,0.448,0.0,0.0,0.236,0.035,0.0,0.7884,0.0,5,18,14.12,11.24
4044416,2022-10-24,usa,2022,MLS,,Joe Dickerson,1218886,Austin FC,6399,FC Dallas,1,2,1,47,53,18,9,6,5,8,2,4,2,0,0,11,5,7,4,11,3,2,1,1,0,28,14,12,13,2,2,0,0,0,1,15,18,3,5,2,5,19,28,4,3,44,40,30.0,32.0,14.0,8.0,3.0,3.0,389,447,328.0,374.0,157,206,171,168,21.0,19.0,9.0,5.0,1.41,0.57,0.94,0.51,0.47,0.06,1.41,0.57,1.95,1.28,1,1,10,4,0,0,6,4,1,0,0.2221,0.0339,0.8899,0.355,0.0,0.0,0.2766,0.1782,0.0282,0.0,12,8,0,0,4,0,2,1,0,0,0.947,0.5105,0.0,0.0,0.3922,0.0,0.0776,0.0567,0.0,0.0,18,9,16.48,17.13
4044416,2022-10-24,usa,2022,MLS,,Joe Dickerson,6399,FC Dallas,1218886,Austin FC,0,1,2,53,47,9,18,5,6,2,8,2,4,0,0,5,11,4,7,3,11,1,2,0,1,14,28,13,12,2,2,0,0,1,0,18,15,5,3,5,2,28,19,3,4,40,44,32.0,30.0,8.0,14.0,3.0,3.0,447,389,374.0,328.0,206,157,168,171,19.0,21.0,5.0,9.0,0.57,1.41,0.51,0.94,0.06,0.47,0.57,1.41,1.28,1.95,1,1,4,10,0,0,4,6,0,1,0.0339,0.2221,0.355,0.8899,0.0,0.0,0.1782,0.2766,0.0,0.0282,8,12,0,0,0,4,1,2,0,0,0.5105,0.947,0.0,0.0,0.0,0.3922,0.0567,0.0776,0.0,0.0,9,18,17.13,16.48
4050323,2022-10-30,usa,2022,MLS,,Armando Villarreal,867280,Los Angeles FC,1218886,Austin FC,1,3,0,51,49,22,7,10,1,8,2,4,4,1,0,14,4,8,3,11,5,3,0,3,0,35,8,17,12,1,3,0,0,3,1,16,24,12,10,4,5,17,10,1,7,53,60,32.0,42.0,21.0,18.0,4.0,3.0,389,371,317.0,276.0,148,180,169,96,35.0,14.0,7.0,2.0,2.14,0.27,1.72,0.07,0.41,0.2,2.14,0.27,1.6,0.05,1,0,7,3,6,1,6,2,2,1,0.2509,0.0,0.7257,0.1421,0.7152,0.0371,0.3811,0.0648,0.0642,0.0219,14,4,1,0,5,2,2,1,0,0,1.5647,0.1018,0.1574,0.0,0.3406,0.1309,0.0743,0.0332,0.0,0.0,22,7,15.98,18.18
4050323,2022-10-30,usa,2022,MLS,,Armando Villarreal,1218886,Austin FC,867280,Los Angeles FC,0,0,3,49,51,7,22,1,10,2,8,4,4,0,1,4,14,3,8,5,11,0,3,0,3,8,35,12,17,3,1,0,0,1,3,24,16,10,12,5,4,10,17,7,1,60,53,42.0,32.0,18.0,21.0,3.0,4.0,371,389,276.0,317.0,180,148,96,169,14.0,35.0,2.0,7.0,0.27,2.14,0.07,1.72,0.2,0.41,0.27,2.14,0.05,1.6,0,1,3,7,1,6,2,6,1,2,0.0,0.2509,0.1421,0.7257,0.0371,0.7152,0.0648,0.3811,0.0219,0.0642,4,14,0,1,2,5,1,2,0,0,0.1018,1.5647,0.0,0.1574,0.1309,0.3406,0.0332,0.0743,0.0,0.0,7,22,18.18,15.98
4050324,2022-10-31,usa,2022,MLS,,Allen Chapman,191716,Philadelphia Union,546238,New York City FC,1,3,1,35,65,10,13,6,4,2,3,2,6,0,0,5,4,5,9,3,3,3,0,0,0,15,13,19,9,2,0,0,0,2,1,25,12,16,12,5,2,10,19,3,3,62,49,43.0,38.0,19.0,11.0,9.0,8.0,309,580,209.0,496.0,105,229,104,267,24.0,22.0,2.0,6.0,1.71,0.6,1.42,0.5,0.29,0.09,1.71,0.6,2.68,1.16,1,1,2,3,2,0,4,7,1,2,0.6861,0.1096,0.4839,0.2108,0.3596,0.0,0.1571,0.2298,0.0194,0.0488,9,12,0,0,0,0,1,1,0,0,1.4187,0.5046,0.0,0.0,0.0,0.0,0.2875,0.0944,0.0,0.0,10,13,19.76,20.31
4050324,2022-10-31,usa,2022,MLS,,Allen Chapman,546238,New York City FC,191716,Philadelphia Union,0,1,3,65,35,13,10,4,6,3,2,6,2,0,0,4,5,9,5,3,3,0,3,0,0,13,15,9,19,0,2,0,0,1,2,12,25,12,16,2,5,19,10,3,3,49,62,38.0,43.0,11.0,19.0,8.0,9.0,580,309,496.0,209.0,229,105,267,104,22.0,24.0,6.0,2.0,0.6,1.71,0.5,1.42,0.09,0.29,0.6,1.71,1.16,2.68,1,1,3,2,0,2,7,4,2,1,0.1096,0.6861,0.2108,0.4839,0.0,0.3596,0.2298,0.1571,0.0488,0.0194,12,9,0,0,0,0,1,1,0,0,0.5046,1.4187,0.0,0.0,0.0,0.0,0.0944,0.2875,0.0,0.0,13,10,20.31,19.76
4050325,2022-11-05,usa,2022,MLS,,Ismail Elfath,867280,Los Angeles FC,191716,Philadelphia Union,1,3,3,47,53,16,17,8,3,2,9,6,5,0,0,9,8,7,9,4,5,2,3,1,0,24,32,15,26,2,2,1,0,0,8,19,21,9,6,4,6,39,19,1,5,82,68,50.0,40.0,32.0,28.0,7.0,6.0,450,497,315.0,359.0,144,181,171,178,25.0,47.0,5.0,5.0,0.97,1.63,0.43,0.35,0.54,1.28,0.97,1.63,1.64,1.74,1,1,10,9,2,1,4,7,3,2,0.2104,0.6843,3.6479,3.0201,0.0586,0.0365,0.1389,0.1776,0.0698,0.0718,11,9,0,0,1,5,4,3,4,3,0.4329,0.3838,0.0,0.0,0.1576,1.0542,0.3815,0.1871,3.1536,2.3652,20,20,17.08,18.84
4050325,2022-11-05,usa,2022,MLS,,Ismail Elfath,191716,Philadelphia Union,867280,Los Angeles FC,0,3,3,53,47,17,16,3,8,9,2,5,6,0,0,8,9,9,7,5,4,3,2,0,1,32,24,26,15,2,2,0,1,8,0,21,19,6,9,6,4,19,39,5,1,68,82,40.0,50.0,28.0,32.0,6.0,7.0,497,450,359.0,315.0,181,144,178,171,47.0,25.0,5.0,5.0,1.63,0.97,0.35,0.43,1.28,0.54,1.63,0.97,1.74,1.64,1,1,9,10,1,2,7,4,2,3,0.6843,0.2104,3.0201,3.6479,0.0365,0.0586,0.1776,0.1389,0.0718,0.0698,9,11,0,0,5,1,3,4,3,4,0.3838,0.4329,0.0,0.0,1.0542,0.1576,0.1871,0.3815,2.3652,3.1536,20,20,18.84,17.08
