match_id,date,league,season,competition,round,referee,team_id,team,opp_id,opp,is_home,gf,ga,poss,poss_ag,shots,shots_ag,sot,sot_ag,shots_off,shots_off_ag,shots_blocked,shots_blocked_ag,woodwork,woodwork_ag,shots_box,shots_box_ag,shots_obox,shots_obox_ag,corners,corners_ag,bigchance,bigchance_ag,bigchance_missed,bigchance_missed_ag,touches_box,touches_box_ag,fouls,fouls_ag,yellow,yellow_ag,red,red_ag,offsides,offsides_ag,tackles,tackles_ag,interceptions,interceptions_ag,blocks,blocks_ag,clearances,clearances_ag,saves,saves_ag,duels_won,duels_won_ag,ground_duels_won,ground_duels_won_ag,aerials_won,aerials_won_ag,dribbles,dribbles_ag,passes,passes_ag,passes_acc,passes_acc_ag,passes_own_half,passes_own_half_ag,passes_opp_half,passes_opp_half_ag,long_balls_acc,long_balls_acc_ag,crosses_acc,crosses_acc_ag,xg,xg_ag,xg_op,xg_op_ag,xg_sp,xg_sp_ag,xg_np,xg_np_ag,xgot,xgot_ag,z_sixyard,z_sixyard_ag,z_box_c,z_box_c_ag,z_box_w,z_box_w_ag,z_out_c,z_out_c_ag,z_out_w,z_out_w_ag,z_sixyard_xg,z_sixyard_xg_ag,z_box_c_xg,z_box_c_xg_ag,z_box_w_xg,z_box_w_xg_ag,z_out_c_xg,z_out_c_xg_ag,z_out_w_xg,z_out_w_xg_ag,s_open,s_open_ag,s_fastbreak,s_fastbreak_ag,s_corner,s_corner_ag,s_freekick,s_freekick_ag,s_penalty,s_penalty_ag,s_open_xg,s_open_xg_ag,s_fastbreak_xg,s_fastbreak_xg_ag,s_corner_xg,s_corner_xg_ag,s_freekick_xg,s_freekick_xg_ag,s_penalty_xg,s_penalty_xg_ag,shotmap_n,shotmap_n_ag,shot_dist_avg,shot_dist_avg_ag
3552855,2021-04-17,usa,2021,MLS,,,8259,Houston Dynamo FC,6603,San Jose Earthquakes,1,2,1,40,60,17,8,6,4,4,3,7,1,1,0,11,5,6,3,5,2,1,1,0,1,22,12,14,15,3,3,0,0,4,2,13,13,13,11,1,7,8,13,3,4,42,45,32.0,31.0,10.0,14.0,5.0,4.0,286,448,206.0,353.0,68,232,138,121,13.0,22.0,2.0,3.0,1.27,1.23,1.15,1.09,0.12,0.14,1.27,1.23,1.88,0.98,0,2,7,1,4,2,4,1,2,2,0.0,1.0462,0.8429,0.0105,0.1247,0.4434,0.2237,0.026,0.0767,0.0483,13,3,1,2,2,2,1,1,0,0,1.1018,0.083,0.0507,1.384,0.1082,0.0796,0.0074,0.0277,0.0,0.0,17,8,18.15,19.12
3552855,2021-04-17,usa,2021,MLS,,,6603,San Jose Earthquakes,8259,Houston Dynamo FC,0,1,2,60,40,8,17,4,6,3,4,1,7,0,1,5,11,3,6,2,5,1,1,1,0,12,22,15,14,3,3,0,0,2,4,13,13,11,13,7,1,13,8,4,3,45,42,31.0,32.0,14.0,10.0,4.0,5.0,448,286,353.0,206.0,232,68,121,138,22.0,13.0,3.0,2.0,1.23,1.27,1.09,1.15,0.14,0.12,1.23,1.27,0.98,1.88,2,0,1,7,2,4,1,4,2,2,1.0462,0.0,0.0105,0.8429,0.4434,0.1247,0.026,0.2237,0.0483,0.0767,3,13,2,1,2,2,1,1,0,0,0.083,1.1018,1.384,0.0507,0.0796,0.1082,0.0277,0.0074,0.0,0.0,8,17,19.12,18.15
3552861,2021-04-17,usa,2021,MLS,,,867280,Los Angeles FC,1218886,Austin FC,1,2,0,44,56,24,12,9,3,8,7,7,2,1,0,13,8,11,4,10,7,3,1,2,1,38,22,14,6,0,0,0,0,2,0,24,22,14,13,2,7,19,16,3,7,55,65,42.0,54.0,13.0,11.0,12.0,18.0,390,488,312.0,409.0,144,246,168,163,24.0,42.0,6.0,6.0,2.46,0.75,1.74,0.61,0.71,0.14,2.46,0.75,2.1,0.55,3,1,6,4,4,3,7,4,4,0,0.6827,0.2875,1.0925,0.2948,0.21,0.1011,0.3658,0.0704,0.1049,0.0,14,7,2,1,6,3,2,1,0,0,1.5645,0.3257,0.1796,0.2875,0.6238,0.058,0.0881,0.0826,0.0,0.0,24,12,17.91,18.12
3552861,2021-04-17,usa,2021,MLS,,,1218886,Austin FC,867280,Los Angeles FC,0,0,2,56,44,12,24,3,9,7,8,2,7,0,1,8,13,4,11,7,10,1,3,1,2,22,38,6,14,0,0,0,0,0,2,22,24,13,14,7,2,16,19,7,3,65,55,54.0,42.0,11.0,13.0,18.0,12.0,488,390,409.0,312.0,246,144,163,168,42.0,24.0,6.0,6.0,0.75,2.46,0.61,1.74,0.14,0.71,0.75,2.46,0.55,2.1,1,3,4,6,3,4,4,7,0,4,0.2875,0.6827,0.2948,1.0925,0.1011,0.21,0.0704,0.3658,0.0,0.1049,7,14,1,2,3,6,1,2,0,0,0.3257,1.5645,0.2875,0.1796,0.058,0.6238,0.0826,0.0881,0.0,0.0,12,24,18.12,17.91
3552862,2021-04-17,usa,2021,MLS,,,267810,Orlando City,773958,Atlanta United,1,0,0,40,60,11,11,3,3,6,6,2,2,0,0,6,6,5,5,3,4,0,1,0,1,21,20,9,12,0,0,0,0,2,2,18,16,2,7,2,2,19,12,3,3,54,42,41.0,35.0,13.0,7.0,11.0,10.0,340,500,277.0,441.0,164,249,113,192,18.0,33.0,4.0,4.0,1.29,1.16,0.95,0.59,0.34,0.57,1.29,1.16,0.17,0.19,1,2,4,4,1,0,4,3,1,2,0.4692,0.5733,0.5301,0.4085,0.0599,0.0,0.1656,0.0968,0.0658,0.0837,8,8,0,0,2,1,1,2,0,0,0.9488,0.5943,0.0,0.0,0.2022,0.1112,0.1397,0.4568,0.0,0.0,11,11,14.91,18.59
3552862,2021-04-17,usa,2021,MLS,,,773958,Atlanta United,267810,Orlando City,0,0,0,60,40,11,11,3,3,6,6,2,2,0,0,6,6,5,5,4,3,1,0,1,0,20,21,12,9,0,0,0,0,2,2,16,18,7,2,2,2,12,19,3,3,42,54,35.0,41.0,7.0,13.0,10.0,11.0,500,340,441.0,277.0,249,164,192,113,33.0,18.0,4.0,4.0,1.16,1.29,0.59,0.95,0.57,0.34,1.16,1.29,0.19,0.17,2,1,4,4,0,1,3,4,2,1,0.5733,0.4692,0.4085,0.5301,0.0,0.0599,0.0968,0.1656,0.0837,0.0658,8,8,0,0,1,2,2,1,0,0,0.5943,0.9488,0.0,0.0,0.1112,0.2022,0.4568,0.1397,0.0,0.0,11,11,18.59,14.91
3552864,2021-04-17,usa,2021,MLS,,,130394,Seattle Sounders FC,207242,Minnesota United,1,4,0,50,50,17,17,9,5,3,8,5,4,0,1,11,6,6,11,6,3,4,2,1,2,23,18,13,19,3,2,0,0,0,4,22,15,12,10,5,5,22,22,4,5,69,49,53.0,35.0,16.0,14.0,15.0,7.0,414,406,316.0,321.0,187,98,129,223,24.0,23.0,3.0,3.0,2.89,1.02,1.62,0.71,0.48,0.31,2.1,1.02,3.82,0.14,2,0,7,5,2,1,5,4,1,7,0.7435,0.0,1.8663,0.5792,0.1123,0.1216,0.1497,0.1536,0.016,0.1647,10,14,0,0,5,0,1,3,1,0,1.6192,0.7114,0.0,0.0,0.4539,0.0,0.0263,0.3076,0.7884,0.0,17,17,16.27,22.22
3552864,2021-04-17,usa,2021,MLS,,,207242,Minnesota United,130394,Seattle Sounders FC,0,0,4,50,50,17,17,5,9,8,3,4,5,1,0,6,11,11,6,3,6,2,4,2,1,18,23,19,13,2,3,0,0,4,0,15,22,10,12,5,5,22,22,5,4,49,69,35.0,53.0,14.0,16.0,7.0,15.0,406,414,321.0,316.0,98,187,223,129,23.0,24.0,3.0,3.0,1.02,2.89,0.71,1.62,0.31,0.48,1.02,2.1,0.14,3.82,0,2,5,7,1,2,4,5,7,1,0.0,0.7435,0.5792,1.8663,0.1216,0.1123,0.1536,0.1497,0.1647,0.016,14,10,0,0,0,5,3,1,0,1,0.7114,1.6192,0.0,0.0,0.0,0.4539,0.3076,0.0263,0.0,0.7884,17,17,22.22,16.27
3552879,2021-04-17,usa,2021,MLS,,,161195,CF Montreal,56453,Toronto FC,1,4,2,51,49,12,12,5,3,3,8,4,1,0,0,8,7,4,5,4,1,1,5,0,3,14,14,14,12,1,2,0,0,2,0,23,19,17,8,1,4,6,8,1,1,51,48,45.0,46.0,6.0,2.0,11.0,13.0,516,504,451.0,437.0,308,203,143,234,30.0,13.0,3.0,2.0,1.24,1.92,1.1,1.02,0.14,0.11,1.24,1.13,1.94,2.07,1,0,6,5,1,2,3,2,1,3,0.0768,0.0,0.9533,1.5565,0.0853,0.1865,0.1056,0.0963,0.0162,0.0789,8,9,2,0,1,0,1,2,0,1,0.8866,1.0206,0.2111,0.0,0.0768,0.0,0.0626,0.1093,0.0,0.7884,12,12,17.77,17.9
3552879,2021-04-17,usa,2021,MLS,,,56453,Toronto FC,161195,CF Montreal,0,2,4,49,51,12,12,3,5,8,3,1,4,0,0,7,8,5,4,1,4,5,1,3,0,14,14,12,14,2,1,0,0,0,2,19,23,8,17,4,1,8,6,1,1,48,51,46.0,45.0,2.0,6.0,13.0,11.0,504,516,437.0,451.0,203,308,234,143,13.0,30.0,2.0,3.0,1.92,1.24,1.02,1.1,0.11,0.14,1.13,1.24,2.07,1.94,0,1,5,6,2,1,2,3,3,1,0.0,0.0768,1.5565,0.9533,0.1865,0.0853,0.0963,0.1056,0.0789,0.0162,9,8,0,2,0,1,2,1,1,0,1.0206,0.8866,0.0,0.2111,0.0,0.0768,0.1093,0.0626,0.7884,0.0,12,12,17.9,17.77
3552856,2021-04-18,usa,2021,MLS,,,960720,Inter Miami CF,6637,LA Galaxy,1,2,3,34,66,19,6,8,5,8,0,3,1,0,0,13,5,6,1,6,3,4,2,2,0,30,15,9,14,2,0,0,0,0,0,21,17,6,4,1,3,16,12,2,6,52,36,43.0,31.0,9.0,5.0,8.0,5.0,262,522,217.0,474.0,84,247,133,227,24.0,33.0,4.0,3.0,2.33,1.53,1.28,1.45,0.25,0.08,1.54,1.53,3.26,1.78,0,1,8,4,5,0,5,1,1,0,0.0,0.7711,1.7394,0.7223,0.3373,0.0,0.2082,0.0375,0.0404,0.0,13,4,1,0,2,0,2,2,1,0,1.2412,1.4472,0.1083,0.0,0.0554,0.0,0.1319,0.0836,0.7884,0.0,19,6,15.63,14.0
3552856,2021-04-18,usa,2021,MLS,,,6637,LA Galaxy,960720,Inter Miami CF,0,3,2,66,34,6,19,5,8,0,8,1,3,0,0,5,13,1,6,3,6,2,4,0,2,15,30,14,9,0,2,0,0,0,0,17,21,4,6,3,1,12,16,6,2,36,52,31.0,43.0,5.0,9.0,5.0,8.0,522,262,474.0,217.0,247,84,227,133,33.0,24.0,3.0,4.0,1.53,2.33,1.45,1.28,0.08,0.25,1.53,1.54,1.78,3.26,1,0,4,8,0,5,1,5,0,1,0.7711,0.0,0.7223,1.7394,0.0,0.3373,0.0375,0.2082,0.0,0.0404,4,13,0,1,0,2,2,2,0,1,1.4472,1.2412,0.0,0.1083,0.0,0.0554,0.0836,0.1319,0.0,0.7884,6,19,14.0,15.63
3552857,2021-04-18,usa,2021,MLS,,,6397,Chicago Fire FC,6580,New England Revolution,1,2,2,51,49,20,13,7,5,9,7,4,1,0,1,12,9,8,4,7,10,3,3,1,2,31,29,15,9,1,0,0,1,0,0,19,16,15,8,1,3,15,19,3,5,54,67,39.0,41.0,15.0,26.0,12.0,10.0,419,410,329.0,301.0,128,155,201,146,26.0,29.0,8.0,8.0,1.94,1.94,1.42,0.38,0.52,1.55,1.94,1.94,2.15,1.46,2,1,8,6,2,2,5,3,3,1,0.2484,0.4313,1.3376,1.1207,0.064,0.1421,0.1826,0.2261,0.1101,0.015,13,6,0,0,5,5,2,2,0,0,1.4179,0.3832,0.0,0.0,0.4102,0.7868,0.1145,0.7652,0.0,0.0,20,13,16.08,12.37
3552857,2021-04-18,usa,2021,MLS,,,6580,New England Revolution,6397,Chicago Fire FC,0,2,2,49,51,13,20,5,7,7,9,1,4,1,0,9,12,4,8,10,7,3,3,2,1,29,31,9,15,0,1,1,0,0,0,16,19,8,15,3,1,19,15,5,3,67,54,41.0,39.0,26.0,15.0,10.0,12.0,410,419,301.0,329.0,155,128,146,201,29.0,26.0,8.0,8.0,1.94,1.94,0.38,1.42,1.55,0.52,1.94,1.94,1.46,2.15,1,2,6,8,2,2,3,5,1,3,0.4313,0.2484,1.1207,1.3376,0.1421,0.064,0.2261,0.1826,0.015,0.1101,6,13,0,0,5,5,2,2,0,0,0.3832,1.4179,0.0,0.0,0.7868,0.4102,0.7652,0.1145,0.0,0.0,13,20,12.37,16.08
3552858,2021-04-18,usa,2021,MLS,,,915807,Nashville SC,722265,FC Cincinnati,1,2,2,58,42,31,7,13,2,12,3,6,2,1,0,23,5,8,2,14,1,5,2,4,0,46,13,15,15,2,2,0,0,2,0,20,11,14,11,1,5,2,41,0,11,65,45,44.0,32.0,21.0,13.0,9.0,7.0,438,348,358.0,266.0,170,166,188,100,33.0,20.0,10.0,1.0,3.42,1.96,2.32,1.13,1.1,0.04,3.42,1.17,4.13,1.97,5,1,15,3,3,1,3,1,5,1,1.7104,0.9761,1.4833,0.8887,0.1078,0.0368,0.0627,0.0247,0.0787,0.0329,18,3,0,1,11,0,2,2,0,1,2.345,1.0935,0.0,0.0368,0.6646,0.0,0.4333,0.0406,0.0,0.7884,31,7,14.7,16.92
3552858,2021-04-18,usa,2021,MLS,,,722265,FC Cincinnati,915807,Nashville SC,0,2,2,42,58,7,31,2,13,3,12,2,6,0,1,5,23,2,8,1,14,2,5,0,4,13,46,15,15,2,2,0,0,0,2,11,20,11,14,5,1,41,2,11,0,45,65,32.0,44.0,13.0,21.0,7.0,9.0,348,438,266.0,358.0,166,170,100,188,20.0,33.0,1.0,10.0,1.96,3.42,1.13,2.32,0.04,1.1,1.17,3.42,1.97,4.13,1,5,3,15,1,3,1,3,1,5,0.9761,1.7104,0.8887,1.4833,0.0368,0.1078,0.0247,0.0627,0.0329,0.0787,3,18,1,0,0,11,2,2,1,0,1.0935,2.345,0.0368,0.0,0.0,0.6646,0.0406,0.4333,0.7884,0.0,7,31,16.92,14.7
3552859,2021-04-18,usa,2021,MLS,,,6602,DC United,546238,New York City FC,1,2,1,38,62,11,12,4,4,5,5,2,3,0,1,6,4,5,8,7,4,0,1,0,0,15,18,13,18,2,2,0,0,3,2,20,16,25,19,3,2,14,16,3,2,60,55,44.0,39.0,16.0,16.0,7.0,10.0,303,512,176.0,389.0,93,233,83,156,23.0,33.0,6.0,4.0,0.48,0.98,0.31,0.73,0.17,0.25,0.48,0.98,0.86,1.2,1,1,4,3,1,0,4,5,1,3,0.1472,0.306,0.1709,0.2595,0.015,0.0,0.1219,0.3139,0.0216,0.0994,6,8,0,0,2,2,3,2,0,0,0.3115,0.7277,0.0,0.0,0.1094,0.0739,0.0556,0.1772,0.0,0.0,11,12,18.44,19.42
3552859,2021-04-18,usa,2021,MLS,,,546238,New York City FC,6602,DC United,0,1,2,62,38,12,11,4,4,5,5,3,2,1,0,4,6,8,5,4,7,1,0,0,0,18,15,18,13,2,2,0,0,2,3,16,20,19,25,2,3,16,14,2,3,55,60,39.0,44.0,16.0,16.0,10.0,7.0,512,303,389.0,176.0,233,93,156,83,33.0,23.0,4.0,6.0,0.98,0.48,0.73,0.31,0.25,0.17,0.98,0.48,1.2,0.86,1,1,3,4,0,1,5,4,3,1,0.306,0.1472,0.2595,0.1709,0.0,0.015,0.3139,0.1219,0.0994,0.0216,8,6,0,0,2,2,2,3,0,0,0.7277,0.3115,0.0,0.0,0.0739,0.1094,0.1772,0.0556,0.0,0.0,12,11,19.42,18.44
3552860,2021-04-18,usa,2021,MLS,,,6399,FC Dallas,8314,Colorado Rapids,1,0,0,55,45,11,11,5,6,4,3,2,2,0,1,9,7,2,4,6,8,1,1,1,1,25,24,12,16,0,1,0,0,1,2,18,16,13,15,2,3,12,20,6,4,61,56,46.0,38.0,15.0,18.0,14.0,12.0,454,367,383.0,284.0,227,129,156,155,34.0,32.0,3.0,5.0,0.81,0.74,0.53,0.53,0.28,0.21,0.81,0.74,0.57,1.04,0,0,8,4,1,3,1,4,1,0,0.0,0.0,0.7343,0.3884,0.0141,0.2125,0.0328,0.1404,0.0262,0.0,6,9,0,0,3,2,2,0,0,0,0.5318,0.532,0.0,0.0,0.2224,0.2093,0.0533,0.0,0.0,0.0,11,11,15.01,18.66
3552860,2021-04-18,usa,2021,MLS,,,8314,Colorado Rapids,6399,FC Dallas,0,0,0,45,55,11,11,6,5,3,4,2,2,1,0,7,9,4,2,8,6,1,1,1,1,24,25,16,12,1,0,0,0,2,1,16,18,15,13,3,2,20,12,4,6,56,61,38.0,46.0,18.0,15.0,12.0,14.0,367,454,284.0,383.0,129,227,155,156,32.0,34.0,5.0,3.0,0.74,0.81,0.53,0.53,0.21,0.28,0.74,0.81,1.04,0.57,0,0,4,8,3,1,4,1,0,1,0.0,0.0,0.3884,0.7343,0.2125,0.0141,0.1404,0.0328,0.0,0.0262,9,6,0,0,2,3,0,2,0,0,0.532,0.5318,0.0,0.0,0.2093,0.2224,0.0,0.0533,0.0,0.0,11,11,18.66,15.01
3552863,2021-04-18,usa,2021,MLS,,,6514,New York Red Bulls,6604,Sporting Kansas City,1,1,2,51,49,12,8,3,3,6,3,3,2,0,0,6,6,6,2,3,8,0,2,0,0,30,20,10,6,1,1,0,0,5,0,19,14,22,12,2,3,17,30,1,2,63,55,26.0,30.0,37.0,25.0,1.0,10.0,455,434,302.0,295.0,137,98,165,197,31.0,36.0,5.0,6.0,0.94,1.79,0.76,0.97,0.17,0.04,0.94,1.0,0.89,1.84,1,1,5,4,0,1,4,2,2,0,0.0568,0.6209,0.6399,1.0383,0.0,0.052,0.0823,0.0819,0.0357,0.0,10,6,0,0,2,1,0,0,0,1,0.7415,0.9689,0.0,0.0,0.0732,0.0358,0.0,0.0,0.0,0.7884,12,8,17.88,13.99
3552863,2021-04-18,usa,2021,MLS,,,6604,Sporting Kansas City,6514,New York Red Bulls,0,2,1,49,51,8,12,3,3,3,6,2,3,0,0,6,6,2,6,8,3,2,0,0,0,20,30,6,10,1,1,0,0,0,5,14,19,12,22,3,2,30,17,2,1,55,63,30.0,26.0,25.0,37.0,10.0,1.0,434,455,295.0,302.0,98,137,197,165,36.0,31.0,6.0,5.0,1.79,0.94,0.97,0.76,0.04,0.17,1.0,0.94,1.84,0.89,1,1,4,5,1,0,2,4,0,2,0.6209,0.0568,1.0383,0.6399,0.052,0.0,0.0819,0.0823,0.0,0.0357,6,10,0,0,1,2,0,0,1,0,0.9689,0.7415,0.0,0.0,0.0358,0.0732,0.0,0.0,0.7884,0.0,8,12,13.99,17.88
3552865,2021-04-18,usa,2021,MLS,,,6001,Columbus Crew,191716,Philadelphia Union,1,0,0,48,52,12,15,6,5,5,8,1,2,1,1,5,10,7,5,1,6,2,0,2,0,13,26,12,18,2,4,0,0,1,2,16,24,10,10,2,1,18,6,5,6,62,65,42.0,39.0,20.0,26.0,8.0,6.0,376,394,290.0,292.0,139,128,151,164,32.0,31.0,4.0,8.0,1.32,1.36,0.3,0.29,1.02,1.07,1.32,1.36,0.7,0.25,1,2,4,7,0,1,5,3,2,2,0.8564,0.2849,0.2789,0.4775,0.0,0.0211,0.2104,0.1606,0.0466,0.0293,7,6,0,0,1,5,4,4,0,0,0.3042,0.211,0.0,0.0,0.0282,0.448,1.0599,0.3143,0.0,0.0,12,15,19.04,15.11
3552865,2021-04-18,usa,2021,MLS,,,191716,Philadelphia Union,6001,Columbus Crew,0,0,0,52,48,15,12,5,6,8,5,2,1,1,1,10,5,5,7,6,1,0,2,0,2,26,13,18,12,4,2,0,0,2,1,24,16,10,10,1,2,6,18,6,5,65,62,39.0,42.0,26.0,20.0,6.0,8.0,394,376,292.0,290.0,128,139,164,151,31.0,32.0,8.0,4.0,1.36,1.32,0.29,0.3,1.07,1.02,1.36,1.32,0.25,0.7,2,1,7,4,1,0,3,5,2,2,0.2849,0.8564,0.4775,0.2789,0.0211,0.0,0.1606,0.2104,0.0293,0.0466,6,7,0,0,5,1,4,4,0,0,0.211,0.3042,0.0,0.0,0.448,0.0282,0.3143,1.0599,0.0,0.0,15,12,15.11,19.04
3552880,2021-04-19,usa,2021,MLS,,,307691,Vancouver Whitecaps,307690,Portland Timbers,1,1,0,51,49,6,7,2,2,1,3,3,2,1,1,2,6,4,1,5,2,1,2,0,2,10,20,15,14,2,1,0,0,0,3,18,15,7,10,2,3,15,12,2,1,55,46,40.0,34.0,15.0,12.0,11.0,5.0,422,401,350.0,327.0,214,179,136,148,40.0,24.0,2.0,6.0,0.38,1.09,0.05,0.48,0.33,0.61,0.38,1.09,0.69,0.41,1,2,1,3,0,1,3,0,1,1,0.211,0.3395,0.0752,0.6842,0.0,0.0478,0.062,0.0,0.0315,0.0163,2,4,0,0,2,1,2,2,0,0,0.0509,0.4786,0.0,0.0,0.2424,0.291,0.0863,0.3181,0.0,0.0,6,7,19.55,13.11
3552880,2021-04-19,usa,2021,MLS,,,307690,Portland Timbers,307691,Vancouver Whitecaps,0,0,1,49,51,7,6,2,2,3,1,2,3,1,1,6,2,1,4,2,5,2,1,2,0,20,10,14,15,1,2,0,0,3,0,15,18,10,7,3,2,12,15,1,2,46,55,34.0,40.0,12.0,15.0,5.0,11.0,401,422,327.0,350.0,179,214,148,136,24.0,40.0,6.0,2.0,1.09,0.38,0.48,0.05,0.61,0.33,1.09,0.38,0.41,0.69,2,1,3,1,1,0,0,3,1,1,0.3395,0.211,0.6842,0.0752,0.0478,0.0,0.0,0.062,0.0163,0.0315,4,2,0,0,1,2,2,2,0,0,0.4786,0.0509,0.0,0.0,0.291,0.2424,0.3181,0.0863,0.0,0.0,7,6,13.11,19.55
3552866,2021-04-23,usa,2021,MLS,,,6604,Sporting Kansas City,267810,Orlando City,1,1,1,40,60,9,11,5,4,2,4,2,3,0,0,3,6,6,5,3,4,0,4,0,4,13,24,16,12,1,2,0,0,3,4,15,21,12,8,3,2,20,13,3,4,41,52,33.0,43.0,8.0,9.0,7.0,8.0,342,517,283.0,434.0,139,271,144,163,23.0,37.0,2.0,2.0,0.4,0.74,0.3,0.69,0.1,0.06,0.4,0.74,0.78,0.58,0,0,2,4,1,2,5,3,1,2,0.0,0.0,0.1543,0.5273,0.0211,0.0883,0.2099,0.1101,0.0138,0.0348,5,8,0,0,0,3,4,0,0,0,0.3003,0.7032,0.0,0.0,0.0,0.0573,0.0988,0.0,0.0,0.0,9,11,23.0,18.52
3552866,2021-04-23,usa,2021,MLS,,,267810,Orlando City,6604,Sporting Kansas City,0,1,1,60,40,11,9,4,5,4,2,3,2,0,0,6,3,5,6,4,3,4,0,4,0,24,13,12,16,2,1,0,0,4,3,21,15,8,12,2,3,13,20,4,3,52,41,43.0,33.0,9.0,8.0,8.0,7.0,517,342,434.0,283.0,271,139,163,144,37.0,23.0,2.0,2.0,0.74,0.4,0.69,0.3,0.06,0.1,0.74,0.4,0.58,0.78,0,0,4,2,2,1,3,5,2,1,0.0,0.0,0.5273,0.1543,0.0883,0.0211,0.1101,0.2099,0.0348,0.0138,8,5,0,0,3,0,0,4,0,0,0.7032,0.3003,0.0,0.0,0.0573,0.0,0.0,0.0988,0.0,0.0,11,9,18.52,23.0
3552874,2021-04-24,usa,2021,MLS,,,6603,San Jose Earthquakes,6399,FC Dallas,1,3,1,54,46,15,8,7,4,5,3,3,1,0,1,11,8,4,0,3,5,4,4,2,3,24,31,16,18,4,3,1,0,0,0,23,19,13,18,2,3,15,13,2,3,54,59,50.0,47.0,4.0,12.0,10.0,15.0,480,402,405.0,323.0,214,181,191,142,29.0,19.0,4.0,3.0,2.99,1.5,1.38,1.33,0.03,0.17,1.41,1.5,4.3,2.19,1,1,5,5,5,2,4,0,0,0,0.3728,0.7723,2.3308,0.9805,0.1938,0.0721,0.0922,0.0,0.0,0.0,9,5,2,0,1,3,1,0,2,0,0.3676,1.6528,1.0133,0.0,0.0188,0.1721,0.0131,0.0,1.5768,0.0,15,8,16.59,11.9
3552874,2021-04-24,usa,2021,MLS,,,6399,FC Dallas,6603,San Jose Earthquakes,0,1,3,46,54,8,15,4,7,3,5,1,3,1,0,8,11,0,4,5,3,4,4,3,2,31,24,18,16,3,4,0,1,0,0,19,23,18,13,3,2,13,15,3,2,59,54,47.0,50.0,12.0,4.0,15.0,10.0,402,480,323.0,405.0,181,214,142,191,19.0,29.0,3.0,4.0,1.5,2.99,1.33,1.38,0.17,0.03,1.5,1.41,2.19,4.3,1,1,5,5,2,5,0,4,0,0,0.7723,0.3728,0.9805,2.3308,0.0721,0.1938,0.0,0.0922,0.0,0.0,5,9,0,2,3,1,0,1,0,2,1.6528,0.3676,0.0,1.0133,0.1721,0.0188,0.0,0.0131,0.0,1.5768,8,15,11.9,16.59
3552875,2021-04-24,usa,2021,MLS,,,546238,New York City FC,722265,FC Cincinnati,1,5,0,53,47,22,13,10,5,7,4,5,4,1,0,13,10,9,3,6,6,1,3,0,3,30,20,18,14,2,2,0,0,0,2,23,17,6,8,2,4,16,21,5,6,59,56,46.0,46.0,13.0,10.0,9.0,11.0,456,403,381.0,327.0,192,230,189,97,19.0,32.0,6.0,6.0,2.01,1.34,0.89,0.25,1.13,1.1,2.01,1.34,2.14,1.9,2,4,9,5,2,1,7,3,2,0,0.7045,1.6191,0.8649,0.2975,0.0745,0.0157,0.3417,0.068,0.0305,0.0,13,5,0,0,5,7,4,1,0,0,0.8895,0.2452,0.0,0.0,0.3392,1.7102,0.7874,0.0449,0.0,0.0,22,13,16.97,13.03
3552875,2021-04-24,usa,2021,MLS,,,722265,FC Cincinnati,546238,New York City FC,0,0,5,47,53,13,22,5,10,4,7,4,5,0,1,10,13,3,9,6,6,3,1,3,0,20,30,14,18,2,2,0,0,2,0,17,23,8,6,4,2,21,16,6,5,56,59,46.0,46.0,10.0,13.0,11.0,9.0,403,456,327.0,381.0,230,192,97,189,32.0,19.0,6.0,6.0,1.34,2.01,0.25,0.89,1.1,1.13,1.34,2.01,1.9,2.14,4,2,5,9,1,2,3,7,0,2,1.6191,0.7045,0.2975,0.8649,0.0157,0.0745,0.068,0.3417,0.0,0.0305,5,13,0,0,7,5,1,4,0,0,0.2452,0.8895,0.0,0.0,1.7102,0.3392,0.0449,0.7874,0.0,0.0,13,22,13.03,16.97
3552881,2021-04-24,usa,2021,MLS,,,56453,Toronto FC,307691,Vancouver Whitecaps,1,2,2,52,48,12,8,5,6,5,1,2,1,1,0,9,5,3,3,7,5,3,3,1,1,30,16,13,9,2,1,0,0,3,0,11,17,7,7,1,2,13,25,4,3,36,50,24.0,37.0,12.0,13.0,5.0,7.0,421,386,356.0,314.0,134,145,222,169,20.0,30.0,6.0,4.0,1.83,1.55,0.85,0.41,0.98,0.36,1.83,0.77,2.72,3.04,2,0,5,4,2,1,3,3,0,0,0.9257,0.0,0.8128,1.1172,0.0905,0.0315,0.1184,0.4056,0.0,0.0,7,1,0,3,2,1,3,2,0,1,0.849,0.0656,0.0,0.3432,0.0973,0.1437,1.001,0.2133,0.0,0.7884,12,8,13.31,15.6
3552881,2021-04-24,usa,2021,MLS,,,307691,Vancouver Whitecaps,56453,Toronto FC,0,2,2,48,52,8,12,6,5,1,5,1,2,0,1,5,9,3,3,5,7,3,3,1,1,16,30,9,13,1,2,0,0,0,3,17,11,7,7,2,1,25,13,3,4,50,36,37.0,24.0,13.0,12.0,7.0,5.0,386,421,314.0,356.0,145,134,169,222,30.0,20.0,4.0,6.0,1.55,1.83,0.41,0.85,0.36,0.98,0.77,1.83,3.04,2.72,0,2,4,5,1,2,3,3,0,0,0.0,0.9257,1.1172,0.8128,0.0315,0.0905,0.4056,0.1184,0.0,0.0,1,7,3,0,1,2,2,3,1,0,0.0656,0.849,0.3432,0.0,0.1437,0.0973,0.2133,1.001,0.7884,0.0,8,12,15.6,13.31
3561581,2021-04-24,usa,2021,MLS,,,867280,Los Angeles FC,130394,Seattle Sounders FC,1,1,1,51,49,9,9,4,3,3,4,2,2,0,1,4,6,5,3,6,3,1,3,1,2,23,17,17,13,1,3,0,0,1,2,23,29,23,17,2,2,16,12,2,3,71,73,52.0,54.0,19.0,19.0,16.0,9.0,475,457,370.0,339.0,121,234,249,105,31.0,37.0,3.0,5.0,0.58,0.79,0.29,0.78,0.29,0.02,0.58,0.79,0.66,0.98,0,1,3,4,1,1,3,3,2,0,0.0,0.3804,0.3066,0.3409,0.0297,0.0325,0.1595,0.0692,0.0848,0.0,7,8,0,0,0,0,2,1,0,0,0.2891,0.8061,0.0,0.0,0.0,0.0,0.2915,0.0169,0.0,0.0,9,9,17.96,16.77
3561581,2021-04-24,usa,2021,MLS,,,130394,Seattle Sounders FC,867280,Los Angeles FC,0,1,1,49,51,9,9,3,4,4,3,2,2,1,0,6,4,3,5,3,6,3,1,2,1,17,23,13,17,3,1,0,0,2,1,29,23,17,23,2,2,12,16,3,2,73,71,54.0,52.0,19.0,19.0,9.0,16.0,457,475,339.0,370.0,234,121,105,249,37.0,31.0,5.0,3.0,0.79,0.58,0.78,0.29,0.02,0.29,0.79,0.58,0.98,0.66,1,0,4,3,1,1,3,3,0,2,0.3804,0.0,0.3409,0.3066,0.0325,0.0297,0.0692,0.1595,0.0,0.0848,8,7,0,0,0,0,1,2,0,0,0.8061,0.2891,0.0,0.0,0.0,0.0,0.0169,0.2915,0.0,0.0,9,9,16.77,17.96
3561649,2021-04-24,usa,2021,MLS,,,915807,Nashville SC,161195,CF Montreal,1,2,2,57,43,18,9,8,4,6,3,4,2,2,0,16,3,2,6,6,3,6,1,5,1,31,16,13,8,2,3,0,0,4,0,13,12,7,10,3,4,16,23,1,6,51,44,27.0,35.0,24.0,9.0,6.0,10.0,554,423,480.0,360.0,259,185,221,175,29.0,26.0,6.0,1.0,2.79,0.58,2.54,0.58,0.26,0.03,2.79,0.58,2.02,0.65,2,0,10,1,4,2,1,5,1,1,0.8246,0.0,1.9161,0.0462,0.1084,0.1008,0.031,0.4132,0.0575,0.0243,15,9,0,0,3,0,0,0,0,0,2.7568,0.5845,0.0,0.0,0.1808,0.0,0.0,0.0,0.0,0.0,18,9,13.21,21.05
3561649,2021-04-24,usa,2021,MLS,,,161195,CF Montreal,915807,Nashville SC,0,2,2,43,57,9,18,4,8,3,6,2,4,0,2,3,16,6,2,3,6,1,6,1,5,16,31,8,13,3,2,0,0,0,4,12,13,10,7,4,3,23,16,6,1,44,51,35.0,27.0,9.0,24.0,10.0,6.0,423,554,360.0,480.0,185,259,175,221,26.0,29.0,1.0,6.0,0.58,2.79,0.58,2.54,0.03,0.26,0.58,2.79,0.65,2.02,0,2,1,10,2,4,5,1,1,1,0.0,0.8246,0.0462,1.9161,0.1008,0.1084,0.4132,0.031,0.0243,0.0575,9,15,0,0,0,3,0,0,0,0,0.5845,2.7568,0.0,0.0,0.0,0.1808,0.0,0.0,0.0,0.0,9,18,21.05,13.21
3552867,2021-04-25,usa,2021,MLS,,,6637,LA Galaxy,6514,New York Red Bulls,1,3,2,47,53,7,14,5,6,1,5,1,3,0,0,6,8,1,6,1,7,3,1,0,0,14,27,12,14,2,2,0,0,2,0,15,21,12,15,3,1,24,8,4,2,50,57,36.0,46.0,14.0,11.0,8.0,14.0,411,447,306.0,352.0,179,173,127,179,29.0,24.0,3.0,3.0,2.17,0.97,2.17,0.46,0.0,0.5,2.17,0.97,2.53,1.8,2,2,3,3,1,3,1,5,0,1,1.1661,0.2902,0.8964,0.2494,0.0557,0.146,0.0498,0.2838,0.0,0.0154,7,10,0,0,0,1,0,3,0,0,2.1679,0.4638,0.0,0.0,0.0,0.0648,0.0,0.4562,0.0,0.0,7,14,12.73,17.39
3552867,2021-04-25,usa,2021,MLS,,,6514,New York Red Bulls,6637,LA Galaxy,0,2,3,53,47,14,7,6,5,5,1,3,1,0,0,8,6,6,1,7,1,1,3,0,0,27,14,14,12,2,2,0,0,0,2,21,15,15,12,1,3,8,24,2,4,57,50,46.0,36.0,11.0,14.0,14.0,8.0,447,411,352.0,306.0,173,179,179,127,24.0,29.0,3.0,3.0,0.97,2.17,0.46,2.17,0.5,0.0,0.97,2.17,1.8,2.53,2,2,3,3,3,1,5,1,1,0,0.2902,1.1661,0.2494,0.8964,0.146,0.0557,0.2838,0.0498,0.0154,0.0,10,7,0,0,1,0,3,0,0,0,0.4638,2.1679,0.0,0.0,0.0648,0.0,0.4562,0.0,0.0,0.0,14,7,17.39,12.73
3552868,2021-04-25,usa,2021,MLS,,,307690,Portland Timbers,8259,Houston Dynamo FC,1,2,1,47,53,23,10,5,3,13,3,5,4,0,0,15,7,8,3,4,6,3,3,3,3,26,21,17,14,2,2,0,0,1,1,15,13,13,15,4,5,21,11,3,3,52,51,37.0,34.0,15.0,17.0,8.0,4.0,432,484,338.0,377.0,152,180,186,197,26.0,36.0,6.0,3.0,2.59,0.64,2.28,0.54,0.3,0.11,2.59,0.64,0.65,0.69,1,2,9,4,5,1,7,3,1,0,0.4587,0.1639,1.1526,0.3138,0.3041,0.0633,0.2471,0.1032,0.0743,0.0,16,8,2,0,2,1,3,1,0,0,1.5603,0.5362,0.4663,0.0,0.1078,0.0595,0.1024,0.0484,0.0,0.0,23,10,17.37,15.32
3552868,2021-04-25,usa,2021,MLS,,,8259,Houston Dynamo FC,307690,Portland Timbers,0,1,2,53,47,10,23,3,5,3,13,4,5,0,0,7,15,3,8,6,4,3,3,3,3,21,26,14,17,2,2,0,0,1,1,13,15,15,13,5,4,11,21,3,3,51,52,34.0,37.0,17.0,15.0,4.0,8.0,484,432,377.0,338.0,180,152,197,186,36.0,26.0,3.0,6.0,0.64,2.59,0.54,2.28,0.11,0.3,0.64,2.59,0.69,0.65,2,1,4,9,1,5,3,7,0,1,0.1639,0.4587,0.3138,1.1526,0.0633,0.3041,0.1032,0.2471,0.0,0.0743,8,16,0,2,1,2,1,3,0,0,0.5362,1.5603,0.0,0.4663,0.0595,0.1078,0.0484,0.1024,0.0,0.0,10,23,15.32,17.37
3552869,2021-04-25,usa,2021,MLS,,,8314,Colorado Rapids,1218886,Austin FC,1,1,3,50,50,19,14,6,7,6,6,7,1,0,1,12,8,7,6,11,3,2,3,1,2,30,21,12,9,2,1,0,0,2,2,14,14,5,8,1,7,14,16,4,5,46,46,35.0,38.0,11.0,8.0,12.0,13.0,387,393,330.0,327.0,193,188,137,139,34.0,26.0,4.0,4.0,1.34,1.68,1.0,1.24,0.34,0.44,1.34,1.68,1.85,1.79,0,4,6,1,6,3,5,4,2,2,0.0,0.8075,0.7227,0.432,0.2445,0.1637,0.129,0.1967,0.0608,0.0757,10,11,2,0,7,2,0,1,0,0,0.672,1.2398,0.1839,0.0,0.3011,0.3999,0.0,0.0359,0.0,0.0,19,14,18.41,15.74
3552869,2021-04-25,usa,2021,MLS,,,1218886,Austin FC,8314,Colorado Rapids,0,3,1,50,50,14,19,7,6,6,6,1,7,1,0,8,12,6,7,3,11,3,2,2,1,21,30,9,12,1,2,0,0,2,2,14,14,8,5,7,1,16,14,5,4,46,46,38.0,35.0,8.0,11.0,13.0,12.0,393,387,327.0,330.0,188,193,139,137,26.0,34.0,4.0,4.0,1.68,1.34,1.24,1.0,0.44,0.34,1.68,1.34,1.79,1.85,4,0,1,6,3,6,4,5,2,2,0.8075,0.0,0.432,0.7227,0.1637,0.2445,0.1967,0.129,0.0757,0.0608,11,10,0,2,2,7,1,0,0,0,1.2398,0.672,0.0,0.1839,0.3999,0.3011,0.0359,0.0,0.0,0.0,14,19,15.74,18.41
3552870,2021-04-25,usa,2021,MLS,,,191716,Philadelphia Union,960720,Inter Miami CF,1,1,2,53,47,13,6,3,3,8,2,2,1,0,1,10,4,3,2,9,1,0,1,0,1,31,16,15,12,1,1,0,0,1,1,22,14,26,16,1,2,8,28,1,2,60,63,41.0,43.0,19.0,20.0,8.0,16.0,478,431,376.0,333.0,175,151,201,182,44.0,41.0,10.0,3.0,0.75,0.78,0.7,0.54,0.05,0.24,0.75,0.78,0.71,1.6,1,0,7,3,2,1,3,1,0,1,0.0882,0.0,0.3356,0.7247,0.1978,0.0186,0.1253,0.0251,0.0,0.0139,9,5,0,0,3,0,1,1,0,0,0.6969,0.543,0.0,0.0,0.0243,0.0,0.0257,0.2394,0.0,0.0,13,6,15.09,15.12
3552870,2021-04-25,usa,2021,MLS,,,960720,Inter Miami CF,191716,Philadelphia Union,0,2,1,47,53,6,13,3,3,2,8,1,2,1,0,4,10,2,3,1,9,1,0,1,0,16,31,12,15,1,1,0,0,1,1,14,22,16,26,2,1,28,8,2,1,63,60,43.0,41.0,20.0,19.0,16.0,8.0,431,478,333.0,376.0,151,175,182,201,41.0,44.0,3.0,10.0,0.78,0.75,0.54,0.7,0.24,0.05,0.78,0.75,1.6,0.71,0,1,3,7,1,2,1,3,1,0,0.0,0.0882,0.7247,0.3356,0.0186,0.1978,0.0251,0.1253,0.0139,0.0,5,9,0,0,0,3,1,1,0,0,0.543,0.6969,0.0,0.0,0.0,0.0243,0.2394,0.0257,0.0,0.0,6,13,15.12,15.09
3552871,2021-04-25,usa,2021,MLS,,,6580,New England Revolution,6602,DC United,1,1,0,50,50,6,6,2,1,3,2,1,3,0,1,1,4,5,2,6,5,0,0,0,0,19,20,18,21,4,3,0,0,1,1,12,19,12,15,3,1,23,18,1,2,63,51,44.0,38.0,19.0,13.0,12.0,4.0,377,377,276.0,276.0,120,142,156,134,23.0,31.0,3.0,4.0,0.22,0.24,0.17,0.19,0.05,0.05,0.22,0.24,0.04,0.03,0,0,0,4,1,0,5,1,0,1,0.0,0.0,0.0,0.1798,0.019,0.0,0.196,0.0254,0.0,0.0314,3,4,1,0,1,1,1,1,0,0,0.1106,0.1858,0.0571,0.0,0.019,0.0194,0.0284,0.0314,0.0,0.0,6,6,25.03,18.04
3552871,2021-04-25,usa,2021,MLS,,,6602,DC United,6580,New England Revolution,0,0,1,50,50,6,6,1,2,2,3,3,1,1,0,4,1,2,5,5,6,0,0,0,0,20,19,21,18,3,4,0,0,1,1,19,12,15,12,1,3,18,23,2,1,51,63,38.0,44.0,13.0,19.0,4.0,12.0,377,377,276.0,276.0,142,120,134,156,31.0,23.0,4.0,3.0,0.24,0.22,0.19,0.17,0.05,0.05,0.24,0.22,0.03,0.04,0,0,4,0,0,1,1,5,1,0,0.0,0.0,0.1798,0.0,0.0,0.019,0.0254,0.196,0.0314,0.0,4,3,0,1,1,1,1,1,0,0,0.1858,0.1106,0.0,0.0571,0.0194,0.019,0.0314,0.0284,0.0,0.0,6,6,18.04,25.03
3552872,2021-04-25,usa,2021,MLS,,,207242,Minnesota United,6606,Real Salt Lake,1,1,2,56,44,23,11,2,4,12,4,9,3,0,0,13,9,10,2,6,2,1,2,0,1,36,20,9,12,0,3,0,0,2,3,16,17,8,11,2,9,7,26,2,1,56,48,41.0,28.0,15.0,20.0,13.0,2.0,515,428,415.0,327.0,150,204,265,123,30.0,33.0,10.0,1.0,1.76,1.28,1.39,1.14,0.37,0.14,1.76,1.28,0.77,1.22,1,0,11,6,1,3,7,2,3,0,0.1376,0.0,1.306,1.1562,0.0351,0.078,0.2068,0.0476,0.0749,0.0,18,9,0,1,4,1,1,0,0,0,1.3927,0.9853,0.0,0.1525,0.3362,0.1442,0.0316,0.0,0.0,0.0,23,11,17.64,16.88
3552872,2021-04-25,usa,2021,MLS,,,6606,Real Salt Lake,207242,Minnesota United,0,2,1,44,56,11,23,4,2,4,12,3,9,0,0,9,13,2,10,2,6,2,1,1,0,20,36,12,9,3,0,0,0,3,2,17,16,11,8,9,2,26,7,1,2,48,56,28.0,41.0,20.0,15.0,2.0,13.0,428,515,327.0,415.0,204,150,123,265,33.0,30.0,1.0,10.0,1.28,1.76,1.14,1.39,0.14,0.37,1.28,1.76,1.22,0.77,0,1,6,11,3,1,2,7,0,3,0.0,0.1376,1.1562,1.306,0.078,0.0351,0.0476,0.2068,0.0,0.0749,9,18,1,0,1,4,0,1,0,0,0.9853,1.3927,0.1525,0.0,0.1442,0.3362,0.0,0.0316,0.0,0.0,11,23,16.88,17.64
3552873,2021-04-25,usa,2021,MLS,,,773958,Atlanta United,6397,Chicago Fire FC,1,3,1,61,39,18,12,6,5,4,4,8,3,1,3,10,9,8,3,6,4,3,2,2,1,26,19,10,25,3,1,0,0,1,1,13,30,3,8,3,8,15,16,4,4,72,61,53.0,44.0,19.0,17.0,17.0,4.0,500,317,419.0,244.0,256,127,163,117,43.0,19.0,7.0,5.0,1.48,0.87,1.33,0.8,0.14,0.07,1.48,0.87,1.67,1.11,0,1,6,5,4,3,4,1,4,2,0.0,0.0609,0.9767,0.5308,0.1825,0.2062,0.2168,0.0392,0.1124,0.0364,12,11,1,0,2,1,3,0,0,0,0.9553,0.8006,0.3904,0.0,0.0449,0.0728,0.098,0.0,0.0,0.0,18,12,18.47,16.52
3552873,2021-04-25,usa,2021,MLS,,,6397,Chicago Fire FC,773958,Atlanta United,0,1,3,39,61,12,18,5,6,4,4,3,8,3,1,9,10,3,8,4,6,2,3,1,2,19,26,25,10,1,3,0,0,1,1,30,13,8,3,8,3,16,15,4,4,61,72,44.0,53.0,17.0,19.0,4.0,17.0,317,500,244.0,419.0,127,256,117,163,19.0,43.0,5.0,7.0,0.87,1.48,0.8,1.33,0.07,0.14,0.87,1.48,1.11,1.67,1,0,5,6,3,4,1,4,2,4,0.0609,0.0,0.5308,0.9767,0.2062,0.1825,0.0392,0.2168,0.0364,0.1124,11,12,0,1,1,2,0,3,0,0,0.8006,0.9553,0.0,0.3904,0.0728,0.0449,0.0,0.098,0.0,0.0,12,18,16.52,18.47
3552876,2021-05-01,usa,2021,MLS,,,6606,Real Salt Lake,6604,Sporting Kansas City,1,3,1,54,46,10,6,4,1,4,3,2,2,0,0,6,2,4,4,3,5,3,1,1,0,,,10,7,2,0,0,0,3,3,9,13,11,15,2,2,9,12,0,1,35,41,26.0,30.0,9.0,11.0,10.0,9.0,480,391,402.0,313.0,248,121,154,192,35.0,21.0,3.0,6.0,1.07,0.32,1.07,0.3,0.0,0.02,1.07,0.32,1.57,0.29,1,0,3,2,2,0,3,2,1,2,0.5493,0.0,0.3238,0.2245,0.0802,0.0,0.1115,0.0573,0.0083,0.0335,10,5,0,0,0,1,0,0,0,0,1.0731,0.2969,0.0,0.0,0.0,0.0184,0.0,0.0,0.0,0.0,10,6,21.84,22.28
3552876,2021-05-01,usa,2021,MLS,,,6604,Sporting Kansas City,6606,Real Salt Lake,0,1,3,46,54,6,10,1,4,3,4,2,2,0,0,2,6,4,4,5,3,1,3,0,1,,,7,10,0,2,0,0,3,3,13,9,15,11,2,2,12,9,1,0,41,35,30.0,26.0,11.0,9.0,9.0,10.0,391,480,313.0,402.0,121,248,192,154,21.0,35.0,6.0,3.0,0.32,1.07,0.3,1.07,0.02,0.0,0.32,1.07,0.29,1.57,0,1,2,3,0,2,2,3,2,1,0.0,0.5493,0.2245,0.3238,0.0,0.0802,0.0573,0.1115,0.0335,0.0083,5,10,0,0,1,0,0,0,0,0,0.2969,1.0731,0.0,0.0,0.0184,0.0,0.0,0.0,0.0,0.0,6,10,22.28,21.84
3561582,2021-05-01,usa,2021,MLS,,,6514,New York Red Bulls,6397,Chicago Fire FC,1,2,0,44,56,14,6,6,4,6,0,2,2,1,0,11,3,3,3,2,2,2,0,1,0,,,13,14,1,2,0,0,0,1,29,23,11,16,2,2,11,16,4,4,75,74,52.0,49.0,23.0,25.0,10.0,13.0,392,508,278.0,397.0,112,224,166,173,29.0,35.0,7.0,1.0,1.15,0.28,1.04,0.24,0.11,0.04,1.15,0.28,1.15,0.41,0,0,8,1,3,2,1,2,2,1,0.0,0.0,0.7803,0.0815,0.2539,0.0862,0.0401,0.0743,0.0751,0.0355,11,4,0,1,2,1,1,0,0,0,1.0441,0.2065,0.0,0.0355,0.0627,0.0356,0.0426,0.0,0.0,0.0,14,6,15.76,20.76
3561582,2021-05-01,usa,2021,MLS,,,6397,Chicago Fire FC,6514,New York Red Bulls,0,0,2,56,44,6,14,4,6,0,6,2,2,0,1,3,11,3,3,2,2,0,2,0,1,,,14,13,2,1,0,0,1,0,23,29,16,11,2,2,16,11,4,4,74,75,49.0,52.0,25.0,23.0,13.0,10.0,508,392,397.0,278.0,224,112,173,166,35.0,29.0,1.0,7.0,0.28,1.15,0.24,1.04,0.04,0.11,0.28,1.15,0.41,1.15,0,0,1,8,2,3,2,1,1,2,0.0,0.0,0.0815,0.7803,0.0862,0.2539,0.0743,0.0401,0.0355,0.0751,4,11,1,0,1,2,0,1,0,0,0.2065,1.0441,0.0355,0.0,0.0356,0.0627,0.0,0.0426,0.0,0.0,6,14,20.76,15.76
3561583,2021-05-01,usa,2021,MLS,,,8259,Houston Dynamo FC,867280,Los Angeles FC,1,1,1,39,61,12,10,4,4,5,4,3,2,0,0,7,5,5,5,8,5,1,2,0,1,,,12,9,0,1,0,0,4,2,15,21,8,5,2,3,11,23,3,3,48,58,31.0,41.0,17.0,17.0,7.0,8.0,313,499,200.0,392.0,86,177,114,215,27.0,15.0,6.0,3.0,1.17,1.01,1.06,1.01,0.11,0.0,1.17,1.01,1.33,1.81,2,1,3,3,2,1,5,3,0,2,0.7674,0.3435,0.1718,0.5119,0.0852,0.0513,0.1462,0.0758,0.0,0.0309,9,10,0,0,2,0,1,0,0,0,1.059,1.0133,0.0,0.0,0.0934,0.0,0.0182,0.0,0.0,0.0,12,10,17.38,20.12
3561583,2021-05-01,usa,2021,MLS,,,867280,Los Angeles FC,8259,Houston Dynamo FC,0,1,1,61,39,10,12,4,4,4,5,2,3,0,0,5,7,5,5,5,8,2,1,1,0,,,9,12,1,0,0,0,2,4,21,15,5,8,3,2,23,11,3,3,58,48,41.0,31.0,17.0,17.0,8.0,7.0,499,313,392.0,200.0,177,86,215,114,15.0,27.0,3.0,6.0,1.01,1.17,1.01,1.06,0.0,0.11,1.01,1.17,1.81,1.33,1,2,3,3,1,2,3,5,2,0,0.3435,0.7674,0.5119,0.1718,0.0513,0.0852,0.0758,0.1462,0.0309,0.0,10,9,0,0,0,2,0,1,0,0,1.0133,1.059,0.0,0.0,0.0,0.0934,0.0,0.0182,0.0,0.0,10,12,20.12,17.38
3561584,2021-05-01,usa,2021,MLS,,,6580,New England Revolution,773958,Atlanta United,1,2,1,44,56,14,11,6,4,6,3,2,4,1,0,10,7,4,4,7,4,6,1,4,0,,,15,14,2,3,0,0,1,2,14,18,5,10,4,2,16,17,3,4,49,49,35.0,42.0,14.0,7.0,7.0,10.0,389,492,317.0,418.0,160,278,157,140,21.0,28.0,6.0,4.0,2.3,1.28,0.73,0.35,0.78,0.14,1.51,0.49,2.41,1.88,1,1,7,4,2,2,2,2,2,2,0.4034,0.0998,1.4801,0.9902,0.1906,0.1003,0.1614,0.0616,0.0665,0.0302,8,6,0,1,2,2,3,1,1,1,0.733,0.2535,0.0,0.0998,0.126,0.0557,0.6547,0.0845,0.7884,0.7884,14,11,14.87,17.54
3561584,2021-05-01,usa,2021,MLS,,,773958,Atlanta United,6580,New England Revolution,0,1,2,56,44,11,14,4,6,3,6,4,2,0,1,7,10,4,4,4,7,1,6,0,4,,,14,15,3,2,0,0,2,1,18,14,10,5,2,4,17,16,4,3,49,49,42.0,35.0,7.0,14.0,10.0,7.0,492,389,418.0,317.0,278,160,140,157,28.0,21.0,4.0,6.0,1.28,2.3,0.35,0.73,0.14,0.78,0.49,1.51,1.88,2.41,1,1,4,7,2,2,2,2,2,2,0.0998,0.4034,0.9902,1.4801,0.1003,0.1906,0.0616,0.1614,0.0302,0.0665,6,8,1,0,2,2,1,3,1,1,0.2535,0.733,0.0998,0.0,0.0557,0.126,0.0845,0.6547,0.7884,0.7884,11,14,17.54,14.87
3561585,2021-05-01,usa,2021,MLS,,,191716,Philadelphia Union,546238,New York City FC,1,0,2,33,67,4,23,0,7,2,12,2,4,0,0,2,15,2,8,1,7,1,4,1,2,,,10,12,1,3,1,0,1,1,13,6,12,11,4,2,21,11,5,0,55,49,40.0,32.0,15.0,17.0,15.0,17.0,335,690,240.0,616.0,146,229,94,387,27.0,21.0,3.0,9.0,0.28,2.81,0.07,2.37,0.21,0.44,0.28,2.81,0.0,2.49,0,1,2,11,0,3,2,6,0,2,0.0,0.8214,0.1835,1.5741,0.0,0.1106,0.0997,0.2797,0.0,0.0282,1,18,0,0,1,3,2,2,0,0,0.0714,2.3705,0.0,0.0,0.0283,0.3094,0.1835,0.1341,0.0,0.0,4,23,16.87,16.63
3561585,2021-05-01,usa,2021,MLS,,,546238,New York City FC,191716,Philadelphia Union,0,2,0,67,33,23,4,7,0,12,2,4,2,0,0,15,2,8,2,7,1,4,1,2,1,,,12,10,3,1,0,1,1,1,6,13,11,12,2,4,11,21,0,5,49,55,32.0,40.0,17.0,15.0,17.0,15.0,690,335,616.0,240.0,229,146,387,94,21.0,27.0,9.0,3.0,2.81,0.28,2.37,0.07,0.44,0.21,2.81,0.28,2.49,0.0,1,0,11,2,3,0,6,2,2,0,0.8214,0.0,1.5741,0.1835,0.1106,0.0,0.2797,0.0997,0.0282,0.0,18,1,0,0,3,1,2,2,0,0,2.3705,0.0714,0.0,0.0,0.3094,0.0283,0.1341,0.1835,0.0,0.0,23,4,16.63,16.87
3561586,2021-05-01,usa,2021,MLS,,,267810,Orlando City,722265,FC Cincinnati,1,3,0,52,48,22,7,5,0,12,5,5,2,1,0,16,4,6,3,4,4,3,2,1,2,,,16,10,2,1,0,0,1,2,11,18,11,14,2,4,9,13,0,2,39,48,29.0,42.0,10.0,6.0,8.0,8.0,509,470,447.0,416.0,250,277,197,139,32.0,35.0,13.0,5.0,2.91,0.82,2.43,0.44,0.48,0.38,2.91,0.82,2.55,0.0,2,1,10,2,4,1,4,3,2,0,0.5261,0.1969,1.5569,0.1843,0.1719,0.059,0.1959,0.378,0.0441,0.0,18,4,0,0,4,2,0,1,0,0,2.0963,0.437,0.0,0.0,0.3985,0.2532,0.0,0.1279,0.0,0.0,22,7,14.23,16.12
3561586,2021-05-01,usa,2021,MLS,,,722265,FC Cincinnati,267810,Orlando City,0,0,3,48,52,7,22,0,5,5,12,2,5,0,1,4,16,3,6,4,4,2,3,2,1,,,10,16,1,2,0,0,2,1,18,11,14,11,4,2,13,9,2,0,48,39,42.0,29.0,6.0,10.0,8.0,8.0,470,509,416.0,447.0,277,250,139,197,35.0,32.0,5.0,13.0,0.82,2.91,0.44,2.43,0.38,0.48,0.82,2.91,0.0,2.55,1,2,2,10,1,4,3,4,0,2,0.1969,0.5261,0.1843,1.5569,0.059,0.1719,0.378,0.1959,0.0,0.0441,4,18,0,0,2,4,1,0,0,0,0.437,2.0963,0.0,0.0,0.2532,0.3985,0.1279,0.0,0.0,0.0,7,22,16.12,14.23
3561650,2021-05-01,usa,2021,MLS,,,161195,CF Montreal,6001,Columbus Crew,1,0,0,56,44,20,3,3,0,5,2,12,1,0,0,15,1,5,2,7,0,0,0,0,0,,,19,7,0,0,0,0,1,3,8,11,11,9,1,12,2,17,0,3,42,40,31.0,35.0,11.0,5.0,16.0,5.0,506,415,448.0,356.0,199,199,249,157,20.0,34.0,9.0,1.0,1.5,0.11,1.37,0.06,0.13,0.05,1.5,0.11,0.22,0.0,0,0,8,0,7,1,3,1,2,1,0.0,0.0,0.728,0.0,0.5076,0.025,0.1637,0.0352,0.1017,0.0544,18,2,0,0,2,0,0,1,0,0,1.3675,0.0601,0.0,0.0,0.1335,0.0,0.0,0.0544,0.0,0.0,20,3,15.49,21.28
3561650,2021-05-01,usa,2021,MLS,,,6001,Columbus Crew,161195,CF Montreal,0,0,0,44,56,3,20,0,3,2,5,1,12,0,0,1,15,2,5,0,7,0,0,0,0,,,7,19,0,0,0,0,3,1,11,8,9,11,12,1,17,2,3,0,40,42,35.0,31.0,5.0,11.0,5.0,16.0,415,506,356.0,448.0,199,199,157,249,34.0,20.0,1.0,9.0,0.11,1.5,0.06,1.37,0.05,0.13,0.11,1.5,0.0,0.22,0,0,0,8,1,7,1,3,1,2,0.0,0.0,0.0,0.728,0.025,0.5076,0.0352,0.1637,0.0544,0.1017,2,18,0,0,0,2,1,0,0,0,0.0601,1.3675,0.0,0.0,0.0,0.1335,0.0544,0.0,0.0,0.0,3,20,21.28,15.49
3561587,2021-05-02,usa,2021,MLS,,,6399,FC Dallas,307690,Portland Timbers,1,4,1,59,41,11,10,6,2,3,6,2,2,0,1,10,7,1,3,3,2,4,0,0,0,22,16,16,12,3,2,0,0,1,0,13,16,14,13,2,2,17,13,1,2,45,51,32.0,38.0,13.0,13.0,8.0,7.0,496,327,416.0,256.0,300,122,116,134,34.0,24.0,3.0,5.0,2.07,0.62,1.51,0.25,0.56,0.38,2.07,0.62,2.9,0.09,1,1,7,4,2,2,0,0,1,3,0.5338,0.1027,1.463,0.3768,0.0861,0.0843,0.0,0.0,0.016,0.0606,7,7,2,0,2,1,0,2,0,0,0.4408,0.2466,1.0677,0.0,0.5904,0.0296,0.0,0.3481,0.0,0.0,11,10,14.99,17.06
3561587,2021-05-02,usa,2021,MLS,,,307690,Portland Timbers,6399,FC Dallas,0,1,4,41,59,10,11,2,6,6,3,2,2,1,0,7,10,3,1,2,3,0,4,0,0,16,22,12,16,2,3,0,0,0,1,16,13,13,14,2,2,13,17,2,1,51,45,38.0,32.0,13.0,13.0,7.0,8.0,327,496,256.0,416.0,122,300,134,116,24.0,34.0,5.0,3.0,0.62,2.07,0.25,1.51,0.38,0.56,0.62,2.07,0.09,2.9,1,1,4,7,2,2,0,0,3,1,0.1027,0.5338,0.3768,1.463,0.0843,0.0861,0.0,0.0,0.0606,0.016,7,7,0,2,1,2,2,0,0,0,0.2466,0.4408,0.0,1.0677,0.0296,0.5904,0.3481,0.0,0.0,0.0,10,11,17.06,14.99
3561588,2021-05-02,usa,2021,MLS,,,207242,Minnesota United,1218886,Austin FC,1,0,1,45,55,13,13,2,4,7,6,4,3,1,1,11,9,2,4,6,4,1,3,1,2,,,13,12,3,2,0,0,0,1,17,19,14,11,3,4,12,18,3,2,46,57,38.0,44.0,8.0,13.0,10.0,14.0,412,522,338.0,438.0,162,319,176,119,21.0,39.0,9.0,5.0,0.77,1.86,0.67,1.86,0.1,0.04,0.77,1.86,0.1,1.12,0,2,7,5,4,2,2,1,0,3,0.0,0.4987,0.4104,1.1887,0.2773,0.0757,0.0824,0.0353,0.0,0.0654,9,13,1,0,3,0,0,0,0,0,0.6212,1.8637,0.0455,0.0,0.1034,0.0,0.0,0.0,0.0,0.0,13,13,15.09,15.89
3561588,2021-05-02,usa,2021,MLS,,,1218886,Austin FC,207242,Minnesota United,0,1,0,55,45,13,13,4,2,6,7,3,4,1,1,9,11,4,2,4,6,3,1,2,1,,,12,13,2,3,0,0,1,0,19,17,11,14,4,3,18,12,2,3,57,46,44.0,38.0,13.0,8.0,14.0,10.0,522,412,438.0,338.0,319,162,119,176,39.0,21.0,5.0,9.0,1.86,0.77,1.86,0.67,0.04,0.1,1.86,0.77,1.12,0.1,2,0,5,7,2,4,1,2,3,0,0.4987,0.0,1.1887,0.4104,0.0757,0.2773,0.0353,0.0824,0.0654,0.0,13,9,0,1,0,3,0,0,0,0,1.8637,0.6212,0.0,0.0455,0.0,0.1034,0.0,0.0,0.0,0.0,13,13,15.89,15.09
3561589,2021-05-02,usa,2021,MLS,,,6603,San Jose Earthquakes,6602,DC United,1,4,1,48,52,12,18,9,7,1,7,2,4,0,0,5,10,7,8,4,5,3,2,1,1,15,25,13,13,3,2,0,0,0,0,19,27,13,12,5,3,13,8,5,4,55,64,49.0,53.0,6.0,11.0,18.0,14.0,407,447,326.0,366.0,172,171,154,195,41.0,17.0,3.0,3.0,1.29,1.07,1.2,0.61,0.09,0.46,1.29,1.07,2.37,1.56,1,2,1,3,3,5,4,6,3,2,0.2385,0.3296,0.0714,0.2161,0.7826,0.3582,0.0834,0.1479,0.1105,0.0352,7,11,3,1,2,5,0,1,0,0,0.3719,0.5355,0.8247,0.075,0.0899,0.428,0.0,0.0483,0.0,0.0,12,18,21.63,19.75
3561589,2021-05-02,usa,2021,MLS,,,6602,DC United,6603,San Jose Earthquakes,0,1,4,52,48,18,12,7,9,7,1,4,2,0,0,10,5,8,7,5,4,2,3,1,1,25,15,13,13,2,3,0,0,0,0,27,19,12,13,3,5,8,13,4,5,64,55,53.0,49.0,11.0,6.0,14.0,18.0,447,407,366.0,326.0,171,172,195,154,17.0,41.0,3.0,3.0,1.07,1.29,0.61,1.2,0.46,0.09,1.07,1.29,1.56,2.37,2,1,3,1,5,3,6,4,2,3,0.3296,0.2385,0.2161,0.0714,0.3582,0.7826,0.1479,0.0834,0.0352,0.1105,11,7,1,3,5,2,1,0,0,0,0.5355,0.3719,0.075,0.8247,0.428,0.0899,0.0483,0.0,0.0,0.0,18,12,19.75,21.63
3561590,2021-05-02,usa,2021,MLS,,,915807,Nashville SC,960720,Inter Miami CF,1,0,0,59,41,10,5,3,2,5,1,2,2,0,0,7,3,3,2,6,5,2,0,2,0,17,10,10,12,2,1,0,0,4,1,15,8,8,12,2,2,13,20,2,3,48,41,31.0,24.0,17.0,17.0,6.0,6.0,507,351,425.0,276.0,236,151,189,125,31.0,16.0,4.0,2.0,0.89,0.46,0.84,0.33,0.04,0.13,0.89,0.46,0.25,0.3,0,0,4,2,3,1,1,1,2,1,0.0,0.0,0.3852,0.2775,0.343,0.0322,0.0223,0.1273,0.0329,0.0196,9,3,0,1,1,0,0,1,0,0,0.7274,0.2971,0.0,0.0322,0.0562,0.0,0.0,0.1273,0.0,0.0,10,5,17.03,17.88
3561590,2021-05-02,usa,2021,MLS,,,960720,Inter Miami CF,915807,Nashville SC,0,0,0,41,59,5,10,2,3,1,5,2,2,0,0,3,7,2,3,5,6,0,2,0,2,10,17,12,10,1,2,0,0,1,4,8,15,12,8,2,2,20,13,3,2,41,48,24.0,31.0,17.0,17.0,6.0,6.0,351,507,276.0,425.0,151,236,125,189,16.0,31.0,2.0,4.0,0.46,0.89,0.33,0.84,0.13,0.04,0.46,0.89,0.3,0.25,0,0,2,4,1,3,1,1,1,2,0.0,0.0,0.2775,0.3852,0.0322,0.343,0.1273,0.0223,0.0196,0.0329,3,9,1,0,0,1,1,0,0,0,0.2971,0.7274,0.0322,0.0,0.0,0.0562,0.1273,0.0,0.0,0.0,5,10,17.88,17.03
3561591,2021-05-03,usa,2021,MLS,,,130394,Seattle Sounders FC,6637,LA Galaxy,1,3,0,47,53,17,10,9,2,4,5,4,3,1,0,11,6,6,4,7,4,3,2,0,2,,,6,10,0,0,0,0,1,3,16,12,15,20,2,4,21,20,2,6,45,45,33.0,29.0,12.0,16.0,7.0,9.0,497,562,413.0,482.0,209,219,204,263,28.0,33.0,5.0,3.0,1.77,1.03,1.48,0.91,0.29,0.12,1.77,1.03,2.7,0.79,1,0,7,4,3,2,5,3,1,1,0.3628,0.0,0.9789,0.8198,0.184,0.0661,0.2749,0.1124,0.0117,0.0309,13,9,1,0,1,1,2,0,0,0,1.4239,0.9075,0.0973,0.0,0.0078,0.1218,0.2833,0.0,0.0,0.0,17,10,15.89,18.51
3561591,2021-05-03,usa,2021,MLS,,,6637,LA Galaxy,130394,Seattle Sounders FC,0,0,3,53,47,10,17,2,9,5,4,3,4,0,1,6,11,4,6,4,7,2,3,2,0,,,10,6,0,0,0,0,3,1,12,16,20,15,4,2,20,21,6,2,45,45,29.0,33.0,16.0,12.0,9.0,7.0,562,497,482.0,413.0,219,209,263,204,33.0,28.0,3.0,5.0,1.03,1.77,0.91,1.48,0.12,0.29,1.03,1.77,0.79,2.7,0,1,4,7,2,3,3,5,1,1,0.0,0.3628,0.8198,0.9789,0.0661,0.184,0.1124,0.2749,0.0309,0.0117,9,13,0,1,1,1,0,2,0,0,0.9075,1.4239,0.0,0.0973,0.1218,0.0078,0.0,0.2833,0.0,0.0,10,17,18.51,15.89
3561651,2021-05-03,usa,2021,MLS,,,307691,Vancouver Whitecaps,8314,Colorado Rapids,1,0,1,57,43,9,16,4,6,3,6,2,4,0,0,9,12,0,4,6,4,2,5,2,5,,,11,17,1,2,0,0,2,0,10,19,10,6,3,3,14,19,5,3,48,47,35.0,37.0,13.0,10.0,8.0,7.0,469,359,410.0,300.0,250,167,160,133,41.0,27.0,5.0,3.0,0.72,1.64,0.35,1.5,0.37,0.13,0.72,1.64,0.74,1.41,1,0,8,9,0,3,0,3,0,1,0.04,0.0,0.6977,1.3072,0.0,0.2109,0.0,0.0895,0.0,0.0474,3,12,0,1,4,2,2,1,0,0,0.3714,1.3404,0.0,0.1819,0.2982,0.0853,0.0681,0.0474,0.0,0.0,9,16,10.83,16.16
3561651,2021-05-03,usa,2021,MLS,,,8314,Colorado Rapids,307691,Vancouver Whitecaps,0,1,0,43,57,16,9,6,4,6,3,4,2,0,0,12,9,4,0,4,6,5,2,5,2,,,17,11,2,1,0,0,0,2,19,10,6,10,3,3,19,14,3,5,47,48,37.0,35.0,10.0,13.0,7.0,8.0,359,469,300.0,410.0,167,250,133,160,27.0,41.0,3.0,5.0,1.64,0.72,1.5,0.35,0.13,0.37,1.64,0.72,1.41,0.74,0,1,9,8,3,0,3,0,1,0,0.0,0.04,1.3072,0.6977,0.2109,0.0,0.0895,0.0,0.0474,0.0,12,3,1,0,2,4,1,2,0,0,1.3404,0.3714,0.1819,0.0,0.0853,0.2982,0.0474,0.0681,0.0,0.0,16,9,16.16,10.83
3561592,2021-05-08,usa,2021,MLS,,,6606,Real Salt Lake,6603,San Jose Earthquakes,1,1,2,41,59,15,15,4,6,9,7,2,2,1,0,9,10,6,5,4,7,1,2,1,0,25,22,11,9,4,1,0,0,0,0,12,11,11,6,2,2,12,21,4,3,39,44,29.0,31.0,10.0,13.0,8.0,9.0,291,422,223.0,355.0,103,213,120,142,25.0,34.0,3.0,4.0,1.06,1.82,0.83,1.6,0.23,0.21,1.06,1.82,0.51,1.83,0,1,6,7,3,2,5,3,1,2,0.0,0.6169,0.7313,0.9347,0.1088,0.0813,0.1931,0.2976,0.0277,0.0259,12,10,1,1,0,4,2,0,0,0,0.9496,1.5465,0.0386,0.1949,0.0,0.2149,0.0727,0.0,0.0,0.0,15,15,18.17,16.45
3561592,2021-05-08,usa,2021,MLS,,,6603,San Jose Earthquakes,6606,Real Salt Lake,0,2,1,59,41,15,15,6,4,7,9,2,2,0,1,10,9,5,6,7,4,2,1,0,1,22,25,9,11,1,4,0,0,0,0,11,12,6,11,2,2,21,12,3,4,44,39,31.0,29.0,13.0,10.0,9.0,8.0,422,291,355.0,223.0,213,103,142,120,34.0,25.0,4.0,3.0,1.82,1.06,1.6,0.83,0.21,0.23,1.82,1.06,1.83,0.51,1,0,7,6,2,3,3,5,2,1,0.6169,0.0,0.9347,0.7313,0.0813,0.1088,0.2976,0.1931,0.0259,0.0277,10,12,1,1,4,0,0,2,0,0,1.5465,0.9496,0.1949,0.0386,0.2149,0.0,0.0,0.0727,0.0,0.0,15,15,16.45,18.17
3561593,2021-05-08,usa,2021,MLS,,,6397,Chicago Fire FC,191716,Philadelphia Union,1,0,2,60,40,9,15,3,5,6,5,0,5,0,0,7,12,2,3,5,4,2,4,2,3,,,10,17,3,3,0,0,3,3,25,21,17,16,5,0,26,19,3,3,81,56,48.0,35.0,33.0,21.0,10.0,5.0,484,319,366.0,203.0,198,78,168,125,38.0,28.0,10.0,7.0,0.98,1.36,0.68,0.69,0.29,0.67,0.98,1.36,0.67,1.62,1,1,4,6,2,5,2,3,0,0,0.0964,0.1035,0.7198,0.7926,0.079,0.3165,0.0814,0.1511,0.0,0.0,4,7,0,0,3,5,2,3,0,0,0.6816,0.6938,0.0,0.0,0.2228,0.3639,0.0723,0.3059,0.0,0.0,9,15,13.79,13.55
3561593,2021-05-08,usa,2021,MLS,,,191716,Philadelphia Union,6397,Chicago Fire FC,0,2,0,40,60,15,9,5,3,5,6,5,0,0,0,12,7,3,2,4,5,4,2,3,2,,,17,10,3,3,0,0,3,3,21,25,16,17,0,5,19,26,3,3,56,81,35.0,48.0,21.0,33.0,5.0,10.0,319,484,203.0,366.0,78,198,125,168,28.0,38.0,7.0,10.0,1.36,0.98,0.69,0.68,0.67,0.29,1.36,0.98,1.62,0.67,1,1,6,4,5,2,3,2,0,0,0.1035,0.0964,0.7926,0.7198,0.3165,0.079,0.1511,0.0814,0.0,0.0,7,4,0,0,5,3,3,2,0,0,0.6938,0.6816,0.0,0.0,0.3639,0.2228,0.3059,0.0723,0.0,0.0,15,9,13.55,13.79
3561594,2021-05-08,usa,2021,MLS,,,6001,Columbus Crew,6602,DC United,1,3,1,45,55,9,11,3,2,5,7,1,2,0,0,6,7,3,4,7,2,0,2,0,1,,,14,15,3,1,0,0,3,1,18,25,15,12,2,1,21,16,1,2,60,55,40.0,46.0,20.0,9.0,8.0,7.0,378,455,306.0,366.0,199,193,107,173,31.0,26.0,6.0,3.0,0.28,0.91,0.08,0.8,0.2,0.11,0.28,0.91,0.53,1.0,0,0,5,6,1,1,3,3,0,1,0.0,0.0,0.0988,0.7406,0.0094,0.026,0.1741,0.1215,0.0,0.0259,3,8,0,0,4,1,2,2,0,0,0.0785,0.8024,0.0,0.0,0.0665,0.0083,0.1373,0.1034,0.0,0.0,9,11,17.91,19.06
3561594,2021-05-08,usa,2021,MLS,,,6602,DC United,6001,Columbus Crew,0,1,3,55,45,11,9,2,3,7,5,2,1,0,0,7,6,4,3,2,7,2,0,1,0,,,15,14,1,3,0,0,1,3,25,18,12,15,1,2,16,21,2,1,55,60,46.0,40.0,9.0,20.0,7.0,8.0,455,378,366.0,306.0,193,199,173,107,26.0,31.0,3.0,6.0,0.91,0.28,0.8,0.08,0.11,0.2,0.91,0.28,1.0,0.53,0,0,6,5,1,1,3,3,1,0,0.0,0.0,0.7406,0.0988,0.026,0.0094,0.1215,0.1741,0.0259,0.0,8,3,0,0,1,4,2,2,0,0,0.8024,0.0785,0.0,0.0,0.0083,0.0665,0.1034,0.1373,0.0,0.0,11,9,19.06,17.91
3561595,2021-05-08,usa,2021,MLS,,,6399,FC Dallas,8259,Houston Dynamo FC,1,1,1,55,45,13,15,3,4,3,5,7,6,0,0,10,8,3,7,6,1,1,1,0,0,,,21,13,3,3,0,0,1,2,15,13,13,7,6,7,12,7,3,2,47,54,37.0,47.0,10.0,7.0,11.0,14.0,456,379,374.0,293.0,251,154,123,139,31.0,13.0,5.0,3.0,1.57,1.55,0.46,0.63,1.12,0.13,1.57,0.77,1.19,1.92,2,0,4,4,5,4,1,2,1,5,0.9629,0.0,0.4408,1.1225,0.1133,0.2111,0.0403,0.0516,0.0148,0.1691,6,9,0,2,1,0,6,3,0,1,0.4555,0.4943,0.0,0.137,0.0659,0.0,1.0506,0.1346,0.0,0.7884,13,15,15.93,20.53
3561595,2021-05-08,usa,2021,MLS,,,8259,Houston Dynamo FC,6399,FC Dallas,0,1,1,45,55,15,13,4,3,5,3,6,7,0,0,8,10,7,3,1,6,1,1,0,0,,,13,21,3,3,0,0,2,1,13,15,7,13,7,6,7,12,2,3,54,47,47.0,37.0,7.0,10.0,14.0,11.0,379,456,293.0,374.0,154,251,139,123,13.0,31.0,3.0,5.0,1.55,1.57,0.63,0.46,0.13,1.12,0.77,1.57,1.92,1.19,0,2,4,4,4,5,2,1,5,1,0.0,0.9629,1.1225,0.4408,0.2111,0.1133,0.0516,0.0403,0.1691,0.0148,9,6,2,0,0,1,3,6,1,0,0.4943,0.4555,0.137,0.0,0.0,0.0659,0.1346,1.0506,0.7884,0.0,15,13,20.53,15.93
3561596,2021-05-08,usa,2021,MLS,,,267810,Orlando City,546238,New York City FC,1,1,1,57,43,11,9,5,4,4,2,2,3,0,0,7,5,4,4,5,3,0,3,0,2,,,13,15,1,1,0,0,4,0,16,17,11,20,3,2,11,25,3,4,45,41,36.0,35.0,9.0,6.0,5.0,6.0,505,384,429.0,316.0,244,175,185,141,24.0,14.0,5.0,1.0,0.48,1.56,0.35,0.7,0.13,0.06,0.48,0.77,1.12,1.73,0,0,6,3,1,2,4,3,0,1,0.0,0.0,0.2658,1.1845,0.036,0.2368,0.1763,0.0907,0.0,0.0451,7,7,0,0,2,1,2,0,0,1,0.3459,0.7044,0.0,0.0,0.0757,0.0644,0.0565,0.0,0.0,0.7884,11,9,17.01,17.63
3561596,2021-05-08,usa,2021,MLS,,,546238,New York City FC,267810,Orlando City,0,1,1,43,57,9,11,4,5,2,4,3,2,0,0,5,7,4,4,3,5,3,0,2,0,,,15,13,1,1,0,0,0,4,17,16,20,11,2,3,25,11,4,3,41,45,35.0,36.0,6.0,9.0,6.0,5.0,384,505,316.0,429.0,175,244,141,185,14.0,24.0,1.0,5.0,1.56,0.48,0.7,0.35,0.06,0.13,0.77,0.48,1.73,1.12,0,0,3,6,2,1,3,4,1,0,0.0,0.0,1.1845,0.2658,0.2368,0.036,0.0907,0.1763,0.0451,0.0,7,7,0,0,1,2,0,2,1,0,0.7044,0.3459,0.0,0.0,0.0644,0.0757,0.0,0.0565,0.7884,0.0,9,11,17.63,17.01
3561600,2021-05-08,usa,2021,MLS,,,915807,Nashville SC,6580,New England Revolution,1,2,0,42,58,16,12,7,4,7,4,2,4,1,1,8,8,8,4,5,4,1,0,0,0,,,12,12,2,1,0,0,2,1,22,8,5,7,4,2,18,19,4,5,59,45,40.0,30.0,19.0,15.0,6.0,10.0,405,555,315.0,474.0,151,269,164,205,28.0,35.0,1.0,7.0,1.24,0.77,1.24,0.62,0.69,0.15,1.24,0.77,1.72,0.33,1,1,3,6,4,1,4,4,4,0,0.5968,0.1947,0.1766,0.3461,0.1896,0.0862,0.1675,0.1428,0.1102,0.0,14,10,2,0,0,1,0,1,0,0,1.1212,0.6179,0.1195,0.0,0.0,0.0136,0.0,0.1383,0.0,0.0,16,12,20.45,14.71
3561600,2021-05-08,usa,2021,MLS,,,6580,New England Revolution,915807,Nashville SC,0,0,2,58,42,12,16,4,7,4,7,4,2,1,1,8,8,4,8,4,5,0,1,0,0,,,12,12,1,2,0,0,1,2,8,22,7,5,2,4,19,18,5,4,45,59,30.0,40.0,15.0,19.0,10.0,6.0,555,405,474.0,315.0,269,151,205,164,35.0,28.0,7.0,1.0,0.77,1.24,0.62,1.24,0.15,0.69,0.77,1.24,0.33,1.72,1,1,6,3,1,4,4,4,0,4,0.1947,0.5968,0.3461,0.1766,0.0862,0.1896,0.1428,0.1675,0.0,0.1102,10,14,0,2,1,0,1,0,0,0,0.6179,1.1212,0.0,0.1195,0.0136,0.0,0.1383,0.0,0.0,0.0,12,16,14.71,20.45
3561652,2021-05-08,usa,2021,MLS,,,6514,New York Red Bulls,56453,Toronto FC,1,2,0,54,46,11,5,3,1,6,3,2,1,0,0,5,3,6,2,2,4,2,0,1,0,,,13,11,2,2,0,0,3,3,42,26,19,18,1,1,12,16,1,1,85,69,59.0,47.0,26.0,22.0,6.0,12.0,464,393,328.0,255.0,156,111,172,144,28.0,20.0,8.0,1.0,1.65,0.27,1.6,0.21,0.05,0.06,1.65,0.27,1.0,0.31,0,0,4,2,1,1,4,1,2,1,0.0,0.0,1.3743,0.16,0.0404,0.0546,0.1751,0.0258,0.0555,0.0317,10,4,0,0,0,1,1,0,0,0,1.596,0.2118,0.0,0.0,0.0,0.0602,0.0493,0.0,0.0,0.0,11,5,17.43,17.52
3561652,2021-05-08,usa,2021,MLS,,,56453,Toronto FC,6514,New York Red Bulls,0,0,2,46,54,5,11,1,3,3,6,1,2,0,0,3,5,2,6,4,2,0,2,0,1,,,11,13,2,2,0,0,3,3,26,42,18,19,1,1,16,12,1,1,69,85,47.0,59.0,22.0,26.0,12.0,6.0,393,464,255.0,328.0,111,156,144,172,20.0,28.0,1.0,8.0,0.27,1.65,0.21,1.6,0.06,0.05,0.27,1.65,0.31,1.0,0,0,2,4,1,1,1,4,1,2,0.0,0.0,0.16,1.3743,0.0546,0.0404,0.0258,0.1751,0.0317,0.0555,4,10,0,0,1,0,0,1,0,0,0.2118,1.596,0.0,0.0,0.0602,0.0,0.0,0.0493,0.0,0.0,5,11,17.52,17.43
3561653,2021-05-08,usa,2021,MLS,,,307691,Vancouver Whitecaps,161195,CF Montreal,1,2,0,39,61,10,16,4,4,2,9,4,3,0,0,7,11,3,5,6,3,2,1,0,1,,,13,14,4,1,0,0,3,0,18,15,17,8,3,3,11,9,4,2,47,49,37.0,39.0,10.0,10.0,7.0,11.0,324,505,249.0,432.0,151,236,98,196,25.0,30.0,4.0,4.0,1.43,1.28,0.35,1.03,0.29,0.25,0.64,1.28,1.64,0.86,0,1,5,8,2,2,0,3,3,2,0.0,0.0748,1.343,1.012,0.0495,0.0848,0.0,0.0424,0.041,0.0641,6,12,0,0,3,2,0,2,1,0,0.3509,1.029,0.0,0.0,0.2941,0.1199,0.0,0.1292,0.7884,0.0,10,16,18.04,18.52
3561653,2021-05-08,usa,2021,MLS,,,161195,CF Montreal,307691,Vancouver Whitecaps,0,0,2,61,39,16,10,4,4,9,2,3,4,0,0,11,7,5,3,3,6,1,2,1,0,,,14,13,1,4,0,0,0,3,15,18,8,17,3,3,9,11,2,4,49,47,39.0,37.0,10.0,10.0,11.0,7.0,505,324,432.0,249.0,236,151,196,98,30.0,25.0,4.0,4.0,1.28,1.43,1.03,0.35,0.25,0.29,1.28,0.64,0.86,1.64,1,0,8,5,2,2,3,0,2,3,0.0748,0.0,1.012,1.343,0.0848,0.0495,0.0424,0.0,0.0641,0.041,12,6,0,0,2,3,2,0,0,1,1.029,0.3509,0.0,0.0,0.1199,0.2941,0.1292,0.0,0.0,0.7884,16,10,18.52,18.04
3561597,2021-05-09,usa,2021,MLS,,,6637,LA Galaxy,867280,Los Angeles FC,1,2,1,39,61,11,17,3,5,4,9,4,3,0,0,7,10,4,7,9,5,2,2,0,1,,,14,11,6,1,0,0,4,0,24,19,16,12,3,4,31,14,4,1,56,52,41.0,46.0,15.0,6.0,6.0,14.0,326,526,234.0,439.0,139,180,95,259,31.0,15.0,4.0,4.0,0.79,1.23,0.52,1.04,0.26,0.19,0.79,1.23,1.31,1.32,0,2,5,4,2,4,2,4,2,3,0.0,0.4399,0.6185,0.3687,0.0462,0.1676,0.091,0.1849,0.0336,0.0745,6,12,0,0,3,2,2,3,0,0,0.5249,1.0407,0.0,0.0,0.1734,0.074,0.091,0.121,0.0,0.0,11,17,17.52,18.08
3561597,2021-05-09,usa,2021,MLS,,,867280,Los Angeles FC,6637,LA Galaxy,0,1,2,61,39,17,11,5,3,9,4,3,4,0,0,10,7,7,4,5,9,2,2,1,0,,,11,14,1,6,0,0,0,4,19,24,12,16,4,3,14,31,1,4,52,56,46.0,41.0,6.0,15.0,14.0,6.0,526,326,439.0,234.0,180,139,259,95,15.0,31.0,4.0,4.0,1.23,0.79,1.04,0.52,0.19,0.26,1.23,0.79,1.32,1.31,2,0,4,5,4,2,4,2,3,2,0.4399,0.0,0.3687,0.6185,0.1676,0.0462,0.1849,0.091,0.0745,0.0336,12,6,0,0,2,3,3,2,0,0,1.0407,0.5249,0.0,0.0,0.074,0.1734,0.121,0.091,0.0,0.0,17,11,18.08,17.52
3561598,2021-05-09,usa,2021,MLS,,,8314,Colorado Rapids,207242,Minnesota United,1,3,2,57,43,14,8,4,3,4,2,6,3,2,0,11,4,3,4,5,5,2,2,0,1,,,8,8,3,2,0,0,4,1,14,10,10,12,3,6,13,27,1,1,43,41,27.0,23.0,16.0,18.0,6.0,6.0,515,399,429.0,314.0,244,163,185,151,33.0,20.0,6.0,4.0,1.22,1.15,0.51,0.98,0.71,0.17,1.22,1.15,1.63,2.29,2,0,5,4,4,0,3,3,0,1,0.466,0.0,0.3773,0.9913,0.1306,0.0,0.0538,0.1492,0.0,0.0134,6,3,0,2,5,2,3,1,0,0,0.4511,0.1559,0.0,0.8232,0.311,0.0991,0.2657,0.0757,0.0,0.0,14,8,15.61,17.51
3561598,2021-05-09,usa,2021,MLS,,,207242,Minnesota United,8314,Colorado Rapids,0,2,3,43,57,8,14,3,4,2,4,3,6,0,2,4,11,4,3,5,5,2,2,1,0,,,8,8,2,3,0,0,1,4,10,14,12,10,6,3,27,13,1,1,41,43,23.0,27.0,18.0,16.0,6.0,6.0,399,515,314.0,429.0,163,244,151,185,20.0,33.0,4.0,6.0,1.15,1.22,0.98,0.51,0.17,0.71,1.15,1.22,2.29,1.63,0,2,4,5,0,4,3,3,1,0,0.0,0.466,0.9913,0.3773,0.0,0.1306,0.1492,0.0538,0.0134,0.0,3,6,2,0,2,5,1,3,0,0,0.1559,0.4511,0.8232,0.0,0.0991,0.311,0.0757,0.2657,0.0,0.0,8,14,17.51,15.61
3561599,2021-05-09,usa,2021,MLS,,,960720,Inter Miami CF,773958,Atlanta United,1,1,1,38,62,17,14,7,5,4,7,6,2,0,0,15,11,2,3,9,2,3,1,3,1,32,22,25,15,4,3,0,0,2,2,16,11,2,14,2,5,7,9,4,6,54,48,45.0,40.0,9.0,8.0,14.0,5.0,300,504,240.0,452.0,131,265,109,187,18.0,26.0,9.0,4.0,1.96,1.24,1.59,0.98,0.37,0.25,1.96,1.24,2.03,0.7,1,0,12,9,2,2,2,1,0,2,0.307,0.0,1.4673,1.0842,0.1297,0.0555,0.1004,0.0335,0.0,0.064,13,8,0,0,2,2,2,4,0,0,1.6322,0.9843,0.0,0.0,0.1813,0.0741,0.1908,0.179,0.0,0.0,17,14,13.13,16.75
3561599,2021-05-09,usa,2021,MLS,,,773958,Atlanta United,960720,Inter Miami CF,0,1,1,62,38,14,17,5,7,7,4,2,6,0,0,11,15,3,2,2,9,1,3,1,3,22,32,15,25,3,4,0,0,2,2,11,16,14,2,5,2,9,7,6,4,48,54,40.0,45.0,8.0,9.0,5.0,14.0,504,300,452.0,240.0,265,131,187,109,26.0,18.0,4.0,9.0,1.24,1.96,0.98,1.59,0.25,0.37,1.24,1.96,0.7,2.03,0,1,9,12,2,2,1,2,2,0,0.0,0.307,1.0842,1.4673,0.0555,0.1297,0.0335,0.1004,0.064,0.0,8,13,0,0,2,2,4,2,0,0,0.9843,1.6322,0.0,0.0,0.0741,0.1813,0.179,0.1908,0.0,0.0,14,17,16.75,13.13
3561601,2021-05-09,usa,2021,MLS,,,307690,Portland Timbers,130394,Seattle Sounders FC,1,1,2,55,45,12,11,4,4,5,5,3,2,1,0,8,9,4,2,7,4,1,3,1,1,,,15,13,1,2,0,0,0,1,14,22,17,16,2,3,9,21,2,3,51,47,37.0,38.0,14.0,9.0,10.0,3.0,487,396,419.0,319.0,136,212,283,107,39.0,27.0,4.0,6.0,1.52,2.24,0.34,1.12,0.39,0.33,0.73,1.45,0.47,1.34,1,1,5,7,2,1,2,1,2,1,0.079,0.4004,1.2564,1.7912,0.0565,0.0108,0.0884,0.0257,0.04,0.0154,6,7,0,0,3,1,2,2,1,1,0.3447,1.1205,0.0,0.0,0.2885,0.0431,0.0987,0.2917,0.7884,0.7884,12,11,16.24,13.41
3561601,2021-05-09,usa,2021,MLS,,,130394,Seattle Sounders FC,307690,Portland Timbers,0,2,1,45,55,11,12,4,4,5,5,2,3,0,1,9,8,2,4,4,7,3,1,1,1,,,13,15,2,1,0,0,1,0,22,14,16,17,3,2,21,9,3,2,47,51,38.0,37.0,9.0,14.0,3.0,10.0,396,487,319.0,419.0,212,136,107,283,27.0,39.0,6.0,4.0,2.24,1.52,1.12,0.34,0.33,0.39,1.45,0.73,1.34,0.47,1,1,7,5,1,2,1,2,1,2,0.4004,0.079,1.7912,1.2564,0.0108,0.0565,0.0257,0.0884,0.0154,0.04,7,6,0,0,1,3,2,2,1,1,1.1205,0.3447,0.0,0.0,0.0431,0.2885,0.2917,0.0987,0.7884,0.7884,11,12,13.41,16.24
3561602,2021-05-09,usa,2021,MLS,,,6604,Sporting Kansas City,1218886,Austin FC,1,2,1,56,44,25,11,8,6,11,5,6,0,0,1,19,5,6,6,14,3,7,1,6,0,,,7,10,2,2,0,1,1,1,18,13,4,15,0,6,9,30,5,6,56,36,40.0,29.0,16.0,7.0,12.0,9.0,493,407,416.0,336.0,190,239,226,97,39.0,34.0,8.0,0.0,3.07,0.86,2.43,0.85,0.65,0.01,3.07,0.86,2.31,1.22,3,0,11,1,5,4,3,2,3,4,0.5512,0.0,1.743,0.1279,0.6143,0.6122,0.0969,0.0278,0.0665,0.0872,18,9,0,1,6,1,1,0,0,0,2.4266,0.7208,0.0,0.1279,0.6169,0.0064,0.0284,0.0,0.0,0.0,25,11,15.76,22.51
3561602,2021-05-09,usa,2021,MLS,,,1218886,Austin FC,6604,Sporting Kansas City,0,1,2,44,56,11,25,6,8,5,11,0,6,1,0,5,19,6,6,3,14,1,7,0,6,,,10,7,2,2,1,0,1,1,13,18,15,4,6,0,30,9,6,5,36,56,29.0,40.0,7.0,16.0,9.0,12.0,407,493,336.0,416.0,239,190,97,226,34.0,39.0,0.0,8.0,0.86,3.07,0.85,2.43,0.01,0.65,0.86,3.07,1.22,2.31,0,3,1,11,4,5,2,3,4,3,0.0,0.5512,0.1279,1.743,0.6122,0.6143,0.0278,0.0969,0.0872,0.0665,9,18,1,0,1,6,0,1,0,0,0.7208,2.4266,0.1279,0.0,0.0064,0.6169,0.0,0.0284,0.0,0.0,11,25,22.51,15.76
3561603,2021-05-12,usa,2021,MLS,,,191716,Philadelphia Union,6580,New England Revolution,1,1,1,49,51,14,15,3,5,7,8,4,2,0,0,10,10,4,5,3,5,3,5,2,4,,,13,6,3,1,0,0,4,1,19,17,13,13,2,4,20,17,4,2,62,65,39.0,41.0,23.0,24.0,14.0,11.0,393,398,294.0,323.0,142,140,152,183,38.0,37.0,5.0,5.0,2.15,1.55,2.15,1.41,0.0,0.14,2.15,1.55,1.68,1.84,2,1,6,5,2,4,3,4,1,1,1.1585,0.1376,0.6493,0.7389,0.1668,0.5498,0.1522,0.1128,0.0224,0.0107,14,13,0,1,0,0,0,1,0,0,2.1493,1.0173,0.0,0.3948,0.0,0.0,0.0,0.1376,0.0,0.0,14,15,13.57,17.1
3561603,2021-05-12,usa,2021,MLS,,,6580,New England Revolution,191716,Philadelphia Union,0,1,1,51,49,15,14,5,3,8,7,2,4,0,0,10,10,5,4,5,3,5,3,4,2,,,6,13,1,3,0,0,1,4,17,19,13,13,4,2,17,20,2,4,65,62,41.0,39.0,24.0,23.0,11.0,14.0,398,393,323.0,294.0,140,142,183,152,37.0,38.0,5.0,5.0,1.55,2.15,1.41,2.15,0.14,0.0,1.55,2.15,1.84,1.68,1,2,5,6,4,2,4,3,1,1,0.1376,1.1585,0.7389,0.6493,0.5498,0.1668,0.1128,0.1522,0.0107,0.0224,13,14,1,0,0,0,1,0,0,0,1.0173,2.1493,0.3948,0.0,0.0,0.0,0.1376,0.0,0.0,0.0,15,14,17.1,13.57
3561654,2021-05-12,usa,2021,MLS,,,960720,Inter Miami CF,161195,CF Montreal,1,0,2,52,48,6,11,1,4,3,4,2,3,0,1,5,7,1,4,2,3,0,3,0,1,11,20,11,15,3,2,0,0,2,0,17,23,21,17,3,2,11,19,2,1,49,57,45.0,46.0,4.0,11.0,13.0,12.0,503,476,421.0,391.0,203,189,218,202,29.0,13.0,3.0,2.0,0.53,1.33,0.44,1.05,0.1,0.28,0.53,1.33,0.05,2.43,0,2,5,3,0,2,1,4,0,0,0.0,0.3928,0.3358,0.4748,0.0,0.2452,0.0403,0.2147,0.0,0.0,5,7,0,2,1,1,0,1,0,0,0.2942,0.5652,0.0,0.4851,0.0819,0.0739,0.0,0.2033,0.0,0.0,6,11,15.43,16.2
3561654,2021-05-12,usa,2021,MLS,,,161195,CF Montreal,960720,Inter Miami CF,0,2,0,48,52,11,6,4,1,4,3,3,2,1,0,7,5,4,1,3,2,3,0,1,0,20,11,15,11,2,3,0,0,0,2,23,17,17,21,2,3,19,11,1,2,57,49,46.0,45.0,11.0,4.0,12.0,13.0,476,503,391.0,421.0,189,203,202,218,13.0,29.0,2.0,3.0,1.33,0.53,1.05,0.44,0.28,0.1,1.33,0.53,2.43,0.05,2,0,3,5,2,0,4,1,0,0,0.3928,0.0,0.4748,0.3358,0.2452,0.0,0.2147,0.0403,0.0,0.0,7,5,2,0,1,1,1,0,0,0,0.5652,0.2942,0.4851,0.0,0.0739,0.0819,0.2033,0.0,0.0,0.0,11,6,16.2,15.43
3561655,2021-05-12,usa,2021,MLS,,,56453,Toronto FC,6001,Columbus Crew,1,2,0,52,48,11,10,4,3,3,5,4,2,2,0,9,6,2,4,6,4,4,1,3,1,,,9,12,3,2,0,0,1,0,13,13,9,13,2,5,16,18,3,0,39,42,30.0,29.0,9.0,13.0,5.0,7.0,473,439,408.0,380.0,216,158,192,222,23.0,32.0,0.0,4.0,2.07,0.57,0.95,0.43,1.12,0.14,2.07,0.57,1.44,0.75,1,1,8,1,0,4,0,0,2,4,0.8738,0.1799,1.1893,0.1267,0.0,0.1497,0.0,0.0,0.0569,0.1147,7,5,0,0,3,2,1,3,0,0,1.0001,0.4283,0.0,0.0,0.2461,0.0505,0.8738,0.0923,0.0,0.0,11,10,13.2,17.75
3561655,2021-05-12,usa,2021,MLS,,,6001,Columbus Crew,56453,Toronto FC,0,0,2,48,52,10,11,3,4,5,3,2,4,0,2,6,9,4,2,4,6,1,4,1,3,,,12,9,2,3,0,0,0,1,13,13,13,9,5,2,18,16,0,3,42,39,29.0,30.0,13.0,9.0,7.0,5.0,439,473,380.0,408.0,158,216,222,192,32.0,23.0,4.0,0.0,0.57,2.07,0.43,0.95,0.14,1.12,0.57,2.07,0.75,1.44,1,1,1,8,4,0,0,0,4,2,0.1799,0.8738,0.1267,1.1893,0.1497,0.0,0.0,0.0,0.1147,0.0569,5,7,0,0,2,3,3,1,0,0,0.4283,1.0001,0.0,0.0,0.0505,0.2461,0.0923,0.8738,0.0,0.0,10,11,17.75,13.2
3561604,2021-05-13,usa,2021,MLS,,,8259,Houston Dynamo FC,6604,Sporting Kansas City,1,1,0,44,56,5,16,1,4,2,9,2,3,0,0,2,12,3,4,3,8,2,2,1,2,,,7,10,1,1,0,0,7,1,15,19,14,17,3,2,29,13,4,0,40,48,31.0,33.0,9.0,15.0,7.0,7.0,414,514,327.0,426.0,197,200,130,226,24.0,40.0,2.0,8.0,1.18,1.82,1.04,1.7,0.14,0.12,1.18,1.82,0.5,1.13,0,1,2,7,0,4,2,3,1,1,0.0,0.8373,0.6491,0.7185,0.0,0.1813,0.5237,0.0577,0.0079,0.0293,3,12,0,0,1,3,1,1,0,0,1.0421,1.703,0.0,0.0,0.0572,0.1049,0.0814,0.0163,0.0,0.0,5,16,19.41,15.45
3561604,2021-05-13,usa,2021,MLS,,,6604,Sporting Kansas City,8259,Houston Dynamo FC,0,0,1,56,44,16,5,4,1,9,2,3,2,0,0,12,2,4,3,8,3,2,2,2,1,,,10,7,1,1,0,0,1,7,19,15,17,14,2,3,13,29,0,4,48,40,33.0,31.0,15.0,9.0,7.0,7.0,514,414,426.0,327.0,200,197,226,130,40.0,24.0,8.0,2.0,1.82,1.18,1.7,1.04,0.12,0.14,1.82,1.18,1.13,0.5,1,0,7,2,4,0,3,2,1,1,0.8373,0.0,0.7185,0.6491,0.1813,0.0,0.0577,0.5237,0.0293,0.0079,12,3,0,0,3,1,1,1,0,0,1.703,1.0421,0.0,0.0,0.1049,0.0572,0.0163,0.0814,0.0,0.0,16,5,15.45,19.41
3561605,2021-05-13,usa,2021,MLS,,,6603,San Jose Earthquakes,130394,Seattle Sounders FC,1,0,1,60,40,15,17,6,1,5,11,4,5,0,0,8,6,7,11,9,2,2,1,2,1,22,11,12,13,2,2,0,0,3,1,12,12,10,10,5,4,12,36,0,6,51,43,34.0,27.0,17.0,16.0,9.0,3.0,483,338,394.0,245.0,184,131,210,114,41.0,15.0,8.0,5.0,1.74,1.11,1.58,0.75,0.16,0.36,1.74,1.11,1.2,0.1,3,0,4,4,1,2,3,6,4,5,0.809,0.0,0.722,0.5371,0.047,0.1323,0.0642,0.3465,0.099,0.0942,14,14,0,0,1,2,0,1,0,0,1.5838,0.7499,0.0,0.0,0.1574,0.3133,0.0,0.0468,0.0,0.0,15,17,17.26,20.27
3561605,2021-05-13,usa,2021,MLS,,,130394,Seattle Sounders FC,6603,San Jose Earthquakes,0,1,0,40,60,17,15,1,6,11,5,5,4,0,0,6,8,11,7,2,9,1,2,1,2,11,22,13,12,2,2,0,0,1,3,12,12,10,10,4,5,36,12,6,0,43,51,27.0,34.0,16.0,17.0,3.0,9.0,338,483,245.0,394.0,131,184,114,210,15.0,41.0,5.0,8.0,1.11,1.74,0.75,1.58,0.36,0.16,1.11,1.74,0.1,1.2,0,3,4,4,2,1,6,3,5,4,0.0,0.809,0.5371,0.722,0.1323,0.047,0.3465,0.0642,0.0942,0.099,14,14,0,0,2,1,1,0,0,0,0.7499,1.5838,0.0,0.0,0.3133,0.1574,0.0468,0.0,0.0,0.0,17,15,20.27,17.26
3561656,2021-05-13,usa,2021,MLS,,,207242,Minnesota United,307691,Vancouver Whitecaps,1,1,0,54,46,17,12,4,5,7,5,6,2,0,0,7,9,10,3,4,7,3,1,2,1,,,19,18,3,3,0,0,1,0,13,10,8,11,1,6,20,20,5,3,57,53,41.0,42.0,16.0,11.0,12.0,16.0,481,395,398.0,313.0,132,173,266,140,27.0,25.0,3.0,3.0,1.36,0.8,1.26,0.47,0.09,0.33,1.36,0.8,1.21,0.43,0,0,7,8,0,1,8,3,2,0,0.0,0.0,1.0638,0.6443,0.0,0.037,0.2256,0.1129,0.066,0.0,14,7,0,0,1,3,2,2,0,0,1.2614,0.5331,0.0,0.0,0.0465,0.0792,0.0475,0.1818,0.0,0.0,17,12,18.98,15.96
3561656,2021-05-13,usa,2021,MLS,,,307691,Vancouver Whitecaps,207242,Minnesota United,0,0,1,46,54,12,17,5,4,5,7,2,6,0,0,9,7,3,10,7,4,1,3,1,2,,,18,19,3,3,0,0,0,1,10,13,11,8,6,1,20,20,3,5,53,57,42.0,41.0,11.0,16.0,16.0,12.0,395,481,313.0,398.0,173,132,140,266,25.0,27.0,3.0,3.0,0.8,1.36,0.47,1.26,0.33,0.09,0.8,1.36,0.43,1.21,0,0,8,7,1,0,3,8,0,2,0.0,0.0,0.6443,1.0638,0.037,0.0,0.1129,0.2256,0.0,0.066,7,14,0,0,3,1,2,2,0,0,0.5331,1.2614,0.0,0.0,0.0792,0.0465,0.1818,0.0475,0.0,0.0,12,17,15.96,18.98
3561606,2021-05-14,usa,2021,MLS,,,6602,DC United,6397,Chicago Fire FC,1,1,0,42,58,12,15,4,3,1,9,7,3,0,2,10,10,2,5,6,4,1,2,0,2,,,19,16,2,3,0,0,3,1,15,19,16,9,3,7,25,16,3,3,63,54,45.0,41.0,18.0,13.0,14.0,3.0,346,468,237.0,359.0,110,203,127,156,29.0,25.0,5.0,8.0,1.12,1.51,0.62,1.23,0.5,0.29,1.12,1.51,1.06,0.56,1,3,5,7,4,0,1,3,1,2,0.2841,0.5346,0.4125,0.8615,0.2282,0.0,0.1711,0.0514,0.0259,0.0643,6,12,1,0,3,2,2,1,0,0,0.5628,1.2258,0.0638,0.0,0.2981,0.2454,0.1971,0.0406,0.0,0.0,12,15,15.38,15.72
3561606,2021-05-14,usa,2021,MLS,,,6397,Chicago Fire FC,6602,DC United,0,0,1,58,42,15,12,3,4,9,1,3,7,2,0,10,10,5,2,4,6,2,1,2,0,,,16,19,3,2,0,0,1,3,19,15,9,16,7,3,16,25,3,3,54,63,41.0,45.0,13.0,18.0,3.0,14.0,468,346,359.0,237.0,203,110,156,127,25.0,29.0,8.0,5.0,1.51,1.12,1.23,0.62,0.29,0.5,1.51,1.12,0.56,1.06,3,1,7,5,0,4,3,1,2,1,0.5346,0.2841,0.8615,0.4125,0.0,0.2282,0.0514,0.1711,0.0643,0.0259,12,6,0,1,2,3,1,2,0,0,1.2258,0.5628,0.0,0.0638,0.2454,0.2981,0.0406,0.1971,0.0,0.0,15,12,15.72,15.38
3561607,2021-05-15,usa,2021,MLS,,,6637,LA Galaxy,1218886,Austin FC,1,2,0,45,55,16,15,4,2,7,9,5,4,0,0,13,8,3,7,5,5,3,0,1,0,,,10,9,0,0,0,0,3,2,13,18,9,12,4,5,21,8,2,2,44,36,35.0,32.0,9.0,4.0,13.0,4.0,469,560,389.0,494.0,204,272,185,222,31.0,38.0,5.0,5.0,2.47,1.22,1.34,1.17,0.35,0.06,1.68,1.22,2.3,0.36,2,1,10,3,1,4,2,5,1,2,0.12,0.1579,2.1304,0.582,0.1204,0.16,0.0635,0.2784,0.031,0.0455,11,12,0,1,4,2,0,0,1,0,1.4607,1.1395,0.0,0.0281,0.2163,0.0563,0.0,0.0,0.7884,0.0,16,15,14.15,18.31
3561607,2021-05-15,usa,2021,MLS,,,1218886,Austin FC,6637,LA Galaxy,0,0,2,55,45,15,16,2,4,9,7,4,5,0,0,8,13,7,3,5,5,0,3,0,1,,,9,10,0,0,0,0,2,3,18,13,12,9,5,4,8,21,2,2,36,44,32.0,35.0,4.0,9.0,4.0,13.0,560,469,494.0,389.0,272,204,222,185,38.0,31.0,5.0,5.0,1.22,2.47,1.17,1.34,0.06,0.35,1.22,1.68,0.36,2.3,1,2,3,10,4,1,5,2,2,1,0.1579,0.12,0.582,2.1304,0.16,0.1204,0.2784,0.0635,0.0455,0.031,12,11,1,0,2,4,0,0,0,1,1.1395,1.4607,0.0281,0.0,0.0563,0.2163,0.0,0.0,0.0,0.7884,15,16,18.31,14.15
3561608,2021-05-15,usa,2021,MLS,,,191716,Philadelphia Union,6514,New York Red Bulls,1,1,0,49,51,12,13,5,1,4,9,3,3,0,0,10,12,2,1,5,12,2,0,1,0,,,15,13,2,2,0,1,1,0,22,23,12,15,3,3,18,23,1,4,74,71,42.0,47.0,32.0,24.0,10.0,10.0,318,321,226.0,228.0,82,113,144,115,40.0,20.0,6.0,7.0,0.84,0.92,0.55,0.56,0.3,0.36,0.84,0.92,0.87,0.18,1,0,5,11,4,1,2,1,0,0,0.1168,0.0,0.4037,0.8711,0.2258,0.0365,0.0984,0.0084,0.0,0.0,8,6,0,0,2,5,2,2,0,0,0.5461,0.5551,0.0,0.0,0.1767,0.2785,0.1218,0.0825,0.0,0.0,12,13,13.61,13.11
3561608,2021-05-15,usa,2021,MLS,,,6514,New York Red Bulls,191716,Philadelphia Union,0,0,1,51,49,13,12,1,5,9,4,3,3,0,0,12,10,1,2,12,5,0,2,0,1,,,13,15,2,2,1,0,0,1,23,22,15,12,3,3,23,18,4,1,71,74,47.0,42.0,24.0,32.0,10.0,10.0,321,318,228.0,226.0,113,82,115,144,20.0,40.0,7.0,6.0,0.92,0.84,0.56,0.55,0.36,0.3,0.92,0.84,0.18,0.87,0,1,11,5,1,4,1,2,0,0,0.0,0.1168,0.8711,0.4037,0.0365,0.2258,0.0084,0.0984,0.0,0.0,6,8,0,0,5,2,2,2,0,0,0.5551,0.5461,0.0,0.0,0.2785,0.1767,0.0825,0.1218,0.0,0.0,13,12,13.11,13.61
3561657,2021-05-15,usa,2021,MLS,,,546238,New York City FC,56453,Toronto FC,1,1,1,59,41,13,7,6,3,5,3,2,1,0,0,7,5,6,2,2,4,3,1,2,0,,,16,14,2,1,0,0,4,6,11,8,8,5,1,2,17,14,2,5,41,41,28.0,31.0,13.0,10.0,5.0,10.0,460,315,379.0,235.0,225,92,154,143,24.0,19.0,3.0,4.0,1.63,0.39,0.86,0.33,0.77,0.07,1.63,0.39,2.2,1.35,2,0,4,3,1,2,3,1,3,1,0.6462,0.0,0.7037,0.292,0.0194,0.0695,0.1818,0.0067,0.1127,0.0226,8,5,0,0,0,2,5,0,0,0,0.8556,0.3255,0.0,0.0,0.0,0.0653,0.8082,0.0,0.0,0.0,13,7,17.46,17.81
3561657,2021-05-15,usa,2021,MLS,,,56453,Toronto FC,546238,New York City FC,0,1,1,41,59,7,13,3,6,3,5,1,2,0,0,5,7,2,6,4,2,1,3,0,2,,,14,16,1,2,0,0,6,4,8,11,5,8,2,1,14,17,5,2,41,41,31.0,28.0,10.0,13.0,10.0,5.0,315,460,235.0,379.0,92,225,143,154,19.0,24.0,4.0,3.0,0.39,1.63,0.33,0.86,0.07,0.77,0.39,1.63,1.35,2.2,0,2,3,4,2,1,1,3,1,3,0.0,0.6462,0.292,0.7037,0.0695,0.0194,0.0067,0.1818,0.0226,0.1127,5,8,0,0,2,0,0,5,0,0,0.3255,0.8556,0.0,0.0,0.0653,0.0,0.0,0.8082,0.0,0.0,7,13,17.81,17.46
3561658,2021-05-15,usa,2021,MLS,,,773958,Atlanta United,161195,CF Montreal,1,1,0,63,37,10,10,2,2,5,2,3,6,0,1,8,3,2,7,5,3,1,1,1,1,,,15,15,1,3,0,0,2,2,13,6,9,12,6,3,6,12,2,1,51,37,37.0,28.0,14.0,9.0,9.0,8.0,645,379,568.0,314.0,343,162,225,152,38.0,13.0,8.0,3.0,0.6,0.61,0.37,0.46,0.23,0.15,0.6,0.61,0.37,0.23,0,0,8,2,0,1,1,5,1,2,0.0,0.0,0.5558,0.309,0.0,0.0509,0.0261,0.2144,0.021,0.0337,7,8,0,0,2,0,1,2,0,0,0.374,0.4578,0.0,0.0,0.134,0.0,0.0948,0.1502,0.0,0.0,10,10,13.64,19.66
3561658,2021-05-15,usa,2021,MLS,,,161195,CF Montreal,773958,Atlanta United,0,0,1,37,63,10,10,2,2,2,5,6,3,1,0,3,8,7,2,3,5,1,1,1,1,,,15,15,3,1,0,0,2,2,6,13,12,9,3,6,12,6,1,2,37,51,28.0,37.0,9.0,14.0,8.0,9.0,379,645,314.0,568.0,162,343,152,225,13.0,38.0,3.0,8.0,0.61,0.6,0.46,0.37,0.15,0.23,0.61,0.6,0.23,0.37,0,0,2,8,1,0,5,1,2,1,0.0,0.0,0.309,0.5558,0.0509,0.0,0.2144,0.0261,0.0337,0.021,8,7,0,0,0,2,2,1,0,0,0.4578,0.374,0.0,0.0,0.0,0.134,0.1502,0.0948,0.0,0.0,10,10,19.66,13.64
3552877,2021-05-16,usa,2021,MLS,,,722265,FC Cincinnati,960720,Inter Miami CF,1,2,3,53,47,11,10,5,7,4,0,2,3,0,0,6,9,5,1,7,7,1,4,0,1,18,19,16,17,5,2,0,0,2,2,16,16,8,8,2,2,7,21,4,3,50,39,43.0,36.0,7.0,3.0,10.0,5.0,456,422,397.0,345.0,179,207,218,138,33.0,25.0,1.0,4.0,0.67,1.64,0.49,1.6,0.18,0.04,0.67,1.64,1.84,3.62,0,1,2,6,4,2,3,1,2,0,0.0,0.4377,0.3491,1.0788,0.1673,0.0913,0.1137,0.0304,0.0366,0.0,8,6,1,2,1,1,1,1,0,0,0.4293,1.2897,0.0586,0.3053,0.1411,0.0127,0.0378,0.0304,0.0,0.0,11,10,20.69,14.66
3552877,2021-05-16,usa,2021,MLS,,,960720,Inter Miami CF,722265,FC Cincinnati,0,3,2,47,53,10,11,7,5,0,4,3,2,0,0,9,6,1,5,7,7,4,1,1,0,19,18,17,16,2,5,0,0,2,2,16,16,8,8,2,2,21,7,3,4,39,50,36.0,43.0,3.0,7.0,5.0,10.0,422,456,345.0,397.0,207,179,138,218,25.0,33.0,4.0,1.0,1.64,0.67,1.6,0.49,0.04,0.18,1.64,0.67,3.62,1.84,1,0,6,2,2,4,1,3,0,2,0.4377,0.0,1.0788,0.3491,0.0913,0.1673,0.0304,0.1137,0.0,0.0366,6,8,2,1,1,1,1,1,0,0,1.2897,0.4293,0.3053,0.0586,0.0127,0.1411,0.0304,0.0378,0.0,0.0,10,11,14.66,20.69
3561609,2021-05-16,usa,2021,MLS,,,207242,Minnesota United,6399,FC Dallas,1,1,0,45,55,27,6,7,2,11,3,9,1,0,0,15,3,12,3,5,1,1,1,0,1,,,10,8,1,2,0,0,0,10,15,19,16,21,1,8,7,16,2,5,37,50,29.0,39.0,8.0,11.0,7.0,10.0,366,466,277.0,370.0,104,235,173,135,24.0,32.0,7.0,2.0,1.78,0.98,0.9,0.89,0.88,0.09,1.78,0.98,1.99,0.17,3,0,3,2,9,1,8,2,4,1,0.703,0.0,0.2832,0.6503,0.372,0.0565,0.3568,0.0766,0.0735,0.026,20,4,0,0,4,0,3,2,0,0,0.8998,0.7277,0.0,0.0,0.7374,0.0,0.1513,0.0817,0.0,0.0,27,6,19.2,20.02
3561609,2021-05-16,usa,2021,MLS,,,6399,FC Dallas,207242,Minnesota United,0,0,1,55,45,6,27,2,7,3,11,1,9,0,0,3,15,3,12,1,5,1,1,1,0,,,8,10,2,1,0,0,10,0,19,15,21,16,8,1,16,7,5,2,50,37,39.0,29.0,11.0,8.0,10.0,7.0,466,366,370.0,277.0,235,104,135,173,32.0,24.0,2.0,7.0,0.98,1.78,0.89,0.9,0.09,0.88,0.98,1.78,0.17,1.99,0,3,2,3,1,9,2,8,1,4,0.0,0.703,0.6503,0.2832,0.0565,0.372,0.0766,0.3568,0.026,0.0735,4,20,0,0,0,4,2,3,0,0,0.7277,0.8998,0.0,0.0,0.0,0.7374,0.0817,0.1513,0.0,0.0,6,27,20.02,19.2
3561610,2021-05-16,usa,2021,MLS,,,8314,Colorado Rapids,8259,Houston Dynamo FC,1,3,1,63,37,12,8,5,4,4,2,3,2,0,0,10,3,2,5,5,0,3,0,1,0,,,12,12,1,2,0,0,0,4,15,7,12,14,2,3,18,26,3,2,46,44,31.0,31.0,15.0,13.0,5.0,13.0,550,329,461.0,245.0,216,153,245,92,35.0,20.0,7.0,1.0,1.87,0.29,1.53,0.29,0.34,0.0,1.87,0.29,2.41,1.1,2,0,7,1,1,2,2,2,0,3,1.0091,0.0,0.7266,0.073,0.0467,0.0724,0.0972,0.0918,0.0,0.0488,6,8,1,0,1,0,4,0,0,0,1.4573,0.286,0.0726,0.0,0.1239,0.0,0.2259,0.0,0.0,0.0,12,8,13.04,22.58
3561610,2021-05-16,usa,2021,MLS,,,8259,Houston Dynamo FC,8314,Colorado Rapids,0,1,3,37,63,8,12,4,5,2,4,2,3,0,0,3,10,5,2,0,5,0,3,0,1,,,12,12,2,1,0,0,4,0,7,15,14,12,3,2,26,18,2,3,44,46,31.0,31.0,13.0,15.0,13.0,5.0,329,550,245.0,461.0,153,216,92,245,20.0,35.0,1.0,7.0,0.29,1.87,0.29,1.53,0.0,0.34,0.29,1.87,1.1,2.41,0,2,1,7,2,1,2,2,3,0,0.0,1.0091,0.073,0.7266,0.0724,0.0467,0.0918,0.0972,0.0488,0.0,8,6,0,1,0,1,0,4,0,0,0.286,1.4573,0.0,0.0726,0.0,0.1239,0.0,0.2259,0.0,0.0,8,12,22.58,13.04
3561611,2021-05-16,usa,2021,MLS,,,6606,Real Salt Lake,915807,Nashville SC,1,0,0,56,44,12,12,0,3,7,3,5,6,0,0,4,8,8,4,12,7,1,0,1,0,,,6,10,1,1,0,0,2,0,7,12,3,12,6,4,19,19,3,0,38,40,24.0,21.0,14.0,19.0,9.0,3.0,470,369,397.0,297.0,261,131,136,166,36.0,31.0,8.0,5.0,0.54,0.69,0.18,0.49,0.36,0.21,0.54,0.69,0.0,0.25,1,0,2,7,1,1,6,1,2,3,0.199,0.0,0.0756,0.5435,0.0363,0.0243,0.1804,0.0493,0.0499,0.0739,7,8,0,0,3,2,2,2,0,0,0.1841,0.4854,0.0,0.0,0.3062,0.1239,0.0508,0.0816,0.0,0.0,12,12,19.97,17.83
3561611,2021-05-16,usa,2021,MLS,,,915807,Nashville SC,6606,Real Salt Lake,0,0,0,44,56,12,12,3,0,3,7,6,5,0,0,8,4,4,8,7,12,0,1,0,1,,,10,6,1,1,0,0,0,2,12,7,12,3,4,6,19,19,0,3,40,38,21.0,24.0,19.0,14.0,3.0,9.0,369,470,297.0,397.0,131,261,166,136,31.0,36.0,5.0,8.0,0.69,0.54,0.49,0.18,0.21,0.36,0.69,0.54,0.25,0.0,0,1,7,2,1,1,1,6,3,2,0.0,0.199,0.5435,0.0756,0.0243,0.0363,0.0493,0.1804,0.0739,0.0499,8,7,0,0,2,3,2,2,0,0,0.4854,0.1841,0.0,0.0,0.1239,0.3062,0.0816,0.0508,0.0,0.0,12,12,17.83,19.97
3561612,2021-05-16,usa,2021,MLS,,,6603,San Jose Earthquakes,307690,Portland Timbers,1,0,2,66,34,20,18,4,5,9,8,7,5,0,1,13,12,7,6,12,4,1,3,1,1,35,25,5,10,1,2,0,0,1,1,24,13,2,8,5,7,10,23,3,4,57,54,46.0,36.0,11.0,18.0,13.0,18.0,574,303,490.0,229.0,186,94,304,135,48.0,24.0,7.0,3.0,2.5,2.21,1.21,1.83,0.5,0.38,1.71,2.21,1.6,2.04,1,4,11,6,1,2,3,4,4,2,0.2482,1.3079,1.9638,0.8222,0.0419,0.0861,0.1464,0.2294,0.0981,0.0421,13,14,0,0,4,4,2,0,1,0,1.207,2.184,0.0,0.0,0.407,0.3037,0.0961,0.0,0.7884,0.0,20,18,15.0,14.74
3561612,2021-05-16,usa,2021,MLS,,,307690,Portland Timbers,6603,San Jose Earthquakes,0,2,0,34,66,18,20,5,4,8,9,5,7,1,0,12,13,6,7,4,12,3,1,1,1,25,35,10,5,2,1,0,0,1,1,13,24,8,2,7,5,23,10,4,3,54,57,36.0,46.0,18.0,11.0,18.0,13.0,303,574,229.0,490.0,94,186,135,304,24.0,48.0,3.0,7.0,2.21,2.5,1.83,1.21,0.38,0.5,2.21,1.71,2.04,1.6,4,1,6,11,2,1,4,3,2,4,1.3079,0.2482,0.8222,1.9638,0.0861,0.0419,0.2294,0.1464,0.0421,0.0981,14,13,0,0,4,4,0,2,0,1,2.184,1.207,0.0,0.0,0.3037,0.407,0.0,0.0961,0.0,0.7884,18,20,14.74,15.0
3561659,2021-05-16,usa,2021,MLS,,,6604,Sporting Kansas City,307691,Vancouver Whitecaps,1,3,0,67,33,26,9,7,2,9,5,10,2,0,0,18,6,8,3,8,2,6,1,4,1,,,13,19,3,1,0,0,1,2,13,23,7,10,1,8,9,26,2,4,49,55,40.0,46.0,9.0,9.0,11.0,10.0,665,330,609.0,272.0,278,167,331,105,45.0,22.0,15.0,1.0,3.3,1.06,1.2,0.81,1.32,0.25,2.52,1.06,3.18,0.08,3,1,13,3,2,2,5,2,3,1,1.0064,0.0743,1.876,0.8295,0.103,0.1046,0.226,0.0369,0.0925,0.0134,16,4,0,0,3,3,6,2,1,0,1.1981,0.8135,0.0,0.0,0.1047,0.1395,1.2127,0.1056,0.7884,0.0,26,9,15.81,16.25
3561659,2021-05-16,usa,2021,MLS,,,307691,Vancouver Whitecaps,6604,Sporting Kansas City,0,0,3,33,67,9,26,2,7,5,9,2,10,0,0,6,18,3,8,2,8,1,6,1,4,,,19,13,1,3,0,0,2,1,23,13,10,7,8,1,26,9,4,2,55,49,46.0,40.0,9.0,9.0,10.0,11.0,330,665,272.0,609.0,167,278,105,331,22.0,45.0,1.0,15.0,1.06,3.3,0.81,1.2,0.25,1.32,1.06,2.52,0.08,3.18,1,3,3,13,2,2,2,5,1,3,0.0743,1.0064,0.8295,1.876,0.1046,0.103,0.0369,0.226,0.0134,0.0925,4,16,0,0,3,3,2,6,0,1,0.8135,1.1981,0.0,0.0,0.1395,0.1047,0.1056,1.2127,0.0,0.7884,9,26,16.25,15.81
3562009,2021-05-16,usa,2021,MLS,,,6580,New England Revolution,6001,Columbus Crew,1,1,0,50,50,11,6,3,1,5,4,3,1,0,1,10,3,1,3,9,1,3,0,2,0,,,16,9,2,1,0,0,1,2,13,15,9,10,1,3,8,11,1,2,50,51,37.0,34.0,13.0,17.0,15.0,4.0,484,488,403.0,402.0,184,227,219,175,27.0,47.0,7.0,0.0,1.51,0.29,0.96,0.25,0.56,0.04,1.51,0.29,2.33,0.14,1,0,7,1,2,2,1,1,0,2,0.3827,0.0,1.018,0.1186,0.0695,0.0855,0.0448,0.0197,0.0,0.0684,6,5,0,0,3,0,2,1,0,0,0.9558,0.2495,0.0,0.0,0.092,0.0,0.4671,0.0427,0.0,0.0,11,6,13.04,20.48
3562009,2021-05-16,usa,2021,MLS,,,6001,Columbus Crew,6580,New England Revolution,0,0,1,50,50,6,11,1,3,4,5,1,3,1,0,3,10,3,1,1,9,0,3,0,2,,,9,16,1,2,0,0,2,1,15,13,10,9,3,1,11,8,2,1,51,50,34.0,37.0,17.0,13.0,4.0,15.0,488,484,402.0,403.0,227,184,175,219,47.0,27.0,0.0,7.0,0.29,1.51,0.25,0.96,0.04,0.56,0.29,1.51,0.14,2.33,0,1,1,7,2,2,1,1,2,0,0.0,0.3827,0.1186,1.018,0.0855,0.0695,0.0197,0.0448,0.0684,0.0,5,6,0,0,0,3,1,2,0,0,0.2495,0.9558,0.0,0.0,0.0,0.092,0.0427,0.4671,0.0,0.0,6,11,20.48,13.04
3562010,2021-05-17,usa,2021,MLS,,,6602,DC United,267810,Orlando City,1,0,1,55,45,13,6,1,1,7,4,5,1,0,0,7,5,6,1,10,2,0,0,0,0,,,20,15,2,4,0,0,0,0,14,14,12,19,1,4,12,31,0,1,60,59,46.0,37.0,14.0,22.0,18.0,4.0,414,356,309.0,259.0,154,159,155,100,36.0,33.0,6.0,3.0,0.64,0.3,0.39,0.19,0.25,0.11,0.64,0.3,0.13,0.27,1,0,3,3,3,2,6,0,0,1,0.1159,0.0,0.1538,0.2248,0.1945,0.0699,0.1805,0.0,0.0,0.0099,7,4,1,0,4,1,1,1,0,0,0.3093,0.1944,0.0848,0.0,0.1346,0.0099,0.1159,0.1002,0.0,0.0,13,6,16.92,14.93
3562010,2021-05-17,usa,2021,MLS,,,267810,Orlando City,6602,DC United,0,1,0,45,55,6,13,1,1,4,7,1,5,0,0,5,7,1,6,2,10,0,0,0,0,,,15,20,4,2,0,0,0,0,14,14,19,12,4,1,31,12,1,0,59,60,37.0,46.0,22.0,14.0,4.0,18.0,356,414,259.0,309.0,159,154,100,155,33.0,36.0,3.0,6.0,0.3,0.64,0.19,0.39,0.11,0.25,0.3,0.64,0.27,0.13,0,1,3,3,2,3,0,6,1,0,0.0,0.1159,0.2248,0.1538,0.0699,0.1945,0.0,0.1805,0.0099,0.0,4,7,0,1,1,4,1,1,0,0,0.1944,0.3093,0.0,0.0848,0.0099,0.1346,0.1002,0.1159,0.0,0.0,6,13,14.93,16.92
3562011,2021-05-17,usa,2021,MLS,,,130394,Seattle Sounders FC,867280,Los Angeles FC,1,2,0,46,54,10,10,3,3,6,1,1,6,0,0,7,6,3,4,5,5,3,0,2,0,,,13,17,2,1,0,0,1,1,20,11,21,15,6,1,26,10,3,1,64,49,47.0,34.0,17.0,15.0,11.0,11.0,383,448,267.0,348.0,170,115,97,233,29.0,18.0,4.0,2.0,1.18,0.55,0.92,0.27,0.27,0.28,1.18,0.55,0.96,0.78,2,1,3,4,2,1,2,2,1,2,0.4537,0.1362,0.5394,0.2328,0.1617,0.0511,0.0211,0.0547,0.0074,0.0743,5,5,0,1,5,4,0,0,0,0,0.9181,0.2147,0.0,0.0511,0.2651,0.2832,0.0,0.0,0.0,0.0,10,10,16.26,17.57
3562011,2021-05-17,usa,2021,MLS,,,867280,Los Angeles FC,130394,Seattle Sounders FC,0,0,2,54,46,10,10,3,3,1,6,6,1,0,0,6,7,4,3,5,5,0,3,0,2,,,17,13,1,2,0,0,1,1,11,20,15,21,1,6,10,26,1,3,49,64,34.0,47.0,15.0,17.0,11.0,11.0,448,383,348.0,267.0,115,170,233,97,18.0,29.0,2.0,4.0,0.55,1.18,0.27,0.92,0.28,0.27,0.55,1.18,0.78,0.96,1,2,4,3,1,2,2,2,2,1,0.1362,0.4537,0.2328,0.5394,0.0511,0.1617,0.0547,0.0211,0.0743,0.0074,5,5,1,0,4,5,0,0,0,0,0.2147,0.9181,0.0511,0.0,0.2832,0.2651,0.0,0.0,0.0,0.0,10,10,17.57,16.26
3561613,2021-05-22,usa,2021,MLS,,,307690,Portland Timbers,6637,LA Galaxy,1,3,0,48,52,20,14,9,3,9,6,2,5,1,0,13,7,7,7,2,6,7,1,4,1,,,8,8,0,0,0,1,4,0,14,19,13,8,4,2,19,12,3,6,36,42,30.0,35.0,6.0,7.0,8.0,8.0,546,605,505.0,542.0,199,267,306,275,32.0,29.0,6.0,3.0,2.93,0.93,2.09,0.37,0.05,0.57,2.14,0.93,5.12,1.32,1,2,9,3,3,2,6,7,1,0,0.5033,0.4329,1.6834,0.2338,0.5713,0.067,0.174,0.1984,0.0214,0.0,17,7,0,0,1,5,1,2,1,0,2.1114,0.3652,0.0,0.0,0.0359,0.3128,0.0177,0.2541,0.7884,0.0,20,14,16.25,17.89
3561613,2021-05-22,usa,2021,MLS,,,6637,LA Galaxy,307690,Portland Timbers,0,0,3,52,48,14,20,3,9,6,9,5,2,0,1,7,13,7,7,6,2,1,7,1,4,,,8,8,0,0,1,0,0,4,19,14,8,13,2,4,12,19,6,3,42,36,35.0,30.0,7.0,6.0,8.0,8.0,605,546,542.0,505.0,267,199,275,306,29.0,32.0,3.0,6.0,0.93,2.93,0.37,2.09,0.57,0.05,0.93,2.14,1.32,5.12,2,1,3,9,2,3,7,6,0,1,0.4329,0.5033,0.2338,1.6834,0.067,0.5713,0.1984,0.174,0.0,0.0214,7,17,0,0,5,1,2,1,0,1,0.3652,2.1114,0.0,0.0,0.3128,0.0359,0.2541,0.0177,0.0,0.7884,14,20,17.89,16.25
3561614,2021-05-22,usa,2021,MLS,,,6397,Chicago Fire FC,960720,Inter Miami CF,1,1,0,57,43,20,4,7,1,10,2,3,1,0,0,11,4,9,0,12,3,3,2,3,2,30,8,14,20,3,6,0,0,2,2,13,15,8,10,0,4,12,20,1,5,60,43,47.0,34.0,13.0,9.0,16.0,7.0,428,324,352.0,241.0,195,152,157,89,20.0,23.0,3.0,1.0,1.62,0.34,1.27,0.23,0.35,0.11,1.62,0.34,0.58,0.15,0,1,7,2,4,1,8,0,1,0,0.0,0.1057,0.8812,0.2149,0.4375,0.018,0.2508,0.0,0.0544,0.0,10,2,0,0,2,1,8,1,0,0,1.27,0.2315,0.0,0.0,0.1199,0.018,0.2341,0.0891,0.0,0.0,20,4,18.22,11.18
3561614,2021-05-22,usa,2021,MLS,,,960720,Inter Miami CF,6397,Chicago Fire FC,0,0,1,43,57,4,20,1,7,2,10,1,3,0,0,4,11,0,9,3,12,2,3,2,3,8,30,20,14,6,3,0,0,2,2,15,13,10,8,4,0,20,12,5,1,43,60,34.0,47.0,9.0,13.0,7.0,16.0,324,428,241.0,352.0,152,195,89,157,23.0,20.0,1.0,3.0,0.34,1.62,0.23,1.27,0.11,0.35,0.34,1.62,0.15,0.58,1,0,2,7,1,4,0,8,0,1,0.1057,0.0,0.2149,0.8812,0.018,0.4375,0.0,0.2508,0.0,0.0544,2,10,0,0,1,2,1,8,0,0,0.2315,1.27,0.0,0.0,0.018,0.1199,0.0891,0.2341,0.0,0.0,4,20,11.18,18.22
3561615,2021-05-22,usa,2021,MLS,,,546238,New York City FC,6001,Columbus Crew,1,1,2,43,57,17,10,4,3,7,4,6,3,0,0,8,3,9,7,1,4,1,0,1,0,,,16,11,2,3,0,0,1,1,15,13,10,12,3,6,14,15,1,3,43,52,33.0,38.0,10.0,14.0,7.0,8.0,389,501,317.0,434.0,150,247,167,187,26.0,36.0,3.0,8.0,1.08,0.5,1.04,0.37,0.05,0.13,1.08,0.5,1.48,0.47,0,0,5,3,3,0,8,5,1,2,0.0,0.0,0.6122,0.2491,0.2017,0.0,0.2287,0.1577,0.0414,0.094,13,7,2,0,1,1,1,2,0,0,0.953,0.3691,0.0842,0.0,0.0288,0.0092,0.018,0.1225,0.0,0.0,17,10,19.55,21.79
3561615,2021-05-22,usa,2021,MLS,,,6001,Columbus Crew,546238,New York City FC,0,2,1,57,43,10,17,3,4,4,7,3,6,0,0,3,8,7,9,4,1,0,1,0,1,,,11,16,3,2,0,0,1,1,13,15,12,10,6,3,15,14,3,1,52,43,38.0,33.0,14.0,10.0,8.0,7.0,501,389,434.0,317.0,247,150,187,167,36.0,26.0,8.0,3.0,0.5,1.08,0.37,1.04,0.13,0.05,0.5,1.08,0.47,1.48,0,0,3,5,0,3,5,8,2,1,0.0,0.0,0.2491,0.6122,0.0,0.2017,0.1577,0.2287,0.094,0.0414,7,13,0,2,1,1,2,1,0,0,0.3691,0.953,0.0,0.0842,0.0092,0.0288,0.1225,0.018,0.0,0.0,10,17,21.79,19.55
3561660,2021-05-22,usa,2021,MLS,,,161195,CF Montreal,722265,FC Cincinnati,1,1,2,55,45,12,13,4,4,3,4,5,5,0,0,9,9,3,4,3,2,3,2,2,1,,,13,8,4,0,0,0,3,4,17,21,12,4,3,5,4,26,2,3,44,46,40.0,41.0,4.0,5.0,15.0,8.0,484,399,430.0,319.0,185,234,245,85,27.0,22.0,0.0,3.0,2.75,1.76,2.31,0.74,0.44,1.02,2.75,1.76,1.06,1.31,3,1,5,7,1,1,1,4,2,0,2.2846,0.7862,0.3654,0.767,0.0274,0.0325,0.0299,0.172,0.0386,0.0,11,7,0,1,0,3,1,2,0,0,2.3076,0.7175,0.0,0.0222,0.0,0.8877,0.4384,0.1302,0.0,0.0,12,13,14.14,16.92
3561660,2021-05-22,usa,2021,MLS,,,722265,FC Cincinnati,161195,CF Montreal,0,2,1,45,55,13,12,4,4,4,3,5,5,0,0,9,9,4,3,2,3,2,3,1,2,,,8,13,0,4,0,0,4,3,21,17,4,12,5,3,26,4,3,2,46,44,41.0,40.0,5.0,4.0,8.0,15.0,399,484,319.0,430.0,234,185,85,245,22.0,27.0,3.0,0.0,1.76,2.75,0.74,2.31,1.02,0.44,1.76,2.75,1.31,1.06,1,3,7,5,1,1,4,1,0,2,0.7862,2.2846,0.767,0.3654,0.0325,0.0274,0.172,0.0299,0.0,0.0386,7,11,1,0,3,0,2,1,0,0,0.7175,2.3076,0.0222,0.0,0.8877,0.0,0.1302,0.4384,0.0,0.0,13,12,16.92,14.14
3561661,2021-05-22,usa,2021,MLS,,,267810,Orlando City,56453,Toronto FC,1,1,0,50,50,10,19,5,6,4,9,1,4,0,0,4,12,6,7,4,9,4,1,3,1,,,19,10,1,2,0,0,1,3,21,16,15,10,5,1,23,6,5,4,46,63,38.0,49.0,8.0,14.0,8.0,14.0,444,421,362.0,334.0,224,157,138,177,36.0,24.0,3.0,7.0,1.53,1.28,1.41,1.15,0.12,0.12,1.53,1.28,1.46,0.99,2,1,1,6,1,5,5,6,1,1,0.6312,0.1402,0.3165,0.5737,0.202,0.3123,0.3769,0.2051,0.0065,0.059,9,16,0,0,1,3,0,0,0,0,1.4097,1.1659,0.0,0.0,0.1235,0.1245,0.0,0.0,0.0,0.0,10,19,16.79,16.82
3561661,2021-05-22,usa,2021,MLS,,,56453,Toronto FC,267810,Orlando City,0,0,1,50,50,19,10,6,5,9,4,4,1,0,0,12,4,7,6,9,4,1,4,1,3,,,10,19,2,1,0,0,3,1,16,21,10,15,1,5,6,23,4,5,63,46,49.0,38.0,14.0,8.0,14.0,8.0,421,444,334.0,362.0,157,224,177,138,24.0,36.0,7.0,3.0,1.28,1.53,1.15,1.41,0.12,0.12,1.28,1.53,0.99,1.46,1,2,6,1,5,1,6,5,1,1,0.1402,0.6312,0.5737,0.3165,0.3123,0.202,0.2051,0.3769,0.059,0.0065,16,9,0,0,3,1,0,0,0,0,1.1659,1.4097,0.0,0.0,0.1245,0.1235,0.0,0.0,0.0,0.0,19,10,16.82,16.79
3561616,2021-05-23,usa,2021,MLS,,,6399,FC Dallas,6606,Real Salt Lake,1,2,2,62,38,29,11,10,3,9,6,10,2,0,0,18,5,11,6,15,1,2,0,1,0,39,18,13,14,2,3,0,0,2,1,12,6,5,18,2,9,11,32,1,8,53,49,37.0,33.0,16.0,16.0,11.0,14.0,516,329,426.0,265.0,234,126,192,139,32.0,31.0,10.0,3.0,2.8,0.8,1.77,0.74,0.24,0.07,2.01,0.8,2.29,0.78,0,0,14,2,4,3,10,3,1,3,0.0,0.0,2.3126,0.2374,0.1564,0.2364,0.3073,0.2251,0.0191,0.1045,22,9,0,1,6,0,0,1,1,0,1.7706,0.5847,0.0,0.1512,0.2364,0.0,0.0,0.0674,0.7884,0.0,29,11,17.77,19.64
3561616,2021-05-23,usa,2021,MLS,,,6606,Real Salt Lake,6399,FC Dallas,0,2,2,38,62,11,29,3,10,6,9,2,10,0,0,5,18,6,11,1,15,0,2,0,1,18,39,14,13,3,2,0,0,1,2,6,12,18,5,9,2,32,11,8,1,49,53,33.0,37.0,16.0,16.0,14.0,11.0,329,516,265.0,426.0,126,234,139,192,31.0,32.0,3.0,10.0,0.8,2.8,0.74,1.77,0.07,0.24,0.8,2.01,0.78,2.29,0,0,2,14,3,4,3,10,3,1,0.0,0.0,0.2374,2.3126,0.2364,0.1564,0.2251,0.3073,0.1045,0.0191,9,22,1,0,0,6,1,0,0,1,0.5847,1.7706,0.1512,0.0,0.0,0.2364,0.0674,0.0,0.0,0.7884,11,29,19.64,17.77
3561617,2021-05-23,usa,2021,MLS,,,6580,New England Revolution,6514,New York Red Bulls,1,3,1,57,43,23,11,11,3,10,4,2,4,0,0,16,9,7,2,11,6,3,3,1,2,,,13,12,0,0,0,1,1,3,17,13,9,12,4,2,22,11,2,8,72,54,46.0,32.0,26.0,22.0,17.0,7.0,434,327,324.0,215.0,150,109,174,106,38.0,24.0,9.0,6.0,3.27,1.14,2.84,0.97,0.44,0.17,3.27,1.14,2.68,1.35,0,0,11,8,5,1,6,1,1,1,0.0,0.0,2.8072,1.1447,0.2095,0.0212,0.198,0.0099,0.0591,0.0046,11,7,5,0,6,2,1,2,0,0,0.977,1.0087,1.8602,0.0,0.2168,0.1573,0.2198,0.0144,0.0,0.0,23,11,15.92,15.71
3561617,2021-05-23,usa,2021,MLS,,,6514,New York Red Bulls,6580,New England Revolution,0,1,3,43,57,11,23,3,11,4,10,4,2,0,0,9,16,2,7,6,11,3,3,2,1,,,12,13,0,0,1,0,3,1,13,17,12,9,2,4,11,22,8,2,54,72,32.0,46.0,22.0,26.0,7.0,17.0,327,434,215.0,324.0,109,150,106,174,24.0,38.0,6.0,9.0,1.14,3.27,0.97,2.84,0.17,0.44,1.14,3.27,1.35,2.68,0,0,8,11,1,5,1,6,1,1,0.0,0.0,1.1447,2.8072,0.0212,0.2095,0.0099,0.198,0.0046,0.0591,7,11,0,5,2,6,2,1,0,0,1.0087,0.977,0.0,1.8602,0.1573,0.2168,0.0144,0.2198,0.0,0.0,11,23,15.71,15.92
3561618,2021-05-23,usa,2021,MLS,,,6603,San Jose Earthquakes,6604,Sporting Kansas City,1,1,3,57,43,16,15,5,7,7,6,4,2,0,0,9,8,7,7,8,2,2,1,2,0,27,19,8,8,2,1,0,0,1,1,16,17,9,13,2,4,8,21,4,4,35,41,29.0,32.0,6.0,9.0,7.0,7.0,510,392,423.0,326.0,215,196,208,130,39.0,23.0,7.0,3.0,1.82,1.71,1.76,1.63,0.06,0.08,1.82,1.71,1.56,2.62,1,2,7,5,1,1,3,5,4,2,0.3918,0.4459,0.7885,0.9063,0.0517,0.0511,0.0987,0.249,0.129,0.0577,14,10,0,2,2,1,0,2,0,0,1.3808,1.4789,0.0,0.1498,0.079,0.0235,0.0,0.0577,0.0,0.0,16,15,17.24,19.38
3561618,2021-05-23,usa,2021,MLS,,,6604,Sporting Kansas City,6603,San Jose Earthquakes,0,3,1,43,57,15,16,7,5,6,7,2,4,0,0,8,9,7,7,2,8,1,2,0,2,19,27,8,8,1,2,0,0,1,1,17,16,13,9,4,2,21,8,4,4,41,35,32.0,29.0,9.0,6.0,7.0,7.0,392,510,326.0,423.0,196,215,130,208,23.0,39.0,3.0,7.0,1.71,1.82,1.63,1.76,0.08,0.06,1.71,1.82,2.62,1.56,2,1,5,7,1,1,5,3,2,4,0.4459,0.3918,0.9063,0.7885,0.0511,0.0517,0.249,0.0987,0.0577,0.129,10,14,2,0,1,2,2,0,0,0,1.4789,1.3808,0.1498,0.0,0.0235,0.079,0.0577,0.0,0.0,0.0,15,16,19.38,17.24
3561619,2021-05-23,usa,2021,MLS,,,867280,Los Angeles FC,8314,Colorado Rapids,1,2,1,58,42,17,10,5,2,7,7,5,1,0,0,13,8,4,2,7,2,1,2,0,1,,,12,15,1,1,0,0,3,2,13,25,11,17,1,6,12,14,1,2,53,53,37.0,41.0,16.0,12.0,9.0,5.0,522,378,421.0,279.0,201,131,220,148,23.0,30.0,5.0,7.0,1.24,1.12,0.93,1.01,0.31,0.12,1.24,1.12,1.19,0.48,0,1,11,5,2,2,3,1,1,1,0.0,0.245,0.9698,0.6838,0.1061,0.1224,0.1484,0.0425,0.0188,0.0274,11,7,0,1,4,2,2,0,0,0,0.9316,0.9651,0.0,0.0407,0.2447,0.1152,0.0667,0.0,0.0,0.0,17,10,15.44,13.43
3561619,2021-05-23,usa,2021,MLS,,,8314,Colorado Rapids,867280,Los Angeles FC,0,1,2,42,58,10,17,2,5,7,7,1,5,0,0,8,13,2,4,2,7,2,1,1,0,,,15,12,1,1,0,0,2,3,25,13,17,11,6,1,14,12,2,1,53,53,41.0,37.0,12.0,16.0,5.0,9.0,378,522,279.0,421.0,131,201,148,220,30.0,23.0,7.0,5.0,1.12,1.24,1.01,0.93,0.12,0.31,1.12,1.24,0.48,1.19,1,0,5,11,2,2,1,3,1,1,0.245,0.0,0.6838,0.9698,0.1224,0.1061,0.0425,0.1484,0.0274,0.0188,7,11,1,0,2,4,0,2,0,0,0.9651,0.9316,0.0407,0.0,0.1152,0.2447,0.0,0.0667,0.0,0.0,10,17,13.43,15.44
3561620,2021-05-23,usa,2021,MLS,,,130394,Seattle Sounders FC,773958,Atlanta United,1,1,1,37,63,7,10,2,2,5,6,0,2,0,0,6,5,1,5,4,3,0,1,0,0,,,19,16,3,4,0,0,2,3,13,16,20,10,2,0,15,11,1,1,58,52,37.0,45.0,21.0,7.0,8.0,10.0,315,545,238.0,456.0,137,219,101,237,35.0,39.0,7.0,7.0,0.25,1.01,0.09,0.09,0.16,0.14,0.25,0.23,0.45,1.03,0,0,5,3,1,2,1,3,0,2,0.0,0.0,0.1556,0.8748,0.084,0.0367,0.0097,0.0611,0.0,0.0419,2,4,0,0,3,1,2,4,0,1,0.0937,0.0871,0.0,0.0,0.1163,0.0235,0.0393,0.1156,0.0,0.7884,7,10,15.23,20.88
3561620,2021-05-23,usa,2021,MLS,,,773958,Atlanta United,130394,Seattle Sounders FC,0,1,1,63,37,10,7,2,2,6,5,2,0,0,0,5,6,5,1,3,4,1,0,0,0,,,16,19,4,3,0,0,3,2,16,13,10,20,0,2,11,15,1,1,52,58,45.0,37.0,7.0,21.0,10.0,8.0,545,315,456.0,238.0,219,137,237,101,39.0,35.0,7.0,7.0,1.01,0.25,0.09,0.09,0.14,0.16,0.23,0.25,1.03,0.45,0,0,3,5,2,1,3,1,2,0,0.0,0.0,0.8748,0.1556,0.0367,0.084,0.0611,0.0097,0.0419,0.0,4,2,0,0,1,3,4,2,1,0,0.0871,0.0937,0.0,0.0,0.0235,0.1163,0.1156,0.0393,0.7884,0.0,10,7,20.88,15.23
3561621,2021-05-23,usa,2021,MLS,,,6602,DC United,191716,Philadelphia Union,1,0,1,52,48,17,7,7,2,8,1,2,4,0,0,10,4,7,3,8,5,2,2,2,1,,,12,12,0,2,0,0,0,2,8,15,16,17,4,2,14,25,1,7,45,48,27.0,27.0,18.0,21.0,8.0,1.0,395,375,299.0,258.0,139,102,160,156,26.0,33.0,4.0,2.0,1.02,1.37,0.79,1.33,0.23,0.04,1.02,1.37,0.51,1.02,0,2,8,2,2,0,5,3,2,0,0.0,1.2048,0.7521,0.1066,0.0533,0.0,0.1575,0.059,0.0561,0.0,12,6,0,0,3,1,2,0,0,0,0.7904,1.3291,0.0,0.0,0.0846,0.0414,0.144,0.0,0.0,0.0,17,7,17.32,17.12
3561621,2021-05-23,usa,2021,MLS,,,191716,Philadelphia Union,6602,DC United,0,1,0,48,52,7,17,2,7,1,8,4,2,0,0,4,10,3,7,5,8,2,2,1,2,,,12,12,2,0,0,0,2,0,15,8,17,16,2,4,25,14,7,1,48,45,27.0,27.0,21.0,18.0,1.0,8.0,375,395,258.0,299.0,102,139,156,160,33.0,26.0,2.0,4.0,1.37,1.02,1.33,0.79,0.04,0.23,1.37,1.02,1.02,0.51,2,0,2,8,0,2,3,5,0,2,1.2048,0.0,0.1066,0.7521,0.0,0.0533,0.059,0.1575,0.0,0.0561,6,12,0,0,1,3,0,2,0,0,1.3291,0.7904,0.0,0.0,0.0414,0.0846,0.0,0.144,0.0,0.0,7,17,17.12,17.32
3561662,2021-05-23,usa,2021,MLS,,,8259,Houston Dynamo FC,307691,Vancouver Whitecaps,1,2,1,39,61,14,11,3,2,8,4,3,5,1,0,10,9,4,2,6,6,2,1,1,0,,,15,10,4,3,0,0,1,1,14,11,12,10,5,3,20,10,1,1,44,47,33.0,32.0,11.0,15.0,9.0,6.0,311,482,251.0,414.0,157,222,94,192,24.0,33.0,5.0,4.0,1.09,1.31,0.7,1.26,0.39,0.05,1.09,1.31,0.35,0.63,1,0,6,7,3,2,1,1,3,1,0.1893,0.0,0.6309,1.2001,0.1589,0.0625,0.0404,0.0274,0.0736,0.0193,8,9,1,0,3,2,2,0,0,0,0.6236,1.2576,0.0785,0.0,0.315,0.0516,0.0759,0.0,0.0,0.0,14,11,16.05,14.54
3561662,2021-05-23,usa,2021,MLS,,,307691,Vancouver Whitecaps,8259,Houston Dynamo FC,0,1,2,61,39,11,14,2,3,4,8,5,3,0,1,9,10,2,4,6,6,1,2,0,1,,,10,15,3,4,0,0,1,1,11,14,10,12,3,5,10,20,1,1,47,44,32.0,33.0,15.0,11.0,6.0,9.0,482,311,414.0,251.0,222,157,192,94,33.0,24.0,4.0,5.0,1.31,1.09,1.26,0.7,0.05,0.39,1.31,1.09,0.63,0.35,0,1,7,6,2,3,1,1,1,3,0.0,0.1893,1.2001,0.6309,0.0625,0.1589,0.0274,0.0404,0.0193,0.0736,9,8,0,1,2,3,0,2,0,0,1.2576,0.6236,0.0,0.0785,0.0516,0.315,0.0,0.0759,0.0,0.0,11,14,14.54,16.05
3561622,2021-05-24,usa,2021,MLS,,,915807,Nashville SC,1218886,Austin FC,1,1,0,41,59,14,12,6,1,6,6,2,5,1,0,12,3,2,9,1,10,4,0,3,0,,,12,15,0,1,0,0,2,0,10,12,15,10,5,2,21,11,1,5,48,43,33.0,31.0,15.0,12.0,8.0,8.0,335,477,268.0,413.0,155,220,113,193,24.0,38.0,9.0,4.0,2.39,0.45,1.28,0.34,1.1,0.12,2.39,0.45,1.81,0.39,3,0,6,3,3,0,1,6,1,3,1.1046,0.0,0.9064,0.2911,0.2539,0.0,0.017,0.098,0.0292,0.0638,10,5,1,0,0,5,3,2,0,0,0.8504,0.3372,0.423,0.0,0.0,0.0644,1.0377,0.0514,0.0,0.0,14,12,13.28,24.28
3561622,2021-05-24,usa,2021,MLS,,,1218886,Austin FC,915807,Nashville SC,0,0,1,59,41,12,14,1,6,6,6,5,2,0,1,3,12,9,2,10,1,0,4,0,3,,,15,12,1,0,0,0,0,2,12,10,10,15,2,5,11,21,5,1,43,48,31.0,33.0,12.0,15.0,8.0,8.0,477,335,413.0,268.0,220,155,193,113,38.0,24.0,4.0,9.0,0.45,2.39,0.34,1.28,0.12,1.1,0.45,2.39,0.39,1.81,0,3,3,6,0,3,6,1,3,1,0.0,1.1046,0.2911,0.9064,0.0,0.2539,0.098,0.017,0.0638,0.0292,5,10,0,1,5,0,2,3,0,0,0.3372,0.8504,0.0,0.423,0.0644,0.0,0.0514,1.0377,0.0,0.0,12,14,24.28,13.28
3561624,2021-05-29,usa,2021,MLS,,,6514,New York Red Bulls,267810,Orlando City,1,2,1,42,58,14,6,7,2,4,2,3,2,0,0,7,4,7,2,6,3,2,1,1,0,,,19,13,2,4,0,0,3,0,34,23,17,17,1,3,18,14,1,5,80,73,57.0,56.0,23.0,17.0,10.0,14.0,351,509,247.0,411.0,81,259,166,152,21.0,28.0,8.0,3.0,1.47,1.0,1.12,0.96,0.35,0.05,1.47,1.0,2.79,0.94,1,0,4,4,2,0,5,1,2,1,0.6159,0.0,0.302,0.8701,0.2971,0.0,0.215,0.1088,0.0356,0.0234,6,5,2,0,2,1,4,0,0,0,1.0333,0.9563,0.0822,0.0,0.0387,0.046,0.3114,0.0,0.0,0.0,14,6,17.67,14.33
3561624,2021-05-29,usa,2021,MLS,,,267810,Orlando City,6514,New York Red Bulls,0,1,2,58,42,6,14,2,7,2,4,2,3,0,0,4,7,2,7,3,6,1,2,0,1,,,13,19,4,2,0,0,0,3,23,34,17,17,3,1,14,18,5,1,73,80,56.0,57.0,17.0,23.0,14.0,10.0,509,351,411.0,247.0,259,81,152,166,28.0,21.0,3.0,8.0,1.0,1.47,0.96,1.12,0.05,0.35,1.0,1.47,0.94,2.79,0,1,4,4,0,2,1,5,1,2,0.0,0.6159,0.8701,0.302,0.0,0.2971,0.1088,0.215,0.0234,0.0356,5,6,0,2,1,2,0,4,0,0,0.9563,1.0333,0.0,0.0822,0.046,0.0387,0.0,0.3114,0.0,0.0,6,14,14.33,17.67
3561625,2021-05-29,usa,2021,MLS,,,722265,FC Cincinnati,6580,New England Revolution,1,0,1,44,56,13,26,4,6,6,10,3,10,1,2,7,17,6,9,4,13,1,1,1,1,,,15,12,2,2,0,0,2,1,22,21,9,8,12,2,23,15,3,4,48,68,42.0,45.0,6.0,23.0,10.0,12.0,337,422,247.0,333.0,125,125,122,208,16.0,30.0,2.0,12.0,0.75,1.46,0.67,0.6,0.08,0.86,0.75,1.46,1.08,0.67,0,1,6,14,1,2,4,6,2,3,0.0,0.3914,0.5293,0.7456,0.0302,0.0615,0.1268,0.1924,0.0623,0.0827,10,13,0,0,2,9,1,4,0,0,0.6673,0.6034,0.0,0.0,0.0459,0.2791,0.0355,0.591,0.0,0.0,13,26,20.53,15.7
3561625,2021-05-29,usa,2021,MLS,,,6580,New England Revolution,722265,FC Cincinnati,0,1,0,56,44,26,13,6,4,10,6,10,3,2,1,17,7,9,6,13,4,1,1,1,1,,,12,15,2,2,0,0,1,2,21,22,8,9,2,12,15,23,4,3,68,48,45.0,42.0,23.0,6.0,12.0,10.0,422,337,333.0,247.0,125,125,208,122,30.0,16.0,12.0,2.0,1.46,0.75,0.6,0.67,0.86,0.08,1.46,0.75,0.67,1.08,1,0,14,6,2,1,6,4,3,2,0.3914,0.0,0.7456,0.5293,0.0615,0.0302,0.1924,0.1268,0.0827,0.0623,13,10,0,0,9,2,4,1,0,0,0.6034,0.6673,0.0,0.0,0.2791,0.0459,0.591,0.0355,0.0,0.0,26,13,15.7,20.53
3561626,2021-05-29,usa,2021,MLS,,,773958,Atlanta United,915807,Nashville SC,1,2,2,62,38,12,14,5,5,5,5,2,4,0,0,8,10,4,4,5,1,2,1,1,0,,,12,11,1,3,0,0,0,1,12,15,6,16,4,2,16,20,3,3,46,46,30.0,31.0,16.0,15.0,9.0,6.0,552,339,489.0,265.0,315,117,174,148,38.0,22.0,6.0,4.0,1.26,1.84,1.12,1.69,0.14,0.14,1.26,1.84,1.02,1.74,1,0,7,7,0,3,3,2,1,2,0.4847,0.0,0.6508,1.5094,0.0,0.1811,0.0794,0.1111,0.0444,0.0342,9,12,0,0,0,1,3,1,0,0,1.12,1.6996,0.0,0.0,0.0,0.0675,0.1394,0.0687,0.0,0.0,12,14,16.27,16.57
3561626,2021-05-29,usa,2021,MLS,,,915807,Nashville SC,773958,Atlanta United,0,2,2,38,62,14,12,5,5,5,5,4,2,0,0,10,8,4,4,1,5,1,2,0,1,,,11,12,3,1,0,0,1,0,15,12,16,6,2,4,20,16,3,3,46,46,31.0,30.0,15.0,16.0,6.0,9.0,339,552,265.0,489.0,117,315,148,174,22.0,38.0,4.0,6.0,1.84,1.26,1.69,1.12,0.14,0.14,1.84,1.26,1.74,1.02,0,1,7,7,3,0,2,3,2,1,0.0,0.4847,1.5094,0.6508,0.1811,0.0,0.1111,0.0794,0.0342,0.0444,12,9,0,0,1,0,1,3,0,0,1.6996,1.12,0.0,0.0,0.0675,0.0,0.0687,0.1394,0.0,0.0,14,12,16.57,16.27
3561628,2021-05-29,usa,2021,MLS,,,867280,Los Angeles FC,546238,New York City FC,1,1,2,59,41,10,10,5,4,2,6,3,0,0,1,8,4,2,6,4,4,2,1,1,0,,,11,11,1,1,0,1,2,2,22,25,11,12,0,3,16,15,2,4,58,53,51.0,48.0,7.0,5.0,18.0,12.0,614,411,508.0,310.0,195,194,313,116,22.0,26.0,1.0,1.0,2.13,0.81,2.12,0.33,0.01,0.48,2.13,0.81,2.01,2.16,2,2,4,1,2,1,0,4,2,2,1.0912,0.4564,0.8286,0.1779,0.1778,0.0605,0.0,0.0883,0.0351,0.0223,9,6,0,0,1,4,0,0,0,0,2.1208,0.3267,0.0,0.0,0.0119,0.4787,0.0,0.0,0.0,0.0,10,10,13.28,19.89
3561628,2021-05-29,usa,2021,MLS,,,546238,New York City FC,867280,Los Angeles FC,0,2,1,41,59,10,10,4,5,6,2,0,3,1,0,4,8,6,2,4,4,1,2,0,1,,,11,11,1,1,1,0,2,2,25,22,12,11,3,0,15,16,4,2,53,58,48.0,51.0,5.0,7.0,12.0,18.0,411,614,310.0,508.0,194,195,116,313,26.0,22.0,1.0,1.0,0.81,2.13,0.33,2.12,0.48,0.01,0.81,2.13,2.16,2.01,2,2,1,4,1,2,4,0,2,2,0.4564,1.0912,0.1779,0.8286,0.0605,0.1778,0.0883,0.0,0.0223,0.0351,6,9,0,0,4,1,0,0,0,0,0.3267,2.1208,0.0,0.0,0.4787,0.0119,0.0,0.0,0.0,0.0,10,10,19.89,13.28
3561629,2021-05-29,usa,2021,MLS,,,6637,LA Galaxy,6603,San Jose Earthquakes,1,1,0,50,50,21,18,8,12,8,5,5,1,2,0,11,9,10,9,4,4,1,3,1,3,26,28,16,11,3,1,0,0,0,1,17,13,15,19,1,7,18,15,12,6,53,44,44.0,38.0,9.0,6.0,17.0,9.0,427,417,353.0,351.0,180,198,173,153,18.0,23.0,5.0,2.0,1.76,1.77,1.11,1.73,0.65,0.03,1.76,1.77,0.73,2.4,0,2,8,6,3,1,10,6,0,3,0.0,0.4497,1.0263,1.1048,0.1433,0.0305,0.4322,0.1499,0.0,0.0739,13,15,1,1,4,1,3,1,0,0,1.0947,1.7473,0.0799,0.031,0.2947,0.0128,0.1325,0.0175,0.0,0.0,21,18,17.96,18.98
3561629,2021-05-29,usa,2021,MLS,,,6603,San Jose Earthquakes,6637,LA Galaxy,0,0,1,50,50,18,21,12,8,5,8,1,5,0,2,9,11,9,10,4,4,3,1,3,1,28,26,11,16,1,3,0,0,1,0,13,17,19,15,7,1,15,18,6,12,44,53,38.0,44.0,6.0,9.0,9.0,17.0,417,427,351.0,353.0,198,180,153,173,23.0,18.0,2.0,5.0,1.77,1.76,1.73,1.11,0.03,0.65,1.77,1.76,2.4,0.73,2,0,6,8,1,3,6,10,3,0,0.4497,0.0,1.1048,1.0263,0.0305,0.1433,0.1499,0.4322,0.0739,0.0,15,13,1,1,1,4,1,3,0,0,1.7473,1.0947,0.031,0.0799,0.0128,0.2947,0.0175,0.1325,0.0,0.0,18,21,18.98,17.96
3561663,2021-05-29,usa,2021,MLS,,,6397,Chicago Fire FC,161195,CF Montreal,1,0,1,51,49,19,6,6,3,9,2,4,1,0,0,15,5,4,1,7,2,2,2,2,1,,,13,19,0,2,0,0,9,0,24,19,19,10,1,3,6,23,2,6,65,61,54.0,38.0,11.0,23.0,11.0,8.0,405,397,292.0,278.0,136,195,156,83,21.0,35.0,11.0,1.0,1.71,0.37,1.27,0.35,0.44,0.02,1.71,0.37,1.64,1.22,0,0,12,4,3,1,2,0,2,1,0.0,0.0,1.4046,0.2659,0.2191,0.0844,0.0373,0.0,0.0491,0.0159,11,4,0,1,4,1,4,0,0,0,1.2711,0.2623,0.0,0.0844,0.2602,0.0195,0.1789,0.0,0.0,0.0,19,6,14.98,17.63
3561663,2021-05-29,usa,2021,MLS,,,161195,CF Montreal,6397,Chicago Fire FC,0,1,0,49,51,6,19,3,6,2,9,1,4,0,0,5,15,1,4,2,7,2,2,1,2,,,19,13,2,0,0,0,0,9,19,24,10,19,3,1,23,6,6,2,61,65,38.0,54.0,23.0,11.0,8.0,11.0,397,405,278.0,292.0,195,136,83,156,35.0,21.0,1.0,11.0,0.37,1.71,0.35,1.27,0.02,0.44,0.37,1.71,1.22,1.64,0,0,4,12,1,3,0,2,1,2,0.0,0.0,0.2659,1.4046,0.0844,0.2191,0.0,0.0373,0.0159,0.0491,4,11,1,0,1,4,0,4,0,0,0.2623,1.2711,0.0844,0.0,0.0195,0.2602,0.0,0.1789,0.0,0.0,6,19,17.63,14.98
3561664,2021-05-29,usa,2021,MLS,,,6001,Columbus Crew,56453,Toronto FC,1,2,1,49,51,9,12,6,3,2,7,1,2,0,0,5,9,4,3,4,3,1,1,0,0,,,10,13,0,0,0,0,3,1,17,19,15,18,2,1,14,16,2,4,46,44,32.0,37.0,14.0,7.0,6.0,9.0,438,462,344.0,358.0,192,198,152,160,36.0,19.0,5.0,0.0,0.76,1.0,0.68,1.0,0.08,0.0,0.76,1.0,1.57,1.24,0,0,3,4,2,5,1,3,3,0,0.0,0.0,0.5613,0.6803,0.0778,0.179,0.0186,0.1264,0.1006,0.0,6,12,1,0,1,0,1,0,0,0,0.2592,0.9856,0.4199,0.0,0.0317,0.0,0.0474,0.0,0.0,0.0,9,12,19.21,17.22
3561664,2021-05-29,usa,2021,MLS,,,56453,Toronto FC,6001,Columbus Crew,0,1,2,51,49,12,9,3,6,7,2,2,1,0,0,9,5,3,4,3,4,1,1,0,0,,,13,10,0,0,0,0,1,3,19,17,18,15,1,2,16,14,4,2,44,46,37.0,32.0,7.0,14.0,9.0,6.0,462,438,358.0,344.0,198,192,160,152,19.0,36.0,0.0,5.0,1.0,0.76,1.0,0.68,0.0,0.08,1.0,0.76,1.24,1.57,0,0,4,3,5,2,3,1,0,3,0.0,0.0,0.6803,0.5613,0.179,0.0778,0.1264,0.0186,0.0,0.1006,12,6,0,1,0,1,0,1,0,0,0.9856,0.2592,0.0,0.4199,0.0,0.0317,0.0,0.0474,0.0,0.0,12,9,17.22,19.21
3561623,2021-05-30,usa,2021,MLS,,,960720,Inter Miami CF,6602,DC United,1,0,3,57,43,10,13,3,3,6,6,1,4,0,0,5,11,5,2,5,1,1,3,1,1,11,31,10,17,1,3,0,0,4,0,20,27,6,12,4,1,6,23,0,3,57,53,41.0,43.0,16.0,10.0,7.0,8.0,476,354,379.0,269.0,215,120,164,149,41.0,15.0,2.0,4.0,0.51,1.54,0.23,1.39,0.28,0.14,0.51,1.54,0.47,2.0,1,2,3,5,1,4,5,2,0,0,0.0954,0.6971,0.21,0.4853,0.0166,0.2478,0.1861,0.1061,0.0,0.0,5,10,0,0,2,2,3,1,0,0,0.2287,1.3928,0.0,0.0,0.1355,0.107,0.1439,0.0364,0.0,0.0,10,13,18.01,14.46
3561623,2021-05-30,usa,2021,MLS,,,6602,DC United,960720,Inter Miami CF,0,3,0,43,57,13,10,3,3,6,6,4,1,0,0,11,5,2,5,1,5,3,1,1,1,31,11,17,10,3,1,0,0,0,4,27,20,12,6,1,4,23,6,3,0,53,57,43.0,41.0,10.0,16.0,8.0,7.0,354,476,269.0,379.0,120,215,149,164,15.0,41.0,4.0,2.0,1.54,0.51,1.39,0.23,0.14,0.28,1.54,0.51,2.0,0.47,2,1,5,3,4,1,2,5,0,0,0.6971,0.0954,0.4853,0.21,0.2478,0.0166,0.1061,0.1861,0.0,0.0,10,5,0,0,2,2,1,3,0,0,1.3928,0.2287,0.0,0.0,0.107,0.1355,0.0364,0.1439,0.0,0.0,13,10,14.46,18.01
3561630,2021-05-30,usa,2021,MLS,,,6604,Sporting Kansas City,8259,Houston Dynamo FC,1,3,2,68,32,21,10,9,4,4,3,8,3,0,0,10,9,11,1,11,2,3,3,2,2,,,10,15,1,3,0,0,0,0,13,14,18,12,3,9,6,22,2,5,41,42,33.0,34.0,8.0,8.0,7.0,10.0,632,293,567.0,213.0,278,149,289,64,42.0,15.0,5.0,5.0,2.25,2.08,1.04,1.5,0.43,0.58,1.46,2.08,2.87,1.66,0,2,8,6,2,1,11,0,0,1,0.0,0.5351,1.6839,1.4576,0.1087,0.0673,0.4606,0.0,0.0,0.0231,9,4,2,3,3,2,6,1,1,0,0.6037,0.6096,0.4357,0.8927,0.0499,0.4691,0.3755,0.1118,0.7884,0.0,21,10,19.75,12.04
3561630,2021-05-30,usa,2021,MLS,,,8259,Houston Dynamo FC,6604,Sporting Kansas City,0,2,3,32,68,10,21,4,9,3,4,3,8,0,0,9,10,1,11,2,11,3,3,2,2,,,15,10,3,1,0,0,0,0,14,13,12,18,9,3,22,6,5,2,42,41,34.0,33.0,8.0,8.0,10.0,7.0,293,632,213.0,567.0,149,278,64,289,15.0,42.0,5.0,5.0,2.08,2.25,1.5,1.04,0.58,0.43,2.08,1.46,1.66,2.87,2,0,6,8,1,2,0,11,1,0,0.5351,0.0,1.4576,1.6839,0.0673,0.1087,0.0,0.4606,0.0231,0.0,4,9,3,2,2,3,1,6,0,1,0.6096,0.6037,0.8927,0.4357,0.4691,0.0499,0.1118,0.3755,0.0,0.7884,10,21,12.04,19.75
3561631,2021-05-30,usa,2021,MLS,,,8314,Colorado Rapids,6399,FC Dallas,1,3,0,34,66,13,21,5,6,4,8,4,7,1,1,7,13,6,8,2,8,1,2,1,2,18,34,18,9,4,2,0,0,1,1,13,8,12,9,7,4,28,9,6,3,36,50,27.0,36.0,9.0,14.0,5.0,11.0,282,546,220.0,468.0,101,273,119,195,29.0,30.0,1.0,3.0,2.04,1.88,1.18,1.7,0.07,0.18,1.25,1.88,1.81,1.24,0,0,5,10,2,3,3,4,3,4,0.0,0.0,1.7241,1.3416,0.1164,0.1306,0.1163,0.2337,0.0841,0.1018,9,17,2,0,1,1,0,3,1,0,0.5143,1.6756,0.6704,0.0,0.0677,0.0073,0.0,0.1248,0.7884,0.0,13,21,18.18,18.34
3561631,2021-05-30,usa,2021,MLS,,,6399,FC Dallas,8314,Colorado Rapids,0,0,3,66,34,21,13,6,5,8,4,7,4,1,1,13,7,8,6,8,2,2,1,2,1,34,18,9,18,2,4,0,0,1,1,8,13,9,12,4,7,9,28,3,6,50,36,36.0,27.0,14.0,9.0,11.0,5.0,546,282,468.0,220.0,273,101,195,119,30.0,29.0,3.0,1.0,1.88,2.04,1.7,1.18,0.18,0.07,1.88,1.25,1.24,1.81,0,0,10,5,3,2,4,3,4,3,0.0,0.0,1.3416,1.7241,0.1306,0.1164,0.2337,0.1163,0.1018,0.0841,17,9,0,2,1,1,3,0,0,1,1.6756,0.5143,0.0,0.6704,0.0073,0.0677,0.1248,0.0,0.0,0.7884,21,13,18.34,18.18
3561632,2021-05-30,usa,2021,MLS,,,6606,Real Salt Lake,207242,Minnesota United,1,1,1,48,52,12,12,5,1,6,8,1,3,0,0,7,8,5,4,5,3,1,0,0,0,,,6,10,0,0,0,0,2,1,18,17,15,14,3,1,6,10,0,4,49,38,37.0,30.0,12.0,8.0,10.0,8.0,422,468,346.0,388.0,223,142,123,246,40.0,21.0,5.0,3.0,0.91,0.81,0.35,0.44,0.55,0.36,0.91,0.81,1.81,0.44,0,2,3,3,4,3,5,4,0,0,0.0,0.3955,0.5663,0.2278,0.1652,0.0702,0.1741,0.1119,0.0,0.0,9,8,0,0,2,3,1,1,0,0,0.3518,0.4414,0.0,0.0,0.0981,0.3236,0.4557,0.0403,0.0,0.0,12,12,20.14,17.91
3561632,2021-05-30,usa,2021,MLS,,,207242,Minnesota United,6606,Real Salt Lake,0,1,1,52,48,12,12,1,5,8,6,3,1,0,0,8,7,4,5,3,5,0,1,0,0,,,10,6,0,0,0,0,1,2,17,18,14,15,1,3,10,6,4,0,38,49,30.0,37.0,8.0,12.0,8.0,10.0,468,422,388.0,346.0,142,223,246,123,21.0,40.0,3.0,5.0,0.81,0.91,0.44,0.35,0.36,0.55,0.81,0.91,0.44,1.81,2,0,3,3,3,4,4,5,0,0,0.3955,0.0,0.2278,0.5663,0.0702,0.1652,0.1119,0.1741,0.0,0.0,8,9,0,0,3,2,1,1,0,0,0.4414,0.3518,0.0,0.0,0.3236,0.0981,0.0403,0.4557,0.0,0.0,12,12,17.91,20.14
3561633,2021-05-30,usa,2021,MLS,,,191716,Philadelphia Union,307690,Portland Timbers,1,3,0,53,47,16,10,5,4,7,4,4,2,1,0,12,7,4,3,8,6,5,2,2,2,,,15,12,1,2,0,0,3,0,20,15,10,11,1,2,11,22,4,2,49,47,38.0,33.0,11.0,14.0,7.0,4.0,412,370,337.0,298.0,150,150,187,148,35.0,19.0,13.0,3.0,3.07,0.92,0.69,0.18,2.38,0.74,3.07,0.92,2.57,1.33,4,1,8,5,0,1,1,3,3,0,2.0398,0.3253,1.0198,0.384,0.0,0.1019,0.0256,0.1135,0.053,0.0,6,3,0,0,6,5,4,2,0,0,0.6867,0.1864,0.0,0.0,2.0416,0.553,0.4099,0.1853,0.0,0.0,16,10,13.1,14.03
3561633,2021-05-30,usa,2021,MLS,,,307690,Portland Timbers,191716,Philadelphia Union,0,0,3,47,53,10,16,4,5,4,7,2,4,0,1,7,12,3,4,6,8,2,5,2,2,,,12,15,2,1,0,0,0,3,15,20,11,10,2,1,22,11,2,4,47,49,33.0,38.0,14.0,11.0,4.0,7.0,370,412,298.0,337.0,150,150,148,187,19.0,35.0,3.0,13.0,0.92,3.07,0.18,0.69,0.74,2.38,0.92,3.07,1.33,2.57,1,4,5,8,1,0,3,1,0,3,0.3253,2.0398,0.384,1.0198,0.1019,0.0,0.1135,0.0256,0.0,0.053,3,6,0,0,5,6,2,4,0,0,0.1864,0.6867,0.0,0.0,0.553,2.0416,0.1853,0.4099,0.0,0.0,10,16,14.03,13.1
3561627,2021-05-31,usa,2021,MLS,,,130394,Seattle Sounders FC,1218886,Austin FC,1,0,0,56,44,14,12,2,3,6,4,6,5,0,0,8,4,6,8,7,7,0,1,0,1,,,10,14,1,2,0,0,1,2,15,8,15,16,5,6,18,22,3,2,56,32,46.0,27.0,10.0,5.0,17.0,10.0,520,397,447.0,307.0,235,179,212,128,22.0,20.0,6.0,4.0,0.67,0.58,0.61,0.5,0.06,0.08,0.67,0.58,0.17,0.22,0,0,6,2,2,2,6,4,0,4,0.0,0.0,0.4168,0.259,0.0329,0.0753,0.223,0.1535,0.0,0.0891,10,10,0,0,2,1,2,1,0,0,0.6144,0.4983,0.0,0.0,0.0242,0.023,0.0342,0.0555,0.0,0.0,14,12,18.28,22.9
3561627,2021-05-31,usa,2021,MLS,,,1218886,Austin FC,130394,Seattle Sounders FC,0,0,0,44,56,12,14,3,2,4,6,5,6,0,0,4,8,8,6,7,7,1,0,1,0,,,14,10,2,1,0,0,2,1,8,15,16,15,6,5,22,18,2,3,32,56,27.0,46.0,5.0,10.0,10.0,17.0,397,520,307.0,447.0,179,235,128,212,20.0,22.0,4.0,6.0,0.58,0.67,0.5,0.61,0.08,0.06,0.58,0.67,0.22,0.17,0,0,2,6,2,2,4,6,4,0,0.0,0.0,0.259,0.4168,0.0753,0.0329,0.1535,0.223,0.0891,0.0,10,10,0,0,1,2,1,2,0,0,0.4983,0.6144,0.0,0.0,0.023,0.0242,0.0555,0.0342,0.0,0.0,12,14,22.9,18.28
3561705,2021-06-12,usa,2021,MLS,,,6604,Sporting Kansas City,1218886,Austin FC,1,1,1,60,40,32,9,11,2,10,6,11,1,0,0,20,8,12,1,13,2,5,4,4,4,,,8,6,1,2,0,0,2,2,17,13,8,11,1,11,3,37,1,9,43,34,32.0,28.0,11.0,6.0,11.0,7.0,521,369,461.0,304.0,161,254,300,50,38.0,21.0,9.0,2.0,3.08,1.46,2.55,1.29,0.53,0.17,3.08,1.46,2.99,0.92,4,0,10,5,6,3,7,1,5,0,0.7211,0.0,1.7201,1.3071,0.3101,0.1254,0.1172,0.0257,0.1116,0.0,22,5,1,2,7,0,2,2,0,0,2.3552,0.5551,0.0854,0.7325,0.458,0.0,0.0816,0.1707,0.0,0.0,32,9,17.16,16.33
3561705,2021-06-12,usa,2021,MLS,,,1218886,Austin FC,6604,Sporting Kansas City,0,1,1,40,60,9,32,2,11,6,10,1,11,0,0,8,20,1,12,2,13,4,5,4,4,,,6,8,2,1,0,0,2,2,13,17,11,8,11,1,37,3,9,1,34,43,28.0,32.0,6.0,11.0,7.0,11.0,369,521,304.0,461.0,254,161,50,300,21.0,38.0,2.0,9.0,1.46,3.08,1.29,2.55,0.17,0.53,1.46,3.08,0.92,2.99,0,4,5,10,3,6,1,7,0,5,0.0,0.7211,1.3071,1.7201,0.1254,0.3101,0.0257,0.1172,0.0,0.1116,5,22,2,1,0,7,2,2,0,0,0.5551,2.3552,0.7325,0.0854,0.0,0.458,0.1707,0.0816,0.0,0.0,9,32,16.33,17.16
3561634,2021-06-19,usa,2021,MLS,,,6514,New York Red Bulls,915807,Nashville SC,1,2,0,58,42,13,8,6,1,7,7,0,0,0,1,7,6,6,2,5,3,2,1,1,1,,,15,11,2,0,0,0,3,3,9,12,14,15,0,0,18,16,1,4,61,56,32.0,26.0,29.0,30.0,12.0,2.0,400,289,287.0,176.0,123,105,164,71,17.0,26.0,8.0,3.0,0.98,0.53,0.49,0.14,0.5,0.38,0.98,0.53,1.65,0.3,3,1,2,5,2,0,4,1,2,1,0.3851,0.0895,0.2711,0.2435,0.086,0.0,0.1868,0.1651,0.0533,0.0279,9,0,0,1,3,3,1,4,0,0,0.4852,0.0,0.0,0.1418,0.303,0.121,0.1941,0.2632,0.0,0.0,13,8,16.59,15.05
3561634,2021-06-19,usa,2021,MLS,,,915807,Nashville SC,6514,New York Red Bulls,0,0,2,42,58,8,13,1,6,7,7,0,0,1,0,6,7,2,6,3,5,1,2,1,1,,,11,15,0,2,0,0,3,3,12,9,15,14,0,0,16,18,4,1,56,61,26.0,32.0,30.0,29.0,2.0,12.0,289,400,176.0,287.0,105,123,71,164,26.0,17.0,3.0,8.0,0.53,0.98,0.14,0.49,0.38,0.5,0.53,0.98,0.3,1.65,1,3,5,2,0,2,1,4,1,2,0.0895,0.3851,0.2435,0.2711,0.0,0.086,0.1651,0.1868,0.0279,0.0533,0,9,1,0,3,3,4,1,0,0,0.0,0.4852,0.1418,0.0,0.121,0.303,0.2632,0.1941,0.0,0.0,8,13,15.05,16.59
3561635,2021-06-19,usa,2021,MLS,,,6001,Columbus Crew,6397,Chicago Fire FC,1,2,0,41,59,14,15,2,0,9,11,3,4,0,0,11,8,3,7,4,3,3,0,1,0,,,13,7,2,2,0,0,1,0,19,17,14,13,4,3,19,13,0,0,50,44,35.0,33.0,15.0,11.0,9.0,4.0,331,496,261.0,408.0,122,212,139,196,30.0,33.0,7.0,6.0,1.98,0.77,1.81,0.5,0.17,0.27,1.98,0.77,1.23,0.0,1,2,6,5,4,1,3,6,0,1,0.288,0.291,1.3391,0.2635,0.1881,0.0406,0.1665,0.1421,0.0,0.0334,12,11,0,0,2,2,0,2,0,0,1.8135,0.5243,0.0,0.0,0.1683,0.1248,0.0,0.1215,0.0,0.0,14,15,15.28,17.6
3561635,2021-06-19,usa,2021,MLS,,,6397,Chicago Fire FC,6001,Columbus Crew,0,0,2,59,41,15,14,0,2,11,9,4,3,0,0,8,11,7,3,3,4,0,3,0,1,,,7,13,2,2,0,0,0,1,17,19,13,14,3,4,13,19,0,0,44,50,33.0,35.0,11.0,15.0,4.0,9.0,496,331,408.0,261.0,212,122,196,139,33.0,30.0,6.0,7.0,0.77,1.98,0.5,1.81,0.27,0.17,0.77,1.98,0.0,1.23,2,1,5,6,1,4,6,3,1,0,0.291,0.288,0.2635,1.3391,0.0406,0.1881,0.1421,0.1665,0.0334,0.0,11,12,0,0,2,2,2,0,0,0,0.5243,1.8135,0.0,0.0,0.1248,0.1683,0.1215,0.0,0.0,0.0,15,14,17.6,15.28
3561636,2021-06-19,usa,2021,MLS,,,722265,FC Cincinnati,8314,Colorado Rapids,1,0,2,54,46,22,7,7,2,8,4,7,1,1,0,13,4,9,3,6,4,1,0,1,0,,,8,16,2,4,0,0,1,2,25,18,12,6,1,7,11,16,0,7,66,44,47.0,36.0,19.0,8.0,8.0,10.0,449,383,383.0,314.0,228,133,155,181,26.0,31.0,7.0,2.0,1.77,0.67,1.36,0.48,0.41,0.19,1.77,0.67,1.01,0.42,1,1,8,1,4,2,5,1,4,2,0.4985,0.1145,0.6522,0.2987,0.3478,0.1779,0.1529,0.0153,0.1237,0.067,14,4,0,0,5,3,3,0,0,0,1.3649,0.4817,0.0,0.0,0.2575,0.1917,0.1525,0.0,0.0,0.0,22,7,18.04,16.78
3561636,2021-06-19,usa,2021,MLS,,,8314,Colorado Rapids,722265,FC Cincinnati,0,2,0,46,54,7,22,2,7,4,8,1,7,0,1,4,13,3,9,4,6,0,1,0,1,,,16,8,4,2,0,0,2,1,18,25,6,12,7,1,16,11,7,0,44,66,36.0,47.0,8.0,19.0,10.0,8.0,383,449,314.0,383.0,133,228,181,155,31.0,26.0,2.0,7.0,0.67,1.77,0.48,1.36,0.19,0.41,0.67,1.77,0.42,1.01,1,1,1,8,2,4,1,5,2,4,0.1145,0.4985,0.2987,0.6522,0.1779,0.3478,0.0153,0.1529,0.067,0.1237,4,14,0,0,3,5,0,3,0,0,0.4817,1.3649,0.0,0.0,0.1917,0.2575,0.0,0.1525,0.0,0.0,7,22,16.78,18.04
3561643,2021-06-19,usa,2021,MLS,,,546238,New York City FC,6580,New England Revolution,1,2,3,51,49,18,8,9,5,8,1,1,2,0,0,15,7,3,1,7,5,4,3,3,1,,,16,11,3,2,0,0,0,1,13,19,7,8,2,1,19,18,2,7,50,56,29.0,40.0,21.0,16.0,7.0,8.0,416,396,321.0,302.0,175,146,146,156,29.0,25.0,8.0,5.0,3.5,1.4,1.58,0.83,1.12,0.57,2.71,1.4,3.09,1.9,2,0,9,7,4,0,1,1,2,0,0.704,0.0,2.3478,1.3611,0.3744,0.0,0.0383,0.0357,0.0498,0.0,11,4,0,0,6,3,0,1,1,0,1.6022,0.8271,0.0,0.0,1.1237,0.2659,0.0,0.3038,0.7884,0.0,18,8,12.66,10.08
3561643,2021-06-19,usa,2021,MLS,,,6580,New England Revolution,546238,New York City FC,0,3,2,49,51,8,18,5,9,1,8,2,1,0,0,7,15,1,3,5,7,3,4,1,3,,,11,16,2,3,0,0,1,0,19,13,8,7,1,2,18,19,7,2,56,50,40.0,29.0,16.0,21.0,8.0,7.0,396,416,302.0,321.0,146,175,156,146,25.0,29.0,5.0,8.0,1.4,3.5,0.83,1.58,0.57,1.12,1.4,2.71,1.9,3.09,0,2,7,9,0,4,1,1,0,2,0.0,0.704,1.3611,2.3478,0.0,0.3744,0.0357,0.0383,0.0,0.0498,4,11,0,0,3,6,1,0,0,1,0.8271,1.6022,0.0,0.0,0.2659,1.1237,0.3038,0.0,0.0,0.7884,8,18,10.08,12.66
3561665,2021-06-19,usa,2021,MLS,,,6606,Real Salt Lake,307691,Vancouver Whitecaps,1,3,1,59,41,10,13,6,2,1,8,3,3,0,1,7,9,3,4,4,2,2,2,1,1,,,11,8,4,1,0,0,0,2,9,19,7,11,3,3,17,18,1,3,44,45,26.0,37.0,18.0,8.0,11.0,7.0,438,298,373.0,233.0,209,100,164,133,33.0,14.0,5.0,4.0,1.06,1.27,0.99,0.48,0.07,0.79,1.06,1.27,1.99,1.11,1,2,3,3,3,4,2,3,1,1,0.2065,0.6875,0.3558,0.2272,0.3601,0.1435,0.1228,0.188,0.0165,0.0245,7,8,1,0,1,2,1,3,0,0,0.7061,0.4848,0.2851,0.0,0.0161,0.5141,0.0543,0.2718,0.0,0.0,10,13,16.15,15.54
3561665,2021-06-19,usa,2021,MLS,,,307691,Vancouver Whitecaps,6606,Real Salt Lake,0,1,3,41,59,13,10,2,6,8,1,3,3,1,0,9,7,4,3,2,4,2,2,1,1,,,8,11,1,4,0,0,2,0,19,9,11,7,3,3,18,17,3,1,45,44,37.0,26.0,8.0,18.0,7.0,11.0,298,438,233.0,373.0,100,209,133,164,14.0,33.0,4.0,5.0,1.27,1.06,0.48,0.99,0.79,0.07,1.27,1.06,1.11,1.99,2,1,3,3,4,3,3,2,1,1,0.6875,0.2065,0.2272,0.3558,0.1435,0.3601,0.188,0.1228,0.0245,0.0165,8,7,0,1,2,1,3,1,0,0,0.4848,0.7061,0.0,0.2851,0.5141,0.0161,0.2718,0.0543,0.0,0.0,13,10,15.54,16.15
3561666,2021-06-19,usa,2021,MLS,,,56453,Toronto FC,267810,Orlando City,1,2,3,52,48,15,12,4,4,6,7,5,1,1,0,11,11,4,1,8,6,4,1,2,0,,,6,13,3,3,0,0,0,3,12,17,3,7,1,5,21,28,1,2,50,43,41.0,26.0,9.0,17.0,16.0,4.0,528,477,465.0,416.0,184,203,281,213,19.0,27.0,5.0,6.0,2.36,1.26,1.6,1.08,0.76,0.18,2.36,1.26,2.45,0.71,3,0,5,8,3,3,3,0,1,1,1.7822,0.0,0.5878,1.1161,0.0972,0.1036,0.1665,0.0,0.0117,0.0447,13,9,0,0,1,2,1,1,0,0,1.8313,1.0844,0.0,0.0,0.0121,0.1352,0.8019,0.0447,0.0,0.0,15,12,13.95,14.5
3561666,2021-06-19,usa,2021,MLS,,,267810,Orlando City,56453,Toronto FC,0,3,2,48,52,12,15,4,4,7,6,1,5,0,1,11,11,1,4,6,8,1,4,0,2,,,13,6,3,3,0,0,3,0,17,12,7,3,5,1,28,21,2,1,43,50,26.0,41.0,17.0,9.0,4.0,16.0,477,528,416.0,465.0,203,184,213,281,27.0,19.0,6.0,5.0,1.26,2.36,1.08,1.6,0.18,0.76,1.26,2.36,0.71,2.45,0,3,8,5,3,3,0,3,1,1,0.0,1.7822,1.1161,0.5878,0.1036,0.0972,0.0,0.1665,0.0447,0.0117,9,13,0,0,2,1,1,1,0,0,1.0844,1.8313,0.0,0.0,0.1352,0.0121,0.0447,0.8019,0.0,0.0,12,15,14.5,13.95
3552878,2021-06-20,usa,2021,MLS,,,1218886,Austin FC,6603,San Jose Earthquakes,1,0,0,49,51,20,13,6,9,6,3,8,1,0,1,11,9,9,4,9,7,1,0,1,0,25,20,16,15,1,2,0,0,1,1,17,13,6,7,1,8,11,16,9,6,50,50,42.0,40.0,8.0,10.0,10.0,13.0,384,409,331.0,345.0,196,227,135,118,24.0,19.0,3.0,5.0,1.1,0.52,0.93,0.4,0.17,0.12,1.1,0.52,1.7,1.14,2,0,7,6,2,3,6,2,3,2,0.3432,0.0,0.4002,0.2289,0.0638,0.1487,0.2116,0.1092,0.0789,0.0371,14,7,0,2,3,3,3,1,0,0,0.9277,0.2859,0.0,0.1156,0.0535,0.0667,0.1165,0.0558,0.0,0.0,20,13,17.75,16.92
3552878,2021-06-20,usa,2021,MLS,,,6603,San Jose Earthquakes,1218886,Austin FC,0,0,0,51,49,13,20,9,6,3,6,1,8,1,0,9,11,4,9,7,9,0,1,0,1,20,25,15,16,2,1,0,0,1,1,13,17,7,6,8,1,16,11,6,9,50,50,40.0,42.0,10.0,8.0,13.0,10.0,409,384,345.0,331.0,227,196,118,135,19.0,24.0,5.0,3.0,0.52,1.1,0.4,0.93,0.12,0.17,0.52,1.1,1.14,1.7,0,2,6,7,3,2,2,6,2,3,0.0,0.3432,0.2289,0.4002,0.1487,0.0638,0.1092,0.2116,0.0371,0.0789,7,14,2,0,3,3,1,3,0,0,0.2859,0.9277,0.1156,0.0,0.0667,0.0535,0.0558,0.1165,0.0,0.0,13,20,16.92,17.75
3561637,2021-06-20,usa,2021,MLS,,,6602,DC United,960720,Inter Miami CF,1,1,0,68,32,13,7,3,1,5,3,5,3,1,0,10,5,3,2,1,4,6,1,5,1,32,9,12,18,2,3,0,2,2,0,15,22,14,13,3,3,15,15,1,2,46,59,37.0,38.0,9.0,21.0,7.0,4.0,543,254,475.0,173.0,246,91,229,82,56.0,24.0,5.0,4.0,2.85,0.91,1.69,0.74,0.38,0.17,2.06,0.91,2.04,0.48,3,2,5,3,2,0,2,0,1,2,1.076,0.2267,1.6307,0.6244,0.0612,0.0,0.0706,0.0,0.0131,0.0599,9,4,0,0,1,2,2,1,1,0,1.6878,0.7419,0.0,0.0,0.0358,0.1282,0.3394,0.041,0.7884,0.0,13,7,14.18,13.12
3561637,2021-06-20,usa,2021,MLS,,,960720,Inter Miami CF,6602,DC United,0,0,1,32,68,7,13,1,3,3,5,3,5,0,1,5,10,2,3,4,1,1,6,1,5,9,32,18,12,3,2,2,0,0,2,22,15,13,14,3,3,15,15,2,1,59,46,38.0,37.0,21.0,9.0,4.0,7.0,254,543,173.0,475.0,91,246,82,229,24.0,56.0,4.0,5.0,0.91,2.85,0.74,1.69,0.17,0.38,0.91,2.06,0.48,2.04,2,3,3,5,0,2,0,2,2,1,0.2267,1.076,0.6244,1.6307,0.0,0.0612,0.0,0.0706,0.0599,0.0131,4,9,0,0,2,1,1,2,0,1,0.7419,1.6878,0.0,0.0,0.1282,0.0358,0.041,0.3394,0.0,0.7884,7,13,13.12,14.18
3561638,2021-06-20,usa,2021,MLS,,,6399,FC Dallas,207242,Minnesota United,1,1,1,52,48,15,18,4,8,7,6,4,4,0,0,6,11,9,7,6,4,1,5,0,4,17,25,13,15,2,3,0,0,1,0,14,12,20,8,4,4,17,18,7,3,55,44,33.0,31.0,22.0,13.0,5.0,6.0,455,420,376.0,343.0,237,153,139,190,31.0,32.0,4.0,3.0,0.83,2.15,0.56,2.14,0.27,0.01,0.83,2.15,1.2,2.82,1,0,3,9,2,2,7,6,2,1,0.1791,0.0,0.268,1.5289,0.1187,0.2566,0.1946,0.4145,0.0685,0.0058,12,11,0,5,2,0,1,2,0,0,0.5554,1.3298,0.0,0.8637,0.1931,0.0,0.0803,0.0123,0.0,0.0,15,18,23.55,17.2
3561638,2021-06-20,usa,2021,MLS,,,207242,Minnesota United,6399,FC Dallas,0,1,1,48,52,18,15,8,4,6,7,4,4,0,0,11,6,7,9,4,6,5,1,4,0,25,17,15,13,3,2,0,0,0,1,12,14,8,20,4,4,18,17,3,7,44,55,31.0,33.0,13.0,22.0,6.0,5.0,420,455,343.0,376.0,153,237,190,139,32.0,31.0,3.0,4.0,2.15,0.83,2.14,0.56,0.01,0.27,2.15,0.83,2.82,1.2,0,1,9,3,2,2,6,7,1,2,0.0,0.1791,1.5289,0.268,0.2566,0.1187,0.4145,0.1946,0.0058,0.0685,11,12,5,0,0,2,2,1,0,0,1.3298,0.5554,0.8637,0.0,0.0,0.1931,0.0123,0.0803,0.0,0.0,18,15,17.2,23.55
3561639,2021-06-20,usa,2021,MLS,,,6637,LA Galaxy,130394,Seattle Sounders FC,1,1,2,60,40,6,11,2,7,2,2,2,2,1,0,4,9,2,2,1,4,2,4,1,2,,,17,8,0,0,0,0,4,2,11,14,7,12,2,2,17,15,5,1,38,42,27.0,33.0,11.0,9.0,8.0,3.0,551,375,478.0,300.0,251,202,227,98,25.0,23.0,3.0,3.0,1.28,1.38,0.49,1.12,0.0,0.25,0.49,1.38,1.24,2.97,0,1,2,7,2,1,2,2,0,0,0.0,0.4912,1.1154,0.9347,0.0677,0.0221,0.0986,0.0584,0.0,0.0,5,8,0,0,0,1,0,2,1,0,0.4933,1.2525,0.0,0.0,0.0,0.1101,0.0,0.1438,0.7884,0.0,6,11,16.73,12.94
3561639,2021-06-20,usa,2021,MLS,,,130394,Seattle Sounders FC,6637,LA Galaxy,0,2,1,40,60,11,6,7,2,2,2,2,2,0,1,9,4,2,2,4,1,4,2,2,1,,,8,17,0,0,0,0,2,4,14,11,12,7,2,2,15,17,1,5,42,38,33.0,27.0,9.0,11.0,3.0,8.0,375,551,300.0,478.0,202,251,98,227,23.0,25.0,3.0,3.0,1.38,1.28,1.12,0.49,0.25,0.0,1.38,0.49,2.97,1.24,1,0,7,2,1,2,2,2,0,0,0.4912,0.0,0.9347,1.1154,0.0221,0.0677,0.0584,0.0986,0.0,0.0,8,5,0,0,1,0,2,0,0,1,1.2525,0.4933,0.0,0.0,0.1101,0.0,0.1438,0.0,0.0,0.7884,11,6,12.94,16.73
3561640,2021-06-20,usa,2021,MLS,,,307690,Portland Timbers,6604,Sporting Kansas City,1,2,1,35,65,7,19,3,3,2,7,2,9,0,0,4,14,3,5,2,10,3,0,2,0,,,6,10,2,3,0,0,2,1,20,23,16,6,9,2,33,9,2,1,52,49,38.0,39.0,14.0,10.0,10.0,10.0,340,644,279.0,570.0,158,279,121,291,25.0,54.0,2.0,7.0,1.36,1.45,1.22,1.19,0.14,0.26,1.36,1.45,1.7,0.7,1,2,2,10,1,2,2,4,1,1,0.9852,0.132,0.2547,1.0362,0.0148,0.0968,0.0771,0.1707,0.031,0.0163,3,15,0,0,1,3,3,1,0,0,1.2233,1.191,0.0,0.0,0.0121,0.1814,0.1275,0.0796,0.0,0.0,7,19,17.74,16.33
3561640,2021-06-20,usa,2021,MLS,,,6604,Sporting Kansas City,307690,Portland Timbers,0,1,2,65,35,19,7,3,3,7,2,9,2,0,0,14,4,5,3,10,2,0,3,0,2,,,10,6,3,2,0,0,1,2,23,20,6,16,2,9,9,33,1,2,49,52,39.0,38.0,10.0,14.0,10.0,10.0,644,340,570.0,279.0,279,158,291,121,54.0,25.0,7.0,2.0,1.45,1.36,1.19,1.22,0.26,0.14,1.45,1.36,0.7,1.7,2,1,10,2,2,1,4,2,1,1,0.132,0.9852,1.0362,0.2547,0.0968,0.0148,0.1707,0.0771,0.0163,0.031,15,3,0,0,3,1,1,3,0,0,1.191,1.2233,0.0,0.0,0.1814,0.0121,0.0796,0.1275,0.0,0.0,19,7,16.33,17.74
3561641,2021-06-20,usa,2021,MLS,,,867280,Los Angeles FC,8259,Houston Dynamo FC,1,1,1,65,35,15,3,5,2,8,1,2,0,1,0,10,3,5,0,8,2,3,0,2,0,,,9,20,0,3,0,0,1,1,19,25,14,22,0,2,16,28,1,4,65,65,55.0,51.0,10.0,14.0,16.0,17.0,576,303,465.0,200.0,194,93,271,107,14.0,28.0,3.0,0.0,1.82,0.23,0.8,0.23,1.02,0.0,1.82,0.23,2.05,0.29,2,0,4,2,4,1,4,0,1,0,0.9705,0.0,0.452,0.1721,0.1426,0.0545,0.2426,0.0,0.0158,0.0,12,3,0,0,1,0,2,0,0,0,0.7996,0.2267,0.0,0.0,0.8506,0.0,0.1733,0.0,0.0,0.0,15,3,17.66,15.77
3561641,2021-06-20,usa,2021,MLS,,,8259,Houston Dynamo FC,867280,Los Angeles FC,0,1,1,35,65,3,15,2,5,1,8,0,2,0,1,3,10,0,5,2,8,0,3,0,2,,,20,9,3,0,0,0,1,1,25,19,22,14,2,0,28,16,4,1,65,65,51.0,55.0,14.0,10.0,17.0,16.0,303,576,200.0,465.0,93,194,107,271,28.0,14.0,0.0,3.0,0.23,1.82,0.23,0.8,0.0,1.02,0.23,1.82,0.29,2.05,0,2,2,4,1,4,0,4,0,1,0.0,0.9705,0.1721,0.452,0.0545,0.1426,0.0,0.2426,0.0,0.0158,3,12,0,0,0,1,0,2,0,0,0.2267,0.7996,0.0,0.0,0.0,0.8506,0.0,0.1733,0.0,0.0,3,15,15.77,17.66
3561642,2021-06-20,usa,2021,MLS,,,773958,Atlanta United,191716,Philadelphia Union,1,2,2,58,42,20,16,6,5,8,4,6,7,0,0,13,11,7,5,12,5,0,2,0,1,,,7,17,1,5,0,0,1,1,23,16,11,8,7,6,19,13,3,5,63,47,46.0,35.0,17.0,12.0,6.0,12.0,415,303,345.0,235.0,205,91,140,144,27.0,27.0,8.0,4.0,1.08,1.76,0.59,1.67,0.49,0.08,1.08,1.76,0.85,1.69,0,1,8,8,5,2,6,4,1,1,0.0,0.3628,0.6856,1.2163,0.2374,0.0286,0.1442,0.1375,0.0103,0.0245,9,11,0,2,7,1,4,2,0,0,0.589,1.1937,0.0,0.4914,0.3595,0.0561,0.129,0.0286,0.0,0.0,20,16,17.22,15.63
3561642,2021-06-20,usa,2021,MLS,,,191716,Philadelphia Union,773958,Atlanta United,0,2,2,42,58,16,20,5,6,4,8,7,6,0,0,11,13,5,7,5,12,2,0,1,0,,,17,7,5,1,0,0,1,1,16,23,8,11,6,7,13,19,5,3,47,63,35.0,46.0,12.0,17.0,12.0,6.0,303,415,235.0,345.0,91,205,144,140,27.0,27.0,4.0,8.0,1.76,1.08,1.67,0.59,0.08,0.49,1.76,1.08,1.69,0.85,1,0,8,8,2,5,4,6,1,1,0.3628,0.0,1.2163,0.6856,0.0286,0.2374,0.1375,0.1442,0.0245,0.0103,11,9,2,0,1,7,2,4,0,0,1.1937,0.589,0.4914,0.0,0.0561,0.3595,0.0286,0.129,0.0,0.0,16,20,15.63,17.22
3561644,2021-06-22,usa,2021,MLS,,,267810,Orlando City,6603,San Jose Earthquakes,1,5,0,45,55,18,12,8,1,7,5,3,6,1,0,13,5,5,7,2,5,4,0,1,0,33,16,11,10,0,2,0,0,1,0,10,13,6,13,6,3,14,12,1,3,32,43,30.0,34.0,2.0,9.0,10.0,13.0,448,533,382.0,470.0,216,268,166,202,30.0,49.0,2.0,3.0,2.92,0.49,2.1,0.41,0.03,0.08,2.13,0.49,3.71,0.09,0,0,11,3,2,2,4,6,1,1,0.0,0.0,2.2271,0.2047,0.4524,0.0799,0.2122,0.1718,0.0239,0.0378,13,9,3,0,0,3,1,0,1,0,1.1657,0.4106,0.9307,0.0,0.0,0.0836,0.0309,0.0,0.7884,0.0,18,12,15.05,18.25
3561644,2021-06-22,usa,2021,MLS,,,6603,San Jose Earthquakes,267810,Orlando City,0,0,5,55,45,12,18,1,8,5,7,6,3,0,1,5,13,7,5,5,2,0,4,0,1,16,33,10,11,2,0,0,0,0,1,13,10,13,6,3,6,12,14,3,1,43,32,34.0,30.0,9.0,2.0,13.0,10.0,533,448,470.0,382.0,268,216,202,166,49.0,30.0,3.0,2.0,0.49,2.92,0.41,2.1,0.08,0.03,0.49,2.13,0.09,3.71,0,0,3,11,2,2,6,4,1,1,0.0,0.0,0.2047,2.2271,0.0799,0.4524,0.1718,0.2122,0.0378,0.0239,9,13,0,3,3,0,0,1,0,1,0.4106,1.1657,0.0,0.9307,0.0836,0.0,0.0,0.0309,0.0,0.7884,12,18,18.25,15.05
3561645,2021-06-23,usa,2021,MLS,,,6580,New England Revolution,6514,New York Red Bulls,1,3,2,50,50,10,21,6,6,2,11,2,4,0,1,7,9,3,12,2,6,4,1,2,0,,,10,14,1,1,0,0,1,1,23,19,14,18,3,2,23,15,4,4,66,61,50.0,36.0,16.0,25.0,13.0,8.0,406,411,294.0,307.0,151,151,143,156,31.0,33.0,3.0,3.0,1.5,1.15,1.41,0.86,0.08,0.29,1.5,1.15,2.8,1.53,0,0,7,7,0,2,2,7,1,5,0.0,0.0,1.3977,0.5997,0.0,0.1022,0.0842,0.3482,0.0131,0.0958,7,14,1,1,1,5,1,1,0,0,1.1053,0.813,0.3082,0.0599,0.0684,0.2514,0.0131,0.0218,0.0,0.0,10,21,15.01,20.0
3561645,2021-06-23,usa,2021,MLS,,,6514,New York Red Bulls,6580,New England Revolution,0,2,3,50,50,21,10,6,6,11,2,4,2,1,0,9,7,12,3,6,2,1,4,0,2,,,14,10,1,1,0,0,1,1,19,23,18,14,2,3,15,23,4,4,61,66,36.0,50.0,25.0,16.0,8.0,13.0,411,406,307.0,294.0,151,151,156,143,33.0,31.0,3.0,3.0,1.15,1.5,0.86,1.41,0.29,0.08,1.15,1.5,1.53,2.8,0,0,7,7,2,0,7,2,5,1,0.0,0.0,0.5997,1.3977,0.1022,0.0,0.3482,0.0842,0.0958,0.0131,14,7,1,1,5,1,1,1,0,0,0.813,1.1053,0.0599,0.3082,0.2514,0.0684,0.0218,0.0131,0.0,0.0,21,10,20.0,15.01
3561646,2021-06-23,usa,2021,MLS,,,191716,Philadelphia Union,6001,Columbus Crew,1,1,0,38,62,5,8,1,2,2,3,2,3,0,0,4,3,1,5,5,3,0,1,0,1,,,15,11,2,2,0,0,2,1,24,10,14,8,3,2,22,15,2,0,50,53,36.0,38.0,14.0,15.0,3.0,13.0,359,581,281.0,511.0,142,266,139,245,37.0,31.0,4.0,3.0,0.32,0.55,0.28,0.44,0.04,0.11,0.32,0.55,0.1,0.47,0,0,3,2,1,1,1,2,0,3,0.0,0.0,0.2657,0.4315,0.0287,0.0234,0.0258,0.0385,0.0,0.0573,4,4,0,0,1,2,0,2,0,0,0.2829,0.4396,0.0,0.0,0.0373,0.036,0.0,0.0752,0.0,0.0,5,8,16.82,20.3
3561646,2021-06-23,usa,2021,MLS,,,6001,Columbus Crew,191716,Philadelphia Union,0,0,1,62,38,8,5,2,1,3,2,3,2,0,0,3,4,5,1,3,5,1,0,1,0,,,11,15,2,2,0,0,1,2,10,24,8,14,2,3,15,22,0,2,53,50,38.0,36.0,15.0,14.0,13.0,3.0,581,359,511.0,281.0,266,142,245,139,31.0,37.0,3.0,4.0,0.55,0.32,0.44,0.28,0.11,0.04,0.55,0.32,0.47,0.1,0,0,2,3,1,1,2,1,3,0,0.0,0.0,0.4315,0.2657,0.0234,0.0287,0.0385,0.0258,0.0573,0.0,4,4,0,0,2,1,2,0,0,0,0.4396,0.2829,0.0,0.0,0.036,0.0373,0.0752,0.0,0.0,0.0,8,5,20.3,16.82
3561647,2021-06-23,usa,2021,MLS,,,546238,New York City FC,773958,Atlanta United,1,1,0,47,53,18,6,7,3,5,2,6,1,1,0,11,3,7,3,4,2,2,0,1,0,,,19,19,0,3,0,0,3,0,11,15,9,8,1,6,16,6,3,6,52,55,39.0,44.0,13.0,11.0,12.0,9.0,391,423,315.0,342.0,150,246,165,96,11.0,30.0,3.0,6.0,2.05,0.32,1.94,0.27,0.11,0.04,2.05,0.32,1.37,0.44,1,0,7,3,3,0,4,2,3,1,0.6121,0.0,0.8784,0.2252,0.2184,0.0,0.2547,0.0594,0.0968,0.0329,15,3,0,0,0,1,3,2,0,0,1.9485,0.2741,0.0,0.0,0.0,0.0057,0.1119,0.0378,0.0,0.0,18,6,16.76,20.38
3561647,2021-06-23,usa,2021,MLS,,,773958,Atlanta United,546238,New York City FC,0,0,1,53,47,6,18,3,7,2,5,1,6,0,1,3,11,3,7,2,4,0,2,0,1,,,19,19,3,0,0,0,0,3,15,11,8,9,6,1,6,16,6,3,55,52,44.0,39.0,11.0,13.0,9.0,12.0,423,391,342.0,315.0,246,150,96,165,30.0,11.0,6.0,3.0,0.32,2.05,0.27,1.94,0.04,0.11,0.32,2.05,0.44,1.37,0,1,3,7,0,3,2,4,1,3,0.0,0.6121,0.2252,0.8784,0.0,0.2184,0.0594,0.2547,0.0329,0.0968,3,15,0,0,1,0,2,3,0,0,0.2741,1.9485,0.0,0.0,0.0057,0.0,0.0378,0.1119,0.0,0.0,6,18,20.38,16.76
3561648,2021-06-24,usa,2021,MLS,,,6397,Chicago Fire FC,722265,FC Cincinnati,1,0,1,57,43,19,19,2,12,9,5,8,2,0,1,10,12,9,7,7,7,1,4,1,4,,,23,20,0,2,0,0,1,6,17,17,7,13,2,7,14,23,11,2,56,61,44.0,46.0,12.0,15.0,7.0,10.0,389,305,288.0,213.0,168,103,120,110,22.0,27.0,7.0,4.0,1.66,1.96,0.43,1.74,1.23,0.22,1.66,1.96,0.17,2.94,3,1,6,6,1,5,8,3,1,4,0.5977,0.5049,0.7389,0.91,0.0159,0.2328,0.3073,0.2005,0.0079,0.1272,8,9,0,1,5,5,6,4,0,0,0.4722,1.6694,0.0,0.0849,0.6039,0.0926,0.5916,0.1285,0.0,0.0,19,19,16.31,18.46
3561648,2021-06-24,usa,2021,MLS,,,722265,FC Cincinnati,6397,Chicago Fire FC,0,1,0,43,57,19,19,12,2,5,9,2,8,1,0,12,10,7,9,7,7,4,1,4,1,,,20,23,2,0,0,0,6,1,17,17,13,7,7,2,23,14,2,11,61,56,46.0,44.0,15.0,12.0,10.0,7.0,305,389,213.0,288.0,103,168,110,120,27.0,22.0,4.0,7.0,1.96,1.66,1.74,0.43,0.22,1.23,1.96,1.66,2.94,0.17,1,3,6,6,5,1,3,8,4,1,0.5049,0.5977,0.91,0.7389,0.2328,0.0159,0.2005,0.3073,0.1272,0.0079,9,8,1,0,5,5,4,6,0,0,1.6694,0.4722,0.0849,0.0,0.0926,0.6039,0.1285,0.5916,0.0,0.0,19,19,18.46,16.31
3561667,2021-06-24,usa,2021,MLS,,,207242,Minnesota United,1218886,Austin FC,1,2,0,52,48,12,11,3,4,6,3,3,4,1,1,9,8,3,3,5,4,1,1,1,1,,,18,6,0,2,0,0,2,2,9,19,11,12,4,3,19,9,4,1,37,56,24.0,45.0,13.0,11.0,9.0,8.0,545,494,476.0,415.0,224,228,252,187,34.0,31.0,2.0,3.0,1.06,1.03,0.91,0.98,0.15,0.04,1.06,1.03,1.01,1.2,0,1,8,6,1,1,3,2,0,1,0.0,0.3455,0.9035,0.5725,0.0359,0.0412,0.1225,0.0457,0.0,0.0211,9,9,1,0,2,2,0,0,0,0,0.8436,0.9816,0.0712,0.0,0.1473,0.0445,0.0,0.0,0.0,0.0,12,11,15.4,15.55
3561667,2021-06-24,usa,2021,MLS,,,1218886,Austin FC,207242,Minnesota United,0,0,2,48,52,11,12,4,3,3,6,4,3,1,1,8,9,3,3,4,5,1,1,1,1,,,6,18,2,0,0,0,2,2,19,9,12,11,3,4,9,19,1,4,56,37,45.0,24.0,11.0,13.0,8.0,9.0,494,545,415.0,476.0,228,224,187,252,31.0,34.0,3.0,2.0,1.03,1.06,0.98,0.91,0.04,0.15,1.03,1.06,1.2,1.01,1,0,6,8,1,1,2,3,1,0,0.3455,0.0,0.5725,0.9035,0.0412,0.0359,0.0457,0.1225,0.0211,0.0,9,9,0,1,2,2,0,0,0,0,0.9816,0.8436,0.0,0.0712,0.0445,0.1473,0.0,0.0,0.0,0.0,11,12,15.55,15.4
3561668,2021-06-24,usa,2021,MLS,,,8259,Houston Dynamo FC,307690,Portland Timbers,1,2,2,49,51,14,16,4,3,4,10,6,3,1,1,10,12,4,4,7,4,4,1,3,0,,,14,14,1,3,0,0,1,1,21,12,10,6,3,6,16,27,1,2,57,46,44.0,26.0,13.0,20.0,9.0,1.0,378,383,306.0,311.0,163,157,143,154,21.0,25.0,4.0,8.0,2.07,1.61,0.38,1.28,1.69,0.33,2.07,1.61,1.7,1.32,2,0,4,10,4,2,3,1,1,3,1.191,0.0,0.6748,1.2229,0.1889,0.0793,0.099,0.0175,0.021,0.1023,7,11,0,1,6,2,1,2,0,0,0.3792,0.7685,0.0,0.4112,1.7571,0.1463,0.0384,0.096,0.0,0.0,14,16,15.6,16.0
3561668,2021-06-24,usa,2021,MLS,,,307690,Portland Timbers,8259,Houston Dynamo FC,0,2,2,51,49,16,14,3,4,10,4,3,6,1,1,12,10,4,4,4,7,1,4,0,3,,,14,14,3,1,0,0,1,1,12,21,6,10,6,3,27,16,2,1,46,57,26.0,44.0,20.0,13.0,1.0,9.0,383,378,311.0,306.0,157,163,154,143,25.0,21.0,8.0,4.0,1.61,2.07,1.28,0.38,0.33,1.69,1.61,2.07,1.32,1.7,0,2,10,4,2,4,1,3,3,1,0.0,1.191,1.2229,0.6748,0.0793,0.1889,0.0175,0.099,0.1023,0.021,11,7,1,0,2,6,2,1,0,0,0.7685,0.3792,0.4112,0.0,0.1463,1.7571,0.096,0.0384,0.0,0.0,16,14,16.0,15.6
3561669,2021-06-24,usa,2021,MLS,,,6604,Sporting Kansas City,8314,Colorado Rapids,1,3,1,56,44,14,9,6,3,6,5,2,1,0,1,10,5,4,4,2,1,4,2,3,1,,,5,7,0,0,0,0,4,3,12,17,8,7,1,2,8,5,2,3,36,40,29.0,29.0,7.0,11.0,11.0,8.0,601,469,538.0,395.0,301,245,237,150,41.0,20.0,2.0,2.0,2.53,1.3,2.49,0.15,0.04,1.14,2.53,1.3,2.22,1.04,0,2,7,2,3,1,1,3,3,1,0.0,1.0862,1.6635,0.1375,0.7599,0.0254,0.0509,0.1081,0.0705,0.0192,12,5,1,0,0,2,1,2,0,0,1.9534,0.1528,0.5498,0.0,0.0,1.0148,0.0416,0.2088,0.0,0.0,14,9,16.14,17.66
3561669,2021-06-24,usa,2021,MLS,,,8314,Colorado Rapids,6604,Sporting Kansas City,0,1,3,44,56,9,14,3,6,5,6,1,2,1,0,5,10,4,4,1,2,2,4,1,3,,,7,5,0,0,0,0,3,4,17,12,7,8,2,1,5,8,3,2,40,36,29.0,29.0,11.0,7.0,8.0,11.0,469,601,395.0,538.0,245,301,150,237,20.0,41.0,2.0,2.0,1.3,2.53,0.15,2.49,1.14,0.04,1.3,2.53,1.04,2.22,2,0,2,7,1,3,3,1,1,3,1.0862,0.0,0.1375,1.6635,0.0254,0.7599,0.1081,0.0509,0.0192,0.0705,5,12,0,1,2,0,2,1,0,0,0.1528,1.9534,0.0,0.5498,1.0148,0.0,0.2088,0.0416,0.0,0.0,9,14,17.66,16.14
3561670,2021-06-24,usa,2021,MLS,,,130394,Seattle Sounders FC,6606,Real Salt Lake,1,2,1,55,45,16,4,6,2,6,2,4,0,0,0,13,4,3,0,9,6,4,1,2,0,,,10,9,1,3,0,0,0,0,19,9,9,14,0,4,15,14,1,4,52,40,36.0,26.0,16.0,14.0,9.0,9.0,465,382,384.0,304.0,178,162,206,142,35.0,26.0,8.0,4.0,2.18,1.13,1.19,0.0,0.2,0.34,1.39,0.34,2.53,1.06,0,0,11,4,2,0,2,0,1,0,0.0,0.0,2.1761,1.127,0.1489,0.0,0.0849,0.0,0.0128,0.0,9,0,1,0,4,3,1,0,1,1,1.3988,0.0,0.0393,0.0,0.159,0.3386,0.0371,0.0,0.7884,0.7884,16,4,13.8,7.91
3561670,2021-06-24,usa,2021,MLS,,,6606,Real Salt Lake,130394,Seattle Sounders FC,0,1,2,45,55,4,16,2,6,2,6,0,4,0,0,4,13,0,3,6,9,1,4,0,2,,,9,10,3,1,0,0,0,0,9,19,14,9,4,0,14,15,4,1,40,52,26.0,36.0,14.0,16.0,9.0,9.0,382,465,304.0,384.0,162,178,142,206,26.0,35.0,4.0,8.0,1.13,2.18,0.0,1.19,0.34,0.2,0.34,1.39,1.06,2.53,0,0,4,11,0,2,0,2,0,1,0.0,0.0,1.127,2.1761,0.0,0.1489,0.0,0.0849,0.0,0.0128,0,9,0,1,3,4,0,1,1,1,0.0,1.3988,0.0,0.0393,0.3386,0.159,0.0,0.0371,0.7884,0.7884,4,16,7.91,13.8
3561671,2021-06-24,usa,2021,MLS,,,867280,Los Angeles FC,6399,FC Dallas,1,2,0,50,50,19,13,8,1,8,7,3,5,1,0,14,7,5,6,4,2,6,1,4,1,,,15,10,1,3,0,0,2,1,12,35,8,14,5,2,10,12,1,6,46,75,38.0,58.0,8.0,17.0,16.0,9.0,468,473,363.0,379.0,149,239,214,140,20.0,30.0,5.0,9.0,2.75,0.79,2.64,0.65,0.11,0.15,2.75,0.79,3.44,0.08,1,0,7,6,6,1,3,3,2,3,0.9018,0.0,1.0422,0.4036,0.5648,0.0446,0.1898,0.0574,0.0499,0.0538,16,11,0,0,1,1,2,1,0,0,2.6368,0.4457,0.0,0.0,0.019,0.0949,0.0928,0.0188,0.0,0.0,19,13,16.13,20.56
3561671,2021-06-24,usa,2021,MLS,,,6399,FC Dallas,867280,Los Angeles FC,0,0,2,50,50,13,19,1,8,7,8,5,3,0,1,7,14,6,5,2,4,1,6,1,4,,,10,15,3,1,0,0,1,2,35,12,14,8,2,5,12,10,6,1,75,46,58.0,38.0,17.0,8.0,9.0,16.0,473,468,379.0,363.0,239,149,140,214,30.0,20.0,9.0,5.0,0.79,2.75,0.65,2.64,0.15,0.11,0.79,2.75,0.08,3.44,0,1,6,7,1,6,3,3,3,2,0.0,0.9018,0.4036,1.0422,0.0446,0.5648,0.0574,0.1898,0.0538,0.0499,11,16,0,0,1,1,1,2,0,0,0.4457,2.6368,0.0,0.0,0.0949,0.019,0.0188,0.0928,0.0,0.0,13,19,20.56,16.13
3561731,2021-06-24,usa,2021,MLS,,,161195,CF Montreal,6602,DC United,1,0,0,46,54,4,27,1,5,2,13,1,9,0,0,2,19,2,8,1,7,1,3,1,3,,,8,16,3,3,1,0,1,2,13,14,15,12,9,1,25,9,5,1,55,40,42.0,33.0,13.0,7.0,13.0,13.0,441,502,365.0,410.0,259,202,106,208,28.0,28.0,2.0,13.0,0.14,2.62,0.02,2.19,0.12,0.43,0.14,2.62,0.06,1.21,0,1,2,15,0,3,1,6,1,2,0.0,0.1456,0.092,2.0292,0.0,0.194,0.0257,0.2073,0.0231,0.042,1,19,0,0,1,6,2,2,0,0,0.0231,2.1904,0.0,0.0,0.0257,0.3226,0.092,0.1049,0.0,0.0,4,27,16.74,15.74
3561731,2021-06-24,usa,2021,MLS,,,6602,DC United,161195,CF Montreal,0,0,0,54,46,27,4,5,1,13,2,9,1,0,0,19,2,8,2,7,1,3,1,3,1,,,16,8,3,3,0,1,2,1,14,13,12,15,1,9,9,25,1,5,40,55,33.0,42.0,7.0,13.0,13.0,13.0,502,441,410.0,365.0,202,259,208,106,28.0,28.0,13.0,2.0,2.62,0.14,2.19,0.02,0.43,0.12,2.62,0.14,1.21,0.06,1,0,15,2,3,0,6,1,2,1,0.1456,0.0,2.0292,0.092,0.194,0.0,0.2073,0.0257,0.042,0.0231,19,1,0,0,6,1,2,2,0,0,2.1904,0.0231,0.0,0.0,0.3226,0.0257,0.1049,0.092,0.0,0.0,27,4,15.74,16.74
3561732,2021-06-24,usa,2021,MLS,,,915807,Nashville SC,56453,Toronto FC,1,3,2,58,42,15,10,11,4,2,2,2,4,2,0,11,6,4,4,5,5,6,2,4,1,,,17,12,3,3,0,0,1,2,14,7,4,9,3,2,14,27,2,8,30,32,26.0,23.0,4.0,9.0,2.0,5.0,548,404,472.0,340.0,219,145,253,195,35.0,13.0,5.0,3.0,2.93,1.18,2.33,0.91,0.6,0.26,2.93,1.18,3.38,0.96,3,3,7,1,1,2,2,3,2,1,1.2132,0.6738,1.5875,0.0151,0.0196,0.0502,0.0516,0.1031,0.0691,0.3342,7,7,1,0,4,3,3,0,0,0,1.8295,0.9125,0.5032,0.0,0.4886,0.2638,0.1195,0.0,0.0,0.0,15,10,14.0,15.33
3561732,2021-06-24,usa,2021,MLS,,,56453,Toronto FC,915807,Nashville SC,0,2,3,42,58,10,15,4,11,2,2,4,2,0,2,6,11,4,4,5,5,2,6,1,4,,,12,17,3,3,0,0,2,1,7,14,9,4,2,3,27,14,8,2,32,30,23.0,26.0,9.0,4.0,5.0,2.0,404,548,340.0,472.0,145,219,195,253,13.0,35.0,3.0,5.0,1.18,2.93,0.91,2.33,0.26,0.6,1.18,2.93,0.96,3.38,3,3,1,7,2,1,3,2,1,2,0.6738,1.2132,0.0151,1.5875,0.0502,0.0196,0.1031,0.0516,0.3342,0.0691,7,7,0,1,3,4,0,3,0,0,0.9125,1.8295,0.0,0.5032,0.2638,0.4886,0.0,0.1195,0.0,0.0,10,15,15.33,14.0
3561733,2021-06-24,usa,2021,MLS,,,307691,Vancouver Whitecaps,6637,LA Galaxy,1,1,2,49,51,11,9,3,2,5,5,3,2,1,0,10,4,1,5,5,3,1,1,1,0,,,13,10,1,1,0,0,1,2,8,11,12,9,2,3,10,16,0,2,41,48,25.0,35.0,16.0,13.0,7.0,11.0,443,473,374.0,405.0,199,239,175,166,27.0,31.0,3.0,1.0,0.81,0.81,0.58,0.73,0.22,0.08,0.81,0.81,1.01,1.23,1,1,4,2,5,1,1,2,0,3,0.2031,0.5891,0.3628,0.0924,0.2273,0.0324,0.0175,0.0189,0.0,0.0797,9,6,0,0,0,1,2,2,0,0,0.5828,0.7314,0.0,0.0,0.0,0.0092,0.2278,0.072,0.0,0.0,11,9,14.97,23.95
3561733,2021-06-24,usa,2021,MLS,,,6637,LA Galaxy,307691,Vancouver Whitecaps,0,2,1,51,49,9,11,2,3,5,5,2,3,0,1,4,10,5,1,3,5,1,1,0,1,,,10,13,1,1,0,0,2,1,11,8,9,12,3,2,16,10,2,0,48,41,35.0,25.0,13.0,16.0,11.0,7.0,473,443,405.0,374.0,239,199,166,175,31.0,27.0,1.0,3.0,0.81,0.81,0.73,0.58,0.08,0.22,0.81,0.81,1.23,1.01,1,1,2,4,1,5,2,1,3,0,0.5891,0.2031,0.0924,0.3628,0.0324,0.2273,0.0189,0.0175,0.0797,0.0,6,9,0,0,1,0,2,2,0,0,0.7314,0.5828,0.0,0.0,0.0092,0.0,0.072,0.2278,0.0,0.0,9,11,23.95,14.97
3561672,2021-06-26,usa,2021,MLS,,,960720,Inter Miami CF,267810,Orlando City,1,1,2,47,53,10,11,3,6,6,3,1,2,0,0,5,3,5,8,5,4,0,1,0,0,11,20,9,9,3,3,0,0,1,1,15,23,22,9,1,1,15,17,4,2,37,48,27.0,38.0,10.0,10.0,4.0,6.0,431,485,363.0,408.0,186,279,177,129,23.0,32.0,4.0,3.0,0.8,0.52,0.73,0.49,0.07,0.04,0.8,0.52,0.27,2.17,0,0,4,2,1,1,4,2,1,6,0.0,0.0,0.56,0.2618,0.0307,0.0333,0.143,0.0606,0.0663,0.1655,9,10,0,0,0,0,1,1,0,0,0.7337,0.4853,0.0,0.0,0.0,0.0,0.0663,0.036,0.0,0.0,10,11,18.25,22.77
3561672,2021-06-26,usa,2021,MLS,,,267810,Orlando City,960720,Inter Miami CF,0,2,1,53,47,11,10,6,3,3,6,2,1,0,0,3,5,8,5,4,5,1,0,0,0,20,11,9,9,3,3,0,0,1,1,23,15,9,22,1,1,17,15,2,4,48,37,38.0,27.0,10.0,10.0,6.0,4.0,485,431,408.0,363.0,279,186,129,177,32.0,23.0,3.0,4.0,0.52,0.8,0.49,0.73,0.04,0.07,0.52,0.8,2.17,0.27,0,0,2,4,1,1,2,4,6,1,0.0,0.0,0.2618,0.56,0.0333,0.0307,0.0606,0.143,0.1655,0.0663,10,9,0,0,0,0,1,1,0,0,0.4853,0.7337,0.0,0.0,0.0,0.0,0.036,0.0663,0.0,0.0,11,10,22.77,18.25
3561673,2021-06-26,usa,2021,MLS,,,6604,Sporting Kansas City,867280,Los Angeles FC,1,2,1,57,43,15,6,3,3,10,2,2,1,1,0,10,4,5,2,8,1,1,3,1,2,,,11,8,1,2,0,1,0,1,21,22,12,17,1,2,3,16,2,1,49,51,40.0,44.0,9.0,7.0,12.0,11.0,530,410,457.0,333.0,263,213,194,120,32.0,19.0,7.0,1.0,1.24,0.94,0.75,0.92,0.49,0.02,1.24,0.94,0.92,1.23,2,1,5,1,3,2,4,0,1,2,0.304,0.3355,0.5513,0.2275,0.2217,0.3211,0.1161,0.0,0.0515,0.0534,8,5,0,0,3,0,4,1,0,0,0.7512,0.9152,0.0,0.0,0.3115,0.0,0.1819,0.0224,0.0,0.0,15,6,16.56,18.51
3561673,2021-06-26,usa,2021,MLS,,,867280,Los Angeles FC,6604,Sporting Kansas City,0,1,2,43,57,6,15,3,3,2,10,1,2,0,1,4,10,2,5,1,8,3,1,2,1,,,8,11,2,1,1,0,1,0,22,21,17,12,2,1,16,3,1,2,51,49,44.0,40.0,7.0,9.0,11.0,12.0,410,530,333.0,457.0,213,263,120,194,19.0,32.0,1.0,7.0,0.94,1.24,0.92,0.75,0.02,0.49,0.94,1.24,1.23,0.92,1,2,1,5,2,3,0,4,2,1,0.3355,0.304,0.2275,0.5513,0.3211,0.2217,0.0,0.1161,0.0534,0.0515,5,8,0,0,0,3,1,4,0,0,0.9152,0.7512,0.0,0.0,0.0,0.3115,0.0224,0.1819,0.0,0.0,6,15,18.51,16.56
3561734,2021-06-26,usa,2021,MLS,,,56453,Toronto FC,722265,FC Cincinnati,1,0,2,51,49,3,10,1,4,1,3,1,3,0,0,2,5,1,5,6,3,1,2,1,1,,,9,14,1,3,0,0,2,2,17,24,9,10,3,1,9,22,2,1,44,51,36.0,45.0,8.0,6.0,5.0,12.0,469,472,410.0,405.0,128,313,282,92,20.0,23.0,0.0,0.0,0.41,1.39,0.28,1.21,0.13,0.18,0.41,1.39,0.52,1.59,1,0,1,4,0,1,1,4,0,1,0.275,0.0,0.0927,1.0074,0.0,0.0832,0.038,0.249,0.0,0.0486,1,7,0,1,0,0,2,2,0,0,0.275,1.1126,0.0,0.1006,0.0,0.0,0.1307,0.1751,0.0,0.0,3,10,13.8,17.76
3561734,2021-06-26,usa,2021,MLS,,,722265,FC Cincinnati,56453,Toronto FC,0,2,0,49,51,10,3,4,1,3,1,3,1,0,0,5,2,5,1,3,6,2,1,1,1,,,14,9,3,1,0,0,2,2,24,17,10,9,1,3,22,9,1,2,51,44,45.0,36.0,6.0,8.0,12.0,5.0,472,469,405.0,410.0,313,128,92,282,23.0,20.0,0.0,0.0,1.39,0.41,1.21,0.28,0.18,0.13,1.39,0.41,1.59,0.52,0,1,4,1,1,0,4,1,1,0,0.0,0.275,1.0074,0.0927,0.0832,0.0,0.249,0.038,0.0486,0.0,7,1,1,0,0,0,2,2,0,0,1.1126,0.275,0.1006,0.0,0.0,0.0,0.1751,0.1307,0.0,0.0,10,3,17.76,13.8
3561674,2021-06-27,usa,2021,MLS,,,6397,Chicago Fire FC,191716,Philadelphia Union,1,3,3,43,57,14,14,5,6,7,3,2,5,0,0,8,8,6,6,6,6,2,1,1,1,,,11,9,3,4,0,0,3,4,13,16,19,10,5,2,28,15,4,3,48,52,27.0,34.0,21.0,18.0,5.0,7.0,307,399,222.0,297.0,91,129,131,168,21.0,39.0,3.0,4.0,1.16,1.05,0.6,0.66,0.57,0.39,1.16,1.05,1.39,1.26,0,1,5,4,3,3,4,2,2,4,0.0,0.0451,0.742,0.6252,0.1847,0.1531,0.1979,0.096,0.0394,0.1288,9,8,1,0,3,5,1,1,0,0,0.524,0.6572,0.0714,0.0,0.1329,0.3548,0.4356,0.0363,0.0,0.0,14,14,17.45,16.55
3561674,2021-06-27,usa,2021,MLS,,,191716,Philadelphia Union,6397,Chicago Fire FC,0,3,3,57,43,14,14,6,5,3,7,5,2,0,0,8,8,6,6,6,6,1,2,1,1,,,9,11,4,3,0,0,4,3,16,13,10,19,2,5,15,28,3,4,52,48,34.0,27.0,18.0,21.0,7.0,5.0,399,307,297.0,222.0,129,91,168,131,39.0,21.0,4.0,3.0,1.05,1.16,0.66,0.6,0.39,0.57,1.05,1.16,1.26,1.39,1,0,4,5,3,3,2,4,4,2,0.0451,0.0,0.6252,0.742,0.1531,0.1847,0.096,0.1979,0.1288,0.0394,8,9,0,1,5,3,1,1,0,0,0.6572,0.524,0.0,0.0714,0.3548,0.1329,0.0363,0.4356,0.0,0.0,14,14,16.55,17.45
3561675,2021-06-27,usa,2021,MLS,,,6606,Real Salt Lake,8259,Houston Dynamo FC,1,1,1,58,42,21,7,9,3,10,3,2,1,1,0,18,4,3,3,13,4,5,2,4,2,,,11,8,0,3,0,0,1,1,15,15,12,12,1,3,5,29,2,7,46,53,27.0,30.0,19.0,23.0,4.0,5.0,439,334,359.0,251.0,177,153,182,98,38.0,14.0,11.0,2.0,2.2,0.8,1.06,0.8,1.14,0.0,2.2,0.8,2.83,1.52,4,0,11,3,3,1,2,1,1,2,1.145,0.0,0.8442,0.6486,0.1739,0.0542,0.0339,0.0174,0.0286,0.0757,13,4,0,3,7,0,1,0,0,0,1.0586,0.3647,0.0,0.4313,1.1249,0.0,0.0421,0.0,0.0,0.0,21,7,13.39,19.51
3561675,2021-06-27,usa,2021,MLS,,,8259,Houston Dynamo FC,6606,Real Salt Lake,0,1,1,42,58,7,21,3,9,3,10,1,2,0,1,4,18,3,3,4,13,2,5,2,4,,,8,11,3,0,0,0,1,1,15,15,12,12,3,1,29,5,7,2,53,46,30.0,27.0,23.0,19.0,5.0,4.0,334,439,251.0,359.0,153,177,98,182,14.0,38.0,2.0,11.0,0.8,2.2,0.8,1.06,0.0,1.14,0.8,2.2,1.52,2.83,0,4,3,11,1,3,1,2,2,1,0.0,1.145,0.6486,0.8442,0.0542,0.1739,0.0174,0.0339,0.0757,0.0286,4,13,3,0,0,7,0,1,0,0,0.3647,1.0586,0.4313,0.0,0.0,1.1249,0.0,0.0421,0.0,0.0,7,21,19.51,13.39
3561676,2021-06-27,usa,2021,MLS,,,6603,San Jose Earthquakes,6637,LA Galaxy,1,1,3,63,37,13,13,3,3,7,6,3,4,2,0,7,10,6,3,5,2,1,4,1,2,22,27,10,15,3,1,0,0,2,0,12,15,8,14,4,3,11,24,1,2,42,46,37.0,33.0,5.0,13.0,10.0,9.0,606,361,543.0,290.0,291,172,252,118,39.0,23.0,1.0,3.0,0.8,2.45,0.75,2.43,0.06,0.02,0.8,2.45,0.55,1.57,1,2,4,4,2,4,5,1,1,2,0.0569,0.7411,0.4175,1.3962,0.0748,0.183,0.2352,0.0536,0.0197,0.0713,12,7,0,5,0,1,1,0,0,0,0.7471,1.1682,0.0,1.2614,0.0,0.0156,0.0569,0.0,0.0,0.0,13,13,17.39,14.63
3561676,2021-06-27,usa,2021,MLS,,,6637,LA Galaxy,6603,San Jose Earthquakes,0,3,1,37,63,13,13,3,3,6,7,4,3,0,2,10,7,3,6,2,5,4,1,2,1,27,22,15,10,1,3,0,0,0,2,15,12,14,8,3,4,24,11,2,1,46,42,33.0,37.0,13.0,5.0,9.0,10.0,361,606,290.0,543.0,172,291,118,252,23.0,39.0,3.0,1.0,2.45,0.8,2.43,0.75,0.02,0.06,2.45,0.8,1.57,0.55,2,1,4,4,4,2,1,5,2,1,0.7411,0.0569,1.3962,0.4175,0.183,0.0748,0.0536,0.2352,0.0713,0.0197,7,12,5,0,1,0,0,1,0,0,1.1682,0.7471,1.2614,0.0,0.0156,0.0,0.0,0.0569,0.0,0.0,13,13,14.63,17.39
3561677,2021-06-27,usa,2021,MLS,,,307690,Portland Timbers,207242,Minnesota United,1,0,1,54,46,22,12,2,5,14,4,6,3,1,0,14,7,8,5,7,6,1,4,1,3,,,11,12,2,2,0,0,0,1,23,13,20,14,3,6,13,25,4,2,63,47,48.0,35.0,15.0,12.0,14.0,11.0,559,478,475.0,383.0,238,154,237,229,34.0,20.0,7.0,0.0,1.61,2.0,1.13,1.93,0.47,0.07,1.61,2.0,0.41,2.19,0,0,8,6,6,1,6,3,2,2,0.0,0.0,1.1098,1.6134,0.2519,0.1852,0.1895,0.1229,0.0543,0.0744,16,9,0,1,4,1,2,1,0,0,1.1349,1.8952,0.0,0.03,0.1058,0.0263,0.3649,0.0444,0.0,0.0,22,12,18.06,18.04
3561677,2021-06-27,usa,2021,MLS,,,207242,Minnesota United,307690,Portland Timbers,0,1,0,46,54,12,22,5,2,4,14,3,6,0,1,7,14,5,8,6,7,4,1,3,1,,,12,11,2,2,0,0,1,0,13,23,14,20,6,3,25,13,2,4,47,63,35.0,48.0,12.0,15.0,11.0,14.0,478,559,383.0,475.0,154,238,229,237,20.0,34.0,0.0,7.0,2.0,1.61,1.93,1.13,0.07,0.47,2.0,1.61,2.19,0.41,0,0,6,8,1,6,3,6,2,2,0.0,0.0,1.6134,1.1098,0.1852,0.2519,0.1229,0.1895,0.0744,0.0543,9,16,1,0,1,4,1,2,0,0,1.8952,1.1349,0.03,0.0,0.0263,0.1058,0.0444,0.3649,0.0,0.0,12,22,18.04,18.06
3561678,2021-06-27,usa,2021,MLS,,,773958,Atlanta United,6514,New York Red Bulls,1,0,0,62,38,13,8,3,4,6,4,4,0,1,0,10,5,3,3,3,1,0,0,0,0,,,11,23,2,4,0,0,2,4,23,19,11,10,0,4,13,23,4,3,85,61,52.0,38.0,33.0,23.0,7.0,8.0,414,259,291.0,141.0,160,45,131,96,28.0,28.0,9.0,2.0,1.14,0.41,0.69,0.35,0.45,0.06,1.14,0.41,0.17,0.39,1,0,6,4,3,1,1,2,2,1,0.2804,0.0,0.6338,0.295,0.1316,0.0453,0.0373,0.0625,0.0563,0.0096,9,6,0,0,3,0,1,2,0,0,0.6928,0.3479,0.0,0.0,0.4105,0.0,0.0361,0.0645,0.0,0.0,13,8,13.74,18.72
3561678,2021-06-27,usa,2021,MLS,,,6514,New York Red Bulls,773958,Atlanta United,0,0,0,38,62,8,13,4,3,4,6,0,4,0,1,5,10,3,3,1,3,0,0,0,0,,,23,11,4,2,0,0,4,2,19,23,10,11,4,0,23,13,3,4,61,85,38.0,52.0,23.0,33.0,8.0,7.0,259,414,141.0,291.0,45,160,96,131,28.0,28.0,2.0,9.0,0.41,1.14,0.35,0.69,0.06,0.45,0.41,1.14,0.39,0.17,0,1,4,6,1,3,2,1,1,2,0.0,0.2804,0.295,0.6338,0.0453,0.1316,0.0625,0.0373,0.0096,0.0563,6,9,0,0,0,3,2,1,0,0,0.3479,0.6928,0.0,0.0,0.0,0.4105,0.0645,0.0361,0.0,0.0,8,13,18.72,13.74
3561679,2021-06-27,usa,2021,MLS,,,546238,New York City FC,6602,DC United,1,2,1,64,36,14,8,7,4,4,3,3,1,0,0,12,5,2,3,4,5,4,1,3,1,,,9,16,0,3,0,0,6,0,21,15,11,10,1,3,11,21,3,5,86,49,54.0,31.0,32.0,18.0,17.0,7.0,597,329,471.0,210.0,255,96,216,114,29.0,24.0,5.0,5.0,1.33,0.85,0.98,0.42,0.34,0.43,1.33,0.85,2.03,0.98,1,1,7,2,4,2,1,3,1,0,0.1598,0.3278,1.0292,0.2467,0.0897,0.1163,0.0213,0.1635,0.0265,0.0,8,6,1,0,2,2,3,0,0,0,0.744,0.4217,0.2396,0.0,0.2084,0.4326,0.1345,0.0,0.0,0.0,14,8,15.43,14.08
3561679,2021-06-27,usa,2021,MLS,,,6602,DC United,546238,New York City FC,0,1,2,36,64,8,14,4,7,3,4,1,3,0,0,5,12,3,2,5,4,1,4,1,3,,,16,9,3,0,0,0,0,6,15,21,10,11,3,1,21,11,5,3,49,86,31.0,54.0,18.0,32.0,7.0,17.0,329,597,210.0,471.0,96,255,114,216,24.0,29.0,5.0,5.0,0.85,1.33,0.42,0.98,0.43,0.34,0.85,1.33,0.98,2.03,1,1,2,7,2,4,3,1,0,1,0.3278,0.1598,0.2467,1.0292,0.1163,0.0897,0.1635,0.0213,0.0,0.0265,6,8,0,1,2,2,0,3,0,0,0.4217,0.744,0.0,0.2396,0.4326,0.2084,0.0,0.1345,0.0,0.0,8,14,14.08,15.43
3561735,2021-06-27,usa,2021,MLS,,,915807,Nashville SC,161195,CF Montreal,1,1,1,60,40,21,8,7,4,9,1,5,3,0,0,15,4,6,4,9,3,4,1,3,1,,,11,10,1,3,0,0,3,0,5,8,11,9,3,5,11,35,3,6,34,37,20.0,22.0,14.0,15.0,5.0,4.0,567,399,503.0,331.0,262,194,241,137,47.0,26.0,10.0,3.0,1.67,0.49,0.87,0.37,0.8,0.12,1.67,0.49,1.82,0.38,3,0,11,4,1,0,5,2,1,2,0.4976,0.0,0.7513,0.381,0.0213,0.0,0.3713,0.062,0.0301,0.047,10,6,0,0,8,2,3,0,0,0,0.865,0.3701,0.0,0.0,0.4357,0.12,0.3708,0.0,0.0,0.0,21,8,14.76,17.79
3561735,2021-06-27,usa,2021,MLS,,,161195,CF Montreal,915807,Nashville SC,0,1,1,40,60,8,21,4,7,1,9,3,5,0,0,4,15,4,6,3,9,1,4,1,3,,,10,11,3,1,0,0,0,3,8,5,9,11,5,3,35,11,6,3,37,34,22.0,20.0,15.0,14.0,4.0,5.0,399,567,331.0,503.0,194,262,137,241,26.0,47.0,3.0,10.0,0.49,1.67,0.37,0.87,0.12,0.8,0.49,1.67,0.38,1.82,0,3,4,11,0,1,2,5,2,1,0.0,0.4976,0.381,0.7513,0.0,0.0213,0.062,0.3713,0.047,0.0301,6,10,0,0,2,8,0,3,0,0,0.3701,0.865,0.0,0.0,0.12,0.4357,0.0,0.3708,0.0,0.0,8,21,17.79,14.76
3561736,2021-06-27,usa,2021,MLS,,,130394,Seattle Sounders FC,307691,Vancouver Whitecaps,1,2,2,62,38,19,11,5,4,11,5,3,2,0,0,16,7,3,4,2,1,2,4,1,2,,,9,13,0,3,0,0,0,2,10,13,9,11,2,3,8,33,2,3,37,45,29.0,32.0,8.0,13.0,8.0,10.0,548,346,489.0,294.0,200,146,289,148,27.0,33.0,9.0,3.0,2.32,1.24,1.85,1.12,0.47,0.12,2.32,1.24,1.3,2.1,2,1,12,5,2,1,3,2,0,2,0.5221,0.2948,1.691,0.5726,0.093,0.2902,0.0656,0.0347,0.0,0.0456,12,8,1,1,2,1,4,1,0,0,1.4442,1.0891,0.4611,0.0269,0.17,0.0187,0.2966,0.1031,0.0,0.0,19,11,12.99,18.18
3561736,2021-06-27,usa,2021,MLS,,,307691,Vancouver Whitecaps,130394,Seattle Sounders FC,0,2,2,38,62,11,19,4,5,5,11,2,3,0,0,7,16,4,3,1,2,4,2,2,1,,,13,9,3,0,0,0,2,0,13,10,11,9,3,2,33,8,3,2,45,37,32.0,29.0,13.0,8.0,10.0,8.0,346,548,294.0,489.0,146,200,148,289,33.0,27.0,3.0,9.0,1.24,2.32,1.12,1.85,0.12,0.47,1.24,2.32,2.1,1.3,1,2,5,12,1,2,2,3,2,0,0.2948,0.5221,0.5726,1.691,0.2902,0.093,0.0347,0.0656,0.0456,0.0,8,12,1,1,1,2,1,4,0,0,1.0891,1.4442,0.0269,0.4611,0.0187,0.17,0.1031,0.2966,0.0,0.0,11,19,18.18,12.99
3561680,2021-06-28,usa,2021,MLS,,,1218886,Austin FC,6001,Columbus Crew,1,0,0,57,43,17,15,5,6,9,6,3,3,0,0,10,5,7,10,6,6,0,1,0,1,,,13,7,1,1,0,0,0,2,20,11,4,11,3,3,16,22,6,5,46,42,34.0,33.0,12.0,9.0,7.0,10.0,495,387,439.0,334.0,226,208,213,126,27.0,26.0,5.0,4.0,1.23,0.97,1.11,0.5,0.12,0.47,1.23,0.97,0.8,1.34,1,1,5,2,4,2,4,8,3,2,0.3648,0.293,0.4369,0.2607,0.2288,0.1203,0.148,0.2683,0.0511,0.0309,15,11,0,0,2,3,0,1,0,0,1.1091,0.5003,0.0,0.0,0.1205,0.1798,0.0,0.293,0.0,0.0,17,15,18.46,20.37
3561680,2021-06-28,usa,2021,MLS,,,6001,Columbus Crew,1218886,Austin FC,0,0,0,43,57,15,17,6,5,6,9,3,3,0,0,5,10,10,7,6,6,1,0,1,0,,,7,13,1,1,0,0,2,0,11,20,11,4,3,3,22,16,5,6,42,46,33.0,34.0,9.0,12.0,10.0,7.0,387,495,334.0,439.0,208,226,126,213,26.0,27.0,4.0,5.0,0.97,1.23,0.5,1.11,0.47,0.12,0.97,1.23,1.34,0.8,1,1,2,5,2,4,8,4,2,3,0.293,0.3648,0.2607,0.4369,0.1203,0.2288,0.2683,0.148,0.0309,0.0511,11,15,0,0,3,2,1,0,0,0,0.5003,1.1091,0.0,0.0,0.1798,0.1205,0.293,0.0,0.0,0.0,15,17,20.37,18.46
3561681,2021-06-28,usa,2021,MLS,,,6399,FC Dallas,6580,New England Revolution,1,2,1,44,56,8,16,4,5,3,9,1,2,1,0,5,9,3,7,2,4,2,1,1,0,,,11,5,5,2,0,0,1,1,16,21,6,8,2,1,37,8,4,2,49,60,25.0,42.0,24.0,18.0,5.0,10.0,415,515,313.0,432.0,167,182,146,250,26.0,30.0,2.0,7.0,1.1,1.2,1.1,1.05,0.0,0.16,1.1,1.2,1.36,1.03,0,0,4,6,1,3,2,3,1,4,0.0,0.0,0.9043,0.8263,0.0427,0.1735,0.1155,0.1235,0.0383,0.0786,6,12,2,0,0,3,0,1,0,0,1.0198,1.0465,0.081,0.0,0.0,0.142,0.0,0.0134,0.0,0.0,8,16,15.89,19.07
3561681,2021-06-28,usa,2021,MLS,,,6580,New England Revolution,6399,FC Dallas,0,1,2,56,44,16,8,5,4,9,3,2,1,0,1,9,5,7,3,4,2,1,2,0,1,,,5,11,2,5,0,0,1,1,21,16,8,6,1,2,8,37,2,4,60,49,42.0,25.0,18.0,24.0,10.0,5.0,515,415,432.0,313.0,182,167,250,146,30.0,26.0,7.0,2.0,1.2,1.1,1.05,1.1,0.16,0.0,1.2,1.1,1.03,1.36,0,0,6,4,3,1,3,2,4,1,0.0,0.0,0.8263,0.9043,0.1735,0.0427,0.1235,0.1155,0.0786,0.0383,12,6,0,2,3,0,1,0,0,0,1.0465,1.0198,0.0,0.081,0.142,0.0,0.0134,0.0,0.0,0.0,16,8,19.07,15.89
3561687,2021-07-02,usa,2021,MLS,,,1218886,Austin FC,307690,Portland Timbers,1,4,1,69,31,13,5,8,1,4,2,1,2,1,0,9,2,4,3,13,4,3,1,0,0,,,11,10,2,3,0,0,0,1,19,7,9,13,2,2,9,20,0,3,49,37,41.0,31.0,8.0,6.0,12.0,13.0,614,271,560.0,219.0,333,121,227,98,36.0,19.0,8.0,2.0,1.66,0.54,1.51,0.49,0.16,0.05,1.66,0.54,2.83,0.91,1,1,5,1,3,0,3,2,1,1,0.0238,0.4463,1.2975,0.0501,0.2001,0.0,0.0834,0.0261,0.059,0.0212,8,4,0,0,3,1,2,0,0,0,1.5062,0.4937,0.0,0.0,0.073,0.0501,0.0846,0.0,0.0,0.0,13,5,16.84,19.1
3561687,2021-07-02,usa,2021,MLS,,,307690,Portland Timbers,1218886,Austin FC,0,1,4,31,69,5,13,1,8,2,4,2,1,0,1,2,9,3,4,4,13,1,3,0,0,,,10,11,3,2,0,0,1,0,7,19,13,9,2,2,20,9,3,0,37,49,31.0,41.0,6.0,8.0,13.0,12.0,271,614,219.0,560.0,121,333,98,227,19.0,36.0,2.0,8.0,0.54,1.66,0.49,1.51,0.05,0.16,0.54,1.66,0.91,2.83,1,1,1,5,0,3,2,3,1,1,0.4463,0.0238,0.0501,1.2975,0.0,0.2001,0.0261,0.0834,0.0212,0.059,4,8,0,0,1,3,0,2,0,0,0.4937,1.5062,0.0,0.0,0.0501,0.073,0.0,0.0846,0.0,0.0,5,13,19.1,16.84
3561682,2021-07-03,usa,2021,MLS,,,6001,Columbus Crew,6580,New England Revolution,1,2,2,68,32,18,7,7,4,6,0,5,3,0,0,8,4,10,3,8,3,0,2,0,0,,,12,10,3,1,0,0,0,1,11,13,9,17,3,6,12,19,2,5,43,38,30.0,29.0,13.0,9.0,9.0,4.0,612,277,547.0,210.0,307,110,240,100,29.0,15.0,1.0,2.0,1.17,1.27,0.96,1.21,0.21,0.06,1.17,1.27,0.86,2.17,0,2,6,1,2,1,8,1,2,2,0.0,1.1661,0.539,0.0287,0.0872,0.0182,0.4866,0.0125,0.066,0.0421,14,5,0,0,2,2,2,0,0,0,0.9697,1.2263,0.0,0.0,0.1242,0.0412,0.0849,0.0,0.0,0.0,18,7,18.93,18.13
3561682,2021-07-03,usa,2021,MLS,,,6580,New England Revolution,6001,Columbus Crew,0,2,2,32,68,7,18,4,7,0,6,3,5,0,0,4,8,3,10,3,8,2,0,0,0,,,10,12,1,3,0,0,1,0,13,11,17,9,6,3,19,12,5,2,38,43,29.0,30.0,9.0,13.0,4.0,9.0,277,612,210.0,547.0,110,307,100,240,15.0,29.0,2.0,1.0,1.27,1.17,1.21,0.96,0.06,0.21,1.27,1.17,2.17,0.86,2,0,1,6,1,2,1,8,2,2,1.1661,0.0,0.0287,0.539,0.0182,0.0872,0.0125,0.4866,0.0421,0.066,5,14,0,0,2,2,0,2,0,0,1.2263,0.9697,0.0,0.0,0.0412,0.1242,0.0,0.0849,0.0,0.0,7,18,18.13,18.93
3561683,2021-07-03,usa,2021,MLS,,,267810,Orlando City,6514,New York Red Bulls,1,1,2,55,45,13,18,6,4,7,9,0,5,0,0,7,7,6,11,4,4,3,3,2,2,,,11,17,2,4,0,0,2,1,24,18,9,16,5,0,14,9,2,5,65,61,52.0,46.0,13.0,15.0,11.0,17.0,432,346,329.0,263.0,182,105,147,158,30.0,24.0,6.0,3.0,1.72,1.96,0.87,1.84,0.06,0.12,0.93,1.96,2.98,1.4,0,0,6,5,1,2,6,9,0,2,0.0,0.0,1.5116,1.27,0.0307,0.2715,0.1733,0.3795,0.0,0.0361,10,16,0,0,1,2,1,0,1,0,0.866,1.8394,0.0,0.0,0.0357,0.1176,0.0254,0.0,0.7884,0.0,13,18,16.61,19.35
3561683,2021-07-03,usa,2021,MLS,,,6514,New York Red Bulls,267810,Orlando City,0,2,1,45,55,18,13,4,6,9,7,5,0,0,0,7,7,11,6,4,4,3,3,2,2,,,17,11,4,2,0,0,1,2,18,24,16,9,0,5,9,14,5,2,61,65,46.0,52.0,15.0,13.0,17.0,11.0,346,432,263.0,329.0,105,182,158,147,24.0,30.0,3.0,6.0,1.96,1.72,1.84,0.87,0.12,0.06,1.96,0.93,1.4,2.98,0,0,5,6,2,1,9,6,2,0,0.0,0.0,1.27,1.5116,0.2715,0.0307,0.3795,0.1733,0.0361,0.0,16,10,0,0,2,1,0,1,0,1,1.8394,0.866,0.0,0.0,0.1176,0.0357,0.0,0.0254,0.0,0.7884,18,13,19.35,16.61
3561737,2021-07-03,usa,2021,MLS,,,6602,DC United,56453,Toronto FC,1,7,1,52,48,21,6,9,3,8,3,4,0,0,0,17,5,4,1,2,6,4,4,2,3,,,13,14,1,2,0,1,4,2,34,11,9,6,0,3,12,10,2,3,70,44,55.0,33.0,15.0,11.0,7.0,10.0,429,395,335.0,280.0,196,132,139,148,36.0,12.0,5.0,2.0,2.8,1.49,2.44,1.33,0.36,0.16,2.8,1.49,2.66,0.89,1,3,13,1,3,1,3,1,1,0,0.2329,1.1079,2.2113,0.3579,0.1869,0.0183,0.1175,0.026,0.052,0.0,13,5,4,0,2,1,2,0,0,0,1.902,1.3492,0.5428,0.0,0.2757,0.1609,0.0801,0.0,0.0,0.0,21,6,14.47,11.1
3561737,2021-07-03,usa,2021,MLS,,,56453,Toronto FC,6602,DC United,0,1,7,48,52,6,21,3,9,3,8,0,4,0,0,5,17,1,4,6,2,4,4,3,2,,,14,13,2,1,1,0,2,4,11,34,6,9,3,0,10,12,3,2,44,70,33.0,55.0,11.0,15.0,10.0,7.0,395,429,280.0,335.0,132,196,148,139,12.0,36.0,2.0,5.0,1.49,2.8,1.33,2.44,0.16,0.36,1.49,2.8,0.89,2.66,3,1,1,13,1,3,1,3,0,1,1.1079,0.2329,0.3579,2.2113,0.0183,0.1869,0.026,0.1175,0.0,0.052,5,13,0,4,1,2,0,2,0,0,1.3492,1.902,0.0,0.5428,0.1609,0.2757,0.0,0.0801,0.0,0.0,6,21,11.1,14.47
3561738,2021-07-03,usa,2021,MLS,,,161195,CF Montreal,960720,Inter Miami CF,1,1,0,51,49,17,5,7,3,9,1,1,1,1,0,12,3,5,2,5,2,1,0,1,0,24,9,21,12,3,3,0,0,1,4,17,15,12,13,1,3,10,7,3,4,53,45,42.0,38.0,11.0,7.0,13.0,4.0,479,460,417.0,388.0,277,202,140,186,38.0,30.0,6.0,3.0,1.5,0.2,1.28,0.02,0.22,0.18,1.5,0.2,0.66,0.46,1,0,7,2,4,1,4,0,1,2,0.1015,0.0,1.0485,0.1101,0.2301,0.0246,0.1848,0.0,0.0264,0.0679,13,1,0,0,2,1,2,3,0,0,1.3679,0.0246,0.0,0.0,0.0583,0.028,0.1652,0.1501,0.0,0.0,17,5,15.8,21.23
3561738,2021-07-03,usa,2021,MLS,,,960720,Inter Miami CF,161195,CF Montreal,0,0,1,49,51,5,17,3,7,1,9,1,1,0,1,3,12,2,5,2,5,0,1,0,1,9,24,12,21,3,3,0,0,4,1,15,17,13,12,3,1,7,10,4,3,45,53,38.0,42.0,7.0,11.0,4.0,13.0,460,479,388.0,417.0,202,277,186,140,30.0,38.0,3.0,6.0,0.2,1.5,0.02,1.28,0.18,0.22,0.2,1.5,0.46,0.66,0,1,2,7,1,4,0,4,2,1,0.0,0.1015,0.1101,1.0485,0.0246,0.2301,0.0,0.1848,0.0679,0.0264,1,13,0,0,1,2,3,2,0,0,0.0246,1.3679,0.0,0.0,0.028,0.0583,0.1501,0.1652,0.0,0.0,5,17,21.23,15.8
3561684,2021-07-04,usa,2021,MLS,,,6397,Chicago Fire FC,773958,Atlanta United,1,3,0,36,64,14,11,4,2,9,3,1,6,0,0,8,7,6,4,7,4,1,1,0,1,,,16,10,2,3,0,0,1,5,22,22,11,8,6,1,17,16,2,1,55,60,41.0,47.0,14.0,13.0,11.0,10.0,262,491,194.0,424.0,87,258,107,166,16.0,37.0,5.0,5.0,1.35,0.86,1.12,0.76,0.23,0.1,1.35,0.86,1.35,0.43,0,0,5,4,3,3,4,4,2,0,0.0,0.0,0.8632,0.5736,0.1428,0.1226,0.2896,0.163,0.056,0.0,9,8,1,1,2,1,2,1,0,0,0.7332,0.7396,0.3906,0.0208,0.078,0.0487,0.1497,0.0501,0.0,0.0,14,11,19.59,16.61
3561684,2021-07-04,usa,2021,MLS,,,773958,Atlanta United,6397,Chicago Fire FC,0,0,3,64,36,11,14,2,4,3,9,6,1,0,0,7,8,4,6,4,7,1,1,1,0,,,10,16,3,2,0,0,5,1,22,22,8,11,1,6,16,17,1,2,60,55,47.0,41.0,13.0,14.0,10.0,11.0,491,262,424.0,194.0,258,87,166,107,37.0,16.0,5.0,5.0,0.86,1.35,0.76,1.12,0.1,0.23,0.86,1.35,0.43,1.35,0,0,4,5,3,3,4,4,0,2,0.0,0.0,0.5736,0.8632,0.1226,0.1428,0.163,0.2896,0.0,0.056,8,9,1,1,1,2,1,2,0,0,0.7396,0.7332,0.0208,0.3906,0.0487,0.078,0.0501,0.1497,0.0,0.0,11,14,16.61,19.59
3561685,2021-07-04,usa,2021,MLS,,,207242,Minnesota United,6603,San Jose Earthquakes,1,2,2,62,38,18,9,5,3,6,5,7,1,1,1,16,4,2,5,7,4,3,2,2,1,50,14,14,18,2,3,0,0,1,1,24,33,8,14,1,7,11,19,1,3,68,63,56.0,53.0,12.0,10.0,14.0,7.0,495,300,408.0,227.0,182,138,226,89,18.0,26.0,3.0,1.0,2.94,0.84,1.83,0.73,0.32,0.11,2.15,0.84,2.15,1.36,2,1,13,1,1,2,2,4,0,1,0.8497,0.0979,2.662,0.229,0.0272,0.0816,0.0594,0.2107,0.0,0.0411,12,7,0,0,3,1,2,1,1,0,1.8604,0.5851,0.0,0.0,0.1138,0.0341,0.8356,0.0411,0.7884,0.0,18,9,14.05,19.76
3561685,2021-07-04,usa,2021,MLS,,,6603,San Jose Earthquakes,207242,Minnesota United,0,2,2,38,62,9,18,3,5,5,6,1,7,1,1,4,16,5,2,4,7,2,3,1,2,14,50,18,14,3,2,0,0,1,1,33,24,14,8,7,1,19,11,3,1,63,68,53.0,56.0,10.0,12.0,7.0,14.0,300,495,227.0,408.0,138,182,89,226,26.0,18.0,1.0,3.0,0.84,2.94,0.73,1.83,0.11,0.32,0.84,2.15,1.36,2.15,1,2,1,13,2,1,4,2,1,0,0.0979,0.8497,0.229,2.662,0.0816,0.0272,0.2107,0.0594,0.0411,0.0,7,12,0,0,1,3,1,2,0,1,0.5851,1.8604,0.0,0.0,0.0341,0.1138,0.0411,0.8356,0.0,0.7884,9,18,19.76,14.05
3561686,2021-07-04,usa,2021,MLS,,,8259,Houston Dynamo FC,722265,FC Cincinnati,1,1,1,52,48,21,11,4,4,11,6,6,1,0,0,11,8,10,3,10,2,0,3,0,2,,,15,12,3,1,0,0,0,1,19,15,10,4,1,6,10,21,3,3,63,48,44.0,40.0,19.0,8.0,16.0,10.0,400,389,332.0,308.0,140,195,192,113,24.0,16.0,9.0,2.0,1.41,1.7,0.62,1.4,0.79,0.3,1.41,1.7,0.75,1.25,2,1,8,6,1,1,8,0,2,3,0.3475,0.1594,0.6646,1.3862,0.0369,0.0374,0.3062,0.0,0.0546,0.1259,11,7,0,0,9,1,1,3,0,0,0.6198,1.4088,0.0,0.0,0.747,0.1594,0.0428,0.1407,0.0,0.0,21,11,18.15,15.82
3561686,2021-07-04,usa,2021,MLS,,,722265,FC Cincinnati,8259,Houston Dynamo FC,0,1,1,48,52,11,21,4,4,6,11,1,6,0,0,8,11,3,10,2,10,3,0,2,0,,,12,15,1,3,0,0,1,0,15,19,4,10,6,1,21,10,3,3,48,63,40.0,44.0,8.0,19.0,10.0,16.0,389,400,308.0,332.0,195,140,113,192,16.0,24.0,2.0,9.0,1.7,1.41,1.4,0.62,0.3,0.79,1.7,1.41,1.25,0.75,1,2,6,8,1,1,0,8,3,2,0.1594,0.3475,1.3862,0.6646,0.0374,0.0369,0.0,0.3062,0.1259,0.0546,7,11,0,0,1,9,3,1,0,0,1.4088,0.6198,0.0,0.0,0.1594,0.747,0.1407,0.0428,0.0,0.0,11,21,15.82,18.15
3561688,2021-07-04,usa,2021,MLS,,,6606,Real Salt Lake,867280,Los Angeles FC,1,0,1,58,42,14,9,4,1,6,6,4,2,0,1,9,2,5,7,7,4,2,0,2,0,,,9,14,3,2,0,0,1,0,15,18,8,6,2,5,3,24,0,3,46,57,34.0,38.0,12.0,19.0,8.0,13.0,452,339,375.0,259.0,208,129,167,130,37.0,22.0,6.0,2.0,1.27,0.47,0.86,0.37,0.41,0.1,1.27,0.47,0.34,0.31,0,0,7,1,2,1,1,3,4,4,0.0,0.0,1.0676,0.2117,0.0403,0.0299,0.0442,0.1211,0.1197,0.1078,8,7,1,0,2,0,3,2,0,0,0.7522,0.3663,0.106,0.0,0.0334,0.0,0.3802,0.1041,0.0,0.0,14,9,20.93,23.91
3561688,2021-07-04,usa,2021,MLS,,,867280,Los Angeles FC,6606,Real Salt Lake,0,1,0,42,58,9,14,1,4,6,6,2,4,1,0,2,9,7,5,4,7,0,2,0,2,,,14,9,2,3,0,0,0,1,18,15,6,8,5,2,24,3,3,0,57,46,38.0,34.0,19.0,12.0,13.0,8.0,339,452,259.0,375.0,129,208,130,167,22.0,37.0,2.0,6.0,0.47,1.27,0.37,0.86,0.1,0.41,0.47,1.27,0.31,0.34,0,0,1,7,1,2,3,1,4,4,0.0,0.0,0.2117,1.0676,0.0299,0.0403,0.1211,0.0442,0.1078,0.1197,7,8,0,1,0,2,2,3,0,0,0.3663,0.7522,0.0,0.106,0.0,0.0334,0.1041,0.3802,0.0,0.0,9,14,23.91,20.93
3561691,2021-07-04,usa,2021,MLS,,,915807,Nashville SC,191716,Philadelphia Union,1,1,0,49,51,12,8,3,4,7,3,2,1,1,0,6,6,6,2,6,5,0,2,0,2,,,9,11,0,1,0,0,1,3,18,19,11,11,1,2,19,15,4,2,52,50,38.0,32.0,14.0,18.0,12.0,6.0,433,455,379.0,387.0,189,162,190,225,36.0,41.0,6.0,2.0,1.16,0.69,0.62,0.47,0.54,0.23,1.16,0.69,0.98,0.78,3,1,3,4,0,1,4,0,2,2,0.4471,0.1665,0.4265,0.4592,0.0,0.0159,0.209,0.0,0.0773,0.0523,5,5,3,1,3,1,1,1,0,0,0.2198,0.2991,0.398,0.1665,0.3914,0.0772,0.1508,0.1512,0.0,0.0,12,8,15.77,16.12
3561691,2021-07-04,usa,2021,MLS,,,191716,Philadelphia Union,915807,Nashville SC,0,0,1,51,49,8,12,4,3,3,7,1,2,0,1,6,6,2,6,5,6,2,0,2,0,,,11,9,1,0,0,0,3,1,19,18,11,11,2,1,15,19,2,4,50,52,32.0,38.0,18.0,14.0,6.0,12.0,455,433,387.0,379.0,162,189,225,190,41.0,36.0,2.0,6.0,0.69,1.16,0.47,0.62,0.23,0.54,0.69,1.16,0.78,0.98,1,3,4,3,1,0,0,4,2,2,0.1665,0.4471,0.4592,0.4265,0.0159,0.0,0.0,0.209,0.0523,0.0773,5,5,1,3,1,3,1,1,0,0,0.2991,0.2198,0.1665,0.398,0.0772,0.3914,0.1512,0.1508,0.0,0.0,8,12,16.12,15.77
3561689,2021-07-05,usa,2021,MLS,,,8314,Colorado Rapids,130394,Seattle Sounders FC,1,1,1,50,50,14,7,3,1,7,4,4,2,1,1,10,5,4,2,7,0,0,1,0,1,,,14,7,2,2,0,0,1,0,11,11,12,18,2,4,4,19,0,2,43,34,26.0,28.0,17.0,6.0,8.0,6.0,470,491,406.0,415.0,184,260,222,155,37.0,30.0,10.0,1.0,0.83,0.69,0.62,0.57,0.21,0.13,0.83,0.69,0.72,0.03,0,2,5,1,5,2,2,1,2,1,0.0,0.4038,0.4077,0.0574,0.2159,0.1877,0.1732,0.0245,0.035,0.0182,11,5,1,1,1,0,1,1,0,0,0.5348,0.5396,0.0869,0.0262,0.105,0.0,0.1052,0.1259,0.0,0.0,14,7,16.01,17.2
3561689,2021-07-05,usa,2021,MLS,,,130394,Seattle Sounders FC,8314,Colorado Rapids,0,1,1,50,50,7,14,1,3,4,7,2,4,1,1,5,10,2,4,0,7,1,0,1,0,,,7,14,2,2,0,0,0,1,11,11,18,12,4,2,19,4,2,0,34,43,28.0,26.0,6.0,17.0,6.0,8.0,491,470,415.0,406.0,260,184,155,222,30.0,37.0,1.0,10.0,0.69,0.83,0.57,0.62,0.13,0.21,0.69,0.83,0.03,0.72,2,0,1,5,2,5,1,2,1,2,0.4038,0.0,0.0574,0.4077,0.1877,0.2159,0.0245,0.1732,0.0182,0.035,5,11,1,1,0,1,1,1,0,0,0.5396,0.5348,0.0262,0.0869,0.0,0.105,0.1259,0.1052,0.0,0.0,7,14,17.2,16.01
3561690,2021-07-05,usa,2021,MLS,,,6637,LA Galaxy,6604,Sporting Kansas City,1,0,2,54,46,18,12,7,6,9,4,2,2,1,1,13,8,5,4,4,3,4,3,4,1,,,11,14,1,1,0,0,0,2,19,18,4,11,2,2,10,20,4,7,39,44,36.0,33.0,3.0,11.0,5.0,4.0,556,474,472.0,409.0,246,252,226,157,29.0,43.0,5.0,5.0,1.62,1.96,1.35,1.31,0.27,0.66,1.62,1.96,0.84,1.51,1,1,6,4,6,3,4,1,1,3,0.5703,0.6153,0.6189,1.1862,0.2731,0.0822,0.1379,0.0241,0.0257,0.068,13,7,0,2,1,0,4,3,0,0,1.3569,0.4347,0.0,0.8777,0.0234,0.0,0.2456,0.6634,0.0,0.0,18,12,17.18,17.85
3561690,2021-07-05,usa,2021,MLS,,,6604,Sporting Kansas City,6637,LA Galaxy,0,2,0,46,54,12,18,6,7,4,9,2,2,1,1,8,13,4,5,3,4,3,4,1,4,,,14,11,1,1,0,0,2,0,18,19,11,4,2,2,20,10,7,4,44,39,33.0,36.0,11.0,3.0,4.0,5.0,474,556,409.0,472.0,252,246,157,226,43.0,29.0,5.0,5.0,1.96,1.62,1.31,1.35,0.66,0.27,1.96,1.62,1.51,0.84,1,1,4,6,3,6,1,4,3,1,0.6153,0.5703,1.1862,0.6189,0.0822,0.2731,0.0241,0.1379,0.068,0.0257,7,13,2,0,0,1,3,4,0,0,0.4347,1.3569,0.8777,0.0,0.0,0.0234,0.6634,0.2456,0.0,0.0,12,18,17.85,17.18
3561739,2021-07-05,usa,2021,MLS,,,6399,FC Dallas,307691,Vancouver Whitecaps,1,2,2,57,43,17,5,8,2,5,2,4,1,0,0,11,3,6,2,7,5,4,2,3,0,,,11,11,2,4,0,0,0,1,11,10,15,13,1,4,8,24,0,7,46,41,28.0,24.0,18.0,17.0,7.0,4.0,525,399,440.0,321.0,219,202,221,119,43.0,34.0,12.0,2.0,1.45,1.05,1.15,0.88,0.31,0.17,1.45,1.05,2.86,1.71,2,1,6,2,3,0,3,1,3,1,0.51,0.173,0.6963,0.8081,0.0952,0.0,0.0939,0.0426,0.1159,0.0298,12,4,0,0,3,1,2,0,0,0,1.2042,0.8805,0.0,0.0,0.2245,0.173,0.0827,0.0,0.0,0.0,17,5,16.26,14.89
3561739,2021-07-05,usa,2021,MLS,,,307691,Vancouver Whitecaps,6399,FC Dallas,0,2,2,43,57,5,17,2,8,2,5,1,4,0,0,3,11,2,6,5,7,2,4,0,3,,,11,11,4,2,0,0,1,0,10,11,13,15,4,1,24,8,7,0,41,46,24.0,28.0,17.0,18.0,4.0,7.0,399,525,321.0,440.0,202,219,119,221,34.0,43.0,2.0,12.0,1.05,1.45,0.88,1.15,0.17,0.31,1.05,1.45,1.71,2.86,1,2,2,6,0,3,1,3,1,3,0.173,0.51,0.8081,0.6963,0.0,0.0952,0.0426,0.0939,0.0298,0.1159,4,12,0,0,1,3,0,2,0,0,0.8805,1.2042,0.0,0.0,0.173,0.2245,0.0,0.0827,0.0,0.0,5,17,14.89,16.26
3561740,2021-07-07,usa,2021,MLS,,,6580,New England Revolution,56453,Toronto FC,1,2,3,61,39,21,11,6,7,12,2,3,2,1,0,16,6,5,5,7,6,5,2,4,0,,,10,13,1,2,0,0,1,1,18,9,9,9,2,3,10,28,4,4,51,35,41.0,22.0,10.0,13.0,10.0,4.0,539,368,464.0,287.0,187,133,277,154,36.0,24.0,11.0,5.0,2.45,1.43,2.23,1.35,0.22,0.08,2.45,1.43,2.64,1.51,0,0,12,5,4,1,4,3,1,2,0.0,0.0,2.0848,1.0555,0.1309,0.1883,0.2125,0.1301,0.0187,0.0569,18,9,0,0,1,2,2,0,0,0,2.2297,1.3495,0.0,0.0,0.0721,0.0813,0.1452,0.0,0.0,0.0,21,11,15.3,17.25
3561740,2021-07-07,usa,2021,MLS,,,56453,Toronto FC,6580,New England Revolution,0,3,2,39,61,11,21,7,6,2,12,2,3,0,1,6,16,5,5,6,7,2,5,0,4,,,13,10,2,1,0,0,1,1,9,18,9,9,3,2,28,10,4,4,35,51,22.0,41.0,13.0,10.0,4.0,10.0,368,539,287.0,464.0,133,187,154,277,24.0,36.0,5.0,11.0,1.43,2.45,1.35,2.23,0.08,0.22,1.43,2.45,1.51,2.64,0,0,5,12,1,4,3,4,2,1,0.0,0.0,1.0555,2.0848,0.1883,0.1309,0.1301,0.2125,0.0569,0.0187,9,18,0,0,2,1,0,2,0,0,1.3495,2.2297,0.0,0.0,0.0813,0.0721,0.0,0.1452,0.0,0.0,11,21,17.25,15.3
3561741,2021-07-07,usa,2021,MLS,,,161195,CF Montreal,546238,New York City FC,1,2,1,41,59,8,10,4,4,2,6,2,0,0,0,6,5,2,5,3,3,2,1,0,1,,,10,14,2,4,0,0,3,3,12,18,17,3,0,2,21,7,3,2,53,44,39.0,36.0,14.0,8.0,14.0,8.0,382,555,319.0,477.0,223,224,96,253,27.0,14.0,2.0,2.0,1.98,0.49,1.11,0.46,0.08,0.03,1.19,0.49,2.29,0.94,1,0,4,5,1,0,1,3,1,2,0.8775,0.0,0.9915,0.4057,0.0387,0.0,0.0169,0.0573,0.0556,0.028,5,8,0,0,1,2,1,0,1,0,1.1136,0.4598,0.0,0.0,0.0226,0.0312,0.0556,0.0,0.7884,0.0,8,10,15.71,20.18
3561741,2021-07-07,usa,2021,MLS,,,546238,New York City FC,161195,CF Montreal,0,1,2,59,41,10,8,4,4,6,2,0,2,0,0,5,6,5,2,3,3,1,2,1,0,,,14,10,4,2,0,0,3,3,18,12,3,17,2,0,7,21,2,3,44,53,36.0,39.0,8.0,14.0,8.0,14.0,555,382,477.0,319.0,224,223,253,96,14.0,27.0,2.0,2.0,0.49,1.98,0.46,1.11,0.03,0.08,0.49,1.19,0.94,2.29,0,1,5,4,0,1,3,1,2,1,0.0,0.8775,0.4057,0.9915,0.0,0.0387,0.0573,0.0169,0.028,0.0556,8,5,0,0,2,1,0,1,0,1,0.4598,1.1136,0.0,0.0,0.0312,0.0226,0.0,0.0556,0.0,0.7884,10,8,20.18,15.71
3561693,2021-07-08,usa,2021,MLS,,,6397,Chicago Fire FC,267810,Orlando City,1,3,1,47,53,13,19,4,9,4,5,5,5,1,0,9,16,4,3,9,8,5,4,2,4,,,13,9,3,1,0,0,2,1,18,14,12,11,6,5,26,18,7,1,52,56,36.0,34.0,16.0,22.0,9.0,9.0,398,454,315.0,359.0,168,167,147,192,25.0,28.0,4.0,7.0,1.67,2.35,1.08,1.58,0.59,0.77,1.67,2.35,2.48,2.0,1,3,6,11,2,2,3,3,1,0,0.4185,0.545,1.0579,1.6519,0.0676,0.0901,0.1093,0.0897,0.0165,0.0,9,12,1,1,3,5,0,1,0,0,0.6411,1.477,0.4434,0.0995,0.5854,0.6667,0.0,0.1334,0.0,0.0,13,19,15.46,13.46
3561693,2021-07-08,usa,2021,MLS,,,267810,Orlando City,6397,Chicago Fire FC,0,1,3,53,47,19,13,9,4,5,4,5,5,0,1,16,9,3,4,8,9,4,5,4,2,,,9,13,1,3,0,0,1,2,14,18,11,12,5,6,18,26,1,7,56,52,34.0,36.0,22.0,16.0,9.0,9.0,454,398,359.0,315.0,167,168,192,147,28.0,25.0,7.0,4.0,2.35,1.67,1.58,1.08,0.77,0.59,2.35,1.67,2.0,2.48,3,1,11,6,2,2,3,3,0,1,0.545,0.4185,1.6519,1.0579,0.0901,0.0676,0.0897,0.1093,0.0,0.0165,12,9,1,1,5,3,1,0,0,0,1.477,0.6411,0.0995,0.4434,0.6667,0.5854,0.1334,0.0,0.0,0.0,19,13,13.46,15.46
3561694,2021-07-08,usa,2021,MLS,,,130394,Seattle Sounders FC,8259,Houston Dynamo FC,1,2,0,48,52,19,11,6,4,9,2,4,5,1,0,11,4,8,7,5,7,4,1,2,1,,,8,19,2,1,0,0,0,1,16,17,9,9,6,3,17,19,3,4,58,43,37.0,35.0,21.0,8.0,3.0,10.0,429,483,348.0,391.0,178,207,170,184,29.0,26.0,7.0,2.0,2.14,0.63,2.12,0.44,0.02,0.19,2.14,0.63,2.03,0.36,2,0,6,2,3,2,6,4,2,3,1.2068,0.0,0.5918,0.1771,0.1495,0.0387,0.1478,0.2212,0.044,0.1901,18,9,0,0,1,1,0,1,0,0,2.1212,0.5064,0.0,0.0,0.0187,0.0127,0.0,0.108,0.0,0.0,19,11,17.31,21.27
3561694,2021-07-08,usa,2021,MLS,,,8259,Houston Dynamo FC,130394,Seattle Sounders FC,0,0,2,52,48,11,19,4,6,2,9,5,4,0,1,4,11,7,8,7,5,1,4,1,2,,,19,8,1,2,0,0,1,0,17,16,9,9,3,6,19,17,4,3,43,58,35.0,37.0,8.0,21.0,10.0,3.0,483,429,391.0,348.0,207,178,184,170,26.0,29.0,2.0,7.0,0.63,2.14,0.44,2.12,0.19,0.02,0.63,2.14,0.36,2.03,0,2,2,6,2,3,4,6,3,2,0.0,1.2068,0.1771,0.5918,0.0387,0.1495,0.2212,0.1478,0.1901,0.044,9,18,0,0,1,1,1,0,0,0,0.5064,2.1212,0.0,0.0,0.0127,0.0187,0.108,0.0,0.0,0.0,11,19,21.27,17.31
3561695,2021-07-08,usa,2021,MLS,,,1218886,Austin FC,867280,Los Angeles FC,1,0,2,60,40,14,12,4,6,8,4,2,2,0,0,7,8,7,4,8,3,0,3,0,1,,,7,9,3,3,0,0,2,3,18,19,14,17,1,2,5,12,4,4,46,52,34.0,40.0,12.0,12.0,8.0,14.0,503,345,417.0,257.0,212,119,205,138,27.0,20.0,3.0,3.0,0.56,1.73,0.37,1.69,0.2,0.03,0.56,1.73,0.48,2.59,0,1,4,7,3,0,3,4,4,0,0.0,0.11,0.3125,1.7739,0.098,0.0,0.0933,0.0984,0.0599,0.0,9,10,1,0,4,1,0,1,0,0,0.3099,1.9483,0.0586,0.0,0.1952,0.012,0.0,0.022,0.0,0.0,14,12,20.37,16.23
3561695,2021-07-08,usa,2021,MLS,,,867280,Los Angeles FC,1218886,Austin FC,0,2,0,40,60,12,14,6,4,4,8,2,2,0,0,8,7,4,7,3,8,3,0,1,0,,,9,7,3,3,0,0,3,2,19,18,17,14,2,1,12,5,4,4,52,46,40.0,34.0,12.0,12.0,14.0,8.0,345,503,257.0,417.0,119,212,138,205,20.0,27.0,3.0,3.0,1.73,0.56,1.69,0.37,0.03,0.2,1.73,0.56,2.59,0.48,1,0,7,4,0,3,4,3,0,4,0.11,0.0,1.7739,0.3125,0.0,0.098,0.0984,0.0933,0.0,0.0599,10,9,0,1,1,4,1,0,0,0,1.9483,0.3099,0.0,0.0586,0.012,0.1952,0.022,0.0,0.0,0.0,12,14,16.23,20.37
3561696,2021-07-08,usa,2021,MLS,,,8314,Colorado Rapids,207242,Minnesota United,1,2,0,46,54,13,7,5,2,5,2,3,3,1,0,9,5,4,2,4,3,5,1,4,1,,,11,8,4,1,0,1,3,0,25,12,8,9,3,3,14,12,2,3,54,33,46.0,28.0,8.0,5.0,13.0,5.0,461,538,378.0,460.0,247,194,131,266,31.0,26.0,4.0,2.0,1.64,0.41,1.21,0.28,0.43,0.13,1.64,0.41,1.89,0.26,3,0,5,2,1,3,2,1,2,1,0.7421,0.0,0.7078,0.1322,0.0459,0.206,0.111,0.0155,0.0416,0.055,10,4,0,1,3,0,0,2,0,0,1.208,0.2215,0.0,0.0603,0.4403,0.0,0.0,0.1269,0.0,0.0,13,7,14.99,20.72
3561696,2021-07-08,usa,2021,MLS,,,207242,Minnesota United,8314,Colorado Rapids,0,0,2,54,46,7,13,2,5,2,5,3,3,0,1,5,9,2,4,3,4,1,5,1,4,,,8,11,1,4,1,0,0,3,12,25,9,8,3,3,12,14,3,2,33,54,28.0,46.0,5.0,8.0,5.0,13.0,538,461,460.0,378.0,194,247,266,131,26.0,31.0,2.0,4.0,0.41,1.64,0.28,1.21,0.13,0.43,0.41,1.64,0.26,1.89,0,3,2,5,3,1,1,2,1,2,0.0,0.7421,0.1322,0.7078,0.206,0.0459,0.0155,0.111,0.055,0.0416,4,10,1,0,0,3,2,0,0,0,0.2215,1.208,0.0603,0.0,0.0,0.4403,0.1269,0.0,0.0,0.0,7,13,20.72,14.99
3561697,2021-07-08,usa,2021,MLS,,,6637,LA Galaxy,6399,FC Dallas,1,3,1,53,47,12,13,5,5,5,5,2,3,1,0,8,6,4,7,2,2,3,2,1,1,19,15,7,15,1,3,0,0,0,3,18,17,16,15,4,2,19,17,3,2,53,47,47.0,40.0,6.0,7.0,15.0,17.0,545,477,476.0,406.0,250,243,226,163,37.0,23.0,2.0,4.0,1.03,1.28,0.93,1.21,0.1,0.07,1.03,1.28,2.22,0.58,0,0,5,5,3,1,3,4,1,3,0.0,0.0,0.6422,1.0812,0.2647,0.0138,0.1081,0.1049,0.0153,0.0835,10,10,0,0,2,1,0,2,0,0,0.9263,1.2132,0.0,0.0,0.1039,0.0138,0.0,0.0564,0.0,0.0,12,13,17.59,20.12
3561697,2021-07-08,usa,2021,MLS,,,6399,FC Dallas,6637,LA Galaxy,0,1,3,47,53,13,12,5,5,5,5,3,2,0,1,6,8,7,4,2,2,2,3,1,1,15,19,15,7,3,1,0,0,3,0,17,18,15,16,2,4,17,19,2,3,47,53,40.0,47.0,7.0,6.0,17.0,15.0,477,545,406.0,476.0,243,250,163,226,23.0,37.0,4.0,2.0,1.28,1.03,1.21,0.93,0.07,0.1,1.28,1.03,0.58,2.22,0,0,5,5,1,3,4,3,3,1,0.0,0.0,1.0812,0.6422,0.0138,0.2647,0.1049,0.1081,0.0835,0.0153,10,10,0,0,1,2,2,0,0,0,1.2132,0.9263,0.0,0.0,0.0138,0.1039,0.0564,0.0,0.0,0.0,13,12,20.12,17.59
3561742,2021-07-08,usa,2021,MLS,,,307691,Vancouver Whitecaps,6606,Real Salt Lake,1,0,4,55,45,10,18,2,8,4,3,4,7,0,1,3,14,7,4,5,4,2,3,2,2,,,7,9,0,2,0,0,0,0,7,8,6,10,5,4,16,10,4,2,36,39,28.0,25.0,8.0,14.0,13.0,10.0,501,413,433.0,340.0,211,185,222,155,22.0,35.0,3.0,5.0,1.09,3.31,0.95,2.26,0.14,0.26,1.09,2.52,0.6,3.82,0,0,2,14,1,0,4,2,3,2,0.0,0.0,0.684,3.3204,0.0284,0.0,0.2837,0.0753,0.0935,0.0495,8,10,0,2,0,4,2,1,0,1,0.9528,1.9706,0.0,0.4261,0.0,0.2244,0.1368,0.0358,0.0,0.7884,10,18,21.11,14.81
3561742,2021-07-08,usa,2021,MLS,,,6606,Real Salt Lake,307691,Vancouver Whitecaps,0,4,0,45,55,18,10,8,2,3,4,7,4,1,0,14,3,4,7,4,5,3,2,2,2,,,9,7,2,0,0,0,0,0,8,7,10,6,4,5,10,16,2,4,39,36,25.0,28.0,14.0,8.0,10.0,13.0,413,501,340.0,433.0,185,211,155,222,35.0,22.0,5.0,3.0,3.31,1.09,2.26,0.95,0.26,0.14,2.52,1.09,3.82,0.6,0,0,14,2,0,1,2,4,2,3,0.0,0.0,3.3204,0.684,0.0,0.0284,0.0753,0.2837,0.0495,0.0935,10,8,2,0,4,0,1,2,1,0,1.9706,0.9528,0.4261,0.0,0.2244,0.0,0.0358,0.1368,0.7884,0.0,18,10,14.81,21.11
3561692,2021-07-09,usa,2021,MLS,,,722265,FC Cincinnati,6001,Columbus Crew,1,2,2,50,50,13,9,3,2,6,5,4,2,0,1,7,4,6,5,2,1,1,2,0,1,,,17,15,6,1,0,1,3,0,18,25,3,7,2,4,9,12,0,1,53,66,46.0,54.0,7.0,12.0,14.0,13.0,434,442,385.0,379.0,180,212,205,167,27.0,22.0,2.0,2.0,0.81,1.13,0.57,0.54,0.25,0.6,0.81,1.13,0.41,1.17,0,1,3,2,4,1,3,5,3,0,0.0,0.0696,0.3194,0.6918,0.2864,0.0109,0.1358,0.3606,0.0718,0.0,9,4,0,0,2,1,2,4,0,0,0.5667,0.5358,0.0,0.0,0.128,0.0696,0.1187,0.5276,0.0,0.0,13,9,19.34,18.37
3561692,2021-07-09,usa,2021,MLS,,,6001,Columbus Crew,722265,FC Cincinnati,0,2,2,50,50,9,13,2,3,5,6,2,4,1,0,4,7,5,6,1,2,2,1,1,0,,,15,17,1,6,1,0,0,3,25,18,7,3,4,2,12,9,1,0,66,53,54.0,46.0,12.0,7.0,13.0,14.0,442,434,379.0,385.0,212,180,167,205,22.0,27.0,2.0,2.0,1.13,0.81,0.54,0.57,0.6,0.25,1.13,0.81,1.17,0.41,1,0,2,3,1,4,5,3,0,3,0.0696,0.0,0.6918,0.3194,0.0109,0.2864,0.3606,0.1358,0.0,0.0718,4,9,0,0,1,2,4,2,0,0,0.5358,0.5667,0.0,0.0,0.0696,0.128,0.5276,0.1187,0.0,0.0,9,13,18.37,19.34
3561698,2021-07-09,usa,2021,MLS,,,6514,New York Red Bulls,191716,Philadelphia Union,1,1,1,47,53,14,11,3,7,7,3,4,1,0,0,10,5,4,6,5,5,2,1,1,1,,,14,9,2,2,0,1,1,4,25,20,17,16,2,4,28,19,5,2,56,66,38.0,42.0,18.0,24.0,4.0,10.0,339,391,248.0,273.0,105,113,143,160,14.0,32.0,7.0,3.0,2.03,0.77,1.22,0.43,0.02,0.34,1.24,0.77,1.36,1.04,0,1,10,4,0,0,3,5,1,1,0.0,0.0786,1.9177,0.4714,0.0,0.0,0.0971,0.1727,0.015,0.0545,11,6,1,0,1,4,0,1,1,0,1.0992,0.4327,0.1249,0.0,0.0172,0.3117,0.0,0.0327,0.7884,0.0,14,11,15.95,18.32
3561698,2021-07-09,usa,2021,MLS,,,191716,Philadelphia Union,6514,New York Red Bulls,0,1,1,53,47,11,14,7,3,3,7,1,4,0,0,5,10,6,4,5,5,1,2,1,1,,,9,14,2,2,1,0,4,1,20,25,16,17,4,2,19,28,2,5,66,56,42.0,38.0,24.0,18.0,10.0,4.0,391,339,273.0,248.0,113,105,160,143,32.0,14.0,3.0,7.0,0.77,2.03,0.43,1.22,0.34,0.02,0.77,1.24,1.04,1.36,1,0,4,10,0,0,5,3,1,1,0.0786,0.0,0.4714,1.9177,0.0,0.0,0.1727,0.0971,0.0545,0.015,6,11,0,1,4,1,1,0,0,1,0.4327,1.0992,0.0,0.1249,0.3117,0.0172,0.0327,0.0,0.0,0.7884,11,14,18.32,15.95
3561699,2021-07-09,usa,2021,MLS,,,915807,Nashville SC,773958,Atlanta United,1,2,2,50,50,17,6,8,2,5,3,4,1,0,0,11,5,6,1,6,3,2,0,0,0,,,16,17,3,4,0,1,6,1,11,16,7,11,1,3,16,22,0,6,53,56,34.0,41.0,19.0,15.0,7.0,10.0,340,347,275.0,273.0,177,152,98,121,31.0,31.0,5.0,2.0,1.97,0.44,0.67,0.15,0.51,0.28,1.19,0.44,2.67,0.91,0,0,9,4,2,1,2,0,4,1,0.0,0.0,1.6113,0.3476,0.093,0.0611,0.1802,0.0,0.0892,0.0287,10,3,0,0,4,2,2,1,1,0,0.6711,0.1547,0.0,0.0,0.3906,0.1211,0.1237,0.1617,0.7884,0.0,17,6,15.83,13.99
3561699,2021-07-09,usa,2021,MLS,,,773958,Atlanta United,915807,Nashville SC,0,2,2,50,50,6,17,2,8,3,5,1,4,0,0,5,11,1,6,3,6,0,2,0,0,,,17,16,4,3,1,0,1,6,16,11,11,7,3,1,22,16,6,0,56,53,41.0,34.0,15.0,19.0,10.0,7.0,347,340,273.0,275.0,152,177,121,98,31.0,31.0,2.0,5.0,0.44,1.97,0.15,0.67,0.28,0.51,0.44,1.19,0.91,2.67,0,0,4,9,1,2,0,2,1,4,0.0,0.0,0.3476,1.6113,0.0611,0.093,0.0,0.1802,0.0287,0.0892,3,10,0,0,2,4,1,2,0,1,0.1547,0.6711,0.0,0.0,0.1211,0.3906,0.1617,0.1237,0.0,0.7884,6,17,13.99,15.83
3561700,2021-07-17,usa,2021,MLS,,,773958,Atlanta United,6580,New England Revolution,1,0,1,61,39,15,13,5,5,5,6,5,2,0,1,8,8,7,5,5,7,0,3,0,2,,,10,11,2,1,0,0,4,1,17,16,13,13,2,5,19,18,4,5,59,47,46.0,33.0,13.0,14.0,18.0,7.0,472,296,395.0,227.0,291,77,104,150,47.0,27.0,2.0,5.0,0.59,1.17,0.5,0.9,0.09,0.27,0.59,1.17,0.79,1.57,0,0,5,8,3,0,4,1,3,4,0.0,0.0,0.322,1.0502,0.1224,0.0,0.0896,0.0327,0.0537,0.0907,11,8,0,1,4,2,0,2,0,0,0.4966,0.578,0.0,0.3245,0.0911,0.1627,0.0,0.1083,0.0,0.0,15,13,20.45,18.36
3561700,2021-07-17,usa,2021,MLS,,,6580,New England Revolution,773958,Atlanta United,0,1,0,39,61,13,15,5,5,6,5,2,5,1,0,8,8,5,7,7,5,3,0,2,0,,,11,10,1,2,0,0,1,4,16,17,13,13,5,2,18,19,5,4,47,59,33.0,46.0,14.0,13.0,7.0,18.0,296,472,227.0,395.0,77,291,150,104,27.0,47.0,5.0,2.0,1.17,0.59,0.9,0.5,0.27,0.09,1.17,0.59,1.57,0.79,0,0,8,5,0,3,1,4,4,3,0.0,0.0,1.0502,0.322,0.0,0.1224,0.0327,0.0896,0.0907,0.0537,8,11,1,0,2,4,2,0,0,0,0.578,0.4966,0.3245,0.0,0.1627,0.0911,0.1083,0.0,0.0,0.0,13,15,18.36,20.45
3561702,2021-07-17,usa,2021,MLS,,,6001,Columbus Crew,546238,New York City FC,1,2,1,40,60,6,21,3,7,1,3,2,11,0,0,2,13,4,8,1,7,1,3,1,3,,,13,15,4,4,0,0,1,2,17,16,10,9,9,2,33,7,6,1,49,48,41.0,38.0,8.0,10.0,9.0,11.0,321,469,250.0,384.0,152,163,98,221,18.0,21.0,0.0,4.0,0.83,1.57,0.67,1.21,0.16,0.35,0.83,1.57,1.09,1.42,0,1,2,4,0,8,3,6,1,2,0.0,0.2654,0.5687,0.5597,0.0,0.4251,0.2184,0.3411,0.0412,0.0365,4,16,0,0,0,3,2,2,0,0,0.6659,1.2728,0.0,0.0,0.0,0.2337,0.1625,0.1213,0.0,0.0,6,21,18.58,16.91
3561702,2021-07-17,usa,2021,MLS,,,546238,New York City FC,6001,Columbus Crew,0,1,2,60,40,21,6,7,3,3,1,11,2,0,0,13,2,8,4,7,1,3,1,3,1,,,15,13,4,4,0,0,2,1,16,17,9,10,2,9,7,33,1,6,48,49,38.0,41.0,10.0,8.0,11.0,9.0,469,321,384.0,250.0,163,152,221,98,21.0,18.0,4.0,0.0,1.57,0.83,1.21,0.67,0.35,0.16,1.57,0.83,1.42,1.09,1,0,4,2,8,0,6,3,2,1,0.2654,0.0,0.5597,0.5687,0.4251,0.0,0.3411,0.2184,0.0365,0.0412,16,4,0,0,3,0,2,2,0,0,1.2728,0.6659,0.0,0.0,0.2337,0.0,0.1213,0.1625,0.0,0.0,21,6,16.91,18.58
3561703,2021-07-17,usa,2021,MLS,,,191716,Philadelphia Union,6602,DC United,1,2,1,44,56,11,9,4,3,2,3,5,3,0,1,7,5,4,4,5,7,3,1,1,0,,,9,9,1,3,0,0,2,0,19,15,13,10,3,4,20,16,2,2,60,51,38.0,37.0,22.0,14.0,11.0,14.0,298,372,212.0,286.0,106,134,106,152,32.0,30.0,4.0,1.0,1.22,1.39,1.12,0.5,0.1,0.09,1.22,0.6,1.43,1.31,0,0,5,3,2,2,2,4,2,0,0.0,0.0,1.117,1.1704,0.0506,0.1187,0.032,0.0971,0.021,0.0,3,6,2,0,4,2,2,0,0,1,0.2071,0.5034,0.9145,0.0,0.081,0.0943,0.018,0.0,0.0,0.7884,11,9,19.35,18.52
3561703,2021-07-17,usa,2021,MLS,,,6602,DC United,191716,Philadelphia Union,0,1,2,56,44,9,11,3,4,3,2,3,5,1,0,5,7,4,4,7,5,1,3,0,1,,,9,9,3,1,0,0,0,2,15,19,10,13,4,3,16,20,2,2,51,60,37.0,38.0,14.0,22.0,14.0,11.0,372,298,286.0,212.0,134,106,152,106,30.0,32.0,1.0,4.0,1.39,1.22,0.5,1.12,0.09,0.1,0.6,1.22,1.31,1.43,0,0,3,5,2,2,4,2,0,2,0.0,0.0,1.1704,1.117,0.1187,0.0506,0.0971,0.032,0.0,0.021,6,3,0,2,2,4,0,2,1,0,0.5034,0.2071,0.0,0.9145,0.0943,0.081,0.0,0.018,0.7884,0.0,9,11,18.52,19.35
3561743,2021-07-17,usa,2021,MLS,,,161195,CF Montreal,722265,FC Cincinnati,1,5,4,67,33,17,7,10,5,7,0,0,2,2,0,11,4,6,3,13,0,4,2,1,0,,,15,12,2,5,0,0,0,2,12,19,15,10,2,0,7,24,1,5,45,49,39.0,37.0,6.0,12.0,16.0,5.0,532,265,463.0,195.0,181,130,282,65,17.0,19.0,4.0,1.0,2.81,1.25,1.94,0.78,0.08,0.47,2.02,1.25,3.93,1.89,2,0,4,4,5,0,5,2,1,1,0.8881,0.0,1.3032,1.1056,0.3534,0.0,0.2559,0.0918,0.038,0.0511,14,5,0,0,1,0,1,2,1,0,1.9717,0.7777,0.0,0.0,0.0234,0.0,0.0553,0.4709,0.7884,0.0,17,7,16.12,14.97
3561743,2021-07-17,usa,2021,MLS,,,722265,FC Cincinnati,161195,CF Montreal,0,4,5,33,67,7,17,5,10,0,7,2,0,0,2,4,11,3,6,0,13,2,4,0,1,,,12,15,5,2,0,0,2,0,19,12,10,15,0,2,24,7,5,1,49,45,37.0,39.0,12.0,6.0,5.0,16.0,265,532,195.0,463.0,130,181,65,282,19.0,17.0,1.0,4.0,1.25,2.81,0.78,1.94,0.47,0.08,1.25,2.02,1.89,3.93,0,2,4,4,0,5,2,5,1,1,0.0,0.8881,1.1056,1.3032,0.0,0.3534,0.0918,0.2559,0.0511,0.038,5,14,0,0,0,1,2,1,0,1,0.7777,1.9717,0.0,0.0,0.0,0.0234,0.4709,0.0553,0.0,0.7884,7,17,14.97,16.12
3561744,2021-07-17,usa,2021,MLS,,,56453,Toronto FC,267810,Orlando City,1,1,1,52,48,9,10,3,5,6,4,0,1,0,0,1,5,8,5,1,3,0,2,0,1,,,11,21,2,2,0,0,3,3,16,12,4,13,1,0,8,12,4,2,64,36,51.0,27.0,13.0,9.0,15.0,5.0,503,464,426.0,390.0,210,232,216,158,22.0,20.0,2.0,2.0,0.55,1.38,0.44,0.54,0.11,0.05,0.55,0.59,0.3,1.42,1,0,0,4,0,1,4,0,4,5,0.275,0.0,0.0,1.1999,0.0,0.0642,0.1461,0.0,0.1271,0.1167,7,7,0,0,0,1,2,1,0,1,0.4378,0.5434,0.0,0.0,0.0,0.0129,0.1105,0.0361,0.0,0.7884,9,10,22.82,20.56
3561744,2021-07-17,usa,2021,MLS,,,267810,Orlando City,56453,Toronto FC,0,1,1,48,52,10,9,5,3,4,6,1,0,0,0,5,1,5,8,3,1,2,0,1,0,,,21,11,2,2,0,0,3,3,12,16,13,4,0,1,12,8,2,4,36,64,27.0,51.0,9.0,13.0,5.0,15.0,464,503,390.0,426.0,232,210,158,216,20.0,22.0,2.0,2.0,1.38,0.55,0.54,0.44,0.05,0.11,0.59,0.55,1.42,0.3,0,1,4,0,1,0,0,4,5,4,0.0,0.275,1.1999,0.0,0.0642,0.0,0.0,0.1461,0.1167,0.1271,7,7,0,0,1,0,1,2,1,0,0.5434,0.4378,0.0,0.0,0.0129,0.0,0.0361,0.1105,0.7884,0.0,10,9,20.56,22.82
3561704,2021-07-18,usa,2021,MLS,,,915807,Nashville SC,6397,Chicago Fire FC,1,5,1,54,46,25,14,12,4,9,4,4,6,3,0,15,8,10,6,7,4,4,2,2,1,,,14,9,0,2,0,1,2,0,19,14,11,10,6,4,16,16,3,7,46,52,32.0,33.0,14.0,19.0,4.0,6.0,481,406,425.0,335.0,219,179,206,156,28.0,25.0,4.0,4.0,2.79,2.09,2.49,1.41,0.3,0.68,2.79,2.09,5.12,1.58,1,3,10,4,4,1,9,4,1,2,0.0648,1.5376,2.0327,0.2967,0.2053,0.0879,0.4278,0.1385,0.0767,0.0325,19,9,0,0,4,4,2,1,0,0,2.5098,1.4092,0.0,0.0,0.1867,0.6508,0.1109,0.0331,0.0,0.0,25,14,17.36,16.35
3561704,2021-07-18,usa,2021,MLS,,,6397,Chicago Fire FC,915807,Nashville SC,0,1,5,46,54,14,25,4,12,4,9,6,4,0,3,8,15,6,10,4,7,2,4,1,2,,,9,14,2,0,1,0,0,2,14,19,10,11,4,6,16,16,7,3,52,46,33.0,32.0,19.0,14.0,6.0,4.0,406,481,335.0,425.0,179,219,156,206,25.0,28.0,4.0,4.0,2.09,2.79,1.41,2.49,0.68,0.3,2.09,2.79,1.58,5.12,3,1,4,10,1,4,4,9,2,1,1.5376,0.0648,0.2967,2.0327,0.0879,0.2053,0.1385,0.4278,0.0325,0.0767,9,19,0,0,4,4,1,2,0,0,1.4092,2.5098,0.0,0.0,0.6508,0.1867,0.0331,0.1109,0.0,0.0,14,25,16.35,17.36
3561706,2021-07-18,usa,2021,MLS,,,8314,Colorado Rapids,6603,San Jose Earthquakes,1,1,1,49,51,14,7,2,2,8,4,4,1,0,0,10,2,4,5,3,1,0,0,0,0,25,7,18,7,4,1,0,0,1,1,14,23,7,14,1,4,8,7,1,1,44,55,34.0,47.0,10.0,8.0,15.0,8.0,386,410,316.0,335.0,159,248,157,87,27.0,35.0,5.0,1.0,0.68,0.44,0.65,0.38,0.03,0.06,0.68,0.44,0.24,0.58,0,0,5,2,5,0,4,4,0,1,0.0,0.0,0.3571,0.2026,0.2368,0.0,0.0881,0.1892,0.0,0.0477,12,6,0,0,1,0,1,1,0,0,0.6527,0.3752,0.0,0.0,0.0152,0.0,0.0142,0.0642,0.0,0.0,14,7,18.43,20.97
3561706,2021-07-18,usa,2021,MLS,,,6603,San Jose Earthquakes,8314,Colorado Rapids,0,1,1,51,49,7,14,2,2,4,8,1,4,0,0,2,10,5,4,1,3,0,0,0,0,7,25,7,18,1,4,0,0,1,1,23,14,14,7,4,1,7,8,1,1,55,44,47.0,34.0,8.0,10.0,8.0,15.0,410,386,335.0,316.0,248,159,87,157,35.0,27.0,1.0,5.0,0.44,0.68,0.38,0.65,0.06,0.03,0.44,0.68,0.58,0.24,0,0,2,5,0,5,4,4,1,0,0.0,0.0,0.2026,0.3571,0.0,0.2368,0.1892,0.0881,0.0477,0.0,6,12,0,0,0,1,1,1,0,0,0.3752,0.6527,0.0,0.0,0.0,0.0152,0.0642,0.0142,0.0,0.0,7,14,20.97,18.43
3561707,2021-07-18,usa,2021,MLS,,,867280,Los Angeles FC,6606,Real Salt Lake,1,2,1,57,43,29,3,9,2,12,1,8,0,2,0,23,2,6,1,13,6,9,2,8,1,,,8,15,1,4,0,0,4,0,25,26,10,15,0,7,10,26,1,8,68,52,55.0,39.0,13.0,13.0,17.0,5.0,488,377,414.0,301.0,127,183,287,118,16.0,34.0,5.0,2.0,4.29,0.88,2.71,0.88,0.79,0.0,3.5,0.88,3.73,0.91,5,1,8,0,10,1,5,1,1,0,1.3905,0.092,1.8266,0.0,0.9162,0.2461,0.1536,0.5423,0.0558,0.0,19,2,1,1,5,0,3,0,1,0,2.3592,0.3381,0.3549,0.5423,0.7299,0.0,0.1103,0.0,0.7884,0.0,29,3,15.04,14.35
3561707,2021-07-18,usa,2021,MLS,,,6606,Real Salt Lake,867280,Los Angeles FC,0,1,2,43,57,3,29,2,9,1,12,0,8,0,2,2,23,1,6,6,13,2,9,1,8,,,15,8,4,1,0,0,0,4,26,25,15,10,7,0,26,10,8,1,52,68,39.0,55.0,13.0,13.0,5.0,17.0,377,488,301.0,414.0,183,127,118,287,34.0,16.0,2.0,5.0,0.88,4.29,0.88,2.71,0.0,0.79,0.88,3.5,0.91,3.73,1,5,0,8,1,10,1,5,0,1,0.092,1.3905,0.0,1.8266,0.2461,0.9162,0.5423,0.1536,0.0,0.0558,2,19,1,1,0,5,0,3,0,1,0.3381,2.3592,0.5423,0.3549,0.0,0.7299,0.0,0.1103,0.0,0.7884,3,29,14.35,15.04
3561708,2021-07-18,usa,2021,MLS,,,307690,Portland Timbers,6399,FC Dallas,1,1,0,50,50,11,7,2,2,6,4,3,1,0,1,7,5,4,2,5,5,2,3,2,3,,,11,17,2,2,0,0,2,1,13,27,13,14,1,3,13,19,2,1,55,55,43.0,47.0,12.0,8.0,14.0,9.0,502,503,425.0,414.0,172,250,253,164,36.0,22.0,6.0,4.0,0.88,0.97,0.85,0.93,0.03,0.04,0.88,0.97,0.41,0.27,1,1,4,3,3,1,2,0,1,2,0.0616,0.4786,0.6373,0.3587,0.0785,0.1086,0.0833,0.0,0.0195,0.0218,10,5,0,0,1,2,0,0,0,0,0.8489,0.9299,0.0,0.0,0.0314,0.0378,0.0,0.0,0.0,0.0,11,7,18.56,15.19
3561708,2021-07-18,usa,2021,MLS,,,6399,FC Dallas,307690,Portland Timbers,0,0,1,50,50,7,11,2,2,4,6,1,3,1,0,5,7,2,4,5,5,3,2,3,2,,,17,11,2,2,0,0,1,2,27,13,14,13,3,1,19,13,1,2,55,55,47.0,43.0,8.0,12.0,9.0,14.0,503,502,414.0,425.0,250,172,164,253,22.0,36.0,4.0,6.0,0.97,0.88,0.93,0.85,0.04,0.03,0.97,0.88,0.27,0.41,1,1,3,4,1,3,0,2,2,1,0.4786,0.0616,0.3587,0.6373,0.1086,0.0785,0.0,0.0833,0.0218,0.0195,5,10,0,0,2,1,0,0,0,0,0.9299,0.8489,0.0,0.0,0.0378,0.0314,0.0,0.0,0.0,0.0,7,11,15.19,18.56
3561709,2021-07-18,usa,2021,MLS,,,207242,Minnesota United,130394,Seattle Sounders FC,1,1,0,51,49,11,9,2,4,7,3,2,2,0,0,7,4,4,5,6,1,2,0,1,0,,,12,14,0,3,0,0,2,3,15,15,14,10,3,2,5,13,3,1,49,48,39.0,36.0,10.0,12.0,10.0,9.0,459,443,383.0,360.0,148,233,235,127,24.0,26.0,1.0,1.0,1.64,0.52,1.53,0.37,0.11,0.14,1.64,0.52,1.12,0.43,2,0,4,2,1,2,3,4,1,1,0.6039,0.0,0.8304,0.3074,0.0504,0.0822,0.1316,0.1125,0.024,0.0143,8,8,1,0,1,1,1,0,0,0,1.4776,0.3732,0.0504,0.0,0.0343,0.1432,0.078,0.0,0.0,0.0,11,9,17.35,23.79
3561709,2021-07-18,usa,2021,MLS,,,130394,Seattle Sounders FC,207242,Minnesota United,0,0,1,49,51,9,11,4,2,3,7,2,2,0,0,4,7,5,4,1,6,0,2,0,1,,,14,12,3,0,0,0,3,2,15,15,10,14,2,3,13,5,1,3,48,49,36.0,39.0,12.0,10.0,9.0,10.0,443,459,360.0,383.0,233,148,127,235,26.0,24.0,1.0,1.0,0.52,1.64,0.37,1.53,0.14,0.11,0.52,1.64,0.43,1.12,0,2,2,4,2,1,4,3,1,1,0.0,0.6039,0.3074,0.8304,0.0822,0.0504,0.1125,0.1316,0.0143,0.024,8,8,0,1,1,1,0,1,0,0,0.3732,1.4776,0.0,0.0504,0.1432,0.0343,0.0,0.078,0.0,0.0,9,11,23.79,17.35
3561745,2021-07-18,usa,2021,MLS,,,307691,Vancouver Whitecaps,6637,LA Galaxy,1,2,1,49,51,11,9,4,2,5,5,2,2,0,1,6,7,5,2,4,1,2,1,1,0,,,11,9,1,1,0,0,5,3,18,17,8,12,2,2,10,19,1,2,45,48,41.0,32.0,4.0,16.0,14.0,4.0,453,467,392.0,395.0,232,251,160,144,28.0,36.0,1.0,4.0,1.15,0.54,1.14,0.45,0.01,0.09,1.15,0.54,0.55,0.66,0,1,5,3,1,3,5,2,0,0,0.0,0.0426,1.0147,0.2543,0.0122,0.2056,0.1241,0.0361,0.0,0.0,10,6,0,1,1,0,0,2,0,0,1.1388,0.3554,0.0,0.0958,0.0122,0.0,0.0,0.0874,0.0,0.0,11,9,19.03,16.14
3561745,2021-07-18,usa,2021,MLS,,,6637,LA Galaxy,307691,Vancouver Whitecaps,0,1,2,51,49,9,11,2,4,5,5,2,2,1,0,7,6,2,5,1,4,1,2,0,1,,,9,11,1,1,0,0,3,5,17,18,12,8,2,2,19,10,2,1,48,45,32.0,41.0,16.0,4.0,4.0,14.0,467,453,395.0,392.0,251,232,144,160,36.0,28.0,4.0,1.0,0.54,1.15,0.45,1.14,0.09,0.01,0.54,1.15,0.66,0.55,1,0,3,5,3,1,2,5,0,0,0.0426,0.0,0.2543,1.0147,0.2056,0.0122,0.0361,0.1241,0.0,0.0,6,10,1,0,0,1,2,0,0,0,0.3554,1.1388,0.0958,0.0,0.0,0.0122,0.0874,0.0,0.0,0.0,9,11,16.14,19.03
3561710,2021-07-21,usa,2021,MLS,,,960720,Inter Miami CF,6580,New England Revolution,1,0,5,49,51,15,13,1,11,10,2,4,0,2,1,11,12,4,1,10,3,0,5,0,3,22,22,13,9,2,0,0,0,1,1,14,21,7,8,0,4,8,24,6,1,43,56,30.0,45.0,13.0,11.0,7.0,11.0,404,446,348.0,378.0,134,211,214,167,38.0,25.0,7.0,1.0,0.96,3.16,0.81,2.93,0.15,0.23,0.96,3.16,0.12,4.09,1,1,6,9,4,2,3,0,1,1,0.0952,0.2874,0.5351,2.6418,0.1847,0.2105,0.122,0.0,0.022,0.0561,13,6,0,3,1,1,1,3,0,0,0.8092,1.1826,0.0,1.7803,0.0952,0.0956,0.0546,0.1374,0.0,0.0,15,13,15.35,12.61
3561710,2021-07-21,usa,2021,MLS,,,6580,New England Revolution,960720,Inter Miami CF,0,5,0,51,49,13,15,11,1,2,10,0,4,1,2,12,11,1,4,3,10,5,0,3,0,22,22,9,13,0,2,0,0,1,1,21,14,8,7,4,0,24,8,1,6,56,43,45.0,30.0,11.0,13.0,11.0,7.0,446,404,378.0,348.0,211,134,167,214,25.0,38.0,1.0,7.0,3.16,0.96,2.93,0.81,0.23,0.15,3.16,0.96,4.09,0.12,1,1,9,6,2,4,0,3,1,1,0.2874,0.0952,2.6418,0.5351,0.2105,0.1847,0.0,0.122,0.0561,0.022,6,13,3,0,1,1,3,1,0,0,1.1826,0.8092,1.7803,0.0,0.0956,0.0952,0.1374,0.0546,0.0,0.0,13,15,12.61,15.35
3561712,2021-07-21,usa,2021,MLS,,,6001,Columbus Crew,915807,Nashville SC,1,0,0,66,34,18,8,7,1,4,5,7,2,0,0,7,4,11,4,5,5,2,0,2,0,,,10,13,2,1,0,0,1,0,11,21,15,9,2,7,15,24,1,7,47,49,31.0,35.0,16.0,14.0,8.0,5.0,617,311,552.0,246.0,274,112,278,134,29.0,25.0,3.0,3.0,1.24,0.39,0.86,0.15,0.38,0.23,1.24,0.39,0.82,0.2,1,1,4,3,2,1,5,3,6,1,0.2664,0.1388,0.346,0.1217,0.1622,0.0124,0.3379,0.0937,0.1252,0.0203,14,3,0,1,0,3,4,2,0,0,0.8621,0.0686,0.0,0.085,0.0,0.1656,0.3756,0.0677,0.0,0.0,18,9,20.68,17.97
3561712,2021-07-21,usa,2021,MLS,,,915807,Nashville SC,6001,Columbus Crew,0,0,0,34,66,8,18,1,7,5,4,2,7,0,0,4,7,4,11,5,5,0,2,0,2,,,13,10,1,2,0,0,0,1,21,11,9,15,7,2,24,15,7,1,49,47,35.0,31.0,14.0,16.0,5.0,8.0,311,617,246.0,552.0,112,274,134,278,25.0,29.0,3.0,3.0,0.39,1.24,0.15,0.86,0.23,0.38,0.39,1.24,0.2,0.82,1,1,3,4,1,2,3,5,1,6,0.1388,0.2664,0.1217,0.346,0.0124,0.1622,0.0937,0.3379,0.0203,0.1252,3,14,1,0,3,0,2,4,0,0,0.0686,0.8621,0.085,0.0,0.1656,0.0,0.0677,0.3756,0.0,0.0,9,18,17.97,20.68
3561746,2021-07-21,usa,2021,MLS,,,56453,Toronto FC,6514,New York Red Bulls,1,1,1,53,47,6,19,1,4,3,10,2,5,0,0,4,12,2,7,5,9,0,3,0,2,,,13,19,3,1,0,0,1,1,24,25,7,17,6,2,27,18,2,0,71,60,50.0,48.0,21.0,12.0,10.0,10.0,391,338,281.0,231.0,148,92,133,139,30.0,20.0,3.0,6.0,0.25,1.95,0.19,1.29,0.06,0.66,0.25,1.95,0.14,0.72,0,1,1,7,3,4,2,4,0,3,0.0,0.4407,0.0569,1.7724,0.1355,0.0747,0.0565,0.103,0.0,0.0541,5,11,0,0,1,6,0,2,0,0,0.1919,1.7888,0.0,0.0,0.0569,0.5914,0.0,0.0647,0.0,0.0,6,19,19.42,19.1
3561746,2021-07-21,usa,2021,MLS,,,6514,New York Red Bulls,56453,Toronto FC,0,1,1,47,53,19,6,4,1,10,3,5,2,0,0,12,4,7,2,9,5,3,0,2,0,,,19,13,1,3,0,0,1,1,25,24,17,7,2,6,18,27,0,2,60,71,48.0,50.0,12.0,21.0,10.0,10.0,338,391,231.0,281.0,92,148,139,133,20.0,30.0,6.0,3.0,1.95,0.25,1.29,0.19,0.66,0.06,1.95,0.25,0.72,0.14,1,0,7,1,4,3,4,2,3,0,0.4407,0.0,1.7724,0.0569,0.0747,0.1355,0.103,0.0565,0.0541,0.0,11,5,0,0,6,1,2,0,0,0,1.7888,0.1919,0.0,0.0,0.5914,0.0569,0.0647,0.0,0.0,0.0,19,6,19.1,19.42
3561747,2021-07-21,usa,2021,MLS,,,546238,New York City FC,161195,CF Montreal,1,1,0,44,56,17,7,5,1,9,4,3,2,1,1,14,3,3,4,9,7,4,0,3,0,,,11,10,1,2,0,0,3,3,20,14,14,12,2,3,19,10,1,4,50,46,36.0,31.0,14.0,15.0,6.0,8.0,385,495,299.0,405.0,170,265,129,140,22.0,31.0,8.0,3.0,1.35,0.31,1.19,0.3,0.16,0.01,1.35,0.31,2.05,0.02,1,0,11,2,2,1,1,3,2,1,0.3351,0.0,0.8245,0.0929,0.142,0.0346,0.0105,0.1617,0.041,0.021,11,6,1,0,5,1,0,0,0,0,1.0681,0.2999,0.1246,0.0,0.1603,0.0102,0.0,0.0,0.0,0.0,17,7,15.6,19.25
3561747,2021-07-21,usa,2021,MLS,,,161195,CF Montreal,546238,New York City FC,0,0,1,56,44,7,17,1,5,4,9,2,3,1,1,3,14,4,3,7,9,0,4,0,3,,,10,11,2,1,0,0,3,3,14,20,12,14,3,2,10,19,4,1,46,50,31.0,36.0,15.0,14.0,8.0,6.0,495,385,405.0,299.0,265,170,140,129,31.0,22.0,3.0,8.0,0.31,1.35,0.3,1.19,0.01,0.16,0.31,1.35,0.02,2.05,0,1,2,11,1,2,3,1,1,2,0.0,0.3351,0.0929,0.8245,0.0346,0.142,0.1617,0.0105,0.021,0.041,6,11,0,1,1,5,0,0,0,0,0.2999,1.0681,0.0,0.1246,0.0102,0.1603,0.0,0.0,0.0,0.0,7,17,19.25,15.6
3561748,2021-07-21,usa,2021,MLS,,,307691,Vancouver Whitecaps,8259,Houston Dynamo FC,1,0,0,51,49,8,8,0,1,7,5,1,2,1,1,2,3,6,5,4,7,1,0,1,0,,,11,13,2,3,0,0,2,2,18,19,11,10,1,1,21,12,1,0,48,53,37.0,33.0,11.0,20.0,6.0,4.0,383,371,303.0,284.0,169,151,134,133,29.0,26.0,5.0,5.0,0.64,0.26,0.15,0.15,0.49,0.11,0.64,0.26,0.0,0.1,0,0,2,2,0,1,4,4,2,1,0.0,0.0,0.4,0.0491,0.0,0.0449,0.174,0.1287,0.0665,0.0386,4,4,0,1,2,2,2,1,0,0,0.1533,0.1103,0.0,0.0386,0.4,0.0491,0.0872,0.0633,0.0,0.0,8,8,20.06,20.99
3561748,2021-07-21,usa,2021,MLS,,,8259,Houston Dynamo FC,307691,Vancouver Whitecaps,0,0,0,49,51,8,8,1,0,5,7,2,1,1,1,3,2,5,6,7,4,0,1,0,1,,,13,11,3,2,0,0,2,2,19,18,10,11,1,1,12,21,0,1,53,48,33.0,37.0,20.0,11.0,4.0,6.0,371,383,284.0,303.0,151,169,133,134,26.0,29.0,5.0,5.0,0.26,0.64,0.15,0.15,0.11,0.49,0.26,0.64,0.1,0.0,0,0,2,2,1,0,4,4,1,2,0.0,0.0,0.0491,0.4,0.0449,0.0,0.1287,0.174,0.0386,0.0665,4,4,1,0,2,2,1,2,0,0,0.1103,0.1533,0.0386,0.0,0.0491,0.4,0.0633,0.0872,0.0,0.0,8,8,20.99,20.06
3561711,2021-07-22,usa,2021,MLS,,,722265,FC Cincinnati,773958,Atlanta United,1,1,1,44,56,14,22,6,9,4,7,4,6,1,1,8,12,6,10,6,12,1,3,1,3,26,28,10,9,3,2,0,0,3,1,11,17,3,10,6,3,21,12,8,5,46,55,36.0,38.0,10.0,17.0,17.0,12.0,379,467,301.0,392.0,180,190,121,202,26.0,34.0,2.0,6.0,1.16,1.43,1.1,1.19,0.06,0.24,1.16,1.43,2.37,2.39,0,1,4,8,4,3,5,7,1,3,0.0,0.0416,0.9034,0.7195,0.082,0.3333,0.154,0.2647,0.0266,0.0764,10,15,0,1,3,4,1,2,0,0,1.1019,1.1538,0.0,0.0375,0.0375,0.1082,0.0266,0.1359,0.0,0.0,14,22,18.78,19.56
3561711,2021-07-22,usa,2021,MLS,,,773958,Atlanta United,722265,FC Cincinnati,0,1,1,56,44,22,14,9,6,7,4,6,4,1,1,12,8,10,6,12,6,3,1,3,1,28,26,9,10,2,3,0,0,1,3,17,11,10,3,3,6,12,21,5,8,55,46,38.0,36.0,17.0,10.0,12.0,17.0,467,379,392.0,301.0,190,180,202,121,34.0,26.0,6.0,2.0,1.43,1.16,1.19,1.1,0.24,0.06,1.43,1.16,2.39,2.37,1,0,8,4,3,4,7,5,3,1,0.0416,0.0,0.7195,0.9034,0.3333,0.082,0.2647,0.154,0.0764,0.0266,15,10,1,0,4,3,2,1,0,0,1.1538,1.1019,0.0375,0.0,0.1082,0.0375,0.1359,0.0266,0.0,0.0,22,14,19.56,18.78
3561713,2021-07-22,usa,2021,MLS,,,6397,Chicago Fire FC,6602,DC United,1,2,2,52,48,9,12,2,6,6,4,1,2,0,0,6,9,3,3,1,3,0,2,0,1,,,12,16,2,2,0,0,0,0,16,17,6,19,2,1,9,14,4,1,62,52,47.0,35.0,15.0,17.0,16.0,7.0,486,452,377.0,367.0,199,217,178,150,19.0,46.0,7.0,7.0,0.39,2.18,0.28,1.35,0.11,0.05,0.39,1.39,0.55,1.85,0,0,6,8,0,1,2,2,1,1,0.0,0.0,0.308,1.7567,0.0,0.062,0.0668,0.0833,0.0144,0.021,6,10,0,0,1,1,2,0,0,1,0.2814,1.1083,0.0,0.0,0.0506,0.0263,0.0573,0.0,0.0,0.7884,9,12,14.85,15.59
3561713,2021-07-22,usa,2021,MLS,,,6602,DC United,6397,Chicago Fire FC,0,2,2,48,52,12,9,6,2,4,6,2,1,0,0,9,6,3,3,3,1,2,0,1,0,,,16,12,2,2,0,0,0,0,17,16,19,6,1,2,14,9,1,4,52,62,35.0,47.0,17.0,15.0,7.0,16.0,452,486,367.0,377.0,217,199,150,178,46.0,19.0,7.0,7.0,2.18,0.39,1.35,0.28,0.05,0.11,1.39,0.39,1.85,0.55,0,0,8,6,1,0,2,2,1,1,0.0,0.0,1.7567,0.308,0.062,0.0,0.0833,0.0668,0.021,0.0144,10,6,0,0,1,1,0,2,1,0,1.1083,0.2814,0.0,0.0,0.0263,0.0506,0.0,0.0573,0.7884,0.0,12,9,15.59,14.85
3561714,2021-07-22,usa,2021,MLS,,,6604,Sporting Kansas City,6603,San Jose Earthquakes,1,1,1,54,46,18,13,8,3,6,7,4,3,1,0,12,7,6,6,6,9,2,2,1,2,29,13,16,19,2,3,0,1,1,4,15,14,13,10,3,4,11,18,2,7,56,43,49.0,36.0,7.0,7.0,16.0,8.0,440,366,388.0,306.0,224,221,164,85,21.0,20.0,6.0,7.0,2.05,1.58,0.66,0.88,1.39,0.7,2.05,1.58,2.54,0.95,1,1,6,5,5,1,6,4,0,2,0.967,0.082,0.5791,1.3107,0.3508,0.0158,0.2191,0.1147,0.0,0.0589,10,5,0,0,2,5,6,3,0,0,0.6606,0.8847,0.0,0.0,0.0779,0.2589,1.3775,0.4385,0.0,0.0,18,13,17.13,17.79
3561714,2021-07-22,usa,2021,MLS,,,6603,San Jose Earthquakes,6604,Sporting Kansas City,0,1,1,46,54,13,18,3,8,7,6,3,4,0,1,7,12,6,6,9,6,2,2,2,1,13,29,19,16,3,2,1,0,4,1,14,15,10,13,4,3,18,11,7,2,43,56,36.0,49.0,7.0,7.0,8.0,16.0,366,440,306.0,388.0,221,224,85,164,20.0,21.0,7.0,6.0,1.58,2.05,0.88,0.66,0.7,1.39,1.58,2.05,0.95,2.54,1,1,5,6,1,5,4,6,2,0,0.082,0.967,1.3107,0.5791,0.0158,0.3508,0.1147,0.2191,0.0589,0.0,5,10,0,0,5,2,3,6,0,0,0.8847,0.6606,0.0,0.0,0.2589,0.0779,0.4385,1.3775,0.0,0.0,13,18,17.79,17.13
3561715,2021-07-22,usa,2021,MLS,,,8314,Colorado Rapids,6399,FC Dallas,1,2,0,44,56,9,10,4,2,3,5,2,3,0,0,3,5,6,5,5,2,2,1,1,1,,,15,12,2,2,0,0,0,1,14,13,13,12,3,2,14,24,3,2,51,43,43.0,37.0,8.0,6.0,17.0,10.0,424,531,352.0,462.0,176,296,176,166,39.0,16.0,1.0,2.0,0.82,0.65,0.37,0.38,0.44,0.27,0.82,0.65,1.42,0.17,1,1,1,2,1,2,3,1,3,4,0.3851,0.1805,0.0603,0.228,0.111,0.0604,0.1815,0.0217,0.0784,0.1603,5,6,2,1,1,2,1,1,0,0,0.2323,0.3509,0.1414,0.0328,0.3851,0.2382,0.0575,0.0289,0.0,0.0,9,10,19.87,20.8
3561715,2021-07-22,usa,2021,MLS,,,6399,FC Dallas,8314,Colorado Rapids,0,0,2,56,44,10,9,2,4,5,3,3,2,0,0,5,3,5,6,2,5,1,2,1,1,,,12,15,2,2,0,0,1,0,13,14,12,13,2,3,24,14,2,3,43,51,37.0,43.0,6.0,8.0,10.0,17.0,531,424,462.0,352.0,296,176,166,176,16.0,39.0,2.0,1.0,0.65,0.82,0.38,0.37,0.27,0.44,0.65,0.82,0.17,1.42,1,1,2,1,2,1,1,3,4,3,0.1805,0.3851,0.228,0.0603,0.0604,0.111,0.0217,0.1815,0.1603,0.0784,6,5,1,2,2,1,1,1,0,0,0.3509,0.2323,0.0328,0.1414,0.2382,0.3851,0.0289,0.0575,0.0,0.0,10,9,20.8,19.87
3561716,2021-07-22,usa,2021,MLS,,,6606,Real Salt Lake,6637,LA Galaxy,1,2,2,47,53,11,11,4,6,6,5,1,0,1,1,5,7,6,4,4,5,1,3,0,2,,,7,15,0,2,0,0,2,3,19,13,10,12,0,1,11,12,4,2,52,42,40.0,27.0,12.0,15.0,8.0,7.0,413,455,321.0,379.0,169,190,152,189,28.0,26.0,3.0,6.0,1.19,1.22,1.13,1.13,0.05,0.09,1.19,1.22,1.51,2.21,0,0,3,5,2,2,6,1,0,3,0.0,0.0,0.75,0.8097,0.1449,0.2481,0.2924,0.0518,0.0,0.136,6,8,2,0,3,3,0,0,0,0,0.9257,1.1538,0.2085,0.0,0.0531,0.0918,0.0,0.0,0.0,0.0,11,11,19.69,16.35
3561716,2021-07-22,usa,2021,MLS,,,6637,LA Galaxy,6606,Real Salt Lake,0,2,2,53,47,11,11,6,4,5,6,0,1,1,1,7,5,4,6,5,4,3,1,2,0,,,15,7,2,0,0,0,3,2,13,19,12,10,1,0,12,11,2,4,42,52,27.0,40.0,15.0,12.0,7.0,8.0,455,413,379.0,321.0,190,169,189,152,26.0,28.0,6.0,3.0,1.22,1.19,1.13,1.13,0.09,0.05,1.22,1.19,2.21,1.51,0,0,5,3,2,2,1,6,3,0,0.0,0.0,0.8097,0.75,0.2481,0.1449,0.0518,0.2924,0.136,0.0,8,6,0,2,3,3,0,0,0,0,1.1538,0.9257,0.0,0.2085,0.0918,0.0531,0.0,0.0,0.0,0.0,11,11,16.35,19.69
3561717,2021-07-22,usa,2021,MLS,,,307690,Portland Timbers,867280,Los Angeles FC,1,2,1,46,54,7,17,3,6,3,6,1,5,0,0,4,11,3,6,3,11,1,2,0,1,,,12,8,1,0,0,0,0,3,17,14,25,23,5,1,29,13,5,1,41,39,33.0,33.0,8.0,6.0,9.0,8.0,489,565,390.0,472.0,218,187,172,285,25.0,20.0,5.0,2.0,0.42,1.97,0.34,1.95,0.07,0.02,0.42,1.97,1.28,1.35,0,1,4,7,0,3,3,3,0,3,0.0,0.4186,0.3026,0.9667,0.0,0.137,0.1144,0.3534,0.0,0.0924,5,14,0,2,1,1,1,0,0,0,0.3436,1.4008,0.0,0.5459,0.0369,0.0214,0.0365,0.0,0.0,0.0,7,17,16.74,18.54
3561717,2021-07-22,usa,2021,MLS,,,867280,Los Angeles FC,307690,Portland Timbers,0,1,2,54,46,17,7,6,3,6,3,5,1,0,0,11,4,6,3,11,3,2,1,1,0,,,8,12,0,1,0,0,3,0,14,17,23,25,1,5,13,29,1,5,39,41,33.0,33.0,6.0,8.0,8.0,9.0,565,489,472.0,390.0,187,218,285,172,20.0,25.0,2.0,5.0,1.97,0.42,1.95,0.34,0.02,0.07,1.97,0.42,1.35,1.28,1,0,7,4,3,0,3,3,3,0,0.4186,0.0,0.9667,0.3026,0.137,0.0,0.3534,0.1144,0.0924,0.0,14,5,2,0,1,1,0,1,0,0,1.4008,0.3436,0.5459,0.0,0.0214,0.0369,0.0,0.0365,0.0,0.0,17,7,18.54,16.74
3561718,2021-07-22,usa,2021,MLS,,,267810,Orlando City,191716,Philadelphia Union,1,2,1,50,50,5,18,2,6,2,11,1,1,0,0,4,13,1,5,2,3,1,1,0,1,,,8,8,2,1,0,0,1,2,11,14,8,9,2,1,24,10,4,0,42,44,29.0,29.0,13.0,15.0,10.0,8.0,467,456,385.0,380.0,205,123,180,257,20.0,38.0,1.0,5.0,0.8,1.31,0.8,0.99,0.0,0.32,0.8,1.31,0.96,1.05,0,2,4,9,0,2,0,2,1,3,0.0,0.5556,0.771,0.6979,0.0,0.0637,0.0,0.0521,0.0289,0.055,5,15,0,0,0,2,0,1,0,0,0.8,1.2211,0.0,0.0,0.0,0.1696,0.0,0.0335,0.0,0.0,5,18,15.17,17.46
3561718,2021-07-22,usa,2021,MLS,,,191716,Philadelphia Union,267810,Orlando City,0,1,2,50,50,18,5,6,2,11,2,1,1,0,0,13,4,5,1,3,2,1,1,1,0,,,8,8,1,2,0,0,2,1,14,11,9,8,1,2,10,24,0,4,44,42,29.0,29.0,15.0,13.0,8.0,10.0,456,467,380.0,385.0,123,205,257,180,38.0,20.0,5.0,1.0,1.31,0.8,0.99,0.8,0.32,0.0,1.31,0.8,1.05,0.96,2,0,9,4,2,0,2,0,3,1,0.5556,0.0,0.6979,0.771,0.0637,0.0,0.0521,0.0,0.055,0.0289,15,5,0,0,2,0,1,0,0,0,1.2211,0.8,0.0,0.0,0.1696,0.0,0.0335,0.0,0.0,0.0,18,5,17.46,15.17
3561719,2021-07-23,usa,2021,MLS,,,1218886,Austin FC,130394,Seattle Sounders FC,1,0,1,75,25,13,10,3,3,7,5,3,2,0,0,7,6,6,4,5,2,2,1,2,1,,,7,15,2,2,0,0,1,3,10,19,6,17,2,3,6,27,2,3,37,45,27.0,33.0,10.0,12.0,5.0,7.0,737,251,656.0,181.0,267,112,389,69,38.0,21.0,6.0,3.0,0.92,0.4,0.54,0.35,0.39,0.06,0.92,0.4,0.41,0.42,1,0,5,2,1,4,1,3,5,1,0.0907,0.0,0.608,0.0769,0.0798,0.2157,0.0314,0.0532,0.1135,0.0558,10,8,0,1,1,0,2,1,0,0,0.5362,0.2916,0.0,0.0542,0.2572,0.0,0.1301,0.0558,0.0,0.0,13,10,19.19,21.09
3561719,2021-07-23,usa,2021,MLS,,,130394,Seattle Sounders FC,1218886,Austin FC,0,1,0,25,75,10,13,3,3,5,7,2,3,0,0,6,7,4,6,2,5,1,2,1,2,,,15,7,2,2,0,0,3,1,19,10,17,6,3,2,27,6,3,2,45,37,33.0,27.0,12.0,10.0,7.0,5.0,251,737,181.0,656.0,112,267,69,389,21.0,38.0,3.0,6.0,0.4,0.92,0.35,0.54,0.06,0.39,0.4,0.92,0.42,0.41,0,1,2,5,4,1,3,1,1,5,0.0,0.0907,0.0769,0.608,0.2157,0.0798,0.0532,0.0314,0.0558,0.1135,8,10,1,0,0,1,1,2,0,0,0.2916,0.5362,0.0542,0.0,0.0,0.2572,0.0558,0.1301,0.0,0.0,10,13,21.09,19.19
3561720,2021-07-24,usa,2021,MLS,,,773958,Atlanta United,6001,Columbus Crew,1,0,1,58,42,19,10,5,3,8,5,6,2,0,1,12,7,7,3,11,4,2,2,2,1,39,15,10,13,0,2,0,0,1,1,18,20,10,11,2,6,10,36,2,5,59,51,42.0,38.0,17.0,13.0,12.0,8.0,475,370,411.0,301.0,145,156,266,145,30.0,31.0,6.0,3.0,1.58,1.28,1.4,0.98,0.18,0.3,1.58,1.28,1.08,0.98,1,1,10,5,1,1,5,0,2,3,0.0876,0.2407,1.1565,0.871,0.0359,0.0915,0.2633,0.0,0.0356,0.0772,13,5,2,3,4,2,0,0,0,0,1.092,0.2645,0.3091,0.7177,0.1777,0.2982,0.0,0.0,0.0,0.0,19,10,17.3,16.95
3561720,2021-07-24,usa,2021,MLS,,,6001,Columbus Crew,773958,Atlanta United,0,1,0,42,58,10,19,3,5,5,8,2,6,1,0,7,12,3,7,4,11,2,2,1,2,15,39,13,10,2,0,0,0,1,1,20,18,11,10,6,2,36,10,5,2,51,59,38.0,42.0,13.0,17.0,8.0,12.0,370,475,301.0,411.0,156,145,145,266,31.0,30.0,3.0,6.0,1.28,1.58,0.98,1.4,0.3,0.18,1.28,1.58,0.98,1.08,1,1,5,10,1,1,0,5,3,2,0.2407,0.0876,0.871,1.1565,0.0915,0.0359,0.0,0.2633,0.0772,0.0356,5,13,3,2,2,4,0,0,0,0,0.2645,1.092,0.7177,0.3091,0.2982,0.1777,0.0,0.0,0.0,0.0,10,19,16.95,17.3
3561721,2021-07-25,usa,2021,MLS,,,207242,Minnesota United,307690,Portland Timbers,1,2,1,56,44,28,8,6,3,15,3,7,2,0,0,20,5,8,3,10,4,3,0,2,0,,,19,14,1,0,0,0,0,0,10,17,10,21,2,7,11,17,2,4,42,53,35.0,46.0,7.0,7.0,12.0,12.0,457,365,391.0,270.0,155,120,236,150,21.0,26.0,8.0,5.0,2.12,0.38,1.2,0.18,0.93,0.21,2.12,0.38,1.5,0.4,1,0,12,5,7,0,6,1,2,2,0.3244,0.0,1.2522,0.3174,0.2654,0.0,0.2382,0.0121,0.0418,0.0541,19,4,0,0,6,3,3,1,0,0,1.1962,0.1757,0.0,0.0,0.6802,0.1742,0.2457,0.0337,0.0,0.0,28,8,16.73,17.34
3561721,2021-07-25,usa,2021,MLS,,,307690,Portland Timbers,207242,Minnesota United,0,1,2,44,56,8,28,3,6,3,15,2,7,0,0,5,20,3,8,4,10,0,3,0,2,,,14,19,0,1,0,0,0,0,17,10,21,10,7,2,17,11,4,2,53,42,46.0,35.0,7.0,7.0,12.0,12.0,365,457,270.0,391.0,120,155,150,236,26.0,21.0,5.0,8.0,0.38,2.12,0.18,1.2,0.21,0.93,0.38,2.12,0.4,1.5,0,1,5,12,0,7,1,6,2,2,0.0,0.3244,0.3174,1.2522,0.0,0.2654,0.0121,0.2382,0.0541,0.0418,4,19,0,0,3,6,1,3,0,0,0.1757,1.1962,0.0,0.0,0.1742,0.6802,0.0337,0.2457,0.0,0.0,8,28,17.34,16.73
3561722,2021-07-25,usa,2021,MLS,,,6399,FC Dallas,6637,LA Galaxy,1,4,0,49,51,12,16,5,3,2,10,5,3,0,0,5,9,7,7,3,9,2,1,0,1,,,10,15,2,3,0,0,0,1,8,18,14,17,3,5,19,8,3,1,34,44,30.0,37.0,4.0,7.0,7.0,10.0,453,457,377.0,388.0,234,197,143,191,26.0,19.0,2.0,5.0,1.59,1.1,1.47,0.66,0.12,0.44,1.59,1.1,2.48,1.0,0,1,4,8,1,0,7,7,0,0,0.0,0.2131,1.2864,0.6501,0.0158,0.0,0.2877,0.2339,0.0,0.0,9,10,0,0,3,4,0,2,0,0,1.4665,0.6612,0.0,0.0,0.1233,0.3942,0.0,0.0417,0.0,0.0,12,16,19.22,18.28
3561722,2021-07-25,usa,2021,MLS,,,6637,LA Galaxy,6399,FC Dallas,0,0,4,51,49,16,12,3,5,10,2,3,5,0,0,9,5,7,7,9,3,1,2,1,0,,,15,10,3,2,0,0,1,0,18,8,17,14,5,3,8,19,1,3,44,34,37.0,30.0,7.0,4.0,10.0,7.0,457,453,388.0,377.0,197,234,191,143,19.0,26.0,5.0,2.0,1.1,1.59,0.66,1.47,0.44,0.12,1.1,1.59,1.0,2.48,1,0,8,4,0,1,7,7,0,0,0.2131,0.0,0.6501,1.2864,0.0,0.0158,0.2339,0.2877,0.0,0.0,10,9,0,0,4,3,2,0,0,0,0.6612,1.4665,0.0,0.0,0.3942,0.1233,0.0417,0.0,0.0,0.0,16,12,18.28,19.22
3561723,2021-07-25,usa,2021,MLS,,,915807,Nashville SC,722265,FC Cincinnati,1,3,0,34,66,8,7,4,0,3,5,1,2,0,0,6,3,2,4,3,5,1,0,0,0,,,14,15,2,2,0,0,1,0,16,16,14,17,2,1,15,12,0,1,43,46,35.0,39.0,8.0,7.0,5.0,9.0,330,653,255.0,588.0,152,335,103,253,22.0,40.0,3.0,1.0,1.04,0.44,0.96,0.21,0.08,0.22,1.04,0.44,1.59,0.0,1,0,3,3,2,0,2,1,0,3,0.6664,0.0,0.2132,0.2952,0.0484,0.0,0.1114,0.0463,0.0,0.0945,6,4,0,0,1,1,1,2,0,0,0.9565,0.2114,0.0,0.0,0.019,0.0269,0.0639,0.1976,0.0,0.0,8,7,13.37,19.7
3561723,2021-07-25,usa,2021,MLS,,,722265,FC Cincinnati,915807,Nashville SC,0,0,3,66,34,7,8,0,4,5,3,2,1,0,0,3,6,4,2,5,3,0,1,0,0,,,15,14,2,2,0,0,0,1,16,16,17,14,1,2,12,15,1,0,46,43,39.0,35.0,7.0,8.0,9.0,5.0,653,330,588.0,255.0,335,152,253,103,40.0,22.0,1.0,3.0,0.44,1.04,0.21,0.96,0.22,0.08,0.44,1.04,0.0,1.59,0,1,3,3,0,2,1,2,3,0,0.0,0.6664,0.2952,0.2132,0.0,0.0484,0.0463,0.1114,0.0945,0.0,4,6,0,0,1,1,2,1,0,0,0.2114,0.9565,0.0,0.0,0.0269,0.019,0.1976,0.0639,0.0,0.0,7,8,19.7,13.37
3561724,2021-07-25,usa,2021,MLS,,,6606,Real Salt Lake,8314,Colorado Rapids,1,3,0,42,58,5,9,2,2,2,6,1,1,0,0,4,7,1,2,2,6,3,0,1,0,,,9,10,2,3,0,0,1,1,14,11,6,11,2,1,16,9,1,0,41,38,30.0,24.0,11.0,14.0,7.0,5.0,338,454,260.0,385.0,161,210,99,175,20.0,39.0,3.0,5.0,0.81,0.32,0.67,0.22,0.15,0.11,0.81,0.32,1.58,0.08,0,0,3,2,1,5,1,2,0,0,0.0,0.0,0.6398,0.0278,0.122,0.2026,0.053,0.0934,0.0,0.0,2,6,1,0,0,1,2,2,0,0,0.4326,0.2166,0.236,0.0,0.0,0.0166,0.1462,0.0906,0.0,0.0,5,9,13.7,17.34
3561724,2021-07-25,usa,2021,MLS,,,8314,Colorado Rapids,6606,Real Salt Lake,0,0,3,58,42,9,5,2,2,6,2,1,1,0,0,7,4,2,1,6,2,0,3,0,1,,,10,9,3,2,0,0,1,1,11,14,11,6,1,2,9,16,0,1,38,41,24.0,30.0,14.0,11.0,5.0,7.0,454,338,385.0,260.0,210,161,175,99,39.0,20.0,5.0,3.0,0.32,0.81,0.22,0.67,0.11,0.15,0.32,0.81,0.08,1.58,0,0,2,3,5,1,2,1,0,0,0.0,0.0,0.0278,0.6398,0.2026,0.122,0.0934,0.053,0.0,0.0,6,2,0,1,1,0,2,2,0,0,0.2166,0.4326,0.0,0.236,0.0166,0.0,0.0906,0.1462,0.0,0.0,9,5,17.34,13.7
3561725,2021-07-25,usa,2021,MLS,,,6603,San Jose Earthquakes,8259,Houston Dynamo FC,1,1,1,65,35,12,10,2,5,5,4,5,1,0,0,7,5,5,5,3,5,0,0,0,0,19,18,12,19,1,5,1,0,1,1,16,15,10,13,1,5,19,15,4,2,66,45,48.0,35.0,18.0,10.0,14.0,8.0,479,260,402.0,174.0,247,86,155,88,28.0,16.0,6.0,4.0,0.86,0.44,0.66,0.42,0.21,0.02,0.86,0.44,0.09,0.84,1,0,4,3,2,2,3,5,2,0,0.0888,0.0,0.4801,0.189,0.0951,0.0761,0.1333,0.1729,0.0677,0.0,6,9,1,0,3,0,2,1,0,0,0.3999,0.4178,0.2584,0.0,0.0657,0.0,0.1409,0.0202,0.0,0.0,12,10,16.74,20.5
3561725,2021-07-25,usa,2021,MLS,,,8259,Houston Dynamo FC,6603,San Jose Earthquakes,0,1,1,35,65,10,12,5,2,4,5,1,5,0,0,5,7,5,5,5,3,0,0,0,0,18,19,19,12,5,1,0,1,1,1,15,16,13,10,5,1,15,19,2,4,45,66,35.0,48.0,10.0,18.0,8.0,14.0,260,479,174.0,402.0,86,247,88,155,16.0,28.0,4.0,6.0,0.44,0.86,0.42,0.66,0.02,0.21,0.44,0.86,0.84,0.09,0,1,3,4,2,2,5,3,0,2,0.0,0.0888,0.189,0.4801,0.0761,0.0951,0.1729,0.1333,0.0,0.0677,9,6,0,1,0,3,1,2,0,0,0.4178,0.3999,0.0,0.2584,0.0,0.0657,0.0202,0.1409,0.0,0.0,10,12,20.5,16.74
3561726,2021-07-25,usa,2021,MLS,,,960720,Inter Miami CF,191716,Philadelphia Union,1,1,1,54,46,15,11,6,4,8,6,1,1,0,0,9,5,6,6,6,2,2,2,1,1,21,17,5,13,0,1,0,0,4,1,9,13,14,12,1,1,10,25,3,5,34,36,27.0,25.0,7.0,11.0,5.0,7.0,448,387,386.0,337.0,179,139,207,198,32.0,41.0,5.0,3.0,0.92,1.64,0.77,1.62,0.15,0.02,0.92,1.64,1.28,1.21,2,1,3,2,4,2,2,4,4,2,0.3411,0.9738,0.1061,0.4313,0.3121,0.0866,0.0639,0.1243,0.0965,0.0493,11,10,0,0,3,0,1,1,0,0,0.7742,1.6427,0.0,0.0,0.1105,0.0,0.035,0.0225,0.0,0.0,15,11,18.34,19.16
3561726,2021-07-25,usa,2021,MLS,,,191716,Philadelphia Union,960720,Inter Miami CF,0,1,1,46,54,11,15,4,6,6,8,1,1,0,0,5,9,6,6,2,6,2,2,1,1,17,21,13,5,1,0,0,0,1,4,13,9,12,14,1,1,25,10,5,3,36,34,25.0,27.0,11.0,7.0,7.0,5.0,387,448,337.0,386.0,139,179,198,207,41.0,32.0,3.0,5.0,1.64,0.92,1.62,0.77,0.02,0.15,1.64,0.92,1.21,1.28,1,2,2,3,2,4,4,2,2,4,0.9738,0.3411,0.4313,0.1061,0.0866,0.3121,0.1243,0.0639,0.0493,0.0965,10,11,0,0,0,3,1,1,0,0,1.6427,0.7742,0.0,0.0,0.0,0.1105,0.0225,0.035,0.0,0.0,11,15,19.16,18.34
3561727,2021-07-25,usa,2021,MLS,,,546238,New York City FC,267810,Orlando City,1,5,0,61,39,23,5,15,3,8,1,0,1,1,0,18,3,5,2,6,5,8,1,5,1,,,15,10,1,2,0,0,2,2,16,7,13,11,1,1,15,25,3,9,50,44,38.0,30.0,12.0,14.0,12.0,8.0,498,309,419.0,231.0,180,147,239,84,34.0,29.0,3.0,1.0,4.36,0.71,4.19,0.71,0.17,0.0,4.36,0.71,5.48,0.48,3,0,10,2,5,1,1,2,4,0,2.3839,0.0,2.5682,0.6116,0.1118,0.0332,0.0326,0.0633,0.1076,0.0,18,5,2,0,3,0,0,0,0,0,4.0167,0.7081,1.0136,0.0,0.1738,0.0,0.0,0.0,0.0,0.0,23,5,15.5,16.92
3561727,2021-07-25,usa,2021,MLS,,,267810,Orlando City,546238,New York City FC,0,0,5,39,61,5,23,3,15,1,8,1,0,0,1,3,18,2,5,5,6,1,8,1,5,,,10,15,2,1,0,0,2,2,7,16,11,13,1,1,25,15,9,3,44,50,30.0,38.0,14.0,12.0,8.0,12.0,309,498,231.0,419.0,147,180,84,239,29.0,34.0,1.0,3.0,0.71,4.36,0.71,4.19,0.0,0.17,0.71,4.36,0.48,5.48,0,3,2,10,1,5,2,1,0,4,0.0,2.3839,0.6116,2.5682,0.0332,0.1118,0.0633,0.0326,0.0,0.1076,5,18,0,2,0,3,0,0,0,0,0.7081,4.0167,0.0,1.0136,0.0,0.1738,0.0,0.0,0.0,0.0,5,23,16.92,15.5
3561749,2021-07-25,usa,2021,MLS,,,6397,Chicago Fire FC,56453,Toronto FC,1,1,2,56,44,31,8,14,3,14,4,3,1,0,0,23,4,8,4,13,1,6,1,6,0,,,6,8,1,1,0,0,4,4,14,9,9,7,1,1,4,43,1,13,46,39,28.0,27.0,18.0,12.0,7.0,12.0,416,350,366.0,284.0,116,159,250,125,28.0,24.0,12.0,0.0,3.57,0.6,3.38,0.54,0.19,0.06,3.57,0.6,3.73,1.27,1,0,17,1,5,3,5,3,3,1,0.3211,0.0,2.4791,0.0844,0.4532,0.3285,0.2195,0.137,0.0947,0.0451,25,6,1,0,4,0,1,2,0,0,3.1835,0.539,0.1988,0.0,0.154,0.0,0.0314,0.056,0.0,0.0,31,8,14.45,19.43
3561749,2021-07-25,usa,2021,MLS,,,56453,Toronto FC,6397,Chicago Fire FC,0,2,1,44,56,8,31,3,14,4,14,1,3,0,0,4,23,4,8,1,13,1,6,0,6,,,8,6,1,1,0,0,4,4,9,14,7,9,1,1,43,4,13,1,39,46,27.0,28.0,12.0,18.0,12.0,7.0,350,416,284.0,366.0,159,116,125,250,24.0,28.0,0.0,12.0,0.6,3.57,0.54,3.38,0.06,0.19,0.6,3.57,1.27,3.73,0,1,1,17,3,5,3,5,1,3,0.0,0.3211,0.0844,2.4791,0.3285,0.4532,0.137,0.2195,0.0451,0.0947,6,25,0,1,0,4,2,1,0,0,0.539,3.1835,0.0,0.1988,0.0,0.154,0.056,0.0314,0.0,0.0,8,31,19.43,14.45
3561750,2021-07-25,usa,2021,MLS,,,867280,Los Angeles FC,307691,Vancouver Whitecaps,1,2,2,55,45,10,5,5,3,1,1,4,1,0,0,5,3,5,2,5,5,1,1,0,0,,,15,20,2,4,0,0,2,3,18,22,18,12,1,4,15,19,2,3,47,52,40.0,47.0,7.0,5.0,4.0,11.0,528,413,425.0,313.0,195,172,230,141,26.0,29.0,2.0,2.0,1.04,1.08,0.93,0.95,0.11,0.12,1.04,1.08,1.68,1.68,0,1,4,1,1,1,4,1,1,1,0.0,0.9183,0.818,0.1107,0.0213,0.017,0.1675,0.0126,0.0329,0.0184,8,2,0,1,0,1,2,1,0,0,0.9296,0.9367,0.0,0.017,0.0,0.0126,0.1102,0.1107,0.0,0.0,10,5,20.14,16.29
3561750,2021-07-25,usa,2021,MLS,,,307691,Vancouver Whitecaps,867280,Los Angeles FC,0,2,2,45,55,5,10,3,5,1,1,1,4,0,0,3,5,2,5,5,5,1,1,0,0,,,20,15,4,2,0,0,3,2,22,18,12,18,4,1,19,15,3,2,52,47,47.0,40.0,5.0,7.0,11.0,4.0,413,528,313.0,425.0,172,195,141,230,29.0,26.0,2.0,2.0,1.08,1.04,0.95,0.93,0.12,0.11,1.08,1.04,1.68,1.68,1,0,1,4,1,1,1,4,1,1,0.9183,0.0,0.1107,0.818,0.017,0.0213,0.0126,0.1675,0.0184,0.0329,2,8,1,0,1,0,1,2,0,0,0.9367,0.9296,0.017,0.0,0.0126,0.0,0.1107,0.1102,0.0,0.0,5,10,16.29,20.14
3561751,2021-07-25,usa,2021,MLS,,,6580,New England Revolution,161195,CF Montreal,1,2,1,41,59,13,20,4,4,6,8,3,8,0,0,7,9,6,11,2,4,1,3,1,3,,,14,7,2,0,0,0,4,1,17,14,12,8,7,3,14,12,3,2,44,49,32.0,36.0,12.0,13.0,9.0,8.0,338,484,256.0,397.0,119,199,137,198,27.0,30.0,2.0,3.0,1.29,1.74,1.05,1.16,0.24,0.58,1.29,1.74,0.51,0.87,0,1,6,5,1,3,3,9,3,2,0.0,0.06,0.9844,1.1492,0.0365,0.1089,0.1678,0.3858,0.0986,0.0372,10,15,0,0,1,2,2,3,0,0,1.0512,1.1575,0.0,0.0,0.1672,0.0892,0.0689,0.4943,0.0,0.0,13,20,19.29,20.18
3561751,2021-07-25,usa,2021,MLS,,,161195,CF Montreal,6580,New England Revolution,0,1,2,59,41,20,13,4,4,8,6,8,3,0,0,9,7,11,6,4,2,3,1,3,1,,,7,14,0,2,0,0,1,4,14,17,8,12,3,7,12,14,2,3,49,44,36.0,32.0,13.0,12.0,8.0,9.0,484,338,397.0,256.0,199,119,198,137,30.0,27.0,3.0,2.0,1.74,1.29,1.16,1.05,0.58,0.24,1.74,1.29,0.87,0.51,1,0,5,6,3,1,9,3,2,3,0.06,0.0,1.1492,0.9844,0.1089,0.0365,0.3858,0.1678,0.0372,0.0986,15,10,0,0,2,1,3,2,0,0,1.1575,1.0512,0.0,0.0,0.0892,0.1672,0.4943,0.0689,0.0,0.0,20,13,20.18,19.29
3561728,2021-07-26,usa,2021,MLS,,,6602,DC United,6514,New York Red Bulls,1,1,0,40,60,8,4,2,1,4,3,2,0,0,0,5,2,3,2,2,6,3,0,2,0,,,11,15,3,4,0,0,2,1,23,23,19,12,0,2,27,14,1,1,61,64,42.0,46.0,19.0,18.0,5.0,15.0,260,388,164.0,283.0,72,125,92,158,28.0,33.0,3.0,5.0,1.2,0.13,1.14,0.06,0.06,0.06,1.2,0.13,1.11,0.16,0,0,4,2,1,0,2,2,1,0,0.0,0.0,1.1291,0.1073,0.0153,0.0,0.0471,0.0196,0.0077,0.0,5,3,0,0,2,1,1,0,0,0,1.1419,0.0631,0.0,0.0,0.0229,0.0638,0.0343,0.0,0.0,0.0,8,4,22.12,24.32
3561728,2021-07-26,usa,2021,MLS,,,6514,New York Red Bulls,6602,DC United,0,0,1,60,40,4,8,1,2,3,4,0,2,0,0,2,5,2,3,6,2,0,3,0,2,,,15,11,4,3,0,0,1,2,23,23,12,19,2,0,14,27,1,1,64,61,46.0,42.0,18.0,19.0,15.0,5.0,388,260,283.0,164.0,125,72,158,92,33.0,28.0,5.0,3.0,0.13,1.2,0.06,1.14,0.06,0.06,0.13,1.2,0.16,1.11,0,0,2,4,0,1,2,2,0,1,0.0,0.0,0.1073,1.1291,0.0,0.0153,0.0196,0.0471,0.0,0.0077,3,5,0,0,1,2,0,1,0,0,0.0631,1.1419,0.0,0.0,0.0638,0.0229,0.0,0.0343,0.0,0.0,4,8,24.32,22.12
3561729,2021-07-26,usa,2021,MLS,,,130394,Seattle Sounders FC,6604,Sporting Kansas City,1,1,3,49,51,13,7,6,4,5,1,2,2,1,0,8,2,5,5,6,3,2,2,2,1,,,12,16,2,1,0,0,1,2,21,22,16,20,2,2,9,26,1,5,51,49,41.0,39.0,10.0,10.0,6.0,7.0,487,515,387.0,436.0,256,261,131,175,14.0,37.0,5.0,2.0,0.71,1.21,0.53,1.14,0.18,0.07,0.71,1.21,1.14,1.82,1,1,5,1,2,0,3,4,2,1,0.0788,0.4946,0.4139,0.3089,0.0458,0.0,0.063,0.3352,0.1067,0.0721,8,5,0,1,3,0,2,1,0,0,0.532,0.9312,0.0,0.2074,0.1025,0.0,0.0737,0.0721,0.0,0.0,13,7,17.59,17.5
3561729,2021-07-26,usa,2021,MLS,,,6604,Sporting Kansas City,130394,Seattle Sounders FC,0,3,1,51,49,7,13,4,6,1,5,2,2,0,1,2,8,5,5,3,6,2,2,1,2,,,16,12,1,2,0,0,2,1,22,21,20,16,2,2,26,9,5,1,49,51,39.0,41.0,10.0,10.0,7.0,6.0,515,487,436.0,387.0,261,256,175,131,37.0,14.0,2.0,5.0,1.21,0.71,1.14,0.53,0.07,0.18,1.21,0.71,1.82,1.14,1,1,1,5,0,2,4,3,1,2,0.4946,0.0788,0.3089,0.4139,0.0,0.0458,0.3352,0.063,0.0721,0.1067,5,8,1,0,0,3,1,2,0,0,0.9312,0.532,0.2074,0.0,0.0,0.1025,0.0721,0.0737,0.0,0.0,7,13,17.5,17.59
3561730,2021-07-29,usa,2021,MLS,,,867280,Los Angeles FC,207242,Minnesota United,1,2,2,59,41,19,7,5,5,9,2,5,0,0,0,15,4,4,3,6,2,4,2,3,2,,,8,15,0,2,0,0,2,2,25,34,11,16,0,5,12,20,3,3,80,69,57.0,53.0,23.0,16.0,18.0,12.0,584,400,464.0,294.0,179,139,285,155,24.0,24.0,3.0,3.0,1.81,1.15,1.61,0.9,0.2,0.25,1.81,1.15,2.01,2.77,0,1,7,2,8,1,3,2,1,1,0.0,0.2519,1.4283,0.7785,0.308,0.0255,0.0589,0.0631,0.0164,0.0472,13,6,1,0,3,0,2,1,0,0,1.3068,0.9142,0.3078,0.0,0.1668,0.0,0.0301,0.2519,0.0,0.0,19,7,16.36,15.2
3561730,2021-07-29,usa,2021,MLS,,,207242,Minnesota United,867280,Los Angeles FC,0,2,2,41,59,7,19,5,5,2,9,0,5,0,0,4,15,3,4,2,6,2,4,2,3,,,15,8,2,0,0,0,2,2,34,25,16,11,5,0,20,12,3,3,69,80,53.0,57.0,16.0,23.0,12.0,18.0,400,584,294.0,464.0,139,179,155,285,24.0,24.0,3.0,3.0,1.15,1.81,0.9,1.61,0.25,0.2,1.15,1.81,2.77,2.01,1,0,2,7,1,8,2,3,1,1,0.2519,0.0,0.7785,1.4283,0.0255,0.308,0.0631,0.0589,0.0472,0.0164,6,13,0,1,0,3,1,2,0,0,0.9142,1.3068,0.0,0.3078,0.0,0.1668,0.2519,0.0301,0.0,0.0,7,19,15.2,16.36
3561753,2021-07-30,usa,2021,MLS,,,546238,New York City FC,6001,Columbus Crew,1,4,1,44,56,24,9,9,1,11,5,4,3,0,0,17,5,7,4,5,6,8,1,5,0,,,15,3,4,1,0,0,3,1,18,17,13,9,3,4,10,6,0,5,42,49,28.0,44.0,14.0,5.0,7.0,12.0,365,455,299.0,373.0,152,242,147,131,16.0,33.0,7.0,3.0,3.26,1.55,3.07,0.7,0.18,0.06,3.26,0.76,4.15,1.0,6,0,10,4,1,1,5,3,2,1,2.4649,0.0,0.9117,1.411,0.1172,0.0341,0.2181,0.0723,0.0405,0.0327,20,6,0,0,4,1,0,1,0,1,3.5678,0.6986,0.0,0.0,0.1846,0.0303,0.0,0.0327,0.0,0.7884,24,9,15.83,19.68
3561753,2021-07-30,usa,2021,MLS,,,6001,Columbus Crew,546238,New York City FC,0,1,4,56,44,9,24,1,9,5,11,3,4,0,0,5,17,4,7,6,5,1,8,0,5,,,3,15,1,4,0,0,1,3,17,18,9,13,4,3,6,10,5,0,49,42,44.0,28.0,5.0,14.0,12.0,7.0,455,365,373.0,299.0,242,152,131,147,33.0,16.0,3.0,7.0,1.55,3.26,0.7,3.07,0.06,0.18,0.76,3.26,1.0,4.15,0,6,4,10,1,1,3,5,1,2,0.0,2.4649,1.411,0.9117,0.0341,0.1172,0.0723,0.2181,0.0327,0.0405,6,20,0,0,1,4,1,0,1,0,0.6986,3.5678,0.0,0.0,0.0303,0.1846,0.0327,0.0,0.7884,0.0,9,24,19.68,15.83
3561754,2021-07-31,usa,2021,MLS,,,267810,Orlando City,773958,Atlanta United,1,3,2,49,51,15,6,9,3,5,2,1,1,0,0,12,4,3,2,6,4,5,1,3,1,31,12,9,13,1,1,0,0,0,3,12,13,12,8,1,1,7,12,1,6,38,39,30.0,30.0,8.0,9.0,7.0,8.0,462,481,407.0,409.0,206,254,201,155,35.0,30.0,7.0,2.0,2.42,0.48,2.24,0.39,0.18,0.09,2.42,0.48,2.63,0.99,1,0,9,4,2,0,1,1,2,1,0.9526,0.0,1.7887,0.42,0.0928,0.0,0.0299,0.0291,0.036,0.0336,11,4,0,0,4,2,0,0,0,0,2.719,0.3885,0.0,0.0,0.1811,0.0941,0.0,0.0,0.0,0.0,15,6,12.92,15.94
3561754,2021-07-31,usa,2021,MLS,,,773958,Atlanta United,267810,Orlando City,0,2,3,51,49,6,15,3,9,2,5,1,1,0,0,4,12,2,3,4,6,1,5,1,3,12,31,13,9,1,1,0,0,3,0,13,12,8,12,1,1,12,7,6,1,39,38,30.0,30.0,9.0,8.0,8.0,7.0,481,462,409.0,407.0,254,206,155,201,30.0,35.0,2.0,7.0,0.48,2.42,0.39,2.24,0.09,0.18,0.48,2.42,0.99,2.63,0,1,4,9,0,2,1,1,1,2,0.0,0.9526,0.42,1.7887,0.0,0.0928,0.0291,0.0299,0.0336,0.036,4,11,0,0,2,4,0,0,0,0,0.3885,2.719,0.0,0.0,0.0941,0.1811,0.0,0.0,0.0,0.0,6,15,15.94,12.92
3561755,2021-07-31,usa,2021,MLS,,,6637,LA Galaxy,307690,Portland Timbers,1,4,1,54,46,19,12,6,4,8,5,5,3,0,0,12,8,7,4,3,4,4,2,1,2,,,8,15,1,3,0,0,3,1,13,20,13,11,3,5,21,12,3,2,54,41,40.0,30.0,14.0,11.0,12.0,2.0,572,481,493.0,390.0,251,213,242,177,39.0,28.0,6.0,2.0,2.68,0.89,1.8,0.8,0.09,0.09,1.89,0.89,3.46,0.95,2,1,7,5,3,2,5,3,2,1,0.9833,0.2247,1.4456,0.4681,0.1062,0.0545,0.1097,0.1259,0.0353,0.0145,14,9,1,0,3,3,0,0,1,0,1.029,0.8008,0.769,0.0,0.0936,0.0868,0.0,0.0,0.7884,0.0,19,12,18.83,16.63
3561755,2021-07-31,usa,2021,MLS,,,307690,Portland Timbers,6637,LA Galaxy,0,1,4,46,54,12,19,4,6,5,8,3,5,0,0,8,12,4,7,4,3,2,4,2,1,,,15,8,3,1,0,0,1,3,20,13,11,13,5,3,12,21,2,3,41,54,30.0,40.0,11.0,14.0,2.0,12.0,481,572,390.0,493.0,213,251,177,242,28.0,39.0,2.0,6.0,0.89,2.68,0.8,1.8,0.09,0.09,0.89,1.89,0.95,3.46,1,2,5,7,2,3,3,5,1,2,0.2247,0.9833,0.4681,1.4456,0.0545,0.1062,0.1259,0.1097,0.0145,0.0353,9,14,0,1,3,3,0,0,0,1,0.8008,1.029,0.0,0.769,0.0868,0.0936,0.0,0.0,0.0,0.7884,12,19,16.63,18.83
3561756,2021-07-31,usa,2021,MLS,,,6514,New York Red Bulls,6580,New England Revolution,1,2,3,52,48,14,20,3,8,6,9,5,3,0,1,8,13,6,7,5,4,1,5,0,4,,,18,10,2,2,0,0,0,1,17,22,15,18,2,5,19,36,5,1,48,65,34.0,48.0,14.0,17.0,8.0,12.0,357,335,262.0,233.0,87,108,175,125,28.0,34.0,7.0,10.0,0.84,2.8,0.78,2.48,0.06,0.32,0.84,2.8,1.05,3.83,0,3,5,10,3,0,4,7,2,0,0.0,1.015,0.485,1.5609,0.1382,0.0,0.1425,0.3429,0.0789,0.0,12,16,0,0,2,2,0,2,0,0,0.7815,2.6008,0.0,0.0,0.0631,0.165,0.0,0.153,0.0,0.0,14,20,16.47,14.48
3561756,2021-07-31,usa,2021,MLS,,,6580,New England Revolution,6514,New York Red Bulls,0,3,2,48,52,20,14,8,3,9,6,3,5,1,0,13,8,7,6,4,5,5,1,4,0,,,10,18,2,2,0,0,1,0,22,17,18,15,5,2,36,19,1,5,65,48,48.0,34.0,17.0,14.0,12.0,8.0,335,357,233.0,262.0,108,87,125,175,34.0,28.0,10.0,7.0,2.8,0.84,2.48,0.78,0.32,0.06,2.8,0.84,3.83,1.05,3,0,10,5,0,3,7,4,0,2,1.015,0.0,1.5609,0.485,0.0,0.1382,0.3429,0.1425,0.0,0.0789,16,12,0,0,2,2,2,0,0,0,2.6008,0.7815,0.0,0.0,0.165,0.0631,0.153,0.0,0.0,0.0,20,14,14.48,16.47
3561757,2021-07-31,usa,2021,MLS,,,722265,FC Cincinnati,6602,DC United,1,0,0,69,31,12,9,3,3,7,4,2,2,0,0,8,6,4,3,4,2,2,0,2,0,,,15,15,3,2,0,2,3,2,11,10,12,16,2,2,6,18,3,3,47,40,29.0,32.0,18.0,8.0,5.0,9.0,542,249,463.0,171.0,265,90,198,81,26.0,20.0,5.0,1.0,1.37,0.35,1.09,0.23,0.28,0.12,1.37,0.35,0.7,0.21,2,0,3,2,3,4,3,1,1,2,0.4116,0.0,0.7139,0.0652,0.0926,0.1476,0.1446,0.0796,0.0075,0.0599,9,5,0,0,3,2,0,2,0,0,1.09,0.2285,0.0,0.0,0.2802,0.067,0.0,0.0567,0.0,0.0,12,9,15.64,17.51
3561757,2021-07-31,usa,2021,MLS,,,6602,DC United,722265,FC Cincinnati,0,0,0,31,69,9,12,3,3,4,7,2,2,0,0,6,8,3,4,2,4,0,2,0,2,,,15,15,2,3,2,0,2,3,10,11,16,12,2,2,18,6,3,3,40,47,32.0,29.0,8.0,18.0,9.0,5.0,249,542,171.0,463.0,90,265,81,198,20.0,26.0,1.0,5.0,0.35,1.37,0.23,1.09,0.12,0.28,0.35,1.37,0.21,0.7,0,2,2,3,4,3,1,3,2,1,0.0,0.4116,0.0652,0.7139,0.1476,0.0926,0.0796,0.1446,0.0599,0.0075,5,9,0,0,2,3,2,0,0,0,0.2285,1.09,0.0,0.0,0.067,0.2802,0.0567,0.0,0.0,0.0,9,12,17.51,15.64
3561761,2021-07-31,usa,2021,MLS,,,130394,Seattle Sounders FC,6603,San Jose Earthquakes,1,0,1,65,35,11,5,3,2,6,2,2,1,0,0,5,2,6,3,7,1,2,1,2,1,16,15,17,16,3,3,0,0,1,3,21,14,11,14,1,2,12,27,1,3,51,58,46.0,39.0,5.0,19.0,9.0,13.0,563,307,473.0,222.0,268,134,205,88,34.0,29.0,1.0,1.0,1.29,0.49,1.22,0.43,0.07,0.06,1.29,0.49,0.79,0.36,1,0,4,2,0,0,3,2,3,1,0.4595,0.0,0.7189,0.3041,0.0,0.0,0.042,0.1677,0.0663,0.0209,7,4,0,0,3,1,1,0,0,0,1.2214,0.4282,0.0,0.0,0.0294,0.0646,0.0359,0.0,0.0,0.0,11,5,19.3,16.77
3561761,2021-07-31,usa,2021,MLS,,,6603,San Jose Earthquakes,130394,Seattle Sounders FC,0,1,0,35,65,5,11,2,3,2,6,1,2,0,0,2,5,3,6,1,7,1,2,1,2,15,16,16,17,3,3,0,0,3,1,14,21,14,11,2,1,27,12,3,1,58,51,39.0,46.0,19.0,5.0,13.0,9.0,307,563,222.0,473.0,134,268,88,205,29.0,34.0,1.0,1.0,0.49,1.29,0.43,1.22,0.06,0.07,0.49,1.29,0.36,0.79,0,1,2,4,0,0,2,3,1,3,0.0,0.4595,0.3041,0.7189,0.0,0.0,0.1677,0.042,0.0209,0.0663,4,7,0,0,1,3,0,1,0,0,0.4282,1.2214,0.0,0.0,0.0646,0.0294,0.0,0.0359,0.0,0.0,5,11,16.77,19.3
3561758,2021-08-01,usa,2021,MLS,,,8259,Houston Dynamo FC,6606,Real Salt Lake,1,0,0,44,56,15,11,4,4,5,6,6,1,1,1,5,8,10,3,9,4,1,3,1,3,,,10,12,0,1,0,1,2,1,11,10,12,12,1,6,17,21,4,4,43,43,34.0,29.0,9.0,14.0,12.0,10.0,376,489,319.0,414.0,142,227,177,187,22.0,40.0,5.0,3.0,1.43,1.45,1.3,1.42,0.13,0.03,1.43,1.45,0.25,0.74,1,0,3,7,1,1,6,2,4,1,0.2319,0.0,0.7304,1.3436,0.0275,0.0301,0.3431,0.064,0.0924,0.0193,11,10,1,0,2,1,1,0,0,0,1.1625,1.4269,0.1334,0.0,0.1013,0.0301,0.028,0.0,0.0,0.0,15,11,19.36,15.4
3561758,2021-08-01,usa,2021,MLS,,,6606,Real Salt Lake,8259,Houston Dynamo FC,0,0,0,56,44,11,15,4,4,6,5,1,6,1,1,8,5,3,10,4,9,3,1,3,1,,,12,10,1,0,1,0,1,2,10,11,12,12,6,1,21,17,4,4,43,43,29.0,34.0,14.0,9.0,10.0,12.0,489,376,414.0,319.0,227,142,187,177,40.0,22.0,3.0,5.0,1.45,1.43,1.42,1.3,0.03,0.13,1.45,1.43,0.74,0.25,0,1,7,3,1,1,2,6,1,4,0.0,0.2319,1.3436,0.7304,0.0301,0.0275,0.064,0.3431,0.0193,0.0924,10,11,0,1,1,2,0,1,0,0,1.4269,1.1625,0.0,0.1334,0.0301,0.1013,0.0,0.028,0.0,0.0,11,15,15.4,19.36
3561759,2021-08-01,usa,2021,MLS,,,6604,Sporting Kansas City,6399,FC Dallas,1,1,2,58,42,20,12,4,5,11,5,5,2,0,0,12,5,8,7,7,2,2,2,1,2,23,7,12,14,1,4,0,0,2,2,11,13,13,12,2,5,2,37,3,3,60,49,41.0,35.0,19.0,14.0,16.0,11.0,563,432,494.0,350.0,212,231,282,119,37.0,25.0,8.0,2.0,1.44,0.89,1.32,0.89,0.12,0.0,1.44,0.89,0.96,0.92,0,0,9,2,3,3,5,6,3,1,0.0,0.0,1.115,0.3624,0.0927,0.2088,0.1715,0.2915,0.0663,0.03,18,12,0,0,0,0,2,0,0,0,1.3247,0.8926,0.0,0.0,0.0,0.0,0.1209,0.0,0.0,0.0,20,12,16.62,20.64
3561759,2021-08-01,usa,2021,MLS,,,6399,FC Dallas,6604,Sporting Kansas City,0,2,1,42,58,12,20,5,4,5,11,2,5,0,0,5,12,7,8,2,7,2,2,2,1,7,23,14,12,4,1,0,0,2,2,13,11,12,13,5,2,37,2,3,3,49,60,35.0,41.0,14.0,19.0,11.0,16.0,432,563,350.0,494.0,231,212,119,282,25.0,37.0,2.0,8.0,0.89,1.44,0.89,1.32,0.0,0.12,0.89,1.44,0.92,0.96,0,0,2,9,3,3,6,5,1,3,0.0,0.0,0.3624,1.115,0.2088,0.0927,0.2915,0.1715,0.03,0.0663,12,18,0,0,0,0,0,2,0,0,0.8926,1.3247,0.0,0.0,0.0,0.0,0.0,0.1209,0.0,0.0,12,20,20.64,16.62
3561760,2021-08-01,usa,2021,MLS,,,1218886,Austin FC,8314,Colorado Rapids,1,0,1,57,43,11,16,2,6,8,6,1,4,0,0,6,11,5,5,6,4,0,4,0,3,,,9,6,2,0,0,0,3,3,12,15,11,14,4,1,14,26,5,2,42,50,28.0,41.0,14.0,9.0,11.0,17.0,485,370,406.0,300.0,155,189,251,111,26.0,23.0,4.0,0.0,0.79,1.99,0.74,1.88,0.04,0.11,0.79,1.99,0.44,2.99,1,0,4,9,1,2,1,1,4,4,0.0446,0.0,0.4938,1.691,0.1003,0.3442,0.036,0.0268,0.1106,0.1159,10,13,0,1,1,2,0,0,0,0,0.7407,1.9093,0.0,0.1538,0.0446,0.1149,0.0,0.0,0.0,0.0,11,16,17.99,17.72
3561760,2021-08-01,usa,2021,MLS,,,8314,Colorado Rapids,1218886,Austin FC,0,1,0,43,57,16,11,6,2,6,8,4,1,0,0,11,6,5,5,4,6,4,0,3,0,,,6,9,0,2,0,0,3,3,15,12,14,11,1,4,26,14,2,5,50,42,41.0,28.0,9.0,14.0,17.0,11.0,370,485,300.0,406.0,189,155,111,251,23.0,26.0,0.0,4.0,1.99,0.79,1.88,0.74,0.11,0.04,1.99,0.79,2.99,0.44,0,1,9,4,2,1,1,1,4,4,0.0,0.0446,1.691,0.4938,0.3442,0.1003,0.0268,0.036,0.1159,0.1106,13,10,1,0,2,1,0,0,0,0,1.9093,0.7407,0.1538,0.0,0.1149,0.0446,0.0,0.0,0.0,0.0,16,11,17.72,17.99
3561762,2021-08-01,usa,2021,MLS,,,191716,Philadelphia Union,6397,Chicago Fire FC,1,1,1,56,44,25,4,5,2,16,2,4,0,0,0,17,2,8,2,13,1,4,1,4,0,,,14,8,2,2,0,1,2,1,20,20,3,20,0,4,4,21,1,4,55,70,38.0,46.0,17.0,24.0,10.0,13.0,459,376,381.0,297.0,115,172,266,125,33.0,30.0,10.0,4.0,2.49,0.18,2.16,0.12,0.33,0.06,2.49,0.18,1.71,0.46,3,0,9,2,5,0,5,1,3,1,0.7276,0.0,1.1339,0.1519,0.2933,0.0,0.2729,0.0166,0.0732,0.0116,19,3,0,0,5,1,1,0,0,0,2.1685,0.1201,0.0,0.0,0.1503,0.06,0.1821,0.0,0.0,0.0,25,4,15.46,20.32
3561762,2021-08-01,usa,2021,MLS,,,6397,Chicago Fire FC,191716,Philadelphia Union,0,1,1,44,56,4,25,2,5,2,16,0,4,0,0,2,17,2,8,1,13,1,4,0,4,,,8,14,2,2,1,0,1,2,20,20,20,3,4,0,21,4,4,1,70,55,46.0,38.0,24.0,17.0,13.0,10.0,376,459,297.0,381.0,172,115,125,266,30.0,33.0,4.0,10.0,0.18,2.49,0.12,2.16,0.06,0.33,0.18,2.49,0.46,1.71,0,3,2,9,0,5,1,5,1,3,0.0,0.7276,0.1519,1.1339,0.0,0.2933,0.0166,0.2729,0.0116,0.0732,3,19,0,0,1,5,0,1,0,0,0.1201,2.1685,0.0,0.0,0.06,0.1503,0.0,0.1821,0.0,0.0,4,25,20.32,15.46
3561821,2021-08-01,usa,2021,MLS,,,960720,Inter Miami CF,161195,CF Montreal,1,2,1,44,56,12,11,4,2,5,8,3,1,0,0,6,9,6,2,5,0,2,3,1,2,17,22,11,10,2,1,0,0,1,1,17,9,17,4,1,3,8,20,1,2,40,48,29.0,37.0,11.0,11.0,2.0,18.0,325,431,264.0,362.0,138,182,126,180,27.0,26.0,4.0,4.0,1.89,1.1,0.91,1.1,0.19,0.0,1.1,1.1,1.78,0.51,0,0,5,6,1,3,4,1,2,1,0.0,0.0,1.4921,0.9894,0.0206,0.0602,0.3249,0.0092,0.0547,0.0363,8,11,0,0,1,0,2,0,1,0,0.9148,1.095,0.0,0.0,0.0538,0.0,0.1353,0.0,0.7884,0.0,12,11,18.26,15.58
3561821,2021-08-01,usa,2021,MLS,,,161195,CF Montreal,960720,Inter Miami CF,0,1,2,56,44,11,12,2,4,8,5,1,3,0,0,9,6,2,6,0,5,3,2,2,1,22,17,10,11,1,2,0,0,1,1,9,17,4,17,3,1,20,8,2,1,48,40,37.0,29.0,11.0,11.0,18.0,2.0,431,325,362.0,264.0,182,138,180,126,26.0,27.0,4.0,4.0,1.1,1.89,1.1,0.91,0.0,0.19,1.1,1.1,0.51,1.78,0,0,6,5,3,1,1,4,1,2,0.0,0.0,0.9894,1.4921,0.0602,0.0206,0.0092,0.3249,0.0363,0.0547,11,8,0,0,0,1,0,2,0,1,1.095,0.9148,0.0,0.0,0.0,0.0538,0.0,0.1353,0.0,0.7884,11,12,15.58,18.26
3561822,2021-08-01,usa,2021,MLS,,,307691,Vancouver Whitecaps,207242,Minnesota United,1,2,2,52,48,11,13,3,4,5,8,3,1,0,1,9,7,2,6,5,3,3,1,1,1,,,17,14,3,3,0,0,2,3,20,16,15,14,1,3,9,17,2,1,48,63,45.0,46.0,3.0,17.0,11.0,13.0,421,399,313.0,297.0,182,156,131,141,34.0,28.0,6.0,6.0,1.47,1.22,0.57,1.01,0.12,0.2,0.68,1.22,2.01,0.77,0,0,4,7,5,0,1,4,1,2,0.0,0.0,1.0077,1.0865,0.3931,0.0,0.0663,0.0925,0.0055,0.0378,4,10,1,0,4,1,1,2,1,0,0.2965,1.0123,0.2691,0.0,0.1076,0.1224,0.0112,0.0821,0.7884,0.0,11,13,16.36,18.9
3561822,2021-08-01,usa,2021,MLS,,,207242,Minnesota United,307691,Vancouver Whitecaps,0,2,2,48,52,13,11,4,3,8,5,1,3,1,0,7,9,6,2,3,5,1,3,1,1,,,14,17,3,3,0,0,3,2,16,20,14,15,3,1,17,9,1,2,63,48,46.0,45.0,17.0,3.0,13.0,11.0,399,421,297.0,313.0,156,182,141,131,28.0,34.0,6.0,6.0,1.22,1.47,1.01,0.57,0.2,0.12,1.22,0.68,0.77,2.01,0,0,7,4,0,5,4,1,2,1,0.0,0.0,1.0865,1.0077,0.0,0.3931,0.0925,0.0663,0.0378,0.0055,10,4,0,1,1,4,2,1,0,1,1.0123,0.2965,0.0,0.2691,0.1224,0.1076,0.0821,0.0112,0.0,0.7884,13,11,18.9,16.36
3561823,2021-08-01,usa,2021,MLS,,,56453,Toronto FC,915807,Nashville SC,1,1,1,53,47,6,12,2,3,2,4,2,5,0,0,3,9,3,3,4,6,1,1,0,1,,,8,9,0,1,0,0,0,2,15,11,15,11,5,2,18,21,2,1,47,34,29.0,21.0,18.0,13.0,6.0,2.0,567,505,490.0,426.0,237,228,253,198,28.0,29.0,0.0,9.0,0.44,1.02,0.29,0.62,0.15,0.4,0.44,1.02,0.85,0.58,0,2,2,7,1,0,2,0,1,3,0.0,0.5034,0.2379,0.4522,0.0557,0.0,0.0946,0.0,0.0558,0.0606,4,5,0,1,0,5,2,1,0,0,0.2909,0.565,0.0,0.0506,0.0,0.3374,0.153,0.0631,0.0,0.0,6,12,17.68,14.38
3561823,2021-08-01,usa,2021,MLS,,,915807,Nashville SC,56453,Toronto FC,0,1,1,47,53,12,6,3,2,4,2,5,2,0,0,9,3,3,3,6,4,1,1,1,0,,,9,8,1,0,0,0,2,0,11,15,11,15,2,5,21,18,1,2,34,47,21.0,29.0,13.0,18.0,2.0,6.0,505,567,426.0,490.0,228,237,198,253,29.0,28.0,9.0,0.0,1.02,0.44,0.62,0.29,0.4,0.15,1.02,0.44,0.58,0.85,2,0,7,2,0,1,0,2,3,1,0.5034,0.0,0.4522,0.2379,0.0,0.0557,0.0,0.0946,0.0606,0.0558,5,4,1,0,5,0,1,2,0,0,0.565,0.2909,0.0506,0.0,0.3374,0.0,0.0631,0.153,0.0,0.0,12,6,14.38,17.68
3561764,2021-08-04,usa,2021,MLS,,,6580,New England Revolution,915807,Nashville SC,1,0,0,69,31,12,7,6,2,5,3,1,2,0,0,4,7,8,0,6,3,1,0,1,0,,,14,11,3,1,0,0,1,1,14,16,11,17,2,1,6,24,2,6,42,50,27.0,33.0,15.0,17.0,2.0,4.0,645,291,566.0,207.0,281,99,285,108,37.0,36.0,5.0,3.0,0.62,0.54,0.56,0.47,0.06,0.07,0.62,0.54,0.6,0.14,0,2,3,4,1,1,6,0,2,0,0.0,0.1669,0.3316,0.3307,0.0191,0.0442,0.2259,0.0,0.0418,0.0,10,5,0,1,1,1,1,0,0,0,0.5605,0.3334,0.0,0.141,0.0251,0.0673,0.0329,0.0,0.0,0.0,12,7,21.28,12.86
3561764,2021-08-04,usa,2021,MLS,,,915807,Nashville SC,6580,New England Revolution,0,0,0,31,69,7,12,2,6,3,5,2,1,0,0,7,4,0,8,3,6,0,1,0,1,,,11,14,1,3,0,0,1,1,16,14,17,11,1,2,24,6,6,2,50,42,33.0,27.0,17.0,15.0,4.0,2.0,291,645,207.0,566.0,99,281,108,285,36.0,37.0,3.0,5.0,0.54,0.62,0.47,0.56,0.07,0.06,0.54,0.62,0.14,0.6,2,0,4,3,1,1,0,6,0,2,0.1669,0.0,0.3307,0.3316,0.0442,0.0191,0.0,0.2259,0.0,0.0418,5,10,1,0,1,1,0,1,0,0,0.3334,0.5605,0.141,0.0,0.0673,0.0251,0.0,0.0329,0.0,0.0,7,12,12.86,21.28
3561765,2021-08-04,usa,2021,MLS,,,6001,Columbus Crew,6602,DC United,1,2,4,70,30,15,9,5,5,9,4,1,0,1,0,5,6,10,3,5,2,3,2,1,0,,,10,15,3,1,0,0,2,0,17,20,7,7,0,1,2,26,1,3,59,43,48.0,32.0,11.0,11.0,17.0,3.0,567,245,490.0,171.0,237,92,253,79,34.0,27.0,3.0,3.0,1.35,1.66,1.24,0.83,0.1,0.04,1.35,0.87,2.1,2.28,0,0,4,5,1,1,7,2,3,1,0.0,0.0,1.1043,1.455,0.0103,0.0438,0.1744,0.1481,0.0782,0.0083,8,6,2,1,2,1,3,0,0,1,1.0421,0.722,0.2202,0.1094,0.0281,0.0353,0.0768,0.0,0.0,0.7884,15,9,23.12,19.43
3561765,2021-08-04,usa,2021,MLS,,,6602,DC United,6001,Columbus Crew,0,4,2,30,70,9,15,5,5,4,9,0,1,0,1,6,5,3,10,2,5,2,3,0,1,,,15,10,1,3,0,0,0,2,20,17,7,7,1,0,26,2,3,1,43,59,32.0,48.0,11.0,11.0,3.0,17.0,245,567,171.0,490.0,92,237,79,253,27.0,34.0,3.0,3.0,1.66,1.35,0.83,1.24,0.04,0.1,0.87,1.35,2.28,2.1,0,0,5,4,1,1,2,7,1,3,0.0,0.0,1.455,1.1043,0.0438,0.0103,0.1481,0.1744,0.0083,0.0782,6,8,1,2,1,2,0,3,1,0,0.722,1.0421,0.1094,0.2202,0.0353,0.0281,0.0,0.0768,0.7884,0.0,9,15,19.43,23.12
3561824,2021-08-04,usa,2021,MLS,,,161195,CF Montreal,773958,Atlanta United,1,2,2,44,56,12,14,4,3,6,7,2,4,1,0,9,11,3,3,5,5,3,3,1,2,18,25,9,8,2,3,2,1,2,1,15,15,10,16,4,2,13,11,1,2,42,50,38.0,43.0,4.0,7.0,15.0,19.0,425,531,354.0,469.0,177,237,177,232,32.0,21.0,6.0,7.0,1.18,1.94,0.75,1.1,0.44,0.05,1.18,1.15,2.11,1.35,0,0,7,9,2,2,1,3,2,0,0.0,0.0,0.8424,1.5388,0.1861,0.1687,0.0478,0.2312,0.1063,0.0,7,9,1,0,2,3,2,1,0,1,0.6776,1.0988,0.0679,0.0,0.3665,0.0374,0.0705,0.0142,0.0,0.7884,12,14,14.11,14.38
3561824,2021-08-04,usa,2021,MLS,,,773958,Atlanta United,161195,CF Montreal,0,2,2,56,44,14,12,3,4,7,6,4,2,0,1,11,9,3,3,5,5,3,3,2,1,25,18,8,9,3,2,1,2,1,2,15,15,16,10,2,4,11,13,2,1,50,42,43.0,38.0,7.0,4.0,19.0,15.0,531,425,469.0,354.0,237,177,232,177,21.0,32.0,7.0,6.0,1.94,1.18,1.1,0.75,0.05,0.44,1.15,1.18,1.35,2.11,0,0,9,7,2,2,3,1,0,2,0.0,0.0,1.5388,0.8424,0.1687,0.1861,0.2312,0.0478,0.0,0.1063,9,7,0,1,3,2,1,2,1,0,1.0988,0.6776,0.0,0.0679,0.0374,0.3665,0.0142,0.0705,0.7884,0.0,14,12,14.38,14.11
3561825,2021-08-04,usa,2021,MLS,,,191716,Philadelphia Union,56453,Toronto FC,1,3,0,50,50,17,6,7,1,4,4,6,1,0,0,12,4,5,2,7,3,4,3,1,3,,,8,5,3,0,0,0,1,1,18,7,8,12,1,5,14,22,1,4,51,40,35.0,25.0,16.0,15.0,12.0,10.0,437,452,364.0,371.0,159,149,205,222,29.0,18.0,7.0,4.0,2.59,1.55,1.19,0.74,0.61,0.02,1.8,0.76,2.86,0.99,1,1,9,3,2,0,3,1,2,1,0.2313,0.3994,2.1714,1.1128,0.0697,0.0,0.0605,0.0194,0.0526,0.0205,9,4,0,0,6,0,1,1,1,1,1.1884,0.7444,0.0,0.0,0.5721,0.0,0.0366,0.0194,0.7884,0.7884,17,6,16.0,15.68
3561825,2021-08-04,usa,2021,MLS,,,56453,Toronto FC,191716,Philadelphia Union,0,0,3,50,50,6,17,1,7,4,4,1,6,0,0,4,12,2,5,3,7,3,4,3,1,,,5,8,0,3,0,0,1,1,7,18,12,8,5,1,22,14,4,1,40,51,25.0,35.0,15.0,16.0,10.0,12.0,452,437,371.0,364.0,149,159,222,205,18.0,29.0,4.0,7.0,1.55,2.59,0.74,1.19,0.02,0.61,0.76,1.8,0.99,2.86,1,1,3,9,0,2,1,3,1,2,0.3994,0.2313,1.1128,2.1714,0.0,0.0697,0.0194,0.0605,0.0205,0.0526,4,9,0,0,0,6,1,1,1,1,0.7444,1.1884,0.0,0.0,0.0,0.5721,0.0194,0.0366,0.7884,0.7884,6,17,15.68,16.0
3561763,2021-08-05,usa,2021,MLS,,,6514,New York Red Bulls,722265,FC Cincinnati,1,0,0,52,48,23,9,4,2,14,2,5,5,1,0,14,5,9,4,7,4,3,0,3,0,,,13,15,2,3,0,0,1,1,14,26,17,17,4,6,11,23,2,3,53,61,42.0,46.0,11.0,15.0,14.0,8.0,401,385,314.0,276.0,139,222,175,54,26.0,23.0,7.0,4.0,1.9,0.33,1.52,0.09,0.37,0.24,1.9,0.33,0.4,0.6,0,0,11,5,3,0,2,2,7,2,0.0,0.0,1.3935,0.177,0.2058,0.0,0.053,0.0923,0.2801,0.0606,15,3,0,0,4,4,4,2,0,0,1.5594,0.0875,0.0,0.0,0.1442,0.1126,0.2288,0.1298,0.0,0.0,23,9,18.95,20.3
3561763,2021-08-05,usa,2021,MLS,,,722265,FC Cincinnati,6514,New York Red Bulls,0,0,0,48,52,9,23,2,4,2,14,5,5,0,1,5,14,4,9,4,7,0,3,0,3,,,15,13,3,2,0,0,1,1,26,14,17,17,6,4,23,11,3,2,61,53,46.0,42.0,15.0,11.0,8.0,14.0,385,401,276.0,314.0,222,139,54,175,23.0,26.0,4.0,7.0,0.33,1.9,0.09,1.52,0.24,0.37,0.33,1.9,0.6,0.4,0,0,5,11,0,3,2,2,2,7,0.0,0.0,0.177,1.3935,0.0,0.2058,0.0923,0.053,0.0606,0.2801,3,15,0,0,4,4,2,4,0,0,0.0875,1.5594,0.0,0.0,0.1126,0.1442,0.1298,0.2288,0.0,0.0,9,23,20.3,18.95
3561766,2021-08-05,usa,2021,MLS,,,267810,Orlando City,960720,Inter Miami CF,1,1,1,57,43,14,4,4,2,7,2,3,0,0,0,6,3,8,1,7,4,1,0,1,0,19,7,12,19,2,1,0,0,1,2,11,14,11,7,1,2,17,13,0,3,49,44,35.0,34.0,14.0,10.0,7.0,8.0,505,387,449.0,317.0,228,172,221,145,21.0,31.0,5.0,2.0,0.77,0.2,0.59,0.12,0.18,0.07,0.77,0.2,0.62,0.41,0,0,5,3,1,0,7,1,1,0,0.0,0.0,0.3604,0.1653,0.1254,0.0,0.2588,0.0336,0.0215,0.0,8,2,0,0,3,1,3,1,0,0,0.59,0.1243,0.0,0.0,0.0881,0.041,0.0879,0.0336,0.0,0.0,14,4,19.58,16.43
3561766,2021-08-05,usa,2021,MLS,,,960720,Inter Miami CF,267810,Orlando City,0,1,1,43,57,4,14,2,4,2,7,0,3,0,0,3,6,1,8,4,7,0,1,0,1,7,19,19,12,1,2,0,0,2,1,14,11,7,11,2,1,13,17,3,0,44,49,34.0,35.0,10.0,14.0,8.0,7.0,387,505,317.0,449.0,172,228,145,221,31.0,21.0,2.0,5.0,0.2,0.77,0.12,0.59,0.07,0.18,0.2,0.77,0.41,0.62,0,0,3,5,0,1,1,7,0,1,0.0,0.0,0.1653,0.3604,0.0,0.1254,0.0336,0.2588,0.0,0.0215,2,8,0,0,1,3,1,3,0,0,0.1243,0.59,0.0,0.0,0.041,0.0881,0.0336,0.0879,0.0,0.0,4,14,16.43,19.58
3561767,2021-08-05,usa,2021,MLS,,,6397,Chicago Fire FC,546238,New York City FC,1,0,0,53,47,5,15,1,4,3,5,1,6,0,0,2,12,3,3,2,2,0,1,0,1,,,9,15,1,1,0,1,3,0,17,28,19,13,6,1,9,22,4,1,63,57,45.0,42.0,18.0,15.0,13.0,8.0,485,442,396.0,349.0,179,155,217,194,36.0,22.0,6.0,3.0,0.24,1.26,0.2,1.19,0.04,0.07,0.24,1.26,0.09,1.08,0,1,2,7,0,4,2,2,1,1,0.0,0.2627,0.0993,0.6897,0.0,0.177,0.0984,0.112,0.0427,0.0232,4,13,0,0,1,2,0,0,0,0,0.1977,1.1904,0.0,0.0,0.0427,0.0742,0.0,0.0,0.0,0.0,5,15,17.75,15.9
3561767,2021-08-05,usa,2021,MLS,,,546238,New York City FC,6397,Chicago Fire FC,0,0,0,47,53,15,5,4,1,5,3,6,1,0,0,12,2,3,3,2,2,1,0,1,0,,,15,9,1,1,1,0,0,3,28,17,13,19,1,6,22,9,1,4,57,63,42.0,45.0,15.0,18.0,8.0,13.0,442,485,349.0,396.0,155,179,194,217,22.0,36.0,3.0,6.0,1.26,0.24,1.19,0.2,0.07,0.04,1.26,0.24,1.08,0.09,1,0,7,2,4,0,2,2,1,1,0.2627,0.0,0.6897,0.0993,0.177,0.0,0.112,0.0984,0.0232,0.0427,13,4,0,0,2,1,0,0,0,0,1.1904,0.1977,0.0,0.0,0.0742,0.0427,0.0,0.0,0.0,0.0,15,5,15.9,17.75
3561769,2021-08-05,usa,2021,MLS,,,1218886,Austin FC,8259,Houston Dynamo FC,1,3,2,67,33,14,9,5,3,7,4,2,2,1,0,9,5,5,4,3,2,3,2,1,0,,,10,12,1,1,0,1,2,1,15,11,10,8,2,2,12,19,1,2,48,43,28.0,29.0,20.0,14.0,3.0,9.0,553,269,490.0,196.0,159,114,331,82,52.0,22.0,7.0,3.0,1.36,0.65,1.19,0.56,0.17,0.09,1.36,0.65,2.38,1.0,1,0,5,4,3,1,3,3,2,1,0.1483,0.0,0.9035,0.4072,0.1631,0.1696,0.1258,0.0562,0.0507,0.0352,12,6,0,0,1,1,1,2,0,0,1.2191,0.5792,0.0,0.0,0.1359,0.0468,0.0363,0.0422,0.0,0.0,14,9,16.61,18.54
3561769,2021-08-05,usa,2021,MLS,,,8259,Houston Dynamo FC,1218886,Austin FC,0,2,3,33,67,9,14,3,5,4,7,2,2,0,1,5,9,4,5,2,3,2,3,0,1,,,12,10,1,1,1,0,1,2,11,15,8,10,2,2,19,12,2,1,43,48,29.0,28.0,14.0,20.0,9.0,3.0,269,553,196.0,490.0,114,159,82,331,22.0,52.0,3.0,7.0,0.65,1.36,0.56,1.19,0.09,0.17,0.65,1.36,1.0,2.38,0,1,4,5,1,3,3,3,1,2,0.0,0.1483,0.4072,0.9035,0.1696,0.1631,0.0562,0.1258,0.0352,0.0507,6,12,0,0,1,1,2,1,0,0,0.5792,1.2191,0.0,0.0,0.0468,0.1359,0.0422,0.0363,0.0,0.0,9,14,18.54,16.61
3561770,2021-08-05,usa,2021,MLS,,,130394,Seattle Sounders FC,6399,FC Dallas,1,1,1,48,52,16,10,6,3,5,4,5,3,1,0,10,5,6,5,3,5,2,1,2,0,31,19,11,13,1,0,0,0,1,2,12,14,10,10,3,4,12,27,2,5,45,45,33.0,37.0,12.0,8.0,10.0,12.0,438,504,377.0,421.0,163,246,214,175,22.0,25.0,7.0,4.0,1.54,1.28,1.09,1.13,0.44,0.15,1.54,1.28,2.1,1.06,1,1,6,2,3,2,5,5,1,0,0.2777,0.4041,0.8191,0.2747,0.1512,0.0883,0.2698,0.2001,0.0208,0.0,13,9,0,0,1,1,2,0,0,0,1.0936,0.8729,0.0,0.0,0.0739,0.0943,0.3711,0.0,0.0,0.0,16,10,16.26,16.88
3561770,2021-08-05,usa,2021,MLS,,,6399,FC Dallas,130394,Seattle Sounders FC,0,1,1,52,48,10,16,3,6,4,5,3,5,0,1,5,10,5,6,5,3,1,2,0,2,19,31,13,11,0,1,0,0,2,1,14,12,10,10,4,3,27,12,5,2,45,45,37.0,33.0,8.0,12.0,12.0,10.0,504,438,421.0,377.0,246,163,175,214,25.0,22.0,4.0,7.0,1.28,1.54,1.13,1.09,0.15,0.44,1.28,1.54,1.06,2.1,1,1,2,6,2,3,5,5,0,1,0.4041,0.2777,0.2747,0.8191,0.0883,0.1512,0.2001,0.2698,0.0,0.0208,9,13,0,0,1,1,0,2,0,0,0.8729,1.0936,0.0,0.0,0.0943,0.0739,0.0,0.3711,0.0,0.0,10,16,16.88,16.26
3561771,2021-08-05,usa,2021,MLS,,,6637,LA Galaxy,6606,Real Salt Lake,1,1,0,50,50,14,15,8,4,3,7,3,4,0,0,10,13,4,2,7,8,2,0,1,0,,,8,6,0,3,0,0,2,0,15,16,6,4,4,3,22,15,4,7,36,46,28.0,33.0,8.0,13.0,7.0,10.0,516,497,444.0,435.0,264,242,180,193,28.0,31.0,1.0,7.0,1.63,0.98,1.59,0.75,0.04,0.23,1.63,0.98,1.9,0.15,0,0,8,10,2,3,3,1,1,1,0.0,0.0,1.2151,0.8314,0.2746,0.1018,0.1172,0.0239,0.0244,0.0184,11,11,1,0,2,4,0,0,0,0,1.4908,0.7454,0.0993,0.0,0.0412,0.2303,0.0,0.0,0.0,0.0,14,15,15.7,14.94
3561771,2021-08-05,usa,2021,MLS,,,6606,Real Salt Lake,6637,LA Galaxy,0,0,1,50,50,15,14,4,8,7,3,4,3,0,0,13,10,2,4,8,7,0,2,0,1,,,6,8,3,0,0,0,0,2,16,15,4,6,3,4,15,22,7,4,46,36,33.0,28.0,13.0,8.0,10.0,7.0,497,516,435.0,444.0,242,264,193,180,31.0,28.0,7.0,1.0,0.98,1.63,0.75,1.59,0.23,0.04,0.98,1.63,0.15,1.9,0,0,10,8,3,2,1,3,1,1,0.0,0.0,0.8314,1.2151,0.1018,0.2746,0.0239,0.1172,0.0184,0.0244,11,11,0,1,4,2,0,0,0,0,0.7454,1.4908,0.0,0.0993,0.2303,0.0412,0.0,0.0,0.0,0.0,15,14,14.94,15.7
3561772,2021-08-05,usa,2021,MLS,,,867280,Los Angeles FC,6604,Sporting Kansas City,1,1,4,55,45,21,9,1,5,12,3,8,1,1,0,11,7,10,2,5,4,6,4,5,0,,,15,13,5,5,0,0,1,1,24,21,10,14,1,8,6,23,1,0,68,51,58.0,39.0,10.0,12.0,21.0,4.0,494,402,408.0,310.0,199,165,209,145,26.0,27.0,4.0,3.0,2.44,1.57,1.93,1.49,0.52,0.08,2.44,1.57,0.51,3.11,0,0,8,5,3,2,4,1,6,1,0.0,0.0,1.8986,1.4383,0.2448,0.0676,0.1575,0.0252,0.1442,0.0405,14,8,0,0,4,0,3,1,0,0,1.9299,1.4911,0.0,0.0,0.1269,0.0,0.3881,0.0806,0.0,0.0,21,9,18.51,14.55
3561772,2021-08-05,usa,2021,MLS,,,6604,Sporting Kansas City,867280,Los Angeles FC,0,4,1,45,55,9,21,5,1,3,12,1,8,0,1,7,11,2,10,4,5,4,6,0,5,,,13,15,5,5,0,0,1,1,21,24,14,10,8,1,23,6,0,1,51,68,39.0,58.0,12.0,10.0,4.0,21.0,402,494,310.0,408.0,165,199,145,209,27.0,26.0,3.0,4.0,1.57,2.44,1.49,1.93,0.08,0.52,1.57,2.44,3.11,0.51,0,0,5,8,2,3,1,4,1,6,0.0,0.0,1.4383,1.8986,0.0676,0.2448,0.0252,0.1575,0.0405,0.1442,8,14,0,0,0,4,1,3,0,0,1.4911,1.9299,0.0,0.0,0.0,0.1269,0.0806,0.3881,0.0,0.0,9,21,14.55,18.51
3561773,2021-08-05,usa,2021,MLS,,,307690,Portland Timbers,6603,San Jose Earthquakes,1,1,1,58,42,21,13,4,8,13,4,4,1,0,0,16,10,5,3,6,4,4,2,3,1,33,21,17,11,4,3,1,0,0,1,10,20,19,17,1,4,10,23,7,3,45,58,30.0,46.0,15.0,12.0,10.0,10.0,453,322,384.0,231.0,169,147,215,84,27.0,27.0,7.0,4.0,2.19,1.92,1.12,1.49,1.07,0.43,2.19,1.92,1.98,1.63,2,1,11,6,3,3,4,0,1,3,0.6399,0.8212,1.376,0.7248,0.0562,0.3219,0.0813,0.0,0.0367,0.0882,16,8,0,1,4,2,1,2,0,0,1.1226,1.439,0.0,0.0843,0.7487,0.2442,0.3188,0.1885,0.0,0.0,21,13,15.25,15.47
3561773,2021-08-05,usa,2021,MLS,,,6603,San Jose Earthquakes,307690,Portland Timbers,0,1,1,42,58,13,21,8,4,4,13,1,4,0,0,10,16,3,5,4,6,2,4,1,3,21,33,11,17,3,4,0,1,1,0,20,10,17,19,4,1,23,10,3,7,58,45,46.0,30.0,12.0,15.0,10.0,10.0,322,453,231.0,384.0,147,169,84,215,27.0,27.0,4.0,7.0,1.92,2.19,1.49,1.12,0.43,1.07,1.92,2.19,1.63,1.98,1,2,6,11,3,3,0,4,3,1,0.8212,0.6399,0.7248,1.376,0.3219,0.0562,0.0,0.0813,0.0882,0.0367,8,16,1,0,2,4,2,1,0,0,1.439,1.1226,0.0843,0.0,0.2442,0.7487,0.1885,0.3188,0.0,0.0,13,21,15.47,15.25
3561774,2021-08-07,usa,2021,MLS,,,6001,Columbus Crew,773958,Atlanta United,1,2,3,46,54,11,17,3,7,7,4,1,6,0,1,8,11,3,6,2,6,1,3,0,0,20,27,12,12,1,2,0,0,2,0,18,12,16,10,7,1,11,10,3,1,50,47,45.0,36.0,5.0,11.0,15.0,12.0,427,491,363.0,413.0,224,195,139,218,30.0,22.0,4.0,4.0,1.61,2.65,0.57,0.81,0.25,0.26,0.82,1.07,1.59,3.28,1,0,4,8,3,3,1,6,2,0,0.0689,0.0,1.2252,1.9443,0.1195,0.3353,0.1021,0.3662,0.0988,0.0,7,10,0,2,1,2,2,1,1,2,0.5698,0.6806,0.0,0.1244,0.091,0.069,0.1653,0.1949,0.7884,1.5768,11,17,15.37,17.06
3561774,2021-08-07,usa,2021,MLS,,,773958,Atlanta United,6001,Columbus Crew,0,3,2,54,46,17,11,7,3,4,7,6,1,1,0,11,8,6,3,6,2,3,1,0,0,27,20,12,12,2,1,0,0,0,2,12,18,10,16,1,7,10,11,1,3,47,50,36.0,45.0,11.0,5.0,12.0,15.0,491,427,413.0,363.0,195,224,218,139,22.0,30.0,4.0,4.0,2.65,1.61,0.81,0.57,0.26,0.25,1.07,0.82,3.28,1.59,0,1,8,4,3,3,6,1,0,2,0.0,0.0689,1.9443,1.2252,0.3353,0.1195,0.3662,0.1021,0.0,0.0988,10,7,2,0,2,1,1,2,2,1,0.6806,0.5698,0.1244,0.0,0.069,0.091,0.1949,0.1653,1.5768,0.7884,17,11,17.06,15.37
3561775,2021-08-07,usa,2021,MLS,,,722265,FC Cincinnati,267810,Orlando City,1,1,1,46,54,17,13,2,5,10,6,5,2,0,0,6,6,11,7,2,6,2,2,2,2,,,7,10,1,3,0,0,1,0,18,25,12,14,2,5,14,13,4,1,48,50,39.0,42.0,9.0,8.0,11.0,10.0,446,505,375.0,438.0,237,195,138,243,26.0,26.0,3.0,5.0,1.03,1.14,0.96,0.96,0.07,0.18,1.03,1.14,0.18,1.21,1,1,3,3,2,2,9,6,2,1,0.0572,0.102,0.5298,0.8112,0.0897,0.0778,0.3077,0.1361,0.0463,0.0151,15,10,0,0,1,3,1,0,0,0,0.9623,0.961,0.0,0.0,0.0572,0.1812,0.0111,0.0,0.0,0.0,17,13,21.33,20.26
3561775,2021-08-07,usa,2021,MLS,,,267810,Orlando City,722265,FC Cincinnati,0,1,1,54,46,13,17,5,2,6,10,2,5,0,0,6,6,7,11,6,2,2,2,2,2,,,10,7,3,1,0,0,0,1,25,18,14,12,5,2,13,14,1,4,50,48,42.0,39.0,8.0,9.0,10.0,11.0,505,446,438.0,375.0,195,237,243,138,26.0,26.0,5.0,3.0,1.14,1.03,0.96,0.96,0.18,0.07,1.14,1.03,1.21,0.18,1,1,3,3,2,2,6,9,1,2,0.102,0.0572,0.8112,0.5298,0.0778,0.0897,0.1361,0.3077,0.0151,0.0463,10,15,0,0,3,1,0,1,0,0,0.961,0.9623,0.0,0.0,0.1812,0.0572,0.0,0.0111,0.0,0.0,13,17,20.26,21.33
3561776,2021-08-08,usa,2021,MLS,,,207242,Minnesota United,8259,Houston Dynamo FC,1,2,0,54,46,12,8,6,2,2,2,4,4,0,1,6,4,6,4,10,6,1,2,0,2,,,10,10,0,3,0,0,1,3,18,25,18,12,3,4,19,14,2,4,48,55,33.0,46.0,15.0,9.0,5.0,11.0,444,387,366.0,292.0,165,145,201,147,24.0,20.0,3.0,4.0,1.06,0.59,0.81,0.5,0.25,0.09,1.06,0.59,2.03,0.45,2,0,2,3,2,1,5,2,1,2,0.303,0.0,0.4967,0.4762,0.0465,0.0208,0.1884,0.0648,0.0352,0.0312,8,5,0,0,1,2,3,1,0,0,0.8228,0.5011,0.0,0.0,0.0965,0.0843,0.1504,0.0077,0.0,0.0,12,8,18.83,20.07
3561776,2021-08-08,usa,2021,MLS,,,8259,Houston Dynamo FC,207242,Minnesota United,0,0,2,46,54,8,12,2,6,2,2,4,4,1,0,4,6,4,6,6,10,2,1,2,0,,,10,10,3,0,0,0,3,1,25,18,12,18,4,3,14,19,4,2,55,48,46.0,33.0,9.0,15.0,11.0,5.0,387,444,292.0,366.0,145,165,147,201,20.0,24.0,4.0,3.0,0.59,1.06,0.5,0.81,0.09,0.25,0.59,1.06,0.45,2.03,0,2,3,2,1,2,2,5,2,1,0.0,0.303,0.4762,0.4967,0.0208,0.0465,0.0648,0.1884,0.0312,0.0352,5,8,0,0,2,1,1,3,0,0,0.5011,0.8228,0.0,0.0,0.0843,0.0965,0.0077,0.1504,0.0,0.0,8,12,20.07,18.83
3561777,2021-08-08,usa,2021,MLS,,,6399,FC Dallas,1218886,Austin FC,1,2,0,46,54,11,11,5,2,5,6,1,3,0,1,5,6,6,5,5,5,1,1,0,1,15,34,11,11,2,0,0,0,2,2,15,6,2,12,3,1,21,16,2,3,40,37,33.0,31.0,7.0,6.0,7.0,15.0,477,552,413.0,491.0,290,217,123,274,30.0,24.0,3.0,7.0,1.09,1.31,1.05,0.94,0.04,0.37,1.09,1.31,1.38,0.69,0,0,3,6,2,0,3,4,3,1,0.0,0.0,0.7797,1.0669,0.0775,0.0,0.1311,0.2113,0.0985,0.032,10,7,0,0,1,2,0,2,0,0,1.0481,0.9424,0.0,0.0,0.0386,0.2122,0.0,0.1556,0.0,0.0,11,11,19.19,19.35
3561777,2021-08-08,usa,2021,MLS,,,1218886,Austin FC,6399,FC Dallas,0,0,2,54,46,11,11,2,5,6,5,3,1,1,0,6,5,5,6,5,5,1,1,1,0,34,15,11,11,0,2,0,0,2,2,6,15,12,2,1,3,16,21,3,2,37,40,31.0,33.0,6.0,7.0,15.0,7.0,552,477,491.0,413.0,217,290,274,123,24.0,30.0,7.0,3.0,1.31,1.09,0.94,1.05,0.37,0.04,1.31,1.09,0.69,1.38,0,0,6,3,0,2,4,3,1,3,0.0,0.0,1.0669,0.7797,0.0,0.0775,0.2113,0.1311,0.032,0.0985,7,10,0,0,2,1,2,0,0,0,0.9424,1.0481,0.0,0.0,0.2122,0.0386,0.1556,0.0,0.0,0.0,11,11,19.35,19.19
3561778,2021-08-08,usa,2021,MLS,,,8314,Colorado Rapids,6604,Sporting Kansas City,1,0,0,53,47,13,6,3,0,6,4,4,2,0,0,11,3,2,3,6,3,7,0,7,0,,,14,11,2,2,0,0,1,0,17,19,9,6,2,4,9,24,0,3,51,52,38.0,38.0,13.0,14.0,11.0,4.0,507,465,431.0,386.0,243,269,188,117,29.0,38.0,11.0,0.0,1.9,0.39,1.41,0.39,0.49,0.02,1.9,0.39,1.47,0.0,3,0,4,3,4,0,1,2,1,1,1.0688,0.0,0.5122,0.2591,0.2102,0.0,0.0832,0.0988,0.0257,0.0283,8,6,1,0,3,0,1,0,0,0,1.3021,0.3862,0.1062,0.0,0.4085,0.0,0.0832,0.0,0.0,0.0,13,6,13.48,18.93
3561778,2021-08-08,usa,2021,MLS,,,6604,Sporting Kansas City,8314,Colorado Rapids,0,0,0,47,53,6,13,0,3,4,6,2,4,0,0,3,11,3,2,3,6,0,7,0,7,,,11,14,2,2,0,0,0,1,19,17,6,9,4,2,24,9,3,0,52,51,38.0,38.0,14.0,13.0,4.0,11.0,465,507,386.0,431.0,269,243,117,188,38.0,29.0,0.0,11.0,0.39,1.9,0.39,1.41,0.02,0.49,0.39,1.9,0.0,1.47,0,3,3,4,0,4,2,1,1,1,0.0,1.0688,0.2591,0.5122,0.0,0.2102,0.0988,0.0832,0.0283,0.0257,6,8,0,1,0,3,0,1,0,0,0.3862,1.3021,0.0,0.1062,0.0,0.4085,0.0,0.0832,0.0,0.0,6,13,18.93,13.48
3561779,2021-08-08,usa,2021,MLS,,,307690,Portland Timbers,6606,Real Salt Lake,1,3,2,35,65,13,23,3,10,6,7,4,6,0,0,8,16,5,7,1,14,3,2,1,1,,,14,15,1,5,0,0,0,1,15,15,20,5,6,3,31,13,8,0,62,65,39.0,45.0,23.0,20.0,11.0,17.0,279,499,199.0,407.0,98,210,101,197,25.0,52.0,4.0,5.0,1.96,2.47,1.04,2.02,0.12,0.45,1.17,2.47,2.12,3.08,1,2,7,13,0,1,3,4,2,3,0.396,1.1264,1.3561,1.3195,0.0,0.0211,0.1549,0.0518,0.0497,0.0629,8,11,0,1,1,7,3,4,1,0,1.0446,2.0328,0.0,0.0998,0.009,0.1739,0.1147,0.2752,0.7884,0.0,13,23,19.91,16.3
3561779,2021-08-08,usa,2021,MLS,,,6606,Real Salt Lake,307690,Portland Timbers,0,2,3,65,35,23,13,10,3,7,6,6,4,0,0,16,8,7,5,14,1,2,3,1,1,,,15,14,5,1,0,0,1,0,15,15,5,20,3,6,13,31,0,8,65,62,45.0,39.0,20.0,23.0,17.0,11.0,499,279,407.0,199.0,210,98,197,101,52.0,25.0,5.0,4.0,2.47,1.96,2.02,1.04,0.45,0.12,2.47,1.17,3.08,2.12,2,1,13,7,1,0,4,3,3,2,1.1264,0.396,1.3195,1.3561,0.0211,0.0,0.0518,0.1549,0.0629,0.0497,11,8,1,0,7,1,4,3,0,1,2.0328,1.0446,0.0998,0.0,0.1739,0.009,0.2752,0.1147,0.0,0.7884,23,13,16.3,19.91
3561780,2021-08-08,usa,2021,MLS,,,960720,Inter Miami CF,915807,Nashville SC,1,2,1,59,41,15,8,9,2,3,3,3,3,0,0,12,2,3,6,7,2,1,1,0,1,19,6,7,13,0,1,0,0,1,1,10,12,8,10,3,3,6,19,1,7,41,38,32.0,28.0,9.0,10.0,9.0,9.0,584,396,521.0,333.0,209,238,312,95,32.0,22.0,5.0,2.0,1.22,0.53,1.18,0.46,0.03,0.06,1.22,0.53,2.37,0.29,1,0,6,2,5,0,1,5,2,1,0.1026,0.0,0.8075,0.3446,0.2209,0.0,0.0555,0.1687,0.0332,0.0158,14,7,0,0,1,1,0,0,0,0,1.1849,0.4641,0.0,0.0,0.0347,0.065,0.0,0.0,0.0,0.0,15,8,16.45,19.98
3561780,2021-08-08,usa,2021,MLS,,,915807,Nashville SC,960720,Inter Miami CF,0,1,2,41,59,8,15,2,9,3,3,3,3,0,0,2,12,6,3,2,7,1,1,1,0,6,19,13,7,1,0,0,0,1,1,12,10,10,8,3,3,19,6,7,1,38,41,28.0,32.0,10.0,9.0,9.0,9.0,396,584,333.0,521.0,238,209,95,312,22.0,32.0,2.0,5.0,0.53,1.22,0.46,1.18,0.06,0.03,0.53,1.22,0.29,2.37,0,1,2,6,0,5,5,1,1,2,0.0,0.1026,0.3446,0.8075,0.0,0.2209,0.1687,0.0555,0.0158,0.0332,7,14,0,0,1,1,0,0,0,0,0.4641,1.1849,0.0,0.0,0.065,0.0347,0.0,0.0,0.0,0.0,8,15,19.98,16.45
3561781,2021-08-08,usa,2021,MLS,,,6397,Chicago Fire FC,6514,New York Red Bulls,1,2,1,38,62,9,12,3,4,4,4,2,4,2,0,6,8,3,4,3,6,3,1,2,0,,,14,14,1,4,0,0,0,2,26,19,7,10,3,2,26,13,3,1,73,70,53.0,49.0,20.0,21.0,14.0,16.0,272,426,179.0,346.0,89,167,90,179,38.0,30.0,3.0,10.0,0.88,1.38,0.51,0.47,0.37,0.91,0.88,1.38,1.37,1.05,1,0,5,7,0,1,3,3,0,1,0.2572,0.0,0.4794,1.2094,0.0,0.0681,0.1414,0.1269,0.0,0.0173,5,5,1,0,1,4,2,3,0,0,0.2547,0.4684,0.2886,0.0,0.0564,0.1616,0.2784,0.7917,0.0,0.0,9,12,15.22,16.58
3561781,2021-08-08,usa,2021,MLS,,,6514,New York Red Bulls,6397,Chicago Fire FC,0,1,2,62,38,12,9,4,3,4,4,4,2,0,2,8,6,4,3,6,3,1,3,0,2,,,14,14,4,1,0,0,2,0,19,26,10,7,2,3,13,26,1,3,70,73,49.0,53.0,21.0,20.0,16.0,14.0,426,272,346.0,179.0,167,89,179,90,30.0,38.0,10.0,3.0,1.38,0.88,0.47,0.51,0.91,0.37,1.38,0.88,1.05,1.37,0,1,7,5,1,0,3,3,1,0,0.0,0.2572,1.2094,0.4794,0.0681,0.0,0.1269,0.1414,0.0173,0.0,5,5,0,1,4,1,3,2,0,0,0.4684,0.2547,0.0,0.2886,0.1616,0.0564,0.7917,0.2784,0.0,0.0,12,9,16.58,15.22
3561782,2021-08-08,usa,2021,MLS,,,6580,New England Revolution,191716,Philadelphia Union,1,2,1,54,46,14,13,4,6,5,4,5,3,0,1,11,12,3,1,9,7,5,2,3,2,,,11,12,2,3,0,0,2,1,11,14,6,8,3,5,20,22,5,2,43,42,28.0,31.0,15.0,11.0,5.0,6.0,483,418,432.0,349.0,203,142,229,207,37.0,30.0,4.0,3.0,2.38,1.46,1.4,1.15,0.19,0.3,1.59,1.46,2.75,2.0,3,1,5,8,3,3,1,0,2,1,1.1306,0.2022,1.7287,0.7516,0.1202,0.4848,0.0347,0.0,0.0205,0.0232,10,8,1,2,0,3,2,0,1,0,1.3431,0.5954,0.0583,0.5621,0.0,0.3043,0.8449,0.0,0.7884,0.0,14,13,14.37,13.68
3561782,2021-08-08,usa,2021,MLS,,,191716,Philadelphia Union,6580,New England Revolution,0,1,2,46,54,13,14,6,4,4,5,3,5,1,0,12,11,1,3,7,9,2,5,2,3,,,12,11,3,2,0,0,1,2,14,11,8,6,5,3,22,20,2,5,42,43,31.0,28.0,11.0,15.0,6.0,5.0,418,483,349.0,432.0,142,203,207,229,30.0,37.0,3.0,4.0,1.46,2.38,1.15,1.4,0.3,0.19,1.46,1.59,2.0,2.75,1,3,8,5,3,3,0,1,1,2,0.2022,1.1306,0.7516,1.7287,0.4848,0.1202,0.0,0.0347,0.0232,0.0205,8,10,2,1,3,0,0,2,0,1,0.5954,1.3431,0.5621,0.0583,0.3043,0.0,0.0,0.8449,0.0,0.7884,13,14,13.68,14.37
3561783,2021-08-08,usa,2021,MLS,,,6603,San Jose Earthquakes,867280,Los Angeles FC,1,2,1,48,52,15,16,4,6,7,8,4,2,1,0,7,8,8,8,6,3,3,3,1,3,25,19,12,14,2,2,0,0,1,0,26,22,16,10,2,4,17,18,6,2,66,64,51.0,49.0,15.0,15.0,11.0,17.0,376,412,297.0,330.0,132,136,165,194,31.0,25.0,4.0,1.0,1.32,1.42,0.87,1.37,0.44,0.06,1.32,1.42,1.58,1.21,1,0,4,4,2,4,5,4,3,4,0.1217,0.0,0.8396,0.8654,0.1273,0.2986,0.1906,0.128,0.039,0.1325,11,14,0,1,3,0,1,1,0,0,0.8737,1.1979,0.0,0.171,0.3228,0.0,0.1217,0.0556,0.0,0.0,15,16,19.34,18.42
3561783,2021-08-08,usa,2021,MLS,,,867280,Los Angeles FC,6603,San Jose Earthquakes,0,1,2,52,48,16,15,6,4,8,7,2,4,0,1,8,7,8,8,3,6,3,3,3,1,19,25,14,12,2,2,0,0,0,1,22,26,10,16,4,2,18,17,2,6,64,66,49.0,51.0,15.0,15.0,17.0,11.0,412,376,330.0,297.0,136,132,194,165,25.0,31.0,1.0,4.0,1.42,1.32,1.37,0.87,0.06,0.44,1.42,1.32,1.21,1.58,0,1,4,4,4,2,4,5,4,3,0.0,0.1217,0.8654,0.8396,0.2986,0.1273,0.128,0.1906,0.1325,0.039,14,11,1,0,0,3,1,1,0,0,1.1979,0.8737,0.171,0.0,0.0,0.3228,0.0556,0.1217,0.0,0.0,16,15,18.42,19.34
3561826,2021-08-08,usa,2021,MLS,,,56453,Toronto FC,546238,New York City FC,1,2,2,48,52,10,15,6,5,1,6,3,4,0,1,9,6,1,9,7,2,4,2,2,0,,,6,17,3,1,0,0,7,0,11,19,15,16,4,2,4,23,3,4,52,56,41.0,39.0,11.0,17.0,13.0,15.0,437,474,340.0,378.0,150,204,190,174,19.0,21.0,1.0,1.0,2.76,1.28,2.27,1.27,0.5,0.01,2.76,1.28,3.15,1.64,1,0,6,4,2,2,1,8,0,1,0.4964,0.0,2.1082,0.7176,0.122,0.2998,0.0368,0.2261,0.0,0.0406,7,14,2,0,0,1,1,0,0,0,1.2712,1.2734,0.9958,0.0,0.0,0.0107,0.4964,0.0,0.0,0.0,10,15,13.54,20.91
3561826,2021-08-08,usa,2021,MLS,,,546238,New York City FC,56453,Toronto FC,0,2,2,52,48,15,10,5,6,6,1,4,3,1,0,6,9,9,1,2,7,2,4,0,2,,,17,6,1,3,0,0,0,7,19,11,16,15,2,4,23,4,4,3,56,52,39.0,41.0,17.0,11.0,15.0,13.0,474,437,378.0,340.0,204,150,174,190,21.0,19.0,1.0,1.0,1.28,2.76,1.27,2.27,0.01,0.5,1.28,2.76,1.64,3.15,0,1,4,6,2,2,8,1,1,0,0.0,0.4964,0.7176,2.1082,0.2998,0.122,0.2261,0.0368,0.0406,0.0,14,7,0,2,1,0,0,1,0,0,1.2734,1.2712,0.0,0.9958,0.0107,0.0,0.0,0.4964,0.0,0.0,15,10,20.91,13.54
3561827,2021-08-09,usa,2021,MLS,,,6602,DC United,161195,CF Montreal,1,2,1,49,51,18,6,8,2,5,4,5,0,0,0,10,2,8,4,8,1,2,1,1,1,,,16,13,0,2,0,0,1,3,22,13,13,12,0,4,10,15,1,6,51,56,44.0,42.0,7.0,14.0,9.0,15.0,429,460,349.0,383.0,168,271,181,112,36.0,19.0,3.0,1.0,1.34,0.52,1.05,0.41,0.29,0.11,1.34,0.52,1.61,0.31,0,0,6,2,4,0,7,2,1,2,0.0,0.0,0.9004,0.3778,0.185,0.0,0.226,0.1023,0.0303,0.0364,14,5,1,0,2,0,1,1,0,0,0.9912,0.4098,0.0635,0.0,0.0279,0.0,0.2591,0.1067,0.0,0.0,18,6,18.43,19.94
3561827,2021-08-09,usa,2021,MLS,,,161195,CF Montreal,6602,DC United,0,1,2,51,49,6,18,2,8,4,5,0,5,0,0,2,10,4,8,1,8,1,2,1,1,,,13,16,2,0,0,0,3,1,13,22,12,13,4,0,15,10,6,1,56,51,42.0,44.0,14.0,7.0,15.0,9.0,460,429,383.0,349.0,271,168,112,181,19.0,36.0,1.0,3.0,0.52,1.34,0.41,1.05,0.11,0.29,0.52,1.34,0.31,1.61,0,0,2,6,0,4,2,7,2,1,0.0,0.0,0.3778,0.9004,0.0,0.185,0.1023,0.226,0.0364,0.0303,5,14,0,1,0,2,1,1,0,0,0.4098,0.9912,0.0,0.0635,0.0,0.0279,0.1067,0.2591,0.0,0.0,6,18,19.94,18.43
3561828,2021-08-09,usa,2021,MLS,,,6637,LA Galaxy,307691,Vancouver Whitecaps,1,1,1,57,43,16,10,6,5,4,4,6,1,0,0,12,6,4,4,9,4,2,3,1,2,,,10,9,1,1,0,0,2,1,10,16,16,17,1,6,13,21,4,5,48,42,35.0,29.0,13.0,13.0,16.0,4.0,585,443,524.0,374.0,272,224,252,150,32.0,25.0,4.0,4.0,1.2,1.13,0.88,0.7,0.32,0.43,1.2,1.13,1.1,2.4,1,2,7,4,4,0,4,1,0,3,0.0627,0.3356,0.7701,0.5951,0.2127,0.0,0.1543,0.0214,0.0,0.1824,9,7,1,0,6,2,0,1,0,0,0.7493,0.7005,0.1349,0.0,0.3157,0.3049,0.0,0.1292,0.0,0.0,16,10,16.05,16.86
3561828,2021-08-09,usa,2021,MLS,,,307691,Vancouver Whitecaps,6637,LA Galaxy,0,1,1,43,57,10,16,5,6,4,4,1,6,0,0,6,12,4,4,4,9,3,2,2,1,,,9,10,1,1,0,0,1,2,16,10,17,16,6,1,21,13,5,4,42,48,29.0,35.0,13.0,13.0,4.0,16.0,443,585,374.0,524.0,224,272,150,252,25.0,32.0,4.0,4.0,1.13,1.2,0.7,0.88,0.43,0.32,1.13,1.2,2.4,1.1,2,1,4,7,0,4,1,4,3,0,0.3356,0.0627,0.5951,0.7701,0.0,0.2127,0.0214,0.1543,0.1824,0.0,7,9,0,1,2,6,1,0,0,0,0.7005,0.7493,0.0,0.1349,0.3049,0.3157,0.1292,0.0,0.0,0.0,10,16,16.86,16.05
3561785,2021-08-14,usa,2021,MLS,,,207242,Minnesota United,6637,LA Galaxy,1,0,1,48,52,21,10,6,1,8,4,7,5,0,0,13,5,8,5,10,4,0,2,0,1,,,12,13,1,3,0,0,2,2,19,17,10,16,5,5,10,23,0,7,58,50,47.0,38.0,11.0,12.0,15.0,11.0,425,475,342.0,395.0,153,235,189,160,21.0,21.0,7.0,0.0,1.82,1.48,1.23,1.47,0.59,0.01,1.82,1.48,1.11,0.92,2,1,11,2,0,2,8,3,0,2,0.6367,0.9115,0.8372,0.287,0.0,0.049,0.3493,0.1907,0.0,0.0441,11,8,0,1,6,1,4,0,0,0,1.2318,1.2885,0.0,0.1807,0.3882,0.0131,0.2032,0.0,0.0,0.0,21,10,17.44,19.75
3561785,2021-08-14,usa,2021,MLS,,,6637,LA Galaxy,207242,Minnesota United,0,1,0,52,48,10,21,1,6,4,8,5,7,0,0,5,13,5,8,4,10,2,0,1,0,,,13,12,3,1,0,0,2,2,17,19,16,10,5,5,23,10,7,0,50,58,38.0,47.0,12.0,11.0,11.0,15.0,475,425,395.0,342.0,235,153,160,189,21.0,21.0,0.0,7.0,1.48,1.82,1.47,1.23,0.01,0.59,1.48,1.82,0.92,1.11,1,2,2,11,2,0,3,8,2,0,0.9115,0.6367,0.287,0.8372,0.049,0.0,0.1907,0.3493,0.0441,0.0,8,11,1,0,1,6,0,4,0,0,1.2885,1.2318,0.1807,0.0,0.0131,0.3882,0.0,0.2032,0.0,0.0,10,21,19.75,17.44
3561829,2021-08-14,usa,2021,MLS,,,6603,San Jose Earthquakes,307691,Vancouver Whitecaps,1,0,0,51,49,12,11,3,3,4,6,5,2,1,0,8,6,4,5,7,2,1,1,1,1,24,13,12,12,3,1,0,0,1,0,16,22,9,14,2,5,12,16,3,3,58,58,39.0,46.0,19.0,12.0,11.0,14.0,481,469,389.0,379.0,220,239,169,140,41.0,32.0,5.0,5.0,0.85,0.96,0.46,0.84,0.38,0.13,0.85,0.96,0.3,1.21,1,1,4,4,3,1,4,3,0,2,0.2249,0.1201,0.1949,0.4741,0.1998,0.0272,0.2259,0.0826,0.0,0.0516,6,6,2,1,4,1,0,3,0,0,0.2909,0.2946,0.1738,0.3522,0.3808,0.0158,0.0,0.0929,0.0,0.0,12,11,16.01,18.39
3561829,2021-08-14,usa,2021,MLS,,,307691,Vancouver Whitecaps,6603,San Jose Earthquakes,0,0,0,49,51,11,12,3,3,6,4,2,5,0,1,6,8,5,4,2,7,1,1,1,1,13,24,12,12,1,3,0,0,0,1,22,16,14,9,5,2,16,12,3,3,58,58,46.0,39.0,12.0,19.0,14.0,11.0,469,481,379.0,389.0,239,220,140,169,32.0,41.0,5.0,5.0,0.96,0.85,0.84,0.46,0.13,0.38,0.96,0.85,1.21,0.3,1,1,4,4,1,3,3,4,2,0,0.1201,0.2249,0.4741,0.1949,0.0272,0.1998,0.0826,0.2259,0.0516,0.0,6,6,1,2,1,4,3,0,0,0,0.2946,0.2909,0.3522,0.1738,0.0158,0.3808,0.0929,0.0,0.0,0.0,11,12,18.39,16.01
3561784,2021-08-15,usa,2021,MLS,,,546238,New York City FC,960720,Inter Miami CF,1,2,0,53,47,12,7,3,4,7,1,2,2,0,0,9,4,3,3,4,7,4,0,2,0,24,10,17,16,2,3,0,0,0,3,24,19,15,14,2,1,14,9,4,1,56,53,47.0,48.0,9.0,5.0,8.0,13.0,445,387,368.0,317.0,199,203,169,114,16.0,26.0,4.0,2.0,2.5,0.27,1.12,0.21,0.59,0.07,1.71,0.27,1.6,0.57,1,0,4,1,4,3,2,1,1,2,0.5697,0.0,1.6483,0.0864,0.1958,0.0833,0.0535,0.03,0.0314,0.0748,8,5,1,0,1,1,1,1,1,0,0.5889,0.2092,0.5305,0.0,0.0212,0.03,0.5697,0.0354,0.7884,0.0,12,7,16.32,21.86
3561784,2021-08-15,usa,2021,MLS,,,960720,Inter Miami CF,546238,New York City FC,0,0,2,47,53,7,12,4,3,1,7,2,2,0,0,4,9,3,3,7,4,0,4,0,2,10,24,16,17,3,2,0,0,3,0,19,24,14,15,1,2,9,14,1,4,53,56,48.0,47.0,5.0,9.0,13.0,8.0,387,445,317.0,368.0,203,199,114,169,26.0,16.0,2.0,4.0,0.27,2.5,0.21,1.12,0.07,0.59,0.27,1.71,0.57,1.6,0,1,1,4,3,4,1,2,2,1,0.0,0.5697,0.0864,1.6483,0.0833,0.1958,0.03,0.0535,0.0748,0.0314,5,8,0,1,1,1,1,1,0,1,0.2092,0.5889,0.0,0.5305,0.03,0.0212,0.0354,0.5697,0.0,0.7884,7,12,21.86,16.32
3561786,2021-08-15,usa,2021,MLS,,,6397,Chicago Fire FC,6001,Columbus Crew,1,1,0,46,54,17,11,7,1,5,6,5,4,0,0,12,8,5,3,2,3,0,0,0,0,,,15,4,0,1,0,0,2,3,18,14,10,5,4,5,16,21,1,6,51,64,32.0,42.0,19.0,22.0,10.0,13.0,410,485,333.0,396.0,193,241,140,155,24.0,43.0,2.0,3.0,1.12,0.57,1.02,0.54,0.1,0.03,1.12,0.57,0.43,0.03,1,0,9,3,2,5,2,2,3,1,0.1431,0.0,0.613,0.1982,0.1409,0.2591,0.1146,0.0859,0.1068,0.0386,15,9,0,0,0,1,2,1,0,0,1.0208,0.5498,0.0,0.0,0.0,0.0233,0.0976,0.0088,0.0,0.0,17,11,15.09,16.08
3561786,2021-08-15,usa,2021,MLS,,,6001,Columbus Crew,6397,Chicago Fire FC,0,0,1,54,46,11,17,1,7,6,5,4,5,0,0,8,12,3,5,3,2,0,0,0,0,,,4,15,1,0,0,0,3,2,14,18,5,10,5,4,21,16,6,1,64,51,42.0,32.0,22.0,19.0,13.0,10.0,485,410,396.0,333.0,241,193,155,140,43.0,24.0,3.0,2.0,0.57,1.12,0.54,1.02,0.03,0.1,0.57,1.12,0.03,0.43,0,1,3,9,5,2,2,2,1,3,0.0,0.1431,0.1982,0.613,0.2591,0.1409,0.0859,0.1146,0.0386,0.1068,9,15,0,0,1,0,1,2,0,0,0.5498,1.0208,0.0,0.0,0.0233,0.0,0.0088,0.0976,0.0,0.0,11,17,16.08,15.09
3561788,2021-08-15,usa,2021,MLS,,,6399,FC Dallas,6604,Sporting Kansas City,1,0,2,49,51,16,11,2,6,8,2,6,3,3,0,13,5,3,6,5,6,2,1,2,0,,,14,9,6,1,0,0,1,1,20,18,9,15,3,5,11,15,4,2,48,55,40.0,49.0,8.0,6.0,12.0,17.0,483,518,419.0,450.0,254,307,165,143,34.0,39.0,4.0,3.0,1.34,0.57,1.22,0.51,0.12,0.06,1.34,0.57,0.91,2.18,1,0,7,2,5,3,2,1,1,5,0.1099,0.0,0.8951,0.204,0.264,0.2112,0.0549,0.0242,0.0166,0.132,13,9,0,0,2,0,1,2,0,0,1.2194,0.5095,0.0,0.0,0.0874,0.0,0.0338,0.0618,0.0,0.0,16,11,13.82,22.33
3561788,2021-08-15,usa,2021,MLS,,,6604,Sporting Kansas City,6399,FC Dallas,0,2,0,51,49,11,16,6,2,2,8,3,6,0,3,5,13,6,3,6,5,1,2,0,2,,,9,14,1,6,0,0,1,1,18,20,15,9,5,3,15,11,2,4,55,48,49.0,40.0,6.0,8.0,17.0,12.0,518,483,450.0,419.0,307,254,143,165,39.0,34.0,3.0,4.0,0.57,1.34,0.51,1.22,0.06,0.12,0.57,1.34,2.18,0.91,0,1,2,7,3,5,1,2,5,1,0.0,0.1099,0.204,0.8951,0.2112,0.264,0.0242,0.0549,0.132,0.0166,9,13,0,0,0,2,2,1,0,0,0.5095,1.2194,0.0,0.0,0.0,0.0874,0.0618,0.0338,0.0,0.0,11,16,22.33,13.82
3561789,2021-08-15,usa,2021,MLS,,,8259,Houston Dynamo FC,8314,Colorado Rapids,1,1,3,54,46,25,15,10,6,9,6,6,3,0,2,15,11,10,4,9,7,4,3,3,2,,,12,12,0,1,0,0,3,1,13,10,17,15,3,6,12,29,3,9,45,47,31.0,28.0,14.0,19.0,6.0,6.0,422,379,354.0,299.0,191,143,163,156,18.0,35.0,5.0,6.0,2.31,1.82,1.4,1.71,0.13,0.11,1.52,1.82,2.65,2.01,0,1,11,8,4,2,7,1,3,3,0.0,0.4552,1.8504,1.0954,0.1309,0.0772,0.2463,0.1161,0.0921,0.0722,19,13,1,0,2,1,2,1,1,0,1.3748,1.7056,0.0309,0.0,0.069,0.0878,0.0568,0.0227,0.7884,0.0,25,15,18.45,15.4
3561789,2021-08-15,usa,2021,MLS,,,8314,Colorado Rapids,8259,Houston Dynamo FC,0,3,1,46,54,15,25,6,10,6,9,3,6,2,0,11,15,4,10,7,9,3,4,2,3,,,12,12,1,0,0,0,1,3,10,13,15,17,6,3,29,12,9,3,47,45,28.0,31.0,19.0,14.0,6.0,6.0,379,422,299.0,354.0,143,191,156,163,35.0,18.0,6.0,5.0,1.82,2.31,1.71,1.4,0.11,0.13,1.82,1.52,2.01,2.65,1,0,8,11,2,4,1,7,3,3,0.4552,0.0,1.0954,1.8504,0.0772,0.1309,0.1161,0.2463,0.0722,0.0921,13,19,0,1,1,2,1,2,0,1,1.7056,1.3748,0.0,0.0309,0.0878,0.069,0.0227,0.0568,0.0,0.7884,15,25,15.4,18.45
3561790,2021-08-15,usa,2021,MLS,,,6606,Real Salt Lake,1218886,Austin FC,1,1,0,43,57,15,10,8,1,3,7,4,2,0,1,9,7,6,3,6,4,1,0,1,0,,,10,5,1,1,0,1,0,0,15,8,9,13,2,4,25,8,1,7,37,36,23.0,24.0,14.0,12.0,3.0,9.0,376,487,309.0,428.0,181,209,128,219,25.0,33.0,5.0,7.0,1.17,0.89,1.0,0.66,0.17,0.23,1.17,0.89,1.79,0.02,1,1,4,5,4,1,3,3,3,0,0.0926,0.1981,0.5632,0.5451,0.2654,0.0402,0.1362,0.1039,0.1099,0.0,10,7,2,1,2,1,1,1,0,0,0.8113,0.5927,0.1906,0.0667,0.1139,0.1981,0.0515,0.0298,0.0,0.0,15,10,18.01,14.68
3561790,2021-08-15,usa,2021,MLS,,,1218886,Austin FC,6606,Real Salt Lake,0,0,1,57,43,10,15,1,8,7,3,2,4,1,0,7,9,3,6,4,6,0,1,0,1,,,5,10,1,1,1,0,0,0,8,15,13,9,4,2,8,25,7,1,36,37,24.0,23.0,12.0,14.0,9.0,3.0,487,376,428.0,309.0,209,181,219,128,33.0,25.0,7.0,5.0,0.89,1.17,0.66,1.0,0.23,0.17,0.89,1.17,0.02,1.79,1,1,5,4,1,4,3,3,0,3,0.1981,0.0926,0.5451,0.5632,0.0402,0.2654,0.1039,0.1362,0.0,0.1099,7,10,1,2,1,2,1,1,0,0,0.5927,0.8113,0.0667,0.1906,0.1981,0.1139,0.0298,0.0515,0.0,0.0,10,15,14.68,18.01
3561791,2021-08-15,usa,2021,MLS,,,773958,Atlanta United,867280,Los Angeles FC,1,1,0,59,41,9,16,6,3,1,10,2,3,0,1,4,7,5,9,2,5,2,0,1,0,,,12,19,1,1,0,0,1,2,15,12,15,13,3,2,20,13,3,5,55,42,45.0,38.0,10.0,4.0,12.0,14.0,496,337,410.0,261.0,291,93,119,168,30.0,16.0,1.0,2.0,0.79,1.21,0.68,0.89,0.11,0.32,0.79,1.21,1.6,1.34,0,0,3,4,1,3,3,6,2,3,0.0,0.0,0.5997,0.5678,0.0397,0.1625,0.1091,0.2791,0.0415,0.0607,5,11,1,1,1,2,2,2,0,0,0.4072,0.7867,0.2684,0.0229,0.0331,0.1179,0.0813,0.1426,0.0,0.0,9,16,21.67,19.39
3561791,2021-08-15,usa,2021,MLS,,,867280,Los Angeles FC,773958,Atlanta United,0,0,1,41,59,16,9,3,6,10,1,3,2,1,0,7,4,9,5,5,2,0,2,0,1,,,19,12,1,1,0,0,2,1,12,15,13,15,2,3,13,20,5,3,42,55,38.0,45.0,4.0,10.0,14.0,12.0,337,496,261.0,410.0,93,291,168,119,16.0,30.0,2.0,1.0,1.21,0.79,0.89,0.68,0.32,0.11,1.21,0.79,1.34,1.6,0,0,4,3,3,1,6,3,3,2,0.0,0.0,0.5678,0.5997,0.1625,0.0397,0.2791,0.1091,0.0607,0.0415,11,5,1,1,2,1,2,2,0,0,0.7867,0.4072,0.0229,0.2684,0.1179,0.0331,0.1426,0.0813,0.0,0.0,16,9,19.39,21.67
3561792,2021-08-15,usa,2021,MLS,,,915807,Nashville SC,6602,DC United,1,5,2,51,49,17,8,9,4,8,2,0,2,0,0,12,4,5,4,3,5,4,2,1,1,,,13,15,0,0,0,0,1,3,10,13,20,13,2,2,19,16,2,2,46,44,30.0,28.0,16.0,16.0,5.0,3.0,422,413,340.0,323.0,191,165,149,158,28.0,27.0,7.0,2.0,1.92,0.93,1.03,0.48,0.1,0.45,1.13,0.93,3.07,1.21,1,2,7,2,4,0,2,1,3,3,0.2316,0.3189,1.4642,0.5173,0.1566,0.0,0.0639,0.0183,0.0411,0.072,13,5,0,0,2,3,1,0,1,0,1.0693,0.4757,0.0,0.0,0.0627,0.4507,0.0372,0.0,0.7884,0.0,17,8,16.65,17.61
3561792,2021-08-15,usa,2021,MLS,,,6602,DC United,915807,Nashville SC,0,2,5,49,51,8,17,4,9,2,8,2,0,0,0,4,12,4,5,5,3,2,4,1,1,,,15,13,0,0,0,0,3,1,13,10,13,20,2,2,16,19,2,2,44,46,28.0,30.0,16.0,16.0,3.0,5.0,413,422,323.0,340.0,165,191,158,149,27.0,28.0,2.0,7.0,0.93,1.92,0.48,1.03,0.45,0.1,0.93,1.13,1.21,3.07,2,1,2,7,0,4,1,2,3,3,0.3189,0.2316,0.5173,1.4642,0.0,0.1566,0.0183,0.0639,0.072,0.0411,5,13,0,0,3,2,0,1,0,1,0.4757,1.0693,0.0,0.0,0.4507,0.0627,0.0,0.0372,0.0,0.7884,8,17,17.61,16.65
3561830,2021-08-15,usa,2021,MLS,,,161195,CF Montreal,6514,New York Red Bulls,1,2,1,63,37,16,14,6,4,8,6,2,4,0,0,12,8,4,6,6,3,4,1,2,0,,,14,17,1,5,0,0,0,1,19,25,4,12,4,2,20,15,3,4,54,61,43.0,48.0,11.0,13.0,9.0,11.0,460,274,364.0,184.0,217,84,147,100,26.0,20.0,7.0,4.0,3.05,1.42,2.05,0.61,0.21,0.02,2.26,0.64,2.78,1.04,2,1,10,5,0,2,3,4,1,2,0.9417,0.1193,1.9286,1.1272,0.0,0.0632,0.1605,0.083,0.0165,0.0311,11,12,0,0,3,0,1,1,1,1,2.0475,0.6124,0.0,0.0,0.1257,0.0,0.0858,0.0231,0.7884,0.7884,16,14,13.51,20.23
3561830,2021-08-15,usa,2021,MLS,,,6514,New York Red Bulls,161195,CF Montreal,0,1,2,37,63,14,16,4,6,6,8,4,2,0,0,8,12,6,4,3,6,1,4,0,2,,,17,14,5,1,0,0,1,0,25,19,12,4,2,4,15,20,4,3,61,54,48.0,43.0,13.0,11.0,11.0,9.0,274,460,184.0,364.0,84,217,100,147,20.0,26.0,4.0,7.0,1.42,3.05,0.61,2.05,0.02,0.21,0.64,2.26,1.04,2.78,1,2,5,10,2,0,4,3,2,1,0.1193,0.9417,1.1272,1.9286,0.0632,0.0,0.083,0.1605,0.0311,0.0165,12,11,0,0,0,3,1,1,1,1,0.6124,2.0475,0.0,0.0,0.0,0.1257,0.0231,0.0858,0.7884,0.7884,14,16,20.23,13.51
3561831,2021-08-15,usa,2021,MLS,,,56453,Toronto FC,6580,New England Revolution,1,1,2,64,36,9,10,4,2,3,5,2,3,1,0,4,8,5,2,5,5,1,1,0,0,,,6,11,1,1,0,0,2,2,18,19,11,8,3,2,14,18,0,3,48,50,34.0,33.0,14.0,17.0,5.0,8.0,596,339,516.0,251.0,193,116,323,135,27.0,29.0,0.0,3.0,0.86,1.25,0.4,0.46,0.46,0.0,0.86,0.46,1.05,1.29,1,0,3,5,0,3,0,2,5,0,0.4401,0.0,0.326,1.0599,0.0,0.1359,0.0,0.0553,0.0959,0.0,7,8,0,1,1,0,1,0,0,1,0.4009,0.3639,0.0,0.0988,0.4401,0.0,0.0209,0.0,0.0,0.7884,9,10,18.99,16.44
3561831,2021-08-15,usa,2021,MLS,,,6580,New England Revolution,56453,Toronto FC,0,2,1,36,64,10,9,2,4,5,3,3,2,0,1,8,4,2,5,5,5,1,1,0,0,,,11,6,1,1,0,0,2,2,19,18,8,11,2,3,18,14,3,0,50,48,33.0,34.0,17.0,14.0,8.0,5.0,339,596,251.0,516.0,116,193,135,323,29.0,27.0,3.0,0.0,1.25,0.86,0.46,0.4,0.0,0.46,0.46,0.86,1.29,1.05,0,1,5,3,3,0,2,0,0,5,0.0,0.4401,1.0599,0.326,0.1359,0.0,0.0553,0.0,0.0,0.0959,8,7,1,0,0,1,0,1,1,0,0.3639,0.4009,0.0988,0.0,0.0,0.4401,0.0,0.0209,0.7884,0.0,10,9,16.44,18.99
3562012,2021-08-16,usa,2021,MLS,,,307690,Portland Timbers,130394,Seattle Sounders FC,1,2,6,49,51,21,15,9,8,7,3,5,4,1,0,12,7,9,8,5,2,4,4,4,1,,,11,10,3,1,0,0,1,3,15,19,12,12,4,5,9,21,2,7,58,51,43.0,40.0,15.0,11.0,19.0,10.0,437,474,353.0,376.0,142,221,211,155,24.0,39.0,5.0,1.0,1.85,2.19,1.13,1.34,0.72,0.85,1.85,2.19,2.33,3.91,0,2,10,5,2,0,6,5,3,3,0.0,0.8701,1.3615,0.9532,0.1677,0.0,0.1535,0.3453,0.0855,0.0524,12,10,0,0,6,1,3,4,0,0,1.1709,1.3376,0.0,0.0,0.3402,0.0439,0.2571,0.8395,0.0,0.0,21,15,17.86,18.87
3562012,2021-08-16,usa,2021,MLS,,,130394,Seattle Sounders FC,307690,Portland Timbers,0,6,2,51,49,15,21,8,9,3,7,4,5,0,1,7,12,8,9,2,5,4,4,1,4,,,10,11,1,3,0,0,3,1,19,15,12,12,5,4,21,9,7,2,51,58,40.0,43.0,11.0,15.0,10.0,19.0,474,437,376.0,353.0,221,142,155,211,39.0,24.0,1.0,5.0,2.19,1.85,1.34,1.13,0.85,0.72,2.19,1.85,3.91,2.33,2,0,5,10,0,2,5,6,3,3,0.8701,0.0,0.9532,1.3615,0.0,0.1677,0.3453,0.1535,0.0524,0.0855,10,12,0,0,1,6,4,3,0,0,1.3376,1.1709,0.0,0.0,0.0439,0.3402,0.8395,0.2571,0.0,0.0,15,21,18.87,17.86
3561793,2021-08-18,usa,2021,MLS,,,6603,San Jose Earthquakes,207242,Minnesota United,1,1,1,35,65,4,15,1,3,2,6,1,6,1,0,0,8,4,7,3,7,0,0,0,0,7,24,11,12,1,2,1,0,0,1,19,15,17,13,6,1,18,16,2,1,52,54,39.0,37.0,13.0,17.0,9.0,11.0,252,475,182.0,393.0,113,186,69,207,40.0,39.0,2.0,6.0,0.16,1.11,0.13,0.9,0.04,0.21,0.16,1.11,0.28,0.83,0,1,0,6,0,1,2,2,2,5,0.0,0.3454,0.0,0.5295,0.0,0.0517,0.1152,0.0358,0.0481,0.1486,2,11,1,0,0,4,1,0,0,0,0.1011,0.9034,0.0242,0.0,0.0,0.2077,0.038,0.0,0.0,0.0,4,15,23.66,17.5
3561793,2021-08-18,usa,2021,MLS,,,207242,Minnesota United,6603,San Jose Earthquakes,0,1,1,65,35,15,4,3,1,6,2,6,1,0,1,8,0,7,4,7,3,0,0,0,0,24,7,12,11,2,1,0,1,1,0,15,19,13,17,1,6,16,18,1,2,54,52,37.0,39.0,17.0,13.0,11.0,9.0,475,252,393.0,182.0,186,113,207,69,39.0,40.0,6.0,2.0,1.11,0.16,0.9,0.13,0.21,0.04,1.11,0.16,0.83,0.28,1,0,6,0,1,0,2,2,5,2,0.3454,0.0,0.5295,0.0,0.0517,0.0,0.0358,0.1152,0.1486,0.0481,11,2,0,1,4,0,0,1,0,0,0.9034,0.1011,0.0,0.0242,0.2077,0.0,0.0,0.038,0.0,0.0,15,4,17.5,23.66
3561794,2021-08-18,usa,2021,MLS,,,6637,LA Galaxy,8314,Colorado Rapids,1,1,2,65,35,20,15,6,5,9,4,5,6,1,1,12,11,8,4,6,3,1,2,1,1,,,12,13,1,3,0,0,1,7,8,19,6,11,7,5,5,26,2,5,46,56,33.0,41.0,13.0,15.0,12.0,11.0,639,355,568.0,295.0,268,171,300,124,23.0,17.0,6.0,4.0,1.27,1.62,0.5,0.74,0.77,0.1,1.27,0.83,1.51,1.31,2,1,6,6,4,4,5,3,3,1,0.5213,0.078,0.4646,1.3044,0.1471,0.1281,0.1224,0.0894,0.0531,0.0206,12,11,0,1,6,2,2,0,0,1,0.5084,0.6737,0.0,0.0632,0.713,0.0951,0.0872,0.0,0.0,0.7884,20,15,17.27,16.09
3561794,2021-08-18,usa,2021,MLS,,,8314,Colorado Rapids,6637,LA Galaxy,0,2,1,35,65,15,20,5,6,4,9,6,5,1,1,11,12,4,8,3,6,2,1,1,1,,,13,12,3,1,0,0,7,1,19,8,11,6,5,7,26,5,5,2,56,46,41.0,33.0,15.0,13.0,11.0,12.0,355,639,295.0,568.0,171,268,124,300,17.0,23.0,4.0,6.0,1.62,1.27,0.74,0.5,0.1,0.77,0.83,1.27,1.31,1.51,1,2,6,6,4,4,3,5,1,3,0.078,0.5213,1.3044,0.4646,0.1281,0.1471,0.0894,0.1224,0.0206,0.0531,11,12,1,0,2,6,0,2,1,0,0.6737,0.5084,0.0632,0.0,0.0951,0.713,0.0,0.0872,0.7884,0.0,15,20,16.09,17.27
3561795,2021-08-18,usa,2021,MLS,,,960720,Inter Miami CF,6397,Chicago Fire FC,1,3,2,54,46,12,8,4,3,5,3,3,2,0,0,9,8,3,0,6,2,2,3,0,2,15,15,17,16,3,1,0,0,1,1,8,14,11,13,2,3,9,11,1,1,36,48,29.0,34.0,7.0,14.0,7.0,5.0,403,358,339.0,291.0,190,186,149,105,29.0,21.0,3.0,2.0,1.97,1.11,1.73,0.8,0.23,0.32,1.97,1.11,2.57,1.31,0,2,6,3,3,3,3,0,0,0,0.0,0.3157,1.848,0.3571,0.1072,0.4408,0.0741,0.0,0.0,0.0,6,6,2,0,3,2,1,0,0,0,0.8237,0.798,0.9737,0.0,0.0997,0.3157,0.1323,0.0,0.0,0.0,12,8,16.15,12.29
3561795,2021-08-18,usa,2021,MLS,,,6397,Chicago Fire FC,960720,Inter Miami CF,0,2,3,46,54,8,12,3,4,3,5,2,3,0,0,8,9,0,3,2,6,3,2,2,0,15,15,16,17,1,3,0,0,1,1,14,8,13,11,3,2,11,9,1,1,48,36,34.0,29.0,14.0,7.0,5.0,7.0,358,403,291.0,339.0,186,190,105,149,21.0,29.0,2.0,3.0,1.11,1.97,0.8,1.73,0.32,0.23,1.11,1.97,1.31,2.57,2,0,3,6,3,3,0,3,0,0,0.3157,0.0,0.3571,1.848,0.4408,0.1072,0.0,0.0741,0.0,0.0,6,6,0,2,2,3,0,1,0,0,0.798,0.8237,0.0,0.9737,0.3157,0.0997,0.0,0.1323,0.0,0.0,8,12,12.29,16.15
3561797,2021-08-18,usa,2021,MLS,,,6580,New England Revolution,6602,DC United,1,3,2,54,46,15,22,7,9,5,10,3,3,0,0,11,16,4,6,2,8,2,1,1,0,,,12,12,2,2,1,0,0,2,12,14,4,14,3,4,22,17,7,3,55,51,32.0,27.0,23.0,24.0,8.0,2.0,437,366,348.0,290.0,172,139,176,151,25.0,24.0,7.0,7.0,2.03,2.26,1.8,2.04,0.23,0.22,2.03,2.26,1.98,1.99,3,2,6,9,2,5,4,4,0,2,0.7757,0.3192,0.7488,1.4062,0.174,0.1405,0.3266,0.3595,0.0,0.0378,11,17,1,1,1,2,2,2,0,0,1.3838,1.837,0.4136,0.2051,0.0363,0.0428,0.1914,0.1782,0.0,0.0,15,22,13.04,15.9
3561797,2021-08-18,usa,2021,MLS,,,6602,DC United,6580,New England Revolution,0,2,3,46,54,22,15,9,7,10,5,3,3,0,0,16,11,6,4,8,2,1,2,0,1,,,12,12,2,2,0,1,2,0,14,12,14,4,4,3,17,22,3,7,51,55,27.0,32.0,24.0,23.0,2.0,8.0,366,437,290.0,348.0,139,172,151,176,24.0,25.0,7.0,7.0,2.26,2.03,2.04,1.8,0.22,0.23,2.26,2.03,1.99,1.98,2,3,9,6,5,2,4,4,2,0,0.3192,0.7757,1.4062,0.7488,0.1405,0.174,0.3595,0.3266,0.0378,0.0,17,11,1,1,2,1,2,2,0,0,1.837,1.3838,0.2051,0.4136,0.0428,0.0363,0.1782,0.1914,0.0,0.0,22,15,15.9,13.04
3561798,2021-08-18,usa,2021,MLS,,,191716,Philadelphia Union,546238,New York City FC,1,1,0,41,59,7,15,2,2,4,7,1,6,0,0,5,10,2,5,5,7,2,0,1,0,,,11,16,1,2,0,0,0,2,25,19,17,12,6,1,19,27,2,1,69,51,52.0,32.0,17.0,19.0,11.0,4.0,301,446,207.0,364.0,109,182,98,182,36.0,16.0,5.0,6.0,0.8,1.11,0.65,0.86,0.15,0.25,0.8,1.11,1.12,0.12,0,0,4,10,1,0,1,4,1,1,0.0,0.0,0.742,0.8505,0.0338,0.0,0.0139,0.2215,0.0097,0.0405,4,11,0,0,2,1,1,3,0,0,0.646,0.8592,0.0,0.0,0.1437,0.0327,0.0097,0.2205,0.0,0.0,7,15,16.26,16.11
3561798,2021-08-18,usa,2021,MLS,,,546238,New York City FC,191716,Philadelphia Union,0,0,1,59,41,15,7,2,2,7,4,6,1,0,0,10,5,5,2,7,5,0,2,0,1,,,16,11,2,1,0,0,2,0,19,25,12,17,1,6,27,19,1,2,51,69,32.0,52.0,19.0,17.0,4.0,11.0,446,301,364.0,207.0,182,109,182,98,16.0,36.0,6.0,5.0,1.11,0.8,0.86,0.65,0.25,0.15,1.11,0.8,0.12,1.12,0,0,10,4,0,1,4,1,1,1,0.0,0.0,0.8505,0.742,0.0,0.0338,0.2215,0.0139,0.0405,0.0097,11,4,0,0,1,2,3,1,0,0,0.8592,0.646,0.0,0.0,0.0327,0.1437,0.2205,0.0097,0.0,0.0,15,7,16.11,16.26
3561832,2021-08-18,usa,2021,MLS,,,773958,Atlanta United,56453,Toronto FC,1,1,0,57,43,21,14,4,3,10,5,7,6,0,0,11,10,10,4,4,4,0,3,0,3,,,5,10,0,0,0,0,1,5,14,17,14,11,6,7,7,11,3,3,49,43,41.0,34.0,8.0,9.0,17.0,12.0,566,423,502.0,358.0,281,185,221,173,36.0,22.0,3.0,8.0,1.36,1.14,1.19,1.1,0.16,0.03,1.36,1.14,1.38,0.58,1,0,5,8,5,2,7,2,3,2,0.1493,0.0,0.6271,0.7241,0.1504,0.2538,0.372,0.1107,0.0587,0.0465,19,12,0,1,1,0,1,1,0,0,1.1942,1.0748,0.0,0.0269,0.1493,0.0,0.0141,0.0334,0.0,0.0,21,14,19.41,16.78
3561832,2021-08-18,usa,2021,MLS,,,56453,Toronto FC,773958,Atlanta United,0,0,1,43,57,14,21,3,4,5,10,6,7,0,0,10,11,4,10,4,4,3,0,3,0,,,10,5,0,0,0,0,5,1,17,14,11,14,7,6,11,7,3,3,43,49,34.0,41.0,9.0,8.0,12.0,17.0,423,566,358.0,502.0,185,281,173,221,22.0,36.0,8.0,3.0,1.14,1.36,1.1,1.19,0.03,0.16,1.14,1.36,0.58,1.38,0,1,8,5,2,5,2,7,2,3,0.0,0.1493,0.7241,0.6271,0.2538,0.1504,0.1107,0.372,0.0465,0.0587,12,19,1,0,0,1,1,1,0,0,1.0748,1.1942,0.0269,0.0,0.0,0.1493,0.0334,0.0141,0.0,0.0,14,21,16.78,19.41
3561833,2021-08-18,usa,2021,MLS,,,722265,FC Cincinnati,161195,CF Montreal,1,0,0,46,54,17,8,3,0,9,5,5,3,2,0,9,3,8,5,5,5,0,0,0,0,,,11,9,4,2,0,1,2,5,15,9,7,12,3,5,10,11,0,3,38,36,28.0,32.0,10.0,4.0,5.0,13.0,415,500,350.0,421.0,210,198,140,223,25.0,24.0,3.0,5.0,0.76,0.27,0.56,0.21,0.2,0.06,0.76,0.27,0.49,0.0,0,0,5,1,4,2,6,3,2,2,0.0,0.0,0.2977,0.045,0.1447,0.0619,0.2727,0.1196,0.042,0.043,11,6,0,0,3,1,3,1,0,0,0.5595,0.2142,0.0,0.0,0.0736,0.0299,0.124,0.0255,0.0,0.0,17,8,19.95,22.26
3561833,2021-08-18,usa,2021,MLS,,,161195,CF Montreal,722265,FC Cincinnati,0,0,0,54,46,8,17,0,3,5,9,3,5,0,2,3,9,5,8,5,5,0,0,0,0,,,9,11,2,4,1,0,5,2,9,15,12,7,5,3,11,10,3,0,36,38,32.0,28.0,4.0,10.0,13.0,5.0,500,415,421.0,350.0,198,210,223,140,24.0,25.0,5.0,3.0,0.27,0.76,0.21,0.56,0.06,0.2,0.27,0.76,0.0,0.49,0,0,1,5,2,4,3,6,2,2,0.0,0.0,0.045,0.2977,0.0619,0.1447,0.1196,0.2727,0.043,0.042,6,11,0,0,1,3,1,3,0,0,0.2142,0.5595,0.0,0.0,0.0299,0.0736,0.0255,0.124,0.0,0.0,8,17,22.26,19.95
3561796,2021-08-19,usa,2021,MLS,,,6514,New York Red Bulls,6001,Columbus Crew,1,1,0,44,56,16,9,5,3,9,2,2,4,0,0,10,6,6,3,6,3,1,2,0,2,,,10,7,1,1,0,0,2,2,12,16,7,17,4,2,21,25,4,4,65,57,36.0,40.0,29.0,17.0,17.0,14.0,324,414,211.0,285.0,67,165,144,120,21.0,25.0,5.0,2.0,0.96,1.55,0.7,1.55,0.26,0.0,0.96,1.55,1.0,0.65,0,2,9,4,1,0,4,3,2,0,0.0,0.4346,0.4594,1.0463,0.0827,0.0,0.2489,0.0756,0.0426,0.0,10,9,1,0,4,0,1,0,0,0,0.4858,1.5565,0.1485,0.0,0.1688,0.0,0.0305,0.0,0.0,0.0,16,9,16.91,13.7
3561796,2021-08-19,usa,2021,MLS,,,6001,Columbus Crew,6514,New York Red Bulls,0,0,1,56,44,9,16,3,5,2,9,4,2,0,0,6,10,3,6,3,6,2,1,2,0,,,7,10,1,1,0,0,2,2,16,12,17,7,2,4,25,21,4,4,57,65,40.0,36.0,17.0,29.0,14.0,17.0,414,324,285.0,211.0,165,67,120,144,25.0,21.0,2.0,5.0,1.55,0.96,1.55,0.7,0.0,0.26,1.55,0.96,0.65,1.0,2,0,4,9,0,1,3,4,0,2,0.4346,0.0,1.0463,0.4594,0.0,0.0827,0.0756,0.2489,0.0,0.0426,9,10,0,1,0,4,0,1,0,0,1.5565,0.4858,0.0,0.1485,0.0,0.1688,0.0,0.0305,0.0,0.0,9,16,13.7,16.91
3561799,2021-08-19,usa,2021,MLS,,,6399,FC Dallas,130394,Seattle Sounders FC,1,0,1,65,35,18,9,2,1,10,7,6,1,0,0,9,4,9,5,7,1,0,0,0,0,,,8,4,3,0,0,0,2,2,14,18,10,18,1,6,10,24,0,2,52,59,32.0,36.0,20.0,23.0,14.0,12.0,609,343,533.0,251.0,302,110,231,141,49.0,31.0,8.0,2.0,0.92,0.51,0.65,0.47,0.27,0.04,0.92,0.51,0.19,0.6,0,0,6,2,3,2,6,2,3,3,0.0,0.0,0.3779,0.2739,0.1135,0.0947,0.3754,0.0933,0.051,0.0532,12,8,1,0,4,0,1,1,0,0,0.6132,0.4747,0.0348,0.0,0.2366,0.0,0.0332,0.0404,0.0,0.0,18,9,18.75,20.87
3561799,2021-08-19,usa,2021,MLS,,,130394,Seattle Sounders FC,6399,FC Dallas,0,1,0,35,65,9,18,1,2,7,10,1,6,0,0,4,9,5,9,1,7,0,0,0,0,,,4,8,0,3,0,0,2,2,18,14,18,10,6,1,24,10,2,0,59,52,36.0,32.0,23.0,20.0,12.0,14.0,343,609,251.0,533.0,110,302,141,231,31.0,49.0,2.0,8.0,0.51,0.92,0.47,0.65,0.04,0.27,0.51,0.92,0.6,0.19,0,0,2,6,2,3,2,6,3,3,0.0,0.0,0.2739,0.3779,0.0947,0.1135,0.0933,0.3754,0.0532,0.051,8,12,0,1,0,4,1,1,0,0,0.4747,0.6132,0.0,0.0348,0.0,0.2366,0.0404,0.0332,0.0,0.0,9,18,20.87,18.75
3561800,2021-08-19,usa,2021,MLS,,,915807,Nashville SC,267810,Orlando City,1,1,1,44,56,14,14,4,3,7,7,3,4,2,1,6,7,8,7,3,3,1,2,0,1,,,17,12,3,3,0,0,1,1,17,7,11,8,4,3,11,18,2,3,58,41,35.0,31.0,23.0,10.0,6.0,7.0,406,523,330.0,454.0,150,256,180,198,29.0,15.0,6.0,4.0,0.64,0.68,0.45,0.57,0.19,0.11,0.64,0.68,0.97,0.69,0,0,4,5,2,2,4,5,4,2,0.0,0.0,0.3141,0.4344,0.0913,0.056,0.118,0.1583,0.1176,0.0309,7,12,3,0,1,0,3,2,0,0,0.1985,0.573,0.2546,0.0,0.0285,0.0,0.1595,0.1066,0.0,0.0,14,14,20.29,19.41
3561800,2021-08-19,usa,2021,MLS,,,267810,Orlando City,915807,Nashville SC,0,1,1,56,44,14,14,3,4,7,7,4,3,1,2,7,6,7,8,3,3,2,1,1,0,,,12,17,3,3,0,0,1,1,7,17,8,11,3,4,18,11,3,2,41,58,31.0,35.0,10.0,23.0,7.0,6.0,523,406,454.0,330.0,256,150,198,180,15.0,29.0,4.0,6.0,0.68,0.64,0.57,0.45,0.11,0.19,0.68,0.64,0.69,0.97,0,0,5,4,2,2,5,4,2,4,0.0,0.0,0.4344,0.3141,0.056,0.0913,0.1583,0.118,0.0309,0.1176,12,7,0,3,0,1,2,3,0,0,0.573,0.1985,0.0,0.2546,0.0,0.0285,0.1066,0.1595,0.0,0.0,14,14,19.41,20.29
3561801,2021-08-19,usa,2021,MLS,,,6604,Sporting Kansas City,307690,Portland Timbers,1,1,1,69,31,13,8,4,1,6,3,3,4,0,0,10,5,3,3,11,1,3,2,3,1,,,8,14,2,4,0,0,1,2,9,14,7,14,4,3,2,40,0,3,42,45,26.0,34.0,16.0,11.0,4.0,12.0,621,290,555.0,214.0,222,130,333,84,40.0,18.0,5.0,2.0,1.75,1.06,1.19,1.0,0.57,0.06,1.75,1.06,1.14,0.33,3,1,4,4,3,0,3,2,0,1,1.178,0.0555,0.4291,0.9305,0.1239,0.0,0.0544,0.0652,0.0,0.0071,8,7,0,0,3,1,2,0,0,0,1.2173,1.0028,0.0,0.0,0.0514,0.0555,0.5166,0.0,0.0,0.0,13,8,14.15,18.49
3561801,2021-08-19,usa,2021,MLS,,,307690,Portland Timbers,6604,Sporting Kansas City,0,1,1,31,69,8,13,1,4,3,6,4,3,0,0,5,10,3,3,1,11,2,3,1,3,,,14,8,4,2,0,0,2,1,14,9,14,7,3,4,40,2,3,0,45,42,34.0,26.0,11.0,16.0,12.0,4.0,290,621,214.0,555.0,130,222,84,333,18.0,40.0,2.0,5.0,1.06,1.75,1.0,1.19,0.06,0.57,1.06,1.75,0.33,1.14,1,3,4,4,0,3,2,3,1,0,0.0555,1.178,0.9305,0.4291,0.0,0.1239,0.0652,0.0544,0.0071,0.0,7,8,0,0,1,3,0,2,0,0,1.0028,1.2173,0.0,0.0,0.0555,0.0514,0.0,0.5166,0.0,0.0,8,13,18.49,14.15
3561802,2021-08-19,usa,2021,MLS,,,6606,Real Salt Lake,8259,Houston Dynamo FC,1,2,1,53,47,9,14,4,1,3,10,2,3,0,1,7,11,2,3,4,8,1,4,0,3,,,10,10,2,0,0,0,1,1,9,14,4,12,3,1,25,10,0,2,52,47,28.0,32.0,24.0,15.0,10.0,10.0,400,340,313.0,253.0,167,124,146,129,32.0,37.0,5.0,3.0,0.86,1.41,0.83,1.22,0.02,0.2,0.86,1.41,1.22,0.2,0,1,4,5,3,5,1,3,1,0,0.0,0.237,0.6848,0.9332,0.1365,0.1607,0.0183,0.0835,0.0166,0.0,6,11,1,0,1,3,1,0,0,0,0.7326,1.2175,0.1003,0.0,0.0097,0.1969,0.0137,0.0,0.0,0.0,9,14,18.32,15.36
3561802,2021-08-19,usa,2021,MLS,,,8259,Houston Dynamo FC,6606,Real Salt Lake,0,1,2,47,53,14,9,1,4,10,3,3,2,1,0,11,7,3,2,8,4,4,1,3,0,,,10,10,0,2,0,0,1,1,14,9,12,4,1,3,10,25,2,0,47,52,32.0,28.0,15.0,24.0,10.0,10.0,340,400,253.0,313.0,124,167,129,146,37.0,32.0,3.0,5.0,1.41,0.86,1.22,0.83,0.2,0.02,1.41,0.86,0.2,1.22,1,0,5,4,5,3,3,1,0,1,0.237,0.0,0.9332,0.6848,0.1607,0.1365,0.0835,0.0183,0.0,0.0166,11,6,0,1,3,1,0,1,0,0,1.2175,0.7326,0.0,0.1003,0.1969,0.0097,0.0,0.0137,0.0,0.0,14,9,15.36,18.32
3561834,2021-08-19,usa,2021,MLS,,,1218886,Austin FC,307691,Vancouver Whitecaps,1,1,2,62,38,10,19,2,8,8,5,0,6,0,0,6,16,4,3,4,10,1,4,1,3,,,15,11,3,1,0,0,2,0,16,12,8,14,6,0,15,17,6,1,53,56,40.0,38.0,13.0,18.0,13.0,13.0,495,295,424.0,225.0,204,107,220,118,27.0,26.0,8.0,6.0,0.97,2.53,0.78,1.82,0.19,0.71,0.97,2.53,0.32,2.17,1,5,4,5,1,6,3,2,1,1,0.4579,1.2723,0.2711,0.797,0.0052,0.3724,0.2035,0.091,0.0296,0.0226,8,12,0,1,1,4,1,2,0,0,0.7762,1.1032,0.0,0.7167,0.0306,0.4597,0.1606,0.2756,0.0,0.0,10,19,15.63,13.91
3561834,2021-08-19,usa,2021,MLS,,,307691,Vancouver Whitecaps,1218886,Austin FC,0,2,1,38,62,19,10,8,2,5,8,6,0,0,0,16,6,3,4,10,4,4,1,3,1,,,11,15,1,3,0,0,0,2,12,16,14,8,0,6,17,15,1,6,56,53,38.0,40.0,18.0,13.0,13.0,13.0,295,495,225.0,424.0,107,204,118,220,26.0,27.0,6.0,8.0,2.53,0.97,1.82,0.78,0.71,0.19,2.53,0.97,2.17,0.32,5,1,5,4,6,1,2,3,1,1,1.2723,0.4579,0.797,0.2711,0.3724,0.0052,0.091,0.2035,0.0226,0.0296,12,8,1,0,4,1,2,1,0,0,1.1032,0.7762,0.7167,0.0,0.4597,0.0306,0.2756,0.1606,0.0,0.0,19,10,13.91,15.63
3561803,2021-08-21,usa,2021,MLS,,,6637,LA Galaxy,6603,San Jose Earthquakes,1,1,2,54,46,18,17,4,6,7,6,7,5,0,2,10,13,8,4,12,6,0,4,0,3,24,23,10,13,2,3,0,0,2,1,18,20,10,6,5,7,12,21,5,3,51,44,39.0,35.0,12.0,9.0,8.0,5.0,479,417,411.0,354.0,195,190,216,164,24.0,31.0,4.0,6.0,1.14,1.54,0.73,1.04,0.41,0.5,1.14,1.54,0.27,1.64,0,3,8,9,2,1,5,3,3,1,0.0,0.5788,0.8152,0.8234,0.0892,0.0602,0.1745,0.0709,0.0603,0.0392,11,10,0,0,4,7,3,0,0,0,0.7292,1.0703,0.0,0.0,0.3245,0.5022,0.0856,0.0,0.0,0.0,18,17,20.64,13.22
3561803,2021-08-21,usa,2021,MLS,,,6603,San Jose Earthquakes,6637,LA Galaxy,0,2,1,46,54,17,18,6,4,6,7,5,7,2,0,13,10,4,8,6,12,4,0,3,0,23,24,13,10,3,2,0,0,1,2,20,18,6,10,7,5,21,12,3,5,44,51,35.0,39.0,9.0,12.0,5.0,8.0,417,479,354.0,411.0,190,195,164,216,31.0,24.0,6.0,4.0,1.54,1.14,1.04,0.73,0.5,0.41,1.54,1.14,1.64,0.27,3,0,9,8,1,2,3,5,1,3,0.5788,0.0,0.8234,0.8152,0.0602,0.0892,0.0709,0.1745,0.0392,0.0603,10,11,0,0,7,4,0,3,0,0,1.0703,0.7292,0.0,0.0,0.5022,0.3245,0.0,0.0856,0.0,0.0,17,18,13.22,20.64
3561804,2021-08-21,usa,2021,MLS,,,207242,Minnesota United,6604,Sporting Kansas City,1,0,0,61,39,24,11,7,5,9,5,8,1,1,0,18,4,6,7,9,4,4,1,4,1,,,18,11,2,4,0,1,6,0,17,13,5,12,1,7,13,30,5,7,59,49,43.0,32.0,16.0,17.0,16.0,4.0,419,279,339.0,212.0,124,129,215,83,24.0,29.0,8.0,2.0,2.8,0.95,2.49,0.78,0.31,0.17,2.8,0.95,2.36,0.32,3,1,13,2,2,1,2,4,4,3,0.481,0.141,1.7395,0.6098,0.363,0.058,0.1284,0.0988,0.1053,0.0419,18,7,1,1,3,1,2,2,0,0,2.1955,0.193,0.3087,0.5898,0.1457,0.02,0.1673,0.1468,0.0,0.0,24,11,14.6,23.1
3561804,2021-08-21,usa,2021,MLS,,,6604,Sporting Kansas City,207242,Minnesota United,0,0,0,39,61,11,24,5,7,5,9,1,8,0,1,4,18,7,6,4,9,1,4,1,4,,,11,18,4,2,1,0,0,6,13,17,12,5,7,1,30,13,7,5,49,59,32.0,43.0,17.0,16.0,4.0,16.0,279,419,212.0,339.0,129,124,83,215,29.0,24.0,2.0,8.0,0.95,2.8,0.78,2.49,0.17,0.31,0.95,2.8,0.32,2.36,1,3,2,13,1,2,4,2,3,4,0.141,0.481,0.6098,1.7395,0.058,0.363,0.0988,0.1284,0.0419,0.1053,7,18,1,1,1,3,2,2,0,0,0.193,2.1955,0.5898,0.3087,0.02,0.1457,0.1468,0.1673,0.0,0.0,11,24,23.1,14.6
3561805,2021-08-21,usa,2021,MLS,,,6001,Columbus Crew,130394,Seattle Sounders FC,1,1,2,44,56,11,17,2,5,7,6,2,6,0,1,8,8,3,9,4,7,2,1,1,0,,,15,13,1,1,0,0,2,2,6,19,9,9,6,2,14,10,3,1,48,60,30.0,40.0,18.0,20.0,12.0,6.0,362,452,292.0,376.0,142,195,150,181,29.0,24.0,6.0,7.0,0.7,1.7,0.34,0.57,0.37,1.13,0.7,1.7,1.0,1.89,1,2,4,3,3,3,2,5,1,4,0.2608,0.7496,0.312,0.2269,0.0781,0.1191,0.0361,0.2205,0.0166,0.0841,7,11,0,0,3,4,1,2,0,0,0.3358,0.517,0.0,0.0,0.2866,0.773,0.0812,0.1102,0.0,0.0,11,17,17.07,19.12
3561805,2021-08-21,usa,2021,MLS,,,130394,Seattle Sounders FC,6001,Columbus Crew,0,2,1,56,44,17,11,5,2,6,7,6,2,1,0,8,8,9,3,7,4,1,2,0,1,,,13,15,1,1,0,0,2,2,19,6,9,9,2,6,10,14,1,3,60,48,40.0,30.0,20.0,18.0,6.0,12.0,452,362,376.0,292.0,195,142,181,150,24.0,29.0,7.0,6.0,1.7,0.7,0.57,0.34,1.13,0.37,1.7,0.7,1.89,1.0,2,1,3,4,3,3,5,2,4,1,0.7496,0.2608,0.2269,0.312,0.1191,0.0781,0.2205,0.0361,0.0841,0.0166,11,7,0,0,4,3,2,1,0,0,0.517,0.3358,0.0,0.0,0.773,0.2866,0.1102,0.0812,0.0,0.0,17,11,19.12,17.07
3561806,2021-08-22,usa,2021,MLS,,,267810,Orlando City,6397,Chicago Fire FC,1,1,0,46,54,11,18,3,5,7,5,1,8,1,0,7,11,4,7,5,11,1,1,1,1,,,10,6,1,1,0,0,0,0,14,16,12,17,8,1,30,10,5,2,46,45,28.0,34.0,18.0,11.0,8.0,8.0,402,485,337.0,413.0,197,233,140,180,30.0,25.0,6.0,9.0,0.58,1.13,0.55,0.74,0.03,0.4,0.58,1.13,0.29,1.18,0,2,6,7,1,2,2,2,2,5,0.0,0.1656,0.4274,0.7341,0.0258,0.0545,0.1011,0.0468,0.0281,0.1309,9,10,0,1,1,5,1,2,0,0,0.5499,0.7079,0.0,0.0279,0.0135,0.3166,0.019,0.0794,0.0,0.0,11,18,17.05,16.46
3561806,2021-08-22,usa,2021,MLS,,,6397,Chicago Fire FC,267810,Orlando City,0,0,1,54,46,18,11,5,3,5,7,8,1,0,1,11,7,7,4,11,5,1,1,1,1,,,6,10,1,1,0,0,0,0,16,14,17,12,1,8,10,30,2,5,45,46,34.0,28.0,11.0,18.0,8.0,8.0,485,402,413.0,337.0,233,197,180,140,25.0,30.0,9.0,6.0,1.13,0.58,0.74,0.55,0.4,0.03,1.13,0.58,1.18,0.29,2,0,7,6,2,1,2,2,5,2,0.1656,0.0,0.7341,0.4274,0.0545,0.0258,0.0468,0.1011,0.1309,0.0281,10,9,1,0,5,1,2,1,0,0,0.7079,0.5499,0.0279,0.0,0.3166,0.0135,0.0794,0.019,0.0,0.0,18,11,16.46,17.05
3561807,2021-08-22,usa,2021,MLS,,,6602,DC United,773958,Atlanta United,1,1,2,46,54,26,13,7,4,13,7,6,2,0,0,17,6,9,7,8,3,3,2,3,1,,,19,9,4,1,0,0,0,2,15,12,8,14,1,6,17,18,2,6,46,64,33.0,52.0,13.0,12.0,9.0,20.0,367,435,302.0,358.0,119,204,183,154,27.0,33.0,7.0,3.0,1.7,1.11,0.97,1.05,0.73,0.06,1.7,1.11,1.29,2.13,3,0,11,4,3,2,7,5,2,2,0.4628,0.0,0.6805,0.7214,0.1448,0.138,0.3573,0.1975,0.052,0.0495,17,8,0,3,7,1,2,1,0,0,0.9688,0.8456,0.0,0.2042,0.6275,0.0226,0.1011,0.0341,0.0,0.0,26,13,15.95,20.82
3561807,2021-08-22,usa,2021,MLS,,,773958,Atlanta United,6602,DC United,0,2,1,54,46,13,26,4,7,7,13,2,6,0,0,6,17,7,9,3,8,2,3,1,3,,,9,19,1,4,0,0,2,0,12,15,14,8,6,1,18,17,6,2,64,46,52.0,33.0,12.0,13.0,20.0,9.0,435,367,358.0,302.0,204,119,154,183,33.0,27.0,3.0,7.0,1.11,1.7,1.05,0.97,0.06,0.73,1.11,1.7,2.13,1.29,0,3,4,11,2,3,5,7,2,2,0.0,0.4628,0.7214,0.6805,0.138,0.1448,0.1975,0.3573,0.0495,0.052,8,17,3,0,1,7,1,2,0,0,0.8456,0.9688,0.2042,0.0,0.0226,0.6275,0.0341,0.1011,0.0,0.0,13,26,20.82,15.95
3561808,2021-08-22,usa,2021,MLS,,,6580,New England Revolution,722265,FC Cincinnati,1,4,1,50,50,12,13,6,4,6,9,0,0,1,0,9,8,3,5,3,3,4,0,1,0,,,12,8,3,0,0,0,3,1,15,9,11,13,0,0,9,15,3,2,46,36,38.0,24.0,8.0,12.0,15.0,4.0,462,472,394.0,405.0,225,250,169,155,40.0,23.0,3.0,4.0,1.89,0.93,1.83,0.67,0.07,0.26,1.89,0.93,2.15,1.01,1,1,7,4,1,3,3,3,0,2,0.6585,0.0347,1.1357,0.3753,0.0241,0.1018,0.0764,0.0589,0.0,0.0819,10,8,0,0,2,3,0,2,0,0,1.8288,0.4212,0.0,0.0,0.0659,0.163,0.0,0.0684,0.0,0.0,12,13,13.83,18.77
3561808,2021-08-22,usa,2021,MLS,,,722265,FC Cincinnati,6580,New England Revolution,0,1,4,50,50,13,12,4,6,9,6,0,0,0,1,8,9,5,3,3,3,0,4,0,1,,,8,12,0,3,0,0,1,3,9,15,13,11,0,0,15,9,2,3,36,46,24.0,38.0,12.0,8.0,4.0,15.0,472,462,405.0,394.0,250,225,155,169,23.0,40.0,4.0,3.0,0.93,1.89,0.67,1.83,0.26,0.07,0.93,1.89,1.01,2.15,1,1,4,7,3,1,3,3,2,0,0.0347,0.6585,0.3753,1.1357,0.1018,0.0241,0.0589,0.0764,0.0819,0.0,8,10,0,0,3,2,2,0,0,0,0.4212,1.8288,0.0,0.0,0.163,0.0659,0.0684,0.0,0.0,0.0,13,12,18.77,13.83
3561810,2021-08-22,usa,2021,MLS,,,8259,Houston Dynamo FC,6399,FC Dallas,1,2,2,42,58,12,11,4,6,7,4,1,1,0,0,8,5,4,6,5,5,3,2,2,0,,,16,15,2,4,0,0,0,1,18,16,3,9,1,1,11,22,4,2,54,50,44.0,41.0,10.0,9.0,12.0,9.0,315,460,240.0,381.0,90,251,150,130,26.0,28.0,6.0,1.0,2.17,0.65,1.05,0.36,0.33,0.29,1.38,0.65,1.66,1.42,3,0,5,3,0,2,2,3,2,3,0.851,0.0,1.154,0.4427,0.0,0.0781,0.1373,0.0769,0.0271,0.0538,7,5,0,1,1,4,3,1,1,0,1.0483,0.3412,0.0,0.0217,0.0894,0.273,0.2432,0.0155,0.7884,0.0,12,11,13.96,21.78
3561810,2021-08-22,usa,2021,MLS,,,6399,FC Dallas,8259,Houston Dynamo FC,0,2,2,58,42,11,12,6,4,4,7,1,1,0,0,5,8,6,4,5,5,2,3,0,2,,,15,16,4,2,0,0,1,0,16,18,9,3,1,1,22,11,2,4,50,54,41.0,44.0,9.0,10.0,9.0,12.0,460,315,381.0,240.0,251,90,130,150,28.0,26.0,1.0,6.0,0.65,2.17,0.36,1.05,0.29,0.33,0.65,1.38,1.42,1.66,0,3,3,5,2,0,3,2,3,2,0.0,0.851,0.4427,1.154,0.0781,0.0,0.0769,0.1373,0.0538,0.0271,5,7,1,0,4,1,1,3,0,1,0.3412,1.0483,0.0217,0.0,0.273,0.0894,0.0155,0.2432,0.0,0.7884,11,12,21.78,13.96
3561811,2021-08-22,usa,2021,MLS,,,1218886,Austin FC,307690,Portland Timbers,1,3,1,55,45,19,11,9,6,5,3,5,2,0,0,13,8,6,3,5,2,3,1,1,1,,,4,8,1,1,0,0,1,0,13,15,10,12,2,6,18,12,5,5,29,30,23.0,22.0,6.0,8.0,2.0,3.0,573,458,515.0,397.0,266,215,249,182,41.0,19.0,4.0,4.0,2.93,0.96,1.96,0.86,0.18,0.11,2.14,0.96,3.17,0.37,1,1,10,5,2,2,5,2,1,1,0.1785,0.4495,2.4405,0.3074,0.0771,0.0296,0.2438,0.1455,0.0277,0.0328,17,8,0,0,1,2,0,1,1,0,2.0007,0.858,0.0,0.0,0.1785,0.1019,0.0,0.0048,0.7884,0.0,19,11,15.9,16.2
3561811,2021-08-22,usa,2021,MLS,,,307690,Portland Timbers,1218886,Austin FC,0,1,3,45,55,11,19,6,9,3,5,2,5,0,0,8,13,3,6,2,5,1,3,1,1,,,8,4,1,1,0,0,0,1,15,13,12,10,6,2,12,18,5,5,30,29,22.0,23.0,8.0,6.0,3.0,2.0,458,573,397.0,515.0,215,266,182,249,19.0,41.0,4.0,4.0,0.96,2.93,0.86,1.96,0.11,0.18,0.96,2.14,0.37,3.17,1,1,5,10,2,2,2,5,1,1,0.4495,0.1785,0.3074,2.4405,0.0296,0.0771,0.1455,0.2438,0.0328,0.0277,8,17,0,0,2,1,1,0,0,1,0.858,2.0007,0.0,0.0,0.1019,0.1785,0.0048,0.0,0.0,0.7884,11,19,16.2,15.9
3561812,2021-08-22,usa,2021,MLS,,,8314,Colorado Rapids,6606,Real Salt Lake,1,2,1,47,53,15,17,7,6,4,6,4,5,0,0,11,11,4,6,4,6,1,2,0,2,,,10,9,1,4,0,0,1,3,14,13,15,7,5,4,17,12,5,5,48,52,33.0,33.0,15.0,19.0,10.0,11.0,344,390,283.0,330.0,158,140,125,190,34.0,34.0,5.0,10.0,1.32,1.52,1.11,1.24,0.21,0.28,1.32,1.52,1.87,0.54,0,1,11,7,0,3,3,5,1,1,0.0,0.4778,1.2331,0.7792,0.0,0.0936,0.0606,0.1532,0.0244,0.0136,11,12,0,0,4,4,0,1,0,0,1.1103,1.236,0.0,0.0,0.2078,0.2556,0.0,0.0257,0.0,0.0,15,17,15.81,17.23
3561812,2021-08-22,usa,2021,MLS,,,6606,Real Salt Lake,8314,Colorado Rapids,0,1,2,53,47,17,15,6,7,6,4,5,4,0,0,11,11,6,4,6,4,2,1,2,0,,,9,10,4,1,0,0,3,1,13,14,7,15,4,5,12,17,5,5,52,48,33.0,33.0,19.0,15.0,11.0,10.0,390,344,330.0,283.0,140,158,190,125,34.0,34.0,10.0,5.0,1.52,1.32,1.24,1.11,0.28,0.21,1.52,1.32,0.54,1.87,1,0,7,11,3,0,5,3,1,1,0.4778,0.0,0.7792,1.2331,0.0936,0.0,0.1532,0.0606,0.0136,0.0244,12,11,0,0,4,4,1,0,0,0,1.236,1.1103,0.0,0.0,0.2556,0.2078,0.0257,0.0,0.0,0.0,17,15,17.23,15.81
3561835,2021-08-22,usa,2021,MLS,,,960720,Inter Miami CF,56453,Toronto FC,1,3,1,43,57,13,6,6,2,6,3,1,1,0,1,8,4,5,2,1,2,5,1,3,1,24,17,15,8,3,1,0,0,1,1,21,10,12,6,1,1,21,5,2,3,47,37,38.0,32.0,9.0,5.0,9.0,7.0,441,575,384.0,507.0,223,238,161,269,33.0,14.0,2.0,3.0,1.91,0.81,1.91,0.43,0.0,0.38,1.91,0.81,3.08,0.51,0,0,6,4,2,0,2,2,3,0,0.0,0.0,1.31,0.7122,0.3318,0.0,0.0869,0.0948,0.184,0.0,12,4,1,0,0,0,0,2,0,0,1.5275,0.4258,0.3852,0.0,0.0,0.0,0.0,0.3813,0.0,0.0,13,6,18.38,14.47
3561835,2021-08-22,usa,2021,MLS,,,56453,Toronto FC,960720,Inter Miami CF,0,1,3,57,43,6,13,2,6,3,6,1,1,1,0,4,8,2,5,2,1,1,5,1,3,17,24,8,15,1,3,0,0,1,1,10,21,6,12,1,1,5,21,3,2,37,47,32.0,38.0,5.0,9.0,7.0,9.0,575,441,507.0,384.0,238,223,269,161,14.0,33.0,3.0,2.0,0.81,1.91,0.43,1.91,0.38,0.0,0.81,1.91,0.51,3.08,0,0,4,6,0,2,2,2,0,3,0.0,0.0,0.7122,1.31,0.0,0.3318,0.0948,0.0869,0.0,0.184,4,12,0,1,0,0,2,0,0,0,0.4258,1.5275,0.0,0.3852,0.0,0.0,0.3813,0.0,0.0,0.0,6,13,14.47,18.38
3561836,2021-08-22,usa,2021,MLS,,,191716,Philadelphia Union,161195,CF Montreal,1,1,1,57,43,13,9,1,5,7,4,5,0,0,0,11,8,2,1,7,4,0,1,0,0,,,13,9,2,4,0,0,0,4,17,9,10,8,0,4,12,23,4,0,41,46,31.0,30.0,10.0,16.0,5.0,8.0,470,362,394.0,292.0,183,142,211,150,31.0,26.0,9.0,6.0,0.99,1.4,0.67,1.04,0.32,0.36,0.99,1.4,0.49,2.12,0,3,10,4,1,1,1,1,1,0,0.0,0.6566,0.8487,0.6755,0.0389,0.0496,0.0891,0.0217,0.0137,0.0,9,4,0,1,4,3,0,1,0,0,0.6731,0.6121,0.0,0.4272,0.3174,0.266,0.0,0.0983,0.0,0.0,13,9,13.54,11.46
3561836,2021-08-22,usa,2021,MLS,,,161195,CF Montreal,191716,Philadelphia Union,0,1,1,43,57,9,13,5,1,4,7,0,5,0,0,8,11,1,2,4,7,1,0,0,0,,,9,13,4,2,0,0,4,0,9,17,8,10,4,0,23,12,0,4,46,41,30.0,31.0,16.0,10.0,8.0,5.0,362,470,292.0,394.0,142,183,150,211,26.0,31.0,6.0,9.0,1.4,0.99,1.04,0.67,0.36,0.32,1.4,0.99,2.12,0.49,3,0,4,10,1,1,1,1,0,1,0.6566,0.0,0.6755,0.8487,0.0496,0.0389,0.0217,0.0891,0.0,0.0137,4,9,1,0,3,4,1,0,0,0,0.6121,0.6731,0.4272,0.0,0.266,0.3174,0.0983,0.0,0.0,0.0,9,13,11.46,13.54
3561837,2021-08-22,usa,2021,MLS,,,307691,Vancouver Whitecaps,867280,Los Angeles FC,1,2,1,53,47,10,24,3,7,3,12,4,5,0,1,7,17,3,7,11,4,3,3,1,2,,,8,15,0,1,0,0,2,1,20,20,15,13,5,4,15,17,6,1,49,61,40.0,42.0,9.0,19.0,8.0,14.0,387,357,305.0,272.0,178,130,127,142,30.0,22.0,6.0,7.0,1.86,3.33,1.68,2.22,0.18,0.32,1.86,2.54,2.12,1.87,1,3,5,12,1,2,1,5,2,2,0.8169,0.5847,0.8877,2.5267,0.0577,0.1088,0.0198,0.207,0.0814,0.0504,5,17,1,1,3,3,1,2,0,1,1.185,2.3277,0.4966,0.0392,0.1494,0.2213,0.0326,0.1009,0.0,0.7884,10,24,16.33,16.55
3561837,2021-08-22,usa,2021,MLS,,,867280,Los Angeles FC,307691,Vancouver Whitecaps,0,1,2,47,53,24,10,7,3,12,3,5,4,1,0,17,7,7,3,4,11,3,3,2,1,,,15,8,1,0,0,0,1,2,20,20,13,15,4,5,17,15,1,6,61,49,42.0,40.0,19.0,9.0,14.0,8.0,357,387,272.0,305.0,130,178,142,127,22.0,30.0,7.0,6.0,3.33,1.86,2.22,1.68,0.32,0.18,2.54,1.86,1.87,2.12,3,1,12,5,2,1,5,1,2,2,0.5847,0.8169,2.5267,0.8877,0.1088,0.0577,0.207,0.0198,0.0504,0.0814,17,5,1,1,3,3,2,1,1,0,2.3277,1.185,0.0392,0.4966,0.2213,0.1494,0.1009,0.0326,0.7884,0.0,24,10,16.55,16.33
3561813,2021-08-27,usa,2021,MLS,,,6001,Columbus Crew,722265,FC Cincinnati,1,3,2,51,49,22,17,11,4,8,7,3,6,2,0,15,11,7,6,6,8,4,1,2,1,,,6,8,0,0,0,0,3,0,11,21,8,8,6,3,21,28,2,8,44,57,33.0,40.0,11.0,17.0,14.0,13.0,396,381,329.0,300.0,168,205,161,95,23.0,20.0,6.0,3.0,2.59,1.08,2.02,0.89,0.56,0.19,2.59,1.08,3.33,1.24,1,0,9,9,5,2,5,5,2,1,0.6725,0.0,1.5199,0.7286,0.1649,0.1802,0.2147,0.144,0.0467,0.0284,13,12,0,2,6,2,3,1,0,0,2.0579,0.6943,0.0,0.1976,0.1508,0.0788,0.4101,0.1105,0.0,0.0,22,17,17.53,18.27
3561813,2021-08-27,usa,2021,MLS,,,722265,FC Cincinnati,6001,Columbus Crew,0,2,3,49,51,17,22,4,11,7,8,6,3,0,2,11,15,6,7,8,6,1,4,1,2,,,8,6,0,0,0,0,0,3,21,11,8,8,3,6,28,21,8,2,57,44,40.0,33.0,17.0,11.0,13.0,14.0,381,396,300.0,329.0,205,168,95,161,20.0,23.0,3.0,6.0,1.08,2.59,0.89,2.02,0.19,0.56,1.08,2.59,1.24,3.33,0,1,9,9,2,5,5,5,1,2,0.0,0.6725,0.7286,1.5199,0.1802,0.1649,0.144,0.2147,0.0284,0.0467,12,13,2,0,2,6,1,3,0,0,0.6943,2.0579,0.1976,0.0,0.0788,0.1508,0.1105,0.4101,0.0,0.0,17,22,18.27,17.53
3561838,2021-08-27,usa,2021,MLS,,,161195,CF Montreal,56453,Toronto FC,1,3,1,60,40,19,3,10,2,5,1,4,0,0,0,11,2,8,1,8,2,3,1,1,0,,,16,7,3,2,0,1,2,0,7,4,9,10,0,4,6,22,1,7,30,42,22.0,27.0,8.0,15.0,8.0,8.0,587,388,521.0,315.0,185,200,336,115,25.0,22.0,4.0,2.0,2.66,0.63,1.71,0.63,0.95,0.0,2.66,0.63,4.42,0.53,2,0,7,1,2,1,6,1,2,0,1.4762,0.0,0.6547,0.4689,0.3011,0.0325,0.2695,0.1306,0.0605,0.0,16,3,0,0,1,0,2,0,0,0,1.707,0.632,0.0,0.0,0.0243,0.0,1.0308,0.0,0.0,0.0,19,3,17.06,18.02
3561838,2021-08-27,usa,2021,MLS,,,56453,Toronto FC,161195,CF Montreal,0,1,3,40,60,3,19,2,10,1,5,0,4,0,0,2,11,1,8,2,8,1,3,0,1,,,7,16,2,3,1,0,0,2,4,7,10,9,4,0,22,6,7,1,42,30,27.0,22.0,15.0,8.0,8.0,8.0,388,587,315.0,521.0,200,185,115,336,22.0,25.0,2.0,4.0,0.63,2.66,0.63,1.71,0.0,0.95,0.63,2.66,0.53,4.42,0,2,1,7,1,2,1,6,0,2,0.0,1.4762,0.4689,0.6547,0.0325,0.3011,0.1306,0.2695,0.0,0.0605,3,16,0,0,0,1,0,2,0,0,0.632,1.707,0.0,0.0,0.0,0.0243,0.0,1.0308,0.0,0.0,3,19,18.02,17.06
3561814,2021-08-28,usa,2021,MLS,,,267810,Orlando City,960720,Inter Miami CF,1,0,0,56,44,15,5,2,2,10,1,3,2,0,0,10,4,5,1,10,4,3,2,3,2,23,11,13,14,1,2,0,0,2,2,6,22,9,14,2,3,11,18,2,2,38,54,32.0,47.0,6.0,7.0,13.0,13.0,462,384,420.0,321.0,191,168,229,153,27.0,17.0,6.0,2.0,1.82,0.59,0.54,0.21,0.49,0.39,1.03,0.59,1.43,1.35,1,1,8,2,1,1,4,1,1,0,0.1362,0.2942,1.4895,0.0988,0.0403,0.1655,0.139,0.0413,0.0155,0.0,9,2,0,0,5,3,0,0,1,0,0.5825,0.2068,0.0,0.0,0.4496,0.3931,0.0,0.0,0.7884,0.0,15,5,14.18,11.64
3561814,2021-08-28,usa,2021,MLS,,,960720,Inter Miami CF,267810,Orlando City,0,0,0,44,56,5,15,2,2,1,10,2,3,0,0,4,10,1,5,4,10,2,3,2,3,11,23,14,13,2,1,0,0,2,2,22,6,14,9,3,2,18,11,2,2,54,38,47.0,32.0,7.0,6.0,13.0,13.0,384,462,321.0,420.0,168,191,153,229,17.0,27.0,2.0,6.0,0.59,1.82,0.21,0.54,0.39,0.49,0.59,1.03,1.35,1.43,1,1,2,8,1,1,1,4,0,1,0.2942,0.1362,0.0988,1.4895,0.1655,0.0403,0.0413,0.139,0.0,0.0155,2,9,0,0,3,5,0,0,0,1,0.2068,0.5825,0.0,0.0,0.3931,0.4496,0.0,0.0,0.0,0.7884,5,15,11.64,14.18
3561815,2021-08-28,usa,2021,MLS,,,773958,Atlanta United,915807,Nashville SC,1,0,2,61,39,10,16,2,5,6,5,2,6,0,0,7,8,3,8,6,1,0,2,0,0,,,11,11,2,3,0,0,2,1,14,15,7,12,5,2,10,24,3,2,53,41,42.0,31.0,11.0,10.0,19.0,7.0,556,348,494.0,292.0,247,138,247,154,25.0,24.0,5.0,5.0,0.53,0.98,0.47,0.84,0.06,0.14,0.53,0.98,0.12,1.14,0,0,5,7,2,1,2,6,1,2,0.0,0.0,0.2989,0.5597,0.1184,0.0364,0.0648,0.2193,0.0448,0.165,7,13,1,1,1,0,1,2,0,0,0.3889,0.6972,0.0805,0.1442,0.0127,0.0,0.0448,0.1391,0.0,0.0,10,16,16.94,21.26
3561815,2021-08-28,usa,2021,MLS,,,915807,Nashville SC,773958,Atlanta United,0,2,0,39,61,16,10,5,2,5,6,6,2,0,0,8,7,8,3,1,6,2,0,0,0,,,11,11,3,2,0,0,1,2,15,14,12,7,2,5,24,10,2,3,41,53,31.0,42.0,10.0,11.0,7.0,19.0,348,556,292.0,494.0,138,247,154,247,24.0,25.0,5.0,5.0,0.98,0.53,0.84,0.47,0.14,0.06,0.98,0.53,1.14,0.12,0,0,7,5,1,2,6,2,2,1,0.0,0.0,0.5597,0.2989,0.0364,0.1184,0.2193,0.0648,0.165,0.0448,13,7,1,1,0,1,2,1,0,0,0.6972,0.3889,0.1442,0.0805,0.0,0.0127,0.1391,0.0448,0.0,0.0,16,10,21.26,16.94
3561816,2021-08-28,usa,2021,MLS,,,6514,New York Red Bulls,6397,Chicago Fire FC,1,0,1,58,42,20,9,2,4,10,3,8,2,0,1,11,4,9,5,2,3,0,1,0,0,,,13,11,2,1,0,0,1,1,19,13,11,16,2,7,13,30,3,2,68,49,40.0,30.0,28.0,19.0,11.0,6.0,453,332,336.0,216.0,151,148,185,68,31.0,15.0,7.0,1.0,1.13,1.2,0.86,0.29,0.27,0.91,1.13,1.2,0.2,1.49,0,1,9,3,2,0,6,4,3,1,0.0,0.8438,0.6379,0.1919,0.1063,0.0,0.3223,0.1433,0.062,0.0164,15,7,1,0,1,0,3,2,0,0,0.6807,0.3286,0.1756,0.0,0.0474,0.0,0.2248,0.8667,0.0,0.0,20,9,18.1,17.77
3561816,2021-08-28,usa,2021,MLS,,,6397,Chicago Fire FC,6514,New York Red Bulls,0,1,0,42,58,9,20,4,2,3,10,2,8,1,0,4,11,5,9,3,2,1,0,0,0,,,11,13,1,2,0,0,1,1,13,19,16,11,7,2,30,13,2,3,49,68,30.0,40.0,19.0,28.0,6.0,11.0,332,453,216.0,336.0,148,151,68,185,15.0,31.0,1.0,7.0,1.2,1.13,0.29,0.86,0.91,0.27,1.2,1.13,1.49,0.2,1,0,3,9,0,2,4,6,1,3,0.8438,0.0,0.1919,0.6379,0.0,0.1063,0.1433,0.3223,0.0164,0.062,7,15,0,1,0,1,2,3,0,0,0.3286,0.6807,0.0,0.1756,0.0,0.0474,0.8667,0.2248,0.0,0.0,9,20,17.77,18.1
3561817,2021-08-28,usa,2021,MLS,,,546238,New York City FC,6580,New England Revolution,1,2,0,52,48,19,12,5,1,11,9,3,2,0,0,13,7,6,5,7,10,5,2,3,2,,,17,7,5,2,0,0,3,0,15,8,8,8,2,3,21,24,1,3,44,44,27.0,32.0,17.0,12.0,5.0,7.0,471,424,392.0,335.0,181,165,211,170,43.0,53.0,9.0,7.0,1.93,1.03,1.71,0.87,0.22,0.16,1.93,1.03,2.95,0.13,2,1,7,5,4,1,5,3,1,2,0.6316,0.3774,0.91,0.4485,0.1773,0.0543,0.1754,0.1242,0.0366,0.0259,13,6,0,2,5,3,1,1,0,0,1.7086,0.7112,0.0,0.1609,0.2012,0.0781,0.0212,0.0801,0.0,0.0,19,12,14.77,17.09
3561817,2021-08-28,usa,2021,MLS,,,6580,New England Revolution,546238,New York City FC,0,0,2,48,52,12,19,1,5,9,11,2,3,0,0,7,13,5,6,10,7,2,5,2,3,,,7,17,2,5,0,0,0,3,8,15,8,8,3,2,24,21,3,1,44,44,32.0,27.0,12.0,17.0,7.0,5.0,424,471,335.0,392.0,165,181,170,211,53.0,43.0,7.0,9.0,1.03,1.93,0.87,1.71,0.16,0.22,1.03,1.93,0.13,2.95,1,2,5,7,1,4,3,5,2,1,0.3774,0.6316,0.4485,0.91,0.0543,0.1773,0.1242,0.1754,0.0259,0.0366,6,13,2,0,3,5,1,1,0,0,0.7112,1.7086,0.1609,0.0,0.0781,0.2012,0.0801,0.0212,0.0,0.0,12,19,17.09,14.77
3561819,2021-08-28,usa,2021,MLS,,,867280,Los Angeles FC,6637,LA Galaxy,1,3,3,47,53,25,10,11,5,8,3,6,2,0,0,14,6,11,4,7,9,3,2,1,0,,,9,13,1,4,0,0,1,1,17,21,10,15,2,6,17,32,2,8,56,53,44.0,40.0,12.0,13.0,15.0,11.0,320,367,237.0,292.0,80,159,157,133,21.0,29.0,5.0,2.0,2.53,0.97,1.49,0.89,0.25,0.08,1.74,0.97,2.29,1.97,1,0,9,5,4,1,3,3,8,1,0.0516,0.0,2.0546,0.6945,0.1695,0.1132,0.0953,0.1441,0.1773,0.0179,16,7,1,0,5,2,2,1,1,0,1.4642,0.8877,0.0419,0.0,0.1259,0.0508,0.1279,0.0312,0.7884,0.0,25,10,19.15,16.15
3561819,2021-08-28,usa,2021,MLS,,,6637,LA Galaxy,867280,Los Angeles FC,0,3,3,53,47,10,25,5,11,3,8,2,6,0,0,6,14,4,11,9,7,2,3,0,1,,,13,9,4,1,0,0,1,1,21,17,15,10,6,2,32,17,8,2,53,56,40.0,44.0,13.0,12.0,11.0,15.0,367,320,292.0,237.0,159,80,133,157,29.0,21.0,2.0,5.0,0.97,2.53,0.89,1.49,0.08,0.25,0.97,1.74,1.97,2.29,0,1,5,9,1,4,3,3,1,8,0.0,0.0516,0.6945,2.0546,0.1132,0.1695,0.1441,0.0953,0.0179,0.1773,7,16,0,1,2,5,1,2,0,1,0.8877,1.4642,0.0,0.0419,0.0508,0.1259,0.0312,0.1279,0.0,0.7884,10,25,16.15,19.15
3561818,2021-08-29,usa,2021,MLS,,,6602,DC United,191716,Philadelphia Union,1,3,1,49,51,14,10,9,2,3,6,2,2,0,0,10,4,4,6,5,3,5,1,2,1,,,14,10,1,1,0,0,3,2,11,31,15,8,2,2,26,17,2,6,55,75,30.0,52.0,25.0,23.0,9.0,9.0,372,375,284.0,280.0,127,121,157,159,34.0,29.0,4.0,6.0,2.7,0.32,1.74,0.26,0.17,0.06,1.91,0.32,3.82,0.17,2,0,6,2,2,2,3,5,1,1,1.1593,0.0,1.5005,0.1559,0.0863,0.0628,0.1675,0.0815,0.0343,0.0184,11,8,0,0,1,2,1,0,1,0,1.9943,0.265,0.0,0.0,0.1069,0.0536,0.0582,0.0,0.7884,0.0,14,10,14.56,23.83
3561818,2021-08-29,usa,2021,MLS,,,191716,Philadelphia Union,6602,DC United,0,1,3,51,49,10,14,2,9,6,3,2,2,0,0,4,10,6,4,3,5,1,5,1,2,,,10,14,1,1,0,0,2,3,31,11,8,15,2,2,17,26,6,2,75,55,52.0,30.0,23.0,25.0,9.0,9.0,375,372,280.0,284.0,121,127,159,157,29.0,34.0,6.0,4.0,0.32,2.7,0.26,1.74,0.06,0.17,0.32,1.91,0.17,3.82,0,2,2,6,2,2,5,3,1,1,0.0,1.1593,0.1559,1.5005,0.0628,0.0863,0.0815,0.1675,0.0184,0.0343,8,11,0,0,2,1,0,1,0,1,0.265,1.9943,0.0,0.0,0.0536,0.1069,0.0,0.0582,0.0,0.7884,10,14,23.83,14.56
3561820,2021-08-29,usa,2021,MLS,,,8259,Houston Dynamo FC,207242,Minnesota United,1,1,2,52,48,10,10,5,4,4,3,1,3,1,0,6,5,4,5,4,3,0,2,0,0,,,15,9,3,0,0,0,1,0,14,15,11,7,3,1,15,15,2,4,48,52,33.0,39.0,15.0,13.0,10.0,10.0,457,422,370.0,325.0,187,121,183,204,30.0,21.0,3.0,1.0,0.63,1.37,0.54,0.53,0.09,0.84,0.63,1.37,0.76,1.71,1,2,4,2,1,1,3,5,1,0,0.0713,0.7681,0.3433,0.3691,0.0476,0.0463,0.1461,0.1829,0.0332,0.0,8,6,0,0,1,2,1,2,0,0,0.5503,0.5273,0.0,0.0,0.0533,0.1806,0.038,0.6585,0.0,0.0,10,10,16.42,16.85
3561820,2021-08-29,usa,2021,MLS,,,207242,Minnesota United,8259,Houston Dynamo FC,0,2,1,48,52,10,10,4,5,3,4,3,1,0,1,5,6,5,4,3,4,2,0,0,0,,,9,15,0,3,0,0,0,1,15,14,7,11,1,3,15,15,4,2,52,48,39.0,33.0,13.0,15.0,10.0,10.0,422,457,325.0,370.0,121,187,204,183,21.0,30.0,1.0,3.0,1.37,0.63,0.53,0.54,0.84,0.09,1.37,0.63,1.71,0.76,2,1,2,4,1,1,5,3,0,1,0.7681,0.0713,0.3691,0.3433,0.0463,0.0476,0.1829,0.1461,0.0,0.0332,6,8,0,0,2,1,2,1,0,0,0.5273,0.5503,0.0,0.0,0.1806,0.0533,0.6585,0.038,0.0,0.0,10,10,16.85,16.42
3561839,2021-08-29,usa,2021,MLS,,,6604,Sporting Kansas City,8314,Colorado Rapids,1,1,1,58,42,20,8,9,1,7,6,4,1,1,2,12,5,8,3,6,4,1,3,1,2,,,3,14,0,4,0,0,2,1,14,23,13,7,1,5,9,19,0,7,51,43,37.0,33.0,14.0,10.0,10.0,7.0,542,385,478.0,310.0,209,211,269,99,32.0,26.0,2.0,1.0,1.88,2.33,1.39,2.33,0.49,0.0,1.88,2.33,1.27,0.69,2,1,5,3,5,1,4,3,4,0,0.8979,0.9358,0.4926,1.2232,0.2017,0.0477,0.1978,0.1288,0.0884,0.0,12,8,0,0,4,0,4,0,0,0,1.3928,2.3355,0.0,0.0,0.2187,0.0,0.2668,0.0,0.0,0.0,20,8,18.1,15.36
3561839,2021-08-29,usa,2021,MLS,,,8314,Colorado Rapids,6604,Sporting Kansas City,0,1,1,42,58,8,20,1,9,6,7,1,4,2,1,5,12,3,8,4,6,3,1,2,1,,,14,3,4,0,0,0,1,2,23,14,7,13,5,1,19,9,7,0,43,51,33.0,37.0,10.0,14.0,7.0,10.0,385,542,310.0,478.0,211,209,99,269,26.0,32.0,1.0,2.0,2.33,1.88,2.33,1.39,0.0,0.49,2.33,1.88,0.69,1.27,1,2,3,5,1,5,3,4,0,4,0.9358,0.8979,1.2232,0.4926,0.0477,0.2017,0.1288,0.1978,0.0,0.0884,8,12,0,0,0,4,0,4,0,0,2.3355,1.3928,0.0,0.0,0.0,0.2187,0.0,0.2668,0.0,0.0,8,20,15.36,18.1
3561840,2021-08-30,usa,2021,MLS,,,1218886,Austin FC,6399,FC Dallas,1,3,5,63,37,15,20,7,7,6,8,2,5,0,1,9,13,6,7,8,7,6,12,3,8,,,7,8,1,2,0,0,1,1,18,17,10,15,5,2,7,35,2,4,41,49,35.0,39.0,6.0,10.0,10.0,15.0,528,318,454.0,246.0,217,163,237,83,35.0,17.0,7.0,5.0,1.59,3.65,1.35,3.36,0.24,0.29,1.59,3.65,3.66,3.06,2,1,6,10,1,2,5,6,1,1,0.4353,0.142,0.9882,3.0702,0.031,0.2215,0.1228,0.3619,0.0123,0.0126,12,15,0,2,2,3,1,0,0,0,1.3523,3.1272,0.0,0.4989,0.0374,0.1821,0.2,0.0,0.0,0.0,15,20,17.37,15.76
3561840,2021-08-30,usa,2021,MLS,,,6399,FC Dallas,1218886,Austin FC,0,5,3,37,63,20,15,7,7,8,6,5,2,1,0,13,9,7,6,7,8,12,6,8,3,,,8,7,2,1,0,0,1,1,17,18,15,10,2,5,35,7,4,2,49,41,39.0,35.0,10.0,6.0,15.0,10.0,318,528,246.0,454.0,163,217,83,237,17.0,35.0,5.0,7.0,3.65,1.59,3.36,1.35,0.29,0.24,3.65,1.59,3.06,3.66,1,2,10,6,2,1,6,5,1,1,0.142,0.4353,3.0702,0.9882,0.2215,0.031,0.3619,0.1228,0.0126,0.0123,15,12,2,0,3,2,0,1,0,0,3.1272,1.3523,0.4989,0.0,0.1821,0.0374,0.0,0.2,0.0,0.0,20,15,15.76,17.37
3561841,2021-08-30,usa,2021,MLS,,,130394,Seattle Sounders FC,307690,Portland Timbers,1,0,2,55,45,16,10,5,2,7,2,4,6,3,1,10,3,6,7,12,2,0,2,0,0,,,14,12,0,2,0,0,1,0,13,24,11,13,6,4,16,34,0,5,51,61,36.0,48.0,15.0,13.0,12.0,13.0,542,454,455.0,362.0,203,186,252,176,34.0,37.0,9.0,0.0,1.05,1.19,0.18,1.16,0.87,0.03,1.05,1.19,1.0,0.98,3,0,7,3,0,0,3,3,3,4,0.5111,0.0,0.4222,0.9581,0.0,0.0,0.0884,0.1529,0.0631,0.0799,6,9,0,0,9,1,1,0,0,0,0.18,1.1562,0.0,0.0,0.8582,0.0349,0.0465,0.0,0.0,0.0,16,10,14.9,21.07
3561841,2021-08-30,usa,2021,MLS,,,307690,Portland Timbers,130394,Seattle Sounders FC,0,2,0,45,55,10,16,2,5,2,7,6,4,1,3,3,10,7,6,2,12,2,0,0,0,,,12,14,2,0,0,0,0,1,24,13,13,11,4,6,34,16,5,0,61,51,48.0,36.0,13.0,15.0,13.0,12.0,454,542,362.0,455.0,186,203,176,252,37.0,34.0,0.0,9.0,1.19,1.05,1.16,0.18,0.03,0.87,1.19,1.05,0.98,1.0,0,3,3,7,0,0,3,3,4,3,0.0,0.5111,0.9581,0.4222,0.0,0.0,0.1529,0.0884,0.0799,0.0631,9,6,0,0,1,9,0,1,0,0,1.1562,0.18,0.0,0.0,0.0349,0.8582,0.0,0.0465,0.0,0.0,10,16,21.07,14.9
3561907,2021-08-30,usa,2021,MLS,,,307691,Vancouver Whitecaps,6606,Real Salt Lake,1,4,1,48,52,11,8,5,2,4,4,2,2,0,0,9,2,2,6,10,1,3,1,1,0,,,10,13,1,3,0,0,2,0,6,7,12,8,2,2,6,17,1,3,34,37,24.0,24.0,10.0,13.0,6.0,8.0,367,421,293.0,343.0,157,199,136,144,35.0,27.0,9.0,2.0,1.95,0.87,1.58,0.84,0.38,0.03,1.95,0.87,2.52,1.08,4,1,3,1,2,0,2,3,0,3,1.2308,0.6422,0.527,0.0821,0.1003,0.0,0.0962,0.0594,0.0,0.0905,8,6,0,0,3,0,0,2,0,0,1.5755,0.8401,0.0,0.0,0.3787,0.0,0.0,0.0342,0.0,0.0,11,8,10.88,21.43
3561907,2021-08-30,usa,2021,MLS,,,6606,Real Salt Lake,307691,Vancouver Whitecaps,0,1,4,52,48,8,11,2,5,4,4,2,2,0,0,2,9,6,2,1,10,1,3,0,1,,,13,10,3,1,0,0,0,2,7,6,8,12,2,2,17,6,3,1,37,34,24.0,24.0,13.0,10.0,8.0,6.0,421,367,343.0,293.0,199,157,144,136,27.0,35.0,2.0,9.0,0.87,1.95,0.84,1.58,0.03,0.38,0.87,1.95,1.08,2.52,1,4,1,3,0,2,3,2,3,0,0.6422,1.2308,0.0821,0.527,0.0,0.1003,0.0594,0.0962,0.0905,0.0,6,8,0,0,0,3,2,0,0,0,0.8401,1.5755,0.0,0.0,0.0,0.3787,0.0342,0.0,0.0,0.0,8,11,21.43,10.88
3561847,2021-09-03,usa,2021,MLS,,,915807,Nashville SC,546238,New York City FC,1,3,1,43,57,13,24,7,7,4,6,2,11,0,0,8,12,5,12,8,5,1,2,1,1,,,8,7,3,3,1,1,2,0,16,14,11,11,10,2,18,22,6,5,58,43,33.0,31.0,25.0,12.0,11.0,9.0,389,535,305.0,461.0,184,161,121,300,41.0,15.0,4.0,4.0,0.68,1.76,0.61,1.4,0.07,0.36,0.68,1.76,1.43,1.38,0,0,6,11,2,2,3,9,2,2,0.0,0.0,0.3738,1.1466,0.1742,0.1212,0.0966,0.2757,0.0334,0.0426,7,19,2,0,4,5,0,0,0,0,0.4375,1.3385,0.1742,0.0,0.0663,0.2477,0.0,0.0,0.0,0.0,13,24,17.32,18.2
3561847,2021-09-03,usa,2021,MLS,,,546238,New York City FC,915807,Nashville SC,0,1,3,57,43,24,13,7,7,6,4,11,2,0,0,12,8,12,5,5,8,2,1,1,1,,,7,8,3,3,1,1,0,2,14,16,11,11,2,10,22,18,5,6,43,58,31.0,33.0,12.0,25.0,9.0,11.0,535,389,461.0,305.0,161,184,300,121,15.0,41.0,4.0,4.0,1.76,0.68,1.4,0.61,0.36,0.07,1.76,0.68,1.38,1.43,0,0,11,6,2,2,9,3,2,2,0.0,0.0,1.1466,0.3738,0.1212,0.1742,0.2757,0.0966,0.0426,0.0334,19,7,0,2,5,4,0,0,0,0,1.3385,0.4375,0.0,0.1742,0.2477,0.0663,0.0,0.0,0.0,0.0,24,13,18.2,17.32
3561862,2021-09-03,usa,2021,MLS,,,191716,Philadelphia Union,6580,New England Revolution,1,0,1,60,40,18,8,8,3,5,4,5,1,0,0,10,5,8,3,7,5,1,2,1,1,,,13,10,5,1,0,1,0,2,12,11,16,7,1,5,12,34,2,8,37,42,26.0,27.0,11.0,15.0,5.0,6.0,443,305,364.0,236.0,118,84,246,152,36.0,31.0,9.0,3.0,1.1,1.04,0.74,0.55,0.36,0.49,1.1,1.04,0.59,1.35,1,1,6,3,3,1,5,2,3,1,0.1345,0.4176,0.6148,0.3489,0.18,0.1715,0.1212,0.0904,0.0538,0.0118,14,4,1,2,2,1,1,1,0,0,0.6434,0.3146,0.0971,0.2311,0.0309,0.0769,0.333,0.4176,0.0,0.0,18,8,18.24,15.45
3561862,2021-09-03,usa,2021,MLS,,,6580,New England Revolution,191716,Philadelphia Union,0,1,0,40,60,8,18,3,8,4,5,1,5,0,0,5,10,3,8,5,7,2,1,1,1,,,10,13,1,5,1,0,2,0,11,12,7,16,5,1,34,12,8,2,42,37,27.0,26.0,15.0,11.0,6.0,5.0,305,443,236.0,364.0,84,118,152,246,31.0,36.0,3.0,9.0,1.04,1.1,0.55,0.74,0.49,0.36,1.04,1.1,1.35,0.59,1,1,3,6,1,3,2,5,1,3,0.4176,0.1345,0.3489,0.6148,0.1715,0.18,0.0904,0.1212,0.0118,0.0538,4,14,2,1,1,2,1,1,0,0,0.3146,0.6434,0.2311,0.0971,0.0769,0.0309,0.4176,0.333,0.0,0.0,8,18,15.45,18.24
3561752,2021-09-04,usa,2021,MLS,,,307691,Vancouver Whitecaps,1218886,Austin FC,1,2,1,51,49,16,12,9,5,2,3,5,4,0,0,11,11,5,1,5,4,4,3,3,2,,,7,9,1,2,0,0,3,4,14,19,9,7,4,6,21,14,4,6,43,40,32.0,28.0,11.0,12.0,9.0,3.0,489,471,430.0,392.0,254,247,176,145,35.0,24.0,4.0,7.0,2.03,1.52,1.79,1.37,0.24,0.16,2.03,1.52,1.81,1.99,1,0,5,8,5,3,2,0,3,1,0.8659,0.0,0.4421,1.3977,0.6249,0.1079,0.0928,0.0,0.0662,0.0194,11,10,0,0,2,2,3,0,0,0,1.8507,1.3654,0.0,0.0,0.112,0.1596,0.1291,0.0,0.0,0.0,16,12,19.1,12.99
3561752,2021-09-04,usa,2021,MLS,,,1218886,Austin FC,307691,Vancouver Whitecaps,0,1,2,49,51,12,16,5,9,3,2,4,5,0,0,11,11,1,5,4,5,3,4,2,3,,,9,7,2,1,0,0,4,3,19,14,7,9,6,4,14,21,6,4,40,43,28.0,32.0,12.0,11.0,3.0,9.0,471,489,392.0,430.0,247,254,145,176,24.0,35.0,7.0,4.0,1.52,2.03,1.37,1.79,0.16,0.24,1.52,2.03,1.99,1.81,0,1,8,5,3,5,0,2,1,3,0.0,0.8659,1.3977,0.4421,0.1079,0.6249,0.0,0.0928,0.0194,0.0662,10,11,0,0,2,2,0,3,0,0,1.3654,1.8507,0.0,0.0,0.1596,0.112,0.0,0.1291,0.0,0.0,12,16,12.99,19.1
3561842,2021-09-04,usa,2021,MLS,,,8259,Houston Dynamo FC,307690,Portland Timbers,1,0,2,48,52,19,9,6,4,7,3,6,2,0,0,16,6,3,3,9,3,1,3,1,1,,,13,12,1,3,0,0,2,0,13,17,5,8,2,6,15,23,2,6,54,42,30.0,35.0,24.0,7.0,5.0,6.0,388,439,318.0,342.0,114,190,204,152,27.0,27.0,10.0,1.0,1.01,1.74,0.53,0.86,0.48,0.1,1.01,0.96,2.01,2.5,1,2,9,4,6,0,0,2,3,1,0.0478,0.735,0.7397,1.0616,0.1388,0.0,0.0,0.0604,0.0819,0.0159,10,6,0,0,8,1,1,1,0,1,0.5308,0.9893,0.0,0.0,0.4378,0.0159,0.0396,0.0793,0.0,0.7884,19,9,15.69,15.73
3561842,2021-09-04,usa,2021,MLS,,,307690,Portland Timbers,8259,Houston Dynamo FC,0,2,0,52,48,9,19,4,6,3,7,2,6,0,0,6,16,3,3,3,9,3,1,1,1,,,12,13,3,1,0,0,0,2,17,13,8,5,6,2,23,15,6,2,42,54,35.0,30.0,7.0,24.0,6.0,5.0,439,388,342.0,318.0,190,114,152,204,27.0,27.0,1.0,10.0,1.74,1.01,0.86,0.53,0.1,0.48,0.96,1.01,2.5,2.01,2,1,4,9,0,6,2,0,1,3,0.735,0.0478,1.0616,0.7397,0.0,0.1388,0.0604,0.0,0.0159,0.0819,6,10,0,0,1,8,1,1,1,0,0.9893,0.5308,0.0,0.0,0.0159,0.4378,0.0793,0.0396,0.7884,0.0,9,19,15.73,15.69
3561843,2021-09-04,usa,2021,MLS,,,867280,Los Angeles FC,6604,Sporting Kansas City,1,4,0,41,59,15,9,8,4,5,1,2,4,0,0,10,2,5,7,3,1,6,0,2,0,,,15,5,3,1,0,1,3,2,26,26,10,7,4,2,18,8,4,4,57,58,48.0,49.0,9.0,9.0,18.0,8.0,386,575,307.0,480.0,177,278,130,202,21.0,35.0,5.0,0.0,3.38,0.39,1.8,0.36,0.79,0.03,2.59,0.39,4.24,0.46,2,1,6,1,2,0,4,6,1,1,0.475,0.1022,2.3661,0.057,0.3803,0.0,0.1306,0.2158,0.0268,0.0185,9,8,0,0,3,0,2,1,1,0,1.8006,0.3598,0.0,0.0,0.5964,0.0,0.1935,0.0338,0.7884,0.0,15,9,16.44,24.2
3561843,2021-09-04,usa,2021,MLS,,,6604,Sporting Kansas City,867280,Los Angeles FC,0,0,4,59,41,9,15,4,8,1,5,4,2,0,0,2,10,7,5,1,3,0,6,0,2,,,5,15,1,3,1,0,2,3,26,26,7,10,2,4,8,18,4,4,58,57,49.0,48.0,9.0,9.0,8.0,18.0,575,386,480.0,307.0,278,177,202,130,35.0,21.0,0.0,5.0,0.39,3.38,0.36,1.8,0.03,0.79,0.39,2.59,0.46,4.24,1,2,1,6,0,2,6,4,1,1,0.1022,0.475,0.057,2.3661,0.0,0.3803,0.2158,0.1306,0.0185,0.0268,8,9,0,0,0,3,1,2,0,1,0.3598,1.8006,0.0,0.0,0.0,0.5964,0.0338,0.1935,0.0,0.7884,9,15,24.2,16.44
3561845,2021-09-04,usa,2021,MLS,,,267810,Orlando City,6001,Columbus Crew,1,3,2,48,52,12,12,5,2,5,6,2,4,0,0,5,6,7,6,2,5,1,1,1,0,,,10,11,2,0,0,0,1,2,8,9,9,10,4,1,18,5,1,2,49,39,24.0,27.0,25.0,12.0,6.0,9.0,410,434,337.0,356.0,168,197,169,159,33.0,36.0,2.0,7.0,1.26,0.82,1.2,0.68,0.06,0.14,1.26,0.82,1.52,0.61,0,0,4,5,1,1,5,4,2,2,0.0,0.0,0.7316,0.5929,0.0464,0.0444,0.4237,0.1604,0.0586,0.0212,9,7,1,0,1,2,1,3,0,0,0.7328,0.679,0.465,0.0,0.0256,0.0572,0.0369,0.0826,0.0,0.0,12,12,19.78,21.43
3561845,2021-09-04,usa,2021,MLS,,,6001,Columbus Crew,267810,Orlando City,0,2,3,52,48,12,12,2,5,6,5,4,2,0,0,6,5,6,7,5,2,1,1,0,1,,,11,10,0,2,0,0,2,1,9,8,10,9,1,4,5,18,2,1,39,49,27.0,24.0,12.0,25.0,9.0,6.0,434,410,356.0,337.0,197,168,159,169,36.0,33.0,7.0,2.0,0.82,1.26,0.68,1.2,0.14,0.06,0.82,1.26,0.61,1.52,0,0,5,4,1,1,4,5,2,2,0.0,0.0,0.5929,0.7316,0.0444,0.0464,0.1604,0.4237,0.0212,0.0586,7,9,0,1,2,1,3,1,0,0,0.679,0.7328,0.0,0.465,0.0572,0.0256,0.0826,0.0369,0.0,0.0,12,12,21.43,19.78
3561844,2021-09-05,usa,2021,MLS,,,722265,FC Cincinnati,960720,Inter Miami CF,1,0,1,49,51,10,10,2,1,5,7,3,2,0,0,7,5,3,5,4,5,1,2,1,1,20,15,11,9,0,4,0,0,2,1,14,7,13,8,1,3,23,12,0,2,42,31,35.0,24.0,7.0,7.0,13.0,6.0,508,517,434.0,440.0,270,207,164,233,21.0,42.0,5.0,0.0,0.56,0.98,0.27,0.88,0.29,0.09,0.56,0.98,0.25,0.35,1,1,3,1,3,3,0,5,3,0,0.1359,0.4783,0.2009,0.0734,0.1511,0.2724,0.0,0.1509,0.0726,0.0,5,8,0,0,3,2,2,0,0,0,0.2676,0.8827,0.0,0.0,0.1735,0.0923,0.1194,0.0,0.0,0.0,10,10,15.5,18.39
3561844,2021-09-05,usa,2021,MLS,,,960720,Inter Miami CF,722265,FC Cincinnati,0,1,0,51,49,10,10,1,2,7,5,2,3,0,0,5,7,5,3,5,4,2,1,1,1,15,20,9,11,4,0,0,0,1,2,7,14,8,13,3,1,12,23,2,0,31,42,24.0,35.0,7.0,7.0,6.0,13.0,517,508,440.0,434.0,207,270,233,164,42.0,21.0,0.0,5.0,0.98,0.56,0.88,0.27,0.09,0.29,0.98,0.56,0.35,0.25,1,1,1,3,3,3,5,0,0,3,0.4783,0.1359,0.0734,0.2009,0.2724,0.1511,0.1509,0.0,0.0,0.0726,8,5,0,0,2,3,0,2,0,0,0.8827,0.2676,0.0,0.0,0.0923,0.1735,0.0,0.1194,0.0,0.0,10,10,18.39,15.5
3561846,2021-09-05,usa,2021,MLS,,,6606,Real Salt Lake,6399,FC Dallas,1,3,2,54,46,25,14,12,2,9,7,4,5,0,0,13,9,12,5,3,4,4,3,2,1,34,18,10,14,2,2,0,0,2,1,12,19,18,11,5,4,14,13,0,9,42,46,34.0,37.0,8.0,9.0,9.0,8.0,415,352,362.0,265.0,167,191,195,74,33.0,29.0,7.0,4.0,2.1,1.08,1.39,1.03,0.71,0.05,2.1,1.08,2.86,1.34,4,0,9,7,0,2,8,5,4,0,0.7964,0.0,0.954,0.791,0.0,0.1117,0.2964,0.1754,0.0545,0.0,17,13,1,0,2,1,5,0,0,0,1.2326,1.0314,0.1579,0.0,0.0741,0.0466,0.6367,0.0,0.0,0.0,25,14,17.98,16.48
3561846,2021-09-05,usa,2021,MLS,,,6399,FC Dallas,6606,Real Salt Lake,0,2,3,46,54,14,25,2,12,7,9,5,4,0,0,9,13,5,12,4,3,3,4,1,2,18,34,14,10,2,2,0,0,1,2,19,12,11,18,4,5,13,14,9,0,46,42,37.0,34.0,9.0,8.0,8.0,9.0,352,415,265.0,362.0,191,167,74,195,29.0,33.0,4.0,7.0,1.08,2.1,1.03,1.39,0.05,0.71,1.08,2.1,1.34,2.86,0,4,7,9,2,0,5,8,0,4,0.0,0.7964,0.791,0.954,0.1117,0.0,0.1754,0.2964,0.0,0.0545,13,17,0,1,1,2,0,5,0,0,1.0314,1.2326,0.0,0.1579,0.0466,0.0741,0.0,0.6367,0.0,0.0,14,25,16.48,17.98
3561848,2021-09-05,usa,2021,MLS,,,6603,San Jose Earthquakes,8314,Colorado Rapids,1,0,1,53,47,11,13,2,5,8,4,1,4,0,1,7,5,4,8,0,1,2,2,2,1,17,18,10,15,2,3,0,0,0,1,13,14,22,4,5,1,12,12,3,2,49,49,37.0,37.0,12.0,12.0,10.0,14.0,520,464,433.0,380.0,248,231,185,149,40.0,36.0,3.0,1.0,0.8,1.3,0.79,1.09,0.02,0.21,0.8,1.3,0.49,1.1,1,1,1,2,5,2,1,2,3,6,0.1986,0.2108,0.2591,0.6188,0.248,0.1789,0.0152,0.0895,0.0804,0.2044,10,11,0,1,0,1,1,0,0,0,0.7861,0.6261,0.0,0.4654,0.0,0.2108,0.0152,0.0,0.0,0.0,11,13,19.6,19.44
3561848,2021-09-05,usa,2021,MLS,,,8314,Colorado Rapids,6603,San Jose Earthquakes,0,1,0,47,53,13,11,5,2,4,8,4,1,1,0,5,7,8,4,1,0,2,2,1,2,18,17,15,10,3,2,0,0,1,0,14,13,4,22,1,5,12,12,2,3,49,49,37.0,37.0,12.0,12.0,14.0,10.0,464,520,380.0,433.0,231,248,149,185,36.0,40.0,1.0,3.0,1.3,0.8,1.09,0.79,0.21,0.02,1.3,0.8,1.1,0.49,1,1,2,1,2,5,2,1,6,3,0.2108,0.1986,0.6188,0.2591,0.1789,0.248,0.0895,0.0152,0.2044,0.0804,11,10,1,0,1,0,0,1,0,0,0.6261,0.7861,0.4654,0.0,0.2108,0.0,0.0,0.0152,0.0,0.0,13,11,19.44,19.6
3561849,2021-09-10,usa,2021,MLS,,,773958,Atlanta United,267810,Orlando City,1,3,0,55,45,18,8,5,2,8,5,5,1,1,0,7,4,11,4,4,3,3,0,2,0,,,12,13,3,1,0,0,3,1,17,15,11,3,1,5,13,7,2,3,49,42,41.0,32.0,8.0,10.0,11.0,6.0,493,394,434.0,326.0,250,177,184,149,38.0,18.0,2.0,4.0,1.16,0.32,1.03,0.17,0.13,0.15,1.16,0.32,1.33,0.1,0,0,5,2,2,2,7,1,4,3,0.0,0.0,0.5601,0.1099,0.1315,0.0861,0.3677,0.0473,0.101,0.077,12,5,2,0,1,1,3,2,0,0,0.8379,0.1671,0.1938,0.0,0.0152,0.0776,0.1133,0.0757,0.0,0.0,18,8,20.18,21.52
3561849,2021-09-10,usa,2021,MLS,,,267810,Orlando City,773958,Atlanta United,0,0,3,45,55,8,18,2,5,5,8,1,5,0,1,4,7,4,11,3,4,0,3,0,2,,,13,12,1,3,0,0,1,3,15,17,3,11,5,1,7,13,3,2,42,49,32.0,41.0,10.0,8.0,6.0,11.0,394,493,326.0,434.0,177,250,149,184,18.0,38.0,4.0,2.0,0.32,1.16,0.17,1.03,0.15,0.13,0.32,1.16,0.1,1.33,0,0,2,5,2,2,1,7,3,4,0.0,0.0,0.1099,0.5601,0.0861,0.1315,0.0473,0.3677,0.077,0.101,5,12,0,2,1,1,2,3,0,0,0.1671,0.8379,0.0,0.1938,0.0776,0.0152,0.0757,0.1133,0.0,0.0,8,18,21.52,20.18
3561851,2021-09-11,usa,2021,MLS,,,8314,Colorado Rapids,6637,LA Galaxy,1,1,1,48,52,16,8,3,3,6,4,7,1,1,0,9,3,7,5,6,4,1,2,0,2,,,15,5,3,2,0,0,0,1,13,14,7,14,1,7,6,18,2,2,30,50,24.0,37.0,6.0,13.0,6.0,8.0,433,473,361.0,405.0,185,243,176,162,32.0,31.0,3.0,3.0,1.14,1.19,0.94,1.1,0.2,0.09,1.14,1.19,0.39,0.71,0,0,5,3,4,0,3,3,4,2,0.0,0.0,0.7185,0.6916,0.2339,0.0,0.1103,0.4075,0.075,0.09,11,5,1,1,4,1,0,1,0,0,0.8711,0.7877,0.065,0.3164,0.2016,0.014,0.0,0.071,0.0,0.0,16,8,19.14,18.81
3561851,2021-09-11,usa,2021,MLS,,,6637,LA Galaxy,8314,Colorado Rapids,0,1,1,52,48,8,16,3,3,4,6,1,7,0,1,3,9,5,7,4,6,2,1,2,0,,,5,15,2,3,0,0,1,0,14,13,14,7,7,1,18,6,2,2,50,30,37.0,24.0,13.0,6.0,8.0,6.0,473,433,405.0,361.0,243,185,162,176,31.0,32.0,3.0,3.0,1.19,1.14,1.1,0.94,0.09,0.2,1.19,1.14,0.71,0.39,0,0,3,5,0,4,3,3,2,4,0.0,0.0,0.6916,0.7185,0.0,0.2339,0.4075,0.1103,0.09,0.075,5,11,1,1,1,4,1,0,0,0,0.7877,0.8711,0.3164,0.065,0.014,0.2016,0.071,0.0,0.0,0.0,8,16,18.81,19.14
3561852,2021-09-11,usa,2021,MLS,,,130394,Seattle Sounders FC,207242,Minnesota United,1,1,0,49,51,10,15,5,4,4,7,1,4,0,0,7,8,3,7,6,6,2,1,2,1,,,11,15,2,4,0,0,1,1,14,14,15,9,4,1,32,12,4,4,54,45,30.0,29.0,24.0,16.0,2.0,6.0,457,474,358.0,371.0,219,144,139,227,25.0,27.0,1.0,6.0,1.21,0.94,1.11,0.81,0.1,0.14,1.21,0.94,1.28,1.6,0,1,5,4,2,3,1,5,2,2,0.0,0.0342,0.9021,0.6049,0.0708,0.1184,0.1052,0.1262,0.0537,0.0572,7,10,0,0,2,3,1,2,0,0,1.0686,0.8056,0.0,0.0,0.0305,0.0698,0.0327,0.0655,0.0,0.0,10,15,18.04,19.21
3561852,2021-09-11,usa,2021,MLS,,,207242,Minnesota United,130394,Seattle Sounders FC,0,0,1,51,49,15,10,4,5,7,4,4,1,0,0,8,7,7,3,6,6,1,2,1,2,,,15,11,4,2,0,0,1,1,14,14,9,15,1,4,12,32,4,4,45,54,29.0,30.0,16.0,24.0,6.0,2.0,474,457,371.0,358.0,144,219,227,139,27.0,25.0,6.0,1.0,0.94,1.21,0.81,1.11,0.14,0.1,0.94,1.21,1.6,1.28,1,0,4,5,3,2,5,1,2,2,0.0342,0.0,0.6049,0.9021,0.1184,0.0708,0.1262,0.1052,0.0572,0.0537,10,7,0,0,3,2,2,1,0,0,0.8056,1.0686,0.0,0.0,0.0698,0.0305,0.0655,0.0327,0.0,0.0,15,10,19.21,18.04
3561853,2021-09-11,usa,2021,MLS,,,6514,New York Red Bulls,6602,DC United,1,1,1,46,54,10,8,3,2,3,4,4,2,0,0,5,5,5,3,2,7,0,3,0,2,,,11,8,2,1,0,0,2,2,15,9,16,9,1,4,15,18,1,2,54,45,30.0,24.0,24.0,21.0,8.0,5.0,348,415,228.0,279.0,105,161,123,118,20.0,27.0,4.0,5.0,0.5,2.05,0.44,0.63,0.06,0.64,0.5,1.27,0.34,1.52,0,2,4,3,1,0,5,2,0,1,0.0,0.6296,0.2789,1.3149,0.0558,0.0,0.1639,0.0973,0.0,0.0126,8,2,0,0,1,4,1,1,0,1,0.4358,0.6296,0.0,0.0,0.0078,0.1855,0.055,0.4509,0.0,0.7884,10,8,20.3,12.55
3561853,2021-09-11,usa,2021,MLS,,,6602,DC United,6514,New York Red Bulls,0,1,1,54,46,8,10,2,3,4,3,2,4,0,0,5,5,3,5,7,2,3,0,2,0,,,8,11,1,2,0,0,2,2,9,15,9,16,4,1,18,15,2,1,45,54,24.0,30.0,21.0,24.0,5.0,8.0,415,348,279.0,228.0,161,105,118,123,27.0,20.0,5.0,4.0,2.05,0.5,0.63,0.44,0.64,0.06,1.27,0.5,1.52,0.34,2,0,3,4,0,1,2,5,1,0,0.6296,0.0,1.3149,0.2789,0.0,0.0558,0.0973,0.1639,0.0126,0.0,2,8,0,0,4,1,1,1,1,0,0.6296,0.4358,0.0,0.0,0.1855,0.0078,0.4509,0.055,0.7884,0.0,8,10,12.55,20.3
3561854,2021-09-11,usa,2021,MLS,,,6580,New England Revolution,546238,New York City FC,1,2,1,58,42,12,10,6,3,5,3,1,4,1,0,10,5,2,5,1,4,3,2,3,1,,,13,17,4,2,0,1,0,1,11,20,5,11,5,2,12,12,1,3,42,48,34.0,40.0,8.0,8.0,6.0,8.0,579,412,524.0,353.0,302,196,222,157,32.0,17.0,2.0,3.0,1.81,0.93,1.71,0.77,0.1,0.16,1.81,0.93,1.17,1.25,2,2,6,2,2,1,2,3,0,2,0.7088,0.1302,0.9023,0.6548,0.1244,0.0313,0.0961,0.0652,0.0,0.0482,9,7,1,0,0,3,2,0,0,0,1.1918,0.7682,0.5402,0.0,0.0,0.1615,0.0996,0.0,0.0,0.0,12,10,13.34,17.63
3561854,2021-09-11,usa,2021,MLS,,,546238,New York City FC,6580,New England Revolution,0,1,2,42,58,10,12,3,6,3,5,4,1,0,1,5,10,5,2,4,1,2,3,1,3,,,17,13,2,4,1,0,1,0,20,11,11,5,2,5,12,12,3,1,48,42,40.0,34.0,8.0,8.0,8.0,6.0,412,579,353.0,524.0,196,302,157,222,17.0,32.0,3.0,2.0,0.93,1.81,0.77,1.71,0.16,0.1,0.93,1.81,1.25,1.17,2,2,2,6,1,2,3,2,2,0,0.1302,0.7088,0.6548,0.9023,0.0313,0.1244,0.0652,0.0961,0.0482,0.0,7,9,0,1,3,0,0,2,0,0,0.7682,1.1918,0.0,0.5402,0.1615,0.0,0.0,0.0996,0.0,0.0,10,12,17.63,13.34
3561908,2021-09-11,usa,2021,MLS,,,307691,Vancouver Whitecaps,307690,Portland Timbers,1,0,1,50,50,14,10,3,3,5,5,6,2,0,0,12,5,2,5,10,0,0,1,0,1,,,18,13,2,1,0,0,0,3,19,8,10,13,2,7,12,21,3,2,47,51,35.0,31.0,12.0,20.0,3.0,6.0,404,436,333.0,365.0,178,200,155,165,30.0,29.0,15.0,0.0,1.14,0.68,0.68,0.65,0.46,0.03,1.14,0.68,0.18,0.9,3,0,8,4,1,1,2,4,0,1,0.3436,0.0,0.6727,0.4548,0.0185,0.0542,0.1047,0.1434,0.0,0.028,8,8,0,1,3,0,3,1,0,0,0.6779,0.5323,0.0,0.1201,0.2321,0.0,0.2296,0.028,0.0,0.0,14,10,11.47,20.25
3561908,2021-09-11,usa,2021,MLS,,,307690,Portland Timbers,307691,Vancouver Whitecaps,0,1,0,50,50,10,14,3,3,5,5,2,6,0,0,5,12,5,2,0,10,1,0,1,0,,,13,18,1,2,0,0,3,0,8,19,13,10,7,2,21,12,2,3,51,47,31.0,35.0,20.0,12.0,6.0,3.0,436,404,365.0,333.0,200,178,165,155,29.0,30.0,0.0,15.0,0.68,1.14,0.65,0.68,0.03,0.46,0.68,1.14,0.9,0.18,0,3,4,8,1,1,4,2,1,0,0.0,0.3436,0.4548,0.6727,0.0542,0.0185,0.1434,0.1047,0.028,0.0,8,8,1,0,0,3,1,3,0,0,0.5323,0.6779,0.1201,0.0,0.0,0.2321,0.028,0.2296,0.0,0.0,10,14,20.25,11.47
3561850,2021-09-12,usa,2021,MLS,,,960720,Inter Miami CF,6001,Columbus Crew,1,1,0,42,58,5,7,2,3,2,3,1,1,0,0,3,4,2,3,5,7,1,1,0,1,10,21,10,11,0,3,0,0,2,0,21,7,11,7,0,1,20,13,3,1,48,35,38.0,25.0,10.0,10.0,6.0,8.0,391,529,327.0,466.0,200,224,127,242,33.0,20.0,2.0,4.0,0.64,0.64,0.62,0.26,0.03,0.38,0.64,0.64,0.9,0.34,0,1,2,2,1,1,1,1,1,2,0.0,0.3199,0.5406,0.2119,0.0544,0.028,0.02,0.0372,0.0255,0.046,3,5,1,0,0,1,1,1,0,0,0.5515,0.265,0.0635,0.0,0.0,0.0581,0.0255,0.3199,0.0,0.0,5,7,19.22,17.04
3561850,2021-09-12,usa,2021,MLS,,,6001,Columbus Crew,960720,Inter Miami CF,0,0,1,58,42,7,5,3,2,3,2,1,1,0,0,4,3,3,2,7,5,1,1,1,0,21,10,11,10,3,0,0,0,0,2,7,21,7,11,1,0,13,20,1,3,35,48,25.0,38.0,10.0,10.0,8.0,6.0,529,391,466.0,327.0,224,200,242,127,20.0,33.0,4.0,2.0,0.64,0.64,0.26,0.62,0.38,0.03,0.64,0.64,0.34,0.9,1,0,2,2,1,1,1,1,2,1,0.3199,0.0,0.2119,0.5406,0.028,0.0544,0.0372,0.02,0.046,0.0255,5,3,0,1,1,0,1,1,0,0,0.265,0.5515,0.0,0.0635,0.0581,0.0,0.3199,0.0255,0.0,0.0,7,5,17.04,19.22
3561855,2021-09-12,usa,2021,MLS,,,6399,FC Dallas,6603,San Jose Earthquakes,1,1,1,59,41,17,13,7,2,7,7,3,4,0,1,10,5,7,8,8,5,0,2,0,1,35,15,18,15,2,2,0,0,0,1,19,10,10,15,4,3,9,21,2,6,56,53,41.0,39.0,15.0,14.0,10.0,13.0,425,297,336.0,225.0,144,149,192,76,24.0,34.0,7.0,3.0,1.15,1.55,1.01,0.09,0.14,0.67,1.15,0.76,1.04,1.12,0,2,8,3,2,0,4,7,3,1,0.0,0.4039,0.6709,0.9531,0.0798,0.0,0.3063,0.1833,0.0933,0.0173,14,3,1,1,2,4,0,4,0,1,0.8096,0.071,0.1963,0.0183,0.1443,0.3312,0.0,0.3487,0.0,0.7884,17,13,18.07,21.71
3561855,2021-09-12,usa,2021,MLS,,,6603,San Jose Earthquakes,6399,FC Dallas,0,1,1,41,59,13,17,2,7,7,7,4,3,1,0,5,10,8,7,5,8,2,0,1,0,15,35,15,18,2,2,0,0,1,0,10,19,15,10,3,4,21,9,6,2,53,56,39.0,41.0,14.0,15.0,13.0,10.0,297,425,225.0,336.0,149,144,76,192,34.0,24.0,3.0,7.0,1.55,1.15,0.09,1.01,0.67,0.14,0.76,1.15,1.12,1.04,2,0,3,8,0,2,7,4,1,3,0.4039,0.0,0.9531,0.6709,0.0,0.0798,0.1833,0.3063,0.0173,0.0933,3,14,1,1,4,2,4,0,1,0,0.071,0.8096,0.0183,0.1963,0.3312,0.1443,0.3487,0.0,0.7884,0.0,13,17,21.71,18.07
3561856,2021-09-12,usa,2021,MLS,,,8259,Houston Dynamo FC,1218886,Austin FC,1,3,0,34,66,16,15,7,2,7,6,2,7,0,1,9,9,7,6,3,10,1,1,0,1,,,16,11,2,3,0,0,4,1,12,16,22,6,7,2,23,8,2,4,44,43,31.0,32.0,13.0,11.0,8.0,2.0,291,561,227.0,485.0,108,253,119,232,21.0,36.0,1.0,9.0,1.04,1.11,1.02,0.8,0.02,0.31,1.04,1.11,2.19,1.06,1,2,3,6,5,1,5,5,2,1,0.1336,0.1842,0.3715,0.6569,0.1953,0.0198,0.2852,0.2356,0.0611,0.0131,12,6,3,1,1,5,0,3,0,0,0.8195,0.4145,0.2066,0.3876,0.0206,0.2099,0.0,0.0975,0.0,0.0,16,15,18.54,17.56
3561856,2021-09-12,usa,2021,MLS,,,1218886,Austin FC,8259,Houston Dynamo FC,0,0,3,66,34,15,16,2,7,6,7,7,2,1,0,9,9,6,7,10,3,1,1,1,0,,,11,16,3,2,0,0,1,4,16,12,6,22,2,7,8,23,4,2,43,44,32.0,31.0,11.0,13.0,2.0,8.0,561,291,485.0,227.0,253,108,232,119,36.0,21.0,9.0,1.0,1.11,1.04,0.8,1.02,0.31,0.02,1.11,1.04,1.06,2.19,2,1,6,3,1,5,5,5,1,2,0.1842,0.1336,0.6569,0.3715,0.0198,0.1953,0.2356,0.2852,0.0131,0.0611,6,12,1,3,5,1,3,0,0,0,0.4145,0.8195,0.3876,0.2066,0.2099,0.0206,0.0975,0.0,0.0,0.0,15,16,17.56,18.54
3561857,2021-09-12,usa,2021,MLS,,,6604,Sporting Kansas City,6397,Chicago Fire FC,1,2,0,61,39,16,13,6,3,6,10,4,0,1,2,8,6,8,7,7,2,2,3,1,3,,,8,14,0,3,0,0,2,4,9,23,8,15,0,4,7,17,3,4,46,48,36.0,39.0,10.0,9.0,15.0,8.0,652,415,573.0,352.0,308,179,265,173,40.0,17.0,3.0,7.0,2.13,0.91,1.99,0.64,0.14,0.27,2.13,0.91,1.8,0.36,2,0,5,6,1,0,5,5,3,2,1.0962,0.0,0.8162,0.7186,0.1072,0.0,0.1618,0.153,0.0551,0.0375,12,12,2,0,2,0,0,1,0,0,1.0229,0.639,1.0723,0.0,0.1415,0.0,0.0,0.27,0.0,0.0,16,13,18.14,20.4
3561857,2021-09-12,usa,2021,MLS,,,6397,Chicago Fire FC,6604,Sporting Kansas City,0,0,2,39,61,13,16,3,6,10,6,0,4,2,1,6,8,7,8,2,7,3,2,3,1,,,14,8,3,0,0,0,4,2,23,9,15,8,4,0,17,7,4,3,48,46,39.0,36.0,9.0,10.0,8.0,15.0,415,652,352.0,573.0,179,308,173,265,17.0,40.0,7.0,3.0,0.91,2.13,0.64,1.99,0.27,0.14,0.91,2.13,0.36,1.8,0,2,6,5,0,1,5,5,2,3,0.0,1.0962,0.7186,0.8162,0.0,0.1072,0.153,0.1618,0.0375,0.0551,12,12,0,2,0,2,1,0,0,0,0.639,1.0229,0.0,1.0723,0.0,0.1415,0.27,0.0,0.0,0.0,13,16,20.4,18.14
3561909,2021-09-12,usa,2021,MLS,,,722265,FC Cincinnati,56453,Toronto FC,1,2,0,51,49,10,13,4,5,6,6,0,2,0,0,6,7,4,6,3,3,2,0,1,0,,,12,6,4,1,0,0,3,2,22,11,12,11,2,0,15,18,5,2,44,41,40.0,29.0,4.0,12.0,12.0,7.0,453,444,384.0,367.0,210,177,174,190,24.0,21.0,3.0,6.0,1.46,0.69,1.42,0.33,0.04,0.36,1.46,0.69,1.6,0.51,1,0,3,6,2,1,3,4,1,2,0.5775,0.0,0.6551,0.3739,0.0914,0.0081,0.0962,0.1972,0.0434,0.0406,9,7,0,1,0,2,1,3,0,0,1.4195,0.2741,0.0,0.057,0.0,0.1179,0.0441,0.1708,0.0,0.0,10,13,16.97,16.48
3561909,2021-09-12,usa,2021,MLS,,,56453,Toronto FC,722265,FC Cincinnati,0,0,2,49,51,13,10,5,4,6,6,2,0,0,0,7,6,6,4,3,3,0,2,0,1,,,6,12,1,4,0,0,2,3,11,22,11,12,0,2,18,15,2,5,41,44,29.0,40.0,12.0,4.0,7.0,12.0,444,453,367.0,384.0,177,210,190,174,21.0,24.0,6.0,3.0,0.69,1.46,0.33,1.42,0.36,0.04,0.69,1.46,0.51,1.6,0,1,6,3,1,2,4,3,2,1,0.0,0.5775,0.3739,0.6551,0.0081,0.0914,0.1972,0.0962,0.0406,0.0434,7,9,1,0,2,0,3,1,0,0,0.2741,1.4195,0.057,0.0,0.1179,0.0,0.1708,0.0441,0.0,0.0,13,10,16.48,16.97
3561910,2021-09-12,usa,2021,MLS,,,161195,CF Montreal,915807,Nashville SC,1,0,1,59,41,14,13,3,8,7,2,4,3,0,1,5,7,9,6,1,4,0,1,0,0,,,9,10,1,3,0,0,2,3,10,13,12,9,3,4,6,20,7,3,43,34,31.0,23.0,12.0,11.0,13.0,1.0,558,385,475.0,307.0,221,180,254,127,22.0,29.0,1.0,8.0,0.7,0.78,0.59,0.44,0.12,0.34,0.7,0.78,0.11,0.72,0,0,4,5,1,2,7,3,2,3,0.0,0.0,0.4272,0.4041,0.0253,0.1442,0.2404,0.1319,0.0414,0.1042,13,9,0,0,0,1,1,3,0,0,0.6186,0.4406,0.0,0.0,0.0,0.0694,0.1157,0.2744,0.0,0.0,14,13,21.65,17.32
3561910,2021-09-12,usa,2021,MLS,,,915807,Nashville SC,161195,CF Montreal,0,1,0,41,59,13,14,8,3,2,7,3,4,1,0,7,5,6,9,4,1,1,0,0,0,,,10,9,3,1,0,0,3,2,13,10,9,12,4,3,20,6,3,7,34,43,23.0,31.0,11.0,12.0,1.0,13.0,385,558,307.0,475.0,180,221,127,254,29.0,22.0,8.0,1.0,0.78,0.7,0.44,0.59,0.34,0.12,0.78,0.7,0.72,0.11,0,0,5,4,2,1,3,7,3,2,0.0,0.0,0.4041,0.4272,0.1442,0.0253,0.1319,0.2404,0.1042,0.0414,9,13,0,0,1,0,3,1,0,0,0.4406,0.6186,0.0,0.0,0.0694,0.0,0.2744,0.1157,0.0,0.0,13,14,17.32,21.65
3561858,2021-09-13,usa,2021,MLS,,,867280,Los Angeles FC,6606,Real Salt Lake,1,3,2,42,58,12,10,7,2,4,4,1,4,1,1,4,4,8,6,3,4,2,1,1,0,,,11,12,3,2,0,0,0,3,12,15,11,10,4,0,23,19,0,5,53,63,33.0,36.0,20.0,27.0,10.0,10.0,346,469,241.0,373.0,96,208,145,165,21.0,34.0,3.0,1.0,0.75,0.99,0.7,0.95,0.05,0.03,0.75,0.99,1.98,1.19,0,0,4,4,0,0,7,3,1,3,0.0,0.0,0.4979,0.8324,0.0,0.0,0.2173,0.0682,0.0363,0.088,9,7,1,2,0,1,2,0,0,0,0.5388,0.3328,0.1618,0.6215,0.0,0.0343,0.0509,0.0,0.0,0.0,12,10,19.28,19.39
3561858,2021-09-13,usa,2021,MLS,,,6606,Real Salt Lake,867280,Los Angeles FC,0,2,3,58,42,10,12,2,7,4,4,4,1,1,1,4,4,6,8,4,3,1,2,0,1,,,12,11,2,3,0,0,3,0,15,12,10,11,0,4,19,23,5,0,63,53,36.0,33.0,27.0,20.0,10.0,10.0,469,346,373.0,241.0,208,96,165,145,34.0,21.0,1.0,3.0,0.99,0.75,0.95,0.7,0.03,0.05,0.99,0.75,1.19,1.98,0,0,4,4,0,0,3,7,3,1,0.0,0.0,0.8324,0.4979,0.0,0.0,0.0682,0.2173,0.088,0.0363,7,9,2,1,1,0,0,2,0,0,0.3328,0.5388,0.6215,0.1618,0.0343,0.0,0.0,0.0509,0.0,0.0,10,12,19.39,19.28
3561859,2021-09-14,usa,2021,MLS,,,6001,Columbus Crew,6514,New York Red Bulls,1,2,1,60,40,17,9,6,3,8,5,3,1,0,0,10,4,7,5,6,3,3,1,1,0,,,5,9,0,1,0,0,1,2,15,14,6,11,1,2,21,40,2,4,63,41,36.0,22.0,27.0,19.0,13.0,3.0,455,296,352.0,204.0,157,122,195,82,31.0,20.0,4.0,2.0,1.32,1.03,0.99,0.25,0.33,0.77,1.32,1.03,1.94,0.55,0,0,9,3,1,1,3,5,4,0,0.0,0.0,1.1519,0.8047,0.0315,0.0865,0.1038,0.1339,0.0599,0.0,11,6,0,1,4,2,2,0,0,0,1.0165,0.8629,0.0,0.026,0.1846,0.1362,0.146,0.0,0.0,0.0,17,9,19.54,23.36
3561859,2021-09-14,usa,2021,MLS,,,6514,New York Red Bulls,6001,Columbus Crew,0,1,2,40,60,9,17,3,6,5,8,1,3,0,0,4,10,5,7,3,6,1,3,0,1,,,9,5,1,0,0,0,2,1,14,15,11,6,2,1,40,21,4,2,41,63,22.0,36.0,19.0,27.0,3.0,13.0,296,455,204.0,352.0,122,157,82,195,20.0,31.0,2.0,4.0,1.03,1.32,0.25,0.99,0.77,0.33,1.03,1.32,0.55,1.94,0,0,3,9,1,1,5,3,0,4,0.0,0.0,0.8047,1.1519,0.0865,0.0315,0.1339,0.1038,0.0,0.0599,6,11,1,0,2,4,0,2,0,0,0.8629,1.0165,0.026,0.0,0.1362,0.1846,0.0,0.146,0.0,0.0,9,17,23.36,19.54
3561860,2021-09-14,usa,2021,MLS,,,546238,New York City FC,6399,FC Dallas,1,3,3,59,41,15,11,6,6,5,3,4,2,0,0,8,8,7,3,4,5,4,4,1,1,,,10,12,0,0,1,0,0,0,10,21,11,12,1,4,14,24,3,3,42,49,33.0,43.0,9.0,6.0,11.0,13.0,512,341,432.0,248.0,196,145,236,103,26.0,42.0,7.0,3.0,2.51,1.8,2.42,1.15,0.09,0.65,2.51,1.8,2.4,1.86,3,1,3,5,2,2,7,2,0,1,1.8761,0.6406,0.3302,0.9212,0.1657,0.1691,0.2441,0.0641,0.0,0.0101,14,9,0,0,1,2,0,0,0,0,2.5251,1.1504,0.0,0.0,0.091,0.6545,0.0,0.0,0.0,0.0,15,11,15.72,15.31
3561860,2021-09-14,usa,2021,MLS,,,6399,FC Dallas,546238,New York City FC,0,3,3,41,59,11,15,6,6,3,5,2,4,0,0,8,8,3,7,5,4,4,4,1,1,,,12,10,0,0,0,1,0,0,21,10,12,11,4,1,24,14,3,3,49,42,43.0,33.0,6.0,9.0,13.0,11.0,341,512,248.0,432.0,145,196,103,236,42.0,26.0,3.0,7.0,1.8,2.51,1.15,2.42,0.65,0.09,1.8,2.51,1.86,2.4,1,3,5,3,2,2,2,7,1,0,0.6406,1.8761,0.9212,0.3302,0.1691,0.1657,0.0641,0.2441,0.0101,0.0,9,14,0,0,2,1,0,0,0,0,1.1504,2.5251,0.0,0.0,0.6545,0.091,0.0,0.0,0.0,0.0,11,15,15.31,15.72
3561911,2021-09-14,usa,2021,MLS,,,56453,Toronto FC,960720,Inter Miami CF,1,0,1,50,50,10,9,4,3,4,4,2,2,0,0,8,5,2,4,8,4,2,3,2,2,21,21,14,16,3,3,1,0,3,6,9,14,9,8,2,2,11,15,2,4,41,45,33.0,33.0,8.0,12.0,10.0,5.0,464,467,389.0,411.0,197,155,192,256,28.0,29.0,4.0,5.0,0.71,1.49,0.68,0.54,0.03,0.16,0.71,0.7,0.63,1.21,0,0,3,5,5,0,0,4,2,0,0.0,0.0,0.2521,1.2927,0.3818,0.0,0.0,0.1943,0.0772,0.0,8,5,1,0,0,1,1,2,0,1,0.6338,0.5355,0.0424,0.0,0.0,0.0237,0.0348,0.1395,0.0,0.7884,10,9,17.54,15.78
3561911,2021-09-14,usa,2021,MLS,,,960720,Inter Miami CF,56453,Toronto FC,0,1,0,50,50,9,10,3,4,4,4,2,2,0,0,5,8,4,2,4,8,3,2,2,2,21,21,16,14,3,3,0,1,6,3,14,9,8,9,2,2,15,11,4,2,45,41,33.0,33.0,12.0,8.0,5.0,10.0,467,464,411.0,389.0,155,197,256,192,29.0,28.0,5.0,4.0,1.49,0.71,0.54,0.68,0.16,0.03,0.7,0.71,1.21,0.63,0,0,5,3,0,5,4,0,0,2,0.0,0.0,1.2927,0.2521,0.0,0.3818,0.1943,0.0,0.0,0.0772,5,8,0,1,1,0,2,1,1,0,0.5355,0.6338,0.0,0.0424,0.0237,0.0,0.1395,0.0348,0.7884,0.0,9,10,15.78,17.54
3561861,2021-09-15,usa,2021,MLS,,,773958,Atlanta United,722265,FC Cincinnati,1,4,0,61,39,15,11,9,3,4,6,2,2,1,0,9,6,6,5,4,3,4,2,2,2,,,15,18,2,5,0,0,3,1,17,17,5,12,2,2,16,4,3,5,62,40,52.0,37.0,10.0,3.0,17.0,6.0,573,352,509.0,302.0,303,180,206,122,29.0,22.0,1.0,3.0,2.12,0.91,1.51,0.77,0.6,0.14,2.12,0.91,3.2,0.4,1,0,5,5,3,1,4,3,2,2,0.4669,0.0,1.2173,0.7731,0.2256,0.0406,0.217,0.0589,0.053,0.0371,10,6,1,0,1,2,3,3,0,0,1.4742,0.7696,0.1035,0.0,0.0187,0.0191,0.5834,0.121,0.0,0.0,15,11,17.2,18.51
3561861,2021-09-15,usa,2021,MLS,,,722265,FC Cincinnati,773958,Atlanta United,0,0,4,39,61,11,15,3,9,6,4,2,2,0,1,6,9,5,6,3,4,2,4,2,2,,,18,15,5,2,0,0,1,3,17,17,12,5,2,2,4,16,5,3,40,62,37.0,52.0,3.0,10.0,6.0,17.0,352,573,302.0,509.0,180,303,122,206,22.0,29.0,3.0,1.0,0.91,2.12,0.77,1.51,0.14,0.6,0.91,2.12,0.4,3.2,0,1,5,5,1,3,3,4,2,2,0.0,0.4669,0.7731,1.2173,0.0406,0.2256,0.0589,0.217,0.0371,0.053,6,10,0,1,2,1,3,3,0,0,0.7696,1.4742,0.0,0.1035,0.0191,0.0187,0.121,0.5834,0.0,0.0,11,15,18.51,17.2
3561863,2021-09-15,usa,2021,MLS,,,6602,DC United,6397,Chicago Fire FC,1,3,0,47,53,7,13,3,1,2,6,2,6,1,0,5,6,2,7,5,6,4,2,1,2,,,8,11,2,2,0,0,5,3,17,21,8,13,5,2,27,15,1,0,41,49,33.0,37.0,8.0,12.0,6.0,8.0,387,429,298.0,355.0,148,138,150,217,29.0,26.0,3.0,4.0,2.05,1.54,0.47,1.25,0.03,0.3,0.47,1.54,2.92,0.87,1,1,2,5,2,0,0,6,2,1,0.3368,0.5418,1.5768,0.8614,0.0914,0.0,0.0,0.1079,0.043,0.0302,5,9,0,0,0,3,0,1,2,0,0.4712,1.2455,0.0,0.0,0.0,0.1176,0.0,0.1783,1.5768,0.0,7,13,16.36,18.2
3561863,2021-09-15,usa,2021,MLS,,,6397,Chicago Fire FC,6602,DC United,0,0,3,53,47,13,7,1,3,6,2,6,2,0,1,6,5,7,2,6,5,2,4,2,1,,,11,8,2,2,0,0,3,5,21,17,13,8,2,5,15,27,0,1,49,41,37.0,33.0,12.0,8.0,8.0,6.0,429,387,355.0,298.0,138,148,217,150,26.0,29.0,4.0,3.0,1.54,2.05,1.25,0.47,0.3,0.03,1.54,0.47,0.87,2.92,1,1,5,2,0,2,6,0,1,2,0.5418,0.3368,0.8614,1.5768,0.0,0.0914,0.1079,0.0,0.0302,0.043,9,5,0,0,3,0,1,0,0,2,1.2455,0.4712,0.0,0.0,0.1176,0.0,0.1783,0.0,0.0,1.5768,13,7,18.2,16.36
3561912,2021-09-15,usa,2021,MLS,,,267810,Orlando City,161195,CF Montreal,1,2,4,40,60,7,15,3,7,3,6,1,2,0,1,6,8,1,7,0,9,1,4,0,0,,,10,9,0,2,2,0,1,1,16,4,4,9,2,1,12,12,3,1,39,23,33.0,20.0,6.0,3.0,8.0,6.0,357,526,306.0,487.0,168,222,138,265,25.0,35.0,2.0,6.0,0.44,1.6,0.39,1.29,0.05,0.31,0.44,1.6,0.6,4.09,0,2,3,6,3,0,1,4,0,3,0.0,0.4568,0.2831,0.8916,0.1265,0.0,0.0268,0.1662,0.0,0.0812,6,8,0,1,0,3,1,3,0,0,0.3894,1.1648,0.0,0.1221,0.0,0.18,0.047,0.129,0.0,0.0,7,15,16.11,16.82
3561912,2021-09-15,usa,2021,MLS,,,161195,CF Montreal,267810,Orlando City,0,4,2,60,40,15,7,7,3,6,3,2,1,1,0,8,6,7,1,9,0,4,1,0,0,,,9,10,2,0,0,2,1,1,4,16,9,4,1,2,12,12,1,3,23,39,20.0,33.0,3.0,6.0,6.0,8.0,526,357,487.0,306.0,222,168,265,138,35.0,25.0,6.0,2.0,1.6,0.44,1.29,0.39,0.31,0.05,1.6,0.44,4.09,0.6,2,0,6,3,0,3,4,1,3,0,0.4568,0.0,0.8916,0.2831,0.0,0.1265,0.1662,0.0268,0.0812,0.0,8,6,1,0,3,0,3,1,0,0,1.1648,0.3894,0.1221,0.0,0.18,0.0,0.129,0.047,0.0,0.0,15,7,16.82,16.11
3561864,2021-09-16,usa,2021,MLS,,,6604,Sporting Kansas City,207242,Minnesota United,1,4,0,64,36,12,10,8,0,4,7,0,3,1,1,9,7,3,3,3,3,5,0,2,0,15,11,10,9,0,1,0,0,0,2,14,14,11,11,3,0,9,9,0,4,36,36,31.0,29.0,5.0,7.0,8.0,5.0,677,369,610.0,300.0,383,137,227,163,47.0,27.0,3.0,5.0,1.92,0.93,1.14,0.86,0.0,0.08,1.14,0.93,2.58,0.0,0,0,8,6,1,1,2,2,1,1,0.0,0.0,1.8145,0.746,0.0562,0.0724,0.0521,0.0851,0.0151,0.0311,11,8,0,1,0,1,0,0,1,0,1.1496,0.8261,0.0,0.0311,0.0,0.0774,0.0,0.0,0.7884,0.0,12,10,16.54,14.94
3561864,2021-09-16,usa,2021,MLS,,,207242,Minnesota United,6604,Sporting Kansas City,0,0,4,36,64,10,12,0,8,7,4,3,0,1,1,7,9,3,3,3,3,0,5,0,2,11,15,9,10,1,0,0,0,2,0,14,14,11,11,0,3,9,9,4,0,36,36,29.0,31.0,7.0,5.0,5.0,8.0,369,677,300.0,610.0,137,383,163,227,27.0,47.0,5.0,3.0,0.93,1.92,0.86,1.14,0.08,0.0,0.93,1.14,0.0,2.58,0,0,6,8,1,1,2,2,1,1,0.0,0.0,0.746,1.8145,0.0724,0.0562,0.0851,0.0521,0.0311,0.0151,8,11,1,0,1,0,0,0,0,1,0.8261,1.1496,0.0311,0.0,0.0774,0.0,0.0,0.0,0.0,0.7884,10,12,14.94,16.54
3561865,2021-09-16,usa,2021,MLS,,,1218886,Austin FC,867280,Los Angeles FC,1,1,2,51,49,12,17,1,4,5,8,6,5,1,0,8,11,4,6,3,5,2,2,1,0,,,12,12,2,2,0,0,1,2,27,10,12,11,5,5,15,19,2,0,53,52,45.0,37.0,8.0,15.0,6.0,17.0,397,374,308.0,302.0,151,130,157,172,30.0,14.0,4.0,4.0,1.3,2.29,0.97,1.32,0.32,0.19,1.3,1.5,0.92,2.3,1,0,4,8,3,3,3,3,1,3,0.6191,0.0,0.5625,1.9205,0.1751,0.1321,0.1057,0.1647,0.0226,0.0741,8,12,0,1,2,1,2,2,0,1,1.1603,0.6419,0.0,0.6756,0.0655,0.0348,0.2591,0.1507,0.0,0.7884,12,17,16.68,17.55
3561865,2021-09-16,usa,2021,MLS,,,867280,Los Angeles FC,1218886,Austin FC,0,2,1,49,51,17,12,4,1,8,5,5,6,0,1,11,8,6,4,5,3,2,2,0,1,,,12,12,2,2,0,0,2,1,10,27,11,12,5,5,19,15,0,2,52,53,37.0,45.0,15.0,8.0,17.0,6.0,374,397,302.0,308.0,130,151,172,157,14.0,30.0,4.0,4.0,2.29,1.3,1.32,0.97,0.19,0.32,1.5,1.3,2.3,0.92,0,1,8,4,3,3,3,3,3,1,0.0,0.6191,1.9205,0.5625,0.1321,0.1751,0.1647,0.1057,0.0741,0.0226,12,8,1,0,1,2,2,2,1,0,0.6419,1.1603,0.6756,0.0,0.0348,0.0655,0.1507,0.2591,0.7884,0.0,17,12,17.55,16.68
3561866,2021-09-16,usa,2021,MLS,,,307690,Portland Timbers,8314,Colorado Rapids,1,2,2,38,62,11,24,4,7,6,14,1,3,0,0,10,16,1,8,5,6,3,2,1,1,,,11,9,3,3,1,0,1,0,15,11,6,4,3,1,31,22,5,2,45,50,30.0,32.0,15.0,18.0,7.0,10.0,345,557,268.0,487.0,136,191,132,296,26.0,49.0,6.0,15.0,1.78,2.06,0.98,1.62,0.8,0.44,1.78,2.06,1.52,1.69,3,1,5,12,2,3,0,3,1,5,1.0775,0.6293,0.4315,1.1118,0.2465,0.1522,0.0,0.0487,0.0276,0.1178,5,16,0,0,4,6,2,2,0,0,0.9787,1.6173,0.0,0.0,0.2862,0.3903,0.5182,0.0522,0.0,0.0,11,24,11.71,16.27
3561866,2021-09-16,usa,2021,MLS,,,8314,Colorado Rapids,307690,Portland Timbers,0,2,2,62,38,24,11,7,4,14,6,3,1,0,0,16,10,8,1,6,5,2,3,1,1,,,9,11,3,3,0,1,0,1,11,15,4,6,1,3,22,31,2,5,50,45,32.0,30.0,18.0,15.0,10.0,7.0,557,345,487.0,268.0,191,136,296,132,49.0,26.0,15.0,6.0,2.06,1.78,1.62,0.98,0.44,0.8,2.06,1.78,1.69,1.52,1,3,12,5,3,2,3,0,5,1,0.6293,1.0775,1.1118,0.4315,0.1522,0.2465,0.0487,0.0,0.1178,0.0276,16,5,0,0,6,4,2,2,0,0,1.6173,0.9787,0.0,0.0,0.3903,0.2862,0.0522,0.5182,0.0,0.0,24,11,16.27,11.71
3561867,2021-09-16,usa,2021,MLS,,,6603,San Jose Earthquakes,6606,Real Salt Lake,1,3,4,54,46,13,18,6,13,7,3,0,2,0,0,7,11,6,7,4,3,3,4,2,2,19,13,15,20,3,4,0,0,2,0,17,15,19,14,2,0,5,13,9,3,70,50,58.0,34.0,12.0,16.0,22.0,7.0,424,379,333.0,278.0,204,142,129,136,32.0,23.0,2.0,5.0,1.06,2.29,0.82,0.94,0.25,1.35,1.06,2.29,1.74,3.78,3,2,3,8,1,1,3,5,3,2,0.5899,0.9891,0.3176,0.7341,0.0177,0.143,0.0957,0.397,0.0497,0.0757,9,8,0,1,4,5,0,4,0,0,0.8254,0.7922,0.0,0.143,0.2451,1.1442,0.0,0.2594,0.0,0.0,13,18,17.76,14.99
3561867,2021-09-16,usa,2021,MLS,,,6606,Real Salt Lake,6603,San Jose Earthquakes,0,4,3,46,54,18,13,13,6,3,7,2,0,0,0,11,7,7,6,3,4,4,3,2,2,13,19,20,15,4,3,0,0,0,2,15,17,14,19,0,2,13,5,3,9,50,70,34.0,58.0,16.0,12.0,7.0,22.0,379,424,278.0,333.0,142,204,136,129,23.0,32.0,5.0,2.0,2.29,1.06,0.94,0.82,1.35,0.25,2.29,1.06,3.78,1.74,2,3,8,3,1,1,5,3,2,3,0.9891,0.5899,0.7341,0.3176,0.143,0.0177,0.397,0.0957,0.0757,0.0497,8,9,1,0,5,4,4,0,0,0,0.7922,0.8254,0.143,0.0,1.1442,0.2451,0.2594,0.0,0.0,0.0,18,13,14.99,17.76
3561868,2021-09-16,usa,2021,MLS,,,6637,LA Galaxy,8259,Houston Dynamo FC,1,1,1,64,36,10,8,4,2,5,3,1,3,0,0,6,6,4,2,7,5,2,2,1,1,,,9,12,1,5,0,0,1,2,17,22,7,16,3,1,12,23,1,3,56,54,41.0,43.0,15.0,11.0,12.0,12.0,612,346,538.0,264.0,250,160,288,104,31.0,23.0,5.0,4.0,0.96,1.3,0.86,0.96,0.1,0.34,0.96,1.3,1.03,1.01,0,1,6,3,0,2,3,2,1,0,0.0,0.3381,0.7841,0.7459,0.0,0.0909,0.0944,0.1246,0.0851,0.0,8,7,0,0,1,1,1,0,0,0,0.8616,0.9614,0.0,0.0,0.0169,0.3381,0.0851,0.0,0.0,0.0,10,8,16.27,14.97
3561868,2021-09-16,usa,2021,MLS,,,8259,Houston Dynamo FC,6637,LA Galaxy,0,1,1,36,64,8,10,2,4,3,5,3,1,0,0,6,6,2,4,5,7,2,2,1,1,,,12,9,5,1,0,0,2,1,22,17,16,7,1,3,23,12,3,1,54,56,43.0,41.0,11.0,15.0,12.0,12.0,346,612,264.0,538.0,160,250,104,288,23.0,31.0,4.0,5.0,1.3,0.96,0.96,0.86,0.34,0.1,1.3,0.96,1.01,1.03,1,0,3,6,2,0,2,3,0,1,0.3381,0.0,0.7459,0.7841,0.0909,0.0,0.1246,0.0944,0.0,0.0851,7,8,0,0,1,1,0,1,0,0,0.9614,0.8616,0.0,0.0,0.3381,0.0169,0.0,0.0851,0.0,0.0,8,10,14.97,16.27
3561869,2021-09-17,usa,2021,MLS,,,960720,Inter Miami CF,6514,New York Red Bulls,1,0,4,48,52,2,27,1,9,1,11,0,7,0,0,1,19,1,8,0,5,0,6,0,3,2,37,10,17,2,3,1,0,0,3,12,13,7,5,6,0,14,2,4,1,41,43,33.0,32.0,8.0,11.0,5.0,9.0,399,428,314.0,362.0,245,151,69,211,9.0,27.0,0.0,8.0,0.05,2.62,0.05,1.67,0.44,0.95,0.05,2.62,0.19,3.28,0,2,0,11,1,6,1,6,0,2,0.0,0.5677,0.0,1.0032,0.0259,0.4938,0.0251,0.5136,0.0,0.0367,2,17,0,1,0,5,0,4,0,0,0.051,1.4391,0.0,0.2291,0.0,0.3396,0.0,0.6073,0.0,0.0,2,27,23.34,17.58
3561869,2021-09-17,usa,2021,MLS,,,6514,New York Red Bulls,960720,Inter Miami CF,0,4,0,52,48,27,2,9,1,11,1,7,0,0,0,19,1,8,1,5,0,6,0,3,0,37,2,17,10,3,2,0,1,3,0,13,12,5,7,0,6,2,14,1,4,43,41,32.0,33.0,11.0,8.0,9.0,5.0,428,399,362.0,314.0,151,245,211,69,27.0,9.0,8.0,0.0,2.62,0.05,1.67,0.05,0.95,0.44,2.62,0.05,3.28,0.19,2,0,11,0,6,1,6,1,2,0,0.5677,0.0,1.0032,0.0,0.4938,0.0259,0.5136,0.0251,0.0367,0.0,17,2,1,0,5,0,4,0,0,0,1.4391,0.051,0.2291,0.0,0.3396,0.0,0.6073,0.0,0.0,0.0,27,2,17.58,23.34
3561870,2021-09-18,usa,2021,MLS,,,773958,Atlanta United,6602,DC United,1,3,2,62,38,16,13,6,5,7,4,3,4,1,0,12,8,4,5,6,6,5,2,3,2,,,8,25,2,4,0,0,1,1,6,14,7,10,3,3,10,9,3,3,59,42,46.0,27.0,13.0,15.0,16.0,6.0,509,309,422.0,229.0,283,92,139,137,38.0,27.0,6.0,7.0,2.97,1.13,2.28,0.46,0.7,0.67,2.97,1.13,2.84,2.57,2,1,8,5,2,2,2,4,2,1,1.4072,0.3658,1.101,0.5145,0.376,0.089,0.0433,0.1527,0.0463,0.0111,9,6,1,0,3,4,3,3,0,0,1.9392,0.4646,0.3359,0.0,0.0976,0.1841,0.601,0.4842,0.0,0.0,16,13,14.92,16.64
3561870,2021-09-18,usa,2021,MLS,,,6602,DC United,773958,Atlanta United,0,2,3,38,62,13,16,5,6,4,7,4,3,0,1,8,12,5,4,6,6,2,5,2,3,,,25,8,4,2,0,0,1,1,14,6,10,7,3,3,9,10,3,3,42,59,27.0,46.0,15.0,13.0,6.0,16.0,309,509,229.0,422.0,92,283,137,139,27.0,38.0,7.0,6.0,1.13,2.97,0.46,2.28,0.67,0.7,1.13,2.97,2.57,2.84,1,2,5,8,2,2,4,2,1,2,0.3658,1.4072,0.5145,1.101,0.089,0.376,0.1527,0.0433,0.0111,0.0463,6,9,0,1,4,3,3,3,0,0,0.4646,1.9392,0.0,0.3359,0.1841,0.0976,0.4842,0.601,0.0,0.0,13,16,16.64,14.92
3561871,2021-09-18,usa,2021,MLS,,,6580,New England Revolution,6001,Columbus Crew,1,1,1,61,39,33,6,7,2,18,2,8,2,0,0,23,5,10,1,14,2,3,3,2,2,,,2,10,0,2,0,0,0,1,20,16,7,7,1,8,11,37,1,6,53,34,37.0,22.0,16.0,12.0,8.0,4.0,545,357,486.0,286.0,177,158,309,128,39.0,30.0,18.0,6.0,2.42,0.76,2.04,0.7,0.38,0.06,2.42,0.76,1.93,0.88,2,1,15,4,6,0,6,1,4,0,0.2855,0.3798,1.4911,0.3524,0.2935,0.0,0.2584,0.0267,0.1,0.0,23,4,1,0,7,2,2,0,0,0,1.8308,0.7013,0.2135,0.0,0.2794,0.0575,0.1049,0.0,0.0,0.0,33,6,15.39,12.23
3561871,2021-09-18,usa,2021,MLS,,,6001,Columbus Crew,6580,New England Revolution,0,1,1,39,61,6,33,2,7,2,18,2,8,0,0,5,23,1,10,2,14,3,3,2,2,,,10,2,2,0,0,0,1,0,16,20,7,7,8,1,37,11,6,1,34,53,22.0,37.0,12.0,16.0,4.0,8.0,357,545,286.0,486.0,158,177,128,309,30.0,39.0,6.0,18.0,0.76,2.42,0.7,2.04,0.06,0.38,0.76,2.42,0.88,1.93,1,2,4,15,0,6,1,6,0,4,0.3798,0.2855,0.3524,1.4911,0.0,0.2935,0.0267,0.2584,0.0,0.1,4,23,0,1,2,7,0,2,0,0,0.7013,1.8308,0.0,0.2135,0.0575,0.2794,0.0,0.1049,0.0,0.0,6,33,12.23,15.39
3561872,2021-09-18,usa,2021,MLS,,,722265,FC Cincinnati,546238,New York City FC,1,1,2,43,57,9,13,3,4,6,7,0,2,2,0,5,8,4,5,2,4,3,1,2,0,,,13,13,2,5,2,0,3,1,19,16,11,9,2,0,19,12,2,2,48,47,37.0,35.0,11.0,12.0,6.0,6.0,345,455,273.0,377.0,176,137,97,240,29.0,22.0,2.0,3.0,1.06,1.47,1.0,0.28,0.06,0.41,1.06,0.69,1.69,1.39,0,0,3,7,2,1,4,3,0,2,0.0,0.0,0.9506,1.1409,0.0356,0.0384,0.0739,0.0616,0.0,0.0306,7,6,0,0,1,3,1,3,0,1,0.9965,0.2142,0.0,0.0,0.0219,0.1046,0.0417,0.1643,0.0,0.7884,9,13,19.87,18.71
3561872,2021-09-18,usa,2021,MLS,,,546238,New York City FC,722265,FC Cincinnati,0,2,1,57,43,13,9,4,3,7,6,2,0,0,2,8,5,5,4,4,2,1,3,0,2,,,13,13,5,2,0,2,1,3,16,19,9,11,0,2,12,19,2,2,47,48,35.0,37.0,12.0,11.0,6.0,6.0,455,345,377.0,273.0,137,176,240,97,22.0,29.0,3.0,2.0,1.47,1.06,0.28,1.0,0.41,0.06,0.69,1.06,1.39,1.69,0,0,7,3,1,2,3,4,2,0,0.0,0.0,1.1409,0.9506,0.0384,0.0356,0.0616,0.0739,0.0306,0.0,6,7,0,0,3,1,3,1,1,0,0.2142,0.9965,0.0,0.0,0.1046,0.0219,0.1643,0.0417,0.7884,0.0,13,9,18.71,19.87
3561914,2021-09-18,usa,2021,MLS,,,56453,Toronto FC,915807,Nashville SC,1,2,1,44,56,9,11,4,5,4,5,1,1,0,1,8,5,1,6,4,7,2,2,0,1,,,7,10,1,1,0,0,1,0,15,19,14,14,1,1,33,7,4,2,51,51,37.0,36.0,14.0,15.0,14.0,10.0,372,459,301.0,374.0,158,187,143,187,12.0,28.0,1.0,2.0,1.26,1.62,1.02,1.43,0.24,0.19,1.26,1.62,1.48,1.8,1,1,4,4,3,0,0,5,1,1,0.2397,0.465,0.8943,0.9184,0.1015,0.0,0.0,0.2107,0.0233,0.0423,7,8,1,0,0,3,1,0,0,0,0.9522,1.5058,0.0669,0.0,0.0,0.1306,0.2397,0.0,0.0,0.0,9,11,16.43,15.69
3561914,2021-09-18,usa,2021,MLS,,,915807,Nashville SC,56453,Toronto FC,0,1,2,56,44,11,9,5,4,5,4,1,1,1,0,5,8,6,1,7,4,2,2,1,0,,,10,7,1,1,0,0,0,1,19,15,14,14,1,1,7,33,2,4,51,51,36.0,37.0,15.0,14.0,10.0,14.0,459,372,374.0,301.0,187,158,187,143,28.0,12.0,2.0,1.0,1.62,1.26,1.43,1.02,0.19,0.24,1.62,1.26,1.8,1.48,1,1,4,4,0,3,5,0,1,1,0.465,0.2397,0.9184,0.8943,0.0,0.1015,0.2107,0.0,0.0423,0.0233,8,7,0,1,3,0,0,1,0,0,1.5058,0.9522,0.0,0.0669,0.1306,0.0,0.0,0.2397,0.0,0.0,11,9,15.69,16.43
3561873,2021-09-19,usa,2021,MLS,,,207242,Minnesota United,6637,LA Galaxy,1,3,0,35,65,9,8,3,2,3,4,3,2,0,0,2,5,7,3,2,2,1,1,0,1,,,13,10,1,1,0,0,4,0,11,15,16,11,2,3,28,8,2,0,35,51,27.0,37.0,8.0,14.0,6.0,10.0,367,666,298.0,599.0,182,228,116,371,18.0,25.0,1.0,6.0,0.69,0.73,0.66,0.52,0.04,0.21,0.69,0.73,1.28,0.61,0,0,1,3,1,2,5,3,2,0,0.0,0.0,0.4911,0.3535,0.0446,0.2388,0.1202,0.1362,0.0369,0.0,7,6,0,0,0,1,2,1,0,0,0.6559,0.5207,0.0,0.0,0.0,0.0177,0.0369,0.1901,0.0,0.0,9,8,26.09,20.13
3561873,2021-09-19,usa,2021,MLS,,,6637,LA Galaxy,207242,Minnesota United,0,0,3,65,35,8,9,2,3,4,3,2,3,0,0,5,2,3,7,2,2,1,1,1,0,,,10,13,1,1,0,0,0,4,15,11,11,16,3,2,8,28,0,2,51,35,37.0,27.0,14.0,8.0,10.0,6.0,666,367,599.0,298.0,228,182,371,116,25.0,18.0,6.0,1.0,0.73,0.69,0.52,0.66,0.21,0.04,0.73,0.69,0.61,1.28,0,0,3,1,2,1,3,5,0,2,0.0,0.0,0.3535,0.4911,0.2388,0.0446,0.1362,0.1202,0.0,0.0369,6,7,0,0,1,0,1,2,0,0,0.5207,0.6559,0.0,0.0,0.0177,0.0,0.1901,0.0369,0.0,0.0,8,9,20.13,26.09
3561874,2021-09-19,usa,2021,MLS,,,8259,Houston Dynamo FC,6399,FC Dallas,1,3,2,42,58,12,16,5,4,3,6,4,6,0,0,9,11,3,5,4,6,4,2,1,1,,,12,10,1,1,0,0,0,2,10,15,5,14,6,4,22,16,2,2,35,50,24.0,34.0,11.0,16.0,5.0,8.0,354,477,269.0,404.0,115,232,154,172,35.0,27.0,4.0,6.0,2.32,1.49,1.5,1.34,0.03,0.14,1.53,1.49,3.02,0.94,4,1,3,8,2,2,2,3,1,2,1.2228,0.0297,0.9128,0.9362,0.0549,0.3325,0.0916,0.1259,0.0347,0.0631,9,12,0,0,2,2,0,2,1,0,1.495,1.3442,0.0,0.0,0.0334,0.0649,0.0,0.0783,0.7884,0.0,12,16,14.61,17.17
3561874,2021-09-19,usa,2021,MLS,,,6399,FC Dallas,8259,Houston Dynamo FC,0,2,3,58,42,16,12,4,5,6,3,6,4,0,0,11,9,5,3,6,4,2,4,1,1,,,10,12,1,1,0,0,2,0,15,10,14,5,4,6,16,22,2,2,50,35,34.0,24.0,16.0,11.0,8.0,5.0,477,354,404.0,269.0,232,115,172,154,27.0,35.0,6.0,4.0,1.49,2.32,1.34,1.5,0.14,0.03,1.49,1.53,0.94,3.02,1,4,8,3,2,2,3,2,2,1,0.0297,1.2228,0.9362,0.9128,0.3325,0.0549,0.1259,0.0916,0.0631,0.0347,12,9,0,0,2,2,2,0,0,1,1.3442,1.495,0.0,0.0,0.0649,0.0334,0.0783,0.0,0.0,0.7884,16,12,17.17,14.61
3561875,2021-09-19,usa,2021,MLS,,,1218886,Austin FC,6603,San Jose Earthquakes,1,3,4,51,49,15,15,10,8,3,4,2,3,0,0,10,10,5,5,8,8,4,3,2,1,26,21,17,10,3,4,1,0,0,2,20,9,11,11,2,2,9,18,4,7,50,47,37.0,34.0,13.0,13.0,7.0,10.0,359,346,285.0,287.0,144,181,141,106,18.0,22.0,5.0,4.0,2.5,1.9,2.38,0.78,0.12,0.33,2.5,1.12,3.81,3.55,3,2,7,7,0,1,5,4,0,1,1.8223,0.289,0.751,1.3715,0.0,0.0588,0.1498,0.1587,0.0,0.0255,11,7,0,1,1,5,3,1,0,1,2.6081,0.7227,0.0,0.0588,0.0208,0.3081,0.0942,0.0255,0.0,0.7884,15,15,14.48,16.17
3561875,2021-09-19,usa,2021,MLS,,,6603,San Jose Earthquakes,1218886,Austin FC,0,4,3,49,51,15,15,8,10,4,3,3,2,0,0,10,10,5,5,8,8,3,4,1,2,21,26,10,17,4,3,0,1,2,0,9,20,11,11,2,2,18,9,7,4,47,50,34.0,37.0,13.0,13.0,10.0,7.0,346,359,287.0,285.0,181,144,106,141,22.0,18.0,4.0,5.0,1.9,2.5,0.78,2.38,0.33,0.12,1.12,2.5,3.55,3.81,2,3,7,7,1,0,4,5,1,0,0.289,1.8223,1.3715,0.751,0.0588,0.0,0.1587,0.1498,0.0255,0.0,7,11,1,0,5,1,1,3,1,0,0.7227,2.6081,0.0588,0.0,0.3081,0.0208,0.0255,0.0942,0.7884,0.0,15,15,16.17,14.48
3561876,2021-09-19,usa,2021,MLS,,,6606,Real Salt Lake,130394,Seattle Sounders FC,1,1,0,44,56,16,9,5,2,5,5,6,2,1,0,10,5,6,4,7,6,2,0,1,0,,,21,6,4,1,0,0,1,0,14,14,12,10,2,6,34,15,2,4,37,55,26.0,39.0,11.0,16.0,6.0,6.0,328,409,261.0,330.0,97,127,164,203,31.0,31.0,6.0,3.0,1.63,0.41,1.22,0.26,0.42,0.15,1.63,0.41,2.05,0.18,1,0,5,3,4,2,4,1,2,3,0.3983,0.0,0.9473,0.2145,0.0858,0.0706,0.1603,0.0797,0.0426,0.0458,10,5,1,0,5,3,0,1,0,0,1.1553,0.2729,0.0606,0.0,0.4184,0.1038,0.0,0.0338,0.0,0.0,16,9,17.45,19.66
3561876,2021-09-19,usa,2021,MLS,,,130394,Seattle Sounders FC,6606,Real Salt Lake,0,0,1,56,44,9,16,2,5,5,5,2,6,0,1,5,10,4,6,6,7,0,2,0,1,,,6,21,1,4,0,0,0,1,14,14,10,12,6,2,15,34,4,2,55,37,39.0,26.0,16.0,11.0,6.0,6.0,409,328,330.0,261.0,127,97,203,164,31.0,31.0,3.0,6.0,0.41,1.63,0.26,1.22,0.15,0.42,0.41,1.63,0.18,2.05,0,1,3,5,2,4,1,4,3,2,0.0,0.3983,0.2145,0.9473,0.0706,0.0858,0.0797,0.1603,0.0458,0.0426,5,10,0,1,3,5,1,0,0,0,0.2729,1.1553,0.0,0.0606,0.1038,0.4184,0.0338,0.0,0.0,0.0,9,16,19.66,17.45
3561877,2021-09-19,usa,2021,MLS,,,191716,Philadelphia Union,267810,Orlando City,1,3,1,51,49,13,9,8,4,2,1,3,4,0,0,10,5,3,4,4,3,3,1,2,0,,,18,12,1,6,0,1,3,2,18,19,8,21,3,3,13,22,3,5,38,55,31.0,46.0,7.0,9.0,2.0,10.0,379,367,302.0,295.0,135,140,167,155,38.0,33.0,2.0,3.0,1.92,0.6,1.14,0.58,0.0,0.01,1.14,0.6,2.4,1.18,0,1,9,3,1,1,1,2,2,2,0.0,0.3086,1.8297,0.1122,0.043,0.024,0.0169,0.1067,0.0341,0.0436,12,8,0,0,0,1,0,0,1,0,1.1353,0.581,0.0,0.0,0.0,0.0141,0.0,0.0,0.7884,0.0,13,9,16.9,16.95
3561877,2021-09-19,usa,2021,MLS,,,267810,Orlando City,191716,Philadelphia Union,0,1,3,49,51,9,13,4,8,1,2,4,3,0,0,5,10,4,3,3,4,1,3,0,2,,,12,18,6,1,1,0,2,3,19,18,21,8,3,3,22,13,5,3,55,38,46.0,31.0,9.0,7.0,10.0,2.0,367,379,295.0,302.0,140,135,155,167,33.0,38.0,3.0,2.0,0.6,1.92,0.58,1.14,0.01,0.0,0.6,1.14,1.18,2.4,1,0,3,9,1,1,2,1,2,2,0.3086,0.0,0.1122,1.8297,0.024,0.043,0.1067,0.0169,0.0436,0.0341,8,12,0,0,1,0,0,0,0,1,0.581,1.1353,0.0,0.0,0.0141,0.0,0.0,0.0,0.0,0.7884,9,13,16.95,16.9
3561878,2021-09-19,usa,2021,MLS,,,307690,Portland Timbers,867280,Los Angeles FC,1,2,1,51,49,11,14,5,3,5,8,1,3,1,1,9,7,2,7,4,9,2,3,0,2,,,11,13,4,0,0,0,4,1,23,13,7,16,3,1,20,14,1,3,55,50,48.0,35.0,7.0,15.0,12.0,13.0,406,387,321.0,309.0,168,123,153,186,27.0,29.0,3.0,6.0,1.56,2.53,1.06,1.53,0.49,0.22,1.56,1.74,1.39,1.06,3,1,4,5,2,1,0,5,2,2,1.182,0.3086,0.3495,1.9061,0.0431,0.0292,0.0,0.2327,0.0322,0.0566,8,8,0,1,2,2,1,2,0,1,1.0632,0.96,0.0,0.5655,0.5204,0.0729,0.0233,0.1463,0.0,0.7884,11,14,14.24,18.73
3561878,2021-09-19,usa,2021,MLS,,,867280,Los Angeles FC,307690,Portland Timbers,0,1,2,49,51,14,11,3,5,8,5,3,1,1,1,7,9,7,2,9,4,3,2,2,0,,,13,11,0,4,0,0,1,4,13,23,16,7,1,3,14,20,3,1,50,55,35.0,48.0,15.0,7.0,13.0,12.0,387,406,309.0,321.0,123,168,186,153,29.0,27.0,6.0,3.0,2.53,1.56,1.53,1.06,0.22,0.49,1.74,1.56,1.06,1.39,1,3,5,4,1,2,5,0,2,2,0.3086,1.182,1.9061,0.3495,0.0292,0.0431,0.2327,0.0,0.0566,0.0322,8,8,1,0,2,2,2,1,1,0,0.96,1.0632,0.5655,0.0,0.0729,0.5204,0.1463,0.0233,0.7884,0.0,14,11,18.73,14.24
3561915,2021-09-19,usa,2021,MLS,,,161195,CF Montreal,6397,Chicago Fire FC,1,2,0,62,38,8,10,4,5,2,2,2,3,0,0,8,7,0,3,5,8,2,0,1,0,,,14,11,0,2,0,0,2,2,11,15,7,6,3,2,26,17,4,3,43,52,36.0,35.0,7.0,17.0,14.0,6.0,559,332,489.0,267.0,242,144,247,123,30.0,29.0,3.0,5.0,1.27,0.66,0.9,0.32,0.37,0.34,1.27,0.66,1.59,0.49,2,1,4,6,2,0,0,3,0,0,0.3829,0.1329,0.8338,0.4277,0.0532,0.0,0.0,0.1031,0.0,0.0,6,5,0,0,1,2,1,3,0,0,0.8989,0.3233,0.0,0.0,0.2906,0.1837,0.0804,0.1567,0.0,0.0,8,10,11.28,14.88
3561915,2021-09-19,usa,2021,MLS,,,6397,Chicago Fire FC,161195,CF Montreal,0,0,2,38,62,10,8,5,4,2,2,3,2,0,0,7,8,3,0,8,5,0,2,0,1,,,11,14,2,0,0,0,2,2,15,11,6,7,2,3,17,26,3,4,52,43,35.0,36.0,17.0,7.0,6.0,14.0,332,559,267.0,489.0,144,242,123,247,29.0,30.0,5.0,3.0,0.66,1.27,0.32,0.9,0.34,0.37,0.66,1.27,0.49,1.59,1,2,6,4,0,2,3,0,0,0,0.1329,0.3829,0.4277,0.8338,0.0,0.0532,0.1031,0.0,0.0,0.0,5,6,0,0,2,1,3,1,0,0,0.3233,0.8989,0.0,0.0,0.1837,0.2906,0.1567,0.0804,0.0,0.0,10,8,14.88,11.28
3561916,2021-09-20,usa,2021,MLS,,,8314,Colorado Rapids,307691,Vancouver Whitecaps,1,1,1,57,43,23,9,5,4,13,2,5,3,1,0,14,8,9,1,7,6,2,3,1,2,,,5,8,1,0,0,0,2,0,6,18,5,17,3,5,9,25,3,4,41,37,24.0,27.0,17.0,10.0,12.0,4.0,464,356,379.0,273.0,195,183,184,90,39.0,30.0,6.0,6.0,1.83,0.74,1.56,0.58,0.27,0.16,1.83,0.74,1.58,0.62,0,0,7,7,7,1,6,1,3,0,0.0,0.0,1.2463,0.6798,0.277,0.0309,0.2249,0.0255,0.0917,0.0,18,6,0,1,3,2,2,0,0,0,1.567,0.427,0.0,0.154,0.2161,0.1552,0.0568,0.0,0.0,0.0,23,9,17.33,14.54
3561916,2021-09-20,usa,2021,MLS,,,307691,Vancouver Whitecaps,8314,Colorado Rapids,0,1,1,43,57,9,23,4,5,2,13,3,5,0,1,8,14,1,9,6,7,3,2,2,1,,,8,5,0,1,0,0,0,2,18,6,17,5,5,3,25,9,4,3,37,41,27.0,24.0,10.0,17.0,4.0,12.0,356,464,273.0,379.0,183,195,90,184,30.0,39.0,6.0,6.0,0.74,1.83,0.58,1.56,0.16,0.27,0.74,1.83,0.62,1.58,0,0,7,7,1,7,1,6,0,3,0.0,0.0,0.6798,1.2463,0.0309,0.277,0.0255,0.2249,0.0,0.0917,6,18,1,0,2,3,0,2,0,0,0.427,1.567,0.154,0.0,0.1552,0.2161,0.0,0.0568,0.0,0.0,9,23,14.54,17.33
3561879,2021-09-22,usa,2021,MLS,,,960720,Inter Miami CF,915807,Nashville SC,1,1,5,55,45,9,18,4,10,1,6,4,2,1,0,4,15,5,3,5,5,0,4,0,2,16,27,9,16,0,1,1,0,4,0,13,11,6,7,3,4,11,13,4,3,41,37,34.0,27.0,7.0,10.0,6.0,7.0,536,443,480.0,380.0,261,209,219,171,27.0,28.0,4.0,7.0,0.7,2.95,0.7,2.63,0.0,0.32,0.7,2.95,1.01,2.69,0,4,4,6,0,5,4,2,1,1,0.0,1.0965,0.3979,1.3178,0.0,0.3959,0.2763,0.1022,0.021,0.0376,8,12,1,2,0,2,0,2,0,0,0.5516,2.4272,0.1436,0.2035,0.0,0.2207,0.0,0.0985,0.0,0.0,9,18,18.33,14.41
3561879,2021-09-22,usa,2021,MLS,,,915807,Nashville SC,960720,Inter Miami CF,0,5,1,45,55,18,9,10,4,6,1,2,4,0,1,15,4,3,5,5,5,4,0,2,0,27,16,16,9,1,0,0,1,0,4,11,13,7,6,4,3,13,11,3,4,37,41,27.0,34.0,10.0,7.0,7.0,6.0,443,536,380.0,480.0,209,261,171,219,28.0,27.0,7.0,4.0,2.95,0.7,2.63,0.7,0.32,0.0,2.95,0.7,2.69,1.01,4,0,6,4,5,0,2,4,1,1,1.0965,0.0,1.3178,0.3979,0.3959,0.0,0.1022,0.2763,0.0376,0.021,12,8,2,1,2,0,2,0,0,0,2.4272,0.5516,0.2035,0.1436,0.2207,0.0,0.0985,0.0,0.0,0.0,18,9,14.41,18.33
3561809,2021-09-23,usa,2021,MLS,,,6514,New York Red Bulls,546238,New York City FC,1,1,1,51,49,15,12,5,6,7,4,3,2,0,0,8,11,7,1,1,8,1,2,0,1,,,21,23,5,2,0,2,2,3,13,19,9,5,2,1,15,17,5,4,61,62,44.0,49.0,17.0,13.0,11.0,10.0,352,338,268.0,248.0,147,125,121,123,31.0,24.0,1.0,6.0,1.47,1.13,0.52,0.88,0.17,0.25,0.69,1.13,1.21,2.28,0,0,6,7,2,4,5,1,2,0,0.0,0.0,1.0313,0.9932,0.0275,0.1275,0.1898,0.0096,0.0369,0.0,11,6,0,0,1,3,2,3,1,0,0.3919,0.8785,0.0,0.0,0.0375,0.1123,0.0676,0.1396,0.7884,0.0,15,12,18.92,17.15
3561809,2021-09-23,usa,2021,MLS,,,546238,New York City FC,6514,New York Red Bulls,0,1,1,49,51,12,15,6,5,4,7,2,3,0,0,11,8,1,7,8,1,2,1,1,0,,,23,21,2,5,2,0,3,2,19,13,5,9,1,2,17,15,4,5,62,61,49.0,44.0,13.0,17.0,10.0,11.0,338,352,248.0,268.0,125,147,123,121,24.0,31.0,6.0,1.0,1.13,1.47,0.88,0.52,0.25,0.17,1.13,0.69,2.28,1.21,0,0,7,6,4,2,1,5,0,2,0.0,0.0,0.9932,1.0313,0.1275,0.0275,0.0096,0.1898,0.0,0.0369,6,11,0,0,3,1,3,2,0,1,0.8785,0.3919,0.0,0.0,0.1123,0.0375,0.1396,0.0676,0.0,0.7884,12,15,17.15,18.92
3561974,2021-09-23,usa,2021,MLS,,,6397,Chicago Fire FC,6580,New England Revolution,1,2,3,60,40,26,18,10,7,8,7,8,4,0,0,19,12,7,6,9,8,6,3,4,1,,,15,16,2,2,0,0,3,1,15,26,10,13,4,9,19,40,4,7,58,60,35.0,48.0,23.0,12.0,4.0,9.0,418,287,337.0,207.0,142,72,195,135,25.0,21.0,10.0,1.0,2.82,1.53,1.44,1.2,1.38,0.33,2.82,1.53,2.82,2.35,2,0,12,6,5,6,6,4,1,2,0.327,0.0,1.9576,1.0293,0.3545,0.3444,0.2386,0.1031,0.0148,0.0499,18,11,0,1,3,3,5,3,0,0,1.5721,1.0613,0.0,0.1341,0.3272,0.0697,0.9931,0.2616,0.0,0.0,26,18,14.09,17.05
3561974,2021-09-23,usa,2021,MLS,,,6580,New England Revolution,6397,Chicago Fire FC,0,3,2,40,60,18,26,7,10,7,8,4,8,0,0,12,19,6,7,8,9,3,6,1,4,,,16,15,2,2,0,0,1,3,26,15,13,10,9,4,40,19,7,4,60,58,48.0,35.0,12.0,23.0,9.0,4.0,287,418,207.0,337.0,72,142,135,195,21.0,25.0,1.0,10.0,1.53,2.82,1.2,1.44,0.33,1.38,1.53,2.82,2.35,2.82,0,2,6,12,6,5,4,6,2,1,0.0,0.327,1.0293,1.9576,0.3444,0.3545,0.1031,0.2386,0.0499,0.0148,11,18,1,0,3,3,3,5,0,0,1.0613,1.5721,0.1341,0.0,0.0697,0.3272,0.2616,0.9931,0.0,0.0,18,26,17.05,14.09
3561880,2021-09-25,usa,2021,MLS,,,191716,Philadelphia Union,773958,Atlanta United,1,1,0,49,51,18,6,9,2,5,2,4,2,0,0,9,2,9,4,4,2,1,0,1,0,,,15,11,1,1,0,0,3,0,31,19,9,10,2,4,10,23,2,8,62,56,54.0,47.0,8.0,9.0,12.0,15.0,444,460,356.0,384.0,162,212,194,172,23.0,32.0,2.0,0.0,1.34,0.23,1.25,0.23,0.09,0.0,1.34,0.23,1.25,0.19,0,0,5,0,4,2,4,3,5,1,0.0,0.0,0.8827,0.0,0.1888,0.1558,0.1674,0.0596,0.1008,0.0159,16,6,0,0,1,0,1,0,0,0,1.253,0.2313,0.0,0.0,0.0539,0.0,0.0328,0.0,0.0,0.0,18,6,20.72,25.14
3561880,2021-09-25,usa,2021,MLS,,,773958,Atlanta United,191716,Philadelphia Union,0,0,1,51,49,6,18,2,9,2,5,2,4,0,0,2,9,4,9,2,4,0,1,0,1,,,11,15,1,1,0,0,0,3,19,31,10,9,4,2,23,10,8,2,56,62,47.0,54.0,9.0,8.0,15.0,12.0,460,444,384.0,356.0,212,162,172,194,32.0,23.0,0.0,2.0,0.23,1.34,0.23,1.25,0.0,0.09,0.23,1.34,0.19,1.25,0,0,0,5,2,4,3,4,1,5,0.0,0.0,0.0,0.8827,0.1558,0.1888,0.0596,0.1674,0.0159,0.1008,6,16,0,0,0,1,0,1,0,0,0.2313,1.253,0.0,0.0,0.0,0.0539,0.0,0.0328,0.0,0.0,6,18,25.14,20.72
3561881,2021-09-25,usa,2021,MLS,,,6580,New England Revolution,267810,Orlando City,1,2,1,54,46,13,13,1,3,7,5,5,5,0,0,8,8,5,5,4,3,2,1,1,1,,,13,10,1,2,0,0,2,1,16,12,4,11,5,5,16,22,2,0,51,45,39.0,26.0,12.0,19.0,14.0,2.0,478,399,397.0,333.0,158,150,239,183,30.0,25.0,7.0,3.0,0.86,1.58,0.76,0.51,0.1,0.28,0.86,0.79,0.49,1.27,1,1,5,4,2,3,1,2,4,3,0.1388,0.1767,0.485,1.1428,0.0629,0.0962,0.0967,0.1046,0.0728,0.0568,9,10,0,0,1,0,3,2,0,1,0.7595,0.5125,0.0,0.0,0.0161,0.0,0.0806,0.2761,0.0,0.7884,13,13,18.01,17.76
3561881,2021-09-25,usa,2021,MLS,,,267810,Orlando City,6580,New England Revolution,0,1,2,46,54,13,13,3,1,5,7,5,5,0,0,8,8,5,5,3,4,1,2,1,1,,,10,13,2,1,0,0,1,2,12,16,11,4,5,5,22,16,0,2,45,51,26.0,39.0,19.0,12.0,2.0,14.0,399,478,333.0,397.0,150,158,183,239,25.0,30.0,3.0,7.0,1.58,0.86,0.51,0.76,0.28,0.1,0.79,0.86,1.27,0.49,1,1,4,5,3,2,2,1,3,4,0.1767,0.1388,1.1428,0.485,0.0962,0.0629,0.1046,0.0967,0.0568,0.0728,10,9,0,0,0,1,2,3,1,0,0.5125,0.7595,0.0,0.0,0.0,0.0161,0.2761,0.0806,0.7884,0.0,13,13,17.76,18.01
3561882,2021-09-25,usa,2021,MLS,,,6602,DC United,722265,FC Cincinnati,1,4,2,46,54,19,15,8,6,6,5,5,4,1,1,13,13,6,2,7,8,6,1,3,1,,,13,12,1,0,0,0,4,4,18,19,15,16,4,4,16,18,4,4,43,65,35.0,49.0,8.0,16.0,5.0,17.0,361,428,279.0,335.0,132,226,147,109,23.0,26.0,2.0,9.0,2.56,0.72,1.27,0.59,1.29,0.12,2.56,0.72,3.32,1.18,1,0,10,10,2,3,4,1,2,1,0.7321,0.0,1.5529,0.5574,0.227,0.1231,0.1166,0.0257,0.0486,0.0155,11,12,0,0,4,1,4,2,0,0,1.4596,0.5986,0.0,0.0,0.7946,0.0243,0.4231,0.0988,0.0,0.0,19,15,16.29,16.12
3561882,2021-09-25,usa,2021,MLS,,,722265,FC Cincinnati,6602,DC United,0,2,4,54,46,15,19,6,8,5,6,4,5,1,1,13,13,2,6,8,7,1,6,1,3,,,12,13,0,1,0,0,4,4,19,18,16,15,4,4,18,16,4,4,65,43,49.0,35.0,16.0,8.0,17.0,5.0,428,361,335.0,279.0,226,132,109,147,26.0,23.0,9.0,2.0,0.72,2.56,0.59,1.27,0.12,1.29,0.72,2.56,1.18,3.32,0,1,10,10,3,2,1,4,1,2,0.0,0.7321,0.5574,1.5529,0.1231,0.227,0.0257,0.1166,0.0155,0.0486,12,11,0,0,1,4,2,4,0,0,0.5986,1.4596,0.0,0.0,0.0243,0.7946,0.0988,0.4231,0.0,0.0,15,19,16.12,16.29
3561917,2021-09-25,usa,2021,MLS,,,6001,Columbus Crew,161195,CF Montreal,1,2,1,42,58,10,11,6,4,2,5,2,2,0,1,2,8,8,3,1,4,1,1,0,0,,,14,7,2,0,0,0,5,1,21,8,13,8,2,2,11,10,3,4,44,37,34.0,28.0,10.0,9.0,6.0,8.0,392,529,322.0,458.0,167,240,155,218,30.0,40.0,1.0,4.0,0.82,1.11,0.75,1.01,0.07,0.1,0.82,1.11,1.56,1.52,0,1,1,5,1,2,5,2,3,1,0.0,0.6584,0.5415,0.304,0.0401,0.0946,0.2302,0.0729,0.0967,0.0628,7,8,1,1,1,2,1,0,0,0,0.3032,1.0566,0.5415,0.0379,0.0174,0.0983,0.0463,0.0,0.0,0.0,10,11,21.6,14.95
3561917,2021-09-25,usa,2021,MLS,,,161195,CF Montreal,6001,Columbus Crew,0,1,2,58,42,11,10,4,6,5,2,2,2,1,0,8,2,3,8,4,1,1,1,0,0,,,7,14,0,2,0,0,1,5,8,21,8,13,2,2,10,11,4,3,37,44,28.0,34.0,9.0,10.0,8.0,6.0,529,392,458.0,322.0,240,167,218,155,40.0,30.0,4.0,1.0,1.11,0.82,1.01,0.75,0.1,0.07,1.11,0.82,1.52,1.56,1,0,5,1,2,1,2,5,1,3,0.6584,0.0,0.304,0.5415,0.0946,0.0401,0.0729,0.2302,0.0628,0.0967,8,7,1,1,2,1,0,1,0,0,1.0566,0.3032,0.0379,0.5415,0.0983,0.0174,0.0,0.0463,0.0,0.0,11,10,14.95,21.6
3561883,2021-09-26,usa,2021,MLS,,,546238,New York City FC,6514,New York Red Bulls,1,0,1,65,35,14,16,4,6,7,8,3,2,0,0,10,11,4,5,5,5,2,1,2,0,,,14,19,2,2,0,0,5,5,12,14,6,13,2,3,22,18,7,4,54,56,35.0,36.0,19.0,20.0,5.0,8.0,503,267,369.0,155.0,243,62,126,93,35.0,22.0,8.0,3.0,1.12,1.37,0.57,0.82,0.55,0.56,1.12,1.37,0.94,1.18,1,1,9,8,0,2,4,3,0,2,0.2887,0.166,0.611,0.7016,0.0,0.0567,0.2161,0.1392,0.0,0.0333,7,7,0,0,5,2,2,7,0,0,0.5666,0.5128,0.0,0.0,0.4232,0.0203,0.1261,0.5637,0.0,0.0,14,16,14.93,17.71
3561883,2021-09-26,usa,2021,MLS,,,6514,New York Red Bulls,546238,New York City FC,0,1,0,35,65,16,14,6,4,8,7,2,3,0,0,11,10,5,4,5,5,1,2,0,2,,,19,14,2,2,0,0,5,5,14,12,13,6,3,2,18,22,4,7,56,54,36.0,35.0,20.0,19.0,8.0,5.0,267,503,155.0,369.0,62,243,93,126,22.0,35.0,3.0,8.0,1.37,1.12,0.82,0.57,0.56,0.55,1.37,1.12,1.18,0.94,1,1,8,9,2,0,3,4,2,0,0.166,0.2887,0.7016,0.611,0.0567,0.0,0.1392,0.2161,0.0333,0.0,7,7,0,0,2,5,7,2,0,0,0.5128,0.5666,0.0,0.0,0.0203,0.4232,0.5637,0.1261,0.0,0.0,16,14,17.71,14.93
3561884,2021-09-26,usa,2021,MLS,,,207242,Minnesota United,8259,Houston Dynamo FC,1,2,0,49,51,12,15,6,7,6,3,0,5,1,0,7,11,5,4,5,9,3,1,2,1,,,11,16,1,2,0,0,1,1,18,23,11,9,5,0,21,15,8,4,48,54,38.0,43.0,10.0,11.0,5.0,9.0,447,472,369.0,381.0,165,216,204,165,22.0,23.0,3.0,2.0,0.84,1.13,0.73,1.11,0.11,0.02,0.84,1.13,1.16,1.39,0,0,4,4,3,7,4,2,1,2,0.0,0.0,0.3329,0.8454,0.3298,0.2383,0.1385,0.0459,0.0417,0.0337,9,14,0,0,1,1,2,0,0,0,0.7331,1.1452,0.0,0.0,0.0234,0.0179,0.0864,0.0,0.0,0.0,12,15,17.28,17.92
3561884,2021-09-26,usa,2021,MLS,,,8259,Houston Dynamo FC,207242,Minnesota United,0,0,2,51,49,15,12,7,6,3,6,5,0,0,1,11,7,4,5,9,5,1,3,1,2,,,16,11,2,1,0,0,1,1,23,18,9,11,0,5,15,21,4,8,54,48,43.0,38.0,11.0,10.0,9.0,5.0,472,447,381.0,369.0,216,165,165,204,23.0,22.0,2.0,3.0,1.13,0.84,1.11,0.73,0.02,0.11,1.13,0.84,1.39,1.16,0,0,4,4,7,3,2,4,2,1,0.0,0.0,0.8454,0.3329,0.2383,0.3298,0.0459,0.1385,0.0337,0.0417,14,9,0,0,1,1,0,2,0,0,1.1452,0.7331,0.0,0.0,0.0179,0.0234,0.0,0.0864,0.0,0.0,15,12,17.92,17.28
3561885,2021-09-26,usa,2021,MLS,,,6603,San Jose Earthquakes,867280,Los Angeles FC,1,2,0,48,52,7,13,2,3,4,9,1,1,1,1,5,7,2,6,0,3,1,2,0,2,10,20,17,21,4,3,0,0,2,1,23,18,16,15,1,1,29,8,3,0,71,56,57.0,44.0,14.0,12.0,15.0,11.0,370,392,278.0,293.0,168,137,110,156,38.0,30.0,3.0,5.0,1.68,1.31,1.6,1.05,0.08,0.26,1.68,1.31,1.1,0.49,0,0,4,7,1,0,2,3,0,3,0.0,0.0,1.4555,1.1366,0.1448,0.0,0.0826,0.0519,0.0,0.12,5,5,0,0,0,2,2,6,0,0,1.6003,1.0498,0.0,0.0,0.0,0.0645,0.0826,0.1943,0.0,0.0,7,13,15.39,19.74
3561885,2021-09-26,usa,2021,MLS,,,867280,Los Angeles FC,6603,San Jose Earthquakes,0,0,2,52,48,13,7,3,2,9,4,1,1,1,1,7,5,6,2,3,0,2,1,2,0,20,10,21,17,3,4,0,0,1,2,18,23,15,16,1,1,8,29,0,3,56,71,44.0,57.0,12.0,14.0,11.0,15.0,392,370,293.0,278.0,137,168,156,110,30.0,38.0,5.0,3.0,1.31,1.68,1.05,1.6,0.26,0.08,1.31,1.68,0.49,1.1,0,0,7,4,0,1,3,2,3,0,0.0,0.0,1.1366,1.4555,0.0,0.1448,0.0519,0.0826,0.12,0.0,5,5,0,0,2,0,6,2,0,0,1.0498,1.6003,0.0,0.0,0.0645,0.0,0.1943,0.0826,0.0,0.0,13,7,19.74,15.39
3561886,2021-09-26,usa,2021,MLS,,,307690,Portland Timbers,6606,Real Salt Lake,1,6,1,41,59,16,18,9,9,6,6,1,3,1,0,12,9,4,9,7,7,3,2,1,1,,,14,9,1,2,0,0,1,0,20,17,12,10,3,1,28,11,8,3,52,53,36.0,41.0,16.0,12.0,7.0,10.0,332,477,256.0,403.0,128,175,128,228,28.0,37.0,5.0,5.0,1.53,1.69,1.43,1.61,0.11,0.08,1.53,1.69,4.15,2.15,3,2,8,4,1,3,3,4,1,5,0.5273,1.0099,0.7598,0.6212,0.134,0.0633,0.0998,0.1151,0.0118,0.1062,10,14,2,0,4,2,0,2,0,0,1.0181,1.8357,0.4094,0.0,0.1054,0.0451,0.0,0.035,0.0,0.0,16,18,15.62,18.56
3561886,2021-09-26,usa,2021,MLS,,,6606,Real Salt Lake,307690,Portland Timbers,0,1,6,59,41,18,16,9,9,6,6,3,1,0,1,9,12,9,4,7,7,2,3,1,1,,,9,14,2,1,0,0,0,1,17,20,10,12,1,3,11,28,3,8,53,52,41.0,36.0,12.0,16.0,10.0,7.0,477,332,403.0,256.0,175,128,228,128,37.0,28.0,5.0,5.0,1.69,1.53,1.61,1.43,0.08,0.11,1.69,1.53,2.15,4.15,2,3,4,8,3,1,4,3,5,1,1.0099,0.5273,0.6212,0.7598,0.0633,0.134,0.1151,0.0998,0.1062,0.0118,14,10,0,2,2,4,2,0,0,0,1.8357,1.0181,0.0,0.4094,0.0451,0.1054,0.035,0.0,0.0,0.0,18,16,18.56,15.62
3561888,2021-09-26,usa,2021,MLS,,,6397,Chicago Fire FC,915807,Nashville SC,1,0,0,63,37,8,5,3,4,2,0,3,1,0,0,3,4,5,1,5,3,1,1,1,1,,,13,13,1,1,0,0,1,4,12,12,17,13,1,3,26,23,4,3,43,41,30.0,27.0,13.0,14.0,6.0,2.0,518,292,434.0,207.0,219,107,215,100,15.0,26.0,4.0,7.0,0.23,0.57,0.1,0.3,0.13,0.27,0.23,0.57,0.84,0.63,1,0,1,4,1,0,0,1,5,0,0.1359,0.0,0.0078,0.5424,0.0065,0.0,0.0,0.0249,0.1257,0.0,4,3,0,0,1,0,3,2,0,0,0.1708,0.3003,0.0,0.0,0.0065,0.0,0.0986,0.267,0.0,0.0,8,5,22.22,14.01
3561888,2021-09-26,usa,2021,MLS,,,915807,Nashville SC,6397,Chicago Fire FC,0,0,0,37,63,5,8,4,3,0,2,1,3,0,0,4,3,1,5,3,5,1,1,1,1,,,13,13,1,1,0,0,4,1,12,12,13,17,3,1,23,26,3,4,41,43,27.0,30.0,14.0,13.0,2.0,6.0,292,518,207.0,434.0,107,219,100,215,26.0,15.0,7.0,4.0,0.57,0.23,0.3,0.1,0.27,0.13,0.57,0.23,0.63,0.84,0,1,4,1,0,1,1,0,0,5,0.0,0.1359,0.5424,0.0078,0.0,0.0065,0.0249,0.0,0.0,0.1257,3,4,0,0,0,1,2,3,0,0,0.3003,0.1708,0.0,0.0,0.0,0.0065,0.267,0.0986,0.0,0.0,5,8,14.01,22.22
3561889,2021-09-26,usa,2021,MLS,,,6604,Sporting Kansas City,130394,Seattle Sounders FC,1,1,2,65,35,14,8,3,3,6,4,5,1,0,0,5,7,9,1,9,2,0,1,0,1,,,11,13,1,3,0,0,2,3,13,14,11,13,1,5,9,22,1,2,49,42,34.0,28.0,15.0,14.0,9.0,3.0,605,328,520.0,245.0,225,144,295,101,42.0,31.0,8.0,4.0,0.35,1.14,0.21,1.0,0.13,0.14,0.35,1.14,0.23,0.76,0,0,3,6,2,1,6,1,3,0,0.0,0.0,0.0962,1.1002,0.0667,0.0183,0.1422,0.0232,0.04,0.0,11,6,0,0,2,1,1,1,0,0,0.2103,0.9976,0.0,0.0,0.0731,0.0183,0.0617,0.1258,0.0,0.0,14,8,21.14,14.03
3561889,2021-09-26,usa,2021,MLS,,,130394,Seattle Sounders FC,6604,Sporting Kansas City,0,2,1,35,65,8,14,3,3,4,6,1,5,0,0,7,5,1,9,2,9,1,0,1,0,,,13,11,3,1,0,0,3,2,14,13,13,11,5,1,22,9,2,1,42,49,28.0,34.0,14.0,15.0,3.0,9.0,328,605,245.0,520.0,144,225,101,295,31.0,42.0,4.0,8.0,1.14,0.35,1.0,0.21,0.14,0.13,1.14,0.35,0.76,0.23,0,0,6,3,1,2,1,6,0,3,0.0,0.0,1.1002,0.0962,0.0183,0.0667,0.0232,0.1422,0.0,0.04,6,11,0,0,1,2,1,1,0,0,0.9976,0.2103,0.0,0.0,0.0183,0.0731,0.1258,0.0617,0.0,0.0,8,14,14.03,21.14
3561918,2021-09-26,usa,2021,MLS,,,8314,Colorado Rapids,56453,Toronto FC,1,0,0,62,38,10,8,1,2,6,4,3,2,0,0,5,2,5,6,3,2,2,0,2,0,,,7,6,1,1,0,0,1,0,4,9,9,9,2,2,7,16,2,1,25,36,15.0,27.0,10.0,9.0,5.0,11.0,593,368,526.0,278.0,254,159,272,119,41.0,20.0,3.0,2.0,0.71,0.38,0.66,0.3,0.06,0.08,0.71,0.38,0.02,0.05,0,0,4,0,1,2,2,4,3,2,0.0,0.0,0.5801,0.0,0.0182,0.1076,0.0318,0.2294,0.0825,0.0402,9,6,0,0,0,1,1,1,0,0,0.6569,0.2988,0.0,0.0,0.0,0.0164,0.0558,0.0619,0.0,0.0,10,8,19.27,21.43
3561918,2021-09-26,usa,2021,MLS,,,56453,Toronto FC,8314,Colorado Rapids,0,0,0,38,62,8,10,2,1,4,6,2,3,0,0,2,5,6,5,2,3,0,2,0,2,,,6,7,1,1,0,0,0,1,9,4,9,9,2,2,16,7,1,2,36,25,27.0,15.0,9.0,10.0,11.0,5.0,368,593,278.0,526.0,159,254,119,272,20.0,41.0,2.0,3.0,0.38,0.71,0.3,0.66,0.08,0.06,0.38,0.71,0.05,0.02,0,0,0,4,2,1,4,2,2,3,0.0,0.0,0.0,0.5801,0.1076,0.0182,0.2294,0.0318,0.0402,0.0825,6,9,0,0,1,0,1,1,0,0,0.2988,0.6569,0.0,0.0,0.0164,0.0,0.0619,0.0558,0.0,0.0,8,10,21.43,19.27
3561919,2021-09-26,usa,2021,MLS,,,307691,Vancouver Whitecaps,6399,FC Dallas,1,1,0,41,59,19,16,5,7,11,3,3,6,0,0,11,11,8,5,7,4,0,1,0,1,27,20,9,14,2,3,0,0,2,1,12,15,13,10,6,3,16,17,7,4,53,47,33.0,32.0,20.0,15.0,7.0,8.0,379,563,289.0,465.0,140,307,149,158,40.0,39.0,11.0,4.0,1.22,1.77,0.97,0.75,0.25,0.22,1.22,0.98,0.33,1.44,0,0,10,10,1,1,5,4,3,1,0.0,0.0,0.9569,1.6479,0.0428,0.046,0.15,0.1607,0.071,0.0276,13,11,0,0,4,2,2,2,0,1,0.9733,0.7536,0.0,0.0,0.1992,0.1465,0.0481,0.1936,0.0,0.7884,19,16,16.48,15.39
3561919,2021-09-26,usa,2021,MLS,,,6399,FC Dallas,307691,Vancouver Whitecaps,0,0,1,59,41,16,19,7,5,3,11,6,3,0,0,11,11,5,8,4,7,1,0,1,0,20,27,14,9,3,2,0,0,1,2,15,12,10,13,3,6,17,16,4,7,47,53,32.0,33.0,15.0,20.0,8.0,7.0,563,379,465.0,289.0,307,140,158,149,39.0,40.0,4.0,11.0,1.77,1.22,0.75,0.97,0.22,0.25,0.98,1.22,1.44,0.33,0,0,10,10,1,1,4,5,1,3,0.0,0.0,1.6479,0.9569,0.046,0.0428,0.1607,0.15,0.0276,0.071,11,13,0,0,2,4,2,2,1,0,0.7536,0.9733,0.0,0.0,0.1465,0.1992,0.1936,0.0481,0.7884,0.0,16,19,15.39,16.48
3561887,2021-09-27,usa,2021,MLS,,,1218886,Austin FC,6637,LA Galaxy,1,2,0,40,60,12,15,5,7,4,5,3,3,0,0,6,10,6,5,4,10,0,2,0,2,,,9,11,2,0,0,0,1,1,18,13,7,9,3,3,20,5,7,3,43,37,36.0,29.0,7.0,8.0,10.0,8.0,348,520,297.0,466.0,174,212,123,254,24.0,24.0,3.0,6.0,0.82,0.85,0.51,0.78,0.32,0.07,0.82,0.85,0.87,1.38,1,0,3,3,2,7,5,4,1,1,0.1584,0.0,0.3235,0.4434,0.0555,0.2045,0.2635,0.1853,0.0322,0.0128,8,10,0,0,2,5,2,0,0,0,0.518,0.7759,0.0,0.0,0.1909,0.0701,0.1242,0.0,0.0,0.0,12,15,16.62,18.01
3561887,2021-09-27,usa,2021,MLS,,,6637,LA Galaxy,1218886,Austin FC,0,0,2,60,40,15,12,7,5,5,4,3,3,0,0,10,6,5,6,10,4,2,0,2,0,,,11,9,0,2,0,0,1,1,13,18,9,7,3,3,5,20,3,7,37,43,29.0,36.0,8.0,7.0,8.0,10.0,520,348,466.0,297.0,212,174,254,123,24.0,24.0,6.0,3.0,0.85,0.82,0.78,0.51,0.07,0.32,0.85,0.82,1.38,0.87,0,1,3,3,7,2,4,5,1,1,0.0,0.1584,0.4434,0.3235,0.2045,0.0555,0.1853,0.2635,0.0128,0.0322,10,8,0,0,5,2,0,2,0,0,0.7759,0.518,0.0,0.0,0.0701,0.1909,0.0,0.1242,0.0,0.0,15,12,18.01,16.62
3561890,2021-09-29,usa,2021,MLS,,,6514,New York Red Bulls,191716,Philadelphia Union,1,1,1,48,52,13,5,4,2,8,1,1,2,0,0,5,2,8,3,4,9,0,1,0,0,,,15,12,2,4,0,0,1,2,9,24,9,10,1,1,20,15,1,3,53,76,26.0,51.0,27.0,25.0,5.0,13.0,392,414,267.0,262.0,112,111,155,151,19.0,32.0,4.0,2.0,0.56,1.1,0.54,0.09,0.02,1.01,0.56,1.1,0.52,1.03,0,2,4,0,1,0,4,3,4,0,0.0,1.0127,0.246,0.0,0.0397,0.0,0.1653,0.0921,0.1117,0.0,12,3,0,0,0,2,1,0,0,0,0.5388,0.0921,0.0,0.0,0.0,1.0127,0.0239,0.0,0.0,0.0,13,5,20.54,17.07
3561890,2021-09-29,usa,2021,MLS,,,191716,Philadelphia Union,6514,New York Red Bulls,0,1,1,52,48,5,13,2,4,1,8,2,1,0,0,2,5,3,8,9,4,1,0,0,0,,,12,15,4,2,0,0,2,1,24,9,10,9,1,1,15,20,3,1,76,53,51.0,26.0,25.0,27.0,13.0,5.0,414,392,262.0,267.0,111,112,151,155,32.0,19.0,2.0,4.0,1.1,0.56,0.09,0.54,1.01,0.02,1.1,0.56,1.03,0.52,2,0,0,4,0,1,3,4,0,4,1.0127,0.0,0.0,0.246,0.0,0.0397,0.0921,0.1653,0.0,0.1117,3,12,0,0,2,0,0,1,0,0,0.0921,0.5388,0.0,0.0,1.0127,0.0,0.0,0.0239,0.0,0.0,5,13,17.07,20.54
3561891,2021-09-29,usa,2021,MLS,,,773958,Atlanta United,960720,Inter Miami CF,1,1,0,62,38,19,7,7,0,7,3,5,4,0,0,10,4,9,3,8,4,4,1,3,1,23,17,10,13,0,4,0,0,3,3,10,16,14,13,4,5,7,16,0,6,50,41,44.0,33.0,6.0,8.0,23.0,7.0,567,346,511.0,282.0,198,128,313,154,35.0,28.0,3.0,5.0,2.2,0.56,1.22,0.54,0.19,0.01,1.42,0.56,2.26,0.0,0,0,8,2,2,2,5,2,4,1,0.0,0.0,1.8503,0.3401,0.1099,0.0702,0.1192,0.1005,0.1813,0.0442,12,6,1,0,2,0,3,1,1,0,1.0336,0.5426,0.2437,0.0,0.094,0.0,0.1009,0.0124,0.7884,0.0,19,7,19.14,17.97
3561891,2021-09-29,usa,2021,MLS,,,960720,Inter Miami CF,773958,Atlanta United,0,0,1,38,62,7,19,0,7,3,7,4,5,0,0,4,10,3,9,4,8,1,4,1,3,17,23,13,10,4,0,0,0,3,3,16,10,13,14,5,4,16,7,6,0,41,50,33.0,44.0,8.0,6.0,7.0,23.0,346,567,282.0,511.0,128,198,154,313,28.0,35.0,5.0,3.0,0.56,2.2,0.54,1.22,0.01,0.19,0.56,1.42,0.0,2.26,0,0,2,8,2,2,2,5,1,4,0.0,0.0,0.3401,1.8503,0.0702,0.1099,0.1005,0.1192,0.0442,0.1813,6,12,0,1,0,2,1,3,0,1,0.5426,1.0336,0.0,0.2437,0.0,0.094,0.0124,0.1009,0.0,0.7884,7,19,17.97,19.14
3561893,2021-09-29,usa,2021,MLS,,,6602,DC United,207242,Minnesota United,1,3,1,54,46,15,6,5,2,7,2,3,2,0,0,11,4,4,2,3,5,5,0,4,0,,,14,15,2,4,0,0,2,0,15,20,18,12,1,3,19,21,1,2,58,57,39.0,43.0,19.0,14.0,10.0,9.0,476,395,364.0,280.0,145,141,219,139,23.0,28.0,3.0,5.0,3.31,0.2,1.49,0.13,0.23,0.07,1.73,0.2,2.48,0.53,2,0,8,4,1,0,4,1,0,1,0.3483,0.0,2.6197,0.1348,0.119,0.0,0.2184,0.0442,0.0,0.0228,9,3,2,0,1,1,1,2,2,0,0.9247,0.1275,0.5689,0.0,0.0888,0.0172,0.1462,0.0571,1.5768,0.0,15,6,13.71,16.13
3561893,2021-09-29,usa,2021,MLS,,,207242,Minnesota United,6602,DC United,0,1,3,46,54,6,15,2,5,2,7,2,3,0,0,4,11,2,4,5,3,0,5,0,4,,,15,14,4,2,0,0,0,2,20,15,12,18,3,1,21,19,2,1,57,58,43.0,39.0,14.0,19.0,9.0,10.0,395,476,280.0,364.0,141,145,139,219,28.0,23.0,5.0,3.0,0.2,3.31,0.13,1.49,0.07,0.23,0.2,1.73,0.53,2.48,0,2,4,8,0,1,1,4,1,0,0.0,0.3483,0.1348,2.6197,0.0,0.119,0.0442,0.2184,0.0228,0.0,3,9,0,2,1,1,2,1,0,2,0.1275,0.9247,0.0,0.5689,0.0172,0.0888,0.0571,0.1462,0.0,1.5768,6,15,16.13,13.71
3561920,2021-09-29,usa,2021,MLS,,,56453,Toronto FC,722265,FC Cincinnati,1,3,2,47,53,16,9,6,4,7,3,3,2,0,0,11,5,5,4,4,2,5,2,3,1,,,13,11,3,4,0,0,3,1,15,18,13,11,1,2,15,15,2,3,47,41,41.0,38.0,6.0,3.0,15.0,10.0,446,528,374.0,434.0,177,259,197,175,20.0,21.0,6.0,0.0,3.37,0.6,2.54,0.58,0.82,0.02,3.37,0.6,1.9,0.91,4,0,3,1,4,4,3,3,2,1,2.3272,0.0,0.4889,0.1247,0.4533,0.4099,0.1803,0.0464,0.0413,0.0206,11,7,2,0,2,2,1,0,0,0,1.2396,0.5776,1.2994,0.0,0.947,0.0241,0.0048,0.0,0.0,0.0,16,9,14.99,21.14
3561920,2021-09-29,usa,2021,MLS,,,722265,FC Cincinnati,56453,Toronto FC,0,2,3,53,47,9,16,4,6,3,7,2,3,0,0,5,11,4,5,2,4,2,5,1,3,,,11,13,4,3,0,0,1,3,18,15,11,13,2,1,15,15,3,2,41,47,38.0,41.0,3.0,6.0,10.0,15.0,528,446,434.0,374.0,259,177,175,197,21.0,20.0,0.0,6.0,0.6,3.37,0.58,2.54,0.02,0.82,0.6,3.37,0.91,1.9,0,4,1,3,4,4,3,3,1,2,0.0,2.3272,0.1247,0.4889,0.4099,0.4533,0.0464,0.1803,0.0206,0.0413,7,11,0,2,2,2,0,1,0,0,0.5776,1.2396,0.0,1.2994,0.0241,0.947,0.0,0.0048,0.0,0.0,9,16,21.14,14.99
3561921,2021-09-29,usa,2021,MLS,,,161195,CF Montreal,6580,New England Revolution,1,1,4,53,47,19,12,7,7,7,3,5,2,1,0,10,10,9,2,6,6,1,4,1,2,,,17,11,2,2,0,0,0,4,16,7,5,7,2,5,15,21,4,6,45,44,33.0,33.0,12.0,11.0,7.0,11.0,486,436,413.0,359.0,195,184,218,175,24.0,25.0,4.0,4.0,1.65,1.93,1.57,1.79,0.08,0.15,1.65,1.93,0.9,3.5,1,2,6,5,3,3,6,1,3,1,0.3495,0.7623,0.7615,0.7625,0.2056,0.3305,0.2543,0.0532,0.0756,0.0218,16,10,1,0,2,2,0,0,0,0,1.4793,1.7853,0.0861,0.0,0.0813,0.1451,0.0,0.0,0.0,0.0,19,12,17.36,13.14
3561921,2021-09-29,usa,2021,MLS,,,6580,New England Revolution,161195,CF Montreal,0,4,1,47,53,12,19,7,7,3,7,2,5,0,1,10,10,2,9,6,6,4,1,2,1,,,11,17,2,2,0,0,4,0,7,16,7,5,5,2,21,15,6,4,44,45,33.0,33.0,11.0,12.0,11.0,7.0,436,486,359.0,413.0,184,195,175,218,25.0,24.0,4.0,4.0,1.93,1.65,1.79,1.57,0.15,0.08,1.93,1.65,3.5,0.9,2,1,5,6,3,3,1,6,1,3,0.7623,0.3495,0.7625,0.7615,0.3305,0.2056,0.0532,0.2543,0.0218,0.0756,10,16,0,1,2,2,0,0,0,0,1.7853,1.4793,0.0,0.0861,0.1451,0.0813,0.0,0.0,0.0,0.0,12,19,13.14,17.36
3561892,2021-09-30,usa,2021,MLS,,,6397,Chicago Fire FC,546238,New York City FC,1,2,0,48,52,12,10,5,2,4,5,3,3,2,1,6,7,6,3,5,8,2,0,1,0,,,15,13,2,2,0,0,2,2,15,15,15,13,3,3,28,15,3,3,49,49,37.0,35.0,12.0,14.0,11.0,9.0,469,492,373.0,391.0,192,193,181,198,22.0,24.0,3.0,5.0,1.26,0.42,0.58,0.23,0.68,0.19,1.26,0.42,0.89,0.11,1,1,4,5,1,1,5,1,1,2,0.5042,0.0481,0.4302,0.2707,0.175,0.0389,0.1349,0.0228,0.0164,0.038,10,5,0,0,1,5,1,0,0,0,0.5815,0.2331,0.0,0.0,0.5042,0.1854,0.175,0.0,0.0,0.0,12,10,19.07,17.28
3561892,2021-09-30,usa,2021,MLS,,,546238,New York City FC,6397,Chicago Fire FC,0,0,2,52,48,10,12,2,5,5,4,3,3,1,2,7,6,3,6,8,5,0,2,0,1,,,13,15,2,2,0,0,2,2,15,15,13,15,3,3,15,28,3,3,49,49,35.0,37.0,14.0,12.0,9.0,11.0,492,469,391.0,373.0,193,192,198,181,24.0,22.0,5.0,3.0,0.42,1.26,0.23,0.58,0.19,0.68,0.42,1.26,0.11,0.89,1,1,5,4,1,1,1,5,2,1,0.0481,0.5042,0.2707,0.4302,0.0389,0.175,0.0228,0.1349,0.038,0.0164,5,10,0,0,5,1,0,1,0,0,0.2331,0.5815,0.0,0.0,0.1854,0.5042,0.0,0.175,0.0,0.0,10,12,17.28,19.07
3561894,2021-09-30,usa,2021,MLS,,,6399,FC Dallas,6604,Sporting Kansas City,1,1,3,45,55,6,12,2,7,4,4,0,1,0,0,5,6,1,6,2,5,2,2,1,1,,,15,5,1,1,1,0,4,0,10,13,14,6,1,0,11,6,4,1,28,45,21.0,39.0,7.0,6.0,6.0,12.0,460,562,404.0,500.0,286,284,118,216,36.0,50.0,1.0,1.0,0.86,1.64,0.82,0.66,0.04,0.2,0.86,0.86,1.3,2.41,0,0,3,3,2,3,1,3,0,3,0.0,0.0,0.6694,1.2302,0.1498,0.0983,0.0487,0.2717,0.0,0.0444,4,9,1,1,1,0,0,1,0,1,0.3207,0.5971,0.5041,0.0641,0.043,0.0,0.0,0.1951,0.0,0.7884,6,12,14.8,21.32
3561894,2021-09-30,usa,2021,MLS,,,6604,Sporting Kansas City,6399,FC Dallas,0,3,1,55,45,12,6,7,2,4,4,1,0,0,0,6,5,6,1,5,2,2,2,1,1,,,5,15,1,1,0,1,0,4,13,10,6,14,0,1,6,11,1,4,45,28,39.0,21.0,6.0,7.0,12.0,6.0,562,460,500.0,404.0,284,286,216,118,50.0,36.0,1.0,1.0,1.64,0.86,0.66,0.82,0.2,0.04,0.86,0.86,2.41,1.3,0,0,3,3,3,2,3,1,3,0,0.0,0.0,1.2302,0.6694,0.0983,0.1498,0.2717,0.0487,0.0444,0.0,9,4,1,1,0,1,1,0,1,0,0.5971,0.3207,0.0641,0.5041,0.0,0.043,0.1951,0.0,0.7884,0.0,12,6,21.32,14.8
3561895,2021-09-30,usa,2021,MLS,,,915807,Nashville SC,267810,Orlando City,1,2,2,37,63,15,12,6,6,6,5,3,1,0,0,9,5,6,7,5,4,2,1,1,0,,,16,12,2,3,0,0,2,0,13,9,13,7,1,3,19,11,5,4,38,48,26.0,32.0,12.0,16.0,1.0,7.0,313,561,244.0,489.0,157,201,87,288,24.0,21.0,5.0,6.0,1.89,1.13,0.48,0.22,0.62,0.13,1.1,0.35,2.71,1.48,3,0,4,5,2,0,5,6,1,1,0.8686,0.0,1.07,0.9163,0.1374,0.0,0.2867,0.2016,0.0184,0.0156,7,8,1,0,3,1,3,2,1,1,0.3348,0.2159,0.1406,0.0,0.3669,0.0147,0.7504,0.1145,0.7884,0.7884,15,12,16.24,20.34
3561895,2021-09-30,usa,2021,MLS,,,267810,Orlando City,915807,Nashville SC,0,2,2,63,37,12,15,6,6,5,6,1,3,0,0,5,9,7,6,4,5,1,2,0,1,,,12,16,3,2,0,0,0,2,9,13,7,13,3,1,11,19,4,5,48,38,32.0,26.0,16.0,12.0,7.0,1.0,561,313,489.0,244.0,201,157,288,87,21.0,24.0,6.0,5.0,1.13,1.89,0.22,0.48,0.13,0.62,0.35,1.1,1.48,2.71,0,3,5,4,0,2,6,5,1,1,0.0,0.8686,0.9163,1.07,0.0,0.1374,0.2016,0.2867,0.0156,0.0184,8,7,0,1,1,3,2,3,1,1,0.2159,0.3348,0.0,0.1406,0.0147,0.3669,0.1145,0.7504,0.7884,0.7884,12,15,20.34,16.24
3561896,2021-09-30,usa,2021,MLS,,,8314,Colorado Rapids,1218886,Austin FC,1,3,0,56,44,10,8,5,4,3,3,2,1,0,0,8,3,2,5,5,4,2,0,1,0,,,6,15,1,4,0,0,4,0,8,9,6,4,1,2,12,14,4,2,41,29,29.0,21.0,12.0,8.0,5.0,6.0,495,402,429.0,316.0,289,203,140,113,25.0,25.0,4.0,2.0,1.28,0.57,1.15,0.44,0.13,0.13,1.28,0.57,1.37,0.32,1,0,5,3,2,0,2,3,0,2,0.4755,0.0,0.6094,0.4237,0.1474,0.0,0.0469,0.1137,0.0,0.0293,8,6,0,0,2,2,0,0,0,0,1.1507,0.4373,0.0,0.0,0.1285,0.1294,0.0,0.0,0.0,0.0,10,8,16.48,20.69
3561896,2021-09-30,usa,2021,MLS,,,1218886,Austin FC,8314,Colorado Rapids,0,0,3,44,56,8,10,4,5,3,3,1,2,0,0,3,8,5,2,4,5,0,2,0,1,,,15,6,4,1,0,0,0,4,9,8,4,6,2,1,14,12,2,4,29,41,21.0,29.0,8.0,12.0,6.0,5.0,402,495,316.0,429.0,203,289,113,140,25.0,25.0,2.0,4.0,0.57,1.28,0.44,1.15,0.13,0.13,0.57,1.28,0.32,1.37,0,1,3,5,0,2,3,2,2,0,0.0,0.4755,0.4237,0.6094,0.0,0.1474,0.1137,0.0469,0.0293,0.0,6,8,0,0,2,2,0,0,0,0,0.4373,1.1507,0.0,0.0,0.1294,0.1285,0.0,0.0,0.0,0.0,8,10,20.69,16.48
3561897,2021-09-30,usa,2021,MLS,,,6606,Real Salt Lake,6637,LA Galaxy,1,2,1,40,60,12,20,4,5,6,7,2,8,0,0,7,13,5,7,4,10,2,1,1,1,,,6,8,0,1,0,0,1,3,21,22,6,7,8,2,32,10,4,2,60,63,36.0,41.0,24.0,22.0,7.0,13.0,346,505,240.0,403.0,116,169,124,234,32.0,23.0,2.0,11.0,0.98,1.68,0.95,1.63,0.03,0.05,0.98,1.68,0.84,1.69,0,0,5,9,2,4,5,5,0,2,0.0,0.0,0.7105,1.2532,0.0794,0.1332,0.1934,0.2305,0.0,0.063,10,17,0,1,1,2,1,0,0,0,0.9492,0.9149,0.0,0.7175,0.0283,0.0473,0.0058,0.0,0.0,0.0,12,20,17.26,16.3
3561897,2021-09-30,usa,2021,MLS,,,6637,LA Galaxy,6606,Real Salt Lake,0,1,2,60,40,20,12,5,4,7,6,8,2,0,0,13,7,7,5,10,4,1,2,1,1,,,8,6,1,0,0,0,3,1,22,21,7,6,2,8,10,32,2,4,63,60,41.0,36.0,22.0,24.0,13.0,7.0,505,346,403.0,240.0,169,116,234,124,23.0,32.0,11.0,2.0,1.68,0.98,1.63,0.95,0.05,0.03,1.68,0.98,1.69,0.84,0,0,9,5,4,2,5,5,2,0,0.0,0.0,1.2532,0.7105,0.1332,0.0794,0.2305,0.1934,0.063,0.0,17,10,1,0,2,1,0,1,0,0,0.9149,0.9492,0.7175,0.0,0.0473,0.0283,0.0,0.0058,0.0,0.0,20,12,16.3,17.26
3561898,2021-09-30,usa,2021,MLS,,,867280,Los Angeles FC,307690,Portland Timbers,1,1,2,56,44,14,9,4,2,4,6,6,1,0,1,9,7,5,2,7,2,0,3,0,2,,,20,11,2,3,0,0,0,1,13,15,12,10,1,6,10,22,0,3,42,60,34.0,42.0,8.0,18.0,10.0,9.0,436,346,353.0,259.0,100,136,253,123,25.0,26.0,6.0,2.0,0.8,0.67,0.62,0.55,0.18,0.13,0.8,0.67,0.66,1.45,0,0,4,5,5,2,3,0,2,2,0.0,0.0,0.3,0.4571,0.3014,0.194,0.1531,0.0,0.0444,0.0351,9,4,1,3,2,1,2,1,0,0,0.5571,0.2211,0.0658,0.3399,0.1021,0.0946,0.0739,0.0306,0.0,0.0,14,9,18.6,17.4
3561898,2021-09-30,usa,2021,MLS,,,307690,Portland Timbers,867280,Los Angeles FC,0,2,1,44,56,9,14,2,4,6,4,1,6,1,0,7,9,2,5,2,7,3,0,2,0,,,11,20,3,2,0,0,1,0,15,13,10,12,6,1,22,10,3,0,60,42,42.0,34.0,18.0,8.0,9.0,10.0,346,436,259.0,353.0,136,100,123,253,26.0,25.0,2.0,6.0,0.67,0.8,0.55,0.62,0.13,0.18,0.67,0.8,1.45,0.66,0,0,5,4,2,5,0,3,2,2,0.0,0.0,0.4571,0.3,0.194,0.3014,0.0,0.1531,0.0351,0.0444,4,9,3,1,1,2,1,2,0,0,0.2211,0.5571,0.3399,0.0658,0.0946,0.1021,0.0306,0.0739,0.0,0.0,9,14,17.4,18.6
3561899,2021-09-30,usa,2021,MLS,,,6603,San Jose Earthquakes,130394,Seattle Sounders FC,1,1,3,56,44,9,9,3,5,1,2,5,2,0,0,7,7,2,2,10,2,0,2,0,0,19,19,13,12,1,2,0,0,0,0,11,17,18,17,2,5,5,23,2,3,45,51,30.0,36.0,15.0,15.0,8.0,7.0,475,389,391.0,303.0,212,161,179,142,28.0,36.0,4.0,3.0,0.6,1.97,0.51,1.13,0.09,0.06,0.6,1.19,0.27,2.07,1,1,5,4,1,2,2,2,0,0,0.0606,0.5021,0.4763,1.2482,0.0211,0.161,0.044,0.0636,0.0,0.0,6,6,0,1,3,1,0,0,0,1,0.5118,0.9884,0.0,0.1378,0.0903,0.0602,0.0,0.0,0.0,0.7884,9,9,14.62,13.72
3561899,2021-09-30,usa,2021,MLS,,,130394,Seattle Sounders FC,6603,San Jose Earthquakes,0,3,1,44,56,9,9,5,3,2,1,2,5,0,0,7,7,2,2,2,10,2,0,0,0,19,19,12,13,2,1,0,0,0,0,17,11,17,18,5,2,23,5,3,2,51,45,36.0,30.0,15.0,15.0,7.0,8.0,389,475,303.0,391.0,161,212,142,179,36.0,28.0,3.0,4.0,1.97,0.6,1.13,0.51,0.06,0.09,1.19,0.6,2.07,0.27,1,1,4,5,2,1,2,2,0,0,0.5021,0.0606,1.2482,0.4763,0.161,0.0211,0.0636,0.044,0.0,0.0,6,6,1,0,1,3,0,0,1,0,0.9884,0.5118,0.1378,0.0,0.0602,0.0903,0.0,0.0,0.7884,0.0,9,9,13.72,14.62
3561922,2021-09-30,usa,2021,MLS,,,8259,Houston Dynamo FC,307691,Vancouver Whitecaps,1,0,0,63,37,17,5,4,1,9,1,4,3,1,0,9,2,8,3,8,4,5,0,5,0,,,12,16,0,2,0,0,3,1,10,11,10,15,3,4,7,35,1,4,46,41,33.0,31.0,13.0,10.0,8.0,8.0,562,327,488.0,254.0,272,156,216,98,44.0,32.0,7.0,4.0,2.44,0.3,2.38,0.25,0.06,0.05,2.44,0.3,1.12,0.02,1,0,8,2,0,0,6,2,2,1,0.1995,0.0,2.0536,0.1684,0.0,0.0,0.1489,0.0969,0.0409,0.0321,12,4,1,0,3,1,1,0,0,0,2.2737,0.2451,0.1114,0.0,0.0468,0.0524,0.011,0.0,0.0,0.0,17,5,17.29,20.81
3561922,2021-09-30,usa,2021,MLS,,,307691,Vancouver Whitecaps,8259,Houston Dynamo FC,0,0,0,37,63,5,17,1,4,1,9,3,4,0,1,2,9,3,8,4,8,0,5,0,5,,,16,12,2,0,0,0,1,3,11,10,15,10,4,3,35,7,4,1,41,46,31.0,33.0,10.0,13.0,8.0,8.0,327,562,254.0,488.0,156,272,98,216,32.0,44.0,4.0,7.0,0.3,2.44,0.25,2.38,0.05,0.06,0.3,2.44,0.02,1.12,0,1,2,8,0,0,2,6,1,2,0.0,0.1995,0.1684,2.0536,0.0,0.0,0.0969,0.1489,0.0321,0.0409,4,12,0,1,1,3,0,1,0,0,0.2451,2.2737,0.0,0.1114,0.0524,0.0468,0.0,0.011,0.0,0.0,5,17,20.81,17.29
3561900,2021-10-02,usa,2021,MLS,,,1218886,Austin FC,6606,Real Salt Lake,1,2,1,50,50,18,9,8,3,7,2,3,4,0,0,16,6,2,3,12,3,4,1,2,0,38,26,9,7,1,0,0,0,1,1,20,15,6,8,4,3,9,18,2,6,53,41,42.0,31.0,11.0,10.0,15.0,9.0,418,429,365.0,373.0,185,205,180,168,26.0,27.0,5.0,7.0,3.33,1.11,2.31,1.04,1.02,0.08,3.33,1.11,3.15,1.7,3,0,6,5,7,1,1,2,1,1,1.1946,0.0,1.622,0.9153,0.5389,0.0984,0.0359,0.0874,0.0403,0.0137,9,7,1,0,6,0,2,2,0,0,2.0752,1.0378,0.3378,0.0,0.6116,0.0,0.4071,0.0769,0.0,0.0,18,9,13.42,15.51
3561900,2021-10-02,usa,2021,MLS,,,6606,Real Salt Lake,1218886,Austin FC,0,1,2,50,50,9,18,3,8,2,7,4,3,0,0,6,16,3,2,3,12,1,4,0,2,26,38,7,9,0,1,0,0,1,1,15,20,8,6,3,4,18,9,6,2,41,53,31.0,42.0,10.0,11.0,9.0,15.0,429,418,373.0,365.0,205,185,168,180,27.0,26.0,7.0,5.0,1.11,3.33,1.04,2.31,0.08,1.02,1.11,3.33,1.7,3.15,0,3,5,6,1,7,2,1,1,1,0.0,1.1946,0.9153,1.622,0.0984,0.5389,0.0874,0.0359,0.0137,0.0403,7,9,0,1,0,6,2,2,0,0,1.0378,2.0752,0.0,0.3378,0.0,0.6116,0.0769,0.4071,0.0,0.0,9,18,15.51,13.42
3561902,2021-10-02,usa,2021,MLS,,,722265,FC Cincinnati,6514,New York Red Bulls,1,0,1,59,41,6,17,3,5,1,7,2,5,0,0,4,9,2,8,2,6,0,0,0,0,13,25,11,16,2,1,0,0,1,3,14,21,8,9,6,2,25,16,3,3,66,51,45.0,41.0,21.0,10.0,17.0,9.0,492,330,384.0,236.0,230,82,154,154,43.0,20.0,1.0,5.0,0.27,0.85,0.23,0.74,0.04,0.12,0.27,0.85,0.85,0.86,0,0,3,5,1,4,2,6,0,2,0.0,0.0,0.1456,0.3896,0.0229,0.251,0.1037,0.1612,0.0,0.0518,4,12,0,1,1,3,1,1,0,0,0.2289,0.6998,0.0,0.0522,0.0266,0.0687,0.0166,0.0328,0.0,0.0,6,17,18.13,21.26
3561902,2021-10-02,usa,2021,MLS,,,6514,New York Red Bulls,722265,FC Cincinnati,0,1,0,41,59,17,6,5,3,7,1,5,2,0,0,9,4,8,2,6,2,0,0,0,0,25,13,16,11,1,2,0,0,3,1,21,14,9,8,2,6,16,25,3,3,51,66,41.0,45.0,10.0,21.0,9.0,17.0,330,492,236.0,384.0,82,230,154,154,20.0,43.0,5.0,1.0,0.85,0.27,0.74,0.23,0.12,0.04,0.85,0.27,0.86,0.85,0,0,5,3,4,1,6,2,2,0,0.0,0.0,0.3896,0.1456,0.251,0.0229,0.1612,0.1037,0.0518,0.0,12,4,1,0,3,1,1,1,0,0,0.6998,0.2289,0.0522,0.0,0.0687,0.0266,0.0328,0.0166,0.0,0.0,17,6,21.26,18.13
3561903,2021-10-02,usa,2021,MLS,,,267810,Orlando City,6602,DC United,1,2,1,65,35,12,11,4,2,2,6,6,3,0,0,10,7,2,4,9,5,2,0,1,0,27,29,9,14,0,3,0,0,2,2,14,14,16,15,3,6,16,20,1,2,56,41,42.0,24.0,14.0,17.0,14.0,2.0,552,291,475.0,219.0,209,94,266,125,44.0,23.0,6.0,9.0,1.33,0.52,0.26,0.49,1.06,0.03,1.33,0.52,1.4,0.24,1,0,6,5,3,2,2,2,0,2,0.6861,0.0,0.4006,0.2857,0.2486,0.1188,0.032,0.0888,0.0,0.0273,4,10,0,0,8,1,0,0,0,0,0.2648,0.4918,0.0,0.0,1.1025,0.0288,0.0,0.0,0.0,0.0,12,11,13.97,17.53
3561903,2021-10-02,usa,2021,MLS,,,6602,DC United,267810,Orlando City,0,1,2,35,65,11,12,2,4,6,2,3,6,0,0,7,10,4,2,5,9,0,2,0,1,29,27,14,9,3,0,0,0,2,2,14,14,15,16,6,3,20,16,2,1,41,56,24.0,42.0,17.0,14.0,2.0,14.0,291,552,219.0,475.0,94,209,125,266,23.0,44.0,9.0,6.0,0.52,1.33,0.49,0.26,0.03,1.06,0.52,1.33,0.24,1.4,0,1,5,6,2,3,2,2,2,0,0.0,0.6861,0.2857,0.4006,0.1188,0.2486,0.0888,0.032,0.0273,0.0,10,4,0,0,1,8,0,0,0,0,0.4918,0.2648,0.0,0.0,0.0288,1.1025,0.0,0.0,0.0,0.0,11,12,17.53,13.97
3561923,2021-10-02,usa,2021,MLS,,,161195,CF Montreal,773958,Atlanta United,1,2,1,39,61,10,11,5,3,2,6,3,2,0,1,6,6,4,5,8,4,3,2,1,1,24,20,15,9,3,1,0,0,3,2,5,12,7,12,2,3,12,12,2,3,32,49,24.0,41.0,8.0,8.0,10.0,17.0,376,589,317.0,526.0,155,260,162,266,14.0,36.0,2.0,8.0,1.42,0.94,0.49,0.92,0.14,0.02,0.63,0.94,2.05,1.23,0,0,2,5,4,1,3,2,1,3,0.0,0.0,0.8578,0.8229,0.2813,0.0268,0.2576,0.0336,0.021,0.0584,4,8,2,1,3,2,0,0,1,0,0.2546,0.5764,0.2316,0.342,0.143,0.0232,0.0,0.0,0.7884,0.0,10,11,17.39,20.3
3561923,2021-10-02,usa,2021,MLS,,,773958,Atlanta United,161195,CF Montreal,0,1,2,61,39,11,10,3,5,6,2,2,3,1,0,6,6,5,4,4,8,2,3,1,1,20,24,9,15,1,3,0,0,2,3,12,5,12,7,3,2,12,12,3,2,49,32,41.0,24.0,8.0,8.0,17.0,10.0,589,376,526.0,317.0,260,155,266,162,36.0,14.0,8.0,2.0,0.94,1.42,0.92,0.49,0.02,0.14,0.94,0.63,1.23,2.05,0,0,5,2,1,4,2,3,3,1,0.0,0.0,0.8229,0.8578,0.0268,0.2813,0.0336,0.2576,0.0584,0.021,8,4,1,2,2,3,0,0,0,1,0.5764,0.2546,0.342,0.2316,0.0232,0.143,0.0,0.0,0.0,0.7884,11,10,20.3,17.39
3561901,2021-10-03,usa,2021,MLS,,,191716,Philadelphia Union,6001,Columbus Crew,1,3,0,36,64,11,11,6,3,5,6,0,2,0,0,4,7,7,4,2,8,1,1,1,1,14,27,18,14,2,1,1,0,0,1,22,10,20,7,2,0,21,7,3,3,58,48,44.0,36.0,14.0,12.0,11.0,8.0,268,479,193.0,405.0,79,179,114,226,28.0,35.0,5.0,4.0,1.25,1.41,1.04,0.46,0.21,0.16,1.25,0.62,1.46,1.14,0,0,4,6,0,1,3,1,4,3,0.0,0.0,0.9593,1.1707,0.0,0.0312,0.1297,0.1181,0.1567,0.0873,6,6,0,0,2,2,3,2,0,1,1.0371,0.4588,0.0,0.0,0.1004,0.0745,0.1083,0.0856,0.0,0.7884,11,11,20.42,17.0
3561901,2021-10-03,usa,2021,MLS,,,6001,Columbus Crew,191716,Philadelphia Union,0,0,3,64,36,11,11,3,6,6,5,2,0,0,0,7,4,4,7,8,2,1,1,1,1,27,14,14,18,1,2,0,1,1,0,10,22,7,20,0,2,7,21,3,3,48,58,36.0,44.0,12.0,14.0,8.0,11.0,479,268,405.0,193.0,179,79,226,114,35.0,28.0,4.0,5.0,1.41,1.25,0.46,1.04,0.16,0.21,0.62,1.25,1.14,1.46,0,0,6,4,1,0,1,3,3,4,0.0,0.0,1.1707,0.9593,0.0312,0.0,0.1181,0.1297,0.0873,0.1567,6,6,0,0,2,2,2,3,1,0,0.4588,1.0371,0.0,0.0,0.0745,0.1004,0.0856,0.1083,0.7884,0.0,11,11,17.0,20.42
3561904,2021-10-03,usa,2021,MLS,,,6399,FC Dallas,207242,Minnesota United,1,0,0,48,52,12,17,4,6,6,5,2,6,0,1,6,12,6,5,3,6,0,1,0,1,22,27,7,8,1,1,0,1,2,1,19,10,9,9,6,2,18,16,6,4,43,39,36.0,30.0,7.0,9.0,10.0,14.0,441,463,366.0,398.0,223,133,143,265,22.0,30.0,3.0,5.0,1.07,1.39,0.91,1.36,0.16,0.04,1.07,1.39,0.87,0.88,0,2,3,7,3,3,2,3,4,2,0.0,0.3457,0.4217,0.7793,0.1611,0.1378,0.0687,0.1038,0.0883,0.0538,11,16,0,0,1,0,0,1,0,0,0.6329,1.3831,0.0,0.0,0.1069,0.0,0.0,0.0374,0.0,0.0,12,17,18.9,17.19
3561904,2021-10-03,usa,2021,MLS,,,207242,Minnesota United,6399,FC Dallas,0,0,0,52,48,17,12,6,4,5,6,6,2,1,0,12,6,5,6,6,3,1,0,1,0,27,22,8,7,1,1,1,0,1,2,10,19,9,9,2,6,16,18,4,6,39,43,30.0,36.0,9.0,7.0,14.0,10.0,463,441,398.0,366.0,133,223,265,143,30.0,22.0,5.0,3.0,1.39,1.07,1.36,0.91,0.04,0.16,1.39,1.07,0.88,0.87,2,0,7,3,3,3,3,2,2,4,0.3457,0.0,0.7793,0.4217,0.1378,0.1611,0.1038,0.0687,0.0538,0.0883,16,11,0,0,0,1,1,0,0,0,1.3831,0.6329,0.0,0.0,0.0,0.1069,0.0374,0.0,0.0,0.0,17,12,17.19,18.9
3561905,2021-10-03,usa,2021,MLS,,,307690,Portland Timbers,960720,Inter Miami CF,1,1,0,49,51,17,13,3,5,6,4,8,4,0,0,14,8,3,5,8,1,6,1,5,1,35,26,10,9,1,1,0,0,2,0,9,14,12,15,4,8,15,32,5,2,32,44,29.0,35.0,3.0,9.0,13.0,11.0,467,505,398.0,439.0,142,204,256,235,25.0,35.0,8.0,7.0,1.85,0.85,1.57,0.71,0.28,0.14,1.85,0.85,1.2,0.28,1,1,13,5,0,2,0,3,3,2,0.1819,0.1015,1.6164,0.4953,0.0,0.0723,0.0,0.1051,0.055,0.073,13,11,0,0,3,1,1,1,0,0,1.5722,0.7085,0.0,0.0,0.2396,0.0372,0.0414,0.1015,0.0,0.0,17,13,13.84,16.65
3561905,2021-10-03,usa,2021,MLS,,,960720,Inter Miami CF,307690,Portland Timbers,0,0,1,51,49,13,17,5,3,4,6,4,8,0,0,8,14,5,3,1,8,1,6,1,5,26,35,9,10,1,1,0,0,0,2,14,9,15,12,8,4,32,15,2,5,44,32,35.0,29.0,9.0,3.0,11.0,13.0,505,467,439.0,398.0,204,142,235,256,35.0,25.0,7.0,8.0,0.85,1.85,0.71,1.57,0.14,0.28,0.85,1.85,0.28,1.2,1,1,5,13,2,0,3,0,2,3,0.1015,0.1819,0.4953,1.6164,0.0723,0.0,0.1051,0.0,0.073,0.055,11,13,0,0,1,3,1,1,0,0,0.7085,1.5722,0.0,0.0,0.0372,0.2396,0.1015,0.0414,0.0,0.0,13,17,16.65,13.84
3561906,2021-10-03,usa,2021,MLS,,,6604,Sporting Kansas City,8259,Houston Dynamo FC,1,4,2,58,42,17,9,9,4,6,5,2,0,1,0,12,5,5,4,8,1,7,3,4,1,26,13,5,13,1,3,0,0,1,5,11,15,10,8,0,2,12,21,2,5,49,39,42.0,35.0,7.0,4.0,18.0,15.0,536,383,466.0,312.0,273,181,193,131,45.0,20.0,1.0,2.0,3.6,1.74,2.67,1.69,0.14,0.06,2.81,1.74,4.03,2.54,0,1,8,4,4,0,3,1,2,3,0.0,0.6271,2.8237,0.9707,0.5405,0.0,0.0957,0.0287,0.136,0.1172,14,7,0,1,0,0,2,1,1,0,2.6716,1.6459,0.0,0.04,0.0,0.0,0.136,0.0579,0.7884,0.0,17,9,16.24,16.89
3561906,2021-10-03,usa,2021,MLS,,,8259,Houston Dynamo FC,6604,Sporting Kansas City,0,2,4,42,58,9,17,4,9,5,6,0,2,0,1,5,12,4,5,1,8,3,7,1,4,13,26,13,5,3,1,0,0,5,1,15,11,8,10,2,0,21,12,5,2,39,49,35.0,42.0,4.0,7.0,15.0,18.0,383,536,312.0,466.0,181,273,131,193,20.0,45.0,2.0,1.0,1.74,3.6,1.69,2.67,0.06,0.14,1.74,2.81,2.54,4.03,1,0,4,8,0,4,1,3,3,2,0.6271,0.0,0.9707,2.8237,0.0,0.5405,0.0287,0.0957,0.1172,0.136,7,14,1,0,0,0,1,2,0,1,1.6459,2.6716,0.04,0.0,0.0,0.0,0.0579,0.136,0.0,0.7884,9,17,16.89,16.24
3561924,2021-10-03,usa,2021,MLS,,,307691,Vancouver Whitecaps,6603,San Jose Earthquakes,1,3,0,40,60,18,11,6,5,8,4,4,2,0,0,13,7,5,4,4,4,2,0,1,0,24,23,14,12,3,3,0,0,2,2,16,14,11,8,2,4,18,15,5,3,44,40,35.0,32.0,9.0,8.0,8.0,6.0,322,491,249.0,399.0,127,227,122,172,18.0,41.0,7.0,4.0,2.36,0.42,1.88,0.29,0.48,0.14,2.36,0.42,2.15,0.3,3,0,7,3,3,4,3,3,2,1,0.7096,0.0,1.2784,0.2429,0.4062,0.096,0.1259,0.0604,0.056,0.0254,12,8,0,0,3,3,3,0,0,0,2.0967,0.2854,0.0,0.0,0.1553,0.1393,0.324,0.0,0.0,0.0,18,11,15.61,19.45
3561924,2021-10-03,usa,2021,MLS,,,6603,San Jose Earthquakes,307691,Vancouver Whitecaps,0,0,3,60,40,11,18,5,6,4,8,2,4,0,0,7,13,4,5,4,4,0,2,0,1,23,24,12,14,3,3,0,0,2,2,14,16,8,11,4,2,15,18,3,5,40,44,32.0,35.0,8.0,9.0,6.0,8.0,491,322,399.0,249.0,227,127,172,122,41.0,18.0,4.0,7.0,0.42,2.36,0.29,1.88,0.14,0.48,0.42,2.36,0.3,2.15,0,3,3,7,4,3,3,3,1,2,0.0,0.7096,0.2429,1.2784,0.096,0.4062,0.0604,0.1259,0.0254,0.056,8,12,0,0,3,3,0,3,0,0,0.2854,2.0967,0.0,0.0,0.1393,0.1553,0.0,0.324,0.0,0.0,11,18,19.45,15.61
3561925,2021-10-03,usa,2021,MLS,,,56453,Toronto FC,6397,Chicago Fire FC,1,3,1,54,46,14,11,6,5,5,3,3,3,0,0,11,5,3,6,4,4,4,1,3,1,27,23,14,16,2,1,0,0,2,1,12,18,10,15,2,3,19,12,4,3,41,47,34.0,39.0,7.0,8.0,10.0,7.0,476,399,388.0,317.0,186,161,202,156,33.0,22.0,5.0,4.0,2.65,0.66,1.39,0.59,0.48,0.08,1.86,0.66,2.21,0.8,0,1,10,2,1,2,1,2,2,4,0.0,0.0766,2.4842,0.3836,0.0575,0.065,0.0104,0.0578,0.099,0.0808,6,10,2,0,2,1,3,0,1,0,1.0491,0.5873,0.3365,0.0,0.1171,0.0766,0.36,0.0,0.7884,0.0,14,11,14.94,23.03
3561925,2021-10-03,usa,2021,MLS,,,6397,Chicago Fire FC,56453,Toronto FC,0,1,3,46,54,11,14,5,6,3,5,3,3,0,0,5,11,6,3,4,4,1,4,1,3,23,27,16,14,1,2,0,0,1,2,18,12,15,10,3,2,12,19,3,4,47,41,39.0,34.0,8.0,7.0,7.0,10.0,399,476,317.0,388.0,161,186,156,202,22.0,33.0,4.0,5.0,0.66,2.65,0.59,1.39,0.08,0.48,0.66,1.86,0.8,2.21,1,0,2,10,2,1,2,1,4,2,0.0766,0.0,0.3836,2.4842,0.065,0.0575,0.0578,0.0104,0.0808,0.099,10,6,0,2,1,2,0,3,0,1,0.5873,1.0491,0.0,0.3365,0.0766,0.1171,0.0,0.36,0.0,0.7884,11,14,23.03,14.94
3561926,2021-10-03,usa,2021,MLS,,,546238,New York City FC,915807,Nashville SC,1,0,0,59,41,12,9,3,1,6,8,3,0,1,0,11,7,1,2,3,2,5,1,5,1,30,17,16,14,2,0,0,0,1,0,19,20,9,7,0,3,12,20,1,3,51,60,37.0,38.0,14.0,22.0,4.0,4.0,517,362,417.0,267.0,206,164,211,103,21.0,26.0,4.0,5.0,2.14,0.79,1.8,0.38,0.34,0.41,2.14,0.79,1.54,0.04,2,1,6,5,3,1,0,2,1,0,0.7814,0.2005,1.094,0.4744,0.2518,0.0566,0.0,0.0597,0.0124,0.0,10,5,0,0,2,3,0,1,0,0,1.799,0.3803,0.0,0.0,0.3407,0.2812,0.0,0.1297,0.0,0.0,12,9,12.47,13.74
3561926,2021-10-03,usa,2021,MLS,,,915807,Nashville SC,546238,New York City FC,0,0,0,41,59,9,12,1,3,8,6,0,3,0,1,7,11,2,1,2,3,1,5,1,5,17,30,14,16,0,2,0,0,0,1,20,19,7,9,3,0,20,12,3,1,60,51,38.0,37.0,22.0,14.0,4.0,4.0,362,517,267.0,417.0,164,206,103,211,26.0,21.0,5.0,4.0,0.79,2.14,0.38,1.8,0.41,0.34,0.79,2.14,0.04,1.54,1,2,5,6,1,3,2,0,0,1,0.2005,0.7814,0.4744,1.094,0.0566,0.2518,0.0597,0.0,0.0,0.0124,5,10,0,0,3,2,1,0,0,0,0.3803,1.799,0.0,0.0,0.2812,0.3407,0.1297,0.0,0.0,0.0,9,12,13.74,12.47
3561927,2021-10-04,usa,2021,MLS,,,6637,LA Galaxy,867280,Los Angeles FC,1,1,1,64,36,10,14,1,7,7,6,2,1,2,1,5,9,5,5,4,5,3,2,2,2,16,26,12,15,3,2,0,0,2,3,18,18,6,9,1,2,20,17,6,0,60,56,42.0,46.0,18.0,10.0,9.0,17.0,526,289,439.0,217.0,229,87,210,130,32.0,21.0,3.0,7.0,1.61,0.89,1.25,0.58,0.36,0.31,1.61,0.89,0.71,0.77,1,1,3,6,1,2,2,4,3,1,0.2303,0.1839,1.2286,0.4807,0.0681,0.0587,0.0955,0.145,0.0438,0.0188,6,10,0,0,1,3,3,1,0,0,1.3175,0.5758,0.0,0.0,0.2303,0.1274,0.1185,0.1839,0.0,0.0,10,14,19.56,16.16
3561927,2021-10-04,usa,2021,MLS,,,867280,Los Angeles FC,6637,LA Galaxy,0,1,1,36,64,14,10,7,1,6,7,1,2,1,2,9,5,5,5,5,4,2,3,2,2,26,16,15,12,2,3,0,0,3,2,18,18,9,6,2,1,17,20,0,6,56,60,46.0,42.0,10.0,18.0,17.0,9.0,289,526,217.0,439.0,87,229,130,210,21.0,32.0,7.0,3.0,0.89,1.61,0.58,1.25,0.31,0.36,0.89,1.61,0.77,0.71,1,1,6,3,2,1,4,2,1,3,0.1839,0.2303,0.4807,1.2286,0.0587,0.0681,0.145,0.0955,0.0188,0.0438,10,6,0,0,3,1,1,3,0,0,0.5758,1.3175,0.0,0.0,0.1274,0.2303,0.1839,0.1185,0.0,0.0,14,10,16.16,19.56
3561928,2021-10-04,usa,2021,MLS,,,130394,Seattle Sounders FC,8314,Colorado Rapids,1,3,0,50,50,10,10,6,5,3,2,1,3,0,0,7,7,3,3,1,8,2,3,1,3,23,17,8,17,0,4,0,0,0,2,14,14,8,12,4,1,14,11,4,3,52,43,40.0,32.0,12.0,11.0,9.0,10.0,472,462,389.0,379.0,252,206,137,173,26.0,25.0,2.0,7.0,1.43,0.99,1.03,0.93,0.4,0.06,1.43,0.99,1.32,0.38,1,0,5,5,1,2,2,1,1,2,0.3295,0.0,0.9643,0.7161,0.0446,0.168,0.0797,0.0418,0.0106,0.0608,7,8,1,0,1,2,1,0,0,0,0.3568,0.9268,0.6732,0.0,0.0691,0.06,0.3295,0.0,0.0,0.0,10,10,16.94,15.74
3561928,2021-10-04,usa,2021,MLS,,,8314,Colorado Rapids,130394,Seattle Sounders FC,0,0,3,50,50,10,10,5,6,2,3,3,1,0,0,7,7,3,3,8,1,3,2,3,1,17,23,17,8,4,0,0,0,2,0,14,14,12,8,1,4,11,14,3,4,43,52,32.0,40.0,11.0,12.0,10.0,9.0,462,472,379.0,389.0,206,252,173,137,25.0,26.0,7.0,2.0,0.99,1.43,0.93,1.03,0.06,0.4,0.99,1.43,0.38,1.32,0,1,5,5,2,1,1,2,2,1,0.0,0.3295,0.7161,0.9643,0.168,0.0446,0.0418,0.0797,0.0608,0.0106,8,7,0,1,2,1,0,1,0,0,0.9268,0.3568,0.0,0.6732,0.06,0.0691,0.0,0.3295,0.0,0.0,10,10,15.74,16.94
3561701,2021-10-09,usa,2021,MLS,,,6514,New York Red Bulls,960720,Inter Miami CF,1,1,0,53,47,13,7,5,1,3,3,5,3,1,0,8,4,5,3,6,5,2,1,1,1,27,16,10,12,1,1,0,0,3,2,15,11,18,14,3,4,28,20,1,4,48,50,32.0,35.0,16.0,15.0,6.0,14.0,411,354,288.0,220.0,134,127,154,93,25.0,23.0,5.0,4.0,2.08,0.34,1.42,0.29,0.66,0.05,2.08,0.34,1.72,0.23,1,0,7,2,0,2,4,3,1,0,0.5135,0.0,1.343,0.2038,0.0,0.0786,0.202,0.0551,0.0187,0.0,9,5,0,0,4,1,0,1,0,0,1.42,0.2922,0.0,0.0,0.6572,0.0216,0.0,0.0238,0.0,0.0,13,7,15.73,18.09
3561701,2021-10-09,usa,2021,MLS,,,960720,Inter Miami CF,6514,New York Red Bulls,0,0,1,47,53,7,13,1,5,3,3,3,5,0,1,4,8,3,5,5,6,1,2,1,1,16,27,12,10,1,1,0,0,2,3,11,15,14,18,4,3,20,28,4,1,50,48,35.0,32.0,15.0,16.0,14.0,6.0,354,411,220.0,288.0,127,134,93,154,23.0,25.0,4.0,5.0,0.34,2.08,0.29,1.42,0.05,0.66,0.34,2.08,0.23,1.72,0,1,2,7,2,0,3,4,0,1,0.0,0.5135,0.2038,1.343,0.0786,0.0,0.0551,0.202,0.0,0.0187,5,9,0,0,1,4,1,0,0,0,0.2922,1.42,0.0,0.0,0.0216,0.6572,0.0238,0.0,0.0,0.0,7,13,18.09,15.73
3561768,2021-10-10,usa,2021,MLS,,,207242,Minnesota United,8314,Colorado Rapids,1,1,3,56,44,17,20,4,12,8,5,5,3,0,0,10,8,7,12,8,4,1,4,1,1,30,21,17,13,1,1,0,1,0,0,13,10,10,9,3,5,13,26,9,3,55,48,40.0,38.0,15.0,10.0,14.0,16.0,474,385,387.0,310.0,179,163,208,147,30.0,22.0,6.0,3.0,1.45,2.64,0.63,1.8,0.82,0.05,1.45,1.85,0.66,2.79,2,0,5,6,3,2,4,7,3,5,0.7103,0.0,0.4817,2.3279,0.1185,0.0807,0.1141,0.1226,0.0376,0.1052,10,16,1,1,3,2,3,0,0,1,0.4836,0.9166,0.1502,0.8825,0.7279,0.049,0.1005,0.0,0.0,0.7884,17,20,18.44,21.51
3561768,2021-10-10,usa,2021,MLS,,,8314,Colorado Rapids,207242,Minnesota United,0,3,1,44,56,20,17,12,4,5,8,3,5,0,0,8,10,12,7,4,8,4,1,1,1,21,30,13,17,1,1,1,0,0,0,10,13,9,10,5,3,26,13,3,9,48,55,38.0,40.0,10.0,15.0,16.0,14.0,385,474,310.0,387.0,163,179,147,208,22.0,30.0,3.0,6.0,2.64,1.45,1.8,0.63,0.05,0.82,1.85,1.45,2.79,0.66,0,2,6,5,2,3,7,4,5,3,0.0,0.7103,2.3279,0.4817,0.0807,0.1185,0.1226,0.1141,0.1052,0.0376,16,10,1,1,2,3,0,3,1,0,0.9166,0.4836,0.8825,0.1502,0.049,0.7279,0.0,0.1005,0.7884,0.0,20,17,21.51,18.44
3561787,2021-10-10,usa,2021,MLS,,,722265,FC Cincinnati,191716,Philadelphia Union,1,1,2,63,37,15,11,6,6,6,2,3,3,0,0,10,9,5,2,9,5,2,1,2,0,30,22,11,10,1,1,0,0,0,4,8,15,3,8,3,3,12,24,4,5,44,46,29.0,32.0,15.0,14.0,11.0,6.0,549,331,456.0,221.0,215,81,241,140,32.0,26.0,3.0,5.0,1.89,1.33,1.68,1.01,0.2,0.33,1.89,1.33,0.69,1.43,0,1,6,6,4,2,2,1,3,1,0.0,0.2322,1.1791,1.0092,0.5593,0.0523,0.0637,0.0214,0.085,0.0164,9,8,1,0,4,1,1,2,0,0,1.095,1.0059,0.588,0.0,0.156,0.2322,0.0481,0.0934,0.0,0.0,15,11,17.5,16.1
3561787,2021-10-10,usa,2021,MLS,,,191716,Philadelphia Union,722265,FC Cincinnati,0,2,1,37,63,11,15,6,6,2,6,3,3,0,0,9,10,2,5,5,9,1,2,0,2,22,30,10,11,1,1,0,0,4,0,15,8,8,3,3,3,24,12,5,4,46,44,32.0,29.0,14.0,15.0,6.0,11.0,331,549,221.0,456.0,81,215,140,241,26.0,32.0,5.0,3.0,1.33,1.89,1.01,1.68,0.33,0.2,1.33,1.89,1.43,0.69,1,0,6,6,2,4,1,2,1,3,0.2322,0.0,1.0092,1.1791,0.0523,0.5593,0.0214,0.0637,0.0164,0.085,8,9,0,1,1,4,2,1,0,0,1.0059,1.095,0.0,0.588,0.2322,0.156,0.0934,0.0481,0.0,0.0,11,15,16.1,17.5
3561913,2021-10-10,usa,2021,MLS,,,130394,Seattle Sounders FC,307691,Vancouver Whitecaps,1,4,1,48,52,21,11,10,3,7,4,4,4,0,1,15,9,6,2,11,3,3,3,0,2,30,19,9,8,2,2,0,0,3,2,15,7,14,14,4,5,12,14,2,5,47,36,30.0,23.0,17.0,13.0,7.0,9.0,450,504,365.0,416.0,221,261,144,155,31.0,26.0,4.0,2.0,1.5,2.11,0.79,2.03,0.71,0.08,1.5,2.11,2.24,1.35,2,1,8,6,5,2,4,2,2,0,0.39,0.5156,0.6908,0.974,0.2877,0.0485,0.1007,0.0725,0.0315,0.0,13,9,0,1,6,0,2,1,0,0,0.7936,1.524,0.0,0.054,0.5262,0.0,0.1809,0.0326,0.0,0.0,21,11,17.16,14.78
3561913,2021-10-10,usa,2021,MLS,,,307691,Vancouver Whitecaps,130394,Seattle Sounders FC,0,1,4,52,48,11,21,3,10,4,7,4,4,1,0,9,15,2,6,3,11,3,3,2,0,19,30,8,9,2,2,0,0,2,3,7,15,14,14,5,4,14,12,5,2,36,47,23.0,30.0,13.0,17.0,9.0,7.0,504,450,416.0,365.0,261,221,155,144,26.0,31.0,2.0,4.0,2.11,1.5,2.03,0.79,0.08,0.71,2.11,1.5,1.35,2.24,1,2,6,8,2,5,2,4,0,2,0.5156,0.39,0.974,0.6908,0.0485,0.2877,0.0725,0.1007,0.0,0.0315,9,13,1,0,0,6,1,2,0,0,1.524,0.7936,0.054,0.0,0.0,0.5262,0.0326,0.1809,0.0,0.0,11,21,14.78,17.16
3561929,2021-10-16,usa,2021,MLS,,,867280,Los Angeles FC,6603,San Jose Earthquakes,1,3,1,36,64,11,15,5,7,6,4,0,4,0,0,9,7,2,8,3,3,5,2,2,1,29,23,19,12,3,3,0,0,1,1,29,28,9,12,4,0,13,11,5,2,72,58,63.0,53.0,9.0,5.0,23.0,8.0,253,441,199.0,376.0,68,224,131,152,18.0,27.0,1.0,4.0,2.8,2.03,1.9,0.82,0.11,1.21,2.01,2.03,2.84,1.94,0,2,8,3,1,2,0,6,2,2,0.0,0.9753,2.5818,0.746,0.1505,0.0714,0.0,0.1932,0.0673,0.0414,7,10,1,0,1,2,1,3,1,0,1.5415,0.8198,0.3573,0.0,0.0809,0.7538,0.0316,0.4537,0.7884,0.0,11,15,14.59,17.64
3561929,2021-10-16,usa,2021,MLS,,,6603,San Jose Earthquakes,867280,Los Angeles FC,0,1,3,64,36,15,11,7,5,4,6,4,0,0,0,7,9,8,2,3,3,2,5,1,2,23,29,12,19,3,3,0,0,1,1,28,29,12,9,0,4,11,13,2,5,58,72,53.0,63.0,5.0,9.0,8.0,23.0,441,253,376.0,199.0,224,68,152,131,27.0,18.0,4.0,1.0,2.03,2.8,0.82,1.9,1.21,0.11,2.03,2.01,1.94,2.84,2,0,3,8,2,1,6,0,2,2,0.9753,0.0,0.746,2.5818,0.0714,0.1505,0.1932,0.0,0.0414,0.0673,10,7,0,1,2,1,3,1,0,1,0.8198,1.5415,0.0,0.3573,0.7538,0.0809,0.4537,0.0316,0.0,0.7884,15,11,17.64,14.59
3561930,2021-10-16,usa,2021,MLS,,,6001,Columbus Crew,960720,Inter Miami CF,1,4,0,53,47,15,7,5,1,4,4,6,2,1,0,13,5,2,2,5,3,6,1,3,1,38,12,18,11,1,4,0,0,1,2,13,20,17,21,2,6,17,15,1,2,45,53,34.0,44.0,11.0,9.0,10.0,9.0,475,423,400.0,336.0,223,202,177,134,30.0,39.0,4.0,2.0,2.5,0.52,1.9,0.47,0.61,0.05,2.5,0.52,3.14,0.09,1,1,9,0,3,4,2,2,0,0,0.373,0.3237,2.293,0.0,0.082,0.1609,0.0568,0.0331,0.0,0.0,10,6,1,1,1,0,3,0,0,0,2.1226,0.4811,0.2293,0.0366,0.0232,0.0,0.4298,0.0,0.0,0.0,15,7,13.83,19.11
3561930,2021-10-16,usa,2021,MLS,,,960720,Inter Miami CF,6001,Columbus Crew,0,0,4,47,53,7,15,1,5,4,4,2,6,0,1,5,13,2,2,3,5,1,6,1,3,12,38,11,18,4,1,0,0,2,1,20,13,21,17,6,2,15,17,2,1,53,45,44.0,34.0,9.0,11.0,9.0,10.0,423,475,336.0,400.0,202,223,134,177,39.0,30.0,2.0,4.0,0.52,2.5,0.47,1.9,0.05,0.61,0.52,2.5,0.09,3.14,1,1,0,9,4,3,2,2,0,0,0.3237,0.373,0.0,2.293,0.1609,0.082,0.0331,0.0568,0.0,0.0,6,10,1,1,0,1,0,3,0,0,0.4811,2.1226,0.0366,0.2293,0.0,0.0232,0.0,0.4298,0.0,0.0,7,15,19.11,13.83
3561931,2021-10-16,usa,2021,MLS,,,6580,New England Revolution,6397,Chicago Fire FC,1,2,2,59,41,17,16,8,5,3,6,6,5,0,0,11,10,6,6,10,6,1,3,0,2,39,24,11,10,1,2,0,0,4,0,17,5,7,18,5,6,8,22,3,6,43,36,32.0,24.0,11.0,12.0,6.0,7.0,513,354,429.0,278.0,198,128,231,150,34.0,19.0,5.0,7.0,1.2,1.12,1.07,0.93,0.13,0.19,1.2,1.12,1.16,1.58,0,0,8,5,3,5,4,3,2,3,0.0,0.0,0.8941,0.7775,0.1268,0.15,0.1208,0.1143,0.0597,0.0821,9,11,2,0,5,3,1,2,0,0,0.847,0.9317,0.2273,0.0,0.0961,0.1347,0.031,0.0574,0.0,0.0,17,16,18.1,17.81
3561931,2021-10-16,usa,2021,MLS,,,6397,Chicago Fire FC,6580,New England Revolution,0,2,2,41,59,16,17,5,8,6,3,5,6,0,0,10,11,6,6,6,10,3,1,2,0,24,39,10,11,2,1,0,0,0,4,5,17,18,7,6,5,22,8,6,3,36,43,24.0,32.0,12.0,11.0,7.0,6.0,354,513,278.0,429.0,128,198,150,231,19.0,34.0,7.0,5.0,1.12,1.2,0.93,1.07,0.19,0.13,1.12,1.2,1.58,1.16,0,0,5,8,5,3,3,4,3,2,0.0,0.0,0.7775,0.8941,0.15,0.1268,0.1143,0.1208,0.0821,0.0597,11,9,0,2,3,5,2,1,0,0,0.9317,0.847,0.0,0.2273,0.1347,0.0961,0.0574,0.031,0.0,0.0,16,17,17.81,18.1
3561932,2021-10-16,usa,2021,MLS,,,722265,FC Cincinnati,267810,Orlando City,1,0,1,52,48,9,18,3,5,1,7,5,6,0,1,5,9,4,9,4,6,1,1,1,1,16,27,14,14,2,2,0,0,1,2,7,11,13,8,5,5,20,27,4,3,46,38,30.0,29.0,16.0,9.0,9.0,4.0,507,454,417.0,372.0,177,185,240,187,31.0,36.0,0.0,2.0,0.62,1.13,0.16,1.05,0.46,0.08,0.62,1.13,0.87,0.89,1,0,4,5,0,4,1,6,3,3,0.1714,0.0,0.3469,0.6066,0.0,0.1294,0.0319,0.1854,0.0674,0.064,5,16,0,0,3,2,1,0,0,0,0.1625,0.9392,0.0,0.0,0.2837,0.0462,0.1714,0.0,0.0,0.0,9,18,16.91,20.46
3561932,2021-10-16,usa,2021,MLS,,,267810,Orlando City,722265,FC Cincinnati,0,1,0,48,52,18,9,5,3,7,1,6,5,1,0,9,5,9,4,6,4,1,1,1,1,27,16,14,14,2,2,0,0,2,1,11,7,8,13,5,5,27,20,3,4,38,46,29.0,30.0,9.0,16.0,4.0,9.0,454,507,372.0,417.0,185,177,187,240,36.0,31.0,2.0,0.0,1.13,0.62,1.05,0.16,0.08,0.46,1.13,0.62,0.89,0.87,0,1,5,4,4,0,6,1,3,3,0.0,0.1714,0.6066,0.3469,0.1294,0.0,0.1854,0.0319,0.064,0.0674,16,5,0,0,2,3,0,1,0,0,0.9392,0.1625,0.0,0.0,0.0462,0.2837,0.0,0.1714,0.0,0.0,18,9,20.46,16.91
3561933,2021-10-16,usa,2021,MLS,,,6602,DC United,915807,Nashville SC,1,0,0,52,48,14,6,5,2,5,4,4,0,1,0,10,3,4,3,5,4,1,0,1,0,17,10,13,23,2,2,0,0,2,1,13,6,12,7,0,4,13,20,2,5,58,34,37.0,21.0,21.0,13.0,3.0,3.0,427,388,325.0,298.0,201,174,124,124,31.0,28.0,5.0,1.0,0.89,0.16,0.11,0.1,0.78,0.06,0.89,0.16,1.02,0.07,2,0,7,1,1,2,2,2,2,1,0.3386,0.0,0.3427,0.0343,0.0248,0.0579,0.0891,0.0422,0.1253,0.0213,3,4,0,0,4,1,7,1,0,0,0.1103,0.1,0.0,0.0,0.1065,0.0213,0.7037,0.0343,0.0,0.0,14,6,13.88,20.02
3561933,2021-10-16,usa,2021,MLS,,,915807,Nashville SC,6602,DC United,0,0,0,48,52,6,14,2,5,4,5,0,4,0,1,3,10,3,4,4,5,0,1,0,1,10,17,23,13,2,2,0,0,1,2,6,13,7,12,4,0,20,13,5,2,34,58,21.0,37.0,13.0,21.0,3.0,3.0,388,427,298.0,325.0,174,201,124,124,28.0,31.0,1.0,5.0,0.16,0.89,0.1,0.11,0.06,0.78,0.16,0.89,0.07,1.02,0,2,1,7,2,1,2,2,1,2,0.0,0.3386,0.0343,0.3427,0.0579,0.0248,0.0422,0.0891,0.0213,0.1253,4,3,0,0,1,4,1,7,0,0,0.1,0.1103,0.0,0.0,0.0213,0.1065,0.0343,0.7037,0.0,0.0,6,14,20.02,13.88
3561991,2021-10-16,usa,2021,MLS,,,161195,CF Montreal,191716,Philadelphia Union,1,2,2,64,36,7,3,4,2,,,,,,,,,,,9,2,,,,,,,,,,,,,,,,,,,,,,,,,,,,,,,,,,,,,,,,,,,,,,,,,,,,,,,1,0,5,1,2,0,4,2,1,1,0.081,0.0,0.3479,0.0537,0.0533,0.0,0.0831,0.0371,0.0133,0.0431,8,1,0,0,5,0,0,3,0,0,0.2966,0.0311,0.0,0.0,0.2819,0.0,0.0,0.1028,0.0,0.0,13,4,18.38,18.86
3561991,2021-10-16,usa,2021,MLS,,,191716,Philadelphia Union,161195,CF Montreal,0,2,2,36,64,3,7,2,4,,,,,,,,,,,2,9,,,,,,,,,,,,,,,,,,,,,,,,,,,,,,,,,,,,,,,,,,,,,,,,,,,,,,,0,1,1,5,0,2,2,4,1,1,0.0,0.081,0.0537,0.3479,0.0,0.0533,0.0371,0.0831,0.0431,0.0133,1,8,0,0,0,5,3,0,0,0,0.0311,0.2966,0.0,0.0,0.0,0.2819,0.1028,0.0,0.0,0.0,4,13,18.86,18.38
3561992,2021-10-16,usa,2021,MLS,,,56453,Toronto FC,773958,Atlanta United,1,0,2,54,46,16,17,4,9,6,7,6,1,1,1,7,8,9,9,4,0,2,3,2,3,21,18,17,13,2,2,1,1,2,0,12,16,11,8,2,6,7,31,6,4,33,52,30.0,47.0,3.0,5.0,6.0,14.0,503,445,436.0,386.0,196,214,240,172,23.0,22.0,4.0,3.0,0.98,1.43,0.93,1.4,0.06,0.03,0.98,1.43,0.77,2.39,0,0,6,7,1,1,8,3,1,6,0.0,0.0,0.586,1.0951,0.0359,0.0231,0.3407,0.1813,0.0222,0.1321,13,15,0,1,1,0,2,1,0,0,0.9252,1.2702,0.0,0.1291,0.0185,0.0,0.0411,0.0323,0.0,0.0,16,17,18.16,20.61
3561992,2021-10-16,usa,2021,MLS,,,773958,Atlanta United,56453,Toronto FC,0,2,0,46,54,17,16,9,4,7,6,1,6,1,1,8,7,9,9,0,4,3,2,3,2,18,21,13,17,2,2,1,1,0,2,16,12,8,11,6,2,31,7,4,6,52,33,47.0,30.0,5.0,3.0,14.0,6.0,445,503,386.0,436.0,214,196,172,240,22.0,23.0,3.0,4.0,1.43,0.98,1.4,0.93,0.03,0.06,1.43,0.98,2.39,0.77,0,0,7,6,1,1,3,8,6,1,0.0,0.0,1.0951,0.586,0.0231,0.0359,0.1813,0.3407,0.1321,0.0222,15,13,1,0,0,1,1,2,0,0,1.2702,0.9252,0.1291,0.0,0.0,0.0185,0.0323,0.0411,0.0,0.0,17,16,20.61,18.16
3561934,2021-10-17,usa,2021,MLS,,,8259,Houston Dynamo FC,130394,Seattle Sounders FC,1,2,1,42,58,13,11,3,3,8,7,2,1,4,1,13,6,0,5,5,7,1,1,0,1,24,20,13,11,2,2,0,0,1,0,10,16,7,6,1,2,28,9,2,1,57,47,35.0,35.0,22.0,12.0,16.0,7.0,351,472,277.0,383.0,133,184,144,199,23.0,35.0,7.0,4.0,1.05,1.09,0.62,0.54,0.44,0.55,1.05,1.09,0.41,0.33,0,2,7,3,6,1,0,2,0,3,0.0,0.2541,0.8044,0.4405,0.2501,0.0514,0.0,0.2261,0.0,0.117,4,6,1,0,4,3,4,2,0,0,0.5384,0.5407,0.08,0.0,0.2109,0.2877,0.2252,0.2607,0.0,0.0,13,11,12.76,17.36
3561934,2021-10-17,usa,2021,MLS,,,130394,Seattle Sounders FC,8259,Houston Dynamo FC,0,1,2,58,42,11,13,3,3,7,8,1,2,1,4,6,13,5,0,7,5,1,1,1,0,20,24,11,13,2,2,0,0,0,1,16,10,6,7,2,1,9,28,1,2,47,57,35.0,35.0,12.0,22.0,7.0,16.0,472,351,383.0,277.0,184,133,199,144,35.0,23.0,4.0,7.0,1.09,1.05,0.54,0.62,0.55,0.44,1.09,1.05,0.33,0.41,2,0,3,7,1,6,2,0,3,0,0.2541,0.0,0.4405,0.8044,0.0514,0.2501,0.2261,0.0,0.117,0.0,6,4,0,1,3,4,2,4,0,0,0.5407,0.5384,0.0,0.08,0.2877,0.2109,0.2607,0.2252,0.0,0.0,11,13,17.36,12.76
3561935,2021-10-17,usa,2021,MLS,,,1218886,Austin FC,207242,Minnesota United,1,0,1,66,34,19,12,8,3,9,6,2,3,0,0,10,6,9,6,8,2,2,2,2,1,44,18,12,9,1,3,0,0,3,0,15,15,16,15,3,2,9,32,2,8,60,43,42.0,34.0,18.0,9.0,18.0,8.0,558,299,481.0,205.0,252,89,229,116,26.0,14.0,8.0,1.0,1.41,1.69,1.29,1.68,0.12,0.01,1.41,1.69,1.27,1.32,0,1,8,4,2,1,5,4,4,2,0.0,0.6687,1.0096,0.7431,0.0743,0.067,0.2186,0.1819,0.1053,0.0293,15,10,0,1,2,1,2,0,0,0,1.2896,1.2943,0.0,0.3871,0.0539,0.0086,0.0642,0.0,0.0,0.0,19,12,17.82,18.7
3561935,2021-10-17,usa,2021,MLS,,,207242,Minnesota United,1218886,Austin FC,0,1,0,34,66,12,19,3,8,6,9,3,2,0,0,6,10,6,9,2,8,2,2,1,2,18,44,9,12,3,1,0,0,0,3,15,15,15,16,2,3,32,9,8,2,43,60,34.0,42.0,9.0,18.0,8.0,18.0,299,558,205.0,481.0,89,252,116,229,14.0,26.0,1.0,8.0,1.69,1.41,1.68,1.29,0.01,0.12,1.69,1.41,1.32,1.27,1,0,4,8,1,2,4,5,2,4,0.6687,0.0,0.7431,1.0096,0.067,0.0743,0.1819,0.2186,0.0293,0.1053,10,15,1,0,1,2,0,2,0,0,1.2943,1.2896,0.3871,0.0,0.0086,0.0539,0.0,0.0642,0.0,0.0,12,19,18.7,17.82
3561936,2021-10-17,usa,2021,MLS,,,6606,Real Salt Lake,8314,Colorado Rapids,1,3,1,49,51,8,12,5,3,2,4,1,5,1,2,5,7,3,5,1,8,3,0,0,0,13,25,13,8,2,3,0,0,3,1,18,11,15,13,5,1,18,12,2,1,49,49,33.0,29.0,16.0,20.0,10.0,7.0,457,464,364.0,372.0,213,192,151,180,25.0,33.0,1.0,6.0,1.24,0.5,1.24,0.12,0.03,0.38,1.24,0.5,2.08,0.18,1,0,2,6,2,1,2,5,1,0,0.482,0.0,0.7937,0.3409,0.3928,0.0092,0.0513,0.1514,0.0207,0.0,7,4,1,0,0,4,0,4,0,0,1.4599,0.1201,0.2806,0.0,0.0,0.2284,0.0,0.1531,0.0,0.0,8,12,17.11,17.15
3561936,2021-10-17,usa,2021,MLS,,,8314,Colorado Rapids,6606,Real Salt Lake,0,1,3,51,49,12,8,3,5,4,2,5,1,2,1,7,5,5,3,8,1,0,3,0,0,25,13,8,13,3,2,0,0,1,3,11,18,13,15,1,5,12,18,1,2,49,49,29.0,33.0,20.0,16.0,7.0,10.0,464,457,372.0,364.0,192,213,180,151,33.0,25.0,6.0,1.0,0.5,1.24,0.12,1.24,0.38,0.03,0.5,1.24,0.18,2.08,0,1,6,2,1,2,5,2,0,1,0.0,0.482,0.3409,0.7937,0.0092,0.3928,0.1514,0.0513,0.0,0.0207,4,7,0,1,4,0,4,0,0,0,0.1201,1.4599,0.0,0.2806,0.2284,0.0,0.1531,0.0,0.0,0.0,12,8,17.15,17.11
3561937,2021-10-17,usa,2021,MLS,,,6637,LA Galaxy,307690,Portland Timbers,1,2,1,61,39,20,10,9,6,6,3,5,1,0,1,15,4,5,6,4,1,4,0,2,0,39,18,15,10,3,2,0,0,1,3,9,20,7,13,1,5,9,21,5,7,41,49,31.0,41.0,10.0,8.0,13.0,7.0,578,376,505.0,286.0,210,157,295,129,26.0,30.0,8.0,1.0,3.21,0.33,1.79,0.2,0.63,0.13,2.42,0.33,3.61,0.68,3,0,10,1,2,3,3,3,2,3,1.1382,0.0,1.9251,0.0958,0.0746,0.1104,0.0705,0.07,0.0419,0.0552,11,8,1,0,7,0,0,2,1,0,1.7822,0.204,0.051,0.0,0.6288,0.0,0.0,0.1274,0.7884,0.0,20,10,14.23,22.9
3561937,2021-10-17,usa,2021,MLS,,,307690,Portland Timbers,6637,LA Galaxy,0,1,2,39,61,10,20,6,9,3,6,1,5,1,0,4,15,6,5,1,4,0,4,0,2,18,39,10,15,2,3,0,0,3,1,20,9,13,7,5,1,21,9,7,5,49,41,41.0,31.0,8.0,10.0,7.0,13.0,376,578,286.0,505.0,157,210,129,295,30.0,26.0,1.0,8.0,0.33,3.21,0.2,1.79,0.13,0.63,0.33,2.42,0.68,3.61,0,3,1,10,3,2,3,3,3,2,0.0,1.1382,0.0958,1.9251,0.1104,0.0746,0.07,0.0705,0.0552,0.0419,8,11,0,1,0,7,2,0,0,1,0.204,1.7822,0.0,0.051,0.0,0.6288,0.1274,0.0,0.0,0.7884,10,20,22.9,14.23
3561938,2021-10-17,usa,2021,MLS,,,6514,New York Red Bulls,546238,New York City FC,1,1,0,37,63,11,6,2,2,5,4,4,0,0,1,7,4,4,2,5,3,3,1,2,1,17,23,17,12,2,2,0,0,2,2,14,20,9,9,0,2,15,11,2,1,64,63,39.0,50.0,25.0,13.0,13.0,13.0,304,509,191.0,385.0,87,220,104,165,26.0,33.0,4.0,5.0,1.64,0.77,0.6,0.64,1.04,0.13,1.64,0.77,0.72,0.79,2,1,5,2,0,1,3,1,1,1,0.855,0.5416,0.6297,0.173,0.0,0.0098,0.1342,0.0126,0.0204,0.0281,4,3,1,0,2,2,4,1,0,0,0.4447,0.6368,0.1548,0.0,0.2718,0.0224,0.7678,0.106,0.0,0.0,11,6,14.72,15.79
3561938,2021-10-17,usa,2021,MLS,,,546238,New York City FC,6514,New York Red Bulls,0,0,1,63,37,6,11,2,2,4,5,0,4,1,0,4,7,2,4,3,5,1,3,1,2,23,17,12,17,2,2,0,0,2,2,20,14,9,9,2,0,11,15,1,2,63,64,50.0,39.0,13.0,25.0,13.0,13.0,509,304,385.0,191.0,220,87,165,104,33.0,26.0,5.0,4.0,0.77,1.64,0.64,0.6,0.13,1.04,0.77,1.64,0.79,0.72,1,2,2,5,1,0,1,3,1,1,0.5416,0.855,0.173,0.6297,0.0098,0.0,0.0126,0.1342,0.0281,0.0204,3,4,0,1,2,2,1,4,0,0,0.6368,0.4447,0.0,0.1548,0.0224,0.2718,0.106,0.7678,0.0,0.0,6,11,15.79,14.72
3561993,2021-10-18,usa,2021,MLS,,,307691,Vancouver Whitecaps,6604,Sporting Kansas City,1,2,1,36,64,9,9,3,3,2,4,4,2,0,0,5,2,4,7,3,7,1,0,0,0,10,12,13,16,2,3,0,0,0,0,13,17,11,7,2,3,13,11,2,1,52,51,30.0,38.0,22.0,13.0,3.0,8.0,342,617,249.0,529.0,151,342,98,187,30.0,33.0,4.0,4.0,0.38,0.27,0.3,0.22,0.08,0.04,0.38,0.27,1.14,0.87,1,0,3,2,1,0,2,7,2,0,0.0685,0.0,0.2288,0.0577,0.011,0.0,0.0414,0.2087,0.0289,0.0,7,7,0,0,1,1,1,1,0,0,0.2992,0.2217,0.0,0.0,0.0685,0.0211,0.011,0.0234,0.0,0.0,9,9,20.02,22.9
3561993,2021-10-18,usa,2021,MLS,,,6604,Sporting Kansas City,307691,Vancouver Whitecaps,0,1,2,64,36,9,9,3,3,4,2,2,4,0,0,2,5,7,4,7,3,0,1,0,0,12,10,16,13,3,2,0,0,0,0,17,13,7,11,3,2,11,13,1,2,51,52,38.0,30.0,13.0,22.0,8.0,3.0,617,342,529.0,249.0,342,151,187,98,33.0,30.0,4.0,4.0,0.27,0.38,0.22,0.3,0.04,0.08,0.27,0.38,0.87,1.14,0,1,2,3,0,1,7,2,0,2,0.0,0.0685,0.0577,0.2288,0.0,0.011,0.2087,0.0414,0.0,0.0289,7,7,0,0,1,1,1,1,0,0,0.2217,0.2992,0.0,0.0,0.0211,0.0685,0.0234,0.011,0.0,0.0,9,9,22.9,20.02
3561939,2021-10-20,usa,2021,MLS,,,773958,Atlanta United,546238,New York City FC,1,1,1,54,46,13,13,7,4,6,6,0,3,1,0,8,7,5,6,5,1,1,0,0,0,18,15,13,18,2,2,0,0,1,0,10,23,5,7,3,0,18,13,3,6,50,47,45.0,42.0,5.0,5.0,20.0,6.0,485,403,402.0,321.0,202,147,200,174,49.0,27.0,6.0,2.0,0.61,0.66,0.51,0.3,0.1,0.36,0.61,0.66,1.38,0.74,0,1,4,2,4,4,3,3,2,3,0.0,0.2492,0.1132,0.1253,0.3635,0.0989,0.0819,0.1271,0.0468,0.0641,8,9,1,0,2,1,2,3,0,0,0.3388,0.3022,0.1676,0.0,0.0574,0.0588,0.0416,0.3037,0.0,0.0,13,13,20.22,20.42
3561939,2021-10-20,usa,2021,MLS,,,546238,New York City FC,773958,Atlanta United,0,1,1,46,54,13,13,4,7,6,6,3,0,0,1,7,8,6,5,1,5,0,1,0,0,15,18,18,13,2,2,0,0,0,1,23,10,7,5,0,3,13,18,6,3,47,50,42.0,45.0,5.0,5.0,6.0,20.0,403,485,321.0,402.0,147,202,174,200,27.0,49.0,2.0,6.0,0.66,0.61,0.3,0.51,0.36,0.1,0.66,0.61,0.74,1.38,1,0,2,4,4,4,3,3,3,2,0.2492,0.0,0.1253,0.1132,0.0989,0.3635,0.1271,0.0819,0.0641,0.0468,9,8,0,1,1,2,3,2,0,0,0.3022,0.3388,0.0,0.1676,0.0588,0.0574,0.3037,0.0416,0.0,0.0,13,13,20.42,20.22
3561940,2021-10-20,usa,2021,MLS,,,722265,FC Cincinnati,6397,Chicago Fire FC,1,3,4,41,59,19,16,6,11,7,4,6,1,0,1,16,8,3,8,5,7,5,3,3,1,31,24,15,12,3,3,0,0,3,0,13,8,10,10,1,6,21,13,7,3,37,48,33.0,36.0,4.0,12.0,10.0,13.0,389,571,325.0,480.0,195,234,130,246,27.0,29.0,8.0,6.0,3.09,2.22,2.59,1.09,0.51,1.13,3.09,2.22,2.41,3.23,1,2,13,2,2,4,1,4,2,4,0.6869,1.3825,2.2895,0.4887,0.0594,0.152,0.0327,0.0976,0.0257,0.1071,10,10,1,0,5,5,3,1,0,0,2.3894,1.085,0.1979,0.0,0.3097,1.0963,0.1972,0.0466,0.0,0.0,19,16,13.76,18.81
3561940,2021-10-20,usa,2021,MLS,,,6397,Chicago Fire FC,722265,FC Cincinnati,0,4,3,59,41,16,19,11,6,4,7,1,6,1,0,8,16,8,3,7,5,3,5,1,3,24,31,12,15,3,3,0,0,0,3,8,13,10,10,6,1,13,21,3,7,48,37,36.0,33.0,12.0,4.0,13.0,10.0,571,389,480.0,325.0,234,195,246,130,29.0,27.0,6.0,8.0,2.22,3.09,1.09,2.59,1.13,0.51,2.22,3.09,3.23,2.41,2,1,2,13,4,2,4,1,4,2,1.3825,0.6869,0.4887,2.2895,0.152,0.0594,0.0976,0.0327,0.1071,0.0257,10,10,0,1,5,5,1,3,0,0,1.085,2.3894,0.0,0.1979,1.0963,0.3097,0.0466,0.1972,0.0,0.0,16,19,18.81,13.76
3561941,2021-10-20,usa,2021,MLS,,,6602,DC United,6580,New England Revolution,1,2,3,45,55,20,18,9,7,5,7,6,4,1,1,15,10,5,8,5,7,3,1,2,1,32,24,11,11,1,1,0,0,2,1,15,15,8,10,4,6,15,16,4,7,50,53,34.0,38.0,16.0,15.0,8.0,12.0,386,469,285.0,376.0,116,199,169,177,34.0,24.0,9.0,4.0,2.1,1.4,1.59,1.26,0.52,0.14,2.1,1.4,2.5,1.14,1,1,12,5,2,4,4,6,1,2,0.185,0.3494,1.721,0.5043,0.0986,0.2088,0.149,0.2972,0.0278,0.0377,13,15,2,1,3,2,2,0,0,0,0.8712,1.1563,0.8742,0.1004,0.2301,0.1407,0.2058,0.0,0.0,0.0,20,18,14.73,17.79
3561941,2021-10-20,usa,2021,MLS,,,6580,New England Revolution,6602,DC United,0,3,2,55,45,18,20,7,9,7,5,4,6,1,1,10,15,8,5,7,5,1,3,1,2,24,32,11,11,1,1,0,0,1,2,15,15,10,8,6,4,16,15,7,4,53,50,38.0,34.0,15.0,16.0,12.0,8.0,469,386,376.0,285.0,199,116,177,169,24.0,34.0,4.0,9.0,1.4,2.1,1.26,1.59,0.14,0.52,1.4,2.1,1.14,2.5,1,1,5,12,4,2,6,4,2,1,0.3494,0.185,0.5043,1.721,0.2088,0.0986,0.2972,0.149,0.0377,0.0278,15,13,1,2,2,3,0,2,0,0,1.1563,0.8712,0.1004,0.8742,0.1407,0.2301,0.0,0.2058,0.0,0.0,18,20,17.79,14.73
3561994,2021-10-20,usa,2021,MLS,,,960720,Inter Miami CF,56453,Toronto FC,1,3,0,50,50,17,8,6,4,5,2,6,2,0,0,9,6,8,2,7,6,3,1,1,1,19,22,10,5,2,0,0,0,1,4,11,17,9,12,2,6,17,8,4,4,26,45,24.0,42.0,2.0,3.0,8.0,16.0,574,571,515.0,511.0,228,232,287,279,20.0,15.0,5.0,4.0,1.53,0.83,0.86,0.76,0.68,0.07,1.53,0.83,1.67,0.98,1,0,6,5,2,1,7,2,1,0,0.1438,0.0,1.002,0.7122,0.1003,0.0621,0.2553,0.0557,0.0329,0.0,11,5,0,0,5,3,1,0,0,0,0.8576,0.7632,0.0,0.0,0.6039,0.0668,0.0728,0.0,0.0,0.0,17,8,17.98,17.45
3561994,2021-10-20,usa,2021,MLS,,,56453,Toronto FC,960720,Inter Miami CF,0,0,3,50,50,8,17,4,6,2,5,2,6,0,0,6,9,2,8,6,7,1,3,1,1,22,19,5,10,0,2,0,0,4,1,17,11,12,9,6,2,8,17,4,4,45,26,42.0,24.0,3.0,2.0,16.0,8.0,571,574,511.0,515.0,232,228,279,287,15.0,20.0,4.0,5.0,0.83,1.53,0.76,0.86,0.07,0.68,0.83,1.53,0.98,1.67,0,1,5,6,1,2,2,7,0,1,0.0,0.1438,0.7122,1.002,0.0621,0.1003,0.0557,0.2553,0.0,0.0329,5,11,0,0,3,5,0,1,0,0,0.7632,0.8576,0.0,0.0,0.0668,0.6039,0.0,0.0728,0.0,0.0,8,17,17.45,17.98
3561995,2021-10-20,usa,2021,MLS,,,267810,Orlando City,161195,CF Montreal,1,1,1,52,48,9,5,4,2,,,,,,,,,,,7,3,,,,,,,,,,,,,,,,,,,,,,,,,,,,,,,,,,,,,,,,,,,,,,,,,,,,,,,0,2,8,1,2,1,2,1,1,1,0.0,0.664,0.8662,0.0467,0.0879,0.0394,0.1443,0.0202,0.0281,0.035,9,4,0,1,3,1,1,0,0,0,0.8946,0.7222,0.0,0.035,0.1444,0.048,0.0875,0.0,0.0,0.0,13,6,13.46,16.0
3561995,2021-10-20,usa,2021,MLS,,,161195,CF Montreal,267810,Orlando City,0,1,1,48,52,5,9,2,4,,,,,,,,,,,3,7,,,,,,,,,,,,,,,,,,,,,,,,,,,,,,,,,,,,,,,,,,,,,,,,,,,,,,,2,0,1,8,1,2,1,2,1,1,0.664,0.0,0.0467,0.8662,0.0394,0.0879,0.0202,0.1443,0.035,0.0281,4,9,1,0,1,3,0,1,0,0,0.7222,0.8946,0.035,0.0,0.048,0.1444,0.0,0.0875,0.0,0.0,6,13,16.0,13.46
3561942,2021-10-21,usa,2021,MLS,,,6399,FC Dallas,867280,Los Angeles FC,1,2,3,56,44,10,10,2,5,6,2,2,3,1,0,7,7,3,3,4,5,1,2,0,0,17,13,17,10,2,2,0,0,3,1,24,16,11,14,3,2,24,15,2,0,56,60,45.0,47.0,11.0,13.0,11.0,14.0,485,369,393.0,293.0,247,115,146,178,35.0,29.0,2.0,2.0,1.18,1.64,0.89,0.8,0.29,0.05,1.18,0.85,0.95,1.57,0,0,5,5,2,2,2,2,1,1,0.0,0.0,0.9943,1.3755,0.0378,0.1736,0.1596,0.0656,0.0156,0.0217,7,6,0,0,3,2,0,1,0,1,0.9175,0.7953,0.0,0.0,0.2898,0.0347,0.0,0.0181,0.0,0.7884,10,10,16.06,15.51
3561942,2021-10-21,usa,2021,MLS,,,867280,Los Angeles FC,6399,FC Dallas,0,3,2,44,56,10,10,5,2,2,6,3,2,0,1,7,7,3,3,5,4,2,1,0,0,13,17,10,17,2,2,0,0,1,3,16,24,14,11,2,3,15,24,0,2,60,56,47.0,45.0,13.0,11.0,14.0,11.0,369,485,293.0,393.0,115,247,178,146,29.0,35.0,2.0,2.0,1.64,1.18,0.8,0.89,0.05,0.29,0.85,1.18,1.57,0.95,0,0,5,5,2,2,2,2,1,1,0.0,0.0,1.3755,0.9943,0.1736,0.0378,0.0656,0.1596,0.0217,0.0156,6,7,0,0,2,3,1,0,1,0,0.7953,0.9175,0.0,0.0,0.0347,0.2898,0.0181,0.0,0.7884,0.0,10,10,15.51,16.06
3561943,2021-10-21,usa,2021,MLS,,,207242,Minnesota United,191716,Philadelphia Union,1,3,2,42,58,12,18,4,6,5,6,3,6,0,0,8,12,4,6,5,5,4,3,1,2,34,31,10,10,1,2,1,0,1,2,17,24,10,17,5,3,24,15,4,1,53,50,39.0,39.0,14.0,11.0,14.0,7.0,355,497,280.0,421.0,111,193,169,228,24.0,37.0,2.0,8.0,1.3,2.05,1.27,0.88,0.03,1.17,1.3,2.05,2.65,2.11,1,4,5,7,2,1,4,6,0,0,0.3358,1.4048,0.6887,0.4617,0.1591,0.0792,0.157,0.1248,0.0,0.0,11,12,0,0,1,4,0,2,0,0,1.3072,0.8751,0.0,0.0,0.0333,1.1362,0.0,0.0592,0.0,0.0,12,18,15.86,17.86
3561943,2021-10-21,usa,2021,MLS,,,191716,Philadelphia Union,207242,Minnesota United,0,2,3,58,42,18,12,6,4,6,5,6,3,0,0,12,8,6,4,5,5,3,4,2,1,31,34,10,10,2,1,0,1,2,1,24,17,17,10,3,5,15,24,1,4,50,53,39.0,39.0,11.0,14.0,7.0,14.0,497,355,421.0,280.0,193,111,228,169,37.0,24.0,8.0,2.0,2.05,1.3,0.88,1.27,1.17,0.03,2.05,1.3,2.11,2.65,4,1,7,5,1,2,6,4,0,0,1.4048,0.3358,0.4617,0.6887,0.0792,0.1591,0.1248,0.157,0.0,0.0,12,11,0,0,4,1,2,0,0,0,0.8751,1.3072,0.0,0.0,1.1362,0.0333,0.0592,0.0,0.0,0.0,18,12,17.86,15.86
3561944,2021-10-21,usa,2021,MLS,,,8259,Houston Dynamo FC,6637,LA Galaxy,1,0,3,47,53,23,10,7,5,11,5,5,0,0,1,13,6,10,4,7,3,1,3,1,1,27,19,11,11,1,3,0,0,4,0,10,8,9,9,0,5,11,20,3,7,46,38,35.0,28.0,11.0,10.0,15.0,9.0,441,518,360.0,434.0,187,220,173,214,30.0,25.0,3.0,1.0,1.61,1.63,1.52,0.76,0.09,0.08,1.61,0.85,0.64,1.91,0,0,7,3,6,3,5,3,5,1,0.0,0.0,1.0543,1.1407,0.1706,0.3479,0.2,0.1078,0.1839,0.0376,19,8,0,0,3,0,1,1,0,1,1.5216,0.7632,0.0,0.0,0.0502,0.0,0.037,0.0824,0.0,0.7884,23,10,19.03,18.14
3561944,2021-10-21,usa,2021,MLS,,,6637,LA Galaxy,8259,Houston Dynamo FC,0,3,0,53,47,10,23,5,7,5,11,0,5,1,0,6,13,4,10,3,7,3,1,1,1,19,27,11,11,3,1,0,0,0,4,8,10,9,9,5,0,20,11,7,3,38,46,28.0,35.0,10.0,11.0,9.0,15.0,518,441,434.0,360.0,220,187,214,173,25.0,30.0,1.0,3.0,1.63,1.61,0.76,1.52,0.08,0.09,0.85,1.61,1.91,0.64,0,0,3,7,3,6,3,5,1,5,0.0,0.0,1.1407,1.0543,0.3479,0.1706,0.1078,0.2,0.0376,0.1839,8,19,0,0,0,3,1,1,1,0,0.7632,1.5216,0.0,0.0,0.0,0.0502,0.0824,0.037,0.7884,0.0,10,23,18.14,19.03
3561945,2021-10-21,usa,2021,MLS,,,915807,Nashville SC,6001,Columbus Crew,1,1,1,51,49,13,11,4,6,6,3,3,2,0,0,11,6,2,5,8,8,1,0,1,0,31,17,12,11,2,1,0,0,3,2,9,5,6,8,2,3,20,24,5,3,42,41,25.0,25.0,17.0,16.0,7.0,9.0,465,453,399.0,395.0,195,205,204,190,44.0,25.0,8.0,3.0,0.78,0.48,0.65,0.35,0.13,0.12,0.78,0.48,0.84,1.1,0,0,8,4,3,2,1,4,1,1,0.0,0.0,0.6023,0.2347,0.0862,0.065,0.0717,0.138,0.0199,0.0382,9,8,0,1,3,2,1,0,0,0,0.6519,0.3006,0.0,0.051,0.0919,0.1243,0.0363,0.0,0.0,0.0,13,11,15.9,19.39
3561945,2021-10-21,usa,2021,MLS,,,6001,Columbus Crew,915807,Nashville SC,0,1,1,49,51,11,13,6,4,3,6,2,3,0,0,6,11,5,2,8,8,0,1,0,1,17,31,11,12,1,2,0,0,2,3,5,9,8,6,3,2,24,20,3,5,41,42,25.0,25.0,16.0,17.0,9.0,7.0,453,465,395.0,399.0,205,195,190,204,25.0,44.0,3.0,8.0,0.48,0.78,0.35,0.65,0.12,0.13,0.48,0.78,1.1,0.84,0,0,4,8,2,3,4,1,1,1,0.0,0.0,0.2347,0.6023,0.065,0.0862,0.138,0.0717,0.0382,0.0199,8,9,1,0,2,3,0,1,0,0,0.3006,0.6519,0.051,0.0,0.1243,0.0919,0.0,0.0363,0.0,0.0,11,13,19.39,15.9
3561946,2021-10-21,usa,2021,MLS,,,8314,Colorado Rapids,130394,Seattle Sounders FC,1,1,1,53,47,14,9,1,4,7,4,6,1,0,0,10,6,4,3,6,0,2,2,1,1,25,16,12,7,0,2,0,0,2,2,4,13,8,18,1,6,6,20,3,0,34,43,18.0,33.0,16.0,10.0,8.0,9.0,490,435,428.0,364.0,210,240,218,124,30.0,18.0,4.0,3.0,0.95,1.12,0.58,1.12,0.37,0.0,0.95,1.12,0.4,0.92,2,1,6,4,2,1,4,2,0,1,0.2642,0.2739,0.4771,0.7056,0.07,0.0156,0.1384,0.1114,0.0,0.0178,8,9,0,0,5,0,1,0,0,0,0.5762,1.1243,0.0,0.0,0.3111,0.0,0.0624,0.0,0.0,0.0,14,9,14.92,14.9
3561946,2021-10-21,usa,2021,MLS,,,130394,Seattle Sounders FC,8314,Colorado Rapids,0,1,1,47,53,9,14,4,1,4,7,1,6,0,0,6,10,3,4,0,6,2,2,1,1,16,25,7,12,2,0,0,0,2,2,13,4,18,8,6,1,20,6,0,3,43,34,33.0,18.0,10.0,16.0,9.0,8.0,435,490,364.0,428.0,240,210,124,218,18.0,30.0,3.0,4.0,1.12,0.95,1.12,0.58,0.0,0.37,1.12,0.95,0.92,0.4,1,2,4,6,1,2,2,4,1,0,0.2739,0.2642,0.7056,0.4771,0.0156,0.07,0.1114,0.1384,0.0178,0.0,9,8,0,0,0,5,0,1,0,0,1.1243,0.5762,0.0,0.0,0.0,0.3111,0.0,0.0624,0.0,0.0,9,14,14.9,14.92
3561947,2021-10-21,usa,2021,MLS,,,6603,San Jose Earthquakes,1218886,Austin FC,1,4,0,55,45,20,15,9,5,7,4,4,6,0,0,16,7,4,8,10,8,4,0,2,0,35,24,14,12,2,2,0,0,1,0,6,12,14,10,6,4,20,16,4,5,48,46,35.0,38.0,13.0,8.0,17.0,15.0,341,276,278.0,199.0,171,92,107,107,41.0,17.0,8.0,7.0,2.5,0.85,2.25,0.57,0.25,0.29,2.5,0.85,3.15,0.56,2,0,11,5,3,2,4,5,0,3,0.3199,0.0,1.8504,0.5492,0.1304,0.0583,0.2008,0.1805,0.0,0.0657,14,9,3,0,2,6,1,0,0,0,1.4619,0.5663,0.7887,0.0,0.2264,0.2874,0.0246,0.0,0.0,0.0,20,15,15.12,18.37
3561947,2021-10-21,usa,2021,MLS,,,1218886,Austin FC,6603,San Jose Earthquakes,0,0,4,45,55,15,20,5,9,4,7,6,4,0,0,7,16,8,4,8,10,0,4,0,2,24,35,12,14,2,2,0,0,0,1,12,6,10,14,4,6,16,20,5,4,46,48,38.0,35.0,8.0,13.0,15.0,17.0,276,341,199.0,278.0,92,171,107,107,17.0,41.0,7.0,8.0,0.85,2.5,0.57,2.25,0.29,0.25,0.85,2.5,0.56,3.15,0,2,5,11,2,3,5,4,3,0,0.0,0.3199,0.5492,1.8504,0.0583,0.1304,0.1805,0.2008,0.0657,0.0,9,14,0,3,6,2,0,1,0,0,0.5663,1.4619,0.0,0.7887,0.2874,0.2264,0.0,0.0246,0.0,0.0,15,20,18.37,15.12
3561996,2021-10-21,usa,2021,MLS,,,307690,Portland Timbers,307691,Vancouver Whitecaps,1,2,3,49,51,12,11,3,4,7,7,2,0,1,0,10,8,2,3,7,5,1,2,0,0,26,29,16,10,1,1,0,0,0,1,13,14,11,8,0,2,21,18,1,1,45,54,30.0,39.0,15.0,15.0,7.0,10.0,465,479,373.0,394.0,218,171,155,223,26.0,40.0,7.0,6.0,1.32,1.83,0.95,0.94,0.37,0.1,1.32,1.04,1.33,2.46,1,0,9,7,0,1,2,1,0,2,0.1313,0.0,1.139,1.7395,0.0,0.0134,0.0479,0.0218,0.0,0.055,7,6,0,1,5,2,0,1,0,1,0.9498,0.3645,0.0,0.5748,0.3684,0.0622,0.0,0.0398,0.0,0.7884,12,11,13.84,16.36
3561996,2021-10-21,usa,2021,MLS,,,307691,Vancouver Whitecaps,307690,Portland Timbers,0,3,2,51,49,11,12,4,3,7,7,0,2,0,1,8,10,3,2,5,7,2,1,0,0,29,26,10,16,1,1,0,0,1,0,14,13,8,11,2,0,18,21,1,1,54,45,39.0,30.0,15.0,15.0,10.0,7.0,479,465,394.0,373.0,171,218,223,155,40.0,26.0,6.0,7.0,1.83,1.32,0.94,0.95,0.1,0.37,1.04,1.32,2.46,1.33,0,1,7,9,1,0,1,2,2,0,0.0,0.1313,1.7395,1.139,0.0134,0.0,0.0218,0.0479,0.055,0.0,6,7,1,0,2,5,1,0,1,0,0.3645,0.9498,0.5748,0.0,0.0622,0.3684,0.0398,0.0,0.7884,0.0,11,12,16.36,13.84
3561950,2021-10-23,usa,2021,MLS,,,6001,Columbus Crew,6514,New York Red Bulls,1,1,2,52,48,6,17,2,5,2,9,2,3,0,0,5,12,1,5,6,5,1,4,0,2,14,32,10,16,0,2,0,0,0,2,15,23,11,13,3,2,16,17,3,1,72,65,49.0,45.0,23.0,20.0,18.0,13.0,418,385,315.0,281.0,188,138,127,143,30.0,15.0,5.0,9.0,0.65,2.67,0.49,1.2,0.16,0.68,0.65,1.88,0.87,1.9,0,2,4,8,1,2,0,2,1,3,0.0,0.4061,0.5897,1.8946,0.0501,0.2518,0.0,0.0354,0.0111,0.0818,4,10,0,0,2,3,0,3,0,1,0.4875,1.1963,0.0,0.0,0.1633,0.3741,0.0,0.3108,0.0,0.7884,6,17,13.03,15.0
3561950,2021-10-23,usa,2021,MLS,,,6514,New York Red Bulls,6001,Columbus Crew,0,2,1,48,52,17,6,5,2,9,2,3,2,0,0,12,5,5,1,5,6,4,1,2,0,32,14,16,10,2,0,0,0,2,0,23,15,13,11,2,3,17,16,1,3,65,72,45.0,49.0,20.0,23.0,13.0,18.0,385,418,281.0,315.0,138,188,143,127,15.0,30.0,9.0,5.0,2.67,0.65,1.2,0.49,0.68,0.16,1.88,0.65,1.9,0.87,2,0,8,4,2,1,2,0,3,1,0.4061,0.0,1.8946,0.5897,0.2518,0.0501,0.0354,0.0,0.0818,0.0111,10,4,0,0,3,2,3,0,1,0,1.1963,0.4875,0.0,0.0,0.3741,0.1633,0.3108,0.0,0.7884,0.0,17,6,15.0,13.03
3561951,2021-10-23,usa,2021,MLS,,,191716,Philadelphia Union,915807,Nashville SC,1,1,0,50,50,14,8,4,1,4,3,6,4,0,0,6,4,8,4,0,3,2,0,1,0,16,14,8,16,3,3,0,0,4,2,17,22,5,9,3,6,31,21,1,3,57,51,39.0,34.0,18.0,17.0,8.0,5.0,519,493,435.0,408.0,204,216,231,192,25.0,34.0,1.0,6.0,1.69,0.22,0.87,0.14,0.04,0.08,0.91,0.22,2.11,0.03,0,0,6,4,0,0,5,3,3,1,0.0,0.0,1.5018,0.1014,0.0,0.0,0.1451,0.1096,0.0467,0.0054,10,5,1,0,0,3,2,0,1,0,0.4117,0.1572,0.4564,0.0,0.0,0.0591,0.0371,0.0,0.7884,0.0,14,8,21.0,19.02
3561951,2021-10-23,usa,2021,MLS,,,915807,Nashville SC,191716,Philadelphia Union,0,0,1,50,50,8,14,1,4,3,4,4,6,0,0,4,6,4,8,3,0,0,2,0,1,14,16,16,8,3,3,0,0,2,4,22,17,9,5,6,3,21,31,3,1,51,57,34.0,39.0,17.0,18.0,5.0,8.0,493,519,408.0,435.0,216,204,192,231,34.0,25.0,6.0,1.0,0.22,1.69,0.14,0.87,0.08,0.04,0.22,0.91,0.03,2.11,0,0,4,6,0,0,3,5,1,3,0.0,0.0,0.1014,1.5018,0.0,0.0,0.1096,0.1451,0.0054,0.0467,5,10,0,1,3,0,0,2,0,1,0.1572,0.4117,0.0,0.4564,0.0591,0.0,0.0,0.0371,0.0,0.7884,8,14,19.02,21.0
3561952,2021-10-23,usa,2021,MLS,,,546238,New York City FC,6602,DC United,1,6,0,65,35,21,8,15,3,5,4,1,1,0,1,14,7,7,1,8,4,6,0,1,0,22,14,14,17,1,2,0,0,5,1,7,23,8,8,1,1,21,22,3,9,35,49,24.0,36.0,11.0,13.0,3.0,0.0,553,288,466.0,184.0,219,107,247,77,43.0,31.0,6.0,2.0,3.12,0.6,2.41,0.48,0.71,0.13,3.12,0.6,4.42,1.4,4,0,8,4,2,3,6,1,1,0,1.7063,0.0,0.9635,0.4483,0.1234,0.1336,0.2616,0.0246,0.103,0.0,16,6,0,0,4,0,1,2,0,0,2.449,0.4811,0.0,0.0,0.2,0.0,0.509,0.1255,0.0,0.0,21,8,15.83,14.08
3561952,2021-10-23,usa,2021,MLS,,,6602,DC United,546238,New York City FC,0,0,6,35,65,8,21,3,15,4,5,1,1,1,0,7,14,1,7,4,8,0,6,0,1,14,22,17,14,2,1,0,0,1,5,23,7,8,8,1,1,22,21,9,3,49,35,36.0,24.0,13.0,11.0,0.0,3.0,288,553,184.0,466.0,107,219,77,247,31.0,43.0,2.0,6.0,0.6,3.12,0.48,2.41,0.13,0.71,0.6,3.12,1.4,4.42,0,4,4,8,3,2,1,6,0,1,0.0,1.7063,0.4483,0.9635,0.1336,0.1234,0.0246,0.2616,0.0,0.103,6,16,0,0,0,4,2,1,0,0,0.4811,2.449,0.0,0.0,0.0,0.2,0.1255,0.509,0.0,0.0,8,21,14.08,15.83
3561955,2021-10-23,usa,2021,MLS,,,130394,Seattle Sounders FC,6604,Sporting Kansas City,1,1,2,49,51,15,8,6,3,5,3,4,2,1,0,9,5,6,3,3,3,3,2,2,1,28,14,17,18,5,3,0,0,2,0,15,6,7,10,2,4,11,27,1,5,57,42,43.0,29.0,14.0,13.0,10.0,6.0,477,511,387.0,426.0,202,246,185,180,33.0,30.0,8.0,3.0,1.52,1.05,0.88,1.05,0.64,0.0,1.52,1.05,1.73,1.42,1,1,7,2,1,2,6,2,0,1,0.3321,0.3395,0.9537,0.4548,0.0131,0.1576,0.2193,0.0879,0.0,0.0089,9,8,1,0,3,0,2,0,0,0,0.7947,1.0487,0.0876,0.0,0.4152,0.0,0.2207,0.0,0.0,0.0,15,8,15.66,16.97
3561955,2021-10-23,usa,2021,MLS,,,6604,Sporting Kansas City,130394,Seattle Sounders FC,0,2,1,51,49,8,15,3,6,3,5,2,4,0,1,5,9,3,6,3,3,2,3,1,2,14,28,18,17,3,5,0,0,0,2,6,15,10,7,4,2,27,11,5,1,42,57,29.0,43.0,13.0,14.0,6.0,10.0,511,477,426.0,387.0,246,202,180,185,30.0,33.0,3.0,8.0,1.05,1.52,1.05,0.88,0.0,0.64,1.05,1.52,1.42,1.73,1,1,2,7,2,1,2,6,1,0,0.3395,0.3321,0.4548,0.9537,0.1576,0.0131,0.0879,0.2193,0.0089,0.0,8,9,0,1,0,3,0,2,0,0,1.0487,0.7947,0.0,0.0876,0.0,0.4152,0.0,0.2207,0.0,0.0,8,15,16.97,15.66
3561997,2021-10-23,usa,2021,MLS,,,56453,Toronto FC,161195,CF Montreal,1,1,1,53,47,16,7,9,1,7,4,0,2,0,0,11,6,5,1,6,4,4,2,4,1,29,12,11,10,4,1,0,0,1,3,14,15,10,11,2,0,8,28,0,8,40,40,31.0,36.0,9.0,4.0,9.0,10.0,621,561,545.0,491.0,251,300,294,191,29.0,27.0,5.0,2.0,2.07,2.0,1.35,1.93,0.71,0.06,2.07,2.0,2.2,0.99,2,1,9,4,0,1,3,1,2,0,0.4234,0.9775,1.4188,0.875,0.0,0.1303,0.1362,0.0146,0.0963,0.0,8,5,1,0,3,2,4,0,0,0,0.8614,1.9327,0.4933,0.0,0.4756,0.0647,0.2444,0.0,0.0,0.0,16,7,13.9,12.12
3561997,2021-10-23,usa,2021,MLS,,,161195,CF Montreal,56453,Toronto FC,0,1,1,47,53,7,16,1,9,4,7,2,0,0,0,6,11,1,5,4,6,2,4,1,4,12,29,10,11,1,4,0,0,3,1,15,14,11,10,0,2,28,8,8,0,40,40,36.0,31.0,4.0,9.0,10.0,9.0,561,621,491.0,545.0,300,251,191,294,27.0,29.0,2.0,5.0,2.0,2.07,1.93,1.35,0.06,0.71,2.0,2.07,0.99,2.2,1,2,4,9,1,0,1,3,0,2,0.9775,0.4234,0.875,1.4188,0.1303,0.0,0.0146,0.1362,0.0,0.0963,5,8,0,1,2,3,0,4,0,0,1.9327,0.8614,0.0,0.4933,0.0647,0.4756,0.0,0.2444,0.0,0.0,7,16,12.12,13.9
3561948,2021-10-24,usa,2021,MLS,,,960720,Inter Miami CF,722265,FC Cincinnati,1,5,1,51,49,15,15,6,8,6,3,3,4,0,0,13,10,2,5,5,4,5,1,3,0,22,21,10,10,1,1,0,1,3,0,9,16,4,7,4,3,16,9,7,1,34,44,30.0,40.0,4.0,4.0,12.0,14.0,462,446,412.0,396.0,233,187,179,209,27.0,25.0,8.0,6.0,2.02,1.55,1.86,1.4,0.16,0.16,2.02,1.55,2.6,1.85,1,2,11,4,1,4,1,4,1,1,0.0717,0.6842,1.6984,0.5251,0.1067,0.1632,0.0931,0.1366,0.0475,0.0533,11,12,1,0,2,2,1,1,0,0,1.7475,1.4058,0.1107,0.0,0.1117,0.1033,0.0475,0.0533,0.0,0.0,15,15,13.96,17.14
3561948,2021-10-24,usa,2021,MLS,,,722265,FC Cincinnati,960720,Inter Miami CF,0,1,5,49,51,15,15,8,6,3,6,4,3,0,0,10,13,5,2,4,5,1,5,0,3,21,22,10,10,1,1,1,0,0,3,16,9,7,4,3,4,9,16,1,7,44,34,40.0,30.0,4.0,4.0,14.0,12.0,446,462,396.0,412.0,187,233,209,179,25.0,27.0,6.0,8.0,1.55,2.02,1.4,1.86,0.16,0.16,1.55,2.02,1.85,2.6,2,1,4,11,4,1,4,1,1,1,0.6842,0.0717,0.5251,1.6984,0.1632,0.1067,0.1366,0.0931,0.0533,0.0475,12,11,0,1,2,2,1,1,0,0,1.4058,1.7475,0.0,0.1107,0.1033,0.1117,0.0533,0.0475,0.0,0.0,15,15,17.14,13.96
3561949,2021-10-24,usa,2021,MLS,,,6637,LA Galaxy,6399,FC Dallas,1,2,2,59,41,12,12,6,8,6,1,0,3,0,0,8,8,4,4,4,5,2,3,1,2,19,19,7,20,3,5,0,0,3,2,16,10,12,11,3,1,12,32,6,3,47,35,38.0,29.0,9.0,6.0,3.0,13.0,534,385,457.0,308.0,235,217,222,91,27.0,23.0,2.0,3.0,2.08,1.38,0.97,1.35,0.32,0.03,1.29,1.38,1.88,2.21,0,1,7,5,1,2,3,2,1,2,0.0,0.2376,1.9207,0.9847,0.0082,0.0616,0.0929,0.1152,0.0558,0.0604,6,10,0,1,1,0,4,1,1,0,0.9679,1.3865,0.0,0.0389,0.0399,0.0,0.2814,0.0341,0.7884,0.0,12,12,16.64,15.96
3561949,2021-10-24,usa,2021,MLS,,,6399,FC Dallas,6637,LA Galaxy,0,2,2,41,59,12,12,8,6,1,6,3,0,0,0,8,8,4,4,5,4,3,2,2,1,19,19,20,7,5,3,0,0,2,3,10,16,11,12,1,3,32,12,3,6,35,47,29.0,38.0,6.0,9.0,13.0,3.0,385,534,308.0,457.0,217,235,91,222,23.0,27.0,3.0,2.0,1.38,2.08,1.35,0.97,0.03,0.32,1.38,1.29,2.21,1.88,1,0,5,7,2,1,2,3,2,1,0.2376,0.0,0.9847,1.9207,0.0616,0.0082,0.1152,0.0929,0.0604,0.0558,10,6,1,0,0,1,1,4,0,1,1.3865,0.9679,0.0389,0.0,0.0,0.0399,0.0341,0.2814,0.0,0.7884,12,12,15.96,16.64
3561953,2021-10-24,usa,2021,MLS,,,6397,Chicago Fire FC,6606,Real Salt Lake,1,1,0,48,52,25,16,10,5,11,7,4,4,0,1,14,8,11,8,3,5,0,1,0,1,27,22,12,11,4,0,0,0,0,1,12,24,14,15,4,5,20,16,5,8,56,61,38.0,41.0,18.0,20.0,16.0,7.0,452,470,358.0,360.0,140,166,218,194,29.0,38.0,6.0,8.0,1.73,1.03,1.44,0.75,0.29,0.28,1.73,1.03,1.71,0.64,1,0,8,7,5,1,9,5,2,3,0.0964,0.0,1.1323,0.7812,0.1735,0.0554,0.2697,0.1,0.0597,0.0942,20,13,0,0,3,3,2,0,0,0,1.4439,0.752,0.0,0.0,0.2014,0.2788,0.0862,0.0,0.0,0.0,25,16,18.97,18.99
3561953,2021-10-24,usa,2021,MLS,,,6606,Real Salt Lake,6397,Chicago Fire FC,0,0,1,52,48,16,25,5,10,7,11,4,4,1,0,8,14,8,11,5,3,1,0,1,0,22,27,11,12,0,4,0,0,1,0,24,12,15,14,5,4,16,20,8,5,61,56,41.0,38.0,20.0,18.0,7.0,16.0,470,452,360.0,358.0,166,140,194,218,38.0,29.0,8.0,6.0,1.03,1.73,0.75,1.44,0.28,0.29,1.03,1.73,0.64,1.71,0,1,7,8,1,5,5,9,3,2,0.0,0.0964,0.7812,1.1323,0.0554,0.1735,0.1,0.2697,0.0942,0.0597,13,20,0,0,3,3,0,2,0,0,0.752,1.4439,0.0,0.0,0.2788,0.2014,0.0,0.0862,0.0,0.0,16,25,18.99,18.97
3561954,2021-10-24,usa,2021,MLS,,,207242,Minnesota United,867280,Los Angeles FC,1,1,1,70,30,18,6,7,4,8,1,3,1,0,0,10,4,8,2,8,4,3,1,3,1,31,16,7,12,3,2,0,0,4,2,23,19,8,27,1,2,6,39,3,6,56,52,49.0,40.0,7.0,12.0,14.0,15.0,617,264,526.0,198.0,162,126,364,72,23.0,17.0,6.0,3.0,1.82,0.62,1.58,0.55,0.24,0.07,1.82,0.62,1.37,0.57,1,0,7,3,2,1,6,1,2,1,0.6882,0.0,0.4725,0.5834,0.4151,0.046,0.2283,0.0581,0.0233,0.0155,11,4,2,1,2,0,3,1,0,0,1.209,0.5989,0.3753,0.046,0.0188,0.0,0.2243,0.0581,0.0,0.0,18,6,17.28,17.68
3561954,2021-10-24,usa,2021,MLS,,,867280,Los Angeles FC,207242,Minnesota United,0,1,1,30,70,6,18,4,7,1,8,1,3,0,0,4,10,2,8,4,8,1,3,1,3,16,31,12,7,2,3,0,0,2,4,19,23,27,8,2,1,39,6,6,3,52,56,40.0,49.0,12.0,7.0,15.0,14.0,264,617,198.0,526.0,126,162,72,364,17.0,23.0,3.0,6.0,0.62,1.82,0.55,1.58,0.07,0.24,0.62,1.82,0.57,1.37,0,1,3,7,1,2,1,6,1,2,0.0,0.6882,0.5834,0.4725,0.046,0.4151,0.0581,0.2283,0.0155,0.0233,4,11,1,2,0,2,1,3,0,0,0.5989,1.209,0.046,0.3753,0.0,0.0188,0.0581,0.2243,0.0,0.0,6,18,17.68,17.28
3561956,2021-10-24,usa,2021,MLS,,,8314,Colorado Rapids,307690,Portland Timbers,1,2,0,44,56,14,8,5,4,5,2,4,2,1,0,13,1,1,7,4,3,1,0,1,0,32,3,12,13,1,2,0,0,2,2,16,10,10,14,2,3,11,17,4,3,37,38,30.0,29.0,7.0,9.0,3.0,8.0,385,502,323.0,432.0,137,249,186,183,39.0,23.0,5.0,2.0,1.2,0.35,0.7,0.34,0.5,0.01,1.2,0.35,0.49,0.3,3,0,7,0,3,1,1,5,0,2,0.4901,0.0,0.5881,0.0,0.1066,0.0109,0.0307,0.3013,0.0,0.0424,8,7,0,0,4,1,2,0,0,0,0.7129,0.3437,0.0,0.0,0.412,0.0109,0.0906,0.0,0.0,0.0,14,8,12.75,22.8
3561956,2021-10-24,usa,2021,MLS,,,307690,Portland Timbers,8314,Colorado Rapids,0,0,2,56,44,8,14,4,5,2,5,2,4,0,1,1,13,7,1,3,4,0,1,0,1,3,32,13,12,2,1,0,0,2,2,10,16,14,10,3,2,17,11,3,4,38,37,29.0,30.0,9.0,7.0,8.0,3.0,502,385,432.0,323.0,249,137,183,186,23.0,39.0,2.0,5.0,0.35,1.2,0.34,0.7,0.01,0.5,0.35,1.2,0.3,0.49,0,3,0,7,1,3,5,1,2,0,0.0,0.4901,0.0,0.5881,0.0109,0.1066,0.3013,0.0307,0.0424,0.0,7,8,0,0,1,4,0,2,0,0,0.3437,0.7129,0.0,0.0,0.0109,0.412,0.0,0.0906,0.0,0.0,8,14,22.8,12.75
3561957,2021-10-24,usa,2021,MLS,,,267810,Orlando City,6580,New England Revolution,1,2,2,59,41,15,13,5,3,5,7,5,3,1,0,10,7,5,6,5,8,1,1,0,0,34,19,8,12,1,1,0,0,1,0,21,23,8,6,3,5,17,25,1,3,57,52,43.0,43.0,14.0,9.0,11.0,12.0,533,360,469.0,292.0,194,117,275,175,20.0,24.0,4.0,5.0,1.88,1.42,0.84,1.31,0.25,0.11,1.1,1.42,1.44,1.11,0,0,8,7,2,0,2,3,3,3,0.0,0.0,1.4731,1.2326,0.1833,0.0,0.1128,0.0981,0.1145,0.0855,12,10,0,0,1,2,1,1,1,0,0.8407,1.31,0.0,0.0,0.0858,0.092,0.1688,0.0142,0.7884,0.0,15,13,15.86,17.62
3561957,2021-10-24,usa,2021,MLS,,,6580,New England Revolution,267810,Orlando City,0,2,2,41,59,13,15,3,5,7,5,3,5,0,1,7,10,6,5,8,5,1,1,0,0,19,34,12,8,1,1,0,0,0,1,23,21,6,8,5,3,25,17,3,1,52,57,43.0,43.0,9.0,14.0,12.0,11.0,360,533,292.0,469.0,117,194,175,275,24.0,20.0,5.0,4.0,1.42,1.88,1.31,0.84,0.11,0.25,1.42,1.1,1.11,1.44,0,0,7,8,0,2,3,2,3,3,0.0,0.0,1.2326,1.4731,0.0,0.1833,0.0981,0.1128,0.0855,0.1145,10,12,0,0,2,1,1,1,0,1,1.31,0.8407,0.0,0.0,0.092,0.0858,0.0142,0.1688,0.0,0.7884,13,15,17.62,15.86
3561958,2021-10-24,usa,2021,MLS,,,1218886,Austin FC,8259,Houston Dynamo FC,1,2,1,48,52,19,15,8,6,7,5,4,4,1,0,13,7,6,8,10,10,2,0,2,0,27,23,11,15,3,2,0,0,1,0,19,19,12,12,4,5,24,17,6,5,59,45,42.0,37.0,17.0,8.0,9.0,7.0,365,384,291.0,320.0,119,165,172,155,20.0,31.0,7.0,4.0,1.87,0.68,0.69,0.49,0.39,0.19,1.08,0.68,1.06,0.44,1,1,10,3,2,3,6,4,0,4,0.029,0.1073,1.412,0.1623,0.1273,0.0998,0.3021,0.2122,0.0,0.0968,9,9,0,2,6,3,3,1,1,0,0.6885,0.3382,0.0,0.148,0.2527,0.0583,0.1409,0.1341,0.7884,0.0,19,15,15.09,20.81
3561958,2021-10-24,usa,2021,MLS,,,8259,Houston Dynamo FC,1218886,Austin FC,0,1,2,52,48,15,19,6,8,5,7,4,4,0,1,7,13,8,6,10,10,0,2,0,2,23,27,15,11,2,3,0,0,0,1,19,19,12,12,5,4,17,24,5,6,45,59,37.0,42.0,8.0,17.0,7.0,9.0,384,365,320.0,291.0,165,119,155,172,31.0,20.0,4.0,7.0,0.68,1.87,0.49,0.69,0.19,0.39,0.68,1.08,0.44,1.06,1,1,3,10,3,2,4,6,4,0,0.1073,0.029,0.1623,1.412,0.0998,0.1273,0.2122,0.3021,0.0968,0.0,9,9,2,0,3,6,1,3,0,1,0.3382,0.6885,0.148,0.0,0.0583,0.2527,0.1341,0.1409,0.0,0.7884,15,19,20.81,15.09
3561998,2021-10-24,usa,2021,MLS,,,6603,San Jose Earthquakes,307691,Vancouver Whitecaps,1,1,1,64,36,16,7,3,3,9,2,4,2,0,0,10,4,6,3,5,2,2,1,1,0,31,12,13,16,1,0,0,0,1,0,20,25,4,6,2,3,10,31,2,2,66,62,46.0,49.0,20.0,13.0,11.0,11.0,500,284,411.0,199.0,237,87,174,112,51.0,29.0,7.0,2.0,1.33,0.68,1.3,0.5,0.03,0.18,1.33,0.68,0.67,0.88,0,1,9,2,1,1,4,3,2,0,0.0,0.3693,1.1283,0.1271,0.0161,0.0721,0.1335,0.1273,0.0533,0.0,15,4,0,0,1,0,0,3,0,0,1.304,0.5194,0.0,0.0,0.0272,0.0,0.0,0.1763,0.0,0.0,16,7,16.78,16.81
3561998,2021-10-24,usa,2021,MLS,,,307691,Vancouver Whitecaps,6603,San Jose Earthquakes,0,1,1,36,64,7,16,3,3,2,9,2,4,0,0,4,10,3,6,2,5,1,2,0,1,12,31,16,13,0,1,0,0,0,1,25,20,6,4,3,2,31,10,2,2,62,66,49.0,46.0,13.0,20.0,11.0,11.0,284,500,199.0,411.0,87,237,112,174,29.0,51.0,2.0,7.0,0.68,1.33,0.5,1.3,0.18,0.03,0.68,1.33,0.88,0.67,1,0,2,9,1,1,3,4,0,2,0.3693,0.0,0.1271,1.1283,0.0721,0.0161,0.1273,0.1335,0.0,0.0533,4,15,0,0,0,1,3,0,0,0,0.5194,1.304,0.0,0.0,0.0,0.0272,0.1763,0.0,0.0,0.0,7,16,16.81,16.78
3561959,2021-10-27,usa,2021,MLS,,,867280,Los Angeles FC,130394,Seattle Sounders FC,1,3,0,44,56,14,14,6,5,5,5,3,4,0,1,6,8,8,6,5,10,2,3,0,3,15,17,16,13,3,1,0,0,0,3,23,34,12,6,3,2,27,16,5,3,59,75,49.0,59.0,10.0,16.0,14.0,10.0,378,470,296.0,365.0,138,180,158,185,13.0,27.0,3.0,8.0,1.11,1.35,0.95,0.64,0.16,0.71,1.11,1.35,2.02,0.94,1,2,3,6,2,0,7,4,1,2,0.4996,0.1269,0.3205,1.0506,0.0518,0.0,0.2289,0.151,0.0105,0.0319,9,7,0,0,3,3,2,4,0,0,0.9493,0.6398,0.0,0.0,0.064,0.3671,0.0979,0.3534,0.0,0.0,14,14,21.36,16.93
3561959,2021-10-27,usa,2021,MLS,,,130394,Seattle Sounders FC,867280,Los Angeles FC,0,0,3,56,44,14,14,5,6,5,5,4,3,1,0,8,6,6,8,10,5,3,2,3,0,17,15,13,16,1,3,0,0,3,0,34,23,6,12,2,3,16,27,3,5,75,59,59.0,49.0,16.0,10.0,10.0,14.0,470,378,365.0,296.0,180,138,185,158,27.0,13.0,8.0,3.0,1.35,1.11,0.64,0.95,0.71,0.16,1.35,1.11,0.94,2.02,2,1,6,3,0,2,4,7,2,1,0.1269,0.4996,1.0506,0.3205,0.0,0.0518,0.151,0.2289,0.0319,0.0105,7,9,0,0,3,3,4,2,0,0,0.6398,0.9493,0.0,0.0,0.3671,0.064,0.3534,0.0979,0.0,0.0,14,14,16.93,21.36
3561960,2021-10-27,usa,2021,MLS,,,6580,New England Revolution,8314,Colorado Rapids,1,1,0,54,46,19,12,7,4,6,7,6,1,0,0,16,5,3,7,7,8,2,1,2,1,41,27,9,6,0,3,0,0,1,2,18,16,9,12,1,6,12,18,4,6,48,40,34.0,34.0,14.0,6.0,10.0,10.0,551,475,477.0,409.0,223,187,254,222,23.0,27.0,8.0,4.0,1.33,0.6,1.04,0.54,0.3,0.06,1.33,0.6,2.06,0.87,2,0,5,2,9,3,2,4,1,3,0.4701,0.0,0.3988,0.2683,0.3805,0.103,0.0652,0.1692,0.0179,0.063,14,9,0,0,5,3,0,0,0,0,1.0374,0.5402,0.0,0.0,0.2951,0.0632,0.0,0.0,0.0,0.0,19,12,16.89,20.3
3561960,2021-10-27,usa,2021,MLS,,,8314,Colorado Rapids,6580,New England Revolution,0,0,1,46,54,12,19,4,7,7,6,1,6,0,0,5,16,7,3,8,7,1,2,1,2,27,41,6,9,3,0,0,0,2,1,16,18,12,9,6,1,18,12,6,4,40,48,34.0,34.0,6.0,14.0,10.0,10.0,475,551,409.0,477.0,187,223,222,254,27.0,23.0,4.0,8.0,0.6,1.33,0.54,1.04,0.06,0.3,0.6,1.33,0.87,2.06,0,2,2,5,3,9,4,2,3,1,0.0,0.4701,0.2683,0.3988,0.103,0.3805,0.1692,0.0652,0.063,0.0179,9,14,0,0,3,5,0,0,0,0,0.5402,1.0374,0.0,0.0,0.0632,0.2951,0.0,0.0,0.0,0.0,12,19,20.3,16.89
3561961,2021-10-27,usa,2021,MLS,,,6001,Columbus Crew,267810,Orlando City,1,3,2,48,52,10,12,5,3,2,7,3,2,0,0,7,9,3,3,5,4,3,2,1,0,25,22,13,11,2,2,0,0,0,1,13,13,10,9,1,3,16,19,1,2,41,46,34.0,31.0,7.0,15.0,10.0,7.0,405,440,329.0,363.0,160,214,169,149,20.0,22.0,2.0,7.0,1.79,1.56,0.82,0.49,0.97,0.28,1.79,0.77,2.59,2.0,2,1,4,8,1,0,0,3,3,0,1.1307,0.1226,0.4741,1.3743,0.0566,0.0,0.0,0.0657,0.1289,0.0,6,5,0,0,2,2,2,4,0,1,0.8164,0.4938,0.0,0.0,0.8677,0.0227,0.1062,0.2577,0.0,0.7884,10,12,15.98,14.01
3561961,2021-10-27,usa,2021,MLS,,,267810,Orlando City,6001,Columbus Crew,0,2,3,52,48,12,10,3,5,7,2,2,3,0,0,9,7,3,3,4,5,2,3,0,1,22,25,11,13,2,2,0,0,1,0,13,13,9,10,3,1,19,16,2,1,46,41,31.0,34.0,15.0,7.0,7.0,10.0,440,405,363.0,329.0,214,160,149,169,22.0,20.0,7.0,2.0,1.56,1.79,0.49,0.82,0.28,0.97,0.77,1.79,2.0,2.59,1,2,8,4,0,1,3,0,0,3,0.1226,1.1307,1.3743,0.4741,0.0,0.0566,0.0657,0.0,0.0,0.1289,5,6,0,0,2,2,4,2,1,0,0.4938,0.8164,0.0,0.0,0.0227,0.8677,0.2577,0.1062,0.7884,0.0,12,10,14.01,15.98
3561962,2021-10-27,usa,2021,MLS,,,773958,Atlanta United,960720,Inter Miami CF,1,2,1,60,40,13,11,8,6,2,5,3,0,2,0,8,8,5,3,3,3,1,4,0,3,19,15,13,25,3,5,0,0,2,4,20,18,11,16,0,3,13,17,5,6,78,46,66.0,36.0,12.0,10.0,21.0,8.0,482,311,410.0,236.0,201,97,209,139,31.0,20.0,2.0,3.0,1.34,1.97,1.05,0.98,0.3,0.2,1.34,1.18,1.45,2.08,0,0,3,6,5,2,4,1,1,2,0.0,0.0,0.6986,1.8389,0.3058,0.0723,0.2864,0.022,0.0558,0.0327,10,6,0,2,0,0,3,2,0,1,1.0493,0.8787,0.0,0.1029,0.0,0.0,0.2973,0.1959,0.0,0.7884,13,11,17.89,15.45
3561962,2021-10-27,usa,2021,MLS,,,960720,Inter Miami CF,773958,Atlanta United,0,1,2,40,60,11,13,6,8,5,2,0,3,0,2,8,8,3,5,3,3,4,1,3,0,15,19,25,13,5,3,0,0,4,2,18,20,16,11,3,0,17,13,6,5,46,78,36.0,66.0,10.0,12.0,8.0,21.0,311,482,236.0,410.0,97,201,139,209,20.0,31.0,3.0,2.0,1.97,1.34,0.98,1.05,0.2,0.3,1.18,1.34,2.08,1.45,0,0,6,3,2,5,1,4,2,1,0.0,0.0,1.8389,0.6986,0.0723,0.3058,0.022,0.2864,0.0327,0.0558,6,10,2,0,0,0,2,3,1,0,0.8787,1.0493,0.1029,0.0,0.0,0.0,0.1959,0.2973,0.7884,0.0,11,13,15.45,17.89
3561963,2021-10-27,usa,2021,MLS,,,722265,FC Cincinnati,915807,Nashville SC,1,3,6,47,53,9,15,5,8,2,5,2,2,0,1,5,7,4,8,1,1,3,4,2,1,17,21,16,13,2,1,0,0,0,1,16,12,12,10,2,2,16,12,2,3,39,47,34.0,35.0,5.0,12.0,6.0,7.0,477,523,404.0,450.0,246,256,158,194,51.0,34.0,1.0,2.0,2.28,1.89,0.68,1.59,0.03,0.3,0.71,1.89,2.21,3.51,1,1,3,6,1,0,3,8,1,0,0.5347,0.0752,1.597,1.6584,0.0396,0.0,0.0882,0.1558,0.0243,0.0,4,12,1,0,1,0,1,3,2,0,0.6537,1.5898,0.0243,0.0,0.0202,0.0,0.0088,0.2996,1.5768,0.0,9,15,19.26,19.2
3561963,2021-10-27,usa,2021,MLS,,,915807,Nashville SC,722265,FC Cincinnati,0,6,3,53,47,15,9,8,5,5,2,2,2,1,0,7,5,8,4,1,1,4,3,1,2,21,17,13,16,1,2,0,0,1,0,12,16,10,12,2,2,12,16,3,2,47,39,35.0,34.0,12.0,5.0,7.0,6.0,523,477,450.0,404.0,256,246,194,158,34.0,51.0,2.0,1.0,1.89,2.28,1.59,0.68,0.3,0.03,1.89,0.71,3.51,2.21,1,1,6,3,0,1,8,3,0,1,0.0752,0.5347,1.6584,1.597,0.0,0.0396,0.1558,0.0882,0.0,0.0243,12,4,0,1,0,1,3,1,0,2,1.5898,0.6537,0.0,0.0243,0.0,0.0202,0.2996,0.0088,0.0,1.5768,15,9,19.2,19.26
3561964,2021-10-27,usa,2021,MLS,,,546238,New York City FC,6397,Chicago Fire FC,1,1,0,43,57,19,9,4,5,9,4,6,0,2,1,11,5,8,4,6,5,1,0,0,0,32,12,18,14,1,1,0,0,2,2,18,18,20,13,0,6,13,22,5,3,52,65,37.0,55.0,15.0,10.0,6.0,19.0,387,519,307.0,430.0,138,271,169,159,30.0,38.0,4.0,3.0,1.86,0.53,0.76,0.27,0.31,0.26,1.07,0.53,1.31,0.45,1,1,8,1,2,3,6,4,2,0,0.1582,0.0959,1.2342,0.0255,0.0927,0.2887,0.3283,0.1198,0.0495,0.0,12,5,0,0,4,2,2,2,1,0,0.7627,0.268,0.0,0.0,0.1752,0.0649,0.1367,0.1969,0.7884,0.0,19,9,17.14,19.77
3561964,2021-10-27,usa,2021,MLS,,,6397,Chicago Fire FC,546238,New York City FC,0,0,1,57,43,9,19,5,4,4,9,0,6,1,2,5,11,4,8,5,6,0,1,0,0,12,32,14,18,1,1,0,0,2,2,18,18,13,20,6,0,22,13,3,5,65,52,55.0,37.0,10.0,15.0,19.0,6.0,519,387,430.0,307.0,271,138,159,169,38.0,30.0,3.0,4.0,0.53,1.86,0.27,0.76,0.26,0.31,0.53,1.07,0.45,1.31,1,1,1,8,3,2,4,6,0,2,0.0959,0.1582,0.0255,1.2342,0.2887,0.0927,0.1198,0.3283,0.0,0.0495,5,12,0,0,2,4,2,2,0,1,0.268,0.7627,0.0,0.0,0.0649,0.1752,0.1969,0.1367,0.0,0.7884,9,19,19.77,17.14
3561965,2021-10-27,usa,2021,MLS,,,6602,DC United,6514,New York Red Bulls,1,1,0,40,60,4,18,3,5,1,8,0,5,0,0,3,10,1,8,4,11,2,3,1,3,12,20,17,8,2,0,0,0,3,2,15,20,10,9,5,0,39,18,5,2,59,65,28.0,41.0,31.0,24.0,5.0,5.0,283,414,153.0,279.0,72,121,81,158,19.0,23.0,3.0,7.0,0.66,1.65,0.59,1.06,0.08,0.59,0.66,1.65,0.78,0.35,0,2,2,5,1,3,0,5,1,3,0.0,0.6452,0.2797,0.4411,0.3631,0.2156,0.0,0.2817,0.022,0.0814,2,11,0,0,2,3,0,4,0,0,0.5871,1.0758,0.0,0.0,0.0777,0.4902,0.0,0.099,0.0,0.0,4,18,14.0,17.13
3561965,2021-10-27,usa,2021,MLS,,,6514,New York Red Bulls,6602,DC United,0,0,1,60,40,18,4,5,3,8,1,5,0,0,0,10,3,8,1,11,4,3,2,3,1,20,12,8,17,0,2,0,0,2,3,20,15,9,10,0,5,18,39,2,5,65,59,41.0,28.0,24.0,31.0,5.0,5.0,414,283,279.0,153.0,121,72,158,81,23.0,19.0,7.0,3.0,1.65,0.66,1.06,0.59,0.59,0.08,1.65,0.66,0.35,0.78,2,0,5,2,3,1,5,0,3,1,0.6452,0.0,0.4411,0.2797,0.2156,0.3631,0.2817,0.0,0.0814,0.022,11,2,0,0,3,2,4,0,0,0,1.0758,0.5871,0.0,0.0,0.4902,0.0777,0.099,0.0,0.0,0.0,18,4,17.13,14.0
3561999,2021-10-27,usa,2021,MLS,,,56453,Toronto FC,191716,Philadelphia Union,1,2,2,60,40,15,15,3,4,6,6,6,5,0,1,12,10,3,5,6,4,1,4,1,2,43,24,9,14,1,1,0,0,1,0,11,12,8,11,5,6,14,19,2,2,44,35,28.0,27.0,16.0,8.0,4.0,7.0,662,442,572.0,345.0,224,144,348,201,20.0,36.0,3.0,6.0,1.02,1.88,0.78,1.68,0.24,0.2,1.02,1.88,0.58,1.78,0,1,6,7,6,2,3,3,0,2,0.0,0.3784,0.7319,1.2564,0.1667,0.0631,0.1229,0.0996,0.0,0.0863,13,11,0,0,1,3,1,1,0,0,0.7773,1.6838,0.0,0.0,0.0355,0.1015,0.2089,0.0986,0.0,0.0,15,15,16.17,15.83
3561999,2021-10-27,usa,2021,MLS,,,191716,Philadelphia Union,56453,Toronto FC,0,2,2,40,60,15,15,4,3,6,6,5,6,1,0,10,12,5,3,4,6,4,1,2,1,24,43,14,9,1,1,0,0,0,1,12,11,11,8,6,5,19,14,2,2,35,44,27.0,28.0,8.0,16.0,7.0,4.0,442,662,345.0,572.0,144,224,201,348,36.0,20.0,6.0,3.0,1.88,1.02,1.68,0.78,0.2,0.24,1.88,1.02,1.78,0.58,1,0,7,6,2,6,3,3,2,0,0.3784,0.0,1.2564,0.7319,0.0631,0.1667,0.0996,0.1229,0.0863,0.0,11,13,0,0,3,1,1,1,0,0,1.6838,0.7773,0.0,0.0,0.1015,0.0355,0.0986,0.2089,0.0,0.0,15,15,15.83,16.17
3561966,2021-10-28,usa,2021,MLS,,,6399,FC Dallas,6606,Real Salt Lake,1,1,2,45,55,23,15,6,6,11,6,6,3,0,2,14,10,9,5,7,9,2,2,1,1,32,22,13,11,1,0,0,0,1,2,19,19,12,8,3,6,27,15,4,5,59,53,41.0,40.0,18.0,13.0,12.0,9.0,377,437,285.0,348.0,145,130,140,218,17.0,27.0,9.0,10.0,1.29,1.06,0.89,0.94,0.4,0.13,1.29,1.06,0.98,1.79,0,0,9,7,5,3,7,1,2,4,0.0,0.0,0.7477,0.7273,0.2453,0.1565,0.2809,0.0605,0.0145,0.1206,14,11,1,0,8,3,0,1,0,0,0.8207,0.9386,0.0644,0.0,0.4032,0.0818,0.0,0.0445,0.0,0.0,23,15,17.08,15.28
3561966,2021-10-28,usa,2021,MLS,,,6606,Real Salt Lake,6399,FC Dallas,0,2,1,55,45,15,23,6,6,6,11,3,6,2,0,10,14,5,9,9,7,2,2,1,1,22,32,11,13,0,1,0,0,2,1,19,19,8,12,6,3,15,27,5,4,53,59,40.0,41.0,13.0,18.0,9.0,12.0,437,377,348.0,285.0,130,145,218,140,27.0,17.0,10.0,9.0,1.06,1.29,0.94,0.89,0.13,0.4,1.06,1.29,1.79,0.98,0,0,7,9,3,5,1,7,4,2,0.0,0.0,0.7273,0.7477,0.1565,0.2453,0.0605,0.2809,0.1206,0.0145,11,14,0,1,3,8,1,0,0,0,0.9386,0.8207,0.0,0.0644,0.0818,0.4032,0.0445,0.0,0.0,0.0,15,23,15.28,17.08
3561967,2021-10-28,usa,2021,MLS,,,6604,Sporting Kansas City,6637,LA Galaxy,1,2,0,50,50,10,9,2,2,5,3,3,4,1,0,8,4,2,5,10,5,0,1,0,1,25,14,10,9,1,0,0,0,3,2,18,15,17,8,4,3,12,18,2,0,42,37,33.0,31.0,9.0,6.0,6.0,6.0,482,495,421.0,428.0,256,246,165,182,26.0,21.0,1.0,2.0,0.54,0.68,0.43,0.49,0.11,0.19,0.54,0.68,0.45,0.5,0,0,4,2,4,2,1,3,1,2,0.0,0.0,0.2703,0.3115,0.1993,0.1613,0.0157,0.1065,0.056,0.0996,7,5,0,0,3,2,0,2,0,0,0.427,0.4924,0.0,0.0,0.1144,0.0571,0.0,0.1294,0.0,0.0,10,9,16.81,20.0
3561967,2021-10-28,usa,2021,MLS,,,6637,LA Galaxy,6604,Sporting Kansas City,0,0,2,50,50,9,10,2,2,3,5,4,3,0,1,4,8,5,2,5,10,1,0,1,0,14,25,9,10,0,1,0,0,2,3,15,18,8,17,3,4,18,12,0,2,37,42,31.0,33.0,6.0,9.0,6.0,6.0,495,482,428.0,421.0,246,256,182,165,21.0,26.0,2.0,1.0,0.68,0.54,0.49,0.43,0.19,0.11,0.68,0.54,0.5,0.45,0,0,2,4,2,4,3,1,2,1,0.0,0.0,0.3115,0.2703,0.1613,0.1993,0.1065,0.0157,0.0996,0.056,5,7,0,0,2,3,2,0,0,0,0.4924,0.427,0.0,0.0,0.0571,0.1144,0.1294,0.0,0.0,0.0,9,10,20.0,16.81
3561968,2021-10-28,usa,2021,MLS,,,307690,Portland Timbers,6603,San Jose Earthquakes,1,2,0,41,59,23,17,13,5,6,9,4,3,1,0,17,10,6,7,3,4,6,1,5,1,36,20,12,13,3,2,0,0,3,0,20,17,13,9,3,5,16,14,5,10,59,61,44.0,40.0,15.0,21.0,11.0,11.0,336,490,263.0,413.0,122,241,141,172,22.0,48.0,4.0,7.0,3.2,0.96,3.08,0.96,0.11,0.0,3.2,0.96,3.61,0.31,2,0,11,4,4,6,3,4,3,3,0.4894,0.0,2.5512,0.5952,0.2649,0.2085,0.1828,0.0721,0.0755,0.0797,20,17,0,0,0,0,3,0,0,0,3.4495,0.9554,0.0,0.0,0.0,0.0,0.1142,0.0,0.0,0.0,23,17,14.86,20.19
3561968,2021-10-28,usa,2021,MLS,,,6603,San Jose Earthquakes,307690,Portland Timbers,0,0,2,59,41,17,23,5,13,9,6,3,4,0,1,10,17,7,6,4,3,1,6,1,5,20,36,13,12,2,3,0,0,0,3,17,20,9,13,5,3,14,16,10,5,61,59,40.0,44.0,21.0,15.0,11.0,11.0,490,336,413.0,263.0,241,122,172,141,48.0,22.0,7.0,4.0,0.96,3.2,0.96,3.08,0.0,0.11,0.96,3.2,0.31,3.61,0,2,4,11,6,4,4,3,3,3,0.0,0.4894,0.5952,2.5512,0.2085,0.2649,0.0721,0.1828,0.0797,0.0755,17,20,0,0,0,0,0,3,0,0,0.9554,3.4495,0.0,0.0,0.0,0.0,0.0,0.1142,0.0,0.0,17,23,20.19,14.86
3562000,2021-10-28,usa,2021,MLS,,,307691,Vancouver Whitecaps,207242,Minnesota United,1,2,1,42,58,9,20,2,5,4,9,3,6,0,2,7,11,2,9,4,7,2,2,2,1,16,30,10,11,2,2,0,0,6,0,16,14,11,5,6,3,20,16,4,1,54,52,35.0,37.0,19.0,15.0,8.0,14.0,379,516,290.0,419.0,142,190,148,229,41.0,35.0,4.0,4.0,0.87,1.8,0.61,1.71,0.26,0.09,0.87,1.8,0.6,1.43,1,2,3,3,3,6,2,5,0,4,0.2102,0.8772,0.5279,0.2979,0.0641,0.5023,0.0663,0.1731,0.0,0.1194,7,17,0,0,2,1,0,2,0,0,0.6128,1.8794,0.0,0.0,0.2556,0.0569,0.0,0.0336,0.0,0.0,9,20,16.38,19.27
3562000,2021-10-28,usa,2021,MLS,,,207242,Minnesota United,307691,Vancouver Whitecaps,0,1,2,58,42,20,9,5,2,9,4,6,3,2,0,11,7,9,2,7,4,2,2,1,2,30,16,11,10,2,2,0,0,0,6,14,16,5,11,3,6,16,20,1,4,52,54,37.0,35.0,15.0,19.0,14.0,8.0,516,379,419.0,290.0,190,142,229,148,35.0,41.0,4.0,4.0,1.8,0.87,1.71,0.61,0.09,0.26,1.8,0.87,1.43,0.6,2,1,3,3,6,3,5,2,4,0,0.8772,0.2102,0.2979,0.5279,0.5023,0.0641,0.1731,0.0663,0.1194,0.0,17,7,0,0,1,2,2,0,0,0,1.8794,0.6128,0.0,0.0,0.0569,0.2556,0.0336,0.0,0.0,0.0,20,9,19.27,16.38
3561970,2021-10-30,usa,2021,MLS,,,6602,DC United,6001,Columbus Crew,1,1,3,44,56,10,18,3,9,4,7,3,2,0,1,5,14,5,4,2,6,2,4,1,2,17,21,21,12,2,1,0,0,2,0,14,9,11,7,2,3,13,17,6,2,52,55,34.0,38.0,18.0,17.0,8.0,8.0,366,473,267.0,379.0,130,205,137,174,20.0,43.0,2.0,7.0,0.95,2.57,0.95,1.69,0.0,0.09,0.95,1.78,1.1,2.25,0,2,1,7,4,5,3,2,2,2,0.0,0.3665,0.5907,1.7867,0.242,0.3322,0.0852,0.0583,0.0284,0.0262,10,14,0,0,0,1,0,2,0,1,0.9463,1.6906,0.0,0.0,0.0,0.0297,0.0,0.0613,0.0,0.7884,10,18,22.61,16.4
3561970,2021-10-30,usa,2021,MLS,,,6001,Columbus Crew,6602,DC United,0,3,1,56,44,18,10,9,3,7,4,2,3,1,0,14,5,4,5,6,2,4,2,2,1,21,17,12,21,1,2,0,0,0,2,9,14,7,11,3,2,17,13,2,6,55,52,38.0,34.0,17.0,18.0,8.0,8.0,473,366,379.0,267.0,205,130,174,137,43.0,20.0,7.0,2.0,2.57,0.95,1.69,0.95,0.09,0.0,1.78,0.95,2.25,1.1,2,0,7,1,5,4,2,3,2,2,0.3665,0.0,1.7867,0.5907,0.3322,0.242,0.0583,0.0852,0.0262,0.0284,14,10,0,0,1,0,2,0,1,0,1.6906,0.9463,0.0,0.0,0.0297,0.0,0.0613,0.0,0.7884,0.0,18,10,16.4,22.61
3561972,2021-10-30,usa,2021,MLS,,,6606,Real Salt Lake,6603,San Jose Earthquakes,1,3,4,60,40,18,15,9,6,4,7,5,2,0,0,12,6,6,9,0,10,4,3,1,0,35,19,13,20,1,4,0,0,0,2,23,16,4,7,2,5,10,13,2,6,66,53,54.0,37.0,12.0,16.0,11.0,9.0,453,287,361.0,196.0,176,124,185,72,37.0,24.0,2.0,5.0,1.81,2.22,1.75,1.92,0.06,0.3,1.81,2.22,3.9,3.04,0,4,11,1,1,1,5,4,1,5,0.0,1.5138,1.6208,0.4825,0.0205,0.0359,0.1744,0.0825,0.0155,0.1061,16,10,0,1,0,3,2,1,0,0,1.772,1.893,0.0,0.028,0.0,0.2622,0.0592,0.0375,0.0,0.0,18,15,18.22,19.95
3561972,2021-10-30,usa,2021,MLS,,,6603,San Jose Earthquakes,6606,Real Salt Lake,0,4,3,40,60,15,18,6,9,7,4,2,5,0,0,6,12,9,6,10,0,3,4,0,1,19,35,20,13,4,1,0,0,2,0,16,23,7,4,5,2,13,10,6,2,53,66,37.0,54.0,16.0,12.0,9.0,11.0,287,453,196.0,361.0,124,176,72,185,24.0,37.0,5.0,2.0,2.22,1.81,1.92,1.75,0.3,0.06,2.22,1.81,3.04,3.9,4,0,1,11,1,1,4,5,5,1,1.5138,0.0,0.4825,1.6208,0.0359,0.0205,0.0825,0.1744,0.1061,0.0155,10,16,1,0,3,0,1,2,0,0,1.893,1.772,0.028,0.0,0.2622,0.0,0.0375,0.0592,0.0,0.0,15,18,19.95,18.22
3562001,2021-10-30,usa,2021,MLS,,,6514,New York Red Bulls,161195,CF Montreal,1,1,0,36,64,15,7,5,1,7,5,3,1,1,0,8,4,7,3,2,7,3,1,2,1,17,15,18,7,1,0,0,0,1,0,22,10,16,8,1,3,16,20,1,4,54,53,31.0,40.0,23.0,13.0,3.0,14.0,350,622,230.0,499.0,110,337,120,162,23.0,33.0,5.0,4.0,1.25,0.81,1.14,0.74,0.1,0.07,1.25,0.81,2.07,0.23,2,0,4,3,2,1,7,2,0,1,0.3249,0.0,0.5606,0.6593,0.0998,0.0813,0.2612,0.0495,0.0,0.0219,13,6,0,0,1,1,1,0,0,0,1.144,0.7388,0.0,0.0,0.0274,0.0732,0.0752,0.0,0.0,0.0,15,7,18.39,17.99
3562001,2021-10-30,usa,2021,MLS,,,161195,CF Montreal,6514,New York Red Bulls,0,0,1,64,36,7,15,1,5,5,7,1,3,0,1,4,8,3,7,7,2,1,3,1,2,15,17,7,18,0,1,0,0,0,1,10,22,8,16,3,1,20,16,4,1,53,54,40.0,31.0,13.0,23.0,14.0,3.0,622,350,499.0,230.0,337,110,162,120,33.0,23.0,4.0,5.0,0.81,1.25,0.74,1.14,0.07,0.1,0.81,1.25,0.23,2.07,0,2,3,4,1,2,2,7,1,0,0.0,0.3249,0.6593,0.5606,0.0813,0.0998,0.0495,0.2612,0.0219,0.0,6,13,0,0,1,1,0,1,0,0,0.7388,1.144,0.0,0.0,0.0732,0.0274,0.0,0.0752,0.0,0.0,7,15,17.99,18.39
3562002,2021-10-30,usa,2021,MLS,,,960720,Inter Miami CF,546238,New York City FC,1,1,3,50,50,10,10,4,4,2,4,4,2,1,0,7,9,3,1,3,2,3,4,2,3,27,21,13,17,3,2,0,0,3,1,13,12,12,10,2,4,10,25,1,3,47,40,42.0,36.0,5.0,4.0,12.0,12.0,474,479,408.0,401.0,193,230,215,171,34.0,16.0,2.0,2.0,1.09,1.39,0.85,1.14,0.24,0.25,1.09,1.39,2.1,1.86,0,0,3,4,4,5,3,1,0,0,0.0,0.0,0.9232,1.0958,0.0704,0.2614,0.0948,0.0294,0.0,0.0,6,7,0,0,2,1,2,2,0,0,0.8509,1.1379,0.0,0.0,0.16,0.0157,0.0775,0.2329,0.0,0.0,10,10,19.01,14.87
3562002,2021-10-30,usa,2021,MLS,,,546238,New York City FC,960720,Inter Miami CF,0,3,1,50,50,10,10,4,4,4,2,2,4,0,1,9,7,1,3,2,3,4,3,3,2,21,27,17,13,2,3,0,0,1,3,12,13,10,12,4,2,25,10,3,1,40,47,36.0,42.0,4.0,5.0,12.0,12.0,479,474,401.0,408.0,230,193,171,215,16.0,34.0,2.0,2.0,1.39,1.09,1.14,0.85,0.25,0.24,1.39,1.09,1.86,2.1,0,0,4,3,5,4,1,3,0,0,0.0,0.0,1.0958,0.9232,0.2614,0.0704,0.0294,0.0948,0.0,0.0,7,6,0,0,1,2,2,2,0,0,1.1379,0.8509,0.0,0.0,0.0157,0.16,0.2329,0.0775,0.0,0.0,10,10,14.87,19.01
3562003,2021-10-30,usa,2021,MLS,,,773958,Atlanta United,56453,Toronto FC,1,1,1,58,42,19,11,4,8,7,2,8,1,0,0,10,5,9,6,8,1,4,1,3,0,31,10,11,7,1,2,0,0,2,1,9,20,4,12,1,7,7,14,7,3,34,43,26.0,35.0,8.0,8.0,11.0,4.0,591,424,517.0,345.0,267,157,250,188,24.0,25.0,4.0,1.0,1.78,0.95,1.74,0.36,0.04,0.59,1.78,0.95,1.81,1.64,1,0,6,4,3,1,6,3,3,3,0.2089,0.0,1.1634,0.6837,0.097,0.1204,0.253,0.0938,0.0561,0.0497,14,7,3,0,2,2,0,2,0,0,1.2195,0.3576,0.5174,0.0,0.0414,0.039,0.0,0.551,0.0,0.0,19,11,18.61,20.5
3562003,2021-10-30,usa,2021,MLS,,,56453,Toronto FC,773958,Atlanta United,0,1,1,42,58,11,19,8,4,2,7,1,8,0,0,5,10,6,9,1,8,1,4,0,3,10,31,7,11,2,1,0,0,1,2,20,9,12,4,7,1,14,7,3,7,43,34,35.0,26.0,8.0,8.0,4.0,11.0,424,591,345.0,517.0,157,267,188,250,25.0,24.0,1.0,4.0,0.95,1.78,0.36,1.74,0.59,0.04,0.95,1.78,1.64,1.81,0,1,4,6,1,3,3,6,3,3,0.0,0.2089,0.6837,1.1634,0.1204,0.097,0.0938,0.253,0.0497,0.0561,7,14,0,3,2,2,2,0,0,0,0.3576,1.2195,0.0,0.5174,0.039,0.0414,0.551,0.0,0.0,0.0,11,19,20.5,18.61
3561969,2021-10-31,usa,2021,MLS,,,191716,Philadelphia Union,722265,FC Cincinnati,1,2,0,51,49,20,7,7,2,10,3,3,2,1,0,12,2,8,5,5,3,4,0,4,0,44,9,11,14,0,0,0,0,3,0,11,15,11,9,2,1,6,22,2,5,40,41,31.0,34.0,9.0,7.0,7.0,8.0,497,477,433.0,404.0,174,241,259,163,31.0,44.0,8.0,3.0,2.31,0.47,1.74,0.43,0.57,0.04,2.31,0.47,2.12,0.24,4,0,6,1,2,1,5,4,3,1,1.4062,0.0,0.619,0.2312,0.122,0.0687,0.0999,0.1507,0.0626,0.0164,12,6,1,0,6,0,1,1,0,0,1.6476,0.4292,0.0881,0.0,0.5563,0.0,0.0178,0.0378,0.0,0.0,20,7,16.62,22.3
3561969,2021-10-31,usa,2021,MLS,,,722265,FC Cincinnati,191716,Philadelphia Union,0,0,2,49,51,7,20,2,7,3,10,2,3,0,1,2,12,5,8,3,5,0,4,0,4,9,44,14,11,0,0,0,0,0,3,15,11,9,11,1,2,22,6,5,2,41,40,34.0,31.0,7.0,9.0,8.0,7.0,477,497,404.0,433.0,241,174,163,259,44.0,31.0,3.0,8.0,0.47,2.31,0.43,1.74,0.04,0.57,0.47,2.31,0.24,2.12,0,4,1,6,1,2,4,5,1,3,0.0,1.4062,0.2312,0.619,0.0687,0.122,0.1507,0.0999,0.0164,0.0626,6,12,0,1,0,6,1,1,0,0,0.4292,1.6476,0.0,0.0881,0.0,0.5563,0.0378,0.0178,0.0,0.0,7,20,22.3,16.62
3561971,2021-10-31,usa,2021,MLS,,,6399,FC Dallas,1218886,Austin FC,1,2,1,51,49,10,10,3,3,4,3,3,4,0,0,7,3,3,7,8,3,1,0,0,0,18,12,17,11,2,3,0,1,4,0,13,7,10,7,3,3,14,11,2,1,39,43,29.0,28.0,10.0,15.0,7.0,8.0,452,430,385.0,360.0,215,188,170,172,24.0,34.0,3.0,4.0,1.53,0.45,1.42,0.43,0.11,0.02,1.53,0.45,1.3,0.78,1,2,5,1,1,0,1,3,2,4,0.8624,0.1877,0.4573,0.0754,0.0422,0.0,0.1028,0.0986,0.0688,0.089,7,9,1,0,0,1,2,0,0,0,1.3785,0.4258,0.0422,0.0,0.0,0.0249,0.1129,0.0,0.0,0.0,10,10,16.17,20.78
3561971,2021-10-31,usa,2021,MLS,,,1218886,Austin FC,6399,FC Dallas,0,1,2,49,51,10,10,3,3,3,4,4,3,0,0,3,7,7,3,3,8,0,1,0,0,12,18,11,17,3,2,1,0,0,4,7,13,7,10,3,3,11,14,1,2,43,39,28.0,29.0,15.0,10.0,8.0,7.0,430,452,360.0,385.0,188,215,172,170,34.0,24.0,4.0,3.0,0.45,1.53,0.43,1.42,0.02,0.11,0.45,1.53,0.78,1.3,2,1,1,5,0,1,3,1,4,2,0.1877,0.8624,0.0754,0.4573,0.0,0.0422,0.0986,0.1028,0.089,0.0688,9,7,0,1,1,0,0,2,0,0,0.4258,1.3785,0.0,0.0422,0.0249,0.0,0.0,0.1129,0.0,0.0,10,10,20.78,16.17
3561973,2021-10-31,usa,2021,MLS,,,207242,Minnesota United,6604,Sporting Kansas City,1,2,1,54,46,15,4,5,2,7,2,3,0,0,0,10,2,5,2,9,2,2,1,1,0,27,17,17,12,2,3,0,0,2,0,29,25,4,9,0,2,13,20,1,3,55,65,47.0,53.0,8.0,12.0,7.0,11.0,475,413,384.0,327.0,176,169,208,158,23.0,41.0,5.0,2.0,1.7,0.45,0.71,0.03,0.2,0.42,0.91,0.45,1.75,1.18,1,1,7,1,2,0,5,1,0,1,0.0453,0.295,1.4711,0.1296,0.0464,0.0,0.1348,0.0138,0.0,0.0146,10,2,0,0,4,1,0,1,1,0,0.7129,0.0283,0.0,0.0,0.1963,0.295,0.0,0.1296,0.7884,0.0,15,4,16.38,16.17
3561973,2021-10-31,usa,2021,MLS,,,6604,Sporting Kansas City,207242,Minnesota United,0,1,2,46,54,4,15,2,5,2,7,0,3,0,0,2,10,2,5,2,9,1,2,0,1,17,27,12,17,3,2,0,0,0,2,25,29,9,4,2,0,20,13,3,1,65,55,53.0,47.0,12.0,8.0,11.0,7.0,413,475,327.0,384.0,169,176,158,208,41.0,23.0,2.0,5.0,0.45,1.7,0.03,0.71,0.42,0.2,0.45,0.91,1.18,1.75,1,1,1,7,0,2,1,5,1,0,0.295,0.0453,0.1296,1.4711,0.0,0.0464,0.0138,0.1348,0.0146,0.0,2,10,0,0,1,4,1,0,0,1,0.0283,0.7129,0.0,0.0,0.295,0.1963,0.1296,0.0,0.0,0.7884,4,15,16.17,16.38
3561975,2021-10-31,usa,2021,MLS,,,8259,Houston Dynamo FC,8314,Colorado Rapids,1,0,1,60,40,12,10,6,6,4,2,2,2,0,0,5,5,7,5,7,4,0,0,0,0,12,13,11,10,3,3,0,0,1,2,18,23,6,8,2,2,12,23,5,6,52,52,37.0,42.0,15.0,10.0,10.0,9.0,559,369,484.0,293.0,273,151,211,142,21.0,30.0,3.0,2.0,0.42,0.29,0.31,0.28,0.11,0.01,0.42,0.29,0.81,0.99,0,0,4,1,1,4,2,2,5,3,0.0,0.0,0.2224,0.0502,0.0306,0.1279,0.029,0.0534,0.1389,0.0576,9,9,0,0,2,1,1,0,0,0,0.3104,0.2808,0.0,0.0,0.0739,0.0083,0.0366,0.0,0.0,0.0,12,10,22.19,21.04
3561975,2021-10-31,usa,2021,MLS,,,8314,Colorado Rapids,8259,Houston Dynamo FC,0,1,0,40,60,10,12,6,6,2,4,2,2,0,0,5,5,5,7,4,7,0,0,0,0,13,12,10,11,3,3,0,0,2,1,23,18,8,6,2,2,23,12,6,5,52,52,42.0,37.0,10.0,15.0,9.0,10.0,369,559,293.0,484.0,151,273,142,211,30.0,21.0,2.0,3.0,0.29,0.42,0.28,0.31,0.01,0.11,0.29,0.42,0.99,0.81,0,0,1,4,4,1,2,2,3,5,0.0,0.0,0.0502,0.2224,0.1279,0.0306,0.0534,0.029,0.0576,0.1389,9,9,0,0,1,2,0,1,0,0,0.2808,0.3104,0.0,0.0,0.0083,0.0739,0.0,0.0366,0.0,0.0,10,12,21.04,22.19
3561976,2021-10-31,usa,2021,MLS,,,267810,Orlando City,915807,Nashville SC,1,1,1,55,45,14,14,2,7,9,5,3,2,2,0,8,7,6,7,2,7,1,0,0,0,29,13,15,13,2,2,0,0,1,1,8,16,11,7,2,3,8,23,7,1,46,48,32.0,34.0,14.0,14.0,11.0,4.0,521,426,455.0,364.0,259,207,196,157,20.0,19.0,5.0,3.0,0.77,0.9,0.49,0.54,0.28,0.36,0.77,0.9,0.79,0.68,0,0,6,6,2,1,5,5,1,2,0.0,0.0,0.5475,0.5328,0.0324,0.094,0.1721,0.2122,0.0164,0.0564,9,10,0,0,2,3,3,1,0,0,0.4894,0.5388,0.0,0.0,0.1369,0.35,0.1421,0.0065,0.0,0.0,14,14,19.28,18.89
3561976,2021-10-31,usa,2021,MLS,,,915807,Nashville SC,267810,Orlando City,0,1,1,45,55,14,14,7,2,5,9,2,3,0,2,7,8,7,6,7,2,0,1,0,0,13,29,13,15,2,2,0,0,1,1,16,8,7,11,3,2,23,8,1,7,48,46,34.0,32.0,14.0,14.0,4.0,11.0,426,521,364.0,455.0,207,259,157,196,19.0,20.0,3.0,5.0,0.9,0.77,0.54,0.49,0.36,0.28,0.9,0.77,0.68,0.79,0,0,6,6,1,2,5,5,2,1,0.0,0.0,0.5328,0.5475,0.094,0.0324,0.2122,0.1721,0.0564,0.0164,10,9,0,0,3,2,1,3,0,0,0.5388,0.4894,0.0,0.0,0.35,0.1369,0.0065,0.1421,0.0,0.0,14,14,18.89,19.28
3561977,2021-11-02,usa,2021,MLS,,,130394,Seattle Sounders FC,6637,LA Galaxy,1,1,1,51,49,11,9,3,4,6,3,2,2,3,0,7,4,4,5,5,5,1,2,0,1,23,10,11,17,1,3,0,0,1,1,17,16,11,13,2,2,10,13,3,2,45,43,37.0,35.0,8.0,8.0,3.0,9.0,480,463,402.0,384.0,215,203,187,181,22.0,30.0,8.0,3.0,1.35,1.11,0.29,0.14,0.27,0.97,0.56,1.11,0.92,2.21,2,3,5,1,0,0,4,3,0,2,0.1904,0.9917,0.9996,0.0571,0.0,0.0,0.155,0.0522,0.0,0.0328,5,6,0,0,2,3,3,0,1,0,0.2891,0.1421,0.0,0.0,0.125,0.9917,0.1425,0.0,0.7884,0.0,11,9,15.6,18.42
3561977,2021-11-02,usa,2021,MLS,,,6637,LA Galaxy,130394,Seattle Sounders FC,0,1,1,49,51,9,11,4,3,3,6,2,2,0,3,4,7,5,4,5,5,2,1,1,0,10,23,17,11,3,1,0,0,1,1,16,17,13,11,2,2,13,10,2,3,43,45,35.0,37.0,8.0,8.0,9.0,3.0,463,480,384.0,402.0,203,215,181,187,30.0,22.0,3.0,8.0,1.11,1.35,0.14,0.29,0.97,0.27,1.11,0.56,2.21,0.92,3,2,1,5,0,0,3,4,2,0,0.9917,0.1904,0.0571,0.9996,0.0,0.0,0.0522,0.155,0.0328,0.0,6,5,0,0,3,2,0,3,0,1,0.1421,0.2891,0.0,0.0,0.9917,0.125,0.0,0.1425,0.0,0.7884,9,11,18.42,15.6
3561978,2021-11-03,usa,2021,MLS,,,6514,New York Red Bulls,773958,Atlanta United,1,0,0,57,43,15,2,3,1,5,1,7,0,1,0,9,1,6,1,12,1,1,0,1,0,27,7,17,4,2,2,0,0,3,2,20,17,30,19,0,6,9,43,1,3,60,62,36.0,38.0,24.0,24.0,12.0,5.0,410,334,295.0,209.0,98,149,197,60,21.0,28.0,5.0,2.0,1.11,0.15,1.0,0.13,0.11,0.02,1.11,0.15,0.65,0.07,1,0,6,1,2,0,6,1,0,0,0.2799,0.0,0.5946,0.1335,0.1162,0.0,0.1234,0.0167,0.0,0.0,10,1,1,0,3,1,1,0,0,0,0.6115,0.1335,0.3927,0.0,0.0843,0.0167,0.0256,0.0,0.0,0.0,15,2,18.03,20.82
3561978,2021-11-03,usa,2021,MLS,,,773958,Atlanta United,6514,New York Red Bulls,0,0,0,43,57,2,15,1,3,1,5,0,7,0,1,1,9,1,6,1,12,0,1,0,1,7,27,4,17,2,2,0,0,2,3,17,20,19,30,6,0,43,9,3,1,62,60,38.0,36.0,24.0,24.0,5.0,12.0,334,410,209.0,295.0,149,98,60,197,28.0,21.0,2.0,5.0,0.15,1.11,0.13,1.0,0.02,0.11,0.15,1.11,0.07,0.65,0,1,1,6,0,2,1,6,0,0,0.0,0.2799,0.1335,0.5946,0.0,0.1162,0.0167,0.1234,0.0,0.0,1,10,0,1,1,3,0,1,0,0,0.1335,0.6115,0.0,0.3927,0.0167,0.0843,0.0,0.0256,0.0,0.0,2,15,20.82,18.03
3562004,2021-11-03,usa,2021,MLS,,,867280,Los Angeles FC,307691,Vancouver Whitecaps,1,1,1,53,47,26,5,11,2,7,3,8,0,1,0,19,5,7,0,6,5,3,2,2,1,46,15,12,7,1,1,0,0,1,2,8,28,8,5,0,8,20,26,1,10,53,63,29.0,46.0,24.0,17.0,15.0,9.0,446,392,352.0,297.0,146,146,206,151,27.0,24.0,5.0,3.0,2.73,0.72,1.36,0.6,1.37,0.12,2.73,0.72,2.5,1.04,4,1,9,4,6,0,4,0,3,0,1.3816,0.0833,0.8245,0.6387,0.2507,0.0,0.1624,0.0,0.1091,0.0,18,3,0,0,6,2,2,0,0,0,1.3581,0.5975,0.0,0.0,1.288,0.1245,0.0822,0.0,0.0,0.0,26,5,14.92,10.44
3562004,2021-11-03,usa,2021,MLS,,,307691,Vancouver Whitecaps,867280,Los Angeles FC,0,1,1,47,53,5,26,2,11,3,7,0,8,0,1,5,19,0,7,5,6,2,3,1,2,15,46,7,12,1,1,0,0,2,1,28,8,5,8,8,0,26,20,10,1,63,53,46.0,29.0,17.0,24.0,9.0,15.0,392,446,297.0,352.0,146,146,151,206,24.0,27.0,3.0,5.0,0.72,2.73,0.6,1.36,0.12,1.37,0.72,2.73,1.04,2.5,1,4,4,9,0,6,0,4,0,3,0.0833,1.3816,0.6387,0.8245,0.0,0.2507,0.0,0.1624,0.0,0.1091,3,18,0,0,2,6,0,2,0,0,0.5975,1.3581,0.0,0.0,0.1245,1.288,0.0,0.0822,0.0,0.0,5,26,10.44,14.92
3562005,2021-11-03,usa,2021,MLS,,,161195,CF Montreal,8259,Houston Dynamo FC,1,2,0,50,50,11,7,6,3,,,,,,,,,,,7,5,,,,,,,,,,,,,,,,,,,,,,,,,,,,,,,,,,,,,,,,,,,,,,,,,,,,,,,1,0,5,2,1,4,5,2,4,1,0.227,0.0,0.5666,0.3449,0.0301,0.1626,0.112,0.1072,0.0965,0.0447,10,5,0,1,4,1,2,2,0,0,0.5047,0.2921,0.0,0.0255,0.478,0.2484,0.0496,0.0936,0.0,0.0,16,9,19.61,18.94
3562005,2021-11-03,usa,2021,MLS,,,8259,Houston Dynamo FC,161195,CF Montreal,0,0,2,50,50,7,11,3,6,,,,,,,,,,,5,7,,,,,,,,,,,,,,,,,,,,,,,,,,,,,,,,,,,,,,,,,,,,,,,,,,,,,,,0,1,2,5,4,1,2,5,1,4,0.0,0.227,0.3449,0.5666,0.1626,0.0301,0.1072,0.112,0.0447,0.0965,5,10,1,0,1,4,2,2,0,0,0.2921,0.5047,0.0255,0.0,0.2484,0.478,0.0936,0.0496,0.0,0.0,9,16,18.94,19.61
3561979,2021-11-04,usa,2021,MLS,,,1218886,Austin FC,6604,Sporting Kansas City,1,3,1,38,62,13,13,5,4,3,6,5,3,1,0,7,4,6,9,4,6,4,0,1,0,17,21,12,11,1,1,0,0,6,0,15,12,11,12,3,5,34,5,3,2,41,53,34.0,37.0,7.0,16.0,9.0,13.0,341,543,255.0,448.0,165,199,90,249,31.0,30.0,4.0,6.0,1.91,0.52,1.74,0.42,0.16,0.1,1.91,0.52,2.87,0.29,1,0,2,3,4,1,3,7,3,2,0.8624,0.0,0.3678,0.201,0.479,0.0527,0.086,0.2431,0.1101,0.0199,8,11,2,0,1,0,2,2,0,0,1.1016,0.4212,0.6403,0.0,0.0521,0.0,0.1113,0.0954,0.0,0.0,13,13,18.14,21.16
3561979,2021-11-04,usa,2021,MLS,,,6604,Sporting Kansas City,1218886,Austin FC,0,1,3,62,38,13,13,4,5,6,3,3,5,0,1,4,7,9,6,6,4,0,4,0,1,21,17,11,12,1,1,0,0,0,6,12,15,12,11,5,3,5,34,2,3,53,41,37.0,34.0,16.0,7.0,13.0,9.0,543,341,448.0,255.0,199,165,249,90,30.0,31.0,6.0,4.0,0.52,1.91,0.42,1.74,0.1,0.16,0.52,1.91,0.29,2.87,0,1,3,2,1,4,7,3,2,3,0.0,0.8624,0.201,0.3678,0.0527,0.479,0.2431,0.086,0.0199,0.1101,11,8,0,2,0,1,2,2,0,0,0.4212,1.1016,0.0,0.6403,0.0,0.0521,0.0954,0.1113,0.0,0.0,13,13,21.16,18.14
3561980,2021-11-04,usa,2021,MLS,,,6606,Real Salt Lake,307690,Portland Timbers,1,1,3,66,34,20,12,7,3,10,8,3,1,1,2,11,9,9,3,4,5,5,3,4,1,33,21,7,15,1,2,0,0,2,0,13,17,12,15,1,4,10,35,1,4,59,45,44.0,31.0,15.0,14.0,17.0,7.0,565,301,480.0,209.0,156,118,324,91,29.0,28.0,9.0,5.0,2.34,1.81,1.29,1.33,0.26,0.49,1.55,1.81,1.83,1.33,0,1,9,5,2,3,7,0,2,3,0.0,0.2291,1.9503,1.1792,0.1592,0.0767,0.2021,0.0,0.0532,0.0803,17,7,0,1,1,3,1,1,1,0,1.3159,0.5325,0.0,0.7434,0.2349,0.249,0.0257,0.0404,0.7884,0.0,20,12,17.68,16.0
3561980,2021-11-04,usa,2021,MLS,,,307690,Portland Timbers,6606,Real Salt Lake,0,3,1,34,66,12,20,3,7,8,10,1,3,2,1,9,11,3,9,5,4,3,5,1,4,21,33,15,7,2,1,0,0,0,2,17,13,15,12,4,1,35,10,4,1,45,59,31.0,44.0,14.0,15.0,7.0,17.0,301,565,209.0,480.0,118,156,91,324,28.0,29.0,5.0,9.0,1.81,2.34,1.33,1.29,0.49,0.26,1.81,1.55,1.33,1.83,1,0,5,9,3,2,0,7,3,2,0.2291,0.0,1.1792,1.9503,0.0767,0.1592,0.0,0.2021,0.0803,0.0532,7,17,1,0,3,1,1,1,0,1,0.5325,1.3159,0.7434,0.0,0.249,0.2349,0.0404,0.0257,0.0,0.7884,12,20,16.0,17.68
3561981,2021-11-07,usa,2021,MLS,,,722265,FC Cincinnati,773958,Atlanta United,1,1,2,39,61,9,18,3,4,4,11,2,3,0,1,5,12,4,6,5,9,1,4,1,4,19,42,13,12,2,2,0,0,2,2,16,14,11,3,3,2,28,12,2,2,34,52,29.0,45.0,5.0,7.0,2.0,18.0,327,524,265.0,456.0,160,175,105,281,34.0,25.0,5.0,11.0,0.53,2.37,0.44,1.49,0.1,0.88,0.53,2.37,0.78,1.13,0,2,3,9,2,1,3,5,1,1,0.0,0.5696,0.2886,1.4531,0.0463,0.0645,0.1789,0.2608,0.0187,0.0328,7,12,0,0,2,4,0,2,0,0,0.4351,1.525,0.0,0.0,0.0974,0.497,0.0,0.3588,0.0,0.0,9,18,17.65,14.04
3561981,2021-11-07,usa,2021,MLS,,,773958,Atlanta United,722265,FC Cincinnati,0,2,1,61,39,18,9,4,3,11,4,3,2,1,0,12,5,6,4,9,5,4,1,4,1,42,19,12,13,2,2,0,0,2,2,14,16,3,11,2,3,12,28,2,2,52,34,45.0,29.0,7.0,5.0,18.0,2.0,524,327,456.0,265.0,175,160,281,105,25.0,34.0,11.0,5.0,2.37,0.53,1.49,0.44,0.88,0.1,2.37,0.53,1.13,0.78,2,0,9,3,1,2,5,3,1,1,0.5696,0.0,1.4531,0.2886,0.0645,0.0463,0.2608,0.1789,0.0328,0.0187,12,7,0,0,4,2,2,0,0,0,1.525,0.4351,0.0,0.0,0.497,0.0974,0.3588,0.0,0.0,0.0,18,9,14.04,17.65
3561982,2021-11-07,usa,2021,MLS,,,6001,Columbus Crew,6397,Chicago Fire FC,1,2,0,52,48,29,14,10,3,12,7,7,4,1,1,22,5,7,9,9,4,6,0,4,0,50,19,2,19,0,4,0,0,0,2,25,20,9,10,4,6,15,26,3,8,60,36,55.0,26.0,5.0,10.0,13.0,4.0,507,496,429.0,418.0,223,187,206,231,36.0,21.0,12.0,1.0,3.53,0.67,2.61,0.52,0.92,0.15,3.53,0.67,3.59,0.46,3,0,14,3,5,2,5,7,2,2,0.651,0.0,2.1723,0.1562,0.4291,0.0952,0.3034,0.1765,0.0484,0.0713,19,11,0,0,5,2,5,1,0,0,2.6886,0.3806,0.0,0.0,0.1273,0.0388,0.7884,0.0797,0.0,0.0,29,14,14.77,21.64
3561982,2021-11-07,usa,2021,MLS,,,6397,Chicago Fire FC,6001,Columbus Crew,0,0,2,48,52,14,29,3,10,7,12,4,7,1,1,5,22,9,7,4,9,0,6,0,4,19,50,19,2,4,0,0,0,2,0,20,25,10,9,6,4,26,15,8,3,36,60,26.0,55.0,10.0,5.0,4.0,13.0,496,507,418.0,429.0,187,223,231,206,21.0,36.0,1.0,12.0,0.67,3.53,0.52,2.61,0.15,0.92,0.67,3.53,0.46,3.59,0,3,3,14,2,5,7,5,2,2,0.0,0.651,0.1562,2.1723,0.0952,0.4291,0.1765,0.3034,0.0713,0.0484,11,19,0,0,2,5,1,5,0,0,0.3806,2.6886,0.0,0.0,0.0388,0.1273,0.0797,0.7884,0.0,0.0,14,29,21.64,14.77
3561983,2021-11-07,usa,2021,MLS,,,915807,Nashville SC,6514,New York Red Bulls,1,1,1,60,40,11,14,4,5,7,6,0,3,0,1,9,9,2,5,3,5,2,1,2,0,22,19,11,19,1,2,0,0,3,0,13,25,9,12,3,0,16,16,4,3,67,70,41.0,46.0,26.0,24.0,9.0,10.0,444,294,326.0,190.0,207,61,119,129,28.0,16.0,4.0,8.0,0.75,1.63,0.53,1.57,0.22,0.06,0.75,1.63,0.61,1.55,0,1,6,5,3,3,1,5,1,0,0.0,0.726,0.5353,0.5252,0.1626,0.1772,0.0261,0.2006,0.0336,0.0,7,10,0,2,2,1,2,1,0,0,0.5419,1.333,0.0,0.236,0.156,0.0468,0.0598,0.0134,0.0,0.0,11,14,14.5,16.73
3561983,2021-11-07,usa,2021,MLS,,,6514,New York Red Bulls,915807,Nashville SC,0,1,1,40,60,14,11,5,4,6,7,3,0,1,0,9,9,5,2,5,3,1,2,0,2,19,22,19,11,2,1,0,0,0,3,25,13,12,9,0,3,16,16,3,4,70,67,46.0,41.0,24.0,26.0,10.0,9.0,294,444,190.0,326.0,61,207,129,119,16.0,28.0,8.0,4.0,1.63,0.75,1.57,0.53,0.06,0.22,1.63,0.75,1.55,0.61,1,0,5,6,3,3,5,1,0,1,0.726,0.0,0.5252,0.5353,0.1772,0.1626,0.2006,0.0261,0.0,0.0336,10,7,2,0,1,2,1,2,0,0,1.333,0.5419,0.236,0.0,0.0468,0.156,0.0134,0.0598,0.0,0.0,14,11,16.73,14.5
3561984,2021-11-07,usa,2021,MLS,,,6580,New England Revolution,960720,Inter Miami CF,1,0,1,65,35,16,7,3,4,9,3,4,0,1,0,12,5,4,2,10,2,4,1,4,1,43,15,8,12,1,3,0,0,2,0,17,19,13,11,0,4,7,32,3,3,52,41,45.0,31.0,7.0,10.0,16.0,5.0,563,311,495.0,230.0,209,121,286,109,45.0,24.0,10.0,3.0,1.65,0.33,0.98,0.18,0.67,0.14,1.65,0.33,0.27,1.53,2,0,5,4,5,1,3,1,1,1,0.3951,0.0,0.8067,0.2618,0.2638,0.0221,0.1264,0.02,0.0547,0.022,10,4,0,1,2,1,4,1,0,0,0.9763,0.1627,0.0,0.0221,0.0414,0.0362,0.6289,0.105,0.0,0.0,16,7,15.9,15.26
3561984,2021-11-07,usa,2021,MLS,,,960720,Inter Miami CF,6580,New England Revolution,0,1,0,35,65,7,16,4,3,3,9,0,4,0,1,5,12,2,4,2,10,1,4,1,4,15,43,12,8,3,1,0,0,0,2,19,17,11,13,4,0,32,7,3,3,41,52,31.0,45.0,10.0,7.0,5.0,16.0,311,563,230.0,495.0,121,209,109,286,24.0,45.0,3.0,10.0,0.33,1.65,0.18,0.98,0.14,0.67,0.33,1.65,1.53,0.27,0,2,4,5,1,5,1,3,1,1,0.0,0.3951,0.2618,0.8067,0.0221,0.2638,0.02,0.1264,0.022,0.0547,4,10,1,0,1,2,1,4,0,0,0.1627,0.9763,0.0221,0.0,0.0362,0.0414,0.105,0.6289,0.0,0.0,7,16,15.26,15.9
3561985,2021-11-07,usa,2021,MLS,,,546238,New York City FC,191716,Philadelphia Union,1,1,1,45,55,10,11,3,4,6,3,1,4,0,0,6,7,4,4,4,0,0,1,0,0,14,23,12,14,1,4,1,0,1,2,16,21,8,14,4,1,15,11,3,2,57,55,40.0,44.0,17.0,11.0,10.0,11.0,393,474,291.0,365.0,169,149,122,216,40.0,39.0,5.0,5.0,0.52,1.52,0.21,1.52,0.31,0.0,0.52,1.52,1.12,1.3,2,1,3,2,1,4,3,3,1,1,0.19,0.7354,0.2161,0.3284,0.038,0.1968,0.066,0.2448,0.0094,0.0155,4,11,0,0,4,0,2,0,0,0,0.2119,1.521,0.0,0.0,0.1376,0.0,0.17,0.0,0.0,0.0,10,11,16.72,16.27
3561985,2021-11-07,usa,2021,MLS,,,191716,Philadelphia Union,546238,New York City FC,0,1,1,55,45,11,10,4,3,3,6,4,1,0,0,7,6,4,4,0,4,1,0,0,0,23,14,14,12,4,1,0,1,2,1,21,16,14,8,1,4,11,15,2,3,55,57,44.0,40.0,11.0,17.0,11.0,10.0,474,393,365.0,291.0,149,169,216,122,39.0,40.0,5.0,5.0,1.52,0.52,1.52,0.21,0.0,0.31,1.52,0.52,1.3,1.12,1,2,2,3,4,1,3,3,1,1,0.7354,0.19,0.3284,0.2161,0.1968,0.038,0.2448,0.066,0.0155,0.0094,11,4,0,0,0,4,0,2,0,0,1.521,0.2119,0.0,0.0,0.0,0.1376,0.0,0.17,0.0,0.0,11,10,16.27,16.72
3561986,2021-11-07,usa,2021,MLS,,,8314,Colorado Rapids,867280,Los Angeles FC,1,5,2,38,62,18,20,9,4,7,9,2,7,2,2,12,12,6,8,6,10,6,3,3,2,19,35,9,13,2,1,0,0,5,0,18,13,11,4,6,2,24,7,2,4,53,40,43.0,31.0,10.0,9.0,13.0,10.0,311,486,237.0,417.0,139,188,98,229,38.0,8.0,6.0,5.0,3.16,1.52,2.72,0.9,0.44,0.63,3.16,1.52,4.17,0.93,4,1,7,7,1,4,4,7,2,1,1.7195,0.1104,1.1288,0.8094,0.0158,0.2029,0.2733,0.3922,0.0235,0.0087,12,12,0,0,5,5,1,3,0,0,2.7182,0.8968,0.0,0.0,0.4245,0.3647,0.0182,0.262,0.0,0.0,18,20,14.68,17.45
3561986,2021-11-07,usa,2021,MLS,,,867280,Los Angeles FC,8314,Colorado Rapids,0,2,5,62,38,20,18,4,9,9,7,7,2,2,2,12,12,8,6,10,6,3,6,2,3,35,19,13,9,1,2,0,0,0,5,13,18,4,11,2,6,7,24,4,2,40,53,31.0,43.0,9.0,10.0,10.0,13.0,486,311,417.0,237.0,188,139,229,98,8.0,38.0,5.0,6.0,1.52,3.16,0.9,2.72,0.63,0.44,1.52,3.16,0.93,4.17,1,4,7,7,4,1,7,4,1,2,0.1104,1.7195,0.8094,1.1288,0.2029,0.0158,0.3922,0.2733,0.0087,0.0235,12,12,0,0,5,5,3,1,0,0,0.8968,2.7182,0.0,0.0,0.3647,0.4245,0.262,0.0182,0.0,0.0,20,18,17.45,14.68
3561987,2021-11-07,usa,2021,MLS,,,6637,LA Galaxy,207242,Minnesota United,1,3,3,59,41,16,21,10,3,3,10,3,8,0,1,13,11,3,10,5,7,2,3,1,1,25,23,13,9,1,2,0,0,1,1,15,16,6,5,7,3,17,15,1,7,35,44,30.0,39.0,5.0,5.0,7.0,11.0,553,385,473.0,301.0,272,118,201,183,18.0,26.0,4.0,5.0,2.06,2.59,1.68,1.26,0.38,0.54,2.06,1.8,2.84,1.8,3,2,9,5,1,4,3,9,0,1,0.8259,0.4252,1.0976,1.2291,0.0661,0.6291,0.0697,0.3144,0.0,0.0142,12,11,1,3,2,6,1,0,0,1,1.5376,0.6949,0.1409,0.5855,0.368,0.5431,0.0128,0.0,0.0,0.7884,16,21,13.34,18.16
3561987,2021-11-07,usa,2021,MLS,,,207242,Minnesota United,6637,LA Galaxy,0,3,3,41,59,21,16,3,10,10,3,8,3,1,0,11,13,10,3,7,5,3,2,1,1,23,25,9,13,2,1,0,0,1,1,16,15,5,6,3,7,15,17,7,1,44,35,39.0,30.0,5.0,5.0,11.0,7.0,385,553,301.0,473.0,118,272,183,201,26.0,18.0,5.0,4.0,2.59,2.06,1.26,1.68,0.54,0.38,1.8,2.06,1.8,2.84,2,3,5,9,4,1,9,3,1,0,0.4252,0.8259,1.2291,1.0976,0.6291,0.0661,0.3144,0.0697,0.0142,0.0,11,12,3,1,6,2,0,1,1,0,0.6949,1.5376,0.5855,0.1409,0.5431,0.368,0.0,0.0128,0.7884,0.0,21,16,18.16,13.34
3561988,2021-11-07,usa,2021,MLS,,,307690,Portland Timbers,1218886,Austin FC,1,3,0,39,61,22,6,9,4,8,1,5,1,1,0,15,4,7,2,5,6,5,1,2,1,35,19,9,9,0,1,0,0,0,2,14,12,14,10,1,6,20,13,4,5,44,38,33.0,31.0,11.0,7.0,11.0,11.0,410,644,344.0,579.0,187,219,157,360,33.0,35.0,7.0,3.0,3.79,0.35,3.68,0.32,0.12,0.03,3.79,0.35,4.49,0.56,3,1,9,2,3,1,5,0,2,2,2.0556,0.1611,1.5131,0.1153,0.165,0.0337,0.2036,0.0,0.0565,0.0415,18,5,2,0,2,1,0,0,0,0,3.5463,0.3204,0.3325,0.0,0.115,0.0311,0.0,0.0,0.0,0.0,22,6,14.92,17.1
3561988,2021-11-07,usa,2021,MLS,,,1218886,Austin FC,307690,Portland Timbers,0,0,3,61,39,6,22,4,9,1,8,1,5,0,1,4,15,2,7,6,5,1,5,1,2,19,35,9,9,1,0,0,0,2,0,12,14,10,14,6,1,13,20,5,4,38,44,31.0,33.0,7.0,11.0,11.0,11.0,644,410,579.0,344.0,219,187,360,157,35.0,33.0,3.0,7.0,0.35,3.79,0.32,3.68,0.03,0.12,0.35,3.79,0.56,4.49,1,3,2,9,1,3,0,5,2,2,0.1611,2.0556,0.1153,1.5131,0.0337,0.165,0.0,0.2036,0.0415,0.0565,5,18,0,2,1,2,0,0,0,0,0.3204,3.5463,0.0,0.3325,0.0311,0.115,0.0,0.0,0.0,0.0,6,22,17.1,14.92
3561989,2021-11-07,usa,2021,MLS,,,6603,San Jose Earthquakes,6399,FC Dallas,1,1,1,60,40,28,7,7,1,9,4,12,2,0,1,17,3,11,4,10,0,1,3,1,2,41,12,8,21,2,3,0,0,1,2,24,17,16,17,2,11,4,33,0,6,68,45,58.0,38.0,10.0,7.0,13.0,13.0,488,349,413.0,278.0,243,166,170,112,36.0,16.0,9.0,0.0,1.92,1.32,1.17,0.43,0.75,0.11,1.92,0.54,1.77,0.76,3,0,11,2,3,1,8,4,3,0,0.3053,0.0,0.9894,0.8601,0.2179,0.0584,0.3455,0.4056,0.0722,0.0,12,3,1,1,10,0,5,2,0,1,1.0938,0.1097,0.0844,0.3168,0.4599,0.0,0.2921,0.1093,0.0,0.7884,28,7,16.93,19.16
3561989,2021-11-07,usa,2021,MLS,,,6399,FC Dallas,6603,San Jose Earthquakes,0,1,1,40,60,7,28,1,7,4,9,2,12,1,0,3,17,4,11,0,10,3,1,2,1,12,41,21,8,3,2,0,0,2,1,17,24,17,16,11,2,33,4,6,0,45,68,38.0,58.0,7.0,10.0,13.0,13.0,349,488,278.0,413.0,166,243,112,170,16.0,36.0,0.0,9.0,1.32,1.92,0.43,1.17,0.11,0.75,0.54,1.92,0.76,1.77,0,3,2,11,1,3,4,8,0,3,0.0,0.3053,0.8601,0.9894,0.0584,0.2179,0.4056,0.3455,0.0,0.0722,3,12,1,1,0,10,2,5,1,0,0.1097,1.0938,0.3168,0.0844,0.0,0.4599,0.1093,0.2921,0.7884,0.0,7,28,19.16,16.93
3561990,2021-11-07,usa,2021,MLS,,,6604,Sporting Kansas City,6606,Real Salt Lake,1,0,1,54,46,12,15,4,3,4,10,4,2,0,0,7,7,5,8,1,0,1,3,1,2,18,22,12,12,1,2,0,0,1,1,14,8,13,14,2,4,18,19,2,4,51,50,31.0,34.0,20.0,16.0,6.0,15.0,547,468,455.0,371.0,238,201,217,170,33.0,29.0,2.0,1.0,1.14,1.69,1.14,1.44,0.0,0.25,1.14,1.69,0.66,0.99,1,2,4,4,2,1,1,5,4,3,0.0457,0.7581,0.921,0.6602,0.1053,0.0546,0.0248,0.1605,0.0635,0.0603,12,13,0,0,0,0,0,2,0,0,1.1603,1.4397,0.0,0.0,0.0,0.0,0.0,0.2541,0.0,0.0,12,15,19.11,18.7
3561990,2021-11-07,usa,2021,MLS,,,6606,Real Salt Lake,6604,Sporting Kansas City,0,1,0,46,54,15,12,3,4,10,4,2,4,0,0,7,7,8,5,0,1,3,1,2,1,22,18,12,12,2,1,0,0,1,1,8,14,14,13,4,2,19,18,4,2,50,51,34.0,31.0,16.0,20.0,15.0,6.0,468,547,371.0,455.0,201,238,170,217,29.0,33.0,1.0,2.0,1.69,1.14,1.44,1.14,0.25,0.0,1.69,1.14,0.99,0.66,2,1,4,4,1,2,5,1,3,4,0.7581,0.0457,0.6602,0.921,0.0546,0.1053,0.1605,0.0248,0.0603,0.0635,13,12,0,0,0,0,2,0,0,0,1.4397,1.1603,0.0,0.0,0.0,0.0,0.2541,0.0,0.0,0.0,15,12,18.7,19.11
3562006,2021-11-07,usa,2021,MLS,,,161195,CF Montreal,267810,Orlando City,1,0,2,55,45,7,8,3,3,,,,,,,,,,,12,4,,,,,,,,,,,,,,,,,,,,,,,,,,,,,,,,,,,,,,,,,,,,,,,,,,,,,,,1,0,8,4,1,0,0,4,2,2,0.2931,0.0,0.7017,0.3962,0.0317,0.0,0.0,0.2596,0.1032,0.0499,7,5,0,0,4,2,1,3,0,0,0.8013,0.2224,0.0,0.0,0.2423,0.1651,0.0861,0.3182,0.0,0.0,12,10,14.58,19.42
3562006,2021-11-07,usa,2021,MLS,,,267810,Orlando City,161195,CF Montreal,0,2,0,45,55,8,7,3,3,,,,,,,,,,,4,12,,,,,,,,,,,,,,,,,,,,,,,,,,,,,,,,,,,,,,,,,,,,,,,,,,,,,,,0,1,4,8,0,1,4,0,2,2,0.0,0.2931,0.3962,0.7017,0.0,0.0317,0.2596,0.0,0.0499,0.1032,5,7,0,0,2,4,3,1,0,0,0.2224,0.8013,0.0,0.0,0.1651,0.2423,0.3182,0.0861,0.0,0.0,10,12,19.42,14.58
3562007,2021-11-07,usa,2021,MLS,,,56453,Toronto FC,6602,DC United,1,1,3,68,32,14,17,4,10,7,2,3,5,0,1,9,14,5,3,4,6,0,1,0,0,17,29,9,23,1,4,0,0,3,1,13,15,6,8,5,2,11,26,6,3,50,42,41.0,29.0,9.0,13.0,5.0,6.0,524,247,443.0,165.0,238,57,205,108,21.0,24.0,4.0,4.0,1.2,2.12,0.69,0.91,0.51,0.42,1.2,1.33,0.66,2.09,1,1,7,9,1,4,5,2,0,1,0.1051,0.1601,0.6492,1.6552,0.0318,0.1704,0.4178,0.1154,0.0,0.0185,8,11,0,1,3,4,3,0,0,1,0.693,0.8544,0.0,0.0524,0.1229,0.4244,0.3878,0.0,0.0,0.7884,14,17,16.73,14.45
3562007,2021-11-07,usa,2021,MLS,,,6602,DC United,56453,Toronto FC,0,3,1,32,68,17,14,10,4,2,7,5,3,1,0,14,9,3,5,6,4,1,0,0,0,29,17,23,9,4,1,0,0,1,3,15,13,8,6,2,5,26,11,3,6,42,50,29.0,41.0,13.0,9.0,6.0,5.0,247,524,165.0,443.0,57,238,108,205,24.0,21.0,4.0,4.0,2.12,1.2,0.91,0.69,0.42,0.51,1.33,1.2,2.09,0.66,1,1,9,7,4,1,2,5,1,0,0.1601,0.1051,1.6552,0.6492,0.1704,0.0318,0.1154,0.4178,0.0185,0.0,11,8,1,0,4,3,0,3,1,0,0.8544,0.693,0.0524,0.0,0.4244,0.1229,0.0,0.3878,0.7884,0.0,17,14,14.45,16.73
3562008,2021-11-07,usa,2021,MLS,,,307691,Vancouver Whitecaps,130394,Seattle Sounders FC,1,1,1,51,49,5,10,2,5,3,3,0,2,0,0,4,8,1,2,8,3,2,2,1,1,16,24,12,8,0,3,0,0,5,1,8,18,10,12,1,1,16,19,4,0,33,46,21.0,33.0,12.0,13.0,6.0,4.0,469,449,391.0,366.0,189,177,202,189,38.0,24.0,7.0,6.0,0.94,1.71,0.64,0.67,0.29,0.25,0.94,0.92,0.88,2.13,2,1,2,6,0,1,1,1,0,1,0.6912,0.2139,0.2348,1.4293,0.0,0.0094,0.0102,0.0247,0.0,0.0293,2,6,0,0,3,1,0,2,0,1,0.6418,0.6656,0.0,0.0,0.2943,0.0094,0.0,0.2432,0.0,0.7884,5,10,11.27,13.94
3562008,2021-11-07,usa,2021,MLS,,,130394,Seattle Sounders FC,307691,Vancouver Whitecaps,0,1,1,49,51,10,5,5,2,3,3,2,0,0,0,8,4,2,1,3,8,2,2,1,1,24,16,8,12,3,0,0,0,1,5,18,8,12,10,1,1,19,16,0,4,46,33,33.0,21.0,13.0,12.0,4.0,6.0,449,469,366.0,391.0,177,189,189,202,24.0,38.0,6.0,7.0,1.71,0.94,0.67,0.64,0.25,0.29,0.92,0.94,2.13,0.88,1,2,6,2,1,0,1,1,1,0,0.2139,0.6912,1.4293,0.2348,0.0094,0.0,0.0247,0.0102,0.0293,0.0,6,2,0,0,1,3,2,0,1,0,0.6656,0.6418,0.0,0.0,0.0094,0.2943,0.2432,0.0,0.7884,0.0,10,5,13.94,11.27
3764288,2021-11-20,usa,2021,MLS,,,6604,Sporting Kansas City,307691,Vancouver Whitecaps,1,3,1,37,63,12,6,5,4,4,2,3,0,0,0,7,4,5,2,3,4,1,1,0,0,21,18,10,9,0,3,0,0,0,1,14,13,11,15,0,3,24,12,3,2,57,50,34.0,32.0,23.0,18.0,11.0,10.0,303,505,205.0,415.0,100,210,105,205,27.0,27.0,2.0,3.0,1.04,0.41,0.69,0.22,0.35,0.19,1.04,0.41,1.91,1.45,1,0,3,4,3,0,2,2,3,0,0.3528,0.0,0.3303,1.162,0.2152,0.0,0.0594,0.0339,0.0811,0.0,10,4,1,0,1,0,0,1,0,1,0.6452,0.2204,0.0407,0.0,0.3528,0.0,0.0,0.1872,0.0,0.7884,12,6,18.38,15.6
3764288,2021-11-20,usa,2021,MLS,,,307691,Vancouver Whitecaps,6604,Sporting Kansas City,0,1,3,63,37,6,12,4,5,2,4,0,3,0,0,4,7,2,5,4,3,1,1,0,0,18,21,9,10,3,0,0,0,1,0,13,14,15,11,3,0,12,24,2,3,50,57,32.0,34.0,18.0,23.0,10.0,11.0,505,303,415.0,205.0,210,100,205,105,27.0,27.0,3.0,2.0,0.41,1.04,0.22,0.69,0.19,0.35,0.41,1.04,1.45,1.91,0,1,4,3,0,3,2,2,0,3,0.0,0.3528,1.162,0.3303,0.0,0.2152,0.0339,0.0594,0.0,0.0811,4,10,0,1,0,1,1,0,1,0,0.2204,0.6452,0.0,0.0407,0.0,0.3528,0.1872,0.0,0.7884,0.0,6,12,15.6,18.38
3764290,2021-11-20,usa,2021,MLS,,,191716,Philadelphia Union,6514,New York Red Bulls,1,1,0,46,54,13,11,3,1,7,5,3,5,0,1,9,7,4,4,4,7,3,2,3,2,35,18,10,22,1,4,0,0,6,0,25,27,9,10,5,2,29,38,1,2,86,81,57.0,41.0,29.0,40.0,11.0,6.0,412,483,242.0,329.0,106,129,136,200,36.0,32.0,8.0,5.0,1.87,0.64,1.48,0.46,0.39,0.18,1.87,0.64,0.63,0.32,1,0,8,5,0,2,4,4,0,0,0.0959,0.0,1.675,0.3511,0.0,0.1395,0.0993,0.1474,0.0,0.0,9,7,0,0,2,4,2,0,0,0,1.5085,0.4608,0.0,0.0,0.2406,0.1773,0.1211,0.0,0.0,0.0,13,11,14.48,16.4
3764290,2021-11-20,usa,2021,MLS,,,6514,New York Red Bulls,191716,Philadelphia Union,0,0,1,54,46,11,13,1,3,5,7,5,3,1,0,7,9,4,4,7,4,2,3,2,3,18,35,22,10,4,1,0,0,0,6,27,25,10,9,2,5,38,29,2,1,81,86,41.0,57.0,40.0,29.0,6.0,11.0,483,412,329.0,242.0,129,106,200,136,32.0,36.0,5.0,8.0,0.64,1.87,0.46,1.48,0.18,0.39,0.64,1.87,0.32,0.63,0,1,5,8,2,0,4,4,0,0,0.0,0.0959,0.3511,1.675,0.1395,0.0,0.1474,0.0993,0.0,0.0,7,9,0,0,4,2,0,2,0,0,0.4608,1.5085,0.0,0.0,0.1773,0.2406,0.0,0.1211,0.0,0.0,11,13,16.4,14.48
3764286,2021-11-21,usa,2021,MLS,,,307690,Portland Timbers,207242,Minnesota United,1,3,1,48,52,18,10,4,6,8,2,6,2,0,0,10,9,8,1,8,5,3,3,3,2,25,18,15,21,2,6,0,0,1,0,12,20,18,8,2,6,12,23,5,1,54,55,40.0,42.0,14.0,13.0,8.0,8.0,419,466,334.0,391.0,157,190,177,201,35.0,27.0,8.0,6.0,2.48,1.7,1.82,1.19,0.67,0.51,2.48,1.7,1.48,1.13,2,1,7,7,1,1,4,1,4,0,1.417,0.6801,0.7669,0.9399,0.0279,0.0442,0.2013,0.0375,0.0713,0.0,7,4,1,0,5,2,5,4,0,0,0.8433,1.1888,0.9749,0.0,0.2185,0.1694,0.4479,0.3436,0.0,0.0,18,10,17.6,11.88
3764286,2021-11-21,usa,2021,MLS,,,207242,Minnesota United,307690,Portland Timbers,0,1,3,52,48,10,18,6,4,2,8,2,6,0,0,9,10,1,8,5,8,3,3,2,3,18,25,21,15,6,2,0,0,0,1,20,12,8,18,6,2,23,12,1,5,55,54,42.0,40.0,13.0,14.0,8.0,8.0,466,419,391.0,334.0,190,157,201,177,27.0,35.0,6.0,8.0,1.7,2.48,1.19,1.82,0.51,0.67,1.7,2.48,1.13,1.48,1,2,7,7,1,1,1,4,0,4,0.6801,1.417,0.9399,0.7669,0.0442,0.0279,0.0375,0.2013,0.0,0.0713,4,7,0,1,2,5,4,5,0,0,1.1888,0.8433,0.0,0.9749,0.1694,0.2185,0.3436,0.4479,0.0,0.0,10,18,11.88,17.6
3764289,2021-11-21,usa,2021,MLS,,,546238,New York City FC,773958,Atlanta United,1,2,0,42,58,13,9,5,4,4,3,4,2,1,0,8,3,5,6,6,7,1,0,0,0,26,24,15,10,0,1,0,1,3,1,26,10,20,9,2,4,17,15,4,3,49,68,40.0,56.0,9.0,12.0,4.0,31.0,366,495,278.0,407.0,102,243,176,164,23.0,26.0,4.0,5.0,1.36,0.41,0.42,0.34,0.94,0.07,1.36,0.41,1.61,0.63,1,0,4,3,3,0,4,6,1,0,0.8472,0.0,0.2945,0.2534,0.0931,0.0,0.1037,0.1598,0.0471,0.0,9,6,0,0,3,1,1,2,0,0,0.4203,0.3423,0.0,0.0,0.9366,0.0217,0.0286,0.0493,0.0,0.0,13,9,18.09,21.48
3764289,2021-11-21,usa,2021,MLS,,,773958,Atlanta United,546238,New York City FC,0,0,2,58,42,9,13,4,5,3,4,2,4,0,1,3,8,6,5,7,6,0,1,0,0,24,26,10,15,1,0,1,0,1,3,10,26,9,20,4,2,15,17,3,4,68,49,56.0,40.0,12.0,9.0,31.0,4.0,495,366,407.0,278.0,243,102,164,176,26.0,23.0,5.0,4.0,0.41,1.36,0.34,0.42,0.07,0.94,0.41,1.36,0.63,1.61,0,1,3,4,0,3,6,4,0,1,0.0,0.8472,0.2534,0.2945,0.0,0.0931,0.1598,0.1037,0.0,0.0471,6,9,0,0,1,3,2,1,0,0,0.3423,0.4203,0.0,0.0,0.0217,0.9366,0.0493,0.0286,0.0,0.0,9,13,21.48,18.09
3764285,2021-11-24,usa,2021,MLS,,,915807,Nashville SC,267810,Orlando City,1,3,1,46,54,9,9,6,2,1,4,2,3,0,0,3,5,6,4,0,5,1,0,0,0,8,36,16,15,1,2,0,0,2,2,14,8,12,8,3,1,30,12,1,3,55,45,34.0,28.0,21.0,17.0,6.0,5.0,373,441,296.0,358.0,175,179,121,179,34.0,25.0,1.0,4.0,0.57,0.56,0.51,0.22,0.06,0.34,0.57,0.56,1.99,0.47,0,1,2,4,1,0,3,3,3,1,0.0,0.1592,0.2702,0.3021,0.078,0.0,0.1024,0.0605,0.1149,0.0361,8,5,0,0,0,3,1,1,0,0,0.5085,0.2209,0.0,0.0,0.0,0.2146,0.057,0.1224,0.0,0.0,9,9,23.04,16.64
3764285,2021-11-24,usa,2021,MLS,,,267810,Orlando City,915807,Nashville SC,0,1,3,54,46,9,9,2,6,4,1,3,2,0,0,5,3,4,6,5,0,0,1,0,0,36,8,15,16,2,1,0,0,2,2,8,14,8,12,1,3,12,30,3,1,45,55,28.0,34.0,17.0,21.0,5.0,6.0,441,373,358.0,296.0,179,175,179,121,25.0,34.0,4.0,1.0,0.56,0.57,0.22,0.51,0.34,0.06,0.56,0.57,0.47,1.99,1,0,4,2,0,1,3,3,1,3,0.1592,0.0,0.3021,0.2702,0.0,0.078,0.0605,0.1024,0.0361,0.1149,5,8,0,0,3,0,1,1,0,0,0.2209,0.5085,0.0,0.0,0.2146,0.0,0.1224,0.057,0.0,0.0,9,9,16.64,23.04
3764287,2021-11-24,usa,2021,MLS,,,130394,Seattle Sounders FC,6606,Real Salt Lake,1,0,0,62,38,21,0,3,0,8,0,10,0,1,0,13,0,8,0,15,1,0,0,0,0,42,7,11,18,2,3,0,0,3,0,17,28,7,22,0,9,17,53,0,3,95,76,53.0,48.0,42.0,28.0,20.0,9.0,711,459,548.0,315.0,305,166,243,149,37.0,41.0,11.0,1.0,1.34,0.0,0.8,0.0,0.55,0.0,1.34,0.0,0.14,0.0,0,0,16,6,3,0,3,0,5,0,0.0,0.0,5.821,4.7304,0.0889,0.0,0.0721,0.0,0.0928,0.0,12,0,1,0,3,0,5,0,6,6,0.4975,0.0,0.2992,0.0,0.1554,0.0,0.3922,0.0,4.7304,4.7304,27,6,16.62,11.0
3764287,2021-11-24,usa,2021,MLS,,,6606,Real Salt Lake,130394,Seattle Sounders FC,0,0,0,38,62,0,21,0,3,0,8,0,10,0,1,0,13,0,8,1,15,0,0,0,0,7,42,18,11,3,2,0,0,0,3,28,17,22,7,9,0,53,17,3,0,76,95,48.0,53.0,28.0,42.0,9.0,20.0,459,711,315.0,548.0,166,305,149,243,41.0,37.0,1.0,11.0,0.0,1.34,0.0,0.8,0.0,0.55,0.0,1.34,0.0,0.14,0,0,6,16,0,3,0,3,0,5,0.0,0.0,4.7304,5.821,0.0,0.0889,0.0,0.0721,0.0,0.0928,0,12,0,1,0,3,0,5,6,6,0.0,0.4975,0.0,0.2992,0.0,0.1554,0.0,0.3922,4.7304,4.7304,6,27,11.0,16.62
3764291,2021-11-25,usa,2021,MLS,,,8314,Colorado Rapids,307690,Portland Timbers,1,0,1,55,45,10,12,3,4,4,6,3,2,0,0,7,7,3,5,6,5,2,3,2,2,21,14,8,10,0,1,0,1,3,0,9,10,17,11,3,3,16,21,2,3,51,32,26.0,23.0,25.0,9.0,8.0,5.0,440,369,374.0,293.0,141,157,233,136,35.0,25.0,7.0,2.0,0.83,1.34,0.61,0.53,0.22,0.81,0.83,1.34,0.53,1.03,1,4,5,1,1,2,1,2,2,3,0.3878,1.1702,0.3146,0.0125,0.0723,0.0586,0.0123,0.0472,0.0401,0.0497,6,5,0,1,3,6,1,0,0,0,0.6111,0.1158,0.0,0.4094,0.1571,0.8131,0.0588,0.0,0.0,0.0,10,12,15.38,17.31
3764291,2021-11-25,usa,2021,MLS,,,307690,Portland Timbers,8314,Colorado Rapids,0,1,0,45,55,12,10,4,3,6,4,2,3,0,0,7,7,5,3,5,6,3,2,2,2,14,21,10,8,1,0,1,0,0,3,10,9,11,17,3,3,21,16,3,2,32,51,23.0,26.0,9.0,25.0,5.0,8.0,369,440,293.0,374.0,157,141,136,233,25.0,35.0,2.0,7.0,1.34,0.83,0.53,0.61,0.81,0.22,1.34,0.83,1.03,0.53,4,1,1,5,2,1,2,1,3,2,1.1702,0.3878,0.0125,0.3146,0.0586,0.0723,0.0472,0.0123,0.0497,0.0401,5,6,1,0,6,3,0,1,0,0,0.1158,0.6111,0.4094,0.0,0.8131,0.1571,0.0,0.0588,0.0,0.0,12,10,17.31,15.38
3764292,2021-11-28,usa,2021,MLS,,,6604,Sporting Kansas City,6606,Real Salt Lake,1,1,2,44,56,5,11,2,5,1,5,2,1,0,0,3,8,2,3,4,5,1,2,0,1,18,16,18,14,0,1,0,0,0,0,17,18,14,9,1,2,21,23,3,1,63,60,37.0,38.0,26.0,22.0,6.0,4.0,373,464,281.0,367.0,189,219,92,148,19.0,35.0,1.0,4.0,0.3,1.07,0.15,0.71,0.16,0.36,0.3,1.07,1.01,1.58,0,1,3,6,0,1,1,2,1,1,0.0,0.0415,0.999,0.6835,0.0,0.016,0.0529,0.0356,0.0413,0.0154,2,7,0,0,1,2,1,2,1,0,0.1467,0.6415,0.0,0.0,0.1168,0.0921,0.0413,0.0584,0.7884,0.0,5,11,17.01,16.64
3764292,2021-11-28,usa,2021,MLS,,,6606,Real Salt Lake,6604,Sporting Kansas City,0,2,1,56,44,11,5,5,2,5,1,1,2,0,0,8,3,3,2,5,4,2,1,1,0,16,18,14,18,1,0,0,0,0,0,18,17,9,14,2,1,23,21,1,3,60,63,38.0,37.0,22.0,26.0,4.0,6.0,464,373,367.0,281.0,219,189,148,92,35.0,19.0,4.0,1.0,1.07,0.3,0.71,0.15,0.36,0.16,1.07,0.3,1.58,1.01,1,0,6,3,1,0,2,1,1,1,0.0415,0.0,0.6835,0.999,0.016,0.0,0.0356,0.0529,0.0154,0.0413,7,2,0,0,2,1,2,1,0,1,0.6415,0.1467,0.0,0.0,0.0921,0.1168,0.0584,0.0413,0.0,0.7884,11,5,16.64,17.01
3764294,2021-11-28,usa,2021,MLS,,,191716,Philadelphia Union,915807,Nashville SC,1,1,1,50,50,24,14,2,3,12,6,10,5,0,1,13,10,11,4,11,8,1,1,1,0,38,17,16,24,0,1,0,0,1,1,17,14,12,7,5,9,15,36,2,1,69,73,42.0,45.0,27.0,28.0,5.0,15.0,523,524,397.0,402.0,200,195,197,207,31.0,30.0,6.0,6.0,2.32,0.95,1.07,0.8,1.25,0.15,2.32,0.95,0.38,0.88,3,0,11,12,2,2,8,4,3,0,0.7358,0.0,3.4902,3.8505,0.0554,0.0906,0.2893,0.1619,0.1137,0.0,9,10,1,0,10,4,4,0,3,4,1.0125,0.7957,0.0605,0.0,1.0457,0.1537,0.2006,0.0,2.3652,3.1536,27,18,17.27,14.16
3764294,2021-11-28,usa,2021,MLS,,,915807,Nashville SC,191716,Philadelphia Union,0,1,1,50,50,14,24,3,2,6,12,5,10,1,0,10,13,4,11,8,11,1,1,0,1,17,38,24,16,1,0,0,0,1,1,14,17,7,12,9,5,36,15,1,2,73,69,45.0,42.0,28.0,27.0,15.0,5.0,524,523,402.0,397.0,195,200,207,197,30.0,31.0,6.0,6.0,0.95,2.32,0.8,1.07,0.15,1.25,0.95,2.32,0.88,0.38,0,3,12,11,2,2,4,8,0,3,0.0,0.7358,3.8505,3.4902,0.0906,0.0554,0.1619,0.2893,0.0,0.1137,10,9,0,1,4,10,0,4,4,3,0.7957,1.0125,0.0,0.0605,0.1537,1.0457,0.0,0.2006,3.1536,2.3652,18,27,14.16,17.27
3764293,2021-12-01,usa,2021,MLS,,,6580,New England Revolution,546238,New York City FC,1,2,2,43,57,15,16,4,4,8,9,3,3,0,1,12,9,3,7,4,4,1,1,0,1,28,26,22,19,2,2,0,1,0,2,18,24,10,8,3,3,18,31,2,2,60,71,41.0,60.0,19.0,11.0,4.0,14.0,428,606,324.0,483.0,141,255,183,228,52.0,45.0,10.0,7.0,0.99,1.11,0.78,0.97,0.21,0.13,0.99,1.11,0.64,0.77,2,1,11,11,3,2,2,6,1,1,0.2692,0.0414,3.7111,4.6255,0.0766,0.1498,0.0693,0.214,0.014,0.0182,11,13,0,0,2,3,2,0,4,5,0.7769,0.9729,0.0,0.0,0.1193,0.134,0.0905,0.0,3.1536,3.942,19,21,13.94,14.8
3764293,2021-12-01,usa,2021,MLS,,,546238,New York City FC,6580,New England Revolution,0,2,2,57,43,16,15,4,4,9,8,3,3,1,0,9,12,7,3,4,4,1,1,1,0,26,28,19,22,2,2,1,0,2,0,24,18,8,10,3,3,31,18,2,2,71,60,60.0,41.0,11.0,19.0,14.0,4.0,606,428,483.0,324.0,255,141,228,183,45.0,52.0,7.0,10.0,1.11,0.99,0.97,0.78,0.13,0.21,1.11,0.99,0.77,0.64,1,2,11,11,2,3,6,2,1,1,0.0414,0.2692,4.6255,3.7111,0.1498,0.0766,0.214,0.0693,0.0182,0.014,13,11,0,0,3,2,0,2,5,4,0.9729,0.7769,0.0,0.0,0.134,0.1193,0.0,0.0905,3.942,3.1536,21,19,14.8,13.94
3764295,2021-12-04,usa,2021,MLS,,,307690,Portland Timbers,6606,Real Salt Lake,1,2,0,51,49,14,7,7,3,6,4,1,0,0,0,11,4,3,3,7,3,1,0,1,0,24,12,11,17,1,1,0,1,0,2,17,13,10,13,0,2,18,19,3,4,54,57,41.0,34.0,13.0,23.0,7.0,10.0,432,405,344.0,322.0,196,170,148,152,34.0,40.0,4.0,5.0,1.19,0.44,0.6,0.22,0.59,0.23,1.19,0.44,1.28,0.43,1,0,7,4,3,0,2,2,1,1,0.4295,0.0,0.594,0.3867,0.0929,0.0,0.0603,0.0418,0.026,0.0165,8,4,0,0,1,2,5,1,0,0,0.6143,0.2185,0.0,0.0,0.008,0.1436,0.5805,0.0829,0.0,0.0,14,7,16.32,17.36
3764295,2021-12-04,usa,2021,MLS,,,6606,Real Salt Lake,307690,Portland Timbers,0,0,2,49,51,7,14,3,7,4,6,0,1,0,0,4,11,3,3,3,7,0,1,0,1,12,24,17,11,1,1,1,0,2,0,13,17,13,10,2,0,19,18,4,3,57,54,34.0,41.0,23.0,13.0,10.0,7.0,405,432,322.0,344.0,170,196,152,148,40.0,34.0,5.0,4.0,0.44,1.19,0.22,0.6,0.23,0.59,0.44,1.19,0.43,1.28,0,1,4,7,0,3,2,2,1,1,0.0,0.4295,0.3867,0.594,0.0,0.0929,0.0418,0.0603,0.0165,0.026,4,8,0,0,2,1,1,5,0,0,0.2185,0.6143,0.0,0.0,0.1436,0.008,0.0829,0.5805,0.0,0.0,7,14,17.36,16.32
3764296,2021-12-05,usa,2021,MLS,,,191716,Philadelphia Union,546238,New York City FC,1,1,2,35,65,8,11,3,5,4,5,1,1,0,0,4,9,4,2,3,2,1,2,1,0,10,16,11,16,2,1,0,0,4,2,21,13,10,7,1,1,12,15,3,3,65,50,44.0,31.0,21.0,19.0,7.0,7.0,303,575,209.0,468.0,92,230,117,238,24.0,32.0,1.0,4.0,0.39,1.3,0.27,1.11,0.12,0.18,0.39,1.3,0.34,1.73,0,1,2,6,2,2,3,1,1,1,0.0,0.3883,0.2439,0.8192,0.0686,0.0661,0.05,0.0136,0.026,0.0162,5,8,0,0,2,1,1,2,0,0,0.2724,1.1196,0.0,0.0,0.0902,0.0104,0.026,0.1734,0.0,0.0,8,11,20.72,14.0
3764296,2021-12-05,usa,2021,MLS,,,546238,New York City FC,191716,Philadelphia Union,0,2,1,65,35,11,8,5,3,5,4,1,1,0,0,9,4,2,4,2,3,2,1,0,1,16,10,16,11,1,2,0,0,2,4,13,21,7,10,1,1,15,12,3,3,50,65,31.0,44.0,19.0,21.0,7.0,7.0,575,303,468.0,209.0,230,92,238,117,32.0,24.0,4.0,1.0,1.3,0.39,1.11,0.27,0.18,0.12,1.3,0.39,1.73,0.34,1,0,6,2,2,2,1,3,1,1,0.3883,0.0,0.8192,0.2439,0.0661,0.0686,0.0136,0.05,0.0162,0.026,8,5,0,0,1,2,2,1,0,0,1.1196,0.2724,0.0,0.0,0.0104,0.0902,0.1734,0.026,0.0,0.0,11,8,14.0,20.72
3764297,2021-12-11,usa,2021,MLS,,,307690,Portland Timbers,546238,New York City FC,1,1,1,48,52,19,13,5,7,6,4,8,2,0,1,11,6,8,7,6,4,1,1,0,0,39,19,16,18,2,3,0,0,3,1,21,24,19,12,2,7,22,53,6,4,78,63,52.0,45.0,26.0,18.0,14.0,6.0,617,692,472.0,547.0,241,249,231,298,36.0,32.0,9.0,7.0,1.29,0.73,1.13,0.38,0.17,0.35,1.29,0.73,1.52,2.43,1,0,11,10,3,1,5,4,3,3,0.1188,0.0,3.8694,4.473,0.2017,0.0155,0.2092,0.1357,0.0488,0.0487,14,8,1,1,3,2,1,2,4,5,0.9803,0.2805,0.1471,0.0986,0.0482,0.0309,0.1188,0.321,3.1536,3.942,23,18,16.9,17.15
3764297,2021-12-11,usa,2021,MLS,,,546238,New York City FC,307690,Portland Timbers,0,1,1,52,48,13,19,7,5,4,6,2,8,1,0,6,11,7,8,4,6,1,1,0,0,19,39,18,16,3,2,0,0,1,3,24,21,12,19,7,2,53,22,4,6,63,78,45.0,52.0,18.0,26.0,6.0,14.0,692,617,547.0,472.0,249,241,298,231,32.0,36.0,7.0,9.0,0.73,1.29,0.38,1.13,0.35,0.17,0.73,1.29,2.43,1.52,0,1,10,11,1,3,4,5,3,3,0.0,0.1188,4.473,3.8694,0.0155,0.2017,0.1357,0.2092,0.0487,0.0488,8,14,1,1,2,3,2,1,5,4,0.2805,0.9803,0.0986,0.1471,0.0309,0.0482,0.321,0.1188,3.942,3.1536,18,23,17.15,16.9
